2026-09-30 21:01:10,589 8m_128mtoken: parameters=8530176, target steps=62500, processed tokens=128000000, resume step=0
2026-09-30 21:01:10,698 step=1 train=9.21034 val=None lr=2.4e-07
2026-09-30 21:01:11,185 step=10 train=9.21034 val=None lr=2.4e-06
2026-09-30 21:01:11,742 step=20 train=9.21034 val=None lr=4.8e-06
2026-09-30 21:01:12,381 step=30 train=9.21033 val=None lr=7.2e-06
2026-09-30 21:01:13,002 step=40 train=9.21033 val=None lr=9.6e-06
2026-09-30 21:01:13,569 step=50 train=9.21032 val=None lr=1.2e-05
2026-09-30 21:01:14,145 step=60 train=9.21031 val=None lr=1.44e-05
2026-09-30 21:01:14,718 step=70 train=9.21029 val=None lr=1.68e-05
2026-09-30 21:01:15,381 step=80 train=9.21026 val=None lr=1.92e-05
2026-09-30 21:01:15,972 step=90 train=9.21024 val=None lr=2.16e-05
2026-09-30 21:01:16,941 step=100 train=9.21019 val=9.210188102722167 lr=2.4e-05
2026-09-30 21:01:17,536 step=110 train=9.21013 val=None lr=2.64e-05
2026-09-30 21:01:18,090 step=120 train=9.21007 val=None lr=2.88e-05
2026-09-30 21:01:18,714 step=130 train=9.20999 val=None lr=3.12e-05
2026-09-30 21:01:19,339 step=140 train=9.20990 val=None lr=3.36e-05
2026-09-30 21:01:19,914 step=150 train=9.20975 val=None lr=3.6e-05
2026-09-30 21:01:20,507 step=160 train=9.20965 val=None lr=3.84e-05
2026-09-30 21:01:21,099 step=170 train=9.20954 val=None lr=4.08e-05
2026-09-30 21:01:21,637 step=180 train=9.20920 val=None lr=4.32e-05
2026-09-30 21:01:22,330 step=190 train=9.20903 val=None lr=4.56e-05
2026-09-30 21:01:23,168 step=200 train=9.20863 val=9.208619022369385 lr=4.8e-05
2026-09-30 21:01:23,984 step=210 train=9.20826 val=None lr=5.04e-05
2026-09-30 21:01:24,580 step=220 train=9.20782 val=None lr=5.28e-05
2026-09-30 21:01:25,201 step=230 train=9.20757 val=None lr=5.52e-05
2026-09-30 21:01:25,698 step=240 train=9.20694 val=None lr=5.76e-05
2026-09-30 21:01:26,325 step=250 train=9.20667 val=None lr=6e-05
2026-09-30 21:01:26,785 step=260 train=9.20568 val=None lr=6.24e-05
2026-09-30 21:01:27,522 step=270 train=9.20518 val=None lr=6.48e-05
2026-09-30 21:01:27,998 step=280 train=9.20466 val=None lr=6.72e-05
2026-09-30 21:01:28,504 step=290 train=9.20310 val=None lr=6.96e-05
2026-09-30 21:01:29,621 step=300 train=9.20131 val=9.20174527168274 lr=7.2e-05
2026-09-30 21:01:30,236 step=310 train=9.20040 val=None lr=7.44e-05
2026-09-30 21:01:30,743 step=320 train=9.19908 val=None lr=7.68e-05
2026-09-30 21:01:31,537 step=330 train=9.19809 val=None lr=7.92e-05
2026-09-30 21:01:32,204 step=340 train=9.19623 val=None lr=8.16e-05
2026-09-30 21:01:32,772 step=350 train=9.19303 val=None lr=8.4e-05
2026-09-30 21:01:33,302 step=360 train=9.19016 val=None lr=8.64e-05
2026-09-30 21:01:33,880 step=370 train=9.18780 val=None lr=8.88e-05
2026-09-30 21:01:34,445 step=380 train=9.18582 val=None lr=9.12e-05
2026-09-30 21:01:34,994 step=390 train=9.17851 val=None lr=9.36e-05
2026-09-30 21:01:35,976 step=400 train=9.17064 val=9.172863292694093 lr=9.6e-05
2026-09-30 21:01:36,513 step=410 train=9.16767 val=None lr=9.84e-05
2026-09-30 21:01:34,881 step=420 train=9.16010 val=None lr=0.0001008
2026-09-30 21:01:35,407 step=430 train=9.14557 val=None lr=0.0001032
2026-09-30 21:01:35,965 step=440 train=9.12916 val=None lr=0.0001056
2026-09-30 21:01:36,564 step=450 train=9.11426 val=None lr=0.000108
2026-09-30 21:01:37,214 step=460 train=9.09480 val=None lr=0.0001104
2026-09-30 21:01:37,779 step=470 train=9.06969 val=None lr=0.0001128
2026-09-30 21:01:38,288 step=480 train=9.04571 val=None lr=0.0001152
2026-09-30 21:01:38,875 step=490 train=9.02424 val=None lr=0.0001176
2026-09-30 21:01:39,771 step=500 train=8.99078 val=8.990972709655761 lr=0.00012
2026-09-30 21:01:40,697 step=510 train=8.97345 val=None lr=0.0001224
2026-09-30 21:01:41,344 step=520 train=8.93350 val=None lr=0.0001248
2026-09-30 21:01:41,849 step=530 train=8.91294 val=None lr=0.0001272
2026-09-30 21:01:42,464 step=540 train=8.87496 val=None lr=0.0001296
2026-09-30 21:01:43,077 step=550 train=8.85955 val=None lr=0.000132
2026-09-30 21:01:43,749 step=560 train=8.81612 val=None lr=0.0001344
2026-09-30 21:01:44,354 step=570 train=8.78587 val=None lr=0.0001368
2026-09-30 21:01:44,984 step=580 train=8.76225 val=None lr=0.0001392
2026-09-30 21:01:45,602 step=590 train=8.72189 val=None lr=0.0001416
2026-09-30 21:01:46,629 step=600 train=8.67208 val=8.666583585739136 lr=0.000144
2026-09-30 21:01:47,176 step=610 train=8.63553 val=None lr=0.0001464
2026-09-30 21:01:47,787 step=620 train=8.57803 val=None lr=0.0001488
2026-09-30 21:01:48,295 step=630 train=8.54574 val=None lr=0.0001512
2026-09-30 21:01:48,939 step=640 train=8.49417 val=None lr=0.0001536
2026-09-30 21:01:49,426 step=650 train=8.46505 val=None lr=0.000156
2026-09-30 21:01:49,907 step=660 train=8.40805 val=None lr=0.0001584
2026-09-30 21:01:50,471 step=670 train=8.35135 val=None lr=0.0001608
2026-09-30 21:01:51,009 step=680 train=8.29209 val=None lr=0.0001632
2026-09-30 21:01:51,554 step=690 train=8.24885 val=None lr=0.0001656
2026-09-30 21:01:52,443 step=700 train=8.14974 val=8.155812883377076 lr=0.000168
2026-09-30 21:01:53,047 step=710 train=8.09023 val=None lr=0.0001704
2026-09-30 21:01:53,666 step=720 train=8.04285 val=None lr=0.0001728
2026-09-30 21:01:54,302 step=730 train=7.98386 val=None lr=0.0001752
2026-09-30 21:01:54,920 step=740 train=7.88227 val=None lr=0.0001776
2026-09-30 21:01:55,465 step=750 train=7.87320 val=None lr=0.00018
2026-09-30 21:01:56,041 step=760 train=7.77875 val=None lr=0.0001824
2026-09-30 21:01:56,673 step=770 train=7.68884 val=None lr=0.0001848
2026-09-30 21:01:57,237 step=780 train=7.64467 val=None lr=0.0001872
2026-09-30 21:01:57,859 step=790 train=7.57520 val=None lr=0.0001896
2026-09-30 21:01:58,805 step=800 train=7.51092 val=7.459747171401977 lr=0.000192
2026-09-30 21:01:59,478 step=810 train=7.41518 val=None lr=0.0001944
2026-09-30 21:02:00,031 step=820 train=7.34861 val=None lr=0.0001968
2026-09-30 21:02:00,595 step=830 train=7.21855 val=None lr=0.0001992
2026-09-30 21:02:01,296 step=840 train=7.21201 val=None lr=0.0002016
2026-09-30 21:02:01,877 step=850 train=7.08782 val=None lr=0.000204
2026-09-30 21:02:02,414 step=860 train=7.03503 val=None lr=0.0002064
2026-09-30 21:02:02,965 step=870 train=6.94605 val=None lr=0.0002088
2026-09-30 21:02:03,499 step=880 train=6.81797 val=None lr=0.0002112
2026-09-30 21:02:04,053 step=890 train=6.80089 val=None lr=0.0002136
2026-09-30 21:02:05,115 step=900 train=6.73994 val=6.671005916595459 lr=0.000216
2026-09-30 21:02:05,749 step=910 train=6.58714 val=None lr=0.0002184
2026-09-30 21:02:06,296 step=920 train=6.57151 val=None lr=0.0002208
2026-09-30 21:02:06,950 step=930 train=6.48360 val=None lr=0.0002232
2026-09-30 21:02:05,319 step=940 train=6.35477 val=None lr=0.0002256
2026-09-30 21:02:05,882 step=950 train=6.27701 val=None lr=0.000228
2026-09-30 21:02:06,487 step=960 train=6.25860 val=None lr=0.0002304
2026-09-30 21:02:07,189 step=970 train=6.34130 val=None lr=0.0002328
2026-09-30 21:02:07,727 step=980 train=6.22352 val=None lr=0.0002352
2026-09-30 21:02:08,359 step=990 train=6.07390 val=None lr=0.0002376
2026-09-30 21:02:09,398 step=1000 train=5.99976 val=6.052586054801941 lr=0.00024
2026-09-30 21:02:10,232 step=1010 train=6.08066 val=None lr=0.0002424
2026-09-30 21:02:10,829 step=1020 train=6.10567 val=None lr=0.0002448
2026-09-30 21:02:11,338 step=1030 train=5.89749 val=None lr=0.0002472
2026-09-30 21:02:11,966 step=1040 train=5.84214 val=None lr=0.0002496
2026-09-30 21:02:12,553 step=1050 train=5.84339 val=None lr=0.000252
2026-09-30 21:02:13,212 step=1060 train=5.67971 val=None lr=0.0002544
2026-09-30 21:02:13,715 step=1070 train=5.68797 val=None lr=0.0002568
2026-09-30 21:02:14,231 step=1080 train=5.68226 val=None lr=0.0002592
2026-09-30 21:02:14,672 step=1090 train=5.86954 val=None lr=0.0002616
2026-09-30 21:02:15,520 step=1100 train=5.66381 val=5.718886756896973 lr=0.000264
2026-09-30 21:02:16,109 step=1110 train=5.86794 val=None lr=0.0002664
2026-09-30 21:02:16,646 step=1120 train=5.66379 val=None lr=0.0002688
2026-09-30 21:02:17,146 step=1130 train=5.61570 val=None lr=0.0002712
2026-09-30 21:02:17,669 step=1140 train=5.58221 val=None lr=0.0002736
2026-09-30 21:02:18,242 step=1150 train=5.54605 val=None lr=0.000276
2026-09-30 21:02:18,862 step=1160 train=5.65209 val=None lr=0.0002784
2026-09-30 21:02:19,316 step=1170 train=5.53029 val=None lr=0.0002808
2026-09-30 21:02:20,011 step=1180 train=5.53049 val=None lr=0.0002832
2026-09-30 21:02:20,494 step=1190 train=5.38727 val=None lr=0.0002856
2026-09-30 21:02:21,593 step=1200 train=5.54836 val=5.4000812530517575 lr=0.000288
2026-09-30 21:02:22,277 step=1210 train=5.58061 val=None lr=0.0002904
2026-09-30 21:02:22,742 step=1220 train=5.51796 val=None lr=0.0002928
2026-09-30 21:02:23,358 step=1230 train=5.46404 val=None lr=0.0002952
2026-09-30 21:02:24,054 step=1240 train=5.28460 val=None lr=0.0002976
2026-09-30 21:02:24,587 step=1250 train=5.23990 val=None lr=0.0003
2026-09-30 21:02:25,225 step=1260 train=5.07265 val=None lr=0.0003
2026-09-30 21:02:25,817 step=1270 train=5.11967 val=None lr=0.0003
2026-09-30 21:02:26,410 step=1280 train=5.14067 val=None lr=0.0003
2026-09-30 21:02:26,952 step=1290 train=5.08566 val=None lr=0.0003
2026-09-30 21:02:27,880 step=1300 train=5.09360 val=5.076085162162781 lr=0.0003
2026-09-30 21:02:28,574 step=1310 train=5.03837 val=None lr=0.000299999
2026-09-30 21:02:29,236 step=1320 train=5.19565 val=None lr=0.000299999
2026-09-30 21:02:29,742 step=1330 train=5.06359 val=None lr=0.000299999
2026-09-30 21:02:30,359 step=1340 train=4.95450 val=None lr=0.000299999
2026-09-30 21:02:31,108 step=1350 train=4.75392 val=None lr=0.000299998
2026-09-30 21:02:31,719 step=1360 train=4.87589 val=None lr=0.000299998
2026-09-30 21:02:32,469 step=1370 train=4.86579 val=None lr=0.000299997
2026-09-30 21:02:33,053 step=1380 train=4.85955 val=None lr=0.000299997
2026-09-30 21:02:33,621 step=1390 train=4.78515 val=None lr=0.000299997
2026-09-30 21:02:34,557 step=1400 train=4.80643 val=4.7653357028961185 lr=0.000299996
2026-09-30 21:02:35,107 step=1410 train=4.77402 val=None lr=0.000299995
2026-09-30 21:02:35,710 step=1420 train=4.61944 val=None lr=0.000299995
2026-09-30 21:02:36,262 step=1430 train=4.67574 val=None lr=0.000299994
2026-09-30 21:02:36,811 step=1440 train=4.65213 val=None lr=0.000299994
2026-09-30 21:02:37,347 step=1450 train=4.71805 val=None lr=0.000299993
2026-09-30 21:02:35,578 step=1460 train=4.58452 val=None lr=0.000299992
2026-09-30 21:02:36,186 step=1470 train=4.51402 val=None lr=0.000299991
2026-09-30 21:02:36,795 step=1480 train=4.54238 val=None lr=0.000299991
2026-09-30 21:02:37,326 step=1490 train=4.51713 val=None lr=0.00029999
2026-09-30 21:02:38,282 step=1500 train=4.63595 val=4.504153728485107 lr=0.000299989
2026-09-30 21:02:39,110 step=1510 train=4.59975 val=None lr=0.000299988
2026-09-30 21:02:39,663 step=1520 train=4.47270 val=None lr=0.000299987
2026-09-30 21:02:40,154 step=1530 train=4.53200 val=None lr=0.000299986
2026-09-30 21:02:40,650 step=1540 train=4.49035 val=None lr=0.000299985
2026-09-30 21:02:41,205 step=1550 train=4.24299 val=None lr=0.000299984
2026-09-30 21:02:41,781 step=1560 train=4.17742 val=None lr=0.000299983
2026-09-30 21:02:42,344 step=1570 train=4.83784 val=None lr=0.000299982
2026-09-30 21:02:42,917 step=1580 train=4.25188 val=None lr=0.000299981
2026-09-30 21:02:43,453 step=1590 train=4.49561 val=None lr=0.000299979
2026-09-30 21:02:44,327 step=1600 train=4.25691 val=4.321180081367492 lr=0.000299978
2026-09-30 21:02:44,877 step=1610 train=4.38824 val=None lr=0.000299977
2026-09-30 21:02:45,440 step=1620 train=4.22640 val=None lr=0.000299976
2026-09-30 21:02:46,099 step=1630 train=3.99799 val=None lr=0.000299974
2026-09-30 21:02:46,774 step=1640 train=3.99682 val=None lr=0.000299973
2026-09-30 21:02:47,295 step=1650 train=4.49818 val=None lr=0.000299972
2026-09-30 21:02:47,938 step=1660 train=4.21513 val=None lr=0.00029997
2026-09-30 21:02:48,641 step=1670 train=4.32883 val=None lr=0.000299969
2026-09-30 21:02:49,329 step=1680 train=4.36114 val=None lr=0.000299967
2026-09-30 21:02:49,838 step=1690 train=4.37862 val=None lr=0.000299966
2026-09-30 21:02:50,742 step=1700 train=4.36104 val=4.1947285532951355 lr=0.000299964
2026-09-30 21:02:51,352 step=1710 train=4.23234 val=None lr=0.000299962
2026-09-30 21:02:52,018 step=1720 train=4.00351 val=None lr=0.000299961
2026-09-30 21:02:52,540 step=1730 train=4.25463 val=None lr=0.000299959
2026-09-30 21:02:53,080 step=1740 train=4.14908 val=None lr=0.000299957
2026-09-30 21:02:53,644 step=1750 train=4.37332 val=None lr=0.000299956
2026-09-30 21:02:54,247 step=1760 train=4.29809 val=None lr=0.000299954
2026-09-30 21:02:54,803 step=1770 train=4.16776 val=None lr=0.000299952
2026-09-30 21:02:55,368 step=1780 train=4.39601 val=None lr=0.00029995
2026-09-30 21:02:55,927 step=1790 train=4.23685 val=None lr=0.000299948
2026-09-30 21:02:56,878 step=1800 train=4.30842 val=4.111199486255646 lr=0.000299946
2026-09-30 21:02:57,472 step=1810 train=4.30800 val=None lr=0.000299944
2026-09-30 21:02:58,061 step=1820 train=4.38931 val=None lr=0.000299942
2026-09-30 21:02:58,669 step=1830 train=3.87343 val=None lr=0.00029994
2026-09-30 21:02:59,174 step=1840 train=4.07165 val=None lr=0.000299938
2026-09-30 21:02:59,838 step=1850 train=3.95661 val=None lr=0.000299936
2026-09-30 21:03:00,397 step=1860 train=4.11691 val=None lr=0.000299934
2026-09-30 21:03:00,919 step=1870 train=3.83572 val=None lr=0.000299932
2026-09-30 21:03:01,584 step=1880 train=4.13694 val=None lr=0.00029993
2026-09-30 21:03:02,122 step=1890 train=4.44629 val=None lr=0.000299927
2026-09-30 21:03:03,062 step=1900 train=3.86525 val=4.046137022972107 lr=0.000299925
2026-09-30 21:03:03,759 step=1910 train=4.19024 val=None lr=0.000299923
2026-09-30 21:03:04,284 step=1920 train=3.94752 val=None lr=0.00029992
2026-09-30 21:03:04,959 step=1930 train=4.12931 val=None lr=0.000299918
2026-09-30 21:03:05,516 step=1940 train=4.15365 val=None lr=0.000299915
2026-09-30 21:03:06,118 step=1950 train=3.98627 val=None lr=0.000299913
2026-09-30 21:03:06,684 step=1960 train=4.19005 val=None lr=0.00029991
2026-09-30 21:03:07,454 step=1970 train=4.10670 val=None lr=0.000299908
2026-09-30 21:03:05,986 step=1980 train=4.10510 val=None lr=0.000299905
2026-09-30 21:03:06,682 step=1990 train=3.73410 val=None lr=0.000299903
2026-09-30 21:03:07,634 step=2000 train=4.14453 val=3.9984036922454833 lr=0.0002999
2026-09-30 21:03:08,614 step=2010 train=4.07928 val=None lr=0.000299897
2026-09-30 21:03:09,192 step=2020 train=3.97593 val=None lr=0.000299895
2026-09-30 21:03:09,705 step=2030 train=3.88720 val=None lr=0.000299892
2026-09-30 21:03:10,440 step=2040 train=4.13569 val=None lr=0.000299889
2026-09-30 21:03:10,955 step=2050 train=4.13043 val=None lr=0.000299886
2026-09-30 21:03:11,464 step=2060 train=3.97282 val=None lr=0.000299884
2026-09-30 21:03:12,094 step=2070 train=4.12335 val=None lr=0.000299881
2026-09-30 21:03:12,645 step=2080 train=4.02972 val=None lr=0.000299878
2026-09-30 21:03:13,214 step=2090 train=3.87995 val=None lr=0.000299875
2026-09-30 21:03:14,303 step=2100 train=3.94126 val=3.9594666004180907 lr=0.000299872
2026-09-30 21:03:15,069 step=2110 train=4.06221 val=None lr=0.000299869
2026-09-30 21:03:15,694 step=2120 train=3.91278 val=None lr=0.000299866
2026-09-30 21:03:16,292 step=2130 train=3.93748 val=None lr=0.000299863
2026-09-30 21:03:16,791 step=2140 train=3.79427 val=None lr=0.000299859
2026-09-30 21:03:17,403 step=2150 train=3.60415 val=None lr=0.000299856
2026-09-30 21:03:17,968 step=2160 train=4.15945 val=None lr=0.000299853
2026-09-30 21:03:18,515 step=2170 train=3.86368 val=None lr=0.00029985
2026-09-30 21:03:19,123 step=2180 train=4.02721 val=None lr=0.000299846
2026-09-30 21:03:20,073 step=2190 train=4.04864 val=None lr=0.000299843
2026-09-30 21:03:21,158 step=2200 train=3.81548 val=3.933046293258667 lr=0.00029984
2026-09-30 21:03:21,708 step=2210 train=3.90267 val=None lr=0.000299836
2026-09-30 21:03:22,251 step=2220 train=3.99649 val=None lr=0.000299833
2026-09-30 21:03:22,987 step=2230 train=4.07108 val=None lr=0.000299829
2026-09-30 21:03:23,532 step=2240 train=3.96408 val=None lr=0.000299826
2026-09-30 21:03:24,250 step=2250 train=3.94697 val=None lr=0.000299822
2026-09-30 21:03:24,802 step=2260 train=3.81348 val=None lr=0.000299819
2026-09-30 21:03:25,455 step=2270 train=4.13930 val=None lr=0.000299815
2026-09-30 21:03:26,094 step=2280 train=3.90545 val=None lr=0.000299812
2026-09-30 21:03:26,664 step=2290 train=3.89553 val=None lr=0.000299808
2026-09-30 21:03:27,599 step=2300 train=3.99239 val=3.902944600582123 lr=0.000299804
2026-09-30 21:03:28,192 step=2310 train=3.85710 val=None lr=0.000299801
2026-09-30 21:03:28,798 step=2320 train=4.30527 val=None lr=0.000299797
2026-09-30 21:03:29,419 step=2330 train=4.02217 val=None lr=0.000299793
2026-09-30 21:03:29,957 step=2340 train=3.75536 val=None lr=0.000299789
2026-09-30 21:03:30,458 step=2350 train=3.96592 val=None lr=0.000299785
2026-09-30 21:03:31,111 step=2360 train=4.05839 val=None lr=0.000299781
2026-09-30 21:03:31,777 step=2370 train=3.82513 val=None lr=0.000299777
2026-09-30 21:03:32,433 step=2380 train=4.09521 val=None lr=0.000299773
2026-09-30 21:03:33,024 step=2390 train=3.99310 val=None lr=0.000299769
2026-09-30 21:03:33,974 step=2400 train=3.85807 val=3.882173037528992 lr=0.000299765
2026-09-30 21:03:34,514 step=2410 train=4.07133 val=None lr=0.000299761
2026-09-30 21:03:35,103 step=2420 train=3.82336 val=None lr=0.000299757
2026-09-30 21:03:35,723 step=2430 train=3.89721 val=None lr=0.000299753
2026-09-30 21:03:36,476 step=2440 train=4.01666 val=None lr=0.000299749
2026-09-30 21:03:37,019 step=2450 train=4.15044 val=None lr=0.000299744
2026-09-30 21:03:37,577 step=2460 train=3.76461 val=None lr=0.00029974
2026-09-30 21:03:35,979 step=2470 train=3.79544 val=None lr=0.000299736
2026-09-30 21:03:36,658 step=2480 train=4.03885 val=None lr=0.000299731
2026-09-30 21:03:37,162 step=2490 train=3.93996 val=None lr=0.000299727
2026-09-30 21:03:38,123 step=2500 train=3.91216 val=3.8571889877319334 lr=0.000299723
2026-09-30 21:03:39,048 step=2510 train=4.07991 val=None lr=0.000299718
2026-09-30 21:03:39,658 step=2520 train=4.08552 val=None lr=0.000299714
2026-09-30 21:03:40,216 step=2530 train=3.79750 val=None lr=0.000299709
2026-09-30 21:03:40,890 step=2540 train=3.71665 val=None lr=0.000299705
2026-09-30 21:03:41,574 step=2550 train=3.88878 val=None lr=0.0002997
2026-09-30 21:03:42,204 step=2560 train=3.69794 val=None lr=0.000299695
2026-09-30 21:03:42,881 step=2570 train=3.82327 val=None lr=0.000299691
2026-09-30 21:03:43,469 step=2580 train=3.64131 val=None lr=0.000299686
2026-09-30 21:03:44,133 step=2590 train=3.91596 val=None lr=0.000299681
2026-09-30 21:03:45,343 step=2600 train=3.86928 val=3.826374816894531 lr=0.000299676
2026-09-30 21:03:46,136 step=2610 train=3.98793 val=None lr=0.000299672
2026-09-30 21:03:46,800 step=2620 train=3.88140 val=None lr=0.000299667
2026-09-30 21:03:47,426 step=2630 train=4.02348 val=None lr=0.000299662
2026-09-30 21:03:48,022 step=2640 train=3.73439 val=None lr=0.000299657
2026-09-30 21:03:48,702 step=2650 train=3.77953 val=None lr=0.000299652
2026-09-30 21:03:49,539 step=2660 train=4.03210 val=None lr=0.000299647
2026-09-30 21:03:50,158 step=2670 train=3.71629 val=None lr=0.000299642
2026-09-30 21:03:50,823 step=2680 train=3.95030 val=None lr=0.000299637
2026-09-30 21:03:51,413 step=2690 train=4.12822 val=None lr=0.000299632
2026-09-30 21:03:52,581 step=2700 train=4.03396 val=3.7868614554405213 lr=0.000299627
2026-09-30 21:03:53,188 step=2710 train=4.11091 val=None lr=0.000299622
2026-09-30 21:03:54,038 step=2720 train=3.95331 val=None lr=0.000299616
2026-09-30 21:03:54,844 step=2730 train=3.69955 val=None lr=0.000299611
2026-09-30 21:03:55,620 step=2740 train=3.69538 val=None lr=0.000299606
2026-09-30 21:03:56,218 step=2750 train=3.99873 val=None lr=0.000299601
2026-09-30 21:03:56,867 step=2760 train=3.91517 val=None lr=0.000299595
2026-09-30 21:03:57,381 step=2770 train=3.95718 val=None lr=0.00029959
2026-09-30 21:03:58,013 step=2780 train=3.81525 val=None lr=0.000299585
2026-09-30 21:03:58,547 step=2790 train=3.73172 val=None lr=0.000299579
2026-09-30 21:03:59,473 step=2800 train=3.71982 val=3.7421320557594298 lr=0.000299574
2026-09-30 21:04:00,062 step=2810 train=3.75248 val=None lr=0.000299568
2026-09-30 21:04:00,712 step=2820 train=3.73147 val=None lr=0.000299563
2026-09-30 21:04:01,302 step=2830 train=3.77629 val=None lr=0.000299557
2026-09-30 21:04:01,947 step=2840 train=3.82205 val=None lr=0.000299551
2026-09-30 21:04:02,568 step=2850 train=3.68142 val=None lr=0.000299546
2026-09-30 21:04:03,136 step=2860 train=3.82770 val=None lr=0.00029954
2026-09-30 21:04:03,875 step=2870 train=3.73483 val=None lr=0.000299534
2026-09-30 21:04:04,384 step=2880 train=3.58587 val=None lr=0.000299528
2026-09-30 21:04:04,870 step=2890 train=4.11698 val=None lr=0.000299523
2026-09-30 21:04:05,840 step=2900 train=3.87600 val=3.6862823247909544 lr=0.000299517
2026-09-30 21:04:06,607 step=2910 train=3.78341 val=None lr=0.000299511
2026-09-30 21:04:07,303 step=2920 train=3.71860 val=None lr=0.000299505
2026-09-30 21:04:07,821 step=2930 train=3.56843 val=None lr=0.000299499
2026-09-30 21:04:08,354 step=2940 train=3.88060 val=None lr=0.000299493
2026-09-30 21:04:06,692 step=2950 train=3.75381 val=None lr=0.000299487
2026-09-30 21:04:07,272 step=2960 train=3.89750 val=None lr=0.000299481
2026-09-30 21:04:07,808 step=2970 train=3.98721 val=None lr=0.000299475
2026-09-30 21:04:08,396 step=2980 train=3.69049 val=None lr=0.000299469
2026-09-30 21:04:08,954 step=2990 train=3.40421 val=None lr=0.000299463
2026-09-30 21:04:09,839 step=3000 train=3.98471 val=3.6350805521011353 lr=0.000299457
2026-09-30 21:04:10,822 step=3010 train=3.55440 val=None lr=0.00029945
2026-09-30 21:04:11,658 step=3020 train=3.83408 val=None lr=0.000299444
2026-09-30 21:04:12,283 step=3030 train=3.52611 val=None lr=0.000299438
2026-09-30 21:04:12,856 step=3040 train=3.63018 val=None lr=0.000299431
2026-09-30 21:04:13,411 step=3050 train=3.91307 val=None lr=0.000299425
2026-09-30 21:04:14,050 step=3060 train=3.73505 val=None lr=0.000299419
2026-09-30 21:04:14,636 step=3070 train=3.48019 val=None lr=0.000299412
2026-09-30 21:04:15,190 step=3080 train=3.55340 val=None lr=0.000299406
2026-09-30 21:04:15,754 step=3090 train=3.50775 val=None lr=0.000299399
2026-09-30 21:04:16,940 step=3100 train=3.60445 val=3.5865590453147886 lr=0.000299393
2026-09-30 21:04:17,493 step=3110 train=3.85446 val=None lr=0.000299386
2026-09-30 21:04:18,090 step=3120 train=3.44492 val=None lr=0.00029938
2026-09-30 21:04:18,738 step=3130 train=3.76576 val=None lr=0.000299373
2026-09-30 21:04:19,390 step=3140 train=3.55178 val=None lr=0.000299366
2026-09-30 21:04:19,921 step=3150 train=3.76625 val=None lr=0.000299359
2026-09-30 21:04:20,422 step=3160 train=3.68375 val=None lr=0.000299353
2026-09-30 21:04:20,989 step=3170 train=3.54778 val=None lr=0.000299346
2026-09-30 21:04:21,624 step=3180 train=3.70886 val=None lr=0.000299339
2026-09-30 21:04:22,189 step=3190 train=3.74432 val=None lr=0.000299332
2026-09-30 21:04:23,118 step=3200 train=3.60210 val=3.5458070755004885 lr=0.000299325
2026-09-30 21:04:23,700 step=3210 train=3.46240 val=None lr=0.000299318
2026-09-30 21:04:24,271 step=3220 train=3.58834 val=None lr=0.000299311
2026-09-30 21:04:24,925 step=3230 train=3.46149 val=None lr=0.000299304
2026-09-30 21:04:25,547 step=3240 train=3.55725 val=None lr=0.000299297
2026-09-30 21:04:26,238 step=3250 train=3.65463 val=None lr=0.00029929
2026-09-30 21:04:26,815 step=3260 train=3.39928 val=None lr=0.000299283
2026-09-30 21:04:27,474 step=3270 train=3.53035 val=None lr=0.000299276
2026-09-30 21:04:28,117 step=3280 train=3.57890 val=None lr=0.000299269
2026-09-30 21:04:28,707 step=3290 train=3.74503 val=None lr=0.000299262
2026-09-30 21:04:29,795 step=3300 train=3.75261 val=3.5046108841896055 lr=0.000299254
2026-09-30 21:04:30,390 step=3310 train=3.67645 val=None lr=0.000299247
2026-09-30 21:04:31,039 step=3320 train=3.54209 val=None lr=0.00029924
2026-09-30 21:04:31,696 step=3330 train=3.35881 val=None lr=0.000299232
2026-09-30 21:04:32,257 step=3340 train=3.50985 val=None lr=0.000299225
2026-09-30 21:04:32,955 step=3350 train=3.52662 val=None lr=0.000299218
2026-09-30 21:04:33,529 step=3360 train=3.43127 val=None lr=0.00029921
2026-09-30 21:04:34,122 step=3370 train=3.54464 val=None lr=0.000299203
2026-09-30 21:04:34,895 step=3380 train=3.38086 val=None lr=0.000299195
2026-09-30 21:04:35,476 step=3390 train=3.37960 val=None lr=0.000299188
2026-09-30 21:04:36,349 step=3400 train=3.44944 val=3.469472658634186 lr=0.00029918
2026-09-30 21:04:36,882 step=3410 train=3.62484 val=None lr=0.000299172
2026-09-30 21:04:37,472 step=3420 train=3.80537 val=None lr=0.000299165
2026-09-30 21:04:38,114 step=3430 train=3.65241 val=None lr=0.000299157
2026-09-30 21:04:38,664 step=3440 train=3.37739 val=None lr=0.000299149
2026-09-30 21:04:37,046 step=3450 train=3.50844 val=None lr=0.000299141
2026-09-30 21:04:37,666 step=3460 train=3.40774 val=None lr=0.000299134
2026-09-30 21:04:38,285 step=3470 train=3.38873 val=None lr=0.000299126
2026-09-30 21:04:38,988 step=3480 train=3.39093 val=None lr=0.000299118
2026-09-30 21:04:39,637 step=3490 train=3.45733 val=None lr=0.00029911
2026-09-30 21:04:40,797 step=3500 train=3.63330 val=3.432086706161499 lr=0.000299102
2026-09-30 21:04:41,864 step=3510 train=3.62931 val=None lr=0.000299094
2026-09-30 21:04:42,477 step=3520 train=3.29326 val=None lr=0.000299086
2026-09-30 21:04:43,086 step=3530 train=3.39076 val=None lr=0.000299078
2026-09-30 21:04:43,676 step=3540 train=3.31666 val=None lr=0.00029907
2026-09-30 21:04:44,229 step=3550 train=3.54007 val=None lr=0.000299062
2026-09-30 21:04:44,776 step=3560 train=3.61172 val=None lr=0.000299054
2026-09-30 21:04:45,284 step=3570 train=3.46810 val=None lr=0.000299045
2026-09-30 21:04:45,846 step=3580 train=3.68283 val=None lr=0.000299037
2026-09-30 21:04:46,350 step=3590 train=3.33472 val=None lr=0.000299029
2026-09-30 21:04:47,320 step=3600 train=3.53188 val=3.404613494873047 lr=0.000299021
2026-09-30 21:04:48,234 step=3610 train=3.25562 val=None lr=0.000299012
2026-09-30 21:04:49,160 step=3620 train=3.43824 val=None lr=0.000299004
2026-09-30 21:04:49,770 step=3630 train=3.43979 val=None lr=0.000298995
2026-09-30 21:04:50,402 step=3640 train=3.54844 val=None lr=0.000298987
2026-09-30 21:04:50,936 step=3650 train=3.25715 val=None lr=0.000298978
2026-09-30 21:04:51,717 step=3660 train=3.33304 val=None lr=0.00029897
2026-09-30 21:04:52,400 step=3670 train=3.34484 val=None lr=0.000298961
2026-09-30 21:04:53,041 step=3680 train=3.45294 val=None lr=0.000298953
2026-09-30 21:04:53,729 step=3690 train=3.23807 val=None lr=0.000298944
2026-09-30 21:04:54,830 step=3700 train=3.42585 val=3.3717583060264587 lr=0.000298935
2026-09-30 21:04:55,383 step=3710 train=3.35942 val=None lr=0.000298927
2026-09-30 21:04:55,962 step=3720 train=3.45556 val=None lr=0.000298918
2026-09-30 21:04:56,481 step=3730 train=3.29511 val=None lr=0.000298909
2026-09-30 21:04:57,074 step=3740 train=3.71360 val=None lr=0.0002989
2026-09-30 21:04:57,679 step=3750 train=3.48058 val=None lr=0.000298892
2026-09-30 21:04:58,311 step=3760 train=3.19726 val=None lr=0.000298883
2026-09-30 21:04:58,918 step=3770 train=3.49410 val=None lr=0.000298874
2026-09-30 21:04:59,484 step=3780 train=3.20112 val=None lr=0.000298865
2026-09-30 21:05:00,131 step=3790 train=3.33096 val=None lr=0.000298856
2026-09-30 21:05:01,099 step=3800 train=3.57066 val=3.3435190439224245 lr=0.000298847
2026-09-30 21:05:01,626 step=3810 train=3.34371 val=None lr=0.000298838
2026-09-30 21:05:02,209 step=3820 train=3.53119 val=None lr=0.000298829
2026-09-30 21:05:02,760 step=3830 train=3.46474 val=None lr=0.00029882
2026-09-30 21:05:03,341 step=3840 train=3.23385 val=None lr=0.000298811
2026-09-30 21:05:03,984 step=3850 train=3.27501 val=None lr=0.000298801
2026-09-30 21:05:04,547 step=3860 train=3.52962 val=None lr=0.000298792
2026-09-30 21:05:05,131 step=3870 train=3.29403 val=None lr=0.000298783
2026-09-30 21:05:05,748 step=3880 train=3.42058 val=None lr=0.000298774
2026-09-30 21:05:06,379 step=3890 train=3.75878 val=None lr=0.000298764
2026-09-30 21:05:07,287 step=3900 train=3.65912 val=3.306312310695648 lr=0.000298755
2026-09-30 21:05:08,074 step=3910 train=3.25805 val=None lr=0.000298745
2026-09-30 21:05:08,770 step=3920 train=3.44078 val=None lr=0.000298736
2026-09-30 21:05:07,001 step=3930 train=3.25536 val=None lr=0.000298727
2026-09-30 21:05:07,622 step=3940 train=3.29948 val=None lr=0.000298717
2026-09-30 21:05:08,345 step=3950 train=3.24951 val=None lr=0.000298708
2026-09-30 21:05:08,945 step=3960 train=3.30620 val=None lr=0.000298698
2026-09-30 21:05:09,661 step=3970 train=3.18483 val=None lr=0.000298688
2026-09-30 21:05:10,338 step=3980 train=3.63227 val=None lr=0.000298679
2026-09-30 21:05:10,971 step=3990 train=3.07606 val=None lr=0.000298669
2026-09-30 21:05:11,958 step=4000 train=3.23256 val=3.2774873971939087 lr=0.000298659
2026-09-30 21:05:13,114 step=4010 train=3.31976 val=None lr=0.00029865
2026-09-30 21:05:13,747 step=4020 train=3.36686 val=None lr=0.00029864
2026-09-30 21:05:14,400 step=4030 train=3.50669 val=None lr=0.00029863
2026-09-30 21:05:14,865 step=4040 train=3.57265 val=None lr=0.00029862
2026-09-30 21:05:15,359 step=4050 train=3.14795 val=None lr=0.00029861
2026-09-30 21:05:15,844 step=4060 train=3.53267 val=None lr=0.0002986
2026-09-30 21:05:16,461 step=4070 train=3.37634 val=None lr=0.00029859
2026-09-30 21:05:17,002 step=4080 train=3.36779 val=None lr=0.00029858
2026-09-30 21:05:17,611 step=4090 train=3.24997 val=None lr=0.00029857
2026-09-30 21:05:18,790 step=4100 train=3.43125 val=3.2555925250053406 lr=0.00029856
2026-09-30 21:05:19,338 step=4110 train=3.46846 val=None lr=0.00029855
2026-09-30 21:05:19,902 step=4120 train=3.18520 val=None lr=0.00029854
2026-09-30 21:05:20,438 step=4130 train=3.30298 val=None lr=0.00029853
2026-09-30 21:05:21,025 step=4140 train=3.31802 val=None lr=0.00029852
2026-09-30 21:05:21,641 step=4150 train=3.29510 val=None lr=0.000298509
2026-09-30 21:05:22,216 step=4160 train=3.12817 val=None lr=0.000298499
2026-09-30 21:05:22,833 step=4170 train=3.33003 val=None lr=0.000298489
2026-09-30 21:05:23,432 step=4180 train=3.34990 val=None lr=0.000298478
2026-09-30 21:05:24,146 step=4190 train=3.04919 val=None lr=0.000298468
2026-09-30 21:05:25,110 step=4200 train=3.39089 val=3.227307844161987 lr=0.000298458
2026-09-30 21:05:25,782 step=4210 train=3.50677 val=None lr=0.000298447
2026-09-30 21:05:26,438 step=4220 train=3.27799 val=None lr=0.000298437
2026-09-30 21:05:26,955 step=4230 train=3.32899 val=None lr=0.000298426
2026-09-30 21:05:27,532 step=4240 train=3.30182 val=None lr=0.000298416
2026-09-30 21:05:28,098 step=4250 train=3.60162 val=None lr=0.000298405
2026-09-30 21:05:28,832 step=4260 train=3.32299 val=None lr=0.000298394
2026-09-30 21:05:29,557 step=4270 train=3.32261 val=None lr=0.000298384
2026-09-30 21:05:30,424 step=4280 train=3.32848 val=None lr=0.000298373
2026-09-30 21:05:31,098 step=4290 train=3.31275 val=None lr=0.000298362
2026-09-30 21:05:31,947 step=4300 train=3.29760 val=3.200920212268829 lr=0.000298351
2026-09-30 21:05:32,603 step=4310 train=3.30906 val=None lr=0.000298341
2026-09-30 21:05:33,179 step=4320 train=3.72081 val=None lr=0.00029833
2026-09-30 21:05:33,797 step=4330 train=3.35140 val=None lr=0.000298319
2026-09-30 21:05:34,409 step=4340 train=3.19269 val=None lr=0.000298308
2026-09-30 21:05:34,995 step=4350 train=3.28500 val=None lr=0.000298297
2026-09-30 21:05:35,636 step=4360 train=3.02276 val=None lr=0.000298286
2026-09-30 21:05:36,196 step=4370 train=3.30479 val=None lr=0.000298275
2026-09-30 21:05:36,754 step=4380 train=3.00671 val=None lr=0.000298264
2026-09-30 21:05:37,367 step=4390 train=3.49111 val=None lr=0.000298253
2026-09-30 21:05:38,342 step=4400 train=3.11714 val=3.180647873878479 lr=0.000298242
2026-09-30 21:05:38,885 step=4410 train=3.08115 val=None lr=0.000298231
2026-09-30 21:05:37,273 step=4420 train=2.97690 val=None lr=0.000298219
2026-09-30 21:05:37,962 step=4430 train=3.42860 val=None lr=0.000298208
2026-09-30 21:05:38,731 step=4440 train=3.37571 val=None lr=0.000298197
2026-09-30 21:05:39,426 step=4450 train=3.36799 val=None lr=0.000298186
2026-09-30 21:05:40,183 step=4460 train=3.07191 val=None lr=0.000298174
2026-09-30 21:05:40,819 step=4470 train=3.32042 val=None lr=0.000298163
2026-09-30 21:05:41,467 step=4480 train=3.25284 val=None lr=0.000298152
2026-09-30 21:05:42,011 step=4490 train=3.34789 val=None lr=0.00029814
2026-09-30 21:05:43,040 step=4500 train=3.04630 val=3.156221556663513 lr=0.000298129
2026-09-30 21:05:43,884 step=4510 train=3.20328 val=None lr=0.000298117
2026-09-30 21:05:44,398 step=4520 train=3.14680 val=None lr=0.000298106
2026-09-30 21:05:44,924 step=4530 train=3.18687 val=None lr=0.000298094
2026-09-30 21:05:45,600 step=4540 train=3.20471 val=None lr=0.000298082
2026-09-30 21:05:46,247 step=4550 train=2.94709 val=None lr=0.000298071
2026-09-30 21:05:46,862 step=4560 train=3.29111 val=None lr=0.000298059
2026-09-30 21:05:47,368 step=4570 train=3.21072 val=None lr=0.000298047
2026-09-30 21:05:47,874 step=4580 train=3.06515 val=None lr=0.000298036
2026-09-30 21:05:48,407 step=4590 train=3.18348 val=None lr=0.000298024
2026-09-30 21:05:49,302 step=4600 train=3.20144 val=3.1490703582763673 lr=0.000298012
2026-09-30 21:05:49,885 step=4610 train=3.48174 val=None lr=0.000298
2026-09-30 21:05:50,397 step=4620 train=3.27448 val=None lr=0.000297988
2026-09-30 21:05:51,102 step=4630 train=3.50150 val=None lr=0.000297976
2026-09-30 21:05:51,890 step=4640 train=3.34696 val=None lr=0.000297964
2026-09-30 21:05:52,524 step=4650 train=3.20703 val=None lr=0.000297952
2026-09-30 21:05:53,216 step=4660 train=3.09701 val=None lr=0.00029794
2026-09-30 21:05:53,721 step=4670 train=3.16180 val=None lr=0.000297928
2026-09-30 21:05:54,501 step=4680 train=3.28327 val=None lr=0.000297916
2026-09-30 21:05:55,085 step=4690 train=3.01792 val=None lr=0.000297904
2026-09-30 21:05:56,339 step=4700 train=3.34000 val=3.1216522097587585 lr=0.000297892
2026-09-30 21:05:56,866 step=4710 train=3.17330 val=None lr=0.00029788
2026-09-30 21:05:57,470 step=4720 train=3.18217 val=None lr=0.000297867
2026-09-30 21:05:58,081 step=4730 train=3.07481 val=None lr=0.000297855
2026-09-30 21:05:58,556 step=4740 train=3.40642 val=None lr=0.000297843
2026-09-30 21:05:59,120 step=4750 train=3.33443 val=None lr=0.00029783
2026-09-30 21:05:59,719 step=4760 train=3.03750 val=None lr=0.000297818
2026-09-30 21:06:00,314 step=4770 train=3.07910 val=None lr=0.000297806
2026-09-30 21:06:00,854 step=4780 train=3.44225 val=None lr=0.000297793
2026-09-30 21:06:01,469 step=4790 train=3.17937 val=None lr=0.000297781
2026-09-30 21:06:02,417 step=4800 train=3.52825 val=3.107658159732819 lr=0.000297768
2026-09-30 21:06:03,006 step=4810 train=3.12551 val=None lr=0.000297756
2026-09-30 21:06:03,549 step=4820 train=3.23990 val=None lr=0.000297743
2026-09-30 21:06:04,076 step=4830 train=3.18080 val=None lr=0.00029773
2026-09-30 21:06:04,683 step=4840 train=3.07934 val=None lr=0.000297718
2026-09-30 21:06:05,305 step=4850 train=3.28600 val=None lr=0.000297705
2026-09-30 21:06:05,803 step=4860 train=2.90265 val=None lr=0.000297692
2026-09-30 21:06:06,408 step=4870 train=3.01845 val=None lr=0.00029768
2026-09-30 21:06:06,893 step=4880 train=3.08481 val=None lr=0.000297667
2026-09-30 21:06:07,539 step=4890 train=3.02197 val=None lr=0.000297654
2026-09-30 21:06:08,401 step=4900 train=3.04937 val=3.090637516975403 lr=0.000297641
2026-09-30 21:06:09,207 step=4910 train=3.17602 val=None lr=0.000297628
2026-09-30 21:06:07,458 step=4920 train=3.18040 val=None lr=0.000297615
2026-09-30 21:06:08,070 step=4930 train=3.32423 val=None lr=0.000297602
2026-09-30 21:06:08,760 step=4940 train=3.26418 val=None lr=0.000297589
2026-09-30 21:06:09,389 step=4950 train=3.01367 val=None lr=0.000297576
2026-09-30 21:06:10,016 step=4960 train=2.76482 val=None lr=0.000297563
2026-09-30 21:06:10,571 step=4970 train=3.09369 val=None lr=0.00029755
2026-09-30 21:06:11,319 step=4980 train=2.94116 val=None lr=0.000297537
2026-09-30 21:06:11,971 step=4990 train=3.33968 val=None lr=0.000297524
2026-09-30 21:06:13,104 step=5000 train=3.36905 val=3.0734814167022706 lr=0.00029751
2026-09-30 21:06:14,232 step=5010 train=3.13221 val=None lr=0.000297497
2026-09-30 21:06:14,937 step=5020 train=3.23316 val=None lr=0.000297484
2026-09-30 21:06:15,655 step=5030 train=3.19811 val=None lr=0.000297471
2026-09-30 21:06:16,249 step=5040 train=3.08192 val=None lr=0.000297457
2026-09-30 21:06:16,921 step=5050 train=3.16393 val=None lr=0.000297444
2026-09-30 21:06:17,512 step=5060 train=3.36936 val=None lr=0.00029743
2026-09-30 21:06:18,148 step=5070 train=3.17945 val=None lr=0.000297417
2026-09-30 21:06:18,727 step=5080 train=3.50678 val=None lr=0.000297403
2026-09-30 21:06:19,269 step=5090 train=3.08005 val=None lr=0.00029739
2026-09-30 21:06:20,137 step=5100 train=3.27042 val=3.059370279312134 lr=0.000297376
2026-09-30 21:06:20,891 step=5110 train=3.29791 val=None lr=0.000297363
2026-09-30 21:06:21,376 step=5120 train=3.21203 val=None lr=0.000297349
2026-09-30 21:06:21,907 step=5130 train=2.91190 val=None lr=0.000297335
2026-09-30 21:06:22,466 step=5140 train=3.11799 val=None lr=0.000297322
2026-09-30 21:06:23,009 step=5150 train=3.21945 val=None lr=0.000297308
2026-09-30 21:06:23,630 step=5160 train=3.28661 val=None lr=0.000297294
2026-09-30 21:06:24,173 step=5170 train=2.94032 val=None lr=0.00029728
2026-09-30 21:06:24,820 step=5180 train=3.19536 val=None lr=0.000297267
2026-09-30 21:06:25,296 step=5190 train=2.89145 val=None lr=0.000297253
2026-09-30 21:06:26,540 step=5200 train=3.38760 val=3.0439151167869567 lr=0.000297239
2026-09-30 21:06:27,281 step=5210 train=2.91235 val=None lr=0.000297225
2026-09-30 21:06:27,867 step=5220 train=3.29794 val=None lr=0.000297211
2026-09-30 21:06:28,593 step=5230 train=3.04929 val=None lr=0.000297197
2026-09-30 21:06:29,270 step=5240 train=3.12635 val=None lr=0.000297183
2026-09-30 21:06:29,818 step=5250 train=3.03842 val=None lr=0.000297169
2026-09-30 21:06:30,423 step=5260 train=3.02287 val=None lr=0.000297155
2026-09-30 21:06:31,008 step=5270 train=3.16472 val=None lr=0.00029714
2026-09-30 21:06:31,656 step=5280 train=3.44020 val=None lr=0.000297126
2026-09-30 21:06:32,211 step=5290 train=3.04983 val=None lr=0.000297112
2026-09-30 21:06:33,001 step=5300 train=3.26743 val=3.030750000476837 lr=0.000297098
2026-09-30 21:06:33,615 step=5310 train=2.95191 val=None lr=0.000297083
2026-09-30 21:06:34,181 step=5320 train=3.20037 val=None lr=0.000297069
2026-09-30 21:06:34,658 step=5330 train=3.13039 val=None lr=0.000297055
2026-09-30 21:06:35,291 step=5340 train=3.05168 val=None lr=0.00029704
2026-09-30 21:06:35,898 step=5350 train=2.92287 val=None lr=0.000297026
2026-09-30 21:06:36,527 step=5360 train=3.30691 val=None lr=0.000297011
2026-09-30 21:06:37,215 step=5370 train=3.12046 val=None lr=0.000296997
2026-09-30 21:06:37,748 step=5380 train=2.95083 val=None lr=0.000296982
2026-09-30 21:06:38,302 step=5390 train=3.09662 val=None lr=0.000296968
2026-09-30 21:06:39,265 step=5400 train=3.07509 val=3.020553696155548 lr=0.000296953
2026-09-30 21:06:37,667 step=5410 train=3.16069 val=None lr=0.000296939
2026-09-30 21:06:38,216 step=5420 train=2.89826 val=None lr=0.000296924
2026-09-30 21:06:38,874 step=5430 train=3.18534 val=None lr=0.000296909
2026-09-30 21:06:39,457 step=5440 train=3.07544 val=None lr=0.000296894
2026-09-30 21:06:40,007 step=5450 train=3.08983 val=None lr=0.00029688
2026-09-30 21:06:40,610 step=5460 train=3.33240 val=None lr=0.000296865
2026-09-30 21:06:41,117 step=5470 train=3.01770 val=None lr=0.00029685
2026-09-30 21:06:41,621 step=5480 train=3.01440 val=None lr=0.000296835
2026-09-30 21:06:42,183 step=5490 train=3.01542 val=None lr=0.00029682
2026-09-30 21:06:43,103 step=5500 train=3.09534 val=3.003527581691742 lr=0.000296805
2026-09-30 21:06:43,908 step=5510 train=2.82621 val=None lr=0.00029679
2026-09-30 21:06:44,448 step=5520 train=3.02006 val=None lr=0.000296775
2026-09-30 21:06:44,995 step=5530 train=2.98421 val=None lr=0.00029676
2026-09-30 21:06:45,575 step=5540 train=2.84630 val=None lr=0.000296745
2026-09-30 21:06:46,108 step=5550 train=3.35601 val=None lr=0.00029673
2026-09-30 21:06:46,923 step=5560 train=3.13350 val=None lr=0.000296715
2026-09-30 21:06:47,713 step=5570 train=3.12230 val=None lr=0.000296699
2026-09-30 21:06:48,346 step=5580 train=3.10765 val=None lr=0.000296684
2026-09-30 21:06:49,046 step=5590 train=3.02434 val=None lr=0.000296669
2026-09-30 21:06:50,036 step=5600 train=3.29482 val=2.996036434173584 lr=0.000296654
2026-09-30 21:06:50,603 step=5610 train=2.99161 val=None lr=0.000296638
2026-09-30 21:06:51,132 step=5620 train=2.89552 val=None lr=0.000296623
2026-09-30 21:06:51,705 step=5630 train=2.85132 val=None lr=0.000296608
2026-09-30 21:06:52,421 step=5640 train=3.05235 val=None lr=0.000296592
2026-09-30 21:06:53,146 step=5650 train=3.22460 val=None lr=0.000296577
2026-09-30 21:06:53,736 step=5660 train=3.09474 val=None lr=0.000296561
2026-09-30 21:06:54,324 step=5670 train=2.99249 val=None lr=0.000296546
2026-09-30 21:06:54,916 step=5680 train=3.22334 val=None lr=0.00029653
2026-09-30 21:06:55,483 step=5690 train=2.98652 val=None lr=0.000296514
2026-09-30 21:06:56,434 step=5700 train=3.19343 val=2.9768247604370117 lr=0.000296499
2026-09-30 21:06:57,119 step=5710 train=3.12498 val=None lr=0.000296483
2026-09-30 21:06:57,716 step=5720 train=3.16396 val=None lr=0.000296467
2026-09-30 21:06:58,391 step=5730 train=3.14266 val=None lr=0.000296452
2026-09-30 21:06:58,950 step=5740 train=2.98631 val=None lr=0.000296436
2026-09-30 21:06:59,521 step=5750 train=2.82914 val=None lr=0.00029642
2026-09-30 21:07:00,181 step=5760 train=3.10270 val=None lr=0.000296404
2026-09-30 21:07:00,722 step=5770 train=3.05308 val=None lr=0.000296388
2026-09-30 21:07:01,383 step=5780 train=3.15261 val=None lr=0.000296372
2026-09-30 21:07:02,069 step=5790 train=3.33082 val=None lr=0.000296356
2026-09-30 21:07:02,981 step=5800 train=3.19007 val=2.9642563581466677 lr=0.00029634
2026-09-30 21:07:03,579 step=5810 train=2.99005 val=None lr=0.000296324
2026-09-30 21:07:04,122 step=5820 train=3.10247 val=None lr=0.000296308
2026-09-30 21:07:04,770 step=5830 train=3.19024 val=None lr=0.000296292
2026-09-30 21:07:05,620 step=5840 train=3.02111 val=None lr=0.000296276
2026-09-30 21:07:06,146 step=5850 train=2.87053 val=None lr=0.00029626
2026-09-30 21:07:06,769 step=5860 train=3.05064 val=None lr=0.000296244
2026-09-30 21:07:07,351 step=5870 train=2.80438 val=None lr=0.000296227
2026-09-30 21:07:07,959 step=5880 train=2.75457 val=None lr=0.000296211
2026-09-30 21:07:08,493 step=5890 train=2.98042 val=None lr=0.000296195
2026-09-30 21:07:09,431 step=5900 train=2.80517 val=2.955032539367676 lr=0.000296178
2026-09-30 21:07:10,002 step=5910 train=3.07771 val=None lr=0.000296162
2026-09-30 21:07:08,341 step=5920 train=3.32404 val=None lr=0.000296146
2026-09-30 21:07:09,014 step=5930 train=2.91706 val=None lr=0.000296129
2026-09-30 21:07:09,574 step=5940 train=2.78764 val=None lr=0.000296113
2026-09-30 21:07:10,077 step=5950 train=3.02965 val=None lr=0.000296096
2026-09-30 21:07:10,865 step=5960 train=3.02614 val=None lr=0.00029608
2026-09-30 21:07:11,519 step=5970 train=2.96935 val=None lr=0.000296063
2026-09-30 21:07:12,074 step=5980 train=2.95366 val=None lr=0.000296046
2026-09-30 21:07:12,672 step=5990 train=3.16582 val=None lr=0.00029603
2026-09-30 21:07:13,601 step=6000 train=2.85372 val=2.93745698928833 lr=0.000296013
2026-09-30 21:07:14,408 step=6010 train=2.91155 val=None lr=0.000295996
2026-09-30 21:07:14,966 step=6020 train=2.93878 val=None lr=0.00029598
2026-09-30 21:07:15,524 step=6030 train=3.13476 val=None lr=0.000295963
2026-09-30 21:07:16,134 step=6040 train=3.26763 val=None lr=0.000295946
2026-09-30 21:07:16,689 step=6050 train=3.01982 val=None lr=0.000295929
2026-09-30 21:07:17,192 step=6060 train=2.92058 val=None lr=0.000295912
2026-09-30 21:07:17,749 step=6070 train=2.99325 val=None lr=0.000295895
2026-09-30 21:07:18,344 step=6080 train=3.07036 val=None lr=0.000295878
2026-09-30 21:07:18,868 step=6090 train=3.06126 val=None lr=0.000295861
2026-09-30 21:07:19,777 step=6100 train=3.15532 val=2.928690326213837 lr=0.000295844
2026-09-30 21:07:20,360 step=6110 train=3.14818 val=None lr=0.000295827
2026-09-30 21:07:20,968 step=6120 train=2.90359 val=None lr=0.00029581
2026-09-30 21:07:21,523 step=6130 train=2.79686 val=None lr=0.000295793
2026-09-30 21:07:22,122 step=6140 train=3.02670 val=None lr=0.000295776
2026-09-30 21:07:22,702 step=6150 train=2.93283 val=None lr=0.000295759
2026-09-30 21:07:23,321 step=6160 train=3.07209 val=None lr=0.000295741
2026-09-30 21:07:24,009 step=6170 train=3.02801 val=None lr=0.000295724
2026-09-30 21:07:24,584 step=6180 train=2.90490 val=None lr=0.000295707
2026-09-30 21:07:25,141 step=6190 train=3.18451 val=None lr=0.00029569
2026-09-30 21:07:26,103 step=6200 train=3.16261 val=2.9202837109565736 lr=0.000295672
2026-09-30 21:07:26,643 step=6210 train=3.05741 val=None lr=0.000295655
2026-09-30 21:07:27,133 step=6220 train=2.87131 val=None lr=0.000295637
2026-09-30 21:07:27,697 step=6230 train=3.14220 val=None lr=0.00029562
2026-09-30 21:07:28,308 step=6240 train=2.77102 val=None lr=0.000295602
2026-09-30 21:07:28,931 step=6250 train=2.86333 val=None lr=0.000295585
2026-09-30 21:07:29,538 step=6260 train=2.64292 val=None lr=0.000295567
2026-09-30 21:07:29,991 step=6270 train=3.05296 val=None lr=0.00029555
2026-09-30 21:07:30,482 step=6280 train=3.03391 val=None lr=0.000295532
2026-09-30 21:07:31,003 step=6290 train=2.96237 val=None lr=0.000295514
2026-09-30 21:07:31,846 step=6300 train=3.30640 val=2.9032277703285216 lr=0.000295497
2026-09-30 21:07:32,392 step=6310 train=2.83412 val=None lr=0.000295479
2026-09-30 21:07:33,083 step=6320 train=3.43035 val=None lr=0.000295461
2026-09-30 21:07:33,679 step=6330 train=3.00992 val=None lr=0.000295443
2026-09-30 21:07:34,236 step=6340 train=2.95312 val=None lr=0.000295425
2026-09-30 21:07:35,014 step=6350 train=2.80724 val=None lr=0.000295407
2026-09-30 21:07:35,515 step=6360 train=2.81742 val=None lr=0.00029539
2026-09-30 21:07:36,095 step=6370 train=3.13329 val=None lr=0.000295372
2026-09-30 21:07:36,739 step=6380 train=2.77108 val=None lr=0.000295354
2026-09-30 21:07:37,380 step=6390 train=2.85221 val=None lr=0.000295336
2026-09-30 21:07:38,566 step=6400 train=3.09485 val=2.8915782809257506 lr=0.000295317
2026-09-30 21:07:39,111 step=6410 train=2.75702 val=None lr=0.000295299
2026-09-30 21:07:39,796 step=6420 train=2.92021 val=None lr=0.000295281
2026-09-30 21:07:38,257 step=6430 train=2.92256 val=None lr=0.000295263
2026-09-30 21:07:38,840 step=6440 train=3.16204 val=None lr=0.000295245
2026-09-30 21:07:39,481 step=6450 train=3.25432 val=None lr=0.000295227
2026-09-30 21:07:40,036 step=6460 train=2.82787 val=None lr=0.000295208
2026-09-30 21:07:40,725 step=6470 train=2.97492 val=None lr=0.00029519
2026-09-30 21:07:41,374 step=6480 train=3.02514 val=None lr=0.000295172
2026-09-30 21:07:41,970 step=6490 train=2.70855 val=None lr=0.000295153
2026-09-30 21:07:42,913 step=6500 train=3.00679 val=2.8815444469451905 lr=0.000295135
2026-09-30 21:07:43,818 step=6510 train=2.96165 val=None lr=0.000295117
2026-09-30 21:07:44,390 step=6520 train=2.59491 val=None lr=0.000295098
2026-09-30 21:07:44,968 step=6530 train=2.73108 val=None lr=0.00029508
2026-09-30 21:07:45,485 step=6540 train=3.03292 val=None lr=0.000295061
2026-09-30 21:07:45,987 step=6550 train=2.93751 val=None lr=0.000295042
2026-09-30 21:07:46,476 step=6560 train=2.87925 val=None lr=0.000295024
2026-09-30 21:07:47,053 step=6570 train=3.08003 val=None lr=0.000295005
2026-09-30 21:07:47,542 step=6580 train=2.85590 val=None lr=0.000294987
2026-09-30 21:07:48,292 step=6590 train=2.88599 val=None lr=0.000294968
2026-09-30 21:07:49,653 step=6600 train=3.10528 val=2.865628385543823 lr=0.000294949
2026-09-30 21:07:50,260 step=6610 train=2.68998 val=None lr=0.00029493
2026-09-30 21:07:50,875 step=6620 train=2.89372 val=None lr=0.000294911
2026-09-30 21:07:51,655 step=6630 train=3.18814 val=None lr=0.000294893
2026-09-30 21:07:52,222 step=6640 train=2.76252 val=None lr=0.000294874
2026-09-30 21:07:52,761 step=6650 train=2.87269 val=None lr=0.000294855
2026-09-30 21:07:53,660 step=6660 train=3.06794 val=None lr=0.000294836
2026-09-30 21:07:54,222 step=6670 train=2.90477 val=None lr=0.000294817
2026-09-30 21:07:54,847 step=6680 train=2.98666 val=None lr=0.000294798
2026-09-30 21:07:55,611 step=6690 train=3.02165 val=None lr=0.000294779
2026-09-30 21:07:56,556 step=6700 train=2.73447 val=2.851967978477478 lr=0.00029476
2026-09-30 21:07:57,434 step=6710 train=2.79975 val=None lr=0.000294741
2026-09-30 21:07:58,144 step=6720 train=2.59996 val=None lr=0.000294721
2026-09-30 21:07:58,637 step=6730 train=3.02234 val=None lr=0.000294702
2026-09-30 21:07:59,199 step=6740 train=3.10365 val=None lr=0.000294683
2026-09-30 21:07:59,733 step=6750 train=3.03347 val=None lr=0.000294664
2026-09-30 21:08:00,332 step=6760 train=3.01974 val=None lr=0.000294644
2026-09-30 21:08:00,956 step=6770 train=3.07917 val=None lr=0.000294625
2026-09-30 21:08:01,513 step=6780 train=3.14393 val=None lr=0.000294606
2026-09-30 21:08:02,079 step=6790 train=2.79708 val=None lr=0.000294586
2026-09-30 21:08:02,951 step=6800 train=2.92864 val=2.8474807262420656 lr=0.000294567
2026-09-30 21:08:03,500 step=6810 train=3.00834 val=None lr=0.000294548
2026-09-30 21:08:04,102 step=6820 train=2.95678 val=None lr=0.000294528
2026-09-30 21:08:04,710 step=6830 train=2.85033 val=None lr=0.000294508
2026-09-30 21:08:05,256 step=6840 train=3.10355 val=None lr=0.000294489
2026-09-30 21:08:05,804 step=6850 train=2.94284 val=None lr=0.000294469
2026-09-30 21:08:06,389 step=6860 train=3.01719 val=None lr=0.00029445
2026-09-30 21:08:06,893 step=6870 train=2.63819 val=None lr=0.00029443
2026-09-30 21:08:07,413 step=6880 train=3.10434 val=None lr=0.00029441
2026-09-30 21:08:07,942 step=6890 train=2.61875 val=None lr=0.000294391
2026-09-30 21:08:08,925 step=6900 train=2.72356 val=2.831330966949463 lr=0.000294371
2026-09-30 21:08:09,452 step=6910 train=2.87033 val=None lr=0.000294351
2026-09-30 21:08:10,131 step=6920 train=2.60437 val=None lr=0.000294331
2026-09-30 21:08:10,641 step=6930 train=2.95688 val=None lr=0.000294311
2026-09-30 21:08:09,087 step=6940 train=2.83739 val=None lr=0.000294291
2026-09-30 21:08:09,668 step=6950 train=3.13797 val=None lr=0.000294271
2026-09-30 21:08:10,277 step=6960 train=2.87831 val=None lr=0.000294251
2026-09-30 21:08:10,807 step=6970 train=3.05598 val=None lr=0.000294231
2026-09-30 21:08:11,384 step=6980 train=3.16458 val=None lr=0.000294211
2026-09-30 21:08:12,027 step=6990 train=2.95244 val=None lr=0.000294191
2026-09-30 21:08:13,058 step=7000 train=3.03497 val=2.822433352470398 lr=0.000294171
2026-09-30 21:08:13,863 step=7010 train=2.70123 val=None lr=0.000294151
2026-09-30 21:08:14,470 step=7020 train=2.90175 val=None lr=0.000294131
2026-09-30 21:08:15,002 step=7030 train=2.71757 val=None lr=0.000294111
2026-09-30 21:08:15,631 step=7040 train=2.71961 val=None lr=0.00029409
2026-09-30 21:08:16,138 step=7050 train=2.90892 val=None lr=0.00029407
2026-09-30 21:08:16,750 step=7060 train=3.06722 val=None lr=0.00029405
2026-09-30 21:08:17,390 step=7070 train=2.74809 val=None lr=0.00029403
2026-09-30 21:08:17,989 step=7080 train=2.76818 val=None lr=0.000294009
2026-09-30 21:08:18,551 step=7090 train=2.85444 val=None lr=0.000293989
2026-09-30 21:08:19,560 step=7100 train=2.95489 val=2.813236343860626 lr=0.000293968
2026-09-30 21:08:20,173 step=7110 train=3.02193 val=None lr=0.000293948
2026-09-30 21:08:20,725 step=7120 train=3.03367 val=None lr=0.000293927
2026-09-30 21:08:21,281 step=7130 train=2.85401 val=None lr=0.000293907
2026-09-30 21:08:21,786 step=7140 train=2.89131 val=None lr=0.000293886
2026-09-30 21:08:22,435 step=7150 train=2.86884 val=None lr=0.000293866
2026-09-30 21:08:23,131 step=7160 train=2.64594 val=None lr=0.000293845
2026-09-30 21:08:23,714 step=7170 train=2.74290 val=None lr=0.000293824
2026-09-30 21:08:24,304 step=7180 train=2.72431 val=None lr=0.000293803
2026-09-30 21:08:24,987 step=7190 train=2.83292 val=None lr=0.000293783
2026-09-30 21:08:25,874 step=7200 train=2.95990 val=2.800114691257477 lr=0.000293762
2026-09-30 21:08:26,593 step=7210 train=2.95084 val=None lr=0.000293741
2026-09-30 21:08:27,172 step=7220 train=2.61957 val=None lr=0.00029372
2026-09-30 21:08:27,892 step=7230 train=2.86217 val=None lr=0.000293699
2026-09-30 21:08:28,548 step=7240 train=2.96935 val=None lr=0.000293678
2026-09-30 21:08:29,137 step=7250 train=2.84084 val=None lr=0.000293657
2026-09-30 21:08:29,843 step=7260 train=2.55447 val=None lr=0.000293636
2026-09-30 21:08:30,316 step=7270 train=2.59059 val=None lr=0.000293615
2026-09-30 21:08:30,934 step=7280 train=2.64983 val=None lr=0.000293594
2026-09-30 21:08:31,536 step=7290 train=2.83698 val=None lr=0.000293573
2026-09-30 21:08:32,598 step=7300 train=2.89175 val=2.792077672481537 lr=0.000293552
2026-09-30 21:08:33,301 step=7310 train=3.00330 val=None lr=0.000293531
2026-09-30 21:08:34,020 step=7320 train=2.87940 val=None lr=0.00029351
2026-09-30 21:08:34,688 step=7330 train=2.93520 val=None lr=0.000293489
2026-09-30 21:08:35,288 step=7340 train=2.70837 val=None lr=0.000293467
2026-09-30 21:08:35,954 step=7350 train=2.83259 val=None lr=0.000293446
2026-09-30 21:08:36,551 step=7360 train=2.73819 val=None lr=0.000293425
2026-09-30 21:08:37,100 step=7370 train=2.94930 val=None lr=0.000293403
2026-09-30 21:08:37,675 step=7380 train=2.99041 val=None lr=0.000293382
2026-09-30 21:08:38,204 step=7390 train=2.90350 val=None lr=0.00029336
2026-09-30 21:08:39,250 step=7400 train=2.86283 val=2.7824293851852415 lr=0.000293339
2026-09-30 21:08:39,831 step=7410 train=3.11447 val=None lr=0.000293318
2026-09-30 21:08:40,347 step=7420 train=2.75159 val=None lr=0.000293296
2026-09-30 21:08:40,873 step=7430 train=2.86167 val=None lr=0.000293274
2026-09-30 21:08:39,384 step=7440 train=2.82938 val=None lr=0.000293253
2026-09-30 21:08:39,932 step=7450 train=2.77391 val=None lr=0.000293231
2026-09-30 21:08:40,457 step=7460 train=2.86506 val=None lr=0.00029321
2026-09-30 21:08:41,017 step=7470 train=2.69521 val=None lr=0.000293188
2026-09-30 21:08:41,628 step=7480 train=2.78492 val=None lr=0.000293166
2026-09-30 21:08:42,164 step=7490 train=2.95417 val=None lr=0.000293144
2026-09-30 21:08:43,322 step=7500 train=2.55741 val=2.7748371362686157 lr=0.000293123
2026-09-30 21:08:44,199 step=7510 train=2.87821 val=None lr=0.000293101
2026-09-30 21:08:44,774 step=7520 train=2.84099 val=None lr=0.000293079
2026-09-30 21:08:45,289 step=7530 train=2.77511 val=None lr=0.000293057
2026-09-30 21:08:46,054 step=7540 train=2.58548 val=None lr=0.000293035
2026-09-30 21:08:46,697 step=7550 train=2.71358 val=None lr=0.000293013
2026-09-30 21:08:47,243 step=7560 train=2.80964 val=None lr=0.000292991
2026-09-30 21:08:48,005 step=7570 train=2.78564 val=None lr=0.000292969
2026-09-30 21:08:48,563 step=7580 train=2.86344 val=None lr=0.000292947
2026-09-30 21:08:49,314 step=7590 train=2.88770 val=None lr=0.000292925
2026-09-30 21:08:50,258 step=7600 train=2.74286 val=2.763172149658203 lr=0.000292903
2026-09-30 21:08:50,780 step=7610 train=2.87235 val=None lr=0.00029288
2026-09-30 21:08:51,281 step=7620 train=2.77256 val=None lr=0.000292858
2026-09-30 21:08:51,829 step=7630 train=3.12204 val=None lr=0.000292836
2026-09-30 21:08:52,431 step=7640 train=2.80902 val=None lr=0.000292814
2026-09-30 21:08:53,012 step=7650 train=3.31360 val=None lr=0.000292791
2026-09-30 21:08:53,635 step=7660 train=2.63575 val=None lr=0.000292769
2026-09-30 21:08:54,305 step=7670 train=2.65555 val=None lr=0.000292747
2026-09-30 21:08:54,944 step=7680 train=2.68154 val=None lr=0.000292724
2026-09-30 21:08:55,556 step=7690 train=2.94135 val=None lr=0.000292702
2026-09-30 21:08:56,655 step=7700 train=3.03445 val=2.759185767173767 lr=0.000292679
2026-09-30 21:08:57,248 step=7710 train=3.23375 val=None lr=0.000292657
2026-09-30 21:08:57,933 step=7720 train=3.09425 val=None lr=0.000292634
2026-09-30 21:08:58,633 step=7730 train=2.81005 val=None lr=0.000292612
2026-09-30 21:08:59,176 step=7740 train=2.91920 val=None lr=0.000292589
2026-09-30 21:08:59,728 step=7750 train=2.88832 val=None lr=0.000292567
2026-09-30 21:09:00,472 step=7760 train=3.01067 val=None lr=0.000292544
2026-09-30 21:09:01,178 step=7770 train=2.80291 val=None lr=0.000292521
2026-09-30 21:09:01,857 step=7780 train=2.80705 val=None lr=0.000292498
2026-09-30 21:09:02,585 step=7790 train=2.80462 val=None lr=0.000292476
2026-09-30 21:09:03,412 step=7800 train=2.87553 val=2.748736524581909 lr=0.000292453
2026-09-30 21:09:04,027 step=7810 train=2.86905 val=None lr=0.00029243
2026-09-30 21:09:04,734 step=7820 train=2.88689 val=None lr=0.000292407
2026-09-30 21:09:05,332 step=7830 train=2.81448 val=None lr=0.000292384
2026-09-30 21:09:05,915 step=7840 train=2.59484 val=None lr=0.000292361
2026-09-30 21:09:06,383 step=7850 train=2.92889 val=None lr=0.000292338
2026-09-30 21:09:06,924 step=7860 train=2.84693 val=None lr=0.000292315
2026-09-30 21:09:07,495 step=7870 train=2.74690 val=None lr=0.000292292
2026-09-30 21:09:08,106 step=7880 train=3.18162 val=None lr=0.000292269
2026-09-30 21:09:08,738 step=7890 train=2.80000 val=None lr=0.000292246
2026-09-30 21:09:09,636 step=7900 train=3.06209 val=2.733968198299408 lr=0.000292223
2026-09-30 21:09:10,193 step=7910 train=2.79583 val=None lr=0.0002922
2026-09-30 21:09:10,663 step=7920 train=2.57561 val=None lr=0.000292176
2026-09-30 21:09:11,249 step=7930 train=3.04158 val=None lr=0.000292153
2026-09-30 21:09:09,580 step=7940 train=2.94060 val=None lr=0.00029213
2026-09-30 21:09:10,216 step=7950 train=2.99623 val=None lr=0.000292107
2026-09-30 21:09:10,991 step=7960 train=2.67760 val=None lr=0.000292083
2026-09-30 21:09:11,586 step=7970 train=2.58818 val=None lr=0.00029206
2026-09-30 21:09:12,090 step=7980 train=2.56287 val=None lr=0.000292036
2026-09-30 21:09:12,633 step=7990 train=2.90576 val=None lr=0.000292013
2026-09-30 21:09:13,514 step=8000 train=2.89412 val=2.732606279850006 lr=0.00029199
2026-09-30 21:09:14,595 step=8010 train=3.00927 val=None lr=0.000291966
2026-09-30 21:09:15,138 step=8020 train=2.67611 val=None lr=0.000291942
2026-09-30 21:09:15,639 step=8030 train=2.59853 val=None lr=0.000291919
2026-09-30 21:09:16,419 step=8040 train=3.00220 val=None lr=0.000291895
2026-09-30 21:09:17,075 step=8050 train=2.83559 val=None lr=0.000291872
2026-09-30 21:09:17,703 step=8060 train=2.92042 val=None lr=0.000291848
2026-09-30 21:09:18,238 step=8070 train=2.89244 val=None lr=0.000291824
2026-09-30 21:09:18,798 step=8080 train=2.77512 val=None lr=0.000291801
2026-09-30 21:09:19,568 step=8090 train=2.55618 val=None lr=0.000291777
2026-09-30 21:09:20,583 step=8100 train=2.74014 val=2.7203375935554504 lr=0.000291753
2026-09-30 21:09:21,281 step=8110 train=2.87026 val=None lr=0.000291729
2026-09-30 21:09:21,873 step=8120 train=2.76969 val=None lr=0.000291705
2026-09-30 21:09:22,562 step=8130 train=2.65754 val=None lr=0.000291681
2026-09-30 21:09:23,111 step=8140 train=2.80603 val=None lr=0.000291657
2026-09-30 21:09:23,650 step=8150 train=2.67117 val=None lr=0.000291633
2026-09-30 21:09:24,444 step=8160 train=2.68155 val=None lr=0.000291609
2026-09-30 21:09:25,051 step=8170 train=2.75776 val=None lr=0.000291585
2026-09-30 21:09:25,671 step=8180 train=2.70568 val=None lr=0.000291561
2026-09-30 21:09:26,303 step=8190 train=2.66765 val=None lr=0.000291537
2026-09-30 21:09:27,196 step=8200 train=2.76271 val=2.712295961380005 lr=0.000291513
2026-09-30 21:09:27,824 step=8210 train=2.80293 val=None lr=0.000291489
2026-09-30 21:09:28,439 step=8220 train=2.79219 val=None lr=0.000291465
2026-09-30 21:09:29,027 step=8230 train=2.80562 val=None lr=0.00029144
2026-09-30 21:09:29,633 step=8240 train=2.93887 val=None lr=0.000291416
2026-09-30 21:09:30,152 step=8250 train=2.71101 val=None lr=0.000291392
2026-09-30 21:09:30,683 step=8260 train=2.76960 val=None lr=0.000291367
2026-09-30 21:09:31,335 step=8270 train=2.75263 val=None lr=0.000291343
2026-09-30 21:09:31,993 step=8280 train=2.83997 val=None lr=0.000291319
2026-09-30 21:09:32,610 step=8290 train=2.94284 val=None lr=0.000291294
2026-09-30 21:09:33,605 step=8300 train=2.46411 val=2.707056760787964 lr=0.00029127
2026-09-30 21:09:34,277 step=8310 train=3.04531 val=None lr=0.000291245
2026-09-30 21:09:34,840 step=8320 train=2.71456 val=None lr=0.000291221
2026-09-30 21:09:35,603 step=8330 train=2.51399 val=None lr=0.000291196
2026-09-30 21:09:36,115 step=8340 train=2.82210 val=None lr=0.000291171
2026-09-30 21:09:36,644 step=8350 train=2.94403 val=None lr=0.000291147
2026-09-30 21:09:37,192 step=8360 train=2.82351 val=None lr=0.000291122
2026-09-30 21:09:37,789 step=8370 train=2.76625 val=None lr=0.000291097
2026-09-30 21:09:38,395 step=8380 train=2.81320 val=None lr=0.000291073
2026-09-30 21:09:38,965 step=8390 train=2.61380 val=None lr=0.000291048
2026-09-30 21:09:39,916 step=8400 train=2.71380 val=2.6976802349090576 lr=0.000291023
2026-09-30 21:09:40,506 step=8410 train=2.95527 val=None lr=0.000290998
2026-09-30 21:09:41,051 step=8420 train=2.71943 val=None lr=0.000290973
2026-09-30 21:09:39,399 step=8430 train=2.79697 val=None lr=0.000290948
2026-09-30 21:09:40,022 step=8440 train=2.54087 val=None lr=0.000290923
2026-09-30 21:09:40,663 step=8450 train=2.54433 val=None lr=0.000290898
2026-09-30 21:09:41,262 step=8460 train=2.55812 val=None lr=0.000290873
2026-09-30 21:09:41,831 step=8470 train=2.85036 val=None lr=0.000290848
2026-09-30 21:09:42,476 step=8480 train=3.10649 val=None lr=0.000290823
2026-09-30 21:09:42,990 step=8490 train=2.47888 val=None lr=0.000290798
2026-09-30 21:09:43,981 step=8500 train=2.71387 val=2.6903199434280394 lr=0.000290773
2026-09-30 21:09:44,870 step=8510 train=2.80805 val=None lr=0.000290748
2026-09-30 21:09:45,488 step=8520 train=2.59885 val=None lr=0.000290723
2026-09-30 21:09:46,074 step=8530 train=2.87326 val=None lr=0.000290697
2026-09-30 21:09:46,607 step=8540 train=2.77795 val=None lr=0.000290672
2026-09-30 21:09:47,159 step=8550 train=2.77263 val=None lr=0.000290647
2026-09-30 21:09:47,754 step=8560 train=2.54193 val=None lr=0.000290622
2026-09-30 21:09:48,299 step=8570 train=2.51776 val=None lr=0.000290596
2026-09-30 21:09:48,879 step=8580 train=2.65059 val=None lr=0.000290571
2026-09-30 21:09:49,450 step=8590 train=2.53629 val=None lr=0.000290545
2026-09-30 21:09:50,427 step=8600 train=2.63357 val=2.6892794013023376 lr=0.00029052
2026-09-30 21:09:50,976 step=8610 train=2.63044 val=None lr=0.000290494
2026-09-30 21:09:51,632 step=8620 train=2.75040 val=None lr=0.000290469
2026-09-30 21:09:52,290 step=8630 train=2.44036 val=None lr=0.000290443
2026-09-30 21:09:52,819 step=8640 train=2.48601 val=None lr=0.000290418
2026-09-30 21:09:53,401 step=8650 train=2.77554 val=None lr=0.000290392
2026-09-30 21:09:54,100 step=8660 train=2.63937 val=None lr=0.000290366
2026-09-30 21:09:54,778 step=8670 train=2.81845 val=None lr=0.000290341
2026-09-30 21:09:55,425 step=8680 train=2.46402 val=None lr=0.000290315
2026-09-30 21:09:56,101 step=8690 train=2.82059 val=None lr=0.000290289
2026-09-30 21:09:57,091 step=8700 train=2.48096 val=2.6726985454559324 lr=0.000290263
2026-09-30 21:09:57,757 step=8710 train=2.85251 val=None lr=0.000290237
2026-09-30 21:09:58,565 step=8720 train=2.47840 val=None lr=0.000290212
2026-09-30 21:09:59,173 step=8730 train=2.83021 val=None lr=0.000290186
2026-09-30 21:09:59,810 step=8740 train=2.85784 val=None lr=0.00029016
2026-09-30 21:10:00,427 step=8750 train=2.93702 val=None lr=0.000290134
2026-09-30 21:10:00,974 step=8760 train=2.67264 val=None lr=0.000290108
2026-09-30 21:10:01,644 step=8770 train=2.74632 val=None lr=0.000290082
2026-09-30 21:10:02,198 step=8780 train=2.70243 val=None lr=0.000290056
2026-09-30 21:10:02,826 step=8790 train=2.73133 val=None lr=0.00029003
2026-09-30 21:10:03,753 step=8800 train=2.52801 val=2.6675187587738036 lr=0.000290003
2026-09-30 21:10:04,354 step=8810 train=2.96422 val=None lr=0.000289977
2026-09-30 21:10:04,992 step=8820 train=2.67979 val=None lr=0.000289951
2026-09-30 21:10:05,543 step=8830 train=2.73779 val=None lr=0.000289925
2026-09-30 21:10:06,162 step=8840 train=2.69945 val=None lr=0.000289899
2026-09-30 21:10:06,692 step=8850 train=2.70838 val=None lr=0.000289872
2026-09-30 21:10:07,298 step=8860 train=2.50115 val=None lr=0.000289846
2026-09-30 21:10:07,900 step=8870 train=2.81175 val=None lr=0.00028982
2026-09-30 21:10:08,476 step=8880 train=2.94497 val=None lr=0.000289793
2026-09-30 21:10:09,107 step=8890 train=2.85768 val=None lr=0.000289767
2026-09-30 21:10:10,119 step=8900 train=2.78119 val=2.65970618724823 lr=0.00028974
2026-09-30 21:10:10,679 step=8910 train=2.88064 val=None lr=0.000289714
2026-09-30 21:10:11,385 step=8920 train=2.60350 val=None lr=0.000289687
2026-09-30 21:10:09,738 step=8930 train=2.52120 val=None lr=0.000289661
2026-09-30 21:10:10,270 step=8940 train=2.97901 val=None lr=0.000289634
2026-09-30 21:10:10,949 step=8950 train=2.74284 val=None lr=0.000289607
2026-09-30 21:10:11,502 step=8960 train=2.83644 val=None lr=0.000289581
2026-09-30 21:10:12,050 step=8970 train=2.96852 val=None lr=0.000289554
2026-09-30 21:10:12,563 step=8980 train=2.66610 val=None lr=0.000289527
2026-09-30 21:10:13,114 step=8990 train=2.80304 val=None lr=0.000289501
2026-09-30 21:10:14,340 step=9000 train=2.79471 val=2.654826045036316 lr=0.000289474
2026-09-30 21:10:15,202 step=9010 train=2.70074 val=None lr=0.000289447
2026-09-30 21:10:15,759 step=9020 train=2.74737 val=None lr=0.00028942
2026-09-30 21:10:16,450 step=9030 train=2.75326 val=None lr=0.000289393
2026-09-30 21:10:17,042 step=9040 train=2.75677 val=None lr=0.000289366
2026-09-30 21:10:17,884 step=9050 train=2.69347 val=None lr=0.000289339
2026-09-30 21:10:18,555 step=9060 train=2.48774 val=None lr=0.000289312
2026-09-30 21:10:19,186 step=9070 train=2.61662 val=None lr=0.000289285
2026-09-30 21:10:19,981 step=9080 train=2.57862 val=None lr=0.000289258
2026-09-30 21:10:20,759 step=9090 train=2.58545 val=None lr=0.000289231
2026-09-30 21:10:21,861 step=9100 train=2.63280 val=2.647260868549347 lr=0.000289204
2026-09-30 21:10:22,418 step=9110 train=2.35314 val=None lr=0.000289177
2026-09-30 21:10:23,046 step=9120 train=2.72412 val=None lr=0.00028915
2026-09-30 21:10:23,788 step=9130 train=2.79754 val=None lr=0.000289123
2026-09-30 21:10:24,401 step=9140 train=2.36531 val=None lr=0.000289095
2026-09-30 21:10:25,159 step=9150 train=2.58177 val=None lr=0.000289068
2026-09-30 21:10:25,755 step=9160 train=2.69338 val=None lr=0.000289041
2026-09-30 21:10:26,448 step=9170 train=2.73871 val=None lr=0.000289013
2026-09-30 21:10:27,219 step=9180 train=2.93906 val=None lr=0.000288986
2026-09-30 21:10:27,812 step=9190 train=2.91824 val=None lr=0.000288959
2026-09-30 21:10:28,914 step=9200 train=2.64976 val=2.6397356510162355 lr=0.000288931
2026-09-30 21:10:29,588 step=9210 train=2.57150 val=None lr=0.000288904
2026-09-30 21:10:30,331 step=9220 train=3.13501 val=None lr=0.000288876
2026-09-30 21:10:30,968 step=9230 train=2.78013 val=None lr=0.000288849
2026-09-30 21:10:31,603 step=9240 train=2.71072 val=None lr=0.000288821
2026-09-30 21:10:32,203 step=9250 train=2.89683 val=None lr=0.000288794
2026-09-30 21:10:33,063 step=9260 train=2.67929 val=None lr=0.000288766
2026-09-30 21:10:33,755 step=9270 train=2.66330 val=None lr=0.000288738
2026-09-30 21:10:34,371 step=9280 train=2.78750 val=None lr=0.000288711
2026-09-30 21:10:34,978 step=9290 train=2.78231 val=None lr=0.000288683
2026-09-30 21:10:35,915 step=9300 train=2.68204 val=2.636070799827576 lr=0.000288655
2026-09-30 21:10:36,557 step=9310 train=2.71916 val=None lr=0.000288627
2026-09-30 21:10:37,152 step=9320 train=2.88224 val=None lr=0.000288599
2026-09-30 21:10:37,714 step=9330 train=2.47511 val=None lr=0.000288572
2026-09-30 21:10:38,239 step=9340 train=2.58942 val=None lr=0.000288544
2026-09-30 21:10:38,847 step=9350 train=2.52504 val=None lr=0.000288516
2026-09-30 21:10:39,440 step=9360 train=2.73260 val=None lr=0.000288488
2026-09-30 21:10:40,024 step=9370 train=2.59036 val=None lr=0.00028846
2026-09-30 21:10:40,663 step=9380 train=2.76067 val=None lr=0.000288432
2026-09-30 21:10:41,294 step=9390 train=2.72941 val=None lr=0.000288404
2026-09-30 21:10:39,948 step=9400 train=2.66611 val=2.6286635875701903 lr=0.000288376
2026-09-30 21:10:40,550 step=9410 train=2.63730 val=None lr=0.000288347
2026-09-30 21:10:41,132 step=9420 train=2.87912 val=None lr=0.000288319
2026-09-30 21:10:41,840 step=9430 train=2.51127 val=None lr=0.000288291
2026-09-30 21:10:42,377 step=9440 train=2.95065 val=None lr=0.000288263
2026-09-30 21:10:42,956 step=9450 train=2.56203 val=None lr=0.000288235
2026-09-30 21:10:43,553 step=9460 train=2.45777 val=None lr=0.000288206
2026-09-30 21:10:44,101 step=9470 train=2.69173 val=None lr=0.000288178
2026-09-30 21:10:44,787 step=9480 train=2.65227 val=None lr=0.00028815
2026-09-30 21:10:45,317 step=9490 train=2.64964 val=None lr=0.000288121
2026-09-30 21:10:46,207 step=9500 train=2.66527 val=2.623446357250214 lr=0.000288093
2026-09-30 21:10:47,049 step=9510 train=2.61888 val=None lr=0.000288064
2026-09-30 21:10:47,741 step=9520 train=2.90640 val=None lr=0.000288036
2026-09-30 21:10:48,288 step=9530 train=2.76654 val=None lr=0.000288007
2026-09-30 21:10:48,878 step=9540 train=2.63860 val=None lr=0.000287979
2026-09-30 21:10:49,381 step=9550 train=2.81501 val=None lr=0.00028795
2026-09-30 21:10:49,883 step=9560 train=2.69889 val=None lr=0.000287922
2026-09-30 21:10:50,552 step=9570 train=2.61416 val=None lr=0.000287893
2026-09-30 21:10:51,154 step=9580 train=2.69636 val=None lr=0.000287864
2026-09-30 21:10:51,660 step=9590 train=2.80415 val=None lr=0.000287836
2026-09-30 21:10:52,513 step=9600 train=2.50840 val=2.6163192629814147 lr=0.000287807
2026-09-30 21:10:53,137 step=9610 train=2.89743 val=None lr=0.000287778
2026-09-30 21:10:53,747 step=9620 train=2.60222 val=None lr=0.000287749
2026-09-30 21:10:54,291 step=9630 train=2.65371 val=None lr=0.00028772
2026-09-30 21:10:55,001 step=9640 train=2.56460 val=None lr=0.000287692
2026-09-30 21:10:55,703 step=9650 train=2.45414 val=None lr=0.000287663
2026-09-30 21:10:56,389 step=9660 train=2.58233 val=None lr=0.000287634
2026-09-30 21:10:57,002 step=9670 train=2.50660 val=None lr=0.000287605
2026-09-30 21:10:57,610 step=9680 train=3.18210 val=None lr=0.000287576
2026-09-30 21:10:58,262 step=9690 train=2.56841 val=None lr=0.000287547
2026-09-30 21:10:59,296 step=9700 train=2.72213 val=2.6104328870773315 lr=0.000287518
2026-09-30 21:10:59,938 step=9710 train=2.56577 val=None lr=0.000287489
2026-09-30 21:11:00,554 step=9720 train=3.02879 val=None lr=0.000287459
2026-09-30 21:11:01,095 step=9730 train=2.56198 val=None lr=0.00028743
2026-09-30 21:11:01,643 step=9740 train=2.69716 val=None lr=0.000287401
2026-09-30 21:11:02,370 step=9750 train=2.57495 val=None lr=0.000287372
2026-09-30 21:11:02,876 step=9760 train=2.54511 val=None lr=0.000287343
2026-09-30 21:11:03,577 step=9770 train=2.72141 val=None lr=0.000287313
2026-09-30 21:11:04,163 step=9780 train=2.74831 val=None lr=0.000287284
2026-09-30 21:11:04,879 step=9790 train=2.38926 val=None lr=0.000287255
2026-09-30 21:11:05,960 step=9800 train=2.67305 val=2.6005880355834963 lr=0.000287225
2026-09-30 21:11:06,783 step=9810 train=2.75794 val=None lr=0.000287196
2026-09-30 21:11:07,480 step=9820 train=2.65498 val=None lr=0.000287166
2026-09-30 21:11:08,139 step=9830 train=2.57627 val=None lr=0.000287137
2026-09-30 21:11:08,830 step=9840 train=2.55197 val=None lr=0.000287107
2026-09-30 21:11:09,475 step=9850 train=2.65473 val=None lr=0.000287078
2026-09-30 21:11:10,110 step=9860 train=2.65147 val=None lr=0.000287048
2026-09-30 21:11:10,729 step=9870 train=3.03870 val=None lr=0.000287019
2026-09-30 21:11:11,339 step=9880 train=2.68420 val=None lr=0.000286989
2026-09-30 21:11:12,027 step=9890 train=2.63582 val=None lr=0.000286959
2026-09-30 21:11:10,802 step=9900 train=2.60326 val=2.594423532485962 lr=0.00028693
2026-09-30 21:11:11,317 step=9910 train=2.54226 val=None lr=0.0002869
2026-09-30 21:11:12,125 step=9920 train=2.76105 val=None lr=0.00028687
2026-09-30 21:11:12,745 step=9930 train=2.59818 val=None lr=0.00028684
2026-09-30 21:11:13,323 step=9940 train=2.54566 val=None lr=0.00028681
2026-09-30 21:11:14,095 step=9950 train=2.74183 val=None lr=0.000286781
2026-09-30 21:11:14,783 step=9960 train=2.85980 val=None lr=0.000286751
2026-09-30 21:11:15,618 step=9970 train=2.65639 val=None lr=0.000286721
2026-09-30 21:11:16,195 step=9980 train=2.58488 val=None lr=0.000286691
2026-09-30 21:11:16,887 step=9990 train=2.82566 val=None lr=0.000286661
2026-09-30 21:11:17,832 step=10000 train=2.71800 val=2.588150143623352 lr=0.000286631
2026-09-30 21:11:18,785 step=10010 train=2.68491 val=None lr=0.000286601
2026-09-30 21:11:19,347 step=10020 train=2.85559 val=None lr=0.000286571
2026-09-30 21:11:19,826 step=10030 train=2.52716 val=None lr=0.000286541
2026-09-30 21:11:20,515 step=10040 train=2.52745 val=None lr=0.00028651
2026-09-30 21:11:21,288 step=10050 train=2.67972 val=None lr=0.00028648
2026-09-30 21:11:21,863 step=10060 train=2.92425 val=None lr=0.00028645
2026-09-30 21:11:22,388 step=10070 train=2.91999 val=None lr=0.00028642
2026-09-30 21:11:22,935 step=10080 train=2.64622 val=None lr=0.000286389
2026-09-30 21:11:23,488 step=10090 train=2.34711 val=None lr=0.000286359
2026-09-30 21:11:24,789 step=10100 train=2.80580 val=2.585190224647522 lr=0.000286329
2026-09-30 21:11:25,369 step=10110 train=2.70977 val=None lr=0.000286298
2026-09-30 21:11:26,027 step=10120 train=2.58791 val=None lr=0.000286268
2026-09-30 21:11:26,667 step=10130 train=2.79714 val=None lr=0.000286238
2026-09-30 21:11:27,266 step=10140 train=2.66508 val=None lr=0.000286207
2026-09-30 21:11:27,939 step=10150 train=2.47877 val=None lr=0.000286177
2026-09-30 21:11:28,642 step=10160 train=2.47192 val=None lr=0.000286146
2026-09-30 21:11:29,256 step=10170 train=2.61999 val=None lr=0.000286115
2026-09-30 21:11:29,781 step=10180 train=2.65318 val=None lr=0.000286085
2026-09-30 21:11:30,404 step=10190 train=2.60100 val=None lr=0.000286054
2026-09-30 21:11:31,327 step=10200 train=2.60349 val=2.580032730102539 lr=0.000286024
2026-09-30 21:11:31,999 step=10210 train=2.63138 val=None lr=0.000285993
2026-09-30 21:11:32,602 step=10220 train=2.67657 val=None lr=0.000285962
2026-09-30 21:11:33,189 step=10230 train=2.63190 val=None lr=0.000285931
2026-09-30 21:11:34,096 step=10240 train=2.59342 val=None lr=0.000285901
2026-09-30 21:11:34,657 step=10250 train=2.57437 val=None lr=0.00028587
2026-09-30 21:11:35,158 step=10260 train=2.49422 val=None lr=0.000285839
2026-09-30 21:11:35,934 step=10270 train=2.67672 val=None lr=0.000285808
2026-09-30 21:11:36,582 step=10280 train=2.55091 val=None lr=0.000285777
2026-09-30 21:11:37,158 step=10290 train=2.74830 val=None lr=0.000285746
2026-09-30 21:11:38,053 step=10300 train=2.78538 val=2.5764075040817263 lr=0.000285715
2026-09-30 21:11:38,717 step=10310 train=2.53977 val=None lr=0.000285684
2026-09-30 21:11:39,308 step=10320 train=2.61236 val=None lr=0.000285653
2026-09-30 21:11:39,865 step=10330 train=2.37317 val=None lr=0.000285622
2026-09-30 21:11:40,417 step=10340 train=2.73280 val=None lr=0.000285591
2026-09-30 21:11:41,025 step=10350 train=2.44899 val=None lr=0.00028556
2026-09-30 21:11:41,771 step=10360 train=2.23632 val=None lr=0.000285529
2026-09-30 21:11:42,448 step=10370 train=2.58518 val=None lr=0.000285497
2026-09-30 21:11:40,870 step=10380 train=2.67423 val=None lr=0.000285466
2026-09-30 21:11:41,481 step=10390 train=2.42848 val=None lr=0.000285435
2026-09-30 21:11:42,616 step=10400 train=2.74684 val=2.564421331882477 lr=0.000285404
2026-09-30 21:11:43,254 step=10410 train=2.55708 val=None lr=0.000285372
2026-09-30 21:11:43,977 step=10420 train=2.63570 val=None lr=0.000285341
2026-09-30 21:11:44,510 step=10430 train=2.78729 val=None lr=0.000285309
2026-09-30 21:11:45,325 step=10440 train=2.81401 val=None lr=0.000285278
2026-09-30 21:11:45,877 step=10450 train=2.75435 val=None lr=0.000285247
2026-09-30 21:11:46,571 step=10460 train=2.71357 val=None lr=0.000285215
2026-09-30 21:11:47,251 step=10470 train=2.39359 val=None lr=0.000285184
2026-09-30 21:11:47,917 step=10480 train=2.51760 val=None lr=0.000285152
2026-09-30 21:11:48,540 step=10490 train=2.58878 val=None lr=0.00028512
2026-09-30 21:11:49,739 step=10500 train=2.67461 val=2.5618743300437927 lr=0.000285089
2026-09-30 21:11:50,800 step=10510 train=2.31208 val=None lr=0.000285057
2026-09-30 21:11:51,418 step=10520 train=2.54643 val=None lr=0.000285025
2026-09-30 21:11:52,082 step=10530 train=2.73897 val=None lr=0.000284994
2026-09-30 21:11:52,742 step=10540 train=2.67646 val=None lr=0.000284962
2026-09-30 21:11:53,430 step=10550 train=2.63935 val=None lr=0.00028493
2026-09-30 21:11:53,993 step=10560 train=3.01763 val=None lr=0.000284898
2026-09-30 21:11:54,593 step=10570 train=2.46672 val=None lr=0.000284867
2026-09-30 21:11:55,247 step=10580 train=2.81463 val=None lr=0.000284835
2026-09-30 21:11:55,964 step=10590 train=2.49170 val=None lr=0.000284803
2026-09-30 21:11:56,970 step=10600 train=2.51575 val=2.5573788404464723 lr=0.000284771
2026-09-30 21:11:57,542 step=10610 train=2.54300 val=None lr=0.000284739
2026-09-30 21:11:58,073 step=10620 train=2.74655 val=None lr=0.000284707
2026-09-30 21:11:58,727 step=10630 train=2.39838 val=None lr=0.000284675
2026-09-30 21:11:59,314 step=10640 train=2.53105 val=None lr=0.000284643
2026-09-30 21:11:59,946 step=10650 train=2.65163 val=None lr=0.000284611
2026-09-30 21:12:00,577 step=10660 train=2.44281 val=None lr=0.000284579
2026-09-30 21:12:01,216 step=10670 train=2.67002 val=None lr=0.000284546
2026-09-30 21:12:01,815 step=10680 train=2.58898 val=None lr=0.000284514
2026-09-30 21:12:02,395 step=10690 train=2.54626 val=None lr=0.000284482
2026-09-30 21:12:03,259 step=10700 train=2.57442 val=2.558436417579651 lr=0.00028445
2026-09-30 21:12:03,840 step=10710 train=2.35627 val=None lr=0.000284418
2026-09-30 21:12:04,475 step=10720 train=2.85522 val=None lr=0.000284385
2026-09-30 21:12:05,142 step=10730 train=2.44682 val=None lr=0.000284353
2026-09-30 21:12:05,716 step=10740 train=2.61743 val=None lr=0.000284321
2026-09-30 21:12:06,326 step=10750 train=2.53214 val=None lr=0.000284288
2026-09-30 21:12:07,113 step=10760 train=2.71404 val=None lr=0.000284256
2026-09-30 21:12:07,698 step=10770 train=2.71310 val=None lr=0.000284223
2026-09-30 21:12:08,397 step=10780 train=2.73570 val=None lr=0.000284191
2026-09-30 21:12:08,983 step=10790 train=2.63052 val=None lr=0.000284158
2026-09-30 21:12:10,156 step=10800 train=2.80369 val=2.54377920627594 lr=0.000284126
2026-09-30 21:12:10,918 step=10810 train=2.53073 val=None lr=0.000284093
2026-09-30 21:12:11,571 step=10820 train=2.56496 val=None lr=0.00028406
2026-09-30 21:12:12,202 step=10830 train=2.78441 val=None lr=0.000284028
2026-09-30 21:12:10,721 step=10840 train=2.64516 val=None lr=0.000283995
2026-09-30 21:12:11,484 step=10850 train=2.38515 val=None lr=0.000283962
2026-09-30 21:12:12,523 step=10860 train=2.71101 val=None lr=0.00028393
2026-09-30 21:12:13,171 step=10870 train=2.75635 val=None lr=0.000283897
2026-09-30 21:12:13,727 step=10880 train=2.60002 val=None lr=0.000283864
2026-09-30 21:12:14,222 step=10890 train=2.44318 val=None lr=0.000283831
2026-09-30 21:12:15,081 step=10900 train=2.51040 val=2.5474918365478514 lr=0.000283798
2026-09-30 21:12:15,601 step=10910 train=2.22489 val=None lr=0.000283765
2026-09-30 21:12:16,103 step=10920 train=2.68547 val=None lr=0.000283732
2026-09-30 21:12:16,656 step=10930 train=2.56643 val=None lr=0.000283699
2026-09-30 21:12:17,170 step=10940 train=2.37591 val=None lr=0.000283666
2026-09-30 21:12:17,857 step=10950 train=2.63568 val=None lr=0.000283633
2026-09-30 21:12:18,561 step=10960 train=2.61867 val=None lr=0.0002836
2026-09-30 21:12:19,203 step=10970 train=2.69080 val=None lr=0.000283567
2026-09-30 21:12:19,961 step=10980 train=2.57424 val=None lr=0.000283534
2026-09-30 21:12:20,623 step=10990 train=2.81542 val=None lr=0.000283501
2026-09-30 21:12:21,609 step=11000 train=2.43456 val=2.536723864078522 lr=0.000283468
2026-09-30 21:12:22,533 step=11010 train=2.78524 val=None lr=0.000283435
2026-09-30 21:12:23,177 step=11020 train=2.55430 val=None lr=0.000283401
2026-09-30 21:12:23,757 step=11030 train=2.50646 val=None lr=0.000283368
2026-09-30 21:12:24,353 step=11040 train=2.64565 val=None lr=0.000283335
2026-09-30 21:12:24,856 step=11050 train=2.61757 val=None lr=0.000283301
2026-09-30 21:12:25,418 step=11060 train=2.30255 val=None lr=0.000283268
2026-09-30 21:12:25,931 step=11070 train=2.49784 val=None lr=0.000283235
2026-09-30 21:12:26,490 step=11080 train=2.98168 val=None lr=0.000283201
2026-09-30 21:12:26,999 step=11090 train=2.68161 val=None lr=0.000283168
2026-09-30 21:12:28,055 step=11100 train=2.50968 val=2.531481623649597 lr=0.000283134
2026-09-30 21:12:28,679 step=11110 train=2.70568 val=None lr=0.000283101
2026-09-30 21:12:29,478 step=11120 train=2.53099 val=None lr=0.000283067
2026-09-30 21:12:30,171 step=11130 train=2.31155 val=None lr=0.000283034
2026-09-30 21:12:30,825 step=11140 train=3.06454 val=None lr=0.000283
2026-09-30 21:12:31,449 step=11150 train=3.06646 val=None lr=0.000282966
2026-09-30 21:12:32,068 step=11160 train=2.58017 val=None lr=0.000282933
2026-09-30 21:12:32,912 step=11170 train=2.51541 val=None lr=0.000282899
2026-09-30 21:12:33,562 step=11180 train=2.79344 val=None lr=0.000282865
2026-09-30 21:12:34,077 step=11190 train=2.50284 val=None lr=0.000282831
2026-09-30 21:12:35,027 step=11200 train=2.55842 val=2.529050874710083 lr=0.000282798
2026-09-30 21:12:35,652 step=11210 train=2.77420 val=None lr=0.000282764
2026-09-30 21:12:36,290 step=11220 train=2.76034 val=None lr=0.00028273
2026-09-30 21:12:36,931 step=11230 train=2.41420 val=None lr=0.000282696
2026-09-30 21:12:37,485 step=11240 train=2.57079 val=None lr=0.000282662
2026-09-30 21:12:38,285 step=11250 train=2.64074 val=None lr=0.000282628
2026-09-30 21:12:38,793 step=11260 train=2.42167 val=None lr=0.000282594
2026-09-30 21:12:39,531 step=11270 train=2.46067 val=None lr=0.00028256
2026-09-30 21:12:40,092 step=11280 train=2.79383 val=None lr=0.000282526
2026-09-30 21:12:40,695 step=11290 train=2.63967 val=None lr=0.000282492
2026-09-30 21:12:41,653 step=11300 train=2.45507 val=2.5255504727363585 lr=0.000282458
2026-09-30 21:12:42,272 step=11310 train=2.56718 val=None lr=0.000282424
2026-09-30 21:12:43,009 step=11320 train=2.77615 val=None lr=0.000282389
2026-09-30 21:12:41,393 step=11330 train=2.76739 val=None lr=0.000282355
2026-09-30 21:12:41,973 step=11340 train=2.37642 val=None lr=0.000282321
2026-09-30 21:12:42,521 step=11350 train=2.52230 val=None lr=0.000282287
2026-09-30 21:12:43,170 step=11360 train=2.55334 val=None lr=0.000282252
2026-09-30 21:12:43,731 step=11370 train=2.57858 val=None lr=0.000282218
2026-09-30 21:12:44,356 step=11380 train=2.45930 val=None lr=0.000282184
2026-09-30 21:12:45,080 step=11390 train=2.41822 val=None lr=0.000282149
2026-09-30 21:12:46,074 step=11400 train=2.52986 val=2.5160179853439333 lr=0.000282115
2026-09-30 21:12:46,701 step=11410 train=2.66399 val=None lr=0.00028208
2026-09-30 21:12:47,291 step=11420 train=2.72832 val=None lr=0.000282046
2026-09-30 21:12:47,839 step=11430 train=2.49142 val=None lr=0.000282011
2026-09-30 21:12:48,460 step=11440 train=2.98938 val=None lr=0.000281977
2026-09-30 21:12:48,979 step=11450 train=2.62837 val=None lr=0.000281942
2026-09-30 21:12:49,601 step=11460 train=2.65118 val=None lr=0.000281908
2026-09-30 21:12:50,192 step=11470 train=2.46231 val=None lr=0.000281873
2026-09-30 21:12:50,790 step=11480 train=2.76632 val=None lr=0.000281838
2026-09-30 21:12:51,383 step=11490 train=2.68327 val=None lr=0.000281804
2026-09-30 21:12:52,398 step=11500 train=2.29296 val=2.5130314230918884 lr=0.000281769
2026-09-30 21:12:53,271 step=11510 train=2.53501 val=None lr=0.000281734
2026-09-30 21:12:53,829 step=11520 train=2.64622 val=None lr=0.000281699
2026-09-30 21:12:54,565 step=11530 train=2.39925 val=None lr=0.000281665
2026-09-30 21:12:55,125 step=11540 train=2.39205 val=None lr=0.00028163
2026-09-30 21:12:55,752 step=11550 train=2.57174 val=None lr=0.000281595
2026-09-30 21:12:56,415 step=11560 train=2.95437 val=None lr=0.00028156
2026-09-30 21:12:57,214 step=11570 train=2.57287 val=None lr=0.000281525
2026-09-30 21:12:57,795 step=11580 train=2.75578 val=None lr=0.00028149
2026-09-30 21:12:58,478 step=11590 train=2.21928 val=None lr=0.000281455
2026-09-30 21:12:59,594 step=11600 train=2.39703 val=2.5101240038871766 lr=0.00028142
2026-09-30 21:13:00,212 step=11610 train=2.43972 val=None lr=0.000281385
2026-09-30 21:13:00,745 step=11620 train=2.62718 val=None lr=0.00028135
2026-09-30 21:13:01,311 step=11630 train=2.58927 val=None lr=0.000281315
2026-09-30 21:13:01,923 step=11640 train=2.55919 val=None lr=0.000281279
2026-09-30 21:13:02,490 step=11650 train=2.55790 val=None lr=0.000281244
2026-09-30 21:13:03,024 step=11660 train=2.50482 val=None lr=0.000281209
2026-09-30 21:13:03,571 step=11670 train=2.46920 val=None lr=0.000281174
2026-09-30 21:13:04,150 step=11680 train=2.74539 val=None lr=0.000281138
2026-09-30 21:13:04,806 step=11690 train=2.53071 val=None lr=0.000281103
2026-09-30 21:13:05,797 step=11700 train=2.74322 val=2.502863109111786 lr=0.000281068
2026-09-30 21:13:06,499 step=11710 train=2.41541 val=None lr=0.000281032
2026-09-30 21:13:07,295 step=11720 train=2.67590 val=None lr=0.000280997
2026-09-30 21:13:07,914 step=11730 train=2.57851 val=None lr=0.000280962
2026-09-30 21:13:08,505 step=11740 train=2.51327 val=None lr=0.000280926
2026-09-30 21:13:09,067 step=11750 train=2.86062 val=None lr=0.000280891
2026-09-30 21:13:09,688 step=11760 train=2.50552 val=None lr=0.000280855
2026-09-30 21:13:10,278 step=11770 train=2.53806 val=None lr=0.000280819
2026-09-30 21:13:10,847 step=11780 train=2.63419 val=None lr=0.000280784
2026-09-30 21:13:11,517 step=11790 train=2.70734 val=None lr=0.000280748
2026-09-30 21:13:12,472 step=11800 train=2.72799 val=2.5008774161338807 lr=0.000280713
2026-09-30 21:13:13,097 step=11810 train=2.40437 val=None lr=0.000280677
2026-09-30 21:13:11,418 step=11820 train=2.70254 val=None lr=0.000280641
2026-09-30 21:13:11,980 step=11830 train=2.62092 val=None lr=0.000280605
2026-09-30 21:13:12,513 step=11840 train=2.78215 val=None lr=0.00028057
2026-09-30 21:13:13,118 step=11850 train=2.57176 val=None lr=0.000280534
2026-09-30 21:13:13,709 step=11860 train=2.43780 val=None lr=0.000280498
2026-09-30 21:13:14,279 step=11870 train=2.48785 val=None lr=0.000280462
2026-09-30 21:13:14,790 step=11880 train=2.58021 val=None lr=0.000280426
2026-09-30 21:13:15,701 step=11890 train=2.49555 val=None lr=0.00028039
2026-09-30 21:13:16,904 step=11900 train=2.54314 val=2.4953279376029966 lr=0.000280354
2026-09-30 21:13:17,458 step=11910 train=2.40207 val=None lr=0.000280318
2026-09-30 21:13:18,084 step=11920 train=2.86737 val=None lr=0.000280282
2026-09-30 21:13:18,794 step=11930 train=2.47711 val=None lr=0.000280246
2026-09-30 21:13:19,419 step=11940 train=2.90460 val=None lr=0.00028021
2026-09-30 21:13:19,964 step=11950 train=2.13785 val=None lr=0.000280174
2026-09-30 21:13:20,529 step=11960 train=2.57113 val=None lr=0.000280138
2026-09-30 21:13:21,118 step=11970 train=2.61293 val=None lr=0.000280102
2026-09-30 21:13:21,856 step=11980 train=2.30535 val=None lr=0.000280066
2026-09-30 21:13:22,480 step=11990 train=2.79284 val=None lr=0.000280029
2026-09-30 21:13:23,561 step=12000 train=2.71841 val=2.4905166625976562 lr=0.000279993
2026-09-30 21:13:24,455 step=12010 train=2.53339 val=None lr=0.000279957
2026-09-30 21:13:24,984 step=12020 train=2.64777 val=None lr=0.000279921
2026-09-30 21:13:25,532 step=12030 train=2.52674 val=None lr=0.000279884
2026-09-30 21:13:26,165 step=12040 train=2.36055 val=None lr=0.000279848
2026-09-30 21:13:26,841 step=12050 train=2.79612 val=None lr=0.000279811
2026-09-30 21:13:27,425 step=12060 train=2.56835 val=None lr=0.000279775
2026-09-30 21:13:28,095 step=12070 train=2.58625 val=None lr=0.000279739
2026-09-30 21:13:28,789 step=12080 train=2.32026 val=None lr=0.000279702
2026-09-30 21:13:29,358 step=12090 train=2.89965 val=None lr=0.000279666
2026-09-30 21:13:30,217 step=12100 train=2.38896 val=2.4884653329849242 lr=0.000279629
2026-09-30 21:13:30,720 step=12110 train=2.71327 val=None lr=0.000279592
2026-09-30 21:13:31,501 step=12120 train=2.59502 val=None lr=0.000279556
2026-09-30 21:13:32,195 step=12130 train=2.39997 val=None lr=0.000279519
2026-09-30 21:13:32,856 step=12140 train=2.26922 val=None lr=0.000279482
2026-09-30 21:13:33,511 step=12150 train=2.62087 val=None lr=0.000279446
2026-09-30 21:13:34,228 step=12160 train=2.45317 val=None lr=0.000279409
2026-09-30 21:13:34,958 step=12170 train=2.43256 val=None lr=0.000279372
2026-09-30 21:13:35,602 step=12180 train=2.64899 val=None lr=0.000279335
2026-09-30 21:13:36,210 step=12190 train=2.49393 val=None lr=0.000279299
2026-09-30 21:13:37,119 step=12200 train=2.60629 val=2.486543905735016 lr=0.000279262
2026-09-30 21:13:37,728 step=12210 train=2.58361 val=None lr=0.000279225
2026-09-30 21:13:38,234 step=12220 train=2.28895 val=None lr=0.000279188
2026-09-30 21:13:38,791 step=12230 train=2.63020 val=None lr=0.000279151
2026-09-30 21:13:39,619 step=12240 train=2.79961 val=None lr=0.000279114
2026-09-30 21:13:40,169 step=12250 train=2.58553 val=None lr=0.000279077
2026-09-30 21:13:40,774 step=12260 train=2.23547 val=None lr=0.00027904
2026-09-30 21:13:41,505 step=12270 train=2.50081 val=None lr=0.000279003
2026-09-30 21:13:42,104 step=12280 train=2.43557 val=None lr=0.000278966
2026-09-30 21:13:42,729 step=12290 train=2.38438 val=None lr=0.000278929
2026-09-30 21:13:43,604 step=12300 train=2.48777 val=2.480562162399292 lr=0.000278891
2026-09-30 21:13:41,971 step=12310 train=2.61077 val=None lr=0.000278854
2026-09-30 21:13:42,631 step=12320 train=2.51031 val=None lr=0.000278817
2026-09-30 21:13:43,282 step=12330 train=2.54459 val=None lr=0.00027878
2026-09-30 21:13:43,868 step=12340 train=2.57011 val=None lr=0.000278742
2026-09-30 21:13:44,524 step=12350 train=2.40964 val=None lr=0.000278705
2026-09-30 21:13:45,094 step=12360 train=2.46283 val=None lr=0.000278668
2026-09-30 21:13:45,629 step=12370 train=2.89197 val=None lr=0.00027863
2026-09-30 21:13:46,284 step=12380 train=2.52955 val=None lr=0.000278593
2026-09-30 21:13:46,982 step=12390 train=2.60408 val=None lr=0.000278556
2026-09-30 21:13:48,055 step=12400 train=2.40622 val=2.4747414231300353 lr=0.000278518
2026-09-30 21:13:48,623 step=12410 train=2.50198 val=None lr=0.000278481
2026-09-30 21:13:49,299 step=12420 train=2.68270 val=None lr=0.000278443
2026-09-30 21:13:49,831 step=12430 train=2.54117 val=None lr=0.000278406
2026-09-30 21:13:50,522 step=12440 train=2.76372 val=None lr=0.000278368
2026-09-30 21:13:51,385 step=12450 train=2.39458 val=None lr=0.00027833
2026-09-30 21:13:51,868 step=12460 train=2.53692 val=None lr=0.000278293
2026-09-30 21:13:52,362 step=12470 train=2.60532 val=None lr=0.000278255
2026-09-30 21:13:52,979 step=12480 train=2.41300 val=None lr=0.000278217
2026-09-30 21:13:53,563 step=12490 train=2.52490 val=None lr=0.00027818
2026-09-30 21:13:54,518 step=12500 train=2.48501 val=2.4689919114112855 lr=0.000278142
2026-09-30 21:13:55,358 step=12510 train=2.63752 val=None lr=0.000278104
2026-09-30 21:13:55,854 step=12520 train=2.46207 val=None lr=0.000278066
2026-09-30 21:13:56,407 step=12530 train=2.70954 val=None lr=0.000278028
2026-09-30 21:13:56,941 step=12540 train=2.55971 val=None lr=0.000277991
2026-09-30 21:13:57,494 step=12550 train=2.38831 val=None lr=0.000277953
2026-09-30 21:13:58,079 step=12560 train=2.57629 val=None lr=0.000277915
2026-09-30 21:13:58,651 step=12570 train=2.86360 val=None lr=0.000277877
2026-09-30 21:13:59,239 step=12580 train=2.41270 val=None lr=0.000277839
2026-09-30 21:13:59,778 step=12590 train=2.78587 val=None lr=0.000277801
2026-09-30 21:14:00,782 step=12600 train=2.31121 val=2.4624619245529176 lr=0.000277763
2026-09-30 21:14:01,311 step=12610 train=2.43314 val=None lr=0.000277725
2026-09-30 21:14:01,983 step=12620 train=2.50648 val=None lr=0.000277686
2026-09-30 21:14:02,771 step=12630 train=2.63466 val=None lr=0.000277648
2026-09-30 21:14:03,423 step=12640 train=2.57885 val=None lr=0.00027761
2026-09-30 21:14:04,258 step=12650 train=2.27944 val=None lr=0.000277572
2026-09-30 21:14:04,821 step=12660 train=2.41426 val=None lr=0.000277534
2026-09-30 21:14:05,756 step=12670 train=2.64081 val=None lr=0.000277495
2026-09-30 21:14:06,302 step=12680 train=2.56691 val=None lr=0.000277457
2026-09-30 21:14:06,944 step=12690 train=2.43065 val=None lr=0.000277419
2026-09-30 21:14:07,865 step=12700 train=2.65302 val=2.460846519470215 lr=0.00027738
2026-09-30 21:14:08,543 step=12710 train=2.56549 val=None lr=0.000277342
2026-09-30 21:14:09,035 step=12720 train=2.37560 val=None lr=0.000277304
2026-09-30 21:14:09,552 step=12730 train=2.43904 val=None lr=0.000277265
2026-09-30 21:14:10,073 step=12740 train=2.46116 val=None lr=0.000277227
2026-09-30 21:14:10,651 step=12750 train=2.81200 val=None lr=0.000277188
2026-09-30 21:14:11,204 step=12760 train=2.54851 val=None lr=0.00027715
2026-09-30 21:14:11,873 step=12770 train=2.46755 val=None lr=0.000277111
2026-09-30 21:14:12,432 step=12780 train=2.66636 val=None lr=0.000277073
2026-09-30 21:14:13,060 step=12790 train=2.41771 val=None lr=0.000277034
2026-09-30 21:14:13,926 step=12800 train=2.25758 val=2.465273749828339 lr=0.000276995
2026-09-30 21:14:12,218 step=12810 train=2.60690 val=None lr=0.000276957
2026-09-30 21:14:12,801 step=12820 train=2.34602 val=None lr=0.000276918
2026-09-30 21:14:13,396 step=12830 train=2.46238 val=None lr=0.000276879
2026-09-30 21:14:14,055 step=12840 train=2.51260 val=None lr=0.00027684
2026-09-30 21:14:14,630 step=12850 train=2.77333 val=None lr=0.000276802
2026-09-30 21:14:15,237 step=12860 train=2.59742 val=None lr=0.000276763
2026-09-30 21:14:15,861 step=12870 train=2.61431 val=None lr=0.000276724
2026-09-30 21:14:16,441 step=12880 train=2.40767 val=None lr=0.000276685
2026-09-30 21:14:16,954 step=12890 train=2.48447 val=None lr=0.000276646
2026-09-30 21:14:17,878 step=12900 train=2.87340 val=2.4551809668540954 lr=0.000276607
2026-09-30 21:14:18,502 step=12910 train=2.54091 val=None lr=0.000276568
2026-09-30 21:14:19,117 step=12920 train=2.47545 val=None lr=0.000276529
2026-09-30 21:14:19,827 step=12930 train=2.61593 val=None lr=0.00027649
2026-09-30 21:14:20,670 step=12940 train=2.25745 val=None lr=0.000276451
2026-09-30 21:14:21,172 step=12950 train=2.56871 val=None lr=0.000276412
2026-09-30 21:14:21,720 step=12960 train=2.33402 val=None lr=0.000276373
2026-09-30 21:14:22,330 step=12970 train=2.52753 val=None lr=0.000276334
2026-09-30 21:14:22,919 step=12980 train=2.41258 val=None lr=0.000276295
2026-09-30 21:14:23,494 step=12990 train=2.43739 val=None lr=0.000276255
2026-09-30 21:14:24,449 step=13000 train=2.44314 val=2.4527533531188963 lr=0.000276216
2026-09-30 21:14:25,331 step=13010 train=2.62547 val=None lr=0.000276177
2026-09-30 21:14:26,026 step=13020 train=2.74161 val=None lr=0.000276138
2026-09-30 21:14:26,507 step=13030 train=2.54014 val=None lr=0.000276098
2026-09-30 21:14:27,112 step=13040 train=2.60198 val=None lr=0.000276059
2026-09-30 21:14:27,658 step=13050 train=2.35427 val=None lr=0.00027602
2026-09-30 21:14:28,347 step=13060 train=2.45859 val=None lr=0.00027598
2026-09-30 21:14:28,873 step=13070 train=2.50994 val=None lr=0.000275941
2026-09-30 21:14:29,648 step=13080 train=2.58214 val=None lr=0.000275901
2026-09-30 21:14:30,194 step=13090 train=2.38606 val=None lr=0.000275862
2026-09-30 21:14:31,045 step=13100 train=2.28982 val=2.450687837600708 lr=0.000275822
2026-09-30 21:14:31,732 step=13110 train=2.55789 val=None lr=0.000275783
2026-09-30 21:14:32,378 step=13120 train=2.53153 val=None lr=0.000275743
2026-09-30 21:14:33,057 step=13130 train=2.43969 val=None lr=0.000275703
2026-09-30 21:14:33,578 step=13140 train=2.23746 val=None lr=0.000275664
2026-09-30 21:14:34,356 step=13150 train=2.17901 val=None lr=0.000275624
2026-09-30 21:14:34,900 step=13160 train=2.77831 val=None lr=0.000275584
2026-09-30 21:14:35,574 step=13170 train=2.73522 val=None lr=0.000275545
2026-09-30 21:14:36,311 step=13180 train=2.24068 val=None lr=0.000275505
2026-09-30 21:14:36,871 step=13190 train=2.79332 val=None lr=0.000275465
2026-09-30 21:14:37,840 step=13200 train=2.70590 val=2.4432786226272585 lr=0.000275425
2026-09-30 21:14:38,370 step=13210 train=2.64834 val=None lr=0.000275385
2026-09-30 21:14:38,953 step=13220 train=2.41683 val=None lr=0.000275346
2026-09-30 21:14:39,636 step=13230 train=2.30804 val=None lr=0.000275306
2026-09-30 21:14:40,310 step=13240 train=2.54949 val=None lr=0.000275266
2026-09-30 21:14:41,044 step=13250 train=2.59849 val=None lr=0.000275226
2026-09-30 21:14:41,721 step=13260 train=2.44653 val=None lr=0.000275186
2026-09-30 21:14:42,282 step=13270 train=2.26082 val=None lr=0.000275146
2026-09-30 21:14:42,819 step=13280 train=2.52073 val=None lr=0.000275106
2026-09-30 21:14:43,490 step=13290 train=2.42530 val=None lr=0.000275066
2026-09-30 21:14:44,515 step=13300 train=2.26934 val=2.441142439842224 lr=0.000275026
2026-09-30 21:14:42,801 step=13310 train=2.84047 val=None lr=0.000274985
2026-09-30 21:14:43,597 step=13320 train=2.46234 val=None lr=0.000274945
2026-09-30 21:14:44,168 step=13330 train=2.59999 val=None lr=0.000274905
2026-09-30 21:14:44,839 step=13340 train=3.10761 val=None lr=0.000274865
2026-09-30 21:14:45,336 step=13350 train=2.49553 val=None lr=0.000274825
2026-09-30 21:14:45,879 step=13360 train=2.40028 val=None lr=0.000274784
2026-09-30 21:14:46,440 step=13370 train=2.32435 val=None lr=0.000274744
2026-09-30 21:14:46,982 step=13380 train=2.37990 val=None lr=0.000274704
2026-09-30 21:14:47,564 step=13390 train=2.35728 val=None lr=0.000274663
2026-09-30 21:14:48,606 step=13400 train=2.42344 val=2.4396227478981016 lr=0.000274623
2026-09-30 21:14:49,140 step=13410 train=2.45666 val=None lr=0.000274582
2026-09-30 21:14:49,776 step=13420 train=2.51716 val=None lr=0.000274542
2026-09-30 21:14:50,372 step=13430 train=2.47646 val=None lr=0.000274501
2026-09-30 21:14:50,962 step=13440 train=2.90779 val=None lr=0.000274461
2026-09-30 21:14:51,628 step=13450 train=2.44442 val=None lr=0.00027442
2026-09-30 21:14:52,263 step=13460 train=2.83803 val=None lr=0.00027438
2026-09-30 21:14:52,909 step=13470 train=2.51452 val=None lr=0.000274339
2026-09-30 21:14:53,635 step=13480 train=2.37505 val=None lr=0.000274299
2026-09-30 21:14:54,227 step=13490 train=2.69865 val=None lr=0.000274258
2026-09-30 21:14:55,235 step=13500 train=2.87618 val=2.428379762172699 lr=0.000274217
2026-09-30 21:14:56,237 step=13510 train=2.45952 val=None lr=0.000274177
2026-09-30 21:14:57,000 step=13520 train=2.58934 val=None lr=0.000274136
2026-09-30 21:14:57,570 step=13530 train=2.50403 val=None lr=0.000274095
2026-09-30 21:14:58,125 step=13540 train=2.84148 val=None lr=0.000274054
2026-09-30 21:14:58,746 step=13550 train=2.41239 val=None lr=0.000274013
2026-09-30 21:14:59,348 step=13560 train=2.44373 val=None lr=0.000273973
2026-09-30 21:14:59,883 step=13570 train=2.17248 val=None lr=0.000273932
2026-09-30 21:15:00,532 step=13580 train=2.35522 val=None lr=0.000273891
2026-09-30 21:15:01,158 step=13590 train=2.54217 val=None lr=0.00027385
2026-09-30 21:15:02,173 step=13600 train=2.52418 val=2.4227906703948974 lr=0.000273809
2026-09-30 21:15:02,714 step=13610 train=2.32943 val=None lr=0.000273768
2026-09-30 21:15:03,419 step=13620 train=2.62889 val=None lr=0.000273727
2026-09-30 21:15:03,986 step=13630 train=2.47288 val=None lr=0.000273686
2026-09-30 21:15:04,631 step=13640 train=2.44393 val=None lr=0.000273645
2026-09-30 21:15:05,253 step=13650 train=2.49464 val=None lr=0.000273604
2026-09-30 21:15:05,758 step=13660 train=2.52501 val=None lr=0.000273562
2026-09-30 21:15:06,484 step=13670 train=2.49628 val=None lr=0.000273521
2026-09-30 21:15:07,045 step=13680 train=2.49710 val=None lr=0.00027348
2026-09-30 21:15:07,673 step=13690 train=2.37712 val=None lr=0.000273439
2026-09-30 21:15:08,472 step=13700 train=2.41848 val=2.4230360984802246 lr=0.000273398
2026-09-30 21:15:09,142 step=13710 train=2.25864 val=None lr=0.000273356
2026-09-30 21:15:09,728 step=13720 train=2.41039 val=None lr=0.000273315
2026-09-30 21:15:10,296 step=13730 train=2.51496 val=None lr=0.000273274
2026-09-30 21:15:10,926 step=13740 train=2.51977 val=None lr=0.000273232
2026-09-30 21:15:11,553 step=13750 train=2.47149 val=None lr=0.000273191
2026-09-30 21:15:12,048 step=13760 train=2.36931 val=None lr=0.000273149
2026-09-30 21:15:12,601 step=13770 train=2.29118 val=None lr=0.000273108
2026-09-30 21:15:13,176 step=13780 train=2.74354 val=None lr=0.000273066
2026-09-30 21:15:13,773 step=13790 train=2.50733 val=None lr=0.000273025
2026-09-30 21:15:14,642 step=13800 train=2.21219 val=2.4197663068771362 lr=0.000272983
2026-09-30 21:15:12,917 step=13810 train=2.58869 val=None lr=0.000272942
2026-09-30 21:15:13,448 step=13820 train=2.46678 val=None lr=0.0002729
2026-09-30 21:15:14,136 step=13830 train=2.96509 val=None lr=0.000272859
2026-09-30 21:15:14,679 step=13840 train=2.49135 val=None lr=0.000272817
2026-09-30 21:15:15,251 step=13850 train=2.21773 val=None lr=0.000272775
2026-09-30 21:15:15,845 step=13860 train=2.99455 val=None lr=0.000272734
2026-09-30 21:15:16,390 step=13870 train=2.52249 val=None lr=0.000272692
2026-09-30 21:15:16,951 step=13880 train=2.70440 val=None lr=0.00027265
2026-09-30 21:15:17,550 step=13890 train=2.32680 val=None lr=0.000272608
2026-09-30 21:15:18,494 step=13900 train=2.46420 val=2.414765918254852 lr=0.000272566
2026-09-30 21:15:19,212 step=13910 train=2.45117 val=None lr=0.000272525
2026-09-30 21:15:19,785 step=13920 train=2.48781 val=None lr=0.000272483
2026-09-30 21:15:20,377 step=13930 train=2.31560 val=None lr=0.000272441
2026-09-30 21:15:20,912 step=13940 train=2.68567 val=None lr=0.000272399
2026-09-30 21:15:21,595 step=13950 train=2.78197 val=None lr=0.000272357
2026-09-30 21:15:22,263 step=13960 train=2.58875 val=None lr=0.000272315
2026-09-30 21:15:22,750 step=13970 train=2.81569 val=None lr=0.000272273
2026-09-30 21:15:23,426 step=13980 train=2.43218 val=None lr=0.000272231
2026-09-30 21:15:23,996 step=13990 train=2.91831 val=None lr=0.000272189
2026-09-30 21:15:25,033 step=14000 train=2.34572 val=2.414538395404816 lr=0.000272147
2026-09-30 21:15:25,953 step=14010 train=2.47306 val=None lr=0.000272104
2026-09-30 21:15:26,511 step=14020 train=2.36129 val=None lr=0.000272062
2026-09-30 21:15:27,107 step=14030 train=2.64375 val=None lr=0.00027202
2026-09-30 21:15:27,721 step=14040 train=2.64626 val=None lr=0.000271978
2026-09-30 21:15:28,338 step=14050 train=2.46156 val=None lr=0.000271936
2026-09-30 21:15:28,899 step=14060 train=2.27302 val=None lr=0.000271893
2026-09-30 21:15:29,467 step=14070 train=2.48171 val=None lr=0.000271851
2026-09-30 21:15:30,049 step=14080 train=2.54613 val=None lr=0.000271809
2026-09-30 21:15:30,870 step=14090 train=2.42143 val=None lr=0.000271766
2026-09-30 21:15:31,914 step=14100 train=2.60704 val=2.410196816921234 lr=0.000271724
2026-09-30 21:15:32,471 step=14110 train=2.51221 val=None lr=0.000271682
2026-09-30 21:15:33,084 step=14120 train=2.43024 val=None lr=0.000271639
2026-09-30 21:15:33,732 step=14130 train=2.63737 val=None lr=0.000271597
2026-09-30 21:15:34,424 step=14140 train=2.47992 val=None lr=0.000271554
2026-09-30 21:15:34,936 step=14150 train=2.56964 val=None lr=0.000271512
2026-09-30 21:15:35,438 step=14160 train=2.53253 val=None lr=0.000271469
2026-09-30 21:15:36,001 step=14170 train=2.61610 val=None lr=0.000271426
2026-09-30 21:15:36,613 step=14180 train=2.51013 val=None lr=0.000271384
2026-09-30 21:15:37,441 step=14190 train=2.53765 val=None lr=0.000271341
2026-09-30 21:15:38,678 step=14200 train=2.52200 val=2.3997958064079286 lr=0.000271299
2026-09-30 21:15:39,284 step=14210 train=2.59385 val=None lr=0.000271256
2026-09-30 21:15:40,024 step=14220 train=2.47268 val=None lr=0.000271213
2026-09-30 21:15:40,582 step=14230 train=2.79886 val=None lr=0.00027117
2026-09-30 21:15:41,152 step=14240 train=2.23986 val=None lr=0.000271128
2026-09-30 21:15:41,673 step=14250 train=2.81871 val=None lr=0.000271085
2026-09-30 21:15:42,181 step=14260 train=2.50208 val=None lr=0.000271042
2026-09-30 21:15:42,671 step=14270 train=2.52375 val=None lr=0.000270999
2026-09-30 21:15:43,403 step=14280 train=2.22382 val=None lr=0.000270956
2026-09-30 21:15:43,935 step=14290 train=2.43991 val=None lr=0.000270913
2026-09-30 21:15:44,869 step=14300 train=2.35783 val=2.3983537912368775 lr=0.00027087
2026-09-30 21:15:43,314 step=14310 train=2.83694 val=None lr=0.000270827
2026-09-30 21:15:43,934 step=14320 train=2.35676 val=None lr=0.000270784
2026-09-30 21:15:44,557 step=14330 train=2.44161 val=None lr=0.000270741
2026-09-30 21:15:45,078 step=14340 train=2.19683 val=None lr=0.000270698
2026-09-30 21:15:45,637 step=14350 train=2.89880 val=None lr=0.000270655
2026-09-30 21:15:46,277 step=14360 train=2.28305 val=None lr=0.000270612
2026-09-30 21:15:46,864 step=14370 train=2.50931 val=None lr=0.000270569
2026-09-30 21:15:47,440 step=14380 train=2.41350 val=None lr=0.000270526
2026-09-30 21:15:48,076 step=14390 train=2.68466 val=None lr=0.000270482
2026-09-30 21:15:49,180 step=14400 train=2.52319 val=2.400995099544525 lr=0.000270439
2026-09-30 21:15:49,755 step=14410 train=2.69813 val=None lr=0.000270396
2026-09-30 21:15:50,248 step=14420 train=2.41658 val=None lr=0.000270353
2026-09-30 21:15:50,831 step=14430 train=2.28731 val=None lr=0.000270309
2026-09-30 21:15:51,603 step=14440 train=2.53066 val=None lr=0.000270266
2026-09-30 21:15:52,173 step=14450 train=2.39636 val=None lr=0.000270223
2026-09-30 21:15:52,726 step=14460 train=2.60541 val=None lr=0.000270179
2026-09-30 21:15:53,394 step=14470 train=2.71128 val=None lr=0.000270136
2026-09-30 21:15:53,994 step=14480 train=2.34288 val=None lr=0.000270092
2026-09-30 21:15:54,741 step=14490 train=2.49863 val=None lr=0.000270049
2026-09-30 21:15:55,726 step=14500 train=2.51136 val=2.39396094083786 lr=0.000270005
2026-09-30 21:15:56,603 step=14510 train=2.28475 val=None lr=0.000269962
2026-09-30 21:15:57,297 step=14520 train=2.29427 val=None lr=0.000269918
2026-09-30 21:15:57,926 step=14530 train=2.34395 val=None lr=0.000269875
2026-09-30 21:15:58,672 step=14540 train=2.20323 val=None lr=0.000269831
2026-09-30 21:15:59,332 step=14550 train=2.38614 val=None lr=0.000269787
2026-09-30 21:16:00,029 step=14560 train=2.49839 val=None lr=0.000269744
2026-09-30 21:16:00,705 step=14570 train=2.45442 val=None lr=0.0002697
2026-09-30 21:16:01,351 step=14580 train=2.72786 val=None lr=0.000269656
2026-09-30 21:16:01,973 step=14590 train=2.51340 val=None lr=0.000269613
2026-09-30 21:16:03,174 step=14600 train=2.43819 val=2.392700529098511 lr=0.000269569
2026-09-30 21:16:03,735 step=14610 train=2.56191 val=None lr=0.000269525
2026-09-30 21:16:04,413 step=14620 train=2.50226 val=None lr=0.000269481
2026-09-30 21:16:04,925 step=14630 train=2.53704 val=None lr=0.000269437
2026-09-30 21:16:05,606 step=14640 train=2.49901 val=None lr=0.000269393
2026-09-30 21:16:06,280 step=14650 train=2.66651 val=None lr=0.00026935
2026-09-30 21:16:06,846 step=14660 train=2.45880 val=None lr=0.000269306
2026-09-30 21:16:07,786 step=14670 train=2.43039 val=None lr=0.000269262
2026-09-30 21:16:08,513 step=14680 train=2.47259 val=None lr=0.000269218
2026-09-30 21:16:09,039 step=14690 train=2.67438 val=None lr=0.000269174
2026-09-30 21:16:10,143 step=14700 train=2.09692 val=2.386106824874878 lr=0.00026913
2026-09-30 21:16:10,778 step=14710 train=2.70301 val=None lr=0.000269085
2026-09-30 21:16:11,288 step=14720 train=2.47383 val=None lr=0.000269041
2026-09-30 21:16:12,007 step=14730 train=2.54569 val=None lr=0.000268997
2026-09-30 21:16:12,609 step=14740 train=2.42514 val=None lr=0.000268953
2026-09-30 21:16:13,181 step=14750 train=2.41174 val=None lr=0.000268909
2026-09-30 21:16:13,669 step=14760 train=2.52976 val=None lr=0.000268865
2026-09-30 21:16:14,305 step=14770 train=2.38035 val=None lr=0.00026882
2026-09-30 21:16:15,047 step=14780 train=2.36472 val=None lr=0.000268776
2026-09-30 21:16:13,352 step=14790 train=2.20089 val=None lr=0.000268732
2026-09-30 21:16:14,237 step=14800 train=2.28673 val=2.379507529735565 lr=0.000268687
2026-09-30 21:16:14,847 step=14810 train=2.25161 val=None lr=0.000268643
2026-09-30 21:16:15,382 step=14820 train=2.33910 val=None lr=0.000268599
2026-09-30 21:16:16,122 step=14830 train=2.36311 val=None lr=0.000268554
2026-09-30 21:16:16,736 step=14840 train=2.47271 val=None lr=0.00026851
2026-09-30 21:16:17,306 step=14850 train=2.43643 val=None lr=0.000268465
2026-09-30 21:16:17,912 step=14860 train=2.48642 val=None lr=0.000268421
2026-09-30 21:16:18,428 step=14870 train=2.14159 val=None lr=0.000268376
2026-09-30 21:16:19,049 step=14880 train=2.27035 val=None lr=0.000268332
2026-09-30 21:16:19,593 step=14890 train=2.57828 val=None lr=0.000268287
2026-09-30 21:16:20,443 step=14900 train=2.40891 val=2.3826138496398928 lr=0.000268243
2026-09-30 21:16:20,947 step=14910 train=2.50249 val=None lr=0.000268198
2026-09-30 21:16:21,548 step=14920 train=2.48433 val=None lr=0.000268153
2026-09-30 21:16:22,095 step=14930 train=2.51322 val=None lr=0.000268109
2026-09-30 21:16:22,670 step=14940 train=2.52965 val=None lr=0.000268064
2026-09-30 21:16:23,261 step=14950 train=2.16692 val=None lr=0.000268019
2026-09-30 21:16:23,818 step=14960 train=2.61214 val=None lr=0.000267975
2026-09-30 21:16:24,437 step=14970 train=2.25970 val=None lr=0.00026793
2026-09-30 21:16:25,183 step=14980 train=2.50461 val=None lr=0.000267885
2026-09-30 21:16:25,728 step=14990 train=2.55683 val=None lr=0.00026784
2026-09-30 21:16:26,624 step=15000 train=2.69009 val=2.379435133934021 lr=0.000267795
2026-09-30 21:16:27,505 step=15010 train=2.23815 val=None lr=0.00026775
2026-09-30 21:16:28,189 step=15020 train=2.45693 val=None lr=0.000267705
2026-09-30 21:16:28,807 step=15030 train=2.35564 val=None lr=0.00026766
2026-09-30 21:16:29,362 step=15040 train=2.40356 val=None lr=0.000267615
2026-09-30 21:16:29,953 step=15050 train=2.33866 val=None lr=0.00026757
2026-09-30 21:16:30,667 step=15060 train=2.34429 val=None lr=0.000267525
2026-09-30 21:16:31,462 step=15070 train=2.28153 val=None lr=0.00026748
2026-09-30 21:16:32,109 step=15080 train=2.60674 val=None lr=0.000267435
2026-09-30 21:16:32,767 step=15090 train=2.37287 val=None lr=0.00026739
2026-09-30 21:16:33,696 step=15100 train=2.39827 val=2.3764609813690187 lr=0.000267345
2026-09-30 21:16:34,578 step=15110 train=2.27786 val=None lr=0.0002673
2026-09-30 21:16:35,179 step=15120 train=2.52697 val=None lr=0.000267255
2026-09-30 21:16:35,809 step=15130 train=2.31562 val=None lr=0.000267209
2026-09-30 21:16:36,566 step=15140 train=2.55674 val=None lr=0.000267164
2026-09-30 21:16:37,148 step=15150 train=2.25093 val=None lr=0.000267119
2026-09-30 21:16:37,731 step=15160 train=2.62135 val=None lr=0.000267074
2026-09-30 21:16:38,383 step=15170 train=2.36010 val=None lr=0.000267028
2026-09-30 21:16:38,986 step=15180 train=2.70844 val=None lr=0.000266983
2026-09-30 21:16:39,555 step=15190 train=2.52202 val=None lr=0.000266938
2026-09-30 21:16:40,457 step=15200 train=2.34789 val=2.374720561504364 lr=0.000266892
2026-09-30 21:16:41,067 step=15210 train=2.71722 val=None lr=0.000266847
2026-09-30 21:16:41,638 step=15220 train=2.41168 val=None lr=0.000266801
2026-09-30 21:16:42,234 step=15230 train=2.43511 val=None lr=0.000266756
2026-09-30 21:16:42,793 step=15240 train=2.20719 val=None lr=0.00026671
2026-09-30 21:16:43,297 step=15250 train=2.73473 val=None lr=0.000266665
2026-09-30 21:16:43,988 step=15260 train=2.61212 val=None lr=0.000266619
2026-09-30 21:16:44,525 step=15270 train=2.41122 val=None lr=0.000266573
2026-09-30 21:16:45,022 step=15280 train=2.75500 val=None lr=0.000266528
2026-09-30 21:16:45,575 step=15290 train=2.41918 val=None lr=0.000266482
2026-09-30 21:16:44,236 step=15300 train=2.59222 val=2.3685686349868775 lr=0.000266437
2026-09-30 21:16:45,333 step=15310 train=2.36081 val=None lr=0.000266391
2026-09-30 21:16:46,066 step=15320 train=2.48540 val=None lr=0.000266345
2026-09-30 21:16:46,811 step=15330 train=2.45914 val=None lr=0.000266299
2026-09-30 21:16:47,547 step=15340 train=2.42738 val=None lr=0.000266254
2026-09-30 21:16:48,144 step=15350 train=2.58595 val=None lr=0.000266208
2026-09-30 21:16:48,747 step=15360 train=2.63907 val=None lr=0.000266162
2026-09-30 21:16:49,332 step=15370 train=2.46150 val=None lr=0.000266116
2026-09-30 21:16:49,932 step=15380 train=2.43904 val=None lr=0.00026607
2026-09-30 21:16:50,551 step=15390 train=2.34668 val=None lr=0.000266024
2026-09-30 21:16:51,445 step=15400 train=2.26575 val=2.366908860206604 lr=0.000265978
2026-09-30 21:16:51,952 step=15410 train=2.24331 val=None lr=0.000265932
2026-09-30 21:16:52,586 step=15420 train=2.53803 val=None lr=0.000265886
2026-09-30 21:16:53,205 step=15430 train=2.28181 val=None lr=0.00026584
2026-09-30 21:16:54,042 step=15440 train=2.40973 val=None lr=0.000265794
2026-09-30 21:16:54,687 step=15450 train=2.17641 val=None lr=0.000265748
2026-09-30 21:16:55,382 step=15460 train=2.38483 val=None lr=0.000265702
2026-09-30 21:16:56,151 step=15470 train=2.37512 val=None lr=0.000265656
2026-09-30 21:16:56,831 step=15480 train=2.17056 val=None lr=0.00026561
2026-09-30 21:16:57,636 step=15490 train=2.33201 val=None lr=0.000265564
2026-09-30 21:16:58,810 step=15500 train=2.27487 val=2.3599151253700255 lr=0.000265517
2026-09-30 21:16:59,709 step=15510 train=2.20752 val=None lr=0.000265471
2026-09-30 21:17:00,331 step=15520 train=2.37920 val=None lr=0.000265425
2026-09-30 21:17:01,022 step=15530 train=2.40376 val=None lr=0.000265379
2026-09-30 21:17:01,538 step=15540 train=2.41417 val=None lr=0.000265332
2026-09-30 21:17:02,111 step=15550 train=2.17831 val=None lr=0.000265286
2026-09-30 21:17:02,813 step=15560 train=2.56528 val=None lr=0.00026524
2026-09-30 21:17:03,317 step=15570 train=2.59209 val=None lr=0.000265193
2026-09-30 21:17:03,841 step=15580 train=2.36307 val=None lr=0.000265147
2026-09-30 21:17:04,334 step=15590 train=2.47558 val=None lr=0.0002651
2026-09-30 21:17:05,246 step=15600 train=2.34765 val=2.361259341239929 lr=0.000265054
2026-09-30 21:17:05,868 step=15610 train=2.45435 val=None lr=0.000265007
2026-09-30 21:17:06,491 step=15620 train=2.11670 val=None lr=0.000264961
2026-09-30 21:17:07,272 step=15630 train=2.35513 val=None lr=0.000264914
2026-09-30 21:17:07,880 step=15640 train=2.53500 val=None lr=0.000264868
2026-09-30 21:17:08,480 step=15650 train=2.71319 val=None lr=0.000264821
2026-09-30 21:17:09,118 step=15660 train=2.11716 val=None lr=0.000264774
2026-09-30 21:17:09,897 step=15670 train=2.28107 val=None lr=0.000264728
2026-09-30 21:17:10,509 step=15680 train=2.69878 val=None lr=0.000264681
2026-09-30 21:17:11,105 step=15690 train=2.30474 val=None lr=0.000264634
2026-09-30 21:17:12,082 step=15700 train=2.62184 val=2.3584585666656492 lr=0.000264588
2026-09-30 21:17:12,738 step=15710 train=2.43938 val=None lr=0.000264541
2026-09-30 21:17:13,330 step=15720 train=2.47823 val=None lr=0.000264494
2026-09-30 21:17:13,976 step=15730 train=2.47478 val=None lr=0.000264447
2026-09-30 21:17:14,615 step=15740 train=2.46359 val=None lr=0.0002644
2026-09-30 21:17:15,213 step=15750 train=2.49400 val=None lr=0.000264354
2026-09-30 21:17:15,821 step=15760 train=2.42654 val=None lr=0.000264307
2026-09-30 21:17:14,186 step=15770 train=2.29586 val=None lr=0.00026426
2026-09-30 21:17:14,752 step=15780 train=2.59400 val=None lr=0.000264213
2026-09-30 21:17:15,365 step=15790 train=2.67556 val=None lr=0.000264166
2026-09-30 21:17:16,501 step=15800 train=2.33691 val=2.352426528930664 lr=0.000264119
2026-09-30 21:17:16,999 step=15810 train=2.44315 val=None lr=0.000264072
2026-09-30 21:17:17,657 step=15820 train=2.64255 val=None lr=0.000264025
2026-09-30 21:17:18,362 step=15830 train=2.69697 val=None lr=0.000263978
2026-09-30 21:17:18,888 step=15840 train=2.19957 val=None lr=0.000263931
2026-09-30 21:17:19,458 step=15850 train=2.70687 val=None lr=0.000263883
2026-09-30 21:17:20,106 step=15860 train=2.79957 val=None lr=0.000263836
2026-09-30 21:17:20,810 step=15870 train=2.42776 val=None lr=0.000263789
2026-09-30 21:17:21,519 step=15880 train=2.30628 val=None lr=0.000263742
2026-09-30 21:17:22,188 step=15890 train=2.15119 val=None lr=0.000263695
2026-09-30 21:17:23,063 step=15900 train=2.48353 val=2.3538187861442568 lr=0.000263647
2026-09-30 21:17:23,669 step=15910 train=2.34065 val=None lr=0.0002636
2026-09-30 21:17:24,268 step=15920 train=2.34461 val=None lr=0.000263553
2026-09-30 21:17:25,043 step=15930 train=2.29651 val=None lr=0.000263506
2026-09-30 21:17:25,706 step=15940 train=2.47616 val=None lr=0.000263458
2026-09-30 21:17:26,440 step=15950 train=2.55927 val=None lr=0.000263411
2026-09-30 21:17:27,238 step=15960 train=2.06253 val=None lr=0.000263363
2026-09-30 21:17:27,874 step=15970 train=2.28942 val=None lr=0.000263316
2026-09-30 21:17:28,563 step=15980 train=2.39005 val=None lr=0.000263268
2026-09-30 21:17:29,187 step=15990 train=2.41483 val=None lr=0.000263221
2026-09-30 21:17:30,251 step=16000 train=2.43268 val=2.34742351770401 lr=0.000263173
2026-09-30 21:17:31,263 step=16010 train=2.70025 val=None lr=0.000263126
2026-09-30 21:17:31,928 step=16020 train=2.25110 val=None lr=0.000263078
2026-09-30 21:17:32,560 step=16030 train=2.49413 val=None lr=0.000263031
2026-09-30 21:17:33,225 step=16040 train=2.30847 val=None lr=0.000262983
2026-09-30 21:17:33,879 step=16050 train=2.31436 val=None lr=0.000262935
2026-09-30 21:17:34,673 step=16060 train=2.42394 val=None lr=0.000262888
2026-09-30 21:17:35,284 step=16070 train=2.44687 val=None lr=0.00026284
2026-09-30 21:17:35,930 step=16080 train=2.37660 val=None lr=0.000262792
2026-09-30 21:17:36,501 step=16090 train=2.38318 val=None lr=0.000262745
2026-09-30 21:17:37,470 step=16100 train=2.62117 val=2.3459925532341 lr=0.000262697
2026-09-30 21:17:38,147 step=16110 train=2.48829 val=None lr=0.000262649
2026-09-30 21:17:38,664 step=16120 train=2.20817 val=None lr=0.000262601
2026-09-30 21:17:39,663 step=16130 train=2.34452 val=None lr=0.000262553
2026-09-30 21:17:40,171 step=16140 train=2.46466 val=None lr=0.000262506
2026-09-30 21:17:40,683 step=16150 train=2.30716 val=None lr=0.000262458
2026-09-30 21:17:41,422 step=16160 train=2.36568 val=None lr=0.00026241
2026-09-30 21:17:42,015 step=16170 train=2.22198 val=None lr=0.000262362
2026-09-30 21:17:42,631 step=16180 train=2.25884 val=None lr=0.000262314
2026-09-30 21:17:43,335 step=16190 train=2.13184 val=None lr=0.000262266
2026-09-30 21:17:44,394 step=16200 train=2.32092 val=2.3414188981056214 lr=0.000262218
2026-09-30 21:17:45,225 step=16210 train=2.08978 val=None lr=0.00026217
2026-09-30 21:17:45,827 step=16220 train=2.26677 val=None lr=0.000262122
2026-09-30 21:17:44,263 step=16230 train=2.30469 val=None lr=0.000262073
2026-09-30 21:17:44,980 step=16240 train=2.53798 val=None lr=0.000262025
2026-09-30 21:17:45,653 step=16250 train=2.41658 val=None lr=0.000261977
2026-09-30 21:17:46,239 step=16260 train=2.16761 val=None lr=0.000261929
2026-09-30 21:17:47,007 step=16270 train=2.30498 val=None lr=0.000261881
2026-09-30 21:17:47,553 step=16280 train=2.50627 val=None lr=0.000261833
2026-09-30 21:17:48,140 step=16290 train=2.64786 val=None lr=0.000261784
2026-09-30 21:17:49,103 step=16300 train=2.40020 val=2.3391114115715026 lr=0.000261736
2026-09-30 21:17:49,851 step=16310 train=2.33367 val=None lr=0.000261688
2026-09-30 21:17:50,577 step=16320 train=2.77758 val=None lr=0.000261639
2026-09-30 21:17:51,156 step=16330 train=2.46215 val=None lr=0.000261591
2026-09-30 21:17:51,646 step=16340 train=2.16007 val=None lr=0.000261543
2026-09-30 21:17:52,216 step=16350 train=2.43014 val=None lr=0.000261494
2026-09-30 21:17:52,807 step=16360 train=2.40169 val=None lr=0.000261446
2026-09-30 21:17:53,396 step=16370 train=2.30071 val=None lr=0.000261397
2026-09-30 21:17:53,973 step=16380 train=2.27893 val=None lr=0.000261349
2026-09-30 21:17:54,514 step=16390 train=2.12484 val=None lr=0.0002613
2026-09-30 21:17:55,443 step=16400 train=2.34379 val=2.3356221318244934 lr=0.000261252
2026-09-30 21:17:55,996 step=16410 train=2.65685 val=None lr=0.000261203
2026-09-30 21:17:56,571 step=16420 train=2.19638 val=None lr=0.000261155
2026-09-30 21:17:57,102 step=16430 train=2.52934 val=None lr=0.000261106
2026-09-30 21:17:57,694 step=16440 train=2.11751 val=None lr=0.000261057
2026-09-30 21:17:58,309 step=16450 train=2.27020 val=None lr=0.000261009
2026-09-30 21:17:59,016 step=16460 train=2.21169 val=None lr=0.00026096
2026-09-30 21:17:59,547 step=16470 train=2.41173 val=None lr=0.000260911
2026-09-30 21:18:00,120 step=16480 train=2.25599 val=None lr=0.000260862
2026-09-30 21:18:00,804 step=16490 train=2.42355 val=None lr=0.000260814
2026-09-30 21:18:01,823 step=16500 train=2.37445 val=2.333477199077606 lr=0.000260765
2026-09-30 21:18:02,705 step=16510 train=2.37745 val=None lr=0.000260716
2026-09-30 21:18:03,270 step=16520 train=2.18242 val=None lr=0.000260667
2026-09-30 21:18:03,809 step=16530 train=2.39635 val=None lr=0.000260618
2026-09-30 21:18:04,352 step=16540 train=2.49907 val=None lr=0.00026057
2026-09-30 21:18:04,923 step=16550 train=2.50345 val=None lr=0.000260521
2026-09-30 21:18:05,653 step=16560 train=2.41314 val=None lr=0.000260472
2026-09-30 21:18:06,365 step=16570 train=2.33587 val=None lr=0.000260423
2026-09-30 21:18:06,893 step=16580 train=2.19553 val=None lr=0.000260374
2026-09-30 21:18:07,488 step=16590 train=2.77378 val=None lr=0.000260325
2026-09-30 21:18:08,415 step=16600 train=2.29013 val=2.329605424404144 lr=0.000260276
2026-09-30 21:18:09,088 step=16610 train=2.28045 val=None lr=0.000260227
2026-09-30 21:18:09,734 step=16620 train=2.56985 val=None lr=0.000260177
2026-09-30 21:18:10,364 step=16630 train=2.34072 val=None lr=0.000260128
2026-09-30 21:18:10,938 step=16640 train=2.49432 val=None lr=0.000260079
2026-09-30 21:18:11,531 step=16650 train=2.71989 val=None lr=0.00026003
2026-09-30 21:18:12,056 step=16660 train=2.03871 val=None lr=0.000259981
2026-09-30 21:18:12,662 step=16670 train=2.54675 val=None lr=0.000259932
2026-09-30 21:18:13,227 step=16680 train=2.14490 val=None lr=0.000259882
2026-09-30 21:18:13,872 step=16690 train=2.54189 val=None lr=0.000259833
2026-09-30 21:18:14,909 step=16700 train=2.47141 val=2.3238528251647947 lr=0.000259784
2026-09-30 21:18:15,637 step=16710 train=2.35618 val=None lr=0.000259734
2026-09-30 21:18:16,235 step=16720 train=2.62372 val=None lr=0.000259685
2026-09-30 21:18:16,785 step=16730 train=2.51866 val=None lr=0.000259636
2026-09-30 21:18:15,188 step=16740 train=2.30810 val=None lr=0.000259586
2026-09-30 21:18:15,673 step=16750 train=2.46357 val=None lr=0.000259537
2026-09-30 21:18:16,277 step=16760 train=2.69349 val=None lr=0.000259488
2026-09-30 21:18:16,786 step=16770 train=2.54964 val=None lr=0.000259438
2026-09-30 21:18:17,341 step=16780 train=2.59330 val=None lr=0.000259389
2026-09-30 21:18:17,877 step=16790 train=2.40446 val=None lr=0.000259339
2026-09-30 21:18:19,132 step=16800 train=2.28606 val=2.319026291370392 lr=0.00025929
2026-09-30 21:18:19,816 step=16810 train=2.08448 val=None lr=0.00025924
2026-09-30 21:18:20,324 step=16820 train=2.47296 val=None lr=0.00025919
2026-09-30 21:18:20,957 step=16830 train=2.63189 val=None lr=0.000259141
2026-09-30 21:18:21,517 step=16840 train=2.31083 val=None lr=0.000259091
2026-09-30 21:18:22,171 step=16850 train=2.31550 val=None lr=0.000259041
2026-09-30 21:18:22,708 step=16860 train=2.12682 val=None lr=0.000258992
2026-09-30 21:18:23,407 step=16870 train=2.50599 val=None lr=0.000258942
2026-09-30 21:18:24,045 step=16880 train=2.32297 val=None lr=0.000258892
2026-09-30 21:18:24,753 step=16890 train=2.27341 val=None lr=0.000258843
2026-09-30 21:18:25,584 step=16900 train=2.61687 val=2.3226128816604614 lr=0.000258793
2026-09-30 21:18:26,287 step=16910 train=2.40477 val=None lr=0.000258743
2026-09-30 21:18:26,890 step=16920 train=2.07222 val=None lr=0.000258693
2026-09-30 21:18:27,641 step=16930 train=2.20426 val=None lr=0.000258643
2026-09-30 21:18:28,281 step=16940 train=2.22208 val=None lr=0.000258593
2026-09-30 21:18:28,943 step=16950 train=2.72670 val=None lr=0.000258543
2026-09-30 21:18:29,588 step=16960 train=2.60705 val=None lr=0.000258493
2026-09-30 21:18:30,103 step=16970 train=2.35038 val=None lr=0.000258443
2026-09-30 21:18:30,646 step=16980 train=2.44510 val=None lr=0.000258394
2026-09-30 21:18:31,446 step=16990 train=2.32814 val=None lr=0.000258343
2026-09-30 21:18:32,367 step=17000 train=2.71409 val=2.3208584427833556 lr=0.000258293
2026-09-30 21:18:33,282 step=17010 train=2.29188 val=None lr=0.000258243
2026-09-30 21:18:33,874 step=17020 train=2.29839 val=None lr=0.000258193
2026-09-30 21:18:34,467 step=17030 train=2.42683 val=None lr=0.000258143
2026-09-30 21:18:35,026 step=17040 train=2.45646 val=None lr=0.000258093
2026-09-30 21:18:35,620 step=17050 train=2.25792 val=None lr=0.000258043
2026-09-30 21:18:36,116 step=17060 train=2.38881 val=None lr=0.000257993
2026-09-30 21:18:36,616 step=17070 train=2.48138 val=None lr=0.000257943
2026-09-30 21:18:37,240 step=17080 train=2.28060 val=None lr=0.000257892
2026-09-30 21:18:37,874 step=17090 train=2.33602 val=None lr=0.000257842
2026-09-30 21:18:38,848 step=17100 train=2.40354 val=2.3165050625801085 lr=0.000257792
2026-09-30 21:18:39,404 step=17110 train=2.22214 val=None lr=0.000257741
2026-09-30 21:18:39,941 step=17120 train=2.31644 val=None lr=0.000257691
2026-09-30 21:18:40,510 step=17130 train=2.52024 val=None lr=0.000257641
2026-09-30 21:18:41,078 step=17140 train=2.30972 val=None lr=0.00025759
2026-09-30 21:18:41,597 step=17150 train=2.39404 val=None lr=0.00025754
2026-09-30 21:18:42,095 step=17160 train=2.39687 val=None lr=0.00025749
2026-09-30 21:18:42,625 step=17170 train=2.54451 val=None lr=0.000257439
2026-09-30 21:18:43,093 step=17180 train=2.32078 val=None lr=0.000257389
2026-09-30 21:18:43,726 step=17190 train=2.44445 val=None lr=0.000257338
2026-09-30 21:18:44,688 step=17200 train=2.26877 val=2.3138861060142517 lr=0.000257288
2026-09-30 21:18:45,266 step=17210 train=2.24271 val=None lr=0.000257237
2026-09-30 21:18:45,891 step=17220 train=2.21709 val=None lr=0.000257186
2026-09-30 21:18:46,400 step=17230 train=2.76251 val=None lr=0.000257136
2026-09-30 21:18:47,066 step=17240 train=2.51220 val=None lr=0.000257085
2026-09-30 21:18:45,263 step=17250 train=2.40098 val=None lr=0.000257035
2026-09-30 21:18:45,838 step=17260 train=2.48890 val=None lr=0.000256984
2026-09-30 21:18:46,424 step=17270 train=2.30564 val=None lr=0.000256933
2026-09-30 21:18:46,998 step=17280 train=2.40190 val=None lr=0.000256883
2026-09-30 21:18:47,583 step=17290 train=2.51167 val=None lr=0.000256832
2026-09-30 21:18:48,617 step=17300 train=2.16657 val=2.3099943161010743 lr=0.000256781
2026-09-30 21:18:49,166 step=17310 train=2.51137 val=None lr=0.00025673
2026-09-30 21:18:49,750 step=17320 train=2.28979 val=None lr=0.000256679
2026-09-30 21:18:50,301 step=17330 train=2.37110 val=None lr=0.000256629
2026-09-30 21:18:51,023 step=17340 train=2.17989 val=None lr=0.000256578
2026-09-30 21:18:51,640 step=17350 train=2.51869 val=None lr=0.000256527
2026-09-30 21:18:52,265 step=17360 train=2.32670 val=None lr=0.000256476
2026-09-30 21:18:52,884 step=17370 train=2.57885 val=None lr=0.000256425
2026-09-30 21:18:53,519 step=17380 train=1.97062 val=None lr=0.000256374
2026-09-30 21:18:54,093 step=17390 train=2.61769 val=None lr=0.000256323
2026-09-30 21:18:55,108 step=17400 train=2.33813 val=2.3084604024887083 lr=0.000256272
2026-09-30 21:18:55,799 step=17410 train=2.34639 val=None lr=0.000256221
2026-09-30 21:18:56,474 step=17420 train=2.26533 val=None lr=0.00025617
2026-09-30 21:18:57,208 step=17430 train=2.24804 val=None lr=0.000256119
2026-09-30 21:18:57,708 step=17440 train=2.36531 val=None lr=0.000256068
2026-09-30 21:18:58,228 step=17450 train=2.53329 val=None lr=0.000256017
2026-09-30 21:18:58,797 step=17460 train=2.61126 val=None lr=0.000255965
2026-09-30 21:18:59,270 step=17470 train=2.30842 val=None lr=0.000255914
2026-09-30 21:18:59,905 step=17480 train=2.36727 val=None lr=0.000255863
2026-09-30 21:19:00,638 step=17490 train=2.41517 val=None lr=0.000255812
2026-09-30 21:19:01,431 step=17500 train=2.21183 val=2.309583914279938 lr=0.000255761
2026-09-30 21:19:02,235 step=17510 train=2.00498 val=None lr=0.000255709
2026-09-30 21:19:02,764 step=17520 train=2.37991 val=None lr=0.000255658
2026-09-30 21:19:03,449 step=17530 train=2.13544 val=None lr=0.000255607
2026-09-30 21:19:04,018 step=17540 train=2.14667 val=None lr=0.000255555
2026-09-30 21:19:04,669 step=17550 train=2.28444 val=None lr=0.000255504
2026-09-30 21:19:05,291 step=17560 train=2.43176 val=None lr=0.000255453
2026-09-30 21:19:05,918 step=17570 train=2.03635 val=None lr=0.000255401
2026-09-30 21:19:06,653 step=17580 train=2.53846 val=None lr=0.00025535
2026-09-30 21:19:07,237 step=17590 train=2.46284 val=None lr=0.000255298
2026-09-30 21:19:08,199 step=17600 train=2.27321 val=2.308406186103821 lr=0.000255247
2026-09-30 21:19:08,913 step=17610 train=2.26943 val=None lr=0.000255195
2026-09-30 21:19:09,432 step=17620 train=2.21595 val=None lr=0.000255144
2026-09-30 21:19:10,046 step=17630 train=2.12358 val=None lr=0.000255092
2026-09-30 21:19:10,710 step=17640 train=2.38178 val=None lr=0.000255041
2026-09-30 21:19:11,376 step=17650 train=2.28160 val=None lr=0.000254989
2026-09-30 21:19:12,133 step=17660 train=2.44448 val=None lr=0.000254937
2026-09-30 21:19:12,664 step=17670 train=2.20046 val=None lr=0.000254886
2026-09-30 21:19:13,291 step=17680 train=2.14236 val=None lr=0.000254834
2026-09-30 21:19:14,055 step=17690 train=2.28738 val=None lr=0.000254782
2026-09-30 21:19:14,947 step=17700 train=2.74953 val=2.299760842323303 lr=0.000254731
2026-09-30 21:19:15,468 step=17710 train=2.42816 val=None lr=0.000254679
2026-09-30 21:19:15,993 step=17720 train=2.74852 val=None lr=0.000254627
2026-09-30 21:19:16,552 step=17730 train=2.44023 val=None lr=0.000254575
2026-09-30 21:19:17,148 step=17740 train=2.67808 val=None lr=0.000254524
2026-09-30 21:19:15,454 step=17750 train=2.36151 val=None lr=0.000254472
2026-09-30 21:19:16,084 step=17760 train=2.05653 val=None lr=0.00025442
2026-09-30 21:19:16,763 step=17770 train=2.44388 val=None lr=0.000254368
2026-09-30 21:19:17,371 step=17780 train=2.49285 val=None lr=0.000254316
2026-09-30 21:19:18,151 step=17790 train=2.30117 val=None lr=0.000254264
2026-09-30 21:19:19,117 step=17800 train=2.41724 val=2.2984830498695374 lr=0.000254212
2026-09-30 21:19:19,707 step=17810 train=2.46424 val=None lr=0.00025416
2026-09-30 21:19:20,447 step=17820 train=2.51752 val=None lr=0.000254108
2026-09-30 21:19:21,164 step=17830 train=2.63430 val=None lr=0.000254056
2026-09-30 21:19:21,683 step=17840 train=2.55108 val=None lr=0.000254004
2026-09-30 21:19:22,215 step=17850 train=2.54159 val=None lr=0.000253952
2026-09-30 21:19:22,779 step=17860 train=2.46171 val=None lr=0.0002539
2026-09-30 21:19:23,314 step=17870 train=2.01056 val=None lr=0.000253848
2026-09-30 21:19:23,959 step=17880 train=2.22882 val=None lr=0.000253796
2026-09-30 21:19:24,724 step=17890 train=2.46466 val=None lr=0.000253743
2026-09-30 21:19:25,597 step=17900 train=2.45010 val=2.2974831461906433 lr=0.000253691
2026-09-30 21:19:26,165 step=17910 train=2.28501 val=None lr=0.000253639
2026-09-30 21:19:26,712 step=17920 train=2.20977 val=None lr=0.000253587
2026-09-30 21:19:27,281 step=17930 train=2.36800 val=None lr=0.000253535
2026-09-30 21:19:27,842 step=17940 train=2.66167 val=None lr=0.000253482
2026-09-30 21:19:28,478 step=17950 train=2.25857 val=None lr=0.00025343
2026-09-30 21:19:29,130 step=17960 train=2.17962 val=None lr=0.000253378
2026-09-30 21:19:29,823 step=17970 train=2.35884 val=None lr=0.000253325
2026-09-30 21:19:30,438 step=17980 train=2.42235 val=None lr=0.000253273
2026-09-30 21:19:31,024 step=17990 train=2.44334 val=None lr=0.000253221
2026-09-30 21:19:32,072 step=18000 train=2.45944 val=2.292174220085144 lr=0.000253168
2026-09-30 21:19:33,215 step=18010 train=2.50307 val=None lr=0.000253116
2026-09-30 21:19:33,738 step=18020 train=2.26289 val=None lr=0.000253063
2026-09-30 21:19:34,258 step=18030 train=2.14764 val=None lr=0.000253011
2026-09-30 21:19:34,856 step=18040 train=2.48058 val=None lr=0.000252958
2026-09-30 21:19:35,396 step=18050 train=2.43328 val=None lr=0.000252906
2026-09-30 21:19:35,945 step=18060 train=2.26788 val=None lr=0.000252853
2026-09-30 21:19:36,423 step=18070 train=2.51967 val=None lr=0.0002528
2026-09-30 21:19:37,184 step=18080 train=2.28605 val=None lr=0.000252748
2026-09-30 21:19:37,869 step=18090 train=2.39301 val=None lr=0.000252695
2026-09-30 21:19:39,109 step=18100 train=2.16271 val=2.2885857582092286 lr=0.000252643
2026-09-30 21:19:39,961 step=18110 train=2.81268 val=None lr=0.00025259
2026-09-30 21:19:40,516 step=18120 train=2.67476 val=None lr=0.000252537
2026-09-30 21:19:41,059 step=18130 train=2.26168 val=None lr=0.000252484
2026-09-30 21:19:41,615 step=18140 train=2.07942 val=None lr=0.000252432
2026-09-30 21:19:42,407 step=18150 train=2.68892 val=None lr=0.000252379
2026-09-30 21:19:42,899 step=18160 train=2.41363 val=None lr=0.000252326
2026-09-30 21:19:43,433 step=18170 train=2.43609 val=None lr=0.000252273
2026-09-30 21:19:44,013 step=18180 train=2.26001 val=None lr=0.00025222
2026-09-30 21:19:44,597 step=18190 train=2.56548 val=None lr=0.000252168
2026-09-30 21:19:45,637 step=18200 train=2.41589 val=2.2885204195976256 lr=0.000252115
2026-09-30 21:19:46,200 step=18210 train=2.27926 val=None lr=0.000252062
2026-09-30 21:19:46,917 step=18220 train=2.08661 val=None lr=0.000252009
2026-09-30 21:19:47,668 step=18230 train=2.29683 val=None lr=0.000251956
2026-09-30 21:19:45,885 step=18240 train=2.40211 val=None lr=0.000251903
2026-09-30 21:19:46,372 step=18250 train=2.48545 val=None lr=0.00025185
2026-09-30 21:19:46,882 step=18260 train=2.36757 val=None lr=0.000251797
2026-09-30 21:19:47,469 step=18270 train=2.52576 val=None lr=0.000251744
2026-09-30 21:19:48,105 step=18280 train=2.13902 val=None lr=0.000251691
2026-09-30 21:19:48,759 step=18290 train=2.24521 val=None lr=0.000251638
2026-09-30 21:19:49,823 step=18300 train=2.38225 val=2.287554407119751 lr=0.000251585
2026-09-30 21:19:50,419 step=18310 train=2.23464 val=None lr=0.000251531
2026-09-30 21:19:51,084 step=18320 train=2.56045 val=None lr=0.000251478
2026-09-30 21:19:51,692 step=18330 train=2.47386 val=None lr=0.000251425
2026-09-30 21:19:52,505 step=18340 train=2.39758 val=None lr=0.000251372
2026-09-30 21:19:53,145 step=18350 train=2.23887 val=None lr=0.000251319
2026-09-30 21:19:53,745 step=18360 train=2.36371 val=None lr=0.000251265
2026-09-30 21:19:54,350 step=18370 train=2.26877 val=None lr=0.000251212
2026-09-30 21:19:54,920 step=18380 train=2.41149 val=None lr=0.000251159
2026-09-30 21:19:55,485 step=18390 train=2.62745 val=None lr=0.000251106
2026-09-30 21:19:56,390 step=18400 train=2.30434 val=2.2911305665969848 lr=0.000251052
2026-09-30 21:19:56,984 step=18410 train=2.21990 val=None lr=0.000250999
2026-09-30 21:19:57,528 step=18420 train=2.31810 val=None lr=0.000250945
2026-09-30 21:19:58,136 step=18430 train=2.52722 val=None lr=0.000250892
2026-09-30 21:19:58,718 step=18440 train=2.44401 val=None lr=0.000250839
2026-09-30 21:19:59,274 step=18450 train=2.48296 val=None lr=0.000250785
2026-09-30 21:19:59,840 step=18460 train=2.11921 val=None lr=0.000250732
2026-09-30 21:20:00,421 step=18470 train=2.01657 val=None lr=0.000250678
2026-09-30 21:20:00,975 step=18480 train=2.28394 val=None lr=0.000250625
2026-09-30 21:20:01,579 step=18490 train=2.27875 val=None lr=0.000250571
2026-09-30 21:20:02,947 step=18500 train=2.20755 val=2.2830550193786623 lr=0.000250518
2026-09-30 21:20:03,946 step=18510 train=2.32482 val=None lr=0.000250464
2026-09-30 21:20:04,867 step=18520 train=2.25440 val=None lr=0.00025041
2026-09-30 21:20:05,491 step=18530 train=2.39994 val=None lr=0.000250357
2026-09-30 21:20:05,990 step=18540 train=2.42454 val=None lr=0.000250303
2026-09-30 21:20:06,509 step=18550 train=2.34861 val=None lr=0.000250249
2026-09-30 21:20:07,056 step=18560 train=1.93002 val=None lr=0.000250196
2026-09-30 21:20:07,636 step=18570 train=2.52757 val=None lr=0.000250142
2026-09-30 21:20:08,148 step=18580 train=2.41638 val=None lr=0.000250088
2026-09-30 21:20:08,858 step=18590 train=2.08390 val=None lr=0.000250034
2026-09-30 21:20:09,808 step=18600 train=2.48017 val=2.279509961605072 lr=0.000249981
2026-09-30 21:20:10,401 step=18610 train=2.32298 val=None lr=0.000249927
2026-09-30 21:20:10,913 step=18620 train=2.31270 val=None lr=0.000249873
2026-09-30 21:20:11,489 step=18630 train=2.28072 val=None lr=0.000249819
2026-09-30 21:20:12,056 step=18640 train=2.07053 val=None lr=0.000249765
2026-09-30 21:20:12,719 step=18650 train=2.70465 val=None lr=0.000249711
2026-09-30 21:20:13,379 step=18660 train=2.21010 val=None lr=0.000249657
2026-09-30 21:20:14,035 step=18670 train=2.28561 val=None lr=0.000249604
2026-09-30 21:20:14,804 step=18680 train=2.61660 val=None lr=0.00024955
2026-09-30 21:20:15,398 step=18690 train=2.33637 val=None lr=0.000249496
2026-09-30 21:20:16,448 step=18700 train=2.44860 val=2.2792326331138613 lr=0.000249442
2026-09-30 21:20:17,070 step=18710 train=2.14339 val=None lr=0.000249387
2026-09-30 21:20:17,603 step=18720 train=2.59869 val=None lr=0.000249333
2026-09-30 21:20:16,014 step=18730 train=2.23167 val=None lr=0.000249279
2026-09-30 21:20:16,537 step=18740 train=2.37692 val=None lr=0.000249225
2026-09-30 21:20:17,210 step=18750 train=2.12368 val=None lr=0.000249171
2026-09-30 21:20:17,863 step=18760 train=2.42913 val=None lr=0.000249117
2026-09-30 21:20:18,515 step=18770 train=2.19524 val=None lr=0.000249063
2026-09-30 21:20:19,227 step=18780 train=2.38496 val=None lr=0.000249009
2026-09-30 21:20:19,869 step=18790 train=2.41836 val=None lr=0.000248954
2026-09-30 21:20:20,773 step=18800 train=2.17596 val=2.2762736439704896 lr=0.0002489
2026-09-30 21:20:21,369 step=18810 train=2.12572 val=None lr=0.000248846
2026-09-30 21:20:22,292 step=18820 train=2.28377 val=None lr=0.000248792
2026-09-30 21:20:22,873 step=18830 train=2.42853 val=None lr=0.000248737
2026-09-30 21:20:23,432 step=18840 train=2.16194 val=None lr=0.000248683
2026-09-30 21:20:24,036 step=18850 train=2.26379 val=None lr=0.000248629
2026-09-30 21:20:24,779 step=18860 train=2.17257 val=None lr=0.000248574
2026-09-30 21:20:25,619 step=18870 train=2.33638 val=None lr=0.00024852
2026-09-30 21:20:26,486 step=18880 train=2.39465 val=None lr=0.000248465
2026-09-30 21:20:27,157 step=18890 train=2.40624 val=None lr=0.000248411
2026-09-30 21:20:28,295 step=18900 train=2.07490 val=2.2728524446487426 lr=0.000248357
2026-09-30 21:20:28,852 step=18910 train=2.29287 val=None lr=0.000248302
2026-09-30 21:20:29,406 step=18920 train=2.37367 val=None lr=0.000248248
2026-09-30 21:20:30,162 step=18930 train=2.54727 val=None lr=0.000248193
2026-09-30 21:20:30,782 step=18940 train=2.51102 val=None lr=0.000248139
2026-09-30 21:20:31,290 step=18950 train=2.14069 val=None lr=0.000248084
2026-09-30 21:20:32,009 step=18960 train=2.42133 val=None lr=0.000248029
2026-09-30 21:20:32,567 step=18970 train=2.18007 val=None lr=0.000247975
2026-09-30 21:20:33,158 step=18980 train=2.30238 val=None lr=0.00024792
2026-09-30 21:20:33,735 step=18990 train=2.20898 val=None lr=0.000247866
2026-09-30 21:20:34,828 step=19000 train=2.56577 val=2.2723725199699403 lr=0.000247811
2026-09-30 21:20:35,711 step=19010 train=2.67440 val=None lr=0.000247756
2026-09-30 21:20:36,254 step=19020 train=2.19602 val=None lr=0.000247701
2026-09-30 21:20:36,882 step=19030 train=2.56057 val=None lr=0.000247647
2026-09-30 21:20:37,405 step=19040 train=2.37733 val=None lr=0.000247592
2026-09-30 21:20:37,965 step=19050 train=2.32029 val=None lr=0.000247537
2026-09-30 21:20:38,510 step=19060 train=2.45252 val=None lr=0.000247482
2026-09-30 21:20:39,234 step=19070 train=2.22827 val=None lr=0.000247427
2026-09-30 21:20:40,009 step=19080 train=2.63463 val=None lr=0.000247373
2026-09-30 21:20:40,597 step=19090 train=2.17344 val=None lr=0.000247318
2026-09-30 21:20:41,511 step=19100 train=2.43516 val=2.2650580048561095 lr=0.000247263
2026-09-30 21:20:42,203 step=19110 train=2.41644 val=None lr=0.000247208
2026-09-30 21:20:42,678 step=19120 train=2.27628 val=None lr=0.000247153
2026-09-30 21:20:43,286 step=19130 train=2.34988 val=None lr=0.000247098
2026-09-30 21:20:43,840 step=19140 train=2.28906 val=None lr=0.000247043
2026-09-30 21:20:44,531 step=19150 train=2.33986 val=None lr=0.000246988
2026-09-30 21:20:45,161 step=19160 train=2.25429 val=None lr=0.000246933
2026-09-30 21:20:45,781 step=19170 train=2.37446 val=None lr=0.000246878
2026-09-30 21:20:46,353 step=19180 train=2.57905 val=None lr=0.000246823
2026-09-30 21:20:47,018 step=19190 train=2.37015 val=None lr=0.000246768
2026-09-30 21:20:48,017 step=19200 train=2.34752 val=2.26417852640152 lr=0.000246713
2026-09-30 21:20:46,570 step=19210 train=2.38542 val=None lr=0.000246658
2026-09-30 21:20:47,378 step=19220 train=2.21359 val=None lr=0.000246602
2026-09-30 21:20:48,050 step=19230 train=2.39134 val=None lr=0.000246547
2026-09-30 21:20:48,603 step=19240 train=2.17328 val=None lr=0.000246492
2026-09-30 21:20:49,186 step=19250 train=2.24499 val=None lr=0.000246437
2026-09-30 21:20:49,939 step=19260 train=2.28453 val=None lr=0.000246382
2026-09-30 21:20:50,474 step=19270 train=2.51216 val=None lr=0.000246326
2026-09-30 21:20:51,015 step=19280 train=2.45386 val=None lr=0.000246271
2026-09-30 21:20:51,692 step=19290 train=2.41371 val=None lr=0.000246216
2026-09-30 21:20:52,684 step=19300 train=2.12736 val=2.2575432538986204 lr=0.000246161
2026-09-30 21:20:53,429 step=19310 train=2.72385 val=None lr=0.000246105
2026-09-30 21:20:53,935 step=19320 train=2.68627 val=None lr=0.00024605
2026-09-30 21:20:54,592 step=19330 train=2.17062 val=None lr=0.000245994
2026-09-30 21:20:55,117 step=19340 train=2.24091 val=None lr=0.000245939
2026-09-30 21:20:55,678 step=19350 train=2.32019 val=None lr=0.000245884
2026-09-30 21:20:56,242 step=19360 train=2.23663 val=None lr=0.000245828
2026-09-30 21:20:56,851 step=19370 train=2.23079 val=None lr=0.000245773
2026-09-30 21:20:57,445 step=19380 train=2.19811 val=None lr=0.000245717
2026-09-30 21:20:58,052 step=19390 train=2.52888 val=None lr=0.000245662
2026-09-30 21:20:58,900 step=19400 train=2.21370 val=2.2599661588668822 lr=0.000245606
2026-09-30 21:20:59,454 step=19410 train=2.06308 val=None lr=0.000245551
2026-09-30 21:21:00,041 step=19420 train=2.24924 val=None lr=0.000245495
2026-09-30 21:21:00,568 step=19430 train=2.05032 val=None lr=0.000245439
2026-09-30 21:21:01,266 step=19440 train=2.48528 val=None lr=0.000245384
2026-09-30 21:21:01,848 step=19450 train=2.31201 val=None lr=0.000245328
2026-09-30 21:21:02,448 step=19460 train=2.60829 val=None lr=0.000245272
2026-09-30 21:21:03,044 step=19470 train=2.36445 val=None lr=0.000245217
2026-09-30 21:21:03,676 step=19480 train=2.16734 val=None lr=0.000245161
2026-09-30 21:21:04,271 step=19490 train=2.32362 val=None lr=0.000245105
2026-09-30 21:21:05,129 step=19500 train=2.20113 val=2.257595252990723 lr=0.00024505
2026-09-30 21:21:06,027 step=19510 train=2.60106 val=None lr=0.000244994
2026-09-30 21:21:06,731 step=19520 train=2.28638 val=None lr=0.000244938
2026-09-30 21:21:07,440 step=19530 train=2.35336 val=None lr=0.000244882
2026-09-30 21:21:07,944 step=19540 train=2.17364 val=None lr=0.000244826
2026-09-30 21:21:08,512 step=19550 train=1.99816 val=None lr=0.000244771
2026-09-30 21:21:09,122 step=19560 train=2.37847 val=None lr=0.000244715
2026-09-30 21:21:09,648 step=19570 train=2.16809 val=None lr=0.000244659
2026-09-30 21:21:10,175 step=19580 train=2.22743 val=None lr=0.000244603
2026-09-30 21:21:10,739 step=19590 train=2.01618 val=None lr=0.000244547
2026-09-30 21:21:11,726 step=19600 train=2.34484 val=2.252491819858551 lr=0.000244491
2026-09-30 21:21:12,343 step=19610 train=2.18778 val=None lr=0.000244435
2026-09-30 21:21:12,960 step=19620 train=2.34322 val=None lr=0.000244379
2026-09-30 21:21:13,543 step=19630 train=2.12613 val=None lr=0.000244323
2026-09-30 21:21:14,125 step=19640 train=2.07950 val=None lr=0.000244267
2026-09-30 21:21:14,722 step=19650 train=2.36127 val=None lr=0.000244211
2026-09-30 21:21:15,415 step=19660 train=2.43845 val=None lr=0.000244155
2026-09-30 21:21:16,086 step=19670 train=2.36116 val=None lr=0.000244099
2026-09-30 21:21:16,784 step=19680 train=2.48367 val=None lr=0.000244043
2026-09-30 21:21:17,496 step=19690 train=1.98390 val=None lr=0.000243986
2026-09-30 21:21:16,399 step=19700 train=2.37480 val=2.255558395385742 lr=0.00024393
2026-09-30 21:21:16,973 step=19710 train=2.40173 val=None lr=0.000243874
2026-09-30 21:21:17,589 step=19720 train=2.26629 val=None lr=0.000243818
2026-09-30 21:21:18,234 step=19730 train=2.47720 val=None lr=0.000243762
2026-09-30 21:21:18,944 step=19740 train=2.31337 val=None lr=0.000243705
2026-09-30 21:21:19,624 step=19750 train=2.35825 val=None lr=0.000243649
2026-09-30 21:21:20,271 step=19760 train=2.30639 val=None lr=0.000243593
2026-09-30 21:21:20,995 step=19770 train=2.41850 val=None lr=0.000243537
2026-09-30 21:21:21,656 step=19780 train=2.13963 val=None lr=0.00024348
2026-09-30 21:21:22,174 step=19790 train=2.12405 val=None lr=0.000243424
2026-09-30 21:21:23,204 step=19800 train=2.48574 val=2.2430256485939024 lr=0.000243367
2026-09-30 21:21:23,795 step=19810 train=2.33469 val=None lr=0.000243311
2026-09-30 21:21:24,406 step=19820 train=2.03199 val=None lr=0.000243255
2026-09-30 21:21:24,978 step=19830 train=2.31367 val=None lr=0.000243198
2026-09-30 21:21:25,818 step=19840 train=2.34922 val=None lr=0.000243142
2026-09-30 21:21:26,586 step=19850 train=2.14050 val=None lr=0.000243085
2026-09-30 21:21:27,112 step=19860 train=2.36947 val=None lr=0.000243029
2026-09-30 21:21:27,583 step=19870 train=2.19163 val=None lr=0.000242972
2026-09-30 21:21:28,118 step=19880 train=2.58833 val=None lr=0.000242916
2026-09-30 21:21:28,803 step=19890 train=2.05112 val=None lr=0.000242859
2026-09-30 21:21:29,624 step=19900 train=2.24467 val=2.2447917222976685 lr=0.000242803
2026-09-30 21:21:30,403 step=19910 train=2.32740 val=None lr=0.000242746
2026-09-30 21:21:30,994 step=19920 train=2.29875 val=None lr=0.000242689
2026-09-30 21:21:31,691 step=19930 train=2.16448 val=None lr=0.000242633
2026-09-30 21:21:32,311 step=19940 train=2.28397 val=None lr=0.000242576
2026-09-30 21:21:32,925 step=19950 train=2.33872 val=None lr=0.000242519
2026-09-30 21:21:33,530 step=19960 train=2.25003 val=None lr=0.000242463
2026-09-30 21:21:34,143 step=19970 train=2.07386 val=None lr=0.000242406
2026-09-30 21:21:34,879 step=19980 train=2.33524 val=None lr=0.000242349
2026-09-30 21:21:35,440 step=19990 train=2.25611 val=None lr=0.000242293
2026-09-30 21:21:36,353 step=20000 train=2.21690 val=2.249602198600769 lr=0.000242236
2026-09-30 21:21:37,376 step=20010 train=2.29656 val=None lr=0.000242179
2026-09-30 21:21:37,958 step=20020 train=2.07050 val=None lr=0.000242122
2026-09-30 21:21:38,621 step=20030 train=2.18257 val=None lr=0.000242065
2026-09-30 21:21:39,141 step=20040 train=2.27058 val=None lr=0.000242008
2026-09-30 21:21:39,719 step=20050 train=2.28985 val=None lr=0.000241952
2026-09-30 21:21:40,353 step=20060 train=2.43962 val=None lr=0.000241895
2026-09-30 21:21:40,940 step=20070 train=2.36838 val=None lr=0.000241838
2026-09-30 21:21:41,511 step=20080 train=2.37223 val=None lr=0.000241781
2026-09-30 21:21:42,125 step=20090 train=2.45788 val=None lr=0.000241724
2026-09-30 21:21:43,140 step=20100 train=2.24632 val=2.246221053600311 lr=0.000241667
2026-09-30 21:21:43,676 step=20110 train=2.42467 val=None lr=0.00024161
2026-09-30 21:21:44,233 step=20120 train=2.53258 val=None lr=0.000241553
2026-09-30 21:21:44,821 step=20130 train=2.10680 val=None lr=0.000241496
2026-09-30 21:21:45,323 step=20140 train=2.20492 val=None lr=0.000241439
2026-09-30 21:21:46,048 step=20150 train=2.50329 val=None lr=0.000241382
2026-09-30 21:21:46,647 step=20160 train=2.28723 val=None lr=0.000241324
2026-09-30 21:21:47,411 step=20170 train=2.42002 val=None lr=0.000241267
2026-09-30 21:21:47,990 step=20180 train=2.31985 val=None lr=0.00024121
2026-09-30 21:21:48,696 step=20190 train=2.46293 val=None lr=0.000241153
2026-09-30 21:21:47,524 step=20200 train=2.40580 val=2.242663586139679 lr=0.000241096
2026-09-30 21:21:48,099 step=20210 train=2.21720 val=None lr=0.000241039
2026-09-30 21:21:48,769 step=20220 train=2.32168 val=None lr=0.000240981
2026-09-30 21:21:49,314 step=20230 train=2.41293 val=None lr=0.000240924
2026-09-30 21:21:49,858 step=20240 train=2.69163 val=None lr=0.000240867
2026-09-30 21:21:50,403 step=20250 train=2.17794 val=None lr=0.00024081
2026-09-30 21:21:50,986 step=20260 train=2.28305 val=None lr=0.000240752
2026-09-30 21:21:51,552 step=20270 train=1.99643 val=None lr=0.000240695
2026-09-30 21:21:52,172 step=20280 train=2.48478 val=None lr=0.000240638
2026-09-30 21:21:52,739 step=20290 train=2.24027 val=None lr=0.00024058
2026-09-30 21:21:53,606 step=20300 train=2.06046 val=2.2451264023780824 lr=0.000240523
2026-09-30 21:21:54,165 step=20310 train=2.40457 val=None lr=0.000240466
2026-09-30 21:21:54,679 step=20320 train=2.36304 val=None lr=0.000240408
2026-09-30 21:21:55,393 step=20330 train=2.12528 val=None lr=0.000240351
2026-09-30 21:21:56,105 step=20340 train=2.49205 val=None lr=0.000240293
2026-09-30 21:21:56,705 step=20350 train=2.37266 val=None lr=0.000240236
2026-09-30 21:21:57,253 step=20360 train=2.19548 val=None lr=0.000240178
2026-09-30 21:21:57,997 step=20370 train=2.09628 val=None lr=0.000240121
2026-09-30 21:21:58,651 step=20380 train=2.37353 val=None lr=0.000240063
2026-09-30 21:21:59,196 step=20390 train=2.45537 val=None lr=0.000240006
2026-09-30 21:22:00,218 step=20400 train=2.46136 val=2.2413368821144104 lr=0.000239948
2026-09-30 21:22:00,722 step=20410 train=2.20564 val=None lr=0.00023989
2026-09-30 21:22:01,310 step=20420 train=1.95267 val=None lr=0.000239833
2026-09-30 21:22:01,968 step=20430 train=2.52234 val=None lr=0.000239775
2026-09-30 21:22:02,461 step=20440 train=2.19345 val=None lr=0.000239717
2026-09-30 21:22:03,068 step=20450 train=2.39023 val=None lr=0.00023966
2026-09-30 21:22:03,745 step=20460 train=2.20981 val=None lr=0.000239602
2026-09-30 21:22:04,400 step=20470 train=2.39220 val=None lr=0.000239544
2026-09-30 21:22:04,962 step=20480 train=2.16748 val=None lr=0.000239487
2026-09-30 21:22:05,593 step=20490 train=2.37655 val=None lr=0.000239429
2026-09-30 21:22:06,517 step=20500 train=2.29435 val=2.2391155123710633 lr=0.000239371
2026-09-30 21:22:07,350 step=20510 train=2.17994 val=None lr=0.000239313
2026-09-30 21:22:07,957 step=20520 train=2.21285 val=None lr=0.000239255
2026-09-30 21:22:08,496 step=20530 train=2.42179 val=None lr=0.000239198
2026-09-30 21:22:09,129 step=20540 train=2.26234 val=None lr=0.00023914
2026-09-30 21:22:09,690 step=20550 train=2.28860 val=None lr=0.000239082
2026-09-30 21:22:10,237 step=20560 train=2.25100 val=None lr=0.000239024
2026-09-30 21:22:10,851 step=20570 train=2.54016 val=None lr=0.000238966
2026-09-30 21:22:11,435 step=20580 train=2.38309 val=None lr=0.000238908
2026-09-30 21:22:12,006 step=20590 train=2.47766 val=None lr=0.00023885
2026-09-30 21:22:13,148 step=20600 train=2.48297 val=2.234178626537323 lr=0.000238792
2026-09-30 21:22:13,685 step=20610 train=2.31847 val=None lr=0.000238734
2026-09-30 21:22:14,387 step=20620 train=2.39426 val=None lr=0.000238676
2026-09-30 21:22:15,104 step=20630 train=2.12921 val=None lr=0.000238618
2026-09-30 21:22:15,671 step=20640 train=2.25407 val=None lr=0.00023856
2026-09-30 21:22:16,356 step=20650 train=2.34389 val=None lr=0.000238502
2026-09-30 21:22:17,052 step=20660 train=2.37734 val=None lr=0.000238444
2026-09-30 21:22:17,585 step=20670 train=2.49097 val=None lr=0.000238386
2026-09-30 21:22:18,106 step=20680 train=2.23101 val=None lr=0.000238328
2026-09-30 21:22:18,858 step=20690 train=2.38933 val=None lr=0.00023827
2026-09-30 21:22:17,524 step=20700 train=2.22562 val=2.2306861162185667 lr=0.000238211
2026-09-30 21:22:18,182 step=20710 train=2.35776 val=None lr=0.000238153
2026-09-30 21:22:18,705 step=20720 train=2.16707 val=None lr=0.000238095
2026-09-30 21:22:19,321 step=20730 train=2.30517 val=None lr=0.000238037
2026-09-30 21:22:19,800 step=20740 train=2.21444 val=None lr=0.000237979
2026-09-30 21:22:20,387 step=20750 train=2.51159 val=None lr=0.00023792
2026-09-30 21:22:20,925 step=20760 train=2.57419 val=None lr=0.000237862
2026-09-30 21:22:21,480 step=20770 train=2.38306 val=None lr=0.000237804
2026-09-30 21:22:22,146 step=20780 train=2.04800 val=None lr=0.000237745
2026-09-30 21:22:22,792 step=20790 train=2.47077 val=None lr=0.000237687
2026-09-30 21:22:23,857 step=20800 train=2.19318 val=2.2298015832901 lr=0.000237629
2026-09-30 21:22:24,420 step=20810 train=2.29374 val=None lr=0.00023757
2026-09-30 21:22:24,939 step=20820 train=2.43550 val=None lr=0.000237512
2026-09-30 21:22:25,514 step=20830 train=2.48730 val=None lr=0.000237454
2026-09-30 21:22:26,112 step=20840 train=2.23876 val=None lr=0.000237395
2026-09-30 21:22:26,647 step=20850 train=1.96386 val=None lr=0.000237337
2026-09-30 21:22:27,240 step=20860 train=2.28321 val=None lr=0.000237278
2026-09-30 21:22:27,930 step=20870 train=2.08429 val=None lr=0.00023722
2026-09-30 21:22:28,623 step=20880 train=2.22062 val=None lr=0.000237161
2026-09-30 21:22:29,216 step=20890 train=2.35218 val=None lr=0.000237103
2026-09-30 21:22:30,614 step=20900 train=2.19970 val=2.2245398640632628 lr=0.000237044
2026-09-30 21:22:31,145 step=20910 train=2.38527 val=None lr=0.000236985
2026-09-30 21:22:31,675 step=20920 train=2.29512 val=None lr=0.000236927
2026-09-30 21:22:32,250 step=20930 train=2.33490 val=None lr=0.000236868
2026-09-30 21:22:32,958 step=20940 train=2.56679 val=None lr=0.00023681
2026-09-30 21:22:33,566 step=20950 train=2.34811 val=None lr=0.000236751
2026-09-30 21:22:34,078 step=20960 train=2.07353 val=None lr=0.000236692
2026-09-30 21:22:34,737 step=20970 train=2.16472 val=None lr=0.000236634
2026-09-30 21:22:35,530 step=20980 train=2.26552 val=None lr=0.000236575
2026-09-30 21:22:36,176 step=20990 train=2.87781 val=None lr=0.000236516
2026-09-30 21:22:36,905 step=21000 train=2.14926 val=2.225407803058624 lr=0.000236458
2026-09-30 21:22:37,734 step=21010 train=2.50519 val=None lr=0.000236399
2026-09-30 21:22:38,267 step=21020 train=2.17732 val=None lr=0.00023634
2026-09-30 21:22:39,016 step=21030 train=2.71300 val=None lr=0.000236281
2026-09-30 21:22:39,606 step=21040 train=1.98987 val=None lr=0.000236222
2026-09-30 21:22:40,141 step=21050 train=2.43868 val=None lr=0.000236164
2026-09-30 21:22:40,628 step=21060 train=2.35833 val=None lr=0.000236105
2026-09-30 21:22:41,299 step=21070 train=2.26173 val=None lr=0.000236046
2026-09-30 21:22:41,927 step=21080 train=2.09955 val=None lr=0.000235987
2026-09-30 21:22:42,611 step=21090 train=2.15481 val=None lr=0.000235928
2026-09-30 21:22:43,676 step=21100 train=2.26557 val=2.220703637599945 lr=0.000235869
2026-09-30 21:22:44,233 step=21110 train=2.19372 val=None lr=0.00023581
2026-09-30 21:22:44,806 step=21120 train=2.31870 val=None lr=0.000235751
2026-09-30 21:22:45,363 step=21130 train=1.93392 val=None lr=0.000235692
2026-09-30 21:22:45,932 step=21140 train=2.33185 val=None lr=0.000235633
2026-09-30 21:22:46,512 step=21150 train=2.33403 val=None lr=0.000235574
2026-09-30 21:22:47,097 step=21160 train=2.22029 val=None lr=0.000235515
2026-09-30 21:22:47,682 step=21170 train=2.41606 val=None lr=0.000235456
2026-09-30 21:22:48,262 step=21180 train=2.50516 val=None lr=0.000235397
2026-09-30 21:22:48,890 step=21190 train=2.29881 val=None lr=0.000235338
2026-09-30 21:22:47,550 step=21200 train=2.16047 val=2.2188372731208803 lr=0.000235279
2026-09-30 21:22:48,060 step=21210 train=2.31899 val=None lr=0.00023522
2026-09-30 21:22:48,604 step=21220 train=2.40566 val=None lr=0.000235161
2026-09-30 21:22:49,203 step=21230 train=2.31892 val=None lr=0.000235101
2026-09-30 21:22:49,737 step=21240 train=2.27917 val=None lr=0.000235042
2026-09-30 21:22:50,367 step=21250 train=2.34390 val=None lr=0.000234983
2026-09-30 21:22:51,072 step=21260 train=2.29773 val=None lr=0.000234924
2026-09-30 21:22:51,633 step=21270 train=2.03331 val=None lr=0.000234865
2026-09-30 21:22:52,316 step=21280 train=2.42045 val=None lr=0.000234805
2026-09-30 21:22:53,026 step=21290 train=1.96055 val=None lr=0.000234746
2026-09-30 21:22:54,142 step=21300 train=2.21557 val=2.2158724546432493 lr=0.000234687
2026-09-30 21:22:54,842 step=21310 train=2.03339 val=None lr=0.000234627
2026-09-30 21:22:55,466 step=21320 train=2.07807 val=None lr=0.000234568
2026-09-30 21:22:56,021 step=21330 train=2.24137 val=None lr=0.000234509
2026-09-30 21:22:56,587 step=21340 train=2.17547 val=None lr=0.000234449
2026-09-30 21:22:57,154 step=21350 train=2.11067 val=None lr=0.00023439
2026-09-30 21:22:57,790 step=21360 train=2.30775 val=None lr=0.000234331
2026-09-30 21:22:58,369 step=21370 train=2.31827 val=None lr=0.000234271
2026-09-30 21:22:58,968 step=21380 train=2.31241 val=None lr=0.000234212
2026-09-30 21:22:59,494 step=21390 train=2.21174 val=None lr=0.000234152
2026-09-30 21:23:00,424 step=21400 train=2.03453 val=2.2145358085632325 lr=0.000234093
2026-09-30 21:23:01,027 step=21410 train=2.07549 val=None lr=0.000234033
2026-09-30 21:23:01,570 step=21420 train=2.39284 val=None lr=0.000233974
2026-09-30 21:23:02,204 step=21430 train=2.23608 val=None lr=0.000233914
2026-09-30 21:23:02,739 step=21440 train=2.10452 val=None lr=0.000233855
2026-09-30 21:23:03,458 step=21450 train=2.46601 val=None lr=0.000233795
2026-09-30 21:23:04,262 step=21460 train=2.19830 val=None lr=0.000233735
2026-09-30 21:23:04,902 step=21470 train=2.31213 val=None lr=0.000233676
2026-09-30 21:23:05,646 step=21480 train=2.13120 val=None lr=0.000233616
2026-09-30 21:23:06,259 step=21490 train=2.26138 val=None lr=0.000233557
2026-09-30 21:23:07,120 step=21500 train=2.71903 val=2.2109472811222077 lr=0.000233497
2026-09-30 21:23:07,966 step=21510 train=1.98147 val=None lr=0.000233437
2026-09-30 21:23:08,528 step=21520 train=2.11655 val=None lr=0.000233378
2026-09-30 21:23:09,182 step=21530 train=1.90467 val=None lr=0.000233318
2026-09-30 21:23:09,831 step=21540 train=2.25678 val=None lr=0.000233258
2026-09-30 21:23:10,515 step=21550 train=2.04713 val=None lr=0.000233198
2026-09-30 21:23:11,143 step=21560 train=2.31250 val=None lr=0.000233139
2026-09-30 21:23:11,701 step=21570 train=2.11693 val=None lr=0.000233079
2026-09-30 21:23:12,348 step=21580 train=2.23553 val=None lr=0.000233019
2026-09-30 21:23:12,897 step=21590 train=2.34566 val=None lr=0.000232959
2026-09-30 21:23:13,701 step=21600 train=2.10635 val=2.212354826927185 lr=0.000232899
2026-09-30 21:23:14,233 step=21610 train=2.28083 val=None lr=0.00023284
2026-09-30 21:23:14,929 step=21620 train=2.27119 val=None lr=0.00023278
2026-09-30 21:23:15,557 step=21630 train=2.51871 val=None lr=0.00023272
2026-09-30 21:23:16,216 step=21640 train=2.31769 val=None lr=0.00023266
2026-09-30 21:23:16,942 step=21650 train=2.31048 val=None lr=0.0002326
2026-09-30 21:23:17,579 step=21660 train=2.08457 val=None lr=0.00023254
2026-09-30 21:23:18,156 step=21670 train=2.02828 val=None lr=0.00023248
2026-09-30 21:23:18,720 step=21680 train=2.55272 val=None lr=0.00023242
2026-09-30 21:23:19,330 step=21690 train=2.14032 val=None lr=0.00023236
2026-09-30 21:23:17,884 step=21700 train=2.38666 val=2.211917346715927 lr=0.0002323
2026-09-30 21:23:18,428 step=21710 train=2.38238 val=None lr=0.00023224
2026-09-30 21:23:19,015 step=21720 train=2.45998 val=None lr=0.00023218
2026-09-30 21:23:19,640 step=21730 train=2.52480 val=None lr=0.00023212
2026-09-30 21:23:20,226 step=21740 train=2.19422 val=None lr=0.00023206
2026-09-30 21:23:20,787 step=21750 train=1.98766 val=None lr=0.000232
2026-09-30 21:23:21,373 step=21760 train=2.36955 val=None lr=0.00023194
2026-09-30 21:23:21,868 step=21770 train=2.13125 val=None lr=0.000231879
2026-09-30 21:23:22,560 step=21780 train=2.32601 val=None lr=0.000231819
2026-09-30 21:23:23,158 step=21790 train=2.42806 val=None lr=0.000231759
2026-09-30 21:23:24,164 step=21800 train=2.18339 val=2.2107113003730774 lr=0.000231699
2026-09-30 21:23:24,786 step=21810 train=2.46493 val=None lr=0.000231639
2026-09-30 21:23:25,290 step=21820 train=2.40543 val=None lr=0.000231578
2026-09-30 21:23:25,814 step=21830 train=2.14402 val=None lr=0.000231518
2026-09-30 21:23:26,291 step=21840 train=2.49020 val=None lr=0.000231458
2026-09-30 21:23:26,903 step=21850 train=2.36294 val=None lr=0.000231398
2026-09-30 21:23:27,638 step=21860 train=2.29419 val=None lr=0.000231337
2026-09-30 21:23:28,228 step=21870 train=2.20537 val=None lr=0.000231277
2026-09-30 21:23:28,888 step=21880 train=1.93189 val=None lr=0.000231217
2026-09-30 21:23:29,460 step=21890 train=2.35664 val=None lr=0.000231156
2026-09-30 21:23:30,296 step=21900 train=2.00387 val=2.2123745918273925 lr=0.000231096
2026-09-30 21:23:30,901 step=21910 train=2.23358 val=None lr=0.000231036
2026-09-30 21:23:31,497 step=21920 train=2.30965 val=None lr=0.000230975
2026-09-30 21:23:32,140 step=21930 train=2.43669 val=None lr=0.000230915
2026-09-30 21:23:32,763 step=21940 train=2.28902 val=None lr=0.000230854
2026-09-30 21:23:33,337 step=21950 train=2.10783 val=None lr=0.000230794
2026-09-30 21:23:33,887 step=21960 train=2.06564 val=None lr=0.000230733
2026-09-30 21:23:34,577 step=21970 train=2.12442 val=None lr=0.000230673
2026-09-30 21:23:35,197 step=21980 train=2.20927 val=None lr=0.000230612
2026-09-30 21:23:35,730 step=21990 train=2.54965 val=None lr=0.000230552
2026-09-30 21:23:36,633 step=22000 train=2.00446 val=2.207068645954132 lr=0.000230491
2026-09-30 21:23:37,374 step=22010 train=2.42872 val=None lr=0.000230431
2026-09-30 21:23:38,050 step=22020 train=2.25047 val=None lr=0.00023037
2026-09-30 21:23:38,710 step=22030 train=2.03281 val=None lr=0.00023031
2026-09-30 21:23:39,201 step=22040 train=2.02770 val=None lr=0.000230249
2026-09-30 21:23:39,878 step=22050 train=2.13462 val=None lr=0.000230188
2026-09-30 21:23:40,489 step=22060 train=2.41219 val=None lr=0.000230128
2026-09-30 21:23:40,978 step=22070 train=2.08604 val=None lr=0.000230067
2026-09-30 21:23:41,816 step=22080 train=2.42598 val=None lr=0.000230006
2026-09-30 21:23:42,421 step=22090 train=2.54948 val=None lr=0.000229946
2026-09-30 21:23:43,267 step=22100 train=2.12761 val=2.205615299940109 lr=0.000229885
2026-09-30 21:23:43,807 step=22110 train=2.25874 val=None lr=0.000229824
2026-09-30 21:23:44,393 step=22120 train=2.31743 val=None lr=0.000229764
2026-09-30 21:23:45,077 step=22130 train=2.37136 val=None lr=0.000229703
2026-09-30 21:23:45,834 step=22140 train=2.23635 val=None lr=0.000229642
2026-09-30 21:23:46,328 step=22150 train=2.57863 val=None lr=0.000229581
2026-09-30 21:23:46,779 step=22160 train=2.38706 val=None lr=0.00022952
2026-09-30 21:23:47,259 step=22170 train=2.08264 val=None lr=0.00022946
2026-09-30 21:23:47,998 step=22180 train=2.31882 val=None lr=0.000229399
2026-09-30 21:23:48,575 step=22190 train=2.29535 val=None lr=0.000229338
2026-09-30 21:23:49,555 step=22200 train=2.61724 val=2.20461642742157 lr=0.000229277
2026-09-30 21:23:47,852 step=22210 train=2.05577 val=None lr=0.000229216
2026-09-30 21:23:48,448 step=22220 train=2.19421 val=None lr=0.000229155
2026-09-30 21:23:48,951 step=22230 train=2.38165 val=None lr=0.000229094
2026-09-30 21:23:49,485 step=22240 train=2.45939 val=None lr=0.000229033
2026-09-30 21:23:50,154 step=22250 train=2.24190 val=None lr=0.000228972
2026-09-30 21:23:50,662 step=22260 train=2.07520 val=None lr=0.000228911
2026-09-30 21:23:51,195 step=22270 train=2.02438 val=None lr=0.00022885
2026-09-30 21:23:51,774 step=22280 train=2.16564 val=None lr=0.000228789
2026-09-30 21:23:52,420 step=22290 train=2.24209 val=None lr=0.000228728
2026-09-30 21:23:53,364 step=22300 train=2.34091 val=2.203730356693268 lr=0.000228667
2026-09-30 21:23:53,983 step=22310 train=2.22626 val=None lr=0.000228606
2026-09-30 21:23:54,583 step=22320 train=2.44278 val=None lr=0.000228545
2026-09-30 21:23:55,184 step=22330 train=2.40792 val=None lr=0.000228484
2026-09-30 21:23:55,800 step=22340 train=2.23475 val=None lr=0.000228423
2026-09-30 21:23:56,411 step=22350 train=2.26910 val=None lr=0.000228362
2026-09-30 21:23:56,946 step=22360 train=2.15764 val=None lr=0.000228301
2026-09-30 21:23:57,460 step=22370 train=2.20028 val=None lr=0.000228239
2026-09-30 21:23:58,154 step=22380 train=2.26703 val=None lr=0.000228178
2026-09-30 21:23:58,916 step=22390 train=2.08670 val=None lr=0.000228117
2026-09-30 21:23:59,766 step=22400 train=2.32861 val=2.1968834459781648 lr=0.000228056
2026-09-30 21:24:00,321 step=22410 train=2.27999 val=None lr=0.000227995
2026-09-30 21:24:01,005 step=22420 train=2.20559 val=None lr=0.000227933
2026-09-30 21:24:01,517 step=22430 train=2.25496 val=None lr=0.000227872
2026-09-30 21:24:02,103 step=22440 train=2.16076 val=None lr=0.000227811
2026-09-30 21:24:02,613 step=22450 train=1.93852 val=None lr=0.000227749
2026-09-30 21:24:03,186 step=22460 train=2.14884 val=None lr=0.000227688
2026-09-30 21:24:03,736 step=22470 train=2.18992 val=None lr=0.000227627
2026-09-30 21:24:04,271 step=22480 train=2.03913 val=None lr=0.000227565
2026-09-30 21:24:04,921 step=22490 train=2.27519 val=None lr=0.000227504
2026-09-30 21:24:05,928 step=22500 train=2.26222 val=2.1973485887050628 lr=0.000227443
2026-09-30 21:24:06,770 step=22510 train=2.33365 val=None lr=0.000227381
2026-09-30 21:24:07,407 step=22520 train=2.33644 val=None lr=0.00022732
2026-09-30 21:24:08,254 step=22530 train=2.08690 val=None lr=0.000227258
2026-09-30 21:24:08,941 step=22540 train=2.22168 val=None lr=0.000227197
2026-09-30 21:24:09,497 step=22550 train=2.09077 val=None lr=0.000227136
2026-09-30 21:24:10,073 step=22560 train=2.38264 val=None lr=0.000227074
2026-09-30 21:24:10,609 step=22570 train=2.17554 val=None lr=0.000227013
2026-09-30 21:24:11,282 step=22580 train=2.19603 val=None lr=0.000226951
2026-09-30 21:24:11,854 step=22590 train=2.12366 val=None lr=0.000226889
2026-09-30 21:24:12,643 step=22600 train=2.46672 val=2.1976179420948028 lr=0.000226828
2026-09-30 21:24:13,214 step=22610 train=2.13608 val=None lr=0.000226766
2026-09-30 21:24:13,817 step=22620 train=2.34091 val=None lr=0.000226705
2026-09-30 21:24:14,390 step=22630 train=2.01439 val=None lr=0.000226643
2026-09-30 21:24:14,916 step=22640 train=2.18925 val=None lr=0.000226582
2026-09-30 21:24:15,443 step=22650 train=1.90261 val=None lr=0.00022652
2026-09-30 21:24:16,008 step=22660 train=2.18193 val=None lr=0.000226458
2026-09-30 21:24:16,584 step=22670 train=2.33419 val=None lr=0.000226397
2026-09-30 21:24:17,086 step=22680 train=2.51662 val=None lr=0.000226335
2026-09-30 21:24:17,705 step=22690 train=2.35074 val=None lr=0.000226273
2026-09-30 21:24:18,552 step=22700 train=2.33100 val=2.1974266290664675 lr=0.000226212
2026-09-30 21:24:19,308 step=22710 train=1.98331 val=None lr=0.00022615
2026-09-30 21:24:19,904 step=22720 train=2.26012 val=None lr=0.000226088
2026-09-30 21:24:18,432 step=22730 train=1.89936 val=None lr=0.000226026
2026-09-30 21:24:19,219 step=22740 train=1.86096 val=None lr=0.000225965
2026-09-30 21:24:19,714 step=22750 train=2.16582 val=None lr=0.000225903
2026-09-30 21:24:20,319 step=22760 train=2.18696 val=None lr=0.000225841
2026-09-30 21:24:20,859 step=22770 train=2.18614 val=None lr=0.000225779
2026-09-30 21:24:21,510 step=22780 train=2.05861 val=None lr=0.000225717
2026-09-30 21:24:21,966 step=22790 train=2.20797 val=None lr=0.000225655
2026-09-30 21:24:22,817 step=22800 train=2.04563 val=2.1898242115974424 lr=0.000225594
2026-09-30 21:24:23,429 step=22810 train=2.10655 val=None lr=0.000225532
2026-09-30 21:24:23,972 step=22820 train=2.00613 val=None lr=0.00022547
2026-09-30 21:24:24,474 step=22830 train=2.04537 val=None lr=0.000225408
2026-09-30 21:24:25,031 step=22840 train=2.28328 val=None lr=0.000225346
2026-09-30 21:24:25,550 step=22850 train=2.20656 val=None lr=0.000225284
2026-09-30 21:24:26,221 step=22860 train=2.35516 val=None lr=0.000225222
2026-09-30 21:24:26,827 step=22870 train=2.05897 val=None lr=0.00022516
2026-09-30 21:24:27,292 step=22880 train=2.40404 val=None lr=0.000225098
2026-09-30 21:24:28,021 step=22890 train=2.24798 val=None lr=0.000225036
2026-09-30 21:24:28,966 step=22900 train=2.19906 val=2.1904471695423124 lr=0.000224974
2026-09-30 21:24:29,704 step=22910 train=2.09273 val=None lr=0.000224912
2026-09-30 21:24:30,266 step=22920 train=2.27901 val=None lr=0.00022485
2026-09-30 21:24:30,900 step=22930 train=1.96963 val=None lr=0.000224788
2026-09-30 21:24:31,528 step=22940 train=2.48388 val=None lr=0.000224726
2026-09-30 21:24:32,093 step=22950 train=2.31711 val=None lr=0.000224664
2026-09-30 21:24:32,560 step=22960 train=2.40609 val=None lr=0.000224602
2026-09-30 21:24:33,279 step=22970 train=2.16447 val=None lr=0.000224539
2026-09-30 21:24:34,045 step=22980 train=2.13917 val=None lr=0.000224477
2026-09-30 21:24:34,585 step=22990 train=2.07421 val=None lr=0.000224415
2026-09-30 21:24:35,611 step=23000 train=2.57079 val=2.189007115364075 lr=0.000224353
2026-09-30 21:24:36,414 step=23010 train=2.39208 val=None lr=0.000224291
2026-09-30 21:24:36,927 step=23020 train=2.41872 val=None lr=0.000224229
2026-09-30 21:24:37,422 step=23030 train=2.11134 val=None lr=0.000224166
2026-09-30 21:24:38,057 step=23040 train=2.32230 val=None lr=0.000224104
2026-09-30 21:24:38,549 step=23050 train=2.16662 val=None lr=0.000224042
2026-09-30 21:24:39,072 step=23060 train=2.12283 val=None lr=0.000223979
2026-09-30 21:24:39,604 step=23070 train=2.28836 val=None lr=0.000223917
2026-09-30 21:24:40,170 step=23080 train=2.28656 val=None lr=0.000223855
2026-09-30 21:24:40,756 step=23090 train=2.33393 val=None lr=0.000223793
2026-09-30 21:24:41,712 step=23100 train=2.34600 val=2.186068832874298 lr=0.00022373
2026-09-30 21:24:42,256 step=23110 train=2.19304 val=None lr=0.000223668
2026-09-30 21:24:42,827 step=23120 train=2.69989 val=None lr=0.000223605
2026-09-30 21:24:43,460 step=23130 train=2.37077 val=None lr=0.000223543
2026-09-30 21:24:44,130 step=23140 train=2.04681 val=None lr=0.000223481
2026-09-30 21:24:44,648 step=23150 train=2.13924 val=None lr=0.000223418
2026-09-30 21:24:45,312 step=23160 train=2.03153 val=None lr=0.000223356
2026-09-30 21:24:45,981 step=23170 train=2.32555 val=None lr=0.000223293
2026-09-30 21:24:46,538 step=23180 train=2.10540 val=None lr=0.000223231
2026-09-30 21:24:47,129 step=23190 train=2.19667 val=None lr=0.000223168
2026-09-30 21:24:48,013 step=23200 train=2.13335 val=2.184214186668396 lr=0.000223106
2026-09-30 21:24:48,607 step=23210 train=2.35396 val=None lr=0.000223043
2026-09-30 21:24:49,156 step=23220 train=2.25360 val=None lr=0.000222981
2026-09-30 21:24:49,737 step=23230 train=2.24426 val=None lr=0.000222918
2026-09-30 21:24:50,327 step=23240 train=2.33157 val=None lr=0.000222856
2026-09-30 21:24:50,951 step=23250 train=2.42875 val=None lr=0.000222793
2026-09-30 21:24:49,053 step=23260 train=2.58905 val=None lr=0.000222731
2026-09-30 21:24:49,527 step=23270 train=2.07106 val=None lr=0.000222668
2026-09-30 21:24:50,008 step=23280 train=2.24378 val=None lr=0.000222605
2026-09-30 21:24:50,550 step=23290 train=2.03059 val=None lr=0.000222543
2026-09-30 21:24:51,294 step=23300 train=2.26339 val=2.1842920660972593 lr=0.00022248
2026-09-30 21:24:51,793 step=23310 train=2.20742 val=None lr=0.000222418
2026-09-30 21:24:52,672 step=23320 train=1.99481 val=None lr=0.000222355
2026-09-30 21:24:53,551 step=23330 train=2.55153 val=None lr=0.000222292
2026-09-30 21:24:54,104 step=23340 train=2.10005 val=None lr=0.000222229
2026-09-30 21:24:54,611 step=23350 train=2.22423 val=None lr=0.000222167
2026-09-30 21:24:55,175 step=23360 train=2.23607 val=None lr=0.000222104
2026-09-30 21:24:55,737 step=23370 train=2.35083 val=None lr=0.000222041
2026-09-30 21:24:56,246 step=23380 train=2.16701 val=None lr=0.000221978
2026-09-30 21:24:56,846 step=23390 train=1.93151 val=None lr=0.000221916
2026-09-30 21:24:57,815 step=23400 train=1.96045 val=2.1819701969623564 lr=0.000221853
2026-09-30 21:24:58,535 step=23410 train=2.43193 val=None lr=0.00022179
2026-09-30 21:24:59,110 step=23420 train=2.27002 val=None lr=0.000221727
2026-09-30 21:24:59,758 step=23430 train=2.37337 val=None lr=0.000221664
2026-09-30 21:25:00,507 step=23440 train=2.08946 val=None lr=0.000221602
2026-09-30 21:25:01,040 step=23450 train=2.35506 val=None lr=0.000221539
2026-09-30 21:25:01,580 step=23460 train=2.15175 val=None lr=0.000221476
2026-09-30 21:25:02,169 step=23470 train=2.26037 val=None lr=0.000221413
2026-09-30 21:25:02,757 step=23480 train=2.43637 val=None lr=0.00022135
2026-09-30 21:25:03,371 step=23490 train=2.09291 val=None lr=0.000221287
2026-09-30 21:25:04,387 step=23500 train=2.26765 val=2.180354338884354 lr=0.000221224
2026-09-30 21:25:05,338 step=23510 train=2.24895 val=None lr=0.000221161
2026-09-30 21:25:05,874 step=23520 train=2.16132 val=None lr=0.000221098
2026-09-30 21:25:06,599 step=23530 train=2.26416 val=None lr=0.000221035
2026-09-30 21:25:07,182 step=23540 train=2.41697 val=None lr=0.000220972
2026-09-30 21:25:07,712 step=23550 train=2.03598 val=None lr=0.000220909
2026-09-30 21:25:08,229 step=23560 train=2.54874 val=None lr=0.000220846
2026-09-30 21:25:08,791 step=23570 train=2.16192 val=None lr=0.000220783
2026-09-30 21:25:09,345 step=23580 train=2.25641 val=None lr=0.00022072
2026-09-30 21:25:09,881 step=23590 train=2.21729 val=None lr=0.000220657
2026-09-30 21:25:11,057 step=23600 train=2.12023 val=2.1777037501335146 lr=0.000220594
2026-09-30 21:25:11,686 step=23610 train=2.49409 val=None lr=0.000220531
2026-09-30 21:25:12,278 step=23620 train=2.20237 val=None lr=0.000220468
2026-09-30 21:25:12,806 step=23630 train=2.24225 val=None lr=0.000220405
2026-09-30 21:25:13,321 step=23640 train=2.19340 val=None lr=0.000220341
2026-09-30 21:25:13,818 step=23650 train=2.17710 val=None lr=0.000220278
2026-09-30 21:25:14,487 step=23660 train=2.09547 val=None lr=0.000220215
2026-09-30 21:25:15,065 step=23670 train=2.17918 val=None lr=0.000220152
2026-09-30 21:25:15,524 step=23680 train=2.15613 val=None lr=0.000220089
2026-09-30 21:25:16,152 step=23690 train=2.46246 val=None lr=0.000220025
2026-09-30 21:25:17,032 step=23700 train=1.83469 val=2.176398146152496 lr=0.000219962
2026-09-30 21:25:17,624 step=23710 train=2.11202 val=None lr=0.000219899
2026-09-30 21:25:18,212 step=23720 train=2.01448 val=None lr=0.000219836
2026-09-30 21:25:18,783 step=23730 train=2.22668 val=None lr=0.000219772
2026-09-30 21:25:19,376 step=23740 train=2.01044 val=None lr=0.000219709
2026-09-30 21:25:19,924 step=23750 train=2.26293 val=None lr=0.000219646
2026-09-30 21:25:20,480 step=23760 train=2.02829 val=None lr=0.000219582
2026-09-30 21:25:21,038 step=23770 train=2.08776 val=None lr=0.000219519
2026-09-30 21:25:19,328 step=23780 train=2.21720 val=None lr=0.000219456
2026-09-30 21:25:19,903 step=23790 train=2.32829 val=None lr=0.000219392
2026-09-30 21:25:20,733 step=23800 train=2.15572 val=2.1781453609466555 lr=0.000219329
2026-09-30 21:25:21,280 step=23810 train=2.13542 val=None lr=0.000219266
2026-09-30 21:25:21,782 step=23820 train=1.98534 val=None lr=0.000219202
2026-09-30 21:25:22,283 step=23830 train=2.45686 val=None lr=0.000219139
2026-09-30 21:25:22,974 step=23840 train=2.23880 val=None lr=0.000219075
2026-09-30 21:25:23,509 step=23850 train=2.63776 val=None lr=0.000219012
2026-09-30 21:25:23,995 step=23860 train=2.07279 val=None lr=0.000218948
2026-09-30 21:25:24,572 step=23870 train=2.11876 val=None lr=0.000218885
2026-09-30 21:25:25,484 step=23880 train=2.24022 val=None lr=0.000218821
2026-09-30 21:25:25,951 step=23890 train=2.43898 val=None lr=0.000218758
2026-09-30 21:25:26,994 step=23900 train=2.27213 val=2.1779378056526184 lr=0.000218694
2026-09-30 21:25:27,696 step=23910 train=2.27745 val=None lr=0.000218631
2026-09-30 21:25:28,206 step=23920 train=2.30858 val=None lr=0.000218567
2026-09-30 21:25:28,821 step=23930 train=2.56116 val=None lr=0.000218504
2026-09-30 21:25:29,399 step=23940 train=2.14770 val=None lr=0.00021844
2026-09-30 21:25:29,879 step=23950 train=2.42246 val=None lr=0.000218377
2026-09-30 21:25:30,430 step=23960 train=2.18396 val=None lr=0.000218313
2026-09-30 21:25:30,931 step=23970 train=2.26208 val=None lr=0.000218249
2026-09-30 21:25:31,552 step=23980 train=2.25332 val=None lr=0.000218186
2026-09-30 21:25:32,150 step=23990 train=2.52431 val=None lr=0.000218122
2026-09-30 21:25:33,005 step=24000 train=2.33131 val=2.1728498697280885 lr=0.000218058
2026-09-30 21:25:33,836 step=24010 train=1.96121 val=None lr=0.000217995
2026-09-30 21:25:34,513 step=24020 train=2.32322 val=None lr=0.000217931
2026-09-30 21:25:35,089 step=24030 train=2.36154 val=None lr=0.000217867
2026-09-30 21:25:35,701 step=24040 train=2.23427 val=None lr=0.000217804
2026-09-30 21:25:36,269 step=24050 train=2.27381 val=None lr=0.00021774
2026-09-30 21:25:36,809 step=24060 train=2.29273 val=None lr=0.000217676
2026-09-30 21:25:37,319 step=24070 train=2.16442 val=None lr=0.000217612
2026-09-30 21:25:37,975 step=24080 train=2.31743 val=None lr=0.000217549
2026-09-30 21:25:38,786 step=24090 train=2.20425 val=None lr=0.000217485
2026-09-30 21:25:39,946 step=24100 train=2.12957 val=2.172627854347229 lr=0.000217421
2026-09-30 21:25:40,433 step=24110 train=2.37495 val=None lr=0.000217357
2026-09-30 21:25:40,976 step=24120 train=2.31171 val=None lr=0.000217293
2026-09-30 21:25:41,655 step=24130 train=2.27669 val=None lr=0.000217229
2026-09-30 21:25:42,230 step=24140 train=2.01368 val=None lr=0.000217166
2026-09-30 21:25:42,801 step=24150 train=2.07832 val=None lr=0.000217102
2026-09-30 21:25:43,430 step=24160 train=2.20751 val=None lr=0.000217038
2026-09-30 21:25:44,034 step=24170 train=2.43190 val=None lr=0.000216974
2026-09-30 21:25:44,535 step=24180 train=2.43042 val=None lr=0.00021691
2026-09-30 21:25:45,075 step=24190 train=2.14703 val=None lr=0.000216846
2026-09-30 21:25:46,209 step=24200 train=2.34931 val=2.172844672203064 lr=0.000216782
2026-09-30 21:25:46,831 step=24210 train=2.02774 val=None lr=0.000216718
2026-09-30 21:25:47,353 step=24220 train=2.32787 val=None lr=0.000216654
2026-09-30 21:25:47,894 step=24230 train=2.31547 val=None lr=0.00021659
2026-09-30 21:25:48,376 step=24240 train=2.10864 val=None lr=0.000216526
2026-09-30 21:25:48,878 step=24250 train=2.22604 val=None lr=0.000216462
2026-09-30 21:25:49,424 step=24260 train=2.48421 val=None lr=0.000216398
2026-09-30 21:25:49,962 step=24270 train=2.19596 val=None lr=0.000216334
2026-09-30 21:25:50,548 step=24280 train=2.21073 val=None lr=0.00021627
2026-09-30 21:25:51,075 step=24290 train=2.35044 val=None lr=0.000216206
2026-09-30 21:25:49,797 step=24300 train=2.24983 val=2.1685819029808044 lr=0.000216142
2026-09-30 21:25:50,349 step=24310 train=2.08047 val=None lr=0.000216078
2026-09-30 21:25:50,945 step=24320 train=2.16876 val=None lr=0.000216014
2026-09-30 21:25:51,732 step=24330 train=1.97122 val=None lr=0.00021595
2026-09-30 21:25:52,319 step=24340 train=2.48934 val=None lr=0.000215886
2026-09-30 21:25:52,923 step=24350 train=2.12560 val=None lr=0.000215821
2026-09-30 21:25:53,633 step=24360 train=1.99255 val=None lr=0.000215757
2026-09-30 21:25:54,202 step=24370 train=2.22974 val=None lr=0.000215693
2026-09-30 21:25:54,736 step=24380 train=2.13255 val=None lr=0.000215629
2026-09-30 21:25:55,293 step=24390 train=2.26084 val=None lr=0.000215565
2026-09-30 21:25:56,313 step=24400 train=2.08300 val=2.167271488904953 lr=0.000215501
2026-09-30 21:25:56,928 step=24410 train=2.11741 val=None lr=0.000215436
2026-09-30 21:25:57,675 step=24420 train=2.25419 val=None lr=0.000215372
2026-09-30 21:25:58,382 step=24430 train=2.22179 val=None lr=0.000215308
2026-09-30 21:25:58,939 step=24440 train=2.19030 val=None lr=0.000215244
2026-09-30 21:25:59,483 step=24450 train=2.08393 val=None lr=0.000215179
2026-09-30 21:26:00,069 step=24460 train=2.24438 val=None lr=0.000215115
2026-09-30 21:26:00,626 step=24470 train=2.11206 val=None lr=0.000215051
2026-09-30 21:26:01,342 step=24480 train=2.26515 val=None lr=0.000214986
2026-09-30 21:26:01,927 step=24490 train=2.22400 val=None lr=0.000214922
2026-09-30 21:26:02,975 step=24500 train=2.08336 val=2.165151858329773 lr=0.000214858
2026-09-30 21:26:03,931 step=24510 train=1.91924 val=None lr=0.000214793
2026-09-30 21:26:04,552 step=24520 train=2.19692 val=None lr=0.000214729
2026-09-30 21:26:05,104 step=24530 train=2.09951 val=None lr=0.000214665
2026-09-30 21:26:05,645 step=24540 train=2.02724 val=None lr=0.0002146
2026-09-30 21:26:06,347 step=24550 train=2.12684 val=None lr=0.000214536
2026-09-30 21:26:06,860 step=24560 train=2.23471 val=None lr=0.000214471
2026-09-30 21:26:07,432 step=24570 train=2.24805 val=None lr=0.000214407
2026-09-30 21:26:08,099 step=24580 train=2.21910 val=None lr=0.000214343
2026-09-30 21:26:08,716 step=24590 train=2.25171 val=None lr=0.000214278
2026-09-30 21:26:09,599 step=24600 train=2.49918 val=2.1609148561954497 lr=0.000214214
2026-09-30 21:26:10,165 step=24610 train=1.94085 val=None lr=0.000214149
2026-09-30 21:26:10,722 step=24620 train=1.96128 val=None lr=0.000214085
2026-09-30 21:26:11,263 step=24630 train=2.08154 val=None lr=0.00021402
2026-09-30 21:26:11,811 step=24640 train=2.56771 val=None lr=0.000213956
2026-09-30 21:26:12,342 step=24650 train=2.36866 val=None lr=0.000213891
2026-09-30 21:26:12,800 step=24660 train=1.95916 val=None lr=0.000213826
2026-09-30 21:26:13,284 step=24670 train=2.35345 val=None lr=0.000213762
2026-09-30 21:26:13,817 step=24680 train=2.23773 val=None lr=0.000213697
2026-09-30 21:26:14,350 step=24690 train=2.36032 val=None lr=0.000213633
2026-09-30 21:26:15,315 step=24700 train=2.14346 val=2.1590549647808075 lr=0.000213568
2026-09-30 21:26:15,867 step=24710 train=2.23318 val=None lr=0.000213504
2026-09-30 21:26:16,515 step=24720 train=2.13581 val=None lr=0.000213439
2026-09-30 21:26:17,033 step=24730 train=2.31502 val=None lr=0.000213374
2026-09-30 21:26:17,558 step=24740 train=2.19487 val=None lr=0.00021331
2026-09-30 21:26:18,096 step=24750 train=1.97244 val=None lr=0.000213245
2026-09-30 21:26:18,645 step=24760 train=2.20224 val=None lr=0.00021318
2026-09-30 21:26:19,327 step=24770 train=2.14415 val=None lr=0.000213116
2026-09-30 21:26:19,840 step=24780 train=2.19538 val=None lr=0.000213051
2026-09-30 21:26:20,412 step=24790 train=1.97111 val=None lr=0.000212986
2026-09-30 21:26:19,930 step=24800 train=2.29694 val=2.156580573320389 lr=0.000212921
2026-09-30 21:26:20,497 step=24810 train=2.31631 val=None lr=0.000212857
2026-09-30 21:26:21,010 step=24820 train=2.32062 val=None lr=0.000212792
2026-09-30 21:26:21,511 step=24830 train=2.29921 val=None lr=0.000212727
2026-09-30 21:26:22,196 step=24840 train=2.08928 val=None lr=0.000212662
2026-09-30 21:26:22,916 step=24850 train=2.17296 val=None lr=0.000212598
2026-09-30 21:26:23,432 step=24860 train=2.23036 val=None lr=0.000212533
2026-09-30 21:26:23,935 step=24870 train=2.28546 val=None lr=0.000212468
2026-09-30 21:26:24,630 step=24880 train=2.03219 val=None lr=0.000212403
2026-09-30 21:26:25,137 step=24890 train=1.88310 val=None lr=0.000212338
2026-09-30 21:26:26,109 step=24900 train=2.23455 val=2.16033975481987 lr=0.000212273
2026-09-30 21:26:26,691 step=24910 train=2.00824 val=None lr=0.000212209
2026-09-30 21:26:27,162 step=24920 train=2.32987 val=None lr=0.000212144
2026-09-30 21:26:27,676 step=24930 train=2.21728 val=None lr=0.000212079
2026-09-30 21:26:28,224 step=24940 train=2.39774 val=None lr=0.000212014
2026-09-30 21:26:28,732 step=24950 train=1.85337 val=None lr=0.000211949
2026-09-30 21:26:29,310 step=24960 train=2.11372 val=None lr=0.000211884
2026-09-30 21:26:29,779 step=24970 train=1.94424 val=None lr=0.000211819
2026-09-30 21:26:30,443 step=24980 train=2.18957 val=None lr=0.000211754
2026-09-30 21:26:30,957 step=24990 train=2.36424 val=None lr=0.000211689
2026-09-30 21:26:31,680 step=25000 train=2.15576 val=2.159934949874878 lr=0.000211624
2026-09-30 21:26:32,642 step=25010 train=2.10083 val=None lr=0.000211559
2026-09-30 21:26:33,167 step=25020 train=2.20555 val=None lr=0.000211494
2026-09-30 21:26:33,697 step=25030 train=2.14303 val=None lr=0.000211429
2026-09-30 21:26:34,225 step=25040 train=2.01589 val=None lr=0.000211364
2026-09-30 21:26:34,780 step=25050 train=2.16122 val=None lr=0.000211299
2026-09-30 21:26:35,386 step=25060 train=2.09841 val=None lr=0.000211234
2026-09-30 21:26:35,998 step=25070 train=2.19577 val=None lr=0.000211169
2026-09-30 21:26:36,590 step=25080 train=2.62888 val=None lr=0.000211104
2026-09-30 21:26:37,274 step=25090 train=2.33057 val=None lr=0.000211039
2026-09-30 21:26:38,155 step=25100 train=2.21247 val=2.1541769564151765 lr=0.000210974
2026-09-30 21:26:38,929 step=25110 train=2.24338 val=None lr=0.000210909
2026-09-30 21:26:39,445 step=25120 train=2.20935 val=None lr=0.000210844
2026-09-30 21:26:39,986 step=25130 train=2.48163 val=None lr=0.000210778
2026-09-30 21:26:40,718 step=25140 train=2.45595 val=None lr=0.000210713
2026-09-30 21:26:41,262 step=25150 train=2.10252 val=None lr=0.000210648
2026-09-30 21:26:41,818 step=25160 train=2.35036 val=None lr=0.000210583
2026-09-30 21:26:42,350 step=25170 train=2.36035 val=None lr=0.000210518
2026-09-30 21:26:42,904 step=25180 train=2.15494 val=None lr=0.000210453
2026-09-30 21:26:43,589 step=25190 train=2.47287 val=None lr=0.000210387
2026-09-30 21:26:44,658 step=25200 train=2.49664 val=2.153314173221588 lr=0.000210322
2026-09-30 21:26:45,170 step=25210 train=2.13997 val=None lr=0.000210257
2026-09-30 21:26:45,757 step=25220 train=2.35299 val=None lr=0.000210192
2026-09-30 21:26:46,243 step=25230 train=2.16765 val=None lr=0.000210126
2026-09-30 21:26:46,728 step=25240 train=2.35221 val=None lr=0.000210061
2026-09-30 21:26:47,261 step=25250 train=2.02391 val=None lr=0.000209996
2026-09-30 21:26:47,797 step=25260 train=2.33610 val=None lr=0.000209931
2026-09-30 21:26:48,323 step=25270 train=2.19936 val=None lr=0.000209865
2026-09-30 21:26:48,862 step=25280 train=2.20149 val=None lr=0.0002098
2026-09-30 21:26:49,600 step=25290 train=2.26984 val=None lr=0.000209735
2026-09-30 21:26:50,483 step=25300 train=2.30755 val=2.1490141272544863 lr=0.000209669
2026-09-30 21:26:51,093 step=25310 train=2.13848 val=None lr=0.000209604
2026-09-30 21:26:51,565 step=25320 train=2.08914 val=None lr=0.000209539
2026-09-30 21:26:52,071 step=25330 train=2.36053 val=None lr=0.000209473
2026-09-30 21:26:50,324 step=25340 train=2.26856 val=None lr=0.000209408
2026-09-30 21:26:50,803 step=25350 train=2.25714 val=None lr=0.000209343
2026-09-30 21:26:51,356 step=25360 train=2.24864 val=None lr=0.000209277
2026-09-30 21:26:51,920 step=25370 train=2.12600 val=None lr=0.000209212
2026-09-30 21:26:52,648 step=25380 train=2.04650 val=None lr=0.000209146
2026-09-30 21:26:53,244 step=25390 train=2.09157 val=None lr=0.000209081
2026-09-30 21:26:54,162 step=25400 train=2.49531 val=2.154106616973877 lr=0.000209015
2026-09-30 21:26:54,744 step=25410 train=2.16744 val=None lr=0.00020895
2026-09-30 21:26:55,349 step=25420 train=2.01257 val=None lr=0.000208884
2026-09-30 21:26:55,925 step=25430 train=2.49038 val=None lr=0.000208819
2026-09-30 21:26:56,488 step=25440 train=2.07076 val=None lr=0.000208753
2026-09-30 21:26:57,057 step=25450 train=2.31456 val=None lr=0.000208688
2026-09-30 21:26:57,577 step=25460 train=2.19496 val=None lr=0.000208622
2026-09-30 21:26:58,154 step=25470 train=2.12926 val=None lr=0.000208557
2026-09-30 21:26:58,716 step=25480 train=2.16801 val=None lr=0.000208491
2026-09-30 21:26:59,349 step=25490 train=2.04607 val=None lr=0.000208426
2026-09-30 21:27:00,384 step=25500 train=2.21579 val=2.1469398975372314 lr=0.00020836
2026-09-30 21:27:01,389 step=25510 train=2.18622 val=None lr=0.000208295
2026-09-30 21:27:02,062 step=25520 train=2.20726 val=None lr=0.000208229
2026-09-30 21:27:02,662 step=25530 train=2.12807 val=None lr=0.000208163
2026-09-30 21:27:03,201 step=25540 train=2.31184 val=None lr=0.000208098
2026-09-30 21:27:03,809 step=25550 train=2.34944 val=None lr=0.000208032
2026-09-30 21:27:04,463 step=25560 train=2.01521 val=None lr=0.000207967
2026-09-30 21:27:05,126 step=25570 train=2.06524 val=None lr=0.000207901
2026-09-30 21:27:05,648 step=25580 train=2.05875 val=None lr=0.000207835
2026-09-30 21:27:06,332 step=25590 train=2.02585 val=None lr=0.00020777
2026-09-30 21:27:07,157 step=25600 train=2.24934 val=2.1471189498901366 lr=0.000207704
2026-09-30 21:27:07,673 step=25610 train=2.38111 val=None lr=0.000207638
2026-09-30 21:27:08,248 step=25620 train=2.26068 val=None lr=0.000207572
2026-09-30 21:27:08,812 step=25630 train=2.17254 val=None lr=0.000207507
2026-09-30 21:27:09,371 step=25640 train=2.10691 val=None lr=0.000207441
2026-09-30 21:27:10,038 step=25650 train=2.36735 val=None lr=0.000207375
2026-09-30 21:27:10,691 step=25660 train=2.29559 val=None lr=0.00020731
2026-09-30 21:27:11,201 step=25670 train=2.03820 val=None lr=0.000207244
2026-09-30 21:27:11,948 step=25680 train=2.14592 val=None lr=0.000207178
2026-09-30 21:27:12,540 step=25690 train=2.06496 val=None lr=0.000207112
2026-09-30 21:27:13,280 step=25700 train=2.00315 val=2.1479843080043795 lr=0.000207046
2026-09-30 21:27:14,022 step=25710 train=2.21315 val=None lr=0.000206981
2026-09-30 21:27:14,552 step=25720 train=2.03654 val=None lr=0.000206915
2026-09-30 21:27:15,083 step=25730 train=2.20760 val=None lr=0.000206849
2026-09-30 21:27:15,622 step=25740 train=2.50908 val=None lr=0.000206783
2026-09-30 21:27:16,197 step=25750 train=2.24144 val=None lr=0.000206717
2026-09-30 21:27:16,719 step=25760 train=2.14258 val=None lr=0.000206651
2026-09-30 21:27:17,271 step=25770 train=2.07171 val=None lr=0.000206586
2026-09-30 21:27:17,820 step=25780 train=2.63360 val=None lr=0.00020652
2026-09-30 21:27:18,354 step=25790 train=2.26050 val=None lr=0.000206454
2026-09-30 21:27:19,187 step=25800 train=2.32318 val=2.1473853528499602 lr=0.000206388
2026-09-30 21:27:19,703 step=25810 train=2.29136 val=None lr=0.000206322
2026-09-30 21:27:20,284 step=25820 train=2.16316 val=None lr=0.000206256
2026-09-30 21:27:21,194 step=25830 train=2.00569 val=None lr=0.00020619
2026-09-30 21:27:21,715 step=25840 train=1.94143 val=None lr=0.000206124
2026-09-30 21:27:22,320 step=25850 train=2.22072 val=None lr=0.000206058
2026-09-30 21:27:20,617 step=25860 train=1.90543 val=None lr=0.000205992
2026-09-30 21:27:21,228 step=25870 train=2.21169 val=None lr=0.000205926
2026-09-30 21:27:21,757 step=25880 train=2.04460 val=None lr=0.00020586
2026-09-30 21:27:22,384 step=25890 train=2.07038 val=None lr=0.000205794
2026-09-30 21:27:23,241 step=25900 train=2.35198 val=2.1456531465053557 lr=0.000205728
2026-09-30 21:27:24,009 step=25910 train=2.19943 val=None lr=0.000205662
2026-09-30 21:27:24,466 step=25920 train=2.04262 val=None lr=0.000205596
2026-09-30 21:27:25,039 step=25930 train=2.11997 val=None lr=0.00020553
2026-09-30 21:27:25,611 step=25940 train=2.20963 val=None lr=0.000205464
2026-09-30 21:27:26,345 step=25950 train=2.29928 val=None lr=0.000205398
2026-09-30 21:27:26,890 step=25960 train=2.20058 val=None lr=0.000205332
2026-09-30 21:27:27,583 step=25970 train=2.14789 val=None lr=0.000205266
2026-09-30 21:27:28,155 step=25980 train=2.25052 val=None lr=0.0002052
2026-09-30 21:27:28,677 step=25990 train=2.32966 val=None lr=0.000205134
2026-09-30 21:27:29,631 step=26000 train=2.21284 val=2.1459310829639433 lr=0.000205068
2026-09-30 21:27:30,374 step=26010 train=2.16568 val=None lr=0.000205001
2026-09-30 21:27:30,951 step=26020 train=2.29997 val=None lr=0.000204935
2026-09-30 21:27:31,576 step=26030 train=2.17772 val=None lr=0.000204869
2026-09-30 21:27:32,143 step=26040 train=2.30550 val=None lr=0.000204803
2026-09-30 21:27:32,688 step=26050 train=2.13882 val=None lr=0.000204737
2026-09-30 21:27:33,289 step=26060 train=1.83691 val=None lr=0.000204671
2026-09-30 21:27:33,807 step=26070 train=2.26040 val=None lr=0.000204604
2026-09-30 21:27:34,455 step=26080 train=2.01262 val=None lr=0.000204538
2026-09-30 21:27:35,040 step=26090 train=2.29575 val=None lr=0.000204472
2026-09-30 21:27:36,032 step=26100 train=2.15251 val=2.1377375602722166 lr=0.000204406
2026-09-30 21:27:36,648 step=26110 train=2.15488 val=None lr=0.00020434
2026-09-30 21:27:37,225 step=26120 train=2.52066 val=None lr=0.000204273
2026-09-30 21:27:37,822 step=26130 train=2.27588 val=None lr=0.000204207
2026-09-30 21:27:38,386 step=26140 train=2.16108 val=None lr=0.000204141
2026-09-30 21:27:38,979 step=26150 train=2.15097 val=None lr=0.000204075
2026-09-30 21:27:39,557 step=26160 train=2.32260 val=None lr=0.000204008
2026-09-30 21:27:40,080 step=26170 train=1.86420 val=None lr=0.000203942
2026-09-30 21:27:40,619 step=26180 train=2.11800 val=None lr=0.000203876
2026-09-30 21:27:41,188 step=26190 train=1.81874 val=None lr=0.000203809
2026-09-30 21:27:42,050 step=26200 train=2.02562 val=2.139953297376633 lr=0.000203743
2026-09-30 21:27:42,713 step=26210 train=1.92707 val=None lr=0.000203677
2026-09-30 21:27:43,292 step=26220 train=2.00608 val=None lr=0.00020361
2026-09-30 21:27:43,809 step=26230 train=2.22876 val=None lr=0.000203544
2026-09-30 21:27:44,527 step=26240 train=2.24117 val=None lr=0.000203478
2026-09-30 21:27:45,046 step=26250 train=2.44050 val=None lr=0.000203411
2026-09-30 21:27:45,593 step=26260 train=2.23367 val=None lr=0.000203345
2026-09-30 21:27:46,182 step=26270 train=1.99976 val=None lr=0.000203278
2026-09-30 21:27:47,123 step=26280 train=2.07350 val=None lr=0.000203212
2026-09-30 21:27:47,683 step=26290 train=2.16684 val=None lr=0.000203146
2026-09-30 21:27:48,913 step=26300 train=1.99945 val=2.140464019775391 lr=0.000203079
2026-09-30 21:27:49,592 step=26310 train=2.21043 val=None lr=0.000203013
2026-09-30 21:27:50,266 step=26320 train=2.02007 val=None lr=0.000202946
2026-09-30 21:27:50,807 step=26330 train=2.26156 val=None lr=0.00020288
2026-09-30 21:27:51,321 step=26340 train=2.22631 val=None lr=0.000202813
2026-09-30 21:27:51,850 step=26350 train=2.45092 val=None lr=0.000202747
2026-09-30 21:27:52,385 step=26360 train=2.20754 val=None lr=0.00020268
2026-09-30 21:27:50,724 step=26370 train=2.10865 val=None lr=0.000202614
2026-09-30 21:27:51,350 step=26380 train=2.15879 val=None lr=0.000202547
2026-09-30 21:27:51,927 step=26390 train=1.99560 val=None lr=0.000202481
2026-09-30 21:27:52,903 step=26400 train=2.19598 val=2.13815553188324 lr=0.000202414
2026-09-30 21:27:53,422 step=26410 train=2.03204 val=None lr=0.000202348
2026-09-30 21:27:53,956 step=26420 train=2.05024 val=None lr=0.000202281
2026-09-30 21:27:54,540 step=26430 train=1.92453 val=None lr=0.000202215
2026-09-30 21:27:55,019 step=26440 train=2.26362 val=None lr=0.000202148
2026-09-30 21:27:55,580 step=26450 train=2.09878 val=None lr=0.000202082
2026-09-30 21:27:56,107 step=26460 train=1.93703 val=None lr=0.000202015
2026-09-30 21:27:56,832 step=26470 train=2.10374 val=None lr=0.000201948
2026-09-30 21:27:57,317 step=26480 train=2.22820 val=None lr=0.000201882
2026-09-30 21:27:57,986 step=26490 train=2.12861 val=None lr=0.000201815
2026-09-30 21:27:59,004 step=26500 train=2.17591 val=2.1347100257873537 lr=0.000201749
2026-09-30 21:27:59,876 step=26510 train=2.09195 val=None lr=0.000201682
2026-09-30 21:28:00,403 step=26520 train=2.07666 val=None lr=0.000201615
2026-09-30 21:28:00,888 step=26530 train=1.80877 val=None lr=0.000201549
2026-09-30 21:28:01,487 step=26540 train=2.01372 val=None lr=0.000201482
2026-09-30 21:28:02,152 step=26550 train=2.27163 val=None lr=0.000201415
2026-09-30 21:28:02,669 step=26560 train=2.29857 val=None lr=0.000201349
2026-09-30 21:28:03,323 step=26570 train=2.12445 val=None lr=0.000201282
2026-09-30 21:28:04,084 step=26580 train=2.13356 val=None lr=0.000201215
2026-09-30 21:28:04,602 step=26590 train=2.07610 val=None lr=0.000201149
2026-09-30 21:28:05,424 step=26600 train=2.02139 val=2.1359696984291077 lr=0.000201082
2026-09-30 21:28:06,205 step=26610 train=2.20614 val=None lr=0.000201015
2026-09-30 21:28:06,812 step=26620 train=2.18020 val=None lr=0.000200948
2026-09-30 21:28:07,439 step=26630 train=2.04199 val=None lr=0.000200882
2026-09-30 21:28:08,018 step=26640 train=2.06772 val=None lr=0.000200815
2026-09-30 21:28:08,616 step=26650 train=2.21388 val=None lr=0.000200748
2026-09-30 21:28:09,292 step=26660 train=2.41448 val=None lr=0.000200681
2026-09-30 21:28:09,840 step=26670 train=2.25605 val=None lr=0.000200615
2026-09-30 21:28:10,482 step=26680 train=2.31576 val=None lr=0.000200548
2026-09-30 21:28:11,051 step=26690 train=2.22142 val=None lr=0.000200481
2026-09-30 21:28:12,046 step=26700 train=2.31295 val=2.133951634168625 lr=0.000200414
2026-09-30 21:28:12,636 step=26710 train=2.13008 val=None lr=0.000200347
2026-09-30 21:28:13,262 step=26720 train=2.42992 val=None lr=0.00020028
2026-09-30 21:28:13,971 step=26730 train=2.31313 val=None lr=0.000200214
2026-09-30 21:28:14,561 step=26740 train=2.18377 val=None lr=0.000200147
2026-09-30 21:28:15,215 step=26750 train=2.06152 val=None lr=0.00020008
2026-09-30 21:28:15,784 step=26760 train=2.09870 val=None lr=0.000200013
2026-09-30 21:28:16,280 step=26770 train=2.54219 val=None lr=0.000199946
2026-09-30 21:28:16,834 step=26780 train=2.03401 val=None lr=0.000199879
2026-09-30 21:28:17,383 step=26790 train=2.23893 val=None lr=0.000199812
2026-09-30 21:28:18,210 step=26800 train=2.02285 val=2.135776716470718 lr=0.000199745
2026-09-30 21:28:18,798 step=26810 train=2.03501 val=None lr=0.000199679
2026-09-30 21:28:19,304 step=26820 train=2.01745 val=None lr=0.000199612
2026-09-30 21:28:19,867 step=26830 train=2.02932 val=None lr=0.000199545
2026-09-30 21:28:20,409 step=26840 train=2.03039 val=None lr=0.000199478
2026-09-30 21:28:20,944 step=26850 train=2.03565 val=None lr=0.000199411
2026-09-30 21:28:21,491 step=26860 train=2.17432 val=None lr=0.000199344
2026-09-30 21:28:22,066 step=26870 train=2.22270 val=None lr=0.000199277
2026-09-30 21:28:22,682 step=26880 train=2.03456 val=None lr=0.00019921
2026-09-30 21:28:21,236 step=26890 train=2.07917 val=None lr=0.000199143
2026-09-30 21:28:22,087 step=26900 train=2.20010 val=2.1311255574226378 lr=0.000199076
2026-09-30 21:28:22,869 step=26910 train=2.24624 val=None lr=0.000199009
2026-09-30 21:28:23,483 step=26920 train=2.25461 val=None lr=0.000198942
2026-09-30 21:28:24,029 step=26930 train=2.28725 val=None lr=0.000198875
2026-09-30 21:28:24,531 step=26940 train=2.36979 val=None lr=0.000198808
2026-09-30 21:28:25,069 step=26950 train=2.50007 val=None lr=0.000198741
2026-09-30 21:28:25,632 step=26960 train=2.01229 val=None lr=0.000198674
2026-09-30 21:28:26,127 step=26970 train=2.15580 val=None lr=0.000198607
2026-09-30 21:28:26,690 step=26980 train=2.33324 val=None lr=0.00019854
2026-09-30 21:28:27,272 step=26990 train=2.21110 val=None lr=0.000198473
2026-09-30 21:28:28,114 step=27000 train=2.54939 val=2.132273316383362 lr=0.000198405
2026-09-30 21:28:28,890 step=27010 train=2.35126 val=None lr=0.000198338
2026-09-30 21:28:29,515 step=27020 train=2.15779 val=None lr=0.000198271
2026-09-30 21:28:30,134 step=27030 train=2.11313 val=None lr=0.000198204
2026-09-30 21:28:30,856 step=27040 train=2.27108 val=None lr=0.000198137
2026-09-30 21:28:31,609 step=27050 train=2.38572 val=None lr=0.00019807
2026-09-30 21:28:32,427 step=27060 train=2.44020 val=None lr=0.000198003
2026-09-30 21:28:33,191 step=27070 train=2.14671 val=None lr=0.000197936
2026-09-30 21:28:33,747 step=27080 train=2.41638 val=None lr=0.000197868
2026-09-30 21:28:34,317 step=27090 train=2.25717 val=None lr=0.000197801
2026-09-30 21:28:35,135 step=27100 train=2.16213 val=2.1330074965953827 lr=0.000197734
2026-09-30 21:28:35,698 step=27110 train=2.03210 val=None lr=0.000197667
2026-09-30 21:28:36,300 step=27120 train=2.13048 val=None lr=0.0001976
2026-09-30 21:28:36,829 step=27130 train=2.15434 val=None lr=0.000197533
2026-09-30 21:28:37,562 step=27140 train=2.08679 val=None lr=0.000197465
2026-09-30 21:28:38,127 step=27150 train=1.88231 val=None lr=0.000197398
2026-09-30 21:28:38,662 step=27160 train=2.18561 val=None lr=0.000197331
2026-09-30 21:28:39,184 step=27170 train=2.30156 val=None lr=0.000197264
2026-09-30 21:28:39,699 step=27180 train=2.15455 val=None lr=0.000197196
2026-09-30 21:28:40,366 step=27190 train=2.15266 val=None lr=0.000197129
2026-09-30 21:28:41,194 step=27200 train=2.04883 val=2.1312950551509857 lr=0.000197062
2026-09-30 21:28:41,735 step=27210 train=2.11587 val=None lr=0.000196995
2026-09-30 21:28:42,446 step=27220 train=2.21169 val=None lr=0.000196927
2026-09-30 21:28:43,002 step=27230 train=2.09543 val=None lr=0.00019686
2026-09-30 21:28:43,643 step=27240 train=2.22546 val=None lr=0.000196793
2026-09-30 21:28:44,187 step=27250 train=2.13400 val=None lr=0.000196725
2026-09-30 21:28:44,785 step=27260 train=2.21183 val=None lr=0.000196658
2026-09-30 21:28:45,491 step=27270 train=1.94042 val=None lr=0.000196591
2026-09-30 21:28:46,013 step=27280 train=1.98083 val=None lr=0.000196524
2026-09-30 21:28:46,536 step=27290 train=1.98160 val=None lr=0.000196456
2026-09-30 21:28:47,473 step=27300 train=1.93586 val=2.1288763284683228 lr=0.000196389
2026-09-30 21:28:47,993 step=27310 train=2.08713 val=None lr=0.000196322
2026-09-30 21:28:48,528 step=27320 train=2.19295 val=None lr=0.000196254
2026-09-30 21:28:49,066 step=27330 train=2.24515 val=None lr=0.000196187
2026-09-30 21:28:49,648 step=27340 train=2.05281 val=None lr=0.000196119
2026-09-30 21:28:50,161 step=27350 train=2.08283 val=None lr=0.000196052
2026-09-30 21:28:50,743 step=27360 train=2.14027 val=None lr=0.000195985
2026-09-30 21:28:51,238 step=27370 train=2.11507 val=None lr=0.000195917
2026-09-30 21:28:51,779 step=27380 train=2.26350 val=None lr=0.00019585
2026-09-30 21:28:52,298 step=27390 train=2.71295 val=None lr=0.000195782
2026-09-30 21:28:50,874 step=27400 train=2.52530 val=2.126963186264038 lr=0.000195715
2026-09-30 21:28:51,521 step=27410 train=2.33276 val=None lr=0.000195648
2026-09-30 21:28:52,023 step=27420 train=2.06226 val=None lr=0.00019558
2026-09-30 21:28:52,581 step=27430 train=2.08835 val=None lr=0.000195513
2026-09-30 21:28:53,343 step=27440 train=1.94615 val=None lr=0.000195445
2026-09-30 21:28:54,039 step=27450 train=2.08777 val=None lr=0.000195378
2026-09-30 21:28:54,720 step=27460 train=1.98869 val=None lr=0.00019531
2026-09-30 21:28:55,257 step=27470 train=2.19495 val=None lr=0.000195243
2026-09-30 21:28:55,975 step=27480 train=2.20037 val=None lr=0.000195175
2026-09-30 21:28:56,573 step=27490 train=2.20429 val=None lr=0.000195108
2026-09-30 21:28:57,553 step=27500 train=2.26148 val=2.1256663262844087 lr=0.00019504
2026-09-30 21:28:58,412 step=27510 train=2.01383 val=None lr=0.000194973
2026-09-30 21:28:58,950 step=27520 train=2.36167 val=None lr=0.000194905
2026-09-30 21:28:59,498 step=27530 train=2.00519 val=None lr=0.000194838
2026-09-30 21:29:00,039 step=27540 train=2.02518 val=None lr=0.00019477
2026-09-30 21:29:00,586 step=27550 train=2.14775 val=None lr=0.000194703
2026-09-30 21:29:01,119 step=27560 train=2.23348 val=None lr=0.000194635
2026-09-30 21:29:01,724 step=27570 train=1.99287 val=None lr=0.000194568
2026-09-30 21:29:02,291 step=27580 train=1.97797 val=None lr=0.0001945
2026-09-30 21:29:02,848 step=27590 train=2.19219 val=None lr=0.000194432
2026-09-30 21:29:03,810 step=27600 train=2.14019 val=2.124934011697769 lr=0.000194365
2026-09-30 21:29:04,545 step=27610 train=2.10120 val=None lr=0.000194297
2026-09-30 21:29:05,133 step=27620 train=2.16404 val=None lr=0.00019423
2026-09-30 21:29:05,667 step=27630 train=2.26224 val=None lr=0.000194162
2026-09-30 21:29:06,163 step=27640 train=2.05911 val=None lr=0.000194094
2026-09-30 21:29:06,754 step=27650 train=2.08486 val=None lr=0.000194027
2026-09-30 21:29:07,438 step=27660 train=2.49837 val=None lr=0.000193959
2026-09-30 21:29:08,036 step=27670 train=2.34119 val=None lr=0.000193892
2026-09-30 21:29:08,610 step=27680 train=2.21633 val=None lr=0.000193824
2026-09-30 21:29:09,199 step=27690 train=2.04987 val=None lr=0.000193756
2026-09-30 21:29:10,140 step=27700 train=2.28065 val=2.1235707461833955 lr=0.000193689
2026-09-30 21:29:10,684 step=27710 train=2.11307 val=None lr=0.000193621
2026-09-30 21:29:11,211 step=27720 train=2.14983 val=None lr=0.000193553
2026-09-30 21:29:11,872 step=27730 train=2.63180 val=None lr=0.000193486
2026-09-30 21:29:12,404 step=27740 train=2.28767 val=None lr=0.000193418
2026-09-30 21:29:12,979 step=27750 train=2.01913 val=None lr=0.00019335
2026-09-30 21:29:13,607 step=27760 train=2.21747 val=None lr=0.000193283
2026-09-30 21:29:14,306 step=27770 train=2.24119 val=None lr=0.000193215
2026-09-30 21:29:14,807 step=27780 train=2.11865 val=None lr=0.000193147
2026-09-30 21:29:15,470 step=27790 train=2.14305 val=None lr=0.000193079
2026-09-30 21:29:16,336 step=27800 train=2.17543 val=2.121758311986923 lr=0.000193012
2026-09-30 21:29:16,920 step=27810 train=2.05851 val=None lr=0.000192944
2026-09-30 21:29:17,455 step=27820 train=2.36926 val=None lr=0.000192876
2026-09-30 21:29:18,145 step=27830 train=2.44684 val=None lr=0.000192808
2026-09-30 21:29:18,876 step=27840 train=1.81398 val=None lr=0.000192741
2026-09-30 21:29:19,450 step=27850 train=2.12137 val=None lr=0.000192673
2026-09-30 21:29:20,060 step=27860 train=2.25378 val=None lr=0.000192605
2026-09-30 21:29:20,632 step=27870 train=2.12720 val=None lr=0.000192537
2026-09-30 21:29:21,238 step=27880 train=2.26909 val=None lr=0.00019247
2026-09-30 21:29:21,826 step=27890 train=2.08290 val=None lr=0.000192402
2026-09-30 21:29:22,796 step=27900 train=2.23662 val=2.1186221659183504 lr=0.000192334
2026-09-30 21:29:23,325 step=27910 train=2.29265 val=None lr=0.000192266
2026-09-30 21:29:21,676 step=27920 train=2.02807 val=None lr=0.000192198
2026-09-30 21:29:22,222 step=27930 train=2.19421 val=None lr=0.00019213
2026-09-30 21:29:22,863 step=27940 train=2.04865 val=None lr=0.000192063
2026-09-30 21:29:23,513 step=27950 train=2.16342 val=None lr=0.000191995
2026-09-30 21:29:24,127 step=27960 train=2.06573 val=None lr=0.000191927
2026-09-30 21:29:24,648 step=27970 train=2.18300 val=None lr=0.000191859
2026-09-30 21:29:25,113 step=27980 train=2.25122 val=None lr=0.000191791
2026-09-30 21:29:25,661 step=27990 train=2.25065 val=None lr=0.000191723
2026-09-30 21:29:26,573 step=28000 train=1.82557 val=2.11599138379097 lr=0.000191655
2026-09-30 21:29:27,297 step=28010 train=2.24226 val=None lr=0.000191588
2026-09-30 21:29:27,872 step=28020 train=2.26988 val=None lr=0.00019152
2026-09-30 21:29:28,529 step=28030 train=2.06206 val=None lr=0.000191452
2026-09-30 21:29:29,120 step=28040 train=1.97385 val=None lr=0.000191384
2026-09-30 21:29:29,948 step=28050 train=2.20839 val=None lr=0.000191316
2026-09-30 21:29:30,518 step=28060 train=2.17656 val=None lr=0.000191248
2026-09-30 21:29:31,106 step=28070 train=2.19556 val=None lr=0.00019118
2026-09-30 21:29:31,637 step=28080 train=2.22389 val=None lr=0.000191112
2026-09-30 21:29:32,165 step=28090 train=2.10269 val=None lr=0.000191044
2026-09-30 21:29:32,965 step=28100 train=2.21528 val=2.116596680879593 lr=0.000190976
2026-09-30 21:29:33,637 step=28110 train=2.29778 val=None lr=0.000190908
2026-09-30 21:29:34,254 step=28120 train=1.99082 val=None lr=0.00019084
2026-09-30 21:29:35,014 step=28130 train=2.01176 val=None lr=0.000190772
2026-09-30 21:29:35,533 step=28140 train=2.10262 val=None lr=0.000190704
2026-09-30 21:29:36,038 step=28150 train=1.99871 val=None lr=0.000190636
2026-09-30 21:29:36,756 step=28160 train=2.67812 val=None lr=0.000190568
2026-09-30 21:29:37,355 step=28170 train=2.15459 val=None lr=0.0001905
2026-09-30 21:29:38,007 step=28180 train=2.21827 val=None lr=0.000190432
2026-09-30 21:29:38,675 step=28190 train=1.97419 val=None lr=0.000190364
2026-09-30 21:29:39,590 step=28200 train=2.12381 val=2.113667094707489 lr=0.000190296
2026-09-30 21:29:40,159 step=28210 train=2.14262 val=None lr=0.000190228
2026-09-30 21:29:40,829 step=28220 train=1.98527 val=None lr=0.00019016
2026-09-30 21:29:41,498 step=28230 train=2.21833 val=None lr=0.000190092
2026-09-30 21:29:42,096 step=28240 train=2.25086 val=None lr=0.000190024
2026-09-30 21:29:42,635 step=28250 train=2.22697 val=None lr=0.000189956
2026-09-30 21:29:43,164 step=28260 train=2.28009 val=None lr=0.000189888
2026-09-30 21:29:43,700 step=28270 train=2.12487 val=None lr=0.00018982
2026-09-30 21:29:44,332 step=28280 train=2.33278 val=None lr=0.000189752
2026-09-30 21:29:44,906 step=28290 train=2.08614 val=None lr=0.000189684
2026-09-30 21:29:45,706 step=28300 train=2.02619 val=2.117124205827713 lr=0.000189616
2026-09-30 21:29:46,245 step=28310 train=2.08600 val=None lr=0.000189548
2026-09-30 21:29:46,758 step=28320 train=2.05104 val=None lr=0.00018948
2026-09-30 21:29:47,445 step=28330 train=2.06538 val=None lr=0.000189412
2026-09-30 21:29:48,125 step=28340 train=1.96130 val=None lr=0.000189344
2026-09-30 21:29:48,637 step=28350 train=2.04987 val=None lr=0.000189275
2026-09-30 21:29:49,200 step=28360 train=2.13997 val=None lr=0.000189207
2026-09-30 21:29:49,789 step=28370 train=1.90784 val=None lr=0.000189139
2026-09-30 21:29:50,341 step=28380 train=2.25239 val=None lr=0.000189071
2026-09-30 21:29:50,920 step=28390 train=1.91290 val=None lr=0.000189003
2026-09-30 21:29:51,718 step=28400 train=2.10902 val=2.114741545915604 lr=0.000188935
2026-09-30 21:29:52,252 step=28410 train=2.34992 val=None lr=0.000188867
2026-09-30 21:29:52,767 step=28420 train=2.03878 val=None lr=0.000188799
2026-09-30 21:29:53,322 step=28430 train=2.17106 val=None lr=0.00018873
2026-09-30 21:29:51,659 step=28440 train=1.81048 val=None lr=0.000188662
2026-09-30 21:29:52,316 step=28450 train=2.18330 val=None lr=0.000188594
2026-09-30 21:29:53,020 step=28460 train=2.05646 val=None lr=0.000188526
2026-09-30 21:29:53,566 step=28470 train=2.15011 val=None lr=0.000188458
2026-09-30 21:29:54,099 step=28480 train=1.99510 val=None lr=0.000188389
2026-09-30 21:29:54,647 step=28490 train=1.93397 val=None lr=0.000188321
2026-09-30 21:29:55,554 step=28500 train=2.31134 val=2.1130878269672393 lr=0.000188253
2026-09-30 21:29:56,338 step=28510 train=2.36685 val=None lr=0.000188185
2026-09-30 21:29:56,916 step=28520 train=2.08753 val=None lr=0.000188117
2026-09-30 21:29:57,463 step=28530 train=2.05243 val=None lr=0.000188048
2026-09-30 21:29:58,106 step=28540 train=2.13849 val=None lr=0.00018798
2026-09-30 21:29:58,668 step=28550 train=2.16829 val=None lr=0.000187912
2026-09-30 21:29:59,182 step=28560 train=1.91137 val=None lr=0.000187844
2026-09-30 21:29:59,725 step=28570 train=2.27784 val=None lr=0.000187775
2026-09-30 21:30:00,457 step=28580 train=2.31540 val=None lr=0.000187707
2026-09-30 21:30:00,945 step=28590 train=2.00162 val=None lr=0.000187639
2026-09-30 21:30:01,800 step=28600 train=2.19691 val=2.1138718366622924 lr=0.000187571
2026-09-30 21:30:02,448 step=28610 train=2.00877 val=None lr=0.000187502
2026-09-30 21:30:03,109 step=28620 train=2.15398 val=None lr=0.000187434
2026-09-30 21:30:03,708 step=28630 train=2.22890 val=None lr=0.000187366
2026-09-30 21:30:04,388 step=28640 train=2.10359 val=None lr=0.000187298
2026-09-30 21:30:04,857 step=28650 train=2.23002 val=None lr=0.000187229
2026-09-30 21:30:05,366 step=28660 train=2.18453 val=None lr=0.000187161
2026-09-30 21:30:05,917 step=28670 train=2.10698 val=None lr=0.000187093
2026-09-30 21:30:06,593 step=28680 train=2.20126 val=None lr=0.000187024
2026-09-30 21:30:07,174 step=28690 train=2.32016 val=None lr=0.000186956
2026-09-30 21:30:08,221 step=28700 train=2.04776 val=2.1105401813983917 lr=0.000186888
2026-09-30 21:30:08,880 step=28710 train=1.92312 val=None lr=0.000186819
2026-09-30 21:30:09,518 step=28720 train=1.90608 val=None lr=0.000186751
2026-09-30 21:30:09,993 step=28730 train=2.01982 val=None lr=0.000186683
2026-09-30 21:30:10,615 step=28740 train=2.01239 val=None lr=0.000186614
2026-09-30 21:30:11,204 step=28750 train=2.23438 val=None lr=0.000186546
2026-09-30 21:30:11,788 step=28760 train=2.09511 val=None lr=0.000186478
2026-09-30 21:30:12,330 step=28770 train=2.20168 val=None lr=0.000186409
2026-09-30 21:30:12,991 step=28780 train=1.80138 val=None lr=0.000186341
2026-09-30 21:30:13,625 step=28790 train=2.31292 val=None lr=0.000186273
2026-09-30 21:30:14,536 step=28800 train=2.28024 val=2.110518378019333 lr=0.000186204
2026-09-30 21:30:15,189 step=28810 train=1.98236 val=None lr=0.000186136
2026-09-30 21:30:15,722 step=28820 train=2.14483 val=None lr=0.000186067
2026-09-30 21:30:16,222 step=28830 train=2.02061 val=None lr=0.000185999
2026-09-30 21:30:16,909 step=28840 train=2.19813 val=None lr=0.000185931
2026-09-30 21:30:17,578 step=28850 train=1.98338 val=None lr=0.000185862
2026-09-30 21:30:18,345 step=28860 train=2.01508 val=None lr=0.000185794
2026-09-30 21:30:18,854 step=28870 train=2.14783 val=None lr=0.000185725
2026-09-30 21:30:19,459 step=28880 train=2.31247 val=None lr=0.000185657
2026-09-30 21:30:19,965 step=28890 train=2.29611 val=None lr=0.000185588
2026-09-30 21:30:20,973 step=28900 train=2.11676 val=2.105430859327316 lr=0.00018552
2026-09-30 21:30:21,503 step=28910 train=2.04964 val=None lr=0.000185452
2026-09-30 21:30:22,027 step=28920 train=2.14918 val=None lr=0.000185383
2026-09-30 21:30:22,559 step=28930 train=2.01181 val=None lr=0.000185315
2026-09-30 21:30:23,111 step=28940 train=2.20325 val=None lr=0.000185246
2026-09-30 21:30:23,654 step=28950 train=2.08786 val=None lr=0.000185178
2026-09-30 21:30:21,838 step=28960 train=1.92585 val=None lr=0.000185109
2026-09-30 21:30:22,347 step=28970 train=2.06310 val=None lr=0.000185041
2026-09-30 21:30:22,863 step=28980 train=2.24499 val=None lr=0.000184972
2026-09-30 21:30:23,384 step=28990 train=2.11798 val=None lr=0.000184904
2026-09-30 21:30:24,576 step=29000 train=2.16866 val=2.1061168372631074 lr=0.000184835
2026-09-30 21:30:25,561 step=29010 train=2.32692 val=None lr=0.000184767
2026-09-30 21:30:26,345 step=29020 train=2.09353 val=None lr=0.000184698
2026-09-30 21:30:26,988 step=29030 train=2.11679 val=None lr=0.00018463
2026-09-30 21:30:27,562 step=29040 train=2.08466 val=None lr=0.000184561
2026-09-30 21:30:28,126 step=29050 train=1.88668 val=None lr=0.000184493
2026-09-30 21:30:28,719 step=29060 train=2.06323 val=None lr=0.000184424
2026-09-30 21:30:29,265 step=29070 train=2.06927 val=None lr=0.000184356
2026-09-30 21:30:29,811 step=29080 train=1.91660 val=None lr=0.000184287
2026-09-30 21:30:30,456 step=29090 train=2.46204 val=None lr=0.000184219
2026-09-30 21:30:31,496 step=29100 train=2.25215 val=2.1051480531692506 lr=0.00018415
2026-09-30 21:30:32,041 step=29110 train=2.04092 val=None lr=0.000184082
2026-09-30 21:30:32,523 step=29120 train=2.14764 val=None lr=0.000184013
2026-09-30 21:30:33,213 step=29130 train=2.31485 val=None lr=0.000183945
2026-09-30 21:30:33,883 step=29140 train=2.39658 val=None lr=0.000183876
2026-09-30 21:30:34,460 step=29150 train=2.01191 val=None lr=0.000183807
2026-09-30 21:30:35,009 step=29160 train=2.22079 val=None lr=0.000183739
2026-09-30 21:30:35,640 step=29170 train=2.28935 val=None lr=0.00018367
2026-09-30 21:30:36,157 step=29180 train=2.10321 val=None lr=0.000183602
2026-09-30 21:30:36,690 step=29190 train=1.92170 val=None lr=0.000183533
2026-09-30 21:30:37,465 step=29200 train=1.89183 val=2.106288677453995 lr=0.000183465
2026-09-30 21:30:37,979 step=29210 train=2.13221 val=None lr=0.000183396
2026-09-30 21:30:38,715 step=29220 train=1.91675 val=None lr=0.000183327
2026-09-30 21:30:39,321 step=29230 train=1.99402 val=None lr=0.000183259
2026-09-30 21:30:40,001 step=29240 train=2.31547 val=None lr=0.00018319
2026-09-30 21:30:40,587 step=29250 train=2.15996 val=None lr=0.000183121
2026-09-30 21:30:41,089 step=29260 train=2.11703 val=None lr=0.000183053
2026-09-30 21:30:41,926 step=29270 train=1.99298 val=None lr=0.000182984
2026-09-30 21:30:42,494 step=29280 train=2.07692 val=None lr=0.000182916
2026-09-30 21:30:43,077 step=29290 train=1.95240 val=None lr=0.000182847
2026-09-30 21:30:43,980 step=29300 train=2.48205 val=2.1041412353515625 lr=0.000182778
2026-09-30 21:30:44,525 step=29310 train=2.24317 val=None lr=0.00018271
2026-09-30 21:30:45,073 step=29320 train=2.07621 val=None lr=0.000182641
2026-09-30 21:30:45,773 step=29330 train=2.09291 val=None lr=0.000182572
2026-09-30 21:30:46,382 step=29340 train=2.26922 val=None lr=0.000182504
2026-09-30 21:30:46,856 step=29350 train=2.04268 val=None lr=0.000182435
2026-09-30 21:30:47,333 step=29360 train=1.94630 val=None lr=0.000182366
2026-09-30 21:30:47,976 step=29370 train=1.88095 val=None lr=0.000182298
2026-09-30 21:30:48,506 step=29380 train=2.30189 val=None lr=0.000182229
2026-09-30 21:30:49,053 step=29390 train=2.06124 val=None lr=0.00018216
2026-09-30 21:30:50,127 step=29400 train=2.07222 val=2.103850966691971 lr=0.000182092
2026-09-30 21:30:50,725 step=29410 train=1.98006 val=None lr=0.000182023
2026-09-30 21:30:51,363 step=29420 train=2.22181 val=None lr=0.000181954
2026-09-30 21:30:52,035 step=29430 train=1.81120 val=None lr=0.000181886
2026-09-30 21:30:52,738 step=29440 train=2.11788 val=None lr=0.000181817
2026-09-30 21:30:53,273 step=29450 train=2.30415 val=None lr=0.000181748
2026-09-30 21:30:53,795 step=29460 train=2.31324 val=None lr=0.00018168
2026-09-30 21:30:52,091 step=29470 train=2.17875 val=None lr=0.000181611
2026-09-30 21:30:52,667 step=29480 train=2.27008 val=None lr=0.000181542
2026-09-30 21:30:53,320 step=29490 train=2.53798 val=None lr=0.000181473
2026-09-30 21:30:54,377 step=29500 train=1.91269 val=2.1036970734596254 lr=0.000181405
2026-09-30 21:30:55,211 step=29510 train=2.00108 val=None lr=0.000181336
2026-09-30 21:30:55,759 step=29520 train=2.44971 val=None lr=0.000181267
2026-09-30 21:30:56,351 step=29530 train=2.21229 val=None lr=0.000181198
2026-09-30 21:30:56,961 step=29540 train=2.02333 val=None lr=0.00018113
2026-09-30 21:30:57,621 step=29550 train=2.01429 val=None lr=0.000181061
2026-09-30 21:30:58,188 step=29560 train=1.97767 val=None lr=0.000180992
2026-09-30 21:30:58,780 step=29570 train=1.93576 val=None lr=0.000180923
2026-09-30 21:30:59,396 step=29580 train=2.31490 val=None lr=0.000180855
2026-09-30 21:30:59,977 step=29590 train=2.27483 val=None lr=0.000180786
2026-09-30 21:31:00,983 step=29600 train=2.32753 val=2.1015292048454284 lr=0.000180717
2026-09-30 21:31:01,554 step=29610 train=2.21094 val=None lr=0.000180648
2026-09-30 21:31:02,132 step=29620 train=2.07751 val=None lr=0.00018058
2026-09-30 21:31:02,719 step=29630 train=2.01729 val=None lr=0.000180511
2026-09-30 21:31:03,361 step=29640 train=2.04582 val=None lr=0.000180442
2026-09-30 21:31:03,963 step=29650 train=2.01410 val=None lr=0.000180373
2026-09-30 21:31:04,644 step=29660 train=2.43718 val=None lr=0.000180304
2026-09-30 21:31:05,140 step=29670 train=2.25773 val=None lr=0.000180236
2026-09-30 21:31:05,670 step=29680 train=2.47632 val=None lr=0.000180167
2026-09-30 21:31:06,232 step=29690 train=2.26634 val=None lr=0.000180098
2026-09-30 21:31:07,166 step=29700 train=2.07604 val=2.099981129169464 lr=0.000180029
2026-09-30 21:31:07,845 step=29710 train=2.15953 val=None lr=0.00017996
2026-09-30 21:31:08,575 step=29720 train=2.40541 val=None lr=0.000179892
2026-09-30 21:31:09,108 step=29730 train=2.14227 val=None lr=0.000179823
2026-09-30 21:31:09,723 step=29740 train=2.04318 val=None lr=0.000179754
2026-09-30 21:31:10,263 step=29750 train=2.21951 val=None lr=0.000179685
2026-09-30 21:31:10,838 step=29760 train=2.16346 val=None lr=0.000179616
2026-09-30 21:31:11,330 step=29770 train=2.04390 val=None lr=0.000179547
2026-09-30 21:31:11,955 step=29780 train=2.44584 val=None lr=0.000179479
2026-09-30 21:31:12,642 step=29790 train=2.07926 val=None lr=0.00017941
2026-09-30 21:31:13,855 step=29800 train=2.01062 val=2.099736386537552 lr=0.000179341
2026-09-30 21:31:14,446 step=29810 train=2.11364 val=None lr=0.000179272
2026-09-30 21:31:14,968 step=29820 train=2.10578 val=None lr=0.000179203
2026-09-30 21:31:15,626 step=29830 train=2.20167 val=None lr=0.000179134
2026-09-30 21:31:16,213 step=29840 train=2.21094 val=None lr=0.000179065
2026-09-30 21:31:16,792 step=29850 train=2.00515 val=None lr=0.000178997
2026-09-30 21:31:17,427 step=29860 train=2.08004 val=None lr=0.000178928
2026-09-30 21:31:17,960 step=29870 train=2.15481 val=None lr=0.000178859
2026-09-30 21:31:18,545 step=29880 train=2.00355 val=None lr=0.00017879
2026-09-30 21:31:19,030 step=29890 train=2.07904 val=None lr=0.000178721
2026-09-30 21:31:19,928 step=29900 train=1.95542 val=2.0971154808998107 lr=0.000178652
2026-09-30 21:31:20,607 step=29910 train=2.10815 val=None lr=0.000178583
2026-09-30 21:31:21,352 step=29920 train=2.17107 val=None lr=0.000178514
2026-09-30 21:31:21,908 step=29930 train=2.32821 val=None lr=0.000178445
2026-09-30 21:31:22,371 step=29940 train=2.22366 val=None lr=0.000178377
2026-09-30 21:31:22,932 step=29950 train=1.99020 val=None lr=0.000178308
2026-09-30 21:31:23,483 step=29960 train=2.05470 val=None lr=0.000178239
2026-09-30 21:31:24,058 step=29970 train=2.14192 val=None lr=0.00017817
2026-09-30 21:31:22,173 step=29980 train=2.13787 val=None lr=0.000178101
2026-09-30 21:31:22,653 step=29990 train=2.28111 val=None lr=0.000178032
2026-09-30 21:31:23,789 step=30000 train=2.12733 val=2.0937738358974456 lr=0.000177963
2026-09-30 21:31:24,725 step=30010 train=2.46660 val=None lr=0.000177894
2026-09-30 21:31:25,236 step=30020 train=2.11420 val=None lr=0.000177825
2026-09-30 21:31:25,873 step=30030 train=2.13950 val=None lr=0.000177756
2026-09-30 21:31:26,517 step=30040 train=2.18024 val=None lr=0.000177687
2026-09-30 21:31:27,176 step=30050 train=2.40260 val=None lr=0.000177618
2026-09-30 21:31:27,833 step=30060 train=1.92241 val=None lr=0.00017755
2026-09-30 21:31:28,331 step=30070 train=2.01725 val=None lr=0.000177481
2026-09-30 21:31:28,953 step=30080 train=2.25552 val=None lr=0.000177412
2026-09-30 21:31:29,454 step=30090 train=1.89493 val=None lr=0.000177343
2026-09-30 21:31:30,412 step=30100 train=2.16082 val=2.0933061242103577 lr=0.000177274
2026-09-30 21:31:30,983 step=30110 train=2.11890 val=None lr=0.000177205
2026-09-30 21:31:31,538 step=30120 train=1.95570 val=None lr=0.000177136
2026-09-30 21:31:32,070 step=30130 train=2.08368 val=None lr=0.000177067
2026-09-30 21:31:32,765 step=30140 train=2.18971 val=None lr=0.000176998
2026-09-30 21:31:33,279 step=30150 train=2.42222 val=None lr=0.000176929
2026-09-30 21:31:33,914 step=30160 train=2.14040 val=None lr=0.00017686
2026-09-30 21:31:34,416 step=30170 train=2.16994 val=None lr=0.000176791
2026-09-30 21:31:34,932 step=30180 train=2.04649 val=None lr=0.000176722
2026-09-30 21:31:35,457 step=30190 train=1.92836 val=None lr=0.000176653
2026-09-30 21:31:36,292 step=30200 train=2.31865 val=2.097179228067398 lr=0.000176584
2026-09-30 21:31:36,859 step=30210 train=1.96964 val=None lr=0.000176515
2026-09-30 21:31:37,530 step=30220 train=2.39649 val=None lr=0.000176446
2026-09-30 21:31:38,237 step=30230 train=2.14945 val=None lr=0.000176377
2026-09-30 21:31:38,909 step=30240 train=2.30156 val=None lr=0.000176308
2026-09-30 21:31:39,473 step=30250 train=2.40843 val=None lr=0.000176239
2026-09-30 21:31:39,988 step=30260 train=2.03318 val=None lr=0.00017617
2026-09-30 21:31:40,500 step=30270 train=2.47769 val=None lr=0.000176101
2026-09-30 21:31:41,116 step=30280 train=2.18763 val=None lr=0.000176032
2026-09-30 21:31:41,709 step=30290 train=2.03117 val=None lr=0.000175963
2026-09-30 21:31:42,613 step=30300 train=1.98793 val=2.0919887125492096 lr=0.000175894
2026-09-30 21:31:43,174 step=30310 train=2.12380 val=None lr=0.000175825
2026-09-30 21:31:43,707 step=30320 train=2.17280 val=None lr=0.000175756
2026-09-30 21:31:44,287 step=30330 train=2.19241 val=None lr=0.000175687
2026-09-30 21:31:44,839 step=30340 train=2.00655 val=None lr=0.000175618
2026-09-30 21:31:45,391 step=30350 train=1.96049 val=None lr=0.000175549
2026-09-30 21:31:45,932 step=30360 train=1.85344 val=None lr=0.00017548
2026-09-30 21:31:46,430 step=30370 train=2.17177 val=None lr=0.000175411
2026-09-30 21:31:46,940 step=30380 train=1.85638 val=None lr=0.000175342
2026-09-30 21:31:47,455 step=30390 train=2.08215 val=None lr=0.000175273
2026-09-30 21:31:48,339 step=30400 train=2.08910 val=2.090547740459442 lr=0.000175204
2026-09-30 21:31:48,943 step=30410 train=2.25017 val=None lr=0.000175135
2026-09-30 21:31:49,518 step=30420 train=2.27040 val=None lr=0.000175066
2026-09-30 21:31:50,133 step=30430 train=1.94639 val=None lr=0.000174996
2026-09-30 21:31:50,766 step=30440 train=1.92832 val=None lr=0.000174927
2026-09-30 21:31:51,313 step=30450 train=2.11248 val=None lr=0.000174858
2026-09-30 21:31:51,895 step=30460 train=1.96978 val=None lr=0.000174789
2026-09-30 21:31:52,469 step=30470 train=2.39539 val=None lr=0.00017472
2026-09-30 21:31:53,052 step=30480 train=2.34520 val=None lr=0.000174651
2026-09-30 21:31:53,741 step=30490 train=2.20803 val=None lr=0.000174582
2026-09-30 21:31:52,402 step=30500 train=2.34629 val=2.0883283376693726 lr=0.000174513
2026-09-30 21:31:53,309 step=30510 train=2.27884 val=None lr=0.000174444
2026-09-30 21:31:53,906 step=30520 train=2.15394 val=None lr=0.000174375
2026-09-30 21:31:54,378 step=30530 train=2.03218 val=None lr=0.000174306
2026-09-30 21:31:54,974 step=30540 train=1.87482 val=None lr=0.000174237
2026-09-30 21:31:55,594 step=30550 train=2.04904 val=None lr=0.000174168
2026-09-30 21:31:56,200 step=30560 train=2.25501 val=None lr=0.000174099
2026-09-30 21:31:56,773 step=30570 train=2.05337 val=None lr=0.00017403
2026-09-30 21:31:57,610 step=30580 train=2.31706 val=None lr=0.00017396
2026-09-30 21:31:58,352 step=30590 train=2.00688 val=None lr=0.000173891
2026-09-30 21:31:59,370 step=30600 train=2.19477 val=2.0880227029323577 lr=0.000173822
2026-09-30 21:32:00,127 step=30610 train=2.07729 val=None lr=0.000173753
2026-09-30 21:32:00,733 step=30620 train=2.06481 val=None lr=0.000173684
2026-09-30 21:32:01,258 step=30630 train=2.16321 val=None lr=0.000173615
2026-09-30 21:32:01,905 step=30640 train=2.18068 val=None lr=0.000173546
2026-09-30 21:32:02,641 step=30650 train=2.17519 val=None lr=0.000173477
2026-09-30 21:32:03,264 step=30660 train=2.04917 val=None lr=0.000173408
2026-09-30 21:32:03,855 step=30670 train=2.35700 val=None lr=0.000173339
2026-09-30 21:32:04,485 step=30680 train=1.85892 val=None lr=0.000173269
2026-09-30 21:32:05,159 step=30690 train=2.14182 val=None lr=0.0001732
2026-09-30 21:32:06,247 step=30700 train=2.05205 val=2.086026167869568 lr=0.000173131
2026-09-30 21:32:06,890 step=30710 train=2.05234 val=None lr=0.000173062
2026-09-30 21:32:07,653 step=30720 train=2.42469 val=None lr=0.000172993
2026-09-30 21:32:08,247 step=30730 train=2.16435 val=None lr=0.000172924
2026-09-30 21:32:08,875 step=30740 train=1.96397 val=None lr=0.000172855
2026-09-30 21:32:09,433 step=30750 train=2.16742 val=None lr=0.000172786
2026-09-30 21:32:09,976 step=30760 train=1.90973 val=None lr=0.000172716
2026-09-30 21:32:10,613 step=30770 train=2.10066 val=None lr=0.000172647
2026-09-30 21:32:11,279 step=30780 train=2.04929 val=None lr=0.000172578
2026-09-30 21:32:11,935 step=30790 train=2.16619 val=None lr=0.000172509
2026-09-30 21:32:12,742 step=30800 train=2.10267 val=2.0860763669013975 lr=0.00017244
2026-09-30 21:32:13,307 step=30810 train=2.27745 val=None lr=0.000172371
2026-09-30 21:32:13,919 step=30820 train=1.95420 val=None lr=0.000172302
2026-09-30 21:32:14,523 step=30830 train=2.07983 val=None lr=0.000172232
2026-09-30 21:32:15,093 step=30840 train=2.04947 val=None lr=0.000172163
2026-09-30 21:32:15,654 step=30850 train=1.97952 val=None lr=0.000172094
2026-09-30 21:32:16,185 step=30860 train=2.19532 val=None lr=0.000172025
2026-09-30 21:32:16,779 step=30870 train=2.15741 val=None lr=0.000171956
2026-09-30 21:32:17,343 step=30880 train=2.12310 val=None lr=0.000171887
2026-09-30 21:32:17,868 step=30890 train=2.02836 val=None lr=0.000171818
2026-09-30 21:32:18,741 step=30900 train=1.98296 val=2.0826596200466154 lr=0.000171748
2026-09-30 21:32:19,323 step=30910 train=2.13839 val=None lr=0.000171679
2026-09-30 21:32:19,902 step=30920 train=1.94706 val=None lr=0.00017161
2026-09-30 21:32:20,436 step=30930 train=2.03873 val=None lr=0.000171541
2026-09-30 21:32:21,253 step=30940 train=2.17223 val=None lr=0.000171472
2026-09-30 21:32:21,791 step=30950 train=2.03990 val=None lr=0.000171403
2026-09-30 21:32:22,300 step=30960 train=2.01088 val=None lr=0.000171333
2026-09-30 21:32:22,804 step=30970 train=2.11709 val=None lr=0.000171264
2026-09-30 21:32:23,368 step=30980 train=2.19137 val=None lr=0.000171195
2026-09-30 21:32:23,906 step=30990 train=2.04730 val=None lr=0.000171126
2026-09-30 21:32:24,901 step=31000 train=2.12007 val=2.0799592614173887 lr=0.000171057
2026-09-30 21:32:23,522 step=31010 train=2.04832 val=None lr=0.000170988
2026-09-30 21:32:24,146 step=31020 train=2.33963 val=None lr=0.000170918
2026-09-30 21:32:24,868 step=31030 train=2.35591 val=None lr=0.000170849
2026-09-30 21:32:25,479 step=31040 train=2.17303 val=None lr=0.00017078
2026-09-30 21:32:26,183 step=31050 train=1.95821 val=None lr=0.000170711
2026-09-30 21:32:26,954 step=31060 train=1.94825 val=None lr=0.000170642
2026-09-30 21:32:27,630 step=31070 train=2.21479 val=None lr=0.000170572
2026-09-30 21:32:28,157 step=31080 train=2.35864 val=None lr=0.000170503
2026-09-30 21:32:28,803 step=31090 train=2.27176 val=None lr=0.000170434
2026-09-30 21:32:29,691 step=31100 train=2.06424 val=2.080249923467636 lr=0.000170365
2026-09-30 21:32:30,315 step=31110 train=2.10185 val=None lr=0.000170296
2026-09-30 21:32:30,831 step=31120 train=2.09256 val=None lr=0.000170227
2026-09-30 21:32:31,417 step=31130 train=2.00653 val=None lr=0.000170157
2026-09-30 21:32:32,028 step=31140 train=2.17965 val=None lr=0.000170088
2026-09-30 21:32:32,682 step=31150 train=1.83231 val=None lr=0.000170019
2026-09-30 21:32:33,251 step=31160 train=2.11314 val=None lr=0.00016995
2026-09-30 21:32:33,821 step=31170 train=2.19399 val=None lr=0.000169881
2026-09-30 21:32:34,323 step=31180 train=2.43181 val=None lr=0.000169811
2026-09-30 21:32:34,903 step=31190 train=1.98663 val=None lr=0.000169742
2026-09-30 21:32:35,875 step=31200 train=2.04348 val=2.0784810841083527 lr=0.000169673
2026-09-30 21:32:36,461 step=31210 train=2.06438 val=None lr=0.000169604
2026-09-30 21:32:36,994 step=31220 train=2.21568 val=None lr=0.000169535
2026-09-30 21:32:37,577 step=31230 train=2.04731 val=None lr=0.000169465
2026-09-30 21:32:38,169 step=31240 train=1.84964 val=None lr=0.000169396
2026-09-30 21:32:38,770 step=31250 train=2.11307 val=None lr=0.000169327
2026-09-30 21:32:39,321 step=31260 train=2.34467 val=None lr=0.000169258
2026-09-30 21:32:39,878 step=31270 train=2.04251 val=None lr=0.000169189
2026-09-30 21:32:40,399 step=31280 train=2.07151 val=None lr=0.000169119
2026-09-30 21:32:40,893 step=31290 train=2.19305 val=None lr=0.00016905
2026-09-30 21:32:41,826 step=31300 train=2.03755 val=2.077288144826889 lr=0.000168981
2026-09-30 21:32:42,392 step=31310 train=2.25980 val=None lr=0.000168912
2026-09-30 21:32:42,963 step=31320 train=2.04330 val=None lr=0.000168842
2026-09-30 21:32:43,592 step=31330 train=2.19664 val=None lr=0.000168773
2026-09-30 21:32:44,171 step=31340 train=2.15595 val=None lr=0.000168704
2026-09-30 21:32:44,921 step=31350 train=2.12055 val=None lr=0.000168635
2026-09-30 21:32:45,601 step=31360 train=2.03915 val=None lr=0.000168566
2026-09-30 21:32:46,118 step=31370 train=2.06550 val=None lr=0.000168496
2026-09-30 21:32:46,660 step=31380 train=1.88712 val=None lr=0.000168427
2026-09-30 21:32:47,237 step=31390 train=2.15721 val=None lr=0.000168358
2026-09-30 21:32:48,010 step=31400 train=2.24287 val=2.079314136505127 lr=0.000168289
2026-09-30 21:32:48,565 step=31410 train=2.14095 val=None lr=0.00016822
2026-09-30 21:32:49,074 step=31420 train=2.34641 val=None lr=0.00016815
2026-09-30 21:32:49,774 step=31430 train=2.05205 val=None lr=0.000168081
2026-09-30 21:32:50,464 step=31440 train=2.22704 val=None lr=0.000168012
2026-09-30 21:32:51,107 step=31450 train=2.17408 val=None lr=0.000167943
2026-09-30 21:32:51,809 step=31460 train=1.99487 val=None lr=0.000167873
2026-09-30 21:32:52,616 step=31470 train=2.15765 val=None lr=0.000167804
2026-09-30 21:32:53,233 step=31480 train=2.01433 val=None lr=0.000167735
2026-09-30 21:32:53,871 step=31490 train=2.03004 val=None lr=0.000167666
2026-09-30 21:32:53,636 step=31500 train=2.05818 val=2.075049114227295 lr=0.000167596
2026-09-30 21:32:54,538 step=31510 train=2.20386 val=None lr=0.000167527
2026-09-30 21:32:55,111 step=31520 train=2.16834 val=None lr=0.000167458
2026-09-30 21:32:55,717 step=31530 train=2.13138 val=None lr=0.000167389
2026-09-30 21:32:56,326 step=31540 train=2.05150 val=None lr=0.00016732
2026-09-30 21:32:56,913 step=31550 train=1.99698 val=None lr=0.00016725
2026-09-30 21:32:57,712 step=31560 train=2.11782 val=None lr=0.000167181
2026-09-30 21:32:58,362 step=31570 train=2.20373 val=None lr=0.000167112
2026-09-30 21:32:58,987 step=31580 train=2.35681 val=None lr=0.000167043
2026-09-30 21:32:59,571 step=31590 train=2.13059 val=None lr=0.000166973
2026-09-30 21:33:00,568 step=31600 train=2.26835 val=2.07328479886055 lr=0.000166904
2026-09-30 21:33:01,171 step=31610 train=2.06409 val=None lr=0.000166835
2026-09-30 21:33:01,780 step=31620 train=2.14176 val=None lr=0.000166766
2026-09-30 21:33:02,477 step=31630 train=2.00783 val=None lr=0.000166696
2026-09-30 21:33:03,060 step=31640 train=2.23158 val=None lr=0.000166627
2026-09-30 21:33:03,769 step=31650 train=2.18076 val=None lr=0.000166558
2026-09-30 21:33:04,328 step=31660 train=2.20896 val=None lr=0.000166489
2026-09-30 21:33:05,030 step=31670 train=1.90507 val=None lr=0.000166419
2026-09-30 21:33:05,631 step=31680 train=1.90077 val=None lr=0.00016635
2026-09-30 21:33:06,212 step=31690 train=1.96514 val=None lr=0.000166281
2026-09-30 21:33:07,304 step=31700 train=2.14746 val=2.0743862271308897 lr=0.000166212
2026-09-30 21:33:07,876 step=31710 train=2.12293 val=None lr=0.000166143
2026-09-30 21:33:08,515 step=31720 train=2.22530 val=None lr=0.000166073
2026-09-30 21:33:09,164 step=31730 train=2.05591 val=None lr=0.000166004
2026-09-30 21:33:09,853 step=31740 train=2.10388 val=None lr=0.000165935
2026-09-30 21:33:10,451 step=31750 train=1.85189 val=None lr=0.000165866
2026-09-30 21:33:11,082 step=31760 train=2.06866 val=None lr=0.000165796
2026-09-30 21:33:11,677 step=31770 train=2.26563 val=None lr=0.000165727
2026-09-30 21:33:12,259 step=31780 train=2.10817 val=None lr=0.000165658
2026-09-30 21:33:12,811 step=31790 train=2.00481 val=None lr=0.000165589
2026-09-30 21:33:13,749 step=31800 train=2.21948 val=2.072440451383591 lr=0.000165519
2026-09-30 21:33:14,348 step=31810 train=2.12556 val=None lr=0.00016545
2026-09-30 21:33:14,941 step=31820 train=2.05038 val=None lr=0.000165381
2026-09-30 21:33:15,504 step=31830 train=2.19658 val=None lr=0.000165312
2026-09-30 21:33:16,092 step=31840 train=2.21266 val=None lr=0.000165242
2026-09-30 21:33:16,670 step=31850 train=1.90747 val=None lr=0.000165173
2026-09-30 21:33:17,317 step=31860 train=2.31529 val=None lr=0.000165104
2026-09-30 21:33:18,020 step=31870 train=2.05546 val=None lr=0.000165035
2026-09-30 21:33:18,492 step=31880 train=2.31971 val=None lr=0.000164965
2026-09-30 21:33:19,063 step=31890 train=2.07396 val=None lr=0.000164896
2026-09-30 21:33:19,945 step=31900 train=1.98841 val=2.0737516224384307 lr=0.000164827
2026-09-30 21:33:20,490 step=31910 train=2.08285 val=None lr=0.000164758
2026-09-30 21:33:21,061 step=31920 train=1.98673 val=None lr=0.000164688
2026-09-30 21:33:21,646 step=31930 train=2.07797 val=None lr=0.000164619
2026-09-30 21:33:22,265 step=31940 train=2.14877 val=None lr=0.00016455
2026-09-30 21:33:22,865 step=31950 train=2.24263 val=None lr=0.000164481
2026-09-30 21:33:23,460 step=31960 train=2.32136 val=None lr=0.000164411
2026-09-30 21:33:24,134 step=31970 train=2.12496 val=None lr=0.000164342
2026-09-30 21:33:24,770 step=31980 train=2.30881 val=None lr=0.000164273
2026-09-30 21:33:25,343 step=31990 train=1.88464 val=None lr=0.000164204
2026-09-30 21:33:24,056 step=32000 train=2.52937 val=2.0715190947055815 lr=0.000164134
2026-09-30 21:33:24,860 step=32010 train=2.20857 val=None lr=0.000164065
2026-09-30 21:33:25,465 step=32020 train=2.37801 val=None lr=0.000163996
2026-09-30 21:33:26,244 step=32030 train=2.25357 val=None lr=0.000163927
2026-09-30 21:33:26,749 step=32040 train=2.21406 val=None lr=0.000163857
2026-09-30 21:33:27,332 step=32050 train=2.01657 val=None lr=0.000163788
2026-09-30 21:33:27,909 step=32060 train=2.14285 val=None lr=0.000163719
2026-09-30 21:33:28,430 step=32070 train=1.98150 val=None lr=0.00016365
2026-09-30 21:33:29,018 step=32080 train=2.08875 val=None lr=0.000163581
2026-09-30 21:33:29,515 step=32090 train=2.11045 val=None lr=0.000163511
2026-09-30 21:33:30,361 step=32100 train=2.10949 val=2.074177473783493 lr=0.000163442
2026-09-30 21:33:30,917 step=32110 train=2.14889 val=None lr=0.000163373
2026-09-30 21:33:31,473 step=32120 train=2.00263 val=None lr=0.000163304
2026-09-30 21:33:32,069 step=32130 train=2.02844 val=None lr=0.000163234
2026-09-30 21:33:32,765 step=32140 train=1.92620 val=None lr=0.000163165
2026-09-30 21:33:33,358 step=32150 train=1.93054 val=None lr=0.000163096
2026-09-30 21:33:33,979 step=32160 train=1.91895 val=None lr=0.000163027
2026-09-30 21:33:34,520 step=32170 train=2.30434 val=None lr=0.000162957
2026-09-30 21:33:35,066 step=32180 train=1.81004 val=None lr=0.000162888
2026-09-30 21:33:35,642 step=32190 train=2.13848 val=None lr=0.000162819
2026-09-30 21:33:36,603 step=32200 train=1.99208 val=2.0706090927124023 lr=0.00016275
2026-09-30 21:33:37,430 step=32210 train=1.82294 val=None lr=0.00016268
2026-09-30 21:33:37,965 step=32220 train=2.24126 val=None lr=0.000162611
2026-09-30 21:33:38,753 step=32230 train=2.29247 val=None lr=0.000162542
2026-09-30 21:33:39,344 step=32240 train=2.13165 val=None lr=0.000162473
2026-09-30 21:33:39,961 step=32250 train=2.11532 val=None lr=0.000162404
2026-09-30 21:33:40,591 step=32260 train=2.19779 val=None lr=0.000162334
2026-09-30 21:33:41,135 step=32270 train=2.07024 val=None lr=0.000162265
2026-09-30 21:33:41,731 step=32280 train=2.08235 val=None lr=0.000162196
2026-09-30 21:33:42,302 step=32290 train=2.09352 val=None lr=0.000162127
2026-09-30 21:33:43,212 step=32300 train=2.22151 val=2.0711196601390838 lr=0.000162057
2026-09-30 21:33:43,961 step=32310 train=2.09696 val=None lr=0.000161988
2026-09-30 21:33:44,731 step=32320 train=1.97260 val=None lr=0.000161919
2026-09-30 21:33:45,422 step=32330 train=2.23134 val=None lr=0.00016185
2026-09-30 21:33:46,051 step=32340 train=2.13991 val=None lr=0.00016178
2026-09-30 21:33:46,617 step=32350 train=1.79022 val=None lr=0.000161711
2026-09-30 21:33:47,147 step=32360 train=1.97316 val=None lr=0.000161642
2026-09-30 21:33:47,716 step=32370 train=1.77103 val=None lr=0.000161573
2026-09-30 21:33:48,210 step=32380 train=2.47088 val=None lr=0.000161504
2026-09-30 21:33:48,728 step=32390 train=2.17235 val=None lr=0.000161434
2026-09-30 21:33:49,815 step=32400 train=2.07983 val=2.0710514068603514 lr=0.000161365
2026-09-30 21:33:50,379 step=32410 train=1.94902 val=None lr=0.000161296
2026-09-30 21:33:50,903 step=32420 train=2.07718 val=None lr=0.000161227
2026-09-30 21:33:51,390 step=32430 train=2.17357 val=None lr=0.000161158
2026-09-30 21:33:52,245 step=32440 train=1.91464 val=None lr=0.000161088
2026-09-30 21:33:52,827 step=32450 train=1.93449 val=None lr=0.000161019
2026-09-30 21:33:53,325 step=32460 train=2.16656 val=None lr=0.00016095
2026-09-30 21:33:53,862 step=32470 train=1.79445 val=None lr=0.000160881
2026-09-30 21:33:54,450 step=32480 train=2.27060 val=None lr=0.000160811
2026-09-30 21:33:54,994 step=32490 train=2.11623 val=None lr=0.000160742
2026-09-30 21:33:53,533 step=32500 train=2.05105 val=2.0711855709552767 lr=0.000160673
2026-09-30 21:33:54,445 step=32510 train=1.90936 val=None lr=0.000160604
2026-09-30 21:33:54,995 step=32520 train=2.26578 val=None lr=0.000160535
2026-09-30 21:33:55,571 step=32530 train=2.39522 val=None lr=0.000160465
2026-09-30 21:33:56,214 step=32540 train=1.81319 val=None lr=0.000160396
2026-09-30 21:33:56,787 step=32550 train=1.97783 val=None lr=0.000160327
2026-09-30 21:33:57,299 step=32560 train=2.20963 val=None lr=0.000160258
2026-09-30 21:33:57,978 step=32570 train=2.08380 val=None lr=0.000160189
2026-09-30 21:33:58,502 step=32580 train=2.01145 val=None lr=0.000160119
2026-09-30 21:33:59,024 step=32590 train=2.01712 val=None lr=0.00016005
2026-09-30 21:33:59,907 step=32600 train=2.55121 val=2.065199488401413 lr=0.000159981
2026-09-30 21:34:00,455 step=32610 train=2.02650 val=None lr=0.000159912
2026-09-30 21:34:00,966 step=32620 train=1.90211 val=None lr=0.000159843
2026-09-30 21:34:01,624 step=32630 train=2.03128 val=None lr=0.000159773
2026-09-30 21:34:02,251 step=32640 train=2.25894 val=None lr=0.000159704
2026-09-30 21:34:02,808 step=32650 train=1.75089 val=None lr=0.000159635
2026-09-30 21:34:03,386 step=32660 train=1.76983 val=None lr=0.000159566
2026-09-30 21:34:04,016 step=32670 train=2.06902 val=None lr=0.000159497
2026-09-30 21:34:04,612 step=32680 train=2.24282 val=None lr=0.000159428
2026-09-30 21:34:05,177 step=32690 train=2.09012 val=None lr=0.000159358
2026-09-30 21:34:06,010 step=32700 train=2.22701 val=2.0714005291461945 lr=0.000159289
2026-09-30 21:34:06,629 step=32710 train=1.90605 val=None lr=0.00015922
2026-09-30 21:34:07,192 step=32720 train=2.18818 val=None lr=0.000159151
2026-09-30 21:34:07,797 step=32730 train=2.05956 val=None lr=0.000159082
2026-09-30 21:34:08,382 step=32740 train=2.02791 val=None lr=0.000159012
2026-09-30 21:34:08,945 step=32750 train=2.40086 val=None lr=0.000158943
2026-09-30 21:34:09,552 step=32760 train=2.39161 val=None lr=0.000158874
2026-09-30 21:34:10,211 step=32770 train=2.08637 val=None lr=0.000158805
2026-09-30 21:34:10,787 step=32780 train=2.30098 val=None lr=0.000158736
2026-09-30 21:34:11,457 step=32790 train=1.95373 val=None lr=0.000158667
2026-09-30 21:34:12,309 step=32800 train=2.03877 val=2.0660691976547243 lr=0.000158597
2026-09-30 21:34:12,852 step=32810 train=2.16092 val=None lr=0.000158528
2026-09-30 21:34:13,363 step=32820 train=2.01768 val=None lr=0.000158459
2026-09-30 21:34:14,022 step=32830 train=2.47474 val=None lr=0.00015839
2026-09-30 21:34:14,689 step=32840 train=2.26797 val=None lr=0.000158321
2026-09-30 21:34:15,296 step=32850 train=2.10972 val=None lr=0.000158252
2026-09-30 21:34:15,950 step=32860 train=2.21178 val=None lr=0.000158182
2026-09-30 21:34:16,408 step=32870 train=2.22419 val=None lr=0.000158113
2026-09-30 21:34:16,978 step=32880 train=2.21568 val=None lr=0.000158044
2026-09-30 21:34:17,541 step=32890 train=2.40425 val=None lr=0.000157975
2026-09-30 21:34:18,296 step=32900 train=1.89887 val=2.0674793303012846 lr=0.000157906
2026-09-30 21:34:18,873 step=32910 train=2.10299 val=None lr=0.000157837
2026-09-30 21:34:19,423 step=32920 train=2.12329 val=None lr=0.000157768
2026-09-30 21:34:19,957 step=32930 train=2.20094 val=None lr=0.000157698
2026-09-30 21:34:20,566 step=32940 train=2.01856 val=None lr=0.000157629
2026-09-30 21:34:21,349 step=32950 train=1.84378 val=None lr=0.00015756
2026-09-30 21:34:22,076 step=32960 train=2.14561 val=None lr=0.000157491
2026-09-30 21:34:22,578 step=32970 train=2.16594 val=None lr=0.000157422
2026-09-30 21:34:23,323 step=32980 train=2.07893 val=None lr=0.000157353
2026-09-30 21:34:24,061 step=32990 train=1.93256 val=None lr=0.000157284
2026-09-30 21:34:25,139 step=33000 train=2.04071 val=2.064217883348465 lr=0.000157214
2026-09-30 21:34:26,022 step=33010 train=2.06041 val=None lr=0.000157145
2026-09-30 21:34:24,315 step=33020 train=1.91509 val=None lr=0.000157076
2026-09-30 21:34:24,931 step=33030 train=1.99179 val=None lr=0.000157007
2026-09-30 21:34:25,526 step=33040 train=2.34775 val=None lr=0.000156938
2026-09-30 21:34:26,158 step=33050 train=2.21741 val=None lr=0.000156869
2026-09-30 21:34:26,822 step=33060 train=1.90740 val=None lr=0.0001568
2026-09-30 21:34:27,428 step=33070 train=2.12580 val=None lr=0.000156731
2026-09-30 21:34:28,009 step=33080 train=2.21803 val=None lr=0.000156661
2026-09-30 21:34:28,683 step=33090 train=2.06381 val=None lr=0.000156592
2026-09-30 21:34:29,754 step=33100 train=2.02899 val=2.0641166806221007 lr=0.000156523
2026-09-30 21:34:30,252 step=33110 train=2.00178 val=None lr=0.000156454
2026-09-30 21:34:30,755 step=33120 train=1.99522 val=None lr=0.000156385
2026-09-30 21:34:31,361 step=33130 train=1.96847 val=None lr=0.000156316
2026-09-30 21:34:31,951 step=33140 train=2.14573 val=None lr=0.000156247
2026-09-30 21:34:32,510 step=33150 train=2.27847 val=None lr=0.000156178
2026-09-30 21:34:33,217 step=33160 train=2.39788 val=None lr=0.000156109
2026-09-30 21:34:33,834 step=33170 train=2.14735 val=None lr=0.00015604
2026-09-30 21:34:34,467 step=33180 train=2.27095 val=None lr=0.00015597
2026-09-30 21:34:35,263 step=33190 train=2.04110 val=None lr=0.000155901
2026-09-30 21:34:36,298 step=33200 train=2.20595 val=2.0635916233062743 lr=0.000155832
2026-09-30 21:34:36,885 step=33210 train=2.14727 val=None lr=0.000155763
2026-09-30 21:34:37,389 step=33220 train=2.20763 val=None lr=0.000155694
2026-09-30 21:34:37,898 step=33230 train=2.05105 val=None lr=0.000155625
2026-09-30 21:34:38,619 step=33240 train=2.10969 val=None lr=0.000155556
2026-09-30 21:34:39,173 step=33250 train=2.16575 val=None lr=0.000155487
2026-09-30 21:34:39,724 step=33260 train=2.18884 val=None lr=0.000155418
2026-09-30 21:34:40,325 step=33270 train=2.18069 val=None lr=0.000155349
2026-09-30 21:34:40,841 step=33280 train=2.14890 val=None lr=0.00015528
2026-09-30 21:34:41,378 step=33290 train=2.38475 val=None lr=0.000155211
2026-09-30 21:34:42,489 step=33300 train=2.31561 val=2.063287502527237 lr=0.000155142
2026-09-30 21:34:43,212 step=33310 train=2.00674 val=None lr=0.000155073
2026-09-30 21:34:43,766 step=33320 train=2.04036 val=None lr=0.000155004
2026-09-30 21:34:44,435 step=33330 train=2.13839 val=None lr=0.000154934
2026-09-30 21:34:45,020 step=33340 train=2.03299 val=None lr=0.000154865
2026-09-30 21:34:45,596 step=33350 train=2.19181 val=None lr=0.000154796
2026-09-30 21:34:46,237 step=33360 train=2.23156 val=None lr=0.000154727
2026-09-30 21:34:46,822 step=33370 train=2.01279 val=None lr=0.000154658
2026-09-30 21:34:47,435 step=33380 train=2.05676 val=None lr=0.000154589
2026-09-30 21:34:48,022 step=33390 train=1.99297 val=None lr=0.00015452
2026-09-30 21:34:48,933 step=33400 train=2.24265 val=2.059805393218994 lr=0.000154451
2026-09-30 21:34:49,536 step=33410 train=2.15691 val=None lr=0.000154382
2026-09-30 21:34:50,366 step=33420 train=1.98061 val=None lr=0.000154313
2026-09-30 21:34:50,995 step=33430 train=2.14582 val=None lr=0.000154244
2026-09-30 21:34:51,758 step=33440 train=2.11472 val=None lr=0.000154175
2026-09-30 21:34:52,327 step=33450 train=2.26995 val=None lr=0.000154106
2026-09-30 21:34:52,953 step=33460 train=2.16085 val=None lr=0.000154037
2026-09-30 21:34:53,571 step=33470 train=2.01988 val=None lr=0.000153968
2026-09-30 21:34:54,203 step=33480 train=1.91552 val=None lr=0.000153899
2026-09-30 21:34:54,711 step=33490 train=2.13737 val=None lr=0.00015383
2026-09-30 21:34:55,476 step=33500 train=1.96073 val=2.0608476877212523 lr=0.000153761
2026-09-30 21:34:54,367 step=33510 train=2.42111 val=None lr=0.000153692
2026-09-30 21:34:54,882 step=33520 train=2.02140 val=None lr=0.000153623
2026-09-30 21:34:55,435 step=33530 train=2.28722 val=None lr=0.000153554
2026-09-30 21:34:56,070 step=33540 train=2.36140 val=None lr=0.000153485
2026-09-30 21:34:56,848 step=33550 train=2.14438 val=None lr=0.000153416
2026-09-30 21:34:57,418 step=33560 train=2.10442 val=None lr=0.000153347
2026-09-30 21:34:58,504 step=33570 train=2.19644 val=None lr=0.000153278
2026-09-30 21:34:59,023 step=33580 train=2.08796 val=None lr=0.000153209
2026-09-30 21:34:59,590 step=33590 train=2.17518 val=None lr=0.00015314
2026-09-30 21:35:00,600 step=33600 train=2.03575 val=2.0572962284088137 lr=0.000153071
2026-09-30 21:35:01,228 step=33610 train=2.17177 val=None lr=0.000153002
2026-09-30 21:35:01,737 step=33620 train=2.34149 val=None lr=0.000152933
2026-09-30 21:35:02,401 step=33630 train=2.21068 val=None lr=0.000152864
2026-09-30 21:35:03,038 step=33640 train=2.21732 val=None lr=0.000152795
2026-09-30 21:35:03,687 step=33650 train=1.97082 val=None lr=0.000152726
2026-09-30 21:35:04,271 step=33660 train=2.31460 val=None lr=0.000152657
2026-09-30 21:35:04,904 step=33670 train=1.91411 val=None lr=0.000152588
2026-09-30 21:35:05,576 step=33680 train=2.01851 val=None lr=0.000152519
2026-09-30 21:35:06,197 step=33690 train=1.73006 val=None lr=0.00015245
2026-09-30 21:35:06,989 step=33700 train=2.05649 val=2.0596257865428926 lr=0.000152382
2026-09-30 21:35:07,592 step=33710 train=1.99865 val=None lr=0.000152313
2026-09-30 21:35:08,266 step=33720 train=1.90241 val=None lr=0.000152244
2026-09-30 21:35:08,835 step=33730 train=2.13348 val=None lr=0.000152175
2026-09-30 21:35:09,455 step=33740 train=2.51200 val=None lr=0.000152106
2026-09-30 21:35:10,177 step=33750 train=2.06048 val=None lr=0.000152037
2026-09-30 21:35:10,743 step=33760 train=2.04009 val=None lr=0.000151968
2026-09-30 21:35:11,329 step=33770 train=2.11927 val=None lr=0.000151899
2026-09-30 21:35:12,036 step=33780 train=1.93619 val=None lr=0.00015183
2026-09-30 21:35:12,595 step=33790 train=2.11028 val=None lr=0.000151761
2026-09-30 21:35:13,440 step=33800 train=2.20305 val=2.059378480911255 lr=0.000151692
2026-09-30 21:35:14,057 step=33810 train=2.02820 val=None lr=0.000151623
2026-09-30 21:35:14,663 step=33820 train=1.96588 val=None lr=0.000151555
2026-09-30 21:35:15,211 step=33830 train=2.00029 val=None lr=0.000151486
2026-09-30 21:35:15,876 step=33840 train=2.04077 val=None lr=0.000151417
2026-09-30 21:35:16,515 step=33850 train=1.84382 val=None lr=0.000151348
2026-09-30 21:35:17,129 step=33860 train=1.90151 val=None lr=0.000151279
2026-09-30 21:35:17,676 step=33870 train=2.34043 val=None lr=0.00015121
2026-09-30 21:35:18,220 step=33880 train=2.14357 val=None lr=0.000151141
2026-09-30 21:35:18,820 step=33890 train=1.94202 val=None lr=0.000151072
2026-09-30 21:35:19,704 step=33900 train=2.35527 val=2.0547893404960633 lr=0.000151003
2026-09-30 21:35:20,273 step=33910 train=2.08864 val=None lr=0.000150935
2026-09-30 21:35:20,849 step=33920 train=2.11829 val=None lr=0.000150866
2026-09-30 21:35:21,434 step=33930 train=2.10359 val=None lr=0.000150797
2026-09-30 21:35:21,975 step=33940 train=2.32251 val=None lr=0.000150728
2026-09-30 21:35:22,605 step=33950 train=2.18638 val=None lr=0.000150659
2026-09-30 21:35:23,125 step=33960 train=2.27683 val=None lr=0.00015059
2026-09-30 21:35:23,610 step=33970 train=2.29862 val=None lr=0.000150521
2026-09-30 21:35:24,273 step=33980 train=1.98338 val=None lr=0.000150453
2026-09-30 21:35:24,816 step=33990 train=2.03223 val=None lr=0.000150384
2026-09-30 21:35:25,808 step=34000 train=1.99665 val=2.0558424055576325 lr=0.000150315
2026-09-30 21:35:24,377 step=34010 train=2.01976 val=None lr=0.000150246
2026-09-30 21:35:24,899 step=34020 train=1.81605 val=None lr=0.000150177
2026-09-30 21:35:25,445 step=34030 train=2.01103 val=None lr=0.000150108
2026-09-30 21:35:25,985 step=34040 train=2.08423 val=None lr=0.00015004
2026-09-30 21:35:26,491 step=34050 train=2.20824 val=None lr=0.000149971
2026-09-30 21:35:27,035 step=34060 train=1.84528 val=None lr=0.000149902
2026-09-30 21:35:27,609 step=34070 train=2.14223 val=None lr=0.000149833
2026-09-30 21:35:28,248 step=34080 train=2.14592 val=None lr=0.000149764
2026-09-30 21:35:28,897 step=34090 train=2.10446 val=None lr=0.000149696
2026-09-30 21:35:29,775 step=34100 train=2.23080 val=2.0544275045394897 lr=0.000149627
2026-09-30 21:35:30,256 step=34110 train=1.92170 val=None lr=0.000149558
2026-09-30 21:35:30,821 step=34120 train=2.19516 val=None lr=0.000149489
2026-09-30 21:35:31,315 step=34130 train=2.19550 val=None lr=0.00014942
2026-09-30 21:35:31,901 step=34140 train=2.00247 val=None lr=0.000149352
2026-09-30 21:35:32,519 step=34150 train=1.89714 val=None lr=0.000149283
2026-09-30 21:35:33,038 step=34160 train=2.00621 val=None lr=0.000149214
2026-09-30 21:35:33,568 step=34170 train=1.94933 val=None lr=0.000149145
2026-09-30 21:35:34,203 step=34180 train=1.92368 val=None lr=0.000149077
2026-09-30 21:35:34,701 step=34190 train=1.93572 val=None lr=0.000149008
2026-09-30 21:35:35,777 step=34200 train=1.97376 val=2.0558391153812408 lr=0.000148939
2026-09-30 21:35:36,270 step=34210 train=2.08654 val=None lr=0.00014887
2026-09-30 21:35:36,833 step=34220 train=2.50205 val=None lr=0.000148802
2026-09-30 21:35:37,478 step=34230 train=2.34867 val=None lr=0.000148733
2026-09-30 21:35:37,973 step=34240 train=2.25272 val=None lr=0.000148664
2026-09-30 21:35:38,712 step=34250 train=2.04723 val=None lr=0.000148595
2026-09-30 21:35:39,266 step=34260 train=2.44379 val=None lr=0.000148527
2026-09-30 21:35:40,037 step=34270 train=2.05268 val=None lr=0.000148458
2026-09-30 21:35:40,751 step=34280 train=2.21930 val=None lr=0.000148389
2026-09-30 21:35:41,560 step=34290 train=1.97158 val=None lr=0.00014832
2026-09-30 21:35:42,560 step=34300 train=2.40185 val=2.0511408925056456 lr=0.000148252
2026-09-30 21:35:43,122 step=34310 train=2.19479 val=None lr=0.000148183
2026-09-30 21:35:43,748 step=34320 train=2.08939 val=None lr=0.000148114
2026-09-30 21:35:44,299 step=34330 train=2.15336 val=None lr=0.000148046
2026-09-30 21:35:44,868 step=34340 train=1.99224 val=None lr=0.000147977
2026-09-30 21:35:45,411 step=34350 train=1.99745 val=None lr=0.000147908
2026-09-30 21:35:45,992 step=34360 train=2.17581 val=None lr=0.00014784
2026-09-30 21:35:46,721 step=34370 train=1.95226 val=None lr=0.000147771
2026-09-30 21:35:47,319 step=34380 train=2.16504 val=None lr=0.000147702
2026-09-30 21:35:47,827 step=34390 train=2.10430 val=None lr=0.000147634
2026-09-30 21:35:48,972 step=34400 train=1.94740 val=2.050247073173523 lr=0.000147565
2026-09-30 21:35:49,608 step=34410 train=2.09041 val=None lr=0.000147496
2026-09-30 21:35:50,418 step=34420 train=2.08868 val=None lr=0.000147428
2026-09-30 21:35:50,979 step=34430 train=1.78669 val=None lr=0.000147359
2026-09-30 21:35:51,523 step=34440 train=2.23284 val=None lr=0.00014729
2026-09-30 21:35:52,121 step=34450 train=1.98317 val=None lr=0.000147222
2026-09-30 21:35:52,663 step=34460 train=1.97314 val=None lr=0.000147153
2026-09-30 21:35:53,364 step=34470 train=2.01569 val=None lr=0.000147084
2026-09-30 21:35:53,890 step=34480 train=2.00396 val=None lr=0.000147016
2026-09-30 21:35:54,496 step=34490 train=2.13655 val=None lr=0.000146947
2026-09-30 21:35:55,409 step=34500 train=2.20197 val=2.049273955821991 lr=0.000146879
2026-09-30 21:35:56,339 step=34510 train=2.21962 val=None lr=0.00014681
2026-09-30 21:35:54,637 step=34520 train=2.25726 val=None lr=0.000146741
2026-09-30 21:35:55,212 step=34530 train=1.99801 val=None lr=0.000146673
2026-09-30 21:35:55,801 step=34540 train=2.13037 val=None lr=0.000146604
2026-09-30 21:35:56,366 step=34550 train=2.12449 val=None lr=0.000146535
2026-09-30 21:35:56,949 step=34560 train=2.18538 val=None lr=0.000146467
2026-09-30 21:35:57,547 step=34570 train=2.11105 val=None lr=0.000146398
2026-09-30 21:35:58,176 step=34580 train=2.10868 val=None lr=0.00014633
2026-09-30 21:35:58,780 step=34590 train=2.27407 val=None lr=0.000146261
2026-09-30 21:35:59,688 step=34600 train=1.96390 val=2.0478623688220976 lr=0.000146193
2026-09-30 21:36:00,289 step=34610 train=2.10838 val=None lr=0.000146124
2026-09-30 21:36:00,828 step=34620 train=2.09353 val=None lr=0.000146055
2026-09-30 21:36:01,481 step=34630 train=1.90984 val=None lr=0.000145987
2026-09-30 21:36:02,124 step=34640 train=2.19397 val=None lr=0.000145918
2026-09-30 21:36:02,766 step=34650 train=1.95287 val=None lr=0.00014585
2026-09-30 21:36:03,346 step=34660 train=2.06891 val=None lr=0.000145781
2026-09-30 21:36:03,947 step=34670 train=2.14912 val=None lr=0.000145713
2026-09-30 21:36:04,651 step=34680 train=2.03973 val=None lr=0.000145644
2026-09-30 21:36:05,192 step=34690 train=1.97484 val=None lr=0.000145576
2026-09-30 21:36:06,116 step=34700 train=1.93733 val=2.0448929250240324 lr=0.000145507
2026-09-30 21:36:06,865 step=34710 train=2.26078 val=None lr=0.000145439
2026-09-30 21:36:07,348 step=34720 train=2.11817 val=None lr=0.00014537
2026-09-30 21:36:07,958 step=34730 train=2.03803 val=None lr=0.000145302
2026-09-30 21:36:08,676 step=34740 train=2.34519 val=None lr=0.000145233
2026-09-30 21:36:09,352 step=34750 train=2.28431 val=None lr=0.000145165
2026-09-30 21:36:09,906 step=34760 train=2.02774 val=None lr=0.000145096
2026-09-30 21:36:10,555 step=34770 train=2.17337 val=None lr=0.000145028
2026-09-30 21:36:11,090 step=34780 train=2.01787 val=None lr=0.000144959
2026-09-30 21:36:11,637 step=34790 train=2.10052 val=None lr=0.000144891
2026-09-30 21:36:12,622 step=34800 train=2.36552 val=2.0451894462108613 lr=0.000144822
2026-09-30 21:36:13,289 step=34810 train=2.08534 val=None lr=0.000144754
2026-09-30 21:36:14,043 step=34820 train=2.22744 val=None lr=0.000144685
2026-09-30 21:36:14,804 step=34830 train=1.79067 val=None lr=0.000144617
2026-09-30 21:36:15,403 step=34840 train=2.43419 val=None lr=0.000144548
2026-09-30 21:36:16,115 step=34850 train=1.92808 val=None lr=0.00014448
2026-09-30 21:36:16,695 step=34860 train=2.12710 val=None lr=0.000144412
2026-09-30 21:36:17,404 step=34870 train=1.90882 val=None lr=0.000144343
2026-09-30 21:36:17,968 step=34880 train=2.04761 val=None lr=0.000144275
2026-09-30 21:36:18,548 step=34890 train=1.94433 val=None lr=0.000144206
2026-09-30 21:36:19,515 step=34900 train=1.73121 val=2.0447878539562225 lr=0.000144138
2026-09-30 21:36:20,102 step=34910 train=1.99905 val=None lr=0.000144069
2026-09-30 21:36:20,615 step=34920 train=2.07289 val=None lr=0.000144001
2026-09-30 21:36:21,175 step=34930 train=2.15543 val=None lr=0.000143933
2026-09-30 21:36:21,718 step=34940 train=2.12384 val=None lr=0.000143864
2026-09-30 21:36:22,280 step=34950 train=2.05794 val=None lr=0.000143796
2026-09-30 21:36:22,790 step=34960 train=2.09226 val=None lr=0.000143727
2026-09-30 21:36:23,358 step=34970 train=2.22644 val=None lr=0.000143659
2026-09-30 21:36:23,936 step=34980 train=2.06611 val=None lr=0.000143591
2026-09-30 21:36:24,531 step=34990 train=2.16503 val=None lr=0.000143522
2026-09-30 21:36:25,368 step=35000 train=2.16654 val=2.044866496324539 lr=0.000143454
2026-09-30 21:36:26,160 step=35010 train=2.10955 val=None lr=0.000143386
2026-09-30 21:36:26,749 step=35020 train=2.37388 val=None lr=0.000143317
2026-09-30 21:36:25,101 step=35030 train=1.91391 val=None lr=0.000143249
2026-09-30 21:36:25,721 step=35040 train=1.94793 val=None lr=0.000143181
2026-09-30 21:36:26,413 step=35050 train=2.07914 val=None lr=0.000143112
2026-09-30 21:36:27,194 step=35060 train=2.05657 val=None lr=0.000143044
2026-09-30 21:36:27,989 step=35070 train=2.06567 val=None lr=0.000142976
2026-09-30 21:36:28,539 step=35080 train=2.17683 val=None lr=0.000142907
2026-09-30 21:36:29,046 step=35090 train=2.26150 val=None lr=0.000142839
2026-09-30 21:36:30,115 step=35100 train=2.01429 val=2.041995865106583 lr=0.000142771
2026-09-30 21:36:30,801 step=35110 train=1.89611 val=None lr=0.000142702
2026-09-30 21:36:31,368 step=35120 train=2.30156 val=None lr=0.000142634
2026-09-30 21:36:31,948 step=35130 train=2.04703 val=None lr=0.000142566
2026-09-30 21:36:32,489 step=35140 train=2.15570 val=None lr=0.000142498
2026-09-30 21:36:33,020 step=35150 train=2.08363 val=None lr=0.000142429
2026-09-30 21:36:33,685 step=35160 train=2.19378 val=None lr=0.000142361
2026-09-30 21:36:34,215 step=35170 train=2.11851 val=None lr=0.000142293
2026-09-30 21:36:34,699 step=35180 train=2.16179 val=None lr=0.000142225
2026-09-30 21:36:35,210 step=35190 train=2.21411 val=None lr=0.000142156
2026-09-30 21:36:36,385 step=35200 train=2.39226 val=2.0431868612766264 lr=0.000142088
2026-09-30 21:36:36,944 step=35210 train=2.18614 val=None lr=0.00014202
2026-09-30 21:36:37,518 step=35220 train=1.99723 val=None lr=0.000141952
2026-09-30 21:36:38,297 step=35230 train=1.81551 val=None lr=0.000141883
2026-09-30 21:36:38,979 step=35240 train=1.93707 val=None lr=0.000141815
2026-09-30 21:36:39,545 step=35250 train=2.41248 val=None lr=0.000141747
2026-09-30 21:36:40,083 step=35260 train=1.95726 val=None lr=0.000141679
2026-09-30 21:36:40,659 step=35270 train=2.42504 val=None lr=0.000141611
2026-09-30 21:36:41,228 step=35280 train=1.99690 val=None lr=0.000141542
2026-09-30 21:36:41,770 step=35290 train=1.93413 val=None lr=0.000141474
2026-09-30 21:36:42,583 step=35300 train=2.18752 val=2.043651115894318 lr=0.000141406
2026-09-30 21:36:43,265 step=35310 train=1.94293 val=None lr=0.000141338
2026-09-30 21:36:43,904 step=35320 train=1.97465 val=None lr=0.00014127
2026-09-30 21:36:44,546 step=35330 train=2.12355 val=None lr=0.000141201
2026-09-30 21:36:45,132 step=35340 train=2.39371 val=None lr=0.000141133
2026-09-30 21:36:45,700 step=35350 train=1.96343 val=None lr=0.000141065
2026-09-30 21:36:46,289 step=35360 train=2.08645 val=None lr=0.000140997
2026-09-30 21:36:46,825 step=35370 train=1.91771 val=None lr=0.000140929
2026-09-30 21:36:47,560 step=35380 train=2.46672 val=None lr=0.000140861
2026-09-30 21:36:48,201 step=35390 train=1.87564 val=None lr=0.000140793
2026-09-30 21:36:49,054 step=35400 train=2.32908 val=2.0419201612472535 lr=0.000140725
2026-09-30 21:36:49,654 step=35410 train=2.17769 val=None lr=0.000140656
2026-09-30 21:36:50,348 step=35420 train=1.97201 val=None lr=0.000140588
2026-09-30 21:36:50,925 step=35430 train=2.31506 val=None lr=0.00014052
2026-09-30 21:36:51,485 step=35440 train=1.91702 val=None lr=0.000140452
2026-09-30 21:36:52,274 step=35450 train=2.30725 val=None lr=0.000140384
2026-09-30 21:36:52,838 step=35460 train=2.44268 val=None lr=0.000140316
2026-09-30 21:36:53,428 step=35470 train=2.36121 val=None lr=0.000140248
2026-09-30 21:36:54,000 step=35480 train=2.24541 val=None lr=0.00014018
2026-09-30 21:36:54,617 step=35490 train=2.15360 val=None lr=0.000140112
2026-09-30 21:36:55,429 step=35500 train=1.97076 val=2.0434337854385376 lr=0.000140044
2026-09-30 21:36:56,192 step=35510 train=1.92763 val=None lr=0.000139976
2026-09-30 21:36:56,706 step=35520 train=2.16765 val=None lr=0.000139908
2026-09-30 21:36:57,247 step=35530 train=2.05167 val=None lr=0.00013984
2026-09-30 21:36:55,450 step=35540 train=1.89017 val=None lr=0.000139772
2026-09-30 21:36:55,971 step=35550 train=2.09696 val=None lr=0.000139704
2026-09-30 21:36:56,503 step=35560 train=1.82333 val=None lr=0.000139636
2026-09-30 21:36:57,037 step=35570 train=2.23821 val=None lr=0.000139568
2026-09-30 21:36:57,593 step=35580 train=2.10983 val=None lr=0.0001395
2026-09-30 21:36:58,269 step=35590 train=2.45912 val=None lr=0.000139432
2026-09-30 21:36:59,046 step=35600 train=2.24320 val=2.042510688304901 lr=0.000139364
2026-09-30 21:36:59,580 step=35610 train=2.20785 val=None lr=0.000139296
2026-09-30 21:37:00,121 step=35620 train=2.16237 val=None lr=0.000139228
2026-09-30 21:37:00,640 step=35630 train=1.88007 val=None lr=0.00013916
2026-09-30 21:37:01,441 step=35640 train=1.94140 val=None lr=0.000139092
2026-09-30 21:37:02,027 step=35650 train=2.18531 val=None lr=0.000139024
2026-09-30 21:37:02,525 step=35660 train=2.07223 val=None lr=0.000138956
2026-09-30 21:37:03,267 step=35670 train=2.28496 val=None lr=0.000138888
2026-09-30 21:37:03,857 step=35680 train=2.07022 val=None lr=0.00013882
2026-09-30 21:37:04,561 step=35690 train=2.06981 val=None lr=0.000138752
2026-09-30 21:37:05,469 step=35700 train=2.05925 val=2.0403558254241942 lr=0.000138684
2026-09-30 21:37:06,108 step=35710 train=1.92704 val=None lr=0.000138616
2026-09-30 21:37:06,708 step=35720 train=2.21417 val=None lr=0.000138548
2026-09-30 21:37:07,342 step=35730 train=2.18474 val=None lr=0.00013848
2026-09-30 21:37:07,971 step=35740 train=1.82621 val=None lr=0.000138412
2026-09-30 21:37:08,571 step=35750 train=2.04296 val=None lr=0.000138345
2026-09-30 21:37:09,158 step=35760 train=2.16494 val=None lr=0.000138277
2026-09-30 21:37:09,823 step=35770 train=2.12445 val=None lr=0.000138209
2026-09-30 21:37:10,391 step=35780 train=2.22160 val=None lr=0.000138141
2026-09-30 21:37:10,984 step=35790 train=1.94015 val=None lr=0.000138073
2026-09-30 21:37:11,779 step=35800 train=2.08480 val=2.0419552624225616 lr=0.000138005
2026-09-30 21:37:12,308 step=35810 train=2.21097 val=None lr=0.000137937
2026-09-30 21:37:13,016 step=35820 train=2.15728 val=None lr=0.00013787
2026-09-30 21:37:14,041 step=35830 train=2.07077 val=None lr=0.000137802
2026-09-30 21:37:14,636 step=35840 train=2.00622 val=None lr=0.000137734
2026-09-30 21:37:15,316 step=35850 train=2.04757 val=None lr=0.000137666
2026-09-30 21:37:15,924 step=35860 train=2.00233 val=None lr=0.000137598
2026-09-30 21:37:16,593 step=35870 train=2.04463 val=None lr=0.00013753
2026-09-30 21:37:17,312 step=35880 train=2.39695 val=None lr=0.000137463
2026-09-30 21:37:18,143 step=35890 train=2.44341 val=None lr=0.000137395
2026-09-30 21:37:19,145 step=35900 train=2.42212 val=2.041734653711319 lr=0.000137327
2026-09-30 21:37:19,682 step=35910 train=2.11597 val=None lr=0.000137259
2026-09-30 21:37:20,299 step=35920 train=2.26631 val=None lr=0.000137192
2026-09-30 21:37:20,924 step=35930 train=1.84524 val=None lr=0.000137124
2026-09-30 21:37:21,533 step=35940 train=1.96604 val=None lr=0.000137056
2026-09-30 21:37:22,338 step=35950 train=2.37843 val=None lr=0.000136988
2026-09-30 21:37:23,212 step=35960 train=1.97096 val=None lr=0.000136921
2026-09-30 21:37:23,991 step=35970 train=2.12041 val=None lr=0.000136853
2026-09-30 21:37:24,757 step=35980 train=2.07948 val=None lr=0.000136785
2026-09-30 21:37:25,297 step=35990 train=2.29326 val=None lr=0.000136717
2026-09-30 21:37:26,262 step=36000 train=2.08166 val=2.0380907356739044 lr=0.00013665
2026-09-30 21:37:25,278 step=36010 train=2.17709 val=None lr=0.000136582
2026-09-30 21:37:25,938 step=36020 train=2.38505 val=None lr=0.000136514
2026-09-30 21:37:26,465 step=36030 train=1.91051 val=None lr=0.000136447
2026-09-30 21:37:27,012 step=36040 train=2.19572 val=None lr=0.000136379
2026-09-30 21:37:27,625 step=36050 train=2.27933 val=None lr=0.000136311
2026-09-30 21:37:28,174 step=36060 train=2.05625 val=None lr=0.000136244
2026-09-30 21:37:28,726 step=36070 train=2.26530 val=None lr=0.000136176
2026-09-30 21:37:29,363 step=36080 train=1.90004 val=None lr=0.000136108
2026-09-30 21:37:29,957 step=36090 train=2.14990 val=None lr=0.000136041
2026-09-30 21:37:30,871 step=36100 train=1.92602 val=2.038543665409088 lr=0.000135973
2026-09-30 21:37:31,467 step=36110 train=2.14332 val=None lr=0.000135906
2026-09-30 21:37:32,052 step=36120 train=2.05612 val=None lr=0.000135838
2026-09-30 21:37:32,681 step=36130 train=2.30525 val=None lr=0.00013577
2026-09-30 21:37:33,205 step=36140 train=2.19302 val=None lr=0.000135703
2026-09-30 21:37:33,911 step=36150 train=2.31800 val=None lr=0.000135635
2026-09-30 21:37:34,583 step=36160 train=1.99393 val=None lr=0.000135568
2026-09-30 21:37:35,094 step=36170 train=2.21531 val=None lr=0.0001355
2026-09-30 21:37:35,871 step=36180 train=1.91565 val=None lr=0.000135432
2026-09-30 21:37:36,420 step=36190 train=2.02859 val=None lr=0.000135365
2026-09-30 21:37:37,315 step=36200 train=1.97610 val=2.0375608623027803 lr=0.000135297
2026-09-30 21:37:38,327 step=36210 train=1.97723 val=None lr=0.00013523
2026-09-30 21:37:39,003 step=36220 train=2.31481 val=None lr=0.000135162
2026-09-30 21:37:39,571 step=36230 train=1.80527 val=None lr=0.000135095
2026-09-30 21:37:40,098 step=36240 train=2.08313 val=None lr=0.000135027
2026-09-30 21:37:40,705 step=36250 train=2.08377 val=None lr=0.00013496
2026-09-30 21:37:41,313 step=36260 train=1.87533 val=None lr=0.000134892
2026-09-30 21:37:41,918 step=36270 train=2.11211 val=None lr=0.000134825
2026-09-30 21:37:42,482 step=36280 train=2.05134 val=None lr=0.000134757
2026-09-30 21:37:43,039 step=36290 train=1.87246 val=None lr=0.00013469
2026-09-30 21:37:44,034 step=36300 train=2.16066 val=2.0378073990345 lr=0.000134622
2026-09-30 21:37:44,608 step=36310 train=2.31231 val=None lr=0.000134555
2026-09-30 21:37:45,187 step=36320 train=1.97893 val=None lr=0.000134487
2026-09-30 21:37:45,818 step=36330 train=2.27974 val=None lr=0.00013442
2026-09-30 21:37:46,441 step=36340 train=2.00592 val=None lr=0.000134352
2026-09-30 21:37:47,067 step=36350 train=2.11010 val=None lr=0.000134285
2026-09-30 21:37:47,966 step=36360 train=1.84305 val=None lr=0.000134218
2026-09-30 21:37:48,576 step=36370 train=2.34274 val=None lr=0.00013415
2026-09-30 21:37:49,228 step=36380 train=2.23262 val=None lr=0.000134083
2026-09-30 21:37:49,730 step=36390 train=2.23604 val=None lr=0.000134015
2026-09-30 21:37:51,039 step=36400 train=1.84340 val=2.0355122208595278 lr=0.000133948
2026-09-30 21:37:51,821 step=36410 train=2.07841 val=None lr=0.000133881
2026-09-30 21:37:52,496 step=36420 train=1.87348 val=None lr=0.000133813
2026-09-30 21:37:53,092 step=36430 train=2.00318 val=None lr=0.000133746
2026-09-30 21:37:53,693 step=36440 train=2.20749 val=None lr=0.000133678
2026-09-30 21:37:54,334 step=36450 train=1.99168 val=None lr=0.000133611
2026-09-30 21:37:55,034 step=36460 train=2.24968 val=None lr=0.000133544
2026-09-30 21:37:55,609 step=36470 train=1.95326 val=None lr=0.000133476
2026-09-30 21:37:56,298 step=36480 train=2.30038 val=None lr=0.000133409
2026-09-30 21:37:57,090 step=36490 train=1.87843 val=None lr=0.000133342
2026-09-30 21:37:55,702 step=36500 train=1.81183 val=2.0321033596992493 lr=0.000133275
2026-09-30 21:37:56,629 step=36510 train=2.32694 val=None lr=0.000133207
2026-09-30 21:37:57,219 step=36520 train=2.05918 val=None lr=0.00013314
2026-09-30 21:37:57,856 step=36530 train=2.53980 val=None lr=0.000133073
2026-09-30 21:37:58,349 step=36540 train=1.99314 val=None lr=0.000133005
2026-09-30 21:37:59,188 step=36550 train=2.05783 val=None lr=0.000132938
2026-09-30 21:38:00,005 step=36560 train=2.17814 val=None lr=0.000132871
2026-09-30 21:38:00,635 step=36570 train=2.13073 val=None lr=0.000132804
2026-09-30 21:38:01,346 step=36580 train=2.12887 val=None lr=0.000132736
2026-09-30 21:38:01,996 step=36590 train=2.38824 val=None lr=0.000132669
2026-09-30 21:38:02,856 step=36600 train=2.16464 val=2.0344439506530763 lr=0.000132602
2026-09-30 21:38:03,456 step=36610 train=2.17294 val=None lr=0.000132535
2026-09-30 21:38:04,184 step=36620 train=2.24838 val=None lr=0.000132467
2026-09-30 21:38:04,909 step=36630 train=2.15663 val=None lr=0.0001324
2026-09-30 21:38:05,779 step=36640 train=2.13836 val=None lr=0.000132333
2026-09-30 21:38:06,356 step=36650 train=2.07425 val=None lr=0.000132266
2026-09-30 21:38:07,073 step=36660 train=1.94138 val=None lr=0.000132199
2026-09-30 21:38:07,681 step=36670 train=2.13940 val=None lr=0.000132132
2026-09-30 21:38:08,372 step=36680 train=1.98817 val=None lr=0.000132064
2026-09-30 21:38:09,016 step=36690 train=1.84479 val=None lr=0.000131997
2026-09-30 21:38:09,930 step=36700 train=2.07232 val=2.034590035676956 lr=0.00013193
2026-09-30 21:38:10,683 step=36710 train=1.99151 val=None lr=0.000131863
2026-09-30 21:38:11,569 step=36720 train=2.05035 val=None lr=0.000131796
2026-09-30 21:38:12,273 step=36730 train=2.04892 val=None lr=0.000131729
2026-09-30 21:38:12,865 step=36740 train=2.14534 val=None lr=0.000131662
2026-09-30 21:38:13,454 step=36750 train=2.12592 val=None lr=0.000131595
2026-09-30 21:38:14,030 step=36760 train=1.84768 val=None lr=0.000131527
2026-09-30 21:38:14,576 step=36770 train=1.98937 val=None lr=0.00013146
2026-09-30 21:38:15,343 step=36780 train=2.12385 val=None lr=0.000131393
2026-09-30 21:38:16,318 step=36790 train=2.14998 val=None lr=0.000131326
2026-09-30 21:38:17,264 step=36800 train=2.09362 val=2.034297746419907 lr=0.000131259
2026-09-30 21:38:17,981 step=36810 train=1.97342 val=None lr=0.000131192
2026-09-30 21:38:18,700 step=36820 train=1.87635 val=None lr=0.000131125
2026-09-30 21:38:19,490 step=36830 train=1.96861 val=None lr=0.000131058
2026-09-30 21:38:20,173 step=36840 train=2.04255 val=None lr=0.000130991
2026-09-30 21:38:20,895 step=36850 train=2.00473 val=None lr=0.000130924
2026-09-30 21:38:21,532 step=36860 train=2.16542 val=None lr=0.000130857
2026-09-30 21:38:22,194 step=36870 train=1.91394 val=None lr=0.00013079
2026-09-30 21:38:22,937 step=36880 train=2.14991 val=None lr=0.000130723
2026-09-30 21:38:23,471 step=36890 train=1.79888 val=None lr=0.000130656
2026-09-30 21:38:24,472 step=36900 train=2.02396 val=2.030904507637024 lr=0.000130589
2026-09-30 21:38:25,124 step=36910 train=1.81906 val=None lr=0.000130522
2026-09-30 21:38:25,838 step=36920 train=2.16999 val=None lr=0.000130455
2026-09-30 21:38:26,368 step=36930 train=2.22425 val=None lr=0.000130388
2026-09-30 21:38:27,084 step=36940 train=2.39065 val=None lr=0.000130321
2026-09-30 21:38:27,820 step=36950 train=2.00591 val=None lr=0.000130255
2026-09-30 21:38:26,294 step=36960 train=2.08116 val=None lr=0.000130188
2026-09-30 21:38:26,874 step=36970 train=2.17046 val=None lr=0.000130121
2026-09-30 21:38:27,662 step=36980 train=2.10465 val=None lr=0.000130054
2026-09-30 21:38:28,323 step=36990 train=2.26590 val=None lr=0.000129987
2026-09-30 21:38:29,330 step=37000 train=1.95030 val=2.0310378313064574 lr=0.00012992
2026-09-30 21:38:30,235 step=37010 train=2.11290 val=None lr=0.000129853
2026-09-30 21:38:30,927 step=37020 train=2.30687 val=None lr=0.000129786
2026-09-30 21:38:31,612 step=37030 train=2.30576 val=None lr=0.00012972
2026-09-30 21:38:32,376 step=37040 train=1.99781 val=None lr=0.000129653
2026-09-30 21:38:32,996 step=37050 train=2.17080 val=None lr=0.000129586
2026-09-30 21:38:33,693 step=37060 train=1.99578 val=None lr=0.000129519
2026-09-30 21:38:34,279 step=37070 train=1.97451 val=None lr=0.000129452
2026-09-30 21:38:35,004 step=37080 train=2.06658 val=None lr=0.000129385
2026-09-30 21:38:35,611 step=37090 train=2.05488 val=None lr=0.000129319
2026-09-30 21:38:36,490 step=37100 train=2.30690 val=2.032649564743042 lr=0.000129252
2026-09-30 21:38:37,001 step=37110 train=1.82322 val=None lr=0.000129185
2026-09-30 21:38:37,578 step=37120 train=2.09326 val=None lr=0.000129118
2026-09-30 21:38:38,257 step=37130 train=2.04044 val=None lr=0.000129052
2026-09-30 21:38:38,833 step=37140 train=2.14683 val=None lr=0.000128985
2026-09-30 21:38:39,484 step=37150 train=2.06480 val=None lr=0.000128918
2026-09-30 21:38:40,144 step=37160 train=2.03692 val=None lr=0.000128851
2026-09-30 21:38:40,798 step=37170 train=2.35219 val=None lr=0.000128785
2026-09-30 21:38:41,390 step=37180 train=1.87218 val=None lr=0.000128718
2026-09-30 21:38:41,973 step=37190 train=2.11917 val=None lr=0.000128651
2026-09-30 21:38:42,995 step=37200 train=2.30509 val=2.0308527052402496 lr=0.000128585
2026-09-30 21:38:43,581 step=37210 train=2.03609 val=None lr=0.000128518
2026-09-30 21:38:44,137 step=37220 train=1.80011 val=None lr=0.000128451
2026-09-30 21:38:44,705 step=37230 train=1.73944 val=None lr=0.000128385
2026-09-30 21:38:45,270 step=37240 train=2.22225 val=None lr=0.000128318
2026-09-30 21:38:45,870 step=37250 train=2.01030 val=None lr=0.000128251
2026-09-30 21:38:46,618 step=37260 train=2.14372 val=None lr=0.000128185
2026-09-30 21:38:47,105 step=37270 train=2.24219 val=None lr=0.000128118
2026-09-30 21:38:47,875 step=37280 train=2.58457 val=None lr=0.000128052
2026-09-30 21:38:48,673 step=37290 train=1.91907 val=None lr=0.000127985
2026-09-30 21:38:49,548 step=37300 train=2.06288 val=2.0270320415496825 lr=0.000127918
2026-09-30 21:38:50,297 step=37310 train=1.96449 val=None lr=0.000127852
2026-09-30 21:38:51,026 step=37320 train=1.88253 val=None lr=0.000127785
2026-09-30 21:38:51,611 step=37330 train=1.99815 val=None lr=0.000127719
2026-09-30 21:38:52,218 step=37340 train=2.21730 val=None lr=0.000127652
2026-09-30 21:38:52,751 step=37350 train=2.10043 val=None lr=0.000127586
2026-09-30 21:38:53,444 step=37360 train=2.01022 val=None lr=0.000127519
2026-09-30 21:38:54,224 step=37370 train=1.91720 val=None lr=0.000127453
2026-09-30 21:38:54,718 step=37380 train=2.05361 val=None lr=0.000127386
2026-09-30 21:38:55,307 step=37390 train=2.23120 val=None lr=0.00012732
2026-09-30 21:38:56,175 step=37400 train=2.14394 val=2.0291029691696165 lr=0.000127253
2026-09-30 21:38:56,762 step=37410 train=2.21951 val=None lr=0.000127187
2026-09-30 21:38:57,348 step=37420 train=2.01249 val=None lr=0.00012712
2026-09-30 21:38:58,167 step=37430 train=2.04408 val=None lr=0.000127054
2026-09-30 21:38:56,392 step=37440 train=2.32933 val=None lr=0.000126987
2026-09-30 21:38:57,103 step=37450 train=1.93891 val=None lr=0.000126921
2026-09-30 21:38:57,794 step=37460 train=2.12099 val=None lr=0.000126854
2026-09-30 21:38:58,382 step=37470 train=2.09597 val=None lr=0.000126788
2026-09-30 21:38:59,047 step=37480 train=2.00548 val=None lr=0.000126722
2026-09-30 21:38:59,510 step=37490 train=1.97621 val=None lr=0.000126655
2026-09-30 21:39:00,268 step=37500 train=2.17575 val=2.0285802483558655 lr=0.000126589
2026-09-30 21:39:01,121 step=37510 train=1.87191 val=None lr=0.000126522
2026-09-30 21:39:01,640 step=37520 train=2.09894 val=None lr=0.000126456
2026-09-30 21:39:02,227 step=37530 train=1.97912 val=None lr=0.00012639
2026-09-30 21:39:02,797 step=37540 train=2.06704 val=None lr=0.000126323
2026-09-30 21:39:03,394 step=37550 train=1.85051 val=None lr=0.000126257
2026-09-30 21:39:04,023 step=37560 train=2.05833 val=None lr=0.000126191
2026-09-30 21:39:04,532 step=37570 train=1.87711 val=None lr=0.000126124
2026-09-30 21:39:05,059 step=37580 train=2.01492 val=None lr=0.000126058
2026-09-30 21:39:05,618 step=37590 train=1.88138 val=None lr=0.000125992
2026-09-30 21:39:06,477 step=37600 train=1.90653 val=2.0277765452861787 lr=0.000125925
2026-09-30 21:39:07,065 step=37610 train=2.13383 val=None lr=0.000125859
2026-09-30 21:39:07,777 step=37620 train=2.20773 val=None lr=0.000125793
2026-09-30 21:39:08,344 step=37630 train=1.89353 val=None lr=0.000125727
2026-09-30 21:39:08,908 step=37640 train=2.09334 val=None lr=0.00012566
2026-09-30 21:39:09,560 step=37650 train=1.84735 val=None lr=0.000125594
2026-09-30 21:39:10,109 step=37660 train=2.09546 val=None lr=0.000125528
2026-09-30 21:39:10,690 step=37670 train=1.95691 val=None lr=0.000125462
2026-09-30 21:39:11,236 step=37680 train=1.77674 val=None lr=0.000125396
2026-09-30 21:39:11,818 step=37690 train=1.99109 val=None lr=0.000125329
2026-09-30 21:39:12,871 step=37700 train=2.06400 val=2.0253351032733917 lr=0.000125263
2026-09-30 21:39:13,479 step=37710 train=1.96010 val=None lr=0.000125197
2026-09-30 21:39:14,085 step=37720 train=2.06256 val=None lr=0.000125131
2026-09-30 21:39:14,688 step=37730 train=1.85301 val=None lr=0.000125065
2026-09-30 21:39:15,236 step=37740 train=2.01287 val=None lr=0.000124999
2026-09-30 21:39:15,824 step=37750 train=1.77738 val=None lr=0.000124932
2026-09-30 21:39:16,368 step=37760 train=2.33349 val=None lr=0.000124866
2026-09-30 21:39:17,042 step=37770 train=1.82334 val=None lr=0.0001248
2026-09-30 21:39:17,703 step=37780 train=2.17743 val=None lr=0.000124734
2026-09-30 21:39:18,262 step=37790 train=2.00412 val=None lr=0.000124668
2026-09-30 21:39:19,145 step=37800 train=2.11785 val=2.0255883276462554 lr=0.000124602
2026-09-30 21:39:19,651 step=37810 train=2.21609 val=None lr=0.000124536
2026-09-30 21:39:20,163 step=37820 train=2.12125 val=None lr=0.00012447
2026-09-30 21:39:20,879 step=37830 train=2.20968 val=None lr=0.000124404
2026-09-30 21:39:21,551 step=37840 train=1.77222 val=None lr=0.000124338
2026-09-30 21:39:22,199 step=37850 train=1.99282 val=None lr=0.000124272
2026-09-30 21:39:22,800 step=37860 train=1.93876 val=None lr=0.000124206
2026-09-30 21:39:23,481 step=37870 train=2.07154 val=None lr=0.00012414
2026-09-30 21:39:23,956 step=37880 train=2.10125 val=None lr=0.000124074
2026-09-30 21:39:24,555 step=37890 train=2.11297 val=None lr=0.000124008
2026-09-30 21:39:25,584 step=37900 train=2.13497 val=2.0244857251644133 lr=0.000123942
2026-09-30 21:39:26,159 step=37910 train=2.04060 val=None lr=0.000123876
2026-09-30 21:39:26,733 step=37920 train=1.87521 val=None lr=0.00012381
2026-09-30 21:39:27,366 step=37930 train=2.13232 val=None lr=0.000123744
2026-09-30 21:39:27,878 step=37940 train=1.87801 val=None lr=0.000123678
2026-09-30 21:39:26,152 step=37950 train=1.94344 val=None lr=0.000123612
2026-09-30 21:39:26,704 step=37960 train=2.20454 val=None lr=0.000123546
2026-09-30 21:39:27,243 step=37970 train=2.52425 val=None lr=0.00012348
2026-09-30 21:39:27,897 step=37980 train=1.97922 val=None lr=0.000123414
2026-09-30 21:39:28,490 step=37990 train=1.72179 val=None lr=0.000123349
2026-09-30 21:39:29,493 step=38000 train=2.08484 val=2.0232038617134096 lr=0.000123283
2026-09-30 21:39:30,341 step=38010 train=1.95039 val=None lr=0.000123217
2026-09-30 21:39:30,868 step=38020 train=2.46637 val=None lr=0.000123151
2026-09-30 21:39:31,615 step=38030 train=2.13951 val=None lr=0.000123085
2026-09-30 21:39:32,270 step=38040 train=2.28460 val=None lr=0.000123019
2026-09-30 21:39:32,874 step=38050 train=2.31614 val=None lr=0.000122954
2026-09-30 21:39:33,490 step=38060 train=1.87904 val=None lr=0.000122888
2026-09-30 21:39:34,184 step=38070 train=2.04977 val=None lr=0.000122822
2026-09-30 21:39:34,799 step=38080 train=2.19766 val=None lr=0.000122756
2026-09-30 21:39:35,410 step=38090 train=2.00722 val=None lr=0.00012269
2026-09-30 21:39:36,185 step=38100 train=1.67765 val=2.023414981365204 lr=0.000122625
2026-09-30 21:39:36,805 step=38110 train=2.00084 val=None lr=0.000122559
2026-09-30 21:39:37,390 step=38120 train=2.30251 val=None lr=0.000122493
2026-09-30 21:39:37,938 step=38130 train=2.37376 val=None lr=0.000122428
2026-09-30 21:39:38,519 step=38140 train=1.97114 val=None lr=0.000122362
2026-09-30 21:39:39,076 step=38150 train=1.99104 val=None lr=0.000122296
2026-09-30 21:39:39,645 step=38160 train=2.32771 val=None lr=0.00012223
2026-09-30 21:39:40,217 step=38170 train=2.07401 val=None lr=0.000122165
2026-09-30 21:39:40,890 step=38180 train=2.23666 val=None lr=0.000122099
2026-09-30 21:39:41,426 step=38190 train=1.86338 val=None lr=0.000122033
2026-09-30 21:39:42,391 step=38200 train=2.16130 val=2.022452783584595 lr=0.000121968
2026-09-30 21:39:43,005 step=38210 train=1.86310 val=None lr=0.000121902
2026-09-30 21:39:43,701 step=38220 train=2.41283 val=None lr=0.000121837
2026-09-30 21:39:44,339 step=38230 train=1.76870 val=None lr=0.000121771
2026-09-30 21:39:44,956 step=38240 train=2.30204 val=None lr=0.000121705
2026-09-30 21:39:45,513 step=38250 train=1.88277 val=None lr=0.00012164
2026-09-30 21:39:46,017 step=38260 train=2.14052 val=None lr=0.000121574
2026-09-30 21:39:46,516 step=38270 train=1.91790 val=None lr=0.000121509
2026-09-30 21:39:47,178 step=38280 train=2.22661 val=None lr=0.000121443
2026-09-30 21:39:47,668 step=38290 train=2.12582 val=None lr=0.000121378
2026-09-30 21:39:48,743 step=38300 train=2.11593 val=2.0184551656246184 lr=0.000121312
2026-09-30 21:39:49,482 step=38310 train=2.01721 val=None lr=0.000121247
2026-09-30 21:39:50,110 step=38320 train=2.30416 val=None lr=0.000121181
2026-09-30 21:39:50,706 step=38330 train=2.40993 val=None lr=0.000121116
2026-09-30 21:39:51,272 step=38340 train=2.21239 val=None lr=0.00012105
2026-09-30 21:39:51,931 step=38350 train=1.95444 val=None lr=0.000120985
2026-09-30 21:39:52,475 step=38360 train=2.21111 val=None lr=0.000120919
2026-09-30 21:39:53,117 step=38370 train=2.34502 val=None lr=0.000120854
2026-09-30 21:39:53,727 step=38380 train=2.37243 val=None lr=0.000120788
2026-09-30 21:39:54,606 step=38390 train=1.98520 val=None lr=0.000120723
2026-09-30 21:39:55,575 step=38400 train=1.84818 val=2.0190881311893465 lr=0.000120657
2026-09-30 21:39:56,211 step=38410 train=2.02968 val=None lr=0.000120592
2026-09-30 21:39:56,768 step=38420 train=2.04299 val=None lr=0.000120527
2026-09-30 21:39:57,446 step=38430 train=2.21528 val=None lr=0.000120461
2026-09-30 21:39:57,965 step=38440 train=2.05256 val=None lr=0.000120396
2026-09-30 21:39:58,515 step=38450 train=2.34717 val=None lr=0.000120331
2026-09-30 21:39:56,775 step=38460 train=2.18275 val=None lr=0.000120265
2026-09-30 21:39:57,447 step=38470 train=1.97476 val=None lr=0.0001202
2026-09-30 21:39:58,040 step=38480 train=2.01060 val=None lr=0.000120135
2026-09-30 21:39:58,522 step=38490 train=2.12725 val=None lr=0.000120069
2026-09-30 21:39:59,444 step=38500 train=1.96569 val=2.0178850471973417 lr=0.000120004
2026-09-30 21:40:00,242 step=38510 train=1.96200 val=None lr=0.000119939
2026-09-30 21:40:00,809 step=38520 train=1.87053 val=None lr=0.000119874
2026-09-30 21:40:01,432 step=38530 train=1.91855 val=None lr=0.000119808
2026-09-30 21:40:02,077 step=38540 train=1.94368 val=None lr=0.000119743
2026-09-30 21:40:02,559 step=38550 train=1.93379 val=None lr=0.000119678
2026-09-30 21:40:03,279 step=38560 train=1.99639 val=None lr=0.000119613
2026-09-30 21:40:03,945 step=38570 train=2.06471 val=None lr=0.000119547
2026-09-30 21:40:04,589 step=38580 train=2.16865 val=None lr=0.000119482
2026-09-30 21:40:05,577 step=38590 train=2.08857 val=None lr=0.000119417
2026-09-30 21:40:06,373 step=38600 train=2.38916 val=2.0184945583343508 lr=0.000119352
2026-09-30 21:40:06,989 step=38610 train=2.04926 val=None lr=0.000119287
2026-09-30 21:40:07,724 step=38620 train=1.93544 val=None lr=0.000119222
2026-09-30 21:40:08,319 step=38630 train=2.05048 val=None lr=0.000119156
2026-09-30 21:40:08,923 step=38640 train=2.11142 val=None lr=0.000119091
2026-09-30 21:40:09,485 step=38650 train=2.25231 val=None lr=0.000119026
2026-09-30 21:40:09,996 step=38660 train=1.87581 val=None lr=0.000118961
2026-09-30 21:40:10,537 step=38670 train=2.12062 val=None lr=0.000118896
2026-09-30 21:40:11,125 step=38680 train=2.03336 val=None lr=0.000118831
2026-09-30 21:40:11,805 step=38690 train=1.99872 val=None lr=0.000118766
2026-09-30 21:40:12,629 step=38700 train=1.98256 val=2.0201017796993255 lr=0.000118701
2026-09-30 21:40:13,189 step=38710 train=1.97377 val=None lr=0.000118636
2026-09-30 21:40:13,947 step=38720 train=2.05508 val=None lr=0.000118571
2026-09-30 21:40:14,488 step=38730 train=2.30430 val=None lr=0.000118506
2026-09-30 21:40:15,047 step=38740 train=2.13965 val=None lr=0.000118441
2026-09-30 21:40:15,546 step=38750 train=2.02397 val=None lr=0.000118376
2026-09-30 21:40:16,132 step=38760 train=2.03415 val=None lr=0.000118311
2026-09-30 21:40:16,676 step=38770 train=1.90930 val=None lr=0.000118246
2026-09-30 21:40:17,293 step=38780 train=1.79723 val=None lr=0.000118181
2026-09-30 21:40:17,828 step=38790 train=2.17645 val=None lr=0.000118116
2026-09-30 21:40:18,630 step=38800 train=2.00720 val=2.0184046804904936 lr=0.000118051
2026-09-30 21:40:19,434 step=38810 train=2.00442 val=None lr=0.000117986
2026-09-30 21:40:19,985 step=38820 train=2.06794 val=None lr=0.000117921
2026-09-30 21:40:20,550 step=38830 train=1.99476 val=None lr=0.000117856
2026-09-30 21:40:21,195 step=38840 train=1.93402 val=None lr=0.000117791
2026-09-30 21:40:21,768 step=38850 train=1.87262 val=None lr=0.000117727
2026-09-30 21:40:22,382 step=38860 train=2.16086 val=None lr=0.000117662
2026-09-30 21:40:23,071 step=38870 train=2.12796 val=None lr=0.000117597
2026-09-30 21:40:23,602 step=38880 train=1.81703 val=None lr=0.000117532
2026-09-30 21:40:24,141 step=38890 train=1.86266 val=None lr=0.000117467
2026-09-30 21:40:25,647 step=38900 train=2.11370 val=2.0179003179073334 lr=0.000117402
2026-09-30 21:40:26,320 step=38910 train=2.07165 val=None lr=0.000117338
2026-09-30 21:40:27,002 step=38920 train=1.80558 val=None lr=0.000117273
2026-09-30 21:40:27,503 step=38930 train=2.01604 val=None lr=0.000117208
2026-09-30 21:40:28,073 step=38940 train=2.18359 val=None lr=0.000117143
2026-09-30 21:40:28,756 step=38950 train=2.03627 val=None lr=0.000117079
2026-09-30 21:40:26,981 step=38960 train=2.52544 val=None lr=0.000117014
2026-09-30 21:40:27,696 step=38970 train=2.04867 val=None lr=0.000116949
2026-09-30 21:40:28,320 step=38980 train=2.20930 val=None lr=0.000116884
2026-09-30 21:40:28,929 step=38990 train=2.02400 val=None lr=0.00011682
2026-09-30 21:40:29,726 step=39000 train=2.05435 val=2.0189640402793883 lr=0.000116755
2026-09-30 21:40:30,658 step=39010 train=2.17240 val=None lr=0.00011669
2026-09-30 21:40:31,193 step=39020 train=2.15922 val=None lr=0.000116626
2026-09-30 21:40:31,728 step=39030 train=2.03632 val=None lr=0.000116561
2026-09-30 21:40:32,274 step=39040 train=2.27569 val=None lr=0.000116496
2026-09-30 21:40:32,867 step=39050 train=2.10503 val=None lr=0.000116432
2026-09-30 21:40:33,513 step=39060 train=2.10401 val=None lr=0.000116367
2026-09-30 21:40:34,246 step=39070 train=1.74713 val=None lr=0.000116303
2026-09-30 21:40:34,812 step=39080 train=1.93411 val=None lr=0.000116238
2026-09-30 21:40:35,456 step=39090 train=2.06863 val=None lr=0.000116174
2026-09-30 21:40:36,252 step=39100 train=2.54130 val=2.0188793897628785 lr=0.000116109
2026-09-30 21:40:36,936 step=39110 train=2.12119 val=None lr=0.000116044
2026-09-30 21:40:37,479 step=39120 train=2.18645 val=None lr=0.00011598
2026-09-30 21:40:38,056 step=39130 train=1.93578 val=None lr=0.000115915
2026-09-30 21:40:38,681 step=39140 train=1.87272 val=None lr=0.000115851
2026-09-30 21:40:39,253 step=39150 train=1.90723 val=None lr=0.000115786
2026-09-30 21:40:39,894 step=39160 train=1.78865 val=None lr=0.000115722
2026-09-30 21:40:40,494 step=39170 train=2.14566 val=None lr=0.000115657
2026-09-30 21:40:41,431 step=39180 train=1.84267 val=None lr=0.000115593
2026-09-30 21:40:42,027 step=39190 train=2.14936 val=None lr=0.000115529
2026-09-30 21:40:43,007 step=39200 train=2.07563 val=2.015157753229141 lr=0.000115464
2026-09-30 21:40:43,643 step=39210 train=2.35654 val=None lr=0.0001154
2026-09-30 21:40:44,186 step=39220 train=2.24992 val=None lr=0.000115335
2026-09-30 21:40:44,775 step=39230 train=1.98568 val=None lr=0.000115271
2026-09-30 21:40:45,305 step=39240 train=1.85673 val=None lr=0.000115207
2026-09-30 21:40:45,865 step=39250 train=2.28514 val=None lr=0.000115142
2026-09-30 21:40:46,581 step=39260 train=2.20922 val=None lr=0.000115078
2026-09-30 21:40:47,207 step=39270 train=2.22835 val=None lr=0.000115014
2026-09-30 21:40:47,711 step=39280 train=2.22323 val=None lr=0.000114949
2026-09-30 21:40:48,483 step=39290 train=1.91535 val=None lr=0.000114885
2026-09-30 21:40:49,352 step=39300 train=2.19132 val=2.0177865862846374 lr=0.000114821
2026-09-30 21:40:49,998 step=39310 train=2.32859 val=None lr=0.000114756
2026-09-30 21:40:50,686 step=39320 train=2.05655 val=None lr=0.000114692
2026-09-30 21:40:51,247 step=39330 train=2.00512 val=None lr=0.000114628
2026-09-30 21:40:52,104 step=39340 train=2.09525 val=None lr=0.000114564
2026-09-30 21:40:52,705 step=39350 train=2.07532 val=None lr=0.000114499
2026-09-30 21:40:53,259 step=39360 train=2.07993 val=None lr=0.000114435
2026-09-30 21:40:53,898 step=39370 train=1.93119 val=None lr=0.000114371
2026-09-30 21:40:54,557 step=39380 train=2.61605 val=None lr=0.000114307
2026-09-30 21:40:55,157 step=39390 train=2.25299 val=None lr=0.000114243
2026-09-30 21:40:55,986 step=39400 train=1.77627 val=2.0163426280021666 lr=0.000114179
2026-09-30 21:40:56,582 step=39410 train=2.26736 val=None lr=0.000114114
2026-09-30 21:40:57,144 step=39420 train=1.97101 val=None lr=0.00011405
2026-09-30 21:40:57,637 step=39430 train=2.12335 val=None lr=0.000113986
2026-09-30 21:40:58,178 step=39440 train=2.04654 val=None lr=0.000113922
2026-09-30 21:40:58,739 step=39450 train=2.04115 val=None lr=0.000113858
2026-09-30 21:40:57,098 step=39460 train=2.04581 val=None lr=0.000113794
2026-09-30 21:40:57,702 step=39470 train=2.06595 val=None lr=0.00011373
2026-09-30 21:40:58,389 step=39480 train=1.97920 val=None lr=0.000113666
2026-09-30 21:40:58,936 step=39490 train=2.33032 val=None lr=0.000113602
2026-09-30 21:40:59,935 step=39500 train=2.05321 val=2.015965163707733 lr=0.000113538
2026-09-30 21:41:00,793 step=39510 train=2.07028 val=None lr=0.000113474
2026-09-30 21:41:01,393 step=39520 train=2.12436 val=None lr=0.00011341
2026-09-30 21:41:02,174 step=39530 train=2.06163 val=None lr=0.000113346
2026-09-30 21:41:02,766 step=39540 train=1.96954 val=None lr=0.000113282
2026-09-30 21:41:03,310 step=39550 train=1.90868 val=None lr=0.000113218
2026-09-30 21:41:03,837 step=39560 train=1.88834 val=None lr=0.000113154
2026-09-30 21:41:04,527 step=39570 train=1.95407 val=None lr=0.00011309
2026-09-30 21:41:05,207 step=39580 train=2.07371 val=None lr=0.000113026
2026-09-30 21:41:05,816 step=39590 train=1.96828 val=None lr=0.000112962
2026-09-30 21:41:06,739 step=39600 train=2.03759 val=2.0128377854824064 lr=0.000112898
2026-09-30 21:41:07,284 step=39610 train=2.17261 val=None lr=0.000112834
2026-09-30 21:41:07,943 step=39620 train=1.95704 val=None lr=0.000112771
2026-09-30 21:41:08,665 step=39630 train=2.13679 val=None lr=0.000112707
2026-09-30 21:41:09,297 step=39640 train=1.91846 val=None lr=0.000112643
2026-09-30 21:41:09,864 step=39650 train=2.01827 val=None lr=0.000112579
2026-09-30 21:41:10,354 step=39660 train=2.04880 val=None lr=0.000112515
2026-09-30 21:41:11,079 step=39670 train=1.93755 val=None lr=0.000112451
2026-09-30 21:41:11,627 step=39680 train=1.98721 val=None lr=0.000112388
2026-09-30 21:41:12,260 step=39690 train=2.54662 val=None lr=0.000112324
2026-09-30 21:41:13,294 step=39700 train=2.05809 val=2.0110195696353914 lr=0.00011226
2026-09-30 21:41:13,873 step=39710 train=2.12645 val=None lr=0.000112196
2026-09-30 21:41:14,430 step=39720 train=2.02435 val=None lr=0.000112133
2026-09-30 21:41:15,139 step=39730 train=1.89153 val=None lr=0.000112069
2026-09-30 21:41:15,786 step=39740 train=2.05784 val=None lr=0.000112005
2026-09-30 21:41:16,515 step=39750 train=2.12533 val=None lr=0.000111942
2026-09-30 21:41:17,108 step=39760 train=2.30382 val=None lr=0.000111878
2026-09-30 21:41:17,627 step=39770 train=2.00645 val=None lr=0.000111814
2026-09-30 21:41:18,229 step=39780 train=2.06690 val=None lr=0.000111751
2026-09-30 21:41:18,877 step=39790 train=1.99731 val=None lr=0.000111687
2026-09-30 21:41:19,756 step=39800 train=1.90069 val=2.0116787195205688 lr=0.000111623
2026-09-30 21:41:20,324 step=39810 train=1.97346 val=None lr=0.00011156
2026-09-30 21:41:20,890 step=39820 train=2.06081 val=None lr=0.000111496
2026-09-30 21:41:21,420 step=39830 train=1.96126 val=None lr=0.000111433
2026-09-30 21:41:21,879 step=39840 train=2.01898 val=None lr=0.000111369
2026-09-30 21:41:22,398 step=39850 train=2.32361 val=None lr=0.000111306
2026-09-30 21:41:23,045 step=39860 train=2.16935 val=None lr=0.000111242
2026-09-30 21:41:23,550 step=39870 train=1.80835 val=None lr=0.000111179
2026-09-30 21:41:24,102 step=39880 train=1.99360 val=None lr=0.000111115
2026-09-30 21:41:24,779 step=39890 train=1.95205 val=None lr=0.000111052
2026-09-30 21:41:25,636 step=39900 train=1.93969 val=2.0161097228527067 lr=0.000110988
2026-09-30 21:41:26,108 step=39910 train=1.97721 val=None lr=0.000110925
2026-09-30 21:41:26,666 step=39920 train=2.25489 val=None lr=0.000110861
2026-09-30 21:41:27,239 step=39930 train=1.72909 val=None lr=0.000110798
2026-09-30 21:41:27,798 step=39940 train=2.05015 val=None lr=0.000110734
2026-09-30 21:41:28,416 step=39950 train=2.17681 val=None lr=0.000110671
2026-09-30 21:41:28,933 step=39960 train=2.20307 val=None lr=0.000110608
2026-09-30 21:41:27,091 step=39970 train=2.11040 val=None lr=0.000110544
2026-09-30 21:41:27,593 step=39980 train=1.95096 val=None lr=0.000110481
2026-09-30 21:41:28,196 step=39990 train=2.03804 val=None lr=0.000110418
2026-09-30 21:41:29,154 step=40000 train=1.88094 val=2.01682562828064 lr=0.000110354
2026-09-30 21:41:30,298 step=40010 train=1.97551 val=None lr=0.000110291
2026-09-30 21:41:30,998 step=40020 train=2.23020 val=None lr=0.000110228
2026-09-30 21:41:31,529 step=40030 train=2.18350 val=None lr=0.000110164
2026-09-30 21:41:32,183 step=40040 train=2.14281 val=None lr=0.000110101
2026-09-30 21:41:32,912 step=40050 train=2.03540 val=None lr=0.000110038
2026-09-30 21:41:33,688 step=40060 train=2.02824 val=None lr=0.000109975
2026-09-30 21:41:34,240 step=40070 train=2.03550 val=None lr=0.000109911
2026-09-30 21:41:34,817 step=40080 train=2.06515 val=None lr=0.000109848
2026-09-30 21:41:35,355 step=40090 train=1.86137 val=None lr=0.000109785
2026-09-30 21:41:36,353 step=40100 train=2.01266 val=2.0109662652015685 lr=0.000109722
2026-09-30 21:41:36,975 step=40110 train=2.63851 val=None lr=0.000109659
2026-09-30 21:41:37,577 step=40120 train=1.96355 val=None lr=0.000109595
2026-09-30 21:41:38,174 step=40130 train=2.15145 val=None lr=0.000109532
2026-09-30 21:41:38,745 step=40140 train=1.86369 val=None lr=0.000109469
2026-09-30 21:41:39,373 step=40150 train=2.07075 val=None lr=0.000109406
2026-09-30 21:41:39,979 step=40160 train=2.23303 val=None lr=0.000109343
2026-09-30 21:41:40,585 step=40170 train=1.89776 val=None lr=0.00010928
2026-09-30 21:41:41,278 step=40180 train=2.02422 val=None lr=0.000109217
2026-09-30 21:41:41,951 step=40190 train=2.14018 val=None lr=0.000109154
2026-09-30 21:41:42,767 step=40200 train=2.14252 val=2.0115721225738525 lr=0.000109091
2026-09-30 21:41:43,635 step=40210 train=2.10472 val=None lr=0.000109028
2026-09-30 21:41:44,372 step=40220 train=1.86731 val=None lr=0.000108965
2026-09-30 21:41:44,946 step=40230 train=1.89911 val=None lr=0.000108902
2026-09-30 21:41:45,571 step=40240 train=2.21997 val=None lr=0.000108839
2026-09-30 21:41:46,277 step=40250 train=1.93807 val=None lr=0.000108776
2026-09-30 21:41:46,870 step=40260 train=2.15838 val=None lr=0.000108713
2026-09-30 21:41:47,554 step=40270 train=1.90125 val=None lr=0.00010865
2026-09-30 21:41:48,132 step=40280 train=2.10480 val=None lr=0.000108587
2026-09-30 21:41:48,723 step=40290 train=1.85709 val=None lr=0.000108524
2026-09-30 21:41:49,735 step=40300 train=1.95347 val=2.008875900506973 lr=0.000108461
2026-09-30 21:41:50,356 step=40310 train=2.14421 val=None lr=0.000108398
2026-09-30 21:41:50,862 step=40320 train=2.12027 val=None lr=0.000108336
2026-09-30 21:41:51,511 step=40330 train=2.05908 val=None lr=0.000108273
2026-09-30 21:41:52,071 step=40340 train=2.08450 val=None lr=0.00010821
2026-09-30 21:41:52,699 step=40350 train=1.96011 val=None lr=0.000108147
2026-09-30 21:41:53,344 step=40360 train=2.06833 val=None lr=0.000108084
2026-09-30 21:41:54,068 step=40370 train=2.16145 val=None lr=0.000108022
2026-09-30 21:41:54,596 step=40380 train=2.03796 val=None lr=0.000107959
2026-09-30 21:41:55,366 step=40390 train=1.98852 val=None lr=0.000107896
2026-09-30 21:41:56,274 step=40400 train=1.90247 val=2.0134726583957674 lr=0.000107833
2026-09-30 21:41:56,793 step=40410 train=1.87780 val=None lr=0.000107771
2026-09-30 21:41:57,423 step=40420 train=1.91045 val=None lr=0.000107708
2026-09-30 21:41:57,925 step=40430 train=2.23539 val=None lr=0.000107645
2026-09-30 21:41:58,494 step=40440 train=2.27677 val=None lr=0.000107582
2026-09-30 21:41:59,171 step=40450 train=2.16815 val=None lr=0.00010752
2026-09-30 21:41:57,589 step=40460 train=2.07237 val=None lr=0.000107457
2026-09-30 21:41:58,103 step=40470 train=2.18943 val=None lr=0.000107395
2026-09-30 21:41:58,690 step=40480 train=2.05977 val=None lr=0.000107332
2026-09-30 21:41:59,197 step=40490 train=2.02952 val=None lr=0.000107269
2026-09-30 21:42:00,061 step=40500 train=2.06091 val=2.009399449825287 lr=0.000107207
2026-09-30 21:42:00,861 step=40510 train=1.98704 val=None lr=0.000107144
2026-09-30 21:42:01,402 step=40520 train=2.16296 val=None lr=0.000107082
2026-09-30 21:42:02,070 step=40530 train=2.04064 val=None lr=0.000107019
2026-09-30 21:42:02,740 step=40540 train=2.30981 val=None lr=0.000106957
2026-09-30 21:42:03,418 step=40550 train=2.20611 val=None lr=0.000106894
2026-09-30 21:42:04,055 step=40560 train=2.28366 val=None lr=0.000106832
2026-09-30 21:42:04,559 step=40570 train=2.04683 val=None lr=0.000106769
2026-09-30 21:42:05,049 step=40580 train=1.98433 val=None lr=0.000106707
2026-09-30 21:42:05,641 step=40590 train=2.19996 val=None lr=0.000106644
2026-09-30 21:42:06,423 step=40600 train=2.46730 val=2.0104650259017944 lr=0.000106582
2026-09-30 21:42:06,978 step=40610 train=2.06055 val=None lr=0.000106519
2026-09-30 21:42:07,523 step=40620 train=1.68535 val=None lr=0.000106457
2026-09-30 21:42:08,118 step=40630 train=2.24643 val=None lr=0.000106395
2026-09-30 21:42:08,806 step=40640 train=2.05182 val=None lr=0.000106332
2026-09-30 21:42:09,346 step=40650 train=1.84858 val=None lr=0.00010627
2026-09-30 21:42:09,943 step=40660 train=2.11920 val=None lr=0.000106207
2026-09-30 21:42:10,641 step=40670 train=2.15349 val=None lr=0.000106145
2026-09-30 21:42:11,201 step=40680 train=2.10583 val=None lr=0.000106083
2026-09-30 21:42:11,741 step=40690 train=2.03872 val=None lr=0.000106021
2026-09-30 21:42:12,660 step=40700 train=1.99732 val=2.007290709018707 lr=0.000105958
2026-09-30 21:42:13,231 step=40710 train=2.07874 val=None lr=0.000105896
2026-09-30 21:42:13,820 step=40720 train=1.96349 val=None lr=0.000105834
2026-09-30 21:42:14,388 step=40730 train=2.27584 val=None lr=0.000105771
2026-09-30 21:42:15,000 step=40740 train=1.91297 val=None lr=0.000105709
2026-09-30 21:42:15,584 step=40750 train=1.83836 val=None lr=0.000105647
2026-09-30 21:42:16,258 step=40760 train=2.07430 val=None lr=0.000105585
2026-09-30 21:42:16,832 step=40770 train=1.91682 val=None lr=0.000105523
2026-09-30 21:42:17,419 step=40780 train=2.34918 val=None lr=0.000105461
2026-09-30 21:42:18,136 step=40790 train=1.92016 val=None lr=0.000105398
2026-09-30 21:42:19,002 step=40800 train=2.17207 val=2.0086761832237245 lr=0.000105336
2026-09-30 21:42:19,590 step=40810 train=2.00472 val=None lr=0.000105274
2026-09-30 21:42:20,184 step=40820 train=2.07780 val=None lr=0.000105212
2026-09-30 21:42:20,736 step=40830 train=2.06692 val=None lr=0.00010515
2026-09-30 21:42:21,264 step=40840 train=1.72614 val=None lr=0.000105088
2026-09-30 21:42:21,852 step=40850 train=2.22657 val=None lr=0.000105026
2026-09-30 21:42:22,457 step=40860 train=1.78780 val=None lr=0.000104964
2026-09-30 21:42:23,031 step=40870 train=1.94665 val=None lr=0.000104902
2026-09-30 21:42:23,737 step=40880 train=1.89963 val=None lr=0.00010484
2026-09-30 21:42:24,251 step=40890 train=2.00829 val=None lr=0.000104778
2026-09-30 21:42:25,242 step=40900 train=2.15575 val=2.0070286810398104 lr=0.000104716
2026-09-30 21:42:25,810 step=40910 train=2.25143 val=None lr=0.000104654
2026-09-30 21:42:26,392 step=40920 train=2.11601 val=None lr=0.000104592
2026-09-30 21:42:27,001 step=40930 train=2.10161 val=None lr=0.00010453
2026-09-30 21:42:27,734 step=40940 train=2.29520 val=None lr=0.000104468
2026-09-30 21:42:28,388 step=40950 train=1.89014 val=None lr=0.000104406
2026-09-30 21:42:28,992 step=40960 train=2.31941 val=None lr=0.000104345
2026-09-30 21:42:29,590 step=40970 train=1.99125 val=None lr=0.000104283
2026-09-30 21:42:27,874 step=40980 train=2.04322 val=None lr=0.000104221
2026-09-30 21:42:28,536 step=40990 train=1.89820 val=None lr=0.000104159
2026-09-30 21:42:29,438 step=41000 train=2.00832 val=2.003797870874405 lr=0.000104097
2026-09-30 21:42:30,276 step=41010 train=2.09159 val=None lr=0.000104035
2026-09-30 21:42:30,774 step=41020 train=2.09122 val=None lr=0.000103974
2026-09-30 21:42:31,744 step=41030 train=2.13113 val=None lr=0.000103912
2026-09-30 21:42:32,277 step=41040 train=1.93037 val=None lr=0.00010385
2026-09-30 21:42:33,058 step=41050 train=2.26162 val=None lr=0.000103788
2026-09-30 21:42:33,629 step=41060 train=1.93930 val=None lr=0.000103727
2026-09-30 21:42:34,202 step=41070 train=1.90941 val=None lr=0.000103665
2026-09-30 21:42:34,754 step=41080 train=2.34274 val=None lr=0.000103603
2026-09-30 21:42:35,349 step=41090 train=2.20443 val=None lr=0.000103542
2026-09-30 21:42:36,281 step=41100 train=2.20641 val=2.005810832977295 lr=0.00010348
2026-09-30 21:42:36,892 step=41110 train=2.10279 val=None lr=0.000103418
2026-09-30 21:42:37,465 step=41120 train=1.85503 val=None lr=0.000103357
2026-09-30 21:42:38,057 step=41130 train=1.89108 val=None lr=0.000103295
2026-09-30 21:42:38,650 step=41140 train=2.17170 val=None lr=0.000103234
2026-09-30 21:42:39,305 step=41150 train=2.23992 val=None lr=0.000103172
2026-09-30 21:42:39,899 step=41160 train=2.24142 val=None lr=0.000103111
2026-09-30 21:42:40,470 step=41170 train=2.13005 val=None lr=0.000103049
2026-09-30 21:42:41,128 step=41180 train=2.24268 val=None lr=0.000102987
2026-09-30 21:42:41,788 step=41190 train=1.85227 val=None lr=0.000102926
2026-09-30 21:42:42,696 step=41200 train=1.94598 val=2.0068546295166017 lr=0.000102864
2026-09-30 21:42:43,250 step=41210 train=1.94180 val=None lr=0.000102803
2026-09-30 21:42:43,859 step=41220 train=1.79813 val=None lr=0.000102742
2026-09-30 21:42:44,533 step=41230 train=2.02376 val=None lr=0.00010268
2026-09-30 21:42:45,128 step=41240 train=2.21504 val=None lr=0.000102619
2026-09-30 21:42:45,779 step=41250 train=1.97894 val=None lr=0.000102557
2026-09-30 21:42:46,321 step=41260 train=1.88151 val=None lr=0.000102496
2026-09-30 21:42:47,072 step=41270 train=1.82914 val=None lr=0.000102435
2026-09-30 21:42:47,550 step=41280 train=2.11289 val=None lr=0.000102373
2026-09-30 21:42:48,067 step=41290 train=2.07866 val=None lr=0.000102312
2026-09-30 21:42:48,834 step=41300 train=1.85110 val=2.0048892736434936 lr=0.000102251
2026-09-30 21:42:49,393 step=41310 train=1.88442 val=None lr=0.000102189
2026-09-30 21:42:49,991 step=41320 train=2.32403 val=None lr=0.000102128
2026-09-30 21:42:50,595 step=41330 train=2.20541 val=None lr=0.000102067
2026-09-30 21:42:51,314 step=41340 train=2.00912 val=None lr=0.000102005
2026-09-30 21:42:51,959 step=41350 train=2.14849 val=None lr=0.000101944
2026-09-30 21:42:52,537 step=41360 train=1.95440 val=None lr=0.000101883
2026-09-30 21:42:53,030 step=41370 train=2.01747 val=None lr=0.000101822
2026-09-30 21:42:53,594 step=41380 train=1.99814 val=None lr=0.000101761
2026-09-30 21:42:54,155 step=41390 train=2.10002 val=None lr=0.000101699
2026-09-30 21:42:55,171 step=41400 train=2.05429 val=2.0019038915634155 lr=0.000101638
2026-09-30 21:42:55,673 step=41410 train=2.13577 val=None lr=0.000101577
2026-09-30 21:42:56,167 step=41420 train=2.08332 val=None lr=0.000101516
2026-09-30 21:42:56,738 step=41430 train=1.93946 val=None lr=0.000101455
2026-09-30 21:42:57,344 step=41440 train=1.94796 val=None lr=0.000101394
2026-09-30 21:42:57,905 step=41450 train=2.02306 val=None lr=0.000101333
2026-09-30 21:42:58,391 step=41460 train=2.17770 val=None lr=0.000101272
2026-09-30 21:42:58,974 step=41470 train=2.31146 val=None lr=0.000101211
2026-09-30 21:42:59,517 step=41480 train=1.99361 val=None lr=0.00010115
2026-09-30 21:42:57,729 step=41490 train=2.30789 val=None lr=0.000101089
2026-09-30 21:42:58,616 step=41500 train=2.09141 val=2.001835751533508 lr=0.000101028
2026-09-30 21:42:59,471 step=41510 train=2.34631 val=None lr=0.000100967
2026-09-30 21:43:00,190 step=41520 train=2.08509 val=None lr=0.000100906
2026-09-30 21:43:00,992 step=41530 train=1.87643 val=None lr=0.000100845
2026-09-30 21:43:01,550 step=41540 train=2.01400 val=None lr=0.000100784
2026-09-30 21:43:02,049 step=41550 train=1.80433 val=None lr=0.000100723
2026-09-30 21:43:02,725 step=41560 train=1.95191 val=None lr=0.000100662
2026-09-30 21:43:03,248 step=41570 train=1.75239 val=None lr=0.000100601
2026-09-30 21:43:03,834 step=41580 train=2.18626 val=None lr=0.00010054
2026-09-30 21:43:04,537 step=41590 train=2.04763 val=None lr=0.00010048
2026-09-30 21:43:05,580 step=41600 train=2.01038 val=1.9984056293964385 lr=0.000100419
2026-09-30 21:43:06,370 step=41610 train=2.12178 val=None lr=0.000100358
2026-09-30 21:43:06,936 step=41620 train=2.14462 val=None lr=0.000100297
2026-09-30 21:43:07,473 step=41630 train=2.16083 val=None lr=0.000100236
2026-09-30 21:43:08,152 step=41640 train=2.13854 val=None lr=0.000100176
2026-09-30 21:43:08,799 step=41650 train=2.09320 val=None lr=0.000100115
2026-09-30 21:43:09,308 step=41660 train=1.96642 val=None lr=0.000100054
2026-09-30 21:43:09,834 step=41670 train=1.93592 val=None lr=9.99936e-05
2026-09-30 21:43:10,421 step=41680 train=2.13300 val=None lr=9.99329e-05
2026-09-30 21:43:11,058 step=41690 train=1.76428 val=None lr=9.98723e-05
2026-09-30 21:43:11,985 step=41700 train=2.26827 val=1.9986034035682678 lr=9.98116e-05
2026-09-30 21:43:12,621 step=41710 train=1.84109 val=None lr=9.9751e-05
2026-09-30 21:43:13,240 step=41720 train=2.02413 val=None lr=9.96904e-05
2026-09-30 21:43:13,904 step=41730 train=1.94985 val=None lr=9.96298e-05
2026-09-30 21:43:14,520 step=41740 train=1.94563 val=None lr=9.95692e-05
2026-09-30 21:43:15,058 step=41750 train=2.17953 val=None lr=9.95086e-05
2026-09-30 21:43:15,697 step=41760 train=1.96729 val=None lr=9.94481e-05
2026-09-30 21:43:16,343 step=41770 train=2.07391 val=None lr=9.93876e-05
2026-09-30 21:43:16,905 step=41780 train=2.18184 val=None lr=9.93271e-05
2026-09-30 21:43:17,541 step=41790 train=1.91224 val=None lr=9.92666e-05
2026-09-30 21:43:18,497 step=41800 train=2.18456 val=1.999135673046112 lr=9.92061e-05
2026-09-30 21:43:19,344 step=41810 train=1.73846 val=None lr=9.91457e-05
2026-09-30 21:43:19,977 step=41820 train=1.95938 val=None lr=9.90852e-05
2026-09-30 21:43:20,565 step=41830 train=2.03289 val=None lr=9.90248e-05
2026-09-30 21:43:21,067 step=41840 train=2.19935 val=None lr=9.89644e-05
2026-09-30 21:43:21,656 step=41850 train=2.02717 val=None lr=9.8904e-05
2026-09-30 21:43:22,217 step=41860 train=1.98585 val=None lr=9.88436e-05
2026-09-30 21:43:22,842 step=41870 train=1.91230 val=None lr=9.87833e-05
2026-09-30 21:43:23,332 step=41880 train=1.85973 val=None lr=9.8723e-05
2026-09-30 21:43:23,887 step=41890 train=2.05117 val=None lr=9.86627e-05
2026-09-30 21:43:24,679 step=41900 train=1.89401 val=1.9994553446769714 lr=9.86024e-05
2026-09-30 21:43:25,465 step=41910 train=2.29873 val=None lr=9.85421e-05
2026-09-30 21:43:26,042 step=41920 train=2.16581 val=None lr=9.84818e-05
2026-09-30 21:43:26,708 step=41930 train=2.02810 val=None lr=9.84216e-05
2026-09-30 21:43:27,264 step=41940 train=2.02688 val=None lr=9.83613e-05
2026-09-30 21:43:27,822 step=41950 train=1.91237 val=None lr=9.83011e-05
2026-09-30 21:43:28,592 step=41960 train=1.99365 val=None lr=9.82409e-05
2026-09-30 21:43:29,368 step=41970 train=2.01184 val=None lr=9.81808e-05
2026-09-30 21:43:29,924 step=41980 train=2.00278 val=None lr=9.81206e-05
2026-09-30 21:43:28,215 step=41990 train=2.01155 val=None lr=9.80605e-05
2026-09-30 21:43:29,079 step=42000 train=2.45046 val=2.0013225376605988 lr=9.80003e-05
2026-09-30 21:43:29,947 step=42010 train=1.92222 val=None lr=9.79402e-05
2026-09-30 21:43:30,560 step=42020 train=1.90533 val=None lr=9.78801e-05
2026-09-30 21:43:31,151 step=42030 train=2.08934 val=None lr=9.78201e-05
2026-09-30 21:43:31,723 step=42040 train=1.98759 val=None lr=9.776e-05
2026-09-30 21:43:32,325 step=42050 train=1.96147 val=None lr=9.77e-05
2026-09-30 21:43:32,890 step=42060 train=2.20818 val=None lr=9.764e-05
2026-09-30 21:43:33,555 step=42070 train=1.66562 val=None lr=9.758e-05
2026-09-30 21:43:34,131 step=42080 train=2.29590 val=None lr=9.752e-05
2026-09-30 21:43:34,722 step=42090 train=2.16293 val=None lr=9.746e-05
2026-09-30 21:43:35,808 step=42100 train=2.03974 val=1.9978009402751922 lr=9.74001e-05
2026-09-30 21:43:36,452 step=42110 train=1.96176 val=None lr=9.73402e-05
2026-09-30 21:43:37,127 step=42120 train=2.18504 val=None lr=9.72802e-05
2026-09-30 21:43:37,690 step=42130 train=2.41105 val=None lr=9.72204e-05
2026-09-30 21:43:38,304 step=42140 train=2.04470 val=None lr=9.71605e-05
2026-09-30 21:43:38,871 step=42150 train=1.88048 val=None lr=9.71006e-05
2026-09-30 21:43:39,440 step=42160 train=1.90056 val=None lr=9.70408e-05
2026-09-30 21:43:39,966 step=42170 train=2.31726 val=None lr=9.6981e-05
2026-09-30 21:43:40,486 step=42180 train=1.95213 val=None lr=9.69212e-05
2026-09-30 21:43:41,134 step=42190 train=2.09606 val=None lr=9.68614e-05
2026-09-30 21:43:41,961 step=42200 train=2.08565 val=1.9987189710140227 lr=9.68016e-05
2026-09-30 21:43:42,451 step=42210 train=1.83431 val=None lr=9.67419e-05
2026-09-30 21:43:43,278 step=42220 train=1.99917 val=None lr=9.66821e-05
2026-09-30 21:43:43,915 step=42230 train=1.90035 val=None lr=9.66224e-05
2026-09-30 21:43:44,425 step=42240 train=1.82500 val=None lr=9.65627e-05
2026-09-30 21:43:45,062 step=42250 train=1.96593 val=None lr=9.6503e-05
2026-09-30 21:43:45,537 step=42260 train=2.10899 val=None lr=9.64434e-05
2026-09-30 21:43:46,041 step=42270 train=1.81926 val=None lr=9.63837e-05
2026-09-30 21:43:46,534 step=42280 train=2.05823 val=None lr=9.63241e-05
2026-09-30 21:43:47,021 step=42290 train=2.26559 val=None lr=9.62645e-05
2026-09-30 21:43:47,983 step=42300 train=2.09713 val=1.996637123823166 lr=9.62049e-05
2026-09-30 21:43:48,562 step=42310 train=2.02899 val=None lr=9.61454e-05
2026-09-30 21:43:49,320 step=42320 train=2.09324 val=None lr=9.60858e-05
2026-09-30 21:43:49,933 step=42330 train=1.89398 val=None lr=9.60263e-05
2026-09-30 21:43:50,533 step=42340 train=2.11866 val=None lr=9.59668e-05
2026-09-30 21:43:51,102 step=42350 train=2.16281 val=None lr=9.59073e-05
2026-09-30 21:43:51,652 step=42360 train=2.04681 val=None lr=9.58478e-05
2026-09-30 21:43:52,196 step=42370 train=2.09535 val=None lr=9.57883e-05
2026-09-30 21:43:52,728 step=42380 train=2.01382 val=None lr=9.57289e-05
2026-09-30 21:43:53,332 step=42390 train=1.97469 val=None lr=9.56695e-05
2026-09-30 21:43:54,353 step=42400 train=2.14077 val=1.9973100066184997 lr=9.56101e-05
2026-09-30 21:43:54,897 step=42410 train=1.93114 val=None lr=9.55507e-05
2026-09-30 21:43:55,530 step=42420 train=1.66784 val=None lr=9.54913e-05
2026-09-30 21:43:56,190 step=42430 train=1.90499 val=None lr=9.54319e-05
2026-09-30 21:43:56,692 step=42440 train=2.36245 val=None lr=9.53726e-05
2026-09-30 21:43:57,196 step=42450 train=1.99565 val=None lr=9.53133e-05
2026-09-30 21:43:57,837 step=42460 train=2.08090 val=None lr=9.5254e-05
2026-09-30 21:43:58,687 step=42470 train=1.91176 val=None lr=9.51947e-05
2026-09-30 21:43:59,299 step=42480 train=2.07013 val=None lr=9.51355e-05
2026-09-30 21:43:59,895 step=42490 train=2.00229 val=None lr=9.50762e-05
2026-09-30 21:43:58,794 step=42500 train=2.14231 val=1.996390962600708 lr=9.5017e-05
2026-09-30 21:43:59,633 step=42510 train=2.33886 val=None lr=9.49578e-05
2026-09-30 21:44:00,279 step=42520 train=1.99786 val=None lr=9.48986e-05
2026-09-30 21:44:00,891 step=42530 train=2.27780 val=None lr=9.48394e-05
2026-09-30 21:44:01,459 step=42540 train=1.85318 val=None lr=9.47803e-05
2026-09-30 21:44:02,015 step=42550 train=2.24670 val=None lr=9.47212e-05
2026-09-30 21:44:02,586 step=42560 train=2.04302 val=None lr=9.46621e-05
2026-09-30 21:44:03,124 step=42570 train=2.02493 val=None lr=9.4603e-05
2026-09-30 21:44:03,714 step=42580 train=1.97021 val=None lr=9.45439e-05
2026-09-30 21:44:04,309 step=42590 train=2.26964 val=None lr=9.44848e-05
2026-09-30 21:44:05,235 step=42600 train=1.89450 val=1.9945999920368194 lr=9.44258e-05
2026-09-30 21:44:05,835 step=42610 train=2.26837 val=None lr=9.43668e-05
2026-09-30 21:44:06,527 step=42620 train=1.81290 val=None lr=9.43078e-05
2026-09-30 21:44:07,120 step=42630 train=2.21794 val=None lr=9.42488e-05
2026-09-30 21:44:07,780 step=42640 train=1.67621 val=None lr=9.41898e-05
2026-09-30 21:44:08,381 step=42650 train=2.01336 val=None lr=9.41309e-05
2026-09-30 21:44:09,061 step=42660 train=2.05016 val=None lr=9.4072e-05
2026-09-30 21:44:09,681 step=42670 train=1.89785 val=None lr=9.40131e-05
2026-09-30 21:44:10,347 step=42680 train=2.39462 val=None lr=9.39542e-05
2026-09-30 21:44:10,932 step=42690 train=2.11238 val=None lr=9.38953e-05
2026-09-30 21:44:11,876 step=42700 train=2.24619 val=1.9945202887058258 lr=9.38364e-05
2026-09-30 21:44:12,541 step=42710 train=1.94907 val=None lr=9.37776e-05
2026-09-30 21:44:13,197 step=42720 train=2.00788 val=None lr=9.37188e-05
2026-09-30 21:44:13,812 step=42730 train=2.28332 val=None lr=9.366e-05
2026-09-30 21:44:14,433 step=42740 train=1.70876 val=None lr=9.36012e-05
2026-09-30 21:44:15,152 step=42750 train=2.02637 val=None lr=9.35425e-05
2026-09-30 21:44:15,739 step=42760 train=2.15970 val=None lr=9.34837e-05
2026-09-30 21:44:16,378 step=42770 train=2.21988 val=None lr=9.3425e-05
2026-09-30 21:44:16,999 step=42780 train=2.01244 val=None lr=9.33663e-05
2026-09-30 21:44:17,632 step=42790 train=2.05428 val=None lr=9.33076e-05
2026-09-30 21:44:18,557 step=42800 train=2.13831 val=1.9948307633399964 lr=9.3249e-05
2026-09-30 21:44:19,303 step=42810 train=2.05738 val=None lr=9.31903e-05
2026-09-30 21:44:19,774 step=42820 train=2.03207 val=None lr=9.31317e-05
2026-09-30 21:44:20,598 step=42830 train=2.11982 val=None lr=9.30731e-05
2026-09-30 21:44:21,089 step=42840 train=1.87871 val=None lr=9.30145e-05
2026-09-30 21:44:21,741 step=42850 train=2.06454 val=None lr=9.29559e-05
2026-09-30 21:44:22,404 step=42860 train=1.91120 val=None lr=9.28974e-05
2026-09-30 21:44:23,120 step=42870 train=2.17428 val=None lr=9.28389e-05
2026-09-30 21:44:23,736 step=42880 train=2.08409 val=None lr=9.27803e-05
2026-09-30 21:44:24,494 step=42890 train=2.10348 val=None lr=9.27219e-05
2026-09-30 21:44:25,393 step=42900 train=2.18362 val=1.9914848625659942 lr=9.26634e-05
2026-09-30 21:44:25,900 step=42910 train=1.90675 val=None lr=9.26049e-05
2026-09-30 21:44:26,665 step=42920 train=2.32462 val=None lr=9.25465e-05
2026-09-30 21:44:27,361 step=42930 train=2.07525 val=None lr=9.24881e-05
2026-09-30 21:44:27,858 step=42940 train=2.04241 val=None lr=9.24297e-05
2026-09-30 21:44:28,379 step=42950 train=1.75896 val=None lr=9.23713e-05
2026-09-30 21:44:28,869 step=42960 train=2.08529 val=None lr=9.23129e-05
2026-09-30 21:44:29,513 step=42970 train=2.35803 val=None lr=9.22546e-05
2026-09-30 21:44:29,998 step=42980 train=2.07983 val=None lr=9.21963e-05
2026-09-30 21:44:30,633 step=42990 train=2.05330 val=None lr=9.2138e-05
2026-09-30 21:44:29,091 step=43000 train=1.77085 val=1.9916677832603455 lr=9.20797e-05
2026-09-30 21:44:29,938 step=43010 train=1.99477 val=None lr=9.20214e-05
2026-09-30 21:44:30,523 step=43020 train=2.14969 val=None lr=9.19632e-05
2026-09-30 21:44:31,105 step=43030 train=2.17289 val=None lr=9.1905e-05
2026-09-30 21:44:31,614 step=43040 train=2.21311 val=None lr=9.18468e-05
2026-09-30 21:44:32,191 step=43050 train=2.07092 val=None lr=9.17886e-05
2026-09-30 21:44:32,766 step=43060 train=2.15899 val=None lr=9.17304e-05
2026-09-30 21:44:33,335 step=43070 train=2.12879 val=None lr=9.16723e-05
2026-09-30 21:44:33,884 step=43080 train=2.28903 val=None lr=9.16141e-05
2026-09-30 21:44:34,445 step=43090 train=1.95645 val=None lr=9.1556e-05
2026-09-30 21:44:35,351 step=43100 train=1.94040 val=1.9910168409347535 lr=9.14979e-05
2026-09-30 21:44:35,965 step=43110 train=2.17056 val=None lr=9.14399e-05
2026-09-30 21:44:36,693 step=43120 train=2.02519 val=None lr=9.13818e-05
2026-09-30 21:44:37,612 step=43130 train=1.79672 val=None lr=9.13238e-05
2026-09-30 21:44:38,128 step=43140 train=1.71098 val=None lr=9.12658e-05
2026-09-30 21:44:38,901 step=43150 train=1.94124 val=None lr=9.12078e-05
2026-09-30 21:44:39,470 step=43160 train=2.04578 val=None lr=9.11498e-05
2026-09-30 21:44:40,031 step=43170 train=1.91865 val=None lr=9.10918e-05
2026-09-30 21:44:40,705 step=43180 train=2.28668 val=None lr=9.10339e-05
2026-09-30 21:44:41,503 step=43190 train=2.21496 val=None lr=9.0976e-05
2026-09-30 21:44:42,452 step=43200 train=2.15209 val=1.991242653131485 lr=9.09181e-05
2026-09-30 21:44:42,991 step=43210 train=2.22602 val=None lr=9.08602e-05
2026-09-30 21:44:43,565 step=43220 train=2.19541 val=None lr=9.08024e-05
2026-09-30 21:44:44,319 step=43230 train=2.29367 val=None lr=9.07445e-05
2026-09-30 21:44:44,823 step=43240 train=1.96645 val=None lr=9.06867e-05
2026-09-30 21:44:45,508 step=43250 train=2.01821 val=None lr=9.06289e-05
2026-09-30 21:44:46,016 step=43260 train=2.06886 val=None lr=9.05711e-05
2026-09-30 21:44:46,616 step=43270 train=1.84631 val=None lr=9.05134e-05
2026-09-30 21:44:47,206 step=43280 train=2.12015 val=None lr=9.04556e-05
2026-09-30 21:44:47,779 step=43290 train=2.04992 val=None lr=9.03979e-05
2026-09-30 21:44:48,624 step=43300 train=2.00253 val=1.991143238544464 lr=9.03402e-05
2026-09-30 21:44:49,166 step=43310 train=2.05575 val=None lr=9.02825e-05
2026-09-30 21:44:49,705 step=43320 train=2.12320 val=None lr=9.02249e-05
2026-09-30 21:44:50,207 step=43330 train=1.91091 val=None lr=9.01672e-05
2026-09-30 21:44:50,699 step=43340 train=1.78001 val=None lr=9.01096e-05
2026-09-30 21:44:51,242 step=43350 train=2.07113 val=None lr=9.0052e-05
2026-09-30 21:44:51,772 step=43360 train=1.94050 val=None lr=8.99944e-05
2026-09-30 21:44:52,610 step=43370 train=1.98733 val=None lr=8.99369e-05
2026-09-30 21:44:53,201 step=43380 train=2.06011 val=None lr=8.98793e-05
2026-09-30 21:44:53,953 step=43390 train=2.05530 val=None lr=8.98218e-05
2026-09-30 21:44:54,799 step=43400 train=1.86437 val=1.989004909992218 lr=8.97643e-05
2026-09-30 21:44:55,354 step=43410 train=2.06427 val=None lr=8.97068e-05
2026-09-30 21:44:55,993 step=43420 train=2.22054 val=None lr=8.96493e-05
2026-09-30 21:44:56,810 step=43430 train=2.38155 val=None lr=8.95919e-05
2026-09-30 21:44:57,344 step=43440 train=2.03335 val=None lr=8.95345e-05
2026-09-30 21:44:57,937 step=43450 train=2.04304 val=None lr=8.94771e-05
2026-09-30 21:44:58,470 step=43460 train=1.91168 val=None lr=8.94197e-05
2026-09-30 21:44:59,046 step=43470 train=1.82110 val=None lr=8.93623e-05
2026-09-30 21:44:59,607 step=43480 train=2.27690 val=None lr=8.9305e-05
2026-09-30 21:45:00,177 step=43490 train=2.23389 val=None lr=8.92477e-05
2026-09-30 21:45:01,006 step=43500 train=1.91463 val=1.9918291687965393 lr=8.91903e-05
2026-09-30 21:44:59,447 step=43510 train=2.03960 val=None lr=8.91331e-05
2026-09-30 21:45:00,024 step=43520 train=2.13377 val=None lr=8.90758e-05
2026-09-30 21:45:00,639 step=43530 train=1.90188 val=None lr=8.90186e-05
2026-09-30 21:45:01,348 step=43540 train=2.07994 val=None lr=8.89613e-05
2026-09-30 21:45:02,027 step=43550 train=2.03862 val=None lr=8.89041e-05
2026-09-30 21:45:02,951 step=43560 train=1.94265 val=None lr=8.88469e-05
2026-09-30 21:45:03,557 step=43570 train=2.05661 val=None lr=8.87898e-05
2026-09-30 21:45:04,100 step=43580 train=2.02970 val=None lr=8.87326e-05
2026-09-30 21:45:04,760 step=43590 train=2.23378 val=None lr=8.86755e-05
2026-09-30 21:45:05,676 step=43600 train=2.20026 val=1.9901538789272308 lr=8.86184e-05
2026-09-30 21:45:06,284 step=43610 train=2.24181 val=None lr=8.85613e-05
2026-09-30 21:45:06,788 step=43620 train=1.83708 val=None lr=8.85043e-05
2026-09-30 21:45:07,424 step=43630 train=2.18707 val=None lr=8.84472e-05
2026-09-30 21:45:07,977 step=43640 train=1.87334 val=None lr=8.83902e-05
2026-09-30 21:45:08,689 step=43650 train=2.08469 val=None lr=8.83332e-05
2026-09-30 21:45:09,512 step=43660 train=1.81584 val=None lr=8.82762e-05
2026-09-30 21:45:10,320 step=43670 train=2.15345 val=None lr=8.82192e-05
2026-09-30 21:45:10,977 step=43680 train=2.01479 val=None lr=8.81623e-05
2026-09-30 21:45:11,510 step=43690 train=2.14278 val=None lr=8.81054e-05
2026-09-30 21:45:12,403 step=43700 train=1.99693 val=1.9855713546276093 lr=8.80485e-05
2026-09-30 21:45:13,039 step=43710 train=2.06840 val=None lr=8.79916e-05
2026-09-30 21:45:13,558 step=43720 train=1.90830 val=None lr=8.79347e-05
2026-09-30 21:45:14,079 step=43730 train=1.92564 val=None lr=8.78779e-05
2026-09-30 21:45:14,659 step=43740 train=1.99931 val=None lr=8.78211e-05
2026-09-30 21:45:15,211 step=43750 train=1.73332 val=None lr=8.77643e-05
2026-09-30 21:45:15,708 step=43760 train=1.93755 val=None lr=8.77075e-05
2026-09-30 21:45:16,448 step=43770 train=1.95014 val=None lr=8.76507e-05
2026-09-30 21:45:16,894 step=43780 train=2.18645 val=None lr=8.7594e-05
2026-09-30 21:45:17,515 step=43790 train=2.09665 val=None lr=8.75372e-05
2026-09-30 21:45:18,714 step=43800 train=2.05480 val=1.9849441766738891 lr=8.74805e-05
2026-09-30 21:45:19,241 step=43810 train=2.04743 val=None lr=8.74239e-05
2026-09-30 21:45:19,725 step=43820 train=1.65148 val=None lr=8.73672e-05
2026-09-30 21:45:20,234 step=43830 train=2.13325 val=None lr=8.73106e-05
2026-09-30 21:45:20,976 step=43840 train=1.96277 val=None lr=8.7254e-05
2026-09-30 21:45:21,638 step=43850 train=1.97354 val=None lr=8.71974e-05
2026-09-30 21:45:22,215 step=43860 train=1.80112 val=None lr=8.71408e-05
2026-09-30 21:45:22,931 step=43870 train=1.82157 val=None lr=8.70842e-05
2026-09-30 21:45:23,414 step=43880 train=2.02108 val=None lr=8.70277e-05
2026-09-30 21:45:24,105 step=43890 train=1.96556 val=None lr=8.69712e-05
2026-09-30 21:45:24,996 step=43900 train=2.03665 val=1.9855809330940246 lr=8.69147e-05
2026-09-30 21:45:25,729 step=43910 train=1.86070 val=None lr=8.68582e-05
2026-09-30 21:45:26,503 step=43920 train=1.93536 val=None lr=8.68017e-05
2026-09-30 21:45:27,111 step=43930 train=2.08591 val=None lr=8.67453e-05
2026-09-30 21:45:27,700 step=43940 train=1.92731 val=None lr=8.66889e-05
2026-09-30 21:45:28,278 step=43950 train=1.94475 val=None lr=8.66325e-05
2026-09-30 21:45:28,822 step=43960 train=2.14354 val=None lr=8.65761e-05
2026-09-30 21:45:29,355 step=43970 train=1.96106 val=None lr=8.65198e-05
2026-09-30 21:45:29,913 step=43980 train=2.21214 val=None lr=8.64635e-05
2026-09-30 21:45:30,474 step=43990 train=2.22062 val=None lr=8.64071e-05
2026-09-30 21:45:29,060 step=44000 train=1.82945 val=1.9879474639892578 lr=8.63509e-05
2026-09-30 21:45:30,011 step=44010 train=1.98527 val=None lr=8.62946e-05
2026-09-30 21:45:30,715 step=44020 train=1.96957 val=None lr=8.62383e-05
2026-09-30 21:45:31,252 step=44030 train=1.96762 val=None lr=8.61821e-05
2026-09-30 21:45:31,740 step=44040 train=1.78102 val=None lr=8.61259e-05
2026-09-30 21:45:32,284 step=44050 train=1.90064 val=None lr=8.60697e-05
2026-09-30 21:45:33,000 step=44060 train=2.07640 val=None lr=8.60136e-05
2026-09-30 21:45:33,726 step=44070 train=1.83215 val=None lr=8.59574e-05
2026-09-30 21:45:34,236 step=44080 train=1.83862 val=None lr=8.59013e-05
2026-09-30 21:45:34,737 step=44090 train=1.92889 val=None lr=8.58452e-05
2026-09-30 21:45:35,788 step=44100 train=1.96992 val=1.9902513086795808 lr=8.57891e-05
2026-09-30 21:45:36,328 step=44110 train=1.86754 val=None lr=8.5733e-05
2026-09-30 21:45:36,871 step=44120 train=2.11365 val=None lr=8.5677e-05
2026-09-30 21:45:37,380 step=44130 train=1.99015 val=None lr=8.5621e-05
2026-09-30 21:45:37,907 step=44140 train=2.03532 val=None lr=8.5565e-05
2026-09-30 21:45:38,472 step=44150 train=1.97716 val=None lr=8.5509e-05
2026-09-30 21:45:38,954 step=44160 train=2.01220 val=None lr=8.54531e-05
2026-09-30 21:45:39,480 step=44170 train=1.81992 val=None lr=8.53971e-05
2026-09-30 21:45:40,042 step=44180 train=1.74117 val=None lr=8.53412e-05
2026-09-30 21:45:40,661 step=44190 train=2.03313 val=None lr=8.52853e-05
2026-09-30 21:45:41,456 step=44200 train=2.14252 val=1.9873259902000426 lr=8.52294e-05
2026-09-30 21:45:42,168 step=44210 train=1.65033 val=None lr=8.51736e-05
2026-09-30 21:45:42,732 step=44220 train=1.96545 val=None lr=8.51178e-05
2026-09-30 21:45:43,449 step=44230 train=1.94888 val=None lr=8.50619e-05
2026-09-30 21:45:44,206 step=44240 train=1.87711 val=None lr=8.50062e-05
2026-09-30 21:45:44,833 step=44250 train=1.95193 val=None lr=8.49504e-05
2026-09-30 21:45:45,458 step=44260 train=2.14408 val=None lr=8.48946e-05
2026-09-30 21:45:46,028 step=44270 train=1.95673 val=None lr=8.48389e-05
2026-09-30 21:45:46,581 step=44280 train=1.86525 val=None lr=8.47832e-05
2026-09-30 21:45:47,274 step=44290 train=2.03119 val=None lr=8.47275e-05
2026-09-30 21:45:48,337 step=44300 train=1.97234 val=1.9882088601589203 lr=8.46719e-05
2026-09-30 21:45:48,981 step=44310 train=1.78726 val=None lr=8.46162e-05
2026-09-30 21:45:49,559 step=44320 train=2.04087 val=None lr=8.45606e-05
2026-09-30 21:45:50,092 step=44330 train=2.16943 val=None lr=8.4505e-05
2026-09-30 21:45:50,750 step=44340 train=2.07625 val=None lr=8.44494e-05
2026-09-30 21:45:51,292 step=44350 train=2.03601 val=None lr=8.43939e-05
2026-09-30 21:45:51,994 step=44360 train=1.77834 val=None lr=8.43383e-05
2026-09-30 21:45:52,574 step=44370 train=2.07401 val=None lr=8.42828e-05
2026-09-30 21:45:53,138 step=44380 train=1.74654 val=None lr=8.42273e-05
2026-09-30 21:45:53,693 step=44390 train=2.37310 val=None lr=8.41719e-05
2026-09-30 21:45:54,635 step=44400 train=2.02492 val=1.983130043745041 lr=8.41164e-05
2026-09-30 21:45:55,593 step=44410 train=1.94433 val=None lr=8.4061e-05
2026-09-30 21:45:56,244 step=44420 train=1.83296 val=None lr=8.40056e-05
2026-09-30 21:45:56,813 step=44430 train=2.17875 val=None lr=8.39502e-05
2026-09-30 21:45:57,424 step=44440 train=1.98916 val=None lr=8.38948e-05
2026-09-30 21:45:57,903 step=44450 train=2.42379 val=None lr=8.38395e-05
2026-09-30 21:45:58,438 step=44460 train=2.05501 val=None lr=8.37842e-05
2026-09-30 21:45:59,085 step=44470 train=2.24865 val=None lr=8.37289e-05
2026-09-30 21:45:59,685 step=44480 train=1.98903 val=None lr=8.36736e-05
2026-09-30 21:46:00,261 step=44490 train=2.15753 val=None lr=8.36183e-05
2026-09-30 21:46:01,094 step=44500 train=1.97255 val=1.985166037082672 lr=8.35631e-05
2026-09-30 21:45:59,704 step=44510 train=2.05392 val=None lr=8.35079e-05
2026-09-30 21:46:00,367 step=44520 train=2.12043 val=None lr=8.34527e-05
2026-09-30 21:46:00,968 step=44530 train=2.01760 val=None lr=8.33975e-05
2026-09-30 21:46:01,597 step=44540 train=1.87724 val=None lr=8.33424e-05
2026-09-30 21:46:02,133 step=44550 train=1.94768 val=None lr=8.32872e-05
2026-09-30 21:46:02,624 step=44560 train=1.80416 val=None lr=8.32321e-05
2026-09-30 21:46:03,267 step=44570 train=2.04046 val=None lr=8.3177e-05
2026-09-30 21:46:03,903 step=44580 train=1.89877 val=None lr=8.3122e-05
2026-09-30 21:46:04,431 step=44590 train=2.41394 val=None lr=8.30669e-05
2026-09-30 21:46:05,302 step=44600 train=2.20531 val=1.9841319918632507 lr=8.30119e-05
2026-09-30 21:46:05,946 step=44610 train=2.32992 val=None lr=8.29569e-05
2026-09-30 21:46:06,635 step=44620 train=2.11421 val=None lr=8.29019e-05
2026-09-30 21:46:07,437 step=44630 train=2.10098 val=None lr=8.2847e-05
2026-09-30 21:46:07,919 step=44640 train=1.97518 val=None lr=8.2792e-05
2026-09-30 21:46:08,623 step=44650 train=1.92331 val=None lr=8.27371e-05
2026-09-30 21:46:09,333 step=44660 train=1.84228 val=None lr=8.26822e-05
2026-09-30 21:46:09,917 step=44670 train=1.75960 val=None lr=8.26274e-05
2026-09-30 21:46:10,598 step=44680 train=1.98974 val=None lr=8.25725e-05
2026-09-30 21:46:11,214 step=44690 train=1.66992 val=None lr=8.25177e-05
2026-09-30 21:46:12,154 step=44700 train=2.18449 val=1.9828249990940094 lr=8.24629e-05
2026-09-30 21:46:12,800 step=44710 train=1.86004 val=None lr=8.24081e-05
2026-09-30 21:46:13,390 step=44720 train=1.91844 val=None lr=8.23533e-05
2026-09-30 21:46:13,959 step=44730 train=2.14911 val=None lr=8.22986e-05
2026-09-30 21:46:14,649 step=44740 train=2.23524 val=None lr=8.22439e-05
2026-09-30 21:46:15,389 step=44750 train=1.97483 val=None lr=8.21892e-05
2026-09-30 21:46:15,965 step=44760 train=2.29595 val=None lr=8.21345e-05
2026-09-30 21:46:16,496 step=44770 train=2.03486 val=None lr=8.20798e-05
2026-09-30 21:46:17,065 step=44780 train=2.20727 val=None lr=8.20252e-05
2026-09-30 21:46:17,682 step=44790 train=2.15876 val=None lr=8.19706e-05
2026-09-30 21:46:18,859 step=44800 train=2.12837 val=1.9829240202903748 lr=8.1916e-05
2026-09-30 21:46:19,464 step=44810 train=1.96876 val=None lr=8.18615e-05
2026-09-30 21:46:20,072 step=44820 train=2.03927 val=None lr=8.18069e-05
2026-09-30 21:46:20,681 step=44830 train=2.00224 val=None lr=8.17524e-05
2026-09-30 21:46:21,271 step=44840 train=1.96840 val=None lr=8.16979e-05
2026-09-30 21:46:21,837 step=44850 train=2.04319 val=None lr=8.16434e-05
2026-09-30 21:46:22,403 step=44860 train=1.93063 val=None lr=8.1589e-05
2026-09-30 21:46:23,068 step=44870 train=2.13618 val=None lr=8.15345e-05
2026-09-30 21:46:23,731 step=44880 train=2.17220 val=None lr=8.14801e-05
2026-09-30 21:46:24,365 step=44890 train=1.94253 val=None lr=8.14257e-05
2026-09-30 21:46:25,175 step=44900 train=2.25386 val=1.9841373920440675 lr=8.13713e-05
2026-09-30 21:46:25,699 step=44910 train=2.15049 val=None lr=8.1317e-05
2026-09-30 21:46:26,212 step=44920 train=2.26089 val=None lr=8.12627e-05
2026-09-30 21:46:26,801 step=44930 train=2.16957 val=None lr=8.12084e-05
2026-09-30 21:46:27,341 step=44940 train=2.04497 val=None lr=8.11541e-05
2026-09-30 21:46:27,910 step=44950 train=1.98809 val=None lr=8.10998e-05
2026-09-30 21:46:28,449 step=44960 train=2.22979 val=None lr=8.10456e-05
2026-09-30 21:46:29,007 step=44970 train=1.96715 val=None lr=8.09914e-05
2026-09-30 21:46:29,734 step=44980 train=1.92672 val=None lr=8.09372e-05
2026-09-30 21:46:30,515 step=44990 train=1.90880 val=None lr=8.0883e-05
2026-09-30 21:46:29,349 step=45000 train=2.14583 val=1.9826950669288634 lr=8.08289e-05
2026-09-30 21:46:30,443 step=45010 train=2.01918 val=None lr=8.07748e-05
2026-09-30 21:46:31,182 step=45020 train=2.24671 val=None lr=8.07206e-05
2026-09-30 21:46:31,934 step=45030 train=2.04680 val=None lr=8.06666e-05
2026-09-30 21:46:32,574 step=45040 train=2.19674 val=None lr=8.06125e-05
2026-09-30 21:46:33,151 step=45050 train=1.81890 val=None lr=8.05585e-05
2026-09-30 21:46:33,772 step=45060 train=2.27311 val=None lr=8.05045e-05
2026-09-30 21:46:34,287 step=45070 train=1.81307 val=None lr=8.04505e-05
2026-09-30 21:46:34,955 step=45080 train=2.03099 val=None lr=8.03965e-05
2026-09-30 21:46:35,503 step=45090 train=1.80439 val=None lr=8.03425e-05
2026-09-30 21:46:36,542 step=45100 train=2.37154 val=1.9818809390068055 lr=8.02886e-05
2026-09-30 21:46:37,338 step=45110 train=1.91525 val=None lr=8.02347e-05
2026-09-30 21:46:37,916 step=45120 train=1.72717 val=None lr=8.01808e-05
2026-09-30 21:46:38,567 step=45130 train=2.09596 val=None lr=8.0127e-05
2026-09-30 21:46:39,149 step=45140 train=1.70458 val=None lr=8.00731e-05
2026-09-30 21:46:39,759 step=45150 train=2.20549 val=None lr=8.00193e-05
2026-09-30 21:46:40,249 step=45160 train=1.92254 val=None lr=7.99655e-05
2026-09-30 21:46:40,895 step=45170 train=1.87216 val=None lr=7.99118e-05
2026-09-30 21:46:41,567 step=45180 train=1.92346 val=None lr=7.9858e-05
2026-09-30 21:46:42,303 step=45190 train=1.99995 val=None lr=7.98043e-05
2026-09-30 21:46:43,342 step=45200 train=2.20167 val=1.981261318922043 lr=7.97506e-05
2026-09-30 21:46:44,006 step=45210 train=2.15638 val=None lr=7.96969e-05
2026-09-30 21:46:44,831 step=45220 train=1.76443 val=None lr=7.96433e-05
2026-09-30 21:46:45,568 step=45230 train=2.00608 val=None lr=7.95896e-05
2026-09-30 21:46:46,146 step=45240 train=2.03023 val=None lr=7.9536e-05
2026-09-30 21:46:46,696 step=45250 train=2.03126 val=None lr=7.94824e-05
2026-09-30 21:46:47,407 step=45260 train=1.94655 val=None lr=7.94289e-05
2026-09-30 21:46:47,998 step=45270 train=1.79715 val=None lr=7.93753e-05
2026-09-30 21:46:48,632 step=45280 train=1.93695 val=None lr=7.93218e-05
2026-09-30 21:46:49,154 step=45290 train=1.90108 val=None lr=7.92683e-05
2026-09-30 21:46:49,984 step=45300 train=1.92416 val=1.9825655817985535 lr=7.92148e-05
2026-09-30 21:46:50,663 step=45310 train=2.11364 val=None lr=7.91614e-05
2026-09-30 21:46:51,208 step=45320 train=1.98529 val=None lr=7.91079e-05
2026-09-30 21:46:51,750 step=45330 train=1.87634 val=None lr=7.90545e-05
2026-09-30 21:46:52,285 step=45340 train=2.08155 val=None lr=7.90011e-05
2026-09-30 21:46:52,952 step=45350 train=1.94828 val=None lr=7.89478e-05
2026-09-30 21:46:53,517 step=45360 train=1.97541 val=None lr=7.88944e-05
2026-09-30 21:46:54,128 step=45370 train=2.10729 val=None lr=7.88411e-05
2026-09-30 21:46:54,757 step=45380 train=2.00440 val=None lr=7.87878e-05
2026-09-30 21:46:55,343 step=45390 train=1.77489 val=None lr=7.87345e-05
2026-09-30 21:46:56,298 step=45400 train=2.19337 val=1.980667108297348 lr=7.86813e-05
2026-09-30 21:46:56,865 step=45410 train=1.95467 val=None lr=7.86281e-05
2026-09-30 21:46:57,402 step=45420 train=2.17655 val=None lr=7.85748e-05
2026-09-30 21:46:57,925 step=45430 train=2.17766 val=None lr=7.85217e-05
2026-09-30 21:46:58,622 step=45440 train=2.18046 val=None lr=7.84685e-05
2026-09-30 21:46:59,398 step=45450 train=2.04269 val=None lr=7.84154e-05
2026-09-30 21:47:00,044 step=45460 train=2.10299 val=None lr=7.83623e-05
2026-09-30 21:47:00,598 step=45470 train=2.20864 val=None lr=7.83092e-05
2026-09-30 21:47:01,258 step=45480 train=2.12960 val=None lr=7.82561e-05
2026-09-30 21:47:01,870 step=45490 train=2.06851 val=None lr=7.8203e-05
2026-09-30 21:47:00,568 step=45500 train=1.87105 val=1.9800512611865997 lr=7.815e-05
2026-09-30 21:47:01,464 step=45510 train=2.23231 val=None lr=7.8097e-05
2026-09-30 21:47:02,012 step=45520 train=2.03261 val=None lr=7.8044e-05
2026-09-30 21:47:02,632 step=45530 train=1.89081 val=None lr=7.79911e-05
2026-09-30 21:47:03,283 step=45540 train=2.25981 val=None lr=7.79382e-05
2026-09-30 21:47:03,843 step=45550 train=1.92051 val=None lr=7.78853e-05
2026-09-30 21:47:04,416 step=45560 train=2.20168 val=None lr=7.78324e-05
2026-09-30 21:47:05,088 step=45570 train=1.93787 val=None lr=7.77795e-05
2026-09-30 21:47:05,597 step=45580 train=1.78858 val=None lr=7.77267e-05
2026-09-30 21:47:06,241 step=45590 train=2.18631 val=None lr=7.76738e-05
2026-09-30 21:47:07,216 step=45600 train=2.01009 val=1.977829599380493 lr=7.76211e-05
2026-09-30 21:47:07,733 step=45610 train=1.86754 val=None lr=7.75683e-05
2026-09-30 21:47:08,266 step=45620 train=2.18028 val=None lr=7.75155e-05
2026-09-30 21:47:08,842 step=45630 train=2.03483 val=None lr=7.74628e-05
2026-09-30 21:47:09,392 step=45640 train=2.07291 val=None lr=7.74101e-05
2026-09-30 21:47:10,030 step=45650 train=1.85321 val=None lr=7.73574e-05
2026-09-30 21:47:10,597 step=45660 train=1.96878 val=None lr=7.73048e-05
2026-09-30 21:47:11,220 step=45670 train=1.74595 val=None lr=7.72521e-05
2026-09-30 21:47:11,842 step=45680 train=2.00088 val=None lr=7.71995e-05
2026-09-30 21:47:12,534 step=45690 train=1.98256 val=None lr=7.71469e-05
2026-09-30 21:47:13,566 step=45700 train=1.91740 val=1.9777798354625702 lr=7.70944e-05
2026-09-30 21:47:14,108 step=45710 train=1.92753 val=None lr=7.70418e-05
2026-09-30 21:47:14,634 step=45720 train=2.29985 val=None lr=7.69893e-05
2026-09-30 21:47:15,183 step=45730 train=1.90955 val=None lr=7.69368e-05
2026-09-30 21:47:15,712 step=45740 train=2.09132 val=None lr=7.68844e-05
2026-09-30 21:47:16,415 step=45750 train=2.17498 val=None lr=7.68319e-05
2026-09-30 21:47:16,960 step=45760 train=2.00905 val=None lr=7.67795e-05
2026-09-30 21:47:17,568 step=45770 train=2.05360 val=None lr=7.67271e-05
2026-09-30 21:47:18,126 step=45780 train=1.72704 val=None lr=7.66747e-05
2026-09-30 21:47:18,648 step=45790 train=2.31091 val=None lr=7.66223e-05
2026-09-30 21:47:19,676 step=45800 train=2.15703 val=1.9812380015850066 lr=7.657e-05
2026-09-30 21:47:20,346 step=45810 train=2.19583 val=None lr=7.65177e-05
2026-09-30 21:47:20,976 step=45820 train=1.94145 val=None lr=7.64654e-05
2026-09-30 21:47:21,664 step=45830 train=1.85307 val=None lr=7.64132e-05
2026-09-30 21:47:22,368 step=45840 train=2.07880 val=None lr=7.63609e-05
2026-09-30 21:47:23,024 step=45850 train=2.05040 val=None lr=7.63087e-05
2026-09-30 21:47:23,526 step=45860 train=1.77999 val=None lr=7.62565e-05
2026-09-30 21:47:24,101 step=45870 train=2.19144 val=None lr=7.62043e-05
2026-09-30 21:47:24,719 step=45880 train=1.76359 val=None lr=7.61522e-05
2026-09-30 21:47:25,224 step=45890 train=2.17976 val=None lr=7.61001e-05
2026-09-30 21:47:26,179 step=45900 train=1.96642 val=1.977294671535492 lr=7.6048e-05
2026-09-30 21:47:26,737 step=45910 train=1.79249 val=None lr=7.59959e-05
2026-09-30 21:47:27,390 step=45920 train=2.04491 val=None lr=7.59439e-05
2026-09-30 21:47:28,001 step=45930 train=1.82765 val=None lr=7.58918e-05
2026-09-30 21:47:28,606 step=45940 train=2.14482 val=None lr=7.58398e-05
2026-09-30 21:47:29,189 step=45950 train=2.08124 val=None lr=7.57878e-05
2026-09-30 21:47:29,725 step=45960 train=2.26084 val=None lr=7.57359e-05
2026-09-30 21:47:30,248 step=45970 train=2.15021 val=None lr=7.56839e-05
2026-09-30 21:47:30,842 step=45980 train=2.29746 val=None lr=7.5632e-05
2026-09-30 21:47:31,669 step=45990 train=2.16560 val=None lr=7.55802e-05
2026-09-30 21:47:30,250 step=46000 train=2.05698 val=1.9774215638637542 lr=7.55283e-05
2026-09-30 21:47:31,232 step=46010 train=2.11709 val=None lr=7.54764e-05
2026-09-30 21:47:31,910 step=46020 train=2.18001 val=None lr=7.54246e-05
2026-09-30 21:47:32,619 step=46030 train=1.89763 val=None lr=7.53728e-05
2026-09-30 21:47:33,186 step=46040 train=2.07873 val=None lr=7.53211e-05
2026-09-30 21:47:33,703 step=46050 train=1.97117 val=None lr=7.52693e-05
2026-09-30 21:47:34,329 step=46060 train=2.14535 val=None lr=7.52176e-05
2026-09-30 21:47:34,883 step=46070 train=2.18820 val=None lr=7.51659e-05
2026-09-30 21:47:35,499 step=46080 train=1.93333 val=None lr=7.51142e-05
2026-09-30 21:47:36,132 step=46090 train=1.97861 val=None lr=7.50626e-05
2026-09-30 21:47:36,990 step=46100 train=2.14410 val=1.9778465569019317 lr=7.50109e-05
2026-09-30 21:47:37,631 step=46110 train=1.98269 val=None lr=7.49593e-05
2026-09-30 21:47:38,361 step=46120 train=1.79087 val=None lr=7.49078e-05
2026-09-30 21:47:39,035 step=46130 train=2.15718 val=None lr=7.48562e-05
2026-09-30 21:47:39,743 step=46140 train=2.08362 val=None lr=7.48047e-05
2026-09-30 21:47:40,492 step=46150 train=2.13380 val=None lr=7.47532e-05
2026-09-30 21:47:41,059 step=46160 train=2.15007 val=None lr=7.47017e-05
2026-09-30 21:47:41,691 step=46170 train=2.03396 val=None lr=7.46502e-05
2026-09-30 21:47:42,236 step=46180 train=2.12307 val=None lr=7.45988e-05
2026-09-30 21:47:42,890 step=46190 train=2.19012 val=None lr=7.45474e-05
2026-09-30 21:47:43,962 step=46200 train=1.92721 val=1.9771390080451965 lr=7.4496e-05
2026-09-30 21:47:44,487 step=46210 train=1.95191 val=None lr=7.44446e-05
2026-09-30 21:47:45,165 step=46220 train=2.09451 val=None lr=7.43933e-05
2026-09-30 21:47:45,680 step=46230 train=1.82123 val=None lr=7.43419e-05
2026-09-30 21:47:46,359 step=46240 train=1.94642 val=None lr=7.42907e-05
2026-09-30 21:47:46,902 step=46250 train=1.92481 val=None lr=7.42394e-05
2026-09-30 21:47:47,426 step=46260 train=2.29068 val=None lr=7.41881e-05
2026-09-30 21:47:48,074 step=46270 train=1.91074 val=None lr=7.41369e-05
2026-09-30 21:47:48,697 step=46280 train=2.26908 val=None lr=7.40857e-05
2026-09-30 21:47:49,256 step=46290 train=2.02447 val=None lr=7.40345e-05
2026-09-30 21:47:50,453 step=46300 train=1.94679 val=1.9765223562717438 lr=7.39834e-05
2026-09-30 21:47:51,165 step=46310 train=2.16214 val=None lr=7.39323e-05
2026-09-30 21:47:51,995 step=46320 train=1.87092 val=None lr=7.38812e-05
2026-09-30 21:47:52,611 step=46330 train=1.92851 val=None lr=7.38301e-05
2026-09-30 21:47:53,200 step=46340 train=2.05893 val=None lr=7.3779e-05
2026-09-30 21:47:53,813 step=46350 train=1.90803 val=None lr=7.3728e-05
2026-09-30 21:47:54,347 step=46360 train=2.01095 val=None lr=7.3677e-05
2026-09-30 21:47:54,869 step=46370 train=2.10582 val=None lr=7.3626e-05
2026-09-30 21:47:55,420 step=46380 train=2.15370 val=None lr=7.3575e-05
2026-09-30 21:47:56,006 step=46390 train=1.96973 val=None lr=7.35241e-05
2026-09-30 21:47:56,957 step=46400 train=2.19146 val=1.9758967518806458 lr=7.34732e-05
2026-09-30 21:47:57,577 step=46410 train=1.94527 val=None lr=7.34223e-05
2026-09-30 21:47:58,219 step=46420 train=2.01882 val=None lr=7.33714e-05
2026-09-30 21:47:58,804 step=46430 train=1.91849 val=None lr=7.33206e-05
2026-09-30 21:47:59,475 step=46440 train=1.98325 val=None lr=7.32698e-05
2026-09-30 21:48:00,051 step=46450 train=2.36638 val=None lr=7.3219e-05
2026-09-30 21:48:00,667 step=46460 train=1.92933 val=None lr=7.31682e-05
2026-09-30 21:48:01,324 step=46470 train=2.33044 val=None lr=7.31175e-05
2026-09-30 21:48:01,917 step=46480 train=1.84697 val=None lr=7.30668e-05
2026-09-30 21:48:00,142 step=46490 train=2.13348 val=None lr=7.30161e-05
2026-09-30 21:48:00,998 step=46500 train=2.47703 val=1.9741991579532623 lr=7.29654e-05
2026-09-30 21:48:01,837 step=46510 train=1.92960 val=None lr=7.29147e-05
2026-09-30 21:48:02,529 step=46520 train=2.08555 val=None lr=7.28641e-05
2026-09-30 21:48:03,513 step=46530 train=2.16784 val=None lr=7.28135e-05
2026-09-30 21:48:04,050 step=46540 train=1.82951 val=None lr=7.2763e-05
2026-09-30 21:48:04,666 step=46550 train=2.45281 val=None lr=7.27124e-05
2026-09-30 21:48:05,301 step=46560 train=2.04919 val=None lr=7.26619e-05
2026-09-30 21:48:05,852 step=46570 train=2.03413 val=None lr=7.26114e-05
2026-09-30 21:48:06,410 step=46580 train=2.08737 val=None lr=7.25609e-05
2026-09-30 21:48:07,050 step=46590 train=1.81197 val=None lr=7.25105e-05
2026-09-30 21:48:08,063 step=46600 train=1.93774 val=1.9745594322681428 lr=7.246e-05
2026-09-30 21:48:08,549 step=46610 train=1.80116 val=None lr=7.24096e-05
2026-09-30 21:48:09,291 step=46620 train=2.15266 val=None lr=7.23592e-05
2026-09-30 21:48:09,910 step=46630 train=1.87917 val=None lr=7.23089e-05
2026-09-30 21:48:10,482 step=46640 train=2.00563 val=None lr=7.22586e-05
2026-09-30 21:48:10,985 step=46650 train=1.86901 val=None lr=7.22083e-05
2026-09-30 21:48:11,593 step=46660 train=2.30249 val=None lr=7.2158e-05
2026-09-30 21:48:12,174 step=46670 train=1.87815 val=None lr=7.21077e-05
2026-09-30 21:48:12,682 step=46680 train=2.09781 val=None lr=7.20575e-05
2026-09-30 21:48:13,184 step=46690 train=2.02373 val=None lr=7.20073e-05
2026-09-30 21:48:14,016 step=46700 train=2.01230 val=1.9758165895938873 lr=7.19571e-05
2026-09-30 21:48:14,662 step=46710 train=2.14252 val=None lr=7.19069e-05
2026-09-30 21:48:15,214 step=46720 train=2.21414 val=None lr=7.18568e-05
2026-09-30 21:48:15,821 step=46730 train=1.94036 val=None lr=7.18067e-05
2026-09-30 21:48:16,430 step=46740 train=1.95062 val=None lr=7.17566e-05
2026-09-30 21:48:16,997 step=46750 train=1.89363 val=None lr=7.17065e-05
2026-09-30 21:48:17,587 step=46760 train=2.13460 val=None lr=7.16565e-05
2026-09-30 21:48:18,173 step=46770 train=1.94610 val=None lr=7.16065e-05
2026-09-30 21:48:18,936 step=46780 train=1.79881 val=None lr=7.15565e-05
2026-09-30 21:48:19,512 step=46790 train=1.98877 val=None lr=7.15065e-05
2026-09-30 21:48:20,515 step=46800 train=1.97469 val=1.9736209869384767 lr=7.14566e-05
2026-09-30 21:48:21,134 step=46810 train=2.06650 val=None lr=7.14067e-05
2026-09-30 21:48:21,815 step=46820 train=1.90045 val=None lr=7.13568e-05
2026-09-30 21:48:22,468 step=46830 train=2.09404 val=None lr=7.13069e-05
2026-09-30 21:48:22,964 step=46840 train=2.49539 val=None lr=7.12571e-05
2026-09-30 21:48:23,584 step=46850 train=1.99861 val=None lr=7.12073e-05
2026-09-30 21:48:24,340 step=46860 train=2.15260 val=None lr=7.11575e-05
2026-09-30 21:48:24,980 step=46870 train=1.95806 val=None lr=7.11077e-05
2026-09-30 21:48:25,531 step=46880 train=2.03510 val=None lr=7.1058e-05
2026-09-30 21:48:26,077 step=46890 train=1.99027 val=None lr=7.10083e-05
2026-09-30 21:48:26,848 step=46900 train=1.80409 val=1.9746563136577606 lr=7.09586e-05
2026-09-30 21:48:27,571 step=46910 train=2.21788 val=None lr=7.09089e-05
2026-09-30 21:48:28,461 step=46920 train=2.00307 val=None lr=7.08593e-05
2026-09-30 21:48:29,120 step=46930 train=2.12713 val=None lr=7.08097e-05
2026-09-30 21:48:29,708 step=46940 train=1.82630 val=None lr=7.07601e-05
2026-09-30 21:48:30,365 step=46950 train=1.95605 val=None lr=7.07105e-05
2026-09-30 21:48:30,993 step=46960 train=2.16031 val=None lr=7.0661e-05
2026-09-30 21:48:31,586 step=46970 train=2.52596 val=None lr=7.06114e-05
2026-09-30 21:48:32,149 step=46980 train=1.74407 val=None lr=7.05619e-05
2026-09-30 21:48:30,420 step=46990 train=1.89787 val=None lr=7.05125e-05
2026-09-30 21:48:31,323 step=47000 train=2.08765 val=1.9719923555850982 lr=7.0463e-05
2026-09-30 21:48:32,169 step=47010 train=2.03500 val=None lr=7.04136e-05
2026-09-30 21:48:32,725 step=47020 train=2.10380 val=None lr=7.03642e-05
2026-09-30 21:48:33,306 step=47030 train=2.01337 val=None lr=7.03148e-05
2026-09-30 21:48:34,132 step=47040 train=1.99344 val=None lr=7.02655e-05
2026-09-30 21:48:34,708 step=47050 train=1.81913 val=None lr=7.02162e-05
2026-09-30 21:48:35,512 step=47060 train=1.86905 val=None lr=7.01669e-05
2026-09-30 21:48:36,268 step=47070 train=1.97395 val=None lr=7.01176e-05
2026-09-30 21:48:36,907 step=47080 train=1.78825 val=None lr=7.00684e-05
2026-09-30 21:48:37,520 step=47090 train=2.32524 val=None lr=7.00192e-05
2026-09-30 21:48:38,442 step=47100 train=1.91283 val=1.9721930742263794 lr=6.997e-05
2026-09-30 21:48:39,070 step=47110 train=2.24457 val=None lr=6.99208e-05
2026-09-30 21:48:39,712 step=47120 train=1.75990 val=None lr=6.98717e-05
2026-09-30 21:48:40,277 step=47130 train=2.07399 val=None lr=6.98225e-05
2026-09-30 21:48:40,901 step=47140 train=2.02712 val=None lr=6.97734e-05
2026-09-30 21:48:41,493 step=47150 train=2.04682 val=None lr=6.97244e-05
2026-09-30 21:48:41,993 step=47160 train=2.08930 val=None lr=6.96753e-05
2026-09-30 21:48:42,681 step=47170 train=1.77724 val=None lr=6.96263e-05
2026-09-30 21:48:43,201 step=47180 train=2.03526 val=None lr=6.95773e-05
2026-09-30 21:48:43,894 step=47190 train=1.96280 val=None lr=6.95283e-05
2026-09-30 21:48:44,779 step=47200 train=2.09967 val=1.9713805317878723 lr=6.94794e-05
2026-09-30 21:48:45,413 step=47210 train=2.28480 val=None lr=6.94305e-05
2026-09-30 21:48:45,898 step=47220 train=1.83902 val=None lr=6.93816e-05
2026-09-30 21:48:46,447 step=47230 train=1.67974 val=None lr=6.93327e-05
2026-09-30 21:48:47,165 step=47240 train=1.71816 val=None lr=6.92839e-05
2026-09-30 21:48:47,820 step=47250 train=1.87119 val=None lr=6.92351e-05
2026-09-30 21:48:48,461 step=47260 train=2.11709 val=None lr=6.91863e-05
2026-09-30 21:48:49,205 step=47270 train=2.07443 val=None lr=6.91375e-05
2026-09-30 21:48:50,079 step=47280 train=2.13089 val=None lr=6.90888e-05
2026-09-30 21:48:50,708 step=47290 train=1.90105 val=None lr=6.904e-05
2026-09-30 21:48:51,696 step=47300 train=1.79416 val=1.9712587654590608 lr=6.89913e-05
2026-09-30 21:48:52,203 step=47310 train=1.83851 val=None lr=6.89427e-05
2026-09-30 21:48:52,812 step=47320 train=2.13721 val=None lr=6.8894e-05
2026-09-30 21:48:53,332 step=47330 train=2.13718 val=None lr=6.88454e-05
2026-09-30 21:48:53,951 step=47340 train=2.00196 val=None lr=6.87968e-05
2026-09-30 21:48:54,554 step=47350 train=2.01241 val=None lr=6.87483e-05
2026-09-30 21:48:55,158 step=47360 train=2.18137 val=None lr=6.86997e-05
2026-09-30 21:48:55,768 step=47370 train=2.01621 val=None lr=6.86512e-05
2026-09-30 21:48:56,346 step=47380 train=1.86178 val=None lr=6.86027e-05
2026-09-30 21:48:56,874 step=47390 train=2.01735 val=None lr=6.85543e-05
2026-09-30 21:48:57,676 step=47400 train=2.10673 val=1.9724069237709045 lr=6.85058e-05
2026-09-30 21:48:58,228 step=47410 train=2.05437 val=None lr=6.84574e-05
2026-09-30 21:48:58,886 step=47420 train=1.99582 val=None lr=6.8409e-05
2026-09-30 21:48:59,458 step=47430 train=2.14806 val=None lr=6.83607e-05
2026-09-30 21:49:00,039 step=47440 train=1.88163 val=None lr=6.83123e-05
2026-09-30 21:49:00,637 step=47450 train=2.02976 val=None lr=6.8264e-05
2026-09-30 21:49:01,424 step=47460 train=1.82720 val=None lr=6.82157e-05
2026-09-30 21:49:02,094 step=47470 train=1.94943 val=None lr=6.81675e-05
2026-09-30 21:49:02,613 step=47480 train=2.03845 val=None lr=6.81192e-05
2026-09-30 21:49:00,945 step=47490 train=1.96174 val=None lr=6.8071e-05
2026-09-30 21:49:02,039 step=47500 train=2.32199 val=1.9702987730503083 lr=6.80228e-05
2026-09-30 21:49:02,838 step=47510 train=2.03672 val=None lr=6.79747e-05
2026-09-30 21:49:03,419 step=47520 train=1.95820 val=None lr=6.79265e-05
2026-09-30 21:49:03,994 step=47530 train=2.12735 val=None lr=6.78784e-05
2026-09-30 21:49:04,498 step=47540 train=2.02885 val=None lr=6.78304e-05
2026-09-30 21:49:05,050 step=47550 train=2.05859 val=None lr=6.77823e-05
2026-09-30 21:49:05,613 step=47560 train=1.95541 val=None lr=6.77343e-05
2026-09-30 21:49:06,132 step=47570 train=2.09511 val=None lr=6.76863e-05
2026-09-30 21:49:06,715 step=47580 train=1.76787 val=None lr=6.76383e-05
2026-09-30 21:49:07,383 step=47590 train=1.95287 val=None lr=6.75903e-05
2026-09-30 21:49:08,198 step=47600 train=2.10151 val=1.9706823348999023 lr=6.75424e-05
2026-09-30 21:49:08,737 step=47610 train=2.11119 val=None lr=6.74945e-05
2026-09-30 21:49:09,257 step=47620 train=1.94298 val=None lr=6.74466e-05
2026-09-30 21:49:09,882 step=47630 train=2.01168 val=None lr=6.73988e-05
2026-09-30 21:49:10,561 step=47640 train=1.97863 val=None lr=6.73509e-05
2026-09-30 21:49:11,311 step=47650 train=2.14788 val=None lr=6.73031e-05
2026-09-30 21:49:11,972 step=47660 train=1.98643 val=None lr=6.72554e-05
2026-09-30 21:49:12,579 step=47670 train=1.93100 val=None lr=6.72076e-05
2026-09-30 21:49:13,206 step=47680 train=2.26716 val=None lr=6.71599e-05
2026-09-30 21:49:13,847 step=47690 train=2.09906 val=None lr=6.71122e-05
2026-09-30 21:49:15,047 step=47700 train=1.89030 val=1.9709189414978028 lr=6.70645e-05
2026-09-30 21:49:15,663 step=47710 train=2.21015 val=None lr=6.70169e-05
2026-09-30 21:49:16,287 step=47720 train=1.95509 val=None lr=6.69693e-05
2026-09-30 21:49:16,886 step=47730 train=1.96186 val=None lr=6.69217e-05
2026-09-30 21:49:17,598 step=47740 train=2.02068 val=None lr=6.68741e-05
2026-09-30 21:49:18,196 step=47750 train=1.77983 val=None lr=6.68266e-05
2026-09-30 21:49:18,878 step=47760 train=2.03937 val=None lr=6.6779e-05
2026-09-30 21:49:19,400 step=47770 train=2.10951 val=None lr=6.67316e-05
2026-09-30 21:49:20,051 step=47780 train=1.90870 val=None lr=6.66841e-05
2026-09-30 21:49:20,671 step=47790 train=1.97217 val=None lr=6.66366e-05
2026-09-30 21:49:21,737 step=47800 train=2.01440 val=1.9699519753456116 lr=6.65892e-05
2026-09-30 21:49:22,500 step=47810 train=1.97417 val=None lr=6.65418e-05
2026-09-30 21:49:23,062 step=47820 train=2.03975 val=None lr=6.64945e-05
2026-09-30 21:49:23,637 step=47830 train=1.77779 val=None lr=6.64472e-05
2026-09-30 21:49:24,282 step=47840 train=1.77171 val=None lr=6.63998e-05
2026-09-30 21:49:24,979 step=47850 train=1.99021 val=None lr=6.63526e-05
2026-09-30 21:49:25,866 step=47860 train=2.12537 val=None lr=6.63053e-05
2026-09-30 21:49:26,561 step=47870 train=1.72113 val=None lr=6.62581e-05
2026-09-30 21:49:27,152 step=47880 train=2.03032 val=None lr=6.62109e-05
2026-09-30 21:49:27,842 step=47890 train=2.02315 val=None lr=6.61637e-05
2026-09-30 21:49:28,732 step=47900 train=2.10618 val=1.9709093868732452 lr=6.61165e-05
2026-09-30 21:49:29,439 step=47910 train=1.86190 val=None lr=6.60694e-05
2026-09-30 21:49:30,077 step=47920 train=2.00189 val=None lr=6.60223e-05
2026-09-30 21:49:30,652 step=47930 train=1.87334 val=None lr=6.59752e-05
2026-09-30 21:49:31,214 step=47940 train=1.95075 val=None lr=6.59282e-05
2026-09-30 21:49:31,849 step=47950 train=1.95597 val=None lr=6.58812e-05
2026-09-30 21:49:32,402 step=47960 train=1.92014 val=None lr=6.58342e-05
2026-09-30 21:49:32,917 step=47970 train=2.39777 val=None lr=6.57872e-05
2026-09-30 21:49:31,210 step=47980 train=2.00314 val=None lr=6.57402e-05
2026-09-30 21:49:31,842 step=47990 train=2.00565 val=None lr=6.56933e-05
2026-09-30 21:49:32,959 step=48000 train=2.00089 val=1.9691458523273468 lr=6.56464e-05
2026-09-30 21:49:33,877 step=48010 train=2.20289 val=None lr=6.55996e-05
2026-09-30 21:49:34,503 step=48020 train=2.00613 val=None lr=6.55527e-05
2026-09-30 21:49:35,119 step=48030 train=1.97071 val=None lr=6.55059e-05
2026-09-30 21:49:35,668 step=48040 train=2.15445 val=None lr=6.54591e-05
2026-09-30 21:49:36,194 step=48050 train=2.13397 val=None lr=6.54124e-05
2026-09-30 21:49:36,825 step=48060 train=1.72905 val=None lr=6.53656e-05
2026-09-30 21:49:37,424 step=48070 train=1.97969 val=None lr=6.53189e-05
2026-09-30 21:49:37,949 step=48080 train=1.86460 val=None lr=6.52722e-05
2026-09-30 21:49:38,473 step=48090 train=2.20059 val=None lr=6.52256e-05
2026-09-30 21:49:39,368 step=48100 train=1.99605 val=1.9684520781040191 lr=6.51789e-05
2026-09-30 21:49:39,993 step=48110 train=1.96618 val=None lr=6.51323e-05
2026-09-30 21:49:40,651 step=48120 train=1.90805 val=None lr=6.50857e-05
2026-09-30 21:49:41,200 step=48130 train=2.06065 val=None lr=6.50392e-05
2026-09-30 21:49:41,769 step=48140 train=1.88847 val=None lr=6.49927e-05
2026-09-30 21:49:42,382 step=48150 train=1.81068 val=None lr=6.49462e-05
2026-09-30 21:49:43,045 step=48160 train=1.91726 val=None lr=6.48997e-05
2026-09-30 21:49:43,690 step=48170 train=2.11933 val=None lr=6.48533e-05
2026-09-30 21:49:44,217 step=48180 train=2.05431 val=None lr=6.48068e-05
2026-09-30 21:49:44,783 step=48190 train=2.04002 val=None lr=6.47604e-05
2026-09-30 21:49:45,731 step=48200 train=1.73610 val=1.9677769362926483 lr=6.47141e-05
2026-09-30 21:49:46,276 step=48210 train=2.24032 val=None lr=6.46677e-05
2026-09-30 21:49:46,842 step=48220 train=1.99175 val=None lr=6.46214e-05
2026-09-30 21:49:47,441 step=48230 train=1.88127 val=None lr=6.45751e-05
2026-09-30 21:49:48,139 step=48240 train=1.89192 val=None lr=6.45289e-05
2026-09-30 21:49:48,820 step=48250 train=1.99964 val=None lr=6.44826e-05
2026-09-30 21:49:49,452 step=48260 train=1.77165 val=None lr=6.44364e-05
2026-09-30 21:49:49,993 step=48270 train=1.97362 val=None lr=6.43902e-05
2026-09-30 21:49:50,483 step=48280 train=2.11236 val=None lr=6.43441e-05
2026-09-30 21:49:51,089 step=48290 train=1.99752 val=None lr=6.42979e-05
2026-09-30 21:49:51,881 step=48300 train=2.10097 val=1.969215339422226 lr=6.42518e-05
2026-09-30 21:49:52,428 step=48310 train=1.90996 val=None lr=6.42058e-05
2026-09-30 21:49:52,993 step=48320 train=1.87269 val=None lr=6.41597e-05
2026-09-30 21:49:53,547 step=48330 train=2.01066 val=None lr=6.41137e-05
2026-09-30 21:49:54,088 step=48340 train=2.15227 val=None lr=6.40677e-05
2026-09-30 21:49:54,776 step=48350 train=1.89945 val=None lr=6.40217e-05
2026-09-30 21:49:55,321 step=48360 train=1.89641 val=None lr=6.39758e-05
2026-09-30 21:49:55,901 step=48370 train=1.87053 val=None lr=6.39299e-05
2026-09-30 21:49:56,475 step=48380 train=2.20609 val=None lr=6.3884e-05
2026-09-30 21:49:57,018 step=48390 train=2.11703 val=None lr=6.38381e-05
2026-09-30 21:49:57,922 step=48400 train=1.97368 val=1.9671765685081481 lr=6.37923e-05
2026-09-30 21:49:58,430 step=48410 train=1.83890 val=None lr=6.37465e-05
2026-09-30 21:49:59,181 step=48420 train=1.87388 val=None lr=6.37007e-05
2026-09-30 21:49:59,845 step=48430 train=1.68702 val=None lr=6.36549e-05
2026-09-30 21:50:00,491 step=48440 train=1.95195 val=None lr=6.36092e-05
2026-09-30 21:50:01,078 step=48450 train=2.09144 val=None lr=6.35635e-05
2026-09-30 21:50:01,625 step=48460 train=2.10858 val=None lr=6.35178e-05
2026-09-30 21:50:02,188 step=48470 train=1.94338 val=None lr=6.34721e-05
2026-09-30 21:50:02,721 step=48480 train=1.94150 val=None lr=6.34265e-05
2026-09-30 21:50:01,013 step=48490 train=1.95389 val=None lr=6.33809e-05
2026-09-30 21:50:02,044 step=48500 train=1.84393 val=1.9653705179691314 lr=6.33354e-05
2026-09-30 21:50:03,074 step=48510 train=1.94005 val=None lr=6.32898e-05
2026-09-30 21:50:03,785 step=48520 train=2.05913 val=None lr=6.32443e-05
2026-09-30 21:50:04,264 step=48530 train=2.24057 val=None lr=6.31988e-05
2026-09-30 21:50:04,936 step=48540 train=2.00618 val=None lr=6.31533e-05
2026-09-30 21:50:05,666 step=48550 train=1.98254 val=None lr=6.31079e-05
2026-09-30 21:50:06,289 step=48560 train=2.15201 val=None lr=6.30625e-05
2026-09-30 21:50:06,976 step=48570 train=2.13706 val=None lr=6.30171e-05
2026-09-30 21:50:07,673 step=48580 train=1.95978 val=None lr=6.29717e-05
2026-09-30 21:50:08,292 step=48590 train=1.87935 val=None lr=6.29264e-05
2026-09-30 21:50:09,507 step=48600 train=1.84471 val=1.9648001968860627 lr=6.28811e-05
2026-09-30 21:50:10,247 step=48610 train=1.83816 val=None lr=6.28358e-05
2026-09-30 21:50:10,840 step=48620 train=2.24750 val=None lr=6.27906e-05
2026-09-30 21:50:11,558 step=48630 train=1.93949 val=None lr=6.27454e-05
2026-09-30 21:50:12,031 step=48640 train=2.09219 val=None lr=6.27002e-05
2026-09-30 21:50:12,699 step=48650 train=1.88950 val=None lr=6.2655e-05
2026-09-30 21:50:13,181 step=48660 train=1.76768 val=None lr=6.26099e-05
2026-09-30 21:50:13,768 step=48670 train=1.97347 val=None lr=6.25647e-05
2026-09-30 21:50:14,609 step=48680 train=1.92269 val=None lr=6.25197e-05
2026-09-30 21:50:15,316 step=48690 train=2.04839 val=None lr=6.24746e-05
2026-09-30 21:50:16,145 step=48700 train=2.13183 val=1.9652591109275819 lr=6.24296e-05
2026-09-30 21:50:16,709 step=48710 train=1.93726 val=None lr=6.23846e-05
2026-09-30 21:50:17,308 step=48720 train=2.25765 val=None lr=6.23396e-05
2026-09-30 21:50:17,940 step=48730 train=1.90020 val=None lr=6.22946e-05
2026-09-30 21:50:18,540 step=48740 train=2.02273 val=None lr=6.22497e-05
2026-09-30 21:50:19,098 step=48750 train=2.00754 val=None lr=6.22048e-05
2026-09-30 21:50:19,762 step=48760 train=2.10462 val=None lr=6.21599e-05
2026-09-30 21:50:20,445 step=48770 train=2.23512 val=None lr=6.21151e-05
2026-09-30 21:50:21,188 step=48780 train=2.06235 val=None lr=6.20703e-05
2026-09-30 21:50:21,690 step=48790 train=1.97935 val=None lr=6.20255e-05
2026-09-30 21:50:22,679 step=48800 train=2.20142 val=1.963660341501236 lr=6.19807e-05
2026-09-30 21:50:23,363 step=48810 train=1.73679 val=None lr=6.1936e-05
2026-09-30 21:50:23,832 step=48820 train=1.87819 val=None lr=6.18913e-05
2026-09-30 21:50:24,353 step=48830 train=2.20126 val=None lr=6.18466e-05
2026-09-30 21:50:24,954 step=48840 train=2.02915 val=None lr=6.18019e-05
2026-09-30 21:50:25,527 step=48850 train=1.88056 val=None lr=6.17573e-05
2026-09-30 21:50:26,096 step=48860 train=1.92543 val=None lr=6.17127e-05
2026-09-30 21:50:26,902 step=48870 train=2.14274 val=None lr=6.16681e-05
2026-09-30 21:50:27,492 step=48880 train=2.13487 val=None lr=6.16236e-05
2026-09-30 21:50:28,196 step=48890 train=2.06377 val=None lr=6.15791e-05
2026-09-30 21:50:29,075 step=48900 train=2.08376 val=1.962239545583725 lr=6.15346e-05
2026-09-30 21:50:29,813 step=48910 train=1.87954 val=None lr=6.14901e-05
2026-09-30 21:50:30,451 step=48920 train=1.85884 val=None lr=6.14457e-05
2026-09-30 21:50:31,063 step=48930 train=2.01284 val=None lr=6.14012e-05
2026-09-30 21:50:31,756 step=48940 train=2.09918 val=None lr=6.13569e-05
2026-09-30 21:50:32,421 step=48950 train=1.74978 val=None lr=6.13125e-05
2026-09-30 21:50:33,128 step=48960 train=1.84788 val=None lr=6.12682e-05
2026-09-30 21:50:31,545 step=48970 train=1.84557 val=None lr=6.12239e-05
2026-09-30 21:50:32,089 step=48980 train=2.10259 val=None lr=6.11796e-05
2026-09-30 21:50:32,785 step=48990 train=1.97456 val=None lr=6.11354e-05
2026-09-30 21:50:33,743 step=49000 train=1.86389 val=1.9629868984222412 lr=6.10911e-05
2026-09-30 21:50:34,682 step=49010 train=2.10115 val=None lr=6.10469e-05
2026-09-30 21:50:35,366 step=49020 train=2.12254 val=None lr=6.10028e-05
2026-09-30 21:50:35,925 step=49030 train=2.17538 val=None lr=6.09586e-05
2026-09-30 21:50:36,543 step=49040 train=1.83604 val=None lr=6.09145e-05
2026-09-30 21:50:37,149 step=49050 train=1.92251 val=None lr=6.08705e-05
2026-09-30 21:50:37,745 step=49060 train=1.65452 val=None lr=6.08264e-05
2026-09-30 21:50:38,399 step=49070 train=2.07352 val=None lr=6.07824e-05
2026-09-30 21:50:38,967 step=49080 train=2.05033 val=None lr=6.07384e-05
2026-09-30 21:50:39,657 step=49090 train=1.73953 val=None lr=6.06944e-05
2026-09-30 21:50:40,818 step=49100 train=2.21261 val=1.9638335347175597 lr=6.06505e-05
2026-09-30 21:50:41,351 step=49110 train=2.26832 val=None lr=6.06065e-05
2026-09-30 21:50:42,027 step=49120 train=2.15292 val=None lr=6.05626e-05
2026-09-30 21:50:42,602 step=49130 train=1.72683 val=None lr=6.05188e-05
2026-09-30 21:50:43,201 step=49140 train=2.09308 val=None lr=6.04749e-05
2026-09-30 21:50:43,819 step=49150 train=2.02334 val=None lr=6.04311e-05
2026-09-30 21:50:44,376 step=49160 train=1.84241 val=None lr=6.03874e-05
2026-09-30 21:50:45,051 step=49170 train=2.30088 val=None lr=6.03436e-05
2026-09-30 21:50:45,566 step=49180 train=1.95227 val=None lr=6.02999e-05
2026-09-30 21:50:46,171 step=49190 train=1.95355 val=None lr=6.02562e-05
2026-09-30 21:50:47,023 step=49200 train=1.96538 val=1.9630374014377594 lr=6.02125e-05
2026-09-30 21:50:47,536 step=49210 train=2.04224 val=None lr=6.01689e-05
2026-09-30 21:50:48,102 step=49220 train=2.54294 val=None lr=6.01253e-05
2026-09-30 21:50:48,709 step=49230 train=1.86233 val=None lr=6.00817e-05
2026-09-30 21:50:49,303 step=49240 train=2.05654 val=None lr=6.00381e-05
2026-09-30 21:50:49,990 step=49250 train=1.72357 val=None lr=5.99946e-05
2026-09-30 21:50:50,657 step=49260 train=1.88659 val=None lr=5.99511e-05
2026-09-30 21:50:51,244 step=49270 train=1.94198 val=None lr=5.99076e-05
2026-09-30 21:50:51,867 step=49280 train=2.03474 val=None lr=5.98641e-05
2026-09-30 21:50:52,489 step=49290 train=2.20098 val=None lr=5.98207e-05
2026-09-30 21:50:53,467 step=49300 train=1.87985 val=1.9619708061218262 lr=5.97773e-05
2026-09-30 21:50:53,992 step=49310 train=1.89217 val=None lr=5.9734e-05
2026-09-30 21:50:54,580 step=49320 train=1.82500 val=None lr=5.96906e-05
2026-09-30 21:50:55,173 step=49330 train=1.81204 val=None lr=5.96473e-05
2026-09-30 21:50:55,782 step=49340 train=2.29145 val=None lr=5.9604e-05
2026-09-30 21:50:56,548 step=49350 train=1.99800 val=None lr=5.95608e-05
2026-09-30 21:50:57,079 step=49360 train=2.26398 val=None lr=5.95175e-05
2026-09-30 21:50:57,668 step=49370 train=1.89336 val=None lr=5.94743e-05
2026-09-30 21:50:58,298 step=49380 train=1.95177 val=None lr=5.94312e-05
2026-09-30 21:50:58,833 step=49390 train=2.31310 val=None lr=5.9388e-05
2026-09-30 21:50:59,759 step=49400 train=1.98539 val=1.96285383105278 lr=5.93449e-05
2026-09-30 21:51:00,380 step=49410 train=2.18342 val=None lr=5.93018e-05
2026-09-30 21:51:01,018 step=49420 train=2.11144 val=None lr=5.92588e-05
2026-09-30 21:51:01,609 step=49430 train=2.00056 val=None lr=5.92157e-05
2026-09-30 21:51:02,165 step=49440 train=1.87794 val=None lr=5.91727e-05
2026-09-30 21:51:02,780 step=49450 train=1.92031 val=None lr=5.91297e-05
2026-09-30 21:51:03,317 step=49460 train=2.08040 val=None lr=5.90868e-05
2026-09-30 21:51:01,542 step=49470 train=2.05204 val=None lr=5.90439e-05
2026-09-30 21:51:02,096 step=49480 train=1.83931 val=None lr=5.9001e-05
2026-09-30 21:51:02,663 step=49490 train=2.10073 val=None lr=5.89581e-05
2026-09-30 21:51:03,631 step=49500 train=2.00920 val=1.961037015914917 lr=5.89153e-05
2026-09-30 21:51:04,548 step=49510 train=1.97559 val=None lr=5.88725e-05
2026-09-30 21:51:05,123 step=49520 train=2.13432 val=None lr=5.88297e-05
2026-09-30 21:51:05,808 step=49530 train=1.98605 val=None lr=5.87869e-05
2026-09-30 21:51:06,703 step=49540 train=1.85842 val=None lr=5.87442e-05
2026-09-30 21:51:07,423 step=49550 train=1.80573 val=None lr=5.87015e-05
2026-09-30 21:51:08,110 step=49560 train=2.09119 val=None lr=5.86588e-05
2026-09-30 21:51:08,665 step=49570 train=2.14864 val=None lr=5.86162e-05
2026-09-30 21:51:09,168 step=49580 train=2.25491 val=None lr=5.85736e-05
2026-09-30 21:51:09,704 step=49590 train=1.80528 val=None lr=5.8531e-05
2026-09-30 21:51:10,639 step=49600 train=1.84057 val=1.9598275601863862 lr=5.84884e-05
2026-09-30 21:51:11,195 step=49610 train=2.07814 val=None lr=5.84459e-05
2026-09-30 21:51:11,825 step=49620 train=2.17035 val=None lr=5.84034e-05
2026-09-30 21:51:12,422 step=49630 train=1.82013 val=None lr=5.83609e-05
2026-09-30 21:51:13,019 step=49640 train=1.99708 val=None lr=5.83185e-05
2026-09-30 21:51:13,582 step=49650 train=2.09017 val=None lr=5.8276e-05
2026-09-30 21:51:14,178 step=49660 train=2.11732 val=None lr=5.82337e-05
2026-09-30 21:51:14,756 step=49670 train=1.79750 val=None lr=5.81913e-05
2026-09-30 21:51:15,359 step=49680 train=1.86512 val=None lr=5.8149e-05
2026-09-30 21:51:15,950 step=49690 train=2.18127 val=None lr=5.81067e-05
2026-09-30 21:51:16,882 step=49700 train=2.03496 val=1.9591898798942566 lr=5.80644e-05
2026-09-30 21:51:17,494 step=49710 train=1.82417 val=None lr=5.80221e-05
2026-09-30 21:51:18,300 step=49720 train=2.02946 val=None lr=5.79799e-05
2026-09-30 21:51:18,873 step=49730 train=1.93078 val=None lr=5.79377e-05
2026-09-30 21:51:19,593 step=49740 train=2.00708 val=None lr=5.78955e-05
2026-09-30 21:51:20,221 step=49750 train=1.72446 val=None lr=5.78534e-05
2026-09-30 21:51:20,773 step=49760 train=1.84826 val=None lr=5.78113e-05
2026-09-30 21:51:21,384 step=49770 train=2.02406 val=None lr=5.77692e-05
2026-09-30 21:51:22,040 step=49780 train=1.94761 val=None lr=5.77272e-05
2026-09-30 21:51:22,786 step=49790 train=1.89353 val=None lr=5.76851e-05
2026-09-30 21:51:23,604 step=49800 train=2.09226 val=1.9600588142871858 lr=5.76431e-05
2026-09-30 21:51:24,283 step=49810 train=1.89522 val=None lr=5.76012e-05
2026-09-30 21:51:24,915 step=49820 train=1.94753 val=None lr=5.75592e-05
2026-09-30 21:51:25,552 step=49830 train=2.07436 val=None lr=5.75173e-05
2026-09-30 21:51:26,435 step=49840 train=2.20544 val=None lr=5.74754e-05
2026-09-30 21:51:27,139 step=49850 train=1.85404 val=None lr=5.74336e-05
2026-09-30 21:51:27,808 step=49860 train=2.00790 val=None lr=5.73918e-05
2026-09-30 21:51:28,435 step=49870 train=2.00131 val=None lr=5.735e-05
2026-09-30 21:51:29,087 step=49880 train=1.99089 val=None lr=5.73082e-05
2026-09-30 21:51:29,619 step=49890 train=1.82831 val=None lr=5.72664e-05
2026-09-30 21:51:30,463 step=49900 train=2.00132 val=1.9604586780071258 lr=5.72247e-05
2026-09-30 21:51:31,083 step=49910 train=1.98085 val=None lr=5.7183e-05
2026-09-30 21:51:31,744 step=49920 train=2.07889 val=None lr=5.71414e-05
2026-09-30 21:51:32,371 step=49930 train=1.77949 val=None lr=5.70998e-05
2026-09-30 21:51:32,944 step=49940 train=2.35101 val=None lr=5.70582e-05
2026-09-30 21:51:33,453 step=49950 train=1.89146 val=None lr=5.70166e-05
2026-09-30 21:51:31,727 step=49960 train=1.79085 val=None lr=5.6975e-05
2026-09-30 21:51:32,240 step=49970 train=1.97765 val=None lr=5.69335e-05
2026-09-30 21:51:32,993 step=49980 train=2.06878 val=None lr=5.6892e-05
2026-09-30 21:51:33,657 step=49990 train=1.92866 val=None lr=5.68506e-05
2026-09-30 21:51:34,599 step=50000 train=2.01216 val=1.9580153226852417 lr=5.68092e-05
2026-09-30 21:51:35,391 step=50010 train=2.17732 val=None lr=5.67678e-05
2026-09-30 21:51:35,990 step=50020 train=2.25269 val=None lr=5.67264e-05
2026-09-30 21:51:36,633 step=50030 train=1.98692 val=None lr=5.6685e-05
2026-09-30 21:51:37,247 step=50040 train=2.21752 val=None lr=5.66437e-05
2026-09-30 21:51:37,932 step=50050 train=2.06072 val=None lr=5.66024e-05
2026-09-30 21:51:38,585 step=50060 train=1.95937 val=None lr=5.65612e-05
2026-09-30 21:51:39,290 step=50070 train=2.09538 val=None lr=5.652e-05
2026-09-30 21:51:39,875 step=50080 train=1.95998 val=None lr=5.64788e-05
2026-09-30 21:51:40,640 step=50090 train=2.01005 val=None lr=5.64376e-05
2026-09-30 21:51:41,554 step=50100 train=1.92021 val=1.9584330916404724 lr=5.63964e-05
2026-09-30 21:51:42,185 step=50110 train=1.84668 val=None lr=5.63553e-05
2026-09-30 21:51:42,838 step=50120 train=1.98296 val=None lr=5.63142e-05
2026-09-30 21:51:43,498 step=50130 train=2.11426 val=None lr=5.62732e-05
2026-09-30 21:51:44,031 step=50140 train=1.86511 val=None lr=5.62321e-05
2026-09-30 21:51:44,627 step=50150 train=2.08213 val=None lr=5.61911e-05
2026-09-30 21:51:45,337 step=50160 train=2.02559 val=None lr=5.61502e-05
2026-09-30 21:51:45,887 step=50170 train=2.19518 val=None lr=5.61092e-05
2026-09-30 21:51:46,493 step=50180 train=2.18426 val=None lr=5.60683e-05
2026-09-30 21:51:47,095 step=50190 train=1.84036 val=None lr=5.60274e-05
2026-09-30 21:51:47,853 step=50200 train=2.04956 val=1.9584448158740997 lr=5.59866e-05
2026-09-30 21:51:48,567 step=50210 train=2.04318 val=None lr=5.59457e-05
2026-09-30 21:51:49,204 step=50220 train=1.79025 val=None lr=5.59049e-05
2026-09-30 21:51:50,011 step=50230 train=1.88571 val=None lr=5.58642e-05
2026-09-30 21:51:50,708 step=50240 train=1.92724 val=None lr=5.58234e-05
2026-09-30 21:51:51,434 step=50250 train=1.99421 val=None lr=5.57827e-05
2026-09-30 21:51:52,134 step=50260 train=1.86815 val=None lr=5.5742e-05
2026-09-30 21:51:52,766 step=50270 train=2.01004 val=None lr=5.57014e-05
2026-09-30 21:51:53,398 step=50280 train=2.09267 val=None lr=5.56607e-05
2026-09-30 21:51:54,012 step=50290 train=2.06383 val=None lr=5.56201e-05
2026-09-30 21:51:54,850 step=50300 train=1.96667 val=1.9590732336044312 lr=5.55796e-05
2026-09-30 21:51:55,391 step=50310 train=2.19963 val=None lr=5.5539e-05
2026-09-30 21:51:55,912 step=50320 train=1.96864 val=None lr=5.54985e-05
2026-09-30 21:51:56,468 step=50330 train=2.16794 val=None lr=5.5458e-05
2026-09-30 21:51:57,024 step=50340 train=2.22760 val=None lr=5.54176e-05
2026-09-30 21:51:57,551 step=50350 train=1.84226 val=None lr=5.53771e-05
2026-09-30 21:51:58,300 step=50360 train=2.11302 val=None lr=5.53367e-05
2026-09-30 21:51:58,970 step=50370 train=1.84729 val=None lr=5.52964e-05
2026-09-30 21:51:59,549 step=50380 train=2.25400 val=None lr=5.5256e-05
2026-09-30 21:52:00,185 step=50390 train=1.87880 val=None lr=5.52157e-05
2026-09-30 21:52:01,153 step=50400 train=1.93446 val=1.9576225996017456 lr=5.51754e-05
2026-09-30 21:52:01,754 step=50410 train=2.01332 val=None lr=5.51352e-05
2026-09-30 21:52:02,315 step=50420 train=2.04026 val=None lr=5.5095e-05
2026-09-30 21:52:02,924 step=50430 train=2.12935 val=None lr=5.50548e-05
2026-09-30 21:52:03,499 step=50440 train=1.85628 val=None lr=5.50146e-05
2026-09-30 21:52:01,989 step=50450 train=2.02422 val=None lr=5.49745e-05
2026-09-30 21:52:02,553 step=50460 train=2.28010 val=None lr=5.49344e-05
2026-09-30 21:52:03,133 step=50470 train=2.10741 val=None lr=5.48943e-05
2026-09-30 21:52:03,758 step=50480 train=2.21864 val=None lr=5.48542e-05
2026-09-30 21:52:04,450 step=50490 train=1.96032 val=None lr=5.48142e-05
2026-09-30 21:52:05,383 step=50500 train=2.08348 val=1.9570482134819032 lr=5.47742e-05
2026-09-30 21:52:06,308 step=50510 train=2.23975 val=None lr=5.47342e-05
2026-09-30 21:52:06,891 step=50520 train=2.09657 val=None lr=5.46943e-05
2026-09-30 21:52:07,661 step=50530 train=1.81849 val=None lr=5.46544e-05
2026-09-30 21:52:08,260 step=50540 train=2.23274 val=None lr=5.46145e-05
2026-09-30 21:52:08,832 step=50550 train=2.10442 val=None lr=5.45747e-05
2026-09-30 21:52:09,357 step=50560 train=1.85455 val=None lr=5.45349e-05
2026-09-30 21:52:09,960 step=50570 train=1.93520 val=None lr=5.44951e-05
2026-09-30 21:52:10,504 step=50580 train=1.89186 val=None lr=5.44553e-05
2026-09-30 21:52:11,116 step=50590 train=2.02487 val=None lr=5.44156e-05
2026-09-30 21:52:11,974 step=50600 train=2.25661 val=1.9586146235466004 lr=5.43759e-05
2026-09-30 21:52:12,572 step=50610 train=2.10744 val=None lr=5.43362e-05
2026-09-30 21:52:13,119 step=50620 train=2.34618 val=None lr=5.42966e-05
2026-09-30 21:52:13,723 step=50630 train=2.17503 val=None lr=5.42569e-05
2026-09-30 21:52:14,254 step=50640 train=2.02034 val=None lr=5.42174e-05
2026-09-30 21:52:14,761 step=50650 train=2.10060 val=None lr=5.41778e-05
2026-09-30 21:52:15,454 step=50660 train=2.04177 val=None lr=5.41383e-05
2026-09-30 21:52:16,031 step=50670 train=2.03099 val=None lr=5.40988e-05
2026-09-30 21:52:16,602 step=50680 train=1.62527 val=None lr=5.40593e-05
2026-09-30 21:52:17,233 step=50690 train=2.00850 val=None lr=5.40199e-05
2026-09-30 21:52:18,117 step=50700 train=2.03879 val=1.9557466626167297 lr=5.39805e-05
2026-09-30 21:52:18,657 step=50710 train=2.17209 val=None lr=5.39411e-05
2026-09-30 21:52:19,376 step=50720 train=2.29935 val=None lr=5.39017e-05
2026-09-30 21:52:19,871 step=50730 train=1.88470 val=None lr=5.38624e-05
2026-09-30 21:52:20,374 step=50740 train=2.16439 val=None lr=5.38231e-05
2026-09-30 21:52:20,921 step=50750 train=1.91032 val=None lr=5.37838e-05
2026-09-30 21:52:21,427 step=50760 train=1.79751 val=None lr=5.37446e-05
2026-09-30 21:52:21,905 step=50770 train=1.93903 val=None lr=5.37054e-05
2026-09-30 21:52:22,448 step=50780 train=2.12732 val=None lr=5.36662e-05
2026-09-30 21:52:23,026 step=50790 train=1.80317 val=None lr=5.36271e-05
2026-09-30 21:52:23,919 step=50800 train=2.01113 val=1.9565993964672088 lr=5.35879e-05
2026-09-30 21:52:24,477 step=50810 train=2.20136 val=None lr=5.35489e-05
2026-09-30 21:52:24,976 step=50820 train=2.26506 val=None lr=5.35098e-05
2026-09-30 21:52:25,556 step=50830 train=1.78235 val=None lr=5.34708e-05
2026-09-30 21:52:26,089 step=50840 train=2.09302 val=None lr=5.34318e-05
2026-09-30 21:52:26,720 step=50850 train=2.08085 val=None lr=5.33928e-05
2026-09-30 21:52:27,310 step=50860 train=1.83646 val=None lr=5.33539e-05
2026-09-30 21:52:27,920 step=50870 train=2.22181 val=None lr=5.33149e-05
2026-09-30 21:52:28,636 step=50880 train=2.19851 val=None lr=5.32761e-05
2026-09-30 21:52:29,286 step=50890 train=1.82765 val=None lr=5.32372e-05
2026-09-30 21:52:30,227 step=50900 train=2.17544 val=1.957383006811142 lr=5.31984e-05
2026-09-30 21:52:30,811 step=50910 train=1.98570 val=None lr=5.31596e-05
2026-09-30 21:52:31,487 step=50920 train=1.72503 val=None lr=5.31208e-05
2026-09-30 21:52:32,103 step=50930 train=2.02116 val=None lr=5.30821e-05
2026-09-30 21:52:32,559 step=50940 train=2.43379 val=None lr=5.30434e-05
2026-09-30 21:52:33,151 step=50950 train=1.81543 val=None lr=5.30047e-05
2026-09-30 21:52:33,786 step=50960 train=2.03932 val=None lr=5.2966e-05
2026-09-30 21:52:32,100 step=50970 train=2.01211 val=None lr=5.29274e-05
2026-09-30 21:52:32,789 step=50980 train=1.89061 val=None lr=5.28888e-05
2026-09-30 21:52:33,336 step=50990 train=1.91902 val=None lr=5.28503e-05
2026-09-30 21:52:34,061 step=51000 train=1.88861 val=1.956533282995224 lr=5.28117e-05
2026-09-30 21:52:35,016 step=51010 train=1.95152 val=None lr=5.27732e-05
2026-09-30 21:52:35,633 step=51020 train=2.06081 val=None lr=5.27348e-05
2026-09-30 21:52:36,416 step=51030 train=2.01459 val=None lr=5.26963e-05
2026-09-30 21:52:36,949 step=51040 train=2.18262 val=None lr=5.26579e-05
2026-09-30 21:52:37,624 step=51050 train=2.04208 val=None lr=5.26195e-05
2026-09-30 21:52:38,373 step=51060 train=2.02506 val=None lr=5.25812e-05
2026-09-30 21:52:39,038 step=51070 train=2.20161 val=None lr=5.25429e-05
2026-09-30 21:52:39,691 step=51080 train=1.97436 val=None lr=5.25046e-05
2026-09-30 21:52:40,421 step=51090 train=1.94553 val=None lr=5.24663e-05
2026-09-30 21:52:41,248 step=51100 train=1.94947 val=1.956527990102768 lr=5.24281e-05
2026-09-30 21:52:41,803 step=51110 train=1.98166 val=None lr=5.23899e-05
2026-09-30 21:52:42,315 step=51120 train=1.76792 val=None lr=5.23517e-05
2026-09-30 21:52:42,910 step=51130 train=1.85614 val=None lr=5.23135e-05
2026-09-30 21:52:43,505 step=51140 train=2.03914 val=None lr=5.22754e-05
2026-09-30 21:52:44,189 step=51150 train=2.01151 val=None lr=5.22373e-05
2026-09-30 21:52:44,729 step=51160 train=2.03884 val=None lr=5.21993e-05
2026-09-30 21:52:45,354 step=51170 train=1.93143 val=None lr=5.21613e-05
2026-09-30 21:52:46,065 step=51180 train=2.04300 val=None lr=5.21233e-05
2026-09-30 21:52:46,768 step=51190 train=1.95793 val=None lr=5.20853e-05
2026-09-30 21:52:47,938 step=51200 train=1.91950 val=1.9567322254180908 lr=5.20474e-05
2026-09-30 21:52:48,562 step=51210 train=2.11138 val=None lr=5.20094e-05
2026-09-30 21:52:49,240 step=51220 train=2.10692 val=None lr=5.19716e-05
2026-09-30 21:52:49,813 step=51230 train=2.16282 val=None lr=5.19337e-05
2026-09-30 21:52:50,362 step=51240 train=2.05478 val=None lr=5.18959e-05
2026-09-30 21:52:50,984 step=51250 train=1.98682 val=None lr=5.18581e-05
2026-09-30 21:52:51,727 step=51260 train=2.02904 val=None lr=5.18203e-05
2026-09-30 21:52:52,369 step=51270 train=2.05055 val=None lr=5.17826e-05
2026-09-30 21:52:53,074 step=51280 train=1.88754 val=None lr=5.17449e-05
2026-09-30 21:52:53,812 step=51290 train=2.27596 val=None lr=5.17072e-05
2026-09-30 21:52:54,730 step=51300 train=2.00528 val=1.9547472953796388 lr=5.16696e-05
2026-09-30 21:52:55,373 step=51310 train=1.96297 val=None lr=5.1632e-05
2026-09-30 21:52:56,122 step=51320 train=2.13078 val=None lr=5.15944e-05
2026-09-30 21:52:56,646 step=51330 train=1.85958 val=None lr=5.15569e-05
2026-09-30 21:52:57,360 step=51340 train=2.19553 val=None lr=5.15193e-05
2026-09-30 21:52:58,268 step=51350 train=2.20394 val=None lr=5.14818e-05
2026-09-30 21:52:58,860 step=51360 train=2.13039 val=None lr=5.14444e-05
2026-09-30 21:52:59,401 step=51370 train=2.02737 val=None lr=5.1407e-05
2026-09-30 21:53:00,185 step=51380 train=2.05523 val=None lr=5.13696e-05
2026-09-30 21:53:00,712 step=51390 train=1.93178 val=None lr=5.13322e-05
2026-09-30 21:53:01,559 step=51400 train=2.07548 val=1.9534975230693816 lr=5.12948e-05
2026-09-30 21:53:02,231 step=51410 train=2.02230 val=None lr=5.12575e-05
2026-09-30 21:53:02,732 step=51420 train=1.96343 val=None lr=5.12202e-05
2026-09-30 21:53:03,415 step=51430 train=1.94083 val=None lr=5.1183e-05
2026-09-30 21:53:03,944 step=51440 train=1.99023 val=None lr=5.11458e-05
2026-09-30 21:53:02,255 step=51450 train=1.77535 val=None lr=5.11086e-05
2026-09-30 21:53:02,819 step=51460 train=2.02511 val=None lr=5.10714e-05
2026-09-30 21:53:03,407 step=51470 train=2.27307 val=None lr=5.10343e-05
2026-09-30 21:53:04,130 step=51480 train=1.82861 val=None lr=5.09972e-05
2026-09-30 21:53:04,692 step=51490 train=2.07100 val=None lr=5.09601e-05
2026-09-30 21:53:05,687 step=51500 train=2.16642 val=1.9537907183170318 lr=5.09231e-05
2026-09-30 21:53:06,610 step=51510 train=1.86561 val=None lr=5.08861e-05
2026-09-30 21:53:07,157 step=51520 train=1.88655 val=None lr=5.08491e-05
2026-09-30 21:53:07,780 step=51530 train=2.22419 val=None lr=5.08121e-05
2026-09-30 21:53:08,479 step=51540 train=1.83341 val=None lr=5.07752e-05
2026-09-30 21:53:08,961 step=51550 train=1.85441 val=None lr=5.07383e-05
2026-09-30 21:53:09,495 step=51560 train=2.09319 val=None lr=5.07014e-05
2026-09-30 21:53:10,123 step=51570 train=1.97504 val=None lr=5.06646e-05
2026-09-30 21:53:10,725 step=51580 train=1.92990 val=None lr=5.06278e-05
2026-09-30 21:53:11,412 step=51590 train=1.94132 val=None lr=5.0591e-05
2026-09-30 21:53:12,353 step=51600 train=1.71175 val=1.9540361642837525 lr=5.05543e-05
2026-09-30 21:53:13,094 step=51610 train=1.88057 val=None lr=5.05176e-05
2026-09-30 21:53:13,651 step=51620 train=1.87518 val=None lr=5.04809e-05
2026-09-30 21:53:14,327 step=51630 train=2.08734 val=None lr=5.04443e-05
2026-09-30 21:53:14,920 step=51640 train=2.14007 val=None lr=5.04076e-05
2026-09-30 21:53:15,558 step=51650 train=2.02026 val=None lr=5.0371e-05
2026-09-30 21:53:16,117 step=51660 train=2.16923 val=None lr=5.03345e-05
2026-09-30 21:53:16,937 step=51670 train=2.06698 val=None lr=5.02979e-05
2026-09-30 21:53:17,488 step=51680 train=1.94743 val=None lr=5.02614e-05
2026-09-30 21:53:18,046 step=51690 train=1.87508 val=None lr=5.0225e-05
2026-09-30 21:53:18,840 step=51700 train=1.83037 val=1.954116952419281 lr=5.01885e-05
2026-09-30 21:53:19,480 step=51710 train=2.04915 val=None lr=5.01521e-05
2026-09-30 21:53:20,076 step=51720 train=1.96595 val=None lr=5.01157e-05
2026-09-30 21:53:20,661 step=51730 train=1.91284 val=None lr=5.00794e-05
2026-09-30 21:53:21,172 step=51740 train=2.26896 val=None lr=5.00431e-05
2026-09-30 21:53:21,658 step=51750 train=2.26133 val=None lr=5.00068e-05
2026-09-30 21:53:22,197 step=51760 train=1.97636 val=None lr=4.99705e-05
2026-09-30 21:53:22,733 step=51770 train=1.92801 val=None lr=4.99343e-05
2026-09-30 21:53:23,190 step=51780 train=1.97730 val=None lr=4.98981e-05
2026-09-30 21:53:23,877 step=51790 train=2.16811 val=None lr=4.98619e-05
2026-09-30 21:53:24,727 step=51800 train=2.00829 val=1.9538072288036346 lr=4.98258e-05
2026-09-30 21:53:25,299 step=51810 train=1.80221 val=None lr=4.97897e-05
2026-09-30 21:53:25,958 step=51820 train=2.02555 val=None lr=4.97536e-05
2026-09-30 21:53:26,687 step=51830 train=2.14993 val=None lr=4.97176e-05
2026-09-30 21:53:27,277 step=51840 train=2.11817 val=None lr=4.96815e-05
2026-09-30 21:53:27,956 step=51850 train=1.94532 val=None lr=4.96456e-05
2026-09-30 21:53:28,561 step=51860 train=2.09267 val=None lr=4.96096e-05
2026-09-30 21:53:29,119 step=51870 train=1.73244 val=None lr=4.95737e-05
2026-09-30 21:53:29,690 step=51880 train=1.67091 val=None lr=4.95378e-05
2026-09-30 21:53:30,197 step=51890 train=2.27096 val=None lr=4.95019e-05
2026-09-30 21:53:30,918 step=51900 train=2.00044 val=1.9540038764476777 lr=4.94661e-05
2026-09-30 21:53:31,417 step=51910 train=2.06421 val=None lr=4.94303e-05
2026-09-30 21:53:32,217 step=51920 train=2.32804 val=None lr=4.93945e-05
2026-09-30 21:53:32,859 step=51930 train=1.95017 val=None lr=4.93588e-05
2026-09-30 21:53:33,325 step=51940 train=1.84240 val=None lr=4.93231e-05
2026-09-30 21:53:34,021 step=51950 train=2.07884 val=None lr=4.92874e-05
2026-09-30 21:53:34,563 step=51960 train=2.04033 val=None lr=4.92517e-05
2026-09-30 21:53:32,754 step=51970 train=1.92059 val=None lr=4.92161e-05
2026-09-30 21:53:33,307 step=51980 train=1.93752 val=None lr=4.91805e-05
2026-09-30 21:53:33,925 step=51990 train=1.94969 val=None lr=4.91449e-05
2026-09-30 21:53:34,775 step=52000 train=2.28203 val=1.9519638955593108 lr=4.91094e-05
2026-09-30 21:53:35,605 step=52010 train=2.21902 val=None lr=4.90739e-05
2026-09-30 21:53:36,156 step=52020 train=2.13217 val=None lr=4.90384e-05
2026-09-30 21:53:36,867 step=52030 train=2.19942 val=None lr=4.9003e-05
2026-09-30 21:53:37,373 step=52040 train=2.10414 val=None lr=4.89676e-05
2026-09-30 21:53:38,142 step=52050 train=1.90301 val=None lr=4.89322e-05
2026-09-30 21:53:38,779 step=52060 train=2.15444 val=None lr=4.88969e-05
2026-09-30 21:53:39,270 step=52070 train=2.19617 val=None lr=4.88616e-05
2026-09-30 21:53:39,806 step=52080 train=2.28922 val=None lr=4.88263e-05
2026-09-30 21:53:40,347 step=52090 train=2.07244 val=None lr=4.8791e-05
2026-09-30 21:53:41,171 step=52100 train=2.27299 val=1.95250523686409 lr=4.87558e-05
2026-09-30 21:53:41,658 step=52110 train=1.78995 val=None lr=4.87206e-05
2026-09-30 21:53:42,322 step=52120 train=1.84173 val=None lr=4.86854e-05
2026-09-30 21:53:42,786 step=52130 train=2.12146 val=None lr=4.86503e-05
2026-09-30 21:53:43,396 step=52140 train=2.00461 val=None lr=4.86152e-05
2026-09-30 21:53:43,932 step=52150 train=1.93371 val=None lr=4.85801e-05
2026-09-30 21:53:44,582 step=52160 train=1.89821 val=None lr=4.85451e-05
2026-09-30 21:53:45,059 step=52170 train=1.99685 val=None lr=4.85101e-05
2026-09-30 21:53:45,595 step=52180 train=1.91474 val=None lr=4.84751e-05
2026-09-30 21:53:46,152 step=52190 train=1.99836 val=None lr=4.84401e-05
2026-09-30 21:53:47,032 step=52200 train=1.83462 val=1.950432139635086 lr=4.84052e-05
2026-09-30 21:53:47,711 step=52210 train=1.84762 val=None lr=4.83703e-05
2026-09-30 21:53:48,329 step=52220 train=1.93683 val=None lr=4.83355e-05
2026-09-30 21:53:48,996 step=52230 train=1.77906 val=None lr=4.83007e-05
2026-09-30 21:53:49,673 step=52240 train=2.01590 val=None lr=4.82659e-05
2026-09-30 21:53:50,461 step=52250 train=2.20563 val=None lr=4.82311e-05
2026-09-30 21:53:51,105 step=52260 train=2.10351 val=None lr=4.81964e-05
2026-09-30 21:53:51,637 step=52270 train=2.03343 val=None lr=4.81617e-05
2026-09-30 21:53:52,285 step=52280 train=2.23117 val=None lr=4.8127e-05
2026-09-30 21:53:52,850 step=52290 train=1.89446 val=None lr=4.80923e-05
2026-09-30 21:53:53,812 step=52300 train=1.78492 val=1.9504086911678313 lr=4.80577e-05
2026-09-30 21:53:54,482 step=52310 train=1.93025 val=None lr=4.80231e-05
2026-09-30 21:53:55,057 step=52320 train=1.90121 val=None lr=4.79886e-05
2026-09-30 21:53:55,657 step=52330 train=1.90774 val=None lr=4.79541e-05
2026-09-30 21:53:56,134 step=52340 train=2.09350 val=None lr=4.79196e-05
2026-09-30 21:53:56,613 step=52350 train=1.89901 val=None lr=4.78851e-05
2026-09-30 21:53:57,178 step=52360 train=2.22496 val=None lr=4.78507e-05
2026-09-30 21:53:57,965 step=52370 train=2.09065 val=None lr=4.78163e-05
2026-09-30 21:53:58,477 step=52380 train=2.07132 val=None lr=4.77819e-05
2026-09-30 21:53:59,007 step=52390 train=1.88010 val=None lr=4.77476e-05
2026-09-30 21:53:59,715 step=52400 train=2.13305 val=1.9508503139019013 lr=4.77133e-05
2026-09-30 21:54:00,265 step=52410 train=2.00648 val=None lr=4.7679e-05
2026-09-30 21:54:00,884 step=52420 train=1.87845 val=None lr=4.76448e-05
2026-09-30 21:54:01,495 step=52430 train=1.96367 val=None lr=4.76106e-05
2026-09-30 21:54:02,129 step=52440 train=2.00790 val=None lr=4.75764e-05
2026-09-30 21:54:02,818 step=52450 train=1.82558 val=None lr=4.75423e-05
2026-09-30 21:54:03,470 step=52460 train=1.94777 val=None lr=4.75081e-05
2026-09-30 21:54:04,133 step=52470 train=2.07916 val=None lr=4.74741e-05
2026-09-30 21:54:04,655 step=52480 train=1.80591 val=None lr=4.744e-05
2026-09-30 21:54:02,954 step=52490 train=2.07184 val=None lr=4.7406e-05
2026-09-30 21:54:03,858 step=52500 train=1.79771 val=1.9494102954864503 lr=4.7372e-05
2026-09-30 21:54:04,752 step=52510 train=1.88267 val=None lr=4.7338e-05
2026-09-30 21:54:05,287 step=52520 train=2.02736 val=None lr=4.73041e-05
2026-09-30 21:54:05,814 step=52530 train=2.15325 val=None lr=4.72702e-05
2026-09-30 21:54:06,403 step=52540 train=2.15523 val=None lr=4.72363e-05
2026-09-30 21:54:06,969 step=52550 train=1.78930 val=None lr=4.72025e-05
2026-09-30 21:54:07,421 step=52560 train=1.76939 val=None lr=4.71687e-05
2026-09-30 21:54:08,010 step=52570 train=1.97799 val=None lr=4.71349e-05
2026-09-30 21:54:08,522 step=52580 train=1.91670 val=None lr=4.71011e-05
2026-09-30 21:54:09,011 step=52590 train=1.89164 val=None lr=4.70674e-05
2026-09-30 21:54:09,996 step=52600 train=2.01591 val=1.9489171147346496 lr=4.70337e-05
2026-09-30 21:54:10,646 step=52610 train=1.97343 val=None lr=4.70001e-05
2026-09-30 21:54:11,238 step=52620 train=2.26937 val=None lr=4.69665e-05
2026-09-30 21:54:11,760 step=52630 train=2.21153 val=None lr=4.69329e-05
2026-09-30 21:54:12,654 step=52640 train=2.04783 val=None lr=4.68993e-05
2026-09-30 21:54:13,453 step=52650 train=2.16032 val=None lr=4.68658e-05
2026-09-30 21:54:14,139 step=52660 train=1.88606 val=None lr=4.68323e-05
2026-09-30 21:54:14,744 step=52670 train=2.20518 val=None lr=4.67988e-05
2026-09-30 21:54:15,299 step=52680 train=2.02060 val=None lr=4.67654e-05
2026-09-30 21:54:15,859 step=52690 train=2.09150 val=None lr=4.6732e-05
2026-09-30 21:54:16,875 step=52700 train=2.20497 val=1.9492588937282562 lr=4.66986e-05
2026-09-30 21:54:17,510 step=52710 train=1.99397 val=None lr=4.66653e-05
2026-09-30 21:54:18,098 step=52720 train=2.04777 val=None lr=4.66319e-05
2026-09-30 21:54:18,882 step=52730 train=1.92385 val=None lr=4.65987e-05
2026-09-30 21:54:19,482 step=52740 train=1.77325 val=None lr=4.65654e-05
2026-09-30 21:54:20,161 step=52750 train=2.02341 val=None lr=4.65322e-05
2026-09-30 21:54:20,830 step=52760 train=1.97111 val=None lr=4.6499e-05
2026-09-30 21:54:21,420 step=52770 train=1.85413 val=None lr=4.64659e-05
2026-09-30 21:54:21,918 step=52780 train=1.94604 val=None lr=4.64327e-05
2026-09-30 21:54:22,534 step=52790 train=2.13173 val=None lr=4.63996e-05
2026-09-30 21:54:23,452 step=52800 train=2.24184 val=1.9469038009643556 lr=4.63666e-05
2026-09-30 21:54:24,156 step=52810 train=2.33762 val=None lr=4.63335e-05
2026-09-30 21:54:24,770 step=52820 train=2.15238 val=None lr=4.63005e-05
2026-09-30 21:54:25,298 step=52830 train=2.06480 val=None lr=4.62676e-05
2026-09-30 21:54:25,844 step=52840 train=1.93231 val=None lr=4.62346e-05
2026-09-30 21:54:26,369 step=52850 train=1.96868 val=None lr=4.62017e-05
2026-09-30 21:54:26,896 step=52860 train=2.27954 val=None lr=4.61689e-05
2026-09-30 21:54:27,418 step=52870 train=2.09906 val=None lr=4.6136e-05
2026-09-30 21:54:28,145 step=52880 train=1.87566 val=None lr=4.61032e-05
2026-09-30 21:54:28,723 step=52890 train=2.02771 val=None lr=4.60704e-05
2026-09-30 21:54:29,696 step=52900 train=1.83063 val=1.9471083164215088 lr=4.60377e-05
2026-09-30 21:54:30,313 step=52910 train=2.09981 val=None lr=4.6005e-05
2026-09-30 21:54:30,781 step=52920 train=1.92998 val=None lr=4.59723e-05
2026-09-30 21:54:31,367 step=52930 train=2.28567 val=None lr=4.59396e-05
2026-09-30 21:54:31,932 step=52940 train=2.19049 val=None lr=4.5907e-05
2026-09-30 21:54:32,435 step=52950 train=1.86687 val=None lr=4.58744e-05
2026-09-30 21:54:33,083 step=52960 train=1.99370 val=None lr=4.58418e-05
2026-09-30 21:54:33,700 step=52970 train=2.04344 val=None lr=4.58093e-05
2026-09-30 21:54:34,252 step=52980 train=2.16229 val=None lr=4.57768e-05
2026-09-30 21:54:34,803 step=52990 train=1.88941 val=None lr=4.57443e-05
2026-09-30 21:54:33,273 step=53000 train=2.00644 val=1.9456990540027619 lr=4.57119e-05
2026-09-30 21:54:34,139 step=53010 train=1.73761 val=None lr=4.56795e-05
2026-09-30 21:54:34,779 step=53020 train=2.01472 val=None lr=4.56471e-05
2026-09-30 21:54:35,278 step=53030 train=1.81711 val=None lr=4.56148e-05
2026-09-30 21:54:35,870 step=53040 train=2.24443 val=None lr=4.55825e-05
2026-09-30 21:54:36,431 step=53050 train=2.27147 val=None lr=4.55502e-05
2026-09-30 21:54:37,094 step=53060 train=1.92931 val=None lr=4.55179e-05
2026-09-30 21:54:37,733 step=53070 train=1.72315 val=None lr=4.54857e-05
2026-09-30 21:54:38,592 step=53080 train=1.99563 val=None lr=4.54535e-05
2026-09-30 21:54:39,161 step=53090 train=2.03159 val=None lr=4.54214e-05
2026-09-30 21:54:40,284 step=53100 train=1.99316 val=1.948397034406662 lr=4.53893e-05
2026-09-30 21:54:40,837 step=53110 train=2.04498 val=None lr=4.53572e-05
2026-09-30 21:54:41,374 step=53120 train=1.96973 val=None lr=4.53251e-05
2026-09-30 21:54:42,035 step=53130 train=2.07860 val=None lr=4.52931e-05
2026-09-30 21:54:42,834 step=53140 train=2.08087 val=None lr=4.52611e-05
2026-09-30 21:54:43,589 step=53150 train=1.86258 val=None lr=4.52291e-05
2026-09-30 21:54:44,238 step=53160 train=2.21809 val=None lr=4.51972e-05
2026-09-30 21:54:44,939 step=53170 train=2.20388 val=None lr=4.51653e-05
2026-09-30 21:54:45,613 step=53180 train=2.03409 val=None lr=4.51334e-05
2026-09-30 21:54:46,240 step=53190 train=2.06987 val=None lr=4.51016e-05
2026-09-30 21:54:47,345 step=53200 train=1.89098 val=1.9470322012901307 lr=4.50698e-05
2026-09-30 21:54:48,008 step=53210 train=2.12265 val=None lr=4.5038e-05
2026-09-30 21:54:48,613 step=53220 train=1.94191 val=None lr=4.50063e-05
2026-09-30 21:54:49,282 step=53230 train=2.07807 val=None lr=4.49745e-05
2026-09-30 21:54:50,145 step=53240 train=2.07754 val=None lr=4.49429e-05
2026-09-30 21:54:50,673 step=53250 train=2.03058 val=None lr=4.49112e-05
2026-09-30 21:54:51,401 step=53260 train=1.98266 val=None lr=4.48796e-05
2026-09-30 21:54:51,897 step=53270 train=2.05792 val=None lr=4.4848e-05
2026-09-30 21:54:52,475 step=53280 train=1.80047 val=None lr=4.48165e-05
2026-09-30 21:54:53,168 step=53290 train=2.13878 val=None lr=4.47849e-05
2026-09-30 21:54:54,101 step=53300 train=1.64308 val=1.9473191559314729 lr=4.47534e-05
2026-09-30 21:54:54,642 step=53310 train=1.91928 val=None lr=4.4722e-05
2026-09-30 21:54:55,174 step=53320 train=2.29653 val=None lr=4.46906e-05
2026-09-30 21:54:55,923 step=53330 train=2.38579 val=None lr=4.46592e-05
2026-09-30 21:54:56,601 step=53340 train=2.13769 val=None lr=4.46278e-05
2026-09-30 21:54:57,412 step=53350 train=2.22598 val=None lr=4.45965e-05
2026-09-30 21:54:58,037 step=53360 train=1.91774 val=None lr=4.45652e-05
2026-09-30 21:54:58,684 step=53370 train=1.98792 val=None lr=4.45339e-05
2026-09-30 21:54:59,350 step=53380 train=2.02100 val=None lr=4.45026e-05
2026-09-30 21:54:59,997 step=53390 train=1.95239 val=None lr=4.44714e-05
2026-09-30 21:55:01,102 step=53400 train=1.90974 val=1.9473475873470307 lr=4.44403e-05
2026-09-30 21:55:01,697 step=53410 train=1.74839 val=None lr=4.44091e-05
2026-09-30 21:55:02,312 step=53420 train=2.02101 val=None lr=4.4378e-05
2026-09-30 21:55:03,038 step=53430 train=1.81413 val=None lr=4.43469e-05
2026-09-30 21:55:03,646 step=53440 train=2.03497 val=None lr=4.43159e-05
2026-09-30 21:55:04,408 step=53450 train=1.78478 val=None lr=4.42849e-05
2026-09-30 21:55:02,902 step=53460 train=1.89889 val=None lr=4.42539e-05
2026-09-30 21:55:03,640 step=53470 train=1.84718 val=None lr=4.42229e-05
2026-09-30 21:55:04,224 step=53480 train=2.03151 val=None lr=4.4192e-05
2026-09-30 21:55:04,923 step=53490 train=1.99682 val=None lr=4.41611e-05
2026-09-30 21:55:05,792 step=53500 train=2.15147 val=1.9466810643672943 lr=4.41303e-05
2026-09-30 21:55:06,622 step=53510 train=2.18007 val=None lr=4.40994e-05
2026-09-30 21:55:07,300 step=53520 train=1.80278 val=None lr=4.40687e-05
2026-09-30 21:55:07,844 step=53530 train=1.86920 val=None lr=4.40379e-05
2026-09-30 21:55:08,513 step=53540 train=1.85053 val=None lr=4.40072e-05
2026-09-30 21:55:09,047 step=53550 train=2.17063 val=None lr=4.39765e-05
2026-09-30 21:55:09,598 step=53560 train=1.84472 val=None lr=4.39458e-05
2026-09-30 21:55:10,162 step=53570 train=1.90762 val=None lr=4.39152e-05
2026-09-30 21:55:10,799 step=53580 train=1.77644 val=None lr=4.38846e-05
2026-09-30 21:55:11,318 step=53590 train=2.05396 val=None lr=4.3854e-05
2026-09-30 21:55:12,290 step=53600 train=1.76125 val=1.9456763327121736 lr=4.38235e-05
2026-09-30 21:55:12,938 step=53610 train=2.09661 val=None lr=4.37929e-05
2026-09-30 21:55:13,590 step=53620 train=2.05755 val=None lr=4.37625e-05
2026-09-30 21:55:14,173 step=53630 train=2.05350 val=None lr=4.3732e-05
2026-09-30 21:55:14,789 step=53640 train=2.02182 val=None lr=4.37016e-05
2026-09-30 21:55:15,489 step=53650 train=2.21003 val=None lr=4.36712e-05
2026-09-30 21:55:16,300 step=53660 train=2.10076 val=None lr=4.36409e-05
2026-09-30 21:55:16,935 step=53670 train=1.90465 val=None lr=4.36106e-05
2026-09-30 21:55:17,596 step=53680 train=2.05468 val=None lr=4.35803e-05
2026-09-30 21:55:18,300 step=53690 train=1.88693 val=None lr=4.355e-05
2026-09-30 21:55:19,245 step=53700 train=1.95119 val=1.9446362197399139 lr=4.35198e-05
2026-09-30 21:55:20,067 step=53710 train=2.04018 val=None lr=4.34896e-05
2026-09-30 21:55:20,669 step=53720 train=2.03888 val=None lr=4.34595e-05
2026-09-30 21:55:21,197 step=53730 train=1.89722 val=None lr=4.34294e-05
2026-09-30 21:55:21,775 step=53740 train=1.78394 val=None lr=4.33993e-05
2026-09-30 21:55:22,294 step=53750 train=1.93315 val=None lr=4.33692e-05
2026-09-30 21:55:22,792 step=53760 train=1.79631 val=None lr=4.33392e-05
2026-09-30 21:55:23,339 step=53770 train=1.93594 val=None lr=4.33092e-05
2026-09-30 21:55:23,890 step=53780 train=2.18539 val=None lr=4.32792e-05
2026-09-30 21:55:24,624 step=53790 train=2.02653 val=None lr=4.32493e-05
2026-09-30 21:55:25,575 step=53800 train=1.92096 val=1.9454390347003936 lr=4.32194e-05
2026-09-30 21:55:26,165 step=53810 train=1.90289 val=None lr=4.31895e-05
2026-09-30 21:55:26,669 step=53820 train=1.88444 val=None lr=4.31597e-05
2026-09-30 21:55:27,361 step=53830 train=2.00648 val=None lr=4.31299e-05
2026-09-30 21:55:27,974 step=53840 train=1.99563 val=None lr=4.31001e-05
2026-09-30 21:55:28,558 step=53850 train=2.00512 val=None lr=4.30704e-05
2026-09-30 21:55:29,135 step=53860 train=2.12353 val=None lr=4.30407e-05
2026-09-30 21:55:29,652 step=53870 train=1.73287 val=None lr=4.3011e-05
2026-09-30 21:55:30,194 step=53880 train=1.92714 val=None lr=4.29813e-05
2026-09-30 21:55:30,773 step=53890 train=1.93474 val=None lr=4.29517e-05
2026-09-30 21:55:31,607 step=53900 train=1.86061 val=1.9455252468585968 lr=4.29222e-05
2026-09-30 21:55:32,247 step=53910 train=2.04040 val=None lr=4.28926e-05
2026-09-30 21:55:32,841 step=53920 train=2.20323 val=None lr=4.28631e-05
2026-09-30 21:55:33,521 step=53930 train=2.34533 val=None lr=4.28336e-05
2026-09-30 21:55:34,013 step=53940 train=2.04227 val=None lr=4.28042e-05
2026-09-30 21:55:34,541 step=53950 train=2.01505 val=None lr=4.27747e-05
2026-09-30 21:55:35,240 step=53960 train=1.91619 val=None lr=4.27454e-05
2026-09-30 21:55:33,627 step=53970 train=2.24399 val=None lr=4.2716e-05
2026-09-30 21:55:34,184 step=53980 train=1.81241 val=None lr=4.26867e-05
2026-09-30 21:55:34,940 step=53990 train=1.88365 val=None lr=4.26574e-05
2026-09-30 21:55:35,720 step=54000 train=2.08070 val=1.9453077018260956 lr=4.26281e-05
2026-09-30 21:55:36,627 step=54010 train=1.96636 val=None lr=4.25989e-05
2026-09-30 21:55:37,172 step=54020 train=2.14891 val=None lr=4.25697e-05
2026-09-30 21:55:37,782 step=54030 train=2.03621 val=None lr=4.25406e-05
2026-09-30 21:55:38,362 step=54040 train=2.01492 val=None lr=4.25114e-05
2026-09-30 21:55:38,936 step=54050 train=2.04548 val=None lr=4.24823e-05
2026-09-30 21:55:39,434 step=54060 train=1.77909 val=None lr=4.24533e-05
2026-09-30 21:55:40,012 step=54070 train=2.01168 val=None lr=4.24242e-05
2026-09-30 21:55:40,610 step=54080 train=1.93069 val=None lr=4.23952e-05
2026-09-30 21:55:41,164 step=54090 train=1.67603 val=None lr=4.23663e-05
2026-09-30 21:55:41,966 step=54100 train=2.13928 val=1.9455448985099792 lr=4.23373e-05
2026-09-30 21:55:42,461 step=54110 train=1.86297 val=None lr=4.23084e-05
2026-09-30 21:55:43,030 step=54120 train=2.04362 val=None lr=4.22796e-05
2026-09-30 21:55:43,594 step=54130 train=1.94720 val=None lr=4.22507e-05
2026-09-30 21:55:44,120 step=54140 train=2.05174 val=None lr=4.22219e-05
2026-09-30 21:55:44,633 step=54150 train=2.04972 val=None lr=4.21931e-05
2026-09-30 21:55:45,146 step=54160 train=2.04300 val=None lr=4.21644e-05
2026-09-30 21:55:45,662 step=54170 train=2.22761 val=None lr=4.21357e-05
2026-09-30 21:55:46,341 step=54180 train=1.90827 val=None lr=4.2107e-05
2026-09-30 21:55:47,110 step=54190 train=1.86770 val=None lr=4.20784e-05
2026-09-30 21:55:48,022 step=54200 train=1.92123 val=1.9450259506702423 lr=4.20498e-05
2026-09-30 21:55:48,742 step=54210 train=2.48680 val=None lr=4.20212e-05
2026-09-30 21:55:49,246 step=54220 train=1.88030 val=None lr=4.19926e-05
2026-09-30 21:55:49,856 step=54230 train=2.11432 val=None lr=4.19641e-05
2026-09-30 21:55:50,531 step=54240 train=1.82086 val=None lr=4.19356e-05
2026-09-30 21:55:51,092 step=54250 train=2.04984 val=None lr=4.19072e-05
2026-09-30 21:55:51,695 step=54260 train=2.32131 val=None lr=4.18788e-05
2026-09-30 21:55:52,326 step=54270 train=1.88983 val=None lr=4.18504e-05
2026-09-30 21:55:52,985 step=54280 train=1.90417 val=None lr=4.1822e-05
2026-09-30 21:55:53,721 step=54290 train=2.02412 val=None lr=4.17937e-05
2026-09-30 21:55:54,842 step=54300 train=2.01328 val=1.9450116157531738 lr=4.17654e-05
2026-09-30 21:55:55,437 step=54310 train=1.96300 val=None lr=4.17372e-05
2026-09-30 21:55:56,025 step=54320 train=2.02357 val=None lr=4.17089e-05
2026-09-30 21:55:56,538 step=54330 train=2.18988 val=None lr=4.16808e-05
2026-09-30 21:55:57,023 step=54340 train=2.28160 val=None lr=4.16526e-05
2026-09-30 21:55:57,646 step=54350 train=1.95654 val=None lr=4.16245e-05
2026-09-30 21:55:58,274 step=54360 train=2.07588 val=None lr=4.15964e-05
2026-09-30 21:55:58,946 step=54370 train=2.04020 val=None lr=4.15683e-05
2026-09-30 21:55:59,529 step=54380 train=2.16957 val=None lr=4.15403e-05
2026-09-30 21:56:00,064 step=54390 train=1.90951 val=None lr=4.15123e-05
2026-09-30 21:56:00,958 step=54400 train=1.97443 val=1.9457276165485382 lr=4.14843e-05
2026-09-30 21:56:01,585 step=54410 train=1.93465 val=None lr=4.14564e-05
2026-09-30 21:56:02,136 step=54420 train=2.13281 val=None lr=4.14285e-05
2026-09-30 21:56:02,638 step=54430 train=2.14239 val=None lr=4.14006e-05
2026-09-30 21:56:03,216 step=54440 train=1.80863 val=None lr=4.13728e-05
2026-09-30 21:56:03,896 step=54450 train=1.89756 val=None lr=4.1345e-05
2026-09-30 21:56:04,426 step=54460 train=1.78935 val=None lr=4.13172e-05
2026-09-30 21:56:05,021 step=54470 train=2.21260 val=None lr=4.12895e-05
2026-09-30 21:56:03,207 step=54480 train=2.00330 val=None lr=4.12618e-05
2026-09-30 21:56:03,681 step=54490 train=1.98981 val=None lr=4.12341e-05
2026-09-30 21:56:04,550 step=54500 train=2.43910 val=1.9442340552806854 lr=4.12065e-05
2026-09-30 21:56:05,409 step=54510 train=1.74229 val=None lr=4.11789e-05
2026-09-30 21:56:05,964 step=54520 train=2.41143 val=None lr=4.11513e-05
2026-09-30 21:56:06,645 step=54530 train=1.94786 val=None lr=4.11238e-05
2026-09-30 21:56:07,134 step=54540 train=1.87321 val=None lr=4.10963e-05
2026-09-30 21:56:07,782 step=54550 train=2.04596 val=None lr=4.10688e-05
2026-09-30 21:56:08,369 step=54560 train=1.98494 val=None lr=4.10413e-05
2026-09-30 21:56:08,851 step=54570 train=1.91547 val=None lr=4.10139e-05
2026-09-30 21:56:09,618 step=54580 train=1.95290 val=None lr=4.09865e-05
2026-09-30 21:56:10,215 step=54590 train=2.35415 val=None lr=4.09592e-05
2026-09-30 21:56:11,088 step=54600 train=1.92319 val=1.9433216392993926 lr=4.09319e-05
2026-09-30 21:56:11,639 step=54610 train=1.87962 val=None lr=4.09046e-05
2026-09-30 21:56:12,152 step=54620 train=1.96925 val=None lr=4.08774e-05
2026-09-30 21:56:12,699 step=54630 train=1.80361 val=None lr=4.08501e-05
2026-09-30 21:56:13,283 step=54640 train=2.04127 val=None lr=4.0823e-05
2026-09-30 21:56:13,844 step=54650 train=1.98475 val=None lr=4.07958e-05
2026-09-30 21:56:14,613 step=54660 train=1.74829 val=None lr=4.07687e-05
2026-09-30 21:56:15,132 step=54670 train=1.90026 val=None lr=4.07416e-05
2026-09-30 21:56:15,814 step=54680 train=2.10716 val=None lr=4.07146e-05
2026-09-30 21:56:16,472 step=54690 train=1.86042 val=None lr=4.06875e-05
2026-09-30 21:56:17,376 step=54700 train=2.17063 val=1.942898154258728 lr=4.06606e-05
2026-09-30 21:56:17,960 step=54710 train=1.88480 val=None lr=4.06336e-05
2026-09-30 21:56:18,563 step=54720 train=1.84689 val=None lr=4.06067e-05
2026-09-30 21:56:19,071 step=54730 train=1.93126 val=None lr=4.05798e-05
2026-09-30 21:56:19,697 step=54740 train=1.96333 val=None lr=4.05529e-05
2026-09-30 21:56:20,422 step=54750 train=2.05529 val=None lr=4.05261e-05
2026-09-30 21:56:21,035 step=54760 train=2.28143 val=None lr=4.04993e-05
2026-09-30 21:56:21,625 step=54770 train=2.11759 val=None lr=4.04726e-05
2026-09-30 21:56:22,307 step=54780 train=2.07214 val=None lr=4.04459e-05
2026-09-30 21:56:23,036 step=54790 train=2.22315 val=None lr=4.04192e-05
2026-09-30 21:56:23,848 step=54800 train=1.98457 val=1.9435407280921937 lr=4.03925e-05
2026-09-30 21:56:24,477 step=54810 train=1.88816 val=None lr=4.03659e-05
2026-09-30 21:56:25,103 step=54820 train=2.02416 val=None lr=4.03393e-05
2026-09-30 21:56:25,632 step=54830 train=1.83408 val=None lr=4.03127e-05
2026-09-30 21:56:26,153 step=54840 train=1.89855 val=None lr=4.02862e-05
2026-09-30 21:56:26,743 step=54850 train=1.81912 val=None lr=4.02597e-05
2026-09-30 21:56:27,307 step=54860 train=2.21407 val=None lr=4.02332e-05
2026-09-30 21:56:27,804 step=54870 train=1.91208 val=None lr=4.02068e-05
2026-09-30 21:56:28,361 step=54880 train=2.18029 val=None lr=4.01804e-05
2026-09-30 21:56:28,929 step=54890 train=2.01957 val=None lr=4.01541e-05
2026-09-30 21:56:29,812 step=54900 train=1.85238 val=1.9443003237247467 lr=4.01277e-05
2026-09-30 21:56:30,433 step=54910 train=2.07615 val=None lr=4.01014e-05
2026-09-30 21:56:30,917 step=54920 train=2.09139 val=None lr=4.00752e-05
2026-09-30 21:56:31,555 step=54930 train=1.75876 val=None lr=4.00489e-05
2026-09-30 21:56:32,083 step=54940 train=1.95595 val=None lr=4.00227e-05
2026-09-30 21:56:32,662 step=54950 train=1.90040 val=None lr=3.99966e-05
2026-09-30 21:56:33,195 step=54960 train=1.84610 val=None lr=3.99704e-05
2026-09-30 21:56:33,823 step=54970 train=2.24391 val=None lr=3.99443e-05
2026-09-30 21:56:34,371 step=54980 train=1.80514 val=None lr=3.99183e-05
2026-09-30 21:56:34,929 step=54990 train=2.19394 val=None lr=3.98922e-05
2026-09-30 21:56:33,588 step=55000 train=2.13931 val=1.9419246017932892 lr=3.98662e-05
2026-09-30 21:56:34,379 step=55010 train=1.82422 val=None lr=3.98403e-05
2026-09-30 21:56:34,880 step=55020 train=2.02778 val=None lr=3.98143e-05
2026-09-30 21:56:35,442 step=55030 train=1.96058 val=None lr=3.97884e-05
2026-09-30 21:56:35,970 step=55040 train=2.05222 val=None lr=3.97626e-05
2026-09-30 21:56:36,501 step=55050 train=1.81309 val=None lr=3.97367e-05
2026-09-30 21:56:37,030 step=55060 train=1.93325 val=None lr=3.97109e-05
2026-09-30 21:56:37,557 step=55070 train=2.01368 val=None lr=3.96852e-05
2026-09-30 21:56:38,056 step=55080 train=2.27407 val=None lr=3.96594e-05
2026-09-30 21:56:38,621 step=55090 train=2.13783 val=None lr=3.96337e-05
2026-09-30 21:56:39,449 step=55100 train=2.05400 val=1.9428696036338806 lr=3.9608e-05
2026-09-30 21:56:39,966 step=55110 train=2.00829 val=None lr=3.95824e-05
2026-09-30 21:56:40,490 step=55120 train=1.87088 val=None lr=3.95568e-05
2026-09-30 21:56:41,024 step=55130 train=1.99915 val=None lr=3.95312e-05
2026-09-30 21:56:41,577 step=55140 train=1.84195 val=None lr=3.95057e-05
2026-09-30 21:56:42,104 step=55150 train=1.90930 val=None lr=3.94802e-05
2026-09-30 21:56:42,632 step=55160 train=2.16600 val=None lr=3.94547e-05
2026-09-30 21:56:43,276 step=55170 train=2.04307 val=None lr=3.94293e-05
2026-09-30 21:56:43,885 step=55180 train=1.77545 val=None lr=3.94039e-05
2026-09-30 21:56:44,451 step=55190 train=2.13796 val=None lr=3.93785e-05
2026-09-30 21:56:45,460 step=55200 train=1.74101 val=1.9416158199310303 lr=3.93531e-05
2026-09-30 21:56:46,103 step=55210 train=1.89671 val=None lr=3.93278e-05
2026-09-30 21:56:46,641 step=55220 train=2.04919 val=None lr=3.93026e-05
2026-09-30 21:56:47,243 step=55230 train=2.03550 val=None lr=3.92773e-05
2026-09-30 21:56:47,806 step=55240 train=2.05647 val=None lr=3.92521e-05
2026-09-30 21:56:48,384 step=55250 train=1.82701 val=None lr=3.92269e-05
2026-09-30 21:56:49,016 step=55260 train=1.91378 val=None lr=3.92018e-05
2026-09-30 21:56:49,686 step=55270 train=2.09605 val=None lr=3.91767e-05
2026-09-30 21:56:50,228 step=55280 train=2.12615 val=None lr=3.91516e-05
2026-09-30 21:56:50,797 step=55290 train=1.87061 val=None lr=3.91266e-05
2026-09-30 21:56:51,711 step=55300 train=1.73115 val=1.9407364845275878 lr=3.91015e-05
2026-09-30 21:56:52,313 step=55310 train=2.18164 val=None lr=3.90766e-05
2026-09-30 21:56:52,886 step=55320 train=1.83384 val=None lr=3.90516e-05
2026-09-30 21:56:53,552 step=55330 train=1.96752 val=None lr=3.90267e-05
2026-09-30 21:56:54,178 step=55340 train=2.13923 val=None lr=3.90018e-05
2026-09-30 21:56:54,680 step=55350 train=1.74580 val=None lr=3.8977e-05
2026-09-30 21:56:55,208 step=55360 train=2.25531 val=None lr=3.89522e-05
2026-09-30 21:56:55,924 step=55370 train=2.02900 val=None lr=3.89274e-05
2026-09-30 21:56:56,581 step=55380 train=1.93380 val=None lr=3.89026e-05
2026-09-30 21:56:57,102 step=55390 train=1.98663 val=None lr=3.88779e-05
2026-09-30 21:56:58,108 step=55400 train=1.90680 val=1.9399958491325378 lr=3.88533e-05
2026-09-30 21:56:58,690 step=55410 train=2.10963 val=None lr=3.88286e-05
2026-09-30 21:56:59,203 step=55420 train=1.80988 val=None lr=3.8804e-05
2026-09-30 21:56:59,765 step=55430 train=1.97240 val=None lr=3.87794e-05
2026-09-30 21:57:00,290 step=55440 train=2.17728 val=None lr=3.87549e-05
2026-09-30 21:57:00,838 step=55450 train=1.83140 val=None lr=3.87304e-05
2026-09-30 21:57:01,349 step=55460 train=1.96399 val=None lr=3.87059e-05
2026-09-30 21:57:01,985 step=55470 train=1.82221 val=None lr=3.86814e-05
2026-09-30 21:57:02,473 step=55480 train=2.01290 val=None lr=3.8657e-05
2026-09-30 21:57:02,985 step=55490 train=1.71639 val=None lr=3.86326e-05
2026-09-30 21:57:03,873 step=55500 train=1.76795 val=1.9415679335594178 lr=3.86083e-05
2026-09-30 21:57:04,663 step=55510 train=2.10349 val=None lr=3.8584e-05
2026-09-30 21:57:05,184 step=55520 train=2.10476 val=None lr=3.85597e-05
2026-09-30 21:57:05,783 step=55530 train=1.91504 val=None lr=3.85355e-05
2026-09-30 21:57:03,990 step=55540 train=1.79960 val=None lr=3.85112e-05
2026-09-30 21:57:04,751 step=55550 train=2.07391 val=None lr=3.84871e-05
2026-09-30 21:57:05,283 step=55560 train=1.90734 val=None lr=3.84629e-05
2026-09-30 21:57:05,868 step=55570 train=2.07194 val=None lr=3.84388e-05
2026-09-30 21:57:06,524 step=55580 train=2.21847 val=None lr=3.84147e-05
2026-09-30 21:57:07,099 step=55590 train=1.68374 val=None lr=3.83907e-05
2026-09-30 21:57:07,903 step=55600 train=1.84912 val=1.9416765987873077 lr=3.83667e-05
2026-09-30 21:57:08,546 step=55610 train=1.76759 val=None lr=3.83427e-05
2026-09-30 21:57:09,223 step=55620 train=1.92657 val=None lr=3.83187e-05
2026-09-30 21:57:09,883 step=55630 train=2.17321 val=None lr=3.82948e-05
2026-09-30 21:57:10,352 step=55640 train=1.98180 val=None lr=3.82709e-05
2026-09-30 21:57:10,904 step=55650 train=1.95744 val=None lr=3.82471e-05
2026-09-30 21:57:11,421 step=55660 train=1.99870 val=None lr=3.82233e-05
2026-09-30 21:57:11,999 step=55670 train=2.08504 val=None lr=3.81995e-05
2026-09-30 21:57:12,509 step=55680 train=1.96345 val=None lr=3.81757e-05
2026-09-30 21:57:13,029 step=55690 train=1.90327 val=None lr=3.8152e-05
2026-09-30 21:57:13,878 step=55700 train=2.00210 val=1.9406118154525758 lr=3.81283e-05
2026-09-30 21:57:14,471 step=55710 train=2.20576 val=None lr=3.81047e-05
2026-09-30 21:57:15,011 step=55720 train=1.98834 val=None lr=3.80811e-05
2026-09-30 21:57:15,661 step=55730 train=1.96324 val=None lr=3.80575e-05
2026-09-30 21:57:16,200 step=55740 train=1.95762 val=None lr=3.8034e-05
2026-09-30 21:57:16,923 step=55750 train=2.03981 val=None lr=3.80104e-05
2026-09-30 21:57:17,506 step=55760 train=1.61210 val=None lr=3.7987e-05
2026-09-30 21:57:18,073 step=55770 train=1.87953 val=None lr=3.79635e-05
2026-09-30 21:57:18,642 step=55780 train=2.30866 val=None lr=3.79401e-05
2026-09-30 21:57:19,282 step=55790 train=2.08847 val=None lr=3.79167e-05
2026-09-30 21:57:20,232 step=55800 train=1.99307 val=1.941620671749115 lr=3.78934e-05
2026-09-30 21:57:20,834 step=55810 train=1.98236 val=None lr=3.78701e-05
2026-09-30 21:57:21,416 step=55820 train=1.90274 val=None lr=3.78468e-05
2026-09-30 21:57:21,991 step=55830 train=2.27761 val=None lr=3.78235e-05
2026-09-30 21:57:22,583 step=55840 train=1.82559 val=None lr=3.78003e-05
2026-09-30 21:57:23,466 step=55850 train=1.77865 val=None lr=3.77771e-05
2026-09-30 21:57:23,982 step=55860 train=1.73301 val=None lr=3.7754e-05
2026-09-30 21:57:24,498 step=55870 train=1.83900 val=None lr=3.77309e-05
2026-09-30 21:57:25,056 step=55880 train=2.14734 val=None lr=3.77078e-05
2026-09-30 21:57:25,754 step=55890 train=1.89313 val=None lr=3.76848e-05
2026-09-30 21:57:26,978 step=55900 train=2.00144 val=1.9399997532367705 lr=3.76617e-05
2026-09-30 21:57:27,641 step=55910 train=1.83901 val=None lr=3.76388e-05
2026-09-30 21:57:28,213 step=55920 train=2.13808 val=None lr=3.76158e-05
2026-09-30 21:57:28,738 step=55930 train=2.14463 val=None lr=3.75929e-05
2026-09-30 21:57:29,239 step=55940 train=1.85043 val=None lr=3.757e-05
2026-09-30 21:57:29,881 step=55950 train=1.95072 val=None lr=3.75472e-05
2026-09-30 21:57:30,484 step=55960 train=1.91874 val=None lr=3.75244e-05
2026-09-30 21:57:31,068 step=55970 train=2.30797 val=None lr=3.75016e-05
2026-09-30 21:57:31,545 step=55980 train=1.99357 val=None lr=3.74789e-05
2026-09-30 21:57:32,197 step=55990 train=1.99865 val=None lr=3.74561e-05
2026-09-30 21:57:33,092 step=56000 train=2.05762 val=1.9410082221031189 lr=3.74335e-05
2026-09-30 21:57:33,899 step=56010 train=1.65388 val=None lr=3.74108e-05
2026-09-30 21:57:34,496 step=56020 train=2.23588 val=None lr=3.73882e-05
2026-09-30 21:57:35,039 step=56030 train=2.10550 val=None lr=3.73656e-05
2026-09-30 21:57:35,709 step=56040 train=1.98649 val=None lr=3.73431e-05
2026-09-30 21:57:33,928 step=56050 train=2.02281 val=None lr=3.73206e-05
2026-09-30 21:57:34,538 step=56060 train=1.98341 val=None lr=3.72981e-05
2026-09-30 21:57:35,127 step=56070 train=2.09317 val=None lr=3.72757e-05
2026-09-30 21:57:35,776 step=56080 train=1.90150 val=None lr=3.72533e-05
2026-09-30 21:57:36,476 step=56090 train=1.96944 val=None lr=3.72309e-05
2026-09-30 21:57:37,490 step=56100 train=1.93547 val=1.939926987886429 lr=3.72085e-05
2026-09-30 21:57:38,104 step=56110 train=1.98764 val=None lr=3.71862e-05
2026-09-30 21:57:38,699 step=56120 train=2.07166 val=None lr=3.7164e-05
2026-09-30 21:57:39,294 step=56130 train=2.02100 val=None lr=3.71417e-05
2026-09-30 21:57:39,903 step=56140 train=1.93270 val=None lr=3.71195e-05
2026-09-30 21:57:40,559 step=56150 train=2.25499 val=None lr=3.70973e-05
2026-09-30 21:57:41,211 step=56160 train=1.90742 val=None lr=3.70752e-05
2026-09-30 21:57:41,769 step=56170 train=1.87006 val=None lr=3.70531e-05
2026-09-30 21:57:42,461 step=56180 train=2.12091 val=None lr=3.7031e-05
2026-09-30 21:57:43,033 step=56190 train=2.28921 val=None lr=3.7009e-05
2026-09-30 21:57:43,960 step=56200 train=1.89061 val=1.9405792593955993 lr=3.6987e-05
2026-09-30 21:57:44,564 step=56210 train=1.78372 val=None lr=3.6965e-05
2026-09-30 21:57:45,245 step=56220 train=2.05421 val=None lr=3.69431e-05
2026-09-30 21:57:45,934 step=56230 train=1.92480 val=None lr=3.69212e-05
2026-09-30 21:57:46,579 step=56240 train=1.91368 val=None lr=3.68993e-05
2026-09-30 21:57:47,213 step=56250 train=1.85677 val=None lr=3.68775e-05
2026-09-30 21:57:47,789 step=56260 train=2.16978 val=None lr=3.68557e-05
2026-09-30 21:57:48,495 step=56270 train=1.88420 val=None lr=3.68339e-05
2026-09-30 21:57:49,133 step=56280 train=1.98728 val=None lr=3.68122e-05
2026-09-30 21:57:49,729 step=56290 train=1.80949 val=None lr=3.67905e-05
2026-09-30 21:57:50,741 step=56300 train=2.19445 val=1.9388598442077636 lr=3.67688e-05
2026-09-30 21:57:51,267 step=56310 train=2.07464 val=None lr=3.67472e-05
2026-09-30 21:57:51,882 step=56320 train=2.14762 val=None lr=3.67256e-05
2026-09-30 21:57:52,499 step=56330 train=2.08675 val=None lr=3.6704e-05
2026-09-30 21:57:53,171 step=56340 train=1.81989 val=None lr=3.66825e-05
2026-09-30 21:57:53,706 step=56350 train=2.11333 val=None lr=3.6661e-05
2026-09-30 21:57:54,393 step=56360 train=1.97900 val=None lr=3.66395e-05
2026-09-30 21:57:55,067 step=56370 train=2.03421 val=None lr=3.66181e-05
2026-09-30 21:57:55,795 step=56380 train=2.08701 val=None lr=3.65967e-05
2026-09-30 21:57:56,360 step=56390 train=1.97380 val=None lr=3.65753e-05
2026-09-30 21:57:57,169 step=56400 train=1.89476 val=1.9393886089324952 lr=3.6554e-05
2026-09-30 21:57:57,745 step=56410 train=2.06734 val=None lr=3.65327e-05
2026-09-30 21:57:58,331 step=56420 train=1.76771 val=None lr=3.65114e-05
2026-09-30 21:57:58,907 step=56430 train=2.04137 val=None lr=3.64902e-05
2026-09-30 21:57:59,521 step=56440 train=2.09755 val=None lr=3.6469e-05
2026-09-30 21:58:00,154 step=56450 train=1.97435 val=None lr=3.64478e-05
2026-09-30 21:58:00,872 step=56460 train=1.84148 val=None lr=3.64267e-05
2026-09-30 21:58:01,479 step=56470 train=1.82675 val=None lr=3.64056e-05
2026-09-30 21:58:02,015 step=56480 train=2.06019 val=None lr=3.63846e-05
2026-09-30 21:58:02,630 step=56490 train=2.02206 val=None lr=3.63635e-05
2026-09-30 21:58:03,455 step=56500 train=2.11273 val=1.9391091763973236 lr=3.63425e-05
2026-09-30 21:58:04,257 step=56510 train=1.84786 val=None lr=3.63216e-05
2026-09-30 21:58:04,920 step=56520 train=1.82427 val=None lr=3.63007e-05
2026-09-30 21:58:05,627 step=56530 train=1.78354 val=None lr=3.62798e-05
2026-09-30 21:58:03,957 step=56540 train=1.84727 val=None lr=3.62589e-05
2026-09-30 21:58:04,589 step=56550 train=1.77810 val=None lr=3.62381e-05
2026-09-30 21:58:05,201 step=56560 train=1.87791 val=None lr=3.62173e-05
2026-09-30 21:58:05,758 step=56570 train=1.79464 val=None lr=3.61966e-05
2026-09-30 21:58:06,497 step=56580 train=2.23195 val=None lr=3.61758e-05
2026-09-30 21:58:07,150 step=56590 train=1.93241 val=None lr=3.61551e-05
2026-09-30 21:58:08,075 step=56600 train=2.21128 val=1.9406420111656189 lr=3.61345e-05
2026-09-30 21:58:08,677 step=56610 train=2.09571 val=None lr=3.61139e-05
2026-09-30 21:58:09,203 step=56620 train=1.91719 val=None lr=3.60933e-05
2026-09-30 21:58:09,730 step=56630 train=2.00305 val=None lr=3.60727e-05
2026-09-30 21:58:10,284 step=56640 train=2.01066 val=None lr=3.60522e-05
2026-09-30 21:58:10,881 step=56650 train=2.21287 val=None lr=3.60317e-05
2026-09-30 21:58:11,483 step=56660 train=2.00444 val=None lr=3.60113e-05
2026-09-30 21:58:12,045 step=56670 train=1.78719 val=None lr=3.59909e-05
2026-09-30 21:58:12,779 step=56680 train=2.07328 val=None lr=3.59705e-05
2026-09-30 21:58:13,392 step=56690 train=2.01413 val=None lr=3.59501e-05
2026-09-30 21:58:14,126 step=56700 train=2.13818 val=1.9390347301959991 lr=3.59298e-05
2026-09-30 21:58:14,641 step=56710 train=1.91513 val=None lr=3.59095e-05
2026-09-30 21:58:15,421 step=56720 train=1.82792 val=None lr=3.58893e-05
2026-09-30 21:58:15,954 step=56730 train=2.08569 val=None lr=3.58691e-05
2026-09-30 21:58:16,638 step=56740 train=2.29680 val=None lr=3.58489e-05
2026-09-30 21:58:17,200 step=56750 train=1.80155 val=None lr=3.58288e-05
2026-09-30 21:58:17,791 step=56760 train=2.10513 val=None lr=3.58087e-05
2026-09-30 21:58:18,321 step=56770 train=1.92996 val=None lr=3.57886e-05
2026-09-30 21:58:18,902 step=56780 train=2.08553 val=None lr=3.57685e-05
2026-09-30 21:58:19,456 step=56790 train=1.87815 val=None lr=3.57485e-05
2026-09-30 21:58:20,474 step=56800 train=1.87443 val=1.9379987835884094 lr=3.57286e-05
2026-09-30 21:58:21,019 step=56810 train=1.94846 val=None lr=3.57086e-05
2026-09-30 21:58:21,811 step=56820 train=2.17179 val=None lr=3.56887e-05
2026-09-30 21:58:22,410 step=56830 train=1.93016 val=None lr=3.56688e-05
2026-09-30 21:58:23,014 step=56840 train=1.82595 val=None lr=3.5649e-05
2026-09-30 21:58:23,642 step=56850 train=2.18366 val=None lr=3.56292e-05
2026-09-30 21:58:24,260 step=56860 train=2.30463 val=None lr=3.56094e-05
2026-09-30 21:58:24,919 step=56870 train=1.82376 val=None lr=3.55897e-05
2026-09-30 21:58:25,428 step=56880 train=2.24184 val=None lr=3.557e-05
2026-09-30 21:58:26,093 step=56890 train=2.03238 val=None lr=3.55503e-05
2026-09-30 21:58:27,143 step=56900 train=1.91833 val=1.9369963467121125 lr=3.55307e-05
2026-09-30 21:58:27,814 step=56910 train=2.11646 val=None lr=3.55111e-05
2026-09-30 21:58:28,346 step=56920 train=1.85430 val=None lr=3.54915e-05
2026-09-30 21:58:28,868 step=56930 train=1.95526 val=None lr=3.5472e-05
2026-09-30 21:58:29,572 step=56940 train=1.91902 val=None lr=3.54525e-05
2026-09-30 21:58:30,250 step=56950 train=1.79618 val=None lr=3.5433e-05
2026-09-30 21:58:31,125 step=56960 train=2.05677 val=None lr=3.54136e-05
2026-09-30 21:58:31,733 step=56970 train=1.76734 val=None lr=3.53942e-05
2026-09-30 21:58:32,408 step=56980 train=2.08174 val=None lr=3.53749e-05
2026-09-30 21:58:32,998 step=56990 train=2.18280 val=None lr=3.53555e-05
2026-09-30 21:58:33,847 step=57000 train=2.06388 val=1.9378447353839874 lr=3.53362e-05
2026-09-30 21:58:34,772 step=57010 train=2.10413 val=None lr=3.5317e-05
2026-09-30 21:58:35,481 step=57020 train=1.86875 val=None lr=3.52977e-05
2026-09-30 21:58:36,019 step=57030 train=2.10780 val=None lr=3.52786e-05
2026-09-30 21:58:36,592 step=57040 train=2.08684 val=None lr=3.52594e-05
2026-09-30 21:58:34,864 step=57050 train=2.07025 val=None lr=3.52403e-05
2026-09-30 21:58:35,382 step=57060 train=1.83875 val=None lr=3.52212e-05
2026-09-30 21:58:35,930 step=57070 train=2.04436 val=None lr=3.52021e-05
2026-09-30 21:58:36,524 step=57080 train=1.95461 val=None lr=3.51831e-05
2026-09-30 21:58:37,139 step=57090 train=2.05706 val=None lr=3.51641e-05
2026-09-30 21:58:38,082 step=57100 train=2.04191 val=1.9383175075054169 lr=3.51452e-05
2026-09-30 21:58:38,664 step=57110 train=2.03118 val=None lr=3.51263e-05
2026-09-30 21:58:39,281 step=57120 train=1.82770 val=None lr=3.51074e-05
2026-09-30 21:58:39,976 step=57130 train=2.15894 val=None lr=3.50885e-05
2026-09-30 21:58:40,562 step=57140 train=1.82271 val=None lr=3.50697e-05
2026-09-30 21:58:41,242 step=57150 train=2.04012 val=None lr=3.50509e-05
2026-09-30 21:58:41,818 step=57160 train=2.28898 val=None lr=3.50322e-05
2026-09-30 21:58:42,311 step=57170 train=2.00380 val=None lr=3.50135e-05
2026-09-30 21:58:42,818 step=57180 train=2.11976 val=None lr=3.49948e-05
2026-09-30 21:58:43,376 step=57190 train=1.99450 val=None lr=3.49762e-05
2026-09-30 21:58:44,312 step=57200 train=1.93431 val=1.9384116590023042 lr=3.49575e-05
2026-09-30 21:58:44,957 step=57210 train=2.10955 val=None lr=3.4939e-05
2026-09-30 21:58:45,625 step=57220 train=1.90137 val=None lr=3.49204e-05
2026-09-30 21:58:46,243 step=57230 train=2.21847 val=None lr=3.49019e-05
2026-09-30 21:58:46,989 step=57240 train=2.09431 val=None lr=3.48835e-05
2026-09-30 21:58:47,539 step=57250 train=2.19024 val=None lr=3.4865e-05
2026-09-30 21:58:48,044 step=57260 train=2.24492 val=None lr=3.48466e-05
2026-09-30 21:58:48,609 step=57270 train=2.15103 val=None lr=3.48282e-05
2026-09-30 21:58:49,305 step=57280 train=2.00057 val=None lr=3.48099e-05
2026-09-30 21:58:49,912 step=57290 train=1.78596 val=None lr=3.47916e-05
2026-09-30 21:58:51,153 step=57300 train=1.68833 val=1.9362981021404266 lr=3.47733e-05
2026-09-30 21:58:51,751 step=57310 train=1.79767 val=None lr=3.47551e-05
2026-09-30 21:58:52,235 step=57320 train=1.92004 val=None lr=3.47369e-05
2026-09-30 21:58:52,991 step=57330 train=2.26896 val=None lr=3.47187e-05
2026-09-30 21:58:53,553 step=57340 train=1.95874 val=None lr=3.47006e-05
2026-09-30 21:58:54,091 step=57350 train=1.88170 val=None lr=3.46825e-05
2026-09-30 21:58:54,742 step=57360 train=1.83245 val=None lr=3.46645e-05
2026-09-30 21:58:55,386 step=57370 train=2.03638 val=None lr=3.46464e-05
2026-09-30 21:58:55,988 step=57380 train=1.81971 val=None lr=3.46284e-05
2026-09-30 21:58:56,593 step=57390 train=1.84322 val=None lr=3.46105e-05
2026-09-30 21:58:57,387 step=57400 train=2.05212 val=1.937520331144333 lr=3.45925e-05
2026-09-30 21:58:57,937 step=57410 train=1.90692 val=None lr=3.45747e-05
2026-09-30 21:58:58,485 step=57420 train=1.93735 val=None lr=3.45568e-05
2026-09-30 21:58:59,074 step=57430 train=1.72653 val=None lr=3.4539e-05
2026-09-30 21:58:59,670 step=57440 train=1.97228 val=None lr=3.45212e-05
2026-09-30 21:59:00,270 step=57450 train=1.83732 val=None lr=3.45034e-05
2026-09-30 21:59:00,863 step=57460 train=1.74522 val=None lr=3.44857e-05
2026-09-30 21:59:01,448 step=57470 train=1.73288 val=None lr=3.4468e-05
2026-09-30 21:59:02,081 step=57480 train=2.14345 val=None lr=3.44504e-05
2026-09-30 21:59:02,661 step=57490 train=1.88197 val=None lr=3.44328e-05
2026-09-30 21:59:03,618 step=57500 train=2.03921 val=1.938266545534134 lr=3.44152e-05
2026-09-30 21:59:04,655 step=57510 train=1.97863 val=None lr=3.43976e-05
2026-09-30 21:59:05,277 step=57520 train=1.55897 val=None lr=3.43801e-05
2026-09-30 21:59:06,101 step=57530 train=1.71047 val=None lr=3.43627e-05
2026-09-30 21:59:06,661 step=57540 train=1.96229 val=None lr=3.43452e-05
2026-09-30 21:59:04,866 step=57550 train=2.33165 val=None lr=3.43278e-05
2026-09-30 21:59:05,444 step=57560 train=1.87525 val=None lr=3.43104e-05
2026-09-30 21:59:06,041 step=57570 train=2.28154 val=None lr=3.42931e-05
2026-09-30 21:59:06,992 step=57580 train=1.76677 val=None lr=3.42758e-05
2026-09-30 21:59:07,523 step=57590 train=1.82084 val=None lr=3.42585e-05
2026-09-30 21:59:08,368 step=57600 train=2.00426 val=1.9393493473529815 lr=3.42413e-05
2026-09-30 21:59:09,025 step=57610 train=2.12177 val=None lr=3.42241e-05
2026-09-30 21:59:09,585 step=57620 train=2.14493 val=None lr=3.42069e-05
2026-09-30 21:59:10,115 step=57630 train=1.97983 val=None lr=3.41898e-05
2026-09-30 21:59:10,608 step=57640 train=1.88144 val=None lr=3.41727e-05
2026-09-30 21:59:11,133 step=57650 train=1.88879 val=None lr=3.41556e-05
2026-09-30 21:59:11,610 step=57660 train=2.14879 val=None lr=3.41386e-05
2026-09-30 21:59:12,201 step=57670 train=2.12976 val=None lr=3.41216e-05
2026-09-30 21:59:12,767 step=57680 train=1.91025 val=None lr=3.41046e-05
2026-09-30 21:59:13,345 step=57690 train=2.03795 val=None lr=3.40877e-05
2026-09-30 21:59:14,089 step=57700 train=2.15691 val=1.937373048067093 lr=3.40708e-05
2026-09-30 21:59:14,710 step=57710 train=2.16331 val=None lr=3.40539e-05
2026-09-30 21:59:15,285 step=57720 train=1.86536 val=None lr=3.40371e-05
2026-09-30 21:59:15,929 step=57730 train=2.16573 val=None lr=3.40203e-05
2026-09-30 21:59:16,473 step=57740 train=1.90352 val=None lr=3.40036e-05
2026-09-30 21:59:16,999 step=57750 train=1.94282 val=None lr=3.39868e-05
2026-09-30 21:59:17,752 step=57760 train=1.90540 val=None lr=3.39702e-05
2026-09-30 21:59:18,459 step=57770 train=2.14325 val=None lr=3.39535e-05
2026-09-30 21:59:19,018 step=57780 train=2.03346 val=None lr=3.39369e-05
2026-09-30 21:59:19,571 step=57790 train=2.11576 val=None lr=3.39203e-05
2026-09-30 21:59:20,360 step=57800 train=2.02747 val=1.938790237903595 lr=3.39038e-05
2026-09-30 21:59:20,933 step=57810 train=1.95340 val=None lr=3.38872e-05
2026-09-30 21:59:21,551 step=57820 train=1.83335 val=None lr=3.38708e-05
2026-09-30 21:59:22,124 step=57830 train=1.91426 val=None lr=3.38543e-05
2026-09-30 21:59:22,693 step=57840 train=1.73801 val=None lr=3.38379e-05
2026-09-30 21:59:23,297 step=57850 train=2.11881 val=None lr=3.38215e-05
2026-09-30 21:59:24,002 step=57860 train=1.84044 val=None lr=3.38052e-05
2026-09-30 21:59:24,774 step=57870 train=1.74409 val=None lr=3.37889e-05
2026-09-30 21:59:25,385 step=57880 train=1.88999 val=None lr=3.37726e-05
2026-09-30 21:59:25,980 step=57890 train=1.70120 val=None lr=3.37564e-05
2026-09-30 21:59:26,885 step=57900 train=2.10401 val=1.9387740612030029 lr=3.37402e-05
2026-09-30 21:59:27,461 step=57910 train=1.86945 val=None lr=3.3724e-05
2026-09-30 21:59:28,079 step=57920 train=1.95641 val=None lr=3.37079e-05
2026-09-30 21:59:28,769 step=57930 train=2.01258 val=None lr=3.36918e-05
2026-09-30 21:59:29,347 step=57940 train=1.83548 val=None lr=3.36757e-05
2026-09-30 21:59:29,915 step=57950 train=1.84005 val=None lr=3.36597e-05
2026-09-30 21:59:30,616 step=57960 train=1.91499 val=None lr=3.36437e-05
2026-09-30 21:59:31,148 step=57970 train=1.92877 val=None lr=3.36277e-05
2026-09-30 21:59:31,664 step=57980 train=1.91871 val=None lr=3.36118e-05
2026-09-30 21:59:32,142 step=57990 train=2.17251 val=None lr=3.35959e-05
2026-09-30 21:59:33,051 step=58000 train=2.06310 val=1.9367869257926942 lr=3.358e-05
2026-09-30 21:59:33,901 step=58010 train=1.86181 val=None lr=3.35642e-05
2026-09-30 21:59:34,648 step=58020 train=1.99358 val=None lr=3.35484e-05
2026-09-30 21:59:35,372 step=58030 train=2.20684 val=None lr=3.35327e-05
2026-09-30 21:59:36,068 step=58040 train=2.11215 val=None lr=3.3517e-05
2026-09-30 21:59:36,639 step=58050 train=1.76296 val=None lr=3.35013e-05
2026-09-30 21:59:35,035 step=58060 train=2.09298 val=None lr=3.34856e-05
2026-09-30 21:59:35,737 step=58070 train=2.17325 val=None lr=3.347e-05
2026-09-30 21:59:36,253 step=58080 train=2.10242 val=None lr=3.34544e-05
2026-09-30 21:59:36,748 step=58090 train=2.11471 val=None lr=3.34389e-05
2026-09-30 21:59:37,686 step=58100 train=1.95801 val=1.9370815217494965 lr=3.34234e-05
2026-09-30 21:59:38,207 step=58110 train=1.82841 val=None lr=3.34079e-05
2026-09-30 21:59:38,709 step=58120 train=2.03234 val=None lr=3.33924e-05
2026-09-30 21:59:39,248 step=58130 train=2.04634 val=None lr=3.3377e-05
2026-09-30 21:59:40,015 step=58140 train=1.91605 val=None lr=3.33617e-05
2026-09-30 21:59:40,544 step=58150 train=2.13247 val=None lr=3.33463e-05
2026-09-30 21:59:41,117 step=58160 train=2.15352 val=None lr=3.3331e-05
2026-09-30 21:59:41,593 step=58170 train=2.10774 val=None lr=3.33157e-05
2026-09-30 21:59:42,167 step=58180 train=2.06793 val=None lr=3.33005e-05
2026-09-30 21:59:42,802 step=58190 train=2.07597 val=None lr=3.32853e-05
2026-09-30 21:59:43,651 step=58200 train=1.90611 val=1.9376932322978973 lr=3.32701e-05
2026-09-30 21:59:44,315 step=58210 train=1.82348 val=None lr=3.3255e-05
2026-09-30 21:59:45,051 step=58220 train=1.97665 val=None lr=3.32399e-05
2026-09-30 21:59:45,665 step=58230 train=1.95635 val=None lr=3.32249e-05
2026-09-30 21:59:46,216 step=58240 train=2.07098 val=None lr=3.32098e-05
2026-09-30 21:59:46,910 step=58250 train=1.98459 val=None lr=3.31948e-05
2026-09-30 21:59:47,614 step=58260 train=1.97942 val=None lr=3.31799e-05
2026-09-30 21:59:48,605 step=58270 train=1.92230 val=None lr=3.3165e-05
2026-09-30 21:59:49,134 step=58280 train=1.89988 val=None lr=3.31501e-05
2026-09-30 21:59:49,691 step=58290 train=1.84161 val=None lr=3.31352e-05
2026-09-30 21:59:50,450 step=58300 train=2.03911 val=1.9368584215641023 lr=3.31204e-05
2026-09-30 21:59:50,986 step=58310 train=2.11532 val=None lr=3.31056e-05
2026-09-30 21:59:51,561 step=58320 train=1.97774 val=None lr=3.30909e-05
2026-09-30 21:59:52,109 step=58330 train=1.95298 val=None lr=3.30761e-05
2026-09-30 21:59:52,663 step=58340 train=2.02025 val=None lr=3.30615e-05
2026-09-30 21:59:53,317 step=58350 train=2.17174 val=None lr=3.30468e-05
2026-09-30 21:59:54,097 step=58360 train=2.11888 val=None lr=3.30322e-05
2026-09-30 21:59:54,747 step=58370 train=2.33351 val=None lr=3.30176e-05
2026-09-30 21:59:55,411 step=58380 train=1.87696 val=None lr=3.30031e-05
2026-09-30 21:59:55,953 step=58390 train=2.15944 val=None lr=3.29886e-05
2026-09-30 21:59:57,083 step=58400 train=1.75399 val=1.9362846612930298 lr=3.29741e-05
2026-09-30 21:59:57,628 step=58410 train=1.94258 val=None lr=3.29597e-05
2026-09-30 21:59:58,137 step=58420 train=2.00885 val=None lr=3.29453e-05
2026-09-30 21:59:58,740 step=58430 train=1.89781 val=None lr=3.29309e-05
2026-09-30 21:59:59,309 step=58440 train=1.91995 val=None lr=3.29166e-05
2026-09-30 22:00:00,016 step=58450 train=1.98298 val=None lr=3.29023e-05
2026-09-30 22:00:00,629 step=58460 train=2.31622 val=None lr=3.2888e-05
2026-09-30 22:00:01,188 step=58470 train=2.36796 val=None lr=3.28738e-05
2026-09-30 22:00:01,708 step=58480 train=2.01833 val=None lr=3.28596e-05
2026-09-30 22:00:02,286 step=58490 train=1.87871 val=None lr=3.28454e-05
2026-09-30 22:00:03,203 step=58500 train=2.22328 val=1.936073124408722 lr=3.28313e-05
2026-09-30 22:00:04,025 step=58510 train=1.91712 val=None lr=3.28172e-05
2026-09-30 22:00:04,578 step=58520 train=2.09311 val=None lr=3.28032e-05
2026-09-30 22:00:05,193 step=58530 train=1.90356 val=None lr=3.27891e-05
2026-09-30 22:00:05,767 step=58540 train=2.24165 val=None lr=3.27752e-05
2026-09-30 22:00:06,271 step=58550 train=1.85104 val=None lr=3.27612e-05
2026-09-30 22:00:06,804 step=58560 train=1.97476 val=None lr=3.27473e-05
2026-09-30 22:00:05,116 step=58570 train=1.77250 val=None lr=3.27334e-05
2026-09-30 22:00:05,709 step=58580 train=1.97819 val=None lr=3.27196e-05
2026-09-30 22:00:06,412 step=58590 train=2.00886 val=None lr=3.27058e-05
2026-09-30 22:00:07,260 step=58600 train=2.10019 val=1.936303699016571 lr=3.2692e-05
2026-09-30 22:00:07,897 step=58610 train=1.80317 val=None lr=3.26782e-05
2026-09-30 22:00:08,480 step=58620 train=1.93736 val=None lr=3.26645e-05
2026-09-30 22:00:09,060 step=58630 train=1.86877 val=None lr=3.26509e-05
2026-09-30 22:00:09,606 step=58640 train=1.96698 val=None lr=3.26372e-05
2026-09-30 22:00:10,281 step=58650 train=1.94041 val=None lr=3.26236e-05
2026-09-30 22:00:10,831 step=58660 train=1.92911 val=None lr=3.26101e-05
2026-09-30 22:00:11,569 step=58670 train=2.32633 val=None lr=3.25965e-05
2026-09-30 22:00:12,043 step=58680 train=2.11599 val=None lr=3.2583e-05
2026-09-30 22:00:12,616 step=58690 train=1.77685 val=None lr=3.25696e-05
2026-09-30 22:00:13,516 step=58700 train=1.90784 val=1.936066746711731 lr=3.25561e-05
2026-09-30 22:00:14,096 step=58710 train=2.01006 val=None lr=3.25427e-05
2026-09-30 22:00:14,682 step=58720 train=2.08595 val=None lr=3.25294e-05
2026-09-30 22:00:15,293 step=58730 train=1.85420 val=None lr=3.25161e-05
2026-09-30 22:00:16,011 step=58740 train=2.13277 val=None lr=3.25028e-05
2026-09-30 22:00:16,538 step=58750 train=2.03237 val=None lr=3.24895e-05
2026-09-30 22:00:17,127 step=58760 train=1.82893 val=None lr=3.24763e-05
2026-09-30 22:00:17,871 step=58770 train=2.02168 val=None lr=3.24631e-05
2026-09-30 22:00:18,457 step=58780 train=1.96320 val=None lr=3.245e-05
2026-09-30 22:00:19,012 step=58790 train=2.07898 val=None lr=3.24368e-05
2026-09-30 22:00:20,067 step=58800 train=1.93019 val=1.9359749495983123 lr=3.24238e-05
2026-09-30 22:00:20,740 step=58810 train=2.01964 val=None lr=3.24107e-05
2026-09-30 22:00:21,311 step=58820 train=2.26006 val=None lr=3.23977e-05
2026-09-30 22:00:21,841 step=58830 train=1.88942 val=None lr=3.23847e-05
2026-09-30 22:00:22,472 step=58840 train=1.94087 val=None lr=3.23718e-05
2026-09-30 22:00:22,970 step=58850 train=2.20428 val=None lr=3.23589e-05
2026-09-30 22:00:23,612 step=58860 train=1.86908 val=None lr=3.2346e-05
2026-09-30 22:00:24,284 step=58870 train=1.86444 val=None lr=3.23332e-05
2026-09-30 22:00:24,898 step=58880 train=1.62411 val=None lr=3.23204e-05
2026-09-30 22:00:25,571 step=58890 train=1.89184 val=None lr=3.23076e-05
2026-09-30 22:00:26,647 step=58900 train=1.83773 val=1.936095505952835 lr=3.22949e-05
2026-09-30 22:00:27,151 step=58910 train=2.20044 val=None lr=3.22822e-05
2026-09-30 22:00:27,780 step=58920 train=1.78692 val=None lr=3.22695e-05
2026-09-30 22:00:28,452 step=58930 train=1.85047 val=None lr=3.22569e-05
2026-09-30 22:00:29,005 step=58940 train=1.90147 val=None lr=3.22443e-05
2026-09-30 22:00:29,608 step=58950 train=1.88134 val=None lr=3.22318e-05
2026-09-30 22:00:30,125 step=58960 train=1.90730 val=None lr=3.22192e-05
2026-09-30 22:00:30,737 step=58970 train=2.19350 val=None lr=3.22068e-05
2026-09-30 22:00:31,277 step=58980 train=1.86860 val=None lr=3.21943e-05
2026-09-30 22:00:31,964 step=58990 train=1.67478 val=None lr=3.21819e-05
2026-09-30 22:00:32,970 step=59000 train=1.76789 val=1.9355627179145813 lr=3.21695e-05
2026-09-30 22:00:33,915 step=59010 train=2.31051 val=None lr=3.21572e-05
2026-09-30 22:00:34,453 step=59020 train=2.08688 val=None lr=3.21448e-05
2026-09-30 22:00:34,979 step=59030 train=1.98275 val=None lr=3.21326e-05
2026-09-30 22:00:35,488 step=59040 train=2.04830 val=None lr=3.21203e-05
2026-09-30 22:00:36,196 step=59050 train=2.17629 val=None lr=3.21081e-05
2026-09-30 22:00:36,713 step=59060 train=1.99825 val=None lr=3.2096e-05
2026-09-30 22:00:37,201 step=59070 train=1.91603 val=None lr=3.20838e-05
2026-09-30 22:00:35,511 step=59080 train=1.72339 val=None lr=3.20717e-05
2026-09-30 22:00:36,011 step=59090 train=2.13813 val=None lr=3.20596e-05
2026-09-30 22:00:36,937 step=59100 train=1.88586 val=1.9346520543098449 lr=3.20476e-05
2026-09-30 22:00:37,496 step=59110 train=2.21516 val=None lr=3.20356e-05
2026-09-30 22:00:38,133 step=59120 train=1.91711 val=None lr=3.20237e-05
2026-09-30 22:00:38,697 step=59130 train=1.98395 val=None lr=3.20117e-05
2026-09-30 22:00:39,296 step=59140 train=2.25006 val=None lr=3.19998e-05
2026-09-30 22:00:39,919 step=59150 train=1.79882 val=None lr=3.1988e-05
2026-09-30 22:00:40,566 step=59160 train=1.78413 val=None lr=3.19762e-05
2026-09-30 22:00:41,161 step=59170 train=1.80950 val=None lr=3.19644e-05
2026-09-30 22:00:41,732 step=59180 train=1.86513 val=None lr=3.19526e-05
2026-09-30 22:00:42,351 step=59190 train=1.91934 val=None lr=3.19409e-05
2026-09-30 22:00:43,274 step=59200 train=2.00090 val=1.934330403804779 lr=3.19292e-05
2026-09-30 22:00:43,880 step=59210 train=2.29317 val=None lr=3.19176e-05
2026-09-30 22:00:44,440 step=59220 train=2.12180 val=None lr=3.1906e-05
2026-09-30 22:00:44,974 step=59230 train=2.04499 val=None lr=3.18944e-05
2026-09-30 22:00:45,513 step=59240 train=1.91317 val=None lr=3.18828e-05
2026-09-30 22:00:46,002 step=59250 train=1.86515 val=None lr=3.18713e-05
2026-09-30 22:00:46,755 step=59260 train=1.83956 val=None lr=3.18599e-05
2026-09-30 22:00:47,276 step=59270 train=1.93020 val=None lr=3.18484e-05
2026-09-30 22:00:47,911 step=59280 train=1.82545 val=None lr=3.1837e-05
2026-09-30 22:00:48,643 step=59290 train=2.46119 val=None lr=3.18257e-05
2026-09-30 22:00:49,442 step=59300 train=1.93951 val=1.9345210909843444 lr=3.18143e-05
2026-09-30 22:00:50,019 step=59310 train=2.05824 val=None lr=3.1803e-05
2026-09-30 22:00:50,625 step=59320 train=2.10630 val=None lr=3.17918e-05
2026-09-30 22:00:51,361 step=59330 train=2.02752 val=None lr=3.17805e-05
2026-09-30 22:00:52,000 step=59340 train=1.59622 val=None lr=3.17694e-05
2026-09-30 22:00:52,578 step=59350 train=2.09007 val=None lr=3.17582e-05
2026-09-30 22:00:53,161 step=59360 train=1.90019 val=None lr=3.17471e-05
2026-09-30 22:00:53,704 step=59370 train=1.85544 val=None lr=3.1736e-05
2026-09-30 22:00:54,329 step=59380 train=1.97901 val=None lr=3.17249e-05
2026-09-30 22:00:54,902 step=59390 train=1.95157 val=None lr=3.17139e-05
2026-09-30 22:00:55,643 step=59400 train=1.95335 val=1.9344673335552216 lr=3.17029e-05
2026-09-30 22:00:56,282 step=59410 train=1.90685 val=None lr=3.1692e-05
2026-09-30 22:00:56,825 step=59420 train=2.03166 val=None lr=3.16811e-05
2026-09-30 22:00:57,549 step=59430 train=1.92314 val=None lr=3.16702e-05
2026-09-30 22:00:58,137 step=59440 train=2.01797 val=None lr=3.16594e-05
2026-09-30 22:00:58,742 step=59450 train=1.72105 val=None lr=3.16486e-05
2026-09-30 22:00:59,344 step=59460 train=2.23207 val=None lr=3.16378e-05
2026-09-30 22:00:59,814 step=59470 train=1.95243 val=None lr=3.16271e-05
2026-09-30 22:01:00,321 step=59480 train=2.09442 val=None lr=3.16164e-05
2026-09-30 22:01:00,805 step=59490 train=1.75272 val=None lr=3.16057e-05
2026-09-30 22:01:01,856 step=59500 train=1.72517 val=1.932584023475647 lr=3.15951e-05
2026-09-30 22:01:02,887 step=59510 train=1.83495 val=None lr=3.15845e-05
2026-09-30 22:01:03,420 step=59520 train=2.33636 val=None lr=3.15739e-05
2026-09-30 22:01:03,931 step=59530 train=2.07487 val=None lr=3.15634e-05
2026-09-30 22:01:04,530 step=59540 train=1.85946 val=None lr=3.15529e-05
2026-09-30 22:01:05,161 step=59550 train=2.02518 val=None lr=3.15424e-05
2026-09-30 22:01:05,769 step=59560 train=2.07861 val=None lr=3.1532e-05
2026-09-30 22:01:06,360 step=59570 train=2.29540 val=None lr=3.15216e-05
2026-09-30 22:01:07,156 step=59580 train=1.64311 val=None lr=3.15113e-05
2026-09-30 22:01:05,522 step=59590 train=2.12931 val=None lr=3.1501e-05
2026-09-30 22:01:06,353 step=59600 train=2.03747 val=1.9329384863376617 lr=3.14907e-05
2026-09-30 22:01:06,944 step=59610 train=1.75276 val=None lr=3.14804e-05
2026-09-30 22:01:07,538 step=59620 train=1.71560 val=None lr=3.14702e-05
2026-09-30 22:01:08,109 step=59630 train=1.90096 val=None lr=3.14601e-05
2026-09-30 22:01:08,679 step=59640 train=2.25894 val=None lr=3.14499e-05
2026-09-30 22:01:09,224 step=59650 train=1.94602 val=None lr=3.14398e-05
2026-09-30 22:01:09,848 step=59660 train=1.91597 val=None lr=3.14297e-05
2026-09-30 22:01:10,450 step=59670 train=1.98701 val=None lr=3.14197e-05
2026-09-30 22:01:11,109 step=59680 train=2.20773 val=None lr=3.14097e-05
2026-09-30 22:01:11,744 step=59690 train=2.19265 val=None lr=3.13998e-05
2026-09-30 22:01:12,469 step=59700 train=1.80936 val=1.9325957596302032 lr=3.13898e-05
2026-09-30 22:01:13,007 step=59710 train=1.72602 val=None lr=3.13799e-05
2026-09-30 22:01:13,614 step=59720 train=1.89581 val=None lr=3.13701e-05
2026-09-30 22:01:14,189 step=59730 train=1.78122 val=None lr=3.13603e-05
2026-09-30 22:01:14,811 step=59740 train=1.92874 val=None lr=3.13505e-05
2026-09-30 22:01:15,360 step=59750 train=2.03364 val=None lr=3.13407e-05
2026-09-30 22:01:15,924 step=59760 train=1.94569 val=None lr=3.1331e-05
2026-09-30 22:01:16,564 step=59770 train=2.03850 val=None lr=3.13213e-05
2026-09-30 22:01:17,119 step=59780 train=2.03605 val=None lr=3.13117e-05
2026-09-30 22:01:17,804 step=59790 train=2.08805 val=None lr=3.13021e-05
2026-09-30 22:01:18,662 step=59800 train=1.81649 val=1.933072680234909 lr=3.12925e-05
2026-09-30 22:01:19,224 step=59810 train=1.70984 val=None lr=3.12829e-05
2026-09-30 22:01:19,899 step=59820 train=1.89129 val=None lr=3.12734e-05
2026-09-30 22:01:20,454 step=59830 train=1.93237 val=None lr=3.1264e-05
2026-09-30 22:01:20,960 step=59840 train=1.93853 val=None lr=3.12545e-05
2026-09-30 22:01:21,582 step=59850 train=2.11948 val=None lr=3.12451e-05
2026-09-30 22:01:22,139 step=59860 train=2.31694 val=None lr=3.12358e-05
2026-09-30 22:01:22,728 step=59870 train=2.00844 val=None lr=3.12264e-05
2026-09-30 22:01:23,397 step=59880 train=2.27273 val=None lr=3.12171e-05
2026-09-30 22:01:23,992 step=59890 train=1.98545 val=None lr=3.12079e-05
2026-09-30 22:01:24,959 step=59900 train=2.12441 val=1.9318538188934327 lr=3.11987e-05
2026-09-30 22:01:25,711 step=59910 train=2.16193 val=None lr=3.11895e-05
2026-09-30 22:01:26,253 step=59920 train=2.02177 val=None lr=3.11803e-05
2026-09-30 22:01:26,821 step=59930 train=1.90171 val=None lr=3.11712e-05
2026-09-30 22:01:27,367 step=59940 train=2.17311 val=None lr=3.11621e-05
2026-09-30 22:01:27,957 step=59950 train=2.19263 val=None lr=3.11531e-05
2026-09-30 22:01:28,648 step=59960 train=1.78556 val=None lr=3.1144e-05
2026-09-30 22:01:29,406 step=59970 train=1.96051 val=None lr=3.11351e-05
2026-09-30 22:01:29,954 step=59980 train=2.03353 val=None lr=3.11261e-05
2026-09-30 22:01:30,611 step=59990 train=1.80347 val=None lr=3.11172e-05
2026-09-30 22:01:31,593 step=60000 train=2.19501 val=1.9320086121559144 lr=3.11083e-05
2026-09-30 22:01:32,507 step=60010 train=1.97889 val=None lr=3.10995e-05
2026-09-30 22:01:33,274 step=60020 train=2.30159 val=None lr=3.10907e-05
2026-09-30 22:01:33,823 step=60030 train=1.74320 val=None lr=3.10819e-05
2026-09-30 22:01:34,504 step=60040 train=2.18634 val=None lr=3.10732e-05
2026-09-30 22:01:35,153 step=60050 train=1.86897 val=None lr=3.10645e-05
2026-09-30 22:01:35,657 step=60060 train=1.96662 val=None lr=3.10559e-05
2026-09-30 22:01:36,200 step=60070 train=1.71413 val=None lr=3.10472e-05
2026-09-30 22:01:36,732 step=60080 train=1.97643 val=None lr=3.10386e-05
2026-09-30 22:01:37,356 step=60090 train=1.93842 val=None lr=3.10301e-05
2026-09-30 22:01:35,845 step=60100 train=1.71433 val=1.9327847003936767 lr=3.10216e-05
2026-09-30 22:01:36,378 step=60110 train=1.91832 val=None lr=3.10131e-05
2026-09-30 22:01:36,948 step=60120 train=2.44525 val=None lr=3.10046e-05
2026-09-30 22:01:37,494 step=60130 train=2.09756 val=None lr=3.09962e-05
2026-09-30 22:01:38,157 step=60140 train=1.72465 val=None lr=3.09878e-05
2026-09-30 22:01:38,749 step=60150 train=1.87648 val=None lr=3.09795e-05
2026-09-30 22:01:39,313 step=60160 train=2.00100 val=None lr=3.09712e-05
2026-09-30 22:01:39,846 step=60170 train=2.17443 val=None lr=3.09629e-05
2026-09-30 22:01:40,430 step=60180 train=1.79181 val=None lr=3.09547e-05
2026-09-30 22:01:41,071 step=60190 train=1.95160 val=None lr=3.09465e-05
2026-09-30 22:01:41,926 step=60200 train=2.12999 val=1.932735651731491 lr=3.09383e-05
2026-09-30 22:01:42,621 step=60210 train=1.89960 val=None lr=3.09302e-05
2026-09-30 22:01:43,186 step=60220 train=2.04459 val=None lr=3.09221e-05
2026-09-30 22:01:43,800 step=60230 train=1.98459 val=None lr=3.0914e-05
2026-09-30 22:01:44,322 step=60240 train=2.29259 val=None lr=3.0906e-05
2026-09-30 22:01:44,919 step=60250 train=1.95832 val=None lr=3.0898e-05
2026-09-30 22:01:45,700 step=60260 train=2.15118 val=None lr=3.089e-05
2026-09-30 22:01:46,234 step=60270 train=1.97487 val=None lr=3.08821e-05
2026-09-30 22:01:46,730 step=60280 train=1.70116 val=None lr=3.08742e-05
2026-09-30 22:01:47,221 step=60290 train=1.96881 val=None lr=3.08664e-05
2026-09-30 22:01:48,062 step=60300 train=1.86403 val=1.9321936070919037 lr=3.08586e-05
2026-09-30 22:01:48,643 step=60310 train=2.07194 val=None lr=3.08508e-05
2026-09-30 22:01:49,171 step=60320 train=1.84306 val=None lr=3.0843e-05
2026-09-30 22:01:49,730 step=60330 train=1.90044 val=None lr=3.08353e-05
2026-09-30 22:01:50,345 step=60340 train=1.93624 val=None lr=3.08277e-05
2026-09-30 22:01:50,859 step=60350 train=1.96997 val=None lr=3.082e-05
2026-09-30 22:01:51,403 step=60360 train=1.79215 val=None lr=3.08124e-05
2026-09-30 22:01:51,901 step=60370 train=2.10831 val=None lr=3.08049e-05
2026-09-30 22:01:52,461 step=60380 train=1.90903 val=None lr=3.07973e-05
2026-09-30 22:01:52,946 step=60390 train=1.89342 val=None lr=3.07898e-05
2026-09-30 22:01:53,965 step=60400 train=2.08537 val=1.9321471273899078 lr=3.07824e-05
2026-09-30 22:01:54,629 step=60410 train=1.78682 val=None lr=3.07749e-05
2026-09-30 22:01:55,197 step=60420 train=1.86300 val=None lr=3.07675e-05
2026-09-30 22:01:55,809 step=60430 train=2.06784 val=None lr=3.07602e-05
2026-09-30 22:01:56,380 step=60440 train=2.20983 val=None lr=3.07529e-05
2026-09-30 22:01:57,033 step=60450 train=2.10402 val=None lr=3.07456e-05
2026-09-30 22:01:57,549 step=60460 train=1.87817 val=None lr=3.07383e-05
2026-09-30 22:01:58,214 step=60470 train=2.36709 val=None lr=3.07311e-05
2026-09-30 22:01:58,748 step=60480 train=1.81027 val=None lr=3.07239e-05
2026-09-30 22:01:59,344 step=60490 train=1.78357 val=None lr=3.07168e-05
2026-09-30 22:02:00,172 step=60500 train=1.92383 val=1.9322543263435363 lr=3.07097e-05
2026-09-30 22:02:01,013 step=60510 train=2.13490 val=None lr=3.07026e-05
2026-09-30 22:02:01,588 step=60520 train=2.00363 val=None lr=3.06956e-05
2026-09-30 22:02:02,223 step=60530 train=1.99787 val=None lr=3.06886e-05
2026-09-30 22:02:02,913 step=60540 train=1.88485 val=None lr=3.06816e-05
2026-09-30 22:02:03,543 step=60550 train=2.23356 val=None lr=3.06747e-05
2026-09-30 22:02:04,057 step=60560 train=2.15396 val=None lr=3.06678e-05
2026-09-30 22:02:04,728 step=60570 train=1.84882 val=None lr=3.06609e-05
2026-09-30 22:02:05,288 step=60580 train=1.94997 val=None lr=3.06541e-05
2026-09-30 22:02:05,879 step=60590 train=2.19975 val=None lr=3.06473e-05
2026-09-30 22:02:06,773 step=60600 train=1.74877 val=1.932881474494934 lr=3.06406e-05
2026-09-30 22:02:07,402 step=60610 train=1.90060 val=None lr=3.06338e-05
2026-09-30 22:02:05,587 step=60620 train=2.13957 val=None lr=3.06271e-05
2026-09-30 22:02:06,120 step=60630 train=1.83417 val=None lr=3.06205e-05
2026-09-30 22:02:06,712 step=60640 train=2.12669 val=None lr=3.06139e-05
2026-09-30 22:02:07,276 step=60650 train=2.03709 val=None lr=3.06073e-05
2026-09-30 22:02:07,867 step=60660 train=2.01769 val=None lr=3.06008e-05
2026-09-30 22:02:08,650 step=60670 train=1.75967 val=None lr=3.05943e-05
2026-09-30 22:02:09,393 step=60680 train=2.12780 val=None lr=3.05878e-05
2026-09-30 22:02:09,924 step=60690 train=1.99046 val=None lr=3.05813e-05
2026-09-30 22:02:10,923 step=60700 train=2.15470 val=1.9322943687438965 lr=3.05749e-05
2026-09-30 22:02:11,504 step=60710 train=1.80790 val=None lr=3.05686e-05
2026-09-30 22:02:12,268 step=60720 train=2.05137 val=None lr=3.05623e-05
2026-09-30 22:02:13,026 step=60730 train=1.76792 val=None lr=3.0556e-05
2026-09-30 22:02:13,575 step=60740 train=1.97599 val=None lr=3.05497e-05
2026-09-30 22:02:14,219 step=60750 train=2.07871 val=None lr=3.05435e-05
2026-09-30 22:02:14,757 step=60760 train=2.00813 val=None lr=3.05373e-05
2026-09-30 22:02:15,444 step=60770 train=2.40975 val=None lr=3.05311e-05
2026-09-30 22:02:16,041 step=60780 train=1.80853 val=None lr=3.0525e-05
2026-09-30 22:02:16,703 step=60790 train=1.83454 val=None lr=3.05189e-05
2026-09-30 22:02:17,673 step=60800 train=1.84394 val=1.9317952573299408 lr=3.05129e-05
2026-09-30 22:02:18,416 step=60810 train=2.09679 val=None lr=3.05069e-05
2026-09-30 22:02:18,995 step=60820 train=2.24899 val=None lr=3.05009e-05
2026-09-30 22:02:19,666 step=60830 train=2.02038 val=None lr=3.04949e-05
2026-09-30 22:02:20,217 step=60840 train=1.76276 val=None lr=3.0489e-05
2026-09-30 22:02:21,006 step=60850 train=2.17024 val=None lr=3.04832e-05
2026-09-30 22:02:21,765 step=60860 train=1.91845 val=None lr=3.04773e-05
2026-09-30 22:02:22,523 step=60870 train=1.77556 val=None lr=3.04715e-05
2026-09-30 22:02:23,293 step=60880 train=2.02268 val=None lr=3.04658e-05
2026-09-30 22:02:23,816 step=60890 train=1.73615 val=None lr=3.046e-05
2026-09-30 22:02:24,666 step=60900 train=1.81307 val=1.932494568824768 lr=3.04543e-05
2026-09-30 22:02:25,357 step=60910 train=1.96221 val=None lr=3.04487e-05
2026-09-30 22:02:26,079 step=60920 train=2.24330 val=None lr=3.04431e-05
2026-09-30 22:02:26,896 step=60930 train=1.94167 val=None lr=3.04375e-05
2026-09-30 22:02:27,547 step=60940 train=2.08757 val=None lr=3.04319e-05
2026-09-30 22:02:28,334 step=60950 train=1.78595 val=None lr=3.04264e-05
2026-09-30 22:02:28,928 step=60960 train=1.97487 val=None lr=3.04209e-05
2026-09-30 22:02:29,642 step=60970 train=2.06442 val=None lr=3.04155e-05
2026-09-30 22:02:30,294 step=60980 train=2.14846 val=None lr=3.04101e-05
2026-09-30 22:02:30,884 step=60990 train=2.03530 val=None lr=3.04047e-05
2026-09-30 22:02:31,852 step=61000 train=1.99520 val=1.9316133260726929 lr=3.03994e-05
2026-09-30 22:02:32,653 step=61010 train=1.85967 val=None lr=3.03941e-05
2026-09-30 22:02:33,310 step=61020 train=1.74496 val=None lr=3.03888e-05
2026-09-30 22:02:33,956 step=61030 train=2.01418 val=None lr=3.03835e-05
2026-09-30 22:02:34,429 step=61040 train=1.93175 val=None lr=3.03784e-05
2026-09-30 22:02:35,078 step=61050 train=2.26990 val=None lr=3.03732e-05
2026-09-30 22:02:35,553 step=61060 train=2.05801 val=None lr=3.03681e-05
2026-09-30 22:02:36,159 step=61070 train=1.86893 val=None lr=3.0363e-05
2026-09-30 22:02:36,769 step=61080 train=2.19526 val=None lr=3.03579e-05
2026-09-30 22:02:37,390 step=61090 train=2.02812 val=None lr=3.03529e-05
2026-09-30 22:02:35,867 step=61100 train=1.93203 val=1.9326301217079163 lr=3.03479e-05
2026-09-30 22:02:36,476 step=61110 train=2.16920 val=None lr=3.0343e-05
2026-09-30 22:02:37,034 step=61120 train=1.75255 val=None lr=3.0338e-05
2026-09-30 22:02:37,787 step=61130 train=2.07056 val=None lr=3.03332e-05
2026-09-30 22:02:38,388 step=61140 train=1.90403 val=None lr=3.03283e-05
2026-09-30 22:02:38,936 step=61150 train=1.89376 val=None lr=3.03235e-05
2026-09-30 22:02:39,560 step=61160 train=1.98090 val=None lr=3.03187e-05
2026-09-30 22:02:40,132 step=61170 train=2.06456 val=None lr=3.0314e-05
2026-09-30 22:02:40,700 step=61180 train=2.05058 val=None lr=3.03093e-05
2026-09-30 22:02:41,263 step=61190 train=1.99656 val=None lr=3.03046e-05
2026-09-30 22:02:42,073 step=61200 train=1.87716 val=1.9319008529186248 lr=3.03e-05
2026-09-30 22:02:42,786 step=61210 train=2.05752 val=None lr=3.02954e-05
2026-09-30 22:02:43,412 step=61220 train=2.06147 val=None lr=3.02908e-05
2026-09-30 22:02:43,997 step=61230 train=1.97745 val=None lr=3.02863e-05
2026-09-30 22:02:44,607 step=61240 train=1.88316 val=None lr=3.02818e-05
2026-09-30 22:02:45,188 step=61250 train=1.83771 val=None lr=3.02774e-05
2026-09-30 22:02:45,872 step=61260 train=2.06502 val=None lr=3.0273e-05
2026-09-30 22:02:46,626 step=61270 train=2.08784 val=None lr=3.02686e-05
2026-09-30 22:02:47,159 step=61280 train=2.09277 val=None lr=3.02642e-05
2026-09-30 22:02:47,667 step=61290 train=1.83455 val=None lr=3.02599e-05
2026-09-30 22:02:48,577 step=61300 train=1.75580 val=1.93194078207016 lr=3.02556e-05
2026-09-30 22:02:49,419 step=61310 train=2.04190 val=None lr=3.02514e-05
2026-09-30 22:02:49,933 step=61320 train=2.14291 val=None lr=3.02472e-05
2026-09-30 22:02:50,473 step=61330 train=1.99849 val=None lr=3.0243e-05
2026-09-30 22:02:50,986 step=61340 train=1.99562 val=None lr=3.02389e-05
2026-09-30 22:02:51,519 step=61350 train=1.94750 val=None lr=3.02348e-05
2026-09-30 22:02:52,176 step=61360 train=1.88916 val=None lr=3.02307e-05
2026-09-30 22:02:52,693 step=61370 train=1.92112 val=None lr=3.02267e-05
2026-09-30 22:02:53,183 step=61380 train=1.89112 val=None lr=3.02227e-05
2026-09-30 22:02:53,805 step=61390 train=1.85585 val=None lr=3.02187e-05
2026-09-30 22:02:54,807 step=61400 train=2.13459 val=1.93204465508461 lr=3.02148e-05
2026-09-30 22:02:55,511 step=61410 train=1.80709 val=None lr=3.02109e-05
2026-09-30 22:02:56,117 step=61420 train=1.82211 val=None lr=3.02071e-05
2026-09-30 22:02:56,793 step=61430 train=2.27514 val=None lr=3.02033e-05
2026-09-30 22:02:57,315 step=61440 train=1.90607 val=None lr=3.01995e-05
2026-09-30 22:02:57,913 step=61450 train=2.42358 val=None lr=3.01957e-05
2026-09-30 22:02:58,524 step=61460 train=1.91005 val=None lr=3.0192e-05
2026-09-30 22:02:59,043 step=61470 train=1.94077 val=None lr=3.01883e-05
2026-09-30 22:02:59,672 step=61480 train=2.18497 val=None lr=3.01847e-05
2026-09-30 22:03:00,357 step=61490 train=1.85656 val=None lr=3.01811e-05
2026-09-30 22:03:01,464 step=61500 train=2.32067 val=1.931427675485611 lr=3.01775e-05
2026-09-30 22:03:02,392 step=61510 train=2.14162 val=None lr=3.0174e-05
2026-09-30 22:03:02,989 step=61520 train=2.04718 val=None lr=3.01705e-05
2026-09-30 22:03:03,439 step=61530 train=1.85270 val=None lr=3.0167e-05
2026-09-30 22:03:03,884 step=61540 train=1.82162 val=None lr=3.01636e-05
2026-09-30 22:03:04,428 step=61550 train=1.81558 val=None lr=3.01602e-05
2026-09-30 22:03:04,941 step=61560 train=2.34121 val=None lr=3.01569e-05
2026-09-30 22:03:05,432 step=61570 train=2.16368 val=None lr=3.01536e-05
2026-09-30 22:03:06,006 step=61580 train=2.18348 val=None lr=3.01503e-05
2026-09-30 22:03:06,543 step=61590 train=1.84504 val=None lr=3.0147e-05
2026-09-30 22:03:07,626 step=61600 train=2.19819 val=1.9309292316436768 lr=3.01438e-05
2026-09-30 22:03:05,818 step=61610 train=2.15495 val=None lr=3.01406e-05
2026-09-30 22:03:06,380 step=61620 train=2.04336 val=None lr=3.01375e-05
2026-09-30 22:03:06,989 step=61630 train=1.92424 val=None lr=3.01344e-05
2026-09-30 22:03:07,563 step=61640 train=1.83259 val=None lr=3.01313e-05
2026-09-30 22:03:08,137 step=61650 train=1.90166 val=None lr=3.01283e-05
2026-09-30 22:03:08,663 step=61660 train=1.82620 val=None lr=3.01253e-05
2026-09-30 22:03:09,339 step=61670 train=2.14540 val=None lr=3.01223e-05
2026-09-30 22:03:10,094 step=61680 train=2.05432 val=None lr=3.01194e-05
2026-09-30 22:03:10,613 step=61690 train=1.78241 val=None lr=3.01165e-05
2026-09-30 22:03:11,445 step=61700 train=1.99884 val=1.9310979962348938 lr=3.01136e-05
2026-09-30 22:03:12,097 step=61710 train=2.06296 val=None lr=3.01108e-05
2026-09-30 22:03:12,824 step=61720 train=1.83109 val=None lr=3.0108e-05
2026-09-30 22:03:13,519 step=61730 train=1.84567 val=None lr=3.01053e-05
2026-09-30 22:03:14,143 step=61740 train=1.99657 val=None lr=3.01026e-05
2026-09-30 22:03:14,692 step=61750 train=1.98077 val=None lr=3.00999e-05
2026-09-30 22:03:15,482 step=61760 train=1.96645 val=None lr=3.00972e-05
2026-09-30 22:03:16,016 step=61770 train=1.72978 val=None lr=3.00946e-05
2026-09-30 22:03:16,643 step=61780 train=2.26409 val=None lr=3.0092e-05
2026-09-30 22:03:17,123 step=61790 train=1.65518 val=None lr=3.00895e-05
2026-09-30 22:03:18,000 step=61800 train=1.87339 val=1.9308098614215852 lr=3.0087e-05
2026-09-30 22:03:18,869 step=61810 train=1.96797 val=None lr=3.00845e-05
2026-09-30 22:03:19,489 step=61820 train=2.07267 val=None lr=3.00821e-05
2026-09-30 22:03:20,065 step=61830 train=1.84439 val=None lr=3.00797e-05
2026-09-30 22:03:20,609 step=61840 train=2.01680 val=None lr=3.00773e-05
2026-09-30 22:03:21,166 step=61850 train=1.90554 val=None lr=3.0075e-05
2026-09-30 22:03:21,807 step=61860 train=1.71047 val=None lr=3.00727e-05
2026-09-30 22:03:22,385 step=61870 train=2.03401 val=None lr=3.00705e-05
2026-09-30 22:03:22,937 step=61880 train=1.98358 val=None lr=3.00683e-05
2026-09-30 22:03:23,502 step=61890 train=1.87060 val=None lr=3.00661e-05
2026-09-30 22:03:24,338 step=61900 train=1.86887 val=1.9316541135311127 lr=3.00639e-05
2026-09-30 22:03:24,956 step=61910 train=1.74429 val=None lr=3.00618e-05
2026-09-30 22:03:25,488 step=61920 train=1.92891 val=None lr=3.00597e-05
2026-09-30 22:03:26,050 step=61930 train=1.99255 val=None lr=3.00577e-05
2026-09-30 22:03:26,629 step=61940 train=1.65874 val=None lr=3.00557e-05
2026-09-30 22:03:27,259 step=61950 train=2.07180 val=None lr=3.00537e-05
2026-09-30 22:03:27,846 step=61960 train=2.16059 val=None lr=3.00518e-05
2026-09-30 22:03:28,496 step=61970 train=1.81958 val=None lr=3.00499e-05
2026-09-30 22:03:29,148 step=61980 train=1.70601 val=None lr=3.0048e-05
2026-09-30 22:03:29,768 step=61990 train=1.69305 val=None lr=3.00462e-05
2026-09-30 22:03:30,727 step=62000 train=1.85452 val=1.9305330336093902 lr=3.00444e-05
2026-09-30 22:03:31,780 step=62010 train=2.41009 val=None lr=3.00426e-05
2026-09-30 22:03:32,347 step=62020 train=1.89359 val=None lr=3.00409e-05
2026-09-30 22:03:32,873 step=62030 train=2.05422 val=None lr=3.00392e-05
2026-09-30 22:03:33,345 step=62040 train=2.33271 val=None lr=3.00376e-05
2026-09-30 22:03:34,020 step=62050 train=1.90188 val=None lr=3.0036e-05
2026-09-30 22:03:34,605 step=62060 train=2.03618 val=None lr=3.00344e-05
2026-09-30 22:03:35,252 step=62070 train=1.95037 val=None lr=3.00328e-05
2026-09-30 22:03:35,776 step=62080 train=1.90303 val=None lr=3.00313e-05
2026-09-30 22:03:36,322 step=62090 train=1.92606 val=None lr=3.00298e-05
2026-09-30 22:03:37,229 step=62100 train=2.15425 val=1.9302073061466216 lr=3.00284e-05
2026-09-30 22:03:37,789 step=62110 train=1.90874 val=None lr=3.0027e-05
2026-09-30 22:03:35,957 step=62120 train=1.83129 val=None lr=3.00256e-05
2026-09-30 22:03:36,531 step=62130 train=2.14911 val=None lr=3.00243e-05
2026-09-30 22:03:37,027 step=62140 train=1.85993 val=None lr=3.0023e-05
2026-09-30 22:03:37,577 step=62150 train=1.86524 val=None lr=3.00218e-05
2026-09-30 22:03:38,197 step=62160 train=1.85041 val=None lr=3.00205e-05
2026-09-30 22:03:38,748 step=62170 train=2.07600 val=None lr=3.00193e-05
2026-09-30 22:03:39,336 step=62180 train=2.09845 val=None lr=3.00182e-05
2026-09-30 22:03:39,939 step=62190 train=1.90590 val=None lr=3.00171e-05
2026-09-30 22:03:40,882 step=62200 train=1.79922 val=1.9298224985599517 lr=3.0016e-05
2026-09-30 22:03:41,449 step=62210 train=1.95541 val=None lr=3.00149e-05
2026-09-30 22:03:41,998 step=62220 train=2.01534 val=None lr=3.00139e-05
2026-09-30 22:03:42,719 step=62230 train=1.95730 val=None lr=3.00129e-05
2026-09-30 22:03:43,312 step=62240 train=1.92361 val=None lr=3.0012e-05
2026-09-30 22:03:43,901 step=62250 train=1.94134 val=None lr=3.00111e-05
2026-09-30 22:03:44,480 step=62260 train=1.81467 val=None lr=3.00102e-05
2026-09-30 22:03:45,188 step=62270 train=2.01030 val=None lr=3.00094e-05
2026-09-30 22:03:45,856 step=62280 train=2.05457 val=None lr=3.00086e-05
2026-09-30 22:03:46,482 step=62290 train=1.79087 val=None lr=3.00078e-05
2026-09-30 22:03:47,387 step=62300 train=2.04005 val=1.929368793964386 lr=3.00071e-05
2026-09-30 22:03:48,072 step=62310 train=1.84354 val=None lr=3.00064e-05
2026-09-30 22:03:48,684 step=62320 train=1.79807 val=None lr=3.00058e-05
2026-09-30 22:03:49,175 step=62330 train=1.86033 val=None lr=3.00051e-05
2026-09-30 22:03:49,682 step=62340 train=2.20109 val=None lr=3.00045e-05
2026-09-30 22:03:50,192 step=62350 train=1.85941 val=None lr=3.0004e-05
2026-09-30 22:03:50,929 step=62360 train=2.00844 val=None lr=3.00035e-05
2026-09-30 22:03:51,494 step=62370 train=1.78126 val=None lr=3.0003e-05
2026-09-30 22:03:52,153 step=62380 train=1.86377 val=None lr=3.00026e-05
2026-09-30 22:03:52,718 step=62390 train=1.96370 val=None lr=3.00021e-05
2026-09-30 22:03:53,728 step=62400 train=1.99023 val=1.9285739481449127 lr=3.00018e-05
2026-09-30 22:03:54,381 step=62410 train=1.97626 val=None lr=3.00014e-05
2026-09-30 22:03:54,927 step=62420 train=1.88581 val=None lr=3.00011e-05
2026-09-30 22:03:55,671 step=62430 train=1.80426 val=None lr=3.00009e-05
2026-09-30 22:03:56,317 step=62440 train=1.66039 val=None lr=3.00006e-05
2026-09-30 22:03:56,962 step=62450 train=1.76668 val=None lr=3.00004e-05
2026-09-30 22:03:57,600 step=62460 train=2.11237 val=None lr=3.00003e-05
2026-09-30 22:03:58,151 step=62470 train=1.79618 val=None lr=3.00002e-05
2026-09-30 22:03:58,714 step=62480 train=1.78946 val=None lr=3.00001e-05
2026-09-30 22:03:59,285 step=62490 train=2.05749 val=None lr=3e-05
2026-09-30 22:04:00,101 step=62500 train=1.94472 val=1.9289141476154328 lr=3e-05
2026-09-30 22:04:00,630 Completed: final validation loss 1.928914
