step,tokens_seen,train_loss,val_loss,val_ppl,lr,elapsed_seconds
1,2048,9.21034049987793,,,2.4e-07,0.10770831400077441
10,20480,9.21034049987793,,,2.4e-06,0.5923623080016114
20,40960,9.210336685180664,,,4.8e-06,1.1507695420004893
30,61440,9.210331916809082,,,7.2e-06,1.7797914799994032
40,81920,9.210325241088867,,,9.6e-06,2.4088960160006536
50,102400,9.210317611694336,,,1.2e-05,2.9650924909983587
60,122880,9.210308074951172,,,1.44e-05,3.551686394999706
70,143360,9.210289001464844,,,1.68e-05,4.124011542000517
80,163840,9.210262298583984,,,1.92e-05,4.787934659998427
90,184320,9.210243225097656,,,2.1599999999999996e-05,5.3821866770013
100,204800,9.210185050964355,9.210188102722167,9998.47742338359,2.4e-05,6.351212106001185
110,225280,9.210129737854004,,,2.6399999999999995e-05,6.942173606999859
120,245760,9.210074424743652,,,2.88e-05,7.497357274998649
130,266240,9.209986686706543,,,3.12e-05,8.124126131999219
140,286720,9.2099027633667,,,3.36e-05,8.748468752000917
150,307200,9.209750175476074,,,3.6e-05,9.321787902001233
160,327680,9.209651947021484,,,3.84e-05,9.916721882000274
170,348160,9.209541320800781,,,4.0799999999999996e-05,10.505288497999572
180,368640,9.20920467376709,,,4.319999999999999e-05,11.046370485000807
190,389120,9.209028244018555,,,4.56e-05,11.736749828000029
200,409600,9.208633422851562,9.208619022369385,9982.8013106573,4.8e-05,12.57841794900014
210,430080,9.208258628845215,,,5.04e-05,13.391068151999207
220,450560,9.207816123962402,,,5.279999999999999e-05,13.988542728999164
230,471040,9.207572937011719,,,5.519999999999999e-05,14.608232602000498
240,491520,9.206937789916992,,,5.76e-05,15.107252453999536
250,512000,9.206668853759766,,,5.9999999999999995e-05,15.732478125999478
260,532480,9.205679893493652,,,6.24e-05,16.193326764998346
270,552960,9.205175399780273,,,6.479999999999999e-05,16.929382135000196
280,573440,9.204656600952148,,,6.72e-05,17.407067593001557
290,593920,9.20310115814209,,,6.96e-05,17.912254098999256
300,614400,9.201308250427246,9.20174527168274,9914.417319798491,7.2e-05,19.030420635001065
310,634880,9.200398445129395,,,7.439999999999999e-05,19.642514133000077
320,655360,9.199078559875488,,,7.68e-05,20.15055393900184
330,675840,9.198087692260742,,,7.919999999999999e-05,20.93937405899851
340,696320,9.196231842041016,,,8.159999999999999e-05,21.61374395099847
350,716800,9.193031311035156,,,8.4e-05,22.18096975699882
360,737280,9.190162658691406,,,8.639999999999999e-05,22.709387629998673
370,757760,9.187800407409668,,,8.879999999999999e-05,23.290195055000368
380,778240,9.185824394226074,,,9.12e-05,23.851816379999946
390,798720,9.17851448059082,,,9.36e-05,24.388567003999924
400,819200,9.170644760131836,9.172863292694093,9632.164950813762,9.6e-05,25.386250185998506
410,839680,9.167673110961914,,,9.839999999999999e-05,25.92117720999886
420,860160,9.160102844238281,,,0.0001008,26.47120268100116
430,880640,9.14556884765625,,,0.00010319999999999997,26.97932806600147
440,901120,9.129157066345215,,,0.00010559999999999998,27.553959402001055
450,921600,9.114255905151367,,,0.00010799999999999998,28.15315875699889
460,942080,9.094799041748047,,,0.00011039999999999999,28.804606713001704
470,962560,9.069686889648438,,,0.00011279999999999999,29.367722977000085
480,983040,9.045713424682617,,,0.0001152,29.879826551001315
490,1003520,9.024242401123047,,,0.0001176,30.465053936000913
500,1024000,8.990779876708984,8.990972709655761,8030.264213147719,0.00011999999999999999,31.362044615998457
510,1044480,8.973450660705566,,,0.0001224,32.287269661999744
520,1064960,8.933500289916992,,,0.0001248,32.93265397700088
530,1085440,8.912935256958008,,,0.00012719999999999997,33.44071747899943
540,1105920,8.874957084655762,,,0.00012959999999999998,34.05357038999864
550,1126400,8.859550476074219,,,0.00013199999999999998,34.66499472199939
560,1146880,8.816121101379395,,,0.0001344,35.337069353001425
570,1167360,8.785871505737305,,,0.0001368,35.94285328499973
580,1187840,8.762245178222656,,,0.0001392,36.572585841000546
590,1208320,8.721885681152344,,,0.0001416,37.1922255319987
600,1228800,8.672078132629395,8.666583585739136,5805.6309890704615,0.000144,38.2198062460011
610,1249280,8.635534286499023,,,0.0001464,38.76646598200023
620,1269760,8.578031539916992,,,0.00014879999999999998,39.376629956001125
630,1290240,8.545740127563477,,,0.0001512,39.88357313799861
640,1310720,8.494165420532227,,,0.0001536,40.52737168300155
650,1331200,8.465051651000977,,,0.00015599999999999997,41.01490096099951
660,1351680,8.40804672241211,,,0.00015839999999999997,41.4873889340015
670,1372160,8.35135269165039,,,0.00016079999999999998,42.0595001469992
680,1392640,8.292091369628906,,,0.00016319999999999998,42.59892485299861
690,1413120,8.24885368347168,,,0.0001656,43.144567138999264
700,1433600,8.149740219116211,8.155812883377076,3483.5699107387068,0.000168,44.03400241399868
710,1454080,8.090228080749512,,,0.0001704,44.63507172699974
720,1474560,8.042851448059082,,,0.00017279999999999997,45.252757236001344
730,1495040,7.983861923217773,,,0.00017519999999999998,45.89369696599897
740,1515520,7.882265567779541,,,0.00017759999999999998,46.50974225200116
750,1536000,7.873200416564941,,,0.00017999999999999998,47.034933041999466
760,1556480,7.778750419616699,,,0.0001824,47.63000629800081
770,1576960,7.688844680786133,,,0.0001848,48.24547697199887
780,1597440,7.644667625427246,,,0.0001872,48.82614478100004
790,1617920,7.575195789337158,,,0.0001896,49.45002498300164
800,1638400,7.510924816131592,7.459747171401977,1736.7089121575266,0.000192,50.396450631000334
810,1658880,7.415180683135986,,,0.00019439999999999998,51.065427138000814
820,1679360,7.348609447479248,,,0.00019679999999999999,51.62056447299983
830,1699840,7.218549728393555,,,0.0001992,52.18438873600098
840,1720320,7.212011814117432,,,0.0002016,52.88420281100116
850,1740800,7.087824821472168,,,0.000204,53.46798199499972
860,1761280,7.035031795501709,,,0.00020639999999999995,54.00473508000141
870,1781760,6.946049690246582,,,0.00020879999999999995,54.554193473999476
880,1802240,6.817970275878906,,,0.00021119999999999996,55.08889591999832
890,1822720,6.800887107849121,,,0.00021359999999999996,55.643326883000555
900,1843200,6.7399444580078125,6.671005916595459,789.1890636949469,0.00021599999999999996,56.70644082099898
910,1863680,6.587136268615723,,,0.00021839999999999997,57.33768237500044
920,1884160,6.57150936126709,,,0.00022079999999999997,57.88479395499962
930,1904640,6.483596324920654,,,0.00022319999999999998,58.53714270199998
940,1925120,6.354771614074707,,,0.00022559999999999998,59.11539863800135
950,1945600,6.277009963989258,,,0.00022799999999999999,59.66514135000034
960,1966080,6.258601665496826,,,0.0002304,60.28264712099917
970,1986560,6.341297149658203,,,0.0002328,60.977069397999
980,2007040,6.223519325256348,,,0.0002352,61.525079422001
990,2027520,6.073904991149902,,,0.0002376,62.15592145000119
1000,2048000,5.999761581420898,6.052586054801941,425.2112289719482,0.00023999999999999998,63.19635611099875
1010,2068480,6.080657005310059,,,0.00024239999999999998,64.02803080800004
1020,2088960,6.10566520690918,,,0.0002448,64.62685402200077
1030,2109440,5.897494316101074,,,0.0002472,65.13457506800114
1040,2129920,5.842137336730957,,,0.0002496,65.75136733999898
1050,2150400,5.843386650085449,,,0.00025199999999999995,66.35216866400151
1060,2170880,5.679714679718018,,,0.00025439999999999995,67.01018148100047
1070,2191360,5.687967777252197,,,0.00025679999999999995,67.51291974099877
1080,2211840,5.682257652282715,,,0.00025919999999999996,68.02855750500021
1090,2232320,5.869540214538574,,,0.00026159999999999996,68.46945360899917
1100,2252800,5.663812637329102,5.718886756896973,304.5656785201483,0.00026399999999999997,69.31884694199834
1110,2273280,5.8679351806640625,,,0.00026639999999999997,69.90587599799983
1120,2293760,5.663786888122559,,,0.0002688,70.4422107140017
1130,2314240,5.615703105926514,,,0.0002712,70.94281451699862
1140,2334720,5.582213878631592,,,0.0002736,71.46591623000131
1150,2355200,5.546054840087891,,,0.000276,72.0391778330013
1160,2375680,5.652088165283203,,,0.0002784,72.65741153999988
1170,2396160,5.5302934646606445,,,0.0002808,73.1129651279989
1180,2416640,5.530488014221191,,,0.0002832,73.80733593699915
1190,2437120,5.387267112731934,,,0.0002856,74.291725993
1200,2457600,5.548356533050537,5.4000812530517575,221.4244068820712,0.000288,75.39202998600013
1210,2478080,5.580605506896973,,,0.0002904,76.07361138399938
1220,2498560,5.517961502075195,,,0.0002928,76.5394082970015
1230,2519040,5.464035987854004,,,0.0002952,77.15488922000077
1240,2539520,5.284597873687744,,,0.00029759999999999997,77.85232281999924
1250,2560000,5.239898681640625,,,0.0003,78.38384405100078
1260,2580480,5.072652816772461,,,0.00029999998224211155,79.02274356899943
1270,2600960,5.119668006896973,,,0.000299999928968451,79.61300078500062
1280,2621440,5.140668869018555,,,0.0002999998401790323,80.20685841999875
1290,2641920,5.085657596588135,,,0.0002999997158738788,80.75060050500178
1300,2662400,5.093597888946533,5.076085162162781,160.14588197307984,0.00029999955605302325,81.67946548300097
1310,2682880,5.038371562957764,,,0.0002999993607165077,82.37061336699844
1320,2703360,5.195651054382324,,,0.0002999991298643834,83.0341504579992
1330,2723840,5.0635905265808105,,,0.00029999886349671125,83.53678997500174
1340,2744320,4.954501628875732,,,0.0002999985616135613,84.15798572900167
1350,2764800,4.753922462463379,,,0.0002999982242150129,84.90530673100147
1360,2785280,4.875890254974365,,,0.0002999978513011549,85.51776065499871
1370,2805760,4.865788459777832,,,0.0002999974428720853,86.26792649300114
1380,2826240,4.859553337097168,,,0.0002999969989279116,86.85066843000095
1390,2846720,4.78515100479126,,,0.00029999651946875064,87.41567704000045
1400,2867200,4.806434631347656,4.7653357028961185,117.3705122958262,0.0002999960044947285,88.35590257900185
1410,2887680,4.774017333984375,,,0.00029999545400598065,88.90257312700123
1420,2908160,4.619435787200928,,,0.00029999486800265195,89.50672695799949
1430,2928640,4.675743579864502,,,0.00029999424648489655,90.05958968699997
1440,2949120,4.652133941650391,,,0.000299993589452878,90.5924791949983
1450,2969600,4.718052864074707,,,0.000299992896906769,91.143265617
1460,2990080,4.5845232009887695,,,0.0002999921688467519,91.63402026800031
1470,3010560,4.514020919799805,,,0.0002999914052730182,92.24393268800122
1480,3031040,4.5423784255981445,,,0.0002999906061857688,92.85452502200133
1490,3051520,4.517129898071289,,,0.0002999897715852139,93.38452117400084
1500,3072000,4.635953426361084,4.504153728485107,90.39181565276922,0.00029998890147157306,94.3427701340006
1510,3092480,4.599749565124512,,,0.0002999879958450752,95.1555157570001
1520,3112960,4.472701072692871,,,0.00029998705470595855,95.72394381599952
1530,3133440,4.5320024490356445,,,0.00029998607805447073,96.21261336300086
1540,3153920,4.490351676940918,,,0.00029998506589086867,96.71094386199911
1550,3174400,4.242985248565674,,,0.00029998401821541864,97.26345400799983
1560,3194880,4.177421569824219,,,0.0002999829350283963,97.82610959999874
1570,3215360,4.837844371795654,,,0.00029998181633008654,98.40408666299845
1580,3235840,4.251880168914795,,,0.0002999806621207837,98.96046747600121
1590,3256320,4.4956135749816895,,,0.0002999794724007915,99.51121679900098
1600,3276800,4.2569050788879395,4.321180081367492,75.2774093654601,0.0002999782471704228,100.38659349999944
1610,3297280,4.388236999511719,,,0.0002999769864300001,100.93622960799985
1620,3317760,4.226404190063477,,,0.0002999756901798549,101.49880611199842
1630,3338240,3.9979865550994873,,,0.0002999743584203283,102.15631189800115
1640,3358720,3.9968206882476807,,,0.0002999729911517707,102.81993037600114
1650,3379200,4.498175621032715,,,0.0002999715883745418,103.35279064000133
1660,3399680,4.2151288986206055,,,0.0002999701500890105,103.99493470900052
1670,3420160,4.32882833480835,,,0.0002999686762955554,104.70052456399935
1680,3440640,4.361138343811035,,,0.000299967166994564,105.38765414500085
1690,3461120,4.3786211013793945,,,0.0002999656221864335,105.89637453199975
1700,3481600,4.3610405921936035,4.1947285532951355,66.33572251986295,0.00029996404187157034,106.80202829300106
1710,3502080,4.232341766357422,,,0.00029996242605039014,107.40902910300065
1720,3522560,4.003507137298584,,,0.00029996077472331815,108.07561642400105
1730,3543040,4.254631519317627,,,0.00029995908789078865,108.59790839400011
1740,3563520,4.149078369140625,,,0.00029995736555324544,109.13772694100044
1750,3584000,4.373318672180176,,,0.00029995560771114174,109.70035876700058
1760,3604480,4.298092842102051,,,0.0002999538143649399,110.30647672000123
1770,3624960,4.1677632331848145,,,0.00029995198551511175,110.86064217600142
1780,3645440,4.396007537841797,,,0.00029995012116213843,111.4277777669995
1790,3665920,4.236851692199707,,,0.0002999482213065104,111.98708496100153
1800,3686400,4.308419227600098,4.111199486255646,61.01986618128052,0.00029994628594872747,112.93841221399998
1810,3706880,4.3079986572265625,,,0.0002999443150892988,113.5311752710004
1820,3727360,4.389306545257568,,,0.0002999423087287429,114.11940530900029
1830,3747840,3.8734328746795654,,,0.00029994026686758755,114.72953748900181
1840,3768320,4.071645736694336,,,0.00029993818950637,115.23093932700067
1850,3788800,3.9566116333007812,,,0.00029993607664563667,115.88083281400031
1860,3809280,4.116913795471191,,,0.0002999339282859435,116.45496570199975
1870,3829760,3.8357152938842773,,,0.0002999317444278556,116.97662675899846
1880,3850240,4.136943817138672,,,0.00029992952507194756,117.64433159799955
1890,3870720,4.446285247802734,,,0.00029992727021880324,118.18098033600108
1900,3891200,3.8652544021606445,4.046137022972107,57.17615969590305,0.0002999249798690158,119.12157891099923
1910,3911680,4.1902360916137695,,,0.00029992265402318787,119.81663171200125
1920,3932160,3.9475154876708984,,,0.0002999202926819312,120.34007972999825
1930,3952640,4.129308700561523,,,0.0002999178958458672,121.01787740800137
1940,3973120,4.153651714324951,,,0.00029991546351562626,121.57241327999873
1950,3993600,3.986271381378174,,,0.00029991299569184836,122.1763102320001
1960,4014080,4.190054416656494,,,0.0002999104923751827,122.74268364900126
1970,4034560,4.106701850891113,,,0.00029990795356628786,123.51285068099969
1980,4055040,4.105103969573975,,,0.00029990537926583174,124.24243926200143
1990,4075520,3.7340950965881348,,,0.00029990276947449167,124.94791217799866
2000,4096000,4.14453125,3.9984036922454833,54.5110641093245,0.0002999001241929541,125.90176259900181
2010,4116480,4.079276084899902,,,0.00029989744342191505,126.8789767169983
2020,4136960,3.9759254455566406,,,0.0002998947271620797,127.45786531400154
2030,4157440,3.887197732925415,,,0.00029989197541416274,127.97051361400008
2040,4177920,4.135688781738281,,,0.000299889188178888,128.70484191799915
2050,4198400,4.130427360534668,,,0.0002998863654569888,129.2202159189983
2060,4218880,3.972815752029419,,,0.0002998835072492078,129.72969548000037
2070,4239360,4.123346328735352,,,0.0002998806135562968,130.35939570700066
2080,4259840,4.029720783233643,,,0.00029987768437901715,130.9133023559989
2090,4280320,3.879945755004883,,,0.0002998747197181394,131.46288095699856
2100,4300800,3.9412600994110107,3.9594666004180907,52.42935269449411,0.0002998717195744436,132.56906447800066
2110,4321280,4.062213897705078,,,0.00029986868394871896,133.32615666499987
2120,4341760,3.91278076171875,,,0.0002998656128417641,133.95459569000013
2130,4362240,3.9374804496765137,,,0.00029986250625438696,134.55665672800023
2140,4382720,3.7942659854888916,,,0.0002998593641874048,135.05781887600097
2150,4403200,3.6041502952575684,,,0.00029985618664164434,135.661310847001
2160,4423680,4.159448623657227,,,0.0002998529736179414,136.2332563659984
2170,4444160,3.863682746887207,,,0.0002998497251171413,136.7798212130001
2180,4464640,4.027210712432861,,,0.00029984644114009867,137.38202720700065
2190,4485120,4.048644065856934,,,0.0002998431216876774,138.3376266080013
2200,4505600,3.8154819011688232,3.933046293258667,51.0622916980255,0.0002998397667607509,139.4252747169994
2210,4526080,3.9026694297790527,,,0.00029983637636020173,139.97374244399907
2220,4546560,3.996490001678467,,,0.00029983295048692174,140.5145695809988
2230,4567040,4.0710835456848145,,,0.00029982948914181233,141.24931996099986
2240,4587520,3.9640798568725586,,,0.000299825992325784,141.79709951399855
2250,4608000,3.946969509124756,,,0.0002998224600397569,142.5144414940005
2260,4628480,3.8134779930114746,,,0.00029981889228466004,143.067252593999
2270,4648960,4.139300346374512,,,0.00029981528906143217,143.71935630499866
2280,4669440,3.905449867248535,,,0.0002998116503710212,144.3591531689999
2290,4689920,3.8955297470092773,,,0.0002998079762143843,144.92910985100025
2300,4710400,3.9923901557922363,3.902944600582123,49.54813397253124,0.0002998042665924883,145.86688602999857
2310,4730880,3.8571014404296875,,,0.0002998005215063089,146.4580941210006
2320,4751360,4.305270195007324,,,0.00029979674095683155,147.06292927400136
2330,4771840,4.022169589996338,,,0.0002997929249450506,147.68375121099962
2340,4792320,3.755364418029785,,,0.00029978907347197017,148.22334653299913
2350,4812800,3.9659199714660645,,,0.00029978518653860336,148.72436390499934
2360,4833280,4.058386325836182,,,0.00029978126414597294,149.37697683900114
2370,4853760,3.8251349925994873,,,0.00029977730629511057,150.04305215899876
2380,4874240,4.095210075378418,,,0.00029977331298705764,150.6978753830008
2390,4894720,3.993098497390747,,,0.00029976928422286467,151.2895135409999
2400,4915200,3.858069658279419,3.882173037528992,48.52955712266973,0.00029976522000359153,152.24188718599908
2410,4935680,4.07132625579834,,,0.00029976112033030746,152.77838736500053
2420,4956160,3.823357582092285,,,0.000299756985204091,153.3678921389983
2430,4976640,3.8972129821777344,,,0.00029975281462602996,153.98812880900005
2440,4997120,4.01666259765625,,,0.0002997486085972216,154.74370825799997
2450,5017600,4.150435924530029,,,0.00029974436711877246,155.28664473900062
2460,5038080,3.7646067142486572,,,0.0002997400901917983,155.84275359299863
2470,5058560,3.7954440116882324,,,0.0002997357778174243,156.45706311200047
2480,5079040,4.038847923278809,,,0.0002997314299967851,157.1190462779996
2490,5099520,3.939964771270752,,,0.0002997270467310244,157.63776470299854
2500,5120000,3.9121623039245605,3.8571889877319334,47.33211303887276,0.0002997226280212954,158.60140129900174
2510,5140480,4.079907417297363,,,0.00029971817386876046,159.52257873100098
2520,5160960,4.085520267486572,,,0.00029971368427459153,160.12232476999998
2530,5181440,3.7975003719329834,,,0.0002997091592399697,160.69277775799856
2540,5201920,3.71665096282959,,,0.0002997045987660853,161.36919803400087
2550,5222400,3.8887829780578613,,,0.0002997000028541382,162.03421390099902
2560,5242880,3.6979384422302246,,,0.0002996953715053375,162.68175215099836
2570,5263360,3.823270797729492,,,0.0002996907047209016,163.3569474299984
2580,5283840,3.641310214996338,,,0.0002996860025020582,163.9452388009995
2590,5304320,3.915964365005493,,,0.0002996812648500444,164.61187292899922
2600,5324800,3.869283437728882,3.826374816894531,45.895855409238095,0.00029967649176610654,165.82115446800162
2610,5345280,3.9879276752471924,,,0.00029967168325150035,166.61280790000092
2620,5365760,3.881402015686035,,,0.00029966683930749083,167.2782893750009
2630,5386240,4.023475646972656,,,0.0002996619599353524,167.88899524500084
2640,5406720,3.7343878746032715,,,0.00029965704513636865,168.4969358390008
2650,5427200,3.7795345783233643,,,0.0002996520949118326,169.1771182679986
2660,5447680,4.032102584838867,,,0.00029964710926304647,170.01430919999984
2670,5468160,3.7162914276123047,,,0.000299642088191322,170.63378693900086
2680,5488640,3.9503045082092285,,,0.0002996370316979801,171.29773966100038
2690,5509120,4.128218650817871,,,0.00029963193978435094,171.8898323889989
2700,5529600,4.033963203430176,3.7868614554405213,44.11771733680809,0.0002996268124517742,173.06007358100032
2710,5550080,4.110914707183838,,,0.0002996216497015988,173.66640298100174
2720,5570560,3.953308582305908,,,0.00029961645153518283,174.51409831600176
2730,5591040,3.6995463371276855,,,0.00029961121795389395,175.31975950700144
2740,5611520,3.6953840255737305,,,0.000299605948959109,176.0974298459987
2750,5632000,3.998732089996338,,,0.00029960064455221403,176.691845759
2760,5652480,3.915174961090088,,,0.0002995953047346046,177.3412679790017
2770,5672960,3.9571807384490967,,,0.00029958992950768556,177.85851325900148
2780,5693440,3.8152480125427246,,,0.0002995845188728709,178.4820813510014
2790,5713920,3.731719970703125,,,0.0002995790728315842,179.0251388680008
2800,5734400,3.719823122024536,3.7421320557594298,42.18784117703643,0.0002995735913852581,179.95141666799827
2810,5754880,3.752480983734131,,,0.00029956807453533467,180.5408802130005
2820,5775360,3.7314696311950684,,,0.00029956252228326526,181.1890665079991
2830,5795840,3.776294469833374,,,0.0002995569346305106,181.77837335599907
2840,5816320,3.8220458030700684,,,0.00029955131157854075,182.42372907200115
2850,5836800,3.6814165115356445,,,0.00029954565312883483,183.04278003799845
2860,5857280,3.8277034759521484,,,0.0002995399592828817,183.61205073300152
2870,5877760,3.734834671020508,,,0.0002995342300421791,184.35307036299855
2880,5898240,3.585867404937744,,,0.0002995284654082344,184.8582792829984
2890,5918720,4.116976737976074,,,0.0002995226653825641,185.3481862769986
2900,5939200,3.876000165939331,3.6862823247909544,39.89624961198527,0.00029951682996669406,186.31925256999966
2910,5959680,3.7834110260009766,,,0.0002995109591621595,187.08410767700116
2920,5980160,3.718595027923584,,,0.00029950505297050487,187.77774574200157
2930,6000640,3.5684261322021484,,,0.00029949911139328403,188.2991909730008
2940,6021120,3.8806047439575195,,,0.00029949313443206006,188.83140659299897
2950,6041600,3.7538063526153564,,,0.00029948712208840533,189.36272724399896
2960,6062080,3.8975017070770264,,,0.00029948107436390163,189.9415254589985
2970,6082560,3.9872050285339355,,,0.00029947499126014,190.47794362599961
2980,6103040,3.690490245819092,,,0.0002994688727787207,191.06610498100054
2990,6123520,3.4042086601257324,,,0.0002994627189212535,191.61033093099832
3000,6144000,3.984708309173584,3.6350805521011353,37.90490609399899,0.00029945652968935724,192.51038647599853
3010,6164480,3.5543999671936035,,,0.00029945030508466027,193.4927776580007
3020,6184960,3.8340797424316406,,,0.00029944404510880005,194.32928711299974
3030,6205440,3.5261127948760986,,,0.0002994377497634236,194.95224133100055
3040,6225920,3.6301848888397217,,,0.000299431419050187,195.51000933400064
3050,6246400,3.913072347640991,,,0.00029942505297075574,196.07223879999947
3060,6266880,3.735046863555908,,,0.00029941865152680465,196.71962008600167
3070,6287360,3.4801878929138184,,,0.00029941221472001774,197.30683347599916
3080,6307840,3.5533974170684814,,,0.0002994057425520885,197.86196427400137
3090,6328320,3.5077526569366455,,,0.00029939923502471957,198.42357738200008
3100,6348800,3.604450225830078,3.5865590453147886,36.10961037612002,0.0002993926921396229,199.61240588099827
3110,6369280,3.8544559478759766,,,0.00029938611389851997,200.16174112999943
3120,6389760,3.444920539855957,,,0.00029937950030314115,200.75955655600046
3130,6410240,3.7657618522644043,,,0.00029937285135522656,201.39831245499954
3140,6430720,3.5517773628234863,,,0.0002993661670565252,202.05978203400082
3150,6451200,3.766252279281616,,,0.0002993594474087958,202.59194899900103
3160,6471680,3.683750867843628,,,0.00029935269241380594,203.07762887699937
3170,6492160,3.5477826595306396,,,0.0002993459020733329,203.6488498789986
3180,6512640,3.708864212036133,,,0.00029933907638916293,204.2944732319993
3190,6533120,3.744319200515747,,,0.0002993322153630918,204.8590958370005
3200,6553600,3.6020960807800293,3.5458070755004885,34.66765346832175,0.0002993253189969246,205.7900630039985
3210,6574080,3.462400197982788,,,0.0002993183872924755,206.36972508899999
3220,6594560,3.588336229324341,,,0.0002993114202515681,206.9414726670002
3230,6615040,3.4614882469177246,,,0.00029930441787603534,207.5939776310006
3240,6635520,3.5572493076324463,,,0.00029929738016771937,208.21638273899953
3250,6656000,3.6546313762664795,,,0.0002992903071284717,208.9085876909994
3260,6676480,3.399275064468384,,,0.0002992831987601531,209.4849357790008
3270,6696960,3.530353546142578,,,0.0002992760550646336,210.14557594800135
3280,6717440,3.5789036750793457,,,0.00029926887604379257,210.787574856
3290,6737920,3.745025634765625,,,0.0002992616616995187,211.36388654300026
3300,6758400,3.752614974975586,3.5046108841896055,33.2684960356715,0.0002992544120337099,212.46711207100088
3310,6778880,3.6764488220214844,,,0.0002992471270482735,213.060957321999
3320,6799360,3.54209041595459,,,0.00029923980674512586,213.7113491909986
3330,6819840,3.3588085174560547,,,0.00029923245112619296,214.36505301700163
3340,6840320,3.5098495483398438,,,0.00029922506019340985,214.91129619899948
3350,6860800,3.526616334915161,,,0.00029921763394872094,215.6232665839998
3360,6881280,3.4312660694122314,,,0.0002992101723940799,216.19889204799983
3370,6901760,3.5446372032165527,,,0.0002992026755314498,216.79209322500174
3380,6922240,3.380863666534424,,,0.00029919514336280284,217.5627712759997
3390,6942720,3.379603385925293,,,0.0002991875758901206,218.14449448400046
3400,6963200,3.449439764022827,3.469472658634186,32.1197998787501,0.000299179973115394,219.02164683799856
3410,6983680,3.6248412132263184,,,0.000299172335040623,219.55178377999982
3420,7004160,3.8053689002990723,,,0.00029916466166781715,220.14125774499917
3430,7024640,3.6524128913879395,,,0.00029915695299899517,220.77077688600184
3440,7045120,3.377394437789917,,,0.00029914920903618503,221.33495070799836
3450,7065600,3.5084428787231445,,,0.00029914142978142405,221.91054597399852
3460,7086080,3.407743453979492,,,0.0002991336152367587,222.5316960199998
3470,7106560,3.388728618621826,,,0.0002991257654042449,223.13735037800143
3480,7127040,3.390933036804199,,,0.0002991178802859477,223.8532383870006
3490,7147520,3.457334280014038,,,0.0002991099598839416,224.5026848660018
3500,7168000,3.633302927017212,3.432086706161499,30.941140500872834,0.00029910200420031033,225.66393578299903
3510,7188480,3.629312515258789,,,0.00029909401323714675,226.72974500499913
3520,7208960,3.293264865875244,,,0.0002990859869965532,227.34002783100004
3530,7229440,3.3907556533813477,,,0.00029907792548064126,227.94614594000086
3540,7249920,3.3166604042053223,,,0.0002990698286915317,228.53929053899992
3550,7270400,3.5400683879852295,,,0.0002990616966313546,229.08785890099898
3560,7290880,3.611722946166992,,,0.0002990535293022493,229.6412779050006
3570,7311360,3.4681010246276855,,,0.0002990453267063646,230.1487613499994
3580,7331840,3.682833671569824,,,0.00029903708884585834,230.7113412309991
3590,7352320,3.3347244262695312,,,0.00029902881572289777,231.2146232849991
3600,7372800,3.5318756103515625,3.404613494873047,30.10265864326643,0.00029902050733965937,232.18569871499858
3610,7393280,3.2556166648864746,,,0.00029901216369832885,233.08242057700045
3620,7413760,3.4382381439208984,,,0.0002990037848011014,234.02428092099944
3630,7434240,3.439785957336426,,,0.0002989953706501812,234.62198977300068
3640,7454720,3.548438549041748,,,0.0002989869212477819,235.26743849099876
3650,7475200,3.2571496963500977,,,0.00029897843659612637,235.7995854969995
3660,7495680,3.333035469055176,,,0.0002989699166974467,236.57957834899935
3670,7516160,3.344844341278076,,,0.00029896136155398433,237.26613699600057
3680,7536640,3.4529366493225098,,,0.00029895277116799004,237.8980384130009
3690,7557120,3.238069534301758,,,0.0002989441455417237,238.59259596500124
3700,7577600,3.4258460998535156,3.3717583060264587,29.129700983690206,0.0002989354846774545,239.6962933520008
3710,7598080,3.35941743850708,,,0.00029892678857746096,240.23447230500096
3720,7618560,3.4555554389953613,,,0.0002989180572440309,240.8161317970007
3730,7639040,3.2951111793518066,,,0.0002989092906794614,241.3453512019987
3740,7659520,3.71359920501709,,,0.0002989004888860586,241.9399227419999
3750,7680000,3.4805784225463867,,,0.0002988916518661382,242.52817526199942
3760,7700480,3.1972575187683105,,,0.000298882779622025,243.16144390200134
3770,7720960,3.4941017627716064,,,0.00029887387215605317,243.78291054700094
3780,7741440,3.2011170387268066,,,0.000298864929470566,244.3502846090014
3790,7761920,3.3309640884399414,,,0.00029885595156791615,244.98090938599853
3800,7782400,3.570660352706909,3.3435190439224245,28.31860598505477,0.0002988469384504656,245.96597001700138
3810,7802880,3.3437085151672363,,,0.00029883789012058535,246.49133428300047
3820,7823360,3.5311901569366455,,,0.00029882880658065606,247.07443226000032
3830,7843840,3.464742660522461,,,0.0002988196878330673,247.62446542500038
3840,7864320,3.2338500022888184,,,0.00029881053388021797,248.1941269880008
3850,7884800,3.2750134468078613,,,0.00029880134472451636,248.8503271269983
3860,7905280,3.529623031616211,,,0.00029879212036837996,249.4104269849995
3870,7925760,3.2940306663513184,,,0.0002987828608142355,249.99371376999989
3880,7946240,3.4205799102783203,,,0.000298773566064519,250.6124944459989
3890,7966720,3.7587802410125732,,,0.00029876423612167573,251.24471090299994
3900,7987200,3.659118890762329,3.306312310695648,27.28432361480141,0.00029875487098816016,252.15347600599853
3910,8007680,3.2580456733703613,,,0.0002987454706664361,252.94074233900028
3920,8028160,3.440779209136963,,,0.00029873603515897655,253.63386646399886
3930,8048640,3.2553606033325195,,,0.0002987265644682638,254.12587856100072
3940,8069120,3.299478530883789,,,0.0002987170585967895,254.73483057699923
3950,8089600,3.2495057582855225,,,0.00029870751754705436,255.46906015399873
3960,8110080,3.306196689605713,,,0.0002986979413215685,256.0678739190007
3970,8130560,3.1848323345184326,,,0.0002986883299228511,256.78435913700014
3980,8151040,3.6322739124298096,,,0.00029867868335343084,257.4586753570002
3990,8171520,3.0760557651519775,,,0.00029866900161584553,258.0948956130014
4000,8192000,3.2325615882873535,3.2774873971939087,26.50908215732213,0.00029865928471264224,259.0832187999986
4010,8212480,3.3197638988494873,,,0.0002986495326463772,260.2373086439984
4020,8232960,3.3668558597564697,,,0.0002986397454196161,260.8699545579984
4030,8253440,3.5066921710968018,,,0.00029862992303493377,261.5220810360006
4040,8273920,3.5726521015167236,,,0.00029862006549491416,261.989009506
4050,8294400,3.1479547023773193,,,0.00029861017280215067,262.4826527410005
4060,8314880,3.5326664447784424,,,0.0002986002449592459,262.9695970819994
4070,8335360,3.3763418197631836,,,0.0002985902819688115,263.5666568730012
4080,8355840,3.367790699005127,,,0.0002985802838334688,264.1260372120014
4090,8376320,3.249965190887451,,,0.0002985702505558479,264.7338307479986
4100,8396800,3.431253671646118,3.2555925250053406,25.93497710464338,0.0002985601821385884,265.9156263139994
4110,8417280,3.468456745147705,,,0.00029855007858433914,266.46024169500015
4120,8437760,3.185196876525879,,,0.0002985399398957581,267.02567893800006
4130,8458240,3.3029842376708984,,,0.0002985297660755126,267.5631087289985
4140,8478720,3.318018913269043,,,0.0002985195571262792,268.14903469600176
4150,8499200,3.2951014041900635,,,0.0002985093130507436,268.76506205699843
4160,8519680,3.128166437149048,,,0.00029849903385160086,269.3322186149999
4170,8540160,3.3300323486328125,,,0.00029848871953155523,269.9584404720008
4180,8560640,3.3498992919921875,,,0.00029847837009332016,270.54464538200045
4190,8581120,3.049191474914551,,,0.00029846798553961835,271.26933083699987
4200,8601600,3.390886068344116,3.227307844161987,25.21169172243518,0.0002984575658731819,272.23399498800063
4210,8622080,3.506767749786377,,,0.0002984471110967519,272.9051528960008
4220,8642560,3.277988910675049,,,0.00029843662121307877,273.561099210001
4230,8663040,3.3289856910705566,,,0.0002984260962249223,274.07795032599824
4240,8683520,3.3018195629119873,,,0.00029841553613505135,274.65444135800135
4250,8704000,3.601616859436035,,,0.000298404940946244,275.2215130580007
4260,8724480,3.3229923248291016,,,0.0002983943106612877,275.95493821900163
4270,8744960,3.322610855102539,,,0.00029838364528297906,276.67976164300126
4280,8765440,3.3284764289855957,,,0.00029837294481412395,277.5455938689993
4290,8785920,3.3127493858337402,,,0.0002983622092575374,278.2186383070002
4300,8806400,3.2976021766662598,3.200920212268829,24.555115722527177,0.0002983514386160437,279.0719990789985
4310,8826880,3.3090593814849854,,,0.00029834063289247646,279.7264089970013
4320,8847360,3.720808506011963,,,0.00029832979208967836,280.30451618699954
4330,8867840,3.3513972759246826,,,0.0002983189162105015,280.91852920399833
4340,8888320,3.192694902420044,,,0.000298308005257807,281.53062376899834
4350,8908800,3.2849974632263184,,,0.0002982970592344654,282.1198814650015
4360,8929280,3.022759437561035,,,0.00029828607814335635,282.759336258001
4370,8949760,3.3047947883605957,,,0.0002982750619873687,283.3188175200012
4380,8970240,3.0067107677459717,,,0.00029826401076940063,283.87625110299996
4390,8990720,3.4911091327667236,,,0.0002982529244923595,284.4873931389993
4400,9011200,3.1171443462371826,3.180647873878479,24.06233786334208,0.0002982418031591619,285.4672556629994
4410,9031680,3.081148147583008,,,0.00029823064677273354,286.0071918190006
4420,9052160,2.976897716522217,,,0.0002982194553360096,286.54758951199983
4430,9072640,3.428602695465088,,,0.0002982082288519341,287.2356504189993
4440,9093120,3.375706195831299,,,0.0002981969673234606,288.00866712599964
4450,9113600,3.367985963821411,,,0.0002981856707535519,288.70350948600026
4460,9134080,3.071906566619873,,,0.0002981743391451798,289.4597660440013
4470,9154560,3.320423126220703,,,0.0002981629725013254,290.09425115699923
4480,9175040,3.252837896347046,,,0.00029815157082497905,290.7427626079989
4490,9195520,3.3478944301605225,,,0.00029814013411914023,291.2867564980006
4500,9216000,3.0463032722473145,3.156221556663513,23.481703810615887,0.00029812866238681786,292.3172375639988
4510,9236480,3.203282594680786,,,0.0002981171556310299,293.1593479840012
4520,9256960,3.1467950344085693,,,0.0002981056138548034,293.6744986179983
4530,9277440,3.186868667602539,,,0.00029809403706117487,294.20046675699996
4540,9297920,3.204712390899658,,,0.00029808242525318994,294.875251821999
4550,9318400,2.947089433670044,,,0.00029807077843390343,295.52289884199854
4560,9338880,3.2911086082458496,,,0.00029805909660637935,296.1361721280009
4570,9359360,3.210723638534546,,,0.00029804737977369097,296.6442371250014
4580,9379840,3.0651543140411377,,,0.0002980356279389208,297.14937767399897
4590,9400320,3.183483123779297,,,0.0002980238411051604,297.68240852799863
4600,9420800,3.2014355659484863,3.1490703582763673,23.314380482425918,0.00029801201927551077,298.57975666399943
4610,9441280,3.4817395210266113,,,0.0002980001624530819,299.16003361800176
4620,9461760,3.2744812965393066,,,0.0002979882706409932,299.6740426329998
4630,9482240,3.5015041828155518,,,0.000297976343842373,300.3749863209996
4640,9502720,3.34696102142334,,,0.00029796438206035916,301.16608043900123
4650,9523200,3.207033634185791,,,0.0002979523852980985,301.80074453999987
4660,9543680,3.097005605697632,,,0.0002979403535587471,302.4915462470017
4670,9564160,3.161797046661377,,,0.0002979282868454704,302.9968670870003
4680,9584640,3.2832677364349365,,,0.0002979161851614427,303.7764651010002
4690,9605120,3.0179195404052734,,,0.00029790404850984787,304.36053314699893
4700,9625600,3.339995861053467,3.1216522097587585,22.683827139663297,0.0002978918768938788,305.6170115019995
4710,9646080,3.173297643661499,,,0.0002978796703167375,306.1414174950005
4720,9666560,3.182170867919922,,,0.00029786742878163547,306.74477022800056
4730,9687040,3.0748116970062256,,,0.000297855152291793,307.3570419860007
4740,9707520,3.4064226150512695,,,0.0002978428408504399,307.81606602100146
4750,9728000,3.334425926208496,,,0.00029783049446081497,308.3948595110014
4760,9748480,3.0374984741210938,,,0.0002978181131261664,308.99704759299857
4770,9768960,3.079103946685791,,,0.00029780569684975146,309.58969434900064
4780,9789440,3.442248821258545,,,0.00029779324563483655,310.1284982549987
4790,9809920,3.1793739795684814,,,0.0002977807594846974,310.7442067250013
4800,9830400,3.5282506942749023,3.107658159732819,22.368599329095062,0.00029776823840261884,311.6947991740017
4810,9850880,3.1255087852478027,,,0.0002977556823918949,312.2818028529982
4820,9871360,3.239902973175049,,,0.00029774309145582886,312.82573160299944
4830,9891840,3.1807966232299805,,,0.000297730465597733,313.35013207999873
4840,9912320,3.079340696334839,,,0.00029771780482092916,313.9612371149997
4850,9932800,3.285999298095703,,,0.00029770510912874797,314.5823394530016
4860,9953280,2.902653694152832,,,0.00029769237852452944,315.07938843100055
4870,9973760,3.0184457302093506,,,0.00029767961301162277,315.68377739399875
4880,9994240,3.0848069190979004,,,0.0002976668125933863,316.16842570000154
4890,10014720,3.021967887878418,,,0.0002976539772731875,316.8156314500011
4900,10035200,3.0493736267089844,3.090637516975403,21.991093203040695,0.0002976411070544032,317.6790937900005
4910,10055680,3.1760168075561523,,,0.0002976282019404191,318.4739589620003
4920,10076160,3.1803975105285645,,,0.0002976152619346305,319.0393173049997
4930,10096640,3.3242297172546387,,,0.00029760228704044155,319.65433893999943
4940,10117120,3.264181613922119,,,0.0002975892772612657,320.34373754600165
4950,10137600,3.013671398162842,,,0.0002975762326005255,320.9730839090007
4960,10158080,2.7648181915283203,,,0.0002975631530616528,321.59689074700145
4970,10178560,3.0936853885650635,,,0.0002975500386480886,322.1539175180005
4980,10199040,2.9411637783050537,,,0.0002975368893632829,322.89881034599966
4990,10219520,3.3396754264831543,,,0.00029752370521069513,323.55015438400005
5000,10240000,3.369051456451416,3.0734814167022706,21.617029713156633,0.0002975104861937938,324.68866772399997
5010,10260480,3.132211446762085,,,0.00029749723231605645,325.8134976750007
5020,10280960,3.2331647872924805,,,0.00029748394358097,326.52071834800154
5030,10301440,3.1981053352355957,,,0.0002974706199920304,327.23879347899856
5040,10321920,3.0819239616394043,,,0.00029745726155274284,327.8314245850015
5050,10342400,3.163928985595703,,,0.0002974438682666217,328.5040058049999
5060,10362880,3.369356632232666,,,0.00029743044013719037,329.0968012070007
5070,10383360,3.179450750350952,,,0.00029741697716798157,329.7263413539986
5080,10403840,3.5067834854125977,,,0.0002974034793625372,330.30072931000177
5090,10424320,3.080045700073242,,,0.00029738994672440813,330.85320096299984
5100,10444800,3.270418643951416,3.059370279312134,21.314130985874442,0.0002973763792571547,331.7217301460005
5110,10465280,3.297912359237671,,,0.00029736277696434607,332.4738856090007
5120,10485760,3.2120275497436523,,,0.00029734913984956083,332.9608394349998
5130,10506240,2.9119014739990234,,,0.0002973354679163866,333.4881772810004
5140,10526720,3.117987871170044,,,0.00029732176116842014,334.0497756129989
5150,10547200,3.21944522857666,,,0.00029730801960926753,334.5945439809984
5160,10567680,3.2866051197052,,,0.0002972942432425438,335.2148084369983
5170,10588160,2.9403202533721924,,,0.0002972804320718733,335.7574430509994
5180,10608640,3.1953577995300293,,,0.0002972665861008894,336.3996696329996
5190,10629120,2.891451358795166,,,0.00029725270533323476,336.87781213199924
5200,10649600,3.3875958919525146,3.0439151167869567,20.987250132356873,0.0002972387897725611,338.12509952300024
5210,10670080,2.912353515625,,,0.0002972248394225294,338.8644454360001
5220,10690560,3.29793643951416,,,0.0002972108542868095,339.45052955999927
5230,10711040,3.0492935180664062,,,0.00029719683436908083,340.1775457770018
5240,10731520,3.126354217529297,,,0.00029718277967303165,340.83357303199955
5250,10752000,3.038421154022217,,,0.0002971686902023595,341.4010664000016
5260,10772480,3.022865056991577,,,0.00029715456596077103,342.0071408500007
5270,10792960,3.164717197418213,,,0.00029714040695198203,342.5810797250015
5280,10813440,3.4401965141296387,,,0.0002971262131797174,343.2402148600013
5290,10833920,3.0498251914978027,,,0.00029711198464771137,343.7944343099989
5300,10854400,3.267427444458008,3.030750000476837,20.712761346260372,0.00029709772135970707,344.5858917149999
5310,10874880,2.9519073963165283,,,0.0002970834233194569,345.19984946000113
5320,10895360,3.2003674507141113,,,0.00029706909053072236,345.76443737999944
5330,10915840,3.130392551422119,,,0.00029705472299727424,346.23585955900126
5340,10936320,3.05168080329895,,,0.00029704032072289224,346.875234471001
5350,10956800,2.922865867614746,,,0.0002970258837113653,347.47474852600135
5360,10977280,3.3069143295288086,,,0.00029701141196649154,348.09205232599925
5370,10997760,3.1204609870910645,,,0.0002969969054920782,348.7973259499995
5380,11018240,2.950831890106201,,,0.0002969823642919416,349.32829380800104
5390,11038720,3.096615791320801,,,0.00029696778836990726,349.8845916930004
5400,11059200,3.0750858783721924,3.020553696155548,20.502640775304798,0.00029695317772980985,350.8496932240014
5410,11079680,3.1606884002685547,,,0.00029693853237549304,351.43195486200057
5420,11100160,2.8982577323913574,,,0.00029692385231080986,351.97909655699914
5430,11120640,3.1853389739990234,,,0.0002969091375396222,352.63825568800166
5440,11141120,3.075443744659424,,,0.0002968943880658013,353.22257955999885
5450,11161600,3.089829206466675,,,0.0002968796038932274,353.7731295150006
5460,11182080,3.3323965072631836,,,0.00029686478502578996,354.37472017500113
5470,11202560,3.017703056335449,,,0.00029684993146738756,354.8823374860003
5480,11223040,3.014404058456421,,,0.0002968350432219278,355.3847283040013
5490,11243520,3.0154237747192383,,,0.0002968201202933275,355.9469028079984
5500,11264000,3.0953359603881836,3.003527581691742,20.15651541311381,0.00029680516268551255,356.86972558900015
5510,11284480,2.82620906829834,,,0.00029679017040241804,357.6740550850009
5520,11304960,3.0200557708740234,,,0.0002967751434479881,358.2086972819998
5530,11325440,2.9842138290405273,,,0.0002967600818261761,358.7588045650009
5540,11345920,2.8462979793548584,,,0.00029674498554094436,359.3366902230009
5550,11366400,3.3560104370117188,,,0.0002967298545962645,359.8589316059988
5560,11386880,3.133504867553711,,,0.00029671468899611706,360.68539108500045
5570,11407360,3.122303009033203,,,0.0002966994887444918,361.4792036200015
5580,11427840,3.1076548099517822,,,0.0002966842538453877,362.110069241
5590,11448320,3.0243422985076904,,,0.0002966689843028127,362.81069653099985
5600,11468800,3.2948193550109863,2.996036434173584,20.006084137622487,0.00029665368012078393,363.8025847380013
5610,11489280,2.991609811782837,,,0.0002966383413033276,364.36814368900014
5620,11509760,2.8955206871032715,,,0.00029662296785447904,364.8864508250008
5630,11530240,2.8513150215148926,,,0.00029660755977828265,365.46898108299865
5640,11550720,3.0523500442504883,,,0.00029659211707879206,366.1841206620011
5650,11571200,3.2245984077453613,,,0.00029657663976006985,366.9072440259988
5660,11591680,3.0947442054748535,,,0.0002965611278261879,367.49477510900033
5670,11612160,2.992485284805298,,,0.000296545581281227,368.0882220370004
5680,11632640,3.2233424186706543,,,0.00029653000012927716,368.6787848669992
5690,11653120,2.9865241050720215,,,0.0002965143843744375,369.24687654399895
5700,11673600,3.1934289932250977,2.9768247604370117,19.62540225320502,0.0002964987340208161,370.20106548900003
5710,11694080,3.12497878074646,,,0.0002964830490725304,370.8838497040015
5720,11714560,3.163961410522461,,,0.00029646732953370666,371.46702290900066
5730,11735040,3.142664909362793,,,0.0002964515754084805,372.15472708499874
5740,11755520,2.98630952835083,,,0.0002964357867009964,372.7168578609999
5750,11776000,2.8291420936584473,,,0.00029641996341540813,373.28334666700175
5760,11796480,3.1026976108551025,,,0.0002964041055558784,373.94659711200075
5770,11816960,3.053084373474121,,,0.0002963882131265792,374.4873649180008
5780,11837440,3.1526074409484863,,,0.0002963722861316914,375.1418624020007
5790,11857920,3.330822706222534,,,0.00029635632457540513,375.8332132079995
5800,11878400,3.1900691986083984,2.9642563581466677,19.38028588974551,0.0002963403284619195,376.7478689419986
5810,11898880,2.990051746368408,,,0.00029632429779544286,377.3433096410008
5820,11919360,3.102466583251953,,,0.00029630823258019253,377.8845444860017
5830,11939840,3.1902403831481934,,,0.00029629213282039485,378.53598340199824
5840,11960320,3.021113634109497,,,0.0002962759985202854,379.3857451069998
5850,11980800,2.870527505874634,,,0.00029625982968410885,379.9103601079987
5860,12001280,3.0506372451782227,,,0.00029624362631611883,380.5330139159996
5870,12021760,2.804381847381592,,,0.0002962273884205781,381.11775453099835
5880,12042240,2.754570245742798,,,0.00029621111600175855,381.72425296299843
5890,12062720,2.980417490005493,,,0.0002961948090639411,382.2490587040011
5900,12083200,2.8051698207855225,2.955032539367676,19.202347541914357,0.0002961784676114159,383.1980556950002
5910,12103680,3.0777125358581543,,,0.0002961620916484819,383.7685599760007
5920,12124160,3.3240370750427246,,,0.00029614568117944737,384.31513510999866
5930,12144640,2.9170608520507812,,,0.00029612923620862954,384.98866500499935
5940,12165120,2.7876434326171875,,,0.00029611275674035475,385.543721643
5950,12185600,3.029649257659912,,,0.0002960962427789584,386.05075387599936
5960,12206080,3.026137113571167,,,0.00029607969432878504,386.8361419840003
5970,12226560,2.9693515300750732,,,0.0002960631113941882,387.4930281820016
5980,12247040,2.953660488128662,,,0.00029604649397953046,388.0481601210013
5990,12267520,3.1658248901367188,,,0.00029602984208918366,388.6477164960015
6000,12288000,2.8537213802337646,2.93745698928833,18.867804224125326,0.00029601315572752845,389.57720642799904
6010,12308480,2.911550998687744,,,0.00029599643489895477,390.3818126369988
6020,12328960,2.9387807846069336,,,0.0002959796796078614,390.94191411800057
6030,12349440,3.1347594261169434,,,0.00029596288985865647,391.49994387900006
6040,12369920,3.2676286697387695,,,0.00029594606565575693,392.11011110300024
6050,12390400,3.019817352294922,,,0.0002959292070035889,392.6638436409994
6060,12410880,2.920583963394165,,,0.00029591231390658764,393.15632692099825
6070,12431360,2.99324893951416,,,0.0002958953863691973,393.725040420999
6080,12451840,3.0703625679016113,,,0.0002958784243958711,394.3167574780018
6090,12472320,3.061260223388672,,,0.00029586142799107153,394.8447668279987
6100,12492800,3.155315399169922,2.928690326213837,18.70311946416638,0.00029584439715926996,395.7533375480016
6110,12513280,3.1481800079345703,,,0.0002958273319049468,396.3340417949985
6120,12533760,2.903594970703125,,,0.0002958102322325917,396.94170157700137
6130,12554240,2.796863079071045,,,0.0002957930981467031,397.497319170001
6140,12574720,3.0266976356506348,,,0.0002957759296517887,398.0976851630003
6150,12595200,2.932828426361084,,,0.0002957587267523652,398.6753144009999
6160,12615680,3.0720932483673096,,,0.0002957414894529583,399.2937317670003
6170,12636160,3.028005599975586,,,0.00029572421775810276,399.98220408699854
6180,12656640,2.9049017429351807,,,0.0002957069116723425,400.5580745740008
6190,12677120,3.184512138366699,,,0.00029568957120023037,401.116146624001
6200,12697600,3.162605047225952,2.9202837109565736,18.546548572430545,0.0002956721963463282,402.0789274029994
6210,12718080,3.0574140548706055,,,0.0002956547871152071,402.61913648100017
6220,12738560,2.871307373046875,,,0.0002956373435114471,403.10706040999867
6230,12759040,3.1421990394592285,,,0.00029561986553963714,403.6715816879987
6240,12779520,2.7710180282592773,,,0.00029560235320437537,404.28319773600015
6250,12800000,2.8633294105529785,,,0.00029558480651026894,404.9069312620013
6260,12820480,2.6429216861724854,,,0.00029556722546193406,405.5126037180016
6270,12840960,3.0529603958129883,,,0.0002955496100639959,405.9666002999984
6280,12861440,3.033909320831299,,,0.0002955319603210887,406.4565414509998
6290,12881920,2.9623687267303467,,,0.00029551427623785586,406.9777540940013
6300,12902400,3.306401252746582,2.9032277703285216,18.23290211223519,0.0002954965578189496,407.8221505949987
6310,12922880,2.8341245651245117,,,0.00029547880506903125,408.3669902059992
6320,12943360,3.4303536415100098,,,0.00029546101799277134,409.05662076299996
6330,12963840,3.0099246501922607,,,0.0002954431965948492,409.6516743809989
6340,12984320,2.9531164169311523,,,0.00029542534087995326,410.2127989850014
6350,13004800,2.807241439819336,,,0.000295407450852781,410.9875951050017
6360,13025280,2.8174190521240234,,,0.00029538952651803903,411.4902215969996
6370,13045760,3.133288621902466,,,0.0002953715678804428,412.0673911599988
6380,13066240,2.77108097076416,,,0.0002953535749447169,412.7136732299987
6390,13086720,2.8522121906280518,,,0.0002953355477155948,413.3515710729989
6400,13107200,3.0948495864868164,2.8915782809257506,18.021730521083523,0.0002953174861978192,414.5420140390015
6410,13127680,2.757018804550171,,,0.00029529939039614174,415.08541266999964
6420,13148160,2.9202122688293457,,,0.00029528126031532306,415.7699969259993
6430,13168640,2.9225611686706543,,,0.00029526309596013267,416.4365818469996
6440,13189120,3.162041187286377,,,0.0002952448973353494,417.01655477999884
6450,13209600,3.2543158531188965,,,0.00029522666444576094,417.65762289800114
6460,13230080,2.8278727531433105,,,0.00029520839729616394,418.2128522970015
6470,13250560,2.974919080734253,,,0.0002951900958913641,418.9019637279998
6480,13271040,3.0251359939575195,,,0.0002951717602361762,419.55092771099953
6490,13291520,2.708548069000244,,,0.000295153390335424,420.14827727100055
6500,13312000,3.0067861080169678,2.8815444469451905,17.8418076366861,0.00029513498619394016,421.0924824879985
6510,13332480,2.9616498947143555,,,0.0002951165478165665,421.99451578500157
6520,13352960,2.594907283782959,,,0.0002950980752081538,422.56662543399943
6530,13373440,2.7310783863067627,,,0.0002950795683735618,423.14375134900183
6540,13393920,3.0329177379608154,,,0.00029506102731765926,423.6612913120007
6550,13414400,2.9375123977661133,,,0.000295042452045324,424.16477774300074
6560,13434880,2.8792524337768555,,,0.0002950238425614428,424.6471187930001
6570,13455360,3.0800323486328125,,,0.0002950051988709114,425.22954779299835
6580,13475840,2.855901002883911,,,0.00029498652097863465,425.7194532069989
6590,13496320,2.885989189147949,,,0.0002949678088895262,426.46793857300145
6600,13516800,3.1052794456481934,2.865628385543823,17.5600842414372,0.00029494906260850895,427.8313451239992
6610,13537280,2.689979076385498,,,0.00029493028214051456,428.43713901700175
6620,13557760,2.893721103668213,,,0.0002949114674904839,429.05146220200186
6630,13578240,3.188136577606201,,,0.0002948926186633666,429.83365165899886
6640,13598720,2.7625207901000977,,,0.00029487373566412155,430.3985040910011
6650,13619200,2.8726930618286133,,,0.00029485481849771643,430.9361616770002
6660,13639680,3.067941188812256,,,0.0002948358671691279,431.8357179830018
6670,13660160,2.9047722816467285,,,0.0002948168816833418,432.3994592349991
6680,13680640,2.9866647720336914,,,0.0002947978620453527,433.0238333800007
6690,13701120,3.0216455459594727,,,0.0002947788082601643,433.77202486700116
6700,13721600,2.7344679832458496,2.851967978477478,17.32183732238961,0.0002947597203327893,434.73514095000064
6710,13742080,2.799751043319702,,,0.00029474059826824944,435.61309942599837
6720,13762560,2.599958658218384,,,0.0002947214420715752,436.31952294299845
6730,13783040,3.022341251373291,,,0.0002947022517478063,436.8136203940012
6740,13803520,3.103654623031616,,,0.0002946830273019912,437.3762874839995
6750,13824000,3.033470630645752,,,0.00029466376873918756,437.9115599809993
6760,13844480,3.0197391510009766,,,0.00029464447606446193,438.50950656200075
6770,13864960,3.079165458679199,,,0.0002946251492828898,439.13154909999867
6780,13885440,3.1439285278320312,,,0.0002946057883995556,439.68976653999925
6790,13905920,2.7970826625823975,,,0.00029458639341955285,440.2565561980009
6800,13926400,2.928635358810425,2.8474807262420656,17.24428399993381,0.00029456696434798397,441.13005055599933
6810,13946880,3.0083372592926025,,,0.0002945475011899604,441.67619745900083
6820,13967360,2.956782341003418,,,0.0002945280039506024,442.28135245999874
6830,13987840,2.8503313064575195,,,0.00029450847263503936,442.8858868850002
6840,14008320,3.1035454273223877,,,0.0002944889072484096,443.43230813099944
6850,14028800,2.942843437194824,,,0.00029446930779586036,443.98180314899946
6860,14049280,3.017186164855957,,,0.00029444967428254783,444.56378510599825
6870,14069760,2.6381921768188477,,,0.00029443000671363717,445.0699786799996
6880,14090240,3.104339599609375,,,0.0002944103050943026,445.5890886640009
6890,14110720,2.6187522411346436,,,0.00029439056942972717,446.1088568740015
6900,14131200,2.7235567569732666,2.831330966949463,16.968029688716378,0.000294370799725103,447.10368945699884
6910,14151680,2.8703277111053467,,,0.00029435099598563096,447.62682272500024
6920,14172160,2.6043717861175537,,,0.0002943311582165212,448.2906141550011
6930,14192640,2.9568753242492676,,,0.0002943112864229925,448.8166596709998
6940,14213120,2.8373913764953613,,,0.0002942913806102727,449.4791816370016
6950,14233600,3.1379690170288086,,,0.0002942714407835988,450.0597005259988
6960,14254080,2.878314256668091,,,0.00029425146694821635,450.6709672830002
6970,14274560,3.055981159210205,,,0.00029423145910938023,451.2005131170008
6980,14295040,3.1645829677581787,,,0.000294211417272354,451.77605200499966
6990,14315520,2.9524431228637695,,,0.00029419134144241033,452.41591836099906
7000,14336000,3.034966468811035,2.822433352470398,16.817724373060518,0.00029417123162483067,453.4530510190016
7010,14356480,2.7012336254119873,,,0.0002941510878249056,454.2537242879989
7020,14376960,2.901747465133667,,,0.00029413091004793456,454.86453867399905
7030,14397440,2.7175703048706055,,,0.0002941106982992258,455.3851905720003
7040,14417920,2.719611883163452,,,0.0002940904525840967,456.0247140770007
7050,14438400,2.9089174270629883,,,0.0002940701729078735,456.5307790299994
7060,14458880,3.067215919494629,,,0.00029404985927589144,457.14170673899935
7070,14479360,2.7480852603912354,,,0.0002940295116934945,457.78277155699834
7080,14499840,2.768183708190918,,,0.00029400913016603574,458.3817840869997
7090,14520320,2.854440212249756,,,0.0002939887146988772,458.9443669909997
7100,14540800,2.954892635345459,2.813236343860626,16.663760705044336,0.00029396826529738977,459.9556402449998
7110,14561280,3.021933078765869,,,0.00029394778196695324,460.5682092169991
7120,14581760,3.0336661338806152,,,0.00029392726471295634,461.1199791729996
7130,14602240,2.8540077209472656,,,0.0002939067135407968,461.6758502140001
7140,14622720,2.891307830810547,,,0.00029388612845588117,462.18024543900174
7150,14643200,2.868844509124756,,,0.00029386550946362497,462.82712285600064
7160,14663680,2.6459414958953857,,,0.0002938448565694527,463.5207144619999
7170,14684160,2.7428994178771973,,,0.00029382416977879767,464.1067530069995
7180,14704640,2.724306583404541,,,0.00029380344909710215,464.6953264549993
7190,14725120,2.8329200744628906,,,0.00029378269452981737,465.3677374789986
7200,14745600,2.9599010944366455,2.800114691257477,16.44653293647526,0.0002937619060824034,466.2698768580012
7210,14766080,2.9508371353149414,,,0.0002937410837603293,466.9880365680001
7220,14786560,2.61956524848938,,,0.000293720227569073,467.5570611350013
7230,14807040,2.8621702194213867,,,0.00029369933751412133,468.2845765540005
7240,14827520,2.969353199005127,,,0.00029367841360097,468.9435375969988
7250,14848000,2.8408405780792236,,,0.0002936574558351237,469.5269489150014
7260,14868480,2.5544686317443848,,,0.0002936364642220961,470.2315204840015
7270,14888960,2.5905919075012207,,,0.0002936154387674095,470.708761291
7280,14909440,2.6498348712921143,,,0.0002935943794765954,471.3252046540001
7290,14929920,2.83697509765625,,,0.000293573286355194,471.929433674999
7300,14950400,2.891752243041992,2.792077672481537,16.314881593277143,0.0002935521594087544,472.99361195000165
7310,14970880,3.0032975673675537,,,0.0002935309986428349,473.6931587649997
7320,14991360,2.879399299621582,,,0.0002935098040630023,474.41196012900036
7330,15011840,2.9352023601531982,,,0.0002934885756748325,475.08134584800064
7340,15032320,2.7083675861358643,,,0.00029346731348391027,475.6807843530005
7350,15052800,2.8325860500335693,,,0.00029344601749582927,476.34744796700033
7360,15073280,2.738194704055786,,,0.000293424687716192,476.94349792100184
7370,15093760,2.94929575920105,,,0.00029340332415061,477.49313629300013
7380,15114240,2.9904069900512695,,,0.0002933819268047035,478.0665099069993
7390,15134720,2.903500556945801,,,0.0002933604956841017,478.58571634799955
7400,15155200,2.8628315925598145,2.7824293851852415,16.158227863786454,0.00029333903079444283,479.645182237
7410,15175680,3.1144680976867676,,,0.0002933175321413737,480.2242107150014
7420,15196160,2.7515881061553955,,,0.0002932959997305502,480.7399021240017
7430,15216640,2.861668348312378,,,0.0002932744335676372,481.2661772550018
7440,15237120,2.8293771743774414,,,0.00029325283365830816,481.9682477089991
7450,15257600,2.7739133834838867,,,0.0002932312000082457,482.517015155001
7460,15278080,2.8650588989257812,,,0.0002932095326231412,483.04161696699884
7470,15298560,2.69520902633667,,,0.0002931878315086948,483.6044418829988
7480,15319040,2.784924268722534,,,0.0002931660966706157,484.2120591890016
7490,15339520,2.9541733264923096,,,0.0002931443281146219,484.7481113729991
7500,15360000,2.5574116706848145,2.7748371362686157,16.036015097714373,0.0002931225258464402,485.90868861499985
7510,15380480,2.878213882446289,,,0.0002931006898718065,486.7837000860018
7520,15400960,2.8409862518310547,,,0.0002930788201964652,487.35991512200053
7530,15421440,2.77510929107666,,,0.00029305691682617,487.8756442550002
7540,15441920,2.585482120513916,,,0.000293034979766683,488.6402985829991
7550,15462400,2.713576316833496,,,0.0002930130090237755,489.2834606110009
7560,15482880,2.8096423149108887,,,0.0002929910046032276,489.82925767399865
7570,15503360,2.785637378692627,,,0.0002929689665108282,490.58858679200057
7580,15523840,2.8634390830993652,,,0.00029294689475237504,491.1484283739992
7590,15544320,2.8877031803131104,,,0.0002929247893336747,491.89892480300114
7600,15564800,2.742856979370117,2.763172149658203,15.850041992014004,0.00029290265026054284,492.8453168269989
7610,15585280,2.8723490238189697,,,0.00029288047753880367,493.36461766999855
7620,15605760,2.7725605964660645,,,0.00029285827117429044,493.86698508799964
7630,15626240,3.1220436096191406,,,0.0002928360311728452,494.4137024320007
7640,15646720,2.809022903442383,,,0.0002928137575403187,495.00314086100116
7650,15667200,3.3136045932769775,,,0.000292791450282571,495.5953965000008
7660,15687680,2.635751724243164,,,0.0002927691094054704,496.22173381099856
7670,15708160,2.655552864074707,,,0.0002927467349148944,496.88959504599916
7680,15728640,2.6815428733825684,,,0.00029272432681672934,497.524799204999
7690,15749120,2.9413506984710693,,,0.0002927018851168703,498.1426760860013
7700,15769600,3.0344467163085938,2.759185767173767,15.78698343351258,0.00029267940982122124,499.2417607060015
7710,15790080,3.2337515354156494,,,0.000292656900935695,499.8326576510008
7720,15810560,3.094252586364746,,,0.0002926343584662131,500.5169437779987
7730,15831040,2.810051441192627,,,0.0002926117824187062,501.2150653540011
7740,15851520,2.9192049503326416,,,0.0002925891727991134,501.7607435280006
7750,15872000,2.88832426071167,,,0.0002925665296133829,502.31402344800154
7760,15892480,3.0106725692749023,,,0.0002925438528674718,503.0570522989983
7770,15912960,2.8029134273529053,,,0.0002925211425673457,503.7632907420011
7780,15933440,2.807049036026001,,,0.0002924983987189793,504.44302167299975
7790,15953920,2.804616928100586,,,0.00029247562132835606,505.16933349399915
7800,15974400,2.875532627105713,2.748736524581909,15.622880283786614,0.0002924528104014683,505.9987838650013
7810,15994880,2.8690450191497803,,,0.00029242996594431697,506.60172487599993
7820,16015360,2.886892318725586,,,0.00029240708796291214,507.31844256399927
7830,16035840,2.814483642578125,,,0.00029238417646327246,507.9160249980014
7840,16056320,2.594841480255127,,,0.0002923612314514255,508.4992493030004
7850,16076800,2.9288949966430664,,,0.0002923382529334077,508.96894647799854
7860,16097280,2.846930503845215,,,0.00029231524091526405,509.50972045899834
7870,16117760,2.746903896331787,,,0.0002922921954030488,510.0803837989988
7880,16138240,3.181623935699463,,,0.00029226911640282456,510.6920345239996
7890,16158720,2.7999985218048096,,,0.0002922460039206631,511.3239734880008
7900,16179200,3.0620920658111572,2.733968198299408,15.393851836346048,0.0002922228579626447,512.2227314990014
7910,16199680,2.795825481414795,,,0.00029219967853485866,512.778464433999
7920,16220160,2.575610637664795,,,0.00029217646564340307,513.24707175
7930,16240640,3.0415830612182617,,,0.0002921532192943847,513.8179512200004
7940,16261120,2.9405977725982666,,,0.00029212993949391926,514.408209322999
7950,16281600,2.9962263107299805,,,0.00029210662624813114,515.0446536390009
7960,16302080,2.6775968074798584,,,0.0002920832795631536,515.8203569840007
7970,16322560,2.58817982673645,,,0.0002920598994451287,516.4160222540013
7980,16343040,2.5628747940063477,,,0.00029203648590020724,516.9186562350005
7990,16363520,2.90575909614563,,,0.00029201303893454893,517.4606987160005
8000,16384000,2.894117593765259,2.732606279850006,15.372900935470334,0.00029198955855432214,518.3455189250017
8010,16404480,3.009267807006836,,,0.00029196604476570406,519.4236873439986
8020,16424960,2.67611026763916,,,0.00029194249757488066,519.9615632860005
8030,16445440,2.598532199859619,,,0.00029191891698804686,520.4670775900013
8040,16465920,3.002197742462158,,,0.0002918953030114062,521.2479041959996
8050,16486400,2.835594415664673,,,0.0002918716556511709,521.9050577259986
8060,16506880,2.920423984527588,,,0.00029184797491356234,522.5340734480014
8070,16527360,2.8924365043640137,,,0.00029182426080481025,523.0677923410003
8080,16547840,2.7751238346099854,,,0.0002918005133311534,523.6284822320013
8090,16568320,2.5561776161193848,,,0.00029177673249883925,524.3969991230006
8100,16588800,2.740140438079834,2.7203375935554504,15.185447889056979,0.0002917529183141241,525.4145124800016
8110,16609280,2.8702645301818848,,,0.00029172907078327297,526.0947620080005
8120,16629760,2.7696948051452637,,,0.00029170518991255965,526.7007535400007
8130,16650240,2.6575405597686768,,,0.0002916812757082667,527.377578738
8140,16670720,2.8060293197631836,,,0.0002916573281766855,527.9410317389993
8150,16691200,2.671168088912964,,,0.00029163334732411615,528.478576182999
8160,16711680,2.6815452575683594,,,0.0002916093331568675,529.274771149001
8170,16732160,2.7577643394470215,,,0.00029158528568125726,529.8647643820004
8180,16752640,2.7056846618652344,,,0.0002915612049036118,530.5015278210012
8190,16773120,2.6676526069641113,,,0.0002915370908302662,531.1309563879986
8200,16793600,2.762706995010376,2.712295961380005,15.063821794313004,0.0002915129434675645,532.0269559330009
8210,16814080,2.8029348850250244,,,0.0002914887628218594,532.6507468460004
8220,16834560,2.7921946048736572,,,0.00029146454889951223,533.2680358360012
8230,16855040,2.805616855621338,,,0.0002914403017068933,533.8557775400004
8240,16875520,2.9388668537139893,,,0.00029141602125038146,534.4624550199987
8250,16896000,2.7110061645507812,,,0.0002913917075363645,534.9816487349999
8260,16916480,2.769596576690674,,,0.0002913673605712388,535.5134282370018
8270,16936960,2.7526297569274902,,,0.00029134298036140956,536.1632511610005
8280,16957440,2.839968204498291,,,0.0002913185669132907,536.8242038540011
8290,16977920,2.9428415298461914,,,0.00029129412023330497,537.4388152960018
8300,16998400,2.464108467102051,2.707056760787964,14.985105794763227,0.00029126964032788385,538.4363526029992
8310,17018880,3.045311450958252,,,0.0002912451272034673,539.1072457900009
8320,17039360,2.7145638465881348,,,0.00029122058086650444,539.6696894960005
8330,17059840,2.513988494873047,,,0.0002911960013234528,540.4318136120019
8340,17080320,2.822099208831787,,,0.00029117138858077884,540.9363198229985
8350,17100800,2.944028854370117,,,0.00029114674264495757,541.4549886700006
8360,17121280,2.8235111236572266,,,0.0002911220635224729,542.0216344930013
8370,17141760,2.766247272491455,,,0.0002910973512198175,542.6187793790014
8380,17162240,2.813199758529663,,,0.0002910726057434925,543.2241177479991
8390,17182720,2.6138017177581787,,,0.00029104782710000806,543.7943784749987
8400,17203200,2.7138004302978516,2.6976802349090576,14.845254247939758,0.0002910230152958829,544.7475315449992
8410,17223680,2.955265522003174,,,0.0002909981703376445,545.3346456830004
8420,17244160,2.719430446624756,,,0.0002909732922318291,545.8793508130002
8430,17264640,2.7969655990600586,,,0.00029094838098498154,546.4761360180019
8440,17285120,2.540865182876587,,,0.0002909234366036556,547.0988071270003
8450,17305600,2.5443291664123535,,,0.0002908984590944136,547.7399606030012
8460,17326080,2.558115005493164,,,0.0002908734484638265,548.3394625879992
8470,17346560,2.850355386734009,,,0.00029084840471847425,548.9076756520008
8480,17367040,3.106487274169922,,,0.00029082332786494527,549.553220916001
8490,17387520,2.4788825511932373,,,0.0002907982179098368,550.0680655049982
8500,17408000,2.7138712406158447,2.6903199434280394,14.736389977412884,0.00029077307485975476,551.0598749370001
8510,17428480,2.8080458641052246,,,0.0002907478987213138,551.9460276149985
8520,17448960,2.5988516807556152,,,0.0002907226895011372,552.5669080250009
8530,17469440,2.8732643127441406,,,0.000290697447205857,553.1376796010009
8540,17489920,2.7779486179351807,,,0.00029067217184211406,553.6848308359986
8550,17510400,2.7726311683654785,,,0.0002906468634165577,554.2370701920008
8560,17530880,2.5419297218322754,,,0.000290621521935846,554.8323271230001
8570,17551360,2.517763614654541,,,0.0002905961474066459,555.3754133069997
8580,17571840,2.650588035583496,,,0.000290570739835633,555.9553034710007
8590,17592320,2.536290407180786,,,0.00029054529922949135,556.5270739119987
8600,17612800,2.633572578430176,2.6892794013023376,14.721064117844673,0.00029051982559491393,557.5064277630008
8610,17633280,2.6304409503936768,,,0.00029049431893860234,558.0531937480009
8620,17653760,2.7504024505615234,,,0.00029046877926726687,558.7097806189995
8630,17674240,2.440355062484741,,,0.00029044320658762644,559.3670096370006
8640,17694720,2.4860074520111084,,,0.00029041760090640884,559.8956542029991
8650,17715200,2.7755355834960938,,,0.0002903919622303503,560.4759851359995
8660,17735680,2.639371156692505,,,0.00029036629056619585,561.1610117849996
8670,17756160,2.8184542655944824,,,0.0002903405859206992,561.8540623389999
8680,17776640,2.4640235900878906,,,0.00029031484830062274,562.5038140949982
8690,17797120,2.8205857276916504,,,0.00029028907771273745,563.1780347819986
8700,17817600,2.480959415435791,2.6726985454559324,14.47898873037099,0.0002902632741638231,564.1701519460003
8710,17838080,2.852512836456299,,,0.00029023743766066817,564.8318868399983
8720,17858560,2.478403091430664,,,0.0002902115682100696,565.6447039570012
8730,17879040,2.830212116241455,,,0.00029018566581883316,566.2488902769983
8740,17899520,2.857837438583374,,,0.00029015973049377323,566.8890448720013
8750,17920000,2.9370169639587402,,,0.0002901337622417129,567.5037279110002
8760,17940480,2.672637939453125,,,0.0002901077610694839,568.0411241539987
8770,17960960,2.7463221549987793,,,0.00029008172698392654,568.7213347629986
8780,17981440,2.7024264335632324,,,0.00029005565999188997,569.2747880579991
8790,18001920,2.731332778930664,,,0.00029002956010023184,569.9019529159996
8800,18022400,2.5280089378356934,2.6675187587738036,14.404184559449643,0.00029000342731581847,570.8328956459991
8810,18042880,2.9642233848571777,,,0.0002899772616455249,571.4308409549994
8820,18063360,2.6797947883605957,,,0.0002899510630962348,572.0681875730006
8830,18083840,2.73779296875,,,0.00028992483167484054,572.6195277709994
8840,18104320,2.699453353881836,,,0.0002898985673882429,573.2411829849989
8850,18124800,2.708383083343506,,,0.00028987227024335167,573.7681326860002
8860,18145280,2.5011467933654785,,,0.000289845940247085,574.3755425230011
8870,18165760,2.811753273010254,,,0.00028981957740636976,574.979785208001
8880,18186240,2.944965362548828,,,0.00028979318172814154,575.5545493159989
8890,18206720,2.8576807975769043,,,0.00028976675321934454,576.1836037020003
8900,18227200,2.781186103820801,2.65970618724823,14.29208928364724,0.0002897402918869315,577.1981527649987
8910,18247680,2.880636692047119,,,0.00028971379773786387,577.7563667959985
8920,18268160,2.603501081466675,,,0.00028968727077911176,578.4640190659993
8930,18288640,2.521196126937866,,,0.00028966071101765384,578.9885235760012
8940,18309120,2.9790053367614746,,,0.00028963411846047747,579.5280222180008
8950,18329600,2.742838144302368,,,0.0002896074931145786,580.2111224040018
8960,18350080,2.836440086364746,,,0.00028958083498696185,580.7656785850013
8970,18370560,2.968515396118164,,,0.0002895541440846404,581.3126515930016
8980,18391040,2.6661014556884766,,,0.00028952742041463614,581.824448170999
8990,18411520,2.803043842315674,,,0.0002895006639839795,582.375011944001
9000,18432000,2.7947092056274414,2.654826045036316,14.222511767611064,0.0002894738747997095,583.6045238439983
9010,18452480,2.7007439136505127,,,0.0002894470528688739,584.4517992200017
9020,18472960,2.747365713119507,,,0.000289420198198529,585.0197941959996
9030,18493440,2.753262758255005,,,0.00028939331079573977,585.7113222869993
9040,18513920,2.756774663925171,,,0.0002893663906675796,586.3059224319986
9050,18534400,2.693474292755127,,,0.0002893394378211308,587.1440885349984
9060,18554880,2.4877421855926514,,,0.000289312452263484,587.8164479100014
9070,18575360,2.616623640060425,,,0.0002892854340017386,588.4470633050005
9080,18595840,2.5786173343658447,,,0.0002892583830430026,589.2427972510013
9090,18616320,2.5854530334472656,,,0.00028923129939439245,590.0046870520018
9100,18636800,2.6328017711639404,2.647260868549347,14.115321922272567,0.0002892041830630334,591.1255055939982
9110,18657280,2.353142499923706,,,0.00028917703405605924,591.6778691139989
9120,18677760,2.724118709564209,,,0.00028914985238061227,592.3100781520006
9130,18698240,2.797541856765747,,,0.00028912263804384345,593.0523513389999
9140,18718720,2.365306854248047,,,0.0002890953910529123,593.6654224080012
9150,18739200,2.5817670822143555,,,0.00028906811141498695,594.4200770399984
9160,18759680,2.6933796405792236,,,0.0002890407991372442,595.0174753179999
9170,18780160,2.7387051582336426,,,0.00028901345422686924,595.7122620349983
9180,18800640,2.9390623569488525,,,0.0002889860766910561,596.4798576829999
9190,18821120,2.9182400703430176,,,0.00028895866653700714,597.0761814190009
9200,18841600,2.6497626304626465,2.6397356510162355,14.009499721181516,0.0002889312237719335,598.1786549700009
9210,18862080,2.571495294570923,,,0.0002889037484030548,598.8485846299991
9220,18882560,3.1350109577178955,,,0.0002888762404375992,599.5946115170009
9230,18903040,2.78013277053833,,,0.00028884869988280354,600.2330247239988
9240,18923520,2.710723638534546,,,0.00028882112674591317,600.8644081390012
9250,18944000,2.89682674407959,,,0.0002887935210341821,601.4627842830014
9260,18964480,2.679293632507324,,,0.0002887658827548727,602.3249936229986
9270,18984960,2.6633028984069824,,,0.0002887382119152561,603.015062773
9280,19005440,2.7875049114227295,,,0.00028871050852261195,603.63503795
9290,19025920,2.7823076248168945,,,0.00028868277258422854,604.2419948440001
9300,19046400,2.682039737701416,2.636070799827576,13.958250956384848,0.0002886550041074025,605.1788378599995
9310,19066880,2.719158887863159,,,0.00028862720309943914,605.822141476001
9320,19087360,2.882241725921631,,,0.00028859936956765253,606.4148480430013
9330,19107840,2.475109577178955,,,0.00028857150351936493,606.9762041249996
9340,19128320,2.589420795440674,,,0.00028854360496190733,607.5018029880011
9350,19148800,2.525043487548828,,,0.00028851567390261946,608.1096466710005
9360,19169280,2.732602596282959,,,0.0002884877103488492,608.7012835509995
9370,19189760,2.5903570652008057,,,0.0002884597143079534,609.2885009370002
9380,19210240,2.760666847229004,,,0.00028843168578729714,609.9247078219996
9390,19230720,2.7294111251831055,,,0.0002884036247942541,610.5588125780014
9400,19251200,2.666110038757324,2.6286635875701903,13.855241207331082,0.0002883755313362067,611.4725526690017
9410,19271680,2.6373026371002197,,,0.00028834740542054565,612.0709977810002
9420,19292160,2.879117727279663,,,0.00028831924705467044,612.6392209490004
9430,19312640,2.511265993118286,,,0.0002882910562459888,613.3520277889984
9440,19333120,2.950648069381714,,,0.0002882628330019173,613.9016865449994
9450,19353600,2.562032699584961,,,0.0002882345773298808,614.4782861929998
9460,19374080,2.4577670097351074,,,0.00028820628923731286,615.0756619509993
9470,19394560,2.6917309761047363,,,0.0002881779687316556,615.6239481090015
9480,19415040,2.6522719860076904,,,0.0002881496158203593,616.3089996529998
9490,19435520,2.6496424674987793,,,0.00028812123051088335,616.8414485059984
9500,19456000,2.665266990661621,2.623446357250214,13.783143461624652,0.00028809281281069515,617.7319042700001
9510,19476480,2.618882417678833,,,0.0002880643627272709,618.5698390149992
9520,19496960,2.906404495239258,,,0.00028803588026809525,619.2630545210013
9530,19517440,2.7665438652038574,,,0.0002880073654406613,619.8111096889988
9540,19537920,2.6386008262634277,,,0.0002879788182524708,620.4002506309989
9550,19558400,2.815009593963623,,,0.00028795023871103394,620.9016538979995
9560,19578880,2.6988863945007324,,,0.0002879216268238693,621.404785996001
9570,19599360,2.614161491394043,,,0.00028789298259850423,622.0729855509999
9580,19619840,2.6963605880737305,,,0.0002878643060424744,622.6747012529995
9590,19640320,2.8041460514068604,,,0.000287835597163324,623.1815519289994
9600,19660800,2.5083985328674316,2.6163192629814147,13.685258929338376,0.0002878068559686058,624.0372582210002
9610,19681280,2.8974270820617676,,,0.000287778082465881,624.6570295919992
9620,19701760,2.602217197418213,,,0.0002877492766627194,625.2679632379986
9630,19722240,2.653705596923828,,,0.0002877204385666991,625.8129355710007
9640,19742720,2.5645952224731445,,,0.0002876915681854069,626.5234274809991
9650,19763200,2.454143762588501,,,0.00028766266552643805,627.2245444239998
9660,19783680,2.582331657409668,,,0.00028763373059739614,627.9112138349992
9670,19804160,2.5065999031066895,,,0.0002876047634058935,628.5238481300003
9680,19824640,3.182097911834717,,,0.0002875757639595507,629.1346431050006
9690,19845120,2.568410873413086,,,0.00028754673226599704,629.7836072919999
9700,19865600,2.7221286296844482,2.6104328870773315,13.604938979563912,0.00028751766833287,630.8202334870002
9710,19886080,2.5657711029052734,,,0.0002874885721678158,631.4593238650014
9720,19906560,3.0287885665893555,,,0.0002874594437784891,632.076401590999
9730,19927040,2.561978340148926,,,0.000287430283172553,632.6155347179993
9740,19947520,2.6971640586853027,,,0.000287401090357679,633.1648756430004
9750,19968000,2.5749495029449463,,,0.0002873718653415471,633.8914676269997
9760,19988480,2.5451126098632812,,,0.000287342608131846,634.3980574999987
9770,20008960,2.7214133739471436,,,0.00028731331873627243,635.0980658289991
9780,20029440,2.7483057975769043,,,0.000287283997162532,635.6839289970012
9790,20049920,2.389263153076172,,,0.0002872546434183386,636.4030973529989
9800,20070400,2.6730451583862305,2.6005880355834963,13.471657520294517,0.0002872252575114146,637.4847572809995
9810,20090880,2.7579424381256104,,,0.00028719583944949084,638.3031842409982
9820,20111360,2.654982089996338,,,0.00028716638924030654,639.0039795459998
9830,20131840,2.576270818710327,,,0.0002871369068916096,639.6617122230018
9840,20152320,2.551968574523926,,,0.0002871073924111562,640.3489651560012
9850,20172800,2.6547305583953857,,,0.0002870778458067109,640.9994009770016
9860,20193280,2.6514663696289062,,,0.0002870482670860469,641.6318435350004
9870,20213760,3.0387022495269775,,,0.0002870186562569457,642.2538644349988
9880,20234240,2.684199810028076,,,0.00028698901332719745,642.8609416340005
9890,20254720,2.635817289352417,,,0.00028695933830460047,643.5487241560004
9900,20275200,2.6032567024230957,2.594423532485962,13.388866889509444,0.0002869296311969617,644.5231541300018
9910,20295680,2.5422606468200684,,,0.00028689989201209653,645.0378642120013
9920,20316160,2.761049747467041,,,0.00028687012075782865,645.8430222150018
9930,20336640,2.598180055618286,,,0.00028684031744199035,646.4464415010007
9940,20357120,2.545656681060791,,,0.0002868104820724222,647.0276972600004
9950,20377600,2.7418267726898193,,,0.0002867806146569734,647.8125000069995
9960,20398080,2.8598008155822754,,,0.00028675071520350135,648.5033855260008
9970,20418560,2.6563854217529297,,,0.0002867207837198721,649.336394345999
9980,20439040,2.584878921508789,,,0.00028669082021395994,649.9136569680013
9990,20459520,2.8256607055664062,,,0.0002866608246936477,650.6054107169984
10000,20480000,2.7180047035217285,2.588150143623352,13.30513623316963,0.00028663079716682654,651.5534582910004
10010,20500480,2.684906482696533,,,0.0002866007376413962,652.5000210059989
10020,20520960,2.8555855751037598,,,0.00028657064612526466,653.0666108670011
10030,20541440,2.5271596908569336,,,0.0002865405226263484,653.5450994460007
10040,20561920,2.527451753616333,,,0.0002865103671525723,654.2353395130012
10050,20582400,2.679716110229492,,,0.00028648017971186966,655.0065338640015
10060,20602880,2.924246311187744,,,0.0002864499603121822,655.5701231819985
10070,20623360,2.9199893474578857,,,0.00028641970896146006,656.090791038001
10080,20643840,2.646221160888672,,,0.0002863894256676617,656.6540505099983
10090,20664320,2.347105026245117,,,0.0002863591104387541,657.2071439399988
10100,20684800,2.8058013916015625,2.585190224647522,13.265812334444199,0.00028632876328271256,658.5097027359989
10110,20705280,2.7097678184509277,,,0.00028629838420752077,659.0860943680018
10120,20725760,2.5879101753234863,,,0.0002862679732211709,659.7333752129998
10130,20746240,2.797135353088379,,,0.0002862375303316635,660.3723225419999
10140,20766720,2.6650798320770264,,,0.0002862070555470074,660.9807428029999
10150,20787200,2.478773593902588,,,0.0002861765488752199,661.6569931939994
10160,20807680,2.471921443939209,,,0.00028614601032432677,662.3598991040017
10170,20828160,2.619992971420288,,,0.000286115439902362,662.9746660749988
10180,20848640,2.653177261352539,,,0.0002860848376173682,663.4862449009997
10190,20869120,2.6010003089904785,,,0.00028605420347739595,664.1240079410018
10200,20889600,2.603492021560669,2.580032730102539,13.197570110412402,0.00028602353749050474,665.048359217999
10210,20910080,2.631381034851074,,,0.000285992839664762,665.7174468609992
10220,20930560,2.676568031311035,,,0.0002859621100082438,666.3220646609989
10230,20951040,2.631898880004883,,,0.0002859313485290345,666.9085017500001
10240,20971520,2.59342360496521,,,0.00028590055523522673,667.8152326880008
10250,20992000,2.574368953704834,,,0.00028586973013492166,668.3759631180001
10260,21012480,2.494218349456787,,,0.0002858388732362287,668.877527599001
10270,21032960,2.6767215728759766,,,0.00028580798454726577,669.6552330939994
10280,21053440,2.5509119033813477,,,0.000285777064076159,670.2996015909994
10290,21073920,2.7483012676239014,,,0.00028574611183104293,670.8791257459998
10300,21094400,2.7853822708129883,2.5764075040817263,13.149812554108058,0.0002857151278200605,671.7739255410015
10310,21114880,2.5397725105285645,,,0.00028568411205136295,672.4353415900005
10320,21135360,2.6123576164245605,,,0.00028565306453310995,673.0252914529992
10330,21155840,2.3731682300567627,,,0.00028562198527346943,673.5841795320011
10340,21176320,2.732797145843506,,,0.00028559087428061775,674.1339112370006
10350,21196800,2.4489922523498535,,,0.00028555973156273954,674.7436795239992
10360,21217280,2.236318588256836,,,0.0002855285571280278,675.4774996279994
10370,21237760,2.5851757526397705,,,0.000285497350984684,676.1669272360014
10380,21258240,2.6742329597473145,,,0.00028546611314091776,676.8834445389984
10390,21278720,2.4284770488739014,,,0.0002854348436049472,677.4898417360018
10400,21299200,2.746837615966797,2.564421331882477,12.993137479424869,0.0002854035423849986,678.6313293970015
10410,21319680,2.557076930999756,,,0.0002853722094893068,679.2696098669985
10420,21340160,2.6356992721557617,,,0.0002853408449261148,679.9924068440014
10430,21360640,2.787292003631592,,,0.0002853094487036739,680.5206281120008
10440,21381120,2.8140134811401367,,,0.0002852780208302439,681.3387191250004
10450,21401600,2.754347324371338,,,0.0002852465613140929,681.8900865569994
10460,21422080,2.713571071624756,,,0.00028521507016349715,682.583604757001
10470,21442560,2.393589496612549,,,0.00028518354738674135,683.2638957859999
10480,21463040,2.5175976753234863,,,0.0002851519929921186,683.9322095089992
10490,21483520,2.5887832641601562,,,0.0002851204069879301,684.5525341620014
10500,21504000,2.6746082305908203,2.5618743300437927,12.960086043276473,0.00028508878938248556,685.752974985
10510,21524480,2.312077522277832,,,0.00028505714018410295,686.815235135
10520,21544960,2.5464344024658203,,,0.0002850254594011085,687.4171043679999
10530,21565440,2.7389678955078125,,,0.0002849937470418368,688.0949494410015
10540,21585920,2.676455020904541,,,0.0002849620031146307,688.7568325559987
10550,21606400,2.6393513679504395,,,0.00028493022762784146,689.4445852979989
10560,21626880,3.017632246017456,,,0.0002848984205898285,690.0005721060006
10570,21647360,2.4667232036590576,,,0.0002848665820089596,690.6064422269992
10580,21667840,2.8146257400512695,,,0.00028483471189361093,691.2609023000005
10590,21688320,2.4916954040527344,,,0.0002848028102521668,691.9791933880006
10600,21708800,2.515749931335449,2.5573788404464723,12.901954873223442,0.00028477087709301996,692.9857153289995
10610,21729280,2.542998790740967,,,0.00028473891242457127,693.557574090999
10620,21749760,2.7465453147888184,,,0.0002847069162552301,694.0734046450016
10630,21770240,2.3983824253082275,,,0.00028467488859341397,694.7411664280007
10640,21790720,2.531050205230713,,,0.0002846428294475486,695.3282726959987
10650,21811200,2.6516273021698,,,0.00028461073882606833,695.9597468430002
10660,21831680,2.4428091049194336,,,0.00028457861673741533,696.5906364639995
10670,21852160,2.6700239181518555,,,0.0002845464631900404,697.2302373120001
10680,21872640,2.5889811515808105,,,0.00028451427819240247,697.8312349529988
10690,21893120,2.5462632179260254,,,0.0002844820617529687,698.4092184990004
10700,21913600,2.5744242668151855,2.558436417579651,12.915606903435702,0.0002844498138802147,699.2751044379984
10710,21934080,2.3562686443328857,,,0.0002844175345826241,699.8556041890006
10720,21954560,2.8552215099334717,,,0.00028438522386868906,700.4897196530001
10730,21975040,2.446817398071289,,,0.00028435288174690973,701.1564660449985
10740,21995520,2.6174263954162598,,,0.0002843205082257949,701.7300518789998
10750,22016000,2.532139301300049,,,0.00028428810331386115,702.3263223239992
10760,22036480,2.7140400409698486,,,0.00028425566701963367,703.1264908039993
10770,22056960,2.713101387023926,,,0.00028422319935164577,703.7105458779988
10780,22077440,2.735703229904175,,,0.0002841907003184391,704.4103591300009
10790,22097920,2.630518913269043,,,0.0002841581699285634,704.9985546780008
10800,22118400,2.803687572479248,2.54377920627594,12.727680725184985,0.0002841256081905769,706.1718094690004
10810,22138880,2.5307273864746094,,,0.00028409301511304576,706.9329653550012
10820,22159360,2.564958095550537,,,0.00028406039070454466,707.5853787330016
10830,22179840,2.784412145614624,,,0.00028402773497365644,708.2169449210014
10840,22200320,2.6451563835144043,,,0.0002839950479289721,708.9331097520007
10850,22220800,2.3851499557495117,,,0.00028396232957909103,709.6947356829987
10860,22241280,2.7110116481781006,,,0.0002839295799326207,710.7345760390017
10870,22261760,2.756345272064209,,,0.00028389679899817687,711.381322049001
10880,22282240,2.6000163555145264,,,0.0002838639867843836,711.936160412999
10890,22302720,2.4431819915771484,,,0.00028383114329987307,712.433940936
10900,22323200,2.5104026794433594,2.5474918365478514,12.775021723370484,0.00028379826855328577,713.293872784001
10910,22343680,2.2248919010162354,,,0.0002837653625532704,713.8108826319985
10920,22364160,2.6854748725891113,,,0.0002837324253084838,714.3146434390001
10930,22384640,2.56643009185791,,,0.00028369945682759116,714.8662317119997
10940,22405120,2.375913143157959,,,0.0002836664571192658,715.3744784900009
10950,22425600,2.635681629180908,,,0.0002836334261921892,716.067093439
10960,22446080,2.6186704635620117,,,0.00028360036405505125,716.7627613139994
10970,22466560,2.6907958984375,,,0.0002835672707165499,717.4132439269997
10980,22487040,2.5742404460906982,,,0.0002835341461853913,718.171565097
10990,22507520,2.815415859222412,,,0.0002835009904702899,718.8340484289984
11000,22528000,2.4345622062683105,2.536723864078522,12.638198616921793,0.0002834678035799683,719.8215557490003
11010,22548480,2.785240888595581,,,0.0002834345855231572,720.7432445970007
11020,22568960,2.5543017387390137,,,0.0002834013363085957,721.3868620860012
11030,22589440,2.5064592361450195,,,0.00028336805594503093,721.9558944880009
11040,22609920,2.6456544399261475,,,0.0002833347444412184,722.5631535249995
11050,22630400,2.6175732612609863,,,0.00028330140180592156,723.0670515980019
11060,22650880,2.3025527000427246,,,0.00028326802804791223,723.6302580449992
11070,22671360,2.4978394508361816,,,0.00028323462317597045,724.1407279759987
11080,22691840,2.981679677963257,,,0.00028320118719888423,724.7000677729993
11090,22712320,2.6816091537475586,,,0.00028316772012545,725.2080085070011
11100,22732800,2.5096848011016846,2.531481623649597,12.572119493835755,0.0002831342219644723,726.267834541999
11110,22753280,2.7056801319122314,,,0.0002831006927247637,726.8918711639999
11120,22773760,2.530991554260254,,,0.00028306713241514517,727.6904830749991
11130,22794240,2.3115463256835938,,,0.0002830335410444457,728.3839131929999
11140,22814720,3.064535617828369,,,0.0002829999186215025,729.0353729210001
11150,22835200,3.066455364227295,,,0.00028296626515516096,729.6603401649991
11160,22855680,2.580169439315796,,,0.0002829325806542746,730.2807852799997
11170,22876160,2.515413761138916,,,0.0002828988651277053,731.123062237999
11180,22896640,2.7934350967407227,,,0.0002828651185843227,731.7722398219994
11190,22917120,2.502835273742676,,,0.00028283134103300494,732.2873310649993
11200,22937600,2.5584182739257812,2.529050874710083,12.541596939071123,0.0002827975324826382,733.2394125559986
11210,22958080,2.774197816848755,,,0.0002827636929421169,733.8619123569988
11220,22978560,2.7603402137756348,,,0.0002827298224203434,734.5006261989984
11230,22999040,2.414196014404297,,,0.00028269592092622847,735.1414357819995
11240,23019520,2.5707879066467285,,,0.0002826619884686909,735.6973040000012
11250,23040000,2.6407413482666016,,,0.00028262802505665753,736.4935982940005
11260,23060480,2.421672821044922,,,0.00028259403069906357,737.0037404040013
11270,23080960,2.460665702819824,,,0.0002825600054048522,737.7409101260018
11280,23101440,2.7938318252563477,,,0.0002825259491829748,738.3017073449992
11290,23121920,2.639673948287964,,,0.0002824918620423908,738.9068911569993
11300,23142400,2.455065965652466,2.5255504727363585,12.497773053746437,0.00028245774399206794,739.8653552489995
11310,23162880,2.5671777725219727,,,0.00028242359504098194,740.4835073040013
11320,23183360,2.7761459350585938,,,0.00028238941519811674,741.2198662219998
11330,23203840,2.7673916816711426,,,0.0002823552044724644,741.8347395679993
11340,23224320,2.3764166831970215,,,0.00028232096287302493,742.4139592210013
11350,23244800,2.52230167388916,,,0.0002822866904088067,742.9633492569992
11360,23265280,2.5533392429351807,,,0.0002822523870888261,743.6119358600008
11370,23285760,2.578580141067505,,,0.0002822180529221076,744.1723126850011
11380,23306240,2.459299087524414,,,0.0002821836879176839,744.7981342169987
11390,23326720,2.4182205200195312,,,0.0002821492920845957,745.520548329001
11400,23347200,2.529862880706787,2.5160179853439333,12.379204215500591,0.00028211486543189187,746.5177707920011
11410,23367680,2.663989543914795,,,0.0002820804079686293,747.1451223879994
11420,23388160,2.728320360183716,,,0.00028204591970387315,747.7351532739995
11430,23408640,2.4914212226867676,,,0.00028201140064669646,748.2810247330017
11440,23429120,2.989375591278076,,,0.00028197685080618063,748.9012876109991
11450,23449600,2.62837290763855,,,0.00028194227019141496,749.4209016079985
11460,23470080,2.6511788368225098,,,0.0002819076588114969,750.0432540469992
11470,23490560,2.4623074531555176,,,0.0002818730166755321,750.6346050139982
11480,23511040,2.766324758529663,,,0.0002818383437926341,751.2333816280006
11490,23531520,2.683274745941162,,,0.00028180364017192465,751.8249453229982
11500,23552000,2.2929577827453613,2.5130314230918884,12.342288105050804,0.0002817689058225336,752.8418063719982
11510,23572480,2.5350050926208496,,,0.00028173414075359884,753.7134920509998
11520,23592960,2.646223545074463,,,0.00028169934497426644,754.2700455080012
11530,23613440,2.3992533683776855,,,0.0002816645184936903,755.0070206579985
11540,23633920,2.3920514583587646,,,0.00028162966132103275,755.5665515420005
11550,23654400,2.5717387199401855,,,0.0002815947734654639,756.1928385899992
11560,23674880,2.9543731212615967,,,0.00028155985493616203,756.8548047580007
11570,23695360,2.572874069213867,,,0.0002815249057423135,757.6512469549998
11580,23715840,2.7557790279388428,,,0.0002814899258931129,758.2364712109993
11590,23736320,2.2192776203155518,,,0.00028145491539776247,758.919735943
11600,23756800,2.397033452987671,2.5101240038871766,12.306456014279496,0.00028141987426547293,760.0374641400012
11610,23777280,2.4397165775299072,,,0.0002813848025054629,760.651399454
11620,23797760,2.6271812915802,,,0.0002813497001269589,761.1853811809997
11630,23818240,2.5892727375030518,,,0.0002813145671391959,761.7528428190017
11640,23838720,2.559190273284912,,,0.00028127940355141646,762.364188517
11650,23859200,2.557896614074707,,,0.0002812442093728715,762.9324370389986
11660,23879680,2.5048182010650635,,,0.0002812089846128199,763.4646468239989
11670,23900160,2.469200849533081,,,0.0002811737292805286,764.0133201600001
11680,23920640,2.7453925609588623,,,0.0002811384433852725,764.5908925030017
11690,23941120,2.5307083129882812,,,0.00028110312693633465,765.2491979600018
11700,23961600,2.743220806121826,2.502863109111786,12.217423750204837,0.00028106777994300615,766.2402116250014
11710,23982080,2.4154093265533447,,,0.000281032402414586,766.923479948
11720,24002560,2.675899028778076,,,0.00028099699436038135,767.7158979820015
11730,24023040,2.578507900238037,,,0.0002809615557897073,768.3541762509994
11740,24043520,2.5132713317871094,,,0.0002809260867118871,768.9457606210017
11750,24064000,2.8606159687042236,,,0.0002808905871362519,769.5080574230014
11760,24084480,2.505518913269043,,,0.00028085505707214095,770.1319154820012
11770,24104960,2.5380609035491943,,,0.00028081949652890146,770.7058594000009
11780,24125440,2.634188652038574,,,0.00028078390551588867,771.2882019249992
11790,24145920,2.707339286804199,,,0.0002807482840424659,771.9581853599993
11800,24166400,2.727994918823242,2.5008774161338807,12.193187768229066,0.0002807126321180045,772.9155837469989
11810,24186880,2.404370069503784,,,0.0002806769497518837,773.538599937001
11820,24207360,2.702544927597046,,,0.0002806412369534907,774.0809624879985
11830,24227840,2.620919704437256,,,0.00028060549373222103,774.6427279359996
11840,24248320,2.7821481227874756,,,0.0002805697200974779,775.1753811470007
11850,24268800,2.571758985519409,,,0.0002805339160586726,775.7791970090002
11860,24289280,2.437798023223877,,,0.0002804980816252246,776.3717762289998
11870,24309760,2.4878504276275635,,,0.0002804622168065611,776.9430779169998
11880,24330240,2.5802063941955566,,,0.0002804263216121174,777.4525531930012
11890,24350720,2.4955496788024902,,,0.0002803903960513368,778.3656656970015
11900,24371200,2.543137550354004,2.4953279376029966,12.125709342699176,0.0002803544401336706,779.5688498800009
11910,24391680,2.402069091796875,,,0.0002803184538685781,780.1209543350014
11920,24412160,2.8673720359802246,,,0.00028028243726552655,780.7490215270009
11930,24432640,2.4771058559417725,,,0.00028024639033399126,781.4580718920006
11940,24453120,2.9045982360839844,,,0.0002802103130834553,782.0837980489996
11950,24473600,2.137852191925049,,,0.00028017420552341,782.6259041539997
11960,24494080,2.5711255073547363,,,0.00028013806766335445,783.1909748649996
11970,24514560,2.6129260063171387,,,0.0002801018995127959,783.7770923149983
11980,24535040,2.3053457736968994,,,0.0002800657010812493,784.520223173
11990,24555520,2.792844772338867,,,0.00028002947237823787,785.1444975279992
12000,24576000,2.7184131145477295,2.4905166625976562,12.067509340793407,0.00027999321341329255,786.2245808369989
12010,24596480,2.5333938598632812,,,0.0002799569241959524,787.1179900669995
12020,24616960,2.6477718353271484,,,0.0002799206047357644,787.6478450020004
12030,24637440,2.5267386436462402,,,0.0002798842550422834,788.1939069639993
12040,24657920,2.3605546951293945,,,0.0002798478751250723,788.8276692280015
12050,24678400,2.7961182594299316,,,0.00027981146499370194,789.5049558259998
12060,24698880,2.5683491230010986,,,0.00027977502465775106,790.0882336340001
12070,24719360,2.586252212524414,,,0.0002797385541268064,790.7595072430013
12080,24739840,2.3202571868896484,,,0.0002797020534104627,791.4511748920013
12090,24760320,2.899648904800415,,,0.00027966552251832235,792.0207098710016
12100,24780800,2.3889617919921875,2.4884653329849242,12.042780273935849,0.0002796289614599961,792.8813075299986
12110,24801280,2.713266372680664,,,0.0002795923702451023,793.3825559739998
12120,24821760,2.5950162410736084,,,0.0002795557488832675,794.1643995150007
12130,24842240,2.3999686241149902,,,0.0002795190973841259,794.8592708049982
12140,24862720,2.269221782684326,,,0.0002794824157573198,795.5181293150017
12150,24883200,2.6208724975585938,,,0.0002794457040124994,796.1732070129983
12160,24903680,2.4531655311584473,,,0.00027940896215932284,796.8916044709986
12170,24924160,2.4325637817382812,,,0.0002793721902074562,797.6092322270015
12180,24944640,2.648991584777832,,,0.0002793353881665734,798.2581677779999
12190,24965120,2.4939303398132324,,,0.00027929855604635624,798.8572316470018
12200,24985600,2.606290102005005,2.486543905735016,12.019663163787678,0.0002792616938564946,799.7831180690009
12210,25006080,2.5836055278778076,,,0.0002792248016066862,800.3894553950013
12220,25026560,2.288945198059082,,,0.0002791878793066366,800.8949260139998
12230,25047040,2.6301980018615723,,,0.0002791509269660593,801.4529136160018
12240,25067520,2.7996058464050293,,,0.00027911394459467564,802.2789972969986
12250,25088000,2.5855321884155273,,,0.00027907693220221517,802.8314163040013
12260,25108480,2.2354683876037598,,,0.0002790398897984148,803.4376504469983
12270,25128960,2.5008137226104736,,,0.00027900281739301995,804.1692314669999
12280,25149440,2.435565948486328,,,0.0002789657149957834,804.7667239110015
12290,25169920,2.3843846321105957,,,0.00027892858261646615,805.3920702309988
12300,25190400,2.487767219543457,2.480562162399292,11.947979234936827,0.00027889142026483695,806.2679700410008
12310,25210880,2.6107730865478516,,,0.0002788542279506724,806.8415283620016
12320,25231360,2.5103111267089844,,,0.0002788170056837571,807.5003117970009
12330,25251840,2.544588565826416,,,0.00027877975347388354,808.1509750969999
12340,25272320,2.570106029510498,,,0.0002787424713308519,808.7304092080012
12350,25292800,2.4096362590789795,,,0.0002787051592644705,809.3924459170012
12360,25313280,2.462826728820801,,,0.0002786678172845553,809.9636964259989
12370,25333760,2.891969919204712,,,0.00027863044540093026,810.5005687080011
12380,25354240,2.5295472145080566,,,0.00027859304362342713,811.1515802360009
12390,25374720,2.6040806770324707,,,0.0002785556119618856,811.8480970550008
12400,25395200,2.4062159061431885,2.4747414231300353,11.878635175647359,0.00027851815042615315,812.9259948869985
12410,25415680,2.5019848346710205,,,0.00027848065902608517,813.489283253999
12420,25436160,2.682701587677002,,,0.0002784431377715449,814.1650688920017
12430,25456640,2.541170120239258,,,0.0002784055866724034,814.6977513429993
12440,25477120,2.7637195587158203,,,0.00027836800573853966,815.3917582149988
12450,25497600,2.3945770263671875,,,0.0002783303949798404,816.2535763330015
12460,25518080,2.5369224548339844,,,0.0002782927544062003,816.7366245150006
12470,25538560,2.605319023132324,,,0.00027825508402752185,817.2312656510003
12480,25559040,2.4130024909973145,,,0.0002782173838537153,817.8478378280015
12490,25579520,2.524902820587158,,,0.00027817965389469884,818.431927261001
12500,25600000,2.4850127696990967,2.4689919114112855,11.810534783103511,0.0002781418941603984,819.3892773480002
12510,25620480,2.6375246047973633,,,0.000278104104660748,820.227624692001
12520,25640960,2.4620718955993652,,,0.00027806628540568914,820.7233411999987
12530,25661440,2.7095394134521484,,,0.00027802843640517127,821.2757670050014
12540,25681920,2.559713840484619,,,0.00027799055766915173,821.8125896769998
12550,25702400,2.388314723968506,,,0.00027795264920759576,822.3617523479988
12560,25722880,2.5762875080108643,,,0.0002779147110304762,822.9489060699998
12570,25743360,2.8636045455932617,,,0.00027787674314777377,823.522244740001
12580,25763840,2.412696599960327,,,0.00027783874556947723,824.109985998999
12590,25784320,2.785867691040039,,,0.00027780071830558285,824.6489076520011
12600,25804800,2.3112130165100098,2.4624619245529176,11.733663403881705,0.00027776266136609484,825.6534809080003
12610,25825280,2.4331412315368652,,,0.0002777245747610252,826.1685804580011
12620,25845760,2.506476879119873,,,0.00027768645850039387,826.8524601880017
12630,25866240,2.6346609592437744,,,0.00027764831259422836,827.6420178000008
12640,25886720,2.5788474082946777,,,0.0002776101370525641,828.2933996419997
12650,25907200,2.2794415950775146,,,0.0002775719318854443,829.1279590890008
12660,25927680,2.414259195327759,,,0.00027753369710292,829.691911670001
12670,25948160,2.64081072807312,,,0.00027749543271504993,830.6238932339984
12680,25968640,2.566905975341797,,,0.0002774571387319008,831.1645425700008
12690,25989120,2.430647611618042,,,0.0002774188151635469,831.8142345330016
12700,26009600,2.6530189514160156,2.460846519470215,11.714724085834238,0.0002773804620200704,832.7361138640008
12710,26030080,2.56549072265625,,,0.00027734207931156125,833.4142504869997
12720,26050560,2.375596761703491,,,0.00027730366704811717,833.9055647349996
12730,26071040,2.43904447555542,,,0.0002772652252398436,834.4198302959994
12740,26091520,2.4611635208129883,,,0.0002772267538968539,834.9435288150016
12750,26112000,2.8120031356811523,,,0.000277188253029269,835.5205034169994
12760,26132480,2.548513412475586,,,0.0002771497226472178,836.0735027789997
12770,26152960,2.467554807662964,,,0.00027711116276083684,836.741619430999
12780,26173440,2.6663637161254883,,,0.00027707257338027035,837.3009254089993
12790,26193920,2.417710304260254,,,0.00027703395451567054,837.9301735330009
12800,26214400,2.2575812339782715,2.465273749828339,11.76670284401197,0.0002769953061771972,838.7977597989993
12810,26234880,2.606895685195923,,,0.0002769566283750179,839.343649647999
12820,26255360,2.346022129058838,,,0.00027691792111930806,839.9152546430014
12830,26275840,2.4623820781707764,,,0.0002768791844202508,840.5062915519993
12840,26296320,2.5125980377197266,,,0.00027684041828803684,841.1817628850004
12850,26316800,2.773325204849243,,,0.00027680162273286486,841.7571033280001
12860,26337280,2.597418785095215,,,0.00027676279776494113,842.3472388209993
12870,26357760,2.614309310913086,,,0.0002767239433944798,842.9866996870005
12880,26378240,2.4076735973358154,,,0.0002766850596317026,843.5682859539993
12890,26398720,2.4844744205474854,,,0.00027664614648683906,844.0810927300008
12900,26419200,2.8733956813812256,2.4551809668540954,11.648541358036283,0.0002766072039701265,845.005198900999
12910,26439680,2.540914535522461,,,0.00027656823209180984,845.6293633720015
12920,26460160,2.4754505157470703,,,0.00027652923086214187,846.2310263920008
12930,26480640,2.6159303188323975,,,0.00027649020029138304,846.9513715339999
12940,26501120,2.2574520111083984,,,0.0002764511403898014,847.7905379469994
12950,26521600,2.5687146186828613,,,0.0002764120511676729,848.2952556810014
12960,26542080,2.3340213298797607,,,0.00027637293263528106,848.8467631050007
12970,26562560,2.527534008026123,,,0.00027633378480291723,849.4552565779995
12980,26583040,2.412578582763672,,,0.00027629460768088045,850.0440883730007
12990,26603520,2.437391996383667,,,0.00027625540127947736,850.6210617549987
13000,26624000,2.4431400299072266,2.4527533531188963,11.620297495505602,0.0002762161656090224,851.5764181250015
13010,26644480,2.62546706199646,,,0.00027617690067983767,852.455842667001
13020,26664960,2.741607189178467,,,0.000276137606502253,853.1514105319984
13030,26685440,2.5401413440704346,,,0.0002760982830866059,853.632629579999
13040,26705920,2.601980686187744,,,0.0002760589304432416,854.237234147
13050,26726400,2.354267120361328,,,0.0002760195485825129,854.7833770210018
13060,26746880,2.458585500717163,,,0.00027598013751478043,855.4552199719983
13070,26767360,2.509939432144165,,,0.00027594069725041237,855.9987567669996
13080,26787840,2.5821404457092285,,,0.0002759012277997848,856.7571919389993
13090,26808320,2.386056900024414,,,0.00027586172917328124,857.321912151001
13100,26828800,2.2898168563842773,2.450687837600708,11.596320361798128,0.000275822201381293,858.1719453219994
13110,26849280,2.557892084121704,,,0.00027578264443421907,858.8596433390012
13120,26869760,2.531528949737549,,,0.00027574305834246606,859.501970794001
13130,26890240,2.439694404602051,,,0.00027570344311644824,860.1813694960001
13140,26910720,2.237464666366577,,,0.0002756637987665876,860.702744481001
13150,26931200,2.1790051460266113,,,0.00027562412530331376,861.4813671619995
13160,26951680,2.778308868408203,,,0.0002755844227370641,862.0254610090014
13170,26972160,2.7352209091186523,,,0.00027554469107828343,862.6833138459988
13180,26992640,2.2406771183013916,,,0.00027550493033742443,863.4358374129988
13190,27013120,2.793318748474121,,,0.00027546514052494733,863.9939749910009
13200,27033600,2.705895185470581,2.4432786226272585,11.510718245182787,0.00027542532165132004,864.9671913130005
13210,27054080,2.648343563079834,,,0.000275385473727018,865.4943030709983
13220,27074560,2.416825771331787,,,0.00027534559676252457,866.0793495780017
13230,27095040,2.3080389499664307,,,0.0002753056907683305,866.7479184609983
13240,27115520,2.549492359161377,,,0.00027526575575493423,867.4363419110014
13250,27136000,2.5984864234924316,,,0.0002752257917328418,868.1697255069994
13260,27156480,2.446533679962158,,,0.00027518579871256706,868.8365775919992
13270,27176960,2.2608225345611572,,,0.00027514577670463124,869.4059774529997
13280,27197440,2.5207266807556152,,,0.0002751057257195635,869.945939442001
13290,27217920,2.425302743911743,,,0.00027506564576790026,870.6150175219991
13300,27238400,2.269336462020874,2.441142439842224,11.486155491630244,0.0002750255368601859,871.6428038129998
13310,27258880,2.8404717445373535,,,0.0002749853990069721,872.1420668479986
13320,27279360,2.4623351097106934,,,0.00027494523221881847,872.9513203729985
13330,27299840,2.599994659423828,,,0.000274905036506292,873.508645670001
13340,27320320,3.1076128482818604,,,0.00027486481187996743,874.1929588860003
13350,27340800,2.495528221130371,,,0.00027482455835042694,874.691858741
13360,27361280,2.400278091430664,,,0.0002747842759282605,875.2333364820006
13370,27381760,2.3243532180786133,,,0.00027474396462406566,875.7808443130016
13380,27402240,2.3799049854278564,,,0.0002747036244484474,876.3348561070015
13390,27422720,2.3572845458984375,,,0.0002746632554120185,876.9111794780001
13400,27443200,2.423438549041748,2.4396227478981016,11.468713330373488,0.00027462285752539913,877.9614231749983
13410,27463680,2.4566636085510254,,,0.00027458243079921726,878.494018491001
13420,27484160,2.5171611309051514,,,0.0002745419752441083,879.1146768409999
13430,27504640,2.4764645099639893,,,0.0002745014908707153,879.7266941140006
13440,27525120,2.9077916145324707,,,0.00027446097768968884,880.3177808389992
13450,27545600,2.4444165229797363,,,0.0002744204357116872,880.9828877610016
13460,27566080,2.838029623031616,,,0.00027437986494737614,881.6186968639995
13470,27586560,2.514519214630127,,,0.00027433926540742896,882.2649637520008
13480,27607040,2.3750505447387695,,,0.0002742986371025266,882.988372314001
13490,27627520,2.698650598526001,,,0.0002742579800433576,883.5664081809991
13500,27648000,2.8761751651763916,2.428379762172699,11.340492891032271,0.00027421729424061787,884.590520411999
13510,27668480,2.4595165252685547,,,0.0002741765797050112,885.5900191190012
13520,27688960,2.5893428325653076,,,0.00027413583644724865,886.3520097250002
13530,27709440,2.5040340423583984,,,0.00027409506447804896,886.9250263210015
13540,27729920,2.8414835929870605,,,0.0002740542638081385,887.4644533610008
13550,27750400,2.412390947341919,,,0.00027401343444825095,888.0997528929984
13560,27770880,2.4437336921691895,,,0.0002739725764091279,888.7008963849985
13570,27791360,2.172482967376709,,,0.00027393168970151806,889.2364993180017
13580,27811840,2.355220317840576,,,0.00027389077433617807,889.8833875669989
13590,27832320,2.542165756225586,,,0.00027384983032387183,890.5116991149989
13600,27852800,2.5241751670837402,2.4227906703948974,11.277286632783987,0.0002738088576753709,891.5285690240016
13610,27873280,2.3294291496276855,,,0.0002737678564014543,892.0674218109998
13620,27893760,2.6288914680480957,,,0.0002737268265129088,892.7739736030017
13630,27914240,2.4728755950927734,,,0.0002736857680205285,893.3266070300015
13640,27934720,2.4439339637756348,,,0.00027364468093511485,893.9835356360018
13650,27955200,2.4946415424346924,,,0.00027360356526747733,894.6073376759996
13660,27975680,2.525014877319336,,,0.0002735624210284324,895.1132041679994
13670,27996160,2.4962849617004395,,,0.00027352124822880447,895.8382336469986
13680,28016640,2.4971017837524414,,,0.00027348004687942514,896.3988372019994
13690,28037120,2.3771190643310547,,,0.00027343881699113374,897.0225238390012
13700,28057600,2.418478488922119,2.4230360984802246,11.280054735321116,0.0002733975585747769,897.8281312250001
13710,28078080,2.2586445808410645,,,0.00027335627164120903,898.4980619579983
13720,28098560,2.4103851318359375,,,0.0002733149562012918,899.0838586809987
13730,28119040,2.514960289001465,,,0.0002732736122658945,899.6480168240014
13740,28139520,2.5197720527648926,,,0.00027323223984589384,900.2816897660014
13750,28160000,2.4714889526367188,,,0.00027319083895217415,900.9084377670006
13760,28180480,2.369313955307007,,,0.0002731494095956271,901.3909584940011
13770,28200960,2.2911815643310547,,,0.0002731079517871519,901.9538191840002
13780,28221440,2.7435367107391357,,,0.00027306646553765533,902.5156603210016
13790,28241920,2.5073342323303223,,,0.00027302495085805155,903.1264442739994
13800,28262400,2.212188720703125,2.4197663068771362,11.243231541957455,0.00027298340775926225,903.9974959889987
13810,28282880,2.5886924266815186,,,0.0002729418362522166,904.5890281419997
13820,28303360,2.4667818546295166,,,0.00027290023634785114,905.1202320340017
13830,28323840,2.965087413787842,,,0.00027285860805711004,905.8087112510002
13840,28344320,2.4913482666015625,,,0.0002728169513909449,906.3544699170016
13850,28364800,2.217726230621338,,,0.00027277526636031467,906.9116736100004
13860,28385280,2.994548797607422,,,0.00027273355297618583,907.5184221529998
13870,28405760,2.5224876403808594,,,0.00027269181124953243,908.0607835599985
13880,28426240,2.7044010162353516,,,0.00027265004119133576,908.6243442990017
13890,28446720,2.3268027305603027,,,0.0002726082428125848,909.2099534920017
13900,28467200,2.464202404022217,2.414765918254852,11.187151343123299,0.00027256641612427574,910.169785484999
13910,28487680,2.4511704444885254,,,0.0002725245611374124,910.88469386
13920,28508160,2.48781418800354,,,0.000272482677863006,911.4585748249992
13930,28528640,2.315596580505371,,,0.0002724407663120751,912.0523742520018
13940,28549120,2.6856701374053955,,,0.00027239882649564593,912.5840614949993
13950,28569600,2.7819747924804688,,,0.0002723568584247519,913.2675771870017
13960,28590080,2.5887527465820312,,,0.0002723148621104339,913.9351273920001
13970,28610560,2.815692901611328,,,0.0002722728375637405,914.4232614889988
13980,28631040,2.4321837425231934,,,0.00027223078479572736,915.1007178979999
13990,28651520,2.918308734893799,,,0.00027218870381745774,915.6706786380018
14000,28672000,2.345716953277588,2.414538395404816,11.184606300104624,0.00027214659464000235,916.7081494250015
14010,28692480,2.473062038421631,,,0.00027210445727443924,917.6271196070011
14020,28712960,2.361293077468872,,,0.0002720622917318539,918.1847129310008
14030,28733440,2.6437478065490723,,,0.0002720200980233392,918.7813174309995
14040,28753920,2.646263360977173,,,0.00027197787615999554,919.3946415790015
14050,28774400,2.4615564346313477,,,0.0002719356261529305,920.0110864529997
14060,28794880,2.273024559020996,,,0.00027189334801325937,920.5718480450014
14070,28815360,2.481712579727173,,,0.0002718510417521046,921.1404160460006
14080,28835840,2.546133279800415,,,0.00027180870738059606,921.7223019609992
14090,28856320,2.4214324951171875,,,0.00027176634490987117,922.5418190269993
14100,28876800,2.607038974761963,2.410196816921234,11.136152712680738,0.00027172395435107454,923.5891221230013
14110,28897280,2.512207508087158,,,0.0002716815357153583,924.1450247440007
14120,28917760,2.4302425384521484,,,0.00027163908901388205,924.7570766680001
14130,28938240,2.6373672485351562,,,0.0002715966142578125,925.4050914789987
14140,28958720,2.4799246788024902,,,0.000271554111458324,926.0992530289986
14150,28979200,2.56964111328125,,,0.00027151158062659807,926.6101288860009
14160,28999680,2.5325331687927246,,,0.00027146902177382383,927.1069994540012
14170,29020160,2.6160969734191895,,,0.00027142643491119767,927.675218507
14180,29040640,2.5101308822631836,,,0.00027138382004992324,928.2818644750005
14190,29061120,2.537653923034668,,,0.00027134117720121174,929.1140752220017
14200,29081600,2.522001266479492,2.3997958064079286,11.020925748450557,0.00027129850637628157,930.3537930880011
14210,29102080,2.5938525199890137,,,0.0002712558075863586,930.956559495
14220,29122560,2.4726834297180176,,,0.000271213080842676,931.6962944670013
14230,29143040,2.798856258392334,,,0.0002711703261564743,932.2551189719998
14240,29163520,2.239856004714966,,,0.0002711275435390015,932.8245004829987
14250,29184000,2.81870698928833,,,0.00027108473300151267,933.3470663609987
14260,29204480,2.502075672149658,,,0.00027104189455527054,933.8565299939983
14270,29224960,2.5237503051757812,,,0.00027099902821154504,934.3438151929986
14280,29245440,2.2238245010375977,,,0.00027095613398161333,935.0760501900004
14290,29265920,2.4399099349975586,,,0.0002709132118767601,935.6107762329993
14300,29286400,2.357830762863159,2.3983537912368775,11.0050448593157,0.0002708702619082773,936.5445786370001
14310,29306880,2.836944580078125,,,0.00027082728408746407,937.1878308800005
14320,29327360,2.356762647628784,,,0.0002707842784256272,937.8072964200001
14330,29347840,2.4416117668151855,,,0.0002707412449340805,938.4288398130011
14340,29368320,2.196834087371826,,,0.0002706981836241453,938.9493772499991
14350,29388800,2.898799419403076,,,0.00027065509450714995,939.5052635200009
14360,29409280,2.2830491065979004,,,0.00027061197759443057,940.1491078539984
14370,29429760,2.509312629699707,,,0.00027056883289733026,940.7358141830009
14380,29450240,2.4135029315948486,,,0.0002705256604271995,941.312892386999
14390,29470720,2.684664011001587,,,0.0002704824601953961,941.9470689480004
14400,29491200,2.523192882537842,2.400995099544525,11.03415099794993,0.0002704392322132852,943.0540478570001
14410,29511680,2.698133945465088,,,0.00027039597649223916,943.6266802960017
14420,29532160,2.416576385498047,,,0.00027035269304363774,944.1195904650012
14430,29552640,2.2873058319091797,,,0.00027030938187886793,944.6975759810011
14440,29573120,2.5306572914123535,,,0.000270266043009324,945.474460718
14450,29593600,2.396355152130127,,,0.00027022267644640754,946.0378492640011
14460,29614080,2.6054115295410156,,,0.00027017928220152745,946.5952683629985
14470,29634560,2.7112784385681152,,,0.00027013586028609986,947.2672058909993
14480,29655040,2.342879295349121,,,0.00027009241071154815,947.850638721
14490,29675520,2.4986276626586914,,,0.00027004893348930306,948.6115099259987
14500,29696000,2.511362075805664,2.39396094083786,10.956807371219082,0.0002700054286308026,949.5997512670001
14510,29716480,2.28474760055542,,,0.00026996189614749203,950.473933625999
14520,29736960,2.2942731380462646,,,0.00026991833605082385,951.1692917120017
14530,29757440,2.3439507484436035,,,0.0002698747483522578,951.7967493450014
14540,29777920,2.2032268047332764,,,0.00026983113306326093,952.5458899430014
14550,29798400,2.386138439178467,,,0.00026978749019530764,953.2022401670001
14560,29818880,2.4983930587768555,,,0.00026974381975987936,953.9015890949995
14570,29839360,2.4544248580932617,,,0.000269700121768465,954.5770113690014
14580,29859840,2.727860927581787,,,0.00026965639623256055,955.224572572999
14590,29880320,2.513401985168457,,,0.00026961264316366937,955.8440267000005
14600,29900800,2.4381942749023438,2.392700529098511,10.943005982126143,0.00026956886257330193,957.0478910630009
14610,29921280,2.56191349029541,,,0.00026952505447297616,957.6091954619988
14620,29941760,2.502260446548462,,,0.00026948121887421695,958.2839554179991
14630,29962240,2.537044048309326,,,0.00026943735578855663,958.79561827
14640,29982720,2.499011516571045,,,0.00026939346522753465,959.4790708729997
14650,30003200,2.666513442993164,,,0.0002693495472026978,960.1501580609984
14660,30023680,2.4588043689727783,,,0.00026930560172559997,960.7178410699998
14670,30044160,2.430388927459717,,,0.00026926162880780235,961.6566855540004
14680,30064640,2.472590446472168,,,0.0002692176284608733,962.3855866759986
14690,30085120,2.674375534057617,,,0.00026917360069638846,962.9096378770009
14700,30105600,2.096917152404785,2.386106824874878,10.871088399559339,0.00026912954552593064,964.0161266799987
14710,30126080,2.703014850616455,,,0.00026908546296108984,964.6488071099993
14720,30146560,2.4738287925720215,,,0.0002690413530134633,965.1561392389995
14730,30167040,2.545686721801758,,,0.0002689972156946555,965.8795326100008
14740,30187520,2.4251394271850586,,,0.00026895305101627806,966.4805136680006
14750,30208000,2.411740779876709,,,0.0002689088589899498,967.0513114230016
14760,30228480,2.5297598838806152,,,0.0002688646396272967,967.5412960100002
14770,30248960,2.380354642868042,,,0.0002688203929399521,968.1773153809991
14780,30269440,2.3647162914276123,,,0.0002687761189395563,968.9185762989982
14790,30289920,2.20088529586792,,,0.000268731817637757,969.5177136759994
14800,30310400,2.286726474761963,2.379507529735565,10.799583080585736,0.0002686874890462089,970.4047614330011
14810,30330880,2.2516095638275146,,,0.000268643133176574,971.0112941240004
14820,30351360,2.339099645614624,,,0.00026859875004052133,971.5458555320001
14830,30371840,2.3631081581115723,,,0.00026855433964972735,972.2890036999997
14840,30392320,2.472712993621826,,,0.0002685099020158755,972.9018872599991
14850,30412800,2.4364304542541504,,,0.00026846543715065634,973.4677227380016
14860,30433280,2.486417293548584,,,0.00026842094506576773,974.0776345529994
14870,30453760,2.141589403152466,,,0.0002683764257729147,974.5934823149983
14880,30474240,2.2703452110290527,,,0.0002683318792838093,975.2136048850007
14890,30494720,2.5782835483551025,,,0.0002682873056101708,975.758870747999
14900,30515200,2.408907651901245,2.3826138496398928,10.83318219825428,0.00026824270476372576,976.610391749
14910,30535680,2.502485513687134,,,0.00026819807675620765,977.1116252840002
14920,30556160,2.48433256149292,,,0.00026815342159935713,977.7151791200013
14930,30576640,2.5132243633270264,,,0.00026810873930492227,978.2613058550014
14940,30597120,2.5296475887298584,,,0.0002680640298846579,978.8349354210004
14950,30617600,2.166924476623535,,,0.00026801929335032627,979.4283687569987
14960,30638080,2.6121387481689453,,,0.00026797452971369666,979.9833335639996
14970,30658560,2.2596988677978516,,,0.00026792973898654543,980.6044059320011
14980,30679040,2.50461483001709,,,0.00026788492118065614,981.3417868830002
14990,30699520,2.5568251609802246,,,0.0002678400763078195,981.8953280909991
15000,30720000,2.6900930404663086,2.379435133934021,10.798801264412722,0.00026779520437983313,982.7908275240006
15010,30740480,2.2381503582000732,,,0.00026775030540850207,983.6695093410017
15020,30760960,2.4569332599639893,,,0.00026770537940563833,984.3559709879992
15030,30781440,2.355640172958374,,,0.000267660426383061,984.9739038629996
15040,30801920,2.4035611152648926,,,0.00026761544635259634,985.5274999710018
15050,30822400,2.3386611938476562,,,0.00026757043932607765,986.1157228250013
15060,30842880,2.3442940711975098,,,0.00026752540531534537,986.8309691649993
15070,30863360,2.281525135040283,,,0.0002674803443322471,987.6260580820017
15080,30883840,2.6067416667938232,,,0.0002674352563886374,988.2737715980002
15090,30904320,2.3728678226470947,,,0.00026739014149637804,988.932600477001
15100,30924800,2.3982746601104736,2.3764609813690187,10.766731695468087,0.0002673449996673378,989.8635668499992
15110,30945280,2.2778611183166504,,,0.0002672998309133927,990.7445155509995
15120,30965760,2.5269663333892822,,,0.0002672546352464256,991.345056066999
15130,30986240,2.3156166076660156,,,0.0002672094126783266,991.9753325089987
15140,31006720,2.5567359924316406,,,0.0002671641632209929,992.718067329999
15150,31027200,2.2509336471557617,,,0.0002671188868863287,993.3132006689993
15160,31047680,2.621347188949585,,,0.0002670735836862452,993.8968406230015
15170,31068160,2.360095739364624,,,0.0002670282536326608,994.5467117439985
15180,31088640,2.7084386348724365,,,0.000266982896737501,995.1522688229998
15190,31109120,2.5220236778259277,,,0.00026693751301269826,995.7200183659988
15200,31129600,2.3478870391845703,2.374720561504364,10.748009358837102,0.00026689210247019207,996.6244860260013
15210,31150080,2.717221260070801,,,0.00026684666512192905,997.2278571089992
15220,31170560,2.4116835594177246,,,0.0002668012009798629,997.804080670001
15230,31191040,2.4351115226745605,,,0.0002667557100559542,998.4015556880004
15240,31211520,2.207190990447998,,,0.0002667101923621708,998.9460011529991
15250,31232000,2.734731435775757,,,0.0002666646479104875,999.4625227719989
15260,31252480,2.612121105194092,,,0.000266619076712886,1000.1531175560012
15270,31272960,2.4112203121185303,,,0.00026657347878135526,1000.6895148119984
15280,31293440,2.7549960613250732,,,0.00026652785412789115,1001.1874484079999
15290,31313920,2.419175148010254,,,0.00026648220276449667,1001.7387532510002
15300,31334400,2.592215061187744,2.3685686349868775,10.682091364276973,0.00026643652470318167,1002.624865460999
15310,31354880,2.360808849334717,,,0.00026639081995596313,1003.7216054249984
15320,31375360,2.4854044914245605,,,0.0002663450885348651,1004.4528687650018
15330,31395840,2.459138870239258,,,0.0002662993304519186,1005.199309579999
15340,31416320,2.427384853363037,,,0.00026625354571916163,1005.9325931860003
15350,31436800,2.5859460830688477,,,0.0002662077343486392,1006.5332252389999
15360,31457280,2.639068126678467,,,0.0002661618963524035,1007.1332854639986
15370,31477760,2.4615025520324707,,,0.00026611603174251335,1007.7169604459996
15380,31498240,2.4390368461608887,,,0.000266070140531035,1008.3096357659997
15390,31518720,2.34667706489563,,,0.0002660242227300414,1008.929988418
15400,31539200,2.2657461166381836,2.366908860206604,10.664376204084915,0.0002659782783516126,1009.8338893709988
15410,31559680,2.2433090209960938,,,0.00026593230740783565,1010.3388735619992
15420,31580160,2.5380258560180664,,,0.00026588630991080466,1010.9696784689986
15430,31600640,2.2818098068237305,,,0.0002658402858726206,1011.5904314949985
15440,31621120,2.409727096557617,,,0.0002657942353053914,1012.4288721289995
15450,31641600,2.1764142513275146,,,0.0002657481582212321,1013.0746637420016
15460,31662080,2.384833335876465,,,0.00026570205463226457,1013.7688200939992
15470,31682560,2.3751168251037598,,,0.0002656559245506178,1014.538198844999
15480,31703040,2.170562505722046,,,0.0002656097679884277,1015.2018693069986
15490,31723520,2.332009792327881,,,0.0002655635849578371,1016.0232102199989
15500,31744000,2.2748656272888184,2.3599151253700255,10.590052587494132,0.00026551737547099593,1017.1992492179997
15510,31764480,2.2075164318084717,,,0.0002654711395400608,1018.0965420149987
15520,31784960,2.3792033195495605,,,0.0002654248771771955,1018.7167723640014
15530,31805440,2.4037578105926514,,,0.00026537858839457084,1019.405260984
15540,31825920,2.4141733646392822,,,0.00026533227320436426,1019.924401395001
15550,31846400,2.1783101558685303,,,0.0002652859316187605,1020.4977005379988
15560,31866880,2.5652782917022705,,,0.0002652395636499511,1021.198273905
15570,31887360,2.5920867919921875,,,0.00026519316931013454,1021.7038402319995
15580,31907840,2.363071918487549,,,0.00026514674861151616,1022.2269260149988
15590,31928320,2.475581645965576,,,0.0002651003015663083,1022.7204345319988
15600,31948800,2.3476498126983643,2.361259341239929,10.604297476203147,0.00026505382818673036,1023.6346183239984
15610,31969280,2.4543473720550537,,,0.00026500732848500845,1024.2444147409988
15620,31989760,2.116697072982788,,,0.00026496080247337574,1024.879431502999
15630,32010240,2.3551344871520996,,,0.00026491425016407223,1025.6585803000016
15640,32030720,2.5349984169006348,,,0.000264867671569345,1026.2665329100018
15650,32051200,2.7131948471069336,,,0.00026482106670144785,1026.8671161759994
15660,32071680,2.117159843444824,,,0.0002647744355726416,1027.5047183310016
15670,32092160,2.2810702323913574,,,0.000264727778195194,1028.283657172
15680,32112640,2.698781967163086,,,0.0002646810945813796,1028.8977134849993
15690,32133120,2.304743766784668,,,0.00026463438474347994,1029.4920795539983
15700,32153600,2.621835231781006,2.3584585666656492,10.574638782499045,0.00026458764869378347,1030.4705836920002
15710,32174080,2.439375877380371,,,0.0002645408864445855,1031.1246423500015
15720,32194560,2.4782328605651855,,,0.0002644940980081882,1031.7166503529988
15730,32215040,2.474776029586792,,,0.00026444728339690063,1032.3641296409987
15740,32235520,2.4635934829711914,,,0.00026440044262303884,1033.004067572001
15750,32256000,2.494002342224121,,,0.0002643535756989257,1033.5996705539983
15760,32276480,2.4265360832214355,,,0.0002643066826368909,1034.2084061370006
15770,32296960,2.2958593368530273,,,0.00026425976344927107,1034.806925159999
15780,32317440,2.5940041542053223,,,0.0002642128181484097,1035.3577162250003
15790,32337920,2.67555570602417,,,0.0002641658467466572,1035.9873844590002
15800,32358400,2.3369081020355225,2.352426528930664,10.51104415774393,0.0002641188492563707,1037.1234235180018
15810,32378880,2.4431519508361816,,,0.00026407182568991444,1037.617900137
15820,32399360,2.6425514221191406,,,0.00026402477605965926,1038.2800031680017
15830,32419840,2.6969664096832275,,,0.00026397770037798297,1038.982597667
15840,32440320,2.199571371078491,,,0.00026393059865727024,1039.4988864869993
15850,32460800,2.7068681716918945,,,0.00026388347090991265,1040.0785910599989
15860,32481280,2.799571990966797,,,0.00026383631714830847,1040.7249176820005
15870,32501760,2.427762746810913,,,0.00026378913738486293,1041.4137642319984
15880,32522240,2.3062777519226074,,,0.0002637419316319881,1042.1400693469986
15890,32542720,2.1511857509613037,,,0.0002636946999021028,1042.8061791010005
15900,32563200,2.483534812927246,2.3538187861442568,10.52568842672399,0.0002636474422076329,1043.6855152030003
15910,32583680,2.3406529426574707,,,0.0002636001585610108,1044.2784517580003
15920,32604160,2.3446099758148193,,,0.0002635528489746759,1044.879081045001
15930,32624640,2.2965078353881836,,,0.0002635055134610744,1045.6652962389999
15940,32645120,2.4761552810668945,,,0.00026345815203265935,1046.3193316819998
15950,32665600,2.559267044067383,,,0.0002634107647018905,1047.0622532009984
15960,32686080,2.062526226043701,,,0.00026336335148123465,1047.8590331589985
15970,32706560,2.2894184589385986,,,0.00026331591238316514,1048.4855239989993
15980,32727040,2.3900511264801025,,,0.0002632684474201623,1049.1831087729988
15990,32747520,2.414827823638916,,,0.0002632209566047132,1049.8071263829988
16000,32768000,2.432675361633301,2.34742351770401,10.458588613072333,0.0002631734399493116,1050.87335894
16010,32788480,2.7002508640289307,,,0.00026312589746645837,1051.8831509150004
16020,32808960,2.2511043548583984,,,0.00026307832916866084,1052.5503095919994
16030,32829440,2.4941298961639404,,,0.0002630307350684333,1053.1806169859992
16040,32849920,2.308471202850342,,,0.00026298311517829686,1053.8467316280003
16050,32870400,2.3143556118011475,,,0.0002629354695107792,1054.5006832510007
16060,32890880,2.4239373207092285,,,0.00026288779807841515,1055.2926746480007
16070,32911360,2.446873664855957,,,0.0002628401008937459,1055.8978913089995
16080,32931840,2.3766021728515625,,,0.0002627923779693197,1056.5523237470006
16090,32952320,2.383175849914551,,,0.0002627446293176916,1057.122009857001
16100,32972800,2.6211681365966797,2.3459925532341,10.443633447069145,0.00026269685495142306,1058.0921906430012
16110,32993280,2.4882898330688477,,,0.0002626490548830828,1058.7671870999984
16120,33013760,2.208167791366577,,,0.0002626012291252459,1059.2836908909994
16130,33034240,2.3445236682891846,,,0.0002625533776904944,1060.283005240999
16140,33054720,2.4646592140197754,,,0.000262505500591417,1060.7911319710001
16150,33075200,2.3071627616882324,,,0.0002624575978406093,1061.3018047590012
16160,33095680,2.365678310394287,,,0.00026240966945067346,1062.041449370001
16170,33116160,2.2219841480255127,,,0.00026236171543421856,1062.6353306759993
16180,33136640,2.2588353157043457,,,0.00026231373580386024,1063.2520557019998
16190,33157120,2.131837844848633,,,0.000262265730572221,1063.9517439100018
16200,33177600,2.320920467376709,2.3414188981056214,10.395976934694609,0.00026221769975193004,1065.0171235810012
16210,33198080,2.089775323867798,,,0.00026216964335562336,1065.844648844999
16220,33218560,2.2667717933654785,,,0.0002621215613959436,1066.445727274
16230,33239040,2.3046889305114746,,,0.0002620734538855401,1067.1104614600008
16240,33259520,2.537982702255249,,,0.00026202532083706903,1067.8244346719985
16250,33280000,2.4165756702423096,,,0.0002619771622631932,1068.4901651530017
16260,33300480,2.1676149368286133,,,0.0002619289781765822,1069.088830200999
16270,33320960,2.3049821853637695,,,0.00026188076858991223,1069.8467185070003
16280,33341440,2.5062732696533203,,,0.0002618325335158663,1070.4010803989986
16290,33361920,2.647859573364258,,,0.00026178427296713407,1070.9907910930015
16300,33382400,2.400202751159668,2.3391114115715026,10.37201601329218,0.0002617359869564119,1071.9550833489993
16310,33402880,2.333667516708374,,,0.00026168767549640293,1072.7019727670013
16320,33423360,2.7775793075561523,,,0.0002616393385998169,1073.4267836629988
16330,33443840,2.462153434753418,,,0.00026159097627937025,1073.9939947269995
16340,33464320,2.1600735187530518,,,0.0002615425885477861,1074.4962705670005
16350,33484800,2.4301443099975586,,,0.00026149417541779436,1075.050912494
16360,33505280,2.4016876220703125,,,0.0002614457369021315,1075.657012855001
16370,33525760,2.3007144927978516,,,0.0002613972730135408,1076.2470539690003
16380,33546240,2.2789273262023926,,,0.00026134878376477195,1076.8232224259991
16390,33566720,2.1248397827148438,,,0.0002613002691685817,1077.3634939129988
16400,33587200,2.343794822692871,2.3356221318244934,10.335888214534474,0.00026125172923773313,1078.2954880120014
16410,33607680,2.6568472385406494,,,0.00026120316398499615,1078.8471353669993
16420,33628160,2.196382522583008,,,0.0002611545734231473,1079.4222013649996
16430,33648640,2.5293350219726562,,,0.00026110595756496984,1079.9517188009995
16440,33669120,2.1175148487091064,,,0.00026105731642325346,1080.5432316320002
16450,33689600,2.2702012062072754,,,0.0002610086500107949,1081.1600296420002
16460,33710080,2.2116928100585938,,,0.00026095995834039706,1081.8672386239996
16470,33730560,2.411731481552124,,,0.0002609112414248699,1082.3972385029992
16480,33751040,2.2559919357299805,,,0.00026086249927702976,1082.9721337660012
16490,33771520,2.4235527515411377,,,0.0002608137319096998,1083.6567645110008
16500,33792000,2.3744492530822754,2.333477199077606,10.313742188793535,0.0002607649393357098,1084.675294621
16510,33812480,2.377452850341797,,,0.00026071612156789586,1085.543820283001
16520,33832960,2.1824193000793457,,,0.0002606672786191011,1086.1157342510014
16530,33853440,2.396348714828491,,,0.0002606184105021752,1086.6590164570007
16540,33873920,2.499074935913086,,,0.0002605695172299742,1087.2018706199997
16550,33894400,2.503445625305176,,,0.0002605205988153611,1087.7757480219989
16560,33914880,2.4131383895874023,,,0.00026047165527120516,1088.502470020001
16570,33935360,2.3358659744262695,,,0.00026042268661038254,1089.2175993240016
16580,33955840,2.1955325603485107,,,0.00026037369284577597,1089.7392605339992
16590,33976320,2.7737841606140137,,,0.00026032467399027465,1090.338538172
16600,33996800,2.290131092071533,2.329605424404144,10.273886908119504,0.0002602756300567744,1091.2677428030001
16610,34017280,2.2804508209228516,,,0.00026022656105817785,1091.935324951999
16620,34037760,2.5698468685150146,,,0.0002601774670073939,1092.584977729999
16630,34058240,2.34071683883667,,,0.00026012834791733826,1093.2160284839993
16640,34078720,2.4943161010742188,,,0.0002600792038009332,1093.7885402050015
16650,34099200,2.7198915481567383,,,0.0002600300346711075,1094.3830651780008
16660,34119680,2.0387063026428223,,,0.0002599808405407967,1094.9076745940001
16670,34140160,2.5467522144317627,,,0.00025993162142294254,1095.5110767260012
16680,34160640,2.144895315170288,,,0.0002598823773304938,1096.0759379359988
16690,34181120,2.5418920516967773,,,0.0002598331082764055,1096.7074526379984
16700,34201600,2.471414566040039,2.3238528251647947,10.214955022383585,0.0002597838142736393,1097.7612363129992
16710,34222080,2.35618257522583,,,0.00025973449533516353,1098.487509270999
16720,34242560,2.623722553253174,,,0.00025968515147395307,1099.0867311309994
16730,34263040,2.518660068511963,,,0.00025963578270298915,1099.6354521989997
16740,34283520,2.3081002235412598,,,0.0002595863890352598,1100.278244522
16750,34304000,2.4635727405548096,,,0.00025953697048375937,1100.7635241610005
16760,34324480,2.6934919357299805,,,0.0002594875270614891,1101.361614772999
16770,34344960,2.5496437549591064,,,0.00025943805878145634,1101.8778311040005
16780,34365440,2.593301773071289,,,0.0002593885656566753,1102.4296471900016
16790,34385920,2.404463768005371,,,0.00025933904770016666,1102.96754736
16800,34406400,2.2860569953918457,2.319026291370392,10.165770986445773,0.0002592895049249575,1104.2249817910015
16810,34426880,2.084484100341797,,,0.00025923993734408156,1104.9074536469998
16820,34447360,2.472961664199829,,,0.00025919034497057914,1105.4157261940018
16830,34467840,2.6318910121917725,,,0.0002591407278174969,1106.0474441410006
16840,34488320,2.310831069946289,,,0.0002590910858978881,1106.6071644900003
16850,34508800,2.3155016899108887,,,0.00025904141922481264,1107.2503046040001
16860,34529280,2.1268157958984375,,,0.0002589917278113367,1107.7878508959984
16870,34549760,2.5059940814971924,,,0.0002589420116705332,1108.4958548139984
16880,34570240,2.322969913482666,,,0.0002588922708154814,1109.1344756949984
16890,34590720,2.2734081745147705,,,0.0002588425052592671,1109.8401112309984
16900,34611200,2.6168711185455322,2.3226128816604614,10.202296904553792,0.0002587927150149826,1110.6774500460015
16910,34631680,2.404771089553833,,,0.00025874290009572675,1111.3724594720006
16920,34652160,2.0722200870513916,,,0.0002586930605146048,1111.983150213
16930,34672640,2.2042558193206787,,,0.0002586431962847286,1112.7318611699993
16940,34693120,2.222081184387207,,,0.00025859330741921644,1113.3721163670016
16950,34713600,2.7266972064971924,,,0.00025854339393119297,1114.0357036419991
16960,34734080,2.6070456504821777,,,0.00025849345583378954,1114.6785248769993
16970,34754560,2.350375175476074,,,0.00025844349314014376,1115.194760249
16980,34775040,2.445101261138916,,,0.0002583935058633999,1115.7349877390006
16990,34795520,2.3281383514404297,,,0.00025834349401670847,1116.5369751729995
17000,34816000,2.714089870452881,2.3208584427833556,10.184413290669626,0.0002582934576132267,1117.4606924190011
17010,34836480,2.2918806076049805,,,0.0002582433966661181,1118.3703447670014
17020,34856960,2.2983901500701904,,,0.0002581933111885527,1118.9551093230002
17030,34877440,2.4268250465393066,,,0.00025814320119370705,1119.556569794
17040,34897920,2.4564566612243652,,,0.00025809306669476395,1120.1163104549996
17050,34918400,2.2579164505004883,,,0.0002580429077049129,1120.709509414999
17060,34938880,2.3888072967529297,,,0.0002579927242373497,1121.2069485149987
17070,34959360,2.4813787937164307,,,0.00025794251630527646,1121.7072660410013
17080,34979840,2.2806026935577393,,,0.00025789228392190207,1122.3291399279988
17090,35000320,2.3360190391540527,,,0.0002578420271004415,1122.947461871001
17100,35020800,2.4035415649414062,2.3165050625801085,10.140173034665468,0.0002577917458541165,1123.9407637010008
17110,35041280,2.222139358520508,,,0.0002577414401961548,1124.4954402629992
17120,35061760,2.3164381980895996,,,0.00025769111013979095,1125.0212039780017
17130,35082240,2.5202417373657227,,,0.00025764075569826585,1125.6024136349988
17140,35102720,2.3097188472747803,,,0.0002575903768848266,1126.1679929249985
17150,35123200,2.3940412998199463,,,0.0002575399737127268,1126.6878941600007
17160,35143680,2.396867275238037,,,0.00025748954619522676,1127.185969465001
17170,35164160,2.5445079803466797,,,0.0002574390943455927,1127.7173548760002
17180,35184640,2.3207778930664062,,,0.00025738861817709756,1128.1847696209988
17190,35205120,2.4444468021392822,,,0.00025733811770302064,1128.8153600240003
17200,35225600,2.2687668800354004,2.3138861060142517,10.113651106965095,0.0002572875929366475,1129.7812505619986
17210,35246080,2.2427139282226562,,,0.00025723704389127034,1130.3594690960017
17220,35266560,2.2170872688293457,,,0.00025718647058018746,1130.9839189830018
17230,35287040,2.7625069618225098,,,0.0002571358730167037,1131.4899427849996
17240,35307520,2.5122036933898926,,,0.0002570852512141304,1132.141288445
17250,35328000,2.4009790420532227,,,0.00025703460518578495,1132.6590340779985
17260,35348480,2.4888954162597656,,,0.00025698393494499134,1133.2322572619996
17270,35368960,2.3056411743164062,,,0.0002569332405050799,1133.8202982490002
17280,35389440,2.401904344558716,,,0.00025688252187938736,1134.3935756140017
17290,35409920,2.5116662979125977,,,0.00025683177908125676,1134.9793103349984
17300,35430400,2.166569709777832,2.3099943161010743,10.074367393164849,0.00025678101212403743,1136.0141100690016
17310,35450880,2.511373996734619,,,0.00025673022102108527,1136.5621145680016
17320,35471360,2.2897887229919434,,,0.00025667940578576225,1137.146231068
17330,35491840,2.3711020946502686,,,0.0002566285664314369,1137.6833662470017
17340,35512320,2.179887294769287,,,0.00025657770297148405,1138.4201818690017
17350,35532800,2.5186901092529297,,,0.0002565268154192848,1139.0373894170007
17360,35553280,2.3267040252685547,,,0.00025647590378822664,1139.6624440669984
17370,35573760,2.578847885131836,,,0.0002564249680917035,1140.2785378020017
17380,35594240,1.9706201553344727,,,0.00025637400834311534,1140.8984604059988
17390,35614720,2.617685317993164,,,0.0002563230245558688,1141.489852229999
17400,35635200,2.338130474090576,2.3084604024887083,10.058926029770902,0.00025627201674337664,1142.505792232001
17410,35655680,2.3463921546936035,,,0.00025622098491905797,1143.1969068969993
17420,35676160,2.265334129333496,,,0.00025616992909633827,1143.871452110001
17430,35696640,2.248044967651367,,,0.00025611884928864923,1144.603876699999
17440,35717120,2.365312099456787,,,0.000256067745509429,1145.104097421001
17450,35737600,2.5332882404327393,,,0.00025601661777212195,1145.6137080490007
17460,35758080,2.6112589836120605,,,0.0002559654660901787,1146.1919932130004
17470,35778560,2.3084216117858887,,,0.00025591429047705624,1146.665422050999
17480,35799040,2.3672690391540527,,,0.0002558630909462178,1147.2987617079998
17490,35819520,2.415168285369873,,,0.000255811867511133,1148.0348194670005
17500,35840000,2.2118310928344727,2.309583914279938,10.070233702734956,0.00025576062018527776,1148.8290785770005
17510,35860480,2.0049803256988525,,,0.00025570934898213406,1149.630431734
17520,35880960,2.379913330078125,,,0.0002556580539151904,1150.1599929520016
17530,35901440,2.1354434490203857,,,0.00025560673499794154,1150.8448345569996
17540,35921920,2.1466732025146484,,,0.0002555553922438884,1151.4151556459983
17550,35942400,2.2844433784484863,,,0.00025550402566653816,1152.0645608429986
17560,35962880,2.4317634105682373,,,0.0002554526352794044,1152.6884140440015
17570,35983360,2.0363473892211914,,,0.0002554012210960069,1153.313860533999
17580,36003840,2.5384597778320312,,,0.00025534978312987164,1154.0497120660002
17590,36024320,2.4628422260284424,,,0.000255298321394531,1154.633302148999
17600,36044800,2.2732129096984863,2.308406186103821,10.058380685949137,0.0002552468359035234,1155.5965278030017
17610,36065280,2.2694287300109863,,,0.00025519532667039375,1156.3089881749984
17620,36085760,2.2159461975097656,,,0.00025514379370869306,1156.817912216
17630,36106240,2.123584508895874,,,0.0002550922370319786,1157.4416053940004
17640,36126720,2.3817787170410156,,,0.0002550406566538138,1158.1049333519986
17650,36147200,2.2815966606140137,,,0.00025498905258776857,1158.7716967960005
17660,36167680,2.4444832801818848,,,0.0002549374248474188,1159.528274455999
17670,36188160,2.20045804977417,,,0.0002548857734463468,1160.059932193999
17680,36208640,2.1423568725585938,,,0.0002548340983981409,1160.6863796090001
17690,36229120,2.2873806953430176,,,0.0002547823997163958,1161.4498227149998
17700,36249600,2.749525785446167,2.299760842323303,9.971797337732776,0.00025473067741471243,1162.344339542
17710,36270080,2.428157329559326,,,0.00025467893150669783,1162.8603641349982
17720,36290560,2.7485172748565674,,,0.00025462716200596534,1163.3907162219984
17730,36311040,2.440234899520874,,,0.0002545753689261345,1163.9467882569988
17740,36331520,2.6780779361724854,,,0.00025452355228083087,1164.5434914750003
17750,36352000,2.3615121841430664,,,0.0002544717120836866,1165.0370288589984
17760,36372480,2.0565266609191895,,,0.0002544198483483396,1165.6778100580013
17770,36392960,2.4438772201538086,,,0.00025436796108843423,1166.3563779819997
17780,36413440,2.4928503036499023,,,0.00025431605031762104,1166.9645907859995
17790,36433920,2.301168203353882,,,0.00025426411604955666,1167.7459521739984
17800,36454400,2.4172420501708984,2.2984830498695374,9.959063587621628,0.00025421215829790394,1168.7129453029993
17810,36474880,2.4642395973205566,,,0.0002541601770763319,1169.3034289230018
17820,36495360,2.5175225734710693,,,0.0002541081723985159,1170.0433528180001
17830,36515840,2.63429594039917,,,0.0002540561442781371,1170.7588486349996
17840,36536320,2.551083564758301,,,0.00025400409272888317,1171.2791495429992
17850,36556800,2.5415890216827393,,,0.0002539520177644478,1171.8106928880006
17860,36577280,2.4617068767547607,,,0.00025389991939853086,1172.3718306230003
17870,36597760,2.0105581283569336,,,0.00025384779764483844,1172.9076698360004
17880,36618240,2.2288217544555664,,,0.0002537956525170826,1173.5516427020011
17890,36638720,2.46465802192688,,,0.0002537434840289818,1174.3031040710011
17900,36659200,2.450103282928467,2.2974831461906433,9.949110460215648,0.0002536912921942604,1175.1934615140017
17910,36679680,2.2850139141082764,,,0.00025363907702664906,1175.7590895909998
17920,36700160,2.2097744941711426,,,0.0002535868385398846,1176.3075607130013
17930,36720640,2.367997646331787,,,0.0002535345767477099,1176.876354344
17940,36741120,2.661667823791504,,,0.0002534822916638739,1177.4375183880002
17950,36761600,2.258570671081543,,,0.0002534299833021318,1178.0722792119996
17960,36782080,2.1796231269836426,,,0.00025337765167624486,1178.7137355660016
17970,36802560,2.3588368892669678,,,0.0002533252967999805,1179.4199189190003
17980,36823040,2.4223523139953613,,,0.00025327291868711225,1180.033440741001
17990,36843520,2.4433398246765137,,,0.00025322051735141964,1180.6189747479984
18000,36864000,2.4594414234161377,2.292174220085144,9.896431326509711,0.0002531680928066885,1181.6682196740003
18010,36884480,2.5030713081359863,,,0.0002531156450667107,1182.8107627749996
18020,36904960,2.2628884315490723,,,0.00025306317414528406,1183.3296486129984
18030,36925440,2.147636890411377,,,0.0002530106800562127,1183.8516504580002
18040,36945920,2.4805755615234375,,,0.00025295816281330674,1184.4511572449992
18050,36966400,2.4332809448242188,,,0.0002529056224303824,1184.990654363999
18060,36986880,2.2678773403167725,,,0.000252853058921262,1185.539863072001
18070,37007360,2.5196690559387207,,,0.00025280047229977396,1186.0174782089998
18080,37027840,2.2860546112060547,,,0.00025274786257975274,1186.779617455999
18090,37048320,2.3930068016052246,,,0.0002526952297750389,1187.4646432350019
18100,37068800,2.1627111434936523,2.2885857582092286,9.860982002301384,0.000252642573899479,1188.705284243999
18110,37089280,2.812676429748535,,,0.0002525898949669259,1189.5539783780005
18120,37109760,2.6747608184814453,,,0.00025253719299123817,1190.1094039970012
18130,37130240,2.261676073074341,,,0.0002524844679862808,1190.6526722490016
18140,37150720,2.07942271232605,,,0.00025243171996592456,1191.2097572530001
18150,37171200,2.688924789428711,,,0.0002523789489440465,1192.001984360999
18160,37191680,2.4136271476745605,,,0.00025232615493452954,1192.4932771800013
18170,37212160,2.436093807220459,,,0.0002522733379512627,1193.0286135999995
18180,37232640,2.260010242462158,,,0.0002522204980081411,1193.6063746090003
18190,37253120,2.565476179122925,,,0.0002521676351190659,1194.1892450269988
18200,37273600,2.4158949851989746,2.2885204195976256,9.86033772047678,0.00025211474929794417,1195.2331601709993
18210,37294080,2.2792603969573975,,,0.0002520618405586892,1195.795720656999
18220,37314560,2.086610794067383,,,0.0002520089089152201,1196.5133398159996
18230,37335040,2.296833038330078,,,0.0002519559543814622,1197.2467595939997
18240,37355520,2.402113437652588,,,0.00025190297697134673,1197.743314102001
18250,37376000,2.485452890396118,,,0.0002518499766988111,1198.229779276
18260,37396480,2.3675694465637207,,,0.00025179695357779836,1198.7376885750018
18270,37416960,2.5257604122161865,,,0.0002517439076222581,1199.3251701580011
18280,37437440,2.139021396636963,,,0.00025169083884614543,1199.961091833
18290,37457920,2.245205879211426,,,0.0002516377472634218,1200.6164923840006
18300,37478400,2.382246732711792,2.287554407119751,9.850817110457148,0.0002515846328880545,1201.6823611660002
18310,37498880,2.2346391677856445,,,0.0002515314957340168,1202.276284235999
18320,37519360,2.560445785522461,,,0.00025147833581528814,1202.9436403510008
18330,37539840,2.4738636016845703,,,0.00025142515314585364,1203.5494906519998
18340,37560320,2.3975796699523926,,,0.00025137194773970477,1204.3618065020019
18350,37580800,2.2388720512390137,,,0.0002513187196108387,1205.0025629869997
18360,37601280,2.3637051582336426,,,0.00025126546877325863,1205.6027364879992
18370,37621760,2.2687745094299316,,,0.0002512121952409739,1206.2077833430012
18380,37642240,2.4114856719970703,,,0.0002511588990279996,1206.777005363001
18390,37662720,2.627450942993164,,,0.000251105580148357,1207.3412821480015
18400,37683200,2.304337978363037,2.2911305665969848,9.886108269219845,0.00025105223861607306,1208.2503541920014
18410,37703680,2.2198972702026367,,,0.00025099887444518103,1208.8438891639998
18420,37724160,2.3180975914001465,,,0.0002509454876497199,1209.386400383999
18430,37744640,2.527222156524658,,,0.0002508920782437345,1209.9912669789992
18440,37765120,2.4440133571624756,,,0.00025083864624127607,1210.574864836999
18450,37785600,2.4829628467559814,,,0.00025078519165640126,1211.1297956410017
18460,37806080,2.1192073822021484,,,0.0002507317145031729,1211.6995971249999
18470,37826560,2.0165719985961914,,,0.0002506782147956599,1212.2790550009995
18480,37847040,2.2839441299438477,,,0.0002506246925479368,1212.8301132140004
18490,37867520,2.278754472732544,,,0.0002505711477740843,1213.4372495399984
18500,37888000,2.207550048828125,2.2830550193786623,9.806594027714956,0.00025051758048818894,1214.8059003169983
18510,37908480,2.3248162269592285,,,0.00025046399070434314,1215.8037682950016
18520,37928960,2.2544047832489014,,,0.00025041037843664537,1216.7244474559993
18530,37949440,2.399937152862549,,,0.0002503567436991999,1217.3484110319987
18540,37969920,2.424539566040039,,,0.000250303086506117,1217.848749746001
18550,37990400,2.3486104011535645,,,0.0002502494068715127,1218.3663792600018
18560,38010880,1.9300155639648438,,,0.000250195704809509,1218.9141536669995
18570,38031360,2.5275707244873047,,,0.000250141980334234,1219.4928771859995
18580,38051840,2.4163808822631836,,,0.00025008823345982144,1220.0073110669982
18590,38072320,2.0838990211486816,,,0.00025003446420041096,1220.717548528999
18600,38092800,2.4801716804504395,2.279509961605072,9.771890634435996,0.0002499806725701483,1221.6678319919993
18610,38113280,2.322981119155884,,,0.0002499268585831849,1222.2612036270002
18620,38133760,2.3127002716064453,,,0.000249873022253678,1222.7717657239991
18630,38154240,2.280716896057129,,,0.00024981916359579113,1223.3460986380014
18640,38174720,2.0705342292785645,,,0.00024976528262369316,1223.9122972820005
18650,38195200,2.704648494720459,,,0.00024971137935155923,1224.5762927649994
18660,38215680,2.2101027965545654,,,0.0002496574537935702,1225.227121824999
18670,38236160,2.285614013671875,,,0.0002496035059639127,1225.8907721120013
18680,38256640,2.6165976524353027,,,0.00024954953587677937,1226.6607538380013
18690,38277120,2.3363683223724365,,,0.0002494955435463687,1227.253155287999
18700,38297600,2.448603630065918,2.2792326331138613,9.769180986498725,0.0002494415289868849,1228.307730351
18710,38318080,2.143393039703369,,,0.00024938749221253815,1228.926110941
18720,38338560,2.5986852645874023,,,0.00024933343323754444,1229.4604677989992
18730,38359040,2.2316696643829346,,,0.0002492793520761256,1230.0928822060014
18740,38379520,2.376924991607666,,,0.00024922524874250934,1230.6188077190018
18750,38400000,2.1236815452575684,,,0.000249171123250929,1231.2909176249996
18760,38420480,2.429131031036377,,,0.00024911697561562406,1231.9319886910016
18770,38440960,2.1952438354492188,,,0.0002490628058508396,1232.5981486070013
18780,38461440,2.384958028793335,,,0.0002490086139708266,1233.3092929230006
18790,38481920,2.418355941772461,,,0.0002489543999898419,1233.9397592829991
18800,38502400,2.175964832305908,2.2762736439704896,9.740316811470613,0.000248900163922148,1234.8565163320018
18810,38522880,2.1257197856903076,,,0.0002488459057820134,1235.4495812509995
18820,38543360,2.2837729454040527,,,0.0002487916255837124,1236.3751130320015
18830,38563840,2.4285285472869873,,,0.00024873732334152474,1236.9532125080004
18840,38584320,2.16194486618042,,,0.00024868299906973657,1237.5114459590004
18850,38604800,2.2637901306152344,,,0.00024862865278263934,1238.1013355180003
18860,38625280,2.1725656986236572,,,0.00024857428449453047,1238.8604069360008
18870,38645760,2.336376190185547,,,0.0002485198942197132,1239.7000563869988
18880,38666240,2.3946468830108643,,,0.0002484654819724965,1240.5563386950016
18890,38686720,2.4062376022338867,,,0.00024841104776719507,1241.2402873770006
18900,38707200,2.0749011039733887,2.2728524446487426,9.707050184530093,0.0002483565916181296,1242.377848723001
18910,38727680,2.2928740978240967,,,0.00024830211353962626,1242.9325380459995
18920,38748160,2.3736743927001953,,,0.0002482476135460172,1243.4868740780003
18930,38768640,2.5472681522369385,,,0.00024819309165164034,1244.2426866419992
18940,38789120,2.5110225677490234,,,0.0002481385478708391,1244.8648418340017
18950,38809600,2.1406850814819336,,,0.000248083982217963,1245.372288311999
18960,38830080,2.4213333129882812,,,0.00024802939470736714,1246.0896851899997
18970,38850560,2.1800742149353027,,,0.0002479747853534124,1246.6481221780014
18980,38871040,2.3023831844329834,,,0.0002479201541704653,1247.2399801460015
18990,38891520,2.2089757919311523,,,0.00024786550117289827,1247.8163606250018
19000,38912000,2.565770149230957,2.2723725199699403,9.702392649310609,0.00024781082637508945,1248.911227738001
19010,38932480,2.674396514892578,,,0.00024775612979142264,1249.7944625119999
19020,38952960,2.196017265319824,,,0.00024770141143628746,1250.3353306239987
19030,38973440,2.5605669021606445,,,0.0002476466713240791,1250.9477065339997
19040,38993920,2.3773255348205566,,,0.00024759190946919865,1251.4853261559983
19050,39014400,2.32029390335083,,,0.0002475371258860528,1252.0468741600016
19060,39034880,2.4525222778320312,,,0.0002474823205890541,1252.5899057040006
19070,39055360,2.2282721996307373,,,0.0002474274935926206,1253.3161498189984
19080,39075840,2.6346302032470703,,,0.0002473726449111763,1254.0906143739994
19090,39096320,2.173440456390381,,,0.0002473177745591507,1254.677933805
19100,39116800,2.435162305831909,2.2650580048561095,9.631683269309523,0.00024726288255097907,1255.5934478620002
19110,39137280,2.4164414405822754,,,0.00024720796890110246,1256.2845215710004
19120,39157760,2.276278018951416,,,0.00024715303362396744,1256.759172897
19130,39178240,2.349877119064331,,,0.0002470980767340265,1257.3553549470016
19140,39198720,2.2890613079071045,,,0.0002470430982457376,1257.9186655810008
19150,39219200,2.3398597240448,,,0.0002469880981735645,1258.6141638430017
19160,39239680,2.254293918609619,,,0.0002469330765319766,1259.2416891159992
19170,39260160,2.374455451965332,,,0.000246878033335449,1259.8617766069983
19180,39280640,2.5790534019470215,,,0.0002468229685984625,1260.4331040539982
19190,39301120,2.3701462745666504,,,0.0002467678823355034,1261.0980572439985
19200,39321600,2.3475170135498047,2.26417852640152,9.623216135269478,0.0002467127745610639,1262.099740007001
19210,39342080,2.3854165077209473,,,0.00024665764528964166,1262.9361586199993
19220,39362560,2.2135884761810303,,,0.0002466024945357401,1263.7436099330007
19230,39383040,2.391340732574463,,,0.0002465473223138683,1264.4169799240008
19240,39403520,2.1732819080352783,,,0.00024649212863854097,1264.9710353349983
19250,39424000,2.244994640350342,,,0.00024643691352427836,1265.551184783999
19260,39444480,2.2845311164855957,,,0.00024638167698560657,1266.302956216001
19270,39464960,2.512162208557129,,,0.0002463264190370572,1266.8391895460009
19280,39485440,2.453856945037842,,,0.00024627113969316746,1267.3807018270018
19290,39505920,2.413710594177246,,,0.00024621583896848023,1268.0565237990013
19300,39526400,2.1273648738861084,2.2575432538986204,9.559574845999611,0.00024616051687754395,1269.0522110370002
19310,39546880,2.7238495349884033,,,0.0002461051734349129,1269.7843896209997
19320,39567360,2.6862730979919434,,,0.0002460498086551468,1270.3022320650016
19330,39587840,2.170616626739502,,,0.00024599442255281086,1270.9569546320017
19340,39608320,2.240910053253174,,,0.00024593901514247617,1271.4848997980007
19350,39628800,2.3201887607574463,,,0.00024588358643871927,1272.0421572449995
19360,39649280,2.2366347312927246,,,0.0002458281364561223,1272.6064857429992
19370,39669760,2.230785369873047,,,0.00024577266520927314,1273.2152287419995
19380,39690240,2.198108434677124,,,0.00024571717271276505,1273.813001052
19390,39710720,2.528876543045044,,,0.000245661658981197,1274.4168199669984
19400,39731200,2.213704824447632,2.2599661588668822,9.582764869655527,0.00024560612402917353,1275.268337161
19410,39751680,2.063080310821533,,,0.00024555056787130486,1275.8200734370002
19420,39772160,2.2492408752441406,,,0.00024549499052220654,1276.3960249720003
19430,39792640,2.0503196716308594,,,0.0002454393919965,1276.9339061140017
19440,39813120,2.4852800369262695,,,0.000245383772308812,1277.6333060590005
19450,39833600,2.3120064735412598,,,0.00024532813147377496,1278.213915739001
19460,39854080,2.608293294906616,,,0.00024527246950602693,1278.8123245280003
19470,39874560,2.3644490242004395,,,0.0002452167864202114,1279.4082513760004
19480,39895040,2.167337417602539,,,0.00024516108223097743,1280.0393964290015
19490,39915520,2.323622226715088,,,0.0002451053569529797,1280.6258525800004
19500,39936000,2.2011289596557617,2.257595252990723,9.560071948136805,0.00024504961060087846,1281.4972485959988
19510,39956480,2.601062297821045,,,0.00024499384318933936,1282.3916972830011
19520,39976960,2.2863779067993164,,,0.00024493805473303374,1283.0960015499986
19530,39997440,2.3533568382263184,,,0.0002448822452466384,1283.8051835170008
19540,40017920,2.173635482788086,,,0.0002448264147448357,1284.307248232999
19550,40038400,1.9981558322906494,,,0.0002447705632423136,1284.8760770769986
19560,40058880,2.3784732818603516,,,0.00024471469075376526,1285.4860696139986
19570,40079360,2.168086528778076,,,0.00024465879729388985,1286.0128578350013
19580,40099840,2.227428913116455,,,0.0002446028828773917,1286.538709245
19590,40120320,2.016176700592041,,,0.00024454694751898086,1287.1034179859998
19600,40140800,2.344841480255127,2.252491819858551,9.51140704487377,0.0002444909912333726,1288.093180259999
19610,40161280,2.1877822875976562,,,0.0002444350140352881,1288.708850799001
19620,40181760,2.3432199954986572,,,0.00024437901593945367,1289.3252379309997
19630,40202240,2.126127243041992,,,0.00024432299696060147,1289.9096242369997
19640,40222720,2.0794968605041504,,,0.00024426695711346876,1290.489641095999
19650,40243200,2.361269474029541,,,0.00024421089641279856,1291.0857885260011
19660,40263680,2.4384515285491943,,,0.0002441548148733394,1291.7821233639988
19670,40284160,2.361164093017578,,,0.0002440987125098451,1292.4519621399995
19680,40304640,2.48366641998291,,,0.00024404258933707505,1293.1481452330008
19690,40325120,1.9839012622833252,,,0.00024398644536979423,1293.8613643889985
19700,40345600,2.3747992515563965,2.255558395385742,9.540619260787587,0.00024393028062277288,1295.0864952970005
19710,40366080,2.4017281532287598,,,0.00024387409511078688,1295.6588974080005
19720,40386560,2.266289472579956,,,0.0002438178888486175,1296.2733048849987
19730,40407040,2.4771976470947266,,,0.0002437616618510514,1296.9211412250006
19740,40427520,2.3133673667907715,,,0.00024370541413288083,1297.6293595700008
19750,40448000,2.358247756958008,,,0.00024364914570890344,1298.3096007519998
19760,40468480,2.3063900470733643,,,0.00024359285659392228,1298.9578442700004
19770,40488960,2.418499708175659,,,0.0002435365468027459,1299.680389584999
19780,40509440,2.1396327018737793,,,0.0002434802163501883,1300.3418256730001
19790,40529920,2.1240522861480713,,,0.00024342386525106884,1300.856136729999
19800,40550400,2.4857382774353027,2.2430256485939024,9.42179524629868,0.0002433674935202124,1301.8917305629984
19810,40570880,2.334693670272827,,,0.00024331110117244918,1302.4785186430017
19820,40591360,2.0319900512695312,,,0.00024325468822261487,1303.0913081830004
19830,40611840,2.3136656284332275,,,0.0002431982546855507,1303.662438741001
19840,40632320,2.349215507507324,,,0.00024314180057610305,1304.504190484
19850,40652800,2.1405038833618164,,,0.00024308532590912397,1305.2707130849994
19860,40673280,2.3694727420806885,,,0.00024302883069947072,1305.797030957001
19870,40693760,2.1916275024414062,,,0.00024297231496200607,1306.267083095001
19880,40714240,2.5883307456970215,,,0.0002429157787115982,1306.802431223001
19890,40734720,2.051116466522217,,,0.00024285922196312065,1307.487693176001
19900,40755200,2.2446720600128174,2.2447917222976685,9.438449533145716,0.0002428026447314524,1308.3110583579983
19910,40775680,2.3274028301239014,,,0.00024274604703147765,1309.0870873860003
19920,40796160,2.2987518310546875,,,0.0002426894288780862,1309.6799081880017
19930,40816640,2.164475440979004,,,0.0002426327902861732,1310.3755568529996
19940,40837120,2.283967971801758,,,0.000242576131270639,1310.997854797999
19950,40857600,2.3387160301208496,,,0.00024251945184638956,1311.609257125001
19960,40878080,2.2500252723693848,,,0.00024246275202833596,1312.2161362740007
19970,40898560,2.0738637447357178,,,0.0002424060318313949,1312.8290016600004
19980,40919040,2.335237979888916,,,0.00024234929127048827,1313.563763809001
19990,40939520,2.2561075687408447,,,0.00024229253036054337,1314.124714472
20000,40960000,2.2169008255004883,2.249602198600769,9.483962352365657,0.00024223574911649286,1315.040488994
20010,40980480,2.296562433242798,,,0.00024217894755327473,1316.0611312120018
20020,41000960,2.070496082305908,,,0.00024212212568583232,1316.644651300001
20030,41021440,2.182572603225708,,,0.00024206528352911432,1317.3035963200018
20040,41041920,2.2705793380737305,,,0.00024200842109807475,1317.8253634680004
20050,41062400,2.2898507118225098,,,0.00024195153840767303,1318.4041491979988
20060,41082880,2.439620018005371,,,0.00024189463547287374,1319.0398401310013
20070,41103360,2.368380308151245,,,0.00024183771230864697,1319.6261254819983
20080,41123840,2.3722262382507324,,,0.00024178076892996802,1320.1965062550007
20090,41144320,2.457883834838867,,,0.0002417238053518176,1320.798594300999
20100,41164800,2.2463226318359375,2.246221053600311,9.45194985042648,0.0002416668215891816,1321.8278263799984
20110,41185280,2.424668788909912,,,0.00024160981765705133,1322.361589297001
20120,41205760,2.532578468322754,,,0.00024155279357042343,1322.9187443019982
20130,41226240,2.1067991256713867,,,0.00024149574934429966,1323.5083154489985
20140,41246720,2.2049245834350586,,,0.00024143868499368738,1324.007442121001
20150,41267200,2.503286361694336,,,0.00024138160053359888,1324.7339787130004
20160,41287680,2.2872347831726074,,,0.0002413244959790521,1325.331648563999
20170,41308160,2.4200246334075928,,,0.00024126737134507002,1326.0940595979991
20180,41328640,2.319852352142334,,,0.00024121022664668092,1326.675742345
20190,41349120,2.46292781829834,,,0.00024115306189891855,1327.3806427320014
20200,41369600,2.405797243118286,2.242663586139679,9.41838458546199,0.00024109587711682167,1328.4423828100007
20210,41390080,2.2172036170959473,,,0.00024103867231543453,1329.0148732339985
20220,41410560,2.321681499481201,,,0.0002409814475098065,1329.6853885839992
20230,41431040,2.412933111190796,,,0.00024092420271499236,1330.2179554130016
20240,41451520,2.6916284561157227,,,0.00024086693794605197,1330.7733646580018
20250,41472000,2.1779375076293945,,,0.00024080965321805056,1331.3197470170016
20260,41492480,2.2830471992492676,,,0.00024075234854605858,1331.901120806
20270,41512960,1.9964258670806885,,,0.0002406950239451518,1332.4668352129993
20280,41533440,2.484778881072998,,,0.00024063767943041108,1333.088278141
20290,41553920,2.2402663230895996,,,0.00024058031501692265,1333.657580089999
20300,41574400,2.0604615211486816,2.2451264023780824,9.441608922857363,0.0002405229307197779,1334.5243052190017
20310,41594880,2.4045679569244385,,,0.00024046552655407352,1335.0832270440005
20320,41615360,2.363041877746582,,,0.0002404081025349114,1335.595354164001
20330,41635840,2.1252832412719727,,,0.00024035065867739853,1336.3096377309994
20340,41656320,2.4920454025268555,,,0.00024029319499664737,1337.0204090000007
20350,41676800,2.3726582527160645,,,0.00024023571150777538,1337.621193414001
20360,41697280,2.1954751014709473,,,0.00024017820822590534,1338.1695228559984
20370,41717760,2.096280574798584,,,0.00024012068516616518,1338.9114903609989
20380,41738240,2.3735275268554688,,,0.00024006314234368802,1339.5647752660007
20390,41758720,2.4553661346435547,,,0.00024000557977361231,1340.1122500419988
20400,41779200,2.4613633155822754,2.2413368821144104,9.405897461911064,0.00023994799747108155,1341.1366644679983
20410,41799680,2.205641508102417,,,0.00023989039545124446,1341.6242574310018
20420,41820160,1.952674150466919,,,0.000239832773729255,1342.2253704100003
20430,41840640,2.5223350524902344,,,0.00023977513232027227,1342.884921965
20440,41861120,2.1934523582458496,,,0.00023971747123946056,1343.3768690680008
20450,41881600,2.3902297019958496,,,0.00023965979050198936,1343.9860659110018
20460,41902080,2.209807872772217,,,0.00023960209012303325,1344.6448711459998
20470,41922560,2.3922014236450195,,,0.0002395443701177721,1345.3163323070003
20480,41943040,2.167475700378418,,,0.0002394866305013909,1345.8784279469983
20490,41963520,2.3765454292297363,,,0.0002394288712890797,1346.5084001249998
20500,41984000,2.2943472862243652,2.2391155123710633,9.385026675329279,0.0002393710924960338,1347.4359074970016
20510,42004480,2.1799356937408447,,,0.0002393132941374537,1348.268685477
20520,42024960,2.212852954864502,,,0.0002392554762285449,1348.8736804799992
20530,42045440,2.421785354614258,,,0.00023919763878451814,1349.4123613359989
20540,42065920,2.262342929840088,,,0.0002391397818205893,1350.0444795479998
20550,42086400,2.2886013984680176,,,0.00023908190535197943,1350.6064657179995
20560,42106880,2.2509989738464355,,,0.00023902400939391464,1351.1404534069989
20570,42127360,2.5401644706726074,,,0.00023896609396162612,1351.7670203609996
20580,42147840,2.3830947875976562,,,0.0002389081590703503,1352.351791508001
20590,42168320,2.477656364440918,,,0.0002388502047353287,1352.9203837919995
20600,42188800,2.482969284057617,2.234178626537323,9.3388080519932,0.00023879223097180788,1354.0668226710004
20610,42209280,2.3184680938720703,,,0.00023873423779503968,1354.6020291460009
20620,42229760,2.394259452819824,,,0.0002386762252202808,1355.291108841
20630,42250240,2.1292147636413574,,,0.00023861819326279326,1356.020703825001
20640,42270720,2.2540698051452637,,,0.00023856014193784404,1356.571440448999
20650,42291200,2.3438918590545654,,,0.00023850207126070535,1357.2718325300011
20660,42311680,2.3773398399353027,,,0.00023844398124665432,1357.9682565580006
20670,42332160,2.4909660816192627,,,0.00023838587191097335,1358.5012042140006
20680,42352640,2.231006145477295,,,0.00023832774326894982,1359.0222912860008
20690,42373120,2.3893322944641113,,,0.0002382695953358761,1359.7727026079992
20700,42393600,2.2256202697753906,2.2306861162185667,9.306249057913327,0.0002382114281270499,1360.685040319
20710,42414080,2.357764720916748,,,0.00023815324165777372,1361.3406371310011
20720,42434560,2.167073965072632,,,0.00023809503594335524,1361.8645883460013
20730,42455040,2.305171012878418,,,0.00023803681099910732,1362.4798091509983
20740,42475520,2.2144370079040527,,,0.00023797856684034768,1362.9573349800012
20750,42496000,2.5115885734558105,,,0.00023792030348239915,1363.5445821069989
20760,42516480,2.5741920471191406,,,0.0002378620209405898,1364.0833246889997
20770,42536960,2.383061170578003,,,0.00023780371923025242,1364.6384973919994
20780,42557440,2.048002243041992,,,0.00023774539836672509,1365.3045804819994
20790,42577920,2.4707655906677246,,,0.00023768705836535084,1365.9478766979992
20800,42598400,2.193182945251465,2.2298015832901,9.298021013705577,0.00023762869924147777,1367.0181618399984
20810,42618880,2.2937419414520264,,,0.00023757032101045898,1367.5746800980014
20820,42639360,2.4354982376098633,,,0.00023751192368765258,1368.1003154870014
20830,42659840,2.487295627593994,,,0.00023745350728842174,1368.6726942729983
20840,42680320,2.238755702972412,,,0.00023739507182813467,1369.2703782520002
20850,42700800,1.963858962059021,,,0.0002373366173221645,1369.806880739001
20860,42721280,2.283214569091797,,,0.0002372781437858895,1370.3986037549985
20870,42741760,2.0842881202697754,,,0.0002372196512346928,1371.0870070439996
20880,42762240,2.2206172943115234,,,0.00023716113968396267,1371.7800935640007
20890,42782720,2.3521833419799805,,,0.0002371026091490923,1372.3751163900015
20900,42803200,2.1996994018554688,2.2245398640632628,9.249225923375798,0.00023704405964547986,1373.774725932999
20910,42823680,2.385272741317749,,,0.00023698549118852865,1374.303440814001
20920,42844160,2.29512095451355,,,0.0002369269037936467,1374.8333249530006
20930,42864640,2.334900379180908,,,0.0002368682974762473,1375.4081230109987
20940,42885120,2.56679105758667,,,0.0002368096722517485,1376.1163844340008
20950,42905600,2.3481061458587646,,,0.00023675102813557349,1376.7228837719995
20960,42926080,2.073529005050659,,,0.0002366923651431503,1377.2306051609994
20970,42946560,2.1647212505340576,,,0.00023663368328991197,1377.8957654609985
20980,42967040,2.265516757965088,,,0.00023657498259129655,1378.6885916479987
20990,42987520,2.8778138160705566,,,0.00023651626306274702,1379.3353520780001
21000,43008000,2.1492645740509033,2.225407803058624,9.25725717204438,0.00023645752471971126,1380.0656884089985
21010,43028480,2.5051941871643066,,,0.00023639876757764215,1380.8944310139996
21020,43048960,2.177321195602417,,,0.00023633999165199754,1381.4107992470017
21030,43069440,2.712998390197754,,,0.0002362811969582402,1382.1741058070002
21040,43089920,1.9898717403411865,,,0.00023622238351183775,1382.7627156980016
21050,43110400,2.4386768341064453,,,0.00023616355132826292,1383.2899970159997
21060,43130880,2.358328342437744,,,0.00023610470042299318,1383.7857588980005
21070,43151360,2.261728286743164,,,0.00023604583081151108,1384.4580200329983
21080,43171840,2.099548816680908,,,0.00023598694250930401,1385.0850725550008
21090,43192320,2.154811382293701,,,0.00023592803553186428,1385.770063942
21100,43212800,2.2655694484710693,2.220703637599945,9.213811769911105,0.00023586910989468915,1386.837196206001
21110,43233280,2.193720817565918,,,0.00023581016561328075,1387.3773291670004
21120,43253760,2.3187038898468018,,,0.00023575120270314612,1387.9649744300004
21130,43274240,1.9339203834533691,,,0.00023569222117979726,1388.5221209839983
21140,43294720,2.331847667694092,,,0.00023563322105875101,1389.0891899070011
21150,43315200,2.334031581878662,,,0.00023557420235552904,1389.6728943939997
21160,43335680,2.2202935218811035,,,0.000235515165085658,1390.25764041
21170,43356160,2.416057586669922,,,0.00023545610926466949,1390.842004948001
21180,43376640,2.505157470703125,,,0.00023539703490809989,1391.4206283120002
21190,43397120,2.298811912536621,,,0.00023533794203149032,1392.0476019259986
21200,43417600,2.160470962524414,2.2188372731208803,9.196631476238911,0.00023527883065038713,1392.9501682750015
21210,43438080,2.3189876079559326,,,0.0002352197007803412,1393.4581173389997
21220,43458560,2.4056577682495117,,,0.0002351605524369084,1394.001825039999
21230,43479040,2.3189191818237305,,,0.00023510138563564956,1394.600927186999
21240,43499520,2.279174327850342,,,0.00023504220039213022,1395.1348842100015
21250,43520000,2.3438961505889893,,,0.00023498299672192088,1395.7629064300017
21260,43540480,2.297727108001709,,,0.00023492377464059668,1396.4680927480003
21270,43560960,2.033311367034912,,,0.0002348645341637379,1397.0322062970008
21280,43581440,2.420454978942871,,,0.00023480527530692945,1397.7135423100008
21290,43601920,1.9605457782745361,,,0.00023474599808576116,1398.4123209540012
21300,43622400,2.2155685424804688,2.2158724546432493,9.16940551326859,0.0002346867025158277,1399.5414784550012
21310,43642880,2.0333919525146484,,,0.00023462738861272842,1400.238139150999
21320,43663360,2.078070640563965,,,0.00023456805639206774,1400.8613149310004
21330,43683840,2.241372585296631,,,0.00023450870586945474,1401.4179682409995
21340,43704320,2.1754660606384277,,,0.00023444933706050333,1401.983830961999
21350,43724800,2.1106739044189453,,,0.00023438994998083225,1402.5381294319996
21360,43745280,2.3077492713928223,,,0.00023433054464606505,1403.1867149710015
21370,43765760,2.318265438079834,,,0.00023427112107183003,1403.765162101001
21380,43786240,2.3124122619628906,,,0.0002342116792737604,1404.3502602920016
21390,43806720,2.2117364406585693,,,0.00023415221926749409,1404.8916593530012
21400,43827200,2.0345306396484375,2.2145358085632325,9.157157450819081,0.00023409274106867377,1405.8233731090004
21410,43847680,2.0754852294921875,,,0.00023403324469294698,1406.4236996920008
21420,43868160,2.392839193344116,,,0.00023397373015596608,1406.9673601569993
21430,43888640,2.2360780239105225,,,0.00023391419747338803,1407.6029506710001
21440,43909120,2.104517936706543,,,0.00023385464666087475,1408.1369926799998
21450,43929600,2.4660072326660156,,,0.00023379507773409286,1408.8534514640014
21460,43950080,2.1982967853546143,,,0.00023373549070871373,1409.6610707940017
21470,43970560,2.312131404876709,,,0.00023367588560041353,1410.3009225140013
21480,43991040,2.131195068359375,,,0.0002336162624248731,1411.0428137939998
21490,44011520,2.261380672454834,,,0.00023355662119777814,1411.6572462299991
21500,44032000,2.719029426574707,2.2109472811222077,9.124355630342007,0.00023349696193481905,1412.519632263
21510,44052480,1.981469750404358,,,0.000233437284651691,1413.3639110110016
21520,44072960,2.1165480613708496,,,0.0002333775893640938,1413.926083937
21530,44093440,1.9046738147735596,,,0.00023331787608773217,1414.5777021909998
21540,44113920,2.2567787170410156,,,0.0002332581448383154,1415.2165228810009
21550,44134400,2.047125816345215,,,0.0002331983956315576,1415.9132768529998
21560,44154880,2.3125014305114746,,,0.0002331386284831776,1416.5414315669987
21570,44175360,2.1169328689575195,,,0.0002330788434088989,1417.1000932409988
21580,44195840,2.235527992248535,,,0.0002330190404244498,1417.7472801289987
21590,44216320,2.345655918121338,,,0.00023295921954556318,1418.2948576099989
21600,44236800,2.106349229812622,2.212354826927185,9.137207621593953,0.00023289938078797676,1419.1010689739996
21610,44257280,2.2808337211608887,,,0.00023283952416743294,1419.627481132
21620,44277760,2.2711868286132812,,,0.00023277964969967867,1420.3224718279998
21630,44298240,2.5187129974365234,,,0.00023271975740046582,1420.9435729319994
21640,44318720,2.3176937103271484,,,0.00023265984728555088,1421.6114668510018
21650,44339200,2.310476541519165,,,0.00023259991937069486,1422.3408915600012
21660,44359680,2.0845656394958496,,,0.0002325399736716637,1422.9757843279986
21670,44380160,2.028280019760132,,,0.00023248001020422784,1423.5537265070016
21680,44400640,2.552722692489624,,,0.00023242002898416248,1424.1186611289995
21690,44421120,2.1403236389160156,,,0.00023236003002724748,1424.7262170190006
21700,44441600,2.3866612911224365,2.211917346715927,9.133211148326078,0.0002323000133492673,1425.5260078899992
21710,44462080,2.382378101348877,,,0.00023223997896601123,1426.0664823799998
21720,44482560,2.459982395172119,,,0.000232179926893273,1426.6566377609997
21730,44503040,2.52480411529541,,,0.00023211985714685111,1427.2790462640005
21740,44523520,2.194220542907715,,,0.0002320597697425488,1427.8652458249999
21750,44544000,1.9876614809036255,,,0.00023199966469617374,1428.4267799599984
21760,44564480,2.369549036026001,,,0.00023193954202353837,1429.0138759959991
21770,44584960,2.1312484741210938,,,0.00023187940174045977,1429.5081557689991
21780,44605440,2.3260128498077393,,,0.00023181924386275968,1430.2004397160017
21790,44625920,2.4280595779418945,,,0.00023175906840626438,1430.7956819350002
21800,44646400,2.1833901405334473,2.2107113003730774,9.122202712098648,0.00023169887538680478,1431.8050773709983
21810,44666880,2.4649250507354736,,,0.00023163866482021653,1432.4249753119984
21820,44687360,2.4054346084594727,,,0.00023157843672233977,1432.929591608001
21830,44707840,2.144015312194824,,,0.00023151819110901934,1433.4530788939992
21840,44728320,2.4902029037475586,,,0.00023145792799610457,1433.9311933559984
21850,44748800,2.3629448413848877,,,0.0002313976473994495,1434.531633180999
21860,44769280,2.2941935062408447,,,0.0002313373493349128,1435.278817161001
21870,44789760,2.205369710922241,,,0.0002312770338183576,1435.8701005779985
21880,44810240,1.9318881034851074,,,0.00023121670086565172,1436.528501058001
21890,44830720,2.3566439151763916,,,0.00023115635049266752,1437.0994364479993
21900,44851200,2.0038716793060303,2.2123745918273925,9.137388219375513,0.00023109598271528202,1437.938079563999
21910,44871680,2.2335803508758545,,,0.00023103559754937677,1438.5389882119998
21920,44892160,2.3096542358398438,,,0.0002309751950108378,1439.1190906269985
21930,44912640,2.4366888999938965,,,0.00023091477511555587,1439.7812365399986
21940,44933120,2.289018154144287,,,0.0002308543378794262,1440.3894890359988
21950,44953600,2.1078310012817383,,,0.00023079388331834864,1440.9784138469986
21960,44974080,2.065643310546875,,,0.00023073341144822754,1441.5266896229987
21970,44994560,2.1244235038757324,,,0.00023067292228497185,1442.2167254230008
21980,45015040,2.2092742919921875,,,0.00023061241584449506,1442.8214894379998
21990,45035520,2.5496530532836914,,,0.00023055189214271515,1443.3693939699988
22000,45056000,2.0044593811035156,2.207068645954132,9.089034127600316,0.0002304913511955547,1444.274554402
22010,45076480,2.428724765777588,,,0.00023043079301894083,1445.0131208169987
22020,45096960,2.2504730224609375,,,0.00023037021762880515,1445.6898965590008
22030,45117440,2.032806873321533,,,0.00023030962504108388,1446.3487181169985
22040,45137920,2.0276994705200195,,,0.00023024901527171762,1446.8403475970008
22050,45158400,2.13462495803833,,,0.00023018838833665167,1447.5179612270003
22060,45178880,2.4121899604797363,,,0.00023012774425183564,1448.1277986599998
22070,45199360,2.08604097366333,,,0.00023006708303322386,1448.6165005049988
22080,45219840,2.425981283187866,,,0.00023000640469677508,1449.4572879890002
22090,45240320,2.549478054046631,,,0.00022994570925845251,1450.0611381419985
22100,45260800,2.1276140213012695,2.205615299940109,9.075834210426576,0.00022988499673422385,1450.9086337970002
22110,45281280,2.2587385177612305,,,0.00022982426714006143,1451.4436321739995
22120,45301760,2.3174333572387695,,,0.00022976352049194193,1452.0299347440014
22130,45322240,2.371364116668701,,,0.0002297027568058466,1452.7148877699983
22140,45342720,2.236354112625122,,,0.00022964197609776107,1453.4739448709988
22150,45363200,2.5786337852478027,,,0.00022958117838367558,1453.9683504999994
22160,45383680,2.387059211730957,,,0.0002295203636795848,1454.4187569960013
22170,45404160,2.0826363563537598,,,0.00022945953200148778,1454.8976222909987
22180,45424640,2.31882381439209,,,0.00022939868336538814,1455.638010988001
22190,45445120,2.295353889465332,,,0.00022933781778729397,1456.2142822690003
22200,45465600,2.617238998413086,2.20461642742157,9.06677313523385,0.0002292769352832177,1457.1971063829988
22210,45486080,2.0557708740234375,,,0.00022921603586917639,1457.7711933829996
22220,45506560,2.194209337234497,,,0.00022915511956119133,1458.368702959
22230,45527040,2.3816463947296143,,,0.00022909418637528844,1458.8695812190017
22240,45547520,2.459390640258789,,,0.000229033236327498,1459.4053800360016
22250,45568000,2.2419023513793945,,,0.0002289722694338548,1460.0735098980003
22260,45588480,2.0752015113830566,,,0.00022891128571039788,1460.5811030440018
22270,45608960,2.024384021759033,,,0.00022885028517317092,1461.115294086001
22280,45629440,2.1656432151794434,,,0.00022878926783822184,1461.694599276001
22290,45649920,2.242086172103882,,,0.0002287282337216032,1462.3245137289996
22300,45670400,2.34090518951416,2.203730356693268,9.058742891166064,0.00022866718283937173,1463.283741962001
22310,45690880,2.2262625694274902,,,0.0002286061152075887,1463.9009754860017
22320,45711360,2.442777156829834,,,0.00022854503084231986,1464.5013197469998
22330,45731840,2.407916784286499,,,0.00022848392975963522,1465.1017014229983
22340,45752320,2.234750986099243,,,0.0002284228119756092,1465.7182266880009
22350,45772800,2.269101858139038,,,0.0002283616775063207,1466.3304532770017
22360,45793280,2.157639741897583,,,0.00022830052636785292,1466.8640670079985
22370,45813760,2.2002816200256348,,,0.0002282393585762936,1467.3795892540002
22380,45834240,2.2670278549194336,,,0.00022817817414773464,1468.0709166880006
22390,45854720,2.0866951942443848,,,0.00022811697309827248,1468.8353942760004
22400,45875200,2.328608512878418,2.1968834459781648,8.996930341385683,0.0002280557554440079,1469.6856425449987
22410,45895680,2.279985189437866,,,0.00022799452120104594,1470.2380460150016
22420,45916160,2.2055904865264893,,,0.0002279332703854962,1470.9229322249994
22430,45936640,2.25496244430542,,,0.0002278720030134725,1471.4355901579984
22440,45957120,2.1607625484466553,,,0.00022781071910109307,1472.022688232999
22450,45977600,1.938519835472107,,,0.00022774941866448033,1472.5314275400015
22460,45998080,2.1488423347473145,,,0.0002276881017197614,1473.1030956040013
22470,46018560,2.1899166107177734,,,0.00022762676828306738,1473.6557524480013
22480,46039040,2.039132595062256,,,0.00022756541837053393,1474.1884332090012
22490,46059520,2.2751874923706055,,,0.00022750405199830097,1474.8387566860001
22500,46080000,2.262220621109009,2.1973485887050628,9.001116171527139,0.00022744266918251274,1475.849092597
22510,46100480,2.3336548805236816,,,0.0002273812699393178,1476.6880963799995
22520,46120960,2.3364386558532715,,,0.00022731985428486908,1477.3252458239986
22530,46141440,2.0869033336639404,,,0.00022725842223532378,1478.1722078599996
22540,46161920,2.221676826477051,,,0.00022719697380684347,1478.8568906590008
22550,46182400,2.090768814086914,,,0.00022713550901559394,1479.4163378660014
22560,46202880,2.382641315460205,,,0.0002270740278777454,1479.991002761999
22570,46223360,2.1755361557006836,,,0.00022701253040947224,1480.528399368999
22580,46243840,2.1960268020629883,,,0.00022695101662695326,1481.2001026879989
22590,46264320,2.123656749725342,,,0.0002268894865463714,1481.7589450119995
22600,46284800,2.466718912124634,2.1976179420948028,9.003540979229811,0.0002268279401839141,1482.5632931180007
22610,46305280,2.1360769271850586,,,0.0002267663775557729,1483.1323652489991
22620,46325760,2.3409125804901123,,,0.00022670479867814363,1483.7193569769988
22630,46346240,2.014385223388672,,,0.00022664320356722658,1484.3102903450017
22640,46366720,2.189253330230713,,,0.00022658159223922612,1484.8323487089983
22650,46387200,1.9026137590408325,,,0.00022651996471035091,1485.360404662999
22660,46407680,2.1819334030151367,,,0.00022645832099681397,1485.9265086740015
22670,46428160,2.3341898918151855,,,0.00022639666111483252,1486.5028159559988
22680,46448640,2.516623020172119,,,0.00022633498508062795,1487.0051334220007
22690,46469120,2.3507392406463623,,,0.00022627329291042606,1487.6228000049996
22700,46489600,2.3310039043426514,2.1974266290664675,9.001818649296665,0.00022621158462045676,1488.4723829100003
22710,46510080,1.9833101034164429,,,0.00022614986022695435,1489.2269882299988
22720,46530560,2.2601161003112793,,,0.00022608811974615716,1489.823095025
22730,46551040,1.899364948272705,,,0.00022602636319430793,1490.548298534999
22740,46571520,1.8609645366668701,,,0.00022596459058765354,1491.3346337799994
22750,46592000,2.165821075439453,,,0.00022590280194244514,1491.8289636279987
22760,46612480,2.1869592666625977,,,0.00022584099727493802,1492.432436739
22770,46632960,2.1861412525177,,,0.00022577917660139186,1492.9716612750017
22780,46653440,2.0586090087890625,,,0.00022571733993807027,1493.6252429259985
22790,46673920,2.2079734802246094,,,0.00022565548730124136,1494.080438314999
22800,46694400,2.0456254482269287,2.1898242115974424,8.93364254590674,0.00022559361870717724,1494.9330386779984
22810,46714880,2.1065502166748047,,,0.00022553173417215434,1495.5428887419985
22820,46735360,2.0061259269714355,,,0.00022546983371245317,1496.0878441540008
22830,46755840,2.045365810394287,,,0.00022540791734435852,1496.5886600750018
22840,46776320,2.2832770347595215,,,0.0002253459850841594,1497.1452522289983
22850,46796800,2.2065587043762207,,,0.00022528403694814885,1497.6655086809988
22860,46817280,2.3551628589630127,,,0.0002252220729526242,1498.3337622180006
22870,46837760,2.058967351913452,,,0.00022516009311388695,1498.9399006759995
22880,46858240,2.4040417671203613,,,0.00022509809744824275,1499.4061143979998
22890,46878720,2.2479848861694336,,,0.00022503608597200135,1500.1356947450004
22900,46899200,2.19905948638916,2.1904471695423124,8.939209563336172,0.0002249740587014768,1501.082505901999
22910,46919680,2.0927348136901855,,,0.00022491201565298714,1501.8177456919984
22920,46940160,2.279010772705078,,,0.0002248499568428547,1502.3657033470008
22930,46960640,1.9696261882781982,,,0.0002247878822874059,1503.0148823080017
22940,46981120,2.483875036239624,,,0.0002247257920029713,1503.643900133
22950,47001600,2.3171119689941406,,,0.0002246636860058856,1504.1949114269992
22960,47022080,2.4060866832733154,,,0.00022460156431248758,1504.6738637220005
22970,47042560,2.1644654273986816,,,0.00022453942693912031,1505.391456079
22980,47063040,2.139172077178955,,,0.0002244772739021308,1506.1440534290014
22990,47083520,2.074211835861206,,,0.00022441510521787025,1506.7012313589985
23000,47104000,2.5707931518554688,2.189007115364075,8.926345881676621,0.00022435292090269406,1507.7276716779998
23010,47124480,2.3920845985412598,,,0.00022429072097296157,1508.5295515120015
23020,47144960,2.418724536895752,,,0.00022422850544503647,1509.0432647029993
23030,47165440,2.1113414764404297,,,0.00022416627433528627,1509.5383618910018
23040,47185920,2.3222997188568115,,,0.00022410402766008276,1510.1705498429983
23050,47206400,2.1666173934936523,,,0.00022404176543580186,1510.6629844609997
23060,47226880,2.122833728790283,,,0.00022397948767882337,1511.1844615920018
23070,47247360,2.288357734680176,,,0.00022391719440553146,1511.7173578969996
23080,47267840,2.286555290222168,,,0.00022385488563231415,1512.2845276570006
23090,47288320,2.333927869796753,,,0.00022379256137556358,1512.872435882
23100,47308800,2.3459982872009277,2.186068832874298,8.900156250983793,0.00022373022165167607,1513.8283394799982
23110,47329280,2.1930441856384277,,,0.00022366786647705199,1514.356050839
23120,47349760,2.699887752532959,,,0.00022360549586809562,1514.940599343001
23130,47370240,2.3707714080810547,,,0.00022354310984121545,1515.5760985999987
23140,47390720,2.0468080043792725,,,0.000223480708412824,1516.2440889460013
23150,47411200,2.139241933822632,,,0.00022341829159933785,1516.7625254710001
23160,47431680,2.031532049179077,,,0.00022335585941717754,1517.4264622299997
23170,47452160,2.3255538940429688,,,0.00022329341188276775,1518.0950558420009
23180,47472640,2.105403423309326,,,0.0002232309490125372,1518.6526440890011
23190,47493120,2.196667194366455,,,0.00022316847082291854,1519.2424241340013
23200,47513600,2.133352041244507,2.184214186668396,8.883664907491914,0.0002231059773303486,1520.1298066109994
23210,47534080,2.3539602756500244,,,0.00022304346855126812,1520.7204335349998
23220,47554560,2.2536041736602783,,,0.00022298094450212187,1521.2696698090003
23230,47575040,2.244262218475342,,,0.0002229184051993587,1521.8535388819982
23240,47595520,2.331568717956543,,,0.00022285585065943145,1522.4365082549994
23250,47616000,2.428750991821289,,,0.00022279328089879692,1523.0665038190018
23260,47636480,2.5890493392944336,,,0.00022273069593391597,1523.526339174001
23270,47656960,2.0710582733154297,,,0.00022266809578125343,1524.0015564450005
23280,47677440,2.2437796592712402,,,0.0002226054804572782,1524.4802046680015
23290,47697920,2.030586004257202,,,0.00022254284997846302,1525.0227584210006
23300,47718400,2.2633860111236572,2.1842920660972593,8.884356789182446,0.00022248020436128478,1525.7692774589996
23310,47738880,2.2074198722839355,,,0.0002224175436222242,1526.267467144
23320,47759360,1.9948066473007202,,,0.00022235486777776614,1527.1333818249987
23330,47779840,2.5515267848968506,,,0.00022229217684439928,1528.0254894589998
23340,47800320,2.1000547409057617,,,0.00022222947083861642,1528.5769061770006
23350,47820800,2.2242255210876465,,,0.00022216674977691418,1529.0860284349983
23360,47841280,2.2360658645629883,,,0.0002221040136757932,1529.6338569450018
23370,47861760,2.350825071334839,,,0.00022204126255175808,1530.2107634029999
23380,47882240,2.1670069694519043,,,0.0002219784964213175,1530.7061360070002
23390,47902720,1.9315067529678345,,,0.00022191571530098375,1531.321647408
23400,47923200,1.9604549407958984,2.1819701969623564,8.863752404968702,0.00022185291920727342,1532.2902528090017
23410,47943680,2.4319310188293457,,,0.0002217901081567069,1533.0096865140004
23420,47964160,2.2700188159942627,,,0.0002217272821658085,1533.5845056729995
23430,47984640,2.373366117477417,,,0.00022166444125110637,1534.2332162730017
23440,48005120,2.0894575119018555,,,0.0002216015854291328,1534.979783527
23450,48025600,2.3550639152526855,,,0.00022153871471642387,1535.5136193159997
23460,48046080,2.151747226715088,,,0.00022147582912951955,1536.053706933999
23470,48066560,2.260373592376709,,,0.0002214129286849638,1536.641346499
23480,48087040,2.4363651275634766,,,0.00022135001339930444,1537.2293714590014
23490,48107520,2.0929055213928223,,,0.00022128708328909326,1537.8462761629999
23500,48128000,2.2676496505737305,2.180354338884354,8.849441404430463,0.00022122413837088583,1538.861434120001
23510,48148480,2.248948574066162,,,0.00022116117866124177,1539.8108143300014
23520,48168960,2.1613175868988037,,,0.00022109820417672447,1540.3474588540012
23530,48189440,2.264159679412842,,,0.00022103521493390123,1541.071480704999
23540,48209920,2.4169719219207764,,,0.00022097221094934325,1541.6554492200012
23550,48230400,2.035975456237793,,,0.00022090919223962568,1542.1853164890017
23560,48250880,2.5487372875213623,,,0.00022084615882132734,1542.7013194960018
23570,48271360,2.161923408508301,,,0.00022078311071103117,1543.2669435649987
23580,48291840,2.2564096450805664,,,0.0002207200479253238,1543.8184140880003
23590,48312320,2.2172908782958984,,,0.0002206569704807958,1544.3536201899988
23600,48332800,2.1202292442321777,2.1777037501335146,8.826016233554569,0.00022059387839404152,1545.5322304229994
23610,48353280,2.4940905570983887,,,0.0002205307716816593,1546.1604593640004
23620,48373760,2.202369213104248,,,0.00022046765036025118,1546.7517203120005
23630,48394240,2.2422492504119873,,,0.00022040451444642315,1547.280875114
23640,48414720,2.1934027671813965,,,0.00022034136395678489,1547.7957569889986
23650,48435200,2.1771035194396973,,,0.0002202781989079502,1548.2935216260012
23660,48455680,2.095470905303955,,,0.00022021501931653636,1548.9610161329983
23670,48476160,2.1791751384735107,,,0.00022015182519916478,1549.538968637
23680,48496640,2.156132221221924,,,0.00022008861657246044,1549.9985495479996
23690,48517120,2.462458848953247,,,0.00022002539345305236,1550.626590639
23700,48537600,1.8346911668777466,2.176398146152496,8.81450047077219,0.00021996215585757316,1551.506890261
23710,48558080,2.112016439437866,,,0.00021989890380265945,1552.0994794729995
23720,48578560,2.014477252960205,,,0.00021983563730495155,1552.6851250860018
23730,48599040,2.2266812324523926,,,0.0002197723563810936,1553.2563946840019
23740,48619520,2.0104362964630127,,,0.00021970906104773358,1553.8489090539988
23750,48640000,2.2629342079162598,,,0.00021964575132152312,1554.3997059059984
23760,48660480,2.028289318084717,,,0.00021958242721911782,1554.9557331610013
23770,48680960,2.0877599716186523,,,0.00021951908875717687,1555.513426679001
23780,48701440,2.2171988487243652,,,0.0002194557359523635,1556.0848499730018
23790,48721920,2.3282885551452637,,,0.00021939236882134443,1556.6595294370018
23800,48742400,2.1557202339172363,2.1781453609466555,8.829914758512295,0.00021932898738079033,1557.4900189
23810,48762880,2.1354222297668457,,,0.0002192655916473755,1558.036887481001
23820,48783360,1.98534095287323,,,0.00021920218163777816,1558.5372845780003
23830,48803840,2.4568636417388916,,,0.00021913875736868018,1559.0366589430014
23840,48824320,2.238802909851074,,,0.00021907531885676721,1559.7287201990002
23850,48844800,2.6377623081207275,,,0.00021901186611872865,1560.2654191740003
23860,48865280,2.0727901458740234,,,0.0002189483991712576,1560.751239014
23870,48885760,2.118757724761963,,,0.00021888491803105095,1561.326393891999
23880,48906240,2.2402231693267822,,,0.00021882142271480935,1562.2394475590008
23890,48926720,2.438976764678955,,,0.0002187579132392371,1562.706129577
23900,48947200,2.272125720977783,2.1779378056526184,8.828082253137945,0.00021869438962104223,1563.751197575999
23910,48967680,2.277451753616333,,,0.00021863085187693654,1564.4526245310008
23920,48988160,2.308584451675415,,,0.00021856730002363557,1564.9610124229985
23930,49008640,2.561155319213867,,,0.00021850373407785855,1565.5775221549993
23940,49029120,2.1476998329162598,,,0.00021844015405632827,1566.1523428110013
23950,49049600,2.4224624633789062,,,0.0002183765599757715,1566.6327584850005
23960,49070080,2.183957099914551,,,0.0002183129518529185,1567.184007576001
23970,49090560,2.2620773315429688,,,0.00021824932970450329,1567.6847542840005
23980,49111040,2.253324508666992,,,0.00021818569354726348,1568.3063772560017
23990,49131520,2.5243148803710938,,,0.0002181220433979406,1568.9057563620008
24000,49152000,2.3313069343566895,2.1728498697280885,8.7832796094385,0.00021805837927327964,1569.7618111070005
24010,49172480,1.9612115621566772,,,0.0002179947011900294,1570.5908503809987
24020,49192960,2.3232243061065674,,,0.00021793100916494223,1571.2689961389988
24030,49213440,2.361543893814087,,,0.0002178673032147743,1571.8427921250004
24040,49233920,2.2342658042907715,,,0.0002178035833562853,1572.4569741939995
24050,49254400,2.2738072872161865,,,0.00021773984960623863,1573.025578574001
24060,49274880,2.2927284240722656,,,0.00021767610198140139,1573.563982126001
24070,49295360,2.164423942565918,,,0.00021761234049854432,1574.072973751001
24080,49315840,2.3174312114715576,,,0.0002175485651744417,1574.7207170190013
24090,49336320,2.2042531967163086,,,0.0002174847760258716,1575.5392700609991
24100,49356800,2.1295669078826904,2.172627854347229,8.781329802722363,0.00021742097306961562,1576.702191250999
24110,49377280,2.3749520778656006,,,0.00021735715632245907,1577.1874080080015
24120,49397760,2.3117053508758545,,,0.00021729332580119076,1577.731179167
24130,49418240,2.2766928672790527,,,0.0002172294815226033,1578.3972095009995
24140,49438720,2.0136806964874268,,,0.00021716562350349285,1578.984138404001
24150,49459200,2.0783188343048096,,,0.00021710175176065907,1579.5544287410012
24160,49479680,2.2075140476226807,,,0.00021703786631090542,1580.184544710999
24170,49500160,2.43190336227417,,,0.0002169739671710388,1580.7735242320014
24180,49520640,2.4304163455963135,,,0.00021691005435786983,1581.2903068759988
24190,49541120,2.1470305919647217,,,0.0002168461278882127,1581.8312106230005
24200,49561600,2.3493142127990723,2.172844672203064,8.783233958241569,0.00021678218777888513,1582.9663370089984
24210,49582080,2.027738571166992,,,0.0002167182340467085,1583.5861311890003
24220,49602560,2.327868938446045,,,0.0002166542667085077,1584.107430846001
24230,49623040,2.3154706954956055,,,0.0002165902857811113,1584.6501777049998
24240,49643520,2.1086390018463135,,,0.0002165262912813514,1585.1295263680004
24250,49664000,2.2260379791259766,,,0.0002164622832260636,1585.6333581610015
24260,49684480,2.4842114448547363,,,0.00021639826163208717,1586.1774600220015
24270,49704960,2.1959636211395264,,,0.00021633422651626488,1586.718589600001
24280,49725440,2.2107276916503906,,,0.00021627017789544313,1587.3042950570016
24290,49745920,2.3504395484924316,,,0.00021620611578647173,1587.830595506999
24300,49766400,2.2498345375061035,2.1685819029808044,8.745872746538973,0.00021614204020620426,1588.8174028579997
24310,49786880,2.0804734230041504,,,0.00021607795117149753,1589.3692867060017
24320,49807360,2.1687569618225098,,,0.00021601384869921223,1589.9655831480013
24330,49827840,1.9712249040603638,,,0.00021594973280621236,1590.7529175939999
24340,49848320,2.4893436431884766,,,0.00021588560350936558,1591.3353732249998
24350,49868800,2.125601291656494,,,0.0002158214608255429,1591.9413136500007
24360,49889280,1.9925496578216553,,,0.00021575730477161904,1592.6527481119992
24370,49909760,2.229736089706421,,,0.00021569313536447216,1593.2224067399984
24380,49930240,2.132554531097412,,,0.00021562895262098393,1593.7540563030016
24390,49950720,2.2608401775360107,,,0.00021556475655803956,1594.3101729209993
24400,49971200,2.083004951477051,2.167271488904953,8.734419537648314,0.0002155005471925277,1595.3330347810006
24410,49991680,2.1174120903015137,,,0.00021543632454134055,1595.940942532001
24420,50012160,2.25419282913208,,,0.00021537208862137377,1596.692409217001
24430,50032640,2.2217910289764404,,,0.0002153078394495266,1597.4006957300007
24440,50053120,2.1903021335601807,,,0.00021524357704270165,1597.946699008
24450,50073600,2.0839297771453857,,,0.00021517930141780507,1598.4837917330005
24460,50094080,2.2443838119506836,,,0.00021511501259174654,1599.0896179759984
24470,50114560,2.11206316947937,,,0.00021505071058143904,1599.6439544390014
24480,50135040,2.2651491165161133,,,0.00021498639540379924,1600.3595567599987
24490,50155520,2.223997116088867,,,0.00021492206707574707,1600.9442206210006
24500,50176000,2.0833559036254883,2.165151858329773,8.715925402231566,0.00021485772561420608,1601.9955291190017
24510,50196480,1.919244647026062,,,0.0002147933710361032,1602.9481314799996
24520,50216960,2.196920871734619,,,0.0002147290033583688,1603.571504350999
24530,50237440,2.099510669708252,,,0.00021466462259793676,1604.122789175999
24540,50257920,2.0272436141967773,,,0.00021460022877174432,1604.6609365170007
24550,50278400,2.126842498779297,,,0.00021453582189673222,1605.3645804480002
24560,50298880,2.234713554382324,,,0.00021447140198984458,1605.8783253600013
24570,50319360,2.248047351837158,,,0.000214406969068029,1606.449500341001
24580,50339840,2.21909761428833,,,0.0002143425231482365,1607.1169142420003
24590,50360320,2.2517142295837402,,,0.00021427806424742147,1607.7213371280013
24600,50380800,2.4991750717163086,2.1609148561954497,8.679074132284475,0.00021421359238254175,1608.619308622001
24610,50401280,1.9408525228500366,,,0.00021414910757055857,1609.185572669001
24620,50421760,1.9612793922424316,,,0.00021408460982843663,1609.7268122399983
24630,50442240,2.081538677215576,,,0.000214020099173144,1610.2810409369995
24640,50462720,2.5677146911621094,,,0.00021395557562165206,1610.813037592001
24650,50483200,2.3686628341674805,,,0.0002138910391909357,1611.3587257559993
24660,50503680,1.9591641426086426,,,0.00021382648989797315,1611.8188023420007
24670,50524160,2.353454351425171,,,0.00021376192775974598,1612.3015986770006
24680,50544640,2.237729072570801,,,0.00021369735279323928,1612.8351756939992
24690,50565120,2.3603155612945557,,,0.0002136327650154413,1613.3685914140005
24700,50585600,2.1434645652770996,2.1590549647808075,8.662946998826238,0.00021356816444334392,1614.3350883079984
24710,50606080,2.2331809997558594,,,0.00021350355109394213,1614.8873621499988
24720,50626560,2.135814666748047,,,0.00021343892498423448,1615.5315011109997
24730,50647040,2.315019369125366,,,0.0002133742861312227,1616.0534886899986
24740,50667520,2.1948652267456055,,,0.0002133096345519121,1616.5588895639994
24750,50688000,1.9724421501159668,,,0.0002132449702633111,1617.1138570270014
24760,50708480,2.2022361755371094,,,0.00021318029328243159,1617.6619609430018
24770,50728960,2.1441450119018555,,,0.0002131156036262888,1618.3477906020016
24780,50749440,2.195380687713623,,,0.0002130509013119013,1618.8572665909996
24790,50769920,1.971114158630371,,,0.0002129861863562909,1619.4287761279993
24800,50790400,2.296938896179199,2.156580573320389,8.641537974826626,0.00021292145877648282,1621.1957549530016
24810,50810880,2.31630802154541,,,0.00021285671858950567,1621.7627437289993
24820,50831360,2.3206231594085693,,,0.00021279196581239113,1622.2743418309983
24830,50851840,2.299206018447876,,,0.00021272720046217446,1622.7590668789999
24840,50872320,2.089280605316162,,,0.00021266242255589405,1623.4443429759995
24850,50892800,2.1729624271392822,,,0.00021259763211059176,1624.1802356010012
24860,50913280,2.230358839035034,,,0.00021253282914331252,1624.6960989670006
24870,50933760,2.2854557037353516,,,0.0002124680136711048,1625.1994731209998
24880,50954240,2.0321900844573975,,,0.0002124031857110202,1625.8942357849992
24890,50974720,1.8831017017364502,,,0.0002123383452801136,1626.4016444109984
24900,50995200,2.234548568725586,2.16033975481987,8.67408421980254,0.00021227349239544323,1627.3751319779985
24910,51015680,2.008235454559326,,,0.00021220862707407065,1627.941495531999
24920,51036160,2.3298683166503906,,,0.00021214374933306053,1628.426820102999
24930,51056640,2.217282295227051,,,0.00021207885918948094,1628.9412321109994
24940,51077120,2.3977444171905518,,,0.00021201395666040315,1629.487196948001
24950,51097600,1.8533716201782227,,,0.00021194904176290177,1629.9976792740017
24960,51118080,2.113720417022705,,,0.00021188411451405443,1630.5734798960002
24970,51138560,1.944239854812622,,,0.00021181917493094237,1631.0445498570007
24980,51159040,2.1895699501037598,,,0.0002117542230306498,1631.6933495509984
24990,51179520,2.3642425537109375,,,0.00021168925883026428,1632.2219313940004
25000,51200000,2.155764579772949,2.159934949874878,8.670573618219466,0.0002116242823468765,1632.9457311219994
25010,51220480,2.1008262634277344,,,0.00021155929359758054,1633.906393628
25020,51240960,2.205552577972412,,,0.00021149429259947368,1634.4288872409998
25030,51261440,2.1430273056030273,,,0.0002114292793696562,1634.9624908510013
25040,51281920,2.015892505645752,,,0.00021136425392523196,1635.4905275849997
25050,51302400,2.16121768951416,,,0.00021129921628330772,1636.0453031770012
25060,51322880,2.098405361175537,,,0.00021123416646099362,1636.648732908001
25070,51343360,2.195774555206299,,,0.00021116910447540292,1637.245831346001
25080,51363840,2.62888240814209,,,0.00021110403034365217,1637.853985105001
25090,51384320,2.330573081970215,,,0.00021103894408286105,1638.537488752001
25100,51404800,2.2124717235565186,2.1541769564151765,8.620791970774444,0.00021097384571015237,1639.420560986
25110,51425280,2.243379592895508,,,0.0002109087352426523,1640.1933080849994
25120,51445760,2.209346294403076,,,0.00021084361269749002,1640.7107635389984
25130,51466240,2.481632947921753,,,0.00021077847809179793,1641.2484155620004
25140,51486720,2.4559504985809326,,,0.00021071333144271178,1641.9834540289994
25150,51507200,2.102522850036621,,,0.0002106481727673702,1642.5277122570005
25160,51527680,2.3503634929656982,,,0.0002105830020829152,1643.0805284279995
25170,51548160,2.3603549003601074,,,0.00021051781940649173,1643.6138846930007
25180,51568640,2.154935121536255,,,0.00021045262475524826,1644.1679764010005
25190,51589120,2.472869873046875,,,0.000210387418146336,1644.8513438379996
25200,51609600,2.496635675430298,2.153314173221588,8.613357304060578,0.00021032219959690962,1645.9238197080012
25210,51630080,2.1399731636047363,,,0.00021025696912412668,1646.4343271709986
25220,51650560,2.3529887199401855,,,0.00021019172674514812,1647.0195546670002
25230,51671040,2.167646646499634,,,0.00021012647247713786,1647.5091646699984
25240,51691520,2.3522067070007324,,,0.00021006120633726292,1647.9918545360015
25250,51712000,2.0239078998565674,,,0.0002099959283426936,1648.5249171489995
25260,51732480,2.336097240447998,,,0.00020993063851060316,1649.0455150710004
25270,51752960,2.1993634700775146,,,0.00020986533685816804,1649.5813069620017
25280,51773440,2.201486349105835,,,0.0002098000234025678,1650.125259728
25290,51793920,2.269838333129883,,,0.00020973469816098515,1650.8632644880017
25300,51814400,2.307553291320801,2.1490141272544863,8.576398989894736,0.0002096693611506057,1651.748721898999
25310,51834880,2.1384830474853516,,,0.00020960401238861846,1652.3568301630003
25320,51855360,2.089137077331543,,,0.00020953865189221526,1652.828421839
25330,51875840,2.360532283782959,,,0.0002094732796785912,1653.333823134999
25340,51896320,2.268557071685791,,,0.0002094078957649443,1653.835273959001
25350,51916800,2.2571423053741455,,,0.00020934250016847584,1654.3169796529983
25360,51937280,2.2486412525177,,,0.00020927709290639006,1654.8700015050017
25370,51957760,2.1259970664978027,,,0.00020921167399589425,1655.4312399250011
25380,51978240,2.046496868133545,,,0.00020914624345419886,1656.1582812509987
25390,51998720,2.091569423675537,,,0.00020908080129851734,1656.7558983330018
25400,52019200,2.4953083992004395,2.154106616973877,8.620185610409434,0.00020901534754606612,1657.6767465480007
25410,52039680,2.167440176010132,,,0.00020894988221406487,1658.2559091889998
25420,52060160,2.012573480606079,,,0.00020888440531973614,1658.8606642890009
25430,52080640,2.4903781414031982,,,0.0002088189168803056,1659.4246577689992
25440,52101120,2.0707616806030273,,,0.00020875341691300187,1660.0022456029983
25450,52121600,2.3145573139190674,,,0.00020868790543505675,1660.5712574829995
25460,52142080,2.194963216781616,,,0.00020862238246370504,1661.0881280950016
25470,52162560,2.129263401031494,,,0.00020855684801618436,1661.6672590540002
25480,52183040,2.1680092811584473,,,0.00020849130210973566,1662.228232218
25490,52203520,2.0460658073425293,,,0.0002084257447616026,1662.854363680999
25500,52224000,2.2157905101776123,2.1469398975372314,8.558628005166709,0.00020836017598903212,1663.8985502729993
25510,52244480,2.1862173080444336,,,0.00020829459580927392,1664.9010383530003
25520,52264960,2.2072596549987793,,,0.00020822900423958095,1665.5732706570016
25530,52285440,2.128070116043091,,,0.00020816340129720893,1666.173927617001
25540,52305920,2.3118388652801514,,,0.0002080977869994167,1666.701006629999
25550,52326400,2.349439859390259,,,0.00020803216136346608,1667.3213799600017
25560,52346880,2.0152149200439453,,,0.00020796652440662183,1667.9748497459987
25570,52367360,2.0652377605438232,,,0.00020790087614615173,1668.6388179809983
25580,52387840,2.0587515830993652,,,0.00020783521659932647,1669.161935016
25590,52408320,2.0258514881134033,,,0.0002077695457834198,1669.8451243199997
25600,52428800,2.2493441104888916,2.1471189498901366,8.56016058485058,0.00020770386371570838,1670.6718292500009
25610,52449280,2.3811135292053223,,,0.00020763817041347178,1671.1864807790007
25620,52469760,2.2606797218322754,,,0.00020757246589399268,1671.7539222669984
25630,52490240,2.1725385189056396,,,0.00020750675017455655,1672.3090078290006
25640,52510720,2.1069085597991943,,,0.00020744102327245183,1672.870222349
25650,52531200,2.367349624633789,,,0.00020737528520497006,1673.5494336679985
25660,52551680,2.295591354370117,,,0.00020730953598940548,1674.1918375829991
25670,52572160,2.038201332092285,,,0.00020724377564305547,1674.6996767359997
25680,52592640,2.1459226608276367,,,0.00020717800418322018,1675.4604115900001
25690,52613120,2.0649611949920654,,,0.00020711222162720283,1676.0525357849983
25700,52633600,2.0031509399414062,2.1479843080043795,8.567571395311923,0.0002070464279923094,1676.7946735199985
25710,52654080,2.2131457328796387,,,0.000206980623295849,1677.5290052000018
25720,52674560,2.0365374088287354,,,0.00020691480755513332,1678.0640317090001
25730,52695040,2.2075982093811035,,,0.00020684898078747734,1678.594568225999
25740,52715520,2.509084463119507,,,0.00020678314301019862,1679.1352208140015
25750,52736000,2.2414402961730957,,,0.00020671729424061788,1679.7115586309992
25760,52756480,2.142578125,,,0.0002066514344960585,1680.230573118999
25770,52776960,2.071711778640747,,,0.00020658556379384688,1680.785016845999
25780,52797440,2.6335976123809814,,,0.00020651968215131225,1681.331760295001
25790,52817920,2.260500431060791,,,0.0002064537895857868,1681.8670815840014
25800,52838400,2.323176860809326,2.1473853528499602,8.562441340753521,0.0002063878861146055,1682.7014089879995
25810,52858880,2.2913570404052734,,,0.00020632197175510624,1683.2174128959996
25820,52879360,2.1631569862365723,,,0.0002062560465246297,1683.7962984350015
25830,52899840,2.005692481994629,,,0.00020619011044051955,1684.7058059230003
25840,52920320,1.9414312839508057,,,0.00020612416352012224,1685.2279127670008
25850,52940800,2.220715284347534,,,0.00020605820578078698,1685.8336698480016
25860,52961280,1.9054299592971802,,,0.00020599223723986605,1686.3820333219992
25870,52981760,2.211686611175537,,,0.00020592625791471435,1686.992548399001
25880,53002240,2.044600009918213,,,0.00020586026782268976,1687.521391852999
25890,53022720,2.070380210876465,,,0.00020579426698115295,1688.1499141159984
25900,53043200,2.3519837856292725,2.1456531465053557,8.547622264092505,0.00020572825540746738,1689.0078762010016
25910,53063680,2.1994287967681885,,,0.0002056622331189993,1689.7735832360013
25920,53084160,2.0426158905029297,,,0.000205596200133118,1690.2326313269987
25930,53104640,2.1199710369110107,,,0.0002055301564671953,1690.8024362409997
25940,53125120,2.2096261978149414,,,0.00020546410213860601,1691.377488533999
25950,53145600,2.299276113510132,,,0.00020539803716472765,1692.1113806389985
25960,53166080,2.2005791664123535,,,0.00020533196156294063,1692.655303009
25970,53186560,2.1478867530822754,,,0.00020526587535062808,1693.3471788630013
25980,53207040,2.2505171298980713,,,0.00020519977854517593,1693.9205046749994
25990,53227520,2.3296589851379395,,,0.00020513367116397298,1694.4428578840016
26000,53248000,2.2128381729125977,2.1459310829639433,8.549998290130768,0.00020506755322441072,1695.3986649299986
26010,53268480,2.165681838989258,,,0.00020500142474388341,1696.1375882069988
26020,53288960,2.2999696731567383,,,0.00020493528573978814,1696.7153422449992
26030,53309440,2.1777186393737793,,,0.00020486913622952472,1697.3432939660015
26040,53329920,2.3055002689361572,,,0.00020480297623049588,1697.9076172530004
26050,53350400,2.138822078704834,,,0.0002047368057601068,1698.4523296469997
26060,53370880,1.8369120359420776,,,0.0002046706248357657,1699.053420114
26070,53391360,2.260403871536255,,,0.00020460443347488348,1699.5707894879997
26080,53411840,2.0126209259033203,,,0.00020453823169487367,1700.2198087670004
26090,53432320,2.2957489490509033,,,0.00020447201951315263,1700.8051816410007
26100,53452800,2.1525070667266846,2.1377375602722166,8.480229899888407,0.00020440579694713947,1701.798430556999
26110,53473280,2.154881238937378,,,0.00020433956401425603,1702.4152334530008
26120,53493760,2.520660400390625,,,0.00020427332073192684,1702.9909201150003
26130,53514240,2.2758841514587402,,,0.00020420706711757919,1703.5866030949983
26140,53534720,2.1610844135284424,,,0.00020414080318864304,1704.150905382001
26150,53555200,2.1509652137756348,,,0.00020407452896255109,1704.745505130999
26160,53575680,2.322601079940796,,,0.00020400824445673878,1705.32349884
26170,53596160,1.8642019033432007,,,0.00020394194968864423,1705.8449130029985
26180,53616640,2.118004083633423,,,0.00020387564467570823,1706.3825581819983
26190,53637120,1.8187440633773804,,,0.0002038093294353743,1706.9527972309988
26200,53657600,2.0256175994873047,2.139953297376633,8.499040692120776,0.00020374300398508864,1707.816974595
26210,53678080,1.9270672798156738,,,0.0002036766683423002,1708.4798214830007
26220,53698560,2.006075382232666,,,0.0002036103225244604,1709.0570278580017
26230,53719040,2.2287604808807373,,,0.00020354396654902364,1709.569636403001
26240,53739520,2.2411651611328125,,,0.00020347760043344673,1710.2916706329997
26250,53760000,2.440500259399414,,,0.00020341122419518937,1710.811164742001
26260,53780480,2.2336721420288086,,,0.00020334483785171368,1711.3582090900018
26270,53800960,1.9997612237930298,,,0.00020327844142048468,1711.935042383
26280,53821440,2.0735034942626953,,,0.00020321203491896985,1712.8870675360013
26290,53841920,2.166841745376587,,,0.00020314561836463942,1713.439719512
26300,53862400,1.9994466304779053,2.140464019775391,8.503382451192627,0.0002030791917749663,1714.6800144549998
26310,53882880,2.2104339599609375,,,0.0002030127551674259,1715.3544424380016
26320,53903360,2.0200695991516113,,,0.0002029463085594964,1716.0331362830002
26330,53923840,2.261564016342163,,,0.0002028798519686586,1716.5705648289986
26340,53944320,2.2263083457946777,,,0.00020281338541239586,1717.08535931
26350,53964800,2.450923442840576,,,0.0002027469089081941,1717.615028676999
26360,53985280,2.207540512084961,,,0.00020268042247354208,1718.1367434579988
26370,54005760,2.1086549758911133,,,0.00020261392612593097,1718.7563080809996
26380,54026240,2.158785104751587,,,0.00020254741988285467,1719.3827405759985
26390,54046720,1.9956042766571045,,,0.00020248090376180953,1719.9516725860012
26400,54067200,2.1959753036499023,2.13815553188324,8.483775136093943,0.0002024143777802947,1720.9384204099988
26410,54087680,2.032040596008301,,,0.00020234784195581178,1721.457408107999
26420,54108160,2.050236940383911,,,0.00020228129630586503,1721.9891169129987
26430,54128640,1.9245322942733765,,,0.00020221474084796117,1722.5719502409993
26440,54149120,2.2636210918426514,,,0.00020214817559960978,1723.0516285000012
26450,54169600,2.0987846851348877,,,0.00020208160057832265,1723.6127805290016
26460,54190080,1.9370319843292236,,,0.00020201501580161446,1724.1399611749985
26470,54210560,2.1037354469299316,,,0.00020194842128700224,1724.8655408279992
26480,54231040,2.2281975746154785,,,0.0002018818170520057,1725.3508866379998
26490,54251520,2.128607749938965,,,0.00020181520311414702,1726.0198503009997
26500,54272000,2.175914764404297,2.1347100257873537,8.454594536980613,0.00020174857949095107,1727.038622
26510,54292480,2.091953754425049,,,0.0002016819461999451,1727.8990142069997
26520,54312960,2.0766615867614746,,,0.0002016153032586591,1728.4365090430001
26530,54333440,1.8087716102600098,,,0.0002015486506846253,1728.9213848260006
26540,54353920,2.0137224197387695,,,0.0002014819884953788,1729.5201999109995
26550,54374400,2.271632432937622,,,0.00020141531670845708,1730.1850880640013
26560,54394880,2.298569679260254,,,0.0002013486353414,1730.6971674449996
26570,54415360,2.124445676803589,,,0.00020128194441175026,1731.353930104
26580,54435840,2.133558750152588,,,0.00020121524393705274,1732.1159631660012
26590,54456320,2.076098680496216,,,0.00020114853393485516,1732.6346072199995
26600,54476800,2.0213918685913086,2.1359696984291077,8.465251269003707,0.00020108181442270734,1733.4592677660003
26610,54497280,2.2061409950256348,,,0.0002010150854181621,1734.2380396679982
26620,54517760,2.180199146270752,,,0.00020094834693877431,1734.8459427080015
26630,54538240,2.0419931411743164,,,0.00020088159900210156,1735.4738568290013
26640,54558720,2.067720890045166,,,0.00020081484162570392,1736.0512931599987
26650,54579200,2.2138755321502686,,,0.00020074807482714393,1736.6476064470007
26660,54599680,2.4144821166992188,,,0.0002006812986239865,1737.3069424729983
26670,54620160,2.256052017211914,,,0.00020061451303379923,1737.8751522650018
26680,54640640,2.3157618045806885,,,0.0002005477180741519,1738.5087551610013
26690,54661120,2.2214229106903076,,,0.00020048091376261706,1739.0859650679995
26700,54681600,2.3129496574401855,2.133951634168625,8.448185074092688,0.00020041410011676947,1740.0807464399986
26710,54702080,2.13008451461792,,,0.00020034727715418656,1740.668415166001
26720,54722560,2.429924249649048,,,0.000200280444892448,1741.2960189760015
26730,54743040,2.3131346702575684,,,0.00020021360334913606,1741.9921175349991
26740,54763520,2.183774948120117,,,0.0002001467525418354,1742.5922687230013
26750,54784000,2.061521053314209,,,0.00020007989248813313,1743.2482355889988
26760,54804480,2.0987038612365723,,,0.00020001302320561874,1743.815532479999
26770,54824960,2.542191743850708,,,0.00019994614471188419,1744.3134028169989
26780,54845440,2.034013271331787,,,0.00019987925702452395,1744.8511888969988
26790,54865920,2.2389349937438965,,,0.00019981236016113475,1745.4153832330012
26800,54886400,2.02284836769104,2.135776716470718,8.463617785857014,0.00019974545413931579,1746.2453642740002
26810,54906880,2.0350136756896973,,,0.00019967853897666872,1746.8298613039988
26820,54927360,2.0174508094787598,,,0.0001996116146907976,1747.3356284049987
26830,54947840,2.029320478439331,,,0.00019954468129930878,1747.9015722279983
26840,54968320,2.0303900241851807,,,0.00019947773881981117,1748.4421516619987
26850,54988800,2.035653591156006,,,0.00019941078726991594,1748.9527533270011
26860,55009280,2.174318790435791,,,0.00019934382666723674,1749.5245744470012
26870,55029760,2.2227025032043457,,,0.00019927685702938945,1750.099133435
26880,55050240,2.0345606803894043,,,0.00019920987837399257,1750.7169147960012
26890,55070720,2.0791738033294678,,,0.0001991428907186667,1751.5521285130017
26900,55091200,2.2001023292541504,2.1311255574226378,8.424343559551852,0.000199075894081035,1752.406572942
26910,55111680,2.246239423751831,,,0.00019900888847872294,1753.1733407559987
26920,55132160,2.254612445831299,,,0.00019894187392935838,1753.7906752570016
26930,55152640,2.287254810333252,,,0.00019887485045057144,1754.347386354999
26940,55173120,2.369790554046631,,,0.00019880781805999465,1754.8491399539998
26950,55193600,2.500070333480835,,,0.00019874077677526286,1755.387176575001
26960,55214080,2.0122857093811035,,,0.00019867372661401333,1755.9469702099996
26970,55234560,2.1557979583740234,,,0.00019860666759388554,1756.4441619159988
26980,55255040,2.333242177963257,,,0.00019853959973252148,1757.0105640549991
26990,55275520,2.2111001014709473,,,0.0001984725230475653,1757.5911861569984
27000,55296000,2.549391269683838,2.132273316383362,8.434018226391247,0.0001984054375566634,1758.4347217610011
27010,55316480,2.3512580394744873,,,0.0001983383432774648,1759.1978140280007
27020,55336960,2.15779447555542,,,0.00019827124022762054,1759.833033373001
27030,55357440,2.1131319999694824,,,0.00019820412842478416,1760.4517253919985
27040,55377920,2.2710800170898438,,,0.0001981370078866113,1761.1762637790016
27050,55398400,2.3857192993164062,,,0.00019806987863076015,1761.9279678079984
27060,55418880,2.4401960372924805,,,0.00019800274067489096,1762.7434876840016
27070,55439360,2.146709442138672,,,0.00019793559403666648,1763.5085648599998
27080,55459840,2.416379451751709,,,0.00019786843873375153,1764.066769426001
27090,55480320,2.2571702003479004,,,0.0001978012747838134,1764.6339943519997
27100,55500800,2.1621289253234863,2.1330074965953827,8.44021258929198,0.00019773410220452146,1765.4554616319983
27110,55521280,2.032095432281494,,,0.00019766692101354761,1766.0149439390007
27120,55541760,2.130478858947754,,,0.00019759973122856572,1766.6165902419998
27130,55562240,2.154338836669922,,,0.00019753253286725221,1767.147928358001
27140,55582720,2.086789608001709,,,0.00019746532594728546,1767.8794499370015
27150,55603200,1.882307767868042,,,0.0001973981104863464,1768.4458880870006
27160,55623680,2.185614585876465,,,0.00019733088650211795,1768.9787251650014
27170,55644160,2.3015642166137695,,,0.00019726365401228545,1769.5014646939999
27180,55664640,2.1545486450195312,,,0.00019719641303453638,1770.017080403999
27190,55685120,2.152658462524414,,,0.00019712916358656047,1770.6832413650009
27200,55705600,2.0488338470458984,2.1312950551509857,8.425771587668361,0.0001970619056860498,1771.5142827160016
27210,55726080,2.115872383117676,,,0.00019699463935069837,1772.0523544360003
27220,55746560,2.2116923332214355,,,0.00019692736459820282,1772.7641701409993
27230,55767040,2.0954337120056152,,,0.0001968600814462616,1773.3205202979989
27240,55787520,2.2254557609558105,,,0.00019679278991257567,1773.954329483
27250,55808000,2.1340034008026123,,,0.00019672549001484798,1774.502782249001
27260,55828480,2.2118277549743652,,,0.0001966581817707839,1775.102790899
27270,55848960,1.9404170513153076,,,0.0001965908651980907,1775.8076987780005
27280,55869440,1.980833888053894,,,0.0001965235403144782,1776.3278849460003
27290,55889920,1.9815974235534668,,,0.00019645620713765806,1776.8543728529985
27300,55910400,1.9358614683151245,2.1288763284683228,8.40541657563608,0.0001963888656853444,1777.7930431480017
27310,55930880,2.087132453918457,,,0.00019632151597525328,1778.3114198190015
27320,55951360,2.192945957183838,,,0.00019625415802510316,1778.8465988470016
27330,55971840,2.245150566101074,,,0.00019618679185261448,1779.3864905090013
27340,55992320,2.0528104305267334,,,0.00019611941747550997,1779.955016328
27350,56012800,2.082828998565674,,,0.00019605203491151443,1780.4789673070009
27360,56033280,2.1402664184570312,,,0.00019598464417835493,1781.0629492799999
27370,56053760,2.115070343017578,,,0.00019591724529376055,1781.5554118479995
27380,56074240,2.263495445251465,,,0.00019584983827546256,1782.0978323710005
27390,56094720,2.712954044342041,,,0.0001957824231411944,1782.616036978001
27400,56115200,2.5252952575683594,2.126963186264038,8.389351191023394,0.00019571499990869164,1783.4340414690014
27410,56135680,2.332761764526367,,,0.000195647568595692,1784.0804495779994
27420,56156160,2.0622572898864746,,,0.00019558012921993528,1784.5811021640002
27430,56176640,2.088350296020508,,,0.0001955126817991634,1785.1360684069987
27440,56197120,1.9461462497711182,,,0.00019544522635112042,1785.9005800189989
27450,56217600,2.0877749919891357,,,0.00019537776289355255,1786.5978155439989
27460,56238080,1.9886902570724487,,,0.000195310291444208,1787.279218587999
27470,56258560,2.1949548721313477,,,0.00019524281202083725,1787.814818488001
27480,56279040,2.2003650665283203,,,0.0001951753246411926,1788.5330829529994
27490,56299520,2.2042899131774902,,,0.00019510782932302884,1789.1295384279983
27500,56320000,2.2614798545837402,2.1256663262844087,8.378478428957557,0.0001950403260841024,1790.1126493119991
27510,56340480,2.0138309001922607,,,0.0001949728149421722,1790.9697784579985
27520,56360960,2.3616738319396973,,,0.00019490529591499896,1791.5075667279998
27530,56381440,2.0051920413970947,,,0.00019483776902034565,1792.0573209709983
27540,56401920,2.025179147720337,,,0.00019477023427597712,1792.5956522730012
27550,56422400,2.1477460861206055,,,0.00019470269169966051,1793.1437461729984
27560,56442880,2.2334847450256348,,,0.00019463514130916486,1793.6760278900001
27570,56463360,1.992871880531311,,,0.00019456758312226134,1794.2808685929995
27580,56483840,1.9779677391052246,,,0.00019450001715672308,1794.8468963090017
27590,56504320,2.1921939849853516,,,0.0001944324434303254,1795.4076661520012
27600,56524800,2.1401867866516113,2.124934011697769,8.372344993066575,0.00019436486196084554,1796.3691300409992
27610,56545280,2.101203441619873,,,0.00019429727276606287,1797.1020983000017
27620,56565760,2.1640448570251465,,,0.00019422967586375865,1797.6908295440007
27630,56586240,2.2622432708740234,,,0.00019416207127171637,1798.2256189170002
27640,56606720,2.0591139793395996,,,0.0001940944590077214,1798.7208777710002
27650,56627200,2.084857225418091,,,0.00019402683908956107,1799.3114745499988
27660,56647680,2.498365640640259,,,0.000193959211535025,1799.9964650039983
27670,56668160,2.3411948680877686,,,0.00019389157636190446,1800.5935269530019
27680,56688640,2.2163279056549072,,,0.000193823933587993,1801.1690501890007
27690,56709120,2.049872875213623,,,0.000193756283231086,1801.7571546399995
27700,56729600,2.2806453704833984,2.1235707461833955,8.360939040300611,0.00019368862530898102,1802.6996067030013
27710,56750080,2.113070249557495,,,0.00019362095983947738,1803.241440152
27720,56770560,2.149831771850586,,,0.0001935532868403765,1803.7673743090018
27730,56791040,2.6317973136901855,,,0.00019348560632948187,1804.428510955
27740,56811520,2.2876710891723633,,,0.0001934179183245988,1804.9622386510018
27750,56832000,2.019125461578369,,,0.00019335022284353462,1805.5350647359992
27760,56852480,2.217467784881592,,,0.00019328251990409875,1806.1643039689989
27770,56872960,2.241194009780884,,,0.00019321480952410236,1806.8636200209985
27780,56893440,2.118645668029785,,,0.00019314709172135874,1807.3652169080015
27790,56913920,2.1430485248565674,,,0.000193079366513683,1808.0287626870013
27800,56934400,2.175428867340088,2.121758311986923,8.345799112675083,0.00019301163391889243,1808.8953658639984
27810,56954880,2.0585129261016846,,,0.00019294389395480599,1809.4778622910017
27820,56975360,2.3692593574523926,,,0.0001928761466392447,1810.0135127799986
27830,56995840,2.4468374252319336,,,0.00019280839199003154,1810.7011506419985
27840,57016320,1.8139761686325073,,,0.00019274063002499138,1811.4340220839986
27850,57036800,2.121371269226074,,,0.00019267286076195107,1812.007444324001
27860,57057280,2.2537765502929688,,,0.00019260508421873929,1812.6034269929987
27870,57077760,2.127199649810791,,,0.0001925373004131867,1813.1892218040011
27880,57098240,2.2690858840942383,,,0.0001924695093631258,1813.7953899109998
27890,57118720,2.0829017162323,,,0.00019240171108639113,1814.3852338420002
27900,57139200,2.236616611480713,2.1186221659183504,8.319666466914674,0.00019233390560081901,1815.356276953
27910,57159680,2.292646884918213,,,0.0001922660929242477,1815.8834124530003
27920,57180160,2.0280730724334717,,,0.00019219827307451732,1816.5297383860016
27930,57200640,2.194207191467285,,,0.00019213044606946995,1817.0788718609983
27940,57221120,2.0486507415771484,,,0.0001920626119269495,1817.7013360540004
27950,57241600,2.1634249687194824,,,0.00019199477066480171,1818.3677770079994
27960,57262080,2.065727710723877,,,0.00019192692230087432,1818.9830735540017
27970,57282560,2.1829967498779297,,,0.00019185906685301684,1819.4885688100003
27980,57303040,2.2512245178222656,,,0.00019179120433908064,1819.9680571089993
27990,57323520,2.250652551651001,,,0.00019172333477691898,1820.5160844240017
28000,57344000,1.8255723714828491,2.11599138379097,8.29780800210392,0.00019165545818438702,1821.4298484470019
28010,57364480,2.2422564029693604,,,0.00019158757457934174,1822.1532497980006
28020,57384960,2.2698781490325928,,,0.00019151968397964183,1822.7250503299983
28030,57405440,2.0620555877685547,,,0.00019145178640314807,1823.3859809569985
28040,57425920,1.97384512424469,,,0.00019138388186772283,1823.9759278599995
28050,57446400,2.2083935737609863,,,0.00019131597039123054,1824.8022188389987
28060,57466880,2.1765646934509277,,,0.0001912480519915372,1825.3714365859996
28070,57487360,2.1955630779266357,,,0.0001911801266865109,1825.960421754
28080,57507840,2.2238893508911133,,,0.00019111219449402138,1826.4916786989997
28090,57528320,2.1026949882507324,,,0.00019104425543194016,1827.018939829999
28100,57548800,2.215275287628174,2.116596680879593,8.302832161530688,0.00019097630951814075,1827.8225480729998
28110,57569280,2.2977802753448486,,,0.00019090835677049826,1828.4917357960003
28120,57589760,1.9908161163330078,,,0.00019084039720688973,1829.1084637739987
28130,57610240,2.011763334274292,,,0.0001907724308451939,1829.8705613979982
28140,57630720,2.10262393951416,,,0.00019070445770329146,1830.3873381289995
28150,57651200,1.998708724975586,,,0.00019063647779906463,1830.8915879339984
28160,57671680,2.678119659423828,,,0.00019056849115039768,1831.6111830609989
28170,57692160,2.154587745666504,,,0.0001905004977751764,1832.2049731600018
28180,57712640,2.2182674407958984,,,0.00019043249769128864,1832.861335485999
28190,57733120,1.9741854667663574,,,0.00019036449091662365,1833.5298773620016
28200,57753600,2.123811721801758,2.113667094707489,8.278543893898584,0.0001902964774690728,1834.446451726999
28210,57774080,2.14261531829834,,,0.00019022845736652898,1835.0121588500006
28220,57794560,1.9852690696716309,,,0.00019016043062688697,1835.67447179
28230,57815040,2.218329906463623,,,0.0001900923972680431,1836.3530074699993
28240,57835520,2.2508625984191895,,,0.00019002435730789576,1836.9511998980015
28250,57856000,2.22697377204895,,,0.00018995631076434475,1837.4909565359994
28260,57876480,2.280088424682617,,,0.0001898882576552918,1838.0191234890008
28270,57896960,2.124870777130127,,,0.0001898201979986403,1838.5561204030018
28280,57917440,2.3327813148498535,,,0.00018975213181229533,1839.1882132499995
28290,57937920,2.086143970489502,,,0.00018968405911416384,1839.7445636420016
28300,57958400,2.026191473007202,2.117124205827713,8.307213268105858,0.00018961597992215424,1840.5626671940008
28310,57978880,2.08600115776062,,,0.00018954789425417695,1841.0985927850015
28320,57999360,2.051037073135376,,,0.0001894798021281438,1841.6143539100012
28330,58019840,2.065375328063965,,,0.0001894117035619685,1842.2985652759999
28340,58040320,1.9612988233566284,,,0.00018934359857356647,1842.9784633929994
28350,58060800,2.0498740673065186,,,0.00018927548718085467,1843.4910154729987
28360,58081280,2.1399660110473633,,,0.00018920736940175186,1844.0541571079993
28370,58101760,1.9078409671783447,,,0.0001891392452541785,1844.642783659001
28380,58122240,2.2523927688598633,,,0.0001890711147560566,1845.1952343090015
28390,58142720,1.912895679473877,,,0.00018900297792531,1845.7738114489985
28400,58163200,2.109018325805664,2.114741545915604,8.287443565662173,0.00018893483477986405,1846.5754654189986
28410,58183680,2.3499231338500977,,,0.00018886668533764594,1847.1054880209995
28420,58204160,2.0387816429138184,,,0.0001887985296165843,1847.6222076599988
28430,58224640,2.171055793762207,,,0.00018873036763460957,1848.1744572069983
28440,58245120,1.8104767799377441,,,0.0001886621994096538,1848.7578039530017
28450,58265600,2.183295488357544,,,0.00018859402495965068,1849.4166618630006
28460,58286080,2.056457757949829,,,0.0001885258443025355,1850.1204231800002
28470,58306560,2.1501126289367676,,,0.0001884576574562453,1850.6668117990012
28480,58327040,1.995095133781433,,,0.00018838946443871854,1851.1973867580018
28490,58347520,1.9339711666107178,,,0.00018832126526789554,1851.7453533000007
28500,58368000,2.311340808868408,2.1130878269672393,8.273749789153774,0.00018825305996171803,1852.6545033410002
28510,58388480,2.366854190826416,,,0.0001881848485381295,1853.4369284729983
28520,58408960,2.087528705596924,,,0.00018811663101507504,1853.9992905539984
28530,58429440,2.052431583404541,,,0.0001880484074105012,1854.5611404539995
28540,58449920,2.1384949684143066,,,0.00018798017774235637,1855.205508586001
28550,58470400,2.168285846710205,,,0.00018791194202859028,1855.7680041519998
28560,58490880,1.9113729000091553,,,0.00018784370028715445,1856.2804845499995
28570,58511360,2.277841091156006,,,0.0001877754525360018,1856.824850511999
28580,58531840,2.3153984546661377,,,0.00018770719879308706,1857.5555596269987
28590,58552320,2.00162410736084,,,0.00018763893907636635,1858.043011201
28600,58572800,2.196908473968506,2.1138718366622924,8.28023903268544,0.00018757067340379743,1858.9007582980012
28610,58593280,2.008769989013672,,,0.00018750240179333963,1859.5458444280011
28620,58613760,2.1539840698242188,,,0.00018743412426295384,1860.2066861739986
28630,58634240,2.2289047241210938,,,0.00018736584083060246,1860.806603642999
28640,58654720,2.1035938262939453,,,0.00018729755151424953,1861.4862615599995
28650,58675200,2.23002028465271,,,0.00018722925633186057,1861.9553643949985
28660,58695680,2.184530019760132,,,0.00018716095530140272,1862.4644830670004
28670,58716160,2.1069822311401367,,,0.00018709264844084445,1863.0055817790017
28680,58736640,2.201256275177002,,,0.0001870243357681561,1863.6801207850003
28690,58757120,2.320158004760742,,,0.00018695601730130926,1864.2717702010013
28700,58777600,2.047757148742676,2.1105401813983917,8.25269803475645,0.00018688769305827716,1865.3215120839996
28710,58798080,1.9231184720993042,,,0.0001868193630570345,1865.9779642559988
28720,58818560,1.9060778617858887,,,0.00018675102731555759,1866.6153130409984
28730,58839040,2.0198211669921875,,,0.00018668268585182414,1867.092365769
28740,58859520,2.012394666671753,,,0.00018661433868381337,1867.712739622999
28750,58880000,2.234377384185791,,,0.00018654598582950617,1868.3049565670008
28760,58900480,2.0951130390167236,,,0.00018647762730688468,1868.8864511300017
28770,58920960,2.2016777992248535,,,0.00018640926313393268,1869.428223807001
28780,58941440,1.8013765811920166,,,0.00018634089332863538,1870.089031096999
28790,58961920,2.3129165172576904,,,0.00018627251790897959,1870.7242003059982
28800,58982400,2.2802438735961914,2.110518378019333,8.252518100014541,0.0001862041368929534,1871.6364634890015
28810,59002880,1.9823596477508545,,,0.00018613575029854655,1872.2865915209986
28820,59023360,2.144826889038086,,,0.0001860673581437501,1872.8204059609998
28830,59043840,2.0206074714660645,,,0.00018599896044655675,1873.3199763869998
28840,59064320,2.198127269744873,,,0.00018593055722496038,1874.0076720129982
28850,59084800,1.983376145362854,,,0.00018586214849695672,1874.660960303001
28860,59105280,2.0150816440582275,,,0.00018579373428054253,1875.4430869860007
28870,59125760,2.147833824157715,,,0.00018572531459371634,1875.9531238119998
28880,59146240,2.312472105026245,,,0.00018565688945447792,1876.5577486580005
28890,59166720,2.2961061000823975,,,0.00018558845888082864,1877.0630933829998
28900,59187200,2.11676287651062,2.105430859327316,8.210639878369472,0.00018552002289077106,1878.0741824600009
28910,59207680,2.0496363639831543,,,0.00018545158150230938,1878.6040565799995
28920,59228160,2.1491799354553223,,,0.00018538313473344915,1879.1271672309995
28930,59248640,2.0118143558502197,,,0.00018531468260219735,1879.6596401589995
28940,59269120,2.2032532691955566,,,0.00018524622512656235,1880.196602991
28950,59289600,2.0878632068634033,,,0.0001851777623245539,1880.7459240370008
28960,59310080,1.9258451461791992,,,0.00018510929421418321,1881.2722887980017
28970,59330560,2.0631017684936523,,,0.00018504082081346283,1881.7814367329993
28980,59351040,2.244985580444336,,,0.0001849723421404068,1882.2974521690012
28990,59371520,2.1179823875427246,,,0.0001849038582130304,1882.8167949800009
29000,59392000,2.168663740158081,2.1061168372631074,8.216274128429434,0.0001848353690493504,1884.012721078001
29010,59412480,2.326923370361328,,,0.0001847668746673849,1884.9890262849985
29020,59432960,2.0935251712799072,,,0.00018469837508515343,1885.7819969990014
29030,59453440,2.1167871952056885,,,0.0001846298703206768,1886.4236025319988
29040,59473920,2.0846550464630127,,,0.00018456136039197727,1886.9920522520006
29050,59494400,1.8866839408874512,,,0.0001844928453170784,1887.5597428170004
29060,59514880,2.063234329223633,,,0.00018442432511400514,1888.1541329870015
29070,59535360,2.0692739486694336,,,0.00018435579980078377,1888.7007532429998
29080,59555840,1.9165973663330078,,,0.0001842872693954419,1889.2390046869987
29090,59576320,2.462038516998291,,,0.0001842187339160085,1889.8900659969986
29100,59596800,2.2521519660949707,2.1051480531692506,8.208318187159971,0.00018415019338051392,1890.9327324160004
29110,59617280,2.040916919708252,,,0.00018408164780698967,1891.4769494050015
29120,59637760,2.147642135620117,,,0.00018401309721346887,1891.9571833510017
29130,59658240,2.314849853515625,,,0.00018394454161798566,1892.6470092339987
29140,59678720,2.3965835571289062,,,0.00018387598103857572,1893.3174392270012
29150,59699200,2.011913299560547,,,0.00018380741549327596,1893.895080164999
29160,59719680,2.220785617828369,,,0.00018373884500012453,1894.4436031330006
29170,59740160,2.2893548011779785,,,0.000183670269577161,1895.0735899600004
29180,59760640,2.103214740753174,,,0.0001836016892424261,1895.5906959320018
29190,59781120,1.921695351600647,,,0.00018353310401396204,1896.1231863350004
29200,59801600,1.891831398010254,2.106288677453995,8.217686135860387,0.00018346451390981213,1896.9018217119992
29210,59822080,2.132205009460449,,,0.00018339591894802107,1897.4136353700014
29220,59842560,1.9167497158050537,,,0.00018332731914663482,1898.1521833490006
29230,59863040,1.994023323059082,,,0.00018325871452370062,1898.754754267
29240,59883520,2.315474510192871,,,0.00018319010509726692,1899.4350499149987
29250,59904000,2.1599552631378174,,,0.00018312149088538346,1900.0219249690017
29260,59924480,2.1170296669006348,,,0.0001830528719061013,1900.5087126530016
29270,59944960,1.9929778575897217,,,0.00018298424817747276,1901.3589876219994
29280,59965440,2.07692289352417,,,0.00018291561971755122,1901.9285930760016
29290,59985920,1.952401876449585,,,0.00018284698654439155,1902.5119205500014
29300,60006400,2.482046127319336,2.1041412353515625,8.200058065072692,0.00018277834867604973,1903.4170255860008
29310,60026880,2.2431740760803223,,,0.00018270970613058302,1903.9603666660005
29320,60047360,2.0762057304382324,,,0.0001826410589260498,1904.5102263519984
29330,60067840,2.092909574508667,,,0.00018257240708050986,1905.2101014619984
29340,60088320,2.269221544265747,,,0.00018250375061202407,1905.8167639810017
29350,60108800,2.0426831245422363,,,0.00018243508953865456,1906.2912995279985
29360,60129280,1.9463047981262207,,,0.0001823664238784647,1906.7669924910006
29370,60149760,1.8809494972229004,,,0.00018229775364951906,1907.4127721959994
29380,60170240,2.3018908500671387,,,0.00018222907886988331,1907.9419927829986
29390,60190720,2.061241626739502,,,0.00018216039955762446,1908.486932797001
29400,60211200,2.0722157955169678,2.103850966691971,8.197678190627764,0.0001820917157308107,1909.5637367119998
29410,60231680,1.98006010055542,,,0.00018202302740751123,1910.1619106840008
29420,60252160,2.221813201904297,,,0.00018195433460579664,1910.798689801999
29430,60272640,1.8111958503723145,,,0.00018188563734373861,1911.469745254999
29440,60293120,2.1178767681121826,,,0.00018181693563941006,1912.157268212999
29450,60313600,2.304152011871338,,,0.0001817482295108849,1912.6958231950011
29460,60334080,2.3132410049438477,,,0.00018167951897623844,1913.2306405669988
29470,60354560,2.178748607635498,,,0.000181610804053547,1913.760174248
29480,60375040,2.2700791358947754,,,0.00018154208476088806,1914.3351076920007
29490,60395520,2.5379819869995117,,,0.00018147336111634028,1914.9931196949983
29500,60416000,1.912686824798584,2.1036970734596254,8.196416720501627,0.00018140463313798353,1916.0493222369987
29510,60436480,2.0010762214660645,,,0.00018133590084389866,1916.8818289039991
29520,60456960,2.4497056007385254,,,0.00018126716425216784,1917.4323646839985
29530,60477440,2.2122926712036133,,,0.0001811984233808742,1918.023863546001
29540,60497920,2.023334503173828,,,0.0001811296782481022,1918.6340735369995
29550,60518400,2.0142881870269775,,,0.0001810609288719371,1919.292967944999
29560,60538880,1.977665662765503,,,0.0001809921752704657,1919.8599541430012
29570,60559360,1.9357589483261108,,,0.0001809234174617755,1920.450172888999
29580,60579840,2.314896583557129,,,0.0001808546554639554,1921.066235536
29590,60600320,2.274827480316162,,,0.00018078588929509526,1921.6488320249991
29600,60620800,2.327531099319458,2.1015292048454284,8.178667212196736,0.00018071711897328603,1922.6558688570003
29610,60641280,2.210935115814209,,,0.00018064834451661993,1923.2272698220004
29620,60661760,2.077510118484497,,,0.00018057956594318996,1923.8027508800005
29630,60682240,2.017293930053711,,,0.00018051078327109048,1924.3891044709999
29640,60702720,2.045815944671631,,,0.00018044199651841682,1925.0318140749987
29650,60723200,2.014101266860962,,,0.00018037320570326535,1925.6329134070002
29660,60743680,2.4371798038482666,,,0.00018030441084373357,1926.3143989829987
29670,60764160,2.257728099822998,,,0.00018023561195792002,1926.8104646850006
29680,60784640,2.476318359375,,,0.00018016680906392428,1927.3402088350012
29690,60805120,2.2663397789001465,,,0.000180098002179847,1927.9037259879988
29700,60825600,2.076040029525757,2.099981129169464,8.166015811613114,0.0001800291913237899,1928.8387827160004
29710,60846080,2.1595311164855957,,,0.00017996037651385577,1929.5166264719992
29720,60866560,2.4054133892059326,,,0.0001798915577681483,1930.2317401
29730,60887040,2.1422743797302246,,,0.0001798227351047724,1930.7793463339985
29740,60907520,2.043180465698242,,,0.00017975390854183386,1931.3944631660015
29750,60928000,2.219508409500122,,,0.00017968507809743966,1931.9344296490017
29760,60948480,2.163455009460449,,,0.00017961624378969759,1932.5088585179983
29770,60968960,2.0439038276672363,,,0.0001795474056367166,1933.0010591969985
29780,60989440,2.4458398818969727,,,0.00017947856365660666,1933.6253003089987
29790,61009920,2.0792596340179443,,,0.00017940971786747868,1934.3116660609994
29800,61030400,2.0106163024902344,2.099736386537552,8.164017483959102,0.00017934086828744458,1935.527894881001
29810,61050880,2.113640308380127,,,0.0001792720149346173,1936.1150703530002
29820,61071360,2.105776309967041,,,0.00017920315782711077,1936.6396105109998
29830,61091840,2.201669454574585,,,0.00017913429698303998,1937.2957184570005
29840,61112320,2.210942268371582,,,0.00017906543242052076,1937.8838124350004
29850,61132800,2.005147933959961,,,0.00017899656415766994,1938.4454974149994
29860,61153280,2.080038547515869,,,0.00017892769221260544,1939.1005686930002
29870,61173760,2.15480899810791,,,0.00017885881660344608,1939.6314140100003
29880,61194240,2.0035505294799805,,,0.00017878993734831165,1940.2158402659988
29890,61214720,2.079038143157959,,,0.0001787210544653228,1940.6997755519988
29900,61235200,1.9554245471954346,2.0971154808998107,8.14264837994366,0.00017865216797260136,1941.6010375689984
29910,61255680,2.1081485748291016,,,0.00017858327788826988,1942.2772160679997
29920,61276160,2.1710729598999023,,,0.00017851438423045204,1943.0223455630003
29930,61296640,2.328207015991211,,,0.00017844548701727224,1943.5784852260003
29940,61317120,2.2236602306365967,,,0.00017837658626685608,1944.0425370779994
29950,61337600,1.990204095840454,,,0.00017830768199732984,1944.6039046549995
29960,61358080,2.0546977519989014,,,0.00017823877422682097,1945.1541646799997
29970,61378560,2.1419243812561035,,,0.0001781698629734576,1945.7281626680015
29980,61399040,2.1378660202026367,,,0.000178100948255369,1946.1876490920004
29990,61419520,2.2811107635498047,,,0.0001780320300906851,1946.6670771360004
30000,61440000,2.127333164215088,2.0937738358974456,8.115483951894257,0.00017796310849753705,1947.8038258640008
30010,61460480,2.466596841812134,,,0.00017789418349405657,1948.739143668001
30020,61480960,2.1141951084136963,,,0.00017782525509837653,1949.2509292530012
30030,61501440,2.139495849609375,,,0.00017775632332863058,1949.886152621999
30040,61521920,2.180237293243408,,,0.00017768738820295328,1950.531636623
30050,61542400,2.4025955200195312,,,0.0001776184497394801,1951.189318269
30060,61562880,1.9224103689193726,,,0.00017754950795634725,1951.8449467309983
30070,61583360,2.017251968383789,,,0.0001774805628716921,1952.3340382979986
30080,61603840,2.255519151687622,,,0.00017741161450365257,1952.9675083930015
30090,61624320,1.8949297666549683,,,0.00017734266287036763,1953.4668191339988
30100,61644800,2.1608238220214844,2.0933061242103577,8.1116891327134,0.000177273707989977,1954.4274032149988
30110,61665280,2.118899345397949,,,0.0001772047498806215,1954.9943663660015
30120,61685760,1.9557009935379028,,,0.0001771357885604424,1955.5506036980005
30130,61706240,2.083676338195801,,,0.00017706682404758215,1956.0848175610008
30140,61726720,2.189713478088379,,,0.0001769978563601839,1956.7773169520005
30150,61747200,2.422222137451172,,,0.0001769288855163917,1957.2911822399983
30160,61767680,2.140402317047119,,,0.0001768599115343503,1957.927061069
30170,61788160,2.1699376106262207,,,0.00017679093443220543,1958.4292131949987
30180,61808640,2.0464916229248047,,,0.00017672195422810356,1958.9446415329985
30190,61829120,1.9283568859100342,,,0.00017665297094019198,1959.4711858310002
30200,61849600,2.318650245666504,2.097179228067398,8.143167467259538,0.00017658398458661876,1960.3076221250012
30210,61870080,1.9696362018585205,,,0.00017651499518553292,1960.8709331710015
30220,61890560,2.396486282348633,,,0.0001764460027550841,1961.5292460700002
30230,61911040,2.149449586868286,,,0.00017637700731342284,1962.2371425599995
30240,61931520,2.3015646934509277,,,0.00017630800887870048,1962.9214552230005
30250,61952000,2.4084317684173584,,,0.00017623900746906903,1963.485324276
30260,61972480,2.0331811904907227,,,0.00017617000310268148,1964.0018965980016
30270,61992960,2.477689743041992,,,0.00017610099579769137,1964.5123511890015
30280,62013440,2.1876296997070312,,,0.00017603198557225325,1965.128758715
30290,62033920,2.03116512298584,,,0.00017596297244452223,1965.7239742710008
30300,62054400,1.9879279136657715,2.0919887125492096,8.101009734984478,0.0001758939564326543,1966.6283995000013
30310,62074880,2.12380051612854,,,0.00017582493755480619,1967.1876864170008
30320,62095360,2.172800064086914,,,0.0001757559158291354,1967.7193935940013
30330,62115840,2.1924118995666504,,,0.00017568689127380005,1968.301303395001
30340,62136320,2.006553888320923,,,0.00017561786390695922,1968.8540200530006
30350,62156800,1.960493803024292,,,0.00017554883374677256,1969.4038547950004
30360,62177280,1.8534445762634277,,,0.0001754798008114006,1969.9456978519993
30370,62197760,2.1717729568481445,,,0.00017541076511900432,1970.442949354001
30380,62218240,1.8563835620880127,,,0.00017534172668774584,1970.9529719650018
30390,62238720,2.0821516513824463,,,0.0001752726855357876,1971.4693162549993
30400,62259200,2.089104413986206,2.090547740459442,8.089344812489724,0.00017520364168129309,1972.3544772399982
30410,62279680,2.2501728534698486,,,0.00017513459514242622,1972.9423844970006
30420,62300160,2.270400047302246,,,0.00017506554593735182,1973.5332458410012
30430,62320640,1.9463859796524048,,,0.00017499649408423532,1974.1457318790017
30440,62341120,1.9283208847045898,,,0.00017492743960124287,1974.7781688169998
30450,62361600,2.112478494644165,,,0.00017485838250654132,1975.3272983790011
30460,62382080,1.969783902168274,,,0.00017478932281829817,1975.9104959430006
30470,62402560,2.3953914642333984,,,0.00017472026055468168,1976.4824021310014
30480,62423040,2.3451995849609375,,,0.0001746511957338607,1977.0656446520006
30490,62443520,2.2080318927764893,,,0.00017458212837400484,1977.736401776001
30500,62464000,2.3462908267974854,2.0883283376693726,8.071411206352169,0.00017451305849328422,1978.66467681
30510,62484480,2.278839349746704,,,0.00017444398610986985,1979.5696970310019
30520,62504960,2.1539382934570312,,,0.00017437491124193324,1980.1655136049994
30530,62525440,2.032177686691284,,,0.00017430583390764664,1980.6394661179984
30540,62545920,1.874820590019226,,,0.00017423675412518274,1981.236735868999
30550,62566400,2.0490403175354004,,,0.00017416767191271522,1981.854760192
30560,62586880,2.2550129890441895,,,0.00017409858728841812,1982.4616304929987
30570,62607360,2.0533699989318848,,,0.00017402950027046624,1983.0321744969988
30580,62627840,2.3170595169067383,,,0.000173960410877035,1983.8700064289987
30590,62648320,2.0068798065185547,,,0.0001738913191263004,1984.5972517109985
30600,62668800,2.194774627685547,2.0880227029323577,8.068944679658095,0.0001738222250364391,1985.6325693069994
30610,62689280,2.0772886276245117,,,0.00017375312862562834,1986.3893061529998
30620,62709760,2.0648112297058105,,,0.00017368402991204597,1986.9928395720017
30630,62730240,2.1632132530212402,,,0.00017361492891387057,1987.5177844790014
30640,62750720,2.1806833744049072,,,0.00017354582564928106,1988.1676851679986
30650,62771200,2.1751937866210938,,,0.0001734767201364573,1988.8986709499986
30660,62791680,2.0491719245910645,,,0.00017340761239357938,1989.5236707650001
30670,62812160,2.3570008277893066,,,0.00017333850243882827,1990.1074780089984
30680,62832640,1.8589215278625488,,,0.0001732693902903854,1990.7472667350012
30690,62853120,2.1418204307556152,,,0.00017320027596643274,1991.4184732499998
30700,62873600,2.052051305770874,2.086026167869568,8.052850820009038,0.00017313115948515287,1992.509432062001
30710,62894080,2.0523440837860107,,,0.00017306204086472892,1993.1513127910002
30720,62914560,2.424691677093506,,,0.00017299292012334472,1993.9136612969996
30730,62935040,2.1643521785736084,,,0.00017292379727918442,1994.5101151939998
30740,62955520,1.9639664888381958,,,0.0001728546723504329,1995.1363862729995
30750,62976000,2.1674230098724365,,,0.00017278554535527554,1995.6932307729985
30760,62996480,1.9097336530685425,,,0.00017271641631189824,1996.2366614970015
30770,63016960,2.100656032562256,,,0.00017264728523848745,1996.8726737020006
30780,63037440,2.0492937564849854,,,0.00017257815215323017,1997.5417796639995
30790,63057920,2.1661863327026367,,,0.0001725090170743139,1998.1956787160016
30800,63078400,2.1026692390441895,2.0860763669013975,8.0532550754702,0.00017243988001992678,1999.004779027
30810,63098880,2.277451515197754,,,0.00017237074100825723,1999.5662801520011
30820,63119360,1.9542008638381958,,,0.00017230160005749445,2000.1785109750017
30830,63139840,2.0798304080963135,,,0.00017223245718582796,2000.784194025
30840,63160320,2.049469232559204,,,0.0001721633124114479,2001.3529944549991
30850,63180800,1.9795212745666504,,,0.00017209416575254477,2001.9150002489987
30860,63201280,2.195319890975952,,,0.0001720250172273098,2002.4460582639986
30870,63221760,2.1574084758758545,,,0.00017195586685393448,2003.0405049600013
30880,63242240,2.1230955123901367,,,0.0001718867146506109,2003.6024510069983
30890,63262720,2.0283615589141846,,,0.0001718175606355316,2004.130090016999
30900,63283200,1.9829633235931396,2.0826596200466154,8.025786095518855,0.00017174840482688964,2005.0035021280019
30910,63303680,2.13838529586792,,,0.00017167924724287848,2005.5853233989983
30920,63324160,1.9470579624176025,,,0.0001716100879016921,2006.1649835149983
30930,63344640,2.0387349128723145,,,0.00017154092682152496,2006.6965738139988
30940,63365120,2.1722254753112793,,,0.00017147176402057188,2007.514912658
30950,63385600,2.039898157119751,,,0.00017140259951702828,2008.0516030610015
30960,63406080,2.01088285446167,,,0.00017133343332908984,2008.5627794059983
30970,63426560,2.117091178894043,,,0.0001712642654749529,2009.0642312669988
30980,63447040,2.1913695335388184,,,0.000171195095972814,2009.6290455419985
30990,63467520,2.0472958087921143,,,0.0001711259248408704,2010.165884594
31000,63488000,2.1200709342956543,2.0799592614173887,8.004142830220374,0.0001710567520973195,2011.1633531900006
31010,63508480,2.0483193397521973,,,0.00017098757776035932,2012.0685704940006
31020,63528960,2.3396286964416504,,,0.00017091840184818818,2012.7072733800014
31030,63549440,2.3559060096740723,,,0.00017084922437900492,2013.4276349140018
31040,63569920,2.1730310916900635,,,0.0001707800453710087,2014.0353293410008
31050,63590400,1.9582102298736572,,,0.00017071086484239914,2014.7446460190004
31060,63610880,1.9482505321502686,,,0.00017064168281137626,2015.513387881001
31070,63631360,2.2147908210754395,,,0.0001705724992961404,2016.1913975729985
31080,63651840,2.358637809753418,,,0.00017050331431489238,2016.7033621890005
31090,63672320,2.2717552185058594,,,0.00017043412788583342,2017.361933655
31100,63692800,2.064243793487549,2.080249923467636,8.006469668931352,0.000170364940027165,2018.2538422159996
31110,63713280,2.1018524169921875,,,0.0001702957507570891,2018.8767820440007
31120,63733760,2.0925559997558594,,,0.00017022656009380794,2019.3913993079987
31130,63754240,2.006530284881592,,,0.00017015736805552428,2019.977398723
31140,63774720,2.17964506149292,,,0.00017008817466044115,2020.5905004939996
31150,63795200,1.8323066234588623,,,0.00017001897992676186,2021.2402011980012
31160,63815680,2.113137722015381,,,0.00016994978387269025,2021.8107677219996
31170,63836160,2.193993091583252,,,0.00016988058651643028,2022.3791691110018
31180,63856640,2.4318106174468994,,,0.00016981138787618648,2022.8835547689996
31190,63877120,1.9866349697113037,,,0.00016974218797016357,2023.463586886999
31200,63897600,2.043478012084961,2.0784810841083527,7.992320028162069,0.0001696729868165667,2024.437642975001
31210,63918080,2.0643844604492188,,,0.00016960378443360121,2025.0211844520018
31220,63938560,2.2156834602355957,,,0.00016953458083947295,2025.5541724530012
31230,63959040,2.047309637069702,,,0.0001694653760523879,2026.1365825089997
31240,63979520,1.8496426343917847,,,0.00016939617009055253,2026.7311223949982
31250,64000000,2.1130661964416504,,,0.0001693269629721734,2027.3322110209992
31260,64020480,2.344667434692383,,,0.0001692577547154577,2027.8818265920017
31270,64040960,2.042509078979492,,,0.00016918854533861256,2028.4386350870009
31280,64061440,2.0715107917785645,,,0.00016911933485984568,2028.960072291
31290,64081920,2.193049430847168,,,0.0001690501232973648,2029.4523920489992
31300,64102400,2.0375454425811768,2.077288144826889,7.98279136034154,0.00016898091066937826,2030.3880869739987
31310,64122880,2.259798049926758,,,0.00016891169699409438,2030.9511268319984
31320,64143360,2.043300151824951,,,0.00016884248228972193,2031.5257302739992
31330,64163840,2.1966395378112793,,,0.00016877326657446996,2032.1510070410004
31340,64184320,2.155954360961914,,,0.00016870404986654762,2032.7308690440004
31350,64204800,2.1205549240112305,,,0.00016863483218416446,2033.4796531889988
31360,64225280,2.0391454696655273,,,0.00016856561354553027,2034.1616159039986
31370,64245760,2.0654964447021484,,,0.00016849639396885515,2034.6777429549984
31380,64266240,1.8871231079101562,,,0.00016842717347234924,2035.2200144480012
31390,64286720,2.157212972640991,,,0.00016835795207422314,2035.797660979999
31400,64307200,2.2428674697875977,2.079314136505127,7.9989808235278845,0.00016828872979268757,2036.5728724530018
31410,64327680,2.1409497261047363,,,0.00016821950664595357,2037.1245350829995
31420,64348160,2.3464136123657227,,,0.00016815028265223223,2037.635787026
31430,64368640,2.0520482063293457,,,0.00016808105782973516,2038.3308117640008
31440,64389120,2.2270402908325195,,,0.0001680118321966739,2039.0242327220003
31450,64409600,2.1740756034851074,,,0.00016794260577126036,2039.6665696829987
31460,64430080,1.9948735237121582,,,0.00016787337857170653,2040.3694735550016
31470,64450560,2.157646656036377,,,0.00016780415061622484,2041.1760493000002
31480,64471040,2.014331340789795,,,0.00016773492192302764,2041.7935322970006
31490,64491520,2.030043125152588,,,0.00016766569251032768,2042.430727461
31500,64512000,2.058180809020996,2.075049114227295,7.964937641186089,0.00016759646239633774,2044.484632538999
31510,64532480,2.203857898712158,,,0.00016752723159927098,2045.3864514359993
31520,64552960,2.1683435440063477,,,0.00016745800013734052,2045.9566791260004
31530,64573440,2.13138484954834,,,0.00016738876802875982,2046.564023766001
31540,64593920,2.0514984130859375,,,0.00016731953529174247,2047.1712430109983
31550,64614400,1.9969843626022339,,,0.00016725030194450212,2047.7460273389988
31560,64634880,2.117823839187622,,,0.00016718106800525274,2048.5574831250015
31570,64655360,2.203730821609497,,,0.00016711183349220836,2049.211208143999
31580,64675840,2.356806516647339,,,0.0001670425984235832,2049.8350472169986
31590,64696320,2.130587100982666,,,0.00016697336281759156,2050.419880145
31600,64716800,2.2683472633361816,2.07328479886055,7.950897368686896,0.00016690412669244804,2051.4170881829996
31610,64737280,2.0640909671783447,,,0.00016683489006636714,2052.003953858999
31620,64757760,2.141763687133789,,,0.00016676565295756373,2052.6285532449983
31630,64778240,2.0078284740448,,,0.00016669641538425255,2053.325303540001
31640,64798720,2.2315804958343506,,,0.0001666271773646488,2053.9080058559994
31650,64819200,2.180759906768799,,,0.0001665579389169675,2054.6163510799997
31660,64839680,2.2089569568634033,,,0.00016648870005942382,2055.177597924001
31670,64860160,1.9050737619400024,,,0.0001664194608102332,2055.8621681389996
31680,64880640,1.9007691144943237,,,0.00016635022118761115,2056.477824799
31690,64901120,1.9651412963867188,,,0.00016628098120977306,2057.06027043
31700,64921600,2.147462844848633,2.0743862271308897,7.9596595363871305,0.00016621174089493472,2058.1536660640013
31710,64942080,2.122925281524658,,,0.00016614250026131174,2058.7229714979985
31720,64962560,2.2252955436706543,,,0.00016607325932712003,2059.3618012840016
31730,64983040,2.055912494659424,,,0.0001660040181105754,2059.9950242779996
31740,65003520,2.1038849353790283,,,0.00016593477662989387,2060.699031852
31750,65024000,1.8518859148025513,,,0.00016586553490329149,2061.298921267
31760,65044480,2.0686585903167725,,,0.00016579629294898428,2061.930016623999
31770,65064960,2.265627145767212,,,0.00016572705078518853,2062.5258500169984
31780,65085440,2.1081669330596924,,,0.00016565780843012034,2063.1068005199995
31790,65105920,2.0048110485076904,,,0.00016558856590199604,2063.6603337490014
31800,65126400,2.2194793224334717,2.072440451383591,7.944186881944031,0.00016551932321903187,2064.598845654
31810,65146880,2.1255578994750977,,,0.00016545008039944433,2065.1834141670006
31820,65167360,2.050381660461426,,,0.00016538083746144965,2065.7751338870003
31830,65187840,2.196584701538086,,,0.00016531159442326432,2066.3511094640016
31840,65208320,2.2126638889312744,,,0.00016524235130310479,2066.9380998240013
31850,65228800,1.9074660539627075,,,0.00016517310811918755,2067.506431086
31860,65249280,2.3152947425842285,,,0.000165103864889729,2068.1657715
31870,65269760,2.055464267730713,,,0.00016503462163294574,2068.867608168999
31880,65290240,2.3197128772735596,,,0.0001649653783670542,2069.3395319830015
31890,65310720,2.073957920074463,,,0.00016489613511027097,2069.9102035709984
31900,65331200,1.9884053468704224,2.0737516224384307,7.954609901525419,0.0001648268918808124,2070.794884073999
31910,65351680,2.0828497409820557,,,0.00016475764869689519,2071.3374219139987
31920,65372160,1.986727237701416,,,0.00016468840557673563,2071.909370546
31930,65392640,2.077974796295166,,,0.00016461916253855032,2072.494086996001
31940,65413120,2.1487650871276855,,,0.00016454991960055564,2073.1118207530017
31950,65433600,2.2426276206970215,,,0.00016448067678096807,2073.7137485899984
31960,65454080,2.321357011795044,,,0.00016441143409800393,2074.308578447999
31970,65474560,2.124964714050293,,,0.00016434219156987964,2074.973356677001
31980,65495040,2.308811664581299,,,0.00016427294921481146,2075.6159647640015
31990,65515520,1.8846428394317627,,,0.00016420370705101564,2076.177329655002
32000,65536000,2.529371976852417,2.0715190947055815,7.936870823176348,0.00016413446509670846,2077.1693381520017
32010,65556480,2.2085747718811035,,,0.00016406522337010607,2077.9709653989994
32020,65576960,2.37800931930542,,,0.00016399598188942456,2078.5784446139987
32030,65597440,2.253570556640625,,,0.00016392674067287994,2079.353217312
32040,65617920,2.2140555381774902,,,0.0001638574997386882,2079.8487345190006
32050,65638400,2.016568899154663,,,0.00016378825910506525,2080.4414144799994
32060,65658880,2.1428468227386475,,,0.0001637190187902269,2081.0179459360006
32070,65679360,1.9814965724945068,,,0.0001636497788123888,2081.5395836280004
32080,65699840,2.088745594024658,,,0.00016358053918976673,2082.130025030001
32090,65720320,2.110447645187378,,,0.00016351129994057615,2082.6268866739993
32100,65740800,2.1094884872436523,2.074177473783493,7.957998104235568,0.0001634420610830325,2083.4743060090004
32110,65761280,2.1488890647888184,,,0.00016337282263535118,2084.028535095
32120,65781760,2.002634286880493,,,0.0001633035846157474,2084.5828830969986
32130,65802240,2.0284361839294434,,,0.00016323434704243627,2085.180032733999
32140,65822720,1.9261956214904785,,,0.0001631651099336328,2085.875125797
32150,65843200,1.9305386543273926,,,0.00016309587330755193,2086.4697762469987
32160,65863680,1.918945550918579,,,0.00016302663718240838,2087.0887253719993
32170,65884160,2.3043370246887207,,,0.00016295740157641674,2087.6316788389995
32180,65904640,1.8100385665893555,,,0.0001628881665077916,2088.1749062950003
32190,65925120,2.1384801864624023,,,0.00016281893199474723,2088.7467793210017
32200,65945600,1.9920828342437744,2.0706090927124023,7.9296515401868,0.00016274969805549783,2089.7164776479985
32210,65966080,1.822943925857544,,,0.0001626804647082575,2090.5268555609982
32220,65986560,2.241264820098877,,,0.00016261123197124013,2091.0773130769994
32230,66007040,2.292465925216675,,,0.00016254199986265945,2091.8622418330015
32240,66027520,2.1316497325897217,,,0.00016247276840072896,2092.4538327269984
32250,66048000,2.1153194904327393,,,0.0001624035376036622,2093.0719853590017
32260,66068480,2.197786331176758,,,0.0001623343074896723,2093.704323373
32270,66088960,2.070244550704956,,,0.0001622650780769723,2094.2471726859985
32280,66109440,2.0823464393615723,,,0.0001621958493837751,2094.8427645209995
32290,66129920,2.0935192108154297,,,0.00016212662142829344,2095.4152322599984
32300,66150400,2.221508502960205,2.0711196601390838,7.933701195691277,0.00016205739422873964,2096.3249772359995
32310,66170880,2.096961736679077,,,0.00016198816780332607,2097.0707203050006
32320,66191360,1.972595453262329,,,0.00016191894217026478,2097.8407320250008
32330,66211840,2.2313365936279297,,,0.0001618497173477677,2098.5321712930017
32340,66232320,2.1399147510528564,,,0.0001617804933540464,2099.1632891049994
32350,66252800,1.7902228832244873,,,0.0001617112702073124,2099.7283349989993
32360,66273280,1.9731630086898804,,,0.00016164204792577685,2100.2572283599984
32370,66293760,1.7710332870483398,,,0.00016157282652765073,2100.8261114660017
32380,66314240,2.470879077911377,,,0.00016150360603114483,2101.322236349999
32390,66334720,2.1723532676696777,,,0.0001614343864544697,2101.8400337489984
32400,66355200,2.0798263549804688,2.0710514068603514,7.9331597130513805,0.0001613651678158355,2102.928091875001
32410,66375680,1.9490182399749756,,,0.00016129595013345232,2103.4905411580003
32420,66396160,2.077176094055176,,,0.00016122673342553002,2104.0144034760015
32430,66416640,2.1735706329345703,,,0.000161157517710278,2104.5010592219987
32440,66437120,1.9146363735198975,,,0.00016108830300590556,2105.3422936809984
32450,66457600,1.9344942569732666,,,0.0001610190893306217,2105.9390224119998
32460,66478080,2.166560649871826,,,0.00016094987670263515,2106.435242165
32470,66498560,1.7944544553756714,,,0.00016088066514015432,2106.972683836
32480,66519040,2.2706003189086914,,,0.0001608114546613874,2107.5614927720017
32490,66539520,2.1162261962890625,,,0.00016074224528454226,2108.1070464840013
32500,66560000,2.0510494709014893,2.0711855709552767,7.934224129645828,0.00016067303702782654,2108.9932397039993
32510,66580480,1.9093563556671143,,,0.00016060382990944745,2109.9019479599992
32520,66600960,2.2657814025878906,,,0.00016053462394761207,2110.452053721001
32530,66621440,2.395221710205078,,,0.00016046541916052705,2111.0294843890006
32540,66641920,1.8131866455078125,,,0.00016039621556639873,2111.670530759002
32550,66662400,1.9778270721435547,,,0.00016032701318343325,2112.244280179999
32560,66682880,2.209625244140625,,,0.00016025781202983638,2112.7551721620002
32570,66703360,2.0838022232055664,,,0.0001601886121238135,2113.4292245260003
32580,66723840,2.0114452838897705,,,0.0001601194134835697,2113.9500093669994
32590,66744320,2.0171170234680176,,,0.00016005021612730975,2114.465494603999
32600,66764800,2.5512146949768066,2.065199488401413,7.88687108003777,0.00015998102007323811,2115.366406237001
32610,66785280,2.026496410369873,,,0.0001599118253395588,2115.911787792
32620,66805760,1.9021135568618774,,,0.0001598426319444757,2116.4250555
32630,66826240,2.031280994415283,,,0.000159773439906192,2117.0811256310008
32640,66846720,2.2589404582977295,,,0.00015970424924291086,2117.7104162510004
32650,66867200,1.7508912086486816,,,0.00015963505997283498,2118.2635598039997
32660,66887680,1.769827961921692,,,0.00015956587211416655,2118.8418706019984
32670,66908160,2.0690155029296875,,,0.0001594966856851076,2119.47092163
32680,66928640,2.2428221702575684,,,0.00015942750070385955,2120.0695400289987
32690,66949120,2.090120315551758,,,0.00015935831718862372,2120.633684381999
32700,66969600,2.227006196975708,2.0714005291461945,7.93592983943265,0.0001592891351576008,2121.4698258930002
32710,66990080,1.9060518741607666,,,0.00015921995462899125,2122.0797919459983
32720,67010560,2.188176155090332,,,0.00015915077562099505,2122.649305957999
32730,67031040,2.0595622062683105,,,0.0001590815981518118,2123.2535849339984
32740,67051520,2.027909278869629,,,0.00015901242223964067,2123.837915739001
32750,67072000,2.4008595943450928,,,0.00015894324790268047,2124.4040979380006
32760,67092480,2.3916053771972656,,,0.00015887407515912955,2125.0120326920005
32770,67112960,2.0863656997680664,,,0.00015880490402718595,2125.6706611730006
32780,67133440,2.300976514816284,,,0.00015873573452504709,2126.2443431300017
32790,67153920,1.9537320137023926,,,0.00015866656667091014,2126.9158887779995
32800,67174400,2.038769245147705,2.0660691976547243,7.893733348452375,0.0001585974004829717,2127.7686358110004
32810,67194880,2.1609179973602295,,,0.0001585282359794281,2128.3094743330003
32820,67215360,2.0176849365234375,,,0.000158459073178475,2128.820700774999
32830,67235840,2.4747400283813477,,,0.00015838991209830787,2129.4780468669996
32840,67256320,2.267974615097046,,,0.0001583207527571215,2130.1475943840014
32850,67276800,2.10971736907959,,,0.0001582515951731103,2130.7537878609983
32860,67297280,2.211784839630127,,,0.00015818243936446835,2131.4093976469994
32870,67317760,2.2241897583007812,,,0.00015811328534938906,2131.8658691739984
32880,67338240,2.21567702293396,,,0.00015804413314606547,2132.4368579209986
32890,67358720,2.4042463302612305,,,0.00015797498277269015,2132.997557409999
32900,67379200,1.8988659381866455,2.0674793303012846,7.904872411482674,0.0001579058342474552,2133.75602678
32910,67399680,2.1029934883117676,,,0.0001578366875885521,2134.328705144999
32920,67420160,2.1232852935791016,,,0.000157767542814172,2134.8791809139984
32930,67440640,2.2009353637695312,,,0.0001576983999425055,2135.4128060859985
32940,67461120,2.018558979034424,,,0.00015762925899174274,2136.025148675999
32950,67481600,1.8437817096710205,,,0.0001575601199800732,2136.8048836810012
32960,67502080,2.145608901977539,,,0.00015749098292568603,2137.5314539749997
32970,67522560,2.165942907333374,,,0.0001574218478467698,2138.033440833002
32980,67543040,2.0789332389831543,,,0.00015735271476151254,2138.7779060059984
32990,67563520,1.9325624704360962,,,0.00015728358368810174,2139.517827722
33000,67584000,2.040706157684326,2.064217883348465,7.879133085982016,0.00015721445464472443,2140.598440537
33010,67604480,2.060408353805542,,,0.00015714532764956707,2141.4808913039997
33020,67624960,1.915093183517456,,,0.00015707620272081553,2142.003887807001
33030,67645440,1.9917871952056885,,,0.00015700707987665523,2142.625236947999
33040,67665920,2.347752571105957,,,0.00015693795913527102,2143.2195981139994
33050,67686400,2.217407703399658,,,0.0001568688405148471,2143.8536270490004
33060,67706880,1.9073998928070068,,,0.0001567997240335672,2144.515462840998
33070,67727360,2.1257991790771484,,,0.00015673060970961455,2145.1237913490004
33080,67747840,2.218034505844116,,,0.00015666149756117165,2145.704767605999
33090,67768320,2.063812732696533,,,0.00015659238760642056,2146.3801421360004
33100,67788800,2.02899432182312,2.0641166806221007,7.878335736579976,0.00015652327986354268,2147.4531446250003
33110,67809280,2.0017762184143066,,,0.00015645417435071888,2147.9489388580005
33120,67829760,1.995219349861145,,,0.0001563850710861294,2148.450284570001
33130,67850240,1.9684680700302124,,,0.00015631597008795397,2149.057901010001
33140,67870720,2.14573073387146,,,0.00015624687137437163,2149.6496605850007
33150,67891200,2.278470039367676,,,0.0001561777749635609,2150.2089719270007
33160,67911680,2.397876262664795,,,0.00015610868087369953,2150.9148505970006
33170,67932160,2.1473512649536133,,,0.00015603958912296497,2151.531624665
33180,67952640,2.2709500789642334,,,0.0001559704997295337,2152.1629173740002
33190,67973120,2.0410985946655273,,,0.00015590141271158183,2152.959827982999
33200,67993600,2.2059481143951416,2.0635916233062743,7.87420024454513,0.00015583232808728475,2153.99713607
33210,68014080,2.1472744941711426,,,0.00015576324587481723,2154.581735549
33220,68034560,2.2076284885406494,,,0.00015569416609235336,2155.083433377
33230,68055040,2.0510547161102295,,,0.0001556250887580667,2155.5969707449985
33240,68075520,2.109694242477417,,,0.0001555560138901301,2156.317239101001
33250,68096000,2.165754795074463,,,0.00015548694150671575,2156.8681913319997
33260,68116480,2.1888444423675537,,,0.00015541787162599513,2157.4228165269997
33270,68136960,2.180687665939331,,,0.00015534880426613926,2158.006018535001
33280,68157440,2.1489012241363525,,,0.00015527973944531826,2158.537938661
33290,68177920,2.3847522735595703,,,0.00015521067718170175,2159.076158371001
33300,68198400,2.315612316131592,2.063287502527237,7.87180590073577,0.00015514161749345865,2160.188472801001
33310,68218880,2.006737232208252,,,0.00015507256039875707,2160.907644065999
33320,68239360,2.04036021232605,,,0.00015500350591576468,2161.4606621070016
33330,68259840,2.1383917331695557,,,0.00015493445406264812,2162.1334850310013
33340,68280320,2.0329880714416504,,,0.00015486540485757375,2162.7166612719993
33350,68300800,2.1918113231658936,,,0.00015479635831870689,2163.293527542999
33360,68321280,2.2315573692321777,,,0.00015472731446421236,2163.936375434001
33370,68341760,2.0127854347229004,,,0.00015465827331225413,2164.515189578
33380,68362240,2.056760787963867,,,0.00015458923488099565,2165.1334247230006
33390,68382720,1.992974042892456,,,0.00015452019918859938,2165.718861198002
33400,68403200,2.242650032043457,2.059805393218994,7.844443079950653,0.0001544511662532274,2166.6313774189985
33410,68423680,2.1569111347198486,,,0.00015438213609304073,2167.2323847929983
33420,68444160,1.9806140661239624,,,0.00015431310872619992,2168.0620118609986
33430,68464640,2.1458239555358887,,,0.00015424408417086458,2168.6916127039985
33440,68485120,2.114716053009033,,,0.00015417506244519378,2169.4554698440006
33450,68505600,2.2699522972106934,,,0.00015410604356734566,2170.0159171759988
33460,68526080,2.16084623336792,,,0.00015403702755547772,2170.6519919400016
33470,68546560,2.019881010055542,,,0.0001539680144277467,2171.2672396810012
33480,68567040,1.9155163764953613,,,0.0001538990042023086,2171.8838549989996
33490,68587520,2.137369155883789,,,0.0001538299968973185,2172.408433347002
33500,68608000,1.9607311487197876,2.0608476877212523,7.852623562341482,0.0001537609925309309,2173.175112869001
33510,68628480,2.4211084842681885,,,0.0001536919911212995,2174.399171090001
33520,68648960,2.021397829055786,,,0.0001536229926865771,2174.9148307950018
33530,68669440,2.2872166633605957,,,0.00015355399724491584,2175.469883795002
33540,68689920,2.3613991737365723,,,0.00015348500481446702,2176.1021909699994
33550,68710400,2.1443839073181152,,,0.00015341601541338118,2176.8765741239986
33560,68730880,2.1044158935546875,,,0.00015334702905980797,2177.445520948
33570,68751360,2.1964449882507324,,,0.0001532780457718964,2178.523396733999
33580,68771840,2.0879626274108887,,,0.0001532090655677945,2179.0413536279993
33590,68792320,2.175184488296509,,,0.00015314008846564967,2179.62464432
33600,68812800,2.0357518196105957,2.0572962284088137,7.824784752724346,0.00015307111448360823,2180.6340951640013
33610,68833280,2.1717724800109863,,,0.00015300214363981606,2181.261386353999
33620,68853760,2.341485023498535,,,0.0001529331759524178,2181.769258529999
33630,68874240,2.2106776237487793,,,0.00015286421143955755,2182.435041973
33640,68894720,2.217318534851074,,,0.00015279525011937847,2183.069299728999
33650,68915200,1.970823049545288,,,0.00015272629201002293,2183.7213208799985
33660,68935680,2.314598560333252,,,0.00015265733712963237,2184.3012686799993
33670,68956160,1.914113163948059,,,0.0001525883854963474,2184.9354389260006
33680,68976640,2.018510580062866,,,0.00015251943712830786,2185.604331879
33690,68997120,1.7300587892532349,,,0.0001524504920436527,2186.2279304719996
33700,69017600,2.0564894676208496,2.0596257865428926,7.843034292120833,0.00015238155026051986,2187.023929686002
33710,69038080,1.9986505508422852,,,0.00015231261179704669,2187.622613243999
33720,69058560,1.9024080038070679,,,0.0001522436766713694,2188.2946769650007
33730,69079040,2.133484363555908,,,0.0001521747449016234,2188.8693189330006
33740,69099520,2.5120010375976562,,,0.0001521058165059434,2189.4893833150018
33750,69120000,2.060483932495117,,,0.00015203689150246295,2190.210681597
33760,69140480,2.0400917530059814,,,0.00015196796990931487,2190.775124890999
33770,69160960,2.1192708015441895,,,0.00015189905174463098,2191.3613833000018
33780,69181440,1.9361945390701294,,,0.00015183013702654236,2192.065847558999
33790,69201920,2.1102800369262695,,,0.000151761225773179,2192.616055087001
33800,69222400,2.20304536819458,2.059378480911255,7.8410949053917784,0.0001516923180026701,2193.4741569889993
33810,69242880,2.0281982421875,,,0.0001516234137331439,2194.087147503
33820,69263360,1.9658772945404053,,,0.00015155451298272775,2194.6932970380003
33830,69283840,2.000293493270874,,,0.00015148561576954799,2195.243947977
33840,69304320,2.040771007537842,,,0.0001514167221117301,2195.9071944690004
33850,69324800,1.8438167572021484,,,0.0001513478320273986,2196.5467261070007
33860,69345280,1.901505470275879,,,0.00015127894553467716,2197.1634256120014
33870,69365760,2.3404288291931152,,,0.00015121006265168832,2197.7076973900002
33880,69386240,2.1435654163360596,,,0.0001511411833965539,2198.2509781750014
33890,69406720,1.9420173168182373,,,0.0001510723077873945,2198.8504224030003
33900,69427200,2.35526967048645,2.0547893404960633,7.80519346125386,0.00015100343584233,2199.7385206690014
33910,69447680,2.088639259338379,,,0.0001509345675794792,2200.3052047439996
33920,69468160,2.118288040161133,,,0.00015086570301696,2200.881710521
33930,69488640,2.103588581085205,,,0.00015079684217288918,2201.4655757580003
33940,69509120,2.322514057159424,,,0.00015072798506538264,2202.006906445
33950,69529600,2.1863770484924316,,,0.0001506591317125554,2202.63754367
33960,69550080,2.2768309116363525,,,0.00015059028213252132,2203.1569427370014
33970,69570560,2.2986209392547607,,,0.0001505214363433933,2203.641286004
33980,69591040,1.9833757877349854,,,0.00015045259436328334,2204.3064313139985
33990,69611520,2.032233238220215,,,0.0001503837562103024,2204.847675729001
34000,69632000,1.9966466426849365,2.0558424055576325,7.813417167075363,0.00015031492190256028,2205.8425088440017
34010,69652480,2.0197603702545166,,,0.00015024609145816608,2206.6659747179983
34020,69672960,1.816053867340088,,,0.00015017726489522756,2207.188622423
34030,69693440,2.01103138923645,,,0.00015010844223185168,2207.7363830130016
34040,69713920,2.084226608276367,,,0.0001500396234861442,2208.2716292609985
34050,69734400,2.208242893218994,,,0.00014997080867621006,2208.779917920001
34060,69754880,1.8452825546264648,,,0.00014990199782015297,2209.325385043001
34070,69775360,2.1422348022460938,,,0.0001498331909360757,2209.8834819699987
34080,69795840,2.14591646194458,,,0.00014976438804207995,2210.538331006999
34090,69816320,2.1044626235961914,,,0.00014969558915626643,2211.186113234002
34100,69836800,2.230802536010742,2.0544275045394897,7.802369772498434,0.00014962679429673462,2212.0663510759987
34110,69857280,1.921703577041626,,,0.00014955800348158315,2212.5451455309994
34120,69877760,2.1951632499694824,,,0.00014948921672890947,2213.109875746999
34130,69898240,2.19549560546875,,,0.00014942043405681002,2213.6049328650006
34140,69918720,2.002469062805176,,,0.00014935165548338004,2214.193355689
34150,69939200,1.8971394300460815,,,0.0001492828810267139,2214.8079268859983
34160,69959680,2.0062148571014404,,,0.00014921411070490471,2215.3285271919995
34170,69980160,1.9493333101272583,,,0.00014914534453604455,2215.857094821
34180,70000640,1.9236762523651123,,,0.00014907658253822447,2216.4934632389995
34190,70021120,1.9357231855392456,,,0.00014900782472953428,2216.9899972079984
34200,70041600,1.9737646579742432,2.0558391153812408,7.813391459596952,0.00014893907112806284,2218.0686039089996
34210,70062080,2.0865371227264404,,,0.00014887032175189778,2218.5598228960007
34220,70082560,2.502048969268799,,,0.00014880157661912574,2219.1216340339997
34230,70103040,2.3486740589141846,,,0.00014873283574783213,2219.7657859440005
34240,70123520,2.2527213096618652,,,0.00014866409915610128,2220.2621063299994
34250,70144000,2.0472283363342285,,,0.00014859536686201644,2221.0035586269987
34260,70164480,2.4437880516052246,,,0.0001485266388836597,2221.5551813909988
34270,70184960,2.052680015563965,,,0.00014845791523911193,2222.3254375260003
34280,70205440,2.219301462173462,,,0.00014838919594645298,2223.039748045001
34290,70225920,1.9715757369995117,,,0.0001483204810237615,2223.8520601749988
34300,70246400,2.4018540382385254,2.0511408925056456,7.7767685038754255,0.00014825177048911507,2224.852058291999
34310,70266880,2.194793701171875,,,0.0001481830643605899,2225.4123216279986
34320,70287360,2.0893945693969727,,,0.00014811436265626133,2226.03791621
34330,70307840,2.1533594131469727,,,0.0001480456653942033,2226.5864042899993
34340,70328320,1.9922436475753784,,,0.00014797697259248877,2227.1579184830007
34350,70348800,1.9974541664123535,,,0.00014790828426918928,2227.7019872070014
34360,70369280,2.1758055686950684,,,0.0001478396004423755,2228.28058735
34370,70389760,1.9522614479064941,,,0.00014777092113011666,2229.0114645639987
34380,70410240,2.1650378704071045,,,0.00014770224635048088,2229.608671850001
34390,70430720,2.104300022125244,,,0.00014763357612153526,2230.1147419789995
34400,70451200,1.947401762008667,2.050247073173523,7.7698205834006036,0.0001475649104613454,2231.2629371699986
34410,70471680,2.0904064178466797,,,0.0001474962493879759,2231.8987574210005
34420,70492160,2.088682174682617,,,0.0001474275929194901,2232.7067138919992
34430,70512640,1.7866904735565186,,,0.00014735894107395018,2233.2710564920017
34440,70533120,2.2328367233276367,,,0.00014729029386941698,2233.8106156389986
34450,70553600,1.9831745624542236,,,0.00014722165132395024,2234.409679902001
34460,70574080,1.9731388092041016,,,0.0001471530134556084,2234.9505376849993
34470,70594560,2.015692949295044,,,0.00014708438028244875,2235.6546975380006
34480,70615040,2.0039591789245605,,,0.0001470157518225272,2236.1791144339986
34490,70635520,2.1365528106689453,,,0.00014694712809389866,2236.7749111019984
34500,70656000,2.2019708156585693,2.049273955821991,7.76226331382405,0.0001468785091146165,2237.7009348710017
34510,70676480,2.219618797302246,,,0.0001468098949027331,2238.6293740869987
34520,70696960,2.2572648525238037,,,0.00014674128547629935,2239.264029460999
34530,70717440,1.9980087280273438,,,0.00014667268085336515,2239.8378911149994
34540,70737920,2.130373001098633,,,0.0001466040810519789,2240.428465625999
34550,70758400,2.1244876384735107,,,0.00014653548609018784,2240.9908229549983
34560,70778880,2.1853792667388916,,,0.00014646689598603793,2241.576689284
34570,70799360,2.111046552658081,,,0.0001463983107575739,2242.1740154010004
34580,70819840,2.1086814403533936,,,0.00014632973042283897,2242.8018539779987
34590,70840320,2.2740705013275146,,,0.00014626115499987542,2243.4081789090014
34600,70860800,1.9639023542404175,2.0478623688220976,7.75131393365998,0.000146192584506724,2244.3156658929984
34610,70881280,2.108376979827881,,,0.00014612401896142423,2244.913911328
34620,70901760,2.0935261249542236,,,0.00014605545838201428,2245.4406505020015
34630,70922240,1.9098355770111084,,,0.0001459869027865311,2246.1085471939987
34640,70942720,2.1939697265625,,,0.00014591835219301028,2246.7514439389997
34650,70963200,1.9528661966323853,,,0.00014584980661948605,2247.3937111589985
34660,70983680,2.0689148902893066,,,0.00014578126608399148,2247.9715977410015
34670,71004160,2.149115800857544,,,0.00014571273060455807,2248.574620053001
34680,71024640,2.039726495742798,,,0.00014564420019921623,2249.2769771919993
34690,71045120,1.9748395681381226,,,0.0001455756748859948,2249.8197988879983
34700,71065600,1.9373292922973633,2.0448929250240324,7.728330982751199,0.00014550715468292157,2250.7434776750015
34710,71086080,2.260784387588501,,,0.0001454386396080227,2251.4907797080014
34720,71106560,2.118173122406006,,,0.00014537012967932316,2251.9740548759983
34730,71127040,2.0380325317382812,,,0.00014530162491484654,2252.569352606999
34740,71147520,2.3451857566833496,,,0.0001452331253326151,2253.3007284199994
34750,71168000,2.284311532974243,,,0.00014516463095064956,2253.977096685001
34760,71188480,2.027735710144043,,,0.00014509614178696958,2254.5330496399984
34770,71208960,2.1733670234680176,,,0.00014502765785959318,2255.1798369530006
34780,71229440,2.0178720951080322,,,0.00014495917918653714,2255.709774232
34790,71249920,2.1005213260650635,,,0.00014489070578581673,2256.264820007
34800,71270400,2.365520715713501,2.0451894462108613,7.730622936416029,0.00014482223767544607,2257.2498429529987
34810,71290880,2.0853381156921387,,,0.00014475377487343762,2257.9129219860006
34820,71311360,2.2274370193481445,,,0.0001446853173978026,2258.6557795180015
34830,71331840,1.7906742095947266,,,0.00014461686526655082,2259.414919609
34840,71352320,2.4341862201690674,,,0.0001445484184976906,2260.030336955999
34850,71372800,1.928077220916748,,,0.00014447997710922893,2260.7398289250013
34860,71393280,2.127096652984619,,,0.00014441154111917136,2261.322251253001
34870,71413760,1.9088150262832642,,,0.00014434311054552202,2262.0286661770006
34880,71434240,2.0476064682006836,,,0.00014427468540628363,2262.595951325002
34890,71454720,1.9443297386169434,,,0.00014420626571945742,2263.164676458
34900,71475200,1.7312102317810059,2.0447878539562225,7.727519001421073,0.00014413785150304325,2264.1415709139983
34910,71495680,1.9990501403808594,,,0.00014406944277503957,2264.726828801002
34920,71516160,2.072887420654297,,,0.00014400103955344322,2265.2266661389986
34930,71536640,2.15543270111084,,,0.00014393264185624986,2265.8012860540002
34940,71557120,2.123844861984253,,,0.00014386424970145342,2266.336323255
34950,71577600,2.0579380989074707,,,0.00014379586310704656,2266.9067056810018
34960,71598080,2.09226393699646,,,0.00014372748209102036,2267.401672524
34970,71618560,2.2264351844787598,,,0.00014365910667136456,2267.9842640720017
34980,71639040,2.066107988357544,,,0.0001435907368660673,2268.5489231419997
34990,71659520,2.165034055709839,,,0.0001435223726931153,2269.1587881259984
35000,71680000,2.1665427684783936,2.044866496324539,7.728126735713075,0.0001434540141704938,2269.9963334470012
35010,71700480,2.1095516681671143,,,0.00014338566131618657,2270.7855870370004
35020,71720960,2.373884439468384,,,0.00014331731414817585,2271.3747036640016
35030,71741440,1.9139084815979004,,,0.00014324897268444236,2272.0044008740006
35040,71761920,1.9479255676269531,,,0.00014318063694296543,2272.6237978690006
35050,71782400,2.079141616821289,,,0.0001431123069417228,2273.3155282549997
35060,71802880,2.056565523147583,,,0.0001430439826986907,2274.0981297299986
35070,71823360,2.0656681060791016,,,0.00014297566423184384,2274.8916960370007
35080,71843840,2.1768298149108887,,,0.0001429073515591555,2275.441947083
35090,71864320,2.261503219604492,,,0.00014283904469859725,2275.9494019939993
35100,71884800,2.0142860412597656,2.041995865106583,7.705973945307613,0.00014277074366813937,2277.0200551359994
35110,71905280,1.8961060047149658,,,0.0001427024484857504,2277.7056792030016
35120,71925760,2.3015637397766113,,,0.00014263415916939754,2278.2717418600005
35130,71946240,2.0470268726348877,,,0.00014256587573704613,2278.852242306999
35140,71966720,2.1556966304779053,,,0.00014249759820666034,2279.3931192829987
35150,71987200,2.0836331844329834,,,0.00014242932659620254,2279.921173963001
35160,72007680,2.1937754154205322,,,0.00014236106092363363,2280.575420844001
35170,72028160,2.11850905418396,,,0.0001422928012069129,2281.1174385140002
35180,72048640,2.161789894104004,,,0.00014222454746399817,2281.601125399
35190,72069120,2.214108943939209,,,0.00014215629971284552,2282.112829485999
35200,72089600,2.3922600746154785,2.0431868612766264,7.715157198286978,0.0001420880579714097,2283.2905606860004
35210,72110080,2.1861395835876465,,,0.0001420198222576436,2283.845619186999
35220,72130560,1.997228741645813,,,0.00014195159258949876,2284.4215382779985
35230,72151040,1.8155146837234497,,,0.00014188336898492493,2285.197818815999
35240,72171520,1.9370708465576172,,,0.00014181515146187044,2285.8806879030017
35250,72192000,2.412480115890503,,,0.00014174694003828194,2286.4483147850005
35260,72212480,1.957255244255066,,,0.00014167873473210443,2286.9862761039985
35270,72232960,2.425042152404785,,,0.0001416105355612814,2287.561365138001
35280,72253440,1.9968972206115723,,,0.00014154234254375468,2288.130555750002
35290,72273920,1.9341291189193726,,,0.00014147415569746446,2288.6716047980008
35300,72294400,2.1875228881835938,2.043651115894318,7.71873982720416,0.00014140597504034926,2289.4882028110005
35310,72314880,1.9429287910461426,,,0.00014133780059034617,2290.167785720001
35320,72335360,1.9746499061584473,,,0.0001412696323653904,2290.8081985399986
35330,72355840,2.1235475540161133,,,0.00014120147038341568,2291.4488778250015
35340,72376320,2.393705368041992,,,0.00014113331466235405,2292.0360548060016
35350,72396800,1.9634337425231934,,,0.00014106516522013592,2292.6043657519986
35360,72417280,2.0864486694335938,,,0.00014099702207468994,2293.1805238250017
35370,72437760,1.9177055358886719,,,0.00014092888524394335,2293.7273663939995
35380,72458240,2.4667165279388428,,,0.00014086075474582145,2294.4616597409986
35390,72478720,1.8756437301635742,,,0.00014079263059824812,2295.1060542060004
35400,72499200,2.329076051712036,2.0419201612472535,7.705390595421259,0.00014072451281914528,2295.9590671039987
35410,72519680,2.1776909828186035,,,0.0001406564014264335,2296.5556221260013
35420,72540160,1.972008228302002,,,0.00014058829643803143,2297.2502412840004
35430,72560640,2.3150570392608643,,,0.00014052019787185615,2297.8298876240005
35440,72581120,1.9170236587524414,,,0.00014045210574582302,2298.371323318999
35450,72601600,2.307251453399658,,,0.0001403840200778457,2299.1782323260013
35460,72622080,2.4426848888397217,,,0.00014031594088583616,2299.7430282489986
35470,72642560,2.3612136840820312,,,0.0001402478681877046,2300.3295906950007
35480,72663040,2.2454090118408203,,,0.00014017980200135968,2300.9046749929985
35490,72683520,2.15360164642334,,,0.00014011174234470817,2301.5173998790015
35500,72704000,1.9707551002502441,2.0434337854385376,7.717062492234053,0.0001400436892356552,2302.3338359379995
35510,72724480,1.9276323318481445,,,0.0001399756426921042,2303.095197609
35520,72744960,2.1676483154296875,,,0.00013990760273195683,2303.611283172999
35530,72765440,2.0516700744628906,,,0.000139839569373113,2304.1335184980016
35540,72785920,1.890167236328125,,,0.000139771542633471,2304.6445449569983
35550,72806400,2.0969557762145996,,,0.00013970352253092716,2305.165103771
35560,72826880,1.823329210281372,,,0.00013963550908337633,2305.6965348010017
35570,72847360,2.2382123470306396,,,0.00013956750230871134,2306.2300073199985
35580,72867840,2.109832525253296,,,0.00013949950222482354,2306.7818036520002
35590,72888320,2.459117889404297,,,0.0001394315088496023,2307.4633807360005
35600,72908800,2.2432045936584473,2.042510688304901,7.709942180842503,0.0001393635222009353,2308.2428574389996
35610,72929280,2.2078466415405273,,,0.00013929554229670852,2308.7597639289997
35620,72949760,2.1623692512512207,,,0.00013922756915480606,2309.315419382001
35630,72970240,1.8800708055496216,,,0.00013915960279311027,2309.821069394002
35640,72990720,1.9413959980010986,,,0.0001390916432295017,2310.6371853769997
35650,73011200,2.1853139400482178,,,0.00013902369048185922,2311.2231663759994
35660,73031680,2.072230339050293,,,0.0001389557445680598,2311.7201520989984
35670,73052160,2.284959554672241,,,0.0001388878055059786,2312.4617290450005
35680,73072640,2.0702176094055176,,,0.00013881987331348903,2313.0524725879986
35690,73093120,2.0698118209838867,,,0.00013875194800846275,2313.756000497
35700,73113600,2.059251070022583,2.0403558254241942,7.693346200077929,0.00013868402960876943,2314.665681229999
35710,73134080,1.9270416498184204,,,0.00013861611813227712,2315.3020232820018
35720,73154560,2.2141671180725098,,,0.0001385482135968519,2315.8865728540004
35730,73175040,2.184741973876953,,,0.00013848031602035815,2316.535621387
35740,73195520,1.8262066841125488,,,0.00013841242542065823,2317.164949131002
35750,73216000,2.042961359024048,,,0.00013834454181561293,2317.764992283999
35760,73236480,2.164936065673828,,,0.00013827666522308097,2318.3544494089983
35770,73256960,2.12444806098938,,,0.00013820879566091933,2319.017958403001
35780,73277440,2.2215981483459473,,,0.00013814093314698313,2319.5846660979987
35790,73297920,1.9401493072509766,,,0.00013807307769912568,2320.177949492001
35800,73318400,2.0847973823547363,2.0419552624225616,7.7056610684343,0.00013800522933519826,2320.975561228999
35810,73338880,2.210970401763916,,,0.00013793738807305048,2321.501637384001
35820,73359360,2.157275438308716,,,0.00013786955393053002,2322.191232732999
35830,73379840,2.070772647857666,,,0.00013780172692548268,2323.228227809999
35840,73400320,2.0062172412872314,,,0.00013773390707575226,2323.8299382359983
35850,73420800,2.0475664138793945,,,0.00013766609439918098,2324.5100129560014
35860,73441280,2.0023272037506104,,,0.00013759828891360884,2325.1185425840013
35870,73461760,2.044628381729126,,,0.0001375304906368742,2325.784854488
35880,73482240,2.39695405960083,,,0.0001374626995868133,2326.505362800999
35890,73502720,2.443410873413086,,,0.0001373949157812607,2327.336467794001
35900,73523200,2.422122001647949,2.041734653711319,7.703961319973271,0.00013732713923804893,2328.341927488
35910,73543680,2.1159701347351074,,,0.00013725936997500856,2328.875273870999
35920,73564160,2.266305446624756,,,0.00013719160800996843,2329.4920353849993
35930,73584640,1.8452378511428833,,,0.00013712385336075528,2330.118015229
35940,73605120,1.9660351276397705,,,0.00013705610604519399,2330.7275073400015
35950,73625600,2.378434181213379,,,0.00013698836608110754,2331.5310452369995
35960,73646080,1.9709552526474,,,0.00013692063348631693,2332.4088873170003
35970,73666560,2.120406150817871,,,0.00013685290827864126,2333.1809748369997
35980,73687040,2.0794830322265625,,,0.0001367851904758976,2333.9341480680014
35990,73707520,2.2932591438293457,,,0.00013671748009590122,2334.4919521230004
36000,73728000,2.081655979156494,2.0380907356739044,7.675939801424443,0.00013664977715646535,2335.458346771
36010,73748480,2.1770918369293213,,,0.00013658208167540117,2336.8263073300004
36020,73768960,2.3850507736206055,,,0.00013651439367051813,2337.474543288001
36030,73789440,1.9105135202407837,,,0.00013644671315962345,2337.998617843001
36040,73809920,2.195716381072998,,,0.00013637904016052264,2338.5572304589987
36050,73830400,2.2793285846710205,,,0.00013631137469101898,2339.1584090860015
36060,73850880,2.0562474727630615,,,0.00013624371676891395,2339.7208707989994
36070,73871360,2.26530122756958,,,0.00013617606641200698,2340.2747983539994
36080,73891840,1.900039792060852,,,0.00013610842363809552,2340.9105219720004
36090,73912320,2.1499032974243164,,,0.00013604078846497498,2341.5038517020002
36100,73932800,1.9260201454162598,2.038543665409088,7.67941725026653,0.0001359731609104389,2342.420006024
36110,73953280,2.1433215141296387,,,0.00013590554099227856,2343.0118327749988
36120,73973760,2.0561161041259766,,,0.00013583792872828358,2343.597567533001
36130,73994240,2.305245876312256,,,0.0001357703241362413,2344.2286610170013
36140,74014720,2.1930160522460938,,,0.00013570272723393713,2344.7524147080003
36150,74035200,2.3180019855499268,,,0.00013563513803915443,2345.4571459120016
36160,74055680,1.993927240371704,,,0.00013556755656967458,2346.1305304820016
36170,74076160,2.21530818939209,,,0.00013549998284327692,2346.6407036220007
36180,74096640,1.9156538248062134,,,0.00013543241687773866,2347.418209706
36190,74117120,2.0285940170288086,,,0.0001353648586908351,2347.9659785430013
36200,74137600,1.976100206375122,2.0375608623027803,7.671873602705665,0.00013529730830033946,2348.8627740070006
36210,74158080,1.977234125137329,,,0.00013522976572402287,2349.874129240001
36220,74178560,2.314807653427124,,,0.00013516223097965433,2350.535392054
36230,74199040,1.8052680492401123,,,0.000135094704085001,2351.116710972001
36240,74219520,2.0831298828125,,,0.00013502718505782778,2351.6446394640006
36250,74240000,2.083771228790283,,,0.00013495967391589754,2352.2519290739983
36260,74260480,1.8753280639648438,,,0.00013489217067697115,2352.859750533
36270,74280960,2.1121106147766113,,,0.00013482467535880734,2353.463731972999
36280,74301440,2.051342248916626,,,0.00013475718797916272,2354.0302515209987
36290,74321920,1.872460126876831,,,0.00013468970855579196,2354.5871537659987
36300,74342400,2.1606550216674805,2.0378073990345,7.673765234518624,0.0001346222371064474,2355.5825652649983
36310,74362880,2.312314987182617,,,0.00013455477364887955,2356.152458216002
36320,74383360,1.978928804397583,,,0.00013448731820083656,2356.7350606090004
36330,74403840,2.2797365188598633,,,0.0001344198707800647,2357.3459463030013
36340,74424320,2.0059242248535156,,,0.00013435243140430796,2357.9876083609997
36350,74444800,2.1100993156433105,,,0.0001342850000913083,2358.601788996999
36360,74465280,1.843048095703125,,,0.00013421757685880558,2359.511407296999
36370,74485760,2.3427391052246094,,,0.00013415016172453744,2360.1239963049993
36380,74506240,2.2326159477233887,,,0.00013408275470623947,2360.7749580849995
36390,74526720,2.236039161682129,,,0.000134015355821645,2361.2739486790015
36400,74547200,1.8434001207351685,2.0355122208595278,7.656172772672592,0.0001339479650884855,2362.5875990759996
36410,74567680,2.0784106254577637,,,0.00013388058252449,2363.3692966060007
36420,74588160,1.8734796047210693,,,0.0001338132081473855,2364.0434213160006
36430,74608640,2.003180980682373,,,0.00013374584197489681,2364.6388927570006
36440,74629120,2.207491159439087,,,0.00013367848402474672,2365.240403972999
36450,74649600,1.9916789531707764,,,0.0001336111343146556,2365.8807861679998
36460,74670080,2.2496795654296875,,,0.0001335437928623419,2366.5807832339997
36470,74690560,1.9532568454742432,,,0.0001334764596855218,2367.156803721002
36480,74711040,2.3003807067871094,,,0.00013340913480190927,2367.8446859260002
36490,74731520,1.8784323930740356,,,0.00013334181822921605,2368.6366916849984
36500,74752000,1.811830759048462,2.0321033596992493,7.630118375812264,0.00013327450998515197,2369.594222009
36510,74772480,2.326935052871704,,,0.0001332072100874243,2370.5213338020003
36520,74792960,2.0591816902160645,,,0.00013313991855373836,2371.0968361980013
36530,74813440,2.5398049354553223,,,0.00013307263540179715,2371.74844322
36540,74833920,1.9931448698043823,,,0.00013300536064930158,2372.241573624
36550,74854400,2.057827949523926,,,0.00013293809431395018,2373.0600330160014
36560,74874880,2.1781365871429443,,,0.00013287083641343945,2373.8793974949986
36570,74895360,2.130727529525757,,,0.00013280358696546362,2374.513779203
36580,74915840,2.1288719177246094,,,0.00013273634598771455,2375.2369471489983
36590,74936320,2.3882384300231934,,,0.00013266911349788202,2375.8888397619994
36600,74956800,2.164635419845581,2.0344439506530763,7.647998278465803,0.00013260188951365358,2376.7489362999986
36610,74977280,2.172938346862793,,,0.0001325346740527145,2377.347689194001
36620,74997760,2.248375415802002,,,0.00013246746713274776,2378.0749987570016
36630,75018240,2.1566295623779297,,,0.00013240026877143425,2378.802038247999
36640,75038720,2.1383590698242188,,,0.00013233307898645238,2379.6695446500016
36650,75059200,2.074246406555176,,,0.0001322658977954785,2380.2452414500003
36660,75079680,1.9413785934448242,,,0.0001321987252161866,2380.9646873759993
36670,75100160,2.1394002437591553,,,0.00013213156126624844,2381.570405628001
36680,75120640,1.9881742000579834,,,0.00013206440596333352,2382.2620241689983
36690,75141120,1.8447872400283813,,,0.00013199725932510898,2382.889483529001
36700,75161600,2.072319984436035,2.034590035676956,7.649115618088252,0.00013193012136923982,2383.823539836001
36710,75182080,1.9915051460266113,,,0.00013186299211338868,2384.5749399470005
36720,75202560,2.050354480743408,,,0.00013179587157521582,2385.4594920380005
36730,75223040,2.0489203929901123,,,0.00013172875977237943,2386.165075443001
36740,75243520,2.1453447341918945,,,0.00013166165672253517,2386.7558515630008
36750,75264000,2.125917911529541,,,0.00013159456244333658,2387.346931459
36760,75284480,1.8476812839508057,,,0.0001315274769524347,2387.9202918109986
36770,75304960,1.9893665313720703,,,0.00013146040026747844,2388.4684979679987
36780,75325440,2.123849868774414,,,0.0001313933324061144,2389.2338440759995
36790,75345920,2.1499829292297363,,,0.00013132627338598661,2390.189174350002
36800,75366400,2.093616008758545,2.034297746419907,7.646880190478808,0.00013125922322473711,2391.1571988780015
36810,75386880,1.9734196662902832,,,0.00013119218194000533,2391.8733492389983
36820,75407360,1.8763463497161865,,,0.00013112514954942856,2392.5763351640016
36830,75427840,1.9686098098754883,,,0.0001310581260706416,2393.3832485109997
36840,75448320,2.0425546169281006,,,0.000130991111521277,2394.0507192389996
36850,75468800,2.0047318935394287,,,0.00013092410591896496,2394.785481054001
36860,75489280,2.165417194366455,,,0.0001308571092813333,2395.4231547739982
36870,75509760,1.9139430522918701,,,0.00013079012162600743,2396.08613005
36880,75530240,2.149905204772949,,,0.00013072314297061052,2396.814711234001
36890,75550720,1.7988817691802979,,,0.00013065617333276323,2397.3636508380005
36900,75571200,2.023960828781128,2.030904507637024,7.620976473651459,0.000130589212730084,2398.3646160729986
36910,75591680,1.8190621137619019,,,0.00013052226118018877,2399.01631268
36920,75612160,2.169992208480835,,,0.0001304553187006912,2399.7291971999985
36930,75632640,2.224247694015503,,,0.00013038838530920235,2400.259814216999
36940,75653120,2.3906538486480713,,,0.00013032146102333125,2400.975387384002
36950,75673600,2.005908966064453,,,0.00013025454586068419,2401.709811970999
36960,75694080,2.08115816116333,,,0.00013018763983886522,2402.366617096999
36970,75714560,2.170456886291504,,,0.000130120742975476,2402.9453028790012
36980,75735040,2.1046504974365234,,,0.00013005385528811576,2403.7459480459984
36990,75755520,2.265904426574707,,,0.00012998697679438126,2404.4088210699992
37000,75776000,1.9503037929534912,2.0310378313064574,7.6219925979347956,0.00012992010751186684,2405.4177180139995
37010,75796480,2.1128995418548584,,,0.0001298532474581646,2406.320183535001
37020,75816960,2.3068671226501465,,,0.0001297863966508639,2407.0135054519997
37030,75837440,2.3057565689086914,,,0.00012971955510755198,2407.699875176
37040,75857920,1.9978128671646118,,,0.0001296527228458134,2408.4599328219992
37050,75878400,2.1708016395568848,,,0.0001295858998832305,2409.0797645929997
37060,75898880,1.9957813024520874,,,0.00012951908623738288,2409.778667584
37070,75919360,1.9745066165924072,,,0.00012945228192584804,2410.3658183160005
37080,75939840,2.066575527191162,,,0.00012938548696620074,2411.090422139001
37090,75960320,2.054879903793335,,,0.00012931870137601346,2411.697042623
37100,75980800,2.306899309158325,2.032649564743042,7.63428712334569,0.000129251925172856,2412.5783822209996
37110,76001280,1.8232179880142212,,,0.00012918515837429602,2413.0874192679985
37120,76021760,2.093264579772949,,,0.00012911840099789839,2413.6632479530017
37130,76042240,2.040436029434204,,,0.00012905165306122568,2414.340864471
37140,76062720,2.146834373474121,,,0.00012898491458183787,2414.9177294049987
37150,76083200,2.0648012161254883,,,0.0001289181855772926,2415.568879360999
37160,76103680,2.0369210243225098,,,0.00012885146606514487,2416.2257601189995
37170,76124160,2.352191686630249,,,0.0001287847560629472,2416.8841980040015
37180,76144640,1.8721802234649658,,,0.0001287180555882497,2417.4715198170015
37190,76165120,2.1191728115081787,,,0.00012865136465859995,2418.060370949999
37200,76185600,2.3050928115844727,2.0308527052402496,7.620581699029587,0.0001285846832915429,2419.083243863999
37210,76206080,2.036085605621338,,,0.0001285180115046211,2419.6669409630013
37220,76226560,1.800114631652832,,,0.00012845134931537463,2420.2238392319996
37230,76247040,1.7394444942474365,,,0.00012838469674134086,2420.7906473170005
37240,76267520,2.2222533226013184,,,0.00012831805380005484,2421.355980239001
37250,76288000,2.010296106338501,,,0.00012825142050904888,2421.957105753001
37260,76308480,2.1437249183654785,,,0.00012818479688585295,2422.7037904229983
37270,76328960,2.242194175720215,,,0.00012811818294799427,2423.1909924540014
37280,76349440,2.584566593170166,,,0.00012805157871299775,2423.9584793569993
37290,76369920,1.919072151184082,,,0.00012798498419838554,2424.756488488001
37300,76390400,2.0628750324249268,2.0270320415496825,7.591521569073146,0.0001279183994216773,2425.635664554
37310,76410880,1.9644880294799805,,,0.0001278518244003902,2426.380534603999
37320,76431360,1.8825347423553467,,,0.00012778525915203877,2427.094670912
37330,76451840,1.9981482028961182,,,0.00012771870369413497,2427.6957408109993
37340,76472320,2.217299461364746,,,0.00012765215804418821,2428.303910134
37350,76492800,2.100433826446533,,,0.00012758562221970528,2428.837161828
37360,76513280,2.010219097137451,,,0.00012751909623819047,2429.5289511990013
37370,76533760,1.9171994924545288,,,0.0001274525801171453,2430.3080445099986
37380,76554240,2.053607940673828,,,0.000127386073874069,2430.802995075999
37390,76574720,2.231196880340576,,,0.00012731957752645787,2431.391774669999
37400,76595200,2.1439449787139893,2.0291029691696165,7.607259351046942,0.00012725309109180586,2432.263355553001
37410,76615680,2.2195138931274414,,,0.00012718661458760414,2432.830739027999
37420,76636160,2.0124924182891846,,,0.00012712014803134132,2433.4333683740006
37430,76656640,2.044076442718506,,,0.00012705369144050356,2434.2539416830004
37440,76677120,2.329331159591675,,,0.00012698724483257404,2434.7784605099987
37450,76697600,1.9389057159423828,,,0.00012692080822503368,2435.4727324429987
37460,76718080,2.120990037918091,,,0.00012685438163536052,2436.1816859249993
37470,76738560,2.0959739685058594,,,0.00012678796508103012,2436.767749393999
37480,76759040,2.005483388900757,,,0.0001267215585795153,2437.433369609
37490,76779520,1.9762098789215088,,,0.0001266551621482863,2437.894404786999
37500,76800000,2.175753355026245,2.0285802483558655,7.603283917360033,0.00012658877580481063,2438.655897607001
37510,76820480,1.871912956237793,,,0.00012652239956655322,2439.5070542139983
37520,76840960,2.0989365577697754,,,0.00012645603345097633,2440.017264262002
37530,76861440,1.9791176319122314,,,0.00012638967747553956,2440.612400201
37540,76881920,2.067037582397461,,,0.00012632333165769977,2441.1836378410007
37550,76902400,1.8505141735076904,,,0.0001262569960149113,2441.7811366960013
37560,76922880,2.0583298206329346,,,0.00012619067056462567,2442.4060811000018
37570,76943360,1.8771064281463623,,,0.00012612435532429175,2442.9171561039984
37580,76963840,2.0149168968200684,,,0.0001260580503113557,2443.4448204619985
37590,76984320,1.8813755512237549,,,0.0001259917555432612,2444.0032909129986
37600,77004800,1.9065277576446533,2.0277765452861787,7.597175589705594,0.00012592547103744888,2444.8652330309997
37610,77025280,2.1338253021240234,,,0.00012585919681135695,2445.448953886
37620,77045760,2.207733631134033,,,0.00012579293288242078,2446.162411661
37630,77066240,1.893528938293457,,,0.00012572667926807315,2446.7302042109986
37640,77086720,2.0933382511138916,,,0.0001256604359857439,2447.295928669999
37650,77107200,1.847353458404541,,,0.0001255942030528605,2447.9458373490015
37660,77127680,2.0954647064208984,,,0.00012552798048684737,2448.494690809999
37670,77148160,1.956911563873291,,,0.00012546176830512633,2449.0749578020004
37680,77168640,1.7767431735992432,,,0.00012539556652511652,2449.6203861100003
37690,77189120,1.9910858869552612,,,0.00012532937516423424,2450.204764858001
37700,77209600,2.0639965534210205,2.0253351032733917,7.578650149638165,0.00012526319423989318,2451.258874979001
37710,77230080,1.9600975513458252,,,0.0001251970237695041,2451.8655613340015
37720,77250560,2.062558889389038,,,0.00012513086377047522,2452.473225302001
37730,77271040,1.853006362915039,,,0.00012506471426021186,2453.074763564
37740,77291520,2.012871742248535,,,0.00012499857525611658,2453.6201494939996
37750,77312000,1.7773785591125488,,,0.00012493244677558925,2454.210702663
37760,77332480,2.3334929943084717,,,0.000124866328836027,2454.753480061001
37770,77352960,1.8233394622802734,,,0.000124800221454824,2455.4280537250015
37780,77373440,2.177433490753174,,,0.0001247341246493719,2456.089341949999
37790,77393920,2.0041234493255615,,,0.00012466803843705931,2456.6473498410014
37800,77414400,2.1178488731384277,2.0255883276462554,7.580569491571283,0.00012460196283527232,2457.5335941230005
37810,77434880,2.2160940170288086,,,0.00012453589786139393,2458.0370046179996
37820,77455360,2.121248960494995,,,0.00012446984353280469,2458.5504920290005
37830,77475840,2.209676742553711,,,0.00012440379986688197,2459.2637674830003
37840,77496320,1.7722216844558716,,,0.00012433776688100065,2459.9365656070004
37850,77516800,1.9928205013275146,,,0.0001242717445925326,2460.5821058719994
37860,77537280,1.9387620687484741,,,0.00012420573301884702,2461.1880322860015
37870,77557760,2.0715441703796387,,,0.00012413973217731018,2461.8678309489987
37880,77578240,2.1012470722198486,,,0.00012407374208528557,2462.3434903179987
37890,77598720,2.112968921661377,,,0.00012400776276013392,2462.939815897
37900,77619200,2.1349658966064453,2.0244857251644133,7.572215743114317,0.00012394179421921296,2463.972199005999
37910,77639680,2.0406031608581543,,,0.00012387583647987776,2464.5445916999997
37920,77660160,1.875211238861084,,,0.0001238098895594804,2465.1184868320015
37930,77680640,2.1323153972625732,,,0.00012374395347537027,2465.749196110999
37940,77701120,1.8780099153518677,,,0.00012367802824489376,2466.2647278000004
37950,77721600,1.9434397220611572,,,0.00012361211388539446,2466.825157465999
37960,77742080,2.2045435905456543,,,0.00012354621041421314,2467.379615195001
37970,77762560,2.52424955368042,,,0.00012348031784868772,2467.905635930001
37980,77783040,1.9792237281799316,,,0.0001234144362061531,2468.5707894100015
37990,77803520,1.721787452697754,,,0.00012334856550394148,2469.164370227001
38000,77824000,2.084838628768921,2.0232038617134096,7.562515415086362,0.0001232827057593821,2470.1670658410003
38010,77844480,1.9503897428512573,,,0.00012321685698980133,2471.0136414359986
38020,77864960,2.466367244720459,,,0.00012315101921252263,2471.5411405090017
38030,77885440,2.1395115852355957,,,0.00012308519244486665,2472.274087414
38040,77905920,2.2845990657806396,,,0.000123019376704151,2472.941997351001
38050,77926400,2.316141366958618,,,0.00012295357200769054,2473.546701662999
38060,77946880,1.879042148590088,,,0.00012288777837279714,2474.1633088529998
38070,77967360,2.0497701168060303,,,0.0001228219958167798,2474.8574693849987
38080,77987840,2.19765567779541,,,0.0001227562243569445,2475.47366743
38090,78008320,2.007215738296509,,,0.00012269046401059447,2476.0836786809996
38100,78028800,1.6776484251022339,2.023414981365204,7.564112179255702,0.00012262471479502994,2476.8608700859986
38110,78049280,2.0008389949798584,,,0.0001225589767275481,2477.4803278280015
38120,78069760,2.30251145362854,,,0.00012249324982544345,2478.0632254099983
38130,78090240,2.3737633228302,,,0.0001224275341060073,2478.611644449
38140,78110720,1.9711382389068604,,,0.0001223618295865282,2479.1901651959997
38150,78131200,1.9910385608673096,,,0.00012229613628429156,2479.7497123629983
38160,78151680,2.327711582183838,,,0.00012223045421658015,2480.3202542049985
38170,78172160,2.074007987976074,,,0.00012216478340067348,2480.8893028560014
38180,78192640,2.236661195755005,,,0.00012209912385384826,2481.5532754220003
38190,78213120,1.8633824586868286,,,0.0001220334755933781,2482.0994183440016
38200,78233600,2.161296844482422,2.022452783584595,7.556837507702211,0.00012196783863653388,2483.0657952479996
38210,78254080,1.8630995750427246,,,0.00012190221300058325,2483.6772767069997
38220,78274560,2.412825345993042,,,0.00012183659870279104,2484.372436829999
38230,78295040,1.76869535446167,,,0.00012177099576041901,2485.0107393370017
38240,78315520,2.3020410537719727,,,0.00012170540419072603,2485.6305234639985
38250,78336000,1.8827723264694214,,,0.00012163982401096784,2486.1860753449982
38260,78356480,2.1405205726623535,,,0.00012157425523839734,2486.691508215001
38270,78376960,1.9178951978683472,,,0.00012150869789026431,2487.1894073250005
38280,78397440,2.2266123294830322,,,0.00012144315198381558,2487.8337936880016
38290,78417920,2.125823974609375,,,0.00012137761753629491,2488.3409175720008
38300,78438400,2.115929126739502,2.0184551656246184,7.526688460697542,0.00012131209456494315,2489.4183568219996
38310,78458880,2.017210006713867,,,0.00012124658308699808,2490.157307488
38320,78479360,2.3041625022888184,,,0.00012118108311969437,2490.7825457830004
38330,78499840,2.4099345207214355,,,0.00012111559468026385,2491.379160884
38340,78520320,2.2123889923095703,,,0.00012105011778593511,2491.946775098
38350,78540800,1.9544426202774048,,,0.00012098465245393386,2492.6031608039993
38360,78561280,2.2111129760742188,,,0.00012091919870148265,2493.1462002570006
38370,78581760,2.345022439956665,,,0.00012085375654580112,2493.791130834001
38380,78602240,2.372431755065918,,,0.0001207883260041057,2494.400388940001
38390,78622720,1.985198736190796,,,0.0001207229070936099,2495.277012071001
38400,78643200,1.8481833934783936,2.0190881311893465,7.53145410339435,0.0001206574998315241,2496.250867895
38410,78663680,2.0296812057495117,,,0.00012059210423505566,2496.8841932100004
38420,78684160,2.042987823486328,,,0.00012052672032140875,2497.4396527120007
38430,78704640,2.215282917022705,,,0.00012046134810778469,2498.1183969990016
38440,78725120,2.052558183670044,,,0.00012039598761138151,2498.637915441999
38450,78745600,2.3471736907958984,,,0.00012033063884939425,2499.1875248789984
38460,78766080,2.182753086090088,,,0.00012026530183901482,2499.806612119999
38470,78786560,1.9747568368911743,,,0.00012019997659743215,2500.4727391369997
38480,78807040,2.010603666305542,,,0.0001201346631418319,2501.0725441249997
38490,78827520,2.127251148223877,,,0.0001200693614893968,2501.553355278
38500,78848000,1.9656906127929688,2.0178850471973417,7.522398579895974,0.00012000407165730633,2502.477966728002
38510,78868480,1.961999535560608,,,0.000119938793662737,2503.2740825660003
38520,78888960,1.870532512664795,,,0.00011987352752286211,2503.8413603750014
38530,78909440,1.9185528755187988,,,0.0001198082732548518,2504.4640914429983
38540,78929920,1.9436808824539185,,,0.00011974303087587325,2505.1081942210003
38550,78950400,1.9337902069091797,,,0.00011967780040309036,2505.5889754950003
38560,78970880,1.9963897466659546,,,0.00011961258185366394,2506.3104504760013
38570,78991360,2.064708709716797,,,0.0001195473752447517,2506.9702053190013
38580,79011840,2.1686534881591797,,,0.00011948218059350821,2507.620714495999
38590,79032320,2.0885746479034424,,,0.00011941699791708479,2508.608857932999
38600,79052800,2.389155387878418,2.0184945583343508,7.5269849631913015,0.00011935182723262977,2509.4076766219987
38610,79073280,2.049262046813965,,,0.00011928666855728818,2510.020988524
38620,79093760,1.9354441165924072,,,0.00011922152190820202,2510.7587406249986
38630,79114240,2.0504798889160156,,,0.00011915638730250992,2511.3514593360014
38640,79134720,2.111420154571533,,,0.00011909126475734768,2511.9552372610015
38650,79155200,2.2523114681243896,,,0.00011902615428984759,2512.5184356280006
38660,79175680,1.8758090734481812,,,0.00011896105591713894,2513.029641057001
38670,79196160,2.120619297027588,,,0.00011889596965634778,2513.5711952640013
38680,79216640,2.0333573818206787,,,0.00011883089552459702,2514.15882814
38690,79237120,1.9987246990203857,,,0.00011876583353900634,2514.839375061001
38700,79257600,1.9825646877288818,2.0201017796993255,7.53909222115357,0.00011870078371669225,2515.6635079599982
38710,79278080,1.9737666845321655,,,0.00011863574607476801,2516.2127390159985
38720,79298560,2.055084228515625,,,0.00011857072063034375,2516.9784782069983
38730,79319040,2.3043031692504883,,,0.0001185057074005263,2517.519906202
38740,79339520,2.13965106010437,,,0.00011844070640241939,2518.0780658500007
38750,79360000,2.0239715576171875,,,0.00011837571765312347,2518.5781787960004
38760,79380480,2.0341546535491943,,,0.00011831074116973569,2519.1663495520006
38770,79400960,1.9092953205108643,,,0.00011824577696935018,2519.7047426050012
38780,79421440,1.7972331047058105,,,0.00011818082506905757,2520.3246160279996
38790,79441920,2.1764450073242188,,,0.00011811588548594553,2520.8611045530015
38800,79462400,2.007201671600342,2.0184046804904936,7.526308484412747,0.00011805095823709821,2521.6642011639997
38810,79482880,2.0044212341308594,,,0.00011798604333959681,2522.467563383001
38820,79503360,2.0679445266723633,,,0.00011792114081051902,2523.018098982
38830,79523840,1.9947624206542969,,,0.00011785625066693941,2523.5847540100003
38840,79544320,1.9340152740478516,,,0.00011779137292592931,2524.2275815210014
38850,79564800,1.8726232051849365,,,0.00011772650760455674,2524.799571947002
38860,79585280,2.1608591079711914,,,0.00011766165471988638,2525.413760522999
38870,79605760,2.1279640197753906,,,0.0001175968142889798,2526.0895592080014
38880,79626240,1.8170310258865356,,,0.00011753198632889516,2526.635192357
38890,79646720,1.8626643419265747,,,0.00011746717085668745,2527.1729370620014
38900,79667200,2.1136999130249023,2.0179003179073334,7.522513453140224,0.0001174023678894082,2528.6815944299997
38910,79687680,2.071650981903076,,,0.0001173375774441059,2529.3524632769986
38920,79708160,1.8055819272994995,,,0.00011727279953782553,2530.0348756269996
38930,79728640,2.016040086746216,,,0.00011720803418760886,2530.536347540001
38940,79749120,2.183591604232788,,,0.00011714328141049431,2531.1050967340016
38950,79769600,2.036269187927246,,,0.0001170785412235171,2531.7892944589985
38960,79790080,2.5254430770874023,,,0.00011701381364370907,2532.336154466
38970,79810560,2.048665761947632,,,0.00011694909868809865,2533.053160464002
38980,79831040,2.209296703338623,,,0.00011688439637371114,2533.6758827420017
38990,79851520,2.023996353149414,,,0.00011681970671756837,2534.28515752
39000,79872000,2.054354190826416,2.0189640402793883,7.530519576385704,0.00011675502973668886,2535.0850290300004
39010,79892480,2.172402858734131,,,0.00011669036544808786,2536.015731219999
39020,79912960,2.1592159271240234,,,0.00011662571386877726,2536.548469821999
39030,79933440,2.0363190174102783,,,0.0001165610750157655,2537.083342727001
39040,79953920,2.2756946086883545,,,0.00011649644890605782,2537.6293857269993
39050,79974400,2.1050302982330322,,,0.00011643183555665606,2538.225691383999
39060,79994880,2.104006767272949,,,0.00011636723498455866,2538.869368399999
39070,80015360,1.7471287250518799,,,0.00011630264720676069,2539.6039431989993
39080,80035840,1.9341137409210205,,,0.00011623807224025399,2540.169490444001
39090,80056320,2.0686261653900146,,,0.00011617351010202684,2540.8143808319983
39100,80076800,2.5413026809692383,2.0188793897628785,7.5298821409939745,0.00011610896080906429,2541.6106463739998
39110,80097280,2.1211910247802734,,,0.00011604442437834788,2542.280589894999
39120,80117760,2.1864471435546875,,,0.00011597990082685598,2542.8268668279998
39130,80138240,1.9357843399047852,,,0.0001159153901715633,2543.410939657999
39140,80158720,1.872719645500183,,,0.00011585089242944136,2544.039126721
39150,80179200,1.9072270393371582,,,0.00011578640761745821,2544.6093283699993
39160,80199680,1.7886494398117065,,,0.00011572193575257849,2545.2515355219984
39170,80220160,2.145657539367676,,,0.00011565747685176345,2545.8475915570016
39180,80240640,1.8426733016967773,,,0.00011559303093197094,2546.7793129790007
39190,80261120,2.149359703063965,,,0.0001155285980101554,2547.3855412449993
39200,80281600,2.0756306648254395,2.015157753229141,7.501910738505018,0.00011546417810326775,2548.3657000950006
39210,80302080,2.3565378189086914,,,0.00011539977122825564,2548.99739606
39220,80322560,2.2499189376831055,,,0.00011533537740206318,2549.542895860999
39230,80343040,1.9856846332550049,,,0.00011527099664163117,2550.1307055040015
39240,80363520,1.8567308187484741,,,0.00011520662896389673,2550.6608880880012
39250,80384000,2.285139560699463,,,0.0001151422743857939,2551.2217856800016
39260,80404480,2.209217071533203,,,0.0001150779329242529,2551.939003257001
39270,80424960,2.2283546924591064,,,0.00011501360459620073,2552.5641168779985
39280,80445440,2.223228693008423,,,0.00011494928941856091,2553.0681303790006
39290,80465920,1.9153473377227783,,,0.00011488498740825345,2553.8231125970015
39300,80486400,2.1913204193115234,2.0177865862846374,7.521657954128013,0.00011482069858219487,2554.7107991949997
39310,80506880,2.3285868167877197,,,0.00011475642295729829,2555.353806813
39320,80527360,2.056547164916992,,,0.00011469216055047334,2556.042380821
39330,80547840,2.005117416381836,,,0.0001146279113786262,2556.603396792001
39340,80568320,2.0952508449554443,,,0.0001145636754586594,2557.460880044
39350,80588800,2.0753173828125,,,0.00011449945280747228,2558.061528794002
39360,80609280,2.079930305480957,,,0.00011443524344196041,2558.5992937730007
39370,80629760,1.9311938285827637,,,0.00011437104737901604,2559.2377101620004
39380,80650240,2.6160521507263184,,,0.00011430686463552778,2559.913496680001
39390,80670720,2.2529850006103516,,,0.00011424269522838091,2560.512634994
39400,80691200,1.7762726545333862,2.0163426280021666,7.510804831441179,0.00011417853917445709,2561.344971975999
39410,80711680,2.2673559188842773,,,0.00011411439649063439,2561.9346293909985
39420,80732160,1.9710050821304321,,,0.00011405026719378758,2562.4998888830014
39430,80752640,2.1233532428741455,,,0.00011398615130078771,2562.994699876999
39440,80773120,2.046539306640625,,,0.0001139220488285024,2563.5349287280005
39450,80793600,2.0411510467529297,,,0.00011385795979379573,2564.097221786
39460,80814080,2.045809745788574,,,0.00011379388421352823,2564.7552197980003
39470,80834560,2.0659523010253906,,,0.00011372982210455684,2565.362153299
39480,80855040,1.979202389717102,,,0.00011366577348373507,2566.0429796960016
39490,80875520,2.330322027206421,,,0.00011360173836791278,2566.594779342002
39500,80896000,2.053208827972412,2.015965163707733,7.507970305794619,0.00011353771677393638,2567.5965473120013
39510,80916480,2.070279598236084,,,0.00011347370871864856,2568.444496242999
39520,80936960,2.124361753463745,,,0.00011340971421888866,2569.052184117001
39530,80957440,2.061631679534912,,,0.00011334573329149224,2569.830863837
39540,80977920,1.9695417881011963,,,0.0001132817659532915,2570.425129774001
39550,80998400,1.9086828231811523,,,0.00011321781222111481,2570.968087592999
39560,81018880,1.8883389234542847,,,0.00011315387211178728,2571.478720594001
39570,81039360,1.9540698528289795,,,0.00011308994564213011,2572.185711296999
39580,81059840,2.0737059116363525,,,0.00011302603282896116,2572.868058300999
39590,81080320,1.9682800769805908,,,0.00011296213368909454,2573.4749298019997
39600,81100800,2.0375895500183105,2.0128377854824064,7.484526720530402,0.00011289824823934088,2574.399521907999
39610,81121280,2.1726059913635254,,,0.00011283437649650712,2574.9428952460003
39620,81141760,1.9570356607437134,,,0.00011277051847739663,2575.600419893999
39630,81162240,2.1367907524108887,,,0.00011270667419880921,2576.322814687999
39640,81182720,1.9184595346450806,,,0.00011264284367754093,2576.9553717109993
39650,81203200,2.0182700157165527,,,0.00011257902693038436,2577.508454032999
39660,81223680,2.048802375793457,,,0.00011251522397412836,2578.0136826570015
39670,81244160,1.9375479221343994,,,0.00011245143482555828,2578.7378751590004
39680,81264640,1.9872088432312012,,,0.00011238765950145565,2579.2862601179986
39690,81285120,2.546618938446045,,,0.00011232389801859857,2579.9187368970015
39700,81305600,2.0580906867980957,2.0110195696353914,7.470930599526688,0.00011226015039376133,2580.9548440850012
39710,81326080,2.1264472007751465,,,0.0001121964166437147,2581.5296726650013
39720,81346560,2.024351119995117,,,0.00011213269678522564,2582.088501855
39730,81367040,1.8915295600891113,,,0.00011206899083505772,2582.7996092190006
39740,81387520,2.057835817337036,,,0.00011200529880997056,2583.447364181
39750,81408000,2.125330924987793,,,0.0001119416207267203,2584.173421858999
39760,81428480,2.303823709487915,,,0.00011187795660205935,2584.7524497800005
39770,81448960,2.00644588470459,,,0.00011181430645273649,2585.285716033999
39780,81469440,2.066897392272949,,,0.0001117506702954967,2585.8868083710004
39790,81489920,1.9973125457763672,,,0.00011168704814708147,2586.535087979999
39800,81510400,1.9006942510604858,2.0116787195205688,7.475856685909814,0.00011162344002422844,2587.417337183
39810,81530880,1.9734629392623901,,,0.00011155984594367167,2587.98253931
39820,81551360,2.060807466506958,,,0.00011149626592214141,2588.5487124479987
39830,81571840,1.9612572193145752,,,0.00011143269997636433,2589.072546408999
39840,81592320,2.018983840942383,,,0.00011136914812306341,2589.5391558269985
39850,81612800,2.3236098289489746,,,0.00011130561037895771,2590.0559272870014
39860,81633280,2.169346332550049,,,0.0001112420867607629,2590.703417692999
39870,81653760,1.8083522319793701,,,0.00011117857728519062,2591.210088863001
39880,81674240,1.9936001300811768,,,0.00011111508196894901,2591.749041941999
39890,81694720,1.9520527124404907,,,0.00011105160082874235,2592.439344863
39900,81715200,1.9396867752075195,2.0161097228527067,7.50905573001462,0.00011098813388127133,2593.297318934001
39910,81735680,1.977205753326416,,,0.00011092468114323276,2593.7696938629997
39920,81756160,2.2548866271972656,,,0.00011086124263131979,2594.3253835709984
39930,81776640,1.7290865182876587,,,0.0001107978183622218,2594.9004989649984
39940,81797120,2.050154685974121,,,0.00011073440835262449,2595.4556141110006
39950,81817600,2.1768105030059814,,,0.00011067101261920964,2596.076105316999
39960,81838080,2.203073263168335,,,0.00011060763117865553,2596.594043964
39970,81858560,2.1104001998901367,,,0.00011054426404763645,2597.097266269
39980,81879040,1.9509608745574951,,,0.00011048091124282306,2597.6008561820017
39990,81899520,2.0380358695983887,,,0.00011041757278088213,2598.203707757999
40000,81920000,1.8809435367584229,2.01682562828064,7.5144334285024765,0.00011035424867847683,2599.164263117
40010,81940480,1.975508213043213,,,0.00011029093895226639,2600.3076109329995
40020,81960960,2.2301971912384033,,,0.00011022764361890634,2601.0043692559993
40030,81981440,2.183497428894043,,,0.00011016436269504839,2601.5371572090007
40040,82001920,2.1428093910217285,,,0.0001101010961973405,2602.172898246001
40050,82022400,2.035395622253418,,,0.00011003784414242681,2602.919763509999
40060,82042880,2.0282444953918457,,,0.00010997460654694761,2603.695578701001
40070,82063360,2.0355021953582764,,,0.00010991138342753951,2604.2495229179985
40080,82083840,2.0651471614837646,,,0.0001098481748008352,2604.8261620890007
40090,82104320,1.861370325088501,,,0.00010978498068346357,2605.3653331809983
40100,82124800,2.0126631259918213,2.0109662652015685,7.470532376414573,0.00010972180109204975,2606.362511485
40110,82145280,2.6385064125061035,,,0.00010965863604321506,2606.9825718440006
40120,82165760,1.963546633720398,,,0.00010959548555357683,2607.5829090570005
40130,82186240,2.151454448699951,,,0.00010953234963974879,2608.1797894070005
40140,82206720,1.8636858463287354,,,0.00010946922831834067,2608.752783492
40150,82227200,2.0707454681396484,,,0.00010940612160595846,2609.379545268999
40160,82247680,2.233025550842285,,,0.00010934302951920417,2609.9862118050005
40170,82268160,1.8977553844451904,,,0.00010927995207467616,2610.5921307060016
40180,82288640,2.024216413497925,,,0.00010921688928896878,2611.2875412050016
40190,82309120,2.140176296234131,,,0.0001091538411786726,2611.959155848999
40200,82329600,2.142518997192383,2.0115721225738525,7.475059824885238,0.0001090908077603743,2612.77750733
40210,82350080,2.1047239303588867,,,0.00010902778905065671,2613.642305797999
40220,82370560,1.8673076629638672,,,0.00010896478506609874,2614.379427136999
40230,82391040,1.8991072177886963,,,0.0001089017958232755,2614.9540381379993
40240,82411520,2.2199673652648926,,,0.00010883882133875819,2615.580897775999
40250,82432000,1.9380711317062378,,,0.00010877586162911409,2616.2860623660017
40260,82452480,2.1583797931671143,,,0.00010871291671090671,2616.879256426
40270,82472960,1.9012501239776611,,,0.00010864998660069555,2617.560688207999
40280,82493440,2.1048030853271484,,,0.00010858707131503619,2618.138477960001
40290,82513920,1.8570879697799683,,,0.00010852417087048044,2618.7314006310007
40300,82534400,1.953474521636963,2.008875900506973,7.45493254962911,0.00010846128528357612,2619.7447307250004
40310,82554880,2.1442112922668457,,,0.00010839841457086717,2620.3657541309985
40320,82575360,2.1202733516693115,,,0.00010833555874889357,2620.8707845380013
40330,82595840,2.059083938598633,,,0.00010827271783419148,2621.515140128002
40340,82616320,2.084496021270752,,,0.0001082098918432931,2622.079845212
40350,82636800,1.9601147174835205,,,0.00010814708079272648,2622.7066008369984
40360,82657280,2.068326950073242,,,0.00010808428469901622,2623.338728030001
40370,82677760,2.161454439163208,,,0.00010802150357868251,2624.0762553819986
40380,82698240,2.0379631519317627,,,0.00010795873744824186,2624.605569703999
40390,82718720,1.9885228872299194,,,0.00010789598632420677,2625.373986339
40400,82739200,1.902474045753479,2.0134726583957674,7.489279952504054,0.0001078332502230858,2626.2835730879997
40410,82759680,1.8777978420257568,,,0.00010777052916138353,2626.801719990999
40420,82780160,1.910454273223877,,,0.00010770782315560064,2627.4322782810013
40430,82800640,2.235391139984131,,,0.0001076451322222338,2627.9325357490015
40440,82821120,2.276771068572998,,,0.00010758245637777577,2628.5006870139987
40450,82841600,2.1681506633758545,,,0.00010751979563871518,2629.1774959680006
40460,82862080,2.072369337081909,,,0.00010745715002153695,2629.8722915770013
40470,82882560,2.189434766769409,,,0.00010739451954272179,2630.3901491049983
40480,82903040,2.059770107269287,,,0.00010733190421874647,2630.9737632819997
40490,82923520,2.0295183658599854,,,0.00010726930406608402,2631.4811891690006
40500,82944000,2.060908555984497,2.009399449825287,7.458836596374873,0.00010720671910120308,2632.3477689879983
40510,82964480,1.9870359897613525,,,0.00010714414934056853,2633.1481722069984
40520,82984960,2.1629645824432373,,,0.00010708159480064128,2633.689058873999
40530,83005440,2.040637493133545,,,0.0001070190554978781,2634.353700095002
40540,83025920,2.3098061084747314,,,0.00010695653144873186,2635.0122137399994
40550,83046400,2.2061104774475098,,,0.00010689402266965135,2635.7042409700007
40560,83066880,2.283660650253296,,,0.0001068315291770814,2636.3389799819997
40570,83087360,2.0468311309814453,,,0.0001067690509874628,2636.845972078001
40580,83107840,1.9843261241912842,,,0.00010670658811723219,2637.3349404129985
40590,83128320,2.1999597549438477,,,0.00010664414058282245,2637.927484461001
40600,83148800,2.4672956466674805,2.0104650259017944,7.466788790291901,0.00010658170840066215,2638.7103515659983
40610,83169280,2.060549259185791,,,0.00010651929158717597,2639.2604879610008
40620,83189760,1.685347557067871,,,0.00010645689015878453,2639.805541834001
40630,83210240,2.2464346885681152,,,0.00010639450413190435,2640.402106510999
40640,83230720,2.0518226623535156,,,0.00010633213352294799,2641.074250845999
40650,83251200,1.8485794067382812,,,0.00010626977834832386,2641.6310341319986
40660,83271680,2.1191954612731934,,,0.00010620743862443637,2642.2298110580014
40670,83292160,2.153486967086792,,,0.00010614511436768586,2642.9280776390005
40680,83312640,2.105830669403076,,,0.00010608280559446849,2643.4713064710013
40690,83333120,2.038719654083252,,,0.00010602051232117652,2644.0134378469993
40700,83353600,1.997317910194397,2.007290709018707,7.443124415555308,0.00010595823456419812,2644.9466063770014
40710,83374080,2.0787432193756104,,,0.00010589597233991719,2645.5146740599994
40720,83394560,1.9634853601455688,,,0.0001058337256647137,2646.0886747350014
40730,83415040,2.275839328765869,,,0.00010577149455496351,2646.6724424950007
40740,83435520,1.9129664897918701,,,0.00010570927902703836,2647.284194901
40750,83456000,1.8383562564849854,,,0.00010564707909730591,2647.8522326640013
40760,83476480,2.074300765991211,,,0.00010558489478212971,2648.5422493219994
40770,83496960,1.9168174266815186,,,0.00010552272609786918,2649.117067504001
40780,83517440,2.3491804599761963,,,0.0001054605730608797,2649.703253773001
40790,83537920,1.9201633930206299,,,0.00010539843568751235,2650.4150999800004
40800,83558400,2.17207407951355,2.0086761832237245,7.453443819421021,0.00010533631399411441,2651.2892112539994
40810,83578880,2.0047240257263184,,,0.00010527420799702867,2651.8754396799995
40820,83599360,2.0777971744537354,,,0.00010521211771259406,2652.468560280002
40830,83619840,2.0669233798980713,,,0.00010515004315714525,2653.0206775920014
40840,83640320,1.7261440753936768,,,0.00010508798434701281,2653.548307404999
40850,83660800,2.2265679836273193,,,0.00010502594129852318,2654.1244888699985
40860,83681280,1.7877955436706543,,,0.0001049639140279986,2654.7408240199984
40870,83701760,1.9466532468795776,,,0.00010490190255175721,2655.3150788970015
40880,83722240,1.8996331691741943,,,0.00010483990688611304,2656.0198633770015
40890,83742720,2.008293628692627,,,0.00010477792704737573,2656.5353522430014
40900,83763200,2.155752420425415,2.0070286810398104,7.441174364203187,0.00010471596305185113,2657.5285536420015
40910,83783680,2.251425266265869,,,0.0001046540149158406,2658.094571542999
40920,83804160,2.116011142730713,,,0.00010459208265564138,2658.6756994079988
40930,83824640,2.1016077995300293,,,0.0001045301662875468,2659.2855768100017
40940,83845120,2.29520320892334,,,0.00010446826582784566,2660.021057910999
40950,83865600,1.8901350498199463,,,0.00010440638129282273,2660.672344617
40960,83886080,2.3194077014923096,,,0.00010434451269875861,2661.277520267002
40970,83906560,1.991251826286316,,,0.00010428266006192968,2661.8626623329983
40980,83927040,2.0432214736938477,,,0.00010422082339860811,2662.440391382999
40990,83947520,1.8981989622116089,,,0.0001041590027250619,2663.106858919
41000,83968000,2.0083203315734863,2.003797870874405,7.417172136623398,0.00010409719805755479,2664.011843460001
41010,83988480,2.0915865898132324,,,0.00010403540941234643,2664.8479779599984
41020,84008960,2.091219425201416,,,0.00010397363680569199,2665.346217841001
41030,84029440,2.1311323642730713,,,0.00010391188025384281,2666.3172794460006
41040,84049920,1.930368185043335,,,0.00010385013977304563,2666.848962363001
41050,84070400,2.2616212368011475,,,0.00010378841537954317,2667.6317040329996
41060,84090880,1.9393017292022705,,,0.00010372670708957391,2668.2006471620007
41070,84111360,1.9094147682189941,,,0.000103665014919372,2668.775548018999
41080,84131840,2.342735767364502,,,0.00010360333888516745,2669.3265063010003
41090,84152320,2.2044267654418945,,,0.00010354167900318597,2669.9208742619994
41100,84172800,2.2064108848571777,2.005810832977295,7.432117660384876,0.000103480035289649,2670.8549884489985
41110,84193280,2.102794647216797,,,0.00010341840776077387,2671.462398579999
41120,84213760,1.855031967163086,,,0.0001033567964327734,2672.037802136001
41130,84234240,1.8910820484161377,,,0.00010329520132185629,2672.6310570230016
41140,84254720,2.171703815460205,,,0.00010323362244422711,2673.220673063999
41150,84275200,2.239922523498535,,,0.00010317205981608589,2673.877398654
41160,84295680,2.2414186000823975,,,0.00010311051345362857,2674.471709958001
41170,84316160,2.1300549507141113,,,0.00010304898337304672,2675.040980463
41180,84336640,2.2426822185516357,,,0.00010298746959052771,2675.684504536999
41190,84357120,1.852267861366272,,,0.00010292597212225456,2676.359352440999
41200,84377600,1.9459761381149292,2.0068546295166017,7.439879329175315,0.000102864490984406,2677.2698344759992
41210,84398080,1.9418003559112549,,,0.00010280302619315646,2677.807532414001
41220,84418560,1.7981270551681519,,,0.0001027415777646762,2678.427830796001
41230,84439040,2.02376127243042,,,0.00010268014571513085,2679.104876589001
41240,84459520,2.2150373458862305,,,0.00010261873006068218,2679.700331434
41250,84480000,1.9789443016052246,,,0.00010255733081748726,2680.3494667119994
41260,84500480,1.8815062046051025,,,0.000102495948001699,2680.892656336
41270,84520960,1.8291407823562622,,,0.00010243458162946601,2681.6447741640004
41280,84541440,2.112887144088745,,,0.00010237323171693255,2682.124115581999
41290,84561920,2.078660726547241,,,0.00010231189828023855,2682.639448127
41300,84582400,1.8510987758636475,2.0048892736434936,7.425271677959048,0.00010225058133551958,2683.407980565
41310,84602880,1.8844246864318848,,,0.00010218928089890691,2683.9641144240013
41320,84623360,2.324030876159668,,,0.0001021279969865275,2684.5626976050007
41330,84643840,2.205413341522217,,,0.00010206672961450372,2685.166769981999
41340,84664320,2.0091211795806885,,,0.00010200547879895397,2685.8687888759996
41350,84684800,2.1484858989715576,,,0.00010194424455599209,2686.5323827270004
41360,84705280,1.954403281211853,,,0.00010188302690172743,2687.0948393450017
41370,84725760,2.0174713134765625,,,0.00010182182585226533,2687.6039398719986
41380,84746240,1.9981417655944824,,,0.00010176064142370637,2688.1681501720013
41390,84766720,2.100022792816162,,,0.00010169947363214701,2688.727023448999
41400,84787200,2.0542867183685303,2.0019038915634155,7.403137460938659,0.00010163832249367927,2689.7453651649994
41410,84807680,2.135765790939331,,,0.00010157718802439077,2690.2446077729983
41420,84828160,2.0833234786987305,,,0.00010151607024036475,2690.738684262
41430,84848640,1.9394598007202148,,,0.00010145496915768009,2691.312037593001
41440,84869120,1.9479631185531616,,,0.00010139388479241121,2691.9171274069995
41450,84889600,2.0230605602264404,,,0.00010133281716062826,2692.476208258002
41460,84910080,2.177701473236084,,,0.0001012717662783968,2692.9646760260002
41470,84930560,2.311455726623535,,,0.00010121073216177812,2693.5459757140015
41480,84951040,1.9936095476150513,,,0.00010114971482682908,2694.0907145890014
41490,84971520,2.307889938354492,,,0.00010108871428960208,2694.6158229600005
41500,84992000,2.0914125442504883,2.001835751533508,7.402633028116891,0.00010102773056614517,2695.5042122839986
41510,85012480,2.3463127613067627,,,0.00010096676367250191,2696.3592043710014
41520,85032960,2.085085391998291,,,0.00010090581362471149,2697.076354711
41530,85053440,1.8764278888702393,,,0.00010084488043880866,2697.878368433001
41540,85073920,2.0140042304992676,,,0.00010078396413082357,2698.4377544279996
41550,85094400,1.8043293952941895,,,0.00010072306471678227,2698.937127657002
41560,85114880,1.9519050121307373,,,0.000100662182212706,2699.6065749750014
41570,85135360,1.7523891925811768,,,0.00010060131663461178,2700.135750661
41580,85155840,2.186262845993042,,,0.0001005404679985122,2700.719542573999
41590,85176320,2.04763126373291,,,0.0001004796363204152,2701.421653130001
41600,85196800,2.010383367538452,1.9984056293964385,7.377284591664636,0.00010041882161632437,2702.468789860999
41610,85217280,2.1217753887176514,,,0.00010035802390223888,2703.255712495
41620,85237760,2.144615650177002,,,0.00010029724319415338,2703.8209683259993
41630,85258240,2.1608309745788574,,,0.000100236479508058,2704.358816920001
41640,85278720,2.1385350227355957,,,0.0001001757328599385,2705.035444920999
41650,85299200,2.093201160430908,,,0.00010011500326577606,2705.6847555899985
41660,85319680,1.9664247035980225,,,0.00010005429074154748,2706.194027439
41670,85340160,1.935915231704712,,,9.999359530322484e-05,2706.7212671279995
41680,85360640,2.133004665374756,,,9.993291696677607e-05,2707.3085560889995
41690,85381120,1.7642817497253418,,,9.987225574816431e-05,2707.9430989600005
41700,85401600,2.2682721614837646,1.9986034035682678,7.378743772304466,9.981161166334832e-05,2708.873581813001
41710,85422080,1.8410896062850952,,,9.975098472828234e-05,2709.5077624000005
41720,85442560,2.024125814437866,,,9.96903749589161e-05,2710.1270377600013
41730,85463040,1.949852705001831,,,9.96297823711948e-05,2710.7926356790013
41740,85483520,1.945633888244629,,,9.956920698105912e-05,2711.4074516990004
41750,85504000,2.1795287132263184,,,9.950864880444524e-05,2711.9426105890016
41760,85524480,1.96728515625,,,9.944810785728486e-05,2712.5815591639985
41770,85544960,2.073914051055908,,,9.93875841555049e-05,2713.231300149
41780,85565440,2.1818432807922363,,,9.932707771502806e-05,2713.791557216002
41790,85585920,1.9122443199157715,,,9.926658855177243e-05,2714.4297835920006
41800,85606400,2.184563398361206,1.999135673046112,7.382672297823661,9.920611668165133e-05,2715.3859246850006
41810,85626880,1.73846435546875,,,9.914566212057377e-05,2716.2299038499987
41820,85647360,1.9593786001205444,,,9.908522488444412e-05,2716.8635716089993
41830,85667840,2.0328903198242188,,,9.902480498916217e-05,2717.4526913070004
41840,85688320,2.199345588684082,,,9.896440245062321e-05,2717.9533315480003
41850,85708800,2.0271739959716797,,,9.89040172847179e-05,2718.541687781999
41860,85729280,1.9858490228652954,,,9.88436495073324e-05,2719.1037927430007
41870,85749760,1.9123027324676514,,,9.878329913434828e-05,2719.7294290870013
41880,85770240,1.8597339391708374,,,9.872296618164234e-05,2720.2185395119996
41890,85790720,2.0511670112609863,,,9.866265066508718e-05,2720.774604645001
41900,85811200,1.8940144777297974,1.9994553446769714,7.385032705974867,9.860235260055046e-05,2721.5676038300007
41910,85831680,2.2987303733825684,,,9.85420720038954e-05,2722.353184795
41920,85852160,2.165806770324707,,,9.848180889098064e-05,2722.9282101999997
41930,85872640,2.028095245361328,,,9.842156327766018e-05,2723.5924642249993
41940,85893120,2.0268757343292236,,,9.836133517978341e-05,2724.1506656400015
41950,85913600,1.9123690128326416,,,9.830112461319516e-05,2724.6927933490006
41960,85934080,1.9936463832855225,,,9.824093159373558e-05,2725.4785076629996
41970,85954560,2.0118441581726074,,,9.818075613724033e-05,2726.2523654959987
41980,85975040,2.0027780532836914,,,9.812059825954015e-05,2726.7960457109984
41990,85995520,2.011554479598999,,,9.806045797646162e-05,2727.4046293620013
42000,86016000,2.4504616260528564,2.0013225376605988,7.398834868868179,9.800033530382627e-05,2728.2715225169995
42010,86036480,1.9222240447998047,,,9.794023025745114e-05,2729.1358544540017
42020,86056960,1.9053285121917725,,,9.788014285314883e-05,2729.736335084999
42030,86077440,2.0893359184265137,,,9.782007310672697e-05,2730.3276214539983
42040,86097920,1.987594485282898,,,9.776002103398875e-05,2730.9134532690005
42050,86118400,1.9614720344543457,,,9.769998665073262e-05,2731.5138528419993
42060,86138880,2.208183765411377,,,9.763996997275247e-05,2732.0792153229995
42070,86159360,1.6656190156936646,,,9.757997101583747e-05,2732.746581501
42080,86179840,2.2958974838256836,,,9.751998979577212e-05,2733.3056285370003
42090,86200320,2.1629257202148438,,,9.746002632833625e-05,2733.9126894030014
42100,86220800,2.0397400856018066,1.9978009402751922,7.372824976404022,9.740008062930512e-05,2734.999778360001
42110,86241280,1.961755633354187,,,9.734015271444905e-05,2735.6422366789993
42120,86261760,2.185041904449463,,,9.728024259953412e-05,2736.3187413099986
42130,86282240,2.41104793548584,,,9.722035030032128e-05,2736.8826273119994
42140,86302720,2.0447044372558594,,,9.716047583256704e-05,2737.491901671001
42150,86323200,1.8804789781570435,,,9.71006192120232e-05,2738.061646956001
42160,86343680,1.900564193725586,,,9.704078045443677e-05,2738.6128724910013
42170,86364160,2.3172647953033447,,,9.698095957555016e-05,2739.1555173470006
42180,86384640,1.952131748199463,,,9.692115659110104e-05,2739.674364634
42190,86405120,2.0960607528686523,,,9.686137151682234e-05,2740.3242983249984
42200,86425600,2.085646629333496,1.9987189710140227,7.37959656415165,9.680160436844239e-05,2741.1531587249992
42210,86446080,1.8343114852905273,,,9.674185516168455e-05,2741.638874881999
42220,86466560,1.9991710186004639,,,9.668212391226778e-05,2742.467986593001
42230,86487040,1.9003475904464722,,,9.662241063590618e-05,2743.1027137400015
42240,86507520,1.824998378753662,,,9.656271534830899e-05,2743.609289846001
42250,86528000,1.9659322500228882,,,9.650303806518091e-05,2744.2523663959983
42260,86548480,2.108987331390381,,,9.64433788022218e-05,2744.7277740770005
42270,86568960,1.8192617893218994,,,9.638373757512684e-05,2745.2298913550003
42280,86589440,2.058229446411133,,,9.632411439958642e-05,2745.723542132
42290,86609920,2.2655906677246094,,,9.62645092912862e-05,2746.213136606999
42300,86630400,2.097130298614502,1.996637123823166,7.364249352592563,9.620492226590707e-05,2747.1746900920007
42310,86650880,2.0289876461029053,,,9.614535333912523e-05,2747.7508803560013
42320,86671360,2.0932397842407227,,,9.608580252661191e-05,2748.5116582580013
42330,86691840,1.8939807415008545,,,9.602626984403394e-05,2749.1234487200018
42340,86712320,2.1186647415161133,,,9.5966755307053e-05,2749.722553522999
42350,86732800,2.1628077030181885,,,9.590725893132621e-05,2750.2917945570007
42360,86753280,2.0468146800994873,,,9.58477807325059e-05,2750.842324688001
42370,86773760,2.0953497886657715,,,9.578832072623955e-05,2751.3880631799984
42380,86794240,2.013817071914673,,,9.572887892816991e-05,2751.917654664001
42390,86814720,1.9746900796890259,,,9.566945535393492e-05,2752.5202634550005
42400,86835200,2.1407737731933594,1.9973100066184997,7.369206296816683,9.56100500191677e-05,2753.5449811729995
42410,86855680,1.9311370849609375,,,9.555066293949667e-05,2754.0735622559987
42420,86876160,1.6678427457809448,,,9.549129413054518e-05,2754.7223840519982
42430,86896640,1.9049890041351318,,,9.543194360793218e-05,2755.3807779950002
42440,86917120,2.3624460697174072,,,9.537261138727155e-05,2755.882648365001
42450,86937600,1.995652437210083,,,9.531329748417227e-05,2756.3746183719995
42460,86958080,2.0808987617492676,,,9.525400191423882e-05,2757.0293137869994
42470,86978560,1.9117611646652222,,,9.519472469307052e-05,2757.875810595
42480,86999040,2.0701332092285156,,,9.513546583626208e-05,2758.4851929469987
42490,87019520,2.002293348312378,,,9.507622535940328e-05,2759.083425467001
42500,87040000,2.1423110961914062,1.996390962600708,7.362436783070761,9.50170032780791e-05,2760.3046171230017
42510,87060480,2.3388609886169434,,,9.495779960786971e-05,2761.1397545149994
42520,87080960,1.9978642463684082,,,9.489861436435035e-05,2761.7892716290007
42530,87101440,2.2777950763702393,,,9.483944756309149e-05,2762.4000254070015
42540,87121920,1.8531811237335205,,,9.47802992196588e-05,2762.9678755470013
42550,87142400,2.246704578399658,,,9.47211693496128e-05,2763.5214281439985
42560,87162880,2.043022632598877,,,9.466205796850963e-05,2764.093723446
42570,87183360,2.024925470352173,,,9.46029650919001e-05,2764.631645914
42580,87203840,1.9702115058898926,,,9.454389073533046e-05,2765.209983623001
42590,87224320,2.2696354389190674,,,9.448483491434194e-05,2765.8168068339983
42600,87244800,1.8945012092590332,1.9945999920368194,7.34926267625396,9.442579764447093e-05,2766.7453089640003
42610,87265280,2.2683722972869873,,,9.436677894124897e-05,2767.3394533989995
42620,87285760,1.812896728515625,,,9.430777882020268e-05,2768.034410149001
42630,87306240,2.2179439067840576,,,9.424879729685379e-05,2768.628108541001
42640,87326720,1.6762146949768066,,,9.418983438671922e-05,2769.2857070069986
42650,87347200,2.01336407661438,,,9.413089010531082e-05,2769.8897311539986
42660,87367680,2.0501649379730225,,,9.407196446813563e-05,2770.570235938001
42670,87388160,1.897851586341858,,,9.401305749069596e-05,2771.1894374350013
42680,87408640,2.3946220874786377,,,9.395416918848888e-05,2771.856956096999
42690,87429120,2.1123833656311035,,,9.389529957700678e-05,2772.4402451509995
42700,87449600,2.246187686920166,1.9945202887058258,7.348676938881235,9.383644867173705e-05,2773.386284095999
42710,87470080,1.9490673542022705,,,9.37776164881622e-05,2774.0487148169996
42720,87490560,2.0078835487365723,,,9.371880304175976e-05,2774.704122108
42730,87511040,2.283320426940918,,,9.366000834800239e-05,2775.319301986001
42740,87531520,1.7087631225585938,,,9.360123242235778e-05,2775.9411847759984
42750,87552000,2.0263686180114746,,,9.354247528028874e-05,2776.659793835999
42760,87572480,2.159698009490967,,,9.348373693725293e-05,2777.2473782449997
42770,87592960,2.2198774814605713,,,9.342501740870343e-05,2777.876754236
42780,87613440,2.0124354362487793,,,9.3366316710088e-05,2778.507586186999
42790,87633920,2.054281711578369,,,9.330763485684969e-05,2779.1395601170007
42800,87654400,2.138309955596924,1.9948307633399964,7.350958870888145,9.32489718644265e-05,2780.0681517589983
42810,87674880,2.057382822036743,,,9.319032774825147e-05,2780.810444224
42820,87695360,2.0320677757263184,,,9.313170252375266e-05,2781.282038825
42830,87715840,2.119823932647705,,,9.307309620635324e-05,2782.105244352999
42840,87736320,1.8787121772766113,,,9.301450881147131e-05,2782.5979566099995
42850,87756800,2.064544677734375,,,9.29559403545201e-05,2783.2318600949984
42860,87777280,1.9111955165863037,,,9.289739085090764e-05,2783.914426490999
42870,87797760,2.1742820739746094,,,9.283886031603726e-05,2784.6308274449984
42880,87818240,2.0840911865234375,,,9.278034876530718e-05,2785.2433701349983
42890,87838720,2.1034841537475586,,,9.272185621411044e-05,2786.0047325090018
42900,87859200,2.1836163997650146,1.9914848625659942,7.326404393242645,9.266338267783547e-05,2786.9041761430017
42910,87879680,1.9067487716674805,,,9.26049281718653e-05,2787.4087206520016
42920,87900160,2.324622869491577,,,9.254649271157821e-05,2788.1589694549984
42930,87920640,2.0752501487731934,,,9.248807631234738e-05,2788.8691852150005
42940,87941120,2.042409658432007,,,9.242967898954098e-05,2789.367277420999
42950,87961600,1.7589588165283203,,,9.237130075852216e-05,2789.887219070999
42960,87982080,2.0852909088134766,,,9.23129416346491e-05,2790.377966926
42970,88002560,2.3580305576324463,,,9.225460163327486e-05,2791.0218083459986
42980,88023040,2.0798306465148926,,,9.219628076974752e-05,2791.5076893330006
42990,88043520,2.0533039569854736,,,9.213797905941021e-05,2792.1412518590005
43000,88064000,1.7708462476730347,1.9916677832603455,7.327744666799504,9.20796965176008e-05,2792.9372314460015
43010,88084480,1.9947679042816162,,,9.202143315965232e-05,2793.7842437830004
43020,88104960,2.149686336517334,,,9.196318900089265e-05,2794.3667568029996
43030,88125440,2.1728947162628174,,,9.190496405664472e-05,2794.9509521580003
43040,88145920,2.2131128311157227,,,9.184675834222626e-05,2795.459461720002
43050,88166400,2.070920705795288,,,9.178857187295009e-05,2796.0361195879996
43060,88186880,2.1589860916137695,,,9.173040466412383e-05,2796.6099188279986
43070,88207360,2.1287946701049805,,,9.167225673105021e-05,2797.1775128299996
43080,88227840,2.289031505584717,,,9.161412808902664e-05,2797.727752863
43090,88248320,1.9564483165740967,,,9.155601875334567e-05,2798.2913647239984
43100,88268800,1.9403955936431885,1.9910168409347535,7.322976279785593,9.14979287392946e-05,2799.197319963001
43110,88289280,2.170562982559204,,,9.143985806215589e-05,2799.8090855209994
43120,88309760,2.0251877307891846,,,9.138180673720673e-05,2800.537712354999
43130,88330240,1.7967244386672974,,,9.132377477971917e-05,2801.4396973639996
43140,88350720,1.7109780311584473,,,9.12657622049603e-05,2801.971152987
43150,88371200,1.9412438869476318,,,9.120776902819203e-05,2802.7442078899985
43160,88391680,2.045783519744873,,,9.114979526467129e-05,2803.3136101220007
43170,88412160,1.918646216392517,,,9.109184092964963e-05,2803.875493918
43180,88432640,2.2866835594177246,,,9.103390603837382e-05,2804.5499982459987
43190,88453120,2.214959144592285,,,9.097599060608531e-05,2805.3468225139986
43200,88473600,2.1520867347717285,1.991242653131485,7.324630083863482,9.091809464802053e-05,2806.2986500109982
43210,88494080,2.2260208129882812,,,9.086021817941065e-05,2806.83387726
43220,88514560,2.195410966873169,,,9.080236121548183e-05,2807.409578360999
43230,88535040,2.293672561645508,,,9.074452377145505e-05,2808.1640337120007
43240,88555520,1.9664537906646729,,,9.068670586254629e-05,2808.6695022509994
43250,88576000,2.0182063579559326,,,9.062890750396617e-05,2809.351986059999
43260,88596480,2.068857192993164,,,9.057112871092027e-05,2809.861151846999
43270,88616960,1.8463106155395508,,,9.051336949860907e-05,2810.4446593190005
43280,88637440,2.1201515197753906,,,9.045562988222787e-05,2811.050494834999
43290,88657920,2.0499203205108643,,,9.039790987696672e-05,2811.624019578001
43300,88678400,2.0025341510772705,1.991143238544464,7.323901944983026,9.034020949801058e-05,2812.470675815999
43310,88698880,2.0557453632354736,,,9.028252876053938e-05,2813.0099275430002
43320,88719360,2.1232011318206787,,,9.022486767972766e-05,2813.5516211680006
43330,88739840,1.9109108448028564,,,9.016722627074499e-05,2814.052121814999
43340,88760320,1.7800071239471436,,,9.01096045487555e-05,2814.5421753459996
43350,88780800,2.0711333751678467,,,9.005200252891841e-05,2815.0885047420015
43360,88801280,1.9405007362365723,,,8.999442022638764e-05,2815.6174355350013
43370,88821760,1.9873303174972534,,,8.993685765631191e-05,2816.4563183089995
43380,88842240,2.0601096153259277,,,8.987931483383478e-05,2817.04679873
43390,88862720,2.0553042888641357,,,8.98217917740946e-05,2817.796526255999
43400,88883200,1.8643734455108643,1.989004909992218,7.3082577684958645,8.976428849222454e-05,2818.645487703001
43410,88903680,2.064272880554199,,,8.97068050033526e-05,2819.2008291050006
43420,88924160,2.2205426692962646,,,8.964934132260144e-05,2819.838928983001
43430,88944640,2.3815464973449707,,,8.95918974650886e-05,2820.6546868760015
43440,88965120,2.0333471298217773,,,8.95344734459264e-05,2821.189901239999
43450,88985600,2.0430421829223633,,,8.947706928022206e-05,2821.782007744001
43460,89006080,1.9116841554641724,,,8.941968498307733e-05,2822.316708479
43470,89026560,1.8210968971252441,,,8.936232056958889e-05,2822.890931873
43480,89047040,2.276898145675659,,,8.930497605484818e-05,2823.4515549509997
43490,89067520,2.2338924407958984,,,8.924765145394142e-05,2824.0219729439996
43500,89088000,1.9146301746368408,1.9918291687965393,7.328927354233401,8.919034678194945e-05,2824.852490093999
43510,89108480,2.039595127105713,,,8.913306205394799e-05,2825.5943488679986
43520,89128960,2.1337690353393555,,,8.90757972850076e-05,2826.16987383
43530,89149440,1.9018832445144653,,,8.901855249019341e-05,2826.7860558499997
43540,89169920,2.0799360275268555,,,8.896132768456545e-05,2827.4974093169985
43550,89190400,2.0386219024658203,,,8.89041228831783e-05,2828.1732793519986
43560,89210880,1.942647099494934,,,8.884693810108143e-05,2829.097474815
43570,89231360,2.0566091537475586,,,8.878977335331897e-05,2829.703069605999
43580,89251840,2.029698610305786,,,8.873262865492996e-05,2830.246201324
43590,89272320,2.233781337738037,,,8.867550402094785e-05,2830.909378864999
43600,89292800,2.200263261795044,1.9901538789272308,7.316659555412728,8.861839946640104e-05,2831.824760249001
43610,89313280,2.2418055534362793,,,8.856131500631257e-05,2832.4327612880006
43620,89333760,1.8370842933654785,,,8.85042506557003e-05,2832.936499059
43630,89354240,2.187074899673462,,,8.844720642957657e-05,2833.569912774001
43640,89374720,1.8733386993408203,,,8.839018234294859e-05,2834.1234893459987
43650,89395200,2.084688425064087,,,8.833317841081834e-05,2834.8372636560016
43660,89415680,1.8158351182937622,,,8.82761946481824e-05,2835.6578206060003
43670,89436160,2.153447151184082,,,8.821923107003194e-05,2836.466289765998
43680,89456640,2.014791488647461,,,8.816228769135301e-05,2837.125783927
43690,89477120,2.1427769660949707,,,8.810536452712623e-05,2837.6562090400002
43700,89497600,1.9969326257705688,1.9855713546276093,7.283207491196341,8.804846159232699e-05,2838.5520569110013
43710,89518080,2.068397283554077,,,8.79915789019252e-05,2839.1858454169997
43720,89538560,1.9083013534545898,,,8.793471647088563e-05,2839.7061079500018
43730,89559040,1.925641417503357,,,8.787787431416763e-05,2840.226252916
43740,89579520,1.999307632446289,,,8.782105244672521e-05,2840.8064331120004
43750,89600000,1.7333238124847412,,,8.776425088350712e-05,2841.3589115620016
43760,89620480,1.9375535249710083,,,8.77074696394566e-05,2841.856922695999
43770,89640960,1.9501445293426514,,,8.76507087295117e-05,2842.5948574520007
43780,89661440,2.1864495277404785,,,8.7593968168605e-05,2843.040466508999
43790,89681920,2.0966503620147705,,,8.7537247971664e-05,2843.6611786089998
43800,89702400,2.0548036098480225,1.9849441766738891,7.27864105615887,8.748054815361043e-05,2844.862293917002
43810,89722880,2.0474321842193604,,,8.742386872936093e-05,2845.388443672
43820,89743360,1.6514796018600464,,,8.736720971382675e-05,2845.871000946001
43830,89763840,2.133246421813965,,,8.731057112191376e-05,2846.379505132001
43840,89784320,1.9627734422683716,,,8.725395296852233e-05,2847.1183929299987
43850,89804800,1.9735431671142578,,,8.719735526854756e-05,2847.7852353900016
43860,89825280,1.8011157512664795,,,8.714077803687926e-05,2848.3640317339996
43870,89845760,1.8215700387954712,,,8.708422128840176e-05,2849.077922409
43880,89866240,2.021080732345581,,,8.702768503799389e-05,2849.561478724001
43890,89886720,1.9655611515045166,,,8.697116930052925e-05,2850.2325860970013
43900,89907200,2.0366475582122803,1.9855809330940246,7.283277253488799,8.691467409087602e-05,2851.1448077649984
43910,89927680,1.860701322555542,,,8.685819942389694e-05,2851.8756883509996
43920,89948160,1.9353575706481934,,,8.680174531444926e-05,2852.6491803339995
43930,89968640,2.085906505584717,,,8.674531177738505e-05,2853.2584921989983
43940,89989120,1.9273098707199097,,,8.668889882755078e-05,2853.8476891389982
43950,90009600,1.9447517395019531,,,8.663250647978761e-05,2854.4246786609983
43960,90030080,2.14353609085083,,,8.657613474893114e-05,2854.970774993999
43970,90050560,1.9610633850097656,,,8.651978364981167e-05,2855.5028826880007
43980,90071040,2.212136745452881,,,8.6463453197254e-05,2856.059428340999
43990,90091520,2.2206196784973145,,,8.640714340607762e-05,2856.6221665070007
44000,90112000,1.829451322555542,1.9879474639892578,7.300533765107963,8.635085429109652e-05,2857.586046491
44010,90132480,1.9852749109268188,,,8.629458586711914e-05,2858.533859334999
44020,90152960,1.969571590423584,,,8.623833814894856e-05,2859.2400488390012
44030,90173440,1.967616319656372,,,8.618211115138247e-05,2859.776641840999
44040,90193920,1.781019687652588,,,8.612590488921313e-05,2860.2649746489988
44050,90214400,1.9006412029266357,,,8.606971937722705e-05,2860.8087795419997
44060,90234880,2.076399564743042,,,8.601355463020573e-05,2861.5234801820006
44070,90255360,1.832149624824524,,,8.595741066292488e-05,2862.250043652999
44080,90275840,1.838623285293579,,,8.590128749015491e-05,2862.7607065340017
44090,90296320,1.9288904666900635,,,8.58451851266606e-05,2863.258658469
44100,90316800,1.969920039176941,1.9902513086795808,7.3173724504692705,8.57891035872014e-05,2864.3136629809997
44110,90337280,1.867539882659912,,,8.573304288653123e-05,2864.8540798979993
44120,90357760,2.1136536598205566,,,8.567700303939854e-05,2865.3948566690015
44130,90378240,1.9901487827301025,,,8.562098406054628e-05,2865.9038590279997
44140,90398720,2.035316228866577,,,8.556498596471188e-05,2866.4311793300003
44150,90419200,1.9771578311920166,,,8.550900876662734e-05,2866.9969203209985
44160,90439680,2.0122032165527344,,,8.545305248101919e-05,2867.4798405520014
44170,90460160,1.8199198246002197,,,8.539711712260828e-05,2867.985218908001
44180,90480640,1.7411705255508423,,,8.534120270611013e-05,2868.56569037
44190,90501120,2.03312611579895,,,8.528530924623465e-05,2869.184464301001
44200,90521600,2.142515182495117,1.9873259902000426,7.29599808427503,8.52294367576864e-05,2869.9821416339983
44210,90542080,1.6503273248672485,,,8.517358525516424e-05,2870.6914784729997
44220,90562560,1.9654510021209717,,,8.511775475336154e-05,2871.2578907140014
44230,90583040,1.9488842487335205,,,8.506194526696621e-05,2871.9707748209985
44240,90603520,1.8771114349365234,,,8.50061568106606e-05,2872.7296940900014
44250,90624000,1.9519327878952026,,,8.495038939912155e-05,2873.3552139540006
44260,90644480,2.14408016204834,,,8.489464304702026e-05,2873.9811120490012
44270,90664960,1.9567279815673828,,,8.483891776902253e-05,2874.5526379850016
44280,90685440,1.865248441696167,,,8.478321357978857e-05,2875.1065368950003
44290,90705920,2.03119158744812,,,8.472753049397307e-05,2875.796476525
44300,90726400,1.972344160079956,1.9882088601589203,7.302442346107668,8.467186852622501e-05,2876.8628672410014
44310,90746880,1.7872579097747803,,,8.461622769118797e-05,2877.5036493980006
44320,90767360,2.0408713817596436,,,8.456060800349993e-05,2878.082200852001
44330,90787840,2.169426918029785,,,8.450500947779342e-05,2878.616147189001
44340,90808320,2.076249361038208,,,8.444943212869514e-05,2879.274974267999
44350,90828800,2.0360097885131836,,,8.439387597082642e-05,2879.8172667479994
44360,90849280,1.7783448696136475,,,8.433834101880298e-05,2880.517521148002
44370,90869760,2.07401180267334,,,8.428282728723499e-05,2881.0991103009983
44380,90890240,1.7465388774871826,,,8.422733479072688e-05,2881.6631052679986
44390,90910720,2.3731002807617188,,,8.417186354387763e-05,2882.218177777999
44400,90931200,2.024916410446167,1.983130043745041,7.265448603790868,8.41164135612807e-05,2883.160552944999
44410,90951680,1.9443283081054688,,,8.40609848575238e-05,2884.11831894
44420,90972160,1.8329614400863647,,,8.400557744718914e-05,2884.7682477550006
44430,90992640,2.178748846054077,,,8.395019134485322e-05,2885.3359384350006
44440,91013120,1.9891632795333862,,,8.389482656508705e-05,2885.948760834999
44450,91033600,2.4237911701202393,,,8.383948312245599e-05,2886.427405904
44460,91054080,2.0550129413604736,,,8.378416103151977e-05,2886.9614025580013
44470,91074560,2.2486534118652344,,,8.372886030683252e-05,2887.6079301479986
44480,91095040,1.989025592803955,,,8.367358096294278e-05,2888.2101011490013
44490,91115520,2.1575281620025635,,,8.361832301439336e-05,2888.767376453001
44500,91136000,1.9725509881973267,1.985166037082672,7.280256077587006,8.356308647572162e-05,2889.619478417
44510,91156480,2.0539231300354004,,,8.350787136145905e-05,2890.528261673
44520,91176960,2.1204347610473633,,,8.345267768613169e-05,2891.1925515479998
44530,91197440,2.01759672164917,,,8.339750546425986e-05,2891.7910087689997
44540,91217920,1.8772436380386353,,,8.334235471035835e-05,2892.4214356260018
44550,91238400,1.9476795196533203,,,8.328722543893612e-05,2892.955957828999
44560,91258880,1.804161548614502,,,8.323211766449657e-05,2893.4466525979988
44570,91279360,2.0404574871063232,,,8.317703140153749e-05,2894.0895198239996
44580,91299840,1.8987696170806885,,,8.312196666455098e-05,2894.7264353399987
44590,91320320,2.413943290710449,,,8.306692346802333e-05,2895.2515469989994
44600,91340800,2.205310344696045,1.9841319918632507,7.2727318544577315,8.301190182643544e-05,2896.127250223999
44610,91361280,2.3299169540405273,,,8.295690175426234e-05,2896.7703981339982
44620,91381760,2.1142125129699707,,,8.290192326597344e-05,2897.460477089
44630,91402240,2.100982666015625,,,8.284696637603253e-05,2898.242426828001
44640,91422720,1.9751800298690796,,,8.279203109889755e-05,2898.7435573969997
44650,91443200,1.923309326171875,,,8.27371174490209e-05,2899.444843475001
44660,91463680,1.8422775268554688,,,8.268222544084925e-05,2900.1580916720013
44670,91484160,1.7595999240875244,,,8.262735508882368e-05,2900.7406754410003
44680,91504640,1.9897408485412598,,,8.257250640737935e-05,2901.4238864699983
44690,91525120,1.6699206829071045,,,8.251767941094586e-05,2902.0361097899986
44700,91545600,2.1844866275787354,1.9828249990940094,7.263232655555699,8.246287411394713e-05,2902.9792648170005
44710,91566080,1.8600350618362427,,,8.240809053080138e-05,2903.6257149400008
44720,91586560,1.91843843460083,,,8.235332867592091e-05,2904.213691298999
44730,91607040,2.149106979370117,,,8.229858856371251e-05,2904.768151323002
44740,91627520,2.2352383136749268,,,8.224387020857728e-05,2905.4718167950014
44750,91648000,1.9748332500457764,,,8.218917362491053e-05,2906.2143853410016
44760,91668480,2.295945882797241,,,8.21344988271017e-05,2906.7886875799995
44770,91688960,2.0348615646362305,,,8.20798458295347e-05,2907.321020112002
44780,91709440,2.2072689533233643,,,8.202521464658763e-05,2907.8884232499986
44790,91729920,2.1587586402893066,,,8.197060529263289e-05,2908.5044674439996
44800,91750400,2.1283743381500244,1.9829240202903748,7.263951905152622,8.191601778203696e-05,2909.6849228889987
44810,91770880,1.9687602519989014,,,8.186145212916085e-05,2910.2857888450017
44820,91791360,2.0392658710479736,,,8.180690834835963e-05,2910.8957033359984
44830,91811840,2.002242088317871,,,8.17523864539827e-05,2911.503787496
44840,91832320,1.9683997631072998,,,8.169788646037371e-05,2912.0791982230003
44850,91852800,2.0431854724884033,,,8.164340838187038e-05,2912.662982449001
44860,91873280,1.930630087852478,,,8.158895223280483e-05,2913.226788549
44870,91893760,2.1361751556396484,,,8.153451802750346e-05,2913.8749597409987
44880,91914240,2.1721954345703125,,,8.148010578028678e-05,2914.5558817810015
44890,91934720,1.9425292015075684,,,8.14257155054695e-05,2915.1898295380015
44900,91955200,2.253859043121338,1.9841373920440675,7.272771128630821,8.137134721736065e-05,2916.000401076999
44910,91975680,2.1504857540130615,,,8.13170009302634e-05,2916.5202254799988
44920,91996160,2.2608871459960938,,,8.126267665847523e-05,2917.0357114649996
44930,92016640,2.1695737838745117,,,8.120837441628762e-05,2917.623611969
44940,92037120,2.0449655055999756,,,8.115409421798652e-05,2918.1631137520017
44950,92057600,1.988091230392456,,,8.109983607785193e-05,2918.719430199999
44960,92078080,2.229794502258301,,,8.104560001015812e-05,2919.2716937900004
44970,92098560,1.9671518802642822,,,8.099138602917337e-05,2919.829222640001
44980,92119040,1.9267237186431885,,,8.093719414916039e-05,2920.555392319002
44990,92139520,1.908799648284912,,,8.088302438437593e-05,2921.337608091999
45000,92160000,2.1458349227905273,1.9826950669288634,7.26228898931843,8.082887674907097e-05,2922.4679442960005
45010,92180480,2.0191845893859863,,,8.077475125749067e-05,2923.543580305999
45020,92200960,2.2467148303985596,,,8.072064792387436e-05,2924.2997494789997
45030,92221440,2.0467958450317383,,,8.066656676245552e-05,2925.0473862420004
45040,92241920,2.1967406272888184,,,8.061250778746185e-05,2925.69274178
45050,92262400,1.8189047574996948,,,8.055847101311512e-05,2926.2658184149986
45060,92282880,2.273108959197998,,,8.050445645363134e-05,2926.8901002480015
45070,92303360,1.813073992729187,,,8.045046412322059e-05,2927.4039368880003
45080,92323840,2.0309901237487793,,,8.039649403608727e-05,2928.069634534
45090,92344320,1.804385781288147,,,8.034254620642983e-05,2928.6194521379985
45100,92364800,2.3715364933013916,1.9818809390068055,7.256378963159262,8.028862064844074e-05,2929.661113533999
45110,92385280,1.9152500629425049,,,8.02347173763068e-05,2930.4549043240004
45120,92405760,1.727165699005127,,,8.018083640420887e-05,2931.0334352030004
45130,92426240,2.0959644317626953,,,8.012697774632197e-05,2931.682778238999
45140,92446720,1.7045799493789673,,,8.007314141681511e-05,2932.266031375999
45150,92467200,2.205487012863159,,,8.001932742985165e-05,2932.875147146002
45160,92487680,1.922537088394165,,,7.996553579958897e-05,2933.3570943490013
45170,92508160,1.8721555471420288,,,7.991176654017857e-05,2934.012185052001
45180,92528640,1.923462152481079,,,7.985801966576597e-05,2934.6660091259982
45190,92549120,1.9999492168426514,,,7.980429519049094e-05,2935.420920007
45200,92569600,2.2016704082489014,1.981261318922043,7.25188415769072,7.975059312848728e-05,2936.460853853001
45210,92590080,2.156383514404297,,,7.969691349388303e-05,2937.1206686110017
45220,92610560,1.7644286155700684,,,7.964325630080006e-05,2937.9459084109985
45230,92631040,2.00607967376709,,,7.95896215633546e-05,2938.685037749001
45240,92651520,2.0302276611328125,,,7.953600929565682e-05,2939.250483533
45250,92672000,2.0312600135803223,,,7.948241951181111e-05,2939.8153146139994
45260,92692480,1.946547508239746,,,7.942885222591572e-05,2940.523674573
45270,92712960,1.7971470355987549,,,7.937530745206316e-05,2941.113184558999
45280,92733440,1.9369513988494873,,,7.932178520434006e-05,2941.733864411999
45290,92753920,1.9010848999023438,,,7.926828549682701e-05,2942.256737636999
45300,92774400,1.924156665802002,1.9825655817985535,7.2613486917608885,7.921480834359874e-05,2943.103152672
45310,92794880,2.1136398315429688,,,7.916135375872392e-05,2943.778539982999
45320,92815360,1.985290765762329,,,7.910792175626542e-05,2944.325330986001
45330,92835840,1.8763434886932373,,,7.90545123502801e-05,2944.8662725739996
45340,92856320,2.0815541744232178,,,7.900112555481893e-05,2945.404031009999
45350,92876800,1.9482762813568115,,,7.894776138392688e-05,2946.071069671001
45360,92897280,1.9754114151000977,,,7.889441985164299e-05,2946.6340659989983
45370,92917760,2.1072895526885986,,,7.884110097200036e-05,2947.2442846699996
45380,92938240,2.0043954849243164,,,7.878780475902613e-05,2947.8738567379987
45390,92958720,1.7748892307281494,,,7.873453122674137e-05,2948.4594464440015
45400,92979200,2.1933727264404297,1.980667108297348,7.247576291091968,7.868128038916134e-05,2949.4166012940004
45410,92999680,1.954671025276184,,,7.86280522602952e-05,2949.9829034190006
45420,93020160,2.176548957824707,,,7.857484685414632e-05,2950.5211118359985
45430,93040640,2.1776561737060547,,,7.852166418471186e-05,2951.0299394659996
45440,93061120,2.1804583072662354,,,7.846850426598315e-05,2951.7400626080016
45450,93081600,2.0426864624023438,,,7.841536711194547e-05,2952.5022971129983
45460,93102080,2.102987289428711,,,7.83622527365782e-05,2953.156936086001
45470,93122560,2.2086377143859863,,,7.830916115385456e-05,2953.7155301519997
45480,93143040,2.1295957565307617,,,7.825609237774187e-05,2954.3768222440012
45490,93163520,2.068514347076416,,,7.820304642220154e-05,2954.9863552099996
45500,93184000,1.8710477352142334,1.9800512611865997,7.243114266276742,7.815002330118886e-05,2956.009699835002
45510,93204480,2.2323081493377686,,,7.809702302865321e-05,2956.9034835169987
45520,93224960,2.0326120853424072,,,7.804404561853776e-05,2957.45294508
45530,93245440,1.8908050060272217,,,7.799109108477987e-05,2958.066282633001
45540,93265920,2.259809970855713,,,7.793815944131075e-05,2958.721829135
45550,93286400,1.9205131530761719,,,7.788525070205579e-05,2959.2682775870016
45560,93306880,2.2016804218292236,,,7.783236488093407e-05,2959.8568574169985
45570,93327360,1.937870740890503,,,7.777950199185884e-05,2960.528793614001
45580,93347840,1.7885756492614746,,,7.772666204873725e-05,2961.037834969
45590,93368320,2.186314105987549,,,7.767384506547047e-05,2961.6816758210007
45600,93388800,2.0100948810577393,1.977829599380493,7.2270403779374215,7.76210510559535e-05,2962.6576152570015
45610,93409280,1.8675364255905151,,,7.756828003407536e-05,2963.173432216001
45620,93429760,2.180276870727539,,,7.751553201371915e-05,2963.7070567890005
45630,93450240,2.03482985496521,,,7.746280700876182e-05,2964.2670053520014
45640,93470720,2.0729055404663086,,,7.741010503307414e-05,2964.826531396
45650,93491200,1.8532123565673828,,,7.735742610052097e-05,2965.468587842999
45660,93511680,1.9687817096710205,,,7.730477022496111e-05,2966.0377974229996
45670,93532160,1.745952844619751,,,7.72521374202473e-05,2966.6435458060005
45680,93552640,2.000882148742676,,,7.719952770022602e-05,2967.281104646001
45690,93573120,1.9825587272644043,,,7.714694107873796e-05,2967.9592476709986
45700,93593600,1.917396068572998,1.9777798354625702,7.226680741041773,7.709437756961756e-05,2969.008062047
45710,93614080,1.9275271892547607,,,7.704183718669322e-05,2969.5318051899994
45720,93634560,2.2998507022857666,,,7.69893199437873e-05,2970.0748218459994
45730,93655040,1.9095468521118164,,,7.693682585471594e-05,2970.621969994001
45740,93675520,2.0913164615631104,,,7.68843549332893e-05,2971.151548992999
45750,93696000,2.1749765872955322,,,7.683190719331141e-05,2971.8548453619987
45760,93716480,2.009053945541382,,,7.677948264858031e-05,2972.3979605899985
45770,93736960,2.0536017417907715,,,7.672708131288775e-05,2973.0083353160007
45780,93757440,1.727036714553833,,,7.667470320001946e-05,2973.5668180719986
45790,93777920,2.3109138011932373,,,7.66223483237551e-05,2974.087604417
45800,93798400,2.1570327281951904,1.9812380015850066,7.25171506503507,7.657001669786822e-05,2975.11864099
45810,93818880,2.1958327293395996,,,7.651770833612611e-05,2975.786588209001
45820,93839360,1.9414513111114502,,,7.646542325229008e-05,2976.3974905780015
45830,93859840,1.8530702590942383,,,7.641316146011533e-05,2977.0867121429983
45840,93880320,2.0788025856018066,,,7.636092297335089e-05,2977.8075017269985
45850,93900800,2.0503973960876465,,,7.63087078057396e-05,2978.4629678109995
45860,93921280,1.7799944877624512,,,7.625651597101821e-05,2978.9640420370015
45870,93941760,2.1914384365081787,,,7.620434748291738e-05,2979.542155084
45880,93962240,1.7635881900787354,,,7.615220235516161e-05,2980.1555082310006
45890,93982720,2.1797642707824707,,,7.610008060146908e-05,2980.664847305001
45900,94003200,1.9664227962493896,1.977294671535492,7.223175466618818,7.604798223555217e-05,2981.620649135999
45910,94023680,1.7924869060516357,,,7.599590727111679e-05,2982.1741821979995
45920,94044160,2.0449090003967285,,,7.594385572186286e-05,2982.830804049001
45930,94064640,1.827646017074585,,,7.589182760148412e-05,2983.4427685789997
45940,94085120,2.1448240280151367,,,7.583982292366804e-05,2984.047893815001
45950,94105600,2.081242561340332,,,7.578784170209599e-05,2984.609821692
45960,94126080,2.2608418464660645,,,7.573588395044328e-05,2985.1664515660013
45970,94146560,2.1502084732055664,,,7.568394968237892e-05,2985.6840142069996
45980,94167040,2.297457695007324,,,7.563203891156573e-05,2986.2811680640007
45990,94187520,2.165600299835205,,,7.558015165166038e-05,2987.107517414999
46000,94208000,2.0569777488708496,1.9774215638637542,7.224092090326252,7.55282879163134e-05,2987.981524474999
46010,94228480,2.117088794708252,,,7.54764477191691e-05,2988.9623701759992
46020,94248960,2.1800074577331543,,,7.542463107386548e-05,2989.640801589001
46030,94269440,1.8976261615753174,,,7.53728379940346e-05,2990.3490179030014
46040,94289920,2.0787341594696045,,,7.53210684933021e-05,2990.91583233
46050,94310400,1.971166968345642,,,7.526932258528756e-05,2991.418396639001
46060,94330880,2.1453487873077393,,,7.521760028360418e-05,2992.059358208
46070,94351360,2.188204765319824,,,7.51659016018591e-05,2992.613827738998
46080,94371840,1.93333101272583,,,7.511422655365321e-05,2993.228941199999
46090,94392320,1.978605031967163,,,7.506257515258118e-05,2993.8629494849993
46100,94412800,2.1441023349761963,1.9778465569019317,7.227162931668668,7.501094741223142e-05,2994.7210385629987
46110,94433280,1.9826858043670654,,,7.495934334618617e-05,2995.3605486589986
46120,94453760,1.7908656597137451,,,7.490776296802142e-05,2996.0736778719984
46130,94474240,2.1571807861328125,,,7.485620629130697e-05,2996.761612274
46140,94494720,2.083622932434082,,,7.480467332960623e-05,2997.472089375002
46150,94515200,2.133802890777588,,,7.475316409647657e-05,2998.2207100259984
46160,94535680,2.150070905685425,,,7.470167860546895e-05,2998.78931086
46170,94556160,2.0339581966400146,,,7.465021687012827e-05,2999.4221526969995
46180,94576640,2.123070478439331,,,7.459877890399308e-05,2999.964981396999
46190,94597120,2.190122604370117,,,7.454736472059555e-05,3000.6184663409986
46200,94617600,1.9272077083587646,1.9771390080451965,7.22205116942295,7.44959743334618e-05,3001.692230099001
46210,94638080,1.9519071578979492,,,7.444460775611157e-05,3002.217367437999
46220,94658560,2.094513416290283,,,7.439326500205844e-05,3002.8768254099996
46230,94679040,1.8212300539016724,,,7.43419460848095e-05,3003.4100932459987
46240,94699520,1.9464243650436401,,,7.429065101786587e-05,3004.0902726599998
46250,94720000,1.9248136281967163,,,7.423937981472221e-05,3004.6319477079996
46260,94740480,2.2906782627105713,,,7.418813248886697e-05,3005.1552004219993
46270,94760960,1.9107434749603271,,,7.413690905378218e-05,3005.8035806750013
46280,94781440,2.26908016204834,,,7.40857095229438e-05,3006.4257442080016
46290,94801920,2.024470806121826,,,7.403453390982126e-05,3006.985961093
46300,94822400,1.9467871189117432,1.9765223562717438,7.217599051605613,7.398338222787804e-05,3008.1825638590017
46310,94842880,2.162144422531128,,,7.393225449057095e-05,3008.881774669
46320,94863360,1.8709218502044678,,,7.38811507113507e-05,3009.7212359359983
46330,94883840,1.9285082817077637,,,7.383007090366169e-05,3010.3386302969993
46340,94904320,2.058927536010742,,,7.377901508094202e-05,3010.9310168449992
46350,94924800,1.9080307483673096,,,7.372798325662336e-05,3011.5281943730006
46360,94945280,2.010946750640869,,,7.367697544413114e-05,3012.0751066720004
46370,94965760,2.105821132659912,,,7.36259916568846e-05,3012.5996513850005
46380,94986240,2.153695583343506,,,7.35750319082965e-05,3013.148709489
46390,95006720,1.9697349071502686,,,7.352409621177334e-05,3013.7365545799985
46400,95027200,2.1914641857147217,1.9758967518806458,7.213085102066294,7.347318458071521e-05,3014.688002278999
46410,95047680,1.94527006149292,,,7.342229702851595e-05,3015.3071254259994
46420,95068160,2.01881742477417,,,7.337143356856308e-05,3015.947916863999
46430,95088640,1.9184863567352295,,,7.332059421423772e-05,3016.5331903920014
46440,95109120,1.9832497835159302,,,7.326977897891472e-05,3017.2039657620007
46450,95129600,2.3663763999938965,,,7.321898787596251e-05,3017.7819881130017
46460,95150080,1.9293303489685059,,,7.316822091874321e-05,3018.395941715
46470,95170560,2.330437183380127,,,7.311747812061263e-05,3019.0498431230008
46480,95191040,1.846966028213501,,,7.306675949492009e-05,3019.647628502
46490,95211520,2.1334805488586426,,,7.301606505500867e-05,3020.2122462590014
46500,95232000,2.477030038833618,1.9741991579532623,7.200850600145549,7.296539481421503e-05,3021.068852591001
46510,95252480,1.929602026939392,,,7.291474878586961e-05,3021.906652941001
46520,95272960,2.0855495929718018,,,7.286412698329623e-05,3022.5978515239985
46530,95293440,2.167839527130127,,,7.281352941981251e-05,3023.5833505699993
46540,95313920,1.8295092582702637,,,7.276295610872963e-05,3024.118749309
46550,95334400,2.452805519104004,,,7.271240706335249e-05,3024.729058973
46560,95354880,2.049187660217285,,,7.266188229697939e-05,3025.3701161239987
46570,95375360,2.0341265201568604,,,7.261138182290241e-05,3025.9077856629992
46580,95395840,2.087367534637451,,,7.256090565440729e-05,3026.4656378450018
46590,95416320,1.8119672536849976,,,7.251045380477323e-05,3027.120218696
46600,95436800,1.9377403259277344,1.9745594322681428,7.203445349044698,7.246002628727315e-05,3028.1342643239987
46610,95457280,1.8011627197265625,,,7.240962311517342e-05,3028.6195443879988
46620,95477760,2.152663230895996,,,7.235924430173416e-05,3029.3326209320003
46630,95498240,1.8791695833206177,,,7.230888986020896e-05,3029.977582743999
46640,95518720,2.0056331157684326,,,7.225855980384516e-05,3030.5525158380005
46650,95539200,1.8690094947814941,,,7.220825414588352e-05,3031.0545463050003
46660,95559680,2.302490711212158,,,7.215797289955844e-05,3031.662740893
46670,95580160,1.8781499862670898,,,7.21077160780979e-05,3032.242741737002
46680,95600640,2.097805976867676,,,7.205748369472352e-05,3032.751786511999
46690,95621120,2.023730754852295,,,7.200727576265035e-05,3033.2528671239997
46700,95641600,2.0122995376586914,1.9758165895938873,7.212506907844923,7.195709229508703e-05,3034.087388289001
46710,95662080,2.14251708984375,,,7.190693330523596e-05,3034.7275643440007
46720,95682560,2.214136838912964,,,7.185679880629293e-05,3035.282841698001
46730,95703040,1.9403645992279053,,,7.180668881144725e-05,3035.8909817970016
46740,95723520,1.9506175518035889,,,7.175660333388186e-05,3036.4989890959987
46750,95744000,1.8936326503753662,,,7.170654238677327e-05,3037.0655472830003
46760,95764480,2.13459849357605,,,7.165650598329154e-05,3037.6513927669985
46770,95784960,1.9461007118225098,,,7.160649413660009e-05,3038.2429346989993
46780,95805440,1.7988088130950928,,,7.155650685985619e-05,3039.0059339869986
46790,95825920,1.988768458366394,,,7.150654416621041e-05,3039.5805922450018
46800,95846400,1.9746941328048706,1.9736209869384767,7.1966884803711935,7.145660606880695e-05,3040.5861707840013
46810,95866880,2.06650447845459,,,7.140669258078355e-05,3041.2015988390012
46820,95887360,1.90045166015625,,,7.135680371527134e-05,3041.8852737449997
46830,95907840,2.09403657913208,,,7.130693948539516e-05,3042.53865622
46840,95928320,2.4953885078430176,,,7.12570999042732e-05,3043.0336031980005
46850,95948800,1.998608112335205,,,7.120728498501738e-05,3043.6515189870006
46860,95969280,2.152601718902588,,,7.115749474073289e-05,3044.405690153999
46870,95989760,1.958061695098877,,,7.110772918451857e-05,3045.050218733999
46880,96010240,2.035097122192383,,,7.105798832946675e-05,3045.599966739999
46890,96030720,1.9902695417404175,,,7.100827218866326e-05,3046.1469422269984
46900,96051200,1.8040897846221924,1.9746563136577606,7.204143262647023,7.095858077518735e-05,3046.9195966769985
46910,96071680,2.2178797721862793,,,7.090891410211183e-05,3047.6399953479995
46920,96092160,2.003072738647461,,,7.085927218250308e-05,3048.5277137129997
46930,96112640,2.127131223678589,,,7.080965502942087e-05,3049.1879400280013
46940,96133120,1.8262956142425537,,,7.076006265591841e-05,3049.776754489001
46950,96153600,1.9560508728027344,,,7.071049507504249e-05,3050.4351896789994
46960,96174080,2.160311460494995,,,7.066095229983335e-05,3051.0626692469996
46970,96194560,2.525956630706787,,,7.06114343433247e-05,3051.654855732999
46980,96215040,1.7440662384033203,,,7.056194121854363e-05,3052.2192008540005
46990,96235520,1.8978651762008667,,,7.05124729385109e-05,3052.7708186140007
47000,96256000,2.087651014328003,1.9719923555850982,7.184977267084743,7.046302951624057e-05,3053.6763506009993
47010,96276480,2.0350027084350586,,,7.041361096474019e-05,3054.522108953999
47020,96296960,2.103804349899292,,,7.036421729701085e-05,3055.0770388499986
47030,96317440,2.0133731365203857,,,7.031484852604694e-05,3055.639872232001
47040,96337920,1.9934449195861816,,,7.026550466483637e-05,3056.481678832999
47050,96358400,1.8191251754760742,,,7.021618572636062e-05,3057.0592127220007
47060,96378880,1.8690464496612549,,,7.01668917235945e-05,3057.8641968049997
47070,96399360,1.9739505052566528,,,7.01176226695062e-05,3058.6181754309982
47080,96419840,1.7882463932037354,,,7.006837857705742e-05,3059.2575029149993
47090,96440320,2.3252429962158203,,,7.001915945920331e-05,3059.870848082999
47100,96460800,1.91283118724823,1.9721930742263794,7.1864195707031975,6.996996532889247e-05,3060.7947708950014
47110,96481280,2.2445693016052246,,,6.992079619906675e-05,3061.4226238019983
47120,96501760,1.7598998546600342,,,6.98716520826617e-05,3062.0641229840003
47130,96522240,2.07399320602417,,,6.982253299260607e-05,3062.6274071410007
47140,96542720,2.0271172523498535,,,6.977343894182216e-05,3063.250844312999
47150,96563200,2.0468244552612305,,,6.972436994322556e-05,3063.8429255970004
47160,96583680,2.089301109313965,,,6.967532600972535e-05,3064.3435200659987
47170,96604160,1.7772351503372192,,,6.9626307154224e-05,3065.0312752669997
47180,96624640,2.035255193710327,,,6.957731338961741e-05,3065.5522549250018
47190,96645120,1.9628031253814697,,,6.952834472879483e-05,3066.2441659270007
47200,96665600,2.099672317504883,1.9713805317878723,7.180582671506375,6.947940118463891e-05,3067.1318358860008
47210,96686080,2.284799575805664,,,6.943048277002576e-05,3067.7642547409996
47220,96706560,1.8390201330184937,,,6.938158949782481e-05,3068.2500877380007
47230,96727040,1.6797409057617188,,,6.933272138089886e-05,3068.7982933759995
47240,96747520,1.7181644439697266,,,6.928387843210412e-05,3069.5088610109997
47250,96768000,1.8711919784545898,,,6.923506066429018e-05,3070.1716582679983
47260,96788480,2.1170949935913086,,,6.918626809030009e-05,3070.8123235480016
47270,96808960,2.074429988861084,,,6.913750072297018e-05,3071.55504716
47280,96829440,2.1308884620666504,,,6.908875857513009e-05,3072.4282720459996
47290,96849920,1.9010472297668457,,,6.904004165960292e-05,3073.058857314001
47300,96870400,1.7941563129425049,1.9712587654590608,7.179708371546967,6.899134998920512e-05,3074.0490569790018
47310,96890880,1.8385082483291626,,,6.894268357674647e-05,3074.554573874
47320,96911360,2.1372082233428955,,,6.889404243503015e-05,3075.163052783999
47330,96931840,2.137176275253296,,,6.884542657685264e-05,3075.682938406
47340,96952320,2.0019583702087402,,,6.879683601500382e-05,3076.301865865
47350,96972800,2.0124130249023438,,,6.874827076226687e-05,3076.9052507240012
47360,96993280,2.18137264251709,,,6.86997308314183e-05,3077.5089887510003
47370,97013760,2.0162134170532227,,,6.865121623522802e-05,3078.12037918
47380,97034240,1.8617805242538452,,,6.860272698645918e-05,3078.6988437639993
47390,97054720,2.017347574234009,,,6.855426309786848e-05,3079.224087988001
47400,97075200,2.1067311763763428,1.9724069237709045,7.187956547590205,6.850582458220563e-05,3080.028976898
47410,97095680,2.0543696880340576,,,6.845741145221386e-05,3080.5786219719994
47420,97116160,1.9958240985870361,,,6.840902372062975e-05,3081.2370476469987
47430,97136640,2.1480648517608643,,,6.836066140018312e-05,3081.810617998999
47440,97157120,1.8816304206848145,,,6.831232450359707e-05,3082.3913860969988
47450,97177600,2.0297634601593018,,,6.826401304358803e-05,3082.9898566230004
47460,97198080,1.8272032737731934,,,6.82157270328659e-05,3083.7752190620013
47470,97218560,1.9494271278381348,,,6.816746648413367e-05,3084.4460216299994
47480,97239040,2.0384509563446045,,,6.811923141008778e-05,3084.964233013001
47490,97259520,1.961735486984253,,,6.807102182341782e-05,3085.643153732999
47500,97280000,2.3219876289367676,1.9702987730503083,7.172819213312108,6.802283773680678e-05,3086.739527107002
47510,97300480,2.03671932220459,,,6.797467916293096e-05,3087.537213956999
47520,97320960,1.9582030773162842,,,6.792654611445989e-05,3088.1179698369997
47530,97341440,2.1273486614227295,,,6.787843860405638e-05,3088.6935168380005
47540,97361920,2.0288524627685547,,,6.78303566443766e-05,3089.1980448159993
47550,97382400,2.058591365814209,,,6.778230024806989e-05,3089.7493228509993
47560,97402880,1.955413818359375,,,6.773426942777901e-05,3090.312229392999
47570,97423360,2.0951061248779297,,,6.768626419613977e-05,3090.8324283069996
47580,97443840,1.7678682804107666,,,6.76382845657814e-05,3091.414025514001
47590,97464320,1.9528722763061523,,,6.759033054932644e-05,3092.0816314000003
47600,97484800,2.1015100479125977,1.9706823348999023,7.175570960815314,6.754240215939067e-05,3092.8995281780008
47610,97505280,2.1111936569213867,,,6.749449940858294e-05,3093.4385924519993
47620,97525760,1.942976951599121,,,6.744662230950558e-05,3093.954789522999
47630,97546240,2.0116848945617676,,,6.739877087475409e-05,3094.5793054759997
47640,97566720,1.9786272048950195,,,6.735094511691722e-05,3095.2610887670016
47650,97587200,2.1478800773620605,,,6.730314504857686e-05,3095.9942285219986
47660,97607680,1.9864277839660645,,,6.72553706823084e-05,3096.670706634999
47670,97628160,1.9310023784637451,,,6.720762203068021e-05,3097.2772084300013
47680,97648640,2.267160177230835,,,6.715989910625405e-05,3097.8907034859985
47690,97669120,2.099057674407959,,,6.711220192158486e-05,3098.5462194790016
47700,97689600,1.8902971744537354,1.9709189414978028,7.177268949118043,6.706453048922076e-05,3099.748531428999
47710,97710080,2.210146903991699,,,6.701688482170315e-05,3100.362058319999
47720,97730560,1.955087661743164,,,6.696926493156664e-05,3100.986470431999
47730,97751040,1.9618568420410156,,,6.692167083133915e-05,3101.584848314
47740,97771520,2.0206799507141113,,,6.687410253354162e-05,3102.2964197360016
47750,97792000,1.7798306941986084,,,6.682656005068835e-05,3102.896687225999
47760,97812480,2.039374351501465,,,6.677904339528681e-05,3103.5770353260014
47770,97832960,2.1095130443573,,,6.673155257983772e-05,3104.101095522001
47780,97853440,1.908698558807373,,,6.668408761683486e-05,3104.7492219000014
47790,97873920,1.9721721410751343,,,6.66366485187653e-05,3105.3674227310003
47800,97894400,2.0144004821777344,1.9699519753456116,7.170332127355504,6.658923529810942e-05,3106.4382852749986
47810,97914880,1.9741699695587158,,,6.654184796734066e-05,3107.200289234999
47820,97935360,2.0397486686706543,,,6.64944865389256e-05,3107.761409453
47830,97955840,1.7777929306030273,,,6.64471510253241e-05,3108.319526714
47840,97976320,1.7717143297195435,,,6.639984143898919e-05,3108.9813589219993
47850,97996800,1.9902091026306152,,,6.635255779236712e-05,3109.6775058079984
47860,98017280,2.125365972518921,,,6.63053000978971e-05,3110.564612078
47870,98037760,1.7211332321166992,,,6.625806836801186e-05,3111.2600475280015
47880,98058240,2.0303168296813965,,,6.621086261513703e-05,3111.850900633999
47890,98078720,2.0231547355651855,,,6.616368285169152e-05,3112.5418965380013
47900,98099200,2.106182813644409,1.9709093868732452,7.177200373335494,6.611652909008738e-05,3113.4331543510016
47910,98119680,1.8618955612182617,,,6.606940134272975e-05,3114.138390838001
47920,98140160,2.0018868446350098,,,6.6022299622017e-05,3114.7575423790004
47930,98160640,1.8733410835266113,,,6.597522394034071e-05,3115.352837816001
47940,98181120,1.9507486820220947,,,6.592817431008555e-05,3115.913321903001
47950,98201600,1.9559653997421265,,,6.588115074362925e-05,3116.5289395699983
47960,98222080,1.9201350212097168,,,6.583415325334279e-05,3117.101490887999
47970,98242560,2.3977746963500977,,,6.578718185159025e-05,3117.6051541099987
47980,98263040,2.0031399726867676,,,6.574023655072895e-05,3118.206896814001
47990,98283520,2.005645751953125,,,6.569331736310908e-05,3118.836530837001
48000,98304000,2.000894784927368,1.9691458523273468,7.1645542867170935,6.564642430107427e-05,3119.9561763950005
48010,98324480,2.202887535095215,,,6.559955737696111e-05,3120.872455451001
48020,98344960,2.0061306953430176,,,6.555271660309935e-05,3121.4980020779985
48030,98365440,1.9707121849060059,,,6.550590199181181e-05,3122.113804894001
48040,98385920,2.154446840286255,,,6.54591135554145e-05,3122.6637328239995
48050,98406400,2.1339712142944336,,,6.541235130621649e-05,3123.1903257420017
48060,98426880,1.7290494441986084,,,6.536561525652003e-05,3123.819955531999
48070,98447360,1.979685664176941,,,6.531890541862037e-05,3124.417849640002
48080,98467840,1.8645968437194824,,,6.527222180480599e-05,3124.9398012009988
48090,98488320,2.2005882263183594,,,6.522556442735835e-05,3125.4685148220015
48100,98508800,1.99605131149292,1.9684520781040191,7.159585427463874,6.517893329855211e-05,3126.365310762001
48110,98529280,1.9661822319030762,,,6.513232843065499e-05,3126.987358609
48120,98549760,1.908050537109375,,,6.508574983592774e-05,3127.62809613
48130,98570240,2.060645580291748,,,6.50391975266242e-05,3128.194034073
48140,98590720,1.8884652853012085,,,6.499267151499148e-05,3128.7649541540013
48150,98611200,1.8106821775436401,,,6.494617181326962e-05,3129.376840461002
48160,98631680,1.9172604084014893,,,6.489969843369165e-05,3130.0389070599995
48170,98652160,2.1193294525146484,,,6.485325138848383e-05,3130.6844333510016
48180,98672640,2.0543079376220703,,,6.480683068986543e-05,3131.2125328250004
48190,98693120,2.040022611618042,,,6.476043635004886e-05,3131.7792509030005
48200,98713600,1.7361035346984863,1.9677769362926483,7.154753323351019,6.471406838123941e-05,3132.7277865700016
48210,98734080,2.2403206825256348,,,6.466772679563569e-05,3133.272962338
48220,98754560,1.9917480945587158,,,6.462141160542916e-05,3133.8375511619997
48230,98775040,1.881274938583374,,,6.457512282280447e-05,3134.4345151570014
48240,98795520,1.891919732093811,,,6.452886045993921e-05,3135.133686508001
48250,98816000,1.999637246131897,,,6.448262452900407e-05,3135.8149650960004
48260,98836480,1.7716529369354248,,,6.443641504216278e-05,3136.4289392050014
48270,98856960,1.973623275756836,,,6.439023201157224e-05,3136.988298389999
48280,98877440,2.112363815307617,,,6.434407544938214e-05,3137.4782138299997
48290,98897920,1.9975156784057617,,,6.429794536773541e-05,3138.0844396659995
48300,98918400,2.10097074508667,1.969215339422226,7.1650521480778515,6.425184177876793e-05,3138.878017403
48310,98938880,1.9099631309509277,,,6.420576469460863e-05,3139.424927905002
48320,98959360,1.8726863861083984,,,6.415971412737943e-05,3139.9876935559987
48330,98979840,2.01065731048584,,,6.411369008919527e-05,3140.5435141179987
48340,99000320,2.1522655487060547,,,6.406769259216427e-05,3141.0831145970005
48350,99020800,1.8994520902633667,,,6.402172164838736e-05,3141.7713946209988
48360,99041280,1.8964083194732666,,,6.397577726995861e-05,3142.3173775130017
48370,99061760,1.8705312013626099,,,6.392985946896502e-05,3142.897417742999
48380,99082240,2.2060861587524414,,,6.388396825748665e-05,3143.455015468
48390,99102720,2.1170291900634766,,,6.383810364759652e-05,3144.0141752810014
48400,99123200,1.973682165145874,1.9671765685081481,7.1504591291265545,6.379226565136073e-05,3144.9186570320016
48410,99143680,1.838895559310913,,,6.374645428083834e-05,3145.425639680001
48420,99164160,1.8738796710968018,,,6.370066954808136e-05,3146.175543221001
48430,99184640,1.6870181560516357,,,6.365491146513485e-05,3146.8393246839987
48440,99205120,1.9519546031951904,,,6.360918004403687e-05,3147.4852037009987
48450,99225600,2.091440439224243,,,6.356347529681836e-05,3148.070727907001
48460,99246080,2.1085822582244873,,,6.351779723550334e-05,3148.6208983290016
48470,99266560,1.9433810710906982,,,6.347214587210878e-05,3149.164949662001
48480,99287040,1.9414958953857422,,,6.342652121864473e-05,3149.715101416001
48490,99307520,1.9538915157318115,,,6.338092328711399e-05,3150.377262056001
48500,99328000,1.843930721282959,1.9653705179691314,7.137556693294889,6.333535208951252e-05,3151.4093933170006
48510,99348480,1.9400475025177002,,,6.328980763782917e-05,3152.4368157559984
48520,99368960,2.0591278076171875,,,6.32442899440458e-05,3153.1484871409994
48530,99389440,2.2405714988708496,,,6.319879902013712e-05,3153.6287235359996
48540,99409920,2.0061779022216797,,,6.31533348780709e-05,3154.299234645001
48550,99430400,1.982542872428894,,,6.310789752980787e-05,3155.0245707430004
48560,99450880,2.1520116329193115,,,6.306248698730168e-05,3155.6535421160006
48570,99471360,2.1370577812194824,,,6.301710326249896e-05,3156.3402416870013
48580,99491840,1.9597773551940918,,,6.297174636733915e-05,3157.0384897490003
48590,99512320,1.8793513774871826,,,6.292641631375479e-05,3157.657695351001
48600,99532800,1.8447136878967285,1.9648001968860627,7.133487154813209,6.288111311367127e-05,3158.8729429839987
48610,99553280,1.8381640911102295,,,6.283583677900706e-05,3159.6101089020012
48620,99573760,2.2475011348724365,,,6.279058732167334e-05,3160.196944416999
48630,99594240,1.9394879341125488,,,6.274536475357436e-05,3160.918628665
48640,99614720,2.09218692779541,,,6.270016908660726e-05,3161.3958077179996
48650,99635200,1.8895009756088257,,,6.265500033266215e-05,3162.0632263459993
48660,99655680,1.767682671546936,,,6.260985850362195e-05,3162.5449853060018
48670,99676160,1.9734708070755005,,,6.256474361136256e-05,3163.1321071380007
48680,99696640,1.9226869344711304,,,6.251965566775287e-05,3163.9733653820003
48690,99717120,2.048388957977295,,,6.247459468465461e-05,3164.6809451109984
48700,99737600,2.1318259239196777,1.9652591109275819,7.136761563512148,6.242956067392235e-05,3165.5111799240003
48710,99758080,1.9372632503509521,,,6.238455364740366e-05,3166.073086788001
48720,99778560,2.2576520442962646,,,6.233957361693898e-05,3166.6742664800004
48730,99799040,1.9002037048339844,,,6.229462059436168e-05,3167.305498072001
48740,99819520,2.022733449935913,,,6.224969459149789e-05,3167.902952365999
48750,99840000,2.0075430870056152,,,6.220479562016685e-05,3168.4625682449987
48760,99860480,2.104619026184082,,,6.215992369218052e-05,3169.1278724500007
48770,99880960,2.235123872756958,,,6.211507881934382e-05,3169.8104122520017
48780,99901440,2.062354326248169,,,6.207026101345456e-05,3170.5520988159988
48790,99921920,1.9793494939804077,,,6.202547028630333e-05,3171.053961272999
48800,99942400,2.2014236450195312,1.963660341501236,7.125360643470938,6.198070664967369e-05,3172.0446217390017
48810,99962880,1.7367892265319824,,,6.193597011534202e-05,3172.7283507419997
48820,99983360,1.878187894821167,,,6.189126069507772e-05,3173.196987800002
48830,100003840,2.201261281967163,,,6.184657840064281e-05,3173.701788822
48840,100024320,2.0291452407836914,,,6.180192324379236e-05,3174.3170361740013
48850,100044800,1.880561351776123,,,6.175729523627422e-05,3174.8797682440018
48860,100065280,1.92543363571167,,,6.171269438982916e-05,3175.4609979880006
48870,100085760,2.1427416801452637,,,6.16681207161907e-05,3176.2679243349994
48880,100106240,2.1348719596862793,,,6.162357422708525e-05,3176.856411364999
48890,100126720,2.0637691020965576,,,6.15790549342322e-05,3177.5619324809995
48900,100147200,2.083756923675537,1.962239545583725,7.115244148597023,6.153456284934365e-05,3178.440548191
48910,100167680,1.8795413970947266,,,6.149009798412451e-05,3179.1760800779994
48920,100188160,1.8588366508483887,,,6.144566035027262e-05,3179.814183556002
48930,100208640,2.0128350257873535,,,6.140124995947864e-05,3180.426145171001
48940,100229120,2.0991764068603516,,,6.135686682342605e-05,3181.1188640719993
48950,100249600,1.7497835159301758,,,6.131251095379109e-05,3181.773132352999
48960,100270080,1.8478845357894897,,,6.126818236224298e-05,3182.4911847600015
48970,100290560,1.8455677032470703,,,6.122388106044364e-05,3183.2113353640016
48980,100311040,2.102588653564453,,,6.117960706004788e-05,3183.7558393239997
48990,100331520,1.9745601415634155,,,6.113536037270328e-05,3184.432987370001
49000,100352000,1.8638889789581299,1.9629868984222412,7.120563734064263,6.109114101005022e-05,3185.4110803410003
49010,100372480,2.1011478900909424,,,6.104694898372188e-05,3186.350305183001
49020,100392960,2.1225388050079346,,,6.100278430534442e-05,3187.0172857069992
49030,100413440,2.1753787994384766,,,6.095864698653666e-05,3187.591815492
49040,100433920,1.8360435962677002,,,6.091453703891015e-05,3188.2086474419993
49050,100454400,1.9225093126296997,,,6.0870454474069345e-05,3188.8166060699987
49060,100474880,1.6545203924179077,,,6.0826399303611514e-05,3189.4111127649994
49070,100495360,2.073521137237549,,,6.0782371539126696e-05,3190.0661722430013
49080,100515840,2.0503296852111816,,,6.0738371192197625e-05,3190.634438178
49090,100536320,1.739532232284546,,,6.069439827439999e-05,3191.324116017
49100,100556800,2.212608814239502,1.9638335347175597,7.1265948144701845,6.065045279730216e-05,3192.486714810999
49110,100577280,2.2683188915252686,,,6.060653477246533e-05,3193.017229211
49120,100597760,2.152919292449951,,,6.0562644211443366e-05,3193.694248672
49130,100618240,1.7268307209014893,,,6.051878112578304e-05,3194.2689770430006
49140,100638720,2.093080520629883,,,6.047494552702384e-05,3194.866062666999
49150,100659200,2.023336410522461,,,6.043113742669802e-05,3195.484938851001
49160,100679680,1.8424087762832642,,,6.0387356836330615e-05,3196.0439701130017
49170,100700160,2.3008832931518555,,,6.034360376743941e-05,3196.7162629800005
49180,100720640,1.9522731304168701,,,6.0299878231534974e-05,3197.232698353
49190,100741120,1.9535529613494873,,,6.0256180240120586e-05,3197.836482065999
49200,100761600,1.9653807878494263,1.9630374014377594,7.12092335308587,6.021250980469236e-05,3198.6913804100004
49210,100782080,2.042236089706421,,,6.016886693673904e-05,3199.2031724049993
49220,100802560,2.5429399013519287,,,6.0125251647742166e-05,3199.769194327
49230,100823040,1.8623301982879639,,,6.008166394917611e-05,3200.374677161999
49240,100843520,2.0565428733825684,,,6.003810385250795e-05,3200.967764459001
49250,100864000,1.7235727310180664,,,5.999457136919735e-05,3201.6560564419997
49260,100884480,1.8865914344787598,,,5.99510665106969e-05,3202.3223724400013
49270,100904960,1.9419794082641602,,,5.9907589288451844e-05,3202.9117916190007
49280,100925440,2.034736156463623,,,5.9864139713900186e-05,3203.530959453001
49290,100945920,2.2009806632995605,,,5.9820717798472536e-05,3204.1511451119986
49300,100966400,1.8798466920852661,1.9619708061218262,7.113332258624898,5.977732355359242e-05,3205.1344329040003
49310,100986880,1.8921676874160767,,,5.973395699067596e-05,3205.6405141959985
49320,101007360,1.8249993324279785,,,5.9690618121132064e-05,3206.2458037879987
49330,101027840,1.8120362758636475,,,5.964730695636223e-05,3206.8239384189983
49340,101048320,2.291450023651123,,,5.960402350776081e-05,3207.439643687001
49350,101068800,1.99800443649292,,,5.9560767786714746e-05,3208.213692464
49360,101089280,2.263984203338623,,,5.951753980460387e-05,3208.746524536
49370,101109760,1.893359661102295,,,5.947433957280047e-05,3209.329430946
49380,101130240,1.9517748355865479,,,5.9431167102669715e-05,3209.963765902001
49390,101150720,2.313095808029175,,,5.938802240556938e-05,3210.496927016
49400,101171200,1.985390305519104,1.96285383105278,7.119616282417939,5.934490549284999e-05,3211.4273237980015
49410,101191680,2.183422327041626,,,5.930181637585475e-05,3212.045234776
49420,101212160,2.1114368438720703,,,5.925875506591945e-05,3212.6864767020015
49430,101232640,2.000560760498047,,,5.921572157437275e-05,3213.2773122860017
49440,101253120,1.8779364824295044,,,5.917271591253586e-05,3213.8317355420004
49450,101273600,1.9203057289123535,,,5.912973809172273e-05,3214.446726162001
49460,101294080,2.0804007053375244,,,5.90867881232399e-05,3214.9841405439984
49470,101314560,2.0520381927490234,,,5.9043866018386665e-05,3215.5264800939985
49480,101335040,1.839310884475708,,,5.900097178845496e-05,3216.0807390920017
49490,101355520,2.1007347106933594,,,5.8958105444729405e-05,3216.6474583739982
49500,101376000,2.009199380874634,1.961037015914917,7.106692998943573,5.891526699848728e-05,3217.617463564002
49510,101396480,1.975588083267212,,,5.887245646099849e-05,3218.532687089999
49520,101416960,2.134321689605713,,,5.8829673843525624e-05,3219.1061547880017
49530,101437440,1.9860469102859497,,,5.8786919157324e-05,3219.7934716620002
49540,101457920,1.8584208488464355,,,5.8744192413641395e-05,3220.687110572999
49550,101478400,1.805728793144226,,,5.8701493623718404e-05,3221.407697937
49560,101498880,2.091190814971924,,,5.865882279878819e-05,3222.0955603779985
49570,101519360,2.1486363410949707,,,5.861617995007671e-05,3222.6507006819993
49580,101539840,2.2549142837524414,,,5.8573565088802286e-05,3223.1537472329983
49590,101560320,1.80527663230896,,,5.85309782261761e-05,3223.688362118999
49600,101580800,1.8405663967132568,1.9598275601863862,7.098102964065649,5.848841937340189e-05,3224.6254501660005
49610,101601280,2.0781421661376953,,,5.8445888541676055e-05,3225.178180400999
49620,101621760,2.170346736907959,,,5.840338574218753e-05,3225.8093577699983
49630,101642240,1.820130705833435,,,5.836091098611795e-05,3226.4061352829995
49640,101662720,1.9970803260803223,,,5.831846428464164e-05,3227.004599930002
49650,101683200,2.090169906616211,,,5.827604564892543e-05,3227.5679864619997
49660,101703680,2.117316246032715,,,5.823365509012885e-05,3228.1623886300004
49670,101724160,1.7975046634674072,,,5.8191292619403926e-05,3228.7402768210013
49680,101744640,1.865116834640503,,,5.81489582478954e-05,3229.338661881
49690,101765120,2.1812682151794434,,,5.810665198674056e-05,3229.93400415
49700,101785600,2.034963607788086,1.9591898798942566,7.093578086559894,5.806437384706942e-05,3230.868327723001
49710,101806080,1.8241713047027588,,,5.802212384000445e-05,3231.478169137001
49720,101826560,2.029459238052368,,,5.7979901976660755e-05,3232.284640968999
49730,101847040,1.9307787418365479,,,5.7937708268146075e-05,3232.845899740001
49740,101867520,2.0070784091949463,,,5.7895542725560755e-05,3233.578603012
49750,101888000,1.7244553565979004,,,5.785340535999765e-05,3234.2061300940004
49760,101908480,1.8482580184936523,,,5.7811296182542216e-05,3234.758764552
49770,101928960,2.024057388305664,,,5.7769215204272624e-05,3235.3695660269987
49780,101949440,1.9476113319396973,,,5.772716243625953e-05,3236.023773486999
49790,101969920,1.893534541130066,,,5.7685137889566086e-05,3236.769853621001
49800,101990400,2.0922560691833496,1.9600588142871858,7.099744619296422,5.764314157524814e-05,3237.590906882
49810,102010880,1.8952155113220215,,,5.760117350435408e-05,3238.2657797579996
49820,102031360,1.9475302696228027,,,5.755923368792489e-05,3238.8874903040014
49830,102051840,2.074364185333252,,,5.7517322136993985e-05,3239.5361334359986
49840,102072320,2.20544171333313,,,5.747543886258757e-05,3240.4199395120013
49850,102092800,1.8540420532226562,,,5.743358387572422e-05,3241.1234842010017
49860,102113280,2.007904529571533,,,5.739175718741517e-05,3241.7929291149994
49870,102133760,2.0013091564178467,,,5.734995880866421e-05,3242.4217710810008
49880,102154240,1.9908936023712158,,,5.7308188750467554e-05,3243.074311419001
49890,102174720,1.8283114433288574,,,5.726644702381413e-05,3243.588297823
49900,102195200,2.0013179779052734,1.9604586780071258,7.102584117258794,5.722473363968527e-05,3244.4496070560017
49910,102215680,1.98085355758667,,,5.718304860905508e-05,3245.067336865999
49920,102236160,2.078885078430176,,,5.714139194288991e-05,3245.729079634999
49930,102256640,1.7794904708862305,,,5.709976365214882e-05,3246.3563633910017
49940,102277120,2.351010799407959,,,5.705816374778339e-05,3246.9293600570018
49950,102297600,1.8914577960968018,,,5.701659224073775e-05,3247.4388433480017
49960,102318080,1.7908539772033691,,,5.697504914194845e-05,3248.036704702001
49970,102338560,1.9776549339294434,,,5.693353446234464e-05,3248.5512717599995
49980,102359040,2.068784475326538,,,5.689204821284807e-05,3249.3035487529996
49990,102379520,1.9286646842956543,,,5.685059040437293e-05,3249.964584625999
50000,102400000,2.012160062789917,1.9580153226852417,7.085251164461113,5.6809161047825864e-05,3250.9098456220017
50010,102420480,2.1773219108581543,,,5.6767760154106145e-05,3251.7023900269996
50020,102440960,2.2526893615722656,,,5.672638773410548e-05,3252.2852916429983
50030,102461440,1.9869167804718018,,,5.6685043798708174e-05,3252.925957358999
50040,102481920,2.2175164222717285,,,5.664372835879093e-05,3253.5578805059995
50050,102502400,2.0607247352600098,,,5.660244142522304e-05,3254.2424780740002
50060,102522880,1.959371566772461,,,5.656118300886624e-05,3254.8777412730014
50070,102543360,2.0953803062438965,,,5.651995312057482e-05,3255.5824550949983
50080,102563840,1.9599761962890625,,,5.6478751771195524e-05,3256.1843880449997
50090,102584320,2.0100491046905518,,,5.6437578971567556e-05,3256.9494714639986
50100,102604800,1.9202051162719727,1.9584330916404724,7.0882117808213785,5.639643473252264e-05,3257.8655106119986
50110,102625280,1.8466750383377075,,,5.6355319064885066e-05,3258.492515981001
50120,102645760,1.9829576015472412,,,5.6314231979471524e-05,3259.1471339480013
50130,102666240,2.114258289337158,,,5.6273173487091156e-05,3259.8079905119994
50140,102686720,1.865107536315918,,,5.6232143598545645e-05,3260.3419977179983
50150,102707200,2.082131862640381,,,5.619114232462911e-05,3260.9375006519986
50160,102727680,2.0255932807922363,,,5.615016967612822e-05,3261.647964674001
50170,102748160,2.1951770782470703,,,5.6109225663821926e-05,3262.1960569250004
50180,102768640,2.1842634677886963,,,5.6068310298481875e-05,3262.800820561999
50190,102789120,1.8403581380844116,,,5.6027423590872065e-05,3263.4051530750003
50200,102809600,2.049563407897949,1.9584448158740997,7.088294885159463,5.598656555174898e-05,3264.1644381920014
50210,102830080,2.0431790351867676,,,5.59457361918615e-05,3264.8749980909997
50220,102850560,1.7902460098266602,,,5.5904935521951e-05,3265.511150402999
50230,102871040,1.8857054710388184,,,5.58641635527513e-05,3266.3193194999985
50240,102891520,1.9272353649139404,,,5.5823420294988805e-05,3267.015922245999
50250,102912000,1.9942052364349365,,,5.5782705759382104e-05,3267.7428393189984
50260,102932480,1.8681460618972778,,,5.574201995664243e-05,3268.4220222440017
50270,102952960,2.010037422180176,,,5.5701362897473384e-05,3269.0759376120004
50280,102973440,2.0926713943481445,,,5.566073459257102e-05,3269.7085724470016
50290,102993920,2.0638294219970703,,,5.562013505262387e-05,3270.316372018002
50300,103014400,1.9666709899902344,1.9590732336044312,7.092750695251511,5.557956428831275e-05,3271.1616509170017
50310,103034880,2.1996302604675293,,,5.553902231031111e-05,3271.7003728339987
50320,103055360,1.9686371088027954,,,5.5498509129284674e-05,3272.223315681
50330,103075840,2.167942762374878,,,5.5458024755891696e-05,3272.763965479
50340,103096320,2.227602005004883,,,5.541756920078273e-05,3273.3350129110004
50350,103116800,1.8422601222991943,,,5.5377142474600845e-05,3273.860075716999
50360,103137280,2.113023281097412,,,5.533674458798151e-05,3274.5942667130003
50370,103157760,1.8472867012023926,,,5.529637555155258e-05,3275.2678753500004
50380,103178240,2.2539961338043213,,,5.525603537593431e-05,3275.856951829999
50390,103198720,1.878798484802246,,,5.5215724071739435e-05,3276.494867702
50400,103219200,1.9344602823257446,1.9576225996017456,7.0824691690891175,5.517544164957303e-05,3277.4644969010005
50410,103239680,2.0133166313171387,,,5.5135188120032606e-05,3278.062845951001
50420,103260160,2.040262222290039,,,5.5094963493708006e-05,3278.6255229060007
50430,103280640,2.129345655441284,,,5.505476778118154e-05,3279.2159446250007
50440,103301120,1.8562767505645752,,,5.5014600993027844e-05,3279.8082800129996
50450,103321600,2.0242180824279785,,,5.497446313981413e-05,3280.6250399540004
50460,103342080,2.2800989151000977,,,5.4934354232099714e-05,3281.189232397999
50470,103362560,2.1074109077453613,,,5.489427428043649e-05,3281.7708656860013
50480,103383040,2.218637228012085,,,5.485422329536871e-05,3282.3918730680016
50490,103403520,1.960315227508545,,,5.481420128743293e-05,3283.0714775240012
50500,103424000,2.0834829807281494,1.9570482134819032,7.078402265202565,5.47742082671582e-05,3284.021804729
50510,103444480,2.2397525310516357,,,5.473424424506577e-05,3284.9445263410016
50520,103464960,2.096573829650879,,,5.4694309231669475e-05,3285.529580923001
50530,103485440,1.8184914588928223,,,5.4654403237475375e-05,3286.299960788001
50540,103505920,2.2327396869659424,,,5.461452627298195e-05,3286.8988816890014
50550,103526400,2.1044249534606934,,,5.457467834867997e-05,3287.467736701001
50560,103546880,1.8545494079589844,,,5.4534859475052655e-05,3287.9930294219994
50570,103567360,1.9351979494094849,,,5.4495069662575526e-05,3288.583204221999
50580,103587840,1.8918588161468506,,,5.4455308921716556e-05,3289.142047096
50590,103608320,2.024869918823242,,,5.44155772629359e-05,3289.7516359639994
50600,103628800,2.256606101989746,1.9586146235466004,7.089498634215931,5.4375874696686196e-05,3290.6133700989994
50610,103649280,2.1074438095092773,,,5.4336201233412376e-05,3291.2067589610015
50620,103669760,2.3461833000183105,,,5.4296556883551794e-05,3291.7557917449994
50630,103690240,2.1750283241271973,,,5.425694165753398e-05,3292.3560995760017
50640,103710720,2.020338773727417,,,5.4217355565780906e-05,3292.890911344999
50650,103731200,2.100595474243164,,,5.417779861870694e-05,3293.390202175
50660,103751680,2.0417654514312744,,,5.4138270826718726e-05,3294.0922667759987
50670,103772160,2.0309903621673584,,,5.4098772200215164e-05,3294.667338752999
50680,103792640,1.6252654790878296,,,5.405930274958758e-05,3295.2399808869995
50690,103813120,2.0085041522979736,,,5.401986248521957e-05,3295.868209911001
50700,103833600,2.0387866497039795,1.9557466626167297,7.069195357539297,5.398045141748711e-05,3296.7559871589983
50710,103854080,2.172093152999878,,,5.394106955675838e-05,3297.292402932999
50720,103874560,2.2993459701538086,,,5.3901716913394045e-05,3298.012039915
50730,103895040,1.884701132774353,,,5.386239349774694e-05,3298.5098442089984
50740,103915520,2.1643946170806885,,,5.3823099320162286e-05,3299.010551296
50750,103936000,1.910320520401001,,,5.37838343909776e-05,3299.5408339079986
50760,103956480,1.7975093126296997,,,5.374459872052264e-05,3300.063368646999
50770,103976960,1.9390318393707275,,,5.370539231911956e-05,3300.5425068820005
50780,103997440,2.1273233890533447,,,5.3666215197082706e-05,3301.0838795630007
50790,104017920,1.8031729459762573,,,5.3627067364718926e-05,3301.661098323999
50800,104038400,2.011125326156616,1.9565993964672088,7.075226070647487,5.358794883232712e-05,3302.5582698340004
50810,104058880,2.2013604640960693,,,5.354885961019859e-05,3303.1141346680015
50820,104079360,2.265058755874634,,,5.350979970861695e-05,3303.612449881999
50830,104099840,1.7823474407196045,,,5.34707691378581e-05,3304.1950601999997
50840,104120320,2.0930237770080566,,,5.343176790819013e-05,3304.725829242001
50850,104140800,2.0808534622192383,,,5.339279602987347e-05,3305.341034797999
50860,104161280,1.8364633321762085,,,5.335385351316089e-05,3305.931213600001
50870,104181760,2.221809148788452,,,5.33149403682974e-05,3306.5574383370003
50880,104202240,2.198507308959961,,,5.327605660552021e-05,3307.274888592001
50890,104222720,1.8276525735855103,,,5.3237202235058844e-05,3307.9223818050014
50900,104243200,2.1754353046417236,1.957383006811142,7.080772463803825,5.3198377267135136e-05,3308.8659779379996
50910,104263680,1.9856972694396973,,,5.315958171196318e-05,3309.447885783
50920,104284160,1.7250317335128784,,,5.31208155797492e-05,3310.123698411
50930,104304640,2.0211639404296875,,,5.30820788806919e-05,3310.7407292300013
50940,104325120,2.433786630630493,,,5.304337162498205e-05,3311.1962760509996
50950,104345600,1.8154313564300537,,,5.300469382280278e-05,3311.7896154750015
50960,104366080,2.039322853088379,,,5.296604548432947e-05,3312.4208066130013
50970,104386560,2.0121076107025146,,,5.2927426619729645e-05,3313.063385114001
50980,104407040,1.8906147480010986,,,5.2888837239163156e-05,3313.753805963999
50990,104427520,1.919021487236023,,,5.2850277352782156e-05,3314.2991054070008
51000,104448000,1.8886146545410156,1.956533282995224,7.074758318349414,5.281174697073096e-05,3315.026743737999
51010,104468480,1.9515204429626465,,,5.277324610314609e-05,3315.9800094189995
51020,104488960,2.060811996459961,,,5.273477476015637e-05,3316.5946303970013
51030,104509440,2.01458740234375,,,5.2696332951882826e-05,3317.3789476560014
51040,104529920,2.1826171875,,,5.265792068843877e-05,3317.9139418689992
51050,104550400,2.0420804023742676,,,5.261953797992957e-05,3318.587060130001
51060,104570880,2.025057315826416,,,5.258118483645307e-05,3319.336750941002
51070,104591360,2.2016072273254395,,,5.254286126809917e-05,3319.9896558010005
51080,104611840,1.9743642807006836,,,5.250456728495006e-05,3320.6531887659985
51090,104632320,1.945526123046875,,,5.246630289708003e-05,3321.3860562320006
51100,104652800,1.9494680166244507,1.956527990102768,7.07472087251358,5.242806811455571e-05,3322.2130784229994
51110,104673280,1.9816620349884033,,,5.2389862947435924e-05,3322.7663266339987
51120,104693760,1.7679184675216675,,,5.235168740577164e-05,3323.2776271190014
51130,104714240,1.8561441898345947,,,5.231354149960611e-05,3323.871276537
51140,104734720,2.0391383171081543,,,5.227542523897474e-05,3324.4526822029984
51150,104755200,2.0115113258361816,,,5.223733863390516e-05,3325.1517932999996
51160,104775680,2.0388407707214355,,,5.219928169441715e-05,3325.690757982
51170,104796160,1.9314316511154175,,,5.2161254430522784e-05,3326.313909427001
51180,104816640,2.0429954528808594,,,5.212325685222619e-05,3327.0303759929993
51190,104837120,1.9579308032989502,,,5.208528896952379e-05,3327.7317516859985
51200,104857600,1.9194955825805664,1.9567322254180908,7.07616592792245,5.204735079240421e-05,3328.903224367001
51210,104878080,2.111377716064453,,,5.200944233084823e-05,3329.5256576889988
51220,104898560,2.1069161891937256,,,5.1971563594828726e-05,3330.2023470239983
51230,104919040,2.1628193855285645,,,5.1933714594310875e-05,3330.778172366001
51240,104939520,2.0547802448272705,,,5.1895895339251974e-05,3331.326048040999
51250,104960000,1.9868192672729492,,,5.1858105839601545e-05,3331.947939329999
51260,104980480,2.0290448665618896,,,5.182034610530114e-05,3332.6881873400016
51270,105000960,2.0505528450012207,,,5.178261614628468e-05,3333.333937890002
51280,105021440,1.8875385522842407,,,5.174491597247814e-05,3334.0358748069993
51290,105041920,2.2759642601013184,,,5.170724559379969e-05,3334.7741574479987
51300,105062400,2.0052835941314697,1.9547472953796388,7.062134164256676,5.166960502015959e-05,3335.694807626998
51310,105082880,1.9629650115966797,,,5.163199426146035e-05,3336.336368518001
51320,105103360,2.13077974319458,,,5.1594413327596556e-05,3337.0835079989993
51330,105123840,1.8595786094665527,,,5.15568622284551e-05,3337.5923859600007
51340,105144320,2.1955270767211914,,,5.151934097391484e-05,3338.3215318090006
51350,105164800,2.2039434909820557,,,5.148184957384685e-05,3339.2333769139987
51360,105185280,2.1303927898406982,,,5.144438803811441e-05,3339.822192716001
51370,105205760,2.0273702144622803,,,5.1406956376572855e-05,3340.365151047001
51380,105226240,2.0552306175231934,,,5.136955459906975e-05,3341.147501588999
51390,105246720,1.9317803382873535,,,5.133218271544466e-05,3341.6753393860017
51400,105267200,2.075479745864868,1.9534975230693816,7.053313617512498,5.129484073552944e-05,3342.5238216889993
51410,105287680,2.022298574447632,,,5.125752866914802e-05,3343.194077136999
51420,105308160,1.9634325504302979,,,5.122024652611646e-05,3343.6968740349985
51430,105328640,1.9408268928527832,,,5.118299431624287e-05,3344.379349147999
51440,105349120,1.9902276992797852,,,5.11457720493276e-05,3344.907156093999
51450,105369600,1.77534818649292,,,5.110857973516307e-05,3345.5207963499997
51460,105390080,2.0251095294952393,,,5.107141738353384e-05,3346.0839833930004
51470,105410560,2.2730679512023926,,,5.103428500421656e-05,3346.6703735369993
51480,105431040,1.828613519668579,,,5.099718260698003e-05,3347.379079653001
51490,105451520,2.070996046066284,,,5.096011020158511e-05,3347.9552663370014
51500,105472000,2.1664209365844727,1.9537907183170318,7.055381918738568,5.092306779778487e-05,3348.9523569179983
51510,105492480,1.8656108379364014,,,5.0886055405324324e-05,3349.8740855590004
51520,105512960,1.8865504264831543,,,5.084907303394074e-05,3350.4226620189984
51530,105533440,2.2241907119750977,,,5.08121206933634e-05,3351.045030964
51540,105553920,1.833411693572998,,,5.0775198393313795e-05,3351.7425118680003
51550,105574400,1.8544082641601562,,,5.073830614350537e-05,3352.2252570210003
51560,105594880,2.093186855316162,,,5.070144395364373e-05,3352.756275255
51570,105615360,1.9750443696975708,,,5.0664611833426616e-05,3353.388320637001
51580,105635840,1.9298970699310303,,,5.062780979254379e-05,3353.9873934220013
51590,105656320,1.9413182735443115,,,5.059103784067714e-05,3354.6764673479993
51600,105676800,1.7117533683776855,1.9540361642837525,7.05711384631282,5.0554295987500566e-05,3355.6186151529982
51610,105697280,1.880570650100708,,,5.0517584242680186e-05,3356.3589510480015
51620,105717760,1.8751795291900635,,,5.048090261587409e-05,3356.9127272650003
51630,105738240,2.0873448848724365,,,5.044425111673251e-05,3357.592136965999
51640,105758720,2.140073776245117,,,5.040762975489765e-05,3358.1837345099993
51650,105779200,2.020263910293579,,,5.037103854000388e-05,3358.8215671840007
51660,105799680,2.1692264080047607,,,5.033447748167757e-05,3359.381929477
51670,105820160,2.066983222961426,,,5.029794658953732e-05,3360.199928713999
51680,105840640,1.9474272727966309,,,5.026144587319354e-05,3360.751354573
51690,105861120,1.8750848770141602,,,5.0224975342248907e-05,3361.3097834170003
51700,105881600,1.830367088317871,1.954116952419281,7.057684000413209,5.018853500629804e-05,3362.1062166230004
51710,105902080,2.0491533279418945,,,5.01521248749277e-05,3362.744964911999
51720,105922560,1.9659547805786133,,,5.011574495771661e-05,3363.3419716889985
51730,105943040,1.9128384590148926,,,5.00793952642356e-05,3363.924374951999
51740,105963520,2.2689621448516846,,,5.004307580404757e-05,3364.421348893
51750,105984000,2.2613282203674316,,,5.000678658670744e-05,3364.9213415449994
51760,106004480,1.9763611555099487,,,4.997052762176214e-05,3365.4616797410017
51770,106024960,1.9280139207839966,,,4.993429891875069e-05,3365.9983628150003
51780,106045440,1.9773038625717163,,,4.989810048720412e-05,3366.4545477419997
51790,106065920,2.1681101322174072,,,4.9861932336645546e-05,3367.140432469001
51800,106086400,2.008289337158203,1.9538072288036346,7.055498407488855,4.982579447658999e-05,3367.992854305001
51810,106106880,1.8022103309631348,,,4.9789686916544676e-05,3368.5619988569997
51820,106127360,2.0255470275878906,,,4.975360966600874e-05,3369.2235622810003
51830,106147840,2.1499295234680176,,,4.9717562734473405e-05,3369.9449418410004
51840,106168320,2.1181721687316895,,,4.96815461314219e-05,3370.541331070999
51850,106188800,1.945324182510376,,,4.964555986632941e-05,3371.2193275770005
51860,106209280,2.092672824859619,,,4.9609603948663235e-05,3371.8242254079996
51870,106229760,1.7324397563934326,,,4.957367838788262e-05,3372.382337813
51880,106250240,1.6709141731262207,,,4.953778319343892e-05,3372.9545308999986
51890,106270720,2.2709574699401855,,,4.950191837477537e-05,3373.461795725001
51900,106291200,2.0004403591156006,1.9540038764476777,7.056885991056286,4.946608394132732e-05,3374.183933763001
51910,106311680,2.064208507537842,,,4.943027990252206e-05,3374.681475407
51920,106332160,2.3280365467071533,,,4.9394506267778956e-05,3375.4804602309996
51930,106352640,1.9501701593399048,,,4.935876304650927e-05,3376.1230939919988
51940,106373120,1.8423994779586792,,,4.9323050248116325e-05,3376.589167291
51950,106393600,2.0788445472717285,,,4.9287367881995474e-05,3377.2681966220007
51960,106414080,2.0403337478637695,,,4.925171595753406e-05,3377.828317665
51970,106434560,1.9205880165100098,,,4.9216094484111315e-05,3378.3875431999986
51980,106455040,1.9375221729278564,,,4.918050347109855e-05,3378.9427703090005
51990,106475520,1.9496873617172241,,,4.914494292785905e-05,3379.5586215250005
52000,106496000,2.2820286750793457,1.9519638955593108,7.042504752216659,4.9109412863748106e-05,3380.4103612610015
52010,106516480,2.2190229892730713,,,4.9073913288112884e-05,3381.239361554999
52020,106536960,2.1321730613708496,,,4.903844421029267e-05,3381.7873759659997
52030,106557440,2.1994190216064453,,,4.900300563961863e-05,3382.499890848001
52040,106577920,2.104142665863037,,,4.896759758541397e-05,3383.0077657770016
52050,106598400,1.903011441230774,,,4.893222005699385e-05,3383.7753648239996
52060,106618880,2.15443754196167,,,4.889687306366533e-05,3384.4134072179986
52070,106639360,2.1961703300476074,,,4.8861556614727466e-05,3384.903948446001
52080,106659840,2.289224624633789,,,4.8826270719471386e-05,3385.4407439550014
52090,106680320,2.0724387168884277,,,4.87910153871801e-05,3385.9821311669984
52100,106700800,2.2729883193969727,1.95250523686409,7.046318183018814,4.8755790627128494e-05,3386.806522693001
52110,106721280,1.7899506092071533,,,4.872059644858354e-05,3387.290591361001
52120,106741760,1.8417270183563232,,,4.868543286080411e-05,3387.9565232480018
52130,106762240,2.1214568614959717,,,4.865029987304107e-05,3388.419627473999
52140,106782720,2.004605770111084,,,4.86151974945371e-05,3389.028190199999
52150,106803200,1.9337078332901,,,4.8580125734527024e-05,3389.564560417999
52160,106823680,1.898206353187561,,,4.854508460223748e-05,3390.215432641002
52170,106844160,1.9968546628952026,,,4.851007410688714e-05,3390.6921159269987
52180,106864640,1.9147433042526245,,,4.847509425768644e-05,3391.2272186730006
52190,106885120,1.9983576536178589,,,4.844014506383796e-05,3391.783846964001
52200,106905600,1.8346240520477295,1.950432139635086,7.031725611455,4.8405226534536106e-05,3392.6663960650003
52210,106926080,1.8476240634918213,,,4.8370338678967235e-05,3393.3448075490014
52220,106946560,1.9368277788162231,,,4.8335481506309654e-05,3393.9643315290014
52230,106967040,1.779055118560791,,,4.830065502573355e-05,3394.6222119919985
52240,106987520,2.015899896621704,,,4.826585924640111e-05,3395.308133646002
52250,107008000,2.2056326866149902,,,4.823109417746637e-05,3396.0971468089992
52260,107028480,2.1035051345825195,,,4.819635982807535e-05,3396.7386419409995
52270,107048960,2.0334343910217285,,,4.816165620736591e-05,3397.2711406199996
52280,107069440,2.231172561645508,,,4.812698332446788e-05,3397.9119585959997
52290,107089920,1.8944635391235352,,,4.809234118850303e-05,3398.4839753259985
52300,107110400,1.7849183082580566,1.9504086911678313,7.031560730200369,4.8057729808585016e-05,3399.447284246002
52310,107130880,1.930246353149414,,,4.802314919381935e-05,3400.117215197999
52320,107151360,1.9012138843536377,,,4.798859935330351e-05,3400.6922555679994
52330,107171840,1.9077410697937012,,,4.7954080296126866e-05,3401.290410611
52340,107192320,2.093501567840576,,,4.791959203137072e-05,3401.7696899580005
52350,107212800,1.8990085124969482,,,4.788513456810813e-05,3402.247904448999
52360,107233280,2.2249608039855957,,,4.785070791540427e-05,3402.8125232380007
52370,107253760,2.090653419494629,,,4.781631208231606e-05,3403.5981458040005
52380,107274240,2.0713226795196533,,,4.778194707789237e-05,3404.1111851450005
52390,107294720,1.8800950050354004,,,4.774761291117391e-05,3404.6281200269987
52400,107315200,2.133047103881836,1.9508503139019013,7.034666713060661,4.771330959119331e-05,3405.350606991
52410,107335680,2.0064754486083984,,,4.7679037126975046e-05,3405.8986354420013
52420,107356160,1.8784494400024414,,,4.764479552753563e-05,3406.5167247710015
52430,107376640,1.9636738300323486,,,4.7610584801883215e-05,3407.1278804620015
52440,107397120,2.007902145385742,,,4.757640495901801e-05,3407.7639882360018
52450,107417600,1.8255813121795654,,,4.754225600793202e-05,3408.451315170001
52460,107438080,1.9477723836898804,,,4.750813795760917e-05,3409.1036721679993
52470,107458560,2.079160213470459,,,4.747405081702524e-05,3409.7498118840012
52480,107479040,1.8059108257293701,,,4.743999459514778e-05,3410.2876431529985
52490,107499520,2.071836471557617,,,4.74059693009364e-05,3410.8840486209992
52500,107520000,1.7977116107940674,1.9494102954864503,7.024543953676515,4.7371974943342425e-05,3411.789979055
52510,107540480,1.8826686143875122,,,4.733801153130911e-05,3412.6813163439983
52520,107560960,2.027360677719116,,,4.7304079073771504e-05,3413.2040427710017
52530,107581440,2.1532511711120605,,,4.727017757965657e-05,3413.745884021999
52540,107601920,2.155228614807129,,,4.72363070578831e-05,3414.3326192239983
52550,107622400,1.7893009185791016,,,4.7202467517361765e-05,3414.8858225959993
52560,107642880,1.7693886756896973,,,4.716865896699503e-05,3415.3514949630007
52570,107663360,1.9779853820800781,,,4.713488141567729e-05,3415.9403794540012
52580,107683840,1.916703224182129,,,4.710113487229471e-05,3416.4416668410013
52590,107704320,1.8916375637054443,,,4.7067419345725355e-05,3416.9414339079995
52600,107724800,2.015913486480713,1.9489171147346496,7.021080437948231,4.703373484483904e-05,3417.927957363001
52610,107745280,1.973426103591919,,,4.7000081378497505e-05,3418.576026472001
52620,107765760,2.2693674564361572,,,4.696645895555428e-05,3419.1693899700003
52630,107786240,2.2115273475646973,,,4.693286758485483e-05,3419.69019225
52640,107806720,2.047834634780884,,,4.689930727523628e-05,3420.585157663001
52650,107827200,2.160324811935425,,,4.6865778035527693e-05,3421.3839646179986
52660,107847680,1.8860576152801514,,,4.683227987454994e-05,3422.0513837069993
52670,107868160,2.2051844596862793,,,4.679881280111573e-05,3422.659588480001
52680,107888640,2.0206003189086914,,,4.676537682402953e-05,3423.2291237200006
52690,107909120,2.091501474380493,,,4.673197195208771e-05,3423.7887462450017
52700,107929600,2.204969882965088,1.9492588937282562,7.023480505877381,4.669859819407841e-05,3424.8069915339984
52710,107950080,1.993971824645996,,,4.6665255558781576e-05,3425.4396840150002
52720,107970560,2.0477733612060547,,,4.663194405496903e-05,3426.027170481
52730,107991040,1.9238535165786743,,,4.65986636914043e-05,3426.8117523729998
52740,108011520,1.7732489109039307,,,4.656541447684279e-05,3427.411397333999
52750,108032000,2.0234053134918213,,,4.653219642003169e-05,3428.091888064999
52760,108052480,1.971111536026001,,,4.649900952971007e-05,3428.761786646999
52770,108072960,1.8541302680969238,,,4.646585381460865e-05,3429.348946827002
52780,108093440,1.9460371732711792,,,4.643272928345006e-05,3429.8472842699994
52790,108113920,2.1317291259765625,,,4.639963594494871e-05,3430.463822021
52800,108134400,2.2418372631073,1.9469038009643556,7.006959020212577,4.636657380781078e-05,3431.3842009500004
52810,108154880,2.33762264251709,,,4.633354288073423e-05,3432.0859043029996
52820,108175360,2.1523842811584473,,,4.630054317240881e-05,3432.6993408140006
52830,108195840,2.0648040771484375,,,4.6267574691516166e-05,3433.2263065459993
52840,108216320,1.9323081970214844,,,4.6234637446729595e-05,3433.7748710259984
52850,108236800,1.9686827659606934,,,4.620173144671419e-05,3434.2901404330005
52860,108257280,2.2795355319976807,,,4.6168856700126904e-05,3434.8267627239984
52870,108277760,2.099055290222168,,,4.613601321561638e-05,3435.334814367001
52880,108298240,1.875657081604004,,,4.6103201001823125e-05,3436.0740402519987
52890,108318720,2.027709484100342,,,4.607042006737929e-05,3436.652327951
52900,108339200,1.830632209777832,1.9471083164215088,7.008392198188378,4.603767042090894e-05,3437.6280389130006
52910,108359680,2.0998075008392334,,,4.600495207102783e-05,3438.2437495369995
52920,108380160,1.9299821853637695,,,4.597226502634353e-05,3438.7118749660003
52930,108400640,2.2856650352478027,,,4.593960929545531e-05,3439.296767420001
52940,108421120,2.1904940605163574,,,4.5906984886954236e-05,3439.861767098999
52950,108441600,1.8668663501739502,,,4.587439180942308e-05,3440.3670963689983
52960,108462080,1.9937012195587158,,,4.584183007143653e-05,3441.0120878380003
52970,108482560,2.043436050415039,,,4.5809299681560886e-05,3441.630342984001
52980,108503040,2.1622891426086426,,,4.577680064835419e-05,3442.1753875700015
52990,108523520,1.889408826828003,,,4.5744332980366304e-05,3442.7323035970003
53000,108544000,2.006441593170166,1.9456990540027619,6.99852249058509,4.5711896686138837e-05,3443.603464005999
53010,108564480,1.7376092672348022,,,4.567949177420514e-05,3444.4541370039988
53020,108584960,2.014718532562256,,,4.56471182530902e-05,3445.1071132610014
53030,108605440,1.8171072006225586,,,4.561477613131093e-05,3445.6056819100013
53040,108625920,2.244429349899292,,,4.558246541737587e-05,3446.196370933001
53050,108646400,2.2714731693267822,,,4.555018611978533e-05,3446.7579032020003
53060,108666880,1.9293149709701538,,,4.551793824703129e-05,3447.4185893229987
53070,108687360,1.7231450080871582,,,4.548572180759754e-05,3448.0613690300015
53080,108707840,1.995627760887146,,,4.545353680995959e-05,3448.918853318999
53090,108728320,2.031585454940796,,,4.542138326258466e-05,3449.4889649319994
53100,108748800,1.9931648969650269,1.948397034406662,7.017429861510015,4.538926117393167e-05,3450.6145357919995
53110,108769280,2.0449776649475098,,,4.535717055245133e-05,3451.1655143770004
53120,108789760,1.9697328805923462,,,4.532511140658602e-05,3451.686857126999
53130,108810240,2.078603744506836,,,4.5293083744769855e-05,3452.3634085539998
53140,108830720,2.0808727741241455,,,4.52610875754287e-05,3453.164444425998
53150,108851200,1.8625819683074951,,,4.522912290698005e-05,3453.9173149749986
53160,108871680,2.2180869579315186,,,4.5197189747833136e-05,3454.565772987
53170,108892160,2.2038793563842773,,,4.5165288106389025e-05,3455.2649317530013
53180,108912640,2.0340943336486816,,,4.513341799104036e-05,3455.9427722559994
53190,108933120,2.0698652267456055,,,4.5101579410171494e-05,3456.5703786990016
53200,108953600,1.8909811973571777,1.9470322012901307,7.007858773796555,4.506977237215853e-05,3457.6747504119994
53210,108974080,2.122645139694214,,,4.503799688536927e-05,3458.3365286900007
53220,108994560,1.941906452178955,,,4.500625295816321e-05,3458.940570316001
53230,109015040,2.0780673027038574,,,4.497454059889148e-05,3459.5919254260007
53240,109035520,2.077542781829834,,,4.4942859815897027e-05,3460.473173948001
53250,109056000,2.0305800437927246,,,4.491121061751441e-05,3460.9944451260017
53260,109076480,1.9826561212539673,,,4.487959301206989e-05,3461.7285693939994
53270,109096960,2.0579185485839844,,,4.4848007007881425e-05,3462.224583400999
53280,109117440,1.8004674911499023,,,4.4816452613258626e-05,3462.805176115002
53290,109137920,2.138782501220703,,,4.478492983650282e-05,3463.495195036001
53300,109158400,1.6430776119232178,1.9473191559314729,7.009869999949106,4.475343868590709e-05,3464.431308125
53310,109178880,1.9192806482315063,,,4.4721979169756054e-05,3464.969149875
53320,109199360,2.2965316772460938,,,4.469055129632608e-05,3465.500936340999
53330,109219840,2.3857927322387695,,,4.465915507388521e-05,3466.249651563001
53340,109240320,2.137686252593994,,,4.462779051069317e-05,3466.9283695170016
53350,109260800,2.2259812355041504,,,4.459645761500138e-05,3467.7394107010005
53360,109281280,1.9177402257919312,,,4.456515639505278e-05,3468.362983281
53370,109301760,1.9879193305969238,,,4.453388685908218e-05,3469.0002774230015
53380,109322240,2.021003246307373,,,4.4502649015315966e-05,3469.679254126
53390,109342720,1.952390432357788,,,4.447144287197218e-05,3470.3247209949986
53400,109363200,1.9097366333007812,1.9473475873470307,7.010069303309305,4.4440268437260486e-05,3471.432442712001
53410,109383680,1.7483881711959839,,,4.4409125719382266e-05,3472.0227921410005
53420,109404160,2.02101469039917,,,4.4378014726530556e-05,3472.629584014001
53430,109424640,1.814126968383789,,,4.434693546689004e-05,3473.365651977001
53440,109445120,2.034968852996826,,,4.431588794863702e-05,3473.9750466199985
53450,109465600,1.7847776412963867,,,4.428487217993947e-05,3474.736247388999
53460,109486080,1.8988890647888184,,,4.4253888168957025e-05,3475.5197674340016
53470,109506560,1.8471797704696655,,,4.422293592384099e-05,3476.2556491549985
53480,109527040,2.0315136909484863,,,4.419201545273421e-05,3476.8255077899994
53490,109547520,1.9968198537826538,,,4.416112676377126e-05,3477.5377081929983
53500,109568000,2.151470184326172,1.9466810643672943,7.005398487804957,4.413026986507831e-05,3478.409537988002
53510,109588480,2.180065155029297,,,4.4099444764773275e-05,3479.237394607
53520,109608960,1.8027846813201904,,,4.406865147096552e-05,3479.916068112001
53530,109629440,1.8691989183425903,,,4.403788999175618e-05,3480.4591750040017
53540,109649920,1.850529670715332,,,4.400716033523797e-05,3481.1276136630004
53550,109670400,2.1706342697143555,,,4.397646250949526e-05,3481.6633744790015
53560,109690880,1.8447232246398926,,,4.394579652260404e-05,3482.1991859510017
53570,109711360,1.9076179265975952,,,4.3915162382631825e-05,3482.7773837720015
53580,109731840,1.776437759399414,,,4.388456009763794e-05,3483.4131156309995
53590,109752320,2.053961753845215,,,4.3853989675673195e-05,3483.9352793219987
53600,109772800,1.7612498998641968,1.9456763327121736,6.9983634769283976,4.382345112478007e-05,3484.9077171729987
53610,109793280,2.0966148376464844,,,4.3792944452992596e-05,3485.555934562999
53620,109813760,2.0575523376464844,,,4.3762469668336495e-05,3486.203610667999
53630,109834240,2.0535013675689697,,,4.373202677882903e-05,3486.7880614569985
53640,109854720,2.021822214126587,,,4.370161579247918e-05,3487.405551394
53650,109875200,2.210033416748047,,,4.367123671728741e-05,3488.102378740001
53660,109895680,2.100764751434326,,,4.3640889561245854e-05,3488.9178862459994
53670,109916160,1.9046452045440674,,,4.361057433233825e-05,3489.549457999001
53680,109936640,2.0546751022338867,,,4.3580291038539934e-05,3490.2112066650006
53690,109957120,1.8869251012802124,,,4.355003968781777e-05,3490.913044085999
53700,109977600,1.9511926174163818,1.9446362197399139,6.991088172516593,4.3519820288130296e-05,3491.8629848189994
53710,109998080,2.040184497833252,,,4.348963284742768e-05,3492.680770127001
53720,110018560,2.0388846397399902,,,4.345947737365161e-05,3493.2727313670002
53730,110039040,1.8972166776657104,,,4.342935387473534e-05,3493.811050384
53740,110059520,1.783944010734558,,,4.339926235860379e-05,3494.3894728330015
53750,110080000,1.9331530332565308,,,4.336920283317343e-05,3494.9096462829984
53760,110100480,1.7963085174560547,,,4.333917530635229e-05,3495.4075944270007
53770,110120960,1.935935139656067,,,4.330917978604005e-05,3495.9538142659985
53780,110141440,2.185394763946533,,,4.327921628012788e-05,3496.506634763002
53790,110161920,2.0265250205993652,,,4.324928479649859e-05,3497.240573791001
53800,110182400,1.9209585189819336,1.9454390347003936,6.99670297621416,4.321938534302658e-05,3498.1933749849995
53810,110202880,1.9028946161270142,,,4.3189517927577775e-05,3498.7803577550003
53820,110223360,1.8844408988952637,,,4.315968255800966e-05,3499.2809899979984
53830,110243840,2.0064754486083984,,,4.312987924217133e-05,3499.9779704110006
53840,110264320,1.995625615119934,,,4.310010798790345e-05,3500.5916889319997
53850,110284800,2.0051231384277344,,,4.307036880303826e-05,3501.17173672
53860,110305280,2.123533248901367,,,4.30406616953995e-05,3501.750196994999
53870,110325760,1.732874870300293,,,4.3010986672802526e-05,3502.2676630489987
53880,110346240,1.9271447658538818,,,4.298134374305423e-05,3502.8101075199993
53890,110366720,1.9347364902496338,,,4.2951732913953095e-05,3503.389082902999
53900,110387200,1.860609769821167,1.9455252468585968,6.997306203080417,4.292215419328911e-05,3504.224485273
53910,110407680,2.0403964519500732,,,4.2892607588843796e-05,3504.862370838
53920,110428160,2.203232526779175,,,4.2863093108390355e-05,3505.442062244001
53930,110448640,2.345327377319336,,,4.283361075969343e-05,3506.122491358001
53940,110469120,2.0422699451446533,,,4.2804160550509186e-05,3506.629079107999
53950,110489600,2.015052080154419,,,4.2774742488585406e-05,3507.1453225059995
53960,110510080,1.9161874055862427,,,4.274535658166139e-05,3507.854003851
53970,110530560,2.2439868450164795,,,4.271600283746801e-05,3508.621196895001
53980,110551040,1.8124130964279175,,,4.268668126372756e-05,3509.178915441
53990,110571520,1.8836498260498047,,,4.2657391868154023e-05,3509.9337837929997
54000,110592000,2.080702304840088,1.9453077018260956,6.995784139439742,4.2628134658452844e-05,3510.716941128001
54010,110612480,1.9663562774658203,,,4.259890964232098e-05,3511.6217372360006
54020,110632960,2.1489102840423584,,,4.256971682744699e-05,3512.166111663999
54030,110653440,2.0362133979797363,,,4.254055622151085e-05,3512.7774844509986
54040,110673920,2.014920234680176,,,4.251142783218413e-05,3513.3550628880002
54050,110694400,2.045478105545044,,,4.248233166712997e-05,3513.9320352130017
54060,110714880,1.779087781906128,,,4.2453267734002986e-05,3514.4285096109998
54070,110735360,2.0116751194000244,,,4.242423604044927e-05,3514.9976759009987
54080,110755840,1.9306933879852295,,,4.2395236594106485e-05,3515.6061780249984
54090,110776320,1.676027774810791,,,4.236626940260383e-05,3516.1566523
54100,110796800,2.139282703399658,1.9455448985099792,6.9974437130536815,4.233733447356197e-05,3516.962635772001
54110,110817280,1.8629682064056396,,,4.2308431814593064e-05,3517.4459286269994
54120,110837760,2.0436182022094727,,,4.227956143330087e-05,3518.022857131
54130,110858240,1.947203278541565,,,4.22507233372806e-05,3518.5904856359994
54140,110878720,2.0517425537109375,,,4.222191753411897e-05,3519.1138277749997
54150,110899200,2.0497190952301025,,,4.219314403139418e-05,3519.6233052850002
54160,110919680,2.043004035949707,,,4.216440283667598e-05,3520.1403277479985
54170,110940160,2.227609634399414,,,4.213569395752559e-05,3520.6552241200006
54180,110960640,1.908270001411438,,,4.210701740149574e-05,3521.321491595001
54190,110981120,1.8676997423171997,,,4.207837317613067e-05,3522.1020812140014
54200,111001600,1.9212340116500854,1.9450259506702423,6.993813346821941,4.204976128896607e-05,3523.0183955680004
54210,111022080,2.486804723739624,,,4.202118174752916e-05,3523.7362879579996
54220,111042560,1.8803017139434814,,,4.199263455933865e-05,3524.2240295839983
54230,111063040,2.114315986633301,,,4.196411973190474e-05,3524.849846961999
54240,111083520,1.8208571672439575,,,4.193563727272907e-05,3525.523687304001
54250,111104000,2.049844264984131,,,4.1907187189304805e-05,3526.0874035509987
54260,111124480,2.321305990219116,,,4.187876948911662e-05,3526.6892842089983
54270,111144960,1.8898310661315918,,,4.1850384179640636e-05,3527.3167436529984
54280,111165440,1.9041658639907837,,,4.1822031268344434e-05,3527.97959291
54290,111185920,2.024118661880493,,,4.179371076268709e-05,3528.7177124160007
54300,111206400,2.0132827758789062,1.9450116157531738,6.993713091806198,4.1765422670119164e-05,3529.838649006
54310,111226880,1.9630041122436523,,,4.173716699808272e-05,3530.4306991759986
54320,111247360,2.023573160171509,,,4.170894375401117e-05,3531.018353288
54330,111267840,2.189877510070801,,,4.168075294532955e-05,3531.531672223002
54340,111288320,2.2815961837768555,,,4.165259457945429e-05,3532.0169265510012
54350,111308800,1.9565445184707642,,,4.162446866379329e-05,3532.6406376910018
54360,111329280,2.075875759124756,,,4.159637520574586e-05,3533.2679201690007
54370,111349760,2.0401954650878906,,,4.156831421270287e-05,3533.940835775
54380,111370240,2.1695690155029297,,,4.154028569204656e-05,3534.5242446919983
54390,111390720,1.909508228302002,,,4.151228965115073e-05,3535.0603102200002
54400,111411200,1.9744293689727783,1.9457276165485382,6.998722389058885,4.148432609738054e-05,3535.9540206540005
54410,111431680,1.934647798538208,,,4.1456395038092615e-05,3536.5808233140015
54420,111452160,2.1328136920928955,,,4.1428496480635084e-05,3537.1310956470006
54430,111472640,2.1423869132995605,,,4.140063043234748e-05,3537.6331025379986
54440,111493120,1.8086349964141846,,,4.1372796900560836e-05,3538.2111003060018
54450,111513600,1.8975634574890137,,,4.134499589259752e-05,3538.887740115999
54460,111534080,1.7893455028533936,,,4.131722741577146e-05,3539.420522622
54470,111554560,2.2125978469848633,,,4.1289491477387986e-05,3540.0176562330016
54480,111575040,2.0033040046691895,,,4.126178808474389e-05,3540.5049213700004
54490,111595520,1.9898091554641724,,,4.1234117245127315e-05,3540.9797759930007
54500,111616000,2.439098596572876,1.9442340552806854,6.988277170602694,4.120647896581791e-05,3541.849852911
54510,111636480,1.7422945499420166,,,4.117887325408679e-05,3542.7078696280005
54520,111656960,2.4114317893981934,,,4.115130011719643e-05,3543.2625298320017
54530,111677440,1.9478561878204346,,,4.1123759562400775e-05,3543.9443737719994
54540,111697920,1.8732072114944458,,,4.109625159694518e-05,3544.4337357279983
54550,111718400,2.0459556579589844,,,4.106877622806645e-05,3545.0800524760016
54560,111738880,1.9849419593811035,,,4.104133346299283e-05,3545.6678307619986
54570,111759360,1.9154657125473022,,,4.10139233089439e-05,3546.150230493
54580,111779840,1.9528968334197998,,,4.098654577313072e-05,3546.899983957999
54590,111800320,2.3541460037231445,,,4.095920086275578e-05,3547.5146228759986
54600,111820800,1.9231948852539062,1.9433216392993926,6.981903862826616,4.093188858501303e-05,3548.387774457002
54610,111841280,1.879619836807251,,,4.09046089470877e-05,3548.9377153839996
54620,111861760,1.9692485332489014,,,4.087736195615656e-05,3549.4497145470013
54630,111882240,1.8036127090454102,,,4.085014761938772e-05,3549.996366326999
54640,111902720,2.0412676334381104,,,4.0822965943940716e-05,3550.58189777
54650,111923200,1.984745740890503,,,4.079581693696655e-05,3551.1445743199984
54660,111943680,1.7482861280441284,,,4.07687006056075e-05,3551.9108851519995
54670,111964160,1.9002647399902344,,,4.074161695699739e-05,3552.432286194002
54680,111984640,2.1071579456329346,,,4.071456599826135e-05,3553.1131000620007
54690,112005120,1.8604168891906738,,,4.068754773651599e-05,3553.7707675700003
54700,112025600,2.1706295013427734,1.942898154258728,6.978947756962836,4.06605621788692e-05,3554.6761378310002
54710,112046080,1.8847968578338623,,,4.063360933242036e-05,3555.2585674770016
54720,112066560,1.846886157989502,,,4.0606689204260215e-05,3555.8620459990016
54730,112087040,1.9312622547149658,,,4.0579801801470954e-05,3556.3685782300017
54740,112107520,1.9633257389068604,,,4.055294713112608e-05,3556.994680177999
54750,112128000,2.0552926063537598,,,4.052612520029048e-05,3557.7047162320014
54760,112148480,2.281433343887329,,,4.04993360160205e-05,3558.3311593200015
54770,112168960,2.117588996887207,,,4.047257958536386e-05,3558.921472621001
54780,112189440,2.0721426010131836,,,4.044585591535958e-05,3559.6043857529985
54790,112209920,2.223153591156006,,,4.041916501303811e-05,3560.3337705199992
54800,112230400,1.984570860862732,1.9435407280921937,6.983433687292955,4.039250688542136e-05,3561.148401194001
54810,112250880,1.8881614208221436,,,4.036588153952253e-05,3561.7771248790013
54820,112271360,2.0241589546203613,,,4.033928898234615e-05,3562.3899464749993
54830,112291840,1.8340790271759033,,,4.031272922088823e-05,3562.9310491040014
54840,112312320,1.8985521793365479,,,4.028620226213612e-05,3563.451773975001
54850,112332800,1.819117546081543,,,4.025970811306848e-05,3564.0404916920015
54860,112353280,2.2140676975250244,,,4.023324678065544e-05,3564.60666107
54870,112373760,1.9120838642120361,,,4.020681827185841e-05,3565.1037443729983
54880,112394240,2.1802918910980225,,,4.018042259363019e-05,3565.6431977770008
54890,112414720,2.0195717811584473,,,4.0154059752914987e-05,3566.214045290999
54900,112435200,1.852379560470581,1.9443003237247467,6.988740288202331,4.0127729756648336e-05,3567.1125416799987
54910,112455680,2.076145887374878,,,4.010143261175706e-05,3567.7325639429982
54920,112476160,2.091392993927002,,,4.007516832515947e-05,3568.214410345001
54930,112496640,1.7587580680847168,,,4.004893690376512e-05,3568.8520527440014
54940,112517120,1.9559510946273804,,,4.002273835447505e-05,3569.380218516999
54950,112537600,1.9004030227661133,,,3.99965726841815e-05,3569.960373293001
54960,112558080,1.8461029529571533,,,3.997043989976814e-05,3570.493125752
54970,112578560,2.2439143657684326,,,3.994434000810999e-05,3571.123140620999
54980,112599040,1.8051440715789795,,,3.991827301607343e-05,3571.6703582189984
54990,112619520,2.1939406394958496,,,3.9892238930516096e-05,3572.2260979480016
55000,112640000,2.1393065452575684,1.9419246017932892,6.972156691433554,3.9866237758287065e-05,3573.263170328999
55010,112660480,1.8242237567901611,,,3.984026950622672e-05,3574.053431911001
55020,112680960,2.027775764465332,,,3.9814334181166824e-05,3574.5544425100015
55030,112701440,1.9605772495269775,,,3.978843178993038e-05,3575.1159289919997
55040,112721920,2.0522232055664062,,,3.976256233933181e-05,3575.644424874001
55050,112742400,1.8130919933319092,,,3.9736725836176835e-05,3576.1752213459986
55060,112762880,1.93324875831604,,,3.971092228726254e-05,3576.704161247999
55070,112783360,2.013683557510376,,,3.968515169937726e-05,3577.231141698001
55080,112803840,2.27406907081604,,,3.965941407930079e-05,3577.7300994290017
55090,112824320,2.137831211090088,,,3.9633709433804134e-05,3578.2771636590005
55100,112844800,2.0539960861206055,1.9428696036338806,6.978748506487974,3.960803776964969e-05,3579.1249458050006
55110,112865280,2.0082929134368896,,,3.958239909359114e-05,3579.6398208690007
55120,112885760,1.870884656906128,,,3.955679341237351e-05,3580.1643258850017
55130,112906240,1.999152660369873,,,3.9531220732733115e-05,3580.6969743299996
55140,112926720,1.8419533967971802,,,3.9505681061397635e-05,3581.250867519
55150,112947200,1.9092985391616821,,,3.948017440508607e-05,3581.7792936510014
55160,112967680,2.166004180908203,,,3.9454700770508644e-05,3582.289211419
55170,112988160,2.04307222366333,,,3.9429260164367004e-05,3582.9492954009984
55180,113008640,1.7754520177841187,,,3.9403852593354026e-05,3583.560385797002
55190,113029120,2.1379623413085938,,,3.937847806415397e-05,3584.125217746001
55200,113049600,1.7410131692886353,1.9416158199310303,6.970004148256661,3.935313658344231e-05,3585.135514403999
55210,113070080,1.896714448928833,,,3.932782815788592e-05,3585.7772038110015
55220,113090560,2.049194574356079,,,3.9302552794142917e-05,3586.2989629170006
55230,113111040,2.0354974269866943,,,3.927731049886278e-05,3586.917162149999
55240,113131520,2.0564708709716797,,,3.92521012786862e-05,3587.4810122710005
55250,113152000,1.8270090818405151,,,3.92269251402452e-05,3588.057584153001
55260,113172480,1.913783311843872,,,3.920178209016316e-05,3588.6895472059987
55270,113192960,2.0960512161254883,,,3.917667213505469e-05,3589.3605994770005
55280,113213440,2.126146078109741,,,3.915159528152572e-05,3589.903330057001
55290,113233920,1.8706110715866089,,,3.912655153617347e-05,3590.4722639969987
55300,113254400,1.7311465740203857,1.9407364845275878,6.963877870768054,3.9101540905586405e-05,3591.386316647
55310,113274880,2.1816351413726807,,,3.9076563396344365e-05,3591.984103507999
55320,113295360,1.8338351249694824,,,3.9051619015018425e-05,3592.549684431
55330,113315840,1.9675230979919434,,,3.902670776817091e-05,3593.2273742610014
55340,113336320,2.1392290592193604,,,3.9001829662355474e-05,3593.851976361999
55350,113356800,1.7458009719848633,,,3.8976984704117075e-05,3594.3537587550018
55360,113377280,2.2553114891052246,,,3.895217289999193e-05,3594.882168076001
55370,113397760,2.0290000438690186,,,3.892739425650749e-05,3595.597111371
55380,113418240,1.93379807472229,,,3.8902648780182505e-05,3596.2361517470017
55390,113438720,1.986631155014038,,,3.8877936477527036e-05,3596.775450829002
55400,113459200,1.9067987203598022,1.9399958491325378,6.958722085844239,3.88532573550424e-05,3597.783093075999
55410,113479680,2.1096293926239014,,,3.882861141922116e-05,3598.3640764019983
55420,113500160,1.8098781108856201,,,3.880399867654717e-05,3598.8769078779987
55430,113520640,1.9724011421203613,,,3.877941913349553e-05,3599.4394370420014
55440,113541120,2.177281379699707,,,3.875487279653267e-05,3599.963079347999
55450,113561600,1.83140230178833,,,3.873035967211618e-05,3600.5121313499985
55460,113582080,1.9639912843704224,,,3.8705879766694976e-05,3601.0218789770006
55470,113602560,1.8222119808197021,,,3.8681433086709234e-05,3601.6599285099983
55480,113623040,2.0128960609436035,,,3.865701963859043e-05,3602.146724710001
55490,113643520,1.7163912057876587,,,3.863263942876119e-05,3602.659080589001
55500,113664000,1.7679545879364014,1.9415679335594178,6.969670388039224,3.860829246363548e-05,3603.549100430999
55510,113684480,2.103487491607666,,,3.858397874961849e-05,3604.3378384300013
55520,113704960,2.104757785797119,,,3.855969829310667e-05,3604.859461349999
55530,113725440,1.915043830871582,,,3.853545110048772e-05,3605.4571695699997
55540,113745920,1.7995972633361816,,,3.851123717814056e-05,3606.0015039120008
55550,113766400,2.073911666870117,,,3.848705653243543e-05,3606.7618735700016
55560,113786880,1.9073383808135986,,,3.8462909169733746e-05,3607.2956078099996
55570,113807360,2.071939468383789,,,3.8438795096388224e-05,3607.879116971999
55580,113827840,2.218472957611084,,,3.8414714318742735e-05,3608.5361953009997
55590,113848320,1.6837382316589355,,,3.8390666843132454e-05,3609.1096543979984
55600,113868800,1.849122405052185,1.9416765987873077,6.970427790011141,3.836665267588382e-05,3609.9161511929997
55610,113889280,1.7675914764404297,,,3.834267182331446e-05,3610.5580171200018
55620,113909760,1.9265660047531128,,,3.831872429173326e-05,3611.2351784269995
55630,113930240,2.1732094287872314,,,3.829481008744032e-05,3611.8933632650005
55640,113950720,1.9818005561828613,,,3.8270929216727e-05,3612.3620966810013
55650,113971200,1.957442283630371,,,3.824708168587588e-05,3612.906669852
55660,113991680,1.9986960887908936,,,3.822326750116073e-05,3613.4313599660018
55670,114012160,2.085036516189575,,,3.819948666884657e-05,3614.010697326001
55680,114032640,1.96344792842865,,,3.817573919518972e-05,3614.519728305
55690,114053120,1.9032670259475708,,,3.815202508643766e-05,3615.040427787
55700,114073600,2.00209641456604,1.9406118154525758,6.963009744670772,3.8128344348829024e-05,3615.891047511999
55710,114094080,2.2057602405548096,,,3.810469698859379e-05,3616.481561282999
55720,114114560,1.9883363246917725,,,3.8081083011953096e-05,3617.021648545
55730,114135040,1.963244080543518,,,3.805750242511928e-05,3617.6735563069997
55740,114155520,1.9576241970062256,,,3.803395523429593e-05,3618.211830665001
55750,114176000,2.0398120880126953,,,3.801044144567786e-05,3618.9326823929987
55760,114196480,1.61210298538208,,,3.7986961065451036e-05,3619.5164851049994
55770,114216960,1.8795276880264282,,,3.7963514099792714e-05,3620.0825696680004
55780,114237440,2.3086585998535156,,,3.794010055487129e-05,3620.651572807001
55790,114257920,2.088470935821533,,,3.791672043684639e-05,3621.2934901709996
55800,114278400,1.9930698871612549,1.941620671749115,6.970037965530874,3.789337375186886e-05,3622.2454787339993
55810,114298880,1.9823613166809082,,,3.7870060506080725e-05,3622.8448320610005
55820,114319360,1.9027411937713623,,,3.784678070561528e-05,3623.4279964410016
55830,114339840,2.2776081562042236,,,3.782353435659693e-05,3624.0023763050012
55840,114360320,1.8255877494812012,,,3.780032146514132e-05,3624.595762498
55850,114380800,1.7786500453948975,,,3.777714203735531e-05,3625.4763994970017
55860,114401280,1.7330119609832764,,,3.7753996079336935e-05,3625.994336169999
55870,114421760,1.8390016555786133,,,3.773088359717543e-05,3626.5103764589985
55880,114442240,2.14734148979187,,,3.770780459695119e-05,3627.0509734100015
55890,114462720,1.8931288719177246,,,3.768475908473588e-05,3627.7661813960003
55900,114483200,2.0014395713806152,1.9399997532367705,6.958749253473622,3.766174706659232e-05,3628.990639268999
55910,114503680,1.8390141725540161,,,3.7638768548574466e-05,3629.649499703999
55920,114524160,2.13808012008667,,,3.761582353672751e-05,3630.2247579700015
55930,114544640,2.1446280479431152,,,3.7592912037087836e-05,3630.7492458410015
55940,114565120,1.8504340648651123,,,3.757003405568297e-05,3631.2509651639994
55950,114585600,1.9507155418395996,,,3.7547189598531704e-05,3631.890625308999
55960,114606080,1.918736219406128,,,3.75243786716439e-05,3632.4941616879987
55970,114626560,2.307973861694336,,,3.750160128102068e-05,3633.0788894239995
55980,114647040,1.9935717582702637,,,3.74788574326543e-05,3633.556367194
55990,114667520,1.998652696609497,,,3.745614713252822e-05,3634.2078576569984
56000,114688000,2.0576164722442627,1.9410082221031189,6.965770475191173,3.743347038661707e-05,3635.1052037570007
56010,114708480,1.6538763046264648,,,3.741082720088659e-05,3635.9117841769985
56020,114728960,2.235875129699707,,,3.738821758129382e-05,3636.5073796489996
56030,114749440,2.1054983139038086,,,3.736564153378687e-05,3637.0495888299993
56040,114769920,1.9864919185638428,,,3.7343099064305016e-05,3637.7193840520013
56050,114790400,2.0228090286254883,,,3.732059017877874e-05,3638.2976455969983
56060,114810880,1.9834131002426147,,,3.7298114883129696e-05,3638.8956839400016
56070,114831360,2.093172550201416,,,3.727567318327067e-05,3639.496037945999
56080,114851840,1.901503324508667,,,3.725326508510558e-05,3640.1454069950014
56090,114872320,1.9694374799728394,,,3.723089059452961e-05,3640.8281934039987
56100,114892800,1.935472011566162,1.939926987886429,6.958242916068386,3.720854971742901e-05,3641.8610634180004
56110,114913280,1.9876428842544556,,,3.718624245968121e-05,3642.4733051939984
56120,114933760,2.0716638565063477,,,3.7163968827154796e-05,3643.070772092
56130,114954240,2.020996570587158,,,3.714172882570953e-05,3643.6654423530017
56140,114974720,1.9326984882354736,,,3.711952246119628e-05,3644.2735732949986
56150,114995200,2.254988193511963,,,3.7097349739457116e-05,3644.9129657420017
56160,115015680,1.9074201583862305,,,3.707521066632523e-05,3645.5800945599985
56170,115036160,1.8700617551803589,,,3.705310524762495e-05,3646.1392249130004
56180,115056640,2.1209123134613037,,,3.703103348917178e-05,3646.82878865
56190,115077120,2.289207696914673,,,3.700899539677235e-05,3647.4035324120014
56200,115097600,1.8906068801879883,1.9405792593955993,6.962783060218792,3.698699097622446e-05,3648.3319076590014
56210,115118080,1.7837188243865967,,,3.6965020233316984e-05,3648.9317264909987
56220,115138560,2.0542140007019043,,,3.694308317382999e-05,3649.6123789500016
56230,115159040,1.9247967004776,,,3.6921179803534706e-05,3650.3024433309984
56240,115179520,1.9136815071105957,,,3.6899310128193485e-05,3650.9475289360016
56250,115200000,1.8567712306976318,,,3.687747415355973e-05,3651.5822356390017
56260,115220480,2.169780731201172,,,3.6855671885378096e-05,3652.1576295099985
56270,115240960,1.8842041492462158,,,3.68339033293843e-05,3652.857367239001
56280,115261440,1.987283706665039,,,3.6812168491305224e-05,3653.5017886960013
56290,115281920,1.8094943761825562,,,3.679046737685881e-05,3654.082411421001
56300,115302400,2.1944546699523926,1.9388598442077636,6.950821431725233,3.676879999175426e-05,3655.1124531839996
56310,115322880,2.0746448040008545,,,3.674716634169179e-05,3655.638112192999
56320,115343360,2.147615909576416,,,3.6725566432362804e-05,3656.253153523001
56330,115363840,2.08675479888916,,,3.670400026944977e-05,3656.8667915959995
56340,115384320,1.8198890686035156,,,3.668246785862631e-05,3657.5394193659995
56350,115404800,2.1133289337158203,,,3.666096920555716e-05,3658.0757608819986
56360,115425280,1.9790035486221313,,,3.6639504315898246e-05,3658.749127152001
56370,115445760,2.034214973449707,,,3.661807319529647e-05,3659.4372263110017
56380,115466240,2.0870118141174316,,,3.659667584938996e-05,3660.163439854001
56390,115486720,1.9737963676452637,,,3.6575312283807925e-05,3660.7286479389986
56400,115507200,1.894762635231018,1.9393886089324952,6.954497752775026,3.655398250417069e-05,3661.539967290999
56410,115527680,2.067338466644287,,,3.65326865160897e-05,3662.112798786002
56420,115548160,1.767712116241455,,,3.651142432516747e-05,3662.6851904059986
56430,115568640,2.0413694381713867,,,3.649019593699767e-05,3663.2762373549995
56440,115589120,2.097548484802246,,,3.6469001357165065e-05,3663.890029358001
56450,115609600,1.9743549823760986,,,3.644784059124554e-05,3664.5241796029986
56460,115630080,1.8414795398712158,,,3.642671364480603e-05,3665.242629483
56470,115650560,1.826746940612793,,,3.640562052340462e-05,3665.847344826001
56480,115671040,2.0601859092712402,,,3.638456123259048e-05,3666.3841999270007
56490,115691520,2.0220561027526855,,,3.63635357779039e-05,3666.995834895999
56500,115712000,2.112727642059326,1.9391091763973236,6.952554711324265,3.634254416487623e-05,3667.8261492089987
56510,115732480,1.8478612899780273,,,3.632158639902996e-05,3668.6068109189982
56520,115752960,1.8242743015289307,,,3.630066248587866e-05,3669.2878732809986
56530,115773440,1.7835352420806885,,,3.627977243092699e-05,3669.995001864001
56540,115793920,1.8472702503204346,,,3.625891623967067e-05,3670.670906517
56550,115814400,1.7781014442443848,,,3.623809391759658e-05,3671.2943250749995
56560,115834880,1.8779078722000122,,,3.621730547018261e-05,3671.914286965999
56570,115855360,1.7946445941925049,,,3.619655090289785e-05,3672.471994216001
56580,115875840,2.231947422027588,,,3.6175830221202345e-05,3673.194331546001
56590,115896320,1.932410478591919,,,3.61551434305473e-05,3673.8624249230015
56600,115916800,2.2112841606140137,1.9406420111656189,6.96322000088934,3.613449053637502e-05,3674.788702681999
56610,115937280,2.095714569091797,,,3.611387154411883e-05,3675.373457002999
56620,115957760,1.917190432548523,,,3.6093286459203216e-05,3675.915131629001
56630,115978240,2.0030517578125,,,3.607273528704363e-05,3676.441801273999
56640,115998720,2.010664463043213,,,3.605221803304675e-05,3676.995817070001
56650,116019200,2.212867498397827,,,3.603173470261019e-05,3677.5940476920005
56660,116039680,2.0044398307800293,,,3.6011285301122745e-05,3678.1954461329988
56670,116060160,1.787194013595581,,,3.599086983396421e-05,3678.757009814999
56680,116080640,2.0732808113098145,,,3.597048830650549e-05,3679.491558443002
56690,116101120,2.0141313076019287,,,3.5950140724108534e-05,3680.1035113619982
56700,116121600,2.138176679611206,1.9390347301959991,6.952037139302381,3.5929827092126444e-05,3680.840110776
56710,116142080,1.9151313304901123,,,3.590954741590326e-05,3681.3537795459997
56720,116162560,1.8279248476028442,,,3.588930170077418e-05,3682.133788971001
56730,116183040,2.0856895446777344,,,3.586908995206545e-05,3682.666385444001
56740,116203520,2.296799659729004,,,3.584891217509439e-05,3683.3315290130013
56750,116224000,1.8015488386154175,,,3.582876837516932e-05,3683.901675500001
56760,116244480,2.105128049850464,,,3.580865855758967e-05,3684.5043157170003
56770,116264960,1.9299609661102295,,,3.578858272764598e-05,3685.0339429410014
56780,116285440,2.0855276584625244,,,3.576854089061977e-05,3685.6150367189985
56790,116305920,1.8781518936157227,,,3.574853305178362e-05,3686.168611967001
56800,116326400,1.8744285106658936,1.9379987835884094,6.9448389291365356,3.572855921640121e-05,3687.188301938
56810,116346880,1.9484578371047974,,,3.570861938972725e-05,3687.7313414029995
56820,116367360,2.171785354614258,,,3.56887135770075e-05,3688.522621600001
56830,116387840,1.9301598072052002,,,3.566884178347878e-05,3689.120936577001
56840,116408320,1.8259514570236206,,,3.564900401436898e-05,3689.728413470999
56850,116428800,2.1836647987365723,,,3.562920027489699e-05,3690.355903920001
56860,116449280,2.304633855819702,,,3.560943057027277e-05,3690.9737249950012
56870,116469760,1.8237640857696533,,,3.558969490569738e-05,3691.63157356
56880,116490240,2.2418372631073,,,3.5569993286362806e-05,3692.140980133001
56890,116510720,2.0323829650878906,,,3.555032571745217e-05,3692.8068782560003
56900,116531200,1.9183326959609985,1.9369963467121125,6.937880654692162,3.5530692204139636e-05,3693.856994947
56910,116551680,2.1164612770080566,,,3.551109275159038e-05,3694.5274142550006
56920,116572160,1.8542990684509277,,,3.54915273649606e-05,3695.0594388550016
56930,116592640,1.9552595615386963,,,3.547199604939757e-05,3695.5821192559997
56940,116613120,1.9190242290496826,,,3.545249881003959e-05,3696.2837323189997
56950,116633600,1.7961803674697876,,,3.5433035652016e-05,3696.9619417159993
56960,116654080,2.056771755218506,,,3.5413606580447134e-05,3697.8355845549995
56970,116674560,1.7673403024673462,,,3.5394211600444374e-05,3698.4452268589994
56980,116695040,2.0817387104034424,,,3.53748507171102e-05,3699.118608981
56990,116715520,2.18280029296875,,,3.535552393553805e-05,3699.7099571869985
57000,116736000,2.0638813972473145,1.9378447353839874,6.943769171568733,3.533623126081241e-05,3700.5610304030015
57010,116756480,2.1041290760040283,,,3.531697269800879e-05,3701.483296208
57020,116776960,1.8687471151351929,,,3.5297748252193717e-05,3702.1911614679993
57030,116797440,2.107799768447876,,,3.527855792842476e-05,3702.731062594001
57040,116817920,2.086836814880371,,,3.525940173175055e-05,3703.2900428139983
57050,116838400,2.070253849029541,,,3.524027966721063e-05,3703.956818827999
57060,116858880,1.8387541770935059,,,3.5221191739835666e-05,3704.476182497001
57070,116879360,2.0443639755249023,,,3.5202137954647305e-05,3705.0232097260014
57080,116899840,1.9546093940734863,,,3.518311831665822e-05,3705.602286489
57090,116920320,2.0570626258850098,,,3.5164132830872065e-05,3706.2154329449986
57100,116940800,2.0419063568115234,1.9383175075054169,6.947052768186001,3.514518150228354e-05,3707.177465113
57110,116961280,2.031181812286377,,,3.51262643358784e-05,3707.7488753789985
57120,116981760,1.827695608139038,,,3.510738133663335e-05,3708.3716506759993
57130,117002240,2.1589441299438477,,,3.5088532509516104e-05,3709.0714354619995
57140,117022720,1.8227076530456543,,,3.506971785948542e-05,3709.6563431239992
57150,117043200,2.0401201248168945,,,3.505093739149107e-05,3710.3336651530008
57160,117063680,2.288980007171631,,,3.5032191110473806e-05,3710.9108817369997
57170,117084160,2.003796100616455,,,3.501347902136536e-05,3711.405401715001
57180,117104640,2.1197562217712402,,,3.4994801129088555e-05,3711.9095624600013
57190,117125120,1.9944993257522583,,,3.4976157438557165e-05,3712.4690660279994
57200,117145600,1.9343061447143555,1.9384116590023042,6.947706874395137,3.4957547954675955e-05,3713.408081587
57210,117166080,2.1095519065856934,,,3.4938972682340695e-05,3714.050426744001
57220,117186560,1.901374101638794,,,3.4920431626438175e-05,3714.717136473999
57230,117207040,2.2184653282165527,,,3.490192479184617e-05,3715.336529403001
57240,117227520,2.0943117141723633,,,3.488345218343346e-05,3716.084077165
57250,117248000,2.1902389526367188,,,3.486501380605981e-05,3716.6332852669984
57260,117268480,2.244924783706665,,,3.484660966457598e-05,3717.1380455399994
57270,117288960,2.1510331630706787,,,3.482823976382376e-05,3717.702319049
57280,117309440,2.0005717277526855,,,3.480990410863585e-05,3718.3993436130004
57290,117329920,1.7859560251235962,,,3.479160270383605e-05,3719.0069430000003
57300,117350400,1.6883265972137451,1.9362981021404266,6.933038008058632,3.477333555423904e-05,3720.2480321250005
57310,117370880,1.7976731061935425,,,3.4755102664650525e-05,3720.845257770001
57320,117391360,1.9200356006622314,,,3.473690403986728e-05,3721.330000062
57330,117411840,2.2689640522003174,,,3.4718739684676955e-05,3722.0857989450014
57340,117432320,1.9587376117706299,,,3.470060960385822e-05,3722.6465632500003
57350,117452800,1.8816955089569092,,,3.468251380218074e-05,3723.186569966001
57360,117473280,1.8324456214904785,,,3.4664452284405165e-05,3723.835659602999
57370,117493760,2.036383867263794,,,3.464642505528311e-05,3724.4813183730002
57380,117514240,1.8197078704833984,,,3.462843211955716e-05,3725.0813218289986
57390,117534720,1.84321928024292,,,3.461047348196091e-05,3725.6884828699986
57400,117555200,2.052122116088867,1.937520331144333,6.941516948745363,3.4592549147218926e-05,3726.482628779999
57410,117575680,1.906916856765747,,,3.4574659120046734e-05,3727.0302061969996
57420,117596160,1.937347412109375,,,3.45568034051508e-05,3727.579734141
57430,117616640,1.726528525352478,,,3.4538982007228654e-05,3728.167935769001
57440,117637120,1.9722814559936523,,,3.452119493096871e-05,3728.7631102429987
57450,117657600,1.8373152017593384,,,3.450344218105042e-05,3729.3651510140007
57460,117678080,1.745215654373169,,,3.448572376214415e-05,3729.956075653001
57470,117698560,1.7328779697418213,,,3.446803967891127e-05,3730.5430488460006
57480,117719040,2.14345121383667,,,3.4450389936004103e-05,3731.1754432960006
57490,117739520,1.881974220275879,,,3.443277453806593e-05,3731.756865304
57500,117760000,2.03920578956604,1.938266545534134,6.946698741703348,3.441519348973104e-05,3732.713396613999
57510,117780480,1.9786267280578613,,,3.43976467956246e-05,3733.7483783889984
57520,117800960,1.5589654445648193,,,3.438013446036284e-05,3734.371795594001
57530,117821440,1.7104743719100952,,,3.436265648855287e-05,3735.195294126999
57540,117841920,1.9622927904129028,,,3.4345212884792826e-05,3735.7540994779993
57550,117862400,2.3316454887390137,,,3.4327803653671746e-05,3736.340855587001
57560,117882880,1.875252366065979,,,3.431042879976963e-05,3736.9138811529992
57570,117903360,2.2815401554107666,,,3.4293088327657476e-05,3737.516212939001
57580,117923840,1.7667686939239502,,,3.427578224189721e-05,3738.4671362020017
57590,117944320,1.8208396434783936,,,3.4258510547041705e-05,3738.9983192990003
57600,117964800,2.004262685775757,1.9393493473529815,6.9542247135685376,3.4241273247634805e-05,3739.8456579589983
57610,117985280,2.121774196624756,,,3.422407034821128e-05,3740.5006046009985
57620,118005760,2.144932985305786,,,3.42069018532969e-05,3741.061823098
57630,118026240,1.9798321723937988,,,3.4189767767408325e-05,3741.5907010439987
57640,118046720,1.881435513496399,,,3.4172668095053175e-05,3742.0847497159994
57650,118067200,1.8887948989868164,,,3.415560284073004e-05,3742.608878635001
57660,118087680,2.1487858295440674,,,3.4138572008928454e-05,3743.0860433339985
57670,118108160,2.129756450653076,,,3.412157560412888e-05,3743.6768772540017
57680,118128640,1.910250186920166,,,3.410461363080273e-05,3744.242798735999
57690,118149120,2.037954330444336,,,3.408768609341236e-05,3744.8206215130012
57700,118169600,2.156907796859741,1.937373048067093,6.940494656053493,3.4070792996411054e-05,3745.567304147
57710,118190080,2.1633095741271973,,,3.4053934344243056e-05,3746.1875380950005
57720,118210560,1.8653559684753418,,,3.40371101413435e-05,3746.761191212001
57730,118231040,2.1657304763793945,,,3.402032039213856e-05,3747.4046141610015
57740,118251520,1.903515100479126,,,3.400356510104524e-05,3747.949619261999
57750,118272000,1.9428181648254395,,,3.3986844272471524e-05,3748.474287871999
57760,118292480,1.9054014682769775,,,3.397015791081632e-05,3749.226466698001
57770,118312960,2.1432530879974365,,,3.395350602046949e-05,3749.9337116319984
57780,118333440,2.0334630012512207,,,3.393688860581178e-05,3750.494939884
57790,118353920,2.1157565116882324,,,3.392030567121494e-05,3751.0471497459985
57800,118374400,2.027473211288452,1.938790237903595,6.95033762757254,3.390375722104156e-05,3751.8373868529998
57810,118394880,1.9533958435058594,,,3.388724325964523e-05,3752.410785021999
57820,118415360,1.8333523273468018,,,3.387076379137044e-05,3753.0292641410015
57830,118435840,1.9142576456069946,,,3.385431882055262e-05,3753.5998785379998
57840,118456320,1.7380107641220093,,,3.383790835151807e-05,3754.1696910829996
57850,118476800,2.1188104152679443,,,3.382153238858406e-05,3754.772810300001
57860,118497280,1.8404418230056763,,,3.38051909360588e-05,3755.4647664229997
57870,118517760,1.7440927028656006,,,3.378888399824141e-05,3756.2514081570007
57880,118538240,1.889991044998169,,,3.377261157942188e-05,3756.860217368001
57890,118558720,1.701197862625122,,,3.3756373683881154e-05,3757.455258496
57900,118579200,2.1040074825286865,1.9387740612030029,6.950225194951122,3.374017031589113e-05,3758.3630066389997
57910,118599680,1.869454264640808,,,3.3724001479714535e-05,3758.937266402001
57920,118620160,1.9564101696014404,,,3.3707867179605116e-05,3759.5548019279995
57930,118640640,2.0125820636749268,,,3.369176741980746e-05,3760.243844478002
57940,118661120,1.8354802131652832,,,3.367570220455709e-05,3760.8238646060017
57950,118681600,1.8400486707687378,,,3.365967153808043e-05,3761.391602003001
57960,118702080,1.9149916172027588,,,3.364367542459486e-05,3762.093577003001
57970,118722560,1.928769826889038,,,3.362771386830859e-05,3762.625706106999
57980,118743040,1.9187054634094238,,,3.3611786873420806e-05,3763.139542244
57990,118763520,2.1725118160247803,,,3.359589444412155e-05,3763.6033628279984
58000,118784000,2.0630979537963867,1.9367869257926942,6.936427869473759,3.3580036584591876e-05,3764.529259621999
58010,118804480,1.8618143796920776,,,3.356421329900359e-05,3765.3784265169998
58020,118824960,1.9935762882232666,,,3.3548424591519493e-05,3766.125504394
58030,118845440,2.2068357467651367,,,3.35326704662933e-05,3766.847103625001
58040,118865920,2.112151861190796,,,3.351695092746961e-05,3767.544035701001
58050,118886400,1.7629591226577759,,,3.3501265979183885e-05,3768.114178964999
58060,118906880,2.092978000640869,,,3.348561562556251e-05,3768.8947017499995
58070,118927360,2.1732544898986816,,,3.346999987072281e-05,3769.596711487
58080,118947840,2.1024227142333984,,,3.3454418718772994e-05,3770.1119972449997
58090,118968320,2.114710569381714,,,3.343887217381209e-05,3770.6088668720004
58100,118988800,1.9580097198486328,1.9370815217494965,6.938471614103428,3.3423360239930126e-05,3771.5489817900016
58110,119009280,1.8284111022949219,,,3.340788292120795e-05,3772.068718196999
58120,119029760,2.032341957092285,,,3.339244022171732e-05,3772.571927115001
58130,119050240,2.046335458755493,,,3.3377032145520975e-05,3773.1081035470015
58140,119070720,1.9160507917404175,,,3.336165869667238e-05,3773.877550161
58150,119091200,2.13246750831604,,,3.334631987921604e-05,3774.405483016999
58160,119111680,2.153524875640869,,,3.333101569718725e-05,3774.979007463
58170,119132160,2.1077418327331543,,,3.331574615461226e-05,3775.4531909049983
58180,119152640,2.067934513092041,,,3.330051125550817e-05,3776.0249093620005
58190,119173120,2.0759694576263428,,,3.328531100388294e-05,3776.6631761060016
58200,119193600,1.9061095714569092,1.9376932322978973,6.942717248796929,3.327014540373549e-05,3777.5143490699993
58210,119214080,1.8234848976135254,,,3.32550144590556e-05,3778.176199112
58220,119234560,1.976653814315796,,,3.323991817382387e-05,3778.908857128001
58230,119255040,1.9563543796539307,,,3.3224856552011853e-05,3779.5254113340015
58240,119275520,2.070979595184326,,,3.320982959758194e-05,3780.0787775870012
58250,119296000,1.9845857620239258,,,3.319483731448745e-05,3780.769944347001
58260,119316480,1.9794249534606934,,,3.317987970667251e-05,3781.470940815001
58270,119336960,1.922304391860962,,,3.316495677807219e-05,3782.448503920001
58280,119357440,1.899883508682251,,,3.3150068532612425e-05,3782.994366753999
58290,119377920,1.841614007949829,,,3.313521497421e-05,3783.551485707001
58300,119398400,2.039106845855713,1.9368584215641023,6.936923812463806,3.312039610677258e-05,3784.3132580050005
58310,119418880,2.1153225898742676,,,3.31056119341987e-05,3784.8458798210013
58320,119439360,1.9777448177337646,,,3.3090862460377783e-05,3785.4213224179985
58330,119459840,1.9529845714569092,,,3.307614768919015e-05,3785.969872960999
58340,119480320,2.0202460289001465,,,3.3061467624506914e-05,3786.5243707970003
58350,119500800,2.1717395782470703,,,3.304682227019013e-05,3787.1766822669997
58360,119521280,2.1188807487487793,,,3.3032211630092694e-05,3787.9592793150005
58370,119541760,2.333505153656006,,,3.3017635708058364e-05,3788.607304567002
58380,119562240,1.8769643306732178,,,3.3003094507921795e-05,3789.2741322879992
58390,119582720,2.159435749053955,,,3.2988588033508446e-05,3789.8134777980013
58400,119603200,1.75398850440979,1.9362846612930298,6.932944822779015,3.297411628863468e-05,3790.945966678999
58410,119623680,1.9425755739212036,,,3.2959679277107755e-05,3791.485481492
58420,119644160,2.008849620819092,,,3.294527700272574e-05,3791.999610273
58430,119664640,1.8978147506713867,,,3.293090946927758e-05,3792.6028468629993
58440,119685120,1.9199525117874146,,,3.2916576680543075e-05,3793.1708283810003
58450,119705600,1.9829808473587036,,,3.290227864029292e-05,3793.8767663860017
58460,119726080,2.3162178993225098,,,3.288801535228861e-05,3794.489397273999
58470,119746560,2.367957592010498,,,3.287378682028255e-05,3795.0502125019993
58480,119767040,2.0183281898498535,,,3.2859593048017946e-05,3795.5691020310005
58490,119787520,1.8787096738815308,,,3.284543403922894e-05,3796.148149634999
58500,119808000,2.2232840061187744,1.936073124408722,6.931478404338388,3.283130979764046e-05,3797.066107232
58510,119828480,1.917121410369873,,,3.281722032696831e-05,3797.8855662370006
58520,119848960,2.0931122303009033,,,3.280316563091915e-05,3798.4386186679985
58530,119869440,1.9035556316375732,,,3.2789145713190456e-05,3799.0531530670014
58540,119889920,2.241652488708496,,,3.277516057747063e-05,3799.627854631999
58550,119910400,1.851043701171875,,,3.276121022743886e-05,3800.131079758001
58560,119930880,1.974760890007019,,,3.27472946667652e-05,3800.663944696
58570,119951360,1.7725036144256592,,,3.273341389911056e-05,3801.2874392939993
58580,119971840,1.9781875610351562,,,3.2719567928126676e-05,3801.8824926039997
58590,119992320,2.008856773376465,,,3.270575675745616e-05,3802.5641415190003
58600,120012800,2.1001927852630615,1.936303699016571,6.933076811522255,3.269198039073244e-05,3803.4335170589984
58610,120033280,1.8031668663024902,,,3.267823883157981e-05,3804.0699078899997
58620,120053760,1.9373602867126465,,,3.266453208361338e-05,3804.6524538129997
58630,120074240,1.8687704801559448,,,3.265086015043916e-05,3805.23224967
58640,120094720,1.9669843912124634,,,3.263722303565391e-05,3805.779455688
58650,120115200,1.9404089450836182,,,3.26236207428453e-05,3806.4511710959996
58660,120135680,1.9291086196899414,,,3.261005327559182e-05,3807.0036231910017
58670,120156160,2.3263323307037354,,,3.2596520637462813e-05,3807.7313928209987
58680,120176640,2.1159939765930176,,,3.2583022832018404e-05,3808.2160353010004
58690,120197120,1.776850700378418,,,3.256955986280963e-05,3808.7892776810004
58700,120217600,1.907839298248291,1.936066746711731,6.931434197610394,3.255613173337832e-05,3809.688583883999
58710,120238080,2.010056495666504,,,3.2542738447257127e-05,3810.2665566590003
58720,120258560,2.085954427719116,,,3.2529380007969576e-05,3810.8528229930016
58730,120279040,1.8542006015777588,,,3.251605641902996e-05,3811.4645957710018
58740,120299520,2.132772207260132,,,3.25027676839435e-05,3812.182554351999
58750,120320000,2.032365322113037,,,3.248951380620618e-05,3812.7081242040003
58760,120340480,1.8289297819137573,,,3.247629478930482e-05,3813.297918283999
58770,120360960,2.0216760635375977,,,3.2463110636717064e-05,3814.0295335949995
58780,120381440,1.963199257850647,,,3.2449961351911414e-05,3814.626829664001
58790,120401920,2.078981399536133,,,3.243684693834717e-05,3815.185379429
58800,120422400,1.930192232131958,1.9359749495983123,6.9307979411629015,3.242376739947448e-05,3816.2394565840004
58810,120442880,2.0196399688720703,,,3.2410722738734294e-05,3816.912595086
58820,120463360,2.260056972503662,,,3.239771295955843e-05,3817.4827464810005
58830,120483840,1.889420986175537,,,3.238473806536946e-05,3818.0128103809984
58840,120504320,1.9408674240112305,,,3.237179805958086e-05,3818.6430618749982
58850,120524800,2.2042787075042725,,,3.235889294559682e-05,3819.143828362001
58860,120545280,1.8690836429595947,,,3.234602272681248e-05,3819.7848402279997
58870,120565760,1.8644444942474365,,,3.233318740661369e-05,3820.455270521001
58880,120586240,1.624105453491211,,,3.23203869883772e-05,3821.068602342999
58890,120606720,1.8918392658233643,,,3.230762147547052e-05,3821.7434256769993
58900,120627200,1.8377336263656616,1.936095505952835,6.931633543264182,3.229489087125199e-05,3822.8205708720016
58910,120647680,2.2004435062408447,,,3.22821951790708e-05,3823.3214762690004
58920,120668160,1.7869203090667725,,,3.226953440226694e-05,3823.9529798110016
58930,120688640,1.8504666090011597,,,3.225690854417114e-05,3824.621624345
58940,120709120,1.901471734046936,,,3.224431760810507e-05,3825.1770197840015
58950,120729600,1.881338357925415,,,3.223176159738114e-05,3825.7794841190007
58960,120750080,1.9072976112365723,,,3.221924051530257e-05,3826.2980035990004
58970,120770560,2.1935019493103027,,,3.2206754365163424e-05,3826.9100910900015
58980,120791040,1.8685967922210693,,,3.2194303150248526e-05,3827.450438262
58990,120811520,1.6747784614562988,,,3.2181886873833564e-05,3828.122100700999
59000,120832000,1.7678852081298828,1.9355627179145813,6.9279414354695446,3.2169505539184994e-05,3829.1425853990004
59010,120852480,2.3105130195617676,,,3.2157159149560125e-05,3830.072785290002
59020,120872960,2.086878776550293,,,3.2144847708207e-05,3830.624358473
59030,120893440,1.9827460050582886,,,3.2132571218364544e-05,3831.1511132080013
59040,120913920,2.04830265045166,,,3.212032968326244e-05,3831.659584047
59050,120934400,2.176286458969116,,,3.2108123106121195e-05,3832.3689097390015
59060,120954880,1.9982542991638184,,,3.209595149015211e-05,3832.8854199800007
59070,120975360,1.9160325527191162,,,3.208381483855726e-05,3833.372564729001
59080,120995840,1.7233854532241821,,,3.207171315452962e-05,3834.0884074550013
59090,121016320,2.1381330490112305,,,3.2059646441252876e-05,3834.588845774
59100,121036800,1.8858609199523926,1.9346520543098449,6.921635283176019,3.204761470190149e-05,3835.5166148030003
59110,121057280,2.2151591777801514,,,3.203561793964082e-05,3836.0758777839983
59120,121077760,1.9171104431152344,,,3.202365615762696e-05,3836.7126559089993
59130,121098240,1.983951210975647,,,3.2011729359006813e-05,3837.2740384710014
59140,121118720,2.2500598430633545,,,3.1999837546918054e-05,3837.8748604710017
59150,121139200,1.7988157272338867,,,3.198798072448922e-05,3838.498203703999
59160,121159680,1.7841260433197021,,,3.197615889483957e-05,3839.1458129509992
59170,121180160,1.809497356414795,,,3.196437206107922e-05,3839.741084076999
59180,121200640,1.8651347160339355,,,3.195262022630903e-05,3840.3103702240005
59190,121221120,1.919339895248413,,,3.1940903393620655e-05,3840.9249552340007
59200,121241600,2.0009028911590576,1.934330403804779,6.919409293705813,3.192922156609657e-05,3841.8540348349998
59210,121262080,2.2931675910949707,,,3.1917574746810027e-05,3842.456461575999
59220,121282560,2.1217966079711914,,,3.19059629388251e-05,3843.0179626790014
59230,121303040,2.044985771179199,,,3.189438614519658e-05,3843.5522372429987
59240,121323520,1.9131680727005005,,,3.18828443689701e-05,3844.0907572489996
59250,121344000,1.8651517629623413,,,3.187133761318208e-05,3844.5797781869987
59260,121364480,1.8395588397979736,,,3.185986588085971e-05,3845.315841593001
59270,121384960,1.930201768875122,,,3.184842917502095e-05,3845.8410937139997
59280,121405440,1.8254477977752686,,,3.183702749867459e-05,3846.487469429001
59290,121425920,2.4611923694610596,,,3.182566085482019e-05,3847.2025886599986
59300,121446400,1.9395098686218262,1.9345210909843444,6.920728862156683,3.181432924644806e-05,3848.022348049999
59310,121466880,2.0582449436187744,,,3.1803032676539324e-05,3848.596793891
59320,121487360,2.106297016143799,,,3.179177114806589e-05,3849.202307091
59330,121507840,2.0275182723999023,,,3.1780544663990434e-05,3849.9235335880003
59340,121528320,1.5962233543395996,,,3.1769353227266433e-05,3850.5773228649996
59350,121548800,2.090066432952881,,,3.1758196840838086e-05,3851.156254603
59360,121569280,1.9001874923706055,,,3.174707550764046e-05,3851.740724236999
59370,121589760,1.8554396629333496,,,3.173598923059932e-05,3852.2820221990005
59380,121610240,1.9790107011795044,,,3.1724938012631276e-05,3852.9072749810002
59390,121630720,1.9515682458877563,,,3.171392185664364e-05,3853.479663479
59400,121651200,1.95334792137146,1.9344673335552216,6.920356831565192,3.170294076553457e-05,3854.223560704999
59410,121671680,1.906846284866333,,,3.1691994742192946e-05,3854.859080942999
59420,121692160,2.0316550731658936,,,3.168108378949849e-05,3855.4017955400013
59430,121712640,1.9231371879577637,,,3.167020791032161e-05,3856.1073275570016
59440,121733120,2.017972469329834,,,3.165936710752353e-05,3856.715067901001
59450,121753600,1.7210466861724854,,,3.1648561383956275e-05,3857.3195227649994
59460,121774080,2.2320687770843506,,,3.16377907424626e-05,3857.9221989079997
59470,121794560,1.9524314403533936,,,3.1627055185876045e-05,3858.3930000170003
59480,121815040,2.0944180488586426,,,3.16163547170209e-05,3858.899029458
59490,121835520,1.7527217864990234,,,3.160568933871226e-05,3859.383111176001
59500,121856000,1.7251708507537842,1.932584023475647,6.907335918846745,3.159505905375598e-05,3860.4356383039994
59510,121876480,1.8349504470825195,,,3.158446386494867e-05,3861.4645730039992
59520,121896960,2.336357593536377,,,3.157390377507768e-05,3861.999791217
59530,121917440,2.074873447418213,,,3.15633787869212e-05,3862.5097422479994
59540,121937920,1.859461784362793,,,3.1552888903248106e-05,3863.108400964
59550,121958400,2.025176525115967,,,3.15424341268181e-05,3863.7396205529985
59560,121978880,2.0786099433898926,,,3.153201446038162e-05,3864.3466623249988
59570,121999360,2.295400619506836,,,3.152162990667984e-05,3864.938473323
59580,122019840,1.6431145668029785,,,3.1511280468444764e-05,3865.7333562620006
59590,122040320,2.12931489944458,,,3.150096614839912e-05,3866.4244151989988
59600,122060800,2.0374672412872314,1.9329384863376617,6.909784746889095,3.149068694925636e-05,3867.256561353999
59610,122081280,1.7527594566345215,,,3.1480442873720786e-05,3867.8445546879993
59620,122101760,1.7155981063842773,,,3.147023392448735e-05,3868.4378293679983
59630,122122240,1.9009597301483154,,,3.146006010424186e-05,3869.0123565659997
59640,122142720,2.258938789367676,,,3.1449921415660835e-05,3869.5798660420005
59650,122163200,1.9460203647613525,,,3.143981786141157e-05,3870.1251884209996
59660,122183680,1.9159706830978394,,,3.142974944415207e-05,3870.7476783659986
59670,122204160,1.987013339996338,,,3.1419716166531174e-05,3871.3514825130005
59680,122224640,2.207725763320923,,,3.140971803118841e-05,3872.010837444999
59690,122245120,2.192654609680176,,,3.139975504075409e-05,3872.646031035001
59700,122265600,1.8093645572662354,1.9325957596302032,6.907416984884361,3.138982719784929e-05,3873.3723941319986
59710,122286080,1.726020097732544,,,3.13799345050858e-05,3873.9071352639985
59720,122306560,1.8958072662353516,,,3.137007696506621e-05,3874.5165242119983
59730,122327040,1.781219482421875,,,3.1360254580383844e-05,3875.0896916870006
59740,122347520,1.9287362098693848,,,3.135046735362274e-05,3875.712239744
59750,122368000,2.0336382389068604,,,3.134071528735774e-05,3876.2601444680004
59760,122388480,1.9456888437271118,,,3.1330998384154436e-05,3876.8245361320005
59770,122408960,2.0385000705718994,,,3.1321316646569114e-05,3877.4650426869994
59780,122429440,2.0360536575317383,,,3.131167007714888e-05,3878.0190924650014
59790,122449920,2.088045835494995,,,3.1302058678431505e-05,3878.7046507429986
59800,122470400,1.8164944648742676,1.933072680234909,6.910712060051911,3.129248245294561e-05,3879.5651128169993
59810,122490880,1.7098357677459717,,,3.128294140321047e-05,3880.1253463840003
59820,122511360,1.891288161277771,,,3.127343553173612e-05,3880.800238582
59830,122531840,1.9323654174804688,,,3.126396484102342e-05,3881.3401628030006
59840,122552320,1.9385337829589844,,,3.12545293335639e-05,3881.861451298999
59850,122572800,2.1194820404052734,,,3.124512901183983e-05,3882.4698920010014
59860,122593280,2.3169405460357666,,,3.123576387832425e-05,3883.0402457620003
59870,122613760,2.0084428787231445,,,3.1226433935480954e-05,3883.6143687389995
59880,122634240,2.272731304168701,,,3.121713918576445e-05,3884.2822809889985
59890,122654720,1.9854488372802734,,,3.120787963162002e-05,3884.8940043309995
59900,122675200,2.12440824508667,1.9318538188934327,6.902293991551145,3.119865527548362e-05,3885.8611345669997
59910,122695680,2.161931037902832,,,3.118946611978204e-05,3886.612355573001
59920,122716160,2.021772623062134,,,3.1180312166932735e-05,3887.1534038520003
59930,122736640,1.9017127752304077,,,3.117119341934394e-05,3887.721971302999
59940,122757120,2.173109292984009,,,3.1162109879414606e-05,3888.2681095900007
59950,122777600,2.192633867263794,,,3.115306154953442e-05,3888.858183283999
59960,122798080,1.7855578660964966,,,3.114404843208382e-05,3889.5473852899995
59970,122818560,1.9605121612548828,,,3.1135070529434e-05,3890.3066017409983
59980,122839040,2.033531904220581,,,3.112612784394682e-05,3890.8548026960016
59990,122859520,1.803467035293579,,,3.111722037797497e-05,3891.5109260940008
60000,122880000,2.1950135231018066,1.9320086121559144,6.9033625028537475,3.1108348133861787e-05,3892.4964018770006
60010,122900480,1.9788894653320312,,,3.109951111394138e-05,3893.4077020020013
60020,122920960,2.3015899658203125,,,3.109070932053863e-05,3894.1619081069985
60030,122941440,1.7431981563568115,,,3.108194275596905e-05,3894.7233674380004
60040,122961920,2.1863415241241455,,,3.1073211422539e-05,3895.404493872
60050,122982400,1.8689671754837036,,,3.10645153225455e-05,3896.0547787860014
60060,123002880,1.9666178226470947,,,3.10558544582763e-05,3896.5582090470016
60070,123023360,1.7141294479370117,,,3.104722883200994e-05,3897.101289050999
60080,123043840,1.9764316082000732,,,3.103863844601561e-05,3897.6327450800018
60090,123064320,1.9384183883666992,,,3.103008330255327e-05,3898.2564332280017
60100,123084800,1.7143348455429077,1.9327847003936767,6.90872220082348,3.102156340387363e-05,3899.187460401001
60110,123105280,1.9183180332183838,,,3.101307875221808e-05,3899.7197089740002
60120,123125760,2.4452478885650635,,,3.1004629349818784e-05,3900.287179305
60130,123146240,2.097559928894043,,,3.0996215198898583e-05,3900.8324919789993
60140,123166720,1.72464919090271,,,3.098783630167109e-05,3901.480419009
60150,123187200,1.876476764678955,,,3.0979492660340626e-05,3902.0715458179984
60160,123207680,2.000995635986328,,,3.09711842771022e-05,3902.655029695001
60170,123228160,2.174434185028076,,,3.096291115414163e-05,3903.185228151
60180,123248640,1.7918148040771484,,,3.095467329363537e-05,3903.768973319002
60190,123269120,1.9516047239303589,,,3.094647069775066e-05,3904.412562296002
60200,123289600,2.129990577697754,1.932735651731491,6.908383345552385,3.093830336864541e-05,3905.268102604001
60210,123310080,1.899601697921753,,,3.09301713084683e-05,3905.944262213001
60220,123330560,2.0445947647094727,,,3.092207451935873e-05,3906.5111014130016
60230,123351040,1.9845871925354004,,,3.091401300344675e-05,3907.1410721419998
60240,123371520,2.2925944328308105,,,3.090598676285322e-05,3907.661463196
60250,123392000,1.9583189487457275,,,3.089799579968966e-05,3908.259350299999
60260,123412480,2.151179313659668,,,3.0890040116058374e-05,3909.0402036529995
60270,123432960,1.9748691320419312,,,3.0882119714052284e-05,3909.5740269740018
60280,123453440,1.7011553049087524,,,3.087423459575513e-05,3910.071208976002
60290,123473920,1.9688129425048828,,,3.0866384763241313e-05,3910.5620465190004
60300,123494400,1.8640280961990356,1.9321936070919037,6.904639708092682,3.085857021857596e-05,3911.404363591999
60310,123514880,2.0719404220581055,,,3.085079096381493e-05,3911.9826771519984
60320,123535360,1.843058705329895,,,3.084304700100478e-05,3912.509758856999
60330,123555840,1.9004371166229248,,,3.083533833218279e-05,3913.0690349450015
60340,123576320,1.9362359046936035,,,3.082766495937697e-05,3913.6820661839993
60350,123596800,1.9699724912643433,,,3.0820026884606025e-05,3914.1981473990018
60360,123617280,1.7921502590179443,,,3.081242410987935e-05,3914.7359168030016
60370,123637760,2.1083145141601562,,,3.0804856637197116e-05,3915.2409569670017
60380,123658240,1.9090275764465332,,,3.079732446855016e-05,3915.801609145001
60390,123678720,1.8934240341186523,,,3.078982760592005e-05,3916.285737688999
60400,123699200,2.0853726863861084,1.9321471273899078,6.904318789954808,3.0782366051279055e-05,3917.306837436001
60410,123719680,1.7868181467056274,,,3.077493980659015e-05,3917.968677146
60420,123740160,1.8629999160766602,,,3.076754887380703e-05,3918.5375958350014
60430,123760640,2.0678367614746094,,,3.076019325487413e-05,3919.1500018119987
60440,123781120,2.209825038909912,,,3.075287295172652e-05,3919.719751765999
60450,123801600,2.1040196418762207,,,3.0745587966290074e-05,3920.375011123
60460,123822080,1.8781664371490479,,,3.073833830048128e-05,3920.8913941069986
60470,123842560,2.36708927154541,,,3.07311239562074e-05,3921.5560059189993
60480,123863040,1.8102688789367676,,,3.072394493536639e-05,3922.089642908999
60490,123883520,1.7835742235183716,,,3.0716801239846886e-05,3922.681571354002
60500,123904000,1.9238290786743164,1.9322543263435363,6.905058965376916,3.070969287152825e-05,3923.5141552800014
60510,123924480,2.1348986625671387,,,3.0702619832280586e-05,3924.35354914
60520,123944960,2.0036277770996094,,,3.069558212396462e-05,3924.928083245999
60530,123965440,1.9978678226470947,,,3.068857974843185e-05,3925.5635992479984
60540,123985920,1.8848459720611572,,,3.068161270752448e-05,3926.252140954999
60550,124006400,2.2335634231567383,,,3.0674681003075374e-05,3926.8827321710014
60560,124026880,2.153959274291992,,,3.066778463690814e-05,3927.3987345409987
60570,124047360,1.848821997642517,,,3.066092361083704e-05,3928.067907258999
60580,124067840,1.9499664306640625,,,3.065409792666711e-05,3928.628324903999
60590,124088320,2.199748992919922,,,3.0647307586194016e-05,3929.216269834
60600,124108800,1.7487735748291016,1.932881474494934,6.90939081855722,3.0640552591204204e-05,3930.1151872560004
60610,124129280,1.9006037712097168,,,3.063383294347474e-05,3930.7417785860016
60620,124149760,2.1395697593688965,,,3.0627148644773434e-05,3931.285960424
60630,124170240,1.8341717720031738,,,3.062049969685881e-05,3931.8187972550004
60640,124190720,2.126688003540039,,,3.0613886101480046e-05,3932.4108115240015
60650,124211200,2.0370898246765137,,,3.060730786037705e-05,3932.974183615999
60660,124231680,2.0176916122436523,,,3.060076497528043e-05,3933.566761553
60670,124252160,1.7596701383590698,,,3.059425744791149e-05,3934.3495823429985
60680,124272640,2.1277987957000732,,,3.058778527998225e-05,3935.090203240001
60690,124293120,1.9904624223709106,,,3.0581348473195365e-05,3935.606892082
60700,124313600,2.154698371887207,1.9322943687438965,6.905335466048356,3.0574947029244246e-05,3936.6232754369994
60710,124334080,1.807901382446289,,,3.0568580949812985e-05,3937.2021769079984
60720,124354560,2.05137038230896,,,3.0562250236576384e-05,3937.9648343340014
60730,124375040,1.7679238319396973,,,3.05559548911999e-05,3938.725693919001
60740,124395520,1.9759924411773682,,,3.0549694915339724e-05,3939.2715736479986
60750,124416000,2.0787105560302734,,,3.054347031064273e-05,3939.9163378349986
60760,124436480,2.0081300735473633,,,3.053728107874648e-05,3940.4406318850015
60770,124456960,2.4097490310668945,,,3.0531127221279264e-05,3941.1424731529987
60780,124477440,1.8085296154022217,,,3.052500873985998e-05,3941.739103412001
60790,124497920,1.8345403671264648,,,3.051892563609833e-05,3942.3868559309994
60800,124518400,1.8439388275146484,1.9317952573299408,6.901889794258649,3.051287791159464e-05,3943.373318056001
60810,124538880,2.0967864990234375,,,3.0506865567939937e-05,3944.098083699999
60820,124559360,2.2489874362945557,,,3.050088860671595e-05,3944.679873999001
60830,124579840,2.02038311958313,,,3.04949470294951e-05,3945.366486471001
60840,124600320,1.7627609968185425,,,3.04890408378405e-05,3945.9095513710017
60850,124620800,2.1702425479888916,,,3.0483170033305946e-05,3946.6892549020013
60860,124641280,1.9184510707855225,,,3.0477334617435922e-05,3947.4639665059985
60870,124661760,1.7755565643310547,,,3.0471534591765604e-05,3948.223328341999
60880,124682240,2.02268385887146,,,3.046576995782089e-05,3948.9907559540006
60890,124702720,1.7361500263214111,,,3.0460040717118313e-05,3949.5129194209985
60900,124723200,1.813071370124817,1.932494568824768,6.906718053159513,3.0454346871165112e-05,3950.3662527240012
60910,124743680,1.9622117280960083,,,3.044868842145925e-05,3951.0554237569995
60920,124764160,2.2433018684387207,,,3.0443065369489352e-05,3951.777905212999
60930,124784640,1.941672682762146,,,3.04374777167347e-05,3952.59254442
60940,124805120,2.08756947517395,,,3.0431925464665325e-05,3953.24756987
60950,124825600,1.7859470844268799,,,3.0426408614741892e-05,3954.0330219509997
60960,124846080,1.9748680591583252,,,3.0420927168415767e-05,3954.6270251489987
60970,124866560,2.0644195079803467,,,3.041548112712904e-05,3955.340468956001
60980,124887040,2.1484580039978027,,,3.041007049231441e-05,3955.9910863570003
60990,124907520,2.035295009613037,,,3.040469526539535e-05,3956.5822522359995
61000,124928000,1.9951976537704468,1.9316133260726929,6.90063423898683,3.0399355447785952e-05,3957.552044389002
61010,124948480,1.859668254852295,,,3.0394051040891007e-05,3958.3442304790005
61020,124968960,1.7449567317962646,,,3.038878204610601e-05,3959.0092528880014
61030,124989440,2.01418399810791,,,3.038354846481712e-05,3959.653966858001
61040,125009920,1.9317541122436523,,,3.0378350298401186e-05,3960.127503435
61050,125030400,2.2698988914489746,,,3.0373187548225755e-05,3960.777191969999
61060,125050880,2.0580101013183594,,,3.0368060215649044e-05,3961.2522404260017
61070,125071360,1.8689266443252563,,,3.0362968302019914e-05,3961.8573950630016
61080,125091840,2.1952643394470215,,,3.0357911808677994e-05,3962.4691993749984
61090,125112320,2.0281224250793457,,,3.0352890736953495e-05,3963.0906901179987
61100,125132800,1.93202543258667,1.9326301217079163,6.907654342161614,3.0347905088167404e-05,3964.0128022239987
61110,125153280,2.169196128845215,,,3.0342954863631322e-05,3964.61973545
61120,125173760,1.7525488138198853,,,3.0338040064647556e-05,3965.176301263
61130,125194240,2.0705628395080566,,,3.033316069250911e-05,3965.923349348999
61140,125214720,1.9040292501449585,,,3.032831674849961e-05,3966.5320589660005
61150,125235200,1.8937585353851318,,,3.0323508233893434e-05,3967.0795092320004
61160,125255680,1.980902910232544,,,3.0318735149955583e-05,3967.703119539001
61170,125276160,2.0645623207092285,,,3.0313997497941765e-05,3968.2769225349984
61180,125296640,2.0505785942077637,,,3.030929527909837e-05,3968.8426671390007
61190,125317120,1.9965628385543823,,,3.0304628494662448e-05,3969.405653932001
61200,125337600,1.8771624565124512,1.9319008529186248,6.902618641855374,3.0299997145861743e-05,3970.218386995999
61210,125358080,2.0575201511383057,,,3.0295401233914658e-05,3970.9282431469983
61220,125378560,2.0614712238311768,,,3.0290840760030294e-05,3971.555244424999
61230,125399040,1.9774518013000488,,,3.0286315725408424e-05,3972.1425938540015
61240,125419520,1.8831557035446167,,,3.0281826131239485e-05,3972.751698663
61250,125440000,1.8377068042755127,,,3.0277371978704595e-05,3973.330736210999
61260,125460480,2.0650179386138916,,,3.027295326897556e-05,3974.0154212089983
61270,125480960,2.087836742401123,,,3.026857000321485e-05,3974.7697072810006
61280,125501440,2.0927717685699463,,,3.0264222182575615e-05,3975.3030713059998
61290,125521920,1.8345472812652588,,,3.0259909808201677e-05,3975.8112866619995
61300,125542400,1.7557950019836426,1.93194078207016,6.902894263063737,3.0255632881227538e-05,3976.7231757830014
61310,125562880,2.041895866394043,,,3.0251391402778365e-05,3977.5635042680005
61320,125583360,2.1429061889648438,,,3.0247185373970013e-05,3978.0771118449993
61330,125603840,1.9984943866729736,,,3.0243014795908993e-05,3978.615806693
61340,125624320,1.9956178665161133,,,3.0238879669692524e-05,3979.1295152150014
61350,125644800,1.947497844696045,,,3.023477999640844e-05,3979.6612302920003
61360,125665280,1.8891607522964478,,,3.023071577713531e-05,3980.3198068989986
61370,125685760,1.9211158752441406,,,3.0226687012942332e-05,3980.837910659
61380,125706240,1.8911166191101074,,,3.02226937048894e-05,3981.3263375589995
61390,125726720,1.8558472394943237,,,3.0218735854027063e-05,3981.9482370439982
61400,125747200,2.1345880031585693,1.93204465508461,6.9036113247403055,3.0214813461396573e-05,3982.953134268999
61410,125767680,1.8070908784866333,,,3.0210926528029806e-05,3983.6540079330007
61420,125788160,1.8221068382263184,,,3.0207075054949368e-05,3984.26216097
61430,125808640,2.275141716003418,,,3.0203259043168462e-05,3984.9376772920004
61440,125829120,1.9060670137405396,,,3.0199478493691043e-05,3985.4588313679997
61450,125849600,2.423576831817627,,,3.0195733407511674e-05,3986.057057111
61460,125870080,1.910049557685852,,,3.0192023785615623e-05,3986.6673913429986
61470,125890560,1.940765142440796,,,3.0188349628978797e-05,3987.188972401
61480,125911040,2.1849684715270996,,,3.0184710938567823e-05,3987.7995268500017
61490,125931520,1.856560230255127,,,3.0181107715339955e-05,3988.5009490109987
61500,125952000,2.320671558380127,1.931427675485611,6.89935325110088,3.017753996024311e-05,3989.6100289259994
61510,125972480,2.1416187286376953,,,3.0174007674215924e-05,3990.5352667810002
61520,125992960,2.047175884246826,,,3.0170510858187642e-05,3991.1319096789994
61530,126013440,1.8527034521102905,,,3.0167049513078212e-05,3991.5838125049995
61540,126033920,1.8216168880462646,,,3.0163623639798263e-05,3992.0282081299993
61550,126054400,1.8155784606933594,,,3.016023323924905e-05,3992.572021292999
61560,126074880,2.3412108421325684,,,3.015687831232254e-05,3993.084500770001
61570,126095360,2.1636791229248047,,,3.015355885990132e-05,3993.5762827860017
61580,126115840,2.1834793090820312,,,3.0150274882858694e-05,3994.1497052839986
61590,126136320,1.8450350761413574,,,3.01470263820586e-05,3994.687775688999
61600,126156800,2.1981911659240723,1.9309292316436768,6.895915167876428,3.014381335835566e-05,3995.7710303429994
61610,126177280,2.1549534797668457,,,3.0140635812595145e-05,3996.338377135002
61620,126197760,2.043363094329834,,,3.013749374561302e-05,3996.916225033001
61630,126218240,1.9242417812347412,,,3.013438715823588e-05,3997.5250249279998
61640,126238720,1.832587718963623,,,3.0131316051281012e-05,3998.086184803
61650,126259200,1.9016644954681396,,,3.0128280425556372e-05,3998.6705180390018
61660,126279680,1.8262019157409668,,,3.012528028186055e-05,3999.1841144540012
61670,126300160,2.1454017162323,,,3.012231562098285e-05,3999.8732699899992
61680,126320640,2.0543248653411865,,,3.01193864437032e-05,4000.6275498130017
61690,126341120,1.7824103832244873,,,3.0116492750792207e-05,4001.1483195170003
61700,126361600,1.9988408088684082,1.9310979962348938,6.8970790523892855,3.0113634543011158e-05,4001.981091488
61710,126382080,2.0629615783691406,,,3.0110811821111957e-05,4002.6297489419994
61720,126402560,1.8310933113098145,,,3.0108024585837246e-05,4003.357298834999
61730,126423040,1.8456721305847168,,,3.010527283792025e-05,4004.054402851001
61740,126443520,1.9965696334838867,,,3.010255657808494e-05,4004.678981215002
61750,126464000,1.9807705879211426,,,3.0099875807045865e-05,4005.2271087679983
61760,126484480,1.9664521217346191,,,3.009723052550832e-05,4006.0163340530016
61770,126504960,1.7297823429107666,,,3.009462073416821e-05,4006.5386453479987
61780,126525440,2.264092206954956,,,3.0092046433712106e-05,4007.1773086579997
61790,126545920,1.6551814079284668,,,3.0089507624817272e-05,4007.6589537260006
61800,126566400,1.873394250869751,1.9308098614215852,6.895092050080168,3.0087004308151616e-05,4008.535990791999
61810,126586880,1.9679698944091797,,,3.0084536484373702e-05,4009.4038143319995
61820,126607360,2.07266902923584,,,3.008210415413278e-05,4010.0222171749992
61830,126627840,1.8443862199783325,,,3.0079707318068724e-05,4010.582415921999
61840,126648320,2.0167970657348633,,,3.0077345976812104e-05,4011.1337984249985
61850,126668800,1.9055432081222534,,,3.0075020130984156e-05,4011.701106536999
61860,126689280,1.7104721069335938,,,3.0072729781196736e-05,4012.342556085001
61870,126709760,2.034013509750366,,,3.0070474928052406e-05,4012.9204871360016
61880,126730240,1.9835830926895142,,,3.0068255572144374e-05,4013.4717978189983
61890,126750720,1.8706018924713135,,,3.0066071714056487e-05,4014.0362433599985
61900,126771200,1.8688651323318481,1.9316541135311127,6.900915704059006,3.006392335436331e-05,4014.874118890999
61910,126791680,1.7442924976348877,,,3.006181049362999e-05,4015.4911998200005
61920,126812160,1.9289131164550781,,,3.0059733132412425e-05,4016.021050129999
61930,126832640,1.992551565170288,,,3.0057691271257074e-05,4016.5832670490017
61940,126853120,1.6587351560592651,,,3.0055684910701172e-05,4017.1640707100014
61950,126873600,2.0717997550964355,,,3.0053714051272498e-05,4017.7956216679995
61960,126894080,2.1605939865112305,,,3.0051778693489556e-05,4018.3810141700014
61970,126914560,1.819584846496582,,,3.0049878837861527e-05,4019.0321703299996
61980,126935040,1.706005334854126,,,3.0048014484888204e-05,4019.681663170999
61990,126955520,1.6930488348007202,,,3.0046185635060055e-05,4020.3030432250016
62000,126976000,1.8545171022415161,1.9305330336093902,6.893183561006676,3.0044392288858226e-05,4021.262108294999
62010,126996480,2.410085678100586,,,3.004263444675451e-05,4022.311969937
62020,127016960,1.8935937881469727,,,3.004091210921134e-05,4022.8619076430004
62030,127037440,2.0542244911193848,,,3.003922527668186e-05,4023.4077970590006
62040,127057920,2.3327078819274902,,,3.0037573949609828e-05,4023.880507803002
62050,127078400,1.901883602142334,,,3.0035958128429656e-05,4024.554955877
62060,127098880,2.0361766815185547,,,3.0034377813566468e-05,4025.140222754999
62070,127119360,1.950374960899353,,,3.003283300543598e-05,4025.7860765939986
62080,127139840,1.9030274152755737,,,3.0031323704444628e-05,4026.3126085939984
62090,127160320,1.9260646104812622,,,3.0029849910989456e-05,4026.855551367
62100,127180800,2.1542513370513916,1.9302073061466216,6.890938627453055,3.0028411625458194e-05,4027.7654595780004
62110,127201280,1.9087395668029785,,,3.0027008848229253e-05,4028.321479071001
62120,127221760,1.8312866687774658,,,3.002564157967164e-05,4028.950589125001
62130,127242240,2.149106502532959,,,3.0024309820145067e-05,4029.523562339
62140,127262720,1.8599283695220947,,,3.0023013569999894e-05,4030.0217083120006
62150,127283200,1.8652361631393433,,,3.0021752829577146e-05,4030.5538368909984
62160,127303680,1.8504118919372559,,,3.002052759920849e-05,4031.1906918179993
62170,127324160,2.076002597808838,,,3.0019337879216256e-05,4031.7433158390013
62180,127344640,2.098452091217041,,,3.0018183669913442e-05,4032.3192540029995
62190,127365120,1.905900239944458,,,3.0017064971603703e-05,4032.9318477300003
62200,127385600,1.7992173433303833,1.9298224985599517,6.88828745211884,3.0015981784581333e-05,4033.876903966
62210,127406080,1.9554123878479004,,,3.0014934109131307e-05,4034.4442171180017
62220,127426560,2.0153372287750244,,,3.0013921945529247e-05,4034.9918240740008
62230,127447040,1.9573040008544922,,,3.001294529404142e-05,4035.7137987640017
62240,127467520,1.9236094951629639,,,3.001200415492478e-05,4036.3047821030013
62250,127488000,1.9413373470306396,,,3.00110985284269e-05,4036.894488539001
62260,127508480,1.8146703243255615,,,3.001022841478605e-05,4037.4626963070004
62270,127528960,2.0102951526641846,,,3.0009393814231144e-05,4038.1817886889985
62280,127549440,2.0545740127563477,,,3.000859472698174e-05,4038.8496518620013
62290,127569920,1.7908673286437988,,,3.0007831153248042e-05,4039.4744805100017
62300,127590400,2.0400476455688477,1.929368793964386,6.885162913308643,3.000710309323097e-05,4040.381767941999
62310,127610880,1.843536615371704,,,3.0006410547122032e-05,4041.067129936
62320,127631360,1.798074722290039,,,3.0005753515103447e-05,4041.677675859999
62330,127651840,1.8603270053863525,,,3.0005131997348034e-05,4042.1679274929993
62340,127672320,2.2010915279388428,,,3.0004545994019334e-05,4042.6628525769993
62350,127692800,1.8594064712524414,,,3.0003995505271493e-05,4043.172169338999
62360,127713280,2.008444309234619,,,3.000348053124934e-05,4043.9204866530017
62370,127733760,1.7812559604644775,,,3.000300107208836e-05,4044.4870578679984
62380,127754240,1.8637689352035522,,,3.0002557127914683e-05,4045.1458361920013
62390,127774720,1.9636974334716797,,,3.0002148698845095e-05,4045.7121267990005
62400,127795200,1.9902257919311523,1.9285739481449127,6.8796924447281596,3.000177578498705e-05,4046.722330043998
62410,127815680,1.976259469985962,,,3.000143838643866e-05,4047.3739569630015
62420,127836160,1.8858141899108887,,,3.0001136503288686e-05,4047.9202699710004
62430,127856640,1.8042583465576172,,,3.000087013561654e-05,4048.663872762001
62440,127877120,1.6603890657424927,,,3.0000639283492314e-05,4049.3119106119993
62450,127897600,1.7666778564453125,,,3.0000443946976722e-05,4049.9567461680017
62460,127918080,2.1123690605163574,,,3.0000284126121157e-05,4050.5940105949994
62470,127938560,1.796180248260498,,,3.0000159820967676e-05,4051.1434139759986
62480,127959040,1.7894593477249146,,,3.0000071031548984e-05,4051.708886182001
62490,127979520,2.0574936866760254,,,3.0000017757888415e-05,4052.2775603109985
62500,128000000,1.9447195529937744,1.9289141476154328,6.882033310613288,3e-05,4053.0966479080016
