2026-09-30 20:30:16,774 8m_64mtoken: parameters=8530176, target steps=31250, processed tokens=64000000, resume step=0
2026-09-30 20:30:16,903 step=1 train=9.21034 val=None lr=4.8e-07
2026-09-30 20:30:17,562 step=10 train=9.21034 val=None lr=4.8e-06
2026-09-30 20:30:18,020 step=20 train=9.21033 val=None lr=9.6e-06
2026-09-30 20:30:18,623 step=30 train=9.21032 val=None lr=1.44e-05
2026-09-30 20:30:19,296 step=40 train=9.21031 val=None lr=1.92e-05
2026-09-30 20:30:19,981 step=50 train=9.21029 val=None lr=2.4e-05
2026-09-30 20:30:20,499 step=60 train=9.21026 val=None lr=2.88e-05
2026-09-30 20:30:20,994 step=70 train=9.21020 val=None lr=3.36e-05
2026-09-30 20:30:21,522 step=80 train=9.21013 val=None lr=3.84e-05
2026-09-30 20:30:22,064 step=90 train=9.21005 val=None lr=4.32e-05
2026-09-30 20:30:22,996 step=100 train=9.20987 val=9.209864473342895 lr=4.8e-05
2026-09-30 20:30:23,630 step=110 train=9.20967 val=None lr=5.28e-05
2026-09-30 20:30:24,142 step=120 train=9.20943 val=None lr=5.76e-05
2026-09-30 20:30:24,665 step=130 train=9.20909 val=None lr=6.24e-05
2026-09-30 20:30:25,162 step=140 train=9.20875 val=None lr=6.72e-05
2026-09-30 20:30:25,684 step=150 train=9.20815 val=None lr=7.2e-05
2026-09-30 20:30:26,213 step=160 train=9.20769 val=None lr=7.68e-05
2026-09-30 20:30:26,692 step=170 train=9.20725 val=None lr=8.16e-05
2026-09-30 20:30:27,280 step=180 train=9.20588 val=None lr=8.64e-05
2026-09-30 20:30:27,848 step=190 train=9.20506 val=None lr=9.12e-05
2026-09-30 20:30:28,756 step=200 train=9.20347 val=9.203408002853394 lr=9.6e-05
2026-09-30 20:30:29,346 step=210 train=9.20186 val=None lr=0.0001008
2026-09-30 20:30:30,026 step=220 train=9.19976 val=None lr=0.0001056
2026-09-30 20:30:30,559 step=230 train=9.19861 val=None lr=0.0001104
2026-09-30 20:30:31,081 step=240 train=9.19549 val=None lr=0.0001152
2026-09-30 20:30:31,564 step=250 train=9.19345 val=None lr=0.00012
2026-09-30 20:30:32,102 step=260 train=9.18787 val=None lr=0.0001248
2026-09-30 20:30:32,551 step=270 train=9.18359 val=None lr=0.0001296
2026-09-30 20:30:33,111 step=280 train=9.17895 val=None lr=0.0001344
2026-09-30 20:30:33,698 step=290 train=9.16500 val=None lr=0.0001392
2026-09-30 20:30:34,528 step=300 train=9.14821 val=9.148797702789306 lr=0.000144
2026-09-30 20:30:35,111 step=310 train=9.12873 val=None lr=0.0001488
2026-09-30 20:30:35,581 step=320 train=9.10182 val=None lr=0.0001536
2026-09-30 20:30:36,191 step=330 train=9.07505 val=None lr=0.0001584
2026-09-30 20:30:36,818 step=340 train=9.04316 val=None lr=0.0001632
2026-09-30 20:30:37,382 step=350 train=8.99928 val=None lr=0.000168
2026-09-30 20:30:37,891 step=360 train=8.95665 val=None lr=0.0001728
2026-09-30 20:30:38,486 step=370 train=8.92623 val=None lr=0.0001776
2026-09-30 20:30:38,973 step=380 train=8.88444 val=None lr=0.0001824
2026-09-30 20:30:39,484 step=390 train=8.83673 val=None lr=0.0001872
2026-09-30 20:30:40,470 step=400 train=8.77679 val=8.781481885910035 lr=0.000192
2026-09-30 20:30:41,136 step=410 train=8.74315 val=None lr=0.0001968
2026-09-30 20:30:41,728 step=420 train=8.69369 val=None lr=0.0002016
2026-09-30 20:30:42,264 step=430 train=8.62362 val=None lr=0.0002064
2026-09-30 20:30:42,891 step=440 train=8.55239 val=None lr=0.0002112
2026-09-30 20:30:43,410 step=450 train=8.48829 val=None lr=0.000216
2026-09-30 20:30:43,924 step=460 train=8.44289 val=None lr=0.0002208
2026-09-30 20:30:42,318 step=470 train=8.36092 val=None lr=0.0002256
2026-09-30 20:30:43,056 step=480 train=8.27458 val=None lr=0.0002304
2026-09-30 20:30:43,650 step=490 train=8.20386 val=None lr=0.0002352
2026-09-30 20:30:44,663 step=500 train=8.07980 val=8.080731534957886 lr=0.00024
2026-09-30 20:30:45,509 step=510 train=8.03294 val=None lr=0.0002448
2026-09-30 20:30:45,995 step=520 train=7.87257 val=None lr=0.0002496
2026-09-30 20:30:46,665 step=530 train=7.82400 val=None lr=0.0002544
2026-09-30 20:30:47,173 step=540 train=7.67649 val=None lr=0.0002592
2026-09-30 20:30:47,760 step=550 train=7.63856 val=None lr=0.000264
2026-09-30 20:30:48,354 step=560 train=7.48273 val=None lr=0.0002688
2026-09-30 20:30:48,847 step=570 train=7.39841 val=None lr=0.0002736
2026-09-30 20:30:49,533 step=580 train=7.32335 val=None lr=0.0002784
2026-09-30 20:30:50,095 step=590 train=7.19916 val=None lr=0.0002832
2026-09-30 20:30:51,086 step=600 train=7.05863 val=7.041076040267944 lr=0.000288
2026-09-30 20:30:51,947 step=610 train=6.97034 val=None lr=0.0002928
2026-09-30 20:30:52,574 step=620 train=6.79048 val=None lr=0.0002976
2026-09-30 20:30:53,161 step=630 train=6.74536 val=None lr=0.0003
2026-09-30 20:30:53,696 step=640 train=6.61681 val=None lr=0.0003
2026-09-30 20:30:54,244 step=650 train=6.62428 val=None lr=0.0003
2026-09-30 20:30:54,742 step=660 train=6.48754 val=None lr=0.000299999
2026-09-30 20:30:55,243 step=670 train=6.41626 val=None lr=0.000299999
2026-09-30 20:30:55,787 step=680 train=6.30306 val=None lr=0.000299998
2026-09-30 20:30:56,303 step=690 train=6.29144 val=None lr=0.000299997
2026-09-30 20:30:57,212 step=700 train=6.04849 val=6.108037400245666 lr=0.000299996
2026-09-30 20:30:57,918 step=710 train=6.01298 val=None lr=0.000299995
2026-09-30 20:30:58,541 step=720 train=6.02636 val=None lr=0.000299994
2026-09-30 20:30:59,129 step=730 train=6.02436 val=None lr=0.000299992
2026-09-30 20:30:59,784 step=740 train=5.80654 val=None lr=0.000299991
2026-09-30 20:31:00,299 step=750 train=5.95833 val=None lr=0.000299989
2026-09-30 20:31:00,921 step=760 train=5.82481 val=None lr=0.000299987
2026-09-30 20:31:01,545 step=770 train=5.74092 val=None lr=0.000299985
2026-09-30 20:31:02,052 step=780 train=5.81120 val=None lr=0.000299983
2026-09-30 20:31:02,627 step=790 train=5.82762 val=None lr=0.000299981
2026-09-30 20:31:03,612 step=800 train=5.82012 val=5.687520265579224 lr=0.000299978
2026-09-30 20:31:04,261 step=810 train=5.71100 val=None lr=0.000299976
2026-09-30 20:31:04,731 step=820 train=5.71200 val=None lr=0.000299973
2026-09-30 20:31:05,263 step=830 train=5.53710 val=None lr=0.00029997
2026-09-30 20:31:05,746 step=840 train=5.67679 val=None lr=0.000299967
2026-09-30 20:31:06,304 step=850 train=5.56824 val=None lr=0.000299964
2026-09-30 20:31:06,839 step=860 train=5.55044 val=None lr=0.000299961
2026-09-30 20:31:07,637 step=870 train=5.51614 val=None lr=0.000299957
2026-09-30 20:31:08,208 step=880 train=5.36591 val=None lr=0.000299954
2026-09-30 20:31:08,695 step=890 train=5.48620 val=None lr=0.00029995
2026-09-30 20:31:09,638 step=900 train=5.43216 val=5.339397811889649 lr=0.000299946
2026-09-30 20:31:10,292 step=910 train=5.28819 val=None lr=0.000299942
2026-09-30 20:31:10,876 step=920 train=5.33918 val=None lr=0.000299938
2026-09-30 20:31:11,456 step=930 train=5.30059 val=None lr=0.000299934
2026-09-30 20:31:12,113 step=940 train=5.12227 val=None lr=0.00029993
2026-09-30 20:31:12,660 step=950 train=5.08595 val=None lr=0.000299925
2026-09-30 20:31:13,156 step=960 train=5.10731 val=None lr=0.00029992
2026-09-30 20:31:13,701 step=970 train=5.31816 val=None lr=0.000299915
2026-09-30 20:31:14,375 step=980 train=5.20599 val=None lr=0.00029991
2026-09-30 20:31:12,807 step=990 train=5.00246 val=None lr=0.000299905
2026-09-30 20:31:13,774 step=1000 train=4.97399 val=5.0152982711792 lr=0.0002999
2026-09-30 20:31:14,626 step=1010 train=5.08245 val=None lr=0.000299895
2026-09-30 20:31:15,249 step=1020 train=5.18909 val=None lr=0.000299889
2026-09-30 20:31:15,905 step=1030 train=4.86912 val=None lr=0.000299884
2026-09-30 20:31:16,439 step=1040 train=4.82496 val=None lr=0.000299878
2026-09-30 20:31:16,917 step=1050 train=4.73767 val=None lr=0.000299872
2026-09-30 20:31:17,486 step=1060 train=4.60147 val=None lr=0.000299866
2026-09-30 20:31:17,986 step=1070 train=4.65284 val=None lr=0.000299859
2026-09-30 20:31:18,476 step=1080 train=4.63238 val=None lr=0.000299853
2026-09-30 20:31:19,035 step=1090 train=4.93079 val=None lr=0.000299846
2026-09-30 20:31:19,959 step=1100 train=4.62229 val=4.707057189941406 lr=0.00029984
2026-09-30 20:31:20,615 step=1110 train=4.94587 val=None lr=0.000299833
2026-09-30 20:31:21,159 step=1120 train=4.61847 val=None lr=0.000299826
2026-09-30 20:31:21,672 step=1130 train=4.60004 val=None lr=0.000299819
2026-09-30 20:31:22,177 step=1140 train=4.64989 val=None lr=0.000299812
2026-09-30 20:31:22,670 step=1150 train=4.60086 val=None lr=0.000299804
2026-09-30 20:31:23,309 step=1160 train=4.73446 val=None lr=0.000299797
2026-09-30 20:31:23,820 step=1170 train=4.59980 val=None lr=0.000299789
2026-09-30 20:31:24,307 step=1180 train=4.55305 val=None lr=0.000299781
2026-09-30 20:31:24,835 step=1190 train=4.39608 val=None lr=0.000299773
2026-09-30 20:31:25,819 step=1200 train=4.64740 val=4.462722182273865 lr=0.000299765
2026-09-30 20:31:26,409 step=1210 train=4.71508 val=None lr=0.000299757
2026-09-30 20:31:26,948 step=1220 train=4.67685 val=None lr=0.000299749
2026-09-30 20:31:27,487 step=1230 train=4.62472 val=None lr=0.00029974
2026-09-30 20:31:28,006 step=1240 train=4.48016 val=None lr=0.000299731
2026-09-30 20:31:28,615 step=1250 train=4.33825 val=None lr=0.000299723
2026-09-30 20:31:29,157 step=1260 train=4.16145 val=None lr=0.000299714
2026-09-30 20:31:29,694 step=1270 train=4.24101 val=None lr=0.000299705
2026-09-30 20:31:30,372 step=1280 train=4.32786 val=None lr=0.000299695
2026-09-30 20:31:30,886 step=1290 train=4.30272 val=None lr=0.000299686
2026-09-30 20:31:31,732 step=1300 train=4.28260 val=4.293372797966003 lr=0.000299676
2026-09-30 20:31:32,320 step=1310 train=4.27981 val=None lr=0.000299667
2026-09-30 20:31:32,902 step=1320 train=4.49812 val=None lr=0.000299657
2026-09-30 20:31:33,459 step=1330 train=4.35173 val=None lr=0.000299647
2026-09-30 20:31:33,995 step=1340 train=4.26280 val=None lr=0.000299637
2026-09-30 20:31:34,547 step=1350 train=4.03001 val=None lr=0.000299627
2026-09-30 20:31:35,156 step=1360 train=4.20040 val=None lr=0.000299616
2026-09-30 20:31:35,712 step=1370 train=4.20161 val=None lr=0.000299606
2026-09-30 20:31:36,340 step=1380 train=4.24104 val=None lr=0.000299595
2026-09-30 20:31:36,856 step=1390 train=4.19574 val=None lr=0.000299585
2026-09-30 20:31:37,785 step=1400 train=4.24840 val=4.180776119232178 lr=0.000299574
2026-09-30 20:31:38,356 step=1410 train=4.21223 val=None lr=0.000299563
2026-09-30 20:31:38,881 step=1420 train=4.07410 val=None lr=0.000299551
2026-09-30 20:31:39,397 step=1430 train=4.17514 val=None lr=0.00029954
2026-09-30 20:31:40,053 step=1440 train=4.16787 val=None lr=0.000299528
2026-09-30 20:31:40,671 step=1450 train=4.25077 val=None lr=0.000299517
2026-09-30 20:31:41,113 step=1460 train=4.12819 val=None lr=0.000299505
2026-09-30 20:31:41,631 step=1470 train=4.07953 val=None lr=0.000299493
2026-09-30 20:31:42,210 step=1480 train=4.08554 val=None lr=0.000299481
2026-09-30 20:31:42,723 step=1490 train=4.12949 val=None lr=0.000299469
2026-09-30 20:31:43,565 step=1500 train=4.25638 val=4.100845921039581 lr=0.000299457
2026-09-30 20:31:44,345 step=1510 train=4.26685 val=None lr=0.000299444
2026-09-30 20:31:42,768 step=1520 train=4.10817 val=None lr=0.000299431
2026-09-30 20:31:43,303 step=1530 train=4.18252 val=None lr=0.000299419
2026-09-30 20:31:43,797 step=1540 train=4.15682 val=None lr=0.000299406
2026-09-30 20:31:44,304 step=1550 train=3.91380 val=None lr=0.000299393
2026-09-30 20:31:44,986 step=1560 train=3.83596 val=None lr=0.00029938
2026-09-30 20:31:45,584 step=1570 train=4.54556 val=None lr=0.000299366
2026-09-30 20:31:46,075 step=1580 train=3.96775 val=None lr=0.000299353
2026-09-30 20:31:46,831 step=1590 train=4.19015 val=None lr=0.000299339
2026-09-30 20:31:47,779 step=1600 train=3.98248 val=4.041690802574157 lr=0.000299325
2026-09-30 20:31:48,388 step=1610 train=4.12452 val=None lr=0.000299311
2026-09-30 20:31:48,918 step=1620 train=3.97658 val=None lr=0.000299297
2026-09-30 20:31:49,426 step=1630 train=3.75462 val=None lr=0.000299283
2026-09-30 20:31:49,948 step=1640 train=3.75132 val=None lr=0.000299269
2026-09-30 20:31:50,432 step=1650 train=4.27370 val=None lr=0.000299254
2026-09-30 20:31:50,987 step=1660 train=4.01018 val=None lr=0.00029924
2026-09-30 20:31:51,436 step=1670 train=4.07586 val=None lr=0.000299225
2026-09-30 20:31:51,887 step=1680 train=4.15723 val=None lr=0.00029921
2026-09-30 20:31:52,433 step=1690 train=4.14586 val=None lr=0.000299195
2026-09-30 20:31:53,291 step=1700 train=4.15162 val=3.9936577320098876 lr=0.00029918
2026-09-30 20:31:53,865 step=1710 train=4.04418 val=None lr=0.000299165
2026-09-30 20:31:54,400 step=1720 train=3.80305 val=None lr=0.000299149
2026-09-30 20:31:55,004 step=1730 train=4.06510 val=None lr=0.000299134
2026-09-30 20:31:55,573 step=1740 train=3.96257 val=None lr=0.000299118
2026-09-30 20:31:56,245 step=1750 train=4.19868 val=None lr=0.000299102
2026-09-30 20:31:56,736 step=1760 train=4.14935 val=None lr=0.000299086
2026-09-30 20:31:57,255 step=1770 train=4.00388 val=None lr=0.00029907
2026-09-30 20:31:57,880 step=1780 train=4.26265 val=None lr=0.000299054
2026-09-30 20:31:58,350 step=1790 train=4.10003 val=None lr=0.000299037
2026-09-30 20:31:59,391 step=1800 train=4.15498 val=3.962686765193939 lr=0.000299021
2026-09-30 20:31:59,881 step=1810 train=4.15908 val=None lr=0.000299004
2026-09-30 20:32:00,382 step=1820 train=4.25087 val=None lr=0.000298987
2026-09-30 20:32:00,980 step=1830 train=3.73216 val=None lr=0.00029897
2026-09-30 20:32:01,620 step=1840 train=3.94255 val=None lr=0.000298953
2026-09-30 20:32:02,129 step=1850 train=3.82735 val=None lr=0.000298935
2026-09-30 20:32:02,632 step=1860 train=3.97979 val=None lr=0.000298918
2026-09-30 20:32:03,233 step=1870 train=3.71659 val=None lr=0.0002989
2026-09-30 20:32:03,830 step=1880 train=3.99925 val=None lr=0.000298883
2026-09-30 20:32:04,371 step=1890 train=4.31863 val=None lr=0.000298865
2026-09-30 20:32:05,275 step=1900 train=3.75904 val=3.928260886669159 lr=0.000298847
2026-09-30 20:32:05,774 step=1910 train=4.06425 val=None lr=0.000298829
2026-09-30 20:32:06,377 step=1920 train=3.82659 val=None lr=0.000298811
2026-09-30 20:32:06,879 step=1930 train=4.01515 val=None lr=0.000298792
2026-09-30 20:32:07,457 step=1940 train=4.05229 val=None lr=0.000298774
2026-09-30 20:32:08,082 step=1950 train=3.86636 val=None lr=0.000298755
2026-09-30 20:32:08,711 step=1960 train=4.08709 val=None lr=0.000298736
2026-09-30 20:32:09,388 step=1970 train=4.01000 val=None lr=0.000298717
2026-09-30 20:32:10,027 step=1980 train=4.01450 val=None lr=0.000298698
2026-09-30 20:32:10,688 step=1990 train=3.64450 val=None lr=0.000298679
2026-09-30 20:32:11,737 step=2000 train=4.04924 val=3.9023334264755247 lr=0.000298659
2026-09-30 20:32:12,837 step=2010 train=3.98268 val=None lr=0.00029864
2026-09-30 20:32:13,370 step=2020 train=3.90062 val=None lr=0.00029862
2026-09-30 20:32:13,837 step=2030 train=3.78238 val=None lr=0.0002986
2026-09-30 20:32:14,420 step=2040 train=4.04275 val=None lr=0.00029858
2026-09-30 20:32:15,151 step=2050 train=4.04444 val=None lr=0.00029856
2026-09-30 20:32:13,608 step=2060 train=3.87336 val=None lr=0.00029854
2026-09-30 20:32:14,173 step=2070 train=4.04810 val=None lr=0.00029852
2026-09-30 20:32:14,671 step=2080 train=3.95240 val=None lr=0.000298499
2026-09-30 20:32:15,236 step=2090 train=3.80419 val=None lr=0.000298478
2026-09-30 20:32:16,090 step=2100 train=3.86621 val=3.8802896976470946 lr=0.000298458
2026-09-30 20:32:16,558 step=2110 train=3.98144 val=None lr=0.000298437
2026-09-30 20:32:17,092 step=2120 train=3.83320 val=None lr=0.000298416
2026-09-30 20:32:17,544 step=2130 train=3.86998 val=None lr=0.000298394
2026-09-30 20:32:18,012 step=2140 train=3.72448 val=None lr=0.000298373
2026-09-30 20:32:18,616 step=2150 train=3.52965 val=None lr=0.000298351
2026-09-30 20:32:19,148 step=2160 train=4.07930 val=None lr=0.00029833
2026-09-30 20:32:19,645 step=2170 train=3.79581 val=None lr=0.000298308
2026-09-30 20:32:20,152 step=2180 train=3.95215 val=None lr=0.000298286
2026-09-30 20:32:20,622 step=2190 train=3.98607 val=None lr=0.000298264
2026-09-30 20:32:21,450 step=2200 train=3.74729 val=3.863921654224396 lr=0.000298242
2026-09-30 20:32:21,904 step=2210 train=3.84026 val=None lr=0.000298219
2026-09-30 20:32:22,496 step=2220 train=3.92296 val=None lr=0.000298197
2026-09-30 20:32:22,974 step=2230 train=4.01173 val=None lr=0.000298174
2026-09-30 20:32:23,476 step=2240 train=3.89803 val=None lr=0.000298152
2026-09-30 20:32:23,980 step=2250 train=3.89157 val=None lr=0.000298129
2026-09-30 20:32:24,543 step=2260 train=3.74322 val=None lr=0.000298106
2026-09-30 20:32:25,189 step=2270 train=4.07709 val=None lr=0.000298082
2026-09-30 20:32:25,832 step=2280 train=3.83842 val=None lr=0.000298059
2026-09-30 20:32:26,309 step=2290 train=3.83247 val=None lr=0.000298036
2026-09-30 20:32:27,127 step=2300 train=3.93528 val=3.8429226636886598 lr=0.000298012
2026-09-30 20:32:27,687 step=2310 train=3.79528 val=None lr=0.000297988
2026-09-30 20:32:28,239 step=2320 train=4.23373 val=None lr=0.000297964
2026-09-30 20:32:28,773 step=2330 train=3.96298 val=None lr=0.00029794
2026-09-30 20:32:29,307 step=2340 train=3.67508 val=None lr=0.000297916
2026-09-30 20:32:29,785 step=2350 train=3.90945 val=None lr=0.000297892
2026-09-30 20:32:30,424 step=2360 train=3.99536 val=None lr=0.000297867
2026-09-30 20:32:31,018 step=2370 train=3.76266 val=None lr=0.000297843
2026-09-30 20:32:31,522 step=2380 train=4.03398 val=None lr=0.000297818
2026-09-30 20:32:32,013 step=2390 train=3.93885 val=None lr=0.000297793
2026-09-30 20:32:33,018 step=2400 train=3.79366 val=3.81744898557663 lr=0.000297768
2026-09-30 20:32:33,752 step=2410 train=3.99825 val=None lr=0.000297743
2026-09-30 20:32:34,551 step=2420 train=3.75743 val=None lr=0.000297718
2026-09-30 20:32:35,034 step=2430 train=3.83136 val=None lr=0.000297692
2026-09-30 20:32:35,806 step=2440 train=3.95500 val=None lr=0.000297667
2026-09-30 20:32:36,412 step=2450 train=4.07352 val=None lr=0.000297641
2026-09-30 20:32:36,902 step=2460 train=3.68396 val=None lr=0.000297615
2026-09-30 20:32:37,622 step=2470 train=3.73089 val=None lr=0.000297589
2026-09-30 20:32:38,121 step=2480 train=3.96781 val=None lr=0.000297563
2026-09-30 20:32:38,719 step=2490 train=3.87214 val=None lr=0.000297537
2026-09-30 20:32:39,528 step=2500 train=3.84441 val=3.7900712966918944 lr=0.00029751
2026-09-30 20:32:40,316 step=2510 train=4.02127 val=None lr=0.000297484
2026-09-30 20:32:40,777 step=2520 train=4.01478 val=None lr=0.000297457
2026-09-30 20:32:41,341 step=2530 train=3.72713 val=None lr=0.00029743
2026-09-30 20:32:41,874 step=2540 train=3.65542 val=None lr=0.000297403
2026-09-30 20:32:42,432 step=2550 train=3.82779 val=None lr=0.000297376
2026-09-30 20:32:43,037 step=2560 train=3.63465 val=None lr=0.000297349
2026-09-30 20:32:43,629 step=2570 train=3.77371 val=None lr=0.000297322
2026-09-30 20:32:44,181 step=2580 train=3.58196 val=None lr=0.000297294
2026-09-30 20:32:44,761 step=2590 train=3.85867 val=None lr=0.000297267
2026-09-30 20:32:45,827 step=2600 train=3.79792 val=3.76750305891037 lr=0.000297239
2026-09-30 20:32:44,408 step=2610 train=3.94286 val=None lr=0.000297211
2026-09-30 20:32:44,920 step=2620 train=3.82944 val=None lr=0.000297183
2026-09-30 20:32:45,449 step=2630 train=3.96540 val=None lr=0.000297155
2026-09-30 20:32:45,960 step=2640 train=3.66741 val=None lr=0.000297126
2026-09-30 20:32:46,557 step=2650 train=3.72280 val=None lr=0.000297098
2026-09-30 20:32:47,119 step=2660 train=3.97444 val=None lr=0.000297069
2026-09-30 20:32:47,657 step=2670 train=3.66736 val=None lr=0.00029704
2026-09-30 20:32:48,172 step=2680 train=3.89151 val=None lr=0.000297011
2026-09-30 20:32:48,683 step=2690 train=4.06536 val=None lr=0.000296982
2026-09-30 20:32:49,581 step=2700 train=3.96703 val=3.727130877971649 lr=0.000296953
2026-09-30 20:32:50,178 step=2710 train=4.05654 val=None lr=0.000296924
2026-09-30 20:32:50,733 step=2720 train=3.89209 val=None lr=0.000296894
2026-09-30 20:32:51,266 step=2730 train=3.65272 val=None lr=0.000296865
2026-09-30 20:32:51,909 step=2740 train=3.63441 val=None lr=0.000296835
2026-09-30 20:32:52,565 step=2750 train=3.93083 val=None lr=0.000296805
2026-09-30 20:32:53,167 step=2760 train=3.84462 val=None lr=0.000296775
2026-09-30 20:32:53,655 step=2770 train=3.89956 val=None lr=0.000296745
2026-09-30 20:32:54,145 step=2780 train=3.76988 val=None lr=0.000296715
2026-09-30 20:32:54,665 step=2790 train=3.66592 val=None lr=0.000296684
2026-09-30 20:32:55,594 step=2800 train=3.66720 val=3.6835388422012327 lr=0.000296654
2026-09-30 20:32:56,056 step=2810 train=3.69159 val=None lr=0.000296623
2026-09-30 20:32:56,664 step=2820 train=3.67563 val=None lr=0.000296592
2026-09-30 20:32:57,271 step=2830 train=3.70830 val=None lr=0.000296561
2026-09-30 20:32:57,776 step=2840 train=3.76008 val=None lr=0.00029653
2026-09-30 20:32:58,468 step=2850 train=3.61523 val=None lr=0.000296499
2026-09-30 20:32:59,367 step=2860 train=3.76491 val=None lr=0.000296467
2026-09-30 20:32:59,970 step=2870 train=3.69139 val=None lr=0.000296436
2026-09-30 20:33:00,514 step=2880 train=3.53185 val=None lr=0.000296404
2026-09-30 20:33:01,141 step=2890 train=4.06131 val=None lr=0.000296372
2026-09-30 20:33:01,940 step=2900 train=3.83379 val=3.6301467299461363 lr=0.00029634
2026-09-30 20:33:02,447 step=2910 train=3.72673 val=None lr=0.000296308
2026-09-30 20:33:03,125 step=2920 train=3.65903 val=None lr=0.000296276
2026-09-30 20:33:03,720 step=2930 train=3.51209 val=None lr=0.000296244
2026-09-30 20:33:04,239 step=2940 train=3.82276 val=None lr=0.000296211
2026-09-30 20:33:04,766 step=2950 train=3.69897 val=None lr=0.000296178
2026-09-30 20:33:05,260 step=2960 train=3.85342 val=None lr=0.000296146
2026-09-30 20:33:05,905 step=2970 train=3.94771 val=None lr=0.000296113
2026-09-30 20:33:06,401 step=2980 train=3.64128 val=None lr=0.00029608
2026-09-30 20:33:06,932 step=2990 train=3.35722 val=None lr=0.000296046
2026-09-30 20:33:07,831 step=3000 train=3.94861 val=3.58649263381958 lr=0.000296013
2026-09-30 20:33:08,913 step=3010 train=3.49556 val=None lr=0.00029598
2026-09-30 20:33:09,625 step=3020 train=3.77610 val=None lr=0.000295946
2026-09-30 20:33:10,131 step=3030 train=3.48103 val=None lr=0.000295912
2026-09-30 20:33:10,626 step=3040 train=3.58400 val=None lr=0.000295878
2026-09-30 20:33:11,195 step=3050 train=3.86536 val=None lr=0.000295844
2026-09-30 20:33:11,772 step=3060 train=3.68477 val=None lr=0.00029581
2026-09-30 20:33:12,392 step=3070 train=3.44504 val=None lr=0.000295776
2026-09-30 20:33:12,999 step=3080 train=3.51671 val=None lr=0.000295741
2026-09-30 20:33:13,525 step=3090 train=3.46442 val=None lr=0.000295707
2026-09-30 20:33:14,411 step=3100 train=3.55262 val=3.5399091482162475 lr=0.000295672
2026-09-30 20:33:15,005 step=3110 train=3.81160 val=None lr=0.000295637
2026-09-30 20:33:15,591 step=3120 train=3.40095 val=None lr=0.000295602
2026-09-30 20:33:16,172 step=3130 train=3.72045 val=None lr=0.000295567
2026-09-30 20:33:14,593 step=3140 train=3.50991 val=None lr=0.000295532
2026-09-30 20:33:15,159 step=3150 train=3.72768 val=None lr=0.000295497
2026-09-30 20:33:15,694 step=3160 train=3.64447 val=None lr=0.000295461
2026-09-30 20:33:16,224 step=3170 train=3.52274 val=None lr=0.000295425
2026-09-30 20:33:16,720 step=3180 train=3.66197 val=None lr=0.00029539
2026-09-30 20:33:17,336 step=3190 train=3.71236 val=None lr=0.000295354
2026-09-30 20:33:18,265 step=3200 train=3.55854 val=3.504617786407471 lr=0.000295317
2026-09-30 20:33:18,816 step=3210 train=3.41886 val=None lr=0.000295281
2026-09-30 20:33:19,344 step=3220 train=3.55004 val=None lr=0.000295245
2026-09-30 20:33:19,845 step=3230 train=3.42561 val=None lr=0.000295208
2026-09-30 20:33:20,445 step=3240 train=3.51831 val=None lr=0.000295172
2026-09-30 20:33:20,961 step=3250 train=3.61592 val=None lr=0.000295135
2026-09-30 20:33:21,504 step=3260 train=3.36507 val=None lr=0.000295098
2026-09-30 20:33:22,081 step=3270 train=3.49927 val=None lr=0.000295061
2026-09-30 20:33:22,622 step=3280 train=3.53442 val=None lr=0.000295024
2026-09-30 20:33:23,146 step=3290 train=3.71202 val=None lr=0.000294987
2026-09-30 20:33:24,178 step=3300 train=3.71652 val=3.4664242386817934 lr=0.000294949
2026-09-30 20:33:24,751 step=3310 train=3.64364 val=None lr=0.000294911
2026-09-30 20:33:25,354 step=3320 train=3.51026 val=None lr=0.000294874
2026-09-30 20:33:25,919 step=3330 train=3.32692 val=None lr=0.000294836
2026-09-30 20:33:26,454 step=3340 train=3.46957 val=None lr=0.000294798
2026-09-30 20:33:26,978 step=3350 train=3.49149 val=None lr=0.00029476
2026-09-30 20:33:27,701 step=3360 train=3.39797 val=None lr=0.000294721
2026-09-30 20:33:28,298 step=3370 train=3.50371 val=None lr=0.000294683
2026-09-30 20:33:28,821 step=3380 train=3.33145 val=None lr=0.000294644
2026-09-30 20:33:29,500 step=3390 train=3.34863 val=None lr=0.000294606
2026-09-30 20:33:30,387 step=3400 train=3.42094 val=3.4351070404052733 lr=0.000294567
2026-09-30 20:33:30,989 step=3410 train=3.59537 val=None lr=0.000294528
2026-09-30 20:33:31,624 step=3420 train=3.79514 val=None lr=0.000294489
2026-09-30 20:33:32,197 step=3430 train=3.62545 val=None lr=0.00029445
2026-09-30 20:33:32,679 step=3440 train=3.34662 val=None lr=0.00029441
2026-09-30 20:33:33,131 step=3450 train=3.47657 val=None lr=0.000294371
2026-09-30 20:33:33,575 step=3460 train=3.38228 val=None lr=0.000294331
2026-09-30 20:33:34,195 step=3470 train=3.35667 val=None lr=0.000294291
2026-09-30 20:33:34,913 step=3480 train=3.35971 val=None lr=0.000294251
2026-09-30 20:33:35,375 step=3490 train=3.40876 val=None lr=0.000294211
2026-09-30 20:33:36,565 step=3500 train=3.59839 val=3.3987388134002687 lr=0.000294171
2026-09-30 20:33:37,445 step=3510 train=3.60910 val=None lr=0.000294131
2026-09-30 20:33:38,068 step=3520 train=3.26920 val=None lr=0.00029409
2026-09-30 20:33:38,601 step=3530 train=3.35906 val=None lr=0.00029405
2026-09-30 20:33:39,063 step=3540 train=3.28476 val=None lr=0.000294009
2026-09-30 20:33:39,900 step=3550 train=3.50737 val=None lr=0.000293968
2026-09-30 20:33:40,362 step=3560 train=3.58703 val=None lr=0.000293927
2026-09-30 20:33:40,892 step=3570 train=3.43189 val=None lr=0.000293886
2026-09-30 20:33:41,354 step=3580 train=3.66834 val=None lr=0.000293845
2026-09-30 20:33:42,069 step=3590 train=3.30560 val=None lr=0.000293803
2026-09-30 20:33:42,992 step=3600 train=3.49776 val=3.368886184692383 lr=0.000293762
2026-09-30 20:33:43,515 step=3610 train=3.23472 val=None lr=0.00029372
2026-09-30 20:33:44,176 step=3620 train=3.41284 val=None lr=0.000293678
2026-09-30 20:33:44,637 step=3630 train=3.40315 val=None lr=0.000293636
2026-09-30 20:33:45,138 step=3640 train=3.51858 val=None lr=0.000293594
2026-09-30 20:33:45,661 step=3650 train=3.23160 val=None lr=0.000293552
2026-09-30 20:33:46,274 step=3660 train=3.30720 val=None lr=0.00029351
2026-09-30 20:33:44,763 step=3670 train=3.31707 val=None lr=0.000293467
2026-09-30 20:33:45,318 step=3680 train=3.41507 val=None lr=0.000293425
2026-09-30 20:33:45,853 step=3690 train=3.20050 val=None lr=0.000293382
2026-09-30 20:33:46,673 step=3700 train=3.39740 val=3.34086195230484 lr=0.000293339
2026-09-30 20:33:47,334 step=3710 train=3.33727 val=None lr=0.000293296
2026-09-30 20:33:47,903 step=3720 train=3.42147 val=None lr=0.000293253
2026-09-30 20:33:48,520 step=3730 train=3.27496 val=None lr=0.00029321
2026-09-30 20:33:49,175 step=3740 train=3.70161 val=None lr=0.000293166
2026-09-30 20:33:49,665 step=3750 train=3.45767 val=None lr=0.000293123
2026-09-30 20:33:50,286 step=3760 train=3.18143 val=None lr=0.000293079
2026-09-30 20:33:50,766 step=3770 train=3.47639 val=None lr=0.000293035
2026-09-30 20:33:51,497 step=3780 train=3.17898 val=None lr=0.000292991
2026-09-30 20:33:51,966 step=3790 train=3.30155 val=None lr=0.000292947
2026-09-30 20:33:52,852 step=3800 train=3.54001 val=3.319276201725006 lr=0.000292903
2026-09-30 20:33:53,423 step=3810 train=3.31175 val=None lr=0.000292858
2026-09-30 20:33:53,966 step=3820 train=3.50280 val=None lr=0.000292814
2026-09-30 20:33:54,484 step=3830 train=3.43760 val=None lr=0.000292769
2026-09-30 20:33:55,012 step=3840 train=3.22274 val=None lr=0.000292724
2026-09-30 20:33:55,577 step=3850 train=3.25162 val=None lr=0.000292679
2026-09-30 20:33:56,148 step=3860 train=3.51325 val=None lr=0.000292634
2026-09-30 20:33:56,689 step=3870 train=3.26507 val=None lr=0.000292589
2026-09-30 20:33:57,269 step=3880 train=3.41272 val=None lr=0.000292544
2026-09-30 20:33:57,864 step=3890 train=3.73310 val=None lr=0.000292498
2026-09-30 20:33:58,802 step=3900 train=3.65607 val=3.2892939329147337 lr=0.000292453
2026-09-30 20:33:59,307 step=3910 train=3.23198 val=None lr=0.000292407
2026-09-30 20:33:59,920 step=3920 train=3.43286 val=None lr=0.000292361
2026-09-30 20:34:00,508 step=3930 train=3.24502 val=None lr=0.000292315
2026-09-30 20:34:01,133 step=3940 train=3.28703 val=None lr=0.000292269
2026-09-30 20:34:01,640 step=3950 train=3.23185 val=None lr=0.000292223
2026-09-30 20:34:02,354 step=3960 train=3.29225 val=None lr=0.000292176
2026-09-30 20:34:02,972 step=3970 train=3.16821 val=None lr=0.00029213
2026-09-30 20:34:03,518 step=3980 train=3.61991 val=None lr=0.000292083
2026-09-30 20:34:04,158 step=3990 train=3.07206 val=None lr=0.000292036
2026-09-30 20:34:04,982 step=4000 train=3.21225 val=3.2547978281974794 lr=0.00029199
2026-09-30 20:34:05,807 step=4010 train=3.28472 val=None lr=0.000291942
2026-09-30 20:34:06,408 step=4020 train=3.35342 val=None lr=0.000291895
2026-09-30 20:34:06,931 step=4030 train=3.48728 val=None lr=0.000291848
2026-09-30 20:34:07,506 step=4040 train=3.55400 val=None lr=0.000291801
2026-09-30 20:34:08,074 step=4050 train=3.13035 val=None lr=0.000291753
2026-09-30 20:34:08,569 step=4060 train=3.52891 val=None lr=0.000291705
2026-09-30 20:34:09,159 step=4070 train=3.35548 val=None lr=0.000291657
2026-09-30 20:34:09,744 step=4080 train=3.34837 val=None lr=0.000291609
2026-09-30 20:34:10,345 step=4090 train=3.21580 val=None lr=0.000291561
2026-09-30 20:34:11,347 step=4100 train=3.42729 val=3.231504797935486 lr=0.000291513
2026-09-30 20:34:12,202 step=4110 train=3.44630 val=None lr=0.000291465
2026-09-30 20:34:12,927 step=4120 train=3.15900 val=None lr=0.000291416
2026-09-30 20:34:13,429 step=4130 train=3.26736 val=None lr=0.000291367
2026-09-30 20:34:13,985 step=4140 train=3.29665 val=None lr=0.000291319
2026-09-30 20:34:14,510 step=4150 train=3.27091 val=None lr=0.00029127
2026-09-30 20:34:15,184 step=4160 train=3.10685 val=None lr=0.000291221
2026-09-30 20:34:15,666 step=4170 train=3.29952 val=None lr=0.000291171
2026-09-30 20:34:16,322 step=4180 train=3.32577 val=None lr=0.000291122
2026-09-30 20:34:16,902 step=4190 train=3.04062 val=None lr=0.000291073
2026-09-30 20:34:15,637 step=4200 train=3.35936 val=3.2015522122383118 lr=0.000291023
2026-09-30 20:34:16,262 step=4210 train=3.48266 val=None lr=0.000290973
2026-09-30 20:34:17,122 step=4220 train=3.25479 val=None lr=0.000290923
2026-09-30 20:34:17,681 step=4230 train=3.29026 val=None lr=0.000290873
2026-09-30 20:34:18,491 step=4240 train=3.26920 val=None lr=0.000290823
2026-09-30 20:34:19,040 step=4250 train=3.57020 val=None lr=0.000290773
2026-09-30 20:34:19,627 step=4260 train=3.30308 val=None lr=0.000290723
2026-09-30 20:34:20,200 step=4270 train=3.30935 val=None lr=0.000290672
2026-09-30 20:34:20,748 step=4280 train=3.29217 val=None lr=0.000290622
2026-09-30 20:34:21,286 step=4290 train=3.30147 val=None lr=0.000290571
2026-09-30 20:34:22,383 step=4300 train=3.26874 val=3.1768242478370667 lr=0.00029052
2026-09-30 20:34:22,969 step=4310 train=3.28853 val=None lr=0.000290469
2026-09-30 20:34:23,583 step=4320 train=3.69010 val=None lr=0.000290418
2026-09-30 20:34:24,087 step=4330 train=3.32035 val=None lr=0.000290366
2026-09-30 20:34:24,632 step=4340 train=3.17051 val=None lr=0.000290315
2026-09-30 20:34:25,135 step=4350 train=3.24066 val=None lr=0.000290263
2026-09-30 20:34:25,671 step=4360 train=2.99125 val=None lr=0.000290212
2026-09-30 20:34:26,183 step=4370 train=3.27199 val=None lr=0.00029016
2026-09-30 20:34:26,726 step=4380 train=2.98409 val=None lr=0.000290108
2026-09-30 20:34:27,245 step=4390 train=3.45360 val=None lr=0.000290056
2026-09-30 20:34:28,132 step=4400 train=3.08866 val=3.155777108669281 lr=0.000290003
2026-09-30 20:34:28,697 step=4410 train=3.03968 val=None lr=0.000289951
2026-09-30 20:34:29,265 step=4420 train=2.96359 val=None lr=0.000289899
2026-09-30 20:34:29,929 step=4430 train=3.43041 val=None lr=0.000289846
2026-09-30 20:34:30,541 step=4440 train=3.34032 val=None lr=0.000289793
2026-09-30 20:34:31,177 step=4450 train=3.34583 val=None lr=0.00028974
2026-09-30 20:34:31,718 step=4460 train=3.05067 val=None lr=0.000289687
2026-09-30 20:34:32,320 step=4470 train=3.30262 val=None lr=0.000289634
2026-09-30 20:34:32,895 step=4480 train=3.23173 val=None lr=0.000289581
2026-09-30 20:34:33,369 step=4490 train=3.32996 val=None lr=0.000289527
2026-09-30 20:34:34,487 step=4500 train=3.01121 val=3.132192599773407 lr=0.000289474
2026-09-30 20:34:35,342 step=4510 train=3.17630 val=None lr=0.00028942
2026-09-30 20:34:36,014 step=4520 train=3.12637 val=None lr=0.000289366
2026-09-30 20:34:36,680 step=4530 train=3.15956 val=None lr=0.000289312
2026-09-30 20:34:37,190 step=4540 train=3.16543 val=None lr=0.000289258
2026-09-30 20:34:37,752 step=4550 train=2.93287 val=None lr=0.000289204
2026-09-30 20:34:38,276 step=4560 train=3.26891 val=None lr=0.00028915
2026-09-30 20:34:38,837 step=4570 train=3.17963 val=None lr=0.000289095
2026-09-30 20:34:39,348 step=4580 train=3.04459 val=None lr=0.000289041
2026-09-30 20:34:39,971 step=4590 train=3.16427 val=None lr=0.000288986
2026-09-30 20:34:40,857 step=4600 train=3.18314 val=3.120119309425354 lr=0.000288931
2026-09-30 20:34:41,374 step=4610 train=3.44657 val=None lr=0.000288876
2026-09-30 20:34:41,935 step=4620 train=3.24570 val=None lr=0.000288821
2026-09-30 20:34:42,495 step=4630 train=3.48052 val=None lr=0.000288766
2026-09-30 20:34:43,084 step=4640 train=3.32547 val=None lr=0.000288711
2026-09-30 20:34:43,629 step=4650 train=3.17869 val=None lr=0.000288655
2026-09-30 20:34:44,199 step=4660 train=3.05937 val=None lr=0.000288599
2026-09-30 20:34:44,718 step=4670 train=3.14692 val=None lr=0.000288544
2026-09-30 20:34:45,236 step=4680 train=3.25533 val=None lr=0.000288488
2026-09-30 20:34:45,762 step=4690 train=2.98794 val=None lr=0.000288432
2026-09-30 20:34:46,921 step=4700 train=3.29900 val=3.0960342288017273 lr=0.000288376
2026-09-30 20:34:45,494 step=4710 train=3.14358 val=None lr=0.000288319
2026-09-30 20:34:46,001 step=4720 train=3.14469 val=None lr=0.000288263
2026-09-30 20:34:46,446 step=4730 train=3.06516 val=None lr=0.000288206
2026-09-30 20:34:46,956 step=4740 train=3.37562 val=None lr=0.00028815
2026-09-30 20:34:47,515 step=4750 train=3.31170 val=None lr=0.000288093
2026-09-30 20:34:48,085 step=4760 train=3.01815 val=None lr=0.000288036
2026-09-30 20:34:48,602 step=4770 train=3.05238 val=None lr=0.000287979
2026-09-30 20:34:49,074 step=4780 train=3.40818 val=None lr=0.000287922
2026-09-30 20:34:49,555 step=4790 train=3.13324 val=None lr=0.000287864
2026-09-30 20:34:50,368 step=4800 train=3.48937 val=3.082486891746521 lr=0.000287807
2026-09-30 20:34:51,157 step=4810 train=3.10115 val=None lr=0.000287749
2026-09-30 20:34:51,610 step=4820 train=3.20717 val=None lr=0.000287692
2026-09-30 20:34:52,182 step=4830 train=3.13963 val=None lr=0.000287634
2026-09-30 20:34:52,640 step=4840 train=3.05873 val=None lr=0.000287576
2026-09-30 20:34:53,190 step=4850 train=3.27337 val=None lr=0.000287518
2026-09-30 20:34:53,717 step=4860 train=2.88347 val=None lr=0.000287459
2026-09-30 20:34:54,261 step=4870 train=2.97468 val=None lr=0.000287401
2026-09-30 20:34:54,864 step=4880 train=3.06515 val=None lr=0.000287343
2026-09-30 20:34:55,432 step=4890 train=2.98531 val=None lr=0.000287284
2026-09-30 20:34:56,386 step=4900 train=3.01914 val=3.063267540931702 lr=0.000287225
2026-09-30 20:34:56,958 step=4910 train=3.15495 val=None lr=0.000287166
2026-09-30 20:34:57,479 step=4920 train=3.14648 val=None lr=0.000287107
2026-09-30 20:34:58,155 step=4930 train=3.29684 val=None lr=0.000287048
2026-09-30 20:34:58,744 step=4940 train=3.25003 val=None lr=0.000286989
2026-09-30 20:34:59,294 step=4950 train=2.99175 val=None lr=0.00028693
2026-09-30 20:34:59,873 step=4960 train=2.74182 val=None lr=0.00028687
2026-09-30 20:35:00,405 step=4970 train=3.06844 val=None lr=0.00028681
2026-09-30 20:35:00,989 step=4980 train=2.91047 val=None lr=0.000286751
2026-09-30 20:35:01,472 step=4990 train=3.32083 val=None lr=0.000286691
2026-09-30 20:35:02,758 step=5000 train=3.34121 val=3.0521239757537844 lr=0.000286631
2026-09-30 20:35:03,602 step=5010 train=3.10300 val=None lr=0.000286571
2026-09-30 20:35:04,167 step=5020 train=3.22374 val=None lr=0.00028651
2026-09-30 20:35:04,714 step=5030 train=3.19016 val=None lr=0.00028645
2026-09-30 20:35:05,415 step=5040 train=3.04761 val=None lr=0.000286389
2026-09-30 20:35:06,063 step=5050 train=3.12855 val=None lr=0.000286329
2026-09-30 20:35:06,644 step=5060 train=3.34161 val=None lr=0.000286268
2026-09-30 20:35:07,199 step=5070 train=3.13359 val=None lr=0.000286207
2026-09-30 20:35:07,769 step=5080 train=3.48770 val=None lr=0.000286146
2026-09-30 20:35:08,304 step=5090 train=3.05613 val=None lr=0.000286085
2026-09-30 20:35:09,328 step=5100 train=3.25828 val=3.0354376912117003 lr=0.000286024
2026-09-30 20:35:09,895 step=5110 train=3.29892 val=None lr=0.000285962
2026-09-30 20:35:10,540 step=5120 train=3.19171 val=None lr=0.000285901
2026-09-30 20:35:11,098 step=5130 train=2.89266 val=None lr=0.000285839
2026-09-30 20:35:11,698 step=5140 train=3.07819 val=None lr=0.000285777
2026-09-30 20:35:12,366 step=5150 train=3.18426 val=None lr=0.000285715
2026-09-30 20:35:12,916 step=5160 train=3.25814 val=None lr=0.000285653
2026-09-30 20:35:13,560 step=5170 train=2.94151 val=None lr=0.000285591
2026-09-30 20:35:14,157 step=5180 train=3.16980 val=None lr=0.000285529
2026-09-30 20:35:14,807 step=5190 train=2.86172 val=None lr=0.000285466
2026-09-30 20:35:15,862 step=5200 train=3.35646 val=3.0188288569450377 lr=0.000285404
2026-09-30 20:35:16,500 step=5210 train=2.88108 val=None lr=0.000285341
2026-09-30 20:35:17,119 step=5220 train=3.26554 val=None lr=0.000285278
2026-09-30 20:35:17,615 step=5230 train=3.05669 val=None lr=0.000285215
2026-09-30 20:35:15,882 step=5240 train=3.11847 val=None lr=0.000285152
2026-09-30 20:35:16,335 step=5250 train=3.02587 val=None lr=0.000285089
2026-09-30 20:35:16,988 step=5260 train=3.00973 val=None lr=0.000285025
2026-09-30 20:35:17,572 step=5270 train=3.12989 val=None lr=0.000284962
2026-09-30 20:35:18,134 step=5280 train=3.41882 val=None lr=0.000284898
2026-09-30 20:35:18,707 step=5290 train=3.04768 val=None lr=0.000284835
2026-09-30 20:35:19,798 step=5300 train=3.23314 val=3.009259796142578 lr=0.000284771
2026-09-30 20:35:20,321 step=5310 train=2.93202 val=None lr=0.000284707
2026-09-30 20:35:20,886 step=5320 train=3.17323 val=None lr=0.000284643
2026-09-30 20:35:21,372 step=5330 train=3.10571 val=None lr=0.000284579
2026-09-30 20:35:21,922 step=5340 train=3.02831 val=None lr=0.000284514
2026-09-30 20:35:22,626 step=5350 train=2.90280 val=None lr=0.00028445
2026-09-30 20:35:23,169 step=5360 train=3.27353 val=None lr=0.000284385
2026-09-30 20:35:23,708 step=5370 train=3.08834 val=None lr=0.000284321
2026-09-30 20:35:24,214 step=5380 train=2.92788 val=None lr=0.000284256
2026-09-30 20:35:24,854 step=5390 train=3.07461 val=None lr=0.000284191
2026-09-30 20:35:25,853 step=5400 train=3.05381 val=2.9969558238983156 lr=0.000284126
2026-09-30 20:35:26,410 step=5410 train=3.14096 val=None lr=0.00028406
2026-09-30 20:35:26,858 step=5420 train=2.86711 val=None lr=0.000283995
2026-09-30 20:35:27,339 step=5430 train=3.15611 val=None lr=0.00028393
2026-09-30 20:35:27,793 step=5440 train=3.03704 val=None lr=0.000283864
2026-09-30 20:35:28,283 step=5450 train=3.06635 val=None lr=0.000283798
2026-09-30 20:35:28,885 step=5460 train=3.29298 val=None lr=0.000283732
2026-09-30 20:35:29,501 step=5470 train=2.99804 val=None lr=0.000283666
2026-09-30 20:35:30,014 step=5480 train=2.99742 val=None lr=0.0002836
2026-09-30 20:35:30,557 step=5490 train=3.00819 val=None lr=0.000283534
2026-09-30 20:35:31,585 step=5500 train=3.06184 val=2.980366218090057 lr=0.000283468
2026-09-30 20:35:32,792 step=5510 train=2.78793 val=None lr=0.000283401
2026-09-30 20:35:33,337 step=5520 train=3.01795 val=None lr=0.000283335
2026-09-30 20:35:33,918 step=5530 train=2.94817 val=None lr=0.000283268
2026-09-30 20:35:34,502 step=5540 train=2.85121 val=None lr=0.000283201
2026-09-30 20:35:35,014 step=5550 train=3.32750 val=None lr=0.000283134
2026-09-30 20:35:35,777 step=5560 train=3.12159 val=None lr=0.000283067
2026-09-30 20:35:36,400 step=5570 train=3.10253 val=None lr=0.000283
2026-09-30 20:35:36,899 step=5580 train=3.08098 val=None lr=0.000282933
2026-09-30 20:35:37,474 step=5590 train=2.98841 val=None lr=0.000282865
2026-09-30 20:35:38,305 step=5600 train=3.27007 val=2.971933734416962 lr=0.000282798
2026-09-30 20:35:38,813 step=5610 train=2.97460 val=None lr=0.00028273
2026-09-30 20:35:39,304 step=5620 train=2.87101 val=None lr=0.000282662
2026-09-30 20:35:39,811 step=5630 train=2.83312 val=None lr=0.000282594
2026-09-30 20:35:40,274 step=5640 train=3.01975 val=None lr=0.000282526
2026-09-30 20:35:40,768 step=5650 train=3.22209 val=None lr=0.000282458
2026-09-30 20:35:41,347 step=5660 train=3.08226 val=None lr=0.000282389
2026-09-30 20:35:41,881 step=5670 train=2.95883 val=None lr=0.000282321
2026-09-30 20:35:42,395 step=5680 train=3.21392 val=None lr=0.000282252
2026-09-30 20:35:42,914 step=5690 train=2.96872 val=None lr=0.000282184
2026-09-30 20:35:43,750 step=5700 train=3.16114 val=2.9578946828842163 lr=0.000282115
2026-09-30 20:35:44,270 step=5710 train=3.08894 val=None lr=0.000282046
2026-09-30 20:35:44,784 step=5720 train=3.13227 val=None lr=0.000281977
2026-09-30 20:35:45,265 step=5730 train=3.09237 val=None lr=0.000281908
2026-09-30 20:35:45,972 step=5740 train=2.96482 val=None lr=0.000281838
2026-09-30 20:35:46,487 step=5750 train=2.81172 val=None lr=0.000281769
2026-09-30 20:35:46,978 step=5760 train=3.07865 val=None lr=0.000281699
2026-09-30 20:35:47,503 step=5770 train=3.03243 val=None lr=0.00028163
2026-09-30 20:35:48,160 step=5780 train=3.14900 val=None lr=0.00028156
2026-09-30 20:35:46,504 step=5790 train=3.29823 val=None lr=0.00028149
2026-09-30 20:35:47,320 step=5800 train=3.15934 val=2.946456861495972 lr=0.00028142
2026-09-30 20:35:47,845 step=5810 train=2.96301 val=None lr=0.00028135
2026-09-30 20:35:48,358 step=5820 train=3.07682 val=None lr=0.000281279
2026-09-30 20:35:48,907 step=5830 train=3.18348 val=None lr=0.000281209
2026-09-30 20:35:49,472 step=5840 train=2.97926 val=None lr=0.000281138
2026-09-30 20:35:49,948 step=5850 train=2.85589 val=None lr=0.000281068
2026-09-30 20:35:50,476 step=5860 train=3.02628 val=None lr=0.000280997
2026-09-30 20:35:51,038 step=5870 train=2.79295 val=None lr=0.000280926
2026-09-30 20:35:51,540 step=5880 train=2.74373 val=None lr=0.000280855
2026-09-30 20:35:52,231 step=5890 train=2.97401 val=None lr=0.000280784
2026-09-30 20:35:53,042 step=5900 train=2.77845 val=2.9335415720939637 lr=0.000280713
2026-09-30 20:35:53,615 step=5910 train=3.07194 val=None lr=0.000280641
2026-09-30 20:35:54,683 step=5920 train=3.29529 val=None lr=0.00028057
2026-09-30 20:35:55,398 step=5930 train=2.89776 val=None lr=0.000280498
2026-09-30 20:35:55,938 step=5940 train=2.76579 val=None lr=0.000280426
2026-09-30 20:35:56,492 step=5950 train=2.99726 val=None lr=0.000280354
2026-09-30 20:35:57,004 step=5960 train=2.99222 val=None lr=0.000280282
2026-09-30 20:35:57,516 step=5970 train=2.95700 val=None lr=0.00028021
2026-09-30 20:35:58,045 step=5980 train=2.92717 val=None lr=0.000280138
2026-09-30 20:35:58,572 step=5990 train=3.16534 val=None lr=0.000280066
2026-09-30 20:35:59,447 step=6000 train=2.82896 val=2.9199955105781554 lr=0.000279993
2026-09-30 20:36:00,241 step=6010 train=2.88578 val=None lr=0.000279921
2026-09-30 20:36:00,792 step=6020 train=2.92535 val=None lr=0.000279848
2026-09-30 20:36:01,257 step=6030 train=3.10600 val=None lr=0.000279775
2026-09-30 20:36:01,795 step=6040 train=3.25523 val=None lr=0.000279702
2026-09-30 20:36:02,435 step=6050 train=3.01139 val=None lr=0.000279629
2026-09-30 20:36:02,979 step=6060 train=2.90553 val=None lr=0.000279556
2026-09-30 20:36:03,598 step=6070 train=2.98120 val=None lr=0.000279482
2026-09-30 20:36:04,177 step=6080 train=3.05323 val=None lr=0.000279409
2026-09-30 20:36:04,756 step=6090 train=3.04170 val=None lr=0.000279335
2026-09-30 20:36:05,780 step=6100 train=3.13207 val=2.907811939716339 lr=0.000279262
2026-09-30 20:36:06,317 step=6110 train=3.13065 val=None lr=0.000279188
2026-09-30 20:36:06,894 step=6120 train=2.87555 val=None lr=0.000279114
2026-09-30 20:36:07,372 step=6130 train=2.76592 val=None lr=0.00027904
2026-09-30 20:36:07,897 step=6140 train=3.01907 val=None lr=0.000278966
2026-09-30 20:36:08,566 step=6150 train=2.91434 val=None lr=0.000278891
2026-09-30 20:36:09,131 step=6160 train=3.06435 val=None lr=0.000278817
2026-09-30 20:36:09,762 step=6170 train=3.01910 val=None lr=0.000278742
2026-09-30 20:36:10,425 step=6180 train=2.87283 val=None lr=0.000278668
2026-09-30 20:36:10,960 step=6190 train=3.16296 val=None lr=0.000278593
2026-09-30 20:36:11,956 step=6200 train=3.15706 val=2.901866888999939 lr=0.000278518
2026-09-30 20:36:12,683 step=6210 train=3.02860 val=None lr=0.000278443
2026-09-30 20:36:13,199 step=6220 train=2.85224 val=None lr=0.000278368
2026-09-30 20:36:13,692 step=6230 train=3.11753 val=None lr=0.000278293
2026-09-30 20:36:14,212 step=6240 train=2.76093 val=None lr=0.000278217
2026-09-30 20:36:14,739 step=6250 train=2.84726 val=None lr=0.000278142
2026-09-30 20:36:15,401 step=6260 train=2.62097 val=None lr=0.000278066
2026-09-30 20:36:16,009 step=6270 train=3.04098 val=None lr=0.000277991
2026-09-30 20:36:16,539 step=6280 train=3.02698 val=None lr=0.000277915
2026-09-30 20:36:17,109 step=6290 train=2.92503 val=None lr=0.000277839
2026-09-30 20:36:18,001 step=6300 train=3.29107 val=2.8896286249160767 lr=0.000277763
2026-09-30 20:36:18,668 step=6310 train=2.80749 val=None lr=0.000277686
2026-09-30 20:36:17,248 step=6320 train=3.40976 val=None lr=0.00027761
2026-09-30 20:36:17,829 step=6330 train=3.01219 val=None lr=0.000277534
2026-09-30 20:36:18,513 step=6340 train=2.92457 val=None lr=0.000277457
2026-09-30 20:36:19,033 step=6350 train=2.77134 val=None lr=0.00027738
2026-09-30 20:36:19,571 step=6360 train=2.80163 val=None lr=0.000277304
2026-09-30 20:36:20,075 step=6370 train=3.13415 val=None lr=0.000277227
2026-09-30 20:36:20,662 step=6380 train=2.75510 val=None lr=0.00027715
2026-09-30 20:36:21,127 step=6390 train=2.82641 val=None lr=0.000277073
2026-09-30 20:36:22,033 step=6400 train=3.07764 val=2.8771400570869448 lr=0.000276995
2026-09-30 20:36:22,586 step=6410 train=2.74855 val=None lr=0.000276918
2026-09-30 20:36:23,142 step=6420 train=2.90384 val=None lr=0.00027684
2026-09-30 20:36:23,719 step=6430 train=2.89902 val=None lr=0.000276763
2026-09-30 20:36:24,188 step=6440 train=3.15322 val=None lr=0.000276685
2026-09-30 20:36:24,661 step=6450 train=3.24075 val=None lr=0.000276607
2026-09-30 20:36:25,194 step=6460 train=2.80254 val=None lr=0.000276529
2026-09-30 20:36:25,756 step=6470 train=2.96000 val=None lr=0.000276451
2026-09-30 20:36:26,294 step=6480 train=3.00977 val=None lr=0.000276373
2026-09-30 20:36:26,882 step=6490 train=2.71430 val=None lr=0.000276295
2026-09-30 20:36:27,733 step=6500 train=2.99550 val=2.8677661776542664 lr=0.000276216
2026-09-30 20:36:28,663 step=6510 train=2.96959 val=None lr=0.000276138
2026-09-30 20:36:29,316 step=6520 train=2.58302 val=None lr=0.000276059
2026-09-30 20:36:30,074 step=6530 train=2.69555 val=None lr=0.00027598
2026-09-30 20:36:30,607 step=6540 train=3.02472 val=None lr=0.000275901
2026-09-30 20:36:31,160 step=6550 train=2.92035 val=None lr=0.000275822
2026-09-30 20:36:31,732 step=6560 train=2.86430 val=None lr=0.000275743
2026-09-30 20:36:32,407 step=6570 train=3.06771 val=None lr=0.000275664
2026-09-30 20:36:32,868 step=6580 train=2.83607 val=None lr=0.000275584
2026-09-30 20:36:33,574 step=6590 train=2.86749 val=None lr=0.000275505
2026-09-30 20:36:34,386 step=6600 train=3.09678 val=2.853245532512665 lr=0.000275425
2026-09-30 20:36:34,999 step=6610 train=2.68316 val=None lr=0.000275346
2026-09-30 20:36:35,619 step=6620 train=2.87399 val=None lr=0.000275266
2026-09-30 20:36:36,224 step=6630 train=3.17258 val=None lr=0.000275186
2026-09-30 20:36:36,754 step=6640 train=2.75578 val=None lr=0.000275106
2026-09-30 20:36:37,255 step=6650 train=2.83812 val=None lr=0.000275026
2026-09-30 20:36:37,812 step=6660 train=3.05767 val=None lr=0.000274945
2026-09-30 20:36:38,308 step=6670 train=2.90558 val=None lr=0.000274865
2026-09-30 20:36:38,931 step=6680 train=2.96567 val=None lr=0.000274784
2026-09-30 20:36:39,465 step=6690 train=3.00092 val=None lr=0.000274704
2026-09-30 20:36:40,296 step=6700 train=2.72048 val=2.8425463438034058 lr=0.000274623
2026-09-30 20:36:41,066 step=6710 train=2.80387 val=None lr=0.000274542
2026-09-30 20:36:41,635 step=6720 train=2.57325 val=None lr=0.000274461
2026-09-30 20:36:42,352 step=6730 train=3.01608 val=None lr=0.00027438
2026-09-30 20:36:42,931 step=6740 train=3.09226 val=None lr=0.000274299
2026-09-30 20:36:43,381 step=6750 train=3.02149 val=None lr=0.000274217
2026-09-30 20:36:43,895 step=6760 train=3.01167 val=None lr=0.000274136
2026-09-30 20:36:44,409 step=6770 train=3.06581 val=None lr=0.000274054
2026-09-30 20:36:44,933 step=6780 train=3.12367 val=None lr=0.000273973
2026-09-30 20:36:45,373 step=6790 train=2.78219 val=None lr=0.000273891
2026-09-30 20:36:46,309 step=6800 train=2.93268 val=2.8393513560295105 lr=0.000273809
2026-09-30 20:36:46,861 step=6810 train=2.99119 val=None lr=0.000273727
2026-09-30 20:36:47,438 step=6820 train=2.93508 val=None lr=0.000273645
2026-09-30 20:36:48,062 step=6830 train=2.83016 val=None lr=0.000273562
2026-09-30 20:36:48,587 step=6840 train=3.07331 val=None lr=0.00027348
2026-09-30 20:36:49,086 step=6850 train=2.92542 val=None lr=0.000273398
2026-09-30 20:36:47,461 step=6860 train=3.01562 val=None lr=0.000273315
2026-09-30 20:36:48,069 step=6870 train=2.61389 val=None lr=0.000273232
2026-09-30 20:36:48,534 step=6880 train=3.09559 val=None lr=0.000273149
2026-09-30 20:36:49,157 step=6890 train=2.61529 val=None lr=0.000273066
2026-09-30 20:36:50,129 step=6900 train=2.70849 val=2.8207107901573183 lr=0.000272983
2026-09-30 20:36:50,904 step=6910 train=2.86269 val=None lr=0.0002729
2026-09-30 20:36:51,440 step=6920 train=2.60629 val=None lr=0.000272817
2026-09-30 20:36:52,075 step=6930 train=2.94082 val=None lr=0.000272734
2026-09-30 20:36:52,677 step=6940 train=2.83063 val=None lr=0.00027265
2026-09-30 20:36:53,160 step=6950 train=3.13417 val=None lr=0.000272566
2026-09-30 20:36:53,714 step=6960 train=2.87397 val=None lr=0.000272483
2026-09-30 20:36:54,308 step=6970 train=3.04991 val=None lr=0.000272399
2026-09-30 20:36:54,859 step=6980 train=3.15149 val=None lr=0.000272315
2026-09-30 20:36:55,496 step=6990 train=2.93834 val=None lr=0.000272231
2026-09-30 20:36:56,337 step=7000 train=3.01765 val=2.813158941268921 lr=0.000272147
2026-09-30 20:36:57,217 step=7010 train=2.69292 val=None lr=0.000272062
2026-09-30 20:36:57,900 step=7020 train=2.89018 val=None lr=0.000271978
2026-09-30 20:36:58,458 step=7030 train=2.72031 val=None lr=0.000271893
2026-09-30 20:36:59,009 step=7040 train=2.71299 val=None lr=0.000271809
2026-09-30 20:36:59,659 step=7050 train=2.89483 val=None lr=0.000271724
2026-09-30 20:37:00,216 step=7060 train=3.04188 val=None lr=0.000271639
2026-09-30 20:37:00,803 step=7070 train=2.75030 val=None lr=0.000271554
2026-09-30 20:37:01,323 step=7080 train=2.76235 val=None lr=0.000271469
2026-09-30 20:37:01,867 step=7090 train=2.87396 val=None lr=0.000271384
2026-09-30 20:37:03,501 step=7100 train=2.94327 val=2.8047293782234193 lr=0.000271299
2026-09-30 20:37:04,288 step=7110 train=2.99898 val=None lr=0.000271213
2026-09-30 20:37:04,943 step=7120 train=3.03964 val=None lr=0.000271128
2026-09-30 20:37:05,524 step=7130 train=2.84722 val=None lr=0.000271042
2026-09-30 20:37:06,091 step=7140 train=2.87973 val=None lr=0.000270956
2026-09-30 20:37:06,719 step=7150 train=2.87752 val=None lr=0.00027087
2026-09-30 20:37:07,307 step=7160 train=2.62311 val=None lr=0.000270784
2026-09-30 20:37:07,864 step=7170 train=2.73137 val=None lr=0.000270698
2026-09-30 20:37:08,393 step=7180 train=2.72175 val=None lr=0.000270612
2026-09-30 20:37:08,881 step=7190 train=2.81828 val=None lr=0.000270526
2026-09-30 20:37:09,930 step=7200 train=2.94348 val=2.795849347114563 lr=0.000270439
2026-09-30 20:37:10,615 step=7210 train=2.96507 val=None lr=0.000270353
2026-09-30 20:37:11,062 step=7220 train=2.61558 val=None lr=0.000270266
2026-09-30 20:37:11,641 step=7230 train=2.85495 val=None lr=0.000270179
2026-09-30 20:37:12,163 step=7240 train=2.93307 val=None lr=0.000270092
2026-09-30 20:37:12,666 step=7250 train=2.83736 val=None lr=0.000270005
2026-09-30 20:37:13,177 step=7260 train=2.54413 val=None lr=0.000269918
2026-09-30 20:37:13,890 step=7270 train=2.56983 val=None lr=0.000269831
2026-09-30 20:37:14,409 step=7280 train=2.63973 val=None lr=0.000269744
2026-09-30 20:37:14,938 step=7290 train=2.84492 val=None lr=0.000269656
2026-09-30 20:37:15,953 step=7300 train=2.89895 val=2.7878621459007262 lr=0.000269569
2026-09-30 20:37:16,646 step=7310 train=2.98845 val=None lr=0.000269481
2026-09-30 20:37:17,147 step=7320 train=2.84937 val=None lr=0.000269393
2026-09-30 20:37:17,593 step=7330 train=2.91564 val=None lr=0.000269306
2026-09-30 20:37:18,076 step=7340 train=2.70571 val=None lr=0.000269218
2026-09-30 20:37:18,599 step=7350 train=2.82097 val=None lr=0.00026913
2026-09-30 20:37:19,164 step=7360 train=2.72623 val=None lr=0.000269041
2026-09-30 20:37:17,588 step=7370 train=2.93546 val=None lr=0.000268953
2026-09-30 20:37:18,274 step=7380 train=2.99699 val=None lr=0.000268865
2026-09-30 20:37:18,872 step=7390 train=2.88893 val=None lr=0.000268776
2026-09-30 20:37:19,839 step=7400 train=2.84552 val=2.7783563256263735 lr=0.000268687
2026-09-30 20:37:20,317 step=7410 train=3.07719 val=None lr=0.000268599
2026-09-30 20:37:20,881 step=7420 train=2.73800 val=None lr=0.00026851
2026-09-30 20:37:21,672 step=7430 train=2.85708 val=None lr=0.000268421
2026-09-30 20:37:22,265 step=7440 train=2.83545 val=None lr=0.000268332
2026-09-30 20:37:22,828 step=7450 train=2.75802 val=None lr=0.000268243
2026-09-30 20:37:23,360 step=7460 train=2.86106 val=None lr=0.000268153
2026-09-30 20:37:23,899 step=7470 train=2.69246 val=None lr=0.000268064
2026-09-30 20:37:24,393 step=7480 train=2.78907 val=None lr=0.000267975
2026-09-30 20:37:24,913 step=7490 train=2.94547 val=None lr=0.000267885
2026-09-30 20:37:25,845 step=7500 train=2.54630 val=2.771503210067749 lr=0.000267795
2026-09-30 20:37:26,705 step=7510 train=2.87517 val=None lr=0.000267705
2026-09-30 20:37:27,238 step=7520 train=2.83865 val=None lr=0.000267615
2026-09-30 20:37:27,745 step=7530 train=2.75072 val=None lr=0.000267525
2026-09-30 20:37:28,346 step=7540 train=2.59599 val=None lr=0.000267435
2026-09-30 20:37:28,835 step=7550 train=2.71029 val=None lr=0.000267345
2026-09-30 20:37:29,439 step=7560 train=2.80678 val=None lr=0.000267255
2026-09-30 20:37:29,960 step=7570 train=2.78118 val=None lr=0.000267164
2026-09-30 20:37:30,516 step=7580 train=2.85606 val=None lr=0.000267074
2026-09-30 20:37:31,098 step=7590 train=2.87521 val=None lr=0.000266983
2026-09-30 20:37:31,936 step=7600 train=2.74568 val=2.759687530994415 lr=0.000266892
2026-09-30 20:37:32,495 step=7610 train=2.87109 val=None lr=0.000266801
2026-09-30 20:37:33,170 step=7620 train=2.76921 val=None lr=0.00026671
2026-09-30 20:37:33,842 step=7630 train=3.11821 val=None lr=0.000266619
2026-09-30 20:37:34,530 step=7640 train=2.79562 val=None lr=0.000266528
2026-09-30 20:37:35,071 step=7650 train=3.30673 val=None lr=0.000266437
2026-09-30 20:37:35,546 step=7660 train=2.66117 val=None lr=0.000266345
2026-09-30 20:37:36,002 step=7670 train=2.63967 val=None lr=0.000266254
2026-09-30 20:37:36,600 step=7680 train=2.66504 val=None lr=0.000266162
2026-09-30 20:37:37,155 step=7690 train=2.91486 val=None lr=0.00026607
2026-09-30 20:37:38,223 step=7700 train=3.02614 val=2.7546432971954347 lr=0.000265978
2026-09-30 20:37:38,768 step=7710 train=3.22086 val=None lr=0.000265886
2026-09-30 20:37:39,400 step=7720 train=3.09801 val=None lr=0.000265794
2026-09-30 20:37:39,928 step=7730 train=2.79734 val=None lr=0.000265702
2026-09-30 20:37:40,464 step=7740 train=2.91318 val=None lr=0.00026561
2026-09-30 20:37:41,033 step=7750 train=2.88648 val=None lr=0.000265517
2026-09-30 20:37:41,537 step=7760 train=3.01701 val=None lr=0.000265425
2026-09-30 20:37:42,200 step=7770 train=2.81534 val=None lr=0.000265332
2026-09-30 20:37:42,748 step=7780 train=2.82374 val=None lr=0.00026524
2026-09-30 20:37:43,401 step=7790 train=2.79900 val=None lr=0.000265147
2026-09-30 20:37:44,274 step=7800 train=2.87504 val=2.7493192553520203 lr=0.000265054
2026-09-30 20:37:45,021 step=7810 train=2.85788 val=None lr=0.000264961
2026-09-30 20:37:45,496 step=7820 train=2.86671 val=None lr=0.000264868
2026-09-30 20:37:46,020 step=7830 train=2.81301 val=None lr=0.000264774
2026-09-30 20:37:46,631 step=7840 train=2.60408 val=None lr=0.000264681
2026-09-30 20:37:47,082 step=7850 train=2.94749 val=None lr=0.000264588
2026-09-30 20:37:47,606 step=7860 train=2.83870 val=None lr=0.000264494
2026-09-30 20:37:48,100 step=7870 train=2.75590 val=None lr=0.0002644
2026-09-30 20:37:48,633 step=7880 train=3.19203 val=None lr=0.000264307
2026-09-30 20:37:49,313 step=7890 train=2.81943 val=None lr=0.000264213
2026-09-30 20:37:48,091 step=7900 train=3.06567 val=2.734835720062256 lr=0.000264119
2026-09-30 20:37:48,618 step=7910 train=2.79648 val=None lr=0.000264025
2026-09-30 20:37:49,100 step=7920 train=2.55632 val=None lr=0.000263931
2026-09-30 20:37:49,630 step=7930 train=3.04978 val=None lr=0.000263836
2026-09-30 20:37:50,239 step=7940 train=2.94311 val=None lr=0.000263742
2026-09-30 20:37:50,751 step=7950 train=3.00724 val=None lr=0.000263647
2026-09-30 20:37:51,392 step=7960 train=2.68364 val=None lr=0.000263553
2026-09-30 20:37:51,980 step=7970 train=2.57014 val=None lr=0.000263458
2026-09-30 20:37:52,594 step=7980 train=2.56343 val=None lr=0.000263363
2026-09-30 20:37:53,084 step=7990 train=2.89822 val=None lr=0.000263268
2026-09-30 20:37:53,884 step=8000 train=2.89696 val=2.7323164701461793 lr=0.000263173
2026-09-30 20:37:54,620 step=8010 train=2.98815 val=None lr=0.000263078
2026-09-30 20:37:55,129 step=8020 train=2.66736 val=None lr=0.000262983
2026-09-30 20:37:55,760 step=8030 train=2.59489 val=None lr=0.000262888
2026-09-30 20:37:56,433 step=8040 train=2.98483 val=None lr=0.000262792
2026-09-30 20:37:56,885 step=8050 train=2.83311 val=None lr=0.000262697
2026-09-30 20:37:57,342 step=8060 train=2.90785 val=None lr=0.000262601
2026-09-30 20:37:57,912 step=8070 train=2.90473 val=None lr=0.000262506
2026-09-30 20:37:58,376 step=8080 train=2.77756 val=None lr=0.00026241
2026-09-30 20:37:58,975 step=8090 train=2.56824 val=None lr=0.000262314
2026-09-30 20:37:59,979 step=8100 train=2.77322 val=2.7174609184265135 lr=0.000262218
2026-09-30 20:38:00,474 step=8110 train=2.87383 val=None lr=0.000262122
2026-09-30 20:38:01,029 step=8120 train=2.77439 val=None lr=0.000262025
2026-09-30 20:38:01,642 step=8130 train=2.66082 val=None lr=0.000261929
2026-09-30 20:38:02,147 step=8140 train=2.80343 val=None lr=0.000261833
2026-09-30 20:38:02,604 step=8150 train=2.67496 val=None lr=0.000261736
2026-09-30 20:38:03,329 step=8160 train=2.68089 val=None lr=0.000261639
2026-09-30 20:38:03,968 step=8170 train=2.77382 val=None lr=0.000261543
2026-09-30 20:38:04,475 step=8180 train=2.70375 val=None lr=0.000261446
2026-09-30 20:38:05,056 step=8190 train=2.64176 val=None lr=0.000261349
2026-09-30 20:38:06,049 step=8200 train=2.74193 val=2.712698209285736 lr=0.000261252
2026-09-30 20:38:06,615 step=8210 train=2.82261 val=None lr=0.000261155
2026-09-30 20:38:07,144 step=8220 train=2.76829 val=None lr=0.000261057
2026-09-30 20:38:07,670 step=8230 train=2.80682 val=None lr=0.00026096
2026-09-30 20:38:08,185 step=8240 train=2.91612 val=None lr=0.000260862
2026-09-30 20:38:08,690 step=8250 train=2.71195 val=None lr=0.000260765
2026-09-30 20:38:09,239 step=8260 train=2.77417 val=None lr=0.000260667
2026-09-30 20:38:09,831 step=8270 train=2.74280 val=None lr=0.00026057
2026-09-30 20:38:10,336 step=8280 train=2.83985 val=None lr=0.000260472
2026-09-30 20:38:10,948 step=8290 train=2.93959 val=None lr=0.000260374
2026-09-30 20:38:11,874 step=8300 train=2.46087 val=2.705043375492096 lr=0.000260276
2026-09-30 20:38:12,516 step=8310 train=3.04634 val=None lr=0.000260177
2026-09-30 20:38:13,034 step=8320 train=2.71056 val=None lr=0.000260079
2026-09-30 20:38:13,698 step=8330 train=2.52593 val=None lr=0.000259981
2026-09-30 20:38:14,284 step=8340 train=2.80162 val=None lr=0.000259882
2026-09-30 20:38:14,896 step=8350 train=2.94885 val=None lr=0.000259784
2026-09-30 20:38:15,619 step=8360 train=2.84206 val=None lr=0.000259685
2026-09-30 20:38:16,540 step=8370 train=2.76276 val=None lr=0.000259586
2026-09-30 20:38:17,248 step=8380 train=2.79785 val=None lr=0.000259488
2026-09-30 20:38:17,909 step=8390 train=2.61028 val=None lr=0.000259389
2026-09-30 20:38:18,967 step=8400 train=2.73632 val=2.6988118171691893 lr=0.00025929
2026-09-30 20:38:19,601 step=8410 train=2.93964 val=None lr=0.00025919
2026-09-30 20:38:20,111 step=8420 train=2.73474 val=None lr=0.000259091
2026-09-30 20:38:18,529 step=8430 train=2.78822 val=None lr=0.000258992
2026-09-30 20:38:19,010 step=8440 train=2.52659 val=None lr=0.000258892
2026-09-30 20:38:19,559 step=8450 train=2.54298 val=None lr=0.000258793
2026-09-30 20:38:20,116 step=8460 train=2.55285 val=None lr=0.000258693
2026-09-30 20:38:20,637 step=8470 train=2.84327 val=None lr=0.000258593
2026-09-30 20:38:21,130 step=8480 train=3.08687 val=None lr=0.000258493
2026-09-30 20:38:21,699 step=8490 train=2.46658 val=None lr=0.000258394
2026-09-30 20:38:22,600 step=8500 train=2.73489 val=2.6893415451049805 lr=0.000258293
2026-09-30 20:38:23,728 step=8510 train=2.80402 val=None lr=0.000258193
2026-09-30 20:38:24,304 step=8520 train=2.59656 val=None lr=0.000258093
2026-09-30 20:38:24,844 step=8530 train=2.87756 val=None lr=0.000257993
2026-09-30 20:38:25,434 step=8540 train=2.77726 val=None lr=0.000257892
2026-09-30 20:38:25,940 step=8550 train=2.76684 val=None lr=0.000257792
2026-09-30 20:38:26,457 step=8560 train=2.55116 val=None lr=0.000257691
2026-09-30 20:38:27,074 step=8570 train=2.52329 val=None lr=0.00025759
2026-09-30 20:38:27,582 step=8580 train=2.66876 val=None lr=0.00025749
2026-09-30 20:38:28,270 step=8590 train=2.54254 val=None lr=0.000257389
2026-09-30 20:38:28,991 step=8600 train=2.64067 val=2.6898772716522217 lr=0.000257288
2026-09-30 20:38:29,524 step=8610 train=2.63515 val=None lr=0.000257186
2026-09-30 20:38:29,983 step=8620 train=2.75993 val=None lr=0.000257085
2026-09-30 20:38:30,668 step=8630 train=2.43819 val=None lr=0.000256984
2026-09-30 20:38:31,317 step=8640 train=2.49321 val=None lr=0.000256883
2026-09-30 20:38:31,780 step=8650 train=2.79239 val=None lr=0.000256781
2026-09-30 20:38:32,254 step=8660 train=2.62895 val=None lr=0.000256679
2026-09-30 20:38:32,890 step=8670 train=2.82653 val=None lr=0.000256578
2026-09-30 20:38:33,376 step=8680 train=2.49106 val=None lr=0.000256476
2026-09-30 20:38:33,874 step=8690 train=2.80334 val=None lr=0.000256374
2026-09-30 20:38:34,738 step=8700 train=2.49827 val=2.6753254532814026 lr=0.000256272
2026-09-30 20:38:35,272 step=8710 train=2.85290 val=None lr=0.00025617
2026-09-30 20:38:35,843 step=8720 train=2.46548 val=None lr=0.000256068
2026-09-30 20:38:36,481 step=8730 train=2.82466 val=None lr=0.000255965
2026-09-30 20:38:37,165 step=8740 train=2.87697 val=None lr=0.000255863
2026-09-30 20:38:37,680 step=8750 train=2.95631 val=None lr=0.000255761
2026-09-30 20:38:38,220 step=8760 train=2.66525 val=None lr=0.000255658
2026-09-30 20:38:38,716 step=8770 train=2.74312 val=None lr=0.000255555
2026-09-30 20:38:39,242 step=8780 train=2.70810 val=None lr=0.000255453
2026-09-30 20:38:39,796 step=8790 train=2.72379 val=None lr=0.00025535
2026-09-30 20:38:40,694 step=8800 train=2.53373 val=2.6704122543334963 lr=0.000255247
2026-09-30 20:38:41,289 step=8810 train=2.95665 val=None lr=0.000255144
2026-09-30 20:38:41,961 step=8820 train=2.67407 val=None lr=0.000255041
2026-09-30 20:38:42,518 step=8830 train=2.74882 val=None lr=0.000254937
2026-09-30 20:38:42,974 step=8840 train=2.68133 val=None lr=0.000254834
2026-09-30 20:38:43,473 step=8850 train=2.68632 val=None lr=0.000254731
2026-09-30 20:38:44,131 step=8860 train=2.48920 val=None lr=0.000254627
2026-09-30 20:38:44,576 step=8870 train=2.81044 val=None lr=0.000254524
2026-09-30 20:38:45,225 step=8880 train=2.92820 val=None lr=0.00025442
2026-09-30 20:38:45,717 step=8890 train=2.87356 val=None lr=0.000254316
2026-09-30 20:38:46,532 step=8900 train=2.80160 val=2.6622992157936096 lr=0.000254212
2026-09-30 20:38:47,046 step=8910 train=2.86991 val=None lr=0.000254108
2026-09-30 20:38:47,628 step=8920 train=2.60546 val=None lr=0.000254004
2026-09-30 20:38:48,231 step=8930 train=2.51981 val=None lr=0.0002539
2026-09-30 20:38:48,973 step=8940 train=2.97105 val=None lr=0.000253796
2026-09-30 20:38:49,423 step=8950 train=2.72855 val=None lr=0.000253691
2026-09-30 20:38:50,004 step=8960 train=2.84024 val=None lr=0.000253587
2026-09-30 20:38:50,612 step=8970 train=2.94490 val=None lr=0.000253482
2026-09-30 20:38:49,048 step=8980 train=2.67525 val=None lr=0.000253378
2026-09-30 20:38:49,566 step=8990 train=2.77552 val=None lr=0.000253273
2026-09-30 20:38:50,405 step=9000 train=2.78837 val=2.6608134388923643 lr=0.000253168
2026-09-30 20:38:51,228 step=9010 train=2.70470 val=None lr=0.000253063
2026-09-30 20:38:51,893 step=9020 train=2.72311 val=None lr=0.000252958
2026-09-30 20:38:52,531 step=9030 train=2.74385 val=None lr=0.000252853
2026-09-30 20:38:53,061 step=9040 train=2.75777 val=None lr=0.000252748
2026-09-30 20:38:53,595 step=9050 train=2.70162 val=None lr=0.000252643
2026-09-30 20:38:54,106 step=9060 train=2.50593 val=None lr=0.000252537
2026-09-30 20:38:54,594 step=9070 train=2.62628 val=None lr=0.000252432
2026-09-30 20:38:55,086 step=9080 train=2.59997 val=None lr=0.000252326
2026-09-30 20:38:55,685 step=9090 train=2.59693 val=None lr=0.00025222
2026-09-30 20:38:56,535 step=9100 train=2.64154 val=2.6508214592933657 lr=0.000252115
2026-09-30 20:38:57,041 step=9110 train=2.36897 val=None lr=0.000252009
2026-09-30 20:38:57,644 step=9120 train=2.74212 val=None lr=0.000251903
2026-09-30 20:38:58,266 step=9130 train=2.80570 val=None lr=0.000251797
2026-09-30 20:38:58,943 step=9140 train=2.38238 val=None lr=0.000251691
2026-09-30 20:38:59,589 step=9150 train=2.59086 val=None lr=0.000251585
2026-09-30 20:39:00,086 step=9160 train=2.71238 val=None lr=0.000251478
2026-09-30 20:39:00,635 step=9170 train=2.73096 val=None lr=0.000251372
2026-09-30 20:39:01,138 step=9180 train=2.94332 val=None lr=0.000251265
2026-09-30 20:39:01,651 step=9190 train=2.92714 val=None lr=0.000251159
2026-09-30 20:39:02,486 step=9200 train=2.66754 val=2.644438993930817 lr=0.000251052
2026-09-30 20:39:03,231 step=9210 train=2.57249 val=None lr=0.000250945
2026-09-30 20:39:03,706 step=9220 train=3.14173 val=None lr=0.000250839
2026-09-30 20:39:04,254 step=9230 train=2.77468 val=None lr=0.000250732
2026-09-30 20:39:04,792 step=9240 train=2.73551 val=None lr=0.000250625
2026-09-30 20:39:05,285 step=9250 train=2.90347 val=None lr=0.000250518
2026-09-30 20:39:05,812 step=9260 train=2.69731 val=None lr=0.00025041
2026-09-30 20:39:06,515 step=9270 train=2.66072 val=None lr=0.000250303
2026-09-30 20:39:07,066 step=9280 train=2.78538 val=None lr=0.000250196
2026-09-30 20:39:07,567 step=9290 train=2.77570 val=None lr=0.000250088
2026-09-30 20:39:08,536 step=9300 train=2.67638 val=2.6396086692810057 lr=0.000249981
2026-09-30 20:39:09,134 step=9310 train=2.74145 val=None lr=0.000249873
2026-09-30 20:39:09,775 step=9320 train=2.88394 val=None lr=0.000249765
2026-09-30 20:39:10,680 step=9330 train=2.47962 val=None lr=0.000249657
2026-09-30 20:39:11,350 step=9340 train=2.58972 val=None lr=0.00024955
2026-09-30 20:39:11,939 step=9350 train=2.52558 val=None lr=0.000249442
2026-09-30 20:39:12,413 step=9360 train=2.75828 val=None lr=0.000249333
2026-09-30 20:39:12,884 step=9370 train=2.59122 val=None lr=0.000249225
2026-09-30 20:39:13,363 step=9380 train=2.76856 val=None lr=0.000249117
2026-09-30 20:39:13,880 step=9390 train=2.75028 val=None lr=0.000249009
2026-09-30 20:39:14,737 step=9400 train=2.65743 val=2.6318906903266908 lr=0.0002489
2026-09-30 20:39:15,291 step=9410 train=2.65777 val=None lr=0.000248792
2026-09-30 20:39:15,862 step=9420 train=2.88880 val=None lr=0.000248683
2026-09-30 20:39:16,422 step=9430 train=2.51886 val=None lr=0.000248574
2026-09-30 20:39:17,019 step=9440 train=2.94912 val=None lr=0.000248465
2026-09-30 20:39:17,522 step=9450 train=2.56992 val=None lr=0.000248357
2026-09-30 20:39:18,069 step=9460 train=2.46290 val=None lr=0.000248248
2026-09-30 20:39:18,595 step=9470 train=2.69464 val=None lr=0.000248139
2026-09-30 20:39:19,186 step=9480 train=2.64242 val=None lr=0.000248029
2026-09-30 20:39:19,804 step=9490 train=2.64476 val=None lr=0.00024792
2026-09-30 20:39:20,643 step=9500 train=2.67558 val=2.6272103786468506 lr=0.000247811
2026-09-30 20:39:19,386 step=9510 train=2.62551 val=None lr=0.000247701
2026-09-30 20:39:19,953 step=9520 train=2.92104 val=None lr=0.000247592
2026-09-30 20:39:20,531 step=9530 train=2.76949 val=None lr=0.000247482
2026-09-30 20:39:21,093 step=9540 train=2.64147 val=None lr=0.000247373
2026-09-30 20:39:21,664 step=9550 train=2.84074 val=None lr=0.000247263
2026-09-30 20:39:22,263 step=9560 train=2.69260 val=None lr=0.000247153
2026-09-30 20:39:22,768 step=9570 train=2.62363 val=None lr=0.000247043
2026-09-30 20:39:23,243 step=9580 train=2.70049 val=None lr=0.000246933
2026-09-30 20:39:23,706 step=9590 train=2.80213 val=None lr=0.000246823
2026-09-30 20:39:24,509 step=9600 train=2.52035 val=2.620776057243347 lr=0.000246713
2026-09-30 20:39:25,025 step=9610 train=2.89912 val=None lr=0.000246602
2026-09-30 20:39:25,525 step=9620 train=2.60874 val=None lr=0.000246492
2026-09-30 20:39:26,253 step=9630 train=2.66426 val=None lr=0.000246382
2026-09-30 20:39:26,779 step=9640 train=2.56745 val=None lr=0.000246271
2026-09-30 20:39:27,508 step=9650 train=2.43684 val=None lr=0.000246161
2026-09-30 20:39:28,007 step=9660 train=2.58764 val=None lr=0.00024605
2026-09-30 20:39:28,480 step=9670 train=2.51576 val=None lr=0.000245939
2026-09-30 20:39:29,143 step=9680 train=3.19220 val=None lr=0.000245828
2026-09-30 20:39:29,675 step=9690 train=2.59004 val=None lr=0.000245717
2026-09-30 20:39:30,642 step=9700 train=2.72548 val=2.612848234176636 lr=0.000245606
2026-09-30 20:39:31,162 step=9710 train=2.58068 val=None lr=0.000245495
2026-09-30 20:39:31,684 step=9720 train=3.01139 val=None lr=0.000245384
2026-09-30 20:39:32,273 step=9730 train=2.55870 val=None lr=0.000245272
2026-09-30 20:39:32,945 step=9740 train=2.69816 val=None lr=0.000245161
2026-09-30 20:39:33,545 step=9750 train=2.58204 val=None lr=0.00024505
2026-09-30 20:39:34,057 step=9760 train=2.54374 val=None lr=0.000244938
2026-09-30 20:39:34,542 step=9770 train=2.70776 val=None lr=0.000244826
2026-09-30 20:39:35,056 step=9780 train=2.74622 val=None lr=0.000244715
2026-09-30 20:39:35,549 step=9790 train=2.40019 val=None lr=0.000244603
2026-09-30 20:39:36,569 step=9800 train=2.69134 val=2.6072933077812195 lr=0.000244491
2026-09-30 20:39:37,096 step=9810 train=2.77734 val=None lr=0.000244379
2026-09-30 20:39:37,719 step=9820 train=2.64032 val=None lr=0.000244267
2026-09-30 20:39:38,216 step=9830 train=2.58083 val=None lr=0.000244155
2026-09-30 20:39:38,802 step=9840 train=2.55623 val=None lr=0.000244043
2026-09-30 20:39:39,330 step=9850 train=2.68892 val=None lr=0.00024393
2026-09-30 20:39:40,016 step=9860 train=2.65922 val=None lr=0.000243818
2026-09-30 20:39:40,677 step=9870 train=3.05616 val=None lr=0.000243705
2026-09-30 20:39:41,135 step=9880 train=2.69240 val=None lr=0.000243593
2026-09-30 20:39:41,632 step=9890 train=2.61409 val=None lr=0.00024348
2026-09-30 20:39:42,595 step=9900 train=2.60195 val=2.6016610145568846 lr=0.000243367
2026-09-30 20:39:43,087 step=9910 train=2.52312 val=None lr=0.000243255
2026-09-30 20:39:43,605 step=9920 train=2.76907 val=None lr=0.000243142
2026-09-30 20:39:44,409 step=9930 train=2.60502 val=None lr=0.000243029
2026-09-30 20:39:45,065 step=9940 train=2.54923 val=None lr=0.000242916
2026-09-30 20:39:45,694 step=9950 train=2.74867 val=None lr=0.000242803
2026-09-30 20:39:46,205 step=9960 train=2.83748 val=None lr=0.000242689
2026-09-30 20:39:46,837 step=9970 train=2.65730 val=None lr=0.000242576
2026-09-30 20:39:47,348 step=9980 train=2.58177 val=None lr=0.000242463
2026-09-30 20:39:47,878 step=9990 train=2.81782 val=None lr=0.000242349
2026-09-30 20:39:48,773 step=10000 train=2.71082 val=2.5972761511802673 lr=0.000242236
2026-09-30 20:39:49,691 step=10010 train=2.67247 val=None lr=0.000242122
2026-09-30 20:39:50,367 step=10020 train=2.83701 val=None lr=0.000242008
2026-09-30 20:39:50,890 step=10030 train=2.55409 val=None lr=0.000241895
2026-09-30 20:39:51,405 step=10040 train=2.54201 val=None lr=0.000241781
2026-09-30 20:39:49,872 step=10050 train=2.68040 val=None lr=0.000241667
2026-09-30 20:39:50,417 step=10060 train=2.91825 val=None lr=0.000241553
2026-09-30 20:39:50,984 step=10070 train=2.91923 val=None lr=0.000241439
2026-09-30 20:39:51,565 step=10080 train=2.64101 val=None lr=0.000241324
2026-09-30 20:39:52,118 step=10090 train=2.35586 val=None lr=0.00024121
2026-09-30 20:39:53,007 step=10100 train=2.82704 val=2.5899777173995973 lr=0.000241096
2026-09-30 20:39:53,538 step=10110 train=2.70495 val=None lr=0.000240981
2026-09-30 20:39:54,044 step=10120 train=2.58843 val=None lr=0.000240867
2026-09-30 20:39:54,569 step=10130 train=2.78747 val=None lr=0.000240752
2026-09-30 20:39:55,140 step=10140 train=2.66029 val=None lr=0.000240638
2026-09-30 20:39:55,670 step=10150 train=2.48686 val=None lr=0.000240523
2026-09-30 20:39:56,170 step=10160 train=2.47747 val=None lr=0.000240408
2026-09-30 20:39:56,719 step=10170 train=2.61119 val=None lr=0.000240293
2026-09-30 20:39:57,357 step=10180 train=2.66864 val=None lr=0.000240178
2026-09-30 20:39:57,891 step=10190 train=2.60153 val=None lr=0.000240063
2026-09-30 20:39:58,750 step=10200 train=2.59080 val=2.5840033054351808 lr=0.000239948
2026-09-30 20:39:59,482 step=10210 train=2.63620 val=None lr=0.000239833
2026-09-30 20:40:00,103 step=10220 train=2.69731 val=None lr=0.000239717
2026-09-30 20:40:00,613 step=10230 train=2.65015 val=None lr=0.000239602
2026-09-30 20:40:01,147 step=10240 train=2.59478 val=None lr=0.000239487
2026-09-30 20:40:01,691 step=10250 train=2.57599 val=None lr=0.000239371
2026-09-30 20:40:02,358 step=10260 train=2.51256 val=None lr=0.000239255
2026-09-30 20:40:02,908 step=10270 train=2.71233 val=None lr=0.00023914
2026-09-30 20:40:03,502 step=10280 train=2.55662 val=None lr=0.000239024
2026-09-30 20:40:03,965 step=10290 train=2.75524 val=None lr=0.000238908
2026-09-30 20:40:04,784 step=10300 train=2.80192 val=2.5796979784965517 lr=0.000238792
2026-09-30 20:40:05,423 step=10310 train=2.54201 val=None lr=0.000238676
2026-09-30 20:40:06,091 step=10320 train=2.61778 val=None lr=0.00023856
2026-09-30 20:40:06,628 step=10330 train=2.36476 val=None lr=0.000238444
2026-09-30 20:40:07,171 step=10340 train=2.75598 val=None lr=0.000238328
2026-09-30 20:40:07,698 step=10350 train=2.43462 val=None lr=0.000238211
2026-09-30 20:40:08,294 step=10360 train=2.25093 val=None lr=0.000238095
2026-09-30 20:40:08,785 step=10370 train=2.57431 val=None lr=0.000237979
2026-09-30 20:40:09,315 step=10380 train=2.68091 val=None lr=0.000237862
2026-09-30 20:40:09,864 step=10390 train=2.41260 val=None lr=0.000237745
2026-09-30 20:40:11,364 step=10400 train=2.75774 val=2.571682500839233 lr=0.000237629
2026-09-30 20:40:11,907 step=10410 train=2.56799 val=None lr=0.000237512
2026-09-30 20:40:12,475 step=10420 train=2.65150 val=None lr=0.000237395
2026-09-30 20:40:13,227 step=10430 train=2.80580 val=None lr=0.000237278
2026-09-30 20:40:13,827 step=10440 train=2.81224 val=None lr=0.000237161
2026-09-30 20:40:14,377 step=10450 train=2.77744 val=None lr=0.000237044
2026-09-30 20:40:14,954 step=10460 train=2.73601 val=None lr=0.000236927
2026-09-30 20:40:15,560 step=10470 train=2.38319 val=None lr=0.00023681
2026-09-30 20:40:16,103 step=10480 train=2.50943 val=None lr=0.000236692
2026-09-30 20:40:16,643 step=10490 train=2.60438 val=None lr=0.000236575
2026-09-30 20:40:17,373 step=10500 train=2.68856 val=2.572379636764526 lr=0.000236458
2026-09-30 20:40:18,154 step=10510 train=2.32153 val=None lr=0.00023634
2026-09-30 20:40:18,740 step=10520 train=2.56414 val=None lr=0.000236222
2026-09-30 20:40:19,233 step=10530 train=2.74745 val=None lr=0.000236105
2026-09-30 20:40:19,978 step=10540 train=2.69094 val=None lr=0.000235987
2026-09-30 20:40:20,643 step=10550 train=2.65220 val=None lr=0.000235869
2026-09-30 20:40:21,260 step=10560 train=3.03134 val=None lr=0.000235751
2026-09-30 20:40:21,745 step=10570 train=2.47593 val=None lr=0.000235633
2026-09-30 20:40:20,088 step=10580 train=2.82940 val=None lr=0.000235515
2026-09-30 20:40:20,751 step=10590 train=2.50006 val=None lr=0.000235397
2026-09-30 20:40:21,554 step=10600 train=2.51983 val=2.564607393741608 lr=0.000235279
2026-09-30 20:40:22,151 step=10610 train=2.52403 val=None lr=0.000235161
2026-09-30 20:40:22,610 step=10620 train=2.75343 val=None lr=0.000235042
2026-09-30 20:40:23,367 step=10630 train=2.38233 val=None lr=0.000234924
2026-09-30 20:40:23,934 step=10640 train=2.55779 val=None lr=0.000234805
2026-09-30 20:40:24,516 step=10650 train=2.65406 val=None lr=0.000234687
2026-09-30 20:40:25,194 step=10660 train=2.44999 val=None lr=0.000234568
2026-09-30 20:40:25,714 step=10670 train=2.66332 val=None lr=0.000234449
2026-09-30 20:40:26,211 step=10680 train=2.58028 val=None lr=0.000234331
2026-09-30 20:40:26,708 step=10690 train=2.53046 val=None lr=0.000234212
2026-09-30 20:40:27,592 step=10700 train=2.58738 val=2.5644696950912476 lr=0.000234093
2026-09-30 20:40:28,142 step=10710 train=2.39128 val=None lr=0.000233974
2026-09-30 20:40:28,685 step=10720 train=2.85496 val=None lr=0.000233855
2026-09-30 20:40:29,182 step=10730 train=2.46016 val=None lr=0.000233735
2026-09-30 20:40:29,735 step=10740 train=2.62293 val=None lr=0.000233616
2026-09-30 20:40:30,365 step=10750 train=2.53786 val=None lr=0.000233497
2026-09-30 20:40:30,932 step=10760 train=2.71281 val=None lr=0.000233378
2026-09-30 20:40:31,443 step=10770 train=2.73586 val=None lr=0.000233258
2026-09-30 20:40:32,039 step=10780 train=2.73302 val=None lr=0.000233139
2026-09-30 20:40:32,602 step=10790 train=2.65357 val=None lr=0.000233019
2026-09-30 20:40:33,807 step=10800 train=2.80413 val=2.552193295955658 lr=0.000232899
2026-09-30 20:40:34,378 step=10810 train=2.54561 val=None lr=0.00023278
2026-09-30 20:40:34,915 step=10820 train=2.58100 val=None lr=0.00023266
2026-09-30 20:40:35,517 step=10830 train=2.82470 val=None lr=0.00023254
2026-09-30 20:40:36,027 step=10840 train=2.66625 val=None lr=0.00023242
2026-09-30 20:40:36,520 step=10850 train=2.40464 val=None lr=0.0002323
2026-09-30 20:40:37,013 step=10860 train=2.72196 val=None lr=0.00023218
2026-09-30 20:40:37,538 step=10870 train=2.75342 val=None lr=0.00023206
2026-09-30 20:40:38,135 step=10880 train=2.59489 val=None lr=0.00023194
2026-09-30 20:40:38,609 step=10890 train=2.46210 val=None lr=0.000231819
2026-09-30 20:40:39,372 step=10900 train=2.49608 val=2.55636088848114 lr=0.000231699
2026-09-30 20:40:39,961 step=10910 train=2.26427 val=None lr=0.000231578
2026-09-30 20:40:40,577 step=10920 train=2.68296 val=None lr=0.000231458
2026-09-30 20:40:41,121 step=10930 train=2.57457 val=None lr=0.000231337
2026-09-30 20:40:41,751 step=10940 train=2.39744 val=None lr=0.000231217
2026-09-30 20:40:42,426 step=10950 train=2.64131 val=None lr=0.000231096
2026-09-30 20:40:43,115 step=10960 train=2.63779 val=None lr=0.000230975
2026-09-30 20:40:43,754 step=10970 train=2.68359 val=None lr=0.000230854
2026-09-30 20:40:44,356 step=10980 train=2.58575 val=None lr=0.000230733
2026-09-30 20:40:44,835 step=10990 train=2.78007 val=None lr=0.000230612
2026-09-30 20:40:45,728 step=11000 train=2.43196 val=2.5474717736244203 lr=0.000230491
2026-09-30 20:40:46,681 step=11010 train=2.77987 val=None lr=0.00023037
2026-09-30 20:40:47,121 step=11020 train=2.54550 val=None lr=0.000230249
2026-09-30 20:40:47,760 step=11030 train=2.53956 val=None lr=0.000230128
2026-09-30 20:40:48,263 step=11040 train=2.65543 val=None lr=0.000230006
2026-09-30 20:40:48,839 step=11050 train=2.59348 val=None lr=0.000229885
2026-09-30 20:40:49,357 step=11060 train=2.31999 val=None lr=0.000229764
2026-09-30 20:40:49,893 step=11070 train=2.50939 val=None lr=0.000229642
2026-09-30 20:40:50,451 step=11080 train=2.99197 val=None lr=0.00022952
2026-09-30 20:40:51,024 step=11090 train=2.69048 val=None lr=0.000229399
2026-09-30 20:40:52,013 step=11100 train=2.52276 val=2.5430885791778564 lr=0.000229277
2026-09-30 20:40:50,449 step=11110 train=2.70890 val=None lr=0.000229155
2026-09-30 20:40:51,041 step=11120 train=2.54426 val=None lr=0.000229033
2026-09-30 20:40:51,567 step=11130 train=2.34350 val=None lr=0.000228911
2026-09-30 20:40:52,150 step=11140 train=3.09938 val=None lr=0.000228789
2026-09-30 20:40:52,722 step=11150 train=3.09770 val=None lr=0.000228667
2026-09-30 20:40:53,323 step=11160 train=2.61252 val=None lr=0.000228545
2026-09-30 20:40:53,859 step=11170 train=2.52093 val=None lr=0.000228423
2026-09-30 20:40:54,385 step=11180 train=2.79525 val=None lr=0.000228301
2026-09-30 20:40:54,951 step=11190 train=2.49979 val=None lr=0.000228178
2026-09-30 20:40:55,898 step=11200 train=2.55952 val=2.5370077013969423 lr=0.000228056
2026-09-30 20:40:56,573 step=11210 train=2.78589 val=None lr=0.000227933
2026-09-30 20:40:57,090 step=11220 train=2.76099 val=None lr=0.000227811
2026-09-30 20:40:57,619 step=11230 train=2.43063 val=None lr=0.000227688
2026-09-30 20:40:58,104 step=11240 train=2.58031 val=None lr=0.000227565
2026-09-30 20:40:58,594 step=11250 train=2.65675 val=None lr=0.000227443
2026-09-30 20:40:59,163 step=11260 train=2.44098 val=None lr=0.00022732
2026-09-30 20:40:59,676 step=11270 train=2.45822 val=None lr=0.000227197
2026-09-30 20:41:00,234 step=11280 train=2.82146 val=None lr=0.000227074
2026-09-30 20:41:00,723 step=11290 train=2.65162 val=None lr=0.000226951
2026-09-30 20:41:01,701 step=11300 train=2.46653 val=2.533336901664734 lr=0.000226828
2026-09-30 20:41:02,234 step=11310 train=2.57318 val=None lr=0.000226705
2026-09-30 20:41:02,800 step=11320 train=2.79794 val=None lr=0.000226582
2026-09-30 20:41:03,330 step=11330 train=2.76579 val=None lr=0.000226458
2026-09-30 20:41:03,912 step=11340 train=2.37717 val=None lr=0.000226335
2026-09-30 20:41:04,565 step=11350 train=2.53845 val=None lr=0.000226212
2026-09-30 20:41:05,167 step=11360 train=2.57333 val=None lr=0.000226088
2026-09-30 20:41:05,761 step=11370 train=2.57998 val=None lr=0.000225965
2026-09-30 20:41:06,368 step=11380 train=2.48567 val=None lr=0.000225841
2026-09-30 20:41:07,158 step=11390 train=2.41031 val=None lr=0.000225717
2026-09-30 20:41:08,182 step=11400 train=2.52464 val=2.527649736404419 lr=0.000225594
2026-09-30 20:41:08,842 step=11410 train=2.66190 val=None lr=0.00022547
2026-09-30 20:41:09,386 step=11420 train=2.74129 val=None lr=0.000225346
2026-09-30 20:41:09,911 step=11430 train=2.49863 val=None lr=0.000225222
2026-09-30 20:41:10,529 step=11440 train=2.98446 val=None lr=0.000225098
2026-09-30 20:41:11,133 step=11450 train=2.65472 val=None lr=0.000224974
2026-09-30 20:41:11,705 step=11460 train=2.67278 val=None lr=0.00022485
2026-09-30 20:41:12,216 step=11470 train=2.47799 val=None lr=0.000224726
2026-09-30 20:41:12,786 step=11480 train=2.78197 val=None lr=0.000224602
2026-09-30 20:41:13,371 step=11490 train=2.70659 val=None lr=0.000224477
2026-09-30 20:41:14,321 step=11500 train=2.29889 val=2.524471628665924 lr=0.000224353
2026-09-30 20:41:15,400 step=11510 train=2.53357 val=None lr=0.000224229
2026-09-30 20:41:16,124 step=11520 train=2.65791 val=None lr=0.000224104
2026-09-30 20:41:16,761 step=11530 train=2.41456 val=None lr=0.000223979
2026-09-30 20:41:17,391 step=11540 train=2.41062 val=None lr=0.000223855
2026-09-30 20:41:17,944 step=11550 train=2.58169 val=None lr=0.00022373
2026-09-30 20:41:18,655 step=11560 train=2.98680 val=None lr=0.000223605
2026-09-30 20:41:19,472 step=11570 train=2.58710 val=None lr=0.000223481
2026-09-30 20:41:20,085 step=11580 train=2.75402 val=None lr=0.000223356
2026-09-30 20:41:20,859 step=11590 train=2.24018 val=None lr=0.000223231
2026-09-30 20:41:21,754 step=11600 train=2.41225 val=2.5233657240867613 lr=0.000223106
2026-09-30 20:41:22,512 step=11610 train=2.46266 val=None lr=0.000222981
2026-09-30 20:41:20,977 step=11620 train=2.66652 val=None lr=0.000222856
2026-09-30 20:41:21,619 step=11630 train=2.59917 val=None lr=0.000222731
2026-09-30 20:41:22,229 step=11640 train=2.56078 val=None lr=0.000222605
2026-09-30 20:41:22,795 step=11650 train=2.58541 val=None lr=0.00022248
2026-09-30 20:41:23,412 step=11660 train=2.51685 val=None lr=0.000222355
2026-09-30 20:41:24,111 step=11670 train=2.47511 val=None lr=0.000222229
2026-09-30 20:41:24,805 step=11680 train=2.76568 val=None lr=0.000222104
2026-09-30 20:41:25,424 step=11690 train=2.56809 val=None lr=0.000221978
2026-09-30 20:41:26,308 step=11700 train=2.73709 val=2.517505168914795 lr=0.000221853
2026-09-30 20:41:26,879 step=11710 train=2.42908 val=None lr=0.000221727
2026-09-30 20:41:27,428 step=11720 train=2.68218 val=None lr=0.000221602
2026-09-30 20:41:28,129 step=11730 train=2.58337 val=None lr=0.000221476
2026-09-30 20:41:28,772 step=11740 train=2.51136 val=None lr=0.00022135
2026-09-30 20:41:29,345 step=11750 train=2.84970 val=None lr=0.000221224
2026-09-30 20:41:29,798 step=11760 train=2.50492 val=None lr=0.000221098
2026-09-30 20:41:30,428 step=11770 train=2.53604 val=None lr=0.000220972
2026-09-30 20:41:31,014 step=11780 train=2.64114 val=None lr=0.000220846
2026-09-30 20:41:31,521 step=11790 train=2.70261 val=None lr=0.00022072
2026-09-30 20:41:32,450 step=11800 train=2.74317 val=2.5080814242362974 lr=0.000220594
2026-09-30 20:41:33,040 step=11810 train=2.42138 val=None lr=0.000220468
2026-09-30 20:41:33,573 step=11820 train=2.70768 val=None lr=0.000220341
2026-09-30 20:41:34,191 step=11830 train=2.62873 val=None lr=0.000220215
2026-09-30 20:41:34,824 step=11840 train=2.82181 val=None lr=0.000220089
2026-09-30 20:41:35,312 step=11850 train=2.59795 val=None lr=0.000219962
2026-09-30 20:41:35,876 step=11860 train=2.42877 val=None lr=0.000219836
2026-09-30 20:41:36,379 step=11870 train=2.51413 val=None lr=0.000219709
2026-09-30 20:41:36,866 step=11880 train=2.60989 val=None lr=0.000219582
2026-09-30 20:41:37,614 step=11890 train=2.52673 val=None lr=0.000219456
2026-09-30 20:41:38,555 step=11900 train=2.57038 val=2.504793334007263 lr=0.000219329
2026-09-30 20:41:39,153 step=11910 train=2.40962 val=None lr=0.000219202
2026-09-30 20:41:39,695 step=11920 train=2.86759 val=None lr=0.000219075
2026-09-30 20:41:40,379 step=11930 train=2.50254 val=None lr=0.000218948
2026-09-30 20:41:41,231 step=11940 train=2.89429 val=None lr=0.000218821
2026-09-30 20:41:41,850 step=11950 train=2.15051 val=None lr=0.000218694
2026-09-30 20:41:42,322 step=11960 train=2.58406 val=None lr=0.000218567
2026-09-30 20:41:42,843 step=11970 train=2.60984 val=None lr=0.00021844
2026-09-30 20:41:43,405 step=11980 train=2.30667 val=None lr=0.000218313
2026-09-30 20:41:43,962 step=11990 train=2.82286 val=None lr=0.000218186
2026-09-30 20:41:44,872 step=12000 train=2.74186 val=2.501690983772278 lr=0.000218058
2026-09-30 20:41:45,697 step=12010 train=2.56092 val=None lr=0.000217931
2026-09-30 20:41:46,227 step=12020 train=2.66140 val=None lr=0.000217804
2026-09-30 20:41:46,759 step=12030 train=2.53508 val=None lr=0.000217676
2026-09-30 20:41:47,365 step=12040 train=2.33970 val=None lr=0.000217549
2026-09-30 20:41:47,841 step=12050 train=2.82649 val=None lr=0.000217421
2026-09-30 20:41:48,345 step=12060 train=2.58610 val=None lr=0.000217293
2026-09-30 20:41:48,941 step=12070 train=2.59153 val=None lr=0.000217166
2026-09-30 20:41:49,475 step=12080 train=2.32797 val=None lr=0.000217038
2026-09-30 20:41:50,160 step=12090 train=2.89602 val=None lr=0.00021691
2026-09-30 20:41:51,175 step=12100 train=2.39341 val=2.497854769229889 lr=0.000216782
2026-09-30 20:41:51,683 step=12110 train=2.72429 val=None lr=0.000216654
2026-09-30 20:41:52,352 step=12120 train=2.61147 val=None lr=0.000216526
2026-09-30 20:41:52,894 step=12130 train=2.41143 val=None lr=0.000216398
2026-09-30 20:41:51,384 step=12140 train=2.29039 val=None lr=0.00021627
2026-09-30 20:41:52,145 step=12150 train=2.62847 val=None lr=0.000216142
2026-09-30 20:41:52,747 step=12160 train=2.46593 val=None lr=0.000216014
2026-09-30 20:41:53,215 step=12170 train=2.45318 val=None lr=0.000215886
2026-09-30 20:41:53,737 step=12180 train=2.66110 val=None lr=0.000215757
2026-09-30 20:41:54,250 step=12190 train=2.49600 val=None lr=0.000215629
2026-09-30 20:41:55,216 step=12200 train=2.61676 val=2.4945152521133425 lr=0.000215501
2026-09-30 20:41:55,963 step=12210 train=2.58469 val=None lr=0.000215372
2026-09-30 20:41:56,518 step=12220 train=2.32073 val=None lr=0.000215244
2026-09-30 20:41:57,196 step=12230 train=2.68551 val=None lr=0.000215115
2026-09-30 20:41:57,832 step=12240 train=2.80970 val=None lr=0.000214986
2026-09-30 20:41:58,522 step=12250 train=2.61598 val=None lr=0.000214858
2026-09-30 20:41:58,986 step=12260 train=2.25834 val=None lr=0.000214729
2026-09-30 20:41:59,515 step=12270 train=2.52006 val=None lr=0.0002146
2026-09-30 20:42:00,002 step=12280 train=2.44663 val=None lr=0.000214471
2026-09-30 20:42:00,514 step=12290 train=2.39837 val=None lr=0.000214343
2026-09-30 20:42:01,352 step=12300 train=2.50175 val=2.49183304309845 lr=0.000214214
2026-09-30 20:42:01,938 step=12310 train=2.62745 val=None lr=0.000214085
2026-09-30 20:42:02,540 step=12320 train=2.49881 val=None lr=0.000213956
2026-09-30 20:42:03,145 step=12330 train=2.54428 val=None lr=0.000213826
2026-09-30 20:42:03,695 step=12340 train=2.58604 val=None lr=0.000213697
2026-09-30 20:42:04,376 step=12350 train=2.45597 val=None lr=0.000213568
2026-09-30 20:42:04,907 step=12360 train=2.46903 val=None lr=0.000213439
2026-09-30 20:42:05,418 step=12370 train=2.90995 val=None lr=0.00021331
2026-09-30 20:42:05,971 step=12380 train=2.50255 val=None lr=0.00021318
2026-09-30 20:42:06,527 step=12390 train=2.63074 val=None lr=0.000213051
2026-09-30 20:42:07,498 step=12400 train=2.42969 val=2.4906595230102537 lr=0.000212921
2026-09-30 20:42:08,095 step=12410 train=2.48317 val=None lr=0.000212792
2026-09-30 20:42:08,685 step=12420 train=2.69595 val=None lr=0.000212662
2026-09-30 20:42:09,191 step=12430 train=2.56298 val=None lr=0.000212533
2026-09-30 20:42:10,066 step=12440 train=2.77069 val=None lr=0.000212403
2026-09-30 20:42:10,814 step=12450 train=2.40636 val=None lr=0.000212273
2026-09-30 20:42:11,438 step=12460 train=2.54891 val=None lr=0.000212144
2026-09-30 20:42:12,036 step=12470 train=2.62836 val=None lr=0.000212014
2026-09-30 20:42:12,582 step=12480 train=2.41751 val=None lr=0.000211884
2026-09-30 20:42:13,279 step=12490 train=2.55191 val=None lr=0.000211754
2026-09-30 20:42:14,257 step=12500 train=2.50284 val=2.483338439464569 lr=0.000211624
2026-09-30 20:42:15,129 step=12510 train=2.65952 val=None lr=0.000211494
2026-09-30 20:42:15,931 step=12520 train=2.49849 val=None lr=0.000211364
2026-09-30 20:42:16,434 step=12530 train=2.72595 val=None lr=0.000211234
2026-09-30 20:42:17,198 step=12540 train=2.58059 val=None lr=0.000211104
2026-09-30 20:42:17,803 step=12550 train=2.41503 val=None lr=0.000210974
2026-09-30 20:42:18,346 step=12560 train=2.60129 val=None lr=0.000210844
2026-09-30 20:42:18,846 step=12570 train=2.88979 val=None lr=0.000210713
2026-09-30 20:42:19,562 step=12580 train=2.41899 val=None lr=0.000210583
2026-09-30 20:42:20,118 step=12590 train=2.81020 val=None lr=0.000210453
2026-09-30 20:42:21,097 step=12600 train=2.32806 val=2.477746820449829 lr=0.000210322
2026-09-30 20:42:21,591 step=12610 train=2.41901 val=None lr=0.000210192
2026-09-30 20:42:22,251 step=12620 train=2.53314 val=None lr=0.000210061
2026-09-30 20:42:22,889 step=12630 train=2.64998 val=None lr=0.000209931
2026-09-30 20:42:23,397 step=12640 train=2.59808 val=None lr=0.0002098
2026-09-30 20:42:21,855 step=12650 train=2.32084 val=None lr=0.000209669
2026-09-30 20:42:22,374 step=12660 train=2.45724 val=None lr=0.000209539
2026-09-30 20:42:23,032 step=12670 train=2.64287 val=None lr=0.000209408
2026-09-30 20:42:23,542 step=12680 train=2.59897 val=None lr=0.000209277
2026-09-30 20:42:24,075 step=12690 train=2.45107 val=None lr=0.000209146
2026-09-30 20:42:24,976 step=12700 train=2.68889 val=2.4776079177856447 lr=0.000209015
2026-09-30 20:42:25,421 step=12710 train=2.59905 val=None lr=0.000208884
2026-09-30 20:42:25,966 step=12720 train=2.39091 val=None lr=0.000208753
2026-09-30 20:42:26,563 step=12730 train=2.46861 val=None lr=0.000208622
2026-09-30 20:42:27,148 step=12740 train=2.51065 val=None lr=0.000208491
2026-09-30 20:42:27,754 step=12750 train=2.83826 val=None lr=0.00020836
2026-09-30 20:42:28,290 step=12760 train=2.55146 val=None lr=0.000208229
2026-09-30 20:42:29,131 step=12770 train=2.48039 val=None lr=0.000208098
2026-09-30 20:42:29,694 step=12780 train=2.68228 val=None lr=0.000207967
2026-09-30 20:42:30,211 step=12790 train=2.43602 val=None lr=0.000207835
2026-09-30 20:42:30,970 step=12800 train=2.28088 val=2.481599009037018 lr=0.000207704
2026-09-30 20:42:31,504 step=12810 train=2.62472 val=None lr=0.000207572
2026-09-30 20:42:31,972 step=12820 train=2.37201 val=None lr=0.000207441
2026-09-30 20:42:32,504 step=12830 train=2.46951 val=None lr=0.00020731
2026-09-30 20:42:33,032 step=12840 train=2.53942 val=None lr=0.000207178
2026-09-30 20:42:33,580 step=12850 train=2.79202 val=None lr=0.000207046
2026-09-30 20:42:34,122 step=12860 train=2.61070 val=None lr=0.000206915
2026-09-30 20:42:34,821 step=12870 train=2.62724 val=None lr=0.000206783
2026-09-30 20:42:35,347 step=12880 train=2.42172 val=None lr=0.000206651
2026-09-30 20:42:36,075 step=12890 train=2.50439 val=None lr=0.00020652
2026-09-30 20:42:36,947 step=12900 train=2.88203 val=2.469219708442688 lr=0.000206388
2026-09-30 20:42:37,446 step=12910 train=2.55783 val=None lr=0.000206256
2026-09-30 20:42:38,152 step=12920 train=2.48746 val=None lr=0.000206124
2026-09-30 20:42:38,711 step=12930 train=2.63485 val=None lr=0.000205992
2026-09-30 20:42:39,408 step=12940 train=2.27588 val=None lr=0.00020586
2026-09-30 20:42:39,906 step=12950 train=2.60622 val=None lr=0.000205728
2026-09-30 20:42:40,499 step=12960 train=2.33446 val=None lr=0.000205596
2026-09-30 20:42:41,035 step=12970 train=2.56100 val=None lr=0.000205464
2026-09-30 20:42:41,559 step=12980 train=2.40972 val=None lr=0.000205332
2026-09-30 20:42:42,142 step=12990 train=2.45933 val=None lr=0.0002052
2026-09-30 20:42:43,212 step=13000 train=2.46683 val=2.4661191582679747 lr=0.000205068
2026-09-30 20:42:44,115 step=13010 train=2.63642 val=None lr=0.000204935
2026-09-30 20:42:44,589 step=13020 train=2.73735 val=None lr=0.000204803
2026-09-30 20:42:45,104 step=13030 train=2.55355 val=None lr=0.000204671
2026-09-30 20:42:45,638 step=13040 train=2.60729 val=None lr=0.000204538
2026-09-30 20:42:46,152 step=13050 train=2.36090 val=None lr=0.000204406
2026-09-30 20:42:46,743 step=13060 train=2.49235 val=None lr=0.000204273
2026-09-30 20:42:47,283 step=13070 train=2.51747 val=None lr=0.000204141
2026-09-30 20:42:47,896 step=13080 train=2.59882 val=None lr=0.000204008
2026-09-30 20:42:48,422 step=13090 train=2.41293 val=None lr=0.000203876
2026-09-30 20:42:49,410 step=13100 train=2.30336 val=2.4657597064971926 lr=0.000203743
2026-09-30 20:42:49,917 step=13110 train=2.61150 val=None lr=0.00020361
2026-09-30 20:42:50,579 step=13120 train=2.54251 val=None lr=0.000203478
2026-09-30 20:42:51,146 step=13130 train=2.44774 val=None lr=0.000203345
2026-09-30 20:42:51,646 step=13140 train=2.25988 val=None lr=0.000203212
2026-09-30 20:42:52,353 step=13150 train=2.19918 val=None lr=0.000203079
2026-09-30 20:42:52,837 step=13160 train=2.77232 val=None lr=0.000202946
2026-09-30 20:42:53,353 step=13170 train=2.75167 val=None lr=0.000202813
2026-09-30 20:42:51,815 step=13180 train=2.23045 val=None lr=0.00020268
2026-09-30 20:42:52,471 step=13190 train=2.79878 val=None lr=0.000202547
2026-09-30 20:42:53,479 step=13200 train=2.76565 val=2.4587491750717163 lr=0.000202414
2026-09-30 20:42:54,167 step=13210 train=2.67122 val=None lr=0.000202281
2026-09-30 20:42:54,911 step=13220 train=2.43856 val=None lr=0.000202148
2026-09-30 20:42:55,551 step=13230 train=2.30936 val=None lr=0.000202015
2026-09-30 20:42:56,158 step=13240 train=2.55503 val=None lr=0.000201882
2026-09-30 20:42:56,997 step=13250 train=2.61773 val=None lr=0.000201749
2026-09-30 20:42:57,643 step=13260 train=2.48107 val=None lr=0.000201615
2026-09-30 20:42:58,300 step=13270 train=2.28599 val=None lr=0.000201482
2026-09-30 20:42:58,923 step=13280 train=2.53702 val=None lr=0.000201349
2026-09-30 20:42:59,506 step=13290 train=2.44057 val=None lr=0.000201215
2026-09-30 20:43:00,813 step=13300 train=2.30568 val=2.4563470840454102 lr=0.000201082
2026-09-30 20:43:01,544 step=13310 train=2.85081 val=None lr=0.000200948
2026-09-30 20:43:02,123 step=13320 train=2.47574 val=None lr=0.000200815
2026-09-30 20:43:02,690 step=13330 train=2.61096 val=None lr=0.000200681
2026-09-30 20:43:03,272 step=13340 train=3.10294 val=None lr=0.000200548
2026-09-30 20:43:03,887 step=13350 train=2.53014 val=None lr=0.000200414
2026-09-30 20:43:04,540 step=13360 train=2.40383 val=None lr=0.00020028
2026-09-30 20:43:05,198 step=13370 train=2.31562 val=None lr=0.000200147
2026-09-30 20:43:05,764 step=13380 train=2.41429 val=None lr=0.000200013
2026-09-30 20:43:06,341 step=13390 train=2.36999 val=None lr=0.000199879
2026-09-30 20:43:07,334 step=13400 train=2.45925 val=2.4544137835502626 lr=0.000199745
2026-09-30 20:43:07,983 step=13410 train=2.46743 val=None lr=0.000199612
2026-09-30 20:43:08,697 step=13420 train=2.53133 val=None lr=0.000199478
2026-09-30 20:43:09,442 step=13430 train=2.49378 val=None lr=0.000199344
2026-09-30 20:43:10,034 step=13440 train=2.91946 val=None lr=0.00019921
2026-09-30 20:43:10,687 step=13450 train=2.45067 val=None lr=0.000199076
2026-09-30 20:43:11,258 step=13460 train=2.87044 val=None lr=0.000198942
2026-09-30 20:43:11,860 step=13470 train=2.54641 val=None lr=0.000198808
2026-09-30 20:43:12,553 step=13480 train=2.38919 val=None lr=0.000198674
2026-09-30 20:43:13,152 step=13490 train=2.72082 val=None lr=0.00019854
2026-09-30 20:43:14,170 step=13500 train=2.91330 val=2.4500720381736754 lr=0.000198405
2026-09-30 20:43:15,246 step=13510 train=2.49647 val=None lr=0.000198271
2026-09-30 20:43:15,915 step=13520 train=2.60306 val=None lr=0.000198137
2026-09-30 20:43:16,703 step=13530 train=2.53869 val=None lr=0.000198003
2026-09-30 20:43:17,208 step=13540 train=2.83809 val=None lr=0.000197868
2026-09-30 20:43:17,884 step=13550 train=2.41314 val=None lr=0.000197734
2026-09-30 20:43:18,534 step=13560 train=2.47305 val=None lr=0.0001976
2026-09-30 20:43:19,252 step=13570 train=2.20605 val=None lr=0.000197465
2026-09-30 20:43:19,894 step=13580 train=2.35038 val=None lr=0.000197331
2026-09-30 20:43:20,461 step=13590 train=2.53931 val=None lr=0.000197196
2026-09-30 20:43:21,580 step=13600 train=2.54595 val=2.445119345188141 lr=0.000197062
2026-09-30 20:43:22,213 step=13610 train=2.33919 val=None lr=0.000196927
2026-09-30 20:43:22,991 step=13620 train=2.65756 val=None lr=0.000196793
2026-09-30 20:43:23,892 step=13630 train=2.49594 val=None lr=0.000196658
2026-09-30 20:43:22,457 step=13640 train=2.47222 val=None lr=0.000196524
2026-09-30 20:43:23,168 step=13650 train=2.50341 val=None lr=0.000196389
2026-09-30 20:43:23,747 step=13660 train=2.51812 val=None lr=0.000196254
2026-09-30 20:43:24,401 step=13670 train=2.54486 val=None lr=0.000196119
2026-09-30 20:43:24,998 step=13680 train=2.52011 val=None lr=0.000195985
2026-09-30 20:43:25,721 step=13690 train=2.37284 val=None lr=0.00019585
2026-09-30 20:43:26,647 step=13700 train=2.43035 val=2.4447983384132383 lr=0.000195715
2026-09-30 20:43:27,240 step=13710 train=2.29912 val=None lr=0.00019558
2026-09-30 20:43:27,881 step=13720 train=2.42669 val=None lr=0.000195445
2026-09-30 20:43:28,403 step=13730 train=2.52197 val=None lr=0.00019531
2026-09-30 20:43:28,931 step=13740 train=2.53792 val=None lr=0.000195175
2026-09-30 20:43:29,541 step=13750 train=2.50172 val=None lr=0.00019504
2026-09-30 20:43:30,062 step=13760 train=2.39160 val=None lr=0.000194905
2026-09-30 20:43:30,553 step=13770 train=2.29110 val=None lr=0.00019477
2026-09-30 20:43:31,139 step=13780 train=2.75704 val=None lr=0.000194635
2026-09-30 20:43:31,726 step=13790 train=2.52783 val=None lr=0.0001945
2026-09-30 20:43:32,643 step=13800 train=2.20543 val=2.4388567924499513 lr=0.000194365
2026-09-30 20:43:33,259 step=13810 train=2.59671 val=None lr=0.00019423
2026-09-30 20:43:33,821 step=13820 train=2.49956 val=None lr=0.000194094
2026-09-30 20:43:34,383 step=13830 train=2.97244 val=None lr=0.000193959
2026-09-30 20:43:35,002 step=13840 train=2.50682 val=None lr=0.000193824
2026-09-30 20:43:35,658 step=13850 train=2.22126 val=None lr=0.000193689
2026-09-30 20:43:36,488 step=13860 train=3.02592 val=None lr=0.000193553
2026-09-30 20:43:37,156 step=13870 train=2.58365 val=None lr=0.000193418
2026-09-30 20:43:37,690 step=13880 train=2.73046 val=None lr=0.000193283
2026-09-30 20:43:38,199 step=13890 train=2.35447 val=None lr=0.000193147
2026-09-30 20:43:39,241 step=13900 train=2.49502 val=2.4321200489997863 lr=0.000193012
2026-09-30 20:43:39,877 step=13910 train=2.47149 val=None lr=0.000192876
2026-09-30 20:43:40,410 step=13920 train=2.49998 val=None lr=0.000192741
2026-09-30 20:43:41,040 step=13930 train=2.33689 val=None lr=0.000192605
2026-09-30 20:43:41,840 step=13940 train=2.72189 val=None lr=0.00019247
2026-09-30 20:43:42,400 step=13950 train=2.78615 val=None lr=0.000192334
2026-09-30 20:43:43,030 step=13960 train=2.60617 val=None lr=0.000192198
2026-09-30 20:43:43,675 step=13970 train=2.84661 val=None lr=0.000192063
2026-09-30 20:43:44,281 step=13980 train=2.46658 val=None lr=0.000191927
2026-09-30 20:43:44,828 step=13990 train=2.96077 val=None lr=0.000191791
2026-09-30 20:43:45,782 step=14000 train=2.39094 val=2.4352859973907472 lr=0.000191655
2026-09-30 20:43:46,749 step=14010 train=2.48954 val=None lr=0.00019152
2026-09-30 20:43:47,354 step=14020 train=2.38838 val=None lr=0.000191384
2026-09-30 20:43:47,901 step=14030 train=2.68030 val=None lr=0.000191248
2026-09-30 20:43:48,381 step=14040 train=2.64950 val=None lr=0.000191112
2026-09-30 20:43:49,024 step=14050 train=2.48345 val=None lr=0.000190976
2026-09-30 20:43:49,567 step=14060 train=2.31359 val=None lr=0.00019084
2026-09-30 20:43:50,236 step=14070 train=2.49066 val=None lr=0.000190704
2026-09-30 20:43:50,857 step=14080 train=2.57337 val=None lr=0.000190568
2026-09-30 20:43:51,464 step=14090 train=2.44994 val=None lr=0.000190432
2026-09-30 20:43:52,385 step=14100 train=2.63085 val=2.430119049549103 lr=0.000190296
2026-09-30 20:43:53,026 step=14110 train=2.52785 val=None lr=0.00019016
2026-09-30 20:43:53,667 step=14120 train=2.44968 val=None lr=0.000190024
2026-09-30 20:43:54,363 step=14130 train=2.65389 val=None lr=0.000189888
2026-09-30 20:43:53,033 step=14140 train=2.52435 val=None lr=0.000189752
2026-09-30 20:43:53,559 step=14150 train=2.56985 val=None lr=0.000189616
2026-09-30 20:43:54,141 step=14160 train=2.58663 val=None lr=0.00018948
2026-09-30 20:43:54,746 step=14170 train=2.64779 val=None lr=0.000189344
2026-09-30 20:43:55,342 step=14180 train=2.52789 val=None lr=0.000189207
2026-09-30 20:43:55,899 step=14190 train=2.54969 val=None lr=0.000189071
2026-09-30 20:43:57,013 step=14200 train=2.52524 val=2.423743653297424 lr=0.000188935
2026-09-30 20:43:57,569 step=14210 train=2.62046 val=None lr=0.000188799
2026-09-30 20:43:58,262 step=14220 train=2.49301 val=None lr=0.000188662
2026-09-30 20:43:58,841 step=14230 train=2.80152 val=None lr=0.000188526
2026-09-30 20:43:59,575 step=14240 train=2.27897 val=None lr=0.000188389
2026-09-30 20:44:00,302 step=14250 train=2.85325 val=None lr=0.000188253
2026-09-30 20:44:00,859 step=14260 train=2.50861 val=None lr=0.000188117
2026-09-30 20:44:01,381 step=14270 train=2.55541 val=None lr=0.00018798
2026-09-30 20:44:02,053 step=14280 train=2.26571 val=None lr=0.000187844
2026-09-30 20:44:02,676 step=14290 train=2.47352 val=None lr=0.000187707
2026-09-30 20:44:03,539 step=14300 train=2.39871 val=2.423957574367523 lr=0.000187571
2026-09-30 20:44:04,248 step=14310 train=2.85174 val=None lr=0.000187434
2026-09-30 20:44:04,759 step=14320 train=2.39285 val=None lr=0.000187298
2026-09-30 20:44:05,329 step=14330 train=2.48184 val=None lr=0.000187161
2026-09-30 20:44:05,874 step=14340 train=2.21402 val=None lr=0.000187024
2026-09-30 20:44:06,384 step=14350 train=2.90776 val=None lr=0.000186888
2026-09-30 20:44:07,048 step=14360 train=2.28998 val=None lr=0.000186751
2026-09-30 20:44:07,647 step=14370 train=2.53154 val=None lr=0.000186614
2026-09-30 20:44:08,218 step=14380 train=2.42728 val=None lr=0.000186478
2026-09-30 20:44:09,040 step=14390 train=2.70977 val=None lr=0.000186341
2026-09-30 20:44:10,042 step=14400 train=2.53879 val=2.4223544239997863 lr=0.000186204
2026-09-30 20:44:10,743 step=14410 train=2.73501 val=None lr=0.000186067
2026-09-30 20:44:11,463 step=14420 train=2.43175 val=None lr=0.000185931
2026-09-30 20:44:12,124 step=14430 train=2.31052 val=None lr=0.000185794
2026-09-30 20:44:12,745 step=14440 train=2.54316 val=None lr=0.000185657
2026-09-30 20:44:13,406 step=14450 train=2.41174 val=None lr=0.00018552
2026-09-30 20:44:14,049 step=14460 train=2.62628 val=None lr=0.000185383
2026-09-30 20:44:14,808 step=14470 train=2.75921 val=None lr=0.000185246
2026-09-30 20:44:15,525 step=14480 train=2.36643 val=None lr=0.000185109
2026-09-30 20:44:16,105 step=14490 train=2.51721 val=None lr=0.000184972
2026-09-30 20:44:17,150 step=14500 train=2.53938 val=2.4183350086212156 lr=0.000184835
2026-09-30 20:44:18,033 step=14510 train=2.29180 val=None lr=0.000184698
2026-09-30 20:44:18,592 step=14520 train=2.33691 val=None lr=0.000184561
2026-09-30 20:44:19,268 step=14530 train=2.35408 val=None lr=0.000184424
2026-09-30 20:44:19,822 step=14540 train=2.22651 val=None lr=0.000184287
2026-09-30 20:44:20,481 step=14550 train=2.39519 val=None lr=0.00018415
2026-09-30 20:44:21,059 step=14560 train=2.52674 val=None lr=0.000184013
2026-09-30 20:44:21,563 step=14570 train=2.49568 val=None lr=0.000183876
2026-09-30 20:44:22,156 step=14580 train=2.75258 val=None lr=0.000183739
2026-09-30 20:44:22,816 step=14590 train=2.54460 val=None lr=0.000183602
2026-09-30 20:44:24,112 step=14600 train=2.47673 val=2.4178043484687803 lr=0.000183465
2026-09-30 20:44:24,954 step=14610 train=2.58303 val=None lr=0.000183327
2026-09-30 20:44:23,403 step=14620 train=2.53902 val=None lr=0.00018319
2026-09-30 20:44:24,107 step=14630 train=2.55329 val=None lr=0.000183053
2026-09-30 20:44:24,662 step=14640 train=2.52828 val=None lr=0.000182916
2026-09-30 20:44:25,300 step=14650 train=2.70549 val=None lr=0.000182778
2026-09-30 20:44:25,984 step=14660 train=2.48038 val=None lr=0.000182641
2026-09-30 20:44:26,755 step=14670 train=2.46075 val=None lr=0.000182504
2026-09-30 20:44:27,482 step=14680 train=2.49259 val=None lr=0.000182366
2026-09-30 20:44:28,040 step=14690 train=2.72349 val=None lr=0.000182229
2026-09-30 20:44:29,075 step=14700 train=2.10917 val=2.410404884815216 lr=0.000182092
2026-09-30 20:44:29,711 step=14710 train=2.71936 val=None lr=0.000181954
2026-09-30 20:44:30,429 step=14720 train=2.52214 val=None lr=0.000181817
2026-09-30 20:44:31,136 step=14730 train=2.58050 val=None lr=0.00018168
2026-09-30 20:44:31,897 step=14740 train=2.45274 val=None lr=0.000181542
2026-09-30 20:44:32,532 step=14750 train=2.42274 val=None lr=0.000181405
2026-09-30 20:44:33,313 step=14760 train=2.55504 val=None lr=0.000181267
2026-09-30 20:44:33,891 step=14770 train=2.38664 val=None lr=0.00018113
2026-09-30 20:44:34,444 step=14780 train=2.39906 val=None lr=0.000180992
2026-09-30 20:44:35,275 step=14790 train=2.23181 val=None lr=0.000180855
2026-09-30 20:44:36,264 step=14800 train=2.32961 val=2.406818127632141 lr=0.000180717
2026-09-30 20:44:36,987 step=14810 train=2.26564 val=None lr=0.00018058
2026-09-30 20:44:37,729 step=14820 train=2.36226 val=None lr=0.000180442
2026-09-30 20:44:38,258 step=14830 train=2.41063 val=None lr=0.000180304
2026-09-30 20:44:38,964 step=14840 train=2.52162 val=None lr=0.000180167
2026-09-30 20:44:39,820 step=14850 train=2.47049 val=None lr=0.000180029
2026-09-30 20:44:40,518 step=14860 train=2.51151 val=None lr=0.000179892
2026-09-30 20:44:41,207 step=14870 train=2.18184 val=None lr=0.000179754
2026-09-30 20:44:41,863 step=14880 train=2.28971 val=None lr=0.000179616
2026-09-30 20:44:42,442 step=14890 train=2.65254 val=None lr=0.000179479
2026-09-30 20:44:43,255 step=14900 train=2.40597 val=2.408520019054413 lr=0.000179341
2026-09-30 20:44:43,875 step=14910 train=2.53068 val=None lr=0.000179203
2026-09-30 20:44:44,491 step=14920 train=2.49697 val=None lr=0.000179065
2026-09-30 20:44:45,111 step=14930 train=2.53761 val=None lr=0.000178928
2026-09-30 20:44:45,726 step=14940 train=2.57270 val=None lr=0.00017879
2026-09-30 20:44:46,381 step=14950 train=2.20431 val=None lr=0.000178652
2026-09-30 20:44:46,955 step=14960 train=2.64901 val=None lr=0.000178514
2026-09-30 20:44:47,616 step=14970 train=2.27208 val=None lr=0.000178377
2026-09-30 20:44:48,263 step=14980 train=2.53923 val=None lr=0.000178239
2026-09-30 20:44:48,836 step=14990 train=2.56324 val=None lr=0.000178101
2026-09-30 20:44:49,760 step=15000 train=2.72354 val=2.4045824885368345 lr=0.000177963
2026-09-30 20:44:50,726 step=15010 train=2.27215 val=None lr=0.000177825
2026-09-30 20:44:51,328 step=15020 train=2.47121 val=None lr=0.000177687
2026-09-30 20:44:51,908 step=15030 train=2.40059 val=None lr=0.00017755
2026-09-30 20:44:52,512 step=15040 train=2.45362 val=None lr=0.000177412
2026-09-30 20:44:53,085 step=15050 train=2.36225 val=None lr=0.000177274
2026-09-30 20:44:53,607 step=15060 train=2.37905 val=None lr=0.000177136
2026-09-30 20:44:54,219 step=15070 train=2.30654 val=None lr=0.000176998
2026-09-30 20:44:54,759 step=15080 train=2.63786 val=None lr=0.00017686
2026-09-30 20:44:55,341 step=15090 train=2.37771 val=None lr=0.000176722
2026-09-30 20:44:54,098 step=15100 train=2.42594 val=2.4049651861190795 lr=0.000176584
2026-09-30 20:44:54,648 step=15110 train=2.29951 val=None lr=0.000176446
2026-09-30 20:44:55,152 step=15120 train=2.55826 val=None lr=0.000176308
2026-09-30 20:44:55,745 step=15130 train=2.35731 val=None lr=0.00017617
2026-09-30 20:44:56,319 step=15140 train=2.57054 val=None lr=0.000176032
2026-09-30 20:44:56,832 step=15150 train=2.27918 val=None lr=0.000175894
2026-09-30 20:44:57,374 step=15160 train=2.63116 val=None lr=0.000175756
2026-09-30 20:44:58,165 step=15170 train=2.37573 val=None lr=0.000175618
2026-09-30 20:44:58,707 step=15180 train=2.73030 val=None lr=0.00017548
2026-09-30 20:44:59,331 step=15190 train=2.53084 val=None lr=0.000175342
2026-09-30 20:45:00,147 step=15200 train=2.37721 val=2.4031635761260985 lr=0.000175204
2026-09-30 20:45:00,691 step=15210 train=2.73208 val=None lr=0.000175066
2026-09-30 20:45:01,198 step=15220 train=2.45887 val=None lr=0.000174927
2026-09-30 20:45:01,690 step=15230 train=2.47135 val=None lr=0.000174789
2026-09-30 20:45:02,333 step=15240 train=2.21989 val=None lr=0.000174651
2026-09-30 20:45:02,873 step=15250 train=2.76855 val=None lr=0.000174513
2026-09-30 20:45:03,376 step=15260 train=2.62761 val=None lr=0.000174375
2026-09-30 20:45:03,998 step=15270 train=2.46135 val=None lr=0.000174237
2026-09-30 20:45:04,870 step=15280 train=2.74940 val=None lr=0.000174099
2026-09-30 20:45:05,483 step=15290 train=2.43722 val=None lr=0.00017396
2026-09-30 20:45:06,452 step=15300 train=2.63372 val=2.3974470496177673 lr=0.000173822
2026-09-30 20:45:06,978 step=15310 train=2.34822 val=None lr=0.000173684
2026-09-30 20:45:07,602 step=15320 train=2.50504 val=None lr=0.000173546
2026-09-30 20:45:08,111 step=15330 train=2.48666 val=None lr=0.000173408
2026-09-30 20:45:08,745 step=15340 train=2.50061 val=None lr=0.000173269
2026-09-30 20:45:09,388 step=15350 train=2.64012 val=None lr=0.000173131
2026-09-30 20:45:09,905 step=15360 train=2.67084 val=None lr=0.000172993
2026-09-30 20:45:10,516 step=15370 train=2.50957 val=None lr=0.000172855
2026-09-30 20:45:11,092 step=15380 train=2.46454 val=None lr=0.000172716
2026-09-30 20:45:11,682 step=15390 train=2.37949 val=None lr=0.000172578
2026-09-30 20:45:12,606 step=15400 train=2.30718 val=2.3923574805259706 lr=0.00017244
2026-09-30 20:45:13,140 step=15410 train=2.27054 val=None lr=0.000172302
2026-09-30 20:45:13,719 step=15420 train=2.58659 val=None lr=0.000172163
2026-09-30 20:45:14,271 step=15430 train=2.31575 val=None lr=0.000172025
2026-09-30 20:45:14,885 step=15440 train=2.43228 val=None lr=0.000171887
2026-09-30 20:45:15,446 step=15450 train=2.19258 val=None lr=0.000171748
2026-09-30 20:45:15,995 step=15460 train=2.39921 val=None lr=0.00017161
2026-09-30 20:45:16,655 step=15470 train=2.41205 val=None lr=0.000171472
2026-09-30 20:45:17,150 step=15480 train=2.19765 val=None lr=0.000171333
2026-09-30 20:45:17,680 step=15490 train=2.35741 val=None lr=0.000171195
2026-09-30 20:45:18,587 step=15500 train=2.31553 val=2.3893107771873474 lr=0.000171057
2026-09-30 20:45:19,494 step=15510 train=2.25141 val=None lr=0.000170918
2026-09-30 20:45:20,002 step=15520 train=2.40642 val=None lr=0.00017078
2026-09-30 20:45:20,671 step=15530 train=2.42166 val=None lr=0.000170642
2026-09-30 20:45:21,400 step=15540 train=2.44355 val=None lr=0.000170503
2026-09-30 20:45:21,967 step=15550 train=2.20893 val=None lr=0.000170365
2026-09-30 20:45:22,558 step=15560 train=2.59711 val=None lr=0.000170227
2026-09-30 20:45:23,147 step=15570 train=2.62103 val=None lr=0.000170088
2026-09-30 20:45:23,675 step=15580 train=2.37288 val=None lr=0.00016995
2026-09-30 20:45:24,225 step=15590 train=2.52320 val=None lr=0.000169811
2026-09-30 20:45:25,161 step=15600 train=2.40643 val=2.3888830661773683 lr=0.000169673
2026-09-30 20:45:25,944 step=15610 train=2.47580 val=None lr=0.000169535
2026-09-30 20:45:24,227 step=15620 train=2.14784 val=None lr=0.000169396
2026-09-30 20:45:24,947 step=15630 train=2.41475 val=None lr=0.000169258
2026-09-30 20:45:25,522 step=15640 train=2.56991 val=None lr=0.000169119
2026-09-30 20:45:26,042 step=15650 train=2.73998 val=None lr=0.000168981
2026-09-30 20:45:26,597 step=15660 train=2.16182 val=None lr=0.000168842
2026-09-30 20:45:27,315 step=15670 train=2.30149 val=None lr=0.000168704
2026-09-30 20:45:27,894 step=15680 train=2.69832 val=None lr=0.000168566
2026-09-30 20:45:28,515 step=15690 train=2.34051 val=None lr=0.000168427
2026-09-30 20:45:29,624 step=15700 train=2.64779 val=2.3874712586402893 lr=0.000168289
2026-09-30 20:45:30,298 step=15710 train=2.45889 val=None lr=0.00016815
2026-09-30 20:45:30,935 step=15720 train=2.52794 val=None lr=0.000168012
2026-09-30 20:45:31,542 step=15730 train=2.52806 val=None lr=0.000167873
2026-09-30 20:45:32,327 step=15740 train=2.50408 val=None lr=0.000167735
2026-09-30 20:45:32,887 step=15750 train=2.51813 val=None lr=0.000167596
2026-09-30 20:45:33,566 step=15760 train=2.47601 val=None lr=0.000167458
2026-09-30 20:45:34,136 step=15770 train=2.32563 val=None lr=0.00016732
2026-09-30 20:45:34,876 step=15780 train=2.63706 val=None lr=0.000167181
2026-09-30 20:45:35,583 step=15790 train=2.70587 val=None lr=0.000167043
2026-09-30 20:45:36,724 step=15800 train=2.37554 val=2.3824257373809816 lr=0.000166904
2026-09-30 20:45:37,311 step=15810 train=2.48965 val=None lr=0.000166766
2026-09-30 20:45:37,905 step=15820 train=2.66850 val=None lr=0.000166627
2026-09-30 20:45:38,535 step=15830 train=2.73264 val=None lr=0.000166489
2026-09-30 20:45:39,140 step=15840 train=2.24655 val=None lr=0.00016635
2026-09-30 20:45:39,706 step=15850 train=2.72463 val=None lr=0.000166212
2026-09-30 20:45:40,252 step=15860 train=2.84064 val=None lr=0.000166073
2026-09-30 20:45:40,925 step=15870 train=2.47777 val=None lr=0.000165935
2026-09-30 20:45:41,566 step=15880 train=2.32858 val=None lr=0.000165796
2026-09-30 20:45:42,212 step=15890 train=2.17155 val=None lr=0.000165658
2026-09-30 20:45:43,113 step=15900 train=2.49758 val=2.382853615283966 lr=0.000165519
2026-09-30 20:45:43,734 step=15910 train=2.38902 val=None lr=0.000165381
2026-09-30 20:45:44,360 step=15920 train=2.37680 val=None lr=0.000165242
2026-09-30 20:45:45,206 step=15930 train=2.32518 val=None lr=0.000165104
2026-09-30 20:45:45,765 step=15940 train=2.50180 val=None lr=0.000164965
2026-09-30 20:45:46,438 step=15950 train=2.62068 val=None lr=0.000164827
2026-09-30 20:45:46,942 step=15960 train=2.08546 val=None lr=0.000164688
2026-09-30 20:45:47,619 step=15970 train=2.32986 val=None lr=0.00016455
2026-09-30 20:45:48,253 step=15980 train=2.41071 val=None lr=0.000164411
2026-09-30 20:45:49,097 step=15990 train=2.45957 val=None lr=0.000164273
2026-09-30 20:45:50,037 step=16000 train=2.46025 val=2.3798476338386534 lr=0.000164134
2026-09-30 20:45:50,888 step=16010 train=2.71273 val=None lr=0.000163996
2026-09-30 20:45:51,431 step=16020 train=2.27147 val=None lr=0.000163857
2026-09-30 20:45:51,984 step=16030 train=2.52070 val=None lr=0.000163719
2026-09-30 20:45:52,523 step=16040 train=2.35004 val=None lr=0.000163581
2026-09-30 20:45:53,053 step=16050 train=2.34752 val=None lr=0.000163442
2026-09-30 20:45:53,939 step=16060 train=2.46721 val=None lr=0.000163304
2026-09-30 20:45:54,470 step=16070 train=2.48572 val=None lr=0.000163165
2026-09-30 20:45:55,093 step=16080 train=2.41168 val=None lr=0.000163027
2026-09-30 20:45:55,800 step=16090 train=2.40425 val=None lr=0.000162888
2026-09-30 20:45:54,464 step=16100 train=2.65893 val=2.3796546816825868 lr=0.00016275
2026-09-30 20:45:55,078 step=16110 train=2.50481 val=None lr=0.000162611
2026-09-30 20:45:55,729 step=16120 train=2.24117 val=None lr=0.000162473
2026-09-30 20:45:56,332 step=16130 train=2.41021 val=None lr=0.000162334
2026-09-30 20:45:56,864 step=16140 train=2.51062 val=None lr=0.000162196
2026-09-30 20:45:57,386 step=16150 train=2.35904 val=None lr=0.000162057
2026-09-30 20:45:57,961 step=16160 train=2.38330 val=None lr=0.000161919
2026-09-30 20:45:58,529 step=16170 train=2.25828 val=None lr=0.00016178
2026-09-30 20:45:59,104 step=16180 train=2.28298 val=None lr=0.000161642
2026-09-30 20:45:59,699 step=16190 train=2.14473 val=None lr=0.000161504
2026-09-30 20:46:00,620 step=16200 train=2.34195 val=2.372945272922516 lr=0.000161365
2026-09-30 20:46:01,188 step=16210 train=2.12349 val=None lr=0.000161227
2026-09-30 20:46:01,760 step=16220 train=2.29601 val=None lr=0.000161088
2026-09-30 20:46:02,292 step=16230 train=2.34375 val=None lr=0.00016095
2026-09-30 20:46:02,870 step=16240 train=2.56356 val=None lr=0.000160811
2026-09-30 20:46:03,431 step=16250 train=2.39662 val=None lr=0.000160673
2026-09-30 20:46:03,984 step=16260 train=2.21727 val=None lr=0.000160535
2026-09-30 20:46:04,582 step=16270 train=2.34560 val=None lr=0.000160396
2026-09-30 20:46:05,103 step=16280 train=2.54969 val=None lr=0.000160258
2026-09-30 20:46:05,713 step=16290 train=2.66847 val=None lr=0.000160119
2026-09-30 20:46:06,643 step=16300 train=2.42061 val=2.371433424949646 lr=0.000159981
2026-09-30 20:46:07,289 step=16310 train=2.37273 val=None lr=0.000159843
2026-09-30 20:46:07,945 step=16320 train=2.81141 val=None lr=0.000159704
2026-09-30 20:46:08,497 step=16330 train=2.49343 val=None lr=0.000159566
2026-09-30 20:46:09,148 step=16340 train=2.21432 val=None lr=0.000159428
2026-09-30 20:46:09,794 step=16350 train=2.44202 val=None lr=0.000159289
2026-09-30 20:46:10,428 step=16360 train=2.43381 val=None lr=0.000159151
2026-09-30 20:46:11,004 step=16370 train=2.36367 val=None lr=0.000159012
2026-09-30 20:46:11,560 step=16380 train=2.32389 val=None lr=0.000158874
2026-09-30 20:46:12,079 step=16390 train=2.15915 val=None lr=0.000158736
2026-09-30 20:46:13,242 step=16400 train=2.35208 val=2.3695603251457213 lr=0.000158597
2026-09-30 20:46:13,943 step=16410 train=2.69634 val=None lr=0.000158459
2026-09-30 20:46:14,513 step=16420 train=2.21434 val=None lr=0.000158321
2026-09-30 20:46:15,074 step=16430 train=2.56423 val=None lr=0.000158182
2026-09-30 20:46:15,807 step=16440 train=2.13433 val=None lr=0.000158044
2026-09-30 20:46:16,355 step=16450 train=2.32021 val=None lr=0.000157906
2026-09-30 20:46:16,906 step=16460 train=2.22577 val=None lr=0.000157768
2026-09-30 20:46:17,416 step=16470 train=2.43205 val=None lr=0.000157629
2026-09-30 20:46:18,065 step=16480 train=2.27967 val=None lr=0.000157491
2026-09-30 20:46:18,817 step=16490 train=2.43210 val=None lr=0.000157353
2026-09-30 20:46:20,121 step=16500 train=2.41963 val=2.365604269504547 lr=0.000157214
2026-09-30 20:46:21,089 step=16510 train=2.42455 val=None lr=0.000157076
2026-09-30 20:46:21,723 step=16520 train=2.21972 val=None lr=0.000156938
2026-09-30 20:46:22,245 step=16530 train=2.42419 val=None lr=0.0001568
2026-09-30 20:46:22,910 step=16540 train=2.54354 val=None lr=0.000156661
2026-09-30 20:46:23,537 step=16550 train=2.51144 val=None lr=0.000156523
2026-09-30 20:46:24,143 step=16560 train=2.43439 val=None lr=0.000156385
2026-09-30 20:46:24,683 step=16570 train=2.38975 val=None lr=0.000156247
2026-09-30 20:46:25,235 step=16580 train=2.26236 val=None lr=0.000156109
2026-09-30 20:46:25,793 step=16590 train=2.80875 val=None lr=0.00015597
2026-09-30 20:46:26,720 step=16600 train=2.33417 val=2.363274872303009 lr=0.000155832
2026-09-30 20:46:25,060 step=16610 train=2.31044 val=None lr=0.000155694
2026-09-30 20:46:25,634 step=16620 train=2.59469 val=None lr=0.000155556
2026-09-30 20:46:26,383 step=16630 train=2.35652 val=None lr=0.000155418
2026-09-30 20:46:26,919 step=16640 train=2.53520 val=None lr=0.00015528
2026-09-30 20:46:27,672 step=16650 train=2.74696 val=None lr=0.000155142
2026-09-30 20:46:28,202 step=16660 train=2.05076 val=None lr=0.000155004
2026-09-30 20:46:28,745 step=16670 train=2.58456 val=None lr=0.000154865
2026-09-30 20:46:29,347 step=16680 train=2.17408 val=None lr=0.000154727
2026-09-30 20:46:30,430 step=16690 train=2.56784 val=None lr=0.000154589
2026-09-30 20:46:31,369 step=16700 train=2.52492 val=2.3591695547103884 lr=0.000154451
2026-09-30 20:46:31,970 step=16710 train=2.39476 val=None lr=0.000154313
2026-09-30 20:46:32,646 step=16720 train=2.68147 val=None lr=0.000154175
2026-09-30 20:46:33,300 step=16730 train=2.55560 val=None lr=0.000154037
2026-09-30 20:46:33,908 step=16740 train=2.35776 val=None lr=0.000153899
2026-09-30 20:46:34,438 step=16750 train=2.50393 val=None lr=0.000153761
2026-09-30 20:46:34,900 step=16760 train=2.73188 val=None lr=0.000153623
2026-09-30 20:46:35,505 step=16770 train=2.56246 val=None lr=0.000153485
2026-09-30 20:46:36,010 step=16780 train=2.59640 val=None lr=0.000153347
2026-09-30 20:46:36,676 step=16790 train=2.43109 val=None lr=0.000153209
2026-09-30 20:46:37,563 step=16800 train=2.32374 val=2.3600251197814943 lr=0.000153071
2026-09-30 20:46:38,222 step=16810 train=2.09221 val=None lr=0.000152933
2026-09-30 20:46:38,930 step=16820 train=2.49744 val=None lr=0.000152795
2026-09-30 20:46:39,622 step=16830 train=2.68561 val=None lr=0.000152657
2026-09-30 20:46:40,326 step=16840 train=2.33567 val=None lr=0.000152519
2026-09-30 20:46:40,915 step=16850 train=2.36040 val=None lr=0.000152382
2026-09-30 20:46:41,752 step=16860 train=2.17166 val=None lr=0.000152244
2026-09-30 20:46:42,311 step=16870 train=2.55586 val=None lr=0.000152106
2026-09-30 20:46:43,153 step=16880 train=2.35199 val=None lr=0.000151968
2026-09-30 20:46:43,693 step=16890 train=2.28637 val=None lr=0.00015183
2026-09-30 20:46:44,580 step=16900 train=2.66573 val=2.3575799584388735 lr=0.000151692
2026-09-30 20:46:45,128 step=16910 train=2.46297 val=None lr=0.000151555
2026-09-30 20:46:45,693 step=16920 train=2.10954 val=None lr=0.000151417
2026-09-30 20:46:46,194 step=16930 train=2.26456 val=None lr=0.000151279
2026-09-30 20:46:46,720 step=16940 train=2.27144 val=None lr=0.000151141
2026-09-30 20:46:47,220 step=16950 train=2.78346 val=None lr=0.000151003
2026-09-30 20:46:47,870 step=16960 train=2.60343 val=None lr=0.000150866
2026-09-30 20:46:48,514 step=16970 train=2.36896 val=None lr=0.000150728
2026-09-30 20:46:49,092 step=16980 train=2.49922 val=None lr=0.00015059
2026-09-30 20:46:49,736 step=16990 train=2.38581 val=None lr=0.000150453
2026-09-30 20:46:50,703 step=17000 train=2.77540 val=2.3577407002449036 lr=0.000150315
2026-09-30 20:46:51,514 step=17010 train=2.32445 val=None lr=0.000150177
2026-09-30 20:46:52,083 step=17020 train=2.32444 val=None lr=0.00015004
2026-09-30 20:46:52,616 step=17030 train=2.46464 val=None lr=0.000149902
2026-09-30 20:46:53,234 step=17040 train=2.47646 val=None lr=0.000149764
2026-09-30 20:46:53,827 step=17050 train=2.27471 val=None lr=0.000149627
2026-09-30 20:46:54,458 step=17060 train=2.43190 val=None lr=0.000149489
2026-09-30 20:46:55,067 step=17070 train=2.52486 val=None lr=0.000149352
2026-09-30 20:46:55,651 step=17080 train=2.33211 val=None lr=0.000149214
2026-09-30 20:46:56,209 step=17090 train=2.38367 val=None lr=0.000149077
2026-09-30 20:46:57,087 step=17100 train=2.44109 val=2.356975281238556 lr=0.000148939
2026-09-30 20:46:55,550 step=17110 train=2.26254 val=None lr=0.000148802
2026-09-30 20:46:56,159 step=17120 train=2.36671 val=None lr=0.000148664
2026-09-30 20:46:56,723 step=17130 train=2.57390 val=None lr=0.000148527
2026-09-30 20:46:57,389 step=17140 train=2.33467 val=None lr=0.000148389
2026-09-30 20:46:57,972 step=17150 train=2.44874 val=None lr=0.000148252
2026-09-30 20:46:58,493 step=17160 train=2.42539 val=None lr=0.000148114
2026-09-30 20:46:59,166 step=17170 train=2.59560 val=None lr=0.000147977
2026-09-30 20:46:59,681 step=17180 train=2.39946 val=None lr=0.00014784
2026-09-30 20:47:00,248 step=17190 train=2.47712 val=None lr=0.000147702
2026-09-30 20:47:01,141 step=17200 train=2.33510 val=2.352335238456726 lr=0.000147565
2026-09-30 20:47:01,716 step=17210 train=2.28855 val=None lr=0.000147428
2026-09-30 20:47:02,242 step=17220 train=2.23415 val=None lr=0.00014729
2026-09-30 20:47:02,804 step=17230 train=2.80544 val=None lr=0.000147153
2026-09-30 20:47:03,365 step=17240 train=2.55742 val=None lr=0.000147016
2026-09-30 20:47:03,933 step=17250 train=2.46718 val=None lr=0.000146879
2026-09-30 20:47:04,640 step=17260 train=2.53251 val=None lr=0.000146741
2026-09-30 20:47:05,446 step=17270 train=2.33706 val=None lr=0.000146604
2026-09-30 20:47:06,002 step=17280 train=2.45409 val=None lr=0.000146467
2026-09-30 20:47:06,531 step=17290 train=2.53114 val=None lr=0.00014633
2026-09-30 20:47:07,646 step=17300 train=2.20118 val=2.3506165981292724 lr=0.000146193
2026-09-30 20:47:08,265 step=17310 train=2.54322 val=None lr=0.000146055
2026-09-30 20:47:08,842 step=17320 train=2.33364 val=None lr=0.000145918
2026-09-30 20:47:09,421 step=17330 train=2.41602 val=None lr=0.000145781
2026-09-30 20:47:09,992 step=17340 train=2.23605 val=None lr=0.000145644
2026-09-30 20:47:10,640 step=17350 train=2.55711 val=None lr=0.000145507
2026-09-30 20:47:11,241 step=17360 train=2.35208 val=None lr=0.00014537
2026-09-30 20:47:11,784 step=17370 train=2.63229 val=None lr=0.000145233
2026-09-30 20:47:12,375 step=17380 train=2.01125 val=None lr=0.000145096
2026-09-30 20:47:12,975 step=17390 train=2.66126 val=None lr=0.000144959
2026-09-30 20:47:13,982 step=17400 train=2.35953 val=2.349300003051758 lr=0.000144822
2026-09-30 20:47:14,500 step=17410 train=2.41615 val=None lr=0.000144685
2026-09-30 20:47:15,106 step=17420 train=2.31483 val=None lr=0.000144548
2026-09-30 20:47:15,719 step=17430 train=2.29707 val=None lr=0.000144412
2026-09-30 20:47:16,310 step=17440 train=2.41673 val=None lr=0.000144275
2026-09-30 20:47:16,994 step=17450 train=2.58661 val=None lr=0.000144138
2026-09-30 20:47:17,590 step=17460 train=2.60791 val=None lr=0.000144001
2026-09-30 20:47:18,145 step=17470 train=2.34991 val=None lr=0.000143864
2026-09-30 20:47:18,713 step=17480 train=2.38217 val=None lr=0.000143727
2026-09-30 20:47:19,260 step=17490 train=2.43440 val=None lr=0.000143591
2026-09-30 20:47:20,496 step=17500 train=2.26521 val=2.349166977405548 lr=0.000143454
2026-09-30 20:47:21,512 step=17510 train=2.05483 val=None lr=0.000143317
2026-09-30 20:47:22,057 step=17520 train=2.42799 val=None lr=0.000143181
2026-09-30 20:47:22,607 step=17530 train=2.18153 val=None lr=0.000143044
2026-09-30 20:47:23,195 step=17540 train=2.19784 val=None lr=0.000142907
2026-09-30 20:47:23,729 step=17550 train=2.32621 val=None lr=0.000142771
2026-09-30 20:47:24,284 step=17560 train=2.46229 val=None lr=0.000142634
2026-09-30 20:47:24,863 step=17570 train=2.06668 val=None lr=0.000142498
2026-09-30 20:47:25,393 step=17580 train=2.55734 val=None lr=0.000142361
2026-09-30 20:47:26,079 step=17590 train=2.51191 val=None lr=0.000142225
2026-09-30 20:47:27,219 step=17600 train=2.28627 val=2.3477582812309263 lr=0.000142088
2026-09-30 20:47:27,755 step=17610 train=2.29816 val=None lr=0.000141952
2026-09-30 20:47:26,119 step=17620 train=2.26235 val=None lr=0.000141815
2026-09-30 20:47:26,837 step=17630 train=2.17073 val=None lr=0.000141679
2026-09-30 20:47:27,495 step=17640 train=2.41786 val=None lr=0.000141542
2026-09-30 20:47:28,094 step=17650 train=2.34155 val=None lr=0.000141406
2026-09-30 20:47:28,681 step=17660 train=2.47811 val=None lr=0.00014127
2026-09-30 20:47:29,202 step=17670 train=2.23368 val=None lr=0.000141133
2026-09-30 20:47:29,784 step=17680 train=2.21150 val=None lr=0.000140997
2026-09-30 20:47:30,486 step=17690 train=2.33652 val=None lr=0.000140861
2026-09-30 20:47:31,571 step=17700 train=2.81656 val=2.342753255367279 lr=0.000140725
2026-09-30 20:47:32,310 step=17710 train=2.47995 val=None lr=0.000140588
2026-09-30 20:47:32,975 step=17720 train=2.80166 val=None lr=0.000140452
2026-09-30 20:47:33,517 step=17730 train=2.48624 val=None lr=0.000140316
2026-09-30 20:47:34,218 step=17740 train=2.73059 val=None lr=0.00014018
2026-09-30 20:47:34,875 step=17750 train=2.39850 val=None lr=0.000140044
2026-09-30 20:47:35,517 step=17760 train=2.08271 val=None lr=0.000139908
2026-09-30 20:47:36,118 step=17770 train=2.48999 val=None lr=0.000139772
2026-09-30 20:47:36,816 step=17780 train=2.53162 val=None lr=0.000139636
2026-09-30 20:47:37,476 step=17790 train=2.35500 val=None lr=0.0001395
2026-09-30 20:47:38,467 step=17800 train=2.47930 val=2.339282476902008 lr=0.000139364
2026-09-30 20:47:39,148 step=17810 train=2.53793 val=None lr=0.000139228
2026-09-30 20:47:39,754 step=17820 train=2.55910 val=None lr=0.000139092
2026-09-30 20:47:40,348 step=17830 train=2.66521 val=None lr=0.000138956
2026-09-30 20:47:40,937 step=17840 train=2.56601 val=None lr=0.00013882
2026-09-30 20:47:41,510 step=17850 train=2.58457 val=None lr=0.000138684
2026-09-30 20:47:42,119 step=17860 train=2.49192 val=None lr=0.000138548
2026-09-30 20:47:42,769 step=17870 train=2.04772 val=None lr=0.000138412
2026-09-30 20:47:43,362 step=17880 train=2.26461 val=None lr=0.000138277
2026-09-30 20:47:44,101 step=17890 train=2.51387 val=None lr=0.000138141
2026-09-30 20:47:45,115 step=17900 train=2.48028 val=2.3385129451751707 lr=0.000138005
2026-09-30 20:47:45,796 step=17910 train=2.32139 val=None lr=0.00013787
2026-09-30 20:47:46,363 step=17920 train=2.25216 val=None lr=0.000137734
2026-09-30 20:47:46,873 step=17930 train=2.41788 val=None lr=0.000137598
2026-09-30 20:47:47,387 step=17940 train=2.70337 val=None lr=0.000137463
2026-09-30 20:47:47,900 step=17950 train=2.29641 val=None lr=0.000137327
2026-09-30 20:47:48,418 step=17960 train=2.21278 val=None lr=0.000137192
2026-09-30 20:47:49,018 step=17970 train=2.40870 val=None lr=0.000137056
2026-09-30 20:47:49,571 step=17980 train=2.43173 val=None lr=0.000136921
2026-09-30 20:47:50,113 step=17990 train=2.48518 val=None lr=0.000136785
2026-09-30 20:47:51,136 step=18000 train=2.49574 val=2.3357951641082764 lr=0.00013665
2026-09-30 20:47:52,266 step=18010 train=2.55202 val=None lr=0.000136514
2026-09-30 20:47:52,813 step=18020 train=2.31772 val=None lr=0.000136379
2026-09-30 20:47:53,339 step=18030 train=2.18096 val=None lr=0.000136244
2026-09-30 20:47:53,811 step=18040 train=2.53036 val=None lr=0.000136108
2026-09-30 20:47:54,349 step=18050 train=2.48476 val=None lr=0.000135973
2026-09-30 20:47:54,858 step=18060 train=2.29587 val=None lr=0.000135838
2026-09-30 20:47:55,456 step=18070 train=2.56538 val=None lr=0.000135703
2026-09-30 20:47:56,129 step=18080 train=2.33702 val=None lr=0.000135568
2026-09-30 20:47:56,693 step=18090 train=2.43282 val=None lr=0.000135432
2026-09-30 20:47:57,538 step=18100 train=2.22633 val=2.333138036727905 lr=0.000135297
2026-09-30 20:47:56,040 step=18110 train=2.84479 val=None lr=0.000135162
2026-09-30 20:47:56,571 step=18120 train=2.70218 val=None lr=0.000135027
2026-09-30 20:47:57,047 step=18130 train=2.31750 val=None lr=0.000134892
2026-09-30 20:47:57,556 step=18140 train=2.13512 val=None lr=0.000134757
2026-09-30 20:47:58,171 step=18150 train=2.73430 val=None lr=0.000134622
2026-09-30 20:47:58,860 step=18160 train=2.46039 val=None lr=0.000134487
2026-09-30 20:47:59,505 step=18170 train=2.47182 val=None lr=0.000134352
2026-09-30 20:48:00,028 step=18180 train=2.29363 val=None lr=0.000134218
2026-09-30 20:48:00,527 step=18190 train=2.60918 val=None lr=0.000134083
2026-09-30 20:48:01,473 step=18200 train=2.44901 val=2.333773148059845 lr=0.000133948
2026-09-30 20:48:02,420 step=18210 train=2.32860 val=None lr=0.000133813
2026-09-30 20:48:03,168 step=18220 train=2.16045 val=None lr=0.000133678
2026-09-30 20:48:03,903 step=18230 train=2.36249 val=None lr=0.000133544
2026-09-30 20:48:04,568 step=18240 train=2.46387 val=None lr=0.000133409
2026-09-30 20:48:05,111 step=18250 train=2.55242 val=None lr=0.000133275
2026-09-30 20:48:05,705 step=18260 train=2.42584 val=None lr=0.00013314
2026-09-30 20:48:06,291 step=18270 train=2.57263 val=None lr=0.000133005
2026-09-30 20:48:06,819 step=18280 train=2.20534 val=None lr=0.000132871
2026-09-30 20:48:07,492 step=18290 train=2.31958 val=None lr=0.000132736
2026-09-30 20:48:08,569 step=18300 train=2.42879 val=2.3315438866615295 lr=0.000132602
2026-09-30 20:48:09,295 step=18310 train=2.28679 val=None lr=0.000132467
2026-09-30 20:48:09,897 step=18320 train=2.60193 val=None lr=0.000132333
2026-09-30 20:48:10,458 step=18330 train=2.51112 val=None lr=0.000132199
2026-09-30 20:48:11,017 step=18340 train=2.43478 val=None lr=0.000132064
2026-09-30 20:48:11,658 step=18350 train=2.28281 val=None lr=0.00013193
2026-09-30 20:48:12,301 step=18360 train=2.41097 val=None lr=0.000131796
2026-09-30 20:48:13,032 step=18370 train=2.31124 val=None lr=0.000131662
2026-09-30 20:48:13,636 step=18380 train=2.45056 val=None lr=0.000131527
2026-09-30 20:48:14,303 step=18390 train=2.67717 val=None lr=0.000131393
2026-09-30 20:48:15,356 step=18400 train=2.35843 val=2.3316805005073546 lr=0.000131259
2026-09-30 20:48:15,892 step=18410 train=2.24820 val=None lr=0.000131125
2026-09-30 20:48:16,522 step=18420 train=2.36779 val=None lr=0.000130991
2026-09-30 20:48:17,119 step=18430 train=2.58811 val=None lr=0.000130857
2026-09-30 20:48:17,679 step=18440 train=2.50912 val=None lr=0.000130723
2026-09-30 20:48:18,242 step=18450 train=2.53996 val=None lr=0.000130589
2026-09-30 20:48:18,886 step=18460 train=2.15380 val=None lr=0.000130455
2026-09-30 20:48:19,518 step=18470 train=2.05826 val=None lr=0.000130321
2026-09-30 20:48:20,127 step=18480 train=2.33440 val=None lr=0.000130188
2026-09-30 20:48:20,666 step=18490 train=2.29444 val=None lr=0.000130054
2026-09-30 20:48:21,636 step=18500 train=2.21899 val=2.328335666656494 lr=0.00012992
2026-09-30 20:48:22,697 step=18510 train=2.34991 val=None lr=0.000129786
2026-09-30 20:48:23,247 step=18520 train=2.27406 val=None lr=0.000129653
2026-09-30 20:48:23,885 step=18530 train=2.47301 val=None lr=0.000129519
2026-09-30 20:48:24,621 step=18540 train=2.46714 val=None lr=0.000129385
2026-09-30 20:48:25,299 step=18550 train=2.38019 val=None lr=0.000129252
2026-09-30 20:48:25,843 step=18560 train=1.98182 val=None lr=0.000129118
2026-09-30 20:48:26,521 step=18570 train=2.55644 val=None lr=0.000128985
2026-09-30 20:48:27,159 step=18580 train=2.43333 val=None lr=0.000128851
2026-09-30 20:48:27,637 step=18590 train=2.12564 val=None lr=0.000128718
2026-09-30 20:48:26,578 step=18600 train=2.53646 val=2.3278509736061097 lr=0.000128585
2026-09-30 20:48:27,203 step=18610 train=2.35281 val=None lr=0.000128451
2026-09-30 20:48:27,758 step=18620 train=2.37635 val=None lr=0.000128318
2026-09-30 20:48:28,343 step=18630 train=2.32362 val=None lr=0.000128185
2026-09-30 20:48:28,980 step=18640 train=2.12758 val=None lr=0.000128052
2026-09-30 20:48:29,545 step=18650 train=2.74459 val=None lr=0.000127918
2026-09-30 20:48:30,104 step=18660 train=2.23429 val=None lr=0.000127785
2026-09-30 20:48:30,720 step=18670 train=2.31485 val=None lr=0.000127652
2026-09-30 20:48:31,255 step=18680 train=2.64479 val=None lr=0.000127519
2026-09-30 20:48:31,754 step=18690 train=2.37712 val=None lr=0.000127386
2026-09-30 20:48:32,783 step=18700 train=2.50101 val=2.3256319880485536 lr=0.000127253
2026-09-30 20:48:33,513 step=18710 train=2.20473 val=None lr=0.00012712
2026-09-30 20:48:34,120 step=18720 train=2.65842 val=None lr=0.000126987
2026-09-30 20:48:34,664 step=18730 train=2.29256 val=None lr=0.000126854
2026-09-30 20:48:35,359 step=18740 train=2.43179 val=None lr=0.000126722
2026-09-30 20:48:35,913 step=18750 train=2.17714 val=None lr=0.000126589
2026-09-30 20:48:36,447 step=18760 train=2.50189 val=None lr=0.000126456
2026-09-30 20:48:37,044 step=18770 train=2.25666 val=None lr=0.000126323
2026-09-30 20:48:37,656 step=18780 train=2.42848 val=None lr=0.000126191
2026-09-30 20:48:38,224 step=18790 train=2.46213 val=None lr=0.000126058
2026-09-30 20:48:39,237 step=18800 train=2.22637 val=2.322620666027069 lr=0.000125925
2026-09-30 20:48:39,830 step=18810 train=2.18148 val=None lr=0.000125793
2026-09-30 20:48:40,325 step=18820 train=2.33839 val=None lr=0.00012566
2026-09-30 20:48:41,012 step=18830 train=2.49175 val=None lr=0.000125528
2026-09-30 20:48:41,880 step=18840 train=2.24201 val=None lr=0.000125396
2026-09-30 20:48:42,510 step=18850 train=2.32802 val=None lr=0.000125263
2026-09-30 20:48:43,026 step=18860 train=2.21065 val=None lr=0.000125131
2026-09-30 20:48:43,589 step=18870 train=2.39717 val=None lr=0.000124999
2026-09-30 20:48:44,116 step=18880 train=2.44635 val=None lr=0.000124866
2026-09-30 20:48:44,713 step=18890 train=2.43536 val=None lr=0.000124734
2026-09-30 20:48:45,966 step=18900 train=2.11954 val=2.320703387260437 lr=0.000124602
2026-09-30 20:48:46,551 step=18910 train=2.36118 val=None lr=0.00012447
2026-09-30 20:48:47,140 step=18920 train=2.39324 val=None lr=0.000124338
2026-09-30 20:48:47,772 step=18930 train=2.60890 val=None lr=0.000124206
2026-09-30 20:48:48,286 step=18940 train=2.54698 val=None lr=0.000124074
2026-09-30 20:48:48,842 step=18950 train=2.18625 val=None lr=0.000123942
2026-09-30 20:48:49,450 step=18960 train=2.47395 val=None lr=0.00012381
2026-09-30 20:48:50,122 step=18970 train=2.21993 val=None lr=0.000123678
2026-09-30 20:48:50,633 step=18980 train=2.33937 val=None lr=0.000123546
2026-09-30 20:48:51,231 step=18990 train=2.26586 val=None lr=0.000123414
2026-09-30 20:48:52,263 step=19000 train=2.60221 val=2.319307243824005 lr=0.000123283
2026-09-30 20:48:53,164 step=19010 train=2.70755 val=None lr=0.000123151
2026-09-30 20:48:53,726 step=19020 train=2.24936 val=None lr=0.000123019
2026-09-30 20:48:54,429 step=19030 train=2.61255 val=None lr=0.000122888
2026-09-30 20:48:54,920 step=19040 train=2.43538 val=None lr=0.000122756
2026-09-30 20:48:55,477 step=19050 train=2.37619 val=None lr=0.000122625
2026-09-30 20:48:56,018 step=19060 train=2.52110 val=None lr=0.000122493
2026-09-30 20:48:56,514 step=19070 train=2.28690 val=None lr=0.000122362
2026-09-30 20:48:57,191 step=19080 train=2.67442 val=None lr=0.00012223
2026-09-30 20:48:57,732 step=19090 train=2.19463 val=None lr=0.000122099
2026-09-30 20:48:58,700 step=19100 train=2.49302 val=2.315133833885193 lr=0.000121968
2026-09-30 20:48:57,120 step=19110 train=2.46422 val=None lr=0.000121837
2026-09-30 20:48:57,671 step=19120 train=2.32442 val=None lr=0.000121705
2026-09-30 20:48:58,167 step=19130 train=2.40917 val=None lr=0.000121574
2026-09-30 20:48:58,727 step=19140 train=2.32729 val=None lr=0.000121443
2026-09-30 20:48:59,317 step=19150 train=2.39168 val=None lr=0.000121312
2026-09-30 20:48:59,873 step=19160 train=2.31088 val=None lr=0.000121181
2026-09-30 20:49:00,404 step=19170 train=2.41192 val=None lr=0.00012105
2026-09-30 20:49:00,913 step=19180 train=2.64382 val=None lr=0.000120919
2026-09-30 20:49:01,536 step=19190 train=2.39286 val=None lr=0.000120788
2026-09-30 20:49:02,410 step=19200 train=2.41631 val=2.3151517152786254 lr=0.000120657
2026-09-30 20:49:03,106 step=19210 train=2.44588 val=None lr=0.000120527
2026-09-30 20:49:03,638 step=19220 train=2.28010 val=None lr=0.000120396
2026-09-30 20:49:04,225 step=19230 train=2.42519 val=None lr=0.000120265
2026-09-30 20:49:04,774 step=19240 train=2.23979 val=None lr=0.000120135
2026-09-30 20:49:05,334 step=19250 train=2.32158 val=None lr=0.000120004
2026-09-30 20:49:05,842 step=19260 train=2.33628 val=None lr=0.000119874
2026-09-30 20:49:06,353 step=19270 train=2.52835 val=None lr=0.000119743
2026-09-30 20:49:06,935 step=19280 train=2.52948 val=None lr=0.000119613
2026-09-30 20:49:07,481 step=19290 train=2.47709 val=None lr=0.000119482
2026-09-30 20:49:08,409 step=19300 train=2.18838 val=2.3109458923339843 lr=0.000119352
2026-09-30 20:49:08,958 step=19310 train=2.79888 val=None lr=0.000119222
2026-09-30 20:49:09,519 step=19320 train=2.72095 val=None lr=0.000119091
2026-09-30 20:49:10,110 step=19330 train=2.20257 val=None lr=0.000118961
2026-09-30 20:49:10,770 step=19340 train=2.28630 val=None lr=0.000118831
2026-09-30 20:49:11,346 step=19350 train=2.37739 val=None lr=0.000118701
2026-09-30 20:49:11,905 step=19360 train=2.27036 val=None lr=0.000118571
2026-09-30 20:49:12,427 step=19370 train=2.28184 val=None lr=0.000118441
2026-09-30 20:49:13,080 step=19380 train=2.23707 val=None lr=0.000118311
2026-09-30 20:49:13,848 step=19390 train=2.58728 val=None lr=0.000118181
2026-09-30 20:49:14,803 step=19400 train=2.26364 val=2.3132975935935973 lr=0.000118051
2026-09-30 20:49:15,525 step=19410 train=2.11407 val=None lr=0.000117921
2026-09-30 20:49:16,195 step=19420 train=2.29127 val=None lr=0.000117791
2026-09-30 20:49:16,792 step=19430 train=2.10891 val=None lr=0.000117662
2026-09-30 20:49:17,644 step=19440 train=2.54379 val=None lr=0.000117532
2026-09-30 20:49:18,289 step=19450 train=2.35714 val=None lr=0.000117402
2026-09-30 20:49:18,763 step=19460 train=2.64624 val=None lr=0.000117273
2026-09-30 20:49:19,548 step=19470 train=2.41600 val=None lr=0.000117143
2026-09-30 20:49:20,060 step=19480 train=2.19939 val=None lr=0.000117014
2026-09-30 20:49:20,551 step=19490 train=2.37148 val=None lr=0.000116884
2026-09-30 20:49:21,385 step=19500 train=2.25712 val=2.31172970533371 lr=0.000116755
2026-09-30 20:49:22,239 step=19510 train=2.65710 val=None lr=0.000116626
2026-09-30 20:49:22,802 step=19520 train=2.33866 val=None lr=0.000116496
2026-09-30 20:49:23,446 step=19530 train=2.39893 val=None lr=0.000116367
2026-09-30 20:49:24,020 step=19540 train=2.20064 val=None lr=0.000116238
2026-09-30 20:49:24,764 step=19550 train=2.05963 val=None lr=0.000116109
2026-09-30 20:49:25,440 step=19560 train=2.44027 val=None lr=0.00011598
2026-09-30 20:49:25,970 step=19570 train=2.24829 val=None lr=0.000115851
2026-09-30 20:49:26,457 step=19580 train=2.28912 val=None lr=0.000115722
2026-09-30 20:49:26,934 step=19590 train=2.04973 val=None lr=0.000115593
2026-09-30 20:49:28,071 step=19600 train=2.43479 val=2.3047696590423583 lr=0.000115464
2026-09-30 20:49:28,602 step=19610 train=2.26127 val=None lr=0.000115335
2026-09-30 20:49:27,074 step=19620 train=2.39393 val=None lr=0.000115207
2026-09-30 20:49:27,650 step=19630 train=2.17139 val=None lr=0.000115078
2026-09-30 20:49:28,249 step=19640 train=2.14427 val=None lr=0.000114949
2026-09-30 20:49:28,807 step=19650 train=2.43461 val=None lr=0.000114821
2026-09-30 20:49:29,372 step=19660 train=2.50801 val=None lr=0.000114692
2026-09-30 20:49:29,914 step=19670 train=2.40548 val=None lr=0.000114564
2026-09-30 20:49:30,480 step=19680 train=2.53662 val=None lr=0.000114435
2026-09-30 20:49:31,029 step=19690 train=2.05043 val=None lr=0.000114307
2026-09-30 20:49:31,839 step=19700 train=2.43656 val=2.3069836497306824 lr=0.000114179
2026-09-30 20:49:32,307 step=19710 train=2.47655 val=None lr=0.00011405
2026-09-30 20:49:32,903 step=19720 train=2.30933 val=None lr=0.000113922
2026-09-30 20:49:33,454 step=19730 train=2.54158 val=None lr=0.000113794
2026-09-30 20:49:34,058 step=19740 train=2.37712 val=None lr=0.000113666
2026-09-30 20:49:34,688 step=19750 train=2.41336 val=None lr=0.000113538
2026-09-30 20:49:35,515 step=19760 train=2.37751 val=None lr=0.00011341
2026-09-30 20:49:36,396 step=19770 train=2.46538 val=None lr=0.000113282
2026-09-30 20:49:37,056 step=19780 train=2.18985 val=None lr=0.000113154
2026-09-30 20:49:37,817 step=19790 train=2.20882 val=None lr=0.000113026
2026-09-30 20:49:38,889 step=19800 train=2.53794 val=2.3016344547271728 lr=0.000112898
2026-09-30 20:49:39,700 step=19810 train=2.37193 val=None lr=0.000112771
2026-09-30 20:49:40,356 step=19820 train=2.07725 val=None lr=0.000112643
2026-09-30 20:49:41,093 step=19830 train=2.37451 val=None lr=0.000112515
2026-09-30 20:49:41,825 step=19840 train=2.39538 val=None lr=0.000112388
2026-09-30 20:49:42,398 step=19850 train=2.21607 val=None lr=0.00011226
2026-09-30 20:49:42,954 step=19860 train=2.42010 val=None lr=0.000112133
2026-09-30 20:49:43,489 step=19870 train=2.25648 val=None lr=0.000112005
2026-09-30 20:49:44,043 step=19880 train=2.63665 val=None lr=0.000111878
2026-09-30 20:49:44,617 step=19890 train=2.09196 val=None lr=0.000111751
2026-09-30 20:49:45,466 step=19900 train=2.30034 val=2.3023693680763246 lr=0.000111623
2026-09-30 20:49:46,047 step=19910 train=2.35457 val=None lr=0.000111496
2026-09-30 20:49:46,645 step=19920 train=2.36093 val=None lr=0.000111369
2026-09-30 20:49:47,252 step=19930 train=2.21992 val=None lr=0.000111242
2026-09-30 20:49:47,899 step=19940 train=2.35353 val=None lr=0.000111115
2026-09-30 20:49:48,492 step=19950 train=2.38350 val=None lr=0.000110988
2026-09-30 20:49:49,075 step=19960 train=2.28524 val=None lr=0.000110861
2026-09-30 20:49:49,723 step=19970 train=2.11862 val=None lr=0.000110734
2026-09-30 20:49:50,289 step=19980 train=2.38051 val=None lr=0.000110608
2026-09-30 20:49:50,890 step=19990 train=2.29857 val=None lr=0.000110481
2026-09-30 20:49:51,785 step=20000 train=2.30598 val=2.303851342201233 lr=0.000110354
2026-09-30 20:49:52,832 step=20010 train=2.34825 val=None lr=0.000110228
2026-09-30 20:49:53,354 step=20020 train=2.11697 val=None lr=0.000110101
2026-09-30 20:49:54,017 step=20030 train=2.22891 val=None lr=0.000109975
2026-09-30 20:49:54,586 step=20040 train=2.33331 val=None lr=0.000109848
2026-09-30 20:49:55,112 step=20050 train=2.32785 val=None lr=0.000109722
2026-09-30 20:49:55,691 step=20060 train=2.48314 val=None lr=0.000109595
2026-09-30 20:49:56,200 step=20070 train=2.41219 val=None lr=0.000109469
2026-09-30 20:49:56,768 step=20080 train=2.45277 val=None lr=0.000109343
2026-09-30 20:49:57,344 step=20090 train=2.48956 val=None lr=0.000109217
2026-09-30 20:49:58,109 step=20100 train=2.31553 val=2.3027811527252195 lr=0.000109091
2026-09-30 20:49:58,869 step=20110 train=2.46486 val=None lr=0.000108965
2026-09-30 20:49:59,482 step=20120 train=2.58952 val=None lr=0.000108839
2026-09-30 20:49:58,019 step=20130 train=2.14231 val=None lr=0.000108713
2026-09-30 20:49:58,912 step=20140 train=2.26264 val=None lr=0.000108587
2026-09-30 20:49:59,506 step=20150 train=2.53856 val=None lr=0.000108461
2026-09-30 20:50:00,110 step=20160 train=2.33439 val=None lr=0.000108336
2026-09-30 20:50:01,037 step=20170 train=2.46816 val=None lr=0.00010821
2026-09-30 20:50:01,841 step=20180 train=2.38532 val=None lr=0.000108084
2026-09-30 20:50:02,448 step=20190 train=2.54290 val=None lr=0.000107959
2026-09-30 20:50:03,458 step=20200 train=2.47707 val=2.2999958992004395 lr=0.000107833
2026-09-30 20:50:04,053 step=20210 train=2.26479 val=None lr=0.000107708
2026-09-30 20:50:04,579 step=20220 train=2.35589 val=None lr=0.000107582
2026-09-30 20:50:05,120 step=20230 train=2.47180 val=None lr=0.000107457
2026-09-30 20:50:05,730 step=20240 train=2.74430 val=None lr=0.000107332
2026-09-30 20:50:06,370 step=20250 train=2.24027 val=None lr=0.000107207
2026-09-30 20:50:07,038 step=20260 train=2.33213 val=None lr=0.000107082
2026-09-30 20:50:07,599 step=20270 train=2.05346 val=None lr=0.000106957
2026-09-30 20:50:08,188 step=20280 train=2.54151 val=None lr=0.000106832
2026-09-30 20:50:08,756 step=20290 train=2.28179 val=None lr=0.000106707
2026-09-30 20:50:09,886 step=20300 train=2.15487 val=2.302125644683838 lr=0.000106582
2026-09-30 20:50:10,430 step=20310 train=2.48652 val=None lr=0.000106457
2026-09-30 20:50:10,938 step=20320 train=2.38664 val=None lr=0.000106332
2026-09-30 20:50:11,485 step=20330 train=2.19820 val=None lr=0.000106207
2026-09-30 20:50:12,129 step=20340 train=2.56298 val=None lr=0.000106083
2026-09-30 20:50:12,697 step=20350 train=2.44301 val=None lr=0.000105958
2026-09-30 20:50:13,546 step=20360 train=2.26070 val=None lr=0.000105834
2026-09-30 20:50:14,321 step=20370 train=2.17567 val=None lr=0.000105709
2026-09-30 20:50:15,023 step=20380 train=2.42718 val=None lr=0.000105585
2026-09-30 20:50:15,605 step=20390 train=2.50229 val=None lr=0.000105461
2026-09-30 20:50:16,634 step=20400 train=2.50249 val=2.297754096984863 lr=0.000105336
2026-09-30 20:50:17,241 step=20410 train=2.26886 val=None lr=0.000105212
2026-09-30 20:50:17,836 step=20420 train=1.98647 val=None lr=0.000105088
2026-09-30 20:50:18,402 step=20430 train=2.58295 val=None lr=0.000104964
2026-09-30 20:50:19,076 step=20440 train=2.28613 val=None lr=0.00010484
2026-09-30 20:50:19,677 step=20450 train=2.44147 val=None lr=0.000104716
2026-09-30 20:50:20,250 step=20460 train=2.27293 val=None lr=0.000104592
2026-09-30 20:50:20,928 step=20470 train=2.47274 val=None lr=0.000104468
2026-09-30 20:50:21,474 step=20480 train=2.20516 val=None lr=0.000104345
2026-09-30 20:50:21,993 step=20490 train=2.42732 val=None lr=0.000104221
2026-09-30 20:50:23,103 step=20500 train=2.32839 val=2.296469306945801 lr=0.000104097
2026-09-30 20:50:24,118 step=20510 train=2.24869 val=None lr=0.000103974
2026-09-30 20:50:24,659 step=20520 train=2.26601 val=None lr=0.00010385
2026-09-30 20:50:25,284 step=20530 train=2.45794 val=None lr=0.000103727
2026-09-30 20:50:25,826 step=20540 train=2.31434 val=None lr=0.000103603
2026-09-30 20:50:26,312 step=20550 train=2.32237 val=None lr=0.00010348
2026-09-30 20:50:26,840 step=20560 train=2.28908 val=None lr=0.000103357
2026-09-30 20:50:27,537 step=20570 train=2.59579 val=None lr=0.000103234
2026-09-30 20:50:28,035 step=20580 train=2.45458 val=None lr=0.000103111
2026-09-30 20:50:28,526 step=20590 train=2.54357 val=None lr=0.000102987
2026-09-30 20:50:29,648 step=20600 train=2.55456 val=2.294413149356842 lr=0.000102864
2026-09-30 20:50:28,093 step=20610 train=2.39907 val=None lr=0.000102742
2026-09-30 20:50:28,676 step=20620 train=2.44868 val=None lr=0.000102619
2026-09-30 20:50:29,346 step=20630 train=2.20627 val=None lr=0.000102496
2026-09-30 20:50:29,968 step=20640 train=2.32302 val=None lr=0.000102373
2026-09-30 20:50:30,465 step=20650 train=2.42622 val=None lr=0.000102251
2026-09-30 20:50:31,049 step=20660 train=2.46190 val=None lr=0.000102128
2026-09-30 20:50:31,552 step=20670 train=2.56659 val=None lr=0.000102005
2026-09-30 20:50:32,120 step=20680 train=2.27764 val=None lr=0.000101883
2026-09-30 20:50:32,734 step=20690 train=2.44720 val=None lr=0.000101761
2026-09-30 20:50:33,927 step=20700 train=2.27824 val=2.2931122541427613 lr=0.000101638
2026-09-30 20:50:34,488 step=20710 train=2.40261 val=None lr=0.000101516
2026-09-30 20:50:35,163 step=20720 train=2.24480 val=None lr=0.000101394
2026-09-30 20:50:35,733 step=20730 train=2.37743 val=None lr=0.000101272
2026-09-30 20:50:36,230 step=20740 train=2.30070 val=None lr=0.00010115
2026-09-30 20:50:36,745 step=20750 train=2.58439 val=None lr=0.000101028
2026-09-30 20:50:37,452 step=20760 train=2.62789 val=None lr=0.000100906
2026-09-30 20:50:37,953 step=20770 train=2.47275 val=None lr=0.000100784
2026-09-30 20:50:38,564 step=20780 train=2.12928 val=None lr=0.000100662
2026-09-30 20:50:39,115 step=20790 train=2.54015 val=None lr=0.00010054
2026-09-30 20:50:40,086 step=20800 train=2.27332 val=2.2907913446426393 lr=0.000100419
2026-09-30 20:50:40,698 step=20810 train=2.35395 val=None lr=0.000100297
2026-09-30 20:50:41,234 step=20820 train=2.49853 val=None lr=0.000100176
2026-09-30 20:50:41,864 step=20830 train=2.57215 val=None lr=0.000100054
2026-09-30 20:50:42,587 step=20840 train=2.30291 val=None lr=9.99329e-05
2026-09-30 20:50:43,316 step=20850 train=2.03897 val=None lr=9.98116e-05
2026-09-30 20:50:43,838 step=20860 train=2.34030 val=None lr=9.96904e-05
2026-09-30 20:50:44,332 step=20870 train=2.14443 val=None lr=9.95692e-05
2026-09-30 20:50:44,930 step=20880 train=2.28358 val=None lr=9.94481e-05
2026-09-30 20:50:45,542 step=20890 train=2.42792 val=None lr=9.93271e-05
2026-09-30 20:50:46,422 step=20900 train=2.27676 val=2.2892746329307556 lr=9.92061e-05
2026-09-30 20:50:46,981 step=20910 train=2.44762 val=None lr=9.90852e-05
2026-09-30 20:50:47,543 step=20920 train=2.34349 val=None lr=9.89644e-05
2026-09-30 20:50:48,078 step=20930 train=2.38252 val=None lr=9.88436e-05
2026-09-30 20:50:49,078 step=20940 train=2.62955 val=None lr=9.8723e-05
2026-09-30 20:50:49,663 step=20950 train=2.41160 val=None lr=9.86024e-05
2026-09-30 20:50:50,273 step=20960 train=2.10741 val=None lr=9.84818e-05
2026-09-30 20:50:50,850 step=20970 train=2.22782 val=None lr=9.83613e-05
2026-09-30 20:50:51,456 step=20980 train=2.29936 val=None lr=9.82409e-05
2026-09-30 20:50:51,972 step=20990 train=2.92166 val=None lr=9.81206e-05
2026-09-30 20:50:52,764 step=21000 train=2.22037 val=2.2896398305892944 lr=9.80003e-05
2026-09-30 20:50:53,694 step=21010 train=2.57267 val=None lr=9.78801e-05
2026-09-30 20:50:54,397 step=21020 train=2.25828 val=None lr=9.776e-05
2026-09-30 20:50:54,945 step=21030 train=2.77038 val=None lr=9.764e-05
2026-09-30 20:50:55,631 step=21040 train=2.06675 val=None lr=9.752e-05
2026-09-30 20:50:56,124 step=21050 train=2.52262 val=None lr=9.74001e-05
2026-09-30 20:50:56,691 step=21060 train=2.43319 val=None lr=9.72802e-05
2026-09-30 20:50:57,402 step=21070 train=2.32586 val=None lr=9.71605e-05
2026-09-30 20:50:58,002 step=21080 train=2.15627 val=None lr=9.70408e-05
2026-09-30 20:50:58,474 step=21090 train=2.22201 val=None lr=9.69212e-05
2026-09-30 20:50:59,695 step=21100 train=2.31996 val=2.2857858777046203 lr=9.68016e-05
2026-09-30 20:51:00,343 step=21110 train=2.29673 val=None lr=9.66821e-05
2026-09-30 20:50:58,697 step=21120 train=2.36747 val=None lr=9.65627e-05
2026-09-30 20:50:59,329 step=21130 train=1.99192 val=None lr=9.64434e-05
2026-09-30 20:50:59,949 step=21140 train=2.39459 val=None lr=9.63241e-05
2026-09-30 20:51:00,695 step=21150 train=2.40194 val=None lr=9.62049e-05
2026-09-30 20:51:01,315 step=21160 train=2.30200 val=None lr=9.60858e-05
2026-09-30 20:51:01,889 step=21170 train=2.49200 val=None lr=9.59668e-05
2026-09-30 20:51:02,556 step=21180 train=2.59440 val=None lr=9.58478e-05
2026-09-30 20:51:03,240 step=21190 train=2.35473 val=None lr=9.57289e-05
2026-09-30 20:51:04,192 step=21200 train=2.20210 val=2.2863556146621704 lr=9.56101e-05
2026-09-30 20:51:04,757 step=21210 train=2.39395 val=None lr=9.54913e-05
2026-09-30 20:51:05,452 step=21220 train=2.48073 val=None lr=9.53726e-05
2026-09-30 20:51:06,082 step=21230 train=2.40147 val=None lr=9.5254e-05
2026-09-30 20:51:06,616 step=21240 train=2.34670 val=None lr=9.51355e-05
2026-09-30 20:51:07,208 step=21250 train=2.36947 val=None lr=9.5017e-05
2026-09-30 20:51:07,849 step=21260 train=2.34908 val=None lr=9.48986e-05
2026-09-30 20:51:08,461 step=21270 train=2.08123 val=None lr=9.47803e-05
2026-09-30 20:51:09,102 step=21280 train=2.48406 val=None lr=9.46621e-05
2026-09-30 20:51:09,700 step=21290 train=2.03386 val=None lr=9.45439e-05
2026-09-30 20:51:10,652 step=21300 train=2.26502 val=2.2856575727462767 lr=9.44258e-05
2026-09-30 20:51:11,255 step=21310 train=2.08623 val=None lr=9.43078e-05
2026-09-30 20:51:11,820 step=21320 train=2.13210 val=None lr=9.41898e-05
2026-09-30 20:51:12,349 step=21330 train=2.29904 val=None lr=9.4072e-05
2026-09-30 20:51:12,921 step=21340 train=2.23725 val=None lr=9.39542e-05
2026-09-30 20:51:13,575 step=21350 train=2.17866 val=None lr=9.38364e-05
2026-09-30 20:51:14,334 step=21360 train=2.36299 val=None lr=9.37188e-05
2026-09-30 20:51:14,945 step=21370 train=2.40609 val=None lr=9.36012e-05
2026-09-30 20:51:15,471 step=21380 train=2.39198 val=None lr=9.34837e-05
2026-09-30 20:51:16,017 step=21390 train=2.29506 val=None lr=9.33663e-05
2026-09-30 20:51:16,911 step=21400 train=2.10261 val=2.28472021818161 lr=9.3249e-05
2026-09-30 20:51:17,536 step=21410 train=2.13722 val=None lr=9.31317e-05
2026-09-30 20:51:18,087 step=21420 train=2.45453 val=None lr=9.30145e-05
2026-09-30 20:51:18,604 step=21430 train=2.27602 val=None lr=9.28974e-05
2026-09-30 20:51:19,271 step=21440 train=2.15454 val=None lr=9.27803e-05
2026-09-30 20:51:19,889 step=21450 train=2.56173 val=None lr=9.26634e-05
2026-09-30 20:51:20,632 step=21460 train=2.24332 val=None lr=9.25465e-05
2026-09-30 20:51:21,221 step=21470 train=2.36341 val=None lr=9.24297e-05
2026-09-30 20:51:21,851 step=21480 train=2.20792 val=None lr=9.23129e-05
2026-09-30 20:51:22,438 step=21490 train=2.33708 val=None lr=9.21963e-05
2026-09-30 20:51:23,389 step=21500 train=2.76453 val=2.281628119945526 lr=9.20797e-05
2026-09-30 20:51:24,420 step=21510 train=2.02882 val=None lr=9.19632e-05
2026-09-30 20:51:25,112 step=21520 train=2.16343 val=None lr=9.18468e-05
2026-09-30 20:51:25,665 step=21530 train=2.00252 val=None lr=9.17304e-05
2026-09-30 20:51:26,292 step=21540 train=2.30245 val=None lr=9.16141e-05
2026-09-30 20:51:26,974 step=21550 train=2.15033 val=None lr=9.14979e-05
2026-09-30 20:51:27,530 step=21560 train=2.34316 val=None lr=9.13818e-05
2026-09-30 20:51:28,046 step=21570 train=2.18387 val=None lr=9.12658e-05
2026-09-30 20:51:28,630 step=21580 train=2.31003 val=None lr=9.11498e-05
2026-09-30 20:51:29,102 step=21590 train=2.40960 val=None lr=9.10339e-05
2026-09-30 20:51:30,244 step=21600 train=2.15806 val=2.2800665140151977 lr=9.09181e-05
2026-09-30 20:51:30,797 step=21610 train=2.35128 val=None lr=9.08024e-05
2026-09-30 20:51:29,059 step=21620 train=2.36184 val=None lr=9.06867e-05
2026-09-30 20:51:29,506 step=21630 train=2.59228 val=None lr=9.05711e-05
2026-09-30 20:51:30,155 step=21640 train=2.40015 val=None lr=9.04556e-05
2026-09-30 20:51:30,823 step=21650 train=2.37995 val=None lr=9.03402e-05
2026-09-30 20:51:31,332 step=21660 train=2.14752 val=None lr=9.02249e-05
2026-09-30 20:51:31,824 step=21670 train=2.09673 val=None lr=9.01096e-05
2026-09-30 20:51:32,421 step=21680 train=2.63623 val=None lr=8.99944e-05
2026-09-30 20:51:33,050 step=21690 train=2.22355 val=None lr=8.98793e-05
2026-09-30 20:51:33,909 step=21700 train=2.45963 val=2.277421844005585 lr=8.97643e-05
2026-09-30 20:51:34,803 step=21710 train=2.46092 val=None lr=8.96493e-05
2026-09-30 20:51:35,481 step=21720 train=2.51704 val=None lr=8.95345e-05
2026-09-30 20:51:36,162 step=21730 train=2.59855 val=None lr=8.94197e-05
2026-09-30 20:51:36,659 step=21740 train=2.24582 val=None lr=8.9305e-05
2026-09-30 20:51:37,315 step=21750 train=2.03887 val=None lr=8.91903e-05
2026-09-30 20:51:37,862 step=21760 train=2.41550 val=None lr=8.90758e-05
2026-09-30 20:51:38,461 step=21770 train=2.17047 val=None lr=8.89613e-05
2026-09-30 20:51:39,061 step=21780 train=2.38546 val=None lr=8.88469e-05
2026-09-30 20:51:39,630 step=21790 train=2.51506 val=None lr=8.87326e-05
2026-09-30 20:51:40,544 step=21800 train=2.26590 val=2.278747797012329 lr=8.86184e-05
2026-09-30 20:51:41,027 step=21810 train=2.57288 val=None lr=8.85043e-05
2026-09-30 20:51:41,754 step=21820 train=2.46142 val=None lr=8.83902e-05
2026-09-30 20:51:42,218 step=21830 train=2.22018 val=None lr=8.82762e-05
2026-09-30 20:51:42,891 step=21840 train=2.53854 val=None lr=8.81623e-05
2026-09-30 20:51:43,484 step=21850 train=2.40092 val=None lr=8.80485e-05
2026-09-30 20:51:44,023 step=21860 train=2.36884 val=None lr=8.79347e-05
2026-09-30 20:51:44,483 step=21870 train=2.29450 val=None lr=8.78211e-05
2026-09-30 20:51:44,973 step=21880 train=2.02675 val=None lr=8.77075e-05
2026-09-30 20:51:45,568 step=21890 train=2.44364 val=None lr=8.7594e-05
2026-09-30 20:51:46,432 step=21900 train=2.08914 val=2.2782220005989076 lr=8.74805e-05
2026-09-30 20:51:47,058 step=21910 train=2.31011 val=None lr=8.73672e-05
2026-09-30 20:51:47,636 step=21920 train=2.36891 val=None lr=8.7254e-05
2026-09-30 20:51:48,156 step=21930 train=2.47004 val=None lr=8.71408e-05
2026-09-30 20:51:48,898 step=21940 train=2.32815 val=None lr=8.70277e-05
2026-09-30 20:51:49,481 step=21950 train=2.19307 val=None lr=8.69147e-05
2026-09-30 20:51:50,051 step=21960 train=2.16253 val=None lr=8.68017e-05
2026-09-30 20:51:50,746 step=21970 train=2.19889 val=None lr=8.66889e-05
2026-09-30 20:51:51,188 step=21980 train=2.29009 val=None lr=8.65761e-05
2026-09-30 20:51:51,723 step=21990 train=2.62034 val=None lr=8.64635e-05
2026-09-30 20:51:52,510 step=22000 train=2.05691 val=2.277919316291809 lr=8.63509e-05
2026-09-30 20:51:53,413 step=22010 train=2.49738 val=None lr=8.62383e-05
2026-09-30 20:51:54,149 step=22020 train=2.30619 val=None lr=8.61259e-05
2026-09-30 20:51:54,620 step=22030 train=2.11588 val=None lr=8.60136e-05
2026-09-30 20:51:55,284 step=22040 train=2.11059 val=None lr=8.59013e-05
2026-09-30 20:51:55,990 step=22050 train=2.20274 val=None lr=8.57891e-05
2026-09-30 20:51:56,955 step=22060 train=2.50629 val=None lr=8.5677e-05
2026-09-30 20:51:57,496 step=22070 train=2.17348 val=None lr=8.5565e-05
2026-09-30 20:51:58,152 step=22080 train=2.50848 val=None lr=8.54531e-05
2026-09-30 20:51:58,779 step=22090 train=2.61508 val=None lr=8.53412e-05
2026-09-30 20:52:00,086 step=22100 train=2.23114 val=2.2742823719978333 lr=8.52294e-05
2026-09-30 20:52:00,661 step=22110 train=2.30870 val=None lr=8.51178e-05
2026-09-30 20:51:59,034 step=22120 train=2.40371 val=None lr=8.50062e-05
2026-09-30 20:51:59,594 step=22130 train=2.44326 val=None lr=8.48946e-05
2026-09-30 20:52:00,167 step=22140 train=2.28338 val=None lr=8.47832e-05
2026-09-30 20:52:00,791 step=22150 train=2.65617 val=None lr=8.46719e-05
2026-09-30 20:52:01,392 step=22160 train=2.48366 val=None lr=8.45606e-05
2026-09-30 20:52:02,048 step=22170 train=2.14202 val=None lr=8.44494e-05
2026-09-30 20:52:02,615 step=22180 train=2.35570 val=None lr=8.43383e-05
2026-09-30 20:52:03,324 step=22190 train=2.38897 val=None lr=8.42273e-05
2026-09-30 20:52:04,232 step=22200 train=2.70023 val=2.2731722712516786 lr=8.41164e-05
2026-09-30 20:52:04,849 step=22210 train=2.12034 val=None lr=8.40056e-05
2026-09-30 20:52:05,460 step=22220 train=2.23614 val=None lr=8.38948e-05
2026-09-30 20:52:06,123 step=22230 train=2.46119 val=None lr=8.37842e-05
2026-09-30 20:52:06,794 step=22240 train=2.54425 val=None lr=8.36736e-05
2026-09-30 20:52:07,517 step=22250 train=2.31267 val=None lr=8.35631e-05
2026-09-30 20:52:08,292 step=22260 train=2.17512 val=None lr=8.34527e-05
2026-09-30 20:52:08,977 step=22270 train=2.11162 val=None lr=8.33424e-05
2026-09-30 20:52:09,534 step=22280 train=2.22531 val=None lr=8.32321e-05
2026-09-30 20:52:10,201 step=22290 train=2.30544 val=None lr=8.3122e-05
2026-09-30 20:52:11,126 step=22300 train=2.39367 val=2.2736371397972106 lr=8.30119e-05
2026-09-30 20:52:11,821 step=22310 train=2.34286 val=None lr=8.29019e-05
2026-09-30 20:52:12,427 step=22320 train=2.54339 val=None lr=8.2792e-05
2026-09-30 20:52:12,960 step=22330 train=2.41184 val=None lr=8.26822e-05
2026-09-30 20:52:13,588 step=22340 train=2.32385 val=None lr=8.25725e-05
2026-09-30 20:52:14,235 step=22350 train=2.31901 val=None lr=8.24629e-05
2026-09-30 20:52:14,858 step=22360 train=2.20112 val=None lr=8.23533e-05
2026-09-30 20:52:15,406 step=22370 train=2.27624 val=None lr=8.22439e-05
2026-09-30 20:52:15,988 step=22380 train=2.35714 val=None lr=8.21345e-05
2026-09-30 20:52:16,569 step=22390 train=2.15745 val=None lr=8.20252e-05
2026-09-30 20:52:17,660 step=22400 train=2.42593 val=2.272069573402405 lr=8.1916e-05
2026-09-30 20:52:18,312 step=22410 train=2.33330 val=None lr=8.18069e-05
2026-09-30 20:52:18,818 step=22420 train=2.29656 val=None lr=8.16979e-05
2026-09-30 20:52:19,350 step=22430 train=2.30804 val=None lr=8.1589e-05
2026-09-30 20:52:19,833 step=22440 train=2.21545 val=None lr=8.14801e-05
2026-09-30 20:52:20,711 step=22450 train=2.02194 val=None lr=8.13713e-05
2026-09-30 20:52:21,317 step=22460 train=2.23215 val=None lr=8.12627e-05
2026-09-30 20:52:21,879 step=22470 train=2.28117 val=None lr=8.11541e-05
2026-09-30 20:52:22,644 step=22480 train=2.10905 val=None lr=8.10456e-05
2026-09-30 20:52:23,214 step=22490 train=2.35229 val=None lr=8.09372e-05
2026-09-30 20:52:24,161 step=22500 train=2.34329 val=2.270274484157562 lr=8.08289e-05
2026-09-30 20:52:25,192 step=22510 train=2.41334 val=None lr=8.07206e-05
2026-09-30 20:52:25,720 step=22520 train=2.39416 val=None lr=8.06125e-05
2026-09-30 20:52:26,357 step=22530 train=2.15667 val=None lr=8.05045e-05
2026-09-30 20:52:26,964 step=22540 train=2.26191 val=None lr=8.03965e-05
2026-09-30 20:52:27,481 step=22550 train=2.17029 val=None lr=8.02886e-05
2026-09-30 20:52:28,063 step=22560 train=2.45272 val=None lr=8.01808e-05
2026-09-30 20:52:28,667 step=22570 train=2.26176 val=None lr=8.00731e-05
2026-09-30 20:52:29,238 step=22580 train=2.28022 val=None lr=7.99655e-05
2026-09-30 20:52:29,691 step=22590 train=2.19747 val=None lr=7.9858e-05
2026-09-30 20:52:30,527 step=22600 train=2.54350 val=2.2692460775375367 lr=7.97506e-05
2026-09-30 20:52:31,027 step=22610 train=2.20518 val=None lr=7.96433e-05
2026-09-30 20:52:29,494 step=22620 train=2.40284 val=None lr=7.9536e-05
2026-09-30 20:52:30,011 step=22630 train=2.09503 val=None lr=7.94289e-05
2026-09-30 20:52:30,542 step=22640 train=2.25079 val=None lr=7.93218e-05
2026-09-30 20:52:31,198 step=22650 train=1.96870 val=None lr=7.92148e-05
2026-09-30 20:52:31,740 step=22660 train=2.26715 val=None lr=7.91079e-05
2026-09-30 20:52:32,267 step=22670 train=2.42459 val=None lr=7.90011e-05
2026-09-30 20:52:32,819 step=22680 train=2.62296 val=None lr=7.88944e-05
2026-09-30 20:52:33,358 step=22690 train=2.41170 val=None lr=7.87878e-05
2026-09-30 20:52:34,233 step=22700 train=2.39716 val=2.2692388892173767 lr=7.86813e-05
2026-09-30 20:52:34,743 step=22710 train=2.06824 val=None lr=7.85748e-05
2026-09-30 20:52:35,264 step=22720 train=2.38090 val=None lr=7.84685e-05
2026-09-30 20:52:35,806 step=22730 train=1.94941 val=None lr=7.83623e-05
2026-09-30 20:52:36,322 step=22740 train=1.94085 val=None lr=7.82561e-05
2026-09-30 20:52:36,826 step=22750 train=2.24855 val=None lr=7.815e-05
2026-09-30 20:52:37,432 step=22760 train=2.25659 val=None lr=7.8044e-05
2026-09-30 20:52:38,065 step=22770 train=2.26464 val=None lr=7.79382e-05
2026-09-30 20:52:38,681 step=22780 train=2.15751 val=None lr=7.78324e-05
2026-09-30 20:52:39,352 step=22790 train=2.25580 val=None lr=7.77267e-05
2026-09-30 20:52:40,307 step=22800 train=2.11410 val=2.2676939964294434 lr=7.76211e-05
2026-09-30 20:52:41,055 step=22810 train=2.16210 val=None lr=7.75155e-05
2026-09-30 20:52:41,854 step=22820 train=2.04779 val=None lr=7.74101e-05
2026-09-30 20:52:42,481 step=22830 train=2.11201 val=None lr=7.73048e-05
2026-09-30 20:52:43,073 step=22840 train=2.35577 val=None lr=7.71995e-05
2026-09-30 20:52:43,961 step=22850 train=2.26352 val=None lr=7.70944e-05
2026-09-30 20:52:44,551 step=22860 train=2.45363 val=None lr=7.69893e-05
2026-09-30 20:52:45,221 step=22870 train=2.13502 val=None lr=7.68844e-05
2026-09-30 20:52:45,982 step=22880 train=2.45724 val=None lr=7.67795e-05
2026-09-30 20:52:46,555 step=22890 train=2.34437 val=None lr=7.66747e-05
2026-09-30 20:52:47,445 step=22900 train=2.29455 val=2.2671083569526673 lr=7.657e-05
2026-09-30 20:52:48,225 step=22910 train=2.16912 val=None lr=7.64654e-05
2026-09-30 20:52:48,755 step=22920 train=2.35681 val=None lr=7.63609e-05
2026-09-30 20:52:49,469 step=22930 train=2.03804 val=None lr=7.62565e-05
2026-09-30 20:52:50,090 step=22940 train=2.53550 val=None lr=7.61522e-05
2026-09-30 20:52:50,644 step=22950 train=2.41717 val=None lr=7.6048e-05
2026-09-30 20:52:51,241 step=22960 train=2.47626 val=None lr=7.59439e-05
2026-09-30 20:52:51,944 step=22970 train=2.26938 val=None lr=7.58398e-05
2026-09-30 20:52:52,595 step=22980 train=2.21262 val=None lr=7.57359e-05
2026-09-30 20:52:53,163 step=22990 train=2.16082 val=None lr=7.5632e-05
2026-09-30 20:52:54,387 step=23000 train=2.64200 val=2.266013967990875 lr=7.55283e-05
2026-09-30 20:52:55,401 step=23010 train=2.45376 val=None lr=7.54246e-05
2026-09-30 20:52:55,991 step=23020 train=2.47621 val=None lr=7.53211e-05
2026-09-30 20:52:56,723 step=23030 train=2.19579 val=None lr=7.52176e-05
2026-09-30 20:52:57,300 step=23040 train=2.38904 val=None lr=7.51142e-05
2026-09-30 20:52:57,852 step=23050 train=2.23622 val=None lr=7.50109e-05
2026-09-30 20:52:58,471 step=23060 train=2.19728 val=None lr=7.49078e-05
2026-09-30 20:52:59,005 step=23070 train=2.37390 val=None lr=7.48047e-05
2026-09-30 20:52:59,639 step=23080 train=2.34340 val=None lr=7.47017e-05
2026-09-30 20:53:00,218 step=23090 train=2.42458 val=None lr=7.45988e-05
2026-09-30 20:53:01,216 step=23100 train=2.39574 val=2.2655505537986755 lr=7.4496e-05
2026-09-30 20:52:59,612 step=23110 train=2.27486 val=None lr=7.43933e-05
2026-09-30 20:53:00,410 step=23120 train=2.79947 val=None lr=7.42907e-05
2026-09-30 20:53:00,875 step=23130 train=2.43683 val=None lr=7.41881e-05
2026-09-30 20:53:01,345 step=23140 train=2.13927 val=None lr=7.40857e-05
2026-09-30 20:53:01,830 step=23150 train=2.21752 val=None lr=7.39834e-05
2026-09-30 20:53:02,384 step=23160 train=2.10262 val=None lr=7.38812e-05
2026-09-30 20:53:03,034 step=23170 train=2.37253 val=None lr=7.3779e-05
2026-09-30 20:53:03,593 step=23180 train=2.20427 val=None lr=7.3677e-05
2026-09-30 20:53:04,218 step=23190 train=2.27817 val=None lr=7.3575e-05
2026-09-30 20:53:05,235 step=23200 train=2.21537 val=2.2653364777565 lr=7.34732e-05
2026-09-30 20:53:05,951 step=23210 train=2.43840 val=None lr=7.33714e-05
2026-09-30 20:53:06,602 step=23220 train=2.31210 val=None lr=7.32698e-05
2026-09-30 20:53:07,251 step=23230 train=2.33544 val=None lr=7.31682e-05
2026-09-30 20:53:07,890 step=23240 train=2.43959 val=None lr=7.30668e-05
2026-09-30 20:53:08,457 step=23250 train=2.49835 val=None lr=7.29654e-05
2026-09-30 20:53:08,991 step=23260 train=2.66369 val=None lr=7.28641e-05
2026-09-30 20:53:09,625 step=23270 train=2.14487 val=None lr=7.2763e-05
2026-09-30 20:53:10,314 step=23280 train=2.33139 val=None lr=7.26619e-05
2026-09-30 20:53:10,944 step=23290 train=2.11391 val=None lr=7.25609e-05
2026-09-30 20:53:11,895 step=23300 train=2.32490 val=2.2640785455703734 lr=7.246e-05
2026-09-30 20:53:12,573 step=23310 train=2.28342 val=None lr=7.23592e-05
2026-09-30 20:53:13,162 step=23320 train=2.09892 val=None lr=7.22586e-05
2026-09-30 20:53:13,738 step=23330 train=2.63698 val=None lr=7.2158e-05
2026-09-30 20:53:14,343 step=23340 train=2.17969 val=None lr=7.20575e-05
2026-09-30 20:53:15,037 step=23350 train=2.30230 val=None lr=7.19571e-05
2026-09-30 20:53:15,734 step=23360 train=2.33060 val=None lr=7.18568e-05
2026-09-30 20:53:16,414 step=23370 train=2.46384 val=None lr=7.17566e-05
2026-09-30 20:53:17,107 step=23380 train=2.22371 val=None lr=7.16565e-05
2026-09-30 20:53:17,665 step=23390 train=2.02556 val=None lr=7.15565e-05
2026-09-30 20:53:18,998 step=23400 train=2.03157 val=2.2614547491073607 lr=7.14566e-05
2026-09-30 20:53:19,820 step=23410 train=2.53062 val=None lr=7.13568e-05
2026-09-30 20:53:20,406 step=23420 train=2.39040 val=None lr=7.12571e-05
2026-09-30 20:53:21,076 step=23430 train=2.46596 val=None lr=7.11575e-05
2026-09-30 20:53:21,716 step=23440 train=2.15958 val=None lr=7.1058e-05
2026-09-30 20:53:22,273 step=23450 train=2.41743 val=None lr=7.09586e-05
2026-09-30 20:53:22,909 step=23460 train=2.24591 val=None lr=7.08593e-05
2026-09-30 20:53:23,478 step=23470 train=2.33468 val=None lr=7.07601e-05
2026-09-30 20:53:24,038 step=23480 train=2.52769 val=None lr=7.0661e-05
2026-09-30 20:53:24,645 step=23490 train=2.16191 val=None lr=7.05619e-05
2026-09-30 20:53:25,639 step=23500 train=2.31677 val=2.259696829319 lr=7.0463e-05
2026-09-30 20:53:26,786 step=23510 train=2.34504 val=None lr=7.03642e-05
2026-09-30 20:53:27,404 step=23520 train=2.21187 val=None lr=7.02655e-05
2026-09-30 20:53:27,996 step=23530 train=2.37057 val=None lr=7.01669e-05
2026-09-30 20:53:28,678 step=23540 train=2.50651 val=None lr=7.00684e-05
2026-09-30 20:53:29,564 step=23550 train=2.13959 val=None lr=6.997e-05
2026-09-30 20:53:30,279 step=23560 train=2.60931 val=None lr=6.98717e-05
2026-09-30 20:53:30,784 step=23570 train=2.23754 val=None lr=6.97734e-05
2026-09-30 20:53:31,426 step=23580 train=2.32080 val=None lr=6.96753e-05
2026-09-30 20:53:31,960 step=23590 train=2.28121 val=None lr=6.95773e-05
2026-09-30 20:53:30,923 step=23600 train=2.21785 val=2.2617011427879334 lr=6.94794e-05
2026-09-30 20:53:31,647 step=23610 train=2.58547 val=None lr=6.93816e-05
2026-09-30 20:53:32,260 step=23620 train=2.24888 val=None lr=6.92839e-05
2026-09-30 20:53:33,041 step=23630 train=2.30841 val=None lr=6.91863e-05
2026-09-30 20:53:33,841 step=23640 train=2.27330 val=None lr=6.90888e-05
2026-09-30 20:53:34,483 step=23650 train=2.26923 val=None lr=6.89913e-05
2026-09-30 20:53:35,061 step=23660 train=2.13730 val=None lr=6.8894e-05
2026-09-30 20:53:35,702 step=23670 train=2.24585 val=None lr=6.87968e-05
2026-09-30 20:53:36,171 step=23680 train=2.20585 val=None lr=6.86997e-05
2026-09-30 20:53:36,772 step=23690 train=2.54703 val=None lr=6.86027e-05
2026-09-30 20:53:37,794 step=23700 train=1.87947 val=2.2586808681488035 lr=6.85058e-05
2026-09-30 20:53:38,486 step=23710 train=2.16868 val=None lr=6.8409e-05
2026-09-30 20:53:39,026 step=23720 train=2.14288 val=None lr=6.83123e-05
2026-09-30 20:53:39,757 step=23730 train=2.30941 val=None lr=6.82157e-05
2026-09-30 20:53:40,441 step=23740 train=2.12427 val=None lr=6.81192e-05
2026-09-30 20:53:41,120 step=23750 train=2.34658 val=None lr=6.80228e-05
2026-09-30 20:53:41,766 step=23760 train=2.09059 val=None lr=6.79265e-05
2026-09-30 20:53:42,335 step=23770 train=2.18218 val=None lr=6.78304e-05
2026-09-30 20:53:42,910 step=23780 train=2.27900 val=None lr=6.77343e-05
2026-09-30 20:53:43,464 step=23790 train=2.39704 val=None lr=6.76383e-05
2026-09-30 20:53:44,839 step=23800 train=2.26032 val=2.260306489467621 lr=6.75424e-05
2026-09-30 20:53:45,421 step=23810 train=2.22121 val=None lr=6.74466e-05
2026-09-30 20:53:45,915 step=23820 train=2.07440 val=None lr=6.73509e-05
2026-09-30 20:53:46,628 step=23830 train=2.55587 val=None lr=6.72554e-05
2026-09-30 20:53:47,196 step=23840 train=2.32683 val=None lr=6.71599e-05
2026-09-30 20:53:47,871 step=23850 train=2.71620 val=None lr=6.70645e-05
2026-09-30 20:53:48,427 step=23860 train=2.18299 val=None lr=6.69693e-05
2026-09-30 20:53:49,009 step=23870 train=2.22104 val=None lr=6.68741e-05
2026-09-30 20:53:49,619 step=23880 train=2.33696 val=None lr=6.6779e-05
2026-09-30 20:53:50,403 step=23890 train=2.52099 val=None lr=6.66841e-05
2026-09-30 20:53:51,384 step=23900 train=2.34716 val=2.257326900959015 lr=6.65892e-05
2026-09-30 20:53:51,986 step=23910 train=2.35372 val=None lr=6.64945e-05
2026-09-30 20:53:52,523 step=23920 train=2.42261 val=None lr=6.63998e-05
2026-09-30 20:53:53,157 step=23930 train=2.65814 val=None lr=6.63053e-05
2026-09-30 20:53:53,745 step=23940 train=2.22605 val=None lr=6.62109e-05
2026-09-30 20:53:54,356 step=23950 train=2.51767 val=None lr=6.61165e-05
2026-09-30 20:53:54,915 step=23960 train=2.26417 val=None lr=6.60223e-05
2026-09-30 20:53:55,521 step=23970 train=2.35202 val=None lr=6.59282e-05
2026-09-30 20:53:56,102 step=23980 train=2.30654 val=None lr=6.58342e-05
2026-09-30 20:53:56,613 step=23990 train=2.60465 val=None lr=6.57402e-05
2026-09-30 20:53:57,726 step=24000 train=2.40175 val=2.2559048175811767 lr=6.56464e-05
2026-09-30 20:53:58,636 step=24010 train=2.06819 val=None lr=6.55527e-05
2026-09-30 20:53:59,139 step=24020 train=2.40886 val=None lr=6.54591e-05
2026-09-30 20:53:59,759 step=24030 train=2.41979 val=None lr=6.53656e-05
2026-09-30 20:54:00,255 step=24040 train=2.34288 val=None lr=6.52722e-05
2026-09-30 20:54:00,913 step=24050 train=2.36518 val=None lr=6.51789e-05
2026-09-30 20:54:01,550 step=24060 train=2.38566 val=None lr=6.50857e-05
2026-09-30 20:54:02,070 step=24070 train=2.22653 val=None lr=6.49927e-05
2026-09-30 20:54:00,387 step=24080 train=2.36797 val=None lr=6.48997e-05
2026-09-30 20:54:01,122 step=24090 train=2.29324 val=None lr=6.48068e-05
2026-09-30 20:54:02,034 step=24100 train=2.24424 val=2.25449515581131 lr=6.47141e-05
2026-09-30 20:54:02,585 step=24110 train=2.45837 val=None lr=6.46214e-05
2026-09-30 20:54:03,123 step=24120 train=2.40201 val=None lr=6.45289e-05
2026-09-30 20:54:03,637 step=24130 train=2.38442 val=None lr=6.44364e-05
2026-09-30 20:54:04,207 step=24140 train=2.11921 val=None lr=6.43441e-05
2026-09-30 20:54:04,720 step=24150 train=2.17106 val=None lr=6.42518e-05
2026-09-30 20:54:05,248 step=24160 train=2.26241 val=None lr=6.41597e-05
2026-09-30 20:54:05,746 step=24170 train=2.50697 val=None lr=6.40677e-05
2026-09-30 20:54:06,501 step=24180 train=2.54530 val=None lr=6.39758e-05
2026-09-30 20:54:07,072 step=24190 train=2.25125 val=None lr=6.3884e-05
2026-09-30 20:54:07,947 step=24200 train=2.43331 val=2.254732370376587 lr=6.37923e-05
2026-09-30 20:54:08,556 step=24210 train=2.14418 val=None lr=6.37007e-05
2026-09-30 20:54:09,109 step=24220 train=2.41887 val=None lr=6.36092e-05
2026-09-30 20:54:09,685 step=24230 train=2.41469 val=None lr=6.35178e-05
2026-09-30 20:54:10,316 step=24240 train=2.21064 val=None lr=6.34265e-05
2026-09-30 20:54:10,927 step=24250 train=2.30494 val=None lr=6.33354e-05
2026-09-30 20:54:11,534 step=24260 train=2.59154 val=None lr=6.32443e-05
2026-09-30 20:54:12,157 step=24270 train=2.30247 val=None lr=6.31533e-05
2026-09-30 20:54:12,721 step=24280 train=2.26357 val=None lr=6.30625e-05
2026-09-30 20:54:13,389 step=24290 train=2.47817 val=None lr=6.29717e-05
2026-09-30 20:54:14,314 step=24300 train=2.33414 val=2.2542821288108827 lr=6.28811e-05
2026-09-30 20:54:14,994 step=24310 train=2.14265 val=None lr=6.27906e-05
2026-09-30 20:54:15,613 step=24320 train=2.24594 val=None lr=6.27002e-05
2026-09-30 20:54:16,256 step=24330 train=2.05938 val=None lr=6.26099e-05
2026-09-30 20:54:16,758 step=24340 train=2.57178 val=None lr=6.25197e-05
2026-09-30 20:54:17,299 step=24350 train=2.25376 val=None lr=6.24296e-05
2026-09-30 20:54:18,252 step=24360 train=2.07504 val=None lr=6.23396e-05
2026-09-30 20:54:19,062 step=24370 train=2.34009 val=None lr=6.22497e-05
2026-09-30 20:54:19,708 step=24380 train=2.22062 val=None lr=6.21599e-05
2026-09-30 20:54:20,390 step=24390 train=2.35932 val=None lr=6.20703e-05
2026-09-30 20:54:21,642 step=24400 train=2.17622 val=2.253777539730072 lr=6.19807e-05
2026-09-30 20:54:22,204 step=24410 train=2.21880 val=None lr=6.18913e-05
2026-09-30 20:54:22,731 step=24420 train=2.36520 val=None lr=6.18019e-05
2026-09-30 20:54:23,290 step=24430 train=2.30459 val=None lr=6.17127e-05
2026-09-30 20:54:23,973 step=24440 train=2.28454 val=None lr=6.16236e-05
2026-09-30 20:54:24,809 step=24450 train=2.17876 val=None lr=6.15346e-05
2026-09-30 20:54:25,635 step=24460 train=2.32231 val=None lr=6.14457e-05
2026-09-30 20:54:26,309 step=24470 train=2.19147 val=None lr=6.13569e-05
2026-09-30 20:54:26,980 step=24480 train=2.36666 val=None lr=6.12682e-05
2026-09-30 20:54:27,519 step=24490 train=2.31028 val=None lr=6.11796e-05
2026-09-30 20:54:28,474 step=24500 train=2.16727 val=2.2521984696388246 lr=6.10911e-05
2026-09-30 20:54:29,451 step=24510 train=1.98378 val=None lr=6.10028e-05
2026-09-30 20:54:30,048 step=24520 train=2.26956 val=None lr=6.09145e-05
2026-09-30 20:54:30,595 step=24530 train=2.23059 val=None lr=6.08264e-05
2026-09-30 20:54:31,161 step=24540 train=2.14104 val=None lr=6.07384e-05
2026-09-30 20:54:31,778 step=24550 train=2.25187 val=None lr=6.06505e-05
2026-09-30 20:54:32,340 step=24560 train=2.30661 val=None lr=6.05626e-05
2026-09-30 20:54:30,855 step=24570 train=2.32973 val=None lr=6.04749e-05
2026-09-30 20:54:31,422 step=24580 train=2.29511 val=None lr=6.03874e-05
2026-09-30 20:54:32,000 step=24590 train=2.31973 val=None lr=6.02999e-05
2026-09-30 20:54:32,904 step=24600 train=2.58716 val=2.25276802778244 lr=6.02125e-05
2026-09-30 20:54:33,597 step=24610 train=2.03696 val=None lr=6.01253e-05
2026-09-30 20:54:34,344 step=24620 train=2.03586 val=None lr=6.00381e-05
2026-09-30 20:54:34,893 step=24630 train=2.17968 val=None lr=5.99511e-05
2026-09-30 20:54:35,610 step=24640 train=2.67405 val=None lr=5.98641e-05
2026-09-30 20:54:36,220 step=24650 train=2.45731 val=None lr=5.97773e-05
2026-09-30 20:54:36,878 step=24660 train=2.04093 val=None lr=5.96906e-05
2026-09-30 20:54:37,415 step=24670 train=2.41905 val=None lr=5.9604e-05
2026-09-30 20:54:38,144 step=24680 train=2.33494 val=None lr=5.95175e-05
2026-09-30 20:54:38,670 step=24690 train=2.44099 val=None lr=5.94312e-05
2026-09-30 20:54:39,892 step=24700 train=2.24191 val=2.2490530490875242 lr=5.93449e-05
2026-09-30 20:54:40,388 step=24710 train=2.31110 val=None lr=5.92588e-05
2026-09-30 20:54:40,867 step=24720 train=2.21671 val=None lr=5.91727e-05
2026-09-30 20:54:41,464 step=24730 train=2.40485 val=None lr=5.90868e-05
2026-09-30 20:54:41,999 step=24740 train=2.28664 val=None lr=5.9001e-05
2026-09-30 20:54:42,523 step=24750 train=2.05445 val=None lr=5.89153e-05
2026-09-30 20:54:43,031 step=24760 train=2.25102 val=None lr=5.88297e-05
2026-09-30 20:54:43,678 step=24770 train=2.26882 val=None lr=5.87442e-05
2026-09-30 20:54:44,256 step=24780 train=2.29151 val=None lr=5.86588e-05
2026-09-30 20:54:44,811 step=24790 train=2.07911 val=None lr=5.85736e-05
2026-09-30 20:54:45,819 step=24800 train=2.40497 val=2.2483245849609377 lr=5.84884e-05
2026-09-30 20:54:46,446 step=24810 train=2.42229 val=None lr=5.84034e-05
2026-09-30 20:54:46,953 step=24820 train=2.39046 val=None lr=5.83185e-05
2026-09-30 20:54:47,566 step=24830 train=2.39703 val=None lr=5.82337e-05
2026-09-30 20:54:48,058 step=24840 train=2.16511 val=None lr=5.8149e-05
2026-09-30 20:54:48,702 step=24850 train=2.25461 val=None lr=5.80644e-05
2026-09-30 20:54:49,308 step=24860 train=2.32444 val=None lr=5.79799e-05
2026-09-30 20:54:49,880 step=24870 train=2.36781 val=None lr=5.78955e-05
2026-09-30 20:54:50,441 step=24880 train=2.09997 val=None lr=5.78113e-05
2026-09-30 20:54:51,064 step=24890 train=1.97539 val=None lr=5.77272e-05
2026-09-30 20:54:51,876 step=24900 train=2.27900 val=2.248680090904236 lr=5.76431e-05
2026-09-30 20:54:52,557 step=24910 train=2.07339 val=None lr=5.75592e-05
2026-09-30 20:54:53,209 step=24920 train=2.41386 val=None lr=5.74754e-05
2026-09-30 20:54:53,755 step=24930 train=2.30639 val=None lr=5.73918e-05
2026-09-30 20:54:54,484 step=24940 train=2.48331 val=None lr=5.73082e-05
2026-09-30 20:54:55,074 step=24950 train=1.94192 val=None lr=5.72247e-05
2026-09-30 20:54:55,925 step=24960 train=2.19765 val=None lr=5.71414e-05
2026-09-30 20:54:56,520 step=24970 train=2.03389 val=None lr=5.70582e-05
2026-09-30 20:54:57,033 step=24980 train=2.28979 val=None lr=5.6975e-05
2026-09-30 20:54:57,535 step=24990 train=2.48117 val=None lr=5.6892e-05
2026-09-30 20:54:58,453 step=25000 train=2.21765 val=2.2487698197364807 lr=5.68092e-05
2026-09-30 20:54:59,568 step=25010 train=2.21786 val=None lr=5.67264e-05
2026-09-30 20:55:00,265 step=25020 train=2.28802 val=None lr=5.66437e-05
2026-09-30 20:55:00,838 step=25030 train=2.26020 val=None lr=5.65612e-05
2026-09-30 20:55:01,486 step=25040 train=2.10320 val=None lr=5.64788e-05
2026-09-30 20:55:02,126 step=25050 train=2.24983 val=None lr=5.63964e-05
2026-09-30 20:55:02,701 step=25060 train=2.18069 val=None lr=5.63142e-05
2026-09-30 20:55:01,038 step=25070 train=2.29068 val=None lr=5.62321e-05
2026-09-30 20:55:01,650 step=25080 train=2.71277 val=None lr=5.61502e-05
2026-09-30 20:55:02,338 step=25090 train=2.41313 val=None lr=5.60683e-05
2026-09-30 20:55:03,277 step=25100 train=2.26573 val=2.2473496198654175 lr=5.59866e-05
2026-09-30 20:55:03,780 step=25110 train=2.35258 val=None lr=5.59049e-05
2026-09-30 20:55:04,266 step=25120 train=2.29511 val=None lr=5.58234e-05
2026-09-30 20:55:04,758 step=25130 train=2.59198 val=None lr=5.5742e-05
2026-09-30 20:55:05,278 step=25140 train=2.54522 val=None lr=5.56607e-05
2026-09-30 20:55:05,790 step=25150 train=2.21283 val=None lr=5.55796e-05
2026-09-30 20:55:06,482 step=25160 train=2.45992 val=None lr=5.54985e-05
2026-09-30 20:55:07,048 step=25170 train=2.45558 val=None lr=5.54176e-05
2026-09-30 20:55:07,864 step=25180 train=2.27694 val=None lr=5.53367e-05
2026-09-30 20:55:08,473 step=25190 train=2.58996 val=None lr=5.5256e-05
2026-09-30 20:55:09,346 step=25200 train=2.56167 val=2.2474302291870116 lr=5.51754e-05
2026-09-30 20:55:10,156 step=25210 train=2.24593 val=None lr=5.5095e-05
2026-09-30 20:55:10,744 step=25220 train=2.43686 val=None lr=5.50146e-05
2026-09-30 20:55:11,636 step=25230 train=2.24603 val=None lr=5.49344e-05
2026-09-30 20:55:12,260 step=25240 train=2.47173 val=None lr=5.48542e-05
2026-09-30 20:55:12,922 step=25250 train=2.14399 val=None lr=5.47742e-05
2026-09-30 20:55:13,653 step=25260 train=2.43793 val=None lr=5.46943e-05
2026-09-30 20:55:14,205 step=25270 train=2.26952 val=None lr=5.46145e-05
2026-09-30 20:55:14,738 step=25280 train=2.30148 val=None lr=5.45349e-05
2026-09-30 20:55:15,374 step=25290 train=2.36238 val=None lr=5.44553e-05
2026-09-30 20:55:16,575 step=25300 train=2.40870 val=2.2466622471809385 lr=5.43759e-05
2026-09-30 20:55:17,108 step=25310 train=2.20657 val=None lr=5.42966e-05
2026-09-30 20:55:17,878 step=25320 train=2.20520 val=None lr=5.42174e-05
2026-09-30 20:55:18,456 step=25330 train=2.46092 val=None lr=5.41383e-05
2026-09-30 20:55:19,082 step=25340 train=2.34405 val=None lr=5.40593e-05
2026-09-30 20:55:19,643 step=25350 train=2.33928 val=None lr=5.39805e-05
2026-09-30 20:55:20,171 step=25360 train=2.32981 val=None lr=5.39017e-05
2026-09-30 20:55:20,761 step=25370 train=2.23777 val=None lr=5.38231e-05
2026-09-30 20:55:21,368 step=25380 train=2.09991 val=None lr=5.37446e-05
2026-09-30 20:55:21,950 step=25390 train=2.14714 val=None lr=5.36662e-05
2026-09-30 20:55:22,780 step=25400 train=2.59503 val=2.2473190903663633 lr=5.35879e-05
2026-09-30 20:55:23,306 step=25410 train=2.25606 val=None lr=5.35098e-05
2026-09-30 20:55:23,935 step=25420 train=2.13632 val=None lr=5.34318e-05
2026-09-30 20:55:24,462 step=25430 train=2.60164 val=None lr=5.33539e-05
2026-09-30 20:55:25,084 step=25440 train=2.16483 val=None lr=5.32761e-05
2026-09-30 20:55:25,616 step=25450 train=2.44413 val=None lr=5.31984e-05
2026-09-30 20:55:26,103 step=25460 train=2.30079 val=None lr=5.31208e-05
2026-09-30 20:55:26,699 step=25470 train=2.21498 val=None lr=5.30434e-05
2026-09-30 20:55:27,435 step=25480 train=2.27120 val=None lr=5.2966e-05
2026-09-30 20:55:28,087 step=25490 train=2.16960 val=None lr=5.28888e-05
2026-09-30 20:55:29,152 step=25500 train=2.30752 val=2.2450560569763183 lr=5.28117e-05
2026-09-30 20:55:30,069 step=25510 train=2.26861 val=None lr=5.27348e-05
2026-09-30 20:55:30,655 step=25520 train=2.30729 val=None lr=5.26579e-05
2026-09-30 20:55:31,337 step=25530 train=2.22566 val=None lr=5.25812e-05
2026-09-30 20:55:31,865 step=25540 train=2.41927 val=None lr=5.25046e-05
2026-09-30 20:55:32,535 step=25550 train=2.46937 val=None lr=5.24281e-05
2026-09-30 20:55:33,080 step=25560 train=2.13693 val=None lr=5.23517e-05
2026-09-30 20:55:31,611 step=25570 train=2.22293 val=None lr=5.22754e-05
2026-09-30 20:55:32,271 step=25580 train=2.14152 val=None lr=5.21993e-05
2026-09-30 20:55:32,767 step=25590 train=2.12740 val=None lr=5.21233e-05
2026-09-30 20:55:33,944 step=25600 train=2.32284 val=2.2443094730377195 lr=5.20474e-05
2026-09-30 20:55:34,449 step=25610 train=2.46826 val=None lr=5.19716e-05
2026-09-30 20:55:35,117 step=25620 train=2.34889 val=None lr=5.18959e-05
2026-09-30 20:55:35,593 step=25630 train=2.30058 val=None lr=5.18203e-05
2026-09-30 20:55:36,140 step=25640 train=2.16623 val=None lr=5.17449e-05
2026-09-30 20:55:36,622 step=25650 train=2.47070 val=None lr=5.16696e-05
2026-09-30 20:55:37,142 step=25660 train=2.40000 val=None lr=5.15944e-05
2026-09-30 20:55:37,727 step=25670 train=2.13183 val=None lr=5.15193e-05
2026-09-30 20:55:38,320 step=25680 train=2.23441 val=None lr=5.14444e-05
2026-09-30 20:55:39,193 step=25690 train=2.17218 val=None lr=5.13696e-05
2026-09-30 20:55:40,053 step=25700 train=2.10343 val=2.244560647010803 lr=5.12948e-05
2026-09-30 20:55:40,679 step=25710 train=2.32629 val=None lr=5.12202e-05
2026-09-30 20:55:41,226 step=25720 train=2.12742 val=None lr=5.11458e-05
2026-09-30 20:55:41,805 step=25730 train=2.32816 val=None lr=5.10714e-05
2026-09-30 20:55:42,392 step=25740 train=2.60124 val=None lr=5.09972e-05
2026-09-30 20:55:42,975 step=25750 train=2.34348 val=None lr=5.09231e-05
2026-09-30 20:55:43,542 step=25760 train=2.21832 val=None lr=5.08491e-05
2026-09-30 20:55:44,153 step=25770 train=2.18214 val=None lr=5.07752e-05
2026-09-30 20:55:44,794 step=25780 train=2.73431 val=None lr=5.07014e-05
2026-09-30 20:55:45,382 step=25790 train=2.39332 val=None lr=5.06278e-05
2026-09-30 20:55:46,351 step=25800 train=2.43885 val=2.2432158470153807 lr=5.05543e-05
2026-09-30 20:55:46,941 step=25810 train=2.40586 val=None lr=5.04809e-05
2026-09-30 20:55:47,470 step=25820 train=2.26341 val=None lr=5.04076e-05
2026-09-30 20:55:48,003 step=25830 train=2.09315 val=None lr=5.03345e-05
2026-09-30 20:55:48,579 step=25840 train=2.04397 val=None lr=5.02614e-05
2026-09-30 20:55:49,174 step=25850 train=2.31602 val=None lr=5.01885e-05
2026-09-30 20:55:49,716 step=25860 train=2.02889 val=None lr=5.01157e-05
2026-09-30 20:55:50,432 step=25870 train=2.31515 val=None lr=5.00431e-05
2026-09-30 20:55:51,002 step=25880 train=2.13426 val=None lr=4.99705e-05
2026-09-30 20:55:51,585 step=25890 train=2.15329 val=None lr=4.98981e-05
2026-09-30 20:55:52,532 step=25900 train=2.45490 val=2.241994547843933 lr=4.98258e-05
2026-09-30 20:55:53,152 step=25910 train=2.28705 val=None lr=4.97536e-05
2026-09-30 20:55:53,771 step=25920 train=2.14972 val=None lr=4.96815e-05
2026-09-30 20:55:54,374 step=25930 train=2.22342 val=None lr=4.96096e-05
2026-09-30 20:55:54,970 step=25940 train=2.30828 val=None lr=4.95378e-05
2026-09-30 20:55:55,542 step=25950 train=2.39320 val=None lr=4.94661e-05
2026-09-30 20:55:56,161 step=25960 train=2.29727 val=None lr=4.93945e-05
2026-09-30 20:55:56,780 step=25970 train=2.25599 val=None lr=4.93231e-05
2026-09-30 20:55:57,394 step=25980 train=2.31946 val=None lr=4.92517e-05
2026-09-30 20:55:57,958 step=25990 train=2.44939 val=None lr=4.91805e-05
2026-09-30 20:55:58,851 step=26000 train=2.31203 val=2.240933835506439 lr=4.91094e-05
2026-09-30 20:55:59,989 step=26010 train=2.27686 val=None lr=4.90384e-05
2026-09-30 20:56:00,866 step=26020 train=2.38915 val=None lr=4.89676e-05
2026-09-30 20:56:01,399 step=26030 train=2.27774 val=None lr=4.88969e-05
2026-09-30 20:56:02,056 step=26040 train=2.40739 val=None lr=4.88263e-05
2026-09-30 20:56:02,761 step=26050 train=2.25575 val=None lr=4.87558e-05
2026-09-30 20:56:03,289 step=26060 train=1.89720 val=None lr=4.86854e-05
2026-09-30 20:56:01,679 step=26070 train=2.36449 val=None lr=4.86152e-05
2026-09-30 20:56:02,252 step=26080 train=2.11357 val=None lr=4.85451e-05
2026-09-30 20:56:02,789 step=26090 train=2.40508 val=None lr=4.84751e-05
2026-09-30 20:56:03,833 step=26100 train=2.28985 val=2.23944638967514 lr=4.84052e-05
2026-09-30 20:56:04,559 step=26110 train=2.25930 val=None lr=4.83355e-05
2026-09-30 20:56:05,390 step=26120 train=2.63612 val=None lr=4.82659e-05
2026-09-30 20:56:05,990 step=26130 train=2.36940 val=None lr=4.81964e-05
2026-09-30 20:56:06,561 step=26140 train=2.24122 val=None lr=4.8127e-05
2026-09-30 20:56:07,117 step=26150 train=2.26802 val=None lr=4.80577e-05
2026-09-30 20:56:07,607 step=26160 train=2.42161 val=None lr=4.79886e-05
2026-09-30 20:56:08,166 step=26170 train=1.97917 val=None lr=4.79196e-05
2026-09-30 20:56:08,749 step=26180 train=2.22748 val=None lr=4.78507e-05
2026-09-30 20:56:09,358 step=26190 train=1.94713 val=None lr=4.77819e-05
2026-09-30 20:56:10,394 step=26200 train=2.16314 val=2.2391320705413817 lr=4.77133e-05
2026-09-30 20:56:10,973 step=26210 train=2.00850 val=None lr=4.76448e-05
2026-09-30 20:56:11,601 step=26220 train=2.09571 val=None lr=4.75764e-05
2026-09-30 20:56:12,140 step=26230 train=2.34444 val=None lr=4.75081e-05
2026-09-30 20:56:12,667 step=26240 train=2.31500 val=None lr=4.744e-05
2026-09-30 20:56:13,226 step=26250 train=2.54872 val=None lr=4.7372e-05
2026-09-30 20:56:13,987 step=26260 train=2.31626 val=None lr=4.73041e-05
2026-09-30 20:56:14,600 step=26270 train=2.09651 val=None lr=4.72363e-05
2026-09-30 20:56:15,096 step=26280 train=2.16906 val=None lr=4.71687e-05
2026-09-30 20:56:15,844 step=26290 train=2.26622 val=None lr=4.71011e-05
2026-09-30 20:56:17,064 step=26300 train=2.12323 val=2.2397634506225588 lr=4.70337e-05
2026-09-30 20:56:17,801 step=26310 train=2.29879 val=None lr=4.69665e-05
2026-09-30 20:56:18,360 step=26320 train=2.12877 val=None lr=4.68993e-05
2026-09-30 20:56:19,046 step=26330 train=2.36311 val=None lr=4.68323e-05
2026-09-30 20:56:19,558 step=26340 train=2.30788 val=None lr=4.67654e-05
2026-09-30 20:56:20,065 step=26350 train=2.55180 val=None lr=4.66986e-05
2026-09-30 20:56:20,571 step=26360 train=2.30480 val=None lr=4.66319e-05
2026-09-30 20:56:21,112 step=26370 train=2.22768 val=None lr=4.65654e-05
2026-09-30 20:56:21,698 step=26380 train=2.27537 val=None lr=4.6499e-05
2026-09-30 20:56:22,243 step=26390 train=2.07399 val=None lr=4.64327e-05
2026-09-30 20:56:23,155 step=26400 train=2.33626 val=2.2394856333732607 lr=4.63666e-05
2026-09-30 20:56:23,799 step=26410 train=2.12219 val=None lr=4.63005e-05
2026-09-30 20:56:24,404 step=26420 train=2.17197 val=None lr=4.62346e-05
2026-09-30 20:56:25,074 step=26430 train=2.01546 val=None lr=4.61689e-05
2026-09-30 20:56:25,758 step=26440 train=2.32075 val=None lr=4.61032e-05
2026-09-30 20:56:26,435 step=26450 train=2.21833 val=None lr=4.60377e-05
2026-09-30 20:56:27,152 step=26460 train=2.07317 val=None lr=4.59723e-05
2026-09-30 20:56:27,624 step=26470 train=2.23289 val=None lr=4.5907e-05
2026-09-30 20:56:28,179 step=26480 train=2.31397 val=None lr=4.58418e-05
2026-09-30 20:56:28,797 step=26490 train=2.19959 val=None lr=4.57768e-05
2026-09-30 20:56:29,982 step=26500 train=2.25798 val=2.237321102619171 lr=4.57119e-05
2026-09-30 20:56:30,884 step=26510 train=2.19734 val=None lr=4.56471e-05
2026-09-30 20:56:31,391 step=26520 train=2.18671 val=None lr=4.55825e-05
2026-09-30 20:56:31,942 step=26530 train=1.92507 val=None lr=4.55179e-05
2026-09-30 20:56:32,505 step=26540 train=2.13732 val=None lr=4.54535e-05
2026-09-30 20:56:33,168 step=26550 train=2.41803 val=None lr=4.53893e-05
2026-09-30 20:56:33,712 step=26560 train=2.39558 val=None lr=4.53251e-05
2026-09-30 20:56:32,023 step=26570 train=2.19652 val=None lr=4.52611e-05
2026-09-30 20:56:32,580 step=26580 train=2.24995 val=None lr=4.51972e-05
2026-09-30 20:56:33,240 step=26590 train=2.16316 val=None lr=4.51334e-05
2026-09-30 20:56:34,218 step=26600 train=2.11639 val=2.2363598704338075 lr=4.50698e-05
2026-09-30 20:56:34,949 step=26610 train=2.26854 val=None lr=4.50063e-05
2026-09-30 20:56:35,434 step=26620 train=2.30036 val=None lr=4.49429e-05
2026-09-30 20:56:35,909 step=26630 train=2.15235 val=None lr=4.48796e-05
2026-09-30 20:56:36,399 step=26640 train=2.16293 val=None lr=4.48165e-05
2026-09-30 20:56:37,004 step=26650 train=2.32377 val=None lr=4.47534e-05
2026-09-30 20:56:37,685 step=26660 train=2.52476 val=None lr=4.46906e-05
2026-09-30 20:56:38,185 step=26670 train=2.35094 val=None lr=4.46278e-05
2026-09-30 20:56:38,694 step=26680 train=2.45648 val=None lr=4.45652e-05
2026-09-30 20:56:39,198 step=26690 train=2.33441 val=None lr=4.45026e-05
2026-09-30 20:56:39,969 step=26700 train=2.40754 val=2.2376113295555116 lr=4.44403e-05
2026-09-30 20:56:40,649 step=26710 train=2.23744 val=None lr=4.4378e-05
2026-09-30 20:56:41,308 step=26720 train=2.53254 val=None lr=4.43159e-05
2026-09-30 20:56:41,911 step=26730 train=2.45396 val=None lr=4.42539e-05
2026-09-30 20:56:42,501 step=26740 train=2.30806 val=None lr=4.4192e-05
2026-09-30 20:56:43,248 step=26750 train=2.15899 val=None lr=4.41303e-05
2026-09-30 20:56:43,908 step=26760 train=2.24962 val=None lr=4.40687e-05
2026-09-30 20:56:44,482 step=26770 train=2.65002 val=None lr=4.40072e-05
2026-09-30 20:56:45,095 step=26780 train=2.12940 val=None lr=4.39458e-05
2026-09-30 20:56:45,747 step=26790 train=2.35459 val=None lr=4.38846e-05
2026-09-30 20:56:46,610 step=26800 train=2.13248 val=2.2361101388931273 lr=4.38235e-05
2026-09-30 20:56:47,169 step=26810 train=2.15842 val=None lr=4.37625e-05
2026-09-30 20:56:47,680 step=26820 train=2.14732 val=None lr=4.37016e-05
2026-09-30 20:56:48,531 step=26830 train=2.17987 val=None lr=4.36409e-05
2026-09-30 20:56:49,079 step=26840 train=2.13388 val=None lr=4.35803e-05
2026-09-30 20:56:49,595 step=26850 train=2.14328 val=None lr=4.35198e-05
2026-09-30 20:56:50,221 step=26860 train=2.28062 val=None lr=4.34595e-05
2026-09-30 20:56:50,786 step=26870 train=2.33361 val=None lr=4.33993e-05
2026-09-30 20:56:51,380 step=26880 train=2.12618 val=None lr=4.33392e-05
2026-09-30 20:56:51,958 step=26890 train=2.19492 val=None lr=4.32792e-05
2026-09-30 20:56:53,041 step=26900 train=2.31915 val=2.23536936044693 lr=4.32194e-05
2026-09-30 20:56:53,699 step=26910 train=2.33416 val=None lr=4.31597e-05
2026-09-30 20:56:54,267 step=26920 train=2.34348 val=None lr=4.31001e-05
2026-09-30 20:56:54,779 step=26930 train=2.39907 val=None lr=4.30407e-05
2026-09-30 20:56:55,341 step=26940 train=2.47755 val=None lr=4.29813e-05
2026-09-30 20:56:55,858 step=26950 train=2.59934 val=None lr=4.29222e-05
2026-09-30 20:56:56,426 step=26960 train=2.11611 val=None lr=4.28631e-05
2026-09-30 20:56:57,091 step=26970 train=2.29907 val=None lr=4.28042e-05
2026-09-30 20:56:57,711 step=26980 train=2.43907 val=None lr=4.27454e-05
2026-09-30 20:56:58,194 step=26990 train=2.30293 val=None lr=4.26867e-05
2026-09-30 20:56:59,348 step=27000 train=2.62473 val=2.2360866904258727 lr=4.26281e-05
2026-09-30 20:57:00,261 step=27010 train=2.42194 val=None lr=4.25697e-05
2026-09-30 20:57:00,885 step=27020 train=2.27129 val=None lr=4.25114e-05
2026-09-30 20:57:01,469 step=27030 train=2.20806 val=None lr=4.24533e-05
2026-09-30 20:57:02,202 step=27040 train=2.34704 val=None lr=4.23952e-05
2026-09-30 20:57:03,218 step=27050 train=2.45906 val=None lr=4.23373e-05
2026-09-30 20:57:03,838 step=27060 train=2.55794 val=None lr=4.22796e-05
2026-09-30 20:57:02,620 step=27070 train=2.25054 val=None lr=4.22219e-05
2026-09-30 20:57:03,256 step=27080 train=2.55990 val=None lr=4.21644e-05
2026-09-30 20:57:04,015 step=27090 train=2.38540 val=None lr=4.2107e-05
2026-09-30 20:57:04,932 step=27100 train=2.27221 val=2.234752666950226 lr=4.20498e-05
2026-09-30 20:57:05,606 step=27110 train=2.15576 val=None lr=4.19926e-05
2026-09-30 20:57:06,189 step=27120 train=2.22978 val=None lr=4.19356e-05
2026-09-30 20:57:06,794 step=27130 train=2.27215 val=None lr=4.18788e-05
2026-09-30 20:57:07,282 step=27140 train=2.21070 val=None lr=4.1822e-05
2026-09-30 20:57:07,972 step=27150 train=1.97253 val=None lr=4.17654e-05
2026-09-30 20:57:08,646 step=27160 train=2.28278 val=None lr=4.17089e-05
2026-09-30 20:57:09,252 step=27170 train=2.38753 val=None lr=4.16526e-05
2026-09-30 20:57:09,783 step=27180 train=2.24089 val=None lr=4.15964e-05
2026-09-30 20:57:10,344 step=27190 train=2.25941 val=None lr=4.15403e-05
2026-09-30 20:57:11,205 step=27200 train=2.15409 val=2.2329644322395326 lr=4.14843e-05
2026-09-30 20:57:11,718 step=27210 train=2.24580 val=None lr=4.14285e-05
2026-09-30 20:57:12,250 step=27220 train=2.34457 val=None lr=4.13728e-05
2026-09-30 20:57:12,785 step=27230 train=2.20922 val=None lr=4.13172e-05
2026-09-30 20:57:13,363 step=27240 train=2.34326 val=None lr=4.12618e-05
2026-09-30 20:57:13,950 step=27250 train=2.25601 val=None lr=4.12065e-05
2026-09-30 20:57:14,564 step=27260 train=2.30852 val=None lr=4.11513e-05
2026-09-30 20:57:15,285 step=27270 train=2.05042 val=None lr=4.10963e-05
2026-09-30 20:57:15,952 step=27280 train=2.11887 val=None lr=4.10413e-05
2026-09-30 20:57:16,651 step=27290 train=2.11109 val=None lr=4.09865e-05
2026-09-30 20:57:17,485 step=27300 train=2.09518 val=2.2333695530891418 lr=4.09319e-05
2026-09-30 20:57:18,098 step=27310 train=2.19013 val=None lr=4.08774e-05
2026-09-30 20:57:18,674 step=27320 train=2.27560 val=None lr=4.0823e-05
2026-09-30 20:57:19,211 step=27330 train=2.33359 val=None lr=4.07687e-05
2026-09-30 20:57:19,727 step=27340 train=2.13436 val=None lr=4.07146e-05
2026-09-30 20:57:20,354 step=27350 train=2.19612 val=None lr=4.06606e-05
2026-09-30 20:57:20,863 step=27360 train=2.21936 val=None lr=4.06067e-05
2026-09-30 20:57:21,388 step=27370 train=2.23941 val=None lr=4.05529e-05
2026-09-30 20:57:21,934 step=27380 train=2.38187 val=None lr=4.04993e-05
2026-09-30 20:57:22,478 step=27390 train=2.81537 val=None lr=4.04459e-05
2026-09-30 20:57:23,361 step=27400 train=2.62522 val=2.232191789150238 lr=4.03925e-05
2026-09-30 20:57:24,101 step=27410 train=2.42714 val=None lr=4.03393e-05
2026-09-30 20:57:24,646 step=27420 train=2.15697 val=None lr=4.02862e-05
2026-09-30 20:57:25,203 step=27430 train=2.19448 val=None lr=4.02332e-05
2026-09-30 20:57:25,700 step=27440 train=2.04629 val=None lr=4.01804e-05
2026-09-30 20:57:26,307 step=27450 train=2.19519 val=None lr=4.01277e-05
2026-09-30 20:57:26,802 step=27460 train=2.05931 val=None lr=4.00752e-05
2026-09-30 20:57:27,419 step=27470 train=2.29387 val=None lr=4.00227e-05
2026-09-30 20:57:27,973 step=27480 train=2.31624 val=None lr=3.99704e-05
2026-09-30 20:57:28,462 step=27490 train=2.35233 val=None lr=3.99183e-05
2026-09-30 20:57:29,418 step=27500 train=2.39235 val=2.2333248138427733 lr=3.98662e-05
2026-09-30 20:57:30,371 step=27510 train=2.13721 val=None lr=3.98143e-05
2026-09-30 20:57:30,899 step=27520 train=2.46035 val=None lr=3.97626e-05
2026-09-30 20:57:31,450 step=27530 train=2.10452 val=None lr=3.97109e-05
2026-09-30 20:57:31,991 step=27540 train=2.14905 val=None lr=3.96594e-05
2026-09-30 20:57:32,443 step=27550 train=2.23611 val=None lr=3.9608e-05
2026-09-30 20:57:32,906 step=27560 train=2.36645 val=None lr=3.95568e-05
2026-09-30 20:57:33,381 step=27570 train=2.11899 val=None lr=3.95057e-05
2026-09-30 20:57:34,022 step=27580 train=2.10202 val=None lr=3.94547e-05
2026-09-30 20:57:34,547 step=27590 train=2.29960 val=None lr=3.94039e-05
2026-09-30 20:57:33,315 step=27600 train=2.24214 val=2.232623541355133 lr=3.93531e-05
2026-09-30 20:57:33,885 step=27610 train=2.21964 val=None lr=3.93026e-05
2026-09-30 20:57:34,506 step=27620 train=2.25188 val=None lr=3.92521e-05
2026-09-30 20:57:35,040 step=27630 train=2.38330 val=None lr=3.92018e-05
2026-09-30 20:57:35,525 step=27640 train=2.19235 val=None lr=3.91516e-05
2026-09-30 20:57:36,024 step=27650 train=2.20233 val=None lr=3.91015e-05
2026-09-30 20:57:36,655 step=27660 train=2.64221 val=None lr=3.90516e-05
2026-09-30 20:57:37,278 step=27670 train=2.48544 val=None lr=3.90018e-05
2026-09-30 20:57:37,842 step=27680 train=2.31129 val=None lr=3.89522e-05
2026-09-30 20:57:38,416 step=27690 train=2.20468 val=None lr=3.89026e-05
2026-09-30 20:57:39,252 step=27700 train=2.42042 val=2.2324730157852173 lr=3.88533e-05
2026-09-30 20:57:39,846 step=27710 train=2.25944 val=None lr=3.8804e-05
2026-09-30 20:57:40,389 step=27720 train=2.25137 val=None lr=3.87549e-05
2026-09-30 20:57:40,933 step=27730 train=2.74541 val=None lr=3.87059e-05
2026-09-30 20:57:41,466 step=27740 train=2.38544 val=None lr=3.8657e-05
2026-09-30 20:57:42,069 step=27750 train=2.13722 val=None lr=3.86083e-05
2026-09-30 20:57:42,790 step=27760 train=2.30852 val=None lr=3.85597e-05
2026-09-30 20:57:43,529 step=27770 train=2.34326 val=None lr=3.85112e-05
2026-09-30 20:57:44,085 step=27780 train=2.21478 val=None lr=3.84629e-05
2026-09-30 20:57:44,713 step=27790 train=2.25416 val=None lr=3.84147e-05
2026-09-30 20:57:45,492 step=27800 train=2.27864 val=2.232268917560577 lr=3.83667e-05
2026-09-30 20:57:46,112 step=27810 train=2.17847 val=None lr=3.83187e-05
2026-09-30 20:57:46,658 step=27820 train=2.47690 val=None lr=3.82709e-05
2026-09-30 20:57:47,134 step=27830 train=2.57794 val=None lr=3.82233e-05
2026-09-30 20:57:47,856 step=27840 train=1.91158 val=None lr=3.81757e-05
2026-09-30 20:57:48,468 step=27850 train=2.22285 val=None lr=3.81283e-05
2026-09-30 20:57:49,331 step=27860 train=2.36010 val=None lr=3.80811e-05
2026-09-30 20:57:49,951 step=27870 train=2.24448 val=None lr=3.8034e-05
2026-09-30 20:57:50,501 step=27880 train=2.38688 val=None lr=3.7987e-05
2026-09-30 20:57:51,004 step=27890 train=2.18188 val=None lr=3.79401e-05
2026-09-30 20:57:51,877 step=27900 train=2.34985 val=2.2304760932922365 lr=3.78934e-05
2026-09-30 20:57:52,421 step=27910 train=2.36658 val=None lr=3.78468e-05
2026-09-30 20:57:53,098 step=27920 train=2.15972 val=None lr=3.78003e-05
2026-09-30 20:57:53,928 step=27930 train=2.34590 val=None lr=3.7754e-05
2026-09-30 20:57:54,457 step=27940 train=2.15545 val=None lr=3.77078e-05
2026-09-30 20:57:55,016 step=27950 train=2.30427 val=None lr=3.76617e-05
2026-09-30 20:57:55,539 step=27960 train=2.21224 val=None lr=3.76158e-05
2026-09-30 20:57:56,079 step=27970 train=2.31417 val=None lr=3.757e-05
2026-09-30 20:57:56,580 step=27980 train=2.37483 val=None lr=3.75244e-05
2026-09-30 20:57:57,197 step=27990 train=2.35943 val=None lr=3.74789e-05
2026-09-30 20:57:58,018 step=28000 train=1.93615 val=2.2306949496269226 lr=3.74335e-05
2026-09-30 20:57:58,907 step=28010 train=2.37712 val=None lr=3.73882e-05
2026-09-30 20:57:59,485 step=28020 train=2.40331 val=None lr=3.73431e-05
2026-09-30 20:58:00,022 step=28030 train=2.14275 val=None lr=3.72981e-05
2026-09-30 20:58:00,582 step=28040 train=2.06341 val=None lr=3.72533e-05
2026-09-30 20:58:01,175 step=28050 train=2.31850 val=None lr=3.72085e-05
2026-09-30 20:58:01,813 step=28060 train=2.28822 val=None lr=3.7164e-05
2026-09-30 20:58:02,482 step=28070 train=2.30211 val=None lr=3.71195e-05
2026-09-30 20:58:03,009 step=28080 train=2.30912 val=None lr=3.70752e-05
2026-09-30 20:58:03,518 step=28090 train=2.21625 val=None lr=3.7031e-05
2026-09-30 20:58:02,865 step=28100 train=2.34070 val=2.228926932811737 lr=3.6987e-05
2026-09-30 20:58:03,488 step=28110 train=2.42230 val=None lr=3.69431e-05
2026-09-30 20:58:04,186 step=28120 train=2.08925 val=None lr=3.68993e-05
2026-09-30 20:58:04,652 step=28130 train=2.12821 val=None lr=3.68557e-05
2026-09-30 20:58:05,151 step=28140 train=2.25535 val=None lr=3.68122e-05
2026-09-30 20:58:05,647 step=28150 train=2.07774 val=None lr=3.67688e-05
2026-09-30 20:58:06,214 step=28160 train=2.78936 val=None lr=3.67256e-05
2026-09-30 20:58:06,830 step=28170 train=2.29296 val=None lr=3.66825e-05
2026-09-30 20:58:07,601 step=28180 train=2.35969 val=None lr=3.66395e-05
2026-09-30 20:58:08,187 step=28190 train=2.10352 val=None lr=3.65967e-05
2026-09-30 20:58:09,500 step=28200 train=2.23705 val=2.227814495563507 lr=3.6554e-05
2026-09-30 20:58:10,137 step=28210 train=2.22730 val=None lr=3.65114e-05
2026-09-30 20:58:10,749 step=28220 train=2.09928 val=None lr=3.6469e-05
2026-09-30 20:58:11,370 step=28230 train=2.33440 val=None lr=3.64267e-05
2026-09-30 20:58:12,090 step=28240 train=2.37800 val=None lr=3.63846e-05
2026-09-30 20:58:12,564 step=28250 train=2.34100 val=None lr=3.63425e-05
2026-09-30 20:58:13,061 step=28260 train=2.39085 val=None lr=3.63007e-05
2026-09-30 20:58:13,667 step=28270 train=2.21864 val=None lr=3.62589e-05
2026-09-30 20:58:14,248 step=28280 train=2.45920 val=None lr=3.62173e-05
2026-09-30 20:58:14,964 step=28290 train=2.20645 val=None lr=3.61758e-05
2026-09-30 20:58:15,904 step=28300 train=2.14877 val=2.2298805356025695 lr=3.61345e-05
2026-09-30 20:58:16,505 step=28310 train=2.24167 val=None lr=3.60933e-05
2026-09-30 20:58:17,098 step=28320 train=2.17288 val=None lr=3.60522e-05
2026-09-30 20:58:17,786 step=28330 train=2.17084 val=None lr=3.60113e-05
2026-09-30 20:58:18,455 step=28340 train=2.07266 val=None lr=3.59705e-05
2026-09-30 20:58:19,089 step=28350 train=2.20973 val=None lr=3.59298e-05
2026-09-30 20:58:19,657 step=28360 train=2.28427 val=None lr=3.58893e-05
2026-09-30 20:58:20,224 step=28370 train=2.01999 val=None lr=3.58489e-05
2026-09-30 20:58:20,755 step=28380 train=2.37230 val=None lr=3.58087e-05
2026-09-30 20:58:21,220 step=28390 train=2.04485 val=None lr=3.57685e-05
2026-09-30 20:58:21,960 step=28400 train=2.22052 val=2.2295916438102723 lr=3.57286e-05
2026-09-30 20:58:22,612 step=28410 train=2.48108 val=None lr=3.56887e-05
2026-09-30 20:58:23,097 step=28420 train=2.18577 val=None lr=3.5649e-05
2026-09-30 20:58:23,716 step=28430 train=2.28836 val=None lr=3.56094e-05
2026-09-30 20:58:24,246 step=28440 train=1.95354 val=None lr=3.557e-05
2026-09-30 20:58:24,900 step=28450 train=2.33420 val=None lr=3.55307e-05
2026-09-30 20:58:25,616 step=28460 train=2.17448 val=None lr=3.54915e-05
2026-09-30 20:58:26,197 step=28470 train=2.22709 val=None lr=3.54525e-05
2026-09-30 20:58:26,744 step=28480 train=2.13484 val=None lr=3.54136e-05
2026-09-30 20:58:27,303 step=28490 train=2.05103 val=None lr=3.53749e-05
2026-09-30 20:58:28,324 step=28500 train=2.43891 val=2.2282167196273805 lr=3.53362e-05
2026-09-30 20:58:29,148 step=28510 train=2.47302 val=None lr=3.52977e-05
2026-09-30 20:58:29,743 step=28520 train=2.18735 val=None lr=3.52594e-05
2026-09-30 20:58:30,421 step=28530 train=2.17973 val=None lr=3.52212e-05
2026-09-30 20:58:30,972 step=28540 train=2.25178 val=None lr=3.51831e-05
2026-09-30 20:58:31,536 step=28550 train=2.25645 val=None lr=3.51452e-05
2026-09-30 20:58:32,176 step=28560 train=1.99985 val=None lr=3.51074e-05
2026-09-30 20:58:32,949 step=28570 train=2.41010 val=None lr=3.50697e-05
2026-09-30 20:58:33,425 step=28580 train=2.40606 val=None lr=3.50322e-05
2026-09-30 20:58:33,931 step=28590 train=2.14137 val=None lr=3.49948e-05
2026-09-30 20:58:34,826 step=28600 train=2.32366 val=2.2280969440937044 lr=3.49575e-05
2026-09-30 20:58:33,425 step=28610 train=2.16110 val=None lr=3.49204e-05
2026-09-30 20:58:33,925 step=28620 train=2.25709 val=None lr=3.48835e-05
2026-09-30 20:58:34,429 step=28630 train=2.32292 val=None lr=3.48466e-05
2026-09-30 20:58:34,987 step=28640 train=2.20750 val=None lr=3.48099e-05
2026-09-30 20:58:35,582 step=28650 train=2.36300 val=None lr=3.47733e-05
2026-09-30 20:58:36,088 step=28660 train=2.29120 val=None lr=3.47369e-05
2026-09-30 20:58:37,039 step=28670 train=2.18737 val=None lr=3.47006e-05
2026-09-30 20:58:37,790 step=28680 train=2.34090 val=None lr=3.46645e-05
2026-09-30 20:58:38,262 step=28690 train=2.43481 val=None lr=3.46284e-05
2026-09-30 20:58:39,163 step=28700 train=2.15091 val=2.2273881793022157 lr=3.45925e-05
2026-09-30 20:58:39,828 step=28710 train=2.03833 val=None lr=3.45568e-05
2026-09-30 20:58:40,340 step=28720 train=2.00063 val=None lr=3.45212e-05
2026-09-30 20:58:40,878 step=28730 train=2.12973 val=None lr=3.44857e-05
2026-09-30 20:58:41,452 step=28740 train=2.12580 val=None lr=3.44504e-05
2026-09-30 20:58:41,982 step=28750 train=2.36827 val=None lr=3.44152e-05
2026-09-30 20:58:42,511 step=28760 train=2.24549 val=None lr=3.43801e-05
2026-09-30 20:58:43,102 step=28770 train=2.34328 val=None lr=3.43452e-05
2026-09-30 20:58:43,651 step=28780 train=1.94711 val=None lr=3.43104e-05
2026-09-30 20:58:44,223 step=28790 train=2.41656 val=None lr=3.42758e-05
2026-09-30 20:58:45,130 step=28800 train=2.42363 val=2.2257335782051086 lr=3.42413e-05
2026-09-30 20:58:45,674 step=28810 train=2.11673 val=None lr=3.42069e-05
2026-09-30 20:58:46,215 step=28820 train=2.26317 val=None lr=3.41727e-05
2026-09-30 20:58:46,853 step=28830 train=2.12772 val=None lr=3.41386e-05
2026-09-30 20:58:47,521 step=28840 train=2.31931 val=None lr=3.41046e-05
2026-09-30 20:58:48,094 step=28850 train=2.08898 val=None lr=3.40708e-05
2026-09-30 20:58:48,675 step=28860 train=2.13054 val=None lr=3.40371e-05
2026-09-30 20:58:49,272 step=28870 train=2.29722 val=None lr=3.40036e-05
2026-09-30 20:58:49,875 step=28880 train=2.41108 val=None lr=3.39702e-05
2026-09-30 20:58:50,547 step=28890 train=2.42738 val=None lr=3.39369e-05
2026-09-30 20:58:51,446 step=28900 train=2.22518 val=2.2259483695030213 lr=3.39038e-05
2026-09-30 20:58:51,950 step=28910 train=2.18596 val=None lr=3.38708e-05
2026-09-30 20:58:52,637 step=28920 train=2.28524 val=None lr=3.38379e-05
2026-09-30 20:58:53,273 step=28930 train=2.15323 val=None lr=3.38052e-05
2026-09-30 20:58:53,792 step=28940 train=2.35327 val=None lr=3.37726e-05
2026-09-30 20:58:54,513 step=28950 train=2.15400 val=None lr=3.37402e-05
2026-09-30 20:58:55,029 step=28960 train=2.04159 val=None lr=3.37079e-05
2026-09-30 20:58:55,584 step=28970 train=2.19897 val=None lr=3.36757e-05
2026-09-30 20:58:56,138 step=28980 train=2.40238 val=None lr=3.36437e-05
2026-09-30 20:58:56,738 step=28990 train=2.26662 val=None lr=3.36118e-05
2026-09-30 20:58:57,683 step=29000 train=2.28087 val=2.22677937746048 lr=3.358e-05
2026-09-30 20:58:58,690 step=29010 train=2.44848 val=None lr=3.35484e-05
2026-09-30 20:58:59,407 step=29020 train=2.20283 val=None lr=3.3517e-05
2026-09-30 20:59:00,165 step=29030 train=2.26247 val=None lr=3.34856e-05
2026-09-30 20:59:00,924 step=29040 train=2.17553 val=None lr=3.34544e-05
2026-09-30 20:59:01,656 step=29050 train=1.99268 val=None lr=3.34234e-05
2026-09-30 20:59:02,190 step=29060 train=2.18624 val=None lr=3.33924e-05
2026-09-30 20:59:02,688 step=29070 train=2.16760 val=None lr=3.33617e-05
2026-09-30 20:59:03,197 step=29080 train=2.08065 val=None lr=3.3331e-05
2026-09-30 20:59:03,732 step=29090 train=2.59660 val=None lr=3.33005e-05
2026-09-30 20:59:04,776 step=29100 train=2.35567 val=2.2251595735549925 lr=3.32701e-05
2026-09-30 20:59:05,367 step=29110 train=2.16271 val=None lr=3.32399e-05
2026-09-30 20:59:03,688 step=29120 train=2.25394 val=None lr=3.32098e-05
2026-09-30 20:59:04,258 step=29130 train=2.45717 val=None lr=3.31799e-05
2026-09-30 20:59:04,767 step=29140 train=2.52655 val=None lr=3.31501e-05
2026-09-30 20:59:05,279 step=29150 train=2.11871 val=None lr=3.31204e-05
2026-09-30 20:59:05,771 step=29160 train=2.33423 val=None lr=3.30909e-05
2026-09-30 20:59:06,236 step=29170 train=2.42203 val=None lr=3.30615e-05
2026-09-30 20:59:06,777 step=29180 train=2.15022 val=None lr=3.30322e-05
2026-09-30 20:59:07,264 step=29190 train=2.03877 val=None lr=3.30031e-05
2026-09-30 20:59:08,259 step=29200 train=2.03154 val=2.225010669231415 lr=3.29741e-05
2026-09-30 20:59:08,785 step=29210 train=2.22257 val=None lr=3.29453e-05
2026-09-30 20:59:09,442 step=29220 train=2.03893 val=None lr=3.29166e-05
2026-09-30 20:59:10,038 step=29230 train=2.13011 val=None lr=3.2888e-05
2026-09-30 20:59:10,764 step=29240 train=2.42729 val=None lr=3.28596e-05
2026-09-30 20:59:11,382 step=29250 train=2.26330 val=None lr=3.28313e-05
2026-09-30 20:59:11,935 step=29260 train=2.27102 val=None lr=3.28032e-05
2026-09-30 20:59:12,709 step=29270 train=2.12274 val=None lr=3.27752e-05
2026-09-30 20:59:13,251 step=29280 train=2.16842 val=None lr=3.27473e-05
2026-09-30 20:59:13,870 step=29290 train=2.08730 val=None lr=3.27196e-05
2026-09-30 20:59:14,810 step=29300 train=2.62718 val=2.2248129844665527 lr=3.2692e-05
2026-09-30 20:59:15,305 step=29310 train=2.37249 val=None lr=3.26645e-05
2026-09-30 20:59:15,907 step=29320 train=2.19319 val=None lr=3.26372e-05
2026-09-30 20:59:16,423 step=29330 train=2.23279 val=None lr=3.26101e-05
2026-09-30 20:59:17,027 step=29340 train=2.37862 val=None lr=3.2583e-05
2026-09-30 20:59:17,583 step=29350 train=2.14194 val=None lr=3.25561e-05
2026-09-30 20:59:18,132 step=29360 train=2.05131 val=None lr=3.25294e-05
2026-09-30 20:59:18,845 step=29370 train=1.99001 val=None lr=3.25028e-05
2026-09-30 20:59:19,515 step=29380 train=2.45925 val=None lr=3.24763e-05
2026-09-30 20:59:20,294 step=29390 train=2.18346 val=None lr=3.245e-05
2026-09-30 20:59:21,234 step=29400 train=2.17161 val=2.2238229632377626 lr=3.24238e-05
2026-09-30 20:59:22,082 step=29410 train=2.15348 val=None lr=3.23977e-05
2026-09-30 20:59:22,668 step=29420 train=2.34839 val=None lr=3.23718e-05
2026-09-30 20:59:23,413 step=29430 train=1.98097 val=None lr=3.2346e-05
2026-09-30 20:59:24,233 step=29440 train=2.24801 val=None lr=3.23204e-05
2026-09-30 20:59:24,818 step=29450 train=2.40128 val=None lr=3.22949e-05
2026-09-30 20:59:25,366 step=29460 train=2.44389 val=None lr=3.22695e-05
2026-09-30 20:59:26,073 step=29470 train=2.32982 val=None lr=3.22443e-05
2026-09-30 20:59:26,644 step=29480 train=2.39022 val=None lr=3.22192e-05
2026-09-30 20:59:27,341 step=29490 train=2.60770 val=None lr=3.21943e-05
2026-09-30 20:59:28,239 step=29500 train=2.04784 val=2.222958558797836 lr=3.21695e-05
2026-09-30 20:59:29,103 step=29510 train=2.12542 val=None lr=3.21448e-05
2026-09-30 20:59:29,816 step=29520 train=2.56652 val=None lr=3.21203e-05
2026-09-30 20:59:30,290 step=29530 train=2.32080 val=None lr=3.2096e-05
2026-09-30 20:59:30,886 step=29540 train=2.18944 val=None lr=3.20717e-05
2026-09-30 20:59:31,433 step=29550 train=2.07739 val=None lr=3.20476e-05
2026-09-30 20:59:31,945 step=29560 train=2.12563 val=None lr=3.20237e-05
2026-09-30 20:59:32,585 step=29570 train=2.06081 val=None lr=3.19998e-05
2026-09-30 20:59:33,073 step=29580 train=2.43638 val=None lr=3.19762e-05
2026-09-30 20:59:33,709 step=29590 train=2.44431 val=None lr=3.19526e-05
2026-09-30 20:59:34,587 step=29600 train=2.46380 val=2.22369105219841 lr=3.19292e-05
2026-09-30 20:59:35,082 step=29610 train=2.33079 val=None lr=3.1906e-05
2026-09-30 20:59:35,587 step=29620 train=2.25336 val=None lr=3.18828e-05
2026-09-30 20:59:33,927 step=29630 train=2.12419 val=None lr=3.18599e-05
2026-09-30 20:59:34,401 step=29640 train=2.18369 val=None lr=3.1837e-05
2026-09-30 20:59:35,041 step=29650 train=2.13373 val=None lr=3.18143e-05
2026-09-30 20:59:35,618 step=29660 train=2.56888 val=None lr=3.17918e-05
2026-09-30 20:59:36,327 step=29670 train=2.36409 val=None lr=3.17694e-05
2026-09-30 20:59:36,860 step=29680 train=2.61990 val=None lr=3.17471e-05
2026-09-30 20:59:37,442 step=29690 train=2.39502 val=None lr=3.17249e-05
2026-09-30 20:59:38,242 step=29700 train=2.20303 val=2.222978985309601 lr=3.17029e-05
2026-09-30 20:59:38,765 step=29710 train=2.29549 val=None lr=3.16811e-05
2026-09-30 20:59:39,368 step=29720 train=2.53076 val=None lr=3.16594e-05
2026-09-30 20:59:40,173 step=29730 train=2.28935 val=None lr=3.16378e-05
2026-09-30 20:59:40,710 step=29740 train=2.16743 val=None lr=3.16164e-05
2026-09-30 20:59:41,262 step=29750 train=2.33147 val=None lr=3.15951e-05
2026-09-30 20:59:41,795 step=29760 train=2.30268 val=None lr=3.15739e-05
2026-09-30 20:59:42,341 step=29770 train=2.18009 val=None lr=3.15529e-05
2026-09-30 20:59:42,864 step=29780 train=2.55869 val=None lr=3.1532e-05
2026-09-30 20:59:43,425 step=29790 train=2.23844 val=None lr=3.15113e-05
2026-09-30 20:59:44,254 step=29800 train=2.16466 val=2.224006712436676 lr=3.14907e-05
2026-09-30 20:59:44,870 step=29810 train=2.26028 val=None lr=3.14702e-05
2026-09-30 20:59:45,436 step=29820 train=2.21998 val=None lr=3.14499e-05
2026-09-30 20:59:45,934 step=29830 train=2.36355 val=None lr=3.14297e-05
2026-09-30 20:59:46,502 step=29840 train=2.31770 val=None lr=3.14097e-05
2026-09-30 20:59:47,080 step=29850 train=2.15692 val=None lr=3.13898e-05
2026-09-30 20:59:47,724 step=29860 train=2.21121 val=None lr=3.13701e-05
2026-09-30 20:59:48,312 step=29870 train=2.29036 val=None lr=3.13505e-05
2026-09-30 20:59:48,999 step=29880 train=2.14114 val=None lr=3.1331e-05
2026-09-30 20:59:49,478 step=29890 train=2.18887 val=None lr=3.13117e-05
2026-09-30 20:59:50,620 step=29900 train=2.10443 val=2.223393273353577 lr=3.12925e-05
2026-09-30 20:59:51,137 step=29910 train=2.23247 val=None lr=3.12734e-05
2026-09-30 20:59:51,646 step=29920 train=2.33142 val=None lr=3.12545e-05
2026-09-30 20:59:52,379 step=29930 train=2.45605 val=None lr=3.12358e-05
2026-09-30 20:59:53,199 step=29940 train=2.32406 val=None lr=3.12171e-05
2026-09-30 20:59:53,880 step=29950 train=2.14288 val=None lr=3.11987e-05
2026-09-30 20:59:54,544 step=29960 train=2.19250 val=None lr=3.11803e-05
2026-09-30 20:59:55,099 step=29970 train=2.29603 val=None lr=3.11621e-05
2026-09-30 20:59:55,642 step=29980 train=2.25795 val=None lr=3.1144e-05
2026-09-30 20:59:56,197 step=29990 train=2.42705 val=None lr=3.11261e-05
2026-09-30 20:59:57,091 step=30000 train=2.25903 val=2.2223838210105895 lr=3.11083e-05
2026-09-30 20:59:58,057 step=30010 train=2.59819 val=None lr=3.10907e-05
2026-09-30 20:59:58,823 step=30020 train=2.24906 val=None lr=3.10732e-05
2026-09-30 20:59:59,410 step=30030 train=2.27196 val=None lr=3.10559e-05
2026-09-30 21:00:00,051 step=30040 train=2.32669 val=None lr=3.10386e-05
2026-09-30 21:00:00,693 step=30050 train=2.51318 val=None lr=3.10216e-05
2026-09-30 21:00:01,242 step=30060 train=2.05624 val=None lr=3.10046e-05
2026-09-30 21:00:01,879 step=30070 train=2.13756 val=None lr=3.09878e-05
2026-09-30 21:00:02,413 step=30080 train=2.37225 val=None lr=3.09712e-05
2026-09-30 21:00:02,915 step=30090 train=2.06006 val=None lr=3.09547e-05
2026-09-30 21:00:03,798 step=30100 train=2.32550 val=2.2220031142234804 lr=3.09383e-05
2026-09-30 21:00:04,351 step=30110 train=2.22676 val=None lr=3.09221e-05
2026-09-30 21:00:04,953 step=30120 train=2.08792 val=None lr=3.0906e-05
2026-09-30 21:00:05,658 step=30130 train=2.19153 val=None lr=3.089e-05
2026-09-30 21:00:06,174 step=30140 train=2.32934 val=None lr=3.08742e-05
2026-09-30 21:00:04,500 step=30150 train=2.53256 val=None lr=3.08586e-05
2026-09-30 21:00:05,041 step=30160 train=2.26719 val=None lr=3.0843e-05
2026-09-30 21:00:05,643 step=30170 train=2.33311 val=None lr=3.08277e-05
2026-09-30 21:00:06,151 step=30180 train=2.20311 val=None lr=3.08124e-05
2026-09-30 21:00:06,799 step=30190 train=2.07259 val=None lr=3.07973e-05
2026-09-30 21:00:07,691 step=30200 train=2.44743 val=2.222420871257782 lr=3.07824e-05
2026-09-30 21:00:08,241 step=30210 train=2.09398 val=None lr=3.07675e-05
2026-09-30 21:00:08,974 step=30220 train=2.53575 val=None lr=3.07529e-05
2026-09-30 21:00:09,698 step=30230 train=2.31591 val=None lr=3.07383e-05
2026-09-30 21:00:10,279 step=30240 train=2.45888 val=None lr=3.07239e-05
2026-09-30 21:00:10,917 step=30250 train=2.55580 val=None lr=3.07097e-05
2026-09-30 21:00:11,468 step=30260 train=2.15916 val=None lr=3.06956e-05
2026-09-30 21:00:12,020 step=30270 train=2.63273 val=None lr=3.06816e-05
2026-09-30 21:00:12,653 step=30280 train=2.36487 val=None lr=3.06678e-05
2026-09-30 21:00:13,274 step=30290 train=2.15726 val=None lr=3.06541e-05
2026-09-30 21:00:14,381 step=30300 train=2.11567 val=2.2214405655860903 lr=3.06406e-05
2026-09-30 21:00:15,193 step=30310 train=2.26645 val=None lr=3.06271e-05
2026-09-30 21:00:15,855 step=30320 train=2.28521 val=None lr=3.06139e-05
2026-09-30 21:00:16,523 step=30330 train=2.33968 val=None lr=3.06008e-05
2026-09-30 21:00:17,091 step=30340 train=2.13501 val=None lr=3.05878e-05
2026-09-30 21:00:17,786 step=30350 train=2.12236 val=None lr=3.05749e-05
2026-09-30 21:00:18,403 step=30360 train=1.94927 val=None lr=3.05623e-05
2026-09-30 21:00:18,925 step=30370 train=2.29526 val=None lr=3.05497e-05
2026-09-30 21:00:19,422 step=30380 train=1.96198 val=None lr=3.05373e-05
2026-09-30 21:00:19,957 step=30390 train=2.24571 val=None lr=3.0525e-05
2026-09-30 21:00:20,662 step=30400 train=2.22373 val=2.2219512104988097 lr=3.05129e-05
2026-09-30 21:00:21,288 step=30410 train=2.37892 val=None lr=3.05009e-05
2026-09-30 21:00:22,072 step=30420 train=2.38836 val=None lr=3.0489e-05
2026-09-30 21:00:22,715 step=30430 train=2.09482 val=None lr=3.04773e-05
2026-09-30 21:00:23,292 step=30440 train=2.07689 val=None lr=3.04658e-05
2026-09-30 21:00:23,938 step=30450 train=2.21898 val=None lr=3.04543e-05
2026-09-30 21:00:24,465 step=30460 train=2.09007 val=None lr=3.04431e-05
2026-09-30 21:00:24,914 step=30470 train=2.56984 val=None lr=3.04319e-05
2026-09-30 21:00:25,556 step=30480 train=2.50316 val=None lr=3.04209e-05
2026-09-30 21:00:26,072 step=30490 train=2.32828 val=None lr=3.04101e-05
2026-09-30 21:00:26,950 step=30500 train=2.47559 val=2.221557879447937 lr=3.03994e-05
2026-09-30 21:00:27,939 step=30510 train=2.42972 val=None lr=3.03888e-05
2026-09-30 21:00:28,752 step=30520 train=2.28593 val=None lr=3.03784e-05
2026-09-30 21:00:29,286 step=30530 train=2.17495 val=None lr=3.03681e-05
2026-09-30 21:00:29,886 step=30540 train=1.99278 val=None lr=3.03579e-05
2026-09-30 21:00:30,453 step=30550 train=2.16993 val=None lr=3.03479e-05
2026-09-30 21:00:30,954 step=30560 train=2.38393 val=None lr=3.0338e-05
2026-09-30 21:00:31,582 step=30570 train=2.20392 val=None lr=3.03283e-05
2026-09-30 21:00:32,089 step=30580 train=2.45954 val=None lr=3.03187e-05
2026-09-30 21:00:32,689 step=30590 train=2.11299 val=None lr=3.03093e-05
2026-09-30 21:00:33,693 step=30600 train=2.32433 val=2.220450782775879 lr=3.03e-05
2026-09-30 21:00:34,212 step=30610 train=2.19433 val=None lr=3.02908e-05
2026-09-30 21:00:34,652 step=30620 train=2.17925 val=None lr=3.02818e-05
2026-09-30 21:00:35,152 step=30630 train=2.28229 val=None lr=3.0273e-05
2026-09-30 21:00:35,750 step=30640 train=2.31065 val=None lr=3.02642e-05
2026-09-30 21:00:36,376 step=30650 train=2.31182 val=None lr=3.02556e-05
2026-09-30 21:00:34,757 step=30660 train=2.16374 val=None lr=3.02472e-05
2026-09-30 21:00:35,407 step=30670 train=2.49259 val=None lr=3.02389e-05
2026-09-30 21:00:36,036 step=30680 train=1.98711 val=None lr=3.02307e-05
2026-09-30 21:00:36,611 step=30690 train=2.28848 val=None lr=3.02227e-05
2026-09-30 21:00:37,575 step=30700 train=2.19620 val=2.220659410953522 lr=3.02148e-05
2026-09-30 21:00:38,189 step=30710 train=2.20863 val=None lr=3.02071e-05
2026-09-30 21:00:38,832 step=30720 train=2.58687 val=None lr=3.01995e-05
2026-09-30 21:00:39,431 step=30730 train=2.28491 val=None lr=3.0192e-05
2026-09-30 21:00:39,966 step=30740 train=2.11489 val=None lr=3.01847e-05
2026-09-30 21:00:40,465 step=30750 train=2.29587 val=None lr=3.01775e-05
2026-09-30 21:00:41,110 step=30760 train=2.04628 val=None lr=3.01705e-05
2026-09-30 21:00:41,611 step=30770 train=2.22806 val=None lr=3.01636e-05
2026-09-30 21:00:42,120 step=30780 train=2.18683 val=None lr=3.01569e-05
2026-09-30 21:00:42,634 step=30790 train=2.29858 val=None lr=3.01503e-05
2026-09-30 21:00:43,493 step=30800 train=2.20080 val=2.219219470024109 lr=3.01438e-05
2026-09-30 21:00:44,026 step=30810 train=2.41017 val=None lr=3.01375e-05
2026-09-30 21:00:44,530 step=30820 train=2.13470 val=None lr=3.01313e-05
2026-09-30 21:00:45,449 step=30830 train=2.21865 val=None lr=3.01253e-05
2026-09-30 21:00:46,005 step=30840 train=2.17217 val=None lr=3.01194e-05
2026-09-30 21:00:46,600 step=30850 train=2.12609 val=None lr=3.01136e-05
2026-09-30 21:00:47,230 step=30860 train=2.34427 val=None lr=3.0108e-05
2026-09-30 21:00:47,761 step=30870 train=2.30013 val=None lr=3.01026e-05
2026-09-30 21:00:48,355 step=30880 train=2.28712 val=None lr=3.00972e-05
2026-09-30 21:00:48,951 step=30890 train=2.15881 val=None lr=3.0092e-05
2026-09-30 21:00:49,868 step=30900 train=2.10194 val=2.217889207601547 lr=3.0087e-05
2026-09-30 21:00:50,499 step=30910 train=2.23504 val=None lr=3.00821e-05
2026-09-30 21:00:51,013 step=30920 train=2.08334 val=None lr=3.00773e-05
2026-09-30 21:00:51,528 step=30930 train=2.16734 val=None lr=3.00727e-05
2026-09-30 21:00:52,120 step=30940 train=2.32316 val=None lr=3.00683e-05
2026-09-30 21:00:52,793 step=30950 train=2.22963 val=None lr=3.00639e-05
2026-09-30 21:00:53,409 step=30960 train=2.11461 val=None lr=3.00597e-05
2026-09-30 21:00:53,948 step=30970 train=2.25722 val=None lr=3.00557e-05
2026-09-30 21:00:54,485 step=30980 train=2.35616 val=None lr=3.00518e-05
2026-09-30 21:00:55,106 step=30990 train=2.18454 val=None lr=3.0048e-05
2026-09-30 21:00:55,995 step=31000 train=2.29750 val=2.218290019035339 lr=3.00444e-05
2026-09-30 21:00:57,154 step=31010 train=2.20939 val=None lr=3.00409e-05
2026-09-30 21:00:57,654 step=31020 train=2.47944 val=None lr=3.00376e-05
2026-09-30 21:00:58,151 step=31030 train=2.50619 val=None lr=3.00344e-05
2026-09-30 21:00:58,694 step=31040 train=2.34989 val=None lr=3.00313e-05
2026-09-30 21:00:59,279 step=31050 train=2.11470 val=None lr=3.00284e-05
2026-09-30 21:00:59,839 step=31060 train=2.07098 val=None lr=3.00256e-05
2026-09-30 21:01:00,397 step=31070 train=2.36085 val=None lr=3.0023e-05
2026-09-30 21:01:01,025 step=31080 train=2.49444 val=None lr=3.00205e-05
2026-09-30 21:01:01,637 step=31090 train=2.38573 val=None lr=3.00182e-05
2026-09-30 21:01:02,550 step=31100 train=2.21195 val=2.218512511253357 lr=3.0016e-05
2026-09-30 21:01:03,044 step=31110 train=2.24977 val=None lr=3.00139e-05
2026-09-30 21:01:03,580 step=31120 train=2.23216 val=None lr=3.0012e-05
2026-09-30 21:01:04,130 step=31130 train=2.13910 val=None lr=3.00102e-05
2026-09-30 21:01:04,784 step=31140 train=2.33386 val=None lr=3.00086e-05
2026-09-30 21:01:05,310 step=31150 train=1.98480 val=None lr=3.00071e-05
2026-09-30 21:01:05,935 step=31160 train=2.23366 val=None lr=3.00058e-05
2026-09-30 21:01:06,464 step=31170 train=2.35661 val=None lr=3.00045e-05
2026-09-30 21:01:04,788 step=31180 train=2.56173 val=None lr=3.00035e-05
2026-09-30 21:01:05,281 step=31190 train=2.09264 val=None lr=3.00026e-05
2026-09-30 21:01:06,130 step=31200 train=2.19136 val=2.2164366602897645 lr=3.00018e-05
2026-09-30 21:01:06,748 step=31210 train=2.20960 val=None lr=3.00011e-05
2026-09-30 21:01:07,267 step=31220 train=2.35893 val=None lr=3.00006e-05
2026-09-30 21:01:07,713 step=31230 train=2.22378 val=None lr=3.00003e-05
2026-09-30 21:01:08,236 step=31240 train=2.01653 val=None lr=3.00001e-05
2026-09-30 21:01:08,989 step=31250 train=2.24567 val=2.2164912104606627 lr=3e-05
2026-09-30 21:01:09,244 Completed: final validation loss 2.216491
