step,tokens_seen,train_loss,val_loss,val_ppl,lr,elapsed_seconds
1,2048,9.21034049987793,,,4.8e-07,0.1288294149999274
10,20480,9.210338592529297,,,4.8e-06,0.7861903900011384
20,40960,9.210332870483398,,,9.6e-06,1.2443076980016485
30,61440,9.210323333740234,,,1.44e-05,1.8320761220020358
40,81920,9.210308074951172,,,1.92e-05,2.5203073150005366
50,102400,9.210289001464844,,,2.4e-05,3.203930895000667
60,122880,9.210260391235352,,,2.88e-05,3.7231890260009095
70,143360,9.210204124450684,,,3.36e-05,4.216652138999052
80,163840,9.210128784179688,,,3.84e-05,4.746006618999672
90,184320,9.210052490234375,,,4.319999999999999e-05,5.287763693999295
100,204800,9.20986557006836,9.209864473342895,9995.242145885057,4.8e-05,6.222218797000096
110,225280,9.20966625213623,,,5.279999999999999e-05,6.834670439999172
120,245760,9.209429740905762,,,5.76e-05,7.367053788999328
130,266240,9.209094047546387,,,6.24e-05,7.888529438001569
140,286720,9.208747863769531,,,6.72e-05,8.386825124001916
150,307200,9.208148956298828,,,7.2e-05,8.908137465001346
160,327680,9.207685470581055,,,7.68e-05,9.437530480001442
170,348160,9.207246780395508,,,8.159999999999999e-05,9.915118601998984
180,368640,9.205879211425781,,,8.639999999999999e-05,10.504477914000745
190,389120,9.205060958862305,,,9.12e-05,11.07022323199999
200,409600,9.203474044799805,9.203408002853394,9930.916043184685,9.6e-05,11.981171589999576
210,430080,9.201861381530762,,,0.0001008,12.569916478001687
220,450560,9.199763298034668,,,0.00010559999999999998,13.25002714099901
230,471040,9.1986083984375,,,0.00011039999999999999,13.771140439999726
240,491520,9.195489883422852,,,0.0001152,14.305051905001164
250,512000,9.193448066711426,,,0.00011999999999999999,14.772942055002204
260,532480,9.187874794006348,,,0.0001248,15.313668112001324
270,552960,9.183586120605469,,,0.00012959999999999998,15.775499329000013
280,573440,9.178947448730469,,,0.0001344,16.33626496800207
290,593920,9.164998054504395,,,0.0001392,16.922586814998795
300,614400,9.148212432861328,9.148797702789306,9403.128224998758,0.000144,17.753376411001227
310,634880,9.128726959228516,,,0.00014879999999999998,18.332739981000486
320,655360,9.10181999206543,,,0.0001536,18.804610586001218
330,675840,9.075047492980957,,,0.00015839999999999997,19.41409493000174
340,696320,9.043161392211914,,,0.00016319999999999998,20.025831745999312
350,716800,8.999277114868164,,,0.000168,20.605453047999617
360,737280,8.956649780273438,,,0.00017279999999999997,21.11424629999965
370,757760,8.926227569580078,,,0.00017759999999999998,21.70989577599903
380,778240,8.884439468383789,,,0.0001824,22.19649655900139
390,798720,8.836729049682617,,,0.0001872,22.708089259998815
400,819200,8.776793479919434,8.781481885910035,6512.520839046125,0.000192,23.694718642000225
410,839680,8.743147850036621,,,0.00019679999999999999,24.36011440999937
420,860160,8.693689346313477,,,0.0002016,24.947941344002174
430,880640,8.623624801635742,,,0.00020639999999999995,25.486599913001555
440,901120,8.552391052246094,,,0.00021119999999999996,26.11730064999938
450,921600,8.488285064697266,,,0.00021599999999999996,26.633314642000187
460,942080,8.442892074584961,,,0.00022079999999999997,27.14716435900118
470,962560,8.360916137695312,,,0.00022559999999999998,27.66508423400228
480,983040,8.274576187133789,,,0.0002304,28.40330691300187
490,1003520,8.203863143920898,,,0.0002352,28.98505262799881
500,1024000,8.079800605773926,8.080731534957886,3231.5963979066055,0.00023999999999999998,30.012258411999937
510,1044480,8.032938003540039,,,0.0002448,30.855971569999383
520,1064960,7.872570991516113,,,0.0002496,31.33443502999944
530,1085440,7.824000358581543,,,0.00025439999999999995,32.01248226900134
540,1105920,7.676490783691406,,,0.00025919999999999996,32.521035911999206
550,1126400,7.638564586639404,,,0.00026399999999999997,33.10956261899992
560,1146880,7.482730865478516,,,0.0002688,33.70285073500054
570,1167360,7.398411750793457,,,0.0002736,34.19510558299953
580,1187840,7.323351860046387,,,0.0002784,34.87784388400178
590,1208320,7.199158668518066,,,0.0002832,35.443464119001874
600,1228800,7.058633804321289,7.041076040267944,1142.6164466771513,0.000288,36.43539769600102
610,1249280,6.970340251922607,,,0.0002928,37.29439118799928
620,1269760,6.790477752685547,,,0.00029759999999999997,37.91170249300194
630,1290240,6.745357513427734,,,0.00029999998224211155,38.50847104100103
640,1310720,6.616805553436279,,,0.0002999998401790323,39.04360569900018
650,1331200,6.624275207519531,,,0.00029999955605302325,39.59068182700139
660,1351680,6.487536430358887,,,0.0002999991298643834,40.07728182500068
670,1372160,6.416258811950684,,,0.0002999985616135613,40.59145164700021
680,1392640,6.303056240081787,,,0.0002999978513011549,41.13460905300235
690,1413120,6.291439533233643,,,0.0002999969989279116,41.65298081199944
700,1433600,6.048486709594727,6.108037400245666,449.4557472555873,0.0002999960044947285,42.56115036399933
710,1454080,6.012980937957764,,,0.00029999486800265195,43.2662676660002
720,1474560,6.0263566970825195,,,0.000299993589452878,43.87614421499893
730,1495040,6.024360656738281,,,0.0002999921688467519,44.4760353390011
740,1515520,5.806539058685303,,,0.0002999906061857688,45.132597471001645
750,1536000,5.958332061767578,,,0.00029998890147157306,45.64668765100214
760,1556480,5.824808120727539,,,0.00029998705470595855,46.2690658399988
770,1576960,5.740918159484863,,,0.00029998506589086867,46.892645579999225
780,1597440,5.811203479766846,,,0.0002999829350283963,47.401127512999665
790,1617920,5.827619552612305,,,0.0002999806621207837,47.97403971699896
800,1638400,5.820117473602295,5.687520265579224,295.16079203017694,0.0002999782471704228,48.96147392700004
810,1658880,5.711001396179199,,,0.0002999756901798549,49.606922213999496
820,1679360,5.712000370025635,,,0.0002999729911517707,50.0788192910004
830,1699840,5.537102699279785,,,0.0002999701500890105,50.609805285999755
840,1720320,5.676789283752441,,,0.000299967166994564,51.09355859700008
850,1740800,5.568240642547607,,,0.00029996404187157034,51.65108821600006
860,1761280,5.550439834594727,,,0.00029996077472331815,52.18318703499972
870,1781760,5.516140937805176,,,0.00029995736555324544,52.97024063700155
880,1802240,5.365912437438965,,,0.0002999538143649399,53.55651652600136
890,1822720,5.486202239990234,,,0.00029995012116213843,54.04416423500152
900,1843200,5.432157516479492,5.339397811889649,208.38718421305165,0.00029994628594872747,54.987789787999645
910,1863680,5.2881879806518555,,,0.0002999423087287429,55.638766141000815
920,1884160,5.339181423187256,,,0.00029993818950637,56.22413886600043
930,1904640,5.3005876541137695,,,0.0002999339282859435,56.80289675500171
940,1925120,5.122273921966553,,,0.00029992952507194756,57.4610322289991
950,1945600,5.085951805114746,,,0.0002999249798690158,58.01021785800185
960,1966080,5.1073102951049805,,,0.0002999202926819312,58.504540558999
970,1986560,5.318164825439453,,,0.00029991546351562626,59.05107149300238
980,2007040,5.205985069274902,,,0.0002999104923751827,59.72353877400019
990,2027520,5.00246000289917,,,0.00029990537926583174,60.29498550300195
1000,2048000,4.973987579345703,5.0152982711792,150.70107985176406,0.0002999001241929541,61.27926261999892
1010,2068480,5.0824480056762695,,,0.0002998947271620797,62.12757892800073
1020,2088960,5.18909215927124,,,0.000299889188178888,62.752366724998865
1030,2109440,4.869123458862305,,,0.0002998835072492078,63.409207124001114
1040,2129920,4.8249616622924805,,,0.00029987768437901715,63.94278095700065
1050,2150400,4.737672805786133,,,0.0002998717195744436,64.42022265800188
1060,2170880,4.601469993591309,,,0.0002998656128417641,64.98904053300066
1070,2191360,4.652841567993164,,,0.0002998593641874048,65.4767902550011
1080,2211840,4.632382392883301,,,0.0002998529736179414,65.97858076900229
1090,2232320,4.930788040161133,,,0.00029984644114009867,66.53591860300003
1100,2252800,4.622287273406982,4.707057189941406,110.72583488427927,0.0002998397667607509,67.46155453599931
1110,2273280,4.945865631103516,,,0.00029983295048692174,68.11832786500236
1120,2293760,4.618466377258301,,,0.000299825992325784,68.64578810700186
1130,2314240,4.600038528442383,,,0.00029981889228466004,69.1741687979993
1140,2334720,4.649886131286621,,,0.0002998116503710212,69.68046839900126
1150,2355200,4.600856781005859,,,0.0002998042665924883,70.17518399799883
1160,2375680,4.734460353851318,,,0.00029979674095683155,70.81368220900185
1170,2396160,4.599800109863281,,,0.00029978907347197017,71.31407334200048
1180,2416640,4.553047180175781,,,0.00029978126414597294,71.8105114179998
1190,2437120,4.3960771560668945,,,0.00029977331298705764,72.33661564499926
1200,2457600,4.647397994995117,4.462722182273865,86.72326459964374,0.00029976522000359153,73.32338113800142
1210,2478080,4.715084075927734,,,0.000299756985204091,73.8970549930018
1220,2498560,4.676848411560059,,,0.0002997486085972216,74.44624050800121
1230,2519040,4.624724388122559,,,0.0002997400901917983,74.98977333000221
1240,2539520,4.480159759521484,,,0.0002997314299967851,75.51004216500223
1250,2560000,4.338248252868652,,,0.0002997226280212954,76.11799529999917
1260,2580480,4.161452293395996,,,0.00029971368427459153,76.66032270299911
1270,2600960,4.241011619567871,,,0.0002997045987660853,77.19598478300031
1280,2621440,4.327863693237305,,,0.0002996953715053375,77.8755239839993
1290,2641920,4.302715301513672,,,0.0002996860025020582,78.38811585700023
1300,2662400,4.282597064971924,4.293372797966003,73.2129851479068,0.00029967649176610654,79.2367831699994
1310,2682880,4.279813766479492,,,0.00029966683930749083,79.82059381599902
1320,2703360,4.4981207847595215,,,0.00029965704513636865,80.40423395900143
1330,2723840,4.351734638214111,,,0.00029964710926304647,80.96115900000223
1340,2744320,4.262796878814697,,,0.0002996370316979801,81.49778652999885
1350,2764800,4.030008792877197,,,0.0002996268124517742,82.03743490499983
1360,2785280,4.200395107269287,,,0.00029961645153518283,82.65842367000005
1370,2805760,4.201607704162598,,,0.000299605948959109,83.21393922800053
1380,2826240,4.241037368774414,,,0.0002995953047346046,83.84266475000186
1390,2846720,4.195735931396484,,,0.0002995845188728709,84.35810745400158
1400,2867200,4.248398780822754,4.180776119232178,65.41660460183354,0.0002995735913852581,85.28842622400043
1410,2887680,4.2122344970703125,,,0.00029956252228326526,85.858424500002
1420,2908160,4.074097633361816,,,0.00029955131157854075,86.38293789399904
1430,2928640,4.175135135650635,,,0.0002995399592828817,86.88640091599882
1440,2949120,4.167868614196777,,,0.0002995284654082344,87.53998082700127
1450,2969600,4.250770568847656,,,0.00029951682996669406,88.17539192500044
1460,2990080,4.1281867027282715,,,0.00029950505297050487,88.61695589100054
1470,3010560,4.079531669616699,,,0.00029949313443206006,89.13320092800132
1480,3031040,4.085541248321533,,,0.00029948107436390163,89.71263057300166
1490,3051520,4.129494667053223,,,0.0002994688727787207,90.22517306200098
1500,3072000,4.256379127502441,4.100845921039581,60.3913523114879,0.00029945652968935724,91.06744510299905
1510,3092480,4.266851425170898,,,0.00029944404510880005,91.84629841200149
1520,3112960,4.108170032501221,,,0.000299431419050187,92.40749001099903
1530,3133440,4.182517051696777,,,0.00029941865152680465,92.94234743299967
1540,3153920,4.156815052032471,,,0.0002994057425520885,93.43581254899982
1550,3174400,3.913803815841675,,,0.0002993926921396229,93.94202520700128
1560,3194880,3.8359618186950684,,,0.00029937950030314115,94.62481353399926
1570,3215360,4.5455641746521,,,0.0002993661670565252,95.21422610100126
1580,3235840,3.9677460193634033,,,0.00029935269241380594,95.71432122799888
1590,3256320,4.190145492553711,,,0.00029933907638916293,96.46922386599908
1600,3276800,3.9824774265289307,4.041690802574157,56.922506205917536,0.0002993253189969246,97.41938065100112
1610,3297280,4.124515533447266,,,0.0002993114202515681,98.02588628900048
1620,3317760,3.976576089859009,,,0.00029929738016771937,98.55663317600192
1630,3338240,3.754617214202881,,,0.0002992831987601531,99.06583168799989
1640,3358720,3.751316547393799,,,0.00029926887604379257,99.58899524600201
1650,3379200,4.273704528808594,,,0.0002992544120337099,100.06976542700068
1660,3399680,4.010181427001953,,,0.00029923980674512586,100.62781984799949
1670,3420160,4.075857639312744,,,0.00029922506019340985,101.07580167700144
1680,3440640,4.157234191894531,,,0.0002992101723940799,101.52578990799884
1690,3461120,4.145857810974121,,,0.00029919514336280284,102.07407752899962
1700,3481600,4.151617050170898,3.9936577320098876,54.25296970399999,0.000299179973115394,102.93132656400121
1710,3502080,4.04417610168457,,,0.00029916466166781715,103.50478867000129
1720,3522560,3.8030529022216797,,,0.00029914920903618503,104.03890048900212
1730,3543040,4.065098762512207,,,0.0002991336152367587,104.64247120599975
1740,3563520,3.9625706672668457,,,0.0002991178802859477,105.21245133900084
1750,3584000,4.1986799240112305,,,0.00029910200420031033,105.88422935400013
1760,3604480,4.14935302734375,,,0.0002990859869965532,106.3605134390018
1770,3624960,4.00388240814209,,,0.0002990698286915317,106.89281070400102
1780,3645440,4.262645721435547,,,0.0002990535293022493,107.50419423800122
1790,3665920,4.100031852722168,,,0.00029903708884585834,107.99066303200016
1800,3686400,4.154979228973389,3.962686765193939,52.598455973346674,0.00029902050733965937,109.03186604399889
1810,3706880,4.1590776443481445,,,0.0002990037848011014,109.51843450800152
1820,3727360,4.250870704650879,,,0.0002989869212477819,110.02097491799941
1830,3747840,3.732163429260254,,,0.0002989699166974467,110.62002742700133
1840,3768320,3.9425456523895264,,,0.00029895277116799004,111.26056428800075
1850,3788800,3.8273487091064453,,,0.0002989354846774545,111.76747045999946
1860,3809280,3.9797897338867188,,,0.0002989180572440309,112.27285877000031
1870,3829760,3.7165918350219727,,,0.0002989004888860586,112.87364610900113
1880,3850240,3.9992456436157227,,,0.000298882779622025,113.46942379800021
1890,3870720,4.318633079528809,,,0.000298864929470566,114.01007607300198
1900,3891200,3.7590441703796387,3.928260886669159,50.81852160555855,0.0002988469384504656,114.91584237200004
1910,3911680,4.064251899719238,,,0.00029882880658065606,115.41133374700075
1920,3932160,3.8265933990478516,,,0.00029881053388021797,116.01198890399974
1930,3952640,4.01515007019043,,,0.00029879212036837996,116.51931748300194
1940,3973120,4.052289962768555,,,0.000298773566064519,117.09541856600117
1950,3993600,3.8663625717163086,,,0.00029875487098816016,117.7212376489988
1960,4014080,4.087090969085693,,,0.00029873603515897655,118.34982290600237
1970,4034560,4.010001182556152,,,0.0002987170585967895,119.02665408100074
1980,4055040,4.014495849609375,,,0.0002986979413215685,119.66618994000237
1990,4075520,3.644503116607666,,,0.00029867868335343084,120.32656400400083
2000,4096000,4.049240589141846,3.9023334264755247,49.5178606880831,0.00029865928471264224,121.3781402450004
2010,4116480,3.982675075531006,,,0.0002986397454196161,122.47453032799967
2020,4136960,3.9006187915802,,,0.00029862006549491416,123.01021768999999
2030,4157440,3.782379150390625,,,0.0002986002449592459,123.47824352799944
2040,4177920,4.042745113372803,,,0.0002985802838334688,124.05913754200083
2050,4198400,4.044436931610107,,,0.0002985601821385884,124.79082751999886
2060,4218880,3.873358726501465,,,0.0002985399398957581,125.37542013300117
2070,4239360,4.048102378845215,,,0.0002985195571262792,125.94057850000172
2080,4259840,3.9523987770080566,,,0.00029849903385160086,126.44007608500033
2090,4280320,3.8041868209838867,,,0.00029847837009332016,127.0052018259994
2100,4300800,3.8662123680114746,3.8802896976470946,48.438245484704495,0.0002984575658731819,127.85939155600136
2110,4321280,3.9814400672912598,,,0.00029843662121307877,128.3246131800006
2120,4341760,3.8332037925720215,,,0.00029841553613505135,128.86010848799924
2130,4362240,3.8699774742126465,,,0.0002983943106612877,129.31121779000023
2140,4382720,3.7244763374328613,,,0.00029837294481412395,129.7807579069995
2150,4403200,3.5296454429626465,,,0.0002983514386160437,130.38350268200156
2160,4423680,4.079296112060547,,,0.00029832979208967836,130.91507108899896
2170,4444160,3.795806407928467,,,0.000298308005257807,131.41114979600025
2180,4464640,3.9521517753601074,,,0.00029828607814335635,131.91911405800056
2190,4485120,3.986070156097412,,,0.00029826401076940063,132.38932129599925
2200,4505600,3.747285842895508,3.863921654224396,47.65185953580055,0.0002982418031591619,133.2195725749989
2210,4526080,3.8402600288391113,,,0.0002982194553360096,133.67024749100165
2220,4546560,3.9229607582092285,,,0.0002981969673234606,134.26250833800077
2230,4567040,4.011730194091797,,,0.0002981743391451798,134.74214903699976
2240,4587520,3.898033618927002,,,0.00029815157082497905,135.24514743200052
2250,4608000,3.891568660736084,,,0.00029812866238681786,135.74837431900232
2260,4628480,3.743216037750244,,,0.0002981056138548034,136.31057681600214
2270,4648960,4.077089786529541,,,0.00029808242525318994,136.95793382000193
2280,4669440,3.838416814804077,,,0.00029805909660637935,137.598885358002
2290,4689920,3.8324732780456543,,,0.0002980356279389208,138.0776867220011
2300,4710400,3.9352774620056152,3.8429226636886598,46.66165165770201,0.00029801201927551077,138.8959149780021
2310,4730880,3.7952756881713867,,,0.0002979882706409932,139.45226549400104
2320,4751360,4.233729362487793,,,0.00029796438206035916,140.00617310899906
2330,4771840,3.9629833698272705,,,0.0002979403535587471,140.5426744180004
2340,4792320,3.675079107284546,,,0.0002979161851614427,141.0745468339992
2350,4812800,3.90944504737854,,,0.0002978918768938788,141.55445528600103
2360,4833280,3.9953596591949463,,,0.00029786742878163547,142.1914981930022
2370,4853760,3.7626590728759766,,,0.0002978428408504399,142.78713730500021
2380,4874240,4.033977508544922,,,0.0002978181131261664,143.28927421700064
2390,4894720,3.938852310180664,,,0.00029779324563483655,143.77995369400014
2400,4915200,3.7936582565307617,3.81744898557663,45.488019590229555,0.00029776823840261884,144.78625066300083
2410,4935680,3.9982516765594482,,,0.00029774309145582886,145.52128181300213
2420,4956160,3.757430076599121,,,0.00029771780482092916,146.31828205900092
2430,4976640,3.8313612937927246,,,0.00029769237852452944,146.80039841500184
2440,4997120,3.9549951553344727,,,0.0002976668125933863,147.5728772750008
2450,5017600,4.073516845703125,,,0.0002976411070544032,148.181654283002
2460,5038080,3.6839559078216553,,,0.0002976152619346305,148.67038654299904
2470,5058560,3.730888843536377,,,0.0002975892772612657,149.38897996300147
2480,5079040,3.96781325340271,,,0.0002975631530616528,149.88905577699916
2490,5099520,3.8721399307250977,,,0.0002975368893632829,150.48505238200232
2500,5120000,3.844412326812744,3.7900712966918944,44.259555723403345,0.0002975104861937938,151.29733172000124
2510,5140480,4.021271705627441,,,0.00029748394358097,152.08256910199998
2520,5160960,4.014779567718506,,,0.00029745726155274284,152.54464964300132
2530,5181440,3.7271294593811035,,,0.00029743044013719037,153.1090499990023
2540,5201920,3.655421733856201,,,0.0002974034793625372,153.64190621300077
2550,5222400,3.827785015106201,,,0.0002973763792571547,154.20097359300053
2560,5242880,3.6346497535705566,,,0.00029734913984956083,154.80471554100222
2570,5263360,3.7737128734588623,,,0.00029732176116842014,155.39707176700176
2580,5283840,3.5819578170776367,,,0.0002972942432425438,155.9488504889996
2590,5304320,3.8586714267730713,,,0.0002972665861008894,156.52992802199878
2600,5324800,3.7979226112365723,3.76750305891037,43.27188248817388,0.0002972387897725611,157.59436099800223
2610,5345280,3.9428608417510986,,,0.0002972108542868095,158.34644865700102
2620,5365760,3.829435348510742,,,0.00029718277967303165,158.8578316589992
2630,5386240,3.9654035568237305,,,0.00029715456596077103,159.38662419600223
2640,5406720,3.6674137115478516,,,0.0002971262131797174,159.8996876980018
2650,5427200,3.722801446914673,,,0.00029709772135970707,160.4945261190005
2660,5447680,3.974440813064575,,,0.00029706909053072236,161.05616192999878
2670,5468160,3.6673593521118164,,,0.00029704032072289224,161.59334071600097
2680,5488640,3.8915083408355713,,,0.00029701141196649154,162.1096083090015
2690,5509120,4.0653581619262695,,,0.0002969823642919416,162.6204984979995
2700,5529600,3.967034339904785,3.727130877971649,41.55969710104407,0.00029695317772980985,163.51994484500028
2710,5550080,4.0565385818481445,,,0.00029692385231080986,164.11537487900205
2720,5570560,3.8920936584472656,,,0.0002968943880658013,164.67239604200222
2730,5591040,3.6527204513549805,,,0.00029686478502578996,165.20433047199913
2740,5611520,3.634413480758667,,,0.0002968350432219278,165.84718359900216
2750,5632000,3.9308276176452637,,,0.00029680516268551255,166.50386002000232
2760,5652480,3.8446173667907715,,,0.0002967751434479881,167.10589721400174
2770,5672960,3.899562120437622,,,0.00029674498554094436,167.5933073439992
2780,5693440,3.7698800563812256,,,0.00029671468899611706,168.08198945299955
2790,5713920,3.665915012359619,,,0.0002966842538453877,168.60505914000169
2800,5734400,3.667196273803711,3.6835388422012327,39.78694495205392,0.00029665368012078393,169.53367241399974
2810,5754880,3.691585063934326,,,0.00029662296785447904,169.99311088200193
2820,5775360,3.6756327152252197,,,0.00029659211707879206,170.6012090180011
2830,5795840,3.7083044052124023,,,0.0002965611278261879,171.2096001760001
2840,5816320,3.760077953338623,,,0.00029653000012927716,171.71386424700177
2850,5836800,3.615231990814209,,,0.0002964987340208161,172.40769123399878
2860,5857280,3.76491117477417,,,0.00029646732953370666,173.30520955500106
2870,5877760,3.691389560699463,,,0.0002964357867009964,173.90858404499886
2880,5898240,3.5318472385406494,,,0.0002964041055558784,174.45324752799934
2890,5918720,4.061306953430176,,,0.0002963722861316914,175.079777965002
2900,5939200,3.8337883949279785,3.6301467299461363,37.71835062272488,0.0002963403284619195,175.88017350700102
2910,5959680,3.726731777191162,,,0.00029630823258019253,176.3826233180007
2920,5980160,3.659034013748169,,,0.0002962759985202854,177.06217136100167
2930,6000640,3.5120882987976074,,,0.00029624362631611883,177.65712887900008
2940,6021120,3.822758197784424,,,0.00029621111600175855,178.16117046300133
2950,6041600,3.698972225189209,,,0.0002961784676114159,178.69244704399898
2960,6062080,3.8534231185913086,,,0.00029614568117944737,179.1977207359996
2970,6082560,3.9477148056030273,,,0.00029611275674035475,179.84417041900087
2980,6103040,3.641280174255371,,,0.00029607969432878504,180.33865546699963
2990,6123520,3.357219696044922,,,0.00029604649397953046,180.8678526090007
3000,6144000,3.9486136436462402,3.58649263381958,36.10721236253226,0.00029601315572752845,181.76857290499902
3010,6164480,3.4955568313598633,,,0.0002959796796078614,182.84929846500017
3020,6184960,3.77610445022583,,,0.00029594606565575693,183.56258113500007
3030,6205440,3.481030225753784,,,0.00029591231390658764,184.06929564800157
3040,6225920,3.5839996337890625,,,0.0002958784243958711,184.56411734400172
3050,6246400,3.865356206893921,,,0.00029584439715926996,185.1329144170013
3060,6266880,3.684774398803711,,,0.0002958102322325917,185.7120050190024
3070,6287360,3.445044994354248,,,0.0002957759296517887,186.33121278800172
3080,6307840,3.5167107582092285,,,0.0002957414894529583,186.92061938299958
3090,6328320,3.464416980743408,,,0.0002957069116723425,187.46425791799993
3100,6348800,3.5526223182678223,3.5399091482162475,34.463787952009916,0.0002956721963463282,188.35074980799982
3110,6369280,3.8115968704223633,,,0.0002956373435114471,188.94445031299983
3120,6389760,3.400951623916626,,,0.00029560235320437537,189.5279389560019
3130,6410240,3.720449209213257,,,0.00029556722546193406,190.10875719199976
3140,6430720,3.5099077224731445,,,0.0002955319603210887,190.66900234300192
3150,6451200,3.7276763916015625,,,0.0002954965578189496,191.23259645500002
3160,6471680,3.6444711685180664,,,0.00029546101799277134,191.7711601020019
3170,6492160,3.5227417945861816,,,0.00029542534087995326,192.28354553700046
3180,6512640,3.661972999572754,,,0.00029538952651803903,192.79603359400062
3190,6533120,3.712362289428711,,,0.0002953535749447169,193.41266777700002
3200,6553600,3.5585432052612305,3.504617786407471,33.26872566287165,0.0002953174861978192,194.34053126800063
3210,6574080,3.4188621044158936,,,0.00029528126031532306,194.89181934299995
3220,6594560,3.5500407218933105,,,0.0002952448973353494,195.42056390600192
3230,6615040,3.4256086349487305,,,0.00029520839729616394,195.9214682870006
3240,6635520,3.51831316947937,,,0.0002951717602361762,196.52146521900067
3250,6656000,3.6159205436706543,,,0.00029513498619394016,197.03789717399923
3260,6676480,3.36507248878479,,,0.0002950980752081538,197.58020173600016
3270,6696960,3.4992728233337402,,,0.00029506102731765926,198.15627843900074
3280,6717440,3.5344228744506836,,,0.0002950238425614428,198.69677841700104
3290,6737920,3.712019443511963,,,0.00029498652097863465,199.22407117400144
3300,6758400,3.716515064239502,3.4664242386817934,32.022034330866425,0.00029494906260850895,200.255574720999
3310,6778880,3.6436362266540527,,,0.0002949114674904839,200.80971360699914
3320,6799360,3.510258674621582,,,0.00029487373566412155,201.42999656900065
3330,6819840,3.3269245624542236,,,0.0002948358671691279,201.9947262900023
3340,6840320,3.4695658683776855,,,0.0002947978620453527,202.53028913100206
3350,6860800,3.4914913177490234,,,0.0002947597203327893,203.0559183459991
3360,6881280,3.397965431213379,,,0.0002947214420715752,203.77548687300077
3370,6901760,3.5037102699279785,,,0.0002946830273019912,204.3730629749989
3380,6922240,3.331448793411255,,,0.00029464447606446193,204.89805316099955
3390,6942720,3.348630428314209,,,0.0002946057883995556,205.57466070500232
3400,6963200,3.4209446907043457,3.4351070404052733,31.03473435828514,0.00029456696434798397,206.4624190300019
3410,6983680,3.595374822616577,,,0.0002945280039506024,207.05962284999987
3420,7004160,3.795144557952881,,,0.0002944889072484096,207.68505484100024
3430,7024640,3.6254467964172363,,,0.00029444967428254783,208.2740613140013
3440,7045120,3.346618890762329,,,0.0002944103050943026,208.75699531200007
3450,7065600,3.476574420928955,,,0.000294370799725103,209.20742611099922
3460,7086080,3.382282257080078,,,0.0002943311582165212,209.65149078600007
3470,7106560,3.35667085647583,,,0.0002942913806102727,210.2579552060015
3480,7127040,3.359708547592163,,,0.00029425146694821635,210.98964758299917
3490,7147520,3.408757448196411,,,0.000294211417272354,211.4508679790015
3500,7168000,3.5983901023864746,3.3987388134002687,29.926333546252735,0.00029417123162483067,212.64314761900096
3510,7188480,3.609098434448242,,,0.00029413091004793456,213.51969650699903
3520,7208960,3.2692041397094727,,,0.0002940904525840967,214.14337190900187
3530,7229440,3.359060764312744,,,0.00029404985927589144,214.67651104800098
3540,7249920,3.2847561836242676,,,0.00029400913016603574,215.13845742500052
3550,7270400,3.5073742866516113,,,0.00029396826529738977,215.97504412200215
3560,7290880,3.587028741836548,,,0.00029392726471295634,216.43846362200202
3570,7311360,3.431889533996582,,,0.00029388612845588117,216.95609746099944
3580,7331840,3.668339967727661,,,0.0002938448565694527,217.4306424919996
3590,7352320,3.3056020736694336,,,0.00029380344909710215,218.14411241400012
3600,7372800,3.4977612495422363,3.368886184692383,29.04615697972786,0.0002937619060824034,219.0687806720016
3610,7393280,3.2347230911254883,,,0.000293720227569073,219.59059715400144
3620,7413760,3.4128355979919434,,,0.00029367841360097,220.25187009900037
3630,7434240,3.4031529426574707,,,0.0002936364642220961,220.7133094640012
3640,7454720,3.518582344055176,,,0.0002935943794765954,221.21449536100044
3650,7475200,3.231597900390625,,,0.0002935521594087544,221.72680892800054
3660,7495680,3.3071985244750977,,,0.0002935098040630023,222.3444585290017
3670,7516160,3.3170714378356934,,,0.00029346731348391027,222.965431214001
3680,7536640,3.4150733947753906,,,0.000293424687716192,223.50501523799903
3690,7557120,3.2005014419555664,,,0.0002933819268047035,224.05372792100025
3700,7577600,3.397404193878174,3.34086195230484,28.24346073259172,0.00029333903079444283,224.8759307500004
3710,7598080,3.3372654914855957,,,0.0002932959997305502,225.5355449000017
3720,7618560,3.4214720726013184,,,0.00029325283365830816,226.10631900999942
3730,7639040,3.2749552726745605,,,0.0002932095326231412,226.72114649700234
3740,7659520,3.7016077041625977,,,0.0002931660966706157,227.37593571099933
3750,7680000,3.457674980163574,,,0.0002931225258464402,227.86593154100046
3760,7700480,3.1814327239990234,,,0.0002930788201964652,228.4878761079999
3770,7720960,3.476386070251465,,,0.000293034979766683,228.96835170399936
3780,7741440,3.178983211517334,,,0.0002929910046032276,229.69814060800127
3790,7761920,3.3015494346618652,,,0.00029294689475237504,230.16680570400058
3800,7782400,3.5400147438049316,3.319276201725006,27.640337288155767,0.00029290265026054284,231.05370935800238
3810,7802880,3.31174635887146,,,0.00029285827117429044,231.62566665900158
3820,7823360,3.5027971267700195,,,0.0002928137575403187,232.16767424900172
3830,7843840,3.437602996826172,,,0.0002927691094054704,232.68522845500047
3840,7864320,3.222738742828369,,,0.00029272432681672934,233.21335357800126
3850,7884800,3.2516164779663086,,,0.00029267940982122124,233.77820341400002
3860,7905280,3.5132546424865723,,,0.0002926343584662131,234.34932991200185
3870,7925760,3.2650656700134277,,,0.0002925891727991134,234.89039051500004
3880,7946240,3.412716865539551,,,0.0002925438528674718,235.47128948799946
3890,7966720,3.7331008911132812,,,0.0002924983987189793,236.06564544299908
3900,7987200,3.6560702323913574,3.2892939329147337,26.82391748281855,0.0002924528104014683,237.00453176800147
3910,8007680,3.231982946395874,,,0.00029240708796291214,237.50761539499945
3920,8028160,3.4328627586364746,,,0.0002923612314514255,238.1201697079996
3930,8048640,3.2450222969055176,,,0.00029231524091526405,238.70932077700127
3940,8069120,3.2870330810546875,,,0.00029226911640282456,239.33386524600064
3950,8089600,3.231851577758789,,,0.0002922228579626447,239.8407796060019
3960,8110080,3.2922515869140625,,,0.00029217646564340307,240.5560094140019
3970,8130560,3.168212890625,,,0.00029212993949391926,241.16727026900116
3980,8151040,3.6199092864990234,,,0.0002920832795631536,241.72083054000177
3990,8171520,3.0720620155334473,,,0.00029203648590020724,242.36040924400004
4000,8192000,3.2122485637664795,3.2547978281974794,25.91437484848424,0.00029198955855432214,243.18477086599887
4010,8212480,3.284717321395874,,,0.00029194249757488066,244.0078905650007
4020,8232960,3.353421211242676,,,0.0002918953030114062,244.60893160699925
4030,8253440,3.4872848987579346,,,0.00029184797491356234,245.1293547480018
4040,8273920,3.5540034770965576,,,0.0002918005133311534,245.7000448409999
4050,8294400,3.1303539276123047,,,0.0002917529183141241,246.27426124900012
4060,8314880,3.528905153274536,,,0.00029170518991255965,246.75575166400085
4070,8335360,3.3554792404174805,,,0.0002916573281766855,247.34628471000178
4080,8355840,3.348371744155884,,,0.0002916093331568675,247.94443628999943
4090,8376320,3.2158048152923584,,,0.0002915612049036118,248.53062204900198
4100,8396800,3.4272913932800293,3.231504797935486,25.317726382784993,0.0002915129434675645,249.5480076499989
4110,8417280,3.446296215057373,,,0.00029146454889951223,250.4044388330003
4120,8437760,3.158996105194092,,,0.00029141602125038146,251.12778798200088
4130,8458240,3.2673630714416504,,,0.0002913673605712388,251.6166430939993
4140,8478720,3.2966508865356445,,,0.0002913185669132907,252.18445498499932
4150,8499200,3.270913600921631,,,0.00029126964032788385,252.7105924460011
4160,8519680,3.106846332550049,,,0.00029122058086650444,253.38754638699902
4170,8540160,3.2995212078094482,,,0.00029117138858077884,253.86728937800217
4180,8560640,3.3257737159729004,,,0.0002911220635224729,254.5214376770018
4190,8581120,3.040623188018799,,,0.0002910726057434925,255.10252887400202
4200,8601600,3.3593626022338867,3.2015522122383118,24.570639459898516,0.0002910230152958829,255.99952694199965
4210,8622080,3.4826619625091553,,,0.0002909732922318291,256.6240012390008
4220,8642560,3.2547903060913086,,,0.0002909234366036556,257.48579988599886
4230,8663040,3.2902612686157227,,,0.0002908734484638265,258.0430446520004
4240,8683520,3.269200563430786,,,0.00029082332786494527,258.85462569300216
4250,8704000,3.570199728012085,,,0.00029077307485975476,259.3977050499998
4260,8724480,3.303079605102539,,,0.0002907226895011372,259.98920180500136
4270,8744960,3.309354543685913,,,0.00029067217184211406,260.55814654799906
4280,8765440,3.292170763015747,,,0.000290621521935846,261.1113106760022
4290,8785920,3.3014683723449707,,,0.000290570739835633,261.650704271
4300,8806400,3.268738269805908,3.1768242478370667,23.970508154783115,0.00029051982559491393,262.74742430699916
4310,8826880,3.2885327339172363,,,0.00029046877926726687,263.33122960900073
4320,8847360,3.690098524093628,,,0.00029041760090640884,263.9460498610024
4330,8867840,3.320352554321289,,,0.00029036629056619585,264.4492005300017
4340,8888320,3.1705093383789062,,,0.00029031484830062274,264.99447358700127
4350,8908800,3.24066162109375,,,0.0002902632741638231,265.49662558400087
4360,8929280,2.9912543296813965,,,0.0002902115682100696,266.0323223060004
4370,8949760,3.2719898223876953,,,0.00029015973049377323,266.5460709660001
4380,8970240,2.9840879440307617,,,0.0002901077610694839,267.0882202540015
4390,8990720,3.4535951614379883,,,0.00029005565999188997,267.606825502
4400,9011200,3.0886590480804443,3.155777108669281,23.47126973333023,0.00029000342731581847,268.4963114220009
4410,9031680,3.039677619934082,,,0.0002899510630962348,269.0589698940021
4420,9052160,2.9635915756225586,,,0.0002898985673882429,269.62897930799954
4430,9072640,3.430412769317627,,,0.000289845940247085,270.2912893009998
4440,9093120,3.3403186798095703,,,0.00028979318172814154,270.9037682390008
4450,9113600,3.3458304405212402,,,0.0002897402918869315,271.5387539959993
4460,9134080,3.0506703853607178,,,0.00028968727077911176,272.0805304429996
4470,9154560,3.3026232719421387,,,0.00028963411846047747,272.6824133779992
4480,9175040,3.2317261695861816,,,0.00028958083498696185,273.2563602650007
4490,9195520,3.3299574851989746,,,0.00028952742041463614,273.72999640299895
4500,9216000,3.011214256286621,3.132192599773407,22.924188048266974,0.0002894738747997095,274.85154074599996
4510,9236480,3.176302909851074,,,0.000289420198198529,275.7032721780015
4520,9256960,3.126368999481201,,,0.0002893663906675796,276.3772630780004
4530,9277440,3.159557819366455,,,0.000289312452263484,277.04192804299964
4540,9297920,3.16542911529541,,,0.0002892583830430026,277.5525216490023
4550,9318400,2.9328675270080566,,,0.0002892041830630334,278.11593386800087
4560,9338880,3.268914222717285,,,0.00028914985238061227,278.63908422500026
4570,9359360,3.1796321868896484,,,0.0002890953910529123,279.199093883999
4580,9379840,3.044586658477783,,,0.0002890407991372442,279.70998750700164
4590,9400320,3.1642704010009766,,,0.0002889860766910561,280.33354429700194
4600,9420800,3.183138132095337,3.120119309425354,22.649081730906037,0.0002889312237719335,281.22115354700145
4610,9441280,3.446565628051758,,,0.0002888762404375992,281.73434117299985
4620,9461760,3.2456982135772705,,,0.00028882112674591317,282.2876207629997
4630,9482240,3.4805173873901367,,,0.0002887658827548727,282.85635115200057
4640,9502720,3.325469493865967,,,0.00028871050852261195,283.4455616619998
4650,9523200,3.1786930561065674,,,0.0002886550041074025,283.9918100920004
4660,9543680,3.0593714714050293,,,0.00028859936956765253,284.56030997500056
4670,9564160,3.1469240188598633,,,0.00028854360496190733,285.07995895000204
4680,9584640,3.2553296089172363,,,0.0002884877103488492,285.597717345001
4690,9605120,2.9879393577575684,,,0.00028843168578729714,286.12471197800187
4700,9625600,3.2990026473999023,3.0960342288017273,22.110093612442927,0.0002883755313362067,287.28372219599987
4710,9646080,3.14357852935791,,,0.00028831924705467044,288.0023238290014
4720,9666560,3.144692897796631,,,0.0002882628330019173,288.506308136999
4730,9687040,3.06516170501709,,,0.00028820628923731286,288.9529358710024
4740,9707520,3.375619411468506,,,0.0002881496158203593,289.462413276
4750,9728000,3.311697006225586,,,0.00028809281281069515,290.02281500200115
4760,9748480,3.018153190612793,,,0.00028803588026809525,290.59108896100224
4770,9768960,3.052377939224243,,,0.0002879788182524708,291.1092616570022
4780,9789440,3.408177137374878,,,0.0002879216268238693,291.5814921700003
4790,9809920,3.1332364082336426,,,0.0002878643060424744,292.0607851099994
4800,9830400,3.4893693923950195,3.082486891746521,21.812580527184416,0.0002878068559686058,292.8755997879998
4810,9850880,3.1011481285095215,,,0.0002877492766627194,293.64755865700135
4820,9871360,3.207165479660034,,,0.0002876915681854069,294.1148213859997
4830,9891840,3.1396279335021973,,,0.00028763373059739614,294.68916948699916
4840,9912320,3.0587310791015625,,,0.0002875757639595507,295.14728326800105
4850,9932800,3.2733678817749023,,,0.00028751766833287,295.69877444099984
4860,9953280,2.883466958999634,,,0.0002874594437784891,296.2235275189996
4870,9973760,2.974684000015259,,,0.000287401090357679,296.7695655060015
4880,9994240,3.065145969390869,,,0.000287342608131846,297.37220399099897
4890,10014720,2.9853053092956543,,,0.000287283997162532,297.9374768130001
4900,10035200,3.0191352367401123,3.063267540931702,21.39735980742165,0.0002872252575114146,298.8934370870011
4910,10055680,3.1549477577209473,,,0.00028716638924030654,299.46649579400037
4920,10076160,3.1464829444885254,,,0.0002871073924111562,299.9866589270023
4930,10096640,3.2968385219573975,,,0.0002870482670860469,300.66276062399993
4940,10117120,3.2500319480895996,,,0.00028698901332719745,301.23694359300134
4950,10137600,2.9917521476745605,,,0.0002869296311969617,301.7995522220008
4960,10158080,2.741816997528076,,,0.00028687012075782865,302.3787187070011
4970,10178560,3.068443775177002,,,0.0002868104820724222,302.91151516399987
4980,10199040,2.910473346710205,,,0.00028675071520350135,303.4951483190016
4990,10219520,3.3208305835723877,,,0.00028669082021395994,303.9797539829997
5000,10240000,3.341212272644043,3.0521239757537844,21.160240564407047,0.00028663079716682654,305.2649847600005
5010,10260480,3.103004217147827,,,0.00028657064612526466,306.0934433830007
5020,10280960,3.2237353324890137,,,0.0002865103671525723,306.67355587600105
5030,10301440,3.190159797668457,,,0.0002864499603121822,307.2205534550012
5040,10321920,3.047605037689209,,,0.0002863894256676617,307.9047753980012
5050,10342400,3.1285457611083984,,,0.00028632876328271256,308.56898659500075
5060,10362880,3.3416056632995605,,,0.0002862679732211709,309.1488500710002
5070,10383360,3.1335887908935547,,,0.0002862070555470074,309.7062292139999
5080,10403840,3.4876959323883057,,,0.00028614601032432677,310.27584054900217
5090,10424320,3.05613112449646,,,0.0002860848376173682,310.81218437200005
5100,10444800,3.258281946182251,3.0354376912117003,20.810084297446867,0.00028602353749050474,311.83585689400206
5110,10465280,3.2989206314086914,,,0.0002859621100082438,312.40068057700046
5120,10485760,3.191709041595459,,,0.00028590055523522673,313.0469026230021
5130,10506240,2.89266300201416,,,0.0002858388732362287,313.60571185400113
5140,10526720,3.078191041946411,,,0.000285777064076159,314.2063844719996
5150,10547200,3.1842637062072754,,,0.0002857151278200605,314.8639564010009
5160,10567680,3.258143186569214,,,0.00028565306453310995,315.42291066300095
5170,10588160,2.9415149688720703,,,0.00028559087428061775,316.06706881900027
5180,10608640,3.16980242729187,,,0.0002855285571280278,316.6629896810009
5190,10629120,2.8617212772369385,,,0.00028546611314091776,317.312588752
5200,10649600,3.356456756591797,3.0188288569450377,20.467307497448004,0.0002854035423849986,318.3699544910014
5210,10670080,2.881075859069824,,,0.0002853408449261148,319.00424684300015
5220,10690560,3.265542507171631,,,0.0002852780208302439,319.62550897799883
5230,10711040,3.056689739227295,,,0.00028521507016349715,320.12210999500167
5240,10731520,3.118471384048462,,,0.0002851519929921186,320.603823671001
5250,10752000,3.0258748531341553,,,0.00028508878938248556,321.0555211780011
5260,10772480,3.0097315311431885,,,0.0002850254594011085,321.7082937160012
5270,10792960,3.129889965057373,,,0.0002849620031146307,322.29363075400033
5280,10813440,3.4188196659088135,,,0.0002848984205898285,322.85505999700035
5290,10833920,3.0476772785186768,,,0.00028483471189361093,323.41299602300205
5300,10854400,3.2331385612487793,3.009259796142578,20.27238866993914,0.00028477087709301996,324.5205874200001
5310,10874880,2.932015895843506,,,0.0002847069162552301,325.04002177800066
5320,10895360,3.173232078552246,,,0.0002846428294475486,325.6075454210004
5330,10915840,3.105712890625,,,0.00028457861673741533,326.0947157289993
5340,10936320,3.0283055305480957,,,0.00028451427819240247,326.64467136700114
5350,10956800,2.902797222137451,,,0.0002844498138802147,327.34720840999944
5360,10977280,3.273529529571533,,,0.00028438522386868906,327.89024867899934
5370,10997760,3.0883350372314453,,,0.0002843205082257949,328.4308506870002
5380,11018240,2.9278759956359863,,,0.00028425566701963367,328.9356384060011
5390,11038720,3.0746095180511475,,,0.0002841907003184391,329.5727129469997
5400,11059200,3.05380916595459,2.9969558238983156,20.024485983748637,0.0002841256081905769,330.57522656199944
5410,11079680,3.1409614086151123,,,0.00028406039070454466,331.13048483500097
5420,11100160,2.867114543914795,,,0.0002839950479289721,331.57893673999934
5430,11120640,3.1561102867126465,,,0.0002839295799326207,332.0591222200019
5440,11141120,3.037036895751953,,,0.0002838639867843836,332.51288105700223
5450,11161600,3.066345453262329,,,0.00028379826855328577,333.0041932970016
5460,11182080,3.2929837703704834,,,0.0002837324253084838,333.60570817999906
5470,11202560,2.9980416297912598,,,0.0002836664571192658,334.2218071499992
5480,11223040,2.9974169731140137,,,0.00028360036405505125,334.7350952400011
5490,11243520,3.008194923400879,,,0.0002835341461853913,335.27785180200226
5500,11264000,3.0618417263031006,2.980366218090057,19.69502799975517,0.0002834678035799683,336.30733510400023
5510,11284480,2.7879271507263184,,,0.0002834013363085957,337.51213151499906
5520,11304960,3.0179455280303955,,,0.0002833347444412184,338.05603261500073
5530,11325440,2.9481711387634277,,,0.00028326802804791223,338.6377747160004
5540,11345920,2.851205825805664,,,0.00028320118719888423,339.22249380300127
5550,11366400,3.3275046348571777,,,0.0002831342219644723,339.7354155150024
5560,11386880,3.121589183807373,,,0.00028306713241514517,340.4995134849996
5570,11407360,3.1025326251983643,,,0.0002829999186215025,341.1200866219988
5580,11427840,3.0809764862060547,,,0.0002829325806542746,341.61876968900106
5590,11448320,2.988406181335449,,,0.0002828651185843227,342.19556012999965
5600,11468800,3.270071029663086,2.971933734416962,19.529648258656675,0.0002827975324826382,343.0277760530007
5610,11489280,2.974597454071045,,,0.0002827298224203434,343.53198985199924
5620,11509760,2.8710110187530518,,,0.0002826619884686909,344.0266772700015
5630,11530240,2.833116054534912,,,0.00028259403069906357,344.5330525600002
5640,11550720,3.0197501182556152,,,0.0002825259491829748,344.99486226500085
5650,11571200,3.2220873832702637,,,0.00028245774399206794,345.4907605059998
5660,11591680,3.0822629928588867,,,0.00028238941519811674,346.0666431009995
5670,11612160,2.958834409713745,,,0.00028232096287302493,346.58834684999965
5680,11632640,3.2139182090759277,,,0.0002822523870888261,347.1151686580015
5690,11653120,2.968722105026245,,,0.0002821836879176839,347.6205784170015
5700,11673600,3.1611366271972656,2.9578946828842163,19.2573861430491,0.00028211486543189187,348.47250905200053
5710,11694080,3.0889434814453125,,,0.00028204591970387315,348.99171981700056
5720,11714560,3.132265090942383,,,0.00028197685080618063,349.5048562890006
5730,11735040,3.0923662185668945,,,0.0002819076588114969,349.9841968670007
5740,11755520,2.964822292327881,,,0.0002818383437926341,350.6821475850011
5750,11776000,2.811715602874756,,,0.0002817689058225336,351.20804616900205
5760,11796480,3.078650951385498,,,0.00028169934497426644,351.6994350470013
5770,11816960,3.0324296951293945,,,0.00028162966132103275,352.22502165900005
5780,11837440,3.149000883102417,,,0.00028155985493616203,352.8788534029991
5790,11857920,3.2982282638549805,,,0.0002814899258931129,353.3555874519989
5800,11878400,3.1593399047851562,2.946456861495972,19.038378472859595,0.00028141987426547293,354.1724220600008
5810,11898880,2.9630110263824463,,,0.0002813497001269589,354.68232968899974
5820,11919360,3.076817512512207,,,0.00028127940355141646,355.2095973610012
5830,11939840,3.183483839035034,,,0.0002812089846128199,355.7580136050019
5840,11960320,2.979261875152588,,,0.0002811384433852725,356.3223599060002
5850,11980800,2.8558907508850098,,,0.00028106777994300615,356.79910572000153
5860,12001280,3.026279926300049,,,0.00028099699436038135,357.3281010290011
5870,12021760,2.7929458618164062,,,0.0002809260867118871,357.87560610700166
5880,12042240,2.7437310218811035,,,0.00028085505707214095,358.39125608500035
5890,12062720,2.9740052223205566,,,0.00028078390551588867,359.08205038000233
5900,12083200,2.7784547805786133,2.9335415720939637,18.794073336832387,0.0002807126321180045,359.89560493799945
5910,12103680,3.0719423294067383,,,0.0002806412369534907,360.466216806999
5920,12124160,3.2952916622161865,,,0.0002805697200974779,361.53600059400196
5930,12144640,2.8977608680725098,,,0.0002804980816252246,362.25086109900076
5940,12165120,2.7657876014709473,,,0.0002804263216121174,362.78847044899885
5950,12185600,2.9972634315490723,,,0.0002803544401336706,363.3432659600003
5960,12206080,2.992215156555176,,,0.00028028243726552655,363.85493777300144
5970,12226560,2.957000255584717,,,0.0002802103130834553,364.36672809300217
5980,12247040,2.9271650314331055,,,0.00028013806766335445,364.894804896001
5990,12267520,3.165335178375244,,,0.0002800657010812493,365.4244761459995
6000,12288000,2.8289623260498047,2.9199955105781554,18.54120422027277,0.00027999321341329255,366.30049820800195
6010,12308480,2.88577938079834,,,0.0002799206047357644,367.09272875100214
6020,12328960,2.925354480743408,,,0.0002798478751250723,367.6427934530002
6030,12349440,3.1060047149658203,,,0.00027977502465775106,368.10996060099933
6040,12369920,3.2552270889282227,,,0.0002797020534104627,368.6442048930003
6050,12390400,3.0113914012908936,,,0.0002796289614599961,369.2872692429992
6060,12410880,2.9055333137512207,,,0.0002795557488832675,369.8327473829995
6070,12431360,2.981196880340576,,,0.0002794824157573198,370.4512900100017
6080,12451840,3.0532305240631104,,,0.00027940896215932284,371.028745202002
6090,12472320,3.0417041778564453,,,0.0002793353881665734,371.6088760640014
6100,12492800,3.1320719718933105,2.907811939716339,18.31667669568217,0.0002792616938564946,372.63296238100156
6110,12513280,3.130645751953125,,,0.0002791878793066366,373.167938210001
6120,12533760,2.8755524158477783,,,0.00027911394459467564,373.74708351400113
6130,12554240,2.7659215927124023,,,0.0002790398897984148,374.2216262639995
6140,12574720,3.0190727710723877,,,0.0002789657149957834,374.7507364490011
6150,12595200,2.9143424034118652,,,0.00027889142026483695,375.41666668499965
6160,12615680,3.064345359802246,,,0.0002788170056837571,375.98312729100144
6170,12636160,3.019096851348877,,,0.0002787424713308519,376.6150697910016
6180,12656640,2.8728280067443848,,,0.0002786678172845553,377.27880145699964
6190,12677120,3.1629562377929688,,,0.00027859304362342713,377.8115389459999
6200,12697600,3.157057762145996,2.901866888999939,18.208106172177533,0.00027851815042615315,378.8092607610015
6210,12718080,3.0286026000976562,,,0.0002784431377715449,379.53444239700184
6220,12738560,2.852243423461914,,,0.00027836800573853966,380.05006331700133
6230,12759040,3.11752986907959,,,0.0002782927544062003,380.5431823930012
6240,12779520,2.7609314918518066,,,0.0002782173838537153,381.06430268999975
6250,12800000,2.847259521484375,,,0.0002781418941603984,381.57745470699956
6260,12820480,2.620974063873291,,,0.00027806628540568914,382.2413581990004
6270,12840960,3.040977954864502,,,0.00027799055766915173,382.8612765860016
6280,12861440,3.0269789695739746,,,0.0002779147110304762,383.39071874900037
6290,12881920,2.925027370452881,,,0.00027783874556947723,383.96040754299975
6300,12902400,3.2910680770874023,2.8896286249160767,17.9866285753471,0.00027776266136609484,384.85405914200237
6310,12922880,2.807490348815918,,,0.00027768645850039387,385.5179016969996
6320,12943360,3.4097559452056885,,,0.0002776101370525641,386.18384810000134
6330,12963840,3.0121891498565674,,,0.00027753369710292,386.767037302001
6340,12984320,2.924565315246582,,,0.0002774571387319008,387.4496979180003
6350,13004800,2.771338701248169,,,0.0002773804620200704,387.97067922800125
6360,13025280,2.8016295433044434,,,0.00027730366704811717,388.50882939800067
6370,13045760,3.1341488361358643,,,0.0002772267538968539,389.01176133099943
6380,13066240,2.7551023960113525,,,0.0002771497226472178,389.59802980400127
6390,13086720,2.826413631439209,,,0.00027707257338027035,390.06381719099954
6400,13107200,3.0776405334472656,2.8771400570869448,17.76339815978386,0.0002769953061771972,390.9702277409997
6410,13127680,2.748546600341797,,,0.00027691792111930806,391.5215924490003
6420,13148160,2.903839588165283,,,0.00027684041828803684,392.0785900490009
6430,13168640,2.8990211486816406,,,0.00027676279776494113,392.6558550480004
6440,13189120,3.1532249450683594,,,0.0002766850596317026,393.1247042460018
6450,13209600,3.2407522201538086,,,0.0002766072039701265,393.59667176400035
6460,13230080,2.802535057067871,,,0.00027652923086214187,394.12912262399914
6470,13250560,2.9600038528442383,,,0.0002764511403898014,394.6918044699996
6480,13271040,3.0097742080688477,,,0.00027637293263528106,395.21991669400086
6490,13291520,2.7142958641052246,,,0.00027629460768088045,395.81835145900186
6500,13312000,2.9954962730407715,2.8677661776542664,17.597664205750686,0.0002762161656090224,396.67074276600033
6510,13332480,2.9695911407470703,,,0.000276137606502253,397.59662005000064
6520,13352960,2.583021640777588,,,0.0002760589304432416,398.2515276140002
6530,13373440,2.6955454349517822,,,0.00027598013751478043,399.00927142
6540,13393920,3.0247156620025635,,,0.0002759012277997848,399.5420949719992
6550,13414400,2.9203481674194336,,,0.000275822201381293,400.094866419
6560,13434880,2.86429500579834,,,0.00027574305834246606,400.6593403980005
6570,13455360,3.0677099227905273,,,0.0002756637987665876,401.34309403800216
6580,13475840,2.8360700607299805,,,0.0002755844227370641,401.8050521900004
6590,13496320,2.8674886226654053,,,0.00027550493033742443,402.4953749000015
6600,13516800,3.096778392791748,2.853245532512665,17.34398104744852,0.00027542532165132004,403.32264729800227
6610,13537280,2.683157444000244,,,0.00027534559676252457,403.9373562440014
6620,13557760,2.8739895820617676,,,0.00027526575575493423,404.5557515239998
6630,13578240,3.172579288482666,,,0.00027518579871256706,405.14595116800047
6640,13598720,2.7557790279388428,,,0.0002751057257195635,405.69145645200115
6650,13619200,2.8381197452545166,,,0.0002750255368601859,406.19270653499916
6660,13639680,3.057668447494507,,,0.00027494523221881847,406.74566517100175
6670,13660160,2.905581474304199,,,0.00027486481187996743,407.24370999500024
6680,13680640,2.9656739234924316,,,0.0002747842759282605,407.867217119001
6690,13701120,3.0009188652038574,,,0.0002747036244484474,408.3945560989996
6700,13721600,2.72047758102417,2.8425463438034058,17.159403695960915,0.00027462285752539913,409.23319072899903
6710,13742080,2.8038692474365234,,,0.0002745419752441083,409.98922510400007
6720,13762560,2.5732548236846924,,,0.00027446097768968884,410.572598024999
6730,13783040,3.01607608795166,,,0.00027437986494737614,411.2880166319992
6740,13803520,3.092261791229248,,,0.0002742986371025266,411.867307034001
6750,13824000,3.0214903354644775,,,0.00027421729424061787,412.31678432899935
6760,13844480,3.0116686820983887,,,0.00027413583644724865,412.83053055100027
6770,13864960,3.065805435180664,,,0.0002740542638081385,413.3457917199994
6780,13885440,3.1236746311187744,,,0.0002739725764091279,413.8694992109995
6790,13905920,2.782193183898926,,,0.00027389077433617807,414.3100440590024
6800,13926400,2.932680130004883,2.8393513560295105,17.104667098886555,0.0002738088576753709,415.246619597001
6810,13946880,2.9911861419677734,,,0.0002737268265129088,415.77930399199977
6820,13967360,2.935084581375122,,,0.00027364468093511485,416.3747605810022
6830,13987840,2.830158233642578,,,0.0002735624210284324,416.99886826700094
6840,14008320,3.073314905166626,,,0.00027348004687942514,417.5239654670004
6850,14028800,2.9254181385040283,,,0.0002733975585747769,418.02182894400175
6860,14049280,3.0156166553497314,,,0.0002733149562012918,418.58280612900126
6870,14069760,2.613889694213867,,,0.00027323223984589384,419.1926440370007
6880,14090240,3.0955934524536133,,,0.0002731494095956271,419.65780503100177
6890,14110720,2.615292549133301,,,0.00027306646553765533,420.2669072530007
6900,14131200,2.7084922790527344,2.8207107901573183,16.788779731495183,0.00027298340775926225,421.2533804500017
6910,14151680,2.862687587738037,,,0.00027290023634785114,422.0114315710016
6920,14172160,2.6062889099121094,,,0.0002728169513909449,422.5629054170022
6930,14192640,2.9408159255981445,,,0.00027273355297618583,423.19620195400057
6940,14213120,2.8306283950805664,,,0.00027265004119133576,423.79859383499934
6950,14233600,3.134167194366455,,,0.00027256641612427574,424.28327373700085
6960,14254080,2.873973846435547,,,0.000272482677863006,424.8382230089992
6970,14274560,3.049913167953491,,,0.00027239882649564593,425.4309847650002
6980,14295040,3.1514859199523926,,,0.0002723148621104339,425.98231913700147
6990,14315520,2.9383411407470703,,,0.00027223078479572736,426.61742624999897
7000,14336000,3.017653465270996,2.813158941268921,16.662470936694564,0.00027214659464000235,427.4610165260019
7010,14356480,2.692915201187134,,,0.0002720622917318539,428.33821570800137
7020,14376960,2.8901829719543457,,,0.00027197787615999554,429.0213396020008
7030,14397440,2.720308542251587,,,0.00027189334801325937,429.5828806589998
7040,14417920,2.7129878997802734,,,0.00027180870738059606,430.130102086001
7050,14438400,2.894829273223877,,,0.00027172395435107454,430.7812654850022
7060,14458880,3.0418808460235596,,,0.00027163908901388205,431.3395856019997
7070,14479360,2.7502999305725098,,,0.000271554111458324,431.9241768760003
7080,14499840,2.7623469829559326,,,0.00027146902177382383,432.4460880600018
7090,14520320,2.873964548110962,,,0.00027138382004992324,432.9898271310012
7100,14540800,2.943274974822998,2.8047293782234193,16.522603924554357,0.00027129850637628157,434.62352868000016
7110,14561280,2.998978614807129,,,0.000271213080842676,435.4103621569993
7120,14581760,3.0396370887756348,,,0.0002711275435390015,436.06357368500176
7130,14602240,2.847217082977295,,,0.00027104189455527054,436.6476032060018
7140,14622720,2.8797271251678467,,,0.00027095613398161333,437.2137211850022
7150,14643200,2.8775157928466797,,,0.0002708702619082773,437.82465524500003
7160,14663680,2.623110294342041,,,0.0002707842784256272,438.4281722359992
7170,14684160,2.7313668727874756,,,0.0002706981836241453,438.9860194620014
7180,14704640,2.721745014190674,,,0.00027061197759443057,439.5131860649999
7190,14725120,2.8182835578918457,,,0.0002705256604271995,440.0052937790024
7200,14745600,2.9434762001037598,2.795849347114563,16.376532208269293,0.0002704392322132852,441.0533306130019
7210,14766080,2.9650676250457764,,,0.00027035269304363774,441.73714652499984
7220,14786560,2.6155810356140137,,,0.000270266043009324,442.18377013899953
7230,14807040,2.854951858520508,,,0.00027017928220152745,442.76255447899894
7240,14827520,2.933074474334717,,,0.00027009241071154815,443.2708379550022
7250,14848000,2.837359666824341,,,0.0002700054286308026,443.7873372920003
7260,14868480,2.5441250801086426,,,0.00026991833605082385,444.298703632001
7270,14888960,2.5698275566101074,,,0.00026983113306326093,445.0122947429991
7280,14909440,2.639730453491211,,,0.00026974381975987936,445.53078383200045
7290,14929920,2.8449225425720215,,,0.00026965639623256055,446.0597463080012
7300,14950400,2.898953676223755,2.7878621459007262,16.246250535916115,0.00026956886257330193,447.0777694339995
7310,14970880,2.9884495735168457,,,0.00026948121887421695,447.7488759430016
7320,14991360,2.849374771118164,,,0.00026939346522753465,448.2558567820015
7330,15011840,2.915637493133545,,,0.00026930560172559997,448.7159552840021
7340,15032320,2.705705165863037,,,0.0002692176284608733,449.1981962919999
7350,15052800,2.8209657669067383,,,0.00026912954552593064,449.7220255860011
7360,15073280,2.7262282371520996,,,0.0002690413530134633,450.2859428219999
7370,15093760,2.9354562759399414,,,0.00026895305101627806,450.81281540200143
7380,15114240,2.9969897270202637,,,0.0002688646396272967,451.49846267500106
7390,15134720,2.8889341354370117,,,0.0002687761189395563,452.0982132060017
7400,15155200,2.84552001953125,2.7783563256263735,16.092548288543345,0.0002686874890462089,453.0651158180008
7410,15175680,3.077188491821289,,,0.00026859875004052133,453.5424914860014
7420,15196160,2.7380049228668213,,,0.0002685099020158755,454.1061318780012
7430,15216640,2.8570752143859863,,,0.00026842094506576773,454.89874790400063
7440,15237120,2.8354523181915283,,,0.0002683318792838093,455.4768557520001
7450,15257600,2.7580204010009766,,,0.00026824270476372576,456.0533093929989
7460,15278080,2.861057758331299,,,0.00026815342159935713,456.5852399340001
7470,15298560,2.6924588680267334,,,0.0002680640298846579,457.12499867000224
7480,15319040,2.789071559906006,,,0.00026797452971369666,457.61918840100043
7490,15339520,2.9454703330993652,,,0.00026788492118065614,458.1378788200018
7500,15360000,2.5462992191314697,2.771503210067749,15.982641228530884,0.00026779520437983313,459.0727593160009
7510,15380480,2.8751697540283203,,,0.00026770537940563833,459.9289477400016
7520,15400960,2.83864688873291,,,0.00026761544635259634,460.46385679300147
7530,15421440,2.750720977783203,,,0.00026752540531534537,460.9706803230001
7540,15441920,2.5959877967834473,,,0.0002674352563886374,461.56991295600164
7550,15462400,2.7102932929992676,,,0.0002673449996673378,462.0600282539999
7560,15482880,2.8067784309387207,,,0.0002672546352464256,462.66377721699973
7570,15503360,2.7811827659606934,,,0.0002671641632209929,463.1850056629992
7580,15523840,2.8560631275177,,,0.0002670735836862452,463.7409198770001
7590,15544320,2.8752052783966064,,,0.000266982896737501,464.32225241500055
7600,15564800,2.745676279067993,2.759687530994415,15.794906758289306,0.00026689210247019207,465.1635391210002
7610,15585280,2.87109112739563,,,0.0002668012009798629,465.71871692700006
7620,15605760,2.769209384918213,,,0.0002667101923621708,466.3950666029996
7630,15626240,3.118208646774292,,,0.000266619076712886,467.068971875
7640,15646720,2.7956151962280273,,,0.00026652785412789115,467.75588817600146
7650,15667200,3.3067266941070557,,,0.00026643652470318167,468.29826805799894
7660,15687680,2.6611666679382324,,,0.0002663450885348651,468.77290038700085
7670,15708160,2.639669895172119,,,0.00026625354571916163,469.22621125799924
7680,15728640,2.6650426387786865,,,0.0002661618963524035,469.8260253289991
7690,15749120,2.914855718612671,,,0.000266070140531035,470.37991452999995
7700,15769600,3.0261378288269043,2.7546432971954347,15.715434163452155,0.0002659782783516126,471.44885881200025
7710,15790080,3.2208609580993652,,,0.00026588630991080466,471.9948188570015
7720,15810560,3.0980093479156494,,,0.0002657942353053914,472.61570945600033
7730,15831040,2.797337055206299,,,0.00026570205463226457,473.1545651769993
7740,15851520,2.9131784439086914,,,0.0002656097679884277,473.6751234510011
7750,15872000,2.886476993560791,,,0.00026551737547099593,474.2584720369996
7760,15892480,3.0170116424560547,,,0.0002654248771771955,474.7620028849997
7770,15912960,2.815340042114258,,,0.00026533227320436426,475.42580516399903
7780,15933440,2.823744297027588,,,0.0002652395636499511,475.97484554699986
7790,15953920,2.798995018005371,,,0.00026514674861151616,476.6269400359997
7800,15974400,2.8750433921813965,2.7493192553520203,15.631986869932021,0.00026505382818673036,477.5010233790017
7810,15994880,2.857877731323242,,,0.00026496080247337574,478.2468012110003
7820,16015360,2.866706371307373,,,0.000264867671569345,478.7219023260004
7830,16035840,2.813011407852173,,,0.0002647744355726416,479.2453776789989
7840,16056320,2.604081153869629,,,0.0002646810945813796,479.85839309899893
7850,16076800,2.9474868774414062,,,0.00026458764869378347,480.30845928000053
7860,16097280,2.838703155517578,,,0.0002644940980081882,480.8315165040003
7870,16117760,2.755897045135498,,,0.00026440044262303884,481.325200321
7880,16138240,3.192032814025879,,,0.0002643066826368909,481.85822726100014
7890,16158720,2.8194329738616943,,,0.0002642128181484097,482.52843128699897
7900,16179200,3.0656673908233643,2.734835720062256,15.40721213216392,0.0002641188492563707,483.4615923279998
7910,16199680,2.796478033065796,,,0.00026402477605965926,483.98870260600233
7920,16220160,2.55631685256958,,,0.00026393059865727024,484.47031905699987
7930,16240640,3.049783229827881,,,0.00026383631714830847,484.9864665330024
7940,16261120,2.943112373352051,,,0.0002637419316319881,485.6111114640007
7950,16281600,3.0072426795959473,,,0.0002636474422076329,486.12320336099947
7960,16302080,2.683636426925659,,,0.0002635528489746759,486.75701996200223
7970,16322560,2.570136308670044,,,0.00026345815203265935,487.3505323950012
7980,16343040,2.5634257793426514,,,0.00026336335148123465,487.9663478319999
7990,16363520,2.8982157707214355,,,0.0002632684474201623,488.4541634240013
8000,16384000,2.8969624042510986,2.7323164701461793,15.368446365123303,0.0002631734399493116,489.2563748249995
8010,16404480,2.988152265548706,,,0.00026307832916866084,489.98893722900175
8020,16424960,2.6673569679260254,,,0.00026298311517829686,490.4990424230018
8030,16445440,2.5948944091796875,,,0.00026288779807841515,491.1142302529988
8040,16465920,2.984827995300293,,,0.0002627923779693197,491.80414792100055
8050,16486400,2.8331079483032227,,,0.00026269685495142306,492.2555341770021
8060,16506880,2.9078519344329834,,,0.0002626012291252459,492.71306385999924
8070,16527360,2.9047319889068604,,,0.000262505500591417,493.2819243550002
8080,16547840,2.7775611877441406,,,0.00026240966945067346,493.7457988339993
8090,16568320,2.568242073059082,,,0.00026231373580386024,494.34528287300054
8100,16588800,2.7732176780700684,2.7174609184265135,15.14182706035042,0.00026221769975193004,495.34967887200037
8110,16609280,2.8738274574279785,,,0.0002621215613959436,495.8435232039992
8120,16629760,2.774394989013672,,,0.00026202532083706903,496.3955371310003
8130,16650240,2.6608171463012695,,,0.0002619289781765822,497.0130063809993
8140,16670720,2.803429126739502,,,0.0002618325335158663,497.5180273980004
8150,16691200,2.6749634742736816,,,0.0002617359869564119,497.97448509600144
8160,16711680,2.680891990661621,,,0.0002616393385998169,498.6994555140009
8170,16732160,2.773819923400879,,,0.0002615425885477861,499.33824727200044
8180,16752640,2.703754186630249,,,0.0002614457369021315,499.8460600170001
8190,16773120,2.641756534576416,,,0.00026134878376477195,500.4272213709992
8200,16793600,2.7419309616088867,2.712698209285736,15.069882403934113,0.00026125172923773313,501.4195985080005
8210,16814080,2.8226099014282227,,,0.0002611545734231473,501.9851002680007
8220,16834560,2.7682909965515137,,,0.00026105731642325346,502.5159146400001
8230,16855040,2.8068158626556396,,,0.00026095995834039706,503.0428598590006
8240,16875520,2.916116952896118,,,0.00026086249927702976,503.5543382870019
8250,16896000,2.7119529247283936,,,0.0002607649393357098,504.06029531199965
8260,16916480,2.7741732597351074,,,0.0002606672786191011,504.6091063189997
8270,16936960,2.7428035736083984,,,0.0002605695172299742,505.1827041260003
8280,16957440,2.8398494720458984,,,0.00026047165527120516,505.7053633739997
8290,16977920,2.9395904541015625,,,0.00026037369284577597,506.3170791590019
8300,16998400,2.460867166519165,2.705043375492096,14.95496535543944,0.0002602756300567744,507.245953095
8310,17018880,3.0463404655456543,,,0.0002601774670073939,507.87155713000175
8320,17039360,2.7105581760406494,,,0.0002600792038009332,508.4045451279999
8330,17059840,2.5259289741516113,,,0.0002599808405407967,509.0696314939996
8340,17080320,2.801621198654175,,,0.0002598823773304938,509.64411413500056
8350,17100800,2.948853015899658,,,0.0002597838142736393,510.254244396001
8360,17121280,2.8420605659484863,,,0.00025968515147395307,510.988956565001
8370,17141760,2.762755870819092,,,0.0002595863890352598,511.9105195459997
8380,17162240,2.79784893989563,,,0.0002594875270614891,512.619745475
8390,17182720,2.6102771759033203,,,0.0002593885656566753,513.2800863550001
8400,17203200,2.7363224029541016,2.6988118171691893,14.86206238239372,0.0002592895049249575,514.3393124239992
8410,17223680,2.9396414756774902,,,0.00025919034497057914,514.9514938280008
8420,17244160,2.734738826751709,,,0.0002590910858978881,515.4818244410017
8430,17264640,2.788221836090088,,,0.0002589917278113367,516.0263888980007
8440,17285120,2.526590347290039,,,0.0002588922708154814,516.5208888590023
8450,17305600,2.542984962463379,,,0.0002587927150149826,517.070464108001
8460,17326080,2.5528488159179688,,,0.0002586930605146048,517.6260102160013
8470,17346560,2.843273639678955,,,0.00025859330741921644,518.1486189280004
8480,17367040,3.0868687629699707,,,0.00025849345583378954,518.6422669849999
8490,17387520,2.4665815830230713,,,0.0002583935058633999,519.1934689980008
8500,17408000,2.734893321990967,2.6893415451049805,14.721978969173783,0.0002582934576132267,520.1114871600003
8510,17428480,2.8040246963500977,,,0.0002581933111885527,521.2377349570015
8520,17448960,2.596564531326294,,,0.00025809306669476395,521.8025643950023
8530,17469440,2.8775618076324463,,,0.0002579927242373497,522.3579867549997
8540,17489920,2.777256488800049,,,0.00025789228392190207,522.9469069480001
8550,17510400,2.7668380737304688,,,0.0002577917458541165,523.4520242450017
8560,17530880,2.551164150238037,,,0.00025769111013979095,523.9681184920009
8570,17551360,2.5232930183410645,,,0.0002575903768848266,524.5866429180023
8580,17571840,2.6687557697296143,,,0.00025748954619522676,525.0932043790017
8590,17592320,2.5425376892089844,,,0.00025738861817709756,525.7817152339994
8600,17612800,2.6406712532043457,2.6898772716522217,14.729868037138385,0.0002572875929366475,526.5047403669996
8610,17633280,2.635148286819458,,,0.00025718647058018746,527.0377575769999
8620,17653760,2.759932518005371,,,0.0002570852512141304,527.4926732450003
8630,17674240,2.438185691833496,,,0.00025698393494499134,528.179870152002
8640,17694720,2.4932069778442383,,,0.00025688252187938736,528.8283147910006
8650,17715200,2.792391300201416,,,0.00025678101212403743,529.2921397729988
8660,17735680,2.628953695297241,,,0.00025667940578576225,529.7667657790007
8670,17756160,2.8265256881713867,,,0.00025657770297148405,530.4027418379992
8680,17776640,2.491057872772217,,,0.00025647590378822664,530.8899273440002
8690,17797120,2.803344488143921,,,0.00025637400834311534,531.3877914879995
8700,17817600,2.4982681274414062,2.6753254532814026,14.517073700123332,0.00025627201674337664,532.2497979790023
8710,17838080,2.8529019355773926,,,0.00025616992909633827,532.7858087950008
8720,17858560,2.4654769897460938,,,0.000256067745509429,533.3558294360009
8730,17879040,2.8246641159057617,,,0.0002559654660901787,533.991983701002
8740,17899520,2.8769664764404297,,,0.0002558630909462178,534.6758764510014
8750,17920000,2.9563088417053223,,,0.00025576062018527776,535.192865674002
8760,17940480,2.6652488708496094,,,0.0002556580539151904,535.7308629309991
8770,17960960,2.7431249618530273,,,0.0002555553922438884,536.226677300001
8780,17981440,2.7080979347229004,,,0.0002554526352794044,536.753186754002
8790,18001920,2.7237863540649414,,,0.00025534978312987164,537.306868513002
8800,18022400,2.533731460571289,2.6704122543334963,14.445923359909436,0.0002552468359035234,538.2071062639989
8810,18042880,2.9566540718078613,,,0.00025514379370869306,538.7982827960004
8820,18063360,2.6740708351135254,,,0.0002550406566538138,539.4626496500023
8830,18083840,2.7488162517547607,,,0.0002549374248474188,540.0314278090009
8840,18104320,2.681331157684326,,,0.0002548340983981409,540.4854272720004
8850,18124800,2.686316967010498,,,0.00025473067741471243,540.986384038999
8860,18145280,2.489198684692383,,,0.00025462716200596534,541.6433825690001
8870,18165760,2.810439109802246,,,0.00025452355228083087,542.0858742070013
8880,18186240,2.928201198577881,,,0.0002544198483483396,542.736579962002
8890,18206720,2.8735640048980713,,,0.00025431605031762104,543.2296220749995
8900,18227200,2.801598072052002,2.6622992157936096,14.329197169243999,0.00025421215829790394,544.045185551
8910,18247680,2.8699135780334473,,,0.0002541081723985159,544.5553538040003
8920,18268160,2.605462074279785,,,0.00025400409272888317,545.1395268390006
8930,18288640,2.5198075771331787,,,0.00025389991939853086,545.7429679800007
8940,18309120,2.971053123474121,,,0.0002537956525170826,546.484104342002
8950,18329600,2.728546142578125,,,0.0002536912921942604,546.9347219810006
8960,18350080,2.840235710144043,,,0.0002535868385398846,547.5168801079999
8970,18370560,2.944902181625366,,,0.0002534822916638739,548.1251892540022
8980,18391040,2.67524790763855,,,0.00025337765167624486,548.710742618001
8990,18411520,2.775519371032715,,,0.00025327291868711225,549.2292028180018
9000,18432000,2.788370132446289,2.6608134388923643,14.307922987334205,0.0002531680928066885,550.0666746490024
9010,18452480,2.704700231552124,,,0.00025306317414528406,550.888316468001
9020,18472960,2.723113775253296,,,0.00025295816281330674,551.5535884300007
9030,18493440,2.7438478469848633,,,0.000252853058921262,552.1928376200012
9040,18513920,2.7577664852142334,,,0.00025274786257975274,552.7057126219988
9050,18534400,2.7016234397888184,,,0.000252642573899479,553.2585685480008
9060,18554880,2.505934953689575,,,0.00025253719299123817,553.7665119140001
9070,18575360,2.626281261444092,,,0.00025243171996592456,554.2549744290009
9080,18595840,2.5999746322631836,,,0.00025232615493452954,554.7489047939998
9090,18616320,2.5969252586364746,,,0.0002522204980081411,555.346060783002
9100,18636800,2.6415443420410156,2.6508214592933657,14.165670388807486,0.00025211474929794417,556.1965509799993
9110,18657280,2.3689708709716797,,,0.0002520089089152201,556.7018982250011
9120,18677760,2.7421207427978516,,,0.00025190297697134673,557.3055176839989
9130,18698240,2.805695056915283,,,0.00025179695357779836,557.9258024510018
9140,18718720,2.3823795318603516,,,0.00025169083884614543,558.6048814999995
9150,18739200,2.5908570289611816,,,0.0002515846328880545,559.2491878319997
9160,18759680,2.712376117706299,,,0.00025147833581528814,559.7492276779994
9170,18780160,2.7309646606445312,,,0.00025137194773970477,560.2968551580016
9180,18800640,2.9433212280273438,,,0.00025126546877325863,560.8001652450002
9190,18821120,2.927140712738037,,,0.0002511588990279996,561.3111923550023
9200,18841600,2.66754150390625,2.644438993930817,14.075546400769303,0.00025105223861607306,562.1474067849995
9210,18862080,2.572488784790039,,,0.0002509454876497199,562.8931281219993
9220,18882560,3.1417269706726074,,,0.00025083864624127607,563.3669406529989
9230,18903040,2.7746810913085938,,,0.0002507317145031729,563.9156305780016
9240,18923520,2.7355077266693115,,,0.0002506246925479368,564.4542771080014
9250,18944000,2.903470993041992,,,0.00025051758048818894,564.9463685920018
9260,18964480,2.6973063945770264,,,0.00025041037843664537,565.4736221710009
9270,18984960,2.66072416305542,,,0.000250303086506117,566.1757990289989
9280,19005440,2.7853806018829346,,,0.000250195704809509,566.7276497970015
9290,19025920,2.775698661804199,,,0.00025008823345982144,567.229408698
9300,19046400,2.676382064819336,2.6396086692810057,14.007720883539553,0.0002499806725701483,568.1989086079993
9310,19066880,2.7414498329162598,,,0.000249873022253678,568.7817968070012
9320,19087360,2.883938789367676,,,0.00024976528262369316,569.4355717180006
9330,19107840,2.479624032974243,,,0.0002496574537935702,570.3406812579997
9340,19128320,2.5897164344787598,,,0.00024954953587677937,571.0126386810007
9350,19148800,2.525583267211914,,,0.0002494415289868849,571.6012468609988
9360,19169280,2.7582778930664062,,,0.00024933343323754444,572.0687354690017
9370,19189760,2.5912246704101562,,,0.00024922524874250934,572.5450984470008
9380,19210240,2.7685611248016357,,,0.00024911697561562406,573.0240447159995
9390,19230720,2.750277280807495,,,0.0002490086139708266,573.5418825839988
9400,19251200,2.6574292182922363,2.6318906903266908,13.900025717665413,0.000248900163922148,574.3997887330006
9410,19271680,2.6577653884887695,,,0.0002487916255837124,574.9504983200022
9420,19292160,2.888798236846924,,,0.00024868299906973657,575.5232167840004
9430,19312640,2.5188605785369873,,,0.00024857428449453047,576.0825771359996
9440,19333120,2.9491217136383057,,,0.0002484654819724965,576.6808563470004
9450,19353600,2.5699210166931152,,,0.0002483565916181296,577.1822666619992
9460,19374080,2.462897777557373,,,0.0002482476135460172,577.7303154900001
9470,19394560,2.6946394443511963,,,0.0002481385478708391,578.256523349999
9480,19415040,2.642422676086426,,,0.00024802939470736714,578.8486631430023
9490,19435520,2.644761562347412,,,0.0002479201541704653,579.4673715550016
9500,19456000,2.675583839416504,2.6272103786468506,13.835121269950635,0.00024781082637508945,580.3064718850001
9510,19476480,2.6255149841308594,,,0.00024770141143628746,581.2268026439997
9520,19496960,2.9210407733917236,,,0.00024759190946919865,581.7974023900024
9530,19517440,2.7694902420043945,,,0.0002474823205890541,582.3758415420016
9540,19537920,2.641470432281494,,,0.0002473726449111763,582.9363051719993
9550,19558400,2.8407418727874756,,,0.00024726288255097907,583.5082035240011
9560,19578880,2.6925957202911377,,,0.00024715303362396744,584.1052541040008
9570,19599360,2.623631477355957,,,0.0002470430982457376,584.6099849279999
9580,19619840,2.7004857063293457,,,0.0002469330765319766,585.0852936090014
9590,19640320,2.802126407623291,,,0.0002468229685984625,585.5485965080006
9600,19660800,2.5203499794006348,2.620776057243347,13.74638743020066,0.0002467127745610639,586.3514855110006
9610,19681280,2.8991200923919678,,,0.0002466024945357401,586.8683944799996
9620,19701760,2.6087427139282227,,,0.00024649212863854097,587.3672921280013
9630,19722240,2.6642637252807617,,,0.00024638167698560657,588.0978736200013
9640,19742720,2.5674452781677246,,,0.00024627113969316746,588.6222809770006
9650,19763200,2.436844825744629,,,0.00024616051687754395,589.3520874089991
9660,19783680,2.587637424468994,,,0.0002460498086551468,589.8506282180024
9670,19804160,2.5157644748687744,,,0.00024593901514247617,590.3239971010007
9680,19824640,3.19220232963562,,,0.0002458281364561223,590.987235007
9690,19845120,2.5900418758392334,,,0.00024571717271276505,591.5191741029994
9700,19865600,2.72548246383667,2.612848234176636,13.637839346372393,0.00024560612402917353,592.486144284001
9710,19886080,2.580676555633545,,,0.00024549499052220654,593.0037108100005
9720,19906560,3.01139497756958,,,0.000245383772308812,593.5266035839995
9730,19927040,2.558699131011963,,,0.00024527246950602693,594.1153342489997
9740,19947520,2.6981616020202637,,,0.00024516108223097743,594.7872632840008
9750,19968000,2.5820364952087402,,,0.00024504961060087846,595.3708564000008
9760,19988480,2.5437355041503906,,,0.00024493805473303374,595.8991409850023
9770,20008960,2.7077603340148926,,,0.0002448264147448357,596.3819416379993
9780,20029440,2.7462191581726074,,,0.00024471469075376526,596.8973113399989
9790,20049920,2.400189161300659,,,0.0002446028828773917,597.3921712180017
9800,20070400,2.691340208053589,2.6072933077812195,13.56229217635964,0.0002444909912333726,598.4138280629995
9810,20090880,2.7773406505584717,,,0.00024437901593945367,598.9380459290005
9820,20111360,2.6403207778930664,,,0.00024426695711346876,599.5622841330005
9830,20131840,2.5808258056640625,,,0.0002441548148733394,600.0488468780022
9840,20152320,2.556226968765259,,,0.00024404258933707505,600.6445561210021
9850,20172800,2.6889209747314453,,,0.00024393028062277288,601.1726964910013
9860,20193280,2.6592206954956055,,,0.0002438178888486175,601.8580025449992
9870,20213760,3.0561623573303223,,,0.00024370541413288083,602.5196590410014
9880,20234240,2.6923985481262207,,,0.00024359285659392228,602.979060255002
9890,20254720,2.614093780517578,,,0.0002434802163501883,603.4629797730013
9900,20275200,2.6019506454467773,2.6016610145568846,13.486120083175875,0.0002433674935202124,604.4381402200015
9910,20295680,2.5231189727783203,,,0.00024325468822261487,604.9307922070002
9920,20316160,2.7690677642822266,,,0.00024314180057610305,605.4490023879989
9930,20336640,2.6050209999084473,,,0.00024302883069947072,606.2369254969999
9940,20357120,2.549225091934204,,,0.0002429157787115982,606.9068445849989
9950,20377600,2.748671054840088,,,0.0002428026447314524,607.5375405090017
9960,20398080,2.8374829292297363,,,0.0002426894288780862,608.0493976489997
9970,20418560,2.657301664352417,,,0.000242576131270639,608.6799401930002
9980,20439040,2.581773281097412,,,0.00024246275202833596,609.1914109999998
9990,20459520,2.8178210258483887,,,0.00024234929127048827,609.7200578970005
10000,20480000,2.710817813873291,2.5972761511802673,13.427114748836678,0.00024223574911649286,610.6170003920015
10010,20500480,2.6724743843078613,,,0.00024212212568583232,611.5323261810008
10020,20520960,2.8370118141174316,,,0.00024200842109807475,612.2105348430014
10030,20541440,2.5540881156921387,,,0.00024189463547287374,612.7327572540016
10040,20561920,2.5420141220092773,,,0.00024178076892996802,613.248537645999
10050,20582400,2.6804044246673584,,,0.0002416668215891816,613.8258508020008
10060,20602880,2.9182543754577637,,,0.00024155279357042343,614.3731826879994
10070,20623360,2.9192309379577637,,,0.00024143868499368738,614.9384441309994
10080,20643840,2.641010284423828,,,0.0002413244959790521,615.5205489850014
10090,20664320,2.3558590412139893,,,0.00024121022664668092,616.0717746250011
10100,20684800,2.827035903930664,2.5899777173995973,13.329474584530868,0.00024109587711682167,616.9617750540019
10110,20705280,2.704951047897339,,,0.0002409814475098065,617.4911946300017
10120,20725760,2.588425397872925,,,0.00024086693794605197,617.998152395001
10130,20746240,2.787473440170288,,,0.00024075234854605858,618.5240768360018
10140,20766720,2.660290002822876,,,0.00024063767943041108,619.0940860670016
10150,20787200,2.4868621826171875,,,0.0002405229307197779,619.6242654990019
10160,20807680,2.4774739742279053,,,0.0002404081025349114,620.1231085100007
10170,20828160,2.6111931800842285,,,0.00024029319499664737,620.6719040780008
10180,20848640,2.6686439514160156,,,0.00024017820822590534,621.3099265560013
10190,20869120,2.601529598236084,,,0.00024006314234368802,621.8452149430013
10200,20889600,2.5908048152923584,2.5840033054351808,13.25007622750835,0.00023994799747108155,622.7047928739994
10210,20910080,2.636200428009033,,,0.000239832773729255,623.4363970599989
10220,20930560,2.697307586669922,,,0.00023971747123946056,624.0571726660019
10230,20951040,2.650153160095215,,,0.00023960209012303325,624.5678715159993
10240,20971520,2.594780445098877,,,0.0002394866305013909,625.1003843479994
10250,20992000,2.5759949684143066,,,0.0002393710924960338,625.6448026569997
10260,21012480,2.512556314468384,,,0.0002392554762285449,626.3113661099997
10270,21032960,2.7123336791992188,,,0.0002391397818205893,626.8631047109993
10280,21053440,2.5566246509552,,,0.00023902400939391464,627.4412148930023
10290,21073920,2.755242109298706,,,0.0002389081590703503,627.9191545270005
10300,21094400,2.8019158840179443,2.5796979784965517,13.19315294199117,0.00023879223097180788,628.7392202310002
10310,21114880,2.5420076847076416,,,0.0002386762252202808,629.3769969320019
10320,21135360,2.6177802085876465,,,0.00023856014193784404,630.0465736869992
10330,21155840,2.364755153656006,,,0.00023844398124665432,630.5818382090001
10340,21176320,2.755976676940918,,,0.00023832774326894982,631.1241176900003
10350,21196800,2.434622287750244,,,0.0002382114281270499,631.652068145002
10360,21217280,2.250932455062866,,,0.00023809503594335524,632.2459439109989
10370,21237760,2.574307441711426,,,0.00023797856684034768,632.7395196280013
10380,21258240,2.680910587310791,,,0.0002378620209405898,633.269206535002
10390,21278720,2.412600517272949,,,0.00023774539836672509,633.819440108
10400,21299200,2.757736921310425,2.571682500839233,13.087826205324998,0.00023762869924147777,635.3199178909999
10410,21319680,2.567988395690918,,,0.00023751192368765258,635.8608966120009
10420,21340160,2.651501178741455,,,0.00023739507182813467,636.4298246879989
10430,21360640,2.805802822113037,,,0.0002372781437858895,637.182639603001
10440,21381120,2.812241792678833,,,0.00023716113968396267,637.7830206420003
10450,21401600,2.777439594268799,,,0.00023704405964547986,638.3317707909991
10460,21422080,2.7360105514526367,,,0.0002369269037936467,638.9104367910004
10470,21442560,2.3831942081451416,,,0.0002368096722517485,639.5137406520007
10480,21463040,2.509425640106201,,,0.0002366923651431503,640.0558487340022
10490,21483520,2.6043763160705566,,,0.00023657498259129655,640.5966887169998
10500,21504000,2.6885557174682617,2.572379636764526,13.096953380227832,0.00023645752471971126,641.3292584600022
10510,21524480,2.3215339183807373,,,0.00023633999165199754,642.1079519330015
10520,21544960,2.5641372203826904,,,0.00023622238351183775,642.695121667999
10530,21565440,2.747448444366455,,,0.00023610470042299318,643.1870796920011
10540,21585920,2.6909408569335938,,,0.00023598694250930401,643.9324497220005
10550,21606400,2.6522040367126465,,,0.00023586910989468915,644.5956139750015
10560,21626880,3.0313382148742676,,,0.00023575120270314612,645.2144214030013
10570,21647360,2.475931406021118,,,0.00023563322105875101,645.6979175220004
10580,21667840,2.8293991088867188,,,0.000235515165085658,646.2798768989996
10590,21688320,2.5000555515289307,,,0.00023539703490809989,646.9417737160002
10600,21708800,2.5198330879211426,2.564607393741608,12.995555231658997,0.00023527883065038713,647.745050051999
10610,21729280,2.524028778076172,,,0.0002351605524369084,648.3292057280014
10620,21749760,2.7534306049346924,,,0.00023504220039213022,648.8004597020008
10630,21770240,2.3823256492614746,,,0.00023492377464059668,649.5579254920012
10640,21790720,2.5577902793884277,,,0.00023480527530692945,650.1261873090007
10650,21811200,2.654059410095215,,,0.0002346867025158277,650.7066391789995
10660,21831680,2.449986219406128,,,0.00023456805639206774,651.3858053080003
10670,21852160,2.6633245944976807,,,0.00023444933706050333,651.8992269560003
10680,21872640,2.5802838802337646,,,0.00023433054464606505,652.4016043449992
10690,21893120,2.5304625034332275,,,0.0002342116792737604,652.8982548720014
10700,21913600,2.5873751640319824,2.5644696950912476,12.99376588444109,0.00023409274106867377,653.7832351850011
10710,21934080,2.3912789821624756,,,0.00023397373015596608,654.334556853999
10720,21954560,2.8549563884735107,,,0.00023385464666087475,654.8754538559988
10730,21975040,2.4601635932922363,,,0.00023373549070871373,655.3720246390003
10740,21995520,2.622926950454712,,,0.0002336162624248731,655.9278537729988
10750,22016000,2.5378599166870117,,,0.00023349696193481905,656.5548160860017
10760,22036480,2.71281099319458,,,0.0002333775893640938,657.1222553180014
10770,22056960,2.7358644008636475,,,0.0002332581448383154,657.6322263830007
10780,22077440,2.733020305633545,,,0.0002331386284831776,658.2307674350013
10790,22097920,2.6535749435424805,,,0.0002330190404244498,658.7936262069998
10800,22118400,2.8041300773620605,2.552193295955658,12.835224378715083,0.00023289938078797676,659.9997762839994
10810,22138880,2.545614719390869,,,0.00023277964969967867,660.5664593290021
10820,22159360,2.581002950668335,,,0.00023265984728555088,661.1047711610008
10830,22179840,2.8246982097625732,,,0.0002325399736716637,661.706018748002
10840,22200320,2.666253089904785,,,0.00023242002898416248,662.2181739110019
10850,22220800,2.4046378135681152,,,0.0002323000133492673,662.7038068340007
10860,22241280,2.7219557762145996,,,0.000232179926893273,663.2031206819993
10870,22261760,2.7534217834472656,,,0.0002320597697425488,663.7301914259988
10880,22282240,2.5948872566223145,,,0.00023193954202353837,664.3268345409997
10890,22302720,2.462101459503174,,,0.00023181924386275968,664.7999131450015
10900,22323200,2.4960789680480957,2.55636088848114,12.888827985307826,0.00023169887538680478,665.5640836179991
10910,22343680,2.2642674446105957,,,0.00023157843672233977,666.1519914620003
10920,22364160,2.6829638481140137,,,0.00023145792799610457,666.7656569040009
10930,22384640,2.5745716094970703,,,0.0002313373493349128,667.3119700360003
10940,22405120,2.3974380493164062,,,0.00023121670086565172,667.9308888380001
10950,22425600,2.641308069229126,,,0.00023109598271528202,668.5982808520021
10960,22446080,2.637789726257324,,,0.0002309751950108378,669.3070389480017
10970,22466560,2.6835851669311523,,,0.0002308543378794262,669.9450143520007
10980,22487040,2.5857462882995605,,,0.00023073341144822754,670.5487815990018
10990,22507520,2.780071258544922,,,0.00023061241584449506,671.0256162639998
11000,22528000,2.4319558143615723,2.5474717736244203,12.774765421658907,0.0002304913511955547,671.9199714259994
11010,22548480,2.779874086380005,,,0.00023037021762880515,672.8707002740011
11020,22568960,2.545499324798584,,,0.00023024901527171762,673.3113517860002
11030,22589440,2.5395612716674805,,,0.00023012774425183564,673.9516578670009
11040,22609920,2.6554319858551025,,,0.00023000640469677508,674.454067278999
11050,22630400,2.593484401702881,,,0.00022988499673422385,675.029152957999
11060,22650880,2.3199925422668457,,,0.00022976352049194193,675.5470189810003
11070,22671360,2.5093865394592285,,,0.00022964197609776107,676.0844391249993
11080,22691840,2.9919722080230713,,,0.0002295203636795848,676.6418067070008
11090,22712320,2.690480947494507,,,0.00022939868336538814,677.2142902939995
11100,22732800,2.5227599143981934,2.5430885791778564,12.718893678615911,0.0002292769352832177,678.2054867610022
11110,22753280,2.7088990211486816,,,0.00022915511956119133,678.7669646030008
11120,22773760,2.544262170791626,,,0.000229033236327498,679.3605013640008
11130,22794240,2.3434998989105225,,,0.00022891128571039788,679.8853007130019
11140,22814720,3.0993824005126953,,,0.00022878926783822184,680.4703074230019
11150,22835200,3.0976994037628174,,,0.00022866718283937173,681.0261490180019
11160,22855680,2.6125237941741943,,,0.00022854503084231986,681.6438528050021
11170,22876160,2.5209271907806396,,,0.0002284228119756092,682.1790549130019
11180,22896640,2.7952470779418945,,,0.00022830052636785292,682.7050646730022
11190,22917120,2.4997918605804443,,,0.00022817817414773464,683.2708637110009
11200,22937600,2.5595242977142334,2.5370077013969423,12.64178631846459,0.0002280557554440079,684.2181590580003
11210,22958080,2.7858943939208984,,,0.0002279332703854962,684.892580906002
11220,22978560,2.7609872817993164,,,0.00022781071910109307,685.408328133999
11230,22999040,2.4306299686431885,,,0.0002276881017197614,685.9376407679993
11240,23019520,2.5803110599517822,,,0.00022756541837053393,686.4230254559989
11250,23040000,2.6567537784576416,,,0.00022744266918251274,686.9122076169988
11260,23060480,2.4409830570220947,,,0.00022731985428486908,687.4830456460004
11270,23080960,2.4582223892211914,,,0.00022719697380684347,687.9959103709989
11280,23101440,2.8214597702026367,,,0.0002270740278777454,688.5529019019996
11290,23121920,2.6516237258911133,,,0.00022695101662695326,689.0414408960023
11300,23142400,2.4665274620056152,2.533336901664734,12.59546592109631,0.0002268279401839141,690.021700928999
11310,23162880,2.573176860809326,,,0.00022670479867814363,690.5531837910021
11320,23183360,2.797936201095581,,,0.00022658159223922612,691.120815844999
11330,23203840,2.7657880783081055,,,0.00022645832099681397,691.6501732659999
11340,23224320,2.377166748046875,,,0.00022633498508062795,692.2304356140012
11350,23244800,2.538452386856079,,,0.00022621158462045676,692.8839202470008
11360,23265280,2.5733277797698975,,,0.00022608811974615716,693.4869257230021
11370,23285760,2.5799760818481445,,,0.00022596459058765354,694.0638566810012
11380,23306240,2.485668182373047,,,0.00022584099727493802,694.6862309540011
11390,23326720,2.410313129425049,,,0.00022571733993807027,695.4732778040016
11400,23347200,2.524639844894409,2.527649736404419,12.52403673219768,0.00022559361870717724,696.5025447039989
11410,23367680,2.661898136138916,,,0.00022546983371245317,697.1537339080023
11420,23388160,2.7412943840026855,,,0.0002253459850841594,697.6920875830001
11430,23408640,2.4986252784729004,,,0.0002252220729526242,698.231198327001
11440,23429120,2.9844610691070557,,,0.00022509809744824275,698.8474072829995
11450,23449600,2.6547231674194336,,,0.0002249740587014768,699.4485554540006
11460,23470080,2.672783374786377,,,0.0002248499568428547,700.0246082289996
11470,23490560,2.4779930114746094,,,0.0002247257920029713,700.5351337850007
11480,23511040,2.7819724082946777,,,0.00022460156431248758,701.1057495360001
11490,23531520,2.706594705581665,,,0.0002244772739021308,701.6897268450011
11500,23552000,2.298892021179199,2.524471628665924,12.48429717588628,0.00022435292090269406,702.640035512999
11510,23572480,2.533566474914551,,,0.00022422850544503647,703.7180328130016
11520,23592960,2.6579127311706543,,,0.00022410402766008276,704.4412768959992
11530,23613440,2.414564609527588,,,0.00022397948767882337,705.0797856220015
11540,23633920,2.410621404647827,,,0.00022385488563231415,705.7117077139992
11550,23654400,2.581692934036255,,,0.00022373022165167607,706.262951785
11560,23674880,2.986799955368042,,,0.00022360549586809562,706.9732660500013
11570,23695360,2.5871028900146484,,,0.000223480708412824,707.7909024719993
11580,23715840,2.7540159225463867,,,0.00022335585941717754,708.4029125349989
11590,23736320,2.240175485610962,,,0.0002232309490125372,709.1776273050018
11600,23756800,2.4122531414031982,2.5233657240867613,12.470498365961738,0.0002231059773303486,710.0745737790021
11610,23777280,2.462663173675537,,,0.00022298094450212187,710.8302921540017
11620,23797760,2.6665234565734863,,,0.00022285585065943145,711.4569287949998
11630,23818240,2.599172592163086,,,0.00022273069593391597,712.0979908879999
11640,23838720,2.5607762336730957,,,0.0002226054804572782,712.7093678240017
11650,23859200,2.5854122638702393,,,0.00022248020436128478,713.2744622200007
11660,23879680,2.516850471496582,,,0.00022235486777776614,713.8914101350019
11670,23900160,2.4751055240631104,,,0.00022222947083861642,714.5740226929993
11680,23920640,2.7656774520874023,,,0.0002221040136757932,715.2850322160011
11690,23941120,2.56809139251709,,,0.0002219784964213175,715.9053190890008
11700,23961600,2.737091064453125,2.517505168914795,12.397628061054744,0.00022185291920727342,716.7886880760016
11710,23982080,2.4290804862976074,,,0.0002217272821658085,717.3557373780022
11720,24002560,2.6821794509887695,,,0.0002216015854291328,717.9063878720008
11730,24023040,2.583366870880127,,,0.00022147582912951955,718.5917177699994
11740,24043520,2.5113577842712402,,,0.00022135001339930444,719.2510321910013
11750,24064000,2.849702835083008,,,0.00022122413837088583,719.8239223790006
11760,24084480,2.504916191101074,,,0.00022109820417672447,720.278320837002
11770,24104960,2.536038875579834,,,0.00022097221094934325,720.9038998140022
11780,24125440,2.6411375999450684,,,0.00022084615882132734,721.493598764002
11790,24145920,2.702611207962036,,,0.0002207200479253238,722.0006723779989
11800,24166400,2.743165969848633,2.5080814242362974,12.281344752257318,0.00022059387839404152,722.9300432620003
11810,24186880,2.4213809967041016,,,0.00022046765036025118,723.5185115460008
11820,24207360,2.7076778411865234,,,0.00022034136395678489,724.0523697909994
11830,24227840,2.6287262439727783,,,0.00022021501931653636,724.6708194450002
11840,24248320,2.8218140602111816,,,0.00022008861657246044,725.3053137790012
11850,24268800,2.5979490280151367,,,0.00021996215585757316,725.7913870000011
11860,24289280,2.428773880004883,,,0.00021983563730495155,726.3547579400001
11870,24309760,2.514127254486084,,,0.00021970906104773358,726.8588512669994
11880,24330240,2.609893560409546,,,0.00021958242721911782,727.345293145001
11890,24350720,2.5267274379730225,,,0.0002194557359523635,728.093311386001
11900,24371200,2.570382595062256,2.504793334007263,12.241028899981012,0.00021932898738079033,729.0358043769993
11910,24391680,2.4096176624298096,,,0.00021920218163777816,729.6309564510011
11920,24412160,2.8675947189331055,,,0.00021907531885676721,730.1747709480005
11930,24432640,2.50253963470459,,,0.0002189483991712576,730.8471996320004
11940,24453120,2.894286870956421,,,0.00021882142271480935,731.7104289349991
11950,24473600,2.1505136489868164,,,0.00021869438962104223,732.3300690120013
11960,24494080,2.5840559005737305,,,0.00021856730002363557,732.8019351170005
11970,24514560,2.6098406314849854,,,0.00021844015405632827,733.3213719070009
11980,24535040,2.306671142578125,,,0.0002183129518529185,733.8835683370016
11990,24555520,2.8228557109832764,,,0.00021818569354726348,734.4406400510015
12000,24576000,2.74186372756958,2.501690983772278,12.20311178758931,0.00021805837927327964,735.3516207819994
12010,24596480,2.560922861099243,,,0.00021793100916494223,736.1594070030005
12020,24616960,2.6614036560058594,,,0.0002178035833562853,736.7069526090017
12030,24637440,2.53507924079895,,,0.00021767610198140139,737.2400499440009
12040,24657920,2.3397016525268555,,,0.0002175485651744417,737.8330887369993
12050,24678400,2.826486825942993,,,0.00021742097306961562,738.3206210919998
12060,24698880,2.5860984325408936,,,0.00021729332580119076,738.824682278002
12070,24719360,2.5915322303771973,,,0.00021716562350349285,739.4199417330019
12080,24739840,2.327974319458008,,,0.00021703786631090542,739.9565972470009
12090,24760320,2.8960227966308594,,,0.00021691005435786983,740.6388721040021
12100,24780800,2.393409490585327,2.497854769229889,12.1563877117783,0.00021678218777888513,741.6551781160015
12110,24801280,2.72428822517395,,,0.0002166542667085077,742.1501505240012
12120,24821760,2.611473560333252,,,0.0002165262912813514,742.8225299200021
12130,24842240,2.411431312561035,,,0.00021639826163208717,743.3737611479992
12140,24862720,2.2903928756713867,,,0.00021627017789544313,744.0170172889993
12150,24883200,2.628467559814453,,,0.00021614204020620426,744.7750310400006
12160,24903680,2.4659314155578613,,,0.00021601384869921223,745.362743226
12170,24924160,2.4531819820404053,,,0.00021588560350936558,745.8459323339994
12180,24944640,2.6610991954803467,,,0.00021575730477161904,746.3674305610002
12190,24965120,2.495995283126831,,,0.00021562895262098393,746.8823220109989
12200,24985600,2.6167585849761963,2.4945152521133425,12.115858957839169,0.0002155005471925277,747.8487134310017
12210,25006080,2.5846850872039795,,,0.00021537208862137377,748.5912046680023
12220,25026560,2.320727825164795,,,0.00021524357704270165,749.1513171830011
12230,25047040,2.6855101585388184,,,0.00021511501259174654,749.8275134350006
12240,25067520,2.809697151184082,,,0.00021498639540379924,750.4623755329994
12250,25088000,2.615983486175537,,,0.00021485772561420608,751.1553634480006
12260,25108480,2.2583370208740234,,,0.0002147290033583688,751.6175306430014
12270,25128960,2.5200557708740234,,,0.00021460022877174432,752.1456921220015
12280,25149440,2.446633815765381,,,0.00021447140198984458,752.6325360390001
12290,25169920,2.398369312286377,,,0.0002143425231482365,753.1453009239995
12300,25190400,2.501746416091919,2.49183304309845,12.083405235009923,0.00021421359238254175,753.9853291350009
12310,25210880,2.6274497509002686,,,0.00021408460982843663,754.5686801449992
12320,25231360,2.4988067150115967,,,0.00021395557562165206,755.1703134859999
12330,25251840,2.544281482696533,,,0.00021382648989797315,755.7779424159999
12340,25272320,2.5860376358032227,,,0.00021369735279323928,756.3270702920017
12350,25292800,2.455967903137207,,,0.00021356816444334392,757.0084109320014
12360,25313280,2.469034194946289,,,0.00021343892498423448,757.5381443920014
12370,25333760,2.90994930267334,,,0.0002133096345519121,758.0484551420013
12380,25354240,2.5025501251220703,,,0.00021318029328243159,758.5865524469991
12390,25374720,2.630744457244873,,,0.0002130509013119013,759.1575557520009
12400,25395200,2.4296867847442627,2.4906595230102537,12.069233433306207,0.00021292145877648282,760.1307252120023
12410,25415680,2.4831666946411133,,,0.00021279196581239113,760.7262329229998
12420,25436160,2.6959497928619385,,,0.00021266242255589405,761.3163362209998
12430,25456640,2.5629799365997314,,,0.00021253282914331252,761.8227119080002
12440,25477120,2.7706947326660156,,,0.0002124031857110202,762.6967998069995
12450,25497600,2.4063563346862793,,,0.00021227349239544323,763.4451368750015
12460,25518080,2.54890775680542,,,0.00021214374933306053,764.0539479479994
12470,25538560,2.6283626556396484,,,0.00021201395666040315,764.6674508700016
12480,25559040,2.4175071716308594,,,0.00021188411451405443,765.2143657910019
12490,25579520,2.5519137382507324,,,0.0002117542230306498,765.9084448030007
12500,25600000,2.502840042114258,2.483338439464569,11.98119622411021,0.0002116242823468765,766.8891381409994
12510,25620480,2.659522294998169,,,0.00021149429259947368,767.7587648469998
12520,25640960,2.4984941482543945,,,0.00021136425392523196,768.5525589130011
12530,25661440,2.725947856903076,,,0.00021123416646099362,769.0663855700004
12540,25681920,2.580592632293701,,,0.00021110403034365217,769.8309786499995
12550,25702400,2.4150285720825195,,,0.00021097384571015237,770.4326125510015
12560,25722880,2.6012864112854004,,,0.00021084361269749002,770.9775601700021
12570,25743360,2.889791965484619,,,0.00021071333144271178,771.4781008440004
12580,25763840,2.41898512840271,,,0.0002105830020829152,772.195430161999
12590,25784320,2.8101959228515625,,,0.00021045262475524826,772.7511665890015
12600,25804800,2.3280599117279053,2.477746820449829,11.914388894120034,0.00021032219959690962,773.7300702270004
12610,25825280,2.4190123081207275,,,0.00021019172674514812,774.2228940470013
12620,25845760,2.533137321472168,,,0.00021006120633726292,774.8832567280006
12630,25866240,2.6499829292297363,,,0.00020993063851060316,775.5207356690007
12640,25886720,2.59808349609375,,,0.0002098000234025678,776.0291019280012
12650,25907200,2.320840358734131,,,0.0002096693611506057,776.6090040950003
12660,25927680,2.4572372436523438,,,0.00020953865189221526,777.1465911140003
12670,25948160,2.6428747177124023,,,0.0002094078957649443,777.8042204129997
12680,25968640,2.598968982696533,,,0.00020927709290639006,778.3016219929996
12690,25989120,2.45106840133667,,,0.00020914624345419886,778.8393976240004
12700,26009600,2.6888937950134277,2.4776079177856447,11.912734068693002,0.00020901534754606612,779.7488399220019
12710,26030080,2.5990519523620605,,,0.00020888440531973614,780.1937564489999
12720,26050560,2.3909082412719727,,,0.00020875341691300187,780.737462901001
12730,26071040,2.468613624572754,,,0.00020862238246370504,781.3337738800001
12740,26091520,2.5106489658355713,,,0.00020849130210973566,781.921518727002
12750,26112000,2.838256359100342,,,0.00020836017598903212,782.5262478430013
12760,26132480,2.551455020904541,,,0.00020822900423958095,783.0612240289993
12770,26152960,2.4803895950317383,,,0.0002080977869994167,783.9015110569999
12780,26173440,2.682278633117676,,,0.00020796652440662183,784.4650898559994
12790,26193920,2.436016798019409,,,0.00020783521659932647,784.9824369710004
12800,26214400,2.2808837890625,2.481599009037018,11.96037388159764,0.00020770386371570838,785.7437517229991
12810,26234880,2.6247193813323975,,,0.00020757246589399268,786.2763833450008
12820,26255360,2.3720054626464844,,,0.00020744102327245183,786.7434567910022
12830,26275840,2.46950626373291,,,0.00020730953598940548,787.2774984669995
12840,26296320,2.539423704147339,,,0.00020717800418322018,787.8030842900007
12850,26316800,2.7920150756835938,,,0.0002070464279923094,788.351964038
12860,26337280,2.6106979846954346,,,0.00020691480755513332,788.8942990920004
12870,26357760,2.627235174179077,,,0.00020678314301019862,789.5769338669998
12880,26378240,2.4217207431793213,,,0.0002066514344960585,790.1204734769999
12890,26398720,2.5043857097625732,,,0.00020651968215131225,790.8467894099995
12900,26419200,2.8820297718048096,2.469219708442688,11.813225494322756,0.0002063878861146055,791.7192358659995
12910,26439680,2.5578300952911377,,,0.0002062560465246297,792.2163136570016
12920,26460160,2.487460136413574,,,0.00020612416352012224,792.9248808830016
12930,26480640,2.634852647781372,,,0.00020599223723986605,793.4820843919988
12940,26501120,2.2758805751800537,,,0.00020586026782268976,794.1818832739991
12950,26521600,2.606220245361328,,,0.00020572825540746738,794.6785180770021
12960,26542080,2.3344640731811523,,,0.000205596200133118,795.2729928529989
12970,26562560,2.560999870300293,,,0.00020546410213860601,795.8082241510019
12980,26583040,2.409724473953247,,,0.00020533196156294063,796.3300988560004
12990,26603520,2.4593257904052734,,,0.00020519977854517593,796.9135857309993
13000,26624000,2.4668264389038086,2.4661191582679747,11.776654720010235,0.00020506755322441072,797.9860854969993
13010,26644480,2.636416435241699,,,0.00020493528573978814,798.8850620970006
13020,26664960,2.7373485565185547,,,0.00020480297623049588,799.3610706559994
13030,26685440,2.5535531044006348,,,0.0002046706248357657,799.8782492070022
13040,26705920,2.6072909832000732,,,0.00020453823169487367,800.410457730999
13050,26726400,2.3608992099761963,,,0.00020440579694713947,800.923199361001
13060,26746880,2.4923484325408936,,,0.00020427332073192684,801.5149161379995
13070,26767360,2.517469882965088,,,0.00020414080318864304,802.054342722
13080,26787840,2.598823070526123,,,0.00020400824445673878,802.6665988029999
13090,26808320,2.4129319190979004,,,0.00020387564467570823,803.1941793949991
13100,26828800,2.303360939025879,2.4657597064971926,11.772422341330815,0.00020374300398508864,804.1834175139993
13110,26849280,2.6114983558654785,,,0.0002036103225244604,804.6872407600022
13120,26869760,2.5425102710723877,,,0.00020347760043344673,805.3525238869988
13130,26890240,2.4477381706237793,,,0.00020334483785171368,805.9160724770009
13140,26910720,2.2598819732666016,,,0.00020321203491896985,806.4163251550017
13150,26931200,2.1991751194000244,,,0.0002030791917749663,807.1218318470019
13160,26951680,2.7723207473754883,,,0.0002029463085594964,807.6097722810009
13170,26972160,2.7516653537750244,,,0.00020281338541239586,808.1243769460016
13180,26992640,2.230452537536621,,,0.00020268042247354208,808.7977604240004
13190,27013120,2.7987828254699707,,,0.00020254741988285467,809.4548538960007
13200,27033600,2.765652894973755,2.4587491750717163,11.690180022566805,0.0002024143777802947,810.4627527250013
13210,27054080,2.671220541000366,,,0.00020228129630586503,811.1516486130022
13220,27074560,2.438563346862793,,,0.00020214817559960978,811.8958709710023
13230,27095040,2.309356927871704,,,0.00020201501580161446,812.5355355430002
13240,27115520,2.5550284385681152,,,0.0002018818170520057,813.1406298260008
13250,27136000,2.617729663848877,,,0.00020174857949095107,813.9781437970014
13260,27156480,2.481072187423706,,,0.0002016153032586591,814.6262046299998
13270,27176960,2.2859907150268555,,,0.0002014819884953788,815.2852025680004
13280,27197440,2.5370209217071533,,,0.0002013486353414,815.9064552849995
13290,27217920,2.4405722618103027,,,0.00020121524393705274,816.4893964729999
13300,27238400,2.3056836128234863,2.4563470840454102,11.662132845461027,0.00020108181442270734,817.7956156040018
13310,27258880,2.8508107662200928,,,0.00020094834693877431,818.528042973001
13320,27279360,2.475741386413574,,,0.00020081484162570392,819.0960420459996
13330,27299840,2.610962390899658,,,0.0002006812986239865,819.665335275
13340,27320320,3.102937936782837,,,0.0002005477180741519,820.2542503219993
13350,27340800,2.5301413536071777,,,0.00020041410011676947,820.8720036480008
13360,27361280,2.4038281440734863,,,0.000200280444892448,821.5082382239998
13370,27381760,2.3156189918518066,,,0.0002001467525418354,822.1826191219989
13380,27402240,2.4142918586730957,,,0.00020001302320561874,822.746940715002
13390,27422720,2.369985342025757,,,0.00019987925702452395,823.3065233429988
13400,27443200,2.4592506885528564,2.4544137835502626,11.639608218708213,0.00019974545413931579,824.3175178689999
13410,27463680,2.4674324989318848,,,0.0001996116146907976,824.9644121240017
13420,27484160,2.531331777572632,,,0.00019947773881981117,825.6693254740021
13430,27504640,2.4937849044799805,,,0.00019934382666723674,826.4255048720006
13440,27525120,2.919461727142334,,,0.00019920987837399257,827.0170988579994
13450,27545600,2.450671672821045,,,0.000199075894081035,827.6699400979996
13460,27566080,2.8704419136047363,,,0.00019894187392935838,828.2420764790004
13470,27586560,2.546412944793701,,,0.00019880781805999465,828.8455665350011
13480,27607040,2.3891897201538086,,,0.00019867372661401333,829.5358515180014
13490,27627520,2.720816135406494,,,0.00019853959973252148,830.1331060209995
13500,27648000,2.9133005142211914,2.4500720381736754,11.589181552626535,0.0001984054375566634,831.1529761570018
13510,27668480,2.496467113494873,,,0.00019827124022762054,832.2277467679996
13520,27688960,2.603062629699707,,,0.0001981370078866113,832.8989957929989
13530,27709440,2.53869366645813,,,0.00019800274067489096,833.667673603999
13540,27729920,2.838092803955078,,,0.00019786843873375153,834.1893980259993
13550,27750400,2.413139581680298,,,0.00019773410220452146,834.8694646020012
13560,27770880,2.473048210144043,,,0.00019759973122856572,835.5144307139999
13570,27791360,2.206047296524048,,,0.00019746532594728546,836.2220485270009
13580,27811840,2.3503804206848145,,,0.00019733088650211795,836.8792090440002
13590,27832320,2.5393104553222656,,,0.00019719641303453638,837.4457275800014
13600,27852800,2.5459542274475098,2.445119345188141,11.531925796569746,0.0001970619056860498,838.5641877779999
13610,27873280,2.33919358253479,,,0.00019692736459820282,839.1958824690009
13620,27893760,2.6575610637664795,,,0.00019679278991257567,839.9731160720003
13630,27914240,2.4959442615509033,,,0.0001966581817707839,840.876403708
13640,27934720,2.472224235534668,,,0.0001965235403144782,841.5600587640001
13650,27955200,2.503410816192627,,,0.0001963888656853444,842.2741044390023
13660,27975680,2.518122911453247,,,0.00019625415802510316,842.8517269360018
13670,27996160,2.544855833053589,,,0.00019611941747550997,843.5052229540015
13680,28016640,2.5201125144958496,,,0.00019598464417835493,844.1036777110021
13690,28037120,2.3728432655334473,,,0.00019584983827546256,844.8258144960018
13700,28057600,2.4303548336029053,2.4447983384132383,11.528224564353467,0.00019571499990869164,845.7532110380016
13710,28078080,2.2991249561309814,,,0.00019558012921993528,846.3428102210019
13720,28098560,2.426689386367798,,,0.00019544522635112042,846.9846617840012
13730,28119040,2.521973133087158,,,0.000195310291444208,847.5072212350024
13740,28139520,2.5379204750061035,,,0.0001951753246411926,848.0357203099993
13750,28160000,2.5017247200012207,,,0.0001950403260841024,848.6461845750018
13760,28180480,2.391601800918579,,,0.00019490529591499896,849.1674686590013
13770,28200960,2.291104316711426,,,0.00019477023427597712,849.6569597340022
13780,28221440,2.757044792175293,,,0.00019463514130916486,850.2445310900002
13790,28241920,2.5278263092041016,,,0.00019450001715672308,850.831558111
13800,28262400,2.2054262161254883,2.4388567924499513,11.459932170332818,0.00019436486196084554,851.7478977390019
13810,28282880,2.596705913543701,,,0.00019422967586375865,852.3620444129992
13820,28303360,2.499560832977295,,,0.0001940944590077214,852.9249680840003
13830,28323840,2.972444772720337,,,0.000193959211535025,853.4880671810024
13840,28344320,2.5068185329437256,,,0.000193823933587993,854.1039495910009
13850,28364800,2.221255302429199,,,0.00019368862530898102,854.7622854469992
13860,28385280,3.0259175300598145,,,0.0001935532868403765,855.5923012150015
13870,28405760,2.5836520195007324,,,0.0001934179183245988,856.2577227050024
13880,28426240,2.730456829071045,,,0.00019328251990409875,856.7953378349994
13890,28446720,2.3544652462005615,,,0.00019314709172135874,857.3025511880005
13900,28467200,2.4950177669525146,2.4321200489997863,11.382989011502596,0.00019301163391889243,858.3460998209994
13910,28487680,2.4714879989624023,,,0.0001928761466392447,858.9829638230003
13920,28508160,2.4999754428863525,,,0.00019274063002499138,859.5149257080011
13930,28528640,2.3368866443634033,,,0.00019260508421873929,860.1450136060012
13940,28549120,2.7218949794769287,,,0.0001924695093631258,860.9431093640014
13950,28569600,2.7861454486846924,,,0.00019233390560081901,861.5033487100009
13960,28590080,2.606168031692505,,,0.00019219827307451732,862.1353919120011
13970,28610560,2.846611261367798,,,0.0001920626119269495,862.7797678150018
13980,28631040,2.4665756225585938,,,0.00019192692230087432,863.3865245920024
13990,28651520,2.9607696533203125,,,0.00019179120433908064,863.932161167002
14000,28672000,2.390937566757202,2.4352859973907472,11.419084074652353,0.00019165545818438702,864.8886745950003
14010,28692480,2.4895412921905518,,,0.00019151968397964183,865.850742658
14020,28712960,2.388378858566284,,,0.00019138388186772283,866.4608962429993
14030,28733440,2.6802985668182373,,,0.0001912480519915372,867.0074919760009
14040,28753920,2.649503707885742,,,0.00019111219449402138,867.4877205209996
14050,28774400,2.4834518432617188,,,0.00019097630951814075,868.127145794002
14060,28794880,2.3135881423950195,,,0.00019084039720688973,868.6711485859996
14070,28815360,2.4906582832336426,,,0.00019070445770329146,869.3389769189998
14080,28835840,2.573371171951294,,,0.00019056849115039768,869.9624023680008
14090,28856320,2.449942111968994,,,0.00019043249769128864,870.5683958430018
14100,28876800,2.630854606628418,2.430119049549103,11.360234430288143,0.0001902964774690728,871.4905790680023
14110,28897280,2.527845859527588,,,0.00019016043062688697,872.1290724669998
14120,28917760,2.4496827125549316,,,0.00019002435730789576,872.7699835330022
14130,28938240,2.6538941860198975,,,0.0001898882576552918,873.467271218
14140,28958720,2.52435040473938,,,0.00018975213181229533,874.2985160839999
14150,28979200,2.569852828979492,,,0.00018961597992215424,874.8244124250014
14160,28999680,2.586630344390869,,,0.0001894798021281438,875.3897797220015
14170,29020160,2.6477866172790527,,,0.00018934359857356647,876.0135708460002
14180,29040640,2.5278899669647217,,,0.00018920736940175186,876.5956725819997
14190,29061120,2.5496857166290283,,,0.0001890711147560566,877.1491480820005
14200,29081600,2.5252366065979004,2.423743653297424,11.288038816641874,0.00018893483477986405,878.278845959001
14210,29102080,2.620457887649536,,,0.0001887985296165843,878.834286035999
14220,29122560,2.493013858795166,,,0.0001886621994096538,879.5197602039989
14230,29143040,2.801522731781006,,,0.0001885258443025355,880.1062640550008
14240,29163520,2.2789673805236816,,,0.00018838946443871854,880.8399018420023
14250,29184000,2.853245258331299,,,0.00018825305996171803,881.5671609199999
14260,29204480,2.5086138248443604,,,0.00018811663101507504,882.1240863429994
14270,29224960,2.555414915084839,,,0.00018798017774235637,882.642733091001
14280,29245440,2.26570987701416,,,0.00018784370028715445,883.3175235759991
14290,29265920,2.4735207557678223,,,0.00018770719879308706,883.9435882130019
14300,29286400,2.398707389831543,2.423957574367523,11.290453824286148,0.00018757067340379743,884.806789358001
14310,29306880,2.8517351150512695,,,0.00018743412426295384,885.5063732630006
14320,29327360,2.392853260040283,,,0.00018729755151424953,886.0241105339992
14330,29347840,2.4818360805511475,,,0.00018716095530140272,886.5962393859991
14340,29368320,2.2140228748321533,,,0.0001870243357681561,887.1386566590008
14350,29388800,2.9077606201171875,,,0.00018688769305827716,887.6388409239989
14360,29409280,2.289982318878174,,,0.00018675102731555759,888.3122376829997
14370,29429760,2.5315423011779785,,,0.00018661433868381337,888.9119604180014
14380,29450240,2.427281618118286,,,0.00018647762730688468,889.4827874000002
14390,29470720,2.7097673416137695,,,0.00018634089332863538,890.2918012699993
14400,29491200,2.538789749145508,2.4223544239997863,11.272368030083154,0.0001862041368929534,891.3081398540016
14410,29511680,2.7350149154663086,,,0.0001860673581437501,892.0097305769996
14420,29532160,2.4317526817321777,,,0.00018593055722496038,892.727286106001
14430,29552640,2.310515880584717,,,0.00018579373428054253,893.389207037002
14440,29573120,2.543159008026123,,,0.00018565688945447792,893.9956035530013
14450,29593600,2.411743402481079,,,0.00018552002289077106,894.6719781809988
14460,29614080,2.6262755393981934,,,0.00018538313473344915,895.3142805419993
14470,29634560,2.7592132091522217,,,0.00018524622512656235,896.0727320629994
14480,29655040,2.36643385887146,,,0.00018510929421418321,896.7887633649989
14490,29675520,2.5172085762023926,,,0.0001849723421404068,897.3720842869989
14500,29696000,2.5393786430358887,2.4183350086212156,11.227150635292668,0.0001848353690493504,898.4172031160015
14510,29716480,2.2917985916137695,,,0.00018469837508515343,899.2968999910008
14520,29736960,2.336912155151367,,,0.00018456136039197727,899.8569646239994
14530,29757440,2.3540759086608887,,,0.00018442432511400514,900.5335380319993
14540,29777920,2.2265095710754395,,,0.0001842872693954419,901.074444189002
14550,29798400,2.3951916694641113,,,0.00018415019338051392,901.7464519740024
14560,29818880,2.526740074157715,,,0.00018401309721346887,902.3239391440002
14570,29839360,2.4956769943237305,,,0.00018387598103857572,902.8309697770019
14580,29859840,2.7525839805603027,,,0.00018373884500012453,903.4208286169996
14590,29880320,2.544602632522583,,,0.0001836016892424261,904.0806558820004
14600,29900800,2.4767324924468994,2.4178043484687803,11.221194414329466,0.00018346451390981213,905.3774168179989
14610,29921280,2.583026170730591,,,0.00018332731914663482,906.2189568319991
14620,29941760,2.539024829864502,,,0.00018319010509726692,906.845702863
14630,29962240,2.553292751312256,,,0.0001830528719061013,907.5467359130016
14640,29982720,2.5282809734344482,,,0.00018291561971755122,908.1018227140012
14650,30003200,2.7054941654205322,,,0.00018277834867604973,908.7418310880021
14660,30023680,2.4803807735443115,,,0.0001826410589260498,909.4101709640017
14670,30044160,2.460745334625244,,,0.00018250375061202407,910.1967362370015
14680,30064640,2.4925897121429443,,,0.0001823664238784647,910.9213846410021
14690,30085120,2.72348952293396,,,0.00018222907886988331,911.4676331369992
14700,30105600,2.109174966812134,2.410404884815216,11.13847002959399,0.0001820917157308107,912.517274353002
14710,30126080,2.719362497329712,,,0.00018195433460579664,913.1477602039995
14720,30146560,2.5221409797668457,,,0.00018181693563941006,913.8715479400016
14730,30167040,2.580504894256592,,,0.00018167951897623844,914.576195976002
14740,30187520,2.452742576599121,,,0.00018154208476088806,915.3384931360015
14750,30208000,2.422739028930664,,,0.00018140463313798353,915.9661633920005
14760,30228480,2.5550434589385986,,,0.00018126716425216784,916.7503910699998
14770,30248960,2.3866360187530518,,,0.0001811296782481022,917.3324307930015
14780,30269440,2.3990604877471924,,,0.0001809921752704657,917.884327527001
14790,30289920,2.2318129539489746,,,0.0001808546554639554,918.700982186001
14800,30310400,2.329611301422119,2.406818127632141,11.098590603868702,0.00018071711897328603,919.7068547540002
14810,30330880,2.26564359664917,,,0.00018057956594318996,920.4257411479994
14820,30351360,2.3622636795043945,,,0.00018044199651841682,921.168008659999
14830,30371840,2.410627603530884,,,0.00018030441084373357,921.6994263160013
14840,30392320,2.5216240882873535,,,0.00018016680906392428,922.4059622050008
14850,30412800,2.470489501953125,,,0.0001800291913237899,923.2610840189991
14860,30433280,2.51151180267334,,,0.0001798915577681483,923.9456029780013
14870,30453760,2.1818368434906006,,,0.00017975390854183386,924.6470290200014
14880,30474240,2.28971004486084,,,0.00017961624378969759,925.3049445510005
14890,30494720,2.6525378227233887,,,0.00017947856365660666,925.8825510780007
14900,30515200,2.4059665203094482,2.408520019054413,11.11749528230876,0.00017934086828744458,926.6978555460009
14910,30535680,2.5306804180145264,,,0.00017920315782711077,927.3005154090024
14920,30556160,2.4969749450683594,,,0.00017906543242052076,927.9300164660017
14930,30576640,2.5376110076904297,,,0.00017892769221260544,928.5522529850023
14940,30597120,2.572702407836914,,,0.00017878993734831165,929.1648825060001
14950,30617600,2.204308032989502,,,0.00017865216797260136,929.8212016550024
14960,30638080,2.6490068435668945,,,0.00017851438423045204,930.3935584430001
14970,30658560,2.272076368331909,,,0.00017837658626685608,931.0557684529995
14980,30679040,2.5392274856567383,,,0.00017823877422682097,931.7021577140004
14990,30699520,2.5632362365722656,,,0.000178100948255369,932.2769442909994
15000,30720000,2.7235448360443115,2.4045824885368345,11.073805875988207,0.00017796310849753705,933.2024276859993
15010,30740480,2.272151470184326,,,0.00017782525509837653,934.1658458980019
15020,30760960,2.4712085723876953,,,0.00017768738820295328,934.7576200090007
15030,30781440,2.400589942932129,,,0.00017754950795634725,935.3480110580022
15040,30801920,2.453616142272949,,,0.00017741161450365257,935.9386749289988
15050,30822400,2.3622522354125977,,,0.000177273707989977,936.5254192770008
15060,30842880,2.379051923751831,,,0.0001771357885604424,937.0482531670023
15070,30863360,2.3065414428710938,,,0.0001769978563601839,937.6458897140001
15080,30883840,2.6378562450408936,,,0.0001768599115343503,938.1997006109996
15090,30904320,2.377713203430176,,,0.00017672195422810356,938.7798986720009
15100,30924800,2.4259440898895264,2.4049651861190795,11.07804460574728,0.00017658398458661876,939.6835424259989
15110,30945280,2.2995078563690186,,,0.0001764460027550841,940.2278217710009
15120,30965760,2.558255434036255,,,0.00017630800887870048,940.7350152399995
15130,30986240,2.3573126792907715,,,0.00017617000310268148,941.3296516619994
15140,31006720,2.5705392360687256,,,0.00017603198557225325,941.9004959049998
15150,31027200,2.2791807651519775,,,0.0001758939564326543,942.4165294760023
15160,31047680,2.6311614513397217,,,0.0001757559158291354,942.9566359630007
15170,31068160,2.3757288455963135,,,0.00017561786390695922,943.7466885920003
15180,31088640,2.7302989959716797,,,0.0001754798008114006,944.2859952020008
15190,31109120,2.5308423042297363,,,0.00017534172668774584,944.9138576879996
15200,31129600,2.3772125244140625,2.4031635761260985,11.058104257641611,0.00017520364168129309,945.731352269002
15210,31150080,2.7320804595947266,,,0.00017506554593735182,946.260387467999
15220,31170560,2.4588727951049805,,,0.00017492743960124287,946.7813954230005
15230,31191040,2.4713475704193115,,,0.00017478932281829817,947.2735722960024
15240,31211520,2.21988582611084,,,0.0001746511957338607,947.9155266509988
15250,31232000,2.768552780151367,,,0.00017451305849328422,948.4542227650018
15260,31252480,2.627612590789795,,,0.00017437491124193324,948.9596875810021
15270,31272960,2.461348295211792,,,0.00017423675412518274,949.5822024030022
15280,31293440,2.749396800994873,,,0.00017409858728841812,950.4529878409994
15290,31313920,2.437223434448242,,,0.000173960410877035,951.0636261649997
15300,31334400,2.633715867996216,2.3974470496177673,10.9950706498204,0.0001738222250364391,952.035774901
15310,31354880,2.348217487335205,,,0.00017368402991204597,952.5596971100022
15320,31375360,2.5050389766693115,,,0.00017354582564928106,953.184972649
15330,31395840,2.4866604804992676,,,0.00017340761239357938,953.6922329340014
15340,31416320,2.5006117820739746,,,0.0001732693902903854,954.3272040869997
15350,31436800,2.640124559402466,,,0.00017313115948515287,954.9704495530023
15360,31457280,2.6708366870880127,,,0.00017299292012334472,955.4905077750009
15370,31477760,2.5095672607421875,,,0.0001728546723504329,956.0990035260002
15380,31498240,2.464540719985962,,,0.00017271641631189824,956.6746214699997
15390,31518720,2.3794915676116943,,,0.00017257815215323017,957.2653533640005
15400,31539200,2.3071835041046143,2.3923574805259706,10.939252643370235,0.00017243988001992678,958.1907877029989
15410,31559680,2.2705373764038086,,,0.00017230160005749445,958.7213610450017
15420,31580160,2.586589813232422,,,0.0001721633124114479,959.3020699080007
15430,31600640,2.3157453536987305,,,0.0001720250172273098,959.852896122
15440,31621120,2.4322800636291504,,,0.0001718867146506109,960.4676186840006
15450,31641600,2.1925814151763916,,,0.00017174840482688964,961.030387867002
15460,31662080,2.399207830429077,,,0.0001716100879016921,961.5775485350023
15470,31682560,2.412045955657959,,,0.00017147176402057188,962.237492479002
15480,31703040,2.19765043258667,,,0.00017133343332908984,962.733888712999
15490,31723520,2.3574085235595703,,,0.000171195095972814,963.2629688380002
15500,31744000,2.3155319690704346,2.3893107771873474,10.90597470556334,0.0001710567520973195,964.1721850680005
15510,31764480,2.251412868499756,,,0.00017091840184818818,965.0755021229998
15520,31784960,2.406419277191162,,,0.0001707800453710087,965.584804907001
15530,31805440,2.4216561317443848,,,0.00017064168281137626,966.2526450469995
15540,31825920,2.443545341491699,,,0.00017050331431489238,966.9798901089998
15550,31846400,2.208930253982544,,,0.000170364940027165,967.5498644170002
15560,31866880,2.5971121788024902,,,0.00017022656009380794,968.1416582040001
15570,31887360,2.62103009223938,,,0.00017008817466044115,968.7271610999996
15580,31907840,2.37288236618042,,,0.00016994978387269025,969.2538865530005
15590,31928320,2.5231995582580566,,,0.00016981138787618648,969.807415059
15600,31948800,2.4064345359802246,2.3888830661773683,10.901311097516565,0.0001696729868165667,970.7456665210011
15610,31969280,2.475796699523926,,,0.00016953458083947295,971.5110200130002
15620,31989760,2.1478419303894043,,,0.00016939617009055253,971.9974390839998
15630,32010240,2.4147496223449707,,,0.0001692577547154577,972.7168750830024
15640,32030720,2.569908618927002,,,0.00016911933485984568,973.290278864999
15650,32051200,2.7399778366088867,,,0.00016898091066937826,973.8098696599991
15660,32071680,2.1618170738220215,,,0.00016884248228972193,974.3657448129998
15670,32092160,2.301487922668457,,,0.00016870404986654762,975.0825924060009
15680,32112640,2.698317766189575,,,0.00016856561354553027,975.6652358480023
15690,32133120,2.3405075073242188,,,0.00016842717347234924,976.2690354170009
15700,32153600,2.647792100906372,2.3874712586402893,10.885931403483594,0.00016828872979268757,977.3940100520012
15710,32174080,2.4588897228240967,,,0.00016815028265223223,978.0535631640014
15720,32194560,2.5279364585876465,,,0.0001680118321966739,978.7040482410011
15730,32215040,2.5280587673187256,,,0.00016787337857170653,979.310092443
15740,32235520,2.504082679748535,,,0.00016773492192302764,980.0951423250008
15750,32256000,2.518127918243408,,,0.00016759646239633774,980.6585192669991
15760,32276480,2.4760074615478516,,,0.00016745800013734052,981.3344675070002
15770,32296960,2.3256306648254395,,,0.00016731953529174247,981.9071494300006
15780,32317440,2.6370601654052734,,,0.00016718106800525274,982.6358991990019
15790,32337920,2.7058703899383545,,,0.0001670425984235832,983.3465537789998
15800,32358400,2.3755359649658203,2.3824257373809816,10.831144535540446,0.00016690412669244804,984.4953630500022
15810,32378880,2.489652633666992,,,0.00016676565295756373,985.0794648320007
15820,32399360,2.6685028076171875,,,0.0001666271773646488,985.6749360360009
15830,32419840,2.732640504837036,,,0.00016648870005942382,986.304093761999
15840,32440320,2.2465531826019287,,,0.00016635022118761115,986.909249444001
15850,32460800,2.7246270179748535,,,0.00016621174089493472,987.476182276001
15860,32481280,2.8406448364257812,,,0.00016607325932712003,988.0220639710024
15870,32501760,2.477773666381836,,,0.00016593477662989387,988.6945796990003
15880,32522240,2.3285796642303467,,,0.00016579629294898428,989.3349483490019
15890,32542720,2.1715497970581055,,,0.00016565780843012034,989.9817643800016
15900,32563200,2.497579574584961,2.382853615283966,10.83577993457292,0.00016551932321903187,990.8849365200003
15910,32583680,2.3890161514282227,,,0.00016538083746144965,991.5010604630006
15920,32604160,2.3767971992492676,,,0.00016524235130310479,992.126058924001
15930,32624640,2.325178861618042,,,0.000165103864889729,992.9747256600022
15940,32645120,2.5018036365509033,,,0.0001649653783670542,993.5344524310021
15950,32665600,2.6206753253936768,,,0.0001648268918808124,994.1900222309996
15960,32686080,2.0854618549346924,,,0.00016468840557673563,994.7116979880011
15970,32706560,2.329864978790283,,,0.00016454991960055564,995.388246712002
15980,32727040,2.4107143878936768,,,0.00016441143409800393,996.0215877510018
15990,32747520,2.4595656394958496,,,0.00016427294921481146,996.8579778349995
16000,32768000,2.460249423980713,2.3798476338386534,10.803256687772114,0.00016413446509670846,997.8073704099988
16010,32788480,2.7127254009246826,,,0.00016399598188942456,998.6432744150006
16020,32808960,2.2714743614196777,,,0.0001638574997386882,999.200690316
16030,32829440,2.5207033157348633,,,0.0001637190187902269,999.7516154760015
16040,32849920,2.3500449657440186,,,0.00016358053918976673,1000.2910931750012
16050,32870400,2.3475193977355957,,,0.0001634420610830325,1000.8212457139998
16060,32890880,2.467214822769165,,,0.0001633035846157474,1001.7085018760008
16070,32911360,2.4857239723205566,,,0.0001631651099336328,1002.2258595089988
16080,32931840,2.4116764068603516,,,0.00016302663718240838,1002.861597436
16090,32952320,2.4042468070983887,,,0.0001628881665077916,1003.5681750100011
16100,32972800,2.6589250564575195,2.3796546816825868,10.801172377194243,0.00016274969805549783,1004.3955735119998
16110,32993280,2.504809617996216,,,0.00016261123197124013,1005.006416745
16120,33013760,2.2411720752716064,,,0.00016247276840072896,1005.6609208400005
16130,33034240,2.410207748413086,,,0.0001623343074896723,1006.245959631
16140,33054720,2.5106201171875,,,0.0001621958493837751,1006.7937549340022
16150,33075200,2.3590359687805176,,,0.00016205739422873964,1007.3163082249994
16160,33095680,2.3833048343658447,,,0.00016191894217026478,1007.8921088220013
16170,33116160,2.258280038833618,,,0.0001617804933540464,1008.4590884460013
16180,33136640,2.282982349395752,,,0.00016164204792577685,1009.0325927560007
16190,33157120,2.1447277069091797,,,0.00016150360603114483,1009.6263131439991
16200,33177600,2.3419508934020996,2.372945272922516,10.728945467505957,0.0001613651678158355,1010.5512808170024
16210,33198080,2.1234893798828125,,,0.00016122673342553002,1011.118145168999
16220,33218560,2.2960128784179688,,,0.00016108830300590556,1011.6903583860003
16230,33239040,2.3437466621398926,,,0.00016094987670263515,1012.2208754150015
16240,33259520,2.563559055328369,,,0.0001608114546613874,1012.8016329880011
16250,33280000,2.3966150283813477,,,0.00016067303702782654,1013.3480361360016
16260,33300480,2.2172651290893555,,,0.00016053462394761207,1013.9135966489994
16270,33320960,2.34559965133667,,,0.00016039621556639873,1014.510966504
16280,33341440,2.5496864318847656,,,0.00016025781202983638,1015.0337955920004
16290,33361920,2.668470621109009,,,0.0001601194134835697,1015.642935838001
16300,33382400,2.4206058979034424,2.371433424949646,10.712737188364109,0.00015998102007323811,1016.5751483530003
16310,33402880,2.372732162475586,,,0.0001598426319444757,1017.2176406290018
16320,33423360,2.811413049697876,,,0.00015970424924291086,1017.8749316530011
16330,33443840,2.49343204498291,,,0.00015956587211416655,1018.425802026999
16340,33464320,2.214320659637451,,,0.00015942750070385955,1019.0795823180015
16350,33484800,2.4420151710510254,,,0.0001592891351576008,1019.7231960259996
16360,33505280,2.4338057041168213,,,0.00015915077562099505,1020.3574238820001
16370,33525760,2.3636703491210938,,,0.00015901242223964067,1020.9336763880019
16380,33546240,2.323892116546631,,,0.00015887407515912955,1021.4899643290009
16390,33566720,2.159152030944824,,,0.00015873573452504709,1021.9991705770008
16400,33587200,2.352076530456543,2.3695603251457213,10.692689943543579,0.0001585974004829717,1023.1716969059999
16410,33607680,2.6963369846343994,,,0.000158459073178475,1023.8705896960018
16420,33628160,2.2143442630767822,,,0.0001583207527571215,1024.4430938000005
16430,33648640,2.5642311573028564,,,0.00015818243936446835,1025.0031178470017
16440,33669120,2.1343255043029785,,,0.00015804413314606547,1025.7364859500012
16450,33689600,2.32021164894104,,,0.0001579058342474552,1026.285811130001
16460,33710080,2.225770950317383,,,0.000157767542814172,1026.835581722
16470,33730560,2.432048797607422,,,0.00015762925899174274,1027.3457643879992
16480,33751040,2.2796661853790283,,,0.00015749098292568603,1027.9925734339995
16490,33771520,2.432101011276245,,,0.00015735271476151254,1028.7453093469994
16500,33792000,2.4196290969848633,2.365604269504547,10.65047262925499,0.00015721445464472443,1030.052447590002
16510,33812480,2.4245519638061523,,,0.00015707620272081553,1031.0183705340023
16520,33832960,2.219717502593994,,,0.00015693795913527102,1031.6531043260002
16530,33853440,2.4241943359375,,,0.0001567997240335672,1032.173805847
16540,33873920,2.5435352325439453,,,0.00015666149756117165,1032.841804464002
16550,33894400,2.5114364624023438,,,0.00015652327986354268,1033.4675618440015
16560,33914880,2.4343886375427246,,,0.0001563850710861294,1034.074623695
16570,33935360,2.3897507190704346,,,0.00015624687137437163,1034.6119594390002
16580,33955840,2.2623636722564697,,,0.00015610868087369953,1035.1630716430009
16590,33976320,2.8087477684020996,,,0.0001559704997295337,1035.7164396100015
16600,33996800,2.3341691493988037,2.363274872303009,10.625692320912817,0.00015583232808728475,1036.652204918002
16610,34017280,2.3104424476623535,,,0.00015569416609235336,1037.216916158999
16620,34037760,2.594688892364502,,,0.0001555560138901301,1037.7952340459997
16630,34058240,2.3565163612365723,,,0.00015541787162599513,1038.5399903399993
16640,34078720,2.5351970195770264,,,0.00015527973944531826,1039.0774094240005
16650,34099200,2.7469611167907715,,,0.00015514161749345865,1039.8248924280015
16660,34119680,2.0507562160491943,,,0.00015500350591576468,1040.3622203410014
16670,34140160,2.584561586380005,,,0.00015486540485757375,1040.8979477440007
16680,34160640,2.1740822792053223,,,0.00015472731446421236,1041.5039821460014
16690,34181120,2.567836284637451,,,0.00015458923488099565,1042.5873388690015
16700,34201600,2.5249171257019043,2.3591695547103884,10.582159897645482,0.0001544511662532274,1043.5281026029988
16710,34222080,2.3947649002075195,,,0.00015431310872619992,1044.1164685219992
16720,34242560,2.6814699172973633,,,0.00015417506244519378,1044.8047502100017
16730,34263040,2.5555992126464844,,,0.00015403702755547772,1045.4562815730023
16740,34283520,2.357757091522217,,,0.0001538990042023086,1046.0665018860018
16750,34304000,2.503929853439331,,,0.0001537609925309309,1046.597789186002
16760,34324480,2.7318811416625977,,,0.0001536229926865771,1047.058061404001
16770,34344960,2.5624585151672363,,,0.00015348500481446702,1047.6636919470002
16780,34365440,2.596400022506714,,,0.00015334702905980797,1048.1717971180005
16790,34385920,2.431087017059326,,,0.0001532090655677945,1048.8330408270012
16800,34406400,2.323735237121582,2.3600251197814943,10.591217498161575,0.00015307111448360823,1049.7248484369993
16810,34426880,2.0922093391418457,,,0.0001529331759524178,1050.3798985559988
16820,34447360,2.497443675994873,,,0.00015279525011937847,1051.088535818999
16830,34467840,2.685608386993408,,,0.00015265733712963237,1051.783132536999
16840,34488320,2.335672378540039,,,0.00015251943712830786,1052.487114353
16850,34508800,2.3603978157043457,,,0.00015238155026051986,1053.0722736720018
16860,34529280,2.1716551780700684,,,0.0001522436766713694,1053.904705199002
16870,34549760,2.555860996246338,,,0.0001521058165059434,1054.4723809650022
16880,34570240,2.351991653442383,,,0.00015196796990931487,1055.2975769570003
16890,34590720,2.2863738536834717,,,0.00015183013702654236,1055.850411481999
16900,34611200,2.6657347679138184,2.3575799584388735,10.565351898233436,0.0001516923180026701,1056.7407126850012
16910,34631680,2.462973117828369,,,0.00015155451298272775,1057.2845557790024
16920,34652160,2.1095378398895264,,,0.0001514167221117301,1057.8518605829995
16930,34672640,2.264561891555786,,,0.00015127894553467716,1058.3523055320002
16940,34693120,2.27144193649292,,,0.0001511411833965539,1058.8786447499988
16950,34713600,2.7834601402282715,,,0.00015100343584233,1059.377835919
16960,34734080,2.6034345626831055,,,0.00015086570301696,1060.015570325002
16970,34754560,2.36895751953125,,,0.00015072798506538264,1060.6754831510007
16980,34775040,2.499222755432129,,,0.00015059028213252132,1061.2505805789988
16990,34795520,2.385809898376465,,,0.00015045259436328334,1061.894687234002
17000,34816000,2.775402069091797,2.3577407002449036,10.567050328479617,0.00015031492190256028,1062.8648608219992
17010,34836480,2.3244457244873047,,,0.00015017726489522756,1063.6716293249992
17020,34856960,2.3244409561157227,,,0.0001500396234861442,1064.2446061930023
17030,34877440,2.464639186859131,,,0.00014990199782015297,1064.773691153001
17040,34897920,2.47646427154541,,,0.00014976438804207995,1065.3939455889995
17050,34918400,2.2747108936309814,,,0.00014962679429673462,1065.985324475001
17060,34938880,2.4318950176239014,,,0.00014948921672890947,1066.616208178999
17070,34959360,2.524858236312866,,,0.00014935165548338004,1067.217160526001
17080,34979840,2.332111358642578,,,0.00014921411070490471,1067.8109346950005
17090,35000320,2.383667469024658,,,0.00014907658253822447,1068.3552632890023
17100,35020800,2.441086769104004,2.356975281238556,10.55896520196665,0.00014893907112806284,1069.2472881680005
17110,35041280,2.262537717819214,,,0.00014880157661912574,1069.8529209869994
17120,35061760,2.366713047027588,,,0.00014866409915610128,1070.4603745290005
17130,35082240,2.5738964080810547,,,0.0001485266388836597,1071.0174431330015
17140,35102720,2.3346705436706543,,,0.00014838919594645298,1071.6936426380016
17150,35123200,2.448740005493164,,,0.00014825177048911507,1072.2755487470022
17160,35143680,2.4253859519958496,,,0.00014811436265626133,1072.7848032540023
17170,35164160,2.595604419708252,,,0.00014797697259248877,1073.4685811630006
17180,35184640,2.3994598388671875,,,0.0001478396004423755,1073.984279643999
17190,35205120,2.477116107940674,,,0.00014770224635048088,1074.5498887590002
17200,35225600,2.3350963592529297,2.352335238456726,10.510084643339114,0.0001475649104613454,1075.446040701001
17210,35246080,2.2885537147521973,,,0.0001474275929194901,1076.017713958001
17220,35266560,2.234145402908325,,,0.00014729029386941698,1076.543809998002
17230,35287040,2.8054425716400146,,,0.0001471530134556084,1077.106503127001
17240,35307520,2.557420253753662,,,0.0001470157518225272,1077.6666145950003
17250,35328000,2.467179536819458,,,0.0001468785091146165,1078.2333652900015
17260,35348480,2.5325074195861816,,,0.00014674128547629935,1078.943474101001
17270,35368960,2.337059736251831,,,0.0001466040810519789,1079.7484697450018
17280,35389440,2.4540905952453613,,,0.00014646689598603793,1080.3026810030024
17290,35409920,2.5311403274536133,,,0.00014632973042283897,1080.8361660689989
17300,35430400,2.2011771202087402,2.3506165981292724,10.492037101085375,0.000146192584506724,1081.9498821490015
17310,35450880,2.543224334716797,,,0.00014605545838201428,1082.5683311270004
17320,35471360,2.3336377143859863,,,0.00014591835219301028,1083.1471623120015
17330,35491840,2.41601824760437,,,0.00014578126608399148,1083.7234253160022
17340,35512320,2.2360501289367676,,,0.00014564420019921623,1084.2945075030002
17350,35532800,2.557105302810669,,,0.00014550715468292157,1084.9418664860023
17360,35553280,2.3520803451538086,,,0.00014537012967932316,1085.5438209029999
17370,35573760,2.6322898864746094,,,0.0001452331253326151,1086.0871232649988
17380,35594240,2.0112478733062744,,,0.00014509614178696958,1086.679505
17390,35614720,2.661257743835449,,,0.00014495917918653714,1087.277773365
17400,35635200,2.3595309257507324,2.349300003051758,10.478232426262556,0.00014482223767544607,1088.2866134220021
17410,35655680,2.416149139404297,,,0.0001446853173978026,1088.7906601380018
17420,35676160,2.3148293495178223,,,0.0001445484184976906,1089.4104794510022
17430,35696640,2.2970709800720215,,,0.00014441154111917136,1090.0235312030018
17440,35717120,2.416729688644409,,,0.00014427468540628363,1090.6133191690024
17450,35737600,2.586606025695801,,,0.00014413785150304325,1091.2985480060015
17460,35758080,2.607905864715576,,,0.00014400103955344322,1091.893784426
17470,35778560,2.349907398223877,,,0.00014386424970145342,1092.4469868020024
17480,35799040,2.382173538208008,,,0.00014372748209102036,1093.0143876580005
17490,35819520,2.4344005584716797,,,0.0001435907368660673,1093.5622146210007
17500,35840000,2.265209197998047,2.349166977405548,10.476838645329273,0.0001434540141704938,1094.801026641002
17510,35860480,2.054828405380249,,,0.00014331731414817585,1095.8137056289997
17520,35880960,2.4279885292053223,,,0.00014318063694296543,1096.3597576140019
17530,35901440,2.181530237197876,,,0.0001430439826986907,1096.910259381999
17540,35921920,2.197840929031372,,,0.0001429073515591555,1097.4973163979994
17550,35942400,2.326211929321289,,,0.00014277074366813937,1098.0323981729998
17560,35962880,2.4622890949249268,,,0.00014263415916939754,1098.5870953779995
17570,35983360,2.066680431365967,,,0.00014249759820666034,1099.166529733
17580,36003840,2.557337760925293,,,0.00014236106092363363,1099.6814227809991
17590,36024320,2.511909008026123,,,0.00014222454746399817,1100.3813813740016
17600,36044800,2.2862720489501953,2.3477582812309263,10.462090353177745,0.0001420880579714097,1101.523351808999
17610,36065280,2.2981648445129395,,,0.00014195159258949876,1102.056501141
17620,36085760,2.26234769821167,,,0.00014181515146187044,1102.5967075510016
17630,36106240,2.170732259750366,,,0.00014167873473210443,1103.313238327999
17640,36126720,2.417855739593506,,,0.00014154234254375468,1103.9741653010024
17650,36147200,2.3415462970733643,,,0.00014140597504034926,1104.5732589649997
17660,36167680,2.4781076908111572,,,0.0001412696323653904,1105.1603378120017
17670,36188160,2.2336809635162354,,,0.00014113331466235405,1105.6785998820014
17680,36208640,2.211495876312256,,,0.00014099702207468994,1106.2598240650004
17690,36229120,2.336524724960327,,,0.00014086075474582145,1106.9632348650011
17700,36249600,2.8165555000305176,2.342753255367279,10.409858141194155,0.00014072451281914528,1108.051037338002
17710,36270080,2.479952335357666,,,0.00014058829643803143,1108.7855631439998
17720,36290560,2.80165696144104,,,0.00014045210574582302,1109.4513037680008
17730,36311040,2.4862375259399414,,,0.00014031594088583616,1109.988158641001
17740,36331520,2.7305917739868164,,,0.00014017980200135968,1110.6978870189996
17750,36352000,2.3984978199005127,,,0.0001400436892356552,1111.3479582050022
17760,36372480,2.0827112197875977,,,0.00013990760273195683,1111.995345981999
17770,36392960,2.489987850189209,,,0.000139771542633471,1112.5952271410024
17780,36413440,2.5316219329833984,,,0.00013963550908337633,1113.2940418899998
17790,36433920,2.354995012283325,,,0.00013949950222482354,1113.9533549840016
17800,36454400,2.4792981147766113,2.339282476902008,10.373790457408107,0.0001393635222009353,1114.946029316001
17810,36474880,2.537929058074951,,,0.00013922756915480606,1115.6279707169997
17820,36495360,2.559103012084961,,,0.0001390916432295017,1116.2346486329989
17830,36515840,2.6652116775512695,,,0.0001389557445680598,1116.8282310319992
17840,36536320,2.566009998321533,,,0.00013881987331348903,1117.4168030799992
17850,36556800,2.5845696926116943,,,0.00013868402960876943,1117.9870464840023
17860,36577280,2.4919230937957764,,,0.0001385482135968519,1118.5964739459996
17870,36597760,2.0477218627929688,,,0.00013841242542065823,1119.2488552950017
17880,36618240,2.264613151550293,,,0.00013827666522308097,1119.842535574
17890,36638720,2.5138721466064453,,,0.00013814093314698313,1120.5779991599993
17900,36659200,2.480280876159668,2.3385129451751707,10.365810567306669,0.00013800522933519826,1121.5954374110006
17910,36679680,2.3213913440704346,,,0.00013786955393053002,1122.2707521240009
17920,36700160,2.2521555423736572,,,0.00013773390707575226,1122.8410667570024
17930,36720640,2.4178829193115234,,,0.00013759828891360884,1123.3447802640003
17940,36741120,2.703366756439209,,,0.0001374626995868133,1123.864930535001
17950,36761600,2.296410083770752,,,0.00013732713923804893,1124.377265905001
17960,36782080,2.212780475616455,,,0.00013719160800996843,1124.8944453969998
17970,36802560,2.4087002277374268,,,0.00013705610604519399,1125.493064806
17980,36823040,2.4317262172698975,,,0.00013692063348631693,1126.0482662229988
17990,36843520,2.4851784706115723,,,0.0001367851904758976,1126.5908886760008
18000,36864000,2.4957356452941895,2.3357951641082764,10.337676811615216,0.00013664977715646535,1127.6162419720022
18010,36884480,2.5520176887512207,,,0.00013651439367051813,1128.7437486109993
18020,36904960,2.3177201747894287,,,0.00013637904016052264,1129.2901084600016
18030,36925440,2.1809616088867188,,,0.00013624371676891395,1129.8179968910008
18040,36945920,2.5303640365600586,,,0.00013610842363809552,1130.2893465310008
18050,36966400,2.484758138656616,,,0.0001359731609104389,1130.8264315960005
18060,36986880,2.2958712577819824,,,0.00013583792872828358,1131.336319320002
18070,37007360,2.5653793811798096,,,0.00013570272723393713,1131.9178300589992
18080,37027840,2.3370184898376465,,,0.00013556755656967458,1132.6076293110018
18090,37048320,2.4328248500823975,,,0.00013543241687773866,1133.1552168359995
18100,37068800,2.2263333797454834,2.333138036727905,10.310244748892066,0.00013529730830033946,1134.0185566540022
18110,37089280,2.844789981842041,,,0.00013516223097965433,1134.7187677340007
18120,37109760,2.702181339263916,,,0.00013502718505782778,1135.2523592290017
18130,37130240,2.3175015449523926,,,0.00013489217067697115,1135.725233833
18140,37150720,2.1351189613342285,,,0.00013475718797916272,1136.2347668130024
18150,37171200,2.7342984676361084,,,0.0001346222371064474,1136.8505650879997
18160,37191680,2.460392713546753,,,0.00013448731820083656,1137.5386672400018
18170,37212160,2.4718239307403564,,,0.00013435243140430796,1138.1850924880018
18180,37232640,2.2936339378356934,,,0.00013421757685880558,1138.7074034910002
18190,37253120,2.6091830730438232,,,0.00013408275470623947,1139.2054904600009
18200,37273600,2.449007987976074,2.333773148059845,10.316794982010624,0.0001339479650884855,1140.1551409310014
18210,37294080,2.3285999298095703,,,0.0001338132081473855,1141.1003368450001
18220,37314560,2.1604480743408203,,,0.00013367848402474672,1141.839647910001
18230,37335040,2.362492084503174,,,0.0001335437928623419,1142.5822677159995
18240,37355520,2.4638671875,,,0.00013340913480190927,1143.2472817060006
18250,37376000,2.5524215698242188,,,0.00013327450998515197,1143.7894699450007
18260,37396480,2.4258437156677246,,,0.00013313991855373836,1144.382112520001
18270,37416960,2.5726335048675537,,,0.00013300536064930158,1144.969373939999
18280,37437440,2.2053446769714355,,,0.00013287083641343945,1145.4986432370024
18290,37457920,2.3195767402648926,,,0.00013273634598771455,1146.1735898719999
18300,37478400,2.42878794670105,2.3315438866615295,10.293821765369403,0.00013260188951365358,1147.2513267860013
18310,37498880,2.286787748336792,,,0.00013246746713274776,1147.9746349140005
18320,37519360,2.6019320487976074,,,0.00013233307898645238,1148.5768839789998
18330,37539840,2.511118173599243,,,0.0001321987252161866,1149.122968222
18340,37560320,2.4347801208496094,,,0.00013206440596333352,1149.698336100002
18350,37580800,2.2828102111816406,,,0.00013193012136923982,1150.3379332069999
18360,37601280,2.410973310470581,,,0.00013179587157521582,1150.966258122
18370,37621760,2.311241626739502,,,0.00013166165672253517,1151.71351048
18380,37642240,2.450563669204712,,,0.0001315274769524347,1152.3158586690006
18390,37662720,2.6771717071533203,,,0.0001313933324061144,1152.982975679999
18400,37683200,2.358433723449707,2.3316805005073546,10.295228140011947,0.00013125922322473711,1154.037855478
18410,37703680,2.248195171356201,,,0.00013112514954942856,1154.5721224500012
18420,37724160,2.3677916526794434,,,0.000130991111521277,1155.184025622999
18430,37744640,2.5881054401397705,,,0.0001308571092813333,1155.7986540519996
18440,37765120,2.5091168880462646,,,0.00013072314297061052,1156.3574329139992
18450,37785600,2.5399632453918457,,,0.000130589212730084,1156.9239607269992
18460,37806080,2.1537981033325195,,,0.0001304553187006912,1157.5670702759999
18470,37826560,2.058258056640625,,,0.00013032146102333125,1158.2000470480016
18480,37847040,2.334402322769165,,,0.00013018763983886522,1158.8071897379996
18490,37867520,2.2944421768188477,,,0.00013005385528811576,1159.3467391920021
18500,37888000,2.2189908027648926,2.328335666656494,10.26084983933061,0.00012992010751186684,1160.316135289002
18510,37908480,2.3499107360839844,,,0.0001297863966508639,1161.3570546720002
18520,37928960,2.2740604877471924,,,0.0001296527228458134,1161.913219877999
18530,37949440,2.4730052947998047,,,0.00012951908623738288,1162.5522989189994
18540,37969920,2.4671411514282227,,,0.00012938548696620074,1163.2998946949992
18550,37990400,2.3801918029785156,,,0.000129251925172856,1163.9807882480018
18560,38010880,1.9818215370178223,,,0.00012911840099789839,1164.525319376
18570,38031360,2.556438446044922,,,0.00012898491458183787,1165.1832765030013
18580,38051840,2.4333336353302,,,0.00012885146606514487,1165.839500353999
18590,38072320,2.125640392303467,,,0.0001287180555882497,1166.318439966999
18600,38092800,2.536461353302002,2.3278509736061097,10.25587768180489,0.0001285846832915429,1167.3967189200011
18610,38113280,2.3528053760528564,,,0.00012845134931537463,1168.0195326409994
18620,38133760,2.376351833343506,,,0.00012831805380005484,1168.574505894001
18630,38154240,2.3236207962036133,,,0.00012818479688585295,1169.1625018410014
18640,38174720,2.127575397491455,,,0.00012805157871299775,1169.7981264090013
18650,38195200,2.7445874214172363,,,0.0001279183994216773,1170.3643335109991
18660,38215680,2.2342867851257324,,,0.00012778525915203877,1170.921607299002
18670,38236160,2.3148534297943115,,,0.00012765215804418821,1171.5374463560001
18680,38256640,2.6447865962982178,,,0.00012751909623819047,1172.0722428910012
18690,38277120,2.3771233558654785,,,0.000127386073874069,1172.5696479229991
18700,38297600,2.501011848449707,2.3256319880485536,10.233145268125396,0.00012725309109180586,1173.601311069
18710,38318080,2.204728603363037,,,0.00012712014803134132,1174.3282480609996
18720,38338560,2.658423900604248,,,0.00012698724483257404,1174.9378181130014
18730,38359040,2.292560338973999,,,0.00012685438163536052,1175.4811464640006
18740,38379520,2.4317851066589355,,,0.0001267215585795153,1176.1745598359994
18750,38400000,2.1771435737609863,,,0.00012658877580481063,1176.7302698349995
18760,38420480,2.5018904209136963,,,0.00012645603345097633,1177.2640651959991
18770,38440960,2.2566580772399902,,,0.00012632333165769977,1177.8608363089988
18780,38461440,2.4284796714782715,,,0.00012619067056462567,1178.4752516730005
18790,38481920,2.4621267318725586,,,0.0001260580503113557,1179.0426525330004
18800,38502400,2.226365804672241,2.322620666027069,10.20237632328225,0.00012592547103744888,1180.0544001390008
18810,38522880,2.1814780235290527,,,0.00012579293288242078,1180.6465081550014
18820,38543360,2.3383948802948,,,0.0001256604359857439,1181.1427972109996
18830,38563840,2.4917523860931396,,,0.00012552798048684737,1181.830413126001
18840,38584320,2.242011547088623,,,0.00012539556652511652,1182.694762774001
18850,38604800,2.3280184268951416,,,0.00012526319423989318,1183.327631106
18860,38625280,2.2106544971466064,,,0.00012513086377047522,1183.8430820290014
18870,38645760,2.3971688747406006,,,0.00012499857525611658,1184.4057647949994
18880,38666240,2.4463467597961426,,,0.000124866328836027,1184.9324745170015
18890,38686720,2.43536376953125,,,0.0001247341246493719,1185.529171434002
18900,38707200,2.1195430755615234,2.320703387260437,10.182834263562823,0.00012460196283527232,1186.7851896070024
18910,38727680,2.36118483543396,,,0.00012446984353280469,1187.3664185929993
18920,38748160,2.393237352371216,,,0.00012433776688100065,1187.9591550450023
18930,38768640,2.6089024543762207,,,0.00012420573301884702,1188.5898288579992
18940,38789120,2.5469775199890137,,,0.00012407374208528557,1189.1036455600006
18950,38809600,2.1862521171569824,,,0.00012394179421921296,1189.6587175120003
18960,38830080,2.4739527702331543,,,0.0001238098895594804,1190.2675322510004
18970,38850560,2.2199301719665527,,,0.00012367802824489376,1190.9381124710017
18980,38871040,2.339365005493164,,,0.00012354621041421314,1191.4498480360016
18990,38891520,2.265864372253418,,,0.0001234144362061531,1192.0472400420003
19000,38912000,2.602212429046631,2.319307243824005,10.168627485998776,0.0001232827057593821,1193.0823355560024
19010,38932480,2.707550525665283,,,0.00012315101921252263,1193.9800735530007
19020,38952960,2.249359130859375,,,0.000123019376704151,1194.543585102001
19030,38973440,2.61255145072937,,,0.00012288777837279714,1195.2476473610004
19040,38993920,2.4353840351104736,,,0.0001227562243569445,1195.737669533999
19050,39014400,2.3761892318725586,,,0.00012262471479502994,1196.286424283
19060,39034880,2.521096706390381,,,0.00012249324982544345,1196.8359529160007
19070,39055360,2.2868995666503906,,,0.0001223618295865282,1197.3319308600003
19080,39075840,2.6744203567504883,,,0.00012223045421658015,1197.9982325650017
19090,39096320,2.1946301460266113,,,0.00012209912385384826,1198.5499235240022
19100,39116800,2.493016242980957,2.315133833885193,10.126278067195168,0.00012196783863653388,1199.5196204259992
19110,39137280,2.4642202854156494,,,0.00012183659870279104,1200.1523898849991
19120,39157760,2.32442045211792,,,0.00012170540419072603,1200.7032921770005
19130,39178240,2.409165859222412,,,0.00012157425523839734,1201.2007725539988
19140,39198720,2.3272862434387207,,,0.00012144315198381558,1201.7603803740021
19150,39219200,2.3916821479797363,,,0.00012131209456494315,1202.3494527010007
19160,39239680,2.310875177383423,,,0.00012118108311969437,1202.9079480969995
19170,39260160,2.411918878555298,,,0.00012105011778593511,1203.439461676
19180,39280640,2.6438188552856445,,,0.00012091919870148265,1203.9450685180018
19190,39301120,2.392857074737549,,,0.0001207883260041057,1204.5691970280022
19200,39321600,2.4163146018981934,2.3151517152786254,10.126459140776214,0.0001206574998315241,1205.4459599540023
19210,39342080,2.4458751678466797,,,0.00012052672032140875,1206.139402716999
19220,39362560,2.280095100402832,,,0.00012039598761138151,1206.6718891279997
19230,39383040,2.425189971923828,,,0.00012026530183901482,1207.258753189999
19240,39403520,2.239790916442871,,,0.0001201346631418319,1207.8078053800018
19250,39424000,2.321577548980713,,,0.00012000407165730633,1208.3680292159988
19260,39444480,2.3362836837768555,,,0.00011987352752286211,1208.8759760889989
19270,39464960,2.5283451080322266,,,0.00011974303087587325,1209.3860701599988
19280,39485440,2.529484748840332,,,0.00011961258185366394,1209.95596784
19290,39505920,2.4770851135253906,,,0.00011948218059350821,1210.5161303050008
19300,39526400,2.1883788108825684,2.3109458923339843,10.083958484341267,0.00011935182723262977,1211.4433204820016
19310,39546880,2.7988834381103516,,,0.00011922152190820202,1211.9915510140017
19320,39567360,2.7209489345550537,,,0.00011909126475734768,1212.5435710580023
19330,39587840,2.2025701999664307,,,0.00011896105591713894,1213.126634373999
19340,39608320,2.2863006591796875,,,0.00011883089552459702,1213.802456043999
19350,39628800,2.3773930072784424,,,0.00011870078371669225,1214.364208422001
19360,39649280,2.270364761352539,,,0.00011857072063034375,1214.9396538050023
19370,39669760,2.2818350791931152,,,0.00011844070640241939,1215.4600211300021
19380,39690240,2.237069606781006,,,0.00011831074116973569,1216.1134699530012
19390,39710720,2.587279796600342,,,0.00011818082506905757,1216.8818374069997
19400,39731200,2.263636827468872,2.3132975935935973,10.107700848742654,0.00011805095823709821,1217.8384375800015
19410,39751680,2.1140735149383545,,,0.00011792114081051902,1218.545138802001
19420,39772160,2.2912721633911133,,,0.00011779137292592931,1219.226426748999
19430,39792640,2.108912467956543,,,0.00011766165471988638,1219.8276771029996
19440,39813120,2.543793201446533,,,0.00011753198632889516,1220.659619760001
19450,39833600,2.3571367263793945,,,0.0001174023678894082,1221.3229272360004
19460,39854080,2.6462368965148926,,,0.00011727279953782553,1221.797387950999
19470,39874560,2.4159975051879883,,,0.00011714328141049431,1222.580861737999
19480,39895040,2.199390172958374,,,0.00011701381364370907,1223.0942283980003
19490,39915520,2.371476650238037,,,0.00011688439637371114,1223.5854198449997
19500,39936000,2.2571206092834473,2.31172970533371,10.091865520504037,0.00011675502973668886,1224.4202267130022
19510,39956480,2.657101631164551,,,0.00011662571386877726,1225.2700969790021
19520,39976960,2.338663101196289,,,0.00011649644890605782,1225.834302362
19530,39997440,2.3989272117614746,,,0.00011636723498455866,1226.480234622999
19540,40017920,2.2006423473358154,,,0.00011623807224025399,1227.0533431549993
19550,40038400,2.0596272945404053,,,0.00011610896080906429,1227.7967250000002
19560,40058880,2.44027042388916,,,0.00011597990082685598,1228.4731193039988
19570,40079360,2.248292922973633,,,0.00011585089242944136,1229.0010959950014
19580,40099840,2.289121150970459,,,0.00011572193575257849,1229.4900043750022
19590,40120320,2.049733877182007,,,0.00011559303093197094,1229.967694207
19600,40140800,2.4347901344299316,2.3047696590423583,10.021869539512496,0.00011546417810326775,1231.1061000520021
19610,40161280,2.2612686157226562,,,0.00011533537740206318,1231.6334496349991
19620,40181760,2.3939313888549805,,,0.00011520662896389673,1232.2831072810004
19630,40202240,2.1713855266571045,,,0.0001150779329242529,1232.8475861859988
19640,40222720,2.1442654132843018,,,0.00011494928941856091,1233.4585224580005
19650,40243200,2.4346060752868652,,,0.00011482069858219487,1234.0173619820016
19660,40263680,2.5080080032348633,,,0.00011469216055047334,1234.5828509800012
19670,40284160,2.40547513961792,,,0.0001145636754586594,1235.1245230410022
19680,40304640,2.536623477935791,,,0.00011443524344196041,1235.6909799290006
19690,40325120,2.0504255294799805,,,0.00011430686463552778,1236.2406086150004
19700,40345600,2.4365601539611816,2.3069836497306824,10.04408244586297,0.00011417853917445709,1237.0508142959989
19710,40366080,2.476552963256836,,,0.00011405026719378758,1237.515448328999
19720,40386560,2.309330940246582,,,0.0001139220488285024,1238.1106498480003
19730,40407040,2.541579246520996,,,0.00011379388421352823,1238.6632548439993
19740,40427520,2.3771164417266846,,,0.00011366577348373507,1239.2671492850022
19750,40448000,2.4133553504943848,,,0.00011353771677393638,1239.8834211050016
19760,40468480,2.377514600753784,,,0.00011340971421888866,1240.7263246500006
19770,40488960,2.4653830528259277,,,0.0001132817659532915,1241.6062634320006
19780,40509440,2.189852237701416,,,0.00011315387211178728,1242.2646079930018
19790,40529920,2.208824396133423,,,0.00011302603282896116,1243.0256138180011
19800,40550400,2.537938117980957,2.3016344547271728,9.990498134465343,0.00011289824823934088,1244.100718955
19810,40570880,2.371931552886963,,,0.00011277051847739663,1244.9080667480011
19820,40591360,2.0772545337677,,,0.00011264284367754093,1245.5640015280005
19830,40611840,2.374514579772949,,,0.00011251522397412836,1246.2886049459994
19840,40632320,2.395381450653076,,,0.00011238765950145565,1247.034393725
19850,40652800,2.2160727977752686,,,0.00011226015039376133,1247.6061242510004
19860,40673280,2.420104503631592,,,0.00011213269678522564,1248.164777066002
19870,40693760,2.256478786468506,,,0.00011200529880997056,1248.6983248130018
19880,40714240,2.6366500854492188,,,0.00011187795660205935,1249.2520589920023
19890,40734720,2.0919606685638428,,,0.0001117506702954967,1249.8259934880007
19900,40755200,2.300339460372925,2.3023693680763246,9.997842983492259,0.00011162344002422844,1250.6775369980023
19910,40775680,2.354565143585205,,,0.00011149626592214141,1251.2534678369993
19920,40796160,2.3609251976013184,,,0.00011136914812306341,1251.8570462640018
19930,40816640,2.2199220657348633,,,0.0001112420867607629,1252.4635311780003
19940,40837120,2.3535308837890625,,,0.00011111508196894901,1253.1071930770013
19950,40857600,2.3834972381591797,,,0.00011098813388127133,1253.702928736002
19960,40878080,2.2852447032928467,,,0.00011086124263131979,1254.2856641700018
19970,40898560,2.118621826171875,,,0.00011073440835262449,1254.9322339009996
19980,40919040,2.380512237548828,,,0.00011060763117865553,1255.4976330280006
19990,40939520,2.2985732555389404,,,0.00011048091124282306,1256.0998072469993
20000,40960000,2.3059773445129395,2.303851342201233,10.012670512392031,0.00011035424867847683,1256.9968755869995
20010,40980480,2.3482484817504883,,,0.00011022764361890634,1258.0359356199988
20020,41000960,2.1169724464416504,,,0.0001101010961973405,1258.5528026419997
20030,41021440,2.228910446166992,,,0.00010997460654694761,1259.228424459001
20040,41041920,2.333305835723877,,,0.0001098481748008352,1259.7944247410014
20050,41062400,2.327854633331299,,,0.00010972180109204975,1260.3168276350007
20060,41082880,2.483140468597412,,,0.00010959548555357683,1260.902671300002
20070,41103360,2.4121854305267334,,,0.00010946922831834067,1261.410931393002
20080,41123840,2.452768564224243,,,0.00010934302951920417,1261.9786714740003
20090,41144320,2.4895622730255127,,,0.00010921688928896878,1262.5410897410002
20100,41164800,2.3155319690704346,2.3027811527252195,10.001960789521391,0.0001090908077603743,1263.3208225490016
20110,41185280,2.4648585319519043,,,0.00010896478506609874,1264.0799902350009
20120,41205760,2.5895233154296875,,,0.00010883882133875819,1264.6911086120017
20130,41226240,2.14231276512146,,,0.00010871291671090671,1265.3805126820007
20140,41246720,2.262643575668335,,,0.00010858707131503619,1266.2830986010013
20150,41267200,2.53855562210083,,,0.00010846128528357612,1266.8785846120009
20160,41287680,2.334390163421631,,,0.00010833555874889357,1267.4822353970012
20170,41308160,2.4681620597839355,,,0.0001082098918432931,1268.401913365
20180,41328640,2.3853180408477783,,,0.00010808428469901622,1269.2109397800014
20190,41349120,2.5428996086120605,,,0.00010795873744824186,1269.818599915001
20200,41369600,2.4770712852478027,2.2999958992004395,9.974141552775558,0.0001078332502230858,1270.8309173260022
20210,41390080,2.26479434967041,,,0.00010770782315560064,1271.4255856980017
20220,41410560,2.355891466140747,,,0.00010758245637777577,1271.9535913920008
20230,41431040,2.4718031883239746,,,0.00010745715002153695,1272.4939583920022
20240,41451520,2.7442970275878906,,,0.00010733190421874647,1273.1031943720009
20250,41472000,2.2402679920196533,,,0.00010720671910120308,1273.743716519999
20260,41492480,2.3321285247802734,,,0.00010708159480064128,1274.4101705430003
20270,41512960,2.053464889526367,,,0.00010695653144873186,1274.9720763299993
20280,41533440,2.541505813598633,,,0.0001068315291770814,1275.5593056380021
20290,41553920,2.2817928791046143,,,0.00010670658811723219,1276.128052133001
20300,41574400,2.154869318008423,2.302125644683838,9.995406572200048,0.00010658170840066215,1277.2603063210008
20310,41594880,2.486520290374756,,,0.00010645689015878453,1277.8020811940005
20320,41615360,2.38663911819458,,,0.00010633213352294799,1278.3110360960018
20330,41635840,2.198204517364502,,,0.00010620743862443637,1278.8572897689992
20340,41656320,2.562976360321045,,,0.00010608280559446849,1279.5018400810004
20350,41676800,2.4430065155029297,,,0.00010595823456419812,1280.070744569999
20360,41697280,2.26069712638855,,,0.0001058337256647137,1280.9163277480002
20370,41717760,2.1756701469421387,,,0.00010570927902703836,1281.693072899001
20380,41738240,2.427180290222168,,,0.00010558489478212971,1282.3965346959994
20390,41758720,2.5022904872894287,,,0.0001054605730608797,1282.979169088001
20400,41779200,2.502493381500244,2.297754096984863,9.951806544833264,0.00010533631399411441,1284.006992685001
20410,41799680,2.2688636779785156,,,0.00010521211771259406,1284.6142526479998
20420,41820160,1.986466646194458,,,0.00010508798434701281,1285.2069236790012
20430,41840640,2.582951784133911,,,0.0001049639140279986,1285.7748707700011
20440,41861120,2.2861344814300537,,,0.00010483990688611304,1286.4465915110013
20450,41881600,2.441469192504883,,,0.00010471596305185113,1287.0489264650023
20460,41902080,2.2729315757751465,,,0.00010459208265564138,1287.6213911689993
20470,41922560,2.4727368354797363,,,0.00010446826582784566,1288.3008558280017
20480,41943040,2.20516037940979,,,0.00010434451269875861,1288.8464602669992
20490,41963520,2.427323818206787,,,0.00010422082339860811,1289.3649088800012
20500,41984000,2.3283872604370117,2.296469306945801,9.939028773048417,0.00010409719805755479,1290.476330308
20510,42004480,2.24869441986084,,,0.00010397363680569199,1291.488296825999
20520,42024960,2.2660083770751953,,,0.00010385013977304563,1292.033602738
20530,42045440,2.457942485809326,,,0.00010372670708957391,1292.657867025002
20540,42065920,2.314337730407715,,,0.00010360333888516745,1293.199181549
20550,42086400,2.3223659992218018,,,0.000103480035289649,1293.6848266529996
20560,42106880,2.289076089859009,,,0.0001033567964327734,1294.2120081350004
20570,42127360,2.5957887172698975,,,0.00010323362244422711,1294.9105995089994
20580,42147840,2.4545845985412598,,,0.00010311051345362857,1295.4090598780022
20590,42168320,2.5435659885406494,,,0.00010298746959052771,1295.8964820910005
20600,42188800,2.5545568466186523,2.294413149356842,9.918613559250815,0.000102864490984406,1297.0214118280019
20610,42209280,2.399073600769043,,,0.0001027415777646762,1297.6405055960022
20620,42229760,2.4486756324768066,,,0.00010261873006068218,1298.2250595309997
20630,42250240,2.206265449523926,,,0.000102495948001699,1298.8972641190012
20640,42270720,2.3230230808258057,,,0.00010237323171693255,1299.5197116730014
20650,42291200,2.4262161254882812,,,0.00010225058133551958,1300.0149223529988
20660,42311680,2.4619016647338867,,,0.0001021279969865275,1300.5989580950009
20670,42332160,2.5665860176086426,,,0.00010200547879895397,1301.1011775690022
20680,42352640,2.277644157409668,,,0.00010188302690172743,1301.6706141620016
20690,42373120,2.4471983909606934,,,0.00010176064142370637,1302.2834303880009
20700,42393600,2.278237819671631,2.2931122541427613,9.905718871478578,0.00010163832249367927,1303.4776384770012
20710,42414080,2.402606964111328,,,0.00010151607024036475,1304.0360306200018
20720,42434560,2.2448034286499023,,,0.00010139388479241121,1304.7110619970008
20730,42455040,2.3774306774139404,,,0.0001012717662783968,1305.280948800002
20740,42475520,2.3006975650787354,,,0.00010114971482682908,1305.7785607590013
20750,42496000,2.5843863487243652,,,0.00010102773056614517,1306.2938896980013
20760,42516480,2.627894163131714,,,0.00010090581362471149,1307.0022083229996
20770,42536960,2.4727463722229004,,,0.00010078396413082357,1307.5009396450005
20780,42557440,2.1292757987976074,,,0.000100662182212706,1308.1148334710015
20790,42577920,2.5401530265808105,,,0.0001005404679985122,1308.6629171140012
20800,42598400,2.273318290710449,2.2907913446426393,9.882755252992402,0.00010041882161632437,1309.6358924699998
20810,42618880,2.353947639465332,,,0.00010029724319415338,1310.2493092990007
20820,42639360,2.498533248901367,,,0.0001001757328599385,1310.7825397109991
20830,42659840,2.572154998779297,,,0.00010005429074154748,1311.4140067280023
20840,42680320,2.3029086589813232,,,9.993291696677607e-05,1312.1364703420004
20850,42700800,2.038970470428467,,,9.981161166334832e-05,1312.8665585050003
20860,42721280,2.3402974605560303,,,9.96903749589161e-05,1313.387523469999
20870,42741760,2.1444344520568848,,,9.956920698105912e-05,1313.8749489799993
20880,42762240,2.283583164215088,,,9.944810785728486e-05,1314.4771421940022
20890,42782720,2.4279184341430664,,,9.932707771502806e-05,1315.0923132730022
20900,42803200,2.2767579555511475,2.2892746329307556,9.867777323826088,9.920611668165133e-05,1315.971617403
20910,42823680,2.4476184844970703,,,9.908522488444412e-05,1316.532453529002
20920,42844160,2.343491554260254,,,9.896440245062321e-05,1317.0905969279993
20930,42864640,2.3825182914733887,,,9.88436495073324e-05,1317.628157408999
20940,42885120,2.629549264907837,,,9.872296618164234e-05,1318.6241395020006
20950,42905600,2.4116008281707764,,,9.860235260055046e-05,1319.2116662670014
20960,42926080,2.1074085235595703,,,9.848180889098064e-05,1319.8226964339992
20970,42946560,2.2278225421905518,,,9.836133517978341e-05,1320.39876937
20980,42967040,2.299358367919922,,,9.824093159373558e-05,1321.0043284400017
20990,42987520,2.9216575622558594,,,9.812059825954015e-05,1321.5196011939988
21000,43008000,2.2203726768493652,2.2896398305892944,9.871381671109267,9.800033530382627e-05,1322.3155114559995
21010,43028480,2.5726728439331055,,,9.788014285314883e-05,1323.2413506830017
21020,43048960,2.25828218460083,,,9.776002103398875e-05,1323.9446979759996
21030,43069440,2.7703793048858643,,,9.763996997275247e-05,1324.495186731001
21040,43089920,2.0667483806610107,,,9.751998979577212e-05,1325.1787024110017
21050,43110400,2.522624969482422,,,9.740008062930512e-05,1325.6716895669997
21060,43130880,2.433187961578369,,,9.728024259953412e-05,1326.2388910730006
21070,43151360,2.325861930847168,,,9.716047583256704e-05,1326.9429642950017
21080,43171840,2.1562728881835938,,,9.704078045443677e-05,1327.5529950560012
21090,43192320,2.2220139503479004,,,9.692115659110104e-05,1328.0224696510013
21100,43212800,2.3199565410614014,2.2857858777046203,9.833411046738817,9.680160436844239e-05,1329.244601923001
21110,43233280,2.296729564666748,,,9.668212391226778e-05,1329.8908354779996
21120,43253760,2.3674707412719727,,,9.656271534830899e-05,1330.4187763990012
21130,43274240,1.9919242858886719,,,9.64433788022218e-05,1331.0606516010012
21140,43294720,2.394592523574829,,,9.632411439958642e-05,1331.6769584850008
21150,43315200,2.401942253112793,,,9.620492226590707e-05,1332.4246605299995
21160,43335680,2.302000045776367,,,9.608580252661191e-05,1333.0442123460016
21170,43356160,2.4920034408569336,,,9.5966755307053e-05,1333.618784923001
21180,43376640,2.59439754486084,,,9.58477807325059e-05,1334.2848553949989
21190,43397120,2.354734182357788,,,9.572887892816991e-05,1334.9687511590018
21200,43417600,2.202104330062866,2.2863556146621704,9.839015100697663,9.56100500191677e-05,1335.923597678
21210,43438080,2.3939461708068848,,,9.549129413054518e-05,1336.4863033379988
21220,43458560,2.4807300567626953,,,9.537261138727155e-05,1337.1818649650013
21230,43479040,2.4014735221862793,,,9.525400191423882e-05,1337.8113518200007
21240,43499520,2.346700429916382,,,9.513546583626208e-05,1338.3458197130021
21250,43520000,2.369467258453369,,,9.50170032780791e-05,1338.9373882219988
21260,43540480,2.3490777015686035,,,9.489861436435035e-05,1339.580853956999
21270,43560960,2.081228733062744,,,9.47802992196588e-05,1340.1910535179995
21280,43581440,2.4840564727783203,,,9.466205796850963e-05,1340.833466131
21290,43601920,2.0338592529296875,,,9.454389073533046e-05,1341.4317877360008
21300,43622400,2.2650203704833984,2.2856575727462767,9.832149452280234,9.442579764447093e-05,1342.3842970930018
21310,43642880,2.0862326622009277,,,9.430777882020268e-05,1342.983222777002
21320,43663360,2.132096767425537,,,9.418983438671922e-05,1343.5488261880018
21330,43683840,2.299041748046875,,,9.407196446813563e-05,1344.078486049999
21340,43704320,2.2372519969940186,,,9.395416918848888e-05,1344.6532426869999
21350,43724800,2.1786599159240723,,,9.383644867173705e-05,1345.2915054980003
21360,43745280,2.3629937171936035,,,9.371880304175976e-05,1346.0658741080006
21370,43765760,2.406087636947632,,,9.360123242235778e-05,1346.674257267001
21380,43786240,2.391979217529297,,,9.348373693725293e-05,1347.2021607589995
21390,43806720,2.2950568199157715,,,9.3366316710088e-05,1347.7457041359994
21400,43827200,2.1026086807250977,2.28472021818161,9.822937560189695,9.32489718644265e-05,1348.642481605999
21410,43847680,2.137216567993164,,,9.313170252375266e-05,1349.264533722002
21420,43868160,2.454526901245117,,,9.301450881147131e-05,1349.8183264910003
21430,43888640,2.276024580001831,,,9.289739085090764e-05,1350.331230005002
21440,43909120,2.1545448303222656,,,9.278034876530718e-05,1351.0002987910011
21450,43929600,2.5617294311523438,,,9.266338267783547e-05,1351.616129555001
21460,43950080,2.2433242797851562,,,9.254649271157821e-05,1352.3500762639997
21470,43970560,2.3634109497070312,,,9.242967898954098e-05,1352.951398961999
21480,43991040,2.2079153060913086,,,9.23129416346491e-05,1353.5688286420009
21490,44011520,2.3370819091796875,,,9.219628076974752e-05,1354.1654957770006
21500,44032000,2.7645299434661865,2.281628119945526,9.792610982827728,9.20796965176008e-05,1355.1209265350008
21510,44052480,2.028815984725952,,,9.196318900089265e-05,1356.1485098529993
21520,44072960,2.163425922393799,,,9.184675834222626e-05,1356.8411593780002
21530,44093440,2.0025229454040527,,,9.173040466412383e-05,1357.3945743490003
21540,44113920,2.3024535179138184,,,9.161412808902664e-05,1358.0220144920022
21550,44134400,2.1503264904022217,,,9.14979287392946e-05,1358.7035948110024
21560,44154880,2.343160629272461,,,9.138180673720673e-05,1359.2581815640006
21570,44175360,2.183868408203125,,,9.12657622049603e-05,1359.7733082000013
21580,44195840,2.310032844543457,,,9.114979526467129e-05,1360.3595613610014
21590,44216320,2.4095964431762695,,,9.103390603837382e-05,1360.8297907650012
21600,44236800,2.158064842224121,2.2800665140151977,9.777330717425302,9.091809464802053e-05,1361.9744077659998
21610,44257280,2.3512773513793945,,,9.080236121548183e-05,1362.5255485029993
21620,44277760,2.361839771270752,,,9.068670586254629e-05,1363.0315616840016
21630,44298240,2.592282772064209,,,9.057112871092027e-05,1363.478616370001
21640,44318720,2.400146245956421,,,9.045562988222787e-05,1364.1265996959992
21650,44339200,2.3799452781677246,,,9.034020949801058e-05,1364.7944323190022
21660,44359680,2.14751935005188,,,9.022486767972766e-05,1365.305129796001
21670,44380160,2.0967326164245605,,,9.01096045487555e-05,1365.7962735319998
21680,44400640,2.636232852935791,,,8.999442022638764e-05,1366.3948875040005
21690,44421120,2.2235474586486816,,,8.987931483383478e-05,1367.020387689001
21700,44441600,2.4596266746520996,2.277421844005585,9.751507066671689,8.976428849222454e-05,1367.8827037970004
21710,44462080,2.4609246253967285,,,8.964934132260144e-05,1368.7735173379988
21720,44482560,2.517037868499756,,,8.95344734459264e-05,1369.452028685002
21730,44503040,2.5985488891601562,,,8.941968498307733e-05,1370.1346865100022
21740,44523520,2.2458152770996094,,,8.930497605484818e-05,1370.6304569740023
21750,44544000,2.038870334625244,,,8.919034678194945e-05,1371.288800565002
21760,44564480,2.4154999256134033,,,8.90757972850076e-05,1371.836059477002
21770,44584960,2.1704659461975098,,,8.896132768456545e-05,1372.4348269440015
21780,44605440,2.3854568004608154,,,8.884693810108143e-05,1373.0348469790006
21790,44625920,2.5150644779205322,,,8.873262865492996e-05,1373.6021732699992
21800,44646400,2.2658958435058594,2.278747797012329,9.764445682889898,8.861839946640104e-05,1374.5180402650003
21810,44666880,2.5728814601898193,,,8.85042506557003e-05,1374.9982959609988
21820,44687360,2.4614241123199463,,,8.839018234294859e-05,1375.7269725219994
21830,44707840,2.2201786041259766,,,8.82761946481824e-05,1376.177385769999
21840,44728320,2.5385353565216064,,,8.816228769135301e-05,1376.8475597360011
21850,44748800,2.400918483734131,,,8.804846159232699e-05,1377.4574314349993
21860,44769280,2.3688416481018066,,,8.793471647088563e-05,1377.9957926560019
21870,44789760,2.2945022583007812,,,8.782105244672521e-05,1378.4540840080008
21880,44810240,2.0267539024353027,,,8.77074696394566e-05,1378.9464485960016
21890,44830720,2.4436373710632324,,,8.7593968168605e-05,1379.5409670699992
21900,44851200,2.0891432762145996,2.2782220005989076,9.759312921882701,8.748054815361043e-05,1380.4063956239988
21910,44871680,2.3101139068603516,,,8.736720971382675e-05,1381.030268071001
21920,44892160,2.3689088821411133,,,8.725395296852233e-05,1381.6087249750017
21930,44912640,2.4700429439544678,,,8.714077803687926e-05,1382.1287180940017
21940,44933120,2.3281478881835938,,,8.702768503799389e-05,1382.870751925002
21950,44953600,2.1930739879608154,,,8.691467409087602e-05,1383.453140788999
21960,44974080,2.1625304222106934,,,8.680174531444926e-05,1384.0230091800004
21970,44994560,2.198890209197998,,,8.668889882755078e-05,1384.7181842819991
21980,45015040,2.2900938987731934,,,8.657613474893114e-05,1385.1605590840009
21990,45035520,2.6203384399414062,,,8.6463453197254e-05,1385.6943372280002
22000,45056000,2.0569076538085938,2.277919316291809,9.75635937803142,8.635085429109652e-05,1386.483889547002
22010,45076480,2.4973840713500977,,,8.623833814894856e-05,1387.3845215000001
22020,45096960,2.306190013885498,,,8.612590488921313e-05,1388.1221656050002
22030,45117440,2.1158835887908936,,,8.601355463020573e-05,1388.5927507430024
22040,45137920,2.1105942726135254,,,8.590128749015491e-05,1389.2500467810023
22050,45158400,2.202737331390381,,,8.57891035872014e-05,1389.949919163002
22060,45178880,2.5062882900238037,,,8.567700303939854e-05,1390.9290622629997
22070,45199360,2.173480272293091,,,8.556498596471188e-05,1391.4491609590004
22080,45219840,2.508476734161377,,,8.545305248101919e-05,1392.125338173999
22090,45240320,2.6150834560394287,,,8.534120270611013e-05,1392.7507175739993
22100,45260800,2.2311370372772217,2.2742823719978333,9.720940489764837,8.52294367576864e-05,1394.0596542470012
22110,45281280,2.3087031841278076,,,8.511775475336154e-05,1394.6323752089993
22120,45301760,2.4037063121795654,,,8.50061568106606e-05,1395.1836443380016
22130,45322240,2.443256378173828,,,8.489464304702026e-05,1395.7468810409991
22140,45342720,2.283384323120117,,,8.478321357978857e-05,1396.3177465980007
22150,45363200,2.6561684608459473,,,8.467186852622501e-05,1396.9414063299992
22160,45383680,2.4836552143096924,,,8.456060800349993e-05,1397.5318208450008
22170,45404160,2.142024517059326,,,8.444943212869514e-05,1398.199418103999
22180,45424640,2.3557047843933105,,,8.433834101880298e-05,1398.767799191999
22190,45445120,2.3889737129211426,,,8.422733479072688e-05,1399.4609189049988
22200,45465600,2.7002320289611816,2.2731722712516786,9.710155253930573,8.41164135612807e-05,1400.3866635720005
22210,45486080,2.1203432083129883,,,8.400557744718914e-05,1400.9994432960011
22220,45506560,2.2361361980438232,,,8.389482656508705e-05,1401.5947851500023
22230,45527040,2.461188554763794,,,8.378416103151977e-05,1402.2754446729996
22240,45547520,2.544254779815674,,,8.367358096294278e-05,1402.946226062999
22250,45568000,2.3126678466796875,,,8.356308647572162e-05,1403.6687075720001
22260,45588480,2.175121545791626,,,8.345267768613169e-05,1404.4428304800022
22270,45608960,2.1116247177124023,,,8.334235471035835e-05,1405.122588852999
22280,45629440,2.225308656692505,,,8.323211766449657e-05,1405.686288077999
22290,45649920,2.3054428100585938,,,8.312196666455098e-05,1406.3546853389998
22300,45670400,2.3936681747436523,2.2736371397972106,9.714670249038653,8.301190182643544e-05,1407.2804558509997
22310,45690880,2.342862844467163,,,8.290192326597344e-05,1407.9755057840011
22320,45711360,2.5433878898620605,,,8.279203109889755e-05,1408.5799345920022
22330,45731840,2.4118399620056152,,,8.268222544084925e-05,1409.1116806400023
22340,45752320,2.323847532272339,,,8.257250640737935e-05,1409.7420386750018
22350,45772800,2.3190081119537354,,,8.246287411394713e-05,1410.3876007899999
22360,45793280,2.201117992401123,,,8.235332867592091e-05,1411.0103252970002
22370,45813760,2.2762441635131836,,,8.224387020857728e-05,1411.5597919659995
22380,45834240,2.3571434020996094,,,8.21344988271017e-05,1412.141465528999
22390,45854720,2.157447338104248,,,8.202521464658763e-05,1412.7203546730016
22400,45875200,2.4259324073791504,2.272069573402405,9.699453787942076,8.191601778203696e-05,1413.8143847950014
22410,45895680,2.333296060562134,,,8.180690834835963e-05,1414.4644154449998
22420,45916160,2.296560764312744,,,8.169788646037371e-05,1414.9724876
22430,45936640,2.308043956756592,,,8.158895223280483e-05,1415.503920512001
22440,45957120,2.2154486179351807,,,8.148010578028678e-05,1415.986793021999
22450,45977600,2.0219435691833496,,,8.137134721736065e-05,1416.8647542889994
22460,45998080,2.232149362564087,,,8.126267665847523e-05,1417.4707339289998
22470,46018560,2.2811684608459473,,,8.115409421798652e-05,1418.0330491269997
22480,46039040,2.109046459197998,,,8.104560001015812e-05,1418.7954165209994
22490,46059520,2.352294445037842,,,8.093719414916039e-05,1419.3539114689993
22500,46080000,2.343294143676758,2.270274484157562,9.682058020914905,8.082887674907097e-05,1420.315097769002
22510,46100480,2.4133362770080566,,,8.072064792387436e-05,1421.3451816510023
22520,46120960,2.394155979156494,,,8.061250778746185e-05,1421.8733577800012
22530,46141440,2.156674385070801,,,8.050445645363134e-05,1422.4952296320007
22540,46161920,2.2619123458862305,,,8.039649403608727e-05,1423.1183004189988
22550,46182400,2.1702938079833984,,,8.028862064844074e-05,1423.632224658002
22560,46202880,2.452723503112793,,,8.018083640420887e-05,1424.2153170290003
22570,46223360,2.261756420135498,,,8.007314141681511e-05,1424.820990671
22580,46243840,2.280217170715332,,,7.996553579958897e-05,1425.3927335680019
22590,46264320,2.1974740028381348,,,7.985801966576597e-05,1425.8429355690023
22600,46284800,2.5434982776641846,2.2692460775375367,9.672106046565995,7.975059312848728e-05,1426.6817046399992
22610,46305280,2.2051782608032227,,,7.964325630080006e-05,1427.1773631060023
22620,46325760,2.402843475341797,,,7.953600929565682e-05,1427.8277631640012
22630,46346240,2.0950331687927246,,,7.942885222591572e-05,1428.3442203430022
22640,46366720,2.2507894039154053,,,7.932178520434006e-05,1428.8740524560017
22650,46387200,1.9686965942382812,,,7.921480834359874e-05,1429.5296822230011
22660,46407680,2.2671499252319336,,,7.910792175626542e-05,1430.0736153300022
22670,46428160,2.4245901107788086,,,7.900112555481893e-05,1430.5984341410003
22680,46448640,2.6229615211486816,,,7.889441985164299e-05,1431.1525382940017
22690,46469120,2.4117040634155273,,,7.878780475902613e-05,1431.6910177829996
22700,46489600,2.397158145904541,2.2692388892173767,9.672036520620999,7.868128038916134e-05,1432.5664229350004
22710,46510080,2.0682430267333984,,,7.857484685414632e-05,1433.074439259999
22720,46530560,2.3808951377868652,,,7.846850426598315e-05,1433.5911165860016
22730,46551040,1.9494132995605469,,,7.83622527365782e-05,1434.137282664
22740,46571520,1.940852165222168,,,7.825609237774187e-05,1434.6557487320024
22750,46592000,2.2485508918762207,,,7.815002330118886e-05,1435.1572760279996
22760,46612480,2.2565853595733643,,,7.804404561853776e-05,1435.764552094999
22770,46632960,2.2646448612213135,,,7.793815944131075e-05,1436.3949564659997
22780,46653440,2.1575112342834473,,,7.783236488093407e-05,1436.9976232320005
22790,46673920,2.255798578262329,,,7.772666204873725e-05,1437.6819945200004
22800,46694400,2.114103317260742,2.2676939964294434,9.657105797308633,7.76210510559535e-05,1438.6394355420016
22810,46714880,2.162099599838257,,,7.751553201371915e-05,1439.3829966830017
22820,46735360,2.047786235809326,,,7.741010503307414e-05,1440.1655214660022
22830,46755840,2.1120123863220215,,,7.730477022496111e-05,1440.812569894002
22840,46776320,2.3557682037353516,,,7.719952770022602e-05,1441.4051855469988
22850,46796800,2.263519763946533,,,7.709437756961756e-05,1442.293402307001
22860,46817280,2.4536333084106445,,,7.69893199437873e-05,1442.8827118070003
22870,46837760,2.1350178718566895,,,7.68843549332893e-05,1443.553856679002
22880,46858240,2.457240104675293,,,7.677948264858031e-05,1444.3131602640024
22890,46878720,2.3443710803985596,,,7.667470320001946e-05,1444.8722414010008
22900,46899200,2.294548988342285,2.2671083569526673,9.651451870665243,7.657001669786822e-05,1445.7787056519992
22910,46919680,2.169123888015747,,,7.646542325229008e-05,1446.555107917
22920,46940160,2.356806755065918,,,7.636092297335089e-05,1447.0853982959998
22930,46960640,2.0380353927612305,,,7.625651597101821e-05,1447.8009545200002
22940,46981120,2.535503387451172,,,7.615220235516161e-05,1448.4071937180015
22950,47001600,2.4171671867370605,,,7.604798223555217e-05,1448.977236458999
22960,47022080,2.4762637615203857,,,7.594385572186286e-05,1449.5702384979995
22970,47042560,2.2693839073181152,,,7.583982292366804e-05,1450.275410817001
22980,47063040,2.212618350982666,,,7.573588395044328e-05,1450.927037466001
22990,47083520,2.1608214378356934,,,7.563203891156573e-05,1451.4940820260017
23000,47104000,2.642000198364258,2.266013967990875,9.64089520587506,7.55282879163134e-05,1452.7184918370003
23010,47124480,2.453758955001831,,,7.542463107386548e-05,1453.7190128330003
23020,47144960,2.476212978363037,,,7.53210684933021e-05,1454.3240919529999
23030,47165440,2.195786952972412,,,7.521760028360418e-05,1455.055462111999
23040,47185920,2.3890421390533447,,,7.511422655365321e-05,1455.6246728789993
23050,47206400,2.236215353012085,,,7.501094741223142e-05,1456.184142555001
23060,47226880,2.197281837463379,,,7.490776296802142e-05,1456.7881351799988
23070,47247360,2.373898506164551,,,7.480467332960623e-05,1457.337277314
23080,47267840,2.343402624130249,,,7.470167860546895e-05,1457.97027102
23090,47288320,2.4245810508728027,,,7.459877890399308e-05,1458.550865268
23100,47308800,2.395742893218994,2.2655505537986755,9.636428513255462,7.44959743334618e-05,1459.54886635
23110,47329280,2.274857997894287,,,7.439326500205844e-05,1460.1264906430006
23120,47349760,2.799471139907837,,,7.429065101786587e-05,1460.9130495870013
23130,47370240,2.436826705932617,,,7.418813248886697e-05,1461.3921019199988
23140,47390720,2.1392698287963867,,,7.40857095229438e-05,1461.865109909002
23150,47411200,2.217515468597412,,,7.398338222787804e-05,1462.3473261219988
23160,47431680,2.1026201248168945,,,7.38811507113507e-05,1462.9040138109995
23170,47452160,2.372525930404663,,,7.377901508094202e-05,1463.5526992660016
23180,47472640,2.2042670249938965,,,7.367697544413114e-05,1464.1106582130014
23190,47493120,2.278172016143799,,,7.35750319082965e-05,1464.7346826850007
23200,47513600,2.2153701782226562,2.2653364777565,9.634365805574664,7.347318458071521e-05,1465.7544930969998
23210,47534080,2.4383981227874756,,,7.337143356856308e-05,1466.4664707400007
23220,47554560,2.31209659576416,,,7.326977897891472e-05,1467.1191565920017
23230,47575040,2.3354382514953613,,,7.316822091874321e-05,1467.7709868630009
23240,47595520,2.439587116241455,,,7.306675949492009e-05,1468.3951994670024
23250,47616000,2.4983482360839844,,,7.296539481421503e-05,1468.9749493000018
23260,47636480,2.663694381713867,,,7.286412698329623e-05,1469.5099636289997
23270,47656960,2.144865036010742,,,7.276295610872963e-05,1470.1425165690016
23280,47677440,2.3313894271850586,,,7.266188229697939e-05,1470.8317004689998
23290,47697920,2.113905429840088,,,7.256090565440729e-05,1471.4634812820004
23300,47718400,2.3249030113220215,2.2640785455703734,9.622254046218005,7.246002628727315e-05,1472.4151604510007
23310,47738880,2.2834155559539795,,,7.235924430173416e-05,1473.0906099480017
23320,47759360,2.098919630050659,,,7.225855980384516e-05,1473.6764377370018
23330,47779840,2.6369762420654297,,,7.215797289955844e-05,1474.2550672710022
23340,47800320,2.179694652557373,,,7.205748369472352e-05,1474.862520038001
23350,47820800,2.302304267883301,,,7.195709229508703e-05,1475.5545767830008
23360,47841280,2.330604314804077,,,7.185679880629293e-05,1476.250950212001
23370,47861760,2.463839054107666,,,7.175660333388186e-05,1476.9336899420014
23380,47882240,2.2237119674682617,,,7.165650598329154e-05,1477.6233439019998
23390,47902720,2.0255613327026367,,,7.155650685985619e-05,1478.1834502160018
23400,47923200,2.0315728187561035,2.2614547491073607,9.597040302416161,7.145660606880695e-05,1479.517110566001
23410,47943680,2.5306200981140137,,,7.135680371527134e-05,1480.3364226480007
23420,47964160,2.3904008865356445,,,7.12570999042732e-05,1480.9231472659994
23430,47984640,2.4659581184387207,,,7.115749474073289e-05,1481.5930851609992
23440,48005120,2.1595826148986816,,,7.105798832946675e-05,1482.2077941160023
23450,48025600,2.4174344539642334,,,7.095858077518735e-05,1482.7901193280013
23460,48046080,2.2459053993225098,,,7.085927218250308e-05,1483.4092420119996
23470,48066560,2.334679126739502,,,7.076006265591841e-05,1483.9811539049988
23480,48087040,2.5276918411254883,,,7.066095229983335e-05,1484.5540695060008
23490,48107520,2.16190505027771,,,7.056194121854363e-05,1485.1477041969993
23500,48128000,2.3167731761932373,2.259696829319,9.580184295453764,7.046302951624057e-05,1486.158445672001
23510,48148480,2.3450369834899902,,,7.036421729701085e-05,1487.3031291600018
23520,48168960,2.211866617202759,,,7.026550466483637e-05,1487.9212577670005
23530,48189440,2.3705689907073975,,,7.01668917235945e-05,1488.5149875690004
23540,48209920,2.5065104961395264,,,7.006837857705742e-05,1489.1974198940006
23550,48230400,2.139585494995117,,,6.996996532889247e-05,1490.0804763570013
23560,48250880,2.609309673309326,,,6.98716520826617e-05,1490.7978528509993
23570,48271360,2.2375357151031494,,,6.977343894182216e-05,1491.300789552999
23580,48291840,2.3208038806915283,,,6.967532600972535e-05,1491.9322101360012
23590,48312320,2.2812089920043945,,,6.957731338961741e-05,1492.476395304002
23600,48332800,2.21785044670105,2.2617011427879334,9.599405243840225,6.947940118463891e-05,1493.615757001
23610,48353280,2.5854735374450684,,,6.938158949782481e-05,1494.3231368529996
23620,48373760,2.248875141143799,,,6.928387843210412e-05,1494.949210302002
23630,48394240,2.308413505554199,,,6.918626809030009e-05,1495.734341233001
23640,48414720,2.2733006477355957,,,6.908875857513009e-05,1496.531747576002
23650,48435200,2.269227981567383,,,6.899134998920512e-05,1497.1732129830016
23660,48455680,2.1372997760772705,,,6.889404243503015e-05,1497.7493579559996
23670,48476160,2.2458462715148926,,,6.879683601500382e-05,1498.3923573339998
23680,48496640,2.2058522701263428,,,6.86997308314183e-05,1498.861887564999
23690,48517120,2.5470340251922607,,,6.860272698645918e-05,1499.462348322002
23700,48537600,1.8794724941253662,2.2586808681488035,9.57045614275572,6.850582458220563e-05,1500.4855347890007
23710,48558080,2.1686840057373047,,,6.840902372062975e-05,1501.1759310859998
23720,48578560,2.1428849697113037,,,6.831232450359707e-05,1501.7192757619996
23730,48599040,2.3094053268432617,,,6.82157270328659e-05,1502.4471699540009
23740,48619520,2.124274253845215,,,6.811923141008778e-05,1503.1301702269993
23750,48640000,2.346578598022461,,,6.802283773680678e-05,1503.8119915080024
23760,48660480,2.090590000152588,,,6.792654611445989e-05,1504.4450152140016
23770,48680960,2.1821751594543457,,,6.78303566443766e-05,1505.0131687370013
23780,48701440,2.2790040969848633,,,6.773426942777901e-05,1505.599604236002
23790,48721920,2.3970398902893066,,,6.76382845657814e-05,1506.156678018
23800,48742400,2.260319709777832,2.260306489467621,9.586026732804795,6.754240215939067e-05,1507.5323604860023
23810,48762880,2.221205711364746,,,6.744662230950558e-05,1508.1102937760006
23820,48783360,2.074403762817383,,,6.735094511691722e-05,1508.605984832
23830,48803840,2.555870532989502,,,6.72553706823084e-05,1509.320569047999
23840,48824320,2.3268280029296875,,,6.715989910625405e-05,1509.8871000219988
23850,48844800,2.7161953449249268,,,6.706453048922076e-05,1510.5613305330007
23860,48865280,2.182987689971924,,,6.696926493156664e-05,1511.1163113030016
23870,48885760,2.221036434173584,,,6.687410253354162e-05,1511.7000861980014
23880,48906240,2.336962938308716,,,6.677904339528681e-05,1512.3112027800016
23890,48926720,2.520994186401367,,,6.668408761683486e-05,1513.093342537999
23900,48947200,2.347163438796997,2.257326900959015,9.557506827599296,6.658923529810942e-05,1514.0753910999993
23910,48967680,2.3537192344665527,,,6.64944865389256e-05,1514.6762326720018
23920,48988160,2.4226083755493164,,,6.639984143898919e-05,1515.216065233999
23930,49008640,2.6581380367279053,,,6.63053000978971e-05,1515.8459536480004
23940,49029120,2.2260522842407227,,,6.621086261513703e-05,1516.436096198002
23950,49049600,2.517669677734375,,,6.611652909008738e-05,1517.048650831999
23960,49070080,2.264174699783325,,,6.6022299622017e-05,1517.606150669999
23970,49090560,2.3520219326019287,,,6.592817431008555e-05,1518.208472284001
23980,49111040,2.306536912918091,,,6.583415325334279e-05,1518.7948133680002
23990,49131520,2.60465407371521,,,6.574023655072895e-05,1519.3034254539998
24000,49152000,2.401749610900879,2.2559048175811767,9.543924915600753,6.564642430107427e-05,1520.418678129001
24010,49172480,2.0681896209716797,,,6.555271660309935e-05,1521.3253189880015
24020,49192960,2.4088566303253174,,,6.54591135554145e-05,1521.8304595900008
24030,49213440,2.4197850227355957,,,6.536561525652003e-05,1522.4486585420018
24040,49233920,2.3428823947906494,,,6.527222180480599e-05,1522.945496155
24050,49254400,2.3651819229125977,,,6.517893329855211e-05,1523.600966883001
24060,49274880,2.3856558799743652,,,6.508574983592774e-05,1524.2391407800023
24070,49295360,2.226534843444824,,,6.499267151499148e-05,1524.759419607999
24080,49315840,2.3679702281951904,,,6.489969843369165e-05,1525.2953646070018
24090,49336320,2.293242931365967,,,6.480683068986543e-05,1526.0310160459994
24100,49356800,2.24424409866333,2.25449515581131,9.530480687646143,6.471406838123941e-05,1526.9435308079992
24110,49377280,2.458369016647339,,,6.462141160542916e-05,1527.490504786001
24120,49397760,2.402006149291992,,,6.452886045993921e-05,1528.026602045
24130,49418240,2.3844175338745117,,,6.443641504216278e-05,1528.5442826639992
24140,49438720,2.119213581085205,,,6.434407544938214e-05,1529.1142081100006
24150,49459200,2.1710596084594727,,,6.425184177876793e-05,1529.622020728002
24160,49479680,2.2624120712280273,,,6.415971412737943e-05,1530.1540961610008
24170,49500160,2.506974697113037,,,6.406769259216427e-05,1530.6538511170002
24180,49520640,2.5453033447265625,,,6.397577726995861e-05,1531.4105190030023
24190,49541120,2.251246929168701,,,6.388396825748665e-05,1531.9798439990009
24200,49561600,2.4333105087280273,2.254732370376587,9.532741724644195,6.379226565136073e-05,1532.857443932
24210,49582080,2.1441805362701416,,,6.370066954808136e-05,1533.4539771080017
24220,49602560,2.418874740600586,,,6.360918004403687e-05,1534.013837139999
24230,49623040,2.4146862030029297,,,6.351779723550334e-05,1534.594669997001
24240,49643520,2.2106399536132812,,,6.342652121864473e-05,1535.2236164919996
24250,49664000,2.3049380779266357,,,6.333535208951252e-05,1535.8365173250022
24260,49684480,2.591538906097412,,,6.32442899440458e-05,1536.4422180090005
24270,49704960,2.302469253540039,,,6.31533348780709e-05,1537.0657524830021
24280,49725440,2.2635717391967773,,,6.306248698730168e-05,1537.6303639010002
24290,49745920,2.4781715869903564,,,6.297174636733915e-05,1538.2958982460004
24300,49766400,2.3341445922851562,2.2542821288108827,9.528450654166273,6.288111311367127e-05,1539.2234384639996
24310,49786880,2.1426548957824707,,,6.279058732167334e-05,1539.900557803001
24320,49807360,2.2459359169006348,,,6.270016908660726e-05,1540.5215863949998
24330,49827840,2.059382915496826,,,6.260985850362195e-05,1541.1613520530009
24340,49848320,2.571779727935791,,,6.251965566775287e-05,1541.667149281002
24350,49868800,2.25376296043396,,,6.242956067392235e-05,1542.2061094230012
24360,49889280,2.075044870376587,,,6.233957361693898e-05,1543.160517274002
24370,49909760,2.340090751647949,,,6.224969459149789e-05,1543.9692393600017
24380,49930240,2.2206225395202637,,,6.215992369218052e-05,1544.617275888002
24390,49950720,2.3593244552612305,,,6.207026101345456e-05,1545.2967377630011
24400,49971200,2.1762194633483887,2.253777539730072,9.523643914825218,6.198070664967369e-05,1546.551212118
24410,49991680,2.2187957763671875,,,6.189126069507772e-05,1547.1095005640018
24420,50012160,2.365204334259033,,,6.180192324379236e-05,1547.6356896559992
24430,50032640,2.3045897483825684,,,6.171269438982916e-05,1548.1962035409997
24440,50053120,2.284536361694336,,,6.162357422708525e-05,1548.8786334750002
24450,50073600,2.1787588596343994,,,6.153456284934365e-05,1549.7171880720016
24460,50094080,2.322312355041504,,,6.144566035027262e-05,1550.540755301001
24470,50114560,2.1914734840393066,,,6.135686682342605e-05,1551.216698903001
24480,50135040,2.3666553497314453,,,6.126818236224298e-05,1551.8895389300014
24490,50155520,2.3102784156799316,,,6.117960706004788e-05,1552.4255863760009
24500,50176000,2.1672654151916504,2.2521984696388246,9.50861728073622,6.109114101005022e-05,1553.3842511760013
24510,50196480,1.9837753772735596,,,6.100278430534442e-05,1554.3555960699996
24520,50216960,2.269564628601074,,,6.091453703891015e-05,1554.9576113210023
24530,50237440,2.230588436126709,,,6.0826399303611514e-05,1555.5029334870014
24540,50257920,2.141037940979004,,,6.0738371192197625e-05,1556.0677283959994
24550,50278400,2.2518744468688965,,,6.065045279730216e-05,1556.6862796770001
24560,50298880,2.306612491607666,,,6.0562644211443366e-05,1557.2468313749996
24570,50319360,2.329730987548828,,,6.047494552702384e-05,1557.9251481819992
24580,50339840,2.2951126098632812,,,6.0387356836330615e-05,1558.4916252639996
24590,50360320,2.319730520248413,,,6.0299878231534974e-05,1559.0676368620007
24600,50380800,2.5871572494506836,2.25276802778244,9.514034533716815,6.021250980469236e-05,1559.9759392550004
24610,50401280,2.036961555480957,,,6.0125251647742166e-05,1560.666963167001
24620,50421760,2.0358645915985107,,,6.003810385250795e-05,1561.413022069999
24630,50442240,2.1796774864196777,,,5.99510665106969e-05,1561.9626671820006
24640,50462720,2.674046039581299,,,5.9864139713900186e-05,1562.6800166569992
24650,50483200,2.4573094844818115,,,5.977732355359242e-05,1563.2907396500013
24660,50503680,2.040928840637207,,,5.9690618121132064e-05,1563.9476839630006
24670,50524160,2.4190542697906494,,,5.960402350776081e-05,1564.4852021539991
24680,50544640,2.3349356651306152,,,5.951753980460387e-05,1565.2109958940018
24690,50565120,2.4409868717193604,,,5.9431167102669715e-05,1565.7403464550007
24700,50585600,2.2419064044952393,2.2490530490875242,9.478755668810939,5.934490549284999e-05,1566.964188561
24710,50606080,2.3111042976379395,,,5.925875506591945e-05,1567.4560748139993
24720,50626560,2.216710090637207,,,5.917271591253586e-05,1567.9360270370016
24730,50647040,2.404850482940674,,,5.90867881232399e-05,1568.5326367000016
24740,50667520,2.286641836166382,,,5.900097178845496e-05,1569.067864785
24750,50688000,2.0544512271881104,,,5.891526699848728e-05,1569.5911829690012
24760,50708480,2.251018524169922,,,5.8829673843525624e-05,1570.0994922770005
24770,50728960,2.2688162326812744,,,5.8744192413641395e-05,1570.7474258229995
24780,50749440,2.2915070056915283,,,5.865882279878819e-05,1571.3255060190022
24790,50769920,2.079111099243164,,,5.8573565088802286e-05,1571.8794684700006
24800,50790400,2.4049735069274902,2.2483245849609377,9.471853249729111,5.848841937340189e-05,1572.8912028500017
24810,50810880,2.4222915172576904,,,5.840338574218753e-05,1573.5165437210017
24820,50831360,2.3904647827148438,,,5.831846428464164e-05,1574.0243808970008
24830,50851840,2.3970255851745605,,,5.823365509012885e-05,1574.6368332269994
24840,50872320,2.1651132106781006,,,5.81489582478954e-05,1575.128187462
24850,50892800,2.254605531692505,,,5.806437384706942e-05,1575.7706743480012
24860,50913280,2.324441432952881,,,5.7979901976660755e-05,1576.378123538001
24870,50933760,2.3678059577941895,,,5.7895542725560755e-05,1576.9346031280002
24880,50954240,2.0999667644500732,,,5.7811296182542216e-05,1577.510543061002
24890,50974720,1.975393295288086,,,5.772716243625953e-05,1578.1358010129989
24900,50995200,2.279001474380493,2.248680090904236,9.475221148471977,5.764314157524814e-05,1578.9475197780012
24910,51015680,2.0733883380889893,,,5.755923368792489e-05,1579.6272431059988
24920,51036160,2.4138588905334473,,,5.747543886258757e-05,1580.278314580999
24930,51056640,2.306394100189209,,,5.739175718741517e-05,1580.8236468040013
24940,51077120,2.483311653137207,,,5.7308188750467554e-05,1581.5530839499988
24950,51097600,1.9419186115264893,,,5.722473363968527e-05,1582.1439146830016
24960,51118080,2.1976537704467773,,,5.714139194288991e-05,1582.99541435
24970,51138560,2.0338916778564453,,,5.705816374778339e-05,1583.5888984250014
24980,51159040,2.289785385131836,,,5.697504914194845e-05,1584.1031262420001
24990,51179520,2.481165647506714,,,5.689204821284807e-05,1584.6053888880015
25000,51200000,2.217653512954712,2.2487698197364807,9.476071387145783,5.6809161047825864e-05,1585.5253946760022
25010,51220480,2.2178564071655273,,,5.672638773410548e-05,1586.6225984049997
25020,51240960,2.2880239486694336,,,5.664372835879093e-05,1587.3201130100024
25030,51261440,2.2602028846740723,,,5.656118300886624e-05,1587.9044036590021
25040,51281920,2.103196859359741,,,5.6478751771195524e-05,1588.556640936
25050,51302400,2.2498273849487305,,,5.639643473252264e-05,1589.1948924400021
25060,51322880,2.1806931495666504,,,5.6314231979471524e-05,1589.7710656630006
25070,51343360,2.290682077407837,,,5.6232143598545645e-05,1590.2749944700008
25080,51363840,2.712769031524658,,,5.615016967612822e-05,1590.8841493740001
25090,51384320,2.4131264686584473,,,5.6068310298481875e-05,1591.5713390370001
25100,51404800,2.265734910964966,2.2473496198654175,9.462623023725978,5.598656555174898e-05,1592.513536417002
25110,51425280,2.3525843620300293,,,5.5904935521951e-05,1593.0129257090011
25120,51445760,2.2951126098632812,,,5.5823420294988805e-05,1593.4992776559993
25130,51466240,2.5919764041900635,,,5.574201995664243e-05,1593.9950274820003
25140,51486720,2.5452189445495605,,,5.566073459257102e-05,1594.5141668819997
25150,51507200,2.212827682495117,,,5.557956428831275e-05,1595.0242991119994
25160,51527680,2.4599215984344482,,,5.5498509129284674e-05,1595.7163386220018
25170,51548160,2.4555816650390625,,,5.541756920078273e-05,1596.2683124180003
25180,51568640,2.2769386768341064,,,5.533674458798151e-05,1597.1003176010017
25190,51589120,2.589956760406494,,,5.525603537593431e-05,1597.7041128500023
25200,51609600,2.561671257019043,2.2474302291870116,9.463385830092662,5.517544164957303e-05,1598.583385187001
25210,51630080,2.245927572250366,,,5.5094963493708006e-05,1599.3921445920023
25220,51650560,2.436856269836426,,,5.5014600993027844e-05,1599.9664008010004
25230,51671040,2.2460293769836426,,,5.4934354232099714e-05,1600.8635095800018
25240,51691520,2.4717330932617188,,,5.485422329536871e-05,1601.4967045350022
25250,51712000,2.143986225128174,,,5.47742082671582e-05,1602.1565667470022
25260,51732480,2.4379324913024902,,,5.4694309231669475e-05,1602.888771001999
25270,51752960,2.2695178985595703,,,5.461452627298195e-05,1603.4395708129996
25280,51773440,2.301480293273926,,,5.4534859475052655e-05,1603.9730051549996
25290,51793920,2.362384080886841,,,5.4455308921716556e-05,1604.6076425350002
25300,51814400,2.4087023735046387,2.2466622471809385,9.456120910079616,5.4375874696686196e-05,1605.8113114420012
25310,51834880,2.2065675258636475,,,5.4296556883551794e-05,1606.340766106001
25320,51855360,2.2052037715911865,,,5.4217355565780906e-05,1607.1142578280014
25330,51875840,2.460916042327881,,,5.4138270826718726e-05,1607.6885423250023
25340,51896320,2.3440513610839844,,,5.405930274958758e-05,1608.316330157999
25350,51916800,2.3392796516418457,,,5.398045141748711e-05,1608.875094223
25360,51937280,2.329807758331299,,,5.3901716913394045e-05,1609.404037237
25370,51957760,2.237769842147827,,,5.3823099320162286e-05,1609.9954012980015
25380,51978240,2.0999083518981934,,,5.374459872052264e-05,1610.6013902449995
25390,51998720,2.1471447944641113,,,5.3666215197082706e-05,1611.1843146249994
25400,52019200,2.59503173828125,2.2473190903663633,9.462334138995102,5.358794883232712e-05,1612.0172331120011
25410,52039680,2.2560582160949707,,,5.350979970861695e-05,1612.5416997829998
25420,52060160,2.1363234519958496,,,5.343176790819013e-05,1613.1711516249998
25430,52080640,2.6016411781311035,,,5.335385351316089e-05,1613.6930519050002
25440,52101120,2.164825916290283,,,5.327605660552021e-05,1614.313439824
25450,52121600,2.4441304206848145,,,5.3198377267135136e-05,1614.8506229720006
25460,52142080,2.3007898330688477,,,5.31208155797492e-05,1615.3325493849989
25470,52162560,2.2149786949157715,,,5.304337162498205e-05,1615.9343762470016
25480,52183040,2.2712020874023438,,,5.296604548432947e-05,1616.6692222829988
25490,52203520,2.1695966720581055,,,5.2888837239163156e-05,1617.3233459799994
25500,52224000,2.307523250579834,2.2450560569763183,9.440944772444622,5.281174697073096e-05,1618.3869292380004
25510,52244480,2.2686119079589844,,,5.273477476015637e-05,1619.3029844519988
25520,52264960,2.3072924613952637,,,5.265792068843877e-05,1619.8893265280021
25530,52285440,2.2256593704223633,,,5.258118483645307e-05,1620.5662066980003
25540,52305920,2.4192745685577393,,,5.250456728495006e-05,1621.0996572410004
25550,52326400,2.4693691730499268,,,5.242806811455571e-05,1621.769717072999
25560,52346880,2.136931896209717,,,5.235168740577164e-05,1622.3153764060007
25570,52367360,2.222932815551758,,,5.227542523897474e-05,1623.0466501190022
25580,52387840,2.141517400741577,,,5.219928169441715e-05,1623.7197300890002
25590,52408320,2.12739634513855,,,5.212325685222619e-05,1624.214468041002
25600,52428800,2.322842836380005,2.2443094730377195,9.43389894519032,5.204735079240421e-05,1625.3927658460016
25610,52449280,2.468264579772949,,,5.1971563594828726e-05,1625.8987384909997
25620,52469760,2.3488945960998535,,,5.1895895339251974e-05,1626.5659154950008
25630,52490240,2.3005833625793457,,,5.182034610530114e-05,1627.0417038279993
25640,52510720,2.166228771209717,,,5.174491597247814e-05,1627.5880860340003
25650,52531200,2.4707014560699463,,,5.166960502015959e-05,1628.0724136220015
25660,52551680,2.399996757507324,,,5.1594413327596556e-05,1628.5927505450018
25670,52572160,2.1318297386169434,,,5.151934097391484e-05,1629.1753309150008
25680,52592640,2.234405040740967,,,5.144438803811441e-05,1629.7680892669996
25690,52613120,2.172182559967041,,,5.136955459906975e-05,1630.6269201760006
25700,52633600,2.1034281253814697,2.244560647010803,9.436268792679597,5.129484073552944e-05,1631.5036959320023
25710,52654080,2.326289653778076,,,5.122024652611646e-05,1632.1273307049996
25720,52674560,2.127420425415039,,,5.11457720493276e-05,1632.674480496
25730,52695040,2.328157901763916,,,5.107141738353384e-05,1633.2548662990012
25740,52715520,2.601243019104004,,,5.099718260698003e-05,1633.8429822229991
25750,52736000,2.343484401702881,,,5.092306779778487e-05,1634.4232975100022
25760,52756480,2.2183191776275635,,,5.084907303394074e-05,1634.989728976001
25770,52776960,2.182135581970215,,,5.0775198393313795e-05,1635.6021539600006
25780,52797440,2.734306573867798,,,5.070144395364373e-05,1636.2420038650016
25790,52817920,2.393322229385376,,,5.062780979254379e-05,1636.8289105580006
25800,52838400,2.4388480186462402,2.2432158470153807,9.423587427311615,5.0554295987500566e-05,1637.8020986970005
25810,52858880,2.4058616161346436,,,5.048090261587409e-05,1638.373469115002
25820,52879360,2.2634119987487793,,,5.040762975489765e-05,1638.9199705210012
25830,52899840,2.0931544303894043,,,5.033447748167757e-05,1639.4490514589997
25840,52920320,2.0439672470092773,,,5.026144587319354e-05,1640.0112790349995
25850,52940800,2.3160195350646973,,,5.018853500629804e-05,1640.6220178949989
25860,52961280,2.02888822555542,,,5.011574495771661e-05,1641.1635076320017
25870,52981760,2.315152645111084,,,5.004307580404757e-05,1641.882247136
25880,53002240,2.134260654449463,,,4.997052762176214e-05,1642.4414597649993
25890,53022720,2.153294563293457,,,4.989810048720412e-05,1643.0356790629994
25900,53043200,2.454902410507202,2.241994547843933,9.41208543291236,4.982579447658999e-05,1643.9825406810014
25910,53063680,2.287045955657959,,,4.975360966600874e-05,1644.5990344519996
25920,53084160,2.149722099304199,,,4.96815461314219e-05,1645.2190365570023
25930,53104640,2.223423957824707,,,4.9609603948663235e-05,1645.8103821770019
25940,53125120,2.3082754611968994,,,4.953778319343892e-05,1646.4206613089991
25950,53145600,2.3932037353515625,,,4.946608394132732e-05,1646.989520629002
25960,53166080,2.2972707748413086,,,4.9394506267778956e-05,1647.6093331400007
25970,53186560,2.2559895515441895,,,4.9323050248116325e-05,1648.2283403420006
25980,53207040,2.319463014602661,,,4.925171595753406e-05,1648.8320670520006
25990,53227520,2.4493908882141113,,,4.918050347109855e-05,1649.406608846999
26000,53248000,2.3120298385620117,2.240933835506439,9.402107210719368,4.9109412863748106e-05,1650.299919571
26010,53268480,2.2768633365631104,,,4.903844421029267e-05,1651.4354208530021
26020,53288960,2.389148712158203,,,4.896759758541397e-05,1652.3146112899994
26030,53309440,2.277740001678467,,,4.889687306366533e-05,1652.8474319790002
26040,53329920,2.4073948860168457,,,4.8826270719471386e-05,1653.5042905219998
26050,53350400,2.2557482719421387,,,4.8755790627128494e-05,1654.1931312730012
26060,53370880,1.8971960544586182,,,4.868543286080411e-05,1654.739080842999
26070,53391360,2.3644890785217285,,,4.86151974945371e-05,1655.2906736410005
26080,53411840,2.113569498062134,,,4.854508460223748e-05,1655.8779026529992
26090,53432320,2.4050793647766113,,,4.847509425768644e-05,1656.4160392750018
26100,53452800,2.289848804473877,2.23944638967514,9.388132481446343,4.8405226534536106e-05,1657.4623398549993
26110,53473280,2.259300947189331,,,4.8335481506309654e-05,1658.185251944
26120,53493760,2.636117696762085,,,4.826585924640111e-05,1659.0193989569998
26130,53514240,2.3694043159484863,,,4.819635982807535e-05,1659.6199638200014
26140,53534720,2.2412166595458984,,,4.812698332446788e-05,1660.1881655130019
26150,53555200,2.26802396774292,,,4.8057729808585016e-05,1660.7444333330022
26160,53575680,2.4216127395629883,,,4.798859935330351e-05,1661.2349382700013
26170,53596160,1.9791743755340576,,,4.791959203137072e-05,1661.7751318400005
26180,53616640,2.227477550506592,,,4.785070791540427e-05,1662.3761832070013
26190,53637120,1.9471293687820435,,,4.778194707789237e-05,1662.9863101310002
26200,53657600,2.1631383895874023,2.2391320705413817,9.385182075485979,4.771330959119331e-05,1664.023781846001
26210,53678080,2.008500337600708,,,4.764479552753563e-05,1664.6005509960014
26220,53698560,2.095705032348633,,,4.757640495901801e-05,1665.226938366999
26230,53719040,2.3444361686706543,,,4.750813795760917e-05,1665.7646072060015
26240,53739520,2.3150038719177246,,,4.743999459514778e-05,1666.2942707319999
26250,53760000,2.5487160682678223,,,4.7371974943342425e-05,1666.846766300001
26260,53780480,2.3162620067596436,,,4.7304079073771504e-05,1667.6146217980022
26270,53800960,2.0965139865875244,,,4.72363070578831e-05,1668.2171422850006
26280,53821440,2.169062614440918,,,4.716865896699503e-05,1668.7231404760023
26290,53841920,2.266223430633545,,,4.710113487229471e-05,1669.4711640009991
26300,53862400,2.1232333183288574,2.2397634506225588,9.391109563558699,4.703373484483904e-05,1670.693903577001
26310,53882880,2.298793315887451,,,4.696645895555428e-05,1671.427412117002
26320,53903360,2.1287717819213867,,,4.689930727523628e-05,1671.986192397002
26330,53923840,2.3631088733673096,,,4.683227987454994e-05,1672.6732881320022
26340,53944320,2.3078770637512207,,,4.676537682402953e-05,1673.1859406860021
26350,53964800,2.5517959594726562,,,4.669859819407841e-05,1673.6932231550018
26360,53985280,2.3047986030578613,,,4.663194405496903e-05,1674.200907802002
26370,54005760,2.22768497467041,,,4.656541447684279e-05,1674.7411703290018
26380,54026240,2.275367259979248,,,4.649900952971007e-05,1675.3251029040002
26390,54046720,2.073993682861328,,,4.643272928345006e-05,1675.8720869540011
26400,54067200,2.336264133453369,2.2394856333732607,9.388500913712635,4.636657380781078e-05,1676.784715304002
26410,54087680,2.122185230255127,,,4.630054317240881e-05,1677.4288584620008
26420,54108160,2.171968936920166,,,4.6234637446729595e-05,1678.0242469940022
26430,54128640,2.0154616832733154,,,4.6168856700126904e-05,1678.703366242
26440,54149120,2.320751428604126,,,4.6103201001823125e-05,1679.3874541580008
26450,54169600,2.2183313369750977,,,4.603767042090894e-05,1680.0549050990012
26460,54190080,2.0731704235076904,,,4.597226502634353e-05,1680.780479123001
26470,54210560,2.2328948974609375,,,4.5906984886954236e-05,1681.2512938120017
26480,54231040,2.313966751098633,,,4.584183007143653e-05,1681.8058795420002
26490,54251520,2.199587821960449,,,4.577680064835419e-05,1682.4257891529996
26500,54272000,2.257981300354004,2.237321102619171,9.368201192361363,4.5711896686138837e-05,1683.610476722999
26510,54292480,2.1973400115966797,,,4.56471182530902e-05,1684.5123401780002
26520,54312960,2.1867055892944336,,,4.558246541737587e-05,1685.0186962840016
26530,54333440,1.925069808959961,,,4.551793824703129e-05,1685.5687735700012
26540,54353920,2.1373181343078613,,,4.545353680995959e-05,1686.130678690999
26550,54374400,2.418029308319092,,,4.538926117393167e-05,1686.7955561210001
26560,54394880,2.3955821990966797,,,4.532511140658602e-05,1687.3266991890014
26570,54415360,2.196516513824463,,,4.52610875754287e-05,1687.871776838001
26580,54435840,2.249950408935547,,,4.5197189747833136e-05,1688.427043609001
26590,54456320,2.163159132003784,,,4.513341799104036e-05,1689.0866341500005
26600,54476800,2.1163861751556396,2.2363598704338075,9.359200502425761,4.506977237215853e-05,1690.0687128140016
26610,54497280,2.2685418128967285,,,4.500625295816321e-05,1690.7966071580013
26620,54517760,2.30035662651062,,,4.4942859815897027e-05,1691.2834674580008
26630,54538240,2.152353286743164,,,4.487959301206989e-05,1691.7572696009993
26640,54558720,2.1629340648651123,,,4.4816452613258626e-05,1692.2481902069994
26650,54579200,2.3237714767456055,,,4.475343868590709e-05,1692.8389748100017
26660,54599680,2.52476167678833,,,4.469055129632608e-05,1693.5312354340022
26670,54620160,2.3509392738342285,,,4.462779051069317e-05,1694.0340842270016
26680,54640640,2.456484317779541,,,4.456515639505278e-05,1694.5425047169992
26690,54661120,2.33441162109375,,,4.4502649015315966e-05,1695.046557329999
26700,54681600,2.407543659210205,2.2376113295555116,9.370920491280254,4.4440268437260486e-05,1695.8203968260023
26710,54702080,2.2374401092529297,,,4.4378014726530556e-05,1696.4992311909991
26720,54722560,2.532540798187256,,,4.431588794863702e-05,1697.1561827120022
26730,54743040,2.4539616107940674,,,4.4253888168957025e-05,1697.7590060799994
26740,54763520,2.308055877685547,,,4.419201545273421e-05,1698.3495531770022
26750,54784000,2.1589887142181396,,,4.413026986507831e-05,1699.0960323030013
26760,54804480,2.249619245529175,,,4.406865147096552e-05,1699.7560162560003
26770,54824960,2.6500186920166016,,,4.400716033523797e-05,1700.3310098350012
26780,54845440,2.1293959617614746,,,4.394579652260404e-05,1700.9439570239992
26790,54865920,2.3545889854431152,,,4.388456009763794e-05,1701.5956562380015
26800,54886400,2.132481098175049,2.2361101388931273,9.356863506687674,4.382345112478007e-05,1702.4605809060013
26810,54906880,2.158417224884033,,,4.3762469668336495e-05,1703.016997704999
26820,54927360,2.147322654724121,,,4.370161579247918e-05,1703.5265450730003
26830,54947840,2.1798739433288574,,,4.3640889561245854e-05,1704.3781933739992
26840,54968320,2.1338751316070557,,,4.3580291038539934e-05,1704.9291374480017
26850,54988800,2.143278121948242,,,4.3519820288130296e-05,1705.4444741219995
26860,55009280,2.2806215286254883,,,4.345947737365161e-05,1706.0712660790014
26870,55029760,2.3336057662963867,,,4.339926235860379e-05,1706.635400747
26880,55050240,2.1261773109436035,,,4.333917530635229e-05,1707.2312971909996
26890,55070720,2.1949236392974854,,,4.327921628012788e-05,1707.8086792470021
26900,55091200,2.31915283203125,2.23536936044693,9.34993471054618,4.321938534302658e-05,1708.8916306640022
26910,55111680,2.3341612815856934,,,4.315968255800966e-05,1709.546387153001
26920,55132160,2.3434815406799316,,,4.310010798790345e-05,1710.1159198200003
26930,55152640,2.3990676403045654,,,4.30406616953995e-05,1710.6296604500021
26940,55173120,2.4775476455688477,,,4.298134374305423e-05,1711.1909326450004
26950,55193600,2.5993404388427734,,,4.292215419328911e-05,1711.7085791829995
26960,55214080,2.116107940673828,,,4.2863093108390355e-05,1712.275689727001
26970,55234560,2.299074649810791,,,4.2804160550509186e-05,1712.940606807002
26980,55255040,2.4390721321105957,,,4.274535658166139e-05,1713.5609415959989
26990,55275520,2.302927017211914,,,4.268668126372756e-05,1714.042906226001
27000,55296000,2.6247332096099854,2.2360866904258727,9.356644105152457,4.2628134658452844e-05,1715.1995038109999
27010,55316480,2.421935796737671,,,4.256971682744699e-05,1716.108943547999
27020,55336960,2.271291732788086,,,4.251142783218413e-05,1716.7347836879999
27030,55357440,2.208056926727295,,,4.2453267734002986e-05,1717.3190064310002
27040,55377920,2.3470442295074463,,,4.2395236594106485e-05,1718.0519852690013
27050,55398400,2.45906138420105,,,4.233733447356197e-05,1719.0672750760023
27060,55418880,2.5579423904418945,,,4.227956143330087e-05,1719.688426380002
27070,55439360,2.2505364418029785,,,4.222191753411897e-05,1720.6359958720022
27080,55459840,2.5598952770233154,,,4.216440283667598e-05,1721.27423042
27090,55480320,2.385401964187622,,,4.210701740149574e-05,1722.031291227002
27100,55500800,2.272212028503418,2.234752666950226,9.34417044419105,4.204976128896607e-05,1722.9519007589988
27110,55521280,2.1557583808898926,,,4.199263455933865e-05,1723.6231368910012
27120,55541760,2.2297775745391846,,,4.193563727272907e-05,1724.2082088179995
27130,55562240,2.2721457481384277,,,4.187876948911662e-05,1724.813363707999
27140,55582720,2.210697650909424,,,4.1822031268344434e-05,1725.301001287
27150,55603200,1.9725342988967896,,,4.1765422670119164e-05,1725.9896395889991
27160,55623680,2.2827792167663574,,,4.170894375401117e-05,1726.66329004
27170,55644160,2.3875315189361572,,,4.165259457945429e-05,1727.2705344679998
27180,55664640,2.2408885955810547,,,4.159637520574586e-05,1727.8008724130013
27190,55685120,2.259413719177246,,,4.154028569204656e-05,1728.362004871
27200,55705600,2.1540865898132324,2.2329644322395326,9.32747580567497,4.148432609738054e-05,1729.222934636
27210,55726080,2.2458014488220215,,,4.1428496480635084e-05,1729.7345414850024
27220,55746560,2.3445706367492676,,,4.1372796900560836e-05,1730.2666232039992
27230,55767040,2.209216833114624,,,4.131722741577146e-05,1730.7996477650013
27240,55787520,2.3432559967041016,,,4.126178808474389e-05,1731.378447048999
27250,55808000,2.256009578704834,,,4.120647896581791e-05,1731.9665440979988
27260,55828480,2.3085198402404785,,,4.115130011719643e-05,1732.580854644002
27270,55848960,2.050419330596924,,,4.109625159694518e-05,1733.2897988639997
27280,55869440,2.1188697814941406,,,4.104133346299283e-05,1733.9685380980009
27290,55889920,2.1110901832580566,,,4.098654577313072e-05,1734.6672847570007
27300,55910400,2.0951757431030273,2.2333695530891418,9.331255326127652,4.093188858501303e-05,1735.5044445290005
27310,55930880,2.190129280090332,,,4.087736195615656e-05,1736.1155921999998
27320,55951360,2.2756004333496094,,,4.0822965943940716e-05,1736.6906522509998
27330,55971840,2.3335888385772705,,,4.07687006056075e-05,1737.2294423320018
27340,55992320,2.1343581676483154,,,4.071456599826135e-05,1737.7431903450015
27350,56012800,2.196120262145996,,,4.06605621788692e-05,1738.3718088780006
27360,56033280,2.219364643096924,,,4.0606689204260215e-05,1738.8651449669997
27370,56053760,2.239414691925049,,,4.055294713112608e-05,1739.4055687580003
27380,56074240,2.3818724155426025,,,4.04993360160205e-05,1739.951533186002
27390,56094720,2.81536865234375,,,4.044585591535958e-05,1740.493095705002
27400,56115200,2.625223159790039,2.232191789150238,9.320271779382104,4.039250688542136e-05,1741.3800805480023
27410,56135680,2.427143096923828,,,4.033928898234615e-05,1742.1169188480017
27420,56156160,2.156970500946045,,,4.028620226213612e-05,1742.6626407219992
27430,56176640,2.1944756507873535,,,4.023324678065544e-05,1743.2197481910007
27440,56197120,2.0462942123413086,,,4.018042259363019e-05,1743.7167211150008
27450,56217600,2.195192813873291,,,4.0127729756648336e-05,1744.3260407390007
27460,56238080,2.059309244155884,,,4.007516832515947e-05,1744.8215059899994
27470,56258560,2.2938709259033203,,,4.002273835447505e-05,1745.4365170109995
27480,56279040,2.31624174118042,,,3.997043989976814e-05,1745.990512403001
27490,56299520,2.3523337841033936,,,3.991827301607343e-05,1746.4795536890015
27500,56320000,2.3923511505126953,2.2333248138427733,9.33083786213527,3.9866237758287065e-05,1747.4374221360013
27510,56340480,2.1372132301330566,,,3.9814334181166824e-05,1748.385372779001
27520,56360960,2.4603490829467773,,,3.976256233933181e-05,1748.9164948010002
27530,56381440,2.1045172214508057,,,3.971092228726254e-05,1749.4678115200004
27540,56401920,2.1490490436553955,,,3.965941407930079e-05,1750.0084601269991
27550,56422400,2.2361080646514893,,,3.960803776964969e-05,1750.459958743002
27560,56442880,2.3664510250091553,,,3.955679341237351e-05,1750.924281964999
27570,56463360,2.118988037109375,,,3.9505681061397635e-05,1751.398312876001
27580,56483840,2.1020233631134033,,,3.9454700770508644e-05,1752.0387194270006
27590,56504320,2.2996037006378174,,,3.9403852593354026e-05,1752.5627859790002
27600,56524800,2.242142915725708,2.232623541355133,9.324296696093883,3.935313658344231e-05,1753.491600456
27610,56545280,2.21964430809021,,,3.9302552794142917e-05,1754.0620332010003
27620,56565760,2.251882314682007,,,3.92521012786862e-05,1754.6810434629988
27630,56586240,2.3832950592041016,,,3.920178209016316e-05,1755.214781003
27640,56606720,2.1923515796661377,,,3.915159528152572e-05,1755.7013479029993
27650,56627200,2.202333927154541,,,3.9101540905586405e-05,1756.1992299929989
27660,56647680,2.6422133445739746,,,3.9051619015018425e-05,1756.8306786040012
27670,56668160,2.4854438304901123,,,3.9001829662355474e-05,1757.4526256960016
27680,56688640,2.3112895488739014,,,3.895217289999193e-05,1758.016575695001
27690,56709120,2.204676389694214,,,3.8902648780182505e-05,1758.5923845940015
27700,56729600,2.4204211235046387,2.2324730157852173,9.322893256649051,3.88532573550424e-05,1759.4295633559996
27710,56750080,2.259443998336792,,,3.880399867654717e-05,1760.022997193002
27720,56770560,2.25136661529541,,,3.875487279653267e-05,1760.563556265999
27730,56791040,2.7454113960266113,,,3.8705879766694976e-05,1761.109734294001
27740,56811520,2.385439157485962,,,3.865701963859043e-05,1761.6425687359988
27750,56832000,2.1372151374816895,,,3.860829246363548e-05,1762.2456654880007
27760,56852480,2.3085176944732666,,,3.855969829310667e-05,1762.9619300430022
27770,56872960,2.34326434135437,,,3.851123717814056e-05,1763.7046273140004
27780,56893440,2.214782476425171,,,3.8462909169733746e-05,1764.2606690419998
27790,56913920,2.254159927368164,,,3.8414714318742735e-05,1764.8876868949992
27800,56934400,2.2786448001861572,2.232268917560577,9.32099066485127,3.836665267588382e-05,1765.6687496880004
27810,56954880,2.17846941947937,,,3.831872429173326e-05,1766.2848168259989
27820,56975360,2.476900577545166,,,3.8270929216727e-05,1766.8346931859996
27830,56995840,2.5779385566711426,,,3.822326750116073e-05,1767.3088196140015
27840,57016320,1.9115779399871826,,,3.817573919518972e-05,1768.0322042209991
27850,57036800,2.2228503227233887,,,3.8128344348829024e-05,1768.6391406280018
27860,57057280,2.3600950241088867,,,3.8081083011953096e-05,1769.5040738669995
27870,57077760,2.2444839477539062,,,3.803395523429593e-05,1770.1258782650002
27880,57098240,2.3868846893310547,,,3.7986961065451036e-05,1770.6770295019996
27890,57118720,2.1818771362304688,,,3.794010055487129e-05,1771.177966602001
27900,57139200,2.3498501777648926,2.2304760932922365,9.304294737486257,3.789337375186886e-05,1772.051000145002
27910,57159680,2.366581916809082,,,3.784678070561528e-05,1772.597582942999
27920,57180160,2.159724712371826,,,3.780032146514132e-05,1773.2739451460002
27930,57200640,2.345897674560547,,,3.7753996079336935e-05,1774.1035205240005
27940,57221120,2.1554465293884277,,,3.770780459695119e-05,1774.6191300319988
27950,57241600,2.304267406463623,,,3.766174706659232e-05,1775.1825792570016
27960,57262080,2.212242603302002,,,3.761582353672751e-05,1775.7148708460008
27970,57282560,2.3141698837280273,,,3.757003405568297e-05,1776.2549130980005
27980,57303040,2.3748250007629395,,,3.75243786716439e-05,1776.7557154560018
27990,57323520,2.3594307899475098,,,3.74788574326543e-05,1777.3731730719992
28000,57344000,1.936152696609497,2.2306949496269226,9.306331264174597,3.743347038661707e-05,1778.1951328290015
28010,57364480,2.377124071121216,,,3.738821758129382e-05,1779.0830786610022
28020,57384960,2.4033079147338867,,,3.7343099064305016e-05,1779.6448435040002
28030,57405440,2.1427481174468994,,,3.7298114883129696e-05,1780.197771987001
28040,57425920,2.0634069442749023,,,3.725326508510558e-05,1780.7564150979997
28050,57446400,2.318495512008667,,,3.720854971742901e-05,1781.3520440230022
28060,57466880,2.2882165908813477,,,3.7163968827154796e-05,1781.9885677849998
28070,57487360,2.3021059036254883,,,3.711952246119628e-05,1782.6587791290003
28080,57507840,2.309121608734131,,,3.707521066632523e-05,1783.1855029830003
28090,57528320,2.2162539958953857,,,3.703103348917178e-05,1783.6921180739992
28100,57548800,2.3407044410705566,2.228926932811737,9.289892050697034,3.698699097622446e-05,1785.2471168060001
28110,57569280,2.4223034381866455,,,3.694308317382999e-05,1785.868442608
28120,57589760,2.0892534255981445,,,3.6899310128193485e-05,1786.56956326
28130,57610240,2.12821102142334,,,3.6855671885378096e-05,1787.0350240590014
28140,57630720,2.2553458213806152,,,3.6812168491305224e-05,1787.5334072379992
28150,57651200,2.0777428150177,,,3.676879999175426e-05,1788.0251647879995
28160,57671680,2.789358615875244,,,3.6725566432362804e-05,1788.5953267180012
28170,57692160,2.2929553985595703,,,3.668246785862631e-05,1789.2117463579998
28180,57712640,2.359689235687256,,,3.6639504315898246e-05,1789.980745290999
28190,57733120,2.103522300720215,,,3.659667584938996e-05,1790.5681971529993
28200,57753600,2.2370543479919434,2.227814495563507,9.27956337481485,3.655398250417069e-05,1791.8835743359996
28210,57774080,2.2273011207580566,,,3.651142432516747e-05,1792.5184057270017
28220,57794560,2.09928035736084,,,3.6469001357165065e-05,1793.1294801330005
28230,57815040,2.334399700164795,,,3.642671364480603e-05,1793.7536818209992
28240,57835520,2.3779964447021484,,,3.638456123259048e-05,1794.4714492669991
28250,57856000,2.3410019874572754,,,3.634254416487623e-05,1794.947161652999
28260,57876480,2.390845775604248,,,3.630066248587866e-05,1795.4414205430003
28270,57896960,2.2186431884765625,,,3.625891623967067e-05,1796.050068599001
28280,57917440,2.459197998046875,,,3.621730547018261e-05,1796.616554856002
28290,57937920,2.206451654434204,,,3.6175830221202345e-05,1797.3457970560012
28300,57958400,2.1487679481506348,2.2298805356025695,9.298755142946218,3.613449053637502e-05,1798.288197795002
28310,57978880,2.2416677474975586,,,3.6093286459203216e-05,1798.8883484590006
28320,57999360,2.172882556915283,,,3.605221803304675e-05,1799.479443368
28330,58019840,2.1708436012268066,,,3.6011285301122745e-05,1800.1666707090008
28340,58040320,2.072661876678467,,,3.597048830650549e-05,1800.8359935480003
28350,58060800,2.2097275257110596,,,3.5929827092126444e-05,1801.4548850110004
28360,58081280,2.284266948699951,,,3.588930170077418e-05,1802.0384921350014
28370,58101760,2.019986629486084,,,3.584891217509439e-05,1802.5942585960001
28380,58122240,2.3723039627075195,,,3.580865855758967e-05,1803.123492486
28390,58142720,2.044848918914795,,,3.576854089061977e-05,1803.6024926680002
28400,58163200,2.22051739692688,2.2295916438102723,9.296069196899404,3.572855921640121e-05,1804.344266338001
28410,58183680,2.4810829162597656,,,3.56887135770075e-05,1804.9960408129991
28420,58204160,2.18577241897583,,,3.564900401436898e-05,1805.4791715270003
28430,58224640,2.288363218307495,,,3.560943057027277e-05,1806.0971361890006
28440,58245120,1.9535441398620605,,,3.5569993286362806e-05,1806.6279594799998
28450,58265600,2.334197521209717,,,3.5530692204139636e-05,1807.2642095830015
28460,58286080,2.1744816303253174,,,3.54915273649606e-05,1807.9992683550008
28470,58306560,2.227086305618286,,,3.545249881003959e-05,1808.5806857240023
28480,58327040,2.1348440647125244,,,3.5413606580447134e-05,1809.1269828490003
28490,58347520,2.0510265827178955,,,3.53748507171102e-05,1809.6728037040011
28500,58368000,2.438905715942383,2.2282167196273805,9.28329658925045,3.533623126081241e-05,1810.708065357001
28510,58388480,2.4730167388916016,,,3.5297748252193717e-05,1811.5301349000001
28520,58408960,2.187354564666748,,,3.525940173175055e-05,1812.1267422130004
28530,58429440,2.179734230041504,,,3.5221191739835666e-05,1812.8043259240003
28540,58449920,2.251783847808838,,,3.518311831665822e-05,1813.3523214580018
28550,58470400,2.25644588470459,,,3.514518150228354e-05,1813.9190445579989
28560,58490880,1.999849557876587,,,3.510738133663335e-05,1814.555212880001
28570,58511360,2.410095453262329,,,3.506971785948542e-05,1815.329726898999
28580,58531840,2.4060604572296143,,,3.5032191110473806e-05,1815.8081155030013
28590,58552320,2.1413683891296387,,,3.4994801129088555e-05,1816.3125402170008
28600,58572800,2.323659896850586,2.2280969440937044,9.282184744034454,3.4957547954675955e-05,1817.2098353200017
28610,58593280,2.161102771759033,,,3.4920431626438175e-05,1817.9808126030002
28620,58613760,2.257094383239746,,,3.488345218343346e-05,1818.4784936840006
28630,58634240,2.3229174613952637,,,3.484660966457598e-05,1818.9862429230016
28640,58654720,2.207503318786621,,,3.480990410863585e-05,1819.541728084001
28650,58675200,2.3629989624023438,,,3.477333555423904e-05,1820.1383547080004
28660,58695680,2.2911951541900635,,,3.473690403986728e-05,1820.630676050001
28670,58716160,2.187365770339966,,,3.470060960385822e-05,1821.595981022001
28680,58736640,2.340898275375366,,,3.4664452284405165e-05,1822.343180672
28690,58757120,2.434809684753418,,,3.462843211955716e-05,1822.8172894790005
28700,58777600,2.1509108543395996,2.2273881793022157,9.27560818919036,3.4592549147218926e-05,1823.7214469470018
28710,58798080,2.0383286476135254,,,3.45568034051508e-05,1824.3832773079994
28720,58818560,2.0006253719329834,,,3.452119493096871e-05,1824.8856462780022
28730,58839040,2.129729747772217,,,3.448572376214415e-05,1825.4342347269994
28740,58859520,2.1257970333099365,,,3.4450389936004103e-05,1826.0078270599988
28750,58880000,2.368272304534912,,,3.441519348973104e-05,1826.5252889820003
28760,58900480,2.2454867362976074,,,3.438013446036284e-05,1827.0680677689998
28770,58920960,2.3432846069335938,,,3.4345212884792826e-05,1827.6581481089997
28780,58941440,1.9471113681793213,,,3.431042879976963e-05,1828.2064808110008
28790,58961920,2.416557788848877,,,3.427578224189721e-05,1828.7813390640003
28800,58982400,2.4236319065093994,2.2257335782051086,9.260273447642783,3.4241273247634805e-05,1829.686843333002
28810,59002880,2.116726875305176,,,3.42069018532969e-05,1830.2297052110007
28820,59023360,2.263173818588257,,,3.4172668095053175e-05,1830.7719769350006
28830,59043840,2.1277213096618652,,,3.4138572008928454e-05,1831.3964653290022
28840,59064320,2.3193061351776123,,,3.410461363080273e-05,1832.0775242189993
28850,59084800,2.088982582092285,,,3.4070792996411054e-05,1832.650363836001
28860,59105280,2.130544662475586,,,3.40371101413435e-05,1833.2156973230012
28870,59125760,2.2972230911254883,,,3.400356510104524e-05,1833.8294535550012
28880,59146240,2.4110848903656006,,,3.397015791081632e-05,1834.4304282260018
28890,59166720,2.427377462387085,,,3.393688860581178e-05,1835.103306863999
28900,59187200,2.225175380706787,2.2259483695030213,9.262262687423679,3.390375722104156e-05,1836.0044940570006
28910,59207680,2.185955286026001,,,3.387076379137044e-05,1836.5019625630011
28920,59228160,2.2852425575256348,,,3.383790835151807e-05,1837.189469680001
28930,59248640,2.1532320976257324,,,3.38051909360588e-05,1837.830423812
28940,59269120,2.353273630142212,,,3.377261157942188e-05,1838.3472639370011
28950,59289600,2.1540040969848633,,,3.374017031589113e-05,1839.0676563929992
28960,59310080,2.0415921211242676,,,3.3707867179605116e-05,1839.586056340002
28970,59330560,2.198972225189209,,,3.367570220455709e-05,1840.139676294999
28980,59351040,2.402381420135498,,,3.364367542459486e-05,1840.6944650219993
28990,59371520,2.2666196823120117,,,3.3611786873420806e-05,1841.2931522860017
29000,59392000,2.280869960784912,2.22677937746048,9.269962900447016,3.3580036584591876e-05,1842.2410990950011
29010,59412480,2.448483467102051,,,3.3548424591519493e-05,1843.2443677890005
29020,59432960,2.2028324604034424,,,3.351695092746961e-05,1843.9602631710004
29030,59453440,2.262467384338379,,,3.348561562556251e-05,1844.7212527750016
29040,59473920,2.1755259037017822,,,3.3454418718772994e-05,1845.4793794590005
29050,59494400,1.9926832914352417,,,3.3423360239930126e-05,1846.2129050270014
29060,59514880,2.1862382888793945,,,3.339244022171732e-05,1846.747324120999
29070,59535360,2.167600393295288,,,3.336165869667238e-05,1847.2430584780013
29080,59555840,2.0806546211242676,,,3.333101569718725e-05,1847.7537209580005
29090,59576320,2.596595287322998,,,3.330051125550817e-05,1848.2888435960012
29100,59596800,2.3556652069091797,2.2251595735549925,9.254959532874286,3.327014540373549e-05,1849.333838188999
29110,59617280,2.162705421447754,,,3.323991817382387e-05,1849.905329262001
29120,59637760,2.2539420127868652,,,3.320982959758194e-05,1850.489392779
29130,59658240,2.4571709632873535,,,3.317987970667251e-05,1851.0596958080023
29140,59678720,2.5265533924102783,,,3.3150068532612425e-05,1851.5677256560011
29150,59699200,2.118713855743408,,,3.312039610677258e-05,1852.079649850999
29160,59719680,2.3342268466949463,,,3.3090862460377783e-05,1852.5569782400016
29170,59740160,2.422025203704834,,,3.3061467624506914e-05,1853.0374914290005
29180,59760640,2.1502161026000977,,,3.3032211630092694e-05,1853.5789098759997
29190,59781120,2.0387730598449707,,,3.3003094507921795e-05,1854.0657214040002
29200,59801600,2.031543731689453,2.225010669231415,9.253581531982997,3.297411628863468e-05,1855.0625012380006
29210,59822080,2.222569704055786,,,3.294527700272574e-05,1855.5827755499995
29220,59842560,2.0389251708984375,,,3.2916576680543075e-05,1856.2436917430023
29230,59863040,2.1301095485687256,,,3.288801535228861e-05,1856.8395912220003
29240,59883520,2.4272918701171875,,,3.2859593048017946e-05,1857.566741513001
29250,59904000,2.263296604156494,,,3.283130979764046e-05,1858.1848708729995
29260,59924480,2.2710204124450684,,,3.280316563091915e-05,1858.7383275430002
29270,59944960,2.122741937637329,,,3.277516057747063e-05,1859.4971650020016
29280,59965440,2.1684205532073975,,,3.27472946667652e-05,1860.052962370999
29290,59985920,2.0873022079467773,,,3.2719567928126676e-05,1860.671064061
29300,60006400,2.6271800994873047,2.2248129844665527,9.25175242069339,3.269198039073244e-05,1861.6124497620003
29310,60026880,2.372490882873535,,,3.266453208361338e-05,1862.0934504760007
29320,60047360,2.193192481994629,,,3.263722303565391e-05,1862.7086038900015
29330,60067840,2.232792854309082,,,3.261005327559182e-05,1863.225019024001
29340,60088320,2.378624677658081,,,3.2583022832018404e-05,1863.828080997002
29350,60108800,2.141936779022217,,,3.255613173337832e-05,1864.3641989780008
29360,60129280,2.0513052940368652,,,3.2529380007969576e-05,1864.935431422
29370,60149760,1.9900100231170654,,,3.25027676839435e-05,1865.6450148040021
29380,60170240,2.4592511653900146,,,3.247629478930482e-05,1866.3158386960022
29390,60190720,2.183457136154175,,,3.2449961351911414e-05,1867.094174861999
29400,60211200,2.1716108322143555,2.2238229632377626,9.24259752191322,3.242376739947448e-05,1868.0356151449996
29410,60231680,2.153482437133789,,,3.239771295955843e-05,1868.8821270219996
29420,60252160,2.3483917713165283,,,3.237179805958086e-05,1869.4679796290002
29430,60272640,1.9809683561325073,,,3.234602272681248e-05,1870.204021919999
29440,60293120,2.2480099201202393,,,3.23203869883772e-05,1871.0358045710018
29450,60313600,2.401284694671631,,,3.229489087125199e-05,1871.6186556989996
29460,60334080,2.4438893795013428,,,3.226953440226694e-05,1872.1661454000023
29470,60354560,2.3298168182373047,,,3.224431760810507e-05,1872.8760157180004
29480,60375040,2.3902173042297363,,,3.221924051530257e-05,1873.4463073430015
29490,60395520,2.607703685760498,,,3.2194303150248526e-05,1874.1293047860017
29500,60416000,2.047839879989624,2.222958558797836,9.2346116315956,3.2169505539184994e-05,1875.0424929520013
29510,60436480,2.125417709350586,,,3.2144847708207e-05,1875.9015965069993
29520,60456960,2.5665159225463867,,,3.212032968326244e-05,1876.6169448399996
29530,60477440,2.3207995891571045,,,3.209595149015211e-05,1877.0906284400007
29540,60497920,2.1894397735595703,,,3.207171315452962e-05,1877.685940530002
29550,60518400,2.077388286590576,,,3.204761470190149e-05,1878.2352876699988
29560,60538880,2.1256263256073,,,3.202365615762696e-05,1878.7456601529993
29570,60559360,2.0608103275299072,,,3.1999837546918054e-05,1879.3866453480005
29580,60579840,2.436380624771118,,,3.197615889483957e-05,1879.8746796779997
29590,60600320,2.44431209564209,,,3.195262022630903e-05,1880.5090175820005
29600,60620800,2.4637961387634277,2.22369105219841,9.241378401677265,3.192922156609657e-05,1881.3908590680003
29610,60641280,2.33078932762146,,,3.19059629388251e-05,1881.8830926789997
29620,60661760,2.253358840942383,,,3.18828443689701e-05,1882.3863757159997
29630,60682240,2.1241931915283203,,,3.185986588085971e-05,1882.8755701279988
29640,60702720,2.1836891174316406,,,3.183702749867459e-05,1883.3474294270018
29650,60723200,2.133727550506592,,,3.181432924644806e-05,1883.988868403001
29660,60743680,2.568881034851074,,,3.179177114806589e-05,1884.5497544649988
29670,60764160,2.3640921115875244,,,3.1769353227266433e-05,1885.2743643239992
29680,60784640,2.619899272918701,,,3.174707550764046e-05,1885.796899563
29690,60805120,2.3950157165527344,,,3.1724938012631276e-05,1886.3877680719997
29700,60825600,2.2030296325683594,2.222978985309601,9.234800264425285,3.170294076553457e-05,1887.1917556420012
29710,60846080,2.2954883575439453,,,3.168108378949849e-05,1887.712246498002
29720,60866560,2.5307564735412598,,,3.165936710752353e-05,1888.3151483110014
29730,60887040,2.289348840713501,,,3.16377907424626e-05,1889.1224755900002
29740,60907520,2.1674327850341797,,,3.16163547170209e-05,1889.660319642
29750,60928000,2.3314738273620605,,,3.159505905375598e-05,1890.212637165001
29760,60948480,2.3026819229125977,,,3.157390377507768e-05,1890.7435919980016
29770,60968960,2.180086612701416,,,3.1552888903248106e-05,1891.2903713180021
29780,60989440,2.5586891174316406,,,3.153201446038162e-05,1891.814254375
29790,61009920,2.238435983657837,,,3.1511280468444764e-05,1892.3737888630021
29800,61030400,2.1646618843078613,2.224006712436676,9.244295997845768,3.149068694925636e-05,1893.2044672039992
29810,61050880,2.2602837085723877,,,3.147023392448735e-05,1893.8022653100015
29820,61071360,2.2199835777282715,,,3.1449921415660835e-05,1894.3684249010003
29830,61091840,2.363551616668701,,,3.142974944415207e-05,1894.881747874002
29840,61112320,2.3176984786987305,,,3.140971803118841e-05,1895.4499369350015
29850,61132800,2.1569161415100098,,,3.138982719784929e-05,1896.0302798609991
29860,61153280,2.211205005645752,,,3.137007696506621e-05,1896.6738264640007
29870,61173760,2.2903623580932617,,,3.135046735362274e-05,1897.2589331300005
29880,61194240,2.141143798828125,,,3.1330998384154436e-05,1897.9468510180013
29890,61214720,2.1888694763183594,,,3.131167007714888e-05,1898.4261470230012
29900,61235200,2.104428768157959,2.223393273353577,9.238626924378343,3.129248245294561e-05,1899.5698113750004
29910,61255680,2.2324676513671875,,,3.127343553173612e-05,1900.0863298160002
29920,61276160,2.331421136856079,,,3.12545293335639e-05,1900.5828184720012
29930,61296640,2.4560532569885254,,,3.123576387832425e-05,1901.326731035002
29940,61317120,2.3240575790405273,,,3.121713918576445e-05,1902.130872089001
29950,61337600,2.1428794860839844,,,3.119865527548362e-05,1902.8266393500016
29960,61358080,2.1924991607666016,,,3.1180312166932735e-05,1903.4916993240004
29970,61378560,2.296030044555664,,,3.1162109879414606e-05,1904.0466119640005
29980,61399040,2.2579522132873535,,,3.114404843208382e-05,1904.5907629380017
29990,61419520,2.427048683166504,,,3.112612784394682e-05,1905.1443535350008
30000,61440000,2.259033203125,2.2223838210105895,9.229305676252947,3.1108348133861787e-05,1906.041031408
30010,61460480,2.5981884002685547,,,3.109070932053863e-05,1907.0038009410018
30020,61480960,2.2490625381469727,,,3.1073211422539e-05,1907.7708711939995
30030,61501440,2.2719573974609375,,,3.10558544582763e-05,1908.3573220959988
30040,61521920,2.3266873359680176,,,3.103863844601561e-05,1909.0009848850023
30050,61542400,2.513178825378418,,,3.102156340387363e-05,1909.6409855419988
30060,61562880,2.0562429428100586,,,3.1004629349818784e-05,1910.1920332920017
30070,61583360,2.1375608444213867,,,3.098783630167109e-05,1910.8276387510014
30080,61603840,2.372246026992798,,,3.09711842771022e-05,1911.360567546999
30090,61624320,2.060063362121582,,,3.095467329363537e-05,1911.8503807689995
30100,61644800,2.325498580932617,2.2220031142234804,9.225792685693799,3.093830336864541e-05,1912.746913474999
30110,61665280,2.2267603874206543,,,3.092207451935873e-05,1913.300748302001
30120,61685760,2.0879225730895996,,,3.090598676285322e-05,1913.9010711779993
30130,61706240,2.1915283203125,,,3.0890040116058374e-05,1914.6051092689995
30140,61726720,2.329342842102051,,,3.087423459575513e-05,1915.122260234999
30150,61747200,2.5325608253479004,,,3.085857021857596e-05,1915.6987015910017
30160,61767680,2.2671854496002197,,,3.084304700100478e-05,1916.2413892969998
30170,61788160,2.3331081867218018,,,3.082766495937697e-05,1916.8386729000013
30180,61808640,2.2031140327453613,,,3.081242410987935e-05,1917.3522994470004
30190,61829120,2.0725855827331543,,,3.079732446855016e-05,1917.997169825001
30200,61849600,2.447434186935425,2.222420871257782,9.229647630644376,3.0782366051279055e-05,1918.893205755001
30210,61870080,2.0939760208129883,,,3.076754887380703e-05,1919.4395549719993
30220,61890560,2.5357532501220703,,,3.075287295172652e-05,1920.1612546780016
30230,61911040,2.3159139156341553,,,3.073833830048128e-05,1920.8994059590004
30240,61931520,2.458875894546509,,,3.072394493536639e-05,1921.4786278089996
30250,61952000,2.5558037757873535,,,3.070969287152825e-05,1922.1165499570016
30260,61972480,2.159162998199463,,,3.069558212396462e-05,1922.6684256270019
30270,61992960,2.6327333450317383,,,3.068161270752448e-05,1923.2201157669988
30280,62013440,2.364866018295288,,,3.066778463690814e-05,1923.8534010129988
30290,62033920,2.157264471054077,,,3.065409792666711e-05,1924.4730596129994
30300,62054400,2.1156675815582275,2.2214405655860903,9.220604188117568,3.0640552591204204e-05,1925.5830505949998
30310,62074880,2.2664546966552734,,,3.0627148644773434e-05,1926.392313163
30320,62095360,2.2852067947387695,,,3.0613886101480046e-05,1927.0567651849997
30330,62115840,2.3396828174591064,,,3.060076497528043e-05,1927.7161228930017
30340,62136320,2.135007619857788,,,3.058778527998225e-05,1928.2905502180001
30350,62156800,2.1223597526550293,,,3.0574947029244246e-05,1928.9852406970022
30360,62177280,1.9492716789245605,,,3.0562250236576384e-05,1929.604408907002
30370,62197760,2.295257091522217,,,3.0549694915339724e-05,1930.1245360489993
30380,62218240,1.9619801044464111,,,3.053728107874648e-05,1930.620780759
30390,62238720,2.24570894241333,,,3.052500873985998e-05,1931.145467811999
30400,62259200,2.2237303256988525,2.2219512104988097,9.225313845117284,3.051287791159464e-05,1931.864575746
30410,62279680,2.3789243698120117,,,3.050088860671595e-05,1932.4877545380004
30420,62300160,2.3883605003356934,,,3.04890408378405e-05,1933.2724569130005
30430,62320640,2.0948243141174316,,,3.0477334617435922e-05,1933.914682720002
30440,62341120,2.076887845993042,,,3.046576995782089e-05,1934.4936684950007
30450,62361600,2.218984603881836,,,3.0454346871165112e-05,1935.1395385610012
30460,62382080,2.0900704860687256,,,3.0443065369489352e-05,1935.6653202720008
30470,62402560,2.56984281539917,,,3.0431925464665325e-05,1936.1145101930015
30480,62423040,2.5031628608703613,,,3.0420927168415767e-05,1936.7571190849994
30490,62443520,2.328277111053467,,,3.041007049231441e-05,1937.271459481999
30500,62464000,2.475587844848633,2.221557879447937,9.221685956255394,3.0399355447785952e-05,1938.1516945930016
30510,62484480,2.4297189712524414,,,3.038878204610601e-05,1939.1371620220016
30520,62504960,2.2859349250793457,,,3.0378350298401186e-05,1939.952142598002
30530,62525440,2.1749541759490967,,,3.0368060215649044e-05,1940.4751258260003
30540,62545920,1.9927806854248047,,,3.0357911808677994e-05,1941.0879637159996
30550,62566400,2.169933319091797,,,3.0347905088167404e-05,1941.6533478429992
30560,62586880,2.3839306831359863,,,3.0338040064647556e-05,1942.1462672000016
30570,62607360,2.203916072845459,,,3.032831674849961e-05,1942.7836782400009
30580,62627840,2.4595375061035156,,,3.0318735149955583e-05,1943.290087108002
30590,62648320,2.1129934787750244,,,3.030929527909837e-05,1943.8869633760005
30600,62668800,2.324326276779175,2.220450782775879,9.211482307677336,3.0299997145861743e-05,1944.8944532540008
30610,62689280,2.194333076477051,,,3.0290840760030294e-05,1945.4123109499997
30620,62709760,2.1792471408843994,,,3.0281826131239485e-05,1945.8530897210003
30630,62730240,2.2822928428649902,,,3.027295326897556e-05,1946.3512388939998
30640,62750720,2.310647487640381,,,3.0264222182575615e-05,1946.9515164080003
30650,62771200,2.3118247985839844,,,3.0255632881227538e-05,1947.5766125490009
30660,62791680,2.1637449264526367,,,3.0247185373970013e-05,1948.1597020459994
30670,62812160,2.4925928115844727,,,3.0238879669692524e-05,1948.8096874370021
30680,62832640,1.987114429473877,,,3.023071577713531e-05,1949.4366462670005
30690,62853120,2.288482427597046,,,3.02226937048894e-05,1950.0113011860012
30700,62873600,2.196199417114258,2.220659410953522,9.213404282926703,3.0214813461396573e-05,1950.9786621660023
30710,62894080,2.208631753921509,,,3.0207075054949368e-05,1951.5915439669989
30720,62914560,2.5868732929229736,,,3.0199478493691043e-05,1952.2336353070023
30730,62935040,2.284905433654785,,,3.0192023785615623e-05,1952.8344203240013
30740,62955520,2.1148858070373535,,,3.0184710938567823e-05,1953.3675889330007
30750,62976000,2.295867443084717,,,3.017753996024311e-05,1953.866597766999
30760,62996480,2.0462753772735596,,,3.0170510858187642e-05,1954.511549226001
30770,63016960,2.2280561923980713,,,3.0163623639798263e-05,1955.0133609600016
30780,63037440,2.186830520629883,,,3.015687831232254e-05,1955.5232776820012
30790,63057920,2.2985751628875732,,,3.0150274882858694e-05,1956.034374930001
30800,63078400,2.2007951736450195,2.219219470024109,9.200147072091392,3.014381335835566e-05,1956.8959587040008
30810,63098880,2.410170555114746,,,3.013749374561302e-05,1957.425887931
30820,63119360,2.1347012519836426,,,3.0131316051281012e-05,1957.931858210999
30830,63139840,2.2186527252197266,,,3.012528028186055e-05,1958.8498609820017
30840,63160320,2.172165870666504,,,3.01193864437032e-05,1959.4022032380017
30850,63180800,2.126094341278076,,,3.0113634543011158e-05,1960.0000511559992
30860,63201280,2.344266891479492,,,3.0108024585837246e-05,1960.631292844002
30870,63221760,2.300128936767578,,,3.010255657808494e-05,1961.16176223
30880,63242240,2.287123203277588,,,3.009723052550832e-05,1961.7556292420013
30890,63262720,2.1588077545166016,,,3.0092046433712106e-05,1962.3509142879993
30900,63283200,2.1019442081451416,2.217889207601547,9.187916598832427,3.0087004308151616e-05,1963.2716893950019
30910,63303680,2.235043525695801,,,3.008210415413278e-05,1963.8980282670018
30920,63324160,2.083343982696533,,,3.0077345976812104e-05,1964.416578520002
30930,63344640,2.1673407554626465,,,3.0072729781196736e-05,1964.929277438001
30940,63365120,2.3231606483459473,,,3.0068255572144374e-05,1965.5234602400014
30950,63385600,2.2296295166015625,,,3.006392335436331e-05,1966.1950346470003
30960,63406080,2.1146068572998047,,,3.0059733132412425e-05,1966.8111849160014
30970,63426560,2.257218837738037,,,3.0055684910701172e-05,1967.3502261210015
30980,63447040,2.356161594390869,,,3.0051778693489556e-05,1967.885856208999
30990,63467520,2.184544563293457,,,3.0048014484888204e-05,1968.5066925760002
31000,63488000,2.2974977493286133,2.218290019035339,9.191599958975086,3.0044392288858226e-05,1969.3986478129991
31010,63508480,2.209388017654419,,,3.004091210921134e-05,1970.5557754239999
31020,63528960,2.479436159133911,,,3.0037573949609828e-05,1971.0568854070007
31030,63549440,2.506192445755005,,,3.0034377813566468e-05,1971.5528970689993
31040,63569920,2.349891185760498,,,3.0031323704444628e-05,1972.0975095790018
31050,63590400,2.1147007942199707,,,3.0028411625458194e-05,1972.6800274170018
31060,63610880,2.070983648300171,,,3.002564157967164e-05,1973.240897923999
31070,63631360,2.360851526260376,,,3.0023013569999894e-05,1973.8005224200024
31080,63651840,2.4944443702697754,,,3.002052759920849e-05,1974.4267451650012
31090,63672320,2.3857312202453613,,,3.0018183669913442e-05,1975.040168296
31100,63692800,2.2119452953338623,2.218512511253357,9.193645245958873,3.0015981784581333e-05,1975.9537407880016
31110,63713280,2.249770164489746,,,3.0013921945529247e-05,1976.4472300380003
31120,63733760,2.232156276702881,,,3.001200415492478e-05,1976.9825157310006
31130,63754240,2.1391048431396484,,,3.001022841478605e-05,1977.5312570630012
31140,63774720,2.3338563442230225,,,3.000859472698174e-05,1978.1710668170017
31150,63795200,1.9847968816757202,,,3.000710309323097e-05,1978.7111392660008
31160,63815680,2.233661651611328,,,3.0005753515103447e-05,1979.3380111369988
31170,63836160,2.356614112854004,,,3.0004545994019334e-05,1979.8657793740022
31180,63856640,2.5617308616638184,,,3.000348053124934e-05,1980.3951621590022
31190,63877120,2.0926413536071777,,,3.0002557127914683e-05,1980.888389775002
31200,63897600,2.191361665725708,2.2164366602897645,9.17458040334819,3.000177578498705e-05,1981.7393538180004
31210,63918080,2.2096023559570312,,,3.0001136503288686e-05,1982.3400299630011
31220,63938560,2.3589324951171875,,,3.0000639283492314e-05,1982.8749752559997
31230,63959040,2.2237777709960938,,,3.0000284126121157e-05,1983.321232008002
31240,63979520,2.0165302753448486,,,3.0000071031548984e-05,1983.8424007870017
31250,64000000,2.245671272277832,2.2164912104606627,9.175080891927855,3e-05,1984.598654616002
