2026-10-01 10:15:24,407 32m_32mtoken: parameters=30693888, target steps=15625, processed tokens=32000000, resume step=0
2026-10-01 10:15:24,590 step=1 train=9.21034 val=None lr=9.61538e-07
2026-10-01 10:15:25,617 step=10 train=9.21033 val=None lr=9.61538e-06
2026-10-01 10:15:26,809 step=20 train=9.21031 val=None lr=1.92308e-05
2026-10-01 10:15:28,015 step=30 train=9.21027 val=None lr=2.88462e-05
2026-10-01 10:15:29,119 step=40 train=9.21021 val=None lr=3.84615e-05
2026-10-01 10:15:30,259 step=50 train=9.21009 val=None lr=4.80769e-05
2026-10-01 10:15:31,391 step=60 train=9.20989 val=None lr=5.76923e-05
2026-10-01 10:15:32,499 step=70 train=9.20952 val=None lr=6.73077e-05
2026-10-01 10:15:33,830 step=80 train=9.20898 val=None lr=7.69231e-05
2026-10-01 10:15:35,072 step=90 train=9.20837 val=None lr=8.65385e-05
2026-10-01 10:15:37,219 step=100 train=9.20704 val=9.206952714920044 lr=9.61538e-05
2026-10-01 10:15:38,586 step=110 train=9.20541 val=None lr=0.000105769
2026-10-01 10:15:39,873 step=120 train=9.20315 val=None lr=0.000115385
2026-10-01 10:15:41,123 step=130 train=9.20037 val=None lr=0.000125
2026-10-01 10:15:42,372 step=140 train=9.19714 val=None lr=0.000134615
2026-10-01 10:15:43,617 step=150 train=9.19097 val=None lr=0.000144231
2026-10-01 10:15:44,849 step=160 train=9.18345 val=None lr=0.000153846
2026-10-01 10:15:46,062 step=170 train=9.17152 val=None lr=0.000163462
2026-10-01 10:15:47,231 step=180 train=9.13507 val=None lr=0.000173077
2026-10-01 10:15:48,507 step=190 train=9.08889 val=None lr=0.000182692
2026-10-01 10:15:50,783 step=200 train=9.03186 val=9.029057168960572 lr=0.000192308
2026-10-01 10:15:50,564 step=210 train=8.97294 val=None lr=0.000201923
2026-10-01 10:15:51,693 step=220 train=8.90557 val=None lr=0.000211538
2026-10-01 10:15:53,120 step=230 train=8.84627 val=None lr=0.000221154
2026-10-01 10:15:54,731 step=240 train=8.76048 val=None lr=0.000230769
2026-10-01 10:15:55,992 step=250 train=8.67004 val=None lr=0.000240385
2026-10-01 10:15:57,367 step=260 train=8.55284 val=None lr=0.00025
2026-10-01 10:15:58,602 step=270 train=8.43944 val=None lr=0.000259615
2026-10-01 10:15:59,793 step=280 train=8.32788 val=None lr=0.000269231
2026-10-01 10:16:00,950 step=290 train=8.17428 val=None lr=0.000278846
2026-10-01 10:16:03,566 step=300 train=7.99314 val=7.996810793876648 lr=0.000288462
2026-10-01 10:16:04,752 step=310 train=7.83736 val=None lr=0.000298077
2026-10-01 10:16:05,904 step=320 train=7.67122 val=None lr=0.0003
2026-10-01 10:16:07,069 step=330 train=7.56466 val=None lr=0.000299999
2026-10-01 10:16:08,264 step=340 train=7.36482 val=None lr=0.000299998
2026-10-01 10:16:09,360 step=350 train=7.15196 val=None lr=0.000299996
2026-10-01 10:16:10,514 step=360 train=6.93536 val=None lr=0.000299993
2026-10-01 10:16:11,746 step=370 train=6.87466 val=None lr=0.00029999
2026-10-01 10:16:12,978 step=380 train=6.73433 val=None lr=0.000299987
2026-10-01 10:16:14,205 step=390 train=6.57699 val=None lr=0.000299983
2026-10-01 10:16:16,471 step=400 train=6.32983 val=6.405145597457886 lr=0.000299978
2026-10-01 10:16:17,663 step=410 train=6.39143 val=None lr=0.000299973
2026-10-01 10:16:18,914 step=420 train=6.31381 val=None lr=0.000299967
2026-10-01 10:16:20,045 step=430 train=6.15287 val=None lr=0.00029996
2026-10-01 10:16:21,350 step=440 train=6.04264 val=None lr=0.000299953
2026-10-01 10:16:21,377 step=450 train=5.94409 val=None lr=0.000299946
2026-10-01 10:16:22,673 step=460 train=6.02025 val=None lr=0.000299938
2026-10-01 10:16:23,839 step=470 train=5.98089 val=None lr=0.000299929
2026-10-01 10:16:25,023 step=480 train=5.91061 val=None lr=0.00029992
2026-10-01 10:16:26,163 step=490 train=5.87153 val=None lr=0.00029991
2026-10-01 10:16:28,537 step=500 train=5.69948 val=5.731761050224304 lr=0.0002999
2026-10-01 10:16:30,908 step=510 train=5.81245 val=None lr=0.000299889
2026-10-01 10:16:32,277 step=520 train=5.54173 val=None lr=0.000299877
2026-10-01 10:16:33,608 step=530 train=5.64071 val=None lr=0.000299865
2026-10-01 10:16:34,719 step=540 train=5.43788 val=None lr=0.000299852
2026-10-01 10:16:35,918 step=550 train=5.66374 val=None lr=0.000299839
2026-10-01 10:16:37,088 step=560 train=5.37041 val=None lr=0.000299825
2026-10-01 10:16:38,330 step=570 train=5.45107 val=None lr=0.000299811
2026-10-01 10:16:39,563 step=580 train=5.36869 val=None lr=0.000299796
2026-10-01 10:16:40,842 step=590 train=5.36574 val=None lr=0.00029978
2026-10-01 10:16:43,342 step=600 train=5.27380 val=5.217423510551453 lr=0.000299764
2026-10-01 10:16:44,630 step=610 train=5.24227 val=None lr=0.000299748
2026-10-01 10:16:45,882 step=620 train=5.01856 val=None lr=0.000299731
2026-10-01 10:16:47,112 step=630 train=5.15046 val=None lr=0.000299713
2026-10-01 10:16:48,293 step=640 train=5.01793 val=None lr=0.000299694
2026-10-01 10:16:49,563 step=650 train=5.18883 val=None lr=0.000299676
2026-10-01 10:16:51,043 step=660 train=5.03681 val=None lr=0.000299656
2026-10-01 10:16:52,320 step=670 train=5.05013 val=None lr=0.000299636
2026-10-01 10:16:52,246 step=680 train=4.86557 val=None lr=0.000299615
2026-10-01 10:16:53,868 step=690 train=5.00960 val=None lr=0.000299594
2026-10-01 10:16:56,251 step=700 train=4.60846 val=4.7159229755401615 lr=0.000299573
2026-10-01 10:16:57,741 step=710 train=4.61753 val=None lr=0.00029955
2026-10-01 10:16:59,099 step=720 train=4.68339 val=None lr=0.000299527
2026-10-01 10:17:00,458 step=730 train=4.71877 val=None lr=0.000299504
2026-10-01 10:17:01,748 step=740 train=4.42989 val=None lr=0.00029948
2026-10-01 10:17:03,138 step=750 train=4.68385 val=None lr=0.000299455
2026-10-01 10:17:04,535 step=760 train=4.46019 val=None lr=0.00029943
2026-10-01 10:17:05,657 step=770 train=4.45029 val=None lr=0.000299404
2026-10-01 10:17:06,898 step=780 train=4.52919 val=None lr=0.000299378
2026-10-01 10:17:08,089 step=790 train=4.56977 val=None lr=0.000299351
2026-10-01 10:17:10,506 step=800 train=4.61855 val=4.365212249755859 lr=0.000299324
2026-10-01 10:17:11,705 step=810 train=4.43551 val=None lr=0.000299296
2026-10-01 10:17:12,877 step=820 train=4.52401 val=None lr=0.000299267
2026-10-01 10:17:14,139 step=830 train=4.22097 val=None lr=0.000299238
2026-10-01 10:17:15,550 step=840 train=4.53241 val=None lr=0.000299209
2026-10-01 10:17:16,874 step=850 train=4.31028 val=None lr=0.000299179
2026-10-01 10:17:18,236 step=860 train=4.30143 val=None lr=0.000299148
2026-10-01 10:17:19,558 step=870 train=4.33997 val=None lr=0.000299116
2026-10-01 10:17:20,792 step=880 train=4.16469 val=None lr=0.000299084
2026-10-01 10:17:21,957 step=890 train=4.34960 val=None lr=0.000299052
2026-10-01 10:17:24,178 step=900 train=4.39799 val=4.1692325353622435 lr=0.000299019
2026-10-01 10:17:23,907 step=910 train=4.12934 val=None lr=0.000298985
2026-10-01 10:17:25,243 step=920 train=4.27710 val=None lr=0.000298951
2026-10-01 10:17:26,457 step=930 train=4.21028 val=None lr=0.000298916
2026-10-01 10:17:27,683 step=940 train=3.98147 val=None lr=0.000298881
2026-10-01 10:17:28,993 step=950 train=3.97665 val=None lr=0.000298845
2026-10-01 10:17:30,469 step=960 train=4.04571 val=None lr=0.000298809
2026-10-01 10:17:31,828 step=970 train=4.36510 val=None lr=0.000298772
2026-10-01 10:17:33,173 step=980 train=4.27046 val=None lr=0.000298734
2026-10-01 10:17:34,367 step=990 train=4.06019 val=None lr=0.000298696
2026-10-01 10:17:36,610 step=1000 train=4.07354 val=4.057819521427154 lr=0.000298657
2026-10-01 10:17:39,399 step=1010 train=4.15397 val=None lr=0.000298618
2026-10-01 10:17:40,860 step=1020 train=4.37993 val=None lr=0.000298578
2026-10-01 10:17:42,045 step=1030 train=3.97041 val=None lr=0.000298538
2026-10-01 10:17:43,261 step=1040 train=3.94799 val=None lr=0.000298497
2026-10-01 10:17:44,377 step=1050 train=3.94673 val=None lr=0.000298456
2026-10-01 10:17:45,486 step=1060 train=3.72852 val=None lr=0.000298414
2026-10-01 10:17:46,633 step=1070 train=3.87800 val=None lr=0.000298371
2026-10-01 10:17:47,913 step=1080 train=3.80022 val=None lr=0.000298328
2026-10-01 10:17:49,099 step=1090 train=4.21266 val=None lr=0.000298284
2026-10-01 10:17:51,702 step=1100 train=3.89894 val=3.9855285048484803 lr=0.00029824
2026-10-01 10:17:53,009 step=1110 train=4.25020 val=None lr=0.000298195
2026-10-01 10:17:54,188 step=1120 train=3.96887 val=None lr=0.000298149
2026-10-01 10:17:54,461 step=1130 train=3.93971 val=None lr=0.000298103
2026-10-01 10:17:55,803 step=1140 train=4.07850 val=None lr=0.000298057
2026-10-01 10:17:57,140 step=1150 train=4.02756 val=None lr=0.00029801
2026-10-01 10:17:58,371 step=1160 train=4.14085 val=None lr=0.000297962
2026-10-01 10:17:59,703 step=1170 train=4.02832 val=None lr=0.000297914
2026-10-01 10:18:01,078 step=1180 train=4.03702 val=None lr=0.000297865
2026-10-01 10:18:02,285 step=1190 train=3.83076 val=None lr=0.000297816
2026-10-01 10:18:04,771 step=1200 train=4.16233 val=3.9328689575195312 lr=0.000297766
2026-10-01 10:18:06,132 step=1210 train=4.19892 val=None lr=0.000297715
2026-10-01 10:18:07,636 step=1220 train=4.18563 val=None lr=0.000297664
2026-10-01 10:18:09,049 step=1230 train=4.06652 val=None lr=0.000297613
2026-10-01 10:18:10,479 step=1240 train=4.03145 val=None lr=0.000297561
2026-10-01 10:18:11,803 step=1250 train=3.82728 val=None lr=0.000297508
2026-10-01 10:18:13,245 step=1260 train=3.72272 val=None lr=0.000297455
2026-10-01 10:18:14,536 step=1270 train=3.84245 val=None lr=0.000297401
2026-10-01 10:18:15,936 step=1280 train=3.88005 val=None lr=0.000297347
2026-10-01 10:18:17,222 step=1290 train=3.89717 val=None lr=0.000297292
2026-10-01 10:18:19,476 step=1300 train=3.87289 val=3.886717510223389 lr=0.000297236
2026-10-01 10:18:20,943 step=1310 train=3.87902 val=None lr=0.00029718
2026-10-01 10:18:22,542 step=1320 train=4.12403 val=None lr=0.000297124
2026-10-01 10:18:23,755 step=1330 train=4.00447 val=None lr=0.000297066
2026-10-01 10:18:25,043 step=1340 train=3.89659 val=None lr=0.000297009
2026-10-01 10:18:26,309 step=1350 train=3.65533 val=None lr=0.00029695
2026-10-01 10:18:26,204 step=1360 train=3.81132 val=None lr=0.000296892
2026-10-01 10:18:27,494 step=1370 train=3.83531 val=None lr=0.000296832
2026-10-01 10:18:28,599 step=1380 train=3.87490 val=None lr=0.000296772
2026-10-01 10:18:29,913 step=1390 train=3.84135 val=None lr=0.000296712
2026-10-01 10:18:32,131 step=1400 train=3.92800 val=3.8328550815582276 lr=0.000296651
2026-10-01 10:18:33,322 step=1410 train=3.86010 val=None lr=0.000296589
2026-10-01 10:18:34,620 step=1420 train=3.74162 val=None lr=0.000296527
2026-10-01 10:18:35,908 step=1430 train=3.83820 val=None lr=0.000296464
2026-10-01 10:18:37,409 step=1440 train=3.83425 val=None lr=0.000296401
2026-10-01 10:18:38,782 step=1450 train=3.89742 val=None lr=0.000296337
2026-10-01 10:18:39,979 step=1460 train=3.80697 val=None lr=0.000296273
2026-10-01 10:18:41,205 step=1470 train=3.74411 val=None lr=0.000296208
2026-10-01 10:18:42,512 step=1480 train=3.72297 val=None lr=0.000296143
2026-10-01 10:18:43,645 step=1490 train=3.80012 val=None lr=0.000296077
2026-10-01 10:18:45,759 step=1500 train=3.92789 val=3.7687901139259337 lr=0.00029601
2026-10-01 10:18:48,053 step=1510 train=3.94154 val=None lr=0.000295943
2026-10-01 10:18:49,517 step=1520 train=3.79305 val=None lr=0.000295875
2026-10-01 10:18:50,654 step=1530 train=3.85286 val=None lr=0.000295807
2026-10-01 10:18:52,156 step=1540 train=3.82381 val=None lr=0.000295738
2026-10-01 10:18:53,409 step=1550 train=3.57319 val=None lr=0.000295669
2026-10-01 10:18:54,632 step=1560 train=3.46505 val=None lr=0.000295599
2026-10-01 10:18:55,894 step=1570 train=4.19953 val=None lr=0.000295529
2026-10-01 10:18:57,147 step=1580 train=3.62896 val=None lr=0.000295458
2026-10-01 10:18:57,110 step=1590 train=3.79721 val=None lr=0.000295386
2026-10-01 10:18:59,922 step=1600 train=3.63742 val=3.6850971221923827 lr=0.000295314
2026-10-01 10:19:01,343 step=1610 train=3.75407 val=None lr=0.000295242
2026-10-01 10:19:02,557 step=1620 train=3.58152 val=None lr=0.000295168
2026-10-01 10:19:03,955 step=1630 train=3.33874 val=None lr=0.000295095
2026-10-01 10:19:05,066 step=1640 train=3.38998 val=None lr=0.00029502
2026-10-01 10:19:06,322 step=1650 train=3.86550 val=None lr=0.000294946
2026-10-01 10:19:07,565 step=1660 train=3.63581 val=None lr=0.00029487
2026-10-01 10:19:08,748 step=1670 train=3.68356 val=None lr=0.000294794
2026-10-01 10:19:10,393 step=1680 train=3.76654 val=None lr=0.000294718
2026-10-01 10:19:11,835 step=1690 train=3.77866 val=None lr=0.000294641
2026-10-01 10:19:14,151 step=1700 train=3.74983 val=3.6009437084197997 lr=0.000294563
2026-10-01 10:19:15,404 step=1710 train=3.62990 val=None lr=0.000294485
2026-10-01 10:19:16,522 step=1720 train=3.40646 val=None lr=0.000294407
2026-10-01 10:19:17,686 step=1730 train=3.63519 val=None lr=0.000294328
2026-10-01 10:19:18,781 step=1740 train=3.55160 val=None lr=0.000294248
2026-10-01 10:19:19,933 step=1750 train=3.76792 val=None lr=0.000294168
2026-10-01 10:19:21,027 step=1760 train=3.75156 val=None lr=0.000294087
2026-10-01 10:19:22,369 step=1770 train=3.60223 val=None lr=0.000294005
2026-10-01 10:19:23,587 step=1780 train=3.87133 val=None lr=0.000293924
2026-10-01 10:19:24,821 step=1790 train=3.70263 val=None lr=0.000293841
2026-10-01 10:19:27,078 step=1800 train=3.73664 val=3.5362141251564028 lr=0.000293758
2026-10-01 10:19:28,257 step=1810 train=3.72994 val=None lr=0.000293675
2026-10-01 10:19:28,078 step=1820 train=3.79475 val=None lr=0.000293591
2026-10-01 10:19:29,235 step=1830 train=3.29004 val=None lr=0.000293506
2026-10-01 10:19:30,333 step=1840 train=3.51781 val=None lr=0.000293421
2026-10-01 10:19:31,533 step=1850 train=3.35729 val=None lr=0.000293335
2026-10-01 10:19:32,692 step=1860 train=3.55512 val=None lr=0.000293249
2026-10-01 10:19:33,948 step=1870 train=3.27370 val=None lr=0.000293162
2026-10-01 10:19:35,201 step=1880 train=3.54584 val=None lr=0.000293075
2026-10-01 10:19:36,343 step=1890 train=3.89259 val=None lr=0.000292987
2026-10-01 10:19:38,658 step=1900 train=3.33887 val=3.4758862972259523 lr=0.000292899
2026-10-01 10:19:39,996 step=1910 train=3.66628 val=None lr=0.00029281
2026-10-01 10:19:41,292 step=1920 train=3.35317 val=None lr=0.00029272
2026-10-01 10:19:42,589 step=1930 train=3.52114 val=None lr=0.00029263
2026-10-01 10:19:43,756 step=1940 train=3.57880 val=None lr=0.00029254
2026-10-01 10:19:45,059 step=1950 train=3.36897 val=None lr=0.000292449
2026-10-01 10:19:46,288 step=1960 train=3.66129 val=None lr=0.000292357
2026-10-01 10:19:47,560 step=1970 train=3.54218 val=None lr=0.000292265
2026-10-01 10:19:49,000 step=1980 train=3.57455 val=None lr=0.000292172
2026-10-01 10:19:50,284 step=1990 train=3.16154 val=None lr=0.000292079
2026-10-01 10:19:52,650 step=2000 train=3.63218 val=3.4217018604278566 lr=0.000291985
2026-10-01 10:19:55,179 step=2010 train=3.53506 val=None lr=0.000291891
2026-10-01 10:19:56,410 step=2020 train=3.44506 val=None lr=0.000291796
2026-10-01 10:19:57,857 step=2030 train=3.24926 val=None lr=0.000291701
2026-10-01 10:19:59,138 step=2040 train=3.58110 val=None lr=0.000291605
2026-10-01 10:19:59,160 step=2050 train=3.52338 val=None lr=0.000291509
2026-10-01 10:20:00,274 step=2060 train=3.34952 val=None lr=0.000291412
2026-10-01 10:20:01,635 step=2070 train=3.52891 val=None lr=0.000291314
2026-10-01 10:20:02,889 step=2080 train=3.47308 val=None lr=0.000291216
2026-10-01 10:20:04,134 step=2090 train=3.32236 val=None lr=0.000291118
2026-10-01 10:20:06,432 step=2100 train=3.33928 val=3.3719318747520446 lr=0.000291019
2026-10-01 10:20:07,594 step=2110 train=3.51430 val=None lr=0.000290919
2026-10-01 10:20:08,763 step=2120 train=3.22926 val=None lr=0.000290819
2026-10-01 10:20:10,024 step=2130 train=3.33278 val=None lr=0.000290718
2026-10-01 10:20:11,332 step=2140 train=3.22669 val=None lr=0.000290617
2026-10-01 10:20:12,522 step=2150 train=2.98655 val=None lr=0.000290515
2026-10-01 10:20:13,739 step=2160 train=3.54979 val=None lr=0.000290413
2026-10-01 10:20:15,074 step=2170 train=3.26752 val=None lr=0.00029031
2026-10-01 10:20:16,310 step=2180 train=3.38379 val=None lr=0.000290207
2026-10-01 10:20:17,502 step=2190 train=3.49071 val=None lr=0.000290103
2026-10-01 10:20:20,075 step=2200 train=3.21903 val=3.3301005482673647 lr=0.000289999
2026-10-01 10:20:21,451 step=2210 train=3.29766 val=None lr=0.000289894
2026-10-01 10:20:22,799 step=2220 train=3.40794 val=None lr=0.000289789
2026-10-01 10:20:24,257 step=2230 train=3.50636 val=None lr=0.000289683
2026-10-01 10:20:25,667 step=2240 train=3.32191 val=None lr=0.000289576
2026-10-01 10:20:26,930 step=2250 train=3.35922 val=None lr=0.000289469
2026-10-01 10:20:28,117 step=2260 train=3.21288 val=None lr=0.000289362
2026-10-01 10:20:29,449 step=2270 train=3.52215 val=None lr=0.000289254
2026-10-01 10:20:30,731 step=2280 train=3.28501 val=None lr=0.000289145
2026-10-01 10:20:30,701 step=2290 train=3.21446 val=None lr=0.000289036
2026-10-01 10:20:33,094 step=2300 train=3.37730 val=3.2829162001609804 lr=0.000288926
2026-10-01 10:20:34,414 step=2310 train=3.22176 val=None lr=0.000288816
2026-10-01 10:20:35,879 step=2320 train=3.71255 val=None lr=0.000288706
2026-10-01 10:20:37,169 step=2330 train=3.42830 val=None lr=0.000288595
2026-10-01 10:20:38,457 step=2340 train=3.12240 val=None lr=0.000288483
2026-10-01 10:20:39,991 step=2350 train=3.37819 val=None lr=0.000288371
2026-10-01 10:20:41,452 step=2360 train=3.46039 val=None lr=0.000288258
2026-10-01 10:20:42,734 step=2370 train=3.17495 val=None lr=0.000288145
2026-10-01 10:20:44,027 step=2380 train=3.47222 val=None lr=0.000288031
2026-10-01 10:20:45,390 step=2390 train=3.38104 val=None lr=0.000287917
2026-10-01 10:20:47,805 step=2400 train=3.22338 val=3.2481186747550965 lr=0.000287802
2026-10-01 10:20:49,137 step=2410 train=3.43122 val=None lr=0.000287687
2026-10-01 10:20:50,625 step=2420 train=3.13661 val=None lr=0.000287571
2026-10-01 10:20:52,034 step=2430 train=3.26581 val=None lr=0.000287454
2026-10-01 10:20:53,457 step=2440 train=3.38079 val=None lr=0.000287338
2026-10-01 10:20:54,983 step=2450 train=3.48324 val=None lr=0.00028722
2026-10-01 10:20:56,165 step=2460 train=3.06482 val=None lr=0.000287102
2026-10-01 10:20:57,335 step=2470 train=3.09294 val=None lr=0.000286984
2026-10-01 10:20:58,516 step=2480 train=3.40353 val=None lr=0.000286865
2026-10-01 10:20:59,948 step=2490 train=3.27383 val=None lr=0.000286746
2026-10-01 10:21:01,112 step=2500 train=3.26932 val=3.215515983104706 lr=0.000286626
2026-10-01 10:21:03,403 step=2510 train=3.44949 val=None lr=0.000286505
2026-10-01 10:21:04,568 step=2520 train=3.46968 val=None lr=0.000286384
2026-10-01 10:21:05,836 step=2530 train=3.13877 val=None lr=0.000286263
2026-10-01 10:21:06,970 step=2540 train=3.03984 val=None lr=0.000286141
2026-10-01 10:21:08,259 step=2550 train=3.26843 val=None lr=0.000286018
2026-10-01 10:21:09,465 step=2560 train=3.02196 val=None lr=0.000285895
2026-10-01 10:21:10,647 step=2570 train=3.23002 val=None lr=0.000285772
2026-10-01 10:21:11,786 step=2580 train=3.00783 val=None lr=0.000285648
2026-10-01 10:21:13,122 step=2590 train=3.25168 val=None lr=0.000285523
2026-10-01 10:21:15,383 step=2600 train=3.22857 val=3.1898122906684874 lr=0.000285398
2026-10-01 10:21:16,628 step=2610 train=3.41743 val=None lr=0.000285273
2026-10-01 10:21:17,895 step=2620 train=3.27918 val=None lr=0.000285147
2026-10-01 10:21:19,231 step=2630 train=3.41068 val=None lr=0.00028502
2026-10-01 10:21:20,518 step=2640 train=3.09281 val=None lr=0.000284893
2026-10-01 10:21:21,993 step=2650 train=3.13189 val=None lr=0.000284765
2026-10-01 10:21:23,565 step=2660 train=3.41847 val=None lr=0.000284637
2026-10-01 10:21:24,933 step=2670 train=3.06706 val=None lr=0.000284509
2026-10-01 10:21:26,201 step=2680 train=3.34608 val=None lr=0.00028438
2026-10-01 10:21:27,534 step=2690 train=3.50469 val=None lr=0.00028425
2026-10-01 10:21:29,892 step=2700 train=3.38681 val=3.161685287952423 lr=0.00028412
2026-10-01 10:21:31,076 step=2710 train=3.43722 val=None lr=0.00028399
2026-10-01 10:21:32,377 step=2720 train=3.37530 val=None lr=0.000283858
2026-10-01 10:21:32,349 step=2730 train=3.08245 val=None lr=0.000283727
2026-10-01 10:21:33,501 step=2740 train=3.06611 val=None lr=0.000283595
2026-10-01 10:21:34,783 step=2750 train=3.33708 val=None lr=0.000283462
2026-10-01 10:21:36,177 step=2760 train=3.27804 val=None lr=0.000283329
2026-10-01 10:21:37,553 step=2770 train=3.32062 val=None lr=0.000283196
2026-10-01 10:21:39,054 step=2780 train=3.24647 val=None lr=0.000283061
2026-10-01 10:21:40,309 step=2790 train=3.11328 val=None lr=0.000282927
2026-10-01 10:21:42,724 step=2800 train=3.16930 val=3.1315210700035094 lr=0.000282792
2026-10-01 10:21:44,384 step=2810 train=3.12308 val=None lr=0.000282656
2026-10-01 10:21:45,687 step=2820 train=3.11973 val=None lr=0.00028252
2026-10-01 10:21:47,507 step=2830 train=3.16712 val=None lr=0.000282384
2026-10-01 10:21:48,992 step=2840 train=3.26148 val=None lr=0.000282247
2026-10-01 10:21:50,213 step=2850 train=3.07264 val=None lr=0.000282109
2026-10-01 10:21:51,469 step=2860 train=3.23801 val=None lr=0.000281971
2026-10-01 10:21:52,710 step=2870 train=3.14620 val=None lr=0.000281833
2026-10-01 10:21:53,926 step=2880 train=2.99278 val=None lr=0.000281694
2026-10-01 10:21:55,175 step=2890 train=3.53937 val=None lr=0.000281554
2026-10-01 10:21:57,703 step=2900 train=3.32681 val=3.100251007080078 lr=0.000281414
2026-10-01 10:21:59,114 step=2910 train=3.15382 val=None lr=0.000281274
2026-10-01 10:22:00,549 step=2920 train=3.12713 val=None lr=0.000281133
2026-10-01 10:22:02,065 step=2930 train=2.99085 val=None lr=0.000280991
2026-10-01 10:22:03,677 step=2940 train=3.36521 val=None lr=0.000280849
2026-10-01 10:22:03,440 step=2950 train=3.14275 val=None lr=0.000280707
2026-10-01 10:22:04,665 step=2960 train=3.31424 val=None lr=0.000280564
2026-10-01 10:22:05,863 step=2970 train=3.49783 val=None lr=0.00028042
2026-10-01 10:22:07,077 step=2980 train=3.10613 val=None lr=0.000280276
2026-10-01 10:22:08,447 step=2990 train=2.88131 val=None lr=0.000280132
2026-10-01 10:22:10,828 step=3000 train=3.43368 val=3.0782071948051453 lr=0.000279987
2026-10-01 10:22:13,087 step=3010 train=2.99787 val=None lr=0.000279842
2026-10-01 10:22:14,366 step=3020 train=3.31777 val=None lr=0.000279696
2026-10-01 10:22:15,576 step=3030 train=2.92815 val=None lr=0.00027955
2026-10-01 10:22:16,839 step=3040 train=3.05341 val=None lr=0.000279403
2026-10-01 10:22:18,031 step=3050 train=3.35472 val=None lr=0.000279256
2026-10-01 10:22:19,234 step=3060 train=3.13436 val=None lr=0.000279108
2026-10-01 10:22:20,373 step=3070 train=2.95994 val=None lr=0.00027896
2026-10-01 10:22:21,692 step=3080 train=3.03722 val=None lr=0.000278811
2026-10-01 10:22:22,849 step=3090 train=3.00020 val=None lr=0.000278662
2026-10-01 10:22:25,132 step=3100 train=3.03270 val=3.0471624374389648 lr=0.000278512
2026-10-01 10:22:26,461 step=3110 train=3.33033 val=None lr=0.000278362
2026-10-01 10:22:27,773 step=3120 train=2.91485 val=None lr=0.000278211
2026-10-01 10:22:29,104 step=3130 train=3.22926 val=None lr=0.00027806
2026-10-01 10:22:30,418 step=3140 train=3.03605 val=None lr=0.000277909
2026-10-01 10:22:31,785 step=3150 train=3.23401 val=None lr=0.000277756
2026-10-01 10:22:33,152 step=3160 train=3.13647 val=None lr=0.000277604
2026-10-01 10:22:34,857 step=3170 train=3.06976 val=None lr=0.000277451
2026-10-01 10:22:35,047 step=3180 train=3.16896 val=None lr=0.000277297
2026-10-01 10:22:36,615 step=3190 train=3.23309 val=None lr=0.000277143
2026-10-01 10:22:38,810 step=3200 train=3.10135 val=3.0208134770393373 lr=0.000276989
2026-10-01 10:22:40,128 step=3210 train=2.99896 val=None lr=0.000276834
2026-10-01 10:22:41,756 step=3220 train=3.07044 val=None lr=0.000276679
2026-10-01 10:22:43,142 step=3230 train=2.93127 val=None lr=0.000276523
2026-10-01 10:22:44,372 step=3240 train=3.02025 val=None lr=0.000276367
2026-10-01 10:22:45,683 step=3250 train=3.12791 val=None lr=0.00027621
2026-10-01 10:22:46,927 step=3260 train=2.87614 val=None lr=0.000276053
2026-10-01 10:22:48,211 step=3270 train=3.05724 val=None lr=0.000275895
2026-10-01 10:22:49,363 step=3280 train=3.05187 val=None lr=0.000275737
2026-10-01 10:22:50,651 step=3290 train=3.22831 val=None lr=0.000275578
2026-10-01 10:22:53,040 step=3300 train=3.25893 val=2.9966087460517885 lr=0.000275419
2026-10-01 10:22:54,171 step=3310 train=3.17907 val=None lr=0.000275259
2026-10-01 10:22:55,459 step=3320 train=2.99854 val=None lr=0.000275099
2026-10-01 10:22:57,021 step=3330 train=2.87919 val=None lr=0.000274939
2026-10-01 10:22:58,280 step=3340 train=2.99623 val=None lr=0.000274778
2026-10-01 10:22:59,603 step=3350 train=3.06176 val=None lr=0.000274616
2026-10-01 10:23:01,070 step=3360 train=2.94425 val=None lr=0.000274454
2026-10-01 10:23:02,508 step=3370 train=3.06981 val=None lr=0.000274292
2026-10-01 10:23:03,892 step=3380 train=2.85156 val=None lr=0.000274129
2026-10-01 10:23:05,152 step=3390 train=2.86154 val=None lr=0.000273966
2026-10-01 10:23:06,118 step=3400 train=2.95137 val=2.973926603794098 lr=0.000273802
2026-10-01 10:23:07,431 step=3410 train=3.12405 val=None lr=0.000273638
2026-10-01 10:23:08,721 step=3420 train=3.34456 val=None lr=0.000273473
2026-10-01 10:23:09,914 step=3430 train=3.15706 val=None lr=0.000273308
2026-10-01 10:23:11,301 step=3440 train=2.95166 val=None lr=0.000273143
2026-10-01 10:23:12,633 step=3450 train=3.03586 val=None lr=0.000272977
2026-10-01 10:23:14,011 step=3460 train=2.95557 val=None lr=0.00027281
2026-10-01 10:23:15,234 step=3470 train=2.85425 val=None lr=0.000272643
2026-10-01 10:23:16,434 step=3480 train=2.89461 val=None lr=0.000272476
2026-10-01 10:23:17,718 step=3490 train=2.95857 val=None lr=0.000272308
2026-10-01 10:23:20,041 step=3500 train=3.13976 val=2.9465569257736206 lr=0.00027214
2026-10-01 10:23:22,426 step=3510 train=3.12679 val=None lr=0.000271971
2026-10-01 10:23:23,627 step=3520 train=2.82666 val=None lr=0.000271802
2026-10-01 10:23:24,787 step=3530 train=2.93652 val=None lr=0.000271632
2026-10-01 10:23:25,932 step=3540 train=2.84285 val=None lr=0.000271462
2026-10-01 10:23:27,189 step=3550 train=3.13535 val=None lr=0.000271292
2026-10-01 10:23:28,403 step=3560 train=3.18098 val=None lr=0.000271121
2026-10-01 10:23:29,655 step=3570 train=2.98224 val=None lr=0.000270949
2026-10-01 10:23:30,897 step=3580 train=3.19433 val=None lr=0.000270778
2026-10-01 10:23:32,108 step=3590 train=2.86493 val=None lr=0.000270605
2026-10-01 10:23:34,478 step=3600 train=3.04208 val=2.9318642377853394 lr=0.000270432
2026-10-01 10:23:35,794 step=3610 train=2.77461 val=None lr=0.000270259
2026-10-01 10:23:36,990 step=3620 train=3.02410 val=None lr=0.000270086
2026-10-01 10:23:36,715 step=3630 train=3.00203 val=None lr=0.000269912
2026-10-01 10:23:37,986 step=3640 train=3.08506 val=None lr=0.000269737
2026-10-01 10:23:39,117 step=3650 train=2.81368 val=None lr=0.000269562
2026-10-01 10:23:40,278 step=3660 train=2.85278 val=None lr=0.000269387
2026-10-01 10:23:41,450 step=3670 train=2.85682 val=None lr=0.000269211
2026-10-01 10:23:42,649 step=3680 train=3.02392 val=None lr=0.000269034
2026-10-01 10:23:43,829 step=3690 train=2.81744 val=None lr=0.000268858
2026-10-01 10:23:45,995 step=3700 train=2.97548 val=2.9123571634292604 lr=0.000268681
2026-10-01 10:23:47,281 step=3710 train=2.89354 val=None lr=0.000268503
2026-10-01 10:23:48,398 step=3720 train=3.04941 val=None lr=0.000268325
2026-10-01 10:23:49,505 step=3730 train=2.89082 val=None lr=0.000268146
2026-10-01 10:23:50,731 step=3740 train=3.28166 val=None lr=0.000267968
2026-10-01 10:23:51,916 step=3750 train=3.02388 val=None lr=0.000267788
2026-10-01 10:23:53,363 step=3760 train=2.75804 val=None lr=0.000267608
2026-10-01 10:23:54,498 step=3770 train=3.06186 val=None lr=0.000267428
2026-10-01 10:23:55,822 step=3780 train=2.74803 val=None lr=0.000267248
2026-10-01 10:23:57,073 step=3790 train=2.88234 val=None lr=0.000267067
2026-10-01 10:23:59,216 step=3800 train=3.13270 val=2.89463495016098 lr=0.000266885
2026-10-01 10:24:00,466 step=3810 train=2.92219 val=None lr=0.000266703
2026-10-01 10:24:01,725 step=3820 train=3.05143 val=None lr=0.000266521
2026-10-01 10:24:02,977 step=3830 train=3.00174 val=None lr=0.000266338
2026-10-01 10:24:04,185 step=3840 train=2.84709 val=None lr=0.000266155
2026-10-01 10:24:05,330 step=3850 train=2.79053 val=None lr=0.000265971
2026-10-01 10:24:06,442 step=3860 train=3.11044 val=None lr=0.000265787
2026-10-01 10:24:07,562 step=3870 train=2.85980 val=None lr=0.000265603
2026-10-01 10:24:07,492 step=3880 train=3.03322 val=None lr=0.000265418
2026-10-01 10:24:08,768 step=3890 train=3.31542 val=None lr=0.000265232
2026-10-01 10:24:11,144 step=3900 train=3.23315 val=2.8783065557479857 lr=0.000265047
2026-10-01 10:24:12,563 step=3910 train=2.77854 val=None lr=0.000264861
2026-10-01 10:24:13,777 step=3920 train=3.05781 val=None lr=0.000264674
2026-10-01 10:24:14,918 step=3930 train=2.84346 val=None lr=0.000264487
2026-10-01 10:24:16,081 step=3940 train=2.87145 val=None lr=0.0002643
2026-10-01 10:24:17,181 step=3950 train=2.80901 val=None lr=0.000264112
2026-10-01 10:24:18,382 step=3960 train=2.88240 val=None lr=0.000263923
2026-10-01 10:24:19,613 step=3970 train=2.75863 val=None lr=0.000263735
2026-10-01 10:24:20,805 step=3980 train=3.22474 val=None lr=0.000263546
2026-10-01 10:24:22,104 step=3990 train=2.67034 val=None lr=0.000263356
2026-10-01 10:24:24,517 step=4000 train=2.80195 val=2.85544810295105 lr=0.000263166
2026-10-01 10:24:26,984 step=4010 train=2.91090 val=None lr=0.000262976
2026-10-01 10:24:28,124 step=4020 train=2.97425 val=None lr=0.000262785
2026-10-01 10:24:29,484 step=4030 train=3.09000 val=None lr=0.000262594
2026-10-01 10:24:30,686 step=4040 train=3.14364 val=None lr=0.000262402
2026-10-01 10:24:31,989 step=4050 train=2.74301 val=None lr=0.00026221
2026-10-01 10:24:33,220 step=4060 train=3.14643 val=None lr=0.000262018
2026-10-01 10:24:34,463 step=4070 train=2.93482 val=None lr=0.000261825
2026-10-01 10:24:35,727 step=4080 train=2.94530 val=None lr=0.000261632
2026-10-01 10:24:37,000 step=4090 train=2.83969 val=None lr=0.000261438
2026-10-01 10:24:39,295 step=4100 train=3.03316 val=2.839566099643707 lr=0.000261244
2026-10-01 10:24:38,859 step=4110 train=3.08513 val=None lr=0.00026105
2026-10-01 10:24:40,144 step=4120 train=2.77510 val=None lr=0.000260855
2026-10-01 10:24:41,363 step=4130 train=2.88131 val=None lr=0.00026066
2026-10-01 10:24:42,566 step=4140 train=2.87353 val=None lr=0.000260464
2026-10-01 10:24:43,862 step=4150 train=2.87230 val=None lr=0.000260268
2026-10-01 10:24:45,207 step=4160 train=2.70288 val=None lr=0.000260072
2026-10-01 10:24:46,654 step=4170 train=2.96208 val=None lr=0.000259875
2026-10-01 10:24:48,114 step=4180 train=2.97183 val=None lr=0.000259678
2026-10-01 10:24:49,345 step=4190 train=2.65017 val=None lr=0.00025948
2026-10-01 10:24:51,469 step=4200 train=2.98186 val=2.8228883743286133 lr=0.000259282
2026-10-01 10:24:52,707 step=4210 train=3.10210 val=None lr=0.000259084
2026-10-01 10:24:53,919 step=4220 train=2.84943 val=None lr=0.000258885
2026-10-01 10:24:55,171 step=4230 train=2.94803 val=None lr=0.000258686
2026-10-01 10:24:56,493 step=4240 train=2.85180 val=None lr=0.000258486
2026-10-01 10:24:57,725 step=4250 train=3.21852 val=None lr=0.000258286
2026-10-01 10:24:58,972 step=4260 train=2.91154 val=None lr=0.000258086
2026-10-01 10:25:00,098 step=4270 train=2.92663 val=None lr=0.000257885
2026-10-01 10:25:01,215 step=4280 train=2.91102 val=None lr=0.000257684
2026-10-01 10:25:02,395 step=4290 train=2.89045 val=None lr=0.000257482
2026-10-01 10:25:04,789 step=4300 train=2.86066 val=2.8058060884475706 lr=0.00025728
2026-10-01 10:25:05,940 step=4310 train=2.89534 val=None lr=0.000257078
2026-10-01 10:25:07,216 step=4320 train=3.38065 val=None lr=0.000256875
2026-10-01 10:25:08,485 step=4330 train=2.93592 val=None lr=0.000256672
2026-10-01 10:25:09,718 step=4340 train=2.78997 val=None lr=0.000256468
2026-10-01 10:25:09,458 step=4350 train=2.87643 val=None lr=0.000256265
2026-10-01 10:25:10,705 step=4360 train=2.61817 val=None lr=0.00025606
2026-10-01 10:25:12,118 step=4370 train=2.89515 val=None lr=0.000255856
2026-10-01 10:25:13,463 step=4380 train=2.61330 val=None lr=0.000255651
2026-10-01 10:25:14,722 step=4390 train=3.06061 val=None lr=0.000255445
2026-10-01 10:25:16,941 step=4400 train=2.77027 val=2.7890896797180176 lr=0.000255239
2026-10-01 10:25:18,333 step=4410 train=2.63935 val=None lr=0.000255033
2026-10-01 10:25:19,740 step=4420 train=2.59353 val=None lr=0.000254827
2026-10-01 10:25:21,057 step=4430 train=3.05681 val=None lr=0.00025462
2026-10-01 10:25:22,455 step=4440 train=2.95324 val=None lr=0.000254412
2026-10-01 10:25:23,793 step=4450 train=2.96423 val=None lr=0.000254205
2026-10-01 10:25:25,040 step=4460 train=2.66276 val=None lr=0.000253997
2026-10-01 10:25:26,231 step=4470 train=2.95094 val=None lr=0.000253788
2026-10-01 10:25:27,455 step=4480 train=2.88661 val=None lr=0.000253579
2026-10-01 10:25:28,823 step=4490 train=2.96452 val=None lr=0.00025337
2026-10-01 10:25:31,167 step=4500 train=2.67769 val=2.771637570858002 lr=0.00025316
2026-10-01 10:25:33,680 step=4510 train=2.82984 val=None lr=0.000252951
2026-10-01 10:25:34,819 step=4520 train=2.77597 val=None lr=0.00025274
2026-10-01 10:25:36,160 step=4530 train=2.86048 val=None lr=0.00025253
2026-10-01 10:25:37,354 step=4540 train=2.79327 val=None lr=0.000252319
2026-10-01 10:25:38,522 step=4550 train=2.54516 val=None lr=0.000252107
2026-10-01 10:25:39,708 step=4560 train=2.89951 val=None lr=0.000251895
2026-10-01 10:25:40,855 step=4570 train=2.83324 val=None lr=0.000251683
2026-10-01 10:25:40,774 step=4580 train=2.70148 val=None lr=0.000251471
2026-10-01 10:25:42,136 step=4590 train=2.84573 val=None lr=0.000251258
2026-10-01 10:25:44,315 step=4600 train=2.80318 val=2.76219824552536 lr=0.000251045
2026-10-01 10:25:45,618 step=4610 train=3.10527 val=None lr=0.000250831
2026-10-01 10:25:46,845 step=4620 train=2.86114 val=None lr=0.000250617
2026-10-01 10:25:48,057 step=4630 train=3.11976 val=None lr=0.000250403
2026-10-01 10:25:49,410 step=4640 train=2.98911 val=None lr=0.000250188
2026-10-01 10:25:50,845 step=4650 train=2.81869 val=None lr=0.000249973
2026-10-01 10:25:52,237 step=4660 train=2.73035 val=None lr=0.000249758
2026-10-01 10:25:53,507 step=4670 train=2.80590 val=None lr=0.000249542
2026-10-01 10:25:54,886 step=4680 train=2.89805 val=None lr=0.000249326
2026-10-01 10:25:56,263 step=4690 train=2.64139 val=None lr=0.000249109
2026-10-01 10:25:58,612 step=4700 train=2.96015 val=2.7519227147102354 lr=0.000248892
2026-10-01 10:25:59,853 step=4710 train=2.78907 val=None lr=0.000248675
2026-10-01 10:26:01,165 step=4720 train=2.78040 val=None lr=0.000248458
2026-10-01 10:26:02,433 step=4730 train=2.68767 val=None lr=0.00024824
2026-10-01 10:26:03,879 step=4740 train=3.05947 val=None lr=0.000248022
2026-10-01 10:26:05,114 step=4750 train=2.93590 val=None lr=0.000247803
2026-10-01 10:26:06,319 step=4760 train=2.69097 val=None lr=0.000247584
2026-10-01 10:26:07,600 step=4770 train=2.67089 val=None lr=0.000247365
2026-10-01 10:26:09,032 step=4780 train=3.06823 val=None lr=0.000247145
2026-10-01 10:26:10,400 step=4790 train=2.78355 val=None lr=0.000246925
2026-10-01 10:26:11,461 step=4800 train=3.13280 val=2.7387053847312925 lr=0.000246705
2026-10-01 10:26:12,778 step=4810 train=2.76111 val=None lr=0.000246484
2026-10-01 10:26:14,269 step=4820 train=2.89356 val=None lr=0.000246263
2026-10-01 10:26:15,584 step=4830 train=2.77399 val=None lr=0.000246042
2026-10-01 10:26:16,850 step=4840 train=2.70225 val=None lr=0.00024582
2026-10-01 10:26:18,122 step=4850 train=2.91046 val=None lr=0.000245598
2026-10-01 10:26:19,408 step=4860 train=2.58614 val=None lr=0.000245376
2026-10-01 10:26:20,749 step=4870 train=2.64093 val=None lr=0.000245153
2026-10-01 10:26:22,038 step=4880 train=2.74432 val=None lr=0.00024493
2026-10-01 10:26:23,460 step=4890 train=2.63385 val=None lr=0.000244707
2026-10-01 10:26:25,877 step=4900 train=2.66242 val=2.7225023746490478 lr=0.000244483
2026-10-01 10:26:27,077 step=4910 train=2.83315 val=None lr=0.000244259
2026-10-01 10:26:28,209 step=4920 train=2.76327 val=None lr=0.000244035
2026-10-01 10:26:29,428 step=4930 train=2.95521 val=None lr=0.00024381
2026-10-01 10:26:30,682 step=4940 train=2.93116 val=None lr=0.000243585
2026-10-01 10:26:31,853 step=4950 train=2.64987 val=None lr=0.00024336
2026-10-01 10:26:33,186 step=4960 train=2.38962 val=None lr=0.000243134
2026-10-01 10:26:34,388 step=4970 train=2.75763 val=None lr=0.000242908
2026-10-01 10:26:35,825 step=4980 train=2.56267 val=None lr=0.000242682
2026-10-01 10:26:37,098 step=4990 train=2.96019 val=None lr=0.000242455
2026-10-01 10:26:39,560 step=5000 train=3.02831 val=2.7105103969573974 lr=0.000242228
2026-10-01 10:26:41,908 step=5010 train=2.72613 val=None lr=0.000242001
2026-10-01 10:26:43,140 step=5020 train=2.87926 val=None lr=0.000241773
2026-10-01 10:26:42,892 step=5030 train=2.85623 val=None lr=0.000241545
2026-10-01 10:26:44,116 step=5040 train=2.72932 val=None lr=0.000241317
2026-10-01 10:26:45,458 step=5050 train=2.80062 val=None lr=0.000241088
2026-10-01 10:26:46,734 step=5060 train=3.04044 val=None lr=0.000240859
2026-10-01 10:26:48,033 step=5070 train=2.77859 val=None lr=0.00024063
2026-10-01 10:26:49,327 step=5080 train=3.16025 val=None lr=0.0002404
2026-10-01 10:26:50,615 step=5090 train=2.70313 val=None lr=0.00024017
2026-10-01 10:26:52,851 step=5100 train=2.93945 val=2.699190950393677 lr=0.00023994
2026-10-01 10:26:54,068 step=5110 train=2.90023 val=None lr=0.00023971
2026-10-01 10:26:55,403 step=5120 train=2.85250 val=None lr=0.000239479
2026-10-01 10:26:56,770 step=5130 train=2.57518 val=None lr=0.000239248
2026-10-01 10:26:58,192 step=5140 train=2.71134 val=None lr=0.000239016
2026-10-01 10:26:59,522 step=5150 train=2.86399 val=None lr=0.000238784
2026-10-01 10:27:00,810 step=5160 train=2.89377 val=None lr=0.000238552
2026-10-01 10:27:02,172 step=5170 train=2.58285 val=None lr=0.00023832
2026-10-01 10:27:03,580 step=5180 train=2.83782 val=None lr=0.000238087
2026-10-01 10:27:04,929 step=5190 train=2.52542 val=None lr=0.000237854
2026-10-01 10:27:07,316 step=5200 train=3.04601 val=2.6836652517318726 lr=0.000237621
2026-10-01 10:27:08,611 step=5210 train=2.54740 val=None lr=0.000237387
2026-10-01 10:27:09,790 step=5220 train=2.95856 val=None lr=0.000237153
2026-10-01 10:27:11,057 step=5230 train=2.73989 val=None lr=0.000236919
2026-10-01 10:27:12,210 step=5240 train=2.79370 val=None lr=0.000236684
2026-10-01 10:27:13,497 step=5250 train=2.64821 val=None lr=0.00023645
2026-10-01 10:27:13,383 step=5260 train=2.64989 val=None lr=0.000236214
2026-10-01 10:27:14,977 step=5270 train=2.83706 val=None lr=0.000235979
2026-10-01 10:27:16,532 step=5280 train=3.06125 val=None lr=0.000235743
2026-10-01 10:27:17,972 step=5290 train=2.75958 val=None lr=0.000235507
2026-10-01 10:27:20,541 step=5300 train=2.93223 val=2.676201069355011 lr=0.000235271
2026-10-01 10:27:21,719 step=5310 train=2.62802 val=None lr=0.000235034
2026-10-01 10:27:23,110 step=5320 train=2.84339 val=None lr=0.000234797
2026-10-01 10:27:24,630 step=5330 train=2.78199 val=None lr=0.00023456
2026-10-01 10:27:25,870 step=5340 train=2.66795 val=None lr=0.000234323
2026-10-01 10:27:27,411 step=5350 train=2.56844 val=None lr=0.000234085
2026-10-01 10:27:29,049 step=5360 train=2.95285 val=None lr=0.000233847
2026-10-01 10:27:30,427 step=5370 train=2.77039 val=None lr=0.000233608
2026-10-01 10:27:32,297 step=5380 train=2.60083 val=None lr=0.00023337
2026-10-01 10:27:33,736 step=5390 train=2.75555 val=None lr=0.000233131
2026-10-01 10:27:36,292 step=5400 train=2.76376 val=2.671744155883789 lr=0.000232891
2026-10-01 10:27:37,709 step=5410 train=2.81642 val=None lr=0.000232652
2026-10-01 10:27:39,122 step=5420 train=2.54321 val=None lr=0.000232412
2026-10-01 10:27:40,404 step=5430 train=2.83917 val=None lr=0.000232172
2026-10-01 10:27:41,736 step=5440 train=2.75095 val=None lr=0.000231932
2026-10-01 10:27:43,009 step=5450 train=2.70420 val=None lr=0.000231691
2026-10-01 10:27:44,342 step=5460 train=2.93532 val=None lr=0.00023145
2026-10-01 10:27:45,745 step=5470 train=2.64666 val=None lr=0.000231209
2026-10-01 10:27:45,588 step=5480 train=2.66984 val=None lr=0.000230967
2026-10-01 10:27:46,884 step=5490 train=2.68041 val=None lr=0.000230725
2026-10-01 10:27:49,168 step=5500 train=2.78395 val=2.655869114398956 lr=0.000230483
2026-10-01 10:27:51,470 step=5510 train=2.46901 val=None lr=0.000230241
2026-10-01 10:27:52,818 step=5520 train=2.71253 val=None lr=0.000229998
2026-10-01 10:27:54,069 step=5530 train=2.59662 val=None lr=0.000229756
2026-10-01 10:27:55,603 step=5540 train=2.48208 val=None lr=0.000229512
2026-10-01 10:27:57,149 step=5550 train=3.01599 val=None lr=0.000229269
2026-10-01 10:27:58,675 step=5560 train=2.78116 val=None lr=0.000229025
2026-10-01 10:28:00,150 step=5570 train=2.76024 val=None lr=0.000228781
2026-10-01 10:28:01,454 step=5580 train=2.74966 val=None lr=0.000228537
2026-10-01 10:28:02,666 step=5590 train=2.67559 val=None lr=0.000228293
2026-10-01 10:28:05,080 step=5600 train=2.97463 val=2.6513453125953674 lr=0.000228048
2026-10-01 10:28:06,435 step=5610 train=2.67970 val=None lr=0.000227803
2026-10-01 10:28:08,248 step=5620 train=2.54665 val=None lr=0.000227557
2026-10-01 10:28:09,936 step=5630 train=2.53143 val=None lr=0.000227312
2026-10-01 10:28:11,280 step=5640 train=2.68836 val=None lr=0.000227066
2026-10-01 10:28:12,601 step=5650 train=2.91959 val=None lr=0.00022682
2026-10-01 10:28:13,791 step=5660 train=2.79771 val=None lr=0.000226574
2026-10-01 10:28:15,307 step=5670 train=2.65688 val=None lr=0.000226327
2026-10-01 10:28:15,506 step=5680 train=2.87085 val=None lr=0.00022608
2026-10-01 10:28:16,804 step=5690 train=2.63923 val=None lr=0.000225833
2026-10-01 10:28:19,014 step=5700 train=2.85352 val=2.631976878643036 lr=0.000225586
2026-10-01 10:28:20,152 step=5710 train=2.79434 val=None lr=0.000225338
2026-10-01 10:28:21,733 step=5720 train=2.83052 val=None lr=0.00022509
2026-10-01 10:28:23,375 step=5730 train=2.79220 val=None lr=0.000224842
2026-10-01 10:28:24,933 step=5740 train=2.66308 val=None lr=0.000224594
2026-10-01 10:28:26,535 step=5750 train=2.48286 val=None lr=0.000224345
2026-10-01 10:28:28,186 step=5760 train=2.73880 val=None lr=0.000224096
2026-10-01 10:28:29,721 step=5770 train=2.69984 val=None lr=0.000223847
2026-10-01 10:28:31,128 step=5780 train=2.82045 val=None lr=0.000223597
2026-10-01 10:28:32,475 step=5790 train=2.98359 val=None lr=0.000223348
2026-10-01 10:28:34,751 step=5800 train=2.88832 val=2.6330325961112977 lr=0.000223098
2026-10-01 10:28:36,117 step=5810 train=2.62897 val=None lr=0.000222848
2026-10-01 10:28:37,265 step=5820 train=2.75246 val=None lr=0.000222597
2026-10-01 10:28:38,445 step=5830 train=2.87560 val=None lr=0.000222347
2026-10-01 10:28:39,699 step=5840 train=2.67071 val=None lr=0.000222096
2026-10-01 10:28:40,813 step=5850 train=2.53654 val=None lr=0.000221845
2026-10-01 10:28:42,022 step=5860 train=2.71754 val=None lr=0.000221594
2026-10-01 10:28:43,272 step=5870 train=2.46064 val=None lr=0.000221342
2026-10-01 10:28:44,431 step=5880 train=2.44516 val=None lr=0.00022109
2026-10-01 10:28:45,921 step=5890 train=2.64003 val=None lr=0.000220838
2026-10-01 10:28:47,116 step=5900 train=2.47910 val=2.6188636779785157 lr=0.000220586
2026-10-01 10:28:48,634 step=5910 train=2.72884 val=None lr=0.000220333
2026-10-01 10:28:50,050 step=5920 train=3.02883 val=None lr=0.000220081
2026-10-01 10:28:51,686 step=5930 train=2.61654 val=None lr=0.000219828
2026-10-01 10:28:53,047 step=5940 train=2.44636 val=None lr=0.000219574
2026-10-01 10:28:54,335 step=5950 train=2.67453 val=None lr=0.000219321
2026-10-01 10:28:55,757 step=5960 train=2.66583 val=None lr=0.000219067
2026-10-01 10:28:57,250 step=5970 train=2.63070 val=None lr=0.000218813
2026-10-01 10:28:58,536 step=5980 train=2.63010 val=None lr=0.000218559
2026-10-01 10:29:00,270 step=5990 train=2.83483 val=None lr=0.000218305
2026-10-01 10:29:03,000 step=6000 train=2.50153 val=2.6049829363822936 lr=0.00021805
2026-10-01 10:29:05,419 step=6010 train=2.63597 val=None lr=0.000217796
2026-10-01 10:29:07,024 step=6020 train=2.60534 val=None lr=0.000217541
2026-10-01 10:29:08,163 step=6030 train=2.78834 val=None lr=0.000217285
2026-10-01 10:29:09,340 step=6040 train=2.95290 val=None lr=0.00021703
2026-10-01 10:29:10,520 step=6050 train=2.73917 val=None lr=0.000216774
2026-10-01 10:29:12,033 step=6060 train=2.59719 val=None lr=0.000216518
2026-10-01 10:29:13,203 step=6070 train=2.66557 val=None lr=0.000216262
2026-10-01 10:29:14,347 step=6080 train=2.76121 val=None lr=0.000216006
2026-10-01 10:29:15,664 step=6090 train=2.76969 val=None lr=0.000215749
2026-10-01 10:29:17,744 step=6100 train=2.84954 val=2.6053646326065065 lr=0.000215493
2026-10-01 10:29:17,863 step=6110 train=2.83759 val=None lr=0.000215236
2026-10-01 10:29:19,350 step=6120 train=2.61098 val=None lr=0.000214978
2026-10-01 10:29:20,690 step=6130 train=2.43124 val=None lr=0.000214721
2026-10-01 10:29:22,431 step=6140 train=2.67142 val=None lr=0.000214463
2026-10-01 10:29:24,157 step=6150 train=2.58789 val=None lr=0.000214206
2026-10-01 10:29:25,865 step=6160 train=2.77124 val=None lr=0.000213948
2026-10-01 10:29:27,286 step=6170 train=2.67924 val=None lr=0.000213689
2026-10-01 10:29:28,743 step=6180 train=2.55698 val=None lr=0.000213431
2026-10-01 10:29:30,046 step=6190 train=2.81707 val=None lr=0.000213172
2026-10-01 10:29:32,300 step=6200 train=2.82949 val=2.5924192547798155 lr=0.000212913
2026-10-01 10:29:33,662 step=6210 train=2.76141 val=None lr=0.000212654
2026-10-01 10:29:35,185 step=6220 train=2.55960 val=None lr=0.000212395
2026-10-01 10:29:36,658 step=6230 train=2.82170 val=None lr=0.000212136
2026-10-01 10:29:37,902 step=6240 train=2.43204 val=None lr=0.000211876
2026-10-01 10:29:39,218 step=6250 train=2.52603 val=None lr=0.000211616
2026-10-01 10:29:40,555 step=6260 train=2.32187 val=None lr=0.000211356
2026-10-01 10:29:41,945 step=6270 train=2.74847 val=None lr=0.000211096
2026-10-01 10:29:43,218 step=6280 train=2.75912 val=None lr=0.000210836
2026-10-01 10:29:44,664 step=6290 train=2.64403 val=None lr=0.000210575
2026-10-01 10:29:47,093 step=6300 train=2.94206 val=2.5849982380867003 lr=0.000210314
2026-10-01 10:29:48,506 step=6310 train=2.50502 val=None lr=0.000210053
2026-10-01 10:29:49,761 step=6320 train=3.10474 val=None lr=0.000209792
2026-10-01 10:29:49,615 step=6330 train=2.69566 val=None lr=0.000209531
2026-10-01 10:29:50,927 step=6340 train=2.65081 val=None lr=0.000209269
2026-10-01 10:29:52,271 step=6350 train=2.49836 val=None lr=0.000209007
2026-10-01 10:29:53,453 step=6360 train=2.49011 val=None lr=0.000208745
2026-10-01 10:29:54,679 step=6370 train=2.82332 val=None lr=0.000208483
2026-10-01 10:29:56,107 step=6380 train=2.46287 val=None lr=0.000208221
2026-10-01 10:29:57,424 step=6390 train=2.55386 val=None lr=0.000207959
2026-10-01 10:30:00,030 step=6400 train=2.75950 val=2.5758124113082888 lr=0.000207696
2026-10-01 10:30:01,284 step=6410 train=2.47293 val=None lr=0.000207433
2026-10-01 10:30:02,700 step=6420 train=2.63097 val=None lr=0.00020717
2026-10-01 10:30:04,190 step=6430 train=2.61380 val=None lr=0.000206907
2026-10-01 10:30:05,808 step=6440 train=2.86510 val=None lr=0.000206644
2026-10-01 10:30:07,451 step=6450 train=2.97180 val=None lr=0.00020638
2026-10-01 10:30:09,107 step=6460 train=2.50162 val=None lr=0.000206116
2026-10-01 10:30:10,848 step=6470 train=2.66232 val=None lr=0.000205852
2026-10-01 10:30:12,363 step=6480 train=2.70241 val=None lr=0.000205588
2026-10-01 10:30:13,739 step=6490 train=2.46338 val=None lr=0.000205324
2026-10-01 10:30:16,298 step=6500 train=2.70077 val=2.5676199913024904 lr=0.00020506
2026-10-01 10:30:18,677 step=6510 train=2.66236 val=None lr=0.000204795
2026-10-01 10:30:19,922 step=6520 train=2.30642 val=None lr=0.00020453
2026-10-01 10:30:19,602 step=6530 train=2.41887 val=None lr=0.000204265
2026-10-01 10:30:20,872 step=6540 train=2.70399 val=None lr=0.000204
2026-10-01 10:30:22,091 step=6550 train=2.61970 val=None lr=0.000203735
2026-10-01 10:30:23,330 step=6560 train=2.59629 val=None lr=0.00020347
2026-10-01 10:30:24,705 step=6570 train=2.77521 val=None lr=0.000203204
2026-10-01 10:30:25,949 step=6580 train=2.52884 val=None lr=0.000202938
2026-10-01 10:30:27,270 step=6590 train=2.56317 val=None lr=0.000202673
2026-10-01 10:30:29,657 step=6600 train=2.80710 val=2.5560073971748354 lr=0.000202407
2026-10-01 10:30:30,852 step=6610 train=2.39633 val=None lr=0.00020214
2026-10-01 10:30:32,041 step=6620 train=2.57308 val=None lr=0.000201874
2026-10-01 10:30:33,288 step=6630 train=2.85075 val=None lr=0.000201607
2026-10-01 10:30:34,528 step=6640 train=2.45058 val=None lr=0.000201341
2026-10-01 10:30:35,736 step=6650 train=2.55550 val=None lr=0.000201074
2026-10-01 10:30:36,973 step=6660 train=2.76285 val=None lr=0.000200807
2026-10-01 10:30:38,154 step=6670 train=2.58528 val=None lr=0.00020054
2026-10-01 10:30:39,450 step=6680 train=2.70283 val=None lr=0.000200273
2026-10-01 10:30:40,776 step=6690 train=2.67656 val=None lr=0.000200005
2026-10-01 10:30:43,390 step=6700 train=2.41741 val=2.548199808597565 lr=0.000199738
2026-10-01 10:30:44,671 step=6710 train=2.49309 val=None lr=0.00019947
2026-10-01 10:30:46,012 step=6720 train=2.29785 val=None lr=0.000199202
2026-10-01 10:30:47,458 step=6730 train=2.70428 val=None lr=0.000198934
2026-10-01 10:30:48,730 step=6740 train=2.78757 val=None lr=0.000198666
2026-10-01 10:30:50,177 step=6750 train=2.71728 val=None lr=0.000198398
2026-10-01 10:30:51,493 step=6760 train=2.73820 val=None lr=0.000198129
2026-10-01 10:30:51,630 step=6770 train=2.74271 val=None lr=0.000197861
2026-10-01 10:30:53,047 step=6780 train=2.83782 val=None lr=0.000197592
2026-10-01 10:30:54,509 step=6790 train=2.50170 val=None lr=0.000197323
2026-10-01 10:30:56,814 step=6800 train=2.63723 val=2.542600989341736 lr=0.000197054
2026-10-01 10:30:58,173 step=6810 train=2.72784 val=None lr=0.000196785
2026-10-01 10:30:59,390 step=6820 train=2.62790 val=None lr=0.000196516
2026-10-01 10:31:00,659 step=6830 train=2.57952 val=None lr=0.000196246
2026-10-01 10:31:01,954 step=6840 train=2.80468 val=None lr=0.000195977
2026-10-01 10:31:03,216 step=6850 train=2.66253 val=None lr=0.000195707
2026-10-01 10:31:04,561 step=6860 train=2.72110 val=None lr=0.000195438
2026-10-01 10:31:05,902 step=6870 train=2.34401 val=None lr=0.000195168
2026-10-01 10:31:07,096 step=6880 train=2.81922 val=None lr=0.000194898
2026-10-01 10:31:08,358 step=6890 train=2.33305 val=None lr=0.000194627
2026-10-01 10:31:10,844 step=6900 train=2.41640 val=2.5299354434013366 lr=0.000194357
2026-10-01 10:31:12,481 step=6910 train=2.57632 val=None lr=0.000194087
2026-10-01 10:31:13,826 step=6920 train=2.30099 val=None lr=0.000193816
2026-10-01 10:31:15,222 step=6930 train=2.65814 val=None lr=0.000193546
2026-10-01 10:31:16,491 step=6940 train=2.55523 val=None lr=0.000193275
2026-10-01 10:31:17,789 step=6950 train=2.84433 val=None lr=0.000193004
2026-10-01 10:31:19,019 step=6960 train=2.60013 val=None lr=0.000192733
2026-10-01 10:31:20,383 step=6970 train=2.72965 val=None lr=0.000192462
2026-10-01 10:31:21,697 step=6980 train=2.87119 val=None lr=0.000192191
2026-10-01 10:31:21,458 step=6990 train=2.59843 val=None lr=0.000191919
2026-10-01 10:31:23,980 step=7000 train=2.68808 val=2.5285807490348815 lr=0.000191648
2026-10-01 10:31:26,500 step=7010 train=2.41338 val=None lr=0.000191376
2026-10-01 10:31:27,966 step=7020 train=2.59063 val=None lr=0.000191105
2026-10-01 10:31:29,370 step=7030 train=2.43087 val=None lr=0.000190833
2026-10-01 10:31:30,625 step=7040 train=2.40452 val=None lr=0.000190561
2026-10-01 10:31:32,273 step=7050 train=2.58904 val=None lr=0.000190289
2026-10-01 10:31:33,483 step=7060 train=2.71980 val=None lr=0.000190017
2026-10-01 10:31:34,736 step=7070 train=2.49768 val=None lr=0.000189745
2026-10-01 10:31:36,008 step=7080 train=2.50026 val=None lr=0.000189472
2026-10-01 10:31:37,359 step=7090 train=2.62051 val=None lr=0.0001892
2026-10-01 10:31:40,049 step=7100 train=2.63592 val=2.521421563625336 lr=0.000188927
2026-10-01 10:31:41,242 step=7110 train=2.71601 val=None lr=0.000188655
2026-10-01 10:31:42,793 step=7120 train=2.73242 val=None lr=0.000188382
2026-10-01 10:31:44,301 step=7130 train=2.54176 val=None lr=0.000188109
2026-10-01 10:31:45,790 step=7140 train=2.59325 val=None lr=0.000187836
2026-10-01 10:31:47,159 step=7150 train=2.57545 val=None lr=0.000187563
2026-10-01 10:31:48,958 step=7160 train=2.35064 val=None lr=0.00018729
2026-10-01 10:31:50,330 step=7170 train=2.49301 val=None lr=0.000187017
2026-10-01 10:31:51,542 step=7180 train=2.42942 val=None lr=0.000186743
2026-10-01 10:31:52,780 step=7190 train=2.50611 val=None lr=0.00018647
2026-10-01 10:31:53,637 step=7200 train=2.65273 val=2.5117653131484987 lr=0.000186197
2026-10-01 10:31:55,054 step=7210 train=2.66950 val=None lr=0.000185923
2026-10-01 10:31:56,622 step=7220 train=2.37286 val=None lr=0.000185649
2026-10-01 10:31:57,933 step=7230 train=2.58021 val=None lr=0.000185376
2026-10-01 10:31:59,417 step=7240 train=2.66607 val=None lr=0.000185102
2026-10-01 10:32:00,664 step=7250 train=2.56358 val=None lr=0.000184828
2026-10-01 10:32:01,907 step=7260 train=2.27913 val=None lr=0.000184554
2026-10-01 10:32:03,144 step=7270 train=2.30808 val=None lr=0.00018428
2026-10-01 10:32:04,569 step=7280 train=2.37509 val=None lr=0.000184006
2026-10-01 10:32:05,855 step=7290 train=2.54138 val=None lr=0.000183731
2026-10-01 10:32:08,425 step=7300 train=2.62174 val=2.5072238206863404 lr=0.000183457
2026-10-01 10:32:09,786 step=7310 train=2.72028 val=None lr=0.000183183
2026-10-01 10:32:11,087 step=7320 train=2.58214 val=None lr=0.000182908
2026-10-01 10:32:12,487 step=7330 train=2.65505 val=None lr=0.000182634
2026-10-01 10:32:13,815 step=7340 train=2.41809 val=None lr=0.000182359
2026-10-01 10:32:15,025 step=7350 train=2.52173 val=None lr=0.000182084
2026-10-01 10:32:16,474 step=7360 train=2.44823 val=None lr=0.00018181
2026-10-01 10:32:17,892 step=7370 train=2.64142 val=None lr=0.000181535
2026-10-01 10:32:19,168 step=7380 train=2.70706 val=None lr=0.00018126
2026-10-01 10:32:20,559 step=7390 train=2.60271 val=None lr=0.000180985
2026-10-01 10:32:22,797 step=7400 train=2.58635 val=2.500558602809906 lr=0.00018071
2026-10-01 10:32:24,158 step=7410 train=2.81745 val=None lr=0.000180435
2026-10-01 10:32:24,111 step=7420 train=2.48502 val=None lr=0.000180159
2026-10-01 10:32:25,368 step=7430 train=2.54975 val=None lr=0.000179884
2026-10-01 10:32:26,674 step=7440 train=2.52238 val=None lr=0.000179609
2026-10-01 10:32:28,013 step=7450 train=2.45931 val=None lr=0.000179334
2026-10-01 10:32:29,483 step=7460 train=2.61364 val=None lr=0.000179058
2026-10-01 10:32:30,704 step=7470 train=2.40340 val=None lr=0.000178783
2026-10-01 10:32:31,958 step=7480 train=2.49542 val=None lr=0.000178507
2026-10-01 10:32:33,288 step=7490 train=2.65950 val=None lr=0.000178231
2026-10-01 10:32:35,661 step=7500 train=2.25706 val=2.493719744682312 lr=0.000177956
2026-10-01 10:32:38,158 step=7510 train=2.57474 val=None lr=0.00017768
2026-10-01 10:32:39,827 step=7520 train=2.53840 val=None lr=0.000177404
2026-10-01 10:32:41,283 step=7530 train=2.45945 val=None lr=0.000177128
2026-10-01 10:32:42,570 step=7540 train=2.31806 val=None lr=0.000176853
2026-10-01 10:32:44,021 step=7550 train=2.46776 val=None lr=0.000176577
2026-10-01 10:32:45,345 step=7560 train=2.54457 val=None lr=0.000176301
2026-10-01 10:32:46,627 step=7570 train=2.50339 val=None lr=0.000176025
2026-10-01 10:32:47,877 step=7580 train=2.58584 val=None lr=0.000175749
2026-10-01 10:32:49,118 step=7590 train=2.59748 val=None lr=0.000175473
2026-10-01 10:32:51,480 step=7600 train=2.47074 val=2.48781441450119 lr=0.000175196
2026-10-01 10:32:52,780 step=7610 train=2.57546 val=None lr=0.00017492
2026-10-01 10:32:54,107 step=7620 train=2.52246 val=None lr=0.000174644
2026-10-01 10:32:55,374 step=7630 train=2.83435 val=None lr=0.000174368
2026-10-01 10:32:55,113 step=7640 train=2.52488 val=None lr=0.000174091
2026-10-01 10:32:56,443 step=7650 train=3.04181 val=None lr=0.000173815
2026-10-01 10:32:57,797 step=7660 train=2.37522 val=None lr=0.000173539
2026-10-01 10:32:58,990 step=7670 train=2.36192 val=None lr=0.000173262
2026-10-01 10:33:00,364 step=7680 train=2.39007 val=None lr=0.000172986
2026-10-01 10:33:02,040 step=7690 train=2.66901 val=None lr=0.000172709
2026-10-01 10:33:04,644 step=7700 train=2.73260 val=2.484415888786316 lr=0.000172433
2026-10-01 10:33:06,333 step=7710 train=2.93411 val=None lr=0.000172156
2026-10-01 10:33:07,774 step=7720 train=2.79777 val=None lr=0.00017188
2026-10-01 10:33:09,373 step=7730 train=2.45638 val=None lr=0.000171603
2026-10-01 10:33:10,958 step=7740 train=2.62744 val=None lr=0.000171326
2026-10-01 10:33:12,401 step=7750 train=2.61281 val=None lr=0.00017105
2026-10-01 10:33:13,777 step=7760 train=2.73394 val=None lr=0.000170773
2026-10-01 10:33:15,087 step=7770 train=2.50155 val=None lr=0.000170496
2026-10-01 10:33:16,363 step=7780 train=2.52091 val=None lr=0.000170219
2026-10-01 10:33:17,665 step=7790 train=2.55381 val=None lr=0.000169943
2026-10-01 10:33:19,975 step=7800 train=2.59477 val=2.477001667022705 lr=0.000169666
2026-10-01 10:33:21,251 step=7810 train=2.60839 val=None lr=0.000169389
2026-10-01 10:33:22,424 step=7820 train=2.58878 val=None lr=0.000169112
2026-10-01 10:33:23,635 step=7830 train=2.54180 val=None lr=0.000168835
2026-10-01 10:33:24,828 step=7840 train=2.32079 val=None lr=0.000168559
2026-10-01 10:33:26,210 step=7850 train=2.71088 val=None lr=0.000168282
2026-10-01 10:33:25,917 step=7860 train=2.54553 val=None lr=0.000168005
2026-10-01 10:33:27,283 step=7870 train=2.48954 val=None lr=0.000167728
2026-10-01 10:33:29,052 step=7880 train=2.87420 val=None lr=0.000167451
2026-10-01 10:33:30,910 step=7890 train=2.52013 val=None lr=0.000167174
2026-10-01 10:33:34,004 step=7900 train=2.79081 val=2.4689041495323183 lr=0.000166897
2026-10-01 10:33:35,774 step=7910 train=2.51521 val=None lr=0.00016662
2026-10-01 10:33:37,442 step=7920 train=2.31672 val=None lr=0.000166343
2026-10-01 10:33:38,690 step=7930 train=2.77166 val=None lr=0.000166066
2026-10-01 10:33:39,914 step=7940 train=2.67321 val=None lr=0.000165789
2026-10-01 10:33:41,491 step=7950 train=2.72465 val=None lr=0.000165512
2026-10-01 10:33:43,186 step=7960 train=2.39742 val=None lr=0.000165235
2026-10-01 10:33:44,817 step=7970 train=2.30391 val=None lr=0.000164958
2026-10-01 10:33:46,402 step=7980 train=2.28498 val=None lr=0.000164681
2026-10-01 10:33:48,055 step=7990 train=2.62775 val=None lr=0.000164405
2026-10-01 10:33:50,766 step=8000 train=2.61637 val=2.4634125590324403 lr=0.000164128
2026-10-01 10:33:53,549 step=8010 train=2.75623 val=None lr=0.000163851
2026-10-01 10:33:55,320 step=8020 train=2.40029 val=None lr=0.000163574
2026-10-01 10:33:56,724 step=8030 train=2.29009 val=None lr=0.000163297
2026-10-01 10:33:56,476 step=8040 train=2.72492 val=None lr=0.00016302
2026-10-01 10:33:57,859 step=8050 train=2.56999 val=None lr=0.000162743
2026-10-01 10:33:59,155 step=8060 train=2.63583 val=None lr=0.000162466
2026-10-01 10:34:00,481 step=8070 train=2.60668 val=None lr=0.000162189
2026-10-01 10:34:01,717 step=8080 train=2.52786 val=None lr=0.000161912
2026-10-01 10:34:03,191 step=8090 train=2.30682 val=None lr=0.000161635
2026-10-01 10:34:05,614 step=8100 train=2.50503 val=2.4583041667938232 lr=0.000161358
2026-10-01 10:34:07,184 step=8110 train=2.60924 val=None lr=0.000161082
2026-10-01 10:34:08,613 step=8120 train=2.51053 val=None lr=0.000160805
2026-10-01 10:34:10,045 step=8130 train=2.39568 val=None lr=0.000160528
2026-10-01 10:34:11,498 step=8140 train=2.50944 val=None lr=0.000160251
2026-10-01 10:34:13,144 step=8150 train=2.39990 val=None lr=0.000159974
2026-10-01 10:34:14,888 step=8160 train=2.43157 val=None lr=0.000159698
2026-10-01 10:34:16,591 step=8170 train=2.50235 val=None lr=0.000159421
2026-10-01 10:34:18,349 step=8180 train=2.41339 val=None lr=0.000159144
2026-10-01 10:34:19,987 step=8190 train=2.39006 val=None lr=0.000158867
2026-10-01 10:34:22,511 step=8200 train=2.46950 val=2.4539737462997437 lr=0.000158591
2026-10-01 10:34:24,073 step=8210 train=2.55032 val=None lr=0.000158314
2026-10-01 10:34:25,600 step=8220 train=2.49613 val=None lr=0.000158037
2026-10-01 10:34:26,825 step=8230 train=2.56137 val=None lr=0.000157761
2026-10-01 10:34:27,971 step=8240 train=2.59858 val=None lr=0.000157484
2026-10-01 10:34:28,008 step=8250 train=2.42558 val=None lr=0.000157208
2026-10-01 10:34:29,273 step=8260 train=2.50879 val=None lr=0.000156931
2026-10-01 10:34:30,614 step=8270 train=2.46725 val=None lr=0.000156655
2026-10-01 10:34:31,895 step=8280 train=2.56648 val=None lr=0.000156378
2026-10-01 10:34:33,160 step=8290 train=2.64522 val=None lr=0.000156102
2026-10-01 10:34:35,548 step=8300 train=2.21708 val=2.4479751586914062 lr=0.000155826
2026-10-01 10:34:36,922 step=8310 train=2.77580 val=None lr=0.000155549
2026-10-01 10:34:38,248 step=8320 train=2.45073 val=None lr=0.000155273
2026-10-01 10:34:39,482 step=8330 train=2.27965 val=None lr=0.000154997
2026-10-01 10:34:40,657 step=8340 train=2.56500 val=None lr=0.000154721
2026-10-01 10:34:41,825 step=8350 train=2.69272 val=None lr=0.000154445
2026-10-01 10:34:43,074 step=8360 train=2.57294 val=None lr=0.000154169
2026-10-01 10:34:44,291 step=8370 train=2.51241 val=None lr=0.000153892
2026-10-01 10:34:45,595 step=8380 train=2.54282 val=None lr=0.000153616
2026-10-01 10:34:47,075 step=8390 train=2.36029 val=None lr=0.000153341
2026-10-01 10:34:49,573 step=8400 train=2.45062 val=2.4383378982543946 lr=0.000153065
2026-10-01 10:34:50,936 step=8410 train=2.65233 val=None lr=0.000152789
2026-10-01 10:34:52,382 step=8420 train=2.46953 val=None lr=0.000152513
2026-10-01 10:34:53,801 step=8430 train=2.50751 val=None lr=0.000152237
2026-10-01 10:34:55,172 step=8440 train=2.29118 val=None lr=0.000151962
2026-10-01 10:34:57,020 step=8450 train=2.28473 val=None lr=0.000151686
2026-10-01 10:34:58,512 step=8460 train=2.31169 val=None lr=0.00015141
2026-10-01 10:34:58,499 step=8470 train=2.58736 val=None lr=0.000151135
2026-10-01 10:34:59,814 step=8480 train=2.81370 val=None lr=0.000150859
2026-10-01 10:35:01,177 step=8490 train=2.22579 val=None lr=0.000150584
2026-10-01 10:35:03,379 step=8500 train=2.47404 val=2.435373139381409 lr=0.000150309
2026-10-01 10:35:05,649 step=8510 train=2.52925 val=None lr=0.000150033
2026-10-01 10:35:06,869 step=8520 train=2.34963 val=None lr=0.000149758
2026-10-01 10:35:08,065 step=8530 train=2.58973 val=None lr=0.000149483
2026-10-01 10:35:09,279 step=8540 train=2.51127 val=None lr=0.000149208
2026-10-01 10:35:10,530 step=8550 train=2.50198 val=None lr=0.000148933
2026-10-01 10:35:11,990 step=8560 train=2.31296 val=None lr=0.000148658
2026-10-01 10:35:13,572 step=8570 train=2.25753 val=None lr=0.000148383
2026-10-01 10:35:14,900 step=8580 train=2.39863 val=None lr=0.000148108
2026-10-01 10:35:16,260 step=8590 train=2.26562 val=None lr=0.000147833
2026-10-01 10:35:18,625 step=8600 train=2.36333 val=2.432582974433899 lr=0.000147559
2026-10-01 10:35:20,082 step=8610 train=2.36380 val=None lr=0.000147284
2026-10-01 10:35:21,374 step=8620 train=2.48463 val=None lr=0.000147009
2026-10-01 10:35:22,617 step=8630 train=2.17817 val=None lr=0.000146735
2026-10-01 10:35:24,031 step=8640 train=2.22063 val=None lr=0.000146461
2026-10-01 10:35:25,388 step=8650 train=2.52376 val=None lr=0.000146186
2026-10-01 10:35:26,895 step=8660 train=2.40511 val=None lr=0.000145912
2026-10-01 10:35:28,602 step=8670 train=2.57270 val=None lr=0.000145638
2026-10-01 10:35:30,169 step=8680 train=2.24274 val=None lr=0.000145364
2026-10-01 10:35:30,343 step=8690 train=2.51129 val=None lr=0.00014509
2026-10-01 10:35:32,827 step=8700 train=2.25594 val=2.423107182979584 lr=0.000144816
2026-10-01 10:35:34,038 step=8710 train=2.53201 val=None lr=0.000144542
2026-10-01 10:35:35,318 step=8720 train=2.24768 val=None lr=0.000144269
2026-10-01 10:35:36,509 step=8730 train=2.56158 val=None lr=0.000143995
2026-10-01 10:35:37,651 step=8740 train=2.56036 val=None lr=0.000143721
2026-10-01 10:35:38,978 step=8750 train=2.67655 val=None lr=0.000143448
2026-10-01 10:35:40,167 step=8760 train=2.40997 val=None lr=0.000143175
2026-10-01 10:35:41,376 step=8770 train=2.47298 val=None lr=0.000142901
2026-10-01 10:35:42,623 step=8780 train=2.42041 val=None lr=0.000142628
2026-10-01 10:35:43,921 step=8790 train=2.47300 val=None lr=0.000142355
2026-10-01 10:35:46,689 step=8800 train=2.25311 val=2.4178696036338807 lr=0.000142082
2026-10-01 10:35:48,031 step=8810 train=2.65661 val=None lr=0.000141809
2026-10-01 10:35:49,300 step=8820 train=2.40478 val=None lr=0.000141536
2026-10-01 10:35:50,505 step=8830 train=2.49543 val=None lr=0.000141264
2026-10-01 10:35:51,650 step=8840 train=2.41440 val=None lr=0.000140991
2026-10-01 10:35:52,869 step=8850 train=2.46874 val=None lr=0.000140718
2026-10-01 10:35:54,246 step=8860 train=2.23740 val=None lr=0.000140446
2026-10-01 10:35:55,968 step=8870 train=2.58441 val=None lr=0.000140174
2026-10-01 10:35:57,697 step=8880 train=2.66932 val=None lr=0.000139902
2026-10-01 10:35:59,080 step=8890 train=2.63108 val=None lr=0.00013963
2026-10-01 10:36:01,549 step=8900 train=2.53824 val=2.4148004770278932 lr=0.000139358
2026-10-01 10:36:01,509 step=8910 train=2.58527 val=None lr=0.000139086
2026-10-01 10:36:02,879 step=8920 train=2.32337 val=None lr=0.000138814
2026-10-01 10:36:04,062 step=8930 train=2.25093 val=None lr=0.000138542
2026-10-01 10:36:05,431 step=8940 train=2.71900 val=None lr=0.000138271
2026-10-01 10:36:07,060 step=8950 train=2.47672 val=None lr=0.000137999
2026-10-01 10:36:08,636 step=8960 train=2.58976 val=None lr=0.000137728
2026-10-01 10:36:10,491 step=8970 train=2.72163 val=None lr=0.000137457
2026-10-01 10:36:11,737 step=8980 train=2.39608 val=None lr=0.000137186
2026-10-01 10:36:12,986 step=8990 train=2.55214 val=None lr=0.000136915
2026-10-01 10:36:15,353 step=9000 train=2.52362 val=2.4126997590065002 lr=0.000136644
2026-10-01 10:36:18,082 step=9010 train=2.47285 val=None lr=0.000136373
2026-10-01 10:36:19,585 step=9020 train=2.50025 val=None lr=0.000136103
2026-10-01 10:36:20,831 step=9030 train=2.49374 val=None lr=0.000135832
2026-10-01 10:36:22,020 step=9040 train=2.46689 val=None lr=0.000135562
2026-10-01 10:36:23,289 step=9050 train=2.46584 val=None lr=0.000135292
2026-10-01 10:36:24,478 step=9060 train=2.27839 val=None lr=0.000135021
2026-10-01 10:36:25,707 step=9070 train=2.35256 val=None lr=0.000134751
2026-10-01 10:36:26,935 step=9080 train=2.35779 val=None lr=0.000134482
2026-10-01 10:36:28,188 step=9090 train=2.33641 val=None lr=0.000134212
2026-10-01 10:36:30,606 step=9100 train=2.39415 val=2.4044333577156065 lr=0.000133942
2026-10-01 10:36:32,290 step=9110 train=2.09810 val=None lr=0.000133673
2026-10-01 10:36:32,195 step=9120 train=2.48754 val=None lr=0.000133403
2026-10-01 10:36:33,614 step=9130 train=2.57578 val=None lr=0.000133134
2026-10-01 10:36:35,092 step=9140 train=2.16446 val=None lr=0.000132865
2026-10-01 10:36:36,464 step=9150 train=2.34988 val=None lr=0.000132596
2026-10-01 10:36:37,870 step=9160 train=2.43762 val=None lr=0.000132327
2026-10-01 10:36:39,206 step=9170 train=2.45108 val=None lr=0.000132059
2026-10-01 10:36:40,479 step=9180 train=2.70921 val=None lr=0.00013179
2026-10-01 10:36:41,793 step=9190 train=2.68369 val=None lr=0.000131522
2026-10-01 10:36:44,486 step=9200 train=2.41760 val=2.3996073961257935 lr=0.000131254
2026-10-01 10:36:45,982 step=9210 train=2.31885 val=None lr=0.000130985
2026-10-01 10:36:47,551 step=9220 train=2.89782 val=None lr=0.000130718
2026-10-01 10:36:48,827 step=9230 train=2.50747 val=None lr=0.00013045
2026-10-01 10:36:50,103 step=9240 train=2.45059 val=None lr=0.000130182
2026-10-01 10:36:51,755 step=9250 train=2.66525 val=None lr=0.000129915
2026-10-01 10:36:53,423 step=9260 train=2.46784 val=None lr=0.000129647
2026-10-01 10:36:55,021 step=9270 train=2.42742 val=None lr=0.00012938
2026-10-01 10:36:56,443 step=9280 train=2.56127 val=None lr=0.000129113
2026-10-01 10:36:57,714 step=9290 train=2.53164 val=None lr=0.000128846
2026-10-01 10:37:00,373 step=9300 train=2.44863 val=2.3962067127227784 lr=0.000128579
2026-10-01 10:37:01,607 step=9310 train=2.47458 val=None lr=0.000128313
2026-10-01 10:37:02,811 step=9320 train=2.58790 val=None lr=0.000128046
2026-10-01 10:37:02,476 step=9330 train=2.21252 val=None lr=0.00012778
2026-10-01 10:37:03,708 step=9340 train=2.36184 val=None lr=0.000127514
2026-10-01 10:37:04,946 step=9350 train=2.26110 val=None lr=0.000127248
2026-10-01 10:37:06,134 step=9360 train=2.51962 val=None lr=0.000126982
2026-10-01 10:37:07,375 step=9370 train=2.34255 val=None lr=0.000126716
2026-10-01 10:37:08,663 step=9380 train=2.52589 val=None lr=0.000126451
2026-10-01 10:37:10,128 step=9390 train=2.47699 val=None lr=0.000126185
2026-10-01 10:37:12,691 step=9400 train=2.40729 val=2.392262649536133 lr=0.00012592
2026-10-01 10:37:14,049 step=9410 train=2.42809 val=None lr=0.000125655
2026-10-01 10:37:15,441 step=9420 train=2.59884 val=None lr=0.00012539
2026-10-01 10:37:16,813 step=9430 train=2.28852 val=None lr=0.000125126
2026-10-01 10:37:18,322 step=9440 train=2.65407 val=None lr=0.000124861
2026-10-01 10:37:20,012 step=9450 train=2.33189 val=None lr=0.000124597
2026-10-01 10:37:21,323 step=9460 train=2.24371 val=None lr=0.000124332
2026-10-01 10:37:22,621 step=9470 train=2.45891 val=None lr=0.000124068
2026-10-01 10:37:23,982 step=9480 train=2.45298 val=None lr=0.000123805
2026-10-01 10:37:25,310 step=9490 train=2.41223 val=None lr=0.000123541
2026-10-01 10:37:27,880 step=9500 train=2.43124 val=2.3905104637145995 lr=0.000123277
2026-10-01 10:37:30,265 step=9510 train=2.38070 val=None lr=0.000123014
2026-10-01 10:37:31,719 step=9520 train=2.68204 val=None lr=0.000122751
2026-10-01 10:37:32,879 step=9530 train=2.53138 val=None lr=0.000122488
2026-10-01 10:37:34,175 step=9540 train=2.40873 val=None lr=0.000122225
2026-10-01 10:37:34,068 step=9550 train=2.58326 val=None lr=0.000121963
2026-10-01 10:37:35,297 step=9560 train=2.44398 val=None lr=0.0001217
2026-10-01 10:37:36,587 step=9570 train=2.40545 val=None lr=0.000121438
2026-10-01 10:37:37,758 step=9580 train=2.42395 val=None lr=0.000121176
2026-10-01 10:37:38,883 step=9590 train=2.55584 val=None lr=0.000120914
2026-10-01 10:37:41,236 step=9600 train=2.27701 val=2.3847782135009767 lr=0.000120652
2026-10-01 10:37:42,617 step=9610 train=2.67141 val=None lr=0.000120391
2026-10-01 10:37:44,365 step=9620 train=2.40337 val=None lr=0.00012013
2026-10-01 10:37:45,504 step=9630 train=2.42650 val=None lr=0.000119868
2026-10-01 10:37:47,229 step=9640 train=2.32974 val=None lr=0.000119607
2026-10-01 10:37:48,647 step=9650 train=2.23189 val=None lr=0.000119347
2026-10-01 10:37:49,907 step=9660 train=2.35090 val=None lr=0.000119086
2026-10-01 10:37:51,285 step=9670 train=2.27879 val=None lr=0.000118826
2026-10-01 10:37:52,574 step=9680 train=2.95909 val=None lr=0.000118566
2026-10-01 10:37:53,841 step=9690 train=2.37897 val=None lr=0.000118306
2026-10-01 10:37:56,071 step=9700 train=2.49137 val=2.3776928186416626 lr=0.000118046
2026-10-01 10:37:57,439 step=9710 train=2.32028 val=None lr=0.000117786
2026-10-01 10:37:58,922 step=9720 train=2.77946 val=None lr=0.000117527
2026-10-01 10:38:00,274 step=9730 train=2.30854 val=None lr=0.000117268
2026-10-01 10:38:01,557 step=9740 train=2.43516 val=None lr=0.000117009
2026-10-01 10:38:02,883 step=9750 train=2.33064 val=None lr=0.00011675
2026-10-01 10:38:04,134 step=9760 train=2.34838 val=None lr=0.000116491
2026-10-01 10:38:05,304 step=9770 train=2.48243 val=None lr=0.000116233
2026-10-01 10:38:05,014 step=9780 train=2.50902 val=None lr=0.000115975
2026-10-01 10:38:06,375 step=9790 train=2.16247 val=None lr=0.000115717
2026-10-01 10:38:08,673 step=9800 train=2.45722 val=2.3736300826072694 lr=0.000115459
2026-10-01 10:38:09,861 step=9810 train=2.53896 val=None lr=0.000115202
2026-10-01 10:38:11,143 step=9820 train=2.39756 val=None lr=0.000114944
2026-10-01 10:38:12,390 step=9830 train=2.36706 val=None lr=0.000114687
2026-10-01 10:38:13,581 step=9840 train=2.31637 val=None lr=0.00011443
2026-10-01 10:38:14,741 step=9850 train=2.43142 val=None lr=0.000114174
2026-10-01 10:38:16,028 step=9860 train=2.40815 val=None lr=0.000113917
2026-10-01 10:38:17,196 step=9870 train=2.77630 val=None lr=0.000113661
2026-10-01 10:38:18,401 step=9880 train=2.45972 val=None lr=0.000113405
2026-10-01 10:38:19,555 step=9890 train=2.39511 val=None lr=0.000113149
2026-10-01 10:38:21,709 step=9900 train=2.34446 val=2.3689925193786623 lr=0.000112893
2026-10-01 10:38:22,881 step=9910 train=2.31061 val=None lr=0.000112638
2026-10-01 10:38:24,151 step=9920 train=2.51944 val=None lr=0.000112383
2026-10-01 10:38:25,399 step=9930 train=2.33881 val=None lr=0.000112128
2026-10-01 10:38:26,524 step=9940 train=2.31671 val=None lr=0.000111873
2026-10-01 10:38:27,848 step=9950 train=2.50654 val=None lr=0.000111619
2026-10-01 10:38:29,025 step=9960 train=2.62518 val=None lr=0.000111364
2026-10-01 10:38:30,253 step=9970 train=2.41650 val=None lr=0.00011111
2026-10-01 10:38:31,486 step=9980 train=2.34160 val=None lr=0.000110857
2026-10-01 10:38:32,673 step=9990 train=2.54845 val=None lr=0.000110603
2026-10-01 10:38:35,055 step=10000 train=2.48016 val=2.3648096203804014 lr=0.00011035
2026-10-01 10:38:35,988 step=10010 train=2.42419 val=None lr=0.000110096
2026-10-01 10:38:37,345 step=10020 train=2.58939 val=None lr=0.000109844
2026-10-01 10:38:38,612 step=10030 train=2.32006 val=None lr=0.000109591
2026-10-01 10:38:40,038 step=10040 train=2.29143 val=None lr=0.000109338
2026-10-01 10:38:41,250 step=10050 train=2.45315 val=None lr=0.000109086
2026-10-01 10:38:42,423 step=10060 train=2.70747 val=None lr=0.000108834
2026-10-01 10:38:43,674 step=10070 train=2.67611 val=None lr=0.000108583
2026-10-01 10:38:44,896 step=10080 train=2.40767 val=None lr=0.000108331
2026-10-01 10:38:46,156 step=10090 train=2.12830 val=None lr=0.00010808
2026-10-01 10:38:48,459 step=10100 train=2.59706 val=2.3637584805488587 lr=0.000107829
2026-10-01 10:38:49,668 step=10110 train=2.49642 val=None lr=0.000107578
2026-10-01 10:38:50,815 step=10120 train=2.37808 val=None lr=0.000107327
2026-10-01 10:38:52,405 step=10130 train=2.58531 val=None lr=0.000107077
2026-10-01 10:38:53,886 step=10140 train=2.45540 val=None lr=0.000106827
2026-10-01 10:38:55,150 step=10150 train=2.20605 val=None lr=0.000106577
2026-10-01 10:38:56,431 step=10160 train=2.29022 val=None lr=0.000106328
2026-10-01 10:38:57,624 step=10170 train=2.41184 val=None lr=0.000106078
2026-10-01 10:38:58,919 step=10180 train=2.44043 val=None lr=0.000105829
2026-10-01 10:39:00,135 step=10190 train=2.38997 val=None lr=0.00010558
2026-10-01 10:39:02,303 step=10200 train=2.37227 val=2.358841300010681 lr=0.000105332
2026-10-01 10:39:03,465 step=10210 train=2.40507 val=None lr=0.000105084
2026-10-01 10:39:04,996 step=10220 train=2.45815 val=None lr=0.000104836
2026-10-01 10:39:06,420 step=10230 train=2.38683 val=None lr=0.000104588
2026-10-01 10:39:06,202 step=10240 train=2.37081 val=None lr=0.00010434
2026-10-01 10:39:07,408 step=10250 train=2.34405 val=None lr=0.000104093
2026-10-01 10:39:08,505 step=10260 train=2.27275 val=None lr=0.000103846
2026-10-01 10:39:09,615 step=10270 train=2.45974 val=None lr=0.000103599
2026-10-01 10:39:10,834 step=10280 train=2.32047 val=None lr=0.000103352
2026-10-01 10:39:12,454 step=10290 train=2.49677 val=None lr=0.000103106
2026-10-01 10:39:15,013 step=10300 train=2.55275 val=2.3557119011878966 lr=0.00010286
2026-10-01 10:39:16,158 step=10310 train=2.33514 val=None lr=0.000102614
2026-10-01 10:39:17,347 step=10320 train=2.40519 val=None lr=0.000102369
2026-10-01 10:39:18,593 step=10330 train=2.14405 val=None lr=0.000102124
2026-10-01 10:39:20,058 step=10340 train=2.51588 val=None lr=0.000101879
2026-10-01 10:39:21,222 step=10350 train=2.22756 val=None lr=0.000101634
2026-10-01 10:39:22,374 step=10360 train=2.04447 val=None lr=0.00010139
2026-10-01 10:39:23,756 step=10370 train=2.34834 val=None lr=0.000101146
2026-10-01 10:39:24,952 step=10380 train=2.46980 val=None lr=0.000100902
2026-10-01 10:39:26,170 step=10390 train=2.16304 val=None lr=0.000100658
2026-10-01 10:39:28,381 step=10400 train=2.55052 val=2.3522363185882567 lr=0.000100415
2026-10-01 10:39:29,669 step=10410 train=2.35489 val=None lr=0.000100172
2026-10-01 10:39:31,199 step=10420 train=2.40098 val=None lr=9.99288e-05
2026-10-01 10:39:32,459 step=10430 train=2.59416 val=None lr=9.96863e-05
2026-10-01 10:39:33,784 step=10440 train=2.57894 val=None lr=9.9444e-05
2026-10-01 10:39:35,311 step=10450 train=2.52227 val=None lr=9.9202e-05
2026-10-01 10:39:36,526 step=10460 train=2.50458 val=None lr=9.89603e-05
2026-10-01 10:39:37,701 step=10470 train=2.19183 val=None lr=9.87189e-05
2026-10-01 10:39:37,366 step=10480 train=2.30572 val=None lr=9.84778e-05
2026-10-01 10:39:38,622 step=10490 train=2.35307 val=None lr=9.82369e-05
2026-10-01 10:39:40,868 step=10500 train=2.45795 val=2.3493797898292543 lr=9.79963e-05
2026-10-01 10:39:43,267 step=10510 train=2.09453 val=None lr=9.7756e-05
2026-10-01 10:39:44,481 step=10520 train=2.34097 val=None lr=9.7516e-05
2026-10-01 10:39:45,735 step=10530 train=2.52497 val=None lr=9.72763e-05
2026-10-01 10:39:46,977 step=10540 train=2.48220 val=None lr=9.70368e-05
2026-10-01 10:39:48,368 step=10550 train=2.39988 val=None lr=9.67976e-05
2026-10-01 10:39:49,575 step=10560 train=2.81343 val=None lr=9.65588e-05
2026-10-01 10:39:50,933 step=10570 train=2.23395 val=None lr=9.63202e-05
2026-10-01 10:39:52,279 step=10580 train=2.60607 val=None lr=9.60819e-05
2026-10-01 10:39:53,486 step=10590 train=2.27502 val=None lr=9.58439e-05
2026-10-01 10:39:55,700 step=10600 train=2.32265 val=2.3449961066246034 lr=9.56062e-05
2026-10-01 10:39:56,889 step=10610 train=2.31864 val=None lr=9.53687e-05
2026-10-01 10:39:58,101 step=10620 train=2.51066 val=None lr=9.51316e-05
2026-10-01 10:39:59,370 step=10630 train=2.16703 val=None lr=9.48948e-05
2026-10-01 10:40:00,641 step=10640 train=2.30894 val=None lr=9.46582e-05
2026-10-01 10:40:01,940 step=10650 train=2.46625 val=None lr=9.4422e-05
2026-10-01 10:40:03,256 step=10660 train=2.24487 val=None lr=9.4186e-05
2026-10-01 10:40:04,440 step=10670 train=2.46114 val=None lr=9.39504e-05
2026-10-01 10:40:05,562 step=10680 train=2.35561 val=None lr=9.3715e-05
2026-10-01 10:40:06,923 step=10690 train=2.31963 val=None lr=9.348e-05
2026-10-01 10:40:08,774 step=10700 train=2.36296 val=2.345655310153961 lr=9.32452e-05
2026-10-01 10:40:08,492 step=10710 train=2.15375 val=None lr=9.30107e-05
2026-10-01 10:40:09,720 step=10720 train=2.65465 val=None lr=9.27766e-05
2026-10-01 10:40:10,869 step=10730 train=2.21768 val=None lr=9.25428e-05
2026-10-01 10:40:12,061 step=10740 train=2.40347 val=None lr=9.23092e-05
2026-10-01 10:40:13,301 step=10750 train=2.31570 val=None lr=9.2076e-05
2026-10-01 10:40:14,668 step=10760 train=2.48756 val=None lr=9.18431e-05
2026-10-01 10:40:16,275 step=10770 train=2.50827 val=None lr=9.16104e-05
2026-10-01 10:40:17,541 step=10780 train=2.52171 val=None lr=9.13781e-05
2026-10-01 10:40:18,817 step=10790 train=2.40819 val=None lr=9.11461e-05
2026-10-01 10:40:21,162 step=10800 train=2.60381 val=2.3374046444892884 lr=9.09144e-05
2026-10-01 10:40:22,528 step=10810 train=2.31169 val=None lr=9.06831e-05
2026-10-01 10:40:23,787 step=10820 train=2.37112 val=None lr=9.0452e-05
2026-10-01 10:40:25,002 step=10830 train=2.56029 val=None lr=9.02213e-05
2026-10-01 10:40:26,244 step=10840 train=2.40767 val=None lr=8.99908e-05
2026-10-01 10:40:27,653 step=10850 train=2.17428 val=None lr=8.97607e-05
2026-10-01 10:40:28,917 step=10860 train=2.48565 val=None lr=8.95309e-05
2026-10-01 10:40:30,093 step=10870 train=2.54564 val=None lr=8.93014e-05
2026-10-01 10:40:31,320 step=10880 train=2.36604 val=None lr=8.90722e-05
2026-10-01 10:40:32,485 step=10890 train=2.23415 val=None lr=8.88434e-05
2026-10-01 10:40:34,384 step=10900 train=2.27551 val=2.3392745733261107 lr=8.86149e-05
2026-10-01 10:40:35,724 step=10910 train=2.04761 val=None lr=8.83867e-05
2026-10-01 10:40:37,026 step=10920 train=2.47373 val=None lr=8.81588e-05
2026-10-01 10:40:38,375 step=10930 train=2.32665 val=None lr=8.79312e-05
2026-10-01 10:40:39,623 step=10940 train=2.16816 val=None lr=8.7704e-05
2026-10-01 10:40:39,353 step=10950 train=2.44912 val=None lr=8.74771e-05
2026-10-01 10:40:40,557 step=10960 train=2.43622 val=None lr=8.72505e-05
2026-10-01 10:40:41,739 step=10970 train=2.46002 val=None lr=8.70242e-05
2026-10-01 10:40:42,988 step=10980 train=2.35994 val=None lr=8.67983e-05
2026-10-01 10:40:44,309 step=10990 train=2.57109 val=None lr=8.65727e-05
2026-10-01 10:40:46,770 step=11000 train=2.20729 val=2.3339112877845762 lr=8.63475e-05
2026-10-01 10:40:49,063 step=11010 train=2.58554 val=None lr=8.61225e-05
2026-10-01 10:40:50,359 step=11020 train=2.34194 val=None lr=8.58979e-05
2026-10-01 10:40:51,832 step=11030 train=2.30353 val=None lr=8.56736e-05
2026-10-01 10:40:52,956 step=11040 train=2.44660 val=None lr=8.54497e-05
2026-10-01 10:40:54,343 step=11050 train=2.39355 val=None lr=8.52261e-05
2026-10-01 10:40:55,793 step=11060 train=2.07134 val=None lr=8.50028e-05
2026-10-01 10:40:57,091 step=11070 train=2.27810 val=None lr=8.47799e-05
2026-10-01 10:40:58,337 step=11080 train=2.77633 val=None lr=8.45573e-05
2026-10-01 10:40:59,611 step=11090 train=2.47878 val=None lr=8.43351e-05
2026-10-01 10:41:02,011 step=11100 train=2.31980 val=2.331437575817108 lr=8.41131e-05
2026-10-01 10:41:03,343 step=11110 train=2.50457 val=None lr=8.38916e-05
2026-10-01 10:41:04,755 step=11120 train=2.33092 val=None lr=8.36703e-05
2026-10-01 10:41:06,151 step=11130 train=2.15374 val=None lr=8.34494e-05
2026-10-01 10:41:07,481 step=11140 train=2.87574 val=None lr=8.32289e-05
2026-10-01 10:41:08,718 step=11150 train=2.85624 val=None lr=8.30087e-05
2026-10-01 10:41:10,125 step=11160 train=2.39773 val=None lr=8.27888e-05
2026-10-01 10:41:11,296 step=11170 train=2.28062 val=None lr=8.25693e-05
2026-10-01 10:41:11,065 step=11180 train=2.56108 val=None lr=8.23502e-05
2026-10-01 10:41:12,462 step=11190 train=2.29068 val=None lr=8.21313e-05
2026-10-01 10:41:14,848 step=11200 train=2.35287 val=2.3280352473258974 lr=8.19129e-05
2026-10-01 10:41:16,182 step=11210 train=2.55926 val=None lr=8.16947e-05
2026-10-01 10:41:17,492 step=11220 train=2.58961 val=None lr=8.1477e-05
2026-10-01 10:41:18,700 step=11230 train=2.23231 val=None lr=8.12596e-05
2026-10-01 10:41:20,008 step=11240 train=2.37033 val=None lr=8.10425e-05
2026-10-01 10:41:21,289 step=11250 train=2.44993 val=None lr=8.08258e-05
2026-10-01 10:41:22,555 step=11260 train=2.21746 val=None lr=8.06094e-05
2026-10-01 10:41:23,776 step=11270 train=2.25388 val=None lr=8.03934e-05
2026-10-01 10:41:25,069 step=11280 train=2.60659 val=None lr=8.01778e-05
2026-10-01 10:41:26,213 step=11290 train=2.39691 val=None lr=7.99625e-05
2026-10-01 10:41:28,618 step=11300 train=2.27629 val=2.3272215485572816 lr=7.97476e-05
2026-10-01 10:41:29,899 step=11310 train=2.35871 val=None lr=7.9533e-05
2026-10-01 10:41:31,158 step=11320 train=2.57190 val=None lr=7.93188e-05
2026-10-01 10:41:32,511 step=11330 train=2.56650 val=None lr=7.91049e-05
2026-10-01 10:41:33,804 step=11340 train=2.16851 val=None lr=7.88914e-05
2026-10-01 10:41:35,046 step=11350 train=2.32317 val=None lr=7.86783e-05
2026-10-01 10:41:36,606 step=11360 train=2.31757 val=None lr=7.84655e-05
2026-10-01 10:41:37,892 step=11370 train=2.35789 val=None lr=7.82531e-05
2026-10-01 10:41:39,311 step=11380 train=2.26025 val=None lr=7.80411e-05
2026-10-01 10:41:40,451 step=11390 train=2.23953 val=None lr=7.78294e-05
2026-10-01 10:41:41,218 step=11400 train=2.29904 val=2.324663281440735 lr=7.76181e-05
2026-10-01 10:41:42,402 step=11410 train=2.43155 val=None lr=7.74072e-05
2026-10-01 10:41:43,614 step=11420 train=2.55360 val=None lr=7.71966e-05
2026-10-01 10:41:44,841 step=11430 train=2.29264 val=None lr=7.69864e-05
2026-10-01 10:41:46,076 step=11440 train=2.80088 val=None lr=7.67766e-05
2026-10-01 10:41:47,373 step=11450 train=2.44168 val=None lr=7.65672e-05
2026-10-01 10:41:48,717 step=11460 train=2.46172 val=None lr=7.63581e-05
2026-10-01 10:41:49,946 step=11470 train=2.26698 val=None lr=7.61494e-05
2026-10-01 10:41:51,285 step=11480 train=2.56159 val=None lr=7.5941e-05
2026-10-01 10:41:52,652 step=11490 train=2.48290 val=None lr=7.57331e-05
2026-10-01 10:41:55,100 step=11500 train=2.11202 val=2.32158887386322 lr=7.55255e-05
2026-10-01 10:41:57,399 step=11510 train=2.33365 val=None lr=7.53183e-05
2026-10-01 10:41:58,766 step=11520 train=2.44302 val=None lr=7.51115e-05
2026-10-01 10:41:59,991 step=11530 train=2.20251 val=None lr=7.4905e-05
2026-10-01 10:42:01,166 step=11540 train=2.21310 val=None lr=7.46989e-05
2026-10-01 10:42:02,557 step=11550 train=2.35621 val=None lr=7.44932e-05
2026-10-01 10:42:03,993 step=11560 train=2.74633 val=None lr=7.42879e-05
2026-10-01 10:42:05,292 step=11570 train=2.37869 val=None lr=7.4083e-05
2026-10-01 10:42:06,723 step=11580 train=2.52009 val=None lr=7.38785e-05
2026-10-01 10:42:07,971 step=11590 train=2.03233 val=None lr=7.36743e-05
2026-10-01 10:42:10,382 step=11600 train=2.21625 val=2.318676710128784 lr=7.34705e-05
2026-10-01 10:42:11,605 step=11610 train=2.24916 val=None lr=7.32671e-05
2026-10-01 10:42:12,726 step=11620 train=2.43056 val=None lr=7.30641e-05
2026-10-01 10:42:12,445 step=11630 train=2.38596 val=None lr=7.28615e-05
2026-10-01 10:42:13,668 step=11640 train=2.37015 val=None lr=7.26593e-05
2026-10-01 10:42:15,004 step=11650 train=2.38474 val=None lr=7.24574e-05
2026-10-01 10:42:16,582 step=11660 train=2.29343 val=None lr=7.2256e-05
2026-10-01 10:42:17,775 step=11670 train=2.25848 val=None lr=7.20549e-05
2026-10-01 10:42:19,049 step=11680 train=2.55650 val=None lr=7.18542e-05
2026-10-01 10:42:20,294 step=11690 train=2.34398 val=None lr=7.16539e-05
2026-10-01 10:42:22,618 step=11700 train=2.50923 val=2.3168707847595216 lr=7.1454e-05
2026-10-01 10:42:24,163 step=11710 train=2.23091 val=None lr=7.12546e-05
2026-10-01 10:42:25,578 step=11720 train=2.47643 val=None lr=7.10555e-05
2026-10-01 10:42:27,076 step=11730 train=2.38320 val=None lr=7.08567e-05
2026-10-01 10:42:28,360 step=11740 train=2.28952 val=None lr=7.06584e-05
2026-10-01 10:42:29,685 step=11750 train=2.63405 val=None lr=7.04605e-05
2026-10-01 10:42:31,084 step=11760 train=2.34283 val=None lr=7.0263e-05
2026-10-01 10:42:32,268 step=11770 train=2.36566 val=None lr=7.00659e-05
2026-10-01 10:42:33,728 step=11780 train=2.38933 val=None lr=6.98692e-05
2026-10-01 10:42:35,140 step=11790 train=2.53153 val=None lr=6.96729e-05
2026-10-01 10:42:37,762 step=11800 train=2.51103 val=2.312498462200165 lr=6.9477e-05
2026-10-01 10:42:39,146 step=11810 train=2.23277 val=None lr=6.92814e-05
2026-10-01 10:42:40,351 step=11820 train=2.49217 val=None lr=6.90863e-05
2026-10-01 10:42:41,583 step=11830 train=2.41921 val=None lr=6.88916e-05
2026-10-01 10:42:43,040 step=11840 train=2.61525 val=None lr=6.86973e-05
2026-10-01 10:42:44,303 step=11850 train=2.36705 val=None lr=6.85034e-05
2026-10-01 10:42:44,142 step=11860 train=2.21974 val=None lr=6.83099e-05
2026-10-01 10:42:45,609 step=11870 train=2.29406 val=None lr=6.81169e-05
2026-10-01 10:42:46,898 step=11880 train=2.40559 val=None lr=6.79242e-05
2026-10-01 10:42:48,127 step=11890 train=2.34046 val=None lr=6.77319e-05
2026-10-01 10:42:50,415 step=11900 train=2.37046 val=2.3110298037528993 lr=6.75401e-05
2026-10-01 10:42:51,601 step=11910 train=2.19275 val=None lr=6.73486e-05
2026-10-01 10:42:52,797 step=11920 train=2.68407 val=None lr=6.71576e-05
2026-10-01 10:42:54,264 step=11930 train=2.28867 val=None lr=6.6967e-05
2026-10-01 10:42:55,444 step=11940 train=2.70931 val=None lr=6.67768e-05
2026-10-01 10:42:56,656 step=11950 train=1.98961 val=None lr=6.6587e-05
2026-10-01 10:42:57,769 step=11960 train=2.35737 val=None lr=6.63976e-05
2026-10-01 10:42:59,290 step=11970 train=2.41394 val=None lr=6.62086e-05
2026-10-01 10:43:00,633 step=11980 train=2.15097 val=None lr=6.60201e-05
2026-10-01 10:43:01,840 step=11990 train=2.59910 val=None lr=6.58319e-05
2026-10-01 10:43:04,346 step=12000 train=2.52813 val=2.310972213745117 lr=6.56442e-05
2026-10-01 10:43:06,833 step=12010 train=2.34659 val=None lr=6.54569e-05
2026-10-01 10:43:08,034 step=12020 train=2.46484 val=None lr=6.527e-05
2026-10-01 10:43:09,402 step=12030 train=2.32929 val=None lr=6.50836e-05
2026-10-01 10:43:10,579 step=12040 train=2.16153 val=None lr=6.48975e-05
2026-10-01 10:43:11,959 step=12050 train=2.62125 val=None lr=6.47119e-05
2026-10-01 10:43:13,379 step=12060 train=2.39123 val=None lr=6.45267e-05
2026-10-01 10:43:14,562 step=12070 train=2.41643 val=None lr=6.43419e-05
2026-10-01 10:43:14,253 step=12080 train=2.16746 val=None lr=6.41576e-05
2026-10-01 10:43:15,649 step=12090 train=2.69564 val=None lr=6.39737e-05
2026-10-01 10:43:17,892 step=12100 train=2.22836 val=2.30687016248703 lr=6.37902e-05
2026-10-01 10:43:19,356 step=12110 train=2.51025 val=None lr=6.36071e-05
2026-10-01 10:43:20,624 step=12120 train=2.40883 val=None lr=6.34244e-05
2026-10-01 10:43:21,839 step=12130 train=2.19526 val=None lr=6.32422e-05
2026-10-01 10:43:23,540 step=12140 train=2.10388 val=None lr=6.30604e-05
2026-10-01 10:43:24,993 step=12150 train=2.42014 val=None lr=6.28791e-05
2026-10-01 10:43:26,348 step=12160 train=2.26540 val=None lr=6.26981e-05
2026-10-01 10:43:27,635 step=12170 train=2.26170 val=None lr=6.25176e-05
2026-10-01 10:43:28,761 step=12180 train=2.43357 val=None lr=6.23376e-05
2026-10-01 10:43:29,895 step=12190 train=2.31610 val=None lr=6.21579e-05
2026-10-01 10:43:32,218 step=12200 train=2.43469 val=2.303640365600586 lr=6.19787e-05
2026-10-01 10:43:33,450 step=12210 train=2.42397 val=None lr=6.17999e-05
2026-10-01 10:43:35,064 step=12220 train=2.14274 val=None lr=6.16216e-05
2026-10-01 10:43:36,592 step=12230 train=2.46974 val=None lr=6.14437e-05
2026-10-01 10:43:37,886 step=12240 train=2.59510 val=None lr=6.12662e-05
2026-10-01 10:43:39,150 step=12250 train=2.41303 val=None lr=6.10892e-05
2026-10-01 10:43:40,664 step=12260 train=2.06135 val=None lr=6.09126e-05
2026-10-01 10:43:41,861 step=12270 train=2.35327 val=None lr=6.07364e-05
2026-10-01 10:43:43,206 step=12280 train=2.25890 val=None lr=6.05607e-05
2026-10-01 10:43:44,621 step=12290 train=2.20938 val=None lr=6.03855e-05
2026-10-01 10:43:45,475 step=12300 train=2.30403 val=2.3031032562255858 lr=6.02106e-05
2026-10-01 10:43:46,998 step=12310 train=2.41850 val=None lr=6.00362e-05
2026-10-01 10:43:48,265 step=12320 train=2.32838 val=None lr=5.98623e-05
2026-10-01 10:43:49,536 step=12330 train=2.35557 val=None lr=5.96888e-05
2026-10-01 10:43:51,021 step=12340 train=2.37937 val=None lr=5.95157e-05
2026-10-01 10:43:52,325 step=12350 train=2.23717 val=None lr=5.93431e-05
2026-10-01 10:43:53,685 step=12360 train=2.27825 val=None lr=5.91709e-05
2026-10-01 10:43:54,975 step=12370 train=2.71406 val=None lr=5.89991e-05
2026-10-01 10:43:56,207 step=12380 train=2.32231 val=None lr=5.88279e-05
2026-10-01 10:43:57,542 step=12390 train=2.42590 val=None lr=5.8657e-05
2026-10-01 10:43:59,799 step=12400 train=2.24113 val=2.3009779810905457 lr=5.84866e-05
2026-10-01 10:44:01,121 step=12410 train=2.31617 val=None lr=5.83167e-05
2026-10-01 10:44:02,463 step=12420 train=2.51228 val=None lr=5.81472e-05
2026-10-01 10:44:03,619 step=12430 train=2.38526 val=None lr=5.79781e-05
2026-10-01 10:44:04,881 step=12440 train=2.59429 val=None lr=5.78095e-05
2026-10-01 10:44:06,091 step=12450 train=2.22563 val=None lr=5.76414e-05
2026-10-01 10:44:07,420 step=12460 train=2.34833 val=None lr=5.74737e-05
2026-10-01 10:44:08,665 step=12470 train=2.43351 val=None lr=5.73065e-05
2026-10-01 10:44:09,895 step=12480 train=2.24505 val=None lr=5.71397e-05
2026-10-01 10:44:11,241 step=12490 train=2.33323 val=None lr=5.69733e-05
2026-10-01 10:44:13,714 step=12500 train=2.30023 val=2.2978718996047975 lr=5.68075e-05
2026-10-01 10:44:16,016 step=12510 train=2.46178 val=None lr=5.6642e-05
2026-10-01 10:44:15,712 step=12520 train=2.29589 val=None lr=5.64771e-05
2026-10-01 10:44:16,993 step=12530 train=2.50426 val=None lr=5.63126e-05
2026-10-01 10:44:18,168 step=12540 train=2.38077 val=None lr=5.61485e-05
2026-10-01 10:44:19,650 step=12550 train=2.21521 val=None lr=5.59849e-05
2026-10-01 10:44:21,201 step=12560 train=2.40258 val=None lr=5.58218e-05
2026-10-01 10:44:22,466 step=12570 train=2.65434 val=None lr=5.56591e-05
2026-10-01 10:44:23,726 step=12580 train=2.25887 val=None lr=5.54969e-05
2026-10-01 10:44:24,952 step=12590 train=2.60925 val=None lr=5.53351e-05
2026-10-01 10:44:27,090 step=12600 train=2.17410 val=2.295417070388794 lr=5.51739e-05
2026-10-01 10:44:28,353 step=12610 train=2.26692 val=None lr=5.5013e-05
2026-10-01 10:44:29,736 step=12620 train=2.31535 val=None lr=5.48527e-05
2026-10-01 10:44:30,931 step=12630 train=2.47042 val=None lr=5.46927e-05
2026-10-01 10:44:32,309 step=12640 train=2.41106 val=None lr=5.45333e-05
2026-10-01 10:44:33,982 step=12650 train=2.12292 val=None lr=5.43743e-05
2026-10-01 10:44:35,194 step=12660 train=2.24476 val=None lr=5.42158e-05
2026-10-01 10:44:36,363 step=12670 train=2.45346 val=None lr=5.40578e-05
2026-10-01 10:44:37,576 step=12680 train=2.41220 val=None lr=5.39002e-05
2026-10-01 10:44:38,801 step=12690 train=2.26036 val=None lr=5.37431e-05
2026-10-01 10:44:40,850 step=12700 train=2.46666 val=2.2959407687187197 lr=5.35865e-05
2026-10-01 10:44:42,164 step=12710 train=2.39826 val=None lr=5.34303e-05
2026-10-01 10:44:43,539 step=12720 train=2.21131 val=None lr=5.32746e-05
2026-10-01 10:44:44,728 step=12730 train=2.24683 val=None lr=5.31194e-05
2026-10-01 10:44:46,068 step=12740 train=2.30822 val=None lr=5.29646e-05
2026-10-01 10:44:47,506 step=12750 train=2.65447 val=None lr=5.28103e-05
2026-10-01 10:44:47,216 step=12760 train=2.41674 val=None lr=5.26565e-05
2026-10-01 10:44:48,491 step=12770 train=2.31523 val=None lr=5.25031e-05
2026-10-01 10:44:49,816 step=12780 train=2.51155 val=None lr=5.23503e-05
2026-10-01 10:44:51,238 step=12790 train=2.26371 val=None lr=5.21979e-05
2026-10-01 10:44:53,675 step=12800 train=2.08556 val=2.294756805896759 lr=5.2046e-05
2026-10-01 10:44:54,907 step=12810 train=2.42016 val=None lr=5.18945e-05
2026-10-01 10:44:56,215 step=12820 train=2.20406 val=None lr=5.17435e-05
2026-10-01 10:44:57,554 step=12830 train=2.29641 val=None lr=5.1593e-05
2026-10-01 10:44:58,882 step=12840 train=2.35704 val=None lr=5.1443e-05
2026-10-01 10:45:00,107 step=12850 train=2.59775 val=None lr=5.12935e-05
2026-10-01 10:45:01,508 step=12860 train=2.44183 val=None lr=5.11444e-05
2026-10-01 10:45:03,019 step=12870 train=2.41864 val=None lr=5.09958e-05
2026-10-01 10:45:04,260 step=12880 train=2.23149 val=None lr=5.08477e-05
2026-10-01 10:45:05,585 step=12890 train=2.31285 val=None lr=5.07001e-05
2026-10-01 10:45:07,906 step=12900 train=2.69771 val=2.29204124212265 lr=5.0553e-05
2026-10-01 10:45:09,072 step=12910 train=2.36738 val=None lr=5.04063e-05
2026-10-01 10:45:10,353 step=12920 train=2.32623 val=None lr=5.02602e-05
2026-10-01 10:45:11,532 step=12930 train=2.42447 val=None lr=5.01145e-05
2026-10-01 10:45:12,749 step=12940 train=2.06856 val=None lr=4.99693e-05
2026-10-01 10:45:13,950 step=12950 train=2.42113 val=None lr=4.98245e-05
2026-10-01 10:45:15,123 step=12960 train=2.16953 val=None lr=4.96803e-05
2026-10-01 10:45:16,398 step=12970 train=2.38024 val=None lr=4.95365e-05
2026-10-01 10:45:17,688 step=12980 train=2.21331 val=None lr=4.93933e-05
2026-10-01 10:45:19,106 step=12990 train=2.28111 val=None lr=4.92505e-05
2026-10-01 10:45:19,908 step=13000 train=2.31024 val=2.2904422640800477 lr=4.91082e-05
2026-10-01 10:45:22,418 step=13010 train=2.47092 val=None lr=4.89664e-05
2026-10-01 10:45:23,572 step=13020 train=2.55742 val=None lr=4.88251e-05
2026-10-01 10:45:24,891 step=13030 train=2.37268 val=None lr=4.86842e-05
2026-10-01 10:45:26,057 step=13040 train=2.42229 val=None lr=4.85439e-05
2026-10-01 10:45:27,247 step=13050 train=2.19706 val=None lr=4.84041e-05
2026-10-01 10:45:28,568 step=13060 train=2.33405 val=None lr=4.82647e-05
2026-10-01 10:45:29,786 step=13070 train=2.34687 val=None lr=4.81258e-05
2026-10-01 10:45:30,922 step=13080 train=2.41613 val=None lr=4.79875e-05
2026-10-01 10:45:32,068 step=13090 train=2.23766 val=None lr=4.78496e-05
2026-10-01 10:45:34,464 step=13100 train=2.13809 val=2.2892428636550903 lr=4.77122e-05
2026-10-01 10:45:35,673 step=13110 train=2.41827 val=None lr=4.75753e-05
2026-10-01 10:45:36,950 step=13120 train=2.36259 val=None lr=4.74389e-05
2026-10-01 10:45:38,218 step=13130 train=2.29164 val=None lr=4.7303e-05
2026-10-01 10:45:39,529 step=13140 train=2.07771 val=None lr=4.71676e-05
2026-10-01 10:45:40,888 step=13150 train=2.04276 val=None lr=4.70326e-05
2026-10-01 10:45:42,238 step=13160 train=2.61556 val=None lr=4.68982e-05
2026-10-01 10:45:43,570 step=13170 train=2.57926 val=None lr=4.67643e-05
2026-10-01 10:45:44,878 step=13180 train=2.03719 val=None lr=4.66309e-05
2026-10-01 10:45:46,044 step=13190 train=2.62113 val=None lr=4.6498e-05
2026-10-01 10:45:48,381 step=13200 train=2.52496 val=2.2868979573249817 lr=4.63655e-05
2026-10-01 10:45:49,583 step=13210 train=2.48756 val=None lr=4.62336e-05
2026-10-01 10:45:49,324 step=13220 train=2.25211 val=None lr=4.61022e-05
2026-10-01 10:45:50,876 step=13230 train=2.15145 val=None lr=4.59712e-05
2026-10-01 10:45:52,239 step=13240 train=2.42018 val=None lr=4.58408e-05
2026-10-01 10:45:53,481 step=13250 train=2.44595 val=None lr=4.57109e-05
2026-10-01 10:45:54,834 step=13260 train=2.29704 val=None lr=4.55815e-05
2026-10-01 10:45:56,132 step=13270 train=2.12780 val=None lr=4.54525e-05
2026-10-01 10:45:57,518 step=13280 train=2.35441 val=None lr=4.53241e-05
2026-10-01 10:45:58,964 step=13290 train=2.26990 val=None lr=4.51962e-05
2026-10-01 10:46:01,155 step=13300 train=2.13147 val=2.287274158000946 lr=4.50688e-05
2026-10-01 10:46:02,526 step=13310 train=2.67142 val=None lr=4.49419e-05
2026-10-01 10:46:03,917 step=13320 train=2.29724 val=None lr=4.48155e-05
2026-10-01 10:46:05,187 step=13330 train=2.43637 val=None lr=4.46896e-05
2026-10-01 10:46:06,548 step=13340 train=2.86352 val=None lr=4.45642e-05
2026-10-01 10:46:08,030 step=13350 train=2.35544 val=None lr=4.44393e-05
2026-10-01 10:46:09,303 step=13360 train=2.26285 val=None lr=4.4315e-05
2026-10-01 10:46:10,738 step=13370 train=2.15901 val=None lr=4.41911e-05
2026-10-01 10:46:11,987 step=13380 train=2.24641 val=None lr=4.40677e-05
2026-10-01 10:46:13,407 step=13390 train=2.24914 val=None lr=4.39449e-05
2026-10-01 10:46:15,737 step=13400 train=2.27260 val=2.2836602687835694 lr=4.38226e-05
2026-10-01 10:46:16,949 step=13410 train=2.30525 val=None lr=4.37007e-05
2026-10-01 10:46:18,152 step=13420 train=2.34947 val=None lr=4.35794e-05
2026-10-01 10:46:19,317 step=13430 train=2.30645 val=None lr=4.34586e-05
2026-10-01 10:46:20,496 step=13440 train=2.72946 val=None lr=4.33383e-05
2026-10-01 10:46:20,099 step=13450 train=2.28610 val=None lr=4.32185e-05
2026-10-01 10:46:21,440 step=13460 train=2.67844 val=None lr=4.30993e-05
2026-10-01 10:46:22,750 step=13470 train=2.35585 val=None lr=4.29805e-05
2026-10-01 10:46:24,000 step=13480 train=2.22409 val=None lr=4.28623e-05
2026-10-01 10:46:25,274 step=13490 train=2.52124 val=None lr=4.27445e-05
2026-10-01 10:46:27,532 step=13500 train=2.71208 val=2.282416653633118 lr=4.26273e-05
2026-10-01 10:46:29,863 step=13510 train=2.30924 val=None lr=4.25106e-05
2026-10-01 10:46:31,023 step=13520 train=2.44669 val=None lr=4.23944e-05
2026-10-01 10:46:32,276 step=13530 train=2.36662 val=None lr=4.22788e-05
2026-10-01 10:46:33,469 step=13540 train=2.69517 val=None lr=4.21636e-05
2026-10-01 10:46:34,724 step=13550 train=2.26670 val=None lr=4.2049e-05
2026-10-01 10:46:35,957 step=13560 train=2.32217 val=None lr=4.19349e-05
2026-10-01 10:46:37,207 step=13570 train=2.04216 val=None lr=4.18213e-05
2026-10-01 10:46:38,674 step=13580 train=2.19825 val=None lr=4.17082e-05
2026-10-01 10:46:39,813 step=13590 train=2.36871 val=None lr=4.15956e-05
2026-10-01 10:46:42,406 step=13600 train=2.40997 val=2.279680240154266 lr=4.14836e-05
2026-10-01 10:46:43,560 step=13610 train=2.16360 val=None lr=4.13721e-05
2026-10-01 10:46:44,760 step=13620 train=2.49153 val=None lr=4.12611e-05
2026-10-01 10:46:46,074 step=13630 train=2.33515 val=None lr=4.11506e-05
2026-10-01 10:46:47,219 step=13640 train=2.32389 val=None lr=4.10406e-05
2026-10-01 10:46:48,621 step=13650 train=2.34625 val=None lr=4.09312e-05
2026-10-01 10:46:49,855 step=13660 train=2.38969 val=None lr=4.08223e-05
2026-10-01 10:46:51,036 step=13670 train=2.39387 val=None lr=4.07139e-05
2026-10-01 10:46:50,576 step=13680 train=2.35303 val=None lr=4.0606e-05
2026-10-01 10:46:51,980 step=13690 train=2.16609 val=None lr=4.04987e-05
2026-10-01 10:46:54,461 step=13700 train=2.28704 val=2.2778185486793516 lr=4.03918e-05
2026-10-01 10:46:55,798 step=13710 train=2.12120 val=None lr=4.02855e-05
2026-10-01 10:46:57,057 step=13720 train=2.28188 val=None lr=4.01798e-05
2026-10-01 10:46:58,312 step=13730 train=2.35887 val=None lr=4.00745e-05
2026-10-01 10:46:59,547 step=13740 train=2.35057 val=None lr=3.99698e-05
2026-10-01 10:47:00,919 step=13750 train=2.29363 val=None lr=3.98656e-05
2026-10-01 10:47:02,357 step=13760 train=2.23466 val=None lr=3.97619e-05
2026-10-01 10:47:03,711 step=13770 train=2.15058 val=None lr=3.96588e-05
2026-10-01 10:47:04,926 step=13780 train=2.57849 val=None lr=3.95562e-05
2026-10-01 10:47:06,175 step=13790 train=2.34489 val=None lr=3.94541e-05
2026-10-01 10:47:08,510 step=13800 train=2.04616 val=2.276426303386688 lr=3.93525e-05
2026-10-01 10:47:09,656 step=13810 train=2.42972 val=None lr=3.92515e-05
2026-10-01 10:47:10,864 step=13820 train=2.34053 val=None lr=3.9151e-05
2026-10-01 10:47:12,170 step=13830 train=2.80963 val=None lr=3.9051e-05
2026-10-01 10:47:13,321 step=13840 train=2.34027 val=None lr=3.89516e-05
2026-10-01 10:47:14,497 step=13850 train=2.08482 val=None lr=3.88527e-05
2026-10-01 10:47:15,671 step=13860 train=2.84293 val=None lr=3.87543e-05
2026-10-01 10:47:16,904 step=13870 train=2.39978 val=None lr=3.86565e-05
2026-10-01 10:47:18,144 step=13880 train=2.57749 val=None lr=3.85591e-05
2026-10-01 10:47:19,351 step=13890 train=2.19719 val=None lr=3.84624e-05
2026-10-01 10:47:21,611 step=13900 train=2.34579 val=2.275705623626709 lr=3.83661e-05
2026-10-01 10:47:21,361 step=13910 train=2.31422 val=None lr=3.82704e-05
2026-10-01 10:47:22,507 step=13920 train=2.34927 val=None lr=3.81752e-05
2026-10-01 10:47:23,623 step=13930 train=2.18879 val=None lr=3.80806e-05
2026-10-01 10:47:24,941 step=13940 train=2.56059 val=None lr=3.79864e-05
2026-10-01 10:47:26,227 step=13950 train=2.62056 val=None lr=3.78929e-05
2026-10-01 10:47:27,419 step=13960 train=2.45469 val=None lr=3.77998e-05
2026-10-01 10:47:28,619 step=13970 train=2.66144 val=None lr=3.77073e-05
2026-10-01 10:47:29,818 step=13980 train=2.31288 val=None lr=3.76153e-05
2026-10-01 10:47:31,012 step=13990 train=2.77409 val=None lr=3.75239e-05
2026-10-01 10:47:33,281 step=14000 train=2.23671 val=2.274850332736969 lr=3.7433e-05
2026-10-01 10:47:35,600 step=14010 train=2.31694 val=None lr=3.73426e-05
2026-10-01 10:47:36,746 step=14020 train=2.23868 val=None lr=3.72528e-05
2026-10-01 10:47:37,922 step=14030 train=2.48852 val=None lr=3.71635e-05
2026-10-01 10:47:39,031 step=14040 train=2.49190 val=None lr=3.70748e-05
2026-10-01 10:47:40,147 step=14050 train=2.31538 val=None lr=3.69865e-05
2026-10-01 10:47:41,405 step=14060 train=2.13907 val=None lr=3.68989e-05
2026-10-01 10:47:42,528 step=14070 train=2.33998 val=None lr=3.68117e-05
2026-10-01 10:47:43,673 step=14080 train=2.43523 val=None lr=3.67251e-05
2026-10-01 10:47:44,900 step=14090 train=2.27308 val=None lr=3.66391e-05
2026-10-01 10:47:47,246 step=14100 train=2.46972 val=2.272880256175995 lr=3.65536e-05
2026-10-01 10:47:48,429 step=14110 train=2.40182 val=None lr=3.64686e-05
2026-10-01 10:47:49,642 step=14120 train=2.29784 val=None lr=3.63841e-05
2026-10-01 10:47:50,810 step=14130 train=2.49029 val=None lr=3.63003e-05
2026-10-01 10:47:52,032 step=14140 train=2.30956 val=None lr=3.62169e-05
2026-10-01 10:47:53,272 step=14150 train=2.42562 val=None lr=3.61341e-05
2026-10-01 10:47:52,917 step=14160 train=2.41851 val=None lr=3.60518e-05
2026-10-01 10:47:54,051 step=14170 train=2.44426 val=None lr=3.59701e-05
2026-10-01 10:47:55,278 step=14180 train=2.35988 val=None lr=3.58889e-05
2026-10-01 10:47:56,490 step=14190 train=2.39608 val=None lr=3.58083e-05
2026-10-01 10:47:58,640 step=14200 train=2.36569 val=2.271806228160858 lr=3.57282e-05
2026-10-01 10:47:59,786 step=14210 train=2.46425 val=None lr=3.56486e-05
2026-10-01 10:48:00,930 step=14220 train=2.33321 val=None lr=3.55696e-05
2026-10-01 10:48:02,131 step=14230 train=2.65221 val=None lr=3.54912e-05
2026-10-01 10:48:03,237 step=14240 train=2.14645 val=None lr=3.54133e-05
2026-10-01 10:48:04,789 step=14250 train=2.68286 val=None lr=3.53359e-05
2026-10-01 10:48:06,050 step=14260 train=2.35959 val=None lr=3.52591e-05
2026-10-01 10:48:07,179 step=14270 train=2.41900 val=None lr=3.51828e-05
2026-10-01 10:48:08,404 step=14280 train=2.13320 val=None lr=3.5107e-05
2026-10-01 10:48:09,590 step=14290 train=2.29793 val=None lr=3.50319e-05
2026-10-01 10:48:11,364 step=14300 train=2.24115 val=2.2719133377075194 lr=3.49572e-05
2026-10-01 10:48:12,638 step=14310 train=2.68017 val=None lr=3.48831e-05
2026-10-01 10:48:13,865 step=14320 train=2.20480 val=None lr=3.48096e-05
2026-10-01 10:48:15,130 step=14330 train=2.30483 val=None lr=3.47366e-05
2026-10-01 10:48:16,475 step=14340 train=2.06496 val=None lr=3.46641e-05
2026-10-01 10:48:17,831 step=14350 train=2.75218 val=None lr=3.45923e-05
2026-10-01 10:48:19,065 step=14360 train=2.13814 val=None lr=3.45209e-05
2026-10-01 10:48:20,392 step=14370 train=2.34760 val=None lr=3.44501e-05
2026-10-01 10:48:21,808 step=14380 train=2.28798 val=None lr=3.43798e-05
2026-10-01 10:48:22,915 step=14390 train=2.55555 val=None lr=3.43101e-05
2026-10-01 10:48:23,673 step=14400 train=2.37651 val=2.270303797721863 lr=3.4241e-05
2026-10-01 10:48:24,807 step=14410 train=2.56939 val=None lr=3.41724e-05
2026-10-01 10:48:25,964 step=14420 train=2.29702 val=None lr=3.41043e-05
2026-10-01 10:48:27,171 step=14430 train=2.16040 val=None lr=3.40368e-05
2026-10-01 10:48:28,356 step=14440 train=2.39627 val=None lr=3.39699e-05
2026-10-01 10:48:29,543 step=14450 train=2.24784 val=None lr=3.39035e-05
2026-10-01 10:48:30,745 step=14460 train=2.46623 val=None lr=3.38377e-05
2026-10-01 10:48:31,874 step=14470 train=2.59584 val=None lr=3.37724e-05
2026-10-01 10:48:33,043 step=14480 train=2.20532 val=None lr=3.37076e-05
2026-10-01 10:48:34,293 step=14490 train=2.37292 val=None lr=3.36434e-05
2026-10-01 10:48:36,496 step=14500 train=2.39556 val=2.2690691471099855 lr=3.35798e-05
2026-10-01 10:48:38,829 step=14510 train=2.15635 val=None lr=3.35167e-05
2026-10-01 10:48:40,213 step=14520 train=2.17085 val=None lr=3.34542e-05
2026-10-01 10:48:41,511 step=14530 train=2.23770 val=None lr=3.33922e-05
2026-10-01 10:48:42,736 step=14540 train=2.10740 val=None lr=3.33308e-05
2026-10-01 10:48:44,147 step=14550 train=2.25181 val=None lr=3.32699e-05
2026-10-01 10:48:45,439 step=14560 train=2.37941 val=None lr=3.32096e-05
2026-10-01 10:48:46,721 step=14570 train=2.32693 val=None lr=3.31499e-05
2026-10-01 10:48:47,949 step=14580 train=2.62730 val=None lr=3.30907e-05
2026-10-01 10:48:49,168 step=14590 train=2.41642 val=None lr=3.3032e-05
2026-10-01 10:48:51,119 step=14600 train=2.29092 val=2.269422459602356 lr=3.29739e-05
2026-10-01 10:48:52,355 step=14610 train=2.43275 val=None lr=3.29164e-05
2026-10-01 10:48:53,678 step=14620 train=2.39261 val=None lr=3.28594e-05
2026-10-01 10:48:54,908 step=14630 train=2.39394 val=None lr=3.2803e-05
2026-10-01 10:48:54,560 step=14640 train=2.36526 val=None lr=3.27471e-05
2026-10-01 10:48:55,820 step=14650 train=2.53826 val=None lr=3.26918e-05
2026-10-01 10:48:57,141 step=14660 train=2.32332 val=None lr=3.26371e-05
2026-10-01 10:48:58,396 step=14670 train=2.32254 val=None lr=3.25829e-05
2026-10-01 10:48:59,599 step=14680 train=2.32963 val=None lr=3.25292e-05
2026-10-01 10:49:01,001 step=14690 train=2.55011 val=None lr=3.24761e-05
2026-10-01 10:49:03,649 step=14700 train=1.95979 val=2.2668195247650145 lr=3.24236e-05
2026-10-01 10:49:05,126 step=14710 train=2.55930 val=None lr=3.23716e-05
2026-10-01 10:49:06,513 step=14720 train=2.36633 val=None lr=3.23202e-05
2026-10-01 10:49:07,725 step=14730 train=2.41496 val=None lr=3.22694e-05
2026-10-01 10:49:09,191 step=14740 train=2.31046 val=None lr=3.22191e-05
2026-10-01 10:49:10,625 step=14750 train=2.26568 val=None lr=3.21694e-05
2026-10-01 10:49:12,211 step=14760 train=2.40744 val=None lr=3.21202e-05
2026-10-01 10:49:13,724 step=14770 train=2.25092 val=None lr=3.20716e-05
2026-10-01 10:49:15,102 step=14780 train=2.25824 val=None lr=3.20235e-05
2026-10-01 10:49:16,465 step=14790 train=2.08030 val=None lr=3.1976e-05
2026-10-01 10:49:18,898 step=14800 train=2.15622 val=2.2653793334960937 lr=3.19291e-05
2026-10-01 10:49:20,144 step=14810 train=2.12998 val=None lr=3.18827e-05
2026-10-01 10:49:21,397 step=14820 train=2.20935 val=None lr=3.18369e-05
2026-10-01 10:49:22,755 step=14830 train=2.25015 val=None lr=3.17917e-05
2026-10-01 10:49:24,193 step=14840 train=2.35784 val=None lr=3.1747e-05
2026-10-01 10:49:25,476 step=14850 train=2.31306 val=None lr=3.17028e-05
2026-10-01 10:49:25,120 step=14860 train=2.36310 val=None lr=3.16593e-05
2026-10-01 10:49:26,420 step=14870 train=2.03987 val=None lr=3.16162e-05
2026-10-01 10:49:27,825 step=14880 train=2.15306 val=None lr=3.15738e-05
2026-10-01 10:49:29,069 step=14890 train=2.47212 val=None lr=3.15319e-05
2026-10-01 10:49:31,753 step=14900 train=2.28115 val=2.2652065753936768 lr=3.14906e-05
2026-10-01 10:49:32,980 step=14910 train=2.38322 val=None lr=3.14498e-05
2026-10-01 10:49:34,184 step=14920 train=2.35878 val=None lr=3.14096e-05
2026-10-01 10:49:35,476 step=14930 train=2.40876 val=None lr=3.137e-05
2026-10-01 10:49:36,807 step=14940 train=2.42227 val=None lr=3.13309e-05
2026-10-01 10:49:38,064 step=14950 train=2.06029 val=None lr=3.12924e-05
2026-10-01 10:49:39,298 step=14960 train=2.50070 val=None lr=3.12544e-05
2026-10-01 10:49:40,563 step=14970 train=2.12858 val=None lr=3.12171e-05
2026-10-01 10:49:41,915 step=14980 train=2.38620 val=None lr=3.11802e-05
2026-10-01 10:49:43,147 step=14990 train=2.39412 val=None lr=3.1144e-05
2026-10-01 10:49:45,432 step=15000 train=2.56363 val=2.2636720657348635 lr=3.11083e-05
2026-10-01 10:49:47,816 step=15010 train=2.11482 val=None lr=3.10731e-05
2026-10-01 10:49:49,153 step=15020 train=2.33771 val=None lr=3.10386e-05
2026-10-01 10:49:50,600 step=15030 train=2.24251 val=None lr=3.10046e-05
2026-10-01 10:49:51,995 step=15040 train=2.31003 val=None lr=3.09711e-05
2026-10-01 10:49:53,219 step=15050 train=2.22558 val=None lr=3.09382e-05
2026-10-01 10:49:54,462 step=15060 train=2.23092 val=None lr=3.09059e-05
2026-10-01 10:49:55,783 step=15070 train=2.13868 val=None lr=3.08742e-05
2026-10-01 10:49:57,092 step=15080 train=2.50877 val=None lr=3.0843e-05
2026-10-01 10:49:58,357 step=15090 train=2.25397 val=None lr=3.08124e-05
2026-10-01 10:50:00,680 step=15100 train=2.29824 val=2.263220751285553 lr=3.07823e-05
2026-10-01 10:50:02,098 step=15110 train=2.17242 val=None lr=3.07528e-05
2026-10-01 10:50:03,655 step=15120 train=2.38797 val=None lr=3.07239e-05
2026-10-01 10:50:04,975 step=15130 train=2.19042 val=None lr=3.06955e-05
2026-10-01 10:50:06,322 step=15140 train=2.45275 val=None lr=3.06677e-05
2026-10-01 10:50:07,665 step=15150 train=2.15910 val=None lr=3.06405e-05
2026-10-01 10:50:08,874 step=15160 train=2.50489 val=None lr=3.06138e-05
2026-10-01 10:50:10,094 step=15170 train=2.26047 val=None lr=3.05877e-05
2026-10-01 10:50:11,349 step=15180 train=2.59200 val=None lr=3.05622e-05
2026-10-01 10:50:10,574 step=15190 train=2.40652 val=None lr=3.05372e-05
2026-10-01 10:50:12,781 step=15200 train=2.23362 val=2.2619884967803956 lr=3.05128e-05
2026-10-01 10:50:14,053 step=15210 train=2.59446 val=None lr=3.0489e-05
2026-10-01 10:50:15,229 step=15220 train=2.28510 val=None lr=3.04657e-05
2026-10-01 10:50:16,686 step=15230 train=2.32082 val=None lr=3.0443e-05
2026-10-01 10:50:18,087 step=15240 train=2.09279 val=None lr=3.04209e-05
2026-10-01 10:50:19,495 step=15250 train=2.62735 val=None lr=3.03993e-05
2026-10-01 10:50:20,936 step=15260 train=2.48532 val=None lr=3.03783e-05
2026-10-01 10:50:22,432 step=15270 train=2.33371 val=None lr=3.03579e-05
2026-10-01 10:50:23,825 step=15280 train=2.61508 val=None lr=3.0338e-05
2026-10-01 10:50:25,366 step=15290 train=2.28289 val=None lr=3.03187e-05
2026-10-01 10:50:27,868 step=15300 train=2.47679 val=2.2600934863090516 lr=3.03e-05
2026-10-01 10:50:29,256 step=15310 train=2.20379 val=None lr=3.02818e-05
2026-10-01 10:50:30,757 step=15320 train=2.37331 val=None lr=3.02642e-05
2026-10-01 10:50:31,994 step=15330 train=2.34951 val=None lr=3.02472e-05
2026-10-01 10:50:33,174 step=15340 train=2.31306 val=None lr=3.02307e-05
2026-10-01 10:50:34,697 step=15350 train=2.50611 val=None lr=3.02148e-05
2026-10-01 10:50:35,862 step=15360 train=2.53879 val=None lr=3.01995e-05
2026-10-01 10:50:37,057 step=15370 train=2.37505 val=None lr=3.01847e-05
2026-10-01 10:50:38,203 step=15380 train=2.32316 val=None lr=3.01705e-05
2026-10-01 10:50:39,327 step=15390 train=2.25753 val=None lr=3.01569e-05
2026-10-01 10:50:41,673 step=15400 train=2.14964 val=2.260089635848999 lr=3.01438e-05
2026-10-01 10:50:41,597 step=15410 train=2.15647 val=None lr=3.01313e-05
2026-10-01 10:50:42,958 step=15420 train=2.42749 val=None lr=3.01194e-05
2026-10-01 10:50:44,181 step=15430 train=2.19060 val=None lr=3.0108e-05
2026-10-01 10:50:45,545 step=15440 train=2.30224 val=None lr=3.00972e-05
2026-10-01 10:50:46,961 step=15450 train=2.05340 val=None lr=3.0087e-05
2026-10-01 10:50:48,152 step=15460 train=2.28739 val=None lr=3.00773e-05
2026-10-01 10:50:49,357 step=15470 train=2.25406 val=None lr=3.00683e-05
2026-10-01 10:50:50,626 step=15480 train=2.09883 val=None lr=3.00597e-05
2026-10-01 10:50:51,889 step=15490 train=2.25973 val=None lr=3.00518e-05
2026-10-01 10:50:54,397 step=15500 train=2.17659 val=2.2590465545654297 lr=3.00444e-05
2026-10-01 10:50:56,762 step=15510 train=2.10676 val=None lr=3.00376e-05
2026-10-01 10:50:58,138 step=15520 train=2.24899 val=None lr=3.00313e-05
2026-10-01 10:50:59,508 step=15530 train=2.28609 val=None lr=3.00256e-05
2026-10-01 10:51:00,688 step=15540 train=2.32707 val=None lr=3.00205e-05
2026-10-01 10:51:01,951 step=15550 train=2.11580 val=None lr=3.0016e-05
2026-10-01 10:51:03,379 step=15560 train=2.45227 val=None lr=3.0012e-05
2026-10-01 10:51:04,716 step=15570 train=2.47459 val=None lr=3.00086e-05
2026-10-01 10:51:06,203 step=15580 train=2.25332 val=None lr=3.00058e-05
2026-10-01 10:51:07,728 step=15590 train=2.37414 val=None lr=3.00035e-05
2026-10-01 10:51:10,259 step=15600 train=2.25496 val=2.2586756706237794 lr=3.00018e-05
2026-10-01 10:51:11,628 step=15610 train=2.33670 val=None lr=3.00006e-05
2026-10-01 10:51:12,974 step=15620 train=2.00767 val=None lr=3.00001e-05
2026-10-01 10:51:13,135 step=15625 train=2.57441 val=2.2573427319526673 lr=3e-05
2026-10-01 10:51:14,256 Completed: final validation loss 2.257343
