step,tokens_seen,train_loss,val_loss,val_ppl,lr,elapsed_seconds
1,2048,9.21034049987793,,,9.615384615384615e-07,0.178988365999885
10,20480,9.210334777832031,,,9.615384615384614e-06,1.2043793679999908
20,40960,9.210311889648438,,,1.9230769230769228e-05,2.399352313999998
30,61440,9.210271835327148,,,2.8846153846153845e-05,3.602071727999828
40,81920,9.210208892822266,,,3.8461538461538456e-05,4.705081635999932
50,102400,9.210086822509766,,,4.807692307692308e-05,5.8424681540000165
60,122880,9.209894180297852,,,5.769230769230769e-05,6.958382475999997
70,143360,9.209524154663086,,,6.73076923076923e-05,8.086741329999995
80,163840,9.208984375,,,7.692307692307691e-05,9.422536241999978
90,184320,9.208372116088867,,,8.653846153846153e-05,10.659122344000025
100,204800,9.20704174041748,9.206952714920044,9966.180745799275,9.615384615384615e-05,12.811639532999834
110,225280,9.205409049987793,,,0.00010576923076923075,14.172599643000012
120,245760,9.203145980834961,,,0.00011538461538461538,15.460204102000034
130,266240,9.20036792755127,,,0.000125,16.71292653799992
140,286720,9.197135925292969,,,0.0001346153846153846,17.938820623999845
150,307200,9.190969467163086,,,0.00014423076923076922,19.20409828699985
160,327680,9.183454513549805,,,0.00015384615384615382,20.437163765999912
170,348160,9.171518325805664,,,0.00016346153846153846,21.647929216999955
180,368640,9.135071754455566,,,0.00017307692307692307,22.815438278999864
190,389120,9.088890075683594,,,0.00018269230769230767,24.093411564000007
200,409600,9.031862258911133,9.029057168960572,8341.990775452208,0.0001923076923076923,26.375980175999985
210,430080,8.972938537597656,,,0.00020192307692307691,27.61860132599986
220,450560,8.905570030212402,,,0.0002115384615384615,28.745957021999857
230,471040,8.846274375915527,,,0.00022115384615384613,30.180203121999966
240,491520,8.760477066040039,,,0.00023076923076923076,31.78956920099995
250,512000,8.670035362243652,,,0.00024038461538461537,33.04932987500001
260,532480,8.552835464477539,,,0.00025,34.42293477399994
270,552960,8.439443588256836,,,0.00025961538461538456,35.65788503299996
280,573440,8.327884674072266,,,0.0002692307692307692,36.84768412199992
290,593920,8.174278259277344,,,0.0002788461538461538,37.988968055999976
300,614400,7.993136405944824,7.996810793876648,2971.466241188071,0.00028846153846153843,40.625586902999885
310,634880,7.837362289428711,,,0.00029807692307692304,41.80558328699999
320,655360,7.6712188720703125,,,0.0002999998181711342,42.960649268
330,675840,7.564661026000977,,,0.00029999907949220645,44.12287603100003
340,696320,7.364818572998047,,,0.0002999977726020193,45.3156806259999
350,716800,7.15195894241333,,,0.0002999958975060734,46.41379779499994
360,737280,6.935361385345459,,,0.0002999934542122612,47.571006100999966
370,757760,6.874664783477783,,,0.0002999904427308664,48.80287449299999
380,778240,6.734327793121338,,,0.0002999868630745643,50.03637070799982
390,798720,6.576990127563477,,,0.0002999827152584218,51.26274859299997
400,819200,6.329826354980469,6.405145597457886,604.9498714302316,0.00029997799929989695,53.530811117999974
410,839680,6.3914265632629395,,,0.0002999727152188393,54.71633836199999
420,860160,6.313812255859375,,,0.0002999668630374895,55.969648073999906
430,880640,6.152868270874023,,,0.0002999604427804794,57.09834139299983
440,901120,6.042640686035156,,,0.00029995345447483184,58.379812280999886
450,921600,5.944090843200684,,,0.00029994589814996063,59.75786624399984
460,942080,6.020249366760254,,,0.00029993777383767044,61.057040358999984
470,962560,5.980888366699219,,,0.0002999290815721563,62.21992072599983
480,983040,5.910613536834717,,,0.0002999198213900042,63.403892513999836
490,1003520,5.871525764465332,,,0.0002999099933301901,64.54221401199993
500,1024000,5.6994805335998535,5.731761050224304,308.5120955592419,0.00029989959743408035,66.92355269299992
510,1044480,5.8124542236328125,,,0.0002998886337454313,69.29234824199989
520,1064960,5.5417280197143555,,,0.00029987710231038915,70.65916240899992
530,1085440,5.640712738037109,,,0.00029986500317748965,71.9893488199998
540,1105920,5.43787956237793,,,0.00029985233639765813,73.0979435769998
550,1126400,5.663736343383789,,,0.00029983910202420905,74.29992489999972
560,1146880,5.370406150817871,,,0.0002998253001128459,75.46717566999973
570,1167360,5.451068878173828,,,0.00029981093072166095,76.70869003799976
580,1187840,5.36868953704834,,,0.000299795993911135,77.94353874500007
590,1208320,5.365743160247803,,,0.00029978048974413704,79.22224412799983
600,1228800,5.273798942565918,5.217423510551453,184.45831639401948,0.0002997644182859242,81.72804754999993
610,1249280,5.24227237701416,,,0.0002997477796041412,83.01460016799979
620,1269760,5.018560409545898,,,0.0002997305737688202,84.26140748400007
630,1290240,5.150460243225098,,,0.00029971280085238077,85.48946564499988
640,1310720,5.017928123474121,,,0.000299694460929629,86.65889194899978
650,1331200,5.188825607299805,,,0.0002996755540777577,87.92414858500001
660,1351680,5.036813735961914,,,0.0002996560803763458,89.42992307400004
670,1372160,5.050130844116211,,,0.00029963603990735817,90.7040634120001
680,1392640,4.865572929382324,,,0.00029961543275514507,91.97607151899979
690,1413120,5.009599208831787,,,0.0002995942590064421,93.5917591509999
700,1433600,4.608460426330566,4.7159229755401615,111.71187092998873,0.00029957251875036955,95.98499375100005
710,1454080,4.61752986907959,,,0.0002995502120784322,97.46834946800004
720,1474560,4.683391094207764,,,0.0002995273390845189,98.81331028499994
730,1495040,4.718771934509277,,,0.000299503899864902,100.18682012299973
740,1515520,4.42988920211792,,,0.0002994798945182373,101.47518306500001
750,1536000,4.68385124206543,,,0.00029945532314556327,102.86446962900004
760,1556480,4.460191249847412,,,0.0002994301858503008,104.26057577400002
770,1576960,4.450285911560059,,,0.00029940448273825293,105.38412776099972
780,1597440,4.52918815612793,,,0.00029937821391760395,106.60911122199991
790,1617920,4.569770812988281,,,0.00029935137949891943,107.81975365899984
800,1638400,4.6185455322265625,4.365212249755859,78.66609502941449,0.0002993239795951454,110.23844090599982
810,1658880,4.435508728027344,,,0.0002992960143216082,111.4326348699999
820,1679360,4.524014472961426,,,0.00029926748379601354,112.60688378000009
830,1699840,4.220971584320068,,,0.0002992383881384465,113.86575268399997
840,1720320,4.53240966796875,,,0.00029920872747137077,115.277848124
850,1740800,4.310277938842773,,,0.0002991785019196281,116.60172406200013
860,1761280,4.301430702209473,,,0.0002991477116104378,117.96627354899988
870,1781760,4.339965343475342,,,0.0002991163566733964,119.28322781199972
880,1802240,4.16468620300293,,,0.00029908443724047687,120.51799556299989
890,1822720,4.349601745605469,,,0.0002990519534460281,121.68320828699984
900,1843200,4.397993087768555,4.1692325353622435,64.66580434028387,0.00029901890542677437,123.91090866299987
910,1863680,4.129335880279541,,,0.0002989852933218149,125.00813409599982
920,1884160,4.277099609375,,,0.00029895111727262303,126.32705430500005
930,1904640,4.210283279418945,,,0.00029891637742304576,127.55974553200008
940,1925120,3.98146915435791,,,0.0002988810739193032,128.7835700799999
950,1945600,3.9766478538513184,,,0.00029884520690998784,130.10027761000015
960,1966080,4.045714378356934,,,0.00029880877654606396,131.5743685760001
970,1986560,4.365100383758545,,,0.0002987717829808669,132.9096962010001
980,2007040,4.270459175109863,,,0.0002987342263701027,134.2789687500001
990,2027520,4.060191631317139,,,0.00029869610687184724,135.46947813500014
1000,2048000,4.073543548583984,4.057819521427154,57.848037054808785,0.0002986574246465454,137.71733802199992
1010,2068480,4.153970241546631,,,0.0002986181798570107,140.50400126399995
1020,2088960,4.379934310913086,,,0.00029857837266842463,141.9612810189999
1030,2109440,3.970407009124756,,,0.0002985380032483355,143.14711249700008
1040,2129920,3.9479894638061523,,,0.0002984970717666584,144.36617970500015
1050,2150400,3.9467287063598633,,,0.00029845557839567395,145.477825662
1060,2170880,3.7285232543945312,,,0.0002984135233100277,146.5868691889998
1070,2191360,3.8779964447021484,,,0.00029837090668672966,147.7318688150001
1080,2211840,3.800222158432007,,,0.00029832772870515316,149.01359468799978
1090,2232320,4.212655067443848,,,0.00029828398954703436,150.2043020919998
1100,2252800,3.898937940597534,3.9855285048484803,53.81372277706213,0.00029823968939647155,152.80782350799996
1110,2273280,4.250195503234863,,,0.0002981948284399239,154.11404239399985
1120,2293760,3.9688680171966553,,,0.0002981494068662114,155.28863303599996
1130,2314240,3.939707040786743,,,0.0002981034248665134,156.92275107599994
1140,2334720,4.078502655029297,,,0.00029805688263436826,158.26432767999972
1150,2355200,4.027557849884033,,,0.00029800978036567216,159.604123458
1160,2375680,4.1408538818359375,,,0.0002979621182586787,160.83361018699975
1170,2396160,4.028315544128418,,,0.0002979138965139977,162.17032947899975
1180,2416640,4.037018299102783,,,0.00029786511533459454,163.54014885799984
1190,2437120,3.8307573795318604,,,0.0002978157749257893,164.7471831109999
1200,2457600,4.162332534790039,3.9328689575195312,51.05323733164036,0.0002977658754952557,167.24143976399978
1210,2478080,4.198923110961914,,,0.00029771541725302054,168.57937771299999
1220,2498560,4.185633182525635,,,0.00029766440041146267,170.10160701500013
1230,2519040,4.066524505615234,,,0.0002976128251853119,171.5147187959999
1240,2539520,4.031447887420654,,,0.00029756069179164853,172.92128026399973
1250,2560000,3.8272757530212402,,,0.00029750800044990204,174.26823039199985
1260,2580480,3.722717523574829,,,0.0002974547513818503,175.709586661
1270,2600960,3.84244966506958,,,0.0002974009448116187,177.00425139999993
1280,2621440,3.880052328109741,,,0.0002973465809656792,178.40071890700005
1290,2641920,3.897172689437866,,,0.0002972916600728492,179.682813657
1300,2662400,3.872889995574951,3.886717510223389,48.75060025169759,0.0002972361823642909,181.94605519499987
1310,2682880,3.879023313522339,,,0.0002971801480735099,183.40677761099982
1320,2703360,4.1240339279174805,,,0.0002971235574363547,185.01211066600013
1330,2723840,4.004469394683838,,,0.0002970664106910153,186.22199524699977
1340,2744320,3.8965868949890137,,,0.00029700870807802235,187.51155049099975
1350,2764800,3.6553330421447754,,,0.00029695044984024625,188.7775559029999
1360,2785280,3.8113179206848145,,,0.00029689163622289606,190.0436956369997
1370,2805760,3.8353071212768555,,,0.0002968322674735182,191.32660732499994
1380,2826240,3.8748981952667236,,,0.00029677234384199594,192.43512114500004
1390,2846720,3.8413524627685547,,,0.00029671186558054784,193.74491650599998
1400,2867200,3.927996873855591,3.8328550815582276,46.19423845562607,0.00029665083294372693,195.97104800700004
1410,2887680,3.8600969314575195,,,0.0002965892461884197,197.15634204599996
1420,2908160,3.741621971130371,,,0.00029652710557384485,198.45624627099983
1430,2928640,3.838197708129883,,,0.00029646441136155227,199.74069971899985
1440,2949120,3.8342511653900146,,,0.00029640116381542196,201.24808026799997
1450,2969600,3.8974175453186035,,,0.0002963373632016629,202.6163144720001
1460,2990080,3.8069722652435303,,,0.00029627300978881196,203.8123559459998
1470,3010560,3.744110584259033,,,0.0002962081038477327,205.03904059399997
1480,3031040,3.7229671478271484,,,0.0002961426456516143,206.34569535000014
1490,3051520,3.8001222610473633,,,0.00029607663547597045,207.47782963299983
1500,3072000,3.9278883934020996,3.7687901139259337,43.32761163711049,0.00029601007359863785,209.59869362299992
1510,3092480,3.9415411949157715,,,0.00029594296029977567,211.86802844299996
1520,3112960,3.793052911758423,,,0.00029587529586186384,213.3557801909999
1530,3133440,3.8528573513031006,,,0.000295807080569702,214.48665892699978
1540,3153920,3.8238112926483154,,,0.0002957383147104083,215.98730084099975
1550,3174400,3.5731892585754395,,,0.0002956689985734185,217.24145754699998
1560,3194880,3.4650492668151855,,,0.0002955991324504842,218.46264317300006
1570,3215360,4.199526786804199,,,0.00029552871663567195,219.71679513899994
1580,3235840,3.6289563179016113,,,0.000295457751425362,220.97822820099987
1590,3256320,3.797206401824951,,,0.000295386237118247,222.34984790700014
1600,3276800,3.637422561645508,3.6850971221923827,39.84899248343952,0.00029531417401533076,225.17687762799983
1610,3297280,3.7540712356567383,,,0.0002952415624199269,226.5892192220001
1620,3317760,3.5815227031707764,,,0.0002951684026376577,227.803819471
1630,3338240,3.338742971420288,,,0.00029509469497645283,229.18160306999994
1640,3358720,3.3899788856506348,,,0.00029502043974654783,230.31420491699987
1650,3379200,3.8655004501342773,,,0.00029494563726048306,231.55648976399993
1660,3399680,3.6358070373535156,,,0.0002948702878331023,232.81932889099994
1670,3420160,3.6835551261901855,,,0.00029479439178155134,233.97681641099985
1680,3440640,3.7665369510650635,,,0.00029471794942527674,235.64170132200002
1690,3461120,3.7786569595336914,,,0.00029464096108602433,237.084336442
1700,3481600,3.7498273849487305,3.6009437084197997,36.63278880772997,0.0002945634270878383,239.40585829999986
1710,3502080,3.6298961639404297,,,0.0002944853477570593,240.65281667700015
1720,3522560,3.4064574241638184,,,0.00029440672342232317,241.7736594989999
1730,3543040,3.6351914405822754,,,0.0002943275544145599,242.9359691100001
1740,3563520,3.551598072052002,,,0.0002942478410669919,244.02953909899975
1750,3584000,3.7679176330566406,,,0.0002941675837151328,245.18271550399982
1760,3604480,3.751555919647217,,,0.0002940867826967858,246.27870051600007
1770,3624960,3.602234363555908,,,0.00029400543835204245,247.61761931900014
1780,3645440,3.871333360671997,,,0.00029392355102328123,248.8400939139999
1790,3665920,3.702625036239624,,,0.000293841121055166,250.07301385200003
1800,3686400,3.7366371154785156,3.5362141251564028,34.33667844170437,0.00029375814879464455,252.3334857100001
1810,3706880,3.7299351692199707,,,0.0002936746345909472,253.50874979800005
1820,3727360,3.7947540283203125,,,0.0002935905787955853,254.8031101109998
1830,3747840,3.290037155151367,,,0.0002935059817623498,255.95827376300008
1840,3768320,3.5178050994873047,,,0.0002934208438473097,257.05900771699976
1850,3788800,3.3572945594787598,,,0.00029333516540881055,258.25929104400007
1860,3809280,3.555119514465332,,,0.000293248946807473,259.4185507609998
1870,3829760,3.273697853088379,,,0.0002931621884061912,260.67085611200014
1880,3850240,3.545835256576538,,,0.00029307489057013147,261.9243024079999
1890,3870720,3.892585277557373,,,0.00029298705366673027,263.0642801629999
1900,3891200,3.338867664337158,3.4758862972259523,32.32646670153536,0.0002928986780656934,265.3867087709998
1910,3911680,3.6662778854370117,,,0.0002928097641389938,266.7207812009999
1920,3932160,3.3531689643859863,,,0.0002927203122608702,268.0188355749999
1930,3952640,3.52114200592041,,,0.00029263032280782577,269.29238632400006
1940,3973120,3.578800678253174,,,0.0002925397961586261,270.4792423389997
1950,3993600,3.3689725399017334,,,0.000292448732694298,271.7816851350001
1960,4014080,3.661285638809204,,,0.00029235713279812767,273.0110796299998
1970,4034560,3.542182683944702,,,0.00029226499685565914,274.28266024699974
1980,4055040,3.574554443359375,,,0.00029217232525469275,275.72187504399994
1990,4075520,3.1615447998046875,,,0.0002920791183852833,277.003979027
2000,4096000,3.6321821212768555,3.4217018604278566,30.62148419344181,0.0002919853766397386,279.379290308
2010,4116480,3.535062313079834,,,0.00029189110041261774,281.9021997299999
2020,4136960,3.4450643062591553,,,0.0002917962901007295,283.1304755089998
2030,4157440,3.249258518218994,,,0.0002917009461031306,284.5859910930001
2040,4177920,3.5811045169830322,,,0.0002916050688211239,285.8433386459999
2050,4198400,3.523383617401123,,,0.00029150865865825706,287.2297271599998
2060,4218880,3.349520683288574,,,0.00029141171602032056,288.3601151629998
2070,4239360,3.5289125442504883,,,0.00029131424131534605,289.7205395129997
2080,4259840,3.4730820655822754,,,0.00029121623495360465,290.9777293039999
2090,4280320,3.3223578929901123,,,0.0002911176973476052,292.22005420599976
2100,4300800,3.339282512664795,3.3719318747520446,29.13475742757421,0.00029101862891209264,294.5255542399998
2110,4321280,3.5142979621887207,,,0.0002909190300640461,295.681087358
2120,4341760,3.229259967803955,,,0.00029081890122267714,296.85109704499996
2130,4362240,3.3327834606170654,,,0.0002907182428094283,298.09705559500003
2140,4382720,3.2266931533813477,,,0.00029061705524797087,299.4189628339998
2150,4403200,2.9865479469299316,,,0.00029051533896420336,300.60971878199985
2160,4423680,3.549790382385254,,,0.0002904130943862498,301.8257506090001
2170,4444160,3.2675158977508545,,,0.00029031032194445764,303.1647083719997
2180,4464640,3.3837904930114746,,,0.00029020702207139615,304.3941744030001
2190,4485120,3.4907116889953613,,,0.00029010319520185473,305.5869899920001
2200,4505600,3.2190256118774414,3.3301005482673647,27.941150996320218,0.0002899988417728407,308.167783055
2210,4526080,3.2976579666137695,,,0.0002898939622235778,309.537701472
2220,4546560,3.4079413414001465,,,0.00028978855699550405,310.86256294400005
2230,4567040,3.5063588619232178,,,0.00028968262653227017,312.32499604400005
2240,4587520,3.321910858154297,,,0.0002895761712797378,313.7523323419998
2250,4608000,3.3592236042022705,,,0.00028946919168597687,315.01444211500007
2260,4628480,3.2128846645355225,,,0.0002893616882012649,316.20962659600013
2270,4648960,3.5221548080444336,,,0.00028925366127808394,317.5313707879998
2280,4669440,3.2850096225738525,,,0.00028914511137111956,318.82058369499987
2290,4689920,3.2144641876220703,,,0.00028903603893725837,320.21515572199974
2300,4710400,3.377297878265381,3.2829162001609804,26.65338608558,0.0002889264444355863,322.6159028489999
2310,4730880,3.221757650375366,,,0.0002888163283273868,323.90909626200005
2320,4751360,3.712545394897461,,,0.0002887056910761387,325.4001898119998
2330,4771840,3.4283013343811035,,,0.00028859453314751424,326.66867077799975
2340,4792320,3.1223978996276855,,,0.00028848285500937716,327.953342692
2350,4812800,3.3781850337982178,,,0.00028837065713178104,329.50618919800013
2360,4833280,3.460390567779541,,,0.0002882579399869668,330.96690742999976
2370,4853760,3.1749486923217773,,,0.00028814470404936096,332.23214879500006
2380,4874240,3.4722166061401367,,,0.0002880309497955737,333.543657512
2390,4894720,3.381042957305908,,,0.0002879166777043968,334.88404891999994
2400,4915200,3.223379373550415,3.2481186747550965,25.741865511990788,0.0002878018882568016,337.32733795299987
2410,4935680,3.4312241077423096,,,0.0002876865819359371,338.6532043310001
2420,4956160,3.136606454849243,,,0.0002875707592271276,340.143899166
2430,4976640,3.2658133506774902,,,0.00028745442061787097,341.544710981
2440,4997120,3.380789041519165,,,0.00028733756659783666,342.96970891800015
2450,5017600,3.483243465423584,,,0.00028722019765886327,344.5029469399999
2460,5038080,3.0648183822631836,,,0.0002871023142949568,345.66408699499993
2470,5058560,3.0929365158081055,,,0.00028698391700228843,346.850473403
2480,5079040,3.403533697128296,,,0.00028686500627919247,348.0291510239997
2490,5099520,3.273834705352783,,,0.0002867455826261643,349.44601086199987
2500,5120000,3.26932430267334,3.215515983104706,24.91614490472166,0.0002866256465458582,352.06024184700004
2510,5140480,3.449493646621704,,,0.00028650519854308523,354.34582701800014
2520,5160960,3.4696764945983887,,,0.0002863842391248112,355.5141400159998
2530,5181440,3.138772964477539,,,0.00028626276880015436,356.781118743
2540,5201920,3.0398428440093994,,,0.00028614078808038344,357.91143087399973
2550,5222400,3.268430709838867,,,0.00028601829747891544,359.20339741199973
2560,5242880,3.0219602584838867,,,0.00028589529751131337,360.390969024
2570,5263360,3.2300212383270264,,,0.00028577178869528425,361.58930878499973
2580,5283840,3.007833957672119,,,0.00028564777155067685,362.70826559500006
2590,5304320,3.2516841888427734,,,0.0002855232465994794,364.0649128110001
2600,5324800,3.228569984436035,3.1898122906684874,24.283868706487805,0.00028539821436581754,366.331862321
2610,5345280,3.4174296855926514,,,0.0002852726753759521,367.5682708339998
2620,5365760,3.2791755199432373,,,0.0002851466301582768,368.81759304
2630,5386240,3.4106788635253906,,,0.0002850200792433161,370.1526339059999
2640,5406720,3.0928146839141846,,,0.0002848930231637229,371.4577001549999
2650,5427200,3.131887435913086,,,0.00028476546245427635,372.9262101229999
2660,5447680,3.418473243713379,,,0.0002846373976518796,374.48899657100014
2670,5468160,3.0670552253723145,,,0.0002845088292955576,375.87437823100004
2680,5488640,3.3460776805877686,,,0.00028437975792645464,377.1245692079999
2690,5509120,3.5046935081481934,,,0.0002842501840878322,378.461336825
2700,5529600,3.386809825897217,3.161685287952423,23.610352661780407,0.0002841201083250668,380.8403321640001
2710,5550080,3.437218189239502,,,0.0002839895311856474,382.01857537399997
2720,5570560,3.375297784805298,,,0.00028385845321917324,383.3199159379999
2730,5591040,3.0824475288391113,,,0.00028372687497735174,384.6871848989997
2740,5611520,3.0661115646362305,,,0.00028359479701399573,385.8360724669999
2750,5632000,3.337080478668213,,,0.0002834622198850216,387.10281624999993
2760,5652480,3.2780447006225586,,,0.00028332914414844646,388.51712272400005
2770,5672960,3.320620059967041,,,0.0002831955703643864,389.8888447040001
2780,5693440,3.246471405029297,,,0.0002830614990950535,391.37548645899983
2790,5713920,3.113283157348633,,,0.0002829269309047539,392.64401065100014
2800,5734400,3.169302463531494,3.1315210700035094,22.908798941241898,0.00028279186635988526,395.06367487400007
2810,5754880,3.123075246810913,,,0.00028265630602893434,396.7217892199999
2820,5775360,3.1197307109832764,,,0.0002825202504824748,398.0204476749998
2830,5795840,3.167123317718506,,,0.00028238370029316437,399.84769949299994
2840,5816320,3.2614755630493164,,,0.00028224665603574314,401.3265863039999
2850,5836800,3.072643280029297,,,0.00028210911828703046,402.547246716
2860,5857280,3.238006591796875,,,0.0002819710876259228,403.8002497539999
2870,5877760,3.146196126937866,,,0.0002818325646333914,405.02462762699975
2880,5898240,2.9927799701690674,,,0.00028169354989247966,406.2614423540001
2890,5918720,3.539369821548462,,,0.00028155404398830074,407.5058684359999
2900,5939200,3.326809883117676,3.100251007080078,22.203523823721024,0.0002814140475080352,410.0441050849997
2910,5959680,3.1538188457489014,,,0.0002812735610409283,411.4451158639997
2920,5980160,3.127131223678589,,,0.00028113258517828773,412.8819067699999
2930,6000640,2.9908504486083984,,,0.00028099112051348105,414.39676971899985
2940,6021120,3.3652126789093018,,,0.0002808491676419331,416.00910705599995
2950,6041600,3.1427531242370605,,,0.0002807067271611238,417.1705822040001
2960,6062080,3.314239263534546,,,0.0002805637996705851,418.3954894629999
2970,6082560,3.497826099395752,,,0.0002804203857718992,419.597947083
2980,6103040,3.1061315536499023,,,0.0002802764860686951,420.80820776099995
2990,6123520,2.881314277648926,,,0.0002801321011666469,422.1758362109997
3000,6144000,3.433682441711426,3.0782071948051453,21.719428765851834,0.00027998723167347076,424.56602653100003
3010,6164480,2.997866153717041,,,0.0002798418781989225,426.8163186119998
3020,6184960,3.31777286529541,,,0.00027969604135479514,428.0999173769999
3030,6205440,2.9281511306762695,,,0.000279549721754916,429.30687932800015
3040,6225920,3.0534117221832275,,,0.00027940292001514446,430.5714609099998
3050,6246400,3.354724407196045,,,0.0002792556367533692,431.7617361629998
3060,6266880,3.1343564987182617,,,0.00027910787258950565,432.96413475199984
3070,6287360,2.9599428176879883,,,0.0002789596281454932,434.1043913840001
3080,6307840,3.0372211933135986,,,0.0002788109040452929,435.4235538569999
3090,6328320,3.000195264816284,,,0.00027866170091488476,436.5793384299998
3100,6348800,3.0327043533325195,3.0471624374389648,21.055513239252214,0.00027851201938226475,438.8698742189997
3110,6369280,3.330331325531006,,,0.0002783618600774427,440.19279436500005
3120,6389760,2.914853811264038,,,0.0002782112236324392,441.4864885989998
3130,6410240,3.229264736175537,,,0.00027806011068128326,442.83587130599994
3140,6430720,3.0360474586486816,,,0.0002779085218600094,444.1347987259999
3150,6451200,3.2340149879455566,,,0.0002777564578066551,445.51690206299986
3160,6471680,3.136472463607788,,,0.0002776039191612581,446.87033595499975
3170,6492160,3.0697638988494873,,,0.0002774509065658538,448.5889555189999
3180,6512640,3.168959617614746,,,0.00027729742066447225,450.1479824549999
3190,6533120,3.233088493347168,,,0.0002771434621031359,451.7326209979999
3200,6553600,3.1013450622558594,3.0208134770393373,20.507967661327047,0.0002769890315298563,453.93574318000015
3210,6574080,2.998960494995117,,,0.00027683412959463206,455.2464220969998
3220,6594560,3.0704433917999268,,,0.00027667875694944554,456.87513392999995
3230,6615040,2.931267738342285,,,0.0002765229142482603,458.2627278809998
3240,6635520,3.020249366760254,,,0.00027636660214701845,459.4942673019998
3250,6656000,3.1279091835021973,,,0.0002762098213036378,460.8009265469998
3260,6676480,2.8761367797851562,,,0.000276052572378009,462.04668809300006
3270,6696960,3.057244300842285,,,0.00027589485603199306,463.33113400900015
3280,6717440,3.051865339279175,,,0.00027573667292941814,464.47924724300015
3290,6737920,3.228313684463501,,,0.00027557802373607713,465.77085302699993
3300,6758400,3.2589306831359863,2.9966087460517885,20.017537134241202,0.0002754189091197246,468.16569157599974
3310,6778880,3.1790666580200195,,,0.0002752593297500741,469.2888759159998
3320,6799360,2.998544454574585,,,0.0002750992862987955,470.5778792829999
3330,6819840,2.8791911602020264,,,0.00027493877943951165,472.14648078000005
3340,6840320,2.9962282180786133,,,0.0002747778098477962,473.39729600099986
3350,6860800,3.061762571334839,,,0.0002746163782011703,474.7254377080001
3360,6881280,2.9442479610443115,,,0.0002744544851790999,476.1870905119997
3370,6901760,3.0698118209838867,,,0.0002742921314629929,477.6278727289998
3380,6922240,2.851555347442627,,,0.00027412931773619626,479.00982702299984
3390,6942720,2.861536979675293,,,0.0002739660446839931,480.27095182900007
3400,6963200,2.95137095451355,2.973926603794098,19.568607103668338,0.00027380231299359986,482.6854768589999
3410,6983680,3.1240549087524414,,,0.00027363812335416335,483.9734369289997
3420,7004160,3.3445563316345215,,,0.00027347347645675804,485.2819128650001
3430,7024640,3.157064914703369,,,0.00027330837299438277,486.4755632529998
3440,7045120,2.9516637325286865,,,0.00027314281366195827,487.8615186479999
3450,7065600,3.03586483001709,,,0.0002729767991563238,489.1941055669997
3460,7086080,2.9555680751800537,,,0.0002728103301762347,490.57071703199995
3470,7106560,2.8542544841766357,,,0.000272643407422359,491.79487427599975
3480,7127040,2.8946104049682617,,,0.00027247603159727483,492.97491487799994
3490,7147520,2.9585695266723633,,,0.0002723082034054671,494.28415724399997
3500,7168000,3.139756679534912,2.9465569257736206,19.04028362976657,0.0002721399235533249,496.6079227869998
3510,7188480,3.1267876625061035,,,0.00027197119274913824,498.9872339259998
3520,7208960,2.82666015625,,,0.00027180201170309533,500.1910320929999
3530,7229440,2.9365158081054688,,,0.00027163238112727926,501.350395232
3540,7249920,2.842851400375366,,,0.00027146230173566535,502.49675120100005
3550,7270400,3.1353461742401123,,,0.00027129177424411793,503.753235376
3560,7290880,3.180979013442993,,,0.00027112079937038734,504.96718345199974
3570,7311360,2.9822402000427246,,,0.00027094937783410703,506.2190777829999
3580,7331840,3.194328546524048,,,0.00027077751035679045,507.46323283200013
3590,7352320,2.864926338195801,,,0.00027060519766182787,508.6689064760001
3600,7372800,3.042083501815796,2.9318642377853394,18.762575816146484,0.00027043244047448363,511.0452453289997
3610,7393280,2.774609088897705,,,0.00027025923952189306,512.3543032750001
3620,7413760,3.024104118347168,,,0.0002700855955330589,513.5508988539998
3630,7434240,3.002027750015259,,,0.00026991150923884907,514.6773235549997
3640,7454720,3.08505916595459,,,0.0002697369813719928,515.9288679210001
3650,7475200,2.813683032989502,,,0.00026956201266707815,517.0782113180001
3660,7495680,2.852776527404785,,,0.00026938660386054857,518.2384642
3670,7516160,2.856821060180664,,,0.0002692107556906999,519.4144413769998
3680,7536640,3.0239152908325195,,,0.00026903446889767717,520.6100701319999
3690,7557120,2.817439079284668,,,0.0002688577442234718,521.7934834300002
3700,7577600,2.9754798412323,2.9123571634292604,18.400119578572056,0.000268680582411918,523.9627259880001
3710,7598080,2.893543243408203,,,0.0002685029842086901,525.242518023
3720,7618560,3.049407482147217,,,0.00026832495036129906,526.3594433299997
3730,7639040,2.8908238410949707,,,0.00026814648161908953,527.4662619379999
3740,7659520,3.2816638946533203,,,0.00026796757873323666,528.69600715
3750,7680000,3.023879051208496,,,0.00026778824245674287,529.8807569809999
3760,7700480,2.758042097091675,,,0.0002676084735444347,531.3111590860001
3770,7720960,3.061861991882324,,,0.00026742827275295965,532.4610727759998
3780,7741440,2.748027801513672,,,0.000267247640840783,533.7862317379997
3790,7761920,2.8823394775390625,,,0.0002670665785681848,535.0398951720001
3800,7782400,3.1326968669891357,2.89463495016098,18.076901266737316,0.0002668850866972562,537.1836075640001
3810,7802880,2.922189712524414,,,0.00026670316599189674,538.4264037820001
3820,7823360,3.051433563232422,,,0.0002665208172178108,539.6853650989999
3830,7843840,3.001737594604492,,,0.0002663380411425046,540.9382187220001
3840,7864320,2.84708833694458,,,0.00026615483853528277,542.1483255139999
3850,7884800,2.7905280590057373,,,0.00026597121016724525,543.2908627089998
3860,7905280,3.110435962677002,,,0.0002657871568112841,544.4018190720001
3870,7925760,2.859801769256592,,,0.00026560267924208,545.5231870340001
3880,7946240,3.033219575881958,,,0.0002654177782360993,546.8742432379997
3890,7966720,3.3154239654541016,,,0.00026523245457159045,548.1453116159998
3900,7987200,3.2331507205963135,2.8783065557479857,17.784131230151207,0.000265046709028581,550.5287997509997
3910,8007680,2.778535842895508,,,0.00026486054238887406,551.9451466459998
3920,8028160,3.057806968688965,,,0.0002646739554360452,553.153039306
3930,8048640,2.843463659286499,,,0.00026448694895543916,554.2939164389998
3940,8069120,2.8714499473571777,,,0.00026429952373416634,555.4409734039998
3950,8089600,2.8090100288391113,,,0.0002641116805610997,556.5615445689998
3960,8110080,2.8823957443237305,,,0.00026392342022687137,557.7597730079999
3970,8130560,2.758629083633423,,,0.0002637347435238692,558.9970222129998
3980,8151040,3.224742889404297,,,0.0002635456512462337,560.1867567399997
3990,8171520,2.6703436374664307,,,0.0002633561441898545,561.4864352679999
4000,8192000,2.801949977874756,2.85544810295105,17.382224488863383,0.00026316622315236687,563.9014708110001
4010,8212480,2.910900115966797,,,0.0002629758889331487,566.3632348929998
4020,8232960,2.9742519855499268,,,0.00026278514233331687,567.505805643
4030,8253440,3.089996337890625,,,0.00026259398415572413,568.8592648789997
4040,8273920,3.143643856048584,,,0.00026240241520495523,570.0683872900001
4050,8294400,2.743009328842163,,,0.0002622104362873243,571.367238393
4060,8314880,3.1464290618896484,,,0.0002620180482108706,572.5986632369998
4070,8335360,2.9348204135894775,,,0.0002618252517853559,573.8409752119999
4080,8355840,2.9453015327453613,,,0.0002616320478222604,575.1060227239998
4090,8376320,2.8396944999694824,,,0.00026143843713477983,576.3786379249998
4100,8396800,3.0331592559814453,2.839566099643707,17.10834061133655,0.00026124442053782185,578.679739384
4110,8417280,3.08512806892395,,,0.00026104999884800237,579.8596822839997
4120,8437760,2.7750954627990723,,,0.0002608551728836426,581.1485609609997
4130,8458240,2.8813085556030273,,,0.0002606599434647651,582.3641837479997
4140,8478720,2.8735270500183105,,,0.00026046431141309075,583.566522714
4150,8499200,2.872300148010254,,,0.0002602682775520351,584.863116792
4160,8519680,2.7028775215148926,,,0.0002600718427067048,586.2054055189999
4170,8540160,2.9620800018310547,,,0.00025987500770389423,587.6553222310001
4180,8560640,2.9718313217163086,,,0.00025967777337208224,589.1211019280001
4190,8581120,2.650170087814331,,,0.0002594801405414283,590.344764365
4200,8601600,2.981863021850586,2.8228883743286133,16.825378546531756,0.0002592821100437692,592.4760493299998
4210,8622080,3.102095603942871,,,0.00025908368271261546,593.7118016279999
4220,8642560,2.849433422088623,,,0.00025888485938314795,594.9194266070001
4230,8663040,2.948030948638916,,,0.00025868564089221417,596.1754764589998
4240,8683520,2.851804733276367,,,0.0002584860280783251,597.493639557
4250,8704000,3.2185215950012207,,,0.0002582860217816512,598.7077104130001
4260,8724480,2.911538600921631,,,0.00025808562284401906,599.9731657199998
4270,8744960,2.9266324043273926,,,0.0002578848321089082,601.0994056399998
4280,8765440,2.9110195636749268,,,0.0002576836504214469,602.2150182509997
4290,8785920,2.890449047088623,,,0.0002574820786284091,603.400156126
4300,8806400,2.860658884048462,2.8058060884475706,16.540403561935705,0.0002572801175782107,605.796755914
4310,8826880,2.8953359127044678,,,0.000257077768120906,606.942777557
4320,8847360,3.3806509971618652,,,0.00025687503110818395,608.2208373370001
4330,8867840,2.9359235763549805,,,0.0002566719073933649,609.4901093410001
4340,8888320,2.789973020553589,,,0.0002564683978313968,610.718712914
4350,8908800,2.876427173614502,,,0.00025626450327885156,611.9508584029998
4360,8929280,2.6181676387786865,,,0.0002560602245939216,613.19802426
4370,8949760,2.895148754119873,,,0.00025585556263641606,614.6101181779998
4380,8970240,2.613299608230591,,,0.0002556505182677573,615.9612109439997
4390,8990720,3.06061053276062,,,0.0002554450923509773,617.2143386549999
4400,9011200,2.770265579223633,2.7890896797180176,16.266205603107284,0.000255239285750714,619.4398848559997
4410,9031680,2.6393518447875977,,,0.0002550330993332075,620.8171714150001
4420,9052160,2.5935304164886475,,,0.0002548265339662966,622.2326734639998
4430,9072640,3.0568132400512695,,,0.0002546195905194153,623.5526527929999
4440,9093120,2.953244209289551,,,0.0002544122698635887,624.9464403670002
4450,9113600,2.9642324447631836,,,0.00025420457287142955,626.2877904219997
4460,9134080,2.662764310836792,,,0.0002539965004171348,627.5360991709997
4470,9154560,2.9509358406066895,,,0.00025378805337648164,628.7209172629998
4480,9175040,2.8866124153137207,,,0.00025357923262682376,629.926692967
4490,9195520,2.964524745941162,,,0.00025337003904708793,631.3140388069999
4500,9216000,2.6776881217956543,2.771637570858002,15.984788813109027,0.0002531604735177702,633.6653210030001
4510,9236480,2.829835891723633,,,0.000252950536920932,636.1711098119997
4520,9256960,2.775974988937378,,,0.0002527402301401968,637.3082419720001
4530,9277440,2.8604750633239746,,,0.000252529554060746,638.6562371889997
4540,9297920,2.7932746410369873,,,0.0002523185095693153,639.8461158950001
4550,9318400,2.5451622009277344,,,0.00025210709755419135,641.014052233
4560,9338880,2.899505376815796,,,0.00025189531890520744,642.2013796449999
4570,9359360,2.8332362174987793,,,0.00025168317451374015,643.3462741410001
4580,9379840,2.701484441757202,,,0.0002514706652727054,644.649204608
4590,9400320,2.8457298278808594,,,0.0002512577920765548,646.025594424
4600,9420800,2.8031787872314453,2.76219824552536,15.834613084969929,0.0002510445558212719,648.210938254
4610,9441280,3.105271816253662,,,0.0002508309574043682,649.5075479119998
4620,9461760,2.8611443042755127,,,0.00025061699772487977,650.7356639530001
4630,9482240,3.1197586059570312,,,0.00025040267768336303,651.9498329559999
4640,9502720,2.9891083240509033,,,0.0002501879981818913,653.2951334649999
4650,9523200,2.8186893463134766,,,0.00024997296012405074,654.7405387749998
4660,9543680,2.7303524017333984,,,0.0002497575644149368,656.1301729899999
4670,9564160,2.8058953285217285,,,0.0002495418119611503,657.3951385789999
4680,9584640,2.8980493545532227,,,0.0002493257036707934,658.776334721
4690,9605120,2.6413869857788086,,,0.0002491092404534662,660.150779756
4700,9625600,2.9601492881774902,2.7519227147102354,15.67273713524873,0.00024889242322026256,662.5077016809998
4710,9646080,2.789067506790161,,,0.0002486752528837664,663.7442339040001
4720,9666560,2.7803964614868164,,,0.00024845773035804796,665.054648305
4730,9687040,2.6876702308654785,,,0.00024823985655865975,666.3056941899997
4740,9707520,3.0594704151153564,,,0.0002480216324026327,667.7511791869999
4750,9728000,2.935901165008545,,,0.00024780305880847263,669.0044512259999
4760,9748480,2.6909735202789307,,,0.000247584136696156,670.2130052069999
4770,9768960,2.6708898544311523,,,0.00024736486698712616,671.4727685340001
4780,9789440,3.068225622177124,,,0.0002471452506042895,672.9224778709997
4790,9809920,2.783550262451172,,,0.0002469252884720116,674.2680204589999
4800,9830400,3.1328039169311523,2.7387053847312925,15.46694838168484,0.00024670498151611333,676.7830433490001
4810,9850880,2.7611076831817627,,,0.00024648433066386694,678.0891006519998
4820,9871360,2.8935647010803223,,,0.00024626333684399197,679.5815414659999
4830,9891840,2.773989677429199,,,0.0002460420009866517,680.898403895
4840,9912320,2.7022523880004883,,,0.0002458203240234489,682.1683727709999
4850,9932800,2.9104580879211426,,,0.00024559830688742224,683.4364655849997
4860,9953280,2.586143732070923,,,0.000245375950513042,684.72536844
4870,9973760,2.640929937362671,,,0.0002451532558362064,686.0503821069999
4880,9994240,2.7443201541900635,,,0.00024493022379423756,687.3525303119998
4890,10014720,2.6338491439819336,,,0.0002447068553258775,688.774788644
4900,10035200,2.6624183654785156,2.7225023746490478,15.218356666843365,0.00024448315137128436,691.1986295139998
4910,10055680,2.83315372467041,,,0.00024425911287202833,692.3927605639999
4920,10076160,2.7632696628570557,,,0.00024403474077108766,693.5250655110001
4930,10096640,2.9552111625671387,,,0.00024381003601284476,694.7263542499998
4940,10117120,2.9311604499816895,,,0.0002435849995430822,695.99610216
4950,10137600,2.6498684883117676,,,0.00024335963230897863,697.1681944449999
4960,10158080,2.389622688293457,,,0.00024313393525910503,698.5010340470001
4970,10178560,2.757627010345459,,,0.00024290790934342047,699.7030279369999
4980,10199040,2.5626652240753174,,,0.0002426815555132683,701.125668075
4990,10219520,2.9601879119873047,,,0.00024245487472137196,702.4127560899999
5000,10240000,3.028308153152466,2.7105103969573974,15.036948369304291,0.0002422278679218311,704.881833189
5010,10260480,2.7261300086975098,,,0.00024200053607011766,707.222540949
5020,10280960,2.879255771636963,,,0.00024177288012307158,708.4542450799997
5030,10301440,2.856226682662964,,,0.00024154490103889698,709.6624751709999
5040,10321920,2.7293245792388916,,,0.00024131659977715802,710.8834618849999
5050,10342400,2.8006157875061035,,,0.00024108797729877497,712.231714927
5060,10362880,3.0404410362243652,,,0.00024085903456602006,713.5043027149998
5070,10383360,2.7785863876342773,,,0.00024062977254251346,714.8024835809999
5080,10403840,3.160247802734375,,,0.00024040019219321925,716.097365675
5090,10424320,2.703127384185791,,,0.00024017029448444142,717.3873633179999
5100,10444800,2.939448356628418,2.699190950393677,14.867698152313595,0.00023994008038381957,719.6283852069998
5110,10465280,2.9002323150634766,,,0.00023970955086032508,720.8387732429999
5120,10485760,2.8525047302246094,,,0.00023947870688425702,722.1713846699997
5130,10506240,2.5751848220825195,,,0.00023924754942723783,723.5412475840001
5140,10526720,2.7113423347473145,,,0.00023901607946220953,724.968751997
5150,10547200,2.8639872074127197,,,0.0002387842979634294,726.2940973960001
5160,10567680,2.893772840499878,,,0.00023855220590646603,727.5800667359997
5170,10588160,2.582850694656372,,,0.00023831980426819509,728.9208351340001
5180,10608640,2.8378162384033203,,,0.0002380870940267953,730.3492388900002
5190,10629120,2.5254173278808594,,,0.00023785407616174433,731.6753078889999
5200,10649600,3.0460078716278076,2.6836652517318726,14.63864942273,0.00023762075165381457,734.0933444720001
5210,10670080,2.54740309715271,,,0.0002373871214850691,735.3800644709997
5220,10690560,2.9585633277893066,,,0.0002371531866388576,736.5574747949997
5230,10711040,2.7398908138275146,,,0.00023691894809981204,737.8001280229998
5240,10731520,2.793701648712158,,,0.0002366844068538426,738.9788928999999
5250,10752000,2.6482114791870117,,,0.00023644956388813365,740.2666493730001
5260,10772480,2.6498897075653076,,,0.0002362144201911395,741.602515365
5270,10792960,2.837057590484619,,,0.00023597897675258023,743.197241913
5280,10813440,3.0612547397613525,,,0.00023574323456343737,744.7405481620001
5290,10833920,2.759582996368408,,,0.00023550719461595018,746.192830615
5300,10854400,2.932234525680542,2.676201069355011,14.52979064996725,0.00023527085790361093,748.7675777510001
5310,10874880,2.6280245780944824,,,0.00023503422542116116,749.9372606149998
5320,10895360,2.8433938026428223,,,0.00023479729816458717,751.3277675859997
5330,10915840,2.781991720199585,,,0.00023456007713111598,752.8488158029998
5340,10936320,2.66795015335083,,,0.00023432256331921123,754.086600756
5350,10956800,2.5684449672698975,,,0.00023408475772856874,755.6087488289998
5360,10977280,2.9528491497039795,,,0.00023384666136011255,757.2752504349999
5370,10997760,2.7703945636749268,,,0.0002336082752159904,758.6475566699999
5380,11018240,2.600834369659424,,,0.00023336960029956988,760.5167728589997
5390,11038720,2.7555489540100098,,,0.00023313063761543393,761.9591721260001
5400,11059200,2.763758897781372,2.671744155883789,14.465176726576136,0.00023289138816937679,764.5181764460001
5410,11079680,2.8164236545562744,,,0.0002326518529683995,765.9288338509998
5420,11100160,2.543214797973633,,,0.000232412033020706,767.3422378739999
5430,11120640,2.8391737937927246,,,0.00023217192933569874,768.6152919799999
5440,11141120,2.750950336456299,,,0.0002319315429239743,769.9556312469997
5450,11161600,2.7041983604431152,,,0.00023169087479731938,771.2194369239999
5460,11182080,2.935324192047119,,,0.00023144992596870633,772.5433182469999
5470,11202560,2.646656036376953,,,0.00023120869745228898,773.9501914129999
5480,11223040,2.6698358058929443,,,0.00023096719026339846,775.2500200070001
5490,11243520,2.6804111003875732,,,0.00023072540541853878,776.5241496020001
5500,11264000,2.783951759338379,2.655869114398956,14.237354573587993,0.00023048334393538248,778.8326661879998
5510,11284480,2.469005584716797,,,0.0002302410068327667,781.1275511830002
5520,11304960,2.7125301361083984,,,0.00022999839513068845,782.457638398
5530,11325440,2.5966224670410156,,,0.00022975550985030073,783.7290727369998
5540,11345920,2.4820809364318848,,,0.00022951235201390784,785.2609331329998
5550,11366400,3.0159902572631836,,,0.00022926892264496136,786.809101602
5560,11386880,2.781158924102783,,,0.00022902522276805582,788.318192645
5570,11407360,2.760241985321045,,,0.00022878125340892417,789.807843972
5580,11427840,2.7496626377105713,,,0.00022853701559443366,791.1121054339999
5590,11448320,2.6755919456481934,,,0.0002282925103525816,792.3275772179998
5600,11468800,2.974630355834961,2.6513453125953674,14.173093066042975,0.0002280477387124907,794.7444442160001
5610,11489280,2.679704189300537,,,0.00022780270170440507,796.0917855999999
5620,11509760,2.546647787094116,,,0.00022755740035968573,797.9055092739998
5630,11530240,2.5314292907714844,,,0.00022731183571080628,799.5949227869999
5640,11550720,2.6883578300476074,,,0.00022706600879134856,800.938125296
5650,11571200,2.9195923805236816,,,0.0002268199206359983,802.2579712859999
5660,11591680,2.797708749771118,,,0.00022657357228054081,803.4461580710001
5670,11612160,2.6568803787231445,,,0.0002263269647618566,804.9708552669997
5680,11632640,2.8708505630493164,,,0.00022608009911791692,806.7960086619998
5690,11653120,2.6392297744750977,,,0.00022583297638777944,808.1017410219999
5700,11673600,2.853517770767212,2.631976878643036,13.901223789108311,0.00022558559761158415,810.313442036
5710,11694080,2.794337272644043,,,0.0002253379638305484,811.4470707809999
5720,11714560,2.830519199371338,,,0.00022509007608696312,813.0277237530001
5730,11735040,2.7922005653381348,,,0.00022484193542418802,814.6734203559997
5740,11755520,2.6630828380584717,,,0.00022459354288664738,816.2106678499997
5750,11776000,2.4828577041625977,,,0.0002243448995198257,817.8254722009999
5760,11796480,2.738802909851074,,,0.0002240960063702631,819.476402478
5770,11816960,2.699836254119873,,,0.00022384686448555114,820.996213703
5780,11837440,2.820453405380249,,,0.0002235974749143282,822.408057328
5790,11857920,2.9835920333862305,,,0.00022334783870627532,823.7522966700001
5800,11878400,2.888319969177246,2.6330325961112977,13.91590730335015,0.00022309795691211138,826.050400463
5810,11898880,2.628973960876465,,,0.00022284783058358932,827.410434138
5820,11919360,2.7524588108062744,,,0.00022259746077349097,828.558258794
5830,11939840,2.875603437423706,,,0.00022234684853562314,829.7368827949997
5840,11960320,2.6707139015197754,,,0.00022209599492481298,830.9925211259999
5850,11980800,2.536543130874634,,,0.00022184490099690362,832.1055826909999
5860,12001280,2.717543601989746,,,0.00022159356780874958,833.3127781639998
5870,12021760,2.460644245147705,,,0.00022134199641821257,834.565134187
5880,12042240,2.445155620574951,,,0.00022109018788415676,835.7229546729998
5890,12062720,2.6400270462036133,,,0.00022083814326644458,837.2174023589998
5900,12083200,2.479100227355957,2.6188636779785157,13.720124244502813,0.00022058586362593203,839.8526826959999
5910,12103680,2.728839635848999,,,0.00022033335002446438,841.3643714110001
5920,12124160,3.02882719039917,,,0.00022008060352487167,842.7857026300001
5930,12144640,2.616537570953369,,,0.00021982762519096407,844.4217830300001
5940,12165120,2.446357250213623,,,0.00021957441608752776,845.7552766169999
5950,12185600,2.6745259761810303,,,0.00021932097728032004,847.064498814
5960,12206080,2.6658341884613037,,,0.00021906730983606507,848.484255733
5970,12226560,2.6306986808776855,,,0.00021881341482244944,849.978933869
5980,12247040,2.6301000118255615,,,0.0002185592933081175,851.264642763
5990,12267520,2.8348324298858643,,,0.00021830494636266692,853.0018602829998
6000,12288000,2.5015316009521484,2.6049829363822936,13.530994413061896,0.00021805037505664429,855.7367005539998
6010,12308480,2.6359670162200928,,,0.0002177955804615404,858.1489056489997
6020,12328960,2.6053366661071777,,,0.00021754056364978603,859.7556987709997
6030,12349440,2.7883400917053223,,,0.00021728532569474722,860.8924204459997
6040,12369920,2.952899217605591,,,0.00021702986767072077,862.0685186859998
6050,12390400,2.739166736602783,,,0.00021677419065292968,863.2495454809998
6060,12410880,2.5971927642822266,,,0.00021651829571751882,864.7669866929998
6070,12431360,2.665567398071289,,,0.00021626218394155022,865.9318122849998
6080,12451840,2.7612133026123047,,,0.0002160058564029986,867.0773002789999
6090,12472320,2.769686698913574,,,0.00021574931418074685,868.3923051469999
6100,12492800,2.8495402336120605,2.6053646326065065,13.536160128343498,0.00021549255835458142,870.4807556429998
6110,12513280,2.83758807182312,,,0.0002152355900051878,872.0630209399999
6120,12533760,2.6109819412231445,,,0.00021497841021414605,873.528756467
6130,12554240,2.4312400817871094,,,0.00021472102006392618,874.8892977039998
6140,12574720,2.67142391204834,,,0.0002144634206378836,876.6298457119999
6150,12595200,2.5878868103027344,,,0.0002142056130202545,878.3376404469998
6160,12615680,2.7712364196777344,,,0.00021394759829615145,880.0453107219998
6170,12636160,2.6792361736297607,,,0.00021368937755155868,881.4847433879997
6180,12656640,2.5569751262664795,,,0.00021343095187332747,882.9207421559997
6190,12677120,2.8170697689056396,,,0.0002131723223491719,884.244446853
6200,12697600,2.829486131668091,2.5924192547798155,13.362058756538177,0.0002129134900676638,886.5060770009998
6210,12718080,2.7614057064056396,,,0.00021265445611822847,887.861466825
6220,12738560,2.559603214263916,,,0.00021239522159114012,889.3867016349998
6230,12759040,2.821702480316162,,,0.0002121357875775171,890.8615801819999
6240,12779520,2.432044267654419,,,0.0002118761551693175,892.0998009889997
6250,12800000,2.5260276794433594,,,0.00021161632545933432,893.398914439
6260,12820480,2.3218703269958496,,,0.00021135629954119106,894.7338151829997
6270,12840960,2.74847412109375,,,0.00021109607850933708,896.1434618579999
6280,12861440,2.759119987487793,,,0.000210835663459043,897.400407843
6290,12881920,2.6440253257751465,,,0.00021057505548639595,898.8632304189998
6300,12902400,2.9420576095581055,2.5849982380867003,13.263265721223183,0.0002103142556882952,901.2988239859999
6310,12922880,2.5050225257873535,,,0.00021005326516244737,902.686809994
6320,12943360,3.104738473892212,,,0.00020979208500736179,903.940310146
6330,12963840,2.6956629753112793,,,0.00020953071632234604,905.4008391300001
6340,12984320,2.650811195373535,,,0.00020926916020750112,906.706080447
6350,13004800,2.4983649253845215,,,0.00020900741776371703,908.0509018119999
6360,13025280,2.4901061058044434,,,0.00020874549009266795,909.2506985419998
6370,13045760,2.8233189582824707,,,0.0002084833782968077,910.4591921939998
6380,13066240,2.4628658294677734,,,0.00020822108347936513,911.9095192829998
6390,13086720,2.5538597106933594,,,0.00020795860674433934,913.2007974219998
6400,13107200,2.759500026702881,2.5758124113082888,13.141989523630372,0.0002076959491964952,915.8329309849998
6410,13127680,2.472933530807495,,,0.00020743311194135856,917.0632327339997
6420,13148160,2.6309680938720703,,,0.00020717009608521174,918.4807173769998
6430,13168640,2.613804578781128,,,0.00020690690273508864,919.9747585729999
6440,13189120,2.8650999069213867,,,0.00020664353299877042,921.603377482
6450,13209600,2.9717965126037598,,,0.00020637998798478052,923.248867169
6460,13230080,2.501615047454834,,,0.00020611626880238018,924.9024739660001
6470,13250560,2.6623244285583496,,,0.00020585237656156372,926.6500195789997
6480,13271040,2.7024059295654297,,,0.00020558831237305379,928.1578279110001
6490,13291520,2.463381290435791,,,0.00020532407734829685,929.5176412610001
6500,13312000,2.7007651329040527,2.5676199913024904,13.034764641083262,0.00020505967259945842,932.1007573569998
6510,13332480,2.662358283996582,,,0.00020479509923941835,934.4735384499998
6520,13352960,2.3064162731170654,,,0.00020453035838176604,935.717906393
6530,13373440,2.4188709259033203,,,0.0002042654511407962,936.927650894
6540,13393920,2.7039854526519775,,,0.00020400037863150354,938.1985936799999
6550,13414400,2.619696617126465,,,0.0002037351419695786,939.416658887
6560,13434880,2.596287727355957,,,0.00020346974227140267,940.6559242420001
6570,13455360,2.7752127647399902,,,0.00020320418065404344,942.0315997929999
6580,13475840,2.528844118118286,,,0.00020293845823524993,943.2537699920001
6590,13496320,2.563170909881592,,,0.00020267257613344815,944.5793903179999
6600,13516800,2.807095766067505,2.5560073971748354,12.88427270184055,0.0002024065354677361,946.9896265679997
6610,13537280,2.396331787109375,,,0.00020214033735787914,948.178316757
6620,13557760,2.5730814933776855,,,0.0002018739829243054,949.3466622200001
6630,13578240,2.8507537841796875,,,0.00020160747328810106,950.6176036949998
6640,13598720,2.450575351715088,,,0.00020134080957100536,951.837136163
6650,13619200,2.5555033683776855,,,0.00020107399289540613,953.0621958959998
6660,13639680,2.7628533840179443,,,0.00020080702438433505,954.299590589
6670,13660160,2.585278272628784,,,0.00020053990516146283,955.4825036659997
6680,13680640,2.7028298377990723,,,0.00020027263635109455,956.7761015139997
6690,13701120,2.6765575408935547,,,0.00020000521907816496,958.098111045
6700,13721600,2.4174070358276367,2.548199808597565,12.784069284017235,0.00019973765446823356,960.7226677890001
6710,13742080,2.4930877685546875,,,0.00019946994364748006,961.997291122
6720,13762560,2.297849655151367,,,0.00019920208774269958,963.33760749
6730,13783040,2.704282760620117,,,0.00019893408788129792,964.7870749739998
6740,13803520,2.7875661849975586,,,0.0001986659451912867,966.0579987620001
6750,13824000,2.7172775268554688,,,0.00019839766080127883,967.493064476
6760,13844480,2.7381982803344727,,,0.00019812923584048355,968.8199825489999
6770,13864960,2.7427074909210205,,,0.00019786067143870174,970.3742345389999
6780,13885440,2.8378210067749023,,,0.00019759196872632127,971.8139460239997
6790,13905920,2.501695156097412,,,0.00019732312883431215,973.2575983670001
6800,13926400,2.63723087310791,2.542600989341736,12.712693587005184,0.00019705415289422175,975.5872406319997
6810,13946880,2.727841854095459,,,0.00019678504203817003,976.936385922
6820,13967360,2.627896308898926,,,0.0001965157973988449,978.133217504
6830,13987840,2.5795207023620605,,,0.00019624642010949726,979.4239446169997
6840,14008320,2.804683208465576,,,0.00019597691130393636,980.718866426
6850,14028800,2.662534236907959,,,0.00019570727211652516,981.9804060670001
6860,14049280,2.7211015224456787,,,0.00019543750368217514,983.3259071149998
6870,14069760,2.344013214111328,,,0.00019516760713634196,984.670035028
6880,14090240,2.8192152976989746,,,0.00019489758361502043,985.8436587959998
6890,14110720,2.333054542541504,,,0.0001946274342547398,987.120478345
6900,14131200,2.416400194168091,2.5299354434013366,12.552695751168894,0.00019435716019255907,989.61667457
6910,14151680,2.576321601867676,,,0.00019408676256606202,991.242027171
6920,14172160,2.3009891510009766,,,0.00019381624251335247,992.5900147609998
6930,14192640,2.658144235610962,,,0.00019354560117304962,993.987993643
6940,14213120,2.5552263259887695,,,0.00019327483968428316,995.237155608
6950,14233600,2.844329833984375,,,0.00019300395918668843,996.5585426679997
6960,14254080,2.6001291275024414,,,0.00019273296082040174,997.7898071980001
6970,14274560,2.729649066925049,,,0.00019246184572605546,999.1466727509999
6980,14295040,2.8711912631988525,,,0.0001921906150447733,1000.460303914
6990,14315520,2.5984275341033936,,,0.0001919192699181654,1001.6848194309998
7000,14336000,2.6880831718444824,2.5285807490348815,12.535702198085152,0.0001916478114883238,1004.231751609
7010,14356480,2.413377523422241,,,0.00019137624089781728,1006.7486612079999
7020,14376960,2.590630054473877,,,0.00019110455928968658,1008.2087674399997
7030,14397440,2.4308652877807617,,,0.00019083276780744004,1009.6073457989999
7040,14417920,2.404517650604248,,,0.00019056086759504818,1010.8685541520001
7050,14438400,2.589043140411377,,,0.00019028885979693923,1012.5183978879998
7060,14458880,2.719799518585205,,,0.00019001674555799437,1013.7267241910001
7070,14479360,2.497678279876709,,,0.00018974452602354264,1014.9805966880001
7080,14499840,2.5002565383911133,,,0.0001894722023393564,1016.237002733
7090,14520320,2.6205086708068848,,,0.00018919977565164619,1017.6105306389998
7100,14540800,2.635915517807007,2.521421563625336,12.446277268583454,0.00018892724710705628,1020.3007847199999
7110,14561280,2.7160136699676514,,,0.00018865461785265962,1021.483646766
7120,14581760,2.7324163913726807,,,0.00018838188903595293,1023.0374560509997
7130,14602240,2.541762113571167,,,0.00018810906180485217,1024.5418244109999
7140,14622720,2.593245029449463,,,0.00018783613730768734,1026.023122934
7150,14643200,2.5754477977752686,,,0.00018756311669319793,1027.4023461230001
7160,14663680,2.3506393432617188,,,0.00018729000111052801,1029.2057045989998
7170,14684160,2.4930052757263184,,,0.00018701679170922135,1030.5797731330001
7180,14704640,2.4294166564941406,,,0.00018674348963921653,1031.7856372449999
7190,14725120,2.506110906600952,,,0.00018647009605084227,1033.006988803
7200,14745600,2.652726173400879,2.5117653131484987,12.326671299739251,0.0001861966120948125,1035.392202315
7210,14766080,2.669501781463623,,,0.00018592303892222132,1036.7800421509999
7220,14786560,2.3728551864624023,,,0.00018564937768453864,1038.3700747330001
7230,14807040,2.5802125930786133,,,0.00018537562953360482,1039.6805768299998
7240,14827520,2.666069507598877,,,0.00018510179562162608,1041.1674059539998
7250,14848000,2.5635790824890137,,,0.00018482787710116967,1042.410778527
7260,14868480,2.2791337966918945,,,0.00018455387512515887,1043.6552292089998
7270,14888960,2.308075189590454,,,0.0001842797908468683,1044.8788589399999
7280,14909440,2.375092029571533,,,0.00018400562541991895,1046.316428923
7290,14929920,2.5413777828216553,,,0.00018373137999827337,1047.5817144279997
7300,14950400,2.621736526489258,2.5072238206863404,12.270816742474084,0.0001834570557362308,1050.1803936449999
7310,14970880,2.7202796936035156,,,0.00018318265378842232,1051.5362073459999
7320,14991360,2.5821359157562256,,,0.00018290817530980602,1052.8382653749998
7330,15011840,2.6550498008728027,,,0.00018263362145566213,1054.238814175
7340,15032320,2.418088912963867,,,0.000182358993381588,1055.544199364
7350,15052800,2.5217337608337402,,,0.0001820842922434936,1056.773668693
7360,15073280,2.448230266571045,,,0.0001818095191975962,1058.205232693
7370,15093760,2.6414170265197754,,,0.00018153467540041578,1059.6414263559998
7380,15114240,2.707059621810913,,,0.00018125976200877026,1060.9146591259998
7390,15134720,2.602705717086792,,,0.00018098478017977034,1062.3093387769998
7400,15155200,2.5863497257232666,2.500558602809906,12.189301037110582,0.00018070973107081476,1064.5520698789999
7410,15175680,2.817445993423462,,,0.00018043461583958556,1065.901185304
7420,15196160,2.4850168228149414,,,0.000180159435644043,1067.3424390039997
7430,15216640,2.549747943878174,,,0.0001798841916424207,1068.597980674
7440,15237120,2.522383689880371,,,0.00017960888499322111,1069.9028145949999
7450,15257600,2.4593076705932617,,,0.0001793335168552101,1071.2497245480001
7460,15278080,2.613642930984497,,,0.0001790580883874124,1072.702638651
7470,15298560,2.403395175933838,,,0.00017878260074910682,1073.9359566790001
7480,15319040,2.495418071746826,,,0.00017850705509982098,1075.186874146
7490,15339520,2.659501314163208,,,0.0001782314525993268,1076.521235943
7500,15360000,2.2570581436157227,2.493719744682312,12.106224534640594,0.00017795579440763558,1078.9010155909998
7510,15380480,2.574738025665283,,,0.00017768008168499283,1081.3940483620001
7520,15400960,2.538402795791626,,,0.00017740431559187372,1083.0630701859998
7530,15421440,2.4594500064849854,,,0.00017712849728897793,1084.5149024159998
7540,15441920,2.3180599212646484,,,0.00017685262793722508,1085.803305607
7550,15462400,2.4677610397338867,,,0.0001765767086977495,1087.2519827959998
7560,15482880,2.544571876525879,,,0.00017630074073189547,1088.580945989
7570,15503360,2.503386974334717,,,0.00017602472520121255,1089.8565905110001
7580,15523840,2.5858418941497803,,,0.00017574866326745036,1091.092731895
7590,15544320,2.5974831581115723,,,0.00017547255609255376,1092.35465894
7600,15564800,2.4707369804382324,2.48781441450119,12.034943956338662,0.00017519640483865822,1094.7192128519998
7610,15585280,2.575455665588379,,,0.00017492021066808463,1095.999605194
7620,15605760,2.522460460662842,,,0.00017464397474333448,1097.3400825719998
7630,15626240,2.834346294403076,,,0.0001743676982270851,1098.607019808
7640,15646720,2.52488112449646,,,0.00017409138228218458,1099.830286216
7650,15667200,3.0418050289154053,,,0.00017381502807164696,1101.161683824
7660,15687680,2.3752195835113525,,,0.00017353863675864754,1102.4970939039997
7670,15708160,2.3619160652160645,,,0.00017326220950651753,1103.6953913209998
7680,15728640,2.390066146850586,,,0.00017298574747873945,1105.082456727
7690,15749120,2.669013500213623,,,0.0001727092518389424,1106.738359268
7700,15769600,2.7326018810272217,2.484415888786316,11.994112312821585,0.0001724327237508967,1109.367415342
7710,15790080,2.9341115951538086,,,0.0001721561643785093,1111.0405647209998
7720,15810560,2.797771453857422,,,0.00017187957488581902,1112.4937616169998
7730,15831040,2.4563770294189453,,,0.0001716029564369912,1114.089312682
7740,15851520,2.627443313598633,,,0.0001713263101963132,1115.677390747
7750,15872000,2.6128058433532715,,,0.0001710496373281893,1117.0959867069998
7760,15892480,2.7339439392089844,,,0.00017077293899713585,1118.4822704299997
7770,15912960,2.5015478134155273,,,0.00017049621636777647,1119.8051844069998
7780,15933440,2.520914077758789,,,0.000170219470604837,1121.0806485340001
7790,15953920,2.553807497024536,,,0.00016994270287314054,1122.3815783779999
7800,15974400,2.5947718620300293,2.477001667022705,11.905514153335892,0.0001696659143376028,1124.698853012
7810,15994880,2.6083924770355225,,,0.00016938910616322696,1125.9684890789997
7820,16015360,2.588782548904419,,,0.00016911227951509896,1127.130560663
7830,16035840,2.5418004989624023,,,0.00016883543555838238,1128.353377865
7840,16056320,2.3207898139953613,,,0.00016855857545831373,1129.5297242079998
7850,16076800,2.7108826637268066,,,0.0001682817003801975,1130.9171820929998
7860,16097280,2.5455291271209717,,,0.00016800481148940107,1132.178268553
7870,16117760,2.489544630050659,,,0.00016772790995135008,1133.5444196249998
7880,16138240,2.874199867248535,,,0.00016745099693152345,1135.3203855159998
7890,16158720,2.5201334953308105,,,0.0001671740735954483,1137.178696713
7900,16179200,2.7908077239990234,2.4689041495323183,11.809498313861248,0.00016689714110869517,1140.2725079109998
7910,16199680,2.5152084827423096,,,0.00016662020063687333,1142.0141340019998
7920,16220160,2.3167173862457275,,,0.00016634325334562535,1143.705667777
7930,16240640,2.771656036376953,,,0.0001660663004006227,1144.9522946119998
7940,16261120,2.673206090927124,,,0.00016578934296756064,1146.1750040559998
7950,16281600,2.724647045135498,,,0.00016551238221215324,1147.759210129
7960,16302080,2.397416114807129,,,0.00016523541930012857,1149.429679567
7970,16322560,2.3039112091064453,,,0.00016495845539722388,1151.0853440069998
7980,16343040,2.2849831581115723,,,0.0001646814916691804,1152.64374332
7990,16363520,2.627751350402832,,,0.00016440452928173882,1154.2992159509997
8000,16384000,2.6163697242736816,2.4634125590324403,11.744823132455506,0.00016412756940063411,1157.0345416869998
8010,16404480,2.756234645843506,,,0.00016385061319159068,1159.8105164269998
8020,16424960,2.4002935886383057,,,0.00016357366182031744,1161.5881727979997
8030,16445440,2.290085792541504,,,0.00016329671645250299,1162.962943835
8040,16465920,2.7249228954315186,,,0.0001630197782538107,1164.3395044309998
8050,16486400,2.5699925422668457,,,0.00016274284838987372,1165.711196477
8060,16506880,2.63582706451416,,,0.00016246592802629008,1167.007870703
8070,16527360,2.6066832542419434,,,0.00016218901832861787,1168.3446734739998
8080,16547840,2.5278584957122803,,,0.0001619121204623703,1169.57839202
8090,16568320,2.3068249225616455,,,0.0001616352355930108,1171.0544224889998
8100,16588800,2.5050337314605713,2.4583041667938232,11.684978953032033,0.00016135836488594802,1173.4852447279998
8110,16609280,2.609240770339966,,,0.00016108150950653103,1175.030257961
8120,16629760,2.5105252265930176,,,0.0001608046706200444,1176.457129232
8130,16650240,2.3956823348999023,,,0.00016052784939170334,1177.889060231
8140,16670720,2.5094447135925293,,,0.00016025104698664857,1179.345162235
8150,16691200,2.399898052215576,,,0.00015997426456994176,1180.9908649689999
8160,16711680,2.431572437286377,,,0.00015969750330656034,1182.735330697
8170,16732160,2.502345085144043,,,0.0001594207643613928,1184.456057905
8180,16752640,2.413388967514038,,,0.00015914404889923355,1186.196166215
8190,16773120,2.390061855316162,,,0.00015886735808477828,1187.855225428
8200,16793600,2.469503879547119,2.4539737462997437,11.63448748425012,0.00015859069308261895,1190.3819691769997
8210,16814080,2.550319194793701,,,0.00015831405505723875,1191.9391041840001
8220,16834560,2.4961252212524414,,,0.00015803744517300746,1193.467986544
8230,16855040,2.561366558074951,,,0.00015776086459417637,1194.688343642
8240,16875520,2.598576307296753,,,0.00015748431448487334,1195.8348560829997
8250,16896000,2.4255785942077637,,,0.00015720779600909807,1197.359323198
8260,16916480,2.508791446685791,,,0.00015693131033071717,1198.627763313
8270,16936960,2.467251777648926,,,0.00015665485861345908,1199.954398491
8280,16957440,2.5664796829223633,,,0.0001563784420209093,1201.2447140729998
8290,16977920,2.6452150344848633,,,0.00015610206171650566,1202.509022473
8300,16998400,2.2170815467834473,2.4479751586914062,11.564905896070425,0.00015582571886353305,1204.9050156299998
8310,17018880,2.7757976055145264,,,0.00015554941462511882,1206.278337507
8320,17039360,2.450732707977295,,,0.00015527315016422783,1207.5963900519998
8330,17059840,2.2796506881713867,,,0.00015499692664365744,1208.8166425299999
8340,17080320,2.5649991035461426,,,0.0001547207452260327,1210.006605103
8350,17100800,2.6927244663238525,,,0.00015444460707380152,1211.1655091730001
8360,17121280,2.5729427337646484,,,0.00015416851334922963,1212.4105556309999
8370,17141760,2.5124082565307617,,,0.00015389246521439574,1213.64175994
8380,17162240,2.54282283782959,,,0.0001536164638311868,1214.951401782
8390,17182720,2.360286235809326,,,0.0001533405103612929,1216.408987826
8400,17203200,2.4506168365478516,2.4383378982543946,11.453987220581508,0.0001530646059662024,1218.9305428730001
8410,17223680,2.652333974838257,,,0.00015278875180719725,1220.2718393399998
8420,17244160,2.469534397125244,,,0.00015251294904534786,1221.7329568769999
8430,17264640,2.507505416870117,,,0.00015223719884150825,1223.131318722
8440,17285120,2.2911837100982666,,,0.00015196150235631143,1224.5214185379998
8450,17305600,2.2847330570220947,,,0.00015168586075016413,1226.370653065
8460,17326080,2.3116908073425293,,,0.00015141027518324207,1227.8631840649998
8470,17346560,2.5873639583587646,,,0.00015113474681548527,1229.4145776439998
8480,17367040,2.81369686126709,,,0.00015085927680659285,1230.736800024
8490,17387520,2.2257914543151855,,,0.0001505838663160184,1232.1011608259998
8500,17408000,2.474043846130371,2.435373139381409,11.42007919972811,0.00015030851650296487,1234.305904097
8510,17428480,2.52925443649292,,,0.00015003322852637997,1236.5689068660001
8520,17448960,2.3496289253234863,,,0.00014975800354495098,1237.7909768359998
8530,17469440,2.589730739593506,,,0.00014948284271710022,1238.9856386609997
8540,17489920,2.511268138885498,,,0.00014920774720097985,1240.182026229
8550,17510400,2.5019798278808594,,,0.00014893271815446716,1241.4522107229998
8560,17530880,2.3129615783691406,,,0.00014865775673515965,1242.8885460519998
8570,17551360,2.257530689239502,,,0.0001483828641003703,1244.492296224
8580,17571840,2.3986294269561768,,,0.0001481080414071224,1245.819135602
8590,17592320,2.265618324279785,,,0.00014783328981214492,1247.180179924
8600,17612800,2.3633272647857666,2.432582974433899,11.388259706507506,0.0001475586104718677,1249.551489876
8610,17633280,2.3637990951538086,,,0.00014728400454241624,1251.00384818
8620,17653760,2.4846279621124268,,,0.00014700947317960723,1252.2924101319998
8630,17674240,2.178166389465332,,,0.0001467350175389434,1253.5377790999999
8640,17694720,2.220634937286377,,,0.00014646063877560894,1254.95120668
8650,17715200,2.5237576961517334,,,0.00014618633804446417,1256.309260074
8660,17735680,2.4051060676574707,,,0.00014591211650004127,1257.8154637719997
8670,17756160,2.572699546813965,,,0.00014563797529653893,1259.523462386
8680,17776640,2.2427356243133545,,,0.00014536391558781772,1261.090480219
8690,17797120,2.5112853050231934,,,0.0001450899385273953,1262.8605979699998
8700,17817600,2.2559401988983154,2.423107182979584,11.280856600864489,0.00014481604526844137,1265.344839946
8710,17838080,2.532005548477173,,,0.0001445422369637729,1266.532793305
8720,17858560,2.2476820945739746,,,0.0001442685147658493,1267.8346982279998
8730,17879040,2.5615763664245605,,,0.0001439948798267676,1269.01939078
8740,17899520,2.560356855392456,,,0.0001437213332982575,1270.161512299
8750,17920000,2.676547050476074,,,0.00014344787633167668,1271.4871786689998
8760,17940480,2.4099724292755127,,,0.00014317451007800575,1272.6790781050001
8770,17960960,2.4729809761047363,,,0.00014290123568784353,1273.8706317949998
8780,17981440,2.420410394668579,,,0.0001426280543114022,1275.117716775
8790,18001920,2.4730043411254883,,,0.00014235496709850244,1276.414190836
8800,18022400,2.253105401992798,2.4178696036338807,11.221926679115366,0.0001420819751985686,1279.206884865
8810,18042880,2.6566061973571777,,,0.00014180907976062387,1280.5422526649998
8820,18063360,2.4047770500183105,,,0.00014153628193328541,1281.8108780119999
8830,18083840,2.4954309463500977,,,0.00014126358286475958,1282.998588828
8840,18104320,2.4144043922424316,,,0.00014099098370283695,1284.144930188
8850,18124800,2.4687397480010986,,,0.00014071848559488772,1285.3806468579999
8860,18145280,2.2374024391174316,,,0.0001404460896878567,1286.735734058
8870,18165760,2.5844078063964844,,,0.0001401737971282585,1288.4628581639997
8880,18186240,2.6693170070648193,,,0.00013990160906217282,1290.1923431540001
8890,18206720,2.6310794353485107,,,0.0001396295266352395,1291.5763589249998
8900,18227200,2.538238525390625,2.4148004770278932,11.187537964028076,0.00013935755099265366,1294.0666615080002
8910,18247680,2.585268020629883,,,0.00013908568327916114,1295.5113976649998
8920,18268160,2.323373794555664,,,0.0001388139246390534,1296.879885862
8930,18288640,2.2509348392486572,,,0.00013854227621616278,1298.0628910130001
8940,18309120,2.7189953327178955,,,0.0001382707391538578,1299.4196124849998
8950,18329600,2.4767205715179443,,,0.0001379993145950382,1301.0543114179998
8960,18350080,2.589759349822998,,,0.00013772800368213022,1302.6429883029998
8970,18370560,2.721632957458496,,,0.00013745680755708177,1304.498789739
8980,18391040,2.396075963973999,,,0.00013718572736135765,1305.7192366359998
8990,18411520,2.5521392822265625,,,0.00013691476423593462,1306.968393122
9000,18432000,2.523618221282959,2.4126997590065002,11.164060769528582,0.00013664391932129675,1309.3608142219998
9010,18452480,2.4728479385375977,,,0.00013637319375743058,1312.0827371009998
9020,18472960,2.5002474784851074,,,0.00013610258868382026,1313.569914381
9030,18493440,2.4937381744384766,,,0.00013583210523944277,1314.8146927289997
9040,18513920,2.466886520385742,,,0.00013556174456276328,1316.0252361
9050,18534400,2.465841054916382,,,0.00013529150779173008,1317.2747086369998
9060,18554880,2.2783851623535156,,,0.00013502139606376998,1318.4788081609997
9070,18575360,2.352562427520752,,,0.00013475141051578365,1319.7078294189998
9080,18595840,2.357785224914551,,,0.00013448155228414042,1320.9360276720001
9090,18616320,2.336409091949463,,,0.00013421182250467382,1322.1848668219998
9100,18636800,2.394148826599121,2.4044333577156065,11.072154553358411,0.00013394222231267688,1324.6138550939997
9110,18657280,2.0980987548828125,,,0.000133672752842897,1326.270936699
9120,18677760,2.4875357151031494,,,0.00013340341522953143,1327.7012858169999
9130,18698240,2.5757787227630615,,,0.00013313421060622246,1329.101669044
9140,18718720,2.164461851119995,,,0.00013286514010605268,1330.5977677939998
9150,18739200,2.3498754501342773,,,0.00013259620486154,1331.969796558
9160,18759680,2.4376165866851807,,,0.0001323274060046332,1333.357805465
9170,18780160,2.451078414916992,,,0.00013205874466670688,1334.7128950949998
9180,18800640,2.7092065811157227,,,0.0001317902219785569,1335.961703696
9190,18821120,2.683685302734375,,,0.00013152183907039558,1337.3023879280001
9200,18841600,2.4175984859466553,2.3996073961257935,11.018849488321424,0.0001312535970718468,1339.998953214
9210,18862080,2.318847417831421,,,0.00013098549711194137,1341.49429498
9220,18882560,2.897819995880127,,,0.00013071754031911226,1343.056978151
9230,18903040,2.5074667930603027,,,0.00013044972782119,1344.331032981
9240,18923520,2.4505929946899414,,,0.00013018206074539757,1345.608237884
9250,18944000,2.6652488708496094,,,0.00012991454021834593,1347.258280573
9260,18964480,2.4678428173065186,,,0.00012964716736602933,1348.917798539
9270,18984960,2.427424669265747,,,0.0001293799433138203,1350.531866443
9280,19005440,2.5612692832946777,,,0.00012911286918646515,1351.9553857979997
9290,19025920,2.531639575958252,,,0.0001288459461080792,1353.217736295
9300,19046400,2.4486300945281982,2.3962067127227784,10.98144151213887,0.00012857917520214191,1355.8856524169998
9310,19066880,2.474581241607666,,,0.00012831255759149227,1357.1174911649998
9320,19087360,2.5879015922546387,,,0.0001280460943983241,1358.315392402
9330,19107840,2.212519645690918,,,0.00012777978674418126,1359.509098575
9340,19128320,2.3618438243865967,,,0.00012751363574995287,1360.737652212
9350,19148800,2.2611002922058105,,,0.0001272476425358688,1361.975419781
9360,19169280,2.519618034362793,,,0.0001269818082214947,1363.1667611309997
9370,19189760,2.342554807662964,,,0.00012671613392572744,1364.4083859169998
9380,19210240,2.5258865356445312,,,0.00012645062076679047,1365.695684997
9390,19230720,2.4769890308380127,,,0.00012618526986222888,1367.1611132629998
9400,19251200,2.407292366027832,2.392262649536133,10.938215312400319,0.0001259200823289049,1369.731601669
9410,19271680,2.4280900955200195,,,0.00012565505928299316,1371.0820093989998
9420,19292160,2.598844528198242,,,0.0001253902018399759,1372.470353216
9430,19312640,2.288515090942383,,,0.00012512551111463837,1373.843826299
9440,19333120,2.654066562652588,,,0.00012486098822106403,1375.352122041
9450,19353600,2.3318939208984375,,,0.00012459663427263006,1377.052114667
9460,19374080,2.2437095642089844,,,0.0001243324503820025,1378.3559539669998
9470,19394560,2.4589076042175293,,,0.00012406843766113158,1379.653972761
9480,19415040,2.4529833793640137,,,0.00012380459722124716,1381.0178416369997
9490,19435520,2.412229061126709,,,0.0001235409301728538,1382.3408651769998
9500,19456000,2.431239604949951,2.3905104637145995,10.91906630782341,0.00012327743762572643,1384.919988469
9510,19476480,2.3807029724121094,,,0.00012301412068890547,1387.2984073569999
9520,19496960,2.6820411682128906,,,0.00012275098047069216,1388.735316479
9530,19517440,2.5313804149627686,,,0.0001224880180786439,1389.915898778
9540,19537920,2.40872859954834,,,0.0001222252346195697,1391.207498032
9550,19558400,2.5832576751708984,,,0.0001219626311995254,1392.62631838
9560,19578880,2.443983316421509,,,0.00012170020892380899,1393.858366841
9570,19599360,2.4054532051086426,,,0.00012143796889695618,1395.147918558
9580,19619840,2.423949956893921,,,0.00012117591222273544,1396.323986007
9590,19640320,2.555835247039795,,,0.00012091404000414358,1397.441963815
9600,19660800,2.2770090103149414,2.3847782135009767,10.856654538484227,0.00012065235334340106,1399.8031249969997
9610,19681280,2.671409845352173,,,0.00012039085334194725,1401.163042171
9620,19701760,2.403371810913086,,,0.00012012954110043593,1402.9322889349999
9630,19722240,2.4265027046203613,,,0.00011986841771873062,1404.065806105
9640,19742720,2.329740047454834,,,0.00011960748429589987,1405.79502303
9650,19763200,2.2318930625915527,,,0.00011934674193021269,1407.214395186
9660,19783680,2.350898265838623,,,0.00011908619171913397,1408.469373192
9670,19804160,2.278789758682251,,,0.00011882583475931982,1409.849773195
9680,19824640,2.959088087081909,,,0.00011856567214661296,1411.1312504659998
9690,19845120,2.378967761993408,,,0.00011830570497603801,1412.402251017
9700,19865600,2.491368532180786,2.3776928186416626,10.780002729073894,0.00011804593434179711,1414.638560491
9710,19886080,2.320281505584717,,,0.00011778636133726515,1415.9964287169998
9720,19906560,2.7794570922851562,,,0.00011752698705498503,1417.4862254299999
9730,19927040,2.308535099029541,,,0.0001172678125866635,1418.834844397
9740,19947520,2.435161590576172,,,0.0001170088390231661,1420.12176145
9750,19968000,2.3306448459625244,,,0.0001167500674545128,1421.4448583339997
9760,19988480,2.3483786582946777,,,0.00011649149896987344,1422.6944803099998
9770,20008960,2.4824342727661133,,,0.00011623313465756298,1423.864301337
9780,20029440,2.509023666381836,,,0.00011597497560503708,1425.095554496
9790,20049920,2.1624655723571777,,,0.00011571702289888743,1426.45336096
9800,20070400,2.457223892211914,2.3736300826072694,10.73629526958989,0.00011545927762483728,1428.760507744
9810,20090880,2.538956880569458,,,0.00011520174086773669,1429.9443041799998
9820,20111360,2.397557258605957,,,0.00011494441371155814,1431.225667734
9830,20131840,2.3670616149902344,,,0.0001146872972393919,1432.468765164
9840,20152320,2.3163678646087646,,,0.00011443039253344142,1433.660786003
9850,20172800,2.4314229488372803,,,0.00011417370067501892,1434.805737596
9860,20193280,2.408148765563965,,,0.00011391722274454065,1436.1152041369999
9870,20213760,2.7762985229492188,,,0.00011366095982152247,1437.276409978
9880,20234240,2.459721565246582,,,0.00011340491298457531,1438.4812011440001
9890,20254720,2.3951101303100586,,,0.00011314908331140053,1439.637445475
9900,20275200,2.344458818435669,2.3689925193786623,10.686620295881806,0.00011289347187878548,1441.7960934129999
9910,20295680,2.3106093406677246,,,0.0001126380797625989,1442.96513958
9920,20316160,2.5194356441497803,,,0.00011238290803778655,1444.2357583209998
9930,20336640,2.3388137817382812,,,0.00011212795777836639,1445.4770238129997
9940,20357120,2.316710948944092,,,0.00011187323005742433,1446.604206956
9950,20377600,2.5065441131591797,,,0.00011161872594710964,1447.928724955
9960,20398080,2.625178098678589,,,0.00011136444651863035,1449.109741126
9970,20418560,2.416503429412842,,,0.0001111103928422488,1450.333697846
9980,20439040,2.3416004180908203,,,0.00011085656598727721,1451.5674837979998
9990,20459520,2.5484461784362793,,,0.00011060296702207305,1452.756530983
10000,20480000,2.4801602363586426,2.3648096203804014,10.642012602330096,0.00011034959701403459,1455.1412539709997
10010,20500480,2.4241862297058105,,,0.00011009645702959648,1457.6191053750001
10020,20520960,2.5893948078155518,,,0.00010984354813422514,1458.957949208
10030,20541440,2.3200554847717285,,,0.00010959087139241439,1460.243686165
10040,20561920,2.2914276123046875,,,0.00010933842786768085,1461.667424808
10050,20582400,2.453146457672119,,,0.00010908621862255956,1462.8806718539997
10060,20602880,2.7074708938598633,,,0.00010883424471859952,1464.0573097499998
10070,20623360,2.676110029220581,,,0.00010858250721635919,1465.3083933340001
10080,20643840,2.407667636871338,,,0.00010833100717540181,1466.526805954
10090,20664320,2.128296375274658,,,0.00010807974565429145,1467.785098745
10100,20684800,2.597055435180664,2.3637584805488587,10.630832236089578,0.00010782872371058805,1470.095759395
10110,20705280,2.4964168071746826,,,0.0001075779424008432,1471.2974570029999
10120,20725760,2.3780789375305176,,,0.00010732740278059571,1472.445671791
10130,20746240,2.585308074951172,,,0.00010707710590436708,1474.0322233089998
10140,20766720,2.4554028511047363,,,0.00010682705282565707,1475.506452039
10150,20787200,2.2060494422912598,,,0.0001065772445969394,1476.7807650930001
10160,20807680,2.290217399597168,,,0.00010632768226965715,1478.065972867
10170,20828160,2.411841869354248,,,0.0001060783668942183,1479.258004863
10180,20848640,2.4404263496398926,,,0.00010582929951999169,1480.5499681059998
10190,20869120,2.389965057373047,,,0.000105580481195302,1481.767475759
10200,20889600,2.3722727298736572,2.358841300010681,10.578686823983588,0.00010533191296742589,1483.939842346
10210,20910080,2.4050676822662354,,,0.00010508359588258722,1485.095381082
10220,20930560,2.458146095275879,,,0.00010483553098595285,1486.6293714209999
10230,20951040,2.386831283569336,,,0.00010458771932162823,1488.050173241
10240,20971520,2.3708131313323975,,,0.00010434016193265279,1489.3829827460002
10250,20992000,2.344048500061035,,,0.00010409285986099594,1490.5905671449998
10260,21012480,2.2727513313293457,,,0.00010384581414755226,1491.687990538
10270,21032960,2.4597363471984863,,,0.00010359902583213749,1492.7986623539998
10280,21053440,2.320469379425049,,,0.00010335249595348387,1494.018203073
10290,21073920,2.496774435043335,,,0.00010310622554923588,1495.6432087219998
10300,21094400,2.552750587463379,2.3557119011878966,10.545633639163368,0.00010286021565594589,1498.2025073419998
10310,21114880,2.335142135620117,,,0.00010261446730906978,1499.3413399509998
10320,21135360,2.405190944671631,,,0.00010236898154296262,1500.529641211
10330,21155840,2.144054651260376,,,0.00010212375939087416,1501.7800428899998
10340,21176320,2.515878677368164,,,0.0001018788018849448,1503.239513914
10350,21196800,2.2275619506835938,,,0.00010163411005620086,1504.394455582
10360,21217280,2.044468402862549,,,0.00010138968493455051,1505.5605151759999
10370,21237760,2.3483448028564453,,,0.00010114552754877926,1506.9450455459998
10380,21258240,2.469801187515259,,,0.00010090163892654591,1508.1380434619998
10390,21278720,2.16304349899292,,,0.00010065802009437783,1509.3551212639998
10400,21299200,2.5505223274230957,2.3522363185882567,10.509045038568225,0.00010041467207766695,1511.5704184859999
10410,21319680,2.354886531829834,,,0.00010017159590066532,1512.849242898
10420,21340160,2.400977611541748,,,9.992879258648074e-05,1514.380666146
10430,21360640,2.594156265258789,,,9.96862631570727e-05,1515.642237143
10440,21381120,2.5789358615875244,,,9.944400863324778e-05,1516.966846092
10450,21401600,2.522270441055298,,,9.92020300346555e-05,1518.495866984
10460,21422080,2.504584550857544,,,9.8960328379784e-05,1519.709213459
10470,21442560,2.1918320655822754,,,9.871890468595583e-05,1520.8816591799998
10480,21463040,2.305716037750244,,,9.847775996932346e-05,1522.09626838
10490,21483520,2.35306978225708,,,9.823689524486538e-05,1523.371343312
10500,21504000,2.457953929901123,2.3493797898292543,10.479068484014439,9.799631152638138e-05,1525.623496591
10510,21524480,2.094526767730713,,,9.775600982648857e-05,1528.0197010099998
10520,21544960,2.340965986251831,,,9.751599115661699e-05,1529.2305908219998
10530,21565440,2.5249669551849365,,,9.727625652700558e-05,1530.483067806
10540,21585920,2.4822025299072266,,,9.703680694669757e-05,1531.726749878
10550,21606400,2.39987850189209,,,9.679764342353648e-05,1533.118198895
10560,21626880,2.8134307861328125,,,9.655876696416182e-05,1534.3249847509999
10570,21647360,2.2339510917663574,,,9.632017857400485e-05,1535.6865604019997
10580,21667840,2.6060657501220703,,,9.608187925728428e-05,1537.026152822
10590,21688320,2.2750234603881836,,,9.584387001700227e-05,1538.2345312249997
10600,21708800,2.3226523399353027,2.3449961066246034,10.433232106980649,9.560615185493991e-05,1540.45631139
10610,21729280,2.318640947341919,,,9.536872577165312e-05,1541.638455395
10620,21749760,2.5106611251831055,,,9.513159276646861e-05,1542.830532442
10630,21770240,2.1670339107513428,,,9.489475383747941e-05,1544.1196697970001
10640,21790720,2.308938980102539,,,9.465820998154078e-05,1545.3958215999999
10650,21811200,2.4662492275238037,,,9.442196219426607e-05,1546.686700605
10660,21831680,2.2448668479919434,,,9.418601147002244e-05,1548.005664268
10670,21852160,2.4611408710479736,,,9.395035880192665e-05,1549.1892176549998
10680,21872640,2.35560941696167,,,9.371500518184114e-05,1550.3114220169998
10690,21893120,2.3196308612823486,,,9.347995160036948e-05,1551.6544688289998
10700,21913600,2.3629634380340576,2.345655310153961,10.440111997783188,9.324519904685237e-05,1553.5297799909997
10710,21934080,2.153754234313965,,,9.301074850936363e-05,1554.8779694809998
10720,21954560,2.654653549194336,,,9.277660097470579e-05,1556.105124809
10730,21975040,2.2176785469055176,,,9.254275742840602e-05,1557.2537876190001
10740,21995520,2.403468370437622,,,9.230921885471204e-05,1558.4473422590002
10750,22016000,2.3156983852386475,,,9.20759862365879e-05,1559.689103936
10760,22036480,2.4875645637512207,,,9.184306055571002e-05,1561.059363814
10770,22056960,2.508273124694824,,,9.161044279246277e-05,1562.6643573019999
10780,22077440,2.5217130184173584,,,9.137813392593454e-05,1563.9259808489999
10790,22097920,2.4081852436065674,,,9.114613493391361e-05,1565.200797889
10800,22118400,2.6038055419921875,2.3374046444892884,10.354328496314091,9.091444679288388e-05,1567.554058908
10810,22138880,2.31168794631958,,,9.068307047802107e-05,1568.918836395
10820,22159360,2.3711230754852295,,,9.045200696318827e-05,1570.174928348
10830,22179840,2.5602920055389404,,,9.022125722093207e-05,1571.3863014820001
10840,22200320,2.407667636871338,,,8.999082222247832e-05,1572.605842281
10850,22220800,2.1742801666259766,,,8.97607029377282e-05,1574.037360296
10860,22241280,2.485654830932617,,,8.953090033525395e-05,1575.3001268159999
10870,22261760,2.5456366539001465,,,8.9301415382295e-05,1576.4812786969999
10880,22282240,2.3660383224487305,,,8.907224904475376e-05,1577.7028806719998
10890,22302720,2.234147548675537,,,8.884340228719154e-05,1578.8725190530001
10900,22323200,2.2755062580108643,2.3392745733261107,10.373708467691891,8.861487607282458e-05,1580.775530263
10910,22343680,2.0476086139678955,,,8.838667136351994e-05,1582.110886149
10920,22364160,2.473728656768799,,,8.815878911979146e-05,1583.414438915
10930,22384640,2.3266472816467285,,,8.793123030079568e-05,1584.764096277
10940,22405120,2.1681554317474365,,,8.770399586432802e-05,1586.0113138650001
10950,22425600,2.4491217136383057,,,8.747708676681837e-05,1587.2793439209997
10960,22446080,2.4362196922302246,,,8.725050396332733e-05,1588.4827815779997
10970,22466560,2.460023880004883,,,8.702424840754216e-05,1589.66406842
10980,22487040,2.3599367141723633,,,8.679832105177271e-05,1590.8933016009998
10990,22507520,2.571089267730713,,,8.657272284694751e-05,1592.2338590779998
11000,22528000,2.2072858810424805,2.3339112877845762,10.31822023966963,8.634745474260958e-05,1594.701557738
11010,22548480,2.5855398178100586,,,8.612251768691258e-05,1596.991242459
11020,22568960,2.341942310333252,,,8.589791262661685e-05,1598.2831826589997
11030,22589440,2.303530216217041,,,8.567364050708524e-05,1599.7607013119998
11040,22609920,2.4466023445129395,,,8.544970227227939e-05,1600.880166581
11050,22630400,2.393554210662842,,,8.522609886475545e-05,1602.2663700289997
11060,22650880,2.0713353157043457,,,8.500283122566051e-05,1603.7188643389998
11070,22671360,2.2780957221984863,,,8.477990029472824e-05,1605.0175428669997
11080,22691840,2.776334762573242,,,8.455730701027514e-05,1606.2647754339998
11090,22712320,2.47877836227417,,,8.433505230919655e-05,1607.536316388
11100,22732800,2.3197977542877197,2.331437575817108,10.292727478653505,8.411313712696274e-05,1609.9424961940001
11110,22753280,2.5045742988586426,,,8.389156239761489e-05,1611.271637134
11120,22773760,2.3309221267700195,,,8.367032905376136e-05,1612.680950323
11130,22794240,2.153735637664795,,,8.344943802657343e-05,1614.080189602
11140,22814720,2.8757424354553223,,,8.32288902457817e-05,1615.40342679
11150,22835200,2.856236457824707,,,8.300868663967195e-05,1616.6472389909998
11160,22855680,2.3977296352386475,,,8.27888281350814e-05,1618.054062248
11170,22876160,2.2806200981140137,,,8.256931565739472e-05,1619.2105650689998
11180,22896640,2.56107759475708,,,8.235015013054009e-05,1620.528735478
11190,22917120,2.290677070617676,,,8.213133247698548e-05,1621.9402286279999
11200,22937600,2.3528709411621094,2.3280352473258974,10.257767744674114,8.191286361773466e-05,1624.3333267249998
11210,22958080,2.559260368347168,,,8.169474447232322e-05,1625.659650631
11220,22978560,2.589609146118164,,,8.147697595881485e-05,1626.953415928
11230,22999040,2.2323086261749268,,,8.125955899379747e-05,1628.176838772
11240,23019520,2.3703253269195557,,,8.104249449237923e-05,1629.4855290079997
11250,23040000,2.44992995262146,,,8.082578336818495e-05,1630.767208809
11260,23060480,2.2174556255340576,,,8.060942653335189e-05,1632.032768236
11270,23080960,2.253880500793457,,,8.039342489852618e-05,1633.254300583
11280,23101440,2.6065926551818848,,,8.017777937285895e-05,1634.551179277
11290,23121920,2.396911144256592,,,7.99624908640024e-05,1635.689395745
11300,23142400,2.27628755569458,2.3272215485572816,10.249424406633818,7.974756027810604e-05,1638.1037782360002
11310,23162880,2.3587112426757812,,,7.953298851981303e-05,1639.375801585
11320,23183360,2.5718955993652344,,,7.931877649225602e-05,1640.63522364
11330,23203840,2.566495418548584,,,7.91049250970537e-05,1641.9947281409998
11340,23224320,2.1685070991516113,,,7.889143523430678e-05,1643.2749571450001
11350,23244800,2.323169708251953,,,7.867830780259429e-05,1644.520398471
11360,23265280,2.317568302154541,,,7.846554369896979e-05,1646.070445398
11370,23285760,2.357886791229248,,,7.825314381895765e-05,1647.3612360239997
11380,23306240,2.2602529525756836,,,7.804110905654917e-05,1648.7931288009997
11390,23326720,2.239530086517334,,,7.782944030419887e-05,1649.912068924
11400,23347200,2.2990379333496094,2.324663281440735,10.223237152488746,7.76181384528207e-05,1652.2844214979998
11410,23367680,2.4315528869628906,,,7.740720439178437e-05,1653.462477277
11420,23388160,2.5536046028137207,,,7.719663900891156e-05,1654.673871409
11430,23408640,2.2926414012908936,,,7.698644319047225e-05,1655.9000775729999
11440,23429120,2.8008840084075928,,,7.677661782118077e-05,1657.1366873069999
11450,23449600,2.4416821002960205,,,7.656716378419232e-05,1658.43293295
11460,23470080,2.461718797683716,,,7.635808196109915e-05,1659.7780980239997
11470,23490560,2.266984462738037,,,7.614937323192688e-05,1661.005120439
11480,23511040,2.5615949630737305,,,7.594103847513074e-05,1662.343983127
11490,23531520,2.4828989505767822,,,7.573307856759186e-05,1663.7158849179998
11500,23552000,2.112020969390869,2.32158887386322,10.191855020171712,7.552549438461382e-05,1666.166705418
11510,23572480,2.333645820617676,,,7.53182867999186e-05,1668.458253353
11520,23592960,2.4430179595947266,,,7.511145668564313e-05,1669.8283826619997
11530,23613440,2.202505111694336,,,7.490500491233555e-05,1671.0491163509998
11540,23633920,2.213099241256714,,,7.469893234895162e-05,1672.224468963
11550,23654400,2.3562116622924805,,,7.449323986285086e-05,1673.617732596
11560,23674880,2.7463324069976807,,,7.428792831979329e-05,1675.0501503459998
11570,23695360,2.3786885738372803,,,7.408299858393531e-05,1676.3484812149998
11580,23715840,2.520092725753784,,,7.387845151782641e-05,1677.783234876
11590,23736320,2.0323257446289062,,,7.367428798240539e-05,1679.028042825
11600,23756800,2.216254472732544,2.318676710128784,10.162217844694469,7.347050883699676e-05,1681.448370371
11610,23777280,2.249157190322876,,,7.326711493930716e-05,1682.6646859129999
11620,23797760,2.430560827255249,,,7.306410714542161e-05,1683.7858145980001
11630,23818240,2.3859643936157227,,,7.286148630980031e-05,1685.1084922100001
11640,23838720,2.3701484203338623,,,7.265925328527444e-05,1686.3532446369998
11650,23859200,2.3847403526306152,,,7.245740892304302e-05,1687.6903187719997
11660,23879680,2.2934317588806152,,,7.225595407266917e-05,1689.265453102
11670,23900160,2.258477210998535,,,7.20548895820765e-05,1690.458958166
11680,23920640,2.5564963817596436,,,7.185421629754574e-05,1691.732494093
11690,23941120,2.3439784049987793,,,7.165393506371091e-05,1692.9819434559997
11700,23961600,2.5092289447784424,2.3168707847595216,10.143882199067834,7.145404672355592e-05,1695.3087887079998
11710,23982080,2.230912685394287,,,7.125455211841097e-05,1696.849995968
11720,24002560,2.4764292240142822,,,7.105545208794908e-05,1698.2656966369998
11730,24023040,2.38320255279541,,,7.085674747018248e-05,1699.7593300209999
11740,24043520,2.2895236015319824,,,7.065843910145904e-05,1701.0230874789997
11750,24064000,2.634047031402588,,,7.046052781645896e-05,1702.369443035
11760,24084480,2.342831611633301,,,7.0263014448191e-05,1703.766921394
11770,24104960,2.365659236907959,,,7.006589982798914e-05,1704.9528555199997
11780,24125440,2.3893284797668457,,,6.986918478550897e-05,1706.411202439
11790,24145920,2.5315258502960205,,,6.967287014872436e-05,1707.8216821190001
11800,24166400,2.5110340118408203,2.312498462200165,10.099626694263847,6.947695674392372e-05,1710.4524896619998
11810,24186880,2.2327723503112793,,,6.928144539570686e-05,1711.8348249419998
11820,24207360,2.4921674728393555,,,6.90863369269812e-05,1713.0361318499997
11830,24227840,2.4192144870758057,,,6.88916321589585e-05,1714.2669307129997
11840,24248320,2.615250825881958,,,6.869733191115123e-05,1715.721580905
11850,24268800,2.3670477867126465,,,6.850343700136945e-05,1716.9851770499997
11860,24289280,2.2197420597076416,,,6.830994824571693e-05,1718.368268864
11870,24309760,2.2940592765808105,,,6.811686645858812e-05,1719.8381307719999
11880,24330240,2.405588150024414,,,6.792419245266441e-05,1721.1241156929998
11890,24350720,2.3404595851898193,,,6.773192703891089e-05,1722.3530929679998
11900,24371200,2.3704583644866943,2.3110298037528993,10.084804679108174,6.754007102657285e-05,1724.64810981
11910,24391680,2.1927483081817627,,,6.734862522317248e-05,1725.833090453
11920,24412160,2.684068441390991,,,6.715759043450532e-05,1727.0274904269997
11930,24432640,2.2886695861816406,,,6.696696746463696e-05,1728.495996771
11940,24453120,2.7093050479888916,,,6.677675711589974e-05,1729.671770012
11950,24473600,1.9896129369735718,,,6.658696018888918e-05,1730.882389019
11960,24494080,2.357370376586914,,,6.639757748246073e-05,1731.994877629
11970,24514560,2.413938045501709,,,6.620860979372636e-05,1733.5183784569997
11980,24535040,2.150965452194214,,,6.602005791805132e-05,1734.8367877049998
11990,24555520,2.599102020263672,,,6.583192264905055e-05,1736.055082645
12000,24576000,2.5281269550323486,2.310972213745117,10.084223911851579,6.564420477858569e-05,1738.5787869909998
12010,24596480,2.346590518951416,,,6.545690509676138e-05,1741.0621399169997
12020,24616960,2.4648427963256836,,,6.527002439192217e-05,1742.259502536
12030,24637440,2.3292884826660156,,,6.508356345064916e-05,1743.630792751
12040,24657920,2.161533832550049,,,6.489752305775661e-05,1744.805003401
12050,24678400,2.6212544441223145,,,6.471190399628868e-05,1746.188967619
12060,24698880,2.391233444213867,,,6.452670704751625e-05,1747.6010128609998
12070,24719360,2.4164316654205322,,,6.434193299093347e-05,1748.7923986029998
12080,24739840,2.1674580574035645,,,6.415758260425449e-05,1750.046282268
12090,24760320,2.6956448554992676,,,6.397365666341029e-05,1751.4631368369999
12100,24780800,2.2283616065979004,2.30687016248703,10.042942635309373,6.37901559425453e-05,1753.7068594529999
12110,24801280,2.5102486610412598,,,6.360708121401425e-05,1755.1664073089999
12120,24821760,2.408825635910034,,,6.34244332483789e-05,1756.4391857980002
12130,24842240,2.1952643394470215,,,6.324221281440466e-05,1757.6507730289998
12140,24862720,2.103879928588867,,,6.306042067905757e-05,1759.3549003589999
12150,24883200,2.420135974884033,,,6.287905760750087e-05,1760.7984399670001
12160,24903680,2.2653961181640625,,,6.269812436309192e-05,1762.153981997
12170,24924160,2.2617030143737793,,,6.251762170737891e-05,1763.442948063
12180,24944640,2.433565139770508,,,6.233755040009769e-05,1764.570669647
12190,24965120,2.3160972595214844,,,6.21579111991686e-05,1765.707747099
12200,24985600,2.4346933364868164,2.303640365600586,10.010558296025877,6.197870486069323e-05,1768.033863075
12210,25006080,2.4239652156829834,,,6.17999321389512e-05,1769.260732848
12220,25026560,2.142735004425049,,,6.162159378639708e-05,1770.878379525
12230,25047040,2.4697370529174805,,,6.144369055365717e-05,1772.4018739679998
12240,25067520,2.595101833343506,,,6.126622318952633e-05,1773.6973669669999
12250,25088000,2.4130349159240723,,,6.108919244096493e-05,1774.961521549
12260,25108480,2.0613479614257812,,,6.0912599053095556e-05,1776.4776855499997
12270,25128960,2.3532707691192627,,,6.073644376919992e-05,1777.669452941
12280,25149440,2.258904457092285,,,6.056072733071576e-05,1779.011198204
12290,25169920,2.209383010864258,,,6.038545047723382e-05,1780.430932396
12300,25190400,2.304034471511841,2.3031032562255858,10.005182975012975,6.021061394649447e-05,1782.96174726
12310,25210880,2.4185025691986084,,,6.003621847438491e-05,1784.484942023
12320,25231360,2.3283753395080566,,,5.986226479493585e-05,1785.7452181299998
12330,25251840,2.3555684089660645,,,5.968875364031846e-05,1787.017612065
12340,25272320,2.379368543624878,,,5.951568574084137e-05,1788.5028720419998
12350,25292800,2.2371654510498047,,,5.934306182494755e-05,1789.804732376
12360,25313280,2.278254508972168,,,5.91708826192112e-05,1791.1656867079998
12370,25333760,2.7140605449676514,,,5.899914884833483e-05,1792.455105326
12380,25354240,2.322309732437134,,,5.8827861235146036e-05,1793.685948898
12390,25374720,2.425902843475342,,,5.865702050059451e-05,1795.026459173
12400,25395200,2.2411258220672607,2.3009779810905457,9.983941788093027,5.848662736374911e-05,1797.2864902099998
12410,25415680,2.3161723613739014,,,5.8316682541794705e-05,1798.6016141329999
12420,25436160,2.5122780799865723,,,5.8147186750029216e-05,1799.944083698
12430,25456640,2.3852598667144775,,,5.797814070186057e-05,1801.099064022
12440,25477120,2.594291925430298,,,5.780954510880383e-05,1802.356413409
12450,25497600,2.2256340980529785,,,5.7641400680477945e-05,1803.5736109859997
12460,25518080,2.3483262062072754,,,5.747370812460302e-05,1804.899514975
12470,25538560,2.433513879776001,,,5.730646814699717e-05,1806.126968747
12480,25559040,2.2450480461120605,,,5.713968145157363e-05,1807.380052182
12490,25579520,2.33323335647583,,,5.697334874033772e-05,1808.7284616629997
12500,25600000,2.300227165222168,2.2978718996047975,9.952978962772923,5.680747071338404e-05,1811.201486536
12510,25620480,2.461779832839966,,,5.6642048068893407e-05,1813.495821631
12520,25640960,2.2958850860595703,,,5.6477081503129835e-05,1814.7036047969998
12530,25661440,2.504258632659912,,,5.631257171043779e-05,1816.002099647
12540,25681920,2.380770683288574,,,5.614851938323914e-05,1817.17301965
12550,25702400,2.215214729309082,,,5.5984925212030244e-05,1818.658829364
12560,25722880,2.4025774002075195,,,5.582178988537924e-05,1820.2041778719997
12570,25743360,2.654344081878662,,,5.56591140899228e-05,1821.4724110949999
12580,25763840,2.2588701248168945,,,5.549689851036352e-05,1822.7134159159998
12590,25784320,2.609248638153076,,,5.533514382946696e-05,1823.955116769
12600,25804800,2.174095630645752,2.295417070388794,9.92857606395802,5.517385072805871e-05,1826.099455625
12610,25825280,2.2669193744659424,,,5.5013019885021604e-05,1827.3578425379999
12620,25845760,2.3153457641601562,,,5.4852651977292774e-05,1828.738958921
12630,25866240,2.4704208374023438,,,5.469274767986099e-05,1829.9316814239999
12640,25886720,2.4110631942749023,,,5.453330766576353e-05,1831.3186035369997
12650,25907200,2.1229209899902344,,,5.437433260608362e-05,1832.991624823
12660,25927680,2.2447597980499268,,,5.4215823169947396e-05,1834.1995230559999
12670,25948160,2.453463315963745,,,5.405778002452125e-05,1835.366629041
12680,25968640,2.4121971130371094,,,5.3900203835008926e-05,1836.577169714
12690,25989120,2.260359764099121,,,5.3743095264648794e-05,1837.8050899019997
12700,26009600,2.466655731201172,2.2959407687187197,9.933777004404302,5.358645497471097e-05,1839.860148685
12710,26030080,2.3982558250427246,,,5.343028362449456e-05,1841.1666097720001
12720,26050560,2.2113099098205566,,,5.327458187132497e-05,1842.541319881
12730,26071040,2.2468295097351074,,,5.311935037055104e-05,1843.732028822
12740,26091520,2.308220863342285,,,5.296458977554225e-05,1845.07235147
12750,26112000,2.654468536376953,,,5.281030073768617e-05,1846.5069613459998
12760,26132480,2.416738271713257,,,5.265648390638548e-05,1847.7705240039998
12770,26152960,2.315225839614868,,,5.250313992905537e-05,1849.0436347080001
12780,26173440,2.5115485191345215,,,5.235026945112081e-05,1850.368983471
12790,26193920,2.2637088298797607,,,5.2197873116013776e-05,1851.7843793599998
12800,26214400,2.0855607986450195,2.294756805896759,9.922022741427686,5.204595156517057e-05,1854.237452615
12810,26234880,2.4201600551605225,,,5.189450543802921e-05,1855.443287975
12820,26255360,2.204064130783081,,,5.174353537202657e-05,1856.7754243329998
12830,26275840,2.2964060306549072,,,5.15930420025958e-05,1858.110529976
12840,26296320,2.3570353984832764,,,5.1443025963163655e-05,1859.4154866699998
12850,26316800,2.597754955291748,,,5.129348788514775e-05,1860.6613297829997
12860,26337280,2.44183349609375,,,5.114442839795407e-05,1862.0693962369999
12870,26357760,2.4186410903930664,,,5.099584812897407e-05,1863.580290098
12880,26378240,2.231494903564453,,,5.0847747703582307e-05,1864.815788574
12890,26398720,2.312849998474121,,,5.0700127745133616e-05,1866.144280226
12900,26419200,2.6977128982543945,2.29204124212265,9.895115406732055,5.055298887496052e-05,1868.468375367
12910,26439680,2.3673810958862305,,,5.0406331712370704e-05,1869.6288164609998
12920,26460160,2.326228141784668,,,5.026015687464428e-05,1870.9072681649998
12930,26480640,2.4244747161865234,,,5.011446497703123e-05,1872.0851637140001
12940,26501120,2.06856107711792,,,4.996925663274901e-05,1873.307851792
12950,26521600,2.4211320877075195,,,4.9824532452979645e-05,1874.5080993989998
12960,26542080,2.1695291996002197,,,4.968029304686735e-05,1875.677621615
12970,26562560,2.3802385330200195,,,4.9536539021515907e-05,1876.9574118839998
12980,26583040,2.2133114337921143,,,4.939327098198617e-05,1878.241467563
12990,26603520,2.281111240386963,,,4.925048953129341e-05,1879.662522883
13000,26624000,2.310241937637329,2.2904422640800477,9.879305977301307,4.910819527040499e-05,1882.0444439299997
13010,26644480,2.4709224700927734,,,4.896638879823752e-05,1884.5448228550001
13020,26664960,2.5574233531951904,,,4.882507071165461e-05,1885.699776619
13030,26685440,2.372678279876709,,,4.868424160546423e-05,1887.006339835
13040,26705920,2.4222898483276367,,,4.8543902072416214e-05,1888.189696441
13050,26726400,2.1970577239990234,,,4.840405270319976e-05,1889.376703268
13060,26746880,2.334047555923462,,,4.826469408644109e-05,1890.6965261079997
13070,26767360,2.3468732833862305,,,4.81258268087007e-05,1891.9139739179998
13080,26787840,2.416126012802124,,,4.7987451454471123e-05,1893.051359631
13090,26808320,2.2376580238342285,,,4.7849568606174334e-05,1894.1964236249999
13100,26828800,2.13808536529541,2.2892428636550903,9.86746383666774,4.77121788441594e-05,1896.5995624559998
13110,26849280,2.418274402618408,,,4.7575282746699966e-05,1897.8059246629998
13120,26869760,2.3625853061676025,,,4.74388808899918e-05,1899.062611987
13130,26890240,2.2916412353515625,,,4.730297384815052e-05,1900.349258685
13140,26910720,2.077709197998047,,,4.716756219320896e-05,1901.642961022
13150,26931200,2.0427610874176025,,,4.703264649511491e-05,1903.023848129
13160,26951680,2.61555552482605,,,4.6898227321728685e-05,1904.3665516099998
13170,26972160,2.5792598724365234,,,4.676430523882074e-05,1905.6989306099997
13180,26992640,2.0371856689453125,,,4.663088081006919e-05,1907.006401588
13190,27013120,2.6211276054382324,,,4.649795459705768e-05,1908.1732261619998
13200,27033600,2.5249557495117188,2.2868979573249817,9.844352665610568,4.63655271592727e-05,1910.5174772089997
13210,27054080,2.4875588417053223,,,4.623359905410151e-05,1911.7117395839998
13220,27074560,2.2521116733551025,,,4.61021708368296e-05,1913.0334854310001
13230,27095040,2.151451587677002,,,4.5971243060638495e-05,1914.5852545589998
13240,27115520,2.4201767444610596,,,4.584081627660329e-05,1915.946160801
13250,27136000,2.4459495544433594,,,4.571089103369051e-05,1917.1715226059998
13260,27156480,2.2970399856567383,,,4.5581467878755605e-05,1918.5206378689998
13270,27176960,2.1278038024902344,,,4.5452547356540746e-05,1919.8389741610001
13280,27197440,2.354407787322998,,,4.532413000967257e-05,1921.227478914
13290,27217920,2.2699010372161865,,,4.519621637865978e-05,1922.6507916419998
13300,27238400,2.13147234916687,2.287274158000946,9.848056814445766,4.506880700189101e-05,1924.869153848
13310,27258880,2.6714165210723877,,,4.494190241563241e-05,1926.2347568540001
13320,27279360,2.2972402572631836,,,4.4815503154025555e-05,1927.623050339
13330,27299840,2.4363698959350586,,,4.468960974908505e-05,1928.8935991219998
13340,27320320,2.8635218143463135,,,4.456422273069636e-05,1930.2607994090001
13350,27340800,2.3554415702819824,,,4.4439342626613556e-05,1931.7396350860001
13360,27361280,2.262852668762207,,,4.431496996245715e-05,1933.00666601
13370,27381760,2.159006118774414,,,4.419110526171172e-05,1934.4480450579997
13380,27402240,2.2464098930358887,,,4.406774904572403e-05,1935.690679989
13390,27422720,2.2491416931152344,,,4.394490183370048e-05,1937.1185539780001
13400,27443200,2.272596836090088,2.2836602687835694,9.812531259486146,4.382256414270509e-05,1939.4501028769998
13410,27463680,2.305245876312256,,,4.3700736487657324e-05,1940.655176222
13420,27484160,2.349465847015381,,,4.3579419381329906e-05,1941.865419514
13430,27504640,2.306446075439453,,,4.3458613334346645e-05,1943.011523384
13440,27525120,2.729459285736084,,,4.3338318855180334e-05,1944.207657743
13450,27545600,2.286097764968872,,,4.3218536450150555e-05,1945.3889584349997
13460,27566080,2.6784377098083496,,,4.309926662342156e-05,1946.7119428529998
13470,27586560,2.355854034423828,,,4.298050987700017e-05,1948.036923852
13480,27607040,2.2240865230560303,,,4.2862266710733635e-05,1949.291193712
13490,27627520,2.521244525909424,,,4.2744537622307556e-05,1950.557409631
13500,27648000,2.712078332901001,2.282416653633118,9.800335831728699,4.2627323107243825e-05,1952.824244649
13510,27668480,2.309239387512207,,,4.251062365889841e-05,1955.1493900399998
13520,27688960,2.446686029434204,,,4.239443976845943e-05,1956.3069947729998
13530,27709440,2.3666176795959473,,,4.227877192494499e-05,1957.543176025
13540,27729920,2.6951727867126465,,,4.2163620615201146e-05,1958.7593090019998
13550,27750400,2.266695976257324,,,4.204898632389988e-05,1960.0105356339998
13560,27770880,2.322174072265625,,,4.193486953353701e-05,1961.2433217760001
13570,27791360,2.0421581268310547,,,4.182127072443028e-05,1962.496552806
13580,27811840,2.1982460021972656,,,4.170819037471715e-05,1963.9600522519997
13590,27832320,2.368711471557617,,,4.159562896035293e-05,1965.1017311079997
13600,27852800,2.4099690914154053,2.279680240154266,9.773554719471083,4.1483586955108726e-05,1967.697975836
13610,27873280,2.163597583770752,,,4.137206483056946e-05,1968.843011667
13620,27893760,2.491527557373047,,,4.126106305613184e-05,1970.048949699
13630,27914240,2.3351526260375977,,,4.1150582099002474e-05,1971.360522539
13640,27934720,2.3238935470581055,,,4.104062242419581e-05,1972.507260137
13650,27955200,2.3462510108947754,,,4.093118449453223e-05,1973.909991617
13660,27975680,2.3896872997283936,,,4.082226877063606e-05,1975.143439961
13670,27996160,2.3938746452331543,,,4.0713875710933735e-05,1976.319988773
13680,28016640,2.353031873703003,,,4.06060057716517e-05,1977.4710893069998
13690,28037120,2.166088819503784,,,4.0498659406814685e-05,1978.874465613
13700,28057600,2.2870359420776367,2.2778185486793516,9.755376302522537,4.0391837068243625e-05,1981.3630231209997
13710,28078080,2.1212005615234375,,,4.0285539205553855e-05,1982.689914973
13720,28098560,2.2818827629089355,,,4.0179766266153166e-05,1983.9548481660001
13730,28119040,2.358872890472412,,,4.007451869523998e-05,1985.2135127579998
13740,28139520,2.3505659103393555,,,3.996979693580142e-05,1986.4390185529999
13750,28160000,2.2936348915100098,,,3.986560142861148e-05,1987.8171494619999
13760,28180480,2.2346646785736084,,,3.9761932612229164e-05,1989.2538426559997
13770,28200960,2.1505753993988037,,,3.9658790922996624e-05,1990.6083982449998
13780,28221440,2.5784924030303955,,,3.95561767950373e-05,1991.8259326199998
13790,28241920,2.344886302947998,,,3.945409066025419e-05,1993.0695938369997
13800,28262400,2.046164035797119,2.276426303386688,9.741803876052959,3.9352532948327877e-05,1995.412308569
13810,28282880,2.4297218322753906,,,3.9251504086714964e-05,1996.5523308059999
13820,28303360,2.340529680252075,,,3.9151004500645995e-05,1997.760159966
13830,28323840,2.80962872505188,,,3.9051034613123805e-05,1999.062957549
13840,28344320,2.340271472930908,,,3.895159484492177e-05,2000.2145673439998
13850,28364800,2.084822416305542,,,3.8852685614581954e-05,2001.3913429379998
13860,28385280,2.8429293632507324,,,3.8754307338413415e-05,2002.5694717059998
13870,28405760,2.3997793197631836,,,3.8656460430490396e-05,2003.800546311
13880,28426240,2.577491283416748,,,3.855914530265068e-05,2005.042727704
13890,28446720,2.1971914768218994,,,3.84623623644937e-05,2006.2502723
13900,28467200,2.345790147781372,2.275705623626709,9.734785684411891,3.8366112023378954e-05,2008.512638211
13910,28487680,2.314218044281006,,,3.827039468442421e-05,2009.843862384
13920,28508160,2.349270820617676,,,3.817521075050385e-05,2010.9882581979998
13930,28528640,2.1887946128845215,,,3.80805606222471e-05,2012.1091889399997
13940,28549120,2.5605883598327637,,,3.798644469803653e-05,2013.426857831
13950,28569600,2.6205568313598633,,,3.7892863374006114e-05,2014.712201604
13960,28590080,2.4546871185302734,,,3.779981704403972e-05,2015.900518696
13970,28610560,2.661437511444092,,,3.770730609976948e-05,2017.1004224329997
13980,28631040,2.312875270843506,,,3.761533093057403e-05,2018.299869567
13990,28651520,2.7740914821624756,,,3.752389192357695e-05,2019.4927432920001
14000,28672000,2.236708402633667,2.274850332736969,9.726463170494952,3.743298946364508e-05,2021.769612065
14010,28692480,2.3169376850128174,,,3.7342623933387014e-05,2024.0820847889997
14020,28712960,2.2386817932128906,,,3.725279571315132e-05,2025.2298163379999
14030,28733440,2.4885168075561523,,,3.7163505181025115e-05,2026.40376911
14040,28753920,2.4918971061706543,,,3.707475271283232e-05,2027.516458896
14050,28774400,2.3153774738311768,,,3.6986538682132105e-05,2028.6278056919998
14060,28794880,2.1390748023986816,,,3.689886346021749e-05,2029.8903247179999
14070,28815360,2.339982032775879,,,3.681172741611353e-05,2030.9984144869998
14080,28835840,2.4352259635925293,,,3.672513091657593e-05,2032.1441998869998
14090,28856320,2.273078680038452,,,3.663907432608944e-05,2033.381779822
14100,28876800,2.469724655151367,2.272880256175995,9.707320156174983,3.6553558006866334e-05,2035.7340252689999
14110,28897280,2.4018166065216064,,,3.646858231884489e-05,2036.910944867
14120,28917760,2.297844171524048,,,3.638414761968783e-05,2038.124992186
14130,28938240,2.490286111831665,,,3.630025426478096e-05,2039.291844955
14140,28958720,2.309563636779785,,,3.621690260723142e-05,2040.513589647
14150,28979200,2.4256186485290527,,,3.6134092997866464e-05,2041.7550725419999
14160,28999680,2.4185125827789307,,,3.605182578523181e-05,2042.9725238069998
14170,29020160,2.4442596435546875,,,3.5970101315590225e-05,2044.105515521
14180,29040640,2.3598828315734863,,,3.588891993292007e-05,2045.3339885859998
14190,29061120,2.396082878112793,,,3.580828197891391e-05,2046.544874176
14200,29081600,2.365691900253296,2.271806228160858,9.69689981924393,3.572818779297694e-05,2048.701691182
14210,29102080,2.4642486572265625,,,3.564863771222568e-05,2049.8405471939996
14220,29122560,2.333207368850708,,,3.5569632071486504e-05,2050.985055669
14230,29143040,2.6522140502929688,,,3.54911712032942e-05,2052.1858629959997
14240,29163520,2.146453857421875,,,3.541325543789065e-05,2053.291859905
14250,29184000,2.68286395072937,,,3.533588510322343e-05,2054.8443306460003
14260,29204480,2.359590530395508,,,3.525906052494432e-05,2056.1034628469997
14270,29224960,2.4190006256103516,,,3.5182782026408064e-05,2057.2377003270003
14280,29245440,2.1331987380981445,,,3.510704992867092e-05,2058.45925893
14290,29265920,2.297926187515259,,,3.503186455048937e-05,2059.6445902389996
14300,29286400,2.241147994995117,2.2719133377075194,9.6979385054132,3.4957226208318743e-05,2061.4256916900003
14310,29306880,2.680166006088257,,,3.488313521631188e-05,2062.69302789
14320,29327360,2.204796314239502,,,3.480959188631787e-05,2063.9207595079997
14330,29347840,2.3048315048217773,,,3.4736596527880654e-05,2065.188163791
14340,29368320,2.0649642944335938,,,3.4664149448237747e-05,2066.531068601
14350,29388800,2.7521779537200928,,,3.4592250952319015e-05,2067.886384427
14360,29409280,2.138139009475708,,,3.4520901342745254e-05,2069.11947279
14370,29429760,2.3476033210754395,,,3.445010091982707e-05,2070.446789072
14380,29450240,2.2879836559295654,,,3.4379849981563524e-05,2071.8660562409996
14390,29470720,2.555548667907715,,,3.431014882364085e-05,2072.96994188
14400,29491200,2.376508951187134,2.270303797721863,9.68234184070513,3.424099773943133e-05,2075.330104388
14410,29511680,2.5693864822387695,,,3.417239701999191e-05,2076.460967584
14420,29532160,2.297015905380249,,,3.410434695406312e-05,2077.6146523689995
14430,29552640,2.1603970527648926,,,3.403684782806771e-05,2078.8222853649995
14440,29573120,2.3962721824645996,,,3.3969899926109604e-05,2080.0062946199996
14450,29593600,2.2478418350219727,,,3.3903503529972584e-05,2081.191362881
14460,29614080,2.4662318229675293,,,3.383765891911913e-05,2082.397112431
14470,29634560,2.5958380699157715,,,3.37723663706893e-05,2083.5244518749996
14480,29655040,2.2053189277648926,,,3.3707626159499475e-05,2084.692710667
14490,29675520,2.3729238510131836,,,3.3643438558041265e-05,2085.9251314020003
14500,29696000,2.3955647945404053,2.2690691471099855,9.67039490808855,3.357980383648038e-05,2088.1529321589996
14510,29716480,2.156345844268799,,,3.3516722262655394e-05,2090.480616119
14520,29736960,2.1708474159240723,,,3.3454194102076726e-05,2091.8633077980003
14530,29757440,2.237701654434204,,,3.3392219617925464e-05,2093.148047218
14540,29777920,2.107396125793457,,,3.3330799071052275e-05,2094.3718871749998
14550,29798400,2.251812219619751,,,3.326993271997629e-05,2095.8006069499997
14560,29818880,2.3794057369232178,,,3.3209620820884054e-05,2097.0932862090003
14570,29839360,2.3269293308258057,,,3.31498636276284e-05,2098.3722412770003
14580,29859840,2.6273040771484375,,,3.309066139172743e-05,2099.579648684
14590,29880320,2.4164199829101562,,,3.3032014362363395e-05,2100.8150556869996
14600,29900800,2.2909164428710938,2.269422459602356,9.673812183063154,3.297392278638172e-05,2102.7758706719997
14610,29921280,2.4327478408813477,,,3.291638690828989e-05,2104.0053753760003
14620,29941760,2.392613410949707,,,3.2859406970256463e-05,2105.3279756909997
14630,29962240,2.3939430713653564,,,3.280298321211008e-05,2106.5531839899995
14640,29982720,2.365257501602173,,,3.274711587133837e-05,2107.8237445389996
14650,30003200,2.5382590293884277,,,3.269180518308707e-05,2109.085387585
14660,30023680,2.323315143585205,,,3.263705138015886e-05,2110.403909457
14670,30044160,2.3225364685058594,,,3.2582854693012586e-05,2111.661117167
14680,30064640,2.329634666442871,,,3.252921534976216e-05,2112.845000214
14690,30085120,2.5501062870025635,,,3.2476133576175625e-05,2114.250782782
14700,30105600,1.9597892761230469,2.2668195247650145,9.648664623250173,3.242360959567422e-05,2116.920158275
14710,30126080,2.559298515319824,,,3.237164362933144e-05,2118.394957392
14720,30146560,2.3663277626037598,,,3.232023589587205e-05,2119.7601804469996
14730,30167040,2.4149601459503174,,,3.22693866116713e-05,2120.989022162
14740,30187520,2.310464859008789,,,3.221909599075385e-05,2122.434627648
14750,30208000,2.2656822204589844,,,3.216936424479298e-05,2123.8722322569993
14760,30228480,2.4074368476867676,,,3.212019158310966e-05,2125.474551851
14770,30248960,2.250916004180908,,,3.207157821267168e-05,2126.9879580449997
14780,30269440,2.2582359313964844,,,3.202352433809274e-05,2128.3658082149996
14790,30289920,2.0803000926971436,,,3.1976030161631656e-05,2129.709212555
14800,30310400,2.1562156677246094,2.2653793334960937,9.63477870229421,3.192909588319148e-05,2132.1684665079993
14810,30330880,2.1299800872802734,,,3.188272170031861e-05,2133.407383054
14820,30351360,2.209348201751709,,,3.1836907808202056e-05,2134.660113897
14830,30371840,2.250145673751831,,,3.179165439967252e-05,2136.017762079
14840,30392320,2.3578388690948486,,,3.174696166520165e-05,2137.4548639919994
14850,30412800,2.3130578994750977,,,3.170282979290118e-05,2138.740383327
14860,30433280,2.3631041049957275,,,3.1659258968522255e-05,2139.975148183
14870,30453760,2.039865493774414,,,3.161624937545447e-05,2141.271967631
14880,30474240,2.1530568599700928,,,3.157380119472528e-05,2142.658290626
14890,30494720,2.4721245765686035,,,3.153191460499909e-05,2143.9244750959997
14900,30515200,2.2811501026153564,2.2652065753936768,9.633114359976844,3.149058978257662e-05,2146.616144969
14910,30535680,2.3832242488861084,,,3.14498269013941e-05,2147.8365637849993
14920,30556160,2.3587818145751953,,,3.14096261330225e-05,2149.0408214219997
14930,30576640,2.4087648391723633,,,3.1369987646666915e-05,2150.3336849239995
14940,30597120,2.4222702980041504,,,3.133091160916578e-05,2151.6617645939996
14950,30617600,2.0602893829345703,,,3.1292398184990166e-05,2152.9163069359993
14960,30638080,2.500699281692505,,,3.1254447536243113e-05,2154.155105252
14970,30658560,2.128575563430786,,,3.121705982265895e-05,2155.397962211
14980,30679040,2.386198043823242,,,3.118023520160258e-05,2156.775718776
14990,30699520,2.3941197395324707,,,3.1143973828068894e-05,2158.0075945579993
15000,30720000,2.5636255741119385,2.2636720657348635,9.618343588790951,3.1108275854682014e-05,2160.295541005
15010,30740480,2.114820957183838,,,3.1073141431694785e-05,2162.652957587
15020,30760960,2.3377060890197754,,,3.1038570706988e-05,2164.0015748999995
15030,30781440,2.2425055503845215,,,3.1004563826069895e-05,2165.453019828
15040,30801920,2.3100266456604004,,,3.097112093207545e-05,2166.853282612
15050,30822400,2.2255795001983643,,,3.093824216576584e-05,2168.074748657
15060,30842880,2.230921745300293,,,3.0905927665527826e-05,2169.301331826
15070,30863360,2.1386795043945312,,,3.087417756737319e-05,2170.645438703
15080,30883840,2.5087685585021973,,,3.084299200493811e-05,2171.953207064
15090,30904320,2.253970146179199,,,3.081237110948264e-05,2173.214536312
15100,30924800,2.298238515853882,2.263220751285553,9.61400367075842,3.0782315009890166e-05,2175.5438639699996
15110,30945280,2.17242169380188,,,3.075282383266686e-05,2176.954780917
15120,30965760,2.3879668712615967,,,3.072389770194108e-05,2178.5125767129994
15130,30986240,2.1904194355010986,,,3.0695536739462964e-05,2179.8300003879995
15140,31006720,2.4527535438537598,,,3.066774106460384e-05,2181.1547280839995
15150,31027200,2.1590964794158936,,,3.0640510794355704e-05,2182.521869935
15160,31047680,2.5048933029174805,,,3.0613846043330825e-05,2183.7340397059997
15170,31068160,2.2604665756225586,,,3.058774692376112e-05,2184.9510465939993
15180,31088640,2.5920019149780273,,,3.056221354549785e-05,2186.211696577
15190,31109120,2.406524181365967,,,3.053724601601101e-05,2187.6646396649994
15200,31129600,2.2336158752441406,2.2619884967803956,9.602164067622835,3.051284444038896e-05,2189.879736504
15210,31150080,2.5944600105285645,,,3.0489008921337965e-05,2191.1459715289993
15220,31170560,2.285104274749756,,,3.0465739559181728e-05,2192.3210443649996
15230,31191040,2.320819139480591,,,3.0443036451861044e-05,2193.7770879789996
15240,31211520,2.0927934646606445,,,3.0420899694933293e-05,2195.1796683229995
15250,31232000,2.6273465156555176,,,3.0399329381572105e-05,2196.5841634459994
15260,31252480,2.485316276550293,,,3.0378325602566962e-05,2198.0276145119997
15270,31272960,2.3337111473083496,,,3.035788844632279e-05,2199.52761344
15280,31293440,2.6150827407836914,,,3.0338017998859595e-05,2200.9171807479997
15290,31313920,2.2828903198242188,,,3.031871434381212e-05,2202.4578901669993
15300,31334400,2.476792573928833,2.2600934863090516,9.58398509627781,3.029997756242944e-05,2204.9671288179998
15310,31354880,2.203787088394165,,,3.0281807733574728e-05,2206.346122399
15320,31375360,2.373307228088379,,,3.0264204933724786e-05,2207.849007938
15330,31395840,2.349508762359619,,,3.0247169236969802e-05,2209.0847627519997
15340,31416320,2.3130598068237305,,,3.0230700715013083e-05,2210.263896464
15350,31436800,2.5061111450195312,,,3.0214799437170622e-05,2211.784357677
15360,31457280,2.5387914180755615,,,3.0199465470370916e-05,2212.9557744679996
15370,31477760,2.3750524520874023,,,3.018469887915467e-05,2214.1502421899995
15380,31498240,2.3231592178344727,,,3.0170499725674447e-05,2215.2984559959996
15390,31518720,2.2575275897979736,,,3.015686806969452e-05,2216.4185500249996
15400,31539200,2.1496376991271973,2.260089635848999,9.583948193597099,3.0143803968590526e-05,2218.7714329949995
15410,31559680,2.1564698219299316,,,3.0131307477349307e-05,2220.1318194299993
15420,31580160,2.427490234375,,,3.0119378648568576e-05,2221.4749474129994
15430,31600640,2.190600633621216,,,3.0108017532456807e-05,2222.7125977489995
15440,31621120,2.302238941192627,,,3.0097224176832943e-05,2224.075607197
15450,31641600,2.05340313911438,,,3.0086998627126223e-05,2225.4865202869996
15460,31662080,2.2873923778533936,,,3.0077340926376e-05,2226.6831401169993
15470,31682560,2.2540595531463623,,,3.006825111523155e-05,2227.8916314489998
15480,31703040,2.0988335609436035,,,3.005972923195188e-05,2229.1537642959993
15490,31723520,2.2597343921661377,,,3.0051775312405627e-05,2230.41910664
15500,31744000,2.1765880584716797,2.2590465545654297,9.573956568558117,3.0044389390070846e-05,2232.9362788399994
15510,31764480,2.1067607402801514,,,3.0037571496034863e-05,2235.288886857
15520,31784960,2.24898624420166,,,3.0031321658994234e-05,2236.6707682569995
15530,31805440,2.2860896587371826,,,3.002563990525452e-05,2238.0444408539997
15540,31825920,2.3270723819732666,,,3.0020526258730215e-05,2239.2030995629993
15550,31846400,2.115795135498047,,,3.0015980740944677e-05,2240.4813956959997
15560,31866880,2.452270030975342,,,3.0012003371029974e-05,2241.9047117149994
15570,31887360,2.4745912551879883,,,3.000859416572688e-05,2243.248592969
15580,31907840,2.2533152103424072,,,3.0005753139384755e-05,2244.7422450579998
15590,31928320,2.3741402626037598,,,3.000348030396145e-05,2246.2578501789994
15600,31948800,2.254958152770996,2.2586756706237794,9.570406400199694,3.0001775669023345e-05,2248.7979328359997
15610,31969280,2.3367035388946533,,,3.0000639241745262e-05,2250.1568537619996
15620,31989760,2.0076651573181152,,,3.0000071026910404e-05,2251.5048051549993
15625,32000000,2.5744125843048096,2.2573427319526673,9.557658133626877,3e-05,2253.320131384
