step,tokens_seen,train_loss,val_loss,val_ppl,lr,elapsed_seconds
1,2048,9.21034049987793,,,2.4e-07,0.132480565996957
10,20480,9.210338592529297,,,2.4e-06,0.8312735209983657
20,40960,9.210334777832031,,,4.8e-06,1.5839039119964582
30,61440,9.210329055786133,,,7.2e-06,2.378062415002205
40,81920,9.210318565368652,,,9.6e-06,3.0554044180025812
50,102400,9.210304260253906,,,1.2e-05,3.751452242002415
60,122880,9.210285186767578,,,1.44e-05,4.431641604998731
70,143360,9.210254669189453,,,1.68e-05,5.130695196996385
80,163840,9.210222244262695,,,1.92e-05,5.799810846001492
90,184320,9.21018123626709,,,2.1599999999999996e-05,6.50778411400097
100,204800,9.21010971069336,9.210109329223632,9997.68983935771,2.4e-05,7.836578504997306
110,225280,9.210033416748047,,,2.6399999999999995e-05,8.536079537996557
120,245760,9.20992374420166,,,2.88e-05,9.368697232996055
130,266240,9.209798812866211,,,3.12e-05,10.088584589997481
140,286720,9.209671020507812,,,3.36e-05,10.909188334000646
150,307200,9.20945930480957,,,3.6e-05,11.57306077300018
160,327680,9.209280014038086,,,3.84e-05,12.360946701999637
170,348160,9.209127426147461,,,4.0799999999999996e-05,13.228638282002066
180,368640,9.208555221557617,,,4.319999999999999e-05,13.931622967000294
190,389120,9.208263397216797,,,4.56e-05,14.774686546996236
200,409600,9.207744598388672,9.20774178504944,9974.047864776036,4.8e-05,16.000091036999947
210,430080,9.207246780395508,,,5.04e-05,16.754044173001603
220,450560,9.206550598144531,,,5.279999999999999e-05,17.520572239998728
230,471040,9.206074714660645,,,5.519999999999999e-05,18.218657156001427
240,491520,9.205195426940918,,,5.76e-05,19.054690049000783
250,512000,9.204712867736816,,,5.9999999999999995e-05,19.872158997000952
260,532480,9.203182220458984,,,6.24e-05,20.59617370700289
270,552960,9.20240592956543,,,6.479999999999999e-05,21.30826318999607
280,573440,9.201606750488281,,,6.72e-05,21.9965074310021
290,593920,9.199079513549805,,,6.96e-05,22.689872828996158
300,614400,9.196352005004883,9.19689221382141,9866.418643267432,7.2e-05,23.910264345999167
310,634880,9.194631576538086,,,7.439999999999999e-05,24.834551706997445
320,655360,9.192069053649902,,,7.68e-05,25.68467097500252
330,675840,9.190120697021484,,,7.919999999999999e-05,26.558312485998613
340,696320,9.18663215637207,,,8.159999999999999e-05,27.262936995000928
350,716800,9.179927825927734,,,8.4e-05,27.93279489300039
360,737280,9.172792434692383,,,8.639999999999999e-05,28.60481291799806
370,757760,9.165831565856934,,,8.879999999999999e-05,29.356996048001747
380,778240,9.157855987548828,,,9.12e-05,30.091001585002232
390,798720,9.137073516845703,,,9.36e-05,30.799577259997022
400,819200,9.115289688110352,9.118794679641724,9125.196200477425,9.6e-05,32.10904644399852
410,839680,9.102470397949219,,,9.839999999999999e-05,32.853816408001876
420,860160,9.0768404006958,,,0.0001008,33.673986406996846
430,880640,9.04808235168457,,,0.00010319999999999997,34.32411444299942
440,901120,9.017498016357422,,,0.00010559999999999998,34.9883281500006
450,921600,8.991750717163086,,,0.00010799999999999998,35.673568858997896
460,942080,8.968038558959961,,,0.00011039999999999999,36.44649420300266
470,962560,8.938182830810547,,,0.00011279999999999999,37.35713430299802
480,983040,8.906547546386719,,,0.0001152,38.26743943600013
490,1003520,8.876508712768555,,,0.0001176,38.96796727299807
500,1024000,8.831157684326172,8.829756498336792,6834.622371068952,0.00011999999999999999,40.305237747998035
510,1044480,8.804113388061523,,,0.0001224,41.64776094500121
520,1064960,8.74764347076416,,,0.0001248,42.33293215899903
530,1085440,8.719167709350586,,,0.00012719999999999997,43.12056081699848
540,1105920,8.660731315612793,,,0.00012959999999999998,43.94869804199698
550,1126400,8.639692306518555,,,0.00013199999999999998,44.74759093100147
560,1146880,8.571283340454102,,,0.0001344,45.47088313900167
570,1167360,8.529434204101562,,,0.0001368,46.1231669819972
580,1187840,8.479696273803711,,,0.0001392,46.890293101998395
590,1208320,8.43018913269043,,,0.0001416,47.724513809997006
600,1228800,8.35926628112793,8.352320241928101,4240.007181302976,0.000144,49.067760003999865
610,1249280,8.306978225708008,,,0.0001464,50.12389466199966
620,1269760,8.222763061523438,,,0.00014879999999999998,50.83909874800156
630,1290240,8.175874710083008,,,0.0001512,51.534351424001215
640,1310720,8.10450553894043,,,0.0001536,52.2258741839978
650,1331200,8.066789627075195,,,0.00015599999999999997,53.01690299499751
660,1351680,7.978155136108398,,,0.00015839999999999997,53.75905404800142
670,1372160,7.909456729888916,,,0.00016079999999999998,54.503805524997006
680,1392640,7.819808006286621,,,0.00016319999999999998,55.233058085002995
690,1413120,7.783712387084961,,,0.0001656,55.95493085999624
700,1433600,7.6233062744140625,7.636491346359253,2072.459502398142,0.000168,57.24349020000227
710,1454080,7.547122955322266,,,0.0001704,57.916066865000175
720,1474560,7.497326850891113,,,0.00017279999999999997,58.71600732200022
730,1495040,7.420724868774414,,,0.00017519999999999998,59.42366837099689
740,1515520,7.268983364105225,,,0.00017759999999999998,60.153880402998766
750,1536000,7.269730567932129,,,0.00017999999999999998,60.87327084199933
760,1556480,7.140988826751709,,,0.0001824,61.776406689001305
770,1576960,7.040583610534668,,,0.0001848,62.70861859800061
780,1597440,7.00498628616333,,,0.0001872,63.465933132996724
790,1617920,6.91352653503418,,,0.0001896,64.26961078200111
800,1638400,6.833710670471191,6.775110125541687,875.7758030087987,0.000192,65.60527599600027
810,1658880,6.734736919403076,,,0.00019439999999999998,66.37882722399809
820,1679360,6.675276756286621,,,0.00019679999999999999,67.22582218499883
830,1699840,6.507566928863525,,,0.0001992,68.01578098900063
840,1720320,6.562426567077637,,,0.0002016,68.84055251900281
850,1740800,6.409459114074707,,,0.000204,69.65436082599626
860,1761280,6.350731372833252,,,0.00020639999999999995,70.52990509899973
870,1781760,6.307371139526367,,,0.00020879999999999995,71.44386792599835
880,1802240,6.152972221374512,,,0.00021119999999999996,72.1166777719991
890,1822720,6.202586650848389,,,0.00021359999999999996,73.06389040999784
900,1843200,6.147623062133789,6.077214145660401,435.81338935439874,0.00021599999999999996,74.45594136499858
910,1863680,6.01917028427124,,,0.00021839999999999997,75.2939481689973
920,1884160,6.074722766876221,,,0.00022079999999999997,75.98988952999935
930,1904640,5.964802265167236,,,0.00022319999999999998,76.67231603000255
940,1925120,5.841759204864502,,,0.00022559999999999998,77.50855105200026
950,1945600,5.798312187194824,,,0.00022799999999999999,78.26422966199607
960,1966080,5.815930366516113,,,0.0002304,78.94592501800071
970,1986560,5.996303558349609,,,0.0002328,79.57610687599663
980,2007040,5.861019134521484,,,0.0002352,80.33090247800283
990,2027520,5.697017192840576,,,0.0002376,81.01016407400311
1000,2048000,5.643754959106445,5.720490860939026,305.05462561229194,0.00023999999999999998,82.30168919899734
1010,2068480,5.7781291007995605,,,0.00024239999999999998,83.63791748299991
1020,2088960,5.798524379730225,,,0.0002448,84.40159308099828
1030,2109440,5.572613716125488,,,0.0002472,85.13703848900332
1040,2129920,5.522747993469238,,,0.0002496,85.81434569099656
1050,2150400,5.47769021987915,,,0.00025199999999999995,86.5451292229991
1060,2170880,5.329258918762207,,,0.00025439999999999995,87.23799830999633
1070,2191360,5.3478546142578125,,,0.00025679999999999995,87.90306081699964
1080,2211840,5.315299034118652,,,0.00025919999999999996,88.71588381600304
1090,2232320,5.542712211608887,,,0.00026159999999999996,89.47097134000069
1100,2252800,5.261697769165039,5.349800562858581,210.56629893800118,0.00026399999999999997,91.02474543399876
1110,2273280,5.54116153717041,,,0.00026639999999999997,91.82627646200126
1120,2293760,5.285741329193115,,,0.0002688,92.68096243000036
1130,2314240,5.199123382568359,,,0.0002712,93.39011304100131
1140,2334720,5.189887523651123,,,0.0002736,94.35577204400033
1150,2355200,5.164040565490723,,,0.000276,95.09358724000049
1160,2375680,5.251317977905273,,,0.0002784,95.75802210199618
1170,2396160,5.117650985717773,,,0.0002808,96.49357811600203
1180,2416640,5.098514080047607,,,0.0002832,97.3160994860009
1190,2437120,4.927204608917236,,,0.0002856,98.19579946900194
1200,2457600,5.129858493804932,4.954214119911194,141.77114746006873,0.000288,99.53004985400185
1210,2478080,5.168619155883789,,,0.0002904,100.340820049998
1220,2498560,5.091575622558594,,,0.0002928,101.16154854599881
1230,2519040,5.05561637878418,,,0.0002952,101.99470955599827
1240,2539520,4.866621971130371,,,0.00029759999999999997,102.89773712299939
1250,2560000,4.751371383666992,,,0.0003,103.63749629099766
1260,2580480,4.555158615112305,,,0.00029999998224211155,104.35543096299807
1270,2600960,4.610820770263672,,,0.000299999928968451,105.15795110900217
1280,2621440,4.661704063415527,,,0.0002999998401790323,105.89845193099609
1290,2641920,4.601561069488525,,,0.0002999997158738788,106.66730864800047
1300,2662400,4.575779914855957,4.582371234893799,97.74589810783509,0.00029999955605302325,107.99195184100245
1310,2682880,4.556882381439209,,,0.0002999993607165077,108.84346514999925
1320,2703360,4.743673324584961,,,0.0002999991298643834,109.64558464299625
1330,2723840,4.598553657531738,,,0.00029999886349671125,110.61387513900263
1340,2744320,4.462747573852539,,,0.0002999985616135613,111.31406235999748
1350,2764800,4.251067638397217,,,0.0002999982242150129,112.11924718500086
1360,2785280,4.406475067138672,,,0.0002999978513011549,112.81710126299731
1370,2805760,4.40731954574585,,,0.0002999974428720853,113.59597846899851
1380,2826240,4.41189432144165,,,0.0002999969989279116,114.3379641499996
1390,2846720,4.347105979919434,,,0.00029999651946875064,115.11456163600087
1400,2867200,4.391042709350586,4.333459067344665,76.20743783746519,0.0002999960044947285,116.42939351999667
1410,2887680,4.3552350997924805,,,0.00029999545400598065,117.1008036380008
1420,2908160,4.207149505615234,,,0.00029999486800265195,117.90132113500295
1430,2928640,4.301423072814941,,,0.00029999424648489655,118.7395479830011
1440,2949120,4.281691551208496,,,0.000299993589452878,119.49073899500218
1450,2969600,4.348956108093262,,,0.000299992896906769,120.29623146200174
1460,2990080,4.229034423828125,,,0.0002999921688467519,121.12626041399926
1470,3010560,4.1835150718688965,,,0.0002999914052730182,122.04729509000026
1480,3031040,4.180632591247559,,,0.0002999906061857688,122.72937031999754
1490,3051520,4.217640399932861,,,0.0002999897715852139,123.61497251399851
1500,3072000,4.302884578704834,4.177335214614868,65.19189912177839,0.00029998890147157306,125.29513717100053
1510,3092480,4.314526081085205,,,0.0002999879958450752,126.8087139709969
1520,3112960,4.166679382324219,,,0.00029998705470595855,127.84752647500136
1530,3133440,4.236588001251221,,,0.00029998607805447073,128.85346443900198
1540,3153920,4.221245765686035,,,0.00029998506589086867,129.60559370199917
1550,3174400,3.9674978256225586,,,0.00029998401821541864,130.72671834399807
1560,3194880,3.8767991065979004,,,0.0002999829350283963,131.533130951997
1570,3215360,4.594914436340332,,,0.00029998181633008654,132.57240961299976
1580,3235840,4.023764610290527,,,0.0002999806621207837,133.48776882499806
1590,3256320,4.241774559020996,,,0.0002999794724007915,134.29707979699742
1600,3276800,4.027447700500488,4.080575525760651,59.179519388660154,0.0002999782471704228,135.74664101300004
1610,3297280,4.1801581382751465,,,0.0002999769864300001,136.45697154299705
1620,3317760,4.000829696655273,,,0.0002999756901798549,137.3436011320009
1630,3338240,3.787931203842163,,,0.0002999743584203283,138.1364459489996
1640,3358720,3.783057451248169,,,0.0002999729911517707,139.105556221999
1650,3379200,4.290342330932617,,,0.0002999715883745418,139.8400448329994
1660,3399680,4.033387660980225,,,0.0002999701500890105,140.74557896999613
1670,3420160,4.10648775100708,,,0.0002999686762955554,141.5991944779962
1680,3440640,4.181460857391357,,,0.000299967166994564,142.26352030099952
1690,3461120,4.156075477600098,,,0.0002999656221864335,143.10286739000003
1700,3481600,4.162054538726807,4.0107413053512575,55.18776638999234,0.00029996404187157034,144.7074466769991
1710,3502080,4.04946756362915,,,0.00029996242605039014,145.50716762900265
1720,3522560,3.8282737731933594,,,0.00029996077472331815,146.32595140500052
1730,3543040,4.0789594650268555,,,0.00029995908789078865,147.0631839619964
1740,3563520,3.9855003356933594,,,0.00029995736555324544,147.73664856800315
1750,3584000,4.210879325866699,,,0.00029995560771114174,148.50938530699932
1760,3604480,4.152153491973877,,,0.0002999538143649399,149.25292510799773
1770,3624960,4.015588760375977,,,0.00029995198551511175,150.07131013899925
1780,3645440,4.265212059020996,,,0.00029995012116213843,150.7710100080003
1790,3665920,4.112821578979492,,,0.0002999482213065104,151.46681529899797
1800,3686400,4.150104522705078,3.9643694162368774,52.687035323315314,0.00029994628594872747,152.78958225099632
1810,3706880,4.152888298034668,,,0.0002999443150892988,153.7639687819974
1820,3727360,4.249599456787109,,,0.0002999423087287429,154.49049875199853
1830,3747840,3.7365846633911133,,,0.00029994026686758755,155.33243703599874
1840,3768320,3.951002597808838,,,0.00029993818950637,156.1685485209964
1850,3788800,3.8156003952026367,,,0.00029993607664563667,157.04012175500247
1860,3809280,3.9785661697387695,,,0.0002999339282859435,157.92958646999614
1870,3829760,3.7072739601135254,,,0.0002999317444278556,158.63345311900048
1880,3850240,3.9936513900756836,,,0.00029992952507194756,159.3079827890033
1890,3870720,4.316736698150635,,,0.00029992727021880324,160.2156776280026
1900,3891200,3.73464298248291,3.9061497926712034,49.707200042045336,0.0002999249798690158,161.73098640699754
1910,3911680,4.0547027587890625,,,0.00029992265402318787,162.8177703859983
1920,3932160,3.7932510375976562,,,0.0002999202926819312,163.62455197300005
1930,3952640,3.9952447414398193,,,0.0002999178958458672,164.62937101600255
1940,3973120,4.008426666259766,,,0.00029991546351562626,165.7319328520025
1950,3993600,3.8370423316955566,,,0.00029991299569184836,166.6229805729963
1960,4014080,4.054757118225098,,,0.0002999104923751827,167.60321392399783
1970,4034560,3.9337692260742188,,,0.00029990795356628786,168.44940211599896
1980,4055040,3.9714484214782715,,,0.00029990537926583174,169.1751044420016
1990,4075520,3.6009521484375,,,0.00029990276947449167,170.0781249829961
2000,4096000,4.019192218780518,3.8543062925338747,47.195865458375316,0.0002999001241929541,171.56323097900167
2010,4116480,3.9521536827087402,,,0.00029989744342191505,173.38187733200175
2020,4136960,3.838071584701538,,,0.0002998947271620797,174.18691228199896
2030,4157440,3.7336575984954834,,,0.00029989197541416274,174.93103117399733
2040,4177920,3.993760108947754,,,0.000299889188178888,175.82905753699742
2050,4198400,3.9822115898132324,,,0.0002998863654569888,176.87708508299693
2060,4218880,3.81451153755188,,,0.0002998835072492078,177.66008280999813
2070,4239360,3.967240571975708,,,0.0002998806135562968,178.6371069989982
2080,4259840,3.8799490928649902,,,0.00029987768437901715,179.46445042500272
2090,4280320,3.7388014793395996,,,0.0002998747197181394,180.3067928590026
2100,4300800,3.785865306854248,3.792083275318146,44.34869464626004,0.0002998717195744436,181.65663154499634
2110,4321280,3.9193453788757324,,,0.00029986868394871896,182.39440938700136
2120,4341760,3.714221954345703,,,0.0002998656128417641,183.13365758599684
2130,4362240,3.768350601196289,,,0.00029986250625438696,183.9236673359992
2140,4382720,3.6084976196289062,,,0.0002998593641874048,184.7190068839991
2150,4403200,3.4177029132843018,,,0.00029985618664164434,185.6168945669997
2160,4423680,3.967155694961548,,,0.0002998529736179414,186.5013954850001
2170,4444160,3.663259267807007,,,0.0002998497251171413,187.2015268480027
2180,4464640,3.8297386169433594,,,0.00029984644114009867,187.93767892399774
2190,4485120,3.8596296310424805,,,0.0002998431216876774,188.6867079079966
2200,4505600,3.6108837127685547,3.73188054561615,41.7575613724703,0.0002998397667607509,189.98366007099685
2210,4526080,3.7047243118286133,,,0.00029983637636020173,190.72631578199798
2220,4546560,3.810575485229492,,,0.00029983295048692174,191.78674799099826
2230,4567040,3.8790831565856934,,,0.00029982948914181233,192.5348662309989
2240,4587520,3.7617223262786865,,,0.000299825992325784,193.33786719400086
2250,4608000,3.72544002532959,,,0.0002998224600397569,194.0533934039995
2260,4628480,3.5999855995178223,,,0.00029981889228466004,195.13357407500007
2270,4648960,3.883930206298828,,,0.00029981528906143217,195.8729990990032
2280,4669440,3.6752424240112305,,,0.0002998116503710212,196.71643858899915
2290,4689920,3.6339468955993652,,,0.0002998079762143843,197.44932246299868
2300,4710400,3.755157232284546,3.660865676403046,38.8949987843099,0.0002998042665924883,198.7004656420031
2310,4730880,3.5914571285247803,,,0.0002998005215063089,199.4375746709993
2320,4751360,4.076678276062012,,,0.00029979674095683155,200.17966778599657
2330,4771840,3.7755861282348633,,,0.0002997929249450506,200.98567515500326
2340,4792320,3.4960150718688965,,,0.00029978907347197017,201.699546707001
2350,4812800,3.707125186920166,,,0.00029978518653860336,202.4714601059968
2360,4833280,3.8043158054351807,,,0.00029978126414597294,203.33267245200113
2370,4853760,3.5352673530578613,,,0.00029977730629511057,204.1990521150001
2380,4874240,3.8144497871398926,,,0.00029977331298705764,205.18733223200252
2390,4894720,3.7546684741973877,,,0.00029976928422286467,205.93810014300107
2400,4915200,3.5775208473205566,3.6017986297607423,36.66412035175443,0.00029976522000359153,207.19459993400233
2410,4935680,3.8028066158294678,,,0.00029976112033030746,207.93101290799677
2420,4956160,3.5128262042999268,,,0.000299756985204091,208.6532532630008
2430,4976640,3.591259002685547,,,0.00029975281462602996,209.52857136999955
2440,4997120,3.720635414123535,,,0.0002997486085972216,210.4629340370011
2450,5017600,3.863823890686035,,,0.00029974436711877246,211.44249652400322
2460,5038080,3.427980899810791,,,0.0002997400901917983,212.35654400599742
2470,5058560,3.465433359146118,,,0.0002997357778174243,213.18690973299817
2480,5079040,3.741530656814575,,,0.0002997314299967851,213.95272279399796
2490,5099520,3.6333138942718506,,,0.0002997270467310244,214.73053256999992
2500,5120000,3.6144700050354004,3.558183431625366,35.099378775986956,0.0002997226280212954,216.13139838100324
2510,5140480,3.761502504348755,,,0.00029971817386876046,217.6756604580005
2520,5160960,3.806633472442627,,,0.00029971368427459153,218.43610059600178
2530,5181440,3.474736213684082,,,0.0002997091592399697,219.27797306799766
2540,5201920,3.395763635635376,,,0.0002997045987660853,220.35679321899806
2550,5222400,3.592456817626953,,,0.0002997000028541382,221.44968371099822
2560,5242880,3.363267421722412,,,0.0002996953715053375,222.39084623399685
2570,5263360,3.5622358322143555,,,0.0002996907047209016,223.13392540899804
2580,5283840,3.337535858154297,,,0.0002996860025020582,223.86054156000318
2590,5304320,3.5965628623962402,,,0.0002996812648500444,224.8045712710009
2600,5324800,3.5568957328796387,3.5168156027793884,33.677016535638664,0.00029967649176610654,226.0358270029974
2610,5345280,3.711956024169922,,,0.00029967168325150035,227.18615847399633
2620,5365760,3.5819239616394043,,,0.00029966683930749083,227.95080705799774
2630,5386240,3.7074427604675293,,,0.0002996619599353524,228.69461077699816
2640,5406720,3.420142412185669,,,0.00029965704513636865,229.71038314799807
2650,5427200,3.4548563957214355,,,0.0002996520949118326,230.67035324600147
2660,5447680,3.7230725288391113,,,0.00029964710926304647,231.5198365219985
2670,5468160,3.39182186126709,,,0.000299642088191322,232.32305123499827
2680,5488640,3.6673970222473145,,,0.0002996370316979801,233.22924600700208
2690,5509120,3.834209442138672,,,0.00029963193978435094,234.12377961700258
2700,5529600,3.7081899642944336,3.477042853832245,32.36387571881022,0.0002996268124517742,235.98676912600058
2710,5550080,3.7944703102111816,,,0.0002996216497015988,236.82336614999804
2720,5570560,3.6597280502319336,,,0.00029961645153518283,237.97887819800235
2730,5591040,3.3734967708587646,,,0.00029961121795389395,238.95179124699644
2740,5611520,3.406489849090576,,,0.000299605948959109,239.71291449599812
2750,5632000,3.658369541168213,,,0.00029960064455221403,240.41189442200266
2760,5652480,3.6117300987243652,,,0.0002995953047346046,241.17625755300105
2770,5672960,3.643867015838623,,,0.00029958992950768556,241.93561101300293
2780,5693440,3.5254921913146973,,,0.0002995845188728709,242.66849823600205
2790,5713920,3.4011282920837402,,,0.0002995790728315842,243.38756853999803
2800,5734400,3.4275238513946533,3.4446836829185488,31.33337059861067,0.0002995735913852581,244.6408212910028
2810,5754880,3.4445199966430664,,,0.00029956807453533467,245.48483909799688
2820,5775360,3.4316892623901367,,,0.00029956252228326526,246.22681148300035
2830,5795840,3.497955560684204,,,0.0002995569346305106,247.3927788899964
2840,5816320,3.5411524772644043,,,0.00029955131157854075,248.15017842999805
2850,5836800,3.379434585571289,,,0.00029954565312883483,248.98172198099928
2860,5857280,3.531309127807617,,,0.0002995399592828817,249.68955327499862
2870,5877760,3.4505538940429688,,,0.0002995342300421791,250.48358972900314
2880,5898240,3.3052167892456055,,,0.0002995284654082344,251.29282326900284
2890,5918720,3.8398003578186035,,,0.0002995226653825641,252.14253261800332
2900,5939200,3.635211944580078,3.4117732405662538,30.318959429152358,0.00029951682996669406,253.5872229289962
2910,5959680,3.4888181686401367,,,0.0002995109591621595,254.47587735699926
2920,5980160,3.456070899963379,,,0.00029950505297050487,255.58755148699856
2930,6000640,3.308586597442627,,,0.00029949911139328403,256.79927104099625
2940,6021120,3.660334587097168,,,0.00029949313443206006,257.46612168400316
2950,6041600,3.461449146270752,,,0.00029948712208840533,258.3584322800016
2960,6062080,3.638115406036377,,,0.00029948107436390163,259.21526345299935
2970,6082560,3.7704076766967773,,,0.00029947499126014,260.04565777000244
2980,6103040,3.431985378265381,,,0.0002994688727787207,260.99511209799675
2990,6123520,3.1657114028930664,,,0.0002994627189212535,261.79298527100036
3000,6144000,3.7484564781188965,3.387321174144745,29.586588698460545,0.00029945652968935724,263.2663367839996
3010,6164480,3.3203136920928955,,,0.00029945030508466027,264.8660805289983
3020,6184960,3.582998037338257,,,0.00029944404510880005,265.9238961309966
3030,6205440,3.237913131713867,,,0.0002994377497634236,266.78265914499934
3040,6225920,3.3775157928466797,,,0.000299431419050187,267.6564850779978
3050,6246400,3.6694483757019043,,,0.00029942505297075574,268.4815731810013
3060,6266880,3.4457478523254395,,,0.00029941865152680465,269.4391564100006
3070,6287360,3.244938850402832,,,0.00029941221472001774,270.462953905997
3080,6307840,3.334784984588623,,,0.0002994057425520885,271.26316013900214
3090,6328320,3.2894299030303955,,,0.00029939923502471957,272.24815955699887
3100,6348800,3.3558802604675293,3.3538592576980593,28.61294556931863,0.0002993926921396229,273.51917702899664
3110,6369280,3.6213197708129883,,,0.00029938611389851997,274.196252431997
3120,6389760,3.2173097133636475,,,0.00029937950030314115,274.9898292959988
3130,6410240,3.5318603515625,,,0.00029937285135522656,275.75629155299976
3140,6430720,3.3287272453308105,,,0.0002993661670565252,276.6258491330009
3150,6451200,3.5440800189971924,,,0.0002993594474087958,277.611400501999
3160,6471680,3.446415424346924,,,0.00029935269241380594,278.4479635969983
3170,6492160,3.3514387607574463,,,0.0002993459020733329,279.1931394439962
3180,6512640,3.469244956970215,,,0.00029933907638916293,279.9212931250004
3190,6533120,3.544861316680908,,,0.0002993322153630918,280.85223083099845
3200,6553600,3.4168357849121094,3.3248850822448732,27.79580422770189,0.0002993253189969246,282.15799542299646
3210,6574080,3.264275550842285,,,0.0002993183872924755,282.93403338100325
3220,6594560,3.3609461784362793,,,0.0002993114202515681,283.61810131699895
3230,6615040,3.2263026237487793,,,0.00029930441787603534,284.3161271029967
3240,6635520,3.3417508602142334,,,0.00029929738016771937,285.01180417199794
3250,6656000,3.4525885581970215,,,0.0002992903071284717,285.7755152309983
3260,6676480,3.1883482933044434,,,0.0002992831987601531,286.6616310440004
3270,6696960,3.323525905609131,,,0.0002992760550646336,287.45230849299696
3280,6717440,3.367015838623047,,,0.00029926887604379257,288.3039642290023
3290,6737920,3.5426058769226074,,,0.0002992616616995187,289.0852240989989
3300,6758400,3.533118486404419,3.2992861390113832,27.09329117205708,0.0002992544120337099,290.4582701039981
3310,6778880,3.4781923294067383,,,0.0002992471270482735,291.19481429699954
3320,6799360,3.3170785903930664,,,0.00029923980674512586,292.1236752909972
3330,6819840,3.170358896255493,,,0.00029923245112619296,292.9624055919994
3340,6840320,3.3040828704833984,,,0.00029922506019340985,293.73139944599825
3350,6860800,3.3488080501556396,,,0.00029921763394872094,294.6152016900014
3360,6881280,3.2469615936279297,,,0.0002992101723940799,295.4354230969984
3370,6901760,3.359626531600952,,,0.0002992026755314498,296.29971044899867
3380,6922240,3.1712965965270996,,,0.00029919514336280284,297.28588567100087
3390,6942720,3.169374465942383,,,0.0002991875758901206,298.25637267500133
3400,6963200,3.2575080394744873,3.2736922979354857,26.408668220234432,0.000299179973115394,299.5798423430024
3410,6983680,3.419269323348999,,,0.000299172335040623,300.4073753260018
3420,7004160,3.623716354370117,,,0.00029916466166781715,301.4243669209973
3430,7024640,3.4452290534973145,,,0.00029915695299899517,302.2301321019986
3440,7045120,3.208178997039795,,,0.00029914920903618503,302.96552925500146
3450,7065600,3.3404622077941895,,,0.00029914142978142405,303.82990807999886
3460,7086080,3.22786808013916,,,0.0002991336152367587,304.65894876400125
3470,7106560,3.170167922973633,,,0.0002991257654042449,305.3743966070033
3480,7127040,3.1953775882720947,,,0.0002991178802859477,306.1093005520015
3490,7147520,3.2660439014434814,,,0.0002991099598839416,307.0506646270005
3500,7168000,3.4295854568481445,3.246918535232544,25.7109902128449,0.00029910200420031033,308.3992117689995
3510,7188480,3.438467025756836,,,0.00029909401323714675,309.73198342900287
3520,7208960,3.116102695465088,,,0.0002990859869965532,310.50762202199985
3530,7229440,3.213878631591797,,,0.00029907792548064126,311.29042056699836
3540,7249920,3.146319627761841,,,0.0002990698286915317,312.0415329000025
3550,7270400,3.380702018737793,,,0.0002990616966313546,312.82532766000077
3560,7290880,3.457888603210449,,,0.0002990535293022493,313.5976546719976
3570,7311360,3.2731618881225586,,,0.0002990453267063646,314.3629248819998
3580,7331840,3.5169007778167725,,,0.00029903708884585834,315.3730773470015
3590,7352320,3.159592628479004,,,0.00029902881572289777,316.0914241139981
3600,7372800,3.3324124813079834,3.2286970019340515,25.246739077455018,0.00029902050733965937,317.5567363040027
3610,7393280,3.056990146636963,,,0.00029901216369832885,318.2923459129961
3620,7413760,3.2753303050994873,,,0.0002990037848011014,319.0616854749969
3630,7434240,3.2731940746307373,,,0.0002989953706501812,319.8150728699984
3640,7454720,3.3554186820983887,,,0.0002989869212477819,320.55797344500024
3650,7475200,3.099449634552002,,,0.00029897843659612637,321.37912101799884
3660,7495680,3.156043529510498,,,0.0002989699166974467,322.19384033499955
3670,7516160,3.1567325592041016,,,0.00029896136155398433,322.9952684070013
3680,7536640,3.295210361480713,,,0.00029895277116799004,323.78431048499624
3690,7557120,3.071934223175049,,,0.0002989441455417237,324.76673935000144
3700,7577600,3.2596797943115234,3.1970980763435364,24.46144186372281,0.0002989354846774545,326.1061493379966
3710,7598080,3.155453681945801,,,0.00029892678857746096,327.37741832799657
3720,7618560,3.314772605895996,,,0.0002989180572440309,328.27436014999694
3730,7639040,3.1430935859680176,,,0.0002989092906794614,329.1336808999986
3740,7659520,3.5664782524108887,,,0.0002989004888860586,330.0637597140012
3750,7680000,3.308112144470215,,,0.0002988916518661382,331.1571763449974
3760,7700480,3.0507068634033203,,,0.000298882779622025,332.1813501409997
3770,7720960,3.3233823776245117,,,0.00029887387215605317,333.32317563299875
3780,7741440,3.036928176879883,,,0.000298864929470566,334.215341051
3790,7761920,3.140143871307373,,,0.00029885595156791615,335.05717720199755
3800,7782400,3.402981758117676,3.165921127796173,23.71057444617288,0.0002988469384504656,336.5631480259981
3810,7802880,3.158194065093994,,,0.00029883789012058535,337.4187921470002
3820,7823360,3.3468081951141357,,,0.00029882880658065606,338.35843141900114
3830,7843840,3.2579216957092285,,,0.0002988196878330673,339.1388849740033
3840,7864320,3.1000146865844727,,,0.00029881053388021797,339.8748039369966
3850,7884800,3.0747992992401123,,,0.00029880134472451636,340.69143511600123
3860,7905280,3.3594789505004883,,,0.00029879212036837996,341.6779509830012
3870,7925760,3.1271731853485107,,,0.0002987828608142355,342.35882604400103
3880,7946240,3.2707879543304443,,,0.000298773566064519,343.1396067609967
3890,7966720,3.589437246322632,,,0.00029876423612167573,344.1055089069996
3900,7987200,3.4853873252868652,3.137053072452545,23.0358816599518,0.00029875487098816016,345.6034679160002
3910,8007680,3.060455799102783,,,0.0002987454706664361,346.6842883740028
3920,8028160,3.30733585357666,,,0.00029873603515897655,347.8435501799977
3930,8048640,3.0775535106658936,,,0.0002987265644682638,348.72708618100296
3940,8069120,3.1378540992736816,,,0.0002987170585967895,349.7584633860024
3950,8089600,3.0855555534362793,,,0.00029870751754705436,350.46844035200047
3960,8110080,3.121497631072998,,,0.0002986979413215685,351.2614938350016
3970,8130560,3.0220084190368652,,,0.0002986883299228511,351.97856233100174
3980,8151040,3.4442176818847656,,,0.00029867868335343084,352.7297581419989
3990,8171520,2.9144818782806396,,,0.00029866900161584553,353.5043435120024
4000,8192000,3.05069899559021,3.1150106549263,22.533670446813435,0.00029865928471264224,355.01603273399814
4010,8212480,3.144953966140747,,,0.0002986495326463772,356.49201174300106
4020,8232960,3.231121778488159,,,0.0002986397454196161,357.4450280460005
4030,8253440,3.34184193611145,,,0.00029862992303493377,358.1607204980028
4040,8273920,3.410081386566162,,,0.00029862006549491416,359.0741307520002
4050,8294400,2.9953975677490234,,,0.00029861017280215067,359.91225233599835
4060,8314880,3.3927669525146484,,,0.0002986002449592459,360.6496831429977
4070,8335360,3.170915365219116,,,0.0002985902819688115,361.3573494739976
4080,8355840,3.159860134124756,,,0.0002985802838334688,362.2191021239996
4090,8376320,3.104393482208252,,,0.0002985702505558479,363.36515826800314
4100,8396800,3.265430450439453,3.0923239469528196,22.028210931282224,0.0002985601821385884,364.63793515499856
4110,8417280,3.3111753463745117,,,0.00029855007858433914,365.57629699199606
4120,8437760,3.0434508323669434,,,0.0002985399398957581,366.4294236650021
4130,8458240,3.1285505294799805,,,0.0002985297660755126,367.3135416209989
4140,8478720,3.1216278076171875,,,0.0002985195571262792,368.05204024400155
4150,8499200,3.134683609008789,,,0.0002985093130507436,369.0776131219973
4160,8519680,2.959944009780884,,,0.00029849903385160086,369.770980704001
4170,8540160,3.1632697582244873,,,0.00029848871953155523,370.4445680220015
4180,8560640,3.2045419216156006,,,0.00029847837009332016,371.42420455400134
4190,8581120,2.9100050926208496,,,0.00029846798553961835,372.1914602329998
4200,8601600,3.230043649673462,3.0717363595962524,21.579339657059347,0.0002984575658731819,373.5708145679964
4210,8622080,3.338758945465088,,,0.0002984471110967519,374.3486709179997
4220,8642560,3.1197919845581055,,,0.00029843662121307877,375.13052317099937
4230,8663040,3.1782846450805664,,,0.0002984260962249223,375.908431666001
4240,8683520,3.1265869140625,,,0.00029841553613505135,376.66031083599955
4250,8704000,3.433044910430908,,,0.000298404940946244,377.43309545599914
4260,8724480,3.1607253551483154,,,0.0002983943106612877,378.18143276000046
4270,8744960,3.1577701568603516,,,0.00029838364528297906,378.9128356950023
4280,8765440,3.1629302501678467,,,0.00029837294481412395,379.67694825000217
4290,8785920,3.1346595287323,,,0.0002983622092575374,380.53048172099807
4300,8806400,3.135441303253174,3.0494814038276674,21.1043969246562,0.0002983514386160437,381.96509474900085
4310,8826880,3.1514902114868164,,,0.00029834063289247646,382.80785666599695
4320,8847360,3.5777554512023926,,,0.00029832979208967836,383.6269947289984
4330,8867840,3.172494888305664,,,0.0002983189162105015,384.55591149500106
4340,8888320,3.038564682006836,,,0.000298308005257807,385.2415333730023
4350,8908800,3.1308035850524902,,,0.0002982970592344654,386.07040677400073
4360,8929280,2.8899264335632324,,,0.00029828607814335635,386.9521890399992
4370,8949760,3.1533870697021484,,,0.0002982750619873687,387.8915787969963
4380,8970240,2.8460464477539062,,,0.00029826401076940063,388.6784138119983
4390,8990720,3.317917823791504,,,0.0002982529244923595,389.51099263299693
4400,9011200,2.979757308959961,3.0299721240997313,20.696655643439485,0.0002982418031591619,391.060313750997
4410,9031680,2.9064884185791016,,,0.00029823064677273354,392.018724116002
4420,9052160,2.823657512664795,,,0.0002982194553360096,392.94934861799993
4430,9072640,3.3034095764160156,,,0.0002982082288519341,394.1028077930023
4440,9093120,3.2093474864959717,,,0.0002981969673234606,394.926666086998
4450,9113600,3.200284481048584,,,0.0002981856707535519,395.63581949799845
4460,9134080,2.9128060340881348,,,0.0002981743391451798,396.4305228480007
4470,9154560,3.172663688659668,,,0.0002981629725013254,397.3748400859986
4480,9175040,3.115108013153076,,,0.00029815157082497905,398.45781289700244
4490,9195520,3.1920876502990723,,,0.00029814013411914023,399.4696286949984
4500,9216000,2.881546974182129,3.0119895696640016,20.327803300030375,0.00029812866238681786,400.88213199200254
4510,9236480,3.055771827697754,,,0.0002981171556310299,402.3599988279966
4520,9256960,2.981813907623291,,,0.0002981056138548034,403.30406946499716
4530,9277440,3.048933506011963,,,0.00029809403706117487,404.0284767080011
4540,9297920,3.044860601425171,,,0.00029808242525318994,404.9505844969972
4550,9318400,2.778960704803467,,,0.00029807077843390343,405.92750016899663
4560,9338880,3.1156318187713623,,,0.00029805909660637935,406.7449606759983
4570,9359360,3.0797841548919678,,,0.00029804737977369097,407.623868552997
4580,9379840,2.8974993228912354,,,0.0002980356279389208,408.6317418440012
4590,9400320,3.0525851249694824,,,0.0002980238411051604,409.4385161989994
4600,9420800,3.052539825439453,2.9964264392852784,20.01388813440155,0.00029801201927551077,410.77364456599753
4610,9441280,3.3259496688842773,,,0.0002980001624530819,411.57612792200234
4620,9461760,3.061072587966919,,,0.0002979882706409932,412.32902943799854
4630,9482240,3.342623710632324,,,0.000297976343842373,413.10144848899654
4640,9502720,3.199765682220459,,,0.00029796438206035916,413.8695208279969
4650,9523200,3.048214912414551,,,0.0002979523852980985,414.84676163699623
4660,9543680,2.945523738861084,,,0.0002979403535587471,415.7514977309984
4670,9564160,3.0254411697387695,,,0.0002979282868454704,416.59908942200127
4680,9584640,3.1244828701019287,,,0.0002979161851614427,417.4995902320006
4690,9605120,2.8723647594451904,,,0.00029790404850984787,418.3411649030022
4700,9625600,3.1800715923309326,2.983309817314148,19.75308767918452,0.0002978918768938788,419.7194334980013
4710,9646080,3.0140926837921143,,,0.0002978796703167375,420.7858191129999
4720,9666560,3.0035417079925537,,,0.00029786742878163547,421.6555665699998
4730,9687040,2.9366374015808105,,,0.000297855152291793,422.6349271259969
4740,9707520,3.273231267929077,,,0.0002978428408504399,423.67092096299893
4750,9728000,3.168485641479492,,,0.00029783049446081497,424.76360929400107
4760,9748480,2.914309024810791,,,0.0002978181131261664,425.5121002529995
4770,9768960,2.924856662750244,,,0.00029780569684975146,426.2808151529971
4780,9789440,3.2920522689819336,,,0.00029779324563483655,427.0216761959964
4790,9809920,3.0144786834716797,,,0.0002977807594846974,427.7860757629969
4800,9830400,3.37496280670166,2.9693174600601195,19.478620121629426,0.00029776823840261884,429.12555751099717
4810,9850880,2.9743802547454834,,,0.0002977556823918949,429.83232518199657
4820,9871360,3.087085485458374,,,0.00029774309145582886,430.579855639
4830,9891840,3.025299549102783,,,0.000297730465597733,431.3213386999996
4840,9912320,2.9491429328918457,,,0.00029771780482092916,432.0222398620026
4850,9932800,3.1585514545440674,,,0.00029770510912874797,432.87623257799714
4860,9953280,2.795011520385742,,,0.00029769237852452944,433.7443884669992
4870,9973760,2.869788885116577,,,0.00029767961301162277,434.61606072499853
4880,9994240,2.946509838104248,,,0.0002976668125933863,435.37996629400004
4890,10014720,2.871081829071045,,,0.0002976539772731875,436.10512218400254
4900,10035200,2.907411575317383,2.9523807644844053,19.15149469395474,0.0002976411070544032,437.4487602029985
4910,10055680,3.0594429969787598,,,0.0002976282019404191,438.17381921299966
4920,10076160,2.9880361557006836,,,0.0002976152619346305,438.94224406500143
4930,10096640,3.160505771636963,,,0.00029760228704044155,439.9101938879976
4940,10117120,3.143705368041992,,,0.0002975892772612657,440.73913970300055
4950,10137600,2.8795218467712402,,,0.0002975762326005255,441.7567994659985
4960,10158080,2.6315758228302,,,0.0002975631530616528,442.7239887390024
4970,10178560,2.970587968826294,,,0.0002975500386480886,443.51837458799855
4980,10199040,2.7726686000823975,,,0.0002975368893632829,444.38932138199743
4990,10219520,3.182767391204834,,,0.00029752370521069513,445.1330648419971
5000,10240000,3.2449288368225098,2.9306702971458436,18.740187782029352,0.0002975104861937938,446.47787946600147
5010,10260480,2.973598003387451,,,0.00029749723231605645,447.8750793520012
5020,10280960,3.0934805870056152,,,0.00029748394358097,448.71063592800056
5030,10301440,3.05938720703125,,,0.0002974706199920304,449.49356155200076
5040,10321920,2.919905662536621,,,0.00029745726155274284,450.2626293450012
5050,10342400,3.0052170753479004,,,0.0002974438682666217,451.0241868649973
5060,10362880,3.2323145866394043,,,0.00029743044013719037,451.682352707001
5070,10383360,3.008798599243164,,,0.00029741697716798157,452.3883940029991
5080,10403840,3.359959602355957,,,0.0002974034793625372,453.3082161600032
5090,10424320,2.93367338180542,,,0.00029738994672440813,454.3336827899984
5100,10444800,3.1435675621032715,2.92277615070343,18.592832383103584,0.0002973763792571547,455.67351441999926
5110,10465280,3.108347177505493,,,0.00029736277696434607,456.5348023609986
5120,10485760,3.0610921382904053,,,0.00029734913984956083,457.4070176460009
5130,10506240,2.7685492038726807,,,0.0002973354679163866,458.2637027949968
5140,10526720,2.929543972015381,,,0.00029732176116842014,458.9634867999994
5150,10547200,3.059932231903076,,,0.00029730801960926753,459.65578864899726
5160,10567680,3.116800546646118,,,0.0002972942432425438,460.67233691
5170,10588160,2.8177103996276855,,,0.0002972804320718733,461.65308794200246
5180,10608640,3.059396743774414,,,0.0002972665861008894,462.3327807349997
5190,10629120,2.743812084197998,,,0.00029725270533323476,463.3010840920033
5200,10649600,3.257195472717285,2.9084678411483766,18.328694570997005,0.0002972387897725611,464.6589303810033
5210,10670080,2.759551525115967,,,0.0002972248394225294,465.37456998199923
5220,10690560,3.145969867706299,,,0.0002972108542868095,466.10412044900295
5230,10711040,2.942073345184326,,,0.00029719683436908083,466.8593618980012
5240,10731520,3.022165060043335,,,0.00029718277967303165,467.5442500249992
5250,10752000,2.8953542709350586,,,0.0002971686902023595,468.29630489400006
5260,10772480,2.8588902950286865,,,0.00029715456596077103,469.0212195060012
5270,10792960,3.0241122245788574,,,0.00029714040695198203,469.75318726299884
5280,10813440,3.2566721439361572,,,0.0002971262131797174,470.487599303
5290,10833920,2.95363450050354,,,0.00029711198464771137,471.29245524499856
5300,10854400,3.130074977874756,2.8870659708976745,17.94059407978662,0.00029709772135970707,472.85766395599785
5310,10874880,2.831491708755493,,,0.0002970834233194569,473.58782428999984
5320,10895360,3.071394920349121,,,0.00029706909053072236,474.29412050099927
5330,10915840,2.9680192470550537,,,0.00029705472299727424,475.04417178499716
5340,10936320,2.8991589546203613,,,0.00029704032072289224,475.72914338800183
5350,10956800,2.7962234020233154,,,0.0002970258837113653,476.706935588998
5360,10977280,3.1587767601013184,,,0.00029701141196649154,477.55040275699866
5370,10997760,2.978659152984619,,,0.0002969969054920782,478.5222705560009
5380,11018240,2.826810121536255,,,0.0002969823642919416,479.3995668639982
5390,11038720,2.951638698577881,,,0.00029696778836990726,480.2871645749983
5400,11059200,2.950878620147705,2.883757174015045,17.88133039783485,0.00029695317772980985,481.9560497909988
5410,11079680,3.028348922729492,,,0.00029693853237549304,482.7374612880012
5420,11100160,2.758193016052246,,,0.00029692385231080986,483.6016880820025
5430,11120640,3.0460500717163086,,,0.0002969091375396222,484.417052306002
5440,11141120,2.952418804168701,,,0.0002968943880658013,485.08659296300175
5450,11161600,2.9320459365844727,,,0.0002968796038932274,486.0205390889969
5460,11182080,3.161257743835449,,,0.00029686478502578996,486.7792727019987
5470,11202560,2.844099283218384,,,0.00029684993146738756,487.62766514800023
5480,11223040,2.882786273956299,,,0.0002968350432219278,488.54303758800233
5490,11243520,2.8783299922943115,,,0.0002968201202933275,489.27222008899844
5500,11264000,2.9546337127685547,2.867612934112549,17.59496768397939,0.00029680516268551255,490.97763896799734
5510,11284480,2.6480300426483154,,,0.00029679017040241804,492.389094250997
5520,11304960,2.9069173336029053,,,0.0002967751434479881,493.1483161069991
5530,11325440,2.8165462017059326,,,0.0002967600818261761,493.88652623500093
5540,11345920,2.710299015045166,,,0.00029674498554094436,494.6616499849988
5550,11366400,3.2386019229888916,,,0.0002967298545962645,495.4248192619998
5560,11386880,2.981326103210449,,,0.00029671468899611706,496.1934296969994
5570,11407360,2.9793877601623535,,,0.0002966994887444918,496.8775235790017
5580,11427840,2.9477076530456543,,,0.0002966842538453877,497.70105783700274
5590,11448320,2.8774492740631104,,,0.0002966689843028127,498.53220310100005
5600,11468800,3.1537466049194336,2.855732798576355,17.38717383662883,0.00029665368012078393,499.8592185399975
5610,11489280,2.8529233932495117,,,0.0002966383413033276,500.6678184429984
5620,11509760,2.7511911392211914,,,0.00029662296785447904,501.38590141900204
5630,11530240,2.697084903717041,,,0.00029660755977828265,502.26520415300183
5640,11550720,2.913706064224243,,,0.00029659211707879206,502.96842503100197
5650,11571200,3.115570068359375,,,0.00029657663976006985,503.9138134649984
5660,11591680,2.9742767810821533,,,0.0002965611278261879,504.6101541550015
5670,11612160,2.831968069076538,,,0.000296545581281227,505.5608456129994
5680,11632640,3.0658040046691895,,,0.00029653000012927716,506.32927196099627
5690,11653120,2.8421993255615234,,,0.0002965143843744375,507.2391120519969
5700,11673600,3.0627007484436035,2.8387189626693727,17.093853640525865,0.0002964987340208161,508.6377314850033
5710,11694080,2.97955584526062,,,0.0002964830490725304,509.3284779960013
5720,11714560,3.008767604827881,,,0.00029646732953370666,510.05607359400165
5730,11735040,2.9978902339935303,,,0.0002964515754084805,510.91129677199933
5740,11755520,2.8428969383239746,,,0.0002964357867009964,511.62694260999706
5750,11776000,2.6697049140930176,,,0.00029641996341540813,512.4187893199996
5760,11796480,2.957573175430298,,,0.0002964041055558784,513.1136410920008
5770,11816960,2.8958029747009277,,,0.0002963882131265792,513.8221545959968
5780,11837440,2.9949350357055664,,,0.0002963722861316914,514.5374057750014
5790,11857920,3.166388988494873,,,0.00029635632457540513,515.2106768290032
5800,11878400,3.067173480987549,2.834460198879242,17.02120975198441,0.0002963403284619195,516.385967451999
5810,11898880,2.8592982292175293,,,0.00029632429779544286,517.0533750390023
5820,11919360,2.946838855743408,,,0.00029630823258019253,517.8563935290003
5830,11939840,3.0562474727630615,,,0.00029629213282039485,518.6463970370023
5840,11960320,2.863654851913452,,,0.0002962759985202854,519.315324766998
5850,11980800,2.7256038188934326,,,0.00029625982968410885,520.4966373170028
5860,12001280,2.9173076152801514,,,0.00029624362631611883,521.286189143997
5870,12021760,2.6491971015930176,,,0.0002962273884205781,521.9918836650031
5880,12042240,2.637071371078491,,,0.00029621111600175855,522.737803449003
5890,12062720,2.8421974182128906,,,0.0002961948090639411,523.521125690997
5900,12083200,2.6683900356292725,2.816975700855255,16.726189103484163,0.0002961784676114159,524.8455427029985
5910,12103680,2.9422197341918945,,,0.0002961620916484819,525.486439870001
5920,12124160,3.182046890258789,,,0.00029614568117944737,526.3958181330017
5930,12144640,2.7708983421325684,,,0.00029612923620862954,527.1404601800023
5940,12165120,2.6528704166412354,,,0.00029611275674035475,527.8893675729996
5950,12185600,2.874032974243164,,,0.0002960962427789584,528.7706367849969
5960,12206080,2.856668710708618,,,0.00029607969432878504,529.420743290997
5970,12226560,2.8369665145874023,,,0.0002960631113941882,530.0853287700011
5980,12247040,2.820387840270996,,,0.00029604649397953046,531.1691678679999
5990,12267520,3.0219833850860596,,,0.00029602984208918366,531.9922154450032
6000,12288000,2.705273151397705,2.806609034538269,16.553689947726262,0.00029601315572752845,533.30053339
6010,12308480,2.8036322593688965,,,0.00029599643489895477,534.5573993479993
6020,12328960,2.7982873916625977,,,0.0002959796796078614,535.6199838629982
6030,12349440,2.995060443878174,,,0.00029596288985865647,536.5552435019999
6040,12369920,3.1492810249328613,,,0.00029594606565575693,537.2575464719994
6050,12390400,2.9256036281585693,,,0.0002959292070035889,538.0270511920025
6060,12410880,2.8042030334472656,,,0.00029591231390658764,538.7235214960019
6070,12431360,2.8542141914367676,,,0.0002958953863691973,539.4850443839969
6080,12451840,2.9367265701293945,,,0.0002958784243958711,540.2312224229972
6090,12472320,2.928755760192871,,,0.00029586142799107153,540.9771431319969
6100,12492800,3.006190299987793,2.797238600254059,16.39929916792705,0.00029584439715926996,542.2088568699983
6110,12513280,3.0297582149505615,,,0.0002958273319049468,542.855735764002
6120,12533760,2.7719430923461914,,,0.0002958102322325917,543.6019229439989
6130,12554240,2.651515245437622,,,0.0002957930981467031,544.2839598810024
6140,12574720,2.8854901790618896,,,0.0002957759296517887,544.9837450289997
6150,12595200,2.7928905487060547,,,0.0002957587267523652,545.6645443259986
6160,12615680,2.9458250999450684,,,0.0002957414894529583,546.4778204199974
6170,12636160,2.8756771087646484,,,0.00029572421775810276,547.2436460120007
6180,12656640,2.7399301528930664,,,0.0002957069116723425,547.9489333430029
6190,12677120,3.014726400375366,,,0.00029568957120023037,548.5936973740027
6200,12697600,3.0601460933685303,2.791125464439392,16.299353825823154,0.0002956721963463282,550.1725308690002
6210,12718080,2.9267024993896484,,,0.0002956547871152071,550.8667049950018
6220,12738560,2.7259645462036133,,,0.0002956373435114471,551.7361453440026
6230,12759040,2.9946930408477783,,,0.00029561986553963714,552.5198660780006
6240,12779520,2.6256775856018066,,,0.00029560235320437537,553.4235882450012
6250,12800000,2.707554578781128,,,0.00029558480651026894,554.3230702119981
6260,12820480,2.5056774616241455,,,0.00029556722546193406,555.2424089089982
6270,12840960,2.9172534942626953,,,0.0002955496100639959,556.0516545560022
6280,12861440,2.9127697944641113,,,0.0002955319603210887,556.955395195997
6290,12881920,2.822831630706787,,,0.00029551427623785586,557.6282135500005
6300,12902400,3.1526265144348145,2.7801944494247435,16.122155587132827,0.0002954965578189496,558.9970052770004
6310,12922880,2.694054126739502,,,0.00029547880506903125,559.7733387030021
6320,12943360,3.278010845184326,,,0.00029546101799277134,560.4913705959989
6330,12963840,2.859469413757324,,,0.0002954431965948492,561.3031801670004
6340,12984320,2.8384265899658203,,,0.00029542534087995326,562.0764479119971
6350,13004800,2.6575589179992676,,,0.000295407450852781,563.0344856849988
6360,13025280,2.6905789375305176,,,0.00029538952651803903,563.6643722610024
6370,13045760,3.013646125793457,,,0.0002953715678804428,564.4923893949963
6380,13066240,2.638594627380371,,,0.0002953535749447169,565.3639939889981
6390,13086720,2.72499942779541,,,0.0002953355477155948,566.2877917299993
6400,13107200,2.9561009407043457,2.7628409266471863,15.844792962728297,0.0002953174861978192,567.6263631480033
6410,13127680,2.633145809173584,,,0.00029529939039614174,568.4356829000026
6420,13148160,2.8143558502197266,,,0.00029528126031532306,569.230070069003
6430,13168640,2.784637451171875,,,0.00029526309596013267,570.0152783230005
6440,13189120,3.0424652099609375,,,0.0002952448973353494,570.7536164850026
6450,13209600,3.142829656600952,,,0.00029522666444576094,571.4668993879968
6460,13230080,2.684983015060425,,,0.00029520839729616394,572.2696820929996
6470,13250560,2.852562665939331,,,0.0002951900958913641,572.9935958540009
6480,13271040,2.919276237487793,,,0.0002951717602361762,573.657898352998
6490,13291520,2.62667179107666,,,0.000295153390335424,574.3582499300028
6500,13312000,2.8708178997039795,2.761133623123169,15.81776417160636,0.00029513498619394016,575.6854183440009
6510,13332480,2.8500804901123047,,,0.0002951165478165665,577.0806523089996
6520,13352960,2.487816095352173,,,0.0002950980752081538,577.9475486349984
6530,13373440,2.5713460445404053,,,0.0002950795683735618,578.7921207079999
6540,13393920,2.8884894847869873,,,0.00029506102731765926,579.5243618129971
6550,13414400,2.8048195838928223,,,0.000295042452045324,580.351886702003
6560,13434880,2.7594501972198486,,,0.0002950238425614428,581.0587616159974
6570,13455360,2.9520645141601562,,,0.0002950051988709114,581.7983141849982
6580,13475840,2.712855815887451,,,0.00029498652097863465,582.5569507359978
6590,13496320,2.759070873260498,,,0.0002949678088895262,583.2959330680023
6600,13516800,2.983930826187134,2.746463489532471,15.587409258043078,0.00029494906260850895,584.635750014997
6610,13537280,2.5748648643493652,,,0.00029493028214051456,585.4419834560031
6620,13557760,2.7434194087982178,,,0.0002949114674904839,586.1407098039999
6630,13578240,3.0403380393981934,,,0.0002948926186633666,586.9208431340012
6640,13598720,2.636112928390503,,,0.00029487373566412155,587.860410301997
6650,13619200,2.7341442108154297,,,0.00029485481849771643,588.6201706389984
6660,13639680,2.952040672302246,,,0.0002948358671691279,589.3753485659981
6670,13660160,2.770010232925415,,,0.0002948168816833418,590.308621573
6680,13680640,2.866863250732422,,,0.0002947978620453527,591.1746140859977
6690,13701120,2.895617961883545,,,0.0002947788082601643,592.0987497149981
6700,13721600,2.6228933334350586,2.734638500213623,15.404173823736569,0.0002947597203327893,593.4006968510002
6710,13742080,2.6796278953552246,,,0.00029474059826824944,594.1570049459988
6720,13762560,2.477019786834717,,,0.0002947214420715752,595.0047222369976
6730,13783040,2.872727394104004,,,0.0002947022517478063,595.760635243998
6740,13803520,2.950410842895508,,,0.0002946830273019912,596.6603018309979
6750,13824000,2.9016969203948975,,,0.00029466376873918756,597.4133663079992
6760,13844480,2.9341225624084473,,,0.00029464447606446193,598.2868977160033
6770,13864960,2.9329917430877686,,,0.0002946251492828898,599.0310137580018
6780,13885440,3.0357885360717773,,,0.0002946057883995556,599.9436534929991
6790,13905920,2.6881866455078125,,,0.00029458639341955285,600.8463765630004
6800,13926400,2.8347787857055664,2.731767725944519,15.360015332743547,0.00029456696434798397,602.1650123799991
6810,13946880,2.892275094985962,,,0.0002945475011899604,603.0406015280023
6820,13967360,2.8069510459899902,,,0.0002945280039506024,603.8029517089963
6830,13987840,2.7541372776031494,,,0.00029450847263503936,604.5259202660018
6840,14008320,2.975100517272949,,,0.0002944889072484096,605.269400283003
6850,14028800,2.8392066955566406,,,0.00029446930779586036,606.0054891979962
6860,14049280,2.909195899963379,,,0.00029444967428254783,606.8890982919984
6870,14069760,2.520718812942505,,,0.00029443000671363717,607.6141849900014
6880,14090240,2.990732192993164,,,0.0002944103050943026,608.4698644859964
6890,14110720,2.501138925552368,,,0.00029439056942972717,609.1540348339986
6900,14131200,2.587918758392334,2.7164817094802856,15.127007304833443,0.000294370799725103,610.5510633680024
6910,14151680,2.744879722595215,,,0.00029435099598563096,611.3189543010012
6920,14172160,2.4871180057525635,,,0.0002943311582165212,612.0440574230015
6930,14192640,2.828901529312134,,,0.0002943112864229925,612.9331031949987
6940,14213120,2.697824478149414,,,0.0002942913806102727,613.6380075540001
6950,14233600,3.0134479999542236,,,0.0002942714407835988,614.3393039660004
6960,14254080,2.7910213470458984,,,0.00029425146694821635,615.168706247001
6970,14274560,2.923666000366211,,,0.00029423145910938023,615.8768908849961
6980,14295040,3.057567596435547,,,0.000294211417272354,616.8421624889961
6990,14315520,2.811492919921875,,,0.00029419134144241033,617.8500883570014
7000,14336000,2.880765914916992,2.708064389228821,15.000212823408942,0.00029417123162483067,619.2781851390027
7010,14356480,2.580106258392334,,,0.0002941510878249056,620.7090688780008
7020,14376960,2.770642042160034,,,0.00029413091004793456,621.4204322200021
7030,14397440,2.596135377883911,,,0.0002941106982992258,622.1950076669964
7040,14417920,2.5844616889953613,,,0.0002940904525840967,622.9193212149985
7050,14438400,2.7500996589660645,,,0.0002940701729078735,623.6801320759987
7060,14458880,2.9001994132995605,,,0.00029404985927589144,624.7523737200027
7070,14479360,2.6368494033813477,,,0.0002940295116934945,625.5747992719989
7080,14499840,2.676424026489258,,,0.00029400913016603574,626.3901368980005
7090,14520320,2.7737104892730713,,,0.0002939887146988772,627.1052027940023
7100,14540800,2.8107497692108154,2.699354887008667,14.87013571221858,0.00029396826529738977,628.3162853460017
7110,14561280,2.893130302429199,,,0.00029394778196695324,629.0141737079975
7120,14581760,2.9268314838409424,,,0.00029392726471295634,629.8042859299967
7130,14602240,2.723508358001709,,,0.0002939067135407968,630.5023455819974
7140,14622720,2.771116018295288,,,0.00029388612845588117,631.2349912650025
7150,14643200,2.752903699874878,,,0.00029386550946362497,631.984359506001
7160,14663680,2.515925168991089,,,0.0002938448565694527,632.7417228299964
7170,14684160,2.640054225921631,,,0.00029382416977879767,633.572058249003
7180,14704640,2.599130153656006,,,0.00029380344909710215,634.2898082780011
7190,14725120,2.6880273818969727,,,0.00029378269452981737,635.0560324850012
7200,14745600,2.826425552368164,2.6930331587791443,14.776427267252842,0.0002937619060824034,636.5267933040013
7210,14766080,2.8735060691833496,,,0.0002937410837603293,637.2808402040027
7220,14786560,2.5150258541107178,,,0.000293720227569073,638.0677187480032
7230,14807040,2.741893768310547,,,0.00029369933751412133,638.7649634010013
7240,14827520,2.8749136924743652,,,0.00029367841360097,639.5184815300017
7250,14848000,2.728006362915039,,,0.0002936574558351237,640.3897105840006
7260,14868480,2.4399423599243164,,,0.0002936364642220961,641.2283622749965
7270,14888960,2.4688706398010254,,,0.0002936154387674095,641.9771560930021
7280,14909440,2.515895366668701,,,0.0002935943794765954,642.6811650149975
7290,14929920,2.7290568351745605,,,0.000293573286355194,643.3787379290006
7300,14950400,2.766610622406006,2.6816726684570313,14.609509735991539,0.0002935521594087544,644.6968023820009
7310,14970880,2.8798489570617676,,,0.0002935309986428349,645.4754009390017
7320,14991360,2.762085437774658,,,0.0002935098040630023,646.1591703599988
7330,15011840,2.812382698059082,,,0.0002934885756748325,646.9134189690012
7340,15032320,2.6112332344055176,,,0.00029346731348391027,647.8508497090006
7350,15052800,2.70042085647583,,,0.00029344601749582927,648.6377770170002
7360,15073280,2.6129202842712402,,,0.000293424687716192,649.4354804749964
7370,15093760,2.7993392944335938,,,0.00029340332415061,650.1269669429967
7380,15114240,2.880345582962036,,,0.0002933819268047035,650.8058954849985
7390,15134720,2.770223379135132,,,0.0002933604956841017,651.8501877890012
7400,15155200,2.7393040657043457,2.6769148468971253,14.540165390412714,0.00029333903079444283,653.4201347350026
7410,15175680,2.943183660507202,,,0.0002933175321413737,654.2014827149978
7420,15196160,2.6443448066711426,,,0.0002932959997305502,655.006969479
7430,15216640,2.712210178375244,,,0.0002932744335676372,655.7433821049999
7440,15237120,2.720048189163208,,,0.00029325283365830816,656.4750766799989
7450,15257600,2.610684871673584,,,0.0002932312000082457,657.4473954929999
7460,15278080,2.749631404876709,,,0.0002932095326231412,658.3449175759961
7470,15298560,2.601288318634033,,,0.0002931878315086948,659.1097064220012
7480,15319040,2.658766746520996,,,0.0002931660966706157,659.9927576830014
7490,15339520,2.8578810691833496,,,0.0002931443281146219,660.7536010909971
7500,15360000,2.430246591567993,2.6703006744384767,14.444311575220532,0.0002931225258464402,662.0934245440003
7510,15380480,2.7408652305603027,,,0.0002931006898718065,663.7905730429993
7520,15400960,2.735994815826416,,,0.0002930788201964652,664.6033907699966
7530,15421440,2.6689319610595703,,,0.00029305691682617,665.4035083319977
7540,15441920,2.4877991676330566,,,0.000293034979766683,666.193275302001
7550,15462400,2.6371753215789795,,,0.0002930130090237755,666.889903178002
7560,15482880,2.708570957183838,,,0.0002929910046032276,667.6184658029961
7570,15503360,2.6717796325683594,,,0.0002929689665108282,668.3668853779964
7580,15523840,2.726654052734375,,,0.00029294689475237504,669.2066297260026
7590,15544320,2.7744967937469482,,,0.0002929247893336747,670.0196313089982
7600,15564800,2.608797788619995,2.6621034145355225,14.326391769070288,0.00029290265026054284,671.3382304729967
7610,15585280,2.754931926727295,,,0.00029288047753880367,672.0025250990002
7620,15605760,2.6791820526123047,,,0.00029285827117429044,672.8289068079976
7630,15626240,3.018427848815918,,,0.0002928360311728452,673.6222100960003
7640,15646720,2.6800012588500977,,,0.0002928137575403187,674.2941500859961
7650,15667200,3.180116891860962,,,0.000292791450282571,674.9770205340028
7660,15687680,2.5379204750061035,,,0.0002927691094054704,675.8338095159997
7670,15708160,2.5257792472839355,,,0.0002927467349148944,676.5899354819994
7680,15728640,2.565610885620117,,,0.00029272432681672934,677.4491879839989
7690,15749120,2.8450069427490234,,,0.0002927018851168703,678.1364262740026
7700,15769600,2.915019989013672,2.652476155757904,14.189129677165747,0.00029267940982122124,679.5245104130008
7710,15790080,3.1155707836151123,,,0.000292656900935695,680.3729084149963
7720,15810560,2.9721310138702393,,,0.0002926343584662131,681.1307441660028
7730,15831040,2.642836570739746,,,0.0002926117824187062,681.8757848679961
7740,15851520,2.795778274536133,,,0.0002925891727991134,682.6667630169977
7750,15872000,2.775653123855591,,,0.0002925665296133829,683.4943544650014
7760,15892480,2.875957489013672,,,0.0002925438528674718,684.2768223079984
7770,15912960,2.690131902694702,,,0.0002925211425673457,685.066234701997
7780,15933440,2.7101712226867676,,,0.0002924983987189793,685.8704623829981
7790,15953920,2.708921432495117,,,0.00029247562132835606,686.6681572529997
7800,15974400,2.766676425933838,2.645789098739624,14.094562697760031,0.0002924528104014683,687.9847866279961
7810,15994880,2.740095376968384,,,0.00029242996594431697,688.9155422609983
7820,16015360,2.759523391723633,,,0.00029240708796291214,689.756719432
7830,16035840,2.7087173461914062,,,0.00029238417646327246,690.4729535079969
7840,16056320,2.471907138824463,,,0.0002923612314514255,691.2247121949986
7850,16076800,2.8649775981903076,,,0.0002923382529334077,691.8888297840022
7860,16097280,2.7035398483276367,,,0.00029231524091526405,692.6532073190028
7870,16117760,2.638063907623291,,,0.0002922921954030488,693.3377999270015
7880,16138240,3.0479798316955566,,,0.00029226911640282456,694.0295868079993
7890,16158720,2.693925380706787,,,0.0002922460039206631,694.763220478002
7900,16179200,2.9613051414489746,2.635222542285919,13.946415785089068,0.0002922228579626447,695.9561553919993
7910,16199680,2.6750640869140625,,,0.00029219967853485866,696.6018780910017
7920,16220160,2.4750442504882812,,,0.00029217646564340307,697.2895361389965
7930,16240640,2.931979179382324,,,0.0002921532192943847,698.0080268629972
7940,16261120,2.834651470184326,,,0.00029212993949391926,698.8583918270015
7950,16281600,2.8697686195373535,,,0.00029210662624813114,699.7521136279975
7960,16302080,2.573939323425293,,,0.0002920832795631536,700.5437671679974
7970,16322560,2.4442315101623535,,,0.0002920598994451287,701.3291760490029
7980,16343040,2.4323012828826904,,,0.00029203648590020724,702.203333999998
7990,16363520,2.7886412143707275,,,0.00029201303893454893,702.9352159310001
8000,16384000,2.763202428817749,2.631136405467987,13.889545091916547,0.00029198955855432214,704.1994150149985
8010,16404480,2.937664031982422,,,0.00029196604476570406,705.5422437759989
8020,16424960,2.5647122859954834,,,0.00029194249757488066,706.2449931009978
8030,16445440,2.4653024673461914,,,0.00029191891698804686,707.1449630589996
8040,16465920,2.880074977874756,,,0.0002918953030114062,707.8726885229989
8050,16486400,2.739370107650757,,,0.0002918716556511709,708.5128046120008
8060,16506880,2.773393154144287,,,0.00029184797491356234,709.2993684859975
8070,16527360,2.765498638153076,,,0.00029182426080481025,710.0595678589962
8080,16547840,2.6711602210998535,,,0.0002918005133311534,710.9155473589999
8090,16568320,2.45987606048584,,,0.00029177673249883925,711.7384976949979
8100,16588800,2.663043260574341,2.6215334296226502,13.75680250790373,0.0002917529183141241,713.2151131139981
8110,16609280,2.7646608352661133,,,0.00029172907078327297,713.9933222789987
8120,16629760,2.6469192504882812,,,0.00029170518991255965,714.7341001050008
8130,16650240,2.5447838306427,,,0.0002916812757082667,715.4887046000003
8140,16670720,2.6819143295288086,,,0.0002916573281766855,716.1732102469978
8150,16691200,2.5767645835876465,,,0.00029163334732411615,716.8390976079972
8160,16711680,2.568788766860962,,,0.0002916093331568675,717.5177264789963
8170,16732160,2.6632883548736572,,,0.00029158528568125726,718.5316580319995
8180,16752640,2.567326545715332,,,0.0002915612049036118,719.232870232001
8190,16773120,2.5644822120666504,,,0.0002915370908302662,720.1659050789967
8200,16793600,2.6351208686828613,2.615409994125366,13.672821005172448,0.0002915129434675645,721.4153384859965
8210,16814080,2.71921443939209,,,0.0002914887628218594,722.0935522069994
8220,16834560,2.663883924484253,,,0.00029146454889951223,722.8550561110023
8230,16855040,2.6918303966522217,,,0.0002914403017068933,723.5349289779988
8240,16875520,2.786924123764038,,,0.00029141602125038146,724.206310290996
8250,16896000,2.5768842697143555,,,0.0002913917075363645,724.9184948059992
8260,16916480,2.6341516971588135,,,0.0002913673605712388,725.6122943040027
8270,16936960,2.6212682723999023,,,0.00029134298036140956,726.5420624399994
8280,16957440,2.7258834838867188,,,0.0002913185669132907,727.2747040120012
8290,16977920,2.812969207763672,,,0.00029129412023330497,728.0013407709994
8300,16998400,2.344515562057495,2.604948580265045,13.530529548616867,0.00029126964032788385,729.3695286919974
8310,17018880,2.9362974166870117,,,0.0002912451272034673,730.0442614279964
8320,17039360,2.5889785289764404,,,0.00029122058086650444,730.8574720670003
8330,17059840,2.41682767868042,,,0.0002911960013234528,731.6833406759979
8340,17080320,2.707307815551758,,,0.00029117138858077884,732.5163305410024
8350,17100800,2.8501877784729004,,,0.00029114674264495757,733.2319650319987
8360,17121280,2.7322356700897217,,,0.0002911220635224729,734.116773228001
8370,17141760,2.673449754714966,,,0.0002910973512198175,734.7849715560005
8380,17162240,2.6922008991241455,,,0.0002910726057434925,735.5248991740009
8390,17182720,2.513601779937744,,,0.00029104782710000806,736.29016022
8400,17203200,2.6254003047943115,2.598699188232422,13.446235632263894,0.0002910230152958829,737.6803462149983
8410,17223680,2.821363925933838,,,0.0002909981703376445,738.5137328600031
8420,17244160,2.598343849182129,,,0.0002909732922318291,739.2178125380015
8430,17264640,2.6807479858398438,,,0.00029094838098498154,739.9462351580005
8440,17285120,2.436971426010132,,,0.0002909234366036556,740.7648991649985
8450,17305600,2.4406521320343018,,,0.0002908984590944136,741.753568590997
8460,17326080,2.4503722190856934,,,0.0002908734484638265,742.4892625810025
8470,17346560,2.7531659603118896,,,0.00029084840471847425,743.2871833449972
8480,17367040,3.0030629634857178,,,0.00029082332786494527,743.9448986630014
8490,17387520,2.370453357696533,,,0.0002907982179098368,744.7297167249999
8500,17408000,2.616694450378418,2.5926287531852723,13.364858379789355,0.00029077307485975476,746.1792779440002
8510,17428480,2.685713768005371,,,0.0002907478987213138,747.5602416990005
8520,17448960,2.491957902908325,,,0.0002907226895011372,748.2837135149966
8530,17469440,2.744929313659668,,,0.000290697447205857,749.2431625039972
8540,17489920,2.6477012634277344,,,0.00029067217184211406,749.917320692999
8550,17510400,2.661869525909424,,,0.0002906468634165577,750.6132737290027
8560,17530880,2.431302070617676,,,0.000290621521935846,751.3330696720004
8570,17551360,2.4027040004730225,,,0.0002905961474066459,752.0300662070003
8580,17571840,2.557647228240967,,,0.000290570739835633,753.0624730080017
8590,17592320,2.437621593475342,,,0.00029054529922949135,753.7720976080018
8600,17612800,2.5357654094696045,2.5912181735038757,13.346019472127969,0.00029051982559491393,755.0601946590032
8610,17633280,2.53410005569458,,,0.00029049431893860234,755.741169957997
8620,17653760,2.6545920372009277,,,0.00029046877926726687,756.5772221630032
8630,17674240,2.3250365257263184,,,0.00029044320658762644,757.5238359989962
8640,17694720,2.392366886138916,,,0.00029041760090640884,758.2751902199961
8650,17715200,2.6602346897125244,,,0.0002903919622303503,758.984535126001
8660,17735680,2.5496768951416016,,,0.00029036629056619585,759.7560146160031
8670,17756160,2.700801134109497,,,0.0002903405859206992,760.4625853010002
8680,17776640,2.3764142990112305,,,0.00029031484830062274,761.3268818360011
8690,17797120,2.686005115509033,,,0.00029028907771273745,762.0243730099974
8700,17817600,2.374117136001587,2.579979109764099,13.196862471208592,0.0002902632741638231,763.364330602999
8710,17838080,2.703610897064209,,,0.00029023743766066817,764.0570378210032
8720,17858560,2.37233304977417,,,0.0002902115682100696,764.9005719260022
8730,17879040,2.7103915214538574,,,0.00029018566581883316,765.7887135440033
8740,17899520,2.7420554161071777,,,0.00029015973049377323,766.5195473409985
8750,17920000,2.849245071411133,,,0.0002901337622417129,767.248121026998
8760,17940480,2.5537755489349365,,,0.0002901077610694839,768.036160085001
8770,17960960,2.642529010772705,,,0.00029008172698392654,768.9440226649967
8780,17981440,2.5784997940063477,,,0.00029005565999188997,769.6419783599995
8790,18001920,2.624932050704956,,,0.00029002956010023184,770.4378236639968
8800,18022400,2.4042162895202637,2.572074842453003,13.092962111628136,0.00029000342731581847,771.7693719699964
8810,18042880,2.818239450454712,,,0.0002899772616455249,772.4627856220031
8820,18063360,2.567107677459717,,,0.0002899510630962348,773.2039534110008
8830,18083840,2.6010689735412598,,,0.00028992483167484054,774.0402663880013
8840,18104320,2.578732967376709,,,0.0002898985673882429,774.8330044440008
8850,18124800,2.596017360687256,,,0.00028987227024335167,775.8345415259973
8860,18145280,2.396686553955078,,,0.000289845940247085,776.5990499749969
8870,18165760,2.7116997241973877,,,0.00028981957740636976,777.4418371209977
8880,18186240,2.8122026920318604,,,0.00028979318172814154,778.2336707310023
8890,18206720,2.7570693492889404,,,0.00028976675321934454,778.8902748649998
8900,18227200,2.6700351238250732,2.56581426858902,13.011248708522631,0.0002897402918869315,780.2138740770024
8910,18247680,2.772378444671631,,,0.00028971379773786387,780.9964400820027
8920,18268160,2.4975361824035645,,,0.00028968727077911176,781.7067574030007
8930,18288640,2.4098339080810547,,,0.00028966071101765384,782.4312284499974
8940,18309120,2.8647983074188232,,,0.00028963411846047747,783.2181846219974
8950,18329600,2.603471279144287,,,0.0002896074931145786,783.969445677998
8960,18350080,2.7375288009643555,,,0.00028958083498696185,784.7460448769998
8970,18370560,2.873255491256714,,,0.0002895541440846404,785.4359705230017
8980,18391040,2.5498123168945312,,,0.00028952742041463614,786.1437932389963
8990,18411520,2.6901192665100098,,,0.0002895006639839795,786.8265502520007
9000,18432000,2.6670985221862793,2.5576014041900637,12.904826700170096,0.0002894738747997095,788.5062108639977
9010,18452480,2.601146936416626,,,0.0002894470528688739,789.9883393639975
9020,18472960,2.636098861694336,,,0.000289420198198529,790.8515003799985
9030,18493440,2.649263620376587,,,0.00028939331079573977,791.6128839320008
9040,18513920,2.634357452392578,,,0.0002893663906675796,792.4021477439965
9050,18534400,2.6033763885498047,,,0.0002893394378211308,793.160197418998
9060,18554880,2.3860037326812744,,,0.000289312452263484,793.9257138510002
9070,18575360,2.5244994163513184,,,0.0002892854340017386,794.6721391710016
9080,18595840,2.493354320526123,,,0.0002892583830430026,795.4165521309988
9090,18616320,2.462735652923584,,,0.00028923129939439245,796.1277926429975
9100,18636800,2.533543586730957,2.548943293094635,12.793577575535053,0.0002892041830630334,797.457600280999
9110,18657280,2.2373476028442383,,,0.00028917703405605924,798.3791581300029
9120,18677760,2.638078212738037,,,0.00028914985238061227,799.3326822180024
9130,18698240,2.702816963195801,,,0.00028912263804384345,799.9912564530023
9140,18718720,2.2976667881011963,,,0.0002890953910529123,800.7606576899998
9150,18739200,2.507641315460205,,,0.00028906811141498695,801.5955895419975
9160,18759680,2.6100473403930664,,,0.0002890407991372442,802.4638047780027
9170,18780160,2.626171588897705,,,0.00028901345422686924,803.1261373710004
9180,18800640,2.8525030612945557,,,0.0002889860766910561,803.7829822339991
9190,18821120,2.8018288612365723,,,0.00028895866653700714,804.4827115910011
9200,18841600,2.547074317932129,2.544689965248108,12.73927785489367,0.0002889312237719335,805.9567697189996
9210,18862080,2.471292734146118,,,0.0002889037484030548,806.8403509679993
9220,18882560,3.054004430770874,,,0.0002888762404375992,807.5354657860007
9230,18903040,2.6557774543762207,,,0.00028884869988280354,808.2273534420019
9240,18923520,2.6063637733459473,,,0.00028882112674591317,808.9269744600024
9250,18944000,2.7959771156311035,,,0.0002887935210341821,809.6355159590021
9260,18964480,2.5922069549560547,,,0.0002887658827548727,810.3146097450008
9270,18984960,2.5843052864074707,,,0.0002887382119152561,811.0280506999989
9280,19005440,2.699655532836914,,,0.00028871050852261195,811.7197593410019
9290,19025920,2.674516439437866,,,0.00028868277258422854,812.3700077300018
9300,19046400,2.5987720489501953,2.542482888698578,12.71119229836961,0.0002886550041074025,813.7384658029987
9310,19066880,2.619316577911377,,,0.00028862720309943914,814.7201631439966
9320,19087360,2.7623207569122314,,,0.00028859936956765253,815.4550097690008
9330,19107840,2.3715529441833496,,,0.00028857150351936493,816.1674287630012
9340,19128320,2.5062403678894043,,,0.00028854360496190733,816.8742489770011
9350,19148800,2.406924247741699,,,0.00028851567390261946,817.6279142060012
9360,19169280,2.652681589126587,,,0.0002884877103488492,818.3762030040016
9370,19189760,2.5041866302490234,,,0.0002884597143079534,819.2512369410033
9380,19210240,2.66855525970459,,,0.00028843168578729714,819.9990915020026
9390,19230720,2.625162363052368,,,0.0002884036247942541,820.6753028509993
9400,19251200,2.5509161949157715,2.5341028451919554,12.605117032322166,0.0002883755313362067,821.9384579379985
9410,19271680,2.5544066429138184,,,0.00028834740542054565,822.6619785060029
9420,19292160,2.756578207015991,,,0.00028831924705467044,823.5456196779996
9430,19312640,2.406151056289673,,,0.0002882910562459888,824.1919471200017
9440,19333120,2.808878183364868,,,0.0002882628330019173,824.9742511509976
9450,19353600,2.448662281036377,,,0.0002882345773298808,825.7199951270013
9460,19374080,2.3816213607788086,,,0.00028820628923731286,826.4429190660012
9470,19394560,2.5869908332824707,,,0.0002881779687316556,827.2918878619967
9480,19415040,2.5664520263671875,,,0.0002881496158203593,828.0141009840008
9490,19435520,2.555464267730713,,,0.00028812123051088335,828.7354969180014
9500,19456000,2.57136607170105,2.53064124584198,12.561558601809605,0.00028809281281069515,830.041925395999
9510,19476480,2.5227785110473633,,,0.0002880643627272709,831.2919330220029
9520,19496960,2.7948429584503174,,,0.00028803588026809525,832.0319946000018
9530,19517440,2.663025379180908,,,0.0002880073654406613,832.793607779
9540,19537920,2.555189609527588,,,0.0002879788182524708,833.4686898479995
9550,19558400,2.7360153198242188,,,0.00028795023871103394,834.1748189439968
9560,19578880,2.5767292976379395,,,0.0002879216268238693,834.9213578920026
9570,19599360,2.5178704261779785,,,0.00028789298259850423,835.5850561560001
9580,19619840,2.5700643062591553,,,0.0002878643060424744,836.2328728490029
9590,19640320,2.684765338897705,,,0.000287835597163324,836.917028048003
9600,19660800,2.422797679901123,2.5199063539505007,12.42743282909428,0.0002878068559686058,838.1881975680008
9610,19681280,2.794853687286377,,,0.000287778082465881,838.9856830240024
9620,19701760,2.5007152557373047,,,0.0002877492766627194,839.7832918900021
9630,19722240,2.558924436569214,,,0.0002877204385666991,840.5957899880013
9640,19742720,2.4886391162872314,,,0.0002876915681854069,841.267407471998
9650,19763200,2.3606607913970947,,,0.00028766266552643805,841.9702353250032
9660,19783680,2.4963910579681396,,,0.00028763373059739614,842.6864943769979
9670,19804160,2.4079747200012207,,,0.0002876047634058935,843.3371338630022
9680,19824640,3.0827643871307373,,,0.0002875757639595507,844.0522052219967
9690,19845120,2.4861042499542236,,,0.00028754673226599704,844.778816193997
9700,19865600,2.6068196296691895,2.5120941519737245,12.330725454393598,0.00028751766833287,846.110799217
9710,19886080,2.4782121181488037,,,0.0002874885721678158,846.795658351999
9720,19906560,2.9280478954315186,,,0.0002874594437784891,847.6578157370022
9730,19927040,2.4446663856506348,,,0.000287430283172553,848.5002628950024
9740,19947520,2.5699663162231445,,,0.000287401090357679,849.2727829020005
9750,19968000,2.476008415222168,,,0.0002873718653415471,850.059164641003
9760,19988480,2.4792685508728027,,,0.000287342608131846,850.8213193679985
9770,20008960,2.640723705291748,,,0.00028731331873627243,851.703528992999
9780,20029440,2.648871421813965,,,0.000287283997162532,852.429626379002
9790,20049920,2.287605047225952,,,0.0002872546434183386,853.1688139730031
9800,20070400,2.594696283340454,2.505615699291229,12.251099637533299,0.0002872252575114146,854.4576180360018
9810,20090880,2.649024486541748,,,0.00028719583944949084,855.1926555239988
9820,20111360,2.535419464111328,,,0.00028716638924030654,855.9096347660015
9830,20131840,2.4987668991088867,,,0.0002871369068916096,856.5888189370016
9840,20152320,2.434295177459717,,,0.0002871073924111562,857.3084237619987
9850,20172800,2.5559651851654053,,,0.0002870778458067109,858.1449873550009
9860,20193280,2.5489938259124756,,,0.0002870482670860469,858.8285818649965
9870,20213760,2.9378392696380615,,,0.0002870186562569457,859.4980655870022
9880,20234240,2.599243640899658,,,0.00028698901332719745,860.2618499419987
9890,20254720,2.514451503753662,,,0.00028695933830460047,861.1218823689996
9900,20275200,2.4755449295043945,2.499708962440491,12.178948913288412,0.0002869296311969617,862.3880667659978
9910,20295680,2.411930799484253,,,0.00028689989201209653,863.2581930349988
9920,20316160,2.6538245677948,,,0.00028687012075782865,863.9468569609962
9930,20336640,2.4840199947357178,,,0.00028684031744199035,864.7254893930003
9940,20357120,2.4461779594421387,,,0.0002868104820724222,865.4130953700005
9950,20377600,2.644881010055542,,,0.0002867806146569734,866.1018080579961
9960,20398080,2.7526144981384277,,,0.00028675071520350135,866.7807435740033
9970,20418560,2.547687530517578,,,0.0002867207837198721,867.5715183889988
9980,20439040,2.4717767238616943,,,0.00028669082021395994,868.3460127240032
9990,20459520,2.704822540283203,,,0.0002866608246936477,869.153183784998
10000,20480000,2.6215157508850098,2.4920886278152468,12.086493963413929,0.00028663079716682654,870.5196699070002
10010,20500480,2.570312976837158,,,0.0002866007376413962,871.957135304001
10020,20520960,2.7294678688049316,,,0.00028657064612526466,872.6994084239996
10030,20541440,2.450878858566284,,,0.0002865405226263484,873.4207639989982
10040,20561920,2.41267728805542,,,0.0002865103671525723,874.1794605079995
10050,20582400,2.6037702560424805,,,0.00028648017971186966,874.917039797001
10060,20602880,2.827735185623169,,,0.0002864499603121822,875.6650588600023
10070,20623360,2.8026058673858643,,,0.00028641970896146006,876.4190888629964
10080,20643840,2.53946852684021,,,0.0002863894256676617,877.1246764660027
10090,20664320,2.2482690811157227,,,0.0002863591104387541,877.8420344359984
10100,20684800,2.7279748916625977,2.4861183047294615,12.014548671502475,0.00028632876328271256,879.0512578830021
10110,20705280,2.6185784339904785,,,0.00028629838420752077,879.7447728400002
10120,20725760,2.499358892440796,,,0.0002862679732211709,880.4506976999983
10130,20746240,2.6974353790283203,,,0.0002862375303316635,881.1783520300014
10140,20766720,2.5663082599639893,,,0.0002862070555470074,881.8583196320033
10150,20787200,2.3648648262023926,,,0.0002861765488752199,882.5421809489999
10160,20807680,2.3980557918548584,,,0.00028614601032432677,883.2156210719986
10170,20828160,2.515901565551758,,,0.000286115439902362,883.9194032390005
10180,20848640,2.54905366897583,,,0.0002860848376173682,884.6581760249974
10190,20869120,2.5094003677368164,,,0.00028605420347739595,885.3862730800029
10200,20889600,2.506326198577881,2.48709522485733,12.02629166097438,0.00028602353749050474,886.4942554059962
10210,20910080,2.551276206970215,,,0.000285992839664762,887.1749956939966
10220,20930560,2.586622714996338,,,0.0002859621100082438,887.9536985939994
10230,20951040,2.52541446685791,,,0.0002859313485290345,888.8806747159979
10240,20971520,2.513249635696411,,,0.00028590055523522673,889.6139024419972
10250,20992000,2.4887890815734863,,,0.00028586973013492166,890.2996763339979
10260,21012480,2.385765552520752,,,0.0002858388732362287,890.997963597998
10270,21032960,2.5738368034362793,,,0.00028580798454726577,891.6670682269978
10280,21053440,2.473015785217285,,,0.000285777064076159,892.3582117140031
10290,21073920,2.6396169662475586,,,0.00028574611183104293,893.1002776359965
10300,21094400,2.696967601776123,2.4789647340774534,11.928908430694976,0.0002857151278200605,894.2884882880026
10310,21114880,2.4438343048095703,,,0.00028568411205136295,895.1197737440016
10320,21135360,2.5393128395080566,,,0.00028565306453310995,895.9140517990018
10330,21155840,2.2835822105407715,,,0.00028562198527346943,896.6992777900014
10340,21176320,2.665309429168701,,,0.00028559087428061775,897.5599677270002
10350,21196800,2.3420844078063965,,,0.00028555973156273954,898.3139645100018
10360,21217280,2.159266710281372,,,0.0002855285571280278,898.9793662860029
10370,21237760,2.442821741104126,,,0.000285497350984684,899.7218933010008
10380,21258240,2.5618507862091064,,,0.00028546611314091776,900.438585019001
10390,21278720,2.281282424926758,,,0.0002854348436049472,901.2431091649996
10400,21299200,2.65765380859375,2.4684968829154967,11.804689678701354,0.0002854035423849986,902.5665128330002
10410,21319680,2.4707915782928467,,,0.0002853722094893068,903.3607793010015
10420,21340160,2.5259764194488525,,,0.0002853408449261148,904.1633402660009
10430,21360640,2.6738200187683105,,,0.0002853094487036739,904.9245685159985
10440,21381120,2.705615282058716,,,0.0002852780208302439,905.764880773997
10450,21401600,2.63086199760437,,,0.0002852465613140929,906.5676125609971
10460,21422080,2.6306262016296387,,,0.00028521507016349715,907.3276742169983
10470,21442560,2.3085474967956543,,,0.00028518354738674135,908.0259619839999
10480,21463040,2.419335126876831,,,0.0002851519929921186,908.7047844350018
10490,21483520,2.4687228202819824,,,0.0002851204069879301,909.3932246339973
10500,21504000,2.577450752258301,2.4640462398529053,11.752267960187446,0.00028508878938248556,910.5674433579989
10510,21524480,2.2222514152526855,,,0.00028505714018410295,911.8688847820013
10520,21544960,2.4757227897644043,,,0.0002850254594011085,912.601630586003
10530,21565440,2.640054702758789,,,0.0002849937470418368,913.4254850169964
10540,21585920,2.5746822357177734,,,0.0002849620031146307,914.1243664409994
10550,21606400,2.5091969966888428,,,0.00028493022762784146,914.8689690120009
10560,21626880,2.9357810020446777,,,0.0002848984205898285,915.6243181289974
10570,21647360,2.360595703125,,,0.0002848665820089596,916.5568873789962
10580,21667840,2.7104055881500244,,,0.00028483471189361093,917.1971592289992
10590,21688320,2.3834385871887207,,,0.0002848028102521668,917.9991959260005
10600,21708800,2.4249770641326904,2.4644291043281554,11.756768347557273,0.00028477087709301996,919.351257948998
10610,21729280,2.39583420753479,,,0.00028473891242457127,920.0246049790003
10620,21749760,2.6051011085510254,,,0.0002847069162552301,920.8177200529972
10630,21770240,2.3092355728149414,,,0.00028467488859341397,921.7210821089975
10640,21790720,2.436979293823242,,,0.0002846428294475486,922.5591280489971
10650,21811200,2.5724892616271973,,,0.00028461073882606833,923.3362848940014
10660,21831680,2.3331241607666016,,,0.00028457861673741533,924.051237241998
10670,21852160,2.574252128601074,,,0.0002845464631900404,924.8294610989979
10680,21872640,2.458428382873535,,,0.00028451427819240247,925.5441818679974
10690,21893120,2.4321508407592773,,,0.0002844820617529687,926.2539637099981
10700,21913600,2.4823343753814697,2.4645519614219666,11.758212838680238,0.0002844498138802147,927.3177128259995
10710,21934080,2.2743470668792725,,,0.0002844175345826241,928.0807199170013
10720,21954560,2.7756059169769287,,,0.00028438522386868906,928.7972466170031
10730,21975040,2.3359203338623047,,,0.00028435288174690973,929.6188334629987
10740,21995520,2.516972064971924,,,0.0002843205082257949,930.483996985
10750,22016000,2.4400651454925537,,,0.00028428810331386115,931.2979159099996
10760,22036480,2.570761203765869,,,0.00028425566701963367,931.9858173469984
10770,22056960,2.6419365406036377,,,0.00028422319935164577,932.6243586339988
10780,22077440,2.642721652984619,,,0.0002841907003184391,933.3699531710008
10790,22097920,2.540879249572754,,,0.0002841581699285634,934.1736215389974
10800,22118400,2.714103937149048,2.4500267624855043,11.588656856334483,0.0002841256081905769,935.6294954510013
10810,22138880,2.45080304145813,,,0.00028409301511304576,936.3878749200012
10820,22159360,2.4779858589172363,,,0.00028406039070454466,937.1346333490001
10830,22179840,2.6679999828338623,,,0.00028402773497365644,937.9059734789989
10840,22200320,2.5227208137512207,,,0.0002839950479289721,938.6505455279985
10850,22220800,2.281924247741699,,,0.00028396232957909103,939.5692401479973
10860,22241280,2.601778507232666,,,0.0002839295799326207,940.6021781620002
10870,22261760,2.646009683609009,,,0.00028389679899817687,941.3055152050001
10880,22282240,2.5093908309936523,,,0.0002838639867843836,942.1051469550002
10890,22302720,2.3506340980529785,,,0.00028383114329987307,942.8891085169962
10900,22323200,2.4224679470062256,2.451325333118439,11.603715320927149,0.00028379826855328577,943.9980653020029
10910,22343680,2.13763427734375,,,0.0002837653625532704,944.7005598960022
10920,22364160,2.555795192718506,,,0.0002837324253084838,945.5399818950027
10930,22384640,2.468839645385742,,,0.00028369945682759116,946.5062997189962
10940,22405120,2.2873291969299316,,,0.0002836664571192658,947.3840251509973
10950,22425600,2.5223443508148193,,,0.0002836334261921892,948.3091421389981
10960,22446080,2.5356364250183105,,,0.00028360036405505125,949.1488774929967
10970,22466560,2.5593934059143066,,,0.0002835672707165499,949.9385716600009
10980,22487040,2.476661443710327,,,0.0002835341461853913,950.7117013519965
10990,22507520,2.679814338684082,,,0.0002835009904702899,951.4467777839964
11000,22528000,2.3309261798858643,2.445548892021179,11.536880362807434,0.0002834678035799683,952.7743891089995
11010,22548480,2.6803128719329834,,,0.0002834345855231572,954.1338806670028
11020,22568960,2.4595160484313965,,,0.0002834013363085957,955.0489179729993
11030,22589440,2.4148008823394775,,,0.00028336805594503093,955.8084190119989
11040,22609920,2.5463292598724365,,,0.0002833347444412184,956.5641589110019
11050,22630400,2.502582550048828,,,0.00028330140180592156,957.3484111380021
11060,22650880,2.202608823776245,,,0.00028326802804791223,958.0745719539991
11070,22671360,2.3795604705810547,,,0.00028323462317597045,958.8636561649982
11080,22691840,2.905215263366699,,,0.00028320118719888423,959.6795134569984
11090,22712320,2.588927984237671,,,0.00028316772012545,960.4019696519972
11100,22732800,2.428422212600708,2.4401838898658754,11.475150712713306,0.0002831342219644723,961.8254179389987
11110,22753280,2.610991954803467,,,0.0002831006927247637,962.6476551739979
11120,22773760,2.4236109256744385,,,0.00028306713241514517,963.5092629089995
11130,22794240,2.2292256355285645,,,0.0002830335410444457,964.2283682699999
11140,22814720,2.961639881134033,,,0.0002829999186215025,964.918561131999
11150,22835200,2.9738645553588867,,,0.00028296626515516096,965.6353764660016
11160,22855680,2.486222743988037,,,0.0002829325806542746,966.3306012579997
11170,22876160,2.3957669734954834,,,0.0002828988651277053,967.0741557950023
11180,22896640,2.6799468994140625,,,0.0002828651185843227,967.840558816999
11190,22917120,2.3978328704833984,,,0.00028283134103300494,968.5356824859991
11200,22937600,2.4558448791503906,2.4336353540420532,11.400250787272759,0.0002827975324826382,969.8654356080006
11210,22958080,2.677335500717163,,,0.0002827636929421169,970.610249092002
11220,22978560,2.6536288261413574,,,0.0002827298224203434,971.3320365440013
11230,22999040,2.3198087215423584,,,0.00028269592092622847,972.2191467349985
11240,23019520,2.4739787578582764,,,0.0002826619884686909,972.8798672179983
11250,23040000,2.541639804840088,,,0.00028262802505665753,973.6675621169998
11260,23060480,2.323608875274658,,,0.00028259403069906357,974.419867315999
11270,23080960,2.3412246704101562,,,0.0002825600054048522,975.1998467439989
11280,23101440,2.7188377380371094,,,0.0002825259491829748,976.1076827049983
11290,23121920,2.5130910873413086,,,0.0002824918620423908,976.867195468003
11300,23142400,2.3866653442382812,2.4347883582115175,11.4134029047295,0.00028245774399206794,978.1396208950027
11310,23162880,2.4686872959136963,,,0.00028242359504098194,978.9483211839979
11320,23183360,2.657621383666992,,,0.00028238941519811674,979.6777991519994
11330,23203840,2.6468381881713867,,,0.0002823552044724644,980.3818984160025
11340,23224320,2.2858052253723145,,,0.00028232096287302493,981.1433422199989
11350,23244800,2.4145774841308594,,,0.0002822866904088067,981.8981224460003
11360,23265280,2.4348700046539307,,,0.0002822523870888261,982.6173432099968
11370,23285760,2.485907554626465,,,0.0002822180529221076,983.3316858949984
11380,23306240,2.3551528453826904,,,0.0002821836879176839,984.1210864769964
11390,23326720,2.338010311126709,,,0.0002821492920845957,984.8410049980012
11400,23347200,2.402404308319092,2.419765865802765,11.243226582857265,0.00028211486543189187,986.1207692090029
11410,23367680,2.532893657684326,,,0.0002820804079686293,987.0060435850028
11420,23388160,2.6396641731262207,,,0.00028204591970387315,987.9255718869972
11430,23408640,2.390265703201294,,,0.00028201140064669646,988.6288937439967
11440,23429120,2.9071695804595947,,,0.00028197685080618063,989.3620873789987
11450,23449600,2.5252504348754883,,,0.00028194227019141496,990.0535932389976
11460,23470080,2.5464041233062744,,,0.0002819076588114969,990.7604168289981
11470,23490560,2.3641223907470703,,,0.0002818730166755321,991.4699684969964
11480,23511040,2.6588706970214844,,,0.0002818383437926341,992.2042717989971
11490,23531520,2.549349069595337,,,0.00028180364017192465,993.0546491819987
11500,23552000,2.205152988433838,2.4194183707237245,11.239320295694275,0.0002817689058225336,994.343684503001
11510,23572480,2.4251112937927246,,,0.00028173414075359884,995.6745348490003
11520,23592960,2.5201570987701416,,,0.00028169934497426644,996.4466435700015
11530,23613440,2.3099026679992676,,,0.0002816645184936903,997.2414494999975
11540,23633920,2.29475736618042,,,0.00028162966132103275,997.9705600289963
11550,23654400,2.453399181365967,,,0.0002815947734654639,998.6517774000022
11560,23674880,2.8299951553344727,,,0.00028155985493616203,999.3868380679996
11570,23695360,2.4549663066864014,,,0.0002815249057423135,1000.2313512409964
11580,23715840,2.648895740509033,,,0.0002814899258931129,1001.1577804799963
11590,23736320,2.1254477500915527,,,0.00028145491539776247,1001.9328473970018
11600,23756800,2.3188958168029785,2.4143868327140807,11.182911259534666,0.00028141987426547293,1003.3673772530019
11610,23777280,2.337700843811035,,,0.0002813848025054629,1004.0946760229999
11620,23797760,2.546693801879883,,,0.0002813497001269589,1004.8134343790007
11630,23818240,2.4662437438964844,,,0.0002813145671391959,1005.563039667999
11640,23838720,2.4620630741119385,,,0.00028127940355141646,1006.3571686829964
11650,23859200,2.470951557159424,,,0.0002812442093728715,1007.1863615640032
11660,23879680,2.3908910751342773,,,0.0002812089846128199,1007.9319041280032
11670,23900160,2.356550455093384,,,0.0002811737292805286,1008.9658412159988
11680,23920640,2.642220973968506,,,0.0002811384433852725,1009.7407469649988
11690,23941120,2.4364027976989746,,,0.00028110312693633465,1010.4767524459967
11700,23961600,2.6262903213500977,2.4089467406272886,11.122240369725644,0.00028106777994300615,1011.7527301869995
11710,23982080,2.3203482627868652,,,0.000281032402414586,1012.4662557909978
11720,24002560,2.5536346435546875,,,0.00028099699436038135,1013.4563399600011
11730,24023040,2.4780349731445312,,,0.0002809615557897073,1014.222790312997
11740,24043520,2.3970775604248047,,,0.0002809260867118871,1015.0590709919998
11750,24064000,2.7275755405426025,,,0.0002808905871362519,1015.7429676309985
11760,24084480,2.413088798522949,,,0.00028085505707214095,1016.5992599879974
11770,24104960,2.4655423164367676,,,0.00028081949652890146,1017.3536766539983
11780,24125440,2.5061609745025635,,,0.00028078390551588867,1018.1973607039981
11790,24145920,2.586421489715576,,,0.0002807482840424659,1019.0004057440019
11800,24166400,2.621169090270996,2.4034464240074156,11.061232461384314,0.0002807126321180045,1020.2583406880003
11810,24186880,2.325782060623169,,,0.0002806769497518837,1020.9818002070024
11820,24207360,2.604952335357666,,,0.0002806412369534907,1021.8434386029985
11830,24227840,2.5013036727905273,,,0.00028060549373222103,1022.5703967040026
11840,24248320,2.6694490909576416,,,0.0002805697200974779,1023.4238247909962
11850,24268800,2.478834629058838,,,0.0002805339160586726,1024.1635671339973
11860,24289280,2.332876205444336,,,0.0002804980816252246,1024.8745424730005
11870,24309760,2.400524377822876,,,0.0002804622168065611,1025.6651373060013
11880,24330240,2.5026774406433105,,,0.0002804263216121174,1026.4283588960025
11890,24350720,2.4413909912109375,,,0.0002803903960513368,1027.182054994999
11900,24371200,2.449808120727539,2.3999472737312315,11.022595185003347,0.0002803544401336706,1028.615555176999
11910,24391680,2.2921206951141357,,,0.0002803184538685781,1029.3657056939992
11920,24412160,2.7598180770874023,,,0.00028028243726552655,1030.2258727739973
11930,24432640,2.3666388988494873,,,0.00028024639033399126,1030.9639179079968
11940,24453120,2.823786497116089,,,0.0002802103130834553,1031.989649672003
11950,24473600,2.0538549423217773,,,0.00028017420552341,1032.8177790240006
11960,24494080,2.4547412395477295,,,0.00028013806766335445,1033.7083317549987
11970,24514560,2.5029489994049072,,,0.0002801018995127959,1034.4306010029977
11980,24535040,2.2216384410858154,,,0.0002800657010812493,1035.245114053003
11990,24555520,2.712639808654785,,,0.00028002947237823787,1035.9372013719985
12000,24576000,2.5981380939483643,2.3945993423461913,10.963804446805526,0.00027999321341329255,1037.3057156369978
12010,24596480,2.4496827125549316,,,0.0002799569241959524,1038.5505737560015
12020,24616960,2.591158866882324,,,0.0002799206047357644,1039.3827216630016
12030,24637440,2.4030044078826904,,,0.0002798842550422834,1040.0957518900032
12040,24657920,2.237055778503418,,,0.0002798478751250723,1040.8973853150019
12050,24678400,2.701362371444702,,,0.00027981146499370194,1041.7414025510006
12060,24698880,2.4821906089782715,,,0.00027977502465775106,1042.4226624649964
12070,24719360,2.5255115032196045,,,0.0002797385541268064,1043.1578399770005
12080,24739840,2.2423548698425293,,,0.0002797020534104627,1043.905581398998
12090,24760320,2.804319381713867,,,0.00027966552251832235,1044.6733755820023
12100,24780800,2.291063070297241,2.3917205810546873,10.932287657378826,0.0002796289614599961,1046.005548893001
12110,24801280,2.6145477294921875,,,0.0002795923702451023,1046.7233206910023
12120,24821760,2.4927303791046143,,,0.0002795557488832675,1047.4968046139984
12130,24842240,2.2965502738952637,,,0.0002795190973841259,1048.2649829820002
12140,24862720,2.1792755126953125,,,0.0002794824157573198,1049.2176290429998
12150,24883200,2.5408120155334473,,,0.0002794457040124994,1049.9317435620032
12160,24903680,2.3407046794891357,,,0.00027940896215932284,1050.6371862789965
12170,24924160,2.34244704246521,,,0.0002793721902074562,1051.459879449998
12180,24944640,2.52534556388855,,,0.0002793353881665734,1052.2474517610026
12190,24965120,2.371671438217163,,,0.00027929855604635624,1053.0983650779963
12200,24985600,2.5232815742492676,2.3918879985809327,10.93411806715169,0.0002792616938564946,1054.1823329969993
12210,25006080,2.506863594055176,,,0.0002792248016066862,1054.992071939996
12220,25026560,2.210671901702881,,,0.0002791878793066366,1055.7556924739984
12230,25047040,2.521254539489746,,,0.0002791509269660593,1056.5160671389967
12240,25067520,2.6945607662200928,,,0.00027911394459467564,1057.349070244003
12250,25088000,2.4732117652893066,,,0.00027907693220221517,1058.2872334060012
12260,25108480,2.132554531097412,,,0.0002790398897984148,1059.3678711160028
12270,25128960,2.4280014038085938,,,0.00027900281739301995,1060.0911530099984
12280,25149440,2.3356008529663086,,,0.0002789657149957834,1060.980208410001
12290,25169920,2.317660331726074,,,0.00027892858261646615,1061.8720586109994
12300,25190400,2.38191294670105,2.387993061542511,10.8916131963424,0.00027889142026483695,1063.303657026001
12310,25210880,2.5295820236206055,,,0.0002788542279506724,1064.2971253869982
12320,25231360,2.4130735397338867,,,0.0002788170056837571,1065.224471513
12330,25251840,2.4393153190612793,,,0.00027877975347388354,1066.2124932399965
12340,25272320,2.453463077545166,,,0.0002787424713308519,1067.0251225920001
12350,25292800,2.3249454498291016,,,0.0002787051592644705,1067.843764862002
12360,25313280,2.3550610542297363,,,0.0002786678172845553,1068.5339886049987
12370,25333760,2.801070213317871,,,0.00027863044540093026,1069.3320647939981
12380,25354240,2.4259467124938965,,,0.00027859304362342713,1070.040984143001
12390,25374720,2.5042855739593506,,,0.0002785556119618856,1070.7471034409973
12400,25395200,2.329916000366211,2.3836010336875915,10.843881823286857,0.00027851815042615315,1072.0023962839987
12410,25415680,2.3895955085754395,,,0.00027848065902608517,1072.7387024819982
12420,25436160,2.6143288612365723,,,0.0002784431377715449,1073.4636777440028
12430,25456640,2.4431393146514893,,,0.0002784055866724034,1074.2825767859977
12440,25477120,2.669724464416504,,,0.00027836800573853966,1074.9680900320018
12450,25497600,2.2785775661468506,,,0.0002783303949798404,1075.7207960219966
12460,25518080,2.45463490486145,,,0.0002782927544062003,1076.4573151880031
12470,25538560,2.508578062057495,,,0.00027825508402752185,1077.179767640002
12480,25559040,2.2978014945983887,,,0.0002782173838537153,1077.9139051710008
12490,25579520,2.435915946960449,,,0.00027817965389469884,1078.5859728919968
12500,25600000,2.3888888359069824,2.3719099879264833,10.717843698978978,0.0002781418941603984,1080.222756559997
12510,25620480,2.546661615371704,,,0.000278104104660748,1081.6545545830013
12520,25640960,2.4008593559265137,,,0.00027806628540568914,1082.307703860999
12530,25661440,2.6258769035339355,,,0.00027802843640517127,1083.0855452659962
12540,25681920,2.433717727661133,,,0.00027799055766915173,1083.7908244880018
12550,25702400,2.317068099975586,,,0.00027795264920759576,1084.5429810080022
12560,25722880,2.46120548248291,,,0.0002779147110304762,1085.222644233996
12570,25743360,2.7603373527526855,,,0.00027787674314777377,1085.958304339998
12580,25763840,2.3374409675598145,,,0.00027783874556947723,1086.7088867929997
12590,25784320,2.6818110942840576,,,0.00027780071830558285,1087.484507811001
12600,25804800,2.23062801361084,2.3696065187454223,10.693183888791024,0.00027776266136609484,1088.6755616079972
12610,25825280,2.3290696144104004,,,0.0002777245747610252,1089.4355056049972
12620,25845760,2.3888607025146484,,,0.00027768645850039387,1090.226144457003
12630,25866240,2.524722099304199,,,0.00027764831259422836,1090.921564270997
12640,25886720,2.4831390380859375,,,0.0002776101370525641,1091.7157810339995
12650,25907200,2.171133518218994,,,0.0002775719318854443,1092.5355944210023
12660,25927680,2.3077433109283447,,,0.00027753369710292,1093.3222817019996
12670,25948160,2.5243630409240723,,,0.00027749543271504993,1094.140411676999
12680,25968640,2.4710001945495605,,,0.0002774571387319008,1094.8746278839972
12690,25989120,2.3381450176239014,,,0.0002774188151635469,1095.5649388870006
12700,26009600,2.5315194129943848,2.3659950613975527,10.654635560982188,0.0002773804620200704,1096.8469023709986
12710,26030080,2.4801626205444336,,,0.00027734207931156125,1097.682493637003
12720,26050560,2.2829580307006836,,,0.00027730366704811717,1098.5475126579986
12730,26071040,2.338487148284912,,,0.0002772652252398436,1099.2954613070033
12740,26091520,2.372931480407715,,,0.0002772267538968539,1100.0970606659976
12750,26112000,2.7115752696990967,,,0.000277188253029269,1100.9723453789993
12760,26132480,2.468785285949707,,,0.0002771497226472178,1101.779101016
12770,26152960,2.379638195037842,,,0.00027711116276083684,1102.5020244690022
12780,26173440,2.60170841217041,,,0.00027707257338027035,1103.464879826999
12790,26193920,2.3218042850494385,,,0.00027703395451567054,1104.1989474029979
12800,26214400,2.1724014282226562,2.366372847557068,10.658661495255046,0.0002769953061771972,1105.3308425579962
12810,26234880,2.4808545112609863,,,0.0002769566283750179,1106.0401456429972
12820,26255360,2.2494430541992188,,,0.00027691792111930806,1106.7609398429995
12830,26275840,2.347691535949707,,,0.0002768791844202508,1107.6152865409967
12840,26296320,2.4157581329345703,,,0.00027684041828803684,1108.3056334770008
12850,26316800,2.67568039894104,,,0.00027680162273286486,1109.0971622069992
12860,26337280,2.488215446472168,,,0.00027676279776494113,1110.074138320997
12870,26357760,2.4860451221466064,,,0.0002767239433944798,1110.9017843659967
12880,26378240,2.3027329444885254,,,0.0002766850596317026,1111.9723288379973
12890,26398720,2.3757314682006836,,,0.00027664614648683906,1112.8164128520002
12900,26419200,2.7703771591186523,2.360343313217163,10.594588090266933,0.0002766072039701265,1114.037999211003
12910,26439680,2.446608066558838,,,0.00027656823209180984,1114.8214542599962
12920,26460160,2.3434348106384277,,,0.00027652923086214187,1115.5561223469995
12930,26480640,2.5307116508483887,,,0.00027649020029138304,1116.5461218409982
12940,26501120,2.1720142364501953,,,0.0002764511403898014,1117.2708171389968
12950,26521600,2.47481632232666,,,0.0002764120511676729,1117.9639010579995
12960,26542080,2.216845989227295,,,0.00027637293263528106,1118.681613157998
12970,26562560,2.471280097961426,,,0.00027633378480291723,1119.524771632001
12980,26583040,2.2809934616088867,,,0.00027629460768088045,1120.2326333050005
12990,26603520,2.3464512825012207,,,0.00027625540127947736,1121.003055340996
13000,26624000,2.377514362335205,2.356329250335693,10.552145987092869,0.0002762161656090224,1122.3105942059992
13010,26644480,2.553036689758301,,,0.00027617690067983767,1123.561839766
13020,26664960,2.618278980255127,,,0.000276137606502253,1124.353378437001
13030,26685440,2.430872917175293,,,0.0002760982830866059,1125.3674157420028
13040,26705920,2.475461006164551,,,0.0002760589304432416,1126.22852058
13050,26726400,2.2607874870300293,,,0.0002760195485825129,1126.9536485099961
13060,26746880,2.3966479301452637,,,0.00027598013751478043,1127.6133433110008
13070,26767360,2.422438144683838,,,0.00027594069725041237,1128.2873330130024
13080,26787840,2.5044825077056885,,,0.0002759012277997848,1129.036144190999
13090,26808320,2.2887015342712402,,,0.00027586172917328124,1129.7616105549969
13100,26828800,2.211613178253174,2.3558566093444826,10.547159788787809,0.000275822201381293,1130.9886412350024
13110,26849280,2.4860470294952393,,,0.00027578264443421907,1131.8120268639977
13120,26869760,2.429446220397949,,,0.00027574305834246606,1132.592103449002
13130,26890240,2.336545944213867,,,0.00027570344311644824,1133.2579236300007
13140,26910720,2.1388211250305176,,,0.0002756637987665876,1134.2120547059967
13150,26931200,2.0966029167175293,,,0.00027562412530331376,1134.9048567950013
13160,26951680,2.670319080352783,,,0.0002755844227370641,1135.924290463001
13170,26972160,2.6471521854400635,,,0.00027554469107828343,1136.6042624460024
13180,26992640,2.105679988861084,,,0.00027550493033742443,1137.3006951619973
13190,27013120,2.673734188079834,,,0.00027546514052494733,1138.0335400889962
13200,27033600,2.608243942260742,2.3516966819763185,10.503375502990977,0.00027542532165132004,1139.4119528640003
13210,27054080,2.542299747467041,,,0.000275385473727018,1140.463937118002
13220,27074560,2.3282365798950195,,,0.00027534559676252457,1141.2907701479999
13230,27095040,2.2067153453826904,,,0.0002753056907683305,1142.1486316899973
13240,27115520,2.452300786972046,,,0.00027526575575493423,1143.0654661209992
13250,27136000,2.5006461143493652,,,0.0002752257917328418,1143.916403575
13260,27156480,2.365043878555298,,,0.00027518579871256706,1144.6137458239973
13270,27176960,2.1756210327148438,,,0.00027514577670463124,1145.383553366999
13280,27197440,2.4098196029663086,,,0.0002751057257195635,1146.1764003919961
13290,27217920,2.35072660446167,,,0.00027506564576790026,1146.957531924003
13300,27238400,2.1717746257781982,2.346764624118805,10.451699785876134,0.0002750255368601859,1148.2375366769993
13310,27258880,2.7225441932678223,,,0.0002749853990069721,1148.9280704670018
13320,27279360,2.3555054664611816,,,0.00027494523221881847,1149.9131551620012
13330,27299840,2.488473892211914,,,0.000274905036506292,1150.7371473739986
13340,27320320,2.8925304412841797,,,0.00027486481187996743,1151.499108336
13350,27340800,2.400719404220581,,,0.00027482455835042694,1152.4106211420003
13360,27361280,2.3018269538879395,,,0.0002747842759282605,1153.5450574069982
13370,27381760,2.2142679691314697,,,0.00027474396462406566,1154.6388840419968
13380,27402240,2.305558204650879,,,0.0002747036244484474,1155.4269684070023
13390,27422720,2.305546283721924,,,0.0002746632554120185,1156.2918867219996
13400,27443200,2.3329391479492188,2.3406935811042784,10.388439289799754,0.00027462285752539913,1157.7573920979994
13410,27463680,2.358532428741455,,,0.00027458243079921726,1158.3783327950005
13420,27484160,2.4076764583587646,,,0.0002745419752441083,1159.213194668002
13430,27504640,2.3601880073547363,,,0.0002745014908707153,1159.8972541179974
13440,27525120,2.7957372665405273,,,0.00027446097768968884,1160.5431573390015
13450,27545600,2.354861259460449,,,0.0002744204357116872,1161.2123779909962
13460,27566080,2.738050937652588,,,0.00027437986494737614,1161.9040324590023
13470,27586560,2.408214807510376,,,0.00027433926540742896,1162.5830271770028
13480,27607040,2.2758071422576904,,,0.0002742986371025266,1163.3563498529984
13490,27627520,2.5708436965942383,,,0.0002742579800433576,1164.1511855209974
13500,27648000,2.8004941940307617,2.3327441811561584,10.30618480112065,0.00027421729424061787,1165.423846425998
13510,27668480,2.3547887802124023,,,0.0002741765797050112,1166.7594308780026
13520,27688960,2.4986886978149414,,,0.00027413583644724865,1167.5264712380012
13530,27709440,2.4090659618377686,,,0.00027409506447804896,1168.311767967003
13540,27729920,2.765389919281006,,,0.0002740542638081385,1169.0705787019979
13550,27750400,2.320669174194336,,,0.00027401343444825095,1170.1964225620031
13560,27770880,2.356827735900879,,,0.0002739725764091279,1170.9293493570003
13570,27791360,2.0869603157043457,,,0.00027393168970151806,1171.6697161979973
13580,27811840,2.2417194843292236,,,0.00027389077433617807,1172.4554902730015
13590,27832320,2.4083473682403564,,,0.00027384983032387183,1173.1184455179973
13600,27852800,2.446594715118408,2.3326589584350588,10.305306517433138,0.0002738088576753709,1174.5042137630007
13610,27873280,2.203774929046631,,,0.0002737678564014543,1175.2692828849977
13620,27893760,2.5350723266601562,,,0.0002737268265129088,1176.2960615060001
13630,27914240,2.3892009258270264,,,0.0002736857680205285,1177.1450599980017
13640,27934720,2.3532066345214844,,,0.00027364468093511485,1177.9662431739998
13650,27955200,2.3867578506469727,,,0.00027360356526747733,1179.0960162699994
13660,27975680,2.4459645748138428,,,0.0002735624210284324,1179.8225730819977
13670,27996160,2.4341564178466797,,,0.00027352124822880447,1180.8370606239987
13680,28016640,2.3944687843322754,,,0.00027348004687942514,1181.835640899997
13690,28037120,2.2469282150268555,,,0.00027343881699113374,1182.635844317003
13700,28057600,2.3110246658325195,2.3275789499282835,10.253088219655627,0.0002733975585747769,1183.854332615003
13710,28078080,2.1387009620666504,,,0.00027335627164120903,1184.6833998700022
13720,28098560,2.3070201873779297,,,0.0002733149562012918,1185.4305671440015
13730,28119040,2.387709617614746,,,0.0002732736122658945,1186.1924572069984
13740,28139520,2.378291606903076,,,0.00027323223984589384,1186.9439710520019
13750,28160000,2.3475544452667236,,,0.00027319083895217415,1187.726990616
13760,28180480,2.283966064453125,,,0.0002731494095956271,1188.4905101990007
13770,28200960,2.183551788330078,,,0.0002731079517871519,1189.296398614002
13780,28221440,2.630950450897217,,,0.00027306646553765533,1190.2709862039992
13790,28241920,2.3850748538970947,,,0.00027302495085805155,1191.0495381880028
13800,28262400,2.1173255443573,2.3262885212898254,10.239865874065883,0.00027298340775926225,1192.5345813929962
13810,28282880,2.4748525619506836,,,0.0002729418362522166,1193.3873916209996
13820,28303360,2.379633665084839,,,0.00027290023634785114,1194.2447163559991
13830,28323840,2.862964391708374,,,0.00027285860805711004,1195.0918113189982
13840,28344320,2.3729588985443115,,,0.0002728169513909449,1195.8551611649964
13850,28364800,2.1130027770996094,,,0.00027277526636031467,1196.5787107869983
13860,28385280,2.902036666870117,,,0.00027273355297618583,1197.3988536679972
13870,28405760,2.4314427375793457,,,0.00027269181124953243,1198.1133737580021
13880,28426240,2.6209053993225098,,,0.00027265004119133576,1198.8282435939982
13890,28446720,2.2386207580566406,,,0.0002726082428125848,1199.6432134339993
13900,28467200,2.3954830169677734,2.317261552810669,10.147846878730455,0.00027256641612427574,1200.9156625859978
13910,28487680,2.342741012573242,,,0.0002725245611374124,1201.5502522629977
13920,28508160,2.378937244415283,,,0.000272482677863006,1202.405498428001
13930,28528640,2.233110189437866,,,0.0002724407663120751,1203.127880740998
13940,28549120,2.5973758697509766,,,0.00027239882649564593,1203.8840398769971
13950,28569600,2.685749053955078,,,0.0002723568584247519,1204.6349144999986
13960,28590080,2.4976067543029785,,,0.0002723148621104339,1205.3683421620008
13970,28610560,2.696910858154297,,,0.0002722728375637405,1206.2642746769998
13980,28631040,2.335885763168335,,,0.00027223078479572736,1207.2387670410026
13990,28651520,2.816781997680664,,,0.00027218870381745774,1207.9955140500024
14000,28672000,2.27140212059021,2.3156923174858095,10.131935006937983,0.00027214659464000235,1209.4924218160013
14010,28692480,2.3793177604675293,,,0.00027210445727443924,1210.7737566249998
14020,28712960,2.2560219764709473,,,0.0002720622917318539,1211.7191191739985
14030,28733440,2.5406527519226074,,,0.0002720200980233392,1212.5177705480019
14040,28753920,2.5166990756988525,,,0.00027197787615999554,1213.497795563002
14050,28774400,2.3790369033813477,,,0.0002719356261529305,1214.3247852330023
14060,28794880,2.1803998947143555,,,0.00027189334801325937,1215.1309447070016
14070,28815360,2.371074676513672,,,0.0002718510417521046,1216.0111268979963
14080,28835840,2.486635684967041,,,0.00027180870738059606,1216.7051795459993
14090,28856320,2.3082334995269775,,,0.00027176634490987117,1217.4493496380019
14100,28876800,2.505894184112549,2.3105445384979246,10.079912060998995,0.00027172395435107454,1218.7821001929988
14110,28897280,2.402616024017334,,,0.0002716815357153583,1219.5335544240006
14120,28917760,2.3276586532592773,,,0.00027163908901388205,1220.2722292359977
14130,28938240,2.513214111328125,,,0.0002715966142578125,1220.9421865769982
14140,28958720,2.353522539138794,,,0.000271554111458324,1221.5875104000006
14150,28979200,2.4644227027893066,,,0.00027151158062659807,1222.524223391003
14160,28999680,2.442634105682373,,,0.00027146902177382383,1223.202879921002
14170,29020160,2.4945671558380127,,,0.00027142643491119767,1223.9401828699993
14180,29040640,2.37898588180542,,,0.00027138382004992324,1224.7521746279963
14190,29061120,2.432281017303467,,,0.00027134117720121174,1225.5336717429964
14200,29081600,2.4348363876342773,2.304144322872162,10.015604461090684,0.00027129850637628157,1226.7900532670028
14210,29102080,2.477505683898926,,,0.0002712558075863586,1227.449946517998
14220,29122560,2.3788914680480957,,,0.000271213080842676,1228.357468559996
14230,29143040,2.716050148010254,,,0.0002711703261564743,1229.1846604599996
14240,29163520,2.1680335998535156,,,0.0002711275435390015,1229.952076720001
14250,29184000,2.719089984893799,,,0.00027108473300151267,1230.7079676099966
14260,29204480,2.404478073120117,,,0.00027104189455527054,1231.4335289500013
14270,29224960,2.4619743824005127,,,0.00027099902821154504,1232.1528818259976
14280,29245440,2.138972520828247,,,0.00027095613398161333,1232.8826025719973
14290,29265920,2.334353446960449,,,0.0002709132118767601,1233.689816633996
14300,29286400,2.248243808746338,2.303952956199646,10.013687991571775,0.0002708702619082773,1234.966458779003
14310,29306880,2.7323758602142334,,,0.00027082728408746407,1235.6416985070027
14320,29327360,2.247516393661499,,,0.0002707842784256272,1236.3634517710016
14330,29347840,2.349236249923706,,,0.0002707412449340805,1237.2800267849962
14340,29368320,2.1096343994140625,,,0.0002706981836241453,1237.9809862870025
14350,29388800,2.7961318492889404,,,0.00027065509450714995,1238.6696982139983
14360,29409280,2.1699600219726562,,,0.00027061197759443057,1239.418921495002
14370,29429760,2.4112062454223633,,,0.00027056883289733026,1240.0947103569997
14380,29450240,2.30385684967041,,,0.0002705256604271995,1240.782152576001
14390,29470720,2.609463691711426,,,0.0002704824601953961,1241.683034804999
14400,29491200,2.387889862060547,2.3069589853286745,10.04383471763077,0.0002704392322132852,1243.096939887997
14410,29511680,2.599421262741089,,,0.00027039597649223916,1244.0225453309977
14420,29532160,2.3430638313293457,,,0.00027035269304363774,1244.7745921800015
14430,29552640,2.172579050064087,,,0.00027030938187886793,1245.5677141299966
14440,29573120,2.4296822547912598,,,0.000270266043009324,1246.3174738550006
14450,29593600,2.2719879150390625,,,0.00027022267644640754,1247.2400779739983
14460,29614080,2.535762310028076,,,0.00027017928220152745,1247.9857964850016
14470,29634560,2.6199631690979004,,,0.00027013586028609986,1248.9137318479989
14480,29655040,2.255398750305176,,,0.00027009241071154815,1249.7145481589978
14490,29675520,2.3802590370178223,,,0.00027004893348930306,1250.6241646740018
14500,29696000,2.434798002243042,2.2971373915672304,9.945671103896121,0.0002700054286308026,1252.0257765189963
14510,29716480,2.187652587890625,,,0.00026996189614749203,1253.3889732109965
14520,29736960,2.198049306869507,,,0.00026991833605082385,1254.249977546002
14530,29757440,2.263232707977295,,,0.0002698747483522578,1255.004998946999
14540,29777920,2.107079029083252,,,0.00026983113306326093,1255.7868633249964
14550,29798400,2.254504680633545,,,0.00026978749019530764,1256.688832025
14560,29818880,2.3844971656799316,,,0.00026974381975987936,1257.4207796159972
14570,29839360,2.3496663570404053,,,0.000269700121768465,1258.2153476259991
14580,29859840,2.614861011505127,,,0.00026965639623256055,1259.032568652001
14590,29880320,2.4493961334228516,,,0.00026961264316366937,1260.0750715120012
14600,29900800,2.3421168327331543,2.296880567073822,9.943117139927544,0.00026956886257330193,1261.357940763999
14610,29921280,2.4515864849090576,,,0.00026952505447297616,1262.1816102209996
14620,29941760,2.4031262397766113,,,0.00026948121887421695,1262.9734052790009
14630,29962240,2.4346694946289062,,,0.00026943735578855663,1263.7586625269978
14640,29982720,2.421989679336548,,,0.00026939346522753465,1264.503616383001
14650,30003200,2.566497802734375,,,0.0002693495472026978,1265.3205023819974
14660,30023680,2.3477983474731445,,,0.00026930560172559997,1266.0740807230031
14670,30044160,2.309380531311035,,,0.00026926162880780235,1266.885008309997
14680,30064640,2.375502109527588,,,0.0002692176284608733,1267.8216188680017
14690,30085120,2.565020799636841,,,0.00026917360069638846,1268.6489555860026
14700,30105600,1.982421875,2.289914834499359,9.874096712973014,0.00026912954552593064,1270.0087581100015
14710,30126080,2.5721077919006348,,,0.00026908546296108984,1270.6959948000003
14720,30146560,2.393631935119629,,,0.0002690413530134633,1271.5781243250021
14730,30167040,2.4316606521606445,,,0.0002689972156946555,1272.4052410399963
14740,30187520,2.35001802444458,,,0.00026895305101627806,1273.2865444690033
14750,30208000,2.2713513374328613,,,0.0002689088589899498,1274.026144532996
14760,30228480,2.413588523864746,,,0.0002688646396272967,1274.794837442998
14770,30248960,2.2871618270874023,,,0.0002688203929399521,1275.5190036439963
14780,30269440,2.2646756172180176,,,0.0002687761189395563,1276.476865222001
14790,30289920,2.09940242767334,,,0.000268731817637757,1277.3369833120014
14800,30310400,2.1774940490722656,2.2871697306632996,9.84702846178664,0.0002686874890462089,1278.7021755539972
14810,30330880,2.1528208255767822,,,0.000268643133176574,1279.510564803997
14820,30351360,2.236732006072998,,,0.00026859875004052133,1280.2695206900025
14830,30371840,2.2557523250579834,,,0.00026855433964972735,1281.0933834989992
14840,30392320,2.4114444255828857,,,0.0002685099020158755,1281.8302214279975
14850,30412800,2.3463752269744873,,,0.00026846543715065634,1282.5878978519977
14860,30433280,2.40901780128479,,,0.00026842094506576773,1283.3486083289972
14870,30453760,2.0485646724700928,,,0.0002683764257729147,1284.1717987040029
14880,30474240,2.1643261909484863,,,0.0002683318792838093,1284.9029003210017
14890,30494720,2.502603054046631,,,0.0002682873056101708,1285.7455128649963
14900,30515200,2.2710556983947754,2.2859946370124815,9.835464077109993,0.00026824270476372576,1287.1838349559985
14910,30535680,2.4569694995880127,,,0.00026819807675620765,1287.8378515139993
14920,30556160,2.3878350257873535,,,0.00026815342159935713,1288.680916532001
14930,30576640,2.4174132347106934,,,0.00026810873930492227,1289.5836231020003
14940,30597120,2.4379563331604004,,,0.0002680640298846579,1290.2345642950022
14950,30617600,2.1032841205596924,,,0.00026801929335032627,1291.0229245099981
14960,30638080,2.5251657962799072,,,0.00026797452971369666,1291.871380812001
14970,30658560,2.127601146697998,,,0.00026792973898654543,1292.912672147002
14980,30679040,2.3871753215789795,,,0.00026788492118065614,1293.6142726440012
14990,30699520,2.4250986576080322,,,0.0002678400763078195,1294.6239572049963
15000,30720000,2.5860657691955566,2.282364773750305,9.799827404642905,0.00026779520437983313,1295.8235958419973
15010,30740480,2.1505298614501953,,,0.00026775030540850207,1297.0996876569989
15020,30760960,2.3495850563049316,,,0.00026770537940563833,1298.1063890229998
15030,30781440,2.2457098960876465,,,0.000267660426383061,1299.0968994939976
15040,30801920,2.315406560897827,,,0.00026761544635259634,1299.8869037569966
15050,30822400,2.2380590438842773,,,0.00026757043932607765,1300.630782250002
15060,30842880,2.2360403537750244,,,0.00026752540531534537,1301.3033670860023
15070,30863360,2.174476146697998,,,0.0002674803443322471,1301.9987673139985
15080,30883840,2.5221872329711914,,,0.0002674352563886374,1302.698297574003
15090,30904320,2.277043342590332,,,0.00026739014149637804,1303.3777531669984
15100,30924800,2.298853874206543,2.278050255775452,9.757636954331378,0.0002673449996673378,1304.6050325510005
15110,30945280,2.174534320831299,,,0.0002672998309133927,1305.2425822590012
15120,30965760,2.394090175628662,,,0.0002672546352464256,1305.977599056001
15130,30986240,2.1847734451293945,,,0.0002672094126783266,1306.644988084001
15140,31006720,2.4164438247680664,,,0.0002671641632209929,1307.3782139510004
15150,31027200,2.174227714538574,,,0.0002671188868863287,1308.066553343997
15160,31047680,2.516645669937134,,,0.0002670735836862452,1308.7140843930028
15170,31068160,2.250546455383301,,,0.0002670282536326608,1309.4681328869992
15180,31088640,2.5925493240356445,,,0.000266982896737501,1310.1841999079988
15190,31109120,2.4189233779907227,,,0.00026693751301269826,1310.8788838109976
15200,31129600,2.230412721633911,2.2788631081581117,9.765571697229278,0.00026689210247019207,1311.9633351610028
15210,31150080,2.604717493057251,,,0.00026684666512192905,1312.8504514899978
15220,31170560,2.292151927947998,,,0.0002668012009798629,1313.8071193400028
15230,31191040,2.3451786041259766,,,0.0002667557100559542,1314.518273668
15240,31211520,2.0998992919921875,,,0.0002667101923621708,1315.398794861001
15250,31232000,2.6284608840942383,,,0.0002666646479104875,1316.1760304459967
15260,31252480,2.5077638626098633,,,0.000266619076712886,1316.9896694609997
15270,31272960,2.336914300918579,,,0.00026657347878135526,1317.8430128140026
15280,31293440,2.6211233139038086,,,0.00026652785412789115,1318.6983008440002
15290,31313920,2.3182597160339355,,,0.00026648220276449667,1319.452634096997
15300,31334400,2.4938745498657227,2.273396110534668,9.712329011397408,0.00026643652470318167,1321.343477798
15310,31354880,2.2380359172821045,,,0.00026639081995596313,1321.9710591900002
15320,31375360,2.37788724899292,,,0.0002663450885348651,1322.6680705149993
15330,31395840,2.367138624191284,,,0.0002662993304519186,1323.3139479370002
15340,31416320,2.3258209228515625,,,0.00026625354571916163,1324.101670641001
15350,31436800,2.512946844100952,,,0.0002662077343486392,1324.9122160650004
15360,31457280,2.5546250343322754,,,0.0002661618963524035,1325.5766881599993
15370,31477760,2.360671043395996,,,0.00026611603174251335,1326.3721203919995
15380,31498240,2.3441081047058105,,,0.000266070140531035,1327.1230229659996
15390,31518720,2.252460479736328,,,0.0002660242227300414,1327.9267601839965
15400,31539200,2.1511974334716797,2.270161581039429,9.680964948081224,0.0002659782783516126,1329.1724437879966
15410,31559680,2.1670470237731934,,,0.00026593230740783565,1330.0748125820028
15420,31580160,2.4242517948150635,,,0.00026588630991080466,1330.8857302010001
15430,31600640,2.192906141281128,,,0.0002658402858726206,1331.7721327359977
15440,31621120,2.3316879272460938,,,0.0002657942353053914,1332.6663135799972
15450,31641600,2.0714271068573,,,0.0002657481582212321,1333.5198242490005
15460,31662080,2.2683424949645996,,,0.00026570205463226457,1334.3935944319965
15470,31682560,2.2560875415802,,,0.0002656559245506178,1335.2883702640029
15480,31703040,2.1068925857543945,,,0.0002656097679884277,1336.21271806
15490,31723520,2.2347865104675293,,,0.0002655635849578371,1336.9882743470007
15500,31744000,2.192573070526123,2.2664583563804626,9.645180459857817,0.00026551737547099593,1338.2505124529998
15510,31764480,2.129767417907715,,,0.0002654711395400608,1339.4347098349972
15520,31784960,2.2578437328338623,,,0.0002654248771771955,1340.1631533699983
15530,31805440,2.297780990600586,,,0.00026537858839457084,1340.9239308679971
15540,31825920,2.355773448944092,,,0.00026533227320436426,1341.8571638270005
15550,31846400,2.0828664302825928,,,0.0002652859316187605,1342.5580214049987
15560,31866880,2.4363136291503906,,,0.0002652395636499511,1343.2701724860017
15570,31887360,2.468881130218506,,,0.00026519316931013454,1344.0579620159988
15580,31907840,2.244859457015991,,,0.00026514674861151616,1344.796394072997
15590,31928320,2.3763160705566406,,,0.0002651003015663083,1345.6734808960027
15600,31948800,2.27881121635437,2.2673357486724854,9.653646780447552,0.00026505382818673036,1346.9129522259973
15610,31969280,2.3475117683410645,,,0.00026500732848500845,1347.730707593997
15620,31989760,2.0077855587005615,,,0.00026496080247337574,1348.5129201669988
15630,32010240,2.2432334423065186,,,0.00026491425016407223,1349.1803800280031
15640,32030720,2.424880027770996,,,0.000264867671569345,1349.8783046050012
15650,32051200,2.6056225299835205,,,0.00026482106670144785,1350.7185903360005
15660,32071680,2.025376319885254,,,0.0002647744355726416,1351.5314801019995
15670,32092160,2.182882785797119,,,0.000264727778195194,1352.3324386649983
15680,32112640,2.6046130657196045,,,0.0002646810945813796,1353.058792887001
15690,32133120,2.218353748321533,,,0.00026463438474347994,1353.786900348001
15700,32153600,2.505734443664551,2.259398865699768,9.577330174301428,0.00026458764869378347,1355.0938768600026
15710,32174080,2.317404270172119,,,0.0002645408864445855,1355.8343481240008
15720,32194560,2.364706039428711,,,0.0002644940980081882,1356.6921458970028
15730,32215040,2.378542184829712,,,0.00026444728339690063,1357.4840158610023
15740,32235520,2.36555552482605,,,0.00026440044262303884,1358.2150592710022
15750,32256000,2.394369125366211,,,0.0002643535756989257,1358.8524326920015
15760,32276480,2.331298589706421,,,0.0002643066826368909,1359.5837288269977
15770,32296960,2.2060952186584473,,,0.00026425976344927107,1360.2464791859966
15780,32317440,2.471668243408203,,,0.0002642128181484097,1360.8715069300015
15790,32337920,2.578070878982544,,,0.0002641658467466572,1361.6213875480025
15800,32358400,2.2259507179260254,2.257196867465973,9.55626411240078,0.0002641188492563707,1362.786982550002
15810,32378880,2.3311586380004883,,,0.00026407182568991444,1363.4671085360023
15820,32399360,2.5259323120117188,,,0.00026402477605965926,1364.1469474749974
15830,32419840,2.577688455581665,,,0.00026397770037798297,1364.785934544001
15840,32440320,2.1046812534332275,,,0.00026393059865727024,1365.523650397001
15850,32460800,2.6149344444274902,,,0.00026388347090991265,1366.2342458450003
15860,32481280,2.7118067741394043,,,0.00026383631714830847,1367.0661102770027
15870,32501760,2.344251871109009,,,0.00026378913738486293,1367.9193602919986
15880,32522240,2.187511682510376,,,0.0002637419316319881,1368.606243055001
15890,32542720,2.0503740310668945,,,0.0002636946999021028,1369.382884792998
15900,32563200,2.4005980491638184,2.2578907132148744,9.562896986460185,0.0002636474422076329,1370.4246723589968
15910,32583680,2.2550580501556396,,,0.0002636001585610108,1371.0876208699992
15920,32604160,2.2320961952209473,,,0.0002635528489746759,1371.8488498689985
15930,32624640,2.194383144378662,,,0.0002635055134610744,1372.4968817789995
15940,32645120,2.3467624187469482,,,0.00026345815203265935,1373.149905197999
15950,32665600,2.4820549488067627,,,0.0002634107647018905,1373.842200443003
15960,32686080,1.9422000646591187,,,0.00026336335148123465,1374.541590394001
15970,32706560,2.1974308490753174,,,0.00026331591238316514,1375.2334959630025
15980,32727040,2.2988970279693604,,,0.0002632684474201623,1375.9756418909965
15990,32747520,2.2972588539123535,,,0.0002632209566047132,1376.6920931119967
16000,32768000,2.3407719135284424,2.2508734703063964,9.496026712276354,0.0002631734399493116,1377.9252487830017
16010,32788480,2.561217784881592,,,0.00026312589746645837,1379.3137741929968
16020,32808960,2.1487598419189453,,,0.00026307832916866084,1380.0519143939964
16030,32829440,2.370743989944458,,,0.0002630307350684333,1381.0331166909964
16040,32849920,2.220862865447998,,,0.00026298311517829686,1381.7682917920029
16050,32870400,2.2343554496765137,,,0.0002629354695107792,1382.702731739002
16060,32890880,2.363001585006714,,,0.00026288779807841515,1383.5269847009986
16070,32911360,2.3442564010620117,,,0.0002628401008937459,1384.2384382759992
16080,32931840,2.2721381187438965,,,0.0002627923779693197,1385.2003742219968
16090,32952320,2.2661538124084473,,,0.0002627446293176916,1385.9606279479995
16100,32972800,2.4944653511047363,2.249710750579834,9.484991911127695,0.00026269685495142306,1387.2420198920008
16110,32993280,2.381500005722046,,,0.0002626490548830828,1387.8616282939984
16120,33013760,2.1363277435302734,,,0.0002626012291252459,1388.6036039589962
16130,33034240,2.2412729263305664,,,0.0002625533776904944,1389.4426890890027
16140,33054720,2.352491855621338,,,0.000262505500591417,1390.1998837959982
16150,33075200,2.209406852722168,,,0.0002624575978406093,1391.0025070240008
16160,33095680,2.2592341899871826,,,0.00026240966945067346,1391.751480551
16170,33116160,2.1408042907714844,,,0.00026236171543421856,1392.442309289996
16180,33136640,2.167755126953125,,,0.00026231373580386024,1393.1754353270007
16190,33157120,2.010077953338623,,,0.000262265730572221,1394.0440131989963
16200,33177600,2.2090237140655518,2.244298052787781,9.433791208321663,0.00026221769975193004,1395.2945526330004
16210,33198080,1.9849286079406738,,,0.00026216964335562336,1395.954194662998
16220,33218560,2.173151969909668,,,0.0002621215613959436,1396.7358094149968
16230,33239040,2.2133255004882812,,,0.0002620734538855401,1397.6466006959963
16240,33259520,2.4642746448516846,,,0.00026202532083706903,1398.392395723
16250,33280000,2.2900562286376953,,,0.0002619771622631932,1399.152892320999
16260,33300480,2.0877256393432617,,,0.0002619289781765822,1399.8321530219982
16270,33320960,2.194537401199341,,,0.00026188076858991223,1400.5011702850024
16280,33341440,2.4192471504211426,,,0.0002618325335158663,1401.2002225280012
16290,33361920,2.5393548011779785,,,0.00026178427296713407,1401.8692435260018
16300,33382400,2.2890491485595703,2.2417718172073364,9.409989306576628,0.0002617359869564119,1403.1422364309983
16310,33402880,2.201911449432373,,,0.00026168767549640293,1403.9815792410009
16320,33423360,2.677912712097168,,,0.0002616393385998169,1404.8850067530002
16330,33443840,2.351569890975952,,,0.00026159097627937025,1405.644019655003
16340,33464320,2.048577308654785,,,0.0002615425885477861,1406.4135585569966
16350,33484800,2.308039426803589,,,0.00026149417541779436,1407.3280532459976
16360,33505280,2.28713321685791,,,0.0002614457369021315,1408.072072830997
16370,33525760,2.2294669151306152,,,0.0002613972730135408,1408.8143819519973
16380,33546240,2.2045063972473145,,,0.00026134878376477195,1409.4706845089968
16390,33566720,2.0174691677093506,,,0.0002613002691685817,1410.137633995997
16400,33587200,2.2006077766418457,2.236261558532715,9.358280426859592,0.00026125172923773313,1411.4251835339965
16410,33607680,2.5539445877075195,,,0.00026120316398499615,1412.146071326999
16420,33628160,2.100663423538208,,,0.0002611545734231473,1412.9881171079978
16430,33648640,2.370912551879883,,,0.00026110595756496984,1413.6664778729973
16440,33669120,2.0438735485076904,,,0.00026105731642325346,1414.3222397639984
16450,33689600,2.176511287689209,,,0.0002610086500107949,1415.0498156169997
16460,33710080,2.0897741317749023,,,0.00026095995834039706,1415.7851504069986
16470,33730560,2.3301045894622803,,,0.0002609112414248699,1416.4897964859992
16480,33751040,2.1536197662353516,,,0.00026086249927702976,1417.2011323879997
16490,33771520,2.279318332672119,,,0.0002608137319096998,1417.8919404589979
16500,33792000,2.2949752807617188,2.2359931111335754,9.355768557986,0.0002607649393357098,1419.146220212002
16510,33812480,2.279935359954834,,,0.00026071612156789586,1420.395636592999
16520,33832960,2.084616184234619,,,0.0002606672786191011,1421.1133546429992
16530,33853440,2.28275990486145,,,0.0002606184105021752,1422.039941739
16540,33873920,2.4023022651672363,,,0.0002605695172299742,1422.8045665030004
16550,33894400,2.397110939025879,,,0.0002605205988153611,1423.6277430690025
16560,33914880,2.30088210105896,,,0.00026047165527120516,1424.3962620070015
16570,33935360,2.23178768157959,,,0.00026042268661038254,1425.1241117429963
16580,33955840,2.09926700592041,,,0.00026037369284577597,1426.1498914280019
16590,33976320,2.668186664581299,,,0.00026032467399027465,1427.046326661999
16600,33996800,2.2000985145568848,2.2326215863227845,9.324278466810036,0.0002602756300567744,1428.3590114940016
16610,34017280,2.1751885414123535,,,0.00026022656105817785,1429.114464929
16620,34037760,2.4678544998168945,,,0.0002601774670073939,1429.848364452002
16630,34058240,2.245157480239868,,,0.00026012834791733826,1430.6467775010024
16640,34078720,2.3710696697235107,,,0.0002600792038009332,1431.2943200340014
16650,34099200,2.586026430130005,,,0.0002600300346711075,1432.0096885599996
16660,34119680,1.9320582151412964,,,0.0002599808405407967,1432.9224243040007
16670,34140160,2.4351532459259033,,,0.00025993162142294254,1433.724920558001
16680,34160640,2.0478434562683105,,,0.0002598823773304938,1434.4412533569994
16690,34181120,2.4269847869873047,,,0.0002598331082764055,1435.1272357490016
16700,34201600,2.368788719177246,2.2270115971565247,9.272115818379405,0.0002597838142736393,1436.3255084249977
16710,34222080,2.253039836883545,,,0.00025973449533516353,1436.981704396996
16720,34242560,2.516110897064209,,,0.00025968515147395307,1437.687923176003
16730,34263040,2.4406304359436035,,,0.00025963578270298915,1438.4011694459987
16740,34283520,2.217491626739502,,,0.0002595863890352598,1439.4854629999973
16750,34304000,2.325267791748047,,,0.00025953697048375937,1440.2635259719973
16760,34324480,2.5841293334960938,,,0.0002594875270614891,1440.970081173
16770,34344960,2.425037145614624,,,0.00025943805878145634,1441.7389788619985
16780,34365440,2.4373555183410645,,,0.0002593885656566753,1442.6295289400005
16790,34385920,2.31327486038208,,,0.00025933904770016666,1443.5948006870021
16800,34406400,2.2167885303497314,2.2233572602272034,9.238294218530323,0.0002592895049249575,1445.290653654003
16810,34426880,1.9680646657943726,,,0.00025923993734408156,1446.1070228690005
16820,34447360,2.36006236076355,,,0.00025919034497057914,1446.7515338520025
16830,34467840,2.530595541000366,,,0.0002591407278174969,1447.3883394389995
16840,34488320,2.211282730102539,,,0.0002590910858978881,1448.0422974649991
16850,34508800,2.22873592376709,,,0.00025904141922481264,1448.6731794279985
16860,34529280,2.0432372093200684,,,0.0002589917278113367,1449.507877803997
16870,34549760,2.42165470123291,,,0.0002589420116705332,1450.3812591809983
16880,34570240,2.212881088256836,,,0.0002588922708154814,1451.0865031619978
16890,34590720,2.1609673500061035,,,0.0002588425052592671,1451.7108288539966
16900,34611200,2.500643253326416,2.2276103496551514,9.27766918327286,0.0002587927150149826,1452.7734179710023
16910,34631680,2.332221746444702,,,0.00025874290009572675,1453.4580095400015
16920,34652160,1.9724129438400269,,,0.0002586930605146048,1454.1548482880025
16930,34672640,2.0846810340881348,,,0.0002586431962847286,1454.859418938002
16940,34693120,2.1511037349700928,,,0.00025859330741921644,1455.5073502680025
16950,34713600,2.6173505783081055,,,0.00025854339393119297,1456.2522890850014
16960,34734080,2.4916534423828125,,,0.00025849345583378954,1456.9515383489997
16970,34754560,2.2388997077941895,,,0.00025844349314014376,1457.6318653749986
16980,34775040,2.3509984016418457,,,0.0002583935058633999,1458.3490812599994
16990,34795520,2.23929762840271,,,0.00025834349401670847,1459.0651130080005
17000,34816000,2.649165630340576,2.2233238577842713,9.237985642088532,0.0002582934576132267,1460.4364721419988
17010,34836480,2.1835994720458984,,,0.0002582433966661181,1461.681236477998
17020,34856960,2.199863910675049,,,0.0002581933111885527,1462.3731788820005
17030,34877440,2.324563980102539,,,0.00025814320119370705,1463.0187209560027
17040,34897920,2.3572592735290527,,,0.00025809306669476395,1463.840837691001
17050,34918400,2.129114866256714,,,0.0002580429077049129,1464.6422878119993
17060,34938880,2.319039821624756,,,0.0002579927242373497,1465.3359215859964
17070,34959360,2.3690147399902344,,,0.00025794251630527646,1466.0303737089998
17080,34979840,2.2015860080718994,,,0.00025789228392190207,1466.7129823970026
17090,35000320,2.2303104400634766,,,0.0002578420271004415,1467.3886142970005
17100,35020800,2.3124871253967285,2.2211776971817017,9.21818070115017,0.0002577917458541165,1468.7261868429996
17110,35041280,2.0987722873687744,,,0.0002577414401961548,1469.495417502003
17120,35061760,2.217916488647461,,,0.00025769111013979095,1470.1927014999965
17130,35082240,2.4332494735717773,,,0.00025764075569826585,1470.8395002510006
17140,35102720,2.199608564376831,,,0.0002575903768848266,1471.621309793998
17150,35123200,2.2926459312438965,,,0.0002575399737127268,1472.4529240269985
17160,35143680,2.2613139152526855,,,0.00025748954619522676,1473.1984175179969
17170,35164160,2.4457805156707764,,,0.0002574390943455927,1474.0199889799987
17180,35184640,2.2174105644226074,,,0.00025738861817709756,1474.6747369410004
17190,35205120,2.316845655441284,,,0.00025733811770302064,1475.4369195519976
17200,35225600,2.1804239749908447,2.2175689160823824,9.184974258295542,0.0002572875929366475,1476.6194756969999
17210,35246080,2.163792610168457,,,0.00025723704389127034,1477.2682834549996
17220,35266560,2.082859516143799,,,0.00025718647058018746,1478.0139965350027
17230,35287040,2.6578493118286133,,,0.0002571358730167037,1478.867846522
17240,35307520,2.462282419204712,,,0.0002570852512141304,1479.657336188
17250,35328000,2.3112778663635254,,,0.00025703460518578495,1480.366439436002
17260,35348480,2.4026262760162354,,,0.00025698393494499134,1481.1927591810017
17270,35368960,2.2245945930480957,,,0.0002569332405050799,1481.8575646829995
17280,35389440,2.3389668464660645,,,0.00025688252187938736,1482.5388022190018
17290,35409920,2.3934478759765625,,,0.00025683177908125676,1483.4055757800015
17300,35430400,2.075684070587158,2.2125329673290253,9.138835472420057,0.00025678101212403743,1484.7121630379988
17310,35450880,2.415581464767456,,,0.00025673022102108527,1485.4121399299984
17320,35471360,2.185281753540039,,,0.00025667940578576225,1486.3328928429983
17330,35491840,2.238877058029175,,,0.0002566285664314369,1487.0353445509973
17340,35512320,2.0951366424560547,,,0.00025657770297148405,1487.7223211210003
17350,35532800,2.4136929512023926,,,0.0002565268154192848,1488.4942346539974
17360,35553280,2.2229771614074707,,,0.00025647590378822664,1489.2051188650003
17370,35573760,2.459998607635498,,,0.0002564249680917035,1489.9138642730031
17380,35594240,1.9008958339691162,,,0.00025637400834311534,1490.6668954049965
17390,35614720,2.511826515197754,,,0.0002563230245558688,1491.6140271740005
17400,35635200,2.2219552993774414,2.2109108090400698,9.124022852162595,0.00025627201674337664,1492.8831312149996
17410,35655680,2.2400734424591064,,,0.00025622098491905797,1493.6445181169984
17420,35676160,2.1948482990264893,,,0.00025616992909633827,1494.4195357459976
17430,35696640,2.149968147277832,,,0.00025611884928864923,1495.2229594199962
17440,35717120,2.2622461318969727,,,0.000256067745509429,1496.0631425190004
17450,35737600,2.4215774536132812,,,0.00025601661777212195,1496.781446095003
17460,35758080,2.503389358520508,,,0.0002559654660901787,1497.555861146
17470,35778560,2.229358673095703,,,0.00025591429047705624,1498.3295589319969
17480,35799040,2.266079902648926,,,0.0002558630909462178,1499.0318703059966
17490,35819520,2.2856621742248535,,,0.000255811867511133,1499.8103254849993
17500,35840000,2.122767925262451,2.2119164764881134,9.133203200355165,0.00025576062018527776,1500.8731920659993
17510,35860480,1.9267927408218384,,,0.00025570934898213406,1502.4937412790023
17520,35880960,2.2702131271362305,,,0.0002556580539151904,1503.1903121700016
17530,35901440,2.047074317932129,,,0.00025560673499794154,1503.8288625220011
17540,35921920,2.0486092567443848,,,0.0002555553922438884,1504.5005280359983
17550,35942400,2.190439224243164,,,0.00025550402566653816,1505.222775725997
17560,35962880,2.2937912940979004,,,0.0002554526352794044,1506.0007487710027
17570,35983360,1.9301222562789917,,,0.0002554012210960069,1507.1127883730005
17580,36003840,2.415992498397827,,,0.00025534978312987164,1507.814863847998
17590,36024320,2.34902286529541,,,0.000255298321394531,1508.5346056609997
17600,36044800,2.1314337253570557,2.2114084661006927,9.12856461658309,0.0002552468359035234,1509.5540252490027
17610,36065280,2.134554624557495,,,0.00025519532667039375,1510.4602538850013
17620,36085760,2.1509909629821777,,,0.00025514379370869306,1511.2688926190021
17630,36106240,1.990404486656189,,,0.0002550922370319786,1512.0216524279967
17640,36126720,2.292205572128296,,,0.0002550406566538138,1512.6768396400003
17650,36147200,2.191314458847046,,,0.00025498905258776857,1513.3355660509988
17660,36167680,2.3673439025878906,,,0.0002549374248474188,1514.0492363529993
17670,36188160,2.0910515785217285,,,0.0002548857734463468,1514.7818566770002
17680,36208640,2.054655075073242,,,0.0002548340983981409,1515.4993524110032
17690,36229120,2.1610782146453857,,,0.0002547823997163958,1516.2100667030027
17700,36249600,2.6412479877471924,2.2065552890300753,9.084369406433822,0.00025473067741471243,1517.5332423470027
17710,36270080,2.3474631309509277,,,0.00025467893150669783,1518.1895996649982
17720,36290560,2.647181749343872,,,0.00025462716200596534,1518.9330056300023
17730,36311040,2.3194408416748047,,,0.0002545753689261345,1519.6017495049964
17740,36331520,2.5715160369873047,,,0.00025452355228083087,1520.2509358269963
17750,36352000,2.278137683868408,,,0.0002544717120836866,1521.0607767050024
17760,36372480,1.963705062866211,,,0.0002544198483483396,1521.7164125609997
17770,36392960,2.322153329849243,,,0.00025436796108843423,1522.593380694001
17780,36413440,2.415691375732422,,,0.00025431605031762104,1523.2748886889967
17790,36433920,2.24283504486084,,,0.00025426411604955666,1523.983596371996
17800,36454400,2.2880380153656006,2.198941934108734,9.01546949046771,0.00025421215829790394,1525.2738116550026
17810,36474880,2.3723978996276855,,,0.0002541601770763319,1526.0241017549997
17820,36495360,2.3804166316986084,,,0.0002541081723985159,1526.8199382340026
17830,36515840,2.5558300018310547,,,0.0002540561442781371,1527.8572660439968
17840,36536320,2.4155218601226807,,,0.00025400409272888317,1528.5563381850006
17850,36556800,2.4238083362579346,,,0.0002539520177644478,1529.310808588998
17860,36577280,2.345949172973633,,,0.00025389991939853086,1530.139075940002
17870,36597760,1.8657910823822021,,,0.00025384779764483844,1530.893658218003
17880,36618240,2.120713710784912,,,0.0002537956525170826,1531.7431802110004
17890,36638720,2.3511223793029785,,,0.0002537434840289818,1532.4589476699985
17900,36659200,2.3550491333007812,2.2011868953704834,9.035731605552181,0.0002536912921942604,1533.5164731210025
17910,36679680,2.182882308959961,,,0.00025363907702664906,1534.3031220609992
17920,36700160,2.0900800228118896,,,0.0002535868385398846,1535.023563196999
17930,36720640,2.29431414604187,,,0.0002535345767477099,1535.7305056019977
17940,36741120,2.544570207595825,,,0.0002534822916638739,1536.4658228679982
17950,36761600,2.1612348556518555,,,0.0002534299833021318,1537.1654920029978
17960,36782080,2.0854647159576416,,,0.00025337765167624486,1537.8891039020018
17970,36802560,2.2622921466827393,,,0.0002533252967999805,1538.6158343450006
17980,36823040,2.3051064014434814,,,0.00025327291868711225,1539.4126117289998
17990,36843520,2.3269317150115967,,,0.00025322051735141964,1540.3975576550001
18000,36864000,2.3636722564697266,2.1974790930747985,9.00229093317412,0.0002531680928066885,1541.7737235509994
18010,36884480,2.3739736080169678,,,0.0002531156450667107,1543.2316441630028
18020,36904960,2.1768393516540527,,,0.00025306317414528406,1544.0707554330002
18030,36925440,2.026811361312866,,,0.0002530106800562127,1544.985504518998
18040,36945920,2.3765695095062256,,,0.00025295816281330674,1545.6580172789982
18050,36966400,2.304180383682251,,,0.0002529056224303824,1546.4150967609967
18060,36986880,2.1577186584472656,,,0.000252853058921262,1547.3358841160007
18070,37007360,2.431528091430664,,,0.00025280047229977396,1548.106560428998
18080,37027840,2.1895084381103516,,,0.00025274786257975274,1548.80131558
18090,37048320,2.277536392211914,,,0.0002526952297750389,1549.496604893
18100,37068800,2.1029672622680664,2.193183481693268,8.96370352736695,0.000252642573899479,1550.7381510869964
18110,37089280,2.6742687225341797,,,0.0002525898949669259,1551.4714420340024
18120,37109760,2.5353217124938965,,,0.00025253719299123817,1552.2036996269962
18130,37130240,2.1672778129577637,,,0.0002524844679862808,1552.9501774410019
18140,37150720,1.9798142910003662,,,0.00025243171996592456,1553.6943458550013
18150,37171200,2.5703675746917725,,,0.0002523789489440465,1554.438401471998
18160,37191680,2.328688383102417,,,0.00025232615493452954,1555.3585835959966
18170,37212160,2.330648899078369,,,0.0002522733379512627,1556.500620204999
18180,37232640,2.161295175552368,,,0.0002522204980081411,1557.311423938998
18190,37253120,2.46360445022583,,,0.0002521676351190659,1558.101620401998
18200,37273600,2.3037190437316895,2.1901397943496703,8.936462294317376,0.00025211474929794417,1559.4026004120024
18210,37294080,2.170929193496704,,,0.0002520618405586892,1560.0814151629966
18220,37314560,2.0208914279937744,,,0.0002520089089152201,1561.0227228130025
18230,37335040,2.1642255783081055,,,0.0002519559543814622,1561.6800134399964
18240,37355520,2.3027520179748535,,,0.00025190297697134673,1562.442475951997
18250,37376000,2.36527943611145,,,0.0002518499766988111,1563.226224320002
18260,37396480,2.280209541320801,,,0.00025179695357779836,1564.157099379001
18270,37416960,2.4400575160980225,,,0.0002517439076222581,1565.074007342002
18280,37437440,2.049363613128662,,,0.00025169083884614543,1565.850709530001
18290,37457920,2.1903607845306396,,,0.0002516377472634218,1566.6812380190022
18300,37478400,2.285369396209717,2.192046105861664,8.953514223245811,0.0002515846328880545,1567.8719698350033
18310,37498880,2.1345911026000977,,,0.0002515314957340168,1568.7577479149986
18320,37519360,2.4760420322418213,,,0.00025147833581528814,1569.4785012220018
18330,37539840,2.3893508911132812,,,0.00025142515314585364,1570.1314418620022
18340,37560320,2.2991364002227783,,,0.00025137194773970477,1570.7985756799972
18350,37580800,2.1545469760894775,,,0.0002513187196108387,1571.4868527259969
18360,37601280,2.25119686126709,,,0.00025126546877325863,1572.4243282789976
18370,37621760,2.2135915756225586,,,0.0002512121952409739,1573.0861430000004
18380,37642240,2.274015426635742,,,0.0002511588990279996,1573.8117573240015
18390,37662720,2.528646469116211,,,0.000251105580148357,1574.5154230560001
18400,37683200,2.1865293979644775,2.193375527858734,8.965425137566786,0.00025105223861607306,1575.6299387399995
18410,37703680,2.1456363201141357,,,0.00025099887444518103,1576.282600329003
18420,37724160,2.1906001567840576,,,0.0002509454876497199,1576.9319018259994
18430,37744640,2.4372642040252686,,,0.0002508920782437345,1577.5980444390007
18440,37765120,2.3527631759643555,,,0.00025083864624127607,1578.263303808999
18450,37785600,2.369051933288574,,,0.00025078519165640126,1578.9226518529977
18460,37806080,2.0148911476135254,,,0.0002507317145031729,1579.5860768939965
18470,37826560,1.8717255592346191,,,0.0002506782147956599,1580.3379936889978
18480,37847040,2.157125949859619,,,0.0002506246925479368,1581.2086045600008
18490,37867520,2.185635566711426,,,0.0002505711477740843,1581.850871142
18500,37888000,2.113779306411743,2.181511628627777,8.859688700604513,0.00025051758048818894,1583.0340461360029
18510,37908480,2.224916696548462,,,0.00025046399070434314,1584.2180539839974
18520,37928960,2.1541261672973633,,,0.00025041037843664537,1584.9003181270018
18530,37949440,2.3082807064056396,,,0.0002503567436991999,1585.637232717003
18540,37969920,2.342999219894409,,,0.000250303086506117,1586.3501983660026
18550,37990400,2.2620134353637695,,,0.0002502494068715127,1587.034305510002
18560,38010880,1.8071949481964111,,,0.000250195704809509,1587.8025132109979
18570,38031360,2.4107909202575684,,,0.000250141980334234,1588.592044801997
18580,38051840,2.31248140335083,,,0.00025008823345982144,1589.2793872409966
18590,38072320,1.975752353668213,,,0.00025003446420041096,1589.9780569130016
18600,38092800,2.390751838684082,2.1826382279396057,8.86967564438332,0.0002499806725701483,1591.041034859998
18610,38113280,2.2243404388427734,,,0.0002499268585831849,1591.9108828239987
18620,38133760,2.2082791328430176,,,0.000249873022253678,1592.6362264490017
18630,38154240,2.1784281730651855,,,0.00024981916359579113,1593.4287226180022
18640,38174720,1.9615271091461182,,,0.00024976528262369316,1594.1395983690018
18650,38195200,2.59480619430542,,,0.00024971137935155923,1594.9027011169965
18660,38215680,2.0961692333221436,,,0.0002496574537935702,1595.6201444819962
18670,38236160,2.1880228519439697,,,0.0002496035059639127,1596.3855966999981
18680,38256640,2.4864683151245117,,,0.00024954953587677937,1597.1075800170001
18690,38277120,2.246293067932129,,,0.0002494955435463687,1597.7526405539975
18700,38297600,2.3421177864074707,2.1802553236484528,8.848565218280816,0.0002494415289868849,1599.0255086329998
18710,38318080,2.032609224319458,,,0.00024938749221253815,1599.8767138589974
18720,38338560,2.4884204864501953,,,0.00024933343323754444,1600.7781252939967
18730,38359040,2.145120143890381,,,0.0002492793520761256,1601.5391695419967
18740,38379520,2.2553255558013916,,,0.00024922524874250934,1602.1821131059987
18750,38400000,1.9942927360534668,,,0.000249171123250929,1602.9841583919988
18760,38420480,2.3322067260742188,,,0.00024911697561562406,1603.7763992559994
18770,38440960,2.0899131298065186,,,0.0002490628058508396,1604.5665566640018
18780,38461440,2.244633674621582,,,0.0002490086139708266,1605.2645573280024
18790,38481920,2.2731049060821533,,,0.0002489543999898419,1606.1777033300023
18800,38502400,2.099174737930298,2.183047044277191,8.873302453994825,0.000248900163922148,1607.186223277
18810,38522880,2.0230965614318848,,,0.0002488459057820134,1607.9621530700024
18820,38543360,2.209040641784668,,,0.0002487916255837124,1608.6623032040006
18830,38563840,2.3282477855682373,,,0.00024873732334152474,1609.4641378040033
18840,38584320,2.104116439819336,,,0.00024868299906973657,1610.2098307179986
18850,38604800,2.1434707641601562,,,0.00024862865278263934,1611.0003865909966
18860,38625280,2.076261520385742,,,0.00024857428449453047,1611.758336027
18870,38645760,2.222126007080078,,,0.0002485198942197132,1612.485369365997
18880,38666240,2.2791597843170166,,,0.0002484654819724965,1613.2083132949992
18890,38686720,2.2799205780029297,,,0.00024841104776719507,1614.2949649360016
18900,38707200,1.9917715787887573,2.172892427444458,8.783653413714985,0.0002483565916181296,1615.7168385850018
18910,38727680,2.1992909908294678,,,0.00024830211353962626,1616.4682559810026
18920,38748160,2.244622230529785,,,0.0002482476135460172,1617.2138479589994
18930,38768640,2.4396255016326904,,,0.00024819309165164034,1617.9322224909993
18940,38789120,2.3974032402038574,,,0.0002481385478708391,1618.5849384769972
18950,38809600,2.0442981719970703,,,0.000248083982217963,1619.3519243139963
18960,38830080,2.321474552154541,,,0.00024802939470736714,1620.1724889269972
18970,38850560,2.0781941413879395,,,0.0002479747853534124,1620.9267837290026
18980,38871040,2.2120532989501953,,,0.0002479201541704653,1621.6038896419996
18990,38891520,2.1130433082580566,,,0.00024786550117289827,1622.4340246979991
19000,38912000,2.4429922103881836,2.1763163685798643,8.813779671792725,0.00024781082637508945,1623.4449100389975
19010,38932480,2.5492007732391357,,,0.00024775612979142264,1624.7268760020015
19020,38952960,2.0999860763549805,,,0.00024770141143628746,1625.5900759020005
19030,38973440,2.426778554916382,,,0.0002476466713240791,1626.3118251240012
19040,38993920,2.2734949588775635,,,0.00024759190946919865,1627.0001098689972
19050,39014400,2.185244083404541,,,0.0002475371258860528,1627.7749689940028
19060,39034880,2.3706023693084717,,,0.0002474823205890541,1628.5101876400004
19070,39055360,2.1327199935913086,,,0.0002474274935926206,1629.2688081910019
19080,39075840,2.5392003059387207,,,0.0002473726449111763,1629.9404873340027
19090,39096320,2.0692942142486572,,,0.0002473177745591507,1630.6853555540001
19100,39116800,2.324252128601074,2.1674400329589845,8.735891796193528,0.00024726288255097907,1631.9445468310005
19110,39137280,2.271178722381592,,,0.00024720796890110246,1632.6344471409975
19120,39157760,2.1609833240509033,,,0.00024715303362396744,1633.5583376819995
19130,39178240,2.2666139602661133,,,0.0002470980767340265,1634.2057280899971
19140,39198720,2.2081968784332275,,,0.0002470430982457376,1634.9056983699993
19150,39219200,2.2270851135253906,,,0.0002469880981735645,1635.667528443999
19160,39239680,2.141242027282715,,,0.0002469330765319766,1636.3716738079966
19170,39260160,2.246987819671631,,,0.000246878033335449,1637.043894921997
19180,39280640,2.440084934234619,,,0.0002468229685984625,1637.7069139559972
19190,39301120,2.2434592247009277,,,0.0002467678823355034,1638.3429409149976
19200,39321600,2.2219529151916504,2.1668770611286163,8.730975119304277,0.0002467127745610639,1639.497814551003
19210,39342080,2.258216381072998,,,0.00024665764528964166,1640.1467223299987
19220,39362560,2.0995025634765625,,,0.0002466024945357401,1640.8991468789973
19230,39383040,2.2857542037963867,,,0.0002465473223138683,1641.570328722999
19240,39403520,2.0635125637054443,,,0.00024649212863854097,1642.2527456690004
19250,39424000,2.1569926738739014,,,0.00024643691352427836,1642.9386286459994
19260,39444480,2.159557342529297,,,0.00024638167698560657,1643.6295663639976
19270,39464960,2.3507494926452637,,,0.0002463264190370572,1644.3241228639963
19280,39485440,2.330240249633789,,,0.00024627113969316746,1645.0497808439977
19290,39505920,2.3448760509490967,,,0.00024621583896848023,1645.7646445270002
19300,39526400,2.027616500854492,2.161748117208481,8.686309080269544,0.00024616051687754395,1646.9937556439982
19310,39546880,2.587893009185791,,,0.0002461051734349129,1647.9351736789977
19320,39567360,2.5883960723876953,,,0.0002460498086551468,1648.6199040110005
19330,39587840,2.0700714588165283,,,0.00024599442255281086,1649.627954786003
19340,39608320,2.1343350410461426,,,0.00024593901514247617,1650.3353994799982
19350,39628800,2.2018017768859863,,,0.00024588358643871927,1651.3032730619962
19360,39649280,2.132755756378174,,,0.0002458281364561223,1652.0574414980001
19370,39669760,2.1074047088623047,,,0.00024577266520927314,1652.758915350998
19380,39690240,2.071608066558838,,,0.00024571717271276505,1653.527939437001
19390,39710720,2.393364667892456,,,0.000245661658981197,1654.2809606049996
19400,39731200,2.0963706970214844,2.1612547814846037,8.682024870555349,0.00024560612402917353,1655.5872560720018
19410,39751680,1.964733362197876,,,0.00024555056787130486,1656.3576119860008
19420,39772160,2.147376298904419,,,0.00024549499052220654,1657.2140276650025
19430,39792640,1.9755768775939941,,,0.0002454393919965,1657.9370205689993
19440,39813120,2.393251895904541,,,0.000245383772308812,1658.667909994001
19450,39833600,2.2238807678222656,,,0.00024532813147377496,1659.5593392459996
19460,39854080,2.497040271759033,,,0.00024527246950602693,1660.3103172580013
19470,39874560,2.2677855491638184,,,0.0002452167864202114,1661.120368347998
19480,39895040,2.0403459072113037,,,0.00024516108223097743,1661.888207324002
19490,39915520,2.2165279388427734,,,0.0002451053569529797,1662.570204937998
19500,39936000,2.053842067718506,2.1583268284797668,8.65664148855645,0.00024504961060087846,1663.8834392659992
19510,39956480,2.493999481201172,,,0.00024499384318933936,1665.2435859390025
19520,39976960,2.2110366821289062,,,0.00024493805473303374,1665.9364457389966
19530,39997440,2.2380099296569824,,,0.0002448822452466384,1666.589384455001
19540,40017920,2.0502617359161377,,,0.0002448264147448357,1667.5376943509982
19550,40038400,1.8932843208312988,,,0.0002447705632423136,1668.223814965997
19560,40058880,2.272812604904175,,,0.00024471469075376526,1668.9783044689975
19570,40079360,2.065380096435547,,,0.00024465879729388985,1669.698290481996
19580,40099840,2.110013484954834,,,0.0002446028828773917,1670.4505316680006
19590,40120320,1.9001359939575195,,,0.00024454694751898086,1671.1341055649973
19600,40140800,2.24882173538208,2.152870935201645,8.60954038258891,0.0002444909912333726,1672.4145471950033
19610,40161280,2.0627756118774414,,,0.0002444350140352881,1673.0426282589979
19620,40181760,2.224055051803589,,,0.00024437901593945367,1673.781509460001
19630,40202240,2.013702869415283,,,0.00024432299696060147,1674.5411672990012
19640,40222720,1.978646993637085,,,0.00024426695711346876,1675.2755603929982
19650,40243200,2.2458906173706055,,,0.00024421089641279856,1676.014748665999
19660,40263680,2.2946250438690186,,,0.0002441548148733394,1676.703066948001
19670,40284160,2.240978717803955,,,0.0002440987125098451,1677.416068364997
19680,40304640,2.3783931732177734,,,0.00024404258933707505,1678.144900059
19690,40325120,1.9193570613861084,,,0.00024398644536979423,1678.8531734599965
19700,40345600,2.2819087505340576,2.154867935180664,8.626750813447721,0.00024393028062277288,1679.998741698997
19710,40366080,2.318288564682007,,,0.00024387409511078688,1680.7144466969985
19720,40386560,2.154336929321289,,,0.0002438178888486175,1681.5160844150014
19730,40407040,2.3483850955963135,,,0.0002437616618510514,1682.2573474110031
19740,40427520,2.2373828887939453,,,0.00024370541413288083,1683.0070274879981
19750,40448000,2.2201788425445557,,,0.00024364914570890344,1683.7829285760017
19760,40468480,2.232682943344116,,,0.00024359285659392228,1684.5589795490014
19770,40488960,2.3122076988220215,,,0.0002435365468027459,1685.3027056110004
19780,40509440,2.0199687480926514,,,0.0002434802163501883,1685.9541681249975
19790,40529920,2.052716016769409,,,0.00024342386525106884,1686.6548665169976
19800,40550400,2.3745572566986084,2.145522040128708,8.546501689767332,0.0002433674935202124,1687.9937856589968
19810,40570880,2.2255539894104004,,,0.00024331110117244918,1688.8586539399985
19820,40591360,1.9268839359283447,,,0.00024325468822261487,1689.6015729790015
19830,40611840,2.2031402587890625,,,0.0002431982546855507,1690.345182111996
19840,40632320,2.2502574920654297,,,0.00024314180057610305,1690.9622013620028
19850,40652800,2.0417723655700684,,,0.00024308532590912397,1691.805516870998
19860,40673280,2.285235643386841,,,0.00024302883069947072,1692.7238365169978
19870,40693760,2.0817675590515137,,,0.00024297231496200607,1693.5911149239982
19880,40714240,2.4615936279296875,,,0.0002429157787115982,1694.4824594349993
19890,40734720,1.9553731679916382,,,0.00024285922196312065,1695.138843585999
19900,40755200,2.116837501525879,2.1470503389835356,8.559573284620033,0.0002428026447314524,1696.3487151439986
19910,40775680,2.2355127334594727,,,0.00024274604703147765,1697.304864138001
19920,40796160,2.1782078742980957,,,0.0002426894288780862,1698.1933185840026
19930,40816640,2.031402587890625,,,0.0002426327902861732,1698.8756983330022
19940,40837120,2.1832735538482666,,,0.000242576131270639,1699.700962146002
19950,40857600,2.2190237045288086,,,0.00024251945184638956,1700.450678768997
19960,40878080,2.1632208824157715,,,0.00024246275202833596,1701.2339740250027
19970,40898560,1.9736847877502441,,,0.0002424060318313949,1701.9254903809997
19980,40919040,2.2391958236694336,,,0.00024234929127048827,1702.6665597820029
19990,40939520,2.1644861698150635,,,0.00024229253036054337,1703.387083622998
20000,40960000,2.111701011657715,2.153980886936188,8.619101862279026,0.00024223574911649286,1704.5649117279972
20010,40980480,2.2059597969055176,,,0.00024217894755327473,1705.9466973129965
20020,41000960,1.9654121398925781,,,0.00024212212568583232,1706.6951962199964
20030,41021440,2.0765862464904785,,,0.00024206528352911432,1707.4443878029997
20040,41041920,2.150006055831909,,,0.00024200842109807475,1708.1114811220032
20050,41062400,2.1703062057495117,,,0.00024195153840767303,1708.8040790930027
20060,41082880,2.345883369445801,,,0.00024189463547287374,1709.5976002629977
20070,41103360,2.2421281337738037,,,0.00024183771230864697,1710.2675036630026
20080,41123840,2.2720203399658203,,,0.00024178076892996802,1711.1478694489997
20090,41144320,2.356891632080078,,,0.0002417238053518176,1711.9472463799975
20100,41164800,2.1557908058166504,2.1489949107170103,8.576234182785655,0.0002416668215891816,1713.249011713
20110,41185280,2.3076486587524414,,,0.00024160981765705133,1713.9010667879993
20120,41205760,2.3945882320404053,,,0.00024155279357042343,1714.596162134003
20130,41226240,2.009984016418457,,,0.00024149574934429966,1715.2766699689964
20140,41246720,2.1077327728271484,,,0.00024143868499368738,1716.157831643999
20150,41267200,2.415348529815674,,,0.00024138160053359888,1716.8630095440021
20160,41287680,2.175511598587036,,,0.0002413244959790521,1717.6680767790021
20170,41308160,2.295348644256592,,,0.00024126737134507002,1718.516711919001
20180,41328640,2.2049922943115234,,,0.00024121022664668092,1719.2888091400018
20190,41349120,2.3246188163757324,,,0.00024115306189891855,1720.0310683610005
20200,41369600,2.289952039718628,2.1473250567913054,8.561925074852766,0.00024109587711682167,1721.1637473419978
20210,41390080,2.1261205673217773,,,0.00024103867231543453,1721.9522245940025
20220,41410560,2.1967897415161133,,,0.0002409814475098065,1722.7159607069989
20230,41431040,2.315596103668213,,,0.00024092420271499236,1723.5142811390033
20240,41451520,2.592453956604004,,,0.00024086693794605197,1724.4711922159986
20250,41472000,2.1057050228118896,,,0.00024080965321805056,1725.137426729998
20260,41492480,2.215059757232666,,,0.00024075234854605858,1725.8593861319969
20270,41512960,1.8831493854522705,,,0.0002406950239451518,1726.6981168100028
20280,41533440,2.381007194519043,,,0.00024063767943041108,1727.5597467659973
20290,41553920,2.1737630367279053,,,0.00024058031501692265,1728.295513529003
20300,41574400,1.949958324432373,2.1481344223022463,8.568857606813307,0.0002405229307197779,1729.3749933770014
20310,41594880,2.30191707611084,,,0.00024046552655407352,1730.0615802920001
20320,41615360,2.217468500137329,,,0.0002404081025349114,1730.8380001569967
20330,41635840,2.0276498794555664,,,0.00024035065867739853,1731.6780501440007
20340,41656320,2.3869752883911133,,,0.00024029319499664737,1732.5018302829994
20350,41676800,2.295985698699951,,,0.00024023571150777538,1733.3011656559975
20360,41697280,2.0942602157592773,,,0.00024017820822590534,1734.2631274919986
20370,41717760,2.0043139457702637,,,0.00024012068516616518,1735.1617299360005
20380,41738240,2.2346043586730957,,,0.00024006314234368802,1735.990294493
20390,41758720,2.310051441192627,,,0.00024000557977361231,1736.657930155001
20400,41779200,2.3254661560058594,2.1413202404975893,8.510666341319956,0.00023994799747108155,1738.2275851430022
20410,41799680,2.0954132080078125,,,0.00023989039545124446,1739.0180677370008
20420,41820160,1.8381314277648926,,,0.000239832773729255,1739.6928210089973
20430,41840640,2.4095144271850586,,,0.00023977513232027227,1740.407923576
20440,41861120,2.1202237606048584,,,0.00023971747123946056,1741.1427306089972
20450,41881600,2.266057014465332,,,0.00023965979050198936,1741.964115032999
20460,41902080,2.083930492401123,,,0.00023960209012303325,1742.7827445119983
20470,41922560,2.3078269958496094,,,0.0002395443701177721,1743.5197159719974
20480,41943040,2.0700628757476807,,,0.0002394866305013909,1744.2440825200028
20490,41963520,2.2924771308898926,,,0.0002394288712890797,1744.9749129409975
20500,41984000,2.155134677886963,2.139489543437958,8.495100142318215,0.0002393710924960338,1746.2531079789987
20510,42004480,2.1127376556396484,,,0.0002393132941374537,1747.630564578998
20520,42024960,2.112583637237549,,,0.0002392554762285449,1748.4347996189972
20530,42045440,2.318570613861084,,,0.00023919763878451814,1749.114365440997
20540,42065920,2.1430587768554688,,,0.0002391397818205893,1749.728737329002
20550,42086400,2.1593503952026367,,,0.00023908190535197943,1750.4928575500016
20560,42106880,2.1182198524475098,,,0.00023902400939391464,1751.2371366660009
20570,42127360,2.4620285034179688,,,0.00023896609396162612,1751.926332698
20580,42147840,2.2688076496124268,,,0.0002389081590703503,1752.6034994410002
20590,42168320,2.369758367538452,,,0.0002388502047353287,1753.3287917639973
20600,42188800,2.3697235584259033,2.1368252456188204,8.472496789937699,0.00023879223097180788,1754.691931346002
20610,42209280,2.2164578437805176,,,0.00023873423779503968,1755.3553960249992
20620,42229760,2.296818256378174,,,0.0002386762252202808,1756.045145023003
20630,42250240,2.027519702911377,,,0.00023861819326279326,1756.7436090440024
20640,42270720,2.1478843688964844,,,0.00023856014193784404,1757.4666086340003
20650,42291200,2.2368311882019043,,,0.00023850207126070535,1758.1866586089964
20660,42311680,2.273268699645996,,,0.00023844398124665432,1758.934769462001
20670,42332160,2.3555221557617188,,,0.00023838587191097335,1759.6834077960011
20680,42352640,2.111708641052246,,,0.00023832774326894982,1760.383065150003
20690,42373120,2.2745349407196045,,,0.0002382695953358761,1761.173427925998
20700,42393600,2.1137213706970215,2.1313004910945894,8.425817389812018,0.0002382114281270499,1762.5478304089993
20710,42414080,2.216956853866577,,,0.00023815324165777372,1763.2334849370018
20720,42434560,2.048502206802368,,,0.00023809503594335524,1764.020881522003
20730,42455040,2.19450044631958,,,0.00023803681099910732,1764.7990808460017
20740,42475520,2.1200430393218994,,,0.00023797856684034768,1765.7460994040011
20750,42496000,2.42195463180542,,,0.00023792030348239915,1766.6176230380006
20760,42516480,2.4787063598632812,,,0.0002378620209405898,1767.3774190830009
20770,42536960,2.2924115657806396,,,0.00023780371923025242,1768.0718377779995
20780,42557440,1.9708560705184937,,,0.00023774539836672509,1768.7811105169967
20790,42577920,2.372769355773926,,,0.00023768705836535084,1769.5369572909985
20800,42598400,2.0868494510650635,2.1325699388980865,8.436520317156676,0.00023762869924147777,1770.9988312849964
20810,42618880,2.2102041244506836,,,0.00023757032101045898,1771.7568968370033
20820,42639360,2.293455123901367,,,0.00023751192368765258,1772.532898755002
20830,42659840,2.3783111572265625,,,0.00023745350728842174,1773.371666273997
20840,42680320,2.1364896297454834,,,0.00023739507182813467,1774.2502739269985
20850,42700800,1.8392822742462158,,,0.0002373366173221645,1774.9865806239977
20860,42721280,2.162280797958374,,,0.0002372781437858895,1775.7145422940011
20870,42741760,1.9921424388885498,,,0.0002372196512346928,1776.634450591002
20880,42762240,2.1346065998077393,,,0.00023716113968396267,1777.3669017349966
20890,42782720,2.244302749633789,,,0.0002371026091490923,1778.0887555599984
20900,42803200,2.0614395141601562,2.1247811794281004,8.371065526353227,0.00023704405964547986,1779.4172250089978
20910,42823680,2.2617380619049072,,,0.00023698549118852865,1780.3796136309975
20920,42844160,2.209456443786621,,,0.0002369269037936467,1781.1918509629977
20930,42864640,2.2479422092437744,,,0.0002368682974762473,1782.0702972009967
20940,42885120,2.458219528198242,,,0.0002368096722517485,1782.749950723999
20950,42905600,2.2164318561553955,,,0.00023675102813557349,1783.6070144909972
20960,42926080,1.9678962230682373,,,0.0002366923651431503,1784.4353347919969
20970,42946560,2.038184881210327,,,0.00023663368328991197,1785.1915101780032
20980,42967040,2.167707681655884,,,0.00023657498259129655,1785.8323908590028
20990,42987520,2.7440056800842285,,,0.00023651626306274702,1786.7452037659968
21000,43008000,2.04832124710083,2.1272738099098207,8.391957526649884,0.00023645752471971126,1788.016306671001
21010,43028480,2.374070405960083,,,0.00023639876757764215,1789.3172528610012
21020,43048960,2.0625178813934326,,,0.00023633999165199754,1790.0237623829962
21030,43069440,2.5894031524658203,,,0.0002362811969582402,1790.8099385039968
21040,43089920,1.884153127670288,,,0.00023622238351183775,1791.6854101610006
21050,43110400,2.3441379070281982,,,0.00023616355132826292,1792.3937702629992
21060,43130880,2.237305164337158,,,0.00023610470042299318,1793.1572715639995
21070,43151360,2.194215774536133,,,0.00023604583081151108,1793.9987553030005
21080,43171840,2.000105142593384,,,0.00023598694250930401,1795.0048467230008
21090,43192320,2.0649116039276123,,,0.00023592803553186428,1795.6852210439974
21100,43212800,2.1320760250091553,2.1245829463005066,8.369406268318034,0.00023586910989468915,1796.9865578820027
21110,43233280,2.106884479522705,,,0.00023581016561328075,1797.7111394029998
21120,43253760,2.1923742294311523,,,0.00023575120270314612,1798.4090041980016
21130,43274240,1.8243815898895264,,,0.00023569222117979726,1799.1012447579997
21140,43294720,2.235520839691162,,,0.00023563322105875101,1799.7795043450024
21150,43315200,2.2360215187072754,,,0.00023557420235552904,1800.457336188003
21160,43335680,2.1314451694488525,,,0.000235515165085658,1801.1626435569997
21170,43356160,2.3511803150177,,,0.00023545610926466949,1801.8496792399965
21180,43376640,2.395263195037842,,,0.00023539703490809989,1802.503452732999
21190,43397120,2.1891064643859863,,,0.00023533794203149032,1803.1548107589988
21200,43417600,2.0218958854675293,2.1201311647892,8.332230311248479,0.00023527883065038713,1804.6359404169998
21210,43438080,2.2067790031433105,,,0.0002352197007803412,1805.4254293979975
21220,43458560,2.311539649963379,,,0.0002351605524369084,1806.094588865999
21230,43479040,2.2085800170898438,,,0.00023510138563564956,1806.7429138579973
21240,43499520,2.1750922203063965,,,0.00023504220039213022,1807.482483025
21250,43520000,2.2416889667510986,,,0.00023498299672192088,1808.2502233909981
21260,43540480,2.1891238689422607,,,0.00023492377464059668,1808.9230496140008
21270,43560960,1.9446702003479004,,,0.0002348645341637379,1809.5961485139997
21280,43581440,2.342345714569092,,,0.00023480527530692945,1810.3567662189962
21290,43601920,1.859243631362915,,,0.00023474599808576116,1811.1101424680019
21300,43622400,2.12052845954895,2.1184002101421355,8.31782007380255,0.0002346867025158277,1812.2757458880005
21310,43642880,1.9416708946228027,,,0.00023462738861272842,1813.005842452003
21320,43663360,1.9661163091659546,,,0.00023456805639206774,1813.683838473
21330,43683840,2.1470956802368164,,,0.00023450870586945474,1814.3374187700028
21340,43704320,2.066107749938965,,,0.00023444933706050333,1815.0131118450008
21350,43724800,2.00199294090271,,,0.00023438994998083225,1815.781184407002
21360,43745280,2.195815086364746,,,0.00023433054464606505,1816.534783736999
21370,43765760,2.2046866416931152,,,0.00023427112107183003,1817.1944628109995
21380,43786240,2.1766436100006104,,,0.0002342116792737604,1817.8892205559969
21390,43806720,2.1079540252685547,,,0.00023415221926749409,1818.7917754549999
21400,43827200,1.925140142440796,2.11594740152359,8.297443053719395,0.00023409274106867377,1820.313189401997
21410,43847680,1.9698835611343384,,,0.00023403324469294698,1821.1221288090019
21420,43868160,2.2653632164001465,,,0.00023397373015596608,1821.9862522600015
21430,43888640,2.1109814643859863,,,0.00023391419747338803,1822.9902604259987
21440,43909120,2.0026516914367676,,,0.00023385464666087475,1823.780108963001
21450,43929600,2.343461513519287,,,0.00023379507773409286,1824.5181044619967
21460,43950080,2.0860633850097656,,,0.00023373549070871373,1825.4249995849968
21470,43970560,2.2008023262023926,,,0.00023367588560041353,1826.1607832480004
21480,43991040,2.0324747562408447,,,0.0002336162624248731,1826.917850673999
21490,44011520,2.1565165519714355,,,0.00023355662119777814,1827.6188436660013
21500,44032000,2.5941410064697266,2.115582340955734,8.294414537276051,0.00023349696193481905,1828.9671921510017
21510,44052480,1.870278239250183,,,0.000233437284651691,1830.2283915399967
21520,44072960,2.001343250274658,,,0.0002333775893640938,1830.9390963460028
21530,44093440,1.817272424697876,,,0.00023331787608773217,1831.6532056080032
21540,44113920,2.136381149291992,,,0.0002332581448383154,1832.453461764002
21550,44134400,1.91896390914917,,,0.0002331983956315576,1833.0920199620014
21560,44154880,2.152585983276367,,,0.0002331386284831776,1833.8639210030015
21570,44175360,2.01523494720459,,,0.0002330788434088989,1834.6872319609975
21580,44195840,2.1228199005126953,,,0.0002330190404244498,1835.5351445850029
21590,44216320,2.2252256870269775,,,0.00023295921954556318,1836.2284881640007
21600,44236800,1.9900031089782715,2.1152721524238585,8.291842103998242,0.00023289938078797676,1837.4581933890004
21610,44257280,2.1594133377075195,,,0.00023283952416743294,1838.1041807899965
21620,44277760,2.1581037044525146,,,0.00023277964969967867,1838.8171543429999
21630,44298240,2.438056230545044,,,0.00023271975740046582,1839.5009031230002
21640,44318720,2.1911470890045166,,,0.00023265984728555088,1840.2119676630027
21650,44339200,2.173844337463379,,,0.00023259991937069486,1840.9462572670018
21660,44359680,1.9935811758041382,,,0.0002325399736716637,1841.7874900629977
21670,44380160,1.9313769340515137,,,0.00023248001020422784,1842.6275807979982
21680,44400640,2.464292049407959,,,0.00023242002898416248,1843.2600764149975
21690,44421120,2.036982297897339,,,0.00023236003002724748,1844.0753758179999
21700,44441600,2.2777626514434814,2.1129755437374116,8.27282083795846,0.0002323000133492673,1845.2809926970003
21710,44462080,2.265061378479004,,,0.00023223997896601123,1845.9302480609986
21720,44482560,2.351172924041748,,,0.000232179926893273,1846.6176162999982
21730,44503040,2.410604953765869,,,0.00023211985714685111,1847.338166428999
21740,44523520,2.093304395675659,,,0.0002320597697425488,1848.0230573340014
21750,44544000,1.8702795505523682,,,0.00023199966469617374,1848.7634849919996
21760,44564480,2.2141923904418945,,,0.00023193954202353837,1849.4652115389981
21770,44584960,2.04872465133667,,,0.00023187940174045977,1850.1420671930027
21780,44605440,2.204167127609253,,,0.00023181924386275968,1850.8482793099975
21790,44625920,2.3251938819885254,,,0.00023175906840626438,1851.5566857270023
21800,44646400,2.0637130737304688,2.1141682863235474,8.282694070621393,0.00023169887538680478,1852.5650178459982
21810,44666880,2.3753294944763184,,,0.00023163866482021653,1853.357388671997
21820,44687360,2.300969123840332,,,0.00023157843672233977,1854.1430803879994
21830,44707840,2.031703233718872,,,0.00023151819110901934,1855.2960747300021
21840,44728320,2.3558807373046875,,,0.00023145792799610457,1855.9543060610013
21850,44748800,2.243781805038452,,,0.0002313976473994495,1856.6150828530008
21860,44769280,2.2155261039733887,,,0.0002313373493349128,1857.3167841719987
21870,44789760,2.1135525703430176,,,0.0002312770338183576,1858.1281241510005
21880,44810240,1.84176504611969,,,0.00023121670086565172,1858.8783078319975
21890,44830720,2.2534356117248535,,,0.00023115635049266752,1859.652448296998
21900,44851200,1.9066433906555176,2.1085409283638,8.236215285250525,0.00023109598271528202,1860.9512515009992
21910,44871680,2.133608341217041,,,0.00023103559754937677,1861.6411969010005
21920,44892160,2.204604148864746,,,0.0002309751950108378,1862.3730056229979
21930,44912640,2.2986607551574707,,,0.00023091477511555587,1863.070124138998
21940,44933120,2.1552562713623047,,,0.0002308543378794262,1863.9015270050004
21950,44953600,2.037147045135498,,,0.00023079388331834864,1864.6704905200022
21960,44974080,1.9506442546844482,,,0.00023073341144822754,1865.3938697199992
21970,44994560,2.0289463996887207,,,0.00023067292228497185,1866.0463811439986
21980,45015040,2.108952283859253,,,0.00023061241584449506,1866.9579519230028
21990,45035520,2.451392650604248,,,0.00023055189214271515,1867.6798618570028
22000,45056000,1.9170830249786377,2.109312707185745,8.242574275331958,0.0002304913511955547,1868.8691101090008
22010,45076480,2.3312697410583496,,,0.00023043079301894083,1870.1038404119972
22020,45096960,2.161043405532837,,,0.00023037021762880515,1870.8394559549997
22030,45117440,1.9459747076034546,,,0.00023030962504108388,1871.614952390999
22040,45137920,1.9006892442703247,,,0.00023024901527171762,1872.2839734980007
22050,45158400,1.9856141805648804,,,0.00023018838833665167,1873.1441569360031
22060,45178880,2.2955641746520996,,,0.00023012774425183564,1874.0151098959977
22070,45199360,2.0087430477142334,,,0.00023006708303322386,1874.7475464009985
22080,45219840,2.336315393447876,,,0.00023000640469677508,1875.5127145130027
22090,45240320,2.4466447830200195,,,0.00022994570925845251,1876.2069592760017
22100,45260800,2.0128462314605713,2.1048131823539733,8.205569921139304,0.00022988499673422385,1877.395481665997
22110,45281280,2.150473117828369,,,0.00022982426714006143,1878.412699034001
22120,45301760,2.1941356658935547,,,0.00022976352049194193,1879.2943685999999
22130,45322240,2.2423746585845947,,,0.0002297027568058466,1880.363097344998
22140,45342720,2.103506565093994,,,0.00022964197609776107,1881.0436651490018
22150,45363200,2.4512434005737305,,,0.00022958117838367558,1881.825461997003
22160,45383680,2.3013665676116943,,,0.0002295203636795848,1882.558636173002
22170,45404160,1.9742398262023926,,,0.00022945953200148778,1883.2622529739965
22180,45424640,2.2176899909973145,,,0.00022939868336538814,1883.9357161070002
22190,45445120,2.1846261024475098,,,0.00022933781778729397,1884.621118158997
22200,45465600,2.5191268920898438,2.1043436944484712,8.201718409493392,0.0002292769352832177,1885.8579212800032
22210,45486080,1.966848373413086,,,0.00022921603586917639,1886.5994851689975
22220,45506560,2.0755975246429443,,,0.00022915511956119133,1887.3127495270019
22230,45527040,2.252371311187744,,,0.00022909418637528844,1888.1783257909992
22240,45547520,2.346648693084717,,,0.000229033236327498,1888.8297321099963
22250,45568000,2.1114537715911865,,,0.0002289722694338548,1889.6165665879962
22260,45588480,1.9643628597259521,,,0.00022891128571039788,1890.3043590020025
22270,45608960,1.9199087619781494,,,0.00022885028517317092,1890.9693448379985
22280,45629440,2.0565078258514404,,,0.00022878926783822184,1891.850517482002
22290,45649920,2.1105027198791504,,,0.0002287282337216032,1892.5331506910006
22300,45670400,2.2489609718322754,2.1007191956043245,8.172045098523652,0.00022866718283937173,1893.9207071389974
22310,45690880,2.1255197525024414,,,0.0002286061152075887,1894.5716483739961
22320,45711360,2.317852735519409,,,0.00022854503084231986,1895.3475985069963
22330,45731840,2.26381254196167,,,0.00022848392975963522,1896.0240462489965
22340,45752320,2.136763334274292,,,0.0002284228119756092,1896.6714898409991
22350,45772800,2.2003374099731445,,,0.0002283616775063207,1897.3573655810033
22360,45793280,2.068336009979248,,,0.00022830052636785292,1898.0383052530015
22370,45813760,2.1113388538360596,,,0.0002282393585762936,1898.733579943997
22380,45834240,2.1449851989746094,,,0.00022817817414773464,1899.3959961500004
22390,45854720,1.982666254043579,,,0.00022811697309827248,1900.0559551870028
22400,45875200,2.244326114654541,2.095905101299286,8.132798646610983,0.0002280557554440079,1901.2470203709963
22410,45895680,2.177926540374756,,,0.00022799452120104594,1901.9380647700018
22420,45916160,2.111530303955078,,,0.0002279332703854962,1902.879924929999
22430,45936640,2.1404786109924316,,,0.0002278720030134725,1903.612607490999
22440,45957120,2.0659608840942383,,,0.00022781071910109307,1904.256599487002
22450,45977600,1.8652338981628418,,,0.00022774941866448033,1904.9107916270004
22460,45998080,2.0598275661468506,,,0.0002276881017197614,1905.539027056002
22470,46018560,2.061389684677124,,,0.00022762676828306738,1906.3178068659981
22480,46039040,1.9096012115478516,,,0.00022756541837053393,1906.9481862440007
22490,46059520,2.167156219482422,,,0.00022750405199830097,1907.7756567940014
22500,46080000,2.1695261001586914,2.098572039604187,8.154517267085199,0.00022744266918251274,1908.8621915780022
22510,46100480,2.2166495323181152,,,0.0002273812699393178,1910.078804331999
22520,46120960,2.2261223793029785,,,0.00022731985428486908,1910.8339810679972
22530,46141440,1.9368233680725098,,,0.00022725842223532378,1911.6079849369999
22540,46161920,2.1066956520080566,,,0.00022719697380684347,1912.3382491459997
22550,46182400,1.9884413480758667,,,0.00022713550901559394,1913.0088530279972
22560,46202880,2.27614426612854,,,0.0002270740278777454,1913.7669260559996
22570,46223360,2.081300735473633,,,0.00022701253040947224,1914.5139945799965
22580,46243840,2.0645272731781006,,,0.00022695101662695326,1915.1711427639966
22590,46264320,2.018660306930542,,,0.0002268894865463714,1915.9588751190022
22600,46284800,2.351947784423828,2.0927054643630982,8.10681822978228,0.0002268279401839141,1917.242064801001
22610,46305280,2.019686222076416,,,0.0002267663775557729,1917.9595880019988
22620,46325760,2.23671817779541,,,0.00022670479867814363,1918.7483519960006
22630,46346240,1.903078317642212,,,0.00022664320356722658,1919.5339392120004
22640,46366720,2.11568546295166,,,0.00022658159223922612,1920.3475052979993
22650,46387200,1.8030664920806885,,,0.00022651996471035091,1921.0610617819984
22660,46407680,2.0692718029022217,,,0.00022645832099681397,1921.7693643439998
22670,46428160,2.2073652744293213,,,0.00022639666111483252,1922.49616753
22680,46448640,2.4159960746765137,,,0.00022633498508062795,1923.2632098629983
22690,46469120,2.2269084453582764,,,0.00022627329291042606,1924.1455357259983
22700,46489600,2.222323179244995,2.0943239569664,8.11994967883357,0.00022621158462045676,1925.2573931570005
22710,46510080,1.8941097259521484,,,0.00022614986022695435,1925.8959691319978
22720,46530560,2.138029098510742,,,0.00022608811974615716,1926.5748540689965
22730,46551040,1.8073406219482422,,,0.00022602636319430793,1927.3854725279962
22740,46571520,1.7621805667877197,,,0.00022596459058765354,1928.2085781889982
22750,46592000,2.0311391353607178,,,0.00022590280194244514,1929.013858227001
22760,46612480,2.0651814937591553,,,0.00022584099727493802,1929.723464239003
22770,46632960,2.055262565612793,,,0.00022577917660139186,1930.4213738929975
22780,46653440,1.939260482788086,,,0.00022571733993807027,1931.1320279529973
22790,46673920,2.0838623046875,,,0.00022565548730124136,1931.9883264770033
22800,46694400,1.9354476928710938,2.088714528083801,8.07452890996585,0.00022559361870717724,1933.217887054001
22810,46714880,1.9856196641921997,,,0.00022553173417215434,1934.051302820997
22820,46735360,1.9005484580993652,,,0.00022546983371245317,1934.8141621519972
22830,46755840,1.9616522789001465,,,0.00022540791734435852,1935.5573913519984
22840,46776320,2.1792359352111816,,,0.0002253459850841594,1936.5372689989963
22850,46796800,2.0912749767303467,,,0.00022528403694814885,1937.273196371003
22860,46817280,2.292850971221924,,,0.0002252220729526242,1938.009474878003
22870,46837760,1.9546023607254028,,,0.00022516009311388695,1938.724128517999
22880,46858240,2.277857780456543,,,0.00022509809744824275,1939.5780801220026
22890,46878720,2.1194159984588623,,,0.00022503608597200135,1940.3806106170014
22900,46899200,2.0959296226501465,2.088517427444458,8.07293757198732,0.0002249740587014768,1941.6031818539996
22910,46919680,2.0301406383514404,,,0.00022491201565298714,1942.3116078910025
22920,46940160,2.143333911895752,,,0.0002248499568428547,1943.0621016110017
22930,46960640,1.8563185930252075,,,0.0002247878822874059,1943.9103199160018
22940,46981120,2.383970022201538,,,0.0002247257920029713,1944.8814245230024
22950,47001600,2.2200276851654053,,,0.0002246636860058856,1945.545041487996
22960,47022080,2.2890119552612305,,,0.00022460156431248758,1946.163418185999
22970,47042560,2.035768985748291,,,0.00022453942693912031,1947.065208246
22980,47063040,2.0357930660247803,,,0.0002244772739021308,1947.857193089003
22990,47083520,1.984725832939148,,,0.00022441510521787025,1948.7320693669972
23000,47104000,2.45255184173584,2.0880628645420076,8.069268747972115,0.00022435292090269406,1950.693540207998
23010,47124480,2.2587292194366455,,,0.00022429072097296157,1952.019683368002
23020,47144960,2.31095552444458,,,0.00022422850544503647,1952.7180817179978
23030,47165440,1.986414909362793,,,0.00022416627433528627,1953.5506176799972
23040,47185920,2.2377047538757324,,,0.00022410402766008276,1954.286811306003
23050,47206400,2.073617458343506,,,0.00022404176543580186,1955.0253378089983
23060,47226880,2.000582456588745,,,0.00022397948767882337,1955.9126553020033
23070,47247360,2.1617939472198486,,,0.00022391719440553146,1956.6625280410008
23080,47267840,2.1484522819519043,,,0.00022385488563231415,1957.364211649001
23090,47288320,2.186818838119507,,,0.00022379256137556358,1958.0480727179965
23100,47308800,2.22641921043396,2.08592209815979,8.05201280576802,0.00022373022165167607,1959.272433872
23110,47329280,2.0931997299194336,,,0.00022366786647705199,1959.9741235499969
23120,47349760,2.603858470916748,,,0.00022360549586809562,1960.7801347959976
23130,47370240,2.2487688064575195,,,0.00022354310984121545,1961.4479182009964
23140,47390720,1.9309064149856567,,,0.000223480708412824,1962.1956135329965
23150,47411200,2.0434067249298096,,,0.00022341829159933785,1962.9811295379986
23160,47431680,1.9165699481964111,,,0.00022335585941717754,1963.8532378199961
23170,47452160,2.217655897140503,,,0.00022329341188276775,1964.7921774479983
23180,47472640,2.0045082569122314,,,0.0002232309490125372,1965.5184288689998
23190,47493120,2.0678205490112305,,,0.00022316847082291854,1966.2612525880031
23200,47513600,2.0065908432006836,2.0835878014564515,8.033238939232465,0.0002231059773303486,1967.692076749001
23210,47534080,2.2032358646392822,,,0.00022304346855126812,1968.4387138870006
23220,47554560,2.1279048919677734,,,0.00022298094450212187,1969.1749888080012
23230,47575040,2.149681806564331,,,0.0002229184051993587,1969.8409746620018
23240,47595520,2.2377538681030273,,,0.00022285585065943145,1970.4788719490025
23250,47616000,2.3102457523345947,,,0.00022279328089879692,1971.2397642189972
23260,47636480,2.486772298812866,,,0.00022273069593391597,1971.8815553169989
23270,47656960,1.9704711437225342,,,0.00022266809578125343,1972.725610419002
23280,47677440,2.134772300720215,,,0.0002226054804572782,1973.4725754399988
23290,47697920,1.9318275451660156,,,0.00022254284997846302,1974.2302116959982
23300,47718400,2.1706058979034424,2.084756129980087,8.042629886209745,0.00022248020436128478,1975.2817893109968
23310,47738880,2.1084890365600586,,,0.0002224175436222242,1976.0074153480018
23320,47759360,1.905893325805664,,,0.00022235486777776614,1976.6513784880008
23330,47779840,2.451442241668701,,,0.00022229217684439928,1977.332014943
23340,47800320,2.009016990661621,,,0.00022222947083861642,1978.1383221369979
23350,47820800,2.115396022796631,,,0.00022216674977691418,1978.8482982139976
23360,47841280,2.1097137928009033,,,0.0002221040136757932,1979.6660072930026
23370,47861760,2.26338267326355,,,0.00022204126255175808,1980.349268496997
23380,47882240,2.0831422805786133,,,0.0002219784964213175,1981.0917413729985
23390,47902720,1.8246731758117676,,,0.00022191571530098375,1981.9725619189994
23400,47923200,1.8322432041168213,2.0788749933242796,7.995468896821275,0.00022185291920727342,1983.2217994300008
23410,47943680,2.307756185531616,,,0.0002217901081567069,1984.074342344
23420,47964160,2.191305637359619,,,0.0002217272821658085,1984.8998720039963
23430,47984640,2.236945629119873,,,0.00022166444125110637,1985.561850391001
23440,48005120,1.9679787158966064,,,0.0002216015854291328,1986.4296972379962
23450,48025600,2.2487781047821045,,,0.00022153871471642387,1987.144495022003
23460,48046080,2.059231758117676,,,0.00022147582912951955,1987.9593255189975
23470,48066560,2.143181324005127,,,0.0002214129286849638,1988.5991364799993
23480,48087040,2.300197124481201,,,0.00022135001339930444,1989.2773265709984
23490,48107520,1.9840900897979736,,,0.00022128708328909326,1990.041760082997
23500,48128000,2.179633140563965,2.083575648069382,8.033141308763485,0.00022122413837088583,1991.0966193429995
23510,48148480,2.1624791622161865,,,0.00022116117866124177,1992.388548486997
23520,48168960,2.0675301551818848,,,0.00022109820417672447,1993.1931048109982
23530,48189440,2.176692247390747,,,0.00022103521493390123,1993.8610312609962
23540,48209920,2.3220973014831543,,,0.00022097221094934325,1994.6311234929963
23550,48230400,1.9541730880737305,,,0.00022090919223962568,1995.495886288998
23560,48250880,2.4376373291015625,,,0.00022084615882132734,1996.1921303280033
23570,48271360,2.0501184463500977,,,0.00022078311071103117,1996.9514042640003
23580,48291840,2.1387484073638916,,,0.0002207200479253238,1997.7697407660016
23590,48312320,2.112419843673706,,,0.0002206569704807958,1998.481304357003
23600,48332800,2.0464398860931396,2.080423092842102,8.007856264330067,0.00022059387839404152,1999.6135058380023
23610,48353280,2.367232322692871,,,0.0002205307716816593,2000.2991327089985
23620,48373760,2.0683367252349854,,,0.00022046765036025118,2001.114837758003
23630,48394240,2.131943702697754,,,0.00022040451444642315,2001.7486469549985
23640,48414720,2.0746614933013916,,,0.00022034136395678489,2002.5130305830025
23650,48435200,2.0535411834716797,,,0.0002202781989079502,2003.2274547060006
23660,48455680,2.0087380409240723,,,0.00022021501931653636,2003.8663021280008
23670,48476160,2.0608248710632324,,,0.00022015182519916478,2004.6845563640018
23680,48496640,2.0506839752197266,,,0.00022008861657246044,2005.3508858010027
23690,48517120,2.348109006881714,,,0.00022002539345305236,2006.067708706003
23700,48537600,1.7218942642211914,2.075326460599899,7.9671469941127375,0.00021996215585757316,2007.3719685659962
23710,48558080,1.969519853591919,,,0.00021989890380265945,2008.0739815479974
23720,48578560,1.9179438352584839,,,0.00021983563730495155,2008.7860873129976
23730,48599040,2.1262147426605225,,,0.0002197723563810936,2009.4669353860008
23740,48619520,1.9314618110656738,,,0.00021970906104773358,2010.1960353940012
23750,48640000,2.1650304794311523,,,0.00021964575132152312,2011.1022505250003
23760,48660480,1.9297468662261963,,,0.00021958242721911782,2011.752392948998
23770,48680960,1.989658236503601,,,0.00021951908875717687,2012.4849858730013
23780,48701440,2.104491949081421,,,0.0002194557359523635,2013.2104278059996
23790,48721920,2.2127456665039062,,,0.00021939236882134443,2014.1221330109984
23800,48742400,2.03631329536438,2.0782161235809324,7.99020265935406,0.00021932898738079033,2015.2278775759987
23810,48762880,2.0356569290161133,,,0.0002192655916473755,2015.9309077319995
23820,48783360,1.9005097150802612,,,0.00021920218163777816,2016.6188361509994
23830,48803840,2.3432583808898926,,,0.00021913875736868018,2017.3166099139999
23840,48824320,2.0935330390930176,,,0.00021907531885676721,2017.9905345459993
23850,48844800,2.4929637908935547,,,0.00021901186611872865,2018.8855944730021
23860,48865280,1.985116958618164,,,0.0002189483991712576,2019.6109362409989
23870,48885760,2.0358753204345703,,,0.00021888491803105095,2020.310729652003
23880,48906240,2.1107230186462402,,,0.00021882142271480935,2021.1128272360002
23890,48926720,2.3197922706604004,,,0.0002187579132392371,2021.8935759209999
23900,48947200,2.1983590126037598,2.077873182296753,7.9874629587982735,0.00021869438962104223,2023.0434217739967
23910,48967680,2.17043137550354,,,0.00021863085187693654,2023.7377290349978
23920,48988160,2.188281774520874,,,0.00021856730002363557,2024.4360143539961
23930,49008640,2.4651598930358887,,,0.00021850373407785855,2025.1359196010017
23940,49029120,2.0581133365631104,,,0.00021844015405632827,2025.9862212459993
23950,49049600,2.3074450492858887,,,0.0002183765599757715,2026.6852839580024
23960,49070080,2.094235420227051,,,0.0002183129518529185,2027.332555480003
23970,49090560,2.1136295795440674,,,0.00021824932970450329,2028.0764105939961
23980,49111040,2.105964183807373,,,0.00021818569354726348,2028.8887737920013
23990,49131520,2.4180712699890137,,,0.0002181220433979406,2029.653646687002
24000,49152000,2.2407641410827637,2.0756827354431153,7.969985993861011,0.00021805837927327964,2030.7437225210015
24010,49172480,1.8265209197998047,,,0.0002179947011900294,2032.1345153529983
24020,49192960,2.1950175762176514,,,0.00021793100916494223,2032.9234674979962
24030,49213440,2.2220311164855957,,,0.0002178673032147743,2033.709605914999
24040,49233920,2.128453254699707,,,0.0002178035833562853,2034.4211761350016
24050,49254400,2.1300294399261475,,,0.00021773984960623863,2035.0982737680024
24060,49274880,2.205944299697876,,,0.00021767610198140139,2035.7719015319963
24070,49295360,2.0633654594421387,,,0.00021761234049854432,2036.5464410170025
24080,49315840,2.2047119140625,,,0.0002175485651744417,2037.235514038999
24090,49336320,2.1169705390930176,,,0.0002174847760258716,2037.9277990159972
24100,49356800,2.0274202823638916,2.0746665358543397,7.961891011127179,0.00021742097306961562,2039.1808583800012
24110,49377280,2.2608659267425537,,,0.00021735715632245907,2039.804587200997
24120,49397760,2.1723854541778564,,,0.00021729332580119076,2040.448584222002
24130,49418240,2.175260066986084,,,0.0002172294815226033,2041.2012035829976
24140,49438720,1.9090018272399902,,,0.00021716562350349285,2041.8840948060024
24150,49459200,1.974523663520813,,,0.00021710175176065907,2042.636924170998
24160,49479680,2.093801498413086,,,0.00021703786631090542,2043.5147074330016
24170,49500160,2.2976269721984863,,,0.0002169739671710388,2044.250260341003
24180,49520640,2.3236706256866455,,,0.00021691005435786983,2045.1162381300019
24190,49541120,2.059410572052002,,,0.0002168461278882127,2045.7765507919976
24200,49561600,2.27687406539917,2.0738933742046357,7.955737561450437,0.00021678218777888513,2047.098623040998
24210,49582080,1.958241581916809,,,0.0002167182340467085,2047.9112196389979
24220,49602560,2.242891311645508,,,0.0002166542667085077,2048.566681753997
24230,49623040,2.159122943878174,,,0.0002165902857811113,2049.2470855680003
24240,49643520,1.9729158878326416,,,0.0002165262912813514,2050.1000134179994
24250,49664000,2.153470277786255,,,0.0002164622832260636,2050.8516558010015
24260,49684480,2.3865714073181152,,,0.00021639826163208717,2051.532016849
24270,49704960,2.100062131881714,,,0.00021633422651626488,2052.169093489996
24280,49725440,2.0775976181030273,,,0.00021627017789544313,2053.1597094160024
24290,49745920,2.2437262535095215,,,0.00021620611578647173,2053.883684219996
24300,49766400,2.13748836517334,2.0678978323936463,7.9081813094688025,0.00021614204020620426,2055.3394764469995
24310,49786880,1.9973456859588623,,,0.00021607795117149753,2055.9895009300017
24320,49807360,2.026092529296875,,,0.00021601384869921223,2056.770311870001
24330,49827840,1.8437210321426392,,,0.00021594973280621236,2057.494553372002
24340,49848320,2.39724063873291,,,0.00021588560350936558,2058.182916122998
24350,49868800,2.035245418548584,,,0.0002158214608255429,2058.8254787879996
24360,49889280,1.8696386814117432,,,0.00021575730477161904,2059.5157699850024
24370,49909760,2.124674081802368,,,0.00021569313536447216,2060.188738290999
24380,49930240,2.0442144870758057,,,0.00021562895262098393,2060.9108766849968
24390,49950720,2.1645824909210205,,,0.00021556475655803956,2061.6337272710007
24400,49971200,1.9831746816635132,2.067704200744629,7.9066501835231255,0.0002155005471925277,2062.8271736570023
24410,49991680,2.020519256591797,,,0.00021543632454134055,2063.4875028099996
24420,50012160,2.1592397689819336,,,0.00021537208862137377,2064.276209693002
24430,50032640,2.0780766010284424,,,0.0002153078394495266,2064.939153391002
24440,50053120,2.110213279724121,,,0.00021524357704270165,2065.613236379002
24450,50073600,1.9898279905319214,,,0.00021517930141780507,2066.315708823997
24460,50094080,2.117949962615967,,,0.00021511501259174654,2067.0272735550025
24470,50114560,1.9727568626403809,,,0.00021505071058143904,2067.697832388003
24480,50135040,2.1364009380340576,,,0.00021498639540379924,2068.4740605109982
24490,50155520,2.103217840194702,,,0.00021492206707574707,2069.167804026998
24500,50176000,1.9615063667297363,2.063604462146759,7.8743013407949904,0.00021485772561420608,2070.271730843
24510,50196480,1.7877638339996338,,,0.0002147933710361032,2071.461410928001
24520,50216960,2.0752525329589844,,,0.0002147290033583688,2072.3263174489985
24530,50237440,2.0077037811279297,,,0.00021466462259793676,2072.9963072280007
24540,50257920,1.924804925918579,,,0.00021460022877174432,2073.75000724
24550,50278400,2.0293519496917725,,,0.00021453582189673222,2074.4592923340024
24560,50298880,2.137718915939331,,,0.00021447140198984458,2075.139258012001
24570,50319360,2.1412291526794434,,,0.000214406969068029,2075.8507958789996
24580,50339840,2.086671829223633,,,0.0002143425231482365,2076.5696158659994
24590,50360320,2.137722969055176,,,0.00021427806424742147,2077.219114186002
24600,50380800,2.369500160217285,2.0641502737998962,7.878600399358515,0.00021421359238254175,2078.310092467
24610,50401280,1.8562521934509277,,,0.00021414910757055857,2078.997550977001
24620,50421760,1.898625373840332,,,0.00021408460982843663,2079.8530780069996
24630,50442240,1.9943113327026367,,,0.000214020099173144,2080.629982862003
24640,50462720,2.496063470840454,,,0.00021395557562165206,2081.367859719998
24650,50483200,2.22647762298584,,,0.0002138910391909357,2082.108239784997
24660,50503680,1.875342607498169,,,0.00021382648989797315,2082.793946341997
24670,50524160,2.2883310317993164,,,0.00021376192775974598,2083.539995058003
24680,50544640,2.162942886352539,,,0.00021369735279323928,2084.203479650001
24690,50565120,2.2514708042144775,,,0.0002136327650154413,2084.988529385999
24700,50585600,2.0414111614227295,2.0587486386299134,7.836157807248142,0.00021356816444334392,2086.158411138
24710,50606080,2.093043327331543,,,0.00021350355109394213,2086.8380286169995
24720,50626560,2.0375027656555176,,,0.00021343892498423448,2087.5032721399984
24730,50647040,2.1979479789733887,,,0.0002133742861312227,2088.238305892999
24740,50667520,2.0958824157714844,,,0.0002133096345519121,2088.9228413439996
24750,50688000,1.8758478164672852,,,0.0002132449702633111,2089.7048368929973
24760,50708480,2.1194558143615723,,,0.00021318029328243159,2090.604693936002
24770,50728960,2.0388023853302,,,0.0002131156036262888,2091.366739350997
24780,50749440,2.0884804725646973,,,0.0002130509013119013,2092.071537468997
24790,50769920,1.8607364892959595,,,0.0002129861863562909,2092.934451011999
24800,50790400,2.1964821815490723,2.05807683467865,7.830895213384111,0.00021292145877648282,2094.380908211002
24810,50810880,2.204688549041748,,,0.00021285671858950567,2095.090044315999
24820,50831360,2.1883411407470703,,,0.00021279196581239113,2095.8500988129963
24830,50851840,2.208508014678955,,,0.00021272720046217446,2096.545829048002
24840,50872320,1.9879262447357178,,,0.00021266242255589405,2097.3399047310013
24850,50892800,2.0680646896362305,,,0.00021259763211059176,2098.1586183499967
24860,50913280,2.129331111907959,,,0.00021253282914331252,2099.0094614120026
24870,50933760,2.168566942214966,,,0.0002124680136711048,2099.717555272997
24880,50954240,1.9112972021102905,,,0.0002124031857110202,2100.410623734999
24890,50974720,1.8046088218688965,,,0.0002123383452801136,2101.3078810119987
24900,50995200,2.104775905609131,2.061616361141205,7.858661985841247,0.00021227349239544323,2102.327697968998
24910,51015680,1.8951289653778076,,,0.00021220862707407065,2103.009310868001
24920,51036160,2.1963462829589844,,,0.00021214374933306053,2103.776798662002
24930,51056640,2.1375985145568848,,,0.00021207885918948094,2104.664952728999
24940,51077120,2.25974702835083,,,0.00021201395666040315,2105.4381623860027
24950,51097600,1.7797484397888184,,,0.00021194904176290177,2106.186114106
24960,51118080,1.9753426313400269,,,0.00021188411451405443,2106.887897116001
24970,51138560,1.818532943725586,,,0.00021181917493094237,2107.5352356790027
24980,51159040,2.0732150077819824,,,0.0002117542230306498,2108.2866796849994
24990,51179520,2.2679576873779297,,,0.00021168925883026428,2108.9684049999996
25000,51200000,2.0556068420410156,2.060635209083557,7.85095522483394,0.0002116242823468765,2110.131399304002
25010,51220480,1.986631989479065,,,0.00021155929359758054,2111.443475799002
25020,51240960,2.1095638275146484,,,0.00021149429259947368,2112.346143832001
25030,51261440,2.0450644493103027,,,0.0002114292793696562,2113.1058759419975
25040,51281920,1.923342227935791,,,0.00021136425392523196,2113.8520054690016
25050,51302400,2.0645530223846436,,,0.00021129921628330772,2114.6064505230024
25060,51322880,1.9831058979034424,,,0.00021123416646099362,2115.247717598999
25070,51343360,2.095973253250122,,,0.00021116910447540292,2116.029967786999
25080,51363840,2.541797161102295,,,0.00021110403034365217,2116.733270871002
25090,51384320,2.201931953430176,,,0.00021103894408286105,2117.427244061997
25100,51404800,2.0897083282470703,2.0548058211803437,7.805322097243044,0.00021097384571015237,2118.598457123997
25110,51425280,2.109067916870117,,,0.0002109087352426523,2119.2273929110015
25120,51445760,2.092684268951416,,,0.00021084361269749002,2119.915065745001
25130,51466240,2.315208673477173,,,0.00021077847809179793,2120.5593001550005
25140,51486720,2.3591725826263428,,,0.00021071333144271178,2121.494009488997
25150,51507200,1.9744298458099365,,,0.0002106481727673702,2122.2250531539976
25160,51527680,2.255892753601074,,,0.0002105830020829152,2122.913650333001
25170,51548160,2.2325778007507324,,,0.00021051781940649173,2123.6242958069997
25180,51568640,2.050015926361084,,,0.00021045262475524826,2124.3084447639994
25190,51589120,2.358257532119751,,,0.000210387418146336,2125.2085106629966
25200,51609600,2.392760753631592,2.0547222077846525,7.804669495041553,0.00021032219959690962,2126.517384423001
25210,51630080,2.037360429763794,,,0.00021025696912412668,2127.2548898640016
25220,51650560,2.265756130218506,,,0.00021019172674514812,2128.028046175001
25230,51671040,2.0406227111816406,,,0.00021012647247713786,2128.8322296789993
25240,51691520,2.225399971008301,,,0.00021006120633726292,2129.491157908
25250,51712000,1.9136369228363037,,,0.0002099959283426936,2130.3469908510015
25260,51732480,2.236340045928955,,,0.00020993063851060316,2131.054521924001
25270,51752960,2.125492572784424,,,0.00020986533685816804,2131.901794696001
25280,51773440,2.075383186340332,,,0.0002098000234025678,2132.7572684639963
25290,51793920,2.183345079421997,,,0.00020973469816098515,2133.669184837003
25300,51814400,2.188170909881592,2.05114261507988,7.7767818999480145,0.0002096693611506057,2134.925793467002
25310,51834880,2.018847703933716,,,0.00020960401238861846,2135.7266040510003
25320,51855360,2.0039706230163574,,,0.00020953865189221526,2136.429583267003
25330,51875840,2.2374844551086426,,,0.0002094732796785912,2137.1576665879984
25340,51896320,2.1690750122070312,,,0.0002094078957649443,2137.992040694997
25350,51916800,2.128575563430786,,,0.00020934250016847584,2138.8532678600022
25360,51937280,2.1941452026367188,,,0.00020927709290639006,2139.524475416001
25370,51957760,2.042710781097412,,,0.00020921167399589425,2140.219491171003
25380,51978240,1.9474124908447266,,,0.00020914624345419886,2140.9723265680004
25390,51998720,1.96868896484375,,,0.00020908080129851734,2141.730409417003
25400,52019200,2.331902503967285,2.0572598040103913,7.8244997448375955,0.00020901534754606612,2142.771642204003
25410,52039680,2.038794755935669,,,0.00020894988221406487,2143.536594058998
25420,52060160,1.896167278289795,,,0.00020888440531973614,2144.314953082001
25430,52080640,2.3523693084716797,,,0.0002088189168803056,2145.151506923001
25440,52101120,2.0185604095458984,,,0.00020875341691300187,2145.879902444998
25450,52121600,2.1880042552948,,,0.00020868790543505675,2146.635784749
25460,52142080,2.117521286010742,,,0.00020862238246370504,2147.3671092160002
25470,52162560,1.998514175415039,,,0.00020855684801618436,2148.1390022510022
25480,52183040,2.0388031005859375,,,0.00020849130210973566,2149.0462028440015
25490,52203520,1.9450099468231201,,,0.0002084257447616026,2149.707822903001
25500,52224000,2.1155383586883545,2.0492010176181794,7.761697168927475,0.00020836017598903212,2150.973784681002
25510,52244480,2.0788795948028564,,,0.00020829459580927392,2152.462471740997
25520,52264960,2.0649781227111816,,,0.00020822900423958095,2153.1597040729976
25530,52285440,2.014645576477051,,,0.00020816340129720893,2153.917968478003
25540,52305920,2.20021915435791,,,0.0002080977869994167,2154.6883321429996
25550,52326400,2.2568259239196777,,,0.00020803216136346608,2155.438591528
25560,52346880,1.9465991258621216,,,0.00020796652440662183,2156.1957678300023
25570,52367360,1.9662096500396729,,,0.00020790087614615173,2156.907099363998
25580,52387840,1.9307079315185547,,,0.00020783521659932647,2157.683589829001
25590,52408320,1.914594054222107,,,0.0002077695457834198,2158.319282463999
25600,52428800,2.124657392501831,2.047235131263733,7.7464535429032795,0.00020770386371570838,2159.499646659002
25610,52449280,2.2628226280212402,,,0.00020763817041347178,2160.161251753998
25620,52469760,2.1270084381103516,,,0.00020757246589399268,2161.0389066619973
25630,52490240,2.079348564147949,,,0.00020750675017455655,2161.884918591997
25640,52510720,2.0156197547912598,,,0.00020744102327245183,2162.491451531001
25650,52531200,2.243898630142212,,,0.00020737528520497006,2163.109096877997
25660,52551680,2.2031803131103516,,,0.00020730953598940548,2163.8203340010004
25670,52572160,1.9525487422943115,,,0.00020724377564305547,2164.5728426029964
25680,52592640,2.063784122467041,,,0.00020717800418322018,2165.1847860929993
25690,52613120,1.9835911989212036,,,0.00020711222162720283,2165.919899724002
25700,52633600,1.9046437740325928,2.0466953575611115,7.742273339275731,0.0002070464279923094,2167.124778078003
25710,52654080,2.0611062049865723,,,0.000206980623295849,2167.844693703002
25720,52674560,1.926809310913086,,,0.00020691480755513332,2168.674100637996
25730,52695040,2.1032094955444336,,,0.00020684898078747734,2169.378376998
25740,52715520,2.426607847213745,,,0.00020678314301019862,2170.047271299998
25750,52736000,2.1336708068847656,,,0.00020671729424061788,2170.6474390939984
25760,52756480,2.004791021347046,,,0.0002066514344960585,2171.3099865050026
25770,52776960,1.9565386772155762,,,0.00020658556379384688,2171.968899229003
25780,52797440,2.503331184387207,,,0.00020651968215131225,2173.0611478360006
25790,52817920,2.143798828125,,,0.0002064537895857868,2173.797036156997
25800,52838400,2.195662260055542,2.046550118923187,7.741148943696314,0.0002063878861146055,2175.0251167829992
25810,52858880,2.1970009803771973,,,0.00020632197175510624,2175.6607995779996
25820,52879360,2.0422630310058594,,,0.0002062560465246297,2176.328419780002
25830,52899840,1.9064760208129883,,,0.00020619011044051955,2176.9928729859967
25840,52920320,1.835936427116394,,,0.00020612416352012224,2177.6605386899973
25850,52940800,2.1395320892333984,,,0.00020605820578078698,2178.4421228220017
25860,52961280,1.7966351509094238,,,0.00020599223723986605,2179.224514144
25870,52981760,2.1041555404663086,,,0.00020592625791471435,2179.9749079219982
25880,53002240,1.9077355861663818,,,0.00020586026782268976,2180.7110234130014
25890,53022720,1.926852822303772,,,0.00020579426698115295,2181.62519151
25900,53043200,2.2252066135406494,2.0472334921360016,7.746440845486864,0.00020572825540746738,2182.726725155
25910,53063680,2.084770679473877,,,0.0002056622331189993,2183.4693544159963
25920,53084160,1.9331655502319336,,,0.000205596200133118,2184.2868604350006
25930,53104640,2.0127694606781006,,,0.0002055301564671953,2185.0820336510005
25940,53125120,2.0960030555725098,,,0.00020546410213860601,2185.810532948002
25950,53145600,2.201179265975952,,,0.00020539803716472765,2186.542150169
25960,53166080,2.0831456184387207,,,0.00020533196156294063,2187.264764683001
25970,53186560,2.0478906631469727,,,0.00020526587535062808,2187.9012507849984
25980,53207040,2.1529130935668945,,,0.00020519977854517593,2188.7367519010004
25990,53227520,2.2085113525390625,,,0.00020513367116397298,2189.4079671069994
26000,53248000,2.123288631439209,2.0440653264522552,7.72193767297958,0.00020506755322441072,2190.665564461997
26010,53268480,2.049785614013672,,,0.00020500142474388341,2191.9030803409987
26020,53288960,2.1822588443756104,,,0.00020493528573978814,2192.7313595369997
26030,53309440,2.0649635791778564,,,0.00020486913622952472,2193.363550779999
26040,53329920,2.1937038898468018,,,0.00020480297623049588,2194.0860734300004
26050,53350400,2.052076816558838,,,0.0002047368057601068,2194.8778475340005
26060,53370880,1.7290818691253662,,,0.0002046706248357657,2195.589113918999
26070,53391360,2.1221208572387695,,,0.00020460443347488348,2196.2523889799995
26080,53411840,1.896160364151001,,,0.00020453823169487367,2196.9917375430014
26090,53432320,2.2066402435302734,,,0.00020447201951315263,2197.666710960999
26100,53452800,2.0522632598876953,2.0379615664482116,7.674948370256405,0.00020440579694713947,2198.8675126029993
26110,53473280,2.0575599670410156,,,0.00020433956401425603,2199.524807258
26120,53493760,2.411104202270508,,,0.00020427332073192684,2200.2333210150027
26130,53514240,2.1682686805725098,,,0.00020420706711757919,2201.019894322002
26140,53534720,2.057588577270508,,,0.00020414080318864304,2201.7379800630006
26150,53555200,2.0104787349700928,,,0.00020407452896255109,2202.613080322997
26160,53575680,2.2161269187927246,,,0.00020400824445673878,2203.350117492002
26170,53596160,1.7723596096038818,,,0.00020394194968864423,2204.0635463279978
26180,53616640,2.0017552375793457,,,0.00020387564467570823,2204.7362153569993
26190,53637120,1.7100683450698853,,,0.0002038093294353743,2205.4317675689963
26200,53657600,1.9085173606872559,2.0391565561294556,7.684125336460841,0.00020374300398508864,2206.584522434001
26210,53678080,1.8371329307556152,,,0.0002036766683423002,2207.356112442001
26220,53698560,1.9063715934753418,,,0.0002036103225244604,2208.0584355309984
26230,53719040,2.1249444484710693,,,0.00020354396654902364,2208.9043487599993
26240,53739520,2.167912721633911,,,0.00020347760043344673,2209.698712439
26250,53760000,2.279792070388794,,,0.00020341122419518937,2210.4760622600006
26260,53780480,2.1270809173583984,,,0.00020334483785171368,2211.2324020919987
26270,53800960,1.9291397333145142,,,0.00020327844142048468,2212.040411693997
26280,53821440,1.9465861320495605,,,0.00020321203491896985,2212.6990067590013
26290,53841920,2.0674257278442383,,,0.00020314561836463942,2213.5520053500004
26300,53862400,1.9115160703659058,2.037179684638977,7.668949813125835,0.0002030791917749663,2214.8485055109995
26310,53882880,2.066310405731201,,,0.0002030127551674259,2215.5000883190005
26320,53903360,1.9006471633911133,,,0.0002029463085594964,2216.406151007999
26330,53923840,2.117832899093628,,,0.0002028798519686586,2217.1390322849984
26340,53944320,2.126631259918213,,,0.00020281338541239586,2217.853475513999
26350,53964800,2.3395633697509766,,,0.0002027469089081941,2218.5441050360023
26360,53985280,2.0966908931732178,,,0.00020268042247354208,2219.3161670970003
26370,54005760,1.982131004333496,,,0.00020261392612593097,2220.0433745260016
26380,54026240,2.072324752807617,,,0.00020254741988285467,2220.709920592999
26390,54046720,1.855890154838562,,,0.00020248090376180953,2221.464882180997
26400,54067200,2.1000819206237793,2.0388191521167753,7.681533119075247,0.0002024143777802947,2222.495600264003
26410,54087680,1.944511890411377,,,0.00020234784195581178,2223.1912413559985
26420,54108160,1.928727626800537,,,0.00020228129630586503,2223.895305416998
26430,54128640,1.8238930702209473,,,0.00020221474084796117,2224.5498791900027
26440,54149120,2.1591272354125977,,,0.00020214817559960978,2225.1806878310017
26450,54169600,2.0340003967285156,,,0.00020208160057832265,2225.837275673999
26460,54190080,1.8167133331298828,,,0.00020201501580161446,2226.5366393079967
26470,54210560,1.9736467599868774,,,0.00020194842128700224,2227.2271843400013
26480,54231040,2.1416659355163574,,,0.0002018818170520057,2227.8710589030015
26490,54251520,2.0093812942504883,,,0.00020181520311414702,2228.6788961560014
26500,54272000,2.0364508628845215,2.034881716966629,7.651347047413864,0.00020174857949095107,2229.892057088
26510,54292480,1.992678165435791,,,0.0002016819461999451,2231.342597488998
26520,54312960,1.920485496520996,,,0.0002016153032586591,2232.169197964002
26530,54333440,1.7148158550262451,,,0.0002015486506846253,2232.8222484139988
26540,54353920,1.9044363498687744,,,0.0002014819884953788,2233.504335839003
26550,54374400,2.146791696548462,,,0.00020141531670845708,2234.1263107589984
26560,54394880,2.1611721515655518,,,0.0002013486353414,2234.922896919001
26570,54415360,1.995090365409851,,,0.00020128194441175026,2235.6138039479993
26580,54435840,2.037875175476074,,,0.00020121524393705274,2236.3069898320027
26590,54456320,1.9610064029693604,,,0.00020114853393485516,2237.2430963700026
26600,54476800,1.8940680027008057,2.0343415796756745,7.6472153854803135,0.00020108181442270734,2238.523866976997
26610,54497280,2.101801872253418,,,0.0002010150854181621,2239.296364169997
26620,54517760,2.0998075008392334,,,0.00020094834693877431,2239.9553998409974
26630,54538240,1.9060423374176025,,,0.00020088159900210156,2240.629287233998
26640,54558720,2.000338554382324,,,0.00020081484162570392,2241.4067635850006
26650,54579200,2.1167070865631104,,,0.00020074807482714393,2242.113050275002
26660,54599680,2.322085380554199,,,0.0002006812986239865,2242.8342856189993
26670,54620160,2.16672420501709,,,0.00020061451303379923,2243.594911428998
26680,54640640,2.2136592864990234,,,0.0002005477180741519,2244.4738633300003
26690,54661120,2.1220955848693848,,,0.00020048091376261706,2245.113678257003
26700,54681600,2.17997670173645,2.0334229171276093,7.640193401019598,0.00020041410011676947,2246.253093774998
26710,54702080,2.0096006393432617,,,0.00020034727715418656,2247.0009862419975
26720,54722560,2.3068156242370605,,,0.000200280444892448,2247.870473969997
26730,54743040,2.1888294219970703,,,0.00020021360334913606,2248.557153775
26740,54763520,2.0293028354644775,,,0.0002001467525418354,2249.347191230998
26750,54784000,1.962460994720459,,,0.00020007989248813313,2250.411029682
26760,54804480,1.9927541017532349,,,0.00020001302320561874,2251.302735823003
26770,54824960,2.4633867740631104,,,0.00019994614471188419,2252.0090683410017
26780,54845440,1.9214860200881958,,,0.00019987925702452395,2252.7486386300006
26790,54865920,2.1162681579589844,,,0.00019981236016113475,2253.4050447929985
26800,54886400,1.9194920063018799,2.0334069788455964,7.640071630432949,0.00019974545413931579,2254.575013788999
26810,54906880,1.9542548656463623,,,0.00019967853897666872,2255.636111013002
26820,54927360,1.9089794158935547,,,0.0001996116146907976,2256.415895143
26830,54947840,1.9127044677734375,,,0.00019954468129930878,2257.113166096002
26840,54968320,1.914480209350586,,,0.00019947773881981117,2257.791983035
26850,54988800,1.931696891784668,,,0.00019941078726991594,2258.5060480050015
26860,55009280,2.058187961578369,,,0.00019934382666723674,2259.187665890997
26870,55029760,2.0842533111572266,,,0.00019927685702938945,2259.9226969629963
26880,55050240,1.9082638025283813,,,0.00019920987837399257,2260.608421682002
26890,55070720,1.9469852447509766,,,0.0001991428907186667,2261.290264670999
26900,55091200,2.101637363433838,2.0282849848270414,7.601039276316567,0.000199075894081035,2262.5259401139992
26910,55111680,2.1519899368286133,,,0.00019900888847872294,2263.2697150039967
26920,55132160,2.1141865253448486,,,0.00019894187392935838,2263.9754448250023
26930,55152640,2.1810216903686523,,,0.00019887485045057144,2264.7188346559997
26940,55173120,2.2350707054138184,,,0.00019880781805999465,2265.497159835999
26950,55193600,2.3810718059539795,,,0.00019874077677526286,2266.182538824003
26960,55214080,1.9069513082504272,,,0.00019867372661401333,2266.9004484239995
26970,55234560,2.0363645553588867,,,0.00019860666759388554,2267.541033169997
26980,55255040,2.219905376434326,,,0.00019853959973252148,2268.1599669580028
26990,55275520,2.0983939170837402,,,0.0001984725230475653,2268.7941590229966
27000,55296000,2.406768560409546,2.030144822597504,7.615189130395269,0.0001984054375566634,2269.884130391998
27010,55316480,2.2250406742095947,,,0.0001983383432774648,2271.0934692070005
27020,55336960,2.0495169162750244,,,0.00019827124022762054,2271.802828029002
27030,55357440,1.972170114517212,,,0.00019820412842478416,2272.4441346750027
27040,55377920,2.1679677963256836,,,0.0001981370078866113,2273.245824949001
27050,55398400,2.26080322265625,,,0.00019806987863076015,2274.3041193300014
27060,55418880,2.356051445007324,,,0.00019800274067489096,2275.1969790739968
27070,55439360,2.0564093589782715,,,0.00019793559403666648,2275.8618736179997
27080,55459840,2.2952823638916016,,,0.00019786843873375153,2276.529919230001
27090,55480320,2.140202045440674,,,0.0001978012747838134,2277.2386600109967
27100,55500800,2.029752254486084,2.0295091807842254,7.6103501358645245,0.00019773410220452146,2278.3290924760004
27110,55521280,1.915771245956421,,,0.00019766692101354761,2279.0188718520003
27120,55541760,2.0290920734405518,,,0.00019759973122856572,2279.9337293520002
27130,55562240,2.0283398628234863,,,0.00019753253286725221,2280.7049302369996
27140,55582720,1.9725797176361084,,,0.00019746532594728546,2281.4224101189975
27150,55603200,1.773144006729126,,,0.0001973981104863464,2282.368156796001
27160,55623680,2.048394203186035,,,0.00019733088650211795,2283.1437240649975
27170,55644160,2.204218864440918,,,0.00019726365401228545,2283.8167946219983
27180,55664640,2.062500476837158,,,0.00019719641303453638,2284.480865892001
27190,55685120,2.0192904472351074,,,0.00019712916358656047,2285.319663207003
27200,55705600,1.930100679397583,2.0249142348766327,7.575461206409872,0.0001970619056860498,2286.4828778500014
27210,55726080,2.0320334434509277,,,0.00019699463935069837,2287.1040878139975
27220,55746560,2.0894808769226074,,,0.00019692736459820282,2287.7661050899987
27230,55767040,1.9788554906845093,,,0.0001968600814462616,2288.477366002997
27240,55787520,2.1297686100006104,,,0.00019679278991257567,2289.1766169330003
27250,55808000,2.0096547603607178,,,0.00019672549001484798,2289.8229217690023
27260,55828480,2.1382837295532227,,,0.0001966581817707839,2290.5292247079997
27270,55848960,1.8190959692001343,,,0.0001965908651980907,2291.2239169359964
27280,55869440,1.8715434074401855,,,0.0001965235403144782,2292.005317299998
27290,55889920,1.883089303970337,,,0.00019645620713765806,2292.632718970999
27300,55910400,1.8198198080062866,2.025958228111267,7.58337406642606,0.0001963888656853444,2293.7116814559995
27310,55930880,1.9932469129562378,,,0.00019632151597525328,2294.361673414998
27320,55951360,2.0922951698303223,,,0.00019625415802510316,2295.099688606002
27330,55971840,2.1283633708953857,,,0.00019618679185261448,2295.7610453180023
27340,55992320,1.9594662189483643,,,0.00019611941747550997,2296.4189406410005
27350,56012800,1.9528523683547974,,,0.00019605203491151443,2297.1490602330014
27360,56033280,2.0086703300476074,,,0.00019598464417835493,2297.817521687997
27370,56053760,2.0130162239074707,,,0.00019591724529376055,2298.538148398002
27380,56074240,2.1590166091918945,,,0.00019584983827546256,2299.231382721002
27390,56094720,2.589940309524536,,,0.0001957824231411944,2300.0160794149997
27400,56115200,2.375947952270508,2.025329738855362,7.578609494699705,0.00019571499990869164,2301.0937711680017
27410,56135680,2.2497100830078125,,,0.000195647568595692,2301.7775889889963
27420,56156160,1.935417890548706,,,0.00019558012921993528,2302.5330873799976
27430,56176640,1.9959909915924072,,,0.0001955126817991634,2303.4109889949978
27440,56197120,1.8631659746170044,,,0.00019544522635112042,2304.097099282997
27450,56217600,1.9734044075012207,,,0.00019537776289355255,2304.9279004240016
27460,56238080,1.8624184131622314,,,0.000195310291444208,2305.590031189997
27470,56258560,2.1018593311309814,,,0.00019524281202083725,2306.247458136
27480,56279040,2.072237968444824,,,0.0001951753246411926,2306.975320450998
27490,56299520,2.1288902759552,,,0.00019510782932302884,2307.684085970999
27500,56320000,2.126573324203491,2.0226950883865356,7.558668787572806,0.0001950403260841024,2309.212747272999
27510,56340480,1.8822718858718872,,,0.0001949728149421722,2310.5592789069997
27520,56360960,2.2745652198791504,,,0.00019490529591499896,2311.226104788999
27530,56381440,1.9102131128311157,,,0.00019483776902034565,2311.9802778070007
27540,56401920,1.9373359680175781,,,0.00019477023427597712,2312.721551816001
27550,56422400,2.0500409603118896,,,0.00019470269169966051,2313.3699660819984
27560,56442880,2.118683099746704,,,0.00019463514130916486,2314.0836957110005
27570,56463360,1.8955984115600586,,,0.00019456758312226134,2314.731032951997
27580,56483840,1.9045504331588745,,,0.00019450001715672308,2315.396479559997
27590,56504320,2.0749993324279785,,,0.0001944324434303254,2316.261520975997
27600,56524800,2.0307135581970215,2.023017430305481,7.561105656105804,0.00019436486196084554,2317.3167875009967
27610,56545280,1.9783848524093628,,,0.00019429727276606287,2318.0568748110018
27620,56565760,2.0223567485809326,,,0.00019422967586375865,2318.7250987410007
27630,56586240,2.152761459350586,,,0.00019416207127171637,2319.392696848001
27640,56606720,1.940195083618164,,,0.0001940944590077214,2320.0500765909965
27650,56627200,1.9918757677078247,,,0.00019402683908956107,2320.9281010440027
27660,56647680,2.3715415000915527,,,0.000193959211535025,2321.578393488002
27670,56668160,2.2224369049072266,,,0.00019389157636190446,2322.4670530649964
27680,56688640,2.1193442344665527,,,0.000193823933587993,2323.266052607003
27690,56709120,1.9189397096633911,,,0.000193756283231086,2323.9556033659974
27700,56729600,2.182741403579712,2.0224807918071748,7.557049164253175,0.00019368862530898102,2325.209251501001
27710,56750080,2.011930227279663,,,0.00019362095983947738,2325.847206407001
27720,56770560,2.054565668106079,,,0.0001935532868403765,2326.7893517280027
27730,56791040,2.4739038944244385,,,0.00019348560632948187,2327.4533750010014
27740,56811520,2.1827585697174072,,,0.0001934179183245988,2328.1060563249994
27750,56832000,1.9204365015029907,,,0.00019335022284353462,2328.8070029209994
27760,56852480,2.0872600078582764,,,0.00019328251990409875,2329.4548317439985
27770,56872960,2.1291329860687256,,,0.00019321480952410236,2330.1626456629965
27780,56893440,2.0201117992401123,,,0.00019314709172135874,2330.811294109997
27790,56913920,2.034572124481201,,,0.000193079366513683,2331.4334947980024
27800,56934400,2.0811781883239746,2.0212555110454558,7.547795327728525,0.00019301163391889243,2332.800268111001
27810,56954880,1.9483609199523926,,,0.00019294389395480599,2333.453751262001
27820,56975360,2.2651498317718506,,,0.0001928761466392447,2334.1348196789986
27830,56995840,2.3346052169799805,,,0.00019280839199003154,2334.889532146997
27840,57016320,1.7157235145568848,,,0.00019274063002499138,2335.7320188000012
27850,57036800,2.011805534362793,,,0.00019267286076195107,2336.4687798279992
27860,57057280,2.1398916244506836,,,0.00019260508421873929,2337.2048276439964
27870,57077760,2.03767991065979,,,0.0001925373004131867,2337.949807049001
27880,57098240,2.1654343605041504,,,0.0001924695093631258,2338.6377211729996
27890,57118720,1.9760282039642334,,,0.00019240171108639113,2339.405720322
27900,57139200,2.1399221420288086,2.0170043766498567,7.5157767412773175,0.00019233390560081901,2340.6129219110007
27910,57159680,2.173165798187256,,,0.0001922660929242477,2341.2978893969994
27920,57180160,1.921027421951294,,,0.00019219827307451732,2342.0305426459963
27930,57200640,2.0952234268188477,,,0.00019213044606946995,2342.756100628998
27940,57221120,1.8957653045654297,,,0.0001920626119269495,2343.470149091001
27950,57241600,2.0343570709228516,,,0.00019199477066480171,2344.224972224998
27960,57262080,1.959855079650879,,,0.00019192692230087432,2344.932166065002
27970,57282560,2.071051597595215,,,0.00019185906685301684,2345.6769062599997
27980,57303040,2.1322531700134277,,,0.00019179120433908064,2346.370159099999
27990,57323520,2.1509389877319336,,,0.00019172333477691898,2347.0892155659967
28000,57344000,1.7334184646606445,2.014395534992218,7.496194823992235,0.00019165545818438702,2348.3563046760028
28010,57364480,2.1462483406066895,,,0.00019158757457934174,2349.6464414739967
28020,57384960,2.176732063293457,,,0.00019151968397964183,2350.3422324819985
28030,57405440,1.9501585960388184,,,0.00019145178640314807,2350.966209010003
28040,57425920,1.8450322151184082,,,0.00019138388186772283,2351.738518099999
28050,57446400,2.1114954948425293,,,0.00019131597039123054,2352.395689867997
28060,57466880,2.0692408084869385,,,0.0001912480519915372,2353.1346849969996
28070,57487360,2.0850448608398438,,,0.0001911801266865109,2353.8262401469983
28080,57507840,2.1016860008239746,,,0.00019111219449402138,2354.505361194002
28090,57528320,1.980750322341919,,,0.00019104425543194016,2355.2221613189977
28100,57548800,2.107046604156494,2.015075445175171,7.5012932962416565,0.00019097630951814075,2356.4395702990005
28110,57569280,2.1898598670959473,,,0.00019090835677049826,2357.1270305299986
28120,57589760,1.885468602180481,,,0.00019084039720688973,2357.8554051890023
28130,57610240,1.8835372924804688,,,0.0001907724308451939,2358.555931754003
28140,57630720,2.006385087966919,,,0.00019070445770329146,2359.419729754998
28150,57651200,1.887894630432129,,,0.00019063647779906463,2360.168272951996
28160,57671680,2.5507712364196777,,,0.00019056849115039768,2361.376072289
28170,57692160,2.0364370346069336,,,0.0001905004977751764,2362.0500766629993
28180,57712640,2.1125457286834717,,,0.00019043249769128864,2362.771048976996
28190,57733120,1.8659430742263794,,,0.00019036449091662365,2363.4167899230015
28200,57753600,2.0214412212371826,2.0106525897979735,7.468189421639184,0.0001902964774690728,2364.677415291
28210,57774080,2.042895555496216,,,0.00019022845736652898,2365.5184214409965
28220,57794560,1.87870454788208,,,0.00019016043062688697,2366.2153754690007
28230,57815040,2.128002882003784,,,0.0001900923972680431,2367.089834724
28240,57835520,2.1244382858276367,,,0.00019002435730789576,2367.810217033002
28250,57856000,2.07206654548645,,,0.00018995631076434475,2368.5432593410005
28260,57876480,2.202378273010254,,,0.0001898882576552918,2369.230654514002
28270,57896960,2.025662899017334,,,0.0001898201979986403,2370.001470543997
28280,57917440,2.220198631286621,,,0.00018975213181229533,2370.8650636919992
28290,57937920,1.9873020648956299,,,0.00018968405911416384,2371.666715708001
28300,57958400,1.9143810272216797,2.015523928403854,7.504658254985835,0.00018961597992215424,2372.8232061559975
28310,57978880,1.9611396789550781,,,0.00018954789425417695,2373.552059886999
28320,57999360,1.9517207145690918,,,0.0001894798021281438,2374.308587065003
28330,58019840,1.953523874282837,,,0.0001894117035619685,2375.030834161
28340,58040320,1.8258047103881836,,,0.00018934359857356647,2375.7847526199985
28350,58060800,1.9348535537719727,,,0.00018927548718085467,2376.535896635003
28360,58081280,2.0638763904571533,,,0.00018920736940175186,2377.237178121999
28370,58101760,1.794032335281372,,,0.0001891392452541785,2378.0108318700004
28380,58122240,2.0968410968780518,,,0.0001890711147560566,2378.8318542159977
28390,58142720,1.8032028675079346,,,0.00018900297792531,2379.524572148999
28400,58163200,2.009983539581299,2.0081757068634034,7.4497144802873,0.00018893483477986405,2380.903910629997
28410,58183680,2.2250781059265137,,,0.00018886668533764594,2381.666778687999
28420,58204160,1.9629220962524414,,,0.0001887985296165843,2382.605398715001
28430,58224640,2.0465402603149414,,,0.00018873036763460957,2383.3035677689986
28440,58245120,1.7487733364105225,,,0.0001886621994096538,2384.040470699998
28450,58265600,2.0837807655334473,,,0.00018859402495965068,2384.8634132029983
28460,58286080,1.97447669506073,,,0.0001885258443025355,2385.559921330001
28470,58306560,2.0495996475219727,,,0.0001884576574562453,2386.213557365998
28480,58327040,1.9142022132873535,,,0.00018838946443871854,2386.8995603820003
28490,58347520,1.829529881477356,,,0.00018832126526789554,2387.5280166899975
28500,58368000,2.2039132118225098,2.0087659895420074,7.454113215826534,0.00018825305996171803,2388.6918661809977
28510,58388480,2.241610527038574,,,0.0001881848485381295,2389.8012369889984
28520,58408960,1.955143690109253,,,0.00018811663101507504,2390.5180342079984
28530,58429440,1.9199943542480469,,,0.0001880484074105012,2391.1892529199977
28540,58449920,2.037705898284912,,,0.00018798017774235637,2391.8175670650016
28550,58470400,2.0592215061187744,,,0.00018791194202859028,2392.4478689390016
28560,58490880,1.8272980451583862,,,0.00018784370028715445,2393.172083805999
28570,58511360,2.1420092582702637,,,0.0001877754525360018,2393.854742796
28580,58531840,2.1990246772766113,,,0.00018770719879308706,2394.5936796399983
28590,58552320,1.8901560306549072,,,0.00018763893907636635,2395.2452984600022
28600,58572800,2.093613862991333,2.008063292503357,7.448877072470683,0.00018757067340379743,2396.505923570003
28610,58593280,1.8834208250045776,,,0.00018750240179333963,2397.1698878809984
28620,58613760,2.0434656143188477,,,0.00018743412426295384,2397.9056404329967
28630,58634240,2.1136202812194824,,,0.00018736584083060246,2398.6066414590023
28640,58654720,1.9894291162490845,,,0.00018729755151424953,2399.260301203998
28650,58675200,2.1049535274505615,,,0.00018722925633186057,2400.026261537001
28660,58695680,2.05151104927063,,,0.00018716095530140272,2400.8270253910014
28670,58716160,1.9862141609191895,,,0.00018709264844084445,2401.5864970999974
28680,58736640,2.0925018787384033,,,0.0001870243357681561,2402.425322905001
28690,58757120,2.2042837142944336,,,0.00018695601730130926,2403.129990114001
28700,58777600,1.93998384475708,2.0048926293849947,7.425296595293183,0.00018688769305827716,2404.3313669369963
28710,58798080,1.8259258270263672,,,0.0001868193630570345,2404.9425249589985
28720,58818560,1.8001383543014526,,,0.00018675102731555759,2405.6354951870017
28730,58839040,1.9113261699676514,,,0.00018668268585182414,2406.3035170770017
28740,58859520,1.9113843441009521,,,0.00018661433868381337,2407.0459642080023
28750,58880000,2.1206235885620117,,,0.00018654598582950617,2407.9667777249997
28760,58900480,1.9658840894699097,,,0.00018647762730688468,2408.748088155997
28770,58920960,2.1129631996154785,,,0.00018640926313393268,2409.5373542579982
28780,58941440,1.7015435695648193,,,0.00018634089332863538,2410.224247213002
28790,58961920,2.151308059692383,,,0.00018627251790897959,2410.887923838003
28800,58982400,2.162167549133301,2.0042360186576844,7.4204226662074255,0.0001862041368929534,2412.1540424900013
28810,59002880,1.873166799545288,,,0.00018613575029854655,2412.783366292002
28820,59023360,2.05063533782959,,,0.0001860673581437501,2413.475837717
28830,59043840,1.9246292114257812,,,0.00018599896044655675,2414.100524112
28840,59064320,2.0759315490722656,,,0.00018593055722496038,2415.009196644998
28850,59084800,1.9023391008377075,,,0.00018586214849695672,2415.7756947699963
28860,59105280,1.88047194480896,,,0.00018579373428054253,2416.4869275910023
28870,59125760,2.0475990772247314,,,0.00018572531459371634,2417.171442699997
28880,59146240,2.2181215286254883,,,0.00018565688945447792,2417.8789902470016
28890,59166720,2.1876606941223145,,,0.00018558845888082864,2418.5549470789992
28900,59187200,1.986655592918396,2.0010816276073458,7.397052629854178,0.00018552002289077106,2419.770502268002
28910,59207680,1.9616074562072754,,,0.00018545158150230938,2420.484120344001
28920,59228160,2.0422780513763428,,,0.00018538313473344915,2421.3097249429993
28930,59248640,1.9073591232299805,,,0.00018531468260219735,2422.2228616770008
28940,59269120,2.121330738067627,,,0.00018524622512656235,2422.9421731030016
28950,59289600,1.9958502054214478,,,0.0001851777623245539,2423.609354385
28960,59310080,1.8280885219573975,,,0.00018510929421418321,2424.3104712689965
28970,59330560,1.9252703189849854,,,0.00018504082081346283,2424.9519069439993
28980,59351040,2.107240676879883,,,0.0001849723421404068,2425.6875293720004
28990,59371520,2.0098259449005127,,,0.0001849038582130304,2426.301101366
29000,59392000,2.0501205921173096,2.003825086355209,7.417374001276212,0.0001848353690493504,2427.321648584999
29010,59412480,2.192160129547119,,,0.0001847668746673849,2428.6690837569986
29020,59432960,1.9677278995513916,,,0.00018469837508515343,2429.491303128998
29030,59453440,1.9907677173614502,,,0.0001846298703206768,2430.3058454959973
29040,59473920,1.9829018115997314,,,0.00018456136039197727,2431.0026299180026
29050,59494400,1.7946467399597168,,,0.0001844928453170784,2431.695217608998
29060,59514880,1.9618542194366455,,,0.00018442432511400514,2432.417504956
29070,59535360,1.9372546672821045,,,0.00018435579980078377,2433.1199285729963
29080,59555840,1.8061316013336182,,,0.0001842872693954419,2433.8166191369965
29090,59576320,2.343254327774048,,,0.0001842187339160085,2434.4703796370013
29100,59596800,2.150986671447754,2.0037675857543946,7.41694751007654,0.00018415019338051392,2435.499070038997
29110,59617280,1.9388283491134644,,,0.00018408164780698967,2436.212730596999
29120,59637760,2.0341172218322754,,,0.00018401309721346887,2436.9741574639993
29130,59658240,2.201357841491699,,,0.00018394454161798566,2437.662449989002
29140,59678720,2.2648472785949707,,,0.00018387598103857572,2438.3893717969986
29150,59699200,1.869675636291504,,,0.00018380741549327596,2439.2811860110014
29160,59719680,2.079768180847168,,,0.00018373884500012453,2439.9610932169962
29170,59740160,2.187997341156006,,,0.000183670269577161,2440.7291040650016
29180,59760640,1.9759118556976318,,,0.0001836016892424261,2441.5695728540013
29190,59781120,1.827199935913086,,,0.00018353310401396204,2442.243441491999
29200,59801600,1.7891390323638916,2.0011501729488375,7.397559680730512,0.00018346451390981213,2443.2696602319993
29210,59822080,1.992382287979126,,,0.00018339591894802107,2444.047645767001
29220,59842560,1.8342044353485107,,,0.00018332731914663482,2444.938246001999
29230,59863040,1.8845605850219727,,,0.00018325871452370062,2445.7063765860003
29240,59883520,2.2279281616210938,,,0.00018319010509726692,2446.9214761990006
29250,59904000,2.0693957805633545,,,0.00018312149088538346,2447.603636148
29260,59924480,1.9951610565185547,,,0.0001830528719061013,2448.362765826001
29270,59944960,1.8940731287002563,,,0.00018298424817747276,2449.0518756449965
29280,59965440,1.9242639541625977,,,0.00018291561971755122,2449.743226917002
29290,59985920,1.8802576065063477,,,0.00018284698654439155,2450.4385116569974
29300,60006400,2.356869697570801,2.001467025279999,7.399903986139962,0.00018277834867604973,2451.521721835001
29310,60026880,2.111428737640381,,,0.00018270970613058302,2452.210599238999
29320,60047360,1.9936988353729248,,,0.0001826410589260498,2452.8649080940013
29330,60067840,1.9655004739761353,,,0.00018257240708050986,2453.5955738859993
29340,60088320,2.186349868774414,,,0.00018250375061202407,2454.3468289610028
29350,60108800,1.9418879747390747,,,0.00018243508953865456,2455.3105928529985
29360,60129280,1.8435076475143433,,,0.0001823664238784647,2456.3249908720027
29370,60149760,1.787703037261963,,,0.00018229775364951906,2457.250776531997
29380,60170240,2.2008800506591797,,,0.00018222907886988331,2457.9070543209964
29390,60190720,1.9442784786224365,,,0.00018216039955762446,2458.657433262997
29400,60211200,1.9388210773468018,1.996365249156952,7.362247471900564,0.0001820917157308107,2459.924192161001
29410,60231680,1.8792517185211182,,,0.00018202302740751123,2460.681964397998
29420,60252160,2.1089582443237305,,,0.00018195433460579664,2461.3927526249972
29430,60272640,1.695744514465332,,,0.00018188563734373861,2462.2504153949994
29440,60293120,1.9866535663604736,,,0.00018181693563941006,2462.9744610089983
29450,60313600,2.185454845428467,,,0.0001817482295108849,2463.7580244659985
29460,60334080,2.2031307220458984,,,0.00018167951897623844,2464.4493077299994
29470,60354560,2.092402935028076,,,0.000181610804053547,2465.1873527339994
29480,60375040,2.1526589393615723,,,0.00018154208476088806,2466.007640814001
29490,60395520,2.411428451538086,,,0.00018147336111634028,2466.801666373998
29500,60416000,1.7995221614837646,1.9995181083679199,7.385496232431433,0.00018140463313798353,2468.0480762700026
29510,60436480,1.906235933303833,,,0.00018133590084389866,2469.5900507069964
29520,60456960,2.3248181343078613,,,0.00018126716425216784,2470.4406281830015
29530,60477440,2.084804058074951,,,0.0001811984233808742,2471.189332611997
29540,60497920,1.9201905727386475,,,0.0001811296782481022,2471.9501158249986
29550,60518400,1.8851165771484375,,,0.0001810609288719371,2472.663248771998
29560,60538880,1.873124361038208,,,0.0001809921752704657,2473.3316606890003
29570,60559360,1.8507585525512695,,,0.0001809234174617755,2474.0184175800023
29580,60579840,2.212658405303955,,,0.0001808546554639554,2474.711363634
29590,60600320,2.1925950050354004,,,0.00018078588929509526,2475.3500984290004
29600,60620800,2.1914639472961426,1.9985442757606506,7.3783074962603905,0.00018071711897328603,2476.37023683
29610,60641280,2.128599166870117,,,0.00018064834451661993,2477.003475409998
29620,60661760,1.9894804954528809,,,0.00018057956594318996,2477.689859512
29630,60682240,1.917297124862671,,,0.00018051078327109048,2478.348003968
29640,60702720,1.966113567352295,,,0.00018044199651841682,2479.0166652339976
29650,60723200,1.940914511680603,,,0.00018037320570326535,2479.6818587430025
29660,60743680,2.332408905029297,,,0.00018030441084373357,2480.437117292997
29670,60764160,2.1560490131378174,,,0.00018023561195792002,2481.189160494003
29680,60784640,2.3363375663757324,,,0.00018016680906392428,2481.9284670159977
29690,60805120,2.155416965484619,,,0.000180098002179847,2482.6746163209973
29700,60825600,1.975084900856018,1.9967590928077699,7.365147617387578,0.0001800291913237899,2483.794896819003
29710,60846080,2.046668529510498,,,0.00017996037651385577,2484.6452785739966
29720,60866560,2.287215232849121,,,0.0001798915577681483,2485.3932114089985
29730,60887040,2.006432294845581,,,0.0001798227351047724,2486.120568291997
29740,60907520,1.9540746212005615,,,0.00017975390854183386,2486.770747962997
29750,60928000,2.092843532562256,,,0.00017968507809743966,2487.4672212259975
29760,60948480,2.063602924346924,,,0.00017961624378969759,2488.310192347002
29770,60968960,1.9120581150054932,,,0.0001795474056367166,2488.9896952639974
29780,60989440,2.2972733974456787,,,0.00017947856365660666,2489.7416845760017
29790,61009920,1.9695018529891968,,,0.00017940971786747868,2490.585598896003
29800,61030400,1.8870580196380615,1.994737595319748,7.350274028506416,0.00017934086828744458,2491.7136934599985
29810,61050880,2.050034999847412,,,0.0001792720149346173,2492.443496936001
29820,61071360,1.9820876121520996,,,0.00017920315782711077,2493.3012409700023
29830,61091840,2.121178150177002,,,0.00017913429698303998,2494.2333991900014
29840,61112320,2.0944442749023438,,,0.00017906543242052076,2494.947108141998
29850,61132800,1.9283297061920166,,,0.00017899656415766994,2495.6246030850016
29860,61153280,1.9743759632110596,,,0.00017892769221260544,2496.3740399419985
29870,61173760,2.0498712062835693,,,0.00017885881660344608,2497.2214953930015
29880,61194240,1.9161875247955322,,,0.00017878993734831165,2498.0255079889976
29890,61214720,1.971693515777588,,,0.0001787210544653228,2498.7303185499986
29900,61235200,1.871551752090454,1.9952275097370147,7.353875915960097,0.00017865216797260136,2499.749298800998
29910,61255680,2.00764536857605,,,0.00017858327788826988,2500.4333249949996
29920,61276160,2.056441307067871,,,0.00017851438423045204,2501.282919450001
29930,61296640,2.219555616378784,,,0.00017844548701727224,2501.977408273997
29940,61317120,2.1033387184143066,,,0.00017837658626685608,2502.6488576519987
29950,61337600,1.889203667640686,,,0.00017830768199732984,2503.3905731339983
29960,61358080,1.9587979316711426,,,0.00017823877422682097,2504.0750296350016
29970,61378560,2.05940580368042,,,0.0001781698629734576,2504.8009534329976
29980,61399040,2.0451183319091797,,,0.000178100948255369,2505.4975668609986
29990,61419520,2.176293134689331,,,0.0001780320300906851,2506.250838425003
30000,61440000,2.026489496231079,1.9878038942813874,7.2994857048446615,0.00017796310849753705,2507.4487831290025
30010,61460480,2.3680973052978516,,,0.00017789418349405657,2508.636339224002
30020,61480960,2.0052692890167236,,,0.00017782525509837653,2509.3597224569967
30030,61501440,2.0385234355926514,,,0.00017775632332863058,2510.2272860329977
30040,61521920,2.0505690574645996,,,0.00017768738820295328,2510.8799826059985
30050,61542400,2.27992844581604,,,0.0001776184497394801,2511.882006082
30060,61562880,1.8315181732177734,,,0.00017754950795634725,2512.655774746003
30070,61583360,1.890329360961914,,,0.0001774805628716921,2513.5622787739994
30080,61603840,2.1324098110198975,,,0.00017741161450365257,2514.3212437460024
30090,61624320,1.8054970502853394,,,0.00017734266287036763,2515.1310798409977
30100,61644800,2.048995018005371,1.9893947839736938,7.31110762355579,0.000177273707989977,2516.459301707997
30110,61665280,1.9763801097869873,,,0.0001772047498806215,2517.2335597659985
30120,61685760,1.852955937385559,,,0.0001771357885604424,2517.893146276001
30130,61706240,1.9419853687286377,,,0.00017706682404758215,2518.652252243999
30140,61726720,2.0785017013549805,,,0.0001769978563601839,2519.316107715
30150,61747200,2.30543851852417,,,0.0001769288855163917,2520.1122896919987
30160,61767680,2.03031063079834,,,0.0001768599115343503,2520.8002920979998
30170,61788160,2.0408248901367188,,,0.00017679093443220543,2521.4999061769995
30180,61808640,1.9484422206878662,,,0.00017672195422810356,2522.2429988489966
30190,61829120,1.8213152885437012,,,0.00017665297094019198,2523.022813263
30200,61849600,2.2107574939727783,1.9907531499862672,7.321045531796204,0.00017658398458661876,2524.2043932689994
30210,61870080,1.846251130104065,,,0.00017651499518553292,2525.003499503997
30220,61890560,2.289113998413086,,,0.0001764460027550841,2525.7353196990007
30230,61911040,2.0478367805480957,,,0.00017637700731342284,2526.457215964998
30240,61931520,2.1774649620056152,,,0.00017630800887870048,2527.1909031179966
30250,61952000,2.284066915512085,,,0.00017623900746906903,2527.9627565580013
30260,61972480,1.943540096282959,,,0.00017617000310268148,2528.629810364997
30270,61992960,2.3822264671325684,,,0.00017610099579769137,2529.6112011430014
30280,62013440,2.100947380065918,,,0.00017603198557225325,2530.3743625209972
30290,62033920,1.9056363105773926,,,0.00017596297244452223,2531.1405983529985
30300,62054400,1.8814809322357178,1.9877475082874299,7.299074127691518,0.0001758939564326543,2532.5986648940016
30310,62074880,1.9872043132781982,,,0.00017582493755480619,2533.2558611010027
30320,62095360,2.0691115856170654,,,0.0001757559158291354,2534.1832730899987
30330,62115840,2.0810365676879883,,,0.00017568689127380005,2535.0131528010024
30340,62136320,1.903597116470337,,,0.00017561786390695922,2535.702985185002
30350,62156800,1.8536534309387207,,,0.00017554883374677256,2536.5238050810003
30360,62177280,1.734720230102539,,,0.0001754798008114006,2537.2074843419978
30370,62197760,2.0621039867401123,,,0.00017541076511900432,2538.018140121996
30380,62218240,1.7745258808135986,,,0.00017534172668774584,2538.9017459219976
30390,62238720,2.011176824569702,,,0.0001752726855357876,2539.608644895001
30400,62259200,1.9924030303955078,1.986799168586731,7.292155407085127,0.00017520364168129309,2540.882036144998
30410,62279680,2.120821952819824,,,0.00017513459514242622,2541.5534646279993
30420,62300160,2.1591830253601074,,,0.00017506554593735182,2542.259322591999
30430,62320640,1.8526360988616943,,,0.00017499649408423532,2542.9732886540005
30440,62341120,1.8106354475021362,,,0.00017492743960124287,2543.703639639003
30450,62361600,1.9767414331436157,,,0.00017485838250654132,2544.3798831120002
30460,62382080,1.8727834224700928,,,0.00017478932281829817,2545.0177625529977
30470,62402560,2.3168396949768066,,,0.00017472026055468168,2546.0639369819983
30480,62423040,2.251037359237671,,,0.0001746511957338607,2546.980250767003
30490,62443520,2.136143207550049,,,0.00017458212837400484,2547.6917765339967
30500,62464000,2.2067275047302246,1.9812686800956727,7.251937540265627,0.00017451305849328422,2549.039620912001
30510,62484480,2.160174608230591,,,0.00017444398610986985,2550.387895355998
30520,62504960,2.0504307746887207,,,0.00017437491124193324,2551.152351689001
30530,62525440,1.9214909076690674,,,0.00017430583390764664,2551.8708964690013
30540,62545920,1.7765804529190063,,,0.00017423675412518274,2552.582088215
30550,62566400,1.947885513305664,,,0.00017416767191271522,2553.2725187670003
30560,62586880,2.1365840435028076,,,0.00017409858728841812,2554.0506941799977
30570,62607360,1.926917314529419,,,0.00017402950027046624,2554.8034402409976
30580,62627840,2.181553363800049,,,0.000173960410877035,2555.464760208997
30590,62648320,1.8629415035247803,,,0.0001738913191263004,2556.2019081690014
30600,62668800,2.097554922103882,1.9837793588638306,7.270167701338989,0.0001738222250364391,2557.3520953370025
30610,62689280,1.9595911502838135,,,0.00017375312862562834,2558.2856438439994
30620,62709760,1.926439881324768,,,0.00017368402991204597,2559.136835404999
30630,62730240,2.0681402683258057,,,0.00017361492891387057,2559.909058088997
30640,62750720,2.070884943008423,,,0.00017354582564928106,2560.6313793579975
30650,62771200,2.0605103969573975,,,0.0001734767201364573,2561.299713389999
30660,62791680,1.966099500656128,,,0.00017340761239357938,2561.9865923489997
30670,62812160,2.253142833709717,,,0.00017333850243882827,2562.647940586001
30680,62832640,1.7741599082946777,,,0.0001732693902903854,2563.385676981001
30690,62853120,2.045607089996338,,,0.00017320027596643274,2564.074073470998
30700,62873600,1.9485729932785034,1.9810480654239655,7.250337832911884,0.00017313115948515287,2565.3056974529973
30710,62894080,1.9574366807937622,,,0.00017306204086472892,2565.9626703510003
30720,62914560,2.3091564178466797,,,0.00017299292012334472,2566.6453417939993
30730,62935040,2.0276103019714355,,,0.00017292379727918442,2567.2959911569997
30740,62955520,1.858518362045288,,,0.0001728546723504329,2568.066288023998
30750,62976000,2.0410690307617188,,,0.00017278554535527554,2568.8294038859967
30760,62996480,1.8055380582809448,,,0.00017271641631189824,2569.6667625150003
30770,63016960,1.993815302848816,,,0.00017264728523848745,2570.5414832660026
30780,63037440,1.951933741569519,,,0.00017257815215323017,2571.188257711001
30790,63057920,2.0388681888580322,,,0.0001725090170743139,2571.943890718998
30800,63078400,1.9864907264709473,1.983075612783432,7.265053149199427,0.00017243988001992678,2573.057919065999
30810,63098880,2.1572394371032715,,,0.00017237074100825723,2573.7358454470013
30820,63119360,1.8446215391159058,,,0.00017230160005749445,2574.5284305059977
30830,63139840,1.9476163387298584,,,0.00017223245718582796,2575.2428930079986
30840,63160320,1.9338141679763794,,,0.0001721633124114479,2575.975320299003
30850,63180800,1.8915915489196777,,,0.00017209416575254477,2576.6744001780025
30860,63201280,2.082590103149414,,,0.0001720250172273098,2577.436336863
30870,63221760,2.047118902206421,,,0.00017195586685393448,2578.1592930080005
30880,63242240,2.031275749206543,,,0.0001718867146506109,2578.889055451
30890,63262720,1.9221526384353638,,,0.0001718175606355316,2579.690821996999
30900,63283200,1.8413569927215576,1.9768191397190094,7.219741433429136,0.00017174840482688964,2581.0208840699997
30910,63303680,2.01800274848938,,,0.00017167924724287848,2581.703426261003
30920,63324160,1.8512473106384277,,,0.0001716100879016921,2582.4860349450028
30930,63344640,1.9335672855377197,,,0.00017154092682152496,2583.268490552997
30940,63365120,2.0508127212524414,,,0.00017147176402057188,2584.036277553001
30950,63385600,1.9406719207763672,,,0.00017140259951702828,2584.891408739997
30960,63406080,1.9102768898010254,,,0.00017133343332908984,2585.687684589
30970,63426560,2.0044026374816895,,,0.0001712642654749529,2586.375020298001
30980,63447040,2.1049389839172363,,,0.000171195095972814,2587.153604521998
30990,63467520,1.97755765914917,,,0.0001711259248408704,2587.7675530729975
31000,63488000,2.011293888092041,1.9789722204208373,7.235302865880008,0.0001710567520973195,2588.7966806199984
31010,63508480,1.9223567247390747,,,0.00017098757776035932,2590.173566600999
31020,63528960,2.223478317260742,,,0.00017091840184818818,2590.906155276003
31030,63549440,2.272092819213867,,,0.00017084922437900492,2591.629786988997
31040,63569920,2.067911148071289,,,0.0001707800453710087,2592.2471248349975
31050,63590400,1.8701447248458862,,,0.00017071086484239914,2593.112461857003
31060,63610880,1.826159119606018,,,0.00017064168281137626,2593.8930714410017
31070,63631360,2.097080707550049,,,0.0001705724992961404,2594.6072814349973
31080,63651840,2.2769718170166016,,,0.00017050331431489238,2595.267333085998
31090,63672320,2.160923957824707,,,0.00017043412788583342,2596.146774064997
31100,63692800,1.939713478088379,1.9726130962371826,7.189438659099164,0.000170364940027165,2597.4503411780024
31110,63713280,1.9900152683258057,,,0.0001702957507570891,2598.1230498919977
31120,63733760,1.9745209217071533,,,0.00017022656009380794,2598.8446425489965
31130,63754240,1.9130465984344482,,,0.00017015736805552428,2599.579697813002
31140,63774720,2.05770206451416,,,0.00017008817466044115,2600.2919714160016
31150,63795200,1.7335129976272583,,,0.00017001897992676186,2601.1334142199994
31160,63815680,1.9890036582946777,,,0.00016994978387269025,2601.850479061999
31170,63836160,2.0924479961395264,,,0.00016988058651643028,2602.4970570139994
31180,63856640,2.3622403144836426,,,0.00016981138787618648,2603.187255511999
31190,63877120,1.8656437397003174,,,0.00016974218797016357,2603.8692495310024
31200,63897600,1.9222825765609741,1.9728722870349884,7.191302336954633,0.0001696729868165667,2605.032603884996
31210,63918080,1.9733713865280151,,,0.00016960378443360121,2605.8100114909976
31220,63938560,2.0784287452697754,,,0.00016953458083947295,2606.5748866270005
31230,63959040,1.938819408416748,,,0.0001694653760523879,2607.3493617040003
31240,63979520,1.7255971431732178,,,0.00016939617009055253,2608.1841890180003
31250,64000000,2.0284781455993652,,,0.0001693269629721734,2609.010419883998
31260,64020480,2.222653865814209,,,0.0001692577547154577,2609.6919466140025
31270,64040960,1.9500799179077148,,,0.00016918854533861256,2610.401367216
31280,64061440,1.9360486268997192,,,0.00016911933485984568,2611.088449857998
31290,64081920,2.0504813194274902,,,0.0001690501232973648,2611.902507801002
31300,64102400,1.9095985889434814,1.9714736998081208,7.181251703343812,0.00016898091066937826,2613.3431505530025
31310,64122880,2.1358046531677246,,,0.00016891169699409438,2614.119136207999
31320,64143360,1.9645673036575317,,,0.00016884248228972193,2614.886442021998
31330,64163840,2.090832233428955,,,0.00016877326657446996,2615.6211243290018
31340,64184320,2.0631070137023926,,,0.00016870404986654762,2616.4125249639983
31350,64204800,2.002175807952881,,,0.00016863483218416446,2617.1626228640016
31360,64225280,1.9102917909622192,,,0.00016856561354553027,2617.938287003999
31370,64245760,1.94075345993042,,,0.00016849639396885515,2618.7165506160018
31380,64266240,1.7871720790863037,,,0.00016842717347234924,2619.5370053669976
31390,64286720,2.0499885082244873,,,0.00016835795207422314,2620.324832614002
31400,64307200,2.128296375274658,1.9768895626068115,7.220249886373215,0.00016828872979268757,2621.394813842002
31410,64327680,2.0095322132110596,,,0.00016821950664595357,2622.262469250003
31420,64348160,2.219409942626953,,,0.00016815028265223223,2623.032800686997
31430,64368640,1.9496148824691772,,,0.00016808105782973516,2623.747288427003
31440,64389120,2.1260569095611572,,,0.0001680118321966739,2624.5890288899973
31450,64409600,2.0220212936401367,,,0.00016794260577126036,2625.2654678249964
31460,64430080,1.9021492004394531,,,0.00016787337857170653,2625.9460619180027
31470,64450560,2.0757598876953125,,,0.00016780415061622484,2626.672554621997
31480,64471040,1.870051383972168,,,0.00016773492192302764,2627.4385491400026
31490,64491520,1.9017444849014282,,,0.00016766569251032768,2628.2471105529985
31500,64512000,1.9399237632751465,1.971190083026886,7.179215268647651,0.00016759646239633774,2629.735610734002
31510,64532480,2.114537000656128,,,0.00016752723159927098,2631.151945614998
31520,64552960,2.040829658508301,,,0.00016745800013734052,2631.9673019819966
31530,64573440,2.0144577026367188,,,0.00016738876802875982,2632.640234710001
31540,64593920,1.9415795803070068,,,0.00016731953529174247,2633.4378682629977
31550,64614400,1.9019865989685059,,,0.00016725030194450212,2634.367922108002
31560,64634880,2.0024399757385254,,,0.00016718106800525274,2635.148339717998
31570,64655360,2.0772910118103027,,,0.00016711183349220836,2635.960683366
31580,64675840,2.2521142959594727,,,0.0001670425984235832,2636.819344909003
31590,64696320,2.0052664279937744,,,0.00016697336281759156,2637.7642654779993
31600,64716800,2.1581063270568848,1.9707631528377534,7.176150899097664,0.00016690412669244804,2639.113593064001
31610,64737280,1.9520725011825562,,,0.00016683489006636714,2639.9654297270026
31620,64757760,2.0382907390594482,,,0.00016676565295756373,2640.7355108139964
31630,64778240,1.8872690200805664,,,0.00016669641538425255,2641.548245719998
31640,64798720,2.1042051315307617,,,0.0001666271773646488,2642.212941138001
31650,64819200,2.083897113800049,,,0.0001665579389169675,2642.9385508979976
31660,64839680,2.0853781700134277,,,0.00016648870005942382,2643.595113782998
31670,64860160,1.779787540435791,,,0.0001664194608102332,2644.3386392269967
31680,64880640,1.8031730651855469,,,0.00016635022118761115,2644.9809819380025
31690,64901120,1.8508954048156738,,,0.00016628098120977306,2645.6547218470005
31700,64921600,2.0155975818634033,1.969318836927414,7.165793751476108,0.00016621174089493472,2646.8834564459976
31710,64942080,2.0235791206359863,,,0.00016614250026131174,2647.526572900999
31720,64962560,2.098517417907715,,,0.00016607325932712003,2648.294388700997
31730,64983040,1.9521777629852295,,,0.0001660040181105754,2649.154009732003
31740,65003520,1.9709351062774658,,,0.00016593477662989387,2650.025114768003
31750,65024000,1.7795624732971191,,,0.00016586553490329149,2651.0105800419988
31760,65044480,1.959599494934082,,,0.00016579629294898428,2651.631951096999
31770,65064960,2.171684741973877,,,0.00016572705078518853,2652.373722119002
31780,65085440,1.975561499595642,,,0.00016565780843012034,2653.210729970997
31790,65105920,1.8963180780410767,,,0.00016558856590199604,2653.9216109659974
31800,65126400,2.145587921142578,1.9660485863685608,7.142398086150004,0.00016551932321903187,2655.231099967001
31810,65146880,2.025825262069702,,,0.00016545008039944433,2655.9436899669963
31820,65167360,1.9509161710739136,,,0.00016538083746144965,2656.707751228998
31830,65187840,2.082047939300537,,,0.00016531159442326432,2657.5650952720025
31840,65208320,2.100442886352539,,,0.00016524235130310479,2658.416358893999
31850,65228800,1.7881476879119873,,,0.00016517310811918755,2659.209477819997
31860,65249280,2.2143616676330566,,,0.000165103864889729,2659.8922994070017
31870,65269760,1.9280846118927002,,,0.00016503462163294574,2660.791278003002
31880,65290240,2.1841959953308105,,,0.0001649653783670542,2661.494516947001
31890,65310720,1.963266134262085,,,0.00016489613511027097,2662.2821821510006
31900,65331200,1.8863401412963867,1.968333238363266,7.158734634742768,0.0001648268918808124,2663.396661013998
31910,65351680,1.9770045280456543,,,0.00016475764869689519,2664.128326222999
31920,65372160,1.8649213314056396,,,0.00016468840557673563,2664.8540722219986
31930,65392640,1.981949806213379,,,0.00016461916253855032,2665.592097642999
31940,65413120,2.0199103355407715,,,0.00016454991960055564,2666.312199975
31950,65433600,2.124948024749756,,,0.00016448067678096807,2666.982689094999
31960,65454080,2.2137556076049805,,,0.00016441143409800393,2667.6883588630008
31970,65474560,2.0148730278015137,,,0.00016434219156987964,2668.3723129319987
31980,65495040,2.1980502605438232,,,0.00016427294921481146,2669.0607580880023
31990,65515520,1.7702010869979858,,,0.00016420370705101564,2669.7497060530004
32000,65536000,2.392697811126709,1.9671655356884004,7.150380239835055,0.00016413446509670846,2670.816019152997
32010,65556480,2.1461901664733887,,,0.00016406522337010607,2672.135721890998
32020,65576960,2.264158248901367,,,0.00016399598188942456,2672.949761826996
32030,65597440,2.129641056060791,,,0.00016392674067287994,2673.716349952003
32040,65617920,2.1165974140167236,,,0.0001638574997386882,2674.5585914039984
32050,65638400,1.8922278881072998,,,0.00016378825910506525,2675.318482461
32060,65658880,2.013930320739746,,,0.0001637190187902269,2676.1831830469964
32070,65679360,1.8919181823730469,,,0.0001636497788123888,2676.9011562570013
32080,65699840,1.986201286315918,,,0.00016358053918976673,2677.602199515997
32090,65720320,1.958866834640503,,,0.00016351129994057615,2678.3408098500004
32100,65740800,1.9963767528533936,1.9658361375331879,7.140880853167728,0.0001634420610830325,2679.7207089639996
32110,65761280,2.0392825603485107,,,0.00016337282263535118,2680.392193464999
32120,65781760,1.8468999862670898,,,0.0001633035846157474,2681.2441655329967
32130,65802240,1.932956337928772,,,0.00016323434704243627,2682.0585306349967
32140,65822720,1.84546959400177,,,0.0001631651099336328,2682.861614970003
32150,65843200,1.8416244983673096,,,0.00016309587330755193,2683.6649345600017
32160,65863680,1.7974954843521118,,,0.00016302663718240838,2684.4949308849973
32170,65884160,2.196518898010254,,,0.00016295740157641674,2685.268865181999
32180,65904640,1.7246792316436768,,,0.0001628881665077916,2685.9188223849997
32190,65925120,2.0388906002044678,,,0.00016281893199474723,2686.6271045079993
32200,65945600,1.8682682514190674,1.9645051121711732,7.131382482333574,0.00016274969805549783,2687.797978691
32210,65966080,1.7297497987747192,,,0.0001626804647082575,2688.465389126999
32220,65986560,2.1355209350585938,,,0.00016261123197124013,2689.163466951999
32230,66007040,2.1466269493103027,,,0.00016254199986265945,2689.8463431420023
32240,66027520,2.0002546310424805,,,0.00016247276840072896,2690.5647271499984
32250,66048000,2.038262367248535,,,0.0001624035376036622,2691.2594396130007
32260,66068480,2.0770211219787598,,,0.0001623343074896723,2691.9024955179993
32270,66088960,1.9497172832489014,,,0.0001622650780769723,2692.5897129520017
32280,66109440,1.9439351558685303,,,0.0001621958493837751,2693.3066102919984
32290,66129920,1.9801504611968994,,,0.00016212662142829344,2694.0499643069998
32300,66150400,2.0897927284240723,1.9662990808486938,7.144187441547965,0.00016205739422873964,2695.1121481209993
32310,66170880,1.9751389026641846,,,0.00016198816780332607,2695.808712484999
32320,66191360,1.85959792137146,,,0.00016191894217026478,2696.743521450997
32330,66211840,2.1317903995513916,,,0.0001618497173477677,2697.435061573997
32340,66232320,2.02034854888916,,,0.0001617804933540464,2698.1062790680007
32350,66252800,1.6823070049285889,,,0.0001617112702073124,2698.803808347002
32360,66273280,1.8642032146453857,,,0.00016164204792577685,2699.4737939670013
32370,66293760,1.646456003189087,,,0.00016157282652765073,2700.1838635199965
32380,66314240,2.323777198791504,,,0.00016150360603114483,2700.945628251997
32390,66334720,2.0276451110839844,,,0.0001614343864544697,2701.6351540329997
32400,66355200,1.9391494989395142,1.965163278579712,7.136077663665716,0.0001613651678158355,2702.791769110001
32410,66375680,1.8082706928253174,,,0.00016129595013345232,2703.5286911369985
32420,66396160,1.9543941020965576,,,0.00016122673342553002,2704.308982526003
32430,66416640,2.0439820289611816,,,0.000161157517710278,2704.969841940998
32440,66437120,1.770801067352295,,,0.00016108830300590556,2705.9016282619996
32450,66457600,1.8241779804229736,,,0.0001610190893306217,2706.568396087998
32460,66478080,2.0442042350769043,,,0.00016094987670263515,2707.3454049669963
32470,66498560,1.6745152473449707,,,0.00016088066514015432,2708.2891790130016
32480,66519040,2.167067050933838,,,0.0001608114546613874,2709.159669599001
32490,66539520,2.012860059738159,,,0.00016074224528454226,2709.868852369
32500,66560000,1.9316290616989136,1.96204794049263,7.113880962194667,0.00016067303702782654,2711.297406931997
32510,66580480,1.8292911052703857,,,0.00016060382990944745,2712.7642848530013
32520,66600960,2.125725746154785,,,0.00016053462394761207,2713.6381061389984
32530,66621440,2.290177822113037,,,0.00016046541916052705,2714.5527578960027
32540,66641920,1.7088143825531006,,,0.00016039621556639873,2715.3921803620033
32550,66662400,1.840181827545166,,,0.00016032701318343325,2716.2494759420006
32560,66682880,2.1163430213928223,,,0.00016025781202983638,2717.0138752939965
32570,66703360,1.98578679561615,,,0.0001601886121238135,2717.748523741
32580,66723840,1.8895268440246582,,,0.0001601194134835697,2718.557760974996
32590,66744320,1.8981163501739502,,,0.00016005021612730975,2719.363187652001
32600,66764800,2.4303483963012695,1.9589868903160095,7.092138310270575,0.00015998102007323811,2720.7096814370016
32610,66785280,1.91627836227417,,,0.0001599118253395588,2721.3814575959987
32620,66805760,1.8238445520401,,,0.0001598426319444757,2722.249976400999
32630,66826240,1.919960618019104,,,0.000159773439906192,2722.9221489139964
32640,66846720,2.140145778656006,,,0.00015970424924291086,2723.8684584489965
32650,66867200,1.6543546915054321,,,0.00015963505997283498,2724.6620374019985
32660,66887680,1.6434624195098877,,,0.00015956587211416655,2725.451697343
32670,66908160,1.9608808755874634,,,0.0001594966856851076,2726.191540783999
32680,66928640,2.1115474700927734,,,0.00015942750070385955,2726.9390227559998
32690,66949120,1.973813772201538,,,0.00015935831718862372,2727.6471918129973
32700,66969600,2.1057820320129395,1.9655792355537414,7.139046582365546,0.0001592891351576008,2728.7036401540026
32710,66990080,1.775889277458191,,,0.00015921995462899125,2729.5488598349984
32720,67010560,2.074070930480957,,,0.00015915077562099505,2730.202287236003
32730,67031040,1.9351751804351807,,,0.0001590815981518118,2730.876443966001
32740,67051520,1.9166117906570435,,,0.00015901242223964067,2731.7249639340007
32750,67072000,2.283252716064453,,,0.00015894324790268047,2732.4984676500026
32760,67092480,2.268073558807373,,,0.00015887407515912955,2733.234987128999
32770,67112960,1.9841268062591553,,,0.00015880490402718595,2734.024610344997
32780,67133440,2.1616036891937256,,,0.00015873573452504709,2734.7749557450006
32790,67153920,1.8403956890106201,,,0.00015866656667091014,2735.5815887610006
32800,67174400,1.9057986736297607,1.9606082618236542,7.103646628363519,0.0001585974004829717,2736.7304278329975
32810,67194880,2.085280418395996,,,0.0001585282359794281,2737.6128734369995
32820,67215360,1.9130780696868896,,,0.000158459073178475,2738.5423506000006
32830,67235840,2.356269121170044,,,0.00015838991209830787,2739.3646453109977
32840,67256320,2.1092305183410645,,,0.0001583207527571215,2740.1240887120002
32850,67276800,1.998366117477417,,,0.0001582515951731103,2740.9063788279964
32860,67297280,2.107656478881836,,,0.00015818243936446835,2741.678499018002
32870,67317760,2.1184499263763428,,,0.00015811328534938906,2742.446596116999
32880,67338240,2.088167667388916,,,0.00015804413314606547,2743.1867394349974
32890,67358720,2.3180527687072754,,,0.00015797498277269015,2743.9096721059977
32900,67379200,1.8017442226409912,1.9638193607330323,7.126493802941421,0.0001579058342474552,2745.0210824769965
32910,67399680,1.9940485954284668,,,0.0001578366875885521,2745.755423522998
32920,67420160,2.0194215774536133,,,0.000157767542814172,2746.4525528960003
32930,67440640,2.092409133911133,,,0.0001576983999425055,2747.1402830130028
32940,67461120,1.9336246252059937,,,0.00015762925899174274,2747.857631398001
32950,67481600,1.7048850059509277,,,0.0001575601199800732,2748.521455191003
32960,67502080,2.0031068325042725,,,0.00015749098292568603,2749.1848262420026
32970,67522560,2.0616977214813232,,,0.0001574218478467698,2749.864658583996
32980,67543040,1.9892759323120117,,,0.00015735271476151254,2750.543179489003
32990,67563520,1.836807370185852,,,0.00015728358368810174,2751.2066902119986
33000,67584000,1.9191325902938843,1.9587547779083252,7.090492328005591,0.00015721445464472443,2752.388734107997
33010,67604480,1.911534309387207,,,0.00015714532764956707,2753.7711790839967
33020,67624960,1.8252761363983154,,,0.00015707620272081553,2754.4710486819968
33030,67645440,1.8711605072021484,,,0.00015700707987665523,2755.1301590770017
33040,67665920,2.206263542175293,,,0.00015693795913527102,2755.7934740830024
33050,67686400,2.0899343490600586,,,0.0001568688405148471,2756.449064512999
33060,67706880,1.7938416004180908,,,0.0001567997240335672,2757.250612468997
33070,67727360,2.024411678314209,,,0.00015673060970961455,2758.1742835609984
33080,67747840,2.102632761001587,,,0.00015666149756117165,2758.8991394039986
33090,67768320,1.93466317653656,,,0.00015659238760642056,2759.639880288996
33100,67788800,1.8957834243774414,1.9576394379138946,7.08258842691982,0.00015652327986354268,2760.8970291299993
33110,67809280,1.8777849674224854,,,0.00015645417435071888,2761.604232976002
33120,67829760,1.8943638801574707,,,0.0001563850710861294,2762.3374975469997
33130,67850240,1.8677735328674316,,,0.00015631597008795397,2763.090798224999
33140,67870720,2.053518772125244,,,0.00015624687137437163,2763.791939677001
33150,67891200,2.1672914028167725,,,0.0001561777749635609,2764.520060912
33160,67911680,2.2722463607788086,,,0.00015610868087369953,2765.5242520579995
33170,67932160,2.0373358726501465,,,0.00015603958912296497,2766.3683872460024
33180,67952640,2.1753931045532227,,,0.0001559704997295337,2767.087433640998
33190,67973120,1.9325040578842163,,,0.00015590141271158183,2767.7774806829984
33200,67993600,2.0825188159942627,1.9577189266681672,7.083151435427027,0.00015583232808728475,2768.9921720119964
33210,68014080,2.0405921936035156,,,0.00015576324587481723,2769.7631909679985
33220,68034560,2.064664602279663,,,0.00015569416609235336,2770.4978339059962
33230,68055040,1.9238803386688232,,,0.0001556250887580667,2771.3440249859996
33240,68075520,1.9866125583648682,,,0.0001555560138901301,2772.2387814199974
33250,68096000,2.0530500411987305,,,0.00015548694150671575,2773.072357619996
33260,68116480,2.0798110961914062,,,0.00015541787162599513,2773.8514113420024
33270,68136960,2.086963653564453,,,0.00015534880426613926,2774.6067812480032
33280,68157440,2.025001287460327,,,0.00015527973944531826,2775.2774647100014
33290,68177920,2.260835886001587,,,0.00015521067718170175,2775.952514495999
33300,68198400,2.198787212371826,1.954046607017517,7.0571875422586565,0.00015514161749345865,2777.1378962559975
33310,68218880,1.8982807397842407,,,0.00015507256039875707,2777.7909048739966
33320,68239360,1.924721121788025,,,0.00015500350591576468,2778.5470975729986
33330,68259840,2.0196332931518555,,,0.00015493445406264812,2779.248813371996
33340,68280320,1.9682787656784058,,,0.00015486540485757375,2779.9424323959975
33350,68300800,2.039013385772705,,,0.00015479635831870689,2780.7616894340026
33360,68321280,2.1197004318237305,,,0.00015472731446421236,2781.458052198999
33370,68341760,1.9046095609664917,,,0.00015465827331225413,2782.4572278060004
33380,68362240,1.9452120065689087,,,0.00015458923488099565,2783.4588298550007
33390,68382720,1.8656785488128662,,,0.00015452019918859938,2784.3844041039993
33400,68403200,2.1042685508728027,1.9537617862224579,7.055177794714522,0.0001544511662532274,2785.6317579629977
33410,68423680,2.031635284423828,,,0.00015438213609304073,2786.412657604
33420,68444160,1.8728110790252686,,,0.00015431310872619992,2787.405759602996
33430,68464640,2.029940128326416,,,0.00015424408417086458,2788.264951543999
33440,68485120,1.9735827445983887,,,0.00015417506244519378,2788.9703486650033
33450,68505600,2.157538414001465,,,0.00015410604356734566,2790.04442423
33460,68526080,2.0935280323028564,,,0.00015403702755547772,2790.701357281003
33470,68546560,1.9514267444610596,,,0.0001539680144277467,2791.4570046829976
33480,68567040,1.8169569969177246,,,0.0001538990042023086,2792.177933293002
33490,68587520,2.0417566299438477,,,0.0001538299968973185,2792.820697631003
33500,68608000,1.855829119682312,1.9561621427536011,7.072133078034015,0.0001537609925309309,2794.167576116997
33510,68628480,2.2818264961242676,,,0.0001536919911212995,2795.660659303998
33520,68648960,1.914590835571289,,,0.0001536229926865771,2796.4001279279983
33530,68669440,2.1677165031433105,,,0.00015355399724491584,2797.125054801996
33540,68689920,2.2649309635162354,,,0.00015348500481446702,2797.8202981680006
33550,68710400,2.037968397140503,,,0.00015341601541338118,2798.5752843719965
33560,68730880,1.9738879203796387,,,0.00015334702905980797,2799.366463245002
33570,68751360,2.0649726390838623,,,0.0001532780457718964,2800.016196837001
33580,68771840,1.9685299396514893,,,0.0001532090655677945,2800.6960044689986
33590,68792320,2.056429862976074,,,0.00015314008846564967,2801.3588395260012
33600,68812800,1.9060752391815186,1.9547715544700623,7.062305487286012,0.00015307111448360823,2802.410045771998
33610,68833280,2.079418659210205,,,0.00015300214363981606,2803.0840197860016
33620,68853760,2.2292919158935547,,,0.0001529331759524178,2803.7953989960006
33630,68874240,2.0840272903442383,,,0.00015286421143955755,2804.4841221160023
33640,68894720,2.094388008117676,,,0.00015279525011937847,2805.1807379559978
33650,68915200,1.876823902130127,,,0.00015272629201002293,2805.8396170869964
33660,68935680,2.2021265029907227,,,0.00015265733712963237,2806.540866602001
33670,68956160,1.8164052963256836,,,0.0001525883854963474,2807.282174189
33680,68976640,1.9149038791656494,,,0.00015251943712830786,2808.046135962999
33690,68997120,1.6158193349838257,,,0.0001524504920436527,2808.8642798759975
33700,69017600,1.9469250440597534,1.954120671749115,7.057710250316688,0.00015238155026051986,2810.099503461999
33710,69038080,1.899812936782837,,,0.00015231261179704669,2810.8663277820015
33720,69058560,1.7966560125350952,,,0.0001522436766713694,2811.485336498001
33730,69079040,2.028937339782715,,,0.0001521747449016234,2812.292647565002
33740,69099520,2.387582302093506,,,0.0001521058165059434,2813.222495875001
33750,69120000,1.9529075622558594,,,0.00015203689150246295,2813.927755646
33760,69140480,1.9300986528396606,,,0.00015196796990931487,2814.637150608003
33770,69160960,2.0164144039154053,,,0.00015189905174463098,2815.3870487219974
33780,69181440,1.8630226850509644,,,0.00015183013702654236,2816.1497282529963
33790,69201920,2.0070719718933105,,,0.000151761225773179,2816.887935580002
33800,69222400,2.087467670440674,1.9561084270477296,7.071753203616414,0.0001516923180026701,2817.896750316999
33810,69242880,1.9296717643737793,,,0.0001516234137331439,2818.6274515769983
33820,69263360,1.859266996383667,,,0.00015155451298272775,2819.4307918490013
33830,69283840,1.8759896755218506,,,0.00015148561576954799,2820.180289169002
33840,69304320,1.924264669418335,,,0.0001514167221117301,2820.918539986
33850,69324800,1.751060962677002,,,0.0001513478320273986,2821.646434182003
33860,69345280,1.7736725807189941,,,0.00015127894553467716,2822.3200738520027
33870,69365760,2.246511220932007,,,0.00015121006265168832,2823.224163812003
33880,69386240,2.0535600185394287,,,0.0001511411833965539,2824.207605067997
33890,69406720,1.8682764768600464,,,0.0001510723077873945,2825.074885150003
33900,69427200,2.2420027256011963,1.9519743978977204,7.04257871537321,0.00015100343584233,2826.202443977003
33910,69447680,1.957568883895874,,,0.0001509345675794792,2826.8461721999993
33920,69468160,2.0189735889434814,,,0.00015086570301696,2827.5822057510013
33930,69488640,2.017730474472046,,,0.00015079684217288918,2828.3745279150025
33940,69509120,2.20828914642334,,,0.00015072798506538264,2829.158753140997
33950,69529600,2.0529720783233643,,,0.0001506591317125554,2829.901877682998
33960,69550080,2.160571813583374,,,0.00015059028213252132,2830.638224604001
33970,69570560,2.132047653198242,,,0.0001505214363433933,2831.336140170002
33980,69591040,1.8710308074951172,,,0.00015045259436328334,2832.3312107320016
33990,69611520,1.9308526515960693,,,0.0001503837562103024,2833.026376449001
34000,69632000,1.8605270385742188,1.95156791806221,7.039716630864644,0.00015031492190256028,2834.383361350003
34010,69652480,1.9007201194763184,,,0.00015024609145816608,2835.6764772660026
34020,69672960,1.719038963317871,,,0.00015017726489522756,2836.436285140997
34030,69693440,1.901777982711792,,,0.00015010844223185168,2837.211727037
34040,69713920,1.9819825887680054,,,0.0001500396234861442,2837.905371367997
34050,69734400,2.080765724182129,,,0.00014997080867621006,2838.613370576997
34060,69754880,1.7493560314178467,,,0.00014990199782015297,2839.2976393299978
34070,69775360,2.029820442199707,,,0.0001498331909360757,2840.0132620939985
34080,69795840,1.9879244565963745,,,0.00014976438804207995,2840.758930199998
34090,69816320,1.9814482927322388,,,0.00014969558915626643,2841.4177031639992
34100,69836800,2.1400115489959717,1.9520240604877472,7.0429284767576394,0.00014962679429673462,2842.7278576649987
34110,69857280,1.8215405941009521,,,0.00014955800348158315,2843.3759344089995
34120,69877760,2.0821316242218018,,,0.00014948921672890947,2843.993839513001
34130,69898240,2.0879147052764893,,,0.00014942043405681002,2844.6365849130016
34140,69918720,1.904404640197754,,,0.00014935165548338004,2845.3920282670006
34150,69939200,1.7963985204696655,,,0.0001492828810267139,2846.163498267997
34160,69959680,1.9142189025878906,,,0.00014921411070490471,2846.8645554460018
34170,69980160,1.8347527980804443,,,0.00014914534453604455,2847.575894282003
34180,70000640,1.805910587310791,,,0.00014907658253822447,2848.2453912069977
34190,70021120,1.8377900123596191,,,0.00014900782472953428,2848.961075911997
34200,70041600,1.8744348287582397,1.9483779966831207,7.017296266892015,0.00014893907112806284,2850.173158179001
34210,70062080,1.95552396774292,,,0.00014887032175189778,2850.830566438999
34220,70082560,2.3500680923461914,,,0.00014880157661912574,2851.531653044003
34230,70103040,2.2355284690856934,,,0.00014873283574783213,2852.219260318001
34240,70123520,2.1472830772399902,,,0.00014866409915610128,2852.8521671100025
34250,70144000,1.9542840719223022,,,0.00014859536686201644,2853.4905635089963
34260,70164480,2.3366990089416504,,,0.0001485266388836597,2854.2684691239992
34270,70184960,1.9368010759353638,,,0.00014845791523911193,2854.912385288997
34280,70205440,2.0838935375213623,,,0.00014838919594645298,2855.824202802003
34290,70225920,1.8503260612487793,,,0.0001483204810237615,2856.5374304020006
34300,70246400,2.2584707736968994,1.9461799442768097,7.001888821336503,0.00014825177048911507,2857.8953612370024
34310,70266880,2.087785482406616,,,0.0001481830643605899,2858.598493780002
34320,70287360,1.9771840572357178,,,0.00014811436265626133,2859.3357038250033
34330,70307840,2.0448687076568604,,,0.0001480456653942033,2860.1280665119994
34340,70328320,1.8917255401611328,,,0.00014797697259248877,2860.8198788910013
34350,70348800,1.8873927593231201,,,0.00014790828426918928,2861.537647142999
34360,70369280,2.0564956665039062,,,0.0001478396004423755,2862.2611792259995
34370,70389760,1.8614501953125,,,0.00014777092113011666,2862.906834125002
34380,70410240,2.0404844284057617,,,0.00014770224635048088,2863.6651939950025
34390,70430720,2.0074524879455566,,,0.00014763357612153526,2864.3902275049986
34400,70451200,1.8467884063720703,1.9445070266723632,6.990185030731154,0.0001475649104613454,2865.9302884779972
34410,70471680,1.9697058200836182,,,0.0001474962493879759,2866.8958585989967
34420,70492160,1.9858801364898682,,,0.0001474275929194901,2867.7541144569986
34430,70512640,1.7014400959014893,,,0.00014735894107395018,2868.3775945730013
34440,70533120,2.0798439979553223,,,0.00014729029386941698,2869.0310583850005
34450,70553600,1.8702595233917236,,,0.00014722165132395024,2869.826496296002
34460,70574080,1.8624563217163086,,,0.0001471530134556084,2870.6139071419966
34470,70594560,1.8920221328735352,,,0.00014708438028244875,2871.4822165549995
34480,70615040,1.87644624710083,,,0.0001470157518225272,2872.2166895690025
34490,70635520,2.0504775047302246,,,0.00014694712809389866,2873.0807539820016
34500,70656000,2.0864734649658203,1.944063276052475,6.987083819923632,0.0001468785091146165,2874.3713837210016
34510,70676480,2.113312244415283,,,0.0001468098949027331,2875.7594277440003
34520,70696960,2.113115072250366,,,0.00014674128547629935,2876.484097594999
34530,70717440,1.8734893798828125,,,0.00014667268085336515,2877.373278940002
34540,70737920,2.0211002826690674,,,0.0001466040810519789,2878.1754395550015
34550,70758400,2.0260348320007324,,,0.00014653548609018784,2879.030127320999
34560,70778880,2.071692705154419,,,0.00014646689598603793,2879.9747835430026
34570,70799360,2.0229225158691406,,,0.0001463983107575739,2880.719493233002
34580,70819840,2.0015382766723633,,,0.00014632973042283897,2881.382462362002
34590,70840320,2.168991804122925,,,0.00014626115499987542,2882.1488302220023
34600,70860800,1.8707153797149658,1.9395418107509612,6.95556327609524,0.000146192584506724,2883.402366504997
34610,70881280,1.9940252304077148,,,0.00014612401896142423,2884.1796964250025
34620,70901760,2.0118086338043213,,,0.00014605545838201428,2884.864830188999
34630,70922240,1.804880142211914,,,0.0001459869027865311,2885.5385100810017
34640,70942720,2.0886900424957275,,,0.00014591835219301028,2886.564258710998
34650,70963200,1.835495948791504,,,0.00014584980661948605,2887.3448767329974
34660,70983680,1.9644442796707153,,,0.00014578126608399148,2888.0104973120033
34670,71004160,2.0290451049804688,,,0.00014571273060455807,2888.8285111290024
34680,71024640,1.9393773078918457,,,0.00014564420019921623,2889.4687332469985
34690,71045120,1.8681459426879883,,,0.0001455756748859948,2890.132886303996
34700,71065600,1.8321881294250488,1.9408173978328704,6.964441363940902,0.00014550715468292157,2891.1853310809965
34710,71086080,2.141416311264038,,,0.0001454386396080227,2891.920437920002
34720,71106560,1.9913010597229004,,,0.00014537012967932316,2892.6559164930004
34730,71127040,1.8970439434051514,,,0.00014530162491484654,2893.441947131003
34740,71147520,2.2166531085968018,,,0.0001452331253326151,2894.200273693001
34750,71168000,2.17828631401062,,,0.00014516463095064956,2895.010731321003
34760,71188480,1.8966842889785767,,,0.00014509614178696958,2895.757707933997
34770,71208960,2.0590364933013916,,,0.00014502765785959318,2896.4297435650005
34780,71229440,1.9336128234863281,,,0.00014495917918653714,2897.2145313729998
34790,71249920,1.9689481258392334,,,0.00014489070578581673,2897.941175660002
34800,71270400,2.234415054321289,1.9401537895202636,6.959821235906362,0.00014482223767544607,2899.0074703499995
34810,71290880,1.930504560470581,,,0.00014475377487343762,2899.727257958002
34820,71311360,2.1184685230255127,,,0.0001446853173978026,2900.4294800450007
34830,71331840,1.6919538974761963,,,0.00014461686526655082,2901.153013848001
34840,71352320,2.31852126121521,,,0.0001445484184976906,2901.9127011980017
34850,71372800,1.814192771911621,,,0.00014447997710922893,2902.6724865860015
34860,71393280,1.9879446029663086,,,0.00014441154111917136,2903.5065117310005
34870,71413760,1.7938599586486816,,,0.00014434311054552202,2904.2187934019967
34880,71434240,1.9195573329925537,,,0.00014427468540628363,2905.035846163002
34890,71454720,1.8293166160583496,,,0.00014420626571945742,2905.9831342420002
34900,71475200,1.6416807174682617,1.9415223479270936,6.969352678449044,0.00014413785150304325,2907.2596784709967
34910,71495680,1.9181122779846191,,,0.00014406944277503957,2908.061363724999
34920,71516160,1.9354994297027588,,,0.00014400103955344322,2909.023443076003
34930,71536640,2.028201103210449,,,0.00014393264185624986,2909.786689884997
34940,71557120,2.009498119354248,,,0.00014386424970145342,2910.584171611001
34950,71577600,1.949030876159668,,,0.00014379586310704656,2911.265187990997
34960,71598080,1.9728941917419434,,,0.00014372748209102036,2912.243291660001
34970,71618560,2.1113052368164062,,,0.00014365910667136456,2913.1232027040023
34980,71639040,1.9422186613082886,,,0.0001435907368660673,2913.8163121640027
34990,71659520,2.0468292236328125,,,0.0001435223726931153,2914.607529873996
35000,71680000,2.045248031616211,1.9402549386024475,6.9605252510411795,0.0001434540141704938,2915.7281922580005
35010,71700480,1.9780430793762207,,,0.00014338566131618657,2916.9732111679987
35020,71720960,2.2440953254699707,,,0.00014331731414817585,2917.7465644230033
35030,71741440,1.788040280342102,,,0.00014324897268444236,2918.475948131003
35040,71761920,1.8435536623001099,,,0.00014318063694296543,2919.238773785997
35050,71782400,1.9634337425231934,,,0.0001431123069417228,2919.968866451003
35060,71802880,1.9421262741088867,,,0.0001430439826986907,2920.689367015002
35070,71823360,1.936969518661499,,,0.00014297566423184384,2921.4311272429986
35080,71843840,2.0553364753723145,,,0.0001429073515591555,2922.222408980997
35090,71864320,2.164513111114502,,,0.00014283904469859725,2923.020328175997
35100,71884800,1.883198857307434,1.939713704586029,6.956758997307434,0.00014277074366813937,2924.1381818730006
35110,71905280,1.7669323682785034,,,0.0001427024484857504,2924.806794531003
35120,71925760,2.1940979957580566,,,0.00014263415916939754,2925.488814739001
35130,71946240,1.899429440498352,,,0.00014256587573704613,2926.255332818997
35140,71966720,2.033738374710083,,,0.00014249759820666034,2926.947884526002
35150,71987200,1.9827771186828613,,,0.00014242932659620254,2927.783601385003
35160,72007680,2.0474677085876465,,,0.00014236106092363363,2928.666908940002
35170,72028160,2.0039048194885254,,,0.0001422928012069129,2929.4604334800024
35180,72048640,2.0485994815826416,,,0.00014222454746399817,2930.363334736001
35190,72069120,2.0942625999450684,,,0.00014215629971284552,2931.185594955001
35200,72089600,2.293337345123291,1.9363314270973206,6.9332690551011895,0.0001420880579714097,2932.494701317999
35210,72110080,2.0802724361419678,,,0.0001420198222576436,2933.282524141003
35220,72130560,1.899075984954834,,,0.00014195159258949876,2934.103779844998
35230,72151040,1.7172737121582031,,,0.00014188336898492493,2934.895372633997
35240,72171520,1.8339215517044067,,,0.00014181515146187044,2935.7122957329993
35250,72192000,2.266873359680176,,,0.00014174694003828194,2936.623475100001
35260,72212480,1.8355541229248047,,,0.00014167873473210443,2937.413320933003
35270,72232960,2.319223403930664,,,0.0001416105355612814,2938.1640898479964
35280,72253440,1.90926194190979,,,0.00014154234254375468,2938.9516765139997
35290,72273920,1.8651362657546997,,,0.00014147415569746446,2939.7158039549977
35300,72294400,2.071873188018799,1.9369628012180329,6.93764792396129,0.00014140597504034926,2940.977690672
35310,72314880,1.8386955261230469,,,0.00014133780059034617,2941.696853308
35320,72335360,1.859680414199829,,,0.0001412696323653904,2942.4210331419963
35330,72355840,2.007352352142334,,,0.00014120147038341568,2943.200988065997
35340,72376320,2.258262872695923,,,0.00014113331466235405,2943.8936396220015
35350,72396800,1.8418240547180176,,,0.00014106516522013592,2944.805619974002
35360,72417280,1.9764893054962158,,,0.00014099702207468994,2945.530886542001
35370,72437760,1.8029876947402954,,,0.00014092888524394335,2946.2454635629983
35380,72458240,2.3416175842285156,,,0.00014086075474582145,2947.0384752109967
35390,72478720,1.784421682357788,,,0.00014079263059824812,2947.7709842749973
35400,72499200,2.1945595741271973,1.9363714098930358,6.933546272123377,0.00014072451281914528,2948.8948818369972
35410,72519680,2.046501398086548,,,0.0001406564014264335,2949.672123336997
35420,72540160,1.8616632223129272,,,0.00014058829643803143,2950.541223125001
35430,72560640,2.170504093170166,,,0.00014052019787185615,2951.2236153129998
35440,72581120,1.7959043979644775,,,0.00014045210574582302,2951.9468072160016
35450,72601600,2.188445568084717,,,0.0001403840200778457,2952.683232188996
35460,72622080,2.319380760192871,,,0.00014031594088583616,2953.4460712810032
35470,72642560,2.262239456176758,,,0.0001402478681877046,2954.189563508997
35480,72663040,2.1070690155029297,,,0.00014017980200135968,2954.891015344998
35490,72683520,2.0218467712402344,,,0.00014011174234470817,2955.5888805939976
35500,72704000,1.847778558731079,1.9371428310871124,6.938897020242707,0.0001400436892356552,2956.7589354579977
35510,72724480,1.7945817708969116,,,0.0001399756426921042,2958.1822165539998
35520,72744960,2.053684711456299,,,0.00013990760273195683,2958.8638232189987
35530,72765440,1.9744328260421753,,,0.000139839569373113,2959.7639715999976
35540,72785920,1.7689528465270996,,,0.000139771542633471,2960.589388319997
35550,72806400,1.9814071655273438,,,0.00013970352253092716,2961.2749398899978
35560,72826880,1.7026715278625488,,,0.00013963550908337633,2962.196111131998
35570,72847360,2.1301889419555664,,,0.00013956750230871134,2962.9729523999995
35580,72867840,2.0005557537078857,,,0.00013949950222482354,2963.6670389110004
35590,72888320,2.387141227722168,,,0.0001394315088496023,2964.406655402003
35600,72908800,2.1420400142669678,1.9372512817382812,6.939649588950491,0.0001393635222009353,2965.491971372001
35610,72929280,2.1443068981170654,,,0.00013929554229670852,2966.227539091
35620,72949760,2.05416202545166,,,0.00013922756915480606,2967.0006473739995
35630,72970240,1.780200719833374,,,0.00013915960279311027,2967.8278385529993
35640,72990720,1.8171513080596924,,,0.0001390916432295017,2968.5481128980027
35650,73011200,2.0600666999816895,,,0.00013902369048185922,2969.4234839359997
35660,73031680,1.9510691165924072,,,0.0001389557445680598,2970.0809453979964
35670,73052160,2.147900104522705,,,0.0001388878055059786,2970.845345904003
35680,73072640,1.9460790157318115,,,0.00013881987331348903,2971.554074212996
35690,73093120,1.979167103767395,,,0.00013875194800846275,2972.2416442449976
35700,73113600,1.920400857925415,1.9341044962406158,6.9178463233568825,0.00013868402960876943,2973.637100346001
35710,73134080,1.8008588552474976,,,0.00013861611813227712,2974.2564997730005
35720,73154560,2.0985660552978516,,,0.0001385482135968519,2974.9225828650015
35730,73175040,2.0696911811828613,,,0.00013848031602035815,2975.762716183999
35740,73195520,1.7313377857208252,,,0.00013841242542065823,2976.625330476003
35750,73216000,1.9287474155426025,,,0.00013834454181561293,2977.267696832998
35760,73236480,2.067233085632324,,,0.00013827666522308097,2977.993103066001
35770,73256960,2.039158344268799,,,0.00013820879566091933,2978.7142108539992
35780,73277440,2.127255439758301,,,0.00013814093314698313,2979.6375359379963
35790,73297920,1.822131872177124,,,0.00013807307769912568,2980.2690491190006
35800,73318400,1.9907256364822388,1.93764386177063,6.942374491646808,0.00013800522933519826,2981.491067378003
35810,73338880,2.1090850830078125,,,0.00013793738807305048,2982.4422681389988
35820,73359360,2.038099765777588,,,0.00013786955393053002,2983.196191320996
35830,73379840,1.9307321310043335,,,0.00013780172692548268,2984.095371809999
35840,73400320,1.8901190757751465,,,0.00013773390707575226,2984.988514538003
35850,73420800,1.9421601295471191,,,0.00013766609439918098,2985.7167757589996
35860,73441280,1.8892574310302734,,,0.00013759828891360884,2986.4189121689997
35870,73461760,1.9107260704040527,,,0.0001375304906368742,2987.4053138699965
35880,73482240,2.251802921295166,,,0.0001374626995868133,2988.2755065849997
35890,73502720,2.3492579460144043,,,0.0001373949157812607,2988.931942303003
35900,73523200,2.326112747192383,1.937104833126068,6.9386333613133235,0.00013732713923804893,2989.9619037890006
35910,73543680,2.0089144706726074,,,0.00013725936997500856,2990.6683699420028
35920,73564160,2.1917901039123535,,,0.00013719160800996843,2991.4604014900033
35930,73584640,1.7473688125610352,,,0.00013712385336075528,2992.177121558001
35940,73605120,1.8579083681106567,,,0.00013705610604519399,2992.9266862229997
35950,73625600,2.2271103858947754,,,0.00013698836608110754,2993.696970318997
35960,73646080,1.8649065494537354,,,0.00013692063348631693,2994.470076894999
35970,73666560,2.0013787746429443,,,0.00013685290827864126,2995.2967323170014
35980,73687040,1.9638442993164062,,,0.0001367851904758976,2996.288685612999
35990,73707520,2.171380043029785,,,0.00013671748009590122,2997.1729269709977
36000,73728000,1.9642045497894287,1.9321843683719635,6.9045759183548,0.00013664977715646535,2998.5662863109974
36010,73748480,2.066176652908325,,,0.00013658208167540117,2999.8201634569996
36020,73768960,2.232497453689575,,,0.00013651439367051813,3000.604349633002
36030,73789440,1.7860097885131836,,,0.00013644671315962345,3001.337083567996
36040,73809920,2.07474946975708,,,0.00013637904016052264,3002.0316596170014
36050,73830400,2.17612886428833,,,0.00013631137469101898,3003.028132706997
36060,73850880,1.9403631687164307,,,0.00013624371676891395,3003.721661892996
36070,73871360,2.157597064971924,,,0.00013617606641200698,3004.508618287
36080,73891840,1.7917065620422363,,,0.00013610842363809552,3005.1913462489974
36090,73912320,1.9974844455718994,,,0.00013604078846497498,3006.083315525997
36100,73932800,1.8280597925186157,1.9304161429405213,6.89237785926002,0.0001359731609104389,3007.3907309290007
36110,73953280,1.993410587310791,,,0.00013590554099227856,3008.1863264019994
36120,73973760,1.9416112899780273,,,0.00013583792872828358,3009.0269288909985
36130,73994240,2.1792221069335938,,,0.0001357703241362413,3009.771181201002
36140,74014720,2.0539255142211914,,,0.00013570272723393713,3010.487028835996
36150,74035200,2.196669101715088,,,0.00013563513803915443,3011.2755120750007
36160,74055680,1.9013161659240723,,,0.00013556755656967458,3012.023554942003
36170,74076160,2.09904146194458,,,0.00013549998284327692,3012.7471071320033
36180,74096640,1.8305349349975586,,,0.00013543241687773866,3013.4358639240018
36190,74117120,1.9066965579986572,,,0.0001353648586908351,3014.1575969740006
36200,74137600,1.841660499572754,1.9315218567848205,6.900003071753771,0.00013529730830033946,3015.169369356998
36210,74158080,1.8649991750717163,,,0.00013522976572402287,3015.8929914089967
36220,74178560,2.183259963989258,,,0.00013516223097965433,3016.5226208940003
36230,74199040,1.7078269720077515,,,0.000135094704085001,3017.190295211003
36240,74219520,1.9390649795532227,,,0.00013502718505782778,3017.8708495879982
36250,74240000,1.9691603183746338,,,0.00013495967391589754,3018.508863160001
36260,74260480,1.7519562244415283,,,0.00013489217067697115,3019.444293358996
36270,74280960,1.9992685317993164,,,0.00013482467535880734,3020.1685773900026
36280,74301440,1.9357025623321533,,,0.00013475718797916272,3020.9634760949994
36290,74321920,1.7586214542388916,,,0.00013468970855579196,3021.7379331949996
36300,74342400,2.0837321281433105,1.931569790840149,6.900333824809883,0.0001346222371064474,3022.858192533
36310,74362880,2.1756229400634766,,,0.00013455477364887955,3023.546698022001
36320,74383360,1.9083428382873535,,,0.00013448731820083656,3024.2268281060024
36330,74403840,2.170102596282959,,,0.0001344198707800647,3024.935022799
36340,74424320,1.8977301120758057,,,0.00013435243140430796,3025.940283015996
36350,74444800,1.9898755550384521,,,0.0001342850000913083,3026.767048175003
36360,74465280,1.7149858474731445,,,0.00013421757685880558,3027.883426922999
36370,74485760,2.23545503616333,,,0.00013415016172453744,3028.697652891002
36380,74506240,2.1014339923858643,,,0.00013408275470623947,3029.364951878997
36390,74526720,2.1170196533203125,,,0.000134015355821645,3030.1656475369964
36400,74547200,1.745696783065796,1.9269206702709198,6.86832779847712,0.0001339479650884855,3031.552354974003
36410,74567680,1.9610297679901123,,,0.00013388058252449,3032.2719335739966
36420,74588160,1.754511833190918,,,0.0001338132081473855,3033.0424229369964
36430,74608640,1.887655258178711,,,0.00013374584197489681,3033.779646944
36440,74629120,2.100599527359009,,,0.00013367848402474672,3034.530199075998
36450,74649600,1.8852297067642212,,,0.0001336111343146556,3035.530516423998
36460,74670080,2.089498519897461,,,0.0001335437928623419,3036.294034986997
36470,74690560,1.838632583618164,,,0.0001334764596855218,3037.348237375001
36480,74711040,2.1650938987731934,,,0.00013340913480190927,3038.6154744829983
36490,74731520,1.7627646923065186,,,0.00013334181822921605,3039.508391014999
36500,74752000,1.699118971824646,1.9283055663108826,6.8778463079981424,0.00013327450998515197,3040.5237072829987
36510,74772480,2.174022674560547,,,0.0001332072100874243,3041.9907579799983
36520,74792960,1.935734510421753,,,0.00013313991855373836,3042.7009669649997
36530,74813440,2.4255995750427246,,,0.00013307263540179715,3043.577639941999
36540,74833920,1.9193916320800781,,,0.00013300536064930158,3044.5350843729975
36550,74854400,1.9366642236709595,,,0.00013293809431395018,3045.3733404270024
36560,74874880,2.066990852355957,,,0.00013287083641343945,3046.2314450269987
36570,74895360,1.981929898262024,,,0.00013280358696546362,3046.9274429750003
36580,74915840,2.0112366676330566,,,0.00013273634598771455,3047.751707563999
36590,74936320,2.2530272006988525,,,0.00013266911349788202,3048.5785873319983
36600,74956800,2.0223500728607178,1.9264173567295075,6.864871745901277,0.00013260188951365358,3049.8597739899997
36610,74977280,2.0595486164093018,,,0.0001325346740527145,3050.568149667997
36620,74997760,2.1396093368530273,,,0.00013246746713274776,3051.2952885319974
36630,75018240,2.0281853675842285,,,0.00013240026877143425,3051.9969535619966
36640,75038720,2.0224194526672363,,,0.00013233307898645238,3052.7849718419966
36650,75059200,1.926659345626831,,,0.0001322658977954785,3053.578927855
36660,75079680,1.8140637874603271,,,0.0001321987252161866,3054.336666172996
36670,75100160,2.045536518096924,,,0.00013213156126624844,3055.17476514
36680,75120640,1.9025261402130127,,,0.00013206440596333352,3055.9062755150007
36690,75141120,1.7442660331726074,,,0.00013199725932510898,3056.9003666610006
36700,75161600,1.9675273895263672,1.9249530494213105,6.854826820257791,0.00013193012136923982,3058.2778845380017
36710,75182080,1.891291856765747,,,0.00013186299211338868,3059.022564560997
36720,75202560,1.8992211818695068,,,0.00013179587157521582,3059.7176296420002
36730,75223040,1.9290753602981567,,,0.00013172875977237943,3060.394556772997
36740,75243520,2.0369112491607666,,,0.00013166165672253517,3061.136266057001
36750,75264000,2.008633613586426,,,0.00013159456244333658,3061.876046033998
36760,75284480,1.7360200881958008,,,0.0001315274769524347,3062.567425661
36770,75304960,1.8930810689926147,,,0.00013146040026747844,3063.323276903997
36780,75325440,2.0117039680480957,,,0.0001313933324061144,3064.066160716997
36790,75345920,2.0347189903259277,,,0.00013132627338598661,3064.8120212840004
36800,75366400,2.0015363693237305,1.9259343981742858,6.86155709784434,0.00013125922322473711,3065.9948437560015
36810,75386880,1.8715267181396484,,,0.00013119218194000533,3066.7169618519983
36820,75407360,1.7666878700256348,,,0.00013112514954942856,3067.5355582810007
36830,75427840,1.8273259401321411,,,0.0001310581260706416,3068.297790976998
36840,75448320,1.9228487014770508,,,0.000130991111521277,3069.0085964600003
36850,75468800,1.9070171117782593,,,0.00013092410591896496,3069.859146675997
36860,75489280,2.048470973968506,,,0.0001308571092813333,3070.6424368860025
36870,75509760,1.789116621017456,,,0.00013079012162600743,3071.297288818001
36880,75530240,2.04440975189209,,,0.00013072314297061052,3072.0343874269965
36890,75550720,1.703387975692749,,,0.00013065617333276323,3072.7070686849984
36900,75571200,1.9501031637191772,1.924623394012451,6.852567461945003,0.000130589212730084,3074.0560303660022
36910,75591680,1.7077062129974365,,,0.00013052226118018877,3074.913748619998
36920,75612160,2.0575461387634277,,,0.0001304553187006912,3075.684337396
36930,75632640,2.0966153144836426,,,0.00013038838530920235,3076.4712237589993
36940,75653120,2.246079444885254,,,0.00013032146102333125,3077.2014245969985
36950,75673600,1.90475594997406,,,0.00013025454586068419,3078.293323004
36960,75694080,1.9607939720153809,,,0.00013018763983886522,3079.225557512
36970,75714560,2.0574097633361816,,,0.000130120742975476,3079.936099391998
36980,75735040,1.961404800415039,,,0.00013005385528811576,3080.745963782996
36990,75755520,2.1445579528808594,,,0.00012998697679438126,3081.7348981800023
37000,75776000,1.841601848602295,1.9245280146598815,6.851913899665712,0.00012992010751186684,3083.1448526629974
37010,75796480,2.014122724533081,,,0.0001298532474581646,3084.4294078230014
37020,75816960,2.1959002017974854,,,0.0001297863966508639,3085.239855134998
37030,75837440,2.1779022216796875,,,0.00012971955510755198,3085.985429264998
37040,75857920,1.907573938369751,,,0.0001296527228458134,3086.7038545390024
37050,75878400,2.0412731170654297,,,0.0001295858998832305,3087.4605337999965
37060,75898880,1.9024362564086914,,,0.00012951908623738288,3088.1294989419985
37070,75919360,1.8572609424591064,,,0.00012945228192584804,3088.765570620999
37080,75939840,1.9512205123901367,,,0.00012938548696620074,3089.507198886
37090,75960320,1.9488461017608643,,,0.00012931870137601346,3090.420669209001
37100,75980800,2.179713487625122,1.9250333786010743,6.855377484990611,0.000129251925172856,3091.659424081001
37110,76001280,1.7006456851959229,,,0.00012918515837429602,3092.470518795002
37120,76021760,1.9686808586120605,,,0.00012911840099789839,3093.378188843999
37130,76042240,1.922943115234375,,,0.00012905165306122568,3094.2829348829982
37140,76062720,2.024594306945801,,,0.00012898491458183787,3094.949387259003
37150,76083200,1.973131537437439,,,0.0001289181855772926,3095.692023349002
37160,76103680,1.9398330450057983,,,0.00012885146606514487,3096.369555682999
37170,76124160,2.247854709625244,,,0.0001287847560629472,3097.0343360499974
37180,76144640,1.773939847946167,,,0.0001287180555882497,3097.7385801389973
37190,76165120,1.972507119178772,,,0.00012865136465859995,3098.4550144899986
37200,76185600,2.180637836456299,1.9252415955066682,6.856805039092506,0.0001285846832915429,3099.565763878003
37210,76206080,1.9027338027954102,,,0.0001285180115046211,3100.631669276001
37220,76226560,1.707044005393982,,,0.00012845134931537463,3101.4457341270027
37230,76247040,1.6255031824111938,,,0.00012838469674134086,3102.2159971060028
37240,76267520,2.1247267723083496,,,0.00012831805380005484,3103.059182226003
37250,76288000,1.9130586385726929,,,0.00012825142050904888,3103.8108479970033
37260,76308480,2.0174009799957275,,,0.00012818479688585295,3104.610247684999
37270,76328960,2.108106851577759,,,0.00012811818294799427,3105.3032463240015
37280,76349440,2.474123001098633,,,0.00012805157871299775,3106.047035495001
37290,76369920,1.8064289093017578,,,0.00012798498419838554,3106.7151077750023
37300,76390400,1.9643120765686035,1.9223300158977508,6.836869940754249,0.0001279183994216773,3107.95931631
37310,76410880,1.8416621685028076,,,0.0001278518244003902,3108.8882739519977
37320,76431360,1.754233956336975,,,0.00012778525915203877,3109.761087015999
37330,76451840,1.8886778354644775,,,0.00012771870369413497,3110.4738062499964
37340,76472320,2.0882205963134766,,,0.00012765215804418821,3111.2363156369975
37350,76492800,1.9646309614181519,,,0.00012758562221970528,3111.9580912989986
37360,76513280,1.888824462890625,,,0.00012751909623819047,3112.692549471998
37370,76533760,1.7942843437194824,,,0.0001274525801171453,3113.439597438999
37380,76554240,1.942920207977295,,,0.000127386073874069,3114.167835829998
37390,76574720,2.114722728729248,,,0.00012731957752645787,3115.0365358109993
37400,76595200,2.0095465183258057,1.9195370852947236,6.817801678030156,0.00012725309109180586,3116.307599191001
37410,76615680,2.122086524963379,,,0.00012718661458760414,3117.0493523460027
37420,76636160,1.8967400789260864,,,0.00012712014803134132,3117.7825770510026
37430,76656640,1.9378132820129395,,,0.00012705369144050356,3118.549020719998
37440,76677120,2.203061103820801,,,0.00012698724483257404,3119.3520201659994
37450,76697600,1.811187744140625,,,0.00012692080822503368,3120.262862413001
37460,76718080,2.00924015045166,,,0.00012685438163536052,3120.903646920997
37470,76738560,1.9884536266326904,,,0.00012678796508103012,3121.682573241
37480,76759040,1.8982913494110107,,,0.0001267215585795153,3122.3758836740017
37490,76779520,1.8427711725234985,,,0.0001266551621482863,3123.2934703749997
37500,76800000,2.0387229919433594,1.9198640406131744,6.8200311589994,0.00012658877580481063,3124.480146164002
37510,76820480,1.7558473348617554,,,0.00012652239956655322,3125.9294128129986
37520,76840960,1.9605908393859863,,,0.00012645603345097633,3126.735473530003
37530,76861440,1.8612879514694214,,,0.00012638967747553956,3127.4027232570006
37540,76881920,1.9547686576843262,,,0.00012632333165769977,3128.055124870996
37550,76902400,1.7350893020629883,,,0.0001262569960149113,3128.7290803720025
37560,76922880,1.9440550804138184,,,0.00012619067056462567,3129.437446056996
37570,76943360,1.7737491130828857,,,0.00012612435532429175,3130.096794486002
37580,76963840,1.911541223526001,,,0.0001260580503113557,3130.7773495599977
37590,76984320,1.781006097793579,,,0.0001259917555432612,3131.4585141029966
37600,77004800,1.7794628143310547,1.9187325537204742,6.81231874720444,0.00012592547103744888,3132.8233020670014
37610,77025280,2.031386375427246,,,0.00012585919681135695,3133.5162356479996
37620,77045760,2.0670485496520996,,,0.00012579293288242078,3134.307283670001
37630,77066240,1.7904260158538818,,,0.00012572667926807315,3135.0931077849964
37640,77086720,1.9637521505355835,,,0.0001256604359857439,3135.8651944070007
37650,77107200,1.7585340738296509,,,0.0001255942030528605,3136.7405628499982
37660,77127680,1.9797977209091187,,,0.00012552798048684737,3137.467799498998
37670,77148160,1.8348674774169922,,,0.00012546176830512633,3138.2476167409986
37680,77168640,1.6421198844909668,,,0.00012539556652511652,3139.072037543003
37690,77189120,1.8914647102355957,,,0.00012532937516423424,3139.709567787999
37700,77209600,1.9576351642608643,1.9175865650177002,6.804516378447571,0.00012526319423989318,3141.0920562169995
37710,77230080,1.8534362316131592,,,0.0001251970237695041,3141.7802918680027
37720,77250560,1.9670207500457764,,,0.00012513086377047522,3142.4752103110004
37730,77271040,1.7657911777496338,,,0.00012506471426021186,3143.1707264860015
37740,77291520,1.8934271335601807,,,0.00012499857525611658,3143.8786857250016
37750,77312000,1.6650447845458984,,,0.00012493244677558925,3144.5821764659995
37760,77332480,2.2126545906066895,,,0.000124866328836027,3145.3328507629994
37770,77352960,1.6885175704956055,,,0.000124800221454824,3146.012312537001
37780,77373440,2.06551456451416,,,0.0001247341246493719,3146.882908663996
37790,77393920,1.9162726402282715,,,0.00012466803843705931,3147.504281405003
37800,77414400,2.02601957321167,1.917213225364685,6.801976456820136,0.00012460196283527232,3148.8269929969974
37810,77434880,2.11442232131958,,,0.00012453589786139393,3149.544178215001
37820,77455360,2.012929916381836,,,0.00012446984353280469,3150.2428103790007
37830,77475840,2.08031964302063,,,0.00012440379986688197,3151.0127755779977
37840,77496320,1.6688402891159058,,,0.00012433776688100065,3151.841730100001
37850,77516800,1.860594630241394,,,0.0001242717445925326,3152.7312895840005
37860,77537280,1.8296587467193604,,,0.00012420573301884702,3153.4633350680015
37870,77557760,1.9378042221069336,,,0.00012413973217731018,3154.145007248
37880,77578240,1.9557185173034668,,,0.00012407374208528557,3154.9414147479984
37890,77598720,1.998485803604126,,,0.00012400776276013392,3155.7997596819987
37900,77619200,2.029834032058716,1.915590089559555,6.790944880582564,0.00012394179421921296,3157.0014593820015
37910,77639680,1.9430177211761475,,,0.00012387583647987776,3157.691089205
37920,77660160,1.7557463645935059,,,0.0001238098895594804,3158.4370617329987
37930,77680640,2.00991153717041,,,0.00012374395347537027,3159.1868766690022
37940,77701120,1.7620079517364502,,,0.00012367802824489376,3159.9377608369978
37950,77721600,1.8272621631622314,,,0.00012361211388539446,3160.7179951029975
37960,77742080,2.1078238487243652,,,0.00012354621041421314,3161.4580113690026
37970,77762560,2.377999782562256,,,0.00012348031784868772,3162.2729851429976
37980,77783040,1.841338038444519,,,0.0001234144362061531,3162.9702838079975
37990,77803520,1.6319172382354736,,,0.00012334856550394148,3163.723374080997
38000,77824000,1.960182785987854,1.913319283723831,6.775541459026491,0.0001232827057593821,3165.0960519360015
38010,77844480,1.8245534896850586,,,0.00012321685698980133,3166.636553573997
38020,77864960,2.355900287628174,,,0.00012315101921252263,3167.2536174319976
38030,77885440,2.017239570617676,,,0.00012308519244486665,3167.911148569001
38040,77905920,2.1813719272613525,,,0.000123019376704151,3168.6738007239983
38050,77926400,2.1791179180145264,,,0.00012295357200769054,3169.346726345
38060,77946880,1.8043711185455322,,,0.00012288777837279714,3170.3237954139986
38070,77967360,1.9206101894378662,,,0.0001228219958167798,3170.9980178999976
38080,77987840,2.086930274963379,,,0.0001227562243569445,3171.6459957639963
38090,78008320,1.88344144821167,,,0.00012269046401059447,3172.4039597739975
38100,78028800,1.5974037647247314,1.9153001308441162,6.788976072378718,0.00012262471479502994,3173.482148725998
38110,78049280,1.868464469909668,,,0.0001225589767275481,3174.1672220010005
38120,78069760,2.1828413009643555,,,0.00012249324982544345,3174.9307802210024
38130,78090240,2.2777187824249268,,,0.0001224275341060073,3175.611987823002
38140,78110720,1.8605408668518066,,,0.0001223618295865282,3176.394747997998
38150,78131200,1.86485755443573,,,0.00012229613628429156,3177.2274515679965
38160,78151680,2.215646266937256,,,0.00012223045421658015,3177.991497727002
38170,78172160,1.9175267219543457,,,0.00012216478340067348,3178.7581242939996
38180,78192640,2.122964859008789,,,0.00012209912385384826,3179.5254121280013
38190,78213120,1.7287503480911255,,,0.0001220334755933781,3180.197185076002
38200,78233600,2.023782730102539,1.914757627248764,6.785294027302344,0.00012196783863653388,3181.207053803002
38210,78254080,1.7614545822143555,,,0.00012190221300058325,3181.8492082489975
38220,78274560,2.3160266876220703,,,0.00012183659870279104,3182.486632950997
38230,78295040,1.6670446395874023,,,0.00012177099576041901,3183.246622583996
38240,78315520,2.1448934078216553,,,0.00012170540419072603,3183.9477309540016
38250,78336000,1.7604031562805176,,,0.00012163982401096784,3184.731517154003
38260,78356480,2.0041606426239014,,,0.00012157425523839734,3185.496153863998
38270,78376960,1.8186635971069336,,,0.00012150869789026431,3186.181554720002
38280,78397440,2.0979104042053223,,,0.00012144315198381558,3186.9300668310025
38290,78417920,2.0086402893066406,,,0.00012137761753629491,3187.977081391
38300,78438400,2.006392002105713,1.911990797519684,6.766546222019637,0.00012131209456494315,3189.1475894480027
38310,78458880,1.8918572664260864,,,0.00012124658308699808,3189.8103188640016
38320,78479360,2.1786391735076904,,,0.00012118108311969437,3190.4775117699974
38330,78499840,2.2777929306030273,,,0.00012111559468026385,3191.110751622
38340,78520320,2.113171339035034,,,0.00012105011778593511,3191.8281419709965
38350,78540800,1.8376673460006714,,,0.00012098465245393386,3192.4719165330025
38360,78561280,2.0713634490966797,,,0.00012091919870148265,3193.178451150001
38370,78581760,2.2236320972442627,,,0.00012085375654580112,3193.9490445429983
38380,78602240,2.2340874671936035,,,0.0001207883260041057,3194.730142608001
38390,78622720,1.883063554763794,,,0.0001207229070936099,3195.6554574170004
38400,78643200,1.7312321662902832,1.9129075586795807,6.772752373127111,0.0001206574998315241,3196.753977760003
38410,78663680,1.867922067642212,,,0.00012059210423505566,3197.794503254001
38420,78684160,1.9146804809570312,,,0.00012052672032140875,3198.797823544999
38430,78704640,2.1036128997802734,,,0.00012046134810778469,3199.7940728329995
38440,78725120,1.92943274974823,,,0.00012039598761138151,3200.733106740001
38450,78745600,2.2321715354919434,,,0.00012033063884939425,3201.4716681869977
38460,78766080,2.066896915435791,,,0.00012026530183901482,3202.291636914997
38470,78786560,1.8789498805999756,,,0.00012019997659743215,3202.9344034609967
38480,78807040,1.889817714691162,,,0.0001201346631418319,3203.5828927990005
38490,78827520,2.01167893409729,,,0.0001200693614893968,3204.2996277369966
38500,78848000,1.8385424613952637,1.912665808200836,6.7711152548935205,0.00012000407165730633,3205.293619267002
38510,78868480,1.8215270042419434,,,0.000119938793662737,3206.511047852
38520,78888960,1.7821102142333984,,,0.00011987352752286211,3207.2910198160025
38530,78909440,1.7923147678375244,,,0.0001198082732548518,3208.0212191730025
38540,78929920,1.8244881629943848,,,0.00011974303087587325,3208.7536371020033
38550,78950400,1.8109419345855713,,,0.00011967780040309036,3209.6459810559973
38560,78970880,1.9116883277893066,,,0.00011961258185366394,3210.3861790759984
38570,78991360,1.9517711400985718,,,0.0001195473752447517,3211.1293210119984
38580,79011840,2.0422141551971436,,,0.00011948218059350821,3211.837474013002
38590,79032320,1.9703165292739868,,,0.00011941699791708479,3212.539353316999
38600,79052800,2.26892352104187,1.9109133183956146,6.759259336162039,0.00011935182723262977,3213.753325234
38610,79073280,1.9498958587646484,,,0.00011928666855728818,3214.484534827003
38620,79093760,1.8313466310501099,,,0.00011922152190820202,3215.252529188998
38630,79114240,1.9278897047042847,,,0.00011915638730250992,3215.912205699002
38640,79134720,1.9852300882339478,,,0.00011909126475734768,3216.581356775998
38650,79155200,2.1168010234832764,,,0.00011902615428984759,3217.349728137
38660,79175680,1.7581233978271484,,,0.00011896105591713894,3218.085636443
38670,79196160,2.000480890274048,,,0.00011889596965634778,3218.8900758050004
38680,79216640,1.8933618068695068,,,0.00011883089552459702,3219.638485655996
38690,79237120,1.8896138668060303,,,0.00011876583353900634,3220.455821235002
38700,79257600,1.851675271987915,1.910104638338089,6.753795467491821,0.00011870078371669225,3221.814016408003
38710,79278080,1.876723289489746,,,0.00011863574607476801,3222.481559861997
38720,79298560,1.9271061420440674,,,0.00011857072063034375,3223.2865258899983
38730,79319040,2.189342498779297,,,0.0001185057074005263,3224.0675759180012
38740,79339520,1.9849517345428467,,,0.00011844070640241939,3224.755782749002
38750,79360000,1.8949552774429321,,,0.00011837571765312347,3225.600730969003
38760,79380480,1.9516961574554443,,,0.00011831074116973569,3226.298050555997
38770,79400960,1.8068599700927734,,,0.00011824577696935018,3227.0605570240004
38780,79421440,1.7081670761108398,,,0.00011818082506905757,3227.7509696859997
38790,79441920,2.0761919021606445,,,0.00011811588548594553,3228.7126920360024
38800,79462400,1.9073631763458252,1.909397977590561,6.749024511260399,0.00011805095823709821,3229.9687692860025
38810,79482880,1.8899271488189697,,,0.00011798604333959681,3230.6689992879983
38820,79503360,1.9500737190246582,,,0.00011792114081051902,3231.453706817003
38830,79523840,1.9044032096862793,,,0.00011785625066693941,3232.2403734559994
38840,79544320,1.8006455898284912,,,0.00011779137292592931,3232.892271855999
38850,79564800,1.7731971740722656,,,0.00011772650760455674,3233.5592902159988
38860,79585280,2.038560390472412,,,0.00011766165471988638,3234.2943774259984
38870,79605760,2.0080456733703613,,,0.0001175968142889798,3235.025919163003
38880,79626240,1.7034331560134888,,,0.00011753198632889516,3235.655411204003
38890,79646720,1.778462529182434,,,0.00011746717085668745,3236.329315369003
38900,79667200,2.011486291885376,1.908545434474945,6.743273128875286,0.0001174023678894082,3237.542539053
38910,79687680,1.9380273818969727,,,0.0001173375774441059,3238.228068709999
38920,79708160,1.7221744060516357,,,0.00011727279953782553,3239.016283901001
38930,79728640,1.9211350679397583,,,0.00011720803418760886,3239.866044260001
38940,79749120,2.0544862747192383,,,0.00011714328141049431,3240.541055529
38950,79769600,1.9188764095306396,,,0.0001170785412235171,3241.261244831003
38960,79790080,2.4064738750457764,,,0.00011701381364370907,3242.142534847997
38970,79810560,1.9244537353515625,,,0.00011694909868809865,3242.814523342997
38980,79831040,2.124370574951172,,,0.00011688439637371114,3243.451605028
38990,79851520,1.8892638683319092,,,0.00011681970671756837,3244.226025732998
39000,79872000,1.9384875297546387,1.9096902549266814,6.750997386465272,0.00011675502973668886,3245.370313057996
39010,79892480,2.0675048828125,,,0.00011669036544808786,3246.901296295997
39020,79912960,2.041703462600708,,,0.00011662571386877726,3247.711825739003
39030,79933440,1.8959442377090454,,,0.0001165610750157655,3248.459919631001
39040,79953920,2.159226894378662,,,0.00011649644890605782,3249.233507955003
39050,79974400,1.9722509384155273,,,0.00011643183555665606,3249.9042897730033
39060,79994880,1.9825845956802368,,,0.00011636723498455866,3250.569506462998
39070,80015360,1.6414982080459595,,,0.00011630264720676069,3251.292888087002
39080,80035840,1.8437575101852417,,,0.00011623807224025399,3252.030667455998
39090,80056320,1.9469298124313354,,,0.00011617351010202684,3252.7708238479972
39100,80076800,2.378061056137085,1.9078945457935332,6.738885436824485,0.00011610896080906429,3254.0050425879963
39110,80097280,2.00380539894104,,,0.00011604442437834788,3254.7957166909982
39120,80117760,2.0603561401367188,,,0.00011597990082685598,3255.452088539998
39130,80138240,1.7896742820739746,,,0.0001159153901715633,3256.2444797189964
39140,80158720,1.7384240627288818,,,0.00011585089242944136,3256.992090052998
39150,80179200,1.7798871994018555,,,0.00011578640761745821,3257.7944228060005
39160,80199680,1.6436805725097656,,,0.00011572193575257849,3258.4700428409997
39170,80220160,2.029332160949707,,,0.00011565747685176345,3259.149441062
39180,80240640,1.716052532196045,,,0.00011559303093197094,3260.082814219997
39190,80261120,2.0190587043762207,,,0.0001155285980101554,3260.962469926002
39200,80281600,1.967043161392212,1.9067029714584351,6.73086033609237,0.00011546417810326775,3262.234484749999
39210,80302080,2.226900815963745,,,0.00011539977122825564,3262.8583714880006
39220,80322560,2.1083602905273438,,,0.00011533537740206318,3263.7404572840023
39230,80343040,1.8713321685791016,,,0.00011527099664163117,3264.4144209559963
39240,80363520,1.7365484237670898,,,0.00011520662896389673,3265.283501234
39250,80384000,2.1884219646453857,,,0.0001151422743857939,3266.0919282339964
39260,80404480,2.106687545776367,,,0.0001150779329242529,3266.815885928001
39270,80424960,2.0899341106414795,,,0.00011501360459620073,3267.6256652090015
39280,80445440,2.1039538383483887,,,0.00011494928941856091,3268.3446512599985
39290,80465920,1.812890887260437,,,0.00011488498740825345,3269.178962445003
39300,80486400,2.074333667755127,1.9074573159217834,6.735939638851569,0.00011482069858219487,3270.269406325002
39310,80506880,2.1923580169677734,,,0.00011475642295729829,3271.2049064090024
39320,80527360,1.928175687789917,,,0.00011469216055047334,3272.023715983996
39330,80547840,1.875706434249878,,,0.0001146279113786262,3272.6996279469968
39340,80568320,1.9524973630905151,,,0.0001145636754586594,3273.352014217002
39350,80588800,1.9606074094772339,,,0.00011449945280747228,3274.091614361998
39360,80609280,1.934474229812622,,,0.00011443524344196041,3274.8262679010004
39370,80629760,1.8070546388626099,,,0.00011437104737901604,3275.557980933001
39380,80650240,2.4794888496398926,,,0.00011430686463552778,3276.2760767069994
39390,80670720,2.105116367340088,,,0.00011424269522838091,3276.944967067
39400,80691200,1.6744022369384766,1.9060362637043,6.726374314913018,0.00011417853917445709,3278.159597402002
39410,80711680,2.16009521484375,,,0.00011411439649063439,3278.841285743998
39420,80732160,1.8532743453979492,,,0.00011405026719378758,3279.5656173359966
39430,80752640,2.0414905548095703,,,0.00011398615130078771,3280.248166751997
39440,80773120,1.9172496795654297,,,0.0001139220488285024,3280.92629322
39450,80793600,1.9167298078536987,,,0.00011385795979379573,3281.627286720999
39460,80814080,1.9088785648345947,,,0.00011379388421352823,3282.2781002010015
39470,80834560,1.921259880065918,,,0.00011372982210455684,3283.0377568589975
39480,80855040,1.8523082733154297,,,0.00011366577348373507,3283.6788112950017
39490,80875520,2.2005631923675537,,,0.00011360173836791278,3284.352192113998
39500,80896000,1.9330590963363647,1.9072493851184844,6.734539175116311,0.00011353771677393638,3285.6365563930012
39510,80916480,1.978912591934204,,,0.00011347370871864856,3286.9419395709992
39520,80936960,2.0284078121185303,,,0.00011340971421888866,3288.062762556001
39530,80957440,1.9713605642318726,,,0.00011334573329149224,3288.7906246010025
39540,80977920,1.8707661628723145,,,0.0001132817659532915,3289.440175208998
39550,80998400,1.803066611289978,,,0.00011321781222111481,3290.087747751997
39560,81018880,1.7831461429595947,,,0.00011315387211178728,3291.005847997003
39570,81039360,1.8382954597473145,,,0.00011308994564213011,3291.678538487002
39580,81059840,1.972400188446045,,,0.00011302603282896116,3292.337646385
39590,81080320,1.8701128959655762,,,0.00011296213368909454,3293.0960178410023
39600,81100800,1.885790228843689,1.903767865896225,6.7111335147948585,0.00011289824823934088,3294.4171661889995
39610,81121280,2.0439841747283936,,,0.00011283437649650712,3295.2055933610027
39620,81141760,1.8394520282745361,,,0.00011277051847739663,3295.8728055429965
39630,81162240,2.0108823776245117,,,0.00011270667419880921,3296.4981166200014
39640,81182720,1.7878491878509521,,,0.00011264284367754093,3297.1330907329975
39650,81203200,1.8614494800567627,,,0.00011257902693038436,3297.7531798909986
39660,81223680,1.9104390144348145,,,0.00011251522397412836,3298.4806361610026
39670,81244160,1.8234773874282837,,,0.00011245143482555828,3299.1086784450017
39680,81264640,1.8736472129821777,,,0.00011238765950145565,3299.9337920100006
39690,81285120,2.410823106765747,,,0.00011232389801859857,3300.6385408740025
39700,81305600,1.9338957071304321,1.9043103218078614,6.7147749964260655,0.00011226015039376133,3301.887219600001
39710,81326080,2.0032641887664795,,,0.0001121964166437147,3302.6640558750005
39720,81346560,1.9085173606872559,,,0.00011213269678522564,3303.541432206999
39730,81367040,1.7726973295211792,,,0.00011206899083505772,3304.193481233
39740,81387520,1.93769371509552,,,0.00011200529880997056,3304.9801285720023
39750,81408000,2.033867359161377,,,0.0001119416207267203,3305.790137377997
39760,81428480,2.1911587715148926,,,0.00011187795660205935,3306.6297740750015
39770,81448960,1.8585457801818848,,,0.00011181430645273649,3307.297691599997
39780,81469440,1.919681429862976,,,0.0001117506702954967,3308.0133162249986
39790,81489920,1.8648207187652588,,,0.00011168704814708147,3308.751966040996
39800,81510400,1.794633150100708,1.9037750840187073,6.711181956753394,0.00011162344002422844,3309.885895583997
39810,81530880,1.872875452041626,,,0.00011155984594367167,3310.7495969059964
39820,81551360,1.9105143547058105,,,0.00011149626592214141,3311.5069762990024
39830,81571840,1.8506848812103271,,,0.00011143269997636433,3312.193634930998
39840,81592320,1.8908597230911255,,,0.00011136914812306341,3312.8235068509966
39850,81612800,2.2478785514831543,,,0.00011130561037895771,3313.454285273001
39860,81633280,2.0567069053649902,,,0.0001112420867607629,3314.094259179001
39870,81653760,1.680783987045288,,,0.00011117857728519062,3314.751414457998
39880,81674240,1.8552651405334473,,,0.00011111508196894901,3315.420692902997
39890,81694720,1.8286867141723633,,,0.00011105160082874235,3316.197384965999
39900,81715200,1.8238623142242432,1.9040461838245393,6.713001603520571,0.00011098813388127133,3317.257035404
39910,81735680,1.881058931350708,,,0.00011092468114323276,3317.953755593997
39920,81756160,2.142613649368286,,,0.00011086124263131979,3318.6122539459975
39930,81776640,1.6010808944702148,,,0.0001107978183622218,3319.309655566998
39940,81797120,1.9356040954589844,,,0.00011073440835262449,3320.0087638469995
39950,81817600,2.093665599822998,,,0.00011067101261920964,3320.8013466859993
39960,81838080,2.0997118949890137,,,0.00011060763117865553,3321.470177565003
39970,81858560,1.9804136753082275,,,0.00011054426404763645,3322.2556411469996
39980,81879040,1.8102725744247437,,,0.00011048091124282306,3322.937560462
39990,81899520,1.9230997562408447,,,0.00011041757278088213,3323.812242182001
40000,81920000,1.7745064496994019,1.9057441771030426,6.724409918001565,0.00011035424867847683,3325.268397421998
40010,81940480,1.8649146556854248,,,0.00011029093895226639,3326.568068817003
40020,81960960,2.118328809738159,,,0.00011022764361890634,3327.320807342003
40030,81981440,2.054729700088501,,,0.00011016436269504839,3328.001966402
40040,82001920,2.0203123092651367,,,0.0001101010961973405,3328.7275859069996
40050,82022400,1.9031795263290405,,,0.00011003784414242681,3329.4167444150007
40060,82042880,1.9253145456314087,,,0.00010997460654694761,3330.1064066670006
40070,82063360,1.9430677890777588,,,0.00010991138342753951,3330.799281918
40080,82083840,1.9275305271148682,,,0.0001098481748008352,3331.7206400840005
40090,82104320,1.7288789749145508,,,0.00010978498068346357,3332.465909147002
40100,82124800,1.9041694402694702,1.9023046016693115,6.701320534443089,0.00010972180109204975,3333.716758196999
40110,82145280,2.5277652740478516,,,0.00010965863604321506,3334.657549657997
40120,82165760,1.8594257831573486,,,0.00010959548555357683,3335.5049641009973
40130,82186240,2.0504839420318604,,,0.00010953234963974879,3336.464891885
40140,82206720,1.7524091005325317,,,0.00010946922831834067,3337.224346435003
40150,82227200,1.9645578861236572,,,0.00010940612160595846,3338.243126264999
40160,82247680,2.0814197063446045,,,0.00010934302951920417,3338.9402387059963
40170,82268160,1.7910723686218262,,,0.00010927995207467616,3339.711753065996
40180,82288640,1.9000470638275146,,,0.00010921688928896878,3340.442822981
40190,82309120,2.006877899169922,,,0.0001091538411786726,3341.1938267119986
40200,82329600,2.0284264087677,1.9023623824119569,6.701707752907051,0.0001090908077603743,3342.355606021003
40210,82350080,1.9738081693649292,,,0.00010902778905065671,3343.049620275
40220,82370560,1.7168426513671875,,,0.00010896478506609874,3343.8977961359997
40230,82391040,1.766124963760376,,,0.0001089017958232755,3344.683955900997
40240,82411520,2.10109543800354,,,0.00010883882133875819,3345.502921936997
40250,82432000,1.8389592170715332,,,0.00010877586162911409,3346.1606090569985
40260,82452480,2.060685157775879,,,0.00010871291671090671,3346.924284102999
40270,82472960,1.8088157176971436,,,0.00010864998660069555,3347.6618531290005
40280,82493440,1.9814623594284058,,,0.00010858707131503619,3348.4594299309974
40290,82513920,1.7318191528320312,,,0.00010852417087048044,3349.2063260310024
40300,82534400,1.8399208784103394,1.9003603756427765,6.6883043099891735,0.00010846128528357612,3350.4792432179966
40310,82554880,2.0028162002563477,,,0.00010839841457086717,3351.286197536996
40320,82575360,1.9554027318954468,,,0.00010833555874889357,3352.029052423997
40330,82595840,1.9533495903015137,,,0.00010827271783419148,3352.7198725869966
40340,82616320,1.9555015563964844,,,0.0001082098918432931,3353.432824108997
40350,82636800,1.84796941280365,,,0.00010814708079272648,3354.175177748002
40360,82657280,2.0001144409179688,,,0.00010808428469901622,3354.8571513599964
40370,82677760,2.0407471656799316,,,0.00010802150357868251,3355.5800679469976
40380,82698240,1.9272282123565674,,,0.00010795873744824186,3356.292925021
40390,82718720,1.8644131422042847,,,0.00010789598632420677,3356.9655505289993
40400,82739200,1.7806518077850342,1.9020977199077607,6.6999342968447895,0.0001078332502230858,3358.024894839
40410,82759680,1.751378059387207,,,0.00010777052916138353,3358.7828217599963
40420,82780160,1.7776159048080444,,,0.00010770782315560064,3359.4877816450025
40430,82800640,2.0849690437316895,,,0.0001076451322222338,3360.332160152997
40440,82821120,2.1665565967559814,,,0.00010758245637777577,3361.0348045339997
40450,82841600,2.054774761199951,,,0.00010751979563871518,3361.726761937003
40460,82862080,1.9632015228271484,,,0.00010745715002153695,3362.637404424997
40470,82882560,2.077319622039795,,,0.00010739451954272179,3363.432694891002
40480,82903040,1.938183069229126,,,0.00010733190421874647,3364.097390034003
40490,82923520,1.8913345336914062,,,0.00010726930406608402,3364.7919267379984
40500,82944000,1.9439858198165894,1.8994907200336457,6.682490317082616,0.00010720671910120308,3366.0117501839995
40510,82964480,1.864992618560791,,,0.00010714414934056853,3367.4062231319986
40520,82984960,2.064980983734131,,,0.00010708159480064128,3368.1444176110017
40530,83005440,1.9223357439041138,,,0.0001070190554978781,3368.8817119669984
40540,83025920,2.1834869384765625,,,0.00010695653144873186,3369.615520147003
40550,83046400,2.117032527923584,,,0.00010689402266965135,3370.3781753380026
40560,83066880,2.1624159812927246,,,0.0001068315291770814,3371.0459862439966
40570,83087360,1.9361894130706787,,,0.0001067690509874628,3371.820125573002
40580,83107840,1.839993953704834,,,0.00010670658811723219,3372.6084039630005
40590,83128320,2.0814294815063477,,,0.00010664414058282245,3373.321164467001
40600,83148800,2.3746421337127686,1.8989486396312714,6.678868851694058,0.00010658170840066215,3374.600194519
40610,83169280,1.9516228437423706,,,0.00010651929158717597,3375.2803466650003
40620,83189760,1.59013032913208,,,0.00010645689015878453,3376.052345436001
40630,83210240,2.122407913208008,,,0.00010639450413190435,3376.7446522999962
40640,83230720,1.9392337799072266,,,0.00010633213352294799,3377.3819850340005
40650,83251200,1.7318392992019653,,,0.00010626977834832386,3378.259952724002
40660,83271680,1.990455150604248,,,0.00010620743862443637,3378.881435518997
40670,83292160,2.045720100402832,,,0.00010614511436768586,3379.709450208
40680,83312640,1.9670677185058594,,,0.00010608280559446849,3380.4661265059985
40690,83333120,1.924109697341919,,,0.00010602051232117652,3381.1519453889996
40700,83353600,1.8553240299224854,1.8957911789417268,6.657813843516953,0.00010595823456419812,3382.3725611379996
40710,83374080,1.972949743270874,,,0.00010589597233991719,3383.2654096350016
40720,83394560,1.8336039781570435,,,0.0001058337256647137,3384.061767182997
40730,83415040,2.1827783584594727,,,0.00010577149455496351,3384.759927605999
40740,83435520,1.8009454011917114,,,0.00010570927902703836,3385.583882988998
40750,83456000,1.7102168798446655,,,0.00010564707909730591,3386.234505784996
40760,83476480,1.9574381113052368,,,0.00010558489478212971,3386.979576051999
40770,83496960,1.7794793844223022,,,0.00010552272609786918,3387.950748780997
40780,83517440,2.2348341941833496,,,0.0001054605730608797,3388.6042662929976
40790,83537920,1.7977375984191895,,,0.00010539843568751235,3389.286015427999
40800,83558400,2.031761884689331,1.8981936573982239,6.6738283273667545,0.00010533631399411441,3390.3648912749995
40810,83578880,1.9048576354980469,,,0.00010527420799702867,3391.0213365739983
40820,83599360,1.9479913711547852,,,0.00010521211771259406,3391.655134980996
40830,83619840,1.936745285987854,,,0.00010515004315714525,3392.499942454
40840,83640320,1.6153334379196167,,,0.00010508798434701281,3393.421870667
40850,83660800,2.0940093994140625,,,0.00010502594129852318,3394.2041242880005
40860,83681280,1.6989240646362305,,,0.0001049639140279986,3394.862015494
40870,83701760,1.8512301445007324,,,0.00010490190255175721,3395.7223922449994
40880,83722240,1.7832475900650024,,,0.00010483990688611304,3396.513939359
40890,83742720,1.898249864578247,,,0.00010477792704737573,3397.180488949998
40900,83763200,2.0172009468078613,1.8985962331295014,6.676515589563044,0.00010471596305185113,3398.305337015001
40910,83783680,2.143526792526245,,,0.0001046540149158406,3399.0215531259964
40920,83804160,1.982750415802002,,,0.00010459208265564138,3399.8948227770015
40930,83824640,1.9770516157150269,,,0.0001045301662875468,3400.606806458003
40940,83845120,2.1529247760772705,,,0.00010446826582784566,3401.297329661
40950,83865600,1.7642117738723755,,,0.00010440638129282273,3402.0235868169984
40960,83886080,2.1986141204833984,,,0.00010434451269875861,3402.782049239002
40970,83906560,1.9263865947723389,,,0.00010428266006192968,3403.595534932996
40980,83927040,1.9089552164077759,,,0.00010422082339860811,3404.369539858002
40990,83947520,1.8080410957336426,,,0.0001041590027250619,3405.029450570997
41000,83968000,1.9030933380126953,1.8946294844150544,6.650083988349864,0.00010409719805755479,3406.2411961089965
41010,83988480,1.9528136253356934,,,0.00010403540941234643,3407.357768549002
41020,84008960,1.9761614799499512,,,0.00010397363680569199,3408.0943419899995
41030,84029440,1.9923701286315918,,,0.00010391188025384281,3408.7351120780004
41040,84049920,1.817326545715332,,,0.00010385013977304563,3409.380178596002
41050,84070400,2.127023696899414,,,0.00010378841537954317,3410.082878250003
41060,84090880,1.834519386291504,,,0.00010372670708957391,3410.9287397020016
41070,84111360,1.774540662765503,,,0.000103665014919372,3411.8337264910006
41080,84131840,2.2160563468933105,,,0.00010360333888516745,3412.681758261002
41090,84152320,2.110302448272705,,,0.00010354167900318597,3413.4480581669995
41100,84172800,2.096905469894409,1.8968092799186707,6.664595621977193,0.000103480035289649,3414.524887458996
41110,84193280,1.9924359321594238,,,0.00010341840776077387,3415.180095267002
41120,84213760,1.7131712436676025,,,0.0001033567964327734,3415.935920142998
41130,84234240,1.800117015838623,,,0.00010329520132185629,3416.8271895029975
41140,84254720,2.0510756969451904,,,0.00010323362244422711,3417.6324571860023
41150,84275200,2.123732089996338,,,0.00010317205981608589,3418.290710663001
41160,84295680,2.118683099746704,,,0.00010311051345362857,3419.1172187260017
41170,84316160,1.9875462055206299,,,0.00010304898337304672,3419.7996084219994
41180,84336640,2.102494716644287,,,0.00010298746959052771,3420.755156034
41190,84357120,1.7312145233154297,,,0.00010292597212225456,3421.4263917599965
41200,84377600,1.8124260902404785,1.8953287124633789,6.654735539656283,0.000102864490984406,3422.4682561209993
41210,84398080,1.8288781642913818,,,0.00010280302619315646,3423.2669073200013
41220,84418560,1.7306642532348633,,,0.0001027415777646762,3424.0275660760017
41230,84439040,1.887497901916504,,,0.00010268014571513085,3424.8068097409996
41240,84459520,2.103994607925415,,,0.00010261873006068218,3425.553269085998
41250,84480000,1.8359405994415283,,,0.00010255733081748726,3426.2935128949975
41260,84500480,1.7480475902557373,,,0.000102495948001699,3427.0341223319992
41270,84520960,1.709883451461792,,,0.00010243458162946601,3427.826951107003
41280,84541440,2.01979398727417,,,0.00010237323171693255,3428.5136656079994
41290,84561920,1.967181921005249,,,0.00010231189828023855,3429.189705087003
41300,84582400,1.725103497505188,1.8942136704921722,6.647319365663308,0.00010225058133551958,3430.651309752
41310,84602880,1.7768841981887817,,,0.00010218928089890691,3431.4334765800013
41320,84623360,2.1649959087371826,,,0.0001021279969865275,3432.1895705580027
41330,84643840,2.0575995445251465,,,0.00010206672961450372,3432.965030065003
41340,84664320,1.895063877105713,,,0.00010200547879895397,3433.812987671001
41350,84684800,2.0230114459991455,,,0.00010194424455599209,3434.5903955899994
41360,84705280,1.8549537658691406,,,0.00010188302690172743,3435.268473105003
41370,84725760,1.9110084772109985,,,0.00010182182585226533,3435.970841565002
41380,84746240,1.8879244327545166,,,0.00010176064142370637,3436.618291065999
41390,84766720,2.0023274421691895,,,0.00010169947363214701,3437.402110048999
41400,84787200,1.9327595233917236,1.89311825633049,6.640041784603332,0.00010163832249367927,3438.596593037997
41410,84807680,2.00807523727417,,,0.00010157718802439077,3439.2629221219977
41420,84828160,1.9603931903839111,,,0.00010151607024036475,3440.0050955749975
41430,84848640,1.8259526491165161,,,0.00010145496915768009,3440.679758279999
41440,84869120,1.8619742393493652,,,0.00010139388479241121,3441.3661623320004
41450,84889600,1.9213054180145264,,,0.00010133281716062826,3442.0107850679997
41460,84910080,2.068519115447998,,,0.0001012717662783968,3442.738777368999
41470,84930560,2.1798267364501953,,,0.00010121073216177812,3443.495377070998
41480,84951040,1.8737307786941528,,,0.00010114971482682908,3444.3938084309993
41490,84971520,2.131635904312134,,,0.00010108871428960208,3445.1064122099997
41500,84992000,1.9714226722717285,1.8917083859443664,6.630686782548381,0.00010102773056614517,3446.3789833639967
41510,85012480,2.230649948120117,,,0.00010096676367250191,3447.6528324550018
41520,85032960,1.941251277923584,,,0.00010090581362471149,3448.3342825090003
41530,85053440,1.7534990310668945,,,0.00010084488043880866,3449.0932015739963
41540,85073920,1.874488115310669,,,0.00010078396413082357,3450.0092671180028
41550,85094400,1.696492075920105,,,0.00010072306471678227,3450.6662064970005
41560,85114880,1.873028039932251,,,0.000100662182212706,3451.3280846339985
41570,85135360,1.64383864402771,,,0.00010060131663461178,3452.0146285299998
41580,85155840,2.067317008972168,,,0.0001005404679985122,3452.858650798
41590,85176320,1.9324194192886353,,,0.0001004796363204152,3453.648129230998
41600,85196800,1.9001777172088623,1.889275997877121,6.614577978514549,0.00010041882161632437,3454.914036346003
41610,85217280,1.996091604232788,,,0.00010035802390223888,3455.7977783690003
41620,85237760,2.0086517333984375,,,0.00010029724319415338,3456.5132884330014
41630,85258240,2.0630712509155273,,,0.000100236479508058,3457.311847363002
41640,85278720,2.0645344257354736,,,0.0001001757328599385,3458.093756328999
41650,85299200,1.967081904411316,,,0.00010011500326577606,3458.7933995429994
41660,85319680,1.8532180786132812,,,0.00010005429074154748,3459.548164314001
41670,85340160,1.809482216835022,,,9.999359530322484e-05,3460.2644041349995
41680,85360640,2.036078929901123,,,9.993291696677607e-05,3460.9380339540003
41690,85381120,1.6472594738006592,,,9.987225574816431e-05,3461.645872617999
41700,85401600,2.1332013607025146,1.889270281791687,6.614540169129776,9.981161166334832e-05,3462.9244341800004
41710,85422080,1.7176024913787842,,,9.975098472828234e-05,3463.700837780001
41720,85442560,1.911369800567627,,,9.96903749589161e-05,3464.611438462998
41730,85463040,1.8581678867340088,,,9.96297823711948e-05,3465.4005743180023
41740,85483520,1.8112083673477173,,,9.956920698105912e-05,3466.179495520999
41750,85504000,2.03314208984375,,,9.950864880444524e-05,3466.963756514997
41760,85524480,1.8841086626052856,,,9.944810785728486e-05,3467.6113982109964
41770,85544960,1.9649403095245361,,,9.93875841555049e-05,3468.411645813001
41780,85565440,2.0757863521575928,,,9.932707771502806e-05,3469.1432889869975
41790,85585920,1.777414083480835,,,9.926658855177243e-05,3470.004354520999
41800,85606400,2.0376529693603516,1.8904567182064056,6.622392557711822,9.920611668165133e-05,3471.1532119330004
41810,85626880,1.629889726638794,,,9.914566212057377e-05,3471.8137375540027
41820,85647360,1.843687891960144,,,9.908522488444412e-05,3472.4926149050007
41830,85667840,1.8964641094207764,,,9.902480498916217e-05,3473.1940751930015
41840,85688320,2.0947835445404053,,,9.896440245062321e-05,3473.8905800099965
41850,85708800,1.9177194833755493,,,9.89040172847179e-05,3474.6364120220023
41860,85729280,1.8818943500518799,,,9.88436495073324e-05,3475.312777043
41870,85749760,1.8053772449493408,,,9.878329913434828e-05,3475.9690354350023
41880,85770240,1.746258020401001,,,9.872296618164234e-05,3476.697145979
41890,85790720,1.9632488489151,,,9.866265066508718e-05,3477.3766452769996
41900,85811200,1.7999720573425293,1.8884979665279389,6.609433630976986,9.860235260055046e-05,3478.669113518001
41910,85831680,2.180546522140503,,,9.85420720038954e-05,3479.545503633002
41920,85852160,2.052748203277588,,,9.848180889098064e-05,3480.393551797002
41930,85872640,1.9127001762390137,,,9.842156327766018e-05,3481.0886293649965
41940,85893120,1.930309772491455,,,9.836133517978341e-05,3481.8189356700022
41950,85913600,1.7843520641326904,,,9.830112461319516e-05,3482.4662610379964
41960,85934080,1.862270712852478,,,9.824093159373558e-05,3483.540294284998
41970,85954560,1.894728422164917,,,9.818075613724033e-05,3484.4781454370022
41980,85975040,1.8870124816894531,,,9.812059825954015e-05,3485.237921728003
41990,85995520,1.8624753952026367,,,9.806045797646162e-05,3486.0610040169995
42000,86016000,2.327862501144409,1.8918203115463257,6.631428967691905,9.800033530382627e-05,3487.187701554998
42010,86036480,1.812324047088623,,,9.794023025745114e-05,3488.596283674
42020,86056960,1.7814456224441528,,,9.788014285314883e-05,3489.377602845998
42030,86077440,1.974416971206665,,,9.782007310672697e-05,3490.037691022997
42040,86097920,1.8659555912017822,,,9.776002103398875e-05,3490.7250669679997
42050,86118400,1.8509716987609863,,,9.769998665073262e-05,3491.405093987996
42060,86138880,2.093484878540039,,,9.763996997275247e-05,3492.068816273997
42070,86159360,1.558931827545166,,,9.757997101583747e-05,3492.7194571910004
42080,86179840,2.14819073677063,,,9.751998979577212e-05,3493.3816165390017
42090,86200320,2.0437207221984863,,,9.746002632833625e-05,3494.1218240559974
42100,86220800,1.9364067316055298,1.8886033535003661,6.610130215881656,9.740008062930512e-05,3495.219600821001
42110,86241280,1.857553243637085,,,9.734015271444905e-05,3495.9540677199984
42120,86261760,2.038853645324707,,,9.728024259953412e-05,3496.612996253003
42130,86282240,2.2715063095092773,,,9.722035030032128e-05,3497.2913962989987
42140,86302720,1.9118666648864746,,,9.716047583256704e-05,3497.989094222001
42150,86323200,1.7506837844848633,,,9.71006192120232e-05,3498.669366235001
42160,86343680,1.8030714988708496,,,9.704078045443677e-05,3499.4143371960017
42170,86364160,2.184803009033203,,,9.698095957555016e-05,3500.0708220840024
42180,86384640,1.8248258829116821,,,9.692115659110104e-05,3500.8782625230015
42190,86405120,1.973233699798584,,,9.686137151682234e-05,3501.8471716249987
42200,86425600,1.9752330780029297,1.8896455705165862,6.6170229973352175,9.680160436844239e-05,3502.9792409090005
42210,86446080,1.7317323684692383,,,9.674185516168455e-05,3503.8334953879967
42220,86466560,1.8870304822921753,,,9.668212391226778e-05,3504.541624311001
42230,86487040,1.8036892414093018,,,9.662241063590618e-05,3505.233271142002
42240,86507520,1.7080376148223877,,,9.656271534830899e-05,3505.9795900019963
42250,86528000,1.837926983833313,,,9.650303806518091e-05,3506.7040835700027
42260,86548480,1.9823942184448242,,,9.64433788022218e-05,3507.3914190540017
42270,86568960,1.725347876548767,,,9.638373757512684e-05,3508.283386146999
42280,86589440,1.933833360671997,,,9.632411439958642e-05,3509.0327714899977
42290,86609920,2.1510109901428223,,,9.62645092912862e-05,3509.969859165998
42300,86630400,1.963381052017212,1.8866984963417053,6.597550846774568,9.620492226590707e-05,3511.2992323989965
42310,86650880,1.9226570129394531,,,9.614535333912523e-05,3512.4190381189983
42320,86671360,1.9845503568649292,,,9.608580252661191e-05,3513.3706809799987
42330,86691840,1.7784724235534668,,,9.602626984403394e-05,3514.057663954998
42340,86712320,2.0054287910461426,,,9.5966755307053e-05,3514.778937477997
42350,86732800,2.0383095741271973,,,9.590725893132621e-05,3515.4793719450026
42360,86753280,1.9406489133834839,,,9.58477807325059e-05,3516.159764613003
42370,86773760,1.9880356788635254,,,9.578832072623955e-05,3516.9903265760004
42380,86794240,1.8976408243179321,,,9.572887892816991e-05,3517.690977099999
42390,86814720,1.8421882390975952,,,9.566945535393492e-05,3518.345558617002
42400,86835200,2.013549327850342,1.8844930410385132,6.583016276835031,9.56100500191677e-05,3519.5334228150023
42410,86855680,1.8094481229782104,,,9.555066293949667e-05,3520.221436425003
42420,86876160,1.5760555267333984,,,9.549129413054518e-05,3521.014312075
42430,86896640,1.8082000017166138,,,9.543194360793218e-05,3521.8267964639963
42440,86917120,2.210447311401367,,,9.537261138727155e-05,3522.690348017997
42450,86937600,1.8519032001495361,,,9.531329748417227e-05,3523.6669969290015
42460,86958080,1.9879608154296875,,,9.525400191423882e-05,3524.443109325999
42470,86978560,1.8104594945907593,,,9.519472469307052e-05,3525.285841996003
42480,86999040,1.9643844366073608,,,9.513546583626208e-05,3526.040392367002
42490,87019520,1.912192463874817,,,9.507622535940328e-05,3526.7958387800027
42500,87040000,2.015129327774048,1.88490332365036,6.585717728088264,9.50170032780791e-05,3527.826499982002
42510,87060480,2.198805809020996,,,9.495779960786971e-05,3529.1203056399972
42520,87080960,1.876694679260254,,,9.489861436435035e-05,3529.904281474999
42530,87101440,2.1249823570251465,,,9.483944756309149e-05,3530.6558198369967
42540,87121920,1.7408699989318848,,,9.47802992196588e-05,3531.3142741539996
42550,87142400,2.148667335510254,,,9.47211693496128e-05,3532.179972814003
42560,87162880,1.918468952178955,,,9.466205796850963e-05,3533.103690486998
42570,87183360,1.9016950130462646,,,9.46029650919001e-05,3533.844539796002
42580,87203840,1.868209958076477,,,9.454389073533046e-05,3534.558553212002
42590,87224320,2.142040729522705,,,9.448483491434194e-05,3535.3252860919965
42600,87244800,1.7751177549362183,1.8832118690013886,6.5745877008420415,9.442579764447093e-05,3536.498185805998
42610,87265280,2.12930965423584,,,9.436677894124897e-05,3537.204525565001
42620,87285760,1.6984050273895264,,,9.430777882020268e-05,3537.939306348999
42630,87306240,2.0851871967315674,,,9.424879729685379e-05,3538.640656647003
42640,87326720,1.6063157320022583,,,9.418983438671922e-05,3539.324519463
42650,87347200,1.8855602741241455,,,9.413089010531082e-05,3540.0649447519972
42660,87367680,1.925419807434082,,,9.407196446813563e-05,3540.7665247350014
42670,87388160,1.7901926040649414,,,9.401305749069596e-05,3541.5070315269986
42680,87408640,2.2813520431518555,,,9.395416918848888e-05,3542.2672072839996
42690,87429120,1.9972493648529053,,,9.389529957700678e-05,3543.005946129
42700,87449600,2.1164262294769287,1.8833395838737488,6.575427427092699,9.383644867173705e-05,3544.1066852950025
42710,87470080,1.8468549251556396,,,9.37776164881622e-05,3544.804173536002
42720,87490560,1.8757643699645996,,,9.371880304175976e-05,3545.5972191519977
42730,87511040,2.183800220489502,,,9.366000834800239e-05,3546.3643700609973
42740,87531520,1.6119356155395508,,,9.360123242235778e-05,3547.077042926001
42750,87552000,1.9317084550857544,,,9.354247528028874e-05,3547.8641213149967
42760,87572480,2.045302629470825,,,9.348373693725293e-05,3548.5596169080018
42770,87592960,2.0958385467529297,,,9.342501740870343e-05,3549.231246809999
42780,87613440,1.8806556463241577,,,9.3366316710088e-05,3549.9430216379988
42790,87633920,1.905301570892334,,,9.330763485684969e-05,3550.8512353789993
42800,87654400,2.040968418121338,1.8832637906074523,6.57492907285689,9.32489718644265e-05,3552.1778697240006
42810,87674880,1.9242854118347168,,,9.319032774825147e-05,3552.8873443400007
42820,87695360,1.929988980293274,,,9.313170252375266e-05,3553.619055115996
42830,87715840,1.9903979301452637,,,9.307309620635324e-05,3554.375567176001
42840,87736320,1.7892141342163086,,,9.301450881147131e-05,3555.128223120999
42850,87756800,1.971508502960205,,,9.29559403545201e-05,3555.807567844
42860,87777280,1.796871542930603,,,9.289739085090764e-05,3556.5869211870013
42870,87797760,2.035686492919922,,,9.283886031603726e-05,3557.625711587003
42880,87818240,1.9732475280761719,,,9.278034876530718e-05,3558.280195102998
42890,87838720,1.9446525573730469,,,9.272185621411044e-05,3559.0933735169965
42900,87859200,2.0587997436523438,1.8792362987995148,6.548501853305616,9.266338267783547e-05,3560.3106319849976
42910,87879680,1.8331875801086426,,,9.26049281718653e-05,3561.076989711997
42920,87900160,2.2269320487976074,,,9.254649271157821e-05,3561.7867045620005
42930,87920640,1.9607362747192383,,,9.248807631234738e-05,3562.513365849998
42940,87941120,1.9153289794921875,,,9.242967898954098e-05,3563.195396062998
42950,87961600,1.662743330001831,,,9.237130075852216e-05,3563.857709752003
42960,87982080,1.957627534866333,,,9.23129416346491e-05,3564.6141349579993
42970,88002560,2.275639772415161,,,9.225460163327486e-05,3565.3026491850032
42980,88023040,1.9835792779922485,,,9.219628076974752e-05,3565.954149671001
42990,88043520,1.918701171875,,,9.213797905941021e-05,3566.617932563997
43000,88064000,1.677032470703125,1.8777035057544709,6.538472043984113,9.20796965176008e-05,3568.0519658010016
43010,88084480,1.8781850337982178,,,9.202143315965232e-05,3569.330830179002
43020,88104960,2.0304183959960938,,,9.196318900089265e-05,3570.043932806999
43030,88125440,2.0546669960021973,,,9.190496405664472e-05,3570.668189171003
43040,88145920,2.100022792816162,,,9.184675834222626e-05,3571.433626578997
43050,88166400,1.9218816757202148,,,9.178857187295009e-05,3572.1706443229996
43060,88186880,2.04935359954834,,,9.173040466412383e-05,3572.926681746998
43070,88207360,2.012631416320801,,,9.167225673105021e-05,3573.7006061290012
43080,88227840,2.2038726806640625,,,9.161412808902664e-05,3574.460663812999
43090,88248320,1.8319885730743408,,,9.155601875334567e-05,3575.145335273999
43100,88268800,1.8325191736221313,1.8781538724899292,6.541417417492789,9.14979287392946e-05,3576.1908764140026
43110,88289280,2.036086082458496,,,9.143985806215589e-05,3577.064012390001
43120,88309760,1.9034364223480225,,,9.138180673720673e-05,3577.9182823910014
43130,88330240,1.6748554706573486,,,9.132377477971917e-05,3578.6038386610016
43140,88350720,1.6068671941757202,,,9.12657622049603e-05,3579.301082525999
43150,88371200,1.7946374416351318,,,9.120776902819203e-05,3580.0384687889964
43160,88391680,1.9084419012069702,,,9.114979526467129e-05,3580.779623829003
43170,88412160,1.8007513284683228,,,9.109184092964963e-05,3581.527904761999
43180,88432640,2.137091636657715,,,9.103390603837382e-05,3582.247578784998
43190,88453120,2.0787861347198486,,,9.097599060608531e-05,3583.026993214
43200,88473600,2.006988763809204,1.877088052034378,6.534449155118862,9.091809464802053e-05,3584.298868853002
43210,88494080,2.0836665630340576,,,9.086021817941065e-05,3585.0681261749996
43220,88514560,2.071216583251953,,,9.080236121548183e-05,3585.9274371349966
43230,88535040,2.1949636936187744,,,9.074452377145505e-05,3586.861523478001
43240,88555520,1.8296122550964355,,,9.068670586254629e-05,3587.691646922998
43250,88576000,1.8788411617279053,,,9.062890750396617e-05,3588.4453840580027
43260,88596480,1.952303409576416,,,9.057112871092027e-05,3589.4443393719994
43270,88616960,1.7141234874725342,,,9.051336949860907e-05,3590.238946432997
43280,88637440,1.9835889339447021,,,9.045562988222787e-05,3590.9377482920027
43290,88657920,1.9634544849395752,,,9.039790987696672e-05,3591.5827980250033
43300,88678400,1.8771649599075317,1.8775103390216827,6.537209150680363,9.034020949801058e-05,3592.6256234350003
43310,88698880,1.9428093433380127,,,9.028252876053938e-05,3593.515749076003
43320,88719360,1.9977213144302368,,,9.022486767972766e-05,3594.3144341709994
43330,88739840,1.7949329614639282,,,9.016722627074499e-05,3595.0356852490004
43340,88760320,1.6555428504943848,,,9.01096045487555e-05,3595.7853068469994
43350,88780800,1.9633294343948364,,,9.005200252891841e-05,3596.5903154400003
43360,88801280,1.8221478462219238,,,8.999442022638764e-05,3597.321649782003
43370,88821760,1.8536121845245361,,,8.993685765631191e-05,3598.0879301620007
43380,88842240,1.9157702922821045,,,8.987931483383478e-05,3598.881717819
43390,88862720,1.9545722007751465,,,8.98217917740946e-05,3599.6767401629986
43400,88883200,1.7409329414367676,1.875312227010727,6.522855414067956,8.976428849222454e-05,3600.9432628860013
43410,88903680,1.9487226009368896,,,8.97068050033526e-05,3601.6304388740027
43420,88924160,2.094853401184082,,,8.964934132260144e-05,3602.4021316689978
43430,88944640,2.270080804824829,,,8.95918974650886e-05,3603.145931234001
43440,88965120,1.9311785697937012,,,8.95344734459264e-05,3603.755908817002
43450,88985600,1.9131211042404175,,,8.947706928022206e-05,3604.392964681996
43460,89006080,1.772634506225586,,,8.941968498307733e-05,3605.134315219999
43470,89026560,1.7134603261947632,,,8.936232056958889e-05,3605.8980025389974
43480,89047040,2.126131534576416,,,8.930497605484818e-05,3606.6446589810002
43490,89067520,2.1117351055145264,,,8.924765145394142e-05,3607.391728825998
43500,89088000,1.7636547088623047,1.878381359577179,6.542905674760817,8.919034678194945e-05,3608.3896651510004
43510,89108480,1.9063405990600586,,,8.913306205394799e-05,3609.6071987890027
43520,89128960,1.9783281087875366,,,8.90757972850076e-05,3610.581612091002
43530,89149440,1.7980802059173584,,,8.901855249019341e-05,3611.3437675390014
43540,89169920,1.940847635269165,,,8.896132768456545e-05,3612.218115843003
43550,89190400,1.9116334915161133,,,8.89041228831783e-05,3612.8925566550024
43560,89210880,1.8267370462417603,,,8.884693810108143e-05,3613.537488447
43570,89231360,1.9662092924118042,,,8.878977335331897e-05,3614.4246727659993
43580,89251840,1.9157609939575195,,,8.873262865492996e-05,3615.2189561339983
43590,89272320,2.1147243976593018,,,8.867550402094785e-05,3615.8982224659994
43600,89292800,2.0885329246520996,1.877298218011856,6.535822618335392,8.861839946640104e-05,3617.1379479980023
43610,89313280,2.1052467823028564,,,8.856131500631257e-05,3617.8411257729967
43620,89333760,1.7318134307861328,,,8.85042506557003e-05,3618.535052965999
43630,89354240,2.0807266235351562,,,8.844720642957657e-05,3619.274164720002
43640,89374720,1.7523555755615234,,,8.839018234294859e-05,3619.9228785660016
43650,89395200,1.9682085514068604,,,8.833317841081834e-05,3620.7631062660002
43660,89415680,1.6903396844863892,,,8.82761946481824e-05,3621.5332550890016
43670,89436160,2.0462684631347656,,,8.821923107003194e-05,3622.2692600910013
43680,89456640,1.9041016101837158,,,8.816228769135301e-05,3623.201687120003
43690,89477120,2.02571439743042,,,8.810536452712623e-05,3624.1058826570006
43700,89497600,1.861163854598999,1.8729982912540435,6.507779394886385,8.804846159232699e-05,3625.6120530749977
43710,89518080,1.9625102281570435,,,8.79915789019252e-05,3626.229996299
43720,89538560,1.771274209022522,,,8.793471647088563e-05,3626.909572522003
43730,89559040,1.8178932666778564,,,8.787787431416763e-05,3627.777573526
43740,89579520,1.8828370571136475,,,8.782105244672521e-05,3628.676643036997
43750,89600000,1.641352653503418,,,8.776425088350712e-05,3629.3270769779992
43760,89620480,1.8212031126022339,,,8.77074696394566e-05,3630.049965486003
43770,89640960,1.8453561067581177,,,8.76507087295117e-05,3630.759177316999
43780,89661440,2.0808887481689453,,,8.7593968168605e-05,3631.400137466997
43790,89681920,1.966374397277832,,,8.7537247971664e-05,3632.0940144350025
43800,89702400,1.9221587181091309,1.8737011134624482,6.5123548144374075,8.748054815361043e-05,3633.083462800998
43810,89722880,1.9327170848846436,,,8.742386872936093e-05,3633.970526942998
43820,89743360,1.5496004819869995,,,8.736720971382675e-05,3634.711110201002
43830,89763840,1.99735689163208,,,8.731057112191376e-05,3635.405486878997
43840,89784320,1.8669041395187378,,,8.725395296852233e-05,3636.2302631689963
43850,89804800,1.8377344608306885,,,8.719735526854756e-05,3636.8483639370024
43860,89825280,1.675004243850708,,,8.714077803687926e-05,3637.6324933290016
43870,89845760,1.7081682682037354,,,8.708422128840176e-05,3638.3814523449983
43880,89866240,1.9129302501678467,,,8.702768503799389e-05,3639.010279148999
43890,89886720,1.851337194442749,,,8.697116930052925e-05,3639.7203740479963
43900,89907200,1.9384889602661133,1.8727723360061646,6.506309094097418,8.691467409087602e-05,3640.956251839998
43910,89927680,1.74827241897583,,,8.685819942389694e-05,3641.634261688996
43920,89948160,1.8252469301223755,,,8.680174531444926e-05,3642.361727165
43930,89968640,1.9723315238952637,,,8.674531177738505e-05,3643.0377760530027
43940,89989120,1.7950968742370605,,,8.668889882755078e-05,3643.755995690997
43950,90009600,1.8247417211532593,,,8.663250647978761e-05,3644.4473025069965
43960,90030080,2.0363619327545166,,,8.657613474893114e-05,3645.1034393419977
43970,90050560,1.8326482772827148,,,8.651978364981167e-05,3645.883373108998
43980,90071040,2.1165380477905273,,,8.6463453197254e-05,3646.8178110020017
43990,90091520,2.1150295734405518,,,8.640714340607762e-05,3647.4779139739985
44000,90112000,1.7180850505828857,1.8736951231956482,6.512315803811415,8.635085429109652e-05,3648.592199229999
44010,90132480,1.8710076808929443,,,8.629458586711914e-05,3650.2798721500003
44020,90152960,1.8443385362625122,,,8.623833814894856e-05,3651.0302480570026
44030,90173440,1.851557970046997,,,8.618211115138247e-05,3651.7498823549977
44040,90193920,1.7025361061096191,,,8.612590488921313e-05,3652.5023622290028
44050,90214400,1.7481292486190796,,,8.606971937722705e-05,3653.345692581999
44060,90234880,1.9543606042861938,,,8.601355463020573e-05,3654.1433845799984
44070,90255360,1.7255146503448486,,,8.595741066292488e-05,3654.9651525200024
44080,90275840,1.7328369617462158,,,8.590128749015491e-05,3655.6607600979987
44090,90296320,1.8134387731552124,,,8.58451851266606e-05,3656.764926957003
44100,90316800,1.8323962688446045,1.875939428806305,6.526947843951483,8.57891035872014e-05,3657.880668908001
44110,90337280,1.7222247123718262,,,8.573304288653123e-05,3658.629349290997
44120,90357760,1.998616099357605,,,8.567700303939854e-05,3659.4037475649966
44130,90378240,1.8594083786010742,,,8.562098406054628e-05,3660.1594089400023
44140,90398720,1.9139776229858398,,,8.556498596471188e-05,3660.8694499839985
44150,90419200,1.833046317100525,,,8.550900876662734e-05,3661.658154085002
44160,90439680,1.9420602321624756,,,8.545305248101919e-05,3662.3781438029982
44170,90460160,1.6774529218673706,,,8.539711712260828e-05,3663.061844513999
44180,90480640,1.6456987857818604,,,8.534120270611013e-05,3663.8127607839997
44190,90501120,1.8657258749008179,,,8.528530924623465e-05,3664.6943783079987
44200,90521600,2.0195629596710205,1.872541606426239,6.50480806930534,8.52294367576864e-05,3666.0167848959973
44210,90542080,1.5484428405761719,,,8.517358525516424e-05,3666.776777439998
44220,90562560,1.8443782329559326,,,8.511775475336154e-05,3667.665397632998
44230,90583040,1.8520056009292603,,,8.506194526696621e-05,3668.511615614996
44240,90603520,1.7760950326919556,,,8.50061568106606e-05,3669.1684634679987
44250,90624000,1.8219573497772217,,,8.495038939912155e-05,3669.878445397
44260,90644480,2.0316548347473145,,,8.489464304702026e-05,3670.5662417740023
44270,90664960,1.8668317794799805,,,8.483891776902253e-05,3671.2854179139977
44280,90685440,1.7385118007659912,,,8.478321357978857e-05,3671.9949428030013
44290,90705920,1.9403289556503296,,,8.472753049397307e-05,3672.733432560999
44300,90726400,1.8491978645324707,1.8749267637729645,6.520341577627486,8.467186852622501e-05,3673.791523615
44310,90746880,1.6955959796905518,,,8.461622769118797e-05,3674.4256528210026
44320,90767360,1.9203288555145264,,,8.456060800349993e-05,3675.1828919949985
44330,90787840,2.034813404083252,,,8.450500947779342e-05,3675.823499471997
44340,90808320,1.9263771772384644,,,8.444943212869514e-05,3676.7132686580007
44350,90828800,1.9232151508331299,,,8.439387597082642e-05,3677.427832444002
44360,90849280,1.6659586429595947,,,8.433834101880298e-05,3678.1862029609983
44370,90869760,1.9464848041534424,,,8.428282728723499e-05,3678.970933564997
44380,90890240,1.6499011516571045,,,8.422733479072688e-05,3679.6726983639965
44390,90910720,2.2424094676971436,,,8.417186354387763e-05,3680.4605008
44400,90931200,1.9118692874908447,1.8700213730335236,6.488435075345123,8.41164135612807e-05,3681.6883463999984
44410,90951680,1.8399741649627686,,,8.40609848575238e-05,3682.4008137260025
44420,90972160,1.742757797241211,,,8.400557744718914e-05,3683.155787308002
44430,90992640,2.0660793781280518,,,8.395019134485322e-05,3683.8666505319998
44440,91013120,1.8729811906814575,,,8.389482656508705e-05,3684.5994471529993
44450,91033600,2.268679618835449,,,8.383948312245599e-05,3685.317639590001
44460,91054080,1.936551809310913,,,8.378416103151977e-05,3686.0053413439964
44470,91074560,2.1468491554260254,,,8.372886030683252e-05,3686.705832473999
44480,91095040,1.8620789051055908,,,8.367358096294278e-05,3687.613220967003
44490,91115520,2.0314137935638428,,,8.361832301439336e-05,3688.354789514
44500,91136000,1.8611888885498047,1.872142219543457,6.502210653008969,8.356308647572162e-05,3689.525030040997
44510,91156480,1.9358229637145996,,,8.350787136145905e-05,3690.70193879
44520,91176960,1.9840757846832275,,,8.345267768613169e-05,3691.4877982649996
44530,91197440,1.8940656185150146,,,8.339750546425986e-05,3692.2481344889966
44540,91217920,1.7842336893081665,,,8.334235471035835e-05,3692.923482676997
44550,91238400,1.8557460308074951,,,8.328722543893612e-05,3693.545786935996
44560,91258880,1.6950244903564453,,,8.323211766449657e-05,3694.286926644003
44570,91279360,1.9475774765014648,,,8.317703140153749e-05,3695.032396536997
44580,91299840,1.7846544981002808,,,8.312196666455098e-05,3695.684214574001
44590,91320320,2.330643653869629,,,8.306692346802333e-05,3696.3672198999993
44600,91340800,2.085078477859497,1.8724804103374482,6.504410012673042,8.301190182643544e-05,3697.3260244389967
44610,91361280,2.1987390518188477,,,8.295690175426234e-05,3697.9543916979965
44620,91381760,1.9942920207977295,,,8.290192326597344e-05,3698.9397479800027
44630,91402240,1.9869275093078613,,,8.284696637603253e-05,3699.800775625001
44640,91422720,1.8520658016204834,,,8.279203109889755e-05,3700.442277998998
44650,91443200,1.826816201210022,,,8.27371174490209e-05,3701.090661356997
44660,91463680,1.7151012420654297,,,8.268222544084925e-05,3701.944162795997
44670,91484160,1.6481159925460815,,,8.262735508882368e-05,3702.784799009998
44680,91504640,1.8561861515045166,,,8.257250640737935e-05,3703.6963827729996
44690,91525120,1.5457725524902344,,,8.251767941094586e-05,3704.4218166010032
44700,91545600,2.0671489238739014,1.869679319858551,6.48621606505839,8.246287411394713e-05,3705.7507282439983
44710,91566080,1.7416566610336304,,,8.240809053080138e-05,3706.485231409002
44720,91586560,1.7968350648880005,,,8.235332867592091e-05,3707.1932424449988
44730,91607040,2.026606321334839,,,8.229858856371251e-05,3707.8782030759976
44740,91627520,2.1366875171661377,,,8.224387020857728e-05,3708.6318984140016
44750,91648000,1.8900887966156006,,,8.218917362491053e-05,3709.5340319239986
44760,91668480,2.153407573699951,,,8.21344988271017e-05,3710.3793613649977
44770,91688960,1.9188928604125977,,,8.20798458295347e-05,3711.1420100859978
44780,91709440,2.124206304550171,,,8.202521464658763e-05,3711.9788833019993
44790,91729920,2.0534353256225586,,,8.197060529263289e-05,3712.933375781002
44800,91750400,1.9757237434387207,1.8706179022789002,6.492306771299416,8.191601778203696e-05,3713.9542085369976
44810,91770880,1.8543763160705566,,,8.186145212916085e-05,3714.656857782
44820,91791360,1.933648705482483,,,8.180690834835963e-05,3715.58157142
44830,91811840,1.8514058589935303,,,8.17523864539827e-05,3716.456755391002
44840,91832320,1.8327608108520508,,,8.169788646037371e-05,3717.2465540549965
44850,91852800,1.8966000080108643,,,8.164340838187038e-05,3718.089910435003
44860,91873280,1.7873111963272095,,,8.158895223280483e-05,3718.7606976969982
44870,91893760,2.024786949157715,,,8.153451802750346e-05,3719.449664157997
44880,91914240,2.043977737426758,,,8.148010578028678e-05,3720.201618291998
44890,91934720,1.8309684991836548,,,8.14257155054695e-05,3721.0722591059966
44900,91955200,2.143124580383301,1.8705216765403747,6.491682074342059,8.137134721736065e-05,3722.2312802849992
44910,91975680,2.013225793838501,,,8.13170009302634e-05,3723.160986048999
44920,91996160,2.129889488220215,,,8.126267665847523e-05,3723.8704534319986
44930,92016640,2.062605857849121,,,8.120837441628762e-05,3724.6323094909967
44940,92037120,1.9073820114135742,,,8.115409421798652e-05,3725.334482405997
44950,92057600,1.8631031513214111,,,8.109983607785193e-05,3726.160668151999
44960,92078080,2.1165690422058105,,,8.104560001015812e-05,3726.8628753649973
44970,92098560,1.8387712240219116,,,8.099138602917337e-05,3727.594044505997
44980,92119040,1.8019179105758667,,,8.093719414916039e-05,3728.2914372250016
44990,92139520,1.802038550376892,,,8.088302438437593e-05,3729.058558759003
45000,92160000,2.0119681358337402,1.8705323874950408,6.491751606826842,8.082887674907097e-05,3730.185989505997
45010,92180480,1.9008238315582275,,,8.077475125749067e-05,3731.494754168998
45020,92200960,2.124058246612549,,,8.072064792387436e-05,3732.215787784997
45030,92221440,1.9071269035339355,,,8.066656676245552e-05,3732.9297629689972
45040,92241920,2.0807228088378906,,,8.061250778746185e-05,3733.5697684879997
45050,92262400,1.7286615371704102,,,8.055847101311512e-05,3734.3512273279994
45060,92282880,2.165067672729492,,,8.050445645363134e-05,3735.098164734998
45070,92303360,1.7070460319519043,,,8.045046412322059e-05,3735.838890373998
45080,92323840,1.8890997171401978,,,8.039649403608727e-05,3736.55543742
45090,92344320,1.6743537187576294,,,8.034254620642983e-05,3737.2739791450003
45100,92364800,2.2464091777801514,1.8678594648838043,6.4744228267316375,8.028862064844074e-05,3738.5902174739967
45110,92385280,1.7960928678512573,,,8.02347173763068e-05,3739.3033280809977
45120,92405760,1.6126704216003418,,,8.018083640420887e-05,3740.087464901997
45130,92426240,1.9708337783813477,,,8.012697774632197e-05,3740.7880438209977
45140,92446720,1.5668587684631348,,,8.007314141681511e-05,3741.675908817
45150,92467200,2.0857415199279785,,,8.001932742985165e-05,3742.4206482570007
45160,92487680,1.7862894535064697,,,7.996553579958897e-05,3743.219741364999
45170,92508160,1.751024842262268,,,7.991176654017857e-05,3743.8862130039997
45180,92528640,1.8221404552459717,,,7.985801966576597e-05,3744.6871717589966
45190,92549120,1.84232759475708,,,7.980429519049094e-05,3745.388359397002
45200,92569600,2.0680322647094727,1.8647440016269683,6.454283388435381,7.975059312848728e-05,3746.5395374500004
45210,92590080,2.0324811935424805,,,7.969691349388303e-05,3747.327425645999
45220,92610560,1.6457316875457764,,,7.964325630080006e-05,3748.2076460140015
45230,92631040,1.8747680187225342,,,7.95896215633546e-05,3748.934229421997
45240,92651520,1.9231159687042236,,,7.953600929565682e-05,3749.641087985001
45250,92672000,1.9237359762191772,,,7.948241951181111e-05,3750.3436892600002
45260,92692480,1.8194644451141357,,,7.942885222591572e-05,3751.0612421350015
45270,92712960,1.6741083860397339,,,7.937530745206316e-05,3751.739940544998
45280,92733440,1.8336844444274902,,,7.932178520434006e-05,3752.526790629003
45290,92753920,1.7776368856430054,,,7.926828549682701e-05,3753.350584763997
45300,92774400,1.7894090414047241,1.8666082799434662,6.466327192017687,7.921480834359874e-05,3754.4250743469966
45310,92794880,2.0177059173583984,,,7.916135375872392e-05,3755.144622900996
45320,92815360,1.8842755556106567,,,7.910792175626542e-05,3755.864338252002
45330,92835840,1.7599022388458252,,,7.90545123502801e-05,3756.519803670999
45340,92856320,1.9844270944595337,,,7.900112555481893e-05,3757.306033310997
45350,92876800,1.8363807201385498,,,7.894776138392688e-05,3758.3067905759963
45360,92897280,1.8445185422897339,,,7.889441985164299e-05,3759.2134081990007
45370,92917760,2.0063939094543457,,,7.884110097200036e-05,3759.8318111940025
45380,92938240,1.8560435771942139,,,7.878780475902613e-05,3760.5607745529996
45390,92958720,1.6729357242584229,,,7.873453122674137e-05,3761.2777431569993
45400,92979200,2.086179733276367,1.8626613557338714,6.44085538938068,7.868128038916134e-05,3762.5840584379985
45410,92999680,1.8181040287017822,,,7.86280522602952e-05,3763.424971998
45420,93020160,2.0558202266693115,,,7.857484685414632e-05,3764.1576223899974
45430,93040640,2.052269697189331,,,7.852166418471186e-05,3764.884755361003
45440,93061120,2.0751709938049316,,,7.846850426598315e-05,3765.639866493002
45450,93081600,1.9403555393218994,,,7.841536711194547e-05,3766.3800657539978
45460,93102080,1.97319495677948,,,7.83622527365782e-05,3767.015421502001
45470,93122560,2.0981502532958984,,,7.830916115385456e-05,3767.7156083849986
45480,93143040,2.0135321617126465,,,7.825609237774187e-05,3768.473884382998
45490,93163520,1.9539769887924194,,,7.820304642220154e-05,3769.2088677509964
45500,93184000,1.7249598503112793,1.8644053041934967,6.452097709379657,7.815002330118886e-05,3770.3856462080003
45510,93204480,2.117305278778076,,,7.809702302865321e-05,3771.7205353559984
45520,93224960,1.9044791460037231,,,7.804404561853776e-05,3772.6005002230013
45530,93245440,1.7604529857635498,,,7.799109108477987e-05,3773.3339132550027
45540,93265920,2.146278142929077,,,7.793815944131075e-05,3774.2615976590023
45550,93286400,1.8215901851654053,,,7.788525070205579e-05,3774.9771642549968
45560,93306880,2.0596160888671875,,,7.783236488093407e-05,3775.710577799
45570,93327360,1.8120006322860718,,,7.777950199185884e-05,3776.4354612379975
45580,93347840,1.6821495294570923,,,7.772666204873725e-05,3777.2678928769965
45590,93368320,2.0567145347595215,,,7.767384506547047e-05,3778.018571230001
45600,93388800,1.8798649311065674,1.8622985899448394,6.438519291147189,7.76210510559535e-05,3779.3843294420003
45610,93409280,1.7580629587173462,,,7.756828003407536e-05,3780.2425156870013
45620,93429760,2.052253246307373,,,7.751553201371915e-05,3781.050412880002
45630,93450240,1.8981401920318604,,,7.746280700876182e-05,3781.7369369559965
45640,93470720,1.9537341594696045,,,7.741010503307414e-05,3782.4571416769977
45650,93491200,1.7521734237670898,,,7.735742610052097e-05,3783.4246063269966
45660,93511680,1.8432936668395996,,,7.730477022496111e-05,3784.195537589003
45670,93532160,1.5961594581604004,,,7.72521374202473e-05,3784.9444272159963
45680,93552640,1.887764811515808,,,7.719952770022602e-05,3785.759740112
45690,93573120,1.8481029272079468,,,7.714694107873796e-05,3786.593684548003
45700,93593600,1.8087103366851807,1.8626228094100952,6.440607122868356,7.709437756961756e-05,3787.928851110002
45710,93614080,1.8255844116210938,,,7.704183718669322e-05,3788.601602702998
45720,93634560,2.1655445098876953,,,7.69893199437873e-05,3789.304747936003
45730,93655040,1.8131211996078491,,,7.693682585471594e-05,3790.010957833998
45740,93675520,1.9605475664138794,,,7.68843549332893e-05,3790.850646840001
45750,93696000,2.043229818344116,,,7.683190719331141e-05,3791.521227641999
45760,93716480,1.87222158908844,,,7.677948264858031e-05,3792.2106542960028
45770,93736960,1.9240753650665283,,,7.672708131288775e-05,3792.964951861002
45780,93757440,1.5836498737335205,,,7.667470320001946e-05,3793.6135742589977
45790,93777920,2.16691255569458,,,7.66223483237551e-05,3794.288636899997
45800,93798400,2.049757480621338,1.8659233331680298,6.461899618557781,7.657001669786822e-05,3795.398516487003
45810,93818880,2.068901538848877,,,7.651770833612611e-05,3796.2623462679985
45820,93839360,1.8314567804336548,,,7.646542325229008e-05,3797.2172658869968
45830,93859840,1.7437314987182617,,,7.641316146011533e-05,3797.839031994001
45840,93880320,1.9884434938430786,,,7.636092297335089e-05,3798.544722453
45850,93900800,1.910650372505188,,,7.63087078057396e-05,3799.173940325003
45860,93921280,1.6729145050048828,,,7.625651597101821e-05,3799.964529623998
45870,93941760,2.0767223834991455,,,7.620434748291738e-05,3800.7201035710023
45880,93962240,1.6737332344055176,,,7.615220235516161e-05,3801.3866662790024
45890,93982720,2.039979934692383,,,7.610008060146908e-05,3802.139891193001
45900,94003200,1.8245173692703247,1.8622907102108002,6.438468557527452,7.604798223555217e-05,3803.4920647670006
45910,94023680,1.6914808750152588,,,7.599590727111679e-05,3804.3214122599966
45920,94044160,1.9429360628128052,,,7.594385572186286e-05,3805.0215037289963
45930,94064640,1.701093077659607,,,7.589182760148412e-05,3805.8052347850025
45940,94085120,2.035062789916992,,,7.583982292366804e-05,3806.688282893003
45950,94105600,1.9958291053771973,,,7.578784170209599e-05,3807.455396354002
45960,94126080,2.1252620220184326,,,7.573588395044328e-05,3808.4108294079997
45970,94146560,2.0108749866485596,,,7.568394968237892e-05,3809.202864523002
45980,94167040,2.174142837524414,,,7.563203891156573e-05,3810.0492452800027
45990,94187520,2.020423173904419,,,7.558015165166038e-05,3810.8746468750032
46000,94208000,1.9689397811889648,1.8628150403499604,6.441845325835535,7.55282879163134e-05,3812.0588555680006
46010,94228480,1.9611663818359375,,,7.54764477191691e-05,3813.349344923001
46020,94248960,2.0434391498565674,,,7.542463107386548e-05,3814.0581145239994
46030,94269440,1.8032954931259155,,,7.53728379940346e-05,3814.7811255499983
46040,94289920,1.9515786170959473,,,7.53210684933021e-05,3815.675785200998
46050,94310400,1.882067322731018,,,7.526932258528756e-05,3816.3380632219996
46060,94330880,2.0472962856292725,,,7.521760028360418e-05,3817.064747206001
46070,94351360,2.0583126544952393,,,7.51659016018591e-05,3817.7754847780016
46080,94371840,1.820885181427002,,,7.511422655365321e-05,3818.4993779200013
46090,94392320,1.8800745010375977,,,7.506257515258118e-05,3819.189684883997
46100,94412800,2.024986743927002,1.8628745317459106,6.442228571606264,7.501094741223142e-05,3820.213666042997
46110,94433280,1.8466256856918335,,,7.495934334618617e-05,3821.0199115009964
46120,94453760,1.6659903526306152,,,7.490776296802142e-05,3821.7997363609975
46130,94474240,2.065192699432373,,,7.485620629130697e-05,3822.696074419
46140,94494720,1.9766743183135986,,,7.480467332960623e-05,3823.3625395069976
46150,94515200,1.98750901222229,,,7.475316409647657e-05,3824.1754220790026
46160,94535680,2.0134639739990234,,,7.470167860546895e-05,3825.0530579449987
46170,94556160,1.9131889343261719,,,7.465021687012827e-05,3825.8496270359974
46180,94576640,1.9947781562805176,,,7.459877890399308e-05,3826.6027663939967
46190,94597120,2.027620315551758,,,7.454736472059555e-05,3827.523957874
46200,94617600,1.8079156875610352,1.8628116428852082,6.44182343993028,7.44959743334618e-05,3828.6982211369977
46210,94638080,1.8200149536132812,,,7.444460775611157e-05,3829.4321459580024
46220,94658560,1.9678521156311035,,,7.439326500205844e-05,3830.1455157160017
46230,94679040,1.7008512020111084,,,7.43419460848095e-05,3830.7965956339976
46240,94699520,1.8112372159957886,,,7.429065101786587e-05,3831.452613499001
46250,94720000,1.8156607151031494,,,7.423937981472221e-05,3832.161070602997
46260,94740480,2.138820171356201,,,7.418813248886697e-05,3832.8291395600027
46270,94760960,1.785539984703064,,,7.413690905378218e-05,3833.554740697
46280,94781440,2.1656253337860107,,,7.40857095229438e-05,3834.297869009002
46290,94801920,1.9112954139709473,,,7.403453390982126e-05,3835.0945744830024
46300,94822400,1.8282318115234375,1.861461913585663,6.433134587209548,7.398338222787804e-05,3836.3601087470015
46310,94842880,2.0109305381774902,,,7.393225449057095e-05,3837.1177676849984
46320,94863360,1.771773338317871,,,7.38811507113507e-05,3837.830884121002
46330,94883840,1.8015587329864502,,,7.383007090366169e-05,3838.5995687359973
46340,94904320,1.9505795240402222,,,7.377901508094202e-05,3839.3438794339963
46350,94924800,1.7990772724151611,,,7.372798325662336e-05,3840.06120715
46360,94945280,1.9085662364959717,,,7.367697544413114e-05,3840.7863108759993
46370,94965760,1.9713304042816162,,,7.36259916568846e-05,3841.5396686379972
46380,94986240,2.030235528945923,,,7.35750319082965e-05,3842.3727618440025
46390,95006720,1.8520641326904297,,,7.352409621177334e-05,3843.137825370999
46400,95027200,2.0726776123046875,1.8624229073524474,6.439319760929432,7.347318458071521e-05,3844.2918531190007
46410,95047680,1.805046796798706,,,7.342229702851595e-05,3845.1196125889983
46420,95068160,1.8990482091903687,,,7.337143356856308e-05,3845.7997970279976
46430,95088640,1.7898681163787842,,,7.332059421423772e-05,3846.488852397997
46440,95109120,1.8845069408416748,,,7.326977897891472e-05,3847.1629410759997
46450,95129600,2.253424882888794,,,7.321898787596251e-05,3847.9740735820014
46460,95150080,1.7755627632141113,,,7.316822091874321e-05,3848.8525480410026
46470,95170560,2.1785130500793457,,,7.311747812061263e-05,3849.6082677500017
46480,95191040,1.7197165489196777,,,7.306675949492009e-05,3850.3543439740024
46490,95211520,2.0416834354400635,,,7.301606505500867e-05,3851.057248502999
46500,95232000,2.350633144378662,1.8607738375663758,6.428709624101325,7.296539481421503e-05,3852.425775472999
46510,95252480,1.8387731313705444,,,7.291474878586961e-05,3853.795104167999
46520,95272960,1.9695994853973389,,,7.286412698329623e-05,3854.600444192998
46530,95293440,2.023655891418457,,,7.281352941981251e-05,3855.3971142200025
46540,95313920,1.6705272197723389,,,7.276295610872963e-05,3856.291467834999
46550,95334400,2.339892864227295,,,7.271240706335249e-05,3857.084110992997
46560,95354880,1.9364961385726929,,,7.266188229697939e-05,3857.9077531560033
46570,95375360,1.9046484231948853,,,7.261138182290241e-05,3858.689272194999
46580,95395840,1.950221300125122,,,7.256090565440729e-05,3859.419155083997
46590,95416320,1.6985913515090942,,,7.251045380477323e-05,3860.1634488490017
46600,95436800,1.8112783432006836,1.8585376977920531,6.4143501916458066,7.246002628727315e-05,3861.426561225002
46610,95457280,1.6623990535736084,,,7.240962311517342e-05,3862.183785205998
46620,95477760,2.018606185913086,,,7.235924430173416e-05,3863.0119379660027
46630,95498240,1.7666749954223633,,,7.230888986020896e-05,3864.0078499930023
46640,95518720,1.8967936038970947,,,7.225855980384516e-05,3864.9902034089973
46650,95539200,1.7683119773864746,,,7.220825414588352e-05,3865.693930538
46660,95559680,2.2062788009643555,,,7.215797289955844e-05,3866.4628768569964
46670,95580160,1.7699761390686035,,,7.21077160780979e-05,3867.2032434430002
46680,95600640,1.9848356246948242,,,7.205748369472352e-05,3868.050878178001
46690,95621120,1.9083218574523926,,,7.200727576265035e-05,3868.871044829997
46700,95641600,1.8981879949569702,1.8595399498939513,6.420782210321395,7.195709229508703e-05,3870.2722558899986
46710,95662080,1.9722102880477905,,,7.190693330523596e-05,3871.0148596770014
46720,95682560,2.090549945831299,,,7.185679880629293e-05,3871.748262537003
46730,95703040,1.8265434503555298,,,7.180668881144725e-05,3872.5300784889987
46740,95723520,1.811265468597412,,,7.175660333388186e-05,3873.280033736002
46750,95744000,1.7718687057495117,,,7.170654238677327e-05,3874.0829691679974
46760,95764480,2.0067148208618164,,,7.165650598329154e-05,3874.777691561998
46770,95784960,1.827558994293213,,,7.160649413660009e-05,3875.5433053140005
46780,95805440,1.6876877546310425,,,7.155650685985619e-05,3876.2163163290024
46790,95825920,1.8659839630126953,,,7.150654416621041e-05,3876.929702677997
46800,95846400,1.8420188426971436,1.859086161851883,6.417869197128891,7.145660606880695e-05,3878.0766339839975
46810,95866880,1.9338102340698242,,,7.140669258078355e-05,3878.8239637969964
46820,95887360,1.7763444185256958,,,7.135680371527134e-05,3879.6098861610008
46830,95907840,1.9715523719787598,,,7.130693948539516e-05,3880.3780159180023
46840,95928320,2.3720643520355225,,,7.12570999042732e-05,3881.1010568540005
46850,95948800,1.894181489944458,,,7.120728498501738e-05,3881.7978045260024
46860,95969280,2.0001285076141357,,,7.115749474073289e-05,3882.540410155998
46870,95989760,1.8295783996582031,,,7.110772918451857e-05,3883.4457843249984
46880,96010240,1.9191601276397705,,,7.105798832946675e-05,3884.1765325399974
46890,96030720,1.8934569358825684,,,7.100827218866326e-05,3884.9367163310017
46900,96051200,1.6674156188964844,1.8591604053974151,6.418345700181266,7.095858077518735e-05,3886.049696902999
46910,96071680,2.085289716720581,,,7.090891410211183e-05,3887.0011235790007
46920,96092160,1.9041081666946411,,,7.085927218250308e-05,3887.6990876459968
46930,96112640,2.0131990909576416,,,7.080965502942087e-05,3888.468160397999
46940,96133120,1.685009241104126,,,7.076006265591841e-05,3889.166705087002
46950,96153600,1.8022716045379639,,,7.071049507504249e-05,3889.8280398689967
46960,96174080,2.0527942180633545,,,7.066095229983335e-05,3890.550493253999
46970,96194560,2.4121596813201904,,,7.06114343433247e-05,3891.3414112710016
46980,96215040,1.6429049968719482,,,7.056194121854363e-05,3892.0498023789987
46990,96235520,1.7580904960632324,,,7.05124729385109e-05,3892.9563733489995
47000,96256000,1.9726457595825195,1.8582917869091033,6.412773027055547,7.046302951624057e-05,3894.4489108199996
47010,96276480,1.9551008939743042,,,7.041361096474019e-05,3895.7838499209975
47020,96296960,1.9685717821121216,,,7.036421729701085e-05,3896.709835540998
47030,96317440,1.8833515644073486,,,7.031484852604694e-05,3897.6127239609996
47040,96337920,1.849553108215332,,,7.026550466483637e-05,3898.4340922010015
47050,96358400,1.6840561628341675,,,7.021618572636062e-05,3899.4368330020006
47060,96378880,1.7819244861602783,,,7.01668917235945e-05,3900.279862538002
47070,96399360,1.865511417388916,,,7.01176226695062e-05,3900.9867180459987
47080,96419840,1.6833164691925049,,,7.006837857705742e-05,3901.635029717996
47090,96440320,2.199751377105713,,,7.001915945920331e-05,3902.4129424170023
47100,96460800,1.8249527215957642,1.8574062287807465,6.407096657524676,6.996996532889247e-05,3903.7252825089963
47110,96481280,2.11810302734375,,,6.992079619906675e-05,3904.4299219929962
47120,96501760,1.6371614933013916,,,6.98716520826617e-05,3905.1540219750023
47130,96522240,1.9502131938934326,,,6.982253299260607e-05,3905.7700182679982
47140,96542720,1.9094176292419434,,,6.977343894182216e-05,3906.663037282997
47150,96563200,1.8943634033203125,,,6.972436994322556e-05,3907.325928364997
47160,96583680,2.0113906860351562,,,6.967532600972535e-05,3908.0263737869973
47170,96604160,1.6641285419464111,,,6.9626307154224e-05,3908.877501181996
47180,96624640,1.9137203693389893,,,6.957731338961741e-05,3909.6374308239974
47190,96645120,1.8408987522125244,,,6.952834472879483e-05,3910.275430159003
47200,96665600,1.9669452905654907,1.8574145197868348,6.407149779022286,6.947940118463891e-05,3911.255096970999
47210,96686080,2.1329145431518555,,,6.943048277002576e-05,3912.261925245002
47220,96706560,1.7252795696258545,,,6.938158949782481e-05,3912.938178153003
47230,96727040,1.57607102394104,,,6.933272138089886e-05,3913.6375304460016
47240,96747520,1.6131162643432617,,,6.928387843210412e-05,3914.292330254997
47250,96768000,1.7720556259155273,,,6.923506066429018e-05,3915.019167514998
47260,96788480,1.9937820434570312,,,6.918626809030009e-05,3915.751413031001
47270,96808960,1.915332555770874,,,6.913750072297018e-05,3916.4386852530006
47280,96829440,1.984005093574524,,,6.908875857513009e-05,3917.0829454179984
47290,96849920,1.7251851558685303,,,6.904004165960292e-05,3917.8502638799982
47300,96870400,1.6721277236938477,1.857326829433441,6.406587958427401,6.899134998920512e-05,3919.0714954799987
47310,96890880,1.7291914224624634,,,6.894268357674647e-05,3919.7931435049977
47320,96911360,1.9877581596374512,,,6.889404243503015e-05,3920.5238144530013
47330,96931840,1.994720697402954,,,6.884542657685264e-05,3921.178780495
47340,96952320,1.9013737440109253,,,6.879683601500382e-05,3921.899530169998
47350,96972800,1.9324227571487427,,,6.874827076226687e-05,3922.561722860999
47360,96993280,2.0505127906799316,,,6.86997308314183e-05,3923.5647788049973
47370,97013760,1.9287227392196655,,,6.865121623522802e-05,3924.323750871001
47380,97034240,1.7667615413665771,,,6.860272698645918e-05,3925.194568812003
47390,97054720,1.8920962810516357,,,6.855426309786848e-05,3925.957064344002
47400,97075200,1.9910317659378052,1.8582414746284486,6.412450393935506,6.850582458220563e-05,3927.0399688519974
47410,97095680,1.9379127025604248,,,6.845741145221386e-05,3927.8855693009973
47420,97116160,1.9038951396942139,,,6.840902372062975e-05,3928.491767517
47430,97136640,2.0304107666015625,,,6.836066140018312e-05,3929.1663785830024
47440,97157120,1.7573332786560059,,,6.831232450359707e-05,3929.8235782050033
47450,97177600,1.911293864250183,,,6.826401304358803e-05,3930.559007564996
47460,97198080,1.7243034839630127,,,6.82157270328659e-05,3931.236108267003
47470,97218560,1.8506786823272705,,,6.816746648413367e-05,3931.967579789998
47480,97239040,1.9185607433319092,,,6.811923141008778e-05,3932.7385872960003
47490,97259520,1.867943286895752,,,6.807102182341782e-05,3933.4746295419973
47500,97280000,2.1884591579437256,1.8568024396896363,6.403229290111792,6.802283773680678e-05,3934.729999672003
47510,97300480,1.9226146936416626,,,6.797467916293096e-05,3935.938061597997
47520,97320960,1.8512098789215088,,,6.792654611445989e-05,3936.7392094949973
47530,97341440,2.0143842697143555,,,6.787843860405638e-05,3937.417692821
47540,97361920,1.9173548221588135,,,6.78303566443766e-05,3938.153566506997
47550,97382400,1.925208568572998,,,6.778230024806989e-05,3938.859714058999
47560,97402880,1.8126249313354492,,,6.773426942777901e-05,3939.5509206729985
47570,97423360,1.9962711334228516,,,6.768626419613977e-05,3940.1973011029986
47580,97443840,1.6569913625717163,,,6.76382845657814e-05,3941.0424648389962
47590,97464320,1.8197375535964966,,,6.759033054932644e-05,3941.706484221999
47600,97484800,1.9882316589355469,1.8574569821357727,6.407421847428192,6.754240215939067e-05,3942.870455254997
47610,97505280,1.9964783191680908,,,6.749449940858294e-05,3943.6158380049965
47620,97525760,1.8333691358566284,,,6.744662230950558e-05,3944.330507740997
47630,97546240,1.8721648454666138,,,6.739877087475409e-05,3945.4582759839977
47640,97566720,1.8707927465438843,,,6.735094511691722e-05,3946.4518096009997
47650,97587200,2.005946636199951,,,6.730314504857686e-05,3947.4447852680023
47660,97607680,1.8638935089111328,,,6.72553706823084e-05,3948.393209601003
47670,97628160,1.8197095394134521,,,6.720762203068021e-05,3949.199590589
47680,97648640,2.1437761783599854,,,6.715989910625405e-05,3949.8561171010006
47690,97669120,1.9904532432556152,,,6.711220192158486e-05,3950.641524268998
47700,97689600,1.768463134765625,1.8566248059272765,6.402091961418716,6.706453048922076e-05,3951.855568608
47710,97710080,2.074336290359497,,,6.701688482170315e-05,3952.518139173997
47720,97730560,1.854514718055725,,,6.696926493156664e-05,3953.218193396002
47730,97751040,1.8409701585769653,,,6.692167083133915e-05,3953.8507966769976
47740,97771520,1.9171857833862305,,,6.687410253354162e-05,3954.488093647
47750,97792000,1.7011921405792236,,,6.682656005068835e-05,3955.109188372
47760,97812480,1.8853843212127686,,,6.677904339528681e-05,3955.7445201730006
47770,97832960,1.9678122997283936,,,6.673155257983772e-05,3956.6248199830006
47780,97853440,1.7624047994613647,,,6.668408761683486e-05,3957.5699453880006
47790,97873920,1.8516136407852173,,,6.66366485187653e-05,3958.448500927996
47800,97894400,1.8878511190414429,1.8544599831104278,6.3882475574126785,6.658923529810942e-05,3959.634323309998
47810,97914880,1.8588800430297852,,,6.654184796734066e-05,3960.3316591469993
47820,97935360,1.9135407209396362,,,6.64944865389256e-05,3961.036505244003
47830,97955840,1.655048131942749,,,6.64471510253241e-05,3961.721819790997
47840,97976320,1.6750597953796387,,,6.639984143898919e-05,3962.426591960997
47850,97996800,1.877197504043579,,,6.635255779236712e-05,3963.1010807150014
47860,98017280,2.003568172454834,,,6.63053000978971e-05,3963.887649133001
47870,98037760,1.6058483123779297,,,6.625806836801186e-05,3964.6010717300014
47880,98058240,1.9129130840301514,,,6.621086261513703e-05,3965.4087599470004
47890,98078720,1.8807365894317627,,,6.616368285169152e-05,3966.1032529259974
47900,98099200,1.9894036054611206,1.856172651052475,6.399197878665551,6.611652909008738e-05,3967.1307306980016
47910,98119680,1.7476657629013062,,,6.606940134272975e-05,3967.893153019999
47920,98140160,1.8814061880111694,,,6.6022299622017e-05,3968.8296094659963
47930,98160640,1.7513476610183716,,,6.597522394034071e-05,3969.5399420870017
47940,98181120,1.8186168670654297,,,6.592817431008555e-05,3970.289924564997
47950,98201600,1.8237857818603516,,,6.588115074362925e-05,3970.9840272
47960,98222080,1.7907536029815674,,,6.583415325334279e-05,3971.692615134998
47970,98242560,2.2848806381225586,,,6.578718185159025e-05,3972.4090662020026
47980,98263040,1.8846313953399658,,,6.574023655072895e-05,3973.1315771090012
47990,98283520,1.8534834384918213,,,6.569331736310908e-05,3973.8406915160012
48000,98304000,1.8682620525360107,1.8544636845588685,6.3882712032254005,6.564642430107427e-05,3974.8816284860004
48010,98324480,2.0737600326538086,,,6.559955737696111e-05,3976.0100852239993
48020,98344960,1.886070966720581,,,6.555271660309935e-05,3976.7419848209975
48030,98365440,1.8331996202468872,,,6.550590199181181e-05,3977.5577222659995
48040,98385920,2.0270931720733643,,,6.54591135554145e-05,3978.556212055999
48050,98406400,2.0187301635742188,,,6.541235130621649e-05,3979.2625267839976
48060,98426880,1.5935008525848389,,,6.536561525652003e-05,3979.9142412910005
48070,98447360,1.8753151893615723,,,6.531890541862037e-05,3980.6039605210026
48080,98467840,1.775585412979126,,,6.527222180480599e-05,3981.358315020996
48090,98488320,2.0915935039520264,,,6.522556442735835e-05,3982.253390926002
48100,98508800,1.8642258644104004,1.8531067430973054,6.379608571833088,6.517893329855211e-05,3983.421856365996
48110,98529280,1.8275213241577148,,,6.513232843065499e-05,3984.041499500003
48120,98549760,1.8164851665496826,,,6.508574983592774e-05,3984.823054886001
48130,98570240,1.9445066452026367,,,6.50391975266242e-05,3985.482061558003
48140,98590720,1.750123381614685,,,6.499267151499148e-05,3986.3069145129994
48150,98611200,1.7100257873535156,,,6.494617181326962e-05,3986.9617558149985
48160,98631680,1.80193030834198,,,6.489969843369165e-05,3987.669722097002
48170,98652160,1.956444501876831,,,6.485325138848383e-05,3988.289351473999
48180,98672640,1.9352666139602661,,,6.480683068986543e-05,3988.972298585002
48190,98693120,1.9232335090637207,,,6.476043635004886e-05,3989.7150420120015
48200,98713600,1.6355334520339966,1.8527166306972505,6.377120292807527,6.471406838123941e-05,3990.8795309159977
48210,98734080,2.113231658935547,,,6.466772679563569e-05,3991.553758656999
48220,98754560,1.852545142173767,,,6.462141160542916e-05,3992.289650607003
48230,98775040,1.775552749633789,,,6.457512282280447e-05,3992.9457785289997
48240,98795520,1.799365758895874,,,6.452886045993921e-05,3993.7429584089987
48250,98816000,1.9110453128814697,,,6.448262452900407e-05,3994.647962971001
48260,98836480,1.6664248704910278,,,6.443641504216278e-05,3995.2507183350026
48270,98856960,1.8694243431091309,,,6.439023201157224e-05,3995.954797004997
48280,98877440,1.961566686630249,,,6.434407544938214e-05,3996.8286795340027
48290,98897920,1.8819941282272339,,,6.429794536773541e-05,3997.480970370001
48300,98918400,1.9695498943328857,1.85213959813118,6.373441548200622,6.425184177876793e-05,3998.7709654599967
48310,98938880,1.8056249618530273,,,6.420576469460863e-05,3999.4398073839984
48320,98959360,1.7548952102661133,,,6.415971412737943e-05,4000.1868158750003
48330,98979840,1.897132396697998,,,6.411369008919527e-05,4000.973291208
48340,99000320,2.0239310264587402,,,6.406769259216427e-05,4001.7298130639974
48350,99020800,1.7984648942947388,,,6.402172164838736e-05,4002.498154453002
48360,99041280,1.7902525663375854,,,6.397577726995861e-05,4003.4702108819984
48370,99061760,1.762319803237915,,,6.392985946896502e-05,4004.2033166990004
48380,99082240,2.0671446323394775,,,6.388396825748665e-05,4004.9973276279998
48390,99102720,2.0015273094177246,,,6.383810364759652e-05,4005.6967078390007
48400,99123200,1.8758928775787354,1.8525267899036408,6.375909770137124,6.379226565136073e-05,4006.800388001
48410,99143680,1.7260915040969849,,,6.374645428083834e-05,4007.5507121670016
48420,99164160,1.7486836910247803,,,6.370066954808136e-05,4008.24385436
48430,99184640,1.5768312215805054,,,6.365491146513485e-05,4008.907848484996
48440,99205120,1.8356949090957642,,,6.360918004403687e-05,4009.636254819001
48450,99225600,1.9735304117202759,,,6.356347529681836e-05,4010.351968395
48460,99246080,1.986659049987793,,,6.351779723550334e-05,4011.0686856760003
48470,99266560,1.8313721418380737,,,6.347214587210878e-05,4011.789230533999
48480,99287040,1.8122055530548096,,,6.342652121864473e-05,4012.477356196003
48490,99307520,1.8449857234954834,,,6.338092328711399e-05,4013.2096493080026
48500,99328000,1.7431800365447998,1.8509990274906158,6.366176331925195,6.333535208951252e-05,4014.5733829870005
48510,99348480,1.8090490102767944,,,6.328980763782917e-05,4015.9367910770015
48520,99368960,1.9247336387634277,,,6.32442899440458e-05,4016.6400920629967
48530,99389440,2.114950656890869,,,6.319879902013712e-05,4017.310754154998
48540,99409920,1.8815362453460693,,,6.31533348780709e-05,4018.266564341997
48550,99430400,1.8668395280838013,,,6.310789752980787e-05,4019.158814773
48560,99450880,2.0076496601104736,,,6.306248698730168e-05,4020.0118672539975
48570,99471360,2.007831573486328,,,6.301710326249896e-05,4020.8135203939964
48580,99491840,1.8135899305343628,,,6.297174636733915e-05,4021.6310322659992
48590,99512320,1.7452263832092285,,,6.292641631375479e-05,4022.361563323997
48600,99532800,1.7362592220306396,1.8502935647964478,6.361686815797793,6.288111311367127e-05,4023.6520849480003
48610,99553280,1.7277154922485352,,,6.283583677900706e-05,4024.3553947690016
48620,99573760,2.1479225158691406,,,6.279058732167334e-05,4025.074533949999
48630,99594240,1.8018205165863037,,,6.274536475357436e-05,4025.6976251529995
48640,99614720,1.976072072982788,,,6.270016908660726e-05,4026.3354446360026
48650,99635200,1.7856206893920898,,,6.265500033266215e-05,4026.987832320003
48660,99655680,1.6767921447753906,,,6.260985850362195e-05,4027.6581125649973
48670,99676160,1.859894871711731,,,6.256474361136256e-05,4028.3470089440016
48680,99696640,1.8283158540725708,,,6.251965566775287e-05,4028.991408144
48690,99717120,1.9098396301269531,,,6.247459468465461e-05,4029.7169669659997
48700,99737600,2.028010845184326,1.8494534909725189,6.356344773396968,6.242956067392235e-05,4031.220929543997
48710,99758080,1.8034158945083618,,,6.238455364740366e-05,4031.893575285998
48720,99778560,2.1144180297851562,,,6.233957361693898e-05,4032.6552826479965
48730,99799040,1.7743310928344727,,,6.229462059436168e-05,4033.4150640989974
48740,99819520,1.9269585609436035,,,6.224969459149789e-05,4034.037453220997
48750,99840000,1.878865122795105,,,6.220479562016685e-05,4034.618314717998
48760,99860480,1.9920040369033813,,,6.215992369218052e-05,4035.1833943750025
48770,99880960,2.120864152908325,,,6.211507881934382e-05,4035.8656836559967
48780,99901440,1.9436485767364502,,,6.207026101345456e-05,4036.432992615999
48790,99921920,1.8484166860580444,,,6.202547028630333e-05,4037.3997845699996
48800,99942400,2.071164131164551,1.8489161491394044,6.352930160933743,6.198070664967369e-05,4038.6531711569987
48810,99962880,1.5989576578140259,,,6.193597011534202e-05,4039.3683848079963
48820,99983360,1.7697360515594482,,,6.189126069507772e-05,4040.034701835997
48830,100003840,2.093844175338745,,,6.184657840064281e-05,4040.653913807
48840,100024320,1.9068502187728882,,,6.180192324379236e-05,4041.264402963003
48850,100044800,1.7084524631500244,,,6.175729523627422e-05,4041.9465545450003
48860,100065280,1.7934898138046265,,,6.171269438982916e-05,4042.5137113969977
48870,100085760,2.0083742141723633,,,6.16681207161907e-05,4043.1260917120017
48880,100106240,2.0316147804260254,,,6.162357422708525e-05,4043.6836824909988
48890,100126720,1.9516698122024536,,,6.15790549342322e-05,4044.369929779001
48900,100147200,1.9700167179107666,1.847043377161026,6.341043705132513,6.153456284934365e-05,4045.5975228710013
48910,100167680,1.7866172790527344,,,6.149009798412451e-05,4046.2166257880017
48920,100188160,1.7193782329559326,,,6.144566035027262e-05,4046.8837626879977
48930,100208640,1.9042489528656006,,,6.140124995947864e-05,4047.651485989998
48940,100229120,1.9643609523773193,,,6.135686682342605e-05,4048.399733090999
48950,100249600,1.6375925540924072,,,6.131251095379109e-05,4049.134181608002
48960,100270080,1.7455397844314575,,,6.126818236224298e-05,4049.7529192209986
48970,100290560,1.727412223815918,,,6.122388106044364e-05,4050.4031575510016
48980,100311040,1.97900390625,,,6.117960706004788e-05,4051.037126985
48990,100331520,1.844560980796814,,,6.113536037270328e-05,4051.667985275002
49000,100352000,1.7542738914489746,1.846835434436798,6.339725268314443,6.109114101005022e-05,4052.7811831220024
49010,100372480,1.9765872955322266,,,6.104694898372188e-05,4053.846210951
49020,100392960,1.9957886934280396,,,6.100278430534442e-05,4054.466860449
49030,100413440,2.071483612060547,,,6.095864698653666e-05,4055.1056790090006
49040,100433920,1.712025761604309,,,6.091453703891015e-05,4055.710051643
49050,100454400,1.8086998462677002,,,6.0870454474069345e-05,4056.4668492679994
49060,100474880,1.5749571323394775,,,6.0826399303611514e-05,4057.126323919001
49070,100495360,1.9594931602478027,,,6.0782371539126696e-05,4057.706145983997
49080,100515840,1.9316775798797607,,,6.0738371192197625e-05,4058.329511032003
49090,100536320,1.628615140914917,,,6.069439827439999e-05,4059.0120274220026
49100,100556800,2.121819257736206,1.8492803752422333,6.355244485370905,6.065045279730216e-05,4060.143500252998
49110,100577280,2.1231579780578613,,,6.060653477246533e-05,4060.8566003129963
49120,100597760,2.00076961517334,,,6.0562644211443366e-05,4061.563252232998
49130,100618240,1.6304237842559814,,,6.051878112578304e-05,4062.1422243859997
49140,100638720,2.000176429748535,,,6.047494552702384e-05,4062.830610418998
49150,100659200,1.8813213109970093,,,6.043113742669802e-05,4063.6187314670024
49160,100679680,1.7252833843231201,,,6.0387356836330615e-05,4064.256828673999
49170,100700160,2.168323040008545,,,6.034360376743941e-05,4064.8473000070007
49180,100720640,1.8349027633666992,,,6.0299878231534974e-05,4065.5336599790026
49190,100741120,1.8339202404022217,,,6.0256180240120586e-05,4066.317263830002
49200,100761600,1.8694989681243896,1.847487360239029,6.343859646303327,6.021250980469236e-05,4067.6354833680016
49210,100782080,1.883652687072754,,,6.016886693673904e-05,4068.468529855003
49220,100802560,2.3901844024658203,,,6.0125251647742166e-05,4069.2468155359966
49230,100823040,1.7407541275024414,,,6.008166394917611e-05,4070.029852564003
49240,100843520,1.9350037574768066,,,6.003810385250795e-05,4070.9728432129996
49250,100864000,1.6165724992752075,,,5.999457136919735e-05,4071.7404443839987
49260,100884480,1.7471226453781128,,,5.99510665106969e-05,4072.555989145003
49270,100904960,1.813433051109314,,,5.9907589288451844e-05,4073.591810771999
49280,100925440,1.8594108819961548,,,5.9864139713900186e-05,4074.348952307002
49290,100945920,2.0842373371124268,,,5.9820717798472536e-05,4075.3119244150002
49300,100966400,1.74151611328125,1.8477277278900146,6.345384688222721,5.977732355359242e-05,4076.4788578000007
49310,100986880,1.7679325342178345,,,5.973395699067596e-05,4077.2464720900025
49320,101007360,1.7035362720489502,,,5.9690618121132064e-05,4077.985091549999
49330,101027840,1.6850565671920776,,,5.964730695636223e-05,4078.740053239002
49340,101048320,2.151195526123047,,,5.960402350776081e-05,4079.544980202998
49350,101068800,1.9069831371307373,,,5.9560767786714746e-05,4080.2759126009987
49360,101089280,2.13012957572937,,,5.951753980460387e-05,4081.0497645829964
49370,101109760,1.7812399864196777,,,5.947433957280047e-05,4081.7369330770016
49380,101130240,1.8362181186676025,,,5.9431167102669715e-05,4082.54119797
49390,101150720,2.1918697357177734,,,5.938802240556938e-05,4083.2782298230013
49400,101171200,1.852236270904541,1.848579967021942,6.350794778378976,5.934490549284999e-05,4084.345191209002
49410,101191680,2.0538697242736816,,,5.930181637585475e-05,4085.2450519880003
49420,101212160,1.9682371616363525,,,5.925875506591945e-05,4086.073332938002
49430,101232640,1.8626079559326172,,,5.921572157437275e-05,4086.770804754
49440,101253120,1.7588903903961182,,,5.917271591253586e-05,4087.4633006899967
49450,101273600,1.7938742637634277,,,5.912973809172273e-05,4088.495977391998
49460,101294080,1.962831974029541,,,5.90867881232399e-05,4089.3223843379965
49470,101314560,1.9424033164978027,,,5.9043866018386665e-05,4090.3041909309977
49480,101335040,1.716749668121338,,,5.900097178845496e-05,4091.1608807629964
49490,101355520,1.9833687543869019,,,5.8958105444729405e-05,4091.8090975939995
49500,101376000,1.9033616781234741,1.8456453382968903,6.332184873531881,5.891526699848728e-05,4093.1103351959973
49510,101396480,1.8582028150558472,,,5.887245646099849e-05,4094.5511331849993
49520,101416960,2.0045456886291504,,,5.8829673843525624e-05,4095.2878986970027
49530,101437440,1.8438491821289062,,,5.8786919157324e-05,4096.047578343998
49540,101457920,1.7485616207122803,,,5.8744192413641395e-05,4097.005604245001
49550,101478400,1.6936012506484985,,,5.8701493623718404e-05,4097.730721556996
49560,101498880,1.9947139024734497,,,5.865882279878819e-05,4098.459689415002
49570,101519360,1.9942224025726318,,,5.861617995007671e-05,4099.308923014003
49580,101539840,2.130805015563965,,,5.8573565088802286e-05,4100.235026224997
49590,101560320,1.6956011056900024,,,5.85309782261761e-05,4101.244535990998
49600,101580800,1.7203161716461182,1.8450797915458679,6.328604739411816,5.848841937340189e-05,4102.838887040998
49610,101601280,1.9573029279708862,,,5.8445888541676055e-05,4103.602961816003
49620,101621760,2.034925937652588,,,5.840338574218753e-05,4104.335970385997
49630,101642240,1.7177777290344238,,,5.836091098611795e-05,4105.1834402629975
49640,101662720,1.88726806640625,,,5.831846428464164e-05,4105.921429428003
49650,101683200,1.9214355945587158,,,5.827604564892543e-05,4106.663036498001
49660,101703680,1.9721574783325195,,,5.823365509012885e-05,4107.346990945
49670,101724160,1.6788910627365112,,,5.8191292619403926e-05,4108.146037940998
49680,101744640,1.7493144273757935,,,5.81489582478954e-05,4109.068309066999
49690,101765120,2.028278350830078,,,5.810665198674056e-05,4109.854791095997
49700,101785600,1.9000853300094604,1.8434332311153412,6.318192883494788,5.806437384706942e-05,4111.173524573998
49710,101806080,1.68244206905365,,,5.802212384000445e-05,4111.869407270002
49720,101826560,1.925896167755127,,,5.7979901976660755e-05,4112.635222035999
49730,101847040,1.7958528995513916,,,5.7937708268146075e-05,4113.314068139
49740,101867520,1.8856803178787231,,,5.7895542725560755e-05,4114.001153598998
49750,101888000,1.598752737045288,,,5.785340535999765e-05,4114.7390336690005
49760,101908480,1.737233281135559,,,5.7811296182542216e-05,4115.510327317999
49770,101928960,1.927154541015625,,,5.7769215204272624e-05,4116.280475781001
49780,101949440,1.8201837539672852,,,5.772716243625953e-05,4117.075072485997
49790,101969920,1.7544764280319214,,,5.7685137889566086e-05,4117.739649320996
49800,101990400,1.9636518955230713,1.844542646408081,6.325206272963642,5.764314157524814e-05,4118.865760563
49810,102010880,1.7749254703521729,,,5.760117350435408e-05,4119.621819612999
49820,102031360,1.8457520008087158,,,5.755923368792489e-05,4120.390037532998
49830,102051840,1.9660828113555908,,,5.7517322136993985e-05,4121.1157779279965
49840,102072320,2.0831074714660645,,,5.747543886258757e-05,4121.8894897209975
49850,102092800,1.7199361324310303,,,5.743358387572422e-05,4122.747704615002
49860,102113280,1.8819618225097656,,,5.739175718741517e-05,4123.394829247998
49870,102133760,1.899707317352295,,,5.734995880866421e-05,4124.123536368999
49880,102154240,1.873411774635315,,,5.7308188750467554e-05,4124.833831313001
49890,102174720,1.7217621803283691,,,5.726644702381413e-05,4125.484587450999
49900,102195200,1.8767249584197998,1.8459674775600434,6.334225047493615,5.722473363968527e-05,4126.772591738998
49910,102215680,1.864806056022644,,,5.718304860905508e-05,4127.445209329002
49920,102236160,1.9458816051483154,,,5.714139194288991e-05,4128.153660204996
49930,102256640,1.6336686611175537,,,5.709976365214882e-05,4128.962335151002
49940,102277120,2.192251682281494,,,5.705816374778339e-05,4129.731558669999
49950,102297600,1.7851064205169678,,,5.701659224073775e-05,4130.522969332997
49960,102318080,1.6559391021728516,,,5.697504914194845e-05,4131.257738353001
49970,102338560,1.8376843929290771,,,5.693353446234464e-05,4131.971026009
49980,102359040,1.9394245147705078,,,5.689204821284807e-05,4132.689653353002
49990,102379520,1.7909055948257446,,,5.685059040437293e-05,4133.476847721002
50000,102400000,1.868845820426941,1.8431920289993287,6.316669105778507,5.6809161047825864e-05,4134.741391078998
50010,102420480,2.084547519683838,,,5.6767760154106145e-05,4136.049303863001
50020,102440960,2.136545181274414,,,5.672638773410548e-05,4136.875834403996
50030,102461440,1.8662123680114746,,,5.6685043798708174e-05,4137.624253959002
50040,102481920,2.052114486694336,,,5.664372835879093e-05,4138.355460824998
50050,102502400,1.9242137670516968,,,5.660244142522304e-05,4139.121791156998
50060,102522880,1.8547908067703247,,,5.656118300886624e-05,4139.982334269
50070,102543360,1.938652515411377,,,5.651995312057482e-05,4140.785018911003
50080,102563840,1.827775001525879,,,5.6478751771195524e-05,4141.783708269999
50090,102584320,1.8798339366912842,,,5.6437578971567556e-05,4142.520244102998
50100,102604800,1.792476773262024,1.8434501111507415,6.3182995357144724,5.639643473252264e-05,4143.499959620996
50110,102625280,1.741757869720459,,,5.6355319064885066e-05,4144.146846989002
50120,102645760,1.8738610744476318,,,5.6314231979471524e-05,4144.896187674996
50130,102666240,1.993118405342102,,,5.6273173487091156e-05,4145.549659277
50140,102686720,1.7658039331436157,,,5.6232143598545645e-05,4146.288876295002
50150,102707200,1.9517543315887451,,,5.619114232462911e-05,4146.913346529
50160,102727680,1.9042932987213135,,,5.615016967612822e-05,4147.639775468997
50170,102748160,2.066251754760742,,,5.6109225663821926e-05,4148.333811069002
50180,102768640,2.0621330738067627,,,5.6068310298481875e-05,4149.003027958999
50190,102789120,1.7469899654388428,,,5.6027423590872065e-05,4149.740712544
50200,102809600,1.9328830242156982,1.8444101572036744,6.324368306928782,5.598656555174898e-05,4150.806851816
50210,102830080,1.9080578088760376,,,5.59457361918615e-05,4151.5203726280015
50220,102850560,1.6812434196472168,,,5.5904935521951e-05,4152.225100839001
50230,102871040,1.7579107284545898,,,5.58641635527513e-05,4152.965533928997
50240,102891520,1.7810583114624023,,,5.5823420294988805e-05,4153.68721389
50250,102912000,1.8687641620635986,,,5.5782705759382104e-05,4154.414700062996
50260,102932480,1.7462154626846313,,,5.574201995664243e-05,4155.110934495999
50270,102952960,1.8759880065917969,,,5.5701362897473384e-05,4155.774700255002
50280,102973440,1.9503545761108398,,,5.566073459257102e-05,4156.449814786996
50290,102993920,1.9368233680725098,,,5.562013505262387e-05,4157.092714541999
50300,103014400,1.8258877992630005,1.8443836450576783,6.324200636575555,5.557956428831275e-05,4158.267553566999
50310,103034880,2.1084582805633545,,,5.553902231031111e-05,4158.940294622
50320,103055360,1.8307721614837646,,,5.5498509129284674e-05,4159.628163235
50330,103075840,2.057487726211548,,,5.5458024755891696e-05,4160.506270607002
50340,103096320,2.125999927520752,,,5.541756920078273e-05,4161.204529513998
50350,103116800,1.740285038948059,,,5.5377142474600845e-05,4161.946459974002
50360,103137280,1.9853235483169556,,,5.533674458798151e-05,4162.6830459440025
50370,103157760,1.736611247062683,,,5.529637555155258e-05,4163.374201314997
50380,103178240,2.1005935668945312,,,5.525603537593431e-05,4164.039762455999
50390,103198720,1.7515695095062256,,,5.5215724071739435e-05,4164.6985083690015
50400,103219200,1.8148770332336426,1.8435786247253418,6.31911157515113,5.517544164957303e-05,4165.756953903001
50410,103239680,1.8908671140670776,,,5.5135188120032606e-05,4166.490958429
50420,103260160,1.8857824802398682,,,5.5094963493708006e-05,4167.157994189998
50430,103280640,1.9775443077087402,,,5.505476778118154e-05,4167.9012195899995
50440,103301120,1.7487832307815552,,,5.5014600993027844e-05,4168.873169514001
50450,103321600,1.884704351425171,,,5.497446313981413e-05,4169.605324261996
50460,103342080,2.152514934539795,,,5.4934354232099714e-05,4170.264914608
50470,103362560,1.9777448177337646,,,5.489427428043649e-05,4170.931709465003
50480,103383040,2.1108198165893555,,,5.485422329536871e-05,4171.647352401
50490,103403520,1.8022620677947998,,,5.481420128743293e-05,4172.513136098998
50500,103424000,1.982182264328003,1.842962098121643,6.315216875469658,5.47742082671582e-05,4173.754134187999
50510,103444480,2.1146388053894043,,,5.473424424506577e-05,4175.130041516
50520,103464960,1.9554028511047363,,,5.4694309231669475e-05,4175.934217914
50530,103485440,1.6795636415481567,,,5.4654403237475375e-05,4176.833598876998
50540,103505920,2.080089569091797,,,5.461452627298195e-05,4177.683098806003
50550,103526400,1.9897170066833496,,,5.457467834867997e-05,4178.5068057949975
50560,103546880,1.7156672477722168,,,5.4534859475052655e-05,4179.233723721998
50570,103567360,1.8206560611724854,,,5.4495069662575526e-05,4179.921887671
50580,103587840,1.7588341236114502,,,5.4455308921716556e-05,4180.649323944999
50590,103608320,1.9140772819519043,,,5.44155772629359e-05,4181.575402012997
50600,103628800,2.1392204761505127,1.8432530403137206,6.317054505819991,5.4375874696686196e-05,4182.709225842998
50610,103649280,1.9934885501861572,,,5.4336201233412376e-05,4183.490371503998
50620,103669760,2.2417984008789062,,,5.4296556883551794e-05,4184.225953531
50630,103690240,2.05344295501709,,,5.425694165753398e-05,4184.9624867070015
50640,103710720,1.9126787185668945,,,5.4217355565780906e-05,4185.722857554996
50650,103731200,1.977643609046936,,,5.417779861870694e-05,4186.444140029998
50660,103751680,1.9539883136749268,,,5.4138270826718726e-05,4187.175894161002
50670,103772160,1.9168826341629028,,,5.4098772200215164e-05,4188.079644129
50680,103792640,1.54910409450531,,,5.405930274958758e-05,4188.854565971997
50690,103813120,1.8617193698883057,,,5.401986248521957e-05,4189.6970928599985
50700,103833600,1.935662865638733,1.8434032857418061,6.3180036856816395,5.398045141748711e-05,4190.811889033997
50710,103854080,2.07049560546875,,,5.394106955675838e-05,4191.773294334998
50720,103874560,2.166447639465332,,,5.3901716913394045e-05,4192.647927947997
50730,103895040,1.7591359615325928,,,5.386239349774694e-05,4193.493397776998
50740,103915520,2.046266555786133,,,5.3823099320162286e-05,4194.245353735001
50750,103936000,1.7771042585372925,,,5.37838343909776e-05,4194.940284807999
50760,103956480,1.7010148763656616,,,5.374459872052264e-05,4195.614172818998
50770,103976960,1.8324018716812134,,,5.370539231911956e-05,4196.483916994002
50780,103997440,1.9828126430511475,,,5.3666215197082706e-05,4197.160210829999
50790,104017920,1.6503747701644897,,,5.3627067364718926e-05,4197.826238704001
50800,104038400,1.8907535076141357,1.8421628415584563,6.310171413511875,5.358794883232712e-05,4199.049922081998
50810,104058880,2.0691044330596924,,,5.354885961019859e-05,4199.697499125003
50820,104079360,2.1482858657836914,,,5.350979970861695e-05,4200.473369145999
50830,104099840,1.6835553646087646,,,5.34707691378581e-05,4201.166062308002
50840,104120320,1.9548132419586182,,,5.343176790819013e-05,4202.005544125001
50850,104140800,1.9582079648971558,,,5.339279602987347e-05,4202.6599756279975
50860,104161280,1.7157363891601562,,,5.335385351316089e-05,4203.638959324999
50870,104181760,2.114307403564453,,,5.33149403682974e-05,4204.481679377001
50880,104202240,2.075604200363159,,,5.327605660552021e-05,4205.216523768999
50890,104222720,1.6805195808410645,,,5.3237202235058844e-05,4205.983587445
50900,104243200,2.0516715049743652,1.8440589249134063,6.322147374618242,5.3198377267135136e-05,4207.135694429999
50910,104263680,1.8482284545898438,,,5.315958171196318e-05,4207.800139667997
50920,104284160,1.6322194337844849,,,5.31208155797492e-05,4208.536736877999
50930,104304640,1.9028799533843994,,,5.30820788806919e-05,4209.2587874169985
50940,104325120,2.3072829246520996,,,5.304337162498205e-05,4209.962240585999
50950,104345600,1.702046513557434,,,5.300469382280278e-05,4210.665546723998
50960,104366080,1.9243340492248535,,,5.296604548432947e-05,4211.286453827997
50970,104386560,1.874037265777588,,,5.2927426619729645e-05,4212.080053402999
50980,104407040,1.7559242248535156,,,5.2888837239163156e-05,4212.736358002003
50990,104427520,1.7786296606063843,,,5.2850277352782156e-05,4213.386107831997
51000,104448000,1.7476415634155273,1.8413669764995575,6.30515136647319,5.281174697073096e-05,4214.600383634999
51010,104468480,1.8470145463943481,,,5.277324610314609e-05,4215.907259523003
51020,104488960,1.9134330749511719,,,5.273477476015637e-05,4216.682128797998
51030,104509440,1.8579444885253906,,,5.2696332951882826e-05,4217.4048000839975
51040,104529920,2.0476725101470947,,,5.265792068843877e-05,4218.065843475997
51050,104550400,1.9089651107788086,,,5.261953797992957e-05,4218.718304665999
51060,104570880,1.8969042301177979,,,5.258118483645307e-05,4219.376728515999
51070,104591360,2.0786707401275635,,,5.254286126809917e-05,4220.071459537001
51080,104611840,1.8512797355651855,,,5.250456728495006e-05,4220.8153917989985
51090,104632320,1.820729374885559,,,5.246630289708003e-05,4221.566610857997
51100,104652800,1.8229440450668335,1.8416772425174712,6.307107944194102,5.242806811455571e-05,4222.600520371001
51110,104673280,1.857741355895996,,,5.2389862947435924e-05,4223.288020997999
51120,104693760,1.652513027191162,,,5.235168740577164e-05,4224.097918357002
51130,104714240,1.7181981801986694,,,5.231354149960611e-05,4224.740397474998
51140,104734720,1.9090280532836914,,,5.227542523897474e-05,4225.492179683999
51150,104755200,1.8831443786621094,,,5.223733863390516e-05,4226.228199559002
51160,104775680,1.8842147588729858,,,5.219928169441715e-05,4226.945311201998
51170,104796160,1.7998297214508057,,,5.2161254430522784e-05,4227.655749849997
51180,104816640,1.8850845098495483,,,5.212325685222619e-05,4228.336853159999
51190,104837120,1.8295866250991821,,,5.208528896952379e-05,4228.996076201998
51200,104857600,1.8026816844940186,1.8406460404396057,6.300607393643389,5.204735079240421e-05,4230.191934925002
51210,104878080,1.9819070100784302,,,5.200944233084823e-05,4231.137485318999
51220,104898560,1.9827133417129517,,,5.1971563594828726e-05,4232.2093965230015
51230,104919040,2.0481739044189453,,,5.1933714594310875e-05,4232.907274833
51240,104939520,1.9333600997924805,,,5.1895895339251974e-05,4233.6141571240005
51250,104960000,1.8753671646118164,,,5.1858105839601545e-05,4234.334867769998
51260,104980480,1.9144947528839111,,,5.182034610530114e-05,4235.062265143999
51270,105000960,1.9261187314987183,,,5.178261614628468e-05,4235.789448889998
51280,105021440,1.7767510414123535,,,5.174491597247814e-05,4236.572919343002
51290,105041920,2.118687391281128,,,5.170724559379969e-05,4237.273428376
51300,105062400,1.8931233882904053,1.83924657702446,6.2917960910886475,5.166960502015959e-05,4238.470810532999
51310,105082880,1.8563261032104492,,,5.163199426146035e-05,4239.222189861997
51320,105103360,2.0260114669799805,,,5.1594413327596556e-05,4240.120980704996
51330,105123840,1.7411749362945557,,,5.15568622284551e-05,4240.998472300002
51340,105144320,2.080634117126465,,,5.151934097391484e-05,4241.724809107996
51350,105164800,2.062246799468994,,,5.148184957384685e-05,4242.432361359002
51360,105185280,1.983008861541748,,,5.144438803811441e-05,4243.174032415998
51370,105205760,1.8940666913986206,,,5.1406956376572855e-05,4243.953192982997
51380,105226240,1.9239259958267212,,,5.136955459906975e-05,4244.744049228997
51390,105246720,1.7938340902328491,,,5.133218271544466e-05,4245.502673021001
51400,105267200,1.9068433046340942,1.8387591004371644,6.288729735251266,5.129484073552944e-05,4246.780761973001
51410,105287680,1.901619791984558,,,5.125752866914802e-05,4247.502891176999
51420,105308160,1.8324943780899048,,,5.122024652611646e-05,4248.293082928998
51430,105328640,1.840605616569519,,,5.118299431624287e-05,4248.957697127997
51440,105349120,1.8790919780731201,,,5.11457720493276e-05,4249.744751651
51450,105369600,1.6725916862487793,,,5.110857973516307e-05,4250.485904164998
51460,105390080,1.9168684482574463,,,5.107141738353384e-05,4251.144462413002
51470,105410560,2.166309356689453,,,5.103428500421656e-05,4251.891452923002
51480,105431040,1.6919350624084473,,,5.099718260698003e-05,4252.769754804001
51490,105451520,1.936465859413147,,,5.096011020158511e-05,4253.538749877996
51500,105472000,2.044050693511963,1.838251346349716,6.285537417548102,5.092306779778487e-05,4254.956910738001
51510,105492480,1.715775966644287,,,5.0886055405324324e-05,4256.24923134
51520,105512960,1.7715084552764893,,,5.084907303394074e-05,4256.994849133
51530,105533440,2.057704448699951,,,5.08121206933634e-05,4257.685596613999
51540,105553920,1.7165541648864746,,,5.0775198393313795e-05,4258.3752014830025
51550,105574400,1.7407476902008057,,,5.073830614350537e-05,4259.162425271003
51560,105594880,1.9624874591827393,,,5.070144395364373e-05,4259.910707841002
51570,105615360,1.8598897457122803,,,5.0664611833426616e-05,4260.645610528998
51580,105635840,1.811023235321045,,,5.062780979254379e-05,4261.403499681997
51590,105656320,1.8069504499435425,,,5.059103784067714e-05,4262.042614386002
51600,105676800,1.6008919477462769,1.8387901127338409,6.288924766227698,5.0554295987500566e-05,4263.220657117003
51610,105697280,1.7709218263626099,,,5.0517584242680186e-05,4263.916330285996
51620,105717760,1.748344898223877,,,5.048090261587409e-05,4264.612593145001
51630,105738240,1.9675195217132568,,,5.044425111673251e-05,4265.354653158
51640,105758720,2.0213470458984375,,,5.040762975489765e-05,4266.184077888996
51650,105779200,1.8993420600891113,,,5.037103854000388e-05,4266.876142494999
51660,105799680,2.05374813079834,,,5.033447748167757e-05,4267.550131634001
51670,105820160,1.9222221374511719,,,5.029794658953732e-05,4268.28093175
51680,105840640,1.8182324171066284,,,5.026144587319354e-05,4269.014958767002
51690,105861120,1.7379943132400513,,,5.0224975342248907e-05,4269.757163148999
51700,105881600,1.7413978576660156,1.838912308216095,6.289693291376561,5.018853500629804e-05,4270.825831194001
51710,105902080,1.9219249486923218,,,5.01521248749277e-05,4271.587364427003
51720,105922560,1.8393845558166504,,,5.011574495771661e-05,4272.391580582
51730,105943040,1.7915170192718506,,,5.00793952642356e-05,4273.070822387999
51740,105963520,2.149634599685669,,,5.004307580404757e-05,4273.838225628999
51750,105984000,2.144979476928711,,,5.000678658670744e-05,4274.575073580003
51760,106004480,1.861006736755371,,,4.997052762176214e-05,4275.318600960003
51770,106024960,1.8112082481384277,,,4.993429891875069e-05,4275.984969805999
51780,106045440,1.8593028783798218,,,4.989810048720412e-05,4276.748235959996
51790,106065920,2.067049503326416,,,4.9861932336645546e-05,4277.785197532998
51800,106086400,1.879115343093872,1.8382544279098512,6.285556786839479,4.982579447658999e-05,4278.872567619997
51810,106106880,1.6956707239151,,,4.9789686916544676e-05,4279.679091683996
51820,106127360,1.9167065620422363,,,4.975360966600874e-05,4280.442642093003
51830,106147840,2.0099258422851562,,,4.9717562734473405e-05,4281.268221168
51840,106168320,1.9823369979858398,,,4.96815461314219e-05,4281.993511449997
51850,106188800,1.823204517364502,,,4.964555986632941e-05,4282.860309199998
51860,106209280,2.00398325920105,,,4.9609603948663235e-05,4283.578266933997
51870,106229760,1.6110812425613403,,,4.957367838788262e-05,4284.399221494998
51880,106250240,1.5580943822860718,,,4.953778319343892e-05,4285.123112175999
51890,106270720,2.1261324882507324,,,4.950191837477537e-05,4285.835607649002
51900,106291200,1.8893808126449585,1.8393512964248657,6.292454998702385,4.946608394132732e-05,4287.371587512003
51910,106311680,1.9333393573760986,,,4.943027990252206e-05,4288.072498973997
51920,106332160,2.16732120513916,,,4.9394506267778956e-05,4288.723826128
51930,106352640,1.8477997779846191,,,4.935876304650927e-05,4289.404998304002
51940,106373120,1.719165563583374,,,4.9323050248116325e-05,4290.128124164003
51950,106393600,1.9470785856246948,,,4.9287367881995474e-05,4290.815686679001
51960,106414080,1.9184856414794922,,,4.925171595753406e-05,4291.616699097001
51970,106434560,1.7840635776519775,,,4.9216094484111315e-05,4292.277947258997
51980,106455040,1.8406426906585693,,,4.918050347109855e-05,4292.992110446998
51990,106475520,1.8328490257263184,,,4.914494292785905e-05,4293.793015579002
52000,106496000,2.1371958255767822,1.8364994466304778,6.27453542631761,4.9109412863748106e-05,4295.003400937996
52010,106516480,2.1140010356903076,,,4.9073913288112884e-05,4296.261037839002
52020,106536960,2.0274810791015625,,,4.903844421029267e-05,4296.9584138499995
52030,106557440,2.069507598876953,,,4.900300563961863e-05,4297.652505298996
52040,106577920,1.9842909574508667,,,4.896759758541397e-05,4298.293856707001
52050,106598400,1.7878711223602295,,,4.893222005699385e-05,4299.157897552002
52060,106618880,2.0120010375976562,,,4.889687306366533e-05,4299.913423436003
52070,106639360,2.069084644317627,,,4.8861556614727466e-05,4300.669407337002
52080,106659840,2.14962100982666,,,4.8826270719471386e-05,4301.328577936001
52090,106680320,1.9613089561462402,,,4.87910153871801e-05,4301.978163275999
52100,106700800,2.1510672569274902,1.8376214623451232,6.281579504712371,4.8755790627128494e-05,4302.964117508003
52110,106721280,1.6618361473083496,,,4.872059644858354e-05,4303.620655129998
52120,106741760,1.7006103992462158,,,4.868543286080411e-05,4304.282957757998
52130,106762240,1.9838917255401611,,,4.865029987304107e-05,4304.947654201998
52140,106782720,1.8928554058074951,,,4.86151974945371e-05,4305.615179202003
52150,106803200,1.8158354759216309,,,4.8580125734527024e-05,4306.317077514002
52160,106823680,1.7301509380340576,,,4.854508460223748e-05,4306.991833674998
52170,106844160,1.8593432903289795,,,4.851007410688714e-05,4307.6608900229985
52180,106864640,1.7886145114898682,,,4.847509425768644e-05,4308.325996195999
52190,106885120,1.8676846027374268,,,4.844014506383796e-05,4309.294180778001
52200,106905600,1.7074452638626099,1.8359957337379456,6.271375657803603,4.8405226534536106e-05,4310.534154941
52210,106926080,1.7300503253936768,,,4.8370338678967235e-05,4311.243302429
52220,106946560,1.8086611032485962,,,4.8335481506309654e-05,4311.985034643003
52230,106967040,1.663301944732666,,,4.830065502573355e-05,4312.675366978001
52240,106987520,1.9124871492385864,,,4.826585924640111e-05,4313.420486144001
52250,107008000,2.0686111450195312,,,4.823109417746637e-05,4314.152256970003
52260,107028480,1.9738796949386597,,,4.819635982807535e-05,4314.834063153001
52270,107048960,1.8605046272277832,,,4.816165620736591e-05,4315.51545218
52280,107069440,2.0947532653808594,,,4.812698332446788e-05,4316.332819609997
52290,107089920,1.7390687465667725,,,4.809234118850303e-05,4316.997158726997
52300,107110400,1.6789865493774414,1.8350593447685242,6.265505959403846,4.8057729808585016e-05,4318.385314731
52310,107130880,1.8140933513641357,,,4.802314919381935e-05,4319.114806277998
52320,107151360,1.7772626876831055,,,4.798859935330351e-05,4319.9288941740015
52330,107171840,1.77146315574646,,,4.7954080296126866e-05,4320.716586235001
52340,107192320,1.9392704963684082,,,4.791959203137072e-05,4321.440839736999
52350,107212800,1.782557487487793,,,4.788513456810813e-05,4322.237751210996
52360,107233280,2.0991358757019043,,,4.785070791540427e-05,4323.145415159001
52370,107253760,1.9582700729370117,,,4.781631208231606e-05,4323.978296365996
52380,107274240,1.9519968032836914,,,4.778194707789237e-05,4324.798424980996
52390,107294720,1.7825498580932617,,,4.774761291117391e-05,4325.5725728499965
52400,107315200,2.0054492950439453,1.8355202317237853,6.268394314920208,4.771330959119331e-05,4326.701467961
52410,107335680,1.8880765438079834,,,4.7679037126975046e-05,4327.443004419998
52420,107356160,1.7682147026062012,,,4.764479552753563e-05,4328.224279718001
52430,107376640,1.8457372188568115,,,4.7610584801883215e-05,4328.882205499001
52440,107397120,1.8985952138900757,,,4.757640495901801e-05,4329.567740411003
52450,107417600,1.6777304410934448,,,4.754225600793202e-05,4330.305731993001
52460,107438080,1.792296051979065,,,4.750813795760917e-05,4331.124877321003
52470,107458560,1.932462453842163,,,4.747405081702524e-05,4331.882969295999
52480,107479040,1.6691701412200928,,,4.743999459514778e-05,4332.504654326003
52490,107499520,1.9422444105148315,,,4.74059693009364e-05,4333.258322198002
52500,107520000,1.6655993461608887,1.8342020094394684,6.260136621780742,4.7371974943342425e-05,4334.597381373002
52510,107540480,1.7676631212234497,,,4.733801153130911e-05,4335.827065352001
52520,107560960,1.8990882635116577,,,4.7304079073771504e-05,4336.6234862369965
52530,107581440,2.0318260192871094,,,4.727017757965657e-05,4337.394108186003
52540,107601920,2.0106067657470703,,,4.72363070578831e-05,4338.420097078
52550,107622400,1.6671817302703857,,,4.7202467517361765e-05,4339.038067597001
52560,107642880,1.6435444355010986,,,4.716865896699503e-05,4339.803294735
52570,107663360,1.852137565612793,,,4.713488141567729e-05,4340.523488605002
52580,107683840,1.7814726829528809,,,4.710113487229471e-05,4341.235607305003
52590,107704320,1.771998405456543,,,4.7067419345725355e-05,4342.094275151001
52600,107724800,1.8860769271850586,1.8335169315338136,6.255849409199763,4.703373484483904e-05,4343.489747175001
52610,107745280,1.87345552444458,,,4.7000081378497505e-05,4344.277960724001
52620,107765760,2.138503074645996,,,4.696645895555428e-05,4344.976203585
52630,107786240,2.0738964080810547,,,4.693286758485483e-05,4345.733665098
52640,107806720,1.9302191734313965,,,4.689930727523628e-05,4346.567958893
52650,107827200,2.044429302215576,,,4.6865778035527693e-05,4347.309463266996
52660,107847680,1.7732768058776855,,,4.683227987454994e-05,4348.197489523998
52670,107868160,2.048109531402588,,,4.679881280111573e-05,4349.026758571003
52680,107888640,1.908522129058838,,,4.676537682402953e-05,4349.896387034001
52690,107909120,1.975046157836914,,,4.673197195208771e-05,4350.740204968999
52700,107929600,2.08589506149292,1.835762333869934,6.269912090357689,4.669859819407841e-05,4351.926224600997
52710,107950080,1.8485310077667236,,,4.6665255558781576e-05,4352.627711412002
52720,107970560,1.9202020168304443,,,4.663194405496903e-05,4353.456795143997
52730,107991040,1.8065192699432373,,,4.65986636914043e-05,4354.2382176839965
52740,108011520,1.6653859615325928,,,4.656541447684279e-05,4355.098217587001
52750,108032000,1.8905613422393799,,,4.653219642003169e-05,4355.798335346997
52760,108052480,1.873986005783081,,,4.649900952971007e-05,4356.747535078997
52770,108072960,1.725355625152588,,,4.646585381460865e-05,4357.579311121997
52780,108093440,1.819994330406189,,,4.643272928345006e-05,4358.343685852997
52790,108113920,1.9866294860839844,,,4.639963594494871e-05,4359.055872899997
52800,108134400,2.125318765640259,1.8329646825790404,6.252395576677794,4.636657380781078e-05,4360.439803296998
52810,108154880,2.1737477779388428,,,4.633354288073423e-05,4361.294427761
52820,108175360,2.0279290676116943,,,4.630054317240881e-05,4362.174430685001
52830,108195840,1.9108960628509521,,,4.6267574691516166e-05,4362.912993368998
52840,108216320,1.790671706199646,,,4.6234637446729595e-05,4363.652842588002
52850,108236800,1.8608280420303345,,,4.620173144671419e-05,4364.35654904
52860,108257280,2.1521902084350586,,,4.6168856700126904e-05,4365.038370153001
52870,108277760,1.9688600301742554,,,4.613601321561638e-05,4365.7540104889995
52880,108298240,1.7462835311889648,,,4.6103201001823125e-05,4366.459642397
52890,108318720,1.8764317035675049,,,4.607042006737929e-05,4367.214738217997
52900,108339200,1.6872532367706299,1.8324332356452941,6.249073643013916,4.603767042090894e-05,4368.480652464001
52910,108359680,1.9502202272415161,,,4.600495207102783e-05,4369.156041330003
52920,108380160,1.8146543502807617,,,4.597226502634353e-05,4369.901671783999
52930,108400640,2.1297740936279297,,,4.593960929545531e-05,4370.616381863001
52940,108421120,2.0659353733062744,,,4.5906984886954236e-05,4371.292126558001
52950,108441600,1.7286386489868164,,,4.587439180942308e-05,4372.002780695002
52960,108462080,1.8816967010498047,,,4.584183007143653e-05,4372.679487422996
52970,108482560,1.903443694114685,,,4.5809299681560886e-05,4373.389070379999
52980,108503040,2.0303003787994385,,,4.577680064835419e-05,4374.118989629998
52990,108523520,1.7527490854263306,,,4.5744332980366304e-05,4374.95336924
53000,108544000,1.887031078338623,1.8311838984489441,6.241271317751402,4.5711896686138837e-05,4376.174548226998
53010,108564480,1.6304327249526978,,,4.567949177420514e-05,4377.636528914001
53020,108584960,1.8638309240341187,,,4.56471182530902e-05,4378.539417378997
53030,108605440,1.6931782960891724,,,4.561477613131093e-05,4379.403311178998
53040,108625920,2.0997982025146484,,,4.558246541737587e-05,4380.218648331
53050,108646400,2.1288228034973145,,,4.555018611978533e-05,4380.857865646998
53060,108666880,1.7978049516677856,,,4.551793824703129e-05,4381.867487727999
53070,108687360,1.6363565921783447,,,4.548572180759754e-05,4382.541365388999
53080,108707840,1.8849443197250366,,,4.545353680995959e-05,4383.3913192539985
53090,108728320,1.9319040775299072,,,4.542138326258466e-05,4384.200686871998
53100,108748800,1.8626151084899902,1.8332569658756257,6.254223314564116,4.538926117393167e-05,4385.331420146998
53110,108769280,1.904447078704834,,,4.535717055245133e-05,4386.079165595998
53120,108789760,1.831110954284668,,,4.532511140658602e-05,4386.827784369998
53130,108810240,1.9267398118972778,,,4.5293083744769855e-05,4387.583785707
53140,108830720,1.9466218948364258,,,4.52610875754287e-05,4388.313092511999
53150,108851200,1.7314908504486084,,,4.522912290698005e-05,4389.074624335
53160,108871680,2.108567714691162,,,4.5197189747833136e-05,4389.852651371002
53170,108892160,2.0667166709899902,,,4.5165288106389025e-05,4390.825179656997
53180,108912640,1.9146522283554077,,,4.513341799104036e-05,4391.497737486003
53190,108933120,1.9340265989303589,,,4.5101579410171494e-05,4392.148143227998
53200,108953600,1.7736890316009521,1.8329474031925201,6.252287540051353,4.506977237215853e-05,4393.365176494997
53210,108974080,1.986836314201355,,,4.503799688536927e-05,4394.040548170997
53220,108994560,1.8352998495101929,,,4.500625295816321e-05,4394.844078574002
53230,109015040,1.9431318044662476,,,4.497454059889148e-05,4395.698300944001
53240,109035520,1.9415853023529053,,,4.4942859815897027e-05,4396.357551141002
53250,109056000,1.8944967985153198,,,4.491121061751441e-05,4397.084204667997
53260,109076480,1.8483930826187134,,,4.487959301206989e-05,4397.812682285003
53270,109096960,1.9695584774017334,,,4.4848007007881425e-05,4398.582976550002
53280,109117440,1.7054643630981445,,,4.4816452613258626e-05,4399.2705137640005
53290,109137920,1.9662458896636963,,,4.478492983650282e-05,4400.007259099002
53300,109158400,1.5193145275115967,1.8322627127170563,6.248008123527868,4.475343868590709e-05,4401.123941730999
53310,109178880,1.7680652141571045,,,4.4721979169756054e-05,4401.871268440998
53320,109199360,2.1713709831237793,,,4.469055129632608e-05,4402.533366017997
53330,109219840,2.2540283203125,,,4.465915507388521e-05,4403.326889522999
53340,109240320,1.988850712776184,,,4.462779051069317e-05,4404.008107305002
53350,109260800,2.1008148193359375,,,4.459645761500138e-05,4404.811296770997
53360,109281280,1.7849735021591187,,,4.456515639505278e-05,4405.528702454001
53370,109301760,1.8637685775756836,,,4.453388685908218e-05,4406.441329408997
53380,109322240,1.9017000198364258,,,4.4502649015315966e-05,4407.156496245996
53390,109342720,1.8121323585510254,,,4.447144287197218e-05,4407.8263371950015
53400,109363200,1.781510353088379,1.8304581105709077,6.23674312213896,4.4440268437260486e-05,4409.195482768999
53410,109383680,1.6467713117599487,,,4.4409125719382266e-05,4409.941192070997
53420,109404160,1.8642079830169678,,,4.4378014726530556e-05,4410.809608992997
53430,109424640,1.6866426467895508,,,4.434693546689004e-05,4411.484080344999
53440,109445120,1.9143116474151611,,,4.431588794863702e-05,4412.516573674002
53450,109465600,1.6550495624542236,,,4.428487217993947e-05,4413.357315483001
53460,109486080,1.8022897243499756,,,4.4253888168957025e-05,4414.175550467997
53470,109506560,1.7436151504516602,,,4.422293592384099e-05,4414.942930402001
53480,109527040,1.8866389989852905,,,4.419201545273421e-05,4415.729173776002
53490,109547520,1.871360421180725,,,4.416112676377126e-05,4416.455266158002
53500,109568000,2.0591282844543457,1.8307851612567902,6.238783186838825,4.413026986507831e-05,4417.654336551997
53510,109588480,2.0346410274505615,,,4.4099444764773275e-05,4418.969285721003
53520,109608960,1.700467586517334,,,4.406865147096552e-05,4419.905505909999
53530,109629440,1.715435266494751,,,4.403788999175618e-05,4420.592324464997
53540,109649920,1.7283607721328735,,,4.400716033523797e-05,4421.385431137998
53550,109670400,2.0195207595825195,,,4.397646250949526e-05,4422.103685103997
53560,109690880,1.7287906408309937,,,4.394579652260404e-05,4422.904260836003
53570,109711360,1.7941088676452637,,,4.3915162382631825e-05,4423.706894139999
53580,109731840,1.6772983074188232,,,4.388456009763794e-05,4424.473341306002
53590,109752320,1.9224598407745361,,,4.3853989675673195e-05,4425.268192563999
53600,109772800,1.6585538387298584,1.8297465085983275,6.2323066221290615,4.382345112478007e-05,4426.5172052920025
53610,109793280,1.9664883613586426,,,4.3792944452992596e-05,4427.1620925120005
53620,109813760,1.9176695346832275,,,4.3762469668336495e-05,4427.890501604998
53630,109834240,1.912034511566162,,,4.373202677882903e-05,4428.662291733002
53640,109854720,1.9175786972045898,,,4.370161579247918e-05,4429.481597979
53650,109875200,2.0779495239257812,,,4.367123671728741e-05,4430.163343827
53660,109895680,1.9810302257537842,,,4.3640889561245854e-05,4430.849805986996
53670,109916160,1.775238037109375,,,4.361057433233825e-05,4431.643347717996
53680,109936640,1.935001015663147,,,4.3580291038539934e-05,4432.306104534997
53690,109957120,1.7634040117263794,,,4.355003968781777e-05,4433.004062432003
53700,109977600,1.8189725875854492,1.8281403303146362,6.222304461352312,4.3519820288130296e-05,4434.227848597999
53710,109998080,1.895417332649231,,,4.348963284742768e-05,4434.947189583996
53720,110018560,1.8820710182189941,,,4.345947737365161e-05,4435.833950877997
53730,110039040,1.789380669593811,,,4.342935387473534e-05,4436.647678483001
53740,110059520,1.6789311170578003,,,4.339926235860379e-05,4437.584572330998
53750,110080000,1.8136796951293945,,,4.336920283317343e-05,4438.544950085001
53760,110100480,1.6772515773773193,,,4.333917530635229e-05,4439.367748076998
53770,110120960,1.8383245468139648,,,4.330917978604005e-05,4440.160215178999
53780,110141440,2.0664100646972656,,,4.327921628012788e-05,4441.033407032999
53790,110161920,1.9119174480438232,,,4.324928479649859e-05,4441.839034953999
53800,110182400,1.7768776416778564,1.8280752718448638,6.22189966091359,4.321938534302658e-05,4443.359585815997
53810,110202880,1.7956923246383667,,,4.3189517927577775e-05,4444.1872711769975
53820,110223360,1.7486283779144287,,,4.315968255800966e-05,4445.168443884002
53830,110243840,1.8666226863861084,,,4.312987924217133e-05,4446.129299123997
53840,110264320,1.8521308898925781,,,4.310010798790345e-05,4446.862816016001
53850,110284800,1.8927202224731445,,,4.307036880303826e-05,4447.612252860999
53860,110305280,1.9820575714111328,,,4.30406616953995e-05,4448.525433492003
53870,110325760,1.606047511100769,,,4.3010986672802526e-05,4449.551724122
53880,110346240,1.8130838871002197,,,4.298134374305423e-05,4450.439595723001
53890,110366720,1.8098511695861816,,,4.2951732913953095e-05,4451.106554272999
53900,110387200,1.7414441108703613,1.8291716754436493,6.228725115135644,4.292215419328911e-05,4452.1943390820015
53910,110407680,1.9059255123138428,,,4.2892607588843796e-05,4452.872713094999
53920,110428160,2.080282688140869,,,4.2863093108390355e-05,4453.568149724997
53930,110448640,2.2165465354919434,,,4.283361075969343e-05,4454.287871057997
53940,110469120,1.9472801685333252,,,4.2804160550509186e-05,4455.086055934997
53950,110489600,1.8837534189224243,,,4.2774742488585406e-05,4455.7562294699965
53960,110510080,1.778533935546875,,,4.274535658166139e-05,4456.626603122997
53970,110530560,2.1134283542633057,,,4.271600283746801e-05,4457.424067000997
53980,110551040,1.6593453884124756,,,4.268668126372756e-05,4458.119005656001
53990,110571520,1.7711076736450195,,,4.2657391868154023e-05,4458.867091567998
54000,110592000,1.9564344882965088,1.8283178746700286,6.223409294462497,4.2628134658452844e-05,4459.918538929
54010,110612480,1.8347010612487793,,,4.259890964232098e-05,4461.100596983
54020,110632960,1.9901541471481323,,,4.256971682744699e-05,4461.837475920001
54030,110653440,1.8916699886322021,,,4.254055622151085e-05,4462.526354802998
54040,110673920,1.9004459381103516,,,4.251142783218413e-05,4463.331994824999
54050,110694400,1.9077154397964478,,,4.248233166712997e-05,4464.233343155996
54060,110714880,1.670668601989746,,,4.2453267734002986e-05,4465.119666747996
54070,110735360,1.8986294269561768,,,4.242423604044927e-05,4466.010263873999
54080,110755840,1.8098890781402588,,,4.2395236594106485e-05,4466.853164487002
54090,110776320,1.5901906490325928,,,4.236626940260383e-05,4467.688348219002
54100,110796800,2.007960319519043,1.8277880072593689,6.220112586180437,4.233733447356197e-05,4469.356386826999
54110,110817280,1.735572099685669,,,4.2308431814593064e-05,4470.016953730999
54120,110837760,1.9114634990692139,,,4.227956143330087e-05,4470.692174727003
54130,110858240,1.8220473527908325,,,4.22507233372806e-05,4471.387484689003
54140,110878720,1.9260601997375488,,,4.222191753411897e-05,4472.156754051997
54150,110899200,1.927649974822998,,,4.219314403139418e-05,4472.878555021998
54160,110919680,1.919837236404419,,,4.216440283667598e-05,4473.624279073003
54170,110940160,2.098154067993164,,,4.213569395752559e-05,4474.431332086999
54180,110960640,1.7949981689453125,,,4.210701740149574e-05,4475.088806797001
54190,110981120,1.7199373245239258,,,4.207837317613067e-05,4475.7948028030005
54200,111001600,1.787914514541626,1.82716047167778,6.216210468697957,4.204976128896607e-05,4477.0008543649965
54210,111022080,2.3470559120178223,,,4.202118174752916e-05,4477.767784368996
54220,111042560,1.749713659286499,,,4.199263455933865e-05,4478.620653395999
54230,111063040,1.993451714515686,,,4.196411973190474e-05,4479.302368609002
54240,111083520,1.7148971557617188,,,4.193563727272907e-05,4479.954316060001
54250,111104000,1.8869662284851074,,,4.1907187189304805e-05,4480.631739293
54260,111124480,2.204789161682129,,,4.187876948911662e-05,4481.310889080996
54270,111144960,1.755411982536316,,,4.1850384179640636e-05,4481.980950254998
54280,111165440,1.8281747102737427,,,4.1822031268344434e-05,4482.645175935002
54290,111185920,1.8843704462051392,,,4.179371076268709e-05,4483.356179121001
54300,111206400,1.9067835807800293,1.8273933351039886,6.217658165316987,4.1765422670119164e-05,4484.335350216999
54310,111226880,1.8557460308074951,,,4.173716699808272e-05,4484.967251741997
54320,111247360,1.8793220520019531,,,4.170894375401117e-05,4485.843374092998
54330,111267840,2.0321741104125977,,,4.168075294532955e-05,4486.551875865996
54340,111288320,2.153776168823242,,,4.165259457945429e-05,4487.420625951003
54350,111308800,1.825314998626709,,,4.162446866379329e-05,4488.120614927
54360,111329280,1.9625126123428345,,,4.159637520574586e-05,4488.874181148996
54370,111349760,1.9300075769424438,,,4.156831421270287e-05,4489.628452140001
54380,111370240,2.025933265686035,,,4.154028569204656e-05,4490.399771969001
54390,111390720,1.7780494689941406,,,4.151228965115073e-05,4491.193332882001
54400,111411200,1.824475884437561,1.827724325656891,6.2197164920554435,4.148432609738054e-05,4492.351807995001
54410,111431680,1.8323094844818115,,,4.1456395038092615e-05,4493.262105504
54420,111452160,2.0147130489349365,,,4.1428496480635084e-05,4494.042103988002
54430,111472640,2.0077803134918213,,,4.140063043234748e-05,4494.738090897998
54440,111493120,1.7072415351867676,,,4.1372796900560836e-05,4495.540520944996
54450,111513600,1.763535976409912,,,4.134499589259752e-05,4496.413192328
54460,111534080,1.682875633239746,,,4.131722741577146e-05,4497.036256576997
54470,111554560,2.082207202911377,,,4.1289491477387986e-05,4497.822308219998
54480,111575040,1.8681977987289429,,,4.126178808474389e-05,4498.587315962002
54490,111595520,1.869919776916504,,,4.1234117245127315e-05,4499.348600607002
54500,111616000,2.309251308441162,1.8282325327396394,6.222878199362368,4.120647896581791e-05,4500.537189811999
54510,111636480,1.6299270391464233,,,4.117887325408679e-05,4502.034098388998
54520,111656960,2.2554407119750977,,,4.115130011719643e-05,4502.825946445002
54530,111677440,1.8119308948516846,,,4.1123759562400775e-05,4503.621907364999
54540,111697920,1.7297950983047485,,,4.109625159694518e-05,4504.470514720997
54550,111718400,1.9310524463653564,,,4.106877622806645e-05,4505.216612482996
54560,111738880,1.8361854553222656,,,4.104133346299283e-05,4505.945413941998
54570,111759360,1.793061375617981,,,4.10139233089439e-05,4506.7006499619965
54580,111779840,1.831782341003418,,,4.098654577313072e-05,4507.434080947001
54590,111800320,2.2236807346343994,,,4.095920086275578e-05,4508.169786286999
54600,111820800,1.8061209917068481,1.8255672752857208,6.206314709643937,4.093188858501303e-05,4509.395953243002
54610,111841280,1.7533221244812012,,,4.09046089470877e-05,4510.112939539002
54620,111861760,1.8163326978683472,,,4.087736195615656e-05,4511.196906771998
54630,111882240,1.699931025505066,,,4.085014761938772e-05,4512.049658210002
54640,111902720,1.9337615966796875,,,4.0822965943940716e-05,4512.872405699003
54650,111923200,1.8747944831848145,,,4.079581693696655e-05,4513.581055723
54660,111943680,1.6368727684020996,,,4.07687006056075e-05,4514.383788430001
54670,111964160,1.777958631515503,,,4.074161695699739e-05,4515.204455803003
54680,111984640,1.9525656700134277,,,4.071456599826135e-05,4516.008632174999
54690,112005120,1.7497429847717285,,,4.068754773651599e-05,4516.7578557399975
54700,112025600,2.0308313369750977,1.8261183381080628,6.209735721453816,4.06605621788692e-05,4517.825848362001
54710,112046080,1.7474479675292969,,,4.063360933242036e-05,4518.58247601
54720,112066560,1.7483274936676025,,,4.0606689204260215e-05,4519.405617903001
54730,112087040,1.8080204725265503,,,4.0579801801470954e-05,4520.088971949001
54740,112107520,1.8553869724273682,,,4.055294713112608e-05,4520.862548666999
54750,112128000,1.9401795864105225,,,4.052612520029048e-05,4521.680556293999
54760,112148480,2.155494213104248,,,4.04993360160205e-05,4522.600951852997
54770,112168960,2.007326364517212,,,4.047257958536386e-05,4523.418384088
54780,112189440,1.9612674713134766,,,4.044585591535958e-05,4524.231771464998
54790,112209920,2.098175048828125,,,4.041916501303811e-05,4525.015017935002
54800,112230400,1.8524081707000732,1.8253589987754821,6.205022214677612,4.039250688542136e-05,4526.305064218999
54810,112250880,1.774774432182312,,,4.036588153952253e-05,4526.983160646996
54820,112271360,1.8880990743637085,,,4.033928898234615e-05,4527.724487974003
54830,112291840,1.7295140027999878,,,4.031272922088823e-05,4528.555014703998
54840,112312320,1.7577619552612305,,,4.028620226213612e-05,4529.281956669998
54850,112332800,1.697540283203125,,,4.025970811306848e-05,4530.350897037002
54860,112353280,2.067474365234375,,,4.023324678065544e-05,4531.071418694002
54870,112373760,1.7837302684783936,,,4.020681827185841e-05,4531.895574242
54880,112394240,2.0532965660095215,,,4.018042259363019e-05,4532.650948556999
54890,112414720,1.8865594863891602,,,4.0154059752914987e-05,4533.3958089299995
54900,112435200,1.7285844087600708,1.82644881606102,6.2117882413410515,4.0127729756648336e-05,4534.615291144
54910,112455680,1.9542090892791748,,,4.010143261175706e-05,4535.300614437001
54920,112476160,1.9486160278320312,,,4.007516832515947e-05,4536.082230150998
54930,112496640,1.664840817451477,,,4.004893690376512e-05,4536.883168947999
54940,112517120,1.840942144393921,,,4.002273835447505e-05,4537.582339617002
54950,112537600,1.751729130744934,,,3.99965726841815e-05,4538.509007426001
54960,112558080,1.710587501525879,,,3.997043989976814e-05,4539.256547835001
54970,112578560,2.131101608276367,,,3.994434000810999e-05,4540.052221181002
54980,112599040,1.672461748123169,,,3.991827301607343e-05,4540.751024489
54990,112619520,2.076514720916748,,,3.9892238930516096e-05,4541.4121732549975
55000,112640000,2.013568878173828,1.8252333283424378,6.204242475844929,3.9866237758287065e-05,4542.752683669998
55010,112660480,1.7087435722351074,,,3.984026950622672e-05,4544.154327021999
55020,112680960,1.8944876194000244,,,3.9814334181166824e-05,4544.979604542001
55030,112701440,1.8351690769195557,,,3.978843178993038e-05,4545.716380083002
55040,112721920,1.9354424476623535,,,3.976256233933181e-05,4546.544108740003
55050,112742400,1.6967459917068481,,,3.9736725836176835e-05,4547.263411679
55060,112762880,1.7948644161224365,,,3.971092228726254e-05,4548.097016540996
55070,112783360,1.8748438358306885,,,3.968515169937726e-05,4548.823424228998
55080,112803840,2.1351165771484375,,,3.965941407930079e-05,4549.645957408997
55090,112824320,2.0074915885925293,,,3.9633709433804134e-05,4550.391566576996
55100,112844800,1.903113842010498,1.8258091926574707,6.207816306610619,3.960803776964969e-05,4551.513692150998
55110,112865280,1.8892216682434082,,,3.958239909359114e-05,4552.242247891001
55120,112885760,1.7465925216674805,,,3.955679341237351e-05,4552.935850164999
55130,112906240,1.857555627822876,,,3.9531220732733115e-05,4553.745994345998
55140,112926720,1.7398884296417236,,,3.9505681061397635e-05,4554.393971767997
55150,112947200,1.8113348484039307,,,3.948017440508607e-05,4555.373721527998
55160,112967680,2.0378801822662354,,,3.9454700770508644e-05,4556.001938506997
55170,112988160,1.9323360919952393,,,3.9429260164367004e-05,4556.792877651002
55180,113008640,1.6635364294052124,,,3.9403852593354026e-05,4557.441895374999
55190,113029120,2.0023460388183594,,,3.937847806415397e-05,4558.140269169002
55200,113049600,1.6360194683074951,1.8244756162166595,6.19954322665359,3.935313658344231e-05,4559.3284527829965
55210,113070080,1.7774090766906738,,,3.932782815788592e-05,4560.025579806999
55220,113090560,1.937523365020752,,,3.9302552794142917e-05,4560.77053057
55230,113111040,1.9336849451065063,,,3.927731049886278e-05,4561.473578543999
55240,113131520,1.8985848426818848,,,3.92521012786862e-05,4562.159715157999
55250,113152000,1.6978588104248047,,,3.92269251402452e-05,4562.918689124002
55260,113172480,1.8081879615783691,,,3.920178209016316e-05,4563.594174104001
55270,113192960,1.9667627811431885,,,3.917667213505469e-05,4564.289575379997
55280,113213440,1.9992609024047852,,,3.915159528152572e-05,4565.043190561002
55290,113233920,1.7465453147888184,,,3.912655153617347e-05,4565.751955897002
55300,113254400,1.6159186363220215,1.8246545195579529,6.200652444869795,3.9101540905586405e-05,4566.7978372029975
55310,113274880,2.0745601654052734,,,3.9076563396344365e-05,4567.555145881997
55320,113295360,1.6889464855194092,,,3.9051619015018425e-05,4568.801913237003
55330,113315840,1.8660718202590942,,,3.902670776817091e-05,4569.566376652998
55340,113336320,2.006073474884033,,,3.9001829662355474e-05,4570.428604972003
55350,113356800,1.6184002161026,,,3.8976984704117075e-05,4571.309384551998
55360,113377280,2.1319708824157715,,,3.895217289999193e-05,4572.140994713001
55370,113397760,1.875980019569397,,,3.892739425650749e-05,4572.857318814
55380,113418240,1.8217999935150146,,,3.8902648780182505e-05,4573.586330286998
55390,113438720,1.8781710863113403,,,3.8877936477527036e-05,4574.2180781729985
55400,113459200,1.7870151996612549,1.8246793746948242,6.200806564850333,3.88532573550424e-05,4575.588921447998
55410,113479680,1.971930980682373,,,3.882861141922116e-05,4576.317208253
55420,113500160,1.689476490020752,,,3.880399867654717e-05,4577.071137457002
55430,113520640,1.8563499450683594,,,3.877941913349553e-05,4578.026593260998
55440,113541120,2.047382116317749,,,3.875487279653267e-05,4578.806477509002
55450,113561600,1.6907813549041748,,,3.873035967211618e-05,4579.521885326998
55460,113582080,1.8322303295135498,,,3.8705879766694976e-05,4580.246580974002
55470,113602560,1.700068712234497,,,3.8681433086709234e-05,4580.933198236999
55480,113623040,1.8674156665802002,,,3.865701963859043e-05,4581.783368730998
55490,113643520,1.5755510330200195,,,3.863263942876119e-05,4582.631460563003
55500,113664000,1.6406395435333252,1.8249327063560485,6.202377624469506,3.860829246363548e-05,4583.927564265003
55510,113684480,1.956279993057251,,,3.858397874961849e-05,4585.408364793999
55520,113704960,1.9755215644836426,,,3.855969829310667e-05,4586.159009155002
55530,113725440,1.7807120084762573,,,3.853545110048772e-05,4586.803646824999
55540,113745920,1.6867828369140625,,,3.851123717814056e-05,4587.586461259998
55550,113766400,1.9754753112792969,,,3.848705653243543e-05,4588.293289754998
55560,113786880,1.7815937995910645,,,3.8462909169733746e-05,4588.976349903998
55570,113807360,1.946807861328125,,,3.8438795096388224e-05,4589.630004421
55580,113827840,2.096569299697876,,,3.8414714318742735e-05,4590.451354243996
55590,113848320,1.5262283086776733,,,3.8390666843132454e-05,4591.229696010996
55600,113868800,1.7087763547897339,1.8254091262817382,6.205333264763515,3.836665267588382e-05,4592.263540118001
55610,113889280,1.6474875211715698,,,3.834267182331446e-05,4593.003297329
55620,113909760,1.771721363067627,,,3.831872429173326e-05,4593.675204314
55630,113930240,2.0646862983703613,,,3.829481008744032e-05,4594.378430115998
55640,113950720,1.8847081661224365,,,3.8270929216727e-05,4595.345299091001
55650,113971200,1.8384613990783691,,,3.824708168587588e-05,4596.048130306997
55660,113991680,1.8599965572357178,,,3.822326750116073e-05,4596.845449025001
55670,114012160,1.9612548351287842,,,3.819948666884657e-05,4597.624488597001
55680,114032640,1.8027167320251465,,,3.817573919518972e-05,4598.314096838003
55690,114053120,1.797379970550537,,,3.815202508643766e-05,4599.129152845002
55700,114073600,1.864630103111267,1.8251005232334137,6.203418575456813,3.8128344348829024e-05,4600.477047296001
55710,114094080,2.0920825004577637,,,3.810469698859379e-05,4601.249253185
55720,114114560,1.8670722246170044,,,3.8081083011953096e-05,4601.893425527
55730,114135040,1.8292903900146484,,,3.805750242511928e-05,4602.586728413
55740,114155520,1.8143863677978516,,,3.803395523429593e-05,4603.2908595120025
55743,114161664,1.6183803081512451,,,3.802689759019734e-05,4603.518570186003
55750,114176000,1.9123857021331787,,,3.801044144567786e-05,4605.905493211999
55760,114196480,1.4904580116271973,,,3.7986961065451036e-05,4606.574532758998
55770,114216960,1.771128535270691,,,3.7963514099792714e-05,4607.300274872999
55780,114237440,2.1854729652404785,,,3.794010055487129e-05,4608.467604905999
55790,114257920,1.9587994813919067,,,3.791672043684639e-05,4609.116543660999
55800,114278400,1.8406801223754883,1.8257592380046845,6.207506205048034,3.789337375186886e-05,4610.037325028999
55810,114298880,1.8624346256256104,,,3.7870060506080725e-05,4610.7428671809985
55820,114319360,1.7885234355926514,,,3.784678070561528e-05,4611.585938367999
55830,114339840,2.1433019638061523,,,3.782353435659693e-05,4612.183937494999
55840,114360320,1.6994675397872925,,,3.780032146514132e-05,4612.990912008999
55850,114380800,1.6523566246032715,,,3.777714203735531e-05,4613.702448277999
55860,114401280,1.6200482845306396,,,3.7753996079336935e-05,4614.551739012999
55870,114421760,1.7154395580291748,,,3.773088359717543e-05,4615.270292007999
55880,114442240,2.038404941558838,,,3.770780459695119e-05,4616.089797205998
55890,114462720,1.772510290145874,,,3.768475908473588e-05,4616.911323091998
55900,114483200,1.9019697904586792,1.8242444276809693,6.198110128997329,3.766174706659232e-05,4618.304748652999
55910,114503680,1.7026664018630981,,,3.7638768548574466e-05,4619.071738093999
55920,114524160,2.0124707221984863,,,3.761582353672751e-05,4619.793065794999
55930,114544640,1.9939007759094238,,,3.7592912037087836e-05,4620.565140738999
55940,114565120,1.7232608795166016,,,3.757003405568297e-05,4621.265452613999
55950,114585600,1.8309311866760254,,,3.7547189598531704e-05,4622.072421323999
55960,114606080,1.781926155090332,,,3.75243786716439e-05,4622.748058075998
55970,114626560,2.1816210746765137,,,3.750160128102068e-05,4623.5120793259985
55980,114647040,1.8649102449417114,,,3.74788574326543e-05,4624.2591950239985
55990,114667520,1.8632367849349976,,,3.745614713252822e-05,4624.9392982499985
56000,114688000,1.929685354232788,1.8235780060291291,6.1939809502467575,3.743347038661707e-05,4626.497768904999
56010,114708480,1.546458125114441,,,3.741082720088659e-05,4627.814658819999
56020,114728960,2.125885009765625,,,3.738821758129382e-05,4628.638443472999
56030,114749440,1.9750087261199951,,,3.736564153378687e-05,4629.322678053999
56040,114769920,1.860934853553772,,,3.7343099064305016e-05,4630.147970396999
56050,114790400,1.9198269844055176,,,3.732059017877874e-05,4630.986581776999
56060,114810880,1.8504903316497803,,,3.7298114883129696e-05,4631.729963057999
56070,114831360,1.9665818214416504,,,3.727567318327067e-05,4632.414670945999
56080,114851840,1.7801368236541748,,,3.725326508510558e-05,4633.278031528999
56090,114872320,1.8429920673370361,,,3.723089059452961e-05,4634.096914785999
56100,114892800,1.8220031261444092,1.8246455252170564,6.200596674338735,3.720854971742901e-05,4635.330399752999
56110,114913280,1.856571912765503,,,3.718624245968121e-05,4636.063947543998
56120,114933760,1.9584912061691284,,,3.7163968827154796e-05,4636.768231810999
56130,114954240,1.9129960536956787,,,3.714172882570953e-05,4637.443859842999
56140,114974720,1.7902166843414307,,,3.711952246119628e-05,4638.311023871999
56150,114995200,2.1435546875,,,3.7097349739457116e-05,4639.335825971999
56160,115015680,1.7813093662261963,,,3.707521066632523e-05,4640.190867375999
56170,115036160,1.7296514511108398,,,3.705310524762495e-05,4640.9520119889985
56180,115056640,1.990746259689331,,,3.703103348917178e-05,4641.8274302989985
56190,115077120,2.158747911453247,,,3.700899539677235e-05,4642.916034826999
56200,115097600,1.7674295902252197,1.8239952266216277,6.196565745826221,3.698699097622446e-05,4643.900337544998
56210,115118080,1.678386926651001,,,3.6965020233316984e-05,4644.860233693998
56220,115138560,1.9047534465789795,,,3.694308317382999e-05,4645.588416139999
56230,115159040,1.7945666313171387,,,3.6921179803534706e-05,4646.261152942999
56240,115179520,1.794121503829956,,,3.6899310128193485e-05,4646.971391757998
56250,115200000,1.7485103607177734,,,3.687747415355973e-05,4647.777152745999
56260,115220480,2.0352680683135986,,,3.6855671885378096e-05,4648.609256955999
56270,115240960,1.7538886070251465,,,3.68339033293843e-05,4649.348606066999
56280,115261440,1.8515455722808838,,,3.6812168491305224e-05,4650.112155787999
56290,115281920,1.703810691833496,,,3.679046737685881e-05,4650.804568382999
56300,115302400,2.0709564685821533,1.8220126628875732,6.1842928292424775,3.676879999175426e-05,4652.055518561999
56310,115322880,1.9544262886047363,,,3.674716634169179e-05,4652.811031641999
56320,115343360,2.0262107849121094,,,3.6725566432362804e-05,4653.5585541599985
56330,115363840,1.9544360637664795,,,3.670400026944977e-05,4654.325043229999
56340,115384320,1.6784759759902954,,,3.668246785862631e-05,4655.050519176999
56350,115404800,1.975587010383606,,,3.666096920555716e-05,4655.790955550999
56360,115425280,1.841004490852356,,,3.6639504315898246e-05,4656.528895905999
56370,115445760,1.9175300598144531,,,3.661807319529647e-05,4657.285462500999
56380,115466240,1.9712448120117188,,,3.659667584938996e-05,4658.010075799999
56390,115486720,1.8455266952514648,,,3.6575312283807925e-05,4658.696941653999
56400,115507200,1.7675995826721191,1.8216922760009766,6.182311780285115,3.655398250417069e-05,4660.162373534999
56410,115527680,1.9546974897384644,,,3.65326865160897e-05,4661.053035683999
56420,115548160,1.6548616886138916,,,3.651142432516747e-05,4661.798300107999
56430,115568640,1.9123177528381348,,,3.649019593699767e-05,4662.574761979999
56440,115589120,1.9489762783050537,,,3.6469001357165065e-05,4663.323068259999
56450,115609600,1.8620190620422363,,,3.644784059124554e-05,4664.015839249999
56460,115630080,1.706291675567627,,,3.642671364480603e-05,4664.673081073999
56470,115650560,1.7037490606307983,,,3.640562052340462e-05,4665.383231810999
56480,115671040,1.9282786846160889,,,3.638456123259048e-05,4666.078414035999
56490,115691520,1.8797767162322998,,,3.63635357779039e-05,4667.083271727999
56500,115712000,2.010134220123291,1.8222959280014037,6.186044871789265,3.634254416487623e-05,4668.292970692999
56510,115732480,1.7445435523986816,,,3.632158639902996e-05,4669.483878699999
56520,115752960,1.7129228115081787,,,3.630066248587866e-05,4670.206079102999
56530,115773440,1.6608359813690186,,,3.627977243092699e-05,4671.024129138998
56540,115793920,1.7318754196166992,,,3.625891623967067e-05,4671.826595989999
56550,115814400,1.6725918054580688,,,3.623809391759658e-05,4672.553526447999
56560,115834880,1.7791025638580322,,,3.621730547018261e-05,4673.233520101999
56570,115855360,1.6454637050628662,,,3.619655090289785e-05,4674.157301470998
56580,115875840,2.0896527767181396,,,3.6175830221202345e-05,4675.020667920999
56590,115896320,1.8312175273895264,,,3.61551434305473e-05,4675.819469064999
56600,115916800,2.0593130588531494,1.8224422931671143,6.186950359536333,3.613449053637502e-05,4677.119638102999
56610,115937280,1.993295431137085,,,3.611387154411883e-05,4678.208162551999
56620,115957760,1.783957839012146,,,3.6093286459203216e-05,4679.065686896999
56630,115978240,1.9022730588912964,,,3.607273528704363e-05,4679.752755631999
56640,115998720,1.8818515539169312,,,3.605221803304675e-05,4680.527822834999
56650,116019200,2.0916881561279297,,,3.603173470261019e-05,4681.392884724999
56660,116039680,1.8669707775115967,,,3.6011285301122745e-05,4682.209913319999
56670,116060160,1.6714749336242676,,,3.599086983396421e-05,4683.031464487999
56680,116080640,1.9525412321090698,,,3.597048830650549e-05,4683.872274917999
56690,116101120,1.891057014465332,,,3.5950140724108534e-05,4684.640120261999
56700,116121600,2.0175867080688477,1.8216097474098205,6.181801583856986,3.5929827092126444e-05,4686.047518928999
56710,116142080,1.7864404916763306,,,3.590954741590326e-05,4686.708502817999
56720,116162560,1.7072573900222778,,,3.588930170077418e-05,4687.513700962999
56730,116183040,1.96488618850708,,,3.586908995206545e-05,4688.436420624998
56740,116203520,2.1912994384765625,,,3.584891217509439e-05,4689.219088559998
56750,116224000,1.6626815795898438,,,3.582876837516932e-05,4690.165668766999
56760,116244480,1.9971784353256226,,,3.580865855758967e-05,4690.852424223999
56770,116264960,1.8144466876983643,,,3.578858272764598e-05,4691.833216755999
56780,116285440,1.9544265270233154,,,3.576854089061977e-05,4692.803628436999
56790,116305920,1.7452352046966553,,,3.574853305178362e-05,4693.728383826999
56800,116326400,1.775468111038208,1.821080392599106,6.178530083418329,3.572855921640121e-05,4694.896239657999
56810,116346880,1.8103351593017578,,,3.570861938972725e-05,4695.548433424999
56820,116367360,2.051176071166992,,,3.56887135770075e-05,4696.2083952369985
56830,116387840,1.8137950897216797,,,3.566884178347878e-05,4696.988209568999
56840,116408320,1.7214868068695068,,,3.564900401436898e-05,4697.737123983999
56850,116428800,2.0538203716278076,,,3.562920027489699e-05,4698.489566964999
56860,116449280,2.177767276763916,,,3.560943057027277e-05,4699.1961526549985
56870,116469760,1.7176179885864258,,,3.558969490569738e-05,4699.915864241999
56880,116490240,2.115954875946045,,,3.5569993286362806e-05,4700.567702707999
56890,116510720,1.8924012184143066,,,3.555032571745217e-05,4701.243911085999
56900,116531200,1.8070955276489258,1.8200371861457825,6.172087961778924,3.5530692204139636e-05,4702.549773935999
56910,116551680,1.9893664121627808,,,3.551109275159038e-05,4703.387574630999
56920,116572160,1.734901785850525,,,3.54915273649606e-05,4703.993923508999
56930,116592640,1.8287873268127441,,,3.547199604939757e-05,4704.698204977999
56940,116613120,1.7809001207351685,,,3.545249881003959e-05,4705.452619972999
56950,116633600,1.6906678676605225,,,3.5433035652016e-05,4706.354740421999
56960,116654080,1.9436724185943604,,,3.5413606580447134e-05,4706.996546379999
56970,116674560,1.6230683326721191,,,3.5394211600444374e-05,4707.770468655999
56980,116695040,1.975916862487793,,,3.53748507171102e-05,4708.758278782999
56990,116715520,2.044004440307617,,,3.535552393553805e-05,4709.589951716999
57000,116736000,1.95448637008667,1.8204336404800414,6.174535397919075,3.533623126081241e-05,4710.677721369999
57010,116756480,1.9693578481674194,,,3.531697269800879e-05,4712.135998157999
57020,116776960,1.7669728994369507,,,3.5297748252193717e-05,4712.932838132999
57030,116797440,1.9498114585876465,,,3.527855792842476e-05,4713.5571947829985
57040,116817920,1.9644618034362793,,,3.525940173175055e-05,4714.426632966999
57050,116838400,1.9453542232513428,,,3.524027966721063e-05,4715.217955723999
57060,116858880,1.7280632257461548,,,3.5221191739835666e-05,4716.013931939999
57070,116879360,1.9030345678329468,,,3.5202137954647305e-05,4716.777607802999
57080,116899840,1.8219196796417236,,,3.518311831665822e-05,4717.685630511999
57090,116920320,1.924249291419983,,,3.5164132830872065e-05,4718.359864389999
57100,116940800,1.9127733707427979,1.8196630895137786,6.1697794362927185,3.514518150228354e-05,4719.543706426999
57110,116961280,1.8886756896972656,,,3.51262643358784e-05,4720.236369090999
57120,116981760,1.7175923585891724,,,3.510738133663335e-05,4720.905429152999
57130,117002240,2.0088887214660645,,,3.5088532509516104e-05,4721.562356056999
57140,117022720,1.6826744079589844,,,3.506971785948542e-05,4722.375425189999
57150,117043200,1.901571273803711,,,3.505093739149107e-05,4723.267334402999
57160,117063680,2.1246869564056396,,,3.5032191110473806e-05,4723.956064746999
57170,117084160,1.9020005464553833,,,3.501347902136536e-05,4724.703102278999
57180,117104640,1.9642243385314941,,,3.4994801129088555e-05,4725.513627419999
57190,117125120,1.893885612487793,,,3.4976157438557165e-05,4726.377184626999
57200,117145600,1.8201279640197754,1.819197553396225,6.166907849593309,3.4957547954675955e-05,4727.612181863999
57210,117166080,1.999264121055603,,,3.4938972682340695e-05,4728.257896712998
57220,117186560,1.7731270790100098,,,3.4920431626438175e-05,4728.946558116999
57230,117207040,2.0954442024230957,,,3.490192479184617e-05,4729.896664309998
57240,117227520,1.929821491241455,,,3.488345218343346e-05,4730.474138304999
57250,117248000,2.0526316165924072,,,3.486501380605981e-05,4731.334196776998
57260,117268480,2.099283218383789,,,3.484660966457598e-05,4731.998340986999
57270,117288960,2.022068977355957,,,3.482823976382376e-05,4733.001318134999
57280,117309440,1.8963303565979004,,,3.480990410863585e-05,4733.9157948699985
57290,117329920,1.66691255569458,,,3.479160270383605e-05,4734.610519791999
57300,117350400,1.5780912637710571,1.819275861978531,6.167390790313176,3.477333555423904e-05,4735.664424588999
57310,117370880,1.7125473022460938,,,3.4755102664650525e-05,4736.2891711719985
57320,117391360,1.7914159297943115,,,3.473690403986728e-05,4737.162992156999
57330,117411840,2.1131591796875,,,3.4718739684676955e-05,4737.977091000998
57340,117432320,1.850848913192749,,,3.470060960385822e-05,4738.614509376999
57350,117452800,1.7713079452514648,,,3.468251380218074e-05,4739.237268709999
57360,117473280,1.6798346042633057,,,3.4664452284405165e-05,4739.942591009999
57370,117493760,1.944141149520874,,,3.464642505528311e-05,4740.581487365999
57380,117514240,1.7015066146850586,,,3.462843211955716e-05,4741.3844485109985
57390,117534720,1.6977863311767578,,,3.461047348196091e-05,4742.199351846999
57400,117555200,1.9296653270721436,1.8190567433834075,6.166039548354152,3.4592549147218926e-05,4743.455470409999
57410,117575680,1.8010661602020264,,,3.4574659120046734e-05,4744.074602524999
57420,117596160,1.8124586343765259,,,3.45568034051508e-05,4744.7344374489985
57430,117616640,1.6047654151916504,,,3.4538982007228654e-05,4745.380499285999
57440,117637120,1.8589242696762085,,,3.452119493096871e-05,4746.063678150999
57450,117657600,1.7173030376434326,,,3.450344218105042e-05,4746.731713015999
57460,117678080,1.636125087738037,,,3.448572376214415e-05,4747.4254262959985
57470,117698560,1.6211504936218262,,,3.446803967891127e-05,4748.243121681999
57480,117719040,2.035458564758301,,,3.4450389936004103e-05,4749.135891122999
57490,117739520,1.7343120574951172,,,3.443277453806593e-05,4749.878244057999
57500,117760000,1.9364800453186035,1.8199032306671143,6.17126123215534,3.441519348973104e-05,4750.938104052999
57510,117780480,1.8457920551300049,,,3.43976467956246e-05,4752.645151649999
57520,117800960,1.4371732473373413,,,3.438013446036284e-05,4753.427513887998
57530,117821440,1.614661693572998,,,3.436265648855287e-05,4754.252976325999
57540,117841920,1.8273473978042603,,,3.4345212884792826e-05,4754.862297944999
57550,117862400,2.2036681175231934,,,3.4327803653671746e-05,4755.575269301999
57560,117882880,1.7463912963867188,,,3.431042879976963e-05,4756.230058532999
57570,117903360,2.1327857971191406,,,3.4293088327657476e-05,4756.924142603999
57580,117923840,1.6288015842437744,,,3.427578224189721e-05,4757.752888603999
57590,117944320,1.7175114154815674,,,3.4258510547041705e-05,4758.672091153999
57600,117964800,1.8603808879852295,1.8206853330135346,6.176089677968657,3.4241273247634805e-05,4759.953370955999
57610,117985280,1.9767969846725464,,,3.422407034821128e-05,4760.655432205999
57620,118005760,1.987788200378418,,,3.42069018532969e-05,4761.340907482999
57630,118026240,1.8559221029281616,,,3.4189767767408325e-05,4762.067599057998
57640,118046720,1.768477439880371,,,3.4172668095053175e-05,4762.8173389409985
57650,118067200,1.780397891998291,,,3.415560284073004e-05,4763.511383241998
57660,118087680,2.0187315940856934,,,3.4138572008928454e-05,4764.188307889999
57670,118108160,1.9811612367630005,,,3.412157560412888e-05,4764.892286119999
57680,118128640,1.7753148078918457,,,3.410461363080273e-05,4765.509055313999
57690,118149120,1.8907164335250854,,,3.408768609341236e-05,4766.391862434999
57700,118169600,2.0243966579437256,1.8180932462215424,6.1601014478802165,3.4070792996411054e-05,4767.6359985069985
57710,118190080,2.0239486694335938,,,3.4053934344243056e-05,4768.232755785999
57720,118210560,1.749993085861206,,,3.40371101413435e-05,4768.8890824149985
57730,118231040,2.028995990753174,,,3.402032039213856e-05,4769.617719195999
57740,118251520,1.7833213806152344,,,3.400356510104524e-05,4770.353756688999
57750,118272000,1.8224103450775146,,,3.3986844272471524e-05,4771.036849437999
57760,118292480,1.8002641201019287,,,3.397015791081632e-05,4771.670331921999
57770,118312960,1.993175745010376,,,3.395350602046949e-05,4772.369738588999
57780,118333440,1.9327278137207031,,,3.393688860581178e-05,4773.164424607999
57790,118353920,1.9836093187332153,,,3.392030567121494e-05,4773.886473985999
57800,118374400,1.9089882373809814,1.820536094903946,6.175168038794022,3.390375722104156e-05,4775.096470063999
57810,118394880,1.8201613426208496,,,3.388724325964523e-05,4775.758071909999
57820,118415360,1.7291221618652344,,,3.387076379137044e-05,4776.672313992999
57830,118435840,1.7863956689834595,,,3.385431882055262e-05,4777.3672210139985
57840,118456320,1.623120665550232,,,3.383790835151807e-05,4778.086119005999
57850,118476800,1.9865920543670654,,,3.382153238858406e-05,4778.867808218999
57860,118497280,1.7158324718475342,,,3.38051909360588e-05,4779.722292762999
57870,118517760,1.6204876899719238,,,3.378888399824141e-05,4780.464193065999
57880,118538240,1.7669007778167725,,,3.377261157942188e-05,4781.232089965999
57890,118558720,1.6043760776519775,,,3.3756373683881154e-05,4781.9714780529985
57900,118579200,1.9535398483276367,1.8202062964439392,6.173131813674955,3.374017031589113e-05,4783.177474304999
57910,118599680,1.7361040115356445,,,3.3724001479714535e-05,4783.892241646999
57920,118620160,1.8393738269805908,,,3.3707867179605116e-05,4784.875138540999
57930,118640640,1.8663415908813477,,,3.369176741980746e-05,4785.730867110999
57940,118661120,1.7192556858062744,,,3.367570220455709e-05,4786.620170360999
57950,118681600,1.7293920516967773,,,3.365967153808043e-05,4787.544105541999
57960,118702080,1.7791087627410889,,,3.364367542459486e-05,4788.380040750999
57970,118722560,1.8095958232879639,,,3.362771386830859e-05,4789.122166897999
57980,118743040,1.8086096048355103,,,3.3611786873420806e-05,4790.138346777999
57990,118763520,2.062286615371704,,,3.359589444412155e-05,4790.920038635999
58000,118784000,1.925022840499878,1.8199702262878419,6.171674693482155,3.3580036584591876e-05,4792.193750769999
58010,118804480,1.7490110397338867,,,3.356421329900359e-05,4793.519432080999
58020,118824960,1.8486318588256836,,,3.3548424591519493e-05,4794.339022277999
58030,118845440,2.051344394683838,,,3.35326704662933e-05,4795.099327120999
58040,118865920,1.9950840473175049,,,3.351695092746961e-05,4795.728876118998
58050,118886400,1.6335487365722656,,,3.3501265979183885e-05,4796.363377210999
58060,118906880,1.9485104084014893,,,3.348561562556251e-05,4797.066581212999
58070,118927360,2.0772294998168945,,,3.346999987072281e-05,4797.7246750059985
58080,118947840,1.966087818145752,,,3.3454418718772994e-05,4798.371839634999
58090,118968320,1.9739350080490112,,,3.343887217381209e-05,4799.042061094999
58100,118988800,1.8529026508331299,1.8187179744243622,6.1639510393359105,3.3423360239930126e-05,4800.058813762999
58110,119009280,1.7122077941894531,,,3.340788292120795e-05,4800.931024548999
58120,119029760,1.9020265340805054,,,3.339244022171732e-05,4801.590466058999
58130,119050240,1.9232945442199707,,,3.3377032145520975e-05,4802.339404780999
58140,119070720,1.779797911643982,,,3.336165869667238e-05,4802.980612582999
58150,119091200,2.00831937789917,,,3.334631987921604e-05,4803.738697351999
58160,119111680,2.0060205459594727,,,3.333101569718725e-05,4804.527807632999
58170,119132160,1.9678146839141846,,,3.331574615461226e-05,4805.298062243999
58180,119152640,1.9449272155761719,,,3.330051125550817e-05,4805.958487286999
58190,119173120,1.927049160003662,,,3.328531100388294e-05,4806.8295084639985
58200,119193600,1.7916041612625122,1.8186798453330995,6.163716017964797,3.327014540373549e-05,4808.080203037999
58210,119214080,1.712245225906372,,,3.32550144590556e-05,4808.901940639998
58220,119234560,1.8178279399871826,,,3.323991817382387e-05,4809.947557709999
58230,119255040,1.8342173099517822,,,3.3224856552011853e-05,4810.785283044999
58240,119275520,1.9245760440826416,,,3.320982959758194e-05,4811.635806799999
58250,119296000,1.8533213138580322,,,3.319483731448745e-05,4812.3762476679985
58260,119316480,1.8725477457046509,,,3.317987970667251e-05,4813.144426305999
58270,119336960,1.798161506652832,,,3.316495677807219e-05,4814.061756185999
58280,119357440,1.7721984386444092,,,3.3150068532612425e-05,4814.765751206999
58290,119377920,1.7262381315231323,,,3.313521497421e-05,4815.623122107999
58300,119398400,1.9192090034484863,1.8183697581291198,6.161805024801238,3.312039610677258e-05,4816.795370055999
58310,119418880,2.000882625579834,,,3.31056119341987e-05,4817.569224824999
58320,119439360,1.8760654926300049,,,3.3090862460377783e-05,4818.401099404999
58330,119459840,1.8670436143875122,,,3.307614768919015e-05,4819.074596318999
58340,119480320,1.9183623790740967,,,3.3061467624506914e-05,4819.799350558999
58350,119500800,2.0543406009674072,,,3.304682227019013e-05,4820.472990889999
58360,119521280,1.992680549621582,,,3.3032211630092694e-05,4821.117057368999
58370,119541760,2.222853183746338,,,3.3017635708058364e-05,4821.869177948999
58380,119562240,1.7457666397094727,,,3.3003094507921795e-05,4822.610120026999
58390,119582720,2.041111469268799,,,3.2988588033508446e-05,4823.290083351999
58400,119603200,1.5997600555419922,1.8170811891555787,6.1538702273900645,3.297411628863468e-05,4825.183609507999
58410,119623680,1.7969003915786743,,,3.2959679277107755e-05,4825.815285651999
58420,119644160,1.8911762237548828,,,3.294527700272574e-05,4826.660261073999
58430,119664640,1.7371256351470947,,,3.293090946927758e-05,4827.319052518999
58440,119685120,1.8117756843566895,,,3.2916576680543075e-05,4828.081248846999
58450,119705600,1.8468596935272217,,,3.290227864029292e-05,4828.696096178999
58460,119726080,2.200199604034424,,,3.288801535228861e-05,4829.462872852999
58470,119746560,2.218855381011963,,,3.287378682028255e-05,4830.422445098999
58480,119767040,1.891954779624939,,,3.2859593048017946e-05,4831.328921218998
58490,119787520,1.775336503982544,,,3.284543403922894e-05,4832.022459679999
58500,119808000,2.0941312313079834,1.817841213941574,6.158549099096689,3.283130979764046e-05,4833.0390090189985
58510,119828480,1.8040573596954346,,,3.281722032696831e-05,4834.424078983999
58520,119848960,1.9793273210525513,,,3.280316563091915e-05,4835.178268071999
58530,119869440,1.7752254009246826,,,3.2789145713190456e-05,4835.833402710999
58540,119889920,2.095580816268921,,,3.277516057747063e-05,4836.483712296999
58550,119910400,1.7070002555847168,,,3.276121022743886e-05,4837.203498449999
58560,119930880,1.8674088716506958,,,3.27472946667652e-05,4837.860125907999
58570,119951360,1.653082251548767,,,3.273341389911056e-05,4838.567706542999
58580,119971840,1.8439126014709473,,,3.2719567928126676e-05,4839.393551872999
58590,119992320,1.8896303176879883,,,3.270575675745616e-05,4840.074979148999
58600,120012800,1.949520468711853,1.8172552585601807,6.154941521153573,3.269198039073244e-05,4841.250702476999
58610,120033280,1.6935067176818848,,,3.267823883157981e-05,4842.147712289999
58620,120053760,1.8024790287017822,,,3.266453208361338e-05,4842.815171794999
58630,120074240,1.7589952945709229,,,3.265086015043916e-05,4843.5525323679985
58640,120094720,1.8374037742614746,,,3.263722303565391e-05,4844.219280804999
58650,120115200,1.8062423467636108,,,3.26236207428453e-05,4845.109025958999
58660,120135680,1.7908586263656616,,,3.261005327559182e-05,4845.880955680998
58670,120156160,2.2017550468444824,,,3.2596520637462813e-05,4846.493868603999
58680,120176640,1.9618213176727295,,,3.2583022832018404e-05,4847.101604343999
58690,120197120,1.6648049354553223,,,3.256955986280963e-05,4847.832116825999
58700,120217600,1.7891206741333008,1.8177302718162536,6.157865894469532,3.255613173337832e-05,4849.0527133629985
58710,120238080,1.9030871391296387,,,3.2542738447257127e-05,4849.846869703999
58720,120258560,1.9334686994552612,,,3.2529380007969576e-05,4850.501146495999
58730,120279040,1.7361518144607544,,,3.251605641902996e-05,4851.090075938999
58740,120299520,1.9958604574203491,,,3.25027676839435e-05,4851.814547104998
58750,120320000,1.9201054573059082,,,3.248951380620618e-05,4852.519953742999
58760,120340480,1.7177965641021729,,,3.247629478930482e-05,4853.244777422999
58770,120360960,1.8678574562072754,,,3.2463110636717064e-05,4853.970227128999
58780,120381440,1.8530120849609375,,,3.2449961351911414e-05,4854.681101835999
58790,120401920,1.9497957229614258,,,3.243684693834717e-05,4855.330448816999
58800,120422400,1.8218586444854736,1.8181100726127624,6.1602051010291845,3.242376739947448e-05,4856.295982137999
58810,120442880,1.8962419033050537,,,3.2410722738734294e-05,4856.926100977999
58820,120463360,2.1282458305358887,,,3.239771295955843e-05,4857.537546309999
58830,120483840,1.7382066249847412,,,3.238473806536946e-05,4858.101651535999
58840,120504320,1.8094614744186401,,,3.237179805958086e-05,4858.718777948999
58850,120524800,2.041516065597534,,,3.235889294559682e-05,4859.345891852999
58860,120545280,1.7265812158584595,,,3.234602272681248e-05,4860.000975501999
58870,120565760,1.738291621208191,,,3.233318740661369e-05,4860.843604038999
58880,120586240,1.5172929763793945,,,3.23203869883772e-05,4861.578718098999
58890,120606720,1.7617361545562744,,,3.230762147547052e-05,4862.365819830999
58900,120627200,1.7112104892730713,1.8181967675685882,6.160739182889063,3.229489087125199e-05,4863.685612860999
58910,120647680,2.0451040267944336,,,3.22821951790708e-05,4864.371109579999
58920,120668160,1.6616618633270264,,,3.226953440226694e-05,4865.002754804999
58930,120688640,1.6994155645370483,,,3.225690854417114e-05,4865.644532888999
58940,120709120,1.7862221002578735,,,3.224431760810507e-05,4866.2683051899985
58950,120729600,1.7360161542892456,,,3.223176159738114e-05,4867.080103930999
58960,120750080,1.8066478967666626,,,3.221924051530257e-05,4867.829649443999
58970,120770560,2.059338331222534,,,3.2206754365163424e-05,4868.529353230999
58980,120791040,1.7283048629760742,,,3.2194303150248526e-05,4869.248483493999
58990,120811520,1.5550322532653809,,,3.2181886873833564e-05,4869.949781426999
59000,120832000,1.6442461013793945,1.8176124215126037,6.157140230864712,3.2169505539184994e-05,4871.021428047999
59010,120852480,2.207559823989868,,,3.2157159149560125e-05,4872.2999304119985
59020,120872960,1.970355749130249,,,3.2144847708207e-05,4872.961605885999
59030,120893440,1.8580834865570068,,,3.2132571218364544e-05,4873.690604883999
59040,120913920,1.9163706302642822,,,3.212032968326244e-05,4874.443198681999
59050,120934400,2.046426773071289,,,3.2108123106121195e-05,4875.384598953999
59060,120954880,1.880821943283081,,,3.209595149015211e-05,4876.178105306999
59070,120975360,1.7882072925567627,,,3.208381483855726e-05,4876.895064709999
59080,120995840,1.5942845344543457,,,3.207171315452962e-05,4877.750642525999
59090,121016320,2.0077834129333496,,,3.2059646441252876e-05,4878.547268025999
59100,121036800,1.7416210174560547,1.8174947142601012,6.156415533456771,3.204761470190149e-05,4879.600408613999
59110,121057280,2.0695762634277344,,,3.203561793964082e-05,4880.387647737999
59120,121077760,1.7991856336593628,,,3.202365615762696e-05,4881.151754868999
59130,121098240,1.865299940109253,,,3.2011729359006813e-05,4881.831064258999
59140,121118720,2.1129026412963867,,,3.1999837546918054e-05,4882.5223736359985
59150,121139200,1.684448480606079,,,3.198798072448922e-05,4883.306310376999
59160,121159680,1.6604750156402588,,,3.197615889483957e-05,4884.082742331999
59170,121180160,1.6979318857192993,,,3.196437206107922e-05,4885.005741392999
59180,121200640,1.7551214694976807,,,3.195262022630903e-05,4885.711352140999
59190,121221120,1.818967580795288,,,3.1940903393620655e-05,4886.562326191999
59200,121241600,1.873091459274292,1.8165396392345428,6.150538501683679,3.192922156609657e-05,4887.944918408999
59210,121262080,2.1871228218078613,,,3.1917574746810027e-05,4888.718102384999
59220,121282560,1.9896188974380493,,,3.19059629388251e-05,4889.373831852999
59230,121303040,1.9095714092254639,,,3.189438614519658e-05,4890.068968646999
59240,121323520,1.7652904987335205,,,3.18828443689701e-05,4890.8336199179985
59250,121344000,1.7553578615188599,,,3.187133761318208e-05,4891.627765575999
59260,121364480,1.7117393016815186,,,3.185986588085971e-05,4892.388822252999
59270,121384960,1.8003654479980469,,,3.184842917502095e-05,4893.1988957449985
59280,121405440,1.6910769939422607,,,3.183702749867459e-05,4893.862041414999
59290,121425920,2.2990734577178955,,,3.182566085482019e-05,4894.5450979339985
59300,121446400,1.818475604057312,1.815766268968582,6.145783696936125,3.181432924644806e-05,4896.278176653998
59310,121466880,1.9286757707595825,,,3.1803032676539324e-05,4896.911846421999
59320,121487360,1.9881917238235474,,,3.179177114806589e-05,4897.613277898999
59330,121507840,1.9080169200897217,,,3.1780544663990434e-05,4898.341714742999
59340,121528320,1.4840601682662964,,,3.1769353227266433e-05,4899.058409043999
59350,121548800,1.9686689376831055,,,3.1758196840838086e-05,4899.816110341999
59360,121569280,1.811969518661499,,,3.174707550764046e-05,4900.510430267998
59370,121589760,1.739361047744751,,,3.173598923059932e-05,4901.137496774999
59380,121610240,1.8357715606689453,,,3.1724938012631276e-05,4901.909067500998
59390,121630720,1.8388311862945557,,,3.171392185664364e-05,4902.705716772999
59400,121651200,1.826433539390564,1.8158270239830017,6.146157095456053,3.170294076553457e-05,4903.815471444998
59410,121671680,1.7960491180419922,,,3.1691994742192946e-05,4904.483601413999
59420,121692160,1.940999984741211,,,3.168108378949849e-05,4905.436751150999
59430,121712640,1.817008376121521,,,3.167020791032161e-05,4906.099171591999
59440,121733120,1.8791308403015137,,,3.165936710752353e-05,4906.915451019999
59450,121753600,1.5834441184997559,,,3.1648561383956275e-05,4907.614093391999
59460,121774080,2.1065564155578613,,,3.16377907424626e-05,4908.622812780999
59470,121794560,1.8356249332427979,,,3.1627055185876045e-05,4909.298764618999
59480,121815040,1.9417718648910522,,,3.16163547170209e-05,4910.057907368999
59490,121835520,1.6313319206237793,,,3.160568933871226e-05,4910.8737847349985
59500,121856000,1.6155486106872559,1.8151252031326295,6.141845107555296,3.159505905375598e-05,4912.368696399999
59510,121876480,1.7197706699371338,,,3.158446386494867e-05,4913.840326804999
59520,121896960,2.181030035018921,,,3.157390377507768e-05,4914.615094994999
59530,121917440,1.9414947032928467,,,3.15633787869212e-05,4915.271163007998
59540,121937920,1.7376093864440918,,,3.1552888903248106e-05,4915.997853159999
59550,121958400,1.9088666439056396,,,3.15424341268181e-05,4916.805673826999
59560,121978880,1.9180805683135986,,,3.153201446038162e-05,4917.596812305998
59570,121999360,2.1579337120056152,,,3.152162990667984e-05,4918.531256301999
59580,122019840,1.538408637046814,,,3.1511280468444764e-05,4919.303271130999
59590,122040320,1.9813283681869507,,,3.150096614839912e-05,4920.080187333999
59600,122060800,1.8944618701934814,1.8151367723941803,6.141916164578788,3.149068694925636e-05,4921.666790327999
59610,122081280,1.6320656538009644,,,3.1480442873720786e-05,4922.479311716998
59620,122101760,1.585178256034851,,,3.147023392448735e-05,4923.392045495999
59630,122122240,1.78025221824646,,,3.146006010424186e-05,4924.249644866999
59640,122142720,2.112635850906372,,,3.1449921415660835e-05,4925.016725209999
59650,122163200,1.8081302642822266,,,3.143981786141157e-05,4925.771887307998
59660,122183680,1.810377836227417,,,3.142974944415207e-05,4926.556907552999
59670,122204160,1.8628103733062744,,,3.1419716166531174e-05,4927.463054433999
59680,122224640,2.072115421295166,,,3.140971803118841e-05,4928.453575006999
59690,122245120,2.0180516242980957,,,3.139975504075409e-05,4929.333160775999
59700,122265600,1.668997049331665,1.8153213441371918,6.143049893374647,3.138982719784929e-05,4930.553895439999
59710,122286080,1.610182762145996,,,3.13799345050858e-05,4931.598953351999
59720,122306560,1.829093098640442,,,3.137007696506621e-05,4932.269288445998
59730,122327040,1.6926958560943604,,,3.1360254580383844e-05,4932.9600231509985
59740,122347520,1.8012073040008545,,,3.135046735362274e-05,4933.760056914999
59750,122368000,1.890181303024292,,,3.134071528735774e-05,4934.412922145999
59760,122388480,1.8286799192428589,,,3.1330998384154436e-05,4935.146904529999
59770,122408960,1.9047133922576904,,,3.1321316646569114e-05,4935.819788747999
59780,122429440,1.9444612264633179,,,3.131167007714888e-05,4936.597054002998
59790,122449920,1.980126142501831,,,3.1302058678431505e-05,4937.263401719999
59800,122470400,1.6669082641601562,1.814060890674591,6.1353117426795265,3.129248245294561e-05,4938.652361903999
59810,122490880,1.581609845161438,,,3.128294140321047e-05,4939.445430580999
59820,122511360,1.7850244045257568,,,3.127343553173612e-05,4940.209189689999
59830,122531840,1.7748959064483643,,,3.126396484102342e-05,4940.874532400999
59840,122552320,1.814650297164917,,,3.12545293335639e-05,4941.531879594999
59850,122572800,1.9811102151870728,,,3.124512901183983e-05,4942.225797402999
59860,122593280,2.163829803466797,,,3.123576387832425e-05,4942.958076490999
59870,122613760,1.87876296043396,,,3.1226433935480954e-05,4943.706393930999
59880,122634240,2.1220555305480957,,,3.121713918576445e-05,4944.423297940999
59890,122654720,1.848459243774414,,,3.120787963162002e-05,4945.083340738999
59900,122675200,1.9791395664215088,1.8135816931724549,6.132372420931674,3.119865527548362e-05,4946.398269347998
59910,122695680,2.048703193664551,,,3.118946611978204e-05,4947.168641387999
59920,122716160,1.8826735019683838,,,3.1180312166932735e-05,4947.938091388999
59930,122736640,1.7728965282440186,,,3.117119341934394e-05,4948.580189729999
59940,122757120,2.01883864402771,,,3.1162109879414606e-05,4949.2872773089985
59950,122777600,2.0114994049072266,,,3.115306154953442e-05,4950.061837580999
59960,122798080,1.6815683841705322,,,3.114404843208382e-05,4950.734024217999
59970,122818560,1.8539183139801025,,,3.1135070529434e-05,4951.420199818999
59980,122839040,1.9061851501464844,,,3.112612784394682e-05,4952.260404146999
59990,122859520,1.6899361610412598,,,3.111722037797497e-05,4953.163288824999
60000,122880000,2.041135311126709,1.8142599582672119,6.1365332059909665,3.1108348133861787e-05,4954.317276239999
60010,122900480,1.8402100801467896,,,3.109951111394138e-05,4955.689952297999
60020,122920960,2.151458978652954,,,3.109070932053863e-05,4956.497096568999
60030,122941440,1.6482081413269043,,,3.108194275596905e-05,4957.368788200999
60040,122961920,2.0670166015625,,,3.1073211422539e-05,4958.275066992999
60050,122982400,1.7409355640411377,,,3.10645153225455e-05,4959.017497343999
60060,123002880,1.8770179748535156,,,3.10558544582763e-05,4959.784434947999
60070,123023360,1.5755040645599365,,,3.104722883200994e-05,4960.607053474999
60080,123043840,1.871406078338623,,,3.103863844601561e-05,4961.424490548999
60090,123064320,1.8156710863113403,,,3.103008330255327e-05,4962.269171420999
60100,123084800,1.5919665098190308,1.8137936890125275,6.133672596185691,3.102156340387363e-05,4963.548878338999
60110,123105280,1.7941561937332153,,,3.101307875221808e-05,4964.469669989999
60120,123125760,2.3041701316833496,,,3.1004629349818784e-05,4965.147466495999
60130,123146240,1.9710261821746826,,,3.0996215198898583e-05,4965.9029271499985
60140,123166720,1.617396593093872,,,3.098783630167109e-05,4966.742806461999
60150,123187200,1.75297212600708,,,3.0979492660340626e-05,4967.475959993999
60160,123207680,1.8848950862884521,,,3.09711842771022e-05,4968.353012540999
60170,123228160,2.07967472076416,,,3.096291115414163e-05,4969.0635547719985
60180,123248640,1.6598283052444458,,,3.095467329363537e-05,4969.963111557999
60190,123269120,1.805071473121643,,,3.094647069775066e-05,4970.649710685999
60200,123289600,2.0005648136138916,1.8132916748523713,6.13059417845794,3.093830336864541e-05,4972.110053708999
60210,123310080,1.7455296516418457,,,3.09301713084683e-05,4972.971148560999
60220,123330560,1.9028465747833252,,,3.092207451935873e-05,4973.809549141999
60230,123351040,1.8554294109344482,,,3.091401300344675e-05,4974.522082722999
60240,123371520,2.159391164779663,,,3.090598676285322e-05,4975.275543170998
60250,123392000,1.8681049346923828,,,3.089799579968966e-05,4975.940316224999
60260,123412480,1.9996691942214966,,,3.0890040116058374e-05,4976.566661193999
60270,123432960,1.8699249029159546,,,3.0882119714052284e-05,4977.223650869999
60280,123453440,1.5979079008102417,,,3.087423459575513e-05,4977.965561983999
60290,123473920,1.8412554264068604,,,3.0866384763241313e-05,4978.666077081999
60300,123494400,1.740098476409912,1.8133149683475493,6.130736983087077,3.085857021857596e-05,4979.743368576998
60310,123514880,1.9433825016021729,,,3.085079096381493e-05,4980.448450175999
60320,123535360,1.7027974128723145,,,3.084304700100478e-05,4981.156851574999
60330,123555840,1.809388518333435,,,3.083533833218279e-05,4981.868761229999
60340,123576320,1.807182788848877,,,3.082766495937697e-05,4982.594393935999
60350,123596800,1.8483926057815552,,,3.0820026884606025e-05,4983.388133273999
60360,123617280,1.6742956638336182,,,3.081242410987935e-05,4984.093701858998
60370,123637760,1.9699044227600098,,,3.0804856637197116e-05,4984.766529118999
60380,123658240,1.81219482421875,,,3.079732446855016e-05,4985.526289975999
60390,123678720,1.7753220796585083,,,3.078982760592005e-05,4986.189044919999
60400,123699200,1.9551032781600952,1.8134835243225098,6.1317704425319235,3.0782366051279055e-05,4987.442201325999
60410,123719680,1.6615135669708252,,,3.077493980659015e-05,4988.078606095999
60420,123740160,1.7406108379364014,,,3.076754887380703e-05,4988.781745852999
60430,123760640,1.9130157232284546,,,3.076019325487413e-05,4989.485369943999
60440,123781120,2.061279058456421,,,3.075287295172652e-05,4990.4933987039985
60450,123801600,1.9641072750091553,,,3.0745587966290074e-05,4991.341808549999
60460,123822080,1.7482845783233643,,,3.073833830048128e-05,4992.122197836999
60470,123842560,2.2339916229248047,,,3.07311239562074e-05,4993.118935562999
60480,123863040,1.6778444051742554,,,3.072394493536639e-05,4993.884148717999
60490,123883520,1.6618120670318604,,,3.0716801239846886e-05,4994.511171615999
60500,123904000,1.794210433959961,1.8128279209136964,6.127751750405808,3.070969287152825e-05,4995.753271258999
60510,123924480,2.0005617141723633,,,3.0702619832280586e-05,4997.036390996999
60520,123944960,1.8813319206237793,,,3.069558212396462e-05,4997.728248016999
60530,123965440,1.8731186389923096,,,3.068857974843185e-05,4998.8795913489985
60540,123985920,1.7633306980133057,,,3.068161270752448e-05,4999.640709831999
60550,124006400,2.1049702167510986,,,3.0674681003075374e-05,5000.293438130999
60560,124026880,2.0098674297332764,,,3.066778463690814e-05,5001.017496975999
60570,124047360,1.7372609376907349,,,3.066092361083704e-05,5001.612166077999
60580,124067840,1.821009635925293,,,3.065409792666711e-05,5002.234247555999
60590,124088320,2.0784952640533447,,,3.0647307586194016e-05,5002.969299600999
60600,124108800,1.6173522472381592,1.814351612329483,6.137095669963218,3.0640552591204204e-05,5004.184495334999
60610,124129280,1.7983012199401855,,,3.063383294347474e-05,5004.975583104999
60620,124149760,2.0114526748657227,,,3.0627148644773434e-05,5005.624261343999
60630,124170240,1.7231388092041016,,,3.062049969685881e-05,5006.464685486999
60640,124190720,1.999794602394104,,,3.0613886101480046e-05,5007.310758808999
60650,124211200,1.9155908823013306,,,3.060730786037705e-05,5007.916172434999
60660,124231680,1.8963481187820435,,,3.060076497528043e-05,5008.5930585689985
60670,124252160,1.6312264204025269,,,3.059425744791149e-05,5009.2614860409985
60680,124272640,1.9790337085723877,,,3.058778527998225e-05,5009.938009003999
60690,124293120,1.8639949560165405,,,3.0581348473195365e-05,5010.588108254999
60700,124313600,2.0152158737182617,1.8126174569129945,6.126462214962264,3.0574947029244246e-05,5012.002102702999
60710,124334080,1.713678240776062,,,3.0568580949812985e-05,5012.680136453999
60720,124354560,1.938392162322998,,,3.0562250236576384e-05,5013.4502474229985
60730,124375040,1.6470434665679932,,,3.05559548911999e-05,5014.313126114998
60740,124395520,1.8249430656433105,,,3.0549694915339724e-05,5015.1210884309985
60750,124416000,1.968214511871338,,,3.054347031064273e-05,5015.986020014999
60760,124436480,1.8882678747177124,,,3.053728107874648e-05,5016.779728822999
60770,124456960,2.2435340881347656,,,3.0531127221279264e-05,5017.750438237998
60780,124477440,1.6801064014434814,,,3.052500873985998e-05,5018.522819348999
60790,124497920,1.726278305053711,,,3.051892563609833e-05,5019.552909111999
60800,124518400,1.7311937808990479,1.8120789289474488,6.12316383194511,3.051287791159464e-05,5020.897863342999
60810,124538880,1.956642746925354,,,3.0506865567939937e-05,5021.631604124998
60820,124559360,2.12251615524292,,,3.050088860671595e-05,5022.3154191449985
60830,124579840,1.883258581161499,,,3.04949470294951e-05,5023.094759890999
60840,124600320,1.6566741466522217,,,3.04890408378405e-05,5023.809197548999
60850,124620800,2.0312533378601074,,,3.0483170033305946e-05,5024.797717212999
60860,124641280,1.7667419910430908,,,3.0477334617435922e-05,5025.576330779999
60870,124661760,1.6346685886383057,,,3.0471534591765604e-05,5026.378542638999
60880,124682240,1.9103021621704102,,,3.046576995782089e-05,5027.063383693999
60890,124702720,1.6041829586029053,,,3.0460040717118313e-05,5027.822456515999
60900,124723200,1.6879305839538574,1.8127475559711457,6.127259313776007,3.0454346871165112e-05,5028.787508030999
60910,124743680,1.8367999792099,,,3.044868842145925e-05,5029.369715291999
60920,124764160,2.109546184539795,,,3.0443065369489352e-05,5030.206504894999
60930,124784640,1.8144097328186035,,,3.04374777167347e-05,5030.952462664999
60940,124805120,1.95415198802948,,,3.0431925464665325e-05,5031.6220080839985
60950,124825600,1.6541305780410767,,,3.0426408614741892e-05,5032.460311165999
60960,124846080,1.8305050134658813,,,3.0420927168415767e-05,5033.260456637999
60970,124866560,1.9441373348236084,,,3.041548112712904e-05,5033.941455619999
60980,124887040,2.003159761428833,,,3.041007049231441e-05,5034.712463070999
60990,124907520,1.8998786211013794,,,3.040469526539535e-05,5035.549898405999
61000,124928000,1.8641846179962158,1.8121282696723937,6.1234659607411,3.0399355447785952e-05,5036.592073276999
61010,124948480,1.7433626651763916,,,3.0394051040891007e-05,5037.930833660998
61020,124968960,1.5988318920135498,,,3.038878204610601e-05,5038.725389621999
61030,124989440,1.889155387878418,,,3.038354846481712e-05,5039.439682592999
61040,125009920,1.7749252319335938,,,3.0378350298401186e-05,5040.128631257999
61050,125030400,2.1379587650299072,,,3.0373187548225755e-05,5040.930670746999
61060,125050880,1.939316987991333,,,3.0368060215649044e-05,5041.699141782999
61070,125071360,1.7550601959228516,,,3.0362968302019914e-05,5042.533502018999
61080,125091840,2.054030656814575,,,3.0357911808677994e-05,5043.286008738999
61090,125112320,1.8852651119232178,,,3.0352890736953495e-05,5043.959626736999
61100,125132800,1.8087009191513062,1.8141047596931457,6.135580898687967,3.0347905088167404e-05,5044.898324092998
61110,125153280,2.0511474609375,,,3.0342954863631322e-05,5045.616228197999
61120,125173760,1.6346548795700073,,,3.0338040064647556e-05,5046.449638367999
61130,125194240,1.9469456672668457,,,3.033316069250911e-05,5047.139638078998
61140,125214720,1.7680482864379883,,,3.032831674849961e-05,5047.786826856999
61150,125235200,1.7802467346191406,,,3.0323508233893434e-05,5048.519599134999
61160,125255680,1.8329644203186035,,,3.0318735149955583e-05,5049.3198028709985
61170,125276160,1.911412239074707,,,3.0313997497941765e-05,5049.995498570999
61180,125296640,1.9016010761260986,,,3.030929527909837e-05,5050.765273469999
61190,125317120,1.8478288650512695,,,3.0304628494662448e-05,5051.390516291999
61200,125337600,1.7631970643997192,1.812983787059784,6.128706933893776,3.0299997145861743e-05,5052.356056268999
61210,125358080,1.955600619316101,,,3.0295401233914658e-05,5053.065247458999
61220,125378560,1.9481453895568848,,,3.0290840760030294e-05,5053.7312413499985
61230,125399040,1.8421627283096313,,,3.0286315725408424e-05,5054.345794195999
61240,125419520,1.7652721405029297,,,3.0281826131239485e-05,5054.986017023999
61250,125440000,1.715252161026001,,,3.0277371978704595e-05,5055.6114904669985
61260,125460480,1.9164375066757202,,,3.027295326897556e-05,5056.316902113999
61270,125480960,1.9436230659484863,,,3.026857000321485e-05,5056.978589062999
61280,125501440,1.9335570335388184,,,3.0264222182575615e-05,5057.697336809999
61290,125521920,1.7164318561553955,,,3.0259909808201677e-05,5058.428157020999
61300,125542400,1.6403238773345947,1.81316779255867,6.129834753429989,3.0255632881227538e-05,5059.433968148999
61310,125562880,1.8967844247817993,,,3.0251391402778365e-05,5060.243116759999
61320,125583360,1.965152382850647,,,3.0247185373970013e-05,5061.019991982998
61330,125603840,1.8628044128417969,,,3.0243014795908993e-05,5061.705503488999
61340,125624320,1.8732153177261353,,,3.0238879669692524e-05,5062.413217437998
61350,125644800,1.8444606065750122,,,3.023477999640844e-05,5063.0652937119985
61360,125665280,1.7678152322769165,,,3.023071577713531e-05,5063.977319898999
61370,125685760,1.8079452514648438,,,3.0226687012942332e-05,5064.833277849999
61380,125706240,1.7664927244186401,,,3.02226937048894e-05,5065.764072530998
61390,125726720,1.7449231147766113,,,3.0218735854027063e-05,5066.603763513999
61400,125747200,2.023130416870117,1.8133060097694398,6.13068206064696,3.0214813461396573e-05,5067.917208092999
61410,125767680,1.6743769645690918,,,3.0210926528029806e-05,5068.668514107999
61420,125788160,1.703162431716919,,,3.0207075054949368e-05,5069.404074506999
61430,125808640,2.1554555892944336,,,3.0203259043168462e-05,5070.183663386999
61440,125829120,1.798072338104248,,,3.0199478493691043e-05,5070.947676543999
61450,125849600,2.2890124320983887,,,3.0195733407511674e-05,5071.672257142999
61460,125870080,1.7593542337417603,,,3.0192023785615623e-05,5072.618765161998
61470,125890560,1.8036093711853027,,,3.0188349628978797e-05,5073.357087653999
61480,125911040,2.0636916160583496,,,3.0184710938567823e-05,5074.179409559999
61490,125931520,1.7271523475646973,,,3.0181107715339955e-05,5075.182375153999
61500,125952000,2.1985607147216797,1.8124866366386414,6.125660801916169,3.017753996024311e-05,5076.2651617249985
61510,125972480,2.0055367946624756,,,3.0174007674215924e-05,5077.764409076999
61520,125992960,1.9196977615356445,,,3.0170510858187642e-05,5078.651649287999
61530,126013440,1.729038953781128,,,3.0167049513078212e-05,5079.475723745999
61540,126033920,1.7074451446533203,,,3.0163623639798263e-05,5080.323795429999
61550,126054400,1.701533555984497,,,3.016023323924905e-05,5081.296014623999
61560,126074880,2.20942759513855,,,3.015687831232254e-05,5082.047930742999
61570,126095360,2.0213093757629395,,,3.015355885990132e-05,5082.802647494999
61580,126115840,2.042332649230957,,,3.0150274882858694e-05,5083.634849133999
61590,126136320,1.7111058235168457,,,3.01470263820586e-05,5084.3560833719985
61600,126156800,2.0685832500457764,1.8127370774745941,6.1271951096468,3.014381335835566e-05,5085.431501409998
61610,126177280,2.012021064758301,,,3.0140635812595145e-05,5086.224552031998
61620,126197760,1.9050824642181396,,,3.013749374561302e-05,5086.983714873999
61630,126218240,1.7896273136138916,,,3.013438715823588e-05,5087.748732431999
61640,126238720,1.7469652891159058,,,3.0131316051281012e-05,5088.390858806999
61650,126259200,1.7610204219818115,,,3.0128280425556372e-05,5089.1257707529985
61660,126279680,1.7226126194000244,,,3.012528028186055e-05,5089.909787780999
61670,126300160,1.9932101964950562,,,3.012231562098285e-05,5090.633779888999
61680,126320640,1.9169795513153076,,,3.01193864437032e-05,5091.301672542999
61690,126341120,1.6372095346450806,,,3.0116492750792207e-05,5092.001988636999
61700,126361600,1.873955488204956,1.8125640869140625,6.126135254405414,3.0113634543011158e-05,5093.117107044999
61710,126382080,1.9430122375488281,,,3.0110811821111957e-05,5093.824563428999
61720,126402560,1.707370400428772,,,3.0108024585837246e-05,5094.579767352999
61730,126423040,1.7254512310028076,,,3.010527283792025e-05,5095.2642999539985
61740,126443520,1.8686628341674805,,,3.010255657808494e-05,5095.995844753998
61750,126464000,1.8862208127975464,,,3.0099875807045865e-05,5096.743974534999
61760,126484480,1.8304685354232788,,,3.009723052550832e-05,5097.415757179999
61770,126504960,1.611378788948059,,,3.009462073416821e-05,5098.207987950999
61780,126525440,2.119009017944336,,,3.0092046433712106e-05,5099.143112827999
61790,126545920,1.5310136079788208,,,3.0089507624817272e-05,5100.0682048049985
61800,126566400,1.7541401386260986,1.8110386550426483,6.116797376398837,3.0087004308151616e-05,5101.373924921999
61810,126586880,1.8495382070541382,,,3.0084536484373702e-05,5102.401562065998
61820,126607360,1.9370659589767456,,,3.008210415413278e-05,5103.269431745999
61830,126627840,1.739412546157837,,,3.0079707318068724e-05,5103.935800344999
61840,126648320,1.8633500337600708,,,3.0077345976812104e-05,5104.591416348999
61850,126668800,1.7723679542541504,,,3.0075020130984156e-05,5105.379674504999
61860,126689280,1.5911403894424438,,,3.0072729781196736e-05,5106.130261203999
61870,126709760,1.897099494934082,,,3.0070474928052406e-05,5106.850929690999
61880,126730240,1.8549153804779053,,,3.0068255572144374e-05,5107.508136491999
61890,126750720,1.7500619888305664,,,3.0066071714056487e-05,5108.275498517999
61900,126771200,1.7564444541931152,1.8125532031059266,6.126068579087532,3.006392335436331e-05,5109.301938914999
61910,126791680,1.6103386878967285,,,3.006181049362999e-05,5109.9166853259985
61920,126812160,1.800301194190979,,,3.0059733132412425e-05,5110.533174018999
61930,126832640,1.8727041482925415,,,3.0057691271257074e-05,5111.460309475999
61940,126853120,1.5526491403579712,,,3.0055684910701172e-05,5112.236274984999
61950,126873600,1.9739729166030884,,,3.0053714051272498e-05,5112.918760363998
61960,126894080,2.0024027824401855,,,3.0051778693489556e-05,5113.573252106999
61970,126914560,1.6973366737365723,,,3.0049878837861527e-05,5114.211229969999
61980,126935040,1.582985758781433,,,3.0048014484888204e-05,5114.995895637999
61990,126955520,1.5926289558410645,,,3.0046185635060055e-05,5115.659423798998
62000,126976000,1.7139074802398682,1.8117454171180725,6.121122024876278,3.0044392288858226e-05,5116.751558445999
62010,126996480,2.2633023262023926,,,3.004263444675451e-05,5118.252716300999
62020,127016960,1.7809239625930786,,,3.004091210921134e-05,5118.9758103449985
62030,127037440,1.9175969362258911,,,3.003922527668186e-05,5119.829932508998
62040,127057920,2.245203971862793,,,3.0037573949609828e-05,5120.448960098999
62050,127078400,1.7876605987548828,,,3.0035958128429656e-05,5121.099763590999
62060,127098880,1.919335126876831,,,3.0034377813566468e-05,5121.925100176999
62070,127119360,1.8459992408752441,,,3.003283300543598e-05,5122.737939989999
62080,127139840,1.7608617544174194,,,3.0031323704444628e-05,5123.353093886999
62090,127160320,1.8049876689910889,,,3.0029849910989456e-05,5124.0331043219985
62100,127180800,2.0199053287506104,1.81127188205719,6.118224145163533,3.0028411625458194e-05,5125.075148010998
62110,127201280,1.768042802810669,,,3.0027008848229253e-05,5125.883261265999
62120,127221760,1.7252918481826782,,,3.002564157967164e-05,5126.530393864999
62130,127242240,2.0355827808380127,,,3.0024309820145067e-05,5127.354919441998
62140,127262720,1.7520651817321777,,,3.0023013569999894e-05,5127.943503624999
62150,127283200,1.7306785583496094,,,3.0021752829577146e-05,5128.8554357839985
62160,127303680,1.7131359577178955,,,3.002052759920849e-05,5129.525816270999
62170,127324160,1.9226789474487305,,,3.0019337879216256e-05,5130.421403648998
62180,127344640,1.9510794878005981,,,3.0018183669913442e-05,5131.369752534999
62190,127365120,1.7661586999893188,,,3.0017064971603703e-05,5132.0822245539985
62200,127385600,1.6968598365783691,1.811203795671463,6.117807591575397,3.0015981784581333e-05,5133.090390269998
62210,127406080,1.8210387229919434,,,3.0014934109131307e-05,5133.721560654999
62220,127426560,1.8939237594604492,,,3.0013921945529247e-05,5134.399279440999
62230,127447040,1.8207708597183228,,,3.001294529404142e-05,5135.074397635999
62240,127467520,1.8150144815444946,,,3.001200415492478e-05,5135.734076105999
62250,127488000,1.8035221099853516,,,3.00110985284269e-05,5136.4666162039985
62260,127508480,1.7171692848205566,,,3.001022841478605e-05,5137.130533497999
62270,127528960,1.8610007762908936,,,3.0009393814231144e-05,5137.949222009999
62280,127549440,1.9160534143447876,,,3.000859472698174e-05,5138.583884465998
62290,127569920,1.667992115020752,,,3.0007831153248042e-05,5139.290465430999
62300,127590400,1.919110894203186,1.8104565501213075,6.113237794668724,3.000710309323097e-05,5140.523879959998
62310,127610880,1.7362794876098633,,,3.0006410547122032e-05,5141.184341068999
62320,127631360,1.6907315254211426,,,3.0005753515103447e-05,5141.903553291999
62330,127651840,1.7251791954040527,,,3.0005131997348034e-05,5142.607031765999
62340,127672320,2.0614013671875,,,3.0004545994019334e-05,5143.355168442999
62350,127692800,1.7253245115280151,,,3.0003995505271493e-05,5144.161735361999
62360,127713280,1.8609063625335693,,,3.000348053124934e-05,5144.920830500999
62370,127733760,1.6903704404830933,,,3.000300107208836e-05,5145.783755810999
62380,127754240,1.7553682327270508,,,3.0002557127914683e-05,5146.655818477999
62390,127774720,1.8496712446212769,,,3.0002148698845095e-05,5147.453499025999
62400,127795200,1.8711285591125488,1.810319608449936,6.112400694985854,3.000177578498705e-05,5149.039075306999
62410,127815680,1.8378641605377197,,,3.000143838643866e-05,5149.723697555999
62420,127836160,1.7568655014038086,,,3.0001136503288686e-05,5150.366325486999
62430,127856640,1.6957746744155884,,,3.000087013561654e-05,5151.242239237999
62440,127877120,1.5283639430999756,,,3.0000639283492314e-05,5151.924058583999
62450,127897600,1.6211696863174438,,,3.0000443946976722e-05,5152.664469678999
62460,127918080,2.0014100074768066,,,3.0000284126121157e-05,5153.335759121999
62470,127938560,1.6799099445343018,,,3.0000159820967676e-05,5154.138783131999
62480,127959040,1.6549961566925049,,,3.0000071031548984e-05,5154.813899276999
62490,127979520,1.9119646549224854,,,3.0000017757888415e-05,5155.757945753999
62500,128000000,1.8057541847229004,1.8101035594940185,6.111080259842006,3e-05,5157.184991865999
