2026-10-01 23:03:04,575 64m_128mtoken: parameters=66061440, target steps=62500, processed tokens=128000000, resume step=0
2026-10-01 23:03:04,878 step=1 train=9.21034 val=None lr=2.4e-07
2026-10-01 23:03:07,102 step=10 train=9.21034 val=None lr=2.4e-06
2026-10-01 23:03:09,695 step=20 train=9.21033 val=None lr=4.8e-06
2026-10-01 23:03:12,047 step=30 train=9.21032 val=None lr=7.2e-06
2026-10-01 23:03:14,300 step=40 train=9.21031 val=None lr=9.6e-06
2026-10-01 23:03:16,701 step=50 train=9.21028 val=None lr=1.2e-05
2026-10-01 23:03:19,196 step=60 train=9.21025 val=None lr=1.44e-05
2026-10-01 23:03:21,667 step=70 train=9.21021 val=None lr=1.68e-05
2026-10-01 23:03:23,987 step=80 train=9.21015 val=None lr=1.92e-05
2026-10-01 23:03:25,548 step=90 train=9.21008 val=None lr=2.16e-05
2026-10-01 23:03:30,063 step=100 train=9.20997 val=9.209968423843383 lr=2.4e-05
2026-10-01 23:03:32,459 step=110 train=9.20983 val=None lr=2.64e-05
2026-10-01 23:03:34,990 step=120 train=9.20967 val=None lr=2.88e-05
2026-10-01 23:03:37,739 step=130 train=9.20946 val=None lr=3.12e-05
2026-10-01 23:03:40,052 step=140 train=9.20925 val=None lr=3.36e-05
2026-10-01 23:03:42,344 step=150 train=9.20889 val=None lr=3.6e-05
2026-10-01 23:03:44,803 step=160 train=9.20857 val=None lr=3.84e-05
2026-10-01 23:03:47,157 step=170 train=9.20833 val=None lr=4.08e-05
2026-10-01 23:03:49,741 step=180 train=9.20748 val=None lr=4.32e-05
2026-10-01 23:03:52,087 step=190 train=9.20697 val=None lr=4.56e-05
2026-10-01 23:03:55,942 step=200 train=9.20610 val=9.206040000915527 lr=4.8e-05
2026-10-01 23:03:58,344 step=210 train=9.20518 val=None lr=5.04e-05
2026-10-01 23:04:00,673 step=220 train=9.20374 val=None lr=5.28e-05
2026-10-01 23:04:03,075 step=230 train=9.20320 val=None lr=5.52e-05
2026-10-01 23:04:05,354 step=240 train=9.20172 val=None lr=5.76e-05
2026-10-01 23:04:07,681 step=250 train=9.20026 val=None lr=6e-05
2026-10-01 23:04:09,981 step=260 train=9.19731 val=None lr=6.24e-05
2026-10-01 23:04:12,531 step=270 train=9.19502 val=None lr=6.48e-05
2026-10-01 23:04:14,764 step=280 train=9.19252 val=None lr=6.72e-05
2026-10-01 23:04:17,033 step=290 train=9.18477 val=None lr=6.96e-05
2026-10-01 23:04:21,562 step=300 train=9.17426 val=9.17456226348877 lr=7.2e-05
2026-10-01 23:04:24,078 step=310 train=9.16203 val=None lr=7.44e-05
2026-10-01 23:04:26,542 step=320 train=9.14377 val=None lr=7.68e-05
2026-10-01 23:04:27,930 step=330 train=9.12680 val=None lr=7.92e-05
2026-10-01 23:04:30,258 step=340 train=9.10592 val=None lr=8.16e-05
2026-10-01 23:04:32,595 step=350 train=9.08176 val=None lr=8.4e-05
2026-10-01 23:04:35,253 step=360 train=9.05758 val=None lr=8.64e-05
2026-10-01 23:04:37,551 step=370 train=9.03972 val=None lr=8.88e-05
2026-10-01 23:04:39,805 step=380 train=9.01630 val=None lr=9.12e-05
2026-10-01 23:04:42,243 step=390 train=8.98537 val=None lr=9.36e-05
2026-10-01 23:04:46,749 step=400 train=8.94932 val=8.952952575683593 lr=9.6e-05
2026-10-01 23:04:49,154 step=410 train=8.92916 val=None lr=9.84e-05
2026-10-01 23:04:51,626 step=420 train=8.89780 val=None lr=0.0001008
2026-10-01 23:04:53,927 step=430 train=8.85542 val=None lr=0.0001032
2026-10-01 23:04:56,436 step=440 train=8.80987 val=None lr=0.0001056
2026-10-01 23:04:58,890 step=450 train=8.76698 val=None lr=0.000108
2026-10-01 23:05:00,208 step=460 train=8.73547 val=None lr=0.0001104
2026-10-01 23:05:02,646 step=470 train=8.68630 val=None lr=0.0001128
2026-10-01 23:05:05,052 step=480 train=8.63818 val=None lr=0.0001152
2026-10-01 23:05:07,428 step=490 train=8.58382 val=None lr=0.0001176
2026-10-01 23:05:11,619 step=500 train=8.50463 val=8.506727361679078 lr=0.00012
2026-10-01 23:05:19,758 step=510 train=8.46552 val=None lr=0.0001224
2026-10-01 23:05:22,424 step=520 train=8.36766 val=None lr=0.0001248
2026-10-01 23:05:25,081 step=530 train=8.32666 val=None lr=0.0001272
2026-10-01 23:05:27,353 step=540 train=8.22523 val=None lr=0.0001296
2026-10-01 23:05:29,715 step=550 train=8.20261 val=None lr=0.000132
2026-10-01 23:05:31,046 step=560 train=8.08746 val=None lr=0.0001344
2026-10-01 23:05:33,621 step=570 train=8.03021 val=None lr=0.0001368
2026-10-01 23:05:36,067 step=580 train=7.94046 val=None lr=0.0001392
2026-10-01 23:05:38,563 step=590 train=7.87716 val=None lr=0.0001416
2026-10-01 23:05:43,723 step=600 train=7.76873 val=7.75852370262146 lr=0.000144
2026-10-01 23:05:46,118 step=610 train=7.69211 val=None lr=0.0001464
2026-10-01 23:05:48,532 step=620 train=7.55845 val=None lr=0.0001488
2026-10-01 23:05:50,804 step=630 train=7.50274 val=None lr=0.0001512
2026-10-01 23:05:53,088 step=640 train=7.39092 val=None lr=0.0001536
2026-10-01 23:05:55,744 step=650 train=7.35721 val=None lr=0.000156
2026-10-01 23:05:58,137 step=660 train=7.24796 val=None lr=0.0001584
2026-10-01 23:06:00,441 step=670 train=7.15128 val=None lr=0.0001608
2026-10-01 23:06:02,695 step=680 train=7.03173 val=None lr=0.0001632
2026-10-01 23:06:04,039 step=690 train=6.98668 val=None lr=0.0001656
2026-10-01 23:06:08,435 step=700 train=6.80317 val=6.801987528800964 lr=0.000168
2026-10-01 23:06:10,865 step=710 train=6.67958 val=None lr=0.0001704
2026-10-01 23:06:13,321 step=720 train=6.63500 val=None lr=0.0001728
2026-10-01 23:06:15,724 step=730 train=6.57846 val=None lr=0.0001752
2026-10-01 23:06:18,012 step=740 train=6.37908 val=None lr=0.0001776
2026-10-01 23:06:20,502 step=750 train=6.43121 val=None lr=0.00018
2026-10-01 23:06:23,003 step=760 train=6.29944 val=None lr=0.0001824
2026-10-01 23:06:25,246 step=770 train=6.18253 val=None lr=0.0001848
2026-10-01 23:06:27,591 step=780 train=6.18014 val=None lr=0.0001872
2026-10-01 23:06:29,848 step=790 train=6.15813 val=None lr=0.0001896
2026-10-01 23:06:33,611 step=800 train=6.12543 val=6.03088743686676 lr=0.000192
2026-10-01 23:06:36,144 step=810 train=6.02901 val=None lr=0.0001944
2026-10-01 23:06:38,436 step=820 train=6.03309 val=None lr=0.0001968
2026-10-01 23:06:40,754 step=830 train=5.86790 val=None lr=0.0001992
2026-10-01 23:06:43,283 step=840 train=6.01766 val=None lr=0.0002016
2026-10-01 23:06:45,776 step=850 train=5.89165 val=None lr=0.000204
2026-10-01 23:06:48,557 step=860 train=5.86321 val=None lr=0.0002064
2026-10-01 23:06:51,262 step=870 train=5.84821 val=None lr=0.0002088
2026-10-01 23:06:53,601 step=880 train=5.72451 val=None lr=0.0002112
2026-10-01 23:06:56,034 step=890 train=5.81531 val=None lr=0.0002136
2026-10-01 23:07:01,034 step=900 train=5.77180 val=5.702915525436401 lr=0.000216
2026-10-01 23:07:03,296 step=910 train=5.65725 val=None lr=0.0002184
2026-10-01 23:07:05,798 step=920 train=5.71845 val=None lr=0.0002208
2026-10-01 23:07:07,342 step=930 train=5.62758 val=None lr=0.0002232
2026-10-01 23:07:09,569 step=940 train=5.47905 val=None lr=0.0002256
2026-10-01 23:07:11,908 step=950 train=5.42188 val=None lr=0.000228
2026-10-01 23:07:14,172 step=960 train=5.44541 val=None lr=0.0002304
2026-10-01 23:07:16,474 step=970 train=5.61453 val=None lr=0.0002328
2026-10-01 23:07:18,823 step=980 train=5.47825 val=None lr=0.0002352
2026-10-01 23:07:21,310 step=990 train=5.26685 val=None lr=0.0002376
2026-10-01 23:07:25,951 step=1000 train=5.19916 val=5.269609880447388 lr=0.00024
2026-10-01 23:07:31,112 step=1010 train=5.33315 val=None lr=0.0002424
2026-10-01 23:07:33,795 step=1020 train=5.38949 val=None lr=0.0002448
2026-10-01 23:07:36,267 step=1030 train=5.07080 val=None lr=0.0002472
2026-10-01 23:07:37,635 step=1040 train=5.01829 val=None lr=0.0002496
2026-10-01 23:07:40,235 step=1050 train=4.92997 val=None lr=0.000252
2026-10-01 23:07:42,867 step=1060 train=4.75777 val=None lr=0.0002544
2026-10-01 23:07:45,356 step=1070 train=4.80086 val=None lr=0.0002568
2026-10-01 23:07:48,185 step=1080 train=4.74487 val=None lr=0.0002592
2026-10-01 23:07:50,732 step=1090 train=5.02585 val=None lr=0.0002616
2026-10-01 23:07:55,635 step=1100 train=4.69275 val=4.7892899990081785 lr=0.000264
2026-10-01 23:07:58,259 step=1110 train=5.00498 val=None lr=0.0002664
2026-10-01 23:08:00,801 step=1120 train=4.66401 val=None lr=0.0002688
2026-10-01 23:08:03,309 step=1130 train=4.63775 val=None lr=0.0002712
2026-10-01 23:08:05,632 step=1140 train=4.64261 val=None lr=0.0002736
2026-10-01 23:08:08,056 step=1150 train=4.59282 val=None lr=0.000276
2026-10-01 23:08:09,477 step=1160 train=4.71615 val=None lr=0.0002784
2026-10-01 23:08:11,713 step=1170 train=4.56473 val=None lr=0.0002808
2026-10-01 23:08:14,078 step=1180 train=4.49302 val=None lr=0.0002832
2026-10-01 23:08:16,340 step=1190 train=4.32841 val=None lr=0.0002856
2026-10-01 23:08:20,933 step=1200 train=4.58504 val=4.3831582307815555 lr=0.000288
2026-10-01 23:08:23,231 step=1210 train=4.62693 val=None lr=0.0002904
2026-10-01 23:08:25,639 step=1220 train=4.60041 val=None lr=0.0002928
2026-10-01 23:08:28,020 step=1230 train=4.52114 val=None lr=0.0002952
2026-10-01 23:08:30,451 step=1240 train=4.38183 val=None lr=0.0002976
2026-10-01 23:08:32,687 step=1250 train=4.20702 val=None lr=0.0003
2026-10-01 23:08:34,956 step=1260 train=4.04925 val=None lr=0.0003
2026-10-01 23:08:37,380 step=1270 train=4.13966 val=None lr=0.0003
2026-10-01 23:08:39,683 step=1280 train=4.18674 val=None lr=0.0003
2026-10-01 23:08:40,976 step=1290 train=4.17755 val=None lr=0.0003
2026-10-01 23:08:45,707 step=1300 train=4.15614 val=4.163199019432068 lr=0.0003
2026-10-01 23:08:48,080 step=1310 train=4.14144 val=None lr=0.000299999
2026-10-01 23:08:50,320 step=1320 train=4.38915 val=None lr=0.000299999
2026-10-01 23:08:52,785 step=1330 train=4.22455 val=None lr=0.000299999
2026-10-01 23:08:55,171 step=1340 train=4.13707 val=None lr=0.000299999
2026-10-01 23:08:57,705 step=1350 train=3.89599 val=None lr=0.000299998
2026-10-01 23:09:00,575 step=1360 train=4.07502 val=None lr=0.000299998
2026-10-01 23:09:02,908 step=1370 train=4.07425 val=None lr=0.000299997
2026-10-01 23:09:05,231 step=1380 train=4.11319 val=None lr=0.000299997
2026-10-01 23:09:07,557 step=1390 train=4.06227 val=None lr=0.000299997
2026-10-01 23:09:12,180 step=1400 train=4.13055 val=4.046956777572632 lr=0.000299996
2026-10-01 23:09:13,691 step=1410 train=4.06313 val=None lr=0.000299995
2026-10-01 23:09:16,061 step=1420 train=3.94354 val=None lr=0.000299995
2026-10-01 23:09:18,475 step=1430 train=4.06926 val=None lr=0.000299994
2026-10-01 23:09:20,776 step=1440 train=4.03517 val=None lr=0.000299994
2026-10-01 23:09:23,260 step=1450 train=4.09430 val=None lr=0.000299993
2026-10-01 23:09:25,839 step=1460 train=3.99811 val=None lr=0.000299992
2026-10-01 23:09:28,170 step=1470 train=3.95505 val=None lr=0.000299991
2026-10-01 23:09:30,851 step=1480 train=3.93081 val=None lr=0.000299991
2026-10-01 23:09:33,178 step=1490 train=4.01405 val=None lr=0.00029999
2026-10-01 23:09:37,808 step=1500 train=4.11584 val=3.9692941308021545 lr=0.000299989
2026-10-01 23:09:42,466 step=1510 train=4.13464 val=None lr=0.000299988
2026-10-01 23:09:44,064 step=1520 train=3.97005 val=None lr=0.000299987
2026-10-01 23:09:46,588 step=1530 train=4.04341 val=None lr=0.000299986
2026-10-01 23:09:49,337 step=1540 train=4.02354 val=None lr=0.000299985
2026-10-01 23:09:51,671 step=1550 train=3.78486 val=None lr=0.000299984
2026-10-01 23:09:54,105 step=1560 train=3.69224 val=None lr=0.000299983
2026-10-01 23:09:56,360 step=1570 train=4.40503 val=None lr=0.000299982
2026-10-01 23:09:58,833 step=1580 train=3.84142 val=None lr=0.000299981
2026-10-01 23:10:01,350 step=1590 train=4.04908 val=None lr=0.000299979
2026-10-01 23:10:06,166 step=1600 train=3.85714 val=3.913439619541168 lr=0.000299978
2026-10-01 23:10:08,720 step=1610 train=3.97161 val=None lr=0.000299977
2026-10-01 23:10:11,295 step=1620 train=3.84115 val=None lr=0.000299976
2026-10-01 23:10:13,814 step=1630 train=3.61012 val=None lr=0.000299974
2026-10-01 23:10:15,259 step=1640 train=3.62968 val=None lr=0.000299973
2026-10-01 23:10:17,678 step=1650 train=4.10116 val=None lr=0.000299972
2026-10-01 23:10:20,043 step=1660 train=3.88816 val=None lr=0.00029997
2026-10-01 23:10:22,389 step=1670 train=3.91883 val=None lr=0.000299969
2026-10-01 23:10:24,802 step=1680 train=4.03015 val=None lr=0.000299967
2026-10-01 23:10:27,603 step=1690 train=3.99289 val=None lr=0.000299966
2026-10-01 23:10:32,118 step=1700 train=4.00362 val=3.867712366580963 lr=0.000299964
2026-10-01 23:10:34,499 step=1710 train=3.89874 val=None lr=0.000299962
2026-10-01 23:10:36,945 step=1720 train=3.66420 val=None lr=0.000299961
2026-10-01 23:10:39,322 step=1730 train=3.93359 val=None lr=0.000299959
2026-10-01 23:10:41,829 step=1740 train=3.84093 val=None lr=0.000299957
2026-10-01 23:10:44,167 step=1750 train=4.06506 val=None lr=0.000299956
2026-10-01 23:10:46,420 step=1760 train=4.03224 val=None lr=0.000299954
2026-10-01 23:10:47,733 step=1770 train=3.88201 val=None lr=0.000299952
2026-10-01 23:10:50,255 step=1780 train=4.15296 val=None lr=0.00029995
2026-10-01 23:10:52,734 step=1790 train=3.96750 val=None lr=0.000299948
2026-10-01 23:10:57,345 step=1800 train=4.01117 val=3.8358094453811646 lr=0.000299946
2026-10-01 23:10:59,801 step=1810 train=4.01394 val=None lr=0.000299944
2026-10-01 23:11:02,322 step=1820 train=4.10376 val=None lr=0.000299942
2026-10-01 23:11:04,726 step=1830 train=3.61643 val=None lr=0.00029994
2026-10-01 23:11:07,255 step=1840 train=3.82785 val=None lr=0.000299938
2026-10-01 23:11:09,718 step=1850 train=3.68290 val=None lr=0.000299936
2026-10-01 23:11:12,015 step=1860 train=3.83928 val=None lr=0.000299934
2026-10-01 23:11:14,360 step=1870 train=3.58685 val=None lr=0.000299932
2026-10-01 23:11:16,836 step=1880 train=3.84938 val=None lr=0.00029993
2026-10-01 23:11:18,175 step=1890 train=4.16942 val=None lr=0.000299927
2026-10-01 23:11:22,669 step=1900 train=3.63455 val=3.791193723678589 lr=0.000299925
2026-10-01 23:11:25,060 step=1910 train=3.92778 val=None lr=0.000299923
2026-10-01 23:11:27,353 step=1920 train=3.68626 val=None lr=0.00029992
2026-10-01 23:11:30,051 step=1930 train=3.85396 val=None lr=0.000299918
2026-10-01 23:11:32,383 step=1940 train=3.90885 val=None lr=0.000299915
2026-10-01 23:11:34,715 step=1950 train=3.70353 val=None lr=0.000299913
2026-10-01 23:11:37,416 step=1960 train=3.96097 val=None lr=0.00029991
2026-10-01 23:11:39,951 step=1970 train=3.86414 val=None lr=0.000299908
2026-10-01 23:11:42,413 step=1980 train=3.89294 val=None lr=0.000299905
2026-10-01 23:11:44,798 step=1990 train=3.49787 val=None lr=0.000299903
2026-10-01 23:11:49,459 step=2000 train=3.89857 val=3.7421663999557495 lr=0.0002999
2026-10-01 23:11:54,027 step=2010 train=3.81596 val=None lr=0.000299897
2026-10-01 23:11:56,411 step=2020 train=3.75883 val=None lr=0.000299895
2026-10-01 23:11:58,828 step=2030 train=3.60297 val=None lr=0.000299892
2026-10-01 23:12:01,457 step=2040 train=3.85029 val=None lr=0.000299889
2026-10-01 23:12:03,838 step=2050 train=3.83896 val=None lr=0.000299886
2026-10-01 23:12:06,121 step=2060 train=3.69593 val=None lr=0.000299884
2026-10-01 23:12:08,587 step=2070 train=3.85944 val=None lr=0.000299881
2026-10-01 23:12:11,118 step=2080 train=3.77417 val=None lr=0.000299878
2026-10-01 23:12:13,591 step=2090 train=3.63236 val=None lr=0.000299875
2026-10-01 23:12:18,273 step=2100 train=3.66988 val=3.6783697485923765 lr=0.000299872
2026-10-01 23:12:20,645 step=2110 train=3.79523 val=None lr=0.000299869
2026-10-01 23:12:21,980 step=2120 train=3.56713 val=None lr=0.000299866
2026-10-01 23:12:24,549 step=2130 train=3.65519 val=None lr=0.000299863
2026-10-01 23:12:27,034 step=2140 train=3.50343 val=None lr=0.000299859
2026-10-01 23:12:29,442 step=2150 train=3.30269 val=None lr=0.000299856
2026-10-01 23:12:32,308 step=2160 train=3.82534 val=None lr=0.000299853
2026-10-01 23:12:34,662 step=2170 train=3.56499 val=None lr=0.00029985
2026-10-01 23:12:37,005 step=2180 train=3.69902 val=None lr=0.000299846
2026-10-01 23:12:39,404 step=2190 train=3.74729 val=None lr=0.000299843
2026-10-01 23:12:44,127 step=2200 train=3.48478 val=3.596768522262573 lr=0.00029984
2026-10-01 23:12:46,578 step=2210 train=3.56132 val=None lr=0.000299836
2026-10-01 23:12:49,157 step=2220 train=3.64708 val=None lr=0.000299833
2026-10-01 23:12:51,616 step=2230 train=3.73651 val=None lr=0.000299829
2026-10-01 23:12:53,021 step=2240 train=3.59439 val=None lr=0.000299826
2026-10-01 23:12:55,447 step=2250 train=3.58870 val=None lr=0.000299822
2026-10-01 23:12:57,824 step=2260 train=3.45089 val=None lr=0.000299819
2026-10-01 23:13:00,118 step=2270 train=3.73583 val=None lr=0.000299815
2026-10-01 23:13:02,641 step=2280 train=3.51751 val=None lr=0.000299812
2026-10-01 23:13:04,967 step=2290 train=3.46038 val=None lr=0.000299808
2026-10-01 23:13:09,512 step=2300 train=3.60506 val=3.5019126892089845 lr=0.000299804
2026-10-01 23:13:12,035 step=2310 train=3.45554 val=None lr=0.000299801
2026-10-01 23:13:14,461 step=2320 train=3.89996 val=None lr=0.000299797
2026-10-01 23:13:16,761 step=2330 train=3.62544 val=None lr=0.000299793
2026-10-01 23:13:19,016 step=2340 train=3.30532 val=None lr=0.000299789
2026-10-01 23:13:21,334 step=2350 train=3.54870 val=None lr=0.000299785
2026-10-01 23:13:23,746 step=2360 train=3.63860 val=None lr=0.000299781
2026-10-01 23:13:25,119 step=2370 train=3.36055 val=None lr=0.000299777
2026-10-01 23:13:27,560 step=2380 train=3.63525 val=None lr=0.000299773
2026-10-01 23:13:29,848 step=2390 train=3.53928 val=None lr=0.000299769
2026-10-01 23:13:34,137 step=2400 train=3.39464 val=3.4190850257873535 lr=0.000299765
2026-10-01 23:13:36,563 step=2410 train=3.61051 val=None lr=0.000299761
2026-10-01 23:13:39,073 step=2420 train=3.31688 val=None lr=0.000299757
2026-10-01 23:13:41,344 step=2430 train=3.41791 val=None lr=0.000299753
2026-10-01 23:13:43,569 step=2440 train=3.54817 val=None lr=0.000299749
2026-10-01 23:13:45,837 step=2450 train=3.63896 val=None lr=0.000299744
2026-10-01 23:13:48,257 step=2460 train=3.22516 val=None lr=0.00029974
2026-10-01 23:13:50,541 step=2470 train=3.26093 val=None lr=0.000299736
2026-10-01 23:13:52,838 step=2480 train=3.55955 val=None lr=0.000299731
2026-10-01 23:13:55,147 step=2490 train=3.42341 val=None lr=0.000299727
2026-10-01 23:13:58,635 step=2500 train=3.41234 val=3.36045663356781 lr=0.000299723
2026-10-01 23:14:04,199 step=2510 train=3.56938 val=None lr=0.000299718
2026-10-01 23:14:06,668 step=2520 train=3.61809 val=None lr=0.000299714
2026-10-01 23:14:08,949 step=2530 train=3.26934 val=None lr=0.000299709
2026-10-01 23:14:11,563 step=2540 train=3.17731 val=None lr=0.000299705
2026-10-01 23:14:14,166 step=2550 train=3.38680 val=None lr=0.0002997
2026-10-01 23:14:16,584 step=2560 train=3.14326 val=None lr=0.000299695
2026-10-01 23:14:18,921 step=2570 train=3.32728 val=None lr=0.000299691
2026-10-01 23:14:21,196 step=2580 train=3.14773 val=None lr=0.000299686
2026-10-01 23:14:23,506 step=2590 train=3.37757 val=None lr=0.000299681
2026-10-01 23:14:27,348 step=2600 train=3.32924 val=3.304311656951904 lr=0.000299676
2026-10-01 23:14:30,370 step=2610 train=3.48734 val=None lr=0.000299672
2026-10-01 23:14:32,883 step=2620 train=3.34699 val=None lr=0.000299667
2026-10-01 23:14:35,360 step=2630 train=3.48796 val=None lr=0.000299662
2026-10-01 23:14:37,707 step=2640 train=3.19769 val=None lr=0.000299657
2026-10-01 23:14:40,651 step=2650 train=3.25111 val=None lr=0.000299652
2026-10-01 23:14:43,137 step=2660 train=3.50732 val=None lr=0.000299647
2026-10-01 23:14:45,748 step=2670 train=3.17109 val=None lr=0.000299642
2026-10-01 23:14:48,407 step=2680 train=3.45042 val=None lr=0.000299637
2026-10-01 23:14:50,962 step=2690 train=3.57853 val=None lr=0.000299632
2026-10-01 23:14:55,921 step=2700 train=3.47064 val=3.2410773038864136 lr=0.000299627
2026-10-01 23:14:58,247 step=2710 train=3.52015 val=None lr=0.000299622
2026-10-01 23:14:59,885 step=2720 train=3.44505 val=None lr=0.000299616
2026-10-01 23:15:02,379 step=2730 train=3.15295 val=None lr=0.000299611
2026-10-01 23:15:04,732 step=2740 train=3.15985 val=None lr=0.000299606
2026-10-01 23:15:07,324 step=2750 train=3.43442 val=None lr=0.000299601
2026-10-01 23:15:09,879 step=2760 train=3.33714 val=None lr=0.000299595
2026-10-01 23:15:12,215 step=2770 train=3.37869 val=None lr=0.00029959
2026-10-01 23:15:14,822 step=2780 train=3.28910 val=None lr=0.000299585
2026-10-01 23:15:17,287 step=2790 train=3.18047 val=None lr=0.000299579
2026-10-01 23:15:22,212 step=2800 train=3.20887 val=3.1894405364990233 lr=0.000299574
2026-10-01 23:15:24,642 step=2810 train=3.20950 val=None lr=0.000299568
2026-10-01 23:15:26,929 step=2820 train=3.18183 val=None lr=0.000299563
2026-10-01 23:15:29,365 step=2830 train=3.22378 val=None lr=0.000299557
2026-10-01 23:15:30,869 step=2840 train=3.29928 val=None lr=0.000299551
2026-10-01 23:15:33,391 step=2850 train=3.12233 val=None lr=0.000299546
2026-10-01 23:15:35,966 step=2860 train=3.26903 val=None lr=0.00029954
2026-10-01 23:15:38,376 step=2870 train=3.19682 val=None lr=0.000299534
2026-10-01 23:15:40,948 step=2880 train=3.03052 val=None lr=0.000299528
2026-10-01 23:15:43,289 step=2890 train=3.55325 val=None lr=0.000299523
2026-10-01 23:15:48,085 step=2900 train=3.37668 val=3.1407967090606688 lr=0.000299517
2026-10-01 23:15:50,582 step=2910 train=3.19113 val=None lr=0.000299511
2026-10-01 23:15:53,214 step=2920 train=3.17709 val=None lr=0.000299505
2026-10-01 23:15:55,699 step=2930 train=3.04802 val=None lr=0.000299499
2026-10-01 23:15:58,330 step=2940 train=3.38207 val=None lr=0.000299493
2026-10-01 23:16:00,874 step=2950 train=3.16798 val=None lr=0.000299487
2026-10-01 23:16:02,325 step=2960 train=3.33799 val=None lr=0.000299481
2026-10-01 23:16:04,887 step=2970 train=3.51751 val=None lr=0.000299475
2026-10-01 23:16:07,332 step=2980 train=3.15020 val=None lr=0.000299469
2026-10-01 23:16:09,759 step=2990 train=2.89431 val=None lr=0.000299463
2026-10-01 23:16:14,369 step=3000 train=3.44486 val=3.096542203426361 lr=0.000299457
2026-10-01 23:16:19,479 step=3010 train=3.00444 val=None lr=0.00029945
2026-10-01 23:16:21,998 step=3020 train=3.31297 val=None lr=0.000299444
2026-10-01 23:16:24,429 step=3030 train=2.94403 val=None lr=0.000299438
2026-10-01 23:16:27,002 step=3040 train=3.04886 val=None lr=0.000299431
2026-10-01 23:16:29,451 step=3050 train=3.33782 val=None lr=0.000299425
2026-10-01 23:16:32,098 step=3060 train=3.14735 val=None lr=0.000299419
2026-10-01 23:16:33,420 step=3070 train=2.95785 val=None lr=0.000299412
2026-10-01 23:16:35,891 step=3080 train=3.03226 val=None lr=0.000299406
2026-10-01 23:16:38,511 step=3090 train=3.01976 val=None lr=0.000299399
2026-10-01 23:16:42,963 step=3100 train=3.05491 val=3.0545612573623657 lr=0.000299393
2026-10-01 23:16:45,565 step=3110 train=3.34841 val=None lr=0.000299386
2026-10-01 23:16:48,029 step=3120 train=2.92885 val=None lr=0.00029938
2026-10-01 23:16:50,465 step=3130 train=3.23294 val=None lr=0.000299373
2026-10-01 23:16:52,936 step=3140 train=3.03187 val=None lr=0.000299366
2026-10-01 23:16:55,182 step=3150 train=3.24741 val=None lr=0.000299359
2026-10-01 23:16:57,459 step=3160 train=3.14565 val=None lr=0.000299353
2026-10-01 23:16:59,693 step=3170 train=3.06754 val=None lr=0.000299346
2026-10-01 23:17:01,973 step=3180 train=3.14906 val=None lr=0.000299339
2026-10-01 23:17:04,387 step=3190 train=3.22772 val=None lr=0.000299332
2026-10-01 23:17:07,715 step=3200 train=3.10440 val=3.014104413986206 lr=0.000299325
2026-10-01 23:17:10,014 step=3210 train=2.96959 val=None lr=0.000299318
2026-10-01 23:17:12,507 step=3220 train=3.05332 val=None lr=0.000299311
2026-10-01 23:17:15,140 step=3230 train=2.91772 val=None lr=0.000299304
2026-10-01 23:17:17,598 step=3240 train=3.02808 val=None lr=0.000299297
2026-10-01 23:17:19,947 step=3250 train=3.11613 val=None lr=0.00029929
2026-10-01 23:17:22,409 step=3260 train=2.89188 val=None lr=0.000299283
2026-10-01 23:17:24,731 step=3270 train=3.01949 val=None lr=0.000299276
2026-10-01 23:17:27,222 step=3280 train=3.03273 val=None lr=0.000299269
2026-10-01 23:17:29,614 step=3290 train=3.20374 val=None lr=0.000299262
2026-10-01 23:17:34,197 step=3300 train=3.23414 val=2.9840168595314025 lr=0.000299254
2026-10-01 23:17:36,529 step=3310 train=3.16424 val=None lr=0.000299247
2026-10-01 23:17:37,861 step=3320 train=2.97888 val=None lr=0.00029924
2026-10-01 23:17:40,384 step=3330 train=2.85719 val=None lr=0.000299232
2026-10-01 23:17:43,062 step=3340 train=2.97467 val=None lr=0.000299225
2026-10-01 23:17:45,541 step=3350 train=3.04063 val=None lr=0.000299218
2026-10-01 23:17:48,071 step=3360 train=2.93073 val=None lr=0.00029921
2026-10-01 23:17:50,367 step=3370 train=3.04128 val=None lr=0.000299203
2026-10-01 23:17:52,736 step=3380 train=2.82965 val=None lr=0.000299195
2026-10-01 23:17:55,249 step=3390 train=2.84267 val=None lr=0.000299188
2026-10-01 23:17:59,773 step=3400 train=2.91931 val=2.9533587217330934 lr=0.00029918
2026-10-01 23:18:02,325 step=3410 train=3.11312 val=None lr=0.000299172
2026-10-01 23:18:04,643 step=3420 train=3.30564 val=None lr=0.000299165
2026-10-01 23:18:07,188 step=3430 train=3.14614 val=None lr=0.000299157
2026-10-01 23:18:08,667 step=3440 train=2.92225 val=None lr=0.000299149
2026-10-01 23:18:11,002 step=3450 train=3.01589 val=None lr=0.000299141
2026-10-01 23:18:13,321 step=3460 train=2.96168 val=None lr=0.000299134
2026-10-01 23:18:15,874 step=3470 train=2.82210 val=None lr=0.000299126
2026-10-01 23:18:18,254 step=3480 train=2.86571 val=None lr=0.000299118
2026-10-01 23:18:20,733 step=3490 train=2.92209 val=None lr=0.00029911
2026-10-01 23:18:25,283 step=3500 train=3.08665 val=2.9199580907821656 lr=0.000299102
2026-10-01 23:18:29,854 step=3510 train=3.09281 val=None lr=0.000299094
2026-10-01 23:18:32,261 step=3520 train=2.81809 val=None lr=0.000299086
2026-10-01 23:18:34,641 step=3530 train=2.90005 val=None lr=0.000299078
2026-10-01 23:18:36,903 step=3540 train=2.81214 val=None lr=0.00029907
2026-10-01 23:18:39,390 step=3550 train=3.12057 val=None lr=0.000299062
2026-10-01 23:18:40,912 step=3560 train=3.12049 val=None lr=0.000299054
2026-10-01 23:18:43,418 step=3570 train=2.95425 val=None lr=0.000299045
2026-10-01 23:18:45,920 step=3580 train=3.17573 val=None lr=0.000299037
2026-10-01 23:18:48,609 step=3590 train=2.81945 val=None lr=0.000299029
2026-10-01 23:18:53,632 step=3600 train=3.02484 val=2.8997541308403014 lr=0.000299021
2026-10-01 23:18:56,221 step=3610 train=2.73947 val=None lr=0.000299012
2026-10-01 23:18:58,777 step=3620 train=2.98535 val=None lr=0.000299004
2026-10-01 23:19:01,372 step=3630 train=2.97225 val=None lr=0.000298995
2026-10-01 23:19:04,262 step=3640 train=3.06169 val=None lr=0.000298987
2026-10-01 23:19:06,598 step=3650 train=2.76987 val=None lr=0.000298978
2026-10-01 23:19:08,909 step=3660 train=2.82252 val=None lr=0.00029897
2026-10-01 23:19:11,393 step=3670 train=2.84219 val=None lr=0.000298961
2026-10-01 23:19:12,831 step=3680 train=2.95520 val=None lr=0.000298953
2026-10-01 23:19:15,163 step=3690 train=2.77302 val=None lr=0.000298944
2026-10-01 23:19:19,561 step=3700 train=2.93235 val=2.8692817807197573 lr=0.000298935
2026-10-01 23:19:21,942 step=3710 train=2.84887 val=None lr=0.000298927
2026-10-01 23:19:24,452 step=3720 train=3.00664 val=None lr=0.000298918
2026-10-01 23:19:26,998 step=3730 train=2.82226 val=None lr=0.000298909
2026-10-01 23:19:29,314 step=3740 train=3.23992 val=None lr=0.0002989
2026-10-01 23:19:31,931 step=3750 train=2.98853 val=None lr=0.000298892
2026-10-01 23:19:34,344 step=3760 train=2.72146 val=None lr=0.000298883
2026-10-01 23:19:36,837 step=3770 train=3.00582 val=None lr=0.000298874
2026-10-01 23:19:39,483 step=3780 train=2.70182 val=None lr=0.000298865
2026-10-01 23:19:42,005 step=3790 train=2.82943 val=None lr=0.000298856
2026-10-01 23:19:45,448 step=3800 train=3.06604 val=2.8462226390838623 lr=0.000298847
2026-10-01 23:19:48,014 step=3810 train=2.85572 val=None lr=0.000298838
2026-10-01 23:19:50,635 step=3820 train=2.99895 val=None lr=0.000298829
2026-10-01 23:19:53,301 step=3830 train=2.92854 val=None lr=0.00029882
2026-10-01 23:19:55,726 step=3840 train=2.78961 val=None lr=0.000298811
2026-10-01 23:19:58,065 step=3850 train=2.73842 val=None lr=0.000298801
2026-10-01 23:20:00,385 step=3860 train=3.07259 val=None lr=0.000298792
2026-10-01 23:20:02,663 step=3870 train=2.81208 val=None lr=0.000298783
2026-10-01 23:20:04,965 step=3880 train=2.97372 val=None lr=0.000298774
2026-10-01 23:20:07,323 step=3890 train=3.25296 val=None lr=0.000298764
2026-10-01 23:20:11,622 step=3900 train=3.18086 val=2.8238032817840577 lr=0.000298755
2026-10-01 23:20:14,243 step=3910 train=2.72257 val=None lr=0.000298745
2026-10-01 23:20:15,649 step=3920 train=3.00379 val=None lr=0.000298736
2026-10-01 23:20:18,117 step=3930 train=2.78230 val=None lr=0.000298727
2026-10-01 23:20:20,614 step=3940 train=2.81324 val=None lr=0.000298717
2026-10-01 23:20:23,078 step=3950 train=2.74667 val=None lr=0.000298708
2026-10-01 23:20:25,557 step=3960 train=2.81012 val=None lr=0.000298698
2026-10-01 23:20:28,030 step=3970 train=2.70859 val=None lr=0.000298688
2026-10-01 23:20:30,597 step=3980 train=3.16739 val=None lr=0.000298679
2026-10-01 23:20:33,346 step=3990 train=2.61287 val=None lr=0.000298669
2026-10-01 23:20:37,785 step=4000 train=2.75189 val=2.7999906659126284 lr=0.000298659
2026-10-01 23:20:42,461 step=4010 train=2.82480 val=None lr=0.00029865
2026-10-01 23:20:44,824 step=4020 train=2.89870 val=None lr=0.00029864
2026-10-01 23:20:46,151 step=4030 train=3.02570 val=None lr=0.00029863
2026-10-01 23:20:48,440 step=4040 train=3.06790 val=None lr=0.00029862
2026-10-01 23:20:50,930 step=4050 train=2.65134 val=None lr=0.00029861
2026-10-01 23:20:53,484 step=4060 train=3.11041 val=None lr=0.0002986
2026-10-01 23:20:56,001 step=4070 train=2.86894 val=None lr=0.00029859
2026-10-01 23:20:58,800 step=4080 train=2.87639 val=None lr=0.00029858
2026-10-01 23:21:01,409 step=4090 train=2.77453 val=None lr=0.00029857
2026-10-01 23:21:05,995 step=4100 train=2.95452 val=2.777148222923279 lr=0.00029856
2026-10-01 23:21:08,370 step=4110 train=3.01541 val=None lr=0.00029855
2026-10-01 23:21:10,946 step=4120 train=2.70828 val=None lr=0.00029854
2026-10-01 23:21:13,425 step=4130 train=2.81148 val=None lr=0.00029853
2026-10-01 23:21:15,707 step=4140 train=2.79950 val=None lr=0.00029852
2026-10-01 23:21:17,342 step=4150 train=2.81561 val=None lr=0.000298509
2026-10-01 23:21:19,685 step=4160 train=2.64277 val=None lr=0.000298499
2026-10-01 23:21:22,214 step=4170 train=2.86428 val=None lr=0.000298489
2026-10-01 23:21:24,527 step=4180 train=2.88920 val=None lr=0.000298478
2026-10-01 23:21:27,004 step=4190 train=2.58342 val=None lr=0.000298468
2026-10-01 23:21:31,597 step=4200 train=2.88889 val=2.7516868233680727 lr=0.000298458
2026-10-01 23:21:34,115 step=4210 train=3.04878 val=None lr=0.000298447
2026-10-01 23:21:36,743 step=4220 train=2.78291 val=None lr=0.000298437
2026-10-01 23:21:39,240 step=4230 train=2.86819 val=None lr=0.000298426
2026-10-01 23:21:41,647 step=4240 train=2.77435 val=None lr=0.000298416
2026-10-01 23:21:43,899 step=4250 train=3.11594 val=None lr=0.000298405
2026-10-01 23:21:46,298 step=4260 train=2.83846 val=None lr=0.000298394
2026-10-01 23:21:48,725 step=4270 train=2.86853 val=None lr=0.000298384
2026-10-01 23:21:50,106 step=4280 train=2.81418 val=None lr=0.000298373
2026-10-01 23:21:52,615 step=4290 train=2.82285 val=None lr=0.000298362
2026-10-01 23:21:57,074 step=4300 train=2.78971 val=2.727479338645935 lr=0.000298351
2026-10-01 23:21:59,517 step=4310 train=2.81896 val=None lr=0.000298341
2026-10-01 23:22:01,898 step=4320 train=3.31680 val=None lr=0.00029833
2026-10-01 23:22:04,473 step=4330 train=2.85769 val=None lr=0.000298319
2026-10-01 23:22:06,810 step=4340 train=2.70375 val=None lr=0.000298308
2026-10-01 23:22:09,224 step=4350 train=2.82278 val=None lr=0.000298297
2026-10-01 23:22:11,684 step=4360 train=2.55645 val=None lr=0.000298286
2026-10-01 23:22:14,045 step=4370 train=2.80386 val=None lr=0.000298275
2026-10-01 23:22:16,936 step=4380 train=2.52909 val=None lr=0.000298264
2026-10-01 23:22:19,404 step=4390 train=2.98446 val=None lr=0.000298253
2026-10-01 23:22:23,032 step=4400 train=2.69374 val=2.7087177872657775 lr=0.000298242
2026-10-01 23:22:25,392 step=4410 train=2.55886 val=None lr=0.000298231
2026-10-01 23:22:27,797 step=4420 train=2.52551 val=None lr=0.000298219
2026-10-01 23:22:30,292 step=4430 train=2.98773 val=None lr=0.000298208
2026-10-01 23:22:32,635 step=4440 train=2.84942 val=None lr=0.000298197
2026-10-01 23:22:35,097 step=4450 train=2.87037 val=None lr=0.000298186
2026-10-01 23:22:37,525 step=4460 train=2.58540 val=None lr=0.000298174
2026-10-01 23:22:39,780 step=4470 train=2.86367 val=None lr=0.000298163
2026-10-01 23:22:42,246 step=4480 train=2.79255 val=None lr=0.000298152
2026-10-01 23:22:44,914 step=4490 train=2.87422 val=None lr=0.00029814
2026-10-01 23:22:49,428 step=4500 train=2.58937 val=2.688404452800751 lr=0.000298129
2026-10-01 23:22:53,451 step=4510 train=2.76881 val=None lr=0.000298117
2026-10-01 23:22:55,953 step=4520 train=2.69138 val=None lr=0.000298106
2026-10-01 23:22:58,299 step=4530 train=2.77667 val=None lr=0.000298094
2026-10-01 23:23:00,588 step=4540 train=2.69151 val=None lr=0.000298082
2026-10-01 23:23:03,512 step=4550 train=2.45121 val=None lr=0.000298071
2026-10-01 23:23:06,090 step=4560 train=2.78958 val=None lr=0.000298059
2026-10-01 23:23:08,631 step=4570 train=2.74739 val=None lr=0.000298047
2026-10-01 23:23:11,093 step=4580 train=2.58790 val=None lr=0.000298036
2026-10-01 23:23:13,546 step=4590 train=2.75141 val=None lr=0.000298024
2026-10-01 23:23:18,196 step=4600 train=2.71609 val=2.6703038930892946 lr=0.000298012
2026-10-01 23:23:20,561 step=4610 train=3.00005 val=None lr=0.000298
2026-10-01 23:23:22,848 step=4620 train=2.76739 val=None lr=0.000297988
2026-10-01 23:23:24,117 step=4630 train=3.04167 val=None lr=0.000297976
2026-10-01 23:23:26,400 step=4640 train=2.87526 val=None lr=0.000297964
2026-10-01 23:23:28,794 step=4650 train=2.71331 val=None lr=0.000297952
2026-10-01 23:23:31,242 step=4660 train=2.63156 val=None lr=0.00029794
2026-10-01 23:23:33,483 step=4670 train=2.71003 val=None lr=0.000297928
2026-10-01 23:23:35,730 step=4680 train=2.80146 val=None lr=0.000297916
2026-10-01 23:23:37,991 step=4690 train=2.54683 val=None lr=0.000297904
2026-10-01 23:23:42,419 step=4700 train=2.87417 val=2.6547338724136353 lr=0.000297892
2026-10-01 23:23:44,809 step=4710 train=2.71783 val=None lr=0.00029788
2026-10-01 23:23:47,452 step=4720 train=2.66439 val=None lr=0.000297867
2026-10-01 23:23:49,799 step=4730 train=2.60483 val=None lr=0.000297855
2026-10-01 23:23:52,125 step=4740 train=2.95783 val=None lr=0.000297843
2026-10-01 23:23:54,711 step=4750 train=2.86301 val=None lr=0.00029783
2026-10-01 23:23:56,028 step=4760 train=2.59561 val=None lr=0.000297818
2026-10-01 23:23:58,287 step=4770 train=2.57691 val=None lr=0.000297806
2026-10-01 23:24:00,571 step=4780 train=2.94959 val=None lr=0.000297793
2026-10-01 23:24:02,826 step=4790 train=2.67497 val=None lr=0.000297781
2026-10-01 23:24:07,323 step=4800 train=3.04887 val=2.6442527413368224 lr=0.000297768
2026-10-01 23:24:10,020 step=4810 train=2.65126 val=None lr=0.000297756
2026-10-01 23:24:12,450 step=4820 train=2.78673 val=None lr=0.000297743
2026-10-01 23:24:14,807 step=4830 train=2.67842 val=None lr=0.00029773
2026-10-01 23:24:17,201 step=4840 train=2.60449 val=None lr=0.000297718
2026-10-01 23:24:19,534 step=4850 train=2.80645 val=None lr=0.000297705
2026-10-01 23:24:21,932 step=4860 train=2.49781 val=None lr=0.000297692
2026-10-01 23:24:24,175 step=4870 train=2.52889 val=None lr=0.00029768
2026-10-01 23:24:26,423 step=4880 train=2.64032 val=None lr=0.000297667
2026-10-01 23:24:27,766 step=4890 train=2.55063 val=None lr=0.000297654
2026-10-01 23:24:32,333 step=4900 train=2.57163 val=2.620142638683319 lr=0.000297641
2026-10-01 23:24:34,824 step=4910 train=2.73957 val=None lr=0.000297628
2026-10-01 23:24:37,412 step=4920 train=2.65848 val=None lr=0.000297615
2026-10-01 23:24:40,074 step=4930 train=2.83179 val=None lr=0.000297602
2026-10-01 23:24:42,470 step=4940 train=2.81275 val=None lr=0.000297589
2026-10-01 23:24:44,854 step=4950 train=2.55542 val=None lr=0.000297576
2026-10-01 23:24:47,194 step=4960 train=2.27344 val=None lr=0.000297563
2026-10-01 23:24:49,746 step=4970 train=2.63859 val=None lr=0.00029755
2026-10-01 23:24:52,130 step=4980 train=2.42950 val=None lr=0.000297537
2026-10-01 23:24:54,600 step=4990 train=2.86988 val=None lr=0.000297524
2026-10-01 23:24:57,907 step=5000 train=2.91660 val=2.603924560546875 lr=0.00029751
2026-10-01 23:25:02,720 step=5010 train=2.64475 val=None lr=0.000297497
2026-10-01 23:25:05,233 step=5020 train=2.77695 val=None lr=0.000297484
2026-10-01 23:25:07,492 step=5030 train=2.76833 val=None lr=0.000297471
2026-10-01 23:25:09,861 step=5040 train=2.62244 val=None lr=0.000297457
2026-10-01 23:25:12,440 step=5050 train=2.68571 val=None lr=0.000297444
2026-10-01 23:25:14,862 step=5060 train=2.94385 val=None lr=0.00029743
2026-10-01 23:25:17,430 step=5070 train=2.65789 val=None lr=0.000297417
2026-10-01 23:25:19,821 step=5080 train=3.04845 val=None lr=0.000297403
2026-10-01 23:25:22,153 step=5090 train=2.59504 val=None lr=0.00029739
2026-10-01 23:25:26,709 step=5100 train=2.84856 val=2.5891512870788573 lr=0.000297376
2026-10-01 23:25:29,252 step=5110 train=2.75933 val=None lr=0.000297363
2026-10-01 23:25:30,646 step=5120 train=2.73136 val=None lr=0.000297349
2026-10-01 23:25:33,122 step=5130 train=2.45865 val=None lr=0.000297335
2026-10-01 23:25:35,573 step=5140 train=2.60830 val=None lr=0.000297322
2026-10-01 23:25:37,839 step=5150 train=2.73756 val=None lr=0.000297308
2026-10-01 23:25:40,273 step=5160 train=2.80300 val=None lr=0.000297294
2026-10-01 23:25:42,702 step=5170 train=2.48715 val=None lr=0.00029728
2026-10-01 23:25:45,059 step=5180 train=2.73325 val=None lr=0.000297267
2026-10-01 23:25:47,387 step=5190 train=2.42543 val=None lr=0.000297253
2026-10-01 23:25:51,720 step=5200 train=2.91347 val=2.5740054130554197 lr=0.000297239
2026-10-01 23:25:54,056 step=5210 train=2.40950 val=None lr=0.000297225
2026-10-01 23:25:56,600 step=5220 train=2.84295 val=None lr=0.000297211
2026-10-01 23:25:59,171 step=5230 train=2.61721 val=None lr=0.000297197
2026-10-01 23:26:00,737 step=5240 train=2.68824 val=None lr=0.000297183
2026-10-01 23:26:03,177 step=5250 train=2.53452 val=None lr=0.000297169
2026-10-01 23:26:05,534 step=5260 train=2.52016 val=None lr=0.000297155
2026-10-01 23:26:07,898 step=5270 train=2.69554 val=None lr=0.00029714
2026-10-01 23:26:10,165 step=5280 train=2.92792 val=None lr=0.000297126
2026-10-01 23:26:12,713 step=5290 train=2.65813 val=None lr=0.000297112
2026-10-01 23:26:17,320 step=5300 train=2.82895 val=2.5563871264457703 lr=0.000297098
2026-10-01 23:26:19,733 step=5310 train=2.53426 val=None lr=0.000297083
2026-10-01 23:26:22,040 step=5320 train=2.71150 val=None lr=0.000297069
2026-10-01 23:26:24,429 step=5330 train=2.63935 val=None lr=0.000297055
2026-10-01 23:26:26,756 step=5340 train=2.53749 val=None lr=0.00029704
2026-10-01 23:26:29,135 step=5350 train=2.46369 val=None lr=0.000297026
2026-10-01 23:26:31,671 step=5360 train=2.81205 val=None lr=0.000297011
2026-10-01 23:26:33,305 step=5370 train=2.65505 val=None lr=0.000296997
2026-10-01 23:26:35,668 step=5380 train=2.49104 val=None lr=0.000296982
2026-10-01 23:26:38,220 step=5390 train=2.60866 val=None lr=0.000296968
2026-10-01 23:26:43,004 step=5400 train=2.64016 val=2.551852262020111 lr=0.000296953
2026-10-01 23:26:45,317 step=5410 train=2.71014 val=None lr=0.000296939
2026-10-01 23:26:47,865 step=5420 train=2.43091 val=None lr=0.000296924
2026-10-01 23:26:50,246 step=5430 train=2.75262 val=None lr=0.000296909
2026-10-01 23:26:52,767 step=5440 train=2.63456 val=None lr=0.000296894
2026-10-01 23:26:55,220 step=5450 train=2.57864 val=None lr=0.00029688
2026-10-01 23:26:57,736 step=5460 train=2.81796 val=None lr=0.000296865
2026-10-01 23:27:00,182 step=5470 train=2.51992 val=None lr=0.00029685
2026-10-01 23:27:02,481 step=5480 train=2.56520 val=None lr=0.000296835
2026-10-01 23:27:03,811 step=5490 train=2.57966 val=None lr=0.00029682
2026-10-01 23:27:08,365 step=5500 train=2.64273 val=2.5364675521850586 lr=0.000296805
2026-10-01 23:27:13,405 step=5510 train=2.31709 val=None lr=0.00029679
2026-10-01 23:27:15,871 step=5520 train=2.58051 val=None lr=0.000296775
2026-10-01 23:27:18,217 step=5530 train=2.46896 val=None lr=0.00029676
2026-10-01 23:27:20,586 step=5540 train=2.34774 val=None lr=0.000296745
2026-10-01 23:27:23,140 step=5550 train=2.90425 val=None lr=0.00029673
2026-10-01 23:27:25,567 step=5560 train=2.64956 val=None lr=0.000296715
2026-10-01 23:27:28,264 step=5570 train=2.64660 val=None lr=0.000296699
2026-10-01 23:27:30,696 step=5580 train=2.64558 val=None lr=0.000296684
2026-10-01 23:27:33,152 step=5590 train=2.54812 val=None lr=0.000296669
2026-10-01 23:27:36,740 step=5600 train=2.86913 val=2.5203203201293944 lr=0.000296654
2026-10-01 23:27:39,095 step=5610 train=2.54154 val=None lr=0.000296638
2026-10-01 23:27:41,461 step=5620 train=2.39735 val=None lr=0.000296623
2026-10-01 23:27:43,919 step=5630 train=2.42693 val=None lr=0.000296608
2026-10-01 23:27:46,639 step=5640 train=2.54120 val=None lr=0.000296592
2026-10-01 23:27:49,049 step=5650 train=2.76386 val=None lr=0.000296577
2026-10-01 23:27:51,405 step=5660 train=2.64390 val=None lr=0.000296561
2026-10-01 23:27:53,694 step=5670 train=2.52393 val=None lr=0.000296546
2026-10-01 23:27:56,170 step=5680 train=2.73710 val=None lr=0.00029653
2026-10-01 23:27:58,794 step=5690 train=2.50159 val=None lr=0.000296514
2026-10-01 23:28:03,336 step=5700 train=2.70859 val=2.5063599586486816 lr=0.000296499
2026-10-01 23:28:05,624 step=5710 train=2.68271 val=None lr=0.000296483
2026-10-01 23:28:07,125 step=5720 train=2.70863 val=None lr=0.000296467
2026-10-01 23:28:09,620 step=5730 train=2.67768 val=None lr=0.000296452
2026-10-01 23:28:12,058 step=5740 train=2.50801 val=None lr=0.000296436
2026-10-01 23:28:14,376 step=5750 train=2.35078 val=None lr=0.00029642
2026-10-01 23:28:16,683 step=5760 train=2.61266 val=None lr=0.000296404
2026-10-01 23:28:19,166 step=5770 train=2.57865 val=None lr=0.000296388
2026-10-01 23:28:21,460 step=5780 train=2.70892 val=None lr=0.000296372
2026-10-01 23:28:23,769 step=5790 train=2.82861 val=None lr=0.000296356
2026-10-01 23:28:28,381 step=5800 train=2.76538 val=2.501848602294922 lr=0.00029634
2026-10-01 23:28:30,847 step=5810 train=2.50792 val=None lr=0.000296324
2026-10-01 23:28:33,388 step=5820 train=2.64279 val=None lr=0.000296308
2026-10-01 23:28:35,737 step=5830 train=2.70069 val=None lr=0.000296292
2026-10-01 23:28:38,218 step=5840 train=2.55189 val=None lr=0.000296276
2026-10-01 23:28:39,638 step=5850 train=2.38253 val=None lr=0.00029626
2026-10-01 23:28:41,986 step=5860 train=2.57376 val=None lr=0.000296244
2026-10-01 23:28:44,413 step=5870 train=2.33425 val=None lr=0.000296227
2026-10-01 23:28:46,789 step=5880 train=2.28312 val=None lr=0.000296211
2026-10-01 23:28:49,308 step=5890 train=2.49050 val=None lr=0.000296195
2026-10-01 23:28:53,842 step=5900 train=2.36125 val=2.4869400024414063 lr=0.000296178
2026-10-01 23:28:56,334 step=5910 train=2.58805 val=None lr=0.000296162
2026-10-01 23:28:58,783 step=5920 train=2.86380 val=None lr=0.000296146
2026-10-01 23:29:01,335 step=5930 train=2.46284 val=None lr=0.000296129
2026-10-01 23:29:03,911 step=5940 train=2.30148 val=None lr=0.000296113
2026-10-01 23:29:06,253 step=5950 train=2.52971 val=None lr=0.000296096
2026-10-01 23:29:08,717 step=5960 train=2.48583 val=None lr=0.00029608
2026-10-01 23:29:10,181 step=5970 train=2.49586 val=None lr=0.000296063
2026-10-01 23:29:12,577 step=5980 train=2.48524 val=None lr=0.000296046
2026-10-01 23:29:15,412 step=5990 train=2.69839 val=None lr=0.00029603
2026-10-01 23:29:19,870 step=6000 train=2.35382 val=2.4685452580451965 lr=0.000296013
2026-10-01 23:29:24,763 step=6010 train=2.51541 val=None lr=0.000295996
2026-10-01 23:29:27,150 step=6020 train=2.46748 val=None lr=0.00029598
2026-10-01 23:29:29,732 step=6030 train=2.63723 val=None lr=0.000295963
2026-10-01 23:29:32,271 step=6040 train=2.81558 val=None lr=0.000295946
2026-10-01 23:29:34,817 step=6050 train=2.60019 val=None lr=0.000295929
2026-10-01 23:29:37,202 step=6060 train=2.43204 val=None lr=0.000295912
2026-10-01 23:29:39,491 step=6070 train=2.51734 val=None lr=0.000295895
2026-10-01 23:29:40,836 step=6080 train=2.61289 val=None lr=0.000295878
2026-10-01 23:29:43,145 step=6090 train=2.61603 val=None lr=0.000295861
2026-10-01 23:29:47,644 step=6100 train=2.72583 val=2.4660075902938843 lr=0.000295844
2026-10-01 23:29:50,017 step=6110 train=2.68773 val=None lr=0.000295827
2026-10-01 23:29:52,507 step=6120 train=2.44814 val=None lr=0.00029581
2026-10-01 23:29:55,048 step=6130 train=2.28095 val=None lr=0.000295793
2026-10-01 23:29:57,612 step=6140 train=2.48161 val=None lr=0.000295776
2026-10-01 23:30:00,102 step=6150 train=2.46269 val=None lr=0.000295759
2026-10-01 23:30:02,432 step=6160 train=2.63838 val=None lr=0.000295741
2026-10-01 23:30:04,786 step=6170 train=2.56537 val=None lr=0.000295724
2026-10-01 23:30:07,406 step=6180 train=2.40994 val=None lr=0.000295707
2026-10-01 23:30:09,914 step=6190 train=2.67171 val=None lr=0.00029569
2026-10-01 23:30:13,248 step=6200 train=2.67919 val=2.4531976699829103 lr=0.000295672
2026-10-01 23:30:15,774 step=6210 train=2.62435 val=None lr=0.000295655
2026-10-01 23:30:18,052 step=6220 train=2.41987 val=None lr=0.000295637
2026-10-01 23:30:20,481 step=6230 train=2.67718 val=None lr=0.00029562
2026-10-01 23:30:22,821 step=6240 train=2.27793 val=None lr=0.000295602
2026-10-01 23:30:25,116 step=6250 train=2.38665 val=None lr=0.000295585
2026-10-01 23:30:27,406 step=6260 train=2.19197 val=None lr=0.000295567
2026-10-01 23:30:29,693 step=6270 train=2.56550 val=None lr=0.00029555
2026-10-01 23:30:32,149 step=6280 train=2.61933 val=None lr=0.000295532
2026-10-01 23:30:34,825 step=6290 train=2.50735 val=None lr=0.000295514
2026-10-01 23:30:39,452 step=6300 train=2.77854 val=2.4439790725708006 lr=0.000295497
2026-10-01 23:30:42,290 step=6310 train=2.34240 val=None lr=0.000295479
2026-10-01 23:30:44,113 step=6320 train=2.95850 val=None lr=0.000295461
2026-10-01 23:30:46,361 step=6330 train=2.54244 val=None lr=0.000295443
2026-10-01 23:30:48,812 step=6340 train=2.48611 val=None lr=0.000295425
2026-10-01 23:30:51,371 step=6350 train=2.35577 val=None lr=0.000295407
2026-10-01 23:30:54,006 step=6360 train=2.35960 val=None lr=0.00029539
2026-10-01 23:30:56,772 step=6370 train=2.67948 val=None lr=0.000295372
2026-10-01 23:30:59,068 step=6380 train=2.30751 val=None lr=0.000295354
2026-10-01 23:31:01,404 step=6390 train=2.40659 val=None lr=0.000295336
2026-10-01 23:31:05,902 step=6400 train=2.61127 val=2.432336711883545 lr=0.000295317
2026-10-01 23:31:08,293 step=6410 train=2.30499 val=None lr=0.000295299
2026-10-01 23:31:10,932 step=6420 train=2.47068 val=None lr=0.000295281
2026-10-01 23:31:13,345 step=6430 train=2.46044 val=None lr=0.000295263
2026-10-01 23:31:15,643 step=6440 train=2.71444 val=None lr=0.000295245
2026-10-01 23:31:16,865 step=6450 train=2.82551 val=None lr=0.000295227
2026-10-01 23:31:19,377 step=6460 train=2.38170 val=None lr=0.000295208
2026-10-01 23:31:21,898 step=6470 train=2.50901 val=None lr=0.00029519
2026-10-01 23:31:24,302 step=6480 train=2.57432 val=None lr=0.000295172
2026-10-01 23:31:26,770 step=6490 train=2.30652 val=None lr=0.000295153
2026-10-01 23:31:31,363 step=6500 train=2.54104 val=2.4266747713088987 lr=0.000295135
2026-10-01 23:31:35,739 step=6510 train=2.46681 val=None lr=0.000295117
2026-10-01 23:31:38,075 step=6520 train=2.14090 val=None lr=0.000295098
2026-10-01 23:31:40,487 step=6530 train=2.25735 val=None lr=0.00029508
2026-10-01 23:31:43,214 step=6540 train=2.55063 val=None lr=0.000295061
2026-10-01 23:31:45,777 step=6550 train=2.46526 val=None lr=0.000295042
2026-10-01 23:31:47,231 step=6560 train=2.44606 val=None lr=0.000295024
2026-10-01 23:31:49,520 step=6570 train=2.63082 val=None lr=0.000295005
2026-10-01 23:31:51,948 step=6580 train=2.35841 val=None lr=0.000294987
2026-10-01 23:31:54,491 step=6590 train=2.38563 val=None lr=0.000294968
2026-10-01 23:31:58,817 step=6600 train=2.66086 val=2.410445475578308 lr=0.000294949
2026-10-01 23:32:01,253 step=6610 train=2.25442 val=None lr=0.00029493
2026-10-01 23:32:03,541 step=6620 train=2.44374 val=None lr=0.000294911
2026-10-01 23:32:05,957 step=6630 train=2.70053 val=None lr=0.000294893
2026-10-01 23:32:08,401 step=6640 train=2.30909 val=None lr=0.000294874
2026-10-01 23:32:10,649 step=6650 train=2.42239 val=None lr=0.000294855
2026-10-01 23:32:12,956 step=6660 train=2.60987 val=None lr=0.000294836
2026-10-01 23:32:15,463 step=6670 train=2.44461 val=None lr=0.000294817
2026-10-01 23:32:17,800 step=6680 train=2.53418 val=None lr=0.000294798
2026-10-01 23:32:19,243 step=6690 train=2.50916 val=None lr=0.000294779
2026-10-01 23:32:23,827 step=6700 train=2.29584 val=2.4003177881240845 lr=0.00029476
2026-10-01 23:32:26,328 step=6710 train=2.33895 val=None lr=0.000294741
2026-10-01 23:32:28,618 step=6720 train=2.15352 val=None lr=0.000294721
2026-10-01 23:32:30,968 step=6730 train=2.55341 val=None lr=0.000294702
2026-10-01 23:32:33,293 step=6740 train=2.63086 val=None lr=0.000294683
2026-10-01 23:32:35,759 step=6750 train=2.57503 val=None lr=0.000294664
2026-10-01 23:32:38,108 step=6760 train=2.54873 val=None lr=0.000294644
2026-10-01 23:32:40,410 step=6770 train=2.59545 val=None lr=0.000294625
2026-10-01 23:32:42,688 step=6780 train=2.68861 val=None lr=0.000294606
2026-10-01 23:32:44,967 step=6790 train=2.33214 val=None lr=0.000294586
2026-10-01 23:32:49,407 step=6800 train=2.47728 val=2.3904134392738343 lr=0.000294567
2026-10-01 23:32:51,018 step=6810 train=2.58263 val=None lr=0.000294548
2026-10-01 23:32:53,456 step=6820 train=2.47543 val=None lr=0.000294528
2026-10-01 23:32:55,835 step=6830 train=2.43275 val=None lr=0.000294508
2026-10-01 23:32:58,305 step=6840 train=2.66404 val=None lr=0.000294489
2026-10-01 23:33:00,696 step=6850 train=2.51158 val=None lr=0.000294469
2026-10-01 23:33:03,162 step=6860 train=2.57614 val=None lr=0.00029445
2026-10-01 23:33:05,543 step=6870 train=2.16135 val=None lr=0.00029443
2026-10-01 23:33:07,855 step=6880 train=2.67502 val=None lr=0.00029441
2026-10-01 23:33:10,195 step=6890 train=2.12527 val=None lr=0.000294391
2026-10-01 23:33:14,723 step=6900 train=2.26110 val=2.380970525741577 lr=0.000294371
2026-10-01 23:33:17,179 step=6910 train=2.43705 val=None lr=0.000294351
2026-10-01 23:33:19,479 step=6920 train=2.17583 val=None lr=0.000294331
2026-10-01 23:33:20,964 step=6930 train=2.51343 val=None lr=0.000294311
2026-10-01 23:33:23,531 step=6940 train=2.37087 val=None lr=0.000294291
2026-10-01 23:33:25,923 step=6950 train=2.71288 val=None lr=0.000294271
2026-10-01 23:33:28,330 step=6960 train=2.42172 val=None lr=0.000294251
2026-10-01 23:33:30,673 step=6970 train=2.55668 val=None lr=0.000294231
2026-10-01 23:33:33,030 step=6980 train=2.68720 val=None lr=0.000294211
2026-10-01 23:33:35,401 step=6990 train=2.40289 val=None lr=0.000294191
2026-10-01 23:33:40,099 step=7000 train=2.52896 val=2.373028266429901 lr=0.000294171
2026-10-01 23:33:45,005 step=7010 train=2.25165 val=None lr=0.000294151
2026-10-01 23:33:47,375 step=7020 train=2.40897 val=None lr=0.000294131
2026-10-01 23:33:49,954 step=7030 train=2.25048 val=None lr=0.000294111
2026-10-01 23:33:52,580 step=7040 train=2.25113 val=None lr=0.00029409
2026-10-01 23:33:54,153 step=7050 train=2.40408 val=None lr=0.00029407
2026-10-01 23:33:56,571 step=7060 train=2.53048 val=None lr=0.00029405
2026-10-01 23:33:58,848 step=7070 train=2.35119 val=None lr=0.00029403
2026-10-01 23:34:01,274 step=7080 train=2.32796 val=None lr=0.000294009
2026-10-01 23:34:03,546 step=7090 train=2.44814 val=None lr=0.000293989
2026-10-01 23:34:08,162 step=7100 train=2.48354 val=2.363927435874939 lr=0.000293968
2026-10-01 23:34:10,891 step=7110 train=2.54516 val=None lr=0.000293948
2026-10-01 23:34:13,216 step=7120 train=2.56550 val=None lr=0.000293927
2026-10-01 23:34:15,905 step=7130 train=2.37587 val=None lr=0.000293907
2026-10-01 23:34:18,326 step=7140 train=2.42099 val=None lr=0.000293886
2026-10-01 23:34:20,689 step=7150 train=2.41228 val=None lr=0.000293866
2026-10-01 23:34:23,045 step=7160 train=2.17673 val=None lr=0.000293845
2026-10-01 23:34:24,166 step=7170 train=2.33957 val=None lr=0.000293824
2026-10-01 23:34:26,569 step=7180 train=2.27358 val=None lr=0.000293803
2026-10-01 23:34:28,954 step=7190 train=2.32261 val=None lr=0.000293783
2026-10-01 23:34:33,689 step=7200 train=2.47957 val=2.357103204727173 lr=0.000293762
2026-10-01 23:34:36,006 step=7210 train=2.51891 val=None lr=0.000293741
2026-10-01 23:34:38,340 step=7220 train=2.18657 val=None lr=0.00029372
2026-10-01 23:34:41,008 step=7230 train=2.41040 val=None lr=0.000293699
2026-10-01 23:34:43,441 step=7240 train=2.50530 val=None lr=0.000293678
2026-10-01 23:34:45,759 step=7250 train=2.43010 val=None lr=0.000293657
2026-10-01 23:34:48,074 step=7260 train=2.11533 val=None lr=0.000293636
2026-10-01 23:34:50,367 step=7270 train=2.17062 val=None lr=0.000293615
2026-10-01 23:34:52,822 step=7280 train=2.22471 val=None lr=0.000293594
2026-10-01 23:34:55,231 step=7290 train=2.34576 val=None lr=0.000293573
2026-10-01 23:34:58,601 step=7300 train=2.43360 val=2.3524773836135866 lr=0.000293552
2026-10-01 23:35:00,946 step=7310 train=2.53375 val=None lr=0.000293531
2026-10-01 23:35:03,418 step=7320 train=2.40811 val=None lr=0.00029351
2026-10-01 23:35:05,930 step=7330 train=2.50615 val=None lr=0.000293489
2026-10-01 23:35:08,340 step=7340 train=2.25745 val=None lr=0.000293467
2026-10-01 23:35:10,833 step=7350 train=2.35747 val=None lr=0.000293446
2026-10-01 23:35:13,386 step=7360 train=2.29181 val=None lr=0.000293425
2026-10-01 23:35:15,685 step=7370 train=2.45184 val=None lr=0.000293403
2026-10-01 23:35:17,977 step=7380 train=2.53470 val=None lr=0.000293382
2026-10-01 23:35:20,424 step=7390 train=2.46501 val=None lr=0.00029336
2026-10-01 23:35:25,492 step=7400 train=2.40210 val=2.337641489505768 lr=0.000293339
2026-10-01 23:35:26,845 step=7410 train=2.61630 val=None lr=0.000293318
2026-10-01 23:35:29,123 step=7420 train=2.33773 val=None lr=0.000293296
2026-10-01 23:35:31,375 step=7430 train=2.40830 val=None lr=0.000293274
2026-10-01 23:35:33,841 step=7440 train=2.35441 val=None lr=0.000293253
2026-10-01 23:35:36,178 step=7450 train=2.26035 val=None lr=0.000293231
2026-10-01 23:35:38,448 step=7460 train=2.44309 val=None lr=0.00029321
2026-10-01 23:35:40,778 step=7470 train=2.19108 val=None lr=0.000293188
2026-10-01 23:35:43,158 step=7480 train=2.32946 val=None lr=0.000293166
2026-10-01 23:35:45,479 step=7490 train=2.49418 val=None lr=0.000293144
2026-10-01 23:35:49,833 step=7500 train=2.10350 val=2.332817554473877 lr=0.000293123
2026-10-01 23:35:54,450 step=7510 train=2.40244 val=None lr=0.000293101
2026-10-01 23:35:56,870 step=7520 train=2.36962 val=None lr=0.000293079
2026-10-01 23:35:58,451 step=7530 train=2.27868 val=None lr=0.000293057
2026-10-01 23:36:00,909 step=7540 train=2.18747 val=None lr=0.000293035
2026-10-01 23:36:03,449 step=7550 train=2.30674 val=None lr=0.000293013
2026-10-01 23:36:05,892 step=7560 train=2.34442 val=None lr=0.000292991
2026-10-01 23:36:08,292 step=7570 train=2.30905 val=None lr=0.000292969
2026-10-01 23:36:10,675 step=7580 train=2.42352 val=None lr=0.000292947
2026-10-01 23:36:13,242 step=7590 train=2.39624 val=None lr=0.000292925
2026-10-01 23:36:17,863 step=7600 train=2.30493 val=2.326327991485596 lr=0.000292903
2026-10-01 23:36:20,295 step=7610 train=2.42688 val=None lr=0.00029288
2026-10-01 23:36:22,891 step=7620 train=2.36580 val=None lr=0.000292858
2026-10-01 23:36:25,256 step=7630 train=2.64908 val=None lr=0.000292836
2026-10-01 23:36:27,844 step=7640 train=2.30931 val=None lr=0.000292814
2026-10-01 23:36:30,154 step=7650 train=2.86819 val=None lr=0.000292791
2026-10-01 23:36:31,539 step=7660 train=2.20276 val=None lr=0.000292769
2026-10-01 23:36:33,815 step=7670 train=2.17237 val=None lr=0.000292747
2026-10-01 23:36:36,132 step=7680 train=2.24771 val=None lr=0.000292724
2026-10-01 23:36:38,568 step=7690 train=2.47968 val=None lr=0.000292702
2026-10-01 23:36:42,889 step=7700 train=2.57098 val=2.3196292996406553 lr=0.000292679
2026-10-01 23:36:45,323 step=7710 train=2.75036 val=None lr=0.000292657
2026-10-01 23:36:47,759 step=7720 train=2.61513 val=None lr=0.000292634
2026-10-01 23:36:50,063 step=7730 train=2.28727 val=None lr=0.000292612
2026-10-01 23:36:52,341 step=7740 train=2.47330 val=None lr=0.000292589
2026-10-01 23:36:55,084 step=7750 train=2.47171 val=None lr=0.000292567
2026-10-01 23:36:57,361 step=7760 train=2.52222 val=None lr=0.000292544
2026-10-01 23:36:59,763 step=7770 train=2.31008 val=None lr=0.000292521
2026-10-01 23:37:01,250 step=7780 train=2.32351 val=None lr=0.000292498
2026-10-01 23:37:03,726 step=7790 train=2.34773 val=None lr=0.000292476
2026-10-01 23:37:08,214 step=7800 train=2.45097 val=2.308772957324982 lr=0.000292453
2026-10-01 23:37:10,612 step=7810 train=2.41197 val=None lr=0.00029243
2026-10-01 23:37:13,052 step=7820 train=2.39743 val=None lr=0.000292407
2026-10-01 23:37:15,490 step=7830 train=2.37629 val=None lr=0.000292384
2026-10-01 23:37:17,795 step=7840 train=2.12098 val=None lr=0.000292361
2026-10-01 23:37:20,249 step=7850 train=2.49478 val=None lr=0.000292338
2026-10-01 23:37:22,534 step=7860 train=2.38606 val=None lr=0.000292315
2026-10-01 23:37:24,999 step=7870 train=2.34048 val=None lr=0.000292292
2026-10-01 23:37:27,476 step=7880 train=2.68937 val=None lr=0.000292269
2026-10-01 23:37:29,832 step=7890 train=2.35684 val=None lr=0.000292246
2026-10-01 23:37:33,001 step=7900 train=2.59104 val=2.2995149374008177 lr=0.000292223
2026-10-01 23:37:35,349 step=7910 train=2.32927 val=None lr=0.0002922
2026-10-01 23:37:37,754 step=7920 train=2.13240 val=None lr=0.000292176
2026-10-01 23:37:40,181 step=7930 train=2.59422 val=None lr=0.000292153
2026-10-01 23:37:42,574 step=7940 train=2.47953 val=None lr=0.00029213
2026-10-01 23:37:44,945 step=7950 train=2.55341 val=None lr=0.000292107
2026-10-01 23:37:47,184 step=7960 train=2.20907 val=None lr=0.000292083
2026-10-01 23:37:49,766 step=7970 train=2.13223 val=None lr=0.00029206
2026-10-01 23:37:52,181 step=7980 train=2.13741 val=None lr=0.000292036
2026-10-01 23:37:54,440 step=7990 train=2.45130 val=None lr=0.000292013
2026-10-01 23:37:59,007 step=8000 train=2.46862 val=2.297720563411713 lr=0.00029199
2026-10-01 23:38:03,961 step=8010 train=2.59400 val=None lr=0.000291966
2026-10-01 23:38:05,144 step=8020 train=2.19576 val=None lr=0.000291942
2026-10-01 23:38:07,518 step=8030 train=2.13696 val=None lr=0.000291919
2026-10-01 23:38:09,899 step=8040 train=2.54149 val=None lr=0.000291895
2026-10-01 23:38:12,302 step=8050 train=2.37737 val=None lr=0.000291872
2026-10-01 23:38:14,763 step=8060 train=2.43693 val=None lr=0.000291848
2026-10-01 23:38:17,064 step=8070 train=2.39959 val=None lr=0.000291824
2026-10-01 23:38:19,928 step=8080 train=2.34973 val=None lr=0.000291801
2026-10-01 23:38:22,460 step=8090 train=2.13019 val=None lr=0.000291777
2026-10-01 23:38:27,072 step=8100 train=2.31264 val=2.28480269908905 lr=0.000291753
2026-10-01 23:38:29,403 step=8110 train=2.44636 val=None lr=0.000291729
2026-10-01 23:38:31,896 step=8120 train=2.33170 val=None lr=0.000291705
2026-10-01 23:38:34,305 step=8130 train=2.18338 val=None lr=0.000291681
2026-10-01 23:38:35,583 step=8140 train=2.31617 val=None lr=0.000291657
2026-10-01 23:38:37,829 step=8150 train=2.21187 val=None lr=0.000291633
2026-10-01 23:38:40,106 step=8160 train=2.24754 val=None lr=0.000291609
2026-10-01 23:38:42,474 step=8170 train=2.29483 val=None lr=0.000291585
2026-10-01 23:38:45,101 step=8180 train=2.22012 val=None lr=0.000291561
2026-10-01 23:38:47,426 step=8190 train=2.24145 val=None lr=0.000291537
2026-10-01 23:38:51,965 step=8200 train=2.28256 val=2.2826409101486207 lr=0.000291513
2026-10-01 23:38:54,305 step=8210 train=2.35451 val=None lr=0.000291489
2026-10-01 23:38:56,885 step=8220 train=2.34360 val=None lr=0.000291465
2026-10-01 23:38:59,487 step=8230 train=2.36240 val=None lr=0.00029144
2026-10-01 23:39:02,011 step=8240 train=2.42251 val=None lr=0.000291416
2026-10-01 23:39:04,479 step=8250 train=2.22535 val=None lr=0.000291392
2026-10-01 23:39:06,866 step=8260 train=2.33033 val=None lr=0.000291367
2026-10-01 23:39:08,248 step=8270 train=2.28958 val=None lr=0.000291343
2026-10-01 23:39:10,593 step=8280 train=2.38998 val=None lr=0.000291319
2026-10-01 23:39:13,050 step=8290 train=2.46081 val=None lr=0.000291294
2026-10-01 23:39:17,533 step=8300 train=2.04610 val=2.269859218597412 lr=0.00029127
2026-10-01 23:39:20,323 step=8310 train=2.59981 val=None lr=0.000291245
2026-10-01 23:39:22,657 step=8320 train=2.26335 val=None lr=0.000291221
2026-10-01 23:39:25,245 step=8330 train=2.10122 val=None lr=0.000291196
2026-10-01 23:39:27,848 step=8340 train=2.39118 val=None lr=0.000291171
2026-10-01 23:39:30,190 step=8350 train=2.49895 val=None lr=0.000291147
2026-10-01 23:39:32,552 step=8360 train=2.39912 val=None lr=0.000291122
2026-10-01 23:39:34,872 step=8370 train=2.33475 val=None lr=0.000291097
2026-10-01 23:39:37,215 step=8380 train=2.38427 val=None lr=0.000291073
2026-10-01 23:39:38,575 step=8390 train=2.17206 val=None lr=0.000291048
2026-10-01 23:39:43,155 step=8400 train=2.24304 val=2.2618992805480955 lr=0.000291023
2026-10-01 23:39:45,473 step=8410 train=2.49722 val=None lr=0.000290998
2026-10-01 23:39:48,030 step=8420 train=2.29226 val=None lr=0.000290973
2026-10-01 23:39:50,450 step=8430 train=2.31317 val=None lr=0.000290948
2026-10-01 23:39:52,930 step=8440 train=2.11814 val=None lr=0.000290923
2026-10-01 23:39:55,455 step=8450 train=2.07580 val=None lr=0.000290898
2026-10-01 23:39:57,708 step=8460 train=2.13174 val=None lr=0.000290873
2026-10-01 23:39:59,988 step=8470 train=2.43600 val=None lr=0.000290848
2026-10-01 23:40:02,318 step=8480 train=2.62851 val=None lr=0.000290823
2026-10-01 23:40:04,896 step=8490 train=2.01117 val=None lr=0.000290798
2026-10-01 23:40:09,336 step=8500 train=2.29331 val=2.255270767211914 lr=0.000290773
2026-10-01 23:40:13,252 step=8510 train=2.32876 val=None lr=0.000290748
2026-10-01 23:40:15,809 step=8520 train=2.16390 val=None lr=0.000290723
2026-10-01 23:40:18,185 step=8530 train=2.38661 val=None lr=0.000290697
2026-10-01 23:40:20,991 step=8540 train=2.31928 val=None lr=0.000290672
2026-10-01 23:40:23,427 step=8550 train=2.32633 val=None lr=0.000290647
2026-10-01 23:40:25,796 step=8560 train=2.13952 val=None lr=0.000290622
2026-10-01 23:40:28,615 step=8570 train=2.08467 val=None lr=0.000290596
2026-10-01 23:40:30,973 step=8580 train=2.21477 val=None lr=0.000290571
2026-10-01 23:40:33,360 step=8590 train=2.07696 val=None lr=0.000290545
2026-10-01 23:40:37,823 step=8600 train=2.22024 val=2.2520585894584655 lr=0.00029052
2026-10-01 23:40:40,207 step=8610 train=2.18815 val=None lr=0.000290494
2026-10-01 23:40:41,396 step=8620 train=2.29378 val=None lr=0.000290469
2026-10-01 23:40:43,968 step=8630 train=1.99647 val=None lr=0.000290443
2026-10-01 23:40:46,345 step=8640 train=2.01771 val=None lr=0.000290418
2026-10-01 23:40:48,900 step=8650 train=2.32260 val=None lr=0.000290392
2026-10-01 23:40:51,219 step=8660 train=2.20080 val=None lr=0.000290366
2026-10-01 23:40:53,733 step=8670 train=2.37480 val=None lr=0.000290341
2026-10-01 23:40:56,135 step=8680 train=2.08220 val=None lr=0.000290315
2026-10-01 23:40:58,452 step=8690 train=2.29878 val=None lr=0.000290289
2026-10-01 23:41:03,046 step=8700 train=2.07514 val=2.2358296155929565 lr=0.000290263
2026-10-01 23:41:05,369 step=8710 train=2.30185 val=None lr=0.000290237
2026-10-01 23:41:07,635 step=8720 train=2.07639 val=None lr=0.000290212
2026-10-01 23:41:09,940 step=8730 train=2.35069 val=None lr=0.000290186
2026-10-01 23:41:12,559 step=8740 train=2.34841 val=None lr=0.00029016
2026-10-01 23:41:13,872 step=8750 train=2.45509 val=None lr=0.000290134
2026-10-01 23:41:16,307 step=8760 train=2.24556 val=None lr=0.000290108
2026-10-01 23:41:18,893 step=8770 train=2.27322 val=None lr=0.000290082
2026-10-01 23:41:21,166 step=8780 train=2.21590 val=None lr=0.000290056
2026-10-01 23:41:23,631 step=8790 train=2.25234 val=None lr=0.00029003
2026-10-01 23:41:27,901 step=8800 train=2.04561 val=2.2323527097702027 lr=0.000290003
2026-10-01 23:41:30,535 step=8810 train=2.45070 val=None lr=0.000289977
2026-10-01 23:41:32,878 step=8820 train=2.21704 val=None lr=0.000289951
2026-10-01 23:41:35,332 step=8830 train=2.31507 val=None lr=0.000289925
2026-10-01 23:41:37,592 step=8840 train=2.24205 val=None lr=0.000289899
2026-10-01 23:41:40,213 step=8850 train=2.28066 val=None lr=0.000289872
2026-10-01 23:41:42,551 step=8860 train=2.05915 val=None lr=0.000289846
2026-10-01 23:41:43,807 step=8870 train=2.39071 val=None lr=0.00028982
2026-10-01 23:41:46,102 step=8880 train=2.43398 val=None lr=0.000289793
2026-10-01 23:41:48,629 step=8890 train=2.40041 val=None lr=0.000289767
2026-10-01 23:41:53,021 step=8900 train=2.36169 val=2.2288855075836183 lr=0.00028974
2026-10-01 23:41:55,500 step=8910 train=2.37330 val=None lr=0.000289714
2026-10-01 23:41:57,944 step=8920 train=2.08701 val=None lr=0.000289687
2026-10-01 23:42:00,361 step=8930 train=2.06395 val=None lr=0.000289661
2026-10-01 23:42:02,661 step=8940 train=2.52061 val=None lr=0.000289634
2026-10-01 23:42:05,148 step=8950 train=2.29725 val=None lr=0.000289607
2026-10-01 23:42:07,440 step=8960 train=2.40101 val=None lr=0.000289581
2026-10-01 23:42:09,757 step=8970 train=2.55727 val=None lr=0.000289554
2026-10-01 23:42:12,129 step=8980 train=2.15555 val=None lr=0.000289527
2026-10-01 23:42:14,546 step=8990 train=2.36718 val=None lr=0.000289501
2026-10-01 23:42:18,019 step=9000 train=2.32945 val=2.2189996182918548 lr=0.000289474
2026-10-01 23:42:22,915 step=9010 train=2.27782 val=None lr=0.000289447
2026-10-01 23:42:25,207 step=9020 train=2.31601 val=None lr=0.00028942
2026-10-01 23:42:27,626 step=9030 train=2.28119 val=None lr=0.000289393
2026-10-01 23:42:30,037 step=9040 train=2.28302 val=None lr=0.000289366
2026-10-01 23:42:32,360 step=9050 train=2.28955 val=None lr=0.000289339
2026-10-01 23:42:34,656 step=9060 train=2.03770 val=None lr=0.000289312
2026-10-01 23:42:37,037 step=9070 train=2.14569 val=None lr=0.000289285
2026-10-01 23:42:39,453 step=9080 train=2.18124 val=None lr=0.000289258
2026-10-01 23:42:41,945 step=9090 train=2.11641 val=None lr=0.000289231
2026-10-01 23:42:46,552 step=9100 train=2.17324 val=2.2141535758972166 lr=0.000289204
2026-10-01 23:42:47,826 step=9110 train=1.89937 val=None lr=0.000289177
2026-10-01 23:42:50,209 step=9120 train=2.32081 val=None lr=0.00028915
2026-10-01 23:42:52,730 step=9130 train=2.39870 val=None lr=0.000289123
2026-10-01 23:42:55,352 step=9140 train=1.98120 val=None lr=0.000289095
2026-10-01 23:42:57,683 step=9150 train=2.14185 val=None lr=0.000289068
2026-10-01 23:43:00,227 step=9160 train=2.22769 val=None lr=0.000289041
2026-10-01 23:43:02,591 step=9170 train=2.24145 val=None lr=0.000289013
2026-10-01 23:43:05,130 step=9180 train=2.53463 val=None lr=0.000288986
2026-10-01 23:43:07,728 step=9190 train=2.53506 val=None lr=0.000288959
2026-10-01 23:43:12,401 step=9200 train=2.23911 val=2.204562169313431 lr=0.000288931
2026-10-01 23:43:14,903 step=9210 train=2.15744 val=None lr=0.000288904
2026-10-01 23:43:17,327 step=9220 train=2.69062 val=None lr=0.000288876
2026-10-01 23:43:18,606 step=9230 train=2.30867 val=None lr=0.000288849
2026-10-01 23:43:21,227 step=9240 train=2.23510 val=None lr=0.000288821
2026-10-01 23:43:23,672 step=9250 train=2.46653 val=None lr=0.000288794
2026-10-01 23:43:26,336 step=9260 train=2.27672 val=None lr=0.000288766
2026-10-01 23:43:28,835 step=9270 train=2.22237 val=None lr=0.000288738
2026-10-01 23:43:31,455 step=9280 train=2.37572 val=None lr=0.000288711
2026-10-01 23:43:33,720 step=9290 train=2.30101 val=None lr=0.000288683
2026-10-01 23:43:38,149 step=9300 train=2.28433 val=2.202600413560867 lr=0.000288655
2026-10-01 23:43:40,610 step=9310 train=2.25408 val=None lr=0.000288627
2026-10-01 23:43:42,916 step=9320 train=2.37833 val=None lr=0.000288599
2026-10-01 23:43:45,253 step=9330 train=2.02693 val=None lr=0.000288572
2026-10-01 23:43:47,724 step=9340 train=2.16787 val=None lr=0.000288544
2026-10-01 23:43:49,955 step=9350 train=2.07217 val=None lr=0.000288516
2026-10-01 23:43:51,535 step=9360 train=2.31552 val=None lr=0.000288488
2026-10-01 23:43:53,895 step=9370 train=2.11014 val=None lr=0.00028846
2026-10-01 23:43:56,601 step=9380 train=2.32081 val=None lr=0.000288432
2026-10-01 23:43:59,019 step=9390 train=2.23352 val=None lr=0.000288404
2026-10-01 23:44:03,651 step=9400 train=2.22331 val=2.1953024089336397 lr=0.000288376
2026-10-01 23:44:06,235 step=9410 train=2.20478 val=None lr=0.000288347
2026-10-01 23:44:08,550 step=9420 train=2.42138 val=None lr=0.000288319
2026-10-01 23:44:10,854 step=9430 train=2.05631 val=None lr=0.000288291
2026-10-01 23:44:13,147 step=9440 train=2.43027 val=None lr=0.000288263
2026-10-01 23:44:15,510 step=9450 train=2.11848 val=None lr=0.000288235
2026-10-01 23:44:17,865 step=9460 train=2.05037 val=None lr=0.000288206
2026-10-01 23:44:20,235 step=9470 train=2.28025 val=None lr=0.000288178
2026-10-01 23:44:21,585 step=9480 train=2.26516 val=None lr=0.00028815
2026-10-01 23:44:23,957 step=9490 train=2.19196 val=None lr=0.000288121
2026-10-01 23:44:28,322 step=9500 train=2.22588 val=2.1948581874370574 lr=0.000288093
2026-10-01 23:44:33,038 step=9510 train=2.17302 val=None lr=0.000288064
2026-10-01 23:44:35,424 step=9520 train=2.45414 val=None lr=0.000288036
2026-10-01 23:44:37,941 step=9530 train=2.29356 val=None lr=0.000288007
2026-10-01 23:44:40,296 step=9540 train=2.18711 val=None lr=0.000287979
2026-10-01 23:44:42,672 step=9550 train=2.35681 val=None lr=0.00028795
2026-10-01 23:44:45,239 step=9560 train=2.25130 val=None lr=0.000287922
2026-10-01 23:44:47,656 step=9570 train=2.21609 val=None lr=0.000287893
2026-10-01 23:44:50,117 step=9580 train=2.18408 val=None lr=0.000287864
2026-10-01 23:44:52,548 step=9590 train=2.37037 val=None lr=0.000287836
2026-10-01 23:44:56,174 step=9600 train=2.06931 val=2.181936252117157 lr=0.000287807
2026-10-01 23:44:58,652 step=9610 train=2.48896 val=None lr=0.000287778
2026-10-01 23:45:01,105 step=9620 train=2.19871 val=None lr=0.000287749
2026-10-01 23:45:03,639 step=9630 train=2.22832 val=None lr=0.00028772
2026-10-01 23:45:06,187 step=9640 train=2.16069 val=None lr=0.000287692
2026-10-01 23:45:08,564 step=9650 train=2.02395 val=None lr=0.000287663
2026-10-01 23:45:11,059 step=9660 train=2.13501 val=None lr=0.000287634
2026-10-01 23:45:13,336 step=9670 train=2.05674 val=None lr=0.000287605
2026-10-01 23:45:15,791 step=9680 train=2.72150 val=None lr=0.000287576
2026-10-01 23:45:18,277 step=9690 train=2.12113 val=None lr=0.000287547
2026-10-01 23:45:22,845 step=9700 train=2.27972 val=2.1766131222248077 lr=0.000287518
2026-10-01 23:45:24,460 step=9710 train=2.09539 val=None lr=0.000287489
2026-10-01 23:45:26,872 step=9720 train=2.57686 val=None lr=0.000287459
2026-10-01 23:45:29,371 step=9730 train=2.11817 val=None lr=0.00028743
2026-10-01 23:45:31,702 step=9740 train=2.22806 val=None lr=0.000287401
2026-10-01 23:45:34,042 step=9750 train=2.12920 val=None lr=0.000287372
2026-10-01 23:45:36,337 step=9760 train=2.13928 val=None lr=0.000287343
2026-10-01 23:45:38,634 step=9770 train=2.26107 val=None lr=0.000287313
2026-10-01 23:45:41,008 step=9780 train=2.29335 val=None lr=0.000287284
2026-10-01 23:45:43,285 step=9790 train=1.93303 val=None lr=0.000287255
2026-10-01 23:45:47,496 step=9800 train=2.25686 val=2.1720969676971436 lr=0.000287225
2026-10-01 23:45:49,784 step=9810 train=2.30555 val=None lr=0.000287196
2026-10-01 23:45:52,493 step=9820 train=2.18446 val=None lr=0.000287166
2026-10-01 23:45:54,923 step=9830 train=2.11386 val=None lr=0.000287137
2026-10-01 23:45:56,355 step=9840 train=2.06596 val=None lr=0.000287107
2026-10-01 23:45:58,825 step=9850 train=2.20509 val=None lr=0.000287078
2026-10-01 23:46:01,158 step=9860 train=2.20799 val=None lr=0.000287048
2026-10-01 23:46:03,993 step=9870 train=2.56483 val=None lr=0.000287019
2026-10-01 23:46:06,416 step=9880 train=2.24770 val=None lr=0.000286989
2026-10-01 23:46:08,911 step=9890 train=2.17842 val=None lr=0.000286959
2026-10-01 23:46:13,345 step=9900 train=2.17608 val=2.168430209159851 lr=0.00028693
2026-10-01 23:46:15,778 step=9910 train=2.08556 val=None lr=0.0002869
2026-10-01 23:46:18,150 step=9920 train=2.25085 val=None lr=0.00028687
2026-10-01 23:46:20,627 step=9930 train=2.12811 val=None lr=0.00028684
2026-10-01 23:46:23,005 step=9940 train=2.11064 val=None lr=0.00028681
2026-10-01 23:46:25,267 step=9950 train=2.26961 val=None lr=0.000286781
2026-10-01 23:46:27,609 step=9960 train=2.38397 val=None lr=0.000286751
2026-10-01 23:46:28,819 step=9970 train=2.20155 val=None lr=0.000286721
2026-10-01 23:46:31,070 step=9980 train=2.19114 val=None lr=0.000286691
2026-10-01 23:46:33,453 step=9990 train=2.31048 val=None lr=0.000286661
2026-10-01 23:46:37,739 step=10000 train=2.25231 val=2.157400852441788 lr=0.000286631
2026-10-01 23:46:42,225 step=10010 train=2.26164 val=None lr=0.000286601
2026-10-01 23:46:44,825 step=10020 train=2.40609 val=None lr=0.000286571
2026-10-01 23:46:47,128 step=10030 train=2.11385 val=None lr=0.000286541
2026-10-01 23:46:49,677 step=10040 train=2.04480 val=None lr=0.00028651
2026-10-01 23:46:52,312 step=10050 train=2.25062 val=None lr=0.00028648
2026-10-01 23:46:54,628 step=10060 train=2.46953 val=None lr=0.00028645
2026-10-01 23:46:57,068 step=10070 train=2.43353 val=None lr=0.00028642
2026-10-01 23:46:58,362 step=10080 train=2.22880 val=None lr=0.000286389
2026-10-01 23:47:00,864 step=10090 train=1.92102 val=None lr=0.000286359
2026-10-01 23:47:05,261 step=10100 train=2.34518 val=2.154762464761734 lr=0.000286329
2026-10-01 23:47:07,602 step=10110 train=2.27453 val=None lr=0.000286298
2026-10-01 23:47:10,202 step=10120 train=2.13746 val=None lr=0.000286268
2026-10-01 23:47:12,812 step=10130 train=2.37807 val=None lr=0.000286238
2026-10-01 23:47:15,830 step=10140 train=2.26276 val=None lr=0.000286207
2026-10-01 23:47:18,231 step=10150 train=2.03909 val=None lr=0.000286177
2026-10-01 23:47:20,651 step=10160 train=2.09666 val=None lr=0.000286146
2026-10-01 23:47:23,355 step=10170 train=2.21358 val=None lr=0.000286115
2026-10-01 23:47:25,715 step=10180 train=2.19470 val=None lr=0.000286085
2026-10-01 23:47:28,202 step=10190 train=2.19956 val=None lr=0.000286054
2026-10-01 23:47:31,439 step=10200 train=2.20252 val=2.149345564842224 lr=0.000286024
2026-10-01 23:47:34,126 step=10210 train=2.19012 val=None lr=0.000285993
2026-10-01 23:47:36,446 step=10220 train=2.25461 val=None lr=0.000285962
2026-10-01 23:47:39,106 step=10230 train=2.21290 val=None lr=0.000285931
2026-10-01 23:47:41,652 step=10240 train=2.15402 val=None lr=0.000285901
2026-10-01 23:47:44,142 step=10250 train=2.15054 val=None lr=0.00028587
2026-10-01 23:47:46,555 step=10260 train=2.05525 val=None lr=0.000285839
2026-10-01 23:47:48,901 step=10270 train=2.21035 val=None lr=0.000285808
2026-10-01 23:47:51,546 step=10280 train=2.10186 val=None lr=0.000285777
2026-10-01 23:47:54,463 step=10290 train=2.29621 val=None lr=0.000285746
2026-10-01 23:47:58,993 step=10300 train=2.34789 val=2.1398213863372804 lr=0.000285715
2026-10-01 23:48:01,407 step=10310 train=2.13631 val=None lr=0.000285684
2026-10-01 23:48:02,682 step=10320 train=2.16855 val=None lr=0.000285653
2026-10-01 23:48:05,219 step=10330 train=1.93272 val=None lr=0.000285622
2026-10-01 23:48:07,665 step=10340 train=2.33236 val=None lr=0.000285591
2026-10-01 23:48:10,067 step=10350 train=1.98277 val=None lr=0.00028556
2026-10-01 23:48:12,371 step=10360 train=1.84097 val=None lr=0.000285529
2026-10-01 23:48:15,280 step=10370 train=2.09044 val=None lr=0.000285497
2026-10-01 23:48:17,725 step=10380 train=2.24500 val=None lr=0.000285466
2026-10-01 23:48:20,007 step=10390 train=1.94016 val=None lr=0.000285435
2026-10-01 23:48:24,561 step=10400 train=2.34210 val=2.13649896979332 lr=0.000285404
2026-10-01 23:48:27,108 step=10410 train=2.15237 val=None lr=0.000285372
2026-10-01 23:48:29,481 step=10420 train=2.15719 val=None lr=0.000285341
2026-10-01 23:48:32,134 step=10430 train=2.36257 val=None lr=0.000285309
2026-10-01 23:48:33,403 step=10440 train=2.33580 val=None lr=0.000285278
2026-10-01 23:48:35,774 step=10450 train=2.30485 val=None lr=0.000285247
2026-10-01 23:48:38,143 step=10460 train=2.27896 val=None lr=0.000285215
2026-10-01 23:48:40,597 step=10470 train=1.95410 val=None lr=0.000285184
2026-10-01 23:48:42,990 step=10480 train=2.07712 val=None lr=0.000285152
2026-10-01 23:48:45,503 step=10490 train=2.13815 val=None lr=0.00028512
2026-10-01 23:48:50,006 step=10500 train=2.24478 val=2.13408368229866 lr=0.000285089
2026-10-01 23:48:55,074 step=10510 train=1.89807 val=None lr=0.000285057
2026-10-01 23:48:57,422 step=10520 train=2.13026 val=None lr=0.000285025
2026-10-01 23:48:59,669 step=10530 train=2.24753 val=None lr=0.000284994
2026-10-01 23:49:02,091 step=10540 train=2.20864 val=None lr=0.000284962
2026-10-01 23:49:04,536 step=10550 train=2.17558 val=None lr=0.00028493
2026-10-01 23:49:05,800 step=10560 train=2.61349 val=None lr=0.000284898
2026-10-01 23:49:08,134 step=10570 train=1.98980 val=None lr=0.000284867
2026-10-01 23:49:10,425 step=10580 train=2.35273 val=None lr=0.000284835
2026-10-01 23:49:13,111 step=10590 train=2.01644 val=None lr=0.000284803
2026-10-01 23:49:17,693 step=10600 train=2.10627 val=2.12633695602417 lr=0.000284771
2026-10-01 23:49:20,057 step=10610 train=2.11016 val=None lr=0.000284739
2026-10-01 23:49:22,296 step=10620 train=2.27696 val=None lr=0.000284707
2026-10-01 23:49:24,598 step=10630 train=1.96761 val=None lr=0.000284675
2026-10-01 23:49:27,037 step=10640 train=2.09038 val=None lr=0.000284643
2026-10-01 23:49:29,464 step=10650 train=2.22843 val=None lr=0.000284611
2026-10-01 23:49:31,791 step=10660 train=2.02812 val=None lr=0.000284579
2026-10-01 23:49:34,177 step=10670 train=2.22163 val=None lr=0.000284546
2026-10-01 23:49:35,643 step=10680 train=2.12461 val=None lr=0.000284514
2026-10-01 23:49:38,080 step=10690 train=2.07445 val=None lr=0.000284482
2026-10-01 23:49:42,462 step=10700 train=2.13203 val=2.1258823215961455 lr=0.00028445
2026-10-01 23:49:44,871 step=10710 train=1.92303 val=None lr=0.000284418
2026-10-01 23:49:47,216 step=10720 train=2.45723 val=None lr=0.000284385
2026-10-01 23:49:49,507 step=10730 train=1.99541 val=None lr=0.000284353
2026-10-01 23:49:51,814 step=10740 train=2.19581 val=None lr=0.000284321
2026-10-01 23:49:54,098 step=10750 train=2.06500 val=None lr=0.000284288
2026-10-01 23:49:56,382 step=10760 train=2.27229 val=None lr=0.000284256
2026-10-01 23:49:58,635 step=10770 train=2.32366 val=None lr=0.000284223
2026-10-01 23:50:00,921 step=10780 train=2.32922 val=None lr=0.000284191
2026-10-01 23:50:03,625 step=10790 train=2.15649 val=None lr=0.000284158
2026-10-01 23:50:07,077 step=10800 train=2.35621 val=2.112919497489929 lr=0.000284126
2026-10-01 23:50:09,382 step=10810 train=2.09231 val=None lr=0.000284093
2026-10-01 23:50:11,641 step=10820 train=2.19438 val=None lr=0.00028406
2026-10-01 23:50:13,954 step=10830 train=2.33886 val=None lr=0.000284028
2026-10-01 23:50:16,424 step=10840 train=2.13233 val=None lr=0.000283995
2026-10-01 23:50:18,710 step=10850 train=1.91573 val=None lr=0.000283962
2026-10-01 23:50:21,030 step=10860 train=2.28127 val=None lr=0.00028393
2026-10-01 23:50:23,554 step=10870 train=2.33342 val=None lr=0.000283897
2026-10-01 23:50:25,914 step=10880 train=2.15502 val=None lr=0.000283864
2026-10-01 23:50:28,303 step=10890 train=1.99384 val=None lr=0.000283831
2026-10-01 23:50:32,070 step=10900 train=2.07076 val=2.1223623275756838 lr=0.000283798
2026-10-01 23:50:34,421 step=10910 train=1.84743 val=None lr=0.000283765
2026-10-01 23:50:36,692 step=10920 train=2.21112 val=None lr=0.000283732
2026-10-01 23:50:38,993 step=10930 train=2.10686 val=None lr=0.000283699
2026-10-01 23:50:40,188 step=10940 train=1.93288 val=None lr=0.000283666
2026-10-01 23:50:42,485 step=10950 train=2.22624 val=None lr=0.000283633
2026-10-01 23:50:44,807 step=10960 train=2.18982 val=None lr=0.0002836
2026-10-01 23:50:47,307 step=10970 train=2.17207 val=None lr=0.000283567
2026-10-01 23:50:50,049 step=10980 train=2.11376 val=None lr=0.000283534
2026-10-01 23:50:52,340 step=10990 train=2.31175 val=None lr=0.000283501
2026-10-01 23:50:55,972 step=11000 train=1.96734 val=2.1133144021034242 lr=0.000283468
2026-10-01 23:51:01,040 step=11010 train=2.34992 val=None lr=0.000283435
2026-10-01 23:51:03,361 step=11020 train=2.13243 val=None lr=0.000283401
2026-10-01 23:51:05,741 step=11030 train=2.05268 val=None lr=0.000283368
2026-10-01 23:51:08,000 step=11040 train=2.20898 val=None lr=0.000283335
2026-10-01 23:51:10,432 step=11050 train=2.14434 val=None lr=0.000283301
2026-10-01 23:51:11,607 step=11060 train=1.85304 val=None lr=0.000283268
2026-10-01 23:51:14,009 step=11070 train=2.03106 val=None lr=0.000283235
2026-10-01 23:51:16,325 step=11080 train=2.51591 val=None lr=0.000283201
2026-10-01 23:51:18,670 step=11090 train=2.20082 val=None lr=0.000283168
2026-10-01 23:51:22,987 step=11100 train=2.13199 val=2.1062423527240752 lr=0.000283134
2026-10-01 23:51:25,893 step=11110 train=2.25013 val=None lr=0.000283101
2026-10-01 23:51:28,382 step=11120 train=2.11188 val=None lr=0.000283067
2026-10-01 23:51:30,742 step=11130 train=1.86988 val=None lr=0.000283034
2026-10-01 23:51:33,097 step=11140 train=2.62993 val=None lr=0.000283
2026-10-01 23:51:35,470 step=11150 train=2.59916 val=None lr=0.000282966
2026-10-01 23:51:37,763 step=11160 train=2.12804 val=None lr=0.000282933
2026-10-01 23:51:40,306 step=11170 train=2.03474 val=None lr=0.000282899
2026-10-01 23:51:41,596 step=11180 train=2.35973 val=None lr=0.000282865
2026-10-01 23:51:44,397 step=11190 train=2.06749 val=None lr=0.000282831
2026-10-01 23:51:48,973 step=11200 train=2.09915 val=2.101952439546585 lr=0.000282798
2026-10-01 23:51:51,610 step=11210 train=2.36449 val=None lr=0.000282764
2026-10-01 23:51:54,058 step=11220 train=2.36468 val=None lr=0.00028273
2026-10-01 23:51:56,474 step=11230 train=1.96244 val=None lr=0.000282696
2026-10-01 23:51:59,150 step=11240 train=2.12336 val=None lr=0.000282662
2026-10-01 23:52:01,965 step=11250 train=2.24318 val=None lr=0.000282628
2026-10-01 23:52:04,318 step=11260 train=1.98204 val=None lr=0.000282594
2026-10-01 23:52:06,666 step=11270 train=1.98518 val=None lr=0.00028256
2026-10-01 23:52:09,465 step=11280 train=2.37190 val=None lr=0.000282526
2026-10-01 23:52:11,992 step=11290 train=2.14110 val=None lr=0.000282492
2026-10-01 23:52:14,598 step=11300 train=2.02318 val=2.1033861577510833 lr=0.000282458
2026-10-01 23:52:17,187 step=11310 train=2.15568 val=None lr=0.000282424
2026-10-01 23:52:19,817 step=11320 train=2.29692 val=None lr=0.000282389
2026-10-01 23:52:22,143 step=11330 train=2.32378 val=None lr=0.000282355
2026-10-01 23:52:24,466 step=11340 train=1.95388 val=None lr=0.000282321
2026-10-01 23:52:26,984 step=11350 train=2.10433 val=None lr=0.000282287
2026-10-01 23:52:29,367 step=11360 train=2.08333 val=None lr=0.000282252
2026-10-01 23:52:31,710 step=11370 train=2.12961 val=None lr=0.000282218
2026-10-01 23:52:34,241 step=11380 train=2.02592 val=None lr=0.000282184
2026-10-01 23:52:36,589 step=11390 train=2.00750 val=None lr=0.000282149
2026-10-01 23:52:41,063 step=11400 train=2.05048 val=2.0922220587730407 lr=0.000282115
2026-10-01 23:52:43,613 step=11410 train=2.16951 val=None lr=0.00028208
2026-10-01 23:52:44,811 step=11420 train=2.31656 val=None lr=0.000282046
2026-10-01 23:52:47,221 step=11430 train=2.05651 val=None lr=0.000282011
2026-10-01 23:52:49,475 step=11440 train=2.54516 val=None lr=0.000281977
2026-10-01 23:52:51,900 step=11450 train=2.19081 val=None lr=0.000281942
2026-10-01 23:52:54,303 step=11460 train=2.25652 val=None lr=0.000281908
2026-10-01 23:52:56,623 step=11470 train=2.02384 val=None lr=0.000281873
2026-10-01 23:52:58,893 step=11480 train=2.31933 val=None lr=0.000281838
2026-10-01 23:53:01,196 step=11490 train=2.23278 val=None lr=0.000281804
2026-10-01 23:53:05,427 step=11500 train=1.87898 val=2.0916683316230773 lr=0.000281769
2026-10-01 23:53:10,625 step=11510 train=2.08028 val=None lr=0.000281734
2026-10-01 23:53:13,127 step=11520 train=2.14539 val=None lr=0.000281699
2026-10-01 23:53:15,586 step=11530 train=1.98454 val=None lr=0.000281665
2026-10-01 23:53:17,139 step=11540 train=2.02354 val=None lr=0.00028163
2026-10-01 23:53:19,564 step=11550 train=2.09571 val=None lr=0.000281595
2026-10-01 23:53:22,109 step=11560 train=2.50964 val=None lr=0.00028156
2026-10-01 23:53:24,783 step=11570 train=2.10785 val=None lr=0.000281525
2026-10-01 23:53:27,177 step=11580 train=2.30528 val=None lr=0.00028149
2026-10-01 23:53:29,429 step=11590 train=1.82341 val=None lr=0.000281455
2026-10-01 23:53:33,753 step=11600 train=2.03255 val=2.0898582875728606 lr=0.00028142
2026-10-01 23:53:36,318 step=11610 train=1.98252 val=None lr=0.000281385
2026-10-01 23:53:38,707 step=11620 train=2.21007 val=None lr=0.00028135
2026-10-01 23:53:41,080 step=11630 train=2.18556 val=None lr=0.000281315
2026-10-01 23:53:43,318 step=11640 train=2.10911 val=None lr=0.000281279
2026-10-01 23:53:45,791 step=11650 train=2.13503 val=None lr=0.000281244
2026-10-01 23:53:47,241 step=11660 train=2.03759 val=None lr=0.000281209
2026-10-01 23:53:49,689 step=11670 train=1.95651 val=None lr=0.000281174
2026-10-01 23:53:51,982 step=11680 train=2.33462 val=None lr=0.000281138
2026-10-01 23:53:54,281 step=11690 train=2.11935 val=None lr=0.000281103
2026-10-01 23:53:58,970 step=11700 train=2.25165 val=2.0807926177978517 lr=0.000281068
2026-10-01 23:54:01,441 step=11710 train=2.01897 val=None lr=0.000281032
2026-10-01 23:54:03,728 step=11720 train=2.24968 val=None lr=0.000280997
2026-10-01 23:54:06,071 step=11730 train=2.14753 val=None lr=0.000280962
2026-10-01 23:54:08,864 step=11740 train=2.06173 val=None lr=0.000280926
2026-10-01 23:54:11,358 step=11750 train=2.36545 val=None lr=0.000280891
2026-10-01 23:54:13,792 step=11760 train=2.06183 val=None lr=0.000280855
2026-10-01 23:54:16,557 step=11770 train=2.12244 val=None lr=0.000280819
2026-10-01 23:54:18,936 step=11780 train=2.16346 val=None lr=0.000280784
2026-10-01 23:54:20,135 step=11790 train=2.26865 val=None lr=0.000280748
2026-10-01 23:54:24,533 step=11800 train=2.24713 val=2.076479214429855 lr=0.000280713
2026-10-01 23:54:27,178 step=11810 train=1.99456 val=None lr=0.000280677
2026-10-01 23:54:29,514 step=11820 train=2.31176 val=None lr=0.000280641
2026-10-01 23:54:31,881 step=11830 train=2.14039 val=None lr=0.000280605
2026-10-01 23:54:34,276 step=11840 train=2.32404 val=None lr=0.00028057
2026-10-01 23:54:36,743 step=11850 train=2.13238 val=None lr=0.000280534
2026-10-01 23:54:39,140 step=11860 train=2.01542 val=None lr=0.000280498
2026-10-01 23:54:41,731 step=11870 train=2.01476 val=None lr=0.000280462
2026-10-01 23:54:44,036 step=11880 train=2.13533 val=None lr=0.000280426
2026-10-01 23:54:46,559 step=11890 train=2.07785 val=None lr=0.00028039
2026-10-01 23:54:49,942 step=11900 train=2.09391 val=2.0735497534275056 lr=0.000280354
2026-10-01 23:54:52,277 step=11910 train=1.96634 val=None lr=0.000280318
2026-10-01 23:54:54,648 step=11920 train=2.41485 val=None lr=0.000280282
2026-10-01 23:54:56,953 step=11930 train=2.04407 val=None lr=0.000280246
2026-10-01 23:54:59,296 step=11940 train=2.45099 val=None lr=0.00028021
2026-10-01 23:55:01,633 step=11950 train=1.75816 val=None lr=0.000280174
2026-10-01 23:55:04,015 step=11960 train=2.10379 val=None lr=0.000280138
2026-10-01 23:55:06,377 step=11970 train=2.19014 val=None lr=0.000280102
2026-10-01 23:55:08,662 step=11980 train=1.90590 val=None lr=0.000280066
2026-10-01 23:55:10,951 step=11990 train=2.33261 val=None lr=0.000280029
2026-10-01 23:55:15,274 step=12000 train=2.29179 val=2.070398986339569 lr=0.000279993
2026-10-01 23:55:19,582 step=12010 train=2.10539 val=None lr=0.000279957
2026-10-01 23:55:20,882 step=12020 train=2.20688 val=None lr=0.000279921
2026-10-01 23:55:23,162 step=12030 train=2.06788 val=None lr=0.000279884
2026-10-01 23:55:25,516 step=12040 train=1.93344 val=None lr=0.000279848
2026-10-01 23:55:27,873 step=12050 train=2.40088 val=None lr=0.000279811
2026-10-01 23:55:30,234 step=12060 train=2.12636 val=None lr=0.000279775
2026-10-01 23:55:32,503 step=12070 train=2.21052 val=None lr=0.000279739
2026-10-01 23:55:34,748 step=12080 train=1.92702 val=None lr=0.000279702
2026-10-01 23:55:37,061 step=12090 train=2.47067 val=None lr=0.000279666
2026-10-01 23:55:41,539 step=12100 train=2.00725 val=2.066896617412567 lr=0.000279629
2026-10-01 23:55:43,940 step=12110 train=2.25623 val=None lr=0.000279592
2026-10-01 23:55:46,317 step=12120 train=2.14368 val=None lr=0.000279556
2026-10-01 23:55:48,830 step=12130 train=1.96610 val=None lr=0.000279519
2026-10-01 23:55:51,482 step=12140 train=1.82788 val=None lr=0.000279482
2026-10-01 23:55:52,698 step=12150 train=2.19928 val=None lr=0.000279446
2026-10-01 23:55:55,234 step=12160 train=2.01105 val=None lr=0.000279409
2026-10-01 23:55:57,711 step=12170 train=2.01553 val=None lr=0.000279372
2026-10-01 23:56:00,198 step=12180 train=2.21112 val=None lr=0.000279335
2026-10-01 23:56:02,594 step=12190 train=2.09048 val=None lr=0.000279299
2026-10-01 23:56:06,982 step=12200 train=2.24014 val=2.0635205507278442 lr=0.000279262
2026-10-01 23:56:09,348 step=12210 train=2.15087 val=None lr=0.000279225
2026-10-01 23:56:11,655 step=12220 train=1.89183 val=None lr=0.000279188
2026-10-01 23:56:14,165 step=12230 train=2.24057 val=None lr=0.000279151
2026-10-01 23:56:16,612 step=12240 train=2.33463 val=None lr=0.000279114
2026-10-01 23:56:18,974 step=12250 train=2.12065 val=None lr=0.000279077
2026-10-01 23:56:21,245 step=12260 train=1.80864 val=None lr=0.00027904
2026-10-01 23:56:23,689 step=12270 train=2.11371 val=None lr=0.000279003
2026-10-01 23:56:24,920 step=12280 train=2.02669 val=None lr=0.000278966
2026-10-01 23:56:27,638 step=12290 train=1.97114 val=None lr=0.000278929
2026-10-01 23:56:32,030 step=12300 train=2.06634 val=2.0595245003700255 lr=0.000278891
2026-10-01 23:56:34,456 step=12310 train=2.20665 val=None lr=0.000278854
2026-10-01 23:56:36,795 step=12320 train=2.14006 val=None lr=0.000278817
2026-10-01 23:56:39,441 step=12330 train=2.10283 val=None lr=0.00027878
2026-10-01 23:56:41,960 step=12340 train=2.16006 val=None lr=0.000278742
2026-10-01 23:56:44,257 step=12350 train=1.98115 val=None lr=0.000278705
2026-10-01 23:56:46,560 step=12360 train=2.07063 val=None lr=0.000278668
2026-10-01 23:56:49,117 step=12370 train=2.42221 val=None lr=0.00027863
2026-10-01 23:56:51,542 step=12380 train=2.12224 val=None lr=0.000278593
2026-10-01 23:56:54,075 step=12390 train=2.18423 val=None lr=0.000278556
2026-10-01 23:56:57,453 step=12400 train=1.97961 val=2.0576941847801207 lr=0.000278518
2026-10-01 23:57:00,159 step=12410 train=2.08951 val=None lr=0.000278481
2026-10-01 23:57:02,633 step=12420 train=2.25947 val=None lr=0.000278443
2026-10-01 23:57:05,218 step=12430 train=2.08720 val=None lr=0.000278406
2026-10-01 23:57:07,662 step=12440 train=2.31511 val=None lr=0.000278368
2026-10-01 23:57:10,043 step=12450 train=1.93187 val=None lr=0.00027833
2026-10-01 23:57:12,585 step=12460 train=2.09463 val=None lr=0.000278293
2026-10-01 23:57:15,266 step=12470 train=2.17186 val=None lr=0.000278255
2026-10-01 23:57:17,903 step=12480 train=1.97933 val=None lr=0.000278217
2026-10-01 23:57:20,356 step=12490 train=2.07642 val=None lr=0.00027818
2026-10-01 23:57:24,866 step=12500 train=2.04097 val=2.0508685767650605 lr=0.000278142
2026-10-01 23:57:28,859 step=12510 train=2.15374 val=None lr=0.000278104
2026-10-01 23:57:31,288 step=12520 train=2.00383 val=None lr=0.000278066
2026-10-01 23:57:33,835 step=12530 train=2.22604 val=None lr=0.000278028
2026-10-01 23:57:36,579 step=12540 train=2.12596 val=None lr=0.000277991
2026-10-01 23:57:39,128 step=12550 train=1.92240 val=None lr=0.000277953
2026-10-01 23:57:41,652 step=12560 train=2.12391 val=None lr=0.000277915
2026-10-01 23:57:44,028 step=12570 train=2.39946 val=None lr=0.000277877
2026-10-01 23:57:46,374 step=12580 train=1.99280 val=None lr=0.000277839
2026-10-01 23:57:48,820 step=12590 train=2.32598 val=None lr=0.000277801
2026-10-01 23:57:53,415 step=12600 train=1.95732 val=2.0470528185367582 lr=0.000277763
2026-10-01 23:57:55,867 step=12610 train=2.01365 val=None lr=0.000277725
2026-10-01 23:57:58,265 step=12620 train=2.07068 val=None lr=0.000277686
2026-10-01 23:57:59,562 step=12630 train=2.21146 val=None lr=0.000277648
2026-10-01 23:58:02,002 step=12640 train=2.19805 val=None lr=0.00027761
2026-10-01 23:58:04,343 step=12650 train=1.76246 val=None lr=0.000277572
2026-10-01 23:58:06,716 step=12660 train=1.99624 val=None lr=0.000277534
2026-10-01 23:58:09,093 step=12670 train=2.17857 val=None lr=0.000277495
2026-10-01 23:58:11,395 step=12680 train=2.12632 val=None lr=0.000277457
2026-10-01 23:58:13,662 step=12690 train=2.02037 val=None lr=0.000277419
2026-10-01 23:58:17,748 step=12700 train=2.19241 val=2.049570858478546 lr=0.00027738
2026-10-01 23:58:20,116 step=12710 train=2.13659 val=None lr=0.000277342
2026-10-01 23:58:22,431 step=12720 train=1.92077 val=None lr=0.000277304
2026-10-01 23:58:24,746 step=12730 train=2.04441 val=None lr=0.000277265
2026-10-01 23:58:27,023 step=12740 train=2.04680 val=None lr=0.000277227
2026-10-01 23:58:29,336 step=12750 train=2.37580 val=None lr=0.000277188
2026-10-01 23:58:30,592 step=12760 train=2.17306 val=None lr=0.00027715
2026-10-01 23:58:32,903 step=12770 train=2.00245 val=None lr=0.000277111
2026-10-01 23:58:35,424 step=12780 train=2.26427 val=None lr=0.000277073
2026-10-01 23:58:38,096 step=12790 train=2.00929 val=None lr=0.000277034
2026-10-01 23:58:42,344 step=12800 train=1.85846 val=2.0446847140789033 lr=0.000276995
2026-10-01 23:58:45,058 step=12810 train=2.14954 val=None lr=0.000276957
2026-10-01 23:58:47,638 step=12820 train=1.90306 val=None lr=0.000276918
2026-10-01 23:58:50,152 step=12830 train=2.06083 val=None lr=0.000276879
2026-10-01 23:58:52,717 step=12840 train=2.11605 val=None lr=0.00027684
2026-10-01 23:58:55,238 step=12850 train=2.34694 val=None lr=0.000276802
2026-10-01 23:58:57,803 step=12860 train=2.19410 val=None lr=0.000276763
2026-10-01 23:59:00,244 step=12870 train=2.16515 val=None lr=0.000276724
2026-10-01 23:59:01,754 step=12880 train=1.94201 val=None lr=0.000276685
2026-10-01 23:59:04,353 step=12890 train=2.06522 val=None lr=0.000276646
2026-10-01 23:59:08,594 step=12900 train=2.40560 val=2.036828601360321 lr=0.000276607
2026-10-01 23:59:11,052 step=12910 train=2.14607 val=None lr=0.000276568
2026-10-01 23:59:13,468 step=12920 train=2.02123 val=None lr=0.000276529
2026-10-01 23:59:15,825 step=12930 train=2.21526 val=None lr=0.00027649
2026-10-01 23:59:18,140 step=12940 train=1.83011 val=None lr=0.000276451
2026-10-01 23:59:20,633 step=12950 train=2.17654 val=None lr=0.000276412
2026-10-01 23:59:23,227 step=12960 train=1.91661 val=None lr=0.000276373
2026-10-01 23:59:25,700 step=12970 train=2.10466 val=None lr=0.000276334
2026-10-01 23:59:28,277 step=12980 train=1.96979 val=None lr=0.000276295
2026-10-01 23:59:30,625 step=12990 train=2.01675 val=None lr=0.000276255
2026-10-01 23:59:33,902 step=13000 train=2.03934 val=2.0368215799331666 lr=0.000276216
2026-10-01 23:59:38,945 step=13010 train=2.23861 val=None lr=0.000276177
2026-10-01 23:59:41,419 step=13020 train=2.29794 val=None lr=0.000276138
2026-10-01 23:59:43,806 step=13030 train=2.15350 val=None lr=0.000276098
2026-10-01 23:59:46,405 step=13040 train=2.16283 val=None lr=0.000276059
2026-10-01 23:59:48,928 step=13050 train=1.92916 val=None lr=0.00027602
2026-10-01 23:59:51,442 step=13060 train=2.03378 val=None lr=0.00027598
2026-10-01 23:59:53,764 step=13070 train=2.10453 val=None lr=0.000275941
2026-10-01 23:59:56,374 step=13080 train=2.15313 val=None lr=0.000275901
2026-10-01 23:59:59,206 step=13090 train=1.95687 val=None lr=0.000275862
2026-10-02 00:00:03,104 step=13100 train=1.87675 val=2.036833423376083 lr=0.000275822
2026-10-02 00:00:04,689 step=13110 train=2.13758 val=None lr=0.000275783
2026-10-02 00:00:07,073 step=13120 train=2.05137 val=None lr=0.000275743
2026-10-02 00:00:09,394 step=13130 train=2.00992 val=None lr=0.000275703
2026-10-02 00:00:12,197 step=13140 train=1.82053 val=None lr=0.000275664
2026-10-02 00:00:14,695 step=13150 train=1.76724 val=None lr=0.000275624
2026-10-02 00:00:17,260 step=13160 train=2.30661 val=None lr=0.000275584
2026-10-02 00:00:19,725 step=13170 train=2.30151 val=None lr=0.000275545
2026-10-02 00:00:21,984 step=13180 train=1.81206 val=None lr=0.000275505
2026-10-02 00:00:24,316 step=13190 train=2.32580 val=None lr=0.000275465
2026-10-02 00:00:28,575 step=13200 train=2.25970 val=2.028865301609039 lr=0.000275425
2026-10-02 00:00:31,203 step=13210 train=2.21213 val=None lr=0.000275385
2026-10-02 00:00:33,625 step=13220 train=1.96138 val=None lr=0.000275346
2026-10-02 00:00:34,950 step=13230 train=1.90811 val=None lr=0.000275306
2026-10-02 00:00:37,461 step=13240 train=2.13238 val=None lr=0.000275266
2026-10-02 00:00:39,896 step=13250 train=2.17571 val=None lr=0.000275226
2026-10-02 00:00:42,400 step=13260 train=2.03077 val=None lr=0.000275186
2026-10-02 00:00:44,852 step=13270 train=1.82040 val=None lr=0.000275146
2026-10-02 00:00:47,146 step=13280 train=2.07842 val=None lr=0.000275106
2026-10-02 00:00:49,645 step=13290 train=2.01151 val=None lr=0.000275066
2026-10-02 00:00:54,233 step=13300 train=1.86118 val=2.028347784280777 lr=0.000275026
2026-10-02 00:00:56,807 step=13310 train=2.45812 val=None lr=0.000274985
2026-10-02 00:00:59,118 step=13320 train=2.02443 val=None lr=0.000274945
2026-10-02 00:01:01,580 step=13330 train=2.19207 val=None lr=0.000274905
2026-10-02 00:01:04,244 step=13340 train=2.46875 val=None lr=0.000274865
2026-10-02 00:01:06,760 step=13350 train=2.05432 val=None lr=0.000274825
2026-10-02 00:01:08,371 step=13360 train=1.98394 val=None lr=0.000274784
2026-10-02 00:01:10,908 step=13370 train=1.89593 val=None lr=0.000274744
2026-10-02 00:01:13,454 step=13380 train=1.96623 val=None lr=0.000274704
2026-10-02 00:01:15,946 step=13390 train=1.97985 val=None lr=0.000274663
2026-10-02 00:01:20,459 step=13400 train=2.03365 val=2.0183109998703004 lr=0.000274623
2026-10-02 00:01:22,931 step=13410 train=2.03026 val=None lr=0.000274582
2026-10-02 00:01:25,432 step=13420 train=2.10490 val=None lr=0.000274542
2026-10-02 00:01:28,249 step=13430 train=2.05967 val=None lr=0.000274501
2026-10-02 00:01:30,595 step=13440 train=2.44029 val=None lr=0.000274461
2026-10-02 00:01:33,060 step=13450 train=1.99196 val=None lr=0.00027442
2026-10-02 00:01:35,544 step=13460 train=2.36254 val=None lr=0.00027438
2026-10-02 00:01:38,019 step=13470 train=2.07833 val=None lr=0.000274339
2026-10-02 00:01:39,195 step=13480 train=1.94068 val=None lr=0.000274299
2026-10-02 00:01:41,513 step=13490 train=2.24535 val=None lr=0.000274258
2026-10-02 00:01:45,334 step=13500 train=2.43305 val=2.0195062816143037 lr=0.000274217
2026-10-02 00:01:50,075 step=13510 train=2.02615 val=None lr=0.000274177
2026-10-02 00:01:52,539 step=13520 train=2.15601 val=None lr=0.000274136
2026-10-02 00:01:54,984 step=13530 train=2.09601 val=None lr=0.000274095
2026-10-02 00:01:57,460 step=13540 train=2.41450 val=None lr=0.000274054
2026-10-02 00:01:59,908 step=13550 train=1.94966 val=None lr=0.000274013
2026-10-02 00:02:02,421 step=13560 train=2.03710 val=None lr=0.000273973
2026-10-02 00:02:04,920 step=13570 train=1.76761 val=None lr=0.000273932
2026-10-02 00:02:07,457 step=13580 train=1.91755 val=None lr=0.000273891
2026-10-02 00:02:09,834 step=13590 train=2.08735 val=None lr=0.00027385
2026-10-02 00:02:13,307 step=13600 train=2.09998 val=2.017527449131012 lr=0.000273809
2026-10-02 00:02:15,676 step=13610 train=1.90232 val=None lr=0.000273768
2026-10-02 00:02:18,138 step=13620 train=2.24826 val=None lr=0.000273727
2026-10-02 00:02:20,715 step=13630 train=2.07435 val=None lr=0.000273686
2026-10-02 00:02:23,096 step=13640 train=2.07620 val=None lr=0.000273645
2026-10-02 00:02:25,388 step=13650 train=2.11280 val=None lr=0.000273604
2026-10-02 00:02:28,026 step=13660 train=2.11713 val=None lr=0.000273562
2026-10-02 00:02:30,493 step=13670 train=2.09851 val=None lr=0.000273521
2026-10-02 00:02:33,077 step=13680 train=2.07039 val=None lr=0.00027348
2026-10-02 00:02:35,922 step=13690 train=1.87029 val=None lr=0.000273439
2026-10-02 00:02:40,313 step=13700 train=1.97065 val=2.0063953399658203 lr=0.000273398
2026-10-02 00:02:41,752 step=13710 train=1.85019 val=None lr=0.000273356
2026-10-02 00:02:44,165 step=13720 train=2.01194 val=None lr=0.000273315
2026-10-02 00:02:46,895 step=13730 train=2.05786 val=None lr=0.000273274
2026-10-02 00:02:49,182 step=13740 train=2.04473 val=None lr=0.000273232
2026-10-02 00:02:51,438 step=13750 train=1.99809 val=None lr=0.000273191
2026-10-02 00:02:53,740 step=13760 train=1.98122 val=None lr=0.000273149
2026-10-02 00:02:56,154 step=13770 train=1.88801 val=None lr=0.000273108
2026-10-02 00:02:58,571 step=13780 train=2.29838 val=None lr=0.000273066
2026-10-02 00:03:01,207 step=13790 train=2.08544 val=None lr=0.000273025
2026-10-02 00:03:05,494 step=13800 train=1.77084 val=2.004699355363846 lr=0.000272983
2026-10-02 00:03:07,902 step=13810 train=2.18537 val=None lr=0.000272942
2026-10-02 00:03:10,151 step=13820 train=2.01711 val=None lr=0.0002729
2026-10-02 00:03:12,016 step=13830 train=2.54300 val=None lr=0.000272859
2026-10-02 00:03:14,272 step=13840 train=2.03734 val=None lr=0.000272817
2026-10-02 00:03:16,691 step=13850 train=1.80822 val=None lr=0.000272775
2026-10-02 00:03:19,098 step=13860 train=2.62061 val=None lr=0.000272734
2026-10-02 00:03:21,657 step=13870 train=2.10460 val=None lr=0.000272692
2026-10-02 00:03:24,182 step=13880 train=2.25162 val=None lr=0.00027265
2026-10-02 00:03:26,544 step=13890 train=1.94458 val=None lr=0.000272608
2026-10-02 00:03:30,921 step=13900 train=2.02997 val=2.0024722278118134 lr=0.000272566
2026-10-02 00:03:33,452 step=13910 train=1.99872 val=None lr=0.000272525
2026-10-02 00:03:35,892 step=13920 train=2.04247 val=None lr=0.000272483
2026-10-02 00:03:38,346 step=13930 train=1.88323 val=None lr=0.000272441
2026-10-02 00:03:40,952 step=13940 train=2.25625 val=None lr=0.000272399
2026-10-02 00:03:43,496 step=13950 train=2.30636 val=None lr=0.000272357
2026-10-02 00:03:44,680 step=13960 train=2.13415 val=None lr=0.000272315
2026-10-02 00:03:47,263 step=13970 train=2.40726 val=None lr=0.000272273
2026-10-02 00:03:50,124 step=13980 train=2.02004 val=None lr=0.000272231
2026-10-02 00:03:52,545 step=13990 train=2.45943 val=None lr=0.000272189
2026-10-02 00:03:56,464 step=14000 train=1.93602 val=2.003048425912857 lr=0.000272147
2026-10-02 00:04:01,759 step=14010 train=2.05678 val=None lr=0.000272104
2026-10-02 00:04:04,188 step=14020 train=1.92769 val=None lr=0.000272062
2026-10-02 00:04:06,590 step=14030 train=2.22081 val=None lr=0.00027202
2026-10-02 00:04:08,931 step=14040 train=2.19206 val=None lr=0.000271978
2026-10-02 00:04:11,301 step=14050 train=2.04037 val=None lr=0.000271936
2026-10-02 00:04:13,674 step=14060 train=1.85825 val=None lr=0.000271893
2026-10-02 00:04:14,937 step=14070 train=2.05454 val=None lr=0.000271851
2026-10-02 00:04:17,298 step=14080 train=2.17705 val=None lr=0.000271809
2026-10-02 00:04:19,767 step=14090 train=2.05389 val=None lr=0.000271766
2026-10-02 00:04:24,066 step=14100 train=2.24330 val=1.9955152213573455 lr=0.000271724
2026-10-02 00:04:26,436 step=14110 train=2.11610 val=None lr=0.000271682
2026-10-02 00:04:28,910 step=14120 train=2.01109 val=None lr=0.000271639
2026-10-02 00:04:31,442 step=14130 train=2.21906 val=None lr=0.000271597
2026-10-02 00:04:33,824 step=14140 train=1.99282 val=None lr=0.000271554
2026-10-02 00:04:36,440 step=14150 train=2.12018 val=None lr=0.000271512
2026-10-02 00:04:38,837 step=14160 train=2.13662 val=None lr=0.000271469
2026-10-02 00:04:41,233 step=14170 train=2.12499 val=None lr=0.000271426
2026-10-02 00:04:43,544 step=14180 train=2.09732 val=None lr=0.000271384
2026-10-02 00:04:45,899 step=14190 train=2.12723 val=None lr=0.000271341
2026-10-02 00:04:49,215 step=14200 train=2.11634 val=1.9913843154907227 lr=0.000271299
2026-10-02 00:04:51,664 step=14210 train=2.13143 val=None lr=0.000271256
2026-10-02 00:04:53,939 step=14220 train=2.10485 val=None lr=0.000271213
2026-10-02 00:04:56,196 step=14230 train=2.39316 val=None lr=0.00027117
2026-10-02 00:04:58,548 step=14240 train=1.86024 val=None lr=0.000271128
2026-10-02 00:05:01,051 step=14250 train=2.40266 val=None lr=0.000271085
2026-10-02 00:05:03,466 step=14260 train=2.02836 val=None lr=0.000271042
2026-10-02 00:05:05,867 step=14270 train=2.14591 val=None lr=0.000270999
2026-10-02 00:05:08,254 step=14280 train=1.87216 val=None lr=0.000270956
2026-10-02 00:05:11,093 step=14290 train=2.01028 val=None lr=0.000270913
2026-10-02 00:05:15,448 step=14300 train=1.94663 val=1.9890069365501404 lr=0.00027087
2026-10-02 00:05:17,862 step=14310 train=2.44251 val=None lr=0.000270827
2026-10-02 00:05:19,108 step=14320 train=1.89594 val=None lr=0.000270784
2026-10-02 00:05:21,458 step=14330 train=2.03047 val=None lr=0.000270741
2026-10-02 00:05:23,801 step=14340 train=1.78725 val=None lr=0.000270698
2026-10-02 00:05:26,334 step=14350 train=2.48886 val=None lr=0.000270655
2026-10-02 00:05:28,910 step=14360 train=1.85925 val=None lr=0.000270612
2026-10-02 00:05:31,212 step=14370 train=2.06563 val=None lr=0.000270569
2026-10-02 00:05:33,509 step=14380 train=2.01882 val=None lr=0.000270526
2026-10-02 00:05:36,023 step=14390 train=2.25573 val=None lr=0.000270482
2026-10-02 00:05:39,852 step=14400 train=2.01835 val=1.9924689829349518 lr=0.000270439
2026-10-02 00:05:42,146 step=14410 train=2.28186 val=None lr=0.000270396
2026-10-02 00:05:44,557 step=14420 train=2.02788 val=None lr=0.000270353
2026-10-02 00:05:47,068 step=14430 train=1.83064 val=None lr=0.000270309
2026-10-02 00:05:48,311 step=14440 train=2.09255 val=None lr=0.000270266
2026-10-02 00:05:50,628 step=14450 train=1.95190 val=None lr=0.000270223
2026-10-02 00:05:53,067 step=14460 train=2.13764 val=None lr=0.000270179
2026-10-02 00:05:55,646 step=14470 train=2.31688 val=None lr=0.000270136
2026-10-02 00:05:58,131 step=14480 train=1.94348 val=None lr=0.000270092
2026-10-02 00:06:00,440 step=14490 train=2.06701 val=None lr=0.000270049
2026-10-02 00:06:04,814 step=14500 train=2.10375 val=1.985158532857895 lr=0.000270005
2026-10-02 00:06:10,091 step=14510 train=1.88417 val=None lr=0.000269962
2026-10-02 00:06:12,373 step=14520 train=1.88463 val=None lr=0.000269918
2026-10-02 00:06:14,761 step=14530 train=1.94372 val=None lr=0.000269875
2026-10-02 00:06:17,142 step=14540 train=1.81913 val=None lr=0.000269831
2026-10-02 00:06:19,640 step=14550 train=1.95925 val=None lr=0.000269787
2026-10-02 00:06:21,062 step=14560 train=2.07176 val=None lr=0.000269744
2026-10-02 00:06:23,546 step=14570 train=2.05962 val=None lr=0.0002697
2026-10-02 00:06:25,887 step=14580 train=2.33302 val=None lr=0.000269656
2026-10-02 00:06:28,472 step=14590 train=2.09516 val=None lr=0.000269613
2026-10-02 00:06:33,025 step=14600 train=2.01313 val=1.9794577181339263 lr=0.000269569
2026-10-02 00:06:35,615 step=14610 train=2.13793 val=None lr=0.000269525
2026-10-02 00:06:38,217 step=14620 train=2.06585 val=None lr=0.000269481
2026-10-02 00:06:40,670 step=14630 train=2.13008 val=None lr=0.000269437
2026-10-02 00:06:42,969 step=14640 train=2.05587 val=None lr=0.000269393
2026-10-02 00:06:45,465 step=14650 train=2.26890 val=None lr=0.00026935
2026-10-02 00:06:47,869 step=14660 train=2.04826 val=None lr=0.000269306
2026-10-02 00:06:50,178 step=14670 train=1.99729 val=None lr=0.000269262
2026-10-02 00:06:51,462 step=14680 train=2.07345 val=None lr=0.000269218
2026-10-02 00:06:53,833 step=14690 train=2.21985 val=None lr=0.000269174
2026-10-02 00:06:58,131 step=14700 train=1.71116 val=1.9739453792572021 lr=0.00026913
2026-10-02 00:07:00,822 step=14710 train=2.19313 val=None lr=0.000269085
2026-10-02 00:07:03,176 step=14720 train=2.02704 val=None lr=0.000269041
2026-10-02 00:07:05,516 step=14730 train=2.11302 val=None lr=0.000268997
2026-10-02 00:07:07,932 step=14740 train=1.99669 val=None lr=0.000268953
2026-10-02 00:07:10,780 step=14750 train=1.98992 val=None lr=0.000268909
2026-10-02 00:07:13,411 step=14760 train=2.08849 val=None lr=0.000268865
2026-10-02 00:07:15,918 step=14770 train=1.99125 val=None lr=0.00026882
2026-10-02 00:07:18,230 step=14780 train=1.93737 val=None lr=0.000268776
2026-10-02 00:07:20,576 step=14790 train=1.79538 val=None lr=0.000268732
2026-10-02 00:07:23,477 step=14800 train=1.87055 val=1.974039727449417 lr=0.000268687
2026-10-02 00:07:25,842 step=14810 train=1.87137 val=None lr=0.000268643
2026-10-02 00:07:28,330 step=14820 train=1.93991 val=None lr=0.000268599
2026-10-02 00:07:30,669 step=14830 train=1.99532 val=None lr=0.000268554
2026-10-02 00:07:33,292 step=14840 train=2.07397 val=None lr=0.00026851
2026-10-02 00:07:35,684 step=14850 train=1.99365 val=None lr=0.000268465
2026-10-02 00:07:38,358 step=14860 train=2.05482 val=None lr=0.000268421
2026-10-02 00:07:40,727 step=14870 train=1.73420 val=None lr=0.000268376
2026-10-02 00:07:43,143 step=14880 train=1.84946 val=None lr=0.000268332
2026-10-02 00:07:45,559 step=14890 train=2.14355 val=None lr=0.000268287
2026-10-02 00:07:49,603 step=14900 train=1.98911 val=1.9767643094062806 lr=0.000268243
2026-10-02 00:07:52,137 step=14910 train=2.08585 val=None lr=0.000268198
2026-10-02 00:07:54,611 step=14920 train=2.04615 val=None lr=0.000268153
2026-10-02 00:07:56,140 step=14930 train=2.05395 val=None lr=0.000268109
2026-10-02 00:07:58,514 step=14940 train=2.05772 val=None lr=0.000268064
2026-10-02 00:08:00,880 step=14950 train=1.79247 val=None lr=0.000268019
2026-10-02 00:08:03,187 step=14960 train=2.17606 val=None lr=0.000267975
2026-10-02 00:08:05,497 step=14970 train=1.80534 val=None lr=0.00026793
2026-10-02 00:08:07,929 step=14980 train=2.04758 val=None lr=0.000267885
2026-10-02 00:08:10,483 step=14990 train=2.12979 val=None lr=0.00026784
2026-10-02 00:08:14,302 step=15000 train=2.27652 val=1.9756892263889312 lr=0.000267795
2026-10-02 00:08:19,552 step=15010 train=1.83971 val=None lr=0.00026775
2026-10-02 00:08:22,074 step=15020 train=2.04298 val=None lr=0.000267705
2026-10-02 00:08:24,542 step=15030 train=1.90579 val=None lr=0.00026766
2026-10-02 00:08:25,747 step=15040 train=1.98257 val=None lr=0.000267615
2026-10-02 00:08:28,212 step=15050 train=1.92587 val=None lr=0.00026757
2026-10-02 00:08:30,656 step=15060 train=1.92515 val=None lr=0.000267525
2026-10-02 00:08:33,072 step=15070 train=1.80558 val=None lr=0.00026748
2026-10-02 00:08:35,522 step=15080 train=2.21606 val=None lr=0.000267435
2026-10-02 00:08:37,948 step=15090 train=1.93543 val=None lr=0.00026739
2026-10-02 00:08:42,470 step=15100 train=2.01530 val=1.9714042484760284 lr=0.000267345
2026-10-02 00:08:44,945 step=15110 train=1.88461 val=None lr=0.0002673
2026-10-02 00:08:47,235 step=15120 train=2.03530 val=None lr=0.000267255
2026-10-02 00:08:49,617 step=15130 train=1.88757 val=None lr=0.000267209
2026-10-02 00:08:51,989 step=15140 train=2.09787 val=None lr=0.000267164
2026-10-02 00:08:54,496 step=15150 train=1.80803 val=None lr=0.000267119
2026-10-02 00:08:57,043 step=15160 train=2.20324 val=None lr=0.000267074
2026-10-02 00:08:58,291 step=15170 train=1.91912 val=None lr=0.000267028
2026-10-02 00:09:00,838 step=15180 train=2.29318 val=None lr=0.000266983
2026-10-02 00:09:03,130 step=15190 train=2.13269 val=None lr=0.000266938
2026-10-02 00:09:07,663 step=15200 train=1.95863 val=1.9705062866210938 lr=0.000266892
2026-10-02 00:09:10,012 step=15210 train=2.32360 val=None lr=0.000266847
2026-10-02 00:09:12,551 step=15220 train=1.95980 val=None lr=0.000266801
2026-10-02 00:09:14,990 step=15230 train=2.03140 val=None lr=0.000266756
2026-10-02 00:09:17,345 step=15240 train=1.82457 val=None lr=0.00026671
2026-10-02 00:09:19,861 step=15250 train=2.34127 val=None lr=0.000266665
2026-10-02 00:09:22,200 step=15260 train=2.13619 val=None lr=0.000266619
2026-10-02 00:09:24,528 step=15270 train=2.03353 val=None lr=0.000266573
2026-10-02 00:09:27,003 step=15280 train=2.25266 val=None lr=0.000266528
2026-10-02 00:09:28,187 step=15290 train=1.99203 val=None lr=0.000266482
2026-10-02 00:09:32,505 step=15300 train=2.17531 val=1.9611418187618255 lr=0.000266437
2026-10-02 00:09:34,829 step=15310 train=1.97270 val=None lr=0.000266391
2026-10-02 00:09:37,173 step=15320 train=2.01847 val=None lr=0.000266345
2026-10-02 00:09:39,546 step=15330 train=2.02538 val=None lr=0.000266299
2026-10-02 00:09:41,983 step=15340 train=2.01450 val=None lr=0.000266254
2026-10-02 00:09:44,308 step=15350 train=2.17793 val=None lr=0.000266208
2026-10-02 00:09:46,645 step=15360 train=2.22211 val=None lr=0.000266162
2026-10-02 00:09:48,907 step=15370 train=2.04155 val=None lr=0.000266116
2026-10-02 00:09:51,162 step=15380 train=1.99890 val=None lr=0.00026607
2026-10-02 00:09:53,455 step=15390 train=1.92378 val=None lr=0.000266024
2026-10-02 00:09:57,638 step=15400 train=1.85845 val=1.9588593900203706 lr=0.000265978
2026-10-02 00:10:00,128 step=15410 train=1.83893 val=None lr=0.000265932
2026-10-02 00:10:01,405 step=15420 train=2.14685 val=None lr=0.000265886
2026-10-02 00:10:03,788 step=15430 train=1.88624 val=None lr=0.00026584
2026-10-02 00:10:06,384 step=15440 train=1.99736 val=None lr=0.000265794
2026-10-02 00:10:08,753 step=15450 train=1.74900 val=None lr=0.000265748
2026-10-02 00:10:11,045 step=15460 train=1.96492 val=None lr=0.000265702
2026-10-02 00:10:13,376 step=15470 train=1.89537 val=None lr=0.000265656
2026-10-02 00:10:15,924 step=15480 train=1.83408 val=None lr=0.00026561
2026-10-02 00:10:18,265 step=15490 train=1.90711 val=None lr=0.000265564
2026-10-02 00:10:22,506 step=15500 train=1.92689 val=1.9562851190567017 lr=0.000265517
2026-10-02 00:10:27,641 step=15510 train=1.78837 val=None lr=0.000265471
2026-10-02 00:10:30,383 step=15520 train=1.97423 val=None lr=0.000265425
2026-10-02 00:10:31,722 step=15530 train=1.97479 val=None lr=0.000265379
2026-10-02 00:10:34,034 step=15540 train=1.98228 val=None lr=0.000265332
2026-10-02 00:10:36,430 step=15550 train=1.74958 val=None lr=0.000265286
2026-10-02 00:10:38,824 step=15560 train=2.06306 val=None lr=0.00026524
2026-10-02 00:10:41,087 step=15570 train=2.12580 val=None lr=0.000265193
2026-10-02 00:10:43,478 step=15580 train=1.91522 val=None lr=0.000265147
2026-10-02 00:10:45,756 step=15590 train=2.05362 val=None lr=0.0002651
2026-10-02 00:10:49,612 step=15600 train=1.89794 val=1.9613723933696747 lr=0.000265054
2026-10-02 00:10:51,906 step=15610 train=2.00420 val=None lr=0.000265007
2026-10-02 00:10:54,270 step=15620 train=1.72206 val=None lr=0.000264961
2026-10-02 00:10:56,735 step=15630 train=1.88096 val=None lr=0.000264914
2026-10-02 00:10:59,089 step=15640 train=2.15004 val=None lr=0.000264868
2026-10-02 00:11:01,584 step=15650 train=2.30874 val=None lr=0.000264821
2026-10-02 00:11:02,716 step=15660 train=1.76729 val=None lr=0.000264774
2026-10-02 00:11:05,012 step=15670 train=1.88810 val=None lr=0.000264728
2026-10-02 00:11:07,495 step=15680 train=2.27378 val=None lr=0.000264681
2026-10-02 00:11:09,992 step=15690 train=1.87216 val=None lr=0.000264634
2026-10-02 00:11:14,486 step=15700 train=2.22430 val=1.9537859320640565 lr=0.000264588
2026-10-02 00:11:16,976 step=15710 train=1.98923 val=None lr=0.000264541
2026-10-02 00:11:19,696 step=15720 train=2.04039 val=None lr=0.000264494
2026-10-02 00:11:22,225 step=15730 train=2.00454 val=None lr=0.000264447
2026-10-02 00:11:24,663 step=15740 train=2.07095 val=None lr=0.0002644
2026-10-02 00:11:27,191 step=15750 train=2.09197 val=None lr=0.000264354
2026-10-02 00:11:29,723 step=15760 train=1.96403 val=None lr=0.000264307
2026-10-02 00:11:32,196 step=15770 train=1.88928 val=None lr=0.00026426
2026-10-02 00:11:33,434 step=15780 train=2.10490 val=None lr=0.000264213
2026-10-02 00:11:35,964 step=15790 train=2.26929 val=None lr=0.000264166
2026-10-02 00:11:40,402 step=15800 train=1.88378 val=1.9500970780849456 lr=0.000264119
2026-10-02 00:11:42,760 step=15810 train=2.00969 val=None lr=0.000264072
2026-10-02 00:11:45,178 step=15820 train=2.20272 val=None lr=0.000264025
2026-10-02 00:11:47,545 step=15830 train=2.24142 val=None lr=0.000263978
2026-10-02 00:11:49,898 step=15840 train=1.82433 val=None lr=0.000263931
2026-10-02 00:11:52,300 step=15850 train=2.27246 val=None lr=0.000263883
2026-10-02 00:11:54,770 step=15860 train=2.33916 val=None lr=0.000263836
2026-10-02 00:11:57,250 step=15870 train=2.02489 val=None lr=0.000263789
2026-10-02 00:11:59,646 step=15880 train=1.91025 val=None lr=0.000263742
2026-10-02 00:12:01,996 step=15890 train=1.76996 val=None lr=0.000263695
2026-10-02 00:12:05,352 step=15900 train=2.06818 val=1.9500567674636842 lr=0.000263647
2026-10-02 00:12:07,700 step=15910 train=1.97525 val=None lr=0.0002636
2026-10-02 00:12:10,245 step=15920 train=1.91081 val=None lr=0.000263553
2026-10-02 00:12:12,755 step=15930 train=1.84712 val=None lr=0.000263506
2026-10-02 00:12:15,264 step=15940 train=2.02705 val=None lr=0.000263458
2026-10-02 00:12:17,839 step=15950 train=2.13955 val=None lr=0.000263411
2026-10-02 00:12:20,344 step=15960 train=1.66604 val=None lr=0.000263363
2026-10-02 00:12:22,687 step=15970 train=1.91111 val=None lr=0.000263316
2026-10-02 00:12:25,046 step=15980 train=2.00931 val=None lr=0.000263268
2026-10-02 00:12:27,838 step=15990 train=2.02632 val=None lr=0.000263221
2026-10-02 00:12:32,311 step=16000 train=2.01095 val=1.948594319820404 lr=0.000263173
2026-10-02 00:12:35,863 step=16010 train=2.26351 val=None lr=0.000263126
2026-10-02 00:12:38,266 step=16020 train=1.82184 val=None lr=0.000263078
2026-10-02 00:12:40,745 step=16030 train=2.06827 val=None lr=0.000263031
2026-10-02 00:12:43,147 step=16040 train=1.96743 val=None lr=0.000262983
2026-10-02 00:12:45,526 step=16050 train=1.91146 val=None lr=0.000262935
2026-10-02 00:12:48,000 step=16060 train=1.98662 val=None lr=0.000262888
2026-10-02 00:12:50,420 step=16070 train=2.03106 val=None lr=0.00026284
2026-10-02 00:12:52,955 step=16080 train=2.01683 val=None lr=0.000262792
2026-10-02 00:12:55,690 step=16090 train=1.92866 val=None lr=0.000262745
2026-10-02 00:13:00,251 step=16100 train=2.18156 val=1.9438959538936615 lr=0.000262697
2026-10-02 00:13:02,889 step=16110 train=2.09842 val=None lr=0.000262649
2026-10-02 00:13:05,222 step=16120 train=1.78306 val=None lr=0.000262601
2026-10-02 00:13:07,574 step=16130 train=1.91122 val=None lr=0.000262553
2026-10-02 00:13:09,187 step=16140 train=2.01435 val=None lr=0.000262506
2026-10-02 00:13:11,592 step=16150 train=1.88867 val=None lr=0.000262458
2026-10-02 00:13:14,050 step=16160 train=2.00319 val=None lr=0.00026241
2026-10-02 00:13:16,446 step=16170 train=1.84514 val=None lr=0.000262362
2026-10-02 00:13:19,012 step=16180 train=1.84566 val=None lr=0.000262314
2026-10-02 00:13:21,491 step=16190 train=1.70026 val=None lr=0.000262266
2026-10-02 00:13:25,891 step=16200 train=1.90932 val=1.938409650325775 lr=0.000262218
2026-10-02 00:13:28,404 step=16210 train=1.67017 val=None lr=0.00026217
2026-10-02 00:13:31,066 step=16220 train=1.87093 val=None lr=0.000262122
2026-10-02 00:13:33,625 step=16230 train=1.86637 val=None lr=0.000262073
2026-10-02 00:13:36,068 step=16240 train=2.13923 val=None lr=0.000262025
2026-10-02 00:13:38,661 step=16250 train=1.97770 val=None lr=0.000261977
2026-10-02 00:13:39,954 step=16260 train=1.76565 val=None lr=0.000261929
2026-10-02 00:13:42,386 step=16270 train=1.88463 val=None lr=0.000261881
2026-10-02 00:13:44,794 step=16280 train=2.11638 val=None lr=0.000261833
2026-10-02 00:13:47,172 step=16290 train=2.21673 val=None lr=0.000261784
2026-10-02 00:13:51,585 step=16300 train=2.02443 val=1.9368772089481354 lr=0.000261736
2026-10-02 00:13:54,067 step=16310 train=1.90894 val=None lr=0.000261688
2026-10-02 00:13:56,419 step=16320 train=2.34656 val=None lr=0.000261639
2026-10-02 00:13:59,086 step=16330 train=2.03185 val=None lr=0.000261591
2026-10-02 00:14:01,609 step=16340 train=1.74701 val=None lr=0.000261543
2026-10-02 00:14:03,905 step=16350 train=2.02813 val=None lr=0.000261494
2026-10-02 00:14:06,321 step=16360 train=1.97001 val=None lr=0.000261446
2026-10-02 00:14:09,018 step=16370 train=1.90801 val=None lr=0.000261397
2026-10-02 00:14:10,137 step=16380 train=1.91169 val=None lr=0.000261349
2026-10-02 00:14:12,537 step=16390 train=1.73911 val=None lr=0.0002613
2026-10-02 00:14:16,989 step=16400 train=1.86670 val=1.9352027356624604 lr=0.000261252
2026-10-02 00:14:19,325 step=16410 train=2.24743 val=None lr=0.000261203
2026-10-02 00:14:21,812 step=16420 train=1.77929 val=None lr=0.000261155
2026-10-02 00:14:24,202 step=16430 train=2.13508 val=None lr=0.000261106
2026-10-02 00:14:26,778 step=16440 train=1.70592 val=None lr=0.000261057
2026-10-02 00:14:29,351 step=16450 train=1.91202 val=None lr=0.000261009
2026-10-02 00:14:31,835 step=16460 train=1.72756 val=None lr=0.00026096
2026-10-02 00:14:34,245 step=16470 train=1.99697 val=None lr=0.000260911
2026-10-02 00:14:36,626 step=16480 train=1.84202 val=None lr=0.000260862
2026-10-02 00:14:38,928 step=16490 train=1.96229 val=None lr=0.000260814
2026-10-02 00:14:42,306 step=16500 train=2.00897 val=1.9328070282936096 lr=0.000260765
2026-10-02 00:14:47,208 step=16510 train=1.97682 val=None lr=0.000260716
2026-10-02 00:14:49,543 step=16520 train=1.81890 val=None lr=0.000260667
2026-10-02 00:14:51,931 step=16530 train=1.99832 val=None lr=0.000260618
2026-10-02 00:14:54,330 step=16540 train=2.09413 val=None lr=0.00026057
2026-10-02 00:14:56,623 step=16550 train=2.15118 val=None lr=0.000260521
2026-10-02 00:14:58,961 step=16560 train=1.98680 val=None lr=0.000260472
2026-10-02 00:15:01,320 step=16570 train=1.93600 val=None lr=0.000260423
2026-10-02 00:15:04,147 step=16580 train=1.77118 val=None lr=0.000260374
2026-10-02 00:15:06,480 step=16590 train=2.33538 val=None lr=0.000260325
2026-10-02 00:15:10,794 step=16600 train=1.86282 val=1.929006564617157 lr=0.000260276
2026-10-02 00:15:13,255 step=16610 train=1.88753 val=None lr=0.000260227
2026-10-02 00:15:14,360 step=16620 train=2.11503 val=None lr=0.000260177
2026-10-02 00:15:16,628 step=16630 train=1.98031 val=None lr=0.000260128
2026-10-02 00:15:18,995 step=16640 train=2.01935 val=None lr=0.000260079
2026-10-02 00:15:21,359 step=16650 train=2.26808 val=None lr=0.00026003
2026-10-02 00:15:23,644 step=16660 train=1.66842 val=None lr=0.000259981
2026-10-02 00:15:25,964 step=16670 train=2.14599 val=None lr=0.000259932
2026-10-02 00:15:28,281 step=16680 train=1.80039 val=None lr=0.000259882
2026-10-02 00:15:30,904 step=16690 train=2.10449 val=None lr=0.000259833
2026-10-02 00:15:34,674 step=16700 train=2.11290 val=1.9297421872615814 lr=0.000259784
2026-10-02 00:15:37,148 step=16710 train=1.91825 val=None lr=0.000259734
2026-10-02 00:15:39,562 step=16720 train=2.18097 val=None lr=0.000259685
2026-10-02 00:15:42,036 step=16730 train=2.10277 val=None lr=0.000259636
2026-10-02 00:15:44,309 step=16740 train=1.93224 val=None lr=0.000259586
2026-10-02 00:15:45,708 step=16750 train=2.03487 val=None lr=0.000259537
2026-10-02 00:15:48,014 step=16760 train=2.25843 val=None lr=0.000259488
2026-10-02 00:15:50,584 step=16770 train=2.08008 val=None lr=0.000259438
2026-10-02 00:15:53,017 step=16780 train=2.13055 val=None lr=0.000259389
2026-10-02 00:15:55,441 step=16790 train=1.97878 val=None lr=0.000259339
2026-10-02 00:15:59,847 step=16800 train=1.90031 val=1.9287413597106933 lr=0.00025929
2026-10-02 00:16:02,224 step=16810 train=1.70715 val=None lr=0.00025924
2026-10-02 00:16:04,690 step=16820 train=2.02574 val=None lr=0.00025919
2026-10-02 00:16:07,333 step=16830 train=2.19461 val=None lr=0.000259141
2026-10-02 00:16:09,909 step=16840 train=1.92508 val=None lr=0.000259091
2026-10-02 00:16:12,449 step=16850 train=1.93646 val=None lr=0.000259041
2026-10-02 00:16:15,079 step=16860 train=1.73186 val=None lr=0.000258992
2026-10-02 00:16:16,374 step=16870 train=2.09804 val=None lr=0.000258942
2026-10-02 00:16:18,830 step=16880 train=1.90612 val=None lr=0.000258892
2026-10-02 00:16:21,402 step=16890 train=1.90227 val=None lr=0.000258843
2026-10-02 00:16:26,094 step=16900 train=2.16677 val=1.9266523659229278 lr=0.000258793
2026-10-02 00:16:28,515 step=16910 train=2.04774 val=None lr=0.000258743
2026-10-02 00:16:31,066 step=16920 train=1.68256 val=None lr=0.000258693
2026-10-02 00:16:33,407 step=16930 train=1.79076 val=None lr=0.000258643
2026-10-02 00:16:35,889 step=16940 train=1.84763 val=None lr=0.000258593
2026-10-02 00:16:38,176 step=16950 train=2.32958 val=None lr=0.000258543
2026-10-02 00:16:40,864 step=16960 train=2.14885 val=None lr=0.000258493
2026-10-02 00:16:43,170 step=16970 train=1.86633 val=None lr=0.000258443
2026-10-02 00:16:45,645 step=16980 train=2.03464 val=None lr=0.000258394
2026-10-02 00:16:46,961 step=16990 train=1.84753 val=None lr=0.000258343
2026-10-02 00:16:50,816 step=17000 train=2.32828 val=1.9281396627426148 lr=0.000258293
2026-10-02 00:16:55,565 step=17010 train=1.82835 val=None lr=0.000258243
2026-10-02 00:16:57,861 step=17020 train=1.93929 val=None lr=0.000258193
2026-10-02 00:17:00,114 step=17030 train=2.03945 val=None lr=0.000258143
2026-10-02 00:17:02,473 step=17040 train=2.03873 val=None lr=0.000258093
2026-10-02 00:17:05,113 step=17050 train=1.88150 val=None lr=0.000258043
2026-10-02 00:17:07,504 step=17060 train=1.96155 val=None lr=0.000257993
2026-10-02 00:17:09,923 step=17070 train=2.02386 val=None lr=0.000257943
2026-10-02 00:17:12,460 step=17080 train=1.86149 val=None lr=0.000257892
2026-10-02 00:17:14,962 step=17090 train=1.89849 val=None lr=0.000257842
2026-10-02 00:17:18,066 step=17100 train=1.98563 val=1.9243157386779786 lr=0.000257792
2026-10-02 00:17:20,380 step=17110 train=1.78694 val=None lr=0.000257741
2026-10-02 00:17:22,856 step=17120 train=1.91229 val=None lr=0.000257691
2026-10-02 00:17:25,113 step=17130 train=2.10017 val=None lr=0.000257641
2026-10-02 00:17:27,382 step=17140 train=1.92902 val=None lr=0.00025759
2026-10-02 00:17:29,888 step=17150 train=1.97972 val=None lr=0.00025754
2026-10-02 00:17:32,300 step=17160 train=1.93419 val=None lr=0.00025749
2026-10-02 00:17:34,783 step=17170 train=2.14761 val=None lr=0.000257439
2026-10-02 00:17:37,100 step=17180 train=1.93539 val=None lr=0.000257389
2026-10-02 00:17:39,366 step=17190 train=1.93955 val=None lr=0.000257338
2026-10-02 00:17:43,762 step=17200 train=1.89922 val=1.921743679046631 lr=0.000257288
2026-10-02 00:17:46,102 step=17210 train=1.87391 val=None lr=0.000257237
2026-10-02 00:17:48,728 step=17220 train=1.76710 val=None lr=0.000257186
2026-10-02 00:17:50,016 step=17230 train=2.31245 val=None lr=0.000257136
2026-10-02 00:17:52,630 step=17240 train=2.16508 val=None lr=0.000257085
2026-10-02 00:17:55,141 step=17250 train=1.97060 val=None lr=0.000257035
2026-10-02 00:17:57,456 step=17260 train=2.08988 val=None lr=0.000256984
2026-10-02 00:17:59,794 step=17270 train=1.92523 val=None lr=0.000256933
2026-10-02 00:18:02,085 step=17280 train=2.02076 val=None lr=0.000256883
2026-10-02 00:18:04,777 step=17290 train=2.08768 val=None lr=0.000256832
2026-10-02 00:18:09,028 step=17300 train=1.77578 val=1.9195488393306732 lr=0.000256781
2026-10-02 00:18:11,316 step=17310 train=2.09694 val=None lr=0.00025673
2026-10-02 00:18:13,641 step=17320 train=1.88086 val=None lr=0.000256679
2026-10-02 00:18:15,929 step=17330 train=1.92949 val=None lr=0.000256629
2026-10-02 00:18:18,287 step=17340 train=1.80183 val=None lr=0.000256578
2026-10-02 00:18:20,605 step=17350 train=2.14763 val=None lr=0.000256527
2026-10-02 00:18:21,764 step=17360 train=1.92833 val=None lr=0.000256476
2026-10-02 00:18:24,100 step=17370 train=2.16973 val=None lr=0.000256425
2026-10-02 00:18:26,455 step=17380 train=1.56134 val=None lr=0.000256374
2026-10-02 00:18:29,029 step=17390 train=2.21637 val=None lr=0.000256323
2026-10-02 00:18:33,584 step=17400 train=1.94986 val=1.9169224560260774 lr=0.000256272
2026-10-02 00:18:36,093 step=17410 train=1.93086 val=None lr=0.000256221
2026-10-02 00:18:38,422 step=17420 train=1.90126 val=None lr=0.00025617
2026-10-02 00:18:40,832 step=17430 train=1.86816 val=None lr=0.000256119
2026-10-02 00:18:43,270 step=17440 train=1.98722 val=None lr=0.000256068
2026-10-02 00:18:45,793 step=17450 train=2.16495 val=None lr=0.000256017
2026-10-02 00:18:48,269 step=17460 train=2.16652 val=None lr=0.000255965
2026-10-02 00:18:50,692 step=17470 train=1.96144 val=None lr=0.000255914
2026-10-02 00:18:51,837 step=17480 train=1.98724 val=None lr=0.000255863
2026-10-02 00:18:54,197 step=17490 train=1.95559 val=None lr=0.000255812
2026-10-02 00:18:57,974 step=17500 train=1.78453 val=1.9199540734291076 lr=0.000255761
2026-10-02 00:19:03,307 step=17510 train=1.64740 val=None lr=0.000255709
2026-10-02 00:19:06,163 step=17520 train=1.97721 val=None lr=0.000255658
2026-10-02 00:19:08,535 step=17530 train=1.77351 val=None lr=0.000255607
2026-10-02 00:19:11,070 step=17540 train=1.77599 val=None lr=0.000255555
2026-10-02 00:19:13,448 step=17550 train=1.86289 val=None lr=0.000255504
2026-10-02 00:19:16,379 step=17560 train=2.05160 val=None lr=0.000255453
2026-10-02 00:19:18,879 step=17570 train=1.65455 val=None lr=0.000255401
2026-10-02 00:19:21,205 step=17580 train=2.11517 val=None lr=0.00025535
2026-10-02 00:19:23,638 step=17590 train=2.01332 val=None lr=0.000255298
2026-10-02 00:19:26,958 step=17600 train=1.82715 val=1.9164866626262664 lr=0.000255247
2026-10-02 00:19:29,374 step=17610 train=1.82621 val=None lr=0.000255195
2026-10-02 00:19:31,763 step=17620 train=1.84376 val=None lr=0.000255144
2026-10-02 00:19:34,168 step=17630 train=1.70534 val=None lr=0.000255092
2026-10-02 00:19:36,660 step=17640 train=1.97816 val=None lr=0.000255041
2026-10-02 00:19:39,322 step=17650 train=1.92790 val=None lr=0.000254989
2026-10-02 00:19:41,686 step=17660 train=2.10249 val=None lr=0.000254937
2026-10-02 00:19:44,194 step=17670 train=1.82569 val=None lr=0.000254886
2026-10-02 00:19:46,538 step=17680 train=1.75535 val=None lr=0.000254834
2026-10-02 00:19:48,987 step=17690 train=1.83288 val=None lr=0.000254782
2026-10-02 00:19:53,385 step=17700 train=2.31074 val=1.910473495721817 lr=0.000254731
2026-10-02 00:19:54,769 step=17710 train=1.98992 val=None lr=0.000254679
2026-10-02 00:19:57,199 step=17720 train=2.33162 val=None lr=0.000254627
2026-10-02 00:19:59,620 step=17730 train=2.03893 val=None lr=0.000254575
2026-10-02 00:20:02,213 step=17740 train=2.21268 val=None lr=0.000254524
2026-10-02 00:20:04,654 step=17750 train=1.99225 val=None lr=0.000254472
2026-10-02 00:20:06,936 step=17760 train=1.68090 val=None lr=0.00025442
2026-10-02 00:20:09,226 step=17770 train=2.04198 val=None lr=0.000254368
2026-10-02 00:20:11,761 step=17780 train=2.10453 val=None lr=0.000254316
2026-10-02 00:20:14,107 step=17790 train=1.93725 val=None lr=0.000254264
2026-10-02 00:20:18,425 step=17800 train=2.01026 val=1.90599564909935 lr=0.000254212
2026-10-02 00:20:21,224 step=17810 train=2.04214 val=None lr=0.00025416
2026-10-02 00:20:23,557 step=17820 train=2.08676 val=None lr=0.000254108
2026-10-02 00:20:26,001 step=17830 train=2.22346 val=None lr=0.000254056
2026-10-02 00:20:27,202 step=17840 train=2.13173 val=None lr=0.000254004
2026-10-02 00:20:29,526 step=17850 train=2.14168 val=None lr=0.000253952
2026-10-02 00:20:31,820 step=17860 train=2.05845 val=None lr=0.0002539
2026-10-02 00:20:34,108 step=17870 train=1.61370 val=None lr=0.000253848
2026-10-02 00:20:36,497 step=17880 train=1.82017 val=None lr=0.000253796
2026-10-02 00:20:38,877 step=17890 train=2.10025 val=None lr=0.000253743
2026-10-02 00:20:43,278 step=17900 train=2.02439 val=1.9036694169044495 lr=0.000253691
2026-10-02 00:20:45,580 step=17910 train=1.92365 val=None lr=0.000253639
2026-10-02 00:20:47,910 step=17920 train=1.80258 val=None lr=0.000253587
2026-10-02 00:20:50,235 step=17930 train=2.01681 val=None lr=0.000253535
2026-10-02 00:20:52,711 step=17940 train=2.26041 val=None lr=0.000253482
2026-10-02 00:20:55,024 step=17950 train=1.84430 val=None lr=0.00025343
2026-10-02 00:20:57,286 step=17960 train=1.78850 val=None lr=0.000253378
2026-10-02 00:20:58,421 step=17970 train=1.97226 val=None lr=0.000253325
2026-10-02 00:21:01,159 step=17980 train=2.00887 val=None lr=0.000253273
2026-10-02 00:21:03,700 step=17990 train=2.03524 val=None lr=0.000253221
2026-10-02 00:21:07,752 step=18000 train=2.13050 val=1.9055003106594086 lr=0.000253168
2026-10-02 00:21:13,126 step=18010 train=2.09629 val=None lr=0.000253116
2026-10-02 00:21:15,719 step=18020 train=1.85855 val=None lr=0.000253063
2026-10-02 00:21:18,202 step=18030 train=1.75221 val=None lr=0.000253011
2026-10-02 00:21:20,693 step=18040 train=2.07196 val=None lr=0.000252958
2026-10-02 00:21:23,478 step=18050 train=1.95319 val=None lr=0.000252906
2026-10-02 00:21:25,884 step=18060 train=1.89335 val=None lr=0.000252853
2026-10-02 00:21:28,584 step=18070 train=2.13037 val=None lr=0.0002528
2026-10-02 00:21:29,773 step=18080 train=1.92887 val=None lr=0.000252748
2026-10-02 00:21:32,432 step=18090 train=1.96452 val=None lr=0.000252695
2026-10-02 00:21:37,001 step=18100 train=1.74978 val=1.9031362175941466 lr=0.000252643
2026-10-02 00:21:39,635 step=18110 train=2.33958 val=None lr=0.00025259
2026-10-02 00:21:42,133 step=18120 train=2.26289 val=None lr=0.000252537
2026-10-02 00:21:44,602 step=18130 train=1.87430 val=None lr=0.000252484
2026-10-02 00:21:47,127 step=18140 train=1.66685 val=None lr=0.000252432
2026-10-02 00:21:49,847 step=18150 train=2.29420 val=None lr=0.000252379
2026-10-02 00:21:52,686 step=18160 train=2.02129 val=None lr=0.000252326
2026-10-02 00:21:55,131 step=18170 train=2.02414 val=None lr=0.000252273
2026-10-02 00:21:57,614 step=18180 train=1.83311 val=None lr=0.00025222
2026-10-02 00:22:00,367 step=18190 train=2.18276 val=None lr=0.000252168
2026-10-02 00:22:03,583 step=18200 train=2.00834 val=1.9012208342552186 lr=0.000252115
2026-10-02 00:22:05,996 step=18210 train=1.91491 val=None lr=0.000252062
2026-10-02 00:22:08,504 step=18220 train=1.72858 val=None lr=0.000252009
2026-10-02 00:22:10,916 step=18230 train=1.81473 val=None lr=0.000251956
2026-10-02 00:22:13,429 step=18240 train=1.97058 val=None lr=0.000251903
2026-10-02 00:22:15,846 step=18250 train=2.03801 val=None lr=0.00025185
2026-10-02 00:22:18,316 step=18260 train=1.97178 val=None lr=0.000251797
2026-10-02 00:22:20,783 step=18270 train=2.17205 val=None lr=0.000251744
2026-10-02 00:22:23,185 step=18280 train=1.76631 val=None lr=0.000251691
2026-10-02 00:22:25,915 step=18290 train=1.87318 val=None lr=0.000251638
2026-10-02 00:22:30,086 step=18300 train=1.98951 val=1.9028867065906525 lr=0.000251585
2026-10-02 00:22:31,304 step=18310 train=1.82802 val=None lr=0.000251531
2026-10-02 00:22:33,818 step=18320 train=2.12847 val=None lr=0.000251478
2026-10-02 00:22:36,302 step=18330 train=2.08846 val=None lr=0.000251425
2026-10-02 00:22:38,877 step=18340 train=2.01160 val=None lr=0.000251372
2026-10-02 00:22:41,272 step=18350 train=1.87647 val=None lr=0.000251319
2026-10-02 00:22:43,744 step=18360 train=1.96347 val=None lr=0.000251265
2026-10-02 00:22:46,253 step=18370 train=1.92014 val=None lr=0.000251212
2026-10-02 00:22:48,792 step=18380 train=2.02851 val=None lr=0.000251159
2026-10-02 00:22:51,186 step=18390 train=2.20893 val=None lr=0.000251106
2026-10-02 00:22:54,966 step=18400 train=1.86240 val=1.9018495380878448 lr=0.000251052
2026-10-02 00:22:57,416 step=18410 train=1.83415 val=None lr=0.000250999
2026-10-02 00:22:59,892 step=18420 train=1.91711 val=None lr=0.000250945
2026-10-02 00:23:02,543 step=18430 train=2.12269 val=None lr=0.000250892
2026-10-02 00:23:04,232 step=18440 train=2.07259 val=None lr=0.000250839
2026-10-02 00:23:06,719 step=18450 train=2.07910 val=None lr=0.000250785
2026-10-02 00:23:09,237 step=18460 train=1.75058 val=None lr=0.000250732
2026-10-02 00:23:11,886 step=18470 train=1.57182 val=None lr=0.000250678
2026-10-02 00:23:14,358 step=18480 train=1.93025 val=None lr=0.000250625
2026-10-02 00:23:16,908 step=18490 train=1.89740 val=None lr=0.000250571
2026-10-02 00:23:21,357 step=18500 train=1.81683 val=1.891646784543991 lr=0.000250518
2026-10-02 00:23:26,709 step=18510 train=1.92406 val=None lr=0.000250464
2026-10-02 00:23:29,445 step=18520 train=1.80453 val=None lr=0.00025041
2026-10-02 00:23:32,141 step=18530 train=1.99258 val=None lr=0.000250357
2026-10-02 00:23:33,416 step=18540 train=2.04752 val=None lr=0.000250303
2026-10-02 00:23:35,904 step=18550 train=1.96584 val=None lr=0.000250249
2026-10-02 00:23:38,301 step=18560 train=1.55340 val=None lr=0.000250196
2026-10-02 00:23:40,864 step=18570 train=2.10911 val=None lr=0.000250142
2026-10-02 00:23:43,349 step=18580 train=2.02958 val=None lr=0.000250088
2026-10-02 00:23:45,780 step=18590 train=1.71653 val=None lr=0.000250034
2026-10-02 00:23:50,432 step=18600 train=2.09704 val=1.8913337111473083 lr=0.000249981
2026-10-02 00:23:53,004 step=18610 train=1.95554 val=None lr=0.000249927
2026-10-02 00:23:55,750 step=18620 train=1.94689 val=None lr=0.000249873
2026-10-02 00:23:58,280 step=18630 train=1.89471 val=None lr=0.000249819
2026-10-02 00:24:00,854 step=18640 train=1.70274 val=None lr=0.000249765
2026-10-02 00:24:03,848 step=18650 train=2.28213 val=None lr=0.000249711
2026-10-02 00:24:05,438 step=18660 train=1.81894 val=None lr=0.000249657
2026-10-02 00:24:08,101 step=18670 train=1.88629 val=None lr=0.000249604
2026-10-02 00:24:10,858 step=18680 train=2.19303 val=None lr=0.00024955
2026-10-02 00:24:13,413 step=18690 train=1.95414 val=None lr=0.000249496
2026-10-02 00:24:17,317 step=18700 train=2.02007 val=1.8924112796783448 lr=0.000249442
2026-10-02 00:24:19,986 step=18710 train=1.73702 val=None lr=0.000249387
2026-10-02 00:24:22,518 step=18720 train=2.14908 val=None lr=0.000249333
2026-10-02 00:24:25,131 step=18730 train=1.85692 val=None lr=0.000249279
2026-10-02 00:24:27,647 step=18740 train=1.94964 val=None lr=0.000249225
2026-10-02 00:24:30,337 step=18750 train=1.71452 val=None lr=0.000249171
2026-10-02 00:24:33,045 step=18760 train=2.03885 val=None lr=0.000249117
2026-10-02 00:24:35,723 step=18770 train=1.74179 val=None lr=0.000249063
2026-10-02 00:24:36,868 step=18780 train=2.00595 val=None lr=0.000249009
2026-10-02 00:24:39,512 step=18790 train=2.01771 val=None lr=0.000248954
2026-10-02 00:24:43,389 step=18800 train=1.75488 val=1.8940271377563476 lr=0.0002489
2026-10-02 00:24:46,292 step=18810 train=1.77926 val=None lr=0.000248846
2026-10-02 00:24:48,867 step=18820 train=1.92319 val=None lr=0.000248792
2026-10-02 00:24:51,558 step=18830 train=2.02653 val=None lr=0.000248737
2026-10-02 00:24:54,461 step=18840 train=1.76917 val=None lr=0.000248683
2026-10-02 00:24:56,942 step=18850 train=1.83192 val=None lr=0.000248629
2026-10-02 00:24:59,516 step=18860 train=1.78350 val=None lr=0.000248574
2026-10-02 00:25:02,200 step=18870 train=1.89835 val=None lr=0.00024852
2026-10-02 00:25:04,924 step=18880 train=2.01729 val=None lr=0.000248465
2026-10-02 00:25:07,384 step=18890 train=1.98251 val=None lr=0.000248411
2026-10-02 00:25:10,810 step=18900 train=1.67669 val=1.8884517014026643 lr=0.000248357
2026-10-02 00:25:13,314 step=18910 train=1.86212 val=None lr=0.000248302
2026-10-02 00:25:15,833 step=18920 train=1.92055 val=None lr=0.000248248
2026-10-02 00:25:18,910 step=18930 train=2.16048 val=None lr=0.000248193
2026-10-02 00:25:21,701 step=18940 train=2.10581 val=None lr=0.000248139
2026-10-02 00:25:24,234 step=18950 train=1.77774 val=None lr=0.000248084
2026-10-02 00:25:27,025 step=18960 train=2.01635 val=None lr=0.000248029
2026-10-02 00:25:29,484 step=18970 train=1.80340 val=None lr=0.000247975
2026-10-02 00:25:32,169 step=18980 train=1.97548 val=None lr=0.00024792
2026-10-02 00:25:34,676 step=18990 train=1.87060 val=None lr=0.000247866
2026-10-02 00:25:39,255 step=19000 train=2.16055 val=1.8866752207279205 lr=0.000247811
2026-10-02 00:25:43,484 step=19010 train=2.28967 val=None lr=0.000247756
2026-10-02 00:25:46,102 step=19020 train=1.81311 val=None lr=0.000247701
2026-10-02 00:25:49,123 step=19030 train=2.12233 val=None lr=0.000247647
2026-10-02 00:25:51,674 step=19040 train=2.00245 val=None lr=0.000247592
2026-10-02 00:25:53,971 step=19050 train=1.91153 val=None lr=0.000247537
2026-10-02 00:25:56,513 step=19060 train=2.11470 val=None lr=0.000247482
2026-10-02 00:25:59,096 step=19070 train=1.85145 val=None lr=0.000247427
2026-10-02 00:26:01,555 step=19080 train=2.20755 val=None lr=0.000247373
2026-10-02 00:26:03,928 step=19090 train=1.77138 val=None lr=0.000247318
2026-10-02 00:26:08,461 step=19100 train=2.03017 val=1.8840991973876953 lr=0.000247263
2026-10-02 00:26:09,793 step=19110 train=1.98904 val=None lr=0.000247208
2026-10-02 00:26:12,315 step=19120 train=1.88032 val=None lr=0.000247153
2026-10-02 00:26:14,859 step=19130 train=1.93939 val=None lr=0.000247098
2026-10-02 00:26:17,425 step=19140 train=1.94116 val=None lr=0.000247043
2026-10-02 00:26:19,970 step=19150 train=1.90525 val=None lr=0.000246988
2026-10-02 00:26:22,637 step=19160 train=1.86562 val=None lr=0.000246933
2026-10-02 00:26:25,237 step=19170 train=1.96478 val=None lr=0.000246878
2026-10-02 00:26:27,823 step=19180 train=2.15313 val=None lr=0.000246823
2026-10-02 00:26:30,230 step=19190 train=1.97701 val=None lr=0.000246768
2026-10-02 00:26:34,756 step=19200 train=1.96130 val=1.8774225831031799 lr=0.000246713
2026-10-02 00:26:37,308 step=19210 train=1.96578 val=None lr=0.000246658
2026-10-02 00:26:39,977 step=19220 train=1.78293 val=None lr=0.000246602
2026-10-02 00:26:41,294 step=19230 train=1.98724 val=None lr=0.000246547
2026-10-02 00:26:43,825 step=19240 train=1.79618 val=None lr=0.000246492
2026-10-02 00:26:46,390 step=19250 train=1.82766 val=None lr=0.000246437
2026-10-02 00:26:49,108 step=19260 train=1.84851 val=None lr=0.000246382
2026-10-02 00:26:51,837 step=19270 train=2.04120 val=None lr=0.000246326
2026-10-02 00:26:54,339 step=19280 train=2.01283 val=None lr=0.000246271
2026-10-02 00:26:56,854 step=19290 train=2.09612 val=None lr=0.000246216
2026-10-02 00:27:01,385 step=19300 train=1.74827 val=1.877063363790512 lr=0.000246161
2026-10-02 00:27:03,955 step=19310 train=2.27797 val=None lr=0.000246105
2026-10-02 00:27:06,641 step=19320 train=2.28136 val=None lr=0.00024605
2026-10-02 00:27:09,632 step=19330 train=1.81812 val=None lr=0.000245994
2026-10-02 00:27:12,166 step=19340 train=1.86053 val=None lr=0.000245939
2026-10-02 00:27:13,775 step=19350 train=1.92666 val=None lr=0.000245884
2026-10-02 00:27:16,473 step=19360 train=1.85207 val=None lr=0.000245828
2026-10-02 00:27:19,009 step=19370 train=1.78875 val=None lr=0.000245773
2026-10-02 00:27:21,544 step=19380 train=1.79097 val=None lr=0.000245717
2026-10-02 00:27:24,114 step=19390 train=2.08792 val=None lr=0.000245662
2026-10-02 00:27:27,940 step=19400 train=1.80800 val=1.8786276519298553 lr=0.000245606
2026-10-02 00:27:30,562 step=19410 train=1.68940 val=None lr=0.000245551
2026-10-02 00:27:33,629 step=19420 train=1.83818 val=None lr=0.000245495
2026-10-02 00:27:35,990 step=19430 train=1.71313 val=None lr=0.000245439
2026-10-02 00:27:38,579 step=19440 train=2.05553 val=None lr=0.000245384
2026-10-02 00:27:41,275 step=19450 train=1.95257 val=None lr=0.000245328
2026-10-02 00:27:43,593 step=19460 train=2.12918 val=None lr=0.000245272
2026-10-02 00:27:44,891 step=19470 train=1.96677 val=None lr=0.000245217
2026-10-02 00:27:47,351 step=19480 train=1.79457 val=None lr=0.000245161
2026-10-02 00:27:49,747 step=19490 train=1.91600 val=None lr=0.000245105
2026-10-02 00:27:53,644 step=19500 train=1.73862 val=1.8801091670989991 lr=0.00024505
2026-10-02 00:27:58,994 step=19510 train=2.21589 val=None lr=0.000244994
2026-10-02 00:28:01,510 step=19520 train=1.83915 val=None lr=0.000244938
2026-10-02 00:28:04,010 step=19530 train=1.92252 val=None lr=0.000244882
2026-10-02 00:28:06,410 step=19540 train=1.76768 val=None lr=0.000244826
2026-10-02 00:28:08,896 step=19550 train=1.65445 val=None lr=0.000244771
2026-10-02 00:28:11,683 step=19560 train=1.97706 val=None lr=0.000244715
2026-10-02 00:28:14,194 step=19570 train=1.78120 val=None lr=0.000244659
2026-10-02 00:28:15,617 step=19580 train=1.84758 val=None lr=0.000244603
2026-10-02 00:28:18,175 step=19590 train=1.63074 val=None lr=0.000244547
2026-10-02 00:28:22,728 step=19600 train=1.92945 val=1.8729408085346222 lr=0.000244491
2026-10-02 00:28:25,220 step=19610 train=1.78082 val=None lr=0.000244435
2026-10-02 00:28:28,095 step=19620 train=1.93037 val=None lr=0.000244379
2026-10-02 00:28:30,623 step=19630 train=1.73831 val=None lr=0.000244323
2026-10-02 00:28:33,255 step=19640 train=1.65114 val=None lr=0.000244267
2026-10-02 00:28:35,682 step=19650 train=1.97010 val=None lr=0.000244211
2026-10-02 00:28:38,459 step=19660 train=1.99040 val=None lr=0.000244155
2026-10-02 00:28:41,235 step=19670 train=1.89527 val=None lr=0.000244099
2026-10-02 00:28:43,972 step=19680 train=2.05870 val=None lr=0.000244043
2026-10-02 00:28:47,178 step=19690 train=1.65579 val=None lr=0.000243986
2026-10-02 00:28:50,593 step=19700 train=1.99467 val=1.8697635769844054 lr=0.00024393
2026-10-02 00:28:53,411 step=19710 train=2.03173 val=None lr=0.000243874
2026-10-02 00:28:56,215 step=19720 train=1.89225 val=None lr=0.000243818
2026-10-02 00:28:58,831 step=19730 train=2.07390 val=None lr=0.000243762
2026-10-02 00:29:01,433 step=19740 train=1.95294 val=None lr=0.000243705
2026-10-02 00:29:04,024 step=19750 train=1.91806 val=None lr=0.000243649
2026-10-02 00:29:06,428 step=19760 train=1.95594 val=None lr=0.000243593
2026-10-02 00:29:09,218 step=19770 train=2.00517 val=None lr=0.000243537
2026-10-02 00:29:11,959 step=19780 train=1.79095 val=None lr=0.00024348
2026-10-02 00:29:14,702 step=19790 train=1.76582 val=None lr=0.000243424
2026-10-02 00:29:18,097 step=19800 train=2.09009 val=1.8662314891815186 lr=0.000243367
2026-10-02 00:29:20,614 step=19810 train=1.94596 val=None lr=0.000243311
2026-10-02 00:29:23,192 step=19820 train=1.70203 val=None lr=0.000243255
2026-10-02 00:29:25,868 step=19830 train=1.90133 val=None lr=0.000243198
2026-10-02 00:29:28,554 step=19840 train=1.95770 val=None lr=0.000243142
2026-10-02 00:29:31,094 step=19850 train=1.76373 val=None lr=0.000243085
2026-10-02 00:29:33,719 step=19860 train=1.98675 val=None lr=0.000243029
2026-10-02 00:29:36,305 step=19870 train=1.85694 val=None lr=0.000242972
2026-10-02 00:29:38,798 step=19880 train=2.15414 val=None lr=0.000242916
2026-10-02 00:29:41,350 step=19890 train=1.68075 val=None lr=0.000242859
2026-10-02 00:29:45,563 step=19900 train=1.78294 val=1.8669763386249543 lr=0.000242803
2026-10-02 00:29:48,309 step=19910 train=1.95140 val=None lr=0.000242746
2026-10-02 00:29:49,766 step=19920 train=1.88351 val=None lr=0.000242689
2026-10-02 00:29:52,490 step=19930 train=1.74193 val=None lr=0.000242633
2026-10-02 00:29:55,097 step=19940 train=1.87295 val=None lr=0.000242576
2026-10-02 00:29:57,567 step=19950 train=1.93025 val=None lr=0.000242519
2026-10-02 00:30:00,022 step=19960 train=1.87312 val=None lr=0.000242463
2026-10-02 00:30:02,823 step=19970 train=1.68872 val=None lr=0.000242406
2026-10-02 00:30:05,531 step=19980 train=1.93717 val=None lr=0.000242349
2026-10-02 00:30:08,364 step=19990 train=1.86959 val=None lr=0.000242293
2026-10-02 00:30:12,562 step=20000 train=1.83695 val=1.8685773193836213 lr=0.000242236
2026-10-02 00:30:18,224 step=20010 train=1.94620 val=None lr=0.000242179
2026-10-02 00:30:20,966 step=20020 train=1.70263 val=None lr=0.000242122
2026-10-02 00:30:22,411 step=20030 train=1.78726 val=None lr=0.000242065
2026-10-02 00:30:24,985 step=20040 train=1.88233 val=None lr=0.000242008
2026-10-02 00:30:27,736 step=20050 train=1.90497 val=None lr=0.000241952
2026-10-02 00:30:30,301 step=20060 train=2.11954 val=None lr=0.000241895
2026-10-02 00:30:32,921 step=20070 train=1.93198 val=None lr=0.000241838
2026-10-02 00:30:35,533 step=20080 train=2.00052 val=None lr=0.000241781
2026-10-02 00:30:38,278 step=20090 train=2.05635 val=None lr=0.000241724
2026-10-02 00:30:42,278 step=20100 train=1.89117 val=1.8674670219421388 lr=0.000241667
2026-10-02 00:30:44,835 step=20110 train=2.00597 val=None lr=0.00024161
2026-10-02 00:30:47,271 step=20120 train=2.07354 val=None lr=0.000241553
2026-10-02 00:30:49,796 step=20130 train=1.78271 val=None lr=0.000241496
2026-10-02 00:30:51,223 step=20140 train=1.84571 val=None lr=0.000241439
2026-10-02 00:30:53,956 step=20150 train=2.10326 val=None lr=0.000241382
2026-10-02 00:30:56,724 step=20160 train=1.89928 val=None lr=0.000241324
2026-10-02 00:30:59,195 step=20170 train=2.00793 val=None lr=0.000241267
2026-10-02 00:31:01,684 step=20180 train=1.90634 val=None lr=0.00024121
2026-10-02 00:31:04,242 step=20190 train=2.05478 val=None lr=0.000241153
2026-10-02 00:31:08,137 step=20200 train=1.99080 val=1.8666467428207398 lr=0.000241096
2026-10-02 00:31:10,862 step=20210 train=1.87533 val=None lr=0.000241039
2026-10-02 00:31:13,495 step=20220 train=1.89124 val=None lr=0.000240981
2026-10-02 00:31:16,068 step=20230 train=2.01558 val=None lr=0.000240924
2026-10-02 00:31:18,701 step=20240 train=2.24708 val=None lr=0.000240867
2026-10-02 00:31:21,440 step=20250 train=1.83921 val=None lr=0.00024081
2026-10-02 00:31:22,654 step=20260 train=1.90912 val=None lr=0.000240752
2026-10-02 00:31:25,197 step=20270 train=1.57734 val=None lr=0.000240695
2026-10-02 00:31:27,678 step=20280 train=2.09270 val=None lr=0.000240638
2026-10-02 00:31:30,538 step=20290 train=1.87566 val=None lr=0.00024058
2026-10-02 00:31:35,130 step=20300 train=1.70669 val=1.866059285402298 lr=0.000240523
2026-10-02 00:31:37,604 step=20310 train=2.03145 val=None lr=0.000240466
2026-10-02 00:31:40,503 step=20320 train=1.94985 val=None lr=0.000240408
2026-10-02 00:31:43,102 step=20330 train=1.73458 val=None lr=0.000240351
2026-10-02 00:31:45,657 step=20340 train=2.07711 val=None lr=0.000240293
2026-10-02 00:31:48,358 step=20350 train=1.99388 val=None lr=0.000240236
2026-10-02 00:31:51,058 step=20360 train=1.83529 val=None lr=0.000240178
2026-10-02 00:31:53,895 step=20370 train=1.73737 val=None lr=0.000240121
2026-10-02 00:31:55,227 step=20380 train=1.94475 val=None lr=0.000240063
2026-10-02 00:31:57,838 step=20390 train=2.06586 val=None lr=0.000240006
2026-10-02 00:32:02,825 step=20400 train=2.08448 val=1.85934020280838 lr=0.000239948
2026-10-02 00:32:05,371 step=20410 train=1.81818 val=None lr=0.00023989
2026-10-02 00:32:07,913 step=20420 train=1.59388 val=None lr=0.000239833
2026-10-02 00:32:10,708 step=20430 train=2.16076 val=None lr=0.000239775
2026-10-02 00:32:13,296 step=20440 train=1.84979 val=None lr=0.000239717
2026-10-02 00:32:15,997 step=20450 train=2.00089 val=None lr=0.00023966
2026-10-02 00:32:18,693 step=20460 train=1.84700 val=None lr=0.000239602
2026-10-02 00:32:21,268 step=20470 train=1.99403 val=None lr=0.000239544
2026-10-02 00:32:23,732 step=20480 train=1.79586 val=None lr=0.000239487
2026-10-02 00:32:25,017 step=20490 train=1.99536 val=None lr=0.000239429
2026-10-02 00:32:28,960 step=20500 train=1.86796 val=1.8615234732627868 lr=0.000239371
2026-10-02 00:32:34,004 step=20510 train=1.81430 val=None lr=0.000239313
2026-10-02 00:32:36,591 step=20520 train=1.87052 val=None lr=0.000239255
2026-10-02 00:32:39,518 step=20530 train=2.03882 val=None lr=0.000239198
2026-10-02 00:32:42,067 step=20540 train=1.83548 val=None lr=0.00023914
2026-10-02 00:32:44,535 step=20550 train=1.88599 val=None lr=0.000239082
2026-10-02 00:32:47,133 step=20560 train=1.84576 val=None lr=0.000239024
2026-10-02 00:32:49,678 step=20570 train=2.13889 val=None lr=0.000238966
2026-10-02 00:32:52,180 step=20580 train=2.00620 val=None lr=0.000238908
2026-10-02 00:32:54,729 step=20590 train=2.05161 val=None lr=0.00023885
2026-10-02 00:32:57,412 step=20600 train=2.11004 val=1.8622727930545806 lr=0.000238792
2026-10-02 00:32:59,990 step=20610 train=1.91943 val=None lr=0.000238734
2026-10-02 00:33:02,422 step=20620 train=1.96050 val=None lr=0.000238676
2026-10-02 00:33:04,839 step=20630 train=1.71363 val=None lr=0.000238618
2026-10-02 00:33:07,288 step=20640 train=1.83151 val=None lr=0.00023856
2026-10-02 00:33:09,708 step=20650 train=1.96741 val=None lr=0.000238502
2026-10-02 00:33:12,132 step=20660 train=1.98212 val=None lr=0.000238444
2026-10-02 00:33:14,722 step=20670 train=2.07434 val=None lr=0.000238386
2026-10-02 00:33:17,422 step=20680 train=1.84958 val=None lr=0.000238328
2026-10-02 00:33:20,234 step=20690 train=2.04917 val=None lr=0.00023827
2026-10-02 00:33:24,993 step=20700 train=1.86292 val=1.8545988261699677 lr=0.000238211
2026-10-02 00:33:27,553 step=20710 train=1.94725 val=None lr=0.000238153
2026-10-02 00:33:28,944 step=20720 train=1.77812 val=None lr=0.000238095
2026-10-02 00:33:31,608 step=20730 train=1.91790 val=None lr=0.000238037
2026-10-02 00:33:34,131 step=20740 train=1.82373 val=None lr=0.000237979
2026-10-02 00:33:36,577 step=20750 train=2.14735 val=None lr=0.00023792
2026-10-02 00:33:39,294 step=20760 train=2.18737 val=None lr=0.000237862
2026-10-02 00:33:42,065 step=20770 train=1.99963 val=None lr=0.000237804
2026-10-02 00:33:44,636 step=20780 train=1.66230 val=None lr=0.000237745
2026-10-02 00:33:47,317 step=20790 train=2.09383 val=None lr=0.000237687
2026-10-02 00:33:51,329 step=20800 train=1.79806 val=1.8578880608081818 lr=0.000237629
2026-10-02 00:33:53,835 step=20810 train=1.94238 val=None lr=0.00023757
2026-10-02 00:33:56,538 step=20820 train=1.96482 val=None lr=0.000237512
2026-10-02 00:33:59,070 step=20830 train=2.05502 val=None lr=0.000237454
2026-10-02 00:34:00,466 step=20840 train=1.83326 val=None lr=0.000237395
2026-10-02 00:34:03,093 step=20850 train=1.56200 val=None lr=0.000237337
2026-10-02 00:34:05,671 step=20860 train=1.87424 val=None lr=0.000237278
2026-10-02 00:34:08,128 step=20870 train=1.69803 val=None lr=0.00023722
2026-10-02 00:34:10,811 step=20880 train=1.82337 val=None lr=0.000237161
2026-10-02 00:34:13,286 step=20890 train=1.96725 val=None lr=0.000237103
2026-10-02 00:34:17,832 step=20900 train=1.81519 val=1.8524882674217225 lr=0.000237044
2026-10-02 00:34:20,342 step=20910 train=2.03463 val=None lr=0.000236985
2026-10-02 00:34:22,918 step=20920 train=1.90748 val=None lr=0.000236927
2026-10-02 00:34:25,396 step=20930 train=1.99866 val=None lr=0.000236868
2026-10-02 00:34:28,048 step=20940 train=2.17084 val=None lr=0.00023681
2026-10-02 00:34:30,765 step=20950 train=1.95901 val=None lr=0.000236751
2026-10-02 00:34:32,146 step=20960 train=1.71907 val=None lr=0.000236692
2026-10-02 00:34:34,587 step=20970 train=1.78761 val=None lr=0.000236634
2026-10-02 00:34:37,163 step=20980 train=1.92847 val=None lr=0.000236575
2026-10-02 00:34:39,706 step=20990 train=2.50130 val=None lr=0.000236516
2026-10-02 00:34:43,750 step=21000 train=1.76911 val=1.8551251888275146 lr=0.000236458
2026-10-02 00:34:48,975 step=21010 train=2.08608 val=None lr=0.000236399
2026-10-02 00:34:52,030 step=21020 train=1.82436 val=None lr=0.00023634
2026-10-02 00:34:54,827 step=21030 train=2.28158 val=None lr=0.000236281
2026-10-02 00:34:57,337 step=21040 train=1.59201 val=None lr=0.000236222
2026-10-02 00:34:59,913 step=21050 train=1.99720 val=None lr=0.000236164
2026-10-02 00:35:02,419 step=21060 train=1.93835 val=None lr=0.000236105
2026-10-02 00:35:03,797 step=21070 train=1.91253 val=None lr=0.000236046
2026-10-02 00:35:06,255 step=21080 train=1.73638 val=None lr=0.000235987
2026-10-02 00:35:08,891 step=21090 train=1.79074 val=None lr=0.000235928
2026-10-02 00:35:13,550 step=21100 train=1.87683 val=1.8500902891159057 lr=0.000235869
2026-10-02 00:35:16,106 step=21110 train=1.81522 val=None lr=0.00023581
2026-10-02 00:35:18,567 step=21120 train=1.90162 val=None lr=0.000235751
2026-10-02 00:35:21,065 step=21130 train=1.53710 val=None lr=0.000235692
2026-10-02 00:35:23,511 step=21140 train=1.95045 val=None lr=0.000235633
2026-10-02 00:35:25,949 step=21150 train=1.94300 val=None lr=0.000235574
2026-10-02 00:35:28,597 step=21160 train=1.88377 val=None lr=0.000235515
2026-10-02 00:35:31,104 step=21170 train=2.08074 val=None lr=0.000235456
2026-10-02 00:35:33,689 step=21180 train=2.07462 val=None lr=0.000235397
2026-10-02 00:35:34,994 step=21190 train=1.94613 val=None lr=0.000235338
2026-10-02 00:35:39,805 step=21200 train=1.75369 val=1.8475591003894807 lr=0.000235279
2026-10-02 00:35:42,259 step=21210 train=1.87320 val=None lr=0.00023522
2026-10-02 00:35:44,767 step=21220 train=2.04407 val=None lr=0.000235161
2026-10-02 00:35:47,486 step=21230 train=1.88571 val=None lr=0.000235101
2026-10-02 00:35:49,942 step=21240 train=1.87846 val=None lr=0.000235042
2026-10-02 00:35:52,445 step=21250 train=1.93859 val=None lr=0.000234983
2026-10-02 00:35:55,162 step=21260 train=1.90994 val=None lr=0.000234924
2026-10-02 00:35:57,623 step=21270 train=1.69527 val=None lr=0.000234865
2026-10-02 00:36:00,347 step=21280 train=2.02622 val=None lr=0.000234805
2026-10-02 00:36:02,956 step=21290 train=1.62639 val=None lr=0.000234746
2026-10-02 00:36:05,692 step=21300 train=1.83619 val=1.8517065644264221 lr=0.000234687
2026-10-02 00:36:08,212 step=21310 train=1.65260 val=None lr=0.000234627
2026-10-02 00:36:10,658 step=21320 train=1.67785 val=None lr=0.000234568
2026-10-02 00:36:13,089 step=21330 train=1.89425 val=None lr=0.000234509
2026-10-02 00:36:15,809 step=21340 train=1.75667 val=None lr=0.000234449
2026-10-02 00:36:18,337 step=21350 train=1.73918 val=None lr=0.00023439
2026-10-02 00:36:20,883 step=21360 train=1.93564 val=None lr=0.000234331
2026-10-02 00:36:23,640 step=21370 train=1.87435 val=None lr=0.000234271
2026-10-02 00:36:26,409 step=21380 train=1.89655 val=None lr=0.000234212
2026-10-02 00:36:28,890 step=21390 train=1.82485 val=None lr=0.000234152
2026-10-02 00:36:33,578 step=21400 train=1.64669 val=1.8461920142173767 lr=0.000234093
2026-10-02 00:36:35,033 step=21410 train=1.67795 val=None lr=0.000234033
2026-10-02 00:36:37,728 step=21420 train=1.95268 val=None lr=0.000233974
2026-10-02 00:36:40,369 step=21430 train=1.85001 val=None lr=0.000233914
2026-10-02 00:36:42,845 step=21440 train=1.71056 val=None lr=0.000233855
2026-10-02 00:36:45,347 step=21450 train=2.04182 val=None lr=0.000233795
2026-10-02 00:36:47,832 step=21460 train=1.77968 val=None lr=0.000233735
2026-10-02 00:36:50,268 step=21470 train=1.94710 val=None lr=0.000233676
2026-10-02 00:36:52,685 step=21480 train=1.76033 val=None lr=0.000233616
2026-10-02 00:36:55,199 step=21490 train=1.88208 val=None lr=0.000233557
2026-10-02 00:36:59,732 step=21500 train=2.28301 val=1.8421827733516694 lr=0.000233497
2026-10-02 00:37:04,763 step=21510 train=1.64169 val=None lr=0.000233437
2026-10-02 00:37:07,399 step=21520 train=1.75308 val=None lr=0.000233378
2026-10-02 00:37:08,652 step=21530 train=1.58859 val=None lr=0.000233318
2026-10-02 00:37:11,263 step=21540 train=1.83553 val=None lr=0.000233258
2026-10-02 00:37:13,796 step=21550 train=1.65043 val=None lr=0.000233198
2026-10-02 00:37:16,233 step=21560 train=1.88779 val=None lr=0.000233139
2026-10-02 00:37:18,714 step=21570 train=1.75024 val=None lr=0.000233079
2026-10-02 00:37:21,433 step=21580 train=1.86824 val=None lr=0.000233019
2026-10-02 00:37:24,008 step=21590 train=1.96229 val=None lr=0.000232959
2026-10-02 00:37:27,903 step=21600 train=1.74400 val=1.842612338066101 lr=0.000232899
2026-10-02 00:37:30,449 step=21610 train=1.88476 val=None lr=0.00023284
2026-10-02 00:37:32,869 step=21620 train=1.87466 val=None lr=0.00023278
2026-10-02 00:37:35,332 step=21630 train=2.14145 val=None lr=0.00023272
2026-10-02 00:37:37,837 step=21640 train=1.88481 val=None lr=0.00023266
2026-10-02 00:37:39,018 step=21650 train=1.87884 val=None lr=0.0002326
2026-10-02 00:37:41,536 step=21660 train=1.72423 val=None lr=0.00023254
2026-10-02 00:37:44,150 step=21670 train=1.67230 val=None lr=0.00023248
2026-10-02 00:37:46,742 step=21680 train=2.17573 val=None lr=0.00023242
2026-10-02 00:37:49,653 step=21690 train=1.73134 val=None lr=0.00023236
2026-10-02 00:37:53,726 step=21700 train=2.05731 val=1.843778246641159 lr=0.0002323
2026-10-02 00:37:56,259 step=21710 train=2.01582 val=None lr=0.00023224
2026-10-02 00:37:58,764 step=21720 train=2.09851 val=None lr=0.00023218
2026-10-02 00:38:01,293 step=21730 train=2.09226 val=None lr=0.00023212
2026-10-02 00:38:03,835 step=21740 train=1.82059 val=None lr=0.00023206
2026-10-02 00:38:06,439 step=21750 train=1.61524 val=None lr=0.000232
2026-10-02 00:38:08,945 step=21760 train=1.99971 val=None lr=0.00023194
2026-10-02 00:38:10,165 step=21770 train=1.75892 val=None lr=0.000231879
2026-10-02 00:38:13,014 step=21780 train=1.96559 val=None lr=0.000231819
2026-10-02 00:38:15,600 step=21790 train=2.04130 val=None lr=0.000231759
2026-10-02 00:38:19,620 step=21800 train=1.83075 val=1.8467438042163848 lr=0.000231699
2026-10-02 00:38:22,051 step=21810 train=2.10352 val=None lr=0.000231639
2026-10-02 00:38:24,723 step=21820 train=2.05967 val=None lr=0.000231578
2026-10-02 00:38:27,289 step=21830 train=1.81082 val=None lr=0.000231518
2026-10-02 00:38:29,775 step=21840 train=2.05705 val=None lr=0.000231458
2026-10-02 00:38:32,290 step=21850 train=2.01429 val=None lr=0.000231398
2026-10-02 00:38:34,898 step=21860 train=1.95808 val=None lr=0.000231337
2026-10-02 00:38:37,534 step=21870 train=1.85949 val=None lr=0.000231277
2026-10-02 00:38:40,113 step=21880 train=1.57398 val=None lr=0.000231217
2026-10-02 00:38:41,312 step=21890 train=1.97053 val=None lr=0.000231156
2026-10-02 00:38:45,431 step=21900 train=1.66874 val=1.8437264561653137 lr=0.000231096
2026-10-02 00:38:47,955 step=21910 train=1.89530 val=None lr=0.000231036
2026-10-02 00:38:50,530 step=21920 train=1.90700 val=None lr=0.000230975
2026-10-02 00:38:53,049 step=21930 train=2.02137 val=None lr=0.000230915
2026-10-02 00:38:55,543 step=21940 train=1.87151 val=None lr=0.000230854
2026-10-02 00:38:58,045 step=21950 train=1.77203 val=None lr=0.000230794
2026-10-02 00:39:00,491 step=21960 train=1.69123 val=None lr=0.000230733
2026-10-02 00:39:03,185 step=21970 train=1.78350 val=None lr=0.000230673
2026-10-02 00:39:05,683 step=21980 train=1.82636 val=None lr=0.000230612
2026-10-02 00:39:08,250 step=21990 train=2.12860 val=None lr=0.000230552
2026-10-02 00:39:11,553 step=22000 train=1.66405 val=1.8411457538604736 lr=0.000230491
2026-10-02 00:39:16,696 step=22010 train=2.05045 val=None lr=0.000230431
2026-10-02 00:39:19,305 step=22020 train=1.89759 val=None lr=0.00023037
2026-10-02 00:39:21,941 step=22030 train=1.70867 val=None lr=0.00023031
2026-10-02 00:39:24,446 step=22040 train=1.62468 val=None lr=0.000230249
2026-10-02 00:39:27,260 step=22050 train=1.74958 val=None lr=0.000230188
2026-10-02 00:39:29,932 step=22060 train=2.05303 val=None lr=0.000230128
2026-10-02 00:39:32,374 step=22070 train=1.72969 val=None lr=0.000230067
2026-10-02 00:39:34,932 step=22080 train=2.06000 val=None lr=0.000230006
2026-10-02 00:39:37,703 step=22090 train=2.21064 val=None lr=0.000229946
2026-10-02 00:39:42,352 step=22100 train=1.72952 val=1.8379339337348939 lr=0.000229885
2026-10-02 00:39:43,646 step=22110 train=1.89790 val=None lr=0.000229824
2026-10-02 00:39:46,163 step=22120 train=1.90169 val=None lr=0.000229764
2026-10-02 00:39:48,771 step=22130 train=1.93500 val=None lr=0.000229703
2026-10-02 00:39:51,330 step=22140 train=1.86392 val=None lr=0.000229642
2026-10-02 00:39:53,909 step=22150 train=2.18620 val=None lr=0.000229581
2026-10-02 00:39:56,335 step=22160 train=2.01435 val=None lr=0.00022952
2026-10-02 00:39:58,777 step=22170 train=1.71374 val=None lr=0.00022946
2026-10-02 00:40:01,454 step=22180 train=1.95473 val=None lr=0.000229399
2026-10-02 00:40:04,070 step=22190 train=1.96795 val=None lr=0.000229338
2026-10-02 00:40:08,044 step=22200 train=2.19103 val=1.838435822725296 lr=0.000229277
2026-10-02 00:40:10,712 step=22210 train=1.69292 val=None lr=0.000229216
2026-10-02 00:40:13,353 step=22220 train=1.78801 val=None lr=0.000229155
2026-10-02 00:40:14,576 step=22230 train=1.96826 val=None lr=0.000229094
2026-10-02 00:40:17,192 step=22240 train=2.06313 val=None lr=0.000229033
2026-10-02 00:40:19,619 step=22250 train=1.86289 val=None lr=0.000228972
2026-10-02 00:40:22,066 step=22260 train=1.67953 val=None lr=0.000228911
2026-10-02 00:40:24,719 step=22270 train=1.67159 val=None lr=0.00022885
2026-10-02 00:40:27,297 step=22280 train=1.82270 val=None lr=0.000228789
2026-10-02 00:40:29,824 step=22290 train=1.87494 val=None lr=0.000228728
2026-10-02 00:40:34,404 step=22300 train=1.99787 val=1.8330090641975403 lr=0.000228667
2026-10-02 00:40:36,879 step=22310 train=1.83193 val=None lr=0.000228606
2026-10-02 00:40:39,312 step=22320 train=1.98492 val=None lr=0.000228545
2026-10-02 00:40:41,802 step=22330 train=2.01892 val=None lr=0.000228484
2026-10-02 00:40:44,316 step=22340 train=1.82731 val=None lr=0.000228423
2026-10-02 00:40:45,499 step=22350 train=1.93289 val=None lr=0.000228362
2026-10-02 00:40:48,057 step=22360 train=1.84435 val=None lr=0.000228301
2026-10-02 00:40:50,621 step=22370 train=1.83417 val=None lr=0.000228239
2026-10-02 00:40:53,316 step=22380 train=1.85506 val=None lr=0.000228178
2026-10-02 00:40:55,902 step=22390 train=1.68381 val=None lr=0.000228117
2026-10-02 00:41:00,594 step=22400 train=1.96799 val=1.8325331449508666 lr=0.000228056
2026-10-02 00:41:03,248 step=22410 train=1.90658 val=None lr=0.000227995
2026-10-02 00:41:05,813 step=22420 train=1.84545 val=None lr=0.000227933
2026-10-02 00:41:08,293 step=22430 train=1.87993 val=None lr=0.000227872
2026-10-02 00:41:10,902 step=22440 train=1.82671 val=None lr=0.000227811
2026-10-02 00:41:13,484 step=22450 train=1.60144 val=None lr=0.000227749
2026-10-02 00:41:16,074 step=22460 train=1.77338 val=None lr=0.000227688
2026-10-02 00:41:17,682 step=22470 train=1.82248 val=None lr=0.000227627
2026-10-02 00:41:20,256 step=22480 train=1.65741 val=None lr=0.000227565
2026-10-02 00:41:23,135 step=22490 train=1.92619 val=None lr=0.000227504
2026-10-02 00:41:27,712 step=22500 train=1.88166 val=1.830953347682953 lr=0.000227443
2026-10-02 00:41:32,686 step=22510 train=1.90162 val=None lr=0.000227381
2026-10-02 00:41:35,280 step=22520 train=1.90616 val=None lr=0.00022732
2026-10-02 00:41:37,971 step=22530 train=1.66891 val=None lr=0.000227258
2026-10-02 00:41:40,619 step=22540 train=1.87706 val=None lr=0.000227197
2026-10-02 00:41:43,233 step=22550 train=1.66847 val=None lr=0.000227136
2026-10-02 00:41:45,854 step=22560 train=1.98261 val=None lr=0.000227074
2026-10-02 00:41:48,504 step=22570 train=1.85379 val=None lr=0.000227013
2026-10-02 00:41:49,823 step=22580 train=1.82770 val=None lr=0.000226951
2026-10-02 00:41:52,328 step=22590 train=1.75914 val=None lr=0.000226889
2026-10-02 00:41:57,011 step=22600 train=2.02140 val=1.828294962644577 lr=0.000226828
2026-10-02 00:41:59,553 step=22610 train=1.70346 val=None lr=0.000226766
2026-10-02 00:42:02,091 step=22620 train=1.95298 val=None lr=0.000226705
2026-10-02 00:42:04,546 step=22630 train=1.66425 val=None lr=0.000226643
2026-10-02 00:42:07,074 step=22640 train=1.85300 val=None lr=0.000226582
2026-10-02 00:42:09,620 step=22650 train=1.55224 val=None lr=0.00022652
2026-10-02 00:42:12,379 step=22660 train=1.81153 val=None lr=0.000226458
2026-10-02 00:42:14,839 step=22670 train=1.92997 val=None lr=0.000226397
2026-10-02 00:42:17,282 step=22680 train=2.14831 val=None lr=0.000226335
2026-10-02 00:42:19,810 step=22690 train=1.93288 val=None lr=0.000226273
2026-10-02 00:42:23,118 step=22700 train=1.94092 val=1.8282588601112366 lr=0.000226212
2026-10-02 00:42:25,739 step=22710 train=1.66012 val=None lr=0.00022615
2026-10-02 00:42:28,232 step=22720 train=1.86675 val=None lr=0.000226088
2026-10-02 00:42:30,946 step=22730 train=1.56823 val=None lr=0.000226026
2026-10-02 00:42:33,669 step=22740 train=1.56017 val=None lr=0.000225965
2026-10-02 00:42:36,194 step=22750 train=1.78923 val=None lr=0.000225903
2026-10-02 00:42:38,967 step=22760 train=1.79971 val=None lr=0.000225841
2026-10-02 00:42:41,611 step=22770 train=1.78385 val=None lr=0.000225779
2026-10-02 00:42:44,198 step=22780 train=1.67506 val=None lr=0.000225717
2026-10-02 00:42:46,706 step=22790 train=1.80711 val=None lr=0.000225655
2026-10-02 00:42:50,021 step=22800 train=1.66830 val=1.8244730174541473 lr=0.000225594
2026-10-02 00:42:52,502 step=22810 train=1.69372 val=None lr=0.000225532
2026-10-02 00:42:55,075 step=22820 train=1.67707 val=None lr=0.00022547
2026-10-02 00:42:57,765 step=22830 train=1.72778 val=None lr=0.000225408
2026-10-02 00:43:00,181 step=22840 train=1.92379 val=None lr=0.000225346
2026-10-02 00:43:02,717 step=22850 train=1.85799 val=None lr=0.000225284
2026-10-02 00:43:05,256 step=22860 train=2.04092 val=None lr=0.000225222
2026-10-02 00:43:07,683 step=22870 train=1.66400 val=None lr=0.00022516
2026-10-02 00:43:10,192 step=22880 train=2.04439 val=None lr=0.000225098
2026-10-02 00:43:12,657 step=22890 train=1.87501 val=None lr=0.000225036
2026-10-02 00:43:17,204 step=22900 train=1.80138 val=1.8238535523414612 lr=0.000224974
2026-10-02 00:43:19,717 step=22910 train=1.77208 val=None lr=0.000224912
2026-10-02 00:43:21,107 step=22920 train=1.88205 val=None lr=0.00022485
2026-10-02 00:43:23,626 step=22930 train=1.63122 val=None lr=0.000224788
2026-10-02 00:43:26,063 step=22940 train=2.15112 val=None lr=0.000224726
2026-10-02 00:43:28,497 step=22950 train=1.90589 val=None lr=0.000224664
2026-10-02 00:43:31,019 step=22960 train=1.99532 val=None lr=0.000224602
2026-10-02 00:43:33,530 step=22970 train=1.74824 val=None lr=0.000224539
2026-10-02 00:43:36,053 step=22980 train=1.77872 val=None lr=0.000224477
2026-10-02 00:43:38,659 step=22990 train=1.74815 val=None lr=0.000224415
2026-10-02 00:43:43,368 step=23000 train=2.18483 val=1.823022222518921 lr=0.000224353
2026-10-02 00:43:49,055 step=23010 train=1.98162 val=None lr=0.000224291
2026-10-02 00:43:51,676 step=23020 train=2.00810 val=None lr=0.000224229
2026-10-02 00:43:54,263 step=23030 train=1.74855 val=None lr=0.000224166
2026-10-02 00:43:56,856 step=23040 train=1.91726 val=None lr=0.000224104
2026-10-02 00:43:59,507 step=23050 train=1.80157 val=None lr=0.000224042
2026-10-02 00:44:01,941 step=23060 train=1.75729 val=None lr=0.000223979
2026-10-02 00:44:04,621 step=23070 train=1.88324 val=None lr=0.000223917
2026-10-02 00:44:07,189 step=23080 train=1.88533 val=None lr=0.000223855
2026-10-02 00:44:07,978 step=23090 train=1.94810 val=None lr=0.000223793
2026-10-02 00:44:12,473 step=23100 train=1.96845 val=1.819535058736801 lr=0.00022373
2026-10-02 00:44:14,930 step=23110 train=1.84295 val=None lr=0.000223668
2026-10-02 00:44:17,482 step=23120 train=2.37164 val=None lr=0.000223605
2026-10-02 00:44:20,116 step=23130 train=1.98343 val=None lr=0.000223543
2026-10-02 00:44:22,785 step=23140 train=1.68449 val=None lr=0.000223481
2026-10-02 00:44:25,486 step=23150 train=1.77497 val=None lr=0.000223418
2026-10-02 00:44:28,012 step=23160 train=1.70661 val=None lr=0.000223356
2026-10-02 00:44:30,887 step=23170 train=1.89904 val=None lr=0.000223293
2026-10-02 00:44:33,480 step=23180 train=1.75765 val=None lr=0.000223231
2026-10-02 00:44:36,078 step=23190 train=1.75113 val=None lr=0.000223168
2026-10-02 00:44:38,943 step=23200 train=1.77006 val=1.820088756084442 lr=0.000223106
2026-10-02 00:44:41,738 step=23210 train=1.92737 val=None lr=0.000223043
2026-10-02 00:44:44,282 step=23220 train=1.90234 val=None lr=0.000222981
2026-10-02 00:44:46,795 step=23230 train=1.89233 val=None lr=0.000222918
2026-10-02 00:44:49,402 step=23240 train=1.99783 val=None lr=0.000222856
2026-10-02 00:44:51,878 step=23250 train=2.03335 val=None lr=0.000222793
2026-10-02 00:44:54,478 step=23260 train=2.20772 val=None lr=0.000222731
2026-10-02 00:44:57,076 step=23270 train=1.71816 val=None lr=0.000222668
2026-10-02 00:44:59,715 step=23280 train=1.88969 val=None lr=0.000222605
2026-10-02 00:45:02,163 step=23290 train=1.65496 val=None lr=0.000222543
2026-10-02 00:45:06,136 step=23300 train=1.86545 val=1.8205145359039308 lr=0.00022248
2026-10-02 00:45:08,590 step=23310 train=1.91309 val=None lr=0.000222418
2026-10-02 00:45:09,664 step=23320 train=1.62927 val=None lr=0.000222355
2026-10-02 00:45:12,333 step=23330 train=2.19499 val=None lr=0.000222292
2026-10-02 00:45:14,760 step=23340 train=1.75174 val=None lr=0.000222229
2026-10-02 00:45:17,275 step=23350 train=1.83868 val=None lr=0.000222167
2026-10-02 00:45:19,960 step=23360 train=1.85364 val=None lr=0.000222104
2026-10-02 00:45:22,493 step=23370 train=1.97751 val=None lr=0.000222041
2026-10-02 00:45:25,339 step=23380 train=1.84359 val=None lr=0.000221978
2026-10-02 00:45:28,123 step=23390 train=1.62734 val=None lr=0.000221916
2026-10-02 00:45:32,734 step=23400 train=1.57568 val=1.819391918182373 lr=0.000221853
2026-10-02 00:45:35,307 step=23410 train=1.98989 val=None lr=0.00022179
2026-10-02 00:45:37,848 step=23420 train=1.91926 val=None lr=0.000221727
2026-10-02 00:45:40,361 step=23430 train=1.95085 val=None lr=0.000221664
2026-10-02 00:45:41,598 step=23440 train=1.69002 val=None lr=0.000221602
2026-10-02 00:45:44,140 step=23450 train=1.98941 val=None lr=0.000221539
2026-10-02 00:45:46,812 step=23460 train=1.81302 val=None lr=0.000221476
2026-10-02 00:45:49,332 step=23470 train=1.85617 val=None lr=0.000221413
2026-10-02 00:45:51,950 step=23480 train=2.02919 val=None lr=0.00022135
2026-10-02 00:45:54,473 step=23490 train=1.73308 val=None lr=0.000221287
2026-10-02 00:45:59,075 step=23500 train=1.88515 val=1.8188308596611023 lr=0.000221224
2026-10-02 00:46:04,127 step=23510 train=1.91076 val=None lr=0.000221161
2026-10-02 00:46:06,686 step=23520 train=1.81958 val=None lr=0.000221098
2026-10-02 00:46:09,319 step=23530 train=1.87832 val=None lr=0.000221035
2026-10-02 00:46:11,787 step=23540 train=2.04226 val=None lr=0.000220972
2026-10-02 00:46:13,156 step=23550 train=1.69492 val=None lr=0.000220909
2026-10-02 00:46:15,655 step=23560 train=2.16775 val=None lr=0.000220846
2026-10-02 00:46:18,180 step=23570 train=1.74978 val=None lr=0.000220783
2026-10-02 00:46:20,668 step=23580 train=1.88022 val=None lr=0.00022072
2026-10-02 00:46:23,083 step=23590 train=1.85047 val=None lr=0.000220657
2026-10-02 00:46:27,621 step=23600 train=1.78604 val=1.817703503370285 lr=0.000220594
2026-10-02 00:46:30,113 step=23610 train=2.06792 val=None lr=0.000220531
2026-10-02 00:46:32,857 step=23620 train=1.84407 val=None lr=0.000220468
2026-10-02 00:46:35,709 step=23630 train=1.85340 val=None lr=0.000220405
2026-10-02 00:46:38,151 step=23640 train=1.82260 val=None lr=0.000220341
2026-10-02 00:46:40,779 step=23650 train=1.80045 val=None lr=0.000220278
2026-10-02 00:46:43,315 step=23660 train=1.77623 val=None lr=0.000220215
2026-10-02 00:46:44,638 step=23670 train=1.75466 val=None lr=0.000220152
2026-10-02 00:46:47,360 step=23680 train=1.80719 val=None lr=0.000220089
2026-10-02 00:46:49,874 step=23690 train=2.10024 val=None lr=0.000220025
2026-10-02 00:46:54,460 step=23700 train=1.48223 val=1.810965073108673 lr=0.000219962
2026-10-02 00:46:57,014 step=23710 train=1.74110 val=None lr=0.000219899
2026-10-02 00:46:59,565 step=23720 train=1.69075 val=None lr=0.000219836
2026-10-02 00:47:02,208 step=23730 train=1.79328 val=None lr=0.000219772
2026-10-02 00:47:04,784 step=23740 train=1.66746 val=None lr=0.000219709
2026-10-02 00:47:07,230 step=23750 train=1.88635 val=None lr=0.000219646
2026-10-02 00:47:10,505 step=23760 train=1.68359 val=None lr=0.000219582
2026-10-02 00:47:12,956 step=23770 train=1.73345 val=None lr=0.000219519
2026-10-02 00:47:15,440 step=23780 train=1.82145 val=None lr=0.000219456
2026-10-02 00:47:16,575 step=23790 train=1.94301 val=None lr=0.000219392
2026-10-02 00:47:20,445 step=23800 train=1.76396 val=1.8176756083965302 lr=0.000219329
2026-10-02 00:47:23,147 step=23810 train=1.83037 val=None lr=0.000219266
2026-10-02 00:47:25,632 step=23820 train=1.64119 val=None lr=0.000219202
2026-10-02 00:47:28,191 step=23830 train=2.07318 val=None lr=0.000219139
2026-10-02 00:47:30,671 step=23840 train=1.83302 val=None lr=0.000219075
2026-10-02 00:47:33,247 step=23850 train=2.22542 val=None lr=0.000219012
2026-10-02 00:47:35,761 step=23860 train=1.73633 val=None lr=0.000218948
2026-10-02 00:47:38,410 step=23870 train=1.79544 val=None lr=0.000218885
2026-10-02 00:47:41,087 step=23880 train=1.83490 val=None lr=0.000218821
2026-10-02 00:47:43,755 step=23890 train=2.04525 val=None lr=0.000218758
2026-10-02 00:47:46,429 step=23900 train=1.96231 val=1.8178055584430695 lr=0.000218694
2026-10-02 00:47:48,904 step=23910 train=1.92419 val=None lr=0.000218631
2026-10-02 00:47:51,420 step=23920 train=1.91064 val=None lr=0.000218567
2026-10-02 00:47:53,953 step=23930 train=2.18041 val=None lr=0.000218504
2026-10-02 00:47:56,653 step=23940 train=1.78976 val=None lr=0.00021844
2026-10-02 00:47:59,160 step=23950 train=2.03447 val=None lr=0.000218377
2026-10-02 00:48:01,617 step=23960 train=1.79585 val=None lr=0.000218313
2026-10-02 00:48:04,194 step=23970 train=1.85606 val=None lr=0.000218249
2026-10-02 00:48:06,769 step=23980 train=1.87037 val=None lr=0.000218186
2026-10-02 00:48:09,294 step=23990 train=2.17721 val=None lr=0.000218122
2026-10-02 00:48:13,507 step=24000 train=2.02448 val=1.8174820125102997 lr=0.000218058
2026-10-02 00:48:17,319 step=24010 train=1.59177 val=None lr=0.000217995
2026-10-02 00:48:20,228 step=24020 train=1.91340 val=None lr=0.000217931
2026-10-02 00:48:22,672 step=24030 train=1.95886 val=None lr=0.000217867
2026-10-02 00:48:25,203 step=24040 train=1.88890 val=None lr=0.000217804
2026-10-02 00:48:27,676 step=24050 train=1.87547 val=None lr=0.00021774
2026-10-02 00:48:30,196 step=24060 train=1.96398 val=None lr=0.000217676
2026-10-02 00:48:32,639 step=24070 train=1.80593 val=None lr=0.000217612
2026-10-02 00:48:35,114 step=24080 train=1.95668 val=None lr=0.000217549
2026-10-02 00:48:37,665 step=24090 train=1.83658 val=None lr=0.000217485
2026-10-02 00:48:41,552 step=24100 train=1.74521 val=1.8175248205661774 lr=0.000217421
2026-10-02 00:48:43,972 step=24110 train=1.98664 val=None lr=0.000217357
2026-10-02 00:48:46,462 step=24120 train=1.88721 val=None lr=0.000217293
2026-10-02 00:48:49,007 step=24130 train=1.92013 val=None lr=0.000217229
2026-10-02 00:48:50,180 step=24140 train=1.62968 val=None lr=0.000217166
2026-10-02 00:48:52,631 step=24150 train=1.70787 val=None lr=0.000217102
2026-10-02 00:48:55,126 step=24160 train=1.85097 val=None lr=0.000217038
2026-10-02 00:48:57,723 step=24170 train=1.99852 val=None lr=0.000216974
2026-10-02 00:49:00,193 step=24180 train=2.03983 val=None lr=0.00021691
2026-10-02 00:49:02,641 step=24190 train=1.81304 val=None lr=0.000216846
2026-10-02 00:49:06,535 step=24200 train=1.95854 val=1.8122933328151702 lr=0.000216782
2026-10-02 00:49:09,310 step=24210 train=1.69624 val=None lr=0.000216718
2026-10-02 00:49:11,776 step=24220 train=2.00183 val=None lr=0.000216654
2026-10-02 00:49:14,243 step=24230 train=1.90694 val=None lr=0.00021659
2026-10-02 00:49:16,813 step=24240 train=1.68561 val=None lr=0.000216526
2026-10-02 00:49:19,326 step=24250 train=1.91624 val=None lr=0.000216462
2026-10-02 00:49:20,520 step=24260 train=2.10874 val=None lr=0.000216398
2026-10-02 00:49:22,937 step=24270 train=1.85379 val=None lr=0.000216334
2026-10-02 00:49:25,604 step=24280 train=1.82997 val=None lr=0.00021627
2026-10-02 00:49:28,118 step=24290 train=1.96692 val=None lr=0.000216206
2026-10-02 00:49:32,848 step=24300 train=1.88483 val=1.8093459069728852 lr=0.000216142
2026-10-02 00:49:35,340 step=24310 train=1.73800 val=None lr=0.000216078
2026-10-02 00:49:37,945 step=24320 train=1.81591 val=None lr=0.000216014
2026-10-02 00:49:40,520 step=24330 train=1.54147 val=None lr=0.00021595
2026-10-02 00:49:43,144 step=24340 train=2.10218 val=None lr=0.000215886
2026-10-02 00:49:45,675 step=24350 train=1.73869 val=None lr=0.000215821
2026-10-02 00:49:48,198 step=24360 train=1.66333 val=None lr=0.000215757
2026-10-02 00:49:50,611 step=24370 train=1.88360 val=None lr=0.000215693
2026-10-02 00:49:51,847 step=24380 train=1.80909 val=None lr=0.000215629
2026-10-02 00:49:54,397 step=24390 train=1.90725 val=None lr=0.000215565
2026-10-02 00:49:59,312 step=24400 train=1.74752 val=1.8084299683570861 lr=0.000215501
2026-10-02 00:50:01,831 step=24410 train=1.74945 val=None lr=0.000215436
2026-10-02 00:50:04,344 step=24420 train=1.88994 val=None lr=0.000215372
2026-10-02 00:50:07,010 step=24430 train=1.85319 val=None lr=0.000215308
2026-10-02 00:50:09,526 step=24440 train=1.84282 val=None lr=0.000215244
2026-10-02 00:50:12,091 step=24450 train=1.68102 val=None lr=0.000215179
2026-10-02 00:50:14,835 step=24460 train=1.85435 val=None lr=0.000215115
2026-10-02 00:50:17,512 step=24470 train=1.72559 val=None lr=0.000215051
2026-10-02 00:50:20,093 step=24480 train=1.84854 val=None lr=0.000214986
2026-10-02 00:50:22,512 step=24490 train=1.86940 val=None lr=0.000214922
2026-10-02 00:50:25,673 step=24500 train=1.71306 val=1.803972464799881 lr=0.000214858
2026-10-02 00:50:30,628 step=24510 train=1.52217 val=None lr=0.000214793
2026-10-02 00:50:33,169 step=24520 train=1.83553 val=None lr=0.000214729
2026-10-02 00:50:35,905 step=24530 train=1.72568 val=None lr=0.000214665
2026-10-02 00:50:38,527 step=24540 train=1.71248 val=None lr=0.0002146
2026-10-02 00:50:41,072 step=24550 train=1.73489 val=None lr=0.000214536
2026-10-02 00:50:43,682 step=24560 train=1.87207 val=None lr=0.000214471
2026-10-02 00:50:46,188 step=24570 train=1.89151 val=None lr=0.000214407
2026-10-02 00:50:48,723 step=24580 train=1.81203 val=None lr=0.000214343
2026-10-02 00:50:51,432 step=24590 train=1.88252 val=None lr=0.000214278
2026-10-02 00:50:54,778 step=24600 train=2.10384 val=1.8000117242336273 lr=0.000214214
2026-10-02 00:50:57,491 step=24610 train=1.63952 val=None lr=0.000214149
2026-10-02 00:51:00,047 step=24620 train=1.65150 val=None lr=0.000214085
2026-10-02 00:51:02,568 step=24630 train=1.77558 val=None lr=0.00021402
2026-10-02 00:51:05,065 step=24640 train=2.22342 val=None lr=0.000213956
2026-10-02 00:51:07,547 step=24650 train=1.97590 val=None lr=0.000213891
2026-10-02 00:51:10,054 step=24660 train=1.64255 val=None lr=0.000213826
2026-10-02 00:51:12,648 step=24670 train=1.96689 val=None lr=0.000213762
2026-10-02 00:51:15,090 step=24680 train=1.91750 val=None lr=0.000213697
2026-10-02 00:51:17,634 step=24690 train=1.98376 val=None lr=0.000213633
2026-10-02 00:51:22,283 step=24700 train=1.75494 val=1.7988963961601256 lr=0.000213568
2026-10-02 00:51:24,696 step=24710 train=1.85080 val=None lr=0.000213504
2026-10-02 00:51:25,903 step=24720 train=1.79248 val=None lr=0.000213439
2026-10-02 00:51:28,464 step=24730 train=1.88512 val=None lr=0.000213374
2026-10-02 00:51:30,994 step=24740 train=1.85942 val=None lr=0.00021331
2026-10-02 00:51:33,543 step=24750 train=1.61581 val=None lr=0.000213245
2026-10-02 00:51:36,344 step=24760 train=1.87172 val=None lr=0.00021318
2026-10-02 00:51:38,939 step=24770 train=1.76459 val=None lr=0.000213116
2026-10-02 00:51:41,527 step=24780 train=1.83333 val=None lr=0.000213051
2026-10-02 00:51:43,992 step=24790 train=1.60450 val=None lr=0.000212986
2026-10-02 00:51:48,111 step=24800 train=1.91239 val=1.8026230037212372 lr=0.000212921
2026-10-02 00:51:50,602 step=24810 train=1.95568 val=None lr=0.000212857
2026-10-02 00:51:53,353 step=24820 train=1.93107 val=None lr=0.000212792
2026-10-02 00:51:55,995 step=24830 train=1.94554 val=None lr=0.000212727
2026-10-02 00:51:57,301 step=24840 train=1.74474 val=None lr=0.000212662
2026-10-02 00:51:59,846 step=24850 train=1.82735 val=None lr=0.000212598
2026-10-02 00:52:02,353 step=24860 train=1.87592 val=None lr=0.000212533
2026-10-02 00:52:04,961 step=24870 train=1.87991 val=None lr=0.000212468
2026-10-02 00:52:07,487 step=24880 train=1.65495 val=None lr=0.000212403
2026-10-02 00:52:09,972 step=24890 train=1.58582 val=None lr=0.000212338
2026-10-02 00:52:13,878 step=24900 train=1.83538 val=1.803815883398056 lr=0.000212273
2026-10-02 00:52:16,291 step=24910 train=1.65758 val=None lr=0.000212209
2026-10-02 00:52:18,762 step=24920 train=1.93943 val=None lr=0.000212144
2026-10-02 00:52:21,263 step=24930 train=1.83275 val=None lr=0.000212079
2026-10-02 00:52:23,749 step=24940 train=1.99070 val=None lr=0.000212014
2026-10-02 00:52:26,204 step=24950 train=1.52768 val=None lr=0.000211949
2026-10-02 00:52:27,410 step=24960 train=1.76134 val=None lr=0.000211884
2026-10-02 00:52:30,363 step=24970 train=1.58986 val=None lr=0.000211819
2026-10-02 00:52:32,791 step=24980 train=1.79775 val=None lr=0.000211754
2026-10-02 00:52:35,341 step=24990 train=1.96546 val=None lr=0.000211689
2026-10-02 00:52:39,594 step=25000 train=1.80559 val=1.80349200963974 lr=0.000211624
2026-10-02 00:52:44,849 step=25010 train=1.72001 val=None lr=0.000211559
2026-10-02 00:52:47,263 step=25020 train=1.85929 val=None lr=0.000211494
2026-10-02 00:52:49,930 step=25030 train=1.78252 val=None lr=0.000211429
2026-10-02 00:52:52,538 step=25040 train=1.69049 val=None lr=0.000211364
2026-10-02 00:52:55,298 step=25050 train=1.82925 val=None lr=0.000211299
2026-10-02 00:52:57,741 step=25060 train=1.74970 val=None lr=0.000211234
2026-10-02 00:52:59,064 step=25070 train=1.82620 val=None lr=0.000211169
2026-10-02 00:53:01,677 step=25080 train=2.25627 val=None lr=0.000211104
2026-10-02 00:53:04,133 step=25090 train=1.93851 val=None lr=0.000211039
2026-10-02 00:53:08,789 step=25100 train=1.87751 val=1.7985582292079925 lr=0.000210974
2026-10-02 00:53:11,408 step=25110 train=1.88230 val=None lr=0.000210909
2026-10-02 00:53:13,944 step=25120 train=1.82378 val=None lr=0.000210844
2026-10-02 00:53:16,669 step=25130 train=2.01577 val=None lr=0.000210778
2026-10-02 00:53:19,333 step=25140 train=2.06068 val=None lr=0.000210713
2026-10-02 00:53:21,851 step=25150 train=1.69179 val=None lr=0.000210648
2026-10-02 00:53:24,427 step=25160 train=1.94374 val=None lr=0.000210583
2026-10-02 00:53:27,031 step=25170 train=1.99049 val=None lr=0.000210518
2026-10-02 00:53:29,601 step=25180 train=1.77433 val=None lr=0.000210453
2026-10-02 00:53:30,826 step=25190 train=2.12270 val=None lr=0.000210387
2026-10-02 00:53:35,371 step=25200 train=2.11019 val=1.7983000695705413 lr=0.000210322
2026-10-02 00:53:37,961 step=25210 train=1.78438 val=None lr=0.000210257
2026-10-02 00:53:40,605 step=25220 train=1.98424 val=None lr=0.000210192
2026-10-02 00:53:43,276 step=25230 train=1.79197 val=None lr=0.000210126
2026-10-02 00:53:45,816 step=25240 train=1.94221 val=None lr=0.000210061
2026-10-02 00:53:48,425 step=25250 train=1.65209 val=None lr=0.000209996
2026-10-02 00:53:51,205 step=25260 train=1.96168 val=None lr=0.000209931
2026-10-02 00:53:53,988 step=25270 train=1.89996 val=None lr=0.000209865
2026-10-02 00:53:56,654 step=25280 train=1.83272 val=None lr=0.0002098
2026-10-02 00:53:59,438 step=25290 train=1.91346 val=None lr=0.000209735
2026-10-02 00:54:02,742 step=25300 train=1.96797 val=1.7961842894554139 lr=0.000209669
2026-10-02 00:54:05,415 step=25310 train=1.79105 val=None lr=0.000209604
2026-10-02 00:54:07,918 step=25320 train=1.73801 val=None lr=0.000209539
2026-10-02 00:54:10,400 step=25330 train=1.98800 val=None lr=0.000209473
2026-10-02 00:54:12,833 step=25340 train=1.92856 val=None lr=0.000209408
2026-10-02 00:54:15,328 step=25350 train=1.90320 val=None lr=0.000209343
2026-10-02 00:54:18,089 step=25360 train=1.89922 val=None lr=0.000209277
2026-10-02 00:54:20,904 step=25370 train=1.76617 val=None lr=0.000209212
2026-10-02 00:54:23,646 step=25380 train=1.71175 val=None lr=0.000209146
2026-10-02 00:54:26,145 step=25390 train=1.73327 val=None lr=0.000209081
2026-10-02 00:54:30,071 step=25400 train=2.00588 val=1.8004045963287354 lr=0.000209015
2026-10-02 00:54:31,588 step=25410 train=1.77233 val=None lr=0.00020895
2026-10-02 00:54:34,123 step=25420 train=1.62547 val=None lr=0.000208884
2026-10-02 00:54:36,627 step=25430 train=2.02685 val=None lr=0.000208819
2026-10-02 00:54:39,064 step=25440 train=1.78461 val=None lr=0.000208753
2026-10-02 00:54:41,653 step=25450 train=1.96122 val=None lr=0.000208688
2026-10-02 00:54:44,304 step=25460 train=1.87683 val=None lr=0.000208622
2026-10-02 00:54:47,151 step=25470 train=1.71497 val=None lr=0.000208557
2026-10-02 00:54:49,592 step=25480 train=1.79137 val=None lr=0.000208491
2026-10-02 00:54:52,225 step=25490 train=1.66481 val=None lr=0.000208426
2026-10-02 00:54:56,936 step=25500 train=1.81401 val=1.7938578426837921 lr=0.00020836
2026-10-02 00:55:01,635 step=25510 train=1.83245 val=None lr=0.000208295
2026-10-02 00:55:02,952 step=25520 train=1.80969 val=None lr=0.000208229
2026-10-02 00:55:05,945 step=25530 train=1.76008 val=None lr=0.000208163
2026-10-02 00:55:08,411 step=25540 train=1.99351 val=None lr=0.000208098
2026-10-02 00:55:10,901 step=25550 train=2.02009 val=None lr=0.000208032
2026-10-02 00:55:13,861 step=25560 train=1.66214 val=None lr=0.000207967
2026-10-02 00:55:16,602 step=25570 train=1.67616 val=None lr=0.000207901
2026-10-02 00:55:19,304 step=25580 train=1.70328 val=None lr=0.000207835
2026-10-02 00:55:21,754 step=25590 train=1.66347 val=None lr=0.00020777
2026-10-02 00:55:25,602 step=25600 train=1.88261 val=1.7940692126750946 lr=0.000207704
2026-10-02 00:55:28,226 step=25610 train=1.96511 val=None lr=0.000207638
2026-10-02 00:55:30,679 step=25620 train=1.84562 val=None lr=0.000207572
2026-10-02 00:55:33,111 step=25630 train=1.78918 val=None lr=0.000207507
2026-10-02 00:55:34,374 step=25640 train=1.76539 val=None lr=0.000207441
2026-10-02 00:55:36,917 step=25650 train=1.94869 val=None lr=0.000207375
2026-10-02 00:55:39,554 step=25660 train=1.92952 val=None lr=0.00020731
2026-10-02 00:55:42,377 step=25670 train=1.70612 val=None lr=0.000207244
2026-10-02 00:55:44,877 step=25680 train=1.84307 val=None lr=0.000207178
2026-10-02 00:55:47,285 step=25690 train=1.73498 val=None lr=0.000207112
2026-10-02 00:55:51,354 step=25700 train=1.67923 val=1.795488214492798 lr=0.000207046
2026-10-02 00:55:53,981 step=25710 train=1.79778 val=None lr=0.000206981
2026-10-02 00:55:56,423 step=25720 train=1.66287 val=None lr=0.000206915
2026-10-02 00:55:58,959 step=25730 train=1.86767 val=None lr=0.000206849
2026-10-02 00:56:01,594 step=25740 train=2.14679 val=None lr=0.000206783
2026-10-02 00:56:04,139 step=25750 train=1.89771 val=None lr=0.000206717
2026-10-02 00:56:05,332 step=25760 train=1.72631 val=None lr=0.000206651
2026-10-02 00:56:07,781 step=25770 train=1.69457 val=None lr=0.000206586
2026-10-02 00:56:10,355 step=25780 train=2.23976 val=None lr=0.00020652
2026-10-02 00:56:12,851 step=25790 train=1.88443 val=None lr=0.000206454
2026-10-02 00:56:16,926 step=25800 train=1.96816 val=1.7946588277816773 lr=0.000206388
2026-10-02 00:56:19,391 step=25810 train=1.95260 val=None lr=0.000206322
2026-10-02 00:56:21,991 step=25820 train=1.75698 val=None lr=0.000206256
2026-10-02 00:56:24,620 step=25830 train=1.66816 val=None lr=0.00020619
2026-10-02 00:56:27,101 step=25840 train=1.59856 val=None lr=0.000206124
2026-10-02 00:56:29,562 step=25850 train=1.87089 val=None lr=0.000206058
2026-10-02 00:56:32,036 step=25860 train=1.56979 val=None lr=0.000205992
2026-10-02 00:56:34,853 step=25870 train=1.84039 val=None lr=0.000205926
2026-10-02 00:56:36,235 step=25880 train=1.69083 val=None lr=0.00020586
2026-10-02 00:56:38,678 step=25890 train=1.72331 val=None lr=0.000205794
2026-10-02 00:56:43,496 step=25900 train=1.98383 val=1.7921998143196105 lr=0.000205728
2026-10-02 00:56:46,708 step=25910 train=1.83528 val=None lr=0.000205662
2026-10-02 00:56:49,205 step=25920 train=1.66834 val=None lr=0.000205596
2026-10-02 00:56:51,907 step=25930 train=1.76634 val=None lr=0.00020553
2026-10-02 00:56:54,787 step=25940 train=1.81738 val=None lr=0.000205464
2026-10-02 00:56:57,410 step=25950 train=1.92588 val=None lr=0.000205398
2026-10-02 00:56:59,985 step=25960 train=1.79744 val=None lr=0.000205332
2026-10-02 00:57:02,435 step=25970 train=1.82265 val=None lr=0.000205266
2026-10-02 00:57:04,929 step=25980 train=1.88963 val=None lr=0.0002052
2026-10-02 00:57:07,622 step=25990 train=1.92162 val=None lr=0.000205134
2026-10-02 00:57:10,482 step=26000 train=1.89913 val=1.7934227168560029 lr=0.000205068
2026-10-02 00:57:15,854 step=26010 train=1.78837 val=None lr=0.000205001
2026-10-02 00:57:18,556 step=26020 train=1.95274 val=None lr=0.000204935
2026-10-02 00:57:21,252 step=26030 train=1.78778 val=None lr=0.000204869
2026-10-02 00:57:23,779 step=26040 train=1.93460 val=None lr=0.000204803
2026-10-02 00:57:26,400 step=26050 train=1.75457 val=None lr=0.000204737
2026-10-02 00:57:28,846 step=26060 train=1.47888 val=None lr=0.000204671
2026-10-02 00:57:31,401 step=26070 train=1.83117 val=None lr=0.000204604
2026-10-02 00:57:33,911 step=26080 train=1.61307 val=None lr=0.000204538
2026-10-02 00:57:36,416 step=26090 train=1.91648 val=None lr=0.000204472
2026-10-02 00:57:39,767 step=26100 train=1.76007 val=1.788798201084137 lr=0.000204406
2026-10-02 00:57:42,229 step=26110 train=1.81789 val=None lr=0.00020434
2026-10-02 00:57:44,693 step=26120 train=2.13049 val=None lr=0.000204273
2026-10-02 00:57:47,162 step=26130 train=1.92094 val=None lr=0.000204207
2026-10-02 00:57:49,771 step=26140 train=1.80016 val=None lr=0.000204141
2026-10-02 00:57:52,343 step=26150 train=1.75324 val=None lr=0.000204075
2026-10-02 00:57:54,742 step=26160 train=1.97120 val=None lr=0.000204008
2026-10-02 00:57:57,282 step=26170 train=1.54297 val=None lr=0.000203942
2026-10-02 00:57:59,901 step=26180 train=1.78054 val=None lr=0.000203876
2026-10-02 00:58:02,493 step=26190 train=1.48326 val=None lr=0.000203809
2026-10-02 00:58:07,062 step=26200 train=1.67441 val=1.7885925710201263 lr=0.000203743
2026-10-02 00:58:09,711 step=26210 train=1.62239 val=None lr=0.000203677
2026-10-02 00:58:10,856 step=26220 train=1.63928 val=None lr=0.00020361
2026-10-02 00:58:13,268 step=26230 train=1.86369 val=None lr=0.000203544
2026-10-02 00:58:15,074 step=26237 train=1.95342 val=None lr=0.000203498
2026-10-02 00:58:17,711 Stopped after step 26237; rerun the same command to resume.
2026-10-02 09:15:48,641 64m_128mtoken: parameters=66061440, target steps=62500, processed tokens=128000000, resume step=26237
2026-10-02 09:15:51,052 step=26240 train=1.91470 val=None lr=0.000203478
2026-10-02 09:15:53,549 step=26250 train=1.95950 val=None lr=0.000203411
2026-10-02 09:15:55,880 step=26260 train=1.88799 val=None lr=0.000203345
2026-10-02 09:15:58,612 step=26270 train=1.63491 val=None lr=0.000203278
2026-10-02 09:16:01,168 step=26280 train=1.69228 val=None lr=0.000203212
2026-10-02 09:16:03,738 step=26290 train=1.79432 val=None lr=0.000203146
2026-10-02 09:16:08,403 step=26300 train=1.65694 val=1.7874124765396118 lr=0.000203079
2026-10-02 09:16:11,341 step=26310 train=1.81674 val=None lr=0.000203013
2026-10-02 09:16:13,730 step=26320 train=1.67584 val=None lr=0.000202946
2026-10-02 09:16:15,989 step=26330 train=1.86041 val=None lr=0.00020288
2026-10-02 09:16:18,428 step=26340 train=1.87404 val=None lr=0.000202813
2026-10-02 09:16:20,920 step=26350 train=2.09327 val=None lr=0.000202747
2026-10-02 09:16:23,436 step=26360 train=1.84575 val=None lr=0.00020268
2026-10-02 09:16:25,752 step=26370 train=1.73992 val=None lr=0.000202614
2026-10-02 09:16:28,334 step=26380 train=1.81568 val=None lr=0.000202547
2026-10-02 09:16:30,821 step=26390 train=1.63977 val=None lr=0.000202481
2026-10-02 09:16:35,648 step=26400 train=1.84602 val=1.7864669620990754 lr=0.000202414
2026-10-02 09:16:38,298 step=26410 train=1.70998 val=None lr=0.000202348
2026-10-02 09:16:40,579 step=26420 train=1.71514 val=None lr=0.000202281
2026-10-02 09:16:42,809 step=26430 train=1.55464 val=None lr=0.000202215
2026-10-02 09:16:45,381 step=26440 train=1.91082 val=None lr=0.000202148
2026-10-02 09:16:47,958 step=26450 train=1.81143 val=None lr=0.000202082
2026-10-02 09:16:50,375 step=26460 train=1.56809 val=None lr=0.000202015
2026-10-02 09:16:52,795 step=26470 train=1.75342 val=None lr=0.000201948
2026-10-02 09:16:55,355 step=26480 train=1.84408 val=None lr=0.000201882
2026-10-02 09:16:58,228 step=26490 train=1.75799 val=None lr=0.000201815
2026-10-02 09:17:02,715 step=26500 train=1.77392 val=1.780208271741867 lr=0.000201749
2026-10-02 09:17:07,855 step=26510 train=1.72715 val=None lr=0.000201682
2026-10-02 09:17:10,786 step=26520 train=1.69298 val=None lr=0.000201615
2026-10-02 09:17:13,234 step=26530 train=1.48289 val=None lr=0.000201549
2026-10-02 09:17:15,616 step=26540 train=1.66012 val=None lr=0.000201482
2026-10-02 09:17:18,317 step=26550 train=1.88990 val=None lr=0.000201415
2026-10-02 09:17:20,982 step=26560 train=1.89876 val=None lr=0.000201349
2026-10-02 09:17:23,806 step=26570 train=1.77126 val=None lr=0.000201282
2026-10-02 09:17:26,510 step=26580 train=1.79425 val=None lr=0.000201215
2026-10-02 09:17:29,117 step=26590 train=1.74593 val=None lr=0.000201149
2026-10-02 09:17:33,087 step=26600 train=1.65545 val=1.7850577771663665 lr=0.000201082
2026-10-02 09:17:35,507 step=26610 train=1.85185 val=None lr=0.000201015
2026-10-02 09:17:37,955 step=26620 train=1.82111 val=None lr=0.000200948
2026-10-02 09:17:40,735 step=26630 train=1.65640 val=None lr=0.000200882
2026-10-02 09:17:43,080 step=26640 train=1.73348 val=None lr=0.000200815
2026-10-02 09:17:45,495 step=26650 train=1.86823 val=None lr=0.000200748
2026-10-02 09:17:47,871 step=26660 train=2.01168 val=None lr=0.000200681
2026-10-02 09:17:50,306 step=26670 train=1.92976 val=None lr=0.000200615
2026-10-02 09:17:53,019 step=26680 train=1.95640 val=None lr=0.000200548
2026-10-02 09:17:55,472 step=26690 train=1.87605 val=None lr=0.000200481
2026-10-02 09:17:59,568 step=26700 train=1.93460 val=1.7808157980442048 lr=0.000200414
2026-10-02 09:18:02,171 step=26710 train=1.72862 val=None lr=0.000200347
2026-10-02 09:18:04,692 step=26720 train=2.00890 val=None lr=0.00020028
2026-10-02 09:18:07,055 step=26730 train=1.91786 val=None lr=0.000200214
2026-10-02 09:18:09,546 step=26740 train=1.76640 val=None lr=0.000200147
2026-10-02 09:18:11,902 step=26750 train=1.69874 val=None lr=0.00020008
2026-10-02 09:18:14,266 step=26760 train=1.74384 val=None lr=0.000200013
2026-10-02 09:18:16,750 step=26770 train=2.19383 val=None lr=0.000199946
2026-10-02 09:18:19,215 step=26780 train=1.67766 val=None lr=0.000199879
2026-10-02 09:18:21,638 step=26790 train=1.87670 val=None lr=0.000199812
2026-10-02 09:18:25,179 step=26800 train=1.66760 val=1.7860083341598512 lr=0.000199745
2026-10-02 09:18:27,764 step=26810 train=1.69875 val=None lr=0.000199679
2026-10-02 09:18:30,536 step=26820 train=1.64246 val=None lr=0.000199612
2026-10-02 09:18:32,904 step=26830 train=1.68251 val=None lr=0.000199545
2026-10-02 09:18:35,400 step=26840 train=1.69724 val=None lr=0.000199478
2026-10-02 09:18:37,838 step=26850 train=1.69613 val=None lr=0.000199411
2026-10-02 09:18:40,258 step=26860 train=1.75077 val=None lr=0.000199344
2026-10-02 09:18:42,694 step=26870 train=1.78058 val=None lr=0.000199277
2026-10-02 09:18:44,964 step=26880 train=1.69014 val=None lr=0.00019921
2026-10-02 09:18:47,402 step=26890 train=1.74471 val=None lr=0.000199143
2026-10-02 09:18:52,125 step=26900 train=1.85242 val=1.7798920333385468 lr=0.000199076
2026-10-02 09:18:54,557 step=26910 train=1.85597 val=None lr=0.000199009
2026-10-02 09:18:56,952 step=26920 train=1.84554 val=None lr=0.000198942
2026-10-02 09:18:59,303 step=26930 train=1.92345 val=None lr=0.000198875
2026-10-02 09:19:01,600 step=26940 train=1.92598 val=None lr=0.000198808
2026-10-02 09:19:04,227 step=26950 train=2.13987 val=None lr=0.000198741
2026-10-02 09:19:06,989 step=26960 train=1.73912 val=None lr=0.000198674
2026-10-02 09:19:09,681 step=26970 train=1.77533 val=None lr=0.000198607
2026-10-02 09:19:11,929 step=26980 train=1.98606 val=None lr=0.00019854
2026-10-02 09:19:14,203 step=26990 train=1.87571 val=None lr=0.000198473
2026-10-02 09:19:18,950 step=27000 train=2.15928 val=1.779866749048233 lr=0.000198405
2026-10-02 09:19:23,384 step=27010 train=2.01018 val=None lr=0.000198338
2026-10-02 09:19:25,644 step=27020 train=1.77505 val=None lr=0.000198271
2026-10-02 09:19:27,794 step=27030 train=1.72615 val=None lr=0.000198204
2026-10-02 09:19:30,153 step=27040 train=1.95158 val=None lr=0.000198137
2026-10-02 09:19:32,489 step=27050 train=2.03115 val=None lr=0.00019807
2026-10-02 09:19:34,797 step=27060 train=2.10721 val=None lr=0.000198003
2026-10-02 09:19:37,390 step=27070 train=1.81655 val=None lr=0.000197936
2026-10-02 09:19:39,821 step=27080 train=2.00022 val=None lr=0.000197868
2026-10-02 09:19:42,205 step=27090 train=1.88534 val=None lr=0.000197801
2026-10-02 09:19:46,977 step=27100 train=1.79752 val=1.7784022092819214 lr=0.000197734
2026-10-02 09:19:49,170 step=27110 train=1.66798 val=None lr=0.000197667
2026-10-02 09:19:51,338 step=27120 train=1.75112 val=None lr=0.0001976
2026-10-02 09:19:53,693 step=27130 train=1.76640 val=None lr=0.000197533
2026-10-02 09:19:56,014 step=27140 train=1.69125 val=None lr=0.000197465
2026-10-02 09:19:58,205 step=27150 train=1.57765 val=None lr=0.000197398
2026-10-02 09:20:00,359 step=27160 train=1.76025 val=None lr=0.000197331
2026-10-02 09:20:02,977 step=27170 train=1.94513 val=None lr=0.000197264
2026-10-02 09:20:05,305 step=27180 train=1.82410 val=None lr=0.000197196
2026-10-02 09:20:07,654 step=27190 train=1.75719 val=None lr=0.000197129
2026-10-02 09:20:12,016 step=27200 train=1.65294 val=1.777607297897339 lr=0.000197062
2026-10-02 09:20:14,255 step=27210 train=1.76216 val=None lr=0.000196995
2026-10-02 09:20:16,439 step=27220 train=1.81500 val=None lr=0.000196927
2026-10-02 09:20:18,715 step=27230 train=1.72248 val=None lr=0.00019686
2026-10-02 09:20:20,999 step=27240 train=1.85795 val=None lr=0.000196793
2026-10-02 09:20:23,316 step=27250 train=1.73583 val=None lr=0.000196725
2026-10-02 09:20:25,536 step=27260 train=1.84948 val=None lr=0.000196658
2026-10-02 09:20:27,810 step=27270 train=1.57779 val=None lr=0.000196591
2026-10-02 09:20:30,134 step=27280 train=1.57173 val=None lr=0.000196524
2026-10-02 09:20:32,723 step=27290 train=1.62791 val=None lr=0.000196456
2026-10-02 09:20:36,706 step=27300 train=1.56867 val=1.7792474627494812 lr=0.000196389
2026-10-02 09:20:39,028 step=27310 train=1.76935 val=None lr=0.000196322
2026-10-02 09:20:41,450 step=27320 train=1.84497 val=None lr=0.000196254
2026-10-02 09:20:43,732 step=27330 train=1.87889 val=None lr=0.000196187
2026-10-02 09:20:46,151 step=27340 train=1.74737 val=None lr=0.000196119
2026-10-02 09:20:48,496 step=27350 train=1.71588 val=None lr=0.000196052
2026-10-02 09:20:50,901 step=27360 train=1.78159 val=None lr=0.000195985
2026-10-02 09:20:53,241 step=27370 train=1.77045 val=None lr=0.000195917
2026-10-02 09:20:55,448 step=27380 train=1.90879 val=None lr=0.00019585
2026-10-02 09:20:57,766 step=27390 train=2.27408 val=None lr=0.000195782
2026-10-02 09:21:01,592 step=27400 train=2.08539 val=1.7790889263153076 lr=0.000195715
2026-10-02 09:21:03,895 step=27410 train=1.97103 val=None lr=0.000195648
2026-10-02 09:21:06,155 step=27420 train=1.69308 val=None lr=0.00019558
2026-10-02 09:21:08,448 step=27430 train=1.72680 val=None lr=0.000195513
2026-10-02 09:21:10,659 step=27440 train=1.61560 val=None lr=0.000195445
2026-10-02 09:21:12,881 step=27450 train=1.74138 val=None lr=0.000195378
2026-10-02 09:21:15,137 step=27460 train=1.61934 val=None lr=0.00019531
2026-10-02 09:21:17,357 step=27470 train=1.83177 val=None lr=0.000195243
2026-10-02 09:21:19,682 step=27480 train=1.85057 val=None lr=0.000195175
2026-10-02 09:21:21,971 step=27490 train=1.84937 val=None lr=0.000195108
2026-10-02 09:21:25,454 step=27500 train=1.88353 val=1.7787553906440734 lr=0.00019504
2026-10-02 09:21:30,594 step=27510 train=1.62626 val=None lr=0.000194973
2026-10-02 09:21:32,836 step=27520 train=2.02857 val=None lr=0.000194905
2026-10-02 09:21:35,182 step=27530 train=1.62460 val=None lr=0.000194838
2026-10-02 09:21:37,378 step=27540 train=1.68776 val=None lr=0.00019477
2026-10-02 09:21:39,624 step=27550 train=1.78360 val=None lr=0.000194703
2026-10-02 09:21:41,908 step=27560 train=1.84138 val=None lr=0.000194635
2026-10-02 09:21:44,122 step=27570 train=1.65203 val=None lr=0.000194568
2026-10-02 09:21:46,524 step=27580 train=1.65396 val=None lr=0.0001945
2026-10-02 09:21:48,894 step=27590 train=1.84173 val=None lr=0.000194432
2026-10-02 09:21:53,267 step=27600 train=1.77870 val=1.776326096057892 lr=0.000194365
2026-10-02 09:21:55,447 step=27610 train=1.74062 val=None lr=0.000194297
2026-10-02 09:21:57,606 step=27620 train=1.76676 val=None lr=0.00019423
2026-10-02 09:21:59,946 step=27630 train=1.86094 val=None lr=0.000194162
2026-10-02 09:22:02,187 step=27640 train=1.69380 val=None lr=0.000194094
2026-10-02 09:22:04,406 step=27650 train=1.73842 val=None lr=0.000194027
2026-10-02 09:22:06,647 step=27660 train=2.12611 val=None lr=0.000193959
2026-10-02 09:22:08,879 step=27670 train=1.91232 val=None lr=0.000193892
2026-10-02 09:22:11,139 step=27680 train=1.88713 val=None lr=0.000193824
2026-10-02 09:22:13,389 step=27690 train=1.64939 val=None lr=0.000193756
2026-10-02 09:22:17,786 step=27700 train=1.91802 val=1.7743817865848541 lr=0.000193689
2026-10-02 09:22:20,229 step=27710 train=1.73612 val=None lr=0.000193621
2026-10-02 09:22:22,623 step=27720 train=1.80291 val=None lr=0.000193553
2026-10-02 09:22:24,870 step=27730 train=2.21730 val=None lr=0.000193486
2026-10-02 09:22:27,329 step=27740 train=1.92212 val=None lr=0.000193418
2026-10-02 09:22:29,950 step=27750 train=1.69847 val=None lr=0.00019335
2026-10-02 09:22:32,194 step=27760 train=1.81445 val=None lr=0.000193283
2026-10-02 09:22:34,416 step=27770 train=1.90926 val=None lr=0.000193215
2026-10-02 09:22:36,822 step=27780 train=1.77052 val=None lr=0.000193147
2026-10-02 09:22:39,059 step=27790 train=1.83576 val=None lr=0.000193079
2026-10-02 09:22:43,565 step=27800 train=1.81594 val=1.7722734749317168 lr=0.000193012
2026-10-02 09:22:46,036 step=27810 train=1.72193 val=None lr=0.000192944
2026-10-02 09:22:48,300 step=27820 train=2.00437 val=None lr=0.000192876
2026-10-02 09:22:50,530 step=27830 train=2.11430 val=None lr=0.000192808
2026-10-02 09:22:52,737 step=27840 train=1.49722 val=None lr=0.000192741
2026-10-02 09:22:55,126 step=27850 train=1.77235 val=None lr=0.000192673
2026-10-02 09:22:57,538 step=27860 train=1.88240 val=None lr=0.000192605
2026-10-02 09:22:59,812 step=27870 train=1.77698 val=None lr=0.000192537
2026-10-02 09:23:02,074 step=27880 train=1.92540 val=None lr=0.00019247
2026-10-02 09:23:04,457 step=27890 train=1.72463 val=None lr=0.000192402
2026-10-02 09:23:08,760 step=27900 train=1.86633 val=1.7716593503952027 lr=0.000192334
2026-10-02 09:23:10,951 step=27910 train=1.97053 val=None lr=0.000192266
2026-10-02 09:23:13,148 step=27920 train=1.67613 val=None lr=0.000192198
2026-10-02 09:23:15,520 step=27930 train=1.83141 val=None lr=0.00019213
2026-10-02 09:23:18,033 step=27940 train=1.63332 val=None lr=0.000192063
2026-10-02 09:23:20,455 step=27950 train=1.76375 val=None lr=0.000191995
2026-10-02 09:23:22,665 step=27960 train=1.72384 val=None lr=0.000191927
2026-10-02 09:23:25,245 step=27970 train=1.84977 val=None lr=0.000191859
2026-10-02 09:23:27,589 step=27980 train=1.90468 val=None lr=0.000191791
2026-10-02 09:23:30,012 step=27990 train=1.88264 val=None lr=0.000191723
2026-10-02 09:23:34,531 step=28000 train=1.51703 val=1.7668653070926665 lr=0.000191655
2026-10-02 09:23:39,771 step=28010 train=1.87537 val=None lr=0.000191588
2026-10-02 09:23:42,269 step=28020 train=1.92712 val=None lr=0.00019152
2026-10-02 09:23:44,541 step=28030 train=1.73430 val=None lr=0.000191452
2026-10-02 09:23:46,707 step=28040 train=1.60347 val=None lr=0.000191384
2026-10-02 09:23:48,984 step=28050 train=1.89839 val=None lr=0.000191316
2026-10-02 09:23:51,425 step=28060 train=1.81670 val=None lr=0.000191248
2026-10-02 09:23:53,834 step=28070 train=1.83719 val=None lr=0.00019118
2026-10-02 09:23:56,000 step=28080 train=1.80190 val=None lr=0.000191112
2026-10-02 09:23:58,626 step=28090 train=1.75804 val=None lr=0.000191044
2026-10-02 09:24:02,332 step=28100 train=1.85115 val=1.7706960022449494 lr=0.000190976
2026-10-02 09:24:04,779 step=28110 train=1.93210 val=None lr=0.000190908
2026-10-02 09:24:07,066 step=28120 train=1.65339 val=None lr=0.00019084
2026-10-02 09:24:09,497 step=28130 train=1.65348 val=None lr=0.000190772
2026-10-02 09:24:11,754 step=28140 train=1.71853 val=None lr=0.000190704
2026-10-02 09:24:13,937 step=28150 train=1.67047 val=None lr=0.000190636
2026-10-02 09:24:16,178 step=28160 train=2.32083 val=None lr=0.000190568
2026-10-02 09:24:18,584 step=28170 train=1.79340 val=None lr=0.0001905
2026-10-02 09:24:20,891 step=28180 train=1.86420 val=None lr=0.000190432
2026-10-02 09:24:23,219 step=28190 train=1.57004 val=None lr=0.000190364
2026-10-02 09:24:26,797 step=28200 train=1.78600 val=1.7677861094474792 lr=0.000190296
2026-10-02 09:24:29,011 step=28210 train=1.76049 val=None lr=0.000190228
2026-10-02 09:24:31,197 step=28220 train=1.67175 val=None lr=0.00019016
2026-10-02 09:24:33,516 step=28230 train=1.85043 val=None lr=0.000190092
2026-10-02 09:24:35,735 step=28240 train=1.89035 val=None lr=0.000190024
2026-10-02 09:24:37,999 step=28250 train=1.83399 val=None lr=0.000189956
2026-10-02 09:24:40,394 step=28260 train=1.95753 val=None lr=0.000189888
2026-10-02 09:24:42,975 step=28270 train=1.80539 val=None lr=0.00018982
2026-10-02 09:24:45,565 step=28280 train=1.94322 val=None lr=0.000189752
2026-10-02 09:24:48,058 step=28290 train=1.76808 val=None lr=0.000189684
2026-10-02 09:24:51,618 step=28300 train=1.65551 val=1.7712181627750396 lr=0.000189616
2026-10-02 09:24:53,968 step=28310 train=1.68086 val=None lr=0.000189548
2026-10-02 09:24:56,179 step=28320 train=1.73168 val=None lr=0.00018948
2026-10-02 09:24:58,605 step=28330 train=1.72392 val=None lr=0.000189412
2026-10-02 09:25:00,864 step=28340 train=1.61704 val=None lr=0.000189344
2026-10-02 09:25:03,558 step=28350 train=1.66448 val=None lr=0.000189275
2026-10-02 09:25:05,846 step=28360 train=1.83836 val=None lr=0.000189207
2026-10-02 09:25:08,141 step=28370 train=1.58679 val=None lr=0.000189139
2026-10-02 09:25:10,497 step=28380 train=1.88312 val=None lr=0.000189071
2026-10-02 09:25:12,943 step=28390 train=1.59552 val=None lr=0.000189003
2026-10-02 09:25:17,828 step=28400 train=1.72010 val=1.7636791288852691 lr=0.000188935
2026-10-02 09:25:20,149 step=28410 train=1.95853 val=None lr=0.000188867
2026-10-02 09:25:22,581 step=28420 train=1.74052 val=None lr=0.000188799
2026-10-02 09:25:24,812 step=28430 train=1.78859 val=None lr=0.00018873
2026-10-02 09:25:27,040 step=28440 train=1.51722 val=None lr=0.000188662
2026-10-02 09:25:29,426 step=28450 train=1.85462 val=None lr=0.000188594
2026-10-02 09:25:31,685 step=28460 train=1.73907 val=None lr=0.000188526
2026-10-02 09:25:33,929 step=28470 train=1.83169 val=None lr=0.000188458
2026-10-02 09:25:36,152 step=28480 train=1.67454 val=None lr=0.000188389
2026-10-02 09:25:38,371 step=28490 train=1.57440 val=None lr=0.000188321
2026-10-02 09:25:41,887 step=28500 train=1.93045 val=1.7648526966571807 lr=0.000188253
2026-10-02 09:25:46,497 step=28510 train=1.97422 val=None lr=0.000188185
2026-10-02 09:25:48,751 step=28520 train=1.66929 val=None lr=0.000188117
2026-10-02 09:25:51,586 step=28530 train=1.67173 val=None lr=0.000188048
2026-10-02 09:25:53,988 step=28540 train=1.78744 val=None lr=0.00018798
2026-10-02 09:25:56,338 step=28550 train=1.83678 val=None lr=0.000187912
2026-10-02 09:25:58,886 step=28560 train=1.62005 val=None lr=0.000187844
2026-10-02 09:26:01,259 step=28570 train=1.91273 val=None lr=0.000187775
2026-10-02 09:26:03,481 step=28580 train=1.96208 val=None lr=0.000187707
2026-10-02 09:26:05,751 step=28590 train=1.68391 val=None lr=0.000187639
2026-10-02 09:26:09,247 step=28600 train=1.82960 val=1.7653798043727875 lr=0.000187571
2026-10-02 09:26:11,430 step=28610 train=1.65462 val=None lr=0.000187502
2026-10-02 09:26:13,738 step=28620 train=1.78436 val=None lr=0.000187434
2026-10-02 09:26:16,230 step=28630 train=1.86696 val=None lr=0.000187366
2026-10-02 09:26:18,777 step=28640 train=1.73857 val=None lr=0.000187298
2026-10-02 09:26:21,253 step=28650 train=1.85479 val=None lr=0.000187229
2026-10-02 09:26:23,456 step=28660 train=1.81181 val=None lr=0.000187161
2026-10-02 09:26:25,665 step=28670 train=1.73968 val=None lr=0.000187093
2026-10-02 09:26:27,891 step=28680 train=1.83252 val=None lr=0.000187024
2026-10-02 09:26:30,503 step=28690 train=1.94781 val=None lr=0.000186956
2026-10-02 09:26:35,239 step=28700 train=1.70280 val=1.7626207888126373 lr=0.000186888
2026-10-02 09:26:37,939 step=28710 train=1.60308 val=None lr=0.000186819
2026-10-02 09:26:40,182 step=28720 train=1.58274 val=None lr=0.000186751
2026-10-02 09:26:42,555 step=28730 train=1.70439 val=None lr=0.000186683
2026-10-02 09:26:45,002 step=28740 train=1.66759 val=None lr=0.000186614
2026-10-02 09:26:47,501 step=28750 train=1.82620 val=None lr=0.000186546
2026-10-02 09:26:49,936 step=28760 train=1.70792 val=None lr=0.000186478
2026-10-02 09:26:52,192 step=28770 train=1.88211 val=None lr=0.000186409
2026-10-02 09:26:54,612 step=28780 train=1.45723 val=None lr=0.000186341
2026-10-02 09:26:56,877 step=28790 train=1.90369 val=None lr=0.000186273
2026-10-02 09:27:01,722 step=28800 train=1.89119 val=1.7604701578617097 lr=0.000186204
2026-10-02 09:27:04,190 step=28810 train=1.64897 val=None lr=0.000186136
2026-10-02 09:27:06,433 step=28820 train=1.79259 val=None lr=0.000186067
2026-10-02 09:27:08,899 step=28830 train=1.66224 val=None lr=0.000185999
2026-10-02 09:27:11,318 step=28840 train=1.84664 val=None lr=0.000185931
2026-10-02 09:27:14,070 step=28850 train=1.68049 val=None lr=0.000185862
2026-10-02 09:27:16,571 step=28860 train=1.66711 val=None lr=0.000185794
2026-10-02 09:27:18,984 step=28870 train=1.78930 val=None lr=0.000185725
2026-10-02 09:27:21,290 step=28880 train=2.00410 val=None lr=0.000185657
2026-10-02 09:27:23,567 step=28890 train=1.94647 val=None lr=0.000185588
2026-10-02 09:27:28,437 step=28900 train=1.72747 val=1.755569440126419 lr=0.00018552
2026-10-02 09:27:30,853 step=28910 train=1.72214 val=None lr=0.000185452
2026-10-02 09:27:33,998 step=28920 train=1.81656 val=None lr=0.000185383
2026-10-02 09:27:36,462 step=28930 train=1.65973 val=None lr=0.000185315
2026-10-02 09:27:39,114 step=28940 train=1.87015 val=None lr=0.000185246
2026-10-02 09:27:42,297 step=28950 train=1.77441 val=None lr=0.000185178
2026-10-02 09:27:44,752 step=28960 train=1.62019 val=None lr=0.000185109
2026-10-02 09:27:47,113 step=28970 train=1.67314 val=None lr=0.000185041
2026-10-02 09:27:49,582 step=28980 train=1.85324 val=None lr=0.000184972
2026-10-02 09:27:52,901 step=28990 train=1.78070 val=None lr=0.000184904
2026-10-02 09:27:56,777 step=29000 train=1.81500 val=1.7564375758171082 lr=0.000184835
2026-10-02 09:28:01,693 step=29010 train=1.94803 val=None lr=0.000184767
2026-10-02 09:28:04,081 step=29020 train=1.68655 val=None lr=0.000184698
2026-10-02 09:28:06,452 step=29030 train=1.71459 val=None lr=0.00018463
2026-10-02 09:28:09,193 step=29040 train=1.73901 val=None lr=0.000184561
2026-10-02 09:28:11,680 step=29050 train=1.57194 val=None lr=0.000184493
2026-10-02 09:28:14,015 step=29060 train=1.74281 val=None lr=0.000184424
2026-10-02 09:28:16,259 step=29070 train=1.69046 val=None lr=0.000184356
2026-10-02 09:28:18,420 step=29080 train=1.55066 val=None lr=0.000184287
2026-10-02 09:28:20,711 step=29090 train=2.08879 val=None lr=0.000184219
2026-10-02 09:28:24,394 step=29100 train=1.89186 val=1.7559938430786133 lr=0.00018415
2026-10-02 09:28:26,779 step=29110 train=1.69514 val=None lr=0.000184082
2026-10-02 09:28:29,207 step=29120 train=1.80900 val=None lr=0.000184013
2026-10-02 09:28:31,708 step=29130 train=1.93371 val=None lr=0.000183945
2026-10-02 09:28:34,001 step=29140 train=2.02054 val=None lr=0.000183876
2026-10-02 09:28:36,337 step=29150 train=1.61119 val=None lr=0.000183807
2026-10-02 09:28:38,709 step=29160 train=1.80840 val=None lr=0.000183739
2026-10-02 09:28:41,244 step=29170 train=1.95593 val=None lr=0.00018367
2026-10-02 09:28:43,682 step=29180 train=1.75842 val=None lr=0.000183602
2026-10-02 09:28:46,066 step=29190 train=1.60783 val=None lr=0.000183533
2026-10-02 09:28:50,989 step=29200 train=1.57070 val=1.754626613855362 lr=0.000183465
2026-10-02 09:28:53,842 step=29210 train=1.75598 val=None lr=0.000183396
2026-10-02 09:28:56,384 step=29220 train=1.59037 val=None lr=0.000183327
2026-10-02 09:28:58,956 step=29230 train=1.62089 val=None lr=0.000183259
2026-10-02 09:29:01,424 step=29240 train=1.97338 val=None lr=0.00018319
2026-10-02 09:29:03,845 step=29250 train=1.81110 val=None lr=0.000183121
2026-10-02 09:29:06,475 step=29260 train=1.75755 val=None lr=0.000183053
2026-10-02 09:29:08,893 step=29270 train=1.64160 val=None lr=0.000182984
2026-10-02 09:29:11,259 step=29280 train=1.70954 val=None lr=0.000182916
2026-10-02 09:29:13,698 step=29290 train=1.63153 val=None lr=0.000182847
2026-10-02 09:29:17,388 step=29300 train=2.08768 val=1.7577600181102753 lr=0.000182778
2026-10-02 09:29:19,875 step=29310 train=1.81982 val=None lr=0.00018271
2026-10-02 09:29:22,342 step=29320 train=1.76753 val=None lr=0.000182641
2026-10-02 09:29:24,703 step=29330 train=1.70445 val=None lr=0.000182572
2026-10-02 09:29:27,196 step=29340 train=1.91351 val=None lr=0.000182504
2026-10-02 09:29:29,523 step=29350 train=1.74832 val=None lr=0.000182435
2026-10-02 09:29:32,141 step=29360 train=1.61479 val=None lr=0.000182366
2026-10-02 09:29:34,632 step=29370 train=1.55147 val=None lr=0.000182298
2026-10-02 09:29:37,191 step=29380 train=1.91997 val=None lr=0.000182229
2026-10-02 09:29:39,592 step=29390 train=1.69994 val=None lr=0.00018216
2026-10-02 09:29:43,460 step=29400 train=1.71030 val=1.7552917361259461 lr=0.000182092
2026-10-02 09:29:45,958 step=29410 train=1.62059 val=None lr=0.000182023
2026-10-02 09:29:48,393 step=29420 train=1.87041 val=None lr=0.000181954
2026-10-02 09:29:50,894 step=29430 train=1.47867 val=None lr=0.000181886
2026-10-02 09:29:53,246 step=29440 train=1.75143 val=None lr=0.000181817
2026-10-02 09:29:55,516 step=29450 train=1.96151 val=None lr=0.000181748
2026-10-02 09:29:57,991 step=29460 train=1.92165 val=None lr=0.00018168
2026-10-02 09:30:00,232 step=29470 train=1.87878 val=None lr=0.000181611
2026-10-02 09:30:02,694 step=29480 train=1.85376 val=None lr=0.000181542
2026-10-02 09:30:05,106 step=29490 train=2.13488 val=None lr=0.000181473
2026-10-02 09:30:10,174 step=29500 train=1.54193 val=1.7523549556732179 lr=0.000181405
2026-10-02 09:30:14,796 step=29510 train=1.69768 val=None lr=0.000181336
2026-10-02 09:30:17,271 step=29520 train=2.03873 val=None lr=0.000181267
2026-10-02 09:30:19,887 step=29530 train=1.82314 val=None lr=0.000181198
2026-10-02 09:30:22,418 step=29540 train=1.65615 val=None lr=0.00018113
2026-10-02 09:30:24,682 step=29550 train=1.63574 val=None lr=0.000181061
2026-10-02 09:30:26,993 step=29560 train=1.60714 val=None lr=0.000180992
2026-10-02 09:30:29,832 step=29570 train=1.61985 val=None lr=0.000180923
2026-10-02 09:30:32,254 step=29580 train=1.94920 val=None lr=0.000180855
2026-10-02 09:30:34,636 step=29590 train=1.94800 val=None lr=0.000180786
2026-10-02 09:30:39,431 step=29600 train=1.86113 val=1.7504663646221161 lr=0.000180717
2026-10-02 09:30:41,969 step=29610 train=1.84928 val=None lr=0.000180648
2026-10-02 09:30:44,428 step=29620 train=1.73431 val=None lr=0.00018058
2026-10-02 09:30:46,891 step=29630 train=1.69220 val=None lr=0.000180511
2026-10-02 09:30:49,501 step=29640 train=1.71314 val=None lr=0.000180442
2026-10-02 09:30:52,096 step=29650 train=1.69811 val=None lr=0.000180373
2026-10-02 09:30:54,478 step=29660 train=2.06534 val=None lr=0.000180304
2026-10-02 09:30:56,986 step=29670 train=1.92659 val=None lr=0.000180236
2026-10-02 09:30:59,311 step=29680 train=2.06490 val=None lr=0.000180167
2026-10-02 09:31:01,795 step=29690 train=1.90213 val=None lr=0.000180098
2026-10-02 09:31:06,430 step=29700 train=1.74620 val=1.7476344645023345 lr=0.000180029
2026-10-02 09:31:08,796 step=29710 train=1.80101 val=None lr=0.00017996
2026-10-02 09:31:11,359 step=29720 train=2.02057 val=None lr=0.000179892
2026-10-02 09:31:13,902 step=29730 train=1.80732 val=None lr=0.000179823
2026-10-02 09:31:16,303 step=29740 train=1.72177 val=None lr=0.000179754
2026-10-02 09:31:18,772 step=29750 train=1.81181 val=None lr=0.000179685
2026-10-02 09:31:21,166 step=29760 train=1.83315 val=None lr=0.000179616
2026-10-02 09:31:23,388 step=29770 train=1.67674 val=None lr=0.000179547
2026-10-02 09:31:25,831 step=29780 train=2.07366 val=None lr=0.000179479
2026-10-02 09:31:28,461 step=29790 train=1.73047 val=None lr=0.00017941
2026-10-02 09:31:32,728 step=29800 train=1.66900 val=1.7476228952407837 lr=0.000179341
2026-10-02 09:31:35,044 step=29810 train=1.76651 val=None lr=0.000179272
2026-10-02 09:31:37,488 step=29820 train=1.74541 val=None lr=0.000179203
2026-10-02 09:31:39,688 step=29830 train=1.86776 val=None lr=0.000179134
2026-10-02 09:31:42,198 step=29840 train=1.87439 val=None lr=0.000179065
2026-10-02 09:31:44,417 step=29850 train=1.67364 val=None lr=0.000178997
2026-10-02 09:31:46,672 step=29860 train=1.71111 val=None lr=0.000178928
2026-10-02 09:31:49,137 step=29870 train=1.75709 val=None lr=0.000178859
2026-10-02 09:31:51,459 step=29880 train=1.68723 val=None lr=0.00017879
2026-10-02 09:31:53,709 step=29890 train=1.73376 val=None lr=0.000178721
2026-10-02 09:31:58,340 step=29900 train=1.64939 val=1.7445995151996612 lr=0.000178652
2026-10-02 09:32:00,781 step=29910 train=1.74663 val=None lr=0.000178583
2026-10-02 09:32:02,979 step=29920 train=1.82897 val=None lr=0.000178514
2026-10-02 09:32:05,240 step=29930 train=2.00057 val=None lr=0.000178445
2026-10-02 09:32:07,447 step=29940 train=1.84572 val=None lr=0.000178377
2026-10-02 09:32:09,925 step=29950 train=1.64164 val=None lr=0.000178308
2026-10-02 09:32:12,177 step=29960 train=1.74123 val=None lr=0.000178239
2026-10-02 09:32:14,396 step=29970 train=1.83020 val=None lr=0.00017817
2026-10-02 09:32:16,726 step=29980 train=1.79418 val=None lr=0.000178101
2026-10-02 09:32:18,914 step=29990 train=1.91390 val=None lr=0.000178032
2026-10-02 09:32:23,469 step=30000 train=1.76235 val=1.742399024963379 lr=0.000177963
2026-10-02 09:32:27,901 step=30010 train=2.09889 val=None lr=0.000177894
2026-10-02 09:32:30,286 step=30020 train=1.77145 val=None lr=0.000177825
2026-10-02 09:32:32,641 step=30030 train=1.82114 val=None lr=0.000177756
2026-10-02 09:32:34,882 step=30040 train=1.80557 val=None lr=0.000177687
2026-10-02 09:32:37,156 step=30050 train=2.03915 val=None lr=0.000177618
2026-10-02 09:32:39,429 step=30060 train=1.57037 val=None lr=0.00017755
2026-10-02 09:32:41,658 step=30070 train=1.63006 val=None lr=0.000177481
2026-10-02 09:32:43,965 step=30080 train=1.86659 val=None lr=0.000177412
2026-10-02 09:32:46,308 step=30090 train=1.55628 val=None lr=0.000177343
2026-10-02 09:32:50,025 step=30100 train=1.80847 val=1.7429762423038482 lr=0.000177274
2026-10-02 09:32:52,596 step=30110 train=1.77610 val=None lr=0.000177205
2026-10-02 09:32:54,879 step=30120 train=1.56548 val=None lr=0.000177136
2026-10-02 09:32:57,212 step=30130 train=1.67925 val=None lr=0.000177067
2026-10-02 09:32:59,558 step=30140 train=1.81439 val=None lr=0.000176998
2026-10-02 09:33:02,042 step=30150 train=2.05840 val=None lr=0.000176929
2026-10-02 09:33:04,387 step=30160 train=1.81457 val=None lr=0.00017686
2026-10-02 09:33:06,825 step=30170 train=1.79130 val=None lr=0.000176791
2026-10-02 09:33:09,250 step=30180 train=1.69710 val=None lr=0.000176722
2026-10-02 09:33:11,534 step=30190 train=1.61425 val=None lr=0.000176653
2026-10-02 09:33:15,047 step=30200 train=1.96394 val=1.7471479058265686 lr=0.000176584
2026-10-02 09:33:17,308 step=30210 train=1.63885 val=None lr=0.000176515
2026-10-02 09:33:19,966 step=30220 train=2.03554 val=None lr=0.000176446
2026-10-02 09:33:22,501 step=30230 train=1.77757 val=None lr=0.000176377
2026-10-02 09:33:24,879 step=30240 train=1.92163 val=None lr=0.000176308
2026-10-02 09:33:27,252 step=30250 train=2.03444 val=None lr=0.000176239
2026-10-02 09:33:29,876 step=30260 train=1.67659 val=None lr=0.00017617
2026-10-02 09:33:32,226 step=30270 train=2.09929 val=None lr=0.000176101
2026-10-02 09:33:34,468 step=30280 train=1.83703 val=None lr=0.000176032
2026-10-02 09:33:36,782 step=30290 train=1.66303 val=None lr=0.000175963
2026-10-02 09:33:40,333 step=30300 train=1.69846 val=1.744645893573761 lr=0.000175894
2026-10-02 09:33:42,616 step=30310 train=1.74959 val=None lr=0.000175825
2026-10-02 09:33:44,878 step=30320 train=1.83738 val=None lr=0.000175756
2026-10-02 09:33:47,117 step=30330 train=1.83177 val=None lr=0.000175687
2026-10-02 09:33:49,444 step=30340 train=1.66828 val=None lr=0.000175618
2026-10-02 09:33:51,696 step=30350 train=1.61705 val=None lr=0.000175549
2026-10-02 09:33:54,068 step=30360 train=1.51346 val=None lr=0.00017548
2026-10-02 09:33:56,276 step=30370 train=1.83692 val=None lr=0.000175411
2026-10-02 09:33:58,570 step=30380 train=1.53006 val=None lr=0.000175342
2026-10-02 09:34:00,965 step=30390 train=1.75101 val=None lr=0.000175273
2026-10-02 09:34:04,575 step=30400 train=1.73476 val=1.7424111187458038 lr=0.000175204
2026-10-02 09:34:06,865 step=30410 train=1.88036 val=None lr=0.000175135
2026-10-02 09:34:09,113 step=30420 train=1.90685 val=None lr=0.000175066
2026-10-02 09:34:11,426 step=30430 train=1.65835 val=None lr=0.000174996
2026-10-02 09:34:13,764 step=30440 train=1.57982 val=None lr=0.000174927
2026-10-02 09:34:16,389 step=30450 train=1.69636 val=None lr=0.000174858
2026-10-02 09:34:19,029 step=30460 train=1.62252 val=None lr=0.000174789
2026-10-02 09:34:21,275 step=30470 train=2.03075 val=None lr=0.00017472
2026-10-02 09:34:23,662 step=30480 train=1.98207 val=None lr=0.000174651
2026-10-02 09:34:25,974 step=30490 train=1.95352 val=None lr=0.000174582
2026-10-02 09:34:29,498 step=30500 train=1.96183 val=1.7427450001239777 lr=0.000174513
2026-10-02 09:34:34,183 step=30510 train=1.93805 val=None lr=0.000174444
2026-10-02 09:34:36,656 step=30520 train=1.81224 val=None lr=0.000174375
2026-10-02 09:34:38,965 step=30530 train=1.67980 val=None lr=0.000174306
2026-10-02 09:34:41,378 step=30540 train=1.54013 val=None lr=0.000174237
2026-10-02 09:34:43,654 step=30550 train=1.70351 val=None lr=0.000174168
2026-10-02 09:34:45,911 step=30560 train=1.89714 val=None lr=0.000174099
2026-10-02 09:34:48,138 step=30570 train=1.65057 val=None lr=0.00017403
2026-10-02 09:34:50,463 step=30580 train=1.93306 val=None lr=0.00017396
2026-10-02 09:34:52,827 step=30590 train=1.65634 val=None lr=0.000173891
2026-10-02 09:34:56,488 step=30600 train=1.85205 val=1.7430152595043182 lr=0.000173822
2026-10-02 09:34:59,059 step=30610 train=1.72518 val=None lr=0.000173753
2026-10-02 09:35:01,551 step=30620 train=1.68752 val=None lr=0.000173684
2026-10-02 09:35:03,803 step=30630 train=1.81978 val=None lr=0.000173615
2026-10-02 09:35:06,190 step=30640 train=1.79675 val=None lr=0.000173546
2026-10-02 09:35:08,601 step=30650 train=1.81715 val=None lr=0.000173477
2026-10-02 09:35:10,925 step=30660 train=1.73227 val=None lr=0.000173408
2026-10-02 09:35:13,152 step=30670 train=1.97959 val=None lr=0.000173339
2026-10-02 09:35:15,494 step=30680 train=1.54923 val=None lr=0.000173269
2026-10-02 09:35:17,707 step=30690 train=1.81221 val=None lr=0.0001732
2026-10-02 09:35:22,485 step=30700 train=1.68227 val=1.7414442241191863 lr=0.000173131
2026-10-02 09:35:24,905 step=30710 train=1.71429 val=None lr=0.000173062
2026-10-02 09:35:27,101 step=30720 train=2.08074 val=None lr=0.000172993
2026-10-02 09:35:29,377 step=30730 train=1.80363 val=None lr=0.000172924
2026-10-02 09:35:31,706 step=30740 train=1.62361 val=None lr=0.000172855
2026-10-02 09:35:34,004 step=30750 train=1.86411 val=None lr=0.000172786
2026-10-02 09:35:36,355 step=30760 train=1.60177 val=None lr=0.000172716
2026-10-02 09:35:38,575 step=30770 train=1.74732 val=None lr=0.000172647
2026-10-02 09:35:40,881 step=30780 train=1.68883 val=None lr=0.000172578
2026-10-02 09:35:43,142 step=30790 train=1.82668 val=None lr=0.000172509
2026-10-02 09:35:46,773 step=30800 train=1.75814 val=1.742321515083313 lr=0.00017244
2026-10-02 09:35:49,040 step=30810 train=1.87203 val=None lr=0.000172371
2026-10-02 09:35:51,234 step=30820 train=1.62831 val=None lr=0.000172302
2026-10-02 09:35:53,562 step=30830 train=1.71352 val=None lr=0.000172232
2026-10-02 09:35:56,047 step=30840 train=1.69218 val=None lr=0.000172163
2026-10-02 09:35:58,425 step=30850 train=1.62555 val=None lr=0.000172094
2026-10-02 09:36:00,797 step=30860 train=1.78949 val=None lr=0.000172025
2026-10-02 09:36:03,108 step=30870 train=1.81115 val=None lr=0.000171956
2026-10-02 09:36:05,523 step=30880 train=1.79171 val=None lr=0.000171887
2026-10-02 09:36:07,849 step=30890 train=1.65869 val=None lr=0.000171818
2026-10-02 09:36:12,435 step=30900 train=1.63998 val=1.7394696652889252 lr=0.000171748
2026-10-02 09:36:14,705 step=30910 train=1.77393 val=None lr=0.000171679
2026-10-02 09:36:17,014 step=30920 train=1.58978 val=None lr=0.00017161
2026-10-02 09:36:19,307 step=30930 train=1.71245 val=None lr=0.000171541
2026-10-02 09:36:21,674 step=30940 train=1.84119 val=None lr=0.000171472
2026-10-02 09:36:23,954 step=30950 train=1.67221 val=None lr=0.000171403
2026-10-02 09:36:26,343 step=30960 train=1.70995 val=None lr=0.000171333
2026-10-02 09:36:28,537 step=30970 train=1.80149 val=None lr=0.000171264
2026-10-02 09:36:30,843 step=30980 train=1.87430 val=None lr=0.000171195
2026-10-02 09:36:33,138 step=30990 train=1.74579 val=None lr=0.000171126
2026-10-02 09:36:37,641 step=31000 train=1.74746 val=1.7388024508953095 lr=0.000171057
2026-10-02 09:36:42,938 step=31010 train=1.69021 val=None lr=0.000170988
2026-10-02 09:36:45,372 step=31020 train=2.00617 val=None lr=0.000170918
2026-10-02 09:36:47,750 step=31030 train=1.99261 val=None lr=0.000170849
2026-10-02 09:36:50,394 step=31040 train=1.83769 val=None lr=0.00017078
2026-10-02 09:36:52,614 step=31050 train=1.63410 val=None lr=0.000170711
2026-10-02 09:36:55,053 step=31060 train=1.62393 val=None lr=0.000170642
2026-10-02 09:36:57,470 step=31070 train=1.83716 val=None lr=0.000170572
2026-10-02 09:36:59,862 step=31080 train=2.03847 val=None lr=0.000170503
2026-10-02 09:37:02,332 step=31090 train=1.93094 val=None lr=0.000170434
2026-10-02 09:37:06,612 step=31100 train=1.69371 val=1.7340798318386077 lr=0.000170365
2026-10-02 09:37:09,046 step=31110 train=1.73245 val=None lr=0.000170296
2026-10-02 09:37:11,488 step=31120 train=1.73889 val=None lr=0.000170227
2026-10-02 09:37:13,758 step=31130 train=1.67492 val=None lr=0.000170157
2026-10-02 09:37:16,173 step=31140 train=1.86650 val=None lr=0.000170088
2026-10-02 09:37:18,629 step=31150 train=1.50570 val=None lr=0.000170019
2026-10-02 09:37:20,870 step=31160 train=1.78166 val=None lr=0.00016995
2026-10-02 09:37:23,405 step=31170 train=1.83614 val=None lr=0.000169881
2026-10-02 09:37:25,843 step=31180 train=2.12825 val=None lr=0.000169811
2026-10-02 09:37:28,350 step=31190 train=1.63363 val=None lr=0.000169742
2026-10-02 09:37:32,911 step=31200 train=1.67807 val=1.7326497316360474 lr=0.000169673
2026-10-02 09:37:35,735 step=31210 train=1.68456 val=None lr=0.000169604
2026-10-02 09:37:38,201 step=31220 train=1.83802 val=None lr=0.000169535
2026-10-02 09:37:40,484 step=31230 train=1.66733 val=None lr=0.000169465
2026-10-02 09:37:42,814 step=31240 train=1.52627 val=None lr=0.000169396
2026-10-02 09:37:45,071 step=31250 train=1.79719 val=None lr=0.000169327
2026-10-02 09:37:47,712 step=31260 train=1.94528 val=None lr=0.000169258
2026-10-02 09:37:50,131 step=31270 train=1.68360 val=None lr=0.000169189
2026-10-02 09:37:52,383 step=31280 train=1.70236 val=None lr=0.000169119
2026-10-02 09:37:54,801 step=31290 train=1.79358 val=None lr=0.00016905
2026-10-02 09:37:59,183 step=31300 train=1.68078 val=1.731638741493225 lr=0.000168981
2026-10-02 09:38:01,446 step=31310 train=1.90161 val=None lr=0.000168912
2026-10-02 09:38:03,639 step=31320 train=1.71683 val=None lr=0.000168842
2026-10-02 09:38:05,870 step=31330 train=1.82393 val=None lr=0.000168773
2026-10-02 09:38:08,194 step=31340 train=1.73103 val=None lr=0.000168704
2026-10-02 09:38:10,531 step=31350 train=1.75871 val=None lr=0.000168635
2026-10-02 09:38:12,804 step=31360 train=1.69409 val=None lr=0.000168566
2026-10-02 09:38:15,169 step=31370 train=1.68633 val=None lr=0.000168496
2026-10-02 09:38:17,537 step=31380 train=1.55851 val=None lr=0.000168427
2026-10-02 09:38:20,049 step=31390 train=1.80619 val=None lr=0.000168358
2026-10-02 09:38:23,760 step=31400 train=1.86275 val=1.7338015556335449 lr=0.000168289
2026-10-02 09:38:26,370 step=31410 train=1.77018 val=None lr=0.00016822
2026-10-02 09:38:28,592 step=31420 train=1.92743 val=None lr=0.00016815
2026-10-02 09:38:30,817 step=31430 train=1.67303 val=None lr=0.000168081
2026-10-02 09:38:33,058 step=31440 train=1.87418 val=None lr=0.000168012
2026-10-02 09:38:35,559 step=31450 train=1.76670 val=None lr=0.000167943
2026-10-02 09:38:37,962 step=31460 train=1.68657 val=None lr=0.000167873
2026-10-02 09:38:40,328 step=31470 train=1.81634 val=None lr=0.000167804
2026-10-02 09:38:42,691 step=31480 train=1.61481 val=None lr=0.000167735
2026-10-02 09:38:45,042 step=31490 train=1.70376 val=None lr=0.000167666
2026-10-02 09:38:49,382 step=31500 train=1.69716 val=1.72788046002388 lr=0.000167596
2026-10-02 09:38:53,689 step=31510 train=1.86073 val=None lr=0.000167527
2026-10-02 09:38:56,029 step=31520 train=1.79868 val=None lr=0.000167458
2026-10-02 09:38:58,541 step=31530 train=1.78858 val=None lr=0.000167389
2026-10-02 09:39:01,097 step=31540 train=1.68250 val=None lr=0.00016732
2026-10-02 09:39:03,482 step=31550 train=1.67453 val=None lr=0.00016725
2026-10-02 09:39:05,784 step=31560 train=1.75397 val=None lr=0.000167181
2026-10-02 09:39:08,046 step=31570 train=1.83303 val=None lr=0.000167112
2026-10-02 09:39:10,263 step=31580 train=2.01236 val=None lr=0.000167043
2026-10-02 09:39:12,544 step=31590 train=1.73544 val=None lr=0.000166973
2026-10-02 09:39:16,166 step=31600 train=1.91789 val=1.729973942041397 lr=0.000166904
2026-10-02 09:39:18,367 step=31610 train=1.75644 val=None lr=0.000166835
2026-10-02 09:39:20,564 step=31620 train=1.74444 val=None lr=0.000166766
2026-10-02 09:39:22,803 step=31630 train=1.65872 val=None lr=0.000166696
2026-10-02 09:39:25,026 step=31640 train=1.87065 val=None lr=0.000166627
2026-10-02 09:39:27,241 step=31650 train=1.82736 val=None lr=0.000166558
2026-10-02 09:39:29,678 step=31660 train=1.88394 val=None lr=0.000166489
2026-10-02 09:39:32,033 step=31670 train=1.56697 val=None lr=0.000166419
2026-10-02 09:39:34,581 step=31680 train=1.58401 val=None lr=0.00016635
2026-10-02 09:39:36,920 step=31690 train=1.60141 val=None lr=0.000166281
2026-10-02 09:39:40,557 step=31700 train=1.79022 val=1.7304393291473388 lr=0.000166212
2026-10-02 09:39:42,813 step=31710 train=1.76590 val=None lr=0.000166143
2026-10-02 09:39:45,187 step=31720 train=1.84165 val=None lr=0.000166073
2026-10-02 09:39:47,511 step=31730 train=1.69089 val=None lr=0.000166004
2026-10-02 09:39:50,019 step=31740 train=1.70982 val=None lr=0.000165935
2026-10-02 09:39:52,319 step=31750 train=1.53134 val=None lr=0.000165866
2026-10-02 09:39:54,545 step=31760 train=1.76004 val=None lr=0.000165796
2026-10-02 09:39:56,830 step=31770 train=1.91088 val=None lr=0.000165727
2026-10-02 09:39:59,135 step=31780 train=1.75411 val=None lr=0.000165658
2026-10-02 09:40:01,422 step=31790 train=1.68166 val=None lr=0.000165589
2026-10-02 09:40:05,812 step=31800 train=1.88299 val=1.7274862408638 lr=0.000165519
2026-10-02 09:40:08,295 step=31810 train=1.81093 val=None lr=0.00016545
2026-10-02 09:40:10,786 step=31820 train=1.69422 val=None lr=0.000165381
2026-10-02 09:40:13,104 step=31830 train=1.82266 val=None lr=0.000165312
2026-10-02 09:40:15,561 step=31840 train=1.87005 val=None lr=0.000165242
2026-10-02 09:40:18,133 step=31850 train=1.56261 val=None lr=0.000165173
2026-10-02 09:40:20,600 step=31860 train=1.95180 val=None lr=0.000165104
2026-10-02 09:40:23,104 step=31870 train=1.69179 val=None lr=0.000165035
2026-10-02 09:40:25,334 step=31880 train=1.93688 val=None lr=0.000164965
2026-10-02 09:40:27,954 step=31890 train=1.72992 val=None lr=0.000164896
2026-10-02 09:40:32,784 step=31900 train=1.66748 val=1.7269800424575805 lr=0.000164827
2026-10-02 09:40:35,176 step=31910 train=1.72215 val=None lr=0.000164758
2026-10-02 09:40:37,506 step=31920 train=1.61484 val=None lr=0.000164688
2026-10-02 09:40:40,120 step=31930 train=1.71045 val=None lr=0.000164619
2026-10-02 09:40:42,563 step=31940 train=1.81534 val=None lr=0.00016455
2026-10-02 09:40:44,908 step=31950 train=1.88522 val=None lr=0.000164481
2026-10-02 09:40:47,176 step=31960 train=1.98675 val=None lr=0.000164411
2026-10-02 09:40:49,597 step=31970 train=1.76515 val=None lr=0.000164342
2026-10-02 09:40:52,385 step=31980 train=1.96072 val=None lr=0.000164273
2026-10-02 09:40:55,124 step=31990 train=1.56222 val=None lr=0.000164204
2026-10-02 09:40:59,674 step=32000 train=2.12907 val=1.7243427872657775 lr=0.000164134
2026-10-02 09:41:04,990 step=32010 train=1.90650 val=None lr=0.000164065
2026-10-02 09:41:07,447 step=32020 train=2.01807 val=None lr=0.000163996
2026-10-02 09:41:09,968 step=32030 train=1.88388 val=None lr=0.000163927
2026-10-02 09:41:12,311 step=32040 train=1.85114 val=None lr=0.000163857
2026-10-02 09:41:14,735 step=32050 train=1.66662 val=None lr=0.000163788
2026-10-02 09:41:17,067 step=32060 train=1.74362 val=None lr=0.000163719
2026-10-02 09:41:19,508 step=32070 train=1.66774 val=None lr=0.00016365
2026-10-02 09:41:21,756 step=32080 train=1.77527 val=None lr=0.000163581
2026-10-02 09:41:24,206 step=32090 train=1.68376 val=None lr=0.000163511
2026-10-02 09:41:27,872 step=32100 train=1.75656 val=1.726650983095169 lr=0.000163442
2026-10-02 09:41:30,126 step=32110 train=1.82815 val=None lr=0.000163373
2026-10-02 09:41:32,550 step=32120 train=1.66386 val=None lr=0.000163304
2026-10-02 09:41:34,832 step=32130 train=1.68918 val=None lr=0.000163234
2026-10-02 09:41:37,130 step=32140 train=1.58805 val=None lr=0.000163165
2026-10-02 09:41:39,426 step=32150 train=1.60685 val=None lr=0.000163096
2026-10-02 09:41:41,963 step=32160 train=1.53847 val=None lr=0.000163027
2026-10-02 09:41:44,368 step=32170 train=1.93024 val=None lr=0.000162957
2026-10-02 09:41:46,831 step=32180 train=1.48525 val=None lr=0.000162888
2026-10-02 09:41:49,180 step=32190 train=1.78953 val=None lr=0.000162819
2026-10-02 09:41:53,715 step=32200 train=1.64286 val=1.7240894079208373 lr=0.00016275
2026-10-02 09:41:56,387 step=32210 train=1.53615 val=None lr=0.00016268
2026-10-02 09:41:58,834 step=32220 train=1.88486 val=None lr=0.000162611
2026-10-02 09:42:01,244 step=32230 train=1.89365 val=None lr=0.000162542
2026-10-02 09:42:03,503 step=32240 train=1.72216 val=None lr=0.000162473
2026-10-02 09:42:05,858 step=32250 train=1.79593 val=None lr=0.000162404
2026-10-02 09:42:08,307 step=32260 train=1.82787 val=None lr=0.000162334
2026-10-02 09:42:10,750 step=32270 train=1.73543 val=None lr=0.000162265
2026-10-02 09:42:12,981 step=32280 train=1.69386 val=None lr=0.000162196
2026-10-02 09:42:15,370 step=32290 train=1.75591 val=None lr=0.000162127
2026-10-02 09:42:19,123 step=32300 train=1.83211 val=1.7245842516422272 lr=0.000162057
2026-10-02 09:42:21,472 step=32310 train=1.73961 val=None lr=0.000161988
2026-10-02 09:42:23,730 step=32320 train=1.61046 val=None lr=0.000161919
2026-10-02 09:42:25,952 step=32330 train=1.89616 val=None lr=0.00016185
2026-10-02 09:42:28,393 step=32340 train=1.79309 val=None lr=0.00016178
2026-10-02 09:42:30,793 step=32350 train=1.45318 val=None lr=0.000161711
2026-10-02 09:42:33,347 step=32360 train=1.66082 val=None lr=0.000161642
2026-10-02 09:42:35,637 step=32370 train=1.40293 val=None lr=0.000161573
2026-10-02 09:42:37,873 step=32380 train=2.05088 val=None lr=0.000161504
2026-10-02 09:42:40,108 step=32390 train=1.76523 val=None lr=0.000161434
2026-10-02 09:42:43,760 step=32400 train=1.72815 val=1.726487147808075 lr=0.000161365
2026-10-02 09:42:46,347 step=32410 train=1.58538 val=None lr=0.000161296
2026-10-02 09:42:48,779 step=32420 train=1.72989 val=None lr=0.000161227
2026-10-02 09:42:51,254 step=32430 train=1.79632 val=None lr=0.000161158
2026-10-02 09:42:53,602 step=32440 train=1.53224 val=None lr=0.000161088
2026-10-02 09:42:56,200 step=32450 train=1.60665 val=None lr=0.000161019
2026-10-02 09:42:58,636 step=32460 train=1.75870 val=None lr=0.00016095
2026-10-02 09:43:01,093 step=32470 train=1.45284 val=None lr=0.000160881
2026-10-02 09:43:03,493 step=32480 train=1.89196 val=None lr=0.000160811
2026-10-02 09:43:05,901 step=32490 train=1.79197 val=None lr=0.000160742
2026-10-02 09:43:10,455 step=32500 train=1.68584 val=1.7232314586639403 lr=0.000160673
2026-10-02 09:43:15,338 step=32510 train=1.56858 val=None lr=0.000160604
2026-10-02 09:43:17,932 step=32520 train=1.89522 val=None lr=0.000160535
2026-10-02 09:43:20,564 step=32530 train=2.03262 val=None lr=0.000160465
2026-10-02 09:43:22,954 step=32540 train=1.49281 val=None lr=0.000160396
2026-10-02 09:43:25,478 step=32550 train=1.58299 val=None lr=0.000160327
2026-10-02 09:43:28,178 step=32560 train=1.88284 val=None lr=0.000160258
2026-10-02 09:43:30,596 step=32570 train=1.73341 val=None lr=0.000160189
2026-10-02 09:43:33,105 step=32580 train=1.62664 val=None lr=0.000160119
2026-10-02 09:43:35,552 step=32590 train=1.64299 val=None lr=0.00016005
2026-10-02 09:43:40,415 step=32600 train=2.17136 val=1.7222788155078887 lr=0.000159981
2026-10-02 09:43:42,701 step=32610 train=1.72613 val=None lr=0.000159912
2026-10-02 09:43:45,092 step=32620 train=1.60814 val=None lr=0.000159843
2026-10-02 09:43:47,326 step=32630 train=1.69749 val=None lr=0.000159773
2026-10-02 09:43:49,628 step=32640 train=1.91399 val=None lr=0.000159704
2026-10-02 09:43:52,040 step=32650 train=1.42096 val=None lr=0.000159635
2026-10-02 09:43:54,357 step=32660 train=1.40590 val=None lr=0.000159566
2026-10-02 09:43:56,787 step=32670 train=1.77421 val=None lr=0.000159497
2026-10-02 09:43:59,250 step=32680 train=1.85764 val=None lr=0.000159428
2026-10-02 09:44:01,685 step=32690 train=1.70762 val=None lr=0.000159358
2026-10-02 09:44:05,437 step=32700 train=1.87382 val=1.7241669952869416 lr=0.000159289
2026-10-02 09:44:07,652 step=32710 train=1.55783 val=None lr=0.00015922
2026-10-02 09:44:09,897 step=32720 train=1.80122 val=None lr=0.000159151
2026-10-02 09:44:12,238 step=32730 train=1.69551 val=None lr=0.000159082
2026-10-02 09:44:14,437 step=32740 train=1.72341 val=None lr=0.000159012
2026-10-02 09:44:17,195 step=32750 train=2.05305 val=None lr=0.000158943
2026-10-02 09:44:19,486 step=32760 train=2.00303 val=None lr=0.000158874
2026-10-02 09:44:21,776 step=32770 train=1.72078 val=None lr=0.000158805
2026-10-02 09:44:24,314 step=32780 train=1.91435 val=None lr=0.000158736
2026-10-02 09:44:26,621 step=32790 train=1.62080 val=None lr=0.000158667
2026-10-02 09:44:31,225 step=32800 train=1.69979 val=1.7220424234867096 lr=0.000158597
2026-10-02 09:44:33,505 step=32810 train=1.80571 val=None lr=0.000158528
2026-10-02 09:44:35,730 step=32820 train=1.66580 val=None lr=0.000158459
2026-10-02 09:44:38,023 step=32830 train=2.10503 val=None lr=0.00015839
2026-10-02 09:44:40,301 step=32840 train=1.89454 val=None lr=0.000158321
2026-10-02 09:44:42,766 step=32850 train=1.78317 val=None lr=0.000158252
2026-10-02 09:44:45,104 step=32860 train=1.82325 val=None lr=0.000158182
2026-10-02 09:44:47,266 step=32870 train=1.89614 val=None lr=0.000158113
2026-10-02 09:44:49,469 step=32880 train=1.86729 val=None lr=0.000158044
2026-10-02 09:44:51,677 step=32890 train=2.06452 val=None lr=0.000157975
2026-10-02 09:44:56,440 step=32900 train=1.58029 val=1.7215492010116578 lr=0.000157906
2026-10-02 09:44:58,804 step=32910 train=1.77919 val=None lr=0.000157837
2026-10-02 09:45:01,346 step=32920 train=1.72596 val=None lr=0.000157768
2026-10-02 09:45:03,598 step=32930 train=1.82222 val=None lr=0.000157698
2026-10-02 09:45:05,946 step=32940 train=1.65757 val=None lr=0.000157629
2026-10-02 09:45:08,343 step=32950 train=1.51427 val=None lr=0.00015756
2026-10-02 09:45:10,665 step=32960 train=1.78095 val=None lr=0.000157491
2026-10-02 09:45:12,890 step=32970 train=1.80686 val=None lr=0.000157422
2026-10-02 09:45:15,124 step=32980 train=1.73666 val=None lr=0.000157353
2026-10-02 09:45:17,610 step=32990 train=1.58619 val=None lr=0.000157284
2026-10-02 09:45:22,431 step=33000 train=1.62708 val=1.7202888906002045 lr=0.000157214
2026-10-02 09:45:26,628 step=33010 train=1.65823 val=None lr=0.000157145
2026-10-02 09:45:29,212 step=33020 train=1.56831 val=None lr=0.000157076
2026-10-02 09:45:31,682 step=33030 train=1.64095 val=None lr=0.000157007
2026-10-02 09:45:34,084 step=33040 train=1.92892 val=None lr=0.000156938
2026-10-02 09:45:36,583 step=33050 train=1.84584 val=None lr=0.000156869
2026-10-02 09:45:39,067 step=33060 train=1.54151 val=None lr=0.0001568
2026-10-02 09:45:41,685 step=33070 train=1.78494 val=None lr=0.000156731
2026-10-02 09:45:44,115 step=33080 train=1.88487 val=None lr=0.000156661
2026-10-02 09:45:46,645 step=33090 train=1.69239 val=None lr=0.000156592
2026-10-02 09:45:50,530 step=33100 train=1.64196 val=1.7205501079559327 lr=0.000156523
2026-10-02 09:45:52,817 step=33110 train=1.66661 val=None lr=0.000156454
2026-10-02 09:45:55,206 step=33120 train=1.66604 val=None lr=0.000156385
2026-10-02 09:45:57,501 step=33130 train=1.60106 val=None lr=0.000156316
2026-10-02 09:45:59,834 step=33140 train=1.79058 val=None lr=0.000156247
2026-10-02 09:46:02,331 step=33150 train=1.88605 val=None lr=0.000156178
2026-10-02 09:46:04,667 step=33160 train=2.04084 val=None lr=0.000156109
2026-10-02 09:46:06,878 step=33170 train=1.77391 val=None lr=0.00015604
2026-10-02 09:46:09,518 step=33180 train=1.93066 val=None lr=0.00015597
2026-10-02 09:46:11,860 step=33190 train=1.74151 val=None lr=0.000155901
2026-10-02 09:46:16,664 step=33200 train=1.83936 val=1.7196338653564454 lr=0.000155832
2026-10-02 09:46:19,085 step=33210 train=1.78878 val=None lr=0.000155763
2026-10-02 09:46:21,867 step=33220 train=1.81366 val=None lr=0.000155694
2026-10-02 09:46:24,182 step=33230 train=1.67937 val=None lr=0.000155625
2026-10-02 09:46:26,494 step=33240 train=1.73421 val=None lr=0.000155556
2026-10-02 09:46:28,830 step=33250 train=1.77197 val=None lr=0.000155487
2026-10-02 09:46:31,109 step=33260 train=1.88974 val=None lr=0.000155418
2026-10-02 09:46:33,510 step=33270 train=1.84863 val=None lr=0.000155349
2026-10-02 09:46:35,898 step=33280 train=1.75808 val=None lr=0.00015528
2026-10-02 09:46:38,769 step=33290 train=1.96771 val=None lr=0.000155211
2026-10-02 09:46:43,541 step=33300 train=1.95506 val=1.715874695777893 lr=0.000155142
2026-10-02 09:46:45,897 step=33310 train=1.62751 val=None lr=0.000155073
2026-10-02 09:46:48,197 step=33320 train=1.69968 val=None lr=0.000155004
2026-10-02 09:46:50,774 step=33330 train=1.76379 val=None lr=0.000154934
2026-10-02 09:46:53,178 step=33340 train=1.68993 val=None lr=0.000154865
2026-10-02 09:46:55,691 step=33350 train=1.81205 val=None lr=0.000154796
2026-10-02 09:46:57,913 step=33360 train=1.90616 val=None lr=0.000154727
2026-10-02 09:47:00,271 step=33370 train=1.65041 val=None lr=0.000154658
2026-10-02 09:47:02,865 step=33380 train=1.70743 val=None lr=0.000154589
2026-10-02 09:47:05,401 step=33390 train=1.60367 val=None lr=0.00015452
2026-10-02 09:47:09,981 step=33400 train=1.84079 val=1.7158702433109283 lr=0.000154451
2026-10-02 09:47:12,457 step=33410 train=1.78195 val=None lr=0.000154382
2026-10-02 09:47:14,991 step=33420 train=1.63545 val=None lr=0.000154313
2026-10-02 09:47:17,248 step=33430 train=1.81722 val=None lr=0.000154244
2026-10-02 09:47:19,668 step=33440 train=1.74946 val=None lr=0.000154175
2026-10-02 09:47:21,865 step=33450 train=1.88759 val=None lr=0.000154106
2026-10-02 09:47:24,314 step=33460 train=1.84430 val=None lr=0.000154037
2026-10-02 09:47:26,610 step=33470 train=1.68554 val=None lr=0.000153968
2026-10-02 09:47:29,065 step=33480 train=1.61519 val=None lr=0.000153899
2026-10-02 09:47:31,340 step=33490 train=1.77998 val=None lr=0.00015383
2026-10-02 09:47:34,885 step=33500 train=1.60710 val=1.7163893163204194 lr=0.000153761
2026-10-02 09:47:39,347 step=33510 train=2.04948 val=None lr=0.000153692
2026-10-02 09:47:41,766 step=33520 train=1.70918 val=None lr=0.000153623
2026-10-02 09:47:44,061 step=33530 train=1.93810 val=None lr=0.000153554
2026-10-02 09:47:46,610 step=33540 train=2.02726 val=None lr=0.000153485
2026-10-02 09:47:48,874 step=33550 train=1.75613 val=None lr=0.000153416
2026-10-02 09:47:51,142 step=33560 train=1.74324 val=None lr=0.000153347
2026-10-02 09:47:53,488 step=33570 train=1.82227 val=None lr=0.000153278
2026-10-02 09:47:55,955 step=33580 train=1.74069 val=None lr=0.000153209
2026-10-02 09:47:58,473 step=33590 train=1.81012 val=None lr=0.00015314
2026-10-02 09:48:02,184 step=33600 train=1.66711 val=1.7160017669200898 lr=0.000153071
2026-10-02 09:48:04,486 step=33610 train=1.82841 val=None lr=0.000153002
2026-10-02 09:48:06,832 step=33620 train=1.99513 val=None lr=0.000152933
2026-10-02 09:48:09,092 step=33630 train=1.82838 val=None lr=0.000152864
2026-10-02 09:48:11,484 step=33640 train=1.87032 val=None lr=0.000152795
2026-10-02 09:48:13,732 step=33650 train=1.64514 val=None lr=0.000152726
2026-10-02 09:48:16,224 step=33660 train=1.97386 val=None lr=0.000152657
2026-10-02 09:48:18,488 step=33670 train=1.60607 val=None lr=0.000152588
2026-10-02 09:48:20,787 step=33680 train=1.65490 val=None lr=0.000152519
2026-10-02 09:48:23,041 step=33690 train=1.44745 val=None lr=0.00015245
2026-10-02 09:48:27,697 step=33700 train=1.65876 val=1.7137308061122893 lr=0.000152382
2026-10-02 09:48:30,164 step=33710 train=1.63952 val=None lr=0.000152313
2026-10-02 09:48:32,661 step=33720 train=1.57276 val=None lr=0.000152244
2026-10-02 09:48:35,102 step=33730 train=1.79393 val=None lr=0.000152175
2026-10-02 09:48:37,399 step=33740 train=2.13904 val=None lr=0.000152106
2026-10-02 09:48:39,652 step=33750 train=1.75136 val=None lr=0.000152037
2026-10-02 09:48:41,940 step=33760 train=1.69287 val=None lr=0.000151968
2026-10-02 09:48:44,209 step=33770 train=1.78529 val=None lr=0.000151899
2026-10-02 09:48:46,411 step=33780 train=1.62086 val=None lr=0.00015183
2026-10-02 09:48:48,732 step=33790 train=1.76331 val=None lr=0.000151761
2026-10-02 09:48:52,555 step=33800 train=1.81309 val=1.7158864736557007 lr=0.000151692
2026-10-02 09:48:54,782 step=33810 train=1.68041 val=None lr=0.000151623
2026-10-02 09:48:56,993 step=33820 train=1.61872 val=None lr=0.000151555
2026-10-02 09:48:59,312 step=33830 train=1.64090 val=None lr=0.000151486
2026-10-02 09:49:01,747 step=33840 train=1.68797 val=None lr=0.000151417
2026-10-02 09:49:04,094 step=33850 train=1.54390 val=None lr=0.000151348
2026-10-02 09:49:06,561 step=33860 train=1.56272 val=None lr=0.000151279
2026-10-02 09:49:08,991 step=33870 train=2.04030 val=None lr=0.00015121
2026-10-02 09:49:11,560 step=33880 train=1.80944 val=None lr=0.000151141
2026-10-02 09:49:13,932 step=33890 train=1.63212 val=None lr=0.000151072
2026-10-02 09:49:18,456 step=33900 train=1.97273 val=1.712524664402008 lr=0.000151003
2026-10-02 09:49:20,922 step=33910 train=1.72548 val=None lr=0.000150935
2026-10-02 09:49:23,626 step=33920 train=1.78766 val=None lr=0.000150866
2026-10-02 09:49:25,938 step=33930 train=1.74394 val=None lr=0.000150797
2026-10-02 09:49:28,177 step=33940 train=1.92875 val=None lr=0.000150728
2026-10-02 09:49:30,734 step=33950 train=1.84448 val=None lr=0.000150659
2026-10-02 09:49:32,985 step=33960 train=1.89810 val=None lr=0.00015059
2026-10-02 09:49:35,350 step=33970 train=1.90555 val=None lr=0.000150521
2026-10-02 09:49:37,745 step=33980 train=1.63025 val=None lr=0.000150453
2026-10-02 09:49:40,296 step=33990 train=1.71618 val=None lr=0.000150384
2026-10-02 09:49:44,938 step=34000 train=1.63121 val=1.7108363211154938 lr=0.000150315
2026-10-02 09:49:48,990 step=34010 train=1.65141 val=None lr=0.000150246
2026-10-02 09:49:51,213 step=34020 train=1.48481 val=None lr=0.000150177
2026-10-02 09:49:53,531 step=34030 train=1.65669 val=None lr=0.000150108
2026-10-02 09:49:55,841 step=34040 train=1.74280 val=None lr=0.00015004
2026-10-02 09:49:58,098 step=34050 train=1.84758 val=None lr=0.000149971
2026-10-02 09:50:00,319 step=34060 train=1.52388 val=None lr=0.000149902
2026-10-02 09:50:02,542 step=34070 train=1.76455 val=None lr=0.000149833
2026-10-02 09:50:04,999 step=34080 train=1.76384 val=None lr=0.000149764
2026-10-02 09:50:07,268 step=34090 train=1.73891 val=None lr=0.000149696
2026-10-02 09:50:11,893 step=34100 train=1.89128 val=1.7084551930427552 lr=0.000149627
2026-10-02 09:50:14,202 step=34110 train=1.62422 val=None lr=0.000149558
2026-10-02 09:50:16,650 step=34120 train=1.83823 val=None lr=0.000149489
2026-10-02 09:50:18,996 step=34130 train=1.83647 val=None lr=0.00014942
2026-10-02 09:50:21,355 step=34140 train=1.66821 val=None lr=0.000149352
2026-10-02 09:50:23,702 step=34150 train=1.57015 val=None lr=0.000149283
2026-10-02 09:50:26,214 step=34160 train=1.68626 val=None lr=0.000149214
2026-10-02 09:50:28,643 step=34170 train=1.59719 val=None lr=0.000149145
2026-10-02 09:50:30,995 step=34180 train=1.57186 val=None lr=0.000149077
2026-10-02 09:50:33,333 step=34190 train=1.59505 val=None lr=0.000149008
2026-10-02 09:50:37,157 step=34200 train=1.64624 val=1.7105234205722808 lr=0.000148939
2026-10-02 09:50:39,429 step=34210 train=1.70623 val=None lr=0.00014887
2026-10-02 09:50:41,985 step=34220 train=2.09427 val=None lr=0.000148802
2026-10-02 09:50:44,489 step=34230 train=1.96851 val=None lr=0.000148733
2026-10-02 09:50:46,996 step=34240 train=1.92466 val=None lr=0.000148664
2026-10-02 09:50:49,589 step=34250 train=1.72937 val=None lr=0.000148595
2026-10-02 09:50:52,066 step=34260 train=2.09683 val=None lr=0.000148527
2026-10-02 09:50:54,617 step=34270 train=1.70891 val=None lr=0.000148458
2026-10-02 09:50:56,935 step=34280 train=1.84843 val=None lr=0.000148389
2026-10-02 09:50:59,141 step=34290 train=1.63498 val=None lr=0.00014832
2026-10-02 09:51:02,727 step=34300 train=2.02072 val=1.7085741221904756 lr=0.000148252
2026-10-02 09:51:05,044 step=34310 train=1.86083 val=None lr=0.000148183
2026-10-02 09:51:07,224 step=34320 train=1.73368 val=None lr=0.000148114
2026-10-02 09:51:09,608 step=34330 train=1.80166 val=None lr=0.000148046
2026-10-02 09:51:12,000 step=34340 train=1.69867 val=None lr=0.000147977
2026-10-02 09:51:14,380 step=34350 train=1.68252 val=None lr=0.000147908
2026-10-02 09:51:16,677 step=34360 train=1.84984 val=None lr=0.00014784
2026-10-02 09:51:18,871 step=34370 train=1.64188 val=None lr=0.000147771
2026-10-02 09:51:21,044 step=34380 train=1.79833 val=None lr=0.000147702
2026-10-02 09:51:23,295 step=34390 train=1.75781 val=None lr=0.000147634
2026-10-02 09:51:28,138 step=34400 train=1.58821 val=1.7065657794475555 lr=0.000147565
2026-10-02 09:51:30,413 step=34410 train=1.73871 val=None lr=0.000147496
2026-10-02 09:51:32,931 step=34420 train=1.70568 val=None lr=0.000147428
2026-10-02 09:51:35,421 step=34430 train=1.46818 val=None lr=0.000147359
2026-10-02 09:51:37,662 step=34440 train=1.82207 val=None lr=0.00014729
2026-10-02 09:51:40,007 step=34450 train=1.66246 val=None lr=0.000147222
2026-10-02 09:51:42,214 step=34460 train=1.65550 val=None lr=0.000147153
2026-10-02 09:51:44,478 step=34470 train=1.66902 val=None lr=0.000147084
2026-10-02 09:51:46,734 step=34480 train=1.63157 val=None lr=0.000147016
2026-10-02 09:51:49,082 step=34490 train=1.80525 val=None lr=0.000146947
2026-10-02 09:51:52,946 step=34500 train=1.84092 val=1.7069001138210296 lr=0.000146879
2026-10-02 09:51:57,672 step=34510 train=1.91392 val=None lr=0.00014681
2026-10-02 09:52:00,096 step=34520 train=1.85568 val=None lr=0.000146741
2026-10-02 09:52:02,571 step=34530 train=1.64100 val=None lr=0.000146673
2026-10-02 09:52:05,347 step=34540 train=1.76902 val=None lr=0.000146604
2026-10-02 09:52:07,875 step=34550 train=1.77988 val=None lr=0.000146535
2026-10-02 09:52:10,266 step=34560 train=1.85150 val=None lr=0.000146467
2026-10-02 09:52:12,618 step=34570 train=1.77469 val=None lr=0.000146398
2026-10-02 09:52:15,017 step=34580 train=1.74321 val=None lr=0.00014633
2026-10-02 09:52:17,634 step=34590 train=1.90498 val=None lr=0.000146261
2026-10-02 09:52:21,216 step=34600 train=1.63713 val=1.7071206271648407 lr=0.000146193
2026-10-02 09:52:23,764 step=34610 train=1.76276 val=None lr=0.000146124
2026-10-02 09:52:26,147 step=34620 train=1.75714 val=None lr=0.000146055
2026-10-02 09:52:28,734 step=34630 train=1.58160 val=None lr=0.000145987
2026-10-02 09:52:31,631 step=34640 train=1.83614 val=None lr=0.000145918
2026-10-02 09:52:34,149 step=34650 train=1.63949 val=None lr=0.00014585
2026-10-02 09:52:36,493 step=34660 train=1.75708 val=None lr=0.000145781
2026-10-02 09:52:38,901 step=34670 train=1.78986 val=None lr=0.000145713
2026-10-02 09:52:41,334 step=34680 train=1.70075 val=None lr=0.000145644
2026-10-02 09:52:43,759 step=34690 train=1.68008 val=None lr=0.000145576
2026-10-02 09:52:48,416 step=34700 train=1.59428 val=1.7045294344425201 lr=0.000145507
2026-10-02 09:52:50,775 step=34710 train=1.88881 val=None lr=0.000145439
2026-10-02 09:52:53,526 step=34720 train=1.73783 val=None lr=0.00014537
2026-10-02 09:52:55,961 step=34730 train=1.67874 val=None lr=0.000145302
2026-10-02 09:52:58,228 step=34740 train=1.98210 val=None lr=0.000145233
2026-10-02 09:53:00,410 step=34750 train=1.94347 val=None lr=0.000145165
2026-10-02 09:53:02,783 step=34760 train=1.65180 val=None lr=0.000145096
2026-10-02 09:53:05,186 step=34770 train=1.82888 val=None lr=0.000145028
2026-10-02 09:53:07,635 step=34780 train=1.71929 val=None lr=0.000144959
2026-10-02 09:53:10,109 step=34790 train=1.75610 val=None lr=0.000144891
2026-10-02 09:53:14,681 step=34800 train=2.03203 val=1.7030422508716583 lr=0.000144822
2026-10-02 09:53:17,036 step=34810 train=1.68888 val=None lr=0.000144754
2026-10-02 09:53:19,396 step=34820 train=1.87248 val=None lr=0.000144685
2026-10-02 09:53:21,882 step=34830 train=1.45169 val=None lr=0.000144617
2026-10-02 09:53:24,304 step=34840 train=2.05778 val=None lr=0.000144548
2026-10-02 09:53:26,500 step=34850 train=1.61137 val=None lr=0.00014448
2026-10-02 09:53:28,824 step=34860 train=1.77688 val=None lr=0.000144412
2026-10-02 09:53:31,319 step=34870 train=1.58454 val=None lr=0.000144343
2026-10-02 09:53:33,674 step=34880 train=1.69588 val=None lr=0.000144275
2026-10-02 09:53:35,952 step=34890 train=1.63173 val=None lr=0.000144206
2026-10-02 09:53:39,829 step=34900 train=1.43530 val=1.7038169205188751 lr=0.000144138
2026-10-02 09:53:42,257 step=34910 train=1.67883 val=None lr=0.000144069
2026-10-02 09:53:44,730 step=34920 train=1.71503 val=None lr=0.000144001
2026-10-02 09:53:47,498 step=34930 train=1.79530 val=None lr=0.000143933
2026-10-02 09:53:49,770 step=34940 train=1.81540 val=None lr=0.000143864
2026-10-02 09:53:52,412 step=34950 train=1.73865 val=None lr=0.000143796
2026-10-02 09:53:54,763 step=34960 train=1.73211 val=None lr=0.000143727
2026-10-02 09:53:57,080 step=34970 train=1.89383 val=None lr=0.000143659
2026-10-02 09:53:59,275 step=34980 train=1.68589 val=None lr=0.000143591
2026-10-02 09:54:01,655 step=34990 train=1.85216 val=None lr=0.000143522
2026-10-02 09:54:06,408 step=35000 train=1.80634 val=1.7016715466976167 lr=0.000143454
2026-10-02 09:54:11,778 step=35010 train=1.73294 val=None lr=0.000143386
2026-10-02 09:54:14,202 step=35020 train=2.02372 val=None lr=0.000143317
2026-10-02 09:54:16,532 step=35030 train=1.56294 val=None lr=0.000143249
2026-10-02 09:54:18,813 step=35040 train=1.60645 val=None lr=0.000143181
2026-10-02 09:54:21,234 step=35050 train=1.69776 val=None lr=0.000143112
2026-10-02 09:54:23,538 step=35060 train=1.68664 val=None lr=0.000143044
2026-10-02 09:54:25,833 step=35070 train=1.68046 val=None lr=0.000142976
2026-10-02 09:54:28,080 step=35080 train=1.77033 val=None lr=0.000142907
2026-10-02 09:54:30,320 step=35090 train=1.93152 val=None lr=0.000142839
2026-10-02 09:54:34,765 step=35100 train=1.67322 val=1.700924390554428 lr=0.000142771
2026-10-02 09:54:37,038 step=35110 train=1.54541 val=None lr=0.000142702
2026-10-02 09:54:39,405 step=35120 train=1.99074 val=None lr=0.000142634
2026-10-02 09:54:41,956 step=35130 train=1.63324 val=None lr=0.000142566
2026-10-02 09:54:44,391 step=35140 train=1.80207 val=None lr=0.000142498
2026-10-02 09:54:46,642 step=35150 train=1.76639 val=None lr=0.000142429
2026-10-02 09:54:49,028 step=35160 train=1.80539 val=None lr=0.000142361
2026-10-02 09:54:51,294 step=35170 train=1.79222 val=None lr=0.000142293
2026-10-02 09:54:53,504 step=35180 train=1.79395 val=None lr=0.000142225
2026-10-02 09:54:55,710 step=35190 train=1.85080 val=None lr=0.000142156
2026-10-02 09:55:00,244 step=35200 train=2.02149 val=1.6972172617912293 lr=0.000142088
2026-10-02 09:55:02,697 step=35210 train=1.80243 val=None lr=0.00014202
2026-10-02 09:55:04,884 step=35220 train=1.66124 val=None lr=0.000141952
2026-10-02 09:55:07,093 step=35230 train=1.49015 val=None lr=0.000141883
2026-10-02 09:55:09,293 step=35240 train=1.61208 val=None lr=0.000141815
2026-10-02 09:55:11,694 step=35250 train=1.99511 val=None lr=0.000141747
2026-10-02 09:55:14,009 step=35260 train=1.59981 val=None lr=0.000141679
2026-10-02 09:55:16,327 step=35270 train=2.04927 val=None lr=0.000141611
2026-10-02 09:55:18,556 step=35280 train=1.66393 val=None lr=0.000141542
2026-10-02 09:55:21,147 step=35290 train=1.62170 val=None lr=0.000141474
2026-10-02 09:55:24,934 step=35300 train=1.82295 val=1.6988173365592956 lr=0.000141406
2026-10-02 09:55:27,171 step=35310 train=1.58294 val=None lr=0.000141338
2026-10-02 09:55:29,586 step=35320 train=1.62739 val=None lr=0.00014127
2026-10-02 09:55:31,886 step=35330 train=1.75469 val=None lr=0.000141201
2026-10-02 09:55:34,346 step=35340 train=1.97318 val=None lr=0.000141133
2026-10-02 09:55:36,647 step=35350 train=1.56516 val=None lr=0.000141065
2026-10-02 09:55:38,835 step=35360 train=1.77069 val=None lr=0.000140997
2026-10-02 09:55:41,385 step=35370 train=1.60719 val=None lr=0.000140929
2026-10-02 09:55:43,905 step=35380 train=2.05772 val=None lr=0.000140861
2026-10-02 09:55:46,170 step=35390 train=1.52104 val=None lr=0.000140793
2026-10-02 09:55:50,874 step=35400 train=1.96101 val=1.6969155192375183 lr=0.000140725
2026-10-02 09:55:53,641 step=35410 train=1.80636 val=None lr=0.000140656
2026-10-02 09:55:56,055 step=35420 train=1.63918 val=None lr=0.000140588
2026-10-02 09:55:58,667 step=35430 train=1.92124 val=None lr=0.00014052
2026-10-02 09:56:01,163 step=35440 train=1.58306 val=None lr=0.000140452
2026-10-02 09:56:03,585 step=35450 train=1.89849 val=None lr=0.000140384
2026-10-02 09:56:05,938 step=35460 train=2.09179 val=None lr=0.000140316
2026-10-02 09:56:08,194 step=35470 train=2.02202 val=None lr=0.000140248
2026-10-02 09:56:10,454 step=35480 train=1.87267 val=None lr=0.00014018
2026-10-02 09:56:12,986 step=35490 train=1.76254 val=None lr=0.000140112
2026-10-02 09:56:17,734 step=35500 train=1.63922 val=1.6967779994010925 lr=0.000140044
2026-10-02 09:56:21,856 step=35510 train=1.58239 val=None lr=0.000139976
2026-10-02 09:56:24,308 step=35520 train=1.82360 val=None lr=0.000139908
2026-10-02 09:56:26,679 step=35530 train=1.72230 val=None lr=0.00013984
2026-10-02 09:56:28,915 step=35540 train=1.51890 val=None lr=0.000139772
2026-10-02 09:56:31,147 step=35550 train=1.72868 val=None lr=0.000139704
2026-10-02 09:56:33,349 step=35560 train=1.49508 val=None lr=0.000139636
2026-10-02 09:56:35,547 step=35570 train=1.85181 val=None lr=0.000139568
2026-10-02 09:56:37,793 step=35580 train=1.74941 val=None lr=0.0001395
2026-10-02 09:56:40,061 step=35590 train=2.07977 val=None lr=0.000139432
2026-10-02 09:56:43,622 step=35600 train=1.86668 val=1.6994426488876342 lr=0.000139364
2026-10-02 09:56:45,974 step=35610 train=1.92549 val=None lr=0.000139296
2026-10-02 09:56:48,246 step=35620 train=1.77361 val=None lr=0.000139228
2026-10-02 09:56:50,564 step=35630 train=1.54372 val=None lr=0.00013916
2026-10-02 09:56:53,254 step=35640 train=1.60871 val=None lr=0.000139092
2026-10-02 09:56:55,513 step=35650 train=1.83009 val=None lr=0.000139024
2026-10-02 09:56:57,828 step=35660 train=1.72577 val=None lr=0.000138956
2026-10-02 09:57:00,093 step=35670 train=1.90839 val=None lr=0.000138888
2026-10-02 09:57:02,326 step=35680 train=1.68924 val=None lr=0.00013882
2026-10-02 09:57:04,548 step=35690 train=1.71961 val=None lr=0.000138752
2026-10-02 09:57:09,100 step=35700 train=1.68597 val=1.6956198573112489 lr=0.000138684
2026-10-02 09:57:11,486 step=35710 train=1.58139 val=None lr=0.000138616
2026-10-02 09:57:13,862 step=35720 train=1.82717 val=None lr=0.000138548
2026-10-02 09:57:16,129 step=35730 train=1.85092 val=None lr=0.00013848
2026-10-02 09:57:18,490 step=35740 train=1.51510 val=None lr=0.000138412
2026-10-02 09:57:20,848 step=35750 train=1.66407 val=None lr=0.000138345
2026-10-02 09:57:23,111 step=35760 train=1.80766 val=None lr=0.000138277
2026-10-02 09:57:25,379 step=35770 train=1.75402 val=None lr=0.000138209
2026-10-02 09:57:27,571 step=35780 train=1.85760 val=None lr=0.000138141
2026-10-02 09:57:30,008 step=35790 train=1.61037 val=None lr=0.000138073
2026-10-02 09:57:33,642 step=35800 train=1.71623 val=1.6967861771583557 lr=0.000138005
2026-10-02 09:57:36,145 step=35810 train=1.84742 val=None lr=0.000137937
2026-10-02 09:57:38,679 step=35820 train=1.80247 val=None lr=0.00013787
2026-10-02 09:57:41,147 step=35830 train=1.67844 val=None lr=0.000137802
2026-10-02 09:57:43,594 step=35840 train=1.66135 val=None lr=0.000137734
2026-10-02 09:57:46,041 step=35850 train=1.69037 val=None lr=0.000137666
2026-10-02 09:57:48,467 step=35860 train=1.65547 val=None lr=0.000137598
2026-10-02 09:57:50,969 step=35870 train=1.64887 val=None lr=0.00013753
2026-10-02 09:57:53,258 step=35880 train=1.97196 val=None lr=0.000137463
2026-10-02 09:57:55,548 step=35890 train=2.08382 val=None lr=0.000137395
2026-10-02 09:57:59,174 step=35900 train=2.06769 val=1.6976619422435761 lr=0.000137327
2026-10-02 09:58:01,419 step=35910 train=1.75165 val=None lr=0.000137259
2026-10-02 09:58:03,693 step=35920 train=1.91604 val=None lr=0.000137192
2026-10-02 09:58:05,951 step=35930 train=1.53258 val=None lr=0.000137124
2026-10-02 09:58:08,169 step=35940 train=1.62221 val=None lr=0.000137056
2026-10-02 09:58:10,508 step=35950 train=1.97735 val=None lr=0.000136988
2026-10-02 09:58:12,950 step=35960 train=1.64425 val=None lr=0.000136921
2026-10-02 09:58:15,285 step=35970 train=1.78444 val=None lr=0.000136853
2026-10-02 09:58:17,612 step=35980 train=1.71039 val=None lr=0.000136785
2026-10-02 09:58:20,062 step=35990 train=1.92400 val=None lr=0.000136717
2026-10-02 09:58:24,815 step=36000 train=1.71095 val=1.694839072227478 lr=0.00013665
2026-10-02 09:58:29,756 step=36010 train=1.84486 val=None lr=0.000136582
2026-10-02 09:58:32,104 step=36020 train=1.97707 val=None lr=0.000136514
2026-10-02 09:58:34,787 step=36030 train=1.55788 val=None lr=0.000136447
2026-10-02 09:58:37,075 step=36040 train=1.79336 val=None lr=0.000136379
2026-10-02 09:58:39,426 step=36050 train=1.96575 val=None lr=0.000136311
2026-10-02 09:58:41,832 step=36060 train=1.71588 val=None lr=0.000136244
2026-10-02 09:58:44,048 step=36070 train=1.92339 val=None lr=0.000136176
2026-10-02 09:58:46,625 step=36080 train=1.55427 val=None lr=0.000136108
2026-10-02 09:58:49,107 step=36090 train=1.81104 val=None lr=0.000136041
2026-10-02 09:58:53,871 step=36100 train=1.61293 val=1.6937224745750428 lr=0.000135973
2026-10-02 09:58:56,096 step=36110 train=1.75361 val=None lr=0.000135906
2026-10-02 09:58:58,378 step=36120 train=1.71306 val=None lr=0.000135838
2026-10-02 09:59:00,765 step=36130 train=1.93863 val=None lr=0.00013577
2026-10-02 09:59:03,257 step=36140 train=1.78398 val=None lr=0.000135703
2026-10-02 09:59:05,773 step=36150 train=1.94261 val=None lr=0.000135635
2026-10-02 09:59:08,158 step=36160 train=1.67374 val=None lr=0.000135568
2026-10-02 09:59:10,452 step=36170 train=1.81263 val=None lr=0.0001355
2026-10-02 09:59:12,867 step=36180 train=1.62608 val=None lr=0.000135432
2026-10-02 09:59:15,186 step=36190 train=1.66892 val=None lr=0.000135365
2026-10-02 09:59:19,747 step=36200 train=1.58478 val=1.6922797739505768 lr=0.000135297
2026-10-02 09:59:22,022 step=36210 train=1.66875 val=None lr=0.00013523
2026-10-02 09:59:24,267 step=36220 train=1.94378 val=None lr=0.000135162
2026-10-02 09:59:26,813 step=36230 train=1.53251 val=None lr=0.000135095
2026-10-02 09:59:29,070 step=36240 train=1.73345 val=None lr=0.000135027
2026-10-02 09:59:31,497 step=36250 train=1.71318 val=None lr=0.00013496
2026-10-02 09:59:33,831 step=36260 train=1.54564 val=None lr=0.000134892
2026-10-02 09:59:36,048 step=36270 train=1.75656 val=None lr=0.000134825
2026-10-02 09:59:38,244 step=36280 train=1.64335 val=None lr=0.000134757
2026-10-02 09:59:40,461 step=36290 train=1.52294 val=None lr=0.00013469
2026-10-02 09:59:44,109 step=36300 train=1.84103 val=1.6926008462905884 lr=0.000134622
2026-10-02 09:59:46,411 step=36310 train=1.88014 val=None lr=0.000134555
2026-10-02 09:59:48,638 step=36320 train=1.68735 val=None lr=0.000134487
2026-10-02 09:59:51,277 step=36330 train=1.89040 val=None lr=0.00013442
2026-10-02 09:59:53,544 step=36340 train=1.66157 val=None lr=0.000134352
2026-10-02 09:59:55,944 step=36350 train=1.75692 val=None lr=0.000134285
2026-10-02 09:59:58,523 step=36360 train=1.48415 val=None lr=0.000134218
2026-10-02 10:00:00,907 step=36370 train=1.98695 val=None lr=0.00013415
2026-10-02 10:00:03,188 step=36380 train=1.83458 val=None lr=0.000134083
2026-10-02 10:00:05,538 step=36390 train=1.82552 val=None lr=0.000134015
2026-10-02 10:00:10,126 step=36400 train=1.48185 val=1.6882119536399842 lr=0.000133948
2026-10-02 10:00:12,520 step=36410 train=1.72297 val=None lr=0.000133881
2026-10-02 10:00:14,899 step=36420 train=1.51681 val=None lr=0.000133813
2026-10-02 10:00:17,535 step=36430 train=1.67450 val=None lr=0.000133746
2026-10-02 10:00:19,893 step=36440 train=1.83044 val=None lr=0.000133678
2026-10-02 10:00:22,286 step=36450 train=1.63721 val=None lr=0.000133611
2026-10-02 10:00:24,625 step=36460 train=1.84891 val=None lr=0.000133544
2026-10-02 10:00:27,061 step=36470 train=1.57494 val=None lr=0.000133476
2026-10-02 10:00:29,495 step=36480 train=1.94066 val=None lr=0.000133409
2026-10-02 10:00:31,966 step=36490 train=1.57725 val=None lr=0.000133342
2026-10-02 10:00:36,695 step=36500 train=1.43730 val=1.6875950396060944 lr=0.000133275
2026-10-02 10:00:41,601 step=36510 train=1.95949 val=None lr=0.000133207
2026-10-02 10:00:43,977 step=36520 train=1.68483 val=None lr=0.00013314
2026-10-02 10:00:46,332 step=36530 train=2.18838 val=None lr=0.000133073
2026-10-02 10:00:48,699 step=36540 train=1.66118 val=None lr=0.000133005
2026-10-02 10:00:51,296 step=36550 train=1.71532 val=None lr=0.000132938
2026-10-02 10:00:53,565 step=36560 train=1.81863 val=None lr=0.000132871
2026-10-02 10:00:56,028 step=36570 train=1.74103 val=None lr=0.000132804
2026-10-02 10:00:58,622 step=36580 train=1.74583 val=None lr=0.000132736
2026-10-02 10:01:00,843 step=36590 train=2.02800 val=None lr=0.000132669
2026-10-02 10:01:05,479 step=36600 train=1.75098 val=1.6853001177310944 lr=0.000132602
2026-10-02 10:01:07,898 step=36610 train=1.81899 val=None lr=0.000132535
2026-10-02 10:01:10,185 step=36620 train=1.89022 val=None lr=0.000132467
2026-10-02 10:01:12,464 step=36630 train=1.75662 val=None lr=0.0001324
2026-10-02 10:01:14,871 step=36640 train=1.77513 val=None lr=0.000132333
2026-10-02 10:01:17,411 step=36650 train=1.66546 val=None lr=0.000132266
2026-10-02 10:01:19,705 step=36660 train=1.56021 val=None lr=0.000132199
2026-10-02 10:01:22,026 step=36670 train=1.80800 val=None lr=0.000132132
2026-10-02 10:01:24,465 step=36680 train=1.67606 val=None lr=0.000132064
2026-10-02 10:01:26,684 step=36690 train=1.52137 val=None lr=0.000131997
2026-10-02 10:01:30,368 step=36700 train=1.72099 val=1.687149602174759 lr=0.00013193
2026-10-02 10:01:32,617 step=36710 train=1.68591 val=None lr=0.000131863
2026-10-02 10:01:35,012 step=36720 train=1.66852 val=None lr=0.000131796
2026-10-02 10:01:37,223 step=36730 train=1.69427 val=None lr=0.000131729
2026-10-02 10:01:39,753 step=36740 train=1.78343 val=None lr=0.000131662
2026-10-02 10:01:42,209 step=36750 train=1.73204 val=None lr=0.000131595
2026-10-02 10:01:44,572 step=36760 train=1.54607 val=None lr=0.000131527
2026-10-02 10:01:46,849 step=36770 train=1.69231 val=None lr=0.00013146
2026-10-02 10:01:49,411 step=36780 train=1.77352 val=None lr=0.000131393
2026-10-02 10:01:51,795 step=36790 train=1.76928 val=None lr=0.000131326
2026-10-02 10:01:55,334 step=36800 train=1.76689 val=1.6883360385894775 lr=0.000131259
2026-10-02 10:01:57,560 step=36810 train=1.64737 val=None lr=0.000131192
2026-10-02 10:02:00,035 step=36820 train=1.58182 val=None lr=0.000131125
2026-10-02 10:02:02,306 step=36830 train=1.60581 val=None lr=0.000131058
2026-10-02 10:02:04,694 step=36840 train=1.69314 val=None lr=0.000130991
2026-10-02 10:02:07,071 step=36850 train=1.65289 val=None lr=0.000130924
2026-10-02 10:02:09,248 step=36860 train=1.79763 val=None lr=0.000130857
2026-10-02 10:02:11,820 step=36870 train=1.59744 val=None lr=0.00013079
2026-10-02 10:02:14,025 step=36880 train=1.82823 val=None lr=0.000130723
2026-10-02 10:02:16,486 step=36890 train=1.49144 val=None lr=0.000130656
2026-10-02 10:02:21,123 step=36900 train=1.70872 val=1.6852152824401856 lr=0.000130589
2026-10-02 10:02:23,429 step=36910 train=1.48194 val=None lr=0.000130522
2026-10-02 10:02:25,773 step=36920 train=1.83462 val=None lr=0.000130455
2026-10-02 10:02:28,131 step=36930 train=1.83365 val=None lr=0.000130388
2026-10-02 10:02:30,372 step=36940 train=1.97915 val=None lr=0.000130321
2026-10-02 10:02:32,603 step=36950 train=1.69564 val=None lr=0.000130255
2026-10-02 10:02:34,932 step=36960 train=1.69799 val=None lr=0.000130188
2026-10-02 10:02:37,239 step=36970 train=1.84259 val=None lr=0.000130121
2026-10-02 10:02:39,750 step=36980 train=1.73852 val=None lr=0.000130054
2026-10-02 10:02:42,279 step=36990 train=1.92648 val=None lr=0.000129987
2026-10-02 10:02:45,986 step=37000 train=1.57357 val=1.6877614080905914 lr=0.00012992
2026-10-02 10:02:50,389 step=37010 train=1.79114 val=None lr=0.000129853
2026-10-02 10:02:52,586 step=37020 train=1.91323 val=None lr=0.000129786
2026-10-02 10:02:54,864 step=37030 train=1.91334 val=None lr=0.00012972
2026-10-02 10:02:57,163 step=37040 train=1.66789 val=None lr=0.000129653
2026-10-02 10:02:59,503 step=37050 train=1.78791 val=None lr=0.000129586
2026-10-02 10:03:01,797 step=37060 train=1.67969 val=None lr=0.000129519
2026-10-02 10:03:04,060 step=37070 train=1.61827 val=None lr=0.000129452
2026-10-02 10:03:06,310 step=37080 train=1.70905 val=None lr=0.000129385
2026-10-02 10:03:08,927 step=37090 train=1.69739 val=None lr=0.000129319
2026-10-02 10:03:12,542 step=37100 train=1.91307 val=1.6893075168132783 lr=0.000129252
2026-10-02 10:03:14,783 step=37110 train=1.49694 val=None lr=0.000129185
2026-10-02 10:03:17,095 step=37120 train=1.74932 val=None lr=0.000129118
2026-10-02 10:03:19,376 step=37130 train=1.67343 val=None lr=0.000129052
2026-10-02 10:03:21,673 step=37140 train=1.78982 val=None lr=0.000128985
2026-10-02 10:03:23,880 step=37150 train=1.75693 val=None lr=0.000128918
2026-10-02 10:03:26,157 step=37160 train=1.70800 val=None lr=0.000128851
2026-10-02 10:03:28,730 step=37170 train=1.99437 val=None lr=0.000128785
2026-10-02 10:03:30,941 step=37180 train=1.52893 val=None lr=0.000128718
2026-10-02 10:03:33,363 step=37190 train=1.73350 val=None lr=0.000128651
2026-10-02 10:03:37,193 step=37200 train=1.95052 val=1.687680822610855 lr=0.000128585
2026-10-02 10:03:39,517 step=37210 train=1.63675 val=None lr=0.000128518
2026-10-02 10:03:41,791 step=37220 train=1.46486 val=None lr=0.000128451
2026-10-02 10:03:44,222 step=37230 train=1.42796 val=None lr=0.000128385
2026-10-02 10:03:46,633 step=37240 train=1.87381 val=None lr=0.000128318
2026-10-02 10:03:48,906 step=37250 train=1.70205 val=None lr=0.000128251
2026-10-02 10:03:51,483 step=37260 train=1.73960 val=None lr=0.000128185
2026-10-02 10:03:53,819 step=37270 train=1.85930 val=None lr=0.000128118
2026-10-02 10:03:56,349 step=37280 train=2.18766 val=None lr=0.000128052
2026-10-02 10:03:58,574 step=37290 train=1.53487 val=None lr=0.000127985
2026-10-02 10:04:03,178 step=37300 train=1.73669 val=1.6840408265590667 lr=0.000127918
2026-10-02 10:04:05,653 step=37310 train=1.62984 val=None lr=0.000127852
2026-10-02 10:04:07,935 step=37320 train=1.54816 val=None lr=0.000127785
2026-10-02 10:04:10,234 step=37330 train=1.65446 val=None lr=0.000127719
2026-10-02 10:04:12,773 step=37340 train=1.80051 val=None lr=0.000127652
2026-10-02 10:04:15,255 step=37350 train=1.76400 val=None lr=0.000127586
2026-10-02 10:04:17,500 step=37360 train=1.66228 val=None lr=0.000127519
2026-10-02 10:04:19,946 step=37370 train=1.57403 val=None lr=0.000127453
2026-10-02 10:04:22,383 step=37380 train=1.70705 val=None lr=0.000127386
2026-10-02 10:04:24,655 step=37390 train=1.84089 val=None lr=0.00012732
2026-10-02 10:04:29,193 step=37400 train=1.77904 val=1.6838992893695832 lr=0.000127253
2026-10-02 10:04:31,627 step=37410 train=1.85303 val=None lr=0.000127187
2026-10-02 10:04:34,091 step=37420 train=1.64960 val=None lr=0.00012712
2026-10-02 10:04:36,576 step=37430 train=1.67098 val=None lr=0.000127054
2026-10-02 10:04:39,014 step=37440 train=1.92750 val=None lr=0.000126987
2026-10-02 10:04:41,299 step=37450 train=1.57573 val=None lr=0.000126921
2026-10-02 10:04:43,824 step=37460 train=1.75033 val=None lr=0.000126854
2026-10-02 10:04:46,043 step=37470 train=1.72658 val=None lr=0.000126788
2026-10-02 10:04:48,285 step=37480 train=1.66030 val=None lr=0.000126722
2026-10-02 10:04:50,768 step=37490 train=1.60176 val=None lr=0.000126655
2026-10-02 10:04:55,492 step=37500 train=1.76783 val=1.6814053177833557 lr=0.000126589
2026-10-02 10:04:59,784 step=37510 train=1.55281 val=None lr=0.000126522
2026-10-02 10:05:02,062 step=37520 train=1.70818 val=None lr=0.000126456
2026-10-02 10:05:04,409 step=37530 train=1.62686 val=None lr=0.00012639
2026-10-02 10:05:06,703 step=37540 train=1.73471 val=None lr=0.000126323
2026-10-02 10:05:08,943 step=37550 train=1.53372 val=None lr=0.000126257
2026-10-02 10:05:11,318 step=37560 train=1.70200 val=None lr=0.000126191
2026-10-02 10:05:13,693 step=37570 train=1.54811 val=None lr=0.000126124
2026-10-02 10:05:16,461 step=37580 train=1.67352 val=None lr=0.000126058
2026-10-02 10:05:18,935 step=37590 train=1.54945 val=None lr=0.000125992
2026-10-02 10:05:22,609 step=37600 train=1.55106 val=1.6817791640758515 lr=0.000125925
2026-10-02 10:05:25,044 step=37610 train=1.79546 val=None lr=0.000125859
2026-10-02 10:05:27,294 step=37620 train=1.84059 val=None lr=0.000125793
2026-10-02 10:05:29,540 step=37630 train=1.60151 val=None lr=0.000125727
2026-10-02 10:05:32,007 step=37640 train=1.72678 val=None lr=0.00012566
2026-10-02 10:05:34,424 step=37650 train=1.57731 val=None lr=0.000125594
2026-10-02 10:05:36,680 step=37660 train=1.76038 val=None lr=0.000125528
2026-10-02 10:05:38,962 step=37670 train=1.61194 val=None lr=0.000125462
2026-10-02 10:05:41,383 step=37680 train=1.41138 val=None lr=0.000125396
2026-10-02 10:05:43,690 step=37690 train=1.66603 val=None lr=0.000125329
2026-10-02 10:05:48,363 step=37700 train=1.70259 val=1.6805297493934632 lr=0.000125263
2026-10-02 10:05:50,654 step=37710 train=1.60498 val=None lr=0.000125197
2026-10-02 10:05:52,984 step=37720 train=1.74372 val=None lr=0.000125131
2026-10-02 10:05:55,263 step=37730 train=1.57066 val=None lr=0.000125065
2026-10-02 10:05:57,489 step=37740 train=1.67486 val=None lr=0.000124999
2026-10-02 10:05:59,845 step=37750 train=1.42884 val=None lr=0.000124932
2026-10-02 10:06:02,235 step=37760 train=1.94872 val=None lr=0.000124866
2026-10-02 10:06:04,541 step=37770 train=1.44338 val=None lr=0.0001248
2026-10-02 10:06:06,770 step=37780 train=1.79463 val=None lr=0.000124734
2026-10-02 10:06:08,999 step=37790 train=1.66867 val=None lr=0.000124668
2026-10-02 10:06:12,627 step=37800 train=1.78101 val=1.6820558428764343 lr=0.000124602
2026-10-02 10:06:14,952 step=37810 train=1.82724 val=None lr=0.000124536
2026-10-02 10:06:17,472 step=37820 train=1.76455 val=None lr=0.00012447
2026-10-02 10:06:19,906 step=37830 train=1.84113 val=None lr=0.000124404
2026-10-02 10:06:22,157 step=37840 train=1.45282 val=None lr=0.000124338
2026-10-02 10:06:24,637 step=37850 train=1.61144 val=None lr=0.000124272
2026-10-02 10:06:26,915 step=37860 train=1.63054 val=None lr=0.000124206
2026-10-02 10:06:29,363 step=37870 train=1.69518 val=None lr=0.00012414
2026-10-02 10:06:31,606 step=37880 train=1.68974 val=None lr=0.000124074
2026-10-02 10:06:33,925 step=37890 train=1.72587 val=None lr=0.000124008
2026-10-02 10:06:38,436 step=37900 train=1.77152 val=1.6775977909564972 lr=0.000123942
2026-10-02 10:06:41,010 step=37910 train=1.70342 val=None lr=0.000123876
2026-10-02 10:06:43,563 step=37920 train=1.54578 val=None lr=0.00012381
2026-10-02 10:06:46,346 step=37930 train=1.78167 val=None lr=0.000123744
2026-10-02 10:06:48,597 step=37940 train=1.53366 val=None lr=0.000123678
2026-10-02 10:06:50,943 step=37950 train=1.59933 val=None lr=0.000123612
2026-10-02 10:06:53,510 step=37960 train=1.84616 val=None lr=0.000123546
2026-10-02 10:06:56,033 step=37970 train=2.10035 val=None lr=0.00012348
2026-10-02 10:06:58,476 step=37980 train=1.64316 val=None lr=0.000123414
2026-10-02 10:07:00,988 step=37990 train=1.42194 val=None lr=0.000123349
2026-10-02 10:07:04,692 step=38000 train=1.68242 val=1.677821809053421 lr=0.000123283
2026-10-02 10:07:09,156 step=38010 train=1.58683 val=None lr=0.000123217
2026-10-02 10:07:11,612 step=38020 train=2.10720 val=None lr=0.000123151
2026-10-02 10:07:14,172 step=38030 train=1.78922 val=None lr=0.000123085
2026-10-02 10:07:16,628 step=38040 train=1.88153 val=None lr=0.000123019
2026-10-02 10:07:19,056 step=38050 train=1.92226 val=None lr=0.000122954
2026-10-02 10:07:21,306 step=38060 train=1.59741 val=None lr=0.000122888
2026-10-02 10:07:23,682 step=38070 train=1.69422 val=None lr=0.000122822
2026-10-02 10:07:25,999 step=38080 train=1.82163 val=None lr=0.000122756
2026-10-02 10:07:28,227 step=38090 train=1.69157 val=None lr=0.00012269
2026-10-02 10:07:32,728 step=38100 train=1.38827 val=1.6775937616825103 lr=0.000122625
2026-10-02 10:07:35,095 step=38110 train=1.61634 val=None lr=0.000122559
2026-10-02 10:07:37,616 step=38120 train=1.93159 val=None lr=0.000122493
2026-10-02 10:07:40,034 step=38130 train=2.02845 val=None lr=0.000122428
2026-10-02 10:07:42,518 step=38140 train=1.60625 val=None lr=0.000122362
2026-10-02 10:07:45,219 step=38150 train=1.66344 val=None lr=0.000122296
2026-10-02 10:07:47,647 step=38160 train=1.94956 val=None lr=0.00012223
2026-10-02 10:07:49,986 step=38170 train=1.64716 val=None lr=0.000122165
2026-10-02 10:07:52,377 step=38180 train=1.87376 val=None lr=0.000122099
2026-10-02 10:07:54,583 step=38190 train=1.53024 val=None lr=0.000122033
2026-10-02 10:07:58,428 step=38200 train=1.76563 val=1.678715705871582 lr=0.000121968
2026-10-02 10:08:00,815 step=38210 train=1.53834 val=None lr=0.000121902
2026-10-02 10:08:03,386 step=38220 train=2.03947 val=None lr=0.000121837
2026-10-02 10:08:05,821 step=38230 train=1.44352 val=None lr=0.000121771
2026-10-02 10:08:08,130 step=38240 train=1.92573 val=None lr=0.000121705
2026-10-02 10:08:10,330 step=38250 train=1.55696 val=None lr=0.00012164
2026-10-02 10:08:12,537 step=38260 train=1.76407 val=None lr=0.000121574
2026-10-02 10:08:14,746 step=38270 train=1.61535 val=None lr=0.000121509
2026-10-02 10:08:17,064 step=38280 train=1.88010 val=None lr=0.000121443
2026-10-02 10:08:19,820 step=38290 train=1.76816 val=None lr=0.000121378
2026-10-02 10:08:23,426 step=38300 train=1.75721 val=1.6777685463428498 lr=0.000121312
2026-10-02 10:08:25,699 step=38310 train=1.68303 val=None lr=0.000121247
2026-10-02 10:08:27,920 step=38320 train=1.94668 val=None lr=0.000121181
2026-10-02 10:08:30,218 step=38330 train=2.06167 val=None lr=0.000121116
2026-10-02 10:08:32,569 step=38340 train=1.85189 val=None lr=0.00012105
2026-10-02 10:08:35,083 step=38350 train=1.58009 val=None lr=0.000120985
2026-10-02 10:08:37,410 step=38360 train=1.84190 val=None lr=0.000120919
2026-10-02 10:08:39,627 step=38370 train=1.96540 val=None lr=0.000120854
2026-10-02 10:08:41,990 step=38380 train=2.03316 val=None lr=0.000120788
2026-10-02 10:08:44,319 step=38390 train=1.63983 val=None lr=0.000120723
2026-10-02 10:08:48,774 step=38400 train=1.47371 val=1.6772188246250153 lr=0.000120657
2026-10-02 10:08:51,146 step=38410 train=1.62110 val=None lr=0.000120592
2026-10-02 10:08:53,486 step=38420 train=1.71425 val=None lr=0.000120527
2026-10-02 10:08:55,746 step=38430 train=1.84337 val=None lr=0.000120461
2026-10-02 10:08:58,173 step=38440 train=1.68556 val=None lr=0.000120396
2026-10-02 10:09:00,743 step=38450 train=1.98524 val=None lr=0.000120331
2026-10-02 10:09:03,075 step=38460 train=1.85737 val=None lr=0.000120265
2026-10-02 10:09:05,411 step=38470 train=1.64765 val=None lr=0.0001202
2026-10-02 10:09:07,824 step=38480 train=1.65978 val=None lr=0.000120135
2026-10-02 10:09:10,108 step=38490 train=1.80322 val=None lr=0.000120069
2026-10-02 10:09:13,656 step=38500 train=1.59036 val=1.6778278410434724 lr=0.000120004
2026-10-02 10:09:18,986 step=38510 train=1.57593 val=None lr=0.000119939
2026-10-02 10:09:21,433 step=38520 train=1.55546 val=None lr=0.000119874
2026-10-02 10:09:23,799 step=38530 train=1.56305 val=None lr=0.000119808
2026-10-02 10:09:26,097 step=38540 train=1.59153 val=None lr=0.000119743
2026-10-02 10:09:28,308 step=38550 train=1.58672 val=None lr=0.000119678
2026-10-02 10:09:30,738 step=38560 train=1.68438 val=None lr=0.000119613
2026-10-02 10:09:33,160 step=38570 train=1.70060 val=None lr=0.000119547
2026-10-02 10:09:35,576 step=38580 train=1.78203 val=None lr=0.000119482
2026-10-02 10:09:37,907 step=38590 train=1.70200 val=None lr=0.000119417
2026-10-02 10:09:42,487 step=38600 train=2.00968 val=1.6742591261863708 lr=0.000119352
2026-10-02 10:09:44,756 step=38610 train=1.71891 val=None lr=0.000119287
2026-10-02 10:09:47,019 step=38620 train=1.54875 val=None lr=0.000119222
2026-10-02 10:09:49,318 step=38630 train=1.68553 val=None lr=0.000119156
2026-10-02 10:09:51,568 step=38640 train=1.75669 val=None lr=0.000119091
2026-10-02 10:09:53,803 step=38650 train=1.84162 val=None lr=0.000119026
2026-10-02 10:09:56,207 step=38660 train=1.52754 val=None lr=0.000118961
2026-10-02 10:09:58,435 step=38670 train=1.73725 val=None lr=0.000118896
2026-10-02 10:10:00,775 step=38680 train=1.63462 val=None lr=0.000118831
2026-10-02 10:10:03,017 step=38690 train=1.68331 val=None lr=0.000118766
2026-10-02 10:10:06,663 step=38700 train=1.64976 val=1.6749588251113892 lr=0.000118701
2026-10-02 10:10:08,930 step=38710 train=1.65188 val=None lr=0.000118636
2026-10-02 10:10:11,476 step=38720 train=1.69988 val=None lr=0.000118571
2026-10-02 10:10:13,837 step=38730 train=1.94764 val=None lr=0.000118506
2026-10-02 10:10:16,224 step=38740 train=1.72235 val=None lr=0.000118441
2026-10-02 10:10:18,693 step=38750 train=1.65121 val=None lr=0.000118376
2026-10-02 10:10:20,953 step=38760 train=1.67669 val=None lr=0.000118311
2026-10-02 10:10:23,195 step=38770 train=1.59946 val=None lr=0.000118246
2026-10-02 10:10:25,864 step=38780 train=1.47494 val=None lr=0.000118181
2026-10-02 10:10:28,246 step=38790 train=1.84228 val=None lr=0.000118116
2026-10-02 10:10:32,983 step=38800 train=1.66808 val=1.6735350131988525 lr=0.000118051
2026-10-02 10:10:35,356 step=38810 train=1.64370 val=None lr=0.000117986
2026-10-02 10:10:37,647 step=38820 train=1.70798 val=None lr=0.000117921
2026-10-02 10:10:39,946 step=38830 train=1.65963 val=None lr=0.000117856
2026-10-02 10:10:42,324 step=38840 train=1.55230 val=None lr=0.000117791
2026-10-02 10:10:44,771 step=38850 train=1.53536 val=None lr=0.000117727
2026-10-02 10:10:47,241 step=38860 train=1.74899 val=None lr=0.000117662
2026-10-02 10:10:49,843 step=38870 train=1.75140 val=None lr=0.000117597
2026-10-02 10:10:52,626 step=38880 train=1.45077 val=None lr=0.000117532
2026-10-02 10:10:54,948 step=38890 train=1.51459 val=None lr=0.000117467
2026-10-02 10:10:59,602 step=38900 train=1.72432 val=1.6729043900966645 lr=0.000117402
2026-10-02 10:11:02,142 step=38910 train=1.71790 val=None lr=0.000117338
2026-10-02 10:11:04,440 step=38920 train=1.47636 val=None lr=0.000117273
2026-10-02 10:11:06,770 step=38930 train=1.66655 val=None lr=0.000117208
2026-10-02 10:11:09,154 step=38940 train=1.80237 val=None lr=0.000117143
2026-10-02 10:11:11,366 step=38950 train=1.65665 val=None lr=0.000117079
2026-10-02 10:11:14,029 step=38960 train=2.10197 val=None lr=0.000117014
2026-10-02 10:11:16,370 step=38970 train=1.67570 val=None lr=0.000116949
2026-10-02 10:11:18,696 step=38980 train=1.90303 val=None lr=0.000116884
2026-10-02 10:11:21,168 step=38990 train=1.63223 val=None lr=0.00011682
2026-10-02 10:11:24,973 step=39000 train=1.68460 val=1.6748547196388244 lr=0.000116755
2026-10-02 10:11:29,549 step=39010 train=1.82625 val=None lr=0.00011669
2026-10-02 10:11:32,010 step=39020 train=1.80107 val=None lr=0.000116626
2026-10-02 10:11:34,431 step=39030 train=1.63623 val=None lr=0.000116561
2026-10-02 10:11:36,934 step=39040 train=1.95696 val=None lr=0.000116496
2026-10-02 10:11:39,297 step=39050 train=1.73602 val=None lr=0.000116432
2026-10-02 10:11:41,546 step=39060 train=1.72683 val=None lr=0.000116367
2026-10-02 10:11:43,841 step=39070 train=1.44081 val=None lr=0.000116303
2026-10-02 10:11:46,038 step=39080 train=1.59987 val=None lr=0.000116238
2026-10-02 10:11:48,316 step=39090 train=1.74269 val=None lr=0.000116174
2026-10-02 10:11:53,022 step=39100 train=2.11784 val=1.6715668976306914 lr=0.000116109
2026-10-02 10:11:55,313 step=39110 train=1.75968 val=None lr=0.000116044
2026-10-02 10:11:57,696 step=39120 train=1.80691 val=None lr=0.00011598
2026-10-02 10:12:00,145 step=39130 train=1.54520 val=None lr=0.000115915
2026-10-02 10:12:02,661 step=39140 train=1.51970 val=None lr=0.000115851
2026-10-02 10:12:05,126 step=39150 train=1.54666 val=None lr=0.000115786
2026-10-02 10:12:07,592 step=39160 train=1.45576 val=None lr=0.000115722
2026-10-02 10:12:10,130 step=39170 train=1.74802 val=None lr=0.000115657
2026-10-02 10:12:12,594 step=39180 train=1.49201 val=None lr=0.000115593
2026-10-02 10:12:15,002 step=39190 train=1.77125 val=None lr=0.000115529
2026-10-02 10:12:19,663 step=39200 train=1.70170 val=1.6697189271450044 lr=0.000115464
2026-10-02 10:12:22,163 step=39210 train=1.93797 val=None lr=0.0001154
2026-10-02 10:12:24,673 step=39220 train=1.90379 val=None lr=0.000115335
2026-10-02 10:12:27,045 step=39230 train=1.62348 val=None lr=0.000115271
2026-10-02 10:12:29,397 step=39240 train=1.52118 val=None lr=0.000115207
2026-10-02 10:12:31,609 step=39250 train=1.94140 val=None lr=0.000115142
2026-10-02 10:12:33,858 step=39260 train=1.82806 val=None lr=0.000115078
2026-10-02 10:12:36,108 step=39270 train=1.84509 val=None lr=0.000115014
2026-10-02 10:12:38,507 step=39280 train=1.86209 val=None lr=0.000114949
2026-10-02 10:12:40,970 step=39290 train=1.57754 val=None lr=0.000114885
2026-10-02 10:12:44,958 step=39300 train=1.82137 val=1.6724057495594025 lr=0.000114821
2026-10-02 10:12:47,292 step=39310 train=1.93895 val=None lr=0.000114756
2026-10-02 10:12:49,619 step=39320 train=1.71451 val=None lr=0.000114692
2026-10-02 10:12:51,876 step=39330 train=1.66554 val=None lr=0.000114628
2026-10-02 10:12:54,222 step=39340 train=1.73947 val=None lr=0.000114564
2026-10-02 10:12:56,523 step=39350 train=1.64814 val=None lr=0.000114499
2026-10-02 10:12:58,936 step=39360 train=1.71843 val=None lr=0.000114435
2026-10-02 10:13:01,353 step=39370 train=1.58461 val=None lr=0.000114371
2026-10-02 10:13:03,721 step=39380 train=2.22155 val=None lr=0.000114307
2026-10-02 10:13:06,045 step=39390 train=1.86678 val=None lr=0.000114243
2026-10-02 10:13:09,702 step=39400 train=1.43814 val=1.6721598267555238 lr=0.000114179
2026-10-02 10:13:12,117 step=39410 train=1.92209 val=None lr=0.000114114
2026-10-02 10:13:14,485 step=39420 train=1.61812 val=None lr=0.00011405
2026-10-02 10:13:16,721 step=39430 train=1.80051 val=None lr=0.000113986
2026-10-02 10:13:19,061 step=39440 train=1.66226 val=None lr=0.000113922
2026-10-02 10:13:21,438 step=39450 train=1.68164 val=None lr=0.000113858
2026-10-02 10:13:23,934 step=39460 train=1.65099 val=None lr=0.000113794
2026-10-02 10:13:26,385 step=39470 train=1.69854 val=None lr=0.00011373
2026-10-02 10:13:28,709 step=39480 train=1.61455 val=None lr=0.000113666
2026-10-02 10:13:31,106 step=39490 train=1.94725 val=None lr=0.000113602
2026-10-02 10:13:34,726 step=39500 train=1.68257 val=1.6707044780254363 lr=0.000113538
2026-10-02 10:13:39,132 step=39510 train=1.71252 val=None lr=0.000113474
2026-10-02 10:13:41,374 step=39520 train=1.75826 val=None lr=0.00011341
2026-10-02 10:13:43,627 step=39530 train=1.72312 val=None lr=0.000113346
2026-10-02 10:13:45,977 step=39540 train=1.64522 val=None lr=0.000113282
2026-10-02 10:13:48,707 step=39550 train=1.54059 val=None lr=0.000113218
2026-10-02 10:13:50,947 step=39560 train=1.57324 val=None lr=0.000113154
2026-10-02 10:13:53,241 step=39570 train=1.63799 val=None lr=0.00011309
2026-10-02 10:13:55,461 step=39580 train=1.69151 val=None lr=0.000113026
2026-10-02 10:13:57,751 step=39590 train=1.64083 val=None lr=0.000112962
2026-10-02 10:14:02,327 step=39600 train=1.63940 val=1.6685657441616057 lr=0.000112898
2026-10-02 10:14:04,583 step=39610 train=1.78732 val=None lr=0.000112834
2026-10-02 10:14:07,040 step=39620 train=1.57415 val=None lr=0.000112771
2026-10-02 10:14:09,476 step=39630 train=1.77435 val=None lr=0.000112707
2026-10-02 10:14:11,870 step=39640 train=1.56663 val=None lr=0.000112643
2026-10-02 10:14:14,098 step=39650 train=1.63032 val=None lr=0.000112579
2026-10-02 10:14:16,282 step=39660 train=1.70207 val=None lr=0.000112515
2026-10-02 10:14:18,761 step=39670 train=1.59359 val=None lr=0.000112451
2026-10-02 10:14:21,312 step=39680 train=1.64819 val=None lr=0.000112388
2026-10-02 10:14:23,810 step=39690 train=2.12704 val=None lr=0.000112324
2026-10-02 10:14:27,506 step=39700 train=1.71305 val=1.6698456048965453 lr=0.00011226
2026-10-02 10:14:29,772 step=39710 train=1.80517 val=None lr=0.000112196
2026-10-02 10:14:32,409 step=39720 train=1.67077 val=None lr=0.000112133
2026-10-02 10:14:34,799 step=39730 train=1.56172 val=None lr=0.000112069
2026-10-02 10:14:37,200 step=39740 train=1.70571 val=None lr=0.000112005
2026-10-02 10:14:39,581 step=39750 train=1.80348 val=None lr=0.000111942
2026-10-02 10:14:41,848 step=39760 train=1.92294 val=None lr=0.000111878
2026-10-02 10:14:44,316 step=39770 train=1.61843 val=None lr=0.000111814
2026-10-02 10:14:46,638 step=39780 train=1.70303 val=None lr=0.000111751
2026-10-02 10:14:49,055 step=39790 train=1.65828 val=None lr=0.000111687
2026-10-02 10:14:53,620 step=39800 train=1.54313 val=1.6673575162887573 lr=0.000111623
2026-10-02 10:14:56,076 step=39810 train=1.63986 val=None lr=0.00011156
2026-10-02 10:14:58,427 step=39820 train=1.69593 val=None lr=0.000111496
2026-10-02 10:15:00,781 step=39830 train=1.60102 val=None lr=0.000111433
2026-10-02 10:15:03,185 step=39840 train=1.67688 val=None lr=0.000111369
2026-10-02 10:15:05,769 step=39850 train=2.00584 val=None lr=0.000111306
2026-10-02 10:15:08,263 step=39860 train=1.82617 val=None lr=0.000111242
2026-10-02 10:15:10,634 step=39870 train=1.48706 val=None lr=0.000111179
2026-10-02 10:15:12,987 step=39880 train=1.61231 val=None lr=0.000111115
2026-10-02 10:15:15,531 step=39890 train=1.61037 val=None lr=0.000111052
2026-10-02 10:15:19,647 step=39900 train=1.58983 val=1.670184600353241 lr=0.000110988
2026-10-02 10:15:22,171 step=39910 train=1.66851 val=None lr=0.000110925
2026-10-02 10:15:24,625 step=39920 train=1.86039 val=None lr=0.000110861
2026-10-02 10:15:26,925 step=39930 train=1.38634 val=None lr=0.000110798
2026-10-02 10:15:29,322 step=39940 train=1.69571 val=None lr=0.000110734
2026-10-02 10:15:31,567 step=39950 train=1.83300 val=None lr=0.000110671
2026-10-02 10:15:33,950 step=39960 train=1.84830 val=None lr=0.000110608
2026-10-02 10:15:36,424 step=39970 train=1.76235 val=None lr=0.000110544
2026-10-02 10:15:38,870 step=39980 train=1.59671 val=None lr=0.000110481
2026-10-02 10:15:41,266 step=39990 train=1.66304 val=None lr=0.000110418
2026-10-02 10:15:45,278 step=40000 train=1.52938 val=1.6729920744895934 lr=0.000110354
2026-10-02 10:15:50,858 step=40010 train=1.60803 val=None lr=0.000110291
2026-10-02 10:15:53,325 step=40020 train=1.84535 val=None lr=0.000110228
2026-10-02 10:15:55,808 step=40030 train=1.79585 val=None lr=0.000110164
2026-10-02 10:15:58,161 step=40040 train=1.75921 val=None lr=0.000110101
2026-10-02 10:16:00,412 step=40050 train=1.66605 val=None lr=0.000110038
2026-10-02 10:16:02,665 step=40060 train=1.66396 val=None lr=0.000109975
2026-10-02 10:16:05,151 step=40070 train=1.71852 val=None lr=0.000109911
2026-10-02 10:16:07,600 step=40080 train=1.71818 val=None lr=0.000109848
2026-10-02 10:16:10,092 step=40090 train=1.52994 val=None lr=0.000109785
2026-10-02 10:16:13,790 step=40100 train=1.70020 val=1.6689862668514253 lr=0.000109722
2026-10-02 10:16:16,040 step=40110 train=2.27278 val=None lr=0.000109659
2026-10-02 10:16:18,468 step=40120 train=1.64049 val=None lr=0.000109595
2026-10-02 10:16:20,900 step=40130 train=1.82746 val=None lr=0.000109532
2026-10-02 10:16:23,423 step=40140 train=1.50061 val=None lr=0.000109469
2026-10-02 10:16:25,705 step=40150 train=1.69998 val=None lr=0.000109406
2026-10-02 10:16:27,993 step=40160 train=1.86366 val=None lr=0.000109343
2026-10-02 10:16:30,445 step=40170 train=1.57900 val=None lr=0.00010928
2026-10-02 10:16:32,661 step=40180 train=1.65778 val=None lr=0.000109217
2026-10-02 10:16:34,960 step=40190 train=1.79446 val=None lr=0.000109154
2026-10-02 10:16:38,614 step=40200 train=1.79872 val=1.6687092423439025 lr=0.000109091
2026-10-02 10:16:41,023 step=40210 train=1.73532 val=None lr=0.000109028
2026-10-02 10:16:43,449 step=40220 train=1.53026 val=None lr=0.000108965
2026-10-02 10:16:45,955 step=40230 train=1.52984 val=None lr=0.000108902
2026-10-02 10:16:48,539 step=40240 train=1.85883 val=None lr=0.000108839
2026-10-02 10:16:50,889 step=40250 train=1.61331 val=None lr=0.000108776
2026-10-02 10:16:53,196 step=40260 train=1.78488 val=None lr=0.000108713
2026-10-02 10:16:55,471 step=40270 train=1.51723 val=None lr=0.00010865
2026-10-02 10:16:57,665 step=40280 train=1.73522 val=None lr=0.000108587
2026-10-02 10:16:59,896 step=40290 train=1.54925 val=None lr=0.000108524
2026-10-02 10:17:04,460 step=40300 train=1.58161 val=1.6655488908290863 lr=0.000108461
2026-10-02 10:17:06,813 step=40310 train=1.74611 val=None lr=0.000108398
2026-10-02 10:17:09,236 step=40320 train=1.72242 val=None lr=0.000108336
2026-10-02 10:17:11,590 step=40330 train=1.68080 val=None lr=0.000108273
2026-10-02 10:17:14,039 step=40340 train=1.73716 val=None lr=0.00010821
2026-10-02 10:17:16,311 step=40350 train=1.65190 val=None lr=0.000108147
2026-10-02 10:17:18,583 step=40360 train=1.78204 val=None lr=0.000108084
2026-10-02 10:17:20,883 step=40370 train=1.75219 val=None lr=0.000108022
2026-10-02 10:17:23,215 step=40380 train=1.69239 val=None lr=0.000107959
2026-10-02 10:17:25,531 step=40390 train=1.64599 val=None lr=0.000107896
2026-10-02 10:17:29,049 step=40400 train=1.58675 val=1.6689300835132599 lr=0.000107833
2026-10-02 10:17:31,395 step=40410 train=1.51439 val=None lr=0.000107771
2026-10-02 10:17:33,772 step=40420 train=1.53798 val=None lr=0.000107708
2026-10-02 10:17:36,360 step=40430 train=1.89215 val=None lr=0.000107645
2026-10-02 10:17:38,764 step=40440 train=1.96777 val=None lr=0.000107582
2026-10-02 10:17:41,093 step=40450 train=1.79758 val=None lr=0.00010752
2026-10-02 10:17:43,448 step=40460 train=1.73240 val=None lr=0.000107457
2026-10-02 10:17:45,859 step=40470 train=1.82993 val=None lr=0.000107395
2026-10-02 10:17:48,284 step=40480 train=1.71569 val=None lr=0.000107332
2026-10-02 10:17:50,540 step=40490 train=1.65789 val=None lr=0.000107269
2026-10-02 10:17:55,314 step=40500 train=1.66498 val=1.6652543783187865 lr=0.000107207
2026-10-02 10:17:59,652 step=40510 train=1.63109 val=None lr=0.000107144
2026-10-02 10:18:02,024 step=40520 train=1.82250 val=None lr=0.000107082
2026-10-02 10:18:04,611 step=40530 train=1.71375 val=None lr=0.000107019
2026-10-02 10:18:07,013 step=40540 train=1.94099 val=None lr=0.000106957
2026-10-02 10:18:09,323 step=40550 train=1.85085 val=None lr=0.000106894
2026-10-02 10:18:11,646 step=40560 train=1.93422 val=None lr=0.000106832
2026-10-02 10:18:14,016 step=40570 train=1.70407 val=None lr=0.000106769
2026-10-02 10:18:16,572 step=40580 train=1.61681 val=None lr=0.000106707
2026-10-02 10:18:18,943 step=40590 train=1.82956 val=None lr=0.000106644
2026-10-02 10:18:22,578 step=40600 train=2.10013 val=1.6654622495174407 lr=0.000106582
2026-10-02 10:18:25,153 step=40610 train=1.73588 val=None lr=0.000106519
2026-10-02 10:18:27,337 step=40620 train=1.38011 val=None lr=0.000106457
2026-10-02 10:18:29,692 step=40630 train=1.84096 val=None lr=0.000106395
2026-10-02 10:18:32,043 step=40640 train=1.71834 val=None lr=0.000106332
2026-10-02 10:18:34,498 step=40650 train=1.49940 val=None lr=0.00010627
2026-10-02 10:18:36,769 step=40660 train=1.76603 val=None lr=0.000106207
2026-10-02 10:18:39,011 step=40670 train=1.78394 val=None lr=0.000106145
2026-10-02 10:18:41,562 step=40680 train=1.76635 val=None lr=0.000106083
2026-10-02 10:18:44,036 step=40690 train=1.70128 val=None lr=0.000106021
2026-10-02 10:18:49,204 step=40700 train=1.65238 val=1.6618841171264649 lr=0.000105958
2026-10-02 10:18:51,541 step=40710 train=1.73452 val=None lr=0.000105896
2026-10-02 10:18:53,844 step=40720 train=1.59868 val=None lr=0.000105834
2026-10-02 10:18:56,279 step=40730 train=1.91895 val=None lr=0.000105771
2026-10-02 10:18:58,911 step=40740 train=1.56058 val=None lr=0.000105709
2026-10-02 10:19:01,284 step=40750 train=1.50642 val=None lr=0.000105647
2026-10-02 10:19:03,659 step=40760 train=1.71190 val=None lr=0.000105585
2026-10-02 10:19:05,961 step=40770 train=1.54537 val=None lr=0.000105523
2026-10-02 10:19:08,463 step=40780 train=1.99837 val=None lr=0.000105461
2026-10-02 10:19:10,786 step=40790 train=1.58356 val=None lr=0.000105398
2026-10-02 10:19:14,387 step=40800 train=1.75644 val=1.6632353723049165 lr=0.000105336
2026-10-02 10:19:16,618 step=40810 train=1.65359 val=None lr=0.000105274
2026-10-02 10:19:19,157 step=40820 train=1.69809 val=None lr=0.000105212
2026-10-02 10:19:21,488 step=40830 train=1.71371 val=None lr=0.00010515
2026-10-02 10:19:23,841 step=40840 train=1.43171 val=None lr=0.000105088
2026-10-02 10:19:26,538 step=40850 train=1.85259 val=None lr=0.000105026
2026-10-02 10:19:29,016 step=40860 train=1.49363 val=None lr=0.000104964
2026-10-02 10:19:31,499 step=40870 train=1.59546 val=None lr=0.000104902
2026-10-02 10:19:33,917 step=40880 train=1.54319 val=None lr=0.00010484
2026-10-02 10:19:36,219 step=40890 train=1.67910 val=None lr=0.000104778
2026-10-02 10:19:40,050 step=40900 train=1.77491 val=1.663726019859314 lr=0.000104716
2026-10-02 10:19:42,380 step=40910 train=1.89938 val=None lr=0.000104654
2026-10-02 10:19:44,819 step=40920 train=1.74907 val=None lr=0.000104592
2026-10-02 10:19:47,254 step=40930 train=1.73662 val=None lr=0.00010453
2026-10-02 10:19:49,522 step=40940 train=1.86901 val=None lr=0.000104468
2026-10-02 10:19:51,852 step=40950 train=1.52756 val=None lr=0.000104406
2026-10-02 10:19:54,110 step=40960 train=1.98435 val=None lr=0.000104345
2026-10-02 10:19:56,543 step=40970 train=1.67817 val=None lr=0.000104283
2026-10-02 10:19:58,803 step=40980 train=1.66274 val=None lr=0.000104221
2026-10-02 10:20:01,157 step=40990 train=1.59451 val=None lr=0.000104159
2026-10-02 10:20:05,032 step=41000 train=1.69778 val=1.6651249945163726 lr=0.000104097
2026-10-02 10:20:09,917 step=41010 train=1.69382 val=None lr=0.000104035
2026-10-02 10:20:12,244 step=41020 train=1.74707 val=None lr=0.000103974
2026-10-02 10:20:14,648 step=41030 train=1.70872 val=None lr=0.000103912
2026-10-02 10:20:16,908 step=41040 train=1.58931 val=None lr=0.00010385
2026-10-02 10:20:19,356 step=41050 train=1.90752 val=None lr=0.000103788
2026-10-02 10:20:21,746 step=41060 train=1.60136 val=None lr=0.000103727
2026-10-02 10:20:24,067 step=41070 train=1.51873 val=None lr=0.000103665
2026-10-02 10:20:26,529 step=41080 train=1.95085 val=None lr=0.000103603
2026-10-02 10:20:28,906 step=41090 train=1.86876 val=None lr=0.000103542
2026-10-02 10:20:32,744 step=41100 train=1.84201 val=1.6651072382926941 lr=0.00010348
2026-10-02 10:20:35,138 step=41110 train=1.75277 val=None lr=0.000103418
2026-10-02 10:20:37,734 step=41120 train=1.48325 val=None lr=0.000103357
2026-10-02 10:20:40,267 step=41130 train=1.56686 val=None lr=0.000103295
2026-10-02 10:20:42,556 step=41140 train=1.80301 val=None lr=0.000103234
2026-10-02 10:20:44,973 step=41150 train=1.89049 val=None lr=0.000103172
2026-10-02 10:20:47,314 step=41160 train=1.87654 val=None lr=0.000103111
2026-10-02 10:20:49,772 step=41170 train=1.77190 val=None lr=0.000103049
2026-10-02 10:20:52,201 step=41180 train=1.84583 val=None lr=0.000102987
2026-10-02 10:20:54,626 step=41190 train=1.51378 val=None lr=0.000102926
2026-10-02 10:20:58,201 step=41200 train=1.56809 val=1.6641634821891784 lr=0.000102864
2026-10-02 10:21:00,604 step=41210 train=1.58503 val=None lr=0.000102803
2026-10-02 10:21:02,860 step=41220 train=1.51685 val=None lr=0.000102742
2026-10-02 10:21:05,264 step=41230 train=1.67893 val=None lr=0.00010268
2026-10-02 10:21:07,567 step=41240 train=1.88675 val=None lr=0.000102619
2026-10-02 10:21:09,891 step=41250 train=1.62076 val=None lr=0.000102557
2026-10-02 10:21:12,250 step=41260 train=1.52070 val=None lr=0.000102496
2026-10-02 10:21:14,502 step=41270 train=1.48570 val=None lr=0.000102435
2026-10-02 10:21:16,776 step=41280 train=1.79900 val=None lr=0.000102373
2026-10-02 10:21:19,078 step=41290 train=1.73139 val=None lr=0.000102312
2026-10-02 10:21:23,633 step=41300 train=1.51091 val=1.6608633637428283 lr=0.000102251
2026-10-02 10:21:26,018 step=41310 train=1.54099 val=None lr=0.000102189
2026-10-02 10:21:28,371 step=41320 train=1.94255 val=None lr=0.000102128
2026-10-02 10:21:30,883 step=41330 train=1.82982 val=None lr=0.000102067
2026-10-02 10:21:33,136 step=41340 train=1.66090 val=None lr=0.000102005
2026-10-02 10:21:35,535 step=41350 train=1.82254 val=None lr=0.000101944
2026-10-02 10:21:37,755 step=41360 train=1.62675 val=None lr=0.000101883
2026-10-02 10:21:40,091 step=41370 train=1.68547 val=None lr=0.000101822
2026-10-02 10:21:42,279 step=41380 train=1.66156 val=None lr=0.000101761
2026-10-02 10:21:44,535 step=41390 train=1.73349 val=None lr=0.000101699
2026-10-02 10:21:49,147 step=41400 train=1.70911 val=1.6591700673103333 lr=0.000101638
2026-10-02 10:21:51,563 step=41410 train=1.76465 val=None lr=0.000101577
2026-10-02 10:21:53,979 step=41420 train=1.72544 val=None lr=0.000101516
2026-10-02 10:21:56,679 step=41430 train=1.59134 val=None lr=0.000101455
2026-10-02 10:21:59,091 step=41440 train=1.63850 val=None lr=0.000101394
2026-10-02 10:22:01,420 step=41450 train=1.70617 val=None lr=0.000101333
2026-10-02 10:22:04,159 step=41460 train=1.79616 val=None lr=0.000101272
2026-10-02 10:22:06,448 step=41470 train=1.91359 val=None lr=0.000101211
2026-10-02 10:22:08,694 step=41480 train=1.62863 val=None lr=0.00010115
2026-10-02 10:22:11,063 step=41490 train=1.85364 val=None lr=0.000101089
2026-10-02 10:22:15,575 step=41500 train=1.72174 val=1.6585217118263245 lr=0.000101028
2026-10-02 10:22:20,629 step=41510 train=1.94421 val=None lr=0.000100967
2026-10-02 10:22:23,065 step=41520 train=1.66787 val=None lr=0.000100906
2026-10-02 10:22:25,389 step=41530 train=1.52540 val=None lr=0.000100845
2026-10-02 10:22:27,607 step=41540 train=1.67292 val=None lr=0.000100784
2026-10-02 10:22:30,086 step=41550 train=1.49968 val=None lr=0.000100723
2026-10-02 10:22:32,488 step=41560 train=1.59944 val=None lr=0.000100662
2026-10-02 10:22:34,901 step=41570 train=1.40442 val=None lr=0.000100601
2026-10-02 10:22:37,250 step=41580 train=1.86299 val=None lr=0.00010054
2026-10-02 10:22:39,615 step=41590 train=1.67375 val=None lr=0.00010048
2026-10-02 10:22:44,047 step=41600 train=1.64329 val=1.6559605181217194 lr=0.000100419
2026-10-02 10:22:46,522 step=41610 train=1.80328 val=None lr=0.000100358
2026-10-02 10:22:48,779 step=41620 train=1.76955 val=None lr=0.000100297
2026-10-02 10:22:51,145 step=41630 train=1.82638 val=None lr=0.000100236
2026-10-02 10:22:53,387 step=41640 train=1.84196 val=None lr=0.000100176
2026-10-02 10:22:55,665 step=41650 train=1.72715 val=None lr=0.000100115
2026-10-02 10:22:57,937 step=41660 train=1.64132 val=None lr=0.000100054
2026-10-02 10:23:00,175 step=41670 train=1.58742 val=None lr=9.99936e-05
2026-10-02 10:23:02,399 step=41680 train=1.82096 val=None lr=9.99329e-05
2026-10-02 10:23:04,602 step=41690 train=1.42011 val=None lr=9.98723e-05
2026-10-02 10:23:09,171 step=41700 train=1.85389 val=1.6559484541416167 lr=9.98116e-05
2026-10-02 10:23:11,453 step=41710 train=1.49778 val=None lr=9.9751e-05
2026-10-02 10:23:13,734 step=41720 train=1.69614 val=None lr=9.96904e-05
2026-10-02 10:23:15,970 step=41730 train=1.62111 val=None lr=9.96298e-05
2026-10-02 10:23:18,193 step=41740 train=1.56001 val=None lr=9.95692e-05
2026-10-02 10:23:20,423 step=41750 train=1.77637 val=None lr=9.95086e-05
2026-10-02 10:23:22,677 step=41760 train=1.64372 val=None lr=9.94481e-05
2026-10-02 10:23:24,875 step=41770 train=1.72664 val=None lr=9.93876e-05
2026-10-02 10:23:27,382 step=41780 train=1.86342 val=None lr=9.93271e-05
2026-10-02 10:23:29,840 step=41790 train=1.55041 val=None lr=9.92666e-05
2026-10-02 10:23:33,443 step=41800 train=1.78775 val=1.6572239875793457 lr=9.92061e-05
2026-10-02 10:23:35,775 step=41810 train=1.42358 val=None lr=9.91457e-05
2026-10-02 10:23:38,290 step=41820 train=1.56977 val=None lr=9.90852e-05
2026-10-02 10:23:40,804 step=41830 train=1.68011 val=None lr=9.90248e-05
2026-10-02 10:23:43,264 step=41840 train=1.85826 val=None lr=9.89644e-05
2026-10-02 10:23:45,711 step=41850 train=1.71850 val=None lr=9.8904e-05
2026-10-02 10:23:48,057 step=41860 train=1.66430 val=None lr=9.88436e-05
2026-10-02 10:23:50,321 step=41870 train=1.59346 val=None lr=9.87833e-05
2026-10-02 10:23:52,707 step=41880 train=1.52435 val=None lr=9.8723e-05
2026-10-02 10:23:55,095 step=41890 train=1.72326 val=None lr=9.86627e-05
2026-10-02 10:23:59,726 step=41900 train=1.57186 val=1.6552244961261748 lr=9.86024e-05
2026-10-02 10:24:02,200 step=41910 train=1.95008 val=None lr=9.85421e-05
2026-10-02 10:24:04,503 step=41920 train=1.81954 val=None lr=9.84818e-05
2026-10-02 10:24:07,067 step=41930 train=1.64004 val=None lr=9.84216e-05
2026-10-02 10:24:09,596 step=41940 train=1.66244 val=None lr=9.83613e-05
2026-10-02 10:24:11,896 step=41950 train=1.56551 val=None lr=9.83011e-05
2026-10-02 10:24:14,116 step=41960 train=1.61211 val=None lr=9.82409e-05
2026-10-02 10:24:16,671 step=41970 train=1.61930 val=None lr=9.81808e-05
2026-10-02 10:24:19,087 step=41980 train=1.65326 val=None lr=9.81206e-05
2026-10-02 10:24:21,670 step=41990 train=1.63238 val=None lr=9.80605e-05
2026-10-02 10:24:25,326 step=42000 train=2.09375 val=1.6593508958816527 lr=9.80003e-05
2026-10-02 10:24:29,735 step=42010 train=1.58072 val=None lr=9.79402e-05
2026-10-02 10:24:32,248 step=42020 train=1.55630 val=None lr=9.78801e-05
2026-10-02 10:24:34,594 step=42030 train=1.73219 val=None lr=9.78201e-05
2026-10-02 10:24:37,131 step=42040 train=1.60613 val=None lr=9.776e-05
2026-10-02 10:24:39,574 step=42050 train=1.61122 val=None lr=9.77e-05
2026-10-02 10:24:42,137 step=42060 train=1.83919 val=None lr=9.764e-05
2026-10-02 10:24:44,554 step=42070 train=1.36644 val=None lr=9.758e-05
2026-10-02 10:24:46,913 step=42080 train=1.87052 val=None lr=9.752e-05
2026-10-02 10:24:49,266 step=42090 train=1.76572 val=None lr=9.746e-05
2026-10-02 10:24:52,865 step=42100 train=1.69241 val=1.656845211982727 lr=9.74001e-05
2026-10-02 10:24:55,256 step=42110 train=1.62966 val=None lr=9.73402e-05
2026-10-02 10:24:57,605 step=42120 train=1.78109 val=None lr=9.72802e-05
2026-10-02 10:25:00,059 step=42130 train=2.02071 val=None lr=9.72204e-05
2026-10-02 10:25:02,301 step=42140 train=1.69418 val=None lr=9.71605e-05
2026-10-02 10:25:04,639 step=42150 train=1.52000 val=None lr=9.71006e-05
2026-10-02 10:25:06,985 step=42160 train=1.58086 val=None lr=9.70408e-05
2026-10-02 10:25:09,220 step=42170 train=1.91122 val=None lr=9.6981e-05
2026-10-02 10:25:11,537 step=42180 train=1.65229 val=None lr=9.69212e-05
2026-10-02 10:25:13,757 step=42190 train=1.73739 val=None lr=9.68614e-05
2026-10-02 10:25:18,337 step=42200 train=1.72237 val=1.6550030171871186 lr=9.68016e-05
2026-10-02 10:25:20,876 step=42210 train=1.51503 val=None lr=9.67419e-05
2026-10-02 10:25:23,283 step=42220 train=1.68160 val=None lr=9.66821e-05
2026-10-02 10:25:25,556 step=42230 train=1.56549 val=None lr=9.66224e-05
2026-10-02 10:25:27,954 step=42240 train=1.49031 val=None lr=9.65627e-05
2026-10-02 10:25:30,274 step=42250 train=1.62764 val=None lr=9.6503e-05
2026-10-02 10:25:32,499 step=42260 train=1.66503 val=None lr=9.64434e-05
2026-10-02 10:25:34,802 step=42270 train=1.48965 val=None lr=9.63837e-05
2026-10-02 10:25:37,074 step=42280 train=1.67165 val=None lr=9.63241e-05
2026-10-02 10:25:39,418 step=42290 train=1.86755 val=None lr=9.62645e-05
2026-10-02 10:25:43,910 step=42300 train=1.75467 val=1.6530962228775024 lr=9.62049e-05
2026-10-02 10:25:46,276 step=42310 train=1.69851 val=None lr=9.61454e-05
2026-10-02 10:25:48,525 step=42320 train=1.79080 val=None lr=9.60858e-05
2026-10-02 10:25:50,880 step=42330 train=1.54913 val=None lr=9.60263e-05
2026-10-02 10:25:53,163 step=42340 train=1.76360 val=None lr=9.59668e-05
2026-10-02 10:25:55,399 step=42350 train=1.77804 val=None lr=9.59073e-05
2026-10-02 10:25:57,673 step=42360 train=1.73933 val=None lr=9.58478e-05
2026-10-02 10:26:00,085 step=42370 train=1.74132 val=None lr=9.57883e-05
2026-10-02 10:26:02,651 step=42380 train=1.66530 val=None lr=9.57289e-05
2026-10-02 10:26:05,067 step=42390 train=1.61146 val=None lr=9.56695e-05
2026-10-02 10:26:08,687 step=42400 train=1.76576 val=1.6536509215831756 lr=9.56101e-05
2026-10-02 10:26:11,191 step=42410 train=1.58244 val=None lr=9.55507e-05
2026-10-02 10:26:13,600 step=42420 train=1.34201 val=None lr=9.54913e-05
2026-10-02 10:26:15,995 step=42430 train=1.56547 val=None lr=9.54319e-05
2026-10-02 10:26:18,236 step=42440 train=1.97097 val=None lr=9.53726e-05
2026-10-02 10:26:20,484 step=42450 train=1.63431 val=None lr=9.53133e-05
2026-10-02 10:26:22,976 step=42460 train=1.73438 val=None lr=9.5254e-05
2026-10-02 10:26:25,374 step=42470 train=1.55056 val=None lr=9.51947e-05
2026-10-02 10:26:27,604 step=42480 train=1.74709 val=None lr=9.51355e-05
2026-10-02 10:26:30,036 step=42490 train=1.68494 val=None lr=9.50762e-05
2026-10-02 10:26:34,590 step=42500 train=1.77549 val=1.6522136270999908 lr=9.5017e-05
2026-10-02 10:26:39,427 step=42510 train=1.90622 val=None lr=9.49578e-05
2026-10-02 10:26:41,811 step=42520 train=1.60288 val=None lr=9.48986e-05
2026-10-02 10:26:44,050 step=42530 train=1.85661 val=None lr=9.48394e-05
2026-10-02 10:26:46,307 step=42540 train=1.51535 val=None lr=9.47803e-05
2026-10-02 10:26:48,998 step=42550 train=1.90794 val=None lr=9.47212e-05
2026-10-02 10:26:51,538 step=42560 train=1.65675 val=None lr=9.46621e-05
2026-10-02 10:26:53,964 step=42570 train=1.68328 val=None lr=9.4603e-05
2026-10-02 10:26:56,298 step=42580 train=1.62706 val=None lr=9.45439e-05
2026-10-02 10:26:58,719 step=42590 train=1.88921 val=None lr=9.44848e-05
2026-10-02 10:27:03,291 step=42600 train=1.54553 val=1.6519465923309327 lr=9.44258e-05
2026-10-02 10:27:05,720 step=42610 train=1.89678 val=None lr=9.43668e-05
2026-10-02 10:27:07,982 step=42620 train=1.46505 val=None lr=9.43078e-05
2026-10-02 10:27:10,199 step=42630 train=1.82404 val=None lr=9.42488e-05
2026-10-02 10:27:12,809 step=42640 train=1.40497 val=None lr=9.41898e-05
2026-10-02 10:27:15,103 step=42650 train=1.65656 val=None lr=9.41309e-05
2026-10-02 10:27:17,399 step=42660 train=1.68412 val=None lr=9.4072e-05
2026-10-02 10:27:19,783 step=42670 train=1.55970 val=None lr=9.40131e-05
2026-10-02 10:27:21,999 step=42680 train=1.98987 val=None lr=9.39542e-05
2026-10-02 10:27:24,299 step=42690 train=1.75800 val=None lr=9.38953e-05
2026-10-02 10:27:28,756 step=42700 train=1.85273 val=1.650950425863266 lr=9.38364e-05
2026-10-02 10:27:31,192 step=42710 train=1.62695 val=None lr=9.37776e-05
2026-10-02 10:27:33,727 step=42720 train=1.61075 val=None lr=9.37188e-05
2026-10-02 10:27:36,060 step=42730 train=1.94665 val=None lr=9.366e-05
2026-10-02 10:27:38,342 step=42740 train=1.42362 val=None lr=9.36012e-05
2026-10-02 10:27:40,745 step=42750 train=1.71081 val=None lr=9.35425e-05
2026-10-02 10:27:43,127 step=42760 train=1.81314 val=None lr=9.34837e-05
2026-10-02 10:27:45,359 step=42770 train=1.82816 val=None lr=9.3425e-05
2026-10-02 10:27:47,640 step=42780 train=1.62790 val=None lr=9.33663e-05
2026-10-02 10:27:50,031 step=42790 train=1.64951 val=None lr=9.33076e-05
2026-10-02 10:27:53,646 step=42800 train=1.76847 val=1.651894313097 lr=9.3249e-05
2026-10-02 10:27:55,924 step=42810 train=1.67072 val=None lr=9.31903e-05
2026-10-02 10:27:58,141 step=42820 train=1.69002 val=None lr=9.31317e-05
2026-10-02 10:28:00,726 step=42830 train=1.74675 val=None lr=9.30731e-05
2026-10-02 10:28:02,931 step=42840 train=1.56379 val=None lr=9.30145e-05
2026-10-02 10:28:05,327 step=42850 train=1.68978 val=None lr=9.29559e-05
2026-10-02 10:28:07,781 step=42860 train=1.57722 val=None lr=9.28974e-05
2026-10-02 10:28:10,219 step=42870 train=1.79352 val=None lr=9.28389e-05
2026-10-02 10:28:12,592 step=42880 train=1.68631 val=None lr=9.27803e-05
2026-10-02 10:28:15,022 step=42890 train=1.69276 val=None lr=9.27219e-05
2026-10-02 10:28:19,342 step=42900 train=1.83635 val=1.6474554896354676 lr=9.26634e-05
2026-10-02 10:28:21,638 step=42910 train=1.58020 val=None lr=9.26049e-05
2026-10-02 10:28:23,850 step=42920 train=1.98646 val=None lr=9.25465e-05
2026-10-02 10:28:26,227 step=42930 train=1.72969 val=None lr=9.24881e-05
2026-10-02 10:28:28,463 step=42940 train=1.68105 val=None lr=9.24297e-05
2026-10-02 10:28:30,713 step=42950 train=1.41984 val=None lr=9.23713e-05
2026-10-02 10:28:33,149 step=42960 train=1.73331 val=None lr=9.23129e-05
2026-10-02 10:28:35,368 step=42970 train=2.03649 val=None lr=9.22546e-05
2026-10-02 10:28:37,846 step=42980 train=1.72087 val=None lr=9.21963e-05
2026-10-02 10:28:40,151 step=42990 train=1.64312 val=None lr=9.2138e-05
2026-10-02 10:28:43,904 step=43000 train=1.45304 val=1.6496048092842102 lr=9.20797e-05
2026-10-02 10:28:48,389 step=43010 train=1.63449 val=None lr=9.20214e-05
2026-10-02 10:28:50,835 step=43020 train=1.74629 val=None lr=9.19632e-05
2026-10-02 10:28:53,370 step=43030 train=1.81264 val=None lr=9.1905e-05
2026-10-02 10:28:55,843 step=43040 train=1.82221 val=None lr=9.18468e-05
2026-10-02 10:28:58,706 step=43050 train=1.67584 val=None lr=9.17886e-05
2026-10-02 10:29:01,055 step=43060 train=1.81709 val=None lr=9.17304e-05
2026-10-02 10:29:03,444 step=43070 train=1.76215 val=None lr=9.16723e-05
2026-10-02 10:29:05,888 step=43080 train=1.95472 val=None lr=9.16141e-05
2026-10-02 10:29:08,174 step=43090 train=1.58617 val=None lr=9.1556e-05
2026-10-02 10:29:12,249 step=43100 train=1.59909 val=1.6475911676883697 lr=9.14979e-05
2026-10-02 10:29:14,663 step=43110 train=1.78455 val=None lr=9.14399e-05
2026-10-02 10:29:17,027 step=43120 train=1.64991 val=None lr=9.13818e-05
2026-10-02 10:29:19,403 step=43130 train=1.43582 val=None lr=9.13238e-05
2026-10-02 10:29:21,745 step=43140 train=1.36464 val=None lr=9.12658e-05
2026-10-02 10:29:24,113 step=43150 train=1.58576 val=None lr=9.12078e-05
2026-10-02 10:29:26,459 step=43160 train=1.67185 val=None lr=9.11498e-05
2026-10-02 10:29:28,850 step=43170 train=1.53079 val=None lr=9.10918e-05
2026-10-02 10:29:31,399 step=43180 train=1.89488 val=None lr=9.10339e-05
2026-10-02 10:29:33,767 step=43190 train=1.81920 val=None lr=9.0976e-05
2026-10-02 10:29:37,338 step=43200 train=1.76781 val=1.6483289361000062 lr=9.09181e-05
2026-10-02 10:29:39,650 step=43210 train=1.86476 val=None lr=9.08602e-05
2026-10-02 10:29:42,023 step=43220 train=1.85568 val=None lr=9.08024e-05
2026-10-02 10:29:44,321 step=43230 train=1.94430 val=None lr=9.07445e-05
2026-10-02 10:29:46,688 step=43240 train=1.61594 val=None lr=9.06867e-05
2026-10-02 10:29:49,219 step=43250 train=1.62645 val=None lr=9.06289e-05
2026-10-02 10:29:51,650 step=43260 train=1.71885 val=None lr=9.05711e-05
2026-10-02 10:29:54,168 step=43270 train=1.52394 val=None lr=9.05134e-05
2026-10-02 10:29:56,662 step=43280 train=1.76089 val=None lr=9.04556e-05
2026-10-02 10:29:59,271 step=43290 train=1.68944 val=None lr=9.03979e-05
2026-10-02 10:30:03,066 step=43300 train=1.63508 val=1.6500007510185242 lr=9.03402e-05
2026-10-02 10:30:05,390 step=43310 train=1.73652 val=None lr=9.02825e-05
2026-10-02 10:30:07,924 step=43320 train=1.75092 val=None lr=9.02249e-05
2026-10-02 10:30:10,194 step=43330 train=1.59273 val=None lr=9.01672e-05
2026-10-02 10:30:12,551 step=43340 train=1.40285 val=None lr=9.01096e-05
2026-10-02 10:30:15,084 step=43350 train=1.70519 val=None lr=9.0052e-05
2026-10-02 10:30:17,592 step=43360 train=1.55764 val=None lr=8.99944e-05
2026-10-02 10:30:20,061 step=43370 train=1.58926 val=None lr=8.99369e-05
2026-10-02 10:30:22,309 step=43380 train=1.65223 val=None lr=8.98793e-05
2026-10-02 10:30:24,561 step=43390 train=1.70583 val=None lr=8.98218e-05
2026-10-02 10:30:29,155 step=43400 train=1.51675 val=1.6470153510570527 lr=8.97643e-05
2026-10-02 10:30:31,430 step=43410 train=1.70415 val=None lr=8.97068e-05
2026-10-02 10:30:33,780 step=43420 train=1.87924 val=None lr=8.96493e-05
2026-10-02 10:30:36,257 step=43430 train=2.00303 val=None lr=8.95919e-05
2026-10-02 10:30:38,663 step=43440 train=1.69173 val=None lr=8.95345e-05
2026-10-02 10:30:40,983 step=43450 train=1.65623 val=None lr=8.94771e-05
2026-10-02 10:30:43,780 step=43460 train=1.56569 val=None lr=8.94197e-05
2026-10-02 10:30:46,172 step=43470 train=1.49387 val=None lr=8.93623e-05
2026-10-02 10:30:48,569 step=43480 train=1.88310 val=None lr=8.9305e-05
2026-10-02 10:30:51,079 step=43490 train=1.84052 val=None lr=8.92477e-05
2026-10-02 10:30:54,660 step=43500 train=1.54647 val=1.6487146854400634 lr=8.91903e-05
2026-10-02 10:30:59,119 step=43510 train=1.65788 val=None lr=8.91331e-05
2026-10-02 10:31:01,388 step=43520 train=1.71249 val=None lr=8.90758e-05
2026-10-02 10:31:03,655 step=43530 train=1.56655 val=None lr=8.90186e-05
2026-10-02 10:31:05,894 step=43540 train=1.69186 val=None lr=8.89613e-05
2026-10-02 10:31:08,183 step=43550 train=1.65656 val=None lr=8.89041e-05
2026-10-02 10:31:10,571 step=43560 train=1.57475 val=None lr=8.88469e-05
2026-10-02 10:31:13,017 step=43570 train=1.71346 val=None lr=8.87898e-05
2026-10-02 10:31:15,375 step=43580 train=1.66319 val=None lr=8.87326e-05
2026-10-02 10:31:17,858 step=43590 train=1.88382 val=None lr=8.86755e-05
2026-10-02 10:31:21,495 step=43600 train=1.86872 val=1.6486914336681366 lr=8.86184e-05
2026-10-02 10:31:23,932 step=43610 train=1.82952 val=None lr=8.85613e-05
2026-10-02 10:31:26,181 step=43620 train=1.45888 val=None lr=8.85043e-05
2026-10-02 10:31:28,572 step=43630 train=1.83127 val=None lr=8.84472e-05
2026-10-02 10:31:31,090 step=43640 train=1.55285 val=None lr=8.83902e-05
2026-10-02 10:31:33,310 step=43650 train=1.74477 val=None lr=8.83332e-05
2026-10-02 10:31:35,781 step=43660 train=1.47242 val=None lr=8.82762e-05
2026-10-02 10:31:38,157 step=43670 train=1.79713 val=None lr=8.82192e-05
2026-10-02 10:31:40,472 step=43680 train=1.70151 val=None lr=8.81623e-05
2026-10-02 10:31:42,856 step=43690 train=1.79576 val=None lr=8.81054e-05
2026-10-02 10:31:47,505 step=43700 train=1.63602 val=1.6444219052791595 lr=8.80485e-05
2026-10-02 10:31:49,781 step=43710 train=1.73034 val=None lr=8.79916e-05
2026-10-02 10:31:52,284 step=43720 train=1.53263 val=None lr=8.79347e-05
2026-10-02 10:31:54,600 step=43730 train=1.63298 val=None lr=8.78779e-05
2026-10-02 10:31:56,903 step=43740 train=1.64642 val=None lr=8.78211e-05
2026-10-02 10:31:59,150 step=43750 train=1.43483 val=None lr=8.77643e-05
2026-10-02 10:32:01,572 step=43760 train=1.59846 val=None lr=8.77075e-05
2026-10-02 10:32:03,782 step=43770 train=1.59642 val=None lr=8.76507e-05
2026-10-02 10:32:05,995 step=43780 train=1.84823 val=None lr=8.7594e-05
2026-10-02 10:32:08,254 step=43790 train=1.72360 val=None lr=8.75372e-05
2026-10-02 10:32:12,755 step=43800 train=1.69211 val=1.6438970983028411 lr=8.74805e-05
2026-10-02 10:32:15,221 step=43810 train=1.70105 val=None lr=8.74239e-05
2026-10-02 10:32:17,534 step=43820 train=1.34528 val=None lr=8.73672e-05
2026-10-02 10:32:19,755 step=43830 train=1.74010 val=None lr=8.73106e-05
2026-10-02 10:32:22,114 step=43840 train=1.63962 val=None lr=8.7254e-05
2026-10-02 10:32:24,416 step=43850 train=1.58646 val=None lr=8.71974e-05
2026-10-02 10:32:26,889 step=43860 train=1.47983 val=None lr=8.71408e-05
2026-10-02 10:32:29,156 step=43870 train=1.45728 val=None lr=8.70842e-05
2026-10-02 10:32:31,566 step=43880 train=1.69835 val=None lr=8.70277e-05
2026-10-02 10:32:33,831 step=43890 train=1.63694 val=None lr=8.69712e-05
2026-10-02 10:32:38,385 step=43900 train=1.72356 val=1.6424485802650453 lr=8.69147e-05
2026-10-02 10:32:40,844 step=43910 train=1.48103 val=None lr=8.68582e-05
2026-10-02 10:32:43,169 step=43920 train=1.60056 val=None lr=8.68017e-05
2026-10-02 10:32:45,403 step=43930 train=1.69545 val=None lr=8.67453e-05
2026-10-02 10:32:47,648 step=43940 train=1.55276 val=None lr=8.66889e-05
2026-10-02 10:32:49,868 step=43950 train=1.62776 val=None lr=8.66325e-05
2026-10-02 10:32:52,073 step=43960 train=1.78920 val=None lr=8.65761e-05
2026-10-02 10:32:54,355 step=43970 train=1.62221 val=None lr=8.65198e-05
2026-10-02 10:32:56,728 step=43980 train=1.83775 val=None lr=8.64635e-05
2026-10-02 10:32:59,175 step=43990 train=1.86524 val=None lr=8.64071e-05
2026-10-02 10:33:02,927 step=44000 train=1.51655 val=1.6441663682460785 lr=8.63509e-05
2026-10-02 10:33:07,330 step=44010 train=1.63643 val=None lr=8.62946e-05
2026-10-02 10:33:09,713 step=44020 train=1.59148 val=None lr=8.62383e-05
2026-10-02 10:33:12,141 step=44030 train=1.59419 val=None lr=8.61821e-05
2026-10-02 10:33:14,766 step=44040 train=1.46969 val=None lr=8.61259e-05
2026-10-02 10:33:17,183 step=44050 train=1.51645 val=None lr=8.60697e-05
2026-10-02 10:33:19,573 step=44060 train=1.72044 val=None lr=8.60136e-05
2026-10-02 10:33:21,796 step=44070 train=1.51173 val=None lr=8.59574e-05
2026-10-02 10:33:24,074 step=44080 train=1.53567 val=None lr=8.59013e-05
2026-10-02 10:33:26,440 step=44090 train=1.58143 val=None lr=8.58452e-05
2026-10-02 10:33:30,114 step=44100 train=1.59919 val=1.6445788443088531 lr=8.57891e-05
2026-10-02 10:33:32,475 step=44110 train=1.47048 val=None lr=8.5733e-05
2026-10-02 10:33:34,707 step=44120 train=1.73066 val=None lr=8.5677e-05
2026-10-02 10:33:37,072 step=44130 train=1.63921 val=None lr=8.5621e-05
2026-10-02 10:33:39,463 step=44140 train=1.68182 val=None lr=8.5565e-05
2026-10-02 10:33:41,737 step=44150 train=1.56046 val=None lr=8.5509e-05
2026-10-02 10:33:44,008 step=44160 train=1.67365 val=None lr=8.54531e-05
2026-10-02 10:33:46,327 step=44170 train=1.43555 val=None lr=8.53971e-05
2026-10-02 10:33:48,767 step=44180 train=1.42768 val=None lr=8.53412e-05
2026-10-02 10:33:51,045 step=44190 train=1.61631 val=None lr=8.52853e-05
2026-10-02 10:33:55,546 step=44200 train=1.76904 val=1.641947364807129 lr=8.52294e-05
2026-10-02 10:33:57,875 step=44210 train=1.35889 val=None lr=8.51736e-05
2026-10-02 10:34:00,353 step=44220 train=1.60920 val=None lr=8.51178e-05
2026-10-02 10:34:02,654 step=44230 train=1.60946 val=None lr=8.50619e-05
2026-10-02 10:34:05,075 step=44240 train=1.56091 val=None lr=8.50062e-05
2026-10-02 10:34:07,597 step=44250 train=1.57509 val=None lr=8.49504e-05
2026-10-02 10:34:09,912 step=44260 train=1.79807 val=None lr=8.48946e-05
2026-10-02 10:34:12,156 step=44270 train=1.62647 val=None lr=8.48389e-05
2026-10-02 10:34:14,427 step=44280 train=1.55733 val=None lr=8.47832e-05
2026-10-02 10:34:16,636 step=44290 train=1.69858 val=None lr=8.47275e-05
2026-10-02 10:34:20,506 step=44300 train=1.62299 val=1.642775797843933 lr=8.46719e-05
2026-10-02 10:34:23,407 step=44310 train=1.46024 val=None lr=8.46162e-05
2026-10-02 10:34:25,893 step=44320 train=1.72078 val=None lr=8.45606e-05
2026-10-02 10:34:28,199 step=44330 train=1.82656 val=None lr=8.4505e-05
2026-10-02 10:34:30,442 step=44340 train=1.68384 val=None lr=8.44494e-05
2026-10-02 10:34:32,795 step=44350 train=1.70756 val=None lr=8.43939e-05
2026-10-02 10:34:35,186 step=44360 train=1.43175 val=None lr=8.43383e-05
2026-10-02 10:34:37,460 step=44370 train=1.75460 val=None lr=8.42828e-05
2026-10-02 10:34:40,081 step=44380 train=1.46063 val=None lr=8.42273e-05
2026-10-02 10:34:42,321 step=44390 train=1.95574 val=None lr=8.41719e-05
2026-10-02 10:34:46,564 step=44400 train=1.65694 val=1.6412200510501862 lr=8.41164e-05
2026-10-02 10:34:48,997 step=44410 train=1.61538 val=None lr=8.4061e-05
2026-10-02 10:34:51,453 step=44420 train=1.50927 val=None lr=8.40056e-05
2026-10-02 10:34:53,743 step=44430 train=1.83058 val=None lr=8.39502e-05
2026-10-02 10:34:56,032 step=44440 train=1.67987 val=None lr=8.38948e-05
2026-10-02 10:34:58,668 step=44450 train=2.00280 val=None lr=8.38395e-05
2026-10-02 10:35:00,979 step=44460 train=1.69192 val=None lr=8.37842e-05
2026-10-02 10:35:03,327 step=44470 train=1.87561 val=None lr=8.37289e-05
2026-10-02 10:35:05,560 step=44480 train=1.63999 val=None lr=8.36736e-05
2026-10-02 10:35:07,891 step=44490 train=1.79294 val=None lr=8.36183e-05
2026-10-02 10:35:11,777 step=44500 train=1.65374 val=1.6435691356658935 lr=8.35631e-05
2026-10-02 10:35:16,296 step=44510 train=1.69082 val=None lr=8.35079e-05
2026-10-02 10:35:18,515 step=44520 train=1.71165 val=None lr=8.34527e-05
2026-10-02 10:35:20,924 step=44530 train=1.65417 val=None lr=8.33975e-05
2026-10-02 10:35:23,203 step=44540 train=1.55571 val=None lr=8.33424e-05
2026-10-02 10:35:25,491 step=44550 train=1.61896 val=None lr=8.32872e-05
2026-10-02 10:35:27,816 step=44560 train=1.48323 val=None lr=8.32321e-05
2026-10-02 10:35:30,031 step=44570 train=1.66200 val=None lr=8.3177e-05
2026-10-02 10:35:32,524 step=44580 train=1.55192 val=None lr=8.3122e-05
2026-10-02 10:35:34,941 step=44590 train=2.06012 val=None lr=8.30669e-05
2026-10-02 10:35:38,587 step=44600 train=1.84176 val=1.6418165802955627 lr=8.30119e-05
2026-10-02 10:35:40,901 step=44610 train=1.92141 val=None lr=8.29569e-05
2026-10-02 10:35:43,171 step=44620 train=1.74384 val=None lr=8.29019e-05
2026-10-02 10:35:45,664 step=44630 train=1.73196 val=None lr=8.2847e-05
2026-10-02 10:35:47,971 step=44640 train=1.60858 val=None lr=8.2792e-05
2026-10-02 10:35:50,287 step=44650 train=1.56937 val=None lr=8.27371e-05
2026-10-02 10:35:52,798 step=44660 train=1.48646 val=None lr=8.26822e-05
2026-10-02 10:35:55,090 step=44670 train=1.43368 val=None lr=8.26274e-05
2026-10-02 10:35:57,423 step=44680 train=1.66058 val=None lr=8.25725e-05
2026-10-02 10:35:59,650 step=44690 train=1.32390 val=None lr=8.25177e-05
2026-10-02 10:36:04,133 step=44700 train=1.81478 val=1.6405845940113069 lr=8.24629e-05
2026-10-02 10:36:06,392 step=44710 train=1.52944 val=None lr=8.24081e-05
2026-10-02 10:36:08,650 step=44720 train=1.57993 val=None lr=8.23533e-05
2026-10-02 10:36:11,173 step=44730 train=1.77243 val=None lr=8.22986e-05
2026-10-02 10:36:13,583 step=44740 train=1.91747 val=None lr=8.22439e-05
2026-10-02 10:36:15,906 step=44750 train=1.62574 val=None lr=8.21892e-05
2026-10-02 10:36:18,211 step=44760 train=1.92695 val=None lr=8.21345e-05
2026-10-02 10:36:20,604 step=44770 train=1.67499 val=None lr=8.20798e-05
2026-10-02 10:36:23,012 step=44780 train=1.86487 val=None lr=8.20252e-05
2026-10-02 10:36:25,281 step=44790 train=1.77752 val=None lr=8.19706e-05
2026-10-02 10:36:29,898 step=44800 train=1.75248 val=1.6401583790779113 lr=8.1916e-05
2026-10-02 10:36:32,340 step=44810 train=1.61148 val=None lr=8.18615e-05
2026-10-02 10:36:34,779 step=44820 train=1.68138 val=None lr=8.18069e-05
2026-10-02 10:36:37,065 step=44830 train=1.61993 val=None lr=8.17524e-05
2026-10-02 10:36:39,246 step=44840 train=1.58618 val=None lr=8.16979e-05
2026-10-02 10:36:41,622 step=44850 train=1.65642 val=None lr=8.16434e-05
2026-10-02 10:36:44,091 step=44860 train=1.54551 val=None lr=8.1589e-05
2026-10-02 10:36:46,365 step=44870 train=1.76187 val=None lr=8.15345e-05
2026-10-02 10:36:48,723 step=44880 train=1.79688 val=None lr=8.14801e-05
2026-10-02 10:36:50,956 step=44890 train=1.60217 val=None lr=8.14257e-05
2026-10-02 10:36:55,235 step=44900 train=1.94028 val=1.6396262049674988 lr=8.13713e-05
2026-10-02 10:36:57,609 step=44910 train=1.78514 val=None lr=8.1317e-05
2026-10-02 10:37:00,095 step=44920 train=1.88005 val=None lr=8.12627e-05
2026-10-02 10:37:02,378 step=44930 train=1.81600 val=None lr=8.12084e-05
2026-10-02 10:37:04,633 step=44940 train=1.62485 val=None lr=8.11541e-05
2026-10-02 10:37:06,868 step=44950 train=1.62271 val=None lr=8.10998e-05
2026-10-02 10:37:09,142 step=44960 train=1.84805 val=None lr=8.10456e-05
2026-10-02 10:37:11,469 step=44970 train=1.60191 val=None lr=8.09914e-05
2026-10-02 10:37:13,739 step=44980 train=1.53576 val=None lr=8.09372e-05
2026-10-02 10:37:15,964 step=44990 train=1.60998 val=None lr=8.0883e-05
2026-10-02 10:37:20,227 step=45000 train=1.73074 val=1.6378457129001618 lr=8.08289e-05
2026-10-02 10:37:25,420 step=45010 train=1.67433 val=None lr=8.07748e-05
2026-10-02 10:37:27,781 step=45020 train=1.87897 val=None lr=8.07206e-05
2026-10-02 10:37:30,065 step=45030 train=1.71134 val=None lr=8.06666e-05
2026-10-02 10:37:32,489 step=45040 train=1.81997 val=None lr=8.06125e-05
2026-10-02 10:37:34,922 step=45050 train=1.49699 val=None lr=8.05585e-05
2026-10-02 10:37:37,391 step=45060 train=1.89418 val=None lr=8.05045e-05
2026-10-02 10:37:39,785 step=45070 train=1.45599 val=None lr=8.04505e-05
2026-10-02 10:37:42,241 step=45080 train=1.66774 val=None lr=8.03965e-05
2026-10-02 10:37:44,567 step=45090 train=1.45436 val=None lr=8.03425e-05
2026-10-02 10:37:49,061 step=45100 train=1.96054 val=1.6372112810611725 lr=8.02886e-05
2026-10-02 10:37:51,407 step=45110 train=1.52566 val=None lr=8.02347e-05
2026-10-02 10:37:53,822 step=45120 train=1.41739 val=None lr=8.01808e-05
2026-10-02 10:37:56,200 step=45130 train=1.73854 val=None lr=8.0127e-05
2026-10-02 10:37:58,429 step=45140 train=1.32313 val=None lr=8.00731e-05
2026-10-02 10:38:00,802 step=45150 train=1.80500 val=None lr=8.00193e-05
2026-10-02 10:38:03,304 step=45160 train=1.51665 val=None lr=7.99655e-05
2026-10-02 10:38:05,568 step=45170 train=1.55232 val=None lr=7.99118e-05
2026-10-02 10:38:08,035 step=45180 train=1.57560 val=None lr=7.9858e-05
2026-10-02 10:38:10,304 step=45190 train=1.61611 val=None lr=7.98043e-05
2026-10-02 10:38:14,492 step=45200 train=1.81513 val=1.636479514837265 lr=7.97506e-05
2026-10-02 10:38:16,937 step=45210 train=1.76679 val=None lr=7.96969e-05
2026-10-02 10:38:19,312 step=45220 train=1.44852 val=None lr=7.96433e-05
2026-10-02 10:38:21,784 step=45230 train=1.61452 val=None lr=7.95896e-05
2026-10-02 10:38:24,243 step=45240 train=1.69556 val=None lr=7.9536e-05
2026-10-02 10:38:26,590 step=45250 train=1.68788 val=None lr=7.94824e-05
2026-10-02 10:38:29,008 step=45260 train=1.61869 val=None lr=7.94289e-05
2026-10-02 10:38:31,352 step=45270 train=1.46837 val=None lr=7.93753e-05
2026-10-02 10:38:33,906 step=45280 train=1.58204 val=None lr=7.93218e-05
2026-10-02 10:38:36,335 step=45290 train=1.55797 val=None lr=7.92683e-05
2026-10-02 10:38:39,956 step=45300 train=1.53567 val=1.6378661692142487 lr=7.92148e-05
2026-10-02 10:38:42,241 step=45310 train=1.72440 val=None lr=7.91614e-05
2026-10-02 10:38:44,575 step=45320 train=1.64332 val=None lr=7.91079e-05
2026-10-02 10:38:46,839 step=45330 train=1.52229 val=None lr=7.90545e-05
2026-10-02 10:38:49,297 step=45340 train=1.72938 val=None lr=7.90011e-05
2026-10-02 10:38:51,746 step=45350 train=1.56931 val=None lr=7.89478e-05
2026-10-02 10:38:54,015 step=45360 train=1.59385 val=None lr=7.88944e-05
2026-10-02 10:38:56,387 step=45370 train=1.77873 val=None lr=7.88411e-05
2026-10-02 10:38:58,708 step=45380 train=1.64593 val=None lr=7.87878e-05
2026-10-02 10:39:01,390 step=45390 train=1.42656 val=None lr=7.87345e-05
2026-10-02 10:39:05,108 step=45400 train=1.81906 val=1.636740607023239 lr=7.86813e-05
2026-10-02 10:39:07,409 step=45410 train=1.58903 val=None lr=7.86281e-05
2026-10-02 10:39:09,656 step=45420 train=1.78224 val=None lr=7.85748e-05
2026-10-02 10:39:12,017 step=45430 train=1.81615 val=None lr=7.85217e-05
2026-10-02 10:39:14,321 step=45440 train=1.83197 val=None lr=7.84685e-05
2026-10-02 10:39:16,632 step=45450 train=1.69881 val=None lr=7.84154e-05
2026-10-02 10:39:18,904 step=45460 train=1.73899 val=None lr=7.83623e-05
2026-10-02 10:39:21,297 step=45470 train=1.80749 val=None lr=7.83092e-05
2026-10-02 10:39:23,577 step=45480 train=1.77693 val=None lr=7.82561e-05
2026-10-02 10:39:25,854 step=45490 train=1.67897 val=None lr=7.8203e-05
2026-10-02 10:39:29,490 step=45500 train=1.48915 val=1.6365897059440613 lr=7.815e-05
2026-10-02 10:39:34,073 step=45510 train=1.86430 val=None lr=7.8097e-05
2026-10-02 10:39:36,412 step=45520 train=1.63194 val=None lr=7.8044e-05
2026-10-02 10:39:38,776 step=45530 train=1.54641 val=None lr=7.79911e-05
2026-10-02 10:39:41,177 step=45540 train=1.92441 val=None lr=7.79382e-05
2026-10-02 10:39:43,543 step=45550 train=1.59166 val=None lr=7.78853e-05
2026-10-02 10:39:45,882 step=45560 train=1.77999 val=None lr=7.78324e-05
2026-10-02 10:39:48,303 step=45570 train=1.59361 val=None lr=7.77795e-05
2026-10-02 10:39:50,610 step=45580 train=1.44250 val=None lr=7.77267e-05
2026-10-02 10:39:52,882 step=45590 train=1.81649 val=None lr=7.76738e-05
2026-10-02 10:39:57,429 step=45600 train=1.66446 val=1.6338503420352937 lr=7.76211e-05
2026-10-02 10:39:59,811 step=45610 train=1.55143 val=None lr=7.75683e-05
2026-10-02 10:40:02,241 step=45620 train=1.78182 val=None lr=7.75155e-05
2026-10-02 10:40:04,690 step=45630 train=1.63461 val=None lr=7.74628e-05
2026-10-02 10:40:07,383 step=45640 train=1.70274 val=None lr=7.74101e-05
2026-10-02 10:40:09,856 step=45650 train=1.49463 val=None lr=7.73574e-05
2026-10-02 10:40:12,319 step=45660 train=1.62449 val=None lr=7.73048e-05
2026-10-02 10:40:14,768 step=45670 train=1.37138 val=None lr=7.72521e-05
2026-10-02 10:40:17,171 step=45680 train=1.65875 val=None lr=7.71995e-05
2026-10-02 10:40:19,668 step=45690 train=1.60503 val=None lr=7.71469e-05
2026-10-02 10:40:24,096 step=45700 train=1.58118 val=1.6322818458080293 lr=7.70944e-05
2026-10-02 10:40:26,701 step=45710 train=1.57784 val=None lr=7.70418e-05
2026-10-02 10:40:29,340 step=45720 train=1.91504 val=None lr=7.69893e-05
2026-10-02 10:40:31,679 step=45730 train=1.55989 val=None lr=7.69368e-05
2026-10-02 10:40:34,143 step=45740 train=1.74036 val=None lr=7.68844e-05
2026-10-02 10:40:36,508 step=45750 train=1.78990 val=None lr=7.68319e-05
2026-10-02 10:40:39,058 step=45760 train=1.66187 val=None lr=7.67795e-05
2026-10-02 10:40:41,685 step=45770 train=1.69246 val=None lr=7.67271e-05
2026-10-02 10:40:44,434 step=45780 train=1.35286 val=None lr=7.66747e-05
2026-10-02 10:40:46,816 step=45790 train=1.92386 val=None lr=7.66223e-05
2026-10-02 10:40:50,722 step=45800 train=1.84381 val=1.636665004491806 lr=7.657e-05
2026-10-02 10:40:53,162 step=45810 train=1.82633 val=None lr=7.65177e-05
2026-10-02 10:40:55,779 step=45820 train=1.60051 val=None lr=7.64654e-05
2026-10-02 10:40:58,274 step=45830 train=1.53462 val=None lr=7.64132e-05
2026-10-02 10:41:00,744 step=45840 train=1.68118 val=None lr=7.63609e-05
2026-10-02 10:41:03,285 step=45850 train=1.69858 val=None lr=7.63087e-05
2026-10-02 10:41:05,835 step=45860 train=1.44087 val=None lr=7.62565e-05
2026-10-02 10:41:08,404 step=45870 train=1.83084 val=None lr=7.62043e-05
2026-10-02 10:41:10,966 step=45880 train=1.47971 val=None lr=7.61522e-05
2026-10-02 10:41:13,621 step=45890 train=1.83701 val=None lr=7.61001e-05
2026-10-02 10:41:17,568 step=45900 train=1.57993 val=1.635302072763443 lr=7.6048e-05
2026-10-02 10:41:20,081 step=45910 train=1.47163 val=None lr=7.59959e-05
2026-10-02 10:41:22,532 step=45920 train=1.64890 val=None lr=7.59439e-05
2026-10-02 10:41:25,060 step=45930 train=1.48186 val=None lr=7.58918e-05
2026-10-02 10:41:27,589 step=45940 train=1.80850 val=None lr=7.58398e-05
2026-10-02 10:41:29,969 step=45950 train=1.76391 val=None lr=7.57878e-05
2026-10-02 10:41:32,501 step=45960 train=1.88463 val=None lr=7.57359e-05
2026-10-02 10:41:34,880 step=45970 train=1.74330 val=None lr=7.56839e-05
2026-10-02 10:41:37,244 step=45980 train=1.92186 val=None lr=7.5632e-05
2026-10-02 10:41:39,903 step=45990 train=1.78272 val=None lr=7.55802e-05
2026-10-02 10:41:43,736 step=46000 train=1.69772 val=1.634352719783783 lr=7.55283e-05
2026-10-02 10:41:49,510 step=46010 train=1.74354 val=None lr=7.54764e-05
2026-10-02 10:41:51,929 step=46020 train=1.80607 val=None lr=7.54246e-05
2026-10-02 10:41:54,559 step=46030 train=1.53413 val=None lr=7.53728e-05
2026-10-02 10:41:56,840 step=46040 train=1.69991 val=None lr=7.53211e-05
2026-10-02 10:41:59,258 step=46050 train=1.64572 val=None lr=7.52693e-05
2026-10-02 10:42:01,707 step=46060 train=1.83261 val=None lr=7.52176e-05
2026-10-02 10:42:04,279 step=46070 train=1.82350 val=None lr=7.51659e-05
2026-10-02 10:42:06,700 step=46080 train=1.59686 val=None lr=7.51142e-05
2026-10-02 10:42:09,201 step=46090 train=1.62429 val=None lr=7.50626e-05
2026-10-02 10:42:13,157 step=46100 train=1.82920 val=1.633682084083557 lr=7.50109e-05
2026-10-02 10:42:15,457 step=46110 train=1.64914 val=None lr=7.49593e-05
2026-10-02 10:42:17,869 step=46120 train=1.49520 val=None lr=7.49078e-05
2026-10-02 10:42:20,164 step=46130 train=1.80097 val=None lr=7.48562e-05
2026-10-02 10:42:22,783 step=46140 train=1.73946 val=None lr=7.48047e-05
2026-10-02 10:42:25,201 step=46150 train=1.71078 val=None lr=7.47532e-05
2026-10-02 10:42:27,652 step=46160 train=1.77960 val=None lr=7.47017e-05
2026-10-02 10:42:30,075 step=46170 train=1.69651 val=None lr=7.46502e-05
2026-10-02 10:42:32,544 step=46180 train=1.72791 val=None lr=7.45988e-05
2026-10-02 10:42:34,969 step=46190 train=1.79188 val=None lr=7.45474e-05
2026-10-02 10:42:38,965 step=46200 train=1.57913 val=1.6336162686347961 lr=7.4496e-05
2026-10-02 10:42:41,412 step=46210 train=1.61021 val=None lr=7.44446e-05
2026-10-02 10:42:43,860 step=46220 train=1.74196 val=None lr=7.43933e-05
2026-10-02 10:42:46,434 step=46230 train=1.47049 val=None lr=7.43419e-05
2026-10-02 10:42:49,023 step=46240 train=1.59534 val=None lr=7.42907e-05
2026-10-02 10:42:51,540 step=46250 train=1.59888 val=None lr=7.42394e-05
2026-10-02 10:42:54,156 step=46260 train=1.83297 val=None lr=7.41881e-05
2026-10-02 10:42:56,811 step=46270 train=1.57569 val=None lr=7.41369e-05
2026-10-02 10:42:59,398 step=46280 train=1.91675 val=None lr=7.40857e-05
2026-10-02 10:43:01,824 step=46290 train=1.67733 val=None lr=7.40345e-05
2026-10-02 10:43:05,744 step=46300 train=1.59786 val=1.6330934166908264 lr=7.39834e-05
2026-10-02 10:43:08,009 step=46310 train=1.73217 val=None lr=7.39323e-05
2026-10-02 10:43:10,427 step=46320 train=1.52467 val=None lr=7.38812e-05
2026-10-02 10:43:13,027 step=46330 train=1.56581 val=None lr=7.38301e-05
2026-10-02 10:43:15,379 step=46340 train=1.68747 val=None lr=7.3779e-05
2026-10-02 10:43:17,774 step=46350 train=1.57417 val=None lr=7.3728e-05
2026-10-02 10:43:20,119 step=46360 train=1.67796 val=None lr=7.3677e-05
2026-10-02 10:43:22,412 step=46370 train=1.71886 val=None lr=7.3626e-05
2026-10-02 10:43:24,674 step=46380 train=1.77056 val=None lr=7.3575e-05
2026-10-02 10:43:27,007 step=46390 train=1.63156 val=None lr=7.35241e-05
2026-10-02 10:43:31,278 step=46400 train=1.80521 val=1.6310446441173554 lr=7.34732e-05
2026-10-02 10:43:33,569 step=46410 train=1.55883 val=None lr=7.34223e-05
2026-10-02 10:43:35,893 step=46420 train=1.65160 val=None lr=7.33714e-05
2026-10-02 10:43:38,556 step=46430 train=1.56653 val=None lr=7.33206e-05
2026-10-02 10:43:41,140 step=46440 train=1.65549 val=None lr=7.32698e-05
2026-10-02 10:43:43,604 step=46450 train=1.96791 val=None lr=7.3219e-05
2026-10-02 10:43:46,136 step=46460 train=1.54699 val=None lr=7.31682e-05
2026-10-02 10:43:48,533 step=46470 train=1.93729 val=None lr=7.31175e-05
2026-10-02 10:43:50,922 step=46480 train=1.48874 val=None lr=7.30668e-05
2026-10-02 10:43:53,404 step=46490 train=1.79354 val=None lr=7.30161e-05
2026-10-02 10:43:57,930 step=46500 train=2.09927 val=1.6309048175811767 lr=7.29654e-05
2026-10-02 10:44:02,847 step=46510 train=1.59589 val=None lr=7.29147e-05
2026-10-02 10:44:05,673 step=46520 train=1.75889 val=None lr=7.28641e-05
2026-10-02 10:44:08,322 step=46530 train=1.79660 val=None lr=7.28135e-05
2026-10-02 10:44:11,024 step=46540 train=1.39571 val=None lr=7.2763e-05
2026-10-02 10:44:13,962 step=46550 train=2.08017 val=None lr=7.27124e-05
2026-10-02 10:44:16,710 step=46560 train=1.72460 val=None lr=7.26619e-05
2026-10-02 10:44:19,579 step=46570 train=1.62533 val=None lr=7.26114e-05
2026-10-02 10:44:22,333 step=46580 train=1.65648 val=None lr=7.25609e-05
2026-10-02 10:44:24,942 step=46590 train=1.49394 val=None lr=7.25105e-05
2026-10-02 10:44:30,087 step=46600 train=1.57708 val=1.6295662820339203 lr=7.246e-05
2026-10-02 10:44:32,620 step=46610 train=1.47560 val=None lr=7.24096e-05
2026-10-02 10:44:35,307 step=46620 train=1.77324 val=None lr=7.23592e-05
2026-10-02 10:44:37,936 step=46630 train=1.47985 val=None lr=7.23089e-05
2026-10-02 10:44:40,541 step=46640 train=1.65717 val=None lr=7.22586e-05
2026-10-02 10:44:43,344 step=46650 train=1.56594 val=None lr=7.22083e-05
2026-10-02 10:44:45,938 step=46660 train=1.94091 val=None lr=7.2158e-05
2026-10-02 10:44:48,523 step=46670 train=1.54150 val=None lr=7.21077e-05
2026-10-02 10:44:51,117 step=46680 train=1.76433 val=None lr=7.20575e-05
2026-10-02 10:44:53,676 step=46690 train=1.68748 val=None lr=7.20073e-05
2026-10-02 10:44:57,633 step=46700 train=1.66669 val=1.6310905396938324 lr=7.19571e-05
2026-10-02 10:45:00,366 step=46710 train=1.74217 val=None lr=7.19069e-05
2026-10-02 10:45:02,904 step=46720 train=1.82993 val=None lr=7.18568e-05
2026-10-02 10:45:05,471 step=46730 train=1.57276 val=None lr=7.18067e-05
2026-10-02 10:45:08,055 step=46740 train=1.58567 val=None lr=7.17566e-05
2026-10-02 10:45:10,696 step=46750 train=1.57760 val=None lr=7.17065e-05
2026-10-02 10:45:13,726 step=46760 train=1.74405 val=None lr=7.16565e-05
2026-10-02 10:45:16,559 step=46770 train=1.59843 val=None lr=7.16065e-05
2026-10-02 10:45:19,215 step=46780 train=1.43822 val=None lr=7.15565e-05
2026-10-02 10:45:21,880 step=46790 train=1.68959 val=None lr=7.15065e-05
2026-10-02 10:45:26,778 step=46800 train=1.60010 val=1.6293621003627776 lr=7.14566e-05
2026-10-02 10:45:29,379 step=46810 train=1.65700 val=None lr=7.14067e-05
2026-10-02 10:45:32,037 step=46820 train=1.52460 val=None lr=7.13568e-05
2026-10-02 10:45:34,530 step=46830 train=1.76931 val=None lr=7.13069e-05
2026-10-02 10:45:37,305 step=46840 train=2.10792 val=None lr=7.12571e-05
2026-10-02 10:45:39,930 step=46850 train=1.64820 val=None lr=7.12073e-05
2026-10-02 10:45:42,309 step=46860 train=1.75756 val=None lr=7.11575e-05
2026-10-02 10:45:44,591 step=46870 train=1.61170 val=None lr=7.11077e-05
2026-10-02 10:45:47,055 step=46880 train=1.68987 val=None lr=7.1058e-05
2026-10-02 10:45:49,605 step=46890 train=1.64962 val=None lr=7.10083e-05
2026-10-02 10:45:54,152 step=46900 train=1.45720 val=1.627218598127365 lr=7.09586e-05
2026-10-02 10:45:56,628 step=46910 train=1.83080 val=None lr=7.09089e-05
2026-10-02 10:45:59,212 step=46920 train=1.67228 val=None lr=7.08593e-05
2026-10-02 10:46:01,908 step=46930 train=1.81080 val=None lr=7.08097e-05
2026-10-02 10:46:04,720 step=46940 train=1.44328 val=None lr=7.07601e-05
2026-10-02 10:46:07,206 step=46950 train=1.55252 val=None lr=7.07105e-05
2026-10-02 10:46:09,666 step=46960 train=1.80682 val=None lr=7.0661e-05
2026-10-02 10:46:12,138 step=46970 train=2.14166 val=None lr=7.06114e-05
2026-10-02 10:46:14,581 step=46980 train=1.42732 val=None lr=7.05619e-05
2026-10-02 10:46:17,006 step=46990 train=1.53478 val=None lr=7.05125e-05
2026-10-02 10:46:21,442 step=47000 train=1.71531 val=1.6267075538635254 lr=7.0463e-05
2026-10-02 10:46:25,932 step=47010 train=1.71215 val=None lr=7.04136e-05
2026-10-02 10:46:28,220 step=47020 train=1.72440 val=None lr=7.03642e-05
2026-10-02 10:46:30,693 step=47030 train=1.59850 val=None lr=7.03148e-05
2026-10-02 10:46:33,337 step=47040 train=1.58672 val=None lr=7.02655e-05
2026-10-02 10:46:35,857 step=47050 train=1.46788 val=None lr=7.02162e-05
2026-10-02 10:46:38,423 step=47060 train=1.55852 val=None lr=7.01669e-05
2026-10-02 10:46:40,923 step=47070 train=1.62077 val=None lr=7.01176e-05
2026-10-02 10:46:43,302 step=47080 train=1.45460 val=None lr=7.00684e-05
2026-10-02 10:46:45,675 step=47090 train=1.95480 val=None lr=7.00192e-05
2026-10-02 10:46:50,157 step=47100 train=1.58163 val=1.6249530494213105 lr=6.997e-05
2026-10-02 10:46:52,445 step=47110 train=1.85531 val=None lr=6.99208e-05
2026-10-02 10:46:54,803 step=47120 train=1.39883 val=None lr=6.98717e-05
2026-10-02 10:46:57,299 step=47130 train=1.71330 val=None lr=6.98225e-05
2026-10-02 10:46:59,844 step=47140 train=1.64452 val=None lr=6.97734e-05
2026-10-02 10:47:02,180 step=47150 train=1.61951 val=None lr=6.97244e-05
2026-10-02 10:47:04,523 step=47160 train=1.78757 val=None lr=6.96753e-05
2026-10-02 10:47:07,124 step=47170 train=1.45181 val=None lr=6.96263e-05
2026-10-02 10:47:09,526 step=47180 train=1.69788 val=None lr=6.95773e-05
2026-10-02 10:47:11,891 step=47190 train=1.63014 val=None lr=6.95283e-05
2026-10-02 10:47:15,459 step=47200 train=1.73583 val=1.6259842574596406 lr=6.94794e-05
2026-10-02 10:47:17,905 step=47210 train=1.89579 val=None lr=6.94305e-05
2026-10-02 10:47:20,216 step=47220 train=1.53532 val=None lr=6.93816e-05
2026-10-02 10:47:22,476 step=47230 train=1.36235 val=None lr=6.93327e-05
2026-10-02 10:47:24,909 step=47240 train=1.37872 val=None lr=6.92839e-05
2026-10-02 10:47:27,314 step=47250 train=1.53836 val=None lr=6.92351e-05
2026-10-02 10:47:29,716 step=47260 train=1.76177 val=None lr=6.91863e-05
2026-10-02 10:47:32,158 step=47270 train=1.69248 val=None lr=6.91375e-05
2026-10-02 10:47:34,471 step=47280 train=1.75375 val=None lr=6.90888e-05
2026-10-02 10:47:37,061 step=47290 train=1.49980 val=None lr=6.904e-05
2026-10-02 10:47:40,781 step=47300 train=1.44194 val=1.6266510605812072 lr=6.89913e-05
2026-10-02 10:47:43,096 step=47310 train=1.49791 val=None lr=6.89427e-05
2026-10-02 10:47:45,593 step=47320 train=1.71653 val=None lr=6.8894e-05
2026-10-02 10:47:48,105 step=47330 train=1.73731 val=None lr=6.88454e-05
2026-10-02 10:47:50,425 step=47340 train=1.68015 val=None lr=6.87968e-05
2026-10-02 10:47:52,767 step=47350 train=1.69106 val=None lr=6.87483e-05
2026-10-02 10:47:55,237 step=47360 train=1.80316 val=None lr=6.86997e-05
2026-10-02 10:47:57,767 step=47370 train=1.67317 val=None lr=6.86512e-05
2026-10-02 10:48:00,232 step=47380 train=1.52994 val=None lr=6.86027e-05
2026-10-02 10:48:02,768 step=47390 train=1.65644 val=None lr=6.85543e-05
2026-10-02 10:48:06,937 step=47400 train=1.77745 val=1.6277658104896546 lr=6.85058e-05
2026-10-02 10:48:09,812 step=47410 train=1.73849 val=None lr=6.84574e-05
2026-10-02 10:48:12,468 step=47420 train=1.69122 val=None lr=6.8409e-05
2026-10-02 10:48:15,086 step=47430 train=1.79373 val=None lr=6.83607e-05
2026-10-02 10:48:17,725 step=47440 train=1.51210 val=None lr=6.83123e-05
2026-10-02 10:48:20,265 step=47450 train=1.67956 val=None lr=6.8264e-05
2026-10-02 10:48:22,870 step=47460 train=1.48129 val=None lr=6.82157e-05
2026-10-02 10:48:25,673 step=47470 train=1.58968 val=None lr=6.81675e-05
2026-10-02 10:48:28,304 step=47480 train=1.67499 val=None lr=6.81192e-05
2026-10-02 10:48:30,896 step=47490 train=1.63645 val=None lr=6.8071e-05
2026-10-02 10:48:34,773 step=47500 train=1.89871 val=1.626905357837677 lr=6.80228e-05
2026-10-02 10:48:39,496 step=47510 train=1.68438 val=None lr=6.79747e-05
2026-10-02 10:48:42,010 step=47520 train=1.61484 val=None lr=6.79265e-05
2026-10-02 10:48:44,319 step=47530 train=1.80566 val=None lr=6.78784e-05
2026-10-02 10:48:46,760 step=47540 train=1.68307 val=None lr=6.78304e-05
2026-10-02 10:48:49,268 step=47550 train=1.67886 val=None lr=6.77823e-05
2026-10-02 10:48:51,747 step=47560 train=1.57727 val=None lr=6.77343e-05
2026-10-02 10:48:54,191 step=47570 train=1.70178 val=None lr=6.76863e-05
2026-10-02 10:48:56,586 step=47580 train=1.46042 val=None lr=6.76383e-05
2026-10-02 10:48:59,237 step=47590 train=1.58543 val=None lr=6.75903e-05
2026-10-02 10:49:02,937 step=47600 train=1.73446 val=1.6291107058525085 lr=6.75424e-05
2026-10-02 10:49:05,356 step=47610 train=1.75446 val=None lr=6.74945e-05
2026-10-02 10:49:07,971 step=47620 train=1.59696 val=None lr=6.74466e-05
2026-10-02 10:49:10,638 step=47630 train=1.64573 val=None lr=6.73988e-05
2026-10-02 10:49:13,323 step=47640 train=1.64802 val=None lr=6.73509e-05
2026-10-02 10:49:15,936 step=47650 train=1.71873 val=None lr=6.73031e-05
2026-10-02 10:49:18,592 step=47660 train=1.61989 val=None lr=6.72554e-05
2026-10-02 10:49:21,215 step=47670 train=1.58091 val=None lr=6.72076e-05
2026-10-02 10:49:23,858 step=47680 train=1.88870 val=None lr=6.71599e-05
2026-10-02 10:49:26,335 step=47690 train=1.73528 val=None lr=6.71122e-05
2026-10-02 10:49:30,300 step=47700 train=1.51713 val=1.6282759130001068 lr=6.70645e-05
2026-10-02 10:49:32,788 step=47710 train=1.84891 val=None lr=6.70169e-05
2026-10-02 10:49:35,164 step=47720 train=1.64927 val=None lr=6.69693e-05
2026-10-02 10:49:37,731 step=47730 train=1.60098 val=None lr=6.69217e-05
2026-10-02 10:49:40,173 step=47740 train=1.66898 val=None lr=6.68741e-05
2026-10-02 10:49:42,420 step=47750 train=1.45446 val=None lr=6.68266e-05
2026-10-02 10:49:44,783 step=47760 train=1.65864 val=None lr=6.6779e-05
2026-10-02 10:49:47,515 step=47770 train=1.73687 val=None lr=6.67316e-05
2026-10-02 10:49:49,979 step=47780 train=1.53919 val=None lr=6.66841e-05
2026-10-02 10:49:52,556 step=47790 train=1.61844 val=None lr=6.66366e-05
2026-10-02 10:49:56,540 step=47800 train=1.62145 val=1.626106721162796 lr=6.65892e-05
2026-10-02 10:49:59,107 step=47810 train=1.62134 val=None lr=6.65418e-05
2026-10-02 10:50:01,649 step=47820 train=1.66640 val=None lr=6.64945e-05
2026-10-02 10:50:04,549 step=47830 train=1.45749 val=None lr=6.64472e-05
2026-10-02 10:50:07,037 step=47840 train=1.42848 val=None lr=6.63998e-05
2026-10-02 10:50:09,529 step=47850 train=1.63703 val=None lr=6.63526e-05
2026-10-02 10:50:12,029 step=47860 train=1.73589 val=None lr=6.63053e-05
2026-10-02 10:50:14,726 step=47870 train=1.39123 val=None lr=6.62581e-05
2026-10-02 10:50:17,803 step=47880 train=1.68584 val=None lr=6.62109e-05
2026-10-02 10:50:20,286 step=47890 train=1.64823 val=None lr=6.61637e-05
2026-10-02 10:50:24,185 step=47900 train=1.75415 val=1.626353120803833 lr=6.61165e-05
2026-10-02 10:50:27,025 step=47910 train=1.52944 val=None lr=6.60694e-05
2026-10-02 10:50:29,538 step=47920 train=1.66987 val=None lr=6.60223e-05
2026-10-02 10:50:31,927 step=47930 train=1.50820 val=None lr=6.59752e-05
2026-10-02 10:50:34,524 step=47940 train=1.58603 val=None lr=6.59282e-05
2026-10-02 10:50:36,940 step=47950 train=1.56015 val=None lr=6.58812e-05
2026-10-02 10:50:39,331 step=47960 train=1.58827 val=None lr=6.58342e-05
2026-10-02 10:50:41,825 step=47970 train=1.97666 val=None lr=6.57872e-05
2026-10-02 10:50:44,264 step=47980 train=1.62409 val=None lr=6.57402e-05
2026-10-02 10:50:46,925 step=47990 train=1.63668 val=None lr=6.56933e-05
2026-10-02 10:50:50,840 step=48000 train=1.66071 val=1.6256140887737274 lr=6.56464e-05
2026-10-02 10:50:55,700 step=48010 train=1.81374 val=None lr=6.55996e-05
2026-10-02 10:50:58,369 step=48020 train=1.64942 val=None lr=6.55527e-05
2026-10-02 10:51:00,920 step=48030 train=1.60574 val=None lr=6.55059e-05
2026-10-02 10:51:03,441 step=48040 train=1.77484 val=None lr=6.54591e-05
2026-10-02 10:51:06,240 step=48050 train=1.76686 val=None lr=6.54124e-05
2026-10-02 10:51:08,970 step=48060 train=1.40038 val=None lr=6.53656e-05
2026-10-02 10:51:11,704 step=48070 train=1.63933 val=None lr=6.53189e-05
2026-10-02 10:51:14,102 step=48080 train=1.53811 val=None lr=6.52722e-05
2026-10-02 10:51:16,550 step=48090 train=1.85709 val=None lr=6.52256e-05
2026-10-02 10:51:21,173 step=48100 train=1.63353 val=1.6242096245288848 lr=6.51789e-05
2026-10-02 10:51:23,522 step=48110 train=1.57008 val=None lr=6.51323e-05
2026-10-02 10:51:25,796 step=48120 train=1.56266 val=None lr=6.50857e-05
2026-10-02 10:51:28,284 step=48130 train=1.66867 val=None lr=6.50392e-05
2026-10-02 10:51:30,705 step=48140 train=1.55743 val=None lr=6.49927e-05
2026-10-02 10:51:33,261 step=48150 train=1.48124 val=None lr=6.49462e-05
2026-10-02 10:51:35,850 step=48160 train=1.52174 val=None lr=6.48997e-05
2026-10-02 10:51:38,443 step=48170 train=1.69458 val=None lr=6.48533e-05
2026-10-02 10:51:41,022 step=48180 train=1.68175 val=None lr=6.48068e-05
2026-10-02 10:51:43,525 step=48190 train=1.70555 val=None lr=6.47604e-05
2026-10-02 10:51:47,311 step=48200 train=1.47543 val=1.624216914176941 lr=6.47141e-05
2026-10-02 10:51:49,642 step=48210 train=1.90536 val=None lr=6.46677e-05
2026-10-02 10:51:52,269 step=48220 train=1.60491 val=None lr=6.46214e-05
2026-10-02 10:51:54,693 step=48230 train=1.50957 val=None lr=6.45751e-05
2026-10-02 10:51:57,215 step=48240 train=1.57559 val=None lr=6.45289e-05
2026-10-02 10:51:59,919 step=48250 train=1.65906 val=None lr=6.44826e-05
2026-10-02 10:52:02,335 step=48260 train=1.46041 val=None lr=6.44364e-05
2026-10-02 10:52:04,784 step=48270 train=1.61748 val=None lr=6.43902e-05
2026-10-02 10:52:07,159 step=48280 train=1.70457 val=None lr=6.43441e-05
2026-10-02 10:52:09,613 step=48290 train=1.60155 val=None lr=6.42979e-05
2026-10-02 10:52:14,343 step=48300 train=1.74107 val=1.6221566379070282 lr=6.42518e-05
2026-10-02 10:52:17,044 step=48310 train=1.60564 val=None lr=6.42058e-05
2026-10-02 10:52:19,658 step=48320 train=1.53033 val=None lr=6.41597e-05
2026-10-02 10:52:22,091 step=48330 train=1.68357 val=None lr=6.41137e-05
2026-10-02 10:52:24,596 step=48340 train=1.75346 val=None lr=6.40677e-05
2026-10-02 10:52:27,335 step=48350 train=1.58704 val=None lr=6.40217e-05
2026-10-02 10:52:29,907 step=48360 train=1.53642 val=None lr=6.39758e-05
2026-10-02 10:52:32,428 step=48370 train=1.52413 val=None lr=6.39299e-05
2026-10-02 10:52:34,759 step=48380 train=1.81687 val=None lr=6.3884e-05
2026-10-02 10:52:36,991 step=48390 train=1.78122 val=None lr=6.38381e-05
2026-10-02 10:52:41,665 step=48400 train=1.63518 val=1.6209647178649902 lr=6.37923e-05
2026-10-02 10:52:44,179 step=48410 train=1.47494 val=None lr=6.37465e-05
2026-10-02 10:52:46,620 step=48420 train=1.55609 val=None lr=6.37007e-05
2026-10-02 10:52:49,040 step=48430 train=1.36572 val=None lr=6.36549e-05
2026-10-02 10:52:51,428 step=48440 train=1.60684 val=None lr=6.36092e-05
2026-10-02 10:52:53,914 step=48450 train=1.72362 val=None lr=6.35635e-05
2026-10-02 10:52:56,513 step=48460 train=1.76032 val=None lr=6.35178e-05
2026-10-02 10:52:58,808 step=48470 train=1.61475 val=None lr=6.34721e-05
2026-10-02 10:53:01,196 step=48480 train=1.55058 val=None lr=6.34265e-05
2026-10-02 10:53:03,740 step=48490 train=1.58250 val=None lr=6.33809e-05
2026-10-02 10:53:08,373 step=48500 train=1.50907 val=1.6201672017574311 lr=6.33354e-05
2026-10-02 10:53:12,799 step=48510 train=1.58510 val=None lr=6.32898e-05
2026-10-02 10:53:15,181 step=48520 train=1.69934 val=None lr=6.32443e-05
2026-10-02 10:53:17,777 step=48530 train=1.85395 val=None lr=6.31988e-05
2026-10-02 10:53:20,489 step=48540 train=1.64735 val=None lr=6.31533e-05
2026-10-02 10:53:22,940 step=48550 train=1.66471 val=None lr=6.31079e-05
2026-10-02 10:53:25,485 step=48560 train=1.74248 val=None lr=6.30625e-05
2026-10-02 10:53:27,921 step=48570 train=1.75425 val=None lr=6.30171e-05
2026-10-02 10:53:30,714 step=48580 train=1.56176 val=None lr=6.29717e-05
2026-10-02 10:53:33,143 step=48590 train=1.51671 val=None lr=6.29264e-05
2026-10-02 10:53:37,849 step=48600 train=1.46714 val=1.6195075035095214 lr=6.28811e-05
2026-10-02 10:53:40,287 step=48610 train=1.50027 val=None lr=6.28358e-05
2026-10-02 10:53:42,640 step=48620 train=1.90345 val=None lr=6.27906e-05
2026-10-02 10:53:45,127 step=48630 train=1.58533 val=None lr=6.27454e-05
2026-10-02 10:53:47,463 step=48640 train=1.67776 val=None lr=6.27002e-05
2026-10-02 10:53:50,149 step=48650 train=1.52732 val=None lr=6.2655e-05
2026-10-02 10:53:52,656 step=48660 train=1.45231 val=None lr=6.26099e-05
2026-10-02 10:53:55,105 step=48670 train=1.60754 val=None lr=6.25647e-05
2026-10-02 10:53:57,630 step=48680 train=1.56217 val=None lr=6.25197e-05
2026-10-02 10:54:00,023 step=48690 train=1.63990 val=None lr=6.24746e-05
2026-10-02 10:54:04,628 step=48700 train=1.79744 val=1.6184871673583985 lr=6.24296e-05
2026-10-02 10:54:06,896 step=48710 train=1.54340 val=None lr=6.23846e-05
2026-10-02 10:54:09,391 step=48720 train=1.86820 val=None lr=6.23396e-05
2026-10-02 10:54:11,638 step=48730 train=1.51370 val=None lr=6.22946e-05
2026-10-02 10:54:13,934 step=48740 train=1.69654 val=None lr=6.22497e-05
2026-10-02 10:54:16,332 step=48750 train=1.63183 val=None lr=6.22048e-05
2026-10-02 10:54:18,654 step=48760 train=1.70641 val=None lr=6.21599e-05
2026-10-02 10:54:20,939 step=48770 train=1.88189 val=None lr=6.21151e-05
2026-10-02 10:54:23,352 step=48780 train=1.67949 val=None lr=6.20703e-05
2026-10-02 10:54:25,691 step=48790 train=1.60265 val=None lr=6.20255e-05
2026-10-02 10:54:30,400 step=48800 train=1.83759 val=1.6179881870746613 lr=6.19807e-05
2026-10-02 10:54:32,754 step=48810 train=1.39295 val=None lr=6.1936e-05
2026-10-02 10:54:35,088 step=48820 train=1.51214 val=None lr=6.18913e-05
2026-10-02 10:54:37,415 step=48830 train=1.85770 val=None lr=6.18466e-05
2026-10-02 10:54:40,041 step=48840 train=1.68460 val=None lr=6.18019e-05
2026-10-02 10:54:42,405 step=48850 train=1.44377 val=None lr=6.17573e-05
2026-10-02 10:54:44,762 step=48860 train=1.55981 val=None lr=6.17127e-05
2026-10-02 10:54:47,088 step=48870 train=1.75690 val=None lr=6.16681e-05
2026-10-02 10:54:49,521 step=48880 train=1.79289 val=None lr=6.16236e-05
2026-10-02 10:54:52,037 step=48890 train=1.76971 val=None lr=6.15791e-05
2026-10-02 10:54:56,633 step=48900 train=1.69574 val=1.615630030632019 lr=6.15346e-05
2026-10-02 10:54:59,093 step=48910 train=1.52858 val=None lr=6.14901e-05
2026-10-02 10:55:01,363 step=48920 train=1.49998 val=None lr=6.14457e-05
2026-10-02 10:55:03,741 step=48930 train=1.65967 val=None lr=6.14012e-05
2026-10-02 10:55:06,080 step=48940 train=1.73841 val=None lr=6.13569e-05
2026-10-02 10:55:08,409 step=48950 train=1.41497 val=None lr=6.13125e-05
2026-10-02 10:55:10,968 step=48960 train=1.50255 val=None lr=6.12682e-05
2026-10-02 10:55:13,262 step=48970 train=1.50414 val=None lr=6.12239e-05
2026-10-02 10:55:15,557 step=48980 train=1.70277 val=None lr=6.11796e-05
2026-10-02 10:55:17,947 step=48990 train=1.60167 val=None lr=6.11354e-05
2026-10-02 10:55:21,727 step=49000 train=1.52579 val=1.6161619961261748 lr=6.10911e-05
2026-10-02 10:55:26,218 step=49010 train=1.74894 val=None lr=6.10469e-05
2026-10-02 10:55:28,543 step=49020 train=1.70481 val=None lr=6.10028e-05
2026-10-02 10:55:30,948 step=49030 train=1.79046 val=None lr=6.09586e-05
2026-10-02 10:55:33,299 step=49040 train=1.49704 val=None lr=6.09145e-05
2026-10-02 10:55:35,559 step=49050 train=1.58351 val=None lr=6.08705e-05
2026-10-02 10:55:37,892 step=49060 train=1.36905 val=None lr=6.08264e-05
2026-10-02 10:55:40,339 step=49070 train=1.65428 val=None lr=6.07824e-05
2026-10-02 10:55:42,628 step=49080 train=1.70797 val=None lr=6.07384e-05
2026-10-02 10:55:44,870 step=49090 train=1.39091 val=None lr=6.06944e-05
2026-10-02 10:55:48,442 step=49100 train=1.85650 val=1.6181235432624816 lr=6.06505e-05
2026-10-02 10:55:50,741 step=49110 train=1.86883 val=None lr=6.06065e-05
2026-10-02 10:55:52,975 step=49120 train=1.77456 val=None lr=6.05626e-05
2026-10-02 10:55:55,235 step=49130 train=1.43633 val=None lr=6.05188e-05
2026-10-02 10:55:57,563 step=49140 train=1.75752 val=None lr=6.04749e-05
2026-10-02 10:55:59,920 step=49150 train=1.61099 val=None lr=6.04311e-05
2026-10-02 10:56:02,279 step=49160 train=1.52325 val=None lr=6.03874e-05
2026-10-02 10:56:04,637 step=49170 train=1.90294 val=None lr=6.03436e-05
2026-10-02 10:56:07,055 step=49180 train=1.59053 val=None lr=6.02999e-05
2026-10-02 10:56:09,337 step=49190 train=1.65321 val=None lr=6.02562e-05
2026-10-02 10:56:12,949 step=49200 train=1.65007 val=1.616056537628174 lr=6.02125e-05
2026-10-02 10:56:15,277 step=49210 train=1.61147 val=None lr=6.01689e-05
2026-10-02 10:56:17,811 step=49220 train=2.07560 val=None lr=6.01253e-05
2026-10-02 10:56:20,138 step=49230 train=1.52056 val=None lr=6.00817e-05
2026-10-02 10:56:22,546 step=49240 train=1.69769 val=None lr=6.00381e-05
2026-10-02 10:56:24,821 step=49250 train=1.38335 val=None lr=5.99946e-05
2026-10-02 10:56:27,111 step=49260 train=1.53089 val=None lr=5.99511e-05
2026-10-02 10:56:29,418 step=49270 train=1.58869 val=None lr=5.99076e-05
2026-10-02 10:56:31,875 step=49280 train=1.63029 val=None lr=5.98641e-05
2026-10-02 10:56:34,184 step=49290 train=1.82439 val=None lr=5.98207e-05
2026-10-02 10:56:38,006 step=49300 train=1.49493 val=1.6173019468784333 lr=5.97773e-05
2026-10-02 10:56:40,397 step=49310 train=1.51582 val=None lr=5.9734e-05
2026-10-02 10:56:42,632 step=49320 train=1.47903 val=None lr=5.96906e-05
2026-10-02 10:56:44,850 step=49330 train=1.42586 val=None lr=5.96473e-05
2026-10-02 10:56:47,210 step=49340 train=1.90502 val=None lr=5.9604e-05
2026-10-02 10:56:49,626 step=49350 train=1.63941 val=None lr=5.95608e-05
2026-10-02 10:56:51,885 step=49360 train=1.88418 val=None lr=5.95175e-05
2026-10-02 10:56:54,138 step=49370 train=1.53358 val=None lr=5.94743e-05
2026-10-02 10:56:56,501 step=49380 train=1.59699 val=None lr=5.94312e-05
2026-10-02 10:56:59,174 step=49390 train=1.93934 val=None lr=5.9388e-05
2026-10-02 10:57:03,032 step=49400 train=1.61728 val=1.6184569776058197 lr=5.93449e-05
2026-10-02 10:57:05,793 step=49410 train=1.81153 val=None lr=5.93018e-05
2026-10-02 10:57:08,368 step=49420 train=1.73948 val=None lr=5.92588e-05
2026-10-02 10:57:10,931 step=49430 train=1.66472 val=None lr=5.92157e-05
2026-10-02 10:57:13,456 step=49440 train=1.51279 val=None lr=5.91727e-05
2026-10-02 10:57:16,243 step=49450 train=1.53704 val=None lr=5.91297e-05
2026-10-02 10:57:19,024 step=49460 train=1.67882 val=None lr=5.90868e-05
2026-10-02 10:57:21,560 step=49470 train=1.70504 val=None lr=5.90439e-05
2026-10-02 10:57:23,890 step=49480 train=1.48096 val=None lr=5.9001e-05
2026-10-02 10:57:26,826 step=49490 train=1.71741 val=None lr=5.89581e-05
2026-10-02 10:57:30,697 step=49500 train=1.67372 val=1.6157193243503571 lr=5.89153e-05
2026-10-02 10:57:35,525 step=49510 train=1.59308 val=None lr=5.88725e-05
2026-10-02 10:57:38,053 step=49520 train=1.73145 val=None lr=5.88297e-05
2026-10-02 10:57:40,656 step=49530 train=1.62315 val=None lr=5.87869e-05
2026-10-02 10:57:43,245 step=49540 train=1.52901 val=None lr=5.87442e-05
2026-10-02 10:57:45,837 step=49550 train=1.49998 val=None lr=5.87015e-05
2026-10-02 10:57:48,254 step=49560 train=1.70842 val=None lr=5.86588e-05
2026-10-02 10:57:50,989 step=49570 train=1.75480 val=None lr=5.86162e-05
2026-10-02 10:57:53,345 step=49580 train=1.85963 val=None lr=5.85736e-05
2026-10-02 10:57:55,700 step=49590 train=1.44554 val=None lr=5.8531e-05
2026-10-02 10:58:00,294 step=49600 train=1.45838 val=1.6156215488910675 lr=5.84884e-05
2026-10-02 10:58:02,806 step=49610 train=1.67959 val=None lr=5.84459e-05
2026-10-02 10:58:05,306 step=49620 train=1.75806 val=None lr=5.84034e-05
2026-10-02 10:58:07,734 step=49630 train=1.50119 val=None lr=5.83609e-05
2026-10-02 10:58:10,336 step=49640 train=1.66710 val=None lr=5.83185e-05
2026-10-02 10:58:12,690 step=49650 train=1.67277 val=None lr=5.8276e-05
2026-10-02 10:58:15,315 step=49660 train=1.72965 val=None lr=5.82337e-05
2026-10-02 10:58:17,991 step=49670 train=1.46639 val=None lr=5.81913e-05
2026-10-02 10:58:20,389 step=49680 train=1.53068 val=None lr=5.8149e-05
2026-10-02 10:58:22,866 step=49690 train=1.81286 val=None lr=5.81067e-05
2026-10-02 10:58:27,485 step=49700 train=1.65969 val=1.6143954575061799 lr=5.80644e-05
2026-10-02 10:58:29,749 step=49710 train=1.47548 val=None lr=5.80221e-05
2026-10-02 10:58:32,100 step=49720 train=1.66753 val=None lr=5.79799e-05
2026-10-02 10:58:34,405 step=49730 train=1.55292 val=None lr=5.79377e-05
2026-10-02 10:58:36,670 step=49740 train=1.66557 val=None lr=5.78955e-05
2026-10-02 10:58:39,079 step=49750 train=1.36647 val=None lr=5.78534e-05
2026-10-02 10:58:41,661 step=49760 train=1.49620 val=None lr=5.78113e-05
2026-10-02 10:58:44,004 step=49770 train=1.69415 val=None lr=5.77692e-05
2026-10-02 10:58:46,385 step=49780 train=1.57539 val=None lr=5.77272e-05
2026-10-02 10:58:48,660 step=49790 train=1.53439 val=None lr=5.76851e-05
2026-10-02 10:58:52,517 step=49800 train=1.73866 val=1.617265874147415 lr=5.76431e-05
2026-10-02 10:58:54,844 step=49810 train=1.56420 val=None lr=5.76012e-05
2026-10-02 10:58:57,620 step=49820 train=1.61437 val=None lr=5.75592e-05
2026-10-02 10:59:00,017 step=49830 train=1.67535 val=None lr=5.75173e-05
2026-10-02 10:59:02,355 step=49840 train=1.83212 val=None lr=5.74754e-05
2026-10-02 10:59:04,819 step=49850 train=1.47587 val=None lr=5.74336e-05
2026-10-02 10:59:07,315 step=49860 train=1.62826 val=None lr=5.73918e-05
2026-10-02 10:59:09,789 step=49870 train=1.64158 val=None lr=5.735e-05
2026-10-02 10:59:12,325 step=49880 train=1.64841 val=None lr=5.73082e-05
2026-10-02 10:59:14,889 step=49890 train=1.50024 val=None lr=5.72664e-05
2026-10-02 10:59:18,557 step=49900 train=1.65290 val=1.6159525632858276 lr=5.72247e-05
2026-10-02 10:59:20,877 step=49910 train=1.61037 val=None lr=5.7183e-05
2026-10-02 10:59:23,428 step=49920 train=1.73077 val=None lr=5.71414e-05
2026-10-02 10:59:25,940 step=49930 train=1.40623 val=None lr=5.70998e-05
2026-10-02 10:59:28,429 step=49940 train=2.00026 val=None lr=5.70582e-05
2026-10-02 10:59:30,879 step=49950 train=1.55200 val=None lr=5.70166e-05
2026-10-02 10:59:33,493 step=49960 train=1.40287 val=None lr=5.6975e-05
2026-10-02 10:59:35,893 step=49970 train=1.57505 val=None lr=5.69335e-05
2026-10-02 10:59:38,363 step=49980 train=1.68306 val=None lr=5.6892e-05
2026-10-02 10:59:40,993 step=49990 train=1.53831 val=None lr=5.68506e-05
2026-10-02 10:59:44,916 step=50000 train=1.61547 val=1.6146275699138641 lr=5.68092e-05
2026-10-02 10:59:49,423 step=50010 train=1.79543 val=None lr=5.67678e-05
2026-10-02 10:59:51,840 step=50020 train=1.88415 val=None lr=5.67264e-05
2026-10-02 10:59:54,389 step=50030 train=1.60829 val=None lr=5.6685e-05
2026-10-02 10:59:56,758 step=50040 train=1.83211 val=None lr=5.66437e-05
2026-10-02 10:59:59,234 step=50050 train=1.69187 val=None lr=5.66024e-05
2026-10-02 11:00:01,668 step=50060 train=1.63999 val=None lr=5.65612e-05
2026-10-02 11:00:04,080 step=50070 train=1.65201 val=None lr=5.652e-05
2026-10-02 11:00:06,360 step=50080 train=1.62838 val=None lr=5.64788e-05
2026-10-02 11:00:08,714 step=50090 train=1.69433 val=None lr=5.64376e-05
2026-10-02 11:00:12,444 step=50100 train=1.58924 val=1.6144065976142883 lr=5.63964e-05
2026-10-02 11:00:14,902 step=50110 train=1.46235 val=None lr=5.63553e-05
2026-10-02 11:00:17,187 step=50120 train=1.61569 val=None lr=5.63142e-05
2026-10-02 11:00:19,458 step=50130 train=1.78857 val=None lr=5.62732e-05
2026-10-02 11:00:21,921 step=50140 train=1.54354 val=None lr=5.62321e-05
2026-10-02 11:00:24,423 step=50150 train=1.73525 val=None lr=5.61911e-05
2026-10-02 11:00:26,768 step=50160 train=1.66173 val=None lr=5.61502e-05
2026-10-02 11:00:29,002 step=50170 train=1.82645 val=None lr=5.61092e-05
2026-10-02 11:00:31,476 step=50180 train=1.81924 val=None lr=5.60683e-05
2026-10-02 11:00:33,794 step=50190 train=1.49408 val=None lr=5.60274e-05
2026-10-02 11:00:37,412 step=50200 train=1.70731 val=1.61479195356369 lr=5.59866e-05
2026-10-02 11:00:39,685 step=50210 train=1.64821 val=None lr=5.59457e-05
2026-10-02 11:00:42,097 step=50220 train=1.43798 val=None lr=5.59049e-05
2026-10-02 11:00:44,464 step=50230 train=1.53501 val=None lr=5.58642e-05
2026-10-02 11:00:46,779 step=50240 train=1.54930 val=None lr=5.58234e-05
2026-10-02 11:00:49,252 step=50250 train=1.62611 val=None lr=5.57827e-05
2026-10-02 11:00:51,558 step=50260 train=1.52590 val=None lr=5.5742e-05
2026-10-02 11:00:54,044 step=50270 train=1.63932 val=None lr=5.57014e-05
2026-10-02 11:00:56,386 step=50280 train=1.71927 val=None lr=5.56607e-05
2026-10-02 11:00:58,985 step=50290 train=1.67407 val=None lr=5.56201e-05
2026-10-02 11:01:02,859 step=50300 train=1.61605 val=1.6153607428073884 lr=5.55796e-05
2026-10-02 11:01:05,247 step=50310 train=1.85999 val=None lr=5.5539e-05
2026-10-02 11:01:08,093 step=50320 train=1.61318 val=None lr=5.54985e-05
2026-10-02 11:01:10,790 step=50330 train=1.82099 val=None lr=5.5458e-05
2026-10-02 11:01:13,332 step=50340 train=1.90711 val=None lr=5.54176e-05
2026-10-02 11:01:15,790 step=50350 train=1.52862 val=None lr=5.53771e-05
2026-10-02 11:01:18,460 step=50360 train=1.74900 val=None lr=5.53367e-05
2026-10-02 11:01:21,117 step=50370 train=1.52214 val=None lr=5.52964e-05
2026-10-02 11:01:23,751 step=50380 train=1.82511 val=None lr=5.5256e-05
2026-10-02 11:01:26,371 step=50390 train=1.51704 val=None lr=5.52157e-05
2026-10-02 11:01:31,138 step=50400 train=1.57826 val=1.612744790315628 lr=5.51754e-05
2026-10-02 11:01:33,670 step=50410 train=1.66510 val=None lr=5.51352e-05
2026-10-02 11:01:36,427 step=50420 train=1.64351 val=None lr=5.5095e-05
2026-10-02 11:01:38,882 step=50430 train=1.73249 val=None lr=5.50548e-05
2026-10-02 11:01:41,290 step=50440 train=1.48202 val=None lr=5.50146e-05
2026-10-02 11:01:43,719 step=50450 train=1.66407 val=None lr=5.49745e-05
2026-10-02 11:01:46,322 step=50460 train=1.90953 val=None lr=5.49344e-05
2026-10-02 11:01:48,862 step=50470 train=1.77090 val=None lr=5.48943e-05
2026-10-02 11:01:51,423 step=50480 train=1.84973 val=None lr=5.48542e-05
2026-10-02 11:01:53,836 step=50490 train=1.56758 val=None lr=5.48142e-05
2026-10-02 11:01:58,546 step=50500 train=1.73891 val=1.6109187185764313 lr=5.47742e-05
2026-10-02 11:02:02,744 step=50510 train=1.87748 val=None lr=5.47342e-05
2026-10-02 11:02:05,033 step=50520 train=1.69633 val=None lr=5.46943e-05
2026-10-02 11:02:07,389 step=50530 train=1.48739 val=None lr=5.46544e-05
2026-10-02 11:02:10,144 step=50540 train=1.85265 val=None lr=5.46145e-05
2026-10-02 11:02:12,735 step=50550 train=1.71949 val=None lr=5.45747e-05
2026-10-02 11:02:15,493 step=50560 train=1.51318 val=None lr=5.45349e-05
2026-10-02 11:02:18,303 step=50570 train=1.62207 val=None lr=5.44951e-05
2026-10-02 11:02:20,837 step=50580 train=1.54510 val=None lr=5.44553e-05
2026-10-02 11:02:23,436 step=50590 train=1.65803 val=None lr=5.44156e-05
2026-10-02 11:02:27,712 step=50600 train=1.86128 val=1.6109599471092224 lr=5.43759e-05
2026-10-02 11:02:30,405 step=50610 train=1.74278 val=None lr=5.43362e-05
2026-10-02 11:02:32,970 step=50620 train=2.00228 val=None lr=5.42966e-05
2026-10-02 11:02:35,496 step=50630 train=1.83623 val=None lr=5.42569e-05
2026-10-02 11:02:37,954 step=50640 train=1.68135 val=None lr=5.42174e-05
2026-10-02 11:02:40,421 step=50650 train=1.74955 val=None lr=5.41778e-05
2026-10-02 11:02:42,694 step=50660 train=1.71210 val=None lr=5.41383e-05
2026-10-02 11:02:45,057 step=50670 train=1.67632 val=None lr=5.40988e-05
2026-10-02 11:02:47,458 step=50680 train=1.37376 val=None lr=5.40593e-05
2026-10-02 11:02:50,063 step=50690 train=1.62423 val=None lr=5.40199e-05
2026-10-02 11:02:53,755 step=50700 train=1.69895 val=1.6110749959945678 lr=5.39805e-05
2026-10-02 11:02:56,150 step=50710 train=1.80441 val=None lr=5.39411e-05
2026-10-02 11:02:58,472 step=50720 train=1.89014 val=None lr=5.39017e-05
2026-10-02 11:03:01,040 step=50730 train=1.51267 val=None lr=5.38624e-05
2026-10-02 11:03:03,442 step=50740 train=1.81043 val=None lr=5.38231e-05
2026-10-02 11:03:05,847 step=50750 train=1.55250 val=None lr=5.37838e-05
2026-10-02 11:03:08,275 step=50760 train=1.50752 val=None lr=5.37446e-05
2026-10-02 11:03:10,542 step=50770 train=1.61725 val=None lr=5.37054e-05
2026-10-02 11:03:12,985 step=50780 train=1.73862 val=None lr=5.36662e-05
2026-10-02 11:03:15,376 step=50790 train=1.42799 val=None lr=5.36271e-05
2026-10-02 11:03:19,957 step=50800 train=1.64947 val=1.6098008513450623 lr=5.35879e-05
2026-10-02 11:03:22,434 step=50810 train=1.79627 val=None lr=5.35489e-05
2026-10-02 11:03:25,039 step=50820 train=1.84152 val=None lr=5.35098e-05
2026-10-02 11:03:27,384 step=50830 train=1.46025 val=None lr=5.34708e-05
2026-10-02 11:03:29,660 step=50840 train=1.70975 val=None lr=5.34318e-05
2026-10-02 11:03:32,057 step=50850 train=1.69625 val=None lr=5.33928e-05
2026-10-02 11:03:34,331 step=50860 train=1.48112 val=None lr=5.33539e-05
2026-10-02 11:03:36,725 step=50870 train=1.86739 val=None lr=5.33149e-05
2026-10-02 11:03:39,114 step=50880 train=1.85879 val=None lr=5.32761e-05
2026-10-02 11:03:41,585 step=50890 train=1.44099 val=None lr=5.32372e-05
2026-10-02 11:03:45,466 step=50900 train=1.79091 val=1.612237000465393 lr=5.31984e-05
2026-10-02 11:03:47,937 step=50910 train=1.59854 val=None lr=5.31596e-05
2026-10-02 11:03:50,497 step=50920 train=1.45316 val=None lr=5.31208e-05
2026-10-02 11:03:53,232 step=50930 train=1.67535 val=None lr=5.30821e-05
2026-10-02 11:03:55,960 step=50940 train=2.05060 val=None lr=5.30434e-05
2026-10-02 11:03:58,443 step=50950 train=1.49873 val=None lr=5.30047e-05
2026-10-02 11:04:00,950 step=50960 train=1.68745 val=None lr=5.2966e-05
2026-10-02 11:04:03,371 step=50970 train=1.61586 val=None lr=5.29274e-05
2026-10-02 11:04:05,792 step=50980 train=1.54193 val=None lr=5.28888e-05
2026-10-02 11:04:08,147 step=50990 train=1.58371 val=None lr=5.28503e-05
2026-10-02 11:04:12,026 step=51000 train=1.51136 val=1.6110260784626007 lr=5.28117e-05
2026-10-02 11:04:16,572 step=51010 train=1.59362 val=None lr=5.27732e-05
2026-10-02 11:04:18,998 step=51020 train=1.71715 val=None lr=5.27348e-05
2026-10-02 11:04:21,466 step=51030 train=1.65267 val=None lr=5.26963e-05
2026-10-02 11:04:23,991 step=51040 train=1.82760 val=None lr=5.26579e-05
2026-10-02 11:04:26,327 step=51050 train=1.64626 val=None lr=5.26195e-05
2026-10-02 11:04:28,727 step=51060 train=1.61777 val=None lr=5.25812e-05
2026-10-02 11:04:31,158 step=51070 train=1.83318 val=None lr=5.25429e-05
2026-10-02 11:04:33,892 step=51080 train=1.62543 val=None lr=5.25046e-05
2026-10-02 11:04:36,593 step=51090 train=1.60626 val=None lr=5.24663e-05
2026-10-02 11:04:41,696 step=51100 train=1.59091 val=1.6092063903808593 lr=5.24281e-05
2026-10-02 11:04:44,217 step=51110 train=1.63199 val=None lr=5.23899e-05
2026-10-02 11:04:46,820 step=51120 train=1.42949 val=None lr=5.23517e-05
2026-10-02 11:04:49,593 step=51130 train=1.46485 val=None lr=5.23135e-05
2026-10-02 11:04:51,876 step=51140 train=1.70320 val=None lr=5.22754e-05
2026-10-02 11:04:54,194 step=51150 train=1.59166 val=None lr=5.22373e-05
2026-10-02 11:04:56,700 step=51160 train=1.64075 val=None lr=5.21993e-05
2026-10-02 11:04:59,266 step=51170 train=1.58173 val=None lr=5.21613e-05
2026-10-02 11:05:01,623 step=51180 train=1.60667 val=None lr=5.21233e-05
2026-10-02 11:05:04,093 step=51190 train=1.58740 val=None lr=5.20853e-05
2026-10-02 11:05:08,692 step=51200 train=1.55051 val=1.608798485994339 lr=5.20474e-05
2026-10-02 11:05:11,086 step=51210 train=1.71382 val=None lr=5.20094e-05
2026-10-02 11:05:13,414 step=51220 train=1.77360 val=None lr=5.19716e-05
2026-10-02 11:05:15,781 step=51230 train=1.77410 val=None lr=5.19337e-05
2026-10-02 11:05:18,127 step=51240 train=1.72252 val=None lr=5.18959e-05
2026-10-02 11:05:20,627 step=51250 train=1.60621 val=None lr=5.18581e-05
2026-10-02 11:05:23,079 step=51260 train=1.64655 val=None lr=5.18203e-05
2026-10-02 11:05:25,526 step=51270 train=1.69408 val=None lr=5.17826e-05
2026-10-02 11:05:27,969 step=51280 train=1.58125 val=None lr=5.17449e-05
2026-10-02 11:05:30,321 step=51290 train=1.86453 val=None lr=5.17072e-05
2026-10-02 11:05:34,560 step=51300 train=1.65616 val=1.6072058916091918 lr=5.16696e-05
2026-10-02 11:05:37,201 step=51310 train=1.62215 val=None lr=5.1632e-05
2026-10-02 11:05:39,616 step=51320 train=1.76088 val=None lr=5.15944e-05
2026-10-02 11:05:41,894 step=51330 train=1.50805 val=None lr=5.15569e-05
2026-10-02 11:05:44,333 step=51340 train=1.86776 val=None lr=5.15193e-05
2026-10-02 11:05:46,636 step=51350 train=1.83931 val=None lr=5.14818e-05
2026-10-02 11:05:48,975 step=51360 train=1.78118 val=None lr=5.14444e-05
2026-10-02 11:05:51,314 step=51370 train=1.67671 val=None lr=5.1407e-05
2026-10-02 11:05:53,710 step=51380 train=1.66248 val=None lr=5.13696e-05
2026-10-02 11:05:55,928 step=51390 train=1.55895 val=None lr=5.13322e-05
2026-10-02 11:05:59,574 step=51400 train=1.64734 val=1.6072978854179383 lr=5.12948e-05
2026-10-02 11:06:01,921 step=51410 train=1.65890 val=None lr=5.12575e-05
2026-10-02 11:06:04,357 step=51420 train=1.62071 val=None lr=5.12202e-05
2026-10-02 11:06:06,907 step=51430 train=1.59646 val=None lr=5.1183e-05
2026-10-02 11:06:09,210 step=51440 train=1.60903 val=None lr=5.11458e-05
2026-10-02 11:06:11,487 step=51450 train=1.41908 val=None lr=5.11086e-05
2026-10-02 11:06:13,715 step=51460 train=1.67466 val=None lr=5.10714e-05
2026-10-02 11:06:16,136 step=51470 train=1.89622 val=None lr=5.10343e-05
2026-10-02 11:06:18,457 step=51480 train=1.45638 val=None lr=5.09972e-05
2026-10-02 11:06:20,957 step=51490 train=1.69725 val=None lr=5.09601e-05
2026-10-02 11:06:24,580 step=51500 train=1.77849 val=1.6073232293128967 lr=5.09231e-05
2026-10-02 11:06:29,305 step=51510 train=1.47746 val=None lr=5.08861e-05
2026-10-02 11:06:31,576 step=51520 train=1.53300 val=None lr=5.08491e-05
2026-10-02 11:06:33,805 step=51530 train=1.77797 val=None lr=5.08121e-05
2026-10-02 11:06:36,105 step=51540 train=1.51724 val=None lr=5.07752e-05
2026-10-02 11:06:38,426 step=51550 train=1.54447 val=None lr=5.07383e-05
2026-10-02 11:06:40,925 step=51560 train=1.74090 val=None lr=5.07014e-05
2026-10-02 11:06:43,297 step=51570 train=1.63587 val=None lr=5.06646e-05
2026-10-02 11:06:45,658 step=51580 train=1.60518 val=None lr=5.06278e-05
2026-10-02 11:06:47,937 step=51590 train=1.57994 val=None lr=5.0591e-05
2026-10-02 11:06:51,678 step=51600 train=1.39867 val=1.6076846897602082 lr=5.05543e-05
2026-10-02 11:06:53,927 step=51610 train=1.53874 val=None lr=5.05176e-05
2026-10-02 11:06:56,134 step=51620 train=1.52487 val=None lr=5.04809e-05
2026-10-02 11:06:58,410 step=51630 train=1.72562 val=None lr=5.04443e-05
2026-10-02 11:07:01,001 step=51640 train=1.74913 val=None lr=5.04076e-05
2026-10-02 11:07:03,323 step=51650 train=1.69317 val=None lr=5.0371e-05
2026-10-02 11:07:05,671 step=51660 train=1.78757 val=None lr=5.03345e-05
2026-10-02 11:07:07,869 step=51670 train=1.71596 val=None lr=5.02979e-05
2026-10-02 11:07:10,147 step=51680 train=1.57348 val=None lr=5.02614e-05
2026-10-02 11:07:12,383 step=51690 train=1.49730 val=None lr=5.0225e-05
2026-10-02 11:07:15,944 step=51700 train=1.54178 val=1.6078325450420379 lr=5.01885e-05
2026-10-02 11:07:18,167 step=51710 train=1.71949 val=None lr=5.01521e-05
2026-10-02 11:07:20,414 step=51720 train=1.62614 val=None lr=5.01157e-05
2026-10-02 11:07:22,787 step=51730 train=1.57820 val=None lr=5.00794e-05
2026-10-02 11:07:25,113 step=51740 train=1.88423 val=None lr=5.00431e-05
2026-10-02 11:07:27,331 step=51750 train=1.86752 val=None lr=5.00068e-05
2026-10-02 11:07:29,566 step=51760 train=1.61657 val=None lr=4.99705e-05
2026-10-02 11:07:31,921 step=51770 train=1.56276 val=None lr=4.99343e-05
2026-10-02 11:07:34,115 step=51780 train=1.65192 val=None lr=4.98981e-05
2026-10-02 11:07:36,530 step=51790 train=1.79765 val=None lr=4.98619e-05
2026-10-02 11:07:41,149 step=51800 train=1.64997 val=1.6067438423633575 lr=4.98258e-05
2026-10-02 11:07:43,467 step=51810 train=1.50835 val=None lr=4.97897e-05
2026-10-02 11:07:45,821 step=51820 train=1.63691 val=None lr=4.97536e-05
2026-10-02 11:07:48,175 step=51830 train=1.70696 val=None lr=4.97176e-05
2026-10-02 11:07:50,428 step=51840 train=1.73164 val=None lr=4.96815e-05
2026-10-02 11:07:52,660 step=51850 train=1.57997 val=None lr=4.96456e-05
2026-10-02 11:07:55,133 step=51860 train=1.78083 val=None lr=4.96096e-05
2026-10-02 11:07:57,579 step=51870 train=1.38972 val=None lr=4.95737e-05
2026-10-02 11:07:59,886 step=51880 train=1.32947 val=None lr=4.95378e-05
2026-10-02 11:08:02,154 step=51890 train=1.90682 val=None lr=4.95019e-05
2026-10-02 11:08:05,839 step=51900 train=1.62923 val=1.606969565153122 lr=4.94661e-05
2026-10-02 11:08:08,106 step=51910 train=1.69133 val=None lr=4.94303e-05
2026-10-02 11:08:10,418 step=51920 train=1.87815 val=None lr=4.93945e-05
2026-10-02 11:08:12,710 step=51930 train=1.62689 val=None lr=4.93588e-05
2026-10-02 11:08:15,371 step=51940 train=1.47859 val=None lr=4.93231e-05
2026-10-02 11:08:17,638 step=51950 train=1.70368 val=None lr=4.92874e-05
2026-10-02 11:08:19,939 step=51960 train=1.66737 val=None lr=4.92517e-05
2026-10-02 11:08:22,274 step=51970 train=1.54663 val=None lr=4.92161e-05
2026-10-02 11:08:24,599 step=51980 train=1.62577 val=None lr=4.91805e-05
2026-10-02 11:08:26,988 step=51990 train=1.60295 val=None lr=4.91449e-05
2026-10-02 11:08:31,639 step=52000 train=1.91008 val=1.6043489634990693 lr=4.91094e-05
2026-10-02 11:08:35,941 step=52010 train=1.88403 val=None lr=4.90739e-05
2026-10-02 11:08:38,770 step=52020 train=1.78868 val=None lr=4.90384e-05
2026-10-02 11:08:41,189 step=52030 train=1.83400 val=None lr=4.9003e-05
2026-10-02 11:08:43,548 step=52040 train=1.71962 val=None lr=4.89676e-05
2026-10-02 11:08:45,942 step=52050 train=1.54226 val=None lr=4.89322e-05
2026-10-02 11:08:48,551 step=52060 train=1.76949 val=None lr=4.88969e-05
2026-10-02 11:08:51,001 step=52070 train=1.81888 val=None lr=4.88616e-05
2026-10-02 11:08:53,333 step=52080 train=1.87691 val=None lr=4.88263e-05
2026-10-02 11:08:56,031 step=52090 train=1.70958 val=None lr=4.8791e-05
2026-10-02 11:08:59,773 step=52100 train=1.85904 val=1.6055451929569244 lr=4.87558e-05
2026-10-02 11:09:02,036 step=52110 train=1.41324 val=None lr=4.87206e-05
2026-10-02 11:09:04,339 step=52120 train=1.47335 val=None lr=4.86854e-05
2026-10-02 11:09:06,569 step=52130 train=1.70310 val=None lr=4.86503e-05
2026-10-02 11:09:08,932 step=52140 train=1.64375 val=None lr=4.86152e-05
2026-10-02 11:09:11,241 step=52150 train=1.58771 val=None lr=4.85801e-05
2026-10-02 11:09:13,944 step=52160 train=1.49504 val=None lr=4.85451e-05
2026-10-02 11:09:16,532 step=52170 train=1.59769 val=None lr=4.85101e-05
2026-10-02 11:09:18,890 step=52180 train=1.51662 val=None lr=4.84751e-05
2026-10-02 11:09:21,346 step=52190 train=1.62905 val=None lr=4.84401e-05
2026-10-02 11:09:25,969 step=52200 train=1.44517 val=1.6024486720561981 lr=4.84052e-05
2026-10-02 11:09:28,446 step=52210 train=1.47973 val=None lr=4.83703e-05
2026-10-02 11:09:30,934 step=52220 train=1.58754 val=None lr=4.83355e-05
2026-10-02 11:09:33,536 step=52230 train=1.43055 val=None lr=4.83007e-05
2026-10-02 11:09:36,034 step=52240 train=1.64788 val=None lr=4.82659e-05
2026-10-02 11:09:38,360 step=52250 train=1.82053 val=None lr=4.82311e-05
2026-10-02 11:09:40,701 step=52260 train=1.72065 val=None lr=4.81964e-05
2026-10-02 11:09:43,111 step=52270 train=1.57837 val=None lr=4.81617e-05
2026-10-02 11:09:45,335 step=52280 train=1.87726 val=None lr=4.8127e-05
2026-10-02 11:09:47,742 step=52290 train=1.48798 val=None lr=4.80923e-05
2026-10-02 11:09:52,182 step=52300 train=1.43714 val=1.6015567064285279 lr=4.80577e-05
2026-10-02 11:09:54,575 step=52310 train=1.59248 val=None lr=4.80231e-05
2026-10-02 11:09:56,957 step=52320 train=1.51619 val=None lr=4.79886e-05
2026-10-02 11:09:59,395 step=52330 train=1.53690 val=None lr=4.79541e-05
2026-10-02 11:10:01,874 step=52340 train=1.71349 val=None lr=4.79196e-05
2026-10-02 11:10:04,283 step=52350 train=1.54734 val=None lr=4.78851e-05
2026-10-02 11:10:06,754 step=52360 train=1.83482 val=None lr=4.78507e-05
2026-10-02 11:10:09,141 step=52370 train=1.73499 val=None lr=4.78163e-05
2026-10-02 11:10:11,672 step=52380 train=1.66248 val=None lr=4.77819e-05
2026-10-02 11:10:14,048 step=52390 train=1.56795 val=None lr=4.77476e-05
2026-10-02 11:10:18,218 step=52400 train=1.74371 val=1.6015663266181945 lr=4.77133e-05
2026-10-02 11:10:21,156 step=52410 train=1.65405 val=None lr=4.7679e-05
2026-10-02 11:10:23,491 step=52420 train=1.52765 val=None lr=4.76448e-05
2026-10-02 11:10:25,883 step=52430 train=1.59508 val=None lr=4.76106e-05
2026-10-02 11:10:28,596 step=52440 train=1.63161 val=None lr=4.75764e-05
2026-10-02 11:10:31,269 step=52450 train=1.44978 val=None lr=4.75423e-05
2026-10-02 11:10:33,567 step=52460 train=1.54999 val=None lr=4.75081e-05
2026-10-02 11:10:36,123 step=52470 train=1.68065 val=None lr=4.74741e-05
2026-10-02 11:10:38,495 step=52480 train=1.46610 val=None lr=4.744e-05
2026-10-02 11:10:40,801 step=52490 train=1.68486 val=None lr=4.7406e-05
2026-10-02 11:10:45,411 step=52500 train=1.42487 val=1.5998351991176605 lr=4.7372e-05
2026-10-02 11:10:50,189 step=52510 train=1.49866 val=None lr=4.7338e-05
2026-10-02 11:10:52,581 step=52520 train=1.65705 val=None lr=4.73041e-05
2026-10-02 11:10:54,864 step=52530 train=1.81503 val=None lr=4.72702e-05
2026-10-02 11:10:57,204 step=52540 train=1.76799 val=None lr=4.72363e-05
2026-10-02 11:10:59,843 step=52550 train=1.47199 val=None lr=4.72025e-05
2026-10-02 11:11:02,155 step=52560 train=1.42370 val=None lr=4.71687e-05
2026-10-02 11:11:04,658 step=52570 train=1.60823 val=None lr=4.71349e-05
2026-10-02 11:11:06,902 step=52580 train=1.54780 val=None lr=4.71011e-05
2026-10-02 11:11:09,352 step=52590 train=1.57675 val=None lr=4.70674e-05
2026-10-02 11:11:14,175 step=52600 train=1.62713 val=1.5996225297451019 lr=4.70337e-05
2026-10-02 11:11:16,524 step=52610 train=1.65519 val=None lr=4.70001e-05
2026-10-02 11:11:18,880 step=52620 train=1.86509 val=None lr=4.69665e-05
2026-10-02 11:11:21,237 step=52630 train=1.82750 val=None lr=4.69329e-05
2026-10-02 11:11:24,084 step=52640 train=1.70368 val=None lr=4.68993e-05
2026-10-02 11:11:26,642 step=52650 train=1.78500 val=None lr=4.68658e-05
2026-10-02 11:11:29,100 step=52660 train=1.55710 val=None lr=4.68323e-05
2026-10-02 11:11:31,661 step=52670 train=1.76922 val=None lr=4.67988e-05
2026-10-02 11:11:33,984 step=52680 train=1.67666 val=None lr=4.67654e-05
2026-10-02 11:11:36,527 step=52690 train=1.73396 val=None lr=4.6732e-05
2026-10-02 11:11:40,370 step=52700 train=1.86113 val=1.6006704807281493 lr=4.66986e-05
2026-10-02 11:11:42,684 step=52710 train=1.61427 val=None lr=4.66653e-05
2026-10-02 11:11:45,044 step=52720 train=1.70866 val=None lr=4.66319e-05
2026-10-02 11:11:47,574 step=52730 train=1.56765 val=None lr=4.65987e-05
2026-10-02 11:11:49,879 step=52740 train=1.43208 val=None lr=4.65654e-05
2026-10-02 11:11:52,173 step=52750 train=1.66539 val=None lr=4.65322e-05
2026-10-02 11:11:54,449 step=52760 train=1.63521 val=None lr=4.6499e-05
2026-10-02 11:11:56,863 step=52770 train=1.54528 val=None lr=4.64659e-05
2026-10-02 11:11:59,281 step=52780 train=1.60293 val=None lr=4.64327e-05
2026-10-02 11:12:01,851 step=52790 train=1.76352 val=None lr=4.63996e-05
2026-10-02 11:12:06,512 step=52800 train=1.86056 val=1.5985350847244262 lr=4.63666e-05
2026-10-02 11:12:09,015 step=52810 train=1.94321 val=None lr=4.63335e-05
2026-10-02 11:12:11,486 step=52820 train=1.77178 val=None lr=4.63005e-05
2026-10-02 11:12:13,984 step=52830 train=1.63079 val=None lr=4.62676e-05
2026-10-02 11:12:16,519 step=52840 train=1.56098 val=None lr=4.62346e-05
2026-10-02 11:12:18,883 step=52850 train=1.60867 val=None lr=4.62017e-05
2026-10-02 11:12:21,302 step=52860 train=1.88723 val=None lr=4.61689e-05
2026-10-02 11:12:23,820 step=52870 train=1.72886 val=None lr=4.6136e-05
2026-10-02 11:12:26,451 step=52880 train=1.52549 val=None lr=4.61032e-05
2026-10-02 11:12:28,959 step=52890 train=1.67475 val=None lr=4.60704e-05
2026-10-02 11:12:33,843 step=52900 train=1.47870 val=1.5973248541355134 lr=4.60377e-05
2026-10-02 11:12:36,299 step=52910 train=1.69483 val=None lr=4.6005e-05
2026-10-02 11:12:38,756 step=52920 train=1.57940 val=None lr=4.59723e-05
2026-10-02 11:12:41,356 step=52930 train=1.91611 val=None lr=4.59396e-05
2026-10-02 11:12:43,832 step=52940 train=1.82980 val=None lr=4.5907e-05
2026-10-02 11:12:46,359 step=52950 train=1.50545 val=None lr=4.58744e-05
2026-10-02 11:12:48,670 step=52960 train=1.64739 val=None lr=4.58418e-05
2026-10-02 11:12:51,045 step=52970 train=1.70047 val=None lr=4.58093e-05
2026-10-02 11:12:53,562 step=52980 train=1.78509 val=None lr=4.57768e-05
2026-10-02 11:12:56,009 step=52990 train=1.55712 val=None lr=4.57443e-05
2026-10-02 11:13:00,986 step=53000 train=1.63591 val=1.5968742311000823 lr=4.57119e-05
2026-10-02 11:13:05,810 step=53010 train=1.41214 val=None lr=4.56795e-05
2026-10-02 11:13:08,393 step=53020 train=1.60230 val=None lr=4.56471e-05
2026-10-02 11:13:10,812 step=53030 train=1.50605 val=None lr=4.56148e-05
2026-10-02 11:13:13,334 step=53040 train=1.86209 val=None lr=4.55825e-05
2026-10-02 11:13:15,923 step=53050 train=1.82696 val=None lr=4.55502e-05
2026-10-02 11:13:18,515 step=53060 train=1.53352 val=None lr=4.55179e-05
2026-10-02 11:13:21,048 step=53070 train=1.38987 val=None lr=4.54857e-05
2026-10-02 11:13:23,535 step=53080 train=1.61720 val=None lr=4.54535e-05
2026-10-02 11:13:26,055 step=53090 train=1.67838 val=None lr=4.54214e-05
2026-10-02 11:13:29,834 step=53100 train=1.60892 val=1.5985206604003905 lr=4.53893e-05
2026-10-02 11:13:32,445 step=53110 train=1.67120 val=None lr=4.53572e-05
2026-10-02 11:13:34,740 step=53120 train=1.59063 val=None lr=4.53251e-05
2026-10-02 11:13:37,043 step=53130 train=1.68860 val=None lr=4.52931e-05
2026-10-02 11:13:39,968 step=53140 train=1.67790 val=None lr=4.52611e-05
2026-10-02 11:13:42,322 step=53150 train=1.50850 val=None lr=4.52291e-05
2026-10-02 11:13:44,810 step=53160 train=1.86873 val=None lr=4.51972e-05
2026-10-02 11:13:47,297 step=53170 train=1.82221 val=None lr=4.51653e-05
2026-10-02 11:13:49,872 step=53180 train=1.68238 val=None lr=4.51334e-05
2026-10-02 11:13:52,309 step=53190 train=1.66741 val=None lr=4.51016e-05
2026-10-02 11:13:56,027 step=53200 train=1.52437 val=1.5993595182895661 lr=4.50698e-05
2026-10-02 11:13:58,443 step=53210 train=1.73519 val=None lr=4.5038e-05
2026-10-02 11:14:00,900 step=53220 train=1.60316 val=None lr=4.50063e-05
2026-10-02 11:14:03,251 step=53230 train=1.64435 val=None lr=4.49745e-05
2026-10-02 11:14:05,644 step=53240 train=1.71255 val=None lr=4.49429e-05
2026-10-02 11:14:07,933 step=53250 train=1.64935 val=None lr=4.49112e-05
2026-10-02 11:14:10,506 step=53260 train=1.60553 val=None lr=4.48796e-05
2026-10-02 11:14:12,941 step=53270 train=1.74202 val=None lr=4.4848e-05
2026-10-02 11:14:15,404 step=53280 train=1.47369 val=None lr=4.48165e-05
2026-10-02 11:14:17,888 step=53290 train=1.71019 val=None lr=4.47849e-05
2026-10-02 11:14:21,779 step=53300 train=1.31264 val=1.5985112845897675 lr=4.47534e-05
2026-10-02 11:14:24,207 step=53310 train=1.54371 val=None lr=4.4722e-05
2026-10-02 11:14:26,878 step=53320 train=1.89211 val=None lr=4.46906e-05
2026-10-02 11:14:29,307 step=53330 train=1.97834 val=None lr=4.46592e-05
2026-10-02 11:14:31,592 step=53340 train=1.76920 val=None lr=4.46278e-05
2026-10-02 11:14:34,074 step=53350 train=1.78588 val=None lr=4.45965e-05
2026-10-02 11:14:36,600 step=53360 train=1.54440 val=None lr=4.45652e-05
2026-10-02 11:14:39,086 step=53370 train=1.64182 val=None lr=4.45339e-05
2026-10-02 11:14:41,639 step=53380 train=1.60739 val=None lr=4.45026e-05
2026-10-02 11:14:44,036 step=53390 train=1.58695 val=None lr=4.44714e-05
2026-10-02 11:14:47,844 step=53400 train=1.51809 val=1.5990200877189635 lr=4.44403e-05
2026-10-02 11:14:50,421 step=53410 train=1.43227 val=None lr=4.44091e-05
2026-10-02 11:14:53,033 step=53420 train=1.60100 val=None lr=4.4378e-05
2026-10-02 11:14:55,463 step=53430 train=1.46671 val=None lr=4.43469e-05
2026-10-02 11:14:58,035 step=53440 train=1.69181 val=None lr=4.43159e-05
2026-10-02 11:15:00,552 step=53450 train=1.43046 val=None lr=4.42849e-05
2026-10-02 11:15:02,997 step=53460 train=1.57725 val=None lr=4.42539e-05
2026-10-02 11:15:05,375 step=53470 train=1.54741 val=None lr=4.42229e-05
2026-10-02 11:15:07,684 step=53480 train=1.58334 val=None lr=4.4192e-05
2026-10-02 11:15:10,184 step=53490 train=1.58961 val=None lr=4.41611e-05
2026-10-02 11:15:14,972 step=53500 train=1.82074 val=1.5967802286148072 lr=4.41303e-05
2026-10-02 11:15:20,734 step=53510 train=1.79411 val=None lr=4.40994e-05
2026-10-02 11:15:23,209 step=53520 train=1.48201 val=None lr=4.40687e-05
2026-10-02 11:15:25,635 step=53530 train=1.49958 val=None lr=4.40379e-05
2026-10-02 11:15:28,492 step=53540 train=1.52365 val=None lr=4.40072e-05
2026-10-02 11:15:30,842 step=53550 train=1.74338 val=None lr=4.39765e-05
2026-10-02 11:15:33,257 step=53560 train=1.49541 val=None lr=4.39458e-05
2026-10-02 11:15:35,974 step=53570 train=1.52241 val=None lr=4.39152e-05
2026-10-02 11:15:38,371 step=53580 train=1.44518 val=None lr=4.38846e-05
2026-10-02 11:15:40,797 step=53590 train=1.67313 val=None lr=4.3854e-05
2026-10-02 11:15:44,826 step=53600 train=1.44615 val=1.5968153357505799 lr=4.38235e-05
2026-10-02 11:15:47,412 step=53610 train=1.72033 val=None lr=4.37929e-05
2026-10-02 11:15:49,847 step=53620 train=1.67126 val=None lr=4.37625e-05
2026-10-02 11:15:52,243 step=53630 train=1.62837 val=None lr=4.3732e-05
2026-10-02 11:15:54,670 step=53640 train=1.68043 val=None lr=4.37016e-05
2026-10-02 11:15:56,971 step=53650 train=1.84736 val=None lr=4.36712e-05
2026-10-02 11:15:59,270 step=53660 train=1.71778 val=None lr=4.36409e-05
2026-10-02 11:16:01,595 step=53670 train=1.54578 val=None lr=4.36106e-05
2026-10-02 11:16:04,060 step=53680 train=1.68873 val=None lr=4.35803e-05
2026-10-02 11:16:06,327 step=53690 train=1.53577 val=None lr=4.355e-05
2026-10-02 11:16:11,288 step=53700 train=1.55903 val=1.595978170633316 lr=4.35198e-05
2026-10-02 11:16:13,675 step=53710 train=1.64367 val=None lr=4.34896e-05
2026-10-02 11:16:16,361 step=53720 train=1.63301 val=None lr=4.34595e-05
2026-10-02 11:16:18,878 step=53730 train=1.57718 val=None lr=4.34294e-05
2026-10-02 11:16:21,351 step=53740 train=1.46307 val=None lr=4.33993e-05
2026-10-02 11:16:23,944 step=53750 train=1.59027 val=None lr=4.33692e-05
2026-10-02 11:16:26,466 step=53760 train=1.43107 val=None lr=4.33392e-05
2026-10-02 11:16:28,832 step=53770 train=1.57312 val=None lr=4.33092e-05
2026-10-02 11:16:31,310 step=53780 train=1.79571 val=None lr=4.32792e-05
2026-10-02 11:16:33,710 step=53790 train=1.67516 val=None lr=4.32493e-05
2026-10-02 11:16:38,827 step=53800 train=1.51222 val=1.5949852466583252 lr=4.32194e-05
2026-10-02 11:16:41,294 step=53810 train=1.52148 val=None lr=4.31895e-05
2026-10-02 11:16:43,853 step=53820 train=1.55042 val=None lr=4.31597e-05
2026-10-02 11:16:46,835 step=53830 train=1.64800 val=None lr=4.31299e-05
2026-10-02 11:16:49,230 step=53840 train=1.58908 val=None lr=4.31001e-05
2026-10-02 11:16:51,870 step=53850 train=1.66083 val=None lr=4.30704e-05
2026-10-02 11:16:54,297 step=53860 train=1.70879 val=None lr=4.30407e-05
2026-10-02 11:16:56,817 step=53870 train=1.39930 val=None lr=4.3011e-05
2026-10-02 11:16:59,345 step=53880 train=1.55123 val=None lr=4.29813e-05
2026-10-02 11:17:01,789 step=53890 train=1.57272 val=None lr=4.29517e-05
2026-10-02 11:17:05,809 step=53900 train=1.48758 val=1.5954715847969054 lr=4.29222e-05
2026-10-02 11:17:08,726 step=53910 train=1.64865 val=None lr=4.28926e-05
2026-10-02 11:17:11,326 step=53920 train=1.81675 val=None lr=4.28631e-05
2026-10-02 11:17:13,695 step=53930 train=1.93723 val=None lr=4.28336e-05
2026-10-02 11:17:16,232 step=53940 train=1.68818 val=None lr=4.28042e-05
2026-10-02 11:17:18,572 step=53950 train=1.62660 val=None lr=4.27747e-05
2026-10-02 11:17:20,970 step=53960 train=1.52529 val=None lr=4.27454e-05
2026-10-02 11:17:23,422 step=53970 train=1.86243 val=None lr=4.2716e-05
2026-10-02 11:17:25,887 step=53980 train=1.44164 val=None lr=4.26867e-05
2026-10-02 11:17:28,489 step=53990 train=1.52706 val=None lr=4.26574e-05
2026-10-02 11:17:33,258 step=54000 train=1.67304 val=1.5945501267910003 lr=4.26281e-05
2026-10-02 11:17:37,592 step=54010 train=1.62097 val=None lr=4.25989e-05
2026-10-02 11:17:40,043 step=54020 train=1.74994 val=None lr=4.25697e-05
2026-10-02 11:17:42,721 step=54030 train=1.67398 val=None lr=4.25406e-05
2026-10-02 11:17:45,197 step=54040 train=1.65417 val=None lr=4.25114e-05
2026-10-02 11:17:47,559 step=54050 train=1.64046 val=None lr=4.24823e-05
2026-10-02 11:17:49,869 step=54060 train=1.41564 val=None lr=4.24533e-05
2026-10-02 11:17:52,272 step=54070 train=1.65290 val=None lr=4.24242e-05
2026-10-02 11:17:54,583 step=54080 train=1.58124 val=None lr=4.23952e-05
2026-10-02 11:17:57,008 step=54090 train=1.36537 val=None lr=4.23663e-05
2026-10-02 11:18:00,925 step=54100 train=1.76486 val=1.5964840531349183 lr=4.23373e-05
2026-10-02 11:18:03,254 step=54110 train=1.48157 val=None lr=4.23084e-05
2026-10-02 11:18:05,835 step=54120 train=1.65210 val=None lr=4.22796e-05
2026-10-02 11:18:08,245 step=54130 train=1.59699 val=None lr=4.22507e-05
2026-10-02 11:18:10,708 step=54140 train=1.68580 val=None lr=4.22219e-05
2026-10-02 11:18:13,066 step=54150 train=1.67854 val=None lr=4.21931e-05
2026-10-02 11:18:15,433 step=54160 train=1.65026 val=None lr=4.21644e-05
2026-10-02 11:18:17,770 step=54170 train=1.82942 val=None lr=4.21357e-05
2026-10-02 11:18:20,207 step=54180 train=1.51660 val=None lr=4.2107e-05
2026-10-02 11:18:22,632 step=54190 train=1.51118 val=None lr=4.20784e-05
2026-10-02 11:18:26,444 step=54200 train=1.57782 val=1.5947127997875215 lr=4.20498e-05
2026-10-02 11:18:28,948 step=54210 train=2.06695 val=None lr=4.20212e-05
2026-10-02 11:18:31,363 step=54220 train=1.50295 val=None lr=4.19926e-05
2026-10-02 11:18:33,692 step=54230 train=1.77550 val=None lr=4.19641e-05
2026-10-02 11:18:36,236 step=54240 train=1.50227 val=None lr=4.19356e-05
2026-10-02 11:18:38,680 step=54250 train=1.66907 val=None lr=4.19072e-05
2026-10-02 11:18:41,037 step=54260 train=1.95705 val=None lr=4.18788e-05
2026-10-02 11:18:43,679 step=54270 train=1.49394 val=None lr=4.18504e-05
2026-10-02 11:18:46,151 step=54280 train=1.60024 val=None lr=4.1822e-05
2026-10-02 11:18:48,705 step=54290 train=1.65018 val=None lr=4.17937e-05
2026-10-02 11:18:52,570 step=54300 train=1.65175 val=1.594832718372345 lr=4.17654e-05
2026-10-02 11:18:54,932 step=54310 train=1.63415 val=None lr=4.17372e-05
2026-10-02 11:18:57,621 step=54320 train=1.62201 val=None lr=4.17089e-05
2026-10-02 11:19:00,342 step=54330 train=1.80389 val=None lr=4.16808e-05
2026-10-02 11:19:02,675 step=54340 train=1.95834 val=None lr=4.16526e-05
2026-10-02 11:19:05,159 step=54350 train=1.56510 val=None lr=4.16245e-05
2026-10-02 11:19:07,598 step=54360 train=1.69809 val=None lr=4.15964e-05
2026-10-02 11:19:09,938 step=54370 train=1.69488 val=None lr=4.15683e-05
2026-10-02 11:19:12,219 step=54380 train=1.76674 val=None lr=4.15403e-05
2026-10-02 11:19:14,565 step=54390 train=1.55058 val=None lr=4.15123e-05
2026-10-02 11:19:18,547 step=54400 train=1.53615 val=1.5956127107143403 lr=4.14843e-05
2026-10-02 11:19:21,031 step=54410 train=1.61032 val=None lr=4.14564e-05
2026-10-02 11:19:23,466 step=54420 train=1.78132 val=None lr=4.14285e-05
2026-10-02 11:19:26,093 step=54430 train=1.78177 val=None lr=4.14006e-05
2026-10-02 11:19:28,482 step=54440 train=1.49837 val=None lr=4.13728e-05
2026-10-02 11:19:31,024 step=54450 train=1.55106 val=None lr=4.1345e-05
2026-10-02 11:19:33,447 step=54460 train=1.47308 val=None lr=4.13172e-05
2026-10-02 11:19:36,146 step=54470 train=1.83365 val=None lr=4.12895e-05
2026-10-02 11:19:38,510 step=54480 train=1.64065 val=None lr=4.12618e-05
2026-10-02 11:19:40,845 step=54490 train=1.64539 val=None lr=4.12341e-05
2026-10-02 11:19:44,665 step=54500 train=2.04081 val=1.5951316952705383 lr=4.12065e-05
2026-10-02 11:19:49,255 step=54510 train=1.42149 val=None lr=4.11789e-05
2026-10-02 11:19:51,753 step=54520 train=2.00341 val=None lr=4.11513e-05
2026-10-02 11:19:54,223 step=54530 train=1.57945 val=None lr=4.11238e-05
2026-10-02 11:19:56,699 step=54540 train=1.50773 val=None lr=4.10963e-05
2026-10-02 11:19:59,135 step=54550 train=1.66838 val=None lr=4.10688e-05
2026-10-02 11:20:01,558 step=54560 train=1.63364 val=None lr=4.10413e-05
2026-10-02 11:20:04,035 step=54570 train=1.56845 val=None lr=4.10139e-05
2026-10-02 11:20:06,600 step=54580 train=1.59018 val=None lr=4.09865e-05
2026-10-02 11:20:09,030 step=54590 train=1.92993 val=None lr=4.09592e-05
2026-10-02 11:20:13,902 step=54600 train=1.59796 val=1.5936149775981903 lr=4.09319e-05
2026-10-02 11:20:16,385 step=54610 train=1.49565 val=None lr=4.09046e-05
2026-10-02 11:20:18,883 step=54620 train=1.56752 val=None lr=4.08774e-05
2026-10-02 11:20:21,196 step=54630 train=1.45724 val=None lr=4.08501e-05
2026-10-02 11:20:23,717 step=54640 train=1.65841 val=None lr=4.0823e-05
2026-10-02 11:20:26,102 step=54650 train=1.64629 val=None lr=4.07958e-05
2026-10-02 11:20:28,416 step=54660 train=1.43462 val=None lr=4.07687e-05
2026-10-02 11:20:30,772 step=54670 train=1.56256 val=None lr=4.07416e-05
2026-10-02 11:20:33,100 step=54680 train=1.68026 val=None lr=4.07146e-05
2026-10-02 11:20:35,781 step=54690 train=1.55126 val=None lr=4.06875e-05
2026-10-02 11:20:40,339 step=54700 train=1.76809 val=1.592110550403595 lr=4.06606e-05
2026-10-02 11:20:43,029 step=54710 train=1.52232 val=None lr=4.06336e-05
2026-10-02 11:20:45,808 step=54720 train=1.51164 val=None lr=4.06067e-05
2026-10-02 11:20:48,335 step=54730 train=1.59833 val=None lr=4.05798e-05
2026-10-02 11:20:50,750 step=54740 train=1.62610 val=None lr=4.05529e-05
2026-10-02 11:20:53,199 step=54750 train=1.69358 val=None lr=4.05261e-05
2026-10-02 11:20:55,648 step=54760 train=1.88841 val=None lr=4.04993e-05
2026-10-02 11:20:58,089 step=54770 train=1.73501 val=None lr=4.04726e-05
2026-10-02 11:21:00,469 step=54780 train=1.71316 val=None lr=4.04459e-05
2026-10-02 11:21:02,822 step=54790 train=1.83662 val=None lr=4.04192e-05
2026-10-02 11:21:06,629 step=54800 train=1.63682 val=1.592580097913742 lr=4.03925e-05
2026-10-02 11:21:08,945 step=54810 train=1.54076 val=None lr=4.03659e-05
2026-10-02 11:21:11,390 step=54820 train=1.62592 val=None lr=4.03393e-05
2026-10-02 11:21:13,888 step=54830 train=1.50603 val=None lr=4.03127e-05
2026-10-02 11:21:16,458 step=54840 train=1.56626 val=None lr=4.02862e-05
2026-10-02 11:21:18,949 step=54850 train=1.46634 val=None lr=4.02597e-05
2026-10-02 11:21:21,298 step=54860 train=1.82210 val=None lr=4.02332e-05
2026-10-02 11:21:23,696 step=54870 train=1.55293 val=None lr=4.02068e-05
2026-10-02 11:21:26,195 step=54880 train=1.81190 val=None lr=4.01804e-05
2026-10-02 11:21:28,699 step=54890 train=1.62542 val=None lr=4.01541e-05
2026-10-02 11:21:32,438 step=54900 train=1.49707 val=1.5931788980960846 lr=4.01277e-05
2026-10-02 11:21:34,865 step=54910 train=1.75308 val=None lr=4.01014e-05
2026-10-02 11:21:37,303 step=54920 train=1.75010 val=None lr=4.00752e-05
2026-10-02 11:21:39,648 step=54930 train=1.44993 val=None lr=4.00489e-05
2026-10-02 11:21:41,990 step=54940 train=1.63267 val=None lr=4.00227e-05
2026-10-02 11:21:44,401 step=54950 train=1.52021 val=None lr=3.99966e-05
2026-10-02 11:21:46,844 step=54960 train=1.47831 val=None lr=3.99704e-05
2026-10-02 11:21:49,499 step=54970 train=1.88401 val=None lr=3.99443e-05
2026-10-02 11:21:51,962 step=54980 train=1.45502 val=None lr=3.99183e-05
2026-10-02 11:21:54,515 step=54990 train=1.82520 val=None lr=3.98922e-05
2026-10-02 11:21:58,371 step=55000 train=1.78855 val=1.5921687662601471 lr=3.98662e-05
2026-10-02 11:22:03,166 step=55010 train=1.49870 val=None lr=3.98403e-05
2026-10-02 11:22:05,583 step=55020 train=1.61776 val=None lr=3.98143e-05
2026-10-02 11:22:08,229 step=55030 train=1.61039 val=None lr=3.97884e-05
2026-10-02 11:22:10,734 step=55040 train=1.69343 val=None lr=3.97626e-05
2026-10-02 11:22:13,163 step=55050 train=1.47635 val=None lr=3.97367e-05
2026-10-02 11:22:15,707 step=55060 train=1.57632 val=None lr=3.97109e-05
2026-10-02 11:22:18,204 step=55070 train=1.63035 val=None lr=3.96852e-05
2026-10-02 11:22:20,626 step=55080 train=1.87192 val=None lr=3.96594e-05
2026-10-02 11:22:23,153 step=55090 train=1.75355 val=None lr=3.96337e-05
2026-10-02 11:22:27,095 step=55100 train=1.64116 val=1.592887967824936 lr=3.9608e-05
2026-10-02 11:22:29,647 step=55110 train=1.61548 val=None lr=3.95824e-05
2026-10-02 11:22:32,128 step=55120 train=1.51716 val=None lr=3.95568e-05
2026-10-02 11:22:34,499 step=55130 train=1.60887 val=None lr=3.95312e-05
2026-10-02 11:22:36,981 step=55140 train=1.52298 val=None lr=3.95057e-05
2026-10-02 11:22:39,487 step=55150 train=1.57413 val=None lr=3.94802e-05
2026-10-02 11:22:41,873 step=55160 train=1.78756 val=None lr=3.94547e-05
2026-10-02 11:22:44,239 step=55170 train=1.72192 val=None lr=3.94293e-05
2026-10-02 11:22:46,799 step=55180 train=1.42335 val=None lr=3.94039e-05
2026-10-02 11:22:49,295 step=55190 train=1.76020 val=None lr=3.93785e-05
2026-10-02 11:22:54,295 step=55200 train=1.40590 val=1.590757030248642 lr=3.93531e-05
2026-10-02 11:22:56,762 step=55210 train=1.51595 val=None lr=3.93278e-05
2026-10-02 11:22:59,291 step=55220 train=1.69516 val=None lr=3.93026e-05
2026-10-02 11:23:01,714 step=55230 train=1.73080 val=None lr=3.92773e-05
2026-10-02 11:23:04,058 step=55240 train=1.67231 val=None lr=3.92521e-05
2026-10-02 11:23:06,621 step=55250 train=1.46241 val=None lr=3.92269e-05
2026-10-02 11:23:09,030 step=55260 train=1.56441 val=None lr=3.92018e-05
2026-10-02 11:23:11,373 step=55270 train=1.68234 val=None lr=3.91767e-05
2026-10-02 11:23:13,957 step=55280 train=1.72655 val=None lr=3.91516e-05
2026-10-02 11:23:16,463 step=55290 train=1.51003 val=None lr=3.91266e-05
2026-10-02 11:23:21,130 step=55300 train=1.39501 val=1.5903181076049804 lr=3.91015e-05
2026-10-02 11:23:23,570 step=55310 train=1.81931 val=None lr=3.90766e-05
2026-10-02 11:23:26,073 step=55320 train=1.45375 val=None lr=3.90516e-05
2026-10-02 11:23:28,501 step=55330 train=1.64372 val=None lr=3.90267e-05
2026-10-02 11:23:30,928 step=55340 train=1.73140 val=None lr=3.90018e-05
2026-10-02 11:23:33,450 step=55350 train=1.42327 val=None lr=3.8977e-05
2026-10-02 11:23:35,734 step=55360 train=1.84279 val=None lr=3.89522e-05
2026-10-02 11:23:38,145 step=55370 train=1.60369 val=None lr=3.89274e-05
2026-10-02 11:23:40,574 step=55380 train=1.61907 val=None lr=3.89026e-05
2026-10-02 11:23:43,155 step=55390 train=1.63305 val=None lr=3.88779e-05
2026-10-02 11:23:47,692 step=55400 train=1.54414 val=1.5885493338108063 lr=3.88533e-05
2026-10-02 11:23:50,388 step=55410 train=1.71611 val=None lr=3.88286e-05
2026-10-02 11:23:53,143 step=55420 train=1.46914 val=None lr=3.8804e-05
2026-10-02 11:23:55,568 step=55430 train=1.60204 val=None lr=3.87794e-05
2026-10-02 11:23:58,233 step=55440 train=1.79381 val=None lr=3.87549e-05
2026-10-02 11:24:00,552 step=55450 train=1.47300 val=None lr=3.87304e-05
2026-10-02 11:24:03,041 step=55460 train=1.54886 val=None lr=3.87059e-05
2026-10-02 11:24:05,466 step=55470 train=1.51029 val=None lr=3.86814e-05
2026-10-02 11:24:07,983 step=55480 train=1.63040 val=None lr=3.8657e-05
2026-10-02 11:24:10,310 step=55490 train=1.37813 val=None lr=3.86326e-05
2026-10-02 11:24:14,073 step=55500 train=1.42162 val=1.5896500289440154 lr=3.86083e-05
2026-10-02 11:24:18,653 step=55510 train=1.72787 val=None lr=3.8584e-05
2026-10-02 11:24:21,090 step=55520 train=1.73815 val=None lr=3.85597e-05
2026-10-02 11:24:23,873 step=55530 train=1.53290 val=None lr=3.85355e-05
2026-10-02 11:24:26,317 step=55540 train=1.46423 val=None lr=3.85112e-05
2026-10-02 11:24:28,735 step=55550 train=1.73049 val=None lr=3.84871e-05
2026-10-02 11:24:31,181 step=55560 train=1.55265 val=None lr=3.84629e-05
2026-10-02 11:24:33,806 step=55570 train=1.70978 val=None lr=3.84388e-05
2026-10-02 11:24:36,424 step=55580 train=1.86083 val=None lr=3.84147e-05
2026-10-02 11:24:38,892 step=55590 train=1.32639 val=None lr=3.83907e-05
2026-10-02 11:24:42,733 step=55600 train=1.49137 val=1.5907244980335236 lr=3.83667e-05
2026-10-02 11:24:45,215 step=55610 train=1.42971 val=None lr=3.83427e-05
2026-10-02 11:24:47,956 step=55620 train=1.53834 val=None lr=3.83187e-05
2026-10-02 11:24:50,461 step=55630 train=1.77593 val=None lr=3.82948e-05
2026-10-02 11:24:53,191 step=55640 train=1.64147 val=None lr=3.82709e-05
2026-10-02 11:24:55,545 step=55650 train=1.56301 val=None lr=3.82471e-05
2026-10-02 11:24:58,006 step=55660 train=1.64009 val=None lr=3.82233e-05
2026-10-02 11:25:00,436 step=55670 train=1.72789 val=None lr=3.81995e-05
2026-10-02 11:25:02,882 step=55680 train=1.57346 val=None lr=3.81757e-05
2026-10-02 11:25:05,257 step=55690 train=1.53356 val=None lr=3.8152e-05
2026-10-02 11:25:09,071 step=55700 train=1.61548 val=1.5894611299037933 lr=3.81283e-05
2026-10-02 11:25:11,459 step=55710 train=1.80417 val=None lr=3.81047e-05
2026-10-02 11:25:13,961 step=55720 train=1.67914 val=None lr=3.80811e-05
2026-10-02 11:25:16,493 step=55730 train=1.62069 val=None lr=3.80575e-05
2026-10-02 11:25:18,928 step=55740 train=1.59509 val=None lr=3.8034e-05
2026-10-02 11:25:21,385 step=55750 train=1.69663 val=None lr=3.80104e-05
2026-10-02 11:25:23,880 step=55760 train=1.25981 val=None lr=3.7987e-05
2026-10-02 11:25:26,384 step=55770 train=1.56435 val=None lr=3.79635e-05
2026-10-02 11:25:28,798 step=55780 train=1.91695 val=None lr=3.79401e-05
2026-10-02 11:25:31,227 step=55790 train=1.75464 val=None lr=3.79167e-05
2026-10-02 11:25:35,043 step=55800 train=1.57864 val=1.5899872839450837 lr=3.78934e-05
2026-10-02 11:25:37,523 step=55810 train=1.65582 val=None lr=3.78701e-05
2026-10-02 11:25:39,931 step=55820 train=1.57151 val=None lr=3.78468e-05
2026-10-02 11:25:42,426 step=55830 train=1.87087 val=None lr=3.78235e-05
2026-10-02 11:25:44,922 step=55840 train=1.48502 val=None lr=3.78003e-05
2026-10-02 11:25:47,260 step=55850 train=1.43067 val=None lr=3.77771e-05
2026-10-02 11:25:49,534 step=55860 train=1.38104 val=None lr=3.7754e-05
2026-10-02 11:25:51,990 step=55870 train=1.46257 val=None lr=3.77309e-05
2026-10-02 11:25:54,424 step=55880 train=1.77180 val=None lr=3.77078e-05
2026-10-02 11:25:56,690 step=55890 train=1.54783 val=None lr=3.76848e-05
2026-10-02 11:26:01,283 step=55900 train=1.64252 val=1.588115894794464 lr=3.76617e-05
2026-10-02 11:26:03,625 step=55910 train=1.47405 val=None lr=3.76388e-05
2026-10-02 11:26:05,958 step=55920 train=1.73520 val=None lr=3.76158e-05
2026-10-02 11:26:08,481 step=55930 train=1.76484 val=None lr=3.75929e-05
2026-10-02 11:26:11,132 step=55940 train=1.49287 val=None lr=3.757e-05
2026-10-02 11:26:13,494 step=55950 train=1.54394 val=None lr=3.75472e-05
2026-10-02 11:26:16,414 step=55960 train=1.54886 val=None lr=3.75244e-05
2026-10-02 11:26:18,890 step=55970 train=1.94101 val=None lr=3.75016e-05
2026-10-02 11:26:21,384 step=55980 train=1.58836 val=None lr=3.74789e-05
2026-10-02 11:26:23,729 step=55990 train=1.63673 val=None lr=3.74561e-05
2026-10-02 11:26:27,654 step=56000 train=1.65998 val=1.5890293717384338 lr=3.74335e-05
2026-10-02 11:26:32,197 step=56010 train=1.34249 val=None lr=3.74108e-05
2026-10-02 11:26:34,560 step=56020 train=1.85102 val=None lr=3.73882e-05
2026-10-02 11:26:37,097 step=56030 train=1.71800 val=None lr=3.73656e-05
2026-10-02 11:26:40,012 step=56040 train=1.64089 val=None lr=3.73431e-05
2026-10-02 11:26:42,371 step=56050 train=1.67130 val=None lr=3.73206e-05
2026-10-02 11:26:44,830 step=56060 train=1.58588 val=None lr=3.72981e-05
2026-10-02 11:26:47,322 step=56070 train=1.74955 val=None lr=3.72757e-05
2026-10-02 11:26:49,920 step=56080 train=1.57167 val=None lr=3.72533e-05
2026-10-02 11:26:52,309 step=56090 train=1.62273 val=None lr=3.72309e-05
2026-10-02 11:26:56,288 step=56100 train=1.56302 val=1.5892335534095765 lr=3.72085e-05
2026-10-02 11:26:58,758 step=56110 train=1.60776 val=None lr=3.71862e-05
2026-10-02 11:27:01,284 step=56120 train=1.69798 val=None lr=3.7164e-05
2026-10-02 11:27:03,848 step=56130 train=1.65635 val=None lr=3.71417e-05
2026-10-02 11:27:06,175 step=56140 train=1.55862 val=None lr=3.71195e-05
2026-10-02 11:27:08,670 step=56150 train=1.89340 val=None lr=3.70973e-05
2026-10-02 11:27:11,084 step=56160 train=1.59519 val=None lr=3.70752e-05
2026-10-02 11:27:13,491 step=56170 train=1.50580 val=None lr=3.70531e-05
2026-10-02 11:27:15,882 step=56180 train=1.72124 val=None lr=3.7031e-05
2026-10-02 11:27:18,487 step=56190 train=1.92539 val=None lr=3.7009e-05
2026-10-02 11:27:22,257 step=56200 train=1.53742 val=1.5912349760532378 lr=3.6987e-05
2026-10-02 11:27:24,836 step=56210 train=1.44283 val=None lr=3.6965e-05
2026-10-02 11:27:27,307 step=56220 train=1.68043 val=None lr=3.69431e-05
2026-10-02 11:27:29,611 step=56230 train=1.58245 val=None lr=3.69212e-05
2026-10-02 11:27:32,174 step=56240 train=1.53657 val=None lr=3.68993e-05
2026-10-02 11:27:34,570 step=56250 train=1.52656 val=None lr=3.68775e-05
2026-10-02 11:27:36,895 step=56260 train=1.79703 val=None lr=3.68557e-05
2026-10-02 11:27:39,366 step=56270 train=1.52631 val=None lr=3.68339e-05
2026-10-02 11:27:41,687 step=56280 train=1.57160 val=None lr=3.68122e-05
2026-10-02 11:27:44,111 step=56290 train=1.46970 val=None lr=3.67905e-05
2026-10-02 11:27:47,959 step=56300 train=1.81122 val=1.588649368286133 lr=3.67688e-05
2026-10-02 11:27:50,248 step=56310 train=1.69249 val=None lr=3.67472e-05
2026-10-02 11:27:52,544 step=56320 train=1.80470 val=None lr=3.67256e-05
2026-10-02 11:27:54,859 step=56330 train=1.71936 val=None lr=3.6704e-05
2026-10-02 11:27:57,267 step=56340 train=1.47145 val=None lr=3.66825e-05
2026-10-02 11:27:59,581 step=56350 train=1.70780 val=None lr=3.6661e-05
2026-10-02 11:28:01,935 step=56360 train=1.57884 val=None lr=3.66395e-05
2026-10-02 11:28:04,218 step=56370 train=1.65928 val=None lr=3.66181e-05
2026-10-02 11:28:06,918 step=56380 train=1.71853 val=None lr=3.65967e-05
2026-10-02 11:28:09,211 step=56390 train=1.60281 val=None lr=3.65753e-05
2026-10-02 11:28:13,806 step=56400 train=1.51419 val=1.5880614578723908 lr=3.6554e-05
2026-10-02 11:28:16,218 step=56410 train=1.72179 val=None lr=3.65327e-05
2026-10-02 11:28:18,676 step=56420 train=1.45464 val=None lr=3.65114e-05
2026-10-02 11:28:21,083 step=56430 train=1.67949 val=None lr=3.64902e-05
2026-10-02 11:28:23,471 step=56440 train=1.71957 val=None lr=3.6469e-05
2026-10-02 11:28:25,926 step=56450 train=1.57940 val=None lr=3.64478e-05
2026-10-02 11:28:28,270 step=56460 train=1.52618 val=None lr=3.64267e-05
2026-10-02 11:28:30,544 step=56470 train=1.44550 val=None lr=3.64056e-05
2026-10-02 11:28:32,833 step=56480 train=1.68895 val=None lr=3.63846e-05
2026-10-02 11:28:35,160 step=56490 train=1.60520 val=None lr=3.63635e-05
2026-10-02 11:28:39,624 step=56500 train=1.76769 val=1.587491363286972 lr=3.63425e-05
2026-10-02 11:28:43,788 step=56510 train=1.52002 val=None lr=3.63216e-05
2026-10-02 11:28:46,194 step=56520 train=1.47555 val=None lr=3.63007e-05
2026-10-02 11:28:48,731 step=56530 train=1.40168 val=None lr=3.62798e-05
2026-10-02 11:28:51,100 step=56540 train=1.49921 val=None lr=3.62589e-05
2026-10-02 11:28:53,457 step=56550 train=1.46728 val=None lr=3.62381e-05
2026-10-02 11:28:55,741 step=56560 train=1.52099 val=None lr=3.62173e-05
2026-10-02 11:28:58,168 step=56570 train=1.39746 val=None lr=3.61966e-05
2026-10-02 11:29:00,505 step=56580 train=1.90164 val=None lr=3.61758e-05
2026-10-02 11:29:02,776 step=56590 train=1.60699 val=None lr=3.61551e-05
2026-10-02 11:29:06,999 step=56600 train=1.77066 val=1.5863874137401581 lr=3.61345e-05
2026-10-02 11:29:09,276 step=56610 train=1.71738 val=None lr=3.61139e-05
2026-10-02 11:29:11,700 step=56620 train=1.54376 val=None lr=3.60933e-05
2026-10-02 11:29:13,977 step=56630 train=1.65317 val=None lr=3.60727e-05
2026-10-02 11:29:16,214 step=56640 train=1.63548 val=None lr=3.60522e-05
2026-10-02 11:29:18,513 step=56650 train=1.81279 val=None lr=3.60317e-05
2026-10-02 11:29:20,898 step=56660 train=1.59617 val=None lr=3.60113e-05
2026-10-02 11:29:23,355 step=56670 train=1.43502 val=None lr=3.59909e-05
2026-10-02 11:29:25,675 step=56680 train=1.68201 val=None lr=3.59705e-05
2026-10-02 11:29:27,973 step=56690 train=1.60314 val=None lr=3.59501e-05
2026-10-02 11:29:32,563 step=56700 train=1.75810 val=1.5859858572483063 lr=3.59298e-05
2026-10-02 11:29:34,868 step=56710 train=1.55073 val=None lr=3.59095e-05
2026-10-02 11:29:37,163 step=56720 train=1.49484 val=None lr=3.58893e-05
2026-10-02 11:29:39,395 step=56730 train=1.70158 val=None lr=3.58691e-05
2026-10-02 11:29:41,715 step=56740 train=1.89742 val=None lr=3.58489e-05
2026-10-02 11:29:43,935 step=56750 train=1.42972 val=None lr=3.58288e-05
2026-10-02 11:29:46,246 step=56760 train=1.75723 val=None lr=3.58087e-05
2026-10-02 11:29:48,631 step=56770 train=1.54929 val=None lr=3.57886e-05
2026-10-02 11:29:51,003 step=56780 train=1.70067 val=None lr=3.57685e-05
2026-10-02 11:29:53,390 step=56790 train=1.50789 val=None lr=3.57485e-05
2026-10-02 11:29:57,872 step=56800 train=1.55020 val=1.585036528110504 lr=3.57286e-05
2026-10-02 11:30:00,372 step=56810 train=1.57619 val=None lr=3.57086e-05
2026-10-02 11:30:02,853 step=56820 train=1.78629 val=None lr=3.56887e-05
2026-10-02 11:30:05,342 step=56830 train=1.59305 val=None lr=3.56688e-05
2026-10-02 11:30:07,654 step=56840 train=1.46676 val=None lr=3.5649e-05
2026-10-02 11:30:10,018 step=56850 train=1.77538 val=None lr=3.56292e-05
2026-10-02 11:30:12,329 step=56860 train=1.86822 val=None lr=3.56094e-05
2026-10-02 11:30:14,713 step=56870 train=1.48323 val=None lr=3.55897e-05
2026-10-02 11:30:17,068 step=56880 train=1.85320 val=None lr=3.557e-05
2026-10-02 11:30:19,407 step=56890 train=1.62583 val=None lr=3.55503e-05
2026-10-02 11:30:23,768 step=56900 train=1.56585 val=1.584161990880966 lr=3.55307e-05
2026-10-02 11:30:26,099 step=56910 train=1.74180 val=None lr=3.55111e-05
2026-10-02 11:30:28,469 step=56920 train=1.49602 val=None lr=3.54915e-05
2026-10-02 11:30:30,738 step=56930 train=1.59364 val=None lr=3.5472e-05
2026-10-02 11:30:33,029 step=56940 train=1.53647 val=None lr=3.54525e-05
2026-10-02 11:30:35,527 step=56950 train=1.43243 val=None lr=3.5433e-05
2026-10-02 11:30:37,822 step=56960 train=1.70798 val=None lr=3.54136e-05
2026-10-02 11:30:40,287 step=56970 train=1.40437 val=None lr=3.53942e-05
2026-10-02 11:30:42,570 step=56980 train=1.72447 val=None lr=3.53749e-05
2026-10-02 11:30:44,795 step=56990 train=1.74285 val=None lr=3.53555e-05
2026-10-02 11:30:48,347 step=57000 train=1.71463 val=1.584725022315979 lr=3.53362e-05
2026-10-02 11:30:52,839 step=57010 train=1.67371 val=None lr=3.5317e-05
2026-10-02 11:30:55,250 step=57020 train=1.50297 val=None lr=3.52977e-05
2026-10-02 11:30:57,555 step=57030 train=1.70123 val=None lr=3.52786e-05
2026-10-02 11:30:59,904 step=57040 train=1.73261 val=None lr=3.52594e-05
2026-10-02 11:31:02,186 step=57050 train=1.68000 val=None lr=3.52403e-05
2026-10-02 11:31:04,634 step=57060 train=1.49536 val=None lr=3.52212e-05
2026-10-02 11:31:06,953 step=57070 train=1.66440 val=None lr=3.52021e-05
2026-10-02 11:31:09,214 step=57080 train=1.58999 val=None lr=3.51831e-05
2026-10-02 11:31:11,753 step=57090 train=1.68821 val=None lr=3.51641e-05
2026-10-02 11:31:15,311 step=57100 train=1.65812 val=1.5848416209220886 lr=3.51452e-05
2026-10-02 11:31:17,729 step=57110 train=1.68466 val=None lr=3.51263e-05
2026-10-02 11:31:19,948 step=57120 train=1.52203 val=None lr=3.51074e-05
2026-10-02 11:31:22,285 step=57130 train=1.75018 val=None lr=3.50885e-05
2026-10-02 11:31:24,676 step=57140 train=1.47093 val=None lr=3.50697e-05
2026-10-02 11:31:27,354 step=57150 train=1.66663 val=None lr=3.50509e-05
2026-10-02 11:31:29,692 step=57160 train=1.87319 val=None lr=3.50322e-05
2026-10-02 11:31:32,076 step=57170 train=1.65207 val=None lr=3.50135e-05
2026-10-02 11:31:34,304 step=57180 train=1.76780 val=None lr=3.49948e-05
2026-10-02 11:31:36,659 step=57190 train=1.60529 val=None lr=3.49762e-05
2026-10-02 11:31:40,354 step=57200 train=1.57874 val=1.5845319747924804 lr=3.49575e-05
2026-10-02 11:31:42,655 step=57210 train=1.72740 val=None lr=3.4939e-05
2026-10-02 11:31:44,912 step=57220 train=1.54264 val=None lr=3.49204e-05
2026-10-02 11:31:47,232 step=57230 train=1.88439 val=None lr=3.49019e-05
2026-10-02 11:31:49,537 step=57240 train=1.71712 val=None lr=3.48835e-05
2026-10-02 11:31:52,077 step=57250 train=1.78951 val=None lr=3.4865e-05
2026-10-02 11:31:54,512 step=57260 train=1.85205 val=None lr=3.48466e-05
2026-10-02 11:31:56,856 step=57270 train=1.76427 val=None lr=3.48282e-05
2026-10-02 11:31:59,242 step=57280 train=1.61595 val=None lr=3.48099e-05
2026-10-02 11:32:01,805 step=57290 train=1.46754 val=None lr=3.47916e-05
2026-10-02 11:32:05,539 step=57300 train=1.38703 val=1.5849495887756349 lr=3.47733e-05
2026-10-02 11:32:07,818 step=57310 train=1.45259 val=None lr=3.47551e-05
2026-10-02 11:32:10,073 step=57320 train=1.56122 val=None lr=3.47369e-05
2026-10-02 11:32:12,574 step=57330 train=1.86647 val=None lr=3.47187e-05
2026-10-02 11:32:14,883 step=57340 train=1.59621 val=None lr=3.47006e-05
2026-10-02 11:32:17,130 step=57350 train=1.52775 val=None lr=3.46825e-05
2026-10-02 11:32:19,525 step=57360 train=1.48756 val=None lr=3.46645e-05
2026-10-02 11:32:21,789 step=57370 train=1.70496 val=None lr=3.46464e-05
2026-10-02 11:32:24,033 step=57380 train=1.45808 val=None lr=3.46284e-05
2026-10-02 11:32:26,367 step=57390 train=1.46226 val=None lr=3.46105e-05
2026-10-02 11:32:30,040 step=57400 train=1.70477 val=1.5848532915115356 lr=3.45925e-05
2026-10-02 11:32:32,510 step=57410 train=1.56637 val=None lr=3.45747e-05
2026-10-02 11:32:34,860 step=57420 train=1.58565 val=None lr=3.45568e-05
2026-10-02 11:32:37,412 step=57430 train=1.36181 val=None lr=3.4539e-05
2026-10-02 11:32:39,917 step=57440 train=1.62290 val=None lr=3.45212e-05
2026-10-02 11:32:42,179 step=57450 train=1.47485 val=None lr=3.45034e-05
2026-10-02 11:32:44,409 step=57460 train=1.39411 val=None lr=3.44857e-05
2026-10-02 11:32:46,896 step=57470 train=1.39032 val=None lr=3.4468e-05
2026-10-02 11:32:49,170 step=57480 train=1.79757 val=None lr=3.44504e-05
2026-10-02 11:32:51,521 step=57490 train=1.47968 val=None lr=3.44328e-05
2026-10-02 11:32:55,209 step=57500 train=1.67074 val=1.5860890746116638 lr=3.44152e-05
2026-10-02 11:32:59,631 step=57510 train=1.59536 val=None lr=3.43976e-05
2026-10-02 11:33:02,089 step=57520 train=1.23529 val=None lr=3.43801e-05
2026-10-02 11:33:04,443 step=57530 train=1.39896 val=None lr=3.43627e-05
2026-10-02 11:33:06,857 step=57540 train=1.59370 val=None lr=3.43452e-05
2026-10-02 11:33:09,126 step=57550 train=1.93594 val=None lr=3.43278e-05
2026-10-02 11:33:11,339 step=57560 train=1.48922 val=None lr=3.43104e-05
2026-10-02 11:33:13,714 step=57570 train=1.86478 val=None lr=3.42931e-05
2026-10-02 11:33:15,969 step=57580 train=1.42110 val=None lr=3.42758e-05
2026-10-02 11:33:18,381 step=57590 train=1.52443 val=None lr=3.42585e-05
2026-10-02 11:33:22,214 step=57600 train=1.58551 val=1.5865512371063233 lr=3.42413e-05
2026-10-02 11:33:24,565 step=57610 train=1.73536 val=None lr=3.42241e-05
2026-10-02 11:33:26,908 step=57620 train=1.73056 val=None lr=3.42069e-05
2026-10-02 11:33:29,294 step=57630 train=1.61258 val=None lr=3.41898e-05
2026-10-02 11:33:31,617 step=57640 train=1.53950 val=None lr=3.41727e-05
2026-10-02 11:33:33,877 step=57650 train=1.57330 val=None lr=3.41556e-05
2026-10-02 11:33:36,272 step=57660 train=1.74988 val=None lr=3.41386e-05
2026-10-02 11:33:38,702 step=57670 train=1.71262 val=None lr=3.41216e-05
2026-10-02 11:33:41,157 step=57680 train=1.50009 val=None lr=3.41046e-05
2026-10-02 11:33:43,475 step=57690 train=1.61503 val=None lr=3.40877e-05
2026-10-02 11:33:47,440 step=57700 train=1.75223 val=1.5848703861236573 lr=3.40708e-05
2026-10-02 11:33:49,818 step=57710 train=1.74071 val=None lr=3.40539e-05
2026-10-02 11:33:52,045 step=57720 train=1.52453 val=None lr=3.40371e-05
2026-10-02 11:33:54,270 step=57730 train=1.80401 val=None lr=3.40203e-05
2026-10-02 11:33:56,478 step=57740 train=1.53709 val=None lr=3.40036e-05
2026-10-02 11:33:58,732 step=57750 train=1.56411 val=None lr=3.39868e-05
2026-10-02 11:34:01,137 step=57760 train=1.53388 val=None lr=3.39702e-05
2026-10-02 11:34:04,029 step=57770 train=1.73867 val=None lr=3.39535e-05
2026-10-02 11:34:06,312 step=57780 train=1.68299 val=None lr=3.39369e-05
2026-10-02 11:34:08,547 step=57790 train=1.73508 val=None lr=3.39203e-05
2026-10-02 11:34:12,223 step=57800 train=1.65814 val=1.5855540752410888 lr=3.39038e-05
2026-10-02 11:34:14,438 step=57810 train=1.57476 val=None lr=3.38872e-05
2026-10-02 11:34:16,682 step=57820 train=1.47867 val=None lr=3.38708e-05
2026-10-02 11:34:18,912 step=57830 train=1.54823 val=None lr=3.38543e-05
2026-10-02 11:34:21,330 step=57840 train=1.40982 val=None lr=3.38379e-05
2026-10-02 11:34:23,686 step=57850 train=1.72539 val=None lr=3.38215e-05
2026-10-02 11:34:25,924 step=57860 train=1.47804 val=None lr=3.38052e-05
2026-10-02 11:34:28,177 step=57870 train=1.38611 val=None lr=3.37889e-05
2026-10-02 11:34:30,525 step=57880 train=1.51085 val=None lr=3.37726e-05
2026-10-02 11:34:32,757 step=57890 train=1.40415 val=None lr=3.37564e-05
2026-10-02 11:34:36,289 step=57900 train=1.70954 val=1.5852561712265014 lr=3.37402e-05
2026-10-02 11:34:38,734 step=57910 train=1.48901 val=None lr=3.3724e-05
2026-10-02 11:34:41,076 step=57920 train=1.61372 val=None lr=3.37079e-05
2026-10-02 11:34:43,342 step=57930 train=1.61729 val=None lr=3.36918e-05
2026-10-02 11:34:45,788 step=57940 train=1.47998 val=None lr=3.36757e-05
2026-10-02 11:34:48,011 step=57950 train=1.49295 val=None lr=3.36597e-05
2026-10-02 11:34:50,264 step=57960 train=1.55062 val=None lr=3.36437e-05
2026-10-02 11:34:52,532 step=57970 train=1.56923 val=None lr=3.36277e-05
2026-10-02 11:34:54,955 step=57980 train=1.53988 val=None lr=3.36118e-05
2026-10-02 11:34:57,254 step=57990 train=1.78895 val=None lr=3.35959e-05
2026-10-02 11:35:00,893 step=58000 train=1.70974 val=1.5851640105247498 lr=3.358e-05
2026-10-02 11:35:05,588 step=58010 train=1.53596 val=None lr=3.35642e-05
2026-10-02 11:35:07,949 step=58020 train=1.60078 val=None lr=3.35484e-05
2026-10-02 11:35:10,357 step=58030 train=1.81639 val=None lr=3.35327e-05
2026-10-02 11:35:12,690 step=58040 train=1.72547 val=None lr=3.3517e-05
2026-10-02 11:35:14,982 step=58050 train=1.39589 val=None lr=3.35013e-05
2026-10-02 11:35:17,204 step=58060 train=1.71757 val=None lr=3.34856e-05
2026-10-02 11:35:19,538 step=58070 train=1.80107 val=None lr=3.347e-05
2026-10-02 11:35:21,786 step=58080 train=1.73514 val=None lr=3.34544e-05
2026-10-02 11:35:23,991 step=58090 train=1.69991 val=None lr=3.34389e-05
2026-10-02 11:35:27,710 step=58100 train=1.63196 val=1.5849801838397979 lr=3.34234e-05
2026-10-02 11:35:29,975 step=58110 train=1.47996 val=None lr=3.34079e-05
2026-10-02 11:35:32,176 step=58120 train=1.64514 val=None lr=3.33924e-05
2026-10-02 11:35:34,440 step=58130 train=1.70788 val=None lr=3.3377e-05
2026-10-02 11:35:36,830 step=58140 train=1.55820 val=None lr=3.33617e-05
2026-10-02 11:35:39,091 step=58150 train=1.77267 val=None lr=3.33463e-05
2026-10-02 11:35:41,562 step=58160 train=1.70675 val=None lr=3.3331e-05
2026-10-02 11:35:43,978 step=58170 train=1.71778 val=None lr=3.33157e-05
2026-10-02 11:35:46,273 step=58180 train=1.67469 val=None lr=3.33005e-05
2026-10-02 11:35:48,491 step=58190 train=1.63521 val=None lr=3.32853e-05
2026-10-02 11:35:52,126 step=58200 train=1.54319 val=1.5848852872848511 lr=3.32701e-05
2026-10-02 11:35:54,638 step=58210 train=1.47546 val=None lr=3.3255e-05
2026-10-02 11:35:57,057 step=58220 train=1.55506 val=None lr=3.32399e-05
2026-10-02 11:35:59,437 step=58230 train=1.60817 val=None lr=3.32249e-05
2026-10-02 11:36:01,651 step=58240 train=1.65684 val=None lr=3.32098e-05
2026-10-02 11:36:04,170 step=58250 train=1.64735 val=None lr=3.31948e-05
2026-10-02 11:36:06,517 step=58260 train=1.62359 val=None lr=3.31799e-05
2026-10-02 11:36:08,776 step=58270 train=1.53745 val=None lr=3.3165e-05
2026-10-02 11:36:11,122 step=58280 train=1.50727 val=None lr=3.31501e-05
2026-10-02 11:36:13,653 step=58290 train=1.49199 val=None lr=3.31352e-05
2026-10-02 11:36:17,842 step=58300 train=1.66895 val=1.583986723423004 lr=3.31204e-05
2026-10-02 11:36:20,177 step=58310 train=1.74205 val=None lr=3.31056e-05
2026-10-02 11:36:22,441 step=58320 train=1.59807 val=None lr=3.30909e-05
2026-10-02 11:36:24,761 step=58330 train=1.66775 val=None lr=3.30761e-05
2026-10-02 11:36:27,109 step=58340 train=1.69916 val=None lr=3.30615e-05
2026-10-02 11:36:29,386 step=58350 train=1.78369 val=None lr=3.30468e-05
2026-10-02 11:36:31,668 step=58360 train=1.75482 val=None lr=3.30322e-05
2026-10-02 11:36:34,237 step=58370 train=1.97732 val=None lr=3.30176e-05
2026-10-02 11:36:36,803 step=58380 train=1.51630 val=None lr=3.30031e-05
2026-10-02 11:36:39,215 step=58390 train=1.78179 val=None lr=3.29886e-05
2026-10-02 11:36:43,443 step=58400 train=1.39779 val=1.583968311548233 lr=3.29741e-05
2026-10-02 11:36:45,750 step=58410 train=1.55061 val=None lr=3.29597e-05
2026-10-02 11:36:48,078 step=58420 train=1.64236 val=None lr=3.29453e-05
2026-10-02 11:36:50,314 step=58430 train=1.52278 val=None lr=3.29309e-05
2026-10-02 11:36:52,600 step=58440 train=1.58084 val=None lr=3.29166e-05
2026-10-02 11:36:54,814 step=58450 train=1.61657 val=None lr=3.29023e-05
2026-10-02 11:36:57,200 step=58460 train=1.91887 val=None lr=3.2888e-05
2026-10-02 11:36:59,460 step=58470 train=1.94924 val=None lr=3.28738e-05
2026-10-02 11:37:01,742 step=58480 train=1.67139 val=None lr=3.28596e-05
2026-10-02 11:37:03,986 step=58490 train=1.54512 val=None lr=3.28454e-05
2026-10-02 11:37:07,563 step=58500 train=1.85083 val=1.5843331277370454 lr=3.28313e-05
2026-10-02 11:37:11,943 step=58510 train=1.56164 val=None lr=3.28172e-05
2026-10-02 11:37:14,210 step=58520 train=1.70097 val=None lr=3.28032e-05
2026-10-02 11:37:16,448 step=58530 train=1.51816 val=None lr=3.27891e-05
2026-10-02 11:37:18,828 step=58540 train=1.83292 val=None lr=3.27752e-05
2026-10-02 11:37:21,158 step=58550 train=1.47741 val=None lr=3.27612e-05
2026-10-02 11:37:23,501 step=58560 train=1.65400 val=None lr=3.27473e-05
2026-10-02 11:37:25,740 step=58570 train=1.42079 val=None lr=3.27334e-05
2026-10-02 11:37:27,977 step=58580 train=1.60461 val=None lr=3.27196e-05
2026-10-02 11:37:30,422 step=58590 train=1.63301 val=None lr=3.27058e-05
2026-10-02 11:37:34,677 step=58600 train=1.65982 val=1.5827402472496033 lr=3.2692e-05
2026-10-02 11:37:37,005 step=58610 train=1.47376 val=None lr=3.26782e-05
2026-10-02 11:37:39,241 step=58620 train=1.57200 val=None lr=3.26645e-05
2026-10-02 11:37:41,664 step=58630 train=1.55010 val=None lr=3.26509e-05
2026-10-02 11:37:43,967 step=58640 train=1.62368 val=None lr=3.26372e-05
2026-10-02 11:37:46,386 step=58650 train=1.55293 val=None lr=3.26236e-05
2026-10-02 11:37:48,814 step=58660 train=1.54656 val=None lr=3.26101e-05
2026-10-02 11:37:51,102 step=58670 train=1.91932 val=None lr=3.25965e-05
2026-10-02 11:37:53,567 step=58680 train=1.68832 val=None lr=3.2583e-05
2026-10-02 11:37:55,808 step=58690 train=1.41900 val=None lr=3.25696e-05
2026-10-02 11:37:59,421 step=58700 train=1.52941 val=1.5830111980438233 lr=3.25561e-05
2026-10-02 11:38:01,730 step=58710 train=1.65592 val=None lr=3.25427e-05
2026-10-02 11:38:04,058 step=58720 train=1.67991 val=None lr=3.25294e-05
2026-10-02 11:38:06,414 step=58730 train=1.51109 val=None lr=3.25161e-05
2026-10-02 11:38:08,639 step=58740 train=1.74272 val=None lr=3.25028e-05
2026-10-02 11:38:10,972 step=58750 train=1.65223 val=None lr=3.24895e-05
2026-10-02 11:38:13,224 step=58760 train=1.50511 val=None lr=3.24763e-05
2026-10-02 11:38:15,447 step=58770 train=1.62064 val=None lr=3.24631e-05
2026-10-02 11:38:17,665 step=58780 train=1.57997 val=None lr=3.245e-05
2026-10-02 11:38:19,927 step=58790 train=1.69658 val=None lr=3.24368e-05
2026-10-02 11:38:23,544 step=58800 train=1.58634 val=1.5827431738376618 lr=3.24238e-05
2026-10-02 11:38:25,816 step=58810 train=1.68917 val=None lr=3.24107e-05
2026-10-02 11:38:28,140 step=58820 train=1.86291 val=None lr=3.23977e-05
2026-10-02 11:38:30,429 step=58830 train=1.49569 val=None lr=3.23847e-05
2026-10-02 11:38:32,660 step=58840 train=1.57341 val=None lr=3.23718e-05
2026-10-02 11:38:34,961 step=58850 train=1.79017 val=None lr=3.23589e-05
2026-10-02 11:38:37,249 step=58860 train=1.49474 val=None lr=3.2346e-05
2026-10-02 11:38:39,514 step=58870 train=1.53443 val=None lr=3.23332e-05
2026-10-02 11:38:41,927 step=58880 train=1.34258 val=None lr=3.23204e-05
2026-10-02 11:38:44,352 step=58890 train=1.52611 val=None lr=3.23076e-05
2026-10-02 11:38:47,949 step=58900 train=1.49409 val=1.5830346822738648 lr=3.22949e-05
2026-10-02 11:38:50,211 step=58910 train=1.79962 val=None lr=3.22822e-05
2026-10-02 11:38:52,699 step=58920 train=1.41796 val=None lr=3.22695e-05
2026-10-02 11:38:55,001 step=58930 train=1.46476 val=None lr=3.22569e-05
2026-10-02 11:38:57,711 step=58940 train=1.53688 val=None lr=3.22443e-05
2026-10-02 11:39:00,050 step=58950 train=1.49212 val=None lr=3.22318e-05
2026-10-02 11:39:02,322 step=58960 train=1.53299 val=None lr=3.22192e-05
2026-10-02 11:39:04,619 step=58970 train=1.80462 val=None lr=3.22068e-05
2026-10-02 11:39:06,860 step=58980 train=1.51374 val=None lr=3.21943e-05
2026-10-02 11:39:09,265 step=58990 train=1.31228 val=None lr=3.21819e-05
2026-10-02 11:39:13,498 step=59000 train=1.42263 val=1.5826525270938874 lr=3.21695e-05
2026-10-02 11:39:18,024 step=59010 train=1.92611 val=None lr=3.21572e-05
2026-10-02 11:39:20,346 step=59020 train=1.72734 val=None lr=3.21448e-05
2026-10-02 11:39:23,023 step=59030 train=1.62511 val=None lr=3.21326e-05
2026-10-02 11:39:25,461 step=59040 train=1.65749 val=None lr=3.21203e-05
2026-10-02 11:39:27,849 step=59050 train=1.76304 val=None lr=3.21081e-05
2026-10-02 11:39:30,128 step=59060 train=1.65043 val=None lr=3.2096e-05
2026-10-02 11:39:32,455 step=59070 train=1.54711 val=None lr=3.20838e-05
2026-10-02 11:39:34,716 step=59080 train=1.36180 val=None lr=3.20717e-05
2026-10-02 11:39:37,156 step=59090 train=1.73180 val=None lr=3.20596e-05
2026-10-02 11:39:41,277 step=59100 train=1.53811 val=1.5819173157215118 lr=3.20476e-05
2026-10-02 11:39:43,789 step=59110 train=1.78652 val=None lr=3.20356e-05
2026-10-02 11:39:46,139 step=59120 train=1.56630 val=None lr=3.20237e-05
2026-10-02 11:39:48,609 step=59130 train=1.62178 val=None lr=3.20117e-05
2026-10-02 11:39:51,116 step=59140 train=1.81133 val=None lr=3.19998e-05
2026-10-02 11:39:53,382 step=59150 train=1.45908 val=None lr=3.1988e-05
2026-10-02 11:39:55,698 step=59160 train=1.44779 val=None lr=3.19762e-05
2026-10-02 11:39:57,940 step=59170 train=1.45220 val=None lr=3.19644e-05
2026-10-02 11:40:00,172 step=59180 train=1.48646 val=None lr=3.19526e-05
2026-10-02 11:40:02,614 step=59190 train=1.56796 val=None lr=3.19409e-05
2026-10-02 11:40:07,103 step=59200 train=1.63704 val=1.581740140914917 lr=3.19292e-05
2026-10-02 11:40:09,643 step=59210 train=1.91503 val=None lr=3.19176e-05
2026-10-02 11:40:11,956 step=59220 train=1.73295 val=None lr=3.1906e-05
2026-10-02 11:40:14,361 step=59230 train=1.70173 val=None lr=3.18944e-05
2026-10-02 11:40:16,643 step=59240 train=1.52283 val=None lr=3.18828e-05
2026-10-02 11:40:18,943 step=59250 train=1.54129 val=None lr=3.18713e-05
2026-10-02 11:40:21,195 step=59260 train=1.46933 val=None lr=3.18599e-05
2026-10-02 11:40:23,443 step=59270 train=1.57928 val=None lr=3.18484e-05
2026-10-02 11:40:25,725 step=59280 train=1.49172 val=None lr=3.1837e-05
2026-10-02 11:40:28,074 step=59290 train=2.04126 val=None lr=3.18257e-05
2026-10-02 11:40:32,368 step=59300 train=1.54550 val=1.5800261855125428 lr=3.18143e-05
2026-10-02 11:40:34,763 step=59310 train=1.66905 val=None lr=3.1803e-05
2026-10-02 11:40:37,275 step=59320 train=1.76054 val=None lr=3.17918e-05
2026-10-02 11:40:39,567 step=59330 train=1.66025 val=None lr=3.17805e-05
2026-10-02 11:40:41,914 step=59340 train=1.28063 val=None lr=3.17694e-05
2026-10-02 11:40:44,233 step=59350 train=1.68505 val=None lr=3.17582e-05
2026-10-02 11:40:46,563 step=59360 train=1.58419 val=None lr=3.17471e-05
2026-10-02 11:40:49,356 step=59370 train=1.52358 val=None lr=3.1736e-05
2026-10-02 11:40:51,786 step=59380 train=1.61088 val=None lr=3.17249e-05
2026-10-02 11:40:54,041 step=59390 train=1.59113 val=None lr=3.17139e-05
2026-10-02 11:40:58,458 step=59400 train=1.58711 val=1.5800063252449035 lr=3.17029e-05
2026-10-02 11:41:00,824 step=59410 train=1.52466 val=None lr=3.1692e-05
2026-10-02 11:41:03,294 step=59420 train=1.69211 val=None lr=3.16811e-05
2026-10-02 11:41:05,800 step=59430 train=1.53763 val=None lr=3.16702e-05
2026-10-02 11:41:08,008 step=59440 train=1.63514 val=None lr=3.16594e-05
2026-10-02 11:41:10,560 step=59450 train=1.33172 val=None lr=3.16486e-05
2026-10-02 11:41:12,878 step=59460 train=1.86798 val=None lr=3.16378e-05
2026-10-02 11:41:15,154 step=59470 train=1.61151 val=None lr=3.16271e-05
2026-10-02 11:41:17,488 step=59480 train=1.64930 val=None lr=3.16164e-05
2026-10-02 11:41:19,961 step=59490 train=1.41613 val=None lr=3.16057e-05
2026-10-02 11:41:24,339 step=59500 train=1.39020 val=1.579481875896454 lr=3.15951e-05
2026-10-02 11:41:28,472 step=59510 train=1.46381 val=None lr=3.15845e-05
2026-10-02 11:41:30,798 step=59520 train=1.90322 val=None lr=3.15739e-05
2026-10-02 11:41:33,179 step=59530 train=1.71375 val=None lr=3.15634e-05
2026-10-02 11:41:35,565 step=59540 train=1.51854 val=None lr=3.15529e-05
2026-10-02 11:41:37,881 step=59550 train=1.61791 val=None lr=3.15424e-05
2026-10-02 11:41:40,175 step=59560 train=1.66233 val=None lr=3.1532e-05
2026-10-02 11:41:42,508 step=59570 train=1.92293 val=None lr=3.15216e-05
2026-10-02 11:41:44,800 step=59580 train=1.35146 val=None lr=3.15113e-05
2026-10-02 11:41:47,146 step=59590 train=1.71499 val=None lr=3.1501e-05
2026-10-02 11:41:50,878 step=59600 train=1.65924 val=1.580158096551895 lr=3.14907e-05
2026-10-02 11:41:53,123 step=59610 train=1.41118 val=None lr=3.14804e-05
2026-10-02 11:41:55,518 step=59620 train=1.34320 val=None lr=3.14702e-05
2026-10-02 11:41:57,944 step=59630 train=1.55493 val=None lr=3.14601e-05
2026-10-02 11:42:00,147 step=59640 train=1.84979 val=None lr=3.14499e-05
2026-10-02 11:42:02,526 step=59650 train=1.56256 val=None lr=3.14398e-05
2026-10-02 11:42:04,815 step=59660 train=1.57702 val=None lr=3.14297e-05
2026-10-02 11:42:07,034 step=59670 train=1.61526 val=None lr=3.14197e-05
2026-10-02 11:42:09,359 step=59680 train=1.77654 val=None lr=3.14097e-05
2026-10-02 11:42:11,743 step=59690 train=1.78057 val=None lr=3.13998e-05
2026-10-02 11:42:16,065 step=59700 train=1.45662 val=1.5794127345085145 lr=3.13898e-05
2026-10-02 11:42:18,324 step=59710 train=1.39969 val=None lr=3.13799e-05
2026-10-02 11:42:20,902 step=59720 train=1.55933 val=None lr=3.13701e-05
2026-10-02 11:42:23,381 step=59730 train=1.48390 val=None lr=3.13603e-05
2026-10-02 11:42:25,727 step=59740 train=1.55543 val=None lr=3.13505e-05
2026-10-02 11:42:28,020 step=59750 train=1.61708 val=None lr=3.13407e-05
2026-10-02 11:42:30,457 step=59760 train=1.57631 val=None lr=3.1331e-05
2026-10-02 11:42:32,782 step=59770 train=1.64761 val=None lr=3.13213e-05
2026-10-02 11:42:35,076 step=59780 train=1.68534 val=None lr=3.13117e-05
2026-10-02 11:42:37,334 step=59790 train=1.71098 val=None lr=3.13021e-05
2026-10-02 11:42:41,662 step=59800 train=1.44029 val=1.5790812492370605 lr=3.12925e-05
2026-10-02 11:42:44,109 step=59810 train=1.38380 val=None lr=3.12829e-05
2026-10-02 11:42:46,409 step=59820 train=1.54425 val=None lr=3.12734e-05
2026-10-02 11:42:48,704 step=59830 train=1.52141 val=None lr=3.1264e-05
2026-10-02 11:42:51,011 step=59840 train=1.60709 val=None lr=3.12545e-05
2026-10-02 11:42:53,256 step=59850 train=1.71450 val=None lr=3.12451e-05
2026-10-02 11:42:55,613 step=59860 train=1.90721 val=None lr=3.12358e-05
2026-10-02 11:42:57,847 step=59870 train=1.61161 val=None lr=3.12264e-05
2026-10-02 11:43:00,097 step=59880 train=1.83835 val=None lr=3.12171e-05
2026-10-02 11:43:02,332 step=59890 train=1.59688 val=None lr=3.12079e-05
2026-10-02 11:43:06,548 step=59900 train=1.72033 val=1.5785800158977508 lr=3.11987e-05
2026-10-02 11:43:08,965 step=59910 train=1.78731 val=None lr=3.11895e-05
2026-10-02 11:43:11,427 step=59920 train=1.66614 val=None lr=3.11803e-05
2026-10-02 11:43:13,958 step=59930 train=1.53585 val=None lr=3.11712e-05
2026-10-02 11:43:16,172 step=59940 train=1.76725 val=None lr=3.11621e-05
2026-10-02 11:43:18,463 step=59950 train=1.79318 val=None lr=3.11531e-05
2026-10-02 11:43:20,791 step=59960 train=1.48430 val=None lr=3.1144e-05
2026-10-02 11:43:23,031 step=59970 train=1.59432 val=None lr=3.11351e-05
2026-10-02 11:43:25,347 step=59980 train=1.67834 val=None lr=3.11261e-05
2026-10-02 11:43:27,598 step=59990 train=1.45084 val=None lr=3.11172e-05
2026-10-02 11:43:31,365 step=60000 train=1.79327 val=1.5800192058086395 lr=3.11083e-05
2026-10-02 11:43:36,623 step=60010 train=1.62888 val=None lr=3.10995e-05
2026-10-02 11:43:38,911 step=60020 train=1.90460 val=None lr=3.10907e-05
2026-10-02 11:43:41,384 step=60030 train=1.41696 val=None lr=3.10819e-05
2026-10-02 11:43:43,887 step=60040 train=1.84596 val=None lr=3.10732e-05
2026-10-02 11:43:46,403 step=60050 train=1.51365 val=None lr=3.10645e-05
2026-10-02 11:43:48,743 step=60060 train=1.63005 val=None lr=3.10559e-05
2026-10-02 11:43:51,232 step=60070 train=1.40390 val=None lr=3.10472e-05
2026-10-02 11:43:53,559 step=60080 train=1.64018 val=None lr=3.10386e-05
2026-10-02 11:43:55,945 step=60090 train=1.55588 val=None lr=3.10301e-05
2026-10-02 11:43:59,874 step=60100 train=1.41450 val=1.5790282785892487 lr=3.10216e-05
2026-10-02 11:44:02,371 step=60110 train=1.58203 val=None lr=3.10131e-05
2026-10-02 11:44:04,735 step=60120 train=2.05772 val=None lr=3.10046e-05
2026-10-02 11:44:07,273 step=60130 train=1.71833 val=None lr=3.09962e-05
2026-10-02 11:44:09,765 step=60140 train=1.38729 val=None lr=3.09878e-05
2026-10-02 11:44:12,064 step=60150 train=1.53421 val=None lr=3.09795e-05
2026-10-02 11:44:14,440 step=60160 train=1.62743 val=None lr=3.09712e-05
2026-10-02 11:44:17,039 step=60170 train=1.80432 val=None lr=3.09629e-05
2026-10-02 11:44:19,536 step=60180 train=1.43930 val=None lr=3.09547e-05
2026-10-02 11:44:21,899 step=60190 train=1.55363 val=None lr=3.09465e-05
2026-10-02 11:44:25,772 step=60200 train=1.76896 val=1.5790494740009309 lr=3.09383e-05
2026-10-02 11:44:28,121 step=60210 train=1.48143 val=None lr=3.09302e-05
2026-10-02 11:44:30,405 step=60220 train=1.65909 val=None lr=3.09221e-05
2026-10-02 11:44:32,719 step=60230 train=1.59356 val=None lr=3.0914e-05
2026-10-02 11:44:35,115 step=60240 train=1.89406 val=None lr=3.0906e-05
2026-10-02 11:44:37,884 step=60250 train=1.58147 val=None lr=3.0898e-05
2026-10-02 11:44:40,426 step=60260 train=1.72346 val=None lr=3.089e-05
2026-10-02 11:44:42,864 step=60270 train=1.63894 val=None lr=3.08821e-05
2026-10-02 11:44:45,328 step=60280 train=1.39406 val=None lr=3.08742e-05
2026-10-02 11:44:47,762 step=60290 train=1.55751 val=None lr=3.08664e-05
2026-10-02 11:44:51,579 step=60300 train=1.51330 val=1.5788562536239623 lr=3.08586e-05
2026-10-02 11:44:54,212 step=60310 train=1.68531 val=None lr=3.08508e-05
2026-10-02 11:44:56,613 step=60320 train=1.49805 val=None lr=3.0843e-05
2026-10-02 11:44:59,186 step=60330 train=1.57837 val=None lr=3.08353e-05
2026-10-02 11:45:01,579 step=60340 train=1.58473 val=None lr=3.08277e-05
2026-10-02 11:45:04,145 step=60350 train=1.59524 val=None lr=3.082e-05
2026-10-02 11:45:06,630 step=60360 train=1.45841 val=None lr=3.08124e-05
2026-10-02 11:45:09,129 step=60370 train=1.70293 val=None lr=3.08049e-05
2026-10-02 11:45:11,580 step=60380 train=1.55296 val=None lr=3.07973e-05
2026-10-02 11:45:14,156 step=60390 train=1.53716 val=None lr=3.07898e-05
2026-10-02 11:45:18,622 step=60400 train=1.72163 val=1.5779223203659059 lr=3.07824e-05
2026-10-02 11:45:21,335 step=60410 train=1.44995 val=None lr=3.07749e-05
2026-10-02 11:45:23,880 step=60420 train=1.50228 val=None lr=3.07675e-05
2026-10-02 11:45:26,545 step=60430 train=1.66211 val=None lr=3.07602e-05
2026-10-02 11:45:28,964 step=60440 train=1.77781 val=None lr=3.07529e-05
2026-10-02 11:45:31,418 step=60450 train=1.71614 val=None lr=3.07456e-05
2026-10-02 11:45:33,867 step=60460 train=1.51678 val=None lr=3.07383e-05
2026-10-02 11:45:36,286 step=60470 train=1.99661 val=None lr=3.07311e-05
2026-10-02 11:45:38,985 step=60480 train=1.43076 val=None lr=3.07239e-05
2026-10-02 11:45:41,311 step=60490 train=1.42385 val=None lr=3.07168e-05
2026-10-02 11:45:45,680 step=60500 train=1.53027 val=1.5778946816921233 lr=3.07097e-05
2026-10-02 11:45:50,473 step=60510 train=1.76401 val=None lr=3.07026e-05
2026-10-02 11:45:52,975 step=60520 train=1.64976 val=None lr=3.06956e-05
2026-10-02 11:45:55,931 step=60530 train=1.65004 val=None lr=3.06886e-05
2026-10-02 11:45:58,297 step=60540 train=1.53036 val=None lr=3.06816e-05
2026-10-02 11:46:00,805 step=60550 train=1.86059 val=None lr=3.06747e-05
2026-10-02 11:46:03,246 step=60560 train=1.77087 val=None lr=3.06678e-05
2026-10-02 11:46:05,931 step=60570 train=1.50412 val=None lr=3.06609e-05
2026-10-02 11:46:08,382 step=60580 train=1.59847 val=None lr=3.06541e-05
2026-10-02 11:46:10,852 step=60590 train=1.80762 val=None lr=3.06473e-05
2026-10-02 11:46:14,619 step=60600 train=1.37116 val=1.5783411800861358 lr=3.06406e-05
2026-10-02 11:46:17,136 step=60610 train=1.59186 val=None lr=3.06338e-05
2026-10-02 11:46:19,558 step=60620 train=1.76589 val=None lr=3.06271e-05
2026-10-02 11:46:22,245 step=60630 train=1.46342 val=None lr=3.06205e-05
2026-10-02 11:46:24,629 step=60640 train=1.73791 val=None lr=3.06139e-05
2026-10-02 11:46:26,983 step=60650 train=1.67799 val=None lr=3.06073e-05
2026-10-02 11:46:29,692 step=60660 train=1.65749 val=None lr=3.06008e-05
2026-10-02 11:46:32,104 step=60670 train=1.40793 val=None lr=3.05943e-05
2026-10-02 11:46:34,578 step=60680 train=1.75087 val=None lr=3.05878e-05
2026-10-02 11:46:36,863 step=60690 train=1.58200 val=None lr=3.05813e-05
2026-10-02 11:46:40,820 step=60700 train=1.80963 val=1.5780050575733184 lr=3.05749e-05
2026-10-02 11:46:43,201 step=60710 train=1.50301 val=None lr=3.05686e-05
2026-10-02 11:46:45,938 step=60720 train=1.67755 val=None lr=3.05623e-05
2026-10-02 11:46:48,410 step=60730 train=1.43637 val=None lr=3.0556e-05
2026-10-02 11:46:51,023 step=60740 train=1.54963 val=None lr=3.05497e-05
2026-10-02 11:46:53,671 step=60750 train=1.72640 val=None lr=3.05435e-05
2026-10-02 11:46:56,021 step=60760 train=1.63988 val=None lr=3.05373e-05
2026-10-02 11:46:58,544 step=60770 train=1.99333 val=None lr=3.05311e-05
2026-10-02 11:47:01,044 step=60780 train=1.47711 val=None lr=3.0525e-05
2026-10-02 11:47:03,468 step=60790 train=1.49168 val=None lr=3.05189e-05
2026-10-02 11:47:07,268 step=60800 train=1.48969 val=1.5787297368049622 lr=3.05129e-05
2026-10-02 11:47:09,738 step=60810 train=1.67708 val=None lr=3.05069e-05
2026-10-02 11:47:12,194 step=60820 train=1.80731 val=None lr=3.05009e-05
2026-10-02 11:47:14,638 step=60830 train=1.61088 val=None lr=3.04949e-05
2026-10-02 11:47:17,065 step=60840 train=1.44263 val=None lr=3.0489e-05
2026-10-02 11:47:19,433 step=60850 train=1.78039 val=None lr=3.04832e-05
2026-10-02 11:47:21,786 step=60860 train=1.53468 val=None lr=3.04773e-05
2026-10-02 11:47:24,340 step=60870 train=1.42970 val=None lr=3.04715e-05
2026-10-02 11:47:26,780 step=60880 train=1.62675 val=None lr=3.04658e-05
2026-10-02 11:47:29,612 step=60890 train=1.37410 val=None lr=3.046e-05
2026-10-02 11:47:33,418 step=60900 train=1.43885 val=1.5790032982826232 lr=3.04543e-05
2026-10-02 11:47:36,079 step=60910 train=1.56593 val=None lr=3.04487e-05
2026-10-02 11:47:38,549 step=60920 train=1.86569 val=None lr=3.04431e-05
2026-10-02 11:47:41,123 step=60930 train=1.58107 val=None lr=3.04375e-05
2026-10-02 11:47:43,547 step=60940 train=1.69766 val=None lr=3.04319e-05
2026-10-02 11:47:46,200 step=60950 train=1.37437 val=None lr=3.04264e-05
2026-10-02 11:47:48,613 step=60960 train=1.63626 val=None lr=3.04209e-05
2026-10-02 11:47:50,977 step=60970 train=1.69323 val=None lr=3.04155e-05
2026-10-02 11:47:53,243 step=60980 train=1.74902 val=None lr=3.04101e-05
2026-10-02 11:47:55,497 step=60990 train=1.67101 val=None lr=3.04047e-05
2026-10-02 11:48:00,248 step=61000 train=1.64535 val=1.5775196373462677 lr=3.03994e-05
2026-10-02 11:48:04,647 step=61010 train=1.51854 val=None lr=3.03941e-05
2026-10-02 11:48:07,317 step=61020 train=1.37673 val=None lr=3.03888e-05
2026-10-02 11:48:10,031 step=61030 train=1.63878 val=None lr=3.03835e-05
2026-10-02 11:48:12,420 step=61040 train=1.55283 val=None lr=3.03784e-05
2026-10-02 11:48:14,962 step=61050 train=1.85146 val=None lr=3.03732e-05
2026-10-02 11:48:17,497 step=61060 train=1.69451 val=None lr=3.03681e-05
2026-10-02 11:48:19,936 step=61070 train=1.51520 val=None lr=3.0363e-05
2026-10-02 11:48:22,521 step=61080 train=1.78029 val=None lr=3.03579e-05
2026-10-02 11:48:24,961 step=61090 train=1.63848 val=None lr=3.03529e-05
2026-10-02 11:48:29,028 step=61100 train=1.54060 val=1.578731209039688 lr=3.03479e-05
2026-10-02 11:48:31,725 step=61110 train=1.80928 val=None lr=3.0343e-05
2026-10-02 11:48:34,132 step=61120 train=1.40704 val=None lr=3.0338e-05
2026-10-02 11:48:36,551 step=61130 train=1.70439 val=None lr=3.03332e-05
2026-10-02 11:48:39,067 step=61140 train=1.55487 val=None lr=3.03283e-05
2026-10-02 11:48:41,511 step=61150 train=1.54891 val=None lr=3.03235e-05
2026-10-02 11:48:43,945 step=61160 train=1.62548 val=None lr=3.03187e-05
2026-10-02 11:48:46,441 step=61170 train=1.67479 val=None lr=3.0314e-05
2026-10-02 11:48:48,925 step=61180 train=1.58949 val=None lr=3.03093e-05
2026-10-02 11:48:51,695 step=61190 train=1.59798 val=None lr=3.03046e-05
2026-10-02 11:48:55,489 step=61200 train=1.49959 val=1.577786386013031 lr=3.03e-05
2026-10-02 11:48:57,966 step=61210 train=1.71748 val=None lr=3.02954e-05
2026-10-02 11:49:00,494 step=61220 train=1.73398 val=None lr=3.02908e-05
2026-10-02 11:49:02,934 step=61230 train=1.61507 val=None lr=3.02863e-05
2026-10-02 11:49:05,655 step=61240 train=1.53041 val=None lr=3.02818e-05
2026-10-02 11:49:07,984 step=61250 train=1.47285 val=None lr=3.02774e-05
2026-10-02 11:49:10,314 step=61260 train=1.65000 val=None lr=3.0273e-05
2026-10-02 11:49:12,772 step=61270 train=1.66018 val=None lr=3.02686e-05
2026-10-02 11:49:15,403 step=61280 train=1.65924 val=None lr=3.02642e-05
2026-10-02 11:49:18,190 step=61290 train=1.48469 val=None lr=3.02599e-05
2026-10-02 11:49:22,091 step=61300 train=1.38098 val=1.5776421427726746 lr=3.02556e-05
2026-10-02 11:49:24,662 step=61310 train=1.64796 val=None lr=3.02514e-05
2026-10-02 11:49:27,190 step=61320 train=1.67835 val=None lr=3.02472e-05
2026-10-02 11:49:29,715 step=61330 train=1.61222 val=None lr=3.0243e-05
2026-10-02 11:49:32,312 step=61340 train=1.63378 val=None lr=3.02389e-05
2026-10-02 11:49:34,960 step=61350 train=1.57235 val=None lr=3.02348e-05
2026-10-02 11:49:37,544 step=61360 train=1.53779 val=None lr=3.02307e-05
2026-10-02 11:49:40,109 step=61370 train=1.61057 val=None lr=3.02267e-05
2026-10-02 11:49:42,624 step=61380 train=1.52867 val=None lr=3.02227e-05
2026-10-02 11:49:45,304 step=61390 train=1.49207 val=None lr=3.02187e-05
2026-10-02 11:49:50,292 step=61400 train=1.76566 val=1.5767613649368286 lr=3.02148e-05
2026-10-02 11:49:53,015 step=61410 train=1.47179 val=None lr=3.02109e-05
2026-10-02 11:49:55,457 step=61420 train=1.46883 val=None lr=3.02071e-05
2026-10-02 11:49:58,079 step=61430 train=1.87901 val=None lr=3.02033e-05
2026-10-02 11:50:00,667 step=61440 train=1.56835 val=None lr=3.01995e-05
2026-10-02 11:50:03,184 step=61450 train=2.01477 val=None lr=3.01957e-05
2026-10-02 11:50:05,551 step=61460 train=1.57678 val=None lr=3.0192e-05
2026-10-02 11:50:08,139 step=61470 train=1.55812 val=None lr=3.01883e-05
2026-10-02 11:50:10,536 step=61480 train=1.79794 val=None lr=3.01847e-05
2026-10-02 11:50:12,937 step=61490 train=1.49410 val=None lr=3.01811e-05
2026-10-02 11:50:16,902 step=61500 train=1.91310 val=1.5770614326000214 lr=3.01775e-05
2026-10-02 11:50:22,753 step=61510 train=1.77448 val=None lr=3.0174e-05
2026-10-02 11:50:25,582 step=61520 train=1.68063 val=None lr=3.01705e-05
2026-10-02 11:50:27,994 step=61530 train=1.50720 val=None lr=3.0167e-05
2026-10-02 11:50:30,511 step=61540 train=1.50947 val=None lr=3.01636e-05
2026-10-02 11:50:33,052 step=61550 train=1.47771 val=None lr=3.01602e-05
2026-10-02 11:50:35,701 step=61560 train=1.94487 val=None lr=3.01569e-05
2026-10-02 11:50:38,407 step=61570 train=1.77553 val=None lr=3.01536e-05
2026-10-02 11:50:40,975 step=61580 train=1.80443 val=None lr=3.01503e-05
2026-10-02 11:50:43,587 step=61590 train=1.47973 val=None lr=3.0147e-05
2026-10-02 11:50:48,035 step=61600 train=1.81154 val=1.5767089784145356 lr=3.01438e-05
2026-10-02 11:50:50,671 step=61610 train=1.74795 val=None lr=3.01406e-05
2026-10-02 11:50:53,298 step=61620 train=1.66270 val=None lr=3.01375e-05
2026-10-02 11:50:56,030 step=61630 train=1.55494 val=None lr=3.01344e-05
2026-10-02 11:50:58,881 step=61640 train=1.53427 val=None lr=3.01313e-05
2026-10-02 11:51:01,296 step=61650 train=1.52172 val=None lr=3.01283e-05
2026-10-02 11:51:03,755 step=61660 train=1.52338 val=None lr=3.01253e-05
2026-10-02 11:51:06,163 step=61670 train=1.75674 val=None lr=3.01223e-05
2026-10-02 11:51:08,509 step=61680 train=1.66747 val=None lr=3.01194e-05
2026-10-02 11:51:11,019 step=61690 train=1.40794 val=None lr=3.01165e-05
2026-10-02 11:51:15,094 step=61700 train=1.61222 val=1.5776458859443665 lr=3.01136e-05
2026-10-02 11:51:17,463 step=61710 train=1.71326 val=None lr=3.01108e-05
2026-10-02 11:51:19,969 step=61720 train=1.44956 val=None lr=3.0108e-05
2026-10-02 11:51:22,301 step=61730 train=1.49363 val=None lr=3.01053e-05
2026-10-02 11:51:24,617 step=61740 train=1.60290 val=None lr=3.01026e-05
2026-10-02 11:51:27,116 step=61750 train=1.66515 val=None lr=3.00999e-05
2026-10-02 11:51:29,825 step=61760 train=1.59448 val=None lr=3.00972e-05
2026-10-02 11:51:32,477 step=61770 train=1.37740 val=None lr=3.00946e-05
2026-10-02 11:51:35,025 step=61780 train=1.84108 val=None lr=3.0092e-05
2026-10-02 11:51:37,397 step=61790 train=1.31987 val=None lr=3.00895e-05
2026-10-02 11:51:41,949 step=61800 train=1.50473 val=1.57628573179245 lr=3.0087e-05
2026-10-02 11:51:44,490 step=61810 train=1.63795 val=None lr=3.00845e-05
2026-10-02 11:51:47,078 step=61820 train=1.70733 val=None lr=3.00821e-05
2026-10-02 11:51:49,629 step=61830 train=1.48626 val=None lr=3.00797e-05
2026-10-02 11:51:52,045 step=61840 train=1.60863 val=None lr=3.00773e-05
2026-10-02 11:51:54,411 step=61850 train=1.55746 val=None lr=3.0075e-05
2026-10-02 11:51:56,891 step=61860 train=1.38900 val=None lr=3.00727e-05
2026-10-02 11:51:59,228 step=61870 train=1.63378 val=None lr=3.00705e-05
2026-10-02 11:52:01,704 step=61880 train=1.61437 val=None lr=3.00683e-05
2026-10-02 11:52:04,256 step=61890 train=1.50244 val=None lr=3.00661e-05
2026-10-02 11:52:08,125 step=61900 train=1.50866 val=1.5778710544109344 lr=3.00639e-05
2026-10-02 11:52:10,621 step=61910 train=1.38248 val=None lr=3.00618e-05
2026-10-02 11:52:13,183 step=61920 train=1.58081 val=None lr=3.00597e-05
2026-10-02 11:52:15,660 step=61930 train=1.60322 val=None lr=3.00577e-05
2026-10-02 11:52:18,076 step=61940 train=1.31345 val=None lr=3.00557e-05
2026-10-02 11:52:20,587 step=61950 train=1.72529 val=None lr=3.00537e-05
2026-10-02 11:52:23,219 step=61960 train=1.75463 val=None lr=3.00518e-05
2026-10-02 11:52:25,693 step=61970 train=1.43270 val=None lr=3.00499e-05
2026-10-02 11:52:28,199 step=61980 train=1.33918 val=None lr=3.0048e-05
2026-10-02 11:52:30,443 step=61990 train=1.38254 val=None lr=3.00462e-05
2026-10-02 11:52:34,213 step=62000 train=1.47634 val=1.576878845691681 lr=3.00444e-05
2026-10-02 11:52:38,748 step=62010 train=2.02465 val=None lr=3.00426e-05
2026-10-02 11:52:41,284 step=62020 train=1.55336 val=None lr=3.00409e-05
2026-10-02 11:52:43,620 step=62030 train=1.68508 val=None lr=3.00392e-05
2026-10-02 11:52:46,030 step=62040 train=2.00192 val=None lr=3.00376e-05
2026-10-02 11:52:48,572 step=62050 train=1.55343 val=None lr=3.0036e-05
2026-10-02 11:52:50,940 step=62060 train=1.70362 val=None lr=3.00344e-05
2026-10-02 11:52:53,299 step=62070 train=1.61786 val=None lr=3.00328e-05
2026-10-02 11:52:55,617 step=62080 train=1.54538 val=None lr=3.00313e-05
2026-10-02 11:52:58,051 step=62090 train=1.56893 val=None lr=3.00298e-05
2026-10-02 11:53:02,423 step=62100 train=1.76186 val=1.5752895593643188 lr=3.00284e-05
2026-10-02 11:53:04,924 step=62110 train=1.49794 val=None lr=3.0027e-05
2026-10-02 11:53:07,348 step=62120 train=1.49686 val=None lr=3.00256e-05
2026-10-02 11:53:09,835 step=62130 train=1.81064 val=None lr=3.00243e-05
2026-10-02 11:53:12,477 step=62140 train=1.48750 val=None lr=3.0023e-05
2026-10-02 11:53:15,006 step=62150 train=1.50844 val=None lr=3.00218e-05
2026-10-02 11:53:17,446 step=62160 train=1.51702 val=None lr=3.00205e-05
2026-10-02 11:53:19,730 step=62170 train=1.61630 val=None lr=3.00193e-05
2026-10-02 11:53:22,039 step=62180 train=1.69136 val=None lr=3.00182e-05
2026-10-02 11:53:24,436 step=62190 train=1.54665 val=None lr=3.00171e-05
2026-10-02 11:53:28,162 step=62200 train=1.48194 val=1.5756922125816346 lr=3.0016e-05
2026-10-02 11:53:30,408 step=62210 train=1.59115 val=None lr=3.00149e-05
2026-10-02 11:53:32,731 step=62220 train=1.62015 val=None lr=3.00139e-05
2026-10-02 11:53:35,054 step=62230 train=1.58188 val=None lr=3.00129e-05
2026-10-02 11:53:37,468 step=62240 train=1.56205 val=None lr=3.0012e-05
2026-10-02 11:53:40,039 step=62250 train=1.57521 val=None lr=3.00111e-05
2026-10-02 11:53:42,627 step=62260 train=1.46462 val=None lr=3.00102e-05
2026-10-02 11:53:45,020 step=62270 train=1.60574 val=None lr=3.00094e-05
2026-10-02 11:53:47,493 step=62280 train=1.68109 val=None lr=3.00086e-05
2026-10-02 11:53:49,839 step=62290 train=1.43027 val=None lr=3.00078e-05
2026-10-02 11:53:54,012 step=62300 train=1.65275 val=1.5766193568706512 lr=3.00071e-05
2026-10-02 11:53:56,479 step=62310 train=1.51329 val=None lr=3.00064e-05
2026-10-02 11:53:59,235 step=62320 train=1.49866 val=None lr=3.00058e-05
2026-10-02 11:54:01,563 step=62330 train=1.48797 val=None lr=3.00051e-05
2026-10-02 11:54:04,161 step=62340 train=1.80310 val=None lr=3.00045e-05
2026-10-02 11:54:06,511 step=62350 train=1.53188 val=None lr=3.0004e-05
2026-10-02 11:54:08,984 step=62360 train=1.60505 val=None lr=3.00035e-05
2026-10-02 11:54:11,430 step=62370 train=1.46836 val=None lr=3.0003e-05
2026-10-02 11:54:13,672 step=62380 train=1.49481 val=None lr=3.00026e-05
2026-10-02 11:54:16,014 step=62390 train=1.60052 val=None lr=3.00021e-05
2026-10-02 11:54:19,690 step=62400 train=1.62504 val=1.5754929959774018 lr=3.00018e-05
2026-10-02 11:54:21,995 step=62410 train=1.60209 val=None lr=3.00014e-05
2026-10-02 11:54:24,503 step=62420 train=1.51255 val=None lr=3.00011e-05
2026-10-02 11:54:26,848 step=62430 train=1.46010 val=None lr=3.00009e-05
2026-10-02 11:54:29,398 step=62440 train=1.31453 val=None lr=3.00006e-05
2026-10-02 11:54:31,853 step=62450 train=1.39537 val=None lr=3.00004e-05
2026-10-02 11:54:34,535 step=62460 train=1.68523 val=None lr=3.00003e-05
2026-10-02 11:54:37,197 step=62470 train=1.42395 val=None lr=3.00002e-05
2026-10-02 11:54:39,470 step=62480 train=1.42632 val=None lr=3.00001e-05
2026-10-02 11:54:42,100 step=62490 train=1.66773 val=None lr=3e-05
2026-10-02 11:54:45,948 step=62500 train=1.56212 val=1.5758283138275146 lr=3e-05
2026-10-02 11:54:53,278 Completed: final validation loss 1.575828
