step,tokens_seen,train_loss,val_loss,val_ppl,lr,elapsed_seconds
1,2048,9.21034049987793,,,2.4e-07,0.29770938199999364
10,20480,9.210338592529297,,,2.4e-06,2.519413870999415
20,40960,9.210330963134766,,,4.8e-06,5.0941208739996
30,61440,9.210321426391602,,,7.2e-06,7.454686551999657
40,81920,9.210306167602539,,,9.6e-06,9.71514961899993
50,102400,9.210283279418945,,,1.2e-05,12.112333562999993
60,122880,9.210248947143555,,,1.44e-05,14.609904054000253
70,143360,9.210205078125,,,1.68e-05,17.08978447699974
80,163840,9.210151672363281,,,1.92e-05,19.399838303999786
90,184320,9.210083961486816,,,2.1599999999999996e-05,21.857358858000225
100,204800,9.209970474243164,9.209968423843383,9996.28121031332,2.4e-05,26.38208654400023
110,225280,9.209826469421387,,,2.6399999999999995e-05,28.770297975000176
120,245760,9.209667205810547,,,2.88e-05,31.310169235000103
130,266240,9.209460258483887,,,3.12e-05,34.03575555399948
140,286720,9.209253311157227,,,3.36e-05,36.363930829999845
150,307200,9.208887100219727,,,3.6e-05,38.65421320799942
160,327680,9.208574295043945,,,3.84e-05,41.11662313299985
170,348160,9.208331108093262,,,4.0799999999999996e-05,43.47093441800007
180,368640,9.207475662231445,,,4.319999999999999e-05,46.05439142100022
190,389120,9.206969261169434,,,4.56e-05,48.39982915600012
200,409600,9.206098556518555,9.206040000915527,9957.088622946141,4.8e-05,53.18253278599968
210,430080,9.205177307128906,,,5.04e-05,55.58353281000018
220,450560,9.203743934631348,,,5.279999999999999e-05,57.89667009000004
230,471040,9.20319652557373,,,5.519999999999999e-05,60.31211116899976
240,491520,9.201717376708984,,,5.76e-05,62.59706633599944
250,512000,9.200260162353516,,,5.9999999999999995e-05,64.92301083599978
260,532480,9.197308540344238,,,6.24e-05,67.22069621999981
270,552960,9.19502067565918,,,6.479999999999999e-05,69.75085746700006
280,573440,9.192516326904297,,,6.72e-05,72.0014511749996
290,593920,9.184768676757812,,,6.96e-05,74.27232925099997
300,614400,9.174264907836914,9.17456226348877,9648.543627261426,7.2e-05,78.80545704699944
310,634880,9.162031173706055,,,7.439999999999999e-05,81.32073159900028
320,655360,9.143765449523926,,,7.68e-05,83.78090275500017
330,675840,9.126800537109375,,,7.919999999999999e-05,86.09570294999958
340,696320,9.105915069580078,,,8.159999999999999e-05,88.41956421400027
350,716800,9.081764221191406,,,8.4e-05,90.7364253249998
360,737280,9.057577133178711,,,8.639999999999999e-05,93.4262497009995
370,757760,9.039716720581055,,,8.879999999999999e-05,95.71183413299968
380,778240,9.0162992477417,,,9.12e-05,97.96753202499985
390,798720,8.985369682312012,,,9.36e-05,100.40773307000018
400,819200,8.949316024780273,8.952952575683593,7730.683625836902,9.6e-05,104.92362736499945
410,839680,8.92916488647461,,,9.839999999999999e-05,107.3187187829999
420,860160,8.897796630859375,,,0.0001008,109.79510333399958
430,880640,8.855423927307129,,,0.00010319999999999997,112.0957953369998
440,901120,8.809865951538086,,,0.00010559999999999998,114.5977749929998
450,921600,8.766984939575195,,,0.00010799999999999998,117.05318984799942
460,942080,8.735469818115234,,,0.00011039999999999999,119.30081201299981
470,962560,8.686298370361328,,,0.00011279999999999999,121.74006267099958
480,983040,8.638175964355469,,,0.0001152,124.13867558099992
490,1003520,8.583818435668945,,,0.0001176,126.51393758299946
500,1024000,8.504631042480469,8.506727361679078,4947.943732488759,0.00011999999999999999,130.7185851129998
510,1044480,8.465519905090332,,,0.0001224,138.85230604400022
520,1064960,8.367658615112305,,,0.0001248,141.52049893899948
530,1085440,8.326659202575684,,,0.00012719999999999997,144.170880957
540,1105920,8.22523307800293,,,0.00012959999999999998,146.4372189449996
550,1126400,8.202607154846191,,,0.00013199999999999998,148.80182430700006
560,1146880,8.087457656860352,,,0.0001344,151.0535678469996
570,1167360,8.030206680297852,,,0.0001368,153.62645431599958
580,1187840,7.940461158752441,,,0.0001392,156.0754373230002
590,1208320,7.877161979675293,,,0.0001416,158.57089330300005
600,1228800,7.768733978271484,7.75852370262146,2341.4453828030005,0.000144,163.7402004939995
610,1249280,7.692112922668457,,,0.0001464,166.1293147689994
620,1269760,7.558445930480957,,,0.00014879999999999998,168.5407773549996
630,1290240,7.5027384757995605,,,0.0001512,170.81538201399962
640,1310720,7.390923500061035,,,0.0001536,173.09549478699955
650,1331200,7.357207298278809,,,0.00015599999999999997,175.7654423919994
660,1351680,7.247964382171631,,,0.00015839999999999997,178.15442074200018
670,1372160,7.151280403137207,,,0.00016079999999999998,180.44921978899947
680,1392640,7.031729698181152,,,0.00016319999999999998,182.7042581859996
690,1413120,6.986677646636963,,,0.0001656,184.97301204299947
700,1433600,6.803174018859863,6.801987528800964,899.6335635468396,0.000168,189.3742945670001
710,1454080,6.679579734802246,,,0.0001704,191.80184900599943
720,1474560,6.6349992752075195,,,0.00017279999999999997,194.25644599799944
730,1495040,6.578464031219482,,,0.00017519999999999998,196.65912564300015
740,1515520,6.379077911376953,,,0.00017759999999999998,198.94718379799997
750,1536000,6.431212425231934,,,0.00017999999999999998,201.41795421299958
760,1556480,6.299444198608398,,,0.0001824,203.94490507999944
770,1576960,6.182526111602783,,,0.0001848,206.18812749399967
780,1597440,6.180138111114502,,,0.0001872,208.52622761800012
790,1617920,6.15812873840332,,,0.0001896,210.78176319799968
800,1638400,6.12542724609375,6.03088743686676,416.0841139705388,0.000192,215.48683615200025
810,1658880,6.029013633728027,,,0.00019439999999999998,218.0124946219994
820,1679360,6.033089637756348,,,0.00019679999999999999,220.3059071179996
830,1699840,5.867895126342773,,,0.0001992,222.60521260199948
840,1720320,6.017657279968262,,,0.0002016,225.15102401500008
850,1740800,5.891648292541504,,,0.000204,227.64677610499984
860,1761280,5.8632121086120605,,,0.00020639999999999995,230.43415560799986
870,1781760,5.848214149475098,,,0.00020879999999999995,233.13383940199947
880,1802240,5.724514484405518,,,0.00021119999999999996,235.47128706399963
890,1822720,5.815305709838867,,,0.00021359999999999996,237.90372023799955
900,1843200,5.771801471710205,5.702915525436401,299.74002794162953,0.00021599999999999996,242.90855658300006
910,1863680,5.657245635986328,,,0.00021839999999999997,245.1673340540001
920,1884160,5.718451499938965,,,0.00022079999999999997,247.66814227600025
930,1904640,5.627581596374512,,,0.00022319999999999998,250.1677281100001
940,1925120,5.479053974151611,,,0.00022559999999999998,252.39449289099957
950,1945600,5.421880722045898,,,0.00022799999999999999,254.7292086110001
960,1966080,5.44540548324585,,,0.0002304,256.99430171399945
970,1986560,5.614528656005859,,,0.0002328,259.2950149849994
980,2007040,5.478248596191406,,,0.0002352,261.6448040139994
990,2027520,5.266846656799316,,,0.0002376,264.1156352879998
1000,2048000,5.19916296005249,5.269609880447388,194.34013176957936,0.00023999999999999998,268.77829266200024
1010,2068480,5.333151817321777,,,0.00024239999999999998,273.9337072620001
1020,2088960,5.389494895935059,,,0.0002448,276.6196832529995
1030,2109440,5.07080078125,,,0.0002472,279.09721534799974
1040,2129920,5.018294811248779,,,0.0002496,281.43920430599974
1050,2150400,4.929971694946289,,,0.00025199999999999995,284.03653966799993
1060,2170880,4.757771968841553,,,0.00025439999999999995,286.6750772859996
1070,2191360,4.800864219665527,,,0.00025679999999999995,289.16448991200014
1080,2211840,4.744865417480469,,,0.00025919999999999996,291.98736763099987
1090,2232320,5.025846004486084,,,0.00026159999999999996,294.5352007049996
1100,2252800,4.692745208740234,4.7892899990081785,120.21598488701683,0.00026399999999999997,299.4424583279997
1110,2273280,5.004981994628906,,,0.00026639999999999997,302.0663446079998
1120,2293760,4.664012432098389,,,0.0002688,304.6039106500002
1130,2314240,4.637754440307617,,,0.0002712,307.0899065809999
1140,2334720,4.642609119415283,,,0.0002736,309.4398490120002
1150,2355200,4.59281587600708,,,0.000276,311.85808897900006
1160,2375680,4.716154098510742,,,0.0002784,314.2209965639995
1170,2396160,4.564729690551758,,,0.0002808,316.453392204
1180,2416640,4.4930219650268555,,,0.0002832,318.816370431
1190,2437120,4.328406810760498,,,0.0002856,321.07768024899997
1200,2457600,4.585036754608154,4.3831582307815555,80.09057892832968,0.000288,325.6763931400001
1210,2478080,4.626929759979248,,,0.0002904,327.97124945499945
1220,2498560,4.600407600402832,,,0.0002928,330.3776175129997
1230,2519040,4.521144866943359,,,0.0002952,332.76178401499965
1240,2539520,4.381828308105469,,,0.00029759999999999997,335.18856905099983
1250,2560000,4.207021713256836,,,0.0003,337.422812627
1260,2580480,4.049252510070801,,,0.00029999998224211155,339.6969266039996
1270,2600960,4.139663219451904,,,0.000299999928968451,342.1205242750002
1280,2621440,4.186744689941406,,,0.0002999998401790323,344.4204225429994
1290,2641920,4.177546501159668,,,0.0002999997158738788,346.65423382300014
1300,2662400,4.156135082244873,4.163199019432068,64.27681684083193,0.00029999955605302325,351.38968368899987
1310,2682880,4.141443252563477,,,0.0002999993607165077,353.75746345399966
1320,2703360,4.389150142669678,,,0.0002999991298643834,356.0005367679996
1330,2723840,4.224549770355225,,,0.00029999886349671125,358.44361036699956
1340,2744320,4.137068748474121,,,0.0002999985616135613,360.8298261529999
1350,2764800,3.895991563796997,,,0.0002999982242150129,363.38498057800007
1360,2785280,4.075016021728516,,,0.0002999978513011549,366.2332247329996
1370,2805760,4.074248790740967,,,0.0002999974428720853,368.5861186989996
1380,2826240,4.113187789916992,,,0.0002999969989279116,370.90918277199944
1390,2846720,4.062270164489746,,,0.00029999651946875064,373.2350039849998
1400,2867200,4.1305460929870605,4.046956777572632,57.22304933222586,0.0002999960044947285,377.86340980600016
1410,2887680,4.063133239746094,,,0.00029999545400598065,380.31512303599993
1420,2908160,3.943542957305908,,,0.00029999486800265195,382.6791197450002
1430,2928640,4.0692596435546875,,,0.00029999424648489655,385.0745782519998
1440,2949120,4.035172462463379,,,0.000299993589452878,387.3753134159997
1450,2969600,4.094300270080566,,,0.000299992896906769,389.88436025899955
1460,2990080,3.9981133937835693,,,0.0002999921688467519,392.4525959779994
1470,3010560,3.955045700073242,,,0.0002999914052730182,394.786465745
1480,3031040,3.9308090209960938,,,0.0002999906061857688,397.45099972499975
1490,3051520,4.014047145843506,,,0.0002999897715852139,399.8020965019996
1500,3072000,4.1158447265625,3.9692941308021545,52.94714388809524,0.00029998890147157306,404.43029472499984
1510,3092480,4.13463830947876,,,0.0002999879958450752,409.0841577760002
1520,3112960,3.9700546264648438,,,0.00029998705470595855,411.61594491399956
1530,3133440,4.043412208557129,,,0.00029998607805447073,414.14474667299964
1540,3153920,4.0235395431518555,,,0.00029998506589086867,416.8980707800001
1550,3174400,3.784862518310547,,,0.00029998401821541864,419.22943609899994
1560,3194880,3.6922383308410645,,,0.0002999829350283963,421.65858557699994
1570,3215360,4.405025005340576,,,0.00029998181633008654,423.89591483499953
1580,3235840,3.8414206504821777,,,0.0002999806621207837,426.38267186600024
1590,3256320,4.049077033996582,,,0.0002999794724007915,428.9046005399996
1600,3276800,3.857144355773926,3.913439619541168,50.07088089923858,0.0002999782471704228,433.72202163899965
1610,3297280,3.9716079235076904,,,0.0002999769864300001,436.27281591300016
1620,3317760,3.8411452770233154,,,0.0002999756901798549,438.83571810299964
1630,3338240,3.610116720199585,,,0.0002999743584203283,441.34950109500005
1640,3358720,3.6296842098236084,,,0.0002999729911517707,443.7574994360002
1650,3379200,4.101161003112793,,,0.0002999715883745418,446.18039779799983
1660,3399680,3.8881638050079346,,,0.0002999701500890105,448.54313317000015
1670,3420160,3.91882586479187,,,0.0002999686762955554,450.86663795799996
1680,3440640,4.030148029327393,,,0.000299967166994564,453.29901641800006
1690,3461120,3.992891311645508,,,0.0002999656221864335,456.09962737099977
1700,3481600,4.003619194030762,3.867712366580963,47.832836828273,0.00029996404187157034,460.62052240199955
1710,3502080,3.8987388610839844,,,0.00029996242605039014,463.0006082
1720,3522560,3.6642003059387207,,,0.00029996077472331815,465.4458008370002
1730,3543040,3.9335882663726807,,,0.00029995908789078865,467.7994607359997
1740,3563520,3.840932846069336,,,0.00029995736555324544,470.3244095989994
1750,3584000,4.065061569213867,,,0.00029995560771114174,472.6667897219995
1760,3604480,4.032242298126221,,,0.0002999538143649399,474.91678027499984
1770,3624960,3.882009267807007,,,0.00029995198551511175,477.2038132259995
1780,3645440,4.152962684631348,,,0.00029995012116213843,479.70395814199946
1790,3665920,3.967496156692505,,,0.0002999482213065104,482.20260544699977
1800,3686400,4.011165618896484,3.8358094453811646,46.330914839016465,0.00029994628594872747,486.8192098469999
1810,3706880,4.013940811157227,,,0.0002999443150892988,489.27910094900017
1820,3727360,4.103762626647949,,,0.0002999423087287429,491.79132547599966
1830,3747840,3.616427421569824,,,0.00029994026686758755,494.17721720699956
1840,3768320,3.827845573425293,,,0.00029993818950637,496.7323001140003
1850,3788800,3.682903289794922,,,0.00029993607664563667,499.18911449999996
1860,3809280,3.839278221130371,,,0.0002999339282859435,501.48228144399945
1870,3829760,3.586845874786377,,,0.0002999317444278556,503.83658381500027
1880,3850240,3.8493833541870117,,,0.00029992952507194756,506.30375714799993
1890,3870720,4.169419288635254,,,0.00029992727021880324,508.63101469699996
1900,3891200,3.6345481872558594,3.791193723678589,44.309261733631566,0.0002999249798690158,513.1319208759996
1910,3911680,3.927781581878662,,,0.00029992265402318787,515.5173066999996
1920,3932160,3.686255693435669,,,0.0002999202926819312,517.7943449719996
1930,3952640,3.853959083557129,,,0.0002999178958458672,520.514266825
1940,3973120,3.9088549613952637,,,0.00029991546351562626,522.8392330409997
1950,3993600,3.703528642654419,,,0.00029991299569184836,525.1790011439998
1960,4014080,3.960968494415283,,,0.0002999104923751827,527.8739071069995
1970,4034560,3.864136219024658,,,0.00029990795356628786,530.4091766579995
1980,4055040,3.8929443359375,,,0.00029990537926583174,532.8694736500001
1990,4075520,3.4978690147399902,,,0.00029990276947449167,535.2606899089997
2000,4096000,3.8985679149627686,3.7421663999557495,42.189290109417186,0.0002999001241929541,539.9205488059997
2010,4116480,3.815955638885498,,,0.00029989744342191505,545.4374530899995
2020,4136960,3.75882625579834,,,0.0002998947271620797,547.8049993959994
2030,4157440,3.602971076965332,,,0.00029989197541416274,550.2465717469995
2040,4177920,3.850289821624756,,,0.000299889188178888,552.875652441
2050,4198400,3.8389639854431152,,,0.0002998863654569888,555.248461739
2060,4218880,3.695934295654297,,,0.0002998835072492078,557.5393282099994
2070,4239360,3.8594350814819336,,,0.0002998806135562968,559.9968873039998
2080,4259840,3.774167776107788,,,0.00029987768437901715,562.5359765389994
2090,4280320,3.632359504699707,,,0.0002998747197181394,565.0035446350003
2100,4300800,3.6698806285858154,3.6783697485923765,39.58181313871092,0.0002998717195744436,569.6895753159997
2110,4321280,3.7952284812927246,,,0.00029986868394871896,572.0632777230003
2120,4341760,3.5671257972717285,,,0.0002998656128417641,574.3512413729995
2130,4362240,3.6551907062530518,,,0.00029986250625438696,576.9256479469996
2140,4382720,3.5034313201904297,,,0.0002998593641874048,579.4099475619996
2150,4403200,3.3026881217956543,,,0.00029985618664164434,581.8140724019995
2160,4423680,3.8253350257873535,,,0.0002998529736179414,584.6631128979998
2170,4444160,3.5649924278259277,,,0.0002998497251171413,587.0380350690002
2180,4464640,3.6990175247192383,,,0.00029984644114009867,589.381901279
2190,4485120,3.7472898960113525,,,0.0002998431216876774,591.7544488570002
2200,4505600,3.484778881072998,3.596768522262573,36.48015894576529,0.0002998397667607509,596.501253159
2210,4526080,3.561321973800659,,,0.00029983637636020173,598.9508149289995
2220,4546560,3.6470794677734375,,,0.00029983295048692174,601.5281447779998
2230,4567040,3.736509323120117,,,0.00029982948914181233,603.993130801
2240,4587520,3.5943899154663086,,,0.000299825992325784,606.3063084739997
2250,4608000,3.58870267868042,,,0.0002998224600397569,608.735871459
2260,4628480,3.45088529586792,,,0.00029981889228466004,611.1250537260003
2270,4648960,3.7358295917510986,,,0.00029981528906143217,613.4209713620003
2280,4669440,3.5175137519836426,,,0.0002998116503710212,615.9500740329995
2290,4689920,3.4603781700134277,,,0.0002998079762143843,618.2747125010001
2300,4710400,3.6050620079040527,3.5019126892089845,33.1788521393966,0.0002998042665924883,622.8171997809995
2310,4730880,3.4555373191833496,,,0.0002998005215063089,625.3210799419994
2320,4751360,3.8999557495117188,,,0.00029979674095683155,627.7658849130003
2330,4771840,3.6254379749298096,,,0.0002997929249450506,630.0528528169998
2340,4792320,3.3053243160247803,,,0.00029978907347197017,632.323861285
2350,4812800,3.548704147338867,,,0.00029978518653860336,634.6357761859999
2360,4833280,3.6386027336120605,,,0.00029978126414597294,637.0461223249995
2370,4853760,3.360553741455078,,,0.00029977730629511057,639.3881535359997
2380,4874240,3.635251045227051,,,0.00029977331298705764,641.8286638199997
2390,4894720,3.539278507232666,,,0.00029976928422286467,644.1164668780002
2400,4915200,3.3946428298950195,3.4190850257873535,30.541457586726434,0.00029976522000359153,648.4120099689999
2410,4935680,3.6105098724365234,,,0.00029976112033030746,650.8139325800003
2420,4956160,3.3168797492980957,,,0.000299756985204091,653.3454002769995
2430,4976640,3.4179117679595947,,,0.00029975281462602996,655.6145799420001
2440,4997120,3.5481748580932617,,,0.0002997486085972216,657.8388042139995
2450,5017600,3.6389594078063965,,,0.00029974436711877246,660.1067781109996
2460,5038080,3.2251644134521484,,,0.0002997400901917983,662.5275902779995
2470,5058560,3.2609286308288574,,,0.0002997357778174243,664.791231016
2480,5079040,3.5595526695251465,,,0.0002997314299967851,667.10804525
2490,5099520,3.423410415649414,,,0.0002997270467310244,669.4168237209997
2500,5120000,3.4123382568359375,3.36045663356781,28.80233999212291,0.0002997226280212954,673.8748156889997
2510,5140480,3.56937575340271,,,0.00029971817386876046,679.4391377459997
2520,5160960,3.6180949211120605,,,0.00029971368427459153,681.884099631
2530,5181440,3.2693355083465576,,,0.0002997091592399697,684.1853935009995
2540,5201920,3.1773147583007812,,,0.0002997045987660853,686.8013788110002
2550,5222400,3.386803388595581,,,0.0002997000028541382,689.4031006269997
2560,5242880,3.1432626247406006,,,0.0002996953715053375,691.8187736499995
2570,5263360,3.3272833824157715,,,0.0002996907047209016,694.1437180789999
2580,5283840,3.1477341651916504,,,0.0002996860025020582,696.4301788040002
2590,5304320,3.377568483352661,,,0.0002996812648500444,698.7396515769997
2600,5324800,3.3292384147644043,3.304311656951904,27.229791698546332,0.00029967649176610654,703.5600331850001
2610,5345280,3.48734188079834,,,0.00029967168325150035,706.5643636449995
2620,5365760,3.3469879627227783,,,0.00029966683930749083,709.0988262109995
2630,5386240,3.4879584312438965,,,0.0002996619599353524,711.5705374829995
2640,5406720,3.19769024848938,,,0.00029965704513636865,713.9159756239997
2650,5427200,3.2511119842529297,,,0.0002996520949118326,716.842670133
2660,5447680,3.50732421875,,,0.00029964710926304647,719.3517276599996
2670,5468160,3.171093225479126,,,0.000299642088191322,721.9554361499995
2680,5488640,3.4504196643829346,,,0.0002996370316979801,724.6130146220003
2690,5509120,3.5785317420959473,,,0.00029963193978435094,727.1762890770005
2700,5529600,3.4706428050994873,3.2410773038864136,25.561244147356955,0.0002996268124517742,732.1346707480006
2710,5550080,3.520148515701294,,,0.0002996216497015988,734.4615153779996
2720,5570560,3.4450466632843018,,,0.00029961645153518283,737.0564418800004
2730,5591040,3.1529548168182373,,,0.00029961121795389395,739.5458016369994
2740,5611520,3.159846305847168,,,0.000299605948959109,741.9017556199997
2750,5632000,3.4344210624694824,,,0.00029960064455221403,744.5000911730003
2760,5652480,3.337141990661621,,,0.0002995953047346046,747.0443226890002
2770,5672960,3.3786885738372803,,,0.00029958992950768556,749.3805242380004
2780,5693440,3.289095401763916,,,0.0002995845188728709,751.9901123939999
2790,5713920,3.180469036102295,,,0.0002995790728315842,754.4592878900003
2800,5734400,3.208868980407715,3.1894405364990233,24.274842754866974,0.0002995735913852581,759.380168964999
2810,5754880,3.209503173828125,,,0.00029956807453533467,761.8134783719997
2820,5775360,3.1818313598632812,,,0.00029956252228326526,764.1008227309994
2830,5795840,3.2237844467163086,,,0.0002995569346305106,766.5371474219992
2840,5816320,3.2992844581604004,,,0.00029955131157854075,768.9866834580007
2850,5836800,3.1223316192626953,,,0.00029954565312883483,771.5102720739997
2860,5857280,3.269028663635254,,,0.0002995399592828817,774.0910722839999
2870,5877760,3.1968159675598145,,,0.0002995342300421791,776.4972418599991
2880,5898240,3.030518054962158,,,0.0002995284654082344,779.0660819509994
2890,5918720,3.5532546043395996,,,0.0002995226653825641,781.3913423209997
2900,5939200,3.3766846656799316,3.1407967090606688,23.122281253268465,0.00029951682996669406,786.2057627779996
2910,5959680,3.191128730773926,,,0.0002995109591621595,788.7043731319991
2920,5980160,3.177093505859375,,,0.00029950505297050487,791.3331818030001
2930,6000640,3.048020601272583,,,0.00029949911139328403,793.8249308689992
2940,6021120,3.3820691108703613,,,0.00029949313443206006,796.4507187340005
2950,6041600,3.1679835319519043,,,0.00029948712208840533,798.9743364879996
2960,6062080,3.33799147605896,,,0.00029948107436390163,801.3957625629992
2970,6082560,3.517507553100586,,,0.00029947499126014,803.9665565680007
2980,6103040,3.1501967906951904,,,0.0002994688727787207,806.4120663899994
2990,6123520,2.8943119049072266,,,0.0002994627189212535,808.8312502379995
3000,6144000,3.4448626041412354,3.096542203426361,22.121327832053996,0.00029945652968935724,813.4427362129991
3010,6164480,3.0044374465942383,,,0.00029945030508466027,818.549299246999
3020,6184960,3.312966823577881,,,0.00029944404510880005,821.0773630749991
3030,6205440,2.9440269470214844,,,0.0002994377497634236,823.5090358510006
3040,6225920,3.0488617420196533,,,0.000299431419050187,826.0705632320005
3050,6246400,3.3378238677978516,,,0.00029942505297075574,828.5303454109999
3060,6266880,3.1473546028137207,,,0.00029941865152680465,831.1516527589993
3070,6287360,2.957845449447632,,,0.00029941221472001774,833.469543887999
3080,6307840,3.0322585105895996,,,0.0002994057425520885,835.9525161589991
3090,6328320,3.0197594165802,,,0.00029939923502471957,838.5678584609996
3100,6348800,3.0549070835113525,3.0545612573623657,21.21187693018869,0.0002993926921396229,843.0272626240003
3110,6369280,3.348414897918701,,,0.00029938611389851997,845.6256131419996
3120,6389760,2.9288458824157715,,,0.00029937950030314115,848.0716843810005
3130,6410240,3.2329373359680176,,,0.00029937285135522656,850.5275067179991
3140,6430720,3.0318691730499268,,,0.0002993661670565252,853.0019689130004
3150,6451200,3.247412919998169,,,0.0002993594474087958,855.2398362049989
3160,6471680,3.14564847946167,,,0.00029935269241380594,857.5195932370007
3170,6492160,3.067537546157837,,,0.0002993459020733329,859.752157207
3180,6512640,3.1490635871887207,,,0.00029933907638916293,862.0335480190006
3190,6533120,3.227715015411377,,,0.0002993322153630918,864.448054565999
3200,6553600,3.104402542114258,3.014104413986206,20.370838930211427,0.0002993253189969246,868.7755512059994
3210,6574080,2.9695863723754883,,,0.0002993183872924755,871.0685268069992
3220,6594560,3.053321123123169,,,0.0002993114202515681,873.5629973989999
3230,6615040,2.9177169799804688,,,0.00029930441787603534,876.2026156709999
3240,6635520,3.028075695037842,,,0.00029929738016771937,878.6545084089994
3250,6656000,3.1161341667175293,,,0.0002992903071284717,881.0025444829989
3260,6676480,2.891875743865967,,,0.0002992831987601531,883.4748168499991
3270,6696960,3.0194907188415527,,,0.0002992760550646336,885.7872714069999
3280,6717440,3.0327258110046387,,,0.00029926887604379257,888.2843017279993
3290,6737920,3.2037391662597656,,,0.0002992616616995187,890.669821595
3300,6758400,3.2341413497924805,2.9840168595314025,19.76705888462884,0.0002992544120337099,895.25849681
3310,6778880,3.164241313934326,,,0.0002992471270482735,897.591484695
3320,6799360,2.9788835048675537,,,0.00029923980674512586,899.9537717450003
3330,6819840,2.857187271118164,,,0.00029923245112619296,902.480375264
3340,6840320,2.9746713638305664,,,0.00029922506019340985,905.1526738150005
3350,6860800,3.040626049041748,,,0.00029921763394872094,907.6300498780001
3360,6881280,2.9307308197021484,,,0.0002992101723940799,910.1675649560002
3370,6901760,3.0412821769714355,,,0.0002992026755314498,912.4544447200005
3380,6922240,2.829653263092041,,,0.00029919514336280284,914.8258835209999
3390,6942720,2.84266996383667,,,0.0002991875758901206,917.3450242090003
3400,6963200,2.9193129539489746,2.9533587217330934,19.170233198248496,0.000299179973115394,921.8676379669996
3410,6983680,3.1131181716918945,,,0.000299172335040623,924.4137033379993
3420,7004160,3.3056373596191406,,,0.00029916466166781715,926.7347989970003
3430,7024640,3.1461424827575684,,,0.00029915695299899517,929.2795270639999
3440,7045120,2.9222517013549805,,,0.00029914920903618503,931.711468219999
3450,7065600,3.015894889831543,,,0.00029914142978142405,934.042202659999
3460,7086080,2.961676597595215,,,0.0002991336152367587,936.3661081600003
3470,7106560,2.8220973014831543,,,0.0002991257654042449,938.9239262289993
3480,7127040,2.8657093048095703,,,0.0002991178802859477,941.3050765799999
3490,7147520,2.922091245651245,,,0.0002991099598839416,943.7818670510005
3500,7168000,3.0866520404815674,2.9199580907821656,18.540510425174357,0.00029910200420031033,948.3323715949991
3510,7188480,3.0928094387054443,,,0.00029909401323714675,952.8875112179994
3520,7208960,2.818085193634033,,,0.0002990859869965532,955.3078332839996
3530,7229440,2.9000542163848877,,,0.00029907792548064126,957.686101977999
3540,7249920,2.812135696411133,,,0.0002990698286915317,959.9539417870001
3550,7270400,3.120572566986084,,,0.0002990616966313546,962.4433938530001
3560,7290880,3.120492458343506,,,0.0002990535293022493,964.9164761510001
3570,7311360,2.954249143600464,,,0.0002990453267063646,967.4113869890007
3580,7331840,3.1757304668426514,,,0.00029903708884585834,969.9282954070004
3590,7352320,2.819448471069336,,,0.00029902881572289777,972.6124590679992
3600,7372800,3.024838924407959,2.8997541308403014,18.169677456876297,0.00029902050733965937,977.6424568860002
3610,7393280,2.7394731044769287,,,0.00029901216369832885,980.2277904250004
3620,7413760,2.9853475093841553,,,0.0002990037848011014,982.7819436190002
3630,7434240,2.972247362136841,,,0.0002989953706501812,985.3593927410002
3640,7454720,3.0616893768310547,,,0.0002989869212477819,988.2728756870001
3650,7475200,2.7698659896850586,,,0.00029897843659612637,990.6029498690004
3660,7495680,2.822518825531006,,,0.0002989699166974467,992.9136282519994
3670,7516160,2.842194080352783,,,0.00029896136155398433,995.3801961970003
3680,7536640,2.9552040100097656,,,0.00029895277116799004,997.8159854799997
3690,7557120,2.773019790649414,,,0.0002989441455417237,1000.1446853069992
3700,7577600,2.9323530197143555,2.8692817807197573,17.624355501161695,0.0002989354846774545,1004.5460641890004
3710,7598080,2.8488712310791016,,,0.00029892678857746096,1006.9203505589994
3720,7618560,3.006636142730713,,,0.0002989180572440309,1009.417087894999
3730,7639040,2.8222622871398926,,,0.0002989092906794614,1011.9776836780002
3740,7659520,3.239920139312744,,,0.0002989004888860586,1014.2926620729995
3750,7680000,2.988525867462158,,,0.0002988916518661382,1016.9144242090006
3760,7700480,2.7214558124542236,,,0.000298882779622025,1019.323692992999
3770,7720960,3.0058233737945557,,,0.00029887387215605317,1021.8149943869994
3780,7741440,2.7018182277679443,,,0.000298864929470566,1024.4651988709993
3790,7761920,2.829428195953369,,,0.00029885595156791615,1026.9619685109992
3800,7782400,3.0660409927368164,2.8462226390838623,17.222602828942197,0.0002988469384504656,1031.3946494369993
3810,7802880,2.855717658996582,,,0.00029883789012058535,1033.9367504050006
3820,7823360,2.9989511966705322,,,0.00029882880658065606,1036.5572571209996
3830,7843840,2.9285378456115723,,,0.0002988196878330673,1039.2492361629993
3840,7864320,2.7896056175231934,,,0.00029881053388021797,1041.6733697889995
3850,7884800,2.7384228706359863,,,0.00029880134472451636,1044.0126156080005
3860,7905280,3.0725889205932617,,,0.00029879212036837996,1046.3261085689992
3870,7925760,2.812077045440674,,,0.0002987828608142355,1048.6048156300003
3880,7946240,2.9737186431884766,,,0.000298773566064519,1050.9072335
3890,7966720,3.2529616355895996,,,0.00029876423612167573,1053.2656562529992
3900,7987200,3.1808600425720215,2.8238032817840577,16.84077925484181,0.00029875487098816016,1057.5685456499996
3910,8007680,2.722566604614258,,,0.0002987454706664361,1060.1830843030002
3920,8028160,3.0037899017333984,,,0.00029873603515897655,1062.6194567380007
3930,8048640,2.782299041748047,,,0.0002987265644682638,1065.0635370170003
3940,8069120,2.813241720199585,,,0.0002987170585967895,1067.5814959229992
3950,8089600,2.7466681003570557,,,0.00029870751754705436,1070.0385069549993
3960,8110080,2.810124397277832,,,0.0002986979413215685,1072.522117249
3970,8130560,2.7085933685302734,,,0.0002986883299228511,1075.0011550519994
3980,8151040,3.167388916015625,,,0.00029867868335343084,1077.564039167999
3990,8171520,2.6128735542297363,,,0.00029866900161584553,1080.3207852399992
4000,8192000,2.7518937587738037,2.7999906659126284,16.444493276043662,0.00029865928471264224,1084.7607034909997
4010,8212480,2.824796676635742,,,0.0002986495326463772,1089.425858569999
4020,8232960,2.8986973762512207,,,0.0002986397454196161,1091.7940660189997
4030,8253440,3.025695562362671,,,0.00029862992303493377,1094.1495750049999
4040,8273920,3.067897319793701,,,0.00029862006549491416,1096.4403868499994
4050,8294400,2.651339054107666,,,0.00029861017280215067,1098.9104388609994
4060,8314880,3.110413074493408,,,0.0002986002449592459,1101.4586716779995
4070,8335360,2.8689374923706055,,,0.0002985902819688115,1103.978368913
4080,8355840,2.8763883113861084,,,0.0002985802838334688,1106.8001231750004
4090,8376320,2.77453351020813,,,0.0002985702505558479,1109.4004396630007
4100,8396800,2.9545176029205322,2.777148222923279,16.073118576363335,0.0002985601821385884,1114.0012634390005
4110,8417280,3.0154123306274414,,,0.00029855007858433914,1116.346097309999
4120,8437760,2.708277702331543,,,0.0002985399398957581,1118.9468176379996
4130,8458240,2.81148099899292,,,0.0002985297660755126,1121.4241439439993
4140,8478720,2.7995002269744873,,,0.0002985195571262792,1123.7059752059995
4150,8499200,2.8156142234802246,,,0.0002985093130507436,1126.3580840039995
4160,8519680,2.6427688598632812,,,0.00029849903385160086,1128.6936675910001
4170,8540160,2.8642754554748535,,,0.00029848871953155523,1131.230319442
4180,8560640,2.8891971111297607,,,0.00029847837009332016,1133.5417853870003
4190,8581120,2.5834202766418457,,,0.00029846798553961835,1135.9997827759998
4200,8601600,2.888887405395508,2.7516868233680727,15.669040508268823,0.0002984575658731819,1140.6117841039995
4210,8622080,3.048783779144287,,,0.0002984471110967519,1143.129668448999
4220,8642560,2.782909393310547,,,0.00029843662121307877,1145.7630287049997
4230,8663040,2.868194103240967,,,0.0002984260962249223,1148.2500528279998
4240,8683520,2.7743453979492188,,,0.00029841553613505135,1150.656004851
4250,8704000,3.1159377098083496,,,0.000298404940946244,1152.9090670709993
4260,8724480,2.8384573459625244,,,0.0002983943106612877,1155.3079892860005
4270,8744960,2.868532657623291,,,0.00029838364528297906,1157.7419802429995
4280,8765440,2.814175605773926,,,0.00029837294481412395,1160.0749090980007
4290,8785920,2.8228461742401123,,,0.0002983622092575374,1162.5863419399993
4300,8806400,2.789705753326416,2.727479338645935,15.294286673788253,0.0002983514386160437,1167.0432212449996
4310,8826880,2.818958044052124,,,0.00029834063289247646,1169.4873241450005
4320,8847360,3.3167974948883057,,,0.00029832979208967836,1171.8640161469993
4330,8867840,2.857691764831543,,,0.0002983189162105015,1174.4422160220001
4340,8888320,2.7037458419799805,,,0.000298308005257807,1176.7800850309995
4350,8908800,2.8227791786193848,,,0.0002982970592344654,1179.1954476190003
4360,8929280,2.556453227996826,,,0.00029828607814335635,1181.6554062430005
4370,8949760,2.803863763809204,,,0.0002982750619873687,1184.01050846
4380,8970240,2.5290939807891846,,,0.00029826401076940063,1186.9029800949993
4390,8990720,2.9844608306884766,,,0.0002982529244923595,1189.369728046
4400,9011200,2.693735122680664,2.7087177872657775,15.010017135732088,0.0002982418031591619,1193.9765698800002
4410,9031680,2.5588560104370117,,,0.00029823064677273354,1196.3332756420004
4420,9052160,2.525506019592285,,,0.0002982194553360096,1198.742369219999
4430,9072640,2.987731456756592,,,0.0002982082288519341,1201.243100451
4440,9093120,2.8494200706481934,,,0.0002981969673234606,1203.578353412
4450,9113600,2.8703694343566895,,,0.0002981856707535519,1206.0387404199992
4460,9134080,2.5853962898254395,,,0.0002981743391451798,1208.4559873189992
4470,9154560,2.8636651039123535,,,0.0002981629725013254,1210.7224817309998
4480,9175040,2.792552947998047,,,0.00029815157082497905,1213.1882566099994
4490,9195520,2.8742215633392334,,,0.00029814013411914023,1215.8400953670007
4500,9216000,2.589373826980591,2.688404452800751,14.708189577954023,0.00029812866238681786,1220.3783810200002
4510,9236480,2.7688088417053223,,,0.0002981171556310299,1225.3756061959994
4520,9256960,2.6913764476776123,,,0.0002981056138548034,1227.884584886
4530,9277440,2.7766735553741455,,,0.00029809403706117487,1230.226936055
4540,9297920,2.691509485244751,,,0.00029808242525318994,1232.5146061310006
4550,9318400,2.4512100219726562,,,0.00029807077843390343,1235.4478829
4560,9338880,2.7895827293395996,,,0.00029805909660637935,1238.0216035869998
4570,9359360,2.747389316558838,,,0.00029804737977369097,1240.5623163380005
4580,9379840,2.5879034996032715,,,0.0002980356279389208,1242.9978230609995
4590,9400320,2.7514121532440186,,,0.0002980238411051604,1245.4696703129994
4600,9420800,2.7160873413085938,2.6703038930892946,14.444358066490617,0.00029801201927551077,1250.1258253529995
4610,9441280,3.0000476837158203,,,0.0002980001624530819,1252.4851165279997
4620,9461760,2.767390251159668,,,0.0002979882706409932,1254.7732672309994
4630,9482240,3.0416650772094727,,,0.000297976343842373,1257.0530066749998
4640,9502720,2.8752596378326416,,,0.00029796438206035916,1259.3360959769998
4650,9523200,2.713308334350586,,,0.0002979523852980985,1261.7298646220006
4660,9543680,2.6315560340881348,,,0.0002979403535587471,1264.179262968999
4670,9564160,2.710028648376465,,,0.0002979282868454704,1266.4211354939998
4680,9584640,2.8014626502990723,,,0.0002979161851614427,1268.6663183
4690,9605120,2.546834707260132,,,0.00029790404850984787,1270.9234975479994
4700,9625600,2.8741724491119385,2.6547338724136353,14.221200901814234,0.0002978918768938788,1275.3647575769992
4710,9646080,2.7178282737731934,,,0.0002978796703167375,1277.7455137670004
4720,9666560,2.664393424987793,,,0.00029786742878163547,1280.3849044180006
4730,9687040,2.604825735092163,,,0.000297855152291793,1282.7342947559991
4740,9707520,2.9578309059143066,,,0.0002978428408504399,1285.058737899999
4750,9728000,2.863008975982666,,,0.00029783049446081497,1287.6465709479999
4760,9748480,2.595609664916992,,,0.0002978181131261664,1289.9506680409995
4770,9768960,2.5769076347351074,,,0.00029780569684975146,1292.207565318
4780,9789440,2.9495909214019775,,,0.00029779324563483655,1294.4921661030003
4790,9809920,2.6749703884124756,,,0.0002977807594846974,1296.746733394999
4800,9830400,3.0488739013671875,2.6442527413368224,14.07292503786567,0.00029776823840261884,1301.2481060329992
4810,9850880,2.6512601375579834,,,0.0002977556823918949,1303.9494750409995
4820,9871360,2.7867331504821777,,,0.00029774309145582886,1306.3778401050004
4830,9891840,2.6784229278564453,,,0.000297730465597733,1308.7288710949997
4840,9912320,2.604491710662842,,,0.00029771780482092916,1311.120254984
4850,9932800,2.806447744369507,,,0.00029770510912874797,1313.4530000960003
4860,9953280,2.497810125350952,,,0.00029769237852452944,1315.8511700010004
4870,9973760,2.5288944244384766,,,0.00029767961301162277,1318.0964718670002
4880,9994240,2.640324592590332,,,0.0002976668125933863,1320.3441709050003
4890,10014720,2.5506303310394287,,,0.0002976539772731875,1322.693148934999
4900,10035200,2.5716328620910645,2.620142638683319,13.73768297034328,0.0002976411070544032,1327.2646980419995
4910,10055680,2.7395682334899902,,,0.0002976282019404191,1329.7513757479992
4920,10076160,2.6584763526916504,,,0.0002976152619346305,1332.3390096959993
4930,10096640,2.831789016723633,,,0.00029760228704044155,1335.0044478990003
4940,10117120,2.812748670578003,,,0.0002975892772612657,1337.402324478
4950,10137600,2.55542254447937,,,0.0002975762326005255,1339.7804851239998
4960,10158080,2.2734436988830566,,,0.0002975631530616528,1342.099560110999
4970,10178560,2.638589382171631,,,0.0002975500386480886,1344.6694132680004
4980,10199040,2.429497718811035,,,0.0002975368893632829,1347.0580823809996
4990,10219520,2.869880199432373,,,0.00029752370521069513,1349.5146011010002
5000,10240000,2.9165968894958496,2.603924560546875,13.516681111308372,0.0002975104861937938,1353.8618369489996
5010,10260480,2.644749641418457,,,0.00029749723231605645,1358.676926958
5020,10280960,2.776954412460327,,,0.00029748394358097,1361.182677572
5030,10301440,2.7683286666870117,,,0.0002974706199920304,1363.4411430679993
5040,10321920,2.6224353313446045,,,0.00029745726155274284,1365.8094128550001
5050,10342400,2.6857070922851562,,,0.0002974438682666217,1368.3896144659993
5060,10362880,2.943852424621582,,,0.00029743044013719037,1370.8160745829991
5070,10383360,2.657888412475586,,,0.00029741697716798157,1373.3749962099992
5080,10403840,3.0484514236450195,,,0.0002974034793625372,1375.7695784530006
5090,10424320,2.5950398445129395,,,0.00029738994672440813,1378.1094121000006
5100,10444800,2.848560333251953,2.5891512870788573,13.318463253250416,0.0002973763792571547,1382.6621943669998
5110,10465280,2.7593250274658203,,,0.00029736277696434607,1385.2077208600003
5120,10485760,2.731360673904419,,,0.00029734913984956083,1387.6413704240003
5130,10506240,2.458646774291992,,,0.0002973354679163866,1390.1243718759997
5140,10526720,2.608302593231201,,,0.00029732176116842014,1392.5742428459998
5150,10547200,2.7375638484954834,,,0.00029730801960926753,1394.8399857959994
5160,10567680,2.80299711227417,,,0.0002972942432425438,1397.2695517379998
5170,10588160,2.4871511459350586,,,0.0002972804320718733,1399.7045169089997
5180,10608640,2.733250617980957,,,0.0002972665861008894,1402.0584980530002
5190,10629120,2.425431966781616,,,0.00029725270533323476,1404.388761144999
5200,10649600,2.9134702682495117,2.5740054130554197,13.118263414496782,0.0002972387897725611,1408.7222321770005
5210,10670080,2.4095001220703125,,,0.0002972248394225294,1411.0500547299998
5220,10690560,2.8429503440856934,,,0.0002972108542868095,1413.6025181139994
5230,10711040,2.6172070503234863,,,0.00029719683436908083,1416.1743822299995
5240,10731520,2.6882386207580566,,,0.00029718277967303165,1418.7164727710006
5250,10752000,2.5345230102539062,,,0.0002971686902023595,1421.131582169999
5260,10772480,2.520155906677246,,,0.00029715456596077103,1423.5133545619992
5270,10792960,2.6955363750457764,,,0.00029714040695198203,1425.8760181460002
5280,10813440,2.9279229640960693,,,0.0002971262131797174,1428.1367697419992
5290,10833920,2.65812611579895,,,0.00029711198464771137,1430.6853853789999
5300,10854400,2.8289501667022705,2.5563871264457703,12.889166166357201,0.00029709772135970707,1435.2970641480006
5310,10874880,2.534262180328369,,,0.0002970834233194569,1437.711169872
5320,10895360,2.7114980220794678,,,0.00029706909053072236,1440.0195165570003
5330,10915840,2.639346122741699,,,0.00029705472299727424,1442.4018682469996
5340,10936320,2.5374910831451416,,,0.00029704032072289224,1444.7277782429992
5350,10956800,2.463685989379883,,,0.0002970258837113653,1447.1083349700002
5360,10977280,2.8120498657226562,,,0.00029701141196649154,1449.6478394900005
5370,10997760,2.6550495624542236,,,0.0002969969054920782,1452.273472331999
5380,11018240,2.4910354614257812,,,0.0002969823642919416,1454.644080959999
5390,11038720,2.608658790588379,,,0.00029696778836990726,1457.1892779690006
5400,11059200,2.6401607990264893,2.551852262020111,12.83084787794164,0.00029695317772980985,1461.9798394329991
5410,11079680,2.710136890411377,,,0.00029693853237549304,1464.2865049979991
5420,11100160,2.430905342102051,,,0.00029692385231080986,1466.8373983580004
5430,11120640,2.752617120742798,,,0.0002969091375396222,1469.2194653019997
5440,11141120,2.6345601081848145,,,0.0002968943880658013,1471.739647549999
5450,11161600,2.5786380767822266,,,0.0002968796038932274,1474.1921767709991
5460,11182080,2.8179640769958496,,,0.00029686478502578996,1476.7128480909996
5470,11202560,2.5199174880981445,,,0.00029684993146738756,1479.1582109049996
5480,11223040,2.565196990966797,,,0.0002968350432219278,1481.4496081649995
5490,11243520,2.5796566009521484,,,0.0002968201202933275,1483.7705370620006
5500,11264000,2.6427345275878906,2.5364675521850586,12.634959711407058,0.00029680516268551255,1488.3297966949995
5510,11284480,2.317086696624756,,,0.00029679017040241804,1493.3634686410005
5520,11304960,2.5805070400238037,,,0.0002967751434479881,1495.830500954
5530,11325440,2.468956470489502,,,0.0002967600818261761,1498.1817105890004
5540,11345920,2.347743034362793,,,0.00029674498554094436,1500.541435138999
5550,11366400,2.9042506217956543,,,0.0002967298545962645,1503.1085251959994
5560,11386880,2.649561882019043,,,0.00029671468899611706,1505.520230319
5570,11407360,2.646604061126709,,,0.0002966994887444918,1508.2211832539997
5580,11427840,2.6455764770507812,,,0.0002966842538453877,1510.6625179439998
5590,11448320,2.548119068145752,,,0.0002966689843028127,1513.1106312890006
5600,11468800,2.8691322803497314,2.5203203201293944,12.432578430955086,0.00029665368012078393,1517.7056546599997
5610,11489280,2.541544198989868,,,0.0002966383413033276,1520.0585156859997
5620,11509760,2.397353410720825,,,0.00029662296785447904,1522.4281010949999
5630,11530240,2.426927089691162,,,0.00029660755977828265,1524.8897364330005
5640,11550720,2.541201114654541,,,0.00029659211707879206,1527.6097727020006
5650,11571200,2.7638559341430664,,,0.00029657663976006985,1530.0145282480007
5660,11591680,2.6438956260681152,,,0.0002965611278261879,1532.3716298929994
5670,11612160,2.5239293575286865,,,0.000296545581281227,1534.6598267520003
5680,11632640,2.7370996475219727,,,0.00029653000012927716,1537.1322279849992
5690,11653120,2.5015931129455566,,,0.0002965143843744375,1539.75555256
5700,11673600,2.7085928916931152,2.5063599586486816,12.260221026996302,0.0002964987340208161,1544.3031016490004
5710,11694080,2.682706117630005,,,0.0002964830490725304,1546.5869177580007
5720,11714560,2.7086257934570312,,,0.00029646732953370666,1549.133607357
5730,11735040,2.6776771545410156,,,0.0002964515754084805,1551.6123279889998
5740,11755520,2.508012533187866,,,0.0002964357867009964,1554.0623994430007
5750,11776000,2.350780963897705,,,0.00029641996341540813,1556.3779533710003
5760,11796480,2.612664222717285,,,0.0002964041055558784,1558.687350487
5770,11816960,2.578653573989868,,,0.0002963882131265792,1561.1741343760004
5780,11837440,2.7089197635650635,,,0.0002963722861316914,1563.4638059629997
5790,11857920,2.828613758087158,,,0.00029635632457540513,1565.7634538170005
5800,11878400,2.765376567840576,2.501848602294922,12.205035375633498,0.0002963403284619195,1570.3872854239999
5810,11898880,2.507917881011963,,,0.00029632429779544286,1572.8511335410003
5820,11919360,2.6427860260009766,,,0.00029630823258019253,1575.3894646360004
5830,11939840,2.700688362121582,,,0.00029629213282039485,1577.739258873
5840,11960320,2.551891326904297,,,0.0002962759985202854,1580.2244626970005
5850,11980800,2.3825266361236572,,,0.00029625982968410885,1582.6729771409991
5860,12001280,2.573763847351074,,,0.00029624362631611883,1585.0281611110004
5870,12021760,2.3342483043670654,,,0.0002962273884205781,1587.4565579650007
5880,12042240,2.2831225395202637,,,0.00029621111600175855,1589.8307814889995
5890,12062720,2.490501642227173,,,0.0002961948090639411,1592.3525380810006
5900,12083200,2.361253261566162,2.4869400024414063,12.024425055801387,0.0002961784676114159,1596.8883213549998
5910,12103680,2.5880534648895264,,,0.0002961620916484819,1599.3767249230004
5920,12124160,2.863799571990967,,,0.00029614568117944737,1601.825694150999
5930,12144640,2.462841510772705,,,0.00029612923620862954,1604.3762477189994
5940,12165120,2.301482677459717,,,0.00029611275674035475,1606.956764433
5950,12185600,2.5297133922576904,,,0.0002960962427789584,1609.3004776960006
5960,12206080,2.485826253890991,,,0.00029607969432878504,1611.7548396410002
5970,12226560,2.495864152908325,,,0.0002960631113941882,1614.2173697679991
5980,12247040,2.485243320465088,,,0.00029604649397953046,1616.6102141619995
5990,12267520,2.698391914367676,,,0.00029602984208918366,1619.451820184
6000,12288000,2.353818893432617,2.4685452580451965,11.80526074590824,0.00029601315572752845,1623.9083733509997
6010,12308480,2.5154056549072266,,,0.00029599643489895477,1628.7964095280004
6020,12328960,2.467475175857544,,,0.0002959796796078614,1631.1840396259995
6030,12349440,2.6372289657592773,,,0.00029596288985865647,1633.767957312999
6040,12369920,2.815579414367676,,,0.00029594606565575693,1636.3053502990006
6050,12390400,2.6001908779144287,,,0.0002959292070035889,1638.8493118299994
6060,12410880,2.4320449829101562,,,0.00029591231390658764,1641.2371643869992
6070,12431360,2.517338752746582,,,0.0002958953863691973,1643.531823596999
6080,12451840,2.612889289855957,,,0.0002958784243958711,1645.8780009490001
6090,12472320,2.616034746170044,,,0.00029586142799107153,1648.1899441179994
6100,12492800,2.725827217102051,2.4660075902938843,11.775340895793278,0.00029584439715926996,1652.6908574289992
6110,12513280,2.687727928161621,,,0.0002958273319049468,1655.0491026700001
6120,12533760,2.448136329650879,,,0.0002958102322325917,1657.550060079
6130,12554240,2.280954360961914,,,0.0002957930981467031,1660.073917447
6140,12574720,2.481609344482422,,,0.0002957759296517887,1662.6554636599994
6150,12595200,2.4626874923706055,,,0.0002957587267523652,1665.1404530990003
6160,12615680,2.638380527496338,,,0.0002957414894529583,1667.458111168
6170,12636160,2.5653676986694336,,,0.00029572421775810276,1669.8356426089995
6180,12656640,2.4099414348602295,,,0.0002957069116723425,1672.4545525800004
6190,12677120,2.6717073917388916,,,0.00029568957120023037,1674.9565906949992
6200,12697600,2.679192543029785,2.4531976699829103,11.625461736842514,0.0002956721963463282,1679.326569941999
6210,12718080,2.6243488788604736,,,0.0002956547871152071,1681.8447924880002
6220,12738560,2.4198732376098633,,,0.0002956373435114471,1684.1225372440003
6230,12759040,2.677175998687744,,,0.00029561986553963714,1686.5547558279995
6240,12779520,2.2779295444488525,,,0.00029560235320437537,1688.8921173769995
6250,12800000,2.386651039123535,,,0.00029558480651026894,1691.1875927559995
6260,12820480,2.191969871520996,,,0.00029556722546193406,1693.4786916110006
6270,12840960,2.565504550933838,,,0.0002955496100639959,1695.7457622990005
6280,12861440,2.619325637817383,,,0.0002955319603210887,1698.2226921599995
6290,12881920,2.5073537826538086,,,0.00029551427623785586,1700.8974411229992
6300,12902400,2.778542995452881,2.4439790725708006,11.518783751539724,0.0002954965578189496,1705.5302454270004
6310,12922880,2.342404365539551,,,0.00029547880506903125,1708.3658363800005
6320,12943360,2.9585037231445312,,,0.00029546101799277134,1711.219842978
6330,12963840,2.542435884475708,,,0.0002954431965948492,1713.4700964990006
6340,12984320,2.486114025115967,,,0.00029542534087995326,1715.9152433969994
6350,13004800,2.355774402618408,,,0.000295407450852781,1718.4815721640007
6360,13025280,2.3596017360687256,,,0.00029538952651803903,1721.1000574219997
6370,13045760,2.679478883743286,,,0.0002953715678804428,1723.8799841130003
6380,13066240,2.3075079917907715,,,0.0002953535749447169,1726.1701572389993
6390,13086720,2.4065933227539062,,,0.0002953355477155948,1728.508163651999
6400,13107200,2.611267566680908,2.432336711883545,11.385455549921634,0.0002953174861978192,1733.011263770999
6410,13127680,2.304994583129883,,,0.00029529939039614174,1735.3980049000002
6420,13148160,2.4706778526306152,,,0.00029528126031532306,1738.0364736779993
6430,13168640,2.4604365825653076,,,0.00029526309596013267,1740.4495415000001
6440,13189120,2.7144415378570557,,,0.0002952448973353494,1742.7271965529999
6450,13209600,2.8255128860473633,,,0.00029522666444576094,1745.0226726780002
6460,13230080,2.3816981315612793,,,0.00029520839729616394,1747.537243011
6470,13250560,2.5090088844299316,,,0.0002951900958913641,1750.0564139189992
6480,13271040,2.5743184089660645,,,0.0002951717602361762,1752.4602331219994
6490,13291520,2.3065152168273926,,,0.000295153390335424,1754.9268006019993
6500,13312000,2.5410356521606445,2.4266747713088987,11.321173928269584,0.00029513498619394016,1759.5264172309999
6510,13332480,2.4668128490448,,,0.0002951165478165665,1763.897225101
6520,13352960,2.140897274017334,,,0.0002950980752081538,1766.240072483999
6530,13373440,2.257349967956543,,,0.0002950795683735618,1768.642101861
6540,13393920,2.5506298542022705,,,0.00029506102731765926,1771.3679474889996
6550,13414400,2.4652576446533203,,,0.000295042452045324,1773.941392138
6560,13434880,2.4460620880126953,,,0.0002950238425614428,1776.4649429109995
6570,13455360,2.6308159828186035,,,0.0002950051988709114,1778.7524518150003
6580,13475840,2.3584108352661133,,,0.00029498652097863465,1781.175496332
6590,13496320,2.3856325149536133,,,0.0002949678088895262,1783.725228973999
6600,13516800,2.6608619689941406,2.410445475578308,11.13892215776822,0.00029494906260850895,1788.0506763459998
6610,13537280,2.254424571990967,,,0.00029493028214051456,1790.487977707
6620,13557760,2.4437355995178223,,,0.0002949114674904839,1792.7757947009995
6630,13578240,2.700533628463745,,,0.0002948926186633666,1795.1935624479993
6640,13598720,2.3090872764587402,,,0.00029487373566412155,1797.62856621
6650,13619200,2.422391653060913,,,0.00029485481849771643,1799.8803884879999
6660,13639680,2.6098732948303223,,,0.0002948358671691279,1802.1899881890004
6670,13660160,2.444612979888916,,,0.0002948168816833418,1804.6964941459992
6680,13680640,2.5341782569885254,,,0.0002947978620453527,1807.0302483809992
6690,13701120,2.5091607570648193,,,0.0002947788082601643,1809.4852089449996
6700,13721600,2.295837879180908,2.4003177881240845,11.026679971855412,0.0002947597203327893,1814.0715015629994
6710,13742080,2.338947296142578,,,0.00029474059826824944,1816.5682529320002
6720,13762560,2.1535191535949707,,,0.0002947214420715752,1818.8550177739999
6730,13783040,2.553407907485962,,,0.0002947022517478063,1821.2092448610001
6740,13803520,2.630858898162842,,,0.0002946830273019912,1823.5311824540004
6750,13824000,2.575028419494629,,,0.00029466376873918756,1826.00150192
6760,13844480,2.548725128173828,,,0.00029464447606446193,1828.3469130569993
6770,13864960,2.595445156097412,,,0.0002946251492828898,1830.6492747619995
6780,13885440,2.688610076904297,,,0.0002946057883995556,1832.9281167570007
6790,13905920,2.3321373462677,,,0.00029458639341955285,1835.201806822999
6800,13926400,2.4772775173187256,2.3904134392738343,10.918006942914191,0.00029456696434798397,1839.651825212999
6810,13946880,2.582630157470703,,,0.0002945475011899604,1842.2716658110003
6820,13967360,2.475426435470581,,,0.0002945280039506024,1844.7128254689997
6830,13987840,2.4327516555786133,,,0.00029450847263503936,1847.0920291950006
6840,14008320,2.6640353202819824,,,0.0002944889072484096,1849.5443243739992
6850,14028800,2.511575698852539,,,0.00029446930779586036,1851.949975775
6860,14049280,2.576140880584717,,,0.00029444967428254783,1854.4218401929993
6870,14069760,2.161346912384033,,,0.00029443000671363717,1856.7975152590006
6880,14090240,2.6750218868255615,,,0.0002944103050943026,1859.1161120590004
6890,14110720,2.125269889831543,,,0.00029439056942972717,1861.4303705919992
6900,14131200,2.261101245880127,2.380970525741577,10.815394390620789,0.000294370799725103,1865.9821061460007
6910,14151680,2.4370477199554443,,,0.00029435099598563096,1868.4350820639993
6920,14172160,2.175828456878662,,,0.0002943311582165212,1870.7349203760004
6930,14192640,2.513434886932373,,,0.0002943112864229925,1873.2243468710003
6940,14213120,2.370870590209961,,,0.0002942913806102727,1875.810744213999
6950,14233600,2.7128772735595703,,,0.0002942714407835988,1878.2059556410004
6960,14254080,2.4217190742492676,,,0.00029425146694821635,1880.6053256859996
6970,14274560,2.5566799640655518,,,0.00029423145910938023,1882.9315508910004
6980,14295040,2.6872012615203857,,,0.000294211417272354,1885.3076445019997
6990,14315520,2.402885675430298,,,0.00029419134144241033,1887.6598221370004
7000,14336000,2.5289626121520996,2.373028266429901,10.729835937271943,0.00029417123162483067,1892.3808160890003
7010,14356480,2.2516465187072754,,,0.0002941510878249056,1897.2881787570004
7020,14376960,2.408970832824707,,,0.00029413091004793456,1899.6480500920006
7030,14397440,2.250476598739624,,,0.0002941106982992258,1902.2316788089993
7040,14417920,2.2511253356933594,,,0.0002940904525840967,1904.8623446099991
7050,14438400,2.4040815830230713,,,0.0002940701729078735,1907.4514261080003
7060,14458880,2.5304789543151855,,,0.00029404985927589144,1909.8665275210005
7070,14479360,2.351191997528076,,,0.0002940295116934945,1912.1411111769994
7080,14499840,2.3279614448547363,,,0.00029400913016603574,1914.5736270239995
7090,14520320,2.44813871383667,,,0.0002939887146988772,1916.8410146309998
7100,14540800,2.4835410118103027,2.363927435874939,10.632628523558427,0.00029396826529738977,1921.4632745340004
7110,14561280,2.545159101486206,,,0.00029394778196695324,1924.171400755
7120,14581760,2.565497398376465,,,0.00029392726471295634,1926.5171111660002
7130,14602240,2.3758692741394043,,,0.0002939067135407968,1929.1851998929997
7140,14622720,2.4209909439086914,,,0.00029388612845588117,1931.621087649999
7150,14643200,2.4122772216796875,,,0.00029386550946362497,1933.9823995709994
7160,14663680,2.1767263412475586,,,0.0002938448565694527,1936.3233084990006
7170,14684160,2.3395748138427734,,,0.00029382416977879767,1938.5786154569996
7180,14704640,2.2735753059387207,,,0.00029380344909710215,1940.9756759619995
7190,14725120,2.3226065635681152,,,0.00029378269452981737,1943.3625953949995
7200,14745600,2.4795732498168945,2.357103204727173,10.560316028030822,0.0002937619060824034,1948.099532672999
7210,14766080,2.518914222717285,,,0.0002937410837603293,1950.4194690549994
7220,14786560,2.1865651607513428,,,0.000293720227569073,1952.7228469399997
7230,14807040,2.410398483276367,,,0.00029369933751412133,1955.4153075119993
7240,14827520,2.5053048133850098,,,0.00029367841360097,1957.8476685419992
7250,14848000,2.4301047325134277,,,0.0002936574558351237,1960.1650254529995
7260,14868480,2.115328311920166,,,0.0002936364642220961,1962.4811691920004
7270,14888960,2.1706225872039795,,,0.0002936154387674095,1964.776092692
7280,14909440,2.2247073650360107,,,0.0002935943794765954,1967.208268675
7290,14929920,2.345764636993408,,,0.000293573286355194,1969.6423922949998
7300,14950400,2.433603286743164,2.3524773836135866,10.511578707153811,0.0002935521594087544,1974.0816230889995
7310,14970880,2.5337541103363037,,,0.0002935309986428349,1976.4225929019995
7320,14991360,2.408108949661255,,,0.0002935098040630023,1978.9011686659996
7330,15011840,2.50614595413208,,,0.0002934885756748325,1981.4079081
7340,15032320,2.2574543952941895,,,0.00029346731348391027,1983.8190486660005
7350,15052800,2.3574724197387695,,,0.00029344601749582927,1986.3145388499997
7360,15073280,2.2918076515197754,,,0.000293424687716192,1988.8464298260005
7370,15093760,2.451838731765747,,,0.00029340332415061,1991.1610380549992
7380,15114240,2.5347023010253906,,,0.0002933819268047035,1993.4338272160003
7390,15134720,2.465012550354004,,,0.0002933604956841017,1995.9008646309994
7400,15155200,2.4020986557006836,2.337641489505768,10.3567811578563,0.00029333903079444283,2000.9728496000007
7410,15175680,2.616302013397217,,,0.0002933175321413737,2003.3455704389999
7420,15196160,2.3377327919006348,,,0.0002932959997305502,2005.6216065730005
7430,15216640,2.40830397605896,,,0.0002932744335676372,2007.876240685
7440,15237120,2.3544092178344727,,,0.00029325283365830816,2010.3415892140001
7450,15257600,2.260345697402954,,,0.0002932312000082457,2012.6768644189997
7460,15278080,2.4430923461914062,,,0.0002932095326231412,2014.9466568669995
7470,15298560,2.191082000732422,,,0.0002931878315086948,2017.2848787059993
7480,15319040,2.3294601440429688,,,0.0002931660966706157,2019.6597199299995
7490,15339520,2.494175672531128,,,0.0002931443281146219,2021.9794776620001
7500,15360000,2.1034979820251465,2.332817554473877,10.30694102783562,0.0002931225258464402,2026.337805183999
7510,15380480,2.4024391174316406,,,0.0002931006898718065,2030.9499610479998
7520,15400960,2.3696227073669434,,,0.0002930788201964652,2033.3491146069991
7530,15421440,2.2786786556243896,,,0.00029305691682617,2035.9897240419996
7540,15441920,2.1874735355377197,,,0.000293034979766683,2038.4441049470006
7550,15462400,2.3067431449890137,,,0.0002930130090237755,2040.9654397539998
7560,15482880,2.3444204330444336,,,0.0002929910046032276,2043.423232621999
7570,15503360,2.3090476989746094,,,0.0002929689665108282,2045.8228009150007
7580,15523840,2.423522472381592,,,0.00029294689475237504,2048.1977109519994
7590,15544320,2.396240472793579,,,0.0002929247893336747,2050.7742311679995
7600,15564800,2.304933547973633,2.326327991485596,10.240270051553026,0.00029290265026054284,2055.3967256489996
7610,15585280,2.426875352859497,,,0.00029288047753880367,2057.8296871170005
7620,15605760,2.3658032417297363,,,0.00029285827117429044,2060.4213108099993
7630,15626240,2.649080753326416,,,0.0002928360311728452,2062.7915915569993
7640,15646720,2.3093085289001465,,,0.0002928137575403187,2065.3748058519996
7650,15667200,2.868187665939331,,,0.000292791450282571,2067.686302667
7660,15687680,2.202758312225342,,,0.0002927691094054704,2070.094211604999
7670,15708160,2.1723709106445312,,,0.0002927467349148944,2072.3687390510004
7680,15728640,2.247706890106201,,,0.00029272432681672934,2074.6874135479993
7690,15749120,2.479677677154541,,,0.0002927018851168703,2077.123370108
7700,15769600,2.5709776878356934,2.3196292996406553,10.171902879029368,0.00029267940982122124,2081.448271522
7710,15790080,2.750363826751709,,,0.000292656900935695,2083.869276353
7720,15810560,2.6151347160339355,,,0.0002926343584662131,2086.3172460040005
7730,15831040,2.287269353866577,,,0.0002926117824187062,2088.6211556279995
7740,15851520,2.4733023643493652,,,0.0002925891727991134,2090.8777311159993
7750,15872000,2.471712112426758,,,0.0002925665296133829,2093.6496022480005
7760,15892480,2.5222177505493164,,,0.0002925438528674718,2095.9168628219995
7770,15912960,2.3100757598876953,,,0.0002925211425673457,2098.324363938
7780,15933440,2.3235063552856445,,,0.0002924983987189793,2100.8192290219995
7790,15953920,2.347733974456787,,,0.00029247562132835606,2103.3129253669995
7800,15974400,2.4509689807891846,2.308772957324982,10.062070487131303,0.0002924528104014683,2107.8035868200004
7810,15994880,2.41196870803833,,,0.00029242996594431697,2110.202377017
7820,16015360,2.3974289894104004,,,0.00029240708796291214,2112.617142633
7830,16035840,2.376286268234253,,,0.00029238417646327246,2115.0785320079995
7840,16056320,2.1209845542907715,,,0.0002923612314514255,2117.3821879240004
7850,16076800,2.494783639907837,,,0.0002923382529334077,2119.8407791419995
7860,16097280,2.3860597610473633,,,0.00029231524091526405,2122.1260455869997
7870,16117760,2.340481758117676,,,0.0002922921954030488,2124.582399522
7880,16138240,2.6893725395202637,,,0.00029226911640282456,2127.0628188749997
7890,16158720,2.3568360805511475,,,0.0002922460039206631,2129.4244573060005
7900,16179200,2.5910379886627197,2.2995149374008177,9.969345525150146,0.0002922228579626447,2133.6717416829997
7910,16199680,2.329267740249634,,,0.00029219967853485866,2136.0178577240004
7920,16220160,2.1324045658111572,,,0.00029217646564340307,2138.4152162360006
7930,16240640,2.5942234992980957,,,0.0002921532192943847,2140.8433668239995
7940,16261120,2.4795339107513428,,,0.00029212993949391926,2143.237058773
7950,16281600,2.553410530090332,,,0.00029210662624813114,2145.6058864549996
7960,16302080,2.209074020385742,,,0.0002920832795631536,2147.8479732960004
7970,16322560,2.132228374481201,,,0.0002920598994451287,2150.436542652
7980,16343040,2.1374073028564453,,,0.00029203648590020724,2152.825750652999
7990,16363520,2.451303243637085,,,0.00029201303893454893,2155.1043308650005
8000,16384000,2.468621253967285,2.297720563411713,9.951472830795858,0.00029198955855432214,2159.6731953420003
8010,16404480,2.5939998626708984,,,0.00029196604476570406,2164.628687962
8020,16424960,2.195756435394287,,,0.00029194249757488066,2166.8729372920006
8030,16445440,2.136962890625,,,0.00029191891698804686,2169.246735338
8040,16465920,2.5414915084838867,,,0.0002918953030114062,2171.6299294399996
8050,16486400,2.377373218536377,,,0.0002918716556511709,2174.032936582
8060,16506880,2.436929702758789,,,0.00029184797491356234,2176.4966842930007
8070,16527360,2.399590253829956,,,0.00029182426080481025,2178.7913329420007
8080,16547840,2.3497323989868164,,,0.0002918005133311534,2181.6613406529996
8090,16568320,2.130186080932617,,,0.00029177673249883925,2184.1697275339993
8100,16588800,2.3126401901245117,2.28480269908905,9.823747798407519,0.0002917529183141241,2188.8039346660007
8110,16609280,2.4463610649108887,,,0.00029172907078327297,2191.1291459839995
8120,16629760,2.331697463989258,,,0.00029170518991255965,2193.6100147849993
8130,16650240,2.1833791732788086,,,0.0002916812757082667,2196.038540252999
8140,16670720,2.316169261932373,,,0.0002916573281766855,2198.3932818579997
8150,16691200,2.2118728160858154,,,0.00029163334732411615,2200.621290777999
8160,16711680,2.247544765472412,,,0.0002916093331568675,2202.914361916999
8170,16732160,2.2948334217071533,,,0.00029158528568125726,2205.2886534629997
8180,16752640,2.22011661529541,,,0.0002915612049036118,2207.9151401109993
8190,16773120,2.241447925567627,,,0.0002915370908302662,2210.2393795219996
8200,16793600,2.282559394836426,2.2826409101486207,9.802533867345772,0.0002915129434675645,2214.7784131200006
8210,16814080,2.3545081615448,,,0.0002914887628218594,2217.119779289
8220,16834560,2.343597888946533,,,0.00029146454889951223,2219.693939654
8230,16855040,2.362395763397217,,,0.0002914403017068933,2222.2810790559997
8240,16875520,2.4225082397460938,,,0.00029141602125038146,2224.8051697379997
8250,16896000,2.225346803665161,,,0.0002913917075363645,2227.2884202080004
8260,16916480,2.330334186553955,,,0.0002913673605712388,2229.677062671999
8270,16936960,2.2895796298980713,,,0.00029134298036140956,2232.036949195999
8280,16957440,2.389975070953369,,,0.0002913185669132907,2234.400428391
8290,16977920,2.4608139991760254,,,0.00029129412023330497,2236.857152404
8300,16998400,2.04610013961792,2.269859218597412,9.678038230365498,0.00029126964032788385,2241.3454571559996
8310,17018880,2.5998055934906006,,,0.0002912451272034673,2244.1316958299994
8320,17039360,2.2633543014526367,,,0.00029122058086650444,2246.4641266069993
8330,17059840,2.1012232303619385,,,0.0002911960013234528,2249.0508374679994
8340,17080320,2.391183853149414,,,0.00029117138858077884,2251.6562900789995
8350,17100800,2.498950242996216,,,0.00029114674264495757,2253.999168061
8360,17121280,2.399122476577759,,,0.0002911220635224729,2256.3481216679993
8370,17141760,2.3347530364990234,,,0.0002910973512198175,2258.660959858
8380,17162240,2.3842716217041016,,,0.0002910726057434925,2261.025740163999
8390,17182720,2.1720595359802246,,,0.00029104782710000806,2263.454768878999
8400,17203200,2.243039131164551,2.2618992805480955,9.601307436936045,0.0002910230152958829,2268.040012009
8410,17223680,2.4972195625305176,,,0.0002909981703376445,2270.350055724999
8420,17244160,2.2922606468200684,,,0.0002909732922318291,2272.9084493970004
8430,17264640,2.31317138671875,,,0.00029094838098498154,2275.3353281679993
8440,17285120,2.118144989013672,,,0.0002909234366036556,2277.820028140999
8450,17305600,2.0757975578308105,,,0.0002908984590944136,2280.318390704
8460,17326080,2.1317434310913086,,,0.0002908734484638265,2282.5877560989993
8470,17346560,2.4359993934631348,,,0.00029084840471847425,2284.8732721800006
8480,17367040,2.6285133361816406,,,0.00029082332786494527,2287.1966763990004
8490,17387520,2.0111656188964844,,,0.0002907982179098368,2289.7804577869992
8500,17408000,2.293306350708008,2.255270767211914,9.537875504502136,0.00029077307485975476,2294.219918442999
8510,17428480,2.3287572860717773,,,0.0002907478987213138,2299.1752870519995
8520,17448960,2.1638998985290527,,,0.0002907226895011372,2301.7307318189996
8530,17469440,2.3866100311279297,,,0.000290697447205857,2304.1058338660005
8540,17489920,2.319276809692383,,,0.00029067217184211406,2306.9099801560005
8550,17510400,2.3263282775878906,,,0.0002906468634165577,2309.341357329
8560,17530880,2.139516830444336,,,0.000290621521935846,2311.694059248999
8570,17551360,2.0846714973449707,,,0.0002905961474066459,2314.536426958999
8580,17571840,2.214771270751953,,,0.000290570739835633,2316.894311979
8590,17592320,2.076958656311035,,,0.00029054529922949135,2319.282189599
8600,17612800,2.2202415466308594,2.2520585894584655,9.5072873066567,0.00029051982559491393,2323.7438924689995
8610,17633280,2.188152313232422,,,0.00029049431893860234,2326.129015536
8620,17653760,2.293778419494629,,,0.00029046877926726687,2328.3953006859992
8630,17674240,1.9964747428894043,,,0.00029044320658762644,2330.9703405170003
8640,17694720,2.0177133083343506,,,0.00029041760090640884,2333.3422169570003
8650,17715200,2.322598934173584,,,0.0002903919622303503,2335.8771910840005
8660,17735680,2.2007980346679688,,,0.00029036629056619585,2338.2156829329997
8670,17756160,2.374800205230713,,,0.0002903405859206992,2340.7267284539994
8680,17776640,2.08219575881958,,,0.00029031484830062274,2343.1138722489995
8690,17797120,2.2987794876098633,,,0.00029028907771273745,2345.4308679749993
8700,17817600,2.075137138366699,2.2358296155929565,9.354239056584444,0.0002902632741638231,2350.0472312269994
8710,17838080,2.3018460273742676,,,0.00029023743766066817,2352.3642353609994
8720,17858560,2.0763936042785645,,,0.0002902115682100696,2354.6317391659995
8730,17879040,2.3506922721862793,,,0.00029018566581883316,2356.9391034189994
8740,17899520,2.3484091758728027,,,0.00029015973049377323,2359.560371596999
8750,17920000,2.455089807510376,,,0.0002901337622417129,2361.950920154999
8760,17940480,2.245556592941284,,,0.0002901077610694839,2364.393873429999
8770,17960960,2.273223400115967,,,0.00029008172698392654,2366.972995549
8780,17981440,2.2159039974212646,,,0.00029005565999188997,2369.246625014999
8790,18001920,2.252340316772461,,,0.00029002956010023184,2371.7133892790007
8800,18022400,2.0456109046936035,2.2323527097702027,9.321771723977854,0.00029000342731581847,2375.992233064
8810,18042880,2.450695037841797,,,0.0002899772616455249,2378.6181727330004
8820,18063360,2.217043161392212,,,0.0002899510630962348,2380.958259851999
8830,18083840,2.315066337585449,,,0.00028992483167484054,2383.413473725999
8840,18104320,2.2420458793640137,,,0.0002898985673882429,2385.674153721
8850,18124800,2.280656576156616,,,0.00028987227024335167,2388.299639076
8860,18145280,2.0591511726379395,,,0.000289845940247085,2390.6305865899994
8870,18165760,2.3907103538513184,,,0.00028981957740636976,2392.992289566
8880,18186240,2.433978796005249,,,0.00028979318172814154,2395.265987342
8890,18206720,2.4004147052764893,,,0.00028976675321934454,2397.8175369910005
8900,18227200,2.361685276031494,2.2288855075836183,9.289507222770482,0.0002897402918869315,2402.209191034999
8910,18247680,2.373295783996582,,,0.00028971379773786387,2404.667831232
8920,18268160,2.0870120525360107,,,0.00028968727077911176,2407.1156869280003
8930,18288640,2.06394624710083,,,0.00028966071101765384,2409.5463632560004
8940,18309120,2.5206074714660645,,,0.00028963411846047747,2411.8457447050005
8950,18329600,2.297245502471924,,,0.0002896074931145786,2414.334304835
8960,18350080,2.401010513305664,,,0.00028958083498696185,2416.622156779
8970,18370560,2.557267665863037,,,0.0002895541440846404,2418.9374083639996
8980,18391040,2.1555471420288086,,,0.00028952742041463614,2421.3194063209994
8990,18411520,2.367177724838257,,,0.0002895006639839795,2423.7262325789998
9000,18432000,2.3294544219970703,2.2189996182918548,9.19812462614787,0.0002894738747997095,2428.255200451
9010,18452480,2.2778213024139404,,,0.0002894470528688739,2433.1460386729996
9020,18472960,2.316009283065796,,,0.000289420198198529,2435.4399900930002
9030,18493440,2.2811927795410156,,,0.00028939331079573977,2437.8587919429992
9040,18513920,2.283017635345459,,,0.0002893663906675796,2440.269080427999
9050,18534400,2.2895467281341553,,,0.0002893394378211308,2442.5956417020006
9060,18554880,2.03769850730896,,,0.000289312452263484,2444.887995227
9070,18575360,2.1456918716430664,,,0.0002892854340017386,2447.2691963319994
9080,18595840,2.1812429428100586,,,0.0002892583830430026,2449.6863998280005
9090,18616320,2.116408348083496,,,0.00028923129939439245,2452.179029956
9100,18636800,2.1732373237609863,2.2141535758972166,9.153657954966949,0.0002892041830630334,2456.788599371999
9110,18657280,1.8993669748306274,,,0.00028917703405605924,2459.1130677210003
9120,18677760,2.3208112716674805,,,0.00028914985238061227,2461.4951797600006
9130,18698240,2.3987035751342773,,,0.00028912263804384345,2464.019529392999
9140,18718720,1.981202483177185,,,0.0002890953910529123,2466.6183067879992
9150,18739200,2.1418542861938477,,,0.00028906811141498695,2468.9681476860005
9160,18759680,2.2276947498321533,,,0.0002890407991372442,2471.4936481210007
9170,18780160,2.2414543628692627,,,0.00028901345422686924,2473.877587425999
9180,18800640,2.5346269607543945,,,0.0002889860766910561,2476.4123498930003
9190,18821120,2.5350594520568848,,,0.00028895866653700714,2479.015241219
9200,18841600,2.2391104698181152,2.204562169313431,9.066281202622395,0.0002889312237719335,2483.6915789369996
9210,18862080,2.157435894012451,,,0.0002889037484030548,2486.1947827999993
9220,18882560,2.6906235218048096,,,0.0002888762404375992,2488.613470754999
9230,18903040,2.3086659908294678,,,0.00028884869988280354,2490.9427538029995
9240,18923520,2.2350964546203613,,,0.00028882112674591317,2493.556458366
9250,18944000,2.4665322303771973,,,0.0002887935210341821,2496.0063382949993
9260,18964480,2.276716709136963,,,0.0002887658827548727,2498.6512001600004
9270,18984960,2.2223691940307617,,,0.0002887382119152561,2501.171039507999
9280,19005440,2.375720500946045,,,0.00028871050852261195,2503.788252058999
9290,19025920,2.301008701324463,,,0.00028868277258422854,2506.0588087630003
9300,19046400,2.2843334674835205,2.202600413560867,9.048512807642775,0.0002886550041074025,2510.4872316309993
9310,19066880,2.254077196121216,,,0.00028862720309943914,2512.946172087999
9320,19087360,2.3783273696899414,,,0.00028859936956765253,2515.248592554999
9330,19107840,2.0269267559051514,,,0.00028857150351936493,2517.569180343
9340,19128320,2.1678714752197266,,,0.00028854360496190733,2520.0618481309994
9350,19148800,2.072165012359619,,,0.00028851567390261946,2522.293809809
9360,19169280,2.315523624420166,,,0.0002884877103488492,2524.9608289120006
9370,19189760,2.1101372241973877,,,0.0002884597143079534,2527.328558337
9380,19210240,2.3208112716674805,,,0.00028843168578729714,2530.0354196850003
9390,19230720,2.2335236072540283,,,0.0002884036247942541,2532.454765536
9400,19251200,2.2233128547668457,2.1953024089336397,8.982717100020212,0.0002883755313362067,2537.083893428
9410,19271680,2.2047765254974365,,,0.00028834740542054565,2539.663298001
9420,19292160,2.421384572982788,,,0.00028831924705467044,2541.978052246999
9430,19312640,2.056309223175049,,,0.0002882910562459888,2544.280441248
9440,19333120,2.430265188217163,,,0.0002882628330019173,2546.5761687470003
9450,19353600,2.1184768676757812,,,0.0002882345773298808,2548.932933119
9460,19374080,2.050372838973999,,,0.00028820628923731286,2551.2947206589997
9470,19394560,2.2802538871765137,,,0.0002881779687316556,2553.663753727
9480,19415040,2.26515793800354,,,0.0002881496158203593,2556.1225679540003
9490,19435520,2.191959857940674,,,0.00028812123051088335,2558.4843611630004
9500,19456000,2.2258801460266113,2.1948581874370574,8.978727670147522,0.00028809281281069515,2562.853420128
9510,19476480,2.1730194091796875,,,0.0002880643627272709,2567.570072667
9520,19496960,2.454143762588501,,,0.00028803588026809525,2569.931183671999
9530,19517440,2.293562412261963,,,0.0002880073654406613,2572.460948169999
9540,19537920,2.187112331390381,,,0.0002879788182524708,2574.8266875530007
9550,19558400,2.3568129539489746,,,0.00028795023871103394,2577.2027457120003
9560,19578880,2.251300811767578,,,0.0002879216268238693,2579.772019303
9570,19599360,2.216094970703125,,,0.00028789298259850423,2582.1817985510006
9580,19619840,2.1840765476226807,,,0.0002878643060424744,2584.6487041889995
9590,19640320,2.370368003845215,,,0.000287835597163324,2587.0773771900003
9600,19660800,2.0693092346191406,2.181936252117157,8.86345153137201,0.0002878068559686058,2591.7712336799996
9610,19681280,2.4889607429504395,,,0.000287778082465881,2594.2494479510005
9620,19701760,2.198713779449463,,,0.0002877492766627194,2596.6794623219994
9630,19722240,2.2283244132995605,,,0.0002877204385666991,2599.2122282870005
9640,19742720,2.1606857776641846,,,0.0002876915681854069,2601.7776317980006
9650,19763200,2.02394962310791,,,0.00028766266552643805,2604.157593889
9660,19783680,2.1350111961364746,,,0.00028763373059739614,2606.648184821999
9670,19804160,2.05673885345459,,,0.0002876047634058935,2608.928342867999
9680,19824640,2.721501350402832,,,0.0002875757639595507,2611.3831919080003
9690,19845120,2.1211328506469727,,,0.00028754673226599704,2613.8743585560005
9700,19865600,2.2797188758850098,2.1766131222248077,8.81639558115718,0.00028751766833287,2618.4401362669996
9710,19886080,2.095386505126953,,,0.0002874885721678158,2621.1155428
9720,19906560,2.576861619949341,,,0.0002874594437784891,2623.5388064929994
9730,19927040,2.1181650161743164,,,0.000287430283172553,2626.036253652999
9740,19947520,2.2280616760253906,,,0.000287401090357679,2628.3744343960007
9750,19968000,2.1292035579681396,,,0.0002873718653415471,2630.706407665999
9760,19988480,2.1392765045166016,,,0.000287342608131846,2633.002530983
9770,20008960,2.261070489883423,,,0.00028731331873627243,2635.299250516
9780,20029440,2.293346405029297,,,0.000287283997162532,2637.6727168300004
9790,20049920,1.9330289363861084,,,0.0002872546434183386,2639.9516223650007
9800,20070400,2.256862163543701,2.1720969676971436,8.77666914920893,0.0002872252575114146,2644.171585807
9810,20090880,2.305548667907715,,,0.00028719583944949084,2646.4505888269996
9820,20111360,2.1844630241394043,,,0.00028716638924030654,2649.1599642439996
9830,20131840,2.1138558387756348,,,0.0002871369068916096,2651.592818363999
9840,20152320,2.0659618377685547,,,0.0002871073924111562,2654.0815724549993
9850,20172800,2.2050886154174805,,,0.0002870778458067109,2656.5522618979994
9860,20193280,2.2079882621765137,,,0.0002870482670860469,2658.8837323080006
9870,20213760,2.5648295879364014,,,0.0002870186562569457,2661.7282753189993
9880,20234240,2.2476963996887207,,,0.00028698901332719745,2664.141620455999
9890,20254720,2.1784186363220215,,,0.00028695933830460047,2666.638380037999
9900,20275200,2.176077365875244,2.168430209159851,8.744546152305096,0.0002869296311969617,2671.0760750949994
9910,20295680,2.085557460784912,,,0.00028689989201209653,2673.50569577
9920,20316160,2.2508533000946045,,,0.00028687012075782865,2675.8782256289996
9930,20336640,2.1281113624572754,,,0.00028684031744199035,2678.3542856269996
9940,20357120,2.110635280609131,,,0.0002868104820724222,2680.7345692500003
9950,20377600,2.2696051597595215,,,0.0002867806146569734,2682.995851308
9960,20398080,2.383972644805908,,,0.00028675071520350135,2685.3370075059993
9970,20418560,2.2015457153320312,,,0.0002867207837198721,2687.6107562260004
9980,20439040,2.1911444664001465,,,0.00028669082021395994,2689.8630228700003
9990,20459520,2.310480833053589,,,0.0002866608246936477,2692.244754608
10000,20480000,2.2523081302642822,2.157400852441788,8.648629356062512,0.00028663079716682654,2696.5366388019993
10010,20500480,2.2616429328918457,,,0.0002866007376413962,2701.015743508
10020,20520960,2.4060893058776855,,,0.00028657064612526466,2703.6233947340006
10030,20541440,2.113848924636841,,,0.0002865405226263484,2705.9185310840003
10040,20561920,2.044804573059082,,,0.0002865103671525723,2708.476026687
10050,20582400,2.2506213188171387,,,0.00028648017971186966,2711.1104798159995
10060,20602880,2.4695332050323486,,,0.0002864499603121822,2713.4195775570006
10070,20623360,2.433528423309326,,,0.00028641970896146006,2715.8690061710004
10080,20643840,2.2288002967834473,,,0.0002863894256676617,2718.217376487999
10090,20664320,1.9210240840911865,,,0.0002863591104387541,2720.7187795259997
10100,20684800,2.3451828956604004,2.154762464761734,8.625840994405763,0.00028632876328271256,2725.1198253109997
10110,20705280,2.274533271789551,,,0.00028629838420752077,2727.4625318420003
10120,20725760,2.137458324432373,,,0.0002862679732211709,2730.0622835960003
10130,20746240,2.378065347671509,,,0.0002862375303316635,2732.6674588299993
10140,20766720,2.262760639190674,,,0.0002862070555470074,2735.6902870150006
10150,20787200,2.039085865020752,,,0.0002861765488752199,2738.0865805600006
10160,20807680,2.0966644287109375,,,0.00028614601032432677,2740.505043235
10170,20828160,2.2135777473449707,,,0.000286115439902362,2743.215467976999
10180,20848640,2.1947011947631836,,,0.0002860848376173682,2745.5717116079995
10190,20869120,2.1995601654052734,,,0.00028605420347739595,2748.061369355999
10200,20889600,2.202517509460449,2.149345564842224,8.579242002001935,0.00028602353749050474,2752.43451576
10210,20910080,2.190121650695801,,,0.000285992839664762,2755.119636211999
10220,20930560,2.254610538482666,,,0.0002859621100082438,2757.4372302230004
10230,20951040,2.2129039764404297,,,0.0002859313485290345,2760.1050785610005
10240,20971520,2.154020309448242,,,0.00028590055523522673,2762.624524043
10250,20992000,2.150538921356201,,,0.00028586973013492166,2765.1396726759995
10260,21012480,2.0552473068237305,,,0.0002858388732362287,2767.5464429109998
10270,21032960,2.210348606109619,,,0.00028580798454726577,2769.8931179249994
10280,21053440,2.101855516433716,,,0.000285777064076159,2772.542151395999
10290,21073920,2.2962136268615723,,,0.00028574611183104293,2775.4577867280004
10300,21094400,2.3478896617889404,2.1398213863372804,8.4979196487702,0.0002857151278200605,2779.990530481
10310,21114880,2.1363141536712646,,,0.00028568411205136295,2782.4045503079997
10320,21135360,2.1685476303100586,,,0.00028565306453310995,2784.750467795
10330,21155840,1.9327232837677002,,,0.00028562198527346943,2787.293796299
10340,21176320,2.3323616981506348,,,0.00028559087428061775,2789.736742334
10350,21196800,1.9827663898468018,,,0.00028555973156273954,2792.1408608950005
10360,21217280,1.8409740924835205,,,0.0002855285571280278,2794.4438881749993
10370,21237760,2.090437650680542,,,0.000285497350984684,2797.352502627
10380,21258240,2.244999885559082,,,0.00028546611314091776,2799.7997050569993
10390,21278720,1.9401620626449585,,,0.0002854348436049472,2802.0746188930007
10400,21299200,2.3421010971069336,2.13649896979332,8.469732869978165,0.0002854035423849986,2806.6355277389994
10410,21319680,2.1523680686950684,,,0.0002853722094893068,2809.176317423
10420,21340160,2.1571874618530273,,,0.0002853408449261148,2811.5492808319996
10430,21360640,2.362567901611328,,,0.0002853094487036739,2814.2107994630005
10440,21381120,2.335801362991333,,,0.0002852780208302439,2816.539600995
10450,21401600,2.304847240447998,,,0.0002852465613140929,2818.9084156480003
10460,21422080,2.2789595127105713,,,0.00028521507016349715,2821.2619842170006
10470,21442560,1.9541034698486328,,,0.00028518354738674135,2823.7332927860007
10480,21463040,2.0771231651306152,,,0.0002851519929921186,2826.1262002620006
10490,21483520,2.138154983520508,,,0.0002851204069879301,2828.635895383999
10500,21504000,2.2447752952575684,2.13408368229866,8.449300714791427,0.00028508878938248556,2833.151012204
10510,21524480,1.898065209388733,,,0.00028505714018410295,2838.208812618999
10520,21544960,2.1302595138549805,,,0.0002850254594011085,2840.5608525879998
10530,21565440,2.2475271224975586,,,0.0002849937470418368,2842.803466456
10540,21585920,2.20863676071167,,,0.0002849620031146307,2845.225116694999
10550,21606400,2.1755824089050293,,,0.00028493022762784146,2847.675756512999
10560,21626880,2.6134896278381348,,,0.0002848984205898285,2850.0101842719996
10570,21647360,1.989804983139038,,,0.0002848665820089596,2852.3423658409993
10580,21667840,2.352729320526123,,,0.00028483471189361093,2854.61017919
10590,21688320,2.0164449214935303,,,0.0002848028102521668,2857.332101528
10600,21708800,2.106273651123047,2.12633695602417,8.384099170273448,0.00028477087709301996,2861.9069492279996
10610,21729280,2.110163688659668,,,0.00028473891242457127,2864.264213217999
10620,21749760,2.276960611343384,,,0.0002847069162552301,2866.5060400189996
10630,21770240,1.9676064252853394,,,0.00028467488859341397,2868.792603623
10640,21790720,2.0903847217559814,,,0.0002846428294475486,2871.252710909999
10650,21811200,2.2284343242645264,,,0.00028461073882606833,2873.6805762629992
10660,21831680,2.0281171798706055,,,0.00028457861673741533,2875.997087988
10670,21852160,2.221627712249756,,,0.0002845464631900404,2878.391192724999
10680,21872640,2.124608039855957,,,0.00028451427819240247,2880.934506537
10690,21893120,2.0744497776031494,,,0.0002844820617529687,2883.3728967839997
10700,21913600,2.132026433944702,2.1258823215961455,8.380288336476433,0.0002844498138802147,2887.7582257609993
10710,21934080,1.9230334758758545,,,0.0002844175345826241,2890.1426475089993
10720,21954560,2.4572253227233887,,,0.00028438522386868906,2892.513229045
10730,21975040,1.9954144954681396,,,0.00028435288174690973,2894.798444291
10740,21995520,2.195805549621582,,,0.0002843205082257949,2897.1044553440006
10750,22016000,2.064997673034668,,,0.00028428810331386115,2899.3712000310006
10760,22036480,2.2722859382629395,,,0.00028425566701963367,2901.6748126050006
10770,22056960,2.3236613273620605,,,0.00028422319935164577,2903.9270063269996
10780,22077440,2.329224109649658,,,0.0002841907003184391,2906.2171092299996
10790,22097920,2.156487464904785,,,0.0002841581699285634,2908.9186594410003
10800,22118400,2.356210947036743,2.112919497489929,8.27235719038737,0.0002841256081905769,2913.458702434
10810,22138880,2.092311143875122,,,0.00028409301511304576,2915.763158312
10820,22159360,2.19437575340271,,,0.00028406039070454466,2918.0167782049994
10830,22179840,2.3388559818267822,,,0.00028402773497365644,2920.3300757590005
10840,22200320,2.1323301792144775,,,0.0002839950479289721,2922.800744409
10850,22220800,1.9157311916351318,,,0.00028396232957909103,2925.0839471830004
10860,22241280,2.28127384185791,,,0.0002839295799326207,2927.3884753830007
10870,22261760,2.333415985107422,,,0.00028389679899817687,2929.9139893249994
10880,22282240,2.1550190448760986,,,0.0002838639867843836,2932.2912897789993
10890,22302720,1.993838906288147,,,0.00028383114329987307,2934.682478539
10900,22323200,2.07075834274292,2.1223623275756838,8.350841628165476,0.00028379826855328577,2938.457121854999
10910,22343680,1.8474335670471191,,,0.0002837653625532704,2940.8017801530004
10920,22364160,2.2111167907714844,,,0.0002837324253084838,2943.0484667279998
10930,22384640,2.1068594455718994,,,0.00028369945682759116,2945.3723676499994
10940,22405120,1.9328817129135132,,,0.0002836664571192658,2947.676624521
10950,22425600,2.226240396499634,,,0.0002836334261921892,2949.9740110059993
10960,22446080,2.1898202896118164,,,0.00028360036405505125,2952.2963637890007
10970,22466560,2.1720709800720215,,,0.0002835672707165499,2954.805147796
10980,22487040,2.1137561798095703,,,0.0002835341461853913,2957.5396560770005
10990,22507520,2.3117544651031494,,,0.0002835009904702899,2959.8295510749995
11000,22528000,1.9673364162445068,2.1133144021034242,8.275624627526872,0.0002834678035799683,2963.4721571440004
11010,22548480,2.349921226501465,,,0.0002834345855231572,2968.529438424999
11020,22568960,2.1324315071105957,,,0.0002834013363085957,2970.8565186720007
11030,22589440,2.052682876586914,,,0.00028336805594503093,2973.230291673999
11040,22609920,2.208979845046997,,,0.0002833347444412184,2975.4916704959996
11050,22630400,2.1443350315093994,,,0.00028330140180592156,2977.9230812370006
11060,22650880,1.8530421257019043,,,0.00028326802804791223,2980.1817423400007
11070,22671360,2.0310633182525635,,,0.00028323462317597045,2982.581135983999
11080,22691840,2.5159106254577637,,,0.00028320118719888423,2984.8970935830002
11090,22712320,2.2008209228515625,,,0.00028316772012545,2987.223494857999
11100,22732800,2.131985664367676,2.1062423527240752,8.217305462586939,0.0002831342219644723,2991.5640799449993
11110,22753280,2.2501275539398193,,,0.0002831006927247637,2994.471750895
11120,22773760,2.111875057220459,,,0.00028306713241514517,2996.960154274
11130,22794240,1.869877576828003,,,0.0002830335410444457,2999.313693177999
11140,22814720,2.6299331188201904,,,0.0002829999186215025,3001.675150067
11150,22835200,2.599161148071289,,,0.00028296626515516096,3004.042329804999
11160,22855680,2.128035068511963,,,0.0002829325806542746,3006.3324899069994
11170,22876160,2.034742593765259,,,0.0002828988651277053,3008.8758194469992
11180,22896640,2.359734535217285,,,0.0002828651185843227,3011.2496154359997
11190,22917120,2.067488670349121,,,0.00028283134103300494,3014.05404076
11200,22937600,2.0991454124450684,2.101952439546585,8.182129440586069,0.0002827975324826382,3018.6315755270007
11210,22958080,2.3644866943359375,,,0.0002827636929421169,3021.2633280219998
11220,22978560,2.3646812438964844,,,0.0002827298224203434,3023.7182450849996
11230,22999040,1.962438702583313,,,0.00028269592092622847,3026.130011276
11240,23019520,2.1233556270599365,,,0.0002826619884686909,3028.802428018
11250,23040000,2.2431774139404297,,,0.00028262802505665753,3031.629263917999
11260,23060480,1.982037901878357,,,0.00028259403069906357,3033.9775761069995
11270,23080960,1.985175609588623,,,0.0002825600054048522,3036.322248896
11280,23101440,2.371899127960205,,,0.0002825259491829748,3039.0992012879997
11290,23121920,2.141096830368042,,,0.0002824918620423908,3041.655083267
11300,23142400,2.023176670074463,2.1033861577510833,8.193868721916385,0.00028245774399206794,3045.3637425449997
11310,23162880,2.1556835174560547,,,0.00028242359504098194,3047.9259160229994
11320,23183360,2.296915054321289,,,0.00028238941519811674,3050.5806510889997
11330,23203840,2.3237760066986084,,,0.0002823552044724644,3052.880298946
11340,23224320,1.9538824558258057,,,0.00028232096287302493,3055.2199242959996
11350,23244800,2.1043267250061035,,,0.0002822866904088067,3057.736681942999
11360,23265280,2.0833346843719482,,,0.0002822523870888261,3060.1283036860004
11370,23285760,2.1296095848083496,,,0.0002822180529221076,3062.4611194709996
11380,23306240,2.025918483734131,,,0.0002821836879176839,3064.995278807999
11390,23326720,2.0074989795684814,,,0.0002821492920845957,3067.3463272160006
11400,23347200,2.050483226776123,2.0922220587730407,8.102900295584366,0.00028211486543189187,3071.8256339130003
11410,23367680,2.1695125102996826,,,0.0002820804079686293,3074.365312815
11420,23388160,2.3165647983551025,,,0.00028204591970387315,3076.7106451
11430,23408640,2.0565104484558105,,,0.00028201140064669646,3079.1079147559994
11440,23429120,2.545161724090576,,,0.00028197685080618063,3081.3605975169994
11450,23449600,2.190812826156616,,,0.00028194227019141496,3083.7885105860005
11460,23470080,2.256518602371216,,,0.0002819076588114969,3086.192354970999
11470,23490560,2.023843765258789,,,0.0002818730166755321,3088.4954452050006
11480,23511040,2.3193256855010986,,,0.0002818383437926341,3090.7825424059993
11490,23531520,2.2327771186828613,,,0.00028180364017192465,3093.0843369859995
11500,23552000,1.878981113433838,2.0916683316230773,8.09841474169835,0.0002817689058225336,3097.3207584110005
11510,23572480,2.080275535583496,,,0.00028173414075359884,3102.5159883329998
11520,23592960,2.1453914642333984,,,0.00028169934497426644,3105.022774436
11530,23613440,1.9845377206802368,,,0.0002816645184936903,3107.478383829999
11540,23633920,2.023542881011963,,,0.00028162966132103275,3110.1386532720007
11550,23654400,2.0957107543945312,,,0.0002815947734654639,3112.5347380860003
11560,23674880,2.5096397399902344,,,0.00028155985493616203,3115.097395827999
11570,23695360,2.1078453063964844,,,0.0002815249057423135,3117.7800016439996
11580,23715840,2.3052828311920166,,,0.0002814899258931129,3120.1655085269995
11590,23736320,1.8234100341796875,,,0.00028145491539776247,3122.4209094590005
11600,23756800,2.0325472354888916,2.0898582875728606,8.083769512532374,0.00028141987426547293,3126.7482108040003
11610,23777280,1.9825152158737183,,,0.0002813848025054629,3129.3127174269994
11620,23797760,2.2100729942321777,,,0.0002813497001269589,3131.698729009
11630,23818240,2.185561418533325,,,0.0002813145671391959,3134.07052639
11640,23838720,2.109107494354248,,,0.00028127940355141646,3136.3141676020005
11650,23859200,2.13502836227417,,,0.0002812442093728715,3138.7915672359995
11660,23879680,2.037585735321045,,,0.0002812089846128199,3141.3224409239992
11670,23900160,1.9565117359161377,,,0.0002811737292805286,3143.7925858510007
11680,23920640,2.3346235752105713,,,0.0002811384433852725,3146.077934223
11690,23941120,2.1193485260009766,,,0.00028110312693633465,3148.3810401949995
11700,23961600,2.2516539096832275,2.0807926177978517,8.010815913860295,0.00028106777994300615,3153.0737977539993
11710,23982080,2.018965482711792,,,0.000281032402414586,3155.538794651
11720,24002560,2.249680519104004,,,0.00028099699436038135,3157.8273552169994
11730,24023040,2.147529363632202,,,0.0002809615557897073,3160.1760460389996
11740,24043520,2.0617294311523438,,,0.0002809260867118871,3162.9651690680003
11750,24064000,2.3654465675354004,,,0.0002808905871362519,3165.4564068
11760,24084480,2.061826705932617,,,0.00028085505707214095,3167.889681744
11770,24104960,2.122443675994873,,,0.00028081949652890146,3170.6550805669995
11780,24125440,2.1634573936462402,,,0.00028078390551588867,3173.033930947
11790,24145920,2.2686479091644287,,,0.0002807482840424659,3175.3385104320005
11800,24166400,2.2471256256103516,2.076479214429855,7.976336448896011,0.0002807126321180045,3179.7342332219996
11810,24186880,1.9945640563964844,,,0.0002806769497518837,3182.37366431
11820,24207360,2.31176495552063,,,0.0002806412369534907,3184.709565284
11830,24227840,2.140394687652588,,,0.00028060549373222103,3187.079350238
11840,24248320,2.3240435123443604,,,0.0002805697200974779,3189.4712416370003
11850,24268800,2.1323771476745605,,,0.0002805339160586726,3191.9408185619995
11860,24289280,2.015422821044922,,,0.0002804980816252246,3194.3381396040004
11870,24309760,2.014758348464966,,,0.0002804622168065611,3196.927006197
11880,24330240,2.1353259086608887,,,0.0002804263216121174,3199.2392210159996
11890,24350720,2.077852249145508,,,0.0002803903960513368,3201.755467268
11900,24371200,2.093912124633789,2.0735497534275056,7.95300427436094,0.0002803544401336706,3206.25256979
11910,24391680,1.966335415840149,,,0.0002803184538685781,3208.589421752
11920,24412160,2.414849042892456,,,0.00028028243726552655,3210.956197566
11930,24432640,2.044069766998291,,,0.00028024639033399126,3213.2587871270007
11940,24453120,2.450993537902832,,,0.0002802103130834553,3215.5839472410007
11950,24473600,1.758158564567566,,,0.00028017420552341,3217.941557782
11960,24494080,2.103787899017334,,,0.00028013806766335445,3220.300801146999
11970,24514560,2.1901369094848633,,,0.0002801018995127959,3222.682041012
11980,24535040,1.9059038162231445,,,0.0002800657010812493,3224.9682694820003
11990,24555520,2.3326125144958496,,,0.00028002947237823787,3227.256788167
12000,24576000,2.291792392730713,2.070398986339569,7.927985644877599,0.00027999321341329255,3231.5852512330002
12010,24596480,2.1053948402404785,,,0.0002799569241959524,3235.889953411999
12020,24616960,2.206875801086426,,,0.0002799206047357644,3238.3219593489994
12030,24637440,2.067883253097534,,,0.0002798842550422834,3240.6039686229997
12040,24657920,1.933443546295166,,,0.0002798478751250723,3242.9524954810004
12050,24678400,2.4008846282958984,,,0.00027981146499370194,3245.3193005819994
12060,24698880,2.126361846923828,,,0.00027977502465775106,3247.673828809
12070,24719360,2.210521697998047,,,0.0002797385541268064,3249.9435954319997
12080,24739840,1.9270200729370117,,,0.0002797020534104627,3252.1895340049996
12090,24760320,2.4706716537475586,,,0.00027966552251832235,3254.5001696189993
12100,24780800,2.007251024246216,2.066896617412567,7.900267482250945,0.0002796289614599961,3258.9857320539995
12110,24801280,2.256229877471924,,,0.0002795923702451023,3261.3823661339993
12120,24821760,2.143679618835449,,,0.0002795557488832675,3263.7436594789997
12130,24842240,1.9661027193069458,,,0.0002795190973841259,3266.277133522999
12140,24862720,1.827876091003418,,,0.0002794824157573198,3268.925626978
12150,24883200,2.1992807388305664,,,0.0002794457040124994,3271.2422368770003
12160,24903680,2.011045217514038,,,0.00027940896215932284,3273.7808128390006
12170,24924160,2.0155258178710938,,,0.0002793721902074562,3276.260074643
12180,24944640,2.211116313934326,,,0.0002793353881665734,3278.7460507729993
12190,24965120,2.0904836654663086,,,0.00027929855604635624,3281.142428862
12200,24985600,2.24013614654541,2.0635205507278442,7.873640624717723,0.0002792616938564946,3285.5282734190005
12210,25006080,2.150865077972412,,,0.0002792248016066862,3287.891405589
12220,25026560,1.8918325901031494,,,0.0002791878793066366,3290.178278453999
12230,25047040,2.240565538406372,,,0.0002791509269660593,3292.7078007109994
12240,25067520,2.334634780883789,,,0.00027911394459467564,3295.160979352
12250,25088000,2.1206510066986084,,,0.00027907693220221517,3297.5165808010006
12260,25108480,1.8086354732513428,,,0.0002790398897984148,3299.7911193269993
12270,25128960,2.113713502883911,,,0.00027900281739301995,3302.232229699999
12280,25149440,2.0266876220703125,,,0.0002789657149957834,3304.5745673950005
12290,25169920,1.971136450767517,,,0.00027892858261646615,3307.305869579999
12300,25190400,2.066342830657959,2.0595245003700255,7.842239941422768,0.00027889142026483695,3311.6917393740005
12310,25210880,2.2066471576690674,,,0.0002788542279506724,3314.118627186999
12320,25231360,2.140063762664795,,,0.0002788170056837571,3316.455319085
12330,25251840,2.1028261184692383,,,0.00027877975347388354,3319.09519604
12340,25272320,2.16005539894104,,,0.0002787424713308519,3321.6177794569994
12350,25292800,1.981154203414917,,,0.0002787051592644705,3323.9138802510006
12360,25313280,2.0706348419189453,,,0.0002786678172845553,3326.2022513110005
12370,25333760,2.4222121238708496,,,0.00027863044540093026,3328.774401822
12380,25354240,2.1222357749938965,,,0.00027859304362342713,3331.19965909
12390,25374720,2.184229850769043,,,0.0002785556119618856,3333.736282881
12400,25395200,1.9796109199523926,2.0576941847801207,7.827899295355737,0.00027851815042615315,3338.2193987730006
12410,25415680,2.0895133018493652,,,0.00027848065902608517,3340.9250092229995
12420,25436160,2.259474039077759,,,0.0002784431377715449,3343.3996090500004
12430,25456640,2.087200164794922,,,0.0002784055866724034,3345.985555513
12440,25477120,2.315114974975586,,,0.00027836800573853966,3348.4297020840004
12450,25497600,1.931868553161621,,,0.0002783303949798404,3350.809819618
12460,25518080,2.094633102416992,,,0.0002782927544062003,3353.3265883410004
12470,25538560,2.1718573570251465,,,0.00027825508402752185,3356.008843865
12480,25559040,1.9793254137039185,,,0.0002782173838537153,3358.666924112
12490,25579520,2.076416492462158,,,0.00027817965389469884,3361.1212712359993
12500,25600000,2.040972948074341,2.0508685767650605,7.77465105572125,0.0002781418941603984,3365.63433336
12510,25620480,2.1537435054779053,,,0.000278104104660748,3370.746734242999
12520,25640960,2.003831386566162,,,0.00027806628540568914,3373.1805335850004
12530,25661440,2.226038694381714,,,0.00027802843640517127,3375.726827368
12540,25681920,2.125955581665039,,,0.00027799055766915173,3378.450519611999
12550,25702400,1.9224010705947876,,,0.00027795264920759576,3381.0209125660003
12560,25722880,2.123908519744873,,,0.0002779147110304762,3383.5443165340002
12570,25743360,2.399461507797241,,,0.00027787674314777377,3385.895855884999
12580,25763840,1.9928007125854492,,,0.00027783874556947723,3388.2604927890006
12590,25784320,2.3259785175323486,,,0.00027780071830558285,3390.693328616
12600,25804800,1.9573153257369995,2.0470528185367582,7.745041394563709,0.00027776266136609484,3395.305358804
12610,25825280,2.013650894165039,,,0.0002777245747610252,3397.7356671029993
12620,25845760,2.0706818103790283,,,0.00027768645850039387,3400.154856601999
12630,25866240,2.211456775665283,,,0.00027764831259422836,3402.5849894229996
12640,25886720,2.198045253753662,,,0.0002776101370525641,3405.028680312
12650,25907200,1.7624610662460327,,,0.0002775719318854443,3407.366398005999
12660,25927680,1.9962375164031982,,,0.00027753369710292,3409.7378012129993
12670,25948160,2.178569793701172,,,0.00027749543271504993,3412.1160323589993
12680,25968640,2.1263234615325928,,,0.0002774571387319008,3414.419608749
12690,25989120,2.0203680992126465,,,0.0002774188151635469,3416.6834495429994
12700,26009600,2.192406177520752,2.049570858478546,7.764568292583032,0.0002773804620200704,3420.783570697
12710,26030080,2.136594295501709,,,0.00027734207931156125,3423.1226711580002
12720,26050560,1.920774221420288,,,0.00027730366704811717,3425.4561778860007
12730,26071040,2.0444083213806152,,,0.0002772652252398436,3427.7692672739995
12740,26091520,2.046800136566162,,,0.0002772267538968539,3430.047258011
12750,26112000,2.3757967948913574,,,0.000277188253029269,3432.359315673999
12760,26132480,2.173060894012451,,,0.0002771497226472178,3434.7194112140005
12770,26152960,2.002450942993164,,,0.00027711116276083684,3437.0365235930003
12780,26173440,2.2642698287963867,,,0.00027707257338027035,3439.5362576419993
12790,26193920,2.009293794631958,,,0.00027703395451567054,3442.2345697870005
12800,26214400,1.8584589958190918,2.0446847140789033,7.726722027159905,0.0002769953061771972,3446.4789877860003
12810,26234880,2.1495440006256104,,,0.0002769566283750179,3449.1923207170003
12820,26255360,1.9030568599700928,,,0.00027691792111930806,3451.7741741850004
12830,26275840,2.060828685760498,,,0.0002768791844202508,3454.279970435
12840,26296320,2.1160478591918945,,,0.00027684041828803684,3456.8442031449995
12850,26316800,2.346935749053955,,,0.00027680162273286486,3459.3735214949993
12860,26337280,2.194098472595215,,,0.00027676279776494113,3461.939514554
12870,26357760,2.165153980255127,,,0.0002767239433944798,3464.3530103859994
12880,26378240,1.9420069456100464,,,0.0002766850596317026,3467.020252443999
12890,26398720,2.065215826034546,,,0.00027664614648683906,3469.6193454719996
12900,26419200,2.4056007862091064,2.036828601360321,7.666257845661625,0.0002766072039701265,3473.860097163999
12910,26439680,2.1460702419281006,,,0.00027656823209180984,3476.3152561419993
12920,26460160,2.0212292671203613,,,0.00027652923086214187,3478.7365555369997
12930,26480640,2.215263605117798,,,0.00027649020029138304,3481.0877818789995
12940,26501120,1.830108404159546,,,0.0002764511403898014,3483.401558783
12950,26521600,2.1765365600585938,,,0.0002764120511676729,3485.900217958
12960,26542080,1.9166096448898315,,,0.00027637293263528106,3488.484861068
12970,26562560,2.104660749435425,,,0.00027633378480291723,3490.9616145399996
12980,26583040,1.9697877168655396,,,0.00027629460768088045,3493.548645892999
12990,26603520,2.0167460441589355,,,0.00027625540127947736,3495.8883270349997
13000,26624000,2.039344549179077,2.0368215799331666,7.66620401777959,0.0002762161656090224,3500.279953808
13010,26644480,2.23861026763916,,,0.00027617690067983767,3505.300458959
13020,26664960,2.2979369163513184,,,0.000276137606502253,3507.789074922999
13030,26685440,2.153503179550171,,,0.0002760982830866059,3510.182204199
13040,26705920,2.1628332138061523,,,0.0002760589304432416,3512.785757193
13050,26726400,1.929157018661499,,,0.0002760195485825129,3515.303419599999
13060,26746880,2.033776044845581,,,0.00027598013751478043,3517.8179403970007
13070,26767360,2.1045331954956055,,,0.00027594069725041237,3520.1370232970003
13080,26787840,2.1531336307525635,,,0.0002759012277997848,3522.757095518
13090,26808320,1.956871747970581,,,0.00027586172917328124,3525.579960892999
13100,26828800,1.8767460584640503,2.036833423376083,7.666294812566922,0.000275822201381293,3529.490247030999
13110,26849280,2.1375832557678223,,,0.00027578264443421907,3532.1864097569996
13120,26869760,2.0513668060302734,,,0.00027574305834246606,3534.569894827
13130,26890240,2.0099151134490967,,,0.00027570344311644824,3536.8739413660005
13140,26910720,1.8205268383026123,,,0.0002756637987665876,3539.6957939940003
13150,26931200,1.7672369480133057,,,0.00027562412530331376,3542.1907203680003
13160,26951680,2.3066091537475586,,,0.0002755844227370641,3544.7577571170004
13170,26972160,2.3015050888061523,,,0.00027554469107828343,3547.2213427009992
13180,26992640,1.8120648860931396,,,0.00027550493033742443,3549.481892951
13190,27013120,2.3258042335510254,,,0.00027546514052494733,3551.8164887580006
13200,27033600,2.259697675704956,2.028865301609039,7.6054515671086085,0.00027542532165132004,3556.0780264170007
13210,27054080,2.212129592895508,,,0.000275385473727018,3558.707593174
13220,27074560,1.9613823890686035,,,0.00027534559676252457,3561.1253002070007
13230,27095040,1.908106803894043,,,0.0002753056907683305,3563.598507183
13240,27115520,2.132382392883301,,,0.00027526575575493423,3566.1028490900007
13250,27136000,2.1757094860076904,,,0.0002752257917328418,3568.542839431
13260,27156480,2.0307698249816895,,,0.00027518579871256706,3571.0416758409992
13270,27176960,1.820397138595581,,,0.00027514577670463124,3573.4923186720007
13280,27197440,2.0784175395965576,,,0.0002751057257195635,3575.7850822809996
13290,27217920,2.011514663696289,,,0.00027506564576790026,3578.288637451
13300,27238400,1.8611820936203003,2.028347784280777,7.601516632419636,0.0002750255368601859,3582.8802893449993
13310,27258880,2.458118438720703,,,0.0002749853990069721,3585.449383452
13320,27279360,2.0244295597076416,,,0.00027494523221881847,3587.7660829720007
13330,27299840,2.192068099975586,,,0.000274905036506292,3590.228320471
13340,27320320,2.468752861022949,,,0.00027486481187996743,3592.891267485
13350,27340800,2.054319381713867,,,0.00027482455835042694,3595.4015950880002
13360,27361280,1.9839423894882202,,,0.0002747842759282605,3598.1310457889995
13370,27381760,1.8959282636642456,,,0.00027474396462406566,3600.670666717
13380,27402240,1.9662270545959473,,,0.0002747036244484474,3603.195193862999
13390,27422720,1.9798517227172852,,,0.0002746632554120185,3605.7031114130004
13400,27443200,2.03364634513855,2.0183109998703004,7.525603448190792,0.00027462285752539913,3610.2203851899994
13410,27463680,2.030261993408203,,,0.00027458243079921726,3612.6945274890004
13420,27484160,2.1048998832702637,,,0.0002745419752441083,3615.193373562999
13430,27504640,2.0596659183502197,,,0.0002745014908707153,3618.0117900509995
13440,27525120,2.440286159515381,,,0.00027446097768968884,3620.3569226969994
13450,27545600,1.9919602870941162,,,0.0002744204357116872,3622.8180219749993
13460,27566080,2.3625435829162598,,,0.00027437986494737614,3625.2989705220007
13470,27586560,2.0783333778381348,,,0.00027433926540742896,3627.7758038949996
13480,27607040,1.9406793117523193,,,0.0002742986371025266,3630.0772081569994
13490,27627520,2.245345115661621,,,0.0002742579800433576,3632.390083184
13500,27648000,2.4330482482910156,2.0195062816143037,7.534604042656554,0.00027421729424061787,3636.2230404309994
13510,27668480,2.026146650314331,,,0.0002741765797050112,3640.958450447999
13520,27688960,2.1560144424438477,,,0.00027413583644724865,3643.4177436289992
13530,27709440,2.096006393432617,,,0.00027409506447804896,3645.8670315380004
13540,27729920,2.414501428604126,,,0.0002740542638081385,3648.3363853110004
13550,27750400,1.9496619701385498,,,0.00027401343444825095,3650.7922899200003
13560,27770880,2.037104606628418,,,0.0002739725764091279,3653.300789956
13570,27791360,1.7676101922988892,,,0.00027393168970151806,3655.800884
13580,27811840,1.9175478219985962,,,0.00027389077433617807,3658.3354179769995
13590,27832320,2.0873522758483887,,,0.00027384983032387183,3660.717060470999
13600,27852800,2.0999765396118164,2.017527449131012,7.519709065620852,0.0002738088576753709,3665.3100775519997
13610,27873280,1.9023168087005615,,,0.0002737678564014543,3667.680132226
13620,27893760,2.248260021209717,,,0.0002737268265129088,3670.1395070920007
13630,27914240,2.0743536949157715,,,0.0002736857680205285,3672.711515747
13640,27934720,2.0761971473693848,,,0.00027364468093511485,3675.099508305
13650,27955200,2.112795114517212,,,0.00027360356526747733,3677.366252853999
13660,27975680,2.1171345710754395,,,0.0002735624210284324,3680.031130722
13670,27996160,2.0985054969787598,,,0.00027352124822880447,3682.4921584179992
13680,28016640,2.0703883171081543,,,0.00027348004687942514,3685.081265301
13690,28037120,1.870286226272583,,,0.00027343881699113374,3687.919408914
13700,28057600,1.9706538915634155,2.0063953399658203,7.436463054929937,0.0002733975585747769,3692.3177619880007
13710,28078080,1.8501904010772705,,,0.00027335627164120903,3694.897697041999
13720,28098560,2.011944532394409,,,0.0002733149562012918,3697.3081098000002
13730,28119040,2.0578603744506836,,,0.0002732736122658945,3700.0328503559995
13740,28139520,2.0447299480438232,,,0.00027323223984589384,3702.3274529289993
13750,28160000,1.998091220855713,,,0.00027319083895217415,3704.581394563
13760,28180480,1.9812166690826416,,,0.0002731494095956271,3706.883221528
13770,28200960,1.888014793395996,,,0.0002731079517871519,3709.2978659969995
13780,28221440,2.298384666442871,,,0.00027306646553765533,3711.714886037
13790,28241920,2.0854406356811523,,,0.00027302495085805155,3714.347532578
13800,28262400,1.7708430290222168,2.004699355363846,7.423861617038464,0.00027298340775926225,3718.641313705999
13810,28282880,2.1853721141815186,,,0.0002729418362522166,3721.0427711499997
13820,28303360,2.01710844039917,,,0.00027290023634785114,3723.2923670180007
13830,28323840,2.5430023670196533,,,0.00027285860805711004,3726.2884094830006
13840,28344320,2.037338972091675,,,0.0002728169513909449,3728.5651906149997
13850,28364800,1.8082165718078613,,,0.00027277526636031467,3730.9635388280003
13860,28385280,2.6206142902374268,,,0.00027273355297618583,3733.3878659599995
13870,28405760,2.104599714279175,,,0.00027269181124953243,3735.9416416549993
13880,28426240,2.2516207695007324,,,0.00027265004119133576,3738.474754363
13890,28446720,1.944579839706421,,,0.0002726082428125848,3740.8287954019997
13900,28467200,2.029973268508911,2.0024722278118134,7.4073461281653685,0.00027256641612427574,3745.217196772999
13910,28487680,1.998723030090332,,,0.0002725245611374124,3747.7445162860004
13920,28508160,2.0424723625183105,,,0.000272482677863006,3750.1842076539997
13930,28528640,1.8832345008850098,,,0.0002724407663120751,3752.6337219880006
13940,28549120,2.2562475204467773,,,0.00027239882649564593,3755.250753975999
13950,28569600,2.3063597679138184,,,0.0002723568584247519,3757.7883833310007
13960,28590080,2.134148120880127,,,0.0002723148621104339,3760.096284751
13970,28610560,2.4072561264038086,,,0.0002722728375637405,3762.6876576510003
13980,28631040,2.020037889480591,,,0.00027223078479572736,3765.540807816
13990,28651520,2.459430694580078,,,0.00027218870381745774,3767.9661885700007
14000,28672000,1.936020851135254,2.003048425912857,7.4116154568096,0.00027214659464000235,3771.8897700899997
14010,28692480,2.0567803382873535,,,0.00027210445727443924,3777.176075456
14020,28712960,1.9276926517486572,,,0.0002720622917318539,3779.6080950920004
14030,28733440,2.220813512802124,,,0.0002720200980233392,3782.0055072800005
14040,28753920,2.1920578479766846,,,0.00027197787615999554,3784.3479794180003
14050,28774400,2.0403671264648438,,,0.0002719356261529305,3786.719292292999
14060,28794880,1.8582470417022705,,,0.00027189334801325937,3789.0889199560006
14070,28815360,2.0545403957366943,,,0.0002718510417521046,3791.477163632
14080,28835840,2.177048921585083,,,0.00027180870738059606,3793.8374244709994
14090,28856320,2.0538854598999023,,,0.00027176634490987117,3796.3082068109998
14100,28876800,2.243302345275879,1.9955152213573455,7.355992015914265,0.00027172395435107454,3800.611744693
14110,28897280,2.1160950660705566,,,0.0002716815357153583,3802.974927292
14120,28917760,2.0110926628112793,,,0.00027163908901388205,3805.4310884370007
14130,28938240,2.219062328338623,,,0.0002715966142578125,3807.980502201999
14140,28958720,1.9928162097930908,,,0.000271554111458324,3810.366115413999
14150,28979200,2.120178699493408,,,0.00027151158062659807,3812.9795935639995
14160,28999680,2.1366231441497803,,,0.00027146902177382383,3815.3835871909996
14170,29020160,2.1249852180480957,,,0.00027142643491119767,3817.7794132849995
14180,29040640,2.0973238945007324,,,0.00027138382004992324,3820.085907351
14190,29061120,2.12723445892334,,,0.00027134117720121174,3822.4449932650004
14200,29081600,2.116337299346924,1.9913843154907227,7.325667781741335,0.00027129850637628157,3826.9179467939994
14210,29102080,2.1314282417297363,,,0.0002712558075863586,3829.3619300339997
14220,29122560,2.1048450469970703,,,0.000271213080842676,3831.6373750099992
14230,29143040,2.393155574798584,,,0.0002711703261564743,3833.895265407
14240,29163520,1.8602402210235596,,,0.0002711275435390015,3836.226365721999
14250,29184000,2.4026551246643066,,,0.00027108473300151267,3838.747785652
14260,29204480,2.028359889984131,,,0.00027104189455527054,3841.1628414040006
14270,29224960,2.1459078788757324,,,0.00027099902821154504,3843.570857207
14280,29245440,1.8721580505371094,,,0.00027095613398161333,3845.931193208
14290,29265920,2.01027512550354,,,0.0002709132118767601,3848.799127946
14300,29286400,1.9466291666030884,1.9890069365501404,7.308272579118551,0.0002708702619082773,3853.149143466
14310,29306880,2.442514419555664,,,0.00027082728408746407,3855.5641174110006
14320,29327360,1.895943522453308,,,0.0002707842784256272,3858.001212792
14330,29347840,2.0304720401763916,,,0.0002707412449340805,3860.3481594820005
14340,29368320,1.7872536182403564,,,0.0002706981836241453,3862.6924283490007
14350,29388800,2.4888627529144287,,,0.00027065509450714995,3865.2253410779995
14360,29409280,1.8592479228973389,,,0.00027061197759443057,3867.8016647059994
14370,29429760,2.0656278133392334,,,0.00027056883289733026,3870.0995325500007
14380,29450240,2.0188183784484863,,,0.0002705256604271995,3872.4033153750006
14390,29470720,2.2557339668273926,,,0.0002704824601953961,3874.8925898859998
14400,29491200,2.018348217010498,1.9924689829349518,7.333618005986678,0.0002704392322132852,3878.751673679999
14410,29511680,2.281860589981079,,,0.00027039597649223916,3881.0373158990005
14420,29532160,2.0278801918029785,,,0.00027035269304363774,3883.4498894120006
14430,29552640,1.8306381702423096,,,0.00027030938187886793,3885.9587814469996
14440,29573120,2.092550754547119,,,0.000270266043009324,3888.3282653370006
14450,29593600,1.9518959522247314,,,0.00027022267644640754,3890.6266987239997
14460,29614080,2.1376373767852783,,,0.00027017928220152745,3893.0634592820006
14470,29634560,2.316880941390991,,,0.00027013586028609986,3895.668356525999
14480,29655040,1.9434821605682373,,,0.00027009241071154815,3898.1488260080005
14490,29675520,2.067007303237915,,,0.00027004893348930306,3900.455156980999
14500,29696000,2.1037535667419434,1.985158532857895,7.280201445113952,0.0002700054286308026,3904.836355595
14510,29716480,1.884166955947876,,,0.00026996189614749203,3910.1094891049997
14520,29736960,1.8846335411071777,,,0.00026991833605082385,3912.3712712239994
14530,29757440,1.9437155723571777,,,0.0002698747483522578,3914.7713503800005
14540,29777920,1.8191334009170532,,,0.00026983113306326093,3917.1575938509995
14550,29798400,1.9592546224594116,,,0.00026978749019530764,3919.655472233
14560,29818880,2.0717644691467285,,,0.00026974381975987936,3922.2078361450003
14570,29839360,2.0596237182617188,,,0.000269700121768465,3924.691535082
14580,29859840,2.3330235481262207,,,0.00026965639623256055,3927.032245736
14590,29880320,2.0951619148254395,,,0.00026961264316366937,3929.6156721869993
14600,29900800,2.013132095336914,1.9794577181339263,7.238816441722402,0.00026956886257330193,3934.173656551
14610,29921280,2.1379263401031494,,,0.00026952505447297616,3936.7500179380004
14620,29941760,2.0658485889434814,,,0.00026948121887421695,3939.3608442330005
14630,29962240,2.1300833225250244,,,0.00026943735578855663,3941.8146963889994
14640,29982720,2.055868625640869,,,0.00026939346522753465,3944.1118861609993
14650,30003200,2.268899440765381,,,0.0002693495472026978,3946.607615638999
14660,30023680,2.0482640266418457,,,0.00026930560172559997,3949.016278694
14670,30044160,1.9972889423370361,,,0.00026926162880780235,3951.321209852
14680,30064640,2.0734500885009766,,,0.0002692176284608733,3953.754599823
14690,30085120,2.219852924346924,,,0.00026917360069638846,3956.132031777999
14700,30105600,1.7111585140228271,1.9739453792572021,7.199023409530552,0.00026912954552593064,3960.4299123719993
14710,30126080,2.1931281089782715,,,0.00026908546296108984,3963.117462217
14720,30146560,2.027043581008911,,,0.0002690413530134633,3965.4679292870005
14730,30167040,2.1130239963531494,,,0.0002689972156946555,3967.8087806250005
14740,30187520,1.996692180633545,,,0.00026895305101627806,3970.220297258
14750,30208000,1.989924669265747,,,0.0002689088589899498,3973.074641994999
14760,30228480,2.0884909629821777,,,0.0002688646396272967,3975.7150564950007
14770,30248960,1.9912469387054443,,,0.0002688203929399521,3978.2094015830007
14780,30269440,1.9373712539672852,,,0.0002687761189395563,3980.523460499
14790,30289920,1.7953813076019287,,,0.000268731817637757,3982.868084959
14800,30310400,1.870546817779541,1.974039727449417,7.199702656417308,0.0002686874890462089,3986.9231458100003
14810,30330880,1.871372938156128,,,0.000268643133176574,3989.2834327599994
14820,30351360,1.9399137496948242,,,0.00026859875004052133,3991.7715775710003
14830,30371840,1.995318055152893,,,0.00026855433964972735,3994.1053421849992
14840,30392320,2.0739705562591553,,,0.0002685099020158755,3996.7272412820003
14850,30412800,1.9936487674713135,,,0.00026846543715065634,3999.125018441
14860,30433280,2.054816722869873,,,0.00026842094506576773,4001.7940973629993
14870,30453760,1.7342028617858887,,,0.0002683764257729147,4004.1611569340002
14880,30474240,1.8494622707366943,,,0.0002683318792838093,4006.576848138
14890,30494720,2.1435463428497314,,,0.0002682873056101708,4008.997773269999
14900,30515200,1.989107370376587,1.9767643094062806,7.219345583600904,0.00026824270476372576,4013.0496982700006
14910,30535680,2.0858540534973145,,,0.00026819807675620765,4015.581119142
14920,30556160,2.046152353286743,,,0.00026815342159935713,4018.048239874999
14930,30576640,2.0539488792419434,,,0.00026810873930492227,4020.7317963309997
14940,30597120,2.057715892791748,,,0.0002680640298846579,4023.105895147999
14950,30617600,1.7924672365188599,,,0.00026801929335032627,4025.469272352
14960,30638080,2.1760551929473877,,,0.00026797452971369666,4027.7776628699994
14970,30658560,1.8053388595581055,,,0.00026792973898654543,4030.0869989780003
14980,30679040,2.047579765319824,,,0.00026788492118065614,4032.521379005
14990,30699520,2.1297903060913086,,,0.0002678400763078195,4035.0786038799997
15000,30720000,2.276521682739258,1.9756892263889312,7.211588358345318,0.00026779520437983313,4038.902839962
15010,30740480,1.8397114276885986,,,0.00026775030540850207,4044.141240764
15020,30760960,2.0429790019989014,,,0.00026770537940563833,4046.6643899579994
15030,30781440,1.905791997909546,,,0.000267660426383061,4049.135496518
15040,30801920,1.9825730323791504,,,0.00026761544635259634,4051.5139144839995
15050,30822400,1.9258687496185303,,,0.00026757043932607765,4053.9739798089995
15060,30842880,1.9251515865325928,,,0.00026752540531534537,4056.4032099159995
15070,30863360,1.805584192276001,,,0.0002674803443322471,4058.837058650999
15080,30883840,2.2160613536834717,,,0.0002674352563886374,4061.292771537999
15090,30904320,1.9354256391525269,,,0.00026739014149637804,4063.7130028640004
15100,30924800,2.01529860496521,1.9714042484760284,7.180752973165862,0.0002673449996673378,4068.239393398
15110,30945280,1.884613037109375,,,0.0002672998309133927,4070.7158053149997
15120,30965760,2.0353012084960938,,,0.0002672546352464256,4073.0006651660005
15130,30986240,1.8875705003738403,,,0.0002672094126783266,4075.381575816
15140,31006720,2.0978708267211914,,,0.0002671641632209929,4077.7606917970006
15150,31027200,1.808030605316162,,,0.0002671188868863287,4080.2676809189998
15160,31047680,2.2032418251037598,,,0.0002670735836862452,4082.807797104
15170,31068160,1.9191186428070068,,,0.0002670282536326608,4085.1879096449993
15180,31088640,2.293182373046875,,,0.000266982896737501,4087.73642709
15190,31109120,2.1326868534088135,,,0.00026693751301269826,4090.026427109
15200,31129600,1.9586327075958252,1.9705062866210938,7.174307825087893,0.00026689210247019207,4094.5649767159994
15210,31150080,2.3235979080200195,,,0.00026684666512192905,4096.908417860999
15220,31170560,1.9597971439361572,,,0.0002668012009798629,4099.454806776999
15230,31191040,2.031403064727783,,,0.0002667557100559542,4101.886809632
15240,31211520,1.8245683908462524,,,0.0002667101923621708,4104.24132431
15250,31232000,2.341268539428711,,,0.0002666646479104875,4106.740096067
15260,31252480,2.1361851692199707,,,0.000266619076712886,4109.096969888
15270,31272960,2.0335323810577393,,,0.00026657347878135526,4111.425044447
15280,31293440,2.2526564598083496,,,0.00026652785412789115,4113.899598517
15290,31313920,1.9920315742492676,,,0.00026648220276449667,4116.236467082001
15300,31334400,2.1753134727478027,1.9611418187618255,7.107437839631997,0.00026643652470318167,4120.559085682
15310,31354880,1.9726958274841309,,,0.00026639081995596313,4122.886051285001
15320,31375360,2.0184743404388428,,,0.0002663450885348651,4125.225490565999
15330,31395840,2.0253756046295166,,,0.0002662993304519186,4127.585624325
15340,31416320,2.0144989490509033,,,0.00026625354571916163,4130.041005707
15350,31436800,2.1779253482818604,,,0.0002662077343486392,4132.344287557
15360,31457280,2.2221121788024902,,,0.0002661618963524035,4134.697496352999
15370,31477760,2.0415492057800293,,,0.00026611603174251335,4136.958368731999
15380,31498240,1.998895287513733,,,0.000266070140531035,4139.214706667
15390,31518720,1.9237823486328125,,,0.0002660242227300414,4141.508590006
15400,31539200,1.858447551727295,1.9588593900203706,7.091234118182907,0.0002659782783516126,4145.694277339
15410,31559680,1.838927984237671,,,0.00026593230740783565,4148.178400494
15420,31580160,2.146848678588867,,,0.00026588630991080466,4150.638977896
15430,31600640,1.886244297027588,,,0.0002658402858726206,4153.022378559999
15440,31621120,1.997361660003662,,,0.0002657942353053914,4155.628071879
15450,31641600,1.749003529548645,,,0.0002657481582212321,4157.991286077
15460,31662080,1.9649227857589722,,,0.00026570205463226457,4160.27896856
15470,31682560,1.89536714553833,,,0.0002656559245506178,4162.615723114999
15480,31703040,1.8340845108032227,,,0.0002656097679884277,4165.140795334999
15490,31723520,1.9071135520935059,,,0.0002655635849578371,4167.496790325
15500,31744000,1.9268925189971924,1.9562851190567017,7.0730028362937185,0.00026551737547099593,4171.744276932999
15510,31764480,1.7883660793304443,,,0.0002654711395400608,4176.880591191
15520,31784960,1.974226713180542,,,0.0002654248771771955,4179.6135415339995
15530,31805440,1.974785566329956,,,0.00026537858839457084,4182.152763742999
15540,31825920,1.9822804927825928,,,0.00026533227320436426,4184.460515768
15550,31846400,1.749578833580017,,,0.0002652859316187605,4186.850066368999
15560,31866880,2.0630574226379395,,,0.0002652395636499511,4189.244333794
15570,31887360,2.125802993774414,,,0.00026519316931013454,4191.505734803999
15580,31907840,1.9152171611785889,,,0.00026514674861151616,4193.900394568
15590,31928320,2.0536184310913086,,,0.0002651003015663083,4196.182328887
15600,31948800,1.8979439735412598,1.9613723933696747,7.109076823271426,0.00026505382818673036,4200.043925663
15610,31969280,2.004204034805298,,,0.00026500732848500845,4202.3245776389995
15620,31989760,1.7220581769943237,,,0.00026496080247337574,4204.69677192
15630,32010240,1.8809553384780884,,,0.00026491425016407223,4207.156882665
15640,32030720,2.1500377655029297,,,0.000264867671569345,4209.5109330529995
15650,32051200,2.3087410926818848,,,0.00026482106670144785,4212.008111065999
15660,32071680,1.767285943031311,,,0.0002647744355726416,4214.287138559001
15670,32092160,1.8880966901779175,,,0.000264727778195194,4216.585242423
15680,32112640,2.2737786769866943,,,0.0002646810945813796,4219.069071522001
15690,32133120,1.8721578121185303,,,0.00026463438474347994,4221.5454005579995
15700,32153600,2.224304437637329,1.9537859320640565,7.05534814997668,0.00026458764869378347,4226.061040388
15710,32174080,1.9892314672470093,,,0.0002645408864445855,4228.543837282999
15720,32194560,2.0403945446014404,,,0.0002644940980081882,4231.277120246999
15730,32215040,2.0045394897460938,,,0.00026444728339690063,4233.8023463419995
15740,32235520,2.0709493160247803,,,0.00026440044262303884,4236.21830162
15750,32256000,2.0919671058654785,,,0.0002643535756989257,4238.746359289
15760,32276480,1.9640326499938965,,,0.0002643066826368909,4241.300900226999
15770,32296960,1.889277458190918,,,0.00026425976344927107,4243.765710825999
15780,32317440,2.1048989295959473,,,0.0002642128181484097,4246.155895337999
15790,32337920,2.269294261932373,,,0.0002641658467466572,4248.679786496999
15800,32358400,1.8837846517562866,1.9500970780849456,7.029369945240089,0.0002641188492563707,4253.1265928699995
15810,32378880,2.009688377380371,,,0.00026407182568991444,4255.459094989001
15820,32399360,2.2027151584625244,,,0.00026402477605965926,4257.8975245540005
15830,32419840,2.2414236068725586,,,0.00026397770037798297,4260.262220499
15840,32440320,1.8243331909179688,,,0.00026393059865727024,4262.5990262939995
15850,32460800,2.2724556922912598,,,0.00026388347090991265,4265.020327881999
15860,32481280,2.3391618728637695,,,0.00026383631714830847,4267.484327341001
15870,32501760,2.0248899459838867,,,0.00026378913738486293,4269.967918946
15880,32522240,1.9102487564086914,,,0.0002637419316319881,4272.371697785
15890,32542720,1.7699644565582275,,,0.0002636946999021028,4274.697932629
15900,32563200,2.0681848526000977,1.9500567674636842,7.029086592681617,0.0002636474422076329,4279.231347837
15910,32583680,1.9752453565597534,,,0.0002636001585610108,4281.573385637001
15920,32604160,1.9108130931854248,,,0.0002635528489746759,4284.115801352
15930,32624640,1.8471159934997559,,,0.0002635055134610744,4286.62822832
15940,32645120,2.027052164077759,,,0.00026345815203265935,4289.138153913
15950,32665600,2.1395535469055176,,,0.0002634107647018905,4291.718544787
15960,32686080,1.6660431623458862,,,0.00026336335148123465,4294.199669068001
15970,32706560,1.911113977432251,,,0.00026331591238316514,4296.564535002999
15980,32727040,2.009310007095337,,,0.0002632684474201623,4298.900720604999
15990,32747520,2.0263214111328125,,,0.0002632209566047132,4301.693015466
16000,32768000,2.0109503269195557,1.948594319820404,7.018814434637201,0.0002631734399493116,4306.191130793
16010,32788480,2.2635109424591064,,,0.00026312589746645837,4310.884585156
16020,32808960,1.8218395709991455,,,0.00026307832916866084,4313.311989839
16030,32829440,2.068270206451416,,,0.0002630307350684333,4315.786987586
16040,32849920,1.967426061630249,,,0.00026298311517829686,4318.188006893
16050,32870400,1.9114644527435303,,,0.0002629354695107792,4320.572620188999
16060,32890880,1.9866225719451904,,,0.00026288779807841515,4323.040803927999
16070,32911360,2.0310583114624023,,,0.0002628401008937459,4325.465984969
16080,32931840,2.016831874847412,,,0.0002627923779693197,4327.975277378
16090,32952320,1.9286580085754395,,,0.0002627446293176916,4330.734887574999
16100,32972800,2.1815571784973145,1.9438959538936615,6.9859148237772795,0.00026269685495142306,4335.295851167999
16110,32993280,2.0984153747558594,,,0.0002626490548830828,4337.910589965
16120,33013760,1.7830629348754883,,,0.0002626012291252459,4340.241415125
16130,33034240,1.9112224578857422,,,0.0002625533776904944,4342.614818935001
16140,33054720,2.014348268508911,,,0.000262505500591417,4345.3820000979995
16150,33075200,1.8886706829071045,,,0.0002624575978406093,4347.8104251780005
16160,33095680,2.0031912326812744,,,0.00026240966945067346,4350.268009789999
16170,33116160,1.8451370000839233,,,0.00026236171543421856,4352.6657161620005
16180,33136640,1.8456608057022095,,,0.00026231373580386024,4355.231122044999
16190,33157120,1.7002577781677246,,,0.000262265730572221,4357.702570874
16200,33177600,1.909317970275879,1.938409650325775,6.9476929187134235,0.00026221769975193004,4362.112484232999
16210,33198080,1.6701700687408447,,,0.00026216964335562336,4364.608453719
16220,33218560,1.8709266185760498,,,0.0002621215613959436,4367.289224302
16230,33239040,1.8663688898086548,,,0.0002620734538855401,4369.848311694001
16240,33259520,2.1392271518707275,,,0.00026202532083706903,4372.286763271999
16250,33280000,1.9777039289474487,,,0.0002619771622631932,4374.879039083
16260,33300480,1.7656476497650146,,,0.0002619289781765822,4377.329880113
16270,33320960,1.8846327066421509,,,0.00026188076858991223,4379.761561017
16280,33341440,2.1163783073425293,,,0.0002618325335158663,4382.147737932999
16290,33361920,2.2167325019836426,,,0.00026178427296713407,4384.545021213
16300,33382400,2.024425506591797,1.9368772089481354,6.937054140339735,0.0002617359869564119,4388.961236285
16310,33402880,1.9089394807815552,,,0.00026168767549640293,4391.439696473
16320,33423360,2.3465590476989746,,,0.0002616393385998169,4393.796192423999
16330,33443840,2.0318503379821777,,,0.00026159097627937025,4396.464205147
16340,33464320,1.7470080852508545,,,0.0002615425885477861,4398.985182398999
16350,33484800,2.0281291007995605,,,0.00026149417541779436,4401.277935315
16360,33505280,1.9700050354003906,,,0.0002614457369021315,4403.690463722
16370,33525760,1.908005714416504,,,0.0002613972730135408,4406.390417901999
16380,33546240,1.9116939306259155,,,0.00026134878376477195,4408.689372942999
16390,33566720,1.7391053438186646,,,0.0002613002691685817,4411.090788088
16400,33587200,1.86669921875,1.9352027356624604,6.9254479483415246,0.00026125172923773313,4415.544666606
16410,33607680,2.2474279403686523,,,0.00026120316398499615,4417.882149853
16420,33628160,1.7792916297912598,,,0.0002611545734231473,4420.373637032
16430,33648640,2.135075330734253,,,0.00026110595756496984,4422.754031773
16440,33669120,1.7059192657470703,,,0.00026105731642325346,4425.336434737999
16450,33689600,1.912022352218628,,,0.0002610086500107949,4427.903544579
16460,33710080,1.7275607585906982,,,0.00026095995834039706,4430.392416246001
16470,33730560,1.9969730377197266,,,0.0002609112414248699,4432.795892807
16480,33751040,1.8420228958129883,,,0.00026086249927702976,4435.177000805999
16490,33771520,1.9622859954833984,,,0.0002608137319096998,4437.4823689820005
16500,33792000,2.0089664459228516,1.9328070282936096,6.908876459803578,0.0002607649393357098,4442.059292317999
16510,33812480,1.9768187999725342,,,0.00026071612156789586,4446.940127194999
16520,33832960,1.8189043998718262,,,0.0002606672786191011,4449.290589484999
16530,33853440,1.9983223676681519,,,0.0002606184105021752,4451.684190594
16540,33873920,2.0941338539123535,,,0.0002605695172299742,4454.061324664999
16550,33894400,2.1511800289154053,,,0.0002605205988153611,4456.373195896
16560,33914880,1.9867970943450928,,,0.00026047165527120516,4458.707781431
16570,33935360,1.9360021352767944,,,0.00026042268661038254,4461.067618069999
16580,33955840,1.7711771726608276,,,0.00026037369284577597,4463.880889165999
16590,33976320,2.3353817462921143,,,0.00026032467399027465,4466.234337571001
16600,33996800,1.8628180027008057,1.929006564617157,6.882669356887913,0.0002602756300567744,4470.545498636
16610,34017280,1.8875319957733154,,,0.00026022656105817785,4473.000753574999
16620,34037760,2.115032196044922,,,0.0002601774670073939,4475.327345747999
16630,34058240,1.98030686378479,,,0.00026012834791733826,4477.589155473001
16640,34078720,2.0193474292755127,,,0.0002600792038009332,4479.956086348
16650,34099200,2.268083333969116,,,0.0002600300346711075,4482.3216836480005
16660,34119680,1.6684231758117676,,,0.0002599808405407967,4484.6038094020005
16670,34140160,2.145989418029785,,,0.00025993162142294254,4486.9261975379995
16680,34160640,1.800392508506775,,,0.0002598823773304938,4489.239717590999
16690,34181120,2.104494571685791,,,0.0002598331082764055,4491.876052988
16700,34201600,2.1129038333892822,1.9297421872615814,6.887734267023817,0.0002597838142736393,4495.648165794
16710,34222080,1.9182541370391846,,,0.00025973449533516353,4498.1097485949995
16720,34242560,2.1809706687927246,,,0.00025968515147395307,4500.52405358
16730,34263040,2.1027698516845703,,,0.00025963578270298915,4502.999604404
16740,34283520,1.9322400093078613,,,0.0002595863890352598,4505.270274261
16750,34304000,2.0348689556121826,,,0.00025953697048375937,4507.826646664
16760,34324480,2.258429527282715,,,0.0002594875270614891,4510.136019965999
16770,34344960,2.0800769329071045,,,0.00025943805878145634,4512.702985364
16780,34365440,2.130545139312744,,,0.0002593885656566753,4515.116884609999
16790,34385920,1.9787840843200684,,,0.00025933904770016666,4517.559519736
16800,34406400,1.900314211845398,1.9287413597106933,6.880844281225106,0.0002592895049249575,4521.972290279
16810,34426880,1.7071540355682373,,,0.00025923993734408156,4524.349589817
16820,34447360,2.025738000869751,,,0.00025919034497057914,4526.810958193
16830,34467840,2.194610118865967,,,0.0002591407278174969,4529.455233602001
16840,34488320,1.9250800609588623,,,0.0002590910858978881,4532.033788118999
16850,34508800,1.9364607334136963,,,0.00025904141922481264,4534.5549729449995
16860,34529280,1.7318639755249023,,,0.0002589917278113367,4537.204371600999
16870,34549760,2.0980353355407715,,,0.0002589420116705332,4539.666141635
16880,34570240,1.9061195850372314,,,0.0002588922708154814,4542.1242005839995
16890,34590720,1.902266263961792,,,0.0002588425052592671,4544.702656932999
16900,34611200,2.16677188873291,1.9266523659229278,6.866485243459167,0.0002587927150149826,4549.39183063
16910,34631680,2.047736883163452,,,0.00025874290009572675,4551.807496489
16920,34652160,1.6825578212738037,,,0.0002586930605146048,4554.362607251
16930,34672640,1.790759801864624,,,0.0002586431962847286,4556.704624832
16940,34693120,1.8476314544677734,,,0.00025859330741921644,4559.182127168
16950,34713600,2.3295764923095703,,,0.00025854339393119297,4561.4704219079995
16960,34734080,2.1488513946533203,,,0.00025849345583378954,4564.161173393999
16970,34754560,1.8663280010223389,,,0.00025844349314014376,4566.464755202
16980,34775040,2.034640312194824,,,0.0002583935058633999,4568.917535871
16990,34795520,1.8475250005722046,,,0.00025834349401670847,4571.423652923
17000,34816000,2.328282356262207,1.9281396627426148,6.876705343401314,0.0002582934576132267,4575.287927547
17010,34836480,1.8283478021621704,,,0.0002582433966661181,4580.024981291999
17020,34856960,1.9392919540405273,,,0.0002581933111885527,4582.319557769999
17030,34877440,2.0394458770751953,,,0.00025814320119370705,4584.577932889
17040,34897920,2.038731575012207,,,0.00025809306669476395,4586.936268042
17050,34918400,1.8814972639083862,,,0.0002580429077049129,4589.57094946
17060,34938880,1.9615544080734253,,,0.0002579927242373497,4591.966552188
17070,34959360,2.0238640308380127,,,0.00025794251630527646,4594.367707784
17080,34979840,1.8614935874938965,,,0.00025789228392190207,4596.922231647
17090,35000320,1.8984909057617188,,,0.0002578420271004415,4599.419210607999
17100,35020800,1.9856258630752563,1.9243157386779786,6.850459557281186,0.0002577917458541165,4603.704413738
17110,35041280,1.786940097808838,,,0.0002577414401961548,4606.016356758
17120,35061760,1.912294626235962,,,0.00025769111013979095,4608.489620012
17130,35082240,2.1001734733581543,,,0.00025764075569826585,4610.752099072
17140,35102720,1.929018497467041,,,0.0002575903768848266,4613.017672378999
17150,35123200,1.9797205924987793,,,0.0002575399737127268,4615.531273401
17160,35143680,1.93418550491333,,,0.00025748954619522676,4617.933799654
17170,35164160,2.1476073265075684,,,0.0002574390943455927,4620.4124286080005
17180,35184640,1.9353923797607422,,,0.00025738861817709756,4622.731465315999
17190,35205120,1.939546823501587,,,0.00025733811770302064,4625.002682484001
17200,35225600,1.8992249965667725,1.921743679046631,6.832862406958856,0.0002572875929366475,4629.398480127
17210,35246080,1.8739073276519775,,,0.00025723704389127034,4631.718736688001
17220,35266560,1.7670990228652954,,,0.00025718647058018746,4634.360528326999
17230,35287040,2.3124499320983887,,,0.0002571358730167037,4636.858521800999
17240,35307520,2.16507625579834,,,0.0002570852512141304,4639.4726524
17250,35328000,1.9706001281738281,,,0.00025703460518578495,4641.982077306
17260,35348480,2.089876890182495,,,0.00025698393494499134,4644.296452873999
17270,35368960,1.925233244895935,,,0.0002569332405050799,4646.633861946
17280,35389440,2.0207595825195312,,,0.00025688252187938736,4648.931244439
17290,35409920,2.0876784324645996,,,0.00025683177908125676,4651.621076367001
17300,35430400,1.775782585144043,1.9195488393306732,6.817881815187143,0.00025678101212403743,4655.873555775999
17310,35450880,2.0969367027282715,,,0.00025673022102108527,4658.158308914999
17320,35471360,1.8808584213256836,,,0.00025667940578576225,4660.482733617
17330,35491840,1.9294860363006592,,,0.0002566285664314369,4662.772019393
17340,35512320,1.8018327951431274,,,0.00025657770297148405,4665.134880338001
17350,35532800,2.147632122039795,,,0.0002565268154192848,4667.444940096
17360,35553280,1.9283301830291748,,,0.00025647590378822664,4669.781369875
17370,35573760,2.169728994369507,,,0.0002564249680917035,4672.110722083
17380,35594240,1.561342477798462,,,0.00025637400834311534,4674.466702083
17390,35614720,2.216371774673462,,,0.0002563230245558688,4677.045812098
17400,35635200,1.94986093044281,1.9169224560260774,6.799998938139394,0.00025627201674337664,4681.602794969
17410,35655680,1.9308611154556274,,,0.00025622098491905797,4684.094888832
17420,35676160,1.901260256767273,,,0.00025616992909633827,4686.435497615999
17430,35696640,1.8681581020355225,,,0.00025611884928864923,4688.827423055
17440,35717120,1.9872204065322876,,,0.000256067745509429,4691.2887454579995
17450,35737600,2.164949417114258,,,0.00025601661777212195,4693.812239665
17460,35758080,2.1665239334106445,,,0.0002559654660901787,4696.284872431999
17470,35778560,1.961442232131958,,,0.00025591429047705624,4698.7083290089995
17480,35799040,1.9872376918792725,,,0.0002558630909462178,4701.023276001
17490,35819520,1.955587387084961,,,0.000255811867511133,4703.389102547
17500,35840000,1.7845311164855957,1.9199540734291076,6.820645213251499,0.00025576062018527776,4707.171794108999
17510,35860480,1.6474047899246216,,,0.00025570934898213406,4712.502158965999
17520,35880960,1.9772131443023682,,,0.0002556580539151904,4715.359168441
17530,35901440,1.7735052108764648,,,0.00025560673499794154,4717.721146300999
17540,35921920,1.7759857177734375,,,0.0002555553922438884,4720.25609298
17550,35942400,1.8628904819488525,,,0.00025550402566653816,4722.615494497
17560,35962880,2.0516037940979004,,,0.0002554526352794044,4725.570680778999
17570,35983360,1.654552936553955,,,0.0002554012210960069,4728.069216612999
17580,36003840,2.1151671409606934,,,0.00025534978312987164,4730.39084185
17590,36024320,2.0133163928985596,,,0.000255298321394531,4732.825170718999
17600,36044800,1.8271528482437134,1.9164866626262664,6.797036189103559,0.0002552468359035234,4737.376470797
17610,36065280,1.8262054920196533,,,0.00025519532667039375,4739.7651308780005
17620,36085760,1.8437625169754028,,,0.00025514379370869306,4742.171199599999
17630,36106240,1.70534086227417,,,0.0002550922370319786,4744.580826332
17640,36126720,1.9781615734100342,,,0.0002550406566538138,4747.059389802
17650,36147200,1.9279019832611084,,,0.00025498905258776857,4749.732053882
17660,36167680,2.102491855621338,,,0.0002549374248474188,4752.097781836001
17670,36188160,1.8256858587265015,,,0.0002548857734463468,4754.601779962999
17680,36208640,1.755345106124878,,,0.0002548340983981409,4756.95117738
17690,36229120,1.8328765630722046,,,0.0002547823997163958,4759.380868034001
17700,36249600,2.310744285583496,1.910473495721817,6.7562871143211085,0.00025473067741471243,4763.803160592999
17710,36270080,1.989917516708374,,,0.00025467893150669783,4766.427022726999
17720,36290560,2.3316235542297363,,,0.00025462716200596534,4768.856878098999
17730,36311040,2.0389292240142822,,,0.0002545753689261345,4771.27297935
17740,36331520,2.2126832008361816,,,0.00025452355228083087,4773.849846435
17750,36352000,1.9922490119934082,,,0.0002544717120836866,4776.311137925999
17760,36372480,1.6809000968933105,,,0.0002544198483483396,4778.590430947001
17770,36392960,2.0419797897338867,,,0.00025436796108843423,4780.8839299890005
17780,36413440,2.1045339107513428,,,0.00025431605031762104,4783.422017995001
17790,36433920,1.9372508525848389,,,0.00025426411604955666,4785.768765252
17800,36454400,2.0102593898773193,1.90599564909935,6.726101131425129,0.00025421215829790394,4790.084080691
17810,36474880,2.0421438217163086,,,0.0002541601770763319,4792.880833265999
17820,36495360,2.086761236190796,,,0.0002541081723985159,4795.218341184
17830,36515840,2.2234644889831543,,,0.0002540561442781371,4797.657111009999
17840,36536320,2.1317338943481445,,,0.00025400409272888317,4800.03789442
17850,36556800,2.141683340072632,,,0.0002539520177644478,4802.363676311001
17860,36577280,2.058448314666748,,,0.00025389991939853086,4804.654752167
17870,36597760,1.6136966943740845,,,0.00025384779764483844,4806.949562669
17880,36618240,1.8201701641082764,,,0.0002537956525170826,4809.330690854
17890,36638720,2.1002464294433594,,,0.0002537434840289818,4811.712225792
17900,36659200,2.0243890285491943,1.9036694169044495,6.710472842988427,0.0002536912921942604,4816.119084608999
17910,36679680,1.923649787902832,,,0.00025363907702664906,4818.415288902001
17920,36700160,1.8025825023651123,,,0.0002535868385398846,4820.751893168001
17930,36720640,2.016810655593872,,,0.0002535345767477099,4823.068724036
17940,36741120,2.2604122161865234,,,0.0002534822916638739,4825.546503664
17950,36761600,1.8442960977554321,,,0.0002534299833021318,4827.865976503001
17960,36782080,1.7885007858276367,,,0.00025337765167624486,4830.120456424
17970,36802560,1.9722591638565063,,,0.0002533252967999805,4832.417460826
17980,36823040,2.00886869430542,,,0.00025327291868711225,4835.158570670999
17990,36843520,2.0352396965026855,,,0.00025322051735141964,4837.711387977999
18000,36864000,2.130499839782715,1.9055003106594086,6.722770260006233,0.0002531680928066885,4841.777746312
18010,36884480,2.0962867736816406,,,0.0002531156450667107,4847.141232869999
18020,36904960,1.8585543632507324,,,0.00025306317414528406,4849.732386489999
18030,36925440,1.7522103786468506,,,0.0002530106800562127,4852.214986038
18040,36945920,2.0719590187072754,,,0.00025295816281330674,4854.707665120999
18050,36966400,1.953186273574829,,,0.0002529056224303824,4857.493097487
18060,36986880,1.8933498859405518,,,0.000252853058921262,4859.902501164001
18070,37007360,2.130366563796997,,,0.00025280047229977396,4862.607578104
18080,37027840,1.9288675785064697,,,0.00025274786257975274,4864.97219604
18090,37048320,1.9645230770111084,,,0.0002526952297750389,4867.609305745
18100,37068800,1.74977707862854,1.9031362175941466,6.706895777225985,0.000252642573899479,4872.202388489
18110,37089280,2.3395802974700928,,,0.0002525898949669259,4874.838865792
18120,37109760,2.2628934383392334,,,0.00025253719299123817,4877.331909869999
18130,37130240,1.8742977380752563,,,0.0002524844679862808,4879.797836832
18140,37150720,1.666847825050354,,,0.00025243171996592456,4882.320690438
18150,37171200,2.294203758239746,,,0.0002523789489440465,4885.045956032
18160,37191680,2.0212912559509277,,,0.00025232615493452954,4887.862370589
18170,37212160,2.024143695831299,,,0.0002522733379512627,4890.327291060999
18180,37232640,1.8331117630004883,,,0.0002522204980081411,4892.792175466
18190,37253120,2.18275785446167,,,0.0002521676351190659,4895.5653284029995
18200,37273600,2.008340358734131,1.9012208342552186,6.694061795719197,0.00025211474929794417,4899.983998345
18210,37294080,1.9149068593978882,,,0.0002520618405586892,4902.398024705999
18220,37314560,1.7285813093185425,,,0.0002520089089152201,4904.900143163
18230,37335040,1.8147292137145996,,,0.0002519559543814622,4907.310884516999
18240,37355520,1.9705824851989746,,,0.00025190297697134673,4909.804481978001
18250,37376000,2.038007974624634,,,0.0002518499766988111,4912.222508571
18260,37396480,1.9717763662338257,,,0.00025179695357779836,4914.721153635999
18270,37416960,2.172046661376953,,,0.0002517439076222581,4917.180208244999
18280,37437440,1.7663123607635498,,,0.00025169083884614543,4919.580300497
18290,37457920,1.8731836080551147,,,0.0002516377472634218,4922.301057265
18300,37478400,1.9895129203796387,1.9028867065906525,6.705222541684299,0.0002515846328880545,4926.493986518
18310,37498880,1.8280212879180908,,,0.0002515314957340168,4928.919287354
18320,37519360,2.1284728050231934,,,0.00025147833581528814,4931.432891748
18330,37539840,2.08845853805542,,,0.00025142515314585364,4933.915763781
18340,37560320,2.0116045475006104,,,0.00025137194773970477,4936.49021914
18350,37580800,1.8764684200286865,,,0.0002513187196108387,4938.870325196
18360,37601280,1.9634701013565063,,,0.00025126546877325863,4941.3576832
18370,37621760,1.920135259628296,,,0.0002512121952409739,4943.853619529
18380,37642240,2.0285091400146484,,,0.0002511588990279996,4946.4092385799995
18390,37662720,2.2089321613311768,,,0.000251105580148357,4948.779263111001
18400,37683200,1.862403392791748,1.9018495380878448,6.698271701279213,0.00025105223861607306,4952.591624160001
18410,37703680,1.8341540098190308,,,0.00025099887444518103,4955.020186374
18420,37724160,1.9171137809753418,,,0.0002509454876497199,4957.511772566
18430,37744640,2.1226887702941895,,,0.0002508920782437345,4960.156099161999
18440,37765120,2.0725913047790527,,,0.00025083864624127607,4963.038226622
18450,37785600,2.0790998935699463,,,0.00025078519165640126,4965.505002038999
18460,37806080,1.7505824565887451,,,0.0002507317145031729,4968.044734368999
18470,37826560,1.5718190670013428,,,0.0002506782147956599,4970.685433856999
18480,37847040,1.930250883102417,,,0.0002506246925479368,4973.159249660999
18490,37867520,1.8973984718322754,,,0.0002505711477740843,4975.709294065
18500,37888000,1.8168292045593262,1.891646784543991,6.630278335537708,0.00025051758048818894,4980.168119063001
18510,37908480,1.9240562915802002,,,0.00025046399070434314,4985.492922854
18520,37928960,1.8045300245285034,,,0.00025041037843664537,4988.254203451999
18530,37949440,1.992584466934204,,,0.0002503567436991999,4990.9424442750005
18540,37969920,2.0475218296051025,,,0.000250303086506117,4993.386199559
18550,37990400,1.965843915939331,,,0.0002502494068715127,4995.891617461999
18560,38010880,1.5533995628356934,,,0.000250195704809509,4998.288512532999
18570,38031360,2.1091058254241943,,,0.000250141980334234,5000.851142015999
18580,38051840,2.029580593109131,,,0.00025008823345982144,5003.334779044
18590,38072320,1.7165324687957764,,,0.00025003446420041096,5005.768025743
18600,38092800,2.0970449447631836,1.8913337111473083,6.628202896677548,0.0002499806725701483,5010.425141935
18610,38113280,1.9555377960205078,,,0.0002499268585831849,5012.99210963
18620,38133760,1.9468882083892822,,,0.000249873022253678,5015.74134418
18630,38154240,1.8947117328643799,,,0.00024981916359579113,5018.252896481999
18640,38174720,1.7027392387390137,,,0.00024976528262369316,5020.846709301
18650,38195200,2.2821297645568848,,,0.00024971137935155923,5023.836567679
18660,38215680,1.8189432621002197,,,0.0002496574537935702,5026.652364813999
18670,38236160,1.8862900733947754,,,0.0002496035059639127,5029.321079722
18680,38256640,2.1930253505706787,,,0.00024954953587677937,5032.087025961
18690,38277120,1.9541352987289429,,,0.0002494955435463687,5034.635611586
18700,38297600,2.0200676918029785,1.8924112796783448,6.635349089100883,0.0002494415289868849,5038.550721375001
18710,38318080,1.7370223999023438,,,0.00024938749221253815,5041.2063156
18720,38338560,2.1490750312805176,,,0.00024933343323754444,5043.737385095001
18730,38359040,1.8569231033325195,,,0.0002492793520761256,5046.33092267
18740,38379520,1.9496430158615112,,,0.00024922524874250934,5048.869524882
18750,38400000,1.7145240306854248,,,0.000249171123250929,5051.559753482999
18760,38420480,2.038846492767334,,,0.00024911697561562406,5054.267385364999
18770,38440960,1.7417898178100586,,,0.0002490628058508396,5056.946420414999
18780,38461440,2.005950450897217,,,0.0002490086139708266,5059.350428653999
18790,38481920,2.0177133083343506,,,0.0002489543999898419,5061.984942427
18800,38502400,1.7548805475234985,1.8940271377563476,6.64607953863389,0.000248900163922148,5065.876898397
18810,38522880,1.7792567014694214,,,0.0002488459057820134,5068.76506899
18820,38543360,1.923189640045166,,,0.0002487916255837124,5071.3497068550005
18830,38563840,2.026531934738159,,,0.00024873732334152474,5074.031652493
18840,38584320,1.7691688537597656,,,0.00024868299906973657,5076.9360306
18850,38604800,1.8319213390350342,,,0.00024862865278263934,5079.414669201
18860,38625280,1.7835009098052979,,,0.00024857428449453047,5081.996447111
18870,38645760,1.898352861404419,,,0.0002485198942197132,5084.685896470999
18880,38666240,2.017293691635132,,,0.0002484654819724965,5087.380985563999
18890,38686720,1.9825108051300049,,,0.00024841104776719507,5089.857750346
18900,38707200,1.6766877174377441,1.8884517014026643,6.6091278517755665,0.0002483565916181296,5094.485018723999
18910,38727680,1.862121820449829,,,0.00024830211353962626,5096.984035219999
18920,38748160,1.9205502271652222,,,0.0002482476135460172,5099.5011235950005
18930,38768640,2.1604785919189453,,,0.00024819309165164034,5102.588999612999
18940,38789120,2.105811357498169,,,0.0002481385478708391,5105.369407505999
18950,38809600,1.7777447700500488,,,0.000248083982217963,5107.909190188
18960,38830080,2.0163497924804688,,,0.00024802939470736714,5110.705305908999
18970,38850560,1.8033956289291382,,,0.0002479747853534124,5113.151965540001
18980,38871040,1.9754756689071655,,,0.0002479201541704653,5115.818826048
18990,38891520,1.8706048727035522,,,0.00024786550117289827,5118.343838923
19000,38912000,2.16054630279541,1.8866752207279205,6.5973972865162445,0.00024781082637508945,5122.927644215
19010,38932480,2.289667844772339,,,0.00024775612979142264,5128.351701961999
19020,38952960,1.813110589981079,,,0.00024770141143628746,5130.9690165209995
19030,38973440,2.122326374053955,,,0.0002476466713240791,5133.991213146999
19040,38993920,2.0024466514587402,,,0.00024759190946919865,5136.5455231979995
19050,39014400,1.911529541015625,,,0.0002475371258860528,5138.841968186
19060,39034880,2.1146979331970215,,,0.0002474823205890541,5141.3750576269995
19070,39055360,1.8514513969421387,,,0.0002474274935926206,5143.960928484999
19080,39075840,2.207547903060913,,,0.0002473726449111763,5146.426836795999
19090,39096320,1.7713813781738281,,,0.0002473177745591507,5148.7743080830005
19100,39116800,2.0301690101623535,1.8840991973876953,6.580424108159263,0.00024726288255097907,5153.331115767
19110,39137280,1.9890424013137817,,,0.00024720796890110246,5155.885672291
19120,39157760,1.880321979522705,,,0.00024715303362396744,5158.378675698001
19130,39178240,1.9393912553787231,,,0.0002470980767340265,5160.935290063
19140,39198720,1.9411600828170776,,,0.0002470430982457376,5163.507724331999
19150,39219200,1.9052469730377197,,,0.0002469880981735645,5166.030745626
19160,39239680,1.8656206130981445,,,0.0002469330765319766,5168.720950860999
19170,39260160,1.9647834300994873,,,0.000246878033335449,5171.298578421
19180,39280640,2.153128147125244,,,0.0002468229685984625,5173.905223853
19190,39301120,1.9770056009292603,,,0.0002467678823355034,5176.309254004
19200,39321600,1.9613021612167358,1.8774225831031799,6.536635497058018,0.0002467127745610639,5180.843773544
19210,39342080,1.9657760858535767,,,0.00024665764528964166,5183.385310104999
19220,39362560,1.7829276323318481,,,0.0002466024945357401,5186.04027311
19230,39383040,1.9872395992279053,,,0.0002465473223138683,5188.6371944269995
19240,39403520,1.7961763143539429,,,0.00024649212863854097,5191.166489226
19250,39424000,1.827664852142334,,,0.00024643691352427836,5193.722078817
19260,39444480,1.848511815071106,,,0.00024638167698560657,5196.426669651
19270,39464960,2.0412044525146484,,,0.0002463264190370572,5199.177642516999
19280,39485440,2.0128328800201416,,,0.00024627113969316746,5201.681830243
19290,39505920,2.0961194038391113,,,0.00024621583896848023,5204.197674683999
19300,39526400,1.748270034790039,1.877063363790512,6.534287833035979,0.00024616051687754395,5208.7288619890005
19310,39546880,2.2779746055603027,,,0.0002461051734349129,5211.293785344
19320,39567360,2.281355619430542,,,0.0002460498086551468,5213.960346907999
19330,39587840,1.8181153535842896,,,0.00024599442255281086,5216.973156972999
19340,39608320,1.860532283782959,,,0.00024593901514247617,5219.5067286230005
19350,39628800,1.9266600608825684,,,0.00024588358643871927,5222.326932370999
19360,39649280,1.852071762084961,,,0.0002458281364561223,5225.003719539
19370,39669760,1.788754940032959,,,0.00024577266520927314,5227.556529042
19380,39690240,1.7909741401672363,,,0.00024571717271276505,5230.094389800999
19390,39710720,2.087916612625122,,,0.000245661658981197,5232.6610980860005
19400,39731200,1.808001160621643,1.8786276519298553,6.544517340855163,0.00024560612402917353,5236.4960718170005
19410,39751680,1.6893987655639648,,,0.00024555056787130486,5239.105619324
19420,39772160,1.8381788730621338,,,0.00024549499052220654,5242.175412315999
19430,39792640,1.7131280899047852,,,0.0002454393919965,5244.534493092
19440,39813120,2.055525779724121,,,0.000245383772308812,5247.130922693001
19450,39833600,1.9525666236877441,,,0.00024532813147377496,5249.825866531
19460,39854080,2.1291844844818115,,,0.00024527246950602693,5252.138963418
19470,39874560,1.9667730331420898,,,0.0002452167864202114,5254.614265978
19480,39895040,1.7945690155029297,,,0.00024516108223097743,5257.095730023
19490,39915520,1.9159977436065674,,,0.0002451053569529797,5259.489120404
19500,39936000,1.738620400428772,1.8801091670989991,6.554220328357203,0.00024504961060087846,5263.398974084001
19510,39956480,2.2158899307250977,,,0.00024499384318933936,5268.717076027
19520,39976960,1.8391543626785278,,,0.00024493805473303374,5271.234242159
19530,39997440,1.922520637512207,,,0.0002448822452466384,5273.753103509
19540,40017920,1.7676782608032227,,,0.0002448264147448357,5276.155252782999
19550,40038400,1.6544549465179443,,,0.0002447705632423136,5278.6219267569995
19560,40058880,1.9770647287368774,,,0.00024471469075376526,5281.437129894999
19570,40079360,1.7811999320983887,,,0.00024465879729388985,5283.9429458760005
19580,40099840,1.8475810289382935,,,0.0002446028828773917,5286.5596634779995
19590,40120320,1.6307387351989746,,,0.00024454694751898086,5289.118282115
19600,40140800,1.9294511079788208,1.8729408085346222,6.507405320780875,0.0002444909912333726,5293.694750331
19610,40161280,1.780819296836853,,,0.0002444350140352881,5296.162032812999
19620,40181760,1.930373191833496,,,0.00024437901593945367,5299.052169163
19630,40202240,1.7383127212524414,,,0.00024432299696060147,5301.585875888
19640,40222720,1.6511378288269043,,,0.00024426695711346876,5304.197574778
19650,40243200,1.9700961112976074,,,0.00024421089641279856,5306.642210966
19660,40263680,1.9903957843780518,,,0.0002441548148733394,5309.403719909
19670,40284160,1.8952727317810059,,,0.0002440987125098451,5312.171735721
19680,40304640,2.0587010383605957,,,0.00024404258933707505,5314.919430661999
19690,40325120,1.6557948589324951,,,0.00024398644536979423,5318.134753721
19700,40345600,1.9946672916412354,1.8697635769844054,6.486762598006027,0.00024393028062277288,5322.793963274
19710,40366080,2.0317273139953613,,,0.00024387409511078688,5325.587973938
19720,40386560,1.8922545909881592,,,0.0002438178888486175,5328.391535981
19730,40407040,2.0739049911499023,,,0.0002437616618510514,5331.028306238999
19740,40427520,1.9529383182525635,,,0.00024370541413288083,5333.636177626
19750,40448000,1.9180582761764526,,,0.00024364914570890344,5336.20925564
19760,40468480,1.9559427499771118,,,0.00024359285659392228,5338.624918508
19770,40488960,2.0051724910736084,,,0.0002435365468027459,5341.394308683
19780,40509440,1.7909488677978516,,,0.0002434802163501883,5344.161836649
19790,40529920,1.7658170461654663,,,0.00024342386525106884,5346.9055175779995
19800,40550400,2.090088367462158,1.8662314891815186,6.463891198626727,0.0002433674935202124,5351.527642261999
19810,40570880,1.9459574222564697,,,0.00024331110117244918,5354.040505256
19820,40591360,1.702027440071106,,,0.00024325468822261487,5356.598888668001
19830,40611840,1.9013322591781616,,,0.0002431982546855507,5359.275186266001
19840,40632320,1.9577035903930664,,,0.00024314180057610305,5361.961614989001
19850,40652800,1.7637274265289307,,,0.00024308532590912397,5364.517737966
19860,40673280,1.9867546558380127,,,0.00024302883069947072,5367.125221762
19870,40693760,1.8569369316101074,,,0.00024297231496200607,5369.709952511999
19880,40714240,2.154144287109375,,,0.0002429157787115982,5372.223374629999
19890,40734720,1.6807496547698975,,,0.00024285922196312065,5374.770893039
19900,40755200,1.7829382419586182,1.8669763386249543,6.468707617919388,0.0002428026447314524,5378.999748286
19910,40775680,1.951396107673645,,,0.00024274604703147765,5381.743920211
19920,40796160,1.8835104703903198,,,0.0002426894288780862,5384.419208091
19930,40816640,1.741933822631836,,,0.0002426327902861732,5387.137523125999
19940,40837120,1.87295401096344,,,0.000242576131270639,5389.724660319
19950,40857600,1.9302525520324707,,,0.00024251945184638956,5392.2170088
19960,40878080,1.8731155395507812,,,0.00024246275202833596,5394.668756019
19970,40898560,1.688720941543579,,,0.0002424060318313949,5397.4826952759995
19980,40919040,1.937172770500183,,,0.00024234929127048827,5400.184500658001
19990,40939520,1.8695917129516602,,,0.00024229253036054337,5402.989863462
20000,40960000,1.8369503021240234,1.8685773193836213,6.479072188874635,0.00024223574911649286,5407.223229281999
20010,40980480,1.946202278137207,,,0.00024217894755327473,5412.874400061999
20020,41000960,1.7026336193084717,,,0.00024212212568583232,5415.611319715999
20030,41021440,1.787258505821228,,,0.00024206528352911432,5418.260267518999
20040,41041920,1.8823339939117432,,,0.00024200842109807475,5420.851361658999
20050,41062400,1.9049749374389648,,,0.00024195153840767303,5423.5852336299995
20060,41082880,2.1195449829101562,,,0.00024189463547287374,5426.170877283999
20070,41103360,1.9319794178009033,,,0.00024183771230864697,5428.794741977001
20080,41123840,2.0005249977111816,,,0.00024178076892996802,5431.398724855
20090,41144320,2.0563464164733887,,,0.0002417238053518176,5434.143531412999
20100,41164800,1.89116632938385,1.8674670219421388,6.47188248369438,0.0002416668215891816,5438.157395405
20110,41185280,2.0059657096862793,,,0.00024160981765705133,5440.710001256
20120,41205760,2.0735414028167725,,,0.00024155279357042343,5443.134681285999
20130,41226240,1.7827081680297852,,,0.00024149574934429966,5445.662954781999
20140,41246720,1.845706820487976,,,0.00024143868499368738,5448.305457414999
20150,41267200,2.103257417678833,,,0.00024138160053359888,5451.0549833509995
20160,41287680,1.8992764949798584,,,0.0002413244959790521,5453.826044038
20170,41308160,2.0079290866851807,,,0.00024126737134507002,5456.29365539
20180,41328640,1.9063431024551392,,,0.00024121022664668092,5458.785932864001
20190,41349120,2.0547842979431152,,,0.00024115306189891855,5461.3418780560005
20200,41369600,1.990804672241211,1.8666467428207398,6.466575910350065,0.00024109587711682167,5465.250850458
20210,41390080,1.8753324747085571,,,0.00024103867231543453,5467.960079553999
20220,41410560,1.891243577003479,,,0.0002409814475098065,5470.579277639999
20230,41431040,2.015580177307129,,,0.00024092420271499236,5473.148525159
20240,41451520,2.247083902359009,,,0.00024086693794605197,5475.800151944999
20250,41472000,1.8392095565795898,,,0.00024080965321805056,5478.544113693
20260,41492480,1.9091194868087769,,,0.00024075234854605858,5481.053345078999
20270,41512960,1.5773353576660156,,,0.0002406950239451518,5483.570159129
20280,41533440,2.092700242996216,,,0.00024063767943041108,5486.075426677
20290,41553920,1.8756566047668457,,,0.00024058031501692265,5488.931475976
20300,41574400,1.7066917419433594,1.866059285402298,6.462778187968923,0.0002405229307197779,5493.5267425170005
20310,41594880,2.0314459800720215,,,0.00024046552655407352,5495.995503193999
20320,41615360,1.9498491287231445,,,0.0002404081025349114,5498.896113187
20330,41635840,1.7345836162567139,,,0.00024035065867739853,5501.4881300649995
20340,41656320,2.0771098136901855,,,0.00024029319499664737,5504.0509945680005
20350,41676800,1.9938781261444092,,,0.00024023571150777538,5506.761429523
20360,41697280,1.8352861404418945,,,0.00024017820822590534,5509.453817068001
20370,41717760,1.7373732328414917,,,0.00024012068516616518,5512.292980513999
20380,41738240,1.9447544813156128,,,0.00024006314234368802,5514.8296892359995
20390,41758720,2.065858840942383,,,0.00024000557977361231,5517.448728461999
20400,41779200,2.084480047225952,1.85934020280838,6.419499805870335,0.00023994799747108155,5522.43026123
20410,41799680,1.818176031112671,,,0.00023989039545124446,5524.971648598001
20420,41820160,1.5938827991485596,,,0.000239832773729255,5527.512260321
20430,41840640,2.160755157470703,,,0.00023977513232027227,5530.307610464
20440,41861120,1.8497921228408813,,,0.00023971747123946056,5532.8961909810005
20450,41881600,2.0008909702301025,,,0.00023965979050198936,5535.602985807
20460,41902080,1.847000002861023,,,0.00023960209012303325,5538.276967157999
20470,41922560,1.9940316677093506,,,0.0002395443701177721,5540.867606304
20480,41943040,1.79585599899292,,,0.0002394866305013909,5543.332133581
20490,41963520,1.9953606128692627,,,0.0002394288712890797,5545.845100103001
20500,41984000,1.8679559230804443,1.8615234732627868,6.433530621087364,0.0002393710924960338,5549.799726944
20510,42004480,1.8143024444580078,,,0.0002393132941374537,5554.837886785001
20520,42024960,1.8705229759216309,,,0.0002392554762285449,5557.416522979
20530,42045440,2.0388221740722656,,,0.00023919763878451814,5560.350748047
20540,42065920,1.8354846239089966,,,0.0002391397818205893,5562.894727151999
20550,42086400,1.8859901428222656,,,0.00023908190535197943,5565.363267094001
20560,42106880,1.845759391784668,,,0.00023902400939391464,5567.961311628
20570,42127360,2.1388909816741943,,,0.00023896609396162612,5570.503428747001
20580,42147840,2.0062005519866943,,,0.0002389081590703503,5572.987313696
20590,42168320,2.051614284515381,,,0.0002388502047353287,5575.56215571
20600,42188800,2.1100401878356934,1.8622727930545806,6.438353199513939,0.00023879223097180788,5579.4857607720005
20610,42209280,1.9194331169128418,,,0.00023873423779503968,5582.058096360999
20620,42229760,1.960495948791504,,,0.0002386762252202808,5584.482816211999
20630,42250240,1.713629126548767,,,0.00023861819326279326,5586.901536998001
20640,42270720,1.8315068483352661,,,0.00023856014193784404,5589.348753191
20650,42291200,1.9674123525619507,,,0.00023850207126070535,5591.76986194
20660,42311680,1.9821230173110962,,,0.00023844398124665432,5594.196269426
20670,42332160,2.0743446350097656,,,0.00023838587191097335,5596.789935178
20680,42352640,1.8495821952819824,,,0.00023832774326894982,5599.46499262
20690,42373120,2.0491695404052734,,,0.0002382695953358761,5602.300411618
20700,42393600,1.8629173040390015,1.8545988261699677,6.389134582825885,0.0002382114281270499,5607.059578405
20710,42414080,1.9472498893737793,,,0.00023815324165777372,5609.615534930999
20720,42434560,1.778122067451477,,,0.00023809503594335524,5612.2925506169995
20730,42455040,1.9178951978683472,,,0.00023803681099910732,5614.951092285999
20740,42475520,1.8237252235412598,,,0.00023797856684034768,5617.469175206999
20750,42496000,2.1473450660705566,,,0.00023792030348239915,5619.918537112
20760,42516480,2.1873717308044434,,,0.0002378620209405898,5622.646377494
20770,42536960,1.9996329545974731,,,0.00023780371923025242,5625.412795234
20780,42557440,1.662304401397705,,,0.00023774539836672509,5627.985465697
20790,42577920,2.0938327312469482,,,0.00023768705836535084,5630.666157399
20800,42598400,1.7980645895004272,1.8578880608081818,6.410184545759128,0.00023762869924147777,5634.684125731999
20810,42618880,1.9423787593841553,,,0.00023757032101045898,5637.175746338
20820,42639360,1.9648213386535645,,,0.00023751192368765258,5639.858345473
20830,42659840,2.0550217628479004,,,0.00023745350728842174,5642.412706126001
20840,42680320,1.8332552909851074,,,0.00023739507182813467,5645.0393359400005
20850,42700800,1.5619964599609375,,,0.0002373366173221645,5647.666762855
20860,42721280,1.8742377758026123,,,0.0002372781437858895,5650.2380669369995
20870,42741760,1.6980304718017578,,,0.0002372196512346928,5652.700885779999
20880,42762240,1.8233680725097656,,,0.00023716113968396267,5655.384259573
20890,42782720,1.9672458171844482,,,0.0002371026091490923,5657.852417249
20900,42803200,1.8151910305023193,1.8524882674217225,6.375664158999096,0.00023704405964547986,5662.404358641001
20910,42823680,2.0346264839172363,,,0.00023698549118852865,5664.910807101
20920,42844160,1.907477617263794,,,0.0002369269037936467,5667.482407447
20930,42864640,1.9986590147018433,,,0.0002368682974762473,5669.94585794
20940,42885120,2.17083740234375,,,0.0002368096722517485,5672.621257772
20950,42905600,1.9590067863464355,,,0.00023675102813557349,5675.339170159999
20960,42926080,1.7190682888031006,,,0.0002366923651431503,5677.942529192
20970,42946560,1.787608027458191,,,0.00023663368328991197,5680.376301984999
20980,42967040,1.9284690618515015,,,0.00023657498259129655,5682.955228896
20990,42987520,2.5013017654418945,,,0.00023651626306274702,5685.50166573
21000,43008000,1.7691073417663574,1.8551251888275146,6.392498469918935,0.00023645752471971126,5689.553931826
21010,43028480,2.086080551147461,,,0.00023639876757764215,5694.7694209910005
21020,43048960,1.824361801147461,,,0.00023633999165199754,5697.829346244
21030,43069440,2.2815799713134766,,,0.0002362811969582402,5700.599841040999
21040,43089920,1.5920127630233765,,,0.00023622238351183775,5703.129394066
21050,43110400,1.9971961975097656,,,0.00023616355132826292,5705.703588662
21060,43130880,1.9383459091186523,,,0.00023610470042299318,5708.21174325
21070,43151360,1.9125257730484009,,,0.00023604583081151108,5710.820995212
21080,43171840,1.7363786697387695,,,0.00023598694250930401,5713.274109501001
21090,43192320,1.790738821029663,,,0.00023592803553186428,5715.9083641689995
21100,43212800,1.8768253326416016,1.8500902891159057,6.360393771007647,0.00023586910989468915,5720.5775351190005
21110,43233280,1.8152177333831787,,,0.00023581016561328075,5723.130645601999
21120,43253760,1.9016151428222656,,,0.00023575120270314612,5725.585204427
21130,43274240,1.5370962619781494,,,0.00023569222117979726,5728.088427711
21140,43294720,1.9504504203796387,,,0.00023563322105875101,5730.530654991
21150,43315200,1.9430015087127686,,,0.00023557420235552904,5732.97036668
21160,43335680,1.8837735652923584,,,0.000235515165085658,5735.616673803001
21170,43356160,2.0807409286499023,,,0.00023545610926466949,5738.124641848999
21180,43376640,2.074617385864258,,,0.00023539703490809989,5740.692011605999
21190,43397120,1.9461345672607422,,,0.00023533794203149032,5743.288202618
21200,43417600,1.7536852359771729,1.8475591003894807,6.344314772073998,0.00023527883065038713,5748.105443021001
21210,43438080,1.8731993436813354,,,0.0002352197007803412,5750.5530005420005
21220,43458560,2.044066905975342,,,0.0002351605524369084,5753.060532887001
21230,43479040,1.885707139968872,,,0.00023510138563564956,5755.7772965
21240,43499520,1.8784632682800293,,,0.00023504220039213022,5758.233418192
21250,43520000,1.938594102859497,,,0.00023498299672192088,5760.738445843999
21260,43540480,1.909941554069519,,,0.00023492377464059668,5763.4674040419995
21270,43560960,1.695268154144287,,,0.0002348645341637379,5765.9148031370005
21280,43581440,2.026223659515381,,,0.00023480527530692945,5768.647271784999
21290,43601920,1.6263881921768188,,,0.00023474599808576116,5771.249639457999
21300,43622400,1.8361859321594238,1.8517065644264221,6.370682230676811,0.0002346867025158277,5775.310775349
21310,43642880,1.6526010036468506,,,0.00023462738861272842,5777.8243247850005
21320,43663360,1.6778508424758911,,,0.00023456805639206774,5780.263465292001
21330,43683840,1.8942532539367676,,,0.00023450870586945474,5782.690416062
21340,43704320,1.7566742897033691,,,0.00023444933706050333,5785.423405702999
21350,43724800,1.7391817569732666,,,0.00023438994998083225,5787.944416607999
21360,43745280,1.9356377124786377,,,0.00023433054464606505,5790.492469561999
21370,43765760,1.8743515014648438,,,0.00023427112107183003,5793.250211462
21380,43786240,1.8965487480163574,,,0.0002342116792737604,5796.023602268
21390,43806720,1.8248504400253296,,,0.00023415221926749409,5798.496059057999
21400,43827200,1.6466889381408691,1.8461920142173767,6.3356474728999235,0.00023409274106867377,5803.188953913999
21410,43847680,1.6779487133026123,,,0.00023403324469294698,5805.868638057
21420,43868160,1.9526844024658203,,,0.00023397373015596608,5808.568622004999
21430,43888640,1.8500089645385742,,,0.00023391419747338803,5811.209384571001
21440,43909120,1.7105556726455688,,,0.00023385464666087475,5813.683564924
21450,43929600,2.041821241378784,,,0.00023379507773409286,5816.178685903
21460,43950080,1.7796765565872192,,,0.00023373549070871373,5818.666535708
21470,43970560,1.9470964670181274,,,0.00023367588560041353,5821.100049622999
21480,43991040,1.7603332996368408,,,0.0002336162624248731,5823.523813733
21490,44011520,1.882075548171997,,,0.00023355662119777814,5826.030744473999
21500,44032000,2.283013343811035,1.8421827733516694,6.310297187797077,0.00023349696193481905,5830.570470703
21510,44052480,1.6416857242584229,,,0.000233437284651691,5835.595544096001
21520,44072960,1.7530807256698608,,,0.0002333775893640938,5838.230445935
21530,44093440,1.5885908603668213,,,0.00023331787608773217,5840.723473878001
21540,44113920,1.8355319499969482,,,0.0002332581448383154,5843.335605160999
21550,44134400,1.6504325866699219,,,0.0002331983956315576,5845.870196288999
21560,44154880,1.887786626815796,,,0.0002331386284831776,5848.307021455999
21570,44175360,1.750241756439209,,,0.0002330788434088989,5850.793003821
21580,44195840,1.8682382106781006,,,0.0002330190404244498,5853.511768504999
21590,44216320,1.9622904062271118,,,0.00023295921954556318,5856.079558518
21600,44236800,1.7439950704574585,1.842612338066101,6.313008451096363,0.00023289938078797676,5859.988253426
21610,44257280,1.8847630023956299,,,0.00023283952416743294,5862.521765177
21620,44277760,1.874659538269043,,,0.00023277964969967867,5864.926222214999
21630,44298240,2.1414546966552734,,,0.00023271975740046582,5867.388759834999
21640,44318720,1.8848142623901367,,,0.00023265984728555088,5869.906791871999
21650,44339200,1.8788390159606934,,,0.00023259991937069486,5872.338978989001
21660,44359680,1.724225640296936,,,0.0002325399736716637,5874.862754549
21670,44380160,1.6723041534423828,,,0.00023248001020422784,5877.470835519
21680,44400640,2.1757264137268066,,,0.00023242002898416248,5880.061911326
21690,44421120,1.731337070465088,,,0.00023236003002724748,5882.981286120999
21700,44441600,2.0573089122772217,1.843778246641159,6.320373134223254,0.0002323000133492673,5887.059370368001
21710,44462080,2.0158183574676514,,,0.00023223997896601123,5889.579260592
21720,44482560,2.098512649536133,,,0.000232179926893273,5892.092881336001
21730,44503040,2.092264175415039,,,0.00023211985714685111,5894.613941399
21740,44523520,1.8205872774124146,,,0.0002320597697425488,5897.162464936
21750,44544000,1.6152417659759521,,,0.00023199966469617374,5899.76431954
21760,44564480,1.9997090101242065,,,0.00023193954202353837,5902.271410588
21770,44584960,1.7589174509048462,,,0.00023187940174045977,5904.755729373999
21780,44605440,1.965588092803955,,,0.00023181924386275968,5907.617612389
21790,44625920,2.041295051574707,,,0.00023175906840626438,5910.195464193001
21800,44646400,1.830751895904541,1.8467438042163848,6.33914438450441,0.00023169887538680478,5914.225791597999
21810,44666880,2.1035192012786865,,,0.00023163866482021653,5916.64231187
21820,44687360,2.059666156768799,,,0.00023157843672233977,5919.2993146280005
21830,44707840,1.8108162879943848,,,0.00023151819110901934,5921.882304772
21840,44728320,2.0570528507232666,,,0.00023145792799610457,5924.375100764
21850,44748800,2.014286518096924,,,0.0002313976473994495,5926.887847546001
21860,44769280,1.9580845832824707,,,0.0002313373493349128,5929.489245508999
21870,44789760,1.8594943284988403,,,0.0002312770338183576,5932.128618966999
21880,44810240,1.5739846229553223,,,0.00023121670086565172,5934.711891776
21890,44830720,1.9705259799957275,,,0.00023115635049266752,5937.192179211001
21900,44851200,1.6687390804290771,1.8437264561653137,6.3200458075673875,0.00023109598271528202,5941.325654419999
21910,44871680,1.8952984809875488,,,0.00023103559754937677,5943.835513917
21920,44892160,1.9070026874542236,,,0.0002309751950108378,5946.414426964
21930,44912640,2.0213747024536133,,,0.00023091477511555587,5948.929624838
21940,44933120,1.8715128898620605,,,0.0002308543378794262,5951.424997079001
21950,44953600,1.772031307220459,,,0.00023079388331834864,5953.9297740950005
21960,44974080,1.6912298202514648,,,0.00023073341144822754,5956.372627006
21970,44994560,1.783501148223877,,,0.00023067292228497185,5959.073671624999
21980,45015040,1.826359510421753,,,0.00023061241584449506,5961.5632354730005
21990,45035520,2.128598690032959,,,0.00023055189214271515,5964.127775277
22000,45056000,1.6640461683273315,1.8411457538604736,6.3037566785220385,0.0002304913511955547,5968.688897882999
22010,45076480,2.0504486560821533,,,0.00023043079301894083,5973.808509105
22020,45096960,1.8975906372070312,,,0.00023037021762880515,5976.430255658999
22030,45117440,1.7086725234985352,,,0.00023030962504108388,5979.077004964
22040,45137920,1.6246824264526367,,,0.00023024901527171762,5981.582733186
22050,45158400,1.7495815753936768,,,0.00023018838833665167,5984.390074114999
22060,45178880,2.0530314445495605,,,0.00023012774425183564,5987.060500255
22070,45199360,1.729689359664917,,,0.00023006708303322386,5989.509783983
22080,45219840,2.0599961280822754,,,0.00023000640469677508,5992.061981102999
22090,45240320,2.210641384124756,,,0.00022994570925845251,5994.841887056
22100,45260800,1.7295174598693848,1.8379339337348939,6.283542625283697,0.00022988499673422385,5999.488551271001
22110,45281280,1.8978959321975708,,,0.00022982426714006143,6002.024306378
22120,45301760,1.901688814163208,,,0.00022976352049194193,6004.542923341
22130,45322240,1.934996247291565,,,0.0002297027568058466,6007.149254083999
22140,45342720,1.8639209270477295,,,0.00022964197609776107,6009.715480700001
22150,45363200,2.1861958503723145,,,0.00022958117838367558,6012.2918666549995
22160,45383680,2.0143485069274902,,,0.0002295203636795848,6014.718411816
22170,45404160,1.7137408256530762,,,0.00022945953200148778,6017.152977772001
22180,45424640,1.9547319412231445,,,0.00022939868336538814,6019.831422162999
22190,45445120,1.967954397201538,,,0.00022933781778729397,6022.448875589
22200,45465600,2.1910269260406494,1.838435822725296,6.286697057669277,0.0002292769352832177,6026.433817027
22210,45486080,1.6929237842559814,,,0.00022921603586917639,6029.090922342
22220,45506560,1.788008213043213,,,0.00022915511956119133,6031.733134626
22230,45527040,1.9682639837265015,,,0.00022909418637528844,6034.207081623999
22240,45547520,2.0631320476531982,,,0.000229033236327498,6036.8237904180005
22250,45568000,1.8628873825073242,,,0.0002289722694338548,6039.2518055
22260,45588480,1.6795316934585571,,,0.00022891128571039788,6041.700154542999
22270,45608960,1.6715917587280273,,,0.00022885028517317092,6044.354744253
22280,45629440,1.8227020502090454,,,0.00022878926783822184,6046.935662473999
22290,45649920,1.8749382495880127,,,0.0002287282337216032,6049.458480194
22300,45670400,1.997874140739441,1.8330090641975403,6.252673074270839,0.00022866718283937173,6054.041337065999
22310,45690880,1.83193039894104,,,0.0002286061152075887,6056.515590671999
22320,45711360,1.9849231243133545,,,0.00022854503084231986,6058.944161934
22330,45731840,2.018923759460449,,,0.00022848392975963522,6061.440691960001
22340,45752320,1.827314853668213,,,0.0002284228119756092,6063.950238527001
22350,45772800,1.9328925609588623,,,0.0002283616775063207,6066.373305384999
22360,45793280,1.8443533182144165,,,0.00022830052636785292,6068.929574010999
22370,45813760,1.834167718887329,,,0.0002282393585762936,6071.487655424
22380,45834240,1.855057716369629,,,0.00022817817414773464,6074.184253403
22390,45854720,1.6838090419769287,,,0.00022811697309827248,6076.7718113930005
22400,45875200,1.9679865837097168,1.8325331449508666,6.249698014811817,0.0002280557554440079,6081.467852882999
22410,45895680,1.9065786600112915,,,0.00022799452120104594,6084.122471512999
22420,45916160,1.8454548120498657,,,0.0002279332703854962,6086.685820975999
22430,45936640,1.879928708076477,,,0.0002278720030134725,6089.164698217999
22440,45957120,1.8267126083374023,,,0.00022781071910109307,6091.777096092001
22450,45977600,1.6014424562454224,,,0.00022774941866448033,6094.359762013
22460,45998080,1.7733783721923828,,,0.0002276881017197614,6096.943526071
22470,46018560,1.8224846124649048,,,0.00022762676828306738,6099.8439751040005
22480,46039040,1.657414197921753,,,0.00022756541837053393,6102.420812959001
22490,46059520,1.9261891841888428,,,0.00022750405199830097,6105.300983486999
22500,46080000,1.8816629648208618,1.830953347682953,6.239832553728783,0.00022744266918251274,6109.8760850359995
22510,46100480,1.9016155004501343,,,0.0002273812699393178,6114.849549565
22520,46120960,1.906158208847046,,,0.00022731985428486908,6117.4388505629995
22530,46141440,1.6689093112945557,,,0.00022725842223532378,6120.136963973
22540,46161920,1.8770583868026733,,,0.00022719697380684347,6122.782758211999
22550,46182400,1.6684659719467163,,,0.00022713550901559394,6125.3962010800005
22560,46202880,1.9826114177703857,,,0.0002270740278777454,6128.02040508
22570,46223360,1.8537929058074951,,,0.00022701253040947224,6130.668166699999
22580,46243840,1.8277044296264648,,,0.00022695101662695326,6133.24969271
22590,46264320,1.7591408491134644,,,0.0002268894865463714,6135.735381269
22600,46284800,2.0214014053344727,1.828294962644577,6.223266705183858,0.0002268279401839141,6140.447717235
22610,46305280,1.7034575939178467,,,0.0002267663775557729,6142.986049781999
22620,46325760,1.952984094619751,,,0.00022670479867814363,6145.527999435999
22630,46346240,1.6642502546310425,,,0.00022664320356722658,6147.977500347
22640,46366720,1.8530018329620361,,,0.00022658159223922612,6150.486446655999
22650,46387200,1.5522418022155762,,,0.00022651996471035091,6153.036704184
22660,46407680,1.8115251064300537,,,0.00022645832099681397,6155.816813341
22670,46428160,1.9299700260162354,,,0.00022639666111483252,6158.2692265450005
22680,46448640,2.1483051776885986,,,0.00022633498508062795,6160.71933785
22690,46469120,1.9328813552856445,,,0.00022627329291042606,6163.238930572999
22700,46489600,1.9409159421920776,1.8282588601112366,6.22304203354578,0.00022621158462045676,6167.812321772999
22710,46510080,1.6601189374923706,,,0.00022614986022695435,6170.427383443999
22720,46530560,1.8667504787445068,,,0.00022608811974615716,6172.919288044999
22730,46551040,1.5682344436645508,,,0.00022602636319430793,6175.633573654999
22740,46571520,1.560168981552124,,,0.00022596459058765354,6178.361178636
22750,46592000,1.789231777191162,,,0.00022590280194244514,6180.881121787999
22760,46612480,1.7997148036956787,,,0.00022584099727493802,6183.665075724
22770,46632960,1.7838460206985474,,,0.00022577917660139186,6186.307466525001
22780,46653440,1.6750593185424805,,,0.00022571733993807027,6188.885759608
22790,46673920,1.8071081638336182,,,0.00022565548730124136,6191.397304181
22800,46694400,1.6682953834533691,1.8244730174541473,6.199527115533994,0.00022559361870717724,6196.004612524999
22810,46714880,1.6937235593795776,,,0.00022553173417215434,6198.484878017
22820,46735360,1.6770669221878052,,,0.00022546983371245317,6201.059321475001
22830,46755840,1.7277783155441284,,,0.00022540791734435852,6203.742816557
22840,46776320,1.9237905740737915,,,0.0002253459850841594,6206.161716478
22850,46796800,1.857990026473999,,,0.00022528403694814885,6208.7008277780005
22860,46817280,2.0409178733825684,,,0.0002252220729526242,6211.2358948910005
22870,46837760,1.6639983654022217,,,0.00022516009311388695,6213.660491594001
22880,46858240,2.044390916824341,,,0.00022509809744824275,6216.1728631549995
22890,46878720,1.8750126361846924,,,0.00022503608597200135,6218.633490458
22900,46899200,1.8013808727264404,1.8238535523414612,6.195687914019239,0.0002249740587014768,6223.187611392001
22910,46919680,1.772083044052124,,,0.00022491201565298714,6225.676425538
22920,46940160,1.8820521831512451,,,0.0002248499568428547,6228.3825030610005
22930,46960640,1.631223201751709,,,0.0002247878822874059,6230.896144548
22940,46981120,2.1511168479919434,,,0.0002247257920029713,6233.341114082999
22950,47001600,1.9058904647827148,,,0.0002246636860058856,6235.772000293
22960,47022080,1.9953219890594482,,,0.00022460156431248758,6238.294954539
22970,47042560,1.7482386827468872,,,0.00022453942693912031,6240.8107207230005
22980,47063040,1.7787200212478638,,,0.0002244772739021308,6243.332156643999
22990,47083520,1.74814772605896,,,0.00022441510521787025,6245.938597457
23000,47104000,2.184828758239746,1.823022222518921,6.190539394240695,0.00022435292090269406,6250.647601967999
23010,47124480,1.9816166162490845,,,0.00022429072097296157,6256.337081166001
23020,47144960,2.0081024169921875,,,0.00022422850544503647,6258.9489546919995
23030,47165440,1.7485487461090088,,,0.00022416627433528627,6261.543425514999
23040,47185920,1.9172569513320923,,,0.00022410402766008276,6264.12603274
23050,47206400,1.8015658855438232,,,0.00022404176543580186,6266.760246321999
23060,47226880,1.7572922706604004,,,0.00022397948767882337,6269.214498025
23070,47247360,1.883235216140747,,,0.00022391719440553146,6271.901781216
23080,47267840,1.8853321075439453,,,0.00022385488563231415,6274.441289191
23090,47288320,1.9481019973754883,,,0.00022379256137556358,6277.04607149
23100,47308800,1.9684481620788574,1.819535058736801,6.168989565202694,0.00022373022165167607,6281.56455264
23110,47329280,1.842947244644165,,,0.00022366786647705199,6284.0159201139995
23120,47349760,2.3716440200805664,,,0.00022360549586809562,6286.571280054
23130,47370240,1.983433723449707,,,0.00022354310984121545,6289.200349377999
23140,47390720,1.6844874620437622,,,0.000223480708412824,6291.8765482399995
23150,47411200,1.7749749422073364,,,0.00022341829159933785,6294.552977292
23160,47431680,1.7066056728363037,,,0.00022335585941717754,6297.093925998999
23170,47452160,1.8990418910980225,,,0.00022329341188276775,6299.978789589999
23180,47472640,1.7576451301574707,,,0.0002232309490125372,6302.566563471
23190,47493120,1.7511260509490967,,,0.00022316847082291854,6305.169433511999
23200,47513600,1.7700634002685547,1.820088756084442,6.172406264183862,0.0002231059773303486,6309.266487413999
23210,47534080,1.9273669719696045,,,0.00022304346855126812,6312.048557995
23220,47554560,1.902344822883606,,,0.00022298094450212187,6314.595237451
23230,47575040,1.8923304080963135,,,0.0002229184051993587,6317.10651659
23240,47595520,1.9978289604187012,,,0.00022285585065943145,6319.714489562999
23250,47616000,2.033348560333252,,,0.00022279328089879692,6322.189084484
23260,47636480,2.2077155113220215,,,0.00022273069593391597,6324.791383047001
23270,47656960,1.718164086341858,,,0.00022266809578125343,6327.393895674
23280,47677440,1.8896863460540771,,,0.0002226054804572782,6330.02631039
23290,47697920,1.6549639701843262,,,0.00022254284997846302,6332.475620974999
23300,47718400,1.865447998046875,1.8205145359039308,6.175034909781249,0.00022248020436128478,6336.460546261
23310,47738880,1.9130916595458984,,,0.0002224175436222242,6338.9002627049995
23320,47759360,1.629270315170288,,,0.00022235486777776614,6341.307459346999
23330,47779840,2.194993495941162,,,0.00022229217684439928,6343.983393094
23340,47800320,1.7517361640930176,,,0.00022222947083861642,6346.401850422
23350,47820800,1.8386828899383545,,,0.00022216674977691418,6348.924147492
23360,47841280,1.8536409139633179,,,0.0002221040136757932,6351.608381028
23370,47861760,1.9775118827819824,,,0.00022204126255175808,6354.134531632
23380,47882240,1.843585729598999,,,0.0002219784964213175,6356.991164931
23390,47902720,1.6273378133773804,,,0.00022191571530098375,6359.770456372
23400,47923200,1.575676441192627,1.819391918182373,6.168106595811941,0.00022185291920727342,6364.381492205999
23410,47943680,1.989894151687622,,,0.0002217901081567069,6366.949279910999
23420,47964160,1.9192640781402588,,,0.0002217272821658085,6369.487817825
23430,47984640,1.9508466720581055,,,0.00022166444125110637,6372.00004409
23440,48005120,1.6900153160095215,,,0.0002216015854291328,6374.482491937
23450,48025600,1.9894132614135742,,,0.00022153871471642387,6377.017698244999
23460,48046080,1.8130249977111816,,,0.00022147582912951955,6379.693168960999
23470,48066560,1.8561656475067139,,,0.0002214129286849638,6382.218046974
23480,48087040,2.0291924476623535,,,0.00022135001339930444,6384.839629316999
23490,48107520,1.733078956604004,,,0.00022128708328909326,6387.350977122
23500,48128000,1.8851513862609863,1.8188308596611023,6.164646897683568,0.00022122413837088583,6391.966227555
23510,48148480,1.9107567071914673,,,0.00022116117866124177,6396.984755744999
23520,48168960,1.8195834159851074,,,0.00022109820417672447,6399.567708700999
23530,48189440,1.8783180713653564,,,0.00022103521493390123,6402.197802147999
23540,48209920,2.042259931564331,,,0.00022097221094934325,6404.6658746699995
23550,48230400,1.694919228553772,,,0.00022090919223962568,6407.296640397999
23560,48250880,2.1677470207214355,,,0.00022084615882132734,6409.792638724
23570,48271360,1.7497773170471191,,,0.00022078311071103117,6412.317889161999
23580,48291840,1.8802210092544556,,,0.0002207200479253238,6414.808625862001
23590,48312320,1.8504729270935059,,,0.0002206569704807958,6417.224302819999
23600,48332800,1.7860394716262817,1.817703503370285,6.157701060175244,0.00022059387839404152,6421.7632416510005
23610,48353280,2.0679187774658203,,,0.0002205307716816593,6424.259304738
23620,48373760,1.8440696001052856,,,0.00022046765036025118,6427.003672950999
23630,48394240,1.8534038066864014,,,0.00022040451444642315,6429.8558924379995
23640,48414720,1.8226045370101929,,,0.00022034136395678489,6432.28963598
23650,48435200,1.8004482984542847,,,0.0002202781989079502,6434.9201384650005
23660,48455680,1.7762305736541748,,,0.00022021501931653636,6437.4614022509995
23670,48476160,1.7546610832214355,,,0.00022015182519916478,6440.048828171
23680,48496640,1.8071868419647217,,,0.00022008861657246044,6442.7716578849995
23690,48517120,2.1002368927001953,,,0.00022002539345305236,6445.279254892001
23700,48537600,1.4822278022766113,1.810965073108673,6.116347307176832,0.00021996215585757316,6449.869677331
23710,48558080,1.7410978078842163,,,0.00021989890380265945,6452.422972585
23720,48578560,1.6907539367675781,,,0.00021983563730495155,6454.973459172001
23730,48599040,1.7932772636413574,,,0.0002197723563810936,6457.611942788999
23740,48619520,1.667457103729248,,,0.00021970906104773358,6460.195669219
23750,48640000,1.8863459825515747,,,0.00021964575132152312,6462.633695306
23760,48660480,1.683593988418579,,,0.00021958242721911782,6465.9094893149995
23770,48680960,1.733450174331665,,,0.00021951908875717687,6468.362264576001
23780,48701440,1.82145357131958,,,0.0002194557359523635,6470.8425247079995
23790,48721920,1.9430131912231445,,,0.00021939236882134443,6473.261613045999
23800,48742400,1.763957142829895,1.8176756083965302,6.1575292936615025,0.00021932898738079033,6477.139315565
23810,48762880,1.830365538597107,,,0.0002192655916473755,6479.836618425999
23820,48783360,1.6411858797073364,,,0.00021920218163777816,6482.317571128
23830,48803840,2.07318115234375,,,0.00021913875736868018,6484.8789695489995
23840,48824320,1.833017349243164,,,0.00021907531885676721,6487.358292540999
23850,48844800,2.2254157066345215,,,0.00021901186611872865,6489.931608560999
23860,48865280,1.7363334894180298,,,0.0002189483991712576,6492.448086709999
23870,48885760,1.795439600944519,,,0.00021888491803105095,6495.094299516999
23880,48906240,1.8348960876464844,,,0.00021882142271480935,6497.771278865001
23890,48926720,2.045247793197632,,,0.0002187579132392371,6500.437974379
23900,48947200,1.9623135328292847,1.8178055584430695,6.1583295168731755,0.00021869438962104223,6504.408156938
23910,48967680,1.9241875410079956,,,0.00021863085187693654,6506.878190302999
23920,48988160,1.9106436967849731,,,0.00021856730002363557,6509.385372618999
23930,49008640,2.180413246154785,,,0.00021850373407785855,6511.920783993999
23940,49029120,1.78975510597229,,,0.00021844015405632827,6514.623363821
23950,49049600,2.0344748497009277,,,0.0002183765599757715,6517.125020251
23960,49070080,1.7958524227142334,,,0.0002183129518529185,6519.564756946
23970,49090560,1.8560559749603271,,,0.00021824932970450329,6522.161904102999
23980,49111040,1.8703711032867432,,,0.00021818569354726348,6524.739979452999
23990,49131520,2.1772122383117676,,,0.0002181220433979406,6527.266653487999
24000,49152000,2.0244808197021484,1.8174820125102997,6.1563373367036105,0.00021805837927327964,6531.486327933
24010,49172480,1.5917671918869019,,,0.0002179947011900294,6536.558847136001
24020,49192960,1.9133988618850708,,,0.00021793100916494223,6539.477489933999
24030,49213440,1.9588649272918701,,,0.0002178673032147743,6541.909456699999
24040,49233920,1.8889002799987793,,,0.0002178035833562853,6544.440555400999
24050,49254400,1.8754700422286987,,,0.00021773984960623863,6546.912331567999
24060,49274880,1.9639838933944702,,,0.00021767610198140139,6549.4326957779995
24070,49295360,1.8059289455413818,,,0.00021761234049854432,6551.875893605
24080,49315840,1.9566800594329834,,,0.0002175485651744417,6554.351188987001
24090,49336320,1.8365750312805176,,,0.0002174847760258716,6556.904215666
24100,49356800,1.7452119588851929,1.8175248205661774,6.156600883177237,0.00021742097306961562,6560.803292924
24110,49377280,1.9866358041763306,,,0.00021735715632245907,6563.210371026
24120,49397760,1.88720703125,,,0.00021729332580119076,6565.6998420439995
24130,49418240,1.9201304912567139,,,0.0002172294815226033,6568.2492252560005
24140,49438720,1.6296775341033936,,,0.00021716562350349285,6570.713762271
24150,49459200,1.7078684568405151,,,0.00021710175176065907,6573.158134613999
24160,49479680,1.8509693145751953,,,0.00021703786631090542,6575.652981039
24170,49500160,1.9985175132751465,,,0.0002169739671710388,6578.2509847050005
24180,49520640,2.0398292541503906,,,0.00021691005435786983,6580.720041029001
24190,49541120,1.813043475151062,,,0.0002168461278882127,6583.169183792999
24200,49561600,1.9585423469543457,1.8122933328151702,6.124476802701346,0.00021678218777888513,6587.075876784
24210,49582080,1.6962424516677856,,,0.0002167182340467085,6589.822523872001
24220,49602560,2.0018322467803955,,,0.0002166542667085077,6592.309190857999
24230,49623040,1.906941294670105,,,0.0002165902857811113,6594.770075412
24240,49643520,1.6856105327606201,,,0.0002165262912813514,6597.340287196001
24250,49664000,1.9162360429763794,,,0.0002164622832260636,6599.855385466
24260,49684480,2.1087427139282227,,,0.00021639826163208717,6602.371831204
24270,49704960,1.8537864685058594,,,0.00021633422651626488,6604.788685485999
24280,49725440,1.8299717903137207,,,0.00021627017789544313,6607.456162844001
24290,49745920,1.9669206142425537,,,0.00021620611578647173,6609.969402797
24300,49766400,1.884833812713623,1.8093459069728852,6.106451938027537,0.00021614204020620426,6614.705533842
24310,49786880,1.7380046844482422,,,0.00021607795117149753,6617.200661093
24320,49807360,1.8159093856811523,,,0.00021601384869921223,6619.795651164
24330,49827840,1.5414738655090332,,,0.00021594973280621236,6622.377137588001
24340,49848320,2.1021814346313477,,,0.00021588560350936558,6625.002835341
24350,49868800,1.7386915683746338,,,0.0002158214608255429,6627.534952788999
24360,49889280,1.6633265018463135,,,0.00021575730477161904,6630.048644050999
24370,49909760,1.8835954666137695,,,0.00021569313536447216,6632.460886307001
24380,49930240,1.8090900182724,,,0.00021562895262098393,6634.960684152
24390,49950720,1.9072463512420654,,,0.00021556475655803956,6637.507378467999
24400,49971200,1.7475167512893677,1.8084299683570861,6.100861363594329,0.0002155005471925277,6642.433441986999
24410,49991680,1.7494548559188843,,,0.00021543632454134055,6644.930677659
24420,50012160,1.8899407386779785,,,0.00021537208862137377,6647.468583627
24430,50032640,1.8531923294067383,,,0.0002153078394495266,6650.109231315
24440,50053120,1.8428192138671875,,,0.00021524357704270165,6652.649132322
24450,50073600,1.6810232400894165,,,0.00021517930141780507,6655.207490162
24460,50094080,1.8543510437011719,,,0.00021511501259174654,6657.952748636
24470,50114560,1.7255854606628418,,,0.00021505071058143904,6660.610491698
24480,50135040,1.8485369682312012,,,0.00021498639540379924,6663.209322372999
24490,50155520,1.869396686553955,,,0.00021492206707574707,6665.633117244999
24500,50176000,1.7130615711212158,1.803972464799881,6.073727272446019,0.00021485772561420608,6670.068724086999
24510,50196480,1.5221738815307617,,,0.0002147933710361032,6675.0225750360005
24520,50216960,1.8355307579040527,,,0.0002147290033583688,6677.539259683001
24530,50237440,1.7256842851638794,,,0.00021466462259793676,6680.2974519790005
24540,50257920,1.7124803066253662,,,0.00021460022877174432,6682.914993918001
24550,50278400,1.7348852157592773,,,0.00021453582189673222,6685.468301044999
24560,50298880,1.8720734119415283,,,0.00021447140198984458,6688.055066687
24570,50319360,1.891507863998413,,,0.000214406969068029,6690.559948755001
24580,50339840,1.8120304346084595,,,0.0002143425231482365,6693.1120341959995
24590,50360320,1.882523536682129,,,0.00021427806424742147,6695.827972194
24600,50380800,2.103844165802002,1.8000117242336273,6.049718392308969,0.00021421359238254175,6700.472831159001
24610,50401280,1.6395153999328613,,,0.00021414910757055857,6703.182638794
24620,50421760,1.6515004634857178,,,0.00021408460982843663,6705.736888060999
24630,50442240,1.7755827903747559,,,0.000214020099173144,6708.260315326001
24640,50462720,2.2234158515930176,,,0.00021395557562165206,6710.7552737000005
24650,50483200,1.975898265838623,,,0.0002138910391909357,6713.238343638999
24660,50503680,1.6425533294677734,,,0.00021382648989797315,6715.750062177
24670,50524160,1.966892123222351,,,0.00021376192775974598,6718.336166671999
24680,50544640,1.9175047874450684,,,0.00021369735279323928,6720.759099875
24690,50565120,1.983757734298706,,,0.0002136327650154413,6723.3250920890005
24700,50585600,1.7549386024475098,1.7988963961601256,6.042974732944619,0.00021356816444334392,6727.977692626
24710,50606080,1.8508033752441406,,,0.00021350355109394213,6730.38623658
24720,50626560,1.7924840450286865,,,0.00021343892498423448,6732.921975331999
24730,50647040,1.885115623474121,,,0.0002133742861312227,6735.479145354
24740,50667520,1.859421730041504,,,0.0002133096345519121,6738.006937226999
24750,50688000,1.6158053874969482,,,0.0002132449702633111,6740.559161263
24760,50708480,1.8717224597930908,,,0.00021318029328243159,6743.341145402001
24770,50728960,1.7645890712738037,,,0.0002131156036262888,6745.956632762
24780,50749440,1.833333969116211,,,0.0002130509013119013,6748.545298417999
24790,50769920,1.6045033931732178,,,0.0002129861863562909,6751.009854435
24800,50790400,1.9123917818069458,1.8026230037212372,6.065536541668726,0.00021292145877648282,6755.135495569999
24810,50810880,1.9556818008422852,,,0.00021285671858950567,6757.615908145999
24820,50831360,1.9310691356658936,,,0.00021279196581239113,6760.350289017
24830,50851840,1.9455397129058838,,,0.00021272720046217446,6763.011505871
24840,50872320,1.7447383403778076,,,0.00021266242255589405,6765.598210226
24850,50892800,1.8273509740829468,,,0.00021259763211059176,6768.1440853389995
24860,50913280,1.8759199380874634,,,0.00021253282914331252,6770.641220886
24870,50933760,1.8799147605895996,,,0.0002124680136711048,6773.251452315
24880,50954240,1.6549538373947144,,,0.0002124031857110202,6775.774964926999
24890,50974720,1.585817813873291,,,0.0002123383452801136,6778.265006181
24900,50995200,1.8353791236877441,1.803815883398056,6.0727763141685305,0.00021227349239544323,6782.181607875
24910,51015680,1.6575813293457031,,,0.00021220862707407065,6784.578962498001
24920,51036160,1.9394314289093018,,,0.00021214374933306053,6787.055859938
24930,51056640,1.8327491283416748,,,0.00021207885918948094,6789.560220809
24940,51077120,1.99070143699646,,,0.00021201395666040315,6792.037923073
24950,51097600,1.527682900428772,,,0.00021194904176290177,6794.4939758420005
24960,51118080,1.7613379955291748,,,0.00021188411451405443,6796.99986091
24970,51138560,1.589859962463379,,,0.00021181917493094237,6799.945361038001
24980,51159040,1.7977485656738281,,,0.0002117542230306498,6802.379474283
24990,51179520,1.9654563665390015,,,0.00021168925883026428,6804.934626803
25000,51200000,1.8055862188339233,1.80349200963974,6.070809819745407,0.0002116242823468765,6809.196474946
25010,51220480,1.7200148105621338,,,0.00021155929359758054,6814.403577876999
25020,51240960,1.8592913150787354,,,0.00021149429259947368,6816.85928911
25030,51261440,1.782517433166504,,,0.0002114292793696562,6819.521061493
25040,51281920,1.6904864311218262,,,0.00021136425392523196,6822.128792082
25050,51302400,1.8292484283447266,,,0.00021129921628330772,6824.890232292
25060,51322880,1.7496979236602783,,,0.00021123416646099362,6827.329354490999
25070,51343360,1.8262004852294922,,,0.00021116910447540292,6829.944256789
25080,51363840,2.256272792816162,,,0.00021110403034365217,6832.560235016999
25090,51384320,1.9385051727294922,,,0.00021103894408286105,6835.019959650999
25100,51404800,1.8775138854980469,1.7985582292079925,6.040931544086306,0.00021097384571015237,6839.674721259
25110,51425280,1.8822970390319824,,,0.0002109087352426523,6842.289735058999
25120,51445760,1.823777675628662,,,0.00021084361269749002,6844.8287445450005
25130,51466240,2.0157675743103027,,,0.00021077847809179793,6847.556380214999
25140,51486720,2.060681104660034,,,0.00021071333144271178,6850.212483486999
25150,51507200,1.6917885541915894,,,0.0002106481727673702,6852.732160677
25160,51527680,1.9437410831451416,,,0.0002105830020829152,6855.3081543690005
25170,51548160,1.9904913902282715,,,0.00021051781940649173,6857.9158540789995
25180,51568640,1.7743326425552368,,,0.00021045262475524826,6860.464025240999
25190,51589120,2.122695207595825,,,0.000210387418146336,6863.023621688
25200,51609600,2.110194444656372,1.7983000695705413,6.039372220674862,0.00021032219959690962,6867.57776742
25210,51630080,1.78438138961792,,,0.00021025696912412668,6870.165757035
25220,51650560,1.984236240386963,,,0.00021019172674514812,6872.807950675
25230,51671040,1.7919673919677734,,,0.00021012647247713786,6875.483339365001
25240,51691520,1.9422123432159424,,,0.00021006120633726292,6878.023741272
25250,51712000,1.65208899974823,,,0.0002099959283426936,6880.626597114
25260,51732480,1.9616832733154297,,,0.00020993063851060316,6883.402773836
25270,51752960,1.8999617099761963,,,0.00020986533685816804,6886.197046845
25280,51773440,1.832718014717102,,,0.0002098000234025678,6888.83848119
25290,51793920,1.913459062576294,,,0.00020973469816098515,6891.642469905999
25300,51814400,1.967972993850708,1.7961842894554139,6.0266077451959115,0.0002096693611506057,6896.232182197
25310,51834880,1.7910470962524414,,,0.00020960401238861846,6898.901961014
25320,51855360,1.7380104064941406,,,0.00020953865189221526,6901.402027300999
25330,51875840,1.9880019426345825,,,0.0002094732796785912,6903.882923892999
25340,51896320,1.9285645484924316,,,0.0002094078957649443,6906.316842385
25350,51916800,1.9032031297683716,,,0.00020934250016847584,6908.810458980999
25360,51937280,1.8992209434509277,,,0.00020927709290639006,6911.582039171
25370,51957760,1.766174077987671,,,0.00020921167399589425,6914.392425972001
25380,51978240,1.711748480796814,,,0.00020914624345419886,6917.137026565
25390,51998720,1.7332727909088135,,,0.00020908080129851734,6919.628414216
25400,52019200,2.0058846473693848,1.8004045963287354,6.052095624792145,0.00020901534754606612,6923.567546146
25410,52039680,1.7723256349563599,,,0.00020894988221406487,6926.372146771
25420,52060160,1.625473141670227,,,0.00020888440531973614,6928.9035269979995
25430,52080640,2.0268452167510986,,,0.0002088189168803056,6931.4028269539995
25440,52101120,1.7846145629882812,,,0.00020875341691300187,6933.848421088
25450,52121600,1.9612230062484741,,,0.00020868790543505675,6936.4331028100005
25460,52142080,1.8768318891525269,,,0.00020862238246370504,6939.089944478999
25470,52162560,1.714965581893921,,,0.00020855684801618436,6941.929215709
25480,52183040,1.791365623474121,,,0.00020849130210973566,6944.369186731999
25490,52203520,1.664808750152588,,,0.0002084257447616026,6946.999819606999
25500,52224000,1.8140051364898682,1.7938578426837921,6.012603459492248,0.00020836017598903212,6951.719105324
25510,52244480,1.832451581954956,,,0.00020829459580927392,6956.406555653999
25520,52264960,1.8096892833709717,,,0.00020822900423958095,6959.001103278
25530,52285440,1.7600812911987305,,,0.00020816340129720893,6961.999072815999
25540,52305920,1.9935122728347778,,,0.0002080977869994167,6964.466354288001
25550,52326400,2.0200910568237305,,,0.00020803216136346608,6966.958736175
25560,52346880,1.662139892578125,,,0.00020796652440662183,6969.918151709
25570,52367360,1.676162838935852,,,0.00020790087614615173,6972.6535686259995
25580,52387840,1.703279972076416,,,0.00020783521659932647,6975.362570026
25590,52408320,1.663472056388855,,,0.0002077695457834198,6977.802403898
25600,52428800,1.8826074600219727,1.7940692126750946,6.013874477756014,0.00020770386371570838,6981.666060447
25610,52449280,1.9651082754135132,,,0.00020763817041347178,6984.2726581120005
25620,52469760,1.8456238508224487,,,0.00020757246589399268,6986.729128491999
25630,52490240,1.789184331893921,,,0.00020750675017455655,6989.1641728039995
25640,52510720,1.7653906345367432,,,0.00020744102327245183,6991.786516437
25650,52531200,1.9486945867538452,,,0.00020737528520497006,6994.331073502999
25660,52551680,1.9295191764831543,,,0.00020730953598940548,6996.971962653999
25670,52572160,1.7061183452606201,,,0.00020724377564305547,6999.79737183
25680,52592640,1.843072772026062,,,0.00020717800418322018,7002.287805468999
25690,52613120,1.7349789142608643,,,0.00020711222162720283,7004.70089328
25700,52633600,1.6792311668395996,1.795488214492798,6.022414234103333,0.0002070464279923094,7008.779271676
25710,52654080,1.7977783679962158,,,0.000206980623295849,7011.393127187999
25720,52674560,1.6628681421279907,,,0.00020691480755513332,7013.8340991860005
25730,52695040,1.8676739931106567,,,0.00020684898078747734,7016.373116626999
25740,52715520,2.1467883586883545,,,0.00020678314301019862,7019.014352218999
25750,52736000,1.897705316543579,,,0.00020671729424061788,7021.5508735290005
25760,52756480,1.7263085842132568,,,0.0002066514344960585,7024.025778838999
25770,52776960,1.6945744752883911,,,0.00020658556379384688,7026.474535813999
25780,52797440,2.239762783050537,,,0.00020651968215131225,7029.048356207
25790,52817920,1.8844261169433594,,,0.0002064537895857868,7031.544442353001
25800,52838400,1.9681611061096191,1.7946588277816773,6.017421394552298,0.0002063878861146055,7035.632731639
25810,52858880,1.9526035785675049,,,0.00020632197175510624,7038.089735079
25820,52879360,1.7569754123687744,,,0.0002062560465246297,7040.686629206999
25830,52899840,1.6681630611419678,,,0.00020619011044051955,7043.316825964999
25840,52920320,1.5985583066940308,,,0.00020612416352012224,7045.797208103
25850,52940800,1.87089204788208,,,0.00020605820578078698,7048.253378727999
25860,52961280,1.5697916746139526,,,0.00020599223723986605,7050.728729425
25870,52981760,1.8403910398483276,,,0.00020592625791471435,7053.555492808
25880,53002240,1.6908257007598877,,,0.00020586026782268976,7056.220283495
25890,53022720,1.7233108282089233,,,0.00020579426698115295,7058.646647411
25900,53043200,1.9838329553604126,1.7921998143196105,6.002642652346126,0.00020572825540746738,7063.486718410999
25910,53063680,1.835282802581787,,,0.0002056622331189993,7066.704783879999
25920,53084160,1.6683411598205566,,,0.000205596200133118,7069.193955684999
25930,53104640,1.7663445472717285,,,0.0002055301564671953,7071.904917516
25940,53125120,1.8173803091049194,,,0.00020546410213860601,7074.758327236001
25950,53145600,1.9258754253387451,,,0.00020539803716472765,7077.393370127
25960,53166080,1.7974395751953125,,,0.00020533196156294063,7079.970293036
25970,53186560,1.822650671005249,,,0.00020526587535062808,7082.4272506649995
25980,53207040,1.889630675315857,,,0.00020519977854517593,7084.915827372999
25990,53227520,1.9216229915618896,,,0.00020513367116397298,7087.6151342289995
26000,53248000,1.8991312980651855,1.7934227168560029,6.009987789548813,0.00020506755322441072,7091.788934643
26010,53268480,1.7883718013763428,,,0.00020500142474388341,7097.1267399339995
26020,53288960,1.9527350664138794,,,0.00020493528573978814,7099.856123023001
26030,53309440,1.7877835035324097,,,0.00020486913622952472,7102.548213921
26040,53329920,1.934601068496704,,,0.00020480297623049588,7105.076411257
26050,53350400,1.7545742988586426,,,0.0002047368057601068,7107.693468608
26060,53370880,1.4788846969604492,,,0.0002046706248357657,7110.11968795
26070,53391360,1.8311731815338135,,,0.00020460443347488348,7112.696406941999
26080,53411840,1.6130707263946533,,,0.00020453823169487367,7115.188731139
26090,53432320,1.9164843559265137,,,0.00020447201951315263,7117.711881472
26100,53452800,1.7600659132003784,1.788798201084137,5.982258672515083,0.00020440579694713947,7122.385686551999
26110,53473280,1.8178919553756714,,,0.00020433956401425603,7124.83874397
26120,53493760,2.130490779876709,,,0.00020427332073192684,7127.3044663830005
26130,53514240,1.9209380149841309,,,0.00020420706711757919,7129.77170607
26140,53534720,1.8001554012298584,,,0.00020414080318864304,7132.381738652999
26150,53555200,1.753243327140808,,,0.00020407452896255109,7134.953581439
26160,53575680,1.9711958169937134,,,0.00020400824445673878,7137.353629105
26170,53596160,1.542965292930603,,,0.00020394194968864423,7139.900409659
26180,53616640,1.7805371284484863,,,0.00020387564467570823,7142.516939421999
26190,53637120,1.4832608699798584,,,0.0002038093294353743,7145.109267525
26200,53657600,1.674410104751587,1.7885925710201263,5.981028666748741,0.00020374300398508864,7149.679344168
26210,53678080,1.6223928928375244,,,0.0002036766683423002,7152.322062920999
26220,53698560,1.6392802000045776,,,0.0002036103225244604,7154.775572248
26230,53719040,1.8636865615844727,,,0.00020354396654902364,7157.186213248
26237,53733376,1.9534196853637695,,,0.0002034975113317957,7158.993813187
26240,53739520,1.914698600769043,,,0.00020347760043344673,7161.4107684400005
26250,53760000,1.9594981670379639,,,0.00020341122419518937,7163.899511899001
26260,53780480,1.887986660003662,,,0.00020334483785171368,7166.220050059001
26270,53800960,1.6349083185195923,,,0.00020327844142048468,7168.976790726001
26280,53821440,1.6922824382781982,,,0.00020321203491896985,7171.533384155001
26290,53841920,1.7943217754364014,,,0.00020314561836463942,7174.075510958
26300,53862400,1.6569428443908691,1.7874124765396118,5.973974650852556,0.0002030791917749663,7178.768907142001
26310,53882880,1.8167378902435303,,,0.0002030127551674259,7181.702790117
26320,53903360,1.6758390665054321,,,0.0002029463085594964,7184.091106226001
26330,53923840,1.8604114055633545,,,0.0002028798519686586,7186.343618106001
26340,53944320,1.8740369081497192,,,0.00020281338541239586,7188.790355070001
26350,53964800,2.093268871307373,,,0.0002027469089081941,7191.276788962001
26360,53985280,1.8457510471343994,,,0.00020268042247354208,7193.799177392001
26370,54005760,1.7399158477783203,,,0.00020261392612593097,7196.108832023001
26380,54026240,1.815678596496582,,,0.00020254741988285467,7198.6869588340005
26390,54046720,1.6397664546966553,,,0.00020248090376180953,7201.1791050110005
26400,54067200,1.8460197448730469,1.7864669620990754,5.9683288410707265,0.0002024143777802947,7206.014048501001
26410,54087680,1.7099837064743042,,,0.00020234784195581178,7208.660969379001
26420,54108160,1.7151434421539307,,,0.00020228129630586503,7210.939074160001
26430,54128640,1.5546441078186035,,,0.00020221474084796117,7213.163695000001
26440,54149120,1.9108198881149292,,,0.00020214817559960978,7215.739031531
26450,54169600,1.811434030532837,,,0.00020208160057832265,7218.319662597
26460,54190080,1.5680928230285645,,,0.00020201501580161446,7220.713056962001
26470,54210560,1.7534215450286865,,,0.00020194842128700224,7223.152676169001
26480,54231040,1.8440791368484497,,,0.0002018818170520057,7225.712063906001
26490,54251520,1.7579913139343262,,,0.00020181520311414702,7228.587890889001
26500,54272000,1.7739168405532837,1.780208271741867,5.931091568735439,0.00020174857949095107,7233.081239111001
26510,54292480,1.7271485328674316,,,0.0002016819461999451,7238.212290041
26520,54312960,1.6929821968078613,,,0.0002016153032586591,7241.135939109001
26530,54333440,1.4828938245773315,,,0.0002015486506846253,7243.592273902001
26540,54353920,1.6601216793060303,,,0.0002014819884953788,7245.974890574001
26550,54374400,1.889897346496582,,,0.00020141531670845708,7248.677961779001
26560,54394880,1.898764967918396,,,0.0002013486353414,7251.335162546001
26570,54415360,1.7712581157684326,,,0.00020128194441175026,7254.141148935001
26580,54435840,1.7942496538162231,,,0.00020121524393705274,7256.867787849001
26590,54456320,1.7459344863891602,,,0.00020114853393485516,7259.474556044001
26600,54476800,1.6554487943649292,1.7850577771663665,5.959924285172023,0.00020108181442270734,7263.453160786001
26610,54497280,1.851850986480713,,,0.0002010150854181621,7265.861984368001
26620,54517760,1.8211082220077515,,,0.00020094834693877431,7268.311700657001
26630,54538240,1.6564035415649414,,,0.00020088159900210156,7271.0959738540005
26640,54558720,1.7334791421890259,,,0.00020081484162570392,7273.435383505001
26650,54579200,1.8682324886322021,,,0.00020074807482714393,7275.849134720001
26660,54599680,2.011676788330078,,,0.0002006812986239865,7278.226118601001
26670,54620160,1.9297640323638916,,,0.00020061451303379923,7280.664696587
26680,54640640,1.9564012289047241,,,0.0002005477180741519,7283.376657266001
26690,54661120,1.8760464191436768,,,0.00020048091376261706,7285.8327150860005
26700,54681600,1.9345965385437012,1.7808157980442048,5.934695957634688,0.00020041410011676947,7289.934436861001
26710,54702080,1.728617787361145,,,0.00020034727715418656,7292.517356566001
26720,54722560,2.0088956356048584,,,0.000200280444892448,7295.051094920001
26730,54743040,1.9178581237792969,,,0.00020021360334913606,7297.3970837120005
26740,54763520,1.766403079032898,,,0.0002001467525418354,7299.903283282001
26750,54784000,1.6987384557724,,,0.00020007989248813313,7302.259578945001
26760,54804480,1.7438371181488037,,,0.00020001302320561874,7304.6214259260005
26770,54824960,2.193833351135254,,,0.00019994614471188419,7307.111434580001
26780,54845440,1.6776635646820068,,,0.00019987925702452395,7309.553709144001
26790,54865920,1.8767023086547852,,,0.00019981236016113475,7311.9752099980005
26800,54886400,1.6675989627838135,1.7860083341598512,5.965592226305697,0.00019974545413931579,7315.5454617020005
26810,54906880,1.6987485885620117,,,0.00019967853897666872,7318.125642041001
26820,54927360,1.6424566507339478,,,0.0001996116146907976,7320.893651236001
26830,54947840,1.682509183883667,,,0.00019954468129930878,7323.2577691550005
26840,54968320,1.6972360610961914,,,0.00019947773881981117,7325.754931100001
26850,54988800,1.6961281299591064,,,0.00019941078726991594,7328.192969007001
26860,55009280,1.7507696151733398,,,0.00019934382666723674,7330.622024257001
26870,55029760,1.780583381652832,,,0.00019927685702938945,7333.050956091
26880,55050240,1.6901365518569946,,,0.00019920987837399257,7335.325760336001
26890,55070720,1.7447116374969482,,,0.0001991428907186667,7337.760445166001
26900,55091200,1.8524196147918701,1.7798920333385468,5.929216226351065,0.000199075894081035,7342.490579202001
26910,55111680,1.8559668064117432,,,0.00019900888847872294,7344.9183036780005
26920,55132160,1.8455408811569214,,,0.00019894187392935838,7347.290525849001
26930,55152640,1.923450231552124,,,0.00019887485045057144,7349.659019703001
26940,55173120,1.9259837865829468,,,0.00019880781805999465,7351.954154704001
26950,55193600,2.1398658752441406,,,0.00019874077677526286,7354.588003082001
26960,55214080,1.7391198873519897,,,0.00019867372661401333,7357.345312505001
26970,55234560,1.7753276824951172,,,0.00019860666759388554,7360.036822055001
26980,55255040,1.9860610961914062,,,0.00019853959973252148,7362.287135574001
26990,55275520,1.8757063150405884,,,0.0001984725230475653,7364.564254447001
27000,55296000,2.1592769622802734,1.779866749048233,5.9290663122219085,0.0001984054375566634,7369.304589108001
27010,55316480,2.010181427001953,,,0.0001983383432774648,7373.739156426001
27020,55336960,1.7750471830368042,,,0.00019827124022762054,7375.9992395340005
27030,55357440,1.7261483669281006,,,0.00019820412842478416,7378.148263882001
27040,55377920,1.9515750408172607,,,0.0001981370078866113,7380.510776701001
27050,55398400,2.0311455726623535,,,0.00019806987863076015,7382.848828231001
27060,55418880,2.1072094440460205,,,0.00019800274067489096,7385.158761949001
27070,55439360,1.8165509700775146,,,0.00019793559403666648,7387.745443467001
27080,55459840,2.0002188682556152,,,0.00019786843873375153,7390.178534982001
27090,55480320,1.8853360414505005,,,0.0001978012747838134,7392.5634239500005
27100,55500800,1.7975184917449951,1.7784022092819214,5.92038931428575,0.00019773410220452146,7397.342972673001
27110,55521280,1.6679816246032715,,,0.00019766692101354761,7399.527571153001
27120,55541760,1.751118540763855,,,0.00019759973122856572,7401.694935364001
27130,55562240,1.7664010524749756,,,0.00019753253286725221,7404.0488575340005
27140,55582720,1.6912543773651123,,,0.00019746532594728546,7406.374404836
27150,55603200,1.5776467323303223,,,0.0001973981104863464,7408.559376328001
27160,55623680,1.7602474689483643,,,0.00019733088650211795,7410.717184793
27170,55644160,1.9451276063919067,,,0.00019726365401228545,7413.334972931001
27180,55664640,1.8241002559661865,,,0.00019719641303453638,7415.661877781001
27190,55685120,1.7571885585784912,,,0.00019712916358656047,7418.009930383001
27200,55705600,1.6529371738433838,1.777607297897339,5.9156849994231,0.0001970619056860498,7422.381617930001
27210,55726080,1.7621569633483887,,,0.00019699463935069837,7424.610644877001
27220,55746560,1.8149981498718262,,,0.00019692736459820282,7426.7931042380005
27230,55767040,1.7224791049957275,,,0.0001968600814462616,7429.056520764001
27240,55787520,1.857949137687683,,,0.00019679278991257567,7431.356070653001
27250,55808000,1.7358343601226807,,,0.00019672549001484798,7433.673121868001
27260,55828480,1.8494813442230225,,,0.0001966581817707839,7435.894637123001
27270,55848960,1.5777913331985474,,,0.0001965908651980907,7438.1653603370005
27280,55869440,1.5717265605926514,,,0.0001965235403144782,7440.491508011
27290,55889920,1.6279113292694092,,,0.00019645620713765806,7443.079608777
27300,55910400,1.5686688423156738,1.7792474627494812,5.925395659400172,0.0001963888656853444,7447.072417637
27310,55930880,1.769352674484253,,,0.00019632151597525328,7449.383208519001
27320,55951360,1.8449739217758179,,,0.00019625415802510316,7451.803225102001
27330,55971840,1.8788942098617554,,,0.00019618679185261448,7454.070600717001
27340,55992320,1.7473740577697754,,,0.00019611941747550997,7456.511736808001
27350,56012800,1.7158808708190918,,,0.00019605203491151443,7458.856816330001
27360,56033280,1.7815916538238525,,,0.00019598464417835493,7461.262079276001
27370,56053760,1.7704511880874634,,,0.00019591724529376055,7463.595006267001
27380,56074240,1.9087867736816406,,,0.00019584983827546256,7465.803849854001
27390,56094720,2.274082660675049,,,0.0001957824231411944,7468.121456421
27400,56115200,2.0853915214538574,1.7790889263153076,5.924456342761185,0.00019571499990869164,7471.958419275001
27410,56135680,1.9710298776626587,,,0.000195647568595692,7474.250351957001
27420,56156160,1.6930792331695557,,,0.00019558012921993528,7476.515924995001
27430,56176640,1.726801872253418,,,0.0001955126817991634,7478.804558424001
27440,56197120,1.615600824356079,,,0.00019544522635112042,7481.015046922001
27450,56217600,1.7413791418075562,,,0.00019537776289355255,7483.225125434001
27460,56238080,1.619337797164917,,,0.000195310291444208,7485.493903980001
27470,56258560,1.831772804260254,,,0.00019524281202083725,7487.712910199001
27480,56279040,1.8505680561065674,,,0.0001951753246411926,7490.035223206
27490,56299520,1.8493683338165283,,,0.00019510782932302884,7492.326142999001
27500,56320000,1.883533000946045,1.7787553906440734,5.922480654737736,0.0001950403260841024,7495.820249383001
27510,56340480,1.6262580156326294,,,0.0001949728149421722,7500.948499110001
27520,56360960,2.028567314147949,,,0.00019490529591499896,7503.1914772360005
27530,56381440,1.624598741531372,,,0.00019483776902034565,7505.538785297001
27540,56401920,1.687756896018982,,,0.00019477023427597712,7507.734408573001
27550,56422400,1.783604383468628,,,0.00019470269169966051,7509.982144396001
27560,56442880,1.8413817882537842,,,0.00019463514130916486,7512.243910681001
27570,56463360,1.6520285606384277,,,0.00019456758312226134,7514.476552876001
27580,56483840,1.6539645195007324,,,0.00019450001715672308,7516.882245872001
27590,56504320,1.8417301177978516,,,0.0001944324434303254,7519.237574632001
27600,56524800,1.7786967754364014,1.776326096057892,5.908110666081247,0.00019436486196084554,7523.633471430001
27610,56545280,1.7406222820281982,,,0.00019429727276606287,7525.807585280001
27620,56565760,1.766761302947998,,,0.00019422967586375865,7527.966688073001
27630,56586240,1.8609356880187988,,,0.00019416207127171637,7530.306826777
27640,56606720,1.6937952041625977,,,0.0001940944590077214,7532.547888057001
27650,56627200,1.7384151220321655,,,0.00019402683908956107,7534.766389327001
27660,56647680,2.1261062622070312,,,0.000193959211535025,7537.0087907160005
27670,56668160,1.9123234748840332,,,0.00019389157636190446,7539.215246736001
27680,56688640,1.8871285915374756,,,0.000193823933587993,7541.4756409970005
27690,56709120,1.6493935585021973,,,0.000193756283231086,7543.745000371001
27700,56729600,1.9180186986923218,1.7743817865848541,5.896634630642913,0.00019368862530898102,7548.151819359001
27710,56750080,1.736119270324707,,,0.00019362095983947738,7550.584434216001
27720,56770560,1.8029100894927979,,,0.0001935532868403765,7552.977021348001
27730,56791040,2.2173047065734863,,,0.00019348560632948187,7555.231668898001
27740,56811520,1.922123908996582,,,0.0001934179183245988,7557.690056365001
27750,56832000,1.6984736919403076,,,0.00019335022284353462,7560.288352287001
27760,56852480,1.8144466876983643,,,0.00019328251990409875,7562.548429003001
27770,56872960,1.9092555046081543,,,0.00019321480952410236,7564.768352821001
27780,56893440,1.7705215215682983,,,0.00019314709172135874,7567.182588616
27790,56913920,1.8357582092285156,,,0.000193079366513683,7569.412458574001
27800,56934400,1.8159379959106445,1.7722734749317168,5.884215783137417,0.00019301163391889243,7573.931122489001
27810,56954880,1.7219284772872925,,,0.00019294389395480599,7576.391482821001
27820,56975360,2.0043745040893555,,,0.0001928761466392447,7578.660402697001
27830,56995840,2.1143009662628174,,,0.00019280839199003154,7580.884090956
27840,57016320,1.4972174167633057,,,0.00019274063002499138,7583.073856868001
27850,57036800,1.7723469734191895,,,0.00019267286076195107,7585.487333788001
27860,57057280,1.8823972940444946,,,0.00019260508421873929,7587.900046922001
27870,57077760,1.7769770622253418,,,0.0001925373004131867,7590.168576376001
27880,57098240,1.9253976345062256,,,0.0001924695093631258,7592.427866604001
27890,57118720,1.724626064300537,,,0.00019240171108639113,7594.811625687001
27900,57139200,1.8663256168365479,1.7716593503952027,5.880603251232629,0.00019233390560081901,7599.125483580001
27910,57159680,1.9705257415771484,,,0.0001922660929242477,7601.306992535001
27920,57180160,1.6761298179626465,,,0.00019219827307451732,7603.508907737001
27930,57200640,1.8314144611358643,,,0.00019213044606946995,7605.857635129001
27940,57221120,1.6333234310150146,,,0.0001920626119269495,7608.394199919001
27950,57241600,1.7637524604797363,,,0.00019199477066480171,7610.810135385001
27960,57262080,1.723841667175293,,,0.00019192692230087432,7613.021982332
27970,57282560,1.8497697114944458,,,0.00019185906685301684,7615.599446126001
27980,57303040,1.9046761989593506,,,0.00019179120433908064,7617.946652751001
27990,57323520,1.8826377391815186,,,0.00019172333477691898,7620.373237912001
28000,57344000,1.5170300006866455,1.7668653070926665,5.852478853256945,0.00019165545818438702,7624.8861561740005
28010,57364480,1.8753743171691895,,,0.00019158757457934174,7630.126752862001
28020,57384960,1.9271161556243896,,,0.00019151968397964183,7632.603299605001
28030,57405440,1.7343025207519531,,,0.00019145178640314807,7634.902338513
28040,57425920,1.6034743785858154,,,0.00019138388186772283,7637.068372684001
28050,57446400,1.8983920812606812,,,0.00019131597039123054,7639.344393292001
28060,57466880,1.8166954517364502,,,0.0001912480519915372,7641.786029361001
28070,57487360,1.8371903896331787,,,0.0001911801266865109,7644.195022751001
28080,57507840,1.8018966913223267,,,0.00019111219449402138,7646.353755591001
28090,57528320,1.7580432891845703,,,0.00019104425543194016,7648.987504679001
28100,57548800,1.8511474132537842,1.7706960022449494,5.874940910808673,0.00019097630951814075,7652.698540157001
28110,57569280,1.9321024417877197,,,0.00019090835677049826,7655.139988533001
28120,57589760,1.6533915996551514,,,0.00019084039720688973,7657.426829958001
28130,57610240,1.6534793376922607,,,0.0001907724308451939,7659.854452451001
28140,57630720,1.7185258865356445,,,0.00019070445770329146,7662.112714513001
28150,57651200,1.6704667806625366,,,0.00019063647779906463,7664.297511544
28160,57671680,2.3208327293395996,,,0.00019056849115039768,7666.521263231001
28170,57692160,1.7934021949768066,,,0.0001905004977751764,7668.941187125001
28180,57712640,1.8641984462738037,,,0.00019043249769128864,7671.231427804001
28190,57733120,1.57003915309906,,,0.00019036449091662365,7673.561201817
28200,57753600,1.7860047817230225,1.7677861094474792,5.857870311419259,0.0001902964774690728,7677.162970731
28210,57774080,1.7604913711547852,,,0.00019022845736652898,7679.367349153001
28220,57794560,1.6717486381530762,,,0.00019016043062688697,7681.557355909001
28230,57815040,1.850428819656372,,,0.0001900923972680431,7683.868934108001
28240,57835520,1.890354871749878,,,0.00019002435730789576,7686.095023486001
28250,57856000,1.833991289138794,,,0.00018995631076434475,7688.355350398001
28260,57876480,1.9575278759002686,,,0.0001898882576552918,7690.7492622810005
28270,57896960,1.805387258529663,,,0.0001898201979986403,7693.334832289001
28280,57917440,1.943218469619751,,,0.00018975213181229533,7695.9055056550005
28290,57937920,1.7680761814117432,,,0.00018968405911416384,7698.400897036001
28300,57958400,1.6555131673812866,1.7712181627750396,5.878009374114405,0.00018961597992215424,7701.983721595001
28310,57978880,1.6808576583862305,,,0.00018954789425417695,7704.328740128001
28320,57999360,1.731675624847412,,,0.0001894798021281438,7706.5370078470005
28330,58019840,1.723924994468689,,,0.0001894117035619685,7708.963142856001
28340,58040320,1.6170415878295898,,,0.00018934359857356647,7711.220649939001
28350,58060800,1.6644777059555054,,,0.00018927548718085467,7713.912059856001
28360,58081280,1.838364601135254,,,0.00018920736940175186,7716.206079137
28370,58101760,1.5867878198623657,,,0.0001891392452541785,7718.501305410001
28380,58122240,1.883122444152832,,,0.0001890711147560566,7720.854752309001
28390,58142720,1.5955222845077515,,,0.00018900297792531,7723.299671968
28400,58163200,1.7201042175292969,1.7636791288852691,5.833861487547766,0.00018893483477986405,7728.182835534
28410,58183680,1.9585347175598145,,,0.00018886668533764594,7730.507348269
28420,58204160,1.7405226230621338,,,0.0001887985296165843,7732.9364633000005
28430,58224640,1.7885875701904297,,,0.00018873036763460957,7735.163343503001
28440,58245120,1.5172245502471924,,,0.0001886621994096538,7737.397178304001
28450,58265600,1.8546218872070312,,,0.00018859402495965068,7739.782233657001
28460,58286080,1.7390706539154053,,,0.0001885258443025355,7742.0396940850005
28470,58306560,1.8316924571990967,,,0.0001884576574562453,7744.2837766620005
28480,58327040,1.6745431423187256,,,0.00018838946443871854,7746.508780672001
28490,58347520,1.5743968486785889,,,0.00018832126526789554,7748.710771137001
28500,58368000,1.9304478168487549,1.7648526966571807,5.840711938323237,0.00018825305996171803,7752.252796342001
28510,58388480,1.9742193222045898,,,0.0001881848485381295,7756.858361393
28520,58408960,1.6692895889282227,,,0.00018811663101507504,7759.104748870001
28530,58429440,1.671726942062378,,,0.0001880484074105012,7761.949537503001
28540,58449920,1.787440299987793,,,0.00018798017774235637,7764.326740668001
28550,58470400,1.8367844820022583,,,0.00018791194202859028,7766.694474882001
28560,58490880,1.620046854019165,,,0.00018784370028715445,7769.244010038001
28570,58511360,1.9127289056777954,,,0.0001877754525360018,7771.615564491
28580,58531840,1.9620847702026367,,,0.00018770719879308706,7773.8390759270005
28590,58552320,1.6839123964309692,,,0.00018763893907636635,7776.107263887001
28600,58572800,1.829601526260376,1.7653798043727875,5.843791434192279,0.00018757067340379743,7779.612903883
28610,58593280,1.654618740081787,,,0.00018750240179333963,7781.782049937001
28620,58613760,1.7843645811080933,,,0.00018743412426295384,7784.093264874001
28630,58634240,1.866955041885376,,,0.00018736584083060246,7786.5879403320005
28640,58654720,1.7385714054107666,,,0.00018729755151424953,7789.133426349001
28650,58675200,1.8547937870025635,,,0.00018722925633186057,7791.597076935001
28660,58695680,1.8118113279342651,,,0.00018716095530140272,7793.809927478001
28670,58716160,1.7396775484085083,,,0.00018709264844084445,7796.021837616001
28680,58736640,1.8325194120407104,,,0.0001870243357681561,7798.244920275001
28690,58757120,1.947812557220459,,,0.00018695601730130926,7800.854909828001
28700,58777600,1.7028026580810547,1.7626207888126373,5.8276905442116185,0.00018688769305827716,7805.594542457001
28710,58798080,1.603083848953247,,,0.0001868193630570345,7808.294880116001
28720,58818560,1.5827445983886719,,,0.00018675102731555759,7810.534692980001
28730,58839040,1.704390287399292,,,0.00018668268585182414,7812.919729845001
28740,58859520,1.6675933599472046,,,0.00018661433868381337,7815.360298425001
28750,58880000,1.8261950016021729,,,0.00018654598582950617,7817.838060872001
28760,58900480,1.7079248428344727,,,0.00018647762730688468,7820.297232393001
28770,58920960,1.8821065425872803,,,0.00018640926313393268,7822.549694392001
28780,58941440,1.4572300910949707,,,0.00018634089332863538,7824.972525243001
28790,58961920,1.9036891460418701,,,0.00018627251790897959,7827.230654719001
28800,58982400,1.8911941051483154,1.7604701578617097,5.8151708000549895,0.0001862041368929534,7832.076784455001
28810,59002880,1.648972511291504,,,0.00018613575029854655,7834.554175429001
28820,59023360,1.7925920486450195,,,0.0001860673581437501,7836.786978395001
28830,59043840,1.6622380018234253,,,0.00018599896044655675,7839.2511785490005
28840,59064320,1.8466417789459229,,,0.00018593055722496038,7841.675026240001
28850,59084800,1.680492639541626,,,0.00018586214849695672,7844.430657316001
28860,59105280,1.6671091318130493,,,0.00018579373428054253,7846.926291052001
28870,59125760,1.7893017530441284,,,0.00018572531459371634,7849.321587278001
28880,59146240,2.0040950775146484,,,0.00018565688945447792,7851.628472518001
28890,59166720,1.946471929550171,,,0.00018558845888082864,7853.927701130001
28900,59187200,1.7274701595306396,1.755569440126419,5.786742007024433,0.00018552002289077106,7858.791417062001
28910,59207680,1.7221448421478271,,,0.00018545158150230938,7861.207216529001
28920,59228160,1.8165603876113892,,,0.00018538313473344915,7864.363740752001
28930,59248640,1.6597323417663574,,,0.00018531468260219735,7866.824159159001
28940,59269120,1.8701505661010742,,,0.00018524622512656235,7869.475662072001
28950,59289600,1.7744134664535522,,,0.0001851777623245539,7872.641141776001
28960,59310080,1.6201930046081543,,,0.00018510929421418321,7875.109960458001
28970,59330560,1.6731444597244263,,,0.00018504082081346283,7877.450167413001
28980,59351040,1.8532428741455078,,,0.0001849723421404068,7879.938929285001
28990,59371520,1.7806988954544067,,,0.0001849038582130304,7883.266595671001
29000,59392000,1.8149993419647217,1.7564375758171082,5.791767865541471,0.0001848353690493504,7887.143355356001
29010,59412480,1.9480290412902832,,,0.0001847668746673849,7892.051843412
29020,59432960,1.6865499019622803,,,0.00018469837508515343,7894.437367674001
29030,59453440,1.7145856618881226,,,0.0001846298703206768,7896.804165257001
29040,59473920,1.739007592201233,,,0.00018456136039197727,7899.5514044050005
29050,59494400,1.5719358921051025,,,0.0001844928453170784,7902.037341350001
29060,59514880,1.742811679840088,,,0.00018442432511400514,7904.370149231001
29070,59535360,1.690458059310913,,,0.00018435579980078377,7906.61565605
29080,59555840,1.5506579875946045,,,0.0001842872693954419,7908.774011792001
29090,59576320,2.088789701461792,,,0.0001842187339160085,7911.071775775001
29100,59596800,1.891858458518982,1.7559938430786133,5.789198438637344,0.00018415019338051392,7914.760535723
29110,59617280,1.6951370239257812,,,0.00018408164780698967,7917.115995350001
29120,59637760,1.8089969158172607,,,0.00018401309721346887,7919.563096708001
29130,59658240,1.9337140321731567,,,0.00018394454161798566,7922.044725112
29140,59678720,2.020540714263916,,,0.00018387598103857572,7924.361306606001
29150,59699200,1.6111871004104614,,,0.00018380741549327596,7926.688085531001
29160,59719680,1.8083999156951904,,,0.00018373884500012453,7929.068573016001
29170,59740160,1.955925703048706,,,0.000183670269577161,7931.601616182001
29180,59760640,1.7584190368652344,,,0.0001836016892424261,7934.040969544001
29190,59781120,1.6078312397003174,,,0.00018353310401396204,7936.421178087001
29200,59801600,1.5706982612609863,1.754626613855362,5.781288685807599,0.00018346451390981213,7941.341400401001
29210,59822080,1.7559797763824463,,,0.00018339591894802107,7944.197371820001
29220,59842560,1.590372085571289,,,0.00018332731914663482,7946.741101906001
29230,59863040,1.6208853721618652,,,0.00018325871452370062,7949.308317764001
29240,59883520,1.973380208015442,,,0.00018319010509726692,7951.777873417001
29250,59904000,1.81109619140625,,,0.00018312149088538346,7954.197551598001
29260,59924480,1.757553219795227,,,0.0001830528719061013,7956.806772174001
29270,59944960,1.6415971517562866,,,0.00018298424817747276,7959.250813095001
29280,59965440,1.7095398902893066,,,0.00018291561971755122,7961.616024295001
29290,59985920,1.631531834602356,,,0.00018284698654439155,7964.058705927001
29300,60006400,2.087677001953125,1.7577600181102753,5.799432211029394,0.00018277834867604973,7967.753809997001
29310,60026880,1.819821834564209,,,0.00018270970613058302,7970.234391869
29320,60047360,1.767525315284729,,,0.0001826410589260498,7972.675318436
29330,60067840,1.7044486999511719,,,0.00018257240708050986,7975.040128590001
29340,60088320,1.9135124683380127,,,0.00018250375061202407,7977.552358821001
29350,60108800,1.7483166456222534,,,0.00018243508953865456,7979.877328588001
29360,60129280,1.6147890090942383,,,0.0001823664238784647,7982.498281543001
29370,60149760,1.551468849182129,,,0.00018229775364951906,7984.968684237001
29380,60170240,1.9199652671813965,,,0.00018222907886988331,7987.545773969001
29390,60190720,1.6999423503875732,,,0.00018216039955762446,7989.928127486
29400,60211200,1.7103034257888794,1.7552917361259461,5.785135228734084,0.0001820917157308107,7993.824979414001
29410,60231680,1.6205910444259644,,,0.00018202302740751123,7996.320220863001
29420,60252160,1.8704131841659546,,,0.00018195433460579664,7998.747608120001
29430,60272640,1.4786654710769653,,,0.00018188563734373861,8001.248904500001
29440,60293120,1.7514255046844482,,,0.00018181693563941006,8003.602056679001
29450,60313600,1.96150541305542,,,0.0001817482295108849,8005.871359099001
29460,60334080,1.9216481447219849,,,0.00018167951897623844,8008.348576140001
29470,60354560,1.8787810802459717,,,0.000181610804053547,8010.588476883001
29480,60375040,1.8537644147872925,,,0.00018154208476088806,8013.048440015001
29490,60395520,2.1348812580108643,,,0.00018147336111634028,8015.443272833001
29500,60416000,1.5419251918792725,1.7523549556732179,5.768170479742518,0.00018140463313798353,8020.528225493001
29510,60436480,1.6976783275604248,,,0.00018133590084389866,8025.144594962001
29520,60456960,2.0387258529663086,,,0.00018126716425216784,8027.631452318001
29530,60477440,1.8231444358825684,,,0.0001811984233808742,8030.247102308001
29540,60497920,1.65614914894104,,,0.0001811296782481022,8032.775253944001
29550,60518400,1.6357399225234985,,,0.0001810609288719371,8035.036711204
29560,60538880,1.607139229774475,,,0.0001809921752704657,8037.354576516001
29570,60559360,1.6198461055755615,,,0.0001809234174617755,8040.1953313700005
29580,60579840,1.9492017030715942,,,0.0001808546554639554,8042.590278274001
29590,60600320,1.947997808456421,,,0.00018078588929509526,8044.988970280001
29600,60620800,1.861129879951477,1.7504663646221161,5.757287045006868,0.00018071711897328603,8049.784796036
29610,60641280,1.8492757081985474,,,0.00018064834451661993,8052.326343585
29620,60661760,1.734313726425171,,,0.00018057956594318996,8054.7886238050005
29630,60682240,1.6921950578689575,,,0.00018051078327109048,8057.252879024001
29640,60702720,1.7131439447402954,,,0.00018044199651841682,8059.862449602001
29650,60723200,1.6981068849563599,,,0.00018037320570326535,8062.460673527001
29660,60743680,2.0653438568115234,,,0.00018030441084373357,8064.830493869001
29670,60764160,1.926590919494629,,,0.00018023561195792002,8067.340583089001
29680,60784640,2.0648984909057617,,,0.00018016680906392428,8069.660811408001
29690,60805120,1.9021320343017578,,,0.000180098002179847,8072.152827033001
29700,60825600,1.746203899383545,1.7476344645023345,5.741006047095133,0.0001800291913237899,8076.785237086001
29710,60846080,1.8010059595108032,,,0.00017996037651385577,8079.151405962
29720,60866560,2.0205674171447754,,,0.0001798915577681483,8081.7182682580005
29730,60887040,1.8073153495788574,,,0.0001798227351047724,8084.259932649001
29740,60907520,1.7217704057693481,,,0.00017975390854183386,8086.66251084
29750,60928000,1.8118094205856323,,,0.00017968507809743966,8089.1109997720005
29760,60948480,1.8331458568572998,,,0.00017961624378969759,8091.505340231
29770,60968960,1.6767358779907227,,,0.0001795474056367166,8093.743153721
29780,60989440,2.0736613273620605,,,0.00017947856365660666,8096.189303606001
29790,61009920,1.7304662466049194,,,0.00017940971786747868,8098.813949472001
29800,61030400,1.6689963340759277,1.7476228952407837,5.740939628278818,0.00017934086828744458,8103.093518269001
29810,61050880,1.766513705253601,,,0.0001792720149346173,8105.399203491001
29820,61071360,1.745406985282898,,,0.00017920315782711077,8107.844139795001
29830,61091840,1.8677594661712646,,,0.00017913429698303998,8110.0417627530005
29840,61112320,1.8743910789489746,,,0.00017906543242052076,8112.553726105001
29850,61132800,1.6736423969268799,,,0.00017899656415766994,8114.772633224002
29860,61153280,1.7111119031906128,,,0.00017892769221260544,8117.0274792790005
29870,61173760,1.7570911645889282,,,0.00017885881660344608,8119.492321971
29880,61194240,1.6872260570526123,,,0.00017878993734831165,8121.812473916001
29890,61214720,1.7337579727172852,,,0.0001787210544653228,8124.063886790002
29900,61235200,1.649389624595642,1.7445995151996612,5.723608798034028,0.00017865216797260136,8128.705739831001
29910,61255680,1.7466299533843994,,,0.00017858327788826988,8131.134706114
29920,61276160,1.8289728164672852,,,0.00017851438423045204,8133.332375883001
29930,61296640,2.00056791305542,,,0.00017844548701727224,8135.6008846370005
29940,61317120,1.8457179069519043,,,0.00017837658626685608,8137.800662366
29950,61337600,1.6416414976119995,,,0.00017830768199732984,8140.279613955001
29960,61358080,1.7412341833114624,,,0.00017823877422682097,8142.532347804001
29970,61378560,1.8301950693130493,,,0.0001781698629734576,8144.751205421
29980,61399040,1.7941769361495972,,,0.000178100948255369,8147.080107766
29990,61419520,1.9139039516448975,,,0.0001780320300906851,8149.273459880002
30000,61440000,1.7623517513275146,1.742399024963379,5.711027899905959,0.00017796310849753705,8153.834726874
30010,61460480,2.098893642425537,,,0.00017789418349405657,8158.257533945001
30020,61480960,1.7714500427246094,,,0.00017782525509837653,8160.646572182
30030,61501440,1.8211389780044556,,,0.00017775632332863058,8162.999051183
30040,61521920,1.805572509765625,,,0.00017768738820295328,8165.238005895
30050,61542400,2.0391533374786377,,,0.0001776184497394801,8167.508497289
30060,61562880,1.5703661441802979,,,0.00017754950795634725,8169.783468091
30070,61583360,1.630062222480774,,,0.0001774805628716921,8172.015491778
30080,61603840,1.8665869235992432,,,0.00017741161450365257,8174.32211719
30090,61624320,1.5562798976898193,,,0.00017734266287036763,8176.66927962
30100,61644800,1.8084717988967896,1.7429762423038482,5.714325355824503,0.000177273707989977,8180.3907704990015
30110,61665280,1.776100754737854,,,0.0001772047498806215,8182.953575449001
30120,61685760,1.5654836893081665,,,0.0001771357885604424,8185.2156253990015
30130,61706240,1.679252028465271,,,0.00017706682404758215,8187.568901948001
30140,61726720,1.8143894672393799,,,0.0001769978563601839,8189.914588064001
30150,61747200,2.058396577835083,,,0.0001769288855163917,8192.39687509
30160,61767680,1.8145748376846313,,,0.0001768599115343503,8194.744249498
30170,61788160,1.791303038597107,,,0.00017679093443220543,8197.184547424
30180,61808640,1.697098731994629,,,0.00017672195422810356,8199.604360217001
30190,61829120,1.614250659942627,,,0.00017665297094019198,8201.890399956
30200,61849600,1.9639427661895752,1.7471479058265686,5.7382133902460986,0.00017658398458661876,8205.413419359
30210,61870080,1.6388459205627441,,,0.00017651499518553292,8207.665690148
30220,61890560,2.035543918609619,,,0.0001764460027550841,8210.321576783
30230,61911040,1.777565598487854,,,0.00017637700731342284,8212.858526223
30240,61931520,1.9216289520263672,,,0.00017630800887870048,8215.234296499
30250,61952000,2.0344412326812744,,,0.00017623900746906903,8217.608655654001
30260,61972480,1.6765947341918945,,,0.00017617000310268148,8220.237962985
30270,61992960,2.099292278289795,,,0.00017610099579769137,8222.579151833
30280,62013440,1.8370306491851807,,,0.00017603198557225325,8224.820778227
30290,62033920,1.6630293130874634,,,0.00017596297244452223,8227.136521647
30300,62054400,1.6984567642211914,1.744645893573761,5.7238742558597675,0.0001758939564326543,8230.699479105
30310,62074880,1.7495851516723633,,,0.00017582493755480619,8232.970725621
30320,62095360,1.837382197380066,,,0.0001757559158291354,8235.232431691002
30330,62115840,1.8317699432373047,,,0.00017568689127380005,8237.47011145
30340,62136320,1.6682839393615723,,,0.00017561786390695922,8239.798394239
30350,62156800,1.6170499324798584,,,0.00017554883374677256,8242.057707349
30360,62177280,1.5134556293487549,,,0.0001754798008114006,8244.406415979001
30370,62197760,1.8369207382202148,,,0.00017541076511900432,8246.633126104001
30380,62218240,1.5300641059875488,,,0.00017534172668774584,8248.926111069
30390,62238720,1.7510141134262085,,,0.0001752726855357876,8251.321770744002
30400,62259200,1.7347615957260132,1.7424111187458038,5.711096968252451,0.00017520364168129309,8254.941008116
30410,62279680,1.88036048412323,,,0.00017513459514242622,8257.219527681002
30420,62300160,1.9068522453308105,,,0.00017506554593735182,8259.469847457001
30430,62320640,1.6583530902862549,,,0.00017499649408423532,8261.781566218
30440,62341120,1.5798152685165405,,,0.00017492743960124287,8264.125098676
30450,62361600,1.6963632106781006,,,0.00017485838250654132,8266.743859641001
30460,62382080,1.6225173473358154,,,0.00017478932281829817,8269.387177839
30470,62402560,2.0307464599609375,,,0.00017472026055468168,8271.629713056001
30480,62423040,1.9820709228515625,,,0.0001746511957338607,8274.023170774
30490,62443520,1.9535198211669922,,,0.00017458212837400484,8276.331438858
30500,62464000,1.9618289470672607,1.7427450001239777,5.713004115541861,0.00017451305849328422,8279.864077739001
30510,62484480,1.9380452632904053,,,0.00017444398610986985,8284.537171903
30520,62504960,1.8122414350509644,,,0.00017437491124193324,8287.017276134
30530,62525440,1.679797887802124,,,0.00017430583390764664,8289.319250849001
30540,62545920,1.54013192653656,,,0.00017423675412518274,8291.715413207
30550,62566400,1.7035112380981445,,,0.00017416767191271522,8294.010590908001
30560,62586880,1.8971421718597412,,,0.00017409858728841812,8296.26452579
30570,62607360,1.6505745649337769,,,0.00017402950027046624,8298.49518974
30580,62627840,1.9330594539642334,,,0.000173960410877035,8300.818389965001
30590,62648320,1.6563403606414795,,,0.0001738913191263004,8303.188663811
30600,62668800,1.852048397064209,1.7430152595043182,5.714548317152097,0.0001738222250364391,8306.854091812002
30610,62689280,1.725184440612793,,,0.00017375312862562834,8309.419082403001
30620,62709760,1.687523365020752,,,0.00017368402991204597,8311.887254361001
30630,62730240,1.8197846412658691,,,0.00017361492891387057,8314.154223476002
30640,62750720,1.7967456579208374,,,0.00017354582564928106,8316.548931209001
30650,62771200,1.8171453475952148,,,0.0001734767201364573,8318.961600775001
30660,62791680,1.7322735786437988,,,0.00017340761239357938,8321.285451407
30670,62812160,1.9795851707458496,,,0.00017333850243882827,8323.510729841
30680,62832640,1.5492300987243652,,,0.0001732693902903854,8325.847414129
30690,62853120,1.8122121095657349,,,0.00017320027596643274,8328.06230257
30700,62873600,1.6822724342346191,1.7414442241191863,5.705577608031623,0.00017313115948515287,8332.840187874
30710,62894080,1.7142903804779053,,,0.00017306204086472892,8335.25914003
30720,62914560,2.0807430744171143,,,0.00017299292012334472,8337.457130321001
30730,62935040,1.803631067276001,,,0.00017292379727918442,8339.731865211
30740,62955520,1.6236119270324707,,,0.0001728546723504329,8342.064185030002
30750,62976000,1.8641127347946167,,,0.00017278554535527554,8344.358100696001
30760,62996480,1.60176682472229,,,0.00017271641631189824,8346.710243026
30770,63016960,1.7473242282867432,,,0.00017264728523848745,8348.930438004001
30780,63037440,1.688825249671936,,,0.00017257815215323017,8351.235047168
30790,63057920,1.8266797065734863,,,0.0001725090170743139,8353.498456509002
30800,63078400,1.7581369876861572,1.742321515083313,5.710585255973244,0.00017243988001992678,8357.1394985
30810,63098880,1.8720335960388184,,,0.00017237074100825723,8359.391148319
30820,63119360,1.6283073425292969,,,0.00017230160005749445,8361.571021382
30830,63139840,1.713516116142273,,,0.00017223245718582796,8363.916428285002
30840,63160320,1.692180871963501,,,0.0001721633124114479,8366.398334759
30850,63180800,1.6255531311035156,,,0.00017209416575254477,8368.768728749
30860,63201280,1.7894858121871948,,,0.0001720250172273098,8371.154403087
30870,63221760,1.8111515045166016,,,0.00017195586685393448,8373.461084148
30880,63242240,1.791712999343872,,,0.0001718867146506109,8375.884204117001
30890,63262720,1.6586896181106567,,,0.0001718175606355316,8378.19316199
30900,63283200,1.6399801969528198,1.7394696652889252,5.694322724755311,0.00017174840482688964,8382.800715969
30910,63303680,1.7739264965057373,,,0.00017167924724287848,8385.058985974001
30920,63324160,1.589784860610962,,,0.0001716100879016921,8387.370796421
30930,63344640,1.7124476432800293,,,0.00017154092682152496,8389.667144269
30940,63365120,1.841188907623291,,,0.00017147176402057188,8392.031479125
30950,63385600,1.6722118854522705,,,0.00017140259951702828,8394.31568231
30960,63406080,1.7099496126174927,,,0.00017133343332908984,8396.700240580001
30970,63426560,1.801487922668457,,,0.0001712642654749529,8398.897847417
30980,63447040,1.8743007183074951,,,0.000171195095972814,8401.200050989
30990,63467520,1.7457940578460693,,,0.0001711259248408704,8403.497495022
31000,63488000,1.7474626302719116,1.7388024508953095,5.690524657874808,0.0001710567520973195,8408.007223899001
31010,63508480,1.690212607383728,,,0.00017098757776035932,8413.293553340001
31020,63528960,2.0061731338500977,,,0.00017091840184818818,8415.727393320001
31030,63549440,1.9926109313964844,,,0.00017084922437900492,8418.111089094
31040,63569920,1.8376868963241577,,,0.0001707800453710087,8420.755021297002
31050,63590400,1.6340985298156738,,,0.00017071086484239914,8422.973849768001
31060,63610880,1.623929500579834,,,0.00017064168281137626,8425.412069395
31070,63631360,1.8371591567993164,,,0.0001705724992961404,8427.824466957001
31080,63651840,2.0384695529937744,,,0.00017050331431489238,8430.223276785
31090,63672320,1.9309396743774414,,,0.00017043412788583342,8432.692146942001
31100,63692800,1.6937109231948853,1.7340798318386077,5.663713836162089,0.000170364940027165,8436.978284138
31110,63713280,1.7324542999267578,,,0.0001702957507570891,8439.400832548
31120,63733760,1.7388896942138672,,,0.00017022656009380794,8441.848883589
31130,63754240,1.6749171018600464,,,0.00017015736805552428,8444.113108540001
31140,63774720,1.8665006160736084,,,0.00017008817466044115,8446.529146979
31150,63795200,1.5057003498077393,,,0.00017001897992676186,8448.981633975001
31160,63815680,1.7816624641418457,,,0.00016994978387269025,8451.228979545001
31170,63836160,1.836143970489502,,,0.00016988058651643028,8453.768618338001
31180,63856640,2.1282544136047363,,,0.00016981138787618648,8456.203706297001
31190,63877120,1.6336305141448975,,,0.00016974218797016357,8458.711796086001
31200,63897600,1.6780660152435303,1.7326497316360474,5.655619946773637,0.0001696729868165667,8463.277459476001
31210,63918080,1.6845648288726807,,,0.00016960378443360121,8466.089755197001
31220,63938560,1.838016152381897,,,0.00016953458083947295,8468.559613663001
31230,63959040,1.6673274040222168,,,0.0001694653760523879,8470.838916126
31240,63979520,1.5262682437896729,,,0.00016939617009055253,8473.170317114002
31250,64000000,1.7971947193145752,,,0.0001693269629721734,8475.426930949001
31260,64020480,1.9452755451202393,,,0.0001692577547154577,8478.071678809001
31270,64040960,1.6836023330688477,,,0.00016918854533861256,8480.485442202
31280,64061440,1.7023564577102661,,,0.00016911933485984568,8482.737367826001
31290,64081920,1.7935826778411865,,,0.0001690501232973648,8485.136340082001
31300,64102400,1.6807781457901,1.731638741493225,5.649905060089718,0.00016898091066937826,8489.548639330002
31310,64122880,1.9016108512878418,,,0.00016891169699409438,8491.801837662
31320,64143360,1.7168325185775757,,,0.00016884248228972193,8493.994620168001
31330,64163840,1.8239250183105469,,,0.00016877326657446996,8496.220586112
31340,64184320,1.7310316562652588,,,0.00016870404986654762,8498.55091998
31350,64204800,1.758710503578186,,,0.00016863483218416446,8500.886274493001
31360,64225280,1.6940944194793701,,,0.00016856561354553027,8503.161899879
31370,64245760,1.6863319873809814,,,0.00016849639396885515,8505.526089651
31380,64266240,1.5585148334503174,,,0.00016842717347234924,8507.893307108001
31390,64286720,1.8061884641647339,,,0.00016835795207422314,8510.405806919001
31400,64307200,1.8627514839172363,1.7338015556335449,5.662137978641195,0.00016828872979268757,8514.12643193
31410,64327680,1.770175576210022,,,0.00016821950664595357,8516.730674067001
31420,64348160,1.9274259805679321,,,0.00016815028265223223,8518.945762913001
31430,64368640,1.673032283782959,,,0.00016808105782973516,8521.172363197002
31440,64389120,1.8741810321807861,,,0.0001680118321966739,8523.412717647001
31450,64409600,1.7667030096054077,,,0.00016794260577126036,8525.920004728001
31460,64430080,1.6865732669830322,,,0.00016787337857170653,8528.316429048002
31470,64450560,1.816344976425171,,,0.00016780415061622484,8530.689733056
31480,64471040,1.6148097515106201,,,0.00016773492192302764,8533.051156992002
31490,64491520,1.703756332397461,,,0.00016766569251032768,8535.380300185001
31500,64512000,1.6971571445465088,1.72788046002388,5.62871097820805,0.00016759646239633774,8539.747724256002
31510,64532480,1.860729455947876,,,0.00016752723159927098,8544.026701029
31520,64552960,1.7986836433410645,,,0.00016745800013734052,8546.390682577001
31530,64573440,1.788575530052185,,,0.00016738876802875982,8548.897005801002
31540,64593920,1.6825039386749268,,,0.00016731953529174247,8551.433771708002
31550,64614400,1.6745336055755615,,,0.00016725030194450212,8553.843590223001
31560,64634880,1.7539715766906738,,,0.00016718106800525274,8556.141167591
31570,64655360,1.8330321311950684,,,0.00016711183349220836,8558.406586015
31580,64675840,2.012364387512207,,,0.0001670425984235832,8560.623132871
31590,64696320,1.7354447841644287,,,0.00016697336281759156,8562.900575579
31600,64716800,1.9178886413574219,1.729973942041397,5.6405069264173155,0.00016690412669244804,8566.532026006002
31610,64737280,1.7564444541931152,,,0.00016683489006636714,8568.725372544
31620,64757760,1.744441270828247,,,0.00016676565295756373,8570.917858653002
31630,64778240,1.6587164402008057,,,0.00016669641538425255,8573.161224723
31640,64798720,1.8706462383270264,,,0.0001666271773646488,8575.383072553
31650,64819200,1.8273626565933228,,,0.0001665579389169675,8577.595626407001
31660,64839680,1.883941411972046,,,0.00016648870005942382,8580.009945916001
31670,64860160,1.5669691562652588,,,0.0001664194608102332,8582.393621193001
31680,64880640,1.5840109586715698,,,0.00016635022118761115,8584.933727720001
31690,64901120,1.6014118194580078,,,0.00016628098120977306,8587.274654054001
31700,64921600,1.7902169227600098,1.7304393291473388,5.643132556531656,0.00016621174089493472,8590.923474146
31710,64942080,1.7658957242965698,,,0.00016614250026131174,8593.173031741
31720,64962560,1.8416520357131958,,,0.00016607325932712003,8595.541263048
31730,64983040,1.6908862590789795,,,0.0001660040181105754,8597.865607178
31740,65003520,1.709824800491333,,,0.00016593477662989387,8600.377109912
31750,65024000,1.5313364267349243,,,0.00016586553490329149,8602.678517926
31760,65044480,1.7600429058074951,,,0.00016579629294898428,8604.899851355001
31770,65064960,1.9108823537826538,,,0.00016572705078518853,8607.181495031
31780,65085440,1.754113793373108,,,0.00016565780843012034,8609.492119477001
31790,65105920,1.6816593408584595,,,0.00016558856590199604,8611.779967611
31800,65126400,1.8829877376556396,1.7274862408638,5.626492469811878,0.00016551932321903187,8616.177618067
31810,65146880,1.8109276294708252,,,0.00016545008039944433,8618.652531582
31820,65167360,1.6942229270935059,,,0.00016538083746144965,8621.15017921
31830,65187840,1.8226613998413086,,,0.00016531159442326432,8623.458754655001
31840,65208320,1.8700535297393799,,,0.00016524235130310479,8625.925778926001
31850,65228800,1.562606692314148,,,0.00016517310811918755,8628.476394741001
31860,65249280,1.9518017768859863,,,0.000165103864889729,8630.956975839
31870,65269760,1.691786289215088,,,0.00016503462163294574,8633.461227896001
31880,65290240,1.9368762969970703,,,0.0001649653783670542,8635.687392628
31890,65310720,1.7299168109893799,,,0.00016489613511027097,8638.305673168
31900,65331200,1.667475938796997,1.7269800424575805,5.623645069026724,0.0001648268918808124,8643.149453358
31910,65351680,1.7221531867980957,,,0.00016475764869689519,8645.531879948001
31920,65372160,1.614844799041748,,,0.00016468840557673563,8647.859863294001
31930,65392640,1.7104471921920776,,,0.00016461916253855032,8650.481253796
31940,65413120,1.8153374195098877,,,0.00016454991960055564,8652.91799263
31950,65433600,1.8852152824401855,,,0.00016448067678096807,8655.245761838001
31960,65454080,1.986752986907959,,,0.00016441143409800393,8657.530240722
31970,65474560,1.7651530504226685,,,0.00016434219156987964,8659.950764439001
31980,65495040,1.9607212543487549,,,0.00016427294921481146,8662.742587214001
31990,65515520,1.5622236728668213,,,0.00016420370705101564,8665.460197042
32000,65536000,2.1290698051452637,1.7243427872657775,5.608833621239971,0.00016413446509670846,8670.039086522002
32010,65556480,1.9065014123916626,,,0.00016406522337010607,8675.318394414
32020,65576960,2.0180702209472656,,,0.00016399598188942456,8677.801475898
32030,65597440,1.8838788270950317,,,0.00016392674067287994,8680.312764615
32040,65617920,1.851144790649414,,,0.0001638574997386882,8682.659523533
32050,65638400,1.6666227579116821,,,0.00016378825910506525,8685.071609558001
32060,65658880,1.7436237335205078,,,0.0001637190187902269,8687.413103223002
32070,65679360,1.6677377223968506,,,0.0001636497788123888,8689.854755372002
32080,65699840,1.7752699851989746,,,0.00016358053918976673,8692.11060623
32090,65720320,1.6837626695632935,,,0.00016351129994057615,8694.543105823
32100,65740800,1.7565556764602661,1.726650983095169,5.621794860396812,0.0001634420610830325,8698.237828865002
32110,65761280,1.8281505107879639,,,0.00016337282263535118,8700.479280514
32120,65781760,1.6638551950454712,,,0.0001633035846157474,8702.896722382
32130,65802240,1.6891777515411377,,,0.00016323434704243627,8705.189399665001
32140,65822720,1.5880500078201294,,,0.0001631651099336328,8707.482505704002
32150,65843200,1.6068453788757324,,,0.00016309587330755193,8709.784266372
32160,65863680,1.5384705066680908,,,0.00016302663718240838,8712.324883823001
32170,65884160,1.930242896080017,,,0.00016295740157641674,8714.724352791001
32180,65904640,1.4852505922317505,,,0.0001628881665077916,8717.170566254
32190,65925120,1.7895286083221436,,,0.00016281893199474723,8719.541652830001
32200,65945600,1.6428632736206055,1.7240894079208373,5.60741263868256,0.00016274969805549783,8724.080609717
32210,65966080,1.5361546277999878,,,0.0001626804647082575,8726.742641865001
32220,65986560,1.8848602771759033,,,0.00016261123197124013,8729.188409983
32230,66007040,1.8936518430709839,,,0.00016254199986265945,8731.604822218002
32240,66027520,1.7221605777740479,,,0.00016247276840072896,8733.856444824001
32250,66048000,1.7959256172180176,,,0.0001624035376036622,8736.218586828001
32260,66068480,1.827872395515442,,,0.0001623343074896723,8738.666427829
32270,66088960,1.7354271411895752,,,0.0001622650780769723,8741.105478697002
32280,66109440,1.693861722946167,,,0.0001621958493837751,8743.333806053
32290,66129920,1.755908489227295,,,0.00016212662142829344,8745.733803480001
32300,66150400,1.83211088180542,1.7245842516422272,5.610188118277744,0.00016205739422873964,8749.489379499
32310,66170880,1.739609718322754,,,0.00016198816780332607,8751.829288481
32320,66191360,1.6104607582092285,,,0.00016191894217026478,8754.089842166
32330,66211840,1.8961631059646606,,,0.0001618497173477677,8756.313027219001
32340,66232320,1.793088436126709,,,0.0001617804933540464,8758.751986491001
32350,66252800,1.4531769752502441,,,0.0001617112702073124,8761.151877345
32360,66273280,1.6608235836029053,,,0.00016164204792577685,8763.703289825
32370,66293760,1.4029334783554077,,,0.00016157282652765073,8765.992074963
32380,66314240,2.050877809524536,,,0.00016150360603114483,8768.228157248
32390,66334720,1.7652277946472168,,,0.0001614343864544697,8770.445299437
32400,66355200,1.7281453609466553,1.726487147808075,5.620873887467868,0.0001613651678158355,8774.126168344
32410,66375680,1.5853832960128784,,,0.00016129595013345232,8776.707526309001
32420,66396160,1.7298905849456787,,,0.00016122673342553002,8779.137627316
32430,66416640,1.7963223457336426,,,0.000161157517710278,8781.590789802001
32440,66437120,1.5322437286376953,,,0.00016108830300590556,8783.956935414
32450,66457600,1.6066545248031616,,,0.0001610190893306217,8786.560014158
32460,66478080,1.7587003707885742,,,0.00016094987670263515,8788.992653696001
32470,66498560,1.4528368711471558,,,0.00016088066514015432,8791.450799534
32480,66519040,1.8919639587402344,,,0.0001608114546613874,8793.849889570001
32490,66539520,1.7919725179672241,,,0.00016074224528454226,8796.254729327
32500,66560000,1.6858432292938232,1.7232314586639403,5.602603826329552,0.00016067303702782654,8800.820540815
32510,66580480,1.568577766418457,,,0.00016060382990944745,8805.694521388
32520,66600960,1.8952208757400513,,,0.00016053462394761207,8808.289225012
32530,66621440,2.032618999481201,,,0.00016046541916052705,8810.923256163001
32540,66641920,1.492814540863037,,,0.00016039621556639873,8813.315449625
32550,66662400,1.5829894542694092,,,0.00016032701318343325,8815.83200409
32560,66682880,1.8828352689743042,,,0.00016025781202983638,8818.527962310001
32570,66703360,1.733410120010376,,,0.0001601886121238135,8820.953222857
32580,66723840,1.626638650894165,,,0.0001601194134835697,8823.463691618
32590,66744320,1.6429898738861084,,,0.00016005021612730975,8825.910067103001
32600,66764800,2.171363353729248,1.7222788155078887,5.597269085593909,0.00015998102007323811,8830.768366056001
32610,66785280,1.726133108139038,,,0.0001599118253395588,8833.057320269001
32620,66805760,1.6081352233886719,,,0.0001598426319444757,8835.452355963002
32630,66826240,1.6974940299987793,,,0.000159773439906192,8837.663650694001
32640,66846720,1.9139941930770874,,,0.00015970424924291086,8839.989238991
32650,66867200,1.4209641218185425,,,0.00015963505997283498,8842.400705359001
32660,66887680,1.4058973789215088,,,0.00015956587211416655,8844.717219106002
32670,66908160,1.7742136716842651,,,0.0001594966856851076,8847.143614527002
32680,66928640,1.85763680934906,,,0.00015942750070385955,8849.606507083
32690,66949120,1.7076168060302734,,,0.00015935831718862372,8852.045822531001
32700,66969600,1.8738155364990234,1.7241669952869416,5.607847719938042,0.0001592891351576008,8855.802848829
32710,66990080,1.5578250885009766,,,0.00015921995462899125,8858.009881643
32720,67010560,1.801220178604126,,,0.00015915077562099505,8860.255967519
32730,67031040,1.69550621509552,,,0.0001590815981518118,8862.598936804001
32740,67051520,1.7234063148498535,,,0.00015901242223964067,8864.792911095
32750,67072000,2.053051471710205,,,0.00015894324790268047,8867.555727225
32760,67092480,2.003028392791748,,,0.00015887407515912955,8869.841865392002
32770,67112960,1.7207791805267334,,,0.00015880490402718595,8872.136868987001
32780,67133440,1.9143462181091309,,,0.00015873573452504709,8874.670942086
32790,67153920,1.6207973957061768,,,0.00015866656667091014,8876.977354400002
32800,67174400,1.6997902393341064,1.7220424234867096,5.595946092220381,0.0001585974004829717,8881.57975873
32810,67194880,1.8057118654251099,,,0.0001585282359794281,8883.859387615
32820,67215360,1.665800929069519,,,0.000158459073178475,8886.086596179
32830,67235840,2.1050310134887695,,,0.00015838991209830787,8888.380491126001
32840,67256320,1.8945441246032715,,,0.0001583207527571215,8890.655903333001
32850,67276800,1.7831745147705078,,,0.0001582515951731103,8893.121868116
32860,67297280,1.8232505321502686,,,0.00015818243936446835,8895.457782928
32870,67317760,1.8961350917816162,,,0.00015811328534938906,8897.622482729
32880,67338240,1.8672857284545898,,,0.00015804413314606547,8899.824245305
32890,67358720,2.064523696899414,,,0.00015797498277269015,8902.029319786001
32900,67379200,1.5802932977676392,1.7215492010116578,5.593186726385082,0.0001579058342474552,8906.794821540001
32910,67399680,1.779185175895691,,,0.0001578366875885521,8909.158675918
32920,67420160,1.7259559631347656,,,0.000157767542814172,8911.700198359002
32930,67440640,1.8222166299819946,,,0.0001576983999425055,8913.950728659001
32940,67461120,1.6575703620910645,,,0.00015762925899174274,8916.301287372
32950,67481600,1.5142674446105957,,,0.0001575601199800732,8918.678184278
32960,67502080,1.7809512615203857,,,0.00015749098292568603,8921.01921109
32970,67522560,1.8068642616271973,,,0.0001574218478467698,8923.245896477001
32980,67543040,1.7366584539413452,,,0.00015735271476151254,8925.478326563001
32990,67563520,1.5861884355545044,,,0.00015728358368810174,8927.960273383002
33000,67584000,1.6270782947540283,1.7202888906002045,5.586142015114571,0.00015721445464472443,8932.785218449
33010,67604480,1.6582306623458862,,,0.00015714532764956707,8936.964172705
33020,67624960,1.5683062076568604,,,0.00015707620272081553,8939.568304109001
33030,67645440,1.6409509181976318,,,0.00015700707987665523,8942.020617065002
33040,67665920,1.9289216995239258,,,0.00015693795913527102,8944.437187725001
33050,67686400,1.8458409309387207,,,0.0001568688405148471,8946.939093173001
33060,67706880,1.5415067672729492,,,0.0001567997240335672,8949.421981274001
33070,67727360,1.7849441766738892,,,0.00015673060970961455,8952.035182348001
33080,67747840,1.88486647605896,,,0.00015666149756117165,8954.471405842001
33090,67768320,1.6923930644989014,,,0.00015659238760642056,8956.997229529
33100,67788800,1.6419627666473389,1.7205501079559327,5.5876014029609,0.00015652327986354268,8960.895602766
33110,67809280,1.6666135787963867,,,0.00015645417435071888,8963.17552678
33120,67829760,1.666038990020752,,,0.0001563850710861294,8965.561941716001
33130,67850240,1.6010618209838867,,,0.00015631597008795397,8967.861139253
33140,67870720,1.7905821800231934,,,0.00015624687137437163,8970.189943083002
33150,67891200,1.8860520124435425,,,0.0001561777749635609,8972.687629239
33160,67911680,2.0408430099487305,,,0.00015610868087369953,8975.026825413
33170,67932160,1.773909568786621,,,0.00015603958912296497,8977.234821447
33180,67952640,1.9306639432907104,,,0.0001559704997295337,8979.876768637001
33190,67973120,1.7415074110031128,,,0.00015590141271158183,8982.215951299
33200,67993600,1.8393566608428955,1.7196338653564454,5.582484149207487,0.00015583232808728475,8987.017968573
33210,68014080,1.7887846231460571,,,0.00015576324587481723,8989.439142738001
33220,68034560,1.8136582374572754,,,0.00015569416609235336,8992.210935224
33230,68055040,1.6793739795684814,,,0.0001556250887580667,8994.537716695
33240,68075520,1.7342123985290527,,,0.0001555560138901301,8996.850406702
33250,68096000,1.7719653844833374,,,0.00015548694150671575,8999.172655871002
33260,68116480,1.8897385597229004,,,0.00015541787162599513,9001.469285102
33270,68136960,1.848628044128418,,,0.00015534880426613926,9003.865716281001
33280,68157440,1.7580819129943848,,,0.00015527973944531826,9006.259390265
33290,68177920,1.9677057266235352,,,0.00015521067718170175,9009.130485078002
33300,68198400,1.9550621509552002,1.715874695777893,5.561538039277061,0.00015514161749345865,9013.895951186001
33310,68218880,1.6275131702423096,,,0.00015507256039875707,9016.257263337
33320,68239360,1.699676275253296,,,0.00015500350591576468,9018.556593682
33330,68259840,1.763788104057312,,,0.00015493445406264812,9021.127743495
33340,68280320,1.6899266242980957,,,0.00015486540485757375,9023.538681959
33350,68300800,1.8120450973510742,,,0.00015479635831870689,9026.051282829001
33360,68321280,1.9061644077301025,,,0.00015472731446421236,9028.273376120002
33370,68341760,1.6504087448120117,,,0.00015465827331225413,9030.632876766002
33380,68362240,1.707425594329834,,,0.00015458923488099565,9033.226391466002
33390,68382720,1.6036734580993652,,,0.00015452019918859938,9035.759984976
33400,68403200,1.8407926559448242,1.7158702433109283,5.561513276767795,0.0001544511662532274,9040.335257656001
33410,68423680,1.781947374343872,,,0.00015438213609304073,9042.816885659
33420,68444160,1.635449767112732,,,0.00015431310872619992,9045.345384636
33430,68464640,1.8172158002853394,,,0.00015424408417086458,9047.586110432001
33440,68485120,1.7494635581970215,,,0.00015417506244519378,9050.021778772001
33450,68505600,1.8875858783721924,,,0.00015410604356734566,9052.219336884002
33460,68526080,1.8442951440811157,,,0.00015403702755547772,9054.656614276
33470,68546560,1.6855360269546509,,,0.0001539680144277467,9056.948850574001
33480,68567040,1.6151881217956543,,,0.0001538990042023086,9059.423628158002
33490,68587520,1.7799761295318604,,,0.0001538299968973185,9061.692816016
33500,68608000,1.6070986986160278,1.7163893163204194,5.564400857569485,0.0001537609925309309,9065.250048609001
33510,68628480,2.0494821071624756,,,0.0001536919911212995,9069.701384619
33520,68648960,1.709181308746338,,,0.0001536229926865771,9072.122186495
33530,68669440,1.9380996227264404,,,0.00015355399724491584,9074.398201691001
33540,68689920,2.0272645950317383,,,0.00015348500481446702,9076.965019257
33550,68710400,1.756125569343567,,,0.00015341601541338118,9079.226928106
33560,68730880,1.7432403564453125,,,0.00015334702905980797,9081.495740066
33570,68751360,1.8222675323486328,,,0.0001532780457718964,9083.842562255
33580,68771840,1.740687608718872,,,0.0001532090655677945,9086.31859226
33590,68792320,1.8101192712783813,,,0.00015314008846564967,9088.828572748002
33600,68812800,1.6671056747436523,1.7160017669200898,5.562244795171271,0.00015307111448360823,9092.550392869001
33610,68833280,1.8284088373184204,,,0.00015300214363981606,9094.847237519001
33620,68853760,1.9951252937316895,,,0.0001529331759524178,9097.186700731001
33630,68874240,1.8283826112747192,,,0.00015286421143955755,9099.441751841001
33640,68894720,1.8703246116638184,,,0.00015279525011937847,9101.839257612
33650,68915200,1.6451421976089478,,,0.00015272629201002293,9104.084896734
33660,68935680,1.973860740661621,,,0.00015265733712963237,9106.580590719
33670,68956160,1.6060701608657837,,,0.0001525883854963474,9108.848977589001
33680,68976640,1.6548967361450195,,,0.00015251943712830786,9111.141712098
33690,68997120,1.447448968887329,,,0.0001524504920436527,9113.397727422001
33700,69017600,1.6587605476379395,1.7137308061122893,5.549627487366372,0.00015238155026051986,9118.051916671
33710,69038080,1.6395236253738403,,,0.00015231261179704669,9120.518319955001
33720,69058560,1.572760820388794,,,0.0001522436766713694,9122.997245295
33730,69079040,1.7939319610595703,,,0.0001521747449016234,9125.458304639
33740,69099520,2.139035224914551,,,0.0001521058165059434,9127.738506205002
33750,69120000,1.7513586282730103,,,0.00015203689150246295,9130.008546069
33760,69140480,1.692867398262024,,,0.00015196796990931487,9132.291771078
33770,69160960,1.7852922677993774,,,0.00015189905174463098,9134.548376867002
33780,69181440,1.6208568811416626,,,0.00015183013702654236,9136.761635171
33790,69201920,1.7633111476898193,,,0.000151761225773179,9139.084715286
33800,69222400,1.8130890130996704,1.7158864736557007,5.561603542778256,0.0001516923180026701,9142.921021292
33810,69242880,1.6804076433181763,,,0.0001516234137331439,9145.13733327
33820,69263360,1.6187198162078857,,,0.00015155451298272775,9147.347765329001
33830,69283840,1.6408981084823608,,,0.00015148561576954799,9149.669949230001
33840,69304320,1.687970519065857,,,0.0001514167221117301,9152.086448745002
33850,69324800,1.5438958406448364,,,0.0001513478320273986,9154.455322905
33860,69345280,1.5627204179763794,,,0.00015127894553467716,9156.916706756001
33870,69365760,2.040297746658325,,,0.00015121006265168832,9159.337355045001
33880,69386240,1.809438705444336,,,0.0001511411833965539,9161.900716366
33890,69406720,1.6321189403533936,,,0.0001510723077873945,9164.293946009002
33900,69427200,1.9727271795272827,1.712524664402008,5.542937885292369,0.00015100343584233,9168.810395026001
33910,69447680,1.725482702255249,,,0.0001509345675794792,9171.277693963
33920,69468160,1.7876596450805664,,,0.00015086570301696,9173.989262679
33930,69488640,1.7439415454864502,,,0.00015079684217288918,9176.295877115
33940,69509120,1.9287476539611816,,,0.00015072798506538264,9178.533632196
33950,69529600,1.8444781303405762,,,0.0001506591317125554,9181.089507626
33960,69550080,1.898101568222046,,,0.00015059028213252132,9183.339507243001
33970,69570560,1.9055479764938354,,,0.0001505214363433933,9185.707996322
33980,69591040,1.630251407623291,,,0.00015045259436328334,9188.103745717
33990,69611520,1.7161768674850464,,,0.0001503837562103024,9190.65705979
34000,69632000,1.6312108039855957,1.7108363211154938,5.533587398962713,0.00015031492190256028,9195.291951071002
34010,69652480,1.651413083076477,,,0.00015024609145816608,9199.348804685
34020,69672960,1.4848144054412842,,,0.00015017726489522756,9201.569602964
34030,69693440,1.6566896438598633,,,0.00015010844223185168,9203.886415549001
34040,69713920,1.7428007125854492,,,0.0001500396234861442,9206.179259204
34050,69734400,1.8475847244262695,,,0.00014997080867621006,9208.456473454
34060,69754880,1.5238752365112305,,,0.00014990199782015297,9210.673072090001
34070,69775360,1.7645516395568848,,,0.0001498331909360757,9212.896812185001
34080,69795840,1.7638403177261353,,,0.00014976438804207995,9215.336500632002
34090,69816320,1.738908290863037,,,0.00014969558915626643,9217.608136465002
34100,69836800,1.891275405883789,1.7084551930427552,5.520426893306912,0.00014962679429673462,9222.243744233001
34110,69857280,1.6242215633392334,,,0.00014955800348158315,9224.557308822
34120,69877760,1.838228702545166,,,0.00014948921672890947,9227.005756483
34130,69898240,1.8364717960357666,,,0.00014942043405681002,9229.348660319001
34140,69918720,1.6682109832763672,,,0.00014935165548338004,9231.708221547
34150,69939200,1.5701515674591064,,,0.0001492828810267139,9234.062904993001
34160,69959680,1.6862577199935913,,,0.00014921411070490471,9236.574372132001
34170,69980160,1.5971920490264893,,,0.00014914534453604455,9239.006792314001
34180,70000640,1.5718592405319214,,,0.00014907658253822447,9241.347140018
34190,70021120,1.5950493812561035,,,0.00014900782472953428,9243.68612921
34200,70041600,1.6462409496307373,1.7105234205722808,5.531856207319189,0.00014893907112806284,9247.523396133001
34210,70062080,1.7062335014343262,,,0.00014887032175189778,9249.788676153
34220,70082560,2.094273090362549,,,0.00014880157661912574,9252.346358416002
34230,70103040,1.968510627746582,,,0.00014873283574783213,9254.852899625
34240,70123520,1.9246635437011719,,,0.00014866409915610128,9257.359952443001
34250,70144000,1.7293658256530762,,,0.00014859536686201644,9259.945864892
34260,70164480,2.096827983856201,,,0.0001485266388836597,9262.424425424
34270,70184960,1.7089087963104248,,,0.00014845791523911193,9264.976488190001
34280,70205440,1.848434329032898,,,0.00014838919594645298,9267.279084368001
34290,70225920,1.6349782943725586,,,0.0001483204810237615,9269.487874436001
34300,70246400,2.0207228660583496,1.7085741221904756,5.5210834720147846,0.00014825177048911507,9273.093411615
34310,70266880,1.8608293533325195,,,0.0001481830643605899,9275.401716938
34320,70287360,1.7336797714233398,,,0.00014811436265626133,9277.579005004001
34330,70307840,1.8016586303710938,,,0.0001480456653942033,9279.964337497
34340,70328320,1.698674201965332,,,0.00014797697259248877,9282.353278901
34350,70348800,1.682521104812622,,,0.00014790828426918928,9284.737951134
34360,70369280,1.8498386144638062,,,0.0001478396004423755,9287.034805547
34370,70389760,1.6418771743774414,,,0.00014777092113011666,9289.225765778001
34380,70410240,1.7983269691467285,,,0.00014770224635048088,9291.3986262
34390,70430720,1.757812261581421,,,0.00014763357612153526,9293.655388367
34400,70451200,1.58821439743042,1.7065657794475555,5.510006371121539,0.0001475649104613454,9298.492762839001
34410,70471680,1.7387120723724365,,,0.0001474962493879759,9300.769711727
34420,70492160,1.705680251121521,,,0.0001474275929194901,9303.293180108001
34430,70512640,1.4681837558746338,,,0.00014735894107395018,9305.775118103
34440,70533120,1.8220661878585815,,,0.00014729029386941698,9308.018820064
34450,70553600,1.6624574661254883,,,0.00014722165132395024,9310.36712108
34460,70574080,1.6555023193359375,,,0.0001471530134556084,9312.567240338001
34470,70594560,1.6690163612365723,,,0.00014708438028244875,9314.842787957
34480,70615040,1.631568193435669,,,0.0001470157518225272,9317.090972086
34490,70635520,1.8052549362182617,,,0.00014694712809389866,9319.438518582001
34500,70656000,1.8409247398376465,1.7069001138210296,5.511848863636594,0.0001468785091146165,9323.312572059001
34510,70676480,1.9139230251312256,,,0.0001468098949027331,9328.026999584
34520,70696960,1.8556792736053467,,,0.00014674128547629935,9330.452691601
34530,70717440,1.6410038471221924,,,0.00014667268085336515,9332.927730793
34540,70737920,1.7690178155899048,,,0.0001466040810519789,9335.7016659
34550,70758400,1.7798762321472168,,,0.00014653548609018784,9338.232139434
34560,70778880,1.8514962196350098,,,0.00014646689598603793,9340.619762388
34570,70799360,1.7746891975402832,,,0.0001463983107575739,9342.974437147
34580,70819840,1.7432146072387695,,,0.00014632973042283897,9345.377240130001
34590,70840320,1.904975175857544,,,0.00014626115499987542,9347.995279096001
34600,70860800,1.6371302604675293,1.7071206271648407,5.513064433879899,0.000146192584506724,9351.58249151
34610,70881280,1.7627593278884888,,,0.00014612401896142423,9354.129156211002
34620,70901760,1.7571403980255127,,,0.00014605545838201428,9356.503405483001
34630,70922240,1.581604242324829,,,0.0001459869027865311,9359.070443866001
34640,70942720,1.8361425399780273,,,0.00014591835219301028,9361.995344288001
34650,70963200,1.6394929885864258,,,0.00014584980661948605,9364.505845326
34660,70983680,1.7570836544036865,,,0.00014578126608399148,9366.84858406
34670,71004160,1.7898595333099365,,,0.00014571273060455807,9369.256896967001
34680,71024640,1.7007540464401245,,,0.00014564420019921623,9371.694590908
34690,71045120,1.680077314376831,,,0.0001455756748859948,9374.119446708
34700,71065600,1.5942797660827637,1.7045294344425201,5.498797513593827,0.00014550715468292157,9378.769768782
34710,71086080,1.8888074159622192,,,0.0001454386396080227,9381.126732447
34720,71106560,1.7378273010253906,,,0.00014537012967932316,9383.880774152001
34730,71127040,1.6787383556365967,,,0.00014530162491484654,9386.321550622
34740,71147520,1.9820994138717651,,,0.0001452331253326151,9388.583239501
34750,71168000,1.9434667825698853,,,0.00014516463095064956,9390.761228669002
34760,71188480,1.6517963409423828,,,0.00014509614178696958,9393.147264081
34770,71208960,1.8288792371749878,,,0.00014502765785959318,9395.523474201
34780,71229440,1.7192901372909546,,,0.00014495917918653714,9397.991136989001
34790,71249920,1.7560980319976807,,,0.00014489070578581673,9400.469909189
34800,71270400,2.0320310592651367,1.7030422508716583,5.490625870145168,0.00014482223767544607,9405.035600133
34810,71290880,1.6888823509216309,,,0.00014475377487343762,9407.373591720001
34820,71311360,1.87247896194458,,,0.0001446853173978026,9409.751465839001
34830,71331840,1.451690673828125,,,0.00014461686526655082,9412.241879613
34840,71352320,2.0577826499938965,,,0.0001445484184976906,9414.66254705
34850,71372800,1.6113688945770264,,,0.00014447997710922893,9416.855173312
34860,71393280,1.7768820524215698,,,0.00014441154111917136,9419.177964824
34870,71413760,1.5845377445220947,,,0.00014434311054552202,9421.679907612
34880,71434240,1.6958799362182617,,,0.00014427468540628363,9424.030928584001
34890,71454720,1.6317341327667236,,,0.00014420626571945742,9426.292271439
34900,71475200,1.4352952241897583,1.7038169205188751,5.49488093927465,0.00014413785150304325,9430.195550357
34910,71495680,1.678834319114685,,,0.00014406944277503957,9432.594406628
34920,71516160,1.7150344848632812,,,0.00014400103955344322,9435.083355061
34930,71536640,1.7953031063079834,,,0.00014393264185624986,9437.859894836001
34940,71557120,1.8154042959213257,,,0.00014386424970145342,9440.108956607
34950,71577600,1.7386478185653687,,,0.00014379586310704656,9442.772727947002
34960,71598080,1.7321094274520874,,,0.00014372748209102036,9445.115465476001
34970,71618560,1.8938267230987549,,,0.00014365910667136456,9447.43639434
34980,71639040,1.6858875751495361,,,0.0001435907368660673,9449.629305807
34990,71659520,1.8521602153778076,,,0.0001435223726931153,9452.017071466002
35000,71680000,1.8063368797302246,1.7016715466976167,5.483105001967097,0.0001434540141704938,9456.762276217001
35010,71700480,1.732943058013916,,,0.00014338566131618657,9462.089096867001
35020,71720960,2.023715019226074,,,0.00014331731414817585,9464.556961060001
35030,71741440,1.562941074371338,,,0.00014324897268444236,9466.885566592002
35040,71761920,1.6064467430114746,,,0.00014318063694296543,9469.15007836
35050,71782400,1.6977593898773193,,,0.0001431123069417228,9471.589217382001
35060,71802880,1.6866389513015747,,,0.0001430439826986907,9473.89356928
35070,71823360,1.6804554462432861,,,0.00014297566423184384,9476.188540079002
35080,71843840,1.770328402519226,,,0.0001429073515591555,9478.436053525002
35090,71864320,1.9315239191055298,,,0.00014283904469859725,9480.674426669
35100,71884800,1.6732195615768433,1.700924390554428,5.479009796450618,0.00014277074366813937,9485.117125308001
35110,71905280,1.5454095602035522,,,0.0001427024484857504,9487.393905669001
35120,71925760,1.9907392263412476,,,0.00014263415916939754,9489.763760822001
35130,71946240,1.6332391500473022,,,0.00014256587573704613,9492.313091978001
35140,71966720,1.8020669221878052,,,0.00014249759820666034,9494.744956019
35150,71987200,1.7663850784301758,,,0.00014242932659620254,9496.995829384
35160,72007680,1.805393934249878,,,0.00014236106092363363,9499.388912272001
35170,72028160,1.7922208309173584,,,0.0001422928012069129,9501.647500606
35180,72048640,1.7939479351043701,,,0.00014222454746399817,9503.856240229
35190,72069120,1.85080087184906,,,0.00014215629971284552,9506.066469175
35200,72089600,2.021493434906006,1.6972172617912293,5.458736003638809,0.0001420880579714097,9510.5986495
35210,72110080,1.8024300336837769,,,0.0001420198222576436,9513.058148589
35220,72130560,1.6612440347671509,,,0.00014195159258949876,9515.237660226001
35230,72151040,1.4901527166366577,,,0.00014188336898492493,9517.447912382002
35240,72171520,1.6120803356170654,,,0.00014181515146187044,9519.64699126
35250,72192000,1.9951112270355225,,,0.00014174694003828194,9522.048643294002
35260,72212480,1.5998139381408691,,,0.00014167873473210443,9524.36170044
35270,72232960,2.0492732524871826,,,0.0001416105355612814,9526.679164768
35280,72253440,1.6639262437820435,,,0.00014154234254375468,9528.909741719
35290,72273920,1.6217010021209717,,,0.00014147415569746446,9531.497594059001
35300,72294400,1.822951078414917,1.6988173365592956,5.4674773809473995,0.00014140597504034926,9535.299719394001
35310,72314880,1.582935094833374,,,0.00014133780059034617,9537.525832507
35320,72335360,1.6273915767669678,,,0.0001412696323653904,9539.940813546
35330,72355840,1.7546898126602173,,,0.00014120147038341568,9542.244355877001
35340,72376320,1.9731765985488892,,,0.00014113331466235405,9544.704989345
35350,72396800,1.5651636123657227,,,0.00014106516522013592,9547.006036865001
35360,72417280,1.7706878185272217,,,0.00014099702207468994,9549.191972356
35370,72437760,1.6071919202804565,,,0.00014092888524394335,9551.746541940001
35380,72458240,2.057723045349121,,,0.00014086075474582145,9554.266080715
35390,72478720,1.521040439605713,,,0.00014079263059824812,9556.529592518
35400,72499200,1.9610143899917603,1.6969155192375183,5.457089119177094,0.00014072451281914528,9561.229013904001
35410,72519680,1.8063610792160034,,,0.0001406564014264335,9563.996089404001
35420,72540160,1.639176368713379,,,0.00014058829643803143,9566.409602308002
35430,72560640,1.9212366342544556,,,0.00014052019787185615,9569.022904992002
35440,72581120,1.5830585956573486,,,0.00014045210574582302,9571.524554854
35450,72601600,1.8984856605529785,,,0.0001403840200778457,9573.949990916
35460,72622080,2.0917868614196777,,,0.00014031594088583616,9576.292962293
35470,72642560,2.0220158100128174,,,0.0001402478681877046,9578.548154473001
35480,72663040,1.872666835784912,,,0.00014017980200135968,9580.811591203
35490,72683520,1.762535572052002,,,0.00014011174234470817,9583.340488343001
35500,72704000,1.6392215490341187,1.6967779994010925,5.456338712773129,0.0001400436892356552,9588.087818748001
35510,72724480,1.5823874473571777,,,0.0001399756426921042,9592.216980506
35520,72744960,1.8236031532287598,,,0.00013990760273195683,9594.652544922
35530,72765440,1.7222990989685059,,,0.000139839569373113,9597.032195868
35540,72785920,1.5189008712768555,,,0.000139771542633471,9599.271458300002
35550,72806400,1.7286807298660278,,,0.00013970352253092716,9601.500853042002
35560,72826880,1.4950788021087646,,,0.00013963550908337633,9603.703952257001
35570,72847360,1.8518096208572388,,,0.00013956750230871134,9605.907340531001
35580,72867840,1.74940824508667,,,0.00013949950222482354,9608.147845759002
35590,72888320,2.0797677040100098,,,0.0001394315088496023,9610.422298746002
35600,72908800,1.8666775226593018,1.6994426488876342,5.470897331115682,0.0001393635222009353,9613.988393092
35610,72929280,1.9254858493804932,,,0.00013929554229670852,9616.327030505001
35620,72949760,1.7736117839813232,,,0.00013922756915480606,9618.604408966
35630,72970240,1.5437233448028564,,,0.00013915960279311027,9620.919758897002
35640,72990720,1.6087062358856201,,,0.0001390916432295017,9623.612998479
35650,73011200,1.8300920724868774,,,0.00013902369048185922,9625.871767061
35660,73031680,1.7257660627365112,,,0.0001389557445680598,9628.187921018001
35670,73052160,1.9083929061889648,,,0.0001388878055059786,9630.453920506001
35680,73072640,1.6892421245574951,,,0.00013881987331348903,9632.681288365002
35690,73093120,1.719611644744873,,,0.00013875194800846275,9634.903735414002
35700,73113600,1.685972809791565,1.6956198573112489,5.450023155115913,0.00013868402960876943,9639.452244908001
35710,73134080,1.5813851356506348,,,0.00013861611813227712,9641.822946302
35720,73154560,1.8271715641021729,,,0.0001385482135968519,9644.216180076
35730,73175040,1.8509225845336914,,,0.00013848031602035815,9646.482679744
35740,73195520,1.5151021480560303,,,0.00013841242542065823,9648.840149397001
35750,73216000,1.6640688180923462,,,0.00013834454181561293,9651.203163052001
35760,73236480,1.8076590299606323,,,0.00013827666522308097,9653.468005475
35770,73256960,1.7540197372436523,,,0.00013820879566091933,9655.734496234001
35780,73277440,1.857596516609192,,,0.00013814093314698313,9657.923485836001
35790,73297920,1.6103674173355103,,,0.00013807307769912568,9660.362211489
35800,73318400,1.716226577758789,1.6967861771583557,5.456383333569116,0.00013800522933519826,9664.008394596001
35810,73338880,1.8474175930023193,,,0.00013793738807305048,9666.499432144
35820,73359360,1.8024749755859375,,,0.00013786955393053002,9669.037666376
35830,73379840,1.6784412860870361,,,0.00013780172692548268,9671.507837364
35840,73400320,1.6613534688949585,,,0.00013773390707575226,9673.949511212
35850,73420800,1.6903737783432007,,,0.00013766609439918098,9676.396578821
35860,73441280,1.6554731130599976,,,0.00013759828891360884,9678.830735285
35870,73461760,1.6488656997680664,,,0.0001375304906368742,9681.323323689001
35880,73482240,1.9719579219818115,,,0.0001374626995868133,9683.620386773
35890,73502720,2.0838193893432617,,,0.0001373949157812607,9685.905243877001
35900,73523200,2.0676939487457275,1.6976619422435761,5.4611639366213085,0.00013732713923804893,9689.540115236001
35910,73543680,1.7516489028930664,,,0.00013725936997500856,9691.773311582001
35920,73564160,1.9160407781600952,,,0.00013719160800996843,9694.031373043
35930,73584640,1.5325785875320435,,,0.00013712385336075528,9696.305343756001
35940,73605120,1.6222093105316162,,,0.00013705610604519399,9698.526020287001
35950,73625600,1.9773519039154053,,,0.00013698836608110754,9700.850413713
35960,73646080,1.6442530155181885,,,0.00013692063348631693,9703.286766799001
35970,73666560,1.7844352722167969,,,0.00013685290827864126,9705.63940666
35980,73687040,1.7103948593139648,,,0.0001367851904758976,9707.948894266001
35990,73707520,1.923995018005371,,,0.00013671748009590122,9710.418011685
36000,73728000,1.7109508514404297,1.694839072227478,5.445769519134049,0.00013664977715646535,9715.170008148001
36010,73748480,1.844862699508667,,,0.00013658208167540117,9720.116067727002
36020,73768960,1.9770687818527222,,,0.00013651439367051813,9722.439398963
36030,73789440,1.5578837394714355,,,0.00013644671315962345,9725.127495922
36040,73809920,1.7933599948883057,,,0.00013637904016052264,9727.411785608001
36050,73830400,1.9657468795776367,,,0.00013631137469101898,9729.779956641001
36060,73850880,1.7158849239349365,,,0.00013624371676891395,9732.167226584
36070,73871360,1.9233945608139038,,,0.00013617606641200698,9734.401877838001
36080,73891840,1.5542702674865723,,,0.00013610842363809552,9736.981498829002
36090,73912320,1.8110439777374268,,,0.00013604078846497498,9739.446309015
36100,73932800,1.6129343509674072,1.6937224745750428,5.43969217927642,0.0001359731609104389,9744.224544174001
36110,73953280,1.7536096572875977,,,0.00013590554099227856,9746.452511554002
36120,73973760,1.7130597829818726,,,0.00013583792872828358,9748.730040928001
36130,73994240,1.9386258125305176,,,0.0001357703241362413,9751.120792194
36140,74014720,1.783982753753662,,,0.00013570272723393713,9753.620008179001
36150,74035200,1.942610263824463,,,0.00013563513803915443,9756.112034701
36160,74055680,1.673736333847046,,,0.00013556755656967458,9758.495051629001
36170,74076160,1.8126344680786133,,,0.00013549998284327692,9760.806718545002
36180,74096640,1.626075267791748,,,0.00013543241687773866,9763.203524119
36190,74117120,1.6689209938049316,,,0.0001353648586908351,9765.523367358
36200,74137600,1.5847786664962769,1.6922797739505768,5.431849990298162,0.00013529730830033946,9770.101100972
36210,74158080,1.668748140335083,,,0.00013522976572402287,9772.377743697001
36220,74178560,1.9437810182571411,,,0.00013516223097965433,9774.627889699
36230,74199040,1.5325063467025757,,,0.000135094704085001,9777.174013845
36240,74219520,1.733446478843689,,,0.00013502718505782778,9779.429931929
36250,74240000,1.713179588317871,,,0.00013495967391589754,9781.860163318
36260,74260480,1.545639991760254,,,0.00013489217067697115,9784.192167008001
36270,74280960,1.756563663482666,,,0.00013482467535880734,9786.402199864002
36280,74301440,1.64335298538208,,,0.00013475718797916272,9788.600527133001
36290,74321920,1.522944688796997,,,0.00013468970855579196,9790.814921986
36300,74342400,1.8410334587097168,1.6926008462905884,5.433594287092881,0.0001346222371064474,9794.475605849
36310,74362880,1.8801448345184326,,,0.00013455477364887955,9796.765999457
36320,74383360,1.6873458623886108,,,0.00013448731820083656,9798.998831168
36330,74403840,1.8903999328613281,,,0.0001344198707800647,9801.632886594001
36340,74424320,1.6615712642669678,,,0.00013435243140430796,9803.898521643001
36350,74444800,1.7569248676300049,,,0.0001342850000913083,9806.299577867001
36360,74465280,1.4841457605361938,,,0.00013421757685880558,9808.887381483
36370,74485760,1.9869517087936401,,,0.00013415016172453744,9811.260072996001
36380,74506240,1.8345788717269897,,,0.00013408275470623947,9813.542508737
36390,74526720,1.8255150318145752,,,0.000134015355821645,9815.899242617
36400,74547200,1.4818506240844727,1.6882119536399842,5.409799080559442,0.0001339479650884855,9820.480050585
36410,74567680,1.7229676246643066,,,0.00013388058252449,9822.875626756
36420,74588160,1.5168147087097168,,,0.0001338132081473855,9825.259006184002
36430,74608640,1.6744985580444336,,,0.00013374584197489681,9827.896374348002
36440,74629120,1.8304407596588135,,,0.00013367848402474672,9830.248610079001
36450,74649600,1.6372112035751343,,,0.0001336111343146556,9832.640617617
36460,74670080,1.848913550376892,,,0.0001335437928623419,9834.98216845
36470,74690560,1.5749380588531494,,,0.0001334764596855218,9837.425555954
36480,74711040,1.9406640529632568,,,0.00013340913480190927,9839.85187224
36490,74731520,1.5772501230239868,,,0.00013334181822921605,9842.320700258
36500,74752000,1.437300205230713,1.6875950396060944,5.406462728813041,0.00013327450998515197,9847.049467211
36510,74772480,1.9594902992248535,,,0.0001332072100874243,9851.960963582002
36520,74792960,1.6848303079605103,,,0.00013313991855373836,9854.337044076
36530,74813440,2.1883792877197266,,,0.00013307263540179715,9856.691761941001
36540,74833920,1.661180853843689,,,0.00013300536064930158,9859.036560763001
36550,74854400,1.7153241634368896,,,0.00013293809431395018,9861.650439257
36560,74874880,1.8186252117156982,,,0.00013287083641343945,9863.922127369002
36570,74895360,1.7410306930541992,,,0.00013280358696546362,9866.38218213
36580,74915840,1.7458302974700928,,,0.00013273634598771455,9868.978447541002
36590,74936320,2.028000831604004,,,0.00013266911349788202,9871.198801334001
36600,74956800,1.750977635383606,1.6853001177310944,5.394069545363446,0.00013260188951365358,9875.83145573
36610,74977280,1.8189866542816162,,,0.0001325346740527145,9878.255870475
36620,74997760,1.890224814414978,,,0.00013246746713274776,9880.536777608
36630,75018240,1.7566202878952026,,,0.00013240026877143425,9882.809866933001
36640,75038720,1.775125503540039,,,0.00013233307898645238,9885.224934401002
36650,75059200,1.6654633283615112,,,0.0001322658977954785,9887.771130053
36660,75079680,1.5602145195007324,,,0.0001321987252161866,9890.06024142
36670,75100160,1.8080004453659058,,,0.00013213156126624844,9892.386837503
36680,75120640,1.676060676574707,,,0.00013206440596333352,9894.826510539002
36690,75141120,1.5213696956634521,,,0.00013199725932510898,9897.038129888
36700,75161600,1.7209877967834473,1.687149602174759,5.404055024223193,0.00013193012136923982,9900.733577014002
36710,75182080,1.6859126091003418,,,0.00013186299211338868,9902.969626607
36720,75202560,1.6685209274291992,,,0.00013179587157521582,9905.367243966
36730,75223040,1.6942670345306396,,,0.00013172875977237943,9907.573996113
36740,75243520,1.783428430557251,,,0.00013166165672253517,9910.106096409001
36750,75264000,1.7320411205291748,,,0.00013159456244333658,9912.569867595
36760,75284480,1.5460658073425293,,,0.0001315274769524347,9914.92643526
36770,75304960,1.6923115253448486,,,0.00013146040026747844,9917.204243074
36780,75325440,1.7735228538513184,,,0.0001313933324061144,9919.771964647001
36790,75345920,1.769280195236206,,,0.00013132627338598661,9922.148897118
36800,75366400,1.7668907642364502,1.6883360385894775,5.410470396854385,0.00013125922322473711,9925.700569566001
36810,75386880,1.6473746299743652,,,0.00013119218194000533,9927.913238043002
36820,75407360,1.5818164348602295,,,0.00013112514954942856,9930.395844624001
36830,75427840,1.6058144569396973,,,0.0001310581260706416,9932.660515117
36840,75448320,1.693142056465149,,,0.000130991111521277,9935.057625606001
36850,75468800,1.6528934240341187,,,0.00013092410591896496,9937.424572101001
36860,75489280,1.7976324558258057,,,0.0001308571092813333,9939.602439350001
36870,75509760,1.597440242767334,,,0.00013079012162600743,9942.176323942
36880,75530240,1.8282289505004883,,,0.00013072314297061052,9944.380417517
36890,75550720,1.4914417266845703,,,0.00013065617333276323,9946.830523277
36900,75571200,1.7087159156799316,1.6852152824401856,5.393611957314465,0.000130589212730084,9951.475116061001
36910,75591680,1.4819371700286865,,,0.00013052226118018877,9953.785693722
36920,75612160,1.8346209526062012,,,0.0001304553187006912,9956.113107787001
36930,75632640,1.833653450012207,,,0.00013038838530920235,9958.488162957
36940,75653120,1.9791536331176758,,,0.00013032146102333125,9960.710199878002
36950,75673600,1.6956381797790527,,,0.00013025454586068419,9962.958275925
36960,75694080,1.697993278503418,,,0.00013018763983886522,9965.271942044
36970,75714560,1.842590093612671,,,0.000130120742975476,9967.595202312
36980,75735040,1.7385165691375732,,,0.00013005385528811576,9970.11228573
36990,75755520,1.9264769554138184,,,0.00012998697679438126,9972.638102605
37000,75776000,1.573570728302002,1.6877614080905914,5.407362268649188,0.00012992010751186684,9976.352081875
37010,75796480,1.791137456893921,,,0.0001298532474581646,9980.742260014002
37020,75816960,1.9132258892059326,,,0.0001297863966508639,9982.940899003
37030,75837440,1.9133371114730835,,,0.00012971955510755198,9985.202076704001
37040,75857920,1.6678922176361084,,,0.0001296527228458134,9987.500227697
37050,75878400,1.7879072427749634,,,0.0001295858998832305,9989.859390317
37060,75898880,1.679688811302185,,,0.00012951908623738288,9992.152192044001
37070,75919360,1.6182703971862793,,,0.00012945228192584804,9994.414013134001
37080,75939840,1.70904541015625,,,0.00012938548696620074,9996.665127329
37090,75960320,1.6973885297775269,,,0.00012931870137601346,9999.28089315
37100,75980800,1.9130704402923584,1.6893075168132783,5.415729104972075,0.000129251925172856,10002.907590232
37110,76001280,1.4969384670257568,,,0.00012918515837429602,10005.121901088001
37120,76021760,1.7493152618408203,,,0.00012911840099789839,10007.447969018001
37130,76042240,1.6734288930892944,,,0.00012905165306122568,10009.737648917002
37140,76062720,1.7898179292678833,,,0.00012898491458183787,10012.027249042001
37150,76083200,1.7569295167922974,,,0.0001289181855772926,10014.239841512
37160,76103680,1.7079981565475464,,,0.00012885146606514487,10016.518677032
37170,76124160,1.9943721294403076,,,0.0001287847560629472,10019.084011208
37180,76144640,1.5289307832717896,,,0.0001287180555882497,10021.297814975002
37190,76165120,1.7335047721862793,,,0.00012865136465859995,10023.71421577
37200,76185600,1.9505164623260498,1.687680822610855,5.406926531323948,0.0001285846832915429,10027.559240926
37210,76206080,1.6367508172988892,,,0.0001285180115046211,10029.875979887001
37220,76226560,1.4648633003234863,,,0.00012845134931537463,10032.151234691
37230,76247040,1.4279638528823853,,,0.00012838469674134086,10034.575443695001
37240,76267520,1.8738067150115967,,,0.00012831805380005484,10036.992551431002
37250,76288000,1.702049732208252,,,0.00012825142050904888,10039.261805991002
37260,76308480,1.7396044731140137,,,0.00012818479688585295,10041.839599440002
37270,76328960,1.8592965602874756,,,0.00012811818294799427,10044.160529115
37280,76349440,2.1876626014709473,,,0.00012805157871299775,10046.701643835
37290,76369920,1.5348700284957886,,,0.00012798498419838554,10048.930303751
37300,76390400,1.7366936206817627,1.6840408265590667,5.387281116405095,0.0001279183994216773,10053.533093733
37310,76410880,1.6298388242721558,,,0.0001278518244003902,10056.010508236
37320,76431360,1.54815673828125,,,0.00012778525915203877,10058.296001808001
37330,76451840,1.654458999633789,,,0.00012771870369413497,10060.595795445
37340,76472320,1.8005129098892212,,,0.00012765215804418821,10063.134464341001
37350,76492800,1.7640045881271362,,,0.00012758562221970528,10065.611896492
37360,76513280,1.662278413772583,,,0.00012751909623819047,10067.853746792001
37370,76533760,1.5740337371826172,,,0.0001274525801171453,10070.305083273
37380,76554240,1.7070469856262207,,,0.000127386073874069,10072.739405915001
37390,76574720,1.8408879041671753,,,0.00012731957752645787,10075.009638862
37400,76595200,1.7790436744689941,1.6838992893695832,5.386518669735473,0.00012725309109180586,10079.547362594001
37410,76615680,1.8530278205871582,,,0.00012718661458760414,10081.984936059001
37420,76636160,1.6495951414108276,,,0.00012712014803134132,10084.452285923002
37430,76656640,1.6709787845611572,,,0.00012705369144050356,10086.93682803
37440,76677120,1.9274975061416626,,,0.00012698724483257404,10089.366573012001
37450,76697600,1.575732946395874,,,0.00012692080822503368,10091.651552972002
37460,76718080,1.7503279447555542,,,0.00012685438163536052,10094.177495179001
37470,76738560,1.7265758514404297,,,0.00012678796508103012,10096.397525704
37480,76759040,1.6602996587753296,,,0.0001267215585795153,10098.640504642
37490,76779520,1.6017615795135498,,,0.0001266551621482863,10101.122346064001
37500,76800000,1.7678298950195312,1.6814053177833557,5.373101583095298,0.00012658877580481063,10105.844664507
37510,76820480,1.5528067350387573,,,0.00012652239956655322,10110.140460893
37520,76840960,1.7081849575042725,,,0.00012645603345097633,10112.423101443
37530,76861440,1.626861333847046,,,0.00012638967747553956,10114.764607415
37540,76881920,1.7347060441970825,,,0.00012632333165769977,10117.057302780002
37550,76902400,1.5337162017822266,,,0.0001262569960149113,10119.298140323
37560,76922880,1.7019983530044556,,,0.00012619067056462567,10121.672112079
37570,76943360,1.5481144189834595,,,0.00012612435532429175,10124.047906057001
37580,76963840,1.6735186576843262,,,0.0001260580503113557,10126.818455528
37590,76984320,1.5494507551193237,,,0.0001259917555432612,10129.289979606001
37600,77004800,1.5510632991790771,1.6817791640758515,5.375110672723297,0.00012592547103744888,10132.975585379001
37610,77025280,1.795457124710083,,,0.00012585919681135695,10135.404875875001
37620,77045760,1.8405946493148804,,,0.00012579293288242078,10137.647887925
37630,77066240,1.6015050411224365,,,0.00012572667926807315,10139.879352834001
37640,77086720,1.7267787456512451,,,0.0001256604359857439,10142.364273391002
37650,77107200,1.5773124694824219,,,0.0001255942030528605,10144.784209529
37660,77127680,1.7603756189346313,,,0.00012552798048684737,10147.036181123001
37670,77148160,1.6119394302368164,,,0.00012546176830512633,10149.316145004
37680,77168640,1.4113763570785522,,,0.00012539556652511652,10151.746249564001
37690,77189120,1.6660250425338745,,,0.00012532937516423424,10154.046743539002
37700,77209600,1.702589750289917,1.6805297493934632,5.368399124156077,0.00012526319423989318,10158.71707228
37710,77230080,1.6049797534942627,,,0.0001251970237695041,10160.991184351002
37720,77250560,1.7437191009521484,,,0.00012513086377047522,10163.339574269
37730,77271040,1.570662498474121,,,0.00012506471426021186,10165.615294551
37740,77291520,1.6748619079589844,,,0.00012499857525611658,10167.827893393001
37750,77312000,1.4288427829742432,,,0.00012493244677558925,10170.197209410002
37760,77332480,1.948721170425415,,,0.000124866328836027,10172.588631048002
37770,77352960,1.4433815479278564,,,0.000124800221454824,10174.897642877
37780,77373440,1.7946308851242065,,,0.0001247341246493719,10177.12717431
37790,77393920,1.6686705350875854,,,0.00012466803843705931,10179.352705188001
37800,77414400,1.7810072898864746,1.6820558428764343,5.376598057651677,0.00012460196283527232,10182.993223628
37810,77434880,1.8272401094436646,,,0.00012453589786139393,10185.306126542
37820,77455360,1.7645546197891235,,,0.00012446984353280469,10187.830363892
37830,77475840,1.8411344289779663,,,0.00012440379986688197,10190.262061223
37840,77496320,1.4528162479400635,,,0.00012433776688100065,10192.514193918001
37850,77516800,1.6114444732666016,,,0.0001242717445925326,10194.994180342
37860,77537280,1.6305360794067383,,,0.00012420573301884702,10197.274300958
37870,77557760,1.6951780319213867,,,0.00012413973217731018,10199.721634796
37880,77578240,1.6897413730621338,,,0.00012407374208528557,10201.960760279
37890,77598720,1.7258708477020264,,,0.00012400776276013392,10204.284808064001
37900,77619200,1.771524429321289,1.6775977909564972,5.3526822529166385,0.00012394179421921296,10208.791271976
37910,77639680,1.703423261642456,,,0.00012387583647987776,10211.364422409
37920,77660160,1.5457828044891357,,,0.0001238098895594804,10213.880288452001
37930,77680640,1.781667709350586,,,0.00012374395347537027,10216.707682973001
37940,77701120,1.5336568355560303,,,0.00012367802824489376,10218.950921074
37950,77721600,1.5993304252624512,,,0.00012361211388539446,10221.295196628002
37960,77742080,1.8461592197418213,,,0.00012354621041421314,10223.846158953002
37970,77762560,2.1003496646881104,,,0.00012348031784868772,10226.392101495001
37980,77783040,1.6431593894958496,,,0.0001234144362061531,10228.836536246
37990,77803520,1.421942949295044,,,0.00012334856550394148,10231.348118670001
38000,77824000,1.6824150085449219,1.677821809053421,5.353881484928195,0.0001232827057593821,10235.057997666001
38010,77844480,1.5868289470672607,,,0.00012321685698980133,10239.516879795001
38020,77864960,2.107198715209961,,,0.00012315101921252263,10241.950360288001
38030,77885440,1.789219856262207,,,0.00012308519244486665,10244.524243839001
38040,77905920,1.8815314769744873,,,0.000123019376704151,10246.988040424001
38050,77926400,1.9222567081451416,,,0.00012295357200769054,10249.392351887001
38060,77946880,1.5974063873291016,,,0.00012288777837279714,10251.643288141
38070,77967360,1.694221019744873,,,0.0001228219958167798,10254.042466849001
38080,77987840,1.8216338157653809,,,0.0001227562243569445,10256.352516160001
38090,78008320,1.6915686130523682,,,0.00012269046401059447,10258.586751065
38100,78028800,1.3882710933685303,1.6775937616825103,5.352660685536727,0.00012262471479502994,10263.083473227001
38110,78049280,1.6163418292999268,,,0.0001225589767275481,10265.456170331001
38120,78069760,1.93158757686615,,,0.00012249324982544345,10267.977413668
38130,78090240,2.028449296951294,,,0.0001224275341060073,10270.394816831002
38140,78110720,1.606248378753662,,,0.0001223618295865282,10272.879311311
38150,78131200,1.6634445190429688,,,0.00012229613628429156,10275.573820630001
38160,78151680,1.9495551586151123,,,0.00012223045421658015,10277.9845976
38170,78172160,1.6471562385559082,,,0.00012216478340067348,10280.339903580001
38180,78192640,1.873764991760254,,,0.00012209912385384826,10282.729427472
38190,78213120,1.5302393436431885,,,0.0001220334755933781,10284.940211048
38200,78233600,1.765628457069397,1.678715705871582,5.358669442203452,0.00012196783863653388,10288.793744401
38210,78254080,1.5383394956588745,,,0.00012190221300058325,10291.170641812001
38220,78274560,2.0394718647003174,,,0.00012183659870279104,10293.746508728
38230,78295040,1.4435243606567383,,,0.00012177099576041901,10296.176854879
38240,78315520,1.9257276058197021,,,0.00012170540419072603,10298.483924207001
38250,78336000,1.556959629058838,,,0.00012163982401096784,10300.686924307001
38260,78356480,1.7640721797943115,,,0.00012157425523839734,10302.890524147
38270,78376960,1.615347981452942,,,0.00012150869789026431,10305.099841683
38280,78397440,1.8801019191741943,,,0.00012144315198381558,10307.418529979
38290,78417920,1.7681618928909302,,,0.00012137761753629491,10310.184832478
38300,78438400,1.7572063207626343,1.6777685463428498,5.353596330282353,0.00012131209456494315,10313.791915360001
38310,78458880,1.6830296516418457,,,0.00012124658308699808,10316.052314016
38320,78479360,1.946677803993225,,,0.00012118108311969437,10318.27388733
38330,78499840,2.061673641204834,,,0.00012111559468026385,10320.574540581001
38340,78520320,1.8518885374069214,,,0.00012105011778593511,10322.927418149
38350,78540800,1.5800873041152954,,,0.00012098465245393386,10325.443828564
38360,78561280,1.841902256011963,,,0.00012091919870148265,10327.762957987
38370,78581760,1.9654004573822021,,,0.00012085375654580112,10329.983759207
38380,78602240,2.0331552028656006,,,0.0001207883260041057,10332.350290306
38390,78622720,1.6398289203643799,,,0.0001207229070936099,10334.673808753001
38400,78643200,1.4737138748168945,1.6772188246250153,5.35065415087513,0.0001206574998315241,10339.128202005
38410,78663680,1.6210987567901611,,,0.00012059210423505566,10341.507175457002
38420,78684160,1.714245080947876,,,0.00012052672032140875,10343.846501799
38430,78704640,1.8433661460876465,,,0.00012046134810778469,10346.100938857002
38440,78725120,1.6855618953704834,,,0.00012039598761138151,10348.528717870002
38450,78745600,1.9852352142333984,,,0.00012033063884939425,10351.098980176
38460,78766080,1.857372522354126,,,0.00012026530183901482,10353.429466076
38470,78786560,1.6476516723632812,,,0.00012019997659743215,10355.765587401002
38480,78807040,1.6597768068313599,,,0.0001201346631418319,10358.180918014
38490,78827520,1.8032164573669434,,,0.0001200693614893968,10360.462433336
38500,78848000,1.5903630256652832,1.6778278410434724,5.353913779585449,0.00012000407165730633,10364.021538039
38510,78868480,1.575934648513794,,,0.000119938793662737,10369.321584711
38520,78888960,1.5554648637771606,,,0.00011987352752286211,10371.787822623
38530,78909440,1.5630459785461426,,,0.0001198082732548518,10374.152191661
38540,78929920,1.591529130935669,,,0.00011974303087587325,10376.451353648
38550,78950400,1.586721420288086,,,0.00011967780040309036,10378.661808017001
38560,78970880,1.6843793392181396,,,0.00011961258185366394,10381.093351245001
38570,78991360,1.7005995512008667,,,0.0001195473752447517,10383.513265720001
38580,79011840,1.7820348739624023,,,0.00011948218059350821,10385.937129055
38590,79032320,1.7019989490509033,,,0.00011941699791708479,10388.260538485001
38600,79052800,2.0096793174743652,1.6742591261863708,5.334841240405451,0.00011935182723262977,10392.8408839
38610,79073280,1.718913197517395,,,0.00011928666855728818,10395.114971055002
38620,79093760,1.5487518310546875,,,0.00011922152190820202,10397.369136741001
38630,79114240,1.68552565574646,,,0.00011915638730250992,10399.671805295002
38640,79134720,1.7566872835159302,,,0.00011909126475734768,10401.921470061001
38650,79155200,1.8416210412979126,,,0.00011902615428984759,10404.154547336
38660,79175680,1.5275421142578125,,,0.00011896105591713894,10406.547604281
38670,79196160,1.7372510433197021,,,0.00011889596965634778,10408.788125142
38680,79216640,1.6346181631088257,,,0.00011883089552459702,10411.129257827
38690,79237120,1.6833128929138184,,,0.00011876583353900634,10413.370816185
38700,79257600,1.6497647762298584,1.6749588251113892,5.338575329303155,0.00011870078371669225,10417.029096234
38710,79278080,1.6518821716308594,,,0.00011863574607476801,10419.284412625
38720,79298560,1.699875831604004,,,0.00011857072063034375,10421.833004147
38730,79319040,1.9476354122161865,,,0.0001185057074005263,10424.181200941
38740,79339520,1.7223451137542725,,,0.00011844070640241939,10426.579899013
38750,79360000,1.6512072086334229,,,0.00011837571765312347,10429.054819295001
38760,79380480,1.6766877174377441,,,0.00011831074116973569,10431.309197985001
38770,79400960,1.5994553565979004,,,0.00011824577696935018,10433.551475328
38780,79421440,1.4749367237091064,,,0.00011818082506905757,10436.224206131
38790,79441920,1.842282772064209,,,0.00011811588548594553,10438.600131957
38800,79462400,1.6680835485458374,1.6735350131988525,5.330979610873706,0.00011805095823709821,10443.336903676001
38810,79482880,1.643703579902649,,,0.00011798604333959681,10445.712206229
38820,79503360,1.7079763412475586,,,0.00011792114081051902,10448.000720278
38830,79523840,1.6596260070800781,,,0.00011785625066693941,10450.299059767001
38840,79544320,1.552296757698059,,,0.00011779137292592931,10452.685741353002
38850,79564800,1.535355806350708,,,0.00011772650760455674,10455.123463194
38860,79585280,1.7489945888519287,,,0.00011766165471988638,10457.593975831001
38870,79605760,1.7513952255249023,,,0.0001175968142889798,10460.186691387
38880,79626240,1.4507741928100586,,,0.00011753198632889516,10462.970487695002
38890,79646720,1.5145912170410156,,,0.00011746717085668745,10465.290739678001
38900,79667200,1.7243248224258423,1.6729043900966645,5.327618831777644,0.0001174023678894082,10469.955404253
38910,79687680,1.7179033756256104,,,0.0001173375774441059,10472.478809700002
38920,79708160,1.4763555526733398,,,0.00011727279953782553,10474.790859187
38930,79728640,1.6665534973144531,,,0.00011720803418760886,10477.109247258
38940,79749120,1.8023743629455566,,,0.00011714328141049431,10479.508054835002
38950,79769600,1.6566452980041504,,,0.0001170785412235171,10481.720848037
38960,79790080,2.1019678115844727,,,0.00011701381364370907,10484.384482596
38970,79810560,1.675700068473816,,,0.00011694909868809865,10486.725469571
38980,79831040,1.9030272960662842,,,0.00011688439637371114,10489.04946191
38990,79851520,1.6322343349456787,,,0.00011681970671756837,10491.519245128002
39000,79872000,1.6846027374267578,1.6748547196388244,5.338019583324276,0.00011675502973668886,10495.339397610001
39010,79892480,1.8262548446655273,,,0.00011669036544808786,10499.900678383001
39020,79912960,1.8010693788528442,,,0.00011662571386877726,10502.360736718001
39030,79933440,1.636228084564209,,,0.0001165610750157655,10504.781917847002
39040,79953920,1.9569621086120605,,,0.00011649644890605782,10507.295102069002
39050,79974400,1.7360159158706665,,,0.00011643183555665606,10509.649316866002
39060,79994880,1.7268283367156982,,,0.00011636723498455866,10511.903155071
39070,80015360,1.4408072233200073,,,0.00011630264720676069,10514.198090616
39080,80035840,1.5998687744140625,,,0.00011623807224025399,10516.3916054
39090,80056320,1.742689609527588,,,0.00011617351010202684,10518.668894647
39100,80076800,2.117842674255371,1.6715668976306914,5.320497944856407,0.00011610896080906429,10523.37619909
39110,80097280,1.7596826553344727,,,0.00011604442437834788,10525.651880973
39120,80117760,1.8069062232971191,,,0.00011597990082685598,10528.057479525001
39130,80138240,1.5452032089233398,,,0.0001159153901715633,10530.501386284
39140,80158720,1.5196998119354248,,,0.00011585089242944136,10533.012834728
39150,80179200,1.546659231185913,,,0.00011578640761745821,10535.460963340001
39160,80199680,1.455758810043335,,,0.00011572193575257849,10537.954045725
39170,80220160,1.7480181455612183,,,0.00011565747685176345,10540.484259376
39180,80240640,1.4920068979263306,,,0.00011559303093197094,10542.930703375001
39190,80261120,1.7712534666061401,,,0.0001155285980101554,10545.351959547
39200,80281600,1.7017033100128174,1.6697189271450044,5.310674900828346,0.00011546417810326775,10550.017287984001
39210,80302080,1.9379661083221436,,,0.00011539977122825564,10552.500593479
39220,80322560,1.9037896394729614,,,0.00011533537740206318,10555.029408031001
39230,80343040,1.6234796047210693,,,0.00011527099664163117,10557.399765881
39240,80363520,1.521181344985962,,,0.00011520662896389673,10559.753919745
39250,80384000,1.9414018392562866,,,0.0001151422743857939,10561.966162351
39260,80404480,1.8280596733093262,,,0.0001150779329242529,10564.207007843
39270,80424960,1.8450868129730225,,,0.00011501360459620073,10566.445351519
39280,80445440,1.862089991569519,,,0.00011494928941856091,10568.863909656
39290,80465920,1.577535629272461,,,0.00011488498740825345,10571.330811384001
39300,80486400,1.82136869430542,1.6724057495594025,5.324962927286891,0.00011482069858219487,10575.324646161
39310,80506880,1.9389452934265137,,,0.00011475642295729829,10577.647045053001
39320,80527360,1.7145061492919922,,,0.00011469216055047334,10579.957103304001
39330,80547840,1.6655420064926147,,,0.0001146279113786262,10582.23344406
39340,80568320,1.7394659519195557,,,0.0001145636754586594,10584.56911443
39350,80588800,1.648141622543335,,,0.00011449945280747228,10586.877238838
39360,80609280,1.7184319496154785,,,0.00011443524344196041,10589.297362856001
39370,80629760,1.5846080780029297,,,0.00011437104737901604,10591.709668657
39380,80650240,2.2215538024902344,,,0.00011430686463552778,10594.079225283
39390,80670720,1.8667820692062378,,,0.00011424269522838091,10596.401072965
39400,80691200,1.4381356239318848,1.6721598267555238,5.323653558481686,0.00011417853917445709,10600.06856558
39410,80711680,1.9220902919769287,,,0.00011411439649063439,10602.478541003002
39420,80732160,1.6181249618530273,,,0.00011405026719378758,10604.842825470001
39430,80752640,1.8005120754241943,,,0.00011398615130078771,10607.077456198
39440,80773120,1.6622602939605713,,,0.0001139220488285024,10609.416762517001
39450,80793600,1.6816432476043701,,,0.00011385795979379573,10611.789354695
39460,80814080,1.6509921550750732,,,0.00011379388421352823,10614.289070593
39470,80834560,1.6985445022583008,,,0.00011372982210455684,10616.744666305001
39480,80855040,1.6145479679107666,,,0.00011366577348373507,10619.065253656001
39490,80875520,1.9472510814666748,,,0.00011360173836791278,10621.45965086
39500,80896000,1.6825666427612305,1.6707044780254363,5.315911421157298,0.00011353771677393638,10625.092058241
39510,80916480,1.712515115737915,,,0.00011347370871864856,10629.489456513002
39520,80936960,1.7582628726959229,,,0.00011340971421888866,10631.728449033
39530,80957440,1.7231160402297974,,,0.00011334573329149224,10633.989158475
39540,80977920,1.6452151536941528,,,0.0001132817659532915,10636.331380898002
39550,80998400,1.5405923128128052,,,0.00011321781222111481,10639.067684748
39560,81018880,1.5732386112213135,,,0.00011315387211178728,10641.284247777001
39570,81039360,1.6379886865615845,,,0.00011308994564213011,10643.59808483
39580,81059840,1.6915130615234375,,,0.00011302603282896116,10645.814386533
39590,81080320,1.6408281326293945,,,0.00011296213368909454,10648.106046215002
39600,81100800,1.639402985572815,1.6685657441616057,5.304554250695425,0.00011289824823934088,10652.681456782
39610,81121280,1.787318468093872,,,0.00011283437649650712,10654.934292815
39620,81141760,1.574148416519165,,,0.00011277051847739663,10657.401814812001
39630,81162240,1.7743453979492188,,,0.00011270667419880921,10659.832363479001
39640,81182720,1.5666322708129883,,,0.00011264284367754093,10662.225451870001
39650,81203200,1.6303209066390991,,,0.00011257902693038436,10664.455598640001
39660,81223680,1.7020663022994995,,,0.00011251522397412836,10666.636373649
39670,81244160,1.5935912132263184,,,0.00011245143482555828,10669.115769777001
39680,81264640,1.6481919288635254,,,0.00011238765950145565,10671.671813503
39690,81285120,2.1270365715026855,,,0.00011232389801859857,10674.162229244
39700,81305600,1.7130498886108398,1.6698456048965453,5.311347687796618,0.00011226015039376133,10677.872136702
39710,81326080,1.8051694631576538,,,0.0001121964166437147,10680.12880068
39720,81346560,1.6707651615142822,,,0.00011213269678522564,10682.764419801
39730,81367040,1.5617234706878662,,,0.00011206899083505772,10685.159616638
39740,81387520,1.7057058811187744,,,0.00011200529880997056,10687.559783365
39750,81408000,1.8034807443618774,,,0.0001119416207267203,10689.940573903
39760,81428480,1.922940731048584,,,0.00011187795660205935,10692.203086449
39770,81448960,1.6184335947036743,,,0.00011181430645273649,10694.676631925002
39780,81469440,1.7030277252197266,,,0.0001117506702954967,10696.98955052
39790,81489920,1.65828275680542,,,0.00011168704814708147,10699.412672925
39800,81510400,1.543128252029419,1.6673575162887573,5.298149010670668,0.00011162344002422844,10703.973550314
39810,81530880,1.639859676361084,,,0.00011155984594367167,10706.432903442
39820,81551360,1.6959340572357178,,,0.00011149626592214141,10708.782302891
39830,81571840,1.6010191440582275,,,0.00011143269997636433,10711.115727493001
39840,81592320,1.6768786907196045,,,0.00011136914812306341,10713.522061909001
39850,81612800,2.00584077835083,,,0.00011130561037895771,10716.120395014
39860,81633280,1.8261650800704956,,,0.0001112420867607629,10718.619155759001
39870,81653760,1.487055778503418,,,0.00011117857728519062,10720.988713888
39880,81674240,1.6123056411743164,,,0.00011111508196894901,10723.345725541001
39890,81694720,1.6103739738464355,,,0.00011105160082874235,10725.877562159001
39900,81715200,1.5898327827453613,1.670184600353241,5.313148515750714,0.00011098813388127133,10730.013075214001
39910,81735680,1.6685105562210083,,,0.00011092468114323276,10732.520026137001
39920,81756160,1.8603934049606323,,,0.00011086124263131979,10734.977786939002
39930,81776640,1.38634192943573,,,0.0001107978183622218,10737.275402385001
39940,81797120,1.6957147121429443,,,0.00011073440835262449,10739.682914895002
39950,81817600,1.8330024480819702,,,0.00011067101261920964,10741.91902336
39960,81838080,1.848296880722046,,,0.00011060763117865553,10744.3112115
39970,81858560,1.762353539466858,,,0.00011054426404763645,10746.785583
39980,81879040,1.5967111587524414,,,0.00011048091124282306,10749.224927814
39990,81899520,1.6630399227142334,,,0.00011041757278088213,10751.624750385
40000,81920000,1.5293818712234497,1.6729920744895934,5.328086001282103,0.00011035424867847683,10755.644194921
40010,81940480,1.608026385307312,,,0.00011029093895226639,10761.183674882
40020,81960960,1.8453478813171387,,,0.00011022764361890634,10763.680312824
40030,81981440,1.7958544492721558,,,0.00011016436269504839,10766.145588053001
40040,82001920,1.7592145204544067,,,0.0001101010961973405,10768.49918629
40050,82022400,1.666048526763916,,,0.00011003784414242681,10770.767028438
40060,82042880,1.6639618873596191,,,0.00010997460654694761,10773.01942079
40070,82063360,1.7185237407684326,,,0.00010991138342753951,10775.50834986
40080,82083840,1.7181777954101562,,,0.0001098481748008352,10777.937876244001
40090,82104320,1.5299417972564697,,,0.00010978498068346357,10780.453390957002
40100,82124800,1.7002042531967163,1.6689862668514253,5.30678540520989,0.00010972180109204975,10784.155989272
40110,82145280,2.272775173187256,,,0.00010965863604321506,10786.392879680001
40120,82165760,1.6404900550842285,,,0.00010959548555357683,10788.821054205
40130,82186240,1.8274602890014648,,,0.00010953234963974879,10791.260771000001
40140,82206720,1.5006072521209717,,,0.00010946922831834067,10793.777549032002
40150,82227200,1.6999801397323608,,,0.00010940612160595846,10796.066547809001
40160,82247680,1.8636555671691895,,,0.00010934302951920417,10798.346459485001
40170,82268160,1.5790011882781982,,,0.00010927995207467616,10800.800744063
40180,82288640,1.6577796936035156,,,0.00010921688928896878,10803.004190183
40190,82309120,1.7944623231887817,,,0.0001091538411786726,10805.31513662
40200,82329600,1.7987176179885864,1.6687092423439025,5.305315499205877,0.0001090908077603743,10808.979821885001
40210,82350080,1.7353246212005615,,,0.00010902778905065671,10811.359802447001
40220,82370560,1.5302640199661255,,,0.00010896478506609874,10813.80206299
40230,82391040,1.5298428535461426,,,0.0001089017958232755,10816.302301265001
40240,82411520,1.858832597732544,,,0.00010883882133875819,10818.884770069
40250,82432000,1.6133086681365967,,,0.00010877586162911409,10821.251340846
40260,82452480,1.784880518913269,,,0.00010871291671090671,10823.555429834001
40270,82472960,1.5172252655029297,,,0.00010864998660069555,10825.827690815
40280,82493440,1.73521888256073,,,0.00010858707131503619,10828.021262100001
40290,82513920,1.549253225326538,,,0.00010852417087048044,10830.249558423002
40300,82534400,1.5816078186035156,1.6655488908290863,5.288575303715643,0.00010846128528357612,10834.814622786002
40310,82554880,1.7461090087890625,,,0.00010839841457086717,10837.165988621
40320,82575360,1.7224218845367432,,,0.00010833555874889357,10839.597120454
40330,82595840,1.680795431137085,,,0.00010827271783419148,10841.950052844
40340,82616320,1.7371551990509033,,,0.0001082098918432931,10844.380749301
40350,82636800,1.6519014835357666,,,0.00010814708079272648,10846.672879376001
40360,82657280,1.7820372581481934,,,0.00010808428469901622,10848.918810306
40370,82677760,1.7521920204162598,,,0.00010802150357868251,10851.241200072001
40380,82698240,1.6923942565917969,,,0.00010795873744824186,10853.57092263
40390,82718720,1.645991563796997,,,0.00010789598632420677,10855.886496919
40400,82739200,1.5867538452148438,1.6689300835132599,5.306487260666354,0.0001078332502230858,10859.414749669
40410,82759680,1.5143944025039673,,,0.00010777052916138353,10861.748242907
40420,82780160,1.5379793643951416,,,0.00010770782315560064,10864.129469451
40430,82800640,1.8921462297439575,,,0.0001076451322222338,10866.71670645
40440,82821120,1.9677656888961792,,,0.00010758245637777577,10869.124041144001
40450,82841600,1.7975754737854004,,,0.00010751979563871518,10871.450200723
40460,82862080,1.7323975563049316,,,0.00010745715002153695,10873.790000862002
40470,82882560,1.8299329280853271,,,0.00010739451954272179,10876.219949521
40480,82903040,1.7156882286071777,,,0.00010733190421874647,10878.648970669
40490,82923520,1.6578902006149292,,,0.00010726930406608402,10880.895292368
40500,82944000,1.6649820804595947,1.6652543783187865,5.287017981463736,0.00010720671910120308,10885.666844361001
40510,82964480,1.631091594696045,,,0.00010714414934056853,10890.012748569
40520,82984960,1.822500467300415,,,0.00010708159480064128,10892.383371233002
40530,83005440,1.7137458324432373,,,0.0001070190554978781,10894.975995098
40540,83025920,1.940988302230835,,,0.00010695653144873186,10897.369745519001
40550,83046400,1.850854754447937,,,0.00010689402266965135,10899.681866575
40560,83066880,1.9342241287231445,,,0.0001068315291770814,10902.001348854
40570,83087360,1.7040739059448242,,,0.0001067690509874628,10904.370805249
40580,83107840,1.616814374923706,,,0.00010670658811723219,10906.927068905
40590,83128320,1.8295598030090332,,,0.00010664414058282245,10909.299251483
40600,83148800,2.1001336574554443,1.6654622495174407,5.2881171144639385,0.00010658170840066215,10912.943827623001
40610,83169280,1.7358808517456055,,,0.00010651929158717597,10915.506264002
40620,83189760,1.3801064491271973,,,0.00010645689015878453,10917.695221934002
40630,83210240,1.840963363647461,,,0.00010639450413190435,10920.053419246
40640,83230720,1.7183436155319214,,,0.00010633213352294799,10922.403270498002
40650,83251200,1.4994038343429565,,,0.00010626977834832386,10924.861396032
40660,83271680,1.766028881072998,,,0.00010620743862443637,10927.128183372
40670,83292160,1.7839423418045044,,,0.00010614511436768586,10929.371597840001
40680,83312640,1.7663516998291016,,,0.00010608280559446849,10931.922833468001
40690,83333120,1.701282262802124,,,0.00010602051232117652,10934.388717876001
40700,83353600,1.6523821353912354,1.6618841171264649,5.26922934295464,0.00010595823456419812,10939.557952816001
40710,83374080,1.7345222234725952,,,0.00010589597233991719,10941.89849395
40720,83394560,1.598680019378662,,,0.0001058337256647137,10944.199280099001
40730,83415040,1.918953776359558,,,0.00010577149455496351,10946.628436174
40740,83435520,1.5605781078338623,,,0.00010570927902703836,10949.268809709001
40750,83456000,1.5064218044281006,,,0.00010564707909730591,10951.644620642
40760,83476480,1.7119038105010986,,,0.00010558489478212971,10954.014994582001
40770,83496960,1.545373797416687,,,0.00010552272609786918,10956.315671649001
40780,83517440,1.9983681440353394,,,0.0001054605730608797,10958.820901975001
40790,83537920,1.583561658859253,,,0.00010539843568751235,10961.140609131002
40800,83558400,1.7564376592636108,1.6632353723049165,5.276354229076285,0.00010533631399411441,10964.753255867001
40810,83578880,1.6535911560058594,,,0.00010527420799702867,10966.977811373
40820,83599360,1.6980938911437988,,,0.00010521211771259406,10969.505190127002
40830,83619840,1.7137088775634766,,,0.00010515004315714525,10971.845758250001
40840,83640320,1.431706428527832,,,0.00010508798434701281,10974.197257504002
40850,83660800,1.8525917530059814,,,0.00010502594129852318,10976.891623801
40860,83681280,1.493632197380066,,,0.0001049639140279986,10979.366312489
40870,83701760,1.5954638719558716,,,0.00010490190255175721,10981.855407483
40880,83722240,1.5431861877441406,,,0.00010483990688611304,10984.277875392001
40890,83742720,1.679098129272461,,,0.00010477792704737573,10986.557751871002
40900,83763200,1.7749135494232178,1.663726019859314,5.278943694580427,0.00010471596305185113,10990.416083838001
40910,83783680,1.899378776550293,,,0.0001046540149158406,10992.718829378002
40920,83804160,1.749072790145874,,,0.00010459208265564138,10995.180368941
40930,83824640,1.736616849899292,,,0.0001045301662875468,10997.605614818001
40940,83845120,1.8690054416656494,,,0.00010446826582784566,10999.881528788
40950,83865600,1.527558445930481,,,0.00010440638129282273,11002.209948385
40960,83886080,1.984354019165039,,,0.00010434451269875861,11004.464094104002
40970,83906560,1.678165316581726,,,0.00010428266006192968,11006.905846638001
40980,83927040,1.6627426147460938,,,0.00010422082339860811,11009.155295458
40990,83947520,1.5945093631744385,,,0.0001041590027250619,11011.518260403001
41000,83968000,1.6977784633636475,1.6651249945163726,5.286333971224741,0.00010409719805755479,11015.397679310001
41010,83988480,1.6938164234161377,,,0.00010403540941234643,11020.250980173001
41020,84008960,1.7470746040344238,,,0.00010397363680569199,11022.596976868
41030,84029440,1.708720326423645,,,0.00010391188025384281,11024.985851669
41040,84049920,1.5893077850341797,,,0.00010385013977304563,11027.253895419
41050,84070400,1.9075193405151367,,,0.00010378841537954317,11029.717334162
41060,84090880,1.60136079788208,,,0.00010372670708957391,11032.102612322
41070,84111360,1.5187273025512695,,,0.000103665014919372,11034.417267329001
41080,84131840,1.9508533477783203,,,0.00010360333888516745,11036.886800374
41090,84152320,1.8687602281570435,,,0.00010354167900318597,11039.267394121001
41100,84172800,1.8420064449310303,1.6651072382926941,5.28624010672965,0.000103480035289649,11043.109843603
41110,84193280,1.7527741193771362,,,0.00010341840776077387,11045.493355821001
41120,84213760,1.4832537174224854,,,0.0001033567964327734,11048.091761401001
41130,84234240,1.5668550729751587,,,0.00010329520132185629,11050.607727877
41140,84254720,1.803006649017334,,,0.00010323362244422711,11052.894346697001
41150,84275200,1.8904938697814941,,,0.00010317205981608589,11055.326947063
41160,84295680,1.8765411376953125,,,0.00010311051345362857,11057.663988449001
41170,84316160,1.771904468536377,,,0.00010304898337304672,11060.126369935
41180,84336640,1.845832109451294,,,0.00010298746959052771,11062.553740313
41190,84357120,1.5137780904769897,,,0.00010292597212225456,11064.97977879
41200,84377600,1.568091630935669,1.6641634821891784,5.281253538786358,0.000102864490984406,11068.566695217001
41210,84398080,1.5850290060043335,,,0.00010280302619315646,11070.965415428
41220,84418560,1.5168473720550537,,,0.0001027415777646762,11073.214812007001
41230,84439040,1.6789329051971436,,,0.00010268014571513085,11075.624716095
41240,84459520,1.8867524862289429,,,0.00010261873006068218,11077.921251976
41250,84480000,1.620758295059204,,,0.00010255733081748726,11080.245385952001
41260,84500480,1.5207040309906006,,,0.000102495948001699,11082.609015889
41270,84520960,1.48569655418396,,,0.00010243458162946601,11084.85670679
41280,84541440,1.7989975214004517,,,0.00010237323171693255,11087.128625349
41290,84561920,1.7313942909240723,,,0.00010231189828023855,11089.432308512001
41300,84582400,1.5109076499938965,1.6608633637428283,5.263853503443621,0.00010225058133551958,11093.986458919
41310,84602880,1.540988802909851,,,0.00010218928089890691,11096.379165454
41320,84623360,1.9425456523895264,,,0.0001021279969865275,11098.728265292
41330,84643840,1.8298158645629883,,,0.00010206672961450372,11101.224779684
41340,84664320,1.6608953475952148,,,0.00010200547879895397,11103.473040583001
41350,84684800,1.8225429058074951,,,0.00010194424455599209,11105.889410580001
41360,84705280,1.6267510652542114,,,0.00010188302690172743,11108.110363729
41370,84725760,1.6854710578918457,,,0.00010182182585226533,11110.445338116002
41380,84746240,1.6615607738494873,,,0.00010176064142370637,11112.633434009
41390,84766720,1.733491063117981,,,0.00010169947363214701,11114.888155960001
41400,84787200,1.7091056108474731,1.6591700673103333,5.254947781226806,0.00010163832249367927,11119.500172586
41410,84807680,1.7646549940109253,,,0.00010157718802439077,11121.897940917
41420,84828160,1.7254447937011719,,,0.00010151607024036475,11124.334741676
41430,84848640,1.5913443565368652,,,0.00010145496915768009,11127.040536445002
41440,84869120,1.6384974718093872,,,0.00010139388479241121,11129.448974504001
41450,84889600,1.7061681747436523,,,0.00010133281716062826,11131.775803493001
41460,84910080,1.79616379737854,,,0.0001012717662783968,11134.520288981
41470,84930560,1.9135898351669312,,,0.00010121073216177812,11136.802487721001
41480,84951040,1.6286299228668213,,,0.00010114971482682908,11139.054465927002
41490,84971520,1.8536416292190552,,,0.00010108871428960208,11141.423123633002
41500,84992000,1.721737027168274,1.6585217118263245,5.251541811273629,0.00010102773056614517,11145.928586528
41510,85012480,1.944209098815918,,,0.00010096676367250191,11150.984374995001
41520,85032960,1.6678729057312012,,,0.00010090581362471149,11153.429925434
41530,85053440,1.5254027843475342,,,0.00010084488043880866,11155.74513665
41540,85073920,1.6729166507720947,,,0.00010078396413082357,11157.959523539
41550,85094400,1.4996837377548218,,,0.00010072306471678227,11160.441070323
41560,85114880,1.5994431972503662,,,0.000100662182212706,11162.825968057
41570,85135360,1.4044150114059448,,,0.00010060131663461178,11165.236979458
41580,85155840,1.862994909286499,,,0.0001005404679985122,11167.606968436
41590,85176320,1.6737490892410278,,,0.0001004796363204152,11169.953152734
41600,85196800,1.643294334411621,1.6559605181217194,5.238108805055659,0.00010041882161632437,11174.401365101001
41610,85217280,1.8032846450805664,,,0.00010035802390223888,11176.884020783
41620,85237760,1.7695541381835938,,,0.00010029724319415338,11179.133809737
41630,85258240,1.8263828754425049,,,0.000100236479508058,11181.482001958
41640,85278720,1.8419559001922607,,,0.0001001757328599385,11183.746358392
41650,85299200,1.7271497249603271,,,0.00010011500326577606,11186.025694633001
41660,85319680,1.641322135925293,,,0.00010005429074154748,11188.291874472001
41670,85340160,1.5874204635620117,,,9.999359530322484e-05,11190.530860885001
41680,85360640,1.8209595680236816,,,9.993291696677607e-05,11192.75873533
41690,85381120,1.4201066493988037,,,9.987225574816431e-05,11194.963274213002
41700,85401600,1.8538875579833984,1.6559484541416167,5.238045612996434,9.981161166334832e-05,11199.524994773
41710,85422080,1.4977816343307495,,,9.975098472828234e-05,11201.80988189
41720,85442560,1.6961424350738525,,,9.96903749589161e-05,11204.089387806001
41730,85463040,1.6211118698120117,,,9.96297823711948e-05,11206.325559628
41740,85483520,1.5600138902664185,,,9.956920698105912e-05,11208.548314794001
41750,85504000,1.7763690948486328,,,9.950864880444524e-05,11210.778065106002
41760,85524480,1.64371657371521,,,9.944810785728486e-05,11213.028647708
41770,85544960,1.726643681526184,,,9.93875841555049e-05,11215.229848944
41780,85565440,1.8634192943572998,,,9.932707771502806e-05,11217.736816586
41790,85585920,1.5504056215286255,,,9.926658855177243e-05,11220.193874585002
41800,85606400,1.7877494096755981,1.6572239875793457,5.244731178248732,9.920611668165133e-05,11223.808993882001
41810,85626880,1.4235750436782837,,,9.914566212057377e-05,11226.130585684
41820,85647360,1.5697674751281738,,,9.908522488444412e-05,11228.645311857
41830,85667840,1.6801140308380127,,,9.902480498916217e-05,11231.156596116001
41840,85688320,1.8582603931427002,,,9.896440245062321e-05,11233.617886689
41850,85708800,1.7185041904449463,,,9.89040172847179e-05,11236.071191181001
41860,85729280,1.664296269416809,,,9.88436495073324e-05,11238.41792166
41870,85749760,1.5934640169143677,,,9.878329913434828e-05,11240.682457554001
41880,85770240,1.524350881576538,,,9.872296618164234e-05,11243.060855267002
41890,85790720,1.7232569456100464,,,9.866265066508718e-05,11245.457345844
41900,85811200,1.571857213973999,1.6552244961261748,5.2342548602281465,9.860235260055046e-05,11250.079459212
41910,85831680,1.9500761032104492,,,9.85420720038954e-05,11252.558811367002
41920,85852160,1.8195383548736572,,,9.848180889098064e-05,11254.862152470001
41930,85872640,1.640042781829834,,,9.842156327766018e-05,11257.417242387
41940,85893120,1.6624419689178467,,,9.836133517978341e-05,11259.948669243
41950,85913600,1.5655057430267334,,,9.830112461319516e-05,11262.247727888
41960,85934080,1.6121127605438232,,,9.824093159373558e-05,11264.4699473
41970,85954560,1.6193045377731323,,,9.818075613724033e-05,11267.025975771001
41980,85975040,1.6532564163208008,,,9.812059825954015e-05,11269.446822204001
41990,85995520,1.6323848962783813,,,9.806045797646162e-05,11272.017173506001
42000,86016000,2.0937464237213135,1.6593508958816527,5.255898111847318,9.800033530382627e-05,11275.692040935
42010,86036480,1.5807223320007324,,,9.794023025745114e-05,11280.06899386
42020,86056960,1.5562951564788818,,,9.788014285314883e-05,11282.603669942
42030,86077440,1.7321854829788208,,,9.782007310672697e-05,11284.951900469001
42040,86097920,1.6061286926269531,,,9.776002103398875e-05,11287.487757315
42050,86118400,1.6112236976623535,,,9.769998665073262e-05,11289.926549077001
42060,86138880,1.8391926288604736,,,9.763996997275247e-05,11292.501128453001
42070,86159360,1.3664389848709106,,,9.757997101583747e-05,11294.912687887001
42080,86179840,1.8705203533172607,,,9.751998979577212e-05,11297.267853758
42090,86200320,1.7657233476638794,,,9.746002632833625e-05,11299.624476967001
42100,86220800,1.6924080848693848,1.656845211982727,5.242744978253377,9.740008062930512e-05,11303.231092425001
42110,86241280,1.6296608448028564,,,9.734015271444905e-05,11305.60897463
42120,86261760,1.7810935974121094,,,9.728024259953412e-05,11307.960707270002
42130,86282240,2.020707607269287,,,9.722035030032128e-05,11310.410083085
42140,86302720,1.6941843032836914,,,9.716047583256704e-05,11312.65462033
42150,86323200,1.5200042724609375,,,9.71006192120232e-05,11314.995008417001
42160,86343680,1.5808584690093994,,,9.704078045443677e-05,11317.339088533
42170,86364160,1.9112244844436646,,,9.698095957555016e-05,11319.572308762
42180,86384640,1.652288794517517,,,9.692115659110104e-05,11321.897664706
42190,86405120,1.737394094467163,,,9.686137151682234e-05,11324.113014748
42200,86425600,1.7223694324493408,1.6550030171871186,5.2330957113832195,9.680160436844239e-05,11328.691582811
42210,86446080,1.5150344371795654,,,9.674185516168455e-05,11331.234704783
42220,86466560,1.6816003322601318,,,9.668212391226778e-05,11333.648114963002
42230,86487040,1.5654895305633545,,,9.662241063590618e-05,11335.908668901
42240,86507520,1.4903125762939453,,,9.656271534830899e-05,11338.307824169002
42250,86528000,1.6276378631591797,,,9.650303806518091e-05,11340.627961106002
42260,86548480,1.6650338172912598,,,9.64433788022218e-05,11342.852931004001
42270,86568960,1.4896454811096191,,,9.638373757512684e-05,11345.154245128
42280,86589440,1.6716519594192505,,,9.632411439958642e-05,11347.428966202002
42290,86609920,1.8675451278686523,,,9.62645092912862e-05,11349.778675881
42300,86630400,1.7546734809875488,1.6530962228775024,5.223126781628814,9.620492226590707e-05,11354.264685982002
42310,86650880,1.6985118389129639,,,9.614535333912523e-05,11356.615372964001
42320,86671360,1.7908046245574951,,,9.608580252661191e-05,11358.861854313
42330,86691840,1.5491284132003784,,,9.602626984403394e-05,11361.239558456
42340,86712320,1.7635999917984009,,,9.5966755307053e-05,11363.514230275001
42350,86732800,1.7780406475067139,,,9.590725893132621e-05,11365.751083093
42360,86753280,1.7393293380737305,,,9.58477807325059e-05,11368.03124933
42370,86773760,1.7413239479064941,,,9.578832072623955e-05,11370.439625424002
42380,86794240,1.6653001308441162,,,9.572887892816991e-05,11373.005614983002
42390,86814720,1.6114600896835327,,,9.566945535393492e-05,11375.422968821
42400,86835200,1.765761375427246,1.6536509215831756,5.226024846996396,9.56100500191677e-05,11379.053024551002
42410,86855680,1.5824437141418457,,,9.555066293949667e-05,11381.527959734001
42420,86876160,1.3420116901397705,,,9.549129413054518e-05,11383.937466542
42430,86896640,1.565474271774292,,,9.543194360793218e-05,11386.347494373
42440,86917120,1.9709727764129639,,,9.537261138727155e-05,11388.589729335
42450,86937600,1.634307861328125,,,9.531329748417227e-05,11390.840657264001
42460,86958080,1.7343800067901611,,,9.525400191423882e-05,11393.311632304001
42470,86978560,1.5505626201629639,,,9.519472469307052e-05,11395.727069290002
42480,86999040,1.7470920085906982,,,9.513546583626208e-05,11397.961101707002
42490,87019520,1.6849440336227417,,,9.507622535940328e-05,11400.389329741
42500,87040000,1.7754875421524048,1.6522136270999908,5.218518905730964,9.50170032780791e-05,11404.944280121
42510,87060480,1.9062161445617676,,,9.495779960786971e-05,11409.75261132
42520,87080960,1.6028759479522705,,,9.489861436435035e-05,11412.165437646001
42530,87101440,1.8566097021102905,,,9.483944756309149e-05,11414.404855586
42540,87121920,1.5153484344482422,,,9.47802992196588e-05,11416.661480254
42550,87142400,1.9079402685165405,,,9.47211693496128e-05,11419.361994302002
42560,87162880,1.6567522287368774,,,9.466205796850963e-05,11421.884687739
42570,87183360,1.6832783222198486,,,9.46029650919001e-05,11424.317404325
42580,87203840,1.627056360244751,,,9.454389073533046e-05,11426.649403182
42590,87224320,1.8892147541046143,,,9.448483491434194e-05,11429.083220151002
42600,87244800,1.5455279350280762,1.6519465923309327,5.217125565783532,9.442579764447093e-05,11433.644487706002
42610,87265280,1.896775722503662,,,9.436677894124897e-05,11436.079036061
42620,87285760,1.4650533199310303,,,9.430777882020268e-05,11438.319807694
42630,87306240,1.8240365982055664,,,9.424879729685379e-05,11440.551925903
42640,87326720,1.4049732685089111,,,9.418983438671922e-05,11443.174448638001
42650,87347200,1.6565618515014648,,,9.413089010531082e-05,11445.461369976001
42660,87367680,1.6841185092926025,,,9.407196446813563e-05,11447.735178479
42670,87388160,1.5597033500671387,,,9.401305749069596e-05,11450.138806106
42680,87408640,1.9898681640625,,,9.395416918848888e-05,11452.355324625001
42690,87429120,1.7579978704452515,,,9.389529957700678e-05,11454.649528244001
42700,87449600,1.8527305126190186,1.650950425863266,5.211931027979046,9.383644867173705e-05,11459.110718878
42710,87470080,1.6269519329071045,,,9.37776164881622e-05,11461.555025612
42720,87490560,1.6107518672943115,,,9.371880304175976e-05,11464.086373490001
42730,87511040,1.9466475248336792,,,9.366000834800239e-05,11466.420490717
42740,87531520,1.423616886138916,,,9.360123242235778e-05,11468.698909820001
42750,87552000,1.7108148336410522,,,9.354247528028874e-05,11471.108388818
42760,87572480,1.8131402730941772,,,9.348373693725293e-05,11473.483045426
42770,87592960,1.8281619548797607,,,9.342501740870343e-05,11475.71287463
42780,87613440,1.62790048122406,,,9.3366316710088e-05,11478.000596285001
42790,87633920,1.6495115756988525,,,9.330763485684969e-05,11480.384728974
42800,87654400,1.7684707641601562,1.651894313097,5.2168528255850095,9.32489718644265e-05,11484.012139685
42810,87674880,1.67071533203125,,,9.319032774825147e-05,11486.284957759
42820,87695360,1.69002103805542,,,9.313170252375266e-05,11488.496534591
42830,87715840,1.7467494010925293,,,9.307309620635324e-05,11491.085995548001
42840,87736320,1.563787579536438,,,9.301450881147131e-05,11493.287155117001
42850,87756800,1.6897826194763184,,,9.29559403545201e-05,11495.687579681002
42860,87777280,1.5772180557250977,,,9.289739085090764e-05,11498.118304437001
42870,87797760,1.7935230731964111,,,9.283886031603726e-05,11500.573950898
42880,87818240,1.6863117218017578,,,9.278034876530718e-05,11502.948977735
42890,87838720,1.6927590370178223,,,9.272185621411044e-05,11505.382687888
42900,87859200,1.8363468647003174,1.6474554896354676,5.193747455135038,9.266338267783547e-05,11509.70744444
42910,87879680,1.5802048444747925,,,9.26049281718653e-05,11511.993128532002
42920,87900160,1.986459732055664,,,9.254649271157821e-05,11514.205990897
42930,87920640,1.7296929359436035,,,9.248807631234738e-05,11516.562938643001
42940,87941120,1.6810457706451416,,,9.242967898954098e-05,11518.817567836002
42950,87961600,1.4198379516601562,,,9.237130075852216e-05,11521.068266375001
42960,87982080,1.733311414718628,,,9.23129416346491e-05,11523.505925538
42970,88002560,2.036491632461548,,,9.225460163327486e-05,11525.720115105001
42980,88023040,1.7208731174468994,,,9.219628076974752e-05,11528.210839745001
42990,88043520,1.6431221961975098,,,9.213797905941021e-05,11530.506795848001
43000,88064000,1.4530363082885742,1.6496048092842102,5.20492248364315,9.20796965176008e-05,11534.270422177
43010,88084480,1.634493350982666,,,9.202143315965232e-05,11538.74210787
43020,88104960,1.7462866306304932,,,9.196318900089265e-05,11541.190964712001
43030,88125440,1.812636137008667,,,9.190496405664472e-05,11543.731222379
43040,88145920,1.8222140073776245,,,9.184675834222626e-05,11546.196500999002
43050,88166400,1.6758410930633545,,,9.178857187295009e-05,11549.061532169002
43060,88186880,1.8170907497406006,,,9.173040466412383e-05,11551.410016142001
43070,88207360,1.7621545791625977,,,9.167225673105021e-05,11553.798884308002
43080,88227840,1.9547157287597656,,,9.161412808902664e-05,11556.24822198
43090,88248320,1.5861681699752808,,,9.155601875334567e-05,11558.526889368
43100,88268800,1.5990902185440063,1.6475911676883697,5.194452180483816,9.14979287392946e-05,11562.615007199001
43110,88289280,1.7845526933670044,,,9.143985806215589e-05,11564.998484184001
43120,88309760,1.6499083042144775,,,9.138180673720673e-05,11567.381746865001
43130,88330240,1.4358220100402832,,,9.132377477971917e-05,11569.755754291
43140,88350720,1.3646353483200073,,,9.12657622049603e-05,11572.105038039
43150,88371200,1.5857574939727783,,,9.120776902819203e-05,11574.474132901001
43160,88391680,1.67185378074646,,,9.114979526467129e-05,11576.815312388
43170,88412160,1.530785083770752,,,9.109184092964963e-05,11579.209825087
43180,88432640,1.8948800563812256,,,9.103390603837382e-05,11581.752618779
43190,88453120,1.8192040920257568,,,9.097599060608531e-05,11584.120510365
43200,88473600,1.767812728881836,1.6483289361000062,5.198285897242004,9.091809464802053e-05,11587.703977000001
43210,88494080,1.8647575378417969,,,9.086021817941065e-05,11590.009772596
43220,88514560,1.855682373046875,,,9.080236121548183e-05,11592.381816036
43230,88535040,1.944303035736084,,,9.074452377145505e-05,11594.680100599002
43240,88555520,1.6159398555755615,,,9.068670586254629e-05,11597.04164554
43250,88576000,1.6264464855194092,,,9.062890750396617e-05,11599.560725814
43260,88596480,1.7188490629196167,,,9.057112871092027e-05,11602.003420313002
43270,88616960,1.5239406824111938,,,9.051336949860907e-05,11604.532320882001
43280,88637440,1.7608890533447266,,,9.045562988222787e-05,11607.016569390002
43290,88657920,1.6894394159317017,,,9.039790987696672e-05,11609.623406720002
43300,88678400,1.6350817680358887,1.6500007510185242,5.206983737719622,9.034020949801058e-05,11613.431836154
43310,88698880,1.7365226745605469,,,9.028252876053938e-05,11615.750860138
43320,88719360,1.750916838645935,,,9.022486767972766e-05,11618.276156834001
43330,88739840,1.5927270650863647,,,9.016722627074499e-05,11620.547696354
43340,88760320,1.4028453826904297,,,9.01096045487555e-05,11622.895271098001
43350,88780800,1.7051912546157837,,,9.005200252891841e-05,11625.440813357
43360,88801280,1.5576391220092773,,,8.999442022638764e-05,11627.946678763
43370,88821760,1.5892574787139893,,,8.993685765631191e-05,11630.422286660001
43380,88842240,1.6522295475006104,,,8.987931483383478e-05,11632.667817093
43390,88862720,1.7058274745941162,,,8.98217917740946e-05,11634.915404996002
43400,88883200,1.5167523622512817,1.6470153510570527,5.191461989511179,8.976428849222454e-05,11639.509561542
43410,88903680,1.7041503190994263,,,8.97068050033526e-05,11641.783102866
43420,88924160,1.8792359828948975,,,8.964934132260144e-05,11644.133512381
43430,88944640,2.00302791595459,,,8.95918974650886e-05,11646.60991108
43440,88965120,1.6917331218719482,,,8.95344734459264e-05,11649.014387276002
43450,88985600,1.6562275886535645,,,8.947706928022206e-05,11651.320545793002
43460,89006080,1.565687894821167,,,8.941968498307733e-05,11654.145073470001
43470,89026560,1.4938678741455078,,,8.936232056958889e-05,11656.525720262001
43480,89047040,1.883096694946289,,,8.930497605484818e-05,11658.927518869
43490,89067520,1.84051513671875,,,8.924765145394142e-05,11661.441146155
43500,89088000,1.5464690923690796,1.6487146854400634,5.200291519405136,8.919034678194945e-05,11665.026538664002
43510,89108480,1.6578779220581055,,,8.913306205394799e-05,11669.473463635
43520,89128960,1.7124912738800049,,,8.90757972850076e-05,11671.743968271001
43530,89149440,1.566549301147461,,,8.901855249019341e-05,11674.006408371002
43540,89169920,1.6918609142303467,,,8.896132768456545e-05,11676.248005669
43550,89190400,1.656559705734253,,,8.89041228831783e-05,11678.536903619
43560,89210880,1.574747920036316,,,8.884693810108143e-05,11680.927301509
43570,89231360,1.7134554386138916,,,8.878977335331897e-05,11683.377043606
43580,89251840,1.663191318511963,,,8.873262865492996e-05,11685.730309529
43590,89272320,1.8838183879852295,,,8.867550402094785e-05,11688.209968617
43600,89292800,1.8687152862548828,1.6486914336681366,5.200170604818519,8.861839946640104e-05,11691.860794010001
43610,89313280,1.8295230865478516,,,8.856131500631257e-05,11694.269564400001
43620,89333760,1.4588782787322998,,,8.85042506557003e-05,11696.540367358
43630,89354240,1.8312747478485107,,,8.844720642957657e-05,11698.927812016002
43640,89374720,1.5528481006622314,,,8.839018234294859e-05,11701.443112487
43650,89395200,1.7447679042816162,,,8.833317841081834e-05,11703.666033852001
43660,89415680,1.4724198579788208,,,8.82761946481824e-05,11706.136790324
43670,89436160,1.7971289157867432,,,8.821923107003194e-05,11708.510063418002
43680,89456640,1.7015116214752197,,,8.816228769135301e-05,11710.827891254
43690,89477120,1.7957583665847778,,,8.810536452712623e-05,11713.216205347002
43700,89497600,1.6360167264938354,1.6444219052791595,5.178015658035809,8.804846159232699e-05,11717.859190311001
43710,89518080,1.7303355932235718,,,8.79915789019252e-05,11720.134388255
43720,89538560,1.5326330661773682,,,8.793471647088563e-05,11722.644547859001
43730,89559040,1.6329797506332397,,,8.787787431416763e-05,11724.961029408001
43740,89579520,1.6464238166809082,,,8.782105244672521e-05,11727.257339902
43750,89600000,1.434830665588379,,,8.776425088350712e-05,11729.503131701
43760,89620480,1.5984584093093872,,,8.77074696394566e-05,11731.927164306002
43770,89640960,1.5964206457138062,,,8.76507087295117e-05,11734.140189114001
43780,89661440,1.8482272624969482,,,8.7593968168605e-05,11736.350275494002
43790,89681920,1.7235984802246094,,,8.7537247971664e-05,11738.611439324
43800,89702400,1.692110300064087,1.6438970983028411,5.175298912240914,8.748054815361043e-05,11743.109661170001
43810,89722880,1.7010509967803955,,,8.742386872936093e-05,11745.580476439001
43820,89743360,1.3452773094177246,,,8.736720971382675e-05,11747.889931449
43830,89763840,1.7400965690612793,,,8.731057112191376e-05,11750.114777872
43840,89784320,1.6396151781082153,,,8.725395296852233e-05,11752.467529847001
43850,89804800,1.5864624977111816,,,8.719735526854756e-05,11754.769503571002
43860,89825280,1.4798269271850586,,,8.714077803687926e-05,11757.24128435
43870,89845760,1.4572770595550537,,,8.708422128840176e-05,11759.512902861
43880,89866240,1.6983532905578613,,,8.702768503799389e-05,11761.922076307
43890,89886720,1.6369426250457764,,,8.697116930052925e-05,11764.188304436
43900,89907200,1.723555088043213,1.6424485802650453,5.167807825212709,8.691467409087602e-05,11768.739104496
43910,89927680,1.4810278415679932,,,8.685819942389694e-05,11771.200374957001
43920,89948160,1.6005644798278809,,,8.680174531444926e-05,11773.520118288001
43930,89968640,1.6954543590545654,,,8.674531177738505e-05,11775.755020965
43940,89989120,1.5527594089508057,,,8.668889882755078e-05,11778.001653565001
43950,90009600,1.6277554035186768,,,8.663250647978761e-05,11780.222938018
43960,90030080,1.7891989946365356,,,8.657613474893114e-05,11782.426931539001
43970,90050560,1.6222071647644043,,,8.651978364981167e-05,11784.715472061001
43980,90071040,1.8377530574798584,,,8.6463453197254e-05,11787.064516372
43990,90091520,1.8652414083480835,,,8.640714340607762e-05,11789.529239691
44000,90112000,1.5165480375289917,1.6441663682460785,5.176692652322985,8.635085429109652e-05,11793.293135665
44010,90132480,1.636431097984314,,,8.629458586711914e-05,11797.686154917
44020,90152960,1.5914764404296875,,,8.623833814894856e-05,11800.073918772001
44030,90173440,1.594193935394287,,,8.618211115138247e-05,11802.496524587
44040,90193920,1.469693660736084,,,8.612590488921313e-05,11805.130156216
44050,90214400,1.5164481401443481,,,8.606971937722705e-05,11807.538803857002
44060,90234880,1.7204363346099854,,,8.601355463020573e-05,11809.928726054
44070,90255360,1.5117278099060059,,,8.595741066292488e-05,11812.150736493
44080,90275840,1.535671591758728,,,8.590128749015491e-05,11814.427139368001
44090,90296320,1.5814273357391357,,,8.58451851266606e-05,11816.789653667001
44100,90316800,1.5991895198822021,1.6445788443088531,5.178828354559154,8.57891035872014e-05,11820.480035983
44110,90337280,1.470477819442749,,,8.573304288653123e-05,11822.830115783001
44120,90357760,1.7306625843048096,,,8.567700303939854e-05,11825.058280095
44130,90378240,1.639207124710083,,,8.562098406054628e-05,11827.426231834
44140,90398720,1.6818172931671143,,,8.556498596471188e-05,11829.818794390001
44150,90419200,1.5604619979858398,,,8.550900876662734e-05,11832.095001552001
44160,90439680,1.6736509799957275,,,8.545305248101919e-05,11834.362051774002
44170,90460160,1.4355509281158447,,,8.539711712260828e-05,11836.683101028
44180,90480640,1.4276832342147827,,,8.534120270611013e-05,11839.124154645
44190,90501120,1.6163110733032227,,,8.528530924623465e-05,11841.398554800002
44200,90521600,1.7690372467041016,1.641947364807129,5.165218289059157,8.52294367576864e-05,11845.899712204002
44210,90542080,1.358893871307373,,,8.517358525516424e-05,11848.233529393001
44220,90562560,1.6091994047164917,,,8.511775475336154e-05,11850.712375619001
44230,90583040,1.6094586849212646,,,8.506194526696621e-05,11853.010456199001
44240,90603520,1.5609130859375,,,8.50061568106606e-05,11855.439048763
44250,90624000,1.575092077255249,,,8.495038939912155e-05,11857.961088659002
44260,90644480,1.7980685234069824,,,8.489464304702026e-05,11860.269277185002
44270,90664960,1.626471996307373,,,8.483891776902253e-05,11862.51218739
44280,90685440,1.5573254823684692,,,8.478321357978857e-05,11864.765580755
44290,90705920,1.6985840797424316,,,8.472753049397307e-05,11866.995275275
44300,90726400,1.6229877471923828,1.642775797843933,5.169499099469675,8.467186852622501e-05,11870.871388082
44310,90746880,1.4602363109588623,,,8.461622769118797e-05,11873.770118238
44320,90767360,1.720780611038208,,,8.456060800349993e-05,11876.247891211002
44330,90787840,1.8265597820281982,,,8.450500947779342e-05,11878.559488814
44340,90808320,1.6838417053222656,,,8.444943212869514e-05,11880.802324951
44350,90828800,1.707564115524292,,,8.439387597082642e-05,11883.143611769001
44360,90849280,1.431753158569336,,,8.433834101880298e-05,11885.542473788002
44370,90869760,1.7545998096466064,,,8.428282728723499e-05,11887.812959233
44380,90890240,1.4606306552886963,,,8.422733479072688e-05,11890.441791853002
44390,90910720,1.9557360410690308,,,8.417186354387763e-05,11892.673773576
44400,90931200,1.656937599182129,1.6412200510501862,5.161462920571038,8.41164135612807e-05,11896.929711636001
44410,90951680,1.6153768301010132,,,8.40609848575238e-05,11899.351668884
44420,90972160,1.5092709064483643,,,8.400557744718914e-05,11901.809415002
44430,90992640,1.830582618713379,,,8.395019134485322e-05,11904.097991702001
44440,91013120,1.6798667907714844,,,8.389482656508705e-05,11906.384434901
44450,91033600,2.002798557281494,,,8.383948312245599e-05,11909.022360954
44460,91054080,1.691922664642334,,,8.378416103151977e-05,11911.340202357002
44470,91074560,1.875606656074524,,,8.372886030683252e-05,11913.678520320002
44480,91095040,1.6399904489517212,,,8.367358096294278e-05,11915.911423912
44490,91115520,1.7929389476776123,,,8.361832301439336e-05,11918.249192358002
44500,91136000,1.6537392139434814,1.6435691356658935,5.173601885858497,8.356308647572162e-05,11922.143228093002
44510,91156480,1.6908208131790161,,,8.350787136145905e-05,11926.651263717002
44520,91176960,1.7116458415985107,,,8.345267768613169e-05,11928.866824633002
44530,91197440,1.6541697978973389,,,8.339750546425986e-05,11931.285324908
44540,91217920,1.5557136535644531,,,8.334235471035835e-05,11933.558957255002
44550,91238400,1.6189560890197754,,,8.328722543893612e-05,11935.846349416
44560,91258880,1.4832290410995483,,,8.323211766449657e-05,11938.170718027
44570,91279360,1.662003755569458,,,8.317703140153749e-05,11940.390769523001
44580,91299840,1.5519235134124756,,,8.312196666455098e-05,11942.884590926002
44590,91320320,2.0601229667663574,,,8.306692346802333e-05,11945.298558027
44600,91340800,1.8417553901672363,1.6418165802955627,5.1645428026806295,8.301190182643544e-05,11948.95344017
44610,91361280,1.9214122295379639,,,8.295690175426234e-05,11951.25326194
44620,91381760,1.743839144706726,,,8.290192326597344e-05,11953.526413951
44630,91402240,1.7319586277008057,,,8.284696637603253e-05,11956.023168966
44640,91422720,1.608581304550171,,,8.279203109889755e-05,11958.324819972
44650,91443200,1.5693671703338623,,,8.27371174490209e-05,11960.643816779
44660,91463680,1.4864606857299805,,,8.268222544084925e-05,11963.152634813001
44670,91484160,1.4336830377578735,,,8.262735508882368e-05,11965.450448637
44680,91504640,1.6605846881866455,,,8.257250640737935e-05,11967.779672275
44690,91525120,1.3238976001739502,,,8.251767941094586e-05,11970.004389766
44700,91545600,1.814779281616211,1.6405845940113069,5.1581840745204826,8.246287411394713e-05,11974.48743433
44710,91566080,1.529435157775879,,,8.240809053080138e-05,11976.747993049
44720,91586560,1.5799282789230347,,,8.235332867592091e-05,11978.98787681
44730,91607040,1.7724320888519287,,,8.229858856371251e-05,11981.524567255
44740,91627520,1.9174736738204956,,,8.224387020857728e-05,11983.937104299
44750,91648000,1.6257370710372925,,,8.218917362491053e-05,11986.260596441
44760,91668480,1.9269473552703857,,,8.21344988271017e-05,11988.548533291001
44770,91688960,1.6749931573867798,,,8.20798458295347e-05,11990.957667198001
44780,91709440,1.8648673295974731,,,8.202521464658763e-05,11993.375481926001
44790,91729920,1.7775230407714844,,,8.197060529263289e-05,11995.634271436
44800,91750400,1.7524833679199219,1.6401583790779113,5.15598604788788,8.191601778203696e-05,12000.263888154
44810,91770880,1.6114833354949951,,,8.186145212916085e-05,12002.700917009
44820,91791360,1.6813833713531494,,,8.180690834835963e-05,12005.139996206
44830,91811840,1.619933843612671,,,8.17523864539827e-05,12007.42075773
44840,91832320,1.5861760377883911,,,8.169788646037371e-05,12009.60000043
44850,91852800,1.656416893005371,,,8.164340838187038e-05,12011.961061920001
44860,91873280,1.5455090999603271,,,8.158895223280483e-05,12014.443894734
44870,91893760,1.7618656158447266,,,8.153451802750346e-05,12016.70450657
44880,91914240,1.7968772649765015,,,8.148010578028678e-05,12019.083725922
44890,91934720,1.6021690368652344,,,8.14257155054695e-05,12021.30968566
44900,91955200,1.9402804374694824,1.6396262049674988,5.153242895581606,8.137134721736065e-05,12025.600563025
44910,91975680,1.785141944885254,,,8.13170009302634e-05,12027.944378845
44920,91996160,1.880051612854004,,,8.126267665847523e-05,12030.449321866
44930,92016640,1.8159985542297363,,,8.120837441628762e-05,12032.735139463
44940,92037120,1.6248517036437988,,,8.115409421798652e-05,12034.987677659
44950,92057600,1.6227059364318848,,,8.109983607785193e-05,12037.223176486
44960,92078080,1.848053216934204,,,8.104560001015812e-05,12039.493997725
44970,92098560,1.601905345916748,,,8.099138602917337e-05,12041.830233959
44980,92119040,1.535764455795288,,,8.093719414916039e-05,12044.093435207
44990,92139520,1.6099755764007568,,,8.088302438437593e-05,12046.323824480001
45000,92160000,1.7307448387145996,1.6378457129001618,5.144075750920907,8.082887674907097e-05,12050.592184286
45010,92180480,1.674332618713379,,,8.077475125749067e-05,12055.777519905001
45020,92200960,1.8789708614349365,,,8.072064792387436e-05,12058.139140896
45030,92221440,1.711338758468628,,,8.066656676245552e-05,12060.425818817
45040,92241920,1.8199715614318848,,,8.061250778746185e-05,12062.840415255001
45050,92262400,1.4969878196716309,,,8.055847101311512e-05,12065.28373626
45060,92282880,1.8941832780838013,,,8.050445645363134e-05,12067.751412846
45070,92303360,1.4559941291809082,,,8.045046412322059e-05,12070.139821392
45080,92323840,1.667738676071167,,,8.039649403608727e-05,12072.596458760001
45090,92344320,1.454356074333191,,,8.034254620642983e-05,12074.904860983
45100,92364800,1.9605437517166138,1.6372112810611725,5.140813220518363,8.028862064844074e-05,12079.426742698
45110,92385280,1.5256620645523071,,,8.02347173763068e-05,12081.766717561
45120,92405760,1.4173948764801025,,,8.018083640420887e-05,12084.182678426001
45130,92426240,1.738537311553955,,,8.012697774632197e-05,12086.555841781
45140,92446720,1.3231309652328491,,,8.007314141681511e-05,12088.789045040001
45150,92467200,1.804996371269226,,,8.001932742985165e-05,12091.163777724001
45160,92487680,1.5166513919830322,,,7.996553579958897e-05,12093.65865993
45170,92508160,1.5523208379745483,,,7.991176654017857e-05,12095.921820144002
45180,92528640,1.5755987167358398,,,7.985801966576597e-05,12098.388819406002
45190,92549120,1.6161067485809326,,,7.980429519049094e-05,12100.664624372
45200,92569600,1.815131664276123,1.636479514837265,5.137052723110471,7.975059312848728e-05,12104.857528004
45210,92590080,1.766791820526123,,,7.969691349388303e-05,12107.294232828
45220,92610560,1.4485199451446533,,,7.964325630080006e-05,12109.673205517
45230,92631040,1.6145222187042236,,,7.95896215633546e-05,12112.148046902
45240,92651520,1.695556640625,,,7.953600929565682e-05,12114.600767004002
45250,92672000,1.6878772974014282,,,7.948241951181111e-05,12116.926557838
45260,92692480,1.61869478225708,,,7.942885222591572e-05,12119.369139578
45270,92712960,1.4683747291564941,,,7.937530745206316e-05,12121.709079088001
45280,92733440,1.5820417404174805,,,7.932178520434006e-05,12124.264410746
45290,92753920,1.5579744577407837,,,7.926828549682701e-05,12126.694836714001
45300,92774400,1.5356709957122803,1.6378661692142487,5.144180980826458,7.921480834359874e-05,12130.321782894
45310,92794880,1.7243973016738892,,,7.916135375872392e-05,12132.593894317
45320,92815360,1.6433204412460327,,,7.910792175626542e-05,12134.919173497
45330,92835840,1.522294044494629,,,7.90545123502801e-05,12137.199143732001
45340,92856320,1.729378581047058,,,7.900112555481893e-05,12139.650413975
45350,92876800,1.5693122148513794,,,7.894776138392688e-05,12142.080581969
45360,92897280,1.5938522815704346,,,7.889441985164299e-05,12144.369558173
45370,92917760,1.778733491897583,,,7.884110097200036e-05,12146.747730131001
45380,92938240,1.6459290981292725,,,7.878780475902613e-05,12149.064084694
45390,92958720,1.4265639781951904,,,7.873453122674137e-05,12151.749235012001
45400,92979200,1.8190639019012451,1.636740607023239,5.138394142544858,7.868128038916134e-05,12155.474188364002
45410,92999680,1.5890345573425293,,,7.86280522602952e-05,12157.744729892001
45420,93020160,1.7822374105453491,,,7.857484685414632e-05,12160.008409436
45430,93040640,1.8161472082138062,,,7.852166418471186e-05,12162.353063748
45440,93061120,1.831972599029541,,,7.846850426598315e-05,12164.673239088
45450,93081600,1.6988062858581543,,,7.841536711194547e-05,12166.984548054
45460,93102080,1.7389883995056152,,,7.83622527365782e-05,12169.256837152001
45470,93122560,1.8074862957000732,,,7.830916115385456e-05,12171.648610982
45480,93143040,1.7769323587417603,,,7.825609237774187e-05,12173.934969373
45490,93163520,1.678971290588379,,,7.820304642220154e-05,12176.190379932
45500,93184000,1.4891510009765625,1.6365897059440613,5.137618811824099,7.815002330118886e-05,12179.856136863
45510,93204480,1.864295244216919,,,7.809702302865321e-05,12184.425908398
45520,93224960,1.6319352388381958,,,7.804404561853776e-05,12186.767988138
45530,93245440,1.546410322189331,,,7.799109108477987e-05,12189.125444434001
45540,93265920,1.9244120121002197,,,7.793815944131075e-05,12191.531590045
45550,93286400,1.591659665107727,,,7.788525070205579e-05,12193.900667567
45560,93306880,1.7799873352050781,,,7.783236488093407e-05,12196.234228053001
45570,93327360,1.593614101409912,,,7.777950199185884e-05,12198.662047495
45580,93347840,1.4425041675567627,,,7.772666204873725e-05,12200.966492766001
45590,93368320,1.816493272781372,,,7.767384506547047e-05,12203.24204193
45600,93388800,1.6644585132598877,1.6338503420352937,5.123564263324351,7.76210510559535e-05,12207.782708105002
45610,93409280,1.5514297485351562,,,7.756828003407536e-05,12210.167298051001
45620,93429760,1.7818171977996826,,,7.751553201371915e-05,12212.576157411
45630,93450240,1.6346096992492676,,,7.746280700876182e-05,12215.043901565
45640,93470720,1.7027428150177002,,,7.741010503307414e-05,12217.743204814
45650,93491200,1.4946317672729492,,,7.735742610052097e-05,12220.211061075
45660,93511680,1.6244909763336182,,,7.730477022496111e-05,12222.654293742002
45670,93532160,1.3713831901550293,,,7.72521374202473e-05,12225.125303944002
45680,93552640,1.6587538719177246,,,7.719952770022602e-05,12227.522198483
45690,93573120,1.605031967163086,,,7.714694107873796e-05,12230.028542542
45700,93593600,1.5811774730682373,1.6322818458080293,5.115534271259579,7.709437756961756e-05,12234.462320803
45710,93614080,1.5778374671936035,,,7.704183718669322e-05,12237.051327281002
45720,93634560,1.915039300918579,,,7.69893199437873e-05,12239.698668959001
45730,93655040,1.5598938465118408,,,7.693682585471594e-05,12242.035085562002
45740,93675520,1.7403634786605835,,,7.68843549332893e-05,12244.504042255001
45750,93696000,1.7899022102355957,,,7.683190719331141e-05,12246.864392235002
45760,93716480,1.6618716716766357,,,7.677948264858031e-05,12249.411669785
45770,93736960,1.6924630403518677,,,7.672708131288775e-05,12252.041014975
45780,93757440,1.3528571128845215,,,7.667470320001946e-05,12254.784687335
45790,93777920,1.9238624572753906,,,7.66223483237551e-05,12257.169580498
45800,93798400,1.8438098430633545,1.636665004491806,5.13800568162468,7.657001669786822e-05,12261.088457803002
45810,93818880,1.8263320922851562,,,7.651770833612611e-05,12263.520750293
45820,93839360,1.6005051136016846,,,7.646542325229008e-05,12266.131633401
45830,93859840,1.5346224308013916,,,7.641316146011533e-05,12268.63187496
45840,93880320,1.6811842918395996,,,7.636092297335089e-05,12271.102666504
45850,93900800,1.6985762119293213,,,7.63087078057396e-05,12273.635606069001
45860,93921280,1.4408729076385498,,,7.625651597101821e-05,12276.167206732
45870,93941760,1.8308355808258057,,,7.620434748291738e-05,12278.756318497
45880,93962240,1.4797139167785645,,,7.615220235516161e-05,12281.317355865001
45890,93982720,1.8370137214660645,,,7.610008060146908e-05,12283.956912451002
45900,94003200,1.5799318552017212,1.635302072763443,5.131007700629129,7.604798223555217e-05,12287.934172254001
45910,94023680,1.4716278314590454,,,7.599590727111679e-05,12290.432860011002
45920,94044160,1.6488995552062988,,,7.594385572186286e-05,12292.892513765
45930,94064640,1.4818627834320068,,,7.589182760148412e-05,12295.425023711
45940,94085120,1.8085005283355713,,,7.583982292366804e-05,12297.949976083
45950,94105600,1.763909101486206,,,7.578784170209599e-05,12300.321102068001
45960,94126080,1.884634256362915,,,7.573588395044328e-05,12302.85715515
45970,94146560,1.7432951927185059,,,7.568394968237892e-05,12305.241347569001
45980,94167040,1.9218556880950928,,,7.563203891156573e-05,12307.603669666001
45990,94187520,1.782715082168579,,,7.558015165166038e-05,12310.234207942001
46000,94208000,1.6977189779281616,1.634352719783783,5.126138874662775,7.55282879163134e-05,12314.102142399
46010,94228480,1.743537425994873,,,7.54764477191691e-05,12319.870779409
46020,94248960,1.8060710430145264,,,7.542463107386548e-05,12322.285796113001
46030,94269440,1.5341331958770752,,,7.53728379940346e-05,12324.914680472
46040,94289920,1.699913501739502,,,7.53210684933021e-05,12327.192412739001
46050,94310400,1.6457171440124512,,,7.526932258528756e-05,12329.613390872
46060,94330880,1.8326140642166138,,,7.521760028360418e-05,12332.059964191001
46070,94351360,1.823501706123352,,,7.51659016018591e-05,12334.610352164
46080,94371840,1.5968610048294067,,,7.511422655365321e-05,12337.034512511
46090,94392320,1.6242918968200684,,,7.506257515258118e-05,12339.558223154001
46100,94412800,1.8292016983032227,1.633682084083557,5.122702255417689,7.501094741223142e-05,12343.523648275
46110,94433280,1.6491374969482422,,,7.495934334618617e-05,12345.812130479
46120,94453760,1.4951999187469482,,,7.490776296802142e-05,12348.223568459001
46130,94474240,1.800970196723938,,,7.485620629130697e-05,12350.517194275002
46140,94494720,1.7394596338272095,,,7.480467332960623e-05,12353.115654891
46150,94515200,1.7107833623886108,,,7.475316409647657e-05,12355.562722390001
46160,94535680,1.7796036005020142,,,7.470167860546895e-05,12358.010424229
46170,94556160,1.6965126991271973,,,7.465021687012827e-05,12360.426576781001
46180,94576640,1.7279120683670044,,,7.459877890399308e-05,12362.896674218002
46190,94597120,1.7918801307678223,,,7.454736472059555e-05,12365.307136972002
46200,94617600,1.579134225845337,1.6336162686347961,5.122365113564573,7.44959743334618e-05,12369.331201887002
46210,94638080,1.6102104187011719,,,7.444460775611157e-05,12371.768715701
46220,94658560,1.7419614791870117,,,7.439326500205844e-05,12374.221379061
46230,94679040,1.4704854488372803,,,7.43419460848095e-05,12376.775117352001
46240,94699520,1.5953428745269775,,,7.429065101786587e-05,12379.369921177
46250,94720000,1.5988802909851074,,,7.423937981472221e-05,12381.899690568
46260,94740480,1.8329665660858154,,,7.418813248886697e-05,12384.508938572002
46270,94760960,1.575688123703003,,,7.413690905378218e-05,12387.163457618
46280,94781440,1.916753888130188,,,7.40857095229438e-05,12389.753702799
46290,94801920,1.6773250102996826,,,7.403453390982126e-05,12392.180117351001
46300,94822400,1.597862958908081,1.6330934166908264,5.11968757504633,7.398338222787804e-05,12396.110473429002
46310,94842880,1.7321704626083374,,,7.393225449057095e-05,12398.346410360002
46320,94863360,1.5246655941009521,,,7.38811507113507e-05,12400.781809946002
46330,94883840,1.565808653831482,,,7.383007090366169e-05,12403.364948432001
46340,94904320,1.6874666213989258,,,7.377901508094202e-05,12405.738636183
46350,94924800,1.5741703510284424,,,7.372798325662336e-05,12408.129707587
46360,94945280,1.677964448928833,,,7.367697544413114e-05,12410.47259205
46370,94965760,1.7188631296157837,,,7.36259916568846e-05,12412.748473391
46380,94986240,1.770564317703247,,,7.35750319082965e-05,12415.026654511
46390,95006720,1.6315553188323975,,,7.352409621177334e-05,12417.359858883001
46400,95027200,1.8052139282226562,1.6310446441173554,5.109209237088755,7.347318458071521e-05,12421.644404940002
46410,95047680,1.5588316917419434,,,7.342229702851595e-05,12423.926837136001
46420,95068160,1.6516008377075195,,,7.337143356856308e-05,12426.25307468
46430,95088640,1.566528558731079,,,7.332059421423772e-05,12428.913566693001
46440,95109120,1.6554900407791138,,,7.326977897891472e-05,12431.50507997
46450,95129600,1.9679059982299805,,,7.321898787596251e-05,12433.965207703
46460,95150080,1.5469926595687866,,,7.316822091874321e-05,12436.490135735
46470,95170560,1.937292218208313,,,7.311747812061263e-05,12438.888821679
46480,95191040,1.4887433052062988,,,7.306675949492009e-05,12441.275638935
46490,95211520,1.7935373783111572,,,7.301606505500867e-05,12443.751344398
46500,95232000,2.099268674850464,1.6309048175811767,5.108494884002443,7.296539481421503e-05,12448.296266519
46510,95252480,1.5958868265151978,,,7.291474878586961e-05,12453.200145794
46520,95272960,1.7588919401168823,,,7.286412698329623e-05,12456.00244049
46530,95293440,1.796600103378296,,,7.281352941981251e-05,12458.67693504
46540,95313920,1.3957126140594482,,,7.276295610872963e-05,12461.370842080001
46550,95334400,2.0801730155944824,,,7.271240706335249e-05,12464.314627386
46560,95354880,1.7246007919311523,,,7.266188229697939e-05,12467.068836854
46570,95375360,1.6253305673599243,,,7.261138182290241e-05,12469.93969004
46580,95395840,1.6564849615097046,,,7.256090565440729e-05,12472.670863625
46590,95416320,1.4939417839050293,,,7.251045380477323e-05,12475.291681926
46600,95436800,1.57707941532135,1.6295662820339203,5.10166155635347,7.246002628727315e-05,12480.441157443001
46610,95457280,1.475598692893982,,,7.240962311517342e-05,12482.976527903
46620,95477760,1.7732369899749756,,,7.235924430173416e-05,12485.659568157
46630,95498240,1.4798505306243896,,,7.230888986020896e-05,12488.293200511001
46640,95518720,1.6571673154830933,,,7.225855980384516e-05,12490.876912903
46650,95539200,1.5659399032592773,,,7.220825414588352e-05,12493.680020272
46660,95559680,1.9409147500991821,,,7.215797289955844e-05,12496.273532850002
46670,95580160,1.5415029525756836,,,7.21077160780979e-05,12498.872194229001
46680,95600640,1.7643301486968994,,,7.205748369472352e-05,12501.476208341
46690,95621120,1.6874759197235107,,,7.200727576265035e-05,12504.010791588
46700,95641600,1.6666851043701172,1.6310905396938324,5.109443732573144,7.195709229508703e-05,12507.998947920001
46710,95662080,1.7421715259552002,,,7.190693330523596e-05,12510.69131123
46720,95682560,1.8299264907836914,,,7.185679880629293e-05,12513.239062813002
46730,95703040,1.5727617740631104,,,7.180668881144725e-05,12515.828884014001
46740,95723520,1.5856658220291138,,,7.175660333388186e-05,12518.418522755
46750,95744000,1.5775959491729736,,,7.170654238677327e-05,12521.046942662
46760,95764480,1.7440502643585205,,,7.165650598329154e-05,12524.085920266001
46770,95784960,1.5984296798706055,,,7.160649413660009e-05,12526.920954166002
46780,95805440,1.4382154941558838,,,7.155650685985619e-05,12529.572498387
46790,95825920,1.6895898580551147,,,7.150654416621041e-05,12532.229450917
46800,95846400,1.600100040435791,1.6293621003627776,5.100619996908582,7.145660606880695e-05,12537.128643788
46810,95866880,1.6569969654083252,,,7.140669258078355e-05,12539.731491484
46820,95887360,1.5245977640151978,,,7.135680371527134e-05,12542.391645957001
46830,95907840,1.7693148851394653,,,7.130693948539516e-05,12544.877780241
46840,95928320,2.1079156398773193,,,7.12570999042732e-05,12547.657398054002
46850,95948800,1.6481959819793701,,,7.120728498501738e-05,12550.284782371
46860,95969280,1.757558822631836,,,7.115749474073289e-05,12552.65789758
46870,95989760,1.611701488494873,,,7.110772918451857e-05,12554.945862611
46880,96010240,1.6898698806762695,,,7.105798832946675e-05,12557.414151680001
46890,96030720,1.6496233940124512,,,7.100827218866326e-05,12559.959984805002
46900,96051200,1.4572032690048218,1.627218598127365,5.089698515834421,7.095858077518735e-05,12564.517992053
46910,96071680,1.8307960033416748,,,7.090891410211183e-05,12566.989068879
46920,96092160,1.6722822189331055,,,7.085927218250308e-05,12569.571691436002
46930,96112640,1.8108012676239014,,,7.080965502942087e-05,12572.244831511001
46940,96133120,1.4432755708694458,,,7.076006265591841e-05,12575.073953545001
46950,96153600,1.5525232553482056,,,7.071049507504249e-05,12577.566385879001
46960,96174080,1.8068158626556396,,,7.066095229983335e-05,12580.021325221001
46970,96194560,2.141659736633301,,,7.06114343433247e-05,12582.489815127
46980,96215040,1.4273157119750977,,,7.056194121854363e-05,12584.942543142
46990,96235520,1.5347819328308105,,,7.05124729385109e-05,12587.368189038001
47000,96256000,1.71531081199646,1.6267075538635254,5.087098119118738,7.046302951624057e-05,12591.808299100001
47010,96276480,1.7121506929397583,,,7.041361096474019e-05,12596.286555683
47020,96296960,1.7244009971618652,,,7.036421729701085e-05,12598.575781702002
47030,96317440,1.5984997749328613,,,7.031484852604694e-05,12601.049703691002
47040,96337920,1.5867211818695068,,,7.026550466483637e-05,12603.689893408002
47050,96358400,1.4678781032562256,,,7.021618572636062e-05,12606.195249067001
47060,96378880,1.5585174560546875,,,7.01668917235945e-05,12608.758554666001
47070,96399360,1.6207691431045532,,,7.01176226695062e-05,12611.254651188001
47080,96419840,1.4546031951904297,,,7.006837857705742e-05,12613.655030105001
47090,96440320,1.954799771308899,,,7.001915945920331e-05,12616.025313981001
47100,96460800,1.581634521484375,1.6249530494213105,5.078180608064694,6.996996532889247e-05,12620.511411147001
47110,96481280,1.8553097248077393,,,6.992079619906675e-05,12622.805277387
47120,96501760,1.3988349437713623,,,6.98716520826617e-05,12625.15822812
47130,96522240,1.7133021354675293,,,6.982253299260607e-05,12627.648293510001
47140,96542720,1.644515037536621,,,6.977343894182216e-05,12630.19858574
47150,96563200,1.6195073127746582,,,6.972436994322556e-05,12632.517602582
47160,96583680,1.7875733375549316,,,6.967532600972535e-05,12634.879415404
47170,96604160,1.4518074989318848,,,6.9626307154224e-05,12637.480295158
47180,96624640,1.6978825330734253,,,6.957731338961741e-05,12639.885438545
47190,96645120,1.6301394701004028,,,6.952834472879483e-05,12642.247168524002
47200,96665600,1.7358282804489136,1.6259842574596406,5.083419969699449,6.947940118463891e-05,12645.825144045
47210,96686080,1.8957886695861816,,,6.943048277002576e-05,12648.266212599001
47220,96706560,1.5353223085403442,,,6.938158949782481e-05,12650.571682668
47230,96727040,1.3623453378677368,,,6.933272138089886e-05,12652.835986125001
47240,96747520,1.3787190914154053,,,6.928387843210412e-05,12655.24479406
47250,96768000,1.5383579730987549,,,6.923506066429018e-05,12657.674387519
47260,96788480,1.7617677450180054,,,6.918626809030009e-05,12660.076852934002
47270,96808960,1.6924846172332764,,,6.913750072297018e-05,12662.512724364002
47280,96829440,1.7537543773651123,,,6.908875857513009e-05,12664.820368004
47290,96849920,1.4998043775558472,,,6.904004165960292e-05,12667.414456662002
47300,96870400,1.44194495677948,1.6266510605812072,5.086810740366076,6.899134998920512e-05,12671.147326701
47310,96890880,1.497905969619751,,,6.894268357674647e-05,12673.449361016
47320,96911360,1.7165255546569824,,,6.889404243503015e-05,12675.945544857
47330,96931840,1.737308144569397,,,6.884542657685264e-05,12678.45724756
47340,96952320,1.680147647857666,,,6.879683601500382e-05,12680.77767146
47350,96972800,1.6910638809204102,,,6.874827076226687e-05,12683.128291306
47360,96993280,1.803159236907959,,,6.86997308314183e-05,12685.600635076
47370,97013760,1.673168420791626,,,6.865121623522802e-05,12688.102528799001
47380,97034240,1.5299372673034668,,,6.860272698645918e-05,12690.586693291001
47390,97054720,1.6564428806304932,,,6.855426309786848e-05,12693.116406952002
47400,97075200,1.7774537801742554,1.6277658104896546,5.092484423954777,6.850582458220563e-05,12697.303566924002
47410,97095680,1.7384891510009766,,,6.845741145221386e-05,12700.160670613
47420,97116160,1.6912152767181396,,,6.840902372062975e-05,12702.801630451002
47430,97136640,1.7937264442443848,,,6.836066140018312e-05,12705.439160851001
47440,97157120,1.5121002197265625,,,6.831232450359707e-05,12708.081310532001
47450,97177600,1.6795580387115479,,,6.826401304358803e-05,12710.621911731001
47460,97198080,1.4812917709350586,,,6.82157270328659e-05,12713.220929211002
47470,97218560,1.5896825790405273,,,6.816746648413367e-05,12716.032954397
47480,97239040,1.6749873161315918,,,6.811923141008778e-05,12718.665791958001
47490,97259520,1.636446237564087,,,6.807102182341782e-05,12721.246937026
47500,97280000,1.8987071514129639,1.626905357837677,5.08810446687011,6.802283773680678e-05,12725.139311302002
47510,97300480,1.6843830347061157,,,6.797467916293096e-05,12729.834465661
47520,97320960,1.6148395538330078,,,6.792654611445989e-05,12732.368920187
47530,97341440,1.8056550025939941,,,6.787843860405638e-05,12734.660025502002
47540,97361920,1.6830693483352661,,,6.78303566443766e-05,12737.121181940001
47550,97382400,1.6788642406463623,,,6.778230024806989e-05,12739.627137282001
47560,97402880,1.5772749185562134,,,6.773426942777901e-05,12742.106700776001
47570,97423360,1.7017781734466553,,,6.768626419613977e-05,12744.537776455001
47580,97443840,1.4604160785675049,,,6.76382845657814e-05,12746.922878384
47590,97464320,1.5854270458221436,,,6.759033054932644e-05,12749.590959807001
47600,97484800,1.7344567775726318,1.6291107058525085,5.099337890206436,6.754240215939067e-05,12753.302063494
47610,97505280,1.7544621229171753,,,6.749449940858294e-05,12755.706575764001
47620,97525760,1.5969619750976562,,,6.744662230950558e-05,12758.304073277
47630,97546240,1.6457273960113525,,,6.739877087475409e-05,12760.990710349
47640,97566720,1.6480205059051514,,,6.735094511691722e-05,12763.674056888001
47650,97587200,1.7187306880950928,,,6.730314504857686e-05,12766.300489786001
47660,97607680,1.6198911666870117,,,6.72553706823084e-05,12768.951062071
47670,97628160,1.5809121131896973,,,6.720762203068021e-05,12771.574121394002
47680,97648640,1.8887009620666504,,,6.715989910625405e-05,12774.212049139001
47690,97669120,1.7352776527404785,,,6.711220192158486e-05,12776.688534488001
47700,97689600,1.51712965965271,1.6282759130001068,5.095082775700407,6.706453048922076e-05,12780.666337047001
47710,97710080,1.84890615940094,,,6.701688482170315e-05,12783.139481888
47720,97730560,1.6492724418640137,,,6.696926493156664e-05,12785.518069050002
47730,97751040,1.6009831428527832,,,6.692167083133915e-05,12788.084444393
47740,97771520,1.6689801216125488,,,6.687410253354162e-05,12790.510274797001
47750,97792000,1.454458236694336,,,6.682656005068835e-05,12792.777816306001
47760,97812480,1.6586427688598633,,,6.677904339528681e-05,12795.131921028002
47770,97832960,1.7368658781051636,,,6.673155257983772e-05,12797.880248273
47780,97853440,1.5391901731491089,,,6.668408761683486e-05,12800.337043288
47790,97873920,1.6184446811676025,,,6.66366485187653e-05,12802.906516048
47800,97894400,1.621448278427124,1.626106721162796,5.084042542254124,6.658923529810942e-05,12806.906471002001
47810,97914880,1.6213359832763672,,,6.654184796734066e-05,12809.466957976001
47820,97935360,1.6663990020751953,,,6.64944865389256e-05,12812.003899853
47830,97955840,1.4574863910675049,,,6.64471510253241e-05,12814.872194766001
47840,97976320,1.4284816980361938,,,6.639984143898919e-05,12817.386095149
47850,97996800,1.6370348930358887,,,6.635255779236712e-05,12819.888158522
47860,98017280,1.7358925342559814,,,6.63053000978971e-05,12822.383617074
47870,98037760,1.3912274837493896,,,6.625806836801186e-05,12825.077840414
47880,98058240,1.6858439445495605,,,6.621086261513703e-05,12828.128020134001
47890,98078720,1.6482305526733398,,,6.616368285169152e-05,12830.640489779002
47900,98099200,1.754148244857788,1.626353120803833,5.085295402857416,6.611652909008738e-05,12834.551144439
47910,98119680,1.5294382572174072,,,6.606940134272975e-05,12837.359311037002
47920,98140160,1.6698683500289917,,,6.6022299622017e-05,12839.886909993002
47930,98160640,1.5082043409347534,,,6.597522394034071e-05,12842.274988253
47940,98181120,1.5860278606414795,,,6.592817431008555e-05,12844.880094913002
47950,98201600,1.5601476430892944,,,6.588115074362925e-05,12847.292992662002
47960,98222080,1.5882701873779297,,,6.583415325334279e-05,12849.682643385
47970,98242560,1.9766610860824585,,,6.578718185159025e-05,12852.177074848001
47980,98263040,1.624093770980835,,,6.574023655072895e-05,12854.60124021
47990,98283520,1.6366825103759766,,,6.569331736310908e-05,12857.281905505
48000,98304000,1.6607060432434082,1.6256140887737274,5.081538595043795,6.564642430107427e-05,12861.206196249
48010,98324480,1.8137415647506714,,,6.559955737696111e-05,12866.053160453
48020,98344960,1.6494170427322388,,,6.555271660309935e-05,12868.717190172001
48030,98365440,1.6057392358779907,,,6.550590199181181e-05,12871.273500947002
48040,98385920,1.774836540222168,,,6.54591135554145e-05,12873.785830991
48050,98406400,1.7668582201004028,,,6.541235130621649e-05,12876.591245221
48060,98426880,1.4003770351409912,,,6.536561525652003e-05,12879.319515248
48070,98447360,1.6393308639526367,,,6.531890541862037e-05,12882.039394450001
48080,98467840,1.5381073951721191,,,6.527222180480599e-05,12884.46266094
48090,98488320,1.857093334197998,,,6.522556442735835e-05,12886.905031129001
48100,98508800,1.6335300207138062,1.6242096245288848,5.074406765150617,6.517893329855211e-05,12891.525697389001
48110,98529280,1.5700759887695312,,,6.513232843065499e-05,12893.880081299001
48120,98549760,1.5626598596572876,,,6.508574983592774e-05,12896.147748014002
48130,98570240,1.6686711311340332,,,6.50391975266242e-05,12898.619267172002
48140,98590720,1.55743408203125,,,6.499267151499148e-05,12901.060264334
48150,98611200,1.481236219406128,,,6.494617181326962e-05,12903.591026922
48160,98631680,1.5217372179031372,,,6.489969843369165e-05,12906.199115044
48170,98652160,1.6945775747299194,,,6.485325138848383e-05,12908.792575057001
48180,98672640,1.6817471981048584,,,6.480683068986543e-05,12911.360115715
48190,98693120,1.7055511474609375,,,6.476043635004886e-05,12913.876987519001
48200,98713600,1.4754301309585571,1.624216914176941,5.074443755924854,6.471406838123941e-05,12917.677021156
48210,98734080,1.9053595066070557,,,6.466772679563569e-05,12919.978030544
48220,98754560,1.6049054861068726,,,6.462141160542916e-05,12922.606566092001
48230,98775040,1.5095653533935547,,,6.457512282280447e-05,12925.045914967
48240,98795520,1.575587511062622,,,6.452886045993921e-05,12927.568995604
48250,98816000,1.6590638160705566,,,6.448262452900407e-05,12930.270958403002
48260,98836480,1.4604136943817139,,,6.443641504216278e-05,12932.691369966
48270,98856960,1.6174794435501099,,,6.439023201157224e-05,12935.137661123
48280,98877440,1.704571008682251,,,6.434407544938214e-05,12937.510450137
48290,98897920,1.6015450954437256,,,6.429794536773541e-05,12939.96455796
48300,98918400,1.7410733699798584,1.6221566379070282,5.0639997623219415,6.425184177876793e-05,12944.698030668002
48310,98938880,1.6056408882141113,,,6.420576469460863e-05,12947.408199409001
48320,98959360,1.530334234237671,,,6.415971412737943e-05,12950.017844848
48330,98979840,1.683566689491272,,,6.411369008919527e-05,12952.439332934002
48340,99000320,1.7534632682800293,,,6.406769259216427e-05,12954.944635167001
48350,99020800,1.5870389938354492,,,6.402172164838736e-05,12957.688320644
48360,99041280,1.5364210605621338,,,6.397577726995861e-05,12960.264432635002
48370,99061760,1.5241256952285767,,,6.392985946896502e-05,12962.764422152
48380,99082240,1.816870927810669,,,6.388396825748665e-05,12965.111439035001
48390,99102720,1.7812151908874512,,,6.383810364759652e-05,12967.344372443
48400,99123200,1.6351840496063232,1.6209647178649902,5.057967475228456,6.379226565136073e-05,12972.019020119002
48410,99143680,1.4749412536621094,,,6.374645428083834e-05,12974.540680788
48420,99164160,1.5560908317565918,,,6.370066954808136e-05,12976.972323580001
48430,99184640,1.3657186031341553,,,6.365491146513485e-05,12979.388729598002
48440,99205120,1.6068391799926758,,,6.360918004403687e-05,12981.780425136001
48450,99225600,1.7236247062683105,,,6.356347529681836e-05,12984.259404845001
48460,99246080,1.7603161334991455,,,6.351779723550334e-05,12986.869509531
48470,99266560,1.6147475242614746,,,6.347214587210878e-05,12989.168888058
48480,99287040,1.5505844354629517,,,6.342652121864473e-05,12991.551275892001
48490,99307520,1.5825023651123047,,,6.338092328711399e-05,12994.090459418001
48500,99328000,1.5090736150741577,1.6201672017574311,5.053935272782368,6.333535208951252e-05,12998.727202643
48510,99348480,1.5850975513458252,,,6.328980763782917e-05,13003.160050673001
48520,99368960,1.6993368864059448,,,6.32442899440458e-05,13005.531760491001
48530,99389440,1.8539535999298096,,,6.319879902013712e-05,13008.132122042
48540,99409920,1.647351622581482,,,6.31533348780709e-05,13010.849264256001
48550,99430400,1.6647053956985474,,,6.310789752980787e-05,13013.296096629001
48560,99450880,1.7424768209457397,,,6.306248698730168e-05,13015.832308165001
48570,99471360,1.7542474269866943,,,6.301710326249896e-05,13018.276152528
48580,99491840,1.561760663986206,,,6.297174636733915e-05,13021.077305729
48590,99512320,1.5167127847671509,,,6.292641631375479e-05,13023.491518587001
48600,99532800,1.4671423435211182,1.6195075035095214,5.050602300036882,6.288111311367127e-05,13028.202713475
48610,99553280,1.500271201133728,,,6.283583677900706e-05,13030.623074215
48620,99573760,1.9034538269042969,,,6.279058732167334e-05,13032.993762005
48630,99594240,1.5853252410888672,,,6.274536475357436e-05,13035.480839179001
48640,99614720,1.6777586936950684,,,6.270016908660726e-05,13037.824544186002
48650,99635200,1.5273234844207764,,,6.265500033266215e-05,13040.49222562
48660,99655680,1.452309250831604,,,6.260985850362195e-05,13043.011770771001
48670,99676160,1.6075425148010254,,,6.256474361136256e-05,13045.461975968
48680,99696640,1.5621747970581055,,,6.251965566775287e-05,13047.972482230001
48690,99717120,1.6399027109146118,,,6.247459468465461e-05,13050.378025554
48700,99737600,1.7974350452423096,1.6184871673583985,5.045451616086587,6.242956067392235e-05,13054.982456928
48710,99758080,1.5434019565582275,,,6.238455364740366e-05,13057.250852171
48720,99778560,1.868199110031128,,,6.233957361693898e-05,13059.751447625
48730,99799040,1.5137039422988892,,,6.229462059436168e-05,13061.991186491001
48740,99819520,1.696536898612976,,,6.224969459149789e-05,13064.291988835
48750,99840000,1.6318273544311523,,,6.220479562016685e-05,13066.684594147002
48760,99860480,1.7064080238342285,,,6.215992369218052e-05,13069.008723499
48770,99880960,1.881889820098877,,,6.211507881934382e-05,13071.292904715001
48780,99901440,1.6794887781143188,,,6.207026101345456e-05,13073.704768948
48790,99921920,1.6026484966278076,,,6.202547028630333e-05,13076.029323257
48800,99942400,1.8375858068466187,1.6179881870746613,5.042934663214762,6.198070664967369e-05,13080.753390481
48810,99962880,1.3929469585418701,,,6.193597011534202e-05,13083.091887990002
48820,99983360,1.5121430158615112,,,6.189126069507772e-05,13085.442564786
48830,100003840,1.8576984405517578,,,6.184657840064281e-05,13087.766798213
48840,100024320,1.6846028566360474,,,6.180192324379236e-05,13090.397623581
48850,100044800,1.443772315979004,,,6.175729523627422e-05,13092.761269361
48860,100065280,1.5598056316375732,,,6.171269438982916e-05,13095.120377552
48870,100085760,1.7569022178649902,,,6.16681207161907e-05,13097.441010794002
48880,100106240,1.7928850650787354,,,6.162357422708525e-05,13099.884670699
48890,100126720,1.7697086334228516,,,6.15790549342322e-05,13102.376176945001
48900,100147200,1.6957424879074097,1.615630030632019,5.031056644965881,6.153456284934365e-05,13106.98589756
48910,100167680,1.528578758239746,,,6.149009798412451e-05,13109.431141587
48920,100188160,1.4999791383743286,,,6.144566035027262e-05,13111.715028108001
48930,100208640,1.6596664190292358,,,6.140124995947864e-05,13114.091383812
48940,100229120,1.7384122610092163,,,6.135686682342605e-05,13116.433918613002
48950,100249600,1.414968490600586,,,6.131251095379109e-05,13118.759662825001
48960,100270080,1.5025498867034912,,,6.126818236224298e-05,13121.322096365002
48970,100290560,1.5041358470916748,,,6.122388106044364e-05,13123.617441122002
48980,100311040,1.7027688026428223,,,6.117960706004788e-05,13125.909177022
48990,100331520,1.6016743183135986,,,6.113536037270328e-05,13128.301283599001
49000,100352000,1.5257879495620728,1.6161619961261748,5.0337337054889275,6.109114101005022e-05,13132.093117965
49010,100372480,1.7489445209503174,,,6.104694898372188e-05,13136.570970923
49020,100392960,1.7048134803771973,,,6.100278430534442e-05,13138.899363984001
49030,100413440,1.7904582023620605,,,6.095864698653666e-05,13141.284489992002
49040,100433920,1.4970407485961914,,,6.091453703891015e-05,13143.654823287
49050,100454400,1.5835109949111938,,,6.0870454474069345e-05,13145.913062781001
49060,100474880,1.369049072265625,,,6.0826399303611514e-05,13148.245391242
49070,100495360,1.6542832851409912,,,6.0782371539126696e-05,13150.69274326
49080,100515840,1.7079694271087646,,,6.0738371192197625e-05,13152.982642124
49090,100536320,1.390910267829895,,,6.069439827439999e-05,13155.221330465
49100,100556800,1.8565030097961426,1.6181235432624816,5.043617301824839,6.065045279730216e-05,13158.808223679
49110,100577280,1.868825912475586,,,6.060653477246533e-05,13161.093553661001
49120,100597760,1.774564266204834,,,6.0562644211443366e-05,13163.329861026
49130,100618240,1.4363346099853516,,,6.051878112578304e-05,13165.589503389001
49140,100638720,1.757519006729126,,,6.047494552702384e-05,13167.90920044
49150,100659200,1.6109888553619385,,,6.043113742669802e-05,13170.277115555
49160,100679680,1.5232489109039307,,,6.0387356836330615e-05,13172.632576769
49170,100700160,1.9029375314712524,,,6.034360376743941e-05,13174.989869006
49180,100720640,1.5905288457870483,,,6.0299878231534974e-05,13177.416247177
49190,100741120,1.6532082557678223,,,6.0256180240120586e-05,13179.690965794001
49200,100761600,1.6500746011734009,1.616056537628174,5.033202883483348,6.021250980469236e-05,13183.315430047001
49210,100782080,1.6114721298217773,,,6.016886693673904e-05,13185.629814002
49220,100802560,2.075599193572998,,,6.0125251647742166e-05,13188.171524208
49230,100823040,1.5205562114715576,,,6.008166394917611e-05,13190.495461619
49240,100843520,1.6976909637451172,,,6.003810385250795e-05,13192.899725327
49250,100864000,1.3833545446395874,,,5.999457136919735e-05,13195.175770397
49260,100884480,1.5308895111083984,,,5.99510665106969e-05,13197.467736061
49270,100904960,1.5886917114257812,,,5.9907589288451844e-05,13199.783026304001
49280,100925440,1.6302889585494995,,,5.9864139713900186e-05,13202.237259168
49290,100945920,1.824385404586792,,,5.9820717798472536e-05,13204.53689868
49300,100966400,1.4949314594268799,1.6173019468784333,5.039475185893873,5.977732355359242e-05,13208.372241537001
49310,100986880,1.515817642211914,,,5.973395699067596e-05,13210.750429136002
49320,101007360,1.4790337085723877,,,5.9690618121132064e-05,13212.99067721
49330,101027840,1.4258553981781006,,,5.964730695636223e-05,13215.204971533
49340,101048320,1.9050191640853882,,,5.960402350776081e-05,13217.562559064001
49350,101068800,1.6394078731536865,,,5.9560767786714746e-05,13219.986795699002
49360,101089280,1.8841816186904907,,,5.951753980460387e-05,13222.242595340002
49370,101109760,1.533575177192688,,,5.947433957280047e-05,13224.491139597001
49380,101130240,1.5969922542572021,,,5.9431167102669715e-05,13226.858099028
49390,101150720,1.9393422603607178,,,5.938802240556938e-05,13229.527929546
49400,101171200,1.6172800064086914,1.6184569776058197,5.045299297449891,5.934490549284999e-05,13233.398400508002
49410,101191680,1.8115290403366089,,,5.930181637585475e-05,13236.149104447002
49420,101212160,1.7394812107086182,,,5.925875506591945e-05,13238.728264358
49430,101232640,1.6647210121154785,,,5.921572157437275e-05,13241.283918553001
49440,101253120,1.5127861499786377,,,5.917271591253586e-05,13243.806938503001
49450,101273600,1.5370415449142456,,,5.912973809172273e-05,13246.598688628
49460,101294080,1.678821086883545,,,5.90867881232399e-05,13249.389582970001
49470,101314560,1.7050385475158691,,,5.9043866018386665e-05,13251.909416372
49480,101335040,1.4809564352035522,,,5.900097178845496e-05,13254.243031541002
49490,101355520,1.7174066305160522,,,5.8958105444729405e-05,13257.190771755002
49500,101376000,1.6737241744995117,1.6157193243503571,5.03150590677871,5.891526699848728e-05,13261.063253102002
49510,101396480,1.5930818319320679,,,5.887245646099849e-05,13265.874807516
49520,101416960,1.7314457893371582,,,5.8829673843525624e-05,13268.41411961
49530,101437440,1.6231529712677002,,,5.8786919157324e-05,13271.016674059001
49540,101457920,1.5290050506591797,,,5.8744192413641395e-05,13273.6064143
49550,101478400,1.4999756813049316,,,5.8701493623718404e-05,13276.185213609002
49560,101498880,1.7084245681762695,,,5.865882279878819e-05,13278.609373082001
49570,101519360,1.7548036575317383,,,5.861617995007671e-05,13281.348398186
49580,101539840,1.8596264123916626,,,5.8573565088802286e-05,13283.706095863
49590,101560320,1.445536732673645,,,5.85309782261761e-05,13286.059278951001
49600,101580800,1.4583783149719238,1.6156215488910675,5.031013973027672,5.848841937340189e-05,13290.648637478
49610,101601280,1.6795885562896729,,,5.8445888541676055e-05,13293.156890361
49620,101621760,1.758061170578003,,,5.840338574218753e-05,13295.643008889001
49630,101642240,1.5011851787567139,,,5.836091098611795e-05,13298.09463318
49640,101662720,1.6671032905578613,,,5.831846428464164e-05,13300.689436501001
49650,101683200,1.672767996788025,,,5.827604564892543e-05,13303.044680097002
49660,101703680,1.7296503782272339,,,5.823365509012885e-05,13305.677842869001
49670,101724160,1.4663876295089722,,,5.8191292619403926e-05,13308.345573829
49680,101744640,1.5306787490844727,,,5.81489582478954e-05,13310.741956329
49690,101765120,1.8128609657287598,,,5.810665198674056e-05,13313.218552177
49700,101785600,1.6596903800964355,1.6143954575061799,5.024849270154919,5.806437384706942e-05,13317.838760440001
49710,101806080,1.4754846096038818,,,5.802212384000445e-05,13320.101642493002
49720,101826560,1.6675326824188232,,,5.7979901976660755e-05,13322.454621500001
49730,101847040,1.5529208183288574,,,5.7937708268146075e-05,13324.744279594
49740,101867520,1.6655665636062622,,,5.7895542725560755e-05,13327.024327804
49750,101888000,1.366468906402588,,,5.785340535999765e-05,13329.417405086002
49760,101908480,1.496196985244751,,,5.7811296182542216e-05,13331.999136224
49770,101928960,1.6941502094268799,,,5.7769215204272624e-05,13334.358672877
49780,101949440,1.5753870010375977,,,5.772716243625953e-05,13336.735484616001
49790,101969920,1.534388780593872,,,5.7685137889566086e-05,13338.995080414
49800,101990400,1.738656759262085,1.617265874147415,5.039293401539768,5.764314157524814e-05,13342.883114438002
49810,102010880,1.5641975402832031,,,5.760117350435408e-05,13345.197179563002
49820,102031360,1.6143653392791748,,,5.755923368792489e-05,13347.984371687002
49830,102051840,1.6753451824188232,,,5.7517322136993985e-05,13350.369400462001
49840,102072320,1.83212411403656,,,5.747543886258757e-05,13352.706298366
49850,102092800,1.475865364074707,,,5.743358387572422e-05,13355.182365392
49860,102113280,1.6282575130462646,,,5.739175718741517e-05,13357.673175113001
49870,102133760,1.6415765285491943,,,5.734995880866421e-05,13360.142989772
49880,102154240,1.6484100818634033,,,5.7308188750467554e-05,13362.682026671002
49890,102174720,1.5002434253692627,,,5.726644702381413e-05,13365.243401231
49900,102195200,1.652904748916626,1.6159525632858276,5.032679586728831,5.722473363968527e-05,13368.922982955
49910,102215680,1.6103675365447998,,,5.718304860905508e-05,13371.229794033
49920,102236160,1.730770230293274,,,5.714139194288991e-05,13373.788113007002
49930,102256640,1.4062309265136719,,,5.709976365214882e-05,13376.276291958002
49940,102277120,2.0002591609954834,,,5.705816374778339e-05,13378.787391016001
49950,102297600,1.551997184753418,,,5.701659224073775e-05,13381.232809469002
49960,102318080,1.4028725624084473,,,5.697504914194845e-05,13383.846852013
49970,102338560,1.5750526189804077,,,5.693353446234464e-05,13386.230445546
49980,102359040,1.6830592155456543,,,5.689204821284807e-05,13388.715819312001
49990,102379520,1.5383071899414062,,,5.685059040437293e-05,13391.354859052
50000,102400000,1.6154694557189941,1.6146275699138641,5.0260157353875545,5.6809161047825864e-05,13395.282349047
50010,102420480,1.7954318523406982,,,5.6767760154106145e-05,13399.783865386002
50020,102440960,1.884148120880127,,,5.672638773410548e-05,13402.200739527001
50030,102461440,1.6082940101623535,,,5.6685043798708174e-05,13404.725982194
50040,102481920,1.832106590270996,,,5.664372835879093e-05,13407.109447682
50050,102502400,1.6918660402297974,,,5.660244142522304e-05,13409.572066732002
50060,102522880,1.6399898529052734,,,5.656118300886624e-05,13412.021404915002
50070,102543360,1.6520110368728638,,,5.651995312057482e-05,13414.434106228
50080,102563840,1.6283817291259766,,,5.6478751771195524e-05,13416.720103622001
50090,102584320,1.6943349838256836,,,5.6437578971567556e-05,13419.066388966
50100,102604800,1.589240550994873,1.6144065976142883,5.024905247830815,5.639643473252264e-05,13422.809804155
50110,102625280,1.4623491764068604,,,5.6355319064885066e-05,13425.25426704
50120,102645760,1.6156888008117676,,,5.6314231979471524e-05,13427.547034535
50130,102666240,1.7885653972625732,,,5.6273173487091156e-05,13429.811272862
50140,102686720,1.543541669845581,,,5.6232143598545645e-05,13432.257788137002
50150,102707200,1.7352499961853027,,,5.619114232462911e-05,13434.77495082
50160,102727680,1.661731481552124,,,5.615016967612822e-05,13437.121999867002
50170,102748160,1.8264484405517578,,,5.6109225663821926e-05,13439.353910163001
50180,102768640,1.819242238998413,,,5.6068310298481875e-05,13441.826788664
50190,102789120,1.494075059890747,,,5.6027423590872065e-05,13444.145527757002
50200,102809600,1.7073112726211548,1.61479195356369,5.0268419981084005,5.598656555174898e-05,13447.778146965
50210,102830080,1.648207664489746,,,5.59457361918615e-05,13450.040595940001
50220,102850560,1.437976360321045,,,5.5904935521951e-05,13452.451163884001
50230,102871040,1.5350098609924316,,,5.58641635527513e-05,13454.825565930001
50240,102891520,1.5493049621582031,,,5.5823420294988805e-05,13457.118431174
50250,102912000,1.626108169555664,,,5.5782705759382104e-05,13459.605141197
50260,102932480,1.525895595550537,,,5.574201995664243e-05,13461.919129094
50270,102952960,1.63932466506958,,,5.5701362897473384e-05,13464.387856984002
50280,102973440,1.7192659378051758,,,5.566073459257102e-05,13466.747685428001
50290,102993920,1.6740704774856567,,,5.562013505262387e-05,13469.350160489
50300,103014400,1.6160513162612915,1.6153607428073884,5.029702025065874,5.557956428831275e-05,13473.225494387001
50310,103034880,1.8599934577941895,,,5.553902231031111e-05,13475.600266467001
50320,103055360,1.6131759881973267,,,5.5498509129284674e-05,13478.445250035002
50330,103075840,1.820993423461914,,,5.5458024755891696e-05,13481.152211716002
50340,103096320,1.907112956047058,,,5.541756920078273e-05,13483.693765326001
50350,103116800,1.5286202430725098,,,5.5377142474600845e-05,13486.1444094
50360,103137280,1.748999834060669,,,5.533674458798151e-05,13488.795291658
50370,103157760,1.522139072418213,,,5.529637555155258e-05,13491.448821407
50380,103178240,1.8251099586486816,,,5.525603537593431e-05,13494.085356552001
50390,103198720,1.5170371532440186,,,5.5215724071739435e-05,13496.721589846002
50400,103219200,1.578263759613037,1.612744790315628,5.016561758171017,5.517544164957303e-05,13501.489901531
50410,103239680,1.665104866027832,,,5.5135188120032606e-05,13504.028212532
50420,103260160,1.6435091495513916,,,5.5094963493708006e-05,13506.788443715
50430,103280640,1.7324904203414917,,,5.505476778118154e-05,13509.236748347
50440,103301120,1.4820160865783691,,,5.5014600993027844e-05,13511.643016004
50450,103321600,1.6640675067901611,,,5.497446313981413e-05,13514.07147801
50460,103342080,1.9095277786254883,,,5.4934354232099714e-05,13516.674847074002
50470,103362560,1.7709041833877563,,,5.489427428043649e-05,13519.214644069001
50480,103383040,1.8497307300567627,,,5.485422329536871e-05,13521.775621330002
50490,103403520,1.5675816535949707,,,5.481420128743293e-05,13524.195360816
50500,103424000,1.738911747932434,1.6109187185764313,5.007409515385645,5.47742082671582e-05,13528.900069129002
50510,103444480,1.8774828910827637,,,5.473424424506577e-05,13533.097192037001
50520,103464960,1.696333646774292,,,5.4694309231669475e-05,13535.371937068001
50530,103485440,1.4873946905136108,,,5.4654403237475375e-05,13537.739764731
50540,103505920,1.8526461124420166,,,5.461452627298195e-05,13540.494635239
50550,103526400,1.7194902896881104,,,5.457467834867997e-05,13543.083435404002
50560,103546880,1.5131826400756836,,,5.4534859475052655e-05,13545.856954025001
50570,103567360,1.6220711469650269,,,5.4495069662575526e-05,13548.649891938001
50580,103587840,1.545101284980774,,,5.4455308921716556e-05,13551.192021729
50590,103608320,1.65802800655365,,,5.44155772629359e-05,13553.79769952
50600,103628800,1.861276626586914,1.6109599471092224,5.007615967788884,5.4375874696686196e-05,13558.077607101
50610,103649280,1.7427802085876465,,,5.4336201233412376e-05,13560.759836029001
50620,103669760,2.002281427383423,,,5.4296556883551794e-05,13563.324133138001
50630,103690240,1.8362287282943726,,,5.425694165753398e-05,13565.844680444001
50640,103710720,1.6813467741012573,,,5.4217355565780906e-05,13568.289308856001
50650,103731200,1.7495524883270264,,,5.417779861870694e-05,13570.782834889
50660,103751680,1.7121031284332275,,,5.4138270826718726e-05,13573.032147174
50670,103772160,1.6763226985931396,,,5.4098772200215164e-05,13575.395232281
50680,103792640,1.3737637996673584,,,5.405930274958758e-05,13577.797324755
50690,103813120,1.624232292175293,,,5.401986248521957e-05,13580.412644473001
50700,103833600,1.6989490985870361,1.6110749959945678,5.0081921215665055,5.398045141748711e-05,13584.121568990002
50710,103854080,1.8044121265411377,,,5.394106955675838e-05,13586.503654344
50720,103874560,1.8901363611221313,,,5.3901716913394045e-05,13588.826722684
50730,103895040,1.5126705169677734,,,5.386239349774694e-05,13591.376606936
50740,103915520,1.8104300498962402,,,5.3823099320162286e-05,13593.795912648002
50750,103936000,1.5524979829788208,,,5.37838343909776e-05,13596.199565613002
50760,103956480,1.507521152496338,,,5.374459872052264e-05,13598.612775584
50770,103976960,1.617246389389038,,,5.370539231911956e-05,13600.892612832002
50780,103997440,1.7386153936386108,,,5.3666215197082706e-05,13603.345453105001
50790,104017920,1.4279897212982178,,,5.3627067364718926e-05,13605.73226533
50800,104038400,1.6494673490524292,1.6098008513450623,5.001815023906286,5.358794883232712e-05,13610.311135999
50810,104058880,1.7962671518325806,,,5.354885961019859e-05,13612.784988664
50820,104079360,1.8415157794952393,,,5.350979970861695e-05,13615.387536852002
50830,104099840,1.4602526426315308,,,5.34707691378581e-05,13617.738057616001
50840,104120320,1.709747552871704,,,5.343176790819013e-05,13620.014594953002
50850,104140800,1.69624662399292,,,5.339279602987347e-05,13622.409331073
50860,104161280,1.4811208248138428,,,5.335385351316089e-05,13624.685036352
50870,104181760,1.86738920211792,,,5.33149403682974e-05,13627.076335411
50880,104202240,1.8587915897369385,,,5.327605660552021e-05,13629.452866041
50890,104222720,1.4409937858581543,,,5.3237202235058844e-05,13631.94151421
50900,104243200,1.7909126281738281,1.612237000465393,5.0140150456792405,5.3198377267135136e-05,13635.832215588001
50910,104263680,1.5985358953475952,,,5.315958171196318e-05,13638.296711890001
50920,104284160,1.4531630277633667,,,5.31208155797492e-05,13640.86150423
50930,104304640,1.6753463745117188,,,5.30820788806919e-05,13643.596643038001
50940,104325120,2.0505971908569336,,,5.304337162498205e-05,13646.313495152
50950,104345600,1.4987263679504395,,,5.300469382280278e-05,13648.798459744
50960,104366080,1.6874480247497559,,,5.296604548432947e-05,13651.313923096
50970,104386560,1.6158647537231445,,,5.2927426619729645e-05,13653.723677961001
50980,104407040,1.5419328212738037,,,5.2888837239163156e-05,13656.146354999
50990,104427520,1.5837054252624512,,,5.2850277352782156e-05,13658.501533635
51000,104448000,1.5113604068756104,1.6110260784626007,5.007947139160318,5.281174697073096e-05,13662.392451957001
51010,104468480,1.5936241149902344,,,5.277324610314609e-05,13666.926087701002
51020,104488960,1.7171536684036255,,,5.273477476015637e-05,13669.352348121
51030,104509440,1.652674913406372,,,5.2696332951882826e-05,13671.803401543002
51040,104529920,1.827598214149475,,,5.265792068843877e-05,13674.352926859001
51050,104550400,1.6462645530700684,,,5.261953797992957e-05,13676.68053315
51060,104570880,1.6177676916122437,,,5.258118483645307e-05,13679.078699185
51070,104591360,1.8331843614578247,,,5.254286126809917e-05,13681.509579705002
51080,104611840,1.625431776046753,,,5.250456728495006e-05,13684.249563279001
51090,104632320,1.6062555313110352,,,5.246630289708003e-05,13686.943651720001
51100,104652800,1.5909087657928467,1.6092063903808593,4.998842523729606,5.242806811455571e-05,13692.049869286002
51110,104673280,1.6319940090179443,,,5.2389862947435924e-05,13694.569810930001
51120,104693760,1.4294946193695068,,,5.235168740577164e-05,13697.177174239001
51130,104714240,1.4648475646972656,,,5.231354149960611e-05,13699.949540013
51140,104734720,1.7032039165496826,,,5.227542523897474e-05,13702.225217961
51150,104755200,1.5916600227355957,,,5.223733863390516e-05,13704.553254625
51160,104775680,1.6407456398010254,,,5.219928169441715e-05,13707.065051875
51170,104796160,1.5817291736602783,,,5.2161254430522784e-05,13709.622502244001
51180,104816640,1.6066737174987793,,,5.212325685222619e-05,13711.983522628001
51190,104837120,1.5873997211456299,,,5.208528896952379e-05,13714.457641537001
51200,104857600,1.5505108833312988,1.608798485994339,4.996803889748791,5.204735079240421e-05,13719.044264691001
51210,104878080,1.7138187885284424,,,5.200944233084823e-05,13721.424132666001
51220,104898560,1.773604393005371,,,5.1971563594828726e-05,13723.775285424
51230,104919040,1.7741025686264038,,,5.1933714594310875e-05,13726.117568829
51240,104939520,1.7225196361541748,,,5.1895895339251974e-05,13728.487022185
51250,104960000,1.6062145233154297,,,5.1858105839601545e-05,13730.978539778
51260,104980480,1.6465520858764648,,,5.182034610530114e-05,13733.414759562002
51270,105000960,1.6940847635269165,,,5.178261614628468e-05,13735.879389295002
51280,105021440,1.5812526941299438,,,5.174491597247814e-05,13738.324714428001
51290,105041920,1.8645317554473877,,,5.170724559379969e-05,13740.674816844
51300,105062400,1.6561568975448608,1.6072058916091918,4.988852341406581,5.166960502015959e-05,13744.926022539
51310,105082880,1.6221511363983154,,,5.163199426146035e-05,13747.551312853
51320,105103360,1.7608768939971924,,,5.1594413327596556e-05,13749.969481406002
51330,105123840,1.5080502033233643,,,5.15568622284551e-05,13752.246542045
51340,105144320,1.8677626848220825,,,5.151934097391484e-05,13754.687454598
51350,105164800,1.8393104076385498,,,5.148184957384685e-05,13756.984787721001
51360,105185280,1.7811781167984009,,,5.144438803811441e-05,13759.324399971001
51370,105205760,1.6767091751098633,,,5.1406956376572855e-05,13761.674516921
51380,105226240,1.662481665611267,,,5.136955459906975e-05,13764.064206859
51390,105246720,1.558953046798706,,,5.133218271544466e-05,13766.280686893002
51400,105267200,1.6473413705825806,1.6072978854179383,4.989311306045369,5.129484073552944e-05,13769.939806629001
51410,105287680,1.658904790878296,,,5.125752866914802e-05,13772.276423596002
51420,105308160,1.620714783668518,,,5.122024652611646e-05,13774.712693332
51430,105328640,1.5964572429656982,,,5.118299431624287e-05,13777.262738581001
51440,105349120,1.6090301275253296,,,5.11457720493276e-05,13779.562729636
51450,105369600,1.4190794229507446,,,5.110857973516307e-05,13781.837785119002
51460,105390080,1.6746574640274048,,,5.107141738353384e-05,13784.067505484001
51470,105410560,1.8962182998657227,,,5.103428500421656e-05,13786.491780262
51480,105431040,1.4563815593719482,,,5.099718260698003e-05,13788.810548804002
51490,105451520,1.6972533464431763,,,5.096011020158511e-05,13791.322104559
51500,105472000,1.7784881591796875,1.6073232293128967,4.989437756229388,5.092306779778487e-05,13794.946629242
51510,105492480,1.4774565696716309,,,5.0886055405324324e-05,13799.655658234002
51520,105512960,1.5329991579055786,,,5.084907303394074e-05,13801.917430392
51530,105533440,1.777971863746643,,,5.08121206933634e-05,13804.157474525
51540,105553920,1.5172401666641235,,,5.0775198393313795e-05,13806.466013453
51550,105574400,1.544467806816101,,,5.073830614350537e-05,13808.786569962002
51560,105594880,1.7408995628356934,,,5.070144395364373e-05,13811.274883896
51570,105615360,1.6358697414398193,,,5.0664611833426616e-05,13813.651432546001
51580,105635840,1.605177879333496,,,5.062780979254379e-05,13816.018633941001
51590,105656320,1.579941749572754,,,5.059103784067714e-05,13818.297877681001
51600,105676800,1.3986732959747314,1.6076846897602082,4.991241566616003,5.0554295987500566e-05,13822.044652858
51610,105697280,1.5387425422668457,,,5.0517584242680186e-05,13824.284243282
51620,105717760,1.5248677730560303,,,5.048090261587409e-05,13826.490921212
51630,105738240,1.7256176471710205,,,5.044425111673251e-05,13828.77053026
51640,105758720,1.7491344213485718,,,5.040762975489765e-05,13831.361819164002
51650,105779200,1.6931653022766113,,,5.037103854000388e-05,13833.678361420001
51660,105799680,1.7875720262527466,,,5.033447748167757e-05,13836.024424149
51670,105820160,1.7159645557403564,,,5.029794658953732e-05,13838.227755914002
51680,105840640,1.5734821557998657,,,5.026144587319354e-05,13840.485137848002
51690,105861120,1.497298240661621,,,5.0224975342248907e-05,13842.744043716
51700,105881600,1.541780948638916,1.6078325450420379,4.991979602604429,5.018853500629804e-05,13846.309901921002
51710,105902080,1.7194914817810059,,,5.01521248749277e-05,13848.517387382
51720,105922560,1.6261402368545532,,,5.011574495771661e-05,13850.773832994
51730,105943040,1.5782047510147095,,,5.00793952642356e-05,13853.142343994
51740,105963520,1.8842322826385498,,,5.004307580404757e-05,13855.465110679
51750,105984000,1.8675228357315063,,,5.000678658670744e-05,13857.685893594
51760,106004480,1.6165674924850464,,,4.997052762176214e-05,13859.920758612001
51770,106024960,1.5627610683441162,,,4.993429891875069e-05,13862.273653520002
51780,106045440,1.65191650390625,,,4.989810048720412e-05,13864.475635544
51790,106065920,1.7976460456848145,,,4.9861932336645546e-05,13866.866426863002
51800,106086400,1.6499656438827515,1.6067438423633575,4.986547778396456,4.982579447658999e-05,13871.503064708002
51810,106106880,1.5083521604537964,,,4.9789686916544676e-05,13873.828587553002
51820,106127360,1.6369144916534424,,,4.975360966600874e-05,13876.174255785001
51830,106147840,1.7069587707519531,,,4.9717562734473405e-05,13878.526765388
51840,106168320,1.7316406965255737,,,4.96815461314219e-05,13880.784028775
51850,106188800,1.5799729824066162,,,4.964555986632941e-05,13883.020401298001
51860,106209280,1.7808327674865723,,,4.9609603948663235e-05,13885.488803953001
51870,106229760,1.3897199630737305,,,4.957367838788262e-05,13887.940043434
51880,106250240,1.329474687576294,,,4.953778319343892e-05,13890.214981198002
51890,106270720,1.9068217277526855,,,4.950191837477537e-05,13892.511049925
51900,106291200,1.629227638244629,1.606969565153122,4.987673482916091,4.946608394132732e-05,13896.204820379
51910,106311680,1.6913275718688965,,,4.943027990252206e-05,13898.466212450001
51920,106332160,1.878147006034851,,,4.9394506267778956e-05,13900.773045353002
51930,106352640,1.6268908977508545,,,4.935876304650927e-05,13903.068842441
51940,106373120,1.4785897731781006,,,4.9323050248116325e-05,13905.728386589002
51950,106393600,1.7036762237548828,,,4.9287367881995474e-05,13907.998375249
51960,106414080,1.6673729419708252,,,4.925171595753406e-05,13910.28965164
51970,106434560,1.546628475189209,,,4.9216094484111315e-05,13912.629611569002
51980,106455040,1.625768780708313,,,4.918050347109855e-05,13914.956068669002
51990,106475520,1.6029484272003174,,,4.914494292785905e-05,13917.348101043
52000,106496000,1.9100847244262695,1.6043489634990693,4.974619889142124,4.9109412863748106e-05,13921.991299139001
52010,106516480,1.8840327262878418,,,4.9073913288112884e-05,13926.294361874001
52020,106536960,1.7886757850646973,,,4.903844421029267e-05,13929.106411295
52030,106557440,1.834000587463379,,,4.900300563961863e-05,13931.538550857
52040,106577920,1.71962308883667,,,4.896759758541397e-05,13933.909566954
52050,106598400,1.542258381843567,,,4.893222005699385e-05,13936.302122161
52060,106618880,1.769494652748108,,,4.889687306366533e-05,13938.910581827
52070,106639360,1.8188750743865967,,,4.8861556614727466e-05,13941.354947934
52080,106659840,1.876913070678711,,,4.8826270719471386e-05,13943.682109533001
52090,106680320,1.7095844745635986,,,4.87910153871801e-05,13946.367125566001
52100,106700800,1.8590384721755981,1.6055451929569244,4.980574236668066,4.8755790627128494e-05,13950.138779477002
52110,106721280,1.4132378101348877,,,4.872059644858354e-05,13952.391246678002
52120,106741760,1.4733545780181885,,,4.868543286080411e-05,13954.697004947
52130,106762240,1.7030973434448242,,,4.865029987304107e-05,13956.925017833
52140,106782720,1.6437549591064453,,,4.86151974945371e-05,13959.285844796
52150,106803200,1.5877132415771484,,,4.8580125734527024e-05,13961.59486135
52160,106823680,1.4950414896011353,,,4.854508460223748e-05,13964.298567625001
52170,106844160,1.5976877212524414,,,4.851007410688714e-05,13966.889587176
52180,106864640,1.5166161060333252,,,4.847509425768644e-05,13969.2429625
52190,106885120,1.6290452480316162,,,4.844014506383796e-05,13971.701237686
52200,106905600,1.4451725482940674,1.6024486720561981,4.965175637792281,4.8405226534536106e-05,13976.323056072
52210,106926080,1.4797272682189941,,,4.8370338678967235e-05,13978.805960021
52220,106946560,1.5875436067581177,,,4.8335481506309654e-05,13981.294480351
52230,106967040,1.4305472373962402,,,4.830065502573355e-05,13983.890362964
52240,106987520,1.6478828191757202,,,4.826585924640111e-05,13986.389985053
52250,107008000,1.8205281496047974,,,4.823109417746637e-05,13988.721098982001
52260,107028480,1.7206549644470215,,,4.819635982807535e-05,13991.055160685
52270,107048960,1.5783741474151611,,,4.816165620736591e-05,13993.471373589
52280,107069440,1.8772556781768799,,,4.812698332446788e-05,13995.687432568
52290,107089920,1.4879800081253052,,,4.809234118850303e-05,13998.095329625
52300,107110400,1.4371424913406372,1.6015567064285279,4.960748846354423,4.8057729808585016e-05,14002.535489612
52310,107130880,1.5924824476242065,,,4.802314919381935e-05,14004.92928272
52320,107151360,1.5161876678466797,,,4.798859935330351e-05,14007.314599351
52330,107171840,1.536899447441101,,,4.7954080296126866e-05,14009.748696490002
52340,107192320,1.713486671447754,,,4.791959203137072e-05,14012.225226418
52350,107212800,1.5473408699035645,,,4.788513456810813e-05,14014.620767830002
52360,107233280,1.8348238468170166,,,4.785070791540427e-05,14017.104507809001
52370,107253760,1.7349913120269775,,,4.781631208231606e-05,14019.477678553001
52380,107274240,1.6624839305877686,,,4.778194707789237e-05,14022.026569146
52390,107294720,1.5679519176483154,,,4.774761291117391e-05,14024.402993583
52400,107315200,1.7437095642089844,1.6015663266181945,4.960796569928768,4.771330959119331e-05,14028.584048457
52410,107335680,1.6540522575378418,,,4.7679037126975046e-05,14031.509420479
52420,107356160,1.5276532173156738,,,4.764479552753563e-05,14033.849409915001
52430,107376640,1.5950837135314941,,,4.7610584801883215e-05,14036.234280996001
52440,107397120,1.6316050291061401,,,4.757640495901801e-05,14038.959388152001
52450,107417600,1.449777603149414,,,4.754225600793202e-05,14041.624535443001
52460,107438080,1.5499866008758545,,,4.750813795760917e-05,14043.902791577002
52470,107458560,1.6806526184082031,,,4.747405081702524e-05,14046.476383736
52480,107479040,1.4661028385162354,,,4.743999459514778e-05,14048.848275267
52490,107499520,1.6848607063293457,,,4.74059693009364e-05,14051.152837322
52500,107520000,1.4248682260513306,1.5998351991176605,4.9522162275381465,4.7371974943342425e-05,14055.777319898001
52510,107540480,1.4986580610275269,,,4.733801153130911e-05,14060.543516316
52520,107560960,1.657047986984253,,,4.7304079073771504e-05,14062.933827385
52530,107581440,1.8150267601013184,,,4.727017757965657e-05,14065.217195188001
52540,107601920,1.7679909467697144,,,4.72363070578831e-05,14067.540562188002
52550,107622400,1.4719884395599365,,,4.7202467517361765e-05,14070.198386249001
52560,107642880,1.423696517944336,,,4.716865896699503e-05,14072.491309212
52570,107663360,1.6082314252853394,,,4.713488141567729e-05,14075.012087534
52580,107683840,1.5478005409240723,,,4.710113487229471e-05,14077.256207086
52590,107704320,1.5767536163330078,,,4.7067419345725355e-05,14079.711840071
52600,107724800,1.6271328926086426,1.5996225297451019,4.95116315480239,4.703373484483904e-05,14084.529389641
52610,107745280,1.6551926136016846,,,4.7000081378497505e-05,14086.877042601001
52620,107765760,1.865093469619751,,,4.696645895555428e-05,14089.232238690001
52630,107786240,1.8274998664855957,,,4.693286758485483e-05,14091.589960237001
52640,107806720,1.7036781311035156,,,4.689930727523628e-05,14094.435008521
52650,107827200,1.7850003242492676,,,4.6865778035527693e-05,14096.995385165
52660,107847680,1.5570967197418213,,,4.683227987454994e-05,14099.451166782
52670,107868160,1.7692244052886963,,,4.679881280111573e-05,14102.0257151
52680,107888640,1.6766550540924072,,,4.676537682402953e-05,14104.340473432001
52690,107909120,1.7339576482772827,,,4.673197195208771e-05,14106.888672231002
52700,107929600,1.8611326217651367,1.6006704807281493,4.95635445073444,4.669859819407841e-05,14110.736158765001
52710,107950080,1.6142748594284058,,,4.6665255558781576e-05,14113.035202473002
52720,107970560,1.7086608409881592,,,4.663194405496903e-05,14115.397157996002
52730,107991040,1.5676546096801758,,,4.65986636914043e-05,14117.910442365
52740,108011520,1.4320833683013916,,,4.656541447684279e-05,14120.235086936002
52750,108032000,1.665389060974121,,,4.653219642003169e-05,14122.526020272002
52760,108052480,1.6352120637893677,,,4.649900952971007e-05,14124.808445872
52770,108072960,1.545280933380127,,,4.646585381460865e-05,14127.216632782001
52780,108093440,1.6029279232025146,,,4.643272928345006e-05,14129.61590593
52790,108113920,1.7635152339935303,,,4.639963594494871e-05,14132.201543428
52800,108134400,1.8605570793151855,1.5985350847244262,4.945781963488285,4.636657380781078e-05,14136.866970359002
52810,108154880,1.9432069063186646,,,4.633354288073423e-05,14139.366185035
52820,108175360,1.771776795387268,,,4.630054317240881e-05,14141.847173051001
52830,108195840,1.6307852268218994,,,4.6267574691516166e-05,14144.338640436
52840,108216320,1.5609750747680664,,,4.6234637446729595e-05,14146.880129291001
52850,108236800,1.6086657047271729,,,4.620173144671419e-05,14149.240735151001
52860,108257280,1.8872344493865967,,,4.6168856700126904e-05,14151.640690413002
52870,108277760,1.7288618087768555,,,4.613601321561638e-05,14154.172730961
52880,108298240,1.5254855155944824,,,4.6103201001823125e-05,14156.811703915002
52890,108318720,1.6747519969940186,,,4.607042006737929e-05,14159.317800435001
52900,108339200,1.4787006378173828,1.5973248541355134,4.9398000473490455,4.603767042090894e-05,14164.196918444
52910,108359680,1.694830060005188,,,4.600495207102783e-05,14166.655756746
52920,108380160,1.579403281211853,,,4.597226502634353e-05,14169.106616227
52930,108400640,1.9161083698272705,,,4.593960929545531e-05,14171.71632902
52940,108421120,1.829796552658081,,,4.5906984886954236e-05,14174.186463997
52950,108441600,1.5054497718811035,,,4.587439180942308e-05,14176.696994310001
52960,108462080,1.6473937034606934,,,4.584183007143653e-05,14179.021739808002
52970,108482560,1.7004725933074951,,,4.5809299681560886e-05,14181.397321626002
52980,108503040,1.7850902080535889,,,4.577680064835419e-05,14183.914961106002
52990,108523520,1.557121753692627,,,4.5744332980366304e-05,14186.361319829
53000,108544000,1.6359126567840576,1.5968742311000823,4.937574561122625,4.5711896686138837e-05,14191.339520938
53010,108564480,1.4121427536010742,,,4.567949177420514e-05,14196.159318225
53020,108584960,1.6023004055023193,,,4.56471182530902e-05,14198.743950773001
53030,108605440,1.5060545206069946,,,4.561477613131093e-05,14201.167724264
53040,108625920,1.8620933294296265,,,4.558246541737587e-05,14203.68631012
53050,108646400,1.8269588947296143,,,4.555018611978533e-05,14206.276816253001
53060,108666880,1.533519983291626,,,4.551793824703129e-05,14208.85182528
53070,108687360,1.3898712396621704,,,4.548572180759754e-05,14211.401472868001
53080,108707840,1.617199420928955,,,4.545353680995959e-05,14213.887428925002
53090,108728320,1.6783792972564697,,,4.542138326258466e-05,14216.414790155
53100,108748800,1.6089234352111816,1.5985206604003905,4.945710624441143,4.538926117393167e-05,14220.200095837
53110,108769280,1.6711983680725098,,,4.535717055245133e-05,14222.783690442
53120,108789760,1.5906305313110352,,,4.532511140658602e-05,14225.093721438001
53130,108810240,1.6885981559753418,,,4.5293083744769855e-05,14227.403646440001
53140,108830720,1.6778955459594727,,,4.52610875754287e-05,14230.321680671
53150,108851200,1.5084965229034424,,,4.522912290698005e-05,14232.675896785
53160,108871680,1.8687281608581543,,,4.5197189747833136e-05,14235.146887299
53170,108892160,1.8222079277038574,,,4.5165288106389025e-05,14237.650139427002
53180,108912640,1.6823846101760864,,,4.513341799104036e-05,14240.212102154
53190,108933120,1.6674050092697144,,,4.5101579410171494e-05,14242.657316597
53200,108953600,1.524373173713684,1.5993595182895661,4.949861113407857,4.506977237215853e-05,14246.393038094
53210,108974080,1.7351927757263184,,,4.503799688536927e-05,14248.795533924
53220,108994560,1.6031628847122192,,,4.500625295816321e-05,14251.251978437002
53230,109015040,1.6443531513214111,,,4.497454059889148e-05,14253.613106052002
53240,109035520,1.7125535011291504,,,4.4942859815897027e-05,14255.997516784002
53250,109056000,1.649350643157959,,,4.491121061751441e-05,14258.284039442002
53260,109076480,1.6055340766906738,,,4.487959301206989e-05,14260.860589142001
53270,109096960,1.7420203685760498,,,4.4848007007881425e-05,14263.293953583001
53280,109117440,1.4736912250518799,,,4.4816452613258626e-05,14265.760394925
53290,109137920,1.7101869583129883,,,4.478492983650282e-05,14268.242791066
53300,109158400,1.3126442432403564,1.5985112845897675,4.945664254612311,4.475343868590709e-05,14272.144536374
53310,109178880,1.543711543083191,,,4.4721979169756054e-05,14274.564025872001
53320,109199360,1.892106294631958,,,4.469055129632608e-05,14277.236104917
53330,109219840,1.9783387184143066,,,4.465915507388521e-05,14279.643087127
53340,109240320,1.7691985368728638,,,4.462779051069317e-05,14281.944609746
53350,109260800,1.7858808040618896,,,4.459645761500138e-05,14284.4268242
53360,109281280,1.5444002151489258,,,4.456515639505278e-05,14286.955199528002
53370,109301760,1.6418209075927734,,,4.453388685908218e-05,14289.439211678
53380,109322240,1.6073880195617676,,,4.4502649015315966e-05,14292.001346834
53390,109342720,1.586949110031128,,,4.447144287197218e-05,14294.396835542
53400,109363200,1.5180892944335938,1.5990200877189635,4.948181264337922,4.4440268437260486e-05,14298.210230102
53410,109383680,1.4322733879089355,,,4.4409125719382266e-05,14300.782381433
53420,109404160,1.6010010242462158,,,4.4378014726530556e-05,14303.371466016
53430,109424640,1.466710090637207,,,4.434693546689004e-05,14305.812769279
53440,109445120,1.6918058395385742,,,4.431588794863702e-05,14308.387869437
53450,109465600,1.430462121963501,,,4.428487217993947e-05,14310.888758637
53460,109486080,1.5772480964660645,,,4.4253888168957025e-05,14313.350611773001
53470,109506560,1.547406792640686,,,4.422293592384099e-05,14315.725928268
53480,109527040,1.5833425521850586,,,4.419201545273421e-05,14318.020769479
53490,109547520,1.5896090269088745,,,4.416112676377126e-05,14320.537152456
53500,109568000,1.8207423686981201,1.5967802286148072,4.937110438657323,4.413026986507831e-05,14325.324710053
53510,109588480,1.7941066026687622,,,4.4099444764773275e-05,14331.042051190001
53520,109608960,1.48201322555542,,,4.406865147096552e-05,14333.546376711001
53530,109629440,1.499579668045044,,,4.403788999175618e-05,14335.984145832
53540,109649920,1.5236462354660034,,,4.400716033523797e-05,14338.847563180001
53550,109670400,1.7433767318725586,,,4.397646250949526e-05,14341.196682931
53560,109690880,1.4954142570495605,,,4.394579652260404e-05,14343.608123124
53570,109711360,1.5224063396453857,,,4.3915162382631825e-05,14346.337616606
53580,109731840,1.445178508758545,,,4.388456009763794e-05,14348.726683933
53590,109752320,1.6731328964233398,,,4.3853989675673195e-05,14351.147418988001
53600,109772800,1.4461512565612793,1.5968153357505799,4.937283769506375,4.382345112478007e-05,14355.192477644001
53610,109793280,1.720326542854309,,,4.3792944452992596e-05,14357.762384572
53620,109813760,1.6712560653686523,,,4.3762469668336495e-05,14360.200780426001
53630,109834240,1.6283743381500244,,,4.373202677882903e-05,14362.604894747
53640,109854720,1.6804289817810059,,,4.370161579247918e-05,14365.021677043002
53650,109875200,1.8473565578460693,,,4.367123671728741e-05,14367.331717083001
53660,109895680,1.7177790403366089,,,4.3640889561245854e-05,14369.622492787
53670,109916160,1.5457836389541626,,,4.361057433233825e-05,14371.949690261
53680,109936640,1.6887264251708984,,,4.3580291038539934e-05,14374.411650589002
53690,109957120,1.5357656478881836,,,4.355003968781777e-05,14376.687683915
53700,109977600,1.559028148651123,1.595978170633316,4.9331521774142,4.3519820288130296e-05,14381.640411821001
53710,109998080,1.6436653137207031,,,4.348963284742768e-05,14384.027828044
53720,110018560,1.6330111026763916,,,4.345947737365161e-05,14386.718948242
53730,110039040,1.5771838426589966,,,4.342935387473534e-05,14389.225943656002
53740,110059520,1.4630686044692993,,,4.339926235860379e-05,14391.702259584
53750,110080000,1.590268611907959,,,4.336920283317343e-05,14394.295251639
53760,110100480,1.4310660362243652,,,4.333917530635229e-05,14396.830843256
53770,110120960,1.573124885559082,,,4.330917978604005e-05,14399.184220381001
53780,110141440,1.7957139015197754,,,4.327921628012788e-05,14401.663288462001
53790,110161920,1.675156593322754,,,4.324928479649859e-05,14404.068470317
53800,110182400,1.5122239589691162,1.5949852466583252,4.928256363332788,4.321938534302658e-05,14409.180281479
53810,110202880,1.5214836597442627,,,4.3189517927577775e-05,14411.646358817
53820,110223360,1.5504199266433716,,,4.315968255800966e-05,14414.206032465001
53830,110243840,1.647996187210083,,,4.312987924217133e-05,14417.170920063001
53840,110264320,1.5890847444534302,,,4.310010798790345e-05,14419.583874926
53850,110284800,1.660829782485962,,,4.307036880303826e-05,14422.222910774
53860,110305280,1.7087891101837158,,,4.30406616953995e-05,14424.632902797
53870,110325760,1.3992960453033447,,,4.3010986672802526e-05,14427.16577841
53880,110346240,1.5512348413467407,,,4.298134374305423e-05,14429.702338266
53890,110366720,1.5727183818817139,,,4.2951732913953095e-05,14432.124909074002
53900,110387200,1.487579584121704,1.5954715847969054,4.930653745280861,4.292215419328911e-05,14436.175533867001
53910,110407680,1.6486456394195557,,,4.2892607588843796e-05,14439.074693597002
53920,110428160,1.816750168800354,,,4.2863093108390355e-05,14441.676091762001
53930,110448640,1.9372347593307495,,,4.283361075969343e-05,14444.045189795
53940,110469120,1.688180685043335,,,4.2804160550509186e-05,14446.583390977
53950,110489600,1.6265966892242432,,,4.2774742488585406e-05,14448.926392639001
53960,110510080,1.5252927541732788,,,4.274535658166139e-05,14451.320730332001
53970,110530560,1.8624308109283447,,,4.271600283746801e-05,14453.774958694
53980,110551040,1.441640853881836,,,4.268668126372756e-05,14456.242008992002
53990,110571520,1.5270564556121826,,,4.2657391868154023e-05,14458.85335314
54000,110592000,1.6730443239212036,1.5945501267910003,4.9261124475418345,4.2628134658452844e-05,14463.611425832001
54010,110612480,1.6209673881530762,,,4.259890964232098e-05,14467.944214654
54020,110632960,1.7499427795410156,,,4.256971682744699e-05,14470.394835337
54030,110653440,1.6739825010299683,,,4.254055622151085e-05,14473.074753697001
54040,110673920,1.6541695594787598,,,4.251142783218413e-05,14475.550061725
54050,110694400,1.6404590606689453,,,4.248233166712997e-05,14477.912178273
54060,110714880,1.4156404733657837,,,4.2453267734002986e-05,14480.231013411001
54070,110735360,1.6529040336608887,,,4.242423604044927e-05,14482.622759092
54080,110755840,1.5812382698059082,,,4.2395236594106485e-05,14484.919978725
54090,110776320,1.3653671741485596,,,4.236626940260383e-05,14487.359701314
54100,110796800,1.7648557424545288,1.5964840531349183,4.935648404123966,4.233733447356197e-05,14491.290514016
54110,110817280,1.4815683364868164,,,4.2308431814593064e-05,14493.606477949
54120,110837760,1.6520969867706299,,,4.227956143330087e-05,14496.193733548
54130,110858240,1.5969874858856201,,,4.22507233372806e-05,14498.597488663001
54140,110878720,1.6857998371124268,,,4.222191753411897e-05,14501.060719954
54150,110899200,1.6785449981689453,,,4.219314403139418e-05,14503.40282355
54160,110919680,1.6502553224563599,,,4.216440283667598e-05,14505.794155443
54170,110940160,1.8294228315353394,,,4.213569395752559e-05,14508.121932882
54180,110960640,1.5166049003601074,,,4.210701740149574e-05,14510.560454964001
54190,110981120,1.5111815929412842,,,4.207837317613067e-05,14512.99330449
54200,111001600,1.5778224468231201,1.5947127997875215,4.926913858197046,4.204976128896607e-05,14516.809757076
54210,111022080,2.0669503211975098,,,4.202118174752916e-05,14519.300751731
54220,111042560,1.502949595451355,,,4.199263455933865e-05,14521.717602668
54230,111063040,1.7754969596862793,,,4.196411973190474e-05,14524.043965475
54240,111083520,1.5022692680358887,,,4.193563727272907e-05,14526.591984791
54250,111104000,1.669072151184082,,,4.1907187189304805e-05,14529.039678869001
54260,111124480,1.957046627998352,,,4.187876948911662e-05,14531.388669784
54270,111144960,1.4939379692077637,,,4.1850384179640636e-05,14534.040220103001
54280,111165440,1.6002426147460938,,,4.1822031268344434e-05,14536.500331471001
54290,111185920,1.6501803398132324,,,4.179371076268709e-05,14539.059474728001
54300,111206400,1.6517481803894043,1.594832718372345,4.927504722161545,4.1765422670119164e-05,14542.935894369
54310,111226880,1.6341512203216553,,,4.173716699808272e-05,14545.293573266
54320,111247360,1.6220067739486694,,,4.170894375401117e-05,14547.981813496
54330,111267840,1.8038891553878784,,,4.168075294532955e-05,14550.696177582002
54340,111288320,1.958343505859375,,,4.165259457945429e-05,14553.02911246
54350,111308800,1.5650975704193115,,,4.162446866379329e-05,14555.520637439
54360,111329280,1.698087215423584,,,4.159637520574586e-05,14557.949593574001
54370,111349760,1.6948814392089844,,,4.156831421270287e-05,14560.290384421001
54380,111370240,1.7667380571365356,,,4.154028569204656e-05,14562.567683797
54390,111390720,1.550580382347107,,,4.151228965115073e-05,14564.923656528
54400,111411200,1.5361478328704834,1.5956127107143403,4.931349637417271,4.148432609738054e-05,14568.912444105
54410,111431680,1.6103177070617676,,,4.1456395038092615e-05,14571.381692439001
54420,111452160,1.7813161611557007,,,4.1428496480635084e-05,14573.819121691002
54430,111472640,1.7817742824554443,,,4.140063043234748e-05,14576.445280845
54440,111493120,1.4983665943145752,,,4.1372796900560836e-05,14578.820577213
54450,111513600,1.5510637760162354,,,4.134499589259752e-05,14581.375896133
54460,111534080,1.473076581954956,,,4.131722741577146e-05,14583.800306413
54470,111554560,1.8336513042449951,,,4.1289491477387986e-05,14586.506162000001
54480,111575040,1.6406536102294922,,,4.126178808474389e-05,14588.860416544001
54490,111595520,1.6453920602798462,,,4.1234117245127315e-05,14591.199583342
54500,111616000,2.0408096313476562,1.5951316952705383,4.928978152489049,4.120647896581791e-05,14595.031358016
54510,111636480,1.4214919805526733,,,4.117887325408679e-05,14599.609265586001
54520,111656960,2.003412961959839,,,4.115130011719643e-05,14602.116256814
54530,111677440,1.5794498920440674,,,4.1123759562400775e-05,14604.586534665
54540,111697920,1.5077276229858398,,,4.109625159694518e-05,14607.05235184
54550,111718400,1.668381929397583,,,4.106877622806645e-05,14609.485113689001
54560,111738880,1.6336405277252197,,,4.104133346299283e-05,14611.918255421002
54570,111759360,1.5684483051300049,,,4.10139233089439e-05,14614.388473080002
54580,111779840,1.5901752710342407,,,4.098654577313072e-05,14616.959305545
54590,111800320,1.9299304485321045,,,4.095920086275578e-05,14619.384113764001
54600,111820800,1.597956657409668,1.5936149775981903,4.92150795074411,4.093188858501303e-05,14624.254963643001
54610,111841280,1.4956539869308472,,,4.09046089470877e-05,14626.738602877002
54620,111861760,1.567519187927246,,,4.087736195615656e-05,14629.236980304002
54630,111882240,1.4572404623031616,,,4.085014761938772e-05,14631.554075843
54640,111902720,1.6584076881408691,,,4.0822965943940716e-05,14634.081813495
54650,111923200,1.6462883949279785,,,4.079581693696655e-05,14636.453744408002
54660,111943680,1.434617280960083,,,4.07687006056075e-05,14638.768085435
54670,111964160,1.5625556707382202,,,4.074161695699739e-05,14641.122239648
54680,111984640,1.6802642345428467,,,4.071456599826135e-05,14643.451804173
54690,112005120,1.5512568950653076,,,4.068754773651599e-05,14646.1429552
54700,112025600,1.7680870294570923,1.592110550403595,4.914109466980098,4.06605621788692e-05,14650.69280231
54710,112046080,1.5223205089569092,,,4.063360933242036e-05,14653.379783441
54720,112066560,1.5116441249847412,,,4.0606689204260215e-05,14656.160264600001
54730,112087040,1.598325252532959,,,4.0579801801470954e-05,14658.683052674001
54740,112107520,1.626103162765503,,,4.055294713112608e-05,14661.102330066002
54750,112128000,1.6935815811157227,,,4.052612520029048e-05,14663.557261048001
54760,112148480,1.888408899307251,,,4.04993360160205e-05,14666.001146248
54770,112168960,1.7350064516067505,,,4.047257958536386e-05,14668.44313431
54780,112189440,1.713161587715149,,,4.044585591535958e-05,14670.821642573
54790,112209920,1.836624026298523,,,4.041916501303811e-05,14673.174461147002
54800,112230400,1.6368184089660645,1.592580097913742,4.916417416648515,4.039250688542136e-05,14676.994794914
54810,112250880,1.540761113166809,,,4.036588153952253e-05,14679.297002087002
54820,112271360,1.625915288925171,,,4.033928898234615e-05,14681.746190281001
54830,112291840,1.5060319900512695,,,4.031272922088823e-05,14684.252604360001
54840,112312320,1.5662550926208496,,,4.028620226213612e-05,14686.819193588
54850,112332800,1.4663424491882324,,,4.025970811306848e-05,14689.303455337002
54860,112353280,1.822099208831787,,,4.023324678065544e-05,14691.648585237
54870,112373760,1.5529286861419678,,,4.020681827185841e-05,14694.050757443001
54880,112394240,1.811896562576294,,,4.018042259363019e-05,14696.547923219001
54890,112414720,1.625416874885559,,,4.0154059752914987e-05,14699.051776681
54900,112435200,1.497067928314209,1.5931788980960846,4.919362249889424,4.0127729756648336e-05,14702.80391138
54910,112455680,1.7530765533447266,,,4.010143261175706e-05,14705.218230639
54920,112476160,1.7501035928726196,,,4.007516832515947e-05,14707.663723469
54930,112496640,1.4499270915985107,,,4.004893690376512e-05,14710.008610433
54940,112517120,1.6326746940612793,,,4.002273835447505e-05,14712.345226159001
54950,112537600,1.5202068090438843,,,3.99965726841815e-05,14714.751058737002
54960,112558080,1.4783055782318115,,,3.997043989976814e-05,14717.199564619
54970,112578560,1.884012222290039,,,3.994434000810999e-05,14719.852295958
54980,112599040,1.4550220966339111,,,3.991827301607343e-05,14722.315872997002
54990,112619520,1.8251951932907104,,,3.9892238930516096e-05,14724.863906006001
55000,112640000,1.7885451316833496,1.5921687662601471,4.91439555439924,3.9866237758287065e-05,14728.737380564002
55010,112660480,1.4986960887908936,,,3.984026950622672e-05,14733.522081149
55020,112680960,1.6177597045898438,,,3.9814334181166824e-05,14735.940154459
55030,112701440,1.6103852987289429,,,3.978843178993038e-05,14738.584181693
55040,112721920,1.6934337615966797,,,3.976256233933181e-05,14741.069951208001
55050,112742400,1.4763460159301758,,,3.9736725836176835e-05,14743.516354384
55060,112762880,1.5763216018676758,,,3.971092228726254e-05,14746.066042255
55070,112783360,1.6303538084030151,,,3.968515169937726e-05,14748.553664409
55080,112803840,1.8719184398651123,,,3.965941407930079e-05,14750.975075705
55090,112824320,1.7535450458526611,,,3.9633709433804134e-05,14753.505644048
55100,112844800,1.6411590576171875,1.592887967824936,4.917931266664447,3.960803776964969e-05,14757.461035413002
55110,112865280,1.6154820919036865,,,3.958239909359114e-05,14760.001434805
55120,112885760,1.5171602964401245,,,3.955679341237351e-05,14762.481572478002
55130,112906240,1.6088683605194092,,,3.9531220732733115e-05,14764.851116793001
55140,112926720,1.5229835510253906,,,3.9505681061397635e-05,14767.333500952001
55150,112947200,1.574133276939392,,,3.948017440508607e-05,14769.824840173002
55160,112967680,1.787561058998108,,,3.9454700770508644e-05,14772.224755575
55170,112988160,1.7219164371490479,,,3.9429260164367004e-05,14774.591741043001
55180,113008640,1.4233454465866089,,,3.9403852593354026e-05,14777.148253404
55190,113029120,1.7601971626281738,,,3.937847806415397e-05,14779.644421059002
55200,113049600,1.4058995246887207,1.590757030248642,4.90746262010826,3.935313658344231e-05,14784.650592616
55210,113070080,1.5159502029418945,,,3.932782815788592e-05,14787.118968268001
55220,113090560,1.6951591968536377,,,3.9302552794142917e-05,14789.637219023
55230,113111040,1.7308012247085571,,,3.927731049886278e-05,14792.074160028002
55240,113131520,1.6723053455352783,,,3.92521012786862e-05,14794.412195145
55250,113152000,1.4624100923538208,,,3.92269251402452e-05,14796.966079717
55260,113172480,1.5644097328186035,,,3.920178209016316e-05,14799.382016871
55270,113192960,1.6823389530181885,,,3.917667213505469e-05,14801.726079072001
55280,113213440,1.7265496253967285,,,3.915159528152572e-05,14804.318906745
55290,113233920,1.5100338459014893,,,3.912655153617347e-05,14806.814367809002
55300,113254400,1.3950077295303345,1.5903181076049804,4.905309096291128,3.9101540905586405e-05,14811.483730661
55310,113274880,1.8193141222000122,,,3.9076563396344365e-05,14813.923134873
55320,113295360,1.4537479877471924,,,3.9051619015018425e-05,14816.433492663
55330,113315840,1.6437249183654785,,,3.902670776817091e-05,14818.862302145
55340,113336320,1.7314023971557617,,,3.9001829662355474e-05,14821.287667803
55350,113356800,1.4232702255249023,,,3.8976984704117075e-05,14823.806080492
55360,113377280,1.842788815498352,,,3.895217289999193e-05,14826.093779828001
55370,113397760,1.6036949157714844,,,3.892739425650749e-05,14828.499043657
55380,113418240,1.6190650463104248,,,3.8902648780182505e-05,14830.911913331001
55390,113438720,1.6330513954162598,,,3.8877936477527036e-05,14833.510818231
55400,113459200,1.5441416501998901,1.5885493338108063,4.896640382865902,3.88532573550424e-05,14838.046531495002
55410,113479680,1.7161104679107666,,,3.882861141922116e-05,14840.734904663
55420,113500160,1.4691417217254639,,,3.880399867654717e-05,14843.497197752
55430,113520640,1.6020407676696777,,,3.877941913349553e-05,14845.920138926002
55440,113541120,1.7938083410263062,,,3.875487279653267e-05,14848.587827509
55450,113561600,1.4729983806610107,,,3.873035967211618e-05,14850.904523073
55460,113582080,1.5488581657409668,,,3.8705879766694976e-05,14853.402922862002
55470,113602560,1.5102910995483398,,,3.8681433086709234e-05,14855.820143070001
55480,113623040,1.63040030002594,,,3.865701963859043e-05,14858.337598531001
55490,113643520,1.3781262636184692,,,3.863263942876119e-05,14860.66468894
55500,113664000,1.421623706817627,1.5896500289440154,4.902033058405809,3.860829246363548e-05,14864.438932869001
55510,113684480,1.7278708219528198,,,3.858397874961849e-05,14869.008661648
55520,113704960,1.7381484508514404,,,3.855969829310667e-05,14871.425704509002
55530,113725440,1.532899260520935,,,3.853545110048772e-05,14874.232505362
55540,113745920,1.4642329216003418,,,3.851123717814056e-05,14876.654585011001
55550,113766400,1.730492353439331,,,3.848705653243543e-05,14879.091291221
55560,113786880,1.5526518821716309,,,3.8462909169733746e-05,14881.538530922
55570,113807360,1.7097824811935425,,,3.8438795096388224e-05,14884.152708349
55580,113827840,1.8608341217041016,,,3.8414714318742735e-05,14886.785196101002
55590,113848320,1.3263905048370361,,,3.8390666843132454e-05,14889.250708345
55600,113868800,1.4913749694824219,1.5907244980335236,4.907302972075483,3.836665267588382e-05,14893.099385428
55610,113889280,1.4297083616256714,,,3.834267182331446e-05,14895.565645693001
55620,113909760,1.5383446216583252,,,3.831872429173326e-05,14898.311619832002
55630,113930240,1.775932788848877,,,3.829481008744032e-05,14900.821964225
55640,113950720,1.6414687633514404,,,3.8270929216727e-05,14903.555789689
55650,113971200,1.5630099773406982,,,3.824708168587588e-05,14905.899360739
55660,113991680,1.6400856971740723,,,3.822326750116073e-05,14908.366388245002
55670,114012160,1.7278887033462524,,,3.819948666884657e-05,14910.789456518
55680,114032640,1.5734587907791138,,,3.817573919518972e-05,14913.241738972001
55690,114053120,1.5335551500320435,,,3.815202508643766e-05,14915.605815387
55700,114073600,1.615484356880188,1.5894611299037933,4.901107156519682,3.8128344348829024e-05,14919.436816612
55710,114094080,1.804174780845642,,,3.810469698859379e-05,14921.810287984
55720,114114560,1.6791404485702515,,,3.8081083011953096e-05,14924.310951078001
55730,114135040,1.6206893920898438,,,3.805750242511928e-05,14926.844792441001
55740,114155520,1.5950889587402344,,,3.803395523429593e-05,14929.287307886001
55750,114176000,1.6966302394866943,,,3.801044144567786e-05,14931.721652239
55760,114196480,1.2598098516464233,,,3.7986961065451036e-05,14934.233018895
55770,114216960,1.5643508434295654,,,3.7963514099792714e-05,14936.743074344002
55780,114237440,1.9169487953186035,,,3.794010055487129e-05,14939.147866514002
55790,114257920,1.7546360492706299,,,3.791672043684639e-05,14941.573214599
55800,114278400,1.5786375999450684,1.5899872839450837,4.903686572382416,3.789337375186886e-05,14945.409216749002
55810,114298880,1.6558220386505127,,,3.7870060506080725e-05,14947.874987972002
55820,114319360,1.5715125799179077,,,3.784678070561528e-05,14950.284552071
55830,114339840,1.8708651065826416,,,3.782353435659693e-05,14952.765894058
55840,114360320,1.4850199222564697,,,3.780032146514132e-05,14955.257363506
55850,114380800,1.4306652545928955,,,3.777714203735531e-05,14957.618160293001
55860,114401280,1.381037950515747,,,3.7753996079336935e-05,14959.876039969
55870,114421760,1.46256685256958,,,3.773088359717543e-05,14962.351051817
55880,114442240,1.7718015909194946,,,3.770780459695119e-05,14964.775219625
55890,114462720,1.5478315353393555,,,3.768475908473588e-05,14967.044193559
55900,114483200,1.6425175666809082,1.588115894794464,4.894518447772921,3.766174706659232e-05,14971.637761540002
55910,114503680,1.4740540981292725,,,3.7638768548574466e-05,14973.982144546
55920,114524160,1.7351959943771362,,,3.761582353672751e-05,14976.31240432
55930,114544640,1.7648413181304932,,,3.7592912037087836e-05,14978.833211827001
55940,114565120,1.4928667545318604,,,3.757003405568297e-05,14981.491148185
55950,114585600,1.5439363718032837,,,3.7547189598531704e-05,14983.854130329
55960,114606080,1.5488615036010742,,,3.75243786716439e-05,14986.763443047
55970,114626560,1.9410104751586914,,,3.750160128102068e-05,14989.24278447
55980,114647040,1.5883562564849854,,,3.74788574326543e-05,14991.722908657
55990,114667520,1.636728286743164,,,3.745614713252822e-05,14994.083752441002
56000,114688000,1.6599814891815186,1.5890293717384338,4.898991520240037,3.743347038661707e-05,14998.02031792
56010,114708480,1.3424911499023438,,,3.741082720088659e-05,15002.554384845
56020,114728960,1.8510158061981201,,,3.738821758129382e-05,15004.909175662
56030,114749440,1.7179970741271973,,,3.736564153378687e-05,15007.445961644
56040,114769920,1.6408878564834595,,,3.7343099064305016e-05,15010.365414431002
56050,114790400,1.671295166015625,,,3.732059017877874e-05,15012.719340478001
56060,114810880,1.5858798027038574,,,3.7298114883129696e-05,15015.189650342001
56070,114831360,1.7495464086532593,,,3.727567318327067e-05,15017.677491030001
56080,114851840,1.5716664791107178,,,3.725326508510558e-05,15020.268632242001
56090,114872320,1.622729778289795,,,3.723089059452961e-05,15022.66089701
56100,114892800,1.5630241632461548,1.5892335534095765,4.899991906642362,3.720854971742901e-05,15026.654028061
56110,114913280,1.6077567338943481,,,3.718624245968121e-05,15029.119436475
56120,114933760,1.6979758739471436,,,3.7163968827154796e-05,15031.638177924
56130,114954240,1.6563459634780884,,,3.714172882570953e-05,15034.202276211001
56140,114974720,1.5586172342300415,,,3.711952246119628e-05,15036.526583804
56150,114995200,1.8934028148651123,,,3.7097349739457116e-05,15039.022715976
56160,115015680,1.5951908826828003,,,3.707521066632523e-05,15041.436534069002
56170,115036160,1.5058002471923828,,,3.705310524762495e-05,15043.828888708002
56180,115056640,1.7212437391281128,,,3.703103348917178e-05,15046.235466283
56190,115077120,1.9253944158554077,,,3.700899539677235e-05,15048.847834261
56200,115097600,1.53742253780365,1.5912349760532378,4.909808681879282,3.698699097622446e-05,15052.623377678
56210,115118080,1.4428260326385498,,,3.6965020233316984e-05,15055.193685006001
56220,115138560,1.6804265975952148,,,3.694308317382999e-05,15057.65974887
56230,115159040,1.5824501514434814,,,3.6921179803534706e-05,15059.963007491002
56240,115179520,1.5365660190582275,,,3.6899310128193485e-05,15062.511632573001
56250,115200000,1.5265626907348633,,,3.687747415355973e-05,15064.922737100002
56260,115220480,1.7970343828201294,,,3.6855671885378096e-05,15067.245152596
56270,115240960,1.526307225227356,,,3.68339033293843e-05,15069.730674204002
56280,115261440,1.571595549583435,,,3.6812168491305224e-05,15072.024491674001
56290,115281920,1.4696992635726929,,,3.679046737685881e-05,15074.470574975001
56300,115302400,1.8112208843231201,1.588649368286133,4.8971302402183685,3.676879999175426e-05,15078.325570502002
56310,115322880,1.6924936771392822,,,3.674716634169179e-05,15080.608823615
56320,115343360,1.8046951293945312,,,3.6725566432362804e-05,15082.90273383
56330,115363840,1.7193635702133179,,,3.670400026944977e-05,15085.211535022001
56340,115384320,1.471451759338379,,,3.668246785862631e-05,15087.626440131
56350,115404800,1.7077982425689697,,,3.666096920555716e-05,15089.9367364
56360,115425280,1.5788400173187256,,,3.6639504315898246e-05,15092.290124971001
56370,115445760,1.6592752933502197,,,3.661807319529647e-05,15094.569531399
56380,115466240,1.7185338735580444,,,3.659667584938996e-05,15097.271639275
56390,115486720,1.6028099060058594,,,3.6575312283807925e-05,15099.566692924
56400,115507200,1.5141894817352295,1.5880614578723908,4.894252012505618,3.655398250417069e-05,15104.160462742002
56410,115527680,1.7217907905578613,,,3.65326865160897e-05,15106.573739476
56420,115548160,1.454641342163086,,,3.651142432516747e-05,15109.015715461
56430,115568640,1.6794856786727905,,,3.649019593699767e-05,15111.439652861001
56440,115589120,1.719569206237793,,,3.6469001357165065e-05,15113.80635825
56450,115609600,1.5794000625610352,,,3.644784059124554e-05,15116.2861329
56460,115630080,1.526181697845459,,,3.642671364480603e-05,15118.628546056001
56470,115650560,1.445504903793335,,,3.640562052340462e-05,15120.898406013
56480,115671040,1.6889528036117554,,,3.638456123259048e-05,15123.18535463
56490,115691520,1.6052021980285645,,,3.63635357779039e-05,15125.517352985
56500,115712000,1.7676948308944702,1.587491363286972,4.891462621117625,3.634254416487623e-05,15129.976866189001
56510,115732480,1.520019292831421,,,3.632158639902996e-05,15134.137927018
56520,115752960,1.4755462408065796,,,3.630066248587866e-05,15136.550774715
56530,115773440,1.4016777276992798,,,3.627977243092699e-05,15139.082162061
56540,115793920,1.4992121458053589,,,3.625891623967067e-05,15141.461181488
56550,115814400,1.467278003692627,,,3.623809391759658e-05,15143.814037533
56560,115834880,1.5209877490997314,,,3.621730547018261e-05,15146.102472561
56570,115855360,1.3974626064300537,,,3.619655090289785e-05,15148.517700385
56580,115875840,1.9016435146331787,,,3.6175830221202345e-05,15150.858376218
56590,115896320,1.6069931983947754,,,3.61551434305473e-05,15153.130725652001
56600,115916800,1.770662546157837,1.5863874137401581,4.886065672701271,3.613449053637502e-05,15157.365246754001
56610,115937280,1.7173799276351929,,,3.611387154411883e-05,15159.629571967002
56620,115957760,1.543762445449829,,,3.6093286459203216e-05,15162.050285073
56630,115978240,1.6531729698181152,,,3.607273528704363e-05,15164.335772378001
56640,115998720,1.6354846954345703,,,3.605221803304675e-05,15166.567505943
56650,116019200,1.8127868175506592,,,3.603173470261019e-05,15168.868803172001
56660,116039680,1.59617280960083,,,3.6011285301122745e-05,15171.251429578002
56670,116060160,1.4350247383117676,,,3.599086983396421e-05,15173.709275698002
56680,116080640,1.6820083856582642,,,3.597048830650549e-05,15176.027678694001
56690,116101120,1.6031403541564941,,,3.5950140724108534e-05,15178.323642336
56700,116121600,1.758103609085083,1.5859858572483063,4.884104035191281,3.5929827092126444e-05,15182.918029165001
56710,116142080,1.5507328510284424,,,3.590954741590326e-05,15185.203892427002
56720,116162560,1.4948395490646362,,,3.588930170077418e-05,15187.517882016
56730,116183040,1.7015831470489502,,,3.586908995206545e-05,15189.753930617
56740,116203520,1.8974212408065796,,,3.584891217509439e-05,15192.067897562001
56750,116224000,1.4297244548797607,,,3.582876837516932e-05,15194.290616396
56760,116244480,1.757226586341858,,,3.580865855758967e-05,15196.598885755
56770,116264960,1.5492875576019287,,,3.578858272764598e-05,15198.984513185002
56780,116285440,1.7006715536117554,,,3.576854089061977e-05,15201.357434043
56790,116305920,1.5078938007354736,,,3.574853305178362e-05,15203.74220945
56800,116326400,1.5502030849456787,1.585036528110504,4.879469613062653,3.572855921640121e-05,15208.226450573002
56810,116346880,1.57619309425354,,,3.570861938972725e-05,15210.724094151
56820,116367360,1.786287546157837,,,3.56887135770075e-05,15213.204978158
56830,116387840,1.5930474996566772,,,3.566884178347878e-05,15215.676230994
56840,116408320,1.466762900352478,,,3.564900401436898e-05,15218.011564864002
56850,116428800,1.7753794193267822,,,3.562920027489699e-05,15220.353561378
56860,116449280,1.868217945098877,,,3.560943057027277e-05,15222.683333834
56870,116469760,1.4832264184951782,,,3.558969490569738e-05,15225.069941282
56880,116490240,1.8532010316848755,,,3.5569993286362806e-05,15227.420617719
56890,116510720,1.6258330345153809,,,3.555032571745217e-05,15229.758694912001
56900,116531200,1.5658504962921143,1.584161990880966,4.875204200628471,3.5530692204139636e-05,15234.134119424001
56910,116551680,1.7418009042739868,,,3.551109275159038e-05,15236.452511907
56920,116572160,1.4960157871246338,,,3.54915273649606e-05,15238.825715025001
56930,116592640,1.5936377048492432,,,3.547199604939757e-05,15241.090492395
56940,116613120,1.5364679098129272,,,3.545249881003959e-05,15243.381688215
56950,116633600,1.432430386543274,,,3.5433035652016e-05,15245.863502471002
56960,116654080,1.7079826593399048,,,3.5413606580447134e-05,15248.159841256002
56970,116674560,1.4043747186660767,,,3.5394211600444374e-05,15250.640216399
56980,116695040,1.7244727611541748,,,3.53748507171102e-05,15252.922890589001
56990,116715520,1.7428455352783203,,,3.535552393553805e-05,15255.145246017
57000,116736000,1.7146258354187012,1.584725022315979,4.87794986672116,3.533623126081241e-05,15258.712808397002
57010,116756480,1.6737136840820312,,,3.531697269800879e-05,15263.195388035001
57020,116776960,1.5029746294021606,,,3.5297748252193717e-05,15265.604831420002
57030,116797440,1.7012255191802979,,,3.527855792842476e-05,15267.904564003002
57040,116817920,1.732609510421753,,,3.525940173175055e-05,15270.259268594002
57050,116838400,1.6799986362457275,,,3.524027966721063e-05,15272.54017369
57060,116858880,1.4953618049621582,,,3.5221191739835666e-05,15274.990639649
57070,116879360,1.664397954940796,,,3.5202137954647305e-05,15277.304051889001
57080,116899840,1.5899872779846191,,,3.518311831665822e-05,15279.566446644001
57090,116920320,1.6882140636444092,,,3.5164132830872065e-05,15282.110989377
57100,116940800,1.658118486404419,1.5848416209220886,4.878518662036018,3.514518150228354e-05,15285.676476187
57110,116961280,1.684657096862793,,,3.51262643358784e-05,15288.083467308
57120,116981760,1.5220348834991455,,,3.510738133663335e-05,15290.305183266
57130,117002240,1.7501839399337769,,,3.5088532509516104e-05,15292.639010154
57140,117022720,1.470930576324463,,,3.506971785948542e-05,15295.036656563001
57150,117043200,1.6666345596313477,,,3.505093739149107e-05,15297.696771377001
57160,117063680,1.8731942176818848,,,3.5032191110473806e-05,15300.048513979002
57170,117084160,1.652069330215454,,,3.501347902136536e-05,15302.413844287
57180,117104640,1.7677967548370361,,,3.4994801129088555e-05,15304.663413671
57190,117125120,1.605294942855835,,,3.4976157438557165e-05,15307.013131237001
57200,117145600,1.5787417888641357,1.5845319747924804,4.877008281467914,3.4957547954675955e-05,15310.719666121
57210,117166080,1.7273967266082764,,,3.4938972682340695e-05,15312.990118099
57220,117186560,1.5426397323608398,,,3.4920431626438175e-05,15315.264261501
57230,117207040,1.8843879699707031,,,3.490192479184617e-05,15317.593584761002
57240,117227520,1.7171194553375244,,,3.488345218343346e-05,15319.896222473
57250,117248000,1.789513349533081,,,3.486501380605981e-05,15322.428425560001
57260,117268480,1.8520548343658447,,,3.484660966457598e-05,15324.864486670001
57270,117288960,1.7642725706100464,,,3.482823976382376e-05,15327.208353348
57280,117309440,1.615951657295227,,,3.480990410863585e-05,15329.597773699
57290,117329920,1.4675403833389282,,,3.479160270383605e-05,15332.169499726
57300,117350400,1.3870258331298828,1.5849495887756349,4.879045413660053,3.477333555423904e-05,15335.905061624
57310,117370880,1.4525914192199707,,,3.4755102664650525e-05,15338.17082956
57320,117391360,1.561218023300171,,,3.473690403986728e-05,15340.430902457001
57330,117411840,1.8664662837982178,,,3.4718739684676955e-05,15342.928178761002
57340,117432320,1.5962128639221191,,,3.470060960385822e-05,15345.234989096001
57350,117452800,1.5277504920959473,,,3.468251380218074e-05,15347.490898240001
57360,117473280,1.4875550270080566,,,3.4664452284405165e-05,15349.879703537
57370,117493760,1.7049599885940552,,,3.464642505528311e-05,15352.143535269
57380,117514240,1.4580779075622559,,,3.462843211955716e-05,15354.384344992
57390,117534720,1.4622597694396973,,,3.461047348196091e-05,15356.721021491001
57400,117555200,1.7047733068466187,1.5848532915115356,4.878575597556668,3.4592549147218926e-05,15360.406145063002
57410,117575680,1.5663748979568481,,,3.4574659120046734e-05,15362.869905284
57420,117596160,1.5856540203094482,,,3.45568034051508e-05,15365.197349524
57430,117616640,1.3618086576461792,,,3.4538982007228654e-05,15367.762677127
57440,117637120,1.6228973865509033,,,3.452119493096871e-05,15370.270212617
57450,117657600,1.474853515625,,,3.450344218105042e-05,15372.531767587001
57460,117678080,1.3941123485565186,,,3.448572376214415e-05,15374.768697726
57470,117698560,1.390323281288147,,,3.446803967891127e-05,15377.246862514
57480,117719040,1.7975658178329468,,,3.4450389936004103e-05,15379.507505929001
57490,117739520,1.4796768426895142,,,3.443277453806593e-05,15381.856268172001
57500,117760000,1.6707382202148438,1.5860890746116638,4.884608185550245,3.441519348973104e-05,15385.575062206
57510,117780480,1.59535813331604,,,3.43976467956246e-05,15389.989665702002
57520,117800960,1.2352949380874634,,,3.438013446036284e-05,15392.439891034
57530,117821440,1.398956060409546,,,3.436265648855287e-05,15394.799925522
57540,117841920,1.5936968326568604,,,3.4345212884792826e-05,15397.220865819001
57550,117862400,1.9359357357025146,,,3.4327803653671746e-05,15399.478569743002
57560,117882880,1.4892244338989258,,,3.431042879976963e-05,15401.689578274001
57570,117903360,1.8647799491882324,,,3.4293088327657476e-05,15404.066231522002
57580,117923840,1.42110276222229,,,3.427578224189721e-05,15406.324960106002
57590,117944320,1.524431586265564,,,3.4258510547041705e-05,15408.719002979
57600,117964800,1.5855131149291992,1.5865512371063233,4.886866189997005,3.4241273247634805e-05,15412.580676899
57610,117985280,1.7353565692901611,,,3.422407034821128e-05,15414.91852105
57620,118005760,1.730562448501587,,,3.42069018532969e-05,15417.260931918001
57630,118026240,1.6125847101211548,,,3.4189767767408325e-05,15419.651751026
57640,118046720,1.5394974946975708,,,3.4172668095053175e-05,15421.968675794002
57650,118067200,1.573298454284668,,,3.415560284073004e-05,15424.228366230001
57660,118087680,1.749878168106079,,,3.4138572008928454e-05,15426.624782391002
57670,118108160,1.7126202583312988,,,3.412157560412888e-05,15429.062509083002
57680,118128640,1.5000853538513184,,,3.410461363080273e-05,15431.512172347
57690,118149120,1.6150315999984741,,,3.408768609341236e-05,15433.831789632
57700,118169600,1.7522330284118652,1.5848703861236573,4.878658995627041,3.4070792996411054e-05,15437.805711931001
57710,118190080,1.7407068014144897,,,3.4053934344243056e-05,15440.172518714
57720,118210560,1.5245277881622314,,,3.40371101413435e-05,15442.406741397
57730,118231040,1.8040072917938232,,,3.402032039213856e-05,15444.623261202001
57740,118251520,1.537089467048645,,,3.400356510104524e-05,15446.832206894002
57750,118272000,1.5641133785247803,,,3.3986844272471524e-05,15449.085641900001
57760,118292480,1.5338754653930664,,,3.397015791081632e-05,15451.500617903
57770,118312960,1.7386713027954102,,,3.395350602046949e-05,15454.392481241
57780,118333440,1.682991623878479,,,3.393688860581178e-05,15456.670239088
57790,118353920,1.7350780963897705,,,3.392030567121494e-05,15458.900199777001
57800,118374400,1.6581382751464844,1.5855540752410888,4.8819956221676675,3.390375722104156e-05,15462.589387934
57810,118394880,1.5747579336166382,,,3.388724325964523e-05,15464.794454219002
57820,118415360,1.4786741733551025,,,3.387076379137044e-05,15467.042598822001
57830,118435840,1.548230767250061,,,3.385431882055262e-05,15469.266899240001
57840,118456320,1.409815788269043,,,3.383790835151807e-05,15471.684853861001
57850,118476800,1.7253851890563965,,,3.382153238858406e-05,15474.038818362002
57860,118497280,1.478044033050537,,,3.38051909360588e-05,15476.282389587
57870,118517760,1.386113166809082,,,3.378888399824141e-05,15478.514285261
57880,118538240,1.5108535289764404,,,3.377261157942188e-05,15480.875136334002
57890,118558720,1.4041471481323242,,,3.3756373683881154e-05,15483.112397648001
57900,118579200,1.709542989730835,1.5852561712265014,4.880541472681864,3.374017031589113e-05,15486.65546039
57910,118599680,1.489011526107788,,,3.3724001479714535e-05,15489.090617673
57920,118620160,1.613718032836914,,,3.3707867179605116e-05,15491.436052218001
57930,118640640,1.6172939538955688,,,3.369176741980746e-05,15493.688496972001
57940,118661120,1.4799845218658447,,,3.367570220455709e-05,15496.146229147002
57950,118681600,1.492952823638916,,,3.365967153808043e-05,15498.365068536
57960,118702080,1.5506165027618408,,,3.364367542459486e-05,15500.617818029
57970,118722560,1.5692288875579834,,,3.362771386830859e-05,15502.886968825002
57980,118743040,1.5398823022842407,,,3.3611786873420806e-05,15505.316100253001
57990,118763520,1.7889517545700073,,,3.359589444412155e-05,15507.609219202
58000,118784000,1.7097352743148804,1.5851640105247498,4.8800916992808485,3.3580036584591876e-05,15511.258900355
58010,118804480,1.5359647274017334,,,3.356421329900359e-05,15515.948324818
58020,118824960,1.600783109664917,,,3.3548424591519493e-05,15518.305526231
58030,118845440,1.8163889646530151,,,3.35326704662933e-05,15520.717795544
58040,118865920,1.7254652976989746,,,3.351695092746961e-05,15523.027132689002
58050,118886400,1.3958898782730103,,,3.3501265979183885e-05,15525.338974633001
58060,118906880,1.7175731658935547,,,3.348561562556251e-05,15527.563326250001
58070,118927360,1.801069974899292,,,3.346999987072281e-05,15529.898755975
58080,118947840,1.7351350784301758,,,3.3454418718772994e-05,15532.141975844
58090,118968320,1.6999061107635498,,,3.343887217381209e-05,15534.346851310002
58100,118988800,1.6319646835327148,1.5849801838397979,4.879194690651096,3.3423360239930126e-05,15538.075807188
58110,119009280,1.4799590110778809,,,3.340788292120795e-05,15540.329883585
58120,119029760,1.6451442241668701,,,3.339244022171732e-05,15542.533529972
58130,119050240,1.7078794240951538,,,3.3377032145520975e-05,15544.792043654
58140,119070720,1.558199405670166,,,3.336165869667238e-05,15547.183350996002
58150,119091200,1.7726664543151855,,,3.334631987921604e-05,15549.445347904
58160,119111680,1.7067539691925049,,,3.333101569718725e-05,15551.913121298001
58170,119132160,1.7177804708480835,,,3.331574615461226e-05,15554.333594658001
58180,119152640,1.6746890544891357,,,3.330051125550817e-05,15556.627477297001
58190,119173120,1.6352121829986572,,,3.328531100388294e-05,15558.851010822002
58200,119193600,1.5431896448135376,1.5848852872848511,4.878731693852787,3.327014540373549e-05,15562.492401689
58210,119214080,1.4754576683044434,,,3.32550144590556e-05,15564.990548701
58220,119234560,1.5550563335418701,,,3.323991817382387e-05,15567.400439394001
58230,119255040,1.608168601989746,,,3.3224856552011853e-05,15569.791215363
58240,119275520,1.656842589378357,,,3.320982959758194e-05,15572.006541162002
58250,119296000,1.6473472118377686,,,3.319483731448745e-05,15574.534718803001
58260,119316480,1.6235893964767456,,,3.317987970667251e-05,15576.869578303002
58270,119336960,1.5374492406845093,,,3.316495677807219e-05,15579.131400269001
58280,119357440,1.5072660446166992,,,3.3150068532612425e-05,15581.477941497002
58290,119377920,1.4919943809509277,,,3.313521497421e-05,15584.012097504
58300,119398400,1.6689491271972656,1.583986723423004,4.874349810856731,3.312039610677258e-05,15588.207400408
58310,119418880,1.7420510053634644,,,3.31056119341987e-05,15590.535109931001
58320,119439360,1.5980651378631592,,,3.3090862460377783e-05,15592.801811057001
58330,119459840,1.6677451133728027,,,3.307614768919015e-05,15595.111428618
58340,119480320,1.6991581916809082,,,3.3061467624506914e-05,15597.461923600002
58350,119500800,1.7836887836456299,,,3.304682227019013e-05,15599.737310153001
58360,119521280,1.7548214197158813,,,3.3032211630092694e-05,15602.021031045
58370,119541760,1.9773218631744385,,,3.3017635708058364e-05,15604.578459455
58380,119562240,1.5162982940673828,,,3.3003094507921795e-05,15607.161998012001
58390,119582720,1.7817883491516113,,,3.2988588033508446e-05,15609.565897638
58400,119603200,1.3977875709533691,1.583968311548233,4.874260065764613,3.297411628863468e-05,15613.809251121002
58410,119623680,1.5506126880645752,,,3.2959679277107755e-05,15616.102060388
58420,119644160,1.642359972000122,,,3.294527700272574e-05,15618.417023714
58430,119664640,1.5227769613265991,,,3.293090946927758e-05,15620.667419991001
58440,119685120,1.5808372497558594,,,3.2916576680543075e-05,15622.959184034
58450,119705600,1.6165697574615479,,,3.290227864029292e-05,15625.174349345001
58460,119726080,1.9188742637634277,,,3.288801535228861e-05,15627.551040647
58470,119746560,1.9492424726486206,,,3.287378682028255e-05,15629.813845449
58480,119767040,1.6713941097259521,,,3.2859593048017946e-05,15632.095964874
58490,119787520,1.545121192932129,,,3.284543403922894e-05,15634.339065076001
58500,119808000,1.8508304357528687,1.5843331277370454,4.876038599144245,3.283130979764046e-05,15637.928815980002
58510,119828480,1.561635971069336,,,3.281722032696831e-05,15642.295064518
58520,119848960,1.70096755027771,,,3.280316563091915e-05,15644.563405837001
58530,119869440,1.5181647539138794,,,3.2789145713190456e-05,15646.799341360002
58540,119889920,1.8329240083694458,,,3.277516057747063e-05,15649.188358654
58550,119910400,1.4774103164672852,,,3.276121022743886e-05,15651.512961934
58560,119930880,1.6539992094039917,,,3.27472946667652e-05,15653.857490509
58570,119951360,1.4207940101623535,,,3.273341389911056e-05,15656.094332053
58580,119971840,1.604609489440918,,,3.2719567928126676e-05,15658.328146817
58590,119992320,1.6330125331878662,,,3.270575675745616e-05,15660.785401049001
58600,120012800,1.6598210334777832,1.5827402472496033,4.868277835029445,3.269198039073244e-05,15665.042534305001
58610,120033280,1.4737622737884521,,,3.267823883157981e-05,15667.363470022001
58620,120053760,1.5720045566558838,,,3.266453208361338e-05,15669.595241331
58630,120074240,1.550096035003662,,,3.265086015043916e-05,15672.027911065
58640,120094720,1.6236844062805176,,,3.263722303565391e-05,15674.320573393
58650,120115200,1.5529272556304932,,,3.26236207428453e-05,15676.741695686002
58660,120135680,1.5465573072433472,,,3.261005327559182e-05,15679.175065032001
58670,120156160,1.919320821762085,,,3.2596520637462813e-05,15681.463409043
58680,120176640,1.6883246898651123,,,3.2583022832018404e-05,15683.920382962
58690,120197120,1.4189958572387695,,,3.256955986280963e-05,15686.168307596
58700,120217600,1.5294137001037598,1.5830111980438233,4.869597077492155,3.255613173337832e-05,15689.787224318
58710,120238080,1.655923843383789,,,3.2542738447257127e-05,15692.085814203001
58720,120258560,1.6799124479293823,,,3.2529380007969576e-05,15694.411892856
58730,120279040,1.511090636253357,,,3.251605641902996e-05,15696.770137724001
58740,120299520,1.7427177429199219,,,3.25027676839435e-05,15698.992201758001
58750,120320000,1.6522303819656372,,,3.248951380620618e-05,15701.327333299001
58760,120340480,1.5051103830337524,,,3.247629478930482e-05,15703.577609673
58770,120360960,1.6206402778625488,,,3.2463110636717064e-05,15705.804101172002
58780,120381440,1.579974889755249,,,3.2449961351911414e-05,15708.026193531
58790,120401920,1.6965785026550293,,,3.243684693834717e-05,15710.281135142
58800,120422400,1.5863375663757324,1.5827431738376618,4.8682920824940705,3.242376739947448e-05,15713.910473938
58810,120442880,1.689168930053711,,,3.2410722738734294e-05,15716.176041416002
58820,120463360,1.8629134893417358,,,3.239771295955843e-05,15718.500576703002
58830,120483840,1.4956905841827393,,,3.238473806536946e-05,15720.783566104
58840,120504320,1.5734097957611084,,,3.237179805958086e-05,15723.012742243001
58850,120524800,1.7901662588119507,,,3.235889294559682e-05,15725.317991965001
58860,120545280,1.494735598564148,,,3.234602272681248e-05,15727.587953195001
58870,120565760,1.5344265699386597,,,3.233318740661369e-05,15729.873737742
58880,120586240,1.342583417892456,,,3.23203869883772e-05,15732.280705441
58890,120606720,1.526114583015442,,,3.230762147547052e-05,15734.711665452001
58900,120627200,1.4940942525863647,1.5830346822738648,4.869711437572956,3.229489087125199e-05,15738.314991831001
58910,120647680,1.7996164560317993,,,3.22821951790708e-05,15740.562771108001
58920,120668160,1.417961597442627,,,3.226953440226694e-05,15743.064460834
58930,120688640,1.4647605419158936,,,3.225690854417114e-05,15745.359036999002
58940,120709120,1.5368826389312744,,,3.224431760810507e-05,15748.074132949001
58950,120729600,1.4921183586120605,,,3.223176159738114e-05,15750.406106245
58960,120750080,1.5329902172088623,,,3.221924051530257e-05,15752.676764562
58970,120770560,1.804621934890747,,,3.2206754365163424e-05,15754.972570683001
58980,120791040,1.513744831085205,,,3.2194303150248526e-05,15757.214989229002
58990,120811520,1.312284231185913,,,3.2181886873833564e-05,15759.616430317
59000,120832000,1.4226255416870117,1.5826525270938874,4.867850807669415,3.2169505539184994e-05,15763.86368889
59010,120852480,1.9261122941970825,,,3.2157159149560125e-05,15768.382463865
59020,120872960,1.727335810661316,,,3.2144847708207e-05,15770.679825955001
59030,120893440,1.6251094341278076,,,3.2132571218364544e-05,15773.378998970002
59040,120913920,1.6574938297271729,,,3.212032968326244e-05,15775.799110123
59050,120934400,1.7630412578582764,,,3.2108123106121195e-05,15778.202405965001
59060,120954880,1.6504343748092651,,,3.209595149015211e-05,15780.464782149002
59070,120975360,1.5471082925796509,,,3.208381483855726e-05,15782.813081733
59080,120995840,1.361804485321045,,,3.207171315452962e-05,15785.070718626
59090,121016320,1.7317962646484375,,,3.2059646441252876e-05,15787.510196149
59100,121036800,1.538109540939331,1.5819173157215118,4.86427322369795,3.204761470190149e-05,15791.642152538001
59110,121057280,1.7865183353424072,,,3.203561793964082e-05,15794.141679526001
59120,121077760,1.5662978887557983,,,3.202365615762696e-05,15796.498438302
59130,121098240,1.6217838525772095,,,3.2011729359006813e-05,15798.963847277
59140,121118720,1.8113267421722412,,,3.1999837546918054e-05,15801.453615451
59150,121139200,1.4590846300125122,,,3.198798072448922e-05,15803.733829865001
59160,121159680,1.4477887153625488,,,3.197615889483957e-05,15806.053565547001
59170,121180160,1.452199101448059,,,3.196437206107922e-05,15808.293018187002
59180,121200640,1.4864630699157715,,,3.195262022630903e-05,15810.526356904002
59190,121221120,1.5679576396942139,,,3.1940903393620655e-05,15812.96695283
59200,121241600,1.6370445489883423,1.581740140914917,4.8634114733727944,3.192922156609657e-05,15817.457448563
59210,121262080,1.9150254726409912,,,3.1917574746810027e-05,15820.008390734001
59220,121282560,1.73295259475708,,,3.19059629388251e-05,15822.312751005002
59230,121303040,1.7017321586608887,,,3.189438614519658e-05,15824.712711227
59240,121323520,1.5228252410888672,,,3.18828443689701e-05,15826.995096541
59250,121344000,1.5412929058074951,,,3.187133761318208e-05,15829.302300573001
59260,121364480,1.469334602355957,,,3.185986588085971e-05,15831.550483691
59270,121384960,1.5792759656906128,,,3.184842917502095e-05,15833.781607689001
59280,121405440,1.4917206764221191,,,3.183702749867459e-05,15836.076796144001
59290,121425920,2.041260242462158,,,3.182566085482019e-05,15838.426032263002
59300,121446400,1.5454961061477661,1.5800261855125428,4.855082942408213,3.181432924644806e-05,15842.733432866
59310,121466880,1.6690483093261719,,,3.1803032676539324e-05,15845.117710781
59320,121487360,1.76054048538208,,,3.179177114806589e-05,15847.629063321001
59330,121507840,1.6602487564086914,,,3.1780544663990434e-05,15849.909554604
59340,121528320,1.2806284427642822,,,3.1769353227266433e-05,15852.268909282
59350,121548800,1.6850495338439941,,,3.1758196840838086e-05,15854.581789025
59360,121569280,1.5841896533966064,,,3.174707550764046e-05,15856.920396957
59370,121589760,1.5235799551010132,,,3.173598923059932e-05,15859.712218675
59380,121610240,1.6108800172805786,,,3.1724938012631276e-05,15862.138035183001
59390,121630720,1.591134786605835,,,3.171392185664364e-05,15864.376300615
59400,121651200,1.5871137380599976,1.5800063252449035,4.854986520119056,3.170294076553457e-05,15868.824310472
59410,121671680,1.524658203125,,,3.1691994742192946e-05,15871.178744871
59420,121692160,1.692106008529663,,,3.168108378949849e-05,15873.64739457
59430,121712640,1.5376266241073608,,,3.167020791032161e-05,15876.153331250001
59440,121733120,1.6351373195648193,,,3.165936710752353e-05,15878.361515261
59450,121753600,1.3317241668701172,,,3.1648561383956275e-05,15880.920572987001
59460,121774080,1.8679839372634888,,,3.16377907424626e-05,15883.238094464
59470,121794560,1.611509084701538,,,3.1627055185876045e-05,15885.489683182
59480,121815040,1.6493042707443237,,,3.16163547170209e-05,15887.840578503
59490,121835520,1.4161300659179688,,,3.160568933871226e-05,15890.314121247
59500,121856000,1.390198826789856,1.579481875896454,4.852440993160171,3.159505905375598e-05,15894.693552533001
59510,121876480,1.4638066291809082,,,3.158446386494867e-05,15898.824908456001
59520,121896960,1.9032233953475952,,,3.157390377507768e-05,15901.152190666
59530,121917440,1.7137477397918701,,,3.15633787869212e-05,15903.540047714001
59540,121937920,1.5185374021530151,,,3.1552888903248106e-05,15905.925322652001
59550,121958400,1.6179146766662598,,,3.15424341268181e-05,15908.232752453001
59560,121978880,1.6623303890228271,,,3.153201446038162e-05,15910.536290151002
59570,121999360,1.922927975654602,,,3.152162990667984e-05,15912.868357148001
59580,122019840,1.3514641523361206,,,3.1511280468444764e-05,15915.156222644
59590,122040320,1.7149907350540161,,,3.150096614839912e-05,15917.499918075
59600,122060800,1.6592357158660889,1.580158096551895,4.8557234236876345,3.149068694925636e-05,15921.244217884001
59610,122081280,1.411181926727295,,,3.1480442873720786e-05,15923.47795475
59620,122101760,1.3431957960128784,,,3.147023392448735e-05,15925.863861845
59630,122122240,1.5549250841140747,,,3.146006010424186e-05,15928.295570491
59640,122142720,1.8497949838638306,,,3.1449921415660835e-05,15930.499066084001
59650,122163200,1.5625648498535156,,,3.143981786141157e-05,15932.878009392001
59660,122183680,1.5770195722579956,,,3.142974944415207e-05,15935.168017925002
59670,122204160,1.6152629852294922,,,3.1419716166531174e-05,15937.385299700001
59680,122224640,1.7765355110168457,,,3.140971803118841e-05,15939.717543948002
59690,122245120,1.780569314956665,,,3.139975504075409e-05,15942.104282702001
59700,122265600,1.456620693206787,1.5794127345085145,4.852105500253365,3.138982719784929e-05,15946.431208579
59710,122286080,1.3996869325637817,,,3.13799345050858e-05,15948.678768708001
59720,122306560,1.5593289136886597,,,3.137007696506621e-05,15951.255886787001
59730,122327040,1.4838981628417969,,,3.1360254580383844e-05,15953.738179838001
59740,122347520,1.5554312467575073,,,3.135046735362274e-05,15956.081407334
59750,122368000,1.6170802116394043,,,3.134071528735774e-05,15958.374046353001
59760,122388480,1.576309323310852,,,3.1330998384154436e-05,15960.809460621002
59770,122408960,1.6476061344146729,,,3.1321316646569114e-05,15963.142506779
59780,122429440,1.6853446960449219,,,3.131167007714888e-05,15965.428314646
59790,122449920,1.7109757661819458,,,3.1302058678431505e-05,15967.691233321
59800,122470400,1.44028902053833,1.5790812492370605,4.850497365295742,3.129248245294561e-05,15972.027511456
59810,122490880,1.3838002681732178,,,3.128294140321047e-05,15974.447305605001
59820,122511360,1.544250249862671,,,3.127343553173612e-05,15976.76190347
59830,122531840,1.5214139223098755,,,3.126396484102342e-05,15979.05951305
59840,122552320,1.6070921421051025,,,3.12545293335639e-05,15981.366701722001
59850,122572800,1.7145025730133057,,,3.124512901183983e-05,15983.60975754
59860,122593280,1.9072096347808838,,,3.123576387832425e-05,15985.966312273002
59870,122613760,1.6116060018539429,,,3.1226433935480954e-05,15988.202134103001
59880,122634240,1.838350772857666,,,3.121713918576445e-05,15990.457541838
59890,122654720,1.5968830585479736,,,3.120787963162002e-05,15992.691969359
59900,122675200,1.720327377319336,1.5785800158977508,4.848066743509247,3.119865527548362e-05,15996.914049684001
59910,122695680,1.7873094081878662,,,3.118946611978204e-05,15999.326185692002
59920,122716160,1.666142225265503,,,3.1180312166932735e-05,16001.785900674
59930,122736640,1.5358458757400513,,,3.117119341934394e-05,16004.312541878
59940,122757120,1.7672479152679443,,,3.1162109879414606e-05,16006.528116126
59950,122777600,1.7931830883026123,,,3.115306154953442e-05,16008.823519226
59960,122798080,1.4843049049377441,,,3.114404843208382e-05,16011.141224535
59970,122818560,1.5943162441253662,,,3.1135070529434e-05,16013.368730019001
59980,122839040,1.6783415079116821,,,3.112612784394682e-05,16015.700209412002
59990,122859520,1.4508370161056519,,,3.111722037797497e-05,16017.951950271
60000,122880000,1.793269395828247,1.5800192058086395,4.85504905548511,3.1108348133861787e-05,16021.731160018
60010,122900480,1.6288821697235107,,,3.109951111394138e-05,16026.984266884001
60020,122920960,1.9046037197113037,,,3.109070932053863e-05,16029.248371545002
60030,122941440,1.4169642925262451,,,3.108194275596905e-05,16031.748270399
60040,122961920,1.8459641933441162,,,3.1073211422539e-05,16034.243679394001
60050,122982400,1.5136520862579346,,,3.10645153225455e-05,16036.764907341001
60060,123002880,1.6300501823425293,,,3.10558544582763e-05,16039.092342553
60070,123023360,1.4038971662521362,,,3.104722883200994e-05,16041.57114861
60080,123043840,1.6401805877685547,,,3.103863844601561e-05,16043.910433141002
60090,123064320,1.555877923965454,,,3.103008330255327e-05,16046.295950696001
60100,123084800,1.414503574371338,1.5790282785892487,4.8502404381129525,3.102156340387363e-05,16050.240518913
60110,123105280,1.5820252895355225,,,3.101307875221808e-05,16052.722466311001
60120,123125760,2.0577192306518555,,,3.1004629349818784e-05,16055.095844543
60130,123146240,1.7183276414871216,,,3.0996215198898583e-05,16057.624164766
60140,123166720,1.3872891664505005,,,3.098783630167109e-05,16060.124654998
60150,123187200,1.5342121124267578,,,3.0979492660340626e-05,16062.417556396002
60160,123207680,1.6274285316467285,,,3.09711842771022e-05,16064.792141420001
60170,123228160,1.8043181896209717,,,3.096291115414163e-05,16067.390364475
60180,123248640,1.4393020868301392,,,3.095467329363537e-05,16069.890998159
60190,123269120,1.553629755973816,,,3.094647069775066e-05,16072.250242793001
60200,123289600,1.7689642906188965,1.5790494740009309,4.850343242045279,3.093830336864541e-05,16076.137793959
60210,123310080,1.4814308881759644,,,3.09301713084683e-05,16078.476064799
60220,123330560,1.6590907573699951,,,3.092207451935873e-05,16080.757356451
60230,123351040,1.593561053276062,,,3.091401300344675e-05,16083.080116409
60240,123371520,1.8940587043762207,,,3.090598676285322e-05,16085.477118136001
60250,123392000,1.5814698934555054,,,3.089799579968966e-05,16088.234895824
60260,123412480,1.723459005355835,,,3.0890040116058374e-05,16090.787950375001
60270,123432960,1.6389433145523071,,,3.0882119714052284e-05,16093.223964846
60280,123453440,1.3940564393997192,,,3.087423459575513e-05,16095.685234333001
60290,123473920,1.5575085878372192,,,3.0866384763241313e-05,16098.098554906
60300,123494400,1.513300895690918,1.5788562536239623,4.849406147431426,3.085857021857596e-05,16101.945069484002
60310,123514880,1.6853089332580566,,,3.085079096381493e-05,16104.571618078
60320,123535360,1.498047113418579,,,3.084304700100478e-05,16106.971533874
60330,123555840,1.5783741474151611,,,3.083533833218279e-05,16109.538710435001
60340,123576320,1.5847262144088745,,,3.082766495937697e-05,16111.92760579
60350,123596800,1.5952374935150146,,,3.0820026884606025e-05,16114.493887479
60360,123617280,1.4584119319915771,,,3.081242410987935e-05,16116.985968305
60370,123637760,1.7029329538345337,,,3.0804856637197116e-05,16119.480235484001
60380,123658240,1.5529568195343018,,,3.079732446855016e-05,16121.918456852001
60390,123678720,1.5371559858322144,,,3.078982760592005e-05,16124.517906919002
60400,123699200,1.7216334342956543,1.5779223203659059,4.844879239992266,3.0782366051279055e-05,16128.987841551001
60410,123719680,1.4499542713165283,,,3.077493980659015e-05,16131.6887738
60420,123740160,1.5022753477096558,,,3.076754887380703e-05,16134.229366711
60430,123760640,1.6621086597442627,,,3.076019325487413e-05,16136.897256802002
60440,123781120,1.7778067588806152,,,3.075287295172652e-05,16139.311040256001
60450,123801600,1.7161355018615723,,,3.0745587966290074e-05,16141.778378237
60460,123822080,1.516780972480774,,,3.073833830048128e-05,16144.227187086
60470,123842560,1.9966058731079102,,,3.07311239562074e-05,16146.637545717002
60480,123863040,1.4307575225830078,,,3.072394493536639e-05,16149.345947197
60490,123883520,1.4238464832305908,,,3.0716801239846886e-05,16151.667814775
60500,123904000,1.5302660465240479,1.5778946816921233,4.844745335805912,3.070969287152825e-05,16156.046034274
60510,123924480,1.764007806777954,,,3.0702619832280586e-05,16160.820844041002
60520,123944960,1.6497623920440674,,,3.069558212396462e-05,16163.327609289001
60530,123965440,1.65004301071167,,,3.068857974843185e-05,16166.293211385
60540,123985920,1.53035569190979,,,3.068161270752448e-05,16168.645821308
60550,124006400,1.860594630241394,,,3.0674681003075374e-05,16171.156189616
60560,124026880,1.770872950553894,,,3.066778463690814e-05,16173.598282742001
60570,124047360,1.5041155815124512,,,3.066092361083704e-05,16176.285992713001
60580,124067840,1.598466396331787,,,3.065409792666711e-05,16178.732449755002
60590,124088320,1.8076153993606567,,,3.0647307586194016e-05,16181.198773267
60600,124108800,1.3711588382720947,1.5783411800861358,4.846908989815822,3.0640552591204204e-05,16184.985161917
60610,124129280,1.5918596982955933,,,3.063383294347474e-05,16187.488533676002
60620,124149760,1.7658896446228027,,,3.0627148644773434e-05,16189.918826006
60630,124170240,1.4634177684783936,,,3.062049969685881e-05,16192.59149364
60640,124190720,1.7379093170166016,,,3.0613886101480046e-05,16194.985835292
60650,124211200,1.677991509437561,,,3.060730786037705e-05,16197.343310152
60660,124231680,1.6574904918670654,,,3.060076497528043e-05,16200.027852999001
60670,124252160,1.4079327583312988,,,3.059425744791149e-05,16202.46015699
60680,124272640,1.7508699893951416,,,3.058778527998225e-05,16204.930586876
60690,124293120,1.5820026397705078,,,3.0581348473195365e-05,16207.219116421002
60700,124313600,1.809633731842041,1.5780050575733184,4.845280108353969,3.0574947029244246e-05,16211.186488123001
60710,124334080,1.5030100345611572,,,3.0568580949812985e-05,16213.536129407
60720,124354560,1.6775486469268799,,,3.0562250236576384e-05,16216.294593531
60730,124375040,1.4363733530044556,,,3.05559548911999e-05,16218.762834332001
60740,124395520,1.5496282577514648,,,3.0549694915339724e-05,16221.387409746001
60750,124416000,1.7263989448547363,,,3.054347031064273e-05,16224.032610421002
60760,124436480,1.6398833990097046,,,3.053728107874648e-05,16226.369702776
60770,124456960,1.993330717086792,,,3.0531127221279264e-05,16228.899631496
60780,124477440,1.4771068096160889,,,3.052500873985998e-05,16231.405242099001
60790,124497920,1.4916813373565674,,,3.051892563609833e-05,16233.817283728002
60800,124518400,1.4896947145462036,1.5787297368049622,4.848792654801,3.051287791159464e-05,16237.634306027001
60810,124538880,1.6770775318145752,,,3.0506865567939937e-05,16240.088829772001
60820,124559360,1.8073065280914307,,,3.050088860671595e-05,16242.546775018001
60830,124579840,1.610877513885498,,,3.04949470294951e-05,16244.989962751
60840,124600320,1.4426276683807373,,,3.04890408378405e-05,16247.424697722001
60850,124620800,1.7803854942321777,,,3.0483170033305946e-05,16249.784053824002
60860,124641280,1.5346791744232178,,,3.0477334617435922e-05,16252.135911281
60870,124661760,1.4296963214874268,,,3.0471534591765604e-05,16254.693275934002
60880,124682240,1.626753330230713,,,3.046576995782089e-05,16257.134651564002
60890,124702720,1.3741002082824707,,,3.0460040717118313e-05,16259.948528338
60900,124723200,1.438850998878479,1.5790032982826232,4.850119279132902,3.0454346871165112e-05,16263.784317237001
60910,124743680,1.565929889678955,,,3.044868842145925e-05,16266.415253084
60920,124764160,1.8656868934631348,,,3.0443065369489352e-05,16268.909359770001
60930,124784640,1.5810667276382446,,,3.04374777167347e-05,16271.484563431
60940,124805120,1.6976555585861206,,,3.0431925464665325e-05,16273.906754382
60950,124825600,1.3743748664855957,,,3.0426408614741892e-05,16276.559148721
60960,124846080,1.6362595558166504,,,3.0420927168415767e-05,16278.965221993001
60970,124866560,1.693234920501709,,,3.041548112712904e-05,16281.330642571002
60980,124887040,1.7490215301513672,,,3.041007049231441e-05,16283.596784868001
60990,124907520,1.671014428138733,,,3.040469526539535e-05,16285.848945494
61000,124928000,1.6453502178192139,1.5775196373462677,4.842928682144743,3.0399355447785952e-05,16290.602606775
61010,124948480,1.518540382385254,,,3.0394051040891007e-05,16294.998751169001
61020,124968960,1.3767337799072266,,,3.038878204610601e-05,16297.676241251003
61030,124989440,1.6387802362442017,,,3.038354846481712e-05,16300.383746291001
61040,125009920,1.552826166152954,,,3.0378350298401186e-05,16302.762597730001
61050,125030400,1.8514611721038818,,,3.0373187548225755e-05,16305.321896271002
61060,125050880,1.6945139169692993,,,3.0368060215649044e-05,16307.848656065999
61070,125071360,1.5152032375335693,,,3.0362968302019914e-05,16310.289783372998
61080,125091840,1.7802934646606445,,,3.0357911808677994e-05,16312.879102823
61090,125112320,1.6384756565093994,,,3.0352890736953495e-05,16315.311223952001
61100,125132800,1.5406029224395752,1.578731209039688,4.84879979336718,3.0347905088167404e-05,16319.393839434
61110,125153280,1.8092832565307617,,,3.0342954863631322e-05,16322.08681071
61120,125173760,1.4070402383804321,,,3.0338040064647556e-05,16324.493237047998
61130,125194240,1.7043938636779785,,,3.033316069250911e-05,16326.906143137003
61140,125214720,1.554867148399353,,,3.032831674849961e-05,16329.417494664001
61150,125235200,1.5489065647125244,,,3.0323508233893434e-05,16331.864096071
61160,125255680,1.6254832744598389,,,3.0318735149955583e-05,16334.295852293002
61170,125276160,1.674786925315857,,,3.0313997497941765e-05,16336.790280705001
61180,125296640,1.5894862413406372,,,3.030929527909837e-05,16339.277573838
61190,125317120,1.5979819297790527,,,3.0304628494662448e-05,16342.045946540999
61200,125337600,1.4995934963226318,1.577786386013031,4.844220699228191,3.0299997145861743e-05,16345.854748913003
61210,125358080,1.7174787521362305,,,3.0295401233914658e-05,16348.319260300002
61220,125378560,1.7339826822280884,,,3.0290840760030294e-05,16350.855505408003
61230,125399040,1.6150709390640259,,,3.0286315725408424e-05,16353.295259095
61240,125419520,1.5304077863693237,,,3.0281826131239485e-05,16356.006645308003
61250,125440000,1.4728507995605469,,,3.0277371978704595e-05,16358.338344753003
61260,125460480,1.6500002145767212,,,3.027295326897556e-05,16360.666140006
61270,125480960,1.6601821184158325,,,3.026857000321485e-05,16363.131702931001
61280,125501440,1.6592392921447754,,,3.0264222182575615e-05,16365.768243260998
61290,125521920,1.4846882820129395,,,3.0259909808201677e-05,16368.540592165002
61300,125542400,1.3809839487075806,1.5776421427726746,4.843522003529809,3.0255632881227538e-05,16372.457169408
61310,125562880,1.647964596748352,,,3.0251391402778365e-05,16375.02290557
61320,125583360,1.6783485412597656,,,3.0247185373970013e-05,16377.551340467999
61330,125603840,1.612220048904419,,,3.0243014795908993e-05,16380.068168571
61340,125624320,1.6337785720825195,,,3.0238879669692524e-05,16382.670953322999
61350,125644800,1.5723457336425781,,,3.023477999640844e-05,16385.309465540002
61360,125665280,1.5377861261367798,,,3.023071577713531e-05,16387.90519114
61370,125685760,1.6105718612670898,,,3.0226687012942332e-05,16390.459996556
61380,125706240,1.52866530418396,,,3.02226937048894e-05,16392.979960419
61390,125726720,1.4920711517333984,,,3.0218735854027063e-05,16395.664307207
61400,125747200,1.7656553983688354,1.5767613649368286,4.8392578148787635,3.0214813461396573e-05,16400.642410593002
61410,125767680,1.4717919826507568,,,3.0210926528029806e-05,16403.370126241
61420,125788160,1.4688336849212646,,,3.0207075054949368e-05,16405.812738057
61430,125808640,1.879014253616333,,,3.0203259043168462e-05,16408.442371858
61440,125829120,1.5683482885360718,,,3.0199478493691043e-05,16410.998817943
61450,125849600,2.0147669315338135,,,3.0195733407511674e-05,16413.540043844
61460,125870080,1.5767831802368164,,,3.0192023785615623e-05,16415.903918394
61470,125890560,1.558118462562561,,,3.0188349628978797e-05,16418.500145089998
61480,125911040,1.797943353652954,,,3.0184710938567823e-05,16420.886568126003
61490,125931520,1.4940968751907349,,,3.0181107715339955e-05,16423.288260277
61500,125952000,1.9131011962890625,1.5770614326000214,4.840710137549499,3.017753996024311e-05,16427.268134515
61510,125972480,1.7744781970977783,,,3.0174007674215924e-05,16433.106527196
61520,125992960,1.6806296110153198,,,3.0170510858187642e-05,16435.945980882
61530,126013440,1.5072009563446045,,,3.0167049513078212e-05,16438.346272743
61540,126033920,1.5094683170318604,,,3.0163623639798263e-05,16440.869465714
61550,126054400,1.477705717086792,,,3.016023323924905e-05,16443.402535179
61560,126074880,1.9448726177215576,,,3.015687831232254e-05,16446.061029671
61570,126095360,1.7755310535430908,,,3.015355885990132e-05,16448.747411279
61580,126115840,1.8044313192367554,,,3.0150274882858694e-05,16451.32173067
61590,126136320,1.4797275066375732,,,3.01470263820586e-05,16453.947995143
61600,126156800,1.8115373849868774,1.5767089784145356,4.83900430963155,3.014381335835566e-05,16458.401047934003
61610,126177280,1.747950792312622,,,3.0140635812595145e-05,16461.005705219
61620,126197760,1.6626973152160645,,,3.013749374561302e-05,16463.655929156
61630,126218240,1.5549432039260864,,,3.013438715823588e-05,16466.390077744003
61640,126238720,1.5342717170715332,,,3.0131316051281012e-05,16469.234147297
61650,126259200,1.5217219591140747,,,3.0128280425556372e-05,16471.650501660002
61660,126279680,1.5233827829360962,,,3.012528028186055e-05,16474.107263272
61670,126300160,1.7567377090454102,,,3.012231562098285e-05,16476.517585423
61680,126320640,1.667466402053833,,,3.01193864437032e-05,16478.868936851
61690,126341120,1.407943606376648,,,3.0116492750792207e-05,16481.373247911
61700,126361600,1.6122157573699951,1.5776458859443665,4.843540133698195,3.0113634543011158e-05,16485.460143321
61710,126382080,1.7132633924484253,,,3.0110811821111957e-05,16487.815788212003
61720,126402560,1.4495577812194824,,,3.0108024585837246e-05,16490.30174097
61730,126423040,1.4936320781707764,,,3.010527283792025e-05,16492.654703039003
61740,126443520,1.6029043197631836,,,3.010255657808494e-05,16494.971003163
61750,126464000,1.6651499271392822,,,3.0099875807045865e-05,16497.471014033003
61760,126484480,1.594475269317627,,,3.009723052550832e-05,16500.163322797
61770,126504960,1.3774025440216064,,,3.009462073416821e-05,16502.827904978
61780,126525440,1.8410826921463013,,,3.0092046433712106e-05,16505.386056936
61790,126545920,1.3198686838150024,,,3.0089507624817272e-05,16507.756363541
61800,126566400,1.5047310590744019,1.57628573179245,4.836956650766156,3.0087004308151616e-05,16512.315047176
61810,126586880,1.637951374053955,,,3.0084536484373702e-05,16514.8261787
61820,126607360,1.7073296308517456,,,3.008210415413278e-05,16517.439647841
61830,126627840,1.4862558841705322,,,3.0079707318068724e-05,16519.979387369003
61840,126648320,1.6086301803588867,,,3.0077345976812104e-05,16522.397200669
61850,126668800,1.557456374168396,,,3.0075020130984156e-05,16524.766365773
61860,126689280,1.388999581336975,,,3.0072729781196736e-05,16527.241736354
61870,126709760,1.6337790489196777,,,3.0070474928052406e-05,16529.579091816002
61880,126730240,1.6143741607666016,,,3.0068255572144374e-05,16532.062465644
61890,126750720,1.502443552017212,,,3.0066071714056487e-05,16534.605548469
61900,126771200,1.5086569786071777,1.5778710544109344,4.844630868997848,3.006392335436331e-05,16538.490918120002
61910,126791680,1.3824763298034668,,,3.006181049362999e-05,16540.970670585
61920,126812160,1.5808115005493164,,,3.0059733132412425e-05,16543.518059564998
61930,126832640,1.6032193899154663,,,3.0057691271257074e-05,16546.014774082
61940,126853120,1.3134517669677734,,,3.0055684910701172e-05,16548.428141091
61950,126873600,1.7252943515777588,,,3.0053714051272498e-05,16550.947566648003
61960,126894080,1.7546309232711792,,,3.0051778693489556e-05,16553.570974892
61970,126914560,1.4326984882354736,,,3.0049878837861527e-05,16556.046275087003
61980,126935040,1.3391797542572021,,,3.0048014484888204e-05,16558.55350895
61990,126955520,1.382537603378296,,,3.0046185635060055e-05,16560.797284519
62000,126976000,1.4763352870941162,1.576878845691681,4.839826367936148,3.0044392288858226e-05,16564.579143220002
62010,126996480,2.0246503353118896,,,3.004263444675451e-05,16569.101416977002
62020,127016960,1.5533573627471924,,,3.004091210921134e-05,16571.638255295
62030,127037440,1.685076117515564,,,3.003922527668186e-05,16573.972804106
62040,127057920,2.001922130584717,,,3.0037573949609828e-05,16576.367145205
62050,127078400,1.553428292274475,,,3.0035958128429656e-05,16578.909665413
62060,127098880,1.7036242485046387,,,3.0034377813566468e-05,16581.278271476
62070,127119360,1.617859125137329,,,3.003283300543598e-05,16583.653240508003
62080,127139840,1.5453815460205078,,,3.0031323704444628e-05,16585.969258919
62090,127160320,1.5689334869384766,,,3.0029849910989456e-05,16588.404812982
62100,127180800,1.761860728263855,1.5752895593643188,4.832140607117816,3.0028411625458194e-05,16592.789298132
62110,127201280,1.4979362487792969,,,3.0027008848229253e-05,16595.285322053
62120,127221760,1.49685800075531,,,3.002564157967164e-05,16597.701331173
62130,127242240,1.8106448650360107,,,3.0024309820145067e-05,16600.186914833
62140,127262720,1.4874993562698364,,,3.0023013569999894e-05,16602.838041611
62150,127283200,1.5084398984909058,,,3.0021752829577146e-05,16605.36178869
62160,127303680,1.5170249938964844,,,3.002052759920849e-05,16607.801766264
62170,127324160,1.6162984371185303,,,3.0019337879216256e-05,16610.082264995002
62180,127344640,1.6913601160049438,,,3.0018183669913442e-05,16612.376478909002
62190,127365120,1.5466465950012207,,,3.0017064971603703e-05,16614.78890246
62200,127385600,1.4819426536560059,1.5756922125816346,4.834086675848919,3.0015981784581333e-05,16618.528468469
62210,127406080,1.5911535024642944,,,3.0014934109131307e-05,16620.743223544003
62220,127426560,1.6201536655426025,,,3.0013921945529247e-05,16623.083924942
62230,127447040,1.5818798542022705,,,3.001294529404142e-05,16625.407594968
62240,127467520,1.5620537996292114,,,3.001200415492478e-05,16627.820317719
62250,127488000,1.5752084255218506,,,3.00110985284269e-05,16630.394869362
62260,127508480,1.4646238088607788,,,3.001022841478605e-05,16632.976448985002
62270,127528960,1.6057378053665161,,,3.0009393814231144e-05,16635.372950774003
62280,127549440,1.6810911893844604,,,3.000859472698174e-05,16637.846281903
62290,127569920,1.4302735328674316,,,3.0007831153248042e-05,16640.176459561
62300,127590400,1.65275239944458,1.5766193568706512,4.8385706500273695,3.000710309323097e-05,16644.378294383
62310,127610880,1.513291358947754,,,3.0006410547122032e-05,16646.814525415
62320,127631360,1.4986567497253418,,,3.0005753515103447e-05,16649.572642287003
62330,127651840,1.487974762916565,,,3.0005131997348034e-05,16651.914662574
62340,127672320,1.8030951023101807,,,3.0004545994019334e-05,16654.522541973
62350,127692800,1.5318820476531982,,,3.0003995505271493e-05,16656.864808252
62360,127713280,1.6050474643707275,,,3.000348053124934e-05,16659.343531317
62370,127733760,1.4683551788330078,,,3.000300107208836e-05,16661.784547473002
62380,127754240,1.494813084602356,,,3.0002557127914683e-05,16664.032926045
62390,127774720,1.600523829460144,,,3.0002148698845095e-05,16666.375200502003
62400,127795200,1.625035047531128,1.5754929959774018,4.8331237414362365,3.000177578498705e-05,16670.055879237003
62410,127815680,1.6020913124084473,,,3.000143838643866e-05,16672.356034942
62420,127836160,1.512545108795166,,,3.0001136503288686e-05,16674.854437736
62430,127856640,1.4601008892059326,,,3.000087013561654e-05,16677.208902837
62440,127877120,1.3145346641540527,,,3.0000639283492314e-05,16679.75204974
62450,127897600,1.3953741788864136,,,3.0000443946976722e-05,16682.214330908002
62460,127918080,1.685225009918213,,,3.0000284126121157e-05,16684.898847548
62470,127938560,1.4239493608474731,,,3.0000159820967676e-05,16687.549623589
62480,127959040,1.4263215065002441,,,3.0000071031548984e-05,16689.821397631003
62490,127979520,1.6677253246307373,,,3.0000017757888415e-05,16692.457265689
62500,128000000,1.562122106552124,1.5758283138275146,4.834744645842447,3e-05,16696.313898442
