2026-10-01 12:04:32,843 32m_128mtoken: parameters=30693888, target steps=62500, processed tokens=128000000, resume step=0
2026-10-01 12:04:33,035 step=1 train=9.21034 val=None lr=2.4e-07
2026-10-01 12:04:34,110 step=10 train=9.21034 val=None lr=2.4e-06
2026-10-01 12:04:33,447 step=20 train=9.21033 val=None lr=4.8e-06
2026-10-01 12:04:34,715 step=30 train=9.21033 val=None lr=7.2e-06
2026-10-01 12:04:36,061 step=40 train=9.21031 val=None lr=9.6e-06
2026-10-01 12:04:37,772 step=50 train=9.21030 val=None lr=1.2e-05
2026-10-01 12:04:39,308 step=60 train=9.21028 val=None lr=1.44e-05
2026-10-01 12:04:40,760 step=70 train=9.21024 val=None lr=1.68e-05
2026-10-01 12:04:42,286 step=80 train=9.21019 val=None lr=1.92e-05
2026-10-01 12:04:43,529 step=90 train=9.21015 val=None lr=2.16e-05
2026-10-01 12:04:45,797 step=100 train=9.21005 val=9.2100519657135 lr=2.4e-05
2026-10-01 12:04:46,955 step=110 train=9.20994 val=None lr=2.64e-05
2026-10-01 12:04:48,118 step=120 train=9.20980 val=None lr=2.88e-05
2026-10-01 12:04:49,268 step=130 train=9.20964 val=None lr=3.12e-05
2026-10-01 12:04:50,475 step=140 train=9.20948 val=None lr=3.36e-05
2026-10-01 12:04:51,755 step=150 train=9.20920 val=None lr=3.6e-05
2026-10-01 12:04:53,002 step=160 train=9.20897 val=None lr=3.84e-05
2026-10-01 12:04:54,144 step=170 train=9.20878 val=None lr=4.08e-05
2026-10-01 12:04:55,419 step=180 train=9.20809 val=None lr=4.32e-05
2026-10-01 12:04:56,717 step=190 train=9.20769 val=None lr=4.56e-05
2026-10-01 12:04:59,028 step=200 train=9.20696 val=9.206972074508666 lr=4.8e-05
2026-10-01 12:05:00,255 step=210 train=9.20630 val=None lr=5.04e-05
2026-10-01 12:05:01,449 step=220 train=9.20525 val=None lr=5.28e-05
2026-10-01 12:05:02,911 step=230 train=9.20471 val=None lr=5.52e-05
2026-10-01 12:05:04,219 step=240 train=9.20364 val=None lr=5.76e-05
2026-10-01 12:05:05,473 step=250 train=9.20298 val=None lr=6e-05
2026-10-01 12:05:04,979 step=260 train=9.20072 val=None lr=6.24e-05
2026-10-01 12:05:06,505 step=270 train=9.19963 val=None lr=6.48e-05
2026-10-01 12:05:07,778 step=280 train=9.19857 val=None lr=6.72e-05
2026-10-01 12:05:09,052 step=290 train=9.19487 val=None lr=6.96e-05
2026-10-01 12:05:11,641 step=300 train=9.19076 val=9.191219806671143 lr=7.2e-05
2026-10-01 12:05:13,102 step=310 train=9.18735 val=None lr=7.44e-05
2026-10-01 12:05:14,566 step=320 train=9.18244 val=None lr=7.68e-05
2026-10-01 12:05:15,778 step=330 train=9.17659 val=None lr=7.92e-05
2026-10-01 12:05:17,294 step=340 train=9.16782 val=None lr=8.16e-05
2026-10-01 12:05:18,743 step=350 train=9.14961 val=None lr=8.4e-05
2026-10-01 12:05:20,060 step=360 train=9.12910 val=None lr=8.64e-05
2026-10-01 12:05:21,377 step=370 train=9.10944 val=None lr=8.88e-05
2026-10-01 12:05:22,998 step=380 train=9.08669 val=None lr=9.12e-05
2026-10-01 12:05:24,234 step=390 train=9.06002 val=None lr=9.36e-05
2026-10-01 12:05:27,000 step=400 train=9.03071 val=9.03292899131775 lr=9.6e-05
2026-10-01 12:05:28,413 step=410 train=9.01339 val=None lr=9.84e-05
2026-10-01 12:05:29,698 step=420 train=8.98772 val=None lr=0.0001008
2026-10-01 12:05:30,969 step=430 train=8.95514 val=None lr=0.0001032
2026-10-01 12:05:32,767 step=440 train=8.92230 val=None lr=0.0001056
2026-10-01 12:05:34,109 step=450 train=8.88837 val=None lr=0.000108
2026-10-01 12:05:35,251 step=460 train=8.85955 val=None lr=0.0001104
2026-10-01 12:05:34,672 step=470 train=8.82238 val=None lr=0.0001128
2026-10-01 12:05:35,974 step=480 train=8.78209 val=None lr=0.0001152
2026-10-01 12:05:37,499 step=490 train=8.74180 val=None lr=0.0001176
2026-10-01 12:05:39,892 step=500 train=8.68014 val=8.679886198043823 lr=0.00012
2026-10-01 12:05:42,205 step=510 train=8.64699 val=None lr=0.0001224
2026-10-01 12:05:43,506 step=520 train=8.57138 val=None lr=0.0001248
2026-10-01 12:05:44,613 step=530 train=8.53502 val=None lr=0.0001272
2026-10-01 12:05:45,968 step=540 train=8.45791 val=None lr=0.0001296
2026-10-01 12:05:47,255 step=550 train=8.43072 val=None lr=0.000132
2026-10-01 12:05:48,463 step=560 train=8.34113 val=None lr=0.0001344
2026-10-01 12:05:49,871 step=570 train=8.28796 val=None lr=0.0001368
2026-10-01 12:05:51,534 step=580 train=8.23223 val=None lr=0.0001392
2026-10-01 12:05:52,946 step=590 train=8.16103 val=None lr=0.0001416
2026-10-01 12:05:55,267 step=600 train=8.07154 val=8.059050607681275 lr=0.000144
2026-10-01 12:05:56,556 step=610 train=8.00278 val=None lr=0.0001464
2026-10-01 12:05:57,729 step=620 train=7.91015 val=None lr=0.0001488
2026-10-01 12:05:58,936 step=630 train=7.83881 val=None lr=0.0001512
2026-10-01 12:06:00,238 step=640 train=7.75202 val=None lr=0.0001536
2026-10-01 12:06:01,568 step=650 train=7.70840 val=None lr=0.000156
2026-10-01 12:06:02,812 step=660 train=7.59985 val=None lr=0.0001584
2026-10-01 12:06:03,982 step=670 train=7.51237 val=None lr=0.0001608
2026-10-01 12:06:05,298 step=680 train=7.40938 val=None lr=0.0001632
2026-10-01 12:06:06,573 step=690 train=7.36165 val=None lr=0.0001656
2026-10-01 12:06:07,145 step=700 train=7.17010 val=7.1901270866394045 lr=0.000168
2026-10-01 12:06:08,789 step=710 train=7.09426 val=None lr=0.0001704
2026-10-01 12:06:10,022 step=720 train=7.03488 val=None lr=0.0001728
2026-10-01 12:06:11,530 step=730 train=6.97381 val=None lr=0.0001752
2026-10-01 12:06:12,866 step=740 train=6.78590 val=None lr=0.0001776
2026-10-01 12:06:14,090 step=750 train=6.79948 val=None lr=0.00018
2026-10-01 12:06:15,418 step=760 train=6.65240 val=None lr=0.0001824
2026-10-01 12:06:17,049 step=770 train=6.55576 val=None lr=0.0001848
2026-10-01 12:06:18,303 step=780 train=6.50935 val=None lr=0.0001872
2026-10-01 12:06:19,821 step=790 train=6.46065 val=None lr=0.0001896
2026-10-01 12:06:22,703 step=800 train=6.40343 val=6.325323677062988 lr=0.000192
2026-10-01 12:06:24,038 step=810 train=6.29285 val=None lr=0.0001944
2026-10-01 12:06:25,262 step=820 train=6.28211 val=None lr=0.0001968
2026-10-01 12:06:26,389 step=830 train=6.10638 val=None lr=0.0001992
2026-10-01 12:06:27,672 step=840 train=6.19966 val=None lr=0.0002016
2026-10-01 12:06:28,822 step=850 train=6.06383 val=None lr=0.000204
2026-10-01 12:06:29,935 step=860 train=6.05012 val=None lr=0.0002064
2026-10-01 12:06:31,344 step=870 train=6.01240 val=None lr=0.0002088
2026-10-01 12:06:32,623 step=880 train=5.87459 val=None lr=0.0002112
2026-10-01 12:06:33,844 step=890 train=5.93696 val=None lr=0.0002136
2026-10-01 12:06:36,553 step=900 train=5.90536 val=5.8357010126113895 lr=0.000216
2026-10-01 12:06:37,703 step=910 train=5.81084 val=None lr=0.0002184
2026-10-01 12:06:37,023 step=920 train=5.83979 val=None lr=0.0002208
2026-10-01 12:06:38,329 step=930 train=5.77035 val=None lr=0.0002232
2026-10-01 12:06:39,532 step=940 train=5.65011 val=None lr=0.0002256
2026-10-01 12:06:40,991 step=950 train=5.62365 val=None lr=0.000228
2026-10-01 12:06:42,402 step=960 train=5.64291 val=None lr=0.0002304
2026-10-01 12:06:43,651 step=970 train=5.80162 val=None lr=0.0002328
2026-10-01 12:06:44,946 step=980 train=5.67342 val=None lr=0.0002352
2026-10-01 12:06:46,406 step=990 train=5.46544 val=None lr=0.0002376
2026-10-01 12:06:48,905 step=1000 train=5.41078 val=5.487046766281128 lr=0.00024
2026-10-01 12:06:51,424 step=1010 train=5.54623 val=None lr=0.0002424
2026-10-01 12:06:52,794 step=1020 train=5.57944 val=None lr=0.0002448
2026-10-01 12:06:54,359 step=1030 train=5.33447 val=None lr=0.0002472
2026-10-01 12:06:55,798 step=1040 train=5.27144 val=None lr=0.0002496
2026-10-01 12:06:57,168 step=1050 train=5.19101 val=None lr=0.000252
2026-10-01 12:06:58,429 step=1060 train=5.03428 val=None lr=0.0002544
2026-10-01 12:06:59,788 step=1070 train=5.05707 val=None lr=0.0002568
2026-10-01 12:07:01,537 step=1080 train=5.01152 val=None lr=0.0002592
2026-10-01 12:07:03,257 step=1090 train=5.27254 val=None lr=0.0002616
2026-10-01 12:07:05,804 step=1100 train=4.96310 val=5.049692940711975 lr=0.000264
2026-10-01 12:07:07,195 step=1110 train=5.26149 val=None lr=0.0002664
2026-10-01 12:07:06,786 step=1120 train=4.94123 val=None lr=0.0002688
2026-10-01 12:07:08,230 step=1130 train=4.88731 val=None lr=0.0002712
2026-10-01 12:07:09,659 step=1140 train=4.89479 val=None lr=0.0002736
2026-10-01 12:07:11,199 step=1150 train=4.84229 val=None lr=0.000276
2026-10-01 12:07:12,592 step=1160 train=4.94215 val=None lr=0.0002784
2026-10-01 12:07:13,812 step=1170 train=4.80025 val=None lr=0.0002808
2026-10-01 12:07:15,165 step=1180 train=4.73679 val=None lr=0.0002832
2026-10-01 12:07:16,645 step=1190 train=4.56542 val=None lr=0.0002856
2026-10-01 12:07:19,066 step=1200 train=4.81981 val=4.612483382225037 lr=0.000288
2026-10-01 12:07:20,440 step=1210 train=4.83628 val=None lr=0.0002904
2026-10-01 12:07:21,670 step=1220 train=4.78179 val=None lr=0.0002928
2026-10-01 12:07:23,035 step=1230 train=4.71182 val=None lr=0.0002952
2026-10-01 12:07:24,588 step=1240 train=4.55154 val=None lr=0.0002976
2026-10-01 12:07:26,105 step=1250 train=4.42534 val=None lr=0.0003
2026-10-01 12:07:27,452 step=1260 train=4.22889 val=None lr=0.0003
2026-10-01 12:07:28,862 step=1270 train=4.30014 val=None lr=0.0003
2026-10-01 12:07:30,226 step=1280 train=4.37261 val=None lr=0.0003
2026-10-01 12:07:31,422 step=1290 train=4.32105 val=None lr=0.0003
2026-10-01 12:07:33,867 step=1300 train=4.29693 val=4.308247709274292 lr=0.0003
2026-10-01 12:07:35,299 step=1310 train=4.28773 val=None lr=0.000299999
2026-10-01 12:07:36,686 step=1320 train=4.49972 val=None lr=0.000299999
2026-10-01 12:07:38,088 step=1330 train=4.35418 val=None lr=0.000299999
2026-10-01 12:07:37,707 step=1340 train=4.24146 val=None lr=0.000299999
2026-10-01 12:07:38,939 step=1350 train=4.00390 val=None lr=0.000299998
2026-10-01 12:07:40,132 step=1360 train=4.19837 val=None lr=0.000299998
2026-10-01 12:07:41,383 step=1370 train=4.17744 val=None lr=0.000299997
2026-10-01 12:07:42,941 step=1380 train=4.21375 val=None lr=0.000299997
2026-10-01 12:07:44,221 step=1390 train=4.16795 val=None lr=0.000299997
2026-10-01 12:07:46,683 step=1400 train=4.21811 val=4.144273722171784 lr=0.000299996
2026-10-01 12:07:48,009 step=1410 train=4.18988 val=None lr=0.000299995
2026-10-01 12:07:49,725 step=1420 train=4.03042 val=None lr=0.000299995
2026-10-01 12:07:51,303 step=1430 train=4.12120 val=None lr=0.000299994
2026-10-01 12:07:52,724 step=1440 train=4.12256 val=None lr=0.000299994
2026-10-01 12:07:54,188 step=1450 train=4.18386 val=None lr=0.000299993
2026-10-01 12:07:55,963 step=1460 train=4.07810 val=None lr=0.000299992
2026-10-01 12:07:57,548 step=1470 train=4.03704 val=None lr=0.000299991
2026-10-01 12:07:58,960 step=1480 train=4.00544 val=None lr=0.000299991
2026-10-01 12:08:00,287 step=1490 train=4.07818 val=None lr=0.00029999
2026-10-01 12:08:02,798 step=1500 train=4.18083 val=4.041568875312805 lr=0.000299989
2026-10-01 12:08:05,240 step=1510 train=4.20790 val=None lr=0.000299988
2026-10-01 12:08:06,698 step=1520 train=4.04918 val=None lr=0.000299987
2026-10-01 12:08:08,141 step=1530 train=4.11448 val=None lr=0.000299986
2026-10-01 12:08:07,905 step=1540 train=4.09359 val=None lr=0.000299985
2026-10-01 12:08:09,644 step=1550 train=3.85149 val=None lr=0.000299984
2026-10-01 12:08:11,124 step=1560 train=3.75380 val=None lr=0.000299983
2026-10-01 12:08:12,504 step=1570 train=4.47876 val=None lr=0.000299982
2026-10-01 12:08:13,909 step=1580 train=3.91763 val=None lr=0.000299981
2026-10-01 12:08:15,456 step=1590 train=4.12790 val=None lr=0.000299979
2026-10-01 12:08:18,198 step=1600 train=3.92911 val=3.9753804564476014 lr=0.000299978
2026-10-01 12:08:19,569 step=1610 train=4.04787 val=None lr=0.000299977
2026-10-01 12:08:20,820 step=1620 train=3.89837 val=None lr=0.000299976
2026-10-01 12:08:22,074 step=1630 train=3.67258 val=None lr=0.000299974
2026-10-01 12:08:23,317 step=1640 train=3.69615 val=None lr=0.000299973
2026-10-01 12:08:24,540 step=1650 train=4.17304 val=None lr=0.000299972
2026-10-01 12:08:25,720 step=1660 train=3.93926 val=None lr=0.00029997
2026-10-01 12:08:27,028 step=1670 train=3.99989 val=None lr=0.000299969
2026-10-01 12:08:28,339 step=1680 train=4.09064 val=None lr=0.000299967
2026-10-01 12:08:29,627 step=1690 train=4.06376 val=None lr=0.000299966
2026-10-01 12:08:32,298 step=1700 train=4.08339 val=3.9238553285598754 lr=0.000299964
2026-10-01 12:08:33,557 step=1710 train=3.96818 val=None lr=0.000299962
2026-10-01 12:08:35,080 step=1720 train=3.72950 val=None lr=0.000299961
2026-10-01 12:08:36,759 step=1730 train=3.99426 val=None lr=0.000299959
2026-10-01 12:08:38,089 step=1740 train=3.89309 val=None lr=0.000299957
2026-10-01 12:08:39,615 step=1750 train=4.10619 val=None lr=0.000299956
2026-10-01 12:08:39,162 step=1760 train=4.07605 val=None lr=0.000299954
2026-10-01 12:08:40,515 step=1770 train=3.95308 val=None lr=0.000299952
2026-10-01 12:08:41,856 step=1780 train=4.19815 val=None lr=0.00029995
2026-10-01 12:08:43,344 step=1790 train=4.03023 val=None lr=0.000299948
2026-10-01 12:08:45,589 step=1800 train=4.06347 val=3.89057035446167 lr=0.000299946
2026-10-01 12:08:47,231 step=1810 train=4.06982 val=None lr=0.000299944
2026-10-01 12:08:48,529 step=1820 train=4.16671 val=None lr=0.000299942
2026-10-01 12:08:49,801 step=1830 train=3.65975 val=None lr=0.00029994
2026-10-01 12:08:51,077 step=1840 train=3.86813 val=None lr=0.000299938
2026-10-01 12:08:52,391 step=1850 train=3.75221 val=None lr=0.000299936
2026-10-01 12:08:53,624 step=1860 train=3.91001 val=None lr=0.000299934
2026-10-01 12:08:54,884 step=1870 train=3.64863 val=None lr=0.000299932
2026-10-01 12:08:56,263 step=1880 train=3.91418 val=None lr=0.00029993
2026-10-01 12:08:57,899 step=1890 train=4.22985 val=None lr=0.000299927
2026-10-01 12:09:00,505 step=1900 train=3.68823 val=3.8507888078689576 lr=0.000299925
2026-10-01 12:09:01,707 step=1910 train=3.99568 val=None lr=0.000299923
2026-10-01 12:09:02,888 step=1920 train=3.74245 val=None lr=0.00029992
2026-10-01 12:09:04,174 step=1930 train=3.92423 val=None lr=0.000299918
2026-10-01 12:09:05,423 step=1940 train=3.96394 val=None lr=0.000299915
2026-10-01 12:09:06,754 step=1950 train=3.76750 val=None lr=0.000299913
2026-10-01 12:09:08,004 step=1960 train=3.99565 val=None lr=0.00029991
2026-10-01 12:09:09,244 step=1970 train=3.90859 val=None lr=0.000299908
2026-10-01 12:09:10,560 step=1980 train=3.92062 val=None lr=0.000299905
2026-10-01 12:09:09,972 step=1990 train=3.54236 val=None lr=0.000299903
2026-10-01 12:09:12,603 step=2000 train=3.95609 val=3.7990263938903808 lr=0.0002999
2026-10-01 12:09:14,961 step=2010 train=3.88641 val=None lr=0.000299897
2026-10-01 12:09:16,216 step=2020 train=3.79780 val=None lr=0.000299895
2026-10-01 12:09:17,439 step=2030 train=3.68082 val=None lr=0.000299892
2026-10-01 12:09:18,731 step=2040 train=3.92812 val=None lr=0.000299889
2026-10-01 12:09:20,100 step=2050 train=3.91858 val=None lr=0.000299886
2026-10-01 12:09:21,852 step=2060 train=3.76351 val=None lr=0.000299884
2026-10-01 12:09:23,427 step=2070 train=3.93062 val=None lr=0.000299881
2026-10-01 12:09:24,925 step=2080 train=3.83686 val=None lr=0.000299878
2026-10-01 12:09:26,130 step=2090 train=3.67798 val=None lr=0.000299875
2026-10-01 12:09:28,667 step=2100 train=3.74702 val=3.7481980204582213 lr=0.000299872
2026-10-01 12:09:29,824 step=2110 train=3.85905 val=None lr=0.000299869
2026-10-01 12:09:31,555 step=2120 train=3.65454 val=None lr=0.000299866
2026-10-01 12:09:33,006 step=2130 train=3.72131 val=None lr=0.000299863
2026-10-01 12:09:34,494 step=2140 train=3.55625 val=None lr=0.000299859
2026-10-01 12:09:35,827 step=2150 train=3.36823 val=None lr=0.000299856
2026-10-01 12:09:37,608 step=2160 train=3.88727 val=None lr=0.000299853
2026-10-01 12:09:38,999 step=2170 train=3.61951 val=None lr=0.00029985
2026-10-01 12:09:40,308 step=2180 train=3.74773 val=None lr=0.000299846
2026-10-01 12:09:39,812 step=2190 train=3.79710 val=None lr=0.000299843
2026-10-01 12:09:42,043 step=2200 train=3.55185 val=3.6618284940719605 lr=0.00029984
2026-10-01 12:09:43,592 step=2210 train=3.64957 val=None lr=0.000299836
2026-10-01 12:09:44,975 step=2220 train=3.71637 val=None lr=0.000299833
2026-10-01 12:09:46,266 step=2230 train=3.79184 val=None lr=0.000299829
2026-10-01 12:09:47,517 step=2240 train=3.66501 val=None lr=0.000299826
2026-10-01 12:09:48,854 step=2250 train=3.65241 val=None lr=0.000299822
2026-10-01 12:09:50,142 step=2260 train=3.50938 val=None lr=0.000299819
2026-10-01 12:09:51,336 step=2270 train=3.82151 val=None lr=0.000299815
2026-10-01 12:09:52,550 step=2280 train=3.57654 val=None lr=0.000299812
2026-10-01 12:09:53,844 step=2290 train=3.54392 val=None lr=0.000299808
2026-10-01 12:09:56,231 step=2300 train=3.67332 val=3.5767627716064454 lr=0.000299804
2026-10-01 12:09:57,599 step=2310 train=3.52448 val=None lr=0.000299801
2026-10-01 12:09:58,820 step=2320 train=3.98736 val=None lr=0.000299797
2026-10-01 12:10:00,189 step=2330 train=3.70886 val=None lr=0.000299793
2026-10-01 12:10:01,411 step=2340 train=3.39369 val=None lr=0.000299789
2026-10-01 12:10:02,605 step=2350 train=3.62286 val=None lr=0.000299785
2026-10-01 12:10:03,796 step=2360 train=3.70995 val=None lr=0.000299781
2026-10-01 12:10:04,986 step=2370 train=3.43430 val=None lr=0.000299777
2026-10-01 12:10:06,240 step=2380 train=3.72892 val=None lr=0.000299773
2026-10-01 12:10:07,452 step=2390 train=3.64999 val=None lr=0.000299769
2026-10-01 12:10:09,559 step=2400 train=3.50430 val=3.5137893080711367 lr=0.000299765
2026-10-01 12:10:10,800 step=2410 train=3.70422 val=None lr=0.000299761
2026-10-01 12:10:12,013 step=2420 train=3.40497 val=None lr=0.000299757
2026-10-01 12:10:11,357 step=2430 train=3.51192 val=None lr=0.000299753
2026-10-01 12:10:12,510 step=2440 train=3.62437 val=None lr=0.000299749
2026-10-01 12:10:13,805 step=2450 train=3.75158 val=None lr=0.000299744
2026-10-01 12:10:15,044 step=2460 train=3.32301 val=None lr=0.00029974
2026-10-01 12:10:16,241 step=2470 train=3.35682 val=None lr=0.000299736
2026-10-01 12:10:17,667 step=2480 train=3.64997 val=None lr=0.000299731
2026-10-01 12:10:19,091 step=2490 train=3.51393 val=None lr=0.000299727
2026-10-01 12:10:21,767 step=2500 train=3.51535 val=3.4509032011032104 lr=0.000299723
2026-10-01 12:10:24,299 step=2510 train=3.67640 val=None lr=0.000299718
2026-10-01 12:10:25,607 step=2520 train=3.69679 val=None lr=0.000299714
2026-10-01 12:10:26,810 step=2530 train=3.36352 val=None lr=0.000299709
2026-10-01 12:10:27,950 step=2540 train=3.29320 val=None lr=0.000299705
2026-10-01 12:10:29,093 step=2550 train=3.49750 val=None lr=0.0002997
2026-10-01 12:10:30,394 step=2560 train=3.25574 val=None lr=0.000299695
2026-10-01 12:10:31,728 step=2570 train=3.45453 val=None lr=0.000299691
2026-10-01 12:10:33,109 step=2580 train=3.22726 val=None lr=0.000299686
2026-10-01 12:10:34,608 step=2590 train=3.47884 val=None lr=0.000299681
2026-10-01 12:10:37,115 step=2600 train=3.43345 val=3.402603340148926 lr=0.000299676
2026-10-01 12:10:38,489 step=2610 train=3.62298 val=None lr=0.000299672
2026-10-01 12:10:39,697 step=2620 train=3.46570 val=None lr=0.000299667
2026-10-01 12:10:41,036 step=2630 train=3.59734 val=None lr=0.000299662
2026-10-01 12:10:42,399 step=2640 train=3.29248 val=None lr=0.000299657
2026-10-01 12:10:41,934 step=2650 train=3.34288 val=None lr=0.000299652
2026-10-01 12:10:43,230 step=2660 train=3.60565 val=None lr=0.000299647
2026-10-01 12:10:44,569 step=2670 train=3.26240 val=None lr=0.000299642
2026-10-01 12:10:45,809 step=2680 train=3.52945 val=None lr=0.000299637
2026-10-01 12:10:47,065 step=2690 train=3.68727 val=None lr=0.000299632
2026-10-01 12:10:49,586 step=2700 train=3.57600 val=3.348247063159943 lr=0.000299627
2026-10-01 12:10:51,070 step=2710 train=3.64341 val=None lr=0.000299622
2026-10-01 12:10:52,202 step=2720 train=3.54147 val=None lr=0.000299616
2026-10-01 12:10:53,400 step=2730 train=3.26189 val=None lr=0.000299611
2026-10-01 12:10:54,852 step=2740 train=3.26874 val=None lr=0.000299606
2026-10-01 12:10:56,225 step=2750 train=3.53570 val=None lr=0.000299601
2026-10-01 12:10:57,676 step=2760 train=3.46992 val=None lr=0.000299595
2026-10-01 12:10:58,841 step=2770 train=3.48104 val=None lr=0.00029959
2026-10-01 12:11:00,155 step=2780 train=3.40617 val=None lr=0.000299585
2026-10-01 12:11:01,340 step=2790 train=3.29176 val=None lr=0.000299579
2026-10-01 12:11:03,573 step=2800 train=3.33913 val=3.3079174280166628 lr=0.000299574
2026-10-01 12:11:04,821 step=2810 train=3.31725 val=None lr=0.000299568
2026-10-01 12:11:05,993 step=2820 train=3.30897 val=None lr=0.000299563
2026-10-01 12:11:07,181 step=2830 train=3.34725 val=None lr=0.000299557
2026-10-01 12:11:08,493 step=2840 train=3.42290 val=None lr=0.000299551
2026-10-01 12:11:09,752 step=2850 train=3.24258 val=None lr=0.000299546
2026-10-01 12:11:11,322 step=2860 train=3.39156 val=None lr=0.00029954
2026-10-01 12:11:12,551 step=2870 train=3.29654 val=None lr=0.000299534
2026-10-01 12:11:11,769 step=2880 train=3.16606 val=None lr=0.000299528
2026-10-01 12:11:12,961 step=2890 train=3.67634 val=None lr=0.000299523
2026-10-01 12:11:15,325 step=2900 train=3.47721 val=3.261358845233917 lr=0.000299517
2026-10-01 12:11:16,778 step=2910 train=3.33870 val=None lr=0.000299511
2026-10-01 12:11:17,960 step=2920 train=3.28084 val=None lr=0.000299505
2026-10-01 12:11:19,141 step=2930 train=3.15429 val=None lr=0.000299499
2026-10-01 12:11:20,567 step=2940 train=3.50389 val=None lr=0.000299493
2026-10-01 12:11:21,828 step=2950 train=3.30574 val=None lr=0.000299487
2026-10-01 12:11:23,021 step=2960 train=3.46762 val=None lr=0.000299481
2026-10-01 12:11:24,273 step=2970 train=3.63200 val=None lr=0.000299475
2026-10-01 12:11:25,624 step=2980 train=3.24983 val=None lr=0.000299469
2026-10-01 12:11:26,829 step=2990 train=3.03499 val=None lr=0.000299463
2026-10-01 12:11:29,367 step=3000 train=3.57927 val=3.227425253391266 lr=0.000299457
2026-10-01 12:11:31,851 step=3010 train=3.15505 val=None lr=0.00029945
2026-10-01 12:11:33,608 step=3020 train=3.44994 val=None lr=0.000299444
2026-10-01 12:11:35,099 step=3030 train=3.08582 val=None lr=0.000299438
2026-10-01 12:11:36,376 step=3040 train=3.21298 val=None lr=0.000299431
2026-10-01 12:11:37,762 step=3050 train=3.51121 val=None lr=0.000299425
2026-10-01 12:11:39,351 step=3060 train=3.27816 val=None lr=0.000299419
2026-10-01 12:11:40,679 step=3070 train=3.08459 val=None lr=0.000299412
2026-10-01 12:11:41,888 step=3080 train=3.15981 val=None lr=0.000299406
2026-10-01 12:11:43,199 step=3090 train=3.14113 val=None lr=0.000299399
2026-10-01 12:11:43,666 step=3100 train=3.17908 val=3.1868396401405334 lr=0.000299393
2026-10-01 12:11:44,805 step=3110 train=3.47200 val=None lr=0.000299386
2026-10-01 12:11:46,053 step=3120 train=3.06144 val=None lr=0.00029938
2026-10-01 12:11:47,285 step=3130 train=3.36768 val=None lr=0.000299373
2026-10-01 12:11:48,641 step=3140 train=3.14906 val=None lr=0.000299366
2026-10-01 12:11:49,801 step=3150 train=3.36018 val=None lr=0.000299359
2026-10-01 12:11:50,993 step=3160 train=3.25952 val=None lr=0.000299353
2026-10-01 12:11:52,279 step=3170 train=3.20862 val=None lr=0.000299346
2026-10-01 12:11:53,759 step=3180 train=3.30575 val=None lr=0.000299339
2026-10-01 12:11:55,203 step=3190 train=3.35488 val=None lr=0.000299332
2026-10-01 12:11:57,822 step=3200 train=3.23596 val=3.147259569168091 lr=0.000299325
2026-10-01 12:11:59,221 step=3210 train=3.11926 val=None lr=0.000299318
2026-10-01 12:12:00,809 step=3220 train=3.21060 val=None lr=0.000299311
2026-10-01 12:12:02,066 step=3230 train=3.06833 val=None lr=0.000299304
2026-10-01 12:12:03,350 step=3240 train=3.13991 val=None lr=0.000299297
2026-10-01 12:12:04,564 step=3250 train=3.24055 val=None lr=0.00029929
2026-10-01 12:12:06,046 step=3260 train=2.99311 val=None lr=0.000299283
2026-10-01 12:12:07,284 step=3270 train=3.16546 val=None lr=0.000299276
2026-10-01 12:12:08,560 step=3280 train=3.18259 val=None lr=0.000299269
2026-10-01 12:12:09,800 step=3290 train=3.35987 val=None lr=0.000299262
2026-10-01 12:12:11,990 step=3300 train=3.36356 val=3.1186110734939576 lr=0.000299254
2026-10-01 12:12:13,287 step=3310 train=3.29299 val=None lr=0.000299247
2026-10-01 12:12:14,464 step=3320 train=3.12405 val=None lr=0.00029924
2026-10-01 12:12:13,850 step=3330 train=2.99745 val=None lr=0.000299232
2026-10-01 12:12:15,041 step=3340 train=3.11922 val=None lr=0.000299225
2026-10-01 12:12:16,170 step=3350 train=3.18173 val=None lr=0.000299218
2026-10-01 12:12:17,370 step=3360 train=3.05829 val=None lr=0.00029921
2026-10-01 12:12:18,747 step=3370 train=3.15743 val=None lr=0.000299203
2026-10-01 12:12:20,071 step=3380 train=2.97434 val=None lr=0.000299195
2026-10-01 12:12:21,456 step=3390 train=2.97262 val=None lr=0.000299188
2026-10-01 12:12:24,137 step=3400 train=3.05742 val=3.082921934127808 lr=0.00029918
2026-10-01 12:12:25,430 step=3410 train=3.23700 val=None lr=0.000299172
2026-10-01 12:12:26,722 step=3420 train=3.44212 val=None lr=0.000299165
2026-10-01 12:12:28,099 step=3430 train=3.25927 val=None lr=0.000299157
2026-10-01 12:12:29,561 step=3440 train=3.04110 val=None lr=0.000299149
2026-10-01 12:12:30,710 step=3450 train=3.13148 val=None lr=0.000299141
2026-10-01 12:12:31,924 step=3460 train=3.06148 val=None lr=0.000299134
2026-10-01 12:12:33,033 step=3470 train=2.98242 val=None lr=0.000299126
2026-10-01 12:12:34,373 step=3480 train=2.99290 val=None lr=0.000299118
2026-10-01 12:12:35,660 step=3490 train=3.05183 val=None lr=0.00029911
2026-10-01 12:12:38,095 step=3500 train=3.24430 val=3.04466792345047 lr=0.000299102
2026-10-01 12:12:40,401 step=3510 train=3.25043 val=None lr=0.000299094
2026-10-01 12:12:41,659 step=3520 train=2.92918 val=None lr=0.000299086
2026-10-01 12:12:43,014 step=3530 train=3.02130 val=None lr=0.000299078
2026-10-01 12:12:44,415 step=3540 train=2.94167 val=None lr=0.00029907
2026-10-01 12:12:43,830 step=3550 train=3.22735 val=None lr=0.000299062
2026-10-01 12:12:45,119 step=3560 train=3.26149 val=None lr=0.000299054
2026-10-01 12:12:46,735 step=3570 train=3.07282 val=None lr=0.000299045
2026-10-01 12:12:48,279 step=3580 train=3.29195 val=None lr=0.000299037
2026-10-01 12:12:49,538 step=3590 train=2.96020 val=None lr=0.000299029
2026-10-01 12:12:51,999 step=3600 train=3.14419 val=3.0230295777320864 lr=0.000299021
2026-10-01 12:12:53,453 step=3610 train=2.86154 val=None lr=0.000299012
2026-10-01 12:12:54,815 step=3620 train=3.10560 val=None lr=0.000299004
2026-10-01 12:12:56,305 step=3630 train=3.07174 val=None lr=0.000298995
2026-10-01 12:12:57,841 step=3640 train=3.17912 val=None lr=0.000298987
2026-10-01 12:12:59,242 step=3650 train=2.89261 val=None lr=0.000298978
2026-10-01 12:13:00,631 step=3660 train=2.95931 val=None lr=0.00029897
2026-10-01 12:13:01,905 step=3670 train=2.94429 val=None lr=0.000298961
2026-10-01 12:13:03,243 step=3680 train=3.09659 val=None lr=0.000298953
2026-10-01 12:13:04,603 step=3690 train=2.90118 val=None lr=0.000298944
2026-10-01 12:13:07,130 step=3700 train=3.06238 val=2.9973445653915407 lr=0.000298935
2026-10-01 12:13:08,731 step=3710 train=2.97636 val=None lr=0.000298927
2026-10-01 12:13:10,202 step=3720 train=3.13935 val=None lr=0.000298918
2026-10-01 12:13:11,430 step=3730 train=2.97138 val=None lr=0.000298909
2026-10-01 12:13:12,621 step=3740 train=3.37204 val=None lr=0.0002989
2026-10-01 12:13:13,790 step=3750 train=3.11586 val=None lr=0.000298892
2026-10-01 12:13:14,909 step=3760 train=2.84757 val=None lr=0.000298883
2026-10-01 12:13:16,036 step=3770 train=3.14358 val=None lr=0.000298874
2026-10-01 12:13:15,456 step=3780 train=2.82884 val=None lr=0.000298865
2026-10-01 12:13:16,721 step=3790 train=2.95550 val=None lr=0.000298856
2026-10-01 12:13:18,840 step=3800 train=3.21623 val=2.974714481830597 lr=0.000298847
2026-10-01 12:13:20,040 step=3810 train=3.00075 val=None lr=0.000298838
2026-10-01 12:13:21,481 step=3820 train=3.12964 val=None lr=0.000298829
2026-10-01 12:13:22,792 step=3830 train=3.07488 val=None lr=0.00029882
2026-10-01 12:13:24,411 step=3840 train=2.90562 val=None lr=0.000298811
2026-10-01 12:13:25,876 step=3850 train=2.87641 val=None lr=0.000298801
2026-10-01 12:13:27,226 step=3860 train=3.18633 val=None lr=0.000298792
2026-10-01 12:13:28,460 step=3870 train=2.93278 val=None lr=0.000298783
2026-10-01 12:13:29,682 step=3880 train=3.10367 val=None lr=0.000298774
2026-10-01 12:13:31,073 step=3890 train=3.40063 val=None lr=0.000298764
2026-10-01 12:13:33,445 step=3900 train=3.30551 val=2.954541730880737 lr=0.000298755
2026-10-01 12:13:34,728 step=3910 train=2.86048 val=None lr=0.000298745
2026-10-01 12:13:35,998 step=3920 train=3.12348 val=None lr=0.000298736
2026-10-01 12:13:37,333 step=3930 train=2.91544 val=None lr=0.000298727
2026-10-01 12:13:38,948 step=3940 train=2.95024 val=None lr=0.000298717
2026-10-01 12:13:40,247 step=3950 train=2.88515 val=None lr=0.000298708
2026-10-01 12:13:41,576 step=3960 train=2.94231 val=None lr=0.000298698
2026-10-01 12:13:42,966 step=3970 train=2.84152 val=None lr=0.000298688
2026-10-01 12:13:44,293 step=3980 train=3.29090 val=None lr=0.000298679
2026-10-01 12:13:45,641 step=3990 train=2.74350 val=None lr=0.000298669
2026-10-01 12:13:46,126 step=4000 train=2.87607 val=2.9237696051597597 lr=0.000298659
2026-10-01 12:13:48,614 step=4010 train=2.98357 val=None lr=0.00029865
2026-10-01 12:13:50,175 step=4020 train=3.03427 val=None lr=0.00029864
2026-10-01 12:13:51,701 step=4030 train=3.15530 val=None lr=0.00029863
2026-10-01 12:13:53,347 step=4040 train=3.20966 val=None lr=0.00029862
2026-10-01 12:13:54,626 step=4050 train=2.80330 val=None lr=0.00029861
2026-10-01 12:13:56,119 step=4060 train=3.22094 val=None lr=0.0002986
2026-10-01 12:13:57,439 step=4070 train=2.99535 val=None lr=0.00029859
2026-10-01 12:13:58,633 step=4080 train=3.01321 val=None lr=0.00029858
2026-10-01 12:13:59,921 step=4090 train=2.91917 val=None lr=0.00029857
2026-10-01 12:14:02,133 step=4100 train=3.08728 val=2.9017585158348083 lr=0.00029856
2026-10-01 12:14:03,542 step=4110 train=3.15269 val=None lr=0.00029855
2026-10-01 12:14:04,866 step=4120 train=2.84217 val=None lr=0.00029854
2026-10-01 12:14:06,243 step=4130 train=2.94722 val=None lr=0.00029853
2026-10-01 12:14:07,553 step=4140 train=2.93224 val=None lr=0.00029852
2026-10-01 12:14:08,766 step=4150 train=2.93608 val=None lr=0.000298509
2026-10-01 12:14:10,051 step=4160 train=2.77088 val=None lr=0.000298499
2026-10-01 12:14:11,544 step=4170 train=3.02079 val=None lr=0.000298489
2026-10-01 12:14:12,646 step=4180 train=3.01887 val=None lr=0.000298478
2026-10-01 12:14:13,874 step=4190 train=2.71228 val=None lr=0.000298468
2026-10-01 12:14:16,202 step=4200 train=3.02818 val=2.8820939660072327 lr=0.000298458
2026-10-01 12:14:15,538 step=4210 train=3.16337 val=None lr=0.000298447
2026-10-01 12:14:16,756 step=4220 train=2.89935 val=None lr=0.000298437
2026-10-01 12:14:17,906 step=4230 train=3.00636 val=None lr=0.000298426
2026-10-01 12:14:19,228 step=4240 train=2.91719 val=None lr=0.000298416
2026-10-01 12:14:20,462 step=4250 train=3.27916 val=None lr=0.000298405
2026-10-01 12:14:21,728 step=4260 train=2.97129 val=None lr=0.000298394
2026-10-01 12:14:22,904 step=4270 train=2.99241 val=None lr=0.000298384
2026-10-01 12:14:24,044 step=4280 train=2.97019 val=None lr=0.000298373
2026-10-01 12:14:25,153 step=4290 train=2.95950 val=None lr=0.000298362
2026-10-01 12:14:27,489 step=4300 train=2.91480 val=2.859428346157074 lr=0.000298351
2026-10-01 12:14:28,663 step=4310 train=2.93260 val=None lr=0.000298341
2026-10-01 12:14:29,832 step=4320 train=3.43568 val=None lr=0.00029833
2026-10-01 12:14:31,124 step=4330 train=2.99573 val=None lr=0.000298319
2026-10-01 12:14:32,568 step=4340 train=2.84333 val=None lr=0.000298308
2026-10-01 12:14:33,842 step=4350 train=2.92967 val=None lr=0.000298297
2026-10-01 12:14:35,235 step=4360 train=2.67476 val=None lr=0.000298286
2026-10-01 12:14:36,777 step=4370 train=2.94868 val=None lr=0.000298275
2026-10-01 12:14:37,991 step=4380 train=2.66664 val=None lr=0.000298264
2026-10-01 12:14:39,182 step=4390 train=3.12138 val=None lr=0.000298253
2026-10-01 12:14:41,354 step=4400 train=2.82187 val=2.841446280479431 lr=0.000298242
2026-10-01 12:14:42,787 step=4410 train=2.69457 val=None lr=0.000298231
2026-10-01 12:14:44,189 step=4420 train=2.63708 val=None lr=0.000298219
2026-10-01 12:14:46,026 step=4430 train=3.10732 val=None lr=0.000298208
2026-10-01 12:14:47,273 step=4440 train=2.99858 val=None lr=0.000298197
2026-10-01 12:14:46,858 step=4450 train=3.02340 val=None lr=0.000298186
2026-10-01 12:14:48,389 step=4460 train=2.72877 val=None lr=0.000298174
2026-10-01 12:14:49,987 step=4470 train=2.99280 val=None lr=0.000298163
2026-10-01 12:14:51,242 step=4480 train=2.93365 val=None lr=0.000298152
2026-10-01 12:14:52,644 step=4490 train=3.01017 val=None lr=0.00029814
2026-10-01 12:14:54,848 step=4500 train=2.70508 val=2.81987384557724 lr=0.000298129
2026-10-01 12:14:57,421 step=4510 train=2.88530 val=None lr=0.000298117
2026-10-01 12:14:58,633 step=4520 train=2.81988 val=None lr=0.000298106
2026-10-01 12:14:59,776 step=4530 train=2.90281 val=None lr=0.000298094
2026-10-01 12:15:00,944 step=4540 train=2.84956 val=None lr=0.000298082
2026-10-01 12:15:02,121 step=4550 train=2.59429 val=None lr=0.000298071
2026-10-01 12:15:03,390 step=4560 train=2.95319 val=None lr=0.000298059
2026-10-01 12:15:04,540 step=4570 train=2.89040 val=None lr=0.000298047
2026-10-01 12:15:05,735 step=4580 train=2.73217 val=None lr=0.000298036
2026-10-01 12:15:06,962 step=4590 train=2.89020 val=None lr=0.000298024
2026-10-01 12:15:09,363 step=4600 train=2.85210 val=2.8073800206184387 lr=0.000298012
2026-10-01 12:15:10,617 step=4610 train=3.14972 val=None lr=0.000298
2026-10-01 12:15:12,297 step=4620 train=2.90190 val=None lr=0.000297988
2026-10-01 12:15:13,548 step=4630 train=3.16834 val=None lr=0.000297976
2026-10-01 12:15:14,850 step=4640 train=3.03605 val=None lr=0.000297964
2026-10-01 12:15:16,045 step=4650 train=2.84894 val=None lr=0.000297952
2026-10-01 12:15:17,426 step=4660 train=2.76467 val=None lr=0.00029794
2026-10-01 12:15:16,883 step=4670 train=2.85160 val=None lr=0.000297928
2026-10-01 12:15:18,028 step=4680 train=2.93902 val=None lr=0.000297916
2026-10-01 12:15:19,296 step=4690 train=2.68469 val=None lr=0.000297904
2026-10-01 12:15:21,475 step=4700 train=3.00443 val=2.7946542739868163 lr=0.000297892
2026-10-01 12:15:22,687 step=4710 train=2.83289 val=None lr=0.00029788
2026-10-01 12:15:23,861 step=4720 train=2.82291 val=None lr=0.000297867
2026-10-01 12:15:25,192 step=4730 train=2.72986 val=None lr=0.000297855
2026-10-01 12:15:26,362 step=4740 train=3.07853 val=None lr=0.000297843
2026-10-01 12:15:28,042 step=4750 train=2.97504 val=None lr=0.00029783
2026-10-01 12:15:29,480 step=4760 train=2.72160 val=None lr=0.000297818
2026-10-01 12:15:30,937 step=4770 train=2.70784 val=None lr=0.000297806
2026-10-01 12:15:32,088 step=4780 train=3.11688 val=None lr=0.000297793
2026-10-01 12:15:33,486 step=4790 train=2.83303 val=None lr=0.000297781
2026-10-01 12:15:35,781 step=4800 train=3.17304 val=2.780484640598297 lr=0.000297768
2026-10-01 12:15:37,035 step=4810 train=2.78163 val=None lr=0.000297756
2026-10-01 12:15:38,258 step=4820 train=2.92377 val=None lr=0.000297743
2026-10-01 12:15:39,517 step=4830 train=2.81265 val=None lr=0.00029773
2026-10-01 12:15:40,953 step=4840 train=2.73342 val=None lr=0.000297718
2026-10-01 12:15:42,269 step=4850 train=2.95728 val=None lr=0.000297705
2026-10-01 12:15:43,729 step=4860 train=2.61104 val=None lr=0.000297692
2026-10-01 12:15:45,306 step=4870 train=2.68402 val=None lr=0.00029768
2026-10-01 12:15:46,933 step=4880 train=2.75949 val=None lr=0.000297667
2026-10-01 12:15:48,448 step=4890 train=2.69255 val=None lr=0.000297654
2026-10-01 12:15:48,804 step=4900 train=2.69939 val=2.7559261083602906 lr=0.000297641
2026-10-01 12:15:50,170 step=4910 train=2.84640 val=None lr=0.000297628
2026-10-01 12:15:51,538 step=4920 train=2.80944 val=None lr=0.000297615
2026-10-01 12:15:53,147 step=4930 train=2.98145 val=None lr=0.000297602
2026-10-01 12:15:54,493 step=4940 train=2.96353 val=None lr=0.000297589
2026-10-01 12:15:55,808 step=4950 train=2.68142 val=None lr=0.000297576
2026-10-01 12:15:56,934 step=4960 train=2.41684 val=None lr=0.000297563
2026-10-01 12:15:58,054 step=4970 train=2.78802 val=None lr=0.00029755
2026-10-01 12:15:59,219 step=4980 train=2.58152 val=None lr=0.000297537
2026-10-01 12:16:00,761 step=4990 train=2.99069 val=None lr=0.000297524
2026-10-01 12:16:03,381 step=5000 train=3.05106 val=2.740997791290283 lr=0.00029751
2026-10-01 12:16:05,803 step=5010 train=2.76961 val=None lr=0.000297497
2026-10-01 12:16:07,070 step=5020 train=2.91030 val=None lr=0.000297484
2026-10-01 12:16:08,390 step=5030 train=2.88697 val=None lr=0.000297471
2026-10-01 12:16:09,990 step=5040 train=2.76401 val=None lr=0.000297457
2026-10-01 12:16:11,449 step=5050 train=2.83118 val=None lr=0.000297444
2026-10-01 12:16:13,072 step=5060 train=3.06893 val=None lr=0.00029743
2026-10-01 12:16:14,581 step=5070 train=2.81134 val=None lr=0.000297417
2026-10-01 12:16:15,923 step=5080 train=3.19858 val=None lr=0.000297403
2026-10-01 12:16:17,128 step=5090 train=2.72748 val=None lr=0.00029739
2026-10-01 12:16:19,494 step=5100 train=2.95449 val=2.727119779586792 lr=0.000297376
2026-10-01 12:16:18,991 step=5110 train=2.91142 val=None lr=0.000297363
2026-10-01 12:16:20,436 step=5120 train=2.88821 val=None lr=0.000297349
2026-10-01 12:16:21,678 step=5130 train=2.57662 val=None lr=0.000297335
2026-10-01 12:16:23,019 step=5140 train=2.74705 val=None lr=0.000297322
2026-10-01 12:16:24,414 step=5150 train=2.89704 val=None lr=0.000297308
2026-10-01 12:16:25,966 step=5160 train=2.92424 val=None lr=0.000297294
2026-10-01 12:16:27,207 step=5170 train=2.61130 val=None lr=0.00029728
2026-10-01 12:16:28,357 step=5180 train=2.87649 val=None lr=0.000297267
2026-10-01 12:16:29,559 step=5190 train=2.55967 val=None lr=0.000297253
2026-10-01 12:16:31,699 step=5200 train=3.07107 val=2.7062872409820558 lr=0.000297239
2026-10-01 12:16:32,908 step=5210 train=2.55317 val=None lr=0.000297225
2026-10-01 12:16:34,141 step=5220 train=2.97009 val=None lr=0.000297211
2026-10-01 12:16:35,544 step=5230 train=2.75902 val=None lr=0.000297197
2026-10-01 12:16:36,929 step=5240 train=2.80174 val=None lr=0.000297183
2026-10-01 12:16:38,268 step=5250 train=2.66898 val=None lr=0.000297169
2026-10-01 12:16:39,647 step=5260 train=2.68474 val=None lr=0.000297155
2026-10-01 12:16:41,375 step=5270 train=2.85596 val=None lr=0.00029714
2026-10-01 12:16:42,588 step=5280 train=3.08048 val=None lr=0.000297126
2026-10-01 12:16:43,763 step=5290 train=2.78430 val=None lr=0.000297112
2026-10-01 12:16:46,031 step=5300 train=2.95027 val=2.6943912744522094 lr=0.000297098
2026-10-01 12:16:47,644 step=5310 train=2.63905 val=None lr=0.000297083
2026-10-01 12:16:48,803 step=5320 train=2.85125 val=None lr=0.000297069
2026-10-01 12:16:48,568 step=5330 train=2.79748 val=None lr=0.000297055
2026-10-01 12:16:50,056 step=5340 train=2.67525 val=None lr=0.00029704
2026-10-01 12:16:51,396 step=5350 train=2.59105 val=None lr=0.000297026
2026-10-01 12:16:52,647 step=5360 train=2.97543 val=None lr=0.000297011
2026-10-01 12:16:53,857 step=5370 train=2.78158 val=None lr=0.000296997
2026-10-01 12:16:55,148 step=5380 train=2.62668 val=None lr=0.000296982
2026-10-01 12:16:56,346 step=5390 train=2.77759 val=None lr=0.000296968
2026-10-01 12:16:58,467 step=5400 train=2.77397 val=2.6884631156921386 lr=0.000296953
2026-10-01 12:16:59,850 step=5410 train=2.83142 val=None lr=0.000296939
2026-10-01 12:17:01,100 step=5420 train=2.56498 val=None lr=0.000296924
2026-10-01 12:17:02,541 step=5430 train=2.85803 val=None lr=0.000296909
2026-10-01 12:17:04,058 step=5440 train=2.76569 val=None lr=0.000296894
2026-10-01 12:17:05,446 step=5450 train=2.71832 val=None lr=0.00029688
2026-10-01 12:17:06,757 step=5460 train=2.95699 val=None lr=0.000296865
2026-10-01 12:17:08,063 step=5470 train=2.66622 val=None lr=0.00029685
2026-10-01 12:17:09,828 step=5480 train=2.71271 val=None lr=0.000296835
2026-10-01 12:17:11,503 step=5490 train=2.70046 val=None lr=0.00029682
2026-10-01 12:17:13,819 step=5500 train=2.80472 val=2.671090006828308 lr=0.000296805
2026-10-01 12:17:16,230 step=5510 train=2.47876 val=None lr=0.00029679
2026-10-01 12:17:17,475 step=5520 train=2.73106 val=None lr=0.000296775
2026-10-01 12:17:18,698 step=5530 train=2.61940 val=None lr=0.00029676
2026-10-01 12:17:19,879 step=5540 train=2.48000 val=None lr=0.000296745
2026-10-01 12:17:19,173 step=5550 train=3.02943 val=None lr=0.00029673
2026-10-01 12:17:20,768 step=5560 train=2.79656 val=None lr=0.000296715
2026-10-01 12:17:22,111 step=5570 train=2.77903 val=None lr=0.000296699
2026-10-01 12:17:23,530 step=5580 train=2.77906 val=None lr=0.000296684
2026-10-01 12:17:25,017 step=5590 train=2.69923 val=None lr=0.000296669
2026-10-01 12:17:27,210 step=5600 train=2.98602 val=2.6623459219932557 lr=0.000296654
2026-10-01 12:17:28,569 step=5610 train=2.68695 val=None lr=0.000296638
2026-10-01 12:17:30,018 step=5620 train=2.53446 val=None lr=0.000296623
2026-10-01 12:17:31,143 step=5630 train=2.52716 val=None lr=0.000296608
2026-10-01 12:17:32,333 step=5640 train=2.69589 val=None lr=0.000296592
2026-10-01 12:17:33,705 step=5650 train=2.93913 val=None lr=0.000296577
2026-10-01 12:17:35,120 step=5660 train=2.79746 val=None lr=0.000296561
2026-10-01 12:17:36,785 step=5670 train=2.67434 val=None lr=0.000296546
2026-10-01 12:17:38,460 step=5680 train=2.86843 val=None lr=0.00029653
2026-10-01 12:17:39,848 step=5690 train=2.64372 val=None lr=0.000296514
2026-10-01 12:17:42,435 step=5700 train=2.86334 val=2.6377241134643556 lr=0.000296499
2026-10-01 12:17:44,082 step=5710 train=2.79484 val=None lr=0.000296483
2026-10-01 12:17:45,488 step=5720 train=2.82729 val=None lr=0.000296467
2026-10-01 12:17:46,648 step=5730 train=2.80489 val=None lr=0.000296452
2026-10-01 12:17:47,809 step=5740 train=2.65817 val=None lr=0.000296436
2026-10-01 12:17:48,980 step=5750 train=2.49875 val=None lr=0.00029642
2026-10-01 12:17:50,224 step=5760 train=2.75150 val=None lr=0.000296404
2026-10-01 12:17:49,940 step=5770 train=2.71443 val=None lr=0.000296388
2026-10-01 12:17:51,061 step=5780 train=2.82192 val=None lr=0.000296372
2026-10-01 12:17:52,247 step=5790 train=2.98900 val=None lr=0.000296356
2026-10-01 12:17:54,182 step=5800 train=2.89708 val=2.639844000339508 lr=0.00029634
2026-10-01 12:17:55,271 step=5810 train=2.64270 val=None lr=0.000296324
2026-10-01 12:17:56,665 step=5820 train=2.75628 val=None lr=0.000296308
2026-10-01 12:17:58,136 step=5830 train=2.88444 val=None lr=0.000296292
2026-10-01 12:17:59,571 step=5840 train=2.68161 val=None lr=0.000296276
2026-10-01 12:18:00,957 step=5850 train=2.52908 val=None lr=0.00029626
2026-10-01 12:18:02,321 step=5860 train=2.71270 val=None lr=0.000296244
2026-10-01 12:18:03,870 step=5870 train=2.47338 val=None lr=0.000296227
2026-10-01 12:18:05,110 step=5880 train=2.43744 val=None lr=0.000296211
2026-10-01 12:18:06,309 step=5890 train=2.65709 val=None lr=0.000296195
2026-10-01 12:18:08,576 step=5900 train=2.47478 val=2.6168436408042908 lr=0.000296178
2026-10-01 12:18:09,778 step=5910 train=2.74274 val=None lr=0.000296162
2026-10-01 12:18:10,931 step=5920 train=3.02379 val=None lr=0.000296146
2026-10-01 12:18:12,112 step=5930 train=2.60142 val=None lr=0.000296129
2026-10-01 12:18:13,226 step=5940 train=2.43808 val=None lr=0.000296113
2026-10-01 12:18:14,376 step=5950 train=2.67918 val=None lr=0.000296096
2026-10-01 12:18:15,598 step=5960 train=2.65156 val=None lr=0.00029608
2026-10-01 12:18:17,003 step=5970 train=2.64615 val=None lr=0.000296063
2026-10-01 12:18:18,119 step=5980 train=2.64048 val=None lr=0.000296046
2026-10-01 12:18:19,357 step=5990 train=2.83669 val=None lr=0.00029603
2026-10-01 12:18:20,391 step=6000 train=2.50531 val=2.6031091094017027 lr=0.000296013
2026-10-01 12:18:22,760 step=6010 train=2.63817 val=None lr=0.000295996
2026-10-01 12:18:24,133 step=6020 train=2.59039 val=None lr=0.00029598
2026-10-01 12:18:25,541 step=6030 train=2.79256 val=None lr=0.000295963
2026-10-01 12:18:26,955 step=6040 train=2.94094 val=None lr=0.000295946
2026-10-01 12:18:28,172 step=6050 train=2.73568 val=None lr=0.000295929
2026-10-01 12:18:29,717 step=6060 train=2.58143 val=None lr=0.000295912
2026-10-01 12:18:30,964 step=6070 train=2.67396 val=None lr=0.000295895
2026-10-01 12:18:32,140 step=6080 train=2.75368 val=None lr=0.000295878
2026-10-01 12:18:33,406 step=6090 train=2.76511 val=None lr=0.000295861
2026-10-01 12:18:35,788 step=6100 train=2.84756 val=2.6010187745094298 lr=0.000295844
2026-10-01 12:18:37,032 step=6110 train=2.83853 val=None lr=0.000295827
2026-10-01 12:18:38,286 step=6120 train=2.58245 val=None lr=0.00029581
2026-10-01 12:18:39,488 step=6130 train=2.42679 val=None lr=0.000295793
2026-10-01 12:18:40,648 step=6140 train=2.64801 val=None lr=0.000295776
2026-10-01 12:18:41,839 step=6150 train=2.59389 val=None lr=0.000295759
2026-10-01 12:18:42,991 step=6160 train=2.77104 val=None lr=0.000295741
2026-10-01 12:18:44,144 step=6170 train=2.68023 val=None lr=0.000295724
2026-10-01 12:18:45,382 step=6180 train=2.55299 val=None lr=0.000295707
2026-10-01 12:18:46,557 step=6190 train=2.79795 val=None lr=0.00029569
2026-10-01 12:18:49,083 step=6200 train=2.82997 val=2.586783003807068 lr=0.000295672
2026-10-01 12:18:50,413 step=6210 train=2.75582 val=None lr=0.000295655
2026-10-01 12:18:51,952 step=6220 train=2.54523 val=None lr=0.000295637
2026-10-01 12:18:51,776 step=6230 train=2.81607 val=None lr=0.00029562
2026-10-01 12:18:53,329 step=6240 train=2.41958 val=None lr=0.000295602
2026-10-01 12:18:54,944 step=6250 train=2.51291 val=None lr=0.000295585
2026-10-01 12:18:56,629 step=6260 train=2.32122 val=None lr=0.000295567
2026-10-01 12:18:58,288 step=6270 train=2.73230 val=None lr=0.00029555
2026-10-01 12:18:59,653 step=6280 train=2.73594 val=None lr=0.000295532
2026-10-01 12:19:00,782 step=6290 train=2.62795 val=None lr=0.000295514
2026-10-01 12:19:02,896 step=6300 train=2.92927 val=2.5786030888557434 lr=0.000295497
2026-10-01 12:19:04,020 step=6310 train=2.48834 val=None lr=0.000295479
2026-10-01 12:19:05,263 step=6320 train=3.09058 val=None lr=0.000295461
2026-10-01 12:19:06,389 step=6330 train=2.69254 val=None lr=0.000295443
2026-10-01 12:19:07,671 step=6340 train=2.61987 val=None lr=0.000295425
2026-10-01 12:19:08,769 step=6350 train=2.48493 val=None lr=0.000295407
2026-10-01 12:19:09,912 step=6360 train=2.48455 val=None lr=0.00029539
2026-10-01 12:19:11,291 step=6370 train=2.81208 val=None lr=0.000295372
2026-10-01 12:19:12,581 step=6380 train=2.44264 val=None lr=0.000295354
2026-10-01 12:19:14,018 step=6390 train=2.54875 val=None lr=0.000295336
2026-10-01 12:19:16,182 step=6400 train=2.75162 val=2.562540364265442 lr=0.000295317
2026-10-01 12:19:17,523 step=6410 train=2.44526 val=None lr=0.000295299
2026-10-01 12:19:18,866 step=6420 train=2.61699 val=None lr=0.000295281
2026-10-01 12:19:20,677 step=6430 train=2.62120 val=None lr=0.000295263
2026-10-01 12:19:22,238 step=6440 train=2.84303 val=None lr=0.000295245
2026-10-01 12:19:21,761 step=6450 train=2.96562 val=None lr=0.000295227
2026-10-01 12:19:23,118 step=6460 train=2.50267 val=None lr=0.000295208
2026-10-01 12:19:24,827 step=6470 train=2.65269 val=None lr=0.00029519
2026-10-01 12:19:26,313 step=6480 train=2.69812 val=None lr=0.000295172
2026-10-01 12:19:27,639 step=6490 train=2.45884 val=None lr=0.000295153
2026-10-01 12:19:29,921 step=6500 train=2.66924 val=2.554070162773132 lr=0.000295135
2026-10-01 12:19:32,714 step=6510 train=2.64191 val=None lr=0.000295117
2026-10-01 12:19:34,260 step=6520 train=2.27488 val=None lr=0.000295098
2026-10-01 12:19:35,600 step=6530 train=2.39979 val=None lr=0.00029508
2026-10-01 12:19:36,854 step=6540 train=2.69298 val=None lr=0.000295061
2026-10-01 12:19:38,140 step=6550 train=2.58859 val=None lr=0.000295042
2026-10-01 12:19:39,285 step=6560 train=2.59017 val=None lr=0.000295024
2026-10-01 12:19:40,398 step=6570 train=2.76305 val=None lr=0.000295005
2026-10-01 12:19:41,510 step=6580 train=2.50733 val=None lr=0.000294987
2026-10-01 12:19:42,643 step=6590 train=2.53587 val=None lr=0.000294968
2026-10-01 12:19:45,051 step=6600 train=2.78789 val=2.5391345024108887 lr=0.000294949
2026-10-01 12:19:46,363 step=6610 train=2.38251 val=None lr=0.00029493
2026-10-01 12:19:47,798 step=6620 train=2.56675 val=None lr=0.000294911
2026-10-01 12:19:48,955 step=6630 train=2.83044 val=None lr=0.000294893
2026-10-01 12:19:50,166 step=6640 train=2.42693 val=None lr=0.000294874
2026-10-01 12:19:51,423 step=6650 train=2.54785 val=None lr=0.000294855
2026-10-01 12:19:52,621 step=6660 train=2.73002 val=None lr=0.000294836
2026-10-01 12:19:53,809 step=6670 train=2.56732 val=None lr=0.000294817
2026-10-01 12:19:53,359 step=6680 train=2.67842 val=None lr=0.000294798
2026-10-01 12:19:54,931 step=6690 train=2.64956 val=None lr=0.000294779
2026-10-01 12:19:57,382 step=6700 train=2.40091 val=2.5300010323524473 lr=0.00029476
2026-10-01 12:19:58,930 step=6710 train=2.47181 val=None lr=0.000294741
2026-10-01 12:20:00,300 step=6720 train=2.26839 val=None lr=0.000294721
2026-10-01 12:20:02,078 step=6730 train=2.69042 val=None lr=0.000294702
2026-10-01 12:20:03,384 step=6740 train=2.77906 val=None lr=0.000294683
2026-10-01 12:20:04,984 step=6750 train=2.69885 val=None lr=0.000294664
2026-10-01 12:20:06,349 step=6760 train=2.71526 val=None lr=0.000294644
2026-10-01 12:20:07,672 step=6770 train=2.71647 val=None lr=0.000294625
2026-10-01 12:20:09,019 step=6780 train=2.82578 val=None lr=0.000294606
2026-10-01 12:20:10,447 step=6790 train=2.47679 val=None lr=0.000294586
2026-10-01 12:20:12,607 step=6800 train=2.61158 val=2.526762366294861 lr=0.000294567
2026-10-01 12:20:13,911 step=6810 train=2.73977 val=None lr=0.000294548
2026-10-01 12:20:15,394 step=6820 train=2.61041 val=None lr=0.000294528
2026-10-01 12:20:16,594 step=6830 train=2.53912 val=None lr=0.000294508
2026-10-01 12:20:17,782 step=6840 train=2.79120 val=None lr=0.000294489
2026-10-01 12:20:19,057 step=6850 train=2.65094 val=None lr=0.000294469
2026-10-01 12:20:20,492 step=6860 train=2.70752 val=None lr=0.00029445
2026-10-01 12:20:21,705 step=6870 train=2.31294 val=None lr=0.00029443
2026-10-01 12:20:22,955 step=6880 train=2.80717 val=None lr=0.00029441
2026-10-01 12:20:24,155 step=6890 train=2.29443 val=None lr=0.000294391
2026-10-01 12:20:24,688 step=6900 train=2.39670 val=2.5080834865570067 lr=0.000294371
2026-10-01 12:20:25,941 step=6910 train=2.56789 val=None lr=0.000294351
2026-10-01 12:20:27,322 step=6920 train=2.29265 val=None lr=0.000294331
2026-10-01 12:20:28,714 step=6930 train=2.62679 val=None lr=0.000294311
2026-10-01 12:20:30,096 step=6940 train=2.50442 val=None lr=0.000294291
2026-10-01 12:20:31,629 step=6950 train=2.83029 val=None lr=0.000294271
2026-10-01 12:20:33,067 step=6960 train=2.58043 val=None lr=0.000294251
2026-10-01 12:20:34,564 step=6970 train=2.69413 val=None lr=0.000294231
2026-10-01 12:20:36,287 step=6980 train=2.83654 val=None lr=0.000294211
2026-10-01 12:20:37,701 step=6990 train=2.57245 val=None lr=0.000294191
2026-10-01 12:20:39,936 step=7000 train=2.65654 val=2.5015172123908997 lr=0.000294171
2026-10-01 12:20:42,284 step=7010 train=2.40955 val=None lr=0.000294151
2026-10-01 12:20:43,922 step=7020 train=2.55732 val=None lr=0.000294131
2026-10-01 12:20:45,148 step=7030 train=2.41202 val=None lr=0.000294111
2026-10-01 12:20:46,416 step=7040 train=2.38986 val=None lr=0.00029409
2026-10-01 12:20:47,929 step=7050 train=2.55697 val=None lr=0.00029407
2026-10-01 12:20:49,393 step=7060 train=2.69264 val=None lr=0.00029405
2026-10-01 12:20:51,205 step=7070 train=2.47059 val=None lr=0.00029403
2026-10-01 12:20:52,738 step=7080 train=2.46665 val=None lr=0.000294009
2026-10-01 12:20:54,229 step=7090 train=2.59172 val=None lr=0.000293989
2026-10-01 12:20:55,045 step=7100 train=2.61566 val=2.4993441820144655 lr=0.000293968
2026-10-01 12:20:56,250 step=7110 train=2.68124 val=None lr=0.000293948
2026-10-01 12:20:57,597 step=7120 train=2.68412 val=None lr=0.000293927
2026-10-01 12:20:58,718 step=7130 train=2.51687 val=None lr=0.000293907
2026-10-01 12:20:59,891 step=7140 train=2.56891 val=None lr=0.000293886
2026-10-01 12:21:01,125 step=7150 train=2.55956 val=None lr=0.000293866
2026-10-01 12:21:02,305 step=7160 train=2.30808 val=None lr=0.000293845
2026-10-01 12:21:03,744 step=7170 train=2.48041 val=None lr=0.000293824
2026-10-01 12:21:05,151 step=7180 train=2.42648 val=None lr=0.000293803
2026-10-01 12:21:06,699 step=7190 train=2.46674 val=None lr=0.000293783
2026-10-01 12:21:09,083 step=7200 train=2.63164 val=2.4842225193977354 lr=0.000293762
2026-10-01 12:21:10,436 step=7210 train=2.65454 val=None lr=0.000293741
2026-10-01 12:21:11,706 step=7220 train=2.31393 val=None lr=0.00029372
2026-10-01 12:21:13,028 step=7230 train=2.55324 val=None lr=0.000293699
2026-10-01 12:21:14,337 step=7240 train=2.62449 val=None lr=0.000293678
2026-10-01 12:21:15,616 step=7250 train=2.55323 val=None lr=0.000293657
2026-10-01 12:21:16,821 step=7260 train=2.26957 val=None lr=0.000293636
2026-10-01 12:21:18,162 step=7270 train=2.27605 val=None lr=0.000293615
2026-10-01 12:21:19,545 step=7280 train=2.34675 val=None lr=0.000293594
2026-10-01 12:21:20,717 step=7290 train=2.51155 val=None lr=0.000293573
2026-10-01 12:21:23,138 step=7300 train=2.58642 val=2.47610365152359 lr=0.000293552
2026-10-01 12:21:24,350 step=7310 train=2.67995 val=None lr=0.000293531
2026-10-01 12:21:25,532 step=7320 train=2.54537 val=None lr=0.00029351
2026-10-01 12:21:24,770 step=7330 train=2.63922 val=None lr=0.000293489
2026-10-01 12:21:25,944 step=7340 train=2.40655 val=None lr=0.000293467
2026-10-01 12:21:27,287 step=7350 train=2.48492 val=None lr=0.000293446
2026-10-01 12:21:28,889 step=7360 train=2.41223 val=None lr=0.000293425
2026-10-01 12:21:30,574 step=7370 train=2.60931 val=None lr=0.000293403
2026-10-01 12:21:32,185 step=7380 train=2.67441 val=None lr=0.000293382
2026-10-01 12:21:33,576 step=7390 train=2.58562 val=None lr=0.00029336
2026-10-01 12:21:35,990 step=7400 train=2.56340 val=2.470135009288788 lr=0.000293339
2026-10-01 12:21:37,275 step=7410 train=2.78439 val=None lr=0.000293318
2026-10-01 12:21:38,694 step=7420 train=2.46873 val=None lr=0.000293296
2026-10-01 12:21:40,253 step=7430 train=2.53988 val=None lr=0.000293274
2026-10-01 12:21:41,633 step=7440 train=2.49441 val=None lr=0.000293253
2026-10-01 12:21:42,910 step=7450 train=2.42334 val=None lr=0.000293231
2026-10-01 12:21:44,111 step=7460 train=2.58065 val=None lr=0.00029321
2026-10-01 12:21:45,373 step=7470 train=2.35565 val=None lr=0.000293188
2026-10-01 12:21:46,503 step=7480 train=2.45098 val=None lr=0.000293166
2026-10-01 12:21:47,813 step=7490 train=2.64751 val=None lr=0.000293144
2026-10-01 12:21:50,262 step=7500 train=2.23508 val=2.4624408721923827 lr=0.000293123
2026-10-01 12:21:52,660 step=7510 train=2.54509 val=None lr=0.000293101
2026-10-01 12:21:54,153 step=7520 train=2.50561 val=None lr=0.000293079
2026-10-01 12:21:55,405 step=7530 train=2.42188 val=None lr=0.000293057
2026-10-01 12:21:54,673 step=7540 train=2.28817 val=None lr=0.000293035
2026-10-01 12:21:55,881 step=7550 train=2.43832 val=None lr=0.000293013
2026-10-01 12:21:57,348 step=7560 train=2.51178 val=None lr=0.000292991
2026-10-01 12:21:58,729 step=7570 train=2.44241 val=None lr=0.000292969
2026-10-01 12:22:00,162 step=7580 train=2.53486 val=None lr=0.000292947
2026-10-01 12:22:01,482 step=7590 train=2.54513 val=None lr=0.000292925
2026-10-01 12:22:03,942 step=7600 train=2.45539 val=2.457231330871582 lr=0.000292903
2026-10-01 12:22:05,415 step=7610 train=2.54331 val=None lr=0.00029288
2026-10-01 12:22:06,744 step=7620 train=2.48289 val=None lr=0.000292858
2026-10-01 12:22:08,027 step=7630 train=2.79786 val=None lr=0.000292836
2026-10-01 12:22:09,356 step=7640 train=2.46908 val=None lr=0.000292814
2026-10-01 12:22:10,640 step=7650 train=3.00882 val=None lr=0.000292791
2026-10-01 12:22:12,413 step=7660 train=2.34597 val=None lr=0.000292769
2026-10-01 12:22:13,874 step=7670 train=2.33273 val=None lr=0.000292747
2026-10-01 12:22:15,337 step=7680 train=2.35983 val=None lr=0.000292724
2026-10-01 12:22:17,136 step=7690 train=2.64133 val=None lr=0.000292702
2026-10-01 12:22:19,847 step=7700 train=2.71119 val=2.4487483382225035 lr=0.000292679
2026-10-01 12:22:21,285 step=7710 train=2.91783 val=None lr=0.000292657
2026-10-01 12:22:22,683 step=7720 train=2.76500 val=None lr=0.000292634
2026-10-01 12:22:23,965 step=7730 train=2.43577 val=None lr=0.000292612
2026-10-01 12:22:25,319 step=7740 train=2.61419 val=None lr=0.000292589
2026-10-01 12:22:26,673 step=7750 train=2.58612 val=None lr=0.000292567
2026-10-01 12:22:26,005 step=7760 train=2.70627 val=None lr=0.000292544
2026-10-01 12:22:27,592 step=7770 train=2.44151 val=None lr=0.000292521
2026-10-01 12:22:28,915 step=7780 train=2.47556 val=None lr=0.000292498
2026-10-01 12:22:30,085 step=7790 train=2.50240 val=None lr=0.000292476
2026-10-01 12:22:32,637 step=7800 train=2.56895 val=2.4382310032844545 lr=0.000292453
2026-10-01 12:22:34,045 step=7810 train=2.55801 val=None lr=0.00029243
2026-10-01 12:22:35,348 step=7820 train=2.54990 val=None lr=0.000292407
2026-10-01 12:22:36,711 step=7830 train=2.50461 val=None lr=0.000292384
2026-10-01 12:22:38,073 step=7840 train=2.26520 val=None lr=0.000292361
2026-10-01 12:22:39,408 step=7850 train=2.65346 val=None lr=0.000292338
2026-10-01 12:22:40,626 step=7860 train=2.50017 val=None lr=0.000292315
2026-10-01 12:22:42,021 step=7870 train=2.45531 val=None lr=0.000292292
2026-10-01 12:22:43,510 step=7880 train=2.83531 val=None lr=0.000292269
2026-10-01 12:22:44,809 step=7890 train=2.49920 val=None lr=0.000292246
2026-10-01 12:22:47,353 step=7900 train=2.74384 val=2.430894136428833 lr=0.000292223
2026-10-01 12:22:48,739 step=7910 train=2.47387 val=None lr=0.0002922
2026-10-01 12:22:49,998 step=7920 train=2.28943 val=None lr=0.000292176
2026-10-01 12:22:51,186 step=7930 train=2.73541 val=None lr=0.000292153
2026-10-01 12:22:52,600 step=7940 train=2.62888 val=None lr=0.00029213
2026-10-01 12:22:53,975 step=7950 train=2.70168 val=None lr=0.000292107
2026-10-01 12:22:55,292 step=7960 train=2.34884 val=None lr=0.000292083
2026-10-01 12:22:56,480 step=7970 train=2.26431 val=None lr=0.00029206
2026-10-01 12:22:57,624 step=7980 train=2.24052 val=None lr=0.000292036
2026-10-01 12:22:56,862 step=7990 train=2.59378 val=None lr=0.000292013
2026-10-01 12:22:59,062 step=8000 train=2.61491 val=2.421983575820923 lr=0.00029199
2026-10-01 12:23:01,437 step=8010 train=2.73660 val=None lr=0.000291966
2026-10-01 12:23:02,738 step=8020 train=2.34570 val=None lr=0.000291942
2026-10-01 12:23:03,849 step=8030 train=2.25362 val=None lr=0.000291919
2026-10-01 12:23:04,960 step=8040 train=2.66742 val=None lr=0.000291895
2026-10-01 12:23:06,198 step=8050 train=2.52148 val=None lr=0.000291872
2026-10-01 12:23:07,507 step=8060 train=2.59139 val=None lr=0.000291848
2026-10-01 12:23:08,839 step=8070 train=2.54939 val=None lr=0.000291824
2026-10-01 12:23:10,362 step=8080 train=2.46310 val=None lr=0.000291801
2026-10-01 12:23:11,790 step=8090 train=2.25908 val=None lr=0.000291777
2026-10-01 12:23:14,211 step=8100 train=2.45192 val=2.41628121137619 lr=0.000291753
2026-10-01 12:23:15,540 step=8110 train=2.56445 val=None lr=0.000291729
2026-10-01 12:23:16,910 step=8120 train=2.45402 val=None lr=0.000291705
2026-10-01 12:23:18,332 step=8130 train=2.32063 val=None lr=0.000291681
2026-10-01 12:23:19,659 step=8140 train=2.46540 val=None lr=0.000291657
2026-10-01 12:23:20,839 step=8150 train=2.35581 val=None lr=0.000291633
2026-10-01 12:23:22,015 step=8160 train=2.38982 val=None lr=0.000291609
2026-10-01 12:23:23,278 step=8170 train=2.45836 val=None lr=0.000291585
2026-10-01 12:23:24,505 step=8180 train=2.35446 val=None lr=0.000291561
2026-10-01 12:23:25,817 step=8190 train=2.36194 val=None lr=0.000291537
2026-10-01 12:23:28,001 step=8200 train=2.40871 val=2.4085258722305296 lr=0.000291513
2026-10-01 12:23:27,213 step=8210 train=2.48655 val=None lr=0.000291489
2026-10-01 12:23:28,584 step=8220 train=2.44828 val=None lr=0.000291465
2026-10-01 12:23:29,891 step=8230 train=2.50319 val=None lr=0.00029144
2026-10-01 12:23:31,092 step=8240 train=2.53706 val=None lr=0.000291416
2026-10-01 12:23:32,239 step=8250 train=2.39363 val=None lr=0.000291392
2026-10-01 12:23:33,429 step=8260 train=2.46110 val=None lr=0.000291367
2026-10-01 12:23:34,557 step=8270 train=2.42486 val=None lr=0.000291343
2026-10-01 12:23:35,744 step=8280 train=2.53256 val=None lr=0.000291319
2026-10-01 12:23:37,329 step=8290 train=2.60653 val=None lr=0.000291294
2026-10-01 12:23:39,513 step=8300 train=2.17610 val=2.401611626148224 lr=0.00029127
2026-10-01 12:23:40,620 step=8310 train=2.71403 val=None lr=0.000291245
2026-10-01 12:23:41,785 step=8320 train=2.39420 val=None lr=0.000291221
2026-10-01 12:23:42,903 step=8330 train=2.23914 val=None lr=0.000291196
2026-10-01 12:23:44,044 step=8340 train=2.52495 val=None lr=0.000291171
2026-10-01 12:23:45,202 step=8350 train=2.64228 val=None lr=0.000291147
2026-10-01 12:23:46,435 step=8360 train=2.54644 val=None lr=0.000291122
2026-10-01 12:23:47,681 step=8370 train=2.46651 val=None lr=0.000291097
2026-10-01 12:23:48,829 step=8380 train=2.50344 val=None lr=0.000291073
2026-10-01 12:23:50,411 step=8390 train=2.31112 val=None lr=0.000291048
2026-10-01 12:23:53,153 step=8400 train=2.37808 val=2.3957221865653993 lr=0.000291023
2026-10-01 12:23:54,638 step=8410 train=2.60459 val=None lr=0.000290998
2026-10-01 12:23:56,434 step=8420 train=2.42660 val=None lr=0.000290973
2026-10-01 12:23:57,969 step=8430 train=2.46846 val=None lr=0.000290948
2026-10-01 12:23:57,607 step=8440 train=2.24005 val=None lr=0.000290923
2026-10-01 12:23:59,076 step=8450 train=2.22196 val=None lr=0.000290898
2026-10-01 12:24:00,408 step=8460 train=2.28195 val=None lr=0.000290873
2026-10-01 12:24:01,778 step=8470 train=2.53191 val=None lr=0.000290848
2026-10-01 12:24:03,018 step=8480 train=2.77389 val=None lr=0.000290823
2026-10-01 12:24:04,179 step=8490 train=2.15886 val=None lr=0.000290798
2026-10-01 12:24:06,330 step=8500 train=2.44403 val=2.3908119082450865 lr=0.000290773
2026-10-01 12:24:08,740 step=8510 train=2.45343 val=None lr=0.000290748
2026-10-01 12:24:09,879 step=8520 train=2.30064 val=None lr=0.000290723
2026-10-01 12:24:11,119 step=8530 train=2.54416 val=None lr=0.000290697
2026-10-01 12:24:12,640 step=8540 train=2.47250 val=None lr=0.000290672
2026-10-01 12:24:14,230 step=8550 train=2.46571 val=None lr=0.000290647
2026-10-01 12:24:15,931 step=8560 train=2.26744 val=None lr=0.000290622
2026-10-01 12:24:17,537 step=8570 train=2.20760 val=None lr=0.000290596
2026-10-01 12:24:19,070 step=8580 train=2.35752 val=None lr=0.000290571
2026-10-01 12:24:20,306 step=8590 train=2.22090 val=None lr=0.000290545
2026-10-01 12:24:22,553 step=8600 train=2.32906 val=2.3825719714164735 lr=0.00029052
2026-10-01 12:24:23,847 step=8610 train=2.31035 val=None lr=0.000290494
2026-10-01 12:24:24,980 step=8620 train=2.42009 val=None lr=0.000290469
2026-10-01 12:24:26,102 step=8630 train=2.13310 val=None lr=0.000290443
2026-10-01 12:24:27,213 step=8640 train=2.17415 val=None lr=0.000290418
2026-10-01 12:24:28,361 step=8650 train=2.47074 val=None lr=0.000290392
2026-10-01 12:24:27,591 step=8660 train=2.34086 val=None lr=0.000290366
2026-10-01 12:24:29,156 step=8670 train=2.49804 val=None lr=0.000290341
2026-10-01 12:24:30,773 step=8680 train=2.19676 val=None lr=0.000290315
2026-10-01 12:24:32,043 step=8690 train=2.44827 val=None lr=0.000290289
2026-10-01 12:24:34,717 step=8700 train=2.19686 val=2.3695221185684203 lr=0.000290263
2026-10-01 12:24:35,902 step=8710 train=2.47228 val=None lr=0.000290237
2026-10-01 12:24:37,024 step=8720 train=2.20270 val=None lr=0.000290212
2026-10-01 12:24:38,257 step=8730 train=2.52127 val=None lr=0.000290186
2026-10-01 12:24:39,373 step=8740 train=2.50708 val=None lr=0.00029016
2026-10-01 12:24:40,542 step=8750 train=2.60069 val=None lr=0.000290134
2026-10-01 12:24:41,682 step=8760 train=2.36978 val=None lr=0.000290108
2026-10-01 12:24:42,845 step=8770 train=2.41347 val=None lr=0.000290082
2026-10-01 12:24:44,082 step=8780 train=2.35496 val=None lr=0.000290056
2026-10-01 12:24:45,385 step=8790 train=2.42120 val=None lr=0.00029003
2026-10-01 12:24:47,380 step=8800 train=2.20443 val=2.369525396823883 lr=0.000290003
2026-10-01 12:24:48,521 step=8810 train=2.59831 val=None lr=0.000289977
2026-10-01 12:24:49,719 step=8820 train=2.34250 val=None lr=0.000289951
2026-10-01 12:24:50,926 step=8830 train=2.46407 val=None lr=0.000289925
2026-10-01 12:24:52,141 step=8840 train=2.35323 val=None lr=0.000289899
2026-10-01 12:24:53,305 step=8850 train=2.40849 val=None lr=0.000289872
2026-10-01 12:24:54,576 step=8860 train=2.17733 val=None lr=0.000289846
2026-10-01 12:24:55,771 step=8870 train=2.53411 val=None lr=0.00028982
2026-10-01 12:24:57,228 step=8880 train=2.57338 val=None lr=0.000289793
2026-10-01 12:24:58,656 step=8890 train=2.58878 val=None lr=0.000289767
2026-10-01 12:24:59,413 step=8900 train=2.48750 val=2.3593547224998472 lr=0.00028974
2026-10-01 12:25:00,665 step=8910 train=2.53464 val=None lr=0.000289714
2026-10-01 12:25:02,118 step=8920 train=2.23819 val=None lr=0.000289687
2026-10-01 12:25:03,514 step=8930 train=2.19561 val=None lr=0.000289661
2026-10-01 12:25:04,837 step=8940 train=2.66616 val=None lr=0.000289634
2026-10-01 12:25:06,363 step=8950 train=2.44562 val=None lr=0.000289607
2026-10-01 12:25:07,744 step=8960 train=2.56304 val=None lr=0.000289581
2026-10-01 12:25:09,099 step=8970 train=2.66520 val=None lr=0.000289554
2026-10-01 12:25:10,273 step=8980 train=2.31942 val=None lr=0.000289527
2026-10-01 12:25:11,382 step=8990 train=2.49430 val=None lr=0.000289501
2026-10-01 12:25:13,588 step=9000 train=2.47531 val=2.354473090171814 lr=0.000289474
2026-10-01 12:25:16,194 step=9010 train=2.42176 val=None lr=0.000289447
2026-10-01 12:25:17,483 step=9020 train=2.43481 val=None lr=0.00028942
2026-10-01 12:25:18,759 step=9030 train=2.43071 val=None lr=0.000289393
2026-10-01 12:25:20,006 step=9040 train=2.42304 val=None lr=0.000289366
2026-10-01 12:25:21,444 step=9050 train=2.40538 val=None lr=0.000289339
2026-10-01 12:25:22,862 step=9060 train=2.19520 val=None lr=0.000289312
2026-10-01 12:25:24,243 step=9070 train=2.28075 val=None lr=0.000289285
2026-10-01 12:25:25,853 step=9080 train=2.30842 val=None lr=0.000289258
2026-10-01 12:25:27,229 step=9090 train=2.26372 val=None lr=0.000289231
2026-10-01 12:25:29,729 step=9100 train=2.32919 val=2.349349927902222 lr=0.000289204
2026-10-01 12:25:29,069 step=9110 train=2.04038 val=None lr=0.000289177
2026-10-01 12:25:30,484 step=9120 train=2.43030 val=None lr=0.00028915
2026-10-01 12:25:32,176 step=9130 train=2.52850 val=None lr=0.000289123
2026-10-01 12:25:33,734 step=9140 train=2.10419 val=None lr=0.000289095
2026-10-01 12:25:35,080 step=9150 train=2.28459 val=None lr=0.000289068
2026-10-01 12:25:36,272 step=9160 train=2.37159 val=None lr=0.000289041
2026-10-01 12:25:37,524 step=9170 train=2.39825 val=None lr=0.000289013
2026-10-01 12:25:38,786 step=9180 train=2.65521 val=None lr=0.000288986
2026-10-01 12:25:40,318 step=9190 train=2.65110 val=None lr=0.000288959
2026-10-01 12:25:42,659 step=9200 train=2.39483 val=2.3406842947006226 lr=0.000288931
2026-10-01 12:25:44,012 step=9210 train=2.25820 val=None lr=0.000288904
2026-10-01 12:25:45,528 step=9220 train=2.82941 val=None lr=0.000288876
2026-10-01 12:25:46,889 step=9230 train=2.45093 val=None lr=0.000288849
2026-10-01 12:25:48,157 step=9240 train=2.38757 val=None lr=0.000288821
2026-10-01 12:25:49,529 step=9250 train=2.61113 val=None lr=0.000288794
2026-10-01 12:25:50,915 step=9260 train=2.40784 val=None lr=0.000288766
2026-10-01 12:25:52,140 step=9270 train=2.35095 val=None lr=0.000288738
2026-10-01 12:25:53,342 step=9280 train=2.50471 val=None lr=0.000288711
2026-10-01 12:25:54,622 step=9290 train=2.47597 val=None lr=0.000288683
2026-10-01 12:25:57,087 step=9300 train=2.39949 val=2.33585901260376 lr=0.000288655
2026-10-01 12:25:58,531 step=9310 train=2.40358 val=None lr=0.000288627
2026-10-01 12:26:00,403 step=9320 train=2.51828 val=None lr=0.000288599
2026-10-01 12:25:59,773 step=9330 train=2.16388 val=None lr=0.000288572
2026-10-01 12:26:01,351 step=9340 train=2.30869 val=None lr=0.000288544
2026-10-01 12:26:02,892 step=9350 train=2.18681 val=None lr=0.000288516
2026-10-01 12:26:04,142 step=9360 train=2.45568 val=None lr=0.000288488
2026-10-01 12:26:05,482 step=9370 train=2.27968 val=None lr=0.00028846
2026-10-01 12:26:06,917 step=9380 train=2.44970 val=None lr=0.000288432
2026-10-01 12:26:08,365 step=9390 train=2.39519 val=None lr=0.000288404
2026-10-01 12:26:10,762 step=9400 train=2.34819 val=2.32557954788208 lr=0.000288376
2026-10-01 12:26:12,317 step=9410 train=2.34311 val=None lr=0.000288347
2026-10-01 12:26:13,968 step=9420 train=2.55360 val=None lr=0.000288319
2026-10-01 12:26:15,436 step=9430 train=2.18506 val=None lr=0.000288291
2026-10-01 12:26:16,744 step=9440 train=2.59255 val=None lr=0.000288263
2026-10-01 12:26:17,946 step=9450 train=2.27691 val=None lr=0.000288235
2026-10-01 12:26:19,349 step=9460 train=2.18764 val=None lr=0.000288206
2026-10-01 12:26:21,360 step=9470 train=2.41254 val=None lr=0.000288178
2026-10-01 12:26:22,574 step=9480 train=2.37449 val=None lr=0.00028815
2026-10-01 12:26:23,772 step=9490 train=2.33876 val=None lr=0.000288121
2026-10-01 12:26:25,672 step=9500 train=2.37724 val=2.325677251815796 lr=0.000288093
2026-10-01 12:26:28,374 step=9510 train=2.31673 val=None lr=0.000288064
2026-10-01 12:26:29,645 step=9520 train=2.61210 val=None lr=0.000288036
2026-10-01 12:26:30,881 step=9530 train=2.44202 val=None lr=0.000288007
2026-10-01 12:26:30,196 step=9540 train=2.33737 val=None lr=0.000287979
2026-10-01 12:26:31,598 step=9550 train=2.52228 val=None lr=0.00028795
2026-10-01 12:26:32,812 step=9560 train=2.38861 val=None lr=0.000287922
2026-10-01 12:26:34,136 step=9570 train=2.34505 val=None lr=0.000287893
2026-10-01 12:26:35,293 step=9580 train=2.31548 val=None lr=0.000287864
2026-10-01 12:26:36,496 step=9590 train=2.48241 val=None lr=0.000287836
2026-10-01 12:26:38,741 step=9600 train=2.20506 val=2.3112906217575073 lr=0.000287807
2026-10-01 12:26:40,256 step=9610 train=2.61511 val=None lr=0.000287778
2026-10-01 12:26:41,694 step=9620 train=2.33817 val=None lr=0.000287749
2026-10-01 12:26:43,044 step=9630 train=2.35763 val=None lr=0.00028772
2026-10-01 12:26:44,499 step=9640 train=2.27072 val=None lr=0.000287692
2026-10-01 12:26:45,783 step=9650 train=2.14973 val=None lr=0.000287663
2026-10-01 12:26:47,063 step=9660 train=2.29721 val=None lr=0.000287634
2026-10-01 12:26:48,390 step=9670 train=2.22717 val=None lr=0.000287605
2026-10-01 12:26:49,730 step=9680 train=2.87114 val=None lr=0.000287576
2026-10-01 12:26:51,202 step=9690 train=2.32104 val=None lr=0.000287547
2026-10-01 12:26:53,757 step=9700 train=2.42852 val=2.3043694138526916 lr=0.000287518
2026-10-01 12:26:55,264 step=9710 train=2.23179 val=None lr=0.000287489
2026-10-01 12:26:56,517 step=9720 train=2.71316 val=None lr=0.000287459
2026-10-01 12:26:58,162 step=9730 train=2.24278 val=None lr=0.00028743
2026-10-01 12:26:59,666 step=9740 train=2.37117 val=None lr=0.000287401
2026-10-01 12:27:00,995 step=9750 train=2.27499 val=None lr=0.000287372
2026-10-01 12:27:00,690 step=9760 train=2.27169 val=None lr=0.000287343
2026-10-01 12:27:02,358 step=9770 train=2.39870 val=None lr=0.000287313
2026-10-01 12:27:03,567 step=9780 train=2.46654 val=None lr=0.000287284
2026-10-01 12:27:04,682 step=9790 train=2.08855 val=None lr=0.000287255
2026-10-01 12:27:07,144 step=9800 train=2.36745 val=2.2996487379074098 lr=0.000287225
2026-10-01 12:27:08,886 step=9810 train=2.44275 val=None lr=0.000287196
2026-10-01 12:27:10,259 step=9820 train=2.30376 val=None lr=0.000287166
2026-10-01 12:27:11,469 step=9830 train=2.26760 val=None lr=0.000287137
2026-10-01 12:27:12,671 step=9840 train=2.23508 val=None lr=0.000287107
2026-10-01 12:27:13,803 step=9850 train=2.36427 val=None lr=0.000287078
2026-10-01 12:27:15,167 step=9860 train=2.34355 val=None lr=0.000287048
2026-10-01 12:27:16,303 step=9870 train=2.70344 val=None lr=0.000287019
2026-10-01 12:27:17,565 step=9880 train=2.38903 val=None lr=0.000286989
2026-10-01 12:27:18,838 step=9890 train=2.31747 val=None lr=0.000286959
2026-10-01 12:27:21,222 step=9900 train=2.26461 val=2.294476068019867 lr=0.00028693
2026-10-01 12:27:22,765 step=9910 train=2.24314 val=None lr=0.0002869
2026-10-01 12:27:24,388 step=9920 train=2.42824 val=None lr=0.00028687
2026-10-01 12:27:25,601 step=9930 train=2.25794 val=None lr=0.00028684
2026-10-01 12:27:27,045 step=9940 train=2.24576 val=None lr=0.00028681
2026-10-01 12:27:28,430 step=9950 train=2.43268 val=None lr=0.000286781
2026-10-01 12:27:29,896 step=9960 train=2.55101 val=None lr=0.000286751
2026-10-01 12:27:31,462 step=9970 train=2.33268 val=None lr=0.000286721
2026-10-01 12:27:31,123 step=9980 train=2.29414 val=None lr=0.000286691
2026-10-01 12:27:32,521 step=9990 train=2.48121 val=None lr=0.000286661
2026-10-01 12:27:34,688 step=10000 train=2.37101 val=2.285905086994171 lr=0.000286631
2026-10-01 12:27:37,262 step=10010 train=2.38996 val=None lr=0.000286601
2026-10-01 12:27:38,676 step=10020 train=2.52047 val=None lr=0.000286571
2026-10-01 12:27:40,022 step=10030 train=2.21788 val=None lr=0.000286541
2026-10-01 12:27:41,438 step=10040 train=2.20232 val=None lr=0.00028651
2026-10-01 12:27:42,779 step=10050 train=2.38843 val=None lr=0.00028648
2026-10-01 12:27:44,045 step=10060 train=2.59896 val=None lr=0.00028645
2026-10-01 12:27:45,193 step=10070 train=2.57402 val=None lr=0.00028642
2026-10-01 12:27:46,624 step=10080 train=2.33375 val=None lr=0.000286389
2026-10-01 12:27:47,809 step=10090 train=2.05119 val=None lr=0.000286359
2026-10-01 12:27:50,448 step=10100 train=2.48985 val=2.284352993965149 lr=0.000286329
2026-10-01 12:27:52,000 step=10110 train=2.38297 val=None lr=0.000286298
2026-10-01 12:27:53,256 step=10120 train=2.27409 val=None lr=0.000286268
2026-10-01 12:27:54,556 step=10130 train=2.52245 val=None lr=0.000286238
2026-10-01 12:27:55,935 step=10140 train=2.37497 val=None lr=0.000286207
2026-10-01 12:27:57,379 step=10150 train=2.12366 val=None lr=0.000286177
2026-10-01 12:27:58,789 step=10160 train=2.21560 val=None lr=0.000286146
2026-10-01 12:28:00,000 step=10170 train=2.34654 val=None lr=0.000286115
2026-10-01 12:28:01,164 step=10180 train=2.33923 val=None lr=0.000286085
2026-10-01 12:28:02,434 step=10190 train=2.32365 val=None lr=0.000286054
2026-10-01 12:28:02,605 step=10200 train=2.30398 val=2.2812339901924132 lr=0.000286024
2026-10-01 12:28:03,839 step=10210 train=2.31701 val=None lr=0.000285993
2026-10-01 12:28:04,985 step=10220 train=2.39790 val=None lr=0.000285962
2026-10-01 12:28:06,168 step=10230 train=2.32067 val=None lr=0.000285931
2026-10-01 12:28:07,576 step=10240 train=2.28253 val=None lr=0.000285901
2026-10-01 12:28:08,903 step=10250 train=2.27802 val=None lr=0.00028587
2026-10-01 12:28:10,183 step=10260 train=2.19552 val=None lr=0.000285839
2026-10-01 12:28:11,389 step=10270 train=2.36027 val=None lr=0.000285808
2026-10-01 12:28:12,523 step=10280 train=2.21708 val=None lr=0.000285777
2026-10-01 12:28:13,694 step=10290 train=2.41518 val=None lr=0.000285746
2026-10-01 12:28:15,788 step=10300 train=2.50441 val=2.2740777015686033 lr=0.000285715
2026-10-01 12:28:17,212 step=10310 train=2.23771 val=None lr=0.000285684
2026-10-01 12:28:18,816 step=10320 train=2.31743 val=None lr=0.000285653
2026-10-01 12:28:20,460 step=10330 train=2.06190 val=None lr=0.000285622
2026-10-01 12:28:22,171 step=10340 train=2.46942 val=None lr=0.000285591
2026-10-01 12:28:23,738 step=10350 train=2.13200 val=None lr=0.00028556
2026-10-01 12:28:25,223 step=10360 train=1.94594 val=None lr=0.000285529
2026-10-01 12:28:26,595 step=10370 train=2.24683 val=None lr=0.000285497
2026-10-01 12:28:28,039 step=10380 train=2.36093 val=None lr=0.000285466
2026-10-01 12:28:29,236 step=10390 train=2.08232 val=None lr=0.000285435
2026-10-01 12:28:31,609 step=10400 train=2.48537 val=2.2666399002075197 lr=0.000285404
2026-10-01 12:28:32,952 step=10410 train=2.27537 val=None lr=0.000285372
2026-10-01 12:28:32,706 step=10420 train=2.31912 val=None lr=0.000285341
2026-10-01 12:28:34,042 step=10430 train=2.50874 val=None lr=0.000285309
2026-10-01 12:28:35,518 step=10440 train=2.46630 val=None lr=0.000285278
2026-10-01 12:28:37,046 step=10450 train=2.42287 val=None lr=0.000285247
2026-10-01 12:28:38,345 step=10460 train=2.39923 val=None lr=0.000285215
2026-10-01 12:28:39,573 step=10470 train=2.08935 val=None lr=0.000285184
2026-10-01 12:28:40,829 step=10480 train=2.21364 val=None lr=0.000285152
2026-10-01 12:28:42,131 step=10490 train=2.26817 val=None lr=0.00028512
2026-10-01 12:28:44,629 step=10500 train=2.38998 val=2.262366008758545 lr=0.000285089
2026-10-01 12:28:47,063 step=10510 train=2.02575 val=None lr=0.000285057
2026-10-01 12:28:48,235 step=10520 train=2.27350 val=None lr=0.000285025
2026-10-01 12:28:49,700 step=10530 train=2.41809 val=None lr=0.000284994
2026-10-01 12:28:50,937 step=10540 train=2.35667 val=None lr=0.000284962
2026-10-01 12:28:52,294 step=10550 train=2.27209 val=None lr=0.00028493
2026-10-01 12:28:53,635 step=10560 train=2.73090 val=None lr=0.000284898
2026-10-01 12:28:54,792 step=10570 train=2.14100 val=None lr=0.000284867
2026-10-01 12:28:56,003 step=10580 train=2.52617 val=None lr=0.000284835
2026-10-01 12:28:57,316 step=10590 train=2.17441 val=None lr=0.000284803
2026-10-01 12:28:59,722 step=10600 train=2.22860 val=2.258745491504669 lr=0.000284771
2026-10-01 12:29:00,837 step=10610 train=2.22847 val=None lr=0.000284739
2026-10-01 12:29:02,117 step=10620 train=2.43547 val=None lr=0.000284707
2026-10-01 12:29:03,377 step=10630 train=2.09413 val=None lr=0.000284675
2026-10-01 12:29:04,666 step=10640 train=2.21762 val=None lr=0.000284643
2026-10-01 12:29:06,101 step=10650 train=2.36497 val=None lr=0.000284611
2026-10-01 12:29:07,440 step=10660 train=2.18045 val=None lr=0.000284579
2026-10-01 12:29:08,779 step=10670 train=2.37765 val=None lr=0.000284546
2026-10-01 12:29:10,241 step=10680 train=2.26243 val=None lr=0.000284514
2026-10-01 12:29:11,873 step=10690 train=2.23468 val=None lr=0.000284482
2026-10-01 12:29:14,230 step=10700 train=2.28260 val=2.2555482268333433 lr=0.00028445
2026-10-01 12:29:15,522 step=10710 train=2.05655 val=None lr=0.000284418
2026-10-01 12:29:16,907 step=10720 train=2.59364 val=None lr=0.000284385
2026-10-01 12:29:18,629 step=10730 train=2.12247 val=None lr=0.000284353
2026-10-01 12:29:17,490 step=10740 train=2.30195 val=None lr=0.000284321
2026-10-01 12:29:18,700 step=10750 train=2.21764 val=None lr=0.000284288
2026-10-01 12:29:19,856 step=10760 train=2.39730 val=None lr=0.000284256
2026-10-01 12:29:21,196 step=10770 train=2.41436 val=None lr=0.000284223
2026-10-01 12:29:22,677 step=10780 train=2.45404 val=None lr=0.000284191
2026-10-01 12:29:24,132 step=10790 train=2.30439 val=None lr=0.000284158
2026-10-01 12:29:26,484 step=10800 train=2.50031 val=2.2476439833641053 lr=0.000284126
2026-10-01 12:29:27,654 step=10810 train=2.22712 val=None lr=0.000284093
2026-10-01 12:29:29,072 step=10820 train=2.28994 val=None lr=0.00028406
2026-10-01 12:29:30,280 step=10830 train=2.46979 val=None lr=0.000284028
2026-10-01 12:29:31,483 step=10840 train=2.31483 val=None lr=0.000283995
2026-10-01 12:29:32,914 step=10850 train=2.06590 val=None lr=0.000283962
2026-10-01 12:29:34,408 step=10860 train=2.40960 val=None lr=0.00028393
2026-10-01 12:29:35,842 step=10870 train=2.45908 val=None lr=0.000283897
2026-10-01 12:29:37,315 step=10880 train=2.27361 val=None lr=0.000283864
2026-10-01 12:29:38,507 step=10890 train=2.14006 val=None lr=0.000283831
2026-10-01 12:29:40,674 step=10900 train=2.18783 val=2.245523750782013 lr=0.000283798
2026-10-01 12:29:41,809 step=10910 train=1.94653 val=None lr=0.000283765
2026-10-01 12:29:43,024 step=10920 train=2.37159 val=None lr=0.000283732
2026-10-01 12:29:44,210 step=10930 train=2.24274 val=None lr=0.000283699
2026-10-01 12:29:45,474 step=10940 train=2.08034 val=None lr=0.000283666
2026-10-01 12:29:46,921 step=10950 train=2.35507 val=None lr=0.000283633
2026-10-01 12:29:48,330 step=10960 train=2.34620 val=None lr=0.0002836
2026-10-01 12:29:47,994 step=10970 train=2.34699 val=None lr=0.000283567
2026-10-01 12:29:49,408 step=10980 train=2.24347 val=None lr=0.000283534
2026-10-01 12:29:50,588 step=10990 train=2.48167 val=None lr=0.000283501
2026-10-01 12:29:52,744 step=11000 train=2.10283 val=2.2438727140426638 lr=0.000283468
2026-10-01 12:29:55,065 step=11010 train=2.49449 val=None lr=0.000283435
2026-10-01 12:29:56,395 step=11020 train=2.26009 val=None lr=0.000283401
2026-10-01 12:29:57,668 step=11030 train=2.17540 val=None lr=0.000283368
2026-10-01 12:29:58,947 step=11040 train=2.35309 val=None lr=0.000283335
2026-10-01 12:30:00,162 step=11050 train=2.29550 val=None lr=0.000283301
2026-10-01 12:30:01,413 step=11060 train=1.98891 val=None lr=0.000283268
2026-10-01 12:30:02,658 step=11070 train=2.18652 val=None lr=0.000283235
2026-10-01 12:30:03,907 step=11080 train=2.67400 val=None lr=0.000283201
2026-10-01 12:30:05,151 step=11090 train=2.38138 val=None lr=0.000283168
2026-10-01 12:30:07,345 step=11100 train=2.24578 val=2.237658977508545 lr=0.000283134
2026-10-01 12:30:08,481 step=11110 train=2.39114 val=None lr=0.000283101
2026-10-01 12:30:09,617 step=11120 train=2.22269 val=None lr=0.000283067
2026-10-01 12:30:10,852 step=11130 train=2.02203 val=None lr=0.000283034
2026-10-01 12:30:12,170 step=11140 train=2.76217 val=None lr=0.000283
2026-10-01 12:30:13,432 step=11150 train=2.71839 val=None lr=0.000282966
2026-10-01 12:30:14,719 step=11160 train=2.27036 val=None lr=0.000282933
2026-10-01 12:30:16,333 step=11170 train=2.19129 val=None lr=0.000282899
2026-10-01 12:30:17,695 step=11180 train=2.45832 val=None lr=0.000282865
2026-10-01 12:30:19,027 step=11190 train=2.18486 val=None lr=0.000282831
2026-10-01 12:30:19,354 step=11200 train=2.24461 val=2.2321566700935365 lr=0.000282798
2026-10-01 12:30:20,648 step=11210 train=2.46801 val=None lr=0.000282764
2026-10-01 12:30:22,185 step=11220 train=2.49974 val=None lr=0.00028273
2026-10-01 12:30:23,601 step=11230 train=2.10863 val=None lr=0.000282696
2026-10-01 12:30:24,913 step=11240 train=2.25872 val=None lr=0.000282662
2026-10-01 12:30:26,163 step=11250 train=2.35812 val=None lr=0.000282628
2026-10-01 12:30:27,596 step=11260 train=2.11988 val=None lr=0.000282594
2026-10-01 12:30:29,098 step=11270 train=2.11358 val=None lr=0.00028256
2026-10-01 12:30:30,561 step=11280 train=2.52173 val=None lr=0.000282526
2026-10-01 12:30:32,075 step=11290 train=2.27360 val=None lr=0.000282492
2026-10-01 12:30:34,293 step=11300 train=2.14868 val=2.2308142721652984 lr=0.000282458
2026-10-01 12:30:35,989 step=11310 train=2.27877 val=None lr=0.000282424
2026-10-01 12:30:37,449 step=11320 train=2.46207 val=None lr=0.000282389
2026-10-01 12:30:38,871 step=11330 train=2.45346 val=None lr=0.000282355
2026-10-01 12:30:40,220 step=11340 train=2.08705 val=None lr=0.000282321
2026-10-01 12:30:41,647 step=11350 train=2.22014 val=None lr=0.000282287
2026-10-01 12:30:42,898 step=11360 train=2.21924 val=None lr=0.000282252
2026-10-01 12:30:44,369 step=11370 train=2.25911 val=None lr=0.000282218
2026-10-01 12:30:45,811 step=11380 train=2.14527 val=None lr=0.000282184
2026-10-01 12:30:47,461 step=11390 train=2.11590 val=None lr=0.000282149
2026-10-01 12:30:49,733 step=11400 train=2.18878 val=2.2159618377685546 lr=0.000282115
2026-10-01 12:30:49,027 step=11410 train=2.29948 val=None lr=0.00028208
2026-10-01 12:30:50,342 step=11420 train=2.45164 val=None lr=0.000282046
2026-10-01 12:30:51,687 step=11430 train=2.18036 val=None lr=0.000282011
2026-10-01 12:30:52,898 step=11440 train=2.71745 val=None lr=0.000281977
2026-10-01 12:30:54,180 step=11450 train=2.33622 val=None lr=0.000281942
2026-10-01 12:30:55,330 step=11460 train=2.38018 val=None lr=0.000281908
2026-10-01 12:30:56,494 step=11470 train=2.16302 val=None lr=0.000281873
2026-10-01 12:30:57,689 step=11480 train=2.47050 val=None lr=0.000281838
2026-10-01 12:30:59,095 step=11490 train=2.35207 val=None lr=0.000281804
2026-10-01 12:31:00,969 step=11500 train=1.98883 val=2.2173149049282075 lr=0.000281769
2026-10-01 12:31:03,877 step=11510 train=2.21041 val=None lr=0.000281734
2026-10-01 12:31:05,429 step=11520 train=2.29010 val=None lr=0.000281699
2026-10-01 12:31:06,980 step=11530 train=2.09449 val=None lr=0.000281665
2026-10-01 12:31:08,568 step=11540 train=2.16564 val=None lr=0.00028163
2026-10-01 12:31:10,406 step=11550 train=2.21058 val=None lr=0.000281595
2026-10-01 12:31:11,760 step=11560 train=2.63065 val=None lr=0.00028156
2026-10-01 12:31:13,255 step=11570 train=2.24048 val=None lr=0.000281525
2026-10-01 12:31:14,790 step=11580 train=2.42957 val=None lr=0.00028149
2026-10-01 12:31:16,301 step=11590 train=1.93215 val=None lr=0.000281455
2026-10-01 12:31:19,021 step=11600 train=2.11863 val=2.2136208593845366 lr=0.00028142
2026-10-01 12:31:20,506 step=11610 train=2.11367 val=None lr=0.000281385
2026-10-01 12:31:20,272 step=11620 train=2.32534 val=None lr=0.00028135
2026-10-01 12:31:21,651 step=11630 train=2.28349 val=None lr=0.000281315
2026-10-01 12:31:22,856 step=11640 train=2.24982 val=None lr=0.000281279
2026-10-01 12:31:24,072 step=11650 train=2.27015 val=None lr=0.000281244
2026-10-01 12:31:25,338 step=11660 train=2.17976 val=None lr=0.000281209
2026-10-01 12:31:26,501 step=11670 train=2.12289 val=None lr=0.000281174
2026-10-01 12:31:27,865 step=11680 train=2.44035 val=None lr=0.000281138
2026-10-01 12:31:29,097 step=11690 train=2.22813 val=None lr=0.000281103
2026-10-01 12:31:31,429 step=11700 train=2.38891 val=2.207725477218628 lr=0.000281068
2026-10-01 12:31:32,604 step=11710 train=2.13166 val=None lr=0.000281032
2026-10-01 12:31:34,212 step=11720 train=2.36848 val=None lr=0.000280997
2026-10-01 12:31:35,560 step=11730 train=2.27598 val=None lr=0.000280962
2026-10-01 12:31:37,010 step=11740 train=2.17268 val=None lr=0.000280926
2026-10-01 12:31:38,449 step=11750 train=2.50567 val=None lr=0.000280891
2026-10-01 12:31:39,721 step=11760 train=2.20200 val=None lr=0.000280855
2026-10-01 12:31:41,089 step=11770 train=2.26128 val=None lr=0.000280819
2026-10-01 12:31:42,433 step=11780 train=2.26143 val=None lr=0.000280784
2026-10-01 12:31:43,728 step=11790 train=2.41826 val=None lr=0.000280748
2026-10-01 12:31:46,180 step=11800 train=2.37731 val=2.2017409682273863 lr=0.000280713
2026-10-01 12:31:48,022 step=11810 train=2.11684 val=None lr=0.000280677
2026-10-01 12:31:49,649 step=11820 train=2.40912 val=None lr=0.000280641
2026-10-01 12:31:51,110 step=11830 train=2.29454 val=None lr=0.000280605
2026-10-01 12:31:50,704 step=11840 train=2.48537 val=None lr=0.00028057
2026-10-01 12:31:52,179 step=11850 train=2.24583 val=None lr=0.000280534
2026-10-01 12:31:53,626 step=11860 train=2.14559 val=None lr=0.000280498
2026-10-01 12:31:55,251 step=11870 train=2.15522 val=None lr=0.000280462
2026-10-01 12:31:56,666 step=11880 train=2.25598 val=None lr=0.000280426
2026-10-01 12:31:58,102 step=11890 train=2.22658 val=None lr=0.00028039
2026-10-01 12:32:00,446 step=11900 train=2.24865 val=2.195946341753006 lr=0.000280354
2026-10-01 12:32:01,641 step=11910 train=2.07755 val=None lr=0.000280318
2026-10-01 12:32:03,014 step=11920 train=2.57579 val=None lr=0.000280282
2026-10-01 12:32:04,303 step=11930 train=2.17070 val=None lr=0.000280246
2026-10-01 12:32:05,642 step=11940 train=2.56716 val=None lr=0.00028021
2026-10-01 12:32:06,961 step=11950 train=1.87500 val=None lr=0.000280174
2026-10-01 12:32:08,147 step=11960 train=2.22063 val=None lr=0.000280138
2026-10-01 12:32:09,318 step=11970 train=2.30693 val=None lr=0.000280102
2026-10-01 12:32:10,588 step=11980 train=2.04760 val=None lr=0.000280066
2026-10-01 12:32:11,739 step=11990 train=2.49199 val=None lr=0.000280029
2026-10-01 12:32:13,927 step=12000 train=2.42107 val=2.191365087032318 lr=0.000279993
2026-10-01 12:32:16,305 step=12010 train=2.23727 val=None lr=0.000279957
2026-10-01 12:32:17,750 step=12020 train=2.34331 val=None lr=0.000279921
2026-10-01 12:32:19,128 step=12030 train=2.21963 val=None lr=0.000279884
2026-10-01 12:32:20,618 step=12040 train=2.06573 val=None lr=0.000279848
2026-10-01 12:32:22,198 step=12050 train=2.50955 val=None lr=0.000279811
2026-10-01 12:32:21,446 step=12060 train=2.26932 val=None lr=0.000279775
2026-10-01 12:32:22,707 step=12070 train=2.33201 val=None lr=0.000279739
2026-10-01 12:32:24,166 step=12080 train=2.03310 val=None lr=0.000279702
2026-10-01 12:32:25,612 step=12090 train=2.58528 val=None lr=0.000279666
2026-10-01 12:32:27,858 step=12100 train=2.13872 val=2.189136242866516 lr=0.000279629
2026-10-01 12:32:29,130 step=12110 train=2.40047 val=None lr=0.000279592
2026-10-01 12:32:30,436 step=12120 train=2.25503 val=None lr=0.000279556
2026-10-01 12:32:31,974 step=12130 train=2.07474 val=None lr=0.000279519
2026-10-01 12:32:33,634 step=12140 train=1.96397 val=None lr=0.000279482
2026-10-01 12:32:35,148 step=12150 train=2.31861 val=None lr=0.000279446
2026-10-01 12:32:36,715 step=12160 train=2.12966 val=None lr=0.000279409
2026-10-01 12:32:38,336 step=12170 train=2.11315 val=None lr=0.000279372
2026-10-01 12:32:40,037 step=12180 train=2.30894 val=None lr=0.000279335
2026-10-01 12:32:41,467 step=12190 train=2.21541 val=None lr=0.000279299
2026-10-01 12:32:43,791 step=12200 train=2.35720 val=2.184628117084503 lr=0.000279262
2026-10-01 12:32:44,946 step=12210 train=2.29873 val=None lr=0.000279225
2026-10-01 12:32:46,464 step=12220 train=2.01393 val=None lr=0.000279188
2026-10-01 12:32:47,790 step=12230 train=2.32816 val=None lr=0.000279151
2026-10-01 12:32:49,037 step=12240 train=2.44948 val=None lr=0.000279114
2026-10-01 12:32:50,233 step=12250 train=2.24569 val=None lr=0.000279077
2026-10-01 12:32:51,446 step=12260 train=1.92898 val=None lr=0.00027904
2026-10-01 12:32:52,609 step=12270 train=2.25355 val=None lr=0.000279003
2026-10-01 12:32:52,129 step=12280 train=2.12339 val=None lr=0.000278966
2026-10-01 12:32:53,422 step=12290 train=2.09595 val=None lr=0.000278929
2026-10-01 12:32:55,377 step=12300 train=2.17583 val=2.1847223937511444 lr=0.000278891
2026-10-01 12:32:56,606 step=12310 train=2.30348 val=None lr=0.000278854
2026-10-01 12:32:58,027 step=12320 train=2.21196 val=None lr=0.000278817
2026-10-01 12:32:59,289 step=12330 train=2.22225 val=None lr=0.00027878
2026-10-01 12:33:00,537 step=12340 train=2.25924 val=None lr=0.000278742
2026-10-01 12:33:01,774 step=12350 train=2.11862 val=None lr=0.000278705
2026-10-01 12:33:03,027 step=12360 train=2.17113 val=None lr=0.000278668
2026-10-01 12:33:04,541 step=12370 train=2.59793 val=None lr=0.00027863
2026-10-01 12:33:06,319 step=12380 train=2.20964 val=None lr=0.000278593
2026-10-01 12:33:08,112 step=12390 train=2.31701 val=None lr=0.000278556
2026-10-01 12:33:10,681 step=12400 train=2.09244 val=2.180964654684067 lr=0.000278518
2026-10-01 12:33:12,169 step=12410 train=2.20012 val=None lr=0.000278481
2026-10-01 12:33:13,607 step=12420 train=2.38287 val=None lr=0.000278443
2026-10-01 12:33:14,802 step=12430 train=2.23721 val=None lr=0.000278406
2026-10-01 12:33:16,034 step=12440 train=2.45736 val=None lr=0.000278368
2026-10-01 12:33:17,492 step=12450 train=2.09417 val=None lr=0.00027833
2026-10-01 12:33:19,118 step=12460 train=2.22718 val=None lr=0.000278293
2026-10-01 12:33:20,358 step=12470 train=2.31023 val=None lr=0.000278255
2026-10-01 12:33:21,630 step=12480 train=2.11898 val=None lr=0.000278217
2026-10-01 12:33:22,936 step=12490 train=2.20241 val=None lr=0.00027818
2026-10-01 12:33:23,282 step=12500 train=2.16843 val=2.176331549882889 lr=0.000278142
2026-10-01 12:33:25,522 step=12510 train=2.31873 val=None lr=0.000278104
2026-10-01 12:33:26,855 step=12520 train=2.12867 val=None lr=0.000278066
2026-10-01 12:33:28,459 step=12530 train=2.37604 val=None lr=0.000278028
2026-10-01 12:33:29,941 step=12540 train=2.25362 val=None lr=0.000277991
2026-10-01 12:33:31,516 step=12550 train=2.08134 val=None lr=0.000277953
2026-10-01 12:33:32,916 step=12560 train=2.27380 val=None lr=0.000277915
2026-10-01 12:33:34,274 step=12570 train=2.53244 val=None lr=0.000277877
2026-10-01 12:33:35,582 step=12580 train=2.13252 val=None lr=0.000277839
2026-10-01 12:33:36,950 step=12590 train=2.46547 val=None lr=0.000277801
2026-10-01 12:33:39,127 step=12600 train=2.06886 val=2.170247048139572 lr=0.000277763
2026-10-01 12:33:40,389 step=12610 train=2.13366 val=None lr=0.000277725
2026-10-01 12:33:41,664 step=12620 train=2.18021 val=None lr=0.000277686
2026-10-01 12:33:43,009 step=12630 train=2.32987 val=None lr=0.000277648
2026-10-01 12:33:44,235 step=12640 train=2.31838 val=None lr=0.00027761
2026-10-01 12:33:45,475 step=12650 train=1.91888 val=None lr=0.000277572
2026-10-01 12:33:46,738 step=12660 train=2.10685 val=None lr=0.000277534
2026-10-01 12:33:47,995 step=12670 train=2.32498 val=None lr=0.000277495
2026-10-01 12:33:49,212 step=12680 train=2.26004 val=None lr=0.000277457
2026-10-01 12:33:50,328 step=12690 train=2.14676 val=None lr=0.000277419
2026-10-01 12:33:52,585 step=12700 train=2.30310 val=2.168117904663086 lr=0.00027738
2026-10-01 12:33:53,890 step=12710 train=2.28219 val=None lr=0.000277342
2026-10-01 12:33:53,275 step=12720 train=2.06999 val=None lr=0.000277304
2026-10-01 12:33:54,793 step=12730 train=2.15878 val=None lr=0.000277265
2026-10-01 12:33:55,995 step=12740 train=2.16854 val=None lr=0.000277227
2026-10-01 12:33:57,141 step=12750 train=2.50203 val=None lr=0.000277188
2026-10-01 12:33:58,402 step=12760 train=2.26666 val=None lr=0.00027715
2026-10-01 12:33:59,673 step=12770 train=2.15187 val=None lr=0.000277111
2026-10-01 12:34:01,066 step=12780 train=2.38135 val=None lr=0.000277073
2026-10-01 12:34:02,577 step=12790 train=2.10462 val=None lr=0.000277034
2026-10-01 12:34:04,789 step=12800 train=1.97416 val=2.1702319741249085 lr=0.000276995
2026-10-01 12:34:05,983 step=12810 train=2.28963 val=None lr=0.000276957
2026-10-01 12:34:07,199 step=12820 train=2.03777 val=None lr=0.000276918
2026-10-01 12:34:08,598 step=12830 train=2.16442 val=None lr=0.000276879
2026-10-01 12:34:09,857 step=12840 train=2.23467 val=None lr=0.00027684
2026-10-01 12:34:11,055 step=12850 train=2.49560 val=None lr=0.000276802
2026-10-01 12:34:12,625 step=12860 train=2.27527 val=None lr=0.000276763
2026-10-01 12:34:14,483 step=12870 train=2.29273 val=None lr=0.000276724
2026-10-01 12:34:15,756 step=12880 train=2.08233 val=None lr=0.000276685
2026-10-01 12:34:17,096 step=12890 train=2.18816 val=None lr=0.000276646
2026-10-01 12:34:19,672 step=12900 train=2.54483 val=2.158163219690323 lr=0.000276607
2026-10-01 12:34:20,924 step=12910 train=2.26528 val=None lr=0.000276568
2026-10-01 12:34:22,468 step=12920 train=2.15202 val=None lr=0.000276529
2026-10-01 12:34:23,849 step=12930 train=2.32792 val=None lr=0.00027649
2026-10-01 12:34:23,371 step=12940 train=1.94988 val=None lr=0.000276451
2026-10-01 12:34:24,939 step=12950 train=2.27930 val=None lr=0.000276412
2026-10-01 12:34:26,292 step=12960 train=2.01302 val=None lr=0.000276373
2026-10-01 12:34:28,186 step=12970 train=2.26532 val=None lr=0.000276334
2026-10-01 12:34:29,806 step=12980 train=2.08980 val=None lr=0.000276295
2026-10-01 12:34:31,346 step=12990 train=2.13629 val=None lr=0.000276255
2026-10-01 12:34:33,502 step=13000 train=2.16250 val=2.156663751602173 lr=0.000276216
2026-10-01 12:34:35,960 step=13010 train=2.35440 val=None lr=0.000276177
2026-10-01 12:34:37,227 step=13020 train=2.42950 val=None lr=0.000276138
2026-10-01 12:34:38,367 step=13030 train=2.24880 val=None lr=0.000276098
2026-10-01 12:34:39,566 step=13040 train=2.30293 val=None lr=0.000276059
2026-10-01 12:34:40,798 step=13050 train=2.05454 val=None lr=0.00027602
2026-10-01 12:34:42,159 step=13060 train=2.17933 val=None lr=0.00027598
2026-10-01 12:34:43,621 step=13070 train=2.22300 val=None lr=0.000275941
2026-10-01 12:34:44,933 step=13080 train=2.28407 val=None lr=0.000275901
2026-10-01 12:34:46,166 step=13090 train=2.07670 val=None lr=0.000275862
2026-10-01 12:34:48,257 step=13100 train=1.97081 val=2.152766817808151 lr=0.000275822
2026-10-01 12:34:49,714 step=13110 train=2.25914 val=None lr=0.000275783
2026-10-01 12:34:51,065 step=13120 train=2.17599 val=None lr=0.000275743
2026-10-01 12:34:52,481 step=13130 train=2.13428 val=None lr=0.000275703
2026-10-01 12:34:53,827 step=13140 train=1.94061 val=None lr=0.000275664
2026-10-01 12:34:55,062 step=13150 train=1.90537 val=None lr=0.000275624
2026-10-01 12:34:54,670 step=13160 train=2.44879 val=None lr=0.000275584
2026-10-01 12:34:56,236 step=13170 train=2.43111 val=None lr=0.000275545
2026-10-01 12:34:57,947 step=13180 train=1.93520 val=None lr=0.000275505
2026-10-01 12:34:59,312 step=13190 train=2.46099 val=None lr=0.000275465
2026-10-01 12:35:01,699 step=13200 train=2.38002 val=2.1523571074008943 lr=0.000275425
2026-10-01 12:35:03,157 step=13210 train=2.31155 val=None lr=0.000275385
2026-10-01 12:35:04,720 step=13220 train=2.09274 val=None lr=0.000275346
2026-10-01 12:35:06,235 step=13230 train=2.01510 val=None lr=0.000275306
2026-10-01 12:35:07,482 step=13240 train=2.25742 val=None lr=0.000275266
2026-10-01 12:35:08,776 step=13250 train=2.28709 val=None lr=0.000275226
2026-10-01 12:35:10,030 step=13260 train=2.18653 val=None lr=0.000275186
2026-10-01 12:35:11,202 step=13270 train=1.98602 val=None lr=0.000275146
2026-10-01 12:35:12,413 step=13280 train=2.20748 val=None lr=0.000275106
2026-10-01 12:35:13,601 step=13290 train=2.12187 val=None lr=0.000275066
2026-10-01 12:35:15,844 step=13300 train=1.96444 val=2.1454285860061644 lr=0.000275026
2026-10-01 12:35:17,094 step=13310 train=2.55858 val=None lr=0.000274985
2026-10-01 12:35:18,377 step=13320 train=2.16236 val=None lr=0.000274945
2026-10-01 12:35:19,718 step=13330 train=2.31337 val=None lr=0.000274905
2026-10-01 12:35:20,857 step=13340 train=2.64641 val=None lr=0.000274865
2026-10-01 12:35:21,977 step=13350 train=2.19580 val=None lr=0.000274825
2026-10-01 12:35:23,166 step=13360 train=2.10348 val=None lr=0.000274784
2026-10-01 12:35:24,623 step=13370 train=2.03113 val=None lr=0.000274744
2026-10-01 12:35:25,906 step=13380 train=2.09273 val=None lr=0.000274704
2026-10-01 12:35:25,288 step=13390 train=2.10733 val=None lr=0.000274663
2026-10-01 12:35:27,866 step=13400 train=2.14602 val=2.144868129491806 lr=0.000274623
2026-10-01 12:35:29,249 step=13410 train=2.17348 val=None lr=0.000274582
2026-10-01 12:35:30,553 step=13420 train=2.19912 val=None lr=0.000274542
2026-10-01 12:35:31,824 step=13430 train=2.16464 val=None lr=0.000274501
2026-10-01 12:35:33,302 step=13440 train=2.54190 val=None lr=0.000274461
2026-10-01 12:35:34,919 step=13450 train=2.11563 val=None lr=0.00027442
2026-10-01 12:35:36,325 step=13460 train=2.52765 val=None lr=0.00027438
2026-10-01 12:35:37,724 step=13470 train=2.20738 val=None lr=0.000274339
2026-10-01 12:35:39,239 step=13480 train=2.04669 val=None lr=0.000274299
2026-10-01 12:35:40,818 step=13490 train=2.35578 val=None lr=0.000274258
2026-10-01 12:35:43,183 step=13500 train=2.52119 val=2.1327252864837645 lr=0.000274217
2026-10-01 12:35:45,645 step=13510 train=2.15658 val=None lr=0.000274177
2026-10-01 12:35:46,991 step=13520 train=2.26906 val=None lr=0.000274136
2026-10-01 12:35:48,543 step=13530 train=2.21671 val=None lr=0.000274095
2026-10-01 12:35:50,158 step=13540 train=2.54088 val=None lr=0.000274054
2026-10-01 12:35:51,469 step=13550 train=2.10096 val=None lr=0.000274013
2026-10-01 12:35:52,992 step=13560 train=2.16642 val=None lr=0.000273973
2026-10-01 12:35:54,630 step=13570 train=1.89156 val=None lr=0.000273932
2026-10-01 12:35:56,164 step=13580 train=2.02428 val=None lr=0.000273891
2026-10-01 12:35:55,630 step=13590 train=2.21541 val=None lr=0.00027385
2026-10-01 12:35:57,615 step=13600 train=2.24262 val=2.133959227800369 lr=0.000273809
2026-10-01 12:35:58,898 step=13610 train=2.00427 val=None lr=0.000273768
2026-10-01 12:36:00,110 step=13620 train=2.35246 val=None lr=0.000273727
2026-10-01 12:36:01,285 step=13630 train=2.18212 val=None lr=0.000273686
2026-10-01 12:36:02,674 step=13640 train=2.19073 val=None lr=0.000273645
2026-10-01 12:36:04,168 step=13650 train=2.20662 val=None lr=0.000273604
2026-10-01 12:36:05,576 step=13660 train=2.22359 val=None lr=0.000273562
2026-10-01 12:36:06,799 step=13670 train=2.23992 val=None lr=0.000273521
2026-10-01 12:36:07,994 step=13680 train=2.19054 val=None lr=0.00027348
2026-10-01 12:36:09,186 step=13690 train=2.02786 val=None lr=0.000273439
2026-10-01 12:36:11,636 step=13700 train=2.09625 val=2.1260750949382783 lr=0.000273398
2026-10-01 12:36:12,892 step=13710 train=1.94436 val=None lr=0.000273356
2026-10-01 12:36:14,352 step=13720 train=2.12496 val=None lr=0.000273315
2026-10-01 12:36:15,642 step=13730 train=2.17681 val=None lr=0.000273274
2026-10-01 12:36:17,088 step=13740 train=2.16456 val=None lr=0.000273232
2026-10-01 12:36:18,554 step=13750 train=2.14427 val=None lr=0.000273191
2026-10-01 12:36:20,331 step=13760 train=2.09873 val=None lr=0.000273149
2026-10-01 12:36:21,692 step=13770 train=1.99258 val=None lr=0.000273108
2026-10-01 12:36:22,994 step=13780 train=2.43047 val=None lr=0.000273066
2026-10-01 12:36:24,276 step=13790 train=2.19715 val=None lr=0.000273025
2026-10-01 12:36:26,701 step=13800 train=1.88003 val=2.1225453913211823 lr=0.000272983
2026-10-01 12:36:26,375 step=13810 train=2.31298 val=None lr=0.000272942
2026-10-01 12:36:27,799 step=13820 train=2.15626 val=None lr=0.0002729
2026-10-01 12:36:29,174 step=13830 train=2.64317 val=None lr=0.000272859
2026-10-01 12:36:30,406 step=13840 train=2.15473 val=None lr=0.000272817
2026-10-01 12:36:31,654 step=13850 train=1.90024 val=None lr=0.000272775
2026-10-01 12:36:32,875 step=13860 train=2.69617 val=None lr=0.000272734
2026-10-01 12:36:34,043 step=13870 train=2.21416 val=None lr=0.000272692
2026-10-01 12:36:35,329 step=13880 train=2.39619 val=None lr=0.00027265
2026-10-01 12:36:36,818 step=13890 train=2.02258 val=None lr=0.000272608
2026-10-01 12:36:39,129 step=13900 train=2.16621 val=2.116967558860779 lr=0.000272566
2026-10-01 12:36:40,383 step=13910 train=2.12826 val=None lr=0.000272525
2026-10-01 12:36:41,555 step=13920 train=2.17464 val=None lr=0.000272483
2026-10-01 12:36:42,758 step=13930 train=2.02664 val=None lr=0.000272441
2026-10-01 12:36:44,200 step=13940 train=2.37629 val=None lr=0.000272399
2026-10-01 12:36:45,565 step=13950 train=2.44566 val=None lr=0.000272357
2026-10-01 12:36:46,907 step=13960 train=2.26498 val=None lr=0.000272315
2026-10-01 12:36:48,069 step=13970 train=2.50653 val=None lr=0.000272273
2026-10-01 12:36:49,307 step=13980 train=2.12123 val=None lr=0.000272231
2026-10-01 12:36:50,562 step=13990 train=2.60968 val=None lr=0.000272189
2026-10-01 12:36:53,251 step=14000 train=2.07693 val=2.1167328000068664 lr=0.000272147
2026-10-01 12:36:55,895 step=14010 train=2.15662 val=None lr=0.000272104
2026-10-01 12:36:55,466 step=14020 train=2.07116 val=None lr=0.000272062
2026-10-01 12:36:56,839 step=14030 train=2.34654 val=None lr=0.00027202
2026-10-01 12:36:58,233 step=14040 train=2.32507 val=None lr=0.000271978
2026-10-01 12:36:59,451 step=14050 train=2.16001 val=None lr=0.000271936
2026-10-01 12:37:00,752 step=14060 train=1.96891 val=None lr=0.000271893
2026-10-01 12:37:02,006 step=14070 train=2.17807 val=None lr=0.000271851
2026-10-01 12:37:03,313 step=14080 train=2.28759 val=None lr=0.000271809
2026-10-01 12:37:04,608 step=14090 train=2.12650 val=None lr=0.000271766
2026-10-01 12:37:06,854 step=14100 train=2.33532 val=2.107720583677292 lr=0.000271724
2026-10-01 12:37:08,212 step=14110 train=2.23366 val=None lr=0.000271682
2026-10-01 12:37:09,645 step=14120 train=2.14912 val=None lr=0.000271639
2026-10-01 12:37:11,122 step=14130 train=2.33013 val=None lr=0.000271597
2026-10-01 12:37:12,322 step=14140 train=2.12127 val=None lr=0.000271554
2026-10-01 12:37:13,608 step=14150 train=2.24143 val=None lr=0.000271512
2026-10-01 12:37:15,044 step=14160 train=2.24002 val=None lr=0.000271469
2026-10-01 12:37:16,317 step=14170 train=2.24672 val=None lr=0.000271426
2026-10-01 12:37:17,518 step=14180 train=2.21366 val=None lr=0.000271384
2026-10-01 12:37:18,745 step=14190 train=2.26408 val=None lr=0.000271341
2026-10-01 12:37:20,847 step=14200 train=2.20417 val=2.105929213762283 lr=0.000271299
2026-10-01 12:37:22,046 step=14210 train=2.27316 val=None lr=0.000271256
2026-10-01 12:37:23,259 step=14220 train=2.19261 val=None lr=0.000271213
2026-10-01 12:37:24,680 step=14230 train=2.49402 val=None lr=0.00027117
2026-10-01 12:37:25,960 step=14240 train=1.96730 val=None lr=0.000271128
2026-10-01 12:37:27,161 step=14250 train=2.51228 val=None lr=0.000271085
2026-10-01 12:37:26,760 step=14260 train=2.16776 val=None lr=0.000271042
2026-10-01 12:37:28,185 step=14270 train=2.28195 val=None lr=0.000270999
2026-10-01 12:37:29,571 step=14280 train=2.00020 val=None lr=0.000270956
2026-10-01 12:37:31,107 step=14290 train=2.14099 val=None lr=0.000270913
2026-10-01 12:37:33,364 step=14300 train=2.06716 val=2.107592535018921 lr=0.00027087
2026-10-01 12:37:34,807 step=14310 train=2.54933 val=None lr=0.000270827
2026-10-01 12:37:36,178 step=14320 train=2.01267 val=None lr=0.000270784
2026-10-01 12:37:37,628 step=14330 train=2.17213 val=None lr=0.000270741
2026-10-01 12:37:39,164 step=14340 train=1.88674 val=None lr=0.000270698
2026-10-01 12:37:40,630 step=14350 train=2.61159 val=None lr=0.000270655
2026-10-01 12:37:42,163 step=14360 train=1.97204 val=None lr=0.000270612
2026-10-01 12:37:43,408 step=14370 train=2.19939 val=None lr=0.000270569
2026-10-01 12:37:44,526 step=14380 train=2.10514 val=None lr=0.000270526
2026-10-01 12:37:45,673 step=14390 train=2.38128 val=None lr=0.000270482
2026-10-01 12:37:47,677 step=14400 train=2.15736 val=2.1075496077537537 lr=0.000270439
2026-10-01 12:37:48,990 step=14410 train=2.39729 val=None lr=0.000270396
2026-10-01 12:37:50,294 step=14420 train=2.12623 val=None lr=0.000270353
2026-10-01 12:37:51,650 step=14430 train=1.97073 val=None lr=0.000270309
2026-10-01 12:37:52,818 step=14440 train=2.21187 val=None lr=0.000270266
2026-10-01 12:37:54,003 step=14450 train=2.04038 val=None lr=0.000270223
2026-10-01 12:37:55,222 step=14460 train=2.27968 val=None lr=0.000270179
2026-10-01 12:37:56,426 step=14470 train=2.43356 val=None lr=0.000270136
2026-10-01 12:37:57,712 step=14480 train=2.06069 val=None lr=0.000270092
2026-10-01 12:37:56,935 step=14490 train=2.22411 val=None lr=0.000270049
2026-10-01 12:37:59,359 step=14500 train=2.22769 val=2.1020062386989595 lr=0.000270005
2026-10-01 12:38:01,732 step=14510 train=1.98916 val=None lr=0.000269962
2026-10-01 12:38:03,075 step=14520 train=1.99189 val=None lr=0.000269918
2026-10-01 12:38:04,377 step=14530 train=2.04043 val=None lr=0.000269875
2026-10-01 12:38:05,810 step=14540 train=1.93702 val=None lr=0.000269831
2026-10-01 12:38:07,276 step=14550 train=2.07451 val=None lr=0.000269787
2026-10-01 12:38:08,895 step=14560 train=2.18617 val=None lr=0.000269744
2026-10-01 12:38:10,359 step=14570 train=2.17510 val=None lr=0.0002697
2026-10-01 12:38:11,735 step=14580 train=2.44381 val=None lr=0.000269656
2026-10-01 12:38:13,321 step=14590 train=2.23882 val=None lr=0.000269613
2026-10-01 12:38:15,708 step=14600 train=2.16111 val=2.100677412748337 lr=0.000269569
2026-10-01 12:38:17,146 step=14610 train=2.24877 val=None lr=0.000269525
2026-10-01 12:38:18,595 step=14620 train=2.19837 val=None lr=0.000269481
2026-10-01 12:38:19,918 step=14630 train=2.24295 val=None lr=0.000269437
2026-10-01 12:38:21,503 step=14640 train=2.17706 val=None lr=0.000269393
2026-10-01 12:38:23,030 step=14650 train=2.37644 val=None lr=0.00026935
2026-10-01 12:38:24,508 step=14660 train=2.16068 val=None lr=0.000269306
2026-10-01 12:38:26,143 step=14670 train=2.12052 val=None lr=0.000269262
2026-10-01 12:38:27,480 step=14680 train=2.19075 val=None lr=0.000269218
2026-10-01 12:38:28,901 step=14690 train=2.34799 val=None lr=0.000269174
2026-10-01 12:38:29,198 step=14700 train=1.80066 val=2.091857486963272 lr=0.00026913
2026-10-01 12:38:30,567 step=14710 train=2.34836 val=None lr=0.000269085
2026-10-01 12:38:31,809 step=14720 train=2.12654 val=None lr=0.000269041
2026-10-01 12:38:33,086 step=14730 train=2.23328 val=None lr=0.000268997
2026-10-01 12:38:34,524 step=14740 train=2.13654 val=None lr=0.000268953
2026-10-01 12:38:35,842 step=14750 train=2.11545 val=None lr=0.000268909
2026-10-01 12:38:37,167 step=14760 train=2.22332 val=None lr=0.000268865
2026-10-01 12:38:38,490 step=14770 train=2.10012 val=None lr=0.00026882
2026-10-01 12:38:39,729 step=14780 train=2.05691 val=None lr=0.000268776
2026-10-01 12:38:40,931 step=14790 train=1.90589 val=None lr=0.000268732
2026-10-01 12:38:43,215 step=14800 train=1.99881 val=2.089831751585007 lr=0.000268687
2026-10-01 12:38:44,407 step=14810 train=1.97767 val=None lr=0.000268643
2026-10-01 12:38:45,639 step=14820 train=2.05431 val=None lr=0.000268599
2026-10-01 12:38:46,863 step=14830 train=2.09622 val=None lr=0.000268554
2026-10-01 12:38:48,341 step=14840 train=2.18847 val=None lr=0.00026851
2026-10-01 12:38:49,926 step=14850 train=2.12039 val=None lr=0.000268465
2026-10-01 12:38:51,289 step=14860 train=2.17137 val=None lr=0.000268421
2026-10-01 12:38:52,767 step=14870 train=1.86730 val=None lr=0.000268376
2026-10-01 12:38:53,927 step=14880 train=1.94550 val=None lr=0.000268332
2026-10-01 12:38:55,281 step=14890 train=2.26919 val=None lr=0.000268287
2026-10-01 12:38:57,735 step=14900 train=2.10854 val=2.088643217086792 lr=0.000268243
2026-10-01 12:38:58,952 step=14910 train=2.22043 val=None lr=0.000268198
2026-10-01 12:38:58,325 step=14920 train=2.16015 val=None lr=0.000268153
2026-10-01 12:38:59,951 step=14930 train=2.18217 val=None lr=0.000268109
2026-10-01 12:39:01,524 step=14940 train=2.19868 val=None lr=0.000268064
2026-10-01 12:39:03,043 step=14950 train=1.88107 val=None lr=0.000268019
2026-10-01 12:39:04,274 step=14960 train=2.31526 val=None lr=0.000267975
2026-10-01 12:39:05,466 step=14970 train=1.92574 val=None lr=0.00026793
2026-10-01 12:39:06,825 step=14980 train=2.17247 val=None lr=0.000267885
2026-10-01 12:39:08,208 step=14990 train=2.24699 val=None lr=0.00026784
2026-10-01 12:39:10,472 step=15000 train=2.37798 val=2.0899779081344603 lr=0.000267795
2026-10-01 12:39:12,946 step=15010 train=1.93477 val=None lr=0.00026775
2026-10-01 12:39:14,251 step=15020 train=2.15465 val=None lr=0.000267705
2026-10-01 12:39:15,606 step=15030 train=2.03008 val=None lr=0.00026766
2026-10-01 12:39:16,946 step=15040 train=2.09520 val=None lr=0.000267615
2026-10-01 12:39:18,192 step=15050 train=2.05182 val=None lr=0.00026757
2026-10-01 12:39:19,406 step=15060 train=2.01985 val=None lr=0.000267525
2026-10-01 12:39:20,849 step=15070 train=1.93081 val=None lr=0.00026748
2026-10-01 12:39:22,436 step=15080 train=2.33143 val=None lr=0.000267435
2026-10-01 12:39:24,067 step=15090 train=2.07347 val=None lr=0.00026739
2026-10-01 12:39:26,426 step=15100 train=2.12884 val=2.082988578081131 lr=0.000267345
2026-10-01 12:39:27,919 step=15110 train=1.97463 val=None lr=0.0002673
2026-10-01 12:39:29,229 step=15120 train=2.14719 val=None lr=0.000267255
2026-10-01 12:39:28,461 step=15130 train=2.00162 val=None lr=0.000267209
2026-10-01 12:39:29,815 step=15140 train=2.24290 val=None lr=0.000267164
2026-10-01 12:39:31,216 step=15150 train=1.92470 val=None lr=0.000267119
2026-10-01 12:39:32,472 step=15160 train=2.31957 val=None lr=0.000267074
2026-10-01 12:39:33,909 step=15170 train=2.03156 val=None lr=0.000267028
2026-10-01 12:39:35,527 step=15180 train=2.36987 val=None lr=0.000266983
2026-10-01 12:39:36,717 step=15190 train=2.22834 val=None lr=0.000266938
2026-10-01 12:39:38,854 step=15200 train=2.07893 val=2.084823817014694 lr=0.000266892
2026-10-01 12:39:40,268 step=15210 train=2.41209 val=None lr=0.000266847
2026-10-01 12:39:41,677 step=15220 train=2.09141 val=None lr=0.000266801
2026-10-01 12:39:43,126 step=15230 train=2.12260 val=None lr=0.000266756
2026-10-01 12:39:44,408 step=15240 train=1.93566 val=None lr=0.00026671
2026-10-01 12:39:45,641 step=15250 train=2.43617 val=None lr=0.000266665
2026-10-01 12:39:46,884 step=15260 train=2.26447 val=None lr=0.000266619
2026-10-01 12:39:48,251 step=15270 train=2.16254 val=None lr=0.000266573
2026-10-01 12:39:49,820 step=15280 train=2.37567 val=None lr=0.000266528
2026-10-01 12:39:51,265 step=15290 train=2.09622 val=None lr=0.000266482
2026-10-01 12:39:53,779 step=15300 train=2.28063 val=2.0733612895011904 lr=0.000266437
2026-10-01 12:39:55,024 step=15310 train=2.07454 val=None lr=0.000266391
2026-10-01 12:39:56,237 step=15320 train=2.16184 val=None lr=0.000266345
2026-10-01 12:39:57,505 step=15330 train=2.16965 val=None lr=0.000266299
2026-10-01 12:39:58,805 step=15340 train=2.13587 val=None lr=0.000266254
2026-10-01 12:40:00,348 step=15350 train=2.28232 val=None lr=0.000266208
2026-10-01 12:39:59,730 step=15360 train=2.35783 val=None lr=0.000266162
2026-10-01 12:40:01,123 step=15370 train=2.14878 val=None lr=0.000266116
2026-10-01 12:40:02,482 step=15380 train=2.14829 val=None lr=0.00026607
2026-10-01 12:40:03,700 step=15390 train=2.04815 val=None lr=0.000266024
2026-10-01 12:40:06,248 step=15400 train=1.95963 val=2.072164458036423 lr=0.000265978
2026-10-01 12:40:07,797 step=15410 train=1.92541 val=None lr=0.000265932
2026-10-01 12:40:09,213 step=15420 train=2.25827 val=None lr=0.000265886
2026-10-01 12:40:10,607 step=15430 train=2.01262 val=None lr=0.00026584
2026-10-01 12:40:11,876 step=15440 train=2.11028 val=None lr=0.000265794
2026-10-01 12:40:13,020 step=15450 train=1.87176 val=None lr=0.000265748
2026-10-01 12:40:14,178 step=15460 train=2.05744 val=None lr=0.000265702
2026-10-01 12:40:15,380 step=15470 train=2.02278 val=None lr=0.000265656
2026-10-01 12:40:16,586 step=15480 train=1.91886 val=None lr=0.00026561
2026-10-01 12:40:17,901 step=15490 train=2.04414 val=None lr=0.000265564
2026-10-01 12:40:20,157 step=15500 train=2.01197 val=2.068305778503418 lr=0.000265517
2026-10-01 12:40:22,419 step=15510 train=1.90331 val=None lr=0.000265471
2026-10-01 12:40:23,703 step=15520 train=2.07223 val=None lr=0.000265425
2026-10-01 12:40:24,834 step=15530 train=2.08869 val=None lr=0.000265379
2026-10-01 12:40:25,931 step=15540 train=2.10101 val=None lr=0.000265332
2026-10-01 12:40:27,081 step=15550 train=1.90486 val=None lr=0.000265286
2026-10-01 12:40:28,428 step=15560 train=2.20209 val=None lr=0.00026524
2026-10-01 12:40:29,730 step=15570 train=2.24812 val=None lr=0.000265193
2026-10-01 12:40:31,036 step=15580 train=2.05642 val=None lr=0.000265147
2026-10-01 12:40:30,160 step=15590 train=2.19154 val=None lr=0.0002651
2026-10-01 12:40:32,025 step=15600 train=2.02972 val=2.0706729352474214 lr=0.000265054
2026-10-01 12:40:33,529 step=15610 train=2.13504 val=None lr=0.000265007
2026-10-01 12:40:34,702 step=15620 train=1.81258 val=None lr=0.000264961
2026-10-01 12:40:35,854 step=15630 train=2.00996 val=None lr=0.000264914
2026-10-01 12:40:37,174 step=15640 train=2.25632 val=None lr=0.000264868
2026-10-01 12:40:38,421 step=15650 train=2.43629 val=None lr=0.000264821
2026-10-01 12:40:39,610 step=15660 train=1.86003 val=None lr=0.000264774
2026-10-01 12:40:41,332 step=15670 train=1.97248 val=None lr=0.000264728
2026-10-01 12:40:42,945 step=15680 train=2.37209 val=None lr=0.000264681
2026-10-01 12:40:44,564 step=15690 train=2.00796 val=None lr=0.000264634
2026-10-01 12:40:47,281 step=15700 train=2.34329 val=2.063605272769928 lr=0.000264588
2026-10-01 12:40:48,725 step=15710 train=2.12369 val=None lr=0.000264541
2026-10-01 12:40:50,119 step=15720 train=2.16305 val=None lr=0.000264494
2026-10-01 12:40:51,524 step=15730 train=2.17043 val=None lr=0.000264447
2026-10-01 12:40:52,995 step=15740 train=2.16684 val=None lr=0.0002644
2026-10-01 12:40:54,282 step=15750 train=2.20536 val=None lr=0.000264354
2026-10-01 12:40:55,459 step=15760 train=2.11797 val=None lr=0.000264307
2026-10-01 12:40:56,712 step=15770 train=1.97696 val=None lr=0.00026426
2026-10-01 12:40:58,187 step=15780 train=2.22956 val=None lr=0.000264213
2026-10-01 12:40:59,668 step=15790 train=2.37085 val=None lr=0.000264166
2026-10-01 12:41:00,166 step=15800 train=2.02648 val=2.060790991783142 lr=0.000264119
2026-10-01 12:41:01,766 step=15810 train=2.12956 val=None lr=0.000264072
2026-10-01 12:41:03,200 step=15820 train=2.32361 val=None lr=0.000264025
2026-10-01 12:41:04,521 step=15830 train=2.38646 val=None lr=0.000263978
2026-10-01 12:41:05,754 step=15840 train=1.91592 val=None lr=0.000263931
2026-10-01 12:41:07,235 step=15850 train=2.39498 val=None lr=0.000263883
2026-10-01 12:41:08,709 step=15860 train=2.46074 val=None lr=0.000263836
2026-10-01 12:41:09,973 step=15870 train=2.12421 val=None lr=0.000263789
2026-10-01 12:41:11,289 step=15880 train=2.01273 val=None lr=0.000263742
2026-10-01 12:41:12,530 step=15890 train=1.86550 val=None lr=0.000263695
2026-10-01 12:41:14,623 step=15900 train=2.19264 val=2.0608053267002107 lr=0.000263647
2026-10-01 12:41:15,793 step=15910 train=2.08183 val=None lr=0.0002636
2026-10-01 12:41:17,046 step=15920 train=2.03267 val=None lr=0.000263553
2026-10-01 12:41:18,396 step=15930 train=1.99942 val=None lr=0.000263506
2026-10-01 12:41:19,844 step=15940 train=2.16655 val=None lr=0.000263458
2026-10-01 12:41:21,085 step=15950 train=2.27037 val=None lr=0.000263411
2026-10-01 12:41:22,327 step=15960 train=1.77898 val=None lr=0.000263363
2026-10-01 12:41:23,501 step=15970 train=1.98854 val=None lr=0.000263316
2026-10-01 12:41:24,764 step=15980 train=2.13071 val=None lr=0.000263268
2026-10-01 12:41:26,108 step=15990 train=2.11451 val=None lr=0.000263221
2026-10-01 12:41:28,611 step=16000 train=2.10482 val=2.055708277225494 lr=0.000263173
2026-10-01 12:41:30,975 step=16010 train=2.36685 val=None lr=0.000263126
2026-10-01 12:41:30,821 step=16020 train=1.94076 val=None lr=0.000263078
2026-10-01 12:41:32,396 step=16030 train=2.16897 val=None lr=0.000263031
2026-10-01 12:41:34,005 step=16040 train=2.04435 val=None lr=0.000262983
2026-10-01 12:41:35,497 step=16050 train=2.03756 val=None lr=0.000262935
2026-10-01 12:41:36,771 step=16060 train=2.10630 val=None lr=0.000262888
2026-10-01 12:41:38,220 step=16070 train=2.15109 val=None lr=0.00026284
2026-10-01 12:41:39,374 step=16080 train=2.10078 val=None lr=0.000262792
2026-10-01 12:41:40,930 step=16090 train=2.03489 val=None lr=0.000262745
2026-10-01 12:41:43,388 step=16100 train=2.28000 val=2.052034741640091 lr=0.000262697
2026-10-01 12:41:44,516 step=16110 train=2.21067 val=None lr=0.000262649
2026-10-01 12:41:45,679 step=16120 train=1.87350 val=None lr=0.000262601
2026-10-01 12:41:46,977 step=16130 train=1.99018 val=None lr=0.000262553
2026-10-01 12:41:48,328 step=16140 train=2.14433 val=None lr=0.000262506
2026-10-01 12:41:49,559 step=16150 train=2.01217 val=None lr=0.000262458
2026-10-01 12:41:50,795 step=16160 train=2.09645 val=None lr=0.00026241
2026-10-01 12:41:52,025 step=16170 train=1.94260 val=None lr=0.000262362
2026-10-01 12:41:53,200 step=16180 train=1.96112 val=None lr=0.000262314
2026-10-01 12:41:54,517 step=16190 train=1.81009 val=None lr=0.000262266
2026-10-01 12:41:57,027 step=16200 train=1.99712 val=2.0468398928642273 lr=0.000262218
2026-10-01 12:41:58,292 step=16210 train=1.77876 val=None lr=0.00026217
2026-10-01 12:42:00,016 step=16220 train=1.95928 val=None lr=0.000262122
2026-10-01 12:42:01,587 step=16230 train=1.99549 val=None lr=0.000262073
2026-10-01 12:42:01,201 step=16240 train=2.26713 val=None lr=0.000262025
2026-10-01 12:42:02,800 step=16250 train=2.09568 val=None lr=0.000261977
2026-10-01 12:42:04,246 step=16260 train=1.87843 val=None lr=0.000261929
2026-10-01 12:42:05,451 step=16270 train=1.99582 val=None lr=0.000261881
2026-10-01 12:42:06,942 step=16280 train=2.22918 val=None lr=0.000261833
2026-10-01 12:42:08,467 step=16290 train=2.32550 val=None lr=0.000261784
2026-10-01 12:42:11,226 step=16300 train=2.12958 val=2.0458165884017943 lr=0.000261736
2026-10-01 12:42:12,662 step=16310 train=2.00714 val=None lr=0.000261688
2026-10-01 12:42:14,135 step=16320 train=2.47510 val=None lr=0.000261639
2026-10-01 12:42:15,415 step=16330 train=2.15935 val=None lr=0.000261591
2026-10-01 12:42:16,754 step=16340 train=1.85192 val=None lr=0.000261543
2026-10-01 12:42:18,196 step=16350 train=2.13754 val=None lr=0.000261494
2026-10-01 12:42:19,560 step=16360 train=2.08597 val=None lr=0.000261446
2026-10-01 12:42:20,894 step=16370 train=2.00035 val=None lr=0.000261397
2026-10-01 12:42:22,358 step=16380 train=2.01703 val=None lr=0.000261349
2026-10-01 12:42:23,827 step=16390 train=1.84291 val=None lr=0.0002613
2026-10-01 12:42:25,684 step=16400 train=1.99929 val=2.0466859698295594 lr=0.000261252
2026-10-01 12:42:26,871 step=16410 train=2.36268 val=None lr=0.000261203
2026-10-01 12:42:28,030 step=16420 train=1.90523 val=None lr=0.000261155
2026-10-01 12:42:29,164 step=16430 train=2.22151 val=None lr=0.000261106
2026-10-01 12:42:30,396 step=16440 train=1.81688 val=None lr=0.000261057
2026-10-01 12:42:31,583 step=16450 train=1.96661 val=None lr=0.000261009
2026-10-01 12:42:32,720 step=16460 train=1.85795 val=None lr=0.00026096
2026-10-01 12:42:31,979 step=16470 train=2.11367 val=None lr=0.000260911
2026-10-01 12:42:33,279 step=16480 train=1.94665 val=None lr=0.000260862
2026-10-01 12:42:34,611 step=16490 train=2.07093 val=None lr=0.000260814
2026-10-01 12:42:36,996 step=16500 train=2.10239 val=2.046518212556839 lr=0.000260765
2026-10-01 12:42:39,593 step=16510 train=2.06834 val=None lr=0.000260716
2026-10-01 12:42:41,189 step=16520 train=1.91275 val=None lr=0.000260667
2026-10-01 12:42:42,555 step=16530 train=2.09116 val=None lr=0.000260618
2026-10-01 12:42:43,729 step=16540 train=2.20831 val=None lr=0.00026057
2026-10-01 12:42:44,995 step=16550 train=2.25782 val=None lr=0.000260521
2026-10-01 12:42:46,561 step=16560 train=2.09008 val=None lr=0.000260472
2026-10-01 12:42:47,832 step=16570 train=2.04410 val=None lr=0.000260423
2026-10-01 12:42:48,997 step=16580 train=1.88016 val=None lr=0.000260374
2026-10-01 12:42:50,374 step=16590 train=2.45524 val=None lr=0.000260325
2026-10-01 12:42:52,562 step=16600 train=2.02154 val=2.040619832277298 lr=0.000260276
2026-10-01 12:42:53,737 step=16610 train=2.01870 val=None lr=0.000260227
2026-10-01 12:42:55,059 step=16620 train=2.23953 val=None lr=0.000260177
2026-10-01 12:42:56,550 step=16630 train=2.05982 val=None lr=0.000260128
2026-10-01 12:42:57,774 step=16640 train=2.14884 val=None lr=0.000260079
2026-10-01 12:42:59,065 step=16650 train=2.40522 val=None lr=0.00026003
2026-10-01 12:43:00,765 step=16660 train=1.75499 val=None lr=0.000259981
2026-10-01 12:43:02,266 step=16670 train=2.23857 val=None lr=0.000259932
2026-10-01 12:43:03,736 step=16680 train=1.87174 val=None lr=0.000259882
2026-10-01 12:43:03,226 step=16690 train=2.23471 val=None lr=0.000259833
2026-10-01 12:43:05,280 step=16700 train=2.17542 val=2.036866307258606 lr=0.000259784
2026-10-01 12:43:06,520 step=16710 train=2.03355 val=None lr=0.000259734
2026-10-01 12:43:07,957 step=16720 train=2.28160 val=None lr=0.000259685
2026-10-01 12:43:09,517 step=16730 train=2.20427 val=None lr=0.000259636
2026-10-01 12:43:10,942 step=16740 train=2.03925 val=None lr=0.000259586
2026-10-01 12:43:12,363 step=16750 train=2.13246 val=None lr=0.000259537
2026-10-01 12:43:13,641 step=16760 train=2.36054 val=None lr=0.000259488
2026-10-01 12:43:14,822 step=16770 train=2.19817 val=None lr=0.000259438
2026-10-01 12:43:16,214 step=16780 train=2.25569 val=None lr=0.000259389
2026-10-01 12:43:17,631 step=16790 train=2.09894 val=None lr=0.000259339
2026-10-01 12:43:20,151 step=16800 train=1.98324 val=2.032781404256821 lr=0.00025929
2026-10-01 12:43:21,648 step=16810 train=1.76832 val=None lr=0.00025924
2026-10-01 12:43:22,965 step=16820 train=2.16112 val=None lr=0.00025919
2026-10-01 12:43:24,139 step=16830 train=2.29666 val=None lr=0.000259141
2026-10-01 12:43:25,354 step=16840 train=2.02276 val=None lr=0.000259091
2026-10-01 12:43:26,790 step=16850 train=2.01593 val=None lr=0.000259041
2026-10-01 12:43:28,436 step=16860 train=1.84705 val=None lr=0.000258992
2026-10-01 12:43:29,881 step=16870 train=2.22993 val=None lr=0.000258942
2026-10-01 12:43:31,302 step=16880 train=1.98590 val=None lr=0.000258892
2026-10-01 12:43:32,520 step=16890 train=1.98349 val=None lr=0.000258843
2026-10-01 12:43:32,311 step=16900 train=2.27517 val=2.036817693710327 lr=0.000258793
2026-10-01 12:43:33,459 step=16910 train=2.14061 val=None lr=0.000258743
2026-10-01 12:43:34,726 step=16920 train=1.78833 val=None lr=0.000258693
2026-10-01 12:43:35,974 step=16930 train=1.87929 val=None lr=0.000258643
2026-10-01 12:43:37,135 step=16940 train=1.96764 val=None lr=0.000258593
2026-10-01 12:43:38,370 step=16950 train=2.43922 val=None lr=0.000258543
2026-10-01 12:43:39,614 step=16960 train=2.28729 val=None lr=0.000258493
2026-10-01 12:43:40,854 step=16970 train=2.00425 val=None lr=0.000258443
2026-10-01 12:43:42,073 step=16980 train=2.13948 val=None lr=0.000258394
2026-10-01 12:43:43,202 step=16990 train=1.96669 val=None lr=0.000258343
2026-10-01 12:43:45,266 step=17000 train=2.43385 val=2.0355234384536742 lr=0.000258293
2026-10-01 12:43:47,544 step=17010 train=1.95893 val=None lr=0.000258243
2026-10-01 12:43:48,795 step=17020 train=2.04653 val=None lr=0.000258193
2026-10-01 12:43:50,019 step=17030 train=2.13315 val=None lr=0.000258143
2026-10-01 12:43:51,203 step=17040 train=2.15524 val=None lr=0.000258093
2026-10-01 12:43:52,705 step=17050 train=1.98972 val=None lr=0.000258043
2026-10-01 12:43:54,088 step=17060 train=2.08209 val=None lr=0.000257993
2026-10-01 12:43:55,310 step=17070 train=2.14710 val=None lr=0.000257943
2026-10-01 12:43:56,808 step=17080 train=2.00340 val=None lr=0.000257892
2026-10-01 12:43:58,113 step=17090 train=2.00653 val=None lr=0.000257842
2026-10-01 12:44:00,289 step=17100 train=2.13524 val=2.030995327234268 lr=0.000257792
2026-10-01 12:44:01,733 step=17110 train=1.89844 val=None lr=0.000257741
2026-10-01 12:44:03,237 step=17120 train=2.01227 val=None lr=0.000257691
2026-10-01 12:44:04,488 step=17130 train=2.23288 val=None lr=0.000257641
2026-10-01 12:44:03,940 step=17140 train=2.03241 val=None lr=0.00025759
2026-10-01 12:44:05,530 step=17150 train=2.09697 val=None lr=0.00025754
2026-10-01 12:44:07,082 step=17160 train=2.06524 val=None lr=0.00025749
2026-10-01 12:44:08,216 step=17170 train=2.25229 val=None lr=0.000257439
2026-10-01 12:44:09,775 step=17180 train=2.02944 val=None lr=0.000257389
2026-10-01 12:44:10,963 step=17190 train=2.07795 val=None lr=0.000257338
2026-10-01 12:44:13,361 step=17200 train=1.99620 val=2.0282291054725645 lr=0.000257288
2026-10-01 12:44:14,761 step=17210 train=1.96515 val=None lr=0.000257237
2026-10-01 12:44:16,165 step=17220 train=1.88438 val=None lr=0.000257186
2026-10-01 12:44:17,365 step=17230 train=2.41966 val=None lr=0.000257136
2026-10-01 12:44:18,537 step=17240 train=2.24805 val=None lr=0.000257085
2026-10-01 12:44:19,839 step=17250 train=2.09870 val=None lr=0.000257035
2026-10-01 12:44:21,082 step=17260 train=2.17610 val=None lr=0.000256984
2026-10-01 12:44:22,408 step=17270 train=2.02632 val=None lr=0.000256933
2026-10-01 12:44:23,604 step=17280 train=2.13454 val=None lr=0.000256883
2026-10-01 12:44:24,797 step=17290 train=2.18864 val=None lr=0.000256832
2026-10-01 12:44:27,051 step=17300 train=1.87232 val=2.025469106435776 lr=0.000256781
2026-10-01 12:44:28,546 step=17310 train=2.23906 val=None lr=0.00025673
2026-10-01 12:44:29,926 step=17320 train=1.98493 val=None lr=0.000256679
2026-10-01 12:44:31,250 step=17330 train=2.05155 val=None lr=0.000256629
2026-10-01 12:44:32,867 step=17340 train=1.89390 val=None lr=0.000256578
2026-10-01 12:44:34,308 step=17350 train=2.23649 val=None lr=0.000256527
2026-10-01 12:44:33,805 step=17360 train=2.03549 val=None lr=0.000256476
2026-10-01 12:44:35,268 step=17370 train=2.28139 val=None lr=0.000256425
2026-10-01 12:44:36,501 step=17380 train=1.70679 val=None lr=0.000256374
2026-10-01 12:44:37,850 step=17390 train=2.33613 val=None lr=0.000256323
2026-10-01 12:44:40,269 step=17400 train=2.03833 val=2.024569886922836 lr=0.000256272
2026-10-01 12:44:41,511 step=17410 train=2.05466 val=None lr=0.000256221
2026-10-01 12:44:42,970 step=17420 train=1.99373 val=None lr=0.00025617
2026-10-01 12:44:44,393 step=17430 train=1.97291 val=None lr=0.000256119
2026-10-01 12:44:45,804 step=17440 train=2.08629 val=None lr=0.000256068
2026-10-01 12:44:47,382 step=17450 train=2.24962 val=None lr=0.000256017
2026-10-01 12:44:48,743 step=17460 train=2.31914 val=None lr=0.000255965
2026-10-01 12:44:50,380 step=17470 train=2.03813 val=None lr=0.000255914
2026-10-01 12:44:51,801 step=17480 train=2.10906 val=None lr=0.000255863
2026-10-01 12:44:53,099 step=17490 train=2.06856 val=None lr=0.000255812
2026-10-01 12:44:55,296 step=17500 train=1.89153 val=2.0241294384002684 lr=0.000255761
2026-10-01 12:44:57,752 step=17510 train=1.72686 val=None lr=0.000255709
2026-10-01 12:44:59,187 step=17520 train=2.06941 val=None lr=0.000255658
2026-10-01 12:45:00,437 step=17530 train=1.86628 val=None lr=0.000255607
2026-10-01 12:45:01,904 step=17540 train=1.88095 val=None lr=0.000255555
2026-10-01 12:45:03,592 step=17550 train=1.98453 val=None lr=0.000255504
2026-10-01 12:45:05,206 step=17560 train=2.15516 val=None lr=0.000255453
2026-10-01 12:45:04,479 step=17570 train=1.75506 val=None lr=0.000255401
2026-10-01 12:45:05,759 step=17580 train=2.25631 val=None lr=0.00025535
2026-10-01 12:45:07,066 step=17590 train=2.16125 val=None lr=0.000255298
2026-10-01 12:45:09,297 step=17600 train=1.94147 val=2.0209735691547395 lr=0.000255247
2026-10-01 12:45:10,700 step=17610 train=1.94058 val=None lr=0.000255195
2026-10-01 12:45:12,099 step=17620 train=1.93836 val=None lr=0.000255144
2026-10-01 12:45:13,689 step=17630 train=1.79799 val=None lr=0.000255092
2026-10-01 12:45:14,893 step=17640 train=2.09593 val=None lr=0.000255041
2026-10-01 12:45:16,403 step=17650 train=2.04680 val=None lr=0.000254989
2026-10-01 12:45:17,850 step=17660 train=2.15945 val=None lr=0.000254937
2026-10-01 12:45:19,048 step=17670 train=1.91870 val=None lr=0.000254886
2026-10-01 12:45:20,280 step=17680 train=1.83996 val=None lr=0.000254834
2026-10-01 12:45:21,619 step=17690 train=1.96567 val=None lr=0.000254782
2026-10-01 12:45:23,844 step=17700 train=2.43376 val=2.017152136564255 lr=0.000254731
2026-10-01 12:45:25,383 step=17710 train=2.09551 val=None lr=0.000254679
2026-10-01 12:45:26,723 step=17720 train=2.43944 val=None lr=0.000254627
2026-10-01 12:45:28,152 step=17730 train=2.13657 val=None lr=0.000254575
2026-10-01 12:45:29,372 step=17740 train=2.34813 val=None lr=0.000254524
2026-10-01 12:45:30,641 step=17750 train=2.09395 val=None lr=0.000254472
2026-10-01 12:45:31,965 step=17760 train=1.78405 val=None lr=0.00025442
2026-10-01 12:45:33,215 step=17770 train=2.14426 val=None lr=0.000254368
2026-10-01 12:45:34,680 step=17780 train=2.22358 val=None lr=0.000254316
2026-10-01 12:45:36,136 step=17790 train=2.02683 val=None lr=0.000254264
2026-10-01 12:45:36,592 step=17800 train=2.10086 val=2.01217742562294 lr=0.000254212
2026-10-01 12:45:37,958 step=17810 train=2.16784 val=None lr=0.00025416
2026-10-01 12:45:39,654 step=17820 train=2.17011 val=None lr=0.000254108
2026-10-01 12:45:41,154 step=17830 train=2.34184 val=None lr=0.000254056
2026-10-01 12:45:42,701 step=17840 train=2.21498 val=None lr=0.000254004
2026-10-01 12:45:43,885 step=17850 train=2.24035 val=None lr=0.000253952
2026-10-01 12:45:45,219 step=17860 train=2.15688 val=None lr=0.0002539
2026-10-01 12:45:46,607 step=17870 train=1.72348 val=None lr=0.000253848
2026-10-01 12:45:47,907 step=17880 train=1.92920 val=None lr=0.000253796
2026-10-01 12:45:49,160 step=17890 train=2.19530 val=None lr=0.000253743
2026-10-01 12:45:51,865 step=17900 train=2.13246 val=2.009824788570404 lr=0.000253691
2026-10-01 12:45:53,203 step=17910 train=2.00925 val=None lr=0.000253639
2026-10-01 12:45:54,470 step=17920 train=1.91528 val=None lr=0.000253587
2026-10-01 12:45:55,740 step=17930 train=2.11268 val=None lr=0.000253535
2026-10-01 12:45:57,170 step=17940 train=2.35344 val=None lr=0.000253482
2026-10-01 12:45:58,683 step=17950 train=1.95492 val=None lr=0.00025343
2026-10-01 12:46:00,070 step=17960 train=1.88082 val=None lr=0.000253378
2026-10-01 12:46:01,651 step=17970 train=2.07373 val=None lr=0.000253325
2026-10-01 12:46:03,186 step=17980 train=2.11455 val=None lr=0.000253273
2026-10-01 12:46:04,747 step=17990 train=2.14224 val=None lr=0.000253221
2026-10-01 12:46:07,218 step=18000 train=2.19466 val=2.0097325503826142 lr=0.000253168
2026-10-01 12:46:07,974 step=18010 train=2.18593 val=None lr=0.000253116
2026-10-01 12:46:09,481 step=18020 train=1.96141 val=None lr=0.000253063
2026-10-01 12:46:10,701 step=18030 train=1.84013 val=None lr=0.000253011
2026-10-01 12:46:11,938 step=18040 train=2.18309 val=None lr=0.000252958
2026-10-01 12:46:13,288 step=18050 train=2.07874 val=None lr=0.000252906
2026-10-01 12:46:14,797 step=18060 train=1.96903 val=None lr=0.000252853
2026-10-01 12:46:16,301 step=18070 train=2.22245 val=None lr=0.0002528
2026-10-01 12:46:17,520 step=18080 train=2.03697 val=None lr=0.000252748
2026-10-01 12:46:19,074 step=18090 train=2.06458 val=None lr=0.000252695
2026-10-01 12:46:21,128 step=18100 train=1.85471 val=2.0106853723526 lr=0.000252643
2026-10-01 12:46:22,495 step=18110 train=2.46245 val=None lr=0.00025259
2026-10-01 12:46:23,861 step=18120 train=2.36206 val=None lr=0.000252537
2026-10-01 12:46:25,281 step=18130 train=1.96779 val=None lr=0.000252484
2026-10-01 12:46:26,721 step=18140 train=1.77306 val=None lr=0.000252432
2026-10-01 12:46:27,986 step=18150 train=2.38327 val=None lr=0.000252379
2026-10-01 12:46:29,247 step=18160 train=2.12194 val=None lr=0.000252326
2026-10-01 12:46:30,582 step=18170 train=2.12770 val=None lr=0.000252273
2026-10-01 12:46:31,822 step=18180 train=1.98158 val=None lr=0.00025222
2026-10-01 12:46:33,405 step=18190 train=2.26623 val=None lr=0.000252168
2026-10-01 12:46:35,873 step=18200 train=2.13268 val=2.008819764852524 lr=0.000252115
2026-10-01 12:46:37,037 step=18210 train=2.01371 val=None lr=0.000252062
2026-10-01 12:46:36,273 step=18220 train=1.82326 val=None lr=0.000252009
2026-10-01 12:46:37,514 step=18230 train=1.96598 val=None lr=0.000251956
2026-10-01 12:46:38,822 step=18240 train=2.07876 val=None lr=0.000251903
2026-10-01 12:46:40,180 step=18250 train=2.15901 val=None lr=0.00025185
2026-10-01 12:46:41,713 step=18260 train=2.08576 val=None lr=0.000251797
2026-10-01 12:46:43,397 step=18270 train=2.25511 val=None lr=0.000251744
2026-10-01 12:46:44,881 step=18280 train=1.86414 val=None lr=0.000251691
2026-10-01 12:46:46,635 step=18290 train=1.99825 val=None lr=0.000251638
2026-10-01 12:46:49,187 step=18300 train=2.09798 val=2.0048493683338164 lr=0.000251585
2026-10-01 12:46:50,722 step=18310 train=1.93844 val=None lr=0.000251531
2026-10-01 12:46:52,210 step=18320 train=2.22662 val=None lr=0.000251478
2026-10-01 12:46:53,476 step=18330 train=2.19554 val=None lr=0.000251425
2026-10-01 12:46:54,955 step=18340 train=2.10381 val=None lr=0.000251372
2026-10-01 12:46:56,626 step=18350 train=1.95915 val=None lr=0.000251319
2026-10-01 12:46:57,889 step=18360 train=2.07509 val=None lr=0.000251265
2026-10-01 12:46:59,122 step=18370 train=1.99796 val=None lr=0.000251212
2026-10-01 12:47:00,621 step=18380 train=2.12075 val=None lr=0.000251159
2026-10-01 12:47:01,962 step=18390 train=2.31338 val=None lr=0.000251106
2026-10-01 12:47:03,807 step=18400 train=1.97620 val=2.0059314012527465 lr=0.000251052
2026-10-01 12:47:05,131 step=18410 train=1.92658 val=None lr=0.000250999
2026-10-01 12:47:06,352 step=18420 train=2.01080 val=None lr=0.000250945
2026-10-01 12:47:07,566 step=18430 train=2.23146 val=None lr=0.000250892
2026-10-01 12:47:06,754 step=18440 train=2.16927 val=None lr=0.000250839
2026-10-01 12:47:08,097 step=18450 train=2.19145 val=None lr=0.000250785
2026-10-01 12:47:09,621 step=18460 train=1.83562 val=None lr=0.000250732
2026-10-01 12:47:11,120 step=18470 train=1.67424 val=None lr=0.000250678
2026-10-01 12:47:12,915 step=18480 train=2.00456 val=None lr=0.000250625
2026-10-01 12:47:14,316 step=18490 train=1.98427 val=None lr=0.000250571
2026-10-01 12:47:16,731 step=18500 train=1.92004 val=1.9981234431266786 lr=0.000250518
2026-10-01 12:47:19,291 step=18510 train=2.04127 val=None lr=0.000250464
2026-10-01 12:47:20,467 step=18520 train=1.89972 val=None lr=0.00025041
2026-10-01 12:47:21,749 step=18530 train=2.09770 val=None lr=0.000250357
2026-10-01 12:47:23,341 step=18540 train=2.15322 val=None lr=0.000250303
2026-10-01 12:47:24,824 step=18550 train=2.07017 val=None lr=0.000250249
2026-10-01 12:47:26,391 step=18560 train=1.63345 val=None lr=0.000250196
2026-10-01 12:47:27,604 step=18570 train=2.24344 val=None lr=0.000250142
2026-10-01 12:47:28,768 step=18580 train=2.12933 val=None lr=0.000250088
2026-10-01 12:47:29,955 step=18590 train=1.80249 val=None lr=0.000250034
2026-10-01 12:47:32,210 step=18600 train=2.19563 val=1.997030746936798 lr=0.000249981
2026-10-01 12:47:33,684 step=18610 train=2.03754 val=None lr=0.000249927
2026-10-01 12:47:35,325 step=18620 train=2.03548 val=None lr=0.000249873
2026-10-01 12:47:36,862 step=18630 train=1.98109 val=None lr=0.000249819
2026-10-01 12:47:38,346 step=18640 train=1.78977 val=None lr=0.000249765
2026-10-01 12:47:37,848 step=18650 train=2.41545 val=None lr=0.000249711
2026-10-01 12:47:39,364 step=18660 train=1.93669 val=None lr=0.000249657
2026-10-01 12:47:40,690 step=18670 train=1.99028 val=None lr=0.000249604
2026-10-01 12:47:42,062 step=18680 train=2.28622 val=None lr=0.00024955
2026-10-01 12:47:43,362 step=18690 train=2.03458 val=None lr=0.000249496
2026-10-01 12:47:45,496 step=18700 train=2.13281 val=1.9951679289340973 lr=0.000249442
2026-10-01 12:47:46,748 step=18710 train=1.85919 val=None lr=0.000249387
2026-10-01 12:47:48,190 step=18720 train=2.26606 val=None lr=0.000249333
2026-10-01 12:47:49,402 step=18730 train=1.94834 val=None lr=0.000249279
2026-10-01 12:47:50,575 step=18740 train=2.05664 val=None lr=0.000249225
2026-10-01 12:47:51,693 step=18750 train=1.82016 val=None lr=0.000249171
2026-10-01 12:47:52,927 step=18760 train=2.13055 val=None lr=0.000249117
2026-10-01 12:47:54,308 step=18770 train=1.87010 val=None lr=0.000249063
2026-10-01 12:47:55,470 step=18780 train=2.09908 val=None lr=0.000249009
2026-10-01 12:47:56,673 step=18790 train=2.10931 val=None lr=0.000248954
2026-10-01 12:47:58,947 step=18800 train=1.86599 val=1.9940140068531036 lr=0.0002489
2026-10-01 12:48:00,101 step=18810 train=1.85231 val=None lr=0.000248846
2026-10-01 12:48:01,275 step=18820 train=2.00198 val=None lr=0.000248792
2026-10-01 12:48:02,689 step=18830 train=2.12929 val=None lr=0.000248737
2026-10-01 12:48:04,147 step=18840 train=1.87914 val=None lr=0.000248683
2026-10-01 12:48:05,527 step=18850 train=1.92467 val=None lr=0.000248629
2026-10-01 12:48:06,710 step=18860 train=1.88787 val=None lr=0.000248574
2026-10-01 12:48:07,902 step=18870 train=1.99243 val=None lr=0.00024852
2026-10-01 12:48:07,211 step=18880 train=2.11099 val=None lr=0.000248465
2026-10-01 12:48:08,352 step=18890 train=2.09395 val=None lr=0.000248411
2026-10-01 12:48:10,973 step=18900 train=1.78117 val=1.987438714504242 lr=0.000248357
2026-10-01 12:48:12,321 step=18910 train=1.99337 val=None lr=0.000248302
2026-10-01 12:48:13,540 step=18920 train=2.06185 val=None lr=0.000248248
2026-10-01 12:48:14,831 step=18930 train=2.24847 val=None lr=0.000248193
2026-10-01 12:48:16,397 step=18940 train=2.21584 val=None lr=0.000248139
2026-10-01 12:48:17,953 step=18950 train=1.88903 val=None lr=0.000248084
2026-10-01 12:48:19,477 step=18960 train=2.13546 val=None lr=0.000248029
2026-10-01 12:48:20,851 step=18970 train=1.89528 val=None lr=0.000247975
2026-10-01 12:48:22,055 step=18980 train=2.07132 val=None lr=0.00024792
2026-10-01 12:48:23,250 step=18990 train=1.94981 val=None lr=0.000247866
2026-10-01 12:48:25,079 step=19000 train=2.25951 val=1.9875885725021363 lr=0.000247811
2026-10-01 12:48:27,400 step=19010 train=2.33907 val=None lr=0.000247756
2026-10-01 12:48:28,839 step=19020 train=1.90739 val=None lr=0.000247701
2026-10-01 12:48:30,015 step=19030 train=2.24214 val=None lr=0.000247647
2026-10-01 12:48:31,161 step=19040 train=2.08774 val=None lr=0.000247592
2026-10-01 12:48:32,521 step=19050 train=2.03564 val=None lr=0.000247537
2026-10-01 12:48:33,733 step=19060 train=2.20915 val=None lr=0.000247482
2026-10-01 12:48:34,902 step=19070 train=1.93990 val=None lr=0.000247427
2026-10-01 12:48:36,221 step=19080 train=2.31866 val=None lr=0.000247373
2026-10-01 12:48:37,815 step=19090 train=1.88194 val=None lr=0.000247318
2026-10-01 12:48:38,137 step=19100 train=2.13227 val=1.983667129278183 lr=0.000247263
2026-10-01 12:48:39,620 step=19110 train=2.08490 val=None lr=0.000247208
2026-10-01 12:48:41,113 step=19120 train=1.98504 val=None lr=0.000247153
2026-10-01 12:48:42,395 step=19130 train=2.03245 val=None lr=0.000247098
2026-10-01 12:48:43,619 step=19140 train=2.02910 val=None lr=0.000247043
2026-10-01 12:48:44,748 step=19150 train=2.02988 val=None lr=0.000246988
2026-10-01 12:48:45,981 step=19160 train=1.96673 val=None lr=0.000246933
2026-10-01 12:48:47,218 step=19170 train=2.07979 val=None lr=0.000246878
2026-10-01 12:48:48,403 step=19180 train=2.27818 val=None lr=0.000246823
2026-10-01 12:48:49,659 step=19190 train=2.09218 val=None lr=0.000246768
2026-10-01 12:48:51,999 step=19200 train=2.06098 val=1.979830527305603 lr=0.000246713
2026-10-01 12:48:53,718 step=19210 train=2.06879 val=None lr=0.000246658
2026-10-01 12:48:55,388 step=19220 train=1.88472 val=None lr=0.000246602
2026-10-01 12:48:56,688 step=19230 train=2.08447 val=None lr=0.000246547
2026-10-01 12:48:58,086 step=19240 train=1.88393 val=None lr=0.000246492
2026-10-01 12:48:59,625 step=19250 train=1.93316 val=None lr=0.000246437
2026-10-01 12:49:01,147 step=19260 train=1.95547 val=None lr=0.000246382
2026-10-01 12:49:02,466 step=19270 train=2.14754 val=None lr=0.000246326
2026-10-01 12:49:03,673 step=19280 train=2.11006 val=None lr=0.000246271
2026-10-01 12:49:05,004 step=19290 train=2.18879 val=None lr=0.000246216
2026-10-01 12:49:07,211 step=19300 train=1.85939 val=1.977830809354782 lr=0.000246161
2026-10-01 12:49:08,608 step=19310 train=2.38531 val=None lr=0.000246105
2026-10-01 12:49:10,113 step=19320 train=2.39895 val=None lr=0.00024605
2026-10-01 12:49:09,416 step=19330 train=1.90321 val=None lr=0.000245994
2026-10-01 12:49:10,828 step=19340 train=1.97256 val=None lr=0.000245939
2026-10-01 12:49:12,403 step=19350 train=2.02694 val=None lr=0.000245884
2026-10-01 12:49:13,851 step=19360 train=1.94258 val=None lr=0.000245828
2026-10-01 12:49:15,344 step=19370 train=1.88213 val=None lr=0.000245773
2026-10-01 12:49:16,778 step=19380 train=1.91316 val=None lr=0.000245717
2026-10-01 12:49:18,155 step=19390 train=2.18726 val=None lr=0.000245662
2026-10-01 12:49:20,140 step=19400 train=1.92235 val=1.9806845366954804 lr=0.000245606
2026-10-01 12:49:21,362 step=19410 train=1.80186 val=None lr=0.000245551
2026-10-01 12:49:22,616 step=19420 train=1.95256 val=None lr=0.000245495
2026-10-01 12:49:24,074 step=19430 train=1.79568 val=None lr=0.000245439
2026-10-01 12:49:25,635 step=19440 train=2.20093 val=None lr=0.000245384
2026-10-01 12:49:26,986 step=19450 train=2.06664 val=None lr=0.000245328
2026-10-01 12:49:28,432 step=19460 train=2.26040 val=None lr=0.000245272
2026-10-01 12:49:30,064 step=19470 train=2.07571 val=None lr=0.000245217
2026-10-01 12:49:31,463 step=19480 train=1.87244 val=None lr=0.000245161
2026-10-01 12:49:32,752 step=19490 train=2.02074 val=None lr=0.000245105
2026-10-01 12:49:34,833 step=19500 train=1.86055 val=1.980441004037857 lr=0.00024505
2026-10-01 12:49:37,396 step=19510 train=2.30663 val=None lr=0.000244994
2026-10-01 12:49:38,845 step=19520 train=1.94782 val=None lr=0.000244938
2026-10-01 12:49:40,026 step=19530 train=2.02579 val=None lr=0.000244882
2026-10-01 12:49:39,114 step=19540 train=1.85538 val=None lr=0.000244826
2026-10-01 12:49:40,302 step=19550 train=1.74554 val=None lr=0.000244771
2026-10-01 12:49:41,599 step=19560 train=2.10925 val=None lr=0.000244715
2026-10-01 12:49:42,932 step=19570 train=1.89172 val=None lr=0.000244659
2026-10-01 12:49:44,299 step=19580 train=1.93544 val=None lr=0.000244603
2026-10-01 12:49:45,598 step=19590 train=1.73478 val=None lr=0.000244547
2026-10-01 12:49:47,812 step=19600 train=2.02854 val=1.9722713351249694 lr=0.000244491
2026-10-01 12:49:49,082 step=19610 train=1.88341 val=None lr=0.000244435
2026-10-01 12:49:50,546 step=19620 train=2.03288 val=None lr=0.000244379
2026-10-01 12:49:52,084 step=19630 train=1.84001 val=None lr=0.000244323
2026-10-01 12:49:53,427 step=19640 train=1.76591 val=None lr=0.000244267
2026-10-01 12:49:54,852 step=19650 train=2.08418 val=None lr=0.000244211
2026-10-01 12:49:56,301 step=19660 train=2.11211 val=None lr=0.000244155
2026-10-01 12:49:57,706 step=19670 train=2.03647 val=None lr=0.000244099
2026-10-01 12:49:59,090 step=19680 train=2.15860 val=None lr=0.000244043
2026-10-01 12:50:00,392 step=19690 train=1.73619 val=None lr=0.000243986
2026-10-01 12:50:02,797 step=19700 train=2.08429 val=1.9700413763523101 lr=0.00024393
2026-10-01 12:50:04,462 step=19710 train=2.11519 val=None lr=0.000243874
2026-10-01 12:50:05,664 step=19720 train=2.00538 val=None lr=0.000243818
2026-10-01 12:50:06,851 step=19730 train=2.16765 val=None lr=0.000243762
2026-10-01 12:50:08,074 step=19740 train=2.04696 val=None lr=0.000243705
2026-10-01 12:50:09,571 step=19750 train=2.01920 val=None lr=0.000243649
2026-10-01 12:50:10,922 step=19760 train=2.04885 val=None lr=0.000243593
2026-10-01 12:50:10,481 step=19770 train=2.13180 val=None lr=0.000243537
2026-10-01 12:50:11,964 step=19780 train=1.87043 val=None lr=0.00024348
2026-10-01 12:50:13,309 step=19790 train=1.86552 val=None lr=0.000243424
2026-10-01 12:50:15,820 step=19800 train=2.17469 val=1.963090431690216 lr=0.000243367
2026-10-01 12:50:17,042 step=19810 train=2.06148 val=None lr=0.000243311
2026-10-01 12:50:18,759 step=19820 train=1.76991 val=None lr=0.000243255
2026-10-01 12:50:20,538 step=19830 train=2.03040 val=None lr=0.000243198
2026-10-01 12:50:21,879 step=19840 train=2.03010 val=None lr=0.000243142
2026-10-01 12:50:23,199 step=19850 train=1.86882 val=None lr=0.000243085
2026-10-01 12:50:24,460 step=19860 train=2.08224 val=None lr=0.000243029
2026-10-01 12:50:26,013 step=19870 train=1.96681 val=None lr=0.000242972
2026-10-01 12:50:27,457 step=19880 train=2.25731 val=None lr=0.000242916
2026-10-01 12:50:28,785 step=19890 train=1.76311 val=None lr=0.000242859
2026-10-01 12:50:31,041 step=19900 train=1.87579 val=1.9619128167629243 lr=0.000242803
2026-10-01 12:50:32,676 step=19910 train=2.03760 val=None lr=0.000242746
2026-10-01 12:50:33,827 step=19920 train=1.95585 val=None lr=0.000242689
2026-10-01 12:50:35,253 step=19930 train=1.84233 val=None lr=0.000242633
2026-10-01 12:50:36,676 step=19940 train=1.99672 val=None lr=0.000242576
2026-10-01 12:50:37,985 step=19950 train=2.04519 val=None lr=0.000242519
2026-10-01 12:50:39,460 step=19960 train=1.97726 val=None lr=0.000242463
2026-10-01 12:50:40,730 step=19970 train=1.78249 val=None lr=0.000242406
2026-10-01 12:50:40,256 step=19980 train=2.02653 val=None lr=0.000242349
2026-10-01 12:50:41,613 step=19990 train=1.98724 val=None lr=0.000242293
2026-10-01 12:50:43,617 step=20000 train=1.92709 val=1.967567765712738 lr=0.000242236
2026-10-01 12:50:45,877 step=20010 train=2.02540 val=None lr=0.000242179
2026-10-01 12:50:47,294 step=20020 train=1.80458 val=None lr=0.000242122
2026-10-01 12:50:48,587 step=20030 train=1.87727 val=None lr=0.000242065
2026-10-01 12:50:49,855 step=20040 train=1.97762 val=None lr=0.000242008
2026-10-01 12:50:51,316 step=20050 train=1.99293 val=None lr=0.000241952
2026-10-01 12:50:52,700 step=20060 train=2.21339 val=None lr=0.000241895
2026-10-01 12:50:54,181 step=20070 train=2.06129 val=None lr=0.000241838
2026-10-01 12:50:55,767 step=20080 train=2.08096 val=None lr=0.000241781
2026-10-01 12:50:57,332 step=20090 train=2.14033 val=None lr=0.000241724
2026-10-01 12:50:59,534 step=20100 train=1.95072 val=1.9655086815357208 lr=0.000241667
2026-10-01 12:51:01,048 step=20110 train=2.11571 val=None lr=0.00024161
2026-10-01 12:51:02,421 step=20120 train=2.19189 val=None lr=0.000241553
2026-10-01 12:51:03,724 step=20130 train=1.86753 val=None lr=0.000241496
2026-10-01 12:51:05,105 step=20140 train=1.93388 val=None lr=0.000241439
2026-10-01 12:51:06,335 step=20150 train=2.18715 val=None lr=0.000241382
2026-10-01 12:51:07,587 step=20160 train=2.01260 val=None lr=0.000241324
2026-10-01 12:51:09,052 step=20170 train=2.11152 val=None lr=0.000241267
2026-10-01 12:51:10,216 step=20180 train=2.01639 val=None lr=0.00024121
2026-10-01 12:51:11,781 step=20190 train=2.14108 val=None lr=0.000241153
2026-10-01 12:51:11,588 step=20200 train=2.09033 val=1.9626347780227662 lr=0.000241096
2026-10-01 12:51:12,762 step=20210 train=1.96391 val=None lr=0.000241039
2026-10-01 12:51:13,970 step=20220 train=1.98251 val=None lr=0.000240981
2026-10-01 12:51:15,250 step=20230 train=2.13254 val=None lr=0.000240924
2026-10-01 12:51:16,649 step=20240 train=2.36388 val=None lr=0.000240867
2026-10-01 12:51:17,984 step=20250 train=1.92512 val=None lr=0.00024081
2026-10-01 12:51:19,160 step=20260 train=2.02844 val=None lr=0.000240752
2026-10-01 12:51:20,310 step=20270 train=1.67797 val=None lr=0.000240695
2026-10-01 12:51:21,637 step=20280 train=2.21539 val=None lr=0.000240638
2026-10-01 12:51:22,923 step=20290 train=1.95734 val=None lr=0.00024058
2026-10-01 12:51:24,743 step=20300 train=1.80032 val=1.963033002614975 lr=0.000240523
2026-10-01 12:51:26,176 step=20310 train=2.11484 val=None lr=0.000240466
2026-10-01 12:51:27,682 step=20320 train=2.02620 val=None lr=0.000240408
2026-10-01 12:51:29,132 step=20330 train=1.82213 val=None lr=0.000240351
2026-10-01 12:51:30,786 step=20340 train=2.19474 val=None lr=0.000240293
2026-10-01 12:51:32,323 step=20350 train=2.09192 val=None lr=0.000240236
2026-10-01 12:51:33,983 step=20360 train=1.91259 val=None lr=0.000240178
2026-10-01 12:51:35,425 step=20370 train=1.82088 val=None lr=0.000240121
2026-10-01 12:51:36,955 step=20380 train=2.06371 val=None lr=0.000240063
2026-10-01 12:51:38,564 step=20390 train=2.17251 val=None lr=0.000240006
2026-10-01 12:51:40,765 step=20400 train=2.18161 val=1.959357088804245 lr=0.000239948
2026-10-01 12:51:42,030 step=20410 train=1.92272 val=None lr=0.00023989
2026-10-01 12:51:41,148 step=20420 train=1.66686 val=None lr=0.000239833
2026-10-01 12:51:42,358 step=20430 train=2.25741 val=None lr=0.000239775
2026-10-01 12:51:43,605 step=20440 train=1.94211 val=None lr=0.000239717
2026-10-01 12:51:44,850 step=20450 train=2.08700 val=None lr=0.00023966
2026-10-01 12:51:46,350 step=20460 train=1.92682 val=None lr=0.000239602
2026-10-01 12:51:47,755 step=20470 train=2.07942 val=None lr=0.000239544
2026-10-01 12:51:48,974 step=20480 train=1.89746 val=None lr=0.000239487
2026-10-01 12:51:50,220 step=20490 train=2.09295 val=None lr=0.000239429
2026-10-01 12:51:52,607 step=20500 train=1.96213 val=1.9580485463142394 lr=0.000239371
2026-10-01 12:51:55,235 step=20510 train=1.93034 val=None lr=0.000239313
2026-10-01 12:51:56,610 step=20520 train=1.96458 val=None lr=0.000239255
2026-10-01 12:51:58,148 step=20530 train=2.12991 val=None lr=0.000239198
2026-10-01 12:51:59,724 step=20540 train=1.93706 val=None lr=0.00023914
2026-10-01 12:52:01,140 step=20550 train=1.97432 val=None lr=0.000239082
2026-10-01 12:52:02,348 step=20560 train=1.94165 val=None lr=0.000239024
2026-10-01 12:52:03,506 step=20570 train=2.24895 val=None lr=0.000238966
2026-10-01 12:52:04,756 step=20580 train=2.12509 val=None lr=0.000238908
2026-10-01 12:52:05,920 step=20590 train=2.17442 val=None lr=0.00023885
2026-10-01 12:52:08,297 step=20600 train=2.18900 val=1.9544144988059997 lr=0.000238792
2026-10-01 12:52:09,860 step=20610 train=2.02846 val=None lr=0.000238734
2026-10-01 12:52:11,185 step=20620 train=2.08479 val=None lr=0.000238676
2026-10-01 12:52:12,367 step=20630 train=1.82666 val=None lr=0.000238618
2026-10-01 12:52:13,489 step=20640 train=1.94261 val=None lr=0.00023856
2026-10-01 12:52:12,758 step=20650 train=2.04504 val=None lr=0.000238502
2026-10-01 12:52:14,087 step=20660 train=2.06101 val=None lr=0.000238444
2026-10-01 12:52:15,427 step=20670 train=2.17772 val=None lr=0.000238386
2026-10-01 12:52:16,782 step=20680 train=1.93844 val=None lr=0.000238328
2026-10-01 12:52:18,265 step=20690 train=2.13166 val=None lr=0.00023827
2026-10-01 12:52:20,647 step=20700 train=1.97055 val=1.9491220355033874 lr=0.000238211
2026-10-01 12:52:22,404 step=20710 train=2.05065 val=None lr=0.000238153
2026-10-01 12:52:23,686 step=20720 train=1.85815 val=None lr=0.000238095
2026-10-01 12:52:25,052 step=20730 train=1.98757 val=None lr=0.000238037
2026-10-01 12:52:26,440 step=20740 train=1.93978 val=None lr=0.000237979
2026-10-01 12:52:27,738 step=20750 train=2.21807 val=None lr=0.00023792
2026-10-01 12:52:29,053 step=20760 train=2.28137 val=None lr=0.000237862
2026-10-01 12:52:30,305 step=20770 train=2.11342 val=None lr=0.000237804
2026-10-01 12:52:31,700 step=20780 train=1.75427 val=None lr=0.000237745
2026-10-01 12:52:33,048 step=20790 train=2.19671 val=None lr=0.000237687
2026-10-01 12:52:34,892 step=20800 train=1.89289 val=1.9555406153202057 lr=0.000237629
2026-10-01 12:52:36,177 step=20810 train=2.04208 val=None lr=0.00023757
2026-10-01 12:52:37,497 step=20820 train=2.10657 val=None lr=0.000237512
2026-10-01 12:52:38,742 step=20830 train=2.16839 val=None lr=0.000237454
2026-10-01 12:52:40,011 step=20840 train=1.92999 val=None lr=0.000237395
2026-10-01 12:52:41,432 step=20850 train=1.65793 val=None lr=0.000237337
2026-10-01 12:52:42,612 step=20860 train=1.95874 val=None lr=0.000237278
2026-10-01 12:52:43,857 step=20870 train=1.81395 val=None lr=0.00023722
2026-10-01 12:52:43,433 step=20880 train=1.90840 val=None lr=0.000237161
2026-10-01 12:52:44,861 step=20890 train=2.06135 val=None lr=0.000237103
2026-10-01 12:52:47,076 step=20900 train=1.90771 val=1.9478792011737824 lr=0.000237044
2026-10-01 12:52:48,258 step=20910 train=2.09557 val=None lr=0.000236985
2026-10-01 12:52:49,548 step=20920 train=1.99136 val=None lr=0.000236927
2026-10-01 12:52:50,732 step=20930 train=2.07008 val=None lr=0.000236868
2026-10-01 12:52:52,177 step=20940 train=2.26892 val=None lr=0.00023681
2026-10-01 12:52:53,699 step=20950 train=2.06447 val=None lr=0.000236751
2026-10-01 12:52:54,955 step=20960 train=1.82908 val=None lr=0.000236692
2026-10-01 12:52:56,582 step=20970 train=1.86480 val=None lr=0.000236634
2026-10-01 12:52:57,885 step=20980 train=1.99565 val=None lr=0.000236575
2026-10-01 12:52:58,998 step=20990 train=2.61135 val=None lr=0.000236516
2026-10-01 12:53:01,235 step=21000 train=1.86308 val=1.9461909353733062 lr=0.000236458
2026-10-01 12:53:03,936 step=21010 train=2.19517 val=None lr=0.000236399
2026-10-01 12:53:05,715 step=21020 train=1.92638 val=None lr=0.00023634
2026-10-01 12:53:07,134 step=21030 train=2.40046 val=None lr=0.000236281
2026-10-01 12:53:08,568 step=21040 train=1.67818 val=None lr=0.000236222
2026-10-01 12:53:09,733 step=21050 train=2.11054 val=None lr=0.000236164
2026-10-01 12:53:11,003 step=21060 train=2.04137 val=None lr=0.000236105
2026-10-01 12:53:12,303 step=21070 train=1.99620 val=None lr=0.000236046
2026-10-01 12:53:13,745 step=21080 train=1.81212 val=None lr=0.000235987
2026-10-01 12:53:13,019 step=21090 train=1.87989 val=None lr=0.000235928
2026-10-01 12:53:15,112 step=21100 train=1.95969 val=1.9460939764976501 lr=0.000235869
2026-10-01 12:53:16,612 step=21110 train=1.90434 val=None lr=0.00023581
2026-10-01 12:53:17,865 step=21120 train=1.99217 val=None lr=0.000235751
2026-10-01 12:53:19,226 step=21130 train=1.62887 val=None lr=0.000235692
2026-10-01 12:53:20,418 step=21140 train=2.03207 val=None lr=0.000235633
2026-10-01 12:53:21,953 step=21150 train=2.01378 val=None lr=0.000235574
2026-10-01 12:53:23,233 step=21160 train=1.94076 val=None lr=0.000235515
2026-10-01 12:53:24,424 step=21170 train=2.16065 val=None lr=0.000235456
2026-10-01 12:53:25,664 step=21180 train=2.17469 val=None lr=0.000235397
2026-10-01 12:53:27,307 step=21190 train=2.02398 val=None lr=0.000235338
2026-10-01 12:53:29,876 step=21200 train=1.84664 val=1.9388689637184142 lr=0.000235279
2026-10-01 12:53:31,265 step=21210 train=2.00288 val=None lr=0.00023522
2026-10-01 12:53:32,796 step=21220 train=2.15640 val=None lr=0.000235161
2026-10-01 12:53:34,066 step=21230 train=1.99717 val=None lr=0.000235101
2026-10-01 12:53:35,610 step=21240 train=1.96895 val=None lr=0.000235042
2026-10-01 12:53:37,180 step=21250 train=2.03947 val=None lr=0.000234983
2026-10-01 12:53:38,565 step=21260 train=2.01295 val=None lr=0.000234924
2026-10-01 12:53:40,150 step=21270 train=1.77237 val=None lr=0.000234865
2026-10-01 12:53:41,547 step=21280 train=2.11536 val=None lr=0.000234805
2026-10-01 12:53:42,964 step=21290 train=1.70477 val=None lr=0.000234746
2026-10-01 12:53:43,035 step=21300 train=1.93330 val=1.94073166847229 lr=0.000234687
2026-10-01 12:53:44,404 step=21310 train=1.76612 val=None lr=0.000234627
2026-10-01 12:53:45,520 step=21320 train=1.76668 val=None lr=0.000234568
2026-10-01 12:53:46,889 step=21330 train=1.98526 val=None lr=0.000234509
2026-10-01 12:53:48,434 step=21340 train=1.88800 val=None lr=0.000234449
2026-10-01 12:53:49,861 step=21350 train=1.82698 val=None lr=0.00023439
2026-10-01 12:53:51,264 step=21360 train=2.03244 val=None lr=0.000234331
2026-10-01 12:53:52,712 step=21370 train=1.99276 val=None lr=0.000234271
2026-10-01 12:53:54,231 step=21380 train=1.97237 val=None lr=0.000234212
2026-10-01 12:53:55,661 step=21390 train=1.94219 val=None lr=0.000234152
2026-10-01 12:53:57,682 step=21400 train=1.76263 val=1.9433582901954651 lr=0.000234093
2026-10-01 12:53:59,031 step=21410 train=1.76827 val=None lr=0.000234033
2026-10-01 12:54:00,281 step=21420 train=2.05759 val=None lr=0.000233974
2026-10-01 12:54:01,444 step=21430 train=1.94671 val=None lr=0.000233914
2026-10-01 12:54:02,701 step=21440 train=1.79549 val=None lr=0.000233855
2026-10-01 12:54:04,088 step=21450 train=2.17186 val=None lr=0.000233795
2026-10-01 12:54:05,258 step=21460 train=1.89476 val=None lr=0.000233735
2026-10-01 12:54:06,651 step=21470 train=2.02426 val=None lr=0.000233676
2026-10-01 12:54:08,140 step=21480 train=1.83278 val=None lr=0.000233616
2026-10-01 12:54:09,415 step=21490 train=1.97790 val=None lr=0.000233557
2026-10-01 12:54:11,388 step=21500 train=2.37287 val=1.9395756363868712 lr=0.000233497
2026-10-01 12:54:13,845 step=21510 train=1.72041 val=None lr=0.000233437
2026-10-01 12:54:13,403 step=21520 train=1.83500 val=None lr=0.000233378
2026-10-01 12:54:14,645 step=21530 train=1.69141 val=None lr=0.000233318
2026-10-01 12:54:15,796 step=21540 train=1.91252 val=None lr=0.000233258
2026-10-01 12:54:17,199 step=21550 train=1.73564 val=None lr=0.000233198
2026-10-01 12:54:18,395 step=21560 train=2.01418 val=None lr=0.000233139
2026-10-01 12:54:19,551 step=21570 train=1.84104 val=None lr=0.000233079
2026-10-01 12:54:20,781 step=21580 train=1.96673 val=None lr=0.000233019
2026-10-01 12:54:22,010 step=21590 train=2.04547 val=None lr=0.000232959
2026-10-01 12:54:24,236 step=21600 train=1.83074 val=1.9367374062538147 lr=0.000232899
2026-10-01 12:54:25,589 step=21610 train=1.99516 val=None lr=0.00023284
2026-10-01 12:54:27,210 step=21620 train=1.97520 val=None lr=0.00023278
2026-10-01 12:54:28,666 step=21630 train=2.23951 val=None lr=0.00023272
2026-10-01 12:54:30,039 step=21640 train=1.97397 val=None lr=0.00023266
2026-10-01 12:54:31,296 step=21650 train=1.98296 val=None lr=0.0002326
2026-10-01 12:54:32,557 step=21660 train=1.78030 val=None lr=0.00023254
2026-10-01 12:54:33,757 step=21670 train=1.75931 val=None lr=0.00023248
2026-10-01 12:54:35,198 step=21680 train=2.28431 val=None lr=0.00023242
2026-10-01 12:54:36,622 step=21690 train=1.82506 val=None lr=0.00023236
2026-10-01 12:54:38,565 step=21700 train=2.12028 val=1.937058264017105 lr=0.0002323
2026-10-01 12:54:40,178 step=21710 train=2.10462 val=None lr=0.00023224
2026-10-01 12:54:41,550 step=21720 train=2.17508 val=None lr=0.00023218
2026-10-01 12:54:43,099 step=21730 train=2.18511 val=None lr=0.00023212
2026-10-01 12:54:44,521 step=21740 train=1.93060 val=None lr=0.00023206
2026-10-01 12:54:43,887 step=21750 train=1.68498 val=None lr=0.000232
2026-10-01 12:54:45,179 step=21760 train=2.07771 val=None lr=0.00023194
2026-10-01 12:54:46,616 step=21770 train=1.86415 val=None lr=0.000231879
2026-10-01 12:54:47,882 step=21780 train=2.03832 val=None lr=0.000231819
2026-10-01 12:54:49,309 step=21790 train=2.14486 val=None lr=0.000231759
2026-10-01 12:54:51,325 step=21800 train=1.89535 val=1.9390440583229065 lr=0.000231699
2026-10-01 12:54:52,477 step=21810 train=2.18890 val=None lr=0.000231639
2026-10-01 12:54:53,646 step=21820 train=2.13285 val=None lr=0.000231578
2026-10-01 12:54:55,037 step=21830 train=1.88982 val=None lr=0.000231518
2026-10-01 12:54:56,189 step=21840 train=2.15455 val=None lr=0.000231458
2026-10-01 12:54:57,731 step=21850 train=2.10253 val=None lr=0.000231398
2026-10-01 12:54:59,462 step=21860 train=2.02742 val=None lr=0.000231337
2026-10-01 12:55:00,913 step=21870 train=1.94263 val=None lr=0.000231277
2026-10-01 12:55:02,474 step=21880 train=1.66697 val=None lr=0.000231217
2026-10-01 12:55:03,688 step=21890 train=2.08325 val=None lr=0.000231156
2026-10-01 12:55:06,547 step=21900 train=1.76047 val=1.9360364556312561 lr=0.000231096
2026-10-01 12:55:08,041 step=21910 train=1.97594 val=None lr=0.000231036
2026-10-01 12:55:09,319 step=21920 train=2.01510 val=None lr=0.000230975
2026-10-01 12:55:10,745 step=21930 train=2.10458 val=None lr=0.000230915
2026-10-01 12:55:12,019 step=21940 train=1.97751 val=None lr=0.000230854
2026-10-01 12:55:13,256 step=21950 train=1.85656 val=None lr=0.000230794
2026-10-01 12:55:14,590 step=21960 train=1.79010 val=None lr=0.000230733
2026-10-01 12:55:16,050 step=21970 train=1.88174 val=None lr=0.000230673
2026-10-01 12:55:15,381 step=21980 train=1.95200 val=None lr=0.000230612
2026-10-01 12:55:16,977 step=21990 train=2.25401 val=None lr=0.000230552
2026-10-01 12:55:19,314 step=22000 train=1.73339 val=1.9332955718040465 lr=0.000230491
2026-10-01 12:55:21,908 step=22010 train=2.14512 val=None lr=0.000230431
2026-10-01 12:55:23,485 step=22020 train=1.97741 val=None lr=0.00023037
2026-10-01 12:55:24,888 step=22030 train=1.79037 val=None lr=0.00023031
2026-10-01 12:55:26,180 step=22040 train=1.72457 val=None lr=0.000230249
2026-10-01 12:55:27,529 step=22050 train=1.83445 val=None lr=0.000230188
2026-10-01 12:55:28,945 step=22060 train=2.12611 val=None lr=0.000230128
2026-10-01 12:55:30,273 step=22070 train=1.81076 val=None lr=0.000230067
2026-10-01 12:55:31,566 step=22080 train=2.16000 val=None lr=0.000230006
2026-10-01 12:55:32,888 step=22090 train=2.26800 val=None lr=0.000229946
2026-10-01 12:55:35,175 step=22100 train=1.83914 val=1.9325507938861848 lr=0.000229885
2026-10-01 12:55:36,430 step=22110 train=1.98862 val=None lr=0.000229824
2026-10-01 12:55:37,725 step=22120 train=1.99491 val=None lr=0.000229764
2026-10-01 12:55:38,901 step=22130 train=2.03365 val=None lr=0.000229703
2026-10-01 12:55:40,120 step=22140 train=1.94932 val=None lr=0.000229642
2026-10-01 12:55:41,363 step=22150 train=2.26946 val=None lr=0.000229581
2026-10-01 12:55:42,855 step=22160 train=2.12512 val=None lr=0.00022952
2026-10-01 12:55:44,357 step=22170 train=1.79381 val=None lr=0.00022946
2026-10-01 12:55:45,856 step=22180 train=2.05448 val=None lr=0.000229399
2026-10-01 12:55:45,099 step=22190 train=2.02835 val=None lr=0.000229338
2026-10-01 12:55:46,999 step=22200 train=2.31098 val=1.934293270111084 lr=0.000229277
2026-10-01 12:55:48,174 step=22210 train=1.76999 val=None lr=0.000229216
2026-10-01 12:55:49,353 step=22220 train=1.90876 val=None lr=0.000229155
2026-10-01 12:55:50,808 step=22230 train=2.05571 val=None lr=0.000229094
2026-10-01 12:55:51,944 step=22240 train=2.18629 val=None lr=0.000229033
2026-10-01 12:55:53,078 step=22250 train=1.95111 val=None lr=0.000228972
2026-10-01 12:55:54,488 step=22260 train=1.79634 val=None lr=0.000228911
2026-10-01 12:55:55,695 step=22270 train=1.75535 val=None lr=0.00022885
2026-10-01 12:55:57,135 step=22280 train=1.90011 val=None lr=0.000228789
2026-10-01 12:55:58,409 step=22290 train=1.96097 val=None lr=0.000228728
2026-10-01 12:56:00,680 step=22300 train=2.08638 val=1.9282227396965026 lr=0.000228667
2026-10-01 12:56:01,829 step=22310 train=1.93439 val=None lr=0.000228606
2026-10-01 12:56:03,482 step=22320 train=2.10871 val=None lr=0.000228545
2026-10-01 12:56:04,933 step=22330 train=2.09339 val=None lr=0.000228484
2026-10-01 12:56:06,686 step=22340 train=1.93420 val=None lr=0.000228423
2026-10-01 12:56:08,077 step=22350 train=2.01726 val=None lr=0.000228362
2026-10-01 12:56:09,734 step=22360 train=1.90654 val=None lr=0.000228301
2026-10-01 12:56:11,211 step=22370 train=1.92657 val=None lr=0.000228239
2026-10-01 12:56:12,720 step=22380 train=1.94427 val=None lr=0.000228178
2026-10-01 12:56:14,392 step=22390 train=1.77101 val=None lr=0.000228117
2026-10-01 12:56:16,670 step=22400 train=2.05765 val=1.925267094373703 lr=0.000228056
2026-10-01 12:56:15,763 step=22410 train=1.99475 val=None lr=0.000227995
2026-10-01 12:56:16,932 step=22420 train=1.92451 val=None lr=0.000227933
2026-10-01 12:56:18,411 step=22430 train=1.97923 val=None lr=0.000227872
2026-10-01 12:56:20,028 step=22440 train=1.89831 val=None lr=0.000227811
2026-10-01 12:56:21,628 step=22450 train=1.71743 val=None lr=0.000227749
2026-10-01 12:56:23,115 step=22460 train=1.84167 val=None lr=0.000227688
2026-10-01 12:56:24,438 step=22470 train=1.90926 val=None lr=0.000227627
2026-10-01 12:56:25,896 step=22480 train=1.74557 val=None lr=0.000227565
2026-10-01 12:56:27,370 step=22490 train=2.00467 val=None lr=0.000227504
2026-10-01 12:56:29,475 step=22500 train=1.95909 val=1.926417464017868 lr=0.000227443
2026-10-01 12:56:31,822 step=22510 train=2.01472 val=None lr=0.000227381
2026-10-01 12:56:33,448 step=22520 train=2.02910 val=None lr=0.00022732
2026-10-01 12:56:34,816 step=22530 train=1.76760 val=None lr=0.000227258
2026-10-01 12:56:36,048 step=22540 train=1.94973 val=None lr=0.000227197
2026-10-01 12:56:37,235 step=22550 train=1.77114 val=None lr=0.000227136
2026-10-01 12:56:38,645 step=22560 train=2.08275 val=None lr=0.000227074
2026-10-01 12:56:39,954 step=22570 train=1.90476 val=None lr=0.000227013
2026-10-01 12:56:40,212 step=22572 train=2.56684 val=None lr=0.000227
2026-10-01 12:56:41,257 Stopped after step 22572; rerun the same command to resume.
2026-10-01 13:16:19,401 32m_128mtoken: parameters=30693888, target steps=62500, processed tokens=128000000, resume step=22572
2026-10-01 13:16:22,171 step=22580 train=1.95243 val=None lr=0.000226951
2026-10-01 13:16:23,359 step=22590 train=1.84394 val=None lr=0.000226889
2026-10-01 13:16:25,560 step=22600 train=2.10698 val=1.9217667818069457 lr=0.000226828
2026-10-01 13:16:26,692 step=22610 train=1.83235 val=None lr=0.000226766
2026-10-01 13:16:28,291 step=22620 train=2.06333 val=None lr=0.000226705
2026-10-01 13:16:29,570 step=22630 train=1.74905 val=None lr=0.000226643
2026-10-01 13:16:30,891 step=22640 train=1.94026 val=None lr=0.000226582
2026-10-01 13:16:31,987 step=22650 train=1.63556 val=None lr=0.00022652
2026-10-01 13:16:33,051 step=22660 train=1.91008 val=None lr=0.000226458
2026-10-01 13:16:34,121 step=22670 train=2.03322 val=None lr=0.000226397
2026-10-01 13:16:35,178 step=22680 train=2.23417 val=None lr=0.000226335
2026-10-01 13:16:36,281 step=22690 train=2.03512 val=None lr=0.000226273
2026-10-01 13:16:38,103 step=22700 train=2.02369 val=1.9251522541046142 lr=0.000226212
2026-10-01 13:16:39,363 step=22710 train=1.74538 val=None lr=0.00022615
2026-10-01 13:16:40,534 step=22720 train=1.95340 val=None lr=0.000226088
2026-10-01 13:16:41,797 step=22730 train=1.65579 val=None lr=0.000226026
2026-10-01 13:16:43,029 step=22740 train=1.63863 val=None lr=0.000225965
2026-10-01 13:16:44,239 step=22750 train=1.88043 val=None lr=0.000225903
2026-10-01 13:16:45,438 step=22760 train=1.89560 val=None lr=0.000225841
2026-10-01 13:16:46,708 step=22770 train=1.87275 val=None lr=0.000225779
2026-10-01 13:16:47,881 step=22780 train=1.78051 val=None lr=0.000225717
2026-10-01 13:16:49,332 step=22790 train=1.91340 val=None lr=0.000225655
2026-10-01 13:16:51,659 step=22800 train=1.73045 val=1.9174327552318573 lr=0.000225594
2026-10-01 13:16:52,901 step=22810 train=1.79387 val=None lr=0.000225532
2026-10-01 13:16:54,150 step=22820 train=1.76903 val=None lr=0.00022547
2026-10-01 13:16:55,790 step=22830 train=1.80820 val=None lr=0.000225408
2026-10-01 13:16:56,983 step=22840 train=2.01253 val=None lr=0.000225346
2026-10-01 13:16:58,272 step=22850 train=1.92641 val=None lr=0.000225284
2026-10-01 13:16:59,435 step=22860 train=2.12148 val=None lr=0.000225222
2026-10-01 13:17:00,628 step=22870 train=1.77158 val=None lr=0.00022516
2026-10-01 13:17:01,997 step=22880 train=2.10938 val=None lr=0.000225098
2026-10-01 13:17:03,365 step=22890 train=1.95140 val=None lr=0.000225036
2026-10-01 13:17:05,591 step=22900 train=1.91943 val=1.9178927958011627 lr=0.000224974
2026-10-01 13:17:06,919 step=22910 train=1.85375 val=None lr=0.000224912
2026-10-01 13:17:08,135 step=22920 train=1.99250 val=None lr=0.00022485
2026-10-01 13:17:09,533 step=22930 train=1.67469 val=None lr=0.000224788
2026-10-01 13:17:10,864 step=22940 train=2.20751 val=None lr=0.000224726
2026-10-01 13:17:12,236 step=22950 train=2.03599 val=None lr=0.000224664
2026-10-01 13:17:13,653 step=22960 train=2.11062 val=None lr=0.000224602
2026-10-01 13:17:15,305 step=22970 train=1.83325 val=None lr=0.000224539
2026-10-01 13:17:16,598 step=22980 train=1.87180 val=None lr=0.000224477
2026-10-01 13:17:17,902 step=22990 train=1.83780 val=None lr=0.000224415
2026-10-01 13:17:20,205 step=23000 train=2.27921 val=1.9158359527587892 lr=0.000224353
2026-10-01 13:17:22,481 step=23010 train=2.11299 val=None lr=0.000224291
2026-10-01 13:17:23,641 step=23020 train=2.11947 val=None lr=0.000224229
2026-10-01 13:17:24,821 step=23030 train=1.84300 val=None lr=0.000224166
2026-10-01 13:17:25,989 step=23040 train=2.01083 val=None lr=0.000224104
2026-10-01 13:17:27,295 step=23050 train=1.86992 val=None lr=0.000224042
2026-10-01 13:17:28,549 step=23060 train=1.83482 val=None lr=0.000223979
2026-10-01 13:17:29,833 step=23070 train=2.01667 val=None lr=0.000223917
2026-10-01 13:17:31,097 step=23080 train=1.98843 val=None lr=0.000223855
2026-10-01 13:17:32,354 step=23090 train=2.03681 val=None lr=0.000223793
2026-10-01 13:17:35,156 step=23100 train=2.06719 val=1.9140907764434814 lr=0.00022373
2026-10-01 13:17:36,519 step=23110 train=1.90029 val=None lr=0.000223668
2026-10-01 13:17:37,788 step=23120 train=2.44826 val=None lr=0.000223605
2026-10-01 13:17:39,005 step=23130 train=2.11628 val=None lr=0.000223543
2026-10-01 13:17:40,190 step=23140 train=1.76147 val=None lr=0.000223481
2026-10-01 13:17:41,391 step=23150 train=1.86802 val=None lr=0.000223418
2026-10-01 13:17:42,597 step=23160 train=1.77592 val=None lr=0.000223356
2026-10-01 13:17:43,762 step=23170 train=1.99758 val=None lr=0.000223293
2026-10-01 13:17:44,991 step=23180 train=1.83274 val=None lr=0.000223231
2026-10-01 13:17:46,276 step=23190 train=1.88112 val=None lr=0.000223168
2026-10-01 13:17:48,471 step=23200 train=1.84794 val=1.912214022874832 lr=0.000223106
2026-10-01 13:17:49,765 step=23210 train=2.01119 val=None lr=0.000223043
2026-10-01 13:17:51,078 step=23220 train=2.00280 val=None lr=0.000222981
2026-10-01 13:17:52,172 step=23230 train=1.94429 val=None lr=0.000222918
2026-10-01 13:17:53,930 step=23240 train=2.07105 val=None lr=0.000222856
2026-10-01 13:17:55,053 step=23250 train=2.12059 val=None lr=0.000222793
2026-10-01 13:17:56,136 step=23260 train=2.31760 val=None lr=0.000222731
2026-10-01 13:17:57,273 step=23270 train=1.81849 val=None lr=0.000222668
2026-10-01 13:17:58,405 step=23280 train=2.00463 val=None lr=0.000222605
2026-10-01 13:17:59,545 step=23290 train=1.73751 val=None lr=0.000222543
2026-10-01 13:18:01,801 step=23300 train=1.96603 val=1.912122219800949 lr=0.00022248
2026-10-01 13:18:03,157 step=23310 train=1.96881 val=None lr=0.000222418
2026-10-01 13:18:04,626 step=23320 train=1.74196 val=None lr=0.000222355
2026-10-01 13:18:05,913 step=23330 train=2.27213 val=None lr=0.000222292
2026-10-01 13:18:07,035 step=23340 train=1.84279 val=None lr=0.000222229
2026-10-01 13:18:08,204 step=23350 train=1.93700 val=None lr=0.000222167
2026-10-01 13:18:09,522 step=23360 train=1.94364 val=None lr=0.000222104
2026-10-01 13:18:10,769 step=23370 train=2.06961 val=None lr=0.000222041
2026-10-01 13:18:12,150 step=23380 train=1.92920 val=None lr=0.000221978
2026-10-01 13:18:13,477 step=23390 train=1.67756 val=None lr=0.000221916
2026-10-01 13:18:15,846 step=23400 train=1.67452 val=1.9107000470161437 lr=0.000221853
2026-10-01 13:18:17,187 step=23410 train=2.10998 val=None lr=0.00022179
2026-10-01 13:18:18,417 step=23420 train=2.02675 val=None lr=0.000221727
2026-10-01 13:18:19,609 step=23430 train=2.04140 val=None lr=0.000221664
2026-10-01 13:18:20,758 step=23440 train=1.76892 val=None lr=0.000221602
2026-10-01 13:18:22,158 step=23450 train=2.07527 val=None lr=0.000221539
2026-10-01 13:18:23,483 step=23460 train=1.87310 val=None lr=0.000221476
2026-10-01 13:18:24,793 step=23470 train=1.95878 val=None lr=0.000221413
2026-10-01 13:18:26,195 step=23480 train=2.13767 val=None lr=0.00022135
2026-10-01 13:18:27,410 step=23490 train=1.81406 val=None lr=0.000221287
2026-10-01 13:18:29,861 step=23500 train=1.98975 val=1.9074260294437408 lr=0.000221224
2026-10-01 13:18:32,232 step=23510 train=1.98928 val=None lr=0.000221161
2026-10-01 13:18:33,502 step=23520 train=1.88996 val=None lr=0.000221098
2026-10-01 13:18:34,794 step=23530 train=1.99807 val=None lr=0.000221035
2026-10-01 13:18:35,972 step=23540 train=2.14878 val=None lr=0.000220972
2026-10-01 13:18:37,328 step=23550 train=1.77584 val=None lr=0.000220909
2026-10-01 13:18:38,591 step=23560 train=2.25480 val=None lr=0.000220846
2026-10-01 13:18:39,994 step=23570 train=1.86799 val=None lr=0.000220783
2026-10-01 13:18:41,297 step=23580 train=1.97690 val=None lr=0.00022072
2026-10-01 13:18:42,421 step=23590 train=1.94095 val=None lr=0.000220657
2026-10-01 13:18:44,698 step=23600 train=1.88409 val=1.9050656139850617 lr=0.000220594
2026-10-01 13:18:45,864 step=23610 train=2.16611 val=None lr=0.000220531
2026-10-01 13:18:47,091 step=23620 train=1.92241 val=None lr=0.000220468
2026-10-01 13:18:48,387 step=23630 train=1.96247 val=None lr=0.000220405
2026-10-01 13:18:49,746 step=23640 train=1.89890 val=None lr=0.000220341
2026-10-01 13:18:50,900 step=23650 train=1.90411 val=None lr=0.000220278
2026-10-01 13:18:52,284 step=23660 train=1.85394 val=None lr=0.000220215
2026-10-01 13:18:53,524 step=23670 train=1.86984 val=None lr=0.000220152
2026-10-01 13:18:54,774 step=23680 train=1.89721 val=None lr=0.000220089
2026-10-01 13:18:55,938 step=23690 train=2.19424 val=None lr=0.000220025
2026-10-01 13:18:58,071 step=23700 train=1.55415 val=1.9000987887382508 lr=0.000219962
2026-10-01 13:18:59,323 step=23710 train=1.81501 val=None lr=0.000219899
2026-10-01 13:19:00,484 step=23720 train=1.76526 val=None lr=0.000219836
2026-10-01 13:19:01,579 step=23730 train=1.89952 val=None lr=0.000219772
2026-10-01 13:19:02,700 step=23740 train=1.76253 val=None lr=0.000219709
2026-10-01 13:19:03,843 step=23750 train=1.98146 val=None lr=0.000219646
2026-10-01 13:19:05,270 step=23760 train=1.74533 val=None lr=0.000219582
2026-10-01 13:19:06,448 step=23770 train=1.83597 val=None lr=0.000219519
2026-10-01 13:19:07,688 step=23780 train=1.91974 val=None lr=0.000219456
2026-10-01 13:19:08,987 step=23790 train=2.01245 val=None lr=0.000219392
2026-10-01 13:19:11,248 step=23800 train=1.84888 val=1.9066498637199403 lr=0.000219329
2026-10-01 13:19:12,540 step=23810 train=1.88726 val=None lr=0.000219266
2026-10-01 13:19:13,904 step=23820 train=1.72101 val=None lr=0.000219202
2026-10-01 13:19:15,138 step=23830 train=2.19790 val=None lr=0.000219139
2026-10-01 13:19:16,363 step=23840 train=1.92302 val=None lr=0.000219075
2026-10-01 13:19:17,556 step=23850 train=2.32386 val=None lr=0.000219012
2026-10-01 13:19:18,775 step=23860 train=1.82251 val=None lr=0.000218948
2026-10-01 13:19:20,086 step=23870 train=1.90755 val=None lr=0.000218885
2026-10-01 13:19:21,245 step=23880 train=1.92163 val=None lr=0.000218821
2026-10-01 13:19:22,347 step=23890 train=2.16254 val=None lr=0.000218758
2026-10-01 13:19:24,116 step=23900 train=2.05940 val=1.9064658105373382 lr=0.000218694
2026-10-01 13:19:25,401 step=23910 train=2.01465 val=None lr=0.000218631
2026-10-01 13:19:26,721 step=23920 train=1.98640 val=None lr=0.000218567
2026-10-01 13:19:27,933 step=23930 train=2.28972 val=None lr=0.000218504
2026-10-01 13:19:29,104 step=23940 train=1.88639 val=None lr=0.00021844
2026-10-01 13:19:30,210 step=23950 train=2.12608 val=None lr=0.000218377
2026-10-01 13:19:31,448 step=23960 train=1.88813 val=None lr=0.000218313
2026-10-01 13:19:32,662 step=23970 train=1.94334 val=None lr=0.000218249
2026-10-01 13:19:34,073 step=23980 train=1.96835 val=None lr=0.000218186
2026-10-01 13:19:35,377 step=23990 train=2.26233 val=None lr=0.000218122
2026-10-01 13:19:37,089 step=24000 train=2.07813 val=1.9034554839134217 lr=0.000218058
2026-10-01 13:19:39,714 step=24010 train=1.67742 val=None lr=0.000217995
2026-10-01 13:19:40,951 step=24020 train=2.00432 val=None lr=0.000217931
2026-10-01 13:19:42,200 step=24030 train=2.05345 val=None lr=0.000217867
2026-10-01 13:19:43,453 step=24040 train=1.95818 val=None lr=0.000217804
2026-10-01 13:19:44,624 step=24050 train=1.97797 val=None lr=0.00021774
2026-10-01 13:19:45,951 step=24060 train=2.02632 val=None lr=0.000217676
2026-10-01 13:19:47,120 step=24070 train=1.89800 val=None lr=0.000217612
2026-10-01 13:19:48,254 step=24080 train=2.05521 val=None lr=0.000217549
2026-10-01 13:19:49,595 step=24090 train=1.92030 val=None lr=0.000217485
2026-10-01 13:19:51,641 step=24100 train=1.84692 val=1.9041782021522522 lr=0.000217421
2026-10-01 13:19:52,951 step=24110 train=2.07677 val=None lr=0.000217357
2026-10-01 13:19:54,106 step=24120 train=1.99818 val=None lr=0.000217293
2026-10-01 13:19:55,231 step=24130 train=2.00298 val=None lr=0.000217229
2026-10-01 13:19:56,440 step=24140 train=1.72292 val=None lr=0.000217166
2026-10-01 13:19:57,713 step=24150 train=1.79394 val=None lr=0.000217102
2026-10-01 13:19:58,946 step=24160 train=1.91786 val=None lr=0.000217038
2026-10-01 13:20:00,106 step=24170 train=2.10329 val=None lr=0.000216974
2026-10-01 13:20:01,265 step=24180 train=2.14193 val=None lr=0.00021691
2026-10-01 13:20:02,466 step=24190 train=1.89963 val=None lr=0.000216846
2026-10-01 13:20:04,268 step=24200 train=2.06414 val=1.9007372856140137 lr=0.000216782
2026-10-01 13:20:05,406 step=24210 train=1.79244 val=None lr=0.000216718
2026-10-01 13:20:06,567 step=24220 train=2.08004 val=None lr=0.000216654
2026-10-01 13:20:07,673 step=24230 train=2.00603 val=None lr=0.00021659
2026-10-01 13:20:08,836 step=24240 train=1.77082 val=None lr=0.000216526
2026-10-01 13:20:10,117 step=24250 train=2.00358 val=None lr=0.000216462
2026-10-01 13:20:11,307 step=24260 train=2.19346 val=None lr=0.000216398
2026-10-01 13:20:12,546 step=24270 train=1.92679 val=None lr=0.000216334
2026-10-01 13:20:13,905 step=24280 train=1.93013 val=None lr=0.00021627
2026-10-01 13:20:15,112 step=24290 train=2.05684 val=None lr=0.000216206
2026-10-01 13:20:17,670 step=24300 train=1.95960 val=1.8941777884960174 lr=0.000216142
2026-10-01 13:20:18,881 step=24310 train=1.81847 val=None lr=0.000216078
2026-10-01 13:20:20,221 step=24320 train=1.88750 val=None lr=0.000216014
2026-10-01 13:20:21,596 step=24330 train=1.65106 val=None lr=0.00021595
2026-10-01 13:20:23,008 step=24340 train=2.19926 val=None lr=0.000215886
2026-10-01 13:20:24,266 step=24350 train=1.79328 val=None lr=0.000215821
2026-10-01 13:20:25,517 step=24360 train=1.72964 val=None lr=0.000215757
2026-10-01 13:20:26,688 step=24370 train=1.96195 val=None lr=0.000215693
2026-10-01 13:20:27,902 step=24380 train=1.89276 val=None lr=0.000215629
2026-10-01 13:20:29,290 step=24390 train=1.98366 val=None lr=0.000215565
2026-10-01 13:20:31,151 step=24400 train=1.83674 val=1.8944882333278656 lr=0.000215501
2026-10-01 13:20:32,304 step=24410 train=1.82374 val=None lr=0.000215436
2026-10-01 13:20:33,524 step=24420 train=1.96664 val=None lr=0.000215372
2026-10-01 13:20:34,731 step=24430 train=1.93863 val=None lr=0.000215308
2026-10-01 13:20:35,958 step=24440 train=1.94479 val=None lr=0.000215244
2026-10-01 13:20:37,061 step=24450 train=1.76580 val=None lr=0.000215179
2026-10-01 13:20:38,189 step=24460 train=1.95500 val=None lr=0.000215115
2026-10-01 13:20:39,665 step=24470 train=1.80843 val=None lr=0.000215051
2026-10-01 13:20:41,037 step=24480 train=1.93789 val=None lr=0.000214986
2026-10-01 13:20:42,226 step=24490 train=1.94654 val=None lr=0.000214922
2026-10-01 13:20:44,705 step=24500 train=1.77942 val=1.8915381252765655 lr=0.000214858
2026-10-01 13:20:46,942 step=24510 train=1.60939 val=None lr=0.000214793
2026-10-01 13:20:48,147 step=24520 train=1.92988 val=None lr=0.000214729
2026-10-01 13:20:49,648 step=24530 train=1.81824 val=None lr=0.000214665
2026-10-01 13:20:51,088 step=24540 train=1.78031 val=None lr=0.0002146
2026-10-01 13:20:52,263 step=24550 train=1.83667 val=None lr=0.000214536
2026-10-01 13:20:53,448 step=24560 train=1.96636 val=None lr=0.000214471
2026-10-01 13:20:54,739 step=24570 train=1.98719 val=None lr=0.000214407
2026-10-01 13:20:55,942 step=24580 train=1.93147 val=None lr=0.000214343
2026-10-01 13:20:57,109 step=24590 train=1.98724 val=None lr=0.000214278
2026-10-01 13:20:59,364 step=24600 train=2.19347 val=1.8904037654399872 lr=0.000214214
2026-10-01 13:21:00,473 step=24610 train=1.69508 val=None lr=0.000214149
2026-10-01 13:21:01,766 step=24620 train=1.73112 val=None lr=0.000214085
2026-10-01 13:21:02,959 step=24630 train=1.87390 val=None lr=0.00021402
2026-10-01 13:21:04,246 step=24640 train=2.35188 val=None lr=0.000213956
2026-10-01 13:21:05,699 step=24650 train=2.06820 val=None lr=0.000213891
2026-10-01 13:21:07,079 step=24660 train=1.71345 val=None lr=0.000213826
2026-10-01 13:21:08,398 step=24670 train=2.05159 val=None lr=0.000213762
2026-10-01 13:21:09,675 step=24680 train=1.98400 val=None lr=0.000213697
2026-10-01 13:21:10,879 step=24690 train=2.08222 val=None lr=0.000213633
2026-10-01 13:21:13,109 step=24700 train=1.83953 val=1.8864108562469482 lr=0.000213568
2026-10-01 13:21:14,533 step=24710 train=1.91909 val=None lr=0.000213504
2026-10-01 13:21:15,777 step=24720 train=1.85832 val=None lr=0.000213439
2026-10-01 13:21:17,006 step=24730 train=1.99221 val=None lr=0.000213374
2026-10-01 13:21:18,285 step=24740 train=1.93172 val=None lr=0.00021331
2026-10-01 13:21:19,527 step=24750 train=1.69413 val=None lr=0.000213245
2026-10-01 13:21:20,657 step=24760 train=1.94568 val=None lr=0.00021318
2026-10-01 13:21:21,861 step=24770 train=1.85842 val=None lr=0.000213116
2026-10-01 13:21:23,036 step=24780 train=1.92597 val=None lr=0.000213051
2026-10-01 13:21:24,276 step=24790 train=1.68162 val=None lr=0.000212986
2026-10-01 13:21:26,019 step=24800 train=2.00782 val=1.8909609198570252 lr=0.000212921
2026-10-01 13:21:27,251 step=24810 train=2.05017 val=None lr=0.000212857
2026-10-01 13:21:28,428 step=24820 train=2.06940 val=None lr=0.000212792
2026-10-01 13:21:29,912 step=24830 train=2.04241 val=None lr=0.000212727
2026-10-01 13:21:31,206 step=24840 train=1.80799 val=None lr=0.000212662
2026-10-01 13:21:32,346 step=24850 train=1.90016 val=None lr=0.000212598
2026-10-01 13:21:33,530 step=24860 train=1.98223 val=None lr=0.000212533
2026-10-01 13:21:34,720 step=24870 train=1.98238 val=None lr=0.000212468
2026-10-01 13:21:35,881 step=24880 train=1.73670 val=None lr=0.000212403
2026-10-01 13:21:37,083 step=24890 train=1.61618 val=None lr=0.000212338
2026-10-01 13:21:39,141 step=24900 train=1.92033 val=1.8943682730197906 lr=0.000212273
2026-10-01 13:21:40,475 step=24910 train=1.75208 val=None lr=0.000212209
2026-10-01 13:21:41,601 step=24920 train=2.07193 val=None lr=0.000212144
2026-10-01 13:21:42,827 step=24930 train=1.96541 val=None lr=0.000212079
2026-10-01 13:21:44,090 step=24940 train=2.09621 val=None lr=0.000212014
2026-10-01 13:21:45,421 step=24950 train=1.62684 val=None lr=0.000211949
2026-10-01 13:21:46,764 step=24960 train=1.83022 val=None lr=0.000211884
2026-10-01 13:21:48,384 step=24970 train=1.66830 val=None lr=0.000211819
2026-10-01 13:21:49,830 step=24980 train=1.89700 val=None lr=0.000211754
2026-10-01 13:21:51,203 step=24990 train=2.10123 val=None lr=0.000211689
2026-10-01 13:21:53,052 step=25000 train=1.90549 val=1.8893918454647065 lr=0.000211624
2026-10-01 13:21:55,120 step=25010 train=1.80268 val=None lr=0.000211559
2026-10-01 13:21:56,430 step=25020 train=1.94359 val=None lr=0.000211494
2026-10-01 13:21:57,852 step=25030 train=1.85979 val=None lr=0.000211429
2026-10-01 13:21:59,196 step=25040 train=1.75695 val=None lr=0.000211364
2026-10-01 13:22:00,450 step=25050 train=1.90169 val=None lr=0.000211299
2026-10-01 13:22:01,685 step=25060 train=1.83309 val=None lr=0.000211234
2026-10-01 13:22:02,817 step=25070 train=1.90205 val=None lr=0.000211169
2026-10-01 13:22:03,944 step=25080 train=2.35314 val=None lr=0.000211104
2026-10-01 13:22:05,083 step=25090 train=2.03600 val=None lr=0.000211039
2026-10-01 13:22:07,346 step=25100 train=1.94538 val=1.8844458222389222 lr=0.000210974
2026-10-01 13:22:08,531 step=25110 train=1.94937 val=None lr=0.000210909
2026-10-01 13:22:09,650 step=25120 train=1.91605 val=None lr=0.000210844
2026-10-01 13:22:10,956 step=25130 train=2.14579 val=None lr=0.000210778
2026-10-01 13:22:12,227 step=25140 train=2.16389 val=None lr=0.000210713
2026-10-01 13:22:13,812 step=25150 train=1.77419 val=None lr=0.000210648
2026-10-01 13:22:15,263 step=25160 train=2.06247 val=None lr=0.000210583
2026-10-01 13:22:16,416 step=25170 train=2.06221 val=None lr=0.000210518
2026-10-01 13:22:17,786 step=25180 train=1.89779 val=None lr=0.000210453
2026-10-01 13:22:18,972 step=25190 train=2.19816 val=None lr=0.000210387
2026-10-01 13:22:21,165 step=25200 train=2.20226 val=1.8836316406726836 lr=0.000210322
2026-10-01 13:22:22,360 step=25210 train=1.86517 val=None lr=0.000210257
2026-10-01 13:22:23,682 step=25220 train=2.07882 val=None lr=0.000210192
2026-10-01 13:22:24,839 step=25230 train=1.89176 val=None lr=0.000210126
2026-10-01 13:22:26,133 step=25240 train=2.03786 val=None lr=0.000210061
2026-10-01 13:22:27,402 step=25250 train=1.73615 val=None lr=0.000209996
2026-10-01 13:22:28,688 step=25260 train=2.04748 val=None lr=0.000209931
2026-10-01 13:22:29,807 step=25270 train=1.95719 val=None lr=0.000209865
2026-10-01 13:22:31,136 step=25280 train=1.92763 val=None lr=0.0002098
2026-10-01 13:22:32,495 step=25290 train=2.01003 val=None lr=0.000209735
2026-10-01 13:22:34,848 step=25300 train=2.03959 val=1.8814378261566163 lr=0.000209669
2026-10-01 13:22:36,170 step=25310 train=1.87876 val=None lr=0.000209604
2026-10-01 13:22:37,260 step=25320 train=1.83552 val=None lr=0.000209539
2026-10-01 13:22:38,313 step=25330 train=2.08774 val=None lr=0.000209473
2026-10-01 13:22:39,405 step=25340 train=2.02115 val=None lr=0.000209408
2026-10-01 13:22:40,859 step=25350 train=2.00378 val=None lr=0.000209343
2026-10-01 13:22:42,037 step=25360 train=1.98280 val=None lr=0.000209277
2026-10-01 13:22:43,131 step=25370 train=1.84258 val=None lr=0.000209212
2026-10-01 13:22:44,322 step=25380 train=1.76917 val=None lr=0.000209146
2026-10-01 13:22:45,545 step=25390 train=1.79431 val=None lr=0.000209081
2026-10-01 13:22:47,362 step=25400 train=2.14584 val=1.882716131210327 lr=0.000209015
2026-10-01 13:22:48,546 step=25410 train=1.86654 val=None lr=0.00020895
2026-10-01 13:22:49,696 step=25420 train=1.71499 val=None lr=0.000208884
2026-10-01 13:22:50,817 step=25430 train=2.14572 val=None lr=0.000208819
2026-10-01 13:22:51,970 step=25440 train=1.84753 val=None lr=0.000208753
2026-10-01 13:22:53,109 step=25450 train=2.04815 val=None lr=0.000208688
2026-10-01 13:22:54,211 step=25460 train=1.96300 val=None lr=0.000208622
2026-10-01 13:22:55,413 step=25470 train=1.81642 val=None lr=0.000208557
2026-10-01 13:22:56,617 step=25480 train=1.88581 val=None lr=0.000208491
2026-10-01 13:22:57,857 step=25490 train=1.75007 val=None lr=0.000208426
2026-10-01 13:23:00,072 step=25500 train=1.90260 val=1.8787410736083985 lr=0.00020836
2026-10-01 13:23:02,631 step=25510 train=1.91139 val=None lr=0.000208295
2026-10-01 13:23:03,739 step=25520 train=1.87353 val=None lr=0.000208229
2026-10-01 13:23:04,850 step=25530 train=1.85663 val=None lr=0.000208163
2026-10-01 13:23:06,082 step=25540 train=2.04824 val=None lr=0.000208098
2026-10-01 13:23:07,231 step=25550 train=2.08997 val=None lr=0.000208032
2026-10-01 13:23:08,625 step=25560 train=1.75593 val=None lr=0.000207967
2026-10-01 13:23:09,732 step=25570 train=1.79149 val=None lr=0.000207901
2026-10-01 13:23:10,830 step=25580 train=1.76050 val=None lr=0.000207835
2026-10-01 13:23:12,190 step=25590 train=1.72487 val=None lr=0.00020777
2026-10-01 13:23:14,866 step=25600 train=1.96872 val=1.8760824799537659 lr=0.000207704
2026-10-01 13:23:16,194 step=25610 train=2.06985 val=None lr=0.000207638
2026-10-01 13:23:17,551 step=25620 train=1.97035 val=None lr=0.000207572
2026-10-01 13:23:18,803 step=25630 train=1.88952 val=None lr=0.000207507
2026-10-01 13:23:20,053 step=25640 train=1.85769 val=None lr=0.000207441
2026-10-01 13:23:21,302 step=25650 train=2.06546 val=None lr=0.000207375
2026-10-01 13:23:22,408 step=25660 train=1.99582 val=None lr=0.00020731
2026-10-01 13:23:23,498 step=25670 train=1.79153 val=None lr=0.000207244
2026-10-01 13:23:24,576 step=25680 train=1.91506 val=None lr=0.000207178
2026-10-01 13:23:25,740 step=25690 train=1.82233 val=None lr=0.000207112
2026-10-01 13:23:27,445 step=25700 train=1.73299 val=1.8789852499961852 lr=0.000207046
2026-10-01 13:23:28,558 step=25710 train=1.88350 val=None lr=0.000206981
2026-10-01 13:23:29,781 step=25720 train=1.75527 val=None lr=0.000206915
2026-10-01 13:23:31,001 step=25730 train=1.94502 val=None lr=0.000206849
2026-10-01 13:23:32,105 step=25740 train=2.23191 val=None lr=0.000206783
2026-10-01 13:23:33,549 step=25750 train=1.95928 val=None lr=0.000206717
2026-10-01 13:23:34,619 step=25760 train=1.83430 val=None lr=0.000206651
2026-10-01 13:23:35,699 step=25770 train=1.77882 val=None lr=0.000206586
2026-10-01 13:23:36,879 step=25780 train=2.33819 val=None lr=0.00020652
2026-10-01 13:23:38,108 step=25790 train=1.99280 val=None lr=0.000206454
2026-10-01 13:23:39,877 step=25800 train=2.03479 val=1.8771090269088746 lr=0.000206388
2026-10-01 13:23:41,046 step=25810 train=2.02700 val=None lr=0.000206322
2026-10-01 13:23:42,193 step=25820 train=1.85046 val=None lr=0.000206256
2026-10-01 13:23:43,310 step=25830 train=1.74207 val=None lr=0.00020619
2026-10-01 13:23:44,397 step=25840 train=1.68483 val=None lr=0.000206124
2026-10-01 13:23:45,586 step=25850 train=1.96228 val=None lr=0.000206058
2026-10-01 13:23:46,646 step=25860 train=1.65724 val=None lr=0.000205992
2026-10-01 13:23:47,716 step=25870 train=1.89968 val=None lr=0.000205926
2026-10-01 13:23:48,836 step=25880 train=1.78990 val=None lr=0.00020586
2026-10-01 13:23:49,914 step=25890 train=1.78631 val=None lr=0.000205794
2026-10-01 13:23:52,293 step=25900 train=2.09388 val=1.8747900247573852 lr=0.000205728
2026-10-01 13:23:53,454 step=25910 train=1.93056 val=None lr=0.000205662
2026-10-01 13:23:54,530 step=25920 train=1.76960 val=None lr=0.000205596
2026-10-01 13:23:55,891 step=25930 train=1.83876 val=None lr=0.00020553
2026-10-01 13:23:57,329 step=25940 train=1.91109 val=None lr=0.000205464
2026-10-01 13:23:58,569 step=25950 train=2.02214 val=None lr=0.000205398
2026-10-01 13:23:59,655 step=25960 train=1.91704 val=None lr=0.000205332
2026-10-01 13:24:00,749 step=25970 train=1.89855 val=None lr=0.000205266
2026-10-01 13:24:01,876 step=25980 train=2.00310 val=None lr=0.0002052
2026-10-01 13:24:03,178 step=25990 train=2.01901 val=None lr=0.000205134
2026-10-01 13:24:05,478 step=26000 train=1.96444 val=1.8727873384952545 lr=0.000205068
2026-10-01 13:24:07,820 step=26010 train=1.85195 val=None lr=0.000205001
2026-10-01 13:24:08,966 step=26020 train=2.06163 val=None lr=0.000204935
2026-10-01 13:24:10,036 step=26030 train=1.88884 val=None lr=0.000204869
2026-10-01 13:24:11,156 step=26040 train=2.03275 val=None lr=0.000204803
2026-10-01 13:24:12,269 step=26050 train=1.86760 val=None lr=0.000204737
2026-10-01 13:24:13,391 step=26060 train=1.56979 val=None lr=0.000204671
2026-10-01 13:24:14,649 step=26070 train=1.93265 val=None lr=0.000204604
2026-10-01 13:24:15,817 step=26080 train=1.69892 val=None lr=0.000204538
2026-10-01 13:24:17,563 step=26090 train=2.01769 val=None lr=0.000204472
2026-10-01 13:24:19,765 step=26100 train=1.85837 val=1.8704590499401093 lr=0.000204406
2026-10-01 13:24:20,908 step=26110 train=1.91470 val=None lr=0.00020434
2026-10-01 13:24:22,117 step=26120 train=2.22231 val=None lr=0.000204273
2026-10-01 13:24:23,247 step=26130 train=2.01528 val=None lr=0.000204207
2026-10-01 13:24:24,431 step=26140 train=1.89652 val=None lr=0.000204141
2026-10-01 13:24:25,643 step=26150 train=1.86293 val=None lr=0.000204075
2026-10-01 13:24:26,940 step=26160 train=2.05343 val=None lr=0.000204008
2026-10-01 13:24:28,070 step=26170 train=1.62537 val=None lr=0.000203942
2026-10-01 13:24:29,246 step=26180 train=1.84910 val=None lr=0.000203876
2026-10-01 13:24:30,453 step=26190 train=1.55929 val=None lr=0.000203809
2026-10-01 13:24:32,216 step=26200 train=1.74737 val=1.8704927444458008 lr=0.000203743
2026-10-01 13:24:33,447 step=26210 train=1.69912 val=None lr=0.000203677
2026-10-01 13:24:34,520 step=26220 train=1.73552 val=None lr=0.00020361
2026-10-01 13:24:35,850 step=26230 train=1.95965 val=None lr=0.000203544
2026-10-01 13:24:37,097 step=26240 train=1.98350 val=None lr=0.000203478
2026-10-01 13:24:38,287 step=26250 train=2.07852 val=None lr=0.000203411
2026-10-01 13:24:39,404 step=26260 train=1.98064 val=None lr=0.000203345
2026-10-01 13:24:40,527 step=26270 train=1.73371 val=None lr=0.000203278
2026-10-01 13:24:41,786 step=26280 train=1.79797 val=None lr=0.000203212
2026-10-01 13:24:43,141 step=26290 train=1.89510 val=None lr=0.000203146
2026-10-01 13:24:44,945 step=26300 train=1.74929 val=1.872715550661087 lr=0.000203079
2026-10-01 13:24:46,424 step=26310 train=1.91076 val=None lr=0.000203013
2026-10-01 13:24:47,502 step=26320 train=1.74783 val=None lr=0.000202946
2026-10-01 13:24:48,598 step=26330 train=1.96134 val=None lr=0.00020288
2026-10-01 13:24:49,694 step=26340 train=1.93769 val=None lr=0.000202813
2026-10-01 13:24:50,856 step=26350 train=2.16561 val=None lr=0.000202747
2026-10-01 13:24:51,982 step=26360 train=1.93336 val=None lr=0.00020268
2026-10-01 13:24:53,529 step=26370 train=1.82734 val=None lr=0.000202614
2026-10-01 13:24:54,595 step=26380 train=1.88377 val=None lr=0.000202547
2026-10-01 13:24:55,910 step=26390 train=1.72173 val=None lr=0.000202481
2026-10-01 13:24:57,859 step=26400 train=1.91705 val=1.8742110431194305 lr=0.000202414
2026-10-01 13:24:58,991 step=26410 train=1.78777 val=None lr=0.000202348
2026-10-01 13:25:00,089 step=26420 train=1.79597 val=None lr=0.000202281
2026-10-01 13:25:01,153 step=26430 train=1.63740 val=None lr=0.000202215
2026-10-01 13:25:02,362 step=26440 train=1.99672 val=None lr=0.000202148
2026-10-01 13:25:03,542 step=26450 train=1.86555 val=None lr=0.000202082
2026-10-01 13:25:04,745 step=26460 train=1.65441 val=None lr=0.000202015
2026-10-01 13:25:05,976 step=26470 train=1.83665 val=None lr=0.000201948
2026-10-01 13:25:07,213 step=26480 train=1.93858 val=None lr=0.000201882
2026-10-01 13:25:08,407 step=26490 train=1.85335 val=None lr=0.000201815
2026-10-01 13:25:10,516 step=26500 train=1.86562 val=1.8666571140289308 lr=0.000201749
2026-10-01 13:25:12,762 step=26510 train=1.83277 val=None lr=0.000201682
2026-10-01 13:25:13,897 step=26520 train=1.78457 val=None lr=0.000201615
2026-10-01 13:25:15,221 step=26530 train=1.56367 val=None lr=0.000201549
2026-10-01 13:25:16,379 step=26540 train=1.75641 val=None lr=0.000201482
2026-10-01 13:25:17,618 step=26550 train=1.97831 val=None lr=0.000201415
2026-10-01 13:25:18,793 step=26560 train=1.98090 val=None lr=0.000201349
2026-10-01 13:25:20,060 step=26570 train=1.85131 val=None lr=0.000201282
2026-10-01 13:25:21,257 step=26580 train=1.88318 val=None lr=0.000201215
2026-10-01 13:25:22,565 step=26590 train=1.81323 val=None lr=0.000201149
2026-10-01 13:25:24,405 step=26600 train=1.75705 val=1.8701233565807343 lr=0.000201082
2026-10-01 13:25:25,662 step=26610 train=1.91443 val=None lr=0.000201015
2026-10-01 13:25:26,782 step=26620 train=1.91650 val=None lr=0.000200948
2026-10-01 13:25:27,927 step=26630 train=1.75735 val=None lr=0.000200882
2026-10-01 13:25:29,060 step=26640 train=1.83348 val=None lr=0.000200815
2026-10-01 13:25:30,246 step=26650 train=1.95445 val=None lr=0.000200748
2026-10-01 13:25:31,371 step=26660 train=2.12420 val=None lr=0.000200681
2026-10-01 13:25:32,497 step=26670 train=2.01805 val=None lr=0.000200615
2026-10-01 13:25:33,560 step=26680 train=2.03300 val=None lr=0.000200548
2026-10-01 13:25:34,841 step=26690 train=1.93974 val=None lr=0.000200481
2026-10-01 13:25:37,165 step=26700 train=2.01708 val=1.8670686960220337 lr=0.000200414
2026-10-01 13:25:38,303 step=26710 train=1.80784 val=None lr=0.000200347
2026-10-01 13:25:39,473 step=26720 train=2.11399 val=None lr=0.00020028
2026-10-01 13:25:40,735 step=26730 train=1.99079 val=None lr=0.000200214
2026-10-01 13:25:42,137 step=26740 train=1.86438 val=None lr=0.000200147
2026-10-01 13:25:43,277 step=26750 train=1.77878 val=None lr=0.00020008
2026-10-01 13:25:44,576 step=26760 train=1.84855 val=None lr=0.000200013
2026-10-01 13:25:45,780 step=26770 train=2.28089 val=None lr=0.000199946
2026-10-01 13:25:47,108 step=26780 train=1.76036 val=None lr=0.000199879
2026-10-01 13:25:48,283 step=26790 train=1.96614 val=None lr=0.000199812
2026-10-01 13:25:50,151 step=26800 train=1.75478 val=1.86776003241539 lr=0.000199745
2026-10-01 13:25:51,358 step=26810 train=1.77824 val=None lr=0.000199679
2026-10-01 13:25:52,727 step=26820 train=1.74348 val=None lr=0.000199612
2026-10-01 13:25:53,920 step=26830 train=1.75958 val=None lr=0.000199545
2026-10-01 13:25:55,035 step=26840 train=1.77533 val=None lr=0.000199478
2026-10-01 13:25:56,211 step=26850 train=1.78199 val=None lr=0.000199411
2026-10-01 13:25:57,375 step=26860 train=1.84686 val=None lr=0.000199344
2026-10-01 13:25:58,578 step=26870 train=1.90536 val=None lr=0.000199277
2026-10-01 13:25:59,730 step=26880 train=1.76009 val=None lr=0.00019921
2026-10-01 13:26:00,919 step=26890 train=1.81455 val=None lr=0.000199143
2026-10-01 13:26:03,087 step=26900 train=1.94359 val=1.8640062630176544 lr=0.000199076
2026-10-01 13:26:04,227 step=26910 train=1.96327 val=None lr=0.000199009
2026-10-01 13:26:05,445 step=26920 train=1.95893 val=None lr=0.000198942
2026-10-01 13:26:06,610 step=26930 train=2.00015 val=None lr=0.000198875
2026-10-01 13:26:07,863 step=26940 train=2.03843 val=None lr=0.000198808
2026-10-01 13:26:09,122 step=26950 train=2.22832 val=None lr=0.000198741
2026-10-01 13:26:10,571 step=26960 train=1.80231 val=None lr=0.000198674
2026-10-01 13:26:11,758 step=26970 train=1.89626 val=None lr=0.000198607
2026-10-01 13:26:12,901 step=26980 train=2.08417 val=None lr=0.00019854
2026-10-01 13:26:14,076 step=26990 train=1.95490 val=None lr=0.000198473
2026-10-01 13:26:15,850 step=27000 train=2.26444 val=1.86570702791214 lr=0.000198405
2026-10-01 13:26:18,215 step=27010 train=2.08366 val=None lr=0.000198338
2026-10-01 13:26:19,308 step=27020 train=1.87888 val=None lr=0.000198271
2026-10-01 13:26:20,420 step=27030 train=1.82123 val=None lr=0.000198204
2026-10-01 13:26:21,506 step=27040 train=2.02017 val=None lr=0.000198137
2026-10-01 13:26:22,713 step=27050 train=2.12111 val=None lr=0.00019807
2026-10-01 13:26:23,822 step=27060 train=2.18816 val=None lr=0.000198003
2026-10-01 13:26:25,010 step=27070 train=1.89398 val=None lr=0.000197936
2026-10-01 13:26:26,420 step=27080 train=2.10365 val=None lr=0.000197868
2026-10-01 13:26:27,624 step=27090 train=1.96746 val=None lr=0.000197801
2026-10-01 13:26:29,762 step=27100 train=1.89274 val=1.8633523881435394 lr=0.000197734
2026-10-01 13:26:30,862 step=27110 train=1.74478 val=None lr=0.000197667
2026-10-01 13:26:31,937 step=27120 train=1.85076 val=None lr=0.0001976
2026-10-01 13:26:33,026 step=27130 train=1.86109 val=None lr=0.000197533
2026-10-01 13:26:34,276 step=27140 train=1.80245 val=None lr=0.000197465
2026-10-01 13:26:35,495 step=27150 train=1.63169 val=None lr=0.000197398
2026-10-01 13:26:36,682 step=27160 train=1.85919 val=None lr=0.000197331
2026-10-01 13:26:37,868 step=27170 train=2.05340 val=None lr=0.000197264
2026-10-01 13:26:39,051 step=27180 train=1.88915 val=None lr=0.000197196
2026-10-01 13:26:40,133 step=27190 train=1.82945 val=None lr=0.000197129
2026-10-01 13:26:42,285 step=27200 train=1.76178 val=1.8614855527877807 lr=0.000197062
2026-10-01 13:26:43,340 step=27210 train=1.84120 val=None lr=0.000196995
2026-10-01 13:26:44,512 step=27220 train=1.92444 val=None lr=0.000196927
2026-10-01 13:26:45,574 step=27230 train=1.83095 val=None lr=0.00019686
2026-10-01 13:26:46,640 step=27240 train=1.97409 val=None lr=0.000196793
2026-10-01 13:26:47,763 step=27250 train=1.82926 val=None lr=0.000196725
2026-10-01 13:26:48,911 step=27260 train=1.91892 val=None lr=0.000196658
2026-10-01 13:26:50,185 step=27270 train=1.64470 val=None lr=0.000196591
2026-10-01 13:26:51,291 step=27280 train=1.71284 val=None lr=0.000196524
2026-10-01 13:26:52,653 step=27290 train=1.70556 val=None lr=0.000196456
2026-10-01 13:26:54,474 step=27300 train=1.65245 val=1.8627294063568116 lr=0.000196389
2026-10-01 13:26:55,721 step=27310 train=1.82576 val=None lr=0.000196322
2026-10-01 13:26:56,863 step=27320 train=1.92494 val=None lr=0.000196254
2026-10-01 13:26:58,008 step=27330 train=1.99358 val=None lr=0.000196187
2026-10-01 13:26:59,127 step=27340 train=1.81536 val=None lr=0.000196119
2026-10-01 13:27:00,323 step=27350 train=1.81351 val=None lr=0.000196052
2026-10-01 13:27:01,668 step=27360 train=1.85863 val=None lr=0.000195985
2026-10-01 13:27:02,739 step=27370 train=1.83890 val=None lr=0.000195917
2026-10-01 13:27:03,816 step=27380 train=2.00146 val=None lr=0.00019585
2026-10-01 13:27:04,917 step=27390 train=2.38825 val=None lr=0.000195782
2026-10-01 13:27:06,949 step=27400 train=2.17850 val=1.8593939006328584 lr=0.000195715
2026-10-01 13:27:08,049 step=27410 train=2.05284 val=None lr=0.000195648
2026-10-01 13:27:09,235 step=27420 train=1.74823 val=None lr=0.00019558
2026-10-01 13:27:10,377 step=27430 train=1.81622 val=None lr=0.000195513
2026-10-01 13:27:11,454 step=27440 train=1.70867 val=None lr=0.000195445
2026-10-01 13:27:12,787 step=27450 train=1.82322 val=None lr=0.000195378
2026-10-01 13:27:13,973 step=27460 train=1.69943 val=None lr=0.00019531
2026-10-01 13:27:15,267 step=27470 train=1.90517 val=None lr=0.000195243
2026-10-01 13:27:16,494 step=27480 train=1.92586 val=None lr=0.000195175
2026-10-01 13:27:17,550 step=27490 train=1.93702 val=None lr=0.000195108
2026-10-01 13:27:19,646 step=27500 train=1.98485 val=1.8580721378326417 lr=0.00019504
2026-10-01 13:27:21,765 step=27510 train=1.72884 val=None lr=0.000194973
2026-10-01 13:27:22,838 step=27520 train=2.10289 val=None lr=0.000194905
2026-10-01 13:27:23,916 step=27530 train=1.73303 val=None lr=0.000194838
2026-10-01 13:27:25,013 step=27540 train=1.78656 val=None lr=0.00019477
2026-10-01 13:27:26,137 step=27550 train=1.86405 val=None lr=0.000194703
2026-10-01 13:27:27,597 step=27560 train=1.95247 val=None lr=0.000194635
2026-10-01 13:27:28,690 step=27570 train=1.72364 val=None lr=0.000194568
2026-10-01 13:27:29,758 step=27580 train=1.72511 val=None lr=0.0001945
2026-10-01 13:27:30,851 step=27590 train=1.93150 val=None lr=0.000194432
2026-10-01 13:27:33,182 step=27600 train=1.87435 val=1.8574570178985597 lr=0.000194365
2026-10-01 13:27:34,326 step=27610 train=1.81556 val=None lr=0.000194297
2026-10-01 13:27:35,442 step=27620 train=1.84803 val=None lr=0.00019423
2026-10-01 13:27:36,569 step=27630 train=1.96903 val=None lr=0.000194162
2026-10-01 13:27:37,866 step=27640 train=1.80125 val=None lr=0.000194094
2026-10-01 13:27:39,249 step=27650 train=1.82118 val=None lr=0.000194027
2026-10-01 13:27:40,499 step=27660 train=2.21438 val=None lr=0.000193959
2026-10-01 13:27:41,799 step=27670 train=2.00829 val=None lr=0.000193892
2026-10-01 13:27:42,956 step=27680 train=1.96279 val=None lr=0.000193824
2026-10-01 13:27:44,634 step=27690 train=1.74576 val=None lr=0.000193756
2026-10-01 13:27:46,782 step=27700 train=1.99396 val=1.8563276708126069 lr=0.000193689
2026-10-01 13:27:47,955 step=27710 train=1.83030 val=None lr=0.000193621
2026-10-01 13:27:49,075 step=27720 train=1.87557 val=None lr=0.000193553
2026-10-01 13:27:50,181 step=27730 train=2.32275 val=None lr=0.000193486
2026-10-01 13:27:51,394 step=27740 train=1.99118 val=None lr=0.000193418
2026-10-01 13:27:52,464 step=27750 train=1.77375 val=None lr=0.00019335
2026-10-01 13:27:53,867 step=27760 train=1.94076 val=None lr=0.000193283
2026-10-01 13:27:55,014 step=27770 train=1.98552 val=None lr=0.000193215
2026-10-01 13:27:56,171 step=27780 train=1.85169 val=None lr=0.000193147
2026-10-01 13:27:57,357 step=27790 train=1.89624 val=None lr=0.000193079
2026-10-01 13:27:59,651 step=27800 train=1.89977 val=1.8559976875782014 lr=0.000193012
2026-10-01 13:28:01,013 step=27810 train=1.78794 val=None lr=0.000192944
2026-10-01 13:28:02,209 step=27820 train=2.10676 val=None lr=0.000192876
2026-10-01 13:28:03,344 step=27830 train=2.17954 val=None lr=0.000192808
2026-10-01 13:28:04,515 step=27840 train=1.58508 val=None lr=0.000192741
2026-10-01 13:28:05,694 step=27850 train=1.87672 val=None lr=0.000192673
2026-10-01 13:28:06,808 step=27860 train=1.97438 val=None lr=0.000192605
2026-10-01 13:28:07,915 step=27870 train=1.86278 val=None lr=0.000192537
2026-10-01 13:28:09,228 step=27880 train=2.00779 val=None lr=0.00019247
2026-10-01 13:28:10,483 step=27890 train=1.81591 val=None lr=0.000192402
2026-10-01 13:28:12,655 step=27900 train=1.96574 val=1.8523322463035583 lr=0.000192334
2026-10-01 13:28:13,716 step=27910 train=2.05082 val=None lr=0.000192266
2026-10-01 13:28:14,832 step=27920 train=1.76847 val=None lr=0.000192198
2026-10-01 13:28:16,010 step=27930 train=1.89937 val=None lr=0.00019213
2026-10-01 13:28:17,244 step=27940 train=1.72225 val=None lr=0.000192063
2026-10-01 13:28:18,482 step=27950 train=1.83123 val=None lr=0.000191995
2026-10-01 13:28:19,688 step=27960 train=1.80528 val=None lr=0.000191927
2026-10-01 13:28:20,801 step=27970 train=1.91782 val=None lr=0.000191859
2026-10-01 13:28:21,899 step=27980 train=1.97544 val=None lr=0.000191791
2026-10-01 13:28:23,060 step=27990 train=1.98067 val=None lr=0.000191723
2026-10-01 13:28:25,249 step=28000 train=1.58847 val=1.8514928460121154 lr=0.000191655
2026-10-01 13:28:27,361 step=28010 train=1.97176 val=None lr=0.000191588
2026-10-01 13:28:28,476 step=28020 train=1.97889 val=None lr=0.00019152
2026-10-01 13:28:29,527 step=28030 train=1.83570 val=None lr=0.000191452
2026-10-01 13:28:30,643 step=28040 train=1.66676 val=None lr=0.000191384
2026-10-01 13:28:31,738 step=28050 train=1.97315 val=None lr=0.000191316
2026-10-01 13:28:32,838 step=28060 train=1.91185 val=None lr=0.000191248
2026-10-01 13:28:34,056 step=28070 train=1.93948 val=None lr=0.00019118
2026-10-01 13:28:35,198 step=28080 train=1.91115 val=None lr=0.000191112
2026-10-01 13:28:36,375 step=28090 train=1.82879 val=None lr=0.000191044
2026-10-01 13:28:38,535 step=28100 train=1.94480 val=1.8501947462558745 lr=0.000190976
2026-10-01 13:28:39,793 step=28110 train=2.02602 val=None lr=0.000190908
2026-10-01 13:28:40,984 step=28120 train=1.71383 val=None lr=0.00019084
2026-10-01 13:28:42,358 step=28130 train=1.73005 val=None lr=0.000190772
2026-10-01 13:28:43,444 step=28140 train=1.82483 val=None lr=0.000190704
2026-10-01 13:28:44,517 step=28150 train=1.73410 val=None lr=0.000190636
2026-10-01 13:28:45,732 step=28160 train=2.39892 val=None lr=0.000190568
2026-10-01 13:28:46,816 step=28170 train=1.89062 val=None lr=0.0001905
2026-10-01 13:28:47,984 step=28180 train=1.93821 val=None lr=0.000190432
2026-10-01 13:28:49,095 step=28190 train=1.67127 val=None lr=0.000190364
2026-10-01 13:28:50,929 step=28200 train=1.88126 val=1.8506969153881072 lr=0.000190296
2026-10-01 13:28:52,024 step=28210 train=1.86919 val=None lr=0.000190228
2026-10-01 13:28:53,108 step=28220 train=1.74787 val=None lr=0.00019016
2026-10-01 13:28:54,343 step=28230 train=1.95904 val=None lr=0.000190092
2026-10-01 13:28:55,510 step=28240 train=1.97675 val=None lr=0.000190024
2026-10-01 13:28:56,798 step=28250 train=1.92549 val=None lr=0.000189956
2026-10-01 13:28:57,957 step=28260 train=2.02648 val=None lr=0.000189888
2026-10-01 13:28:58,997 step=28270 train=1.89238 val=None lr=0.00018982
2026-10-01 13:29:00,123 step=28280 train=2.02687 val=None lr=0.000189752
2026-10-01 13:29:01,223 step=28290 train=1.84656 val=None lr=0.000189684
2026-10-01 13:29:02,920 step=28300 train=1.76072 val=1.8543998658657075 lr=0.000189616
2026-10-01 13:29:04,352 step=28310 train=1.76983 val=None lr=0.000189548
2026-10-01 13:29:05,661 step=28320 train=1.80834 val=None lr=0.00018948
2026-10-01 13:29:06,774 step=28330 train=1.81035 val=None lr=0.000189412
2026-10-01 13:29:07,897 step=28340 train=1.68217 val=None lr=0.000189344
2026-10-01 13:29:08,988 step=28350 train=1.75711 val=None lr=0.000189275
2026-10-01 13:29:10,160 step=28360 train=1.91217 val=None lr=0.000189207
2026-10-01 13:29:11,534 step=28370 train=1.67974 val=None lr=0.000189139
2026-10-01 13:29:12,591 step=28380 train=1.96170 val=None lr=0.000189071
2026-10-01 13:29:13,727 step=28390 train=1.67622 val=None lr=0.000189003
2026-10-01 13:29:15,771 step=28400 train=1.81912 val=1.8488290071487428 lr=0.000188935
2026-10-01 13:29:16,934 step=28410 train=2.04703 val=None lr=0.000188867
2026-10-01 13:29:18,073 step=28420 train=1.80757 val=None lr=0.000188799
2026-10-01 13:29:19,164 step=28430 train=1.89084 val=None lr=0.00018873
2026-10-01 13:29:20,253 step=28440 train=1.57952 val=None lr=0.000188662
2026-10-01 13:29:21,401 step=28450 train=1.93122 val=None lr=0.000188594
2026-10-01 13:29:22,459 step=28460 train=1.80782 val=None lr=0.000188526
2026-10-01 13:29:23,678 step=28470 train=1.90533 val=None lr=0.000188458
2026-10-01 13:29:24,855 step=28480 train=1.75408 val=None lr=0.000188389
2026-10-01 13:29:25,920 step=28490 train=1.66074 val=None lr=0.000188321
2026-10-01 13:29:27,816 step=28500 train=2.02468 val=1.8496106028556825 lr=0.000188253
2026-10-01 13:29:30,172 step=28510 train=2.07899 val=None lr=0.000188185
2026-10-01 13:29:31,318 step=28520 train=1.78649 val=None lr=0.000188117
2026-10-01 13:29:32,520 step=28530 train=1.76739 val=None lr=0.000188048
2026-10-01 13:29:33,584 step=28540 train=1.89483 val=None lr=0.00018798
2026-10-01 13:29:34,742 step=28550 train=1.91771 val=None lr=0.000187912
2026-10-01 13:29:36,147 step=28560 train=1.68903 val=None lr=0.000187844
2026-10-01 13:29:37,236 step=28570 train=1.98316 val=None lr=0.000187775
2026-10-01 13:29:38,460 step=28580 train=2.04928 val=None lr=0.000187707
2026-10-01 13:29:39,566 step=28590 train=1.74447 val=None lr=0.000187639
2026-10-01 13:29:41,335 step=28600 train=1.93769 val=1.8496792614459991 lr=0.000187571
2026-10-01 13:29:42,529 step=28610 train=1.72913 val=None lr=0.000187502
2026-10-01 13:29:43,605 step=28620 train=1.89675 val=None lr=0.000187434
2026-10-01 13:29:44,878 step=28630 train=1.94171 val=None lr=0.000187366
2026-10-01 13:29:46,148 step=28640 train=1.82841 val=None lr=0.000187298
2026-10-01 13:29:47,317 step=28650 train=1.96338 val=None lr=0.000187229
2026-10-01 13:29:48,456 step=28660 train=1.87216 val=None lr=0.000187161
2026-10-01 13:29:49,599 step=28670 train=1.81368 val=None lr=0.000187093
2026-10-01 13:29:50,764 step=28680 train=1.95493 val=None lr=0.000187024
2026-10-01 13:29:52,038 step=28690 train=2.05120 val=None lr=0.000186956
2026-10-01 13:29:54,485 step=28700 train=1.78068 val=1.8467210412025452 lr=0.000186888
2026-10-01 13:29:55,647 step=28710 train=1.66134 val=None lr=0.000186819
2026-10-01 13:29:56,818 step=28720 train=1.65297 val=None lr=0.000186751
2026-10-01 13:29:57,927 step=28730 train=1.75966 val=None lr=0.000186683
2026-10-01 13:29:59,003 step=28740 train=1.73732 val=None lr=0.000186614
2026-10-01 13:30:00,087 step=28750 train=1.94340 val=None lr=0.000186546
2026-10-01 13:30:01,164 step=28760 train=1.79488 val=None lr=0.000186478
2026-10-01 13:30:02,286 step=28770 train=1.96995 val=None lr=0.000186409
2026-10-01 13:30:03,493 step=28780 train=1.53120 val=None lr=0.000186341
2026-10-01 13:30:04,743 step=28790 train=1.99708 val=None lr=0.000186273
2026-10-01 13:30:06,458 step=28800 train=1.95751 val=1.8472547590732575 lr=0.000186204
2026-10-01 13:30:07,769 step=28810 train=1.74963 val=None lr=0.000186136
2026-10-01 13:30:08,956 step=28820 train=1.87377 val=None lr=0.000186067
2026-10-01 13:30:10,026 step=28830 train=1.75113 val=None lr=0.000185999
2026-10-01 13:30:11,171 step=28840 train=1.94986 val=None lr=0.000185931
2026-10-01 13:30:12,217 step=28850 train=1.75564 val=None lr=0.000185862
2026-10-01 13:30:13,291 step=28860 train=1.74568 val=None lr=0.000185794
2026-10-01 13:30:14,457 step=28870 train=1.87210 val=None lr=0.000185725
2026-10-01 13:30:15,590 step=28880 train=2.07226 val=None lr=0.000185657
2026-10-01 13:30:16,733 step=28890 train=2.02157 val=None lr=0.000185588
2026-10-01 13:30:18,943 step=28900 train=1.78538 val=1.8405850231647491 lr=0.00018552
2026-10-01 13:30:20,192 step=28910 train=1.78955 val=None lr=0.000185452
2026-10-01 13:30:21,249 step=28920 train=1.88447 val=None lr=0.000185383
2026-10-01 13:30:22,408 step=28930 train=1.73935 val=None lr=0.000185315
2026-10-01 13:30:23,572 step=28940 train=1.96402 val=None lr=0.000185246
2026-10-01 13:30:24,804 step=28950 train=1.86183 val=None lr=0.000185178
2026-10-01 13:30:25,925 step=28960 train=1.67719 val=None lr=0.000185109
2026-10-01 13:30:27,134 step=28970 train=1.77101 val=None lr=0.000185041
2026-10-01 13:30:28,526 step=28980 train=1.95690 val=None lr=0.000184972
2026-10-01 13:30:29,713 step=28990 train=1.87061 val=None lr=0.000184904
2026-10-01 13:30:31,482 step=29000 train=1.89598 val=1.8427794694900512 lr=0.000184835
2026-10-01 13:30:34,182 step=29010 train=2.01501 val=None lr=0.000184767
2026-10-01 13:30:35,233 step=29020 train=1.78332 val=None lr=0.000184698
2026-10-01 13:30:36,342 step=29030 train=1.83548 val=None lr=0.00018463
2026-10-01 13:30:37,521 step=29040 train=1.81191 val=None lr=0.000184561
2026-10-01 13:30:38,723 step=29050 train=1.67026 val=None lr=0.000184493
2026-10-01 13:30:40,108 step=29060 train=1.79293 val=None lr=0.000184424
2026-10-01 13:30:41,207 step=29070 train=1.77542 val=None lr=0.000184356
2026-10-01 13:30:42,378 step=29080 train=1.62444 val=None lr=0.000184287
2026-10-01 13:30:43,461 step=29090 train=2.18570 val=None lr=0.000184219
2026-10-01 13:30:45,304 step=29100 train=1.96961 val=1.8406594812870025 lr=0.00018415
2026-10-01 13:30:46,474 step=29110 train=1.79161 val=None lr=0.000184082
2026-10-01 13:30:47,822 step=29120 train=1.90684 val=None lr=0.000184013
2026-10-01 13:30:49,060 step=29130 train=2.03024 val=None lr=0.000183945
2026-10-01 13:30:50,188 step=29140 train=2.12221 val=None lr=0.000183876
2026-10-01 13:30:51,623 step=29150 train=1.72405 val=None lr=0.000183807
2026-10-01 13:30:52,779 step=29160 train=1.91795 val=None lr=0.000183739
2026-10-01 13:30:53,974 step=29170 train=2.06250 val=None lr=0.00018367
2026-10-01 13:30:55,398 step=29180 train=1.82591 val=None lr=0.000183602
2026-10-01 13:30:56,585 step=29190 train=1.68443 val=None lr=0.000183533
2026-10-01 13:30:58,690 step=29200 train=1.63246 val=1.8401097238063813 lr=0.000183465
2026-10-01 13:30:59,994 step=29210 train=1.86338 val=None lr=0.000183396
2026-10-01 13:31:01,239 step=29220 train=1.68056 val=None lr=0.000183327
2026-10-01 13:31:02,419 step=29230 train=1.69549 val=None lr=0.000183259
2026-10-01 13:31:03,558 step=29240 train=2.07584 val=None lr=0.00018319
2026-10-01 13:31:04,776 step=29250 train=1.88395 val=None lr=0.000183121
2026-10-01 13:31:06,000 step=29260 train=1.83425 val=None lr=0.000183053
2026-10-01 13:31:07,049 step=29270 train=1.73677 val=None lr=0.000182984
2026-10-01 13:31:08,125 step=29280 train=1.79213 val=None lr=0.000182916
2026-10-01 13:31:09,330 step=29290 train=1.71966 val=None lr=0.000182847
2026-10-01 13:31:11,364 step=29300 train=2.17474 val=1.839250385761261 lr=0.000182778
2026-10-01 13:31:12,476 step=29310 train=1.93617 val=None lr=0.00018271
2026-10-01 13:31:13,579 step=29320 train=1.82410 val=None lr=0.000182641
2026-10-01 13:31:14,763 step=29330 train=1.79406 val=None lr=0.000182572
2026-10-01 13:31:15,825 step=29340 train=2.00348 val=None lr=0.000182504
2026-10-01 13:31:16,987 step=29350 train=1.82676 val=None lr=0.000182435
2026-10-01 13:31:18,236 step=29360 train=1.71694 val=None lr=0.000182366
2026-10-01 13:31:19,421 step=29370 train=1.63162 val=None lr=0.000182298
2026-10-01 13:31:20,565 step=29380 train=2.04058 val=None lr=0.000182229
2026-10-01 13:31:21,700 step=29390 train=1.80194 val=None lr=0.00018216
2026-10-01 13:31:23,421 step=29400 train=1.77246 val=1.8394483029842377 lr=0.000182092
2026-10-01 13:31:24,603 step=29410 train=1.69853 val=None lr=0.000182023
2026-10-01 13:31:25,682 step=29420 train=1.95334 val=None lr=0.000181954
2026-10-01 13:31:26,791 step=29430 train=1.56068 val=None lr=0.000181886
2026-10-01 13:31:28,021 step=29440 train=1.83011 val=None lr=0.000181817
2026-10-01 13:31:29,158 step=29450 train=2.05001 val=None lr=0.000181748
2026-10-01 13:31:30,276 step=29460 train=2.02260 val=None lr=0.00018168
2026-10-01 13:31:31,426 step=29470 train=1.95694 val=None lr=0.000181611
2026-10-01 13:31:32,576 step=29480 train=1.95695 val=None lr=0.000181542
2026-10-01 13:31:33,692 step=29490 train=2.24425 val=None lr=0.000181473
2026-10-01 13:31:36,040 step=29500 train=1.61385 val=1.8389967441558839 lr=0.000181405
2026-10-01 13:31:38,478 step=29510 train=1.77028 val=None lr=0.000181336
2026-10-01 13:31:39,828 step=29520 train=2.16232 val=None lr=0.000181267
2026-10-01 13:31:40,970 step=29530 train=1.89719 val=None lr=0.000181198
2026-10-01 13:31:42,078 step=29540 train=1.73363 val=None lr=0.00018113
2026-10-01 13:31:43,470 step=29550 train=1.73495 val=None lr=0.000181061
2026-10-01 13:31:44,647 step=29560 train=1.69901 val=None lr=0.000180992
2026-10-01 13:31:45,817 step=29570 train=1.69599 val=None lr=0.000180923
2026-10-01 13:31:46,999 step=29580 train=2.06747 val=None lr=0.000180855
2026-10-01 13:31:48,109 step=29590 train=2.01787 val=None lr=0.000180786
2026-10-01 13:31:50,193 step=29600 train=1.95248 val=1.8348653376102448 lr=0.000180717
2026-10-01 13:31:51,542 step=29610 train=1.94912 val=None lr=0.000180648
2026-10-01 13:31:52,695 step=29620 train=1.80880 val=None lr=0.00018058
2026-10-01 13:31:53,902 step=29630 train=1.76150 val=None lr=0.000180511
2026-10-01 13:31:55,119 step=29640 train=1.78880 val=None lr=0.000180442
2026-10-01 13:31:56,271 step=29650 train=1.78014 val=None lr=0.000180373
2026-10-01 13:31:57,486 step=29660 train=2.15956 val=None lr=0.000180304
2026-10-01 13:31:58,660 step=29670 train=2.00711 val=None lr=0.000180236
2026-10-01 13:31:59,770 step=29680 train=2.16651 val=None lr=0.000180167
2026-10-01 13:32:01,048 step=29690 train=1.98946 val=None lr=0.000180098
2026-10-01 13:32:03,247 step=29700 train=1.81276 val=1.8335863292217254 lr=0.000180029
2026-10-01 13:32:04,400 step=29710 train=1.90942 val=None lr=0.00017996
2026-10-01 13:32:05,623 step=29720 train=2.12073 val=None lr=0.000179892
2026-10-01 13:32:06,697 step=29730 train=1.85698 val=None lr=0.000179823
2026-10-01 13:32:07,830 step=29740 train=1.78078 val=None lr=0.000179754
2026-10-01 13:32:08,939 step=29750 train=1.92138 val=None lr=0.000179685
2026-10-01 13:32:10,022 step=29760 train=1.91338 val=None lr=0.000179616
2026-10-01 13:32:11,204 step=29770 train=1.73869 val=None lr=0.000179547
2026-10-01 13:32:12,344 step=29780 train=2.16665 val=None lr=0.000179479
2026-10-01 13:32:13,464 step=29790 train=1.79844 val=None lr=0.00017941
2026-10-01 13:32:15,635 step=29800 train=1.73901 val=1.8316918849945067 lr=0.000179341
2026-10-01 13:32:16,776 step=29810 train=1.86873 val=None lr=0.000179272
2026-10-01 13:32:17,894 step=29820 train=1.82620 val=None lr=0.000179203
2026-10-01 13:32:19,292 step=29830 train=1.95452 val=None lr=0.000179134
2026-10-01 13:32:20,492 step=29840 train=1.94822 val=None lr=0.000179065
2026-10-01 13:32:21,984 step=29850 train=1.77398 val=None lr=0.000178997
2026-10-01 13:32:23,226 step=29860 train=1.81025 val=None lr=0.000178928
2026-10-01 13:32:24,590 step=29870 train=1.86345 val=None lr=0.000178859
2026-10-01 13:32:26,196 step=29880 train=1.75298 val=None lr=0.00017879
2026-10-01 13:32:27,502 step=29890 train=1.82055 val=None lr=0.000178721
2026-10-01 13:32:29,703 step=29900 train=1.70629 val=1.829963994026184 lr=0.000178652
2026-10-01 13:32:30,869 step=29910 train=1.84944 val=None lr=0.000178583
2026-10-01 13:32:32,174 step=29920 train=1.90778 val=None lr=0.000178514
2026-10-01 13:32:33,516 step=29930 train=2.08953 val=None lr=0.000178445
2026-10-01 13:32:34,925 step=29940 train=1.93787 val=None lr=0.000178377
2026-10-01 13:32:36,228 step=29950 train=1.71200 val=None lr=0.000178308
2026-10-01 13:32:37,603 step=29960 train=1.79896 val=None lr=0.000178239
2026-10-01 13:32:38,723 step=29970 train=1.90677 val=None lr=0.00017817
2026-10-01 13:32:39,979 step=29980 train=1.87307 val=None lr=0.000178101
2026-10-01 13:32:41,104 step=29990 train=1.98148 val=None lr=0.000178032
2026-10-01 13:32:43,498 step=30000 train=1.86522 val=1.8281861066818237 lr=0.000177963
2026-10-01 13:32:45,696 step=30010 train=2.17592 val=None lr=0.000177894
2026-10-01 13:32:47,093 step=30020 train=1.86332 val=None lr=0.000177825
2026-10-01 13:32:48,513 step=30030 train=1.88587 val=None lr=0.000177756
2026-10-01 13:32:49,865 step=30040 train=1.88099 val=None lr=0.000177687
2026-10-01 13:32:50,957 step=30050 train=2.14707 val=None lr=0.000177618
2026-10-01 13:32:51,990 step=30060 train=1.65161 val=None lr=0.00017755
2026-10-01 13:32:53,127 step=30070 train=1.72536 val=None lr=0.000177481
2026-10-01 13:32:54,380 step=30080 train=1.95031 val=None lr=0.000177412
2026-10-01 13:32:55,778 step=30090 train=1.64574 val=None lr=0.000177343
2026-10-01 13:32:57,866 step=30100 train=1.89374 val=1.8279805898666381 lr=0.000177274
2026-10-01 13:32:59,076 step=30110 train=1.86403 val=None lr=0.000177205
2026-10-01 13:33:00,171 step=30120 train=1.68272 val=None lr=0.000177136
2026-10-01 13:33:01,651 step=30130 train=1.78631 val=None lr=0.000177067
2026-10-01 13:33:02,731 step=30140 train=1.91448 val=None lr=0.000176998
2026-10-01 13:33:03,807 step=30150 train=2.15601 val=None lr=0.000176929
2026-10-01 13:33:04,965 step=30160 train=1.89699 val=None lr=0.00017686
2026-10-01 13:33:06,088 step=30170 train=1.89614 val=None lr=0.000176791
2026-10-01 13:33:07,344 step=30180 train=1.77043 val=None lr=0.000176722
2026-10-01 13:33:08,640 step=30190 train=1.69745 val=None lr=0.000176653
2026-10-01 13:33:10,599 step=30200 train=2.06285 val=1.8304512321949005 lr=0.000176584
2026-10-01 13:33:11,699 step=30210 train=1.72331 val=None lr=0.000176515
2026-10-01 13:33:12,781 step=30220 train=2.12592 val=None lr=0.000176446
2026-10-01 13:33:13,826 step=30230 train=1.88057 val=None lr=0.000176377
2026-10-01 13:33:14,984 step=30240 train=2.01686 val=None lr=0.000176308
2026-10-01 13:33:16,185 step=30250 train=2.15068 val=None lr=0.000176239
2026-10-01 13:33:17,339 step=30260 train=1.78068 val=None lr=0.00017617
2026-10-01 13:33:18,469 step=30270 train=2.18406 val=None lr=0.000176101
2026-10-01 13:33:19,573 step=30280 train=1.93001 val=None lr=0.000176032
2026-10-01 13:33:20,945 step=30290 train=1.76017 val=None lr=0.000175963
2026-10-01 13:33:22,682 step=30300 train=1.76678 val=1.8286036133766175 lr=0.000175894
2026-10-01 13:33:23,831 step=30310 train=1.85573 val=None lr=0.000175825
2026-10-01 13:33:24,982 step=30320 train=1.92720 val=None lr=0.000175756
2026-10-01 13:33:26,242 step=30330 train=1.91413 val=None lr=0.000175687
2026-10-01 13:33:27,681 step=30340 train=1.73976 val=None lr=0.000175618
2026-10-01 13:33:29,125 step=30350 train=1.71241 val=None lr=0.000175549
2026-10-01 13:33:30,302 step=30360 train=1.60031 val=None lr=0.00017548
2026-10-01 13:33:31,400 step=30370 train=1.92083 val=None lr=0.000175411
2026-10-01 13:33:32,591 step=30380 train=1.63358 val=None lr=0.000175342
2026-10-01 13:33:33,732 step=30390 train=1.82326 val=None lr=0.000175273
2026-10-01 13:33:35,472 step=30400 train=1.82683 val=1.8291200160980225 lr=0.000175204
2026-10-01 13:33:36,737 step=30410 train=1.98415 val=None lr=0.000175135
2026-10-01 13:33:37,924 step=30420 train=1.99710 val=None lr=0.000175066
2026-10-01 13:33:39,113 step=30430 train=1.72260 val=None lr=0.000174996
2026-10-01 13:33:40,233 step=30440 train=1.64586 val=None lr=0.000174927
2026-10-01 13:33:41,336 step=30450 train=1.79827 val=None lr=0.000174858
2026-10-01 13:33:42,429 step=30460 train=1.69849 val=None lr=0.000174789
2026-10-01 13:33:43,587 step=30470 train=2.12181 val=None lr=0.00017472
2026-10-01 13:33:44,663 step=30480 train=2.09231 val=None lr=0.000174651
2026-10-01 13:33:45,929 step=30490 train=2.01489 val=None lr=0.000174582
2026-10-01 13:33:47,650 step=30500 train=2.03987 val=1.8280134797096252 lr=0.000174513
2026-10-01 13:33:50,249 step=30510 train=2.00277 val=None lr=0.000174444
2026-10-01 13:33:51,387 step=30520 train=1.88768 val=None lr=0.000174375
2026-10-01 13:33:52,648 step=30530 train=1.76687 val=None lr=0.000174306
2026-10-01 13:33:53,694 step=30540 train=1.62422 val=None lr=0.000174237
2026-10-01 13:33:54,980 step=30550 train=1.79800 val=None lr=0.000174168
2026-10-01 13:33:56,098 step=30560 train=1.98082 val=None lr=0.000174099
2026-10-01 13:33:57,260 step=30570 train=1.73237 val=None lr=0.00017403
2026-10-01 13:33:58,400 step=30580 train=2.01243 val=None lr=0.00017396
2026-10-01 13:33:59,459 step=30590 train=1.73925 val=None lr=0.000173891
2026-10-01 13:34:01,936 step=30600 train=1.93060 val=1.8272899210453033 lr=0.000173822
2026-10-01 13:34:03,057 step=30610 train=1.80310 val=None lr=0.000173753
2026-10-01 13:34:04,201 step=30620 train=1.75666 val=None lr=0.000173684
2026-10-01 13:34:05,262 step=30630 train=1.92523 val=None lr=0.000173615
2026-10-01 13:34:06,585 step=30640 train=1.87426 val=None lr=0.000173546
2026-10-01 13:34:07,874 step=30650 train=1.88746 val=None lr=0.000173477
2026-10-01 13:34:09,256 step=30660 train=1.80921 val=None lr=0.000173408
2026-10-01 13:34:10,527 step=30670 train=2.10515 val=None lr=0.000173339
2026-10-01 13:34:11,763 step=30680 train=1.62160 val=None lr=0.000173269
2026-10-01 13:34:12,960 step=30690 train=1.88345 val=None lr=0.0001732
2026-10-01 13:34:15,119 step=30700 train=1.76237 val=1.8258601009845734 lr=0.000173131
2026-10-01 13:34:16,405 step=30710 train=1.79036 val=None lr=0.000173062
2026-10-01 13:34:17,739 step=30720 train=2.17237 val=None lr=0.000172993
2026-10-01 13:34:18,986 step=30730 train=1.88534 val=None lr=0.000172924
2026-10-01 13:34:20,135 step=30740 train=1.72172 val=None lr=0.000172855
2026-10-01 13:34:21,333 step=30750 train=1.93854 val=None lr=0.000172786
2026-10-01 13:34:22,512 step=30760 train=1.65006 val=None lr=0.000172716
2026-10-01 13:34:23,696 step=30770 train=1.83932 val=None lr=0.000172647
2026-10-01 13:34:24,862 step=30780 train=1.78055 val=None lr=0.000172578
2026-10-01 13:34:26,133 step=30790 train=1.92071 val=None lr=0.000172509
2026-10-01 13:34:28,245 step=30800 train=1.84833 val=1.8249225318431854 lr=0.00017244
2026-10-01 13:34:29,598 step=30810 train=1.98614 val=None lr=0.000172371
2026-10-01 13:34:30,892 step=30820 train=1.70099 val=None lr=0.000172302
2026-10-01 13:34:32,000 step=30830 train=1.79112 val=None lr=0.000172232
2026-10-01 13:34:33,158 step=30840 train=1.78924 val=None lr=0.000172163
2026-10-01 13:34:34,305 step=30850 train=1.70457 val=None lr=0.000172094
2026-10-01 13:34:35,376 step=30860 train=1.88152 val=None lr=0.000172025
2026-10-01 13:34:36,543 step=30870 train=1.90159 val=None lr=0.000171956
2026-10-01 13:34:37,713 step=30880 train=1.86535 val=None lr=0.000171887
2026-10-01 13:34:38,969 step=30890 train=1.75103 val=None lr=0.000171818
2026-10-01 13:34:41,260 step=30900 train=1.71611 val=1.8211741328239441 lr=0.000171748
2026-10-01 13:34:42,403 step=30910 train=1.87714 val=None lr=0.000171679
2026-10-01 13:34:43,562 step=30920 train=1.69642 val=None lr=0.00017161
2026-10-01 13:34:44,826 step=30930 train=1.78668 val=None lr=0.000171541
2026-10-01 13:34:45,972 step=30940 train=1.91395 val=None lr=0.000171472
2026-10-01 13:34:47,083 step=30950 train=1.75661 val=None lr=0.000171403
2026-10-01 13:34:48,307 step=30960 train=1.78461 val=None lr=0.000171333
2026-10-01 13:34:49,520 step=30970 train=1.87761 val=None lr=0.000171264
2026-10-01 13:34:50,792 step=30980 train=1.94599 val=None lr=0.000171195
2026-10-01 13:34:52,021 step=30990 train=1.81171 val=None lr=0.000171126
2026-10-01 13:34:53,837 step=31000 train=1.87785 val=1.8227607131004333 lr=0.000171057
2026-10-01 13:34:56,479 step=31010 train=1.77254 val=None lr=0.000170988
2026-10-01 13:34:57,717 step=31020 train=2.11782 val=None lr=0.000170918
2026-10-01 13:34:58,981 step=31030 train=2.09311 val=None lr=0.000170849
2026-10-01 13:35:00,257 step=31040 train=1.95386 val=None lr=0.00017078
2026-10-01 13:35:01,415 step=31050 train=1.72347 val=None lr=0.000170711
2026-10-01 13:35:02,681 step=31060 train=1.69393 val=None lr=0.000170642
2026-10-01 13:35:03,856 step=31070 train=1.96626 val=None lr=0.000170572
2026-10-01 13:35:05,229 step=31080 train=2.11278 val=None lr=0.000170503
2026-10-01 13:35:06,712 step=31090 train=2.01314 val=None lr=0.000170434
2026-10-01 13:35:09,041 step=31100 train=1.78587 val=1.8169325709342956 lr=0.000170365
2026-10-01 13:35:10,548 step=31110 train=1.81865 val=None lr=0.000170296
2026-10-01 13:35:11,918 step=31120 train=1.81793 val=None lr=0.000170227
2026-10-01 13:35:13,257 step=31130 train=1.75021 val=None lr=0.000170157
2026-10-01 13:35:14,443 step=31140 train=1.93752 val=None lr=0.000170088
2026-10-01 13:35:15,706 step=31150 train=1.59501 val=None lr=0.000170019
2026-10-01 13:35:16,850 step=31160 train=1.85881 val=None lr=0.00016995
2026-10-01 13:35:18,037 step=31170 train=1.92173 val=None lr=0.000169881
2026-10-01 13:35:19,296 step=31180 train=2.20261 val=None lr=0.000169811
2026-10-01 13:35:20,604 step=31190 train=1.72360 val=None lr=0.000169742
2026-10-01 13:35:22,493 step=31200 train=1.76798 val=1.8181402206420898 lr=0.000169673
2026-10-01 13:35:23,904 step=31210 train=1.78982 val=None lr=0.000169604
2026-10-01 13:35:25,322 step=31220 train=1.94031 val=None lr=0.000169535
2026-10-01 13:35:26,497 step=31230 train=1.76633 val=None lr=0.000169465
2026-10-01 13:35:27,777 step=31240 train=1.57702 val=None lr=0.000169396
2026-10-01 13:35:29,050 step=31250 train=1.87443 val=None lr=0.000169327
2026-10-01 13:35:30,284 step=31260 train=2.05457 val=None lr=0.000169258
2026-10-01 13:35:31,489 step=31270 train=1.76664 val=None lr=0.000169189
2026-10-01 13:35:32,686 step=31280 train=1.78126 val=None lr=0.000169119
2026-10-01 13:35:33,978 step=31290 train=1.90985 val=None lr=0.00016905
2026-10-01 13:35:36,121 step=31300 train=1.75647 val=1.8150608539581299 lr=0.000168981
2026-10-01 13:35:37,282 step=31310 train=1.99366 val=None lr=0.000168912
2026-10-01 13:35:38,608 step=31320 train=1.78157 val=None lr=0.000168842
2026-10-01 13:35:39,858 step=31330 train=1.91651 val=None lr=0.000168773
2026-10-01 13:35:41,098 step=31340 train=1.85396 val=None lr=0.000168704
2026-10-01 13:35:42,334 step=31350 train=1.85498 val=None lr=0.000168635
2026-10-01 13:35:43,522 step=31360 train=1.79657 val=None lr=0.000168566
2026-10-01 13:35:45,078 step=31370 train=1.79345 val=None lr=0.000168496
2026-10-01 13:35:46,897 step=31380 train=1.63060 val=None lr=0.000168427
2026-10-01 13:35:48,256 step=31390 train=1.88777 val=None lr=0.000168358
2026-10-01 13:35:50,172 step=31400 train=1.96311 val=1.820277363061905 lr=0.000168289
2026-10-01 13:35:51,603 step=31410 train=1.84792 val=None lr=0.00016822
2026-10-01 13:35:53,314 step=31420 train=2.03195 val=None lr=0.00016815
2026-10-01 13:35:54,851 step=31430 train=1.76985 val=None lr=0.000168081
2026-10-01 13:35:56,324 step=31440 train=1.94471 val=None lr=0.000168012
2026-10-01 13:35:57,693 step=31450 train=1.84436 val=None lr=0.000167943
2026-10-01 13:35:58,956 step=31460 train=1.76269 val=None lr=0.000167873
2026-10-01 13:36:00,284 step=31470 train=1.88231 val=None lr=0.000167804
2026-10-01 13:36:01,701 step=31480 train=1.71811 val=None lr=0.000167735
2026-10-01 13:36:03,221 step=31490 train=1.75661 val=None lr=0.000167666
2026-10-01 13:36:05,556 step=31500 train=1.79187 val=1.8140789210796355 lr=0.000167596
2026-10-01 13:36:07,824 step=31510 train=1.94250 val=None lr=0.000167527
2026-10-01 13:36:09,028 step=31520 train=1.88709 val=None lr=0.000167458
2026-10-01 13:36:10,209 step=31530 train=1.88346 val=None lr=0.000167389
2026-10-01 13:36:11,375 step=31540 train=1.76715 val=None lr=0.00016732
2026-10-01 13:36:12,558 step=31550 train=1.73420 val=None lr=0.00016725
2026-10-01 13:36:13,687 step=31560 train=1.84534 val=None lr=0.000167181
2026-10-01 13:36:14,908 step=31570 train=1.92078 val=None lr=0.000167112
2026-10-01 13:36:16,106 step=31580 train=2.09298 val=None lr=0.000167043
2026-10-01 13:36:17,294 step=31590 train=1.83608 val=None lr=0.000166973
2026-10-01 13:36:19,242 step=31600 train=2.02105 val=1.8156030476093292 lr=0.000166904
2026-10-01 13:36:20,489 step=31610 train=1.82636 val=None lr=0.000166835
2026-10-01 13:36:21,907 step=31620 train=1.84159 val=None lr=0.000166766
2026-10-01 13:36:23,153 step=31630 train=1.73313 val=None lr=0.000166696
2026-10-01 13:36:24,663 step=31640 train=1.94467 val=None lr=0.000166627
2026-10-01 13:36:25,953 step=31650 train=1.92472 val=None lr=0.000166558
2026-10-01 13:36:27,468 step=31660 train=1.93467 val=None lr=0.000166489
2026-10-01 13:36:28,618 step=31670 train=1.65452 val=None lr=0.000166419
2026-10-01 13:36:29,867 step=31680 train=1.64779 val=None lr=0.00016635
2026-10-01 13:36:30,984 step=31690 train=1.69187 val=None lr=0.000166281
2026-10-01 13:36:32,745 step=31700 train=1.86944 val=1.8143364131450652 lr=0.000166212
2026-10-01 13:36:33,930 step=31710 train=1.84350 val=None lr=0.000166143
2026-10-01 13:36:35,088 step=31720 train=1.93862 val=None lr=0.000166073
2026-10-01 13:36:36,284 step=31730 train=1.78588 val=None lr=0.000166004
2026-10-01 13:36:37,501 step=31740 train=1.77380 val=None lr=0.000165935
2026-10-01 13:36:38,872 step=31750 train=1.61704 val=None lr=0.000165866
2026-10-01 13:36:40,213 step=31760 train=1.81247 val=None lr=0.000165796
2026-10-01 13:36:41,416 step=31770 train=2.02097 val=None lr=0.000165727
2026-10-01 13:36:42,655 step=31780 train=1.82823 val=None lr=0.000165658
2026-10-01 13:36:43,884 step=31790 train=1.76507 val=None lr=0.000165589
2026-10-01 13:36:46,032 step=31800 train=1.96252 val=1.8139997184276582 lr=0.000165519
2026-10-01 13:36:47,130 step=31810 train=1.88769 val=None lr=0.00016545
2026-10-01 13:36:48,467 step=31820 train=1.80031 val=None lr=0.000165381
2026-10-01 13:36:49,839 step=31830 train=1.91978 val=None lr=0.000165312
2026-10-01 13:36:51,042 step=31840 train=1.93768 val=None lr=0.000165242
2026-10-01 13:36:52,403 step=31850 train=1.63324 val=None lr=0.000165173
2026-10-01 13:36:53,584 step=31860 train=2.04547 val=None lr=0.000165104
2026-10-01 13:36:54,719 step=31870 train=1.78896 val=None lr=0.000165035
2026-10-01 13:36:55,815 step=31880 train=2.03728 val=None lr=0.000164965
2026-10-01 13:36:56,911 step=31890 train=1.82068 val=None lr=0.000164896
2026-10-01 13:36:58,947 step=31900 train=1.76019 val=1.8120127499103547 lr=0.000164827
2026-10-01 13:37:00,048 step=31910 train=1.80998 val=None lr=0.000164758
2026-10-01 13:37:01,305 step=31920 train=1.70290 val=None lr=0.000164688
2026-10-01 13:37:02,606 step=31930 train=1.82026 val=None lr=0.000164619
2026-10-01 13:37:03,717 step=31940 train=1.88317 val=None lr=0.00016455
2026-10-01 13:37:04,873 step=31950 train=1.96831 val=None lr=0.000164481
2026-10-01 13:37:05,988 step=31960 train=2.06459 val=None lr=0.000164411
2026-10-01 13:37:07,177 step=31970 train=1.85889 val=None lr=0.000164342
2026-10-01 13:37:08,269 step=31980 train=2.03688 val=None lr=0.000164273
2026-10-01 13:37:09,485 step=31990 train=1.62295 val=None lr=0.000164204
2026-10-01 13:37:11,507 step=32000 train=2.22346 val=1.8097479939460754 lr=0.000164134
2026-10-01 13:37:13,759 step=32010 train=1.98519 val=None lr=0.000164065
2026-10-01 13:37:14,870 step=32020 train=2.11473 val=None lr=0.000163996
2026-10-01 13:37:16,099 step=32030 train=1.96825 val=None lr=0.000163927
2026-10-01 13:37:17,198 step=32040 train=1.94645 val=None lr=0.000163857
2026-10-01 13:37:18,328 step=32050 train=1.73640 val=None lr=0.000163788
2026-10-01 13:37:19,670 step=32060 train=1.81693 val=None lr=0.000163719
2026-10-01 13:37:20,760 step=32070 train=1.75314 val=None lr=0.00016365
2026-10-01 13:37:22,086 step=32080 train=1.85818 val=None lr=0.000163581
2026-10-01 13:37:23,348 step=32090 train=1.78285 val=None lr=0.000163511
2026-10-01 13:37:25,199 step=32100 train=1.86664 val=1.8123068332672119 lr=0.000163442
2026-10-01 13:37:26,337 step=32110 train=1.90926 val=None lr=0.000163373
2026-10-01 13:37:27,461 step=32120 train=1.74807 val=None lr=0.000163304
2026-10-01 13:37:28,633 step=32130 train=1.75019 val=None lr=0.000163234
2026-10-01 13:37:29,715 step=32140 train=1.68918 val=None lr=0.000163165
2026-10-01 13:37:30,804 step=32150 train=1.67402 val=None lr=0.000163096
2026-10-01 13:37:31,954 step=32160 train=1.62002 val=None lr=0.000163027
2026-10-01 13:37:33,062 step=32170 train=2.03042 val=None lr=0.000162957
2026-10-01 13:37:34,208 step=32180 train=1.56367 val=None lr=0.000162888
2026-10-01 13:37:35,297 step=32190 train=1.88020 val=None lr=0.000162819
2026-10-01 13:37:37,040 step=32200 train=1.73736 val=1.8098495721817016 lr=0.00016275
2026-10-01 13:37:38,230 step=32210 train=1.59187 val=None lr=0.00016268
2026-10-01 13:37:39,494 step=32220 train=1.97439 val=None lr=0.000162611
2026-10-01 13:37:40,692 step=32230 train=1.99398 val=None lr=0.000162542
2026-10-01 13:37:41,849 step=32240 train=1.81694 val=None lr=0.000162473
2026-10-01 13:37:42,911 step=32250 train=1.87572 val=None lr=0.000162404
2026-10-01 13:37:44,158 step=32260 train=1.92077 val=None lr=0.000162334
2026-10-01 13:37:45,300 step=32270 train=1.80310 val=None lr=0.000162265
2026-10-01 13:37:46,470 step=32280 train=1.77291 val=None lr=0.000162196
2026-10-01 13:37:47,625 step=32290 train=1.84557 val=None lr=0.000162127
2026-10-01 13:37:49,373 step=32300 train=1.90480 val=1.8110535204410554 lr=0.000162057
2026-10-01 13:37:50,483 step=32310 train=1.83267 val=None lr=0.000161988
2026-10-01 13:37:51,549 step=32320 train=1.69227 val=None lr=0.000161919
2026-10-01 13:37:52,807 step=32330 train=1.98086 val=None lr=0.00016185
2026-10-01 13:37:53,945 step=32340 train=1.87500 val=None lr=0.00016178
2026-10-01 13:37:54,997 step=32350 train=1.53717 val=None lr=0.000161711
2026-10-01 13:37:56,089 step=32360 train=1.72558 val=None lr=0.000161642
2026-10-01 13:37:57,237 step=32370 train=1.50913 val=None lr=0.000161573
2026-10-01 13:37:58,425 step=32380 train=2.16579 val=None lr=0.000161504
2026-10-01 13:37:59,604 step=32390 train=1.86465 val=None lr=0.000161434
2026-10-01 13:38:01,485 step=32400 train=1.78767 val=1.8100841641426086 lr=0.000161365
2026-10-01 13:38:02,695 step=32410 train=1.65750 val=None lr=0.000161296
2026-10-01 13:38:04,059 step=32420 train=1.80563 val=None lr=0.000161227
2026-10-01 13:38:05,308 step=32430 train=1.90067 val=None lr=0.000161158
2026-10-01 13:38:06,548 step=32440 train=1.61476 val=None lr=0.000161088
2026-10-01 13:38:07,801 step=32450 train=1.67784 val=None lr=0.000161019
2026-10-01 13:38:09,083 step=32460 train=1.85971 val=None lr=0.00016095
2026-10-01 13:38:10,493 step=32470 train=1.53841 val=None lr=0.000160881
2026-10-01 13:38:11,638 step=32480 train=1.98209 val=None lr=0.000160811
2026-10-01 13:38:12,748 step=32490 train=1.87333 val=None lr=0.000160742
2026-10-01 13:38:14,861 step=32500 train=1.76645 val=1.8081085205078125 lr=0.000160673
2026-10-01 13:38:17,086 step=32510 train=1.65653 val=None lr=0.000160604
2026-10-01 13:38:18,326 step=32520 train=1.97691 val=None lr=0.000160535
2026-10-01 13:38:19,667 step=32530 train=2.09198 val=None lr=0.000160465
2026-10-01 13:38:20,900 step=32540 train=1.56759 val=None lr=0.000160396
2026-10-01 13:38:22,231 step=32550 train=1.68531 val=None lr=0.000160327
2026-10-01 13:38:23,411 step=32560 train=1.95985 val=None lr=0.000160258
2026-10-01 13:38:24,583 step=32570 train=1.80525 val=None lr=0.000160189
2026-10-01 13:38:25,786 step=32580 train=1.71821 val=None lr=0.000160119
2026-10-01 13:38:27,018 step=32590 train=1.70162 val=None lr=0.00016005
2026-10-01 13:38:29,393 step=32600 train=2.27673 val=1.805181437730789 lr=0.000159981
2026-10-01 13:38:30,684 step=32610 train=1.79070 val=None lr=0.000159912
2026-10-01 13:38:31,856 step=32620 train=1.68468 val=None lr=0.000159843
2026-10-01 13:38:33,028 step=32630 train=1.76327 val=None lr=0.000159773
2026-10-01 13:38:34,299 step=32640 train=2.00065 val=None lr=0.000159704
2026-10-01 13:38:35,494 step=32650 train=1.52307 val=None lr=0.000159635
2026-10-01 13:38:36,756 step=32660 train=1.48789 val=None lr=0.000159566
2026-10-01 13:38:37,888 step=32670 train=1.84403 val=None lr=0.000159497
2026-10-01 13:38:38,982 step=32680 train=1.96608 val=None lr=0.000159428
2026-10-01 13:38:40,274 step=32690 train=1.80087 val=None lr=0.000159358
2026-10-01 13:38:42,157 step=32700 train=1.94756 val=1.8096850037574768 lr=0.000159289
2026-10-01 13:38:43,350 step=32710 train=1.62835 val=None lr=0.00015922
2026-10-01 13:38:44,792 step=32720 train=1.91369 val=None lr=0.000159151
2026-10-01 13:38:46,015 step=32730 train=1.77258 val=None lr=0.000159082
2026-10-01 13:38:47,203 step=32740 train=1.80668 val=None lr=0.000159012
2026-10-01 13:38:48,353 step=32750 train=2.13085 val=None lr=0.000158943
2026-10-01 13:38:49,489 step=32760 train=2.10407 val=None lr=0.000158874
2026-10-01 13:38:50,651 step=32770 train=1.82251 val=None lr=0.000158805
2026-10-01 13:38:51,840 step=32780 train=2.02243 val=None lr=0.000158736
2026-10-01 13:38:53,114 step=32790 train=1.68821 val=None lr=0.000158667
2026-10-01 13:38:54,812 step=32800 train=1.74196 val=1.8067230939865113 lr=0.000158597
2026-10-01 13:38:55,908 step=32810 train=1.88397 val=None lr=0.000158528
2026-10-01 13:38:57,110 step=32820 train=1.78040 val=None lr=0.000158459
2026-10-01 13:38:58,305 step=32830 train=2.19640 val=None lr=0.00015839
2026-10-01 13:38:59,348 step=32840 train=1.99566 val=None lr=0.000158321
2026-10-01 13:39:00,495 step=32850 train=1.85399 val=None lr=0.000158252
2026-10-01 13:39:01,568 step=32860 train=1.89823 val=None lr=0.000158182
2026-10-01 13:39:02,693 step=32870 train=1.95179 val=None lr=0.000158113
2026-10-01 13:39:03,805 step=32880 train=1.94391 val=None lr=0.000158044
2026-10-01 13:39:04,906 step=32890 train=2.14881 val=None lr=0.000157975
2026-10-01 13:39:06,574 step=32900 train=1.63923 val=1.8077131271362306 lr=0.000157906
2026-10-01 13:39:07,697 step=32910 train=1.84566 val=None lr=0.000157837
2026-10-01 13:39:08,752 step=32920 train=1.84379 val=None lr=0.000157768
2026-10-01 13:39:09,814 step=32930 train=1.90822 val=None lr=0.000157698
2026-10-01 13:39:10,979 step=32940 train=1.77075 val=None lr=0.000157629
2026-10-01 13:39:12,142 step=32950 train=1.59696 val=None lr=0.00015756
2026-10-01 13:39:13,284 step=32960 train=1.87791 val=None lr=0.000157491
2026-10-01 13:39:14,341 step=32970 train=1.87597 val=None lr=0.000157422
2026-10-01 13:39:15,448 step=32980 train=1.84247 val=None lr=0.000157353
2026-10-01 13:39:16,507 step=32990 train=1.67819 val=None lr=0.000157284
2026-10-01 13:39:18,613 step=33000 train=1.75071 val=1.8043196201324463 lr=0.000157214
2026-10-01 13:39:21,118 step=33010 train=1.75095 val=None lr=0.000157145
2026-10-01 13:39:22,433 step=33020 train=1.64635 val=None lr=0.000157076
2026-10-01 13:39:23,763 step=33030 train=1.71870 val=None lr=0.000157007
2026-10-01 13:39:24,848 step=33040 train=2.02315 val=None lr=0.000156938
2026-10-01 13:39:25,977 step=33050 train=1.94702 val=None lr=0.000156869
2026-10-01 13:39:27,110 step=33060 train=1.61482 val=None lr=0.0001568
2026-10-01 13:39:28,197 step=33070 train=1.88006 val=None lr=0.000156731
2026-10-01 13:39:29,237 step=33080 train=1.96390 val=None lr=0.000156661
2026-10-01 13:39:30,308 step=33090 train=1.77831 val=None lr=0.000156592
2026-10-01 13:39:32,531 step=33100 train=1.72853 val=1.803229308128357 lr=0.000156523
2026-10-01 13:39:33,709 step=33110 train=1.72566 val=None lr=0.000156454
2026-10-01 13:39:34,957 step=33120 train=1.75591 val=None lr=0.000156385
2026-10-01 13:39:36,235 step=33130 train=1.69183 val=None lr=0.000156316
2026-10-01 13:39:37,746 step=33140 train=1.88230 val=None lr=0.000156247
2026-10-01 13:39:38,988 step=33150 train=2.00472 val=None lr=0.000156178
2026-10-01 13:39:40,196 step=33160 train=2.11257 val=None lr=0.000156109
2026-10-01 13:39:41,386 step=33170 train=1.86213 val=None lr=0.00015604
2026-10-01 13:39:42,544 step=33180 train=2.02818 val=None lr=0.00015597
2026-10-01 13:39:43,687 step=33190 train=1.78980 val=None lr=0.000155901
2026-10-01 13:39:45,582 step=33200 train=1.93952 val=1.8037829577922821 lr=0.000155832
2026-10-01 13:39:46,908 step=33210 train=1.86252 val=None lr=0.000155763
2026-10-01 13:39:48,021 step=33220 train=1.91595 val=None lr=0.000155694
2026-10-01 13:39:49,073 step=33230 train=1.76712 val=None lr=0.000155625
2026-10-01 13:39:50,286 step=33240 train=1.83704 val=None lr=0.000155556
2026-10-01 13:39:51,443 step=33250 train=1.87759 val=None lr=0.000155487
2026-10-01 13:39:52,568 step=33260 train=1.93215 val=None lr=0.000155418
2026-10-01 13:39:53,721 step=33270 train=1.94489 val=None lr=0.000155349
2026-10-01 13:39:54,918 step=33280 train=1.84284 val=None lr=0.00015528
2026-10-01 13:39:56,016 step=33290 train=2.09242 val=None lr=0.000155211
2026-10-01 13:39:58,193 step=33300 train=2.06092 val=1.8010270655155183 lr=0.000155142
2026-10-01 13:39:59,427 step=33310 train=1.72565 val=None lr=0.000155073
2026-10-01 13:40:00,540 step=33320 train=1.76083 val=None lr=0.000155004
2026-10-01 13:40:01,640 step=33330 train=1.86178 val=None lr=0.000154934
2026-10-01 13:40:02,792 step=33340 train=1.77852 val=None lr=0.000154865
2026-10-01 13:40:03,895 step=33350 train=1.89459 val=None lr=0.000154796
2026-10-01 13:40:05,105 step=33360 train=1.99637 val=None lr=0.000154727
2026-10-01 13:40:06,248 step=33370 train=1.73427 val=None lr=0.000154658
2026-10-01 13:40:07,406 step=33380 train=1.79551 val=None lr=0.000154589
2026-10-01 13:40:08,740 step=33390 train=1.69987 val=None lr=0.00015452
2026-10-01 13:40:10,881 step=33400 train=1.96019 val=1.7982355058193207 lr=0.000154451
2026-10-01 13:40:12,166 step=33410 train=1.87820 val=None lr=0.000154382
2026-10-01 13:40:13,399 step=33420 train=1.70192 val=None lr=0.000154313
2026-10-01 13:40:14,708 step=33430 train=1.89616 val=None lr=0.000154244
2026-10-01 13:40:15,821 step=33440 train=1.82400 val=None lr=0.000154175
2026-10-01 13:40:16,944 step=33450 train=1.98458 val=None lr=0.000154106
2026-10-01 13:40:18,027 step=33460 train=1.91443 val=None lr=0.000154037
2026-10-01 13:40:19,190 step=33470 train=1.76027 val=None lr=0.000153968
2026-10-01 13:40:20,385 step=33480 train=1.71674 val=None lr=0.000153899
2026-10-01 13:40:21,588 step=33490 train=1.84620 val=None lr=0.00015383
2026-10-01 13:40:23,330 step=33500 train=1.70839 val=1.8000987470149994 lr=0.000153761
2026-10-01 13:40:25,873 step=33510 train=2.15101 val=None lr=0.000153692
2026-10-01 13:40:27,070 step=33520 train=1.79246 val=None lr=0.000153623
2026-10-01 13:40:28,301 step=33530 train=2.01211 val=None lr=0.000153554
2026-10-01 13:40:29,519 step=33540 train=2.10601 val=None lr=0.000153485
2026-10-01 13:40:30,882 step=33550 train=1.85513 val=None lr=0.000153416
2026-10-01 13:40:32,172 step=33560 train=1.81446 val=None lr=0.000153347
2026-10-01 13:40:33,342 step=33570 train=1.92818 val=None lr=0.000153278
2026-10-01 13:40:34,575 step=33580 train=1.82248 val=None lr=0.000153209
2026-10-01 13:40:35,783 step=33590 train=1.90856 val=None lr=0.00015314
2026-10-01 13:40:37,554 step=33600 train=1.73404 val=1.7991485834121703 lr=0.000153071
2026-10-01 13:40:38,722 step=33610 train=1.93310 val=None lr=0.000153002
2026-10-01 13:40:39,973 step=33620 train=2.10149 val=None lr=0.000152933
2026-10-01 13:40:41,106 step=33630 train=1.93869 val=None lr=0.000152864
2026-10-01 13:40:42,323 step=33640 train=1.96279 val=None lr=0.000152795
2026-10-01 13:40:43,543 step=33650 train=1.72677 val=None lr=0.000152726
2026-10-01 13:40:44,764 step=33660 train=2.06982 val=None lr=0.000152657
2026-10-01 13:40:45,950 step=33670 train=1.67124 val=None lr=0.000152588
2026-10-01 13:40:47,146 step=33680 train=1.75921 val=None lr=0.000152519
2026-10-01 13:40:48,299 step=33690 train=1.50390 val=None lr=0.00015245
2026-10-01 13:40:50,131 step=33700 train=1.77726 val=1.8009042859077453 lr=0.000152382
2026-10-01 13:40:51,414 step=33710 train=1.74457 val=None lr=0.000152313
2026-10-01 13:40:52,578 step=33720 train=1.64047 val=None lr=0.000152244
2026-10-01 13:40:54,036 step=33730 train=1.87547 val=None lr=0.000152175
2026-10-01 13:40:55,220 step=33740 train=2.20451 val=None lr=0.000152106
2026-10-01 13:40:56,490 step=33750 train=1.81102 val=None lr=0.000152037
2026-10-01 13:40:57,597 step=33760 train=1.79051 val=None lr=0.000151968
2026-10-01 13:40:58,848 step=33770 train=1.85148 val=None lr=0.000151899
2026-10-01 13:41:00,043 step=33780 train=1.71080 val=None lr=0.00015183
2026-10-01 13:41:01,236 step=33790 train=1.85587 val=None lr=0.000151761
2026-10-01 13:41:03,052 step=33800 train=1.90153 val=1.8001786589622497 lr=0.000151692
2026-10-01 13:41:04,189 step=33810 train=1.75350 val=None lr=0.000151623
2026-10-01 13:41:05,371 step=33820 train=1.68135 val=None lr=0.000151555
2026-10-01 13:41:06,565 step=33830 train=1.71546 val=None lr=0.000151486
2026-10-01 13:41:07,742 step=33840 train=1.76223 val=None lr=0.000151417
2026-10-01 13:41:08,888 step=33850 train=1.59980 val=None lr=0.000151348
2026-10-01 13:41:09,972 step=33860 train=1.65460 val=None lr=0.000151279
2026-10-01 13:41:11,347 step=33870 train=2.12892 val=None lr=0.00015121
2026-10-01 13:41:12,560 step=33880 train=1.89311 val=None lr=0.000151141
2026-10-01 13:41:13,753 step=33890 train=1.72429 val=None lr=0.000151072
2026-10-01 13:41:15,550 step=33900 train=2.08362 val=1.799014800786972 lr=0.000151003
2026-10-01 13:41:16,915 step=33910 train=1.82469 val=None lr=0.000150935
2026-10-01 13:41:18,227 step=33920 train=1.86841 val=None lr=0.000150866
2026-10-01 13:41:19,511 step=33930 train=1.83487 val=None lr=0.000150797
2026-10-01 13:41:20,675 step=33940 train=2.02617 val=None lr=0.000150728
2026-10-01 13:41:21,969 step=33950 train=1.91022 val=None lr=0.000150659
2026-10-01 13:41:23,222 step=33960 train=2.04001 val=None lr=0.00015059
2026-10-01 13:41:24,499 step=33970 train=1.99399 val=None lr=0.000150521
2026-10-01 13:41:25,866 step=33980 train=1.71522 val=None lr=0.000150453
2026-10-01 13:41:27,207 step=33990 train=1.79329 val=None lr=0.000150384
2026-10-01 13:41:29,506 step=34000 train=1.70356 val=1.7936693727970123 lr=0.000150315
2026-10-01 13:41:31,946 step=34010 train=1.72275 val=None lr=0.000150246
2026-10-01 13:41:33,023 step=34020 train=1.57515 val=None lr=0.000150177
2026-10-01 13:41:34,109 step=34030 train=1.76086 val=None lr=0.000150108
2026-10-01 13:41:35,324 step=34040 train=1.82966 val=None lr=0.00015004
2026-10-01 13:41:36,635 step=34050 train=1.94660 val=None lr=0.000149971
2026-10-01 13:41:37,248 step=34055 train=1.82725 val=None lr=0.000149936
2026-10-01 13:41:38,254 Stopped after step 34055; rerun the same command to resume.
2026-10-01 14:06:26,675 32m_128mtoken: parameters=30693888, target steps=62500, processed tokens=128000000, resume step=34055
2026-10-01 14:06:28,926 step=34060 train=1.59518 val=None lr=0.000149902
2026-10-01 14:06:30,134 step=34070 train=1.85064 val=None lr=0.000149833
2026-10-01 14:06:31,637 step=34080 train=1.82951 val=None lr=0.000149764
2026-10-01 14:06:32,957 step=34090 train=1.82990 val=None lr=0.000149696
2026-10-01 14:06:35,143 step=34100 train=2.00322 val=1.7925874948501588 lr=0.000149627
2026-10-01 14:06:36,311 step=34110 train=1.69622 val=None lr=0.000149558
2026-10-01 14:06:37,476 step=34120 train=1.94132 val=None lr=0.000149489
2026-10-01 14:06:38,794 step=34130 train=1.92267 val=None lr=0.00014942
2026-10-01 14:06:40,122 step=34140 train=1.73812 val=None lr=0.000149352
2026-10-01 14:06:41,313 step=34150 train=1.65597 val=None lr=0.000149283
2026-10-01 14:06:42,423 step=34160 train=1.76764 val=None lr=0.000149214
2026-10-01 14:06:43,474 step=34170 train=1.68724 val=None lr=0.000149145
2026-10-01 14:06:44,526 step=34180 train=1.66793 val=None lr=0.000149077
2026-10-01 14:06:45,570 step=34190 train=1.68431 val=None lr=0.000149008
2026-10-01 14:06:47,285 step=34200 train=1.75452 val=1.7962423503398894 lr=0.000148939
2026-10-01 14:06:48,510 step=34210 train=1.77880 val=None lr=0.00014887
2026-10-01 14:06:49,611 step=34220 train=2.22285 val=None lr=0.000148802
2026-10-01 14:06:50,715 step=34230 train=2.06544 val=None lr=0.000148733
2026-10-01 14:06:51,944 step=34240 train=1.99764 val=None lr=0.000148664
2026-10-01 14:06:53,102 step=34250 train=1.79040 val=None lr=0.000148595
2026-10-01 14:06:54,200 step=34260 train=2.17432 val=None lr=0.000148527
2026-10-01 14:06:55,342 step=34270 train=1.78390 val=None lr=0.000148458
2026-10-01 14:06:56,430 step=34280 train=1.91054 val=None lr=0.000148389
2026-10-01 14:06:57,603 step=34290 train=1.70193 val=None lr=0.00014832
2026-10-01 14:06:59,905 step=34300 train=2.14203 val=1.7920825362205506 lr=0.000148252
2026-10-01 14:07:01,015 step=34310 train=1.96555 val=None lr=0.000148183
2026-10-01 14:07:02,101 step=34320 train=1.83997 val=None lr=0.000148114
2026-10-01 14:07:03,224 step=34330 train=1.87883 val=None lr=0.000148046
2026-10-01 14:07:04,259 step=34340 train=1.76566 val=None lr=0.000147977
2026-10-01 14:07:05,310 step=34350 train=1.75443 val=None lr=0.000147908
2026-10-01 14:07:06,529 step=34360 train=1.93409 val=None lr=0.00014784
2026-10-01 14:07:07,753 step=34370 train=1.69693 val=None lr=0.000147771
2026-10-01 14:07:09,100 step=34380 train=1.86753 val=None lr=0.000147702
2026-10-01 14:07:10,367 step=34390 train=1.85058 val=None lr=0.000147634
2026-10-01 14:07:12,305 step=34400 train=1.67331 val=1.7928625047206879 lr=0.000147565
2026-10-01 14:07:13,490 step=34410 train=1.80702 val=None lr=0.000147496
2026-10-01 14:07:14,653 step=34420 train=1.83766 val=None lr=0.000147428
2026-10-01 14:07:15,935 step=34430 train=1.53549 val=None lr=0.000147359
2026-10-01 14:07:17,208 step=34440 train=1.92464 val=None lr=0.00014729
2026-10-01 14:07:18,615 step=34450 train=1.74543 val=None lr=0.000147222
2026-10-01 14:07:19,667 step=34460 train=1.71848 val=None lr=0.000147153
2026-10-01 14:07:20,715 step=34470 train=1.76382 val=None lr=0.000147084
2026-10-01 14:07:21,849 step=34480 train=1.70425 val=None lr=0.000147016
2026-10-01 14:07:23,021 step=34490 train=1.88135 val=None lr=0.000146947
2026-10-01 14:07:25,369 step=34500 train=1.94814 val=1.7914941430091857 lr=0.000146879
2026-10-01 14:07:27,569 step=34510 train=1.97650 val=None lr=0.00014681
2026-10-01 14:07:28,714 step=34520 train=1.95640 val=None lr=0.000146741
2026-10-01 14:07:29,872 step=34530 train=1.73851 val=None lr=0.000146673
2026-10-01 14:07:31,019 step=34540 train=1.85140 val=None lr=0.000146604
2026-10-01 14:07:32,242 step=34550 train=1.86294 val=None lr=0.000146535
2026-10-01 14:07:33,426 step=34560 train=1.95282 val=None lr=0.000146467
2026-10-01 14:07:34,622 step=34570 train=1.86230 val=None lr=0.000146398
2026-10-01 14:07:35,787 step=34580 train=1.83957 val=None lr=0.00014633
2026-10-01 14:07:36,960 step=34590 train=2.00639 val=None lr=0.000146261
2026-10-01 14:07:39,077 step=34600 train=1.70126 val=1.7877567529678344 lr=0.000146193
2026-10-01 14:07:40,161 step=34610 train=1.83660 val=None lr=0.000146124
2026-10-01 14:07:41,506 step=34620 train=1.84864 val=None lr=0.000146055
2026-10-01 14:07:42,685 step=34630 train=1.67141 val=None lr=0.000145987
2026-10-01 14:07:43,859 step=34640 train=1.92728 val=None lr=0.000145918
2026-10-01 14:07:44,922 step=34650 train=1.72375 val=None lr=0.00014585
2026-10-01 14:07:46,237 step=34660 train=1.82362 val=None lr=0.000145781
2026-10-01 14:07:47,462 step=34670 train=1.88697 val=None lr=0.000145713
2026-10-01 14:07:48,999 step=34680 train=1.76267 val=None lr=0.000145644
2026-10-01 14:07:50,165 step=34690 train=1.75778 val=None lr=0.000145576
2026-10-01 14:07:52,556 step=34700 train=1.69769 val=1.785535603761673 lr=0.000145507
2026-10-01 14:07:53,741 step=34710 train=1.98873 val=None lr=0.000145439
2026-10-01 14:07:55,188 step=34720 train=1.80797 val=None lr=0.00014537
2026-10-01 14:07:56,662 step=34730 train=1.74695 val=None lr=0.000145302
2026-10-01 14:07:58,223 step=34740 train=2.05959 val=None lr=0.000145233
2026-10-01 14:07:59,660 step=34750 train=2.01891 val=None lr=0.000145165
2026-10-01 14:08:00,870 step=34760 train=1.72766 val=None lr=0.000145096
2026-10-01 14:08:02,081 step=34770 train=1.90763 val=None lr=0.000145028
2026-10-01 14:08:03,303 step=34780 train=1.76158 val=None lr=0.000144959
2026-10-01 14:08:04,706 step=34790 train=1.82885 val=None lr=0.000144891
2026-10-01 14:08:06,774 step=34800 train=2.11201 val=1.7864698410034179 lr=0.000144822
2026-10-01 14:08:08,158 step=34810 train=1.76618 val=None lr=0.000144754
2026-10-01 14:08:09,403 step=34820 train=1.96861 val=None lr=0.000144685
2026-10-01 14:08:10,492 step=34830 train=1.53789 val=None lr=0.000144617
2026-10-01 14:08:11,682 step=34840 train=2.16764 val=None lr=0.000144548
2026-10-01 14:08:12,878 step=34850 train=1.69591 val=None lr=0.00014448
2026-10-01 14:08:13,957 step=34860 train=1.86364 val=None lr=0.000144412
2026-10-01 14:08:15,052 step=34870 train=1.66160 val=None lr=0.000144343
2026-10-01 14:08:16,290 step=34880 train=1.77626 val=None lr=0.000144275
2026-10-01 14:08:17,478 step=34890 train=1.69658 val=None lr=0.000144206
2026-10-01 14:08:19,734 step=34900 train=1.50108 val=1.7858112037181855 lr=0.000144138
2026-10-01 14:08:20,962 step=34910 train=1.77463 val=None lr=0.000144069
2026-10-01 14:08:22,147 step=34920 train=1.79168 val=None lr=0.000144001
2026-10-01 14:08:23,371 step=34930 train=1.88451 val=None lr=0.000143933
2026-10-01 14:08:24,500 step=34940 train=1.89147 val=None lr=0.000143864
2026-10-01 14:08:25,891 step=34950 train=1.82275 val=None lr=0.000143796
2026-10-01 14:08:27,291 step=34960 train=1.81375 val=None lr=0.000143727
2026-10-01 14:08:28,602 step=34970 train=1.97039 val=None lr=0.000143659
2026-10-01 14:08:29,909 step=34980 train=1.77814 val=None lr=0.000143591
2026-10-01 14:08:31,212 step=34990 train=1.92546 val=None lr=0.000143522
2026-10-01 14:08:33,501 step=35000 train=1.88372 val=1.784715873003006 lr=0.000143454
2026-10-01 14:08:35,857 step=35010 train=1.81532 val=None lr=0.000143386
2026-10-01 14:08:37,215 step=35020 train=2.10934 val=None lr=0.000143317
2026-10-01 14:08:38,443 step=35030 train=1.64511 val=None lr=0.000143249
2026-10-01 14:08:39,620 step=35040 train=1.70632 val=None lr=0.000143181
2026-10-01 14:08:40,894 step=35050 train=1.80325 val=None lr=0.000143112
2026-10-01 14:08:42,363 step=35060 train=1.77635 val=None lr=0.000143044
2026-10-01 14:08:43,680 step=35070 train=1.76936 val=None lr=0.000142976
2026-10-01 14:08:44,832 step=35080 train=1.88237 val=None lr=0.000142907
2026-10-01 14:08:46,142 step=35090 train=2.02244 val=None lr=0.000142839
2026-10-01 14:08:48,510 step=35100 train=1.75468 val=1.7837480306625366 lr=0.000142771
2026-10-01 14:08:49,884 step=35110 train=1.62268 val=None lr=0.000142702
2026-10-01 14:08:50,976 step=35120 train=2.04732 val=None lr=0.000142634
2026-10-01 14:08:52,131 step=35130 train=1.75273 val=None lr=0.000142566
2026-10-01 14:08:53,503 step=35140 train=1.88458 val=None lr=0.000142498
2026-10-01 14:08:54,969 step=35150 train=1.85347 val=None lr=0.000142429
2026-10-01 14:08:56,336 step=35160 train=1.87427 val=None lr=0.000142361
2026-10-01 14:08:57,528 step=35170 train=1.87081 val=None lr=0.000142293
2026-10-01 14:08:58,750 step=35180 train=1.88722 val=None lr=0.000142225
2026-10-01 14:08:59,982 step=35190 train=1.94579 val=None lr=0.000142156
2026-10-01 14:09:02,364 step=35200 train=2.12077 val=1.781024557352066 lr=0.000142088
2026-10-01 14:09:03,651 step=35210 train=1.87741 val=None lr=0.00014202
2026-10-01 14:09:04,853 step=35220 train=1.75883 val=None lr=0.000141952
2026-10-01 14:09:06,040 step=35230 train=1.58348 val=None lr=0.000141883
2026-10-01 14:09:07,214 step=35240 train=1.69818 val=None lr=0.000141815
2026-10-01 14:09:08,403 step=35250 train=2.10448 val=None lr=0.000141747
2026-10-01 14:09:09,666 step=35260 train=1.69374 val=None lr=0.000141679
2026-10-01 14:09:10,942 step=35270 train=2.16143 val=None lr=0.000141611
2026-10-01 14:09:12,099 step=35280 train=1.75764 val=None lr=0.000141542
2026-10-01 14:09:13,234 step=35290 train=1.70313 val=None lr=0.000141474
2026-10-01 14:09:15,112 step=35300 train=1.90301 val=1.7846476495265962 lr=0.000141406
2026-10-01 14:09:16,316 step=35310 train=1.67884 val=None lr=0.000141338
2026-10-01 14:09:17,416 step=35320 train=1.70032 val=None lr=0.00014127
2026-10-01 14:09:18,541 step=35330 train=1.84894 val=None lr=0.000141201
2026-10-01 14:09:19,687 step=35340 train=2.07601 val=None lr=0.000141133
2026-10-01 14:09:20,774 step=35350 train=1.67983 val=None lr=0.000141065
2026-10-01 14:09:22,096 step=35360 train=1.83712 val=None lr=0.000140997
2026-10-01 14:09:23,194 step=35370 train=1.69403 val=None lr=0.000140929
2026-10-01 14:09:24,295 step=35380 train=2.18166 val=None lr=0.000140861
2026-10-01 14:09:25,533 step=35390 train=1.63618 val=None lr=0.000140793
2026-10-01 14:09:27,336 step=35400 train=2.03711 val=1.7835579216480255 lr=0.000140725
2026-10-01 14:09:28,437 step=35410 train=1.90019 val=None lr=0.000140656
2026-10-01 14:09:29,984 step=35420 train=1.71819 val=None lr=0.000140588
2026-10-01 14:09:31,058 step=35430 train=2.03015 val=None lr=0.00014052
2026-10-01 14:09:32,182 step=35440 train=1.66411 val=None lr=0.000140452
2026-10-01 14:09:33,255 step=35450 train=2.00701 val=None lr=0.000140384
2026-10-01 14:09:34,317 step=35460 train=2.16046 val=None lr=0.000140316
2026-10-01 14:09:35,369 step=35470 train=2.11064 val=None lr=0.000140248
2026-10-01 14:09:36,480 step=35480 train=1.96421 val=None lr=0.00014018
2026-10-01 14:09:37,539 step=35490 train=1.86844 val=None lr=0.000140112
2026-10-01 14:09:39,650 step=35500 train=1.70281 val=1.7823561489582063 lr=0.000140044
2026-10-01 14:09:42,136 step=35510 train=1.65340 val=None lr=0.000139976
2026-10-01 14:09:43,347 step=35520 train=1.90041 val=None lr=0.000139908
2026-10-01 14:09:44,483 step=35530 train=1.80963 val=None lr=0.00013984
2026-10-01 14:09:45,743 step=35540 train=1.62452 val=None lr=0.000139772
2026-10-01 14:09:46,852 step=35550 train=1.81573 val=None lr=0.000139704
2026-10-01 14:09:48,286 step=35560 train=1.57943 val=None lr=0.000139636
2026-10-01 14:09:49,492 step=35570 train=1.96805 val=None lr=0.000139568
2026-10-01 14:09:50,645 step=35580 train=1.84626 val=None lr=0.0001395
2026-10-01 14:09:51,789 step=35590 train=2.19740 val=None lr=0.000139432
2026-10-01 14:09:53,478 step=35600 train=1.97555 val=1.7817786574363708 lr=0.000139364
2026-10-01 14:09:54,557 step=35610 train=1.99576 val=None lr=0.000139296
2026-10-01 14:09:55,692 step=35620 train=1.85344 val=None lr=0.000139228
2026-10-01 14:09:56,973 step=35630 train=1.61572 val=None lr=0.00013916
2026-10-01 14:09:58,199 step=35640 train=1.69631 val=None lr=0.000139092
2026-10-01 14:09:59,383 step=35650 train=1.91914 val=None lr=0.000139024
2026-10-01 14:10:00,486 step=35660 train=1.82002 val=None lr=0.000138956
2026-10-01 14:10:01,592 step=35670 train=1.99359 val=None lr=0.000138888
2026-10-01 14:10:02,769 step=35680 train=1.77604 val=None lr=0.00013882
2026-10-01 14:10:03,950 step=35690 train=1.80874 val=None lr=0.000138752
2026-10-01 14:10:06,146 step=35700 train=1.76065 val=1.7798056483268738 lr=0.000138684
2026-10-01 14:10:07,312 step=35710 train=1.65617 val=None lr=0.000138616
2026-10-01 14:10:08,607 step=35720 train=1.91512 val=None lr=0.000138548
2026-10-01 14:10:09,891 step=35730 train=1.94318 val=None lr=0.00013848
2026-10-01 14:10:11,016 step=35740 train=1.56402 val=None lr=0.000138412
2026-10-01 14:10:12,512 step=35750 train=1.77276 val=None lr=0.000138345
2026-10-01 14:10:13,661 step=35760 train=1.88191 val=None lr=0.000138277
2026-10-01 14:10:14,839 step=35770 train=1.86609 val=None lr=0.000138209
2026-10-01 14:10:16,033 step=35780 train=1.93812 val=None lr=0.000138141
2026-10-01 14:10:17,101 step=35790 train=1.70105 val=None lr=0.000138073
2026-10-01 14:10:19,166 step=35800 train=1.83648 val=1.783405840396881 lr=0.000138005
2026-10-01 14:10:20,317 step=35810 train=1.94401 val=None lr=0.000137937
2026-10-01 14:10:21,568 step=35820 train=1.88196 val=None lr=0.00013787
2026-10-01 14:10:22,720 step=35830 train=1.77219 val=None lr=0.000137802
2026-10-01 14:10:24,007 step=35840 train=1.74720 val=None lr=0.000137734
2026-10-01 14:10:25,210 step=35850 train=1.79157 val=None lr=0.000137666
2026-10-01 14:10:26,483 step=35860 train=1.73891 val=None lr=0.000137598
2026-10-01 14:10:27,882 step=35870 train=1.73181 val=None lr=0.00013753
2026-10-01 14:10:29,024 step=35880 train=2.05686 val=None lr=0.000137463
2026-10-01 14:10:30,553 step=35890 train=2.19865 val=None lr=0.000137395
2026-10-01 14:10:32,325 step=35900 train=2.16738 val=1.782641065120697 lr=0.000137327
2026-10-01 14:10:33,584 step=35910 train=1.84706 val=None lr=0.000137259
2026-10-01 14:10:34,812 step=35920 train=2.00037 val=None lr=0.000137192
2026-10-01 14:10:35,967 step=35930 train=1.60407 val=None lr=0.000137124
2026-10-01 14:10:37,121 step=35940 train=1.72039 val=None lr=0.000137056
2026-10-01 14:10:38,387 step=35950 train=2.08797 val=None lr=0.000136988
2026-10-01 14:10:39,731 step=35960 train=1.71656 val=None lr=0.000136921
2026-10-01 14:10:41,065 step=35970 train=1.85614 val=None lr=0.000136853
2026-10-01 14:10:42,160 step=35980 train=1.80019 val=None lr=0.000136785
2026-10-01 14:10:43,230 step=35990 train=2.01778 val=None lr=0.000136717
2026-10-01 14:10:45,305 step=36000 train=1.80364 val=1.778084433078766 lr=0.00013665
2026-10-01 14:10:48,638 step=36010 train=1.92429 val=None lr=0.000136582
2026-10-01 14:10:49,857 step=36020 train=2.06169 val=None lr=0.000136514
2026-10-01 14:10:51,048 step=36030 train=1.64520 val=None lr=0.000136447
2026-10-01 14:10:52,289 step=36040 train=1.93133 val=None lr=0.000136379
2026-10-01 14:10:53,592 step=36050 train=2.03986 val=None lr=0.000136311
2026-10-01 14:10:54,742 step=36060 train=1.79158 val=None lr=0.000136244
2026-10-01 14:10:55,933 step=36070 train=2.02339 val=None lr=0.000136176
2026-10-01 14:10:57,324 step=36080 train=1.65088 val=None lr=0.000136108
2026-10-01 14:10:58,748 step=36090 train=1.88761 val=None lr=0.000136041
2026-10-01 14:11:01,056 step=36100 train=1.67696 val=1.7778641402721405 lr=0.000135973
2026-10-01 14:11:02,192 step=36110 train=1.85812 val=None lr=0.000135906
2026-10-01 14:11:03,360 step=36120 train=1.79795 val=None lr=0.000135838
2026-10-01 14:11:04,716 step=36130 train=2.02101 val=None lr=0.00013577
2026-10-01 14:11:06,197 step=36140 train=1.88963 val=None lr=0.000135703
2026-10-01 14:11:07,365 step=36150 train=2.04727 val=None lr=0.000135635
2026-10-01 14:11:08,653 step=36160 train=1.75141 val=None lr=0.000135568
2026-10-01 14:11:09,824 step=36170 train=1.92723 val=None lr=0.0001355
2026-10-01 14:11:10,975 step=36180 train=1.70199 val=None lr=0.000135432
2026-10-01 14:11:12,137 step=36190 train=1.76247 val=None lr=0.000135365
2026-10-01 14:11:15,010 step=36200 train=1.68720 val=1.7776619970798493 lr=0.000135297
2026-10-01 14:11:16,331 step=36210 train=1.72164 val=None lr=0.00013523
2026-10-01 14:11:17,754 step=36220 train=2.00714 val=None lr=0.000135162
2026-10-01 14:11:19,074 step=36230 train=1.61158 val=None lr=0.000135095
2026-10-01 14:11:20,356 step=36240 train=1.81694 val=None lr=0.000135027
2026-10-01 14:11:21,642 step=36250 train=1.81049 val=None lr=0.00013496
2026-10-01 14:11:22,931 step=36260 train=1.63769 val=None lr=0.000134892
2026-10-01 14:11:24,230 step=36270 train=1.84310 val=None lr=0.000134825
2026-10-01 14:11:25,488 step=36280 train=1.73069 val=None lr=0.000134757
2026-10-01 14:11:26,617 step=36290 train=1.60872 val=None lr=0.00013469
2026-10-01 14:11:28,873 step=36300 train=1.91340 val=1.7766896486282349 lr=0.000134622
2026-10-01 14:11:30,044 step=36310 train=2.00466 val=None lr=0.000134555
2026-10-01 14:11:31,189 step=36320 train=1.76335 val=None lr=0.000134487
2026-10-01 14:11:32,406 step=36330 train=1.99530 val=None lr=0.00013442
2026-10-01 14:11:33,735 step=36340 train=1.74090 val=None lr=0.000134352
2026-10-01 14:11:34,874 step=36350 train=1.83364 val=None lr=0.000134285
2026-10-01 14:11:36,152 step=36360 train=1.58123 val=None lr=0.000134218
2026-10-01 14:11:37,249 step=36370 train=2.07309 val=None lr=0.00013415
2026-10-01 14:11:38,457 step=36380 train=1.93059 val=None lr=0.000134083
2026-10-01 14:11:39,634 step=36390 train=1.92350 val=None lr=0.000134015
2026-10-01 14:11:41,830 step=36400 train=1.59373 val=1.7735164880752563 lr=0.000133948
2026-10-01 14:11:42,937 step=36410 train=1.78480 val=None lr=0.000133881
2026-10-01 14:11:44,195 step=36420 train=1.61755 val=None lr=0.000133813
2026-10-01 14:11:45,640 step=36430 train=1.76135 val=None lr=0.000133746
2026-10-01 14:11:46,974 step=36440 train=1.92160 val=None lr=0.000133678
2026-10-01 14:11:48,438 step=36450 train=1.73551 val=None lr=0.000133611
2026-10-01 14:11:49,631 step=36460 train=1.93570 val=None lr=0.000133544
2026-10-01 14:11:50,781 step=36470 train=1.67143 val=None lr=0.000133476
2026-10-01 14:11:51,975 step=36480 train=2.04471 val=None lr=0.000133409
2026-10-01 14:11:53,104 step=36490 train=1.64764 val=None lr=0.000133342
2026-10-01 14:11:54,987 step=36500 train=1.52802 val=1.775754737854004 lr=0.000133275
2026-10-01 14:11:57,677 step=36510 train=2.05271 val=None lr=0.000133207
2026-10-01 14:11:58,940 step=36520 train=1.80568 val=None lr=0.00013314
2026-10-01 14:12:00,404 step=36530 train=2.27146 val=None lr=0.000133073
2026-10-01 14:12:01,618 step=36540 train=1.74856 val=None lr=0.000133005
2026-10-01 14:12:02,872 step=36550 train=1.80786 val=None lr=0.000132938
2026-10-01 14:12:04,121 step=36560 train=1.89430 val=None lr=0.000132871
2026-10-01 14:12:05,317 step=36570 train=1.84114 val=None lr=0.000132804
2026-10-01 14:12:06,498 step=36580 train=1.85572 val=None lr=0.000132736
2026-10-01 14:12:07,900 step=36590 train=2.11870 val=None lr=0.000132669
2026-10-01 14:12:09,785 step=36600 train=1.84100 val=1.7737994492053986 lr=0.000132602
2026-10-01 14:12:11,117 step=36610 train=1.90753 val=None lr=0.000132535
2026-10-01 14:12:12,379 step=36620 train=1.98156 val=None lr=0.000132467
2026-10-01 14:12:13,834 step=36630 train=1.87500 val=None lr=0.0001324
2026-10-01 14:12:15,000 step=36640 train=1.84445 val=None lr=0.000132333
2026-10-01 14:12:16,349 step=36650 train=1.77907 val=None lr=0.000132266
2026-10-01 14:12:17,742 step=36660 train=1.64237 val=None lr=0.000132199
2026-10-01 14:12:18,976 step=36670 train=1.89594 val=None lr=0.000132132
2026-10-01 14:12:20,206 step=36680 train=1.74227 val=None lr=0.000132064
2026-10-01 14:12:21,516 step=36690 train=1.58183 val=None lr=0.000131997
2026-10-01 14:12:23,567 step=36700 train=1.79636 val=1.7741212010383607 lr=0.00013193
2026-10-01 14:12:24,801 step=36710 train=1.76973 val=None lr=0.000131863
2026-10-01 14:12:26,041 step=36720 train=1.76073 val=None lr=0.000131796
2026-10-01 14:12:27,287 step=36730 train=1.78184 val=None lr=0.000131729
2026-10-01 14:12:28,497 step=36740 train=1.85882 val=None lr=0.000131662
2026-10-01 14:12:29,698 step=36750 train=1.84781 val=None lr=0.000131595
2026-10-01 14:12:30,875 step=36760 train=1.61520 val=None lr=0.000131527
2026-10-01 14:12:31,993 step=36770 train=1.77683 val=None lr=0.00013146
2026-10-01 14:12:33,180 step=36780 train=1.85621 val=None lr=0.000131393
2026-10-01 14:12:34,373 step=36790 train=1.88421 val=None lr=0.000131326
2026-10-01 14:12:36,627 step=36800 train=1.84621 val=1.773159885406494 lr=0.000131259
2026-10-01 14:12:38,052 step=36810 train=1.73588 val=None lr=0.000131192
2026-10-01 14:12:39,380 step=36820 train=1.65575 val=None lr=0.000131125
2026-10-01 14:12:40,459 step=36830 train=1.68152 val=None lr=0.000131058
2026-10-01 14:12:41,517 step=36840 train=1.77892 val=None lr=0.000130991
2026-10-01 14:12:42,661 step=36850 train=1.72867 val=None lr=0.000130924
2026-10-01 14:12:43,955 step=36860 train=1.88937 val=None lr=0.000130857
2026-10-01 14:12:45,196 step=36870 train=1.66159 val=None lr=0.00013079
2026-10-01 14:12:46,424 step=36880 train=1.90989 val=None lr=0.000130723
2026-10-01 14:12:47,630 step=36890 train=1.55558 val=None lr=0.000130656
2026-10-01 14:12:49,884 step=36900 train=1.80273 val=1.7703805327415467 lr=0.000130589
2026-10-01 14:12:51,121 step=36910 train=1.56691 val=None lr=0.000130522
2026-10-01 14:12:52,390 step=36920 train=1.92401 val=None lr=0.000130455
2026-10-01 14:12:53,731 step=36930 train=1.92548 val=None lr=0.000130388
2026-10-01 14:12:54,960 step=36940 train=2.09389 val=None lr=0.000130321
2026-10-01 14:12:56,064 step=36950 train=1.78107 val=None lr=0.000130255
2026-10-01 14:12:57,258 step=36960 train=1.80379 val=None lr=0.000130188
2026-10-01 14:12:58,647 step=36970 train=1.91302 val=None lr=0.000130121
2026-10-01 14:12:59,894 step=36980 train=1.82556 val=None lr=0.000130054
2026-10-01 14:13:01,043 step=36990 train=2.02091 val=None lr=0.000129987
2026-10-01 14:13:03,149 step=37000 train=1.67538 val=1.7714290261268615 lr=0.00012992
2026-10-01 14:13:05,822 step=37010 train=1.87388 val=None lr=0.000129853
2026-10-01 14:13:07,048 step=37020 train=2.01458 val=None lr=0.000129786
2026-10-01 14:13:08,378 step=37030 train=2.01418 val=None lr=0.00012972
2026-10-01 14:13:09,603 step=37040 train=1.73838 val=None lr=0.000129653
2026-10-01 14:13:10,839 step=37050 train=1.87812 val=None lr=0.000129586
2026-10-01 14:13:12,041 step=37060 train=1.76713 val=None lr=0.000129519
2026-10-01 14:13:13,222 step=37070 train=1.71742 val=None lr=0.000129452
2026-10-01 14:13:14,480 step=37080 train=1.81225 val=None lr=0.000129385
2026-10-01 14:13:15,730 step=37090 train=1.76680 val=None lr=0.000129319
2026-10-01 14:13:17,545 step=37100 train=2.00119 val=1.773542982339859 lr=0.000129252
2026-10-01 14:13:18,639 step=37110 train=1.57896 val=None lr=0.000129185
2026-10-01 14:13:19,879 step=37120 train=1.83351 val=None lr=0.000129118
2026-10-01 14:13:20,975 step=37130 train=1.76509 val=None lr=0.000129052
2026-10-01 14:13:22,131 step=37140 train=1.89291 val=None lr=0.000128985
2026-10-01 14:13:23,239 step=37150 train=1.84799 val=None lr=0.000128918
2026-10-01 14:13:24,419 step=37160 train=1.78929 val=None lr=0.000128851
2026-10-01 14:13:25,489 step=37170 train=2.09931 val=None lr=0.000128785
2026-10-01 14:13:26,708 step=37180 train=1.61736 val=None lr=0.000128718
2026-10-01 14:13:27,816 step=37190 train=1.81463 val=None lr=0.000128651
2026-10-01 14:13:30,229 step=37200 train=2.02932 val=1.7700030744075774 lr=0.000128585
2026-10-01 14:13:31,358 step=37210 train=1.70726 val=None lr=0.000128518
2026-10-01 14:13:32,575 step=37220 train=1.54739 val=None lr=0.000128451
2026-10-01 14:13:33,717 step=37230 train=1.50242 val=None lr=0.000128385
2026-10-01 14:13:34,949 step=37240 train=1.95083 val=None lr=0.000128318
2026-10-01 14:13:36,187 step=37250 train=1.76327 val=None lr=0.000128251
2026-10-01 14:13:37,374 step=37260 train=1.84003 val=None lr=0.000128185
2026-10-01 14:13:38,585 step=37270 train=1.95055 val=None lr=0.000128118
2026-10-01 14:13:40,177 step=37280 train=2.29785 val=None lr=0.000128052
2026-10-01 14:13:41,398 step=37290 train=1.63777 val=None lr=0.000127985
2026-10-01 14:13:43,531 step=37300 train=1.81481 val=1.7690617144107819 lr=0.000127918
2026-10-01 14:13:45,043 step=37310 train=1.71281 val=None lr=0.000127852
2026-10-01 14:13:46,587 step=37320 train=1.63225 val=None lr=0.000127785
2026-10-01 14:13:47,757 step=37330 train=1.74181 val=None lr=0.000127719
2026-10-01 14:13:49,177 step=37340 train=1.90978 val=None lr=0.000127652
2026-10-01 14:13:50,530 step=37350 train=1.85747 val=None lr=0.000127586
2026-10-01 14:13:51,926 step=37360 train=1.74399 val=None lr=0.000127519
2026-10-01 14:13:53,137 step=37370 train=1.64571 val=None lr=0.000127453
2026-10-01 14:13:54,389 step=37380 train=1.78796 val=None lr=0.000127386
2026-10-01 14:13:55,705 step=37390 train=1.94135 val=None lr=0.00012732
2026-10-01 14:13:58,446 step=37400 train=1.86341 val=1.7685758888721466 lr=0.000127253
2026-10-01 14:13:59,719 step=37410 train=1.94673 val=None lr=0.000127187
2026-10-01 14:14:01,122 step=37420 train=1.74927 val=None lr=0.00012712
2026-10-01 14:14:02,478 step=37430 train=1.76154 val=None lr=0.000127054
2026-10-01 14:14:03,790 step=37440 train=2.02251 val=None lr=0.000126987
2026-10-01 14:14:05,243 step=37450 train=1.66448 val=None lr=0.000126921
2026-10-01 14:14:06,553 step=37460 train=1.84765 val=None lr=0.000126854
2026-10-01 14:14:08,068 step=37470 train=1.83879 val=None lr=0.000126788
2026-10-01 14:14:09,342 step=37480 train=1.74089 val=None lr=0.000126722
2026-10-01 14:14:10,919 step=37490 train=1.67876 val=None lr=0.000126655
2026-10-01 14:14:13,201 step=37500 train=1.87161 val=1.7662405252456665 lr=0.000126589
2026-10-01 14:14:15,733 step=37510 train=1.63616 val=None lr=0.000126522
2026-10-01 14:14:16,896 step=37520 train=1.81993 val=None lr=0.000126456
2026-10-01 14:14:18,187 step=37530 train=1.70023 val=None lr=0.00012639
2026-10-01 14:14:19,483 step=37540 train=1.83492 val=None lr=0.000126323
2026-10-01 14:14:20,718 step=37550 train=1.60440 val=None lr=0.000126257
2026-10-01 14:14:21,887 step=37560 train=1.77219 val=None lr=0.000126191
2026-10-01 14:14:23,370 step=37570 train=1.62935 val=None lr=0.000126124
2026-10-01 14:14:24,890 step=37580 train=1.74840 val=None lr=0.000126058
2026-10-01 14:14:26,172 step=37590 train=1.64082 val=None lr=0.000125992
2026-10-01 14:14:27,951 step=37600 train=1.61737 val=1.768243247270584 lr=0.000125925
2026-10-01 14:14:29,328 step=37610 train=1.88135 val=None lr=0.000125859
2026-10-01 14:14:30,586 step=37620 train=1.91035 val=None lr=0.000125793
2026-10-01 14:14:31,787 step=37630 train=1.67029 val=None lr=0.000125727
2026-10-01 14:14:33,109 step=37640 train=1.79780 val=None lr=0.00012566
2026-10-01 14:14:34,353 step=37650 train=1.61866 val=None lr=0.000125594
2026-10-01 14:14:35,474 step=37660 train=1.84367 val=None lr=0.000125528
2026-10-01 14:14:36,645 step=37670 train=1.70863 val=None lr=0.000125462
2026-10-01 14:14:37,816 step=37680 train=1.48556 val=None lr=0.000125396
2026-10-01 14:14:38,986 step=37690 train=1.73930 val=None lr=0.000125329
2026-10-01 14:14:41,353 step=37700 train=1.80874 val=1.7652392029762267 lr=0.000125263
2026-10-01 14:14:42,568 step=37710 train=1.68747 val=None lr=0.000125197
2026-10-01 14:14:43,767 step=37720 train=1.82646 val=None lr=0.000125131
2026-10-01 14:14:45,053 step=37730 train=1.62839 val=None lr=0.000125065
2026-10-01 14:14:46,178 step=37740 train=1.76469 val=None lr=0.000124999
2026-10-01 14:14:47,484 step=37750 train=1.51223 val=None lr=0.000124932
2026-10-01 14:14:48,617 step=37760 train=2.03339 val=None lr=0.000124866
2026-10-01 14:14:49,716 step=37770 train=1.53618 val=None lr=0.0001248
2026-10-01 14:14:50,804 step=37780 train=1.89726 val=None lr=0.000124734
2026-10-01 14:14:52,043 step=37790 train=1.73498 val=None lr=0.000124668
2026-10-01 14:14:53,827 step=37800 train=1.88188 val=1.7679609179496765 lr=0.000124602
2026-10-01 14:14:54,961 step=37810 train=1.94268 val=None lr=0.000124536
2026-10-01 14:14:56,316 step=37820 train=1.86828 val=None lr=0.00012447
2026-10-01 14:14:57,555 step=37830 train=1.94923 val=None lr=0.000124404
2026-10-01 14:14:58,653 step=37840 train=1.53088 val=None lr=0.000124338
2026-10-01 14:15:00,174 step=37850 train=1.68455 val=None lr=0.000124272
2026-10-01 14:15:01,326 step=37860 train=1.71422 val=None lr=0.000124206
2026-10-01 14:15:02,607 step=37870 train=1.79070 val=None lr=0.00012414
2026-10-01 14:15:03,806 step=37880 train=1.78515 val=None lr=0.000124074
2026-10-01 14:15:05,000 step=37890 train=1.82326 val=None lr=0.000124008
2026-10-01 14:15:07,193 step=37900 train=1.87612 val=1.7633351802825927 lr=0.000123942
2026-10-01 14:15:08,449 step=37910 train=1.77498 val=None lr=0.000123876
2026-10-01 14:15:09,779 step=37920 train=1.63403 val=None lr=0.00012381
2026-10-01 14:15:11,172 step=37930 train=1.86158 val=None lr=0.000123744
2026-10-01 14:15:12,297 step=37940 train=1.62510 val=None lr=0.000123678
2026-10-01 14:15:13,632 step=37950 train=1.68742 val=None lr=0.000123612
2026-10-01 14:15:14,815 step=37960 train=1.93952 val=None lr=0.000123546
2026-10-01 14:15:16,003 step=37970 train=2.20500 val=None lr=0.00012348
2026-10-01 14:15:17,448 step=37980 train=1.71825 val=None lr=0.000123414
2026-10-01 14:15:18,865 step=37990 train=1.49972 val=None lr=0.000123349
2026-10-01 14:15:21,202 step=38000 train=1.80288 val=1.7614244222640991 lr=0.000123283
2026-10-01 14:15:23,474 step=38010 train=1.66519 val=None lr=0.000123217
2026-10-01 14:15:24,797 step=38020 train=2.18630 val=None lr=0.000123151
2026-10-01 14:15:26,358 step=38030 train=1.86324 val=None lr=0.000123085
2026-10-01 14:15:27,688 step=38040 train=1.99138 val=None lr=0.000123019
2026-10-01 14:15:29,113 step=38050 train=2.03191 val=None lr=0.000122954
2026-10-01 14:15:30,470 step=38060 train=1.65350 val=None lr=0.000122888
2026-10-01 14:15:31,577 step=38070 train=1.75541 val=None lr=0.000122822
2026-10-01 14:15:32,759 step=38080 train=1.92820 val=None lr=0.000122756
2026-10-01 14:15:33,987 step=38090 train=1.76426 val=None lr=0.00012269
2026-10-01 14:15:35,837 step=38100 train=1.44555 val=1.7620562672615052 lr=0.000122625
2026-10-01 14:15:37,253 step=38110 train=1.70697 val=None lr=0.000122559
2026-10-01 14:15:38,653 step=38120 train=2.01467 val=None lr=0.000122493
2026-10-01 14:15:39,852 step=38130 train=2.11399 val=None lr=0.000122428
2026-10-01 14:15:41,075 step=38140 train=1.69982 val=None lr=0.000122362
2026-10-01 14:15:42,299 step=38150 train=1.72355 val=None lr=0.000122296
2026-10-01 14:15:43,626 step=38160 train=2.07658 val=None lr=0.00012223
2026-10-01 14:15:44,767 step=38170 train=1.73663 val=None lr=0.000122165
2026-10-01 14:15:45,958 step=38180 train=1.94173 val=None lr=0.000122099
2026-10-01 14:15:47,092 step=38190 train=1.61064 val=None lr=0.000122033
2026-10-01 14:15:48,817 step=38200 train=1.86350 val=1.7621925532817841 lr=0.000121968
2026-10-01 14:15:49,988 step=38210 train=1.61181 val=None lr=0.000121902
2026-10-01 14:15:51,178 step=38220 train=2.13381 val=None lr=0.000121837
2026-10-01 14:15:52,289 step=38230 train=1.50915 val=None lr=0.000121771
2026-10-01 14:15:53,484 step=38240 train=1.98336 val=None lr=0.000121705
2026-10-01 14:15:54,915 step=38250 train=1.63758 val=None lr=0.00012164
2026-10-01 14:15:56,159 step=38260 train=1.85031 val=None lr=0.000121574
2026-10-01 14:15:57,453 step=38270 train=1.69160 val=None lr=0.000121509
2026-10-01 14:15:58,768 step=38280 train=1.98265 val=None lr=0.000121443
2026-10-01 14:16:00,070 step=38290 train=1.85665 val=None lr=0.000121378
2026-10-01 14:16:02,464 step=38300 train=1.85137 val=1.7601473867893218 lr=0.000121312
2026-10-01 14:16:03,681 step=38310 train=1.76898 val=None lr=0.000121247
2026-10-01 14:16:04,955 step=38320 train=2.02648 val=None lr=0.000121181
2026-10-01 14:16:06,138 step=38330 train=2.15788 val=None lr=0.000121116
2026-10-01 14:16:07,337 step=38340 train=1.91991 val=None lr=0.00012105
2026-10-01 14:16:08,540 step=38350 train=1.64603 val=None lr=0.000120985
2026-10-01 14:16:09,745 step=38360 train=1.92135 val=None lr=0.000120919
2026-10-01 14:16:10,848 step=38370 train=2.06244 val=None lr=0.000120854
2026-10-01 14:16:12,216 step=38380 train=2.11656 val=None lr=0.000120788
2026-10-01 14:16:13,375 step=38390 train=1.70985 val=None lr=0.000120723
2026-10-01 14:16:15,684 step=38400 train=1.56325 val=1.7597927927970887 lr=0.000120657
2026-10-01 14:16:17,304 step=38410 train=1.70547 val=None lr=0.000120592
2026-10-01 14:16:18,437 step=38420 train=1.79288 val=None lr=0.000120527
2026-10-01 14:16:19,804 step=38430 train=1.90773 val=None lr=0.000120461
2026-10-01 14:16:20,951 step=38440 train=1.78409 val=None lr=0.000120396
2026-10-01 14:16:22,172 step=38450 train=2.08090 val=None lr=0.000120331
2026-10-01 14:16:23,302 step=38460 train=1.92520 val=None lr=0.000120265
2026-10-01 14:16:24,514 step=38470 train=1.74207 val=None lr=0.0001202
2026-10-01 14:16:26,066 step=38480 train=1.72960 val=None lr=0.000120135
2026-10-01 14:16:27,165 step=38490 train=1.89574 val=None lr=0.000120069
2026-10-01 14:16:28,972 step=38500 train=1.68189 val=1.7608114957809449 lr=0.000120004
2026-10-01 14:16:31,288 step=38510 train=1.66642 val=None lr=0.000119939
2026-10-01 14:16:32,593 step=38520 train=1.63496 val=None lr=0.000119874
2026-10-01 14:16:33,789 step=38530 train=1.62517 val=None lr=0.000119808
2026-10-01 14:16:35,086 step=38540 train=1.67615 val=None lr=0.000119743
2026-10-01 14:16:36,494 step=38550 train=1.66287 val=None lr=0.000119678
2026-10-01 14:16:37,703 step=38560 train=1.78340 val=None lr=0.000119613
2026-10-01 14:16:38,901 step=38570 train=1.81253 val=None lr=0.000119547
2026-10-01 14:16:40,081 step=38580 train=1.90843 val=None lr=0.000119482
2026-10-01 14:16:41,247 step=38590 train=1.81893 val=None lr=0.000119417
2026-10-01 14:16:43,655 step=38600 train=2.10287 val=1.7578334391117096 lr=0.000119352
2026-10-01 14:16:44,932 step=38610 train=1.81145 val=None lr=0.000119287
2026-10-01 14:16:46,255 step=38620 train=1.63949 val=None lr=0.000119222
2026-10-01 14:16:47,536 step=38630 train=1.76376 val=None lr=0.000119156
2026-10-01 14:16:48,804 step=38640 train=1.84858 val=None lr=0.000119091
2026-10-01 14:16:50,075 step=38650 train=1.94515 val=None lr=0.000119026
2026-10-01 14:16:51,272 step=38660 train=1.61830 val=None lr=0.000118961
2026-10-01 14:16:52,544 step=38670 train=1.81811 val=None lr=0.000118896
2026-10-01 14:16:53,868 step=38680 train=1.73113 val=None lr=0.000118831
2026-10-01 14:16:55,249 step=38690 train=1.74592 val=None lr=0.000118766
2026-10-01 14:16:57,201 step=38700 train=1.72577 val=1.7582263886928557 lr=0.000118701
2026-10-01 14:16:58,732 step=38710 train=1.73627 val=None lr=0.000118636
2026-10-01 14:17:00,002 step=38720 train=1.78997 val=None lr=0.000118571
2026-10-01 14:17:01,222 step=38730 train=2.04270 val=None lr=0.000118506
2026-10-01 14:17:02,686 step=38740 train=1.82065 val=None lr=0.000118441
2026-10-01 14:17:03,903 step=38750 train=1.75203 val=None lr=0.000118376
2026-10-01 14:17:05,100 step=38760 train=1.78191 val=None lr=0.000118311
2026-10-01 14:17:06,305 step=38770 train=1.67519 val=None lr=0.000118246
2026-10-01 14:17:07,769 step=38780 train=1.55780 val=None lr=0.000118181
2026-10-01 14:17:09,106 step=38790 train=1.90608 val=None lr=0.000118116
2026-10-01 14:17:11,523 step=38800 train=1.74806 val=1.756789004802704 lr=0.000118051
2026-10-01 14:17:12,728 step=38810 train=1.73965 val=None lr=0.000117986
2026-10-01 14:17:13,826 step=38820 train=1.81218 val=None lr=0.000117921
2026-10-01 14:17:15,501 step=38830 train=1.75686 val=None lr=0.000117856
2026-10-01 14:17:16,964 step=38840 train=1.63057 val=None lr=0.000117791
2026-10-01 14:17:18,204 step=38850 train=1.61005 val=None lr=0.000117727
2026-10-01 14:17:19,588 step=38860 train=1.86215 val=None lr=0.000117662
2026-10-01 14:17:20,879 step=38870 train=1.80901 val=None lr=0.000117597
2026-10-01 14:17:22,190 step=38880 train=1.53255 val=None lr=0.000117532
2026-10-01 14:17:23,728 step=38890 train=1.60484 val=None lr=0.000117467
2026-10-01 14:17:26,002 step=38900 train=1.84990 val=1.7579129993915559 lr=0.000117402
2026-10-01 14:17:27,278 step=38910 train=1.79517 val=None lr=0.000117338
2026-10-01 14:17:28,782 step=38920 train=1.55638 val=None lr=0.000117273
2026-10-01 14:17:30,599 step=38930 train=1.75256 val=None lr=0.000117208
2026-10-01 14:17:31,966 step=38940 train=1.90922 val=None lr=0.000117143
2026-10-01 14:17:33,547 step=38950 train=1.76620 val=None lr=0.000117079
2026-10-01 14:17:34,999 step=38960 train=2.22584 val=None lr=0.000117014
2026-10-01 14:17:36,674 step=38970 train=1.77409 val=None lr=0.000116949
2026-10-01 14:17:37,970 step=38980 train=1.97421 val=None lr=0.000116884
2026-10-01 14:17:39,176 step=38990 train=1.72744 val=None lr=0.00011682
2026-10-01 14:17:41,547 step=39000 train=1.77940 val=1.7562500059604644 lr=0.000116755
2026-10-01 14:17:44,038 step=39010 train=1.90688 val=None lr=0.00011669
2026-10-01 14:17:45,170 step=39020 train=1.87131 val=None lr=0.000116626
2026-10-01 14:17:46,322 step=39030 train=1.75317 val=None lr=0.000116561
2026-10-01 14:17:47,471 step=39040 train=2.04118 val=None lr=0.000116496
2026-10-01 14:17:48,614 step=39050 train=1.83223 val=None lr=0.000116432
2026-10-01 14:17:49,805 step=39060 train=1.81773 val=None lr=0.000116367
2026-10-01 14:17:50,976 step=39070 train=1.49491 val=None lr=0.000116303
2026-10-01 14:17:52,156 step=39080 train=1.68005 val=None lr=0.000116238
2026-10-01 14:17:53,490 step=39090 train=1.81252 val=None lr=0.000116174
2026-10-01 14:17:56,112 step=39100 train=2.23624 val=1.7556034326553345 lr=0.000116109
2026-10-01 14:17:57,420 step=39110 train=1.81802 val=None lr=0.000116044
2026-10-01 14:17:58,887 step=39120 train=1.92263 val=None lr=0.00011598
2026-10-01 14:18:00,125 step=39130 train=1.65062 val=None lr=0.000115915
2026-10-01 14:18:01,333 step=39140 train=1.59120 val=None lr=0.000115851
2026-10-01 14:18:02,594 step=39150 train=1.64225 val=None lr=0.000115786
2026-10-01 14:18:03,732 step=39160 train=1.53187 val=None lr=0.000115722
2026-10-01 14:18:04,969 step=39170 train=1.82893 val=None lr=0.000115657
2026-10-01 14:18:06,143 step=39180 train=1.54994 val=None lr=0.000115593
2026-10-01 14:18:07,572 step=39190 train=1.86813 val=None lr=0.000115529
2026-10-01 14:18:09,817 step=39200 train=1.80738 val=1.754976624250412 lr=0.000115464
2026-10-01 14:18:11,025 step=39210 train=2.02916 val=None lr=0.0001154
2026-10-01 14:18:12,255 step=39220 train=1.97779 val=None lr=0.000115335
2026-10-01 14:18:13,561 step=39230 train=1.69911 val=None lr=0.000115271
2026-10-01 14:18:14,887 step=39240 train=1.59737 val=None lr=0.000115207
2026-10-01 14:18:16,219 step=39250 train=2.01074 val=None lr=0.000115142
2026-10-01 14:18:17,394 step=39260 train=1.92945 val=None lr=0.000115078
2026-10-01 14:18:18,915 step=39270 train=1.94614 val=None lr=0.000115014
2026-10-01 14:18:20,183 step=39280 train=1.94984 val=None lr=0.000114949
2026-10-01 14:18:21,404 step=39290 train=1.64007 val=None lr=0.000114885
2026-10-01 14:18:23,176 step=39300 train=1.91267 val=1.7561020135879517 lr=0.000114821
2026-10-01 14:18:24,427 step=39310 train=2.02336 val=None lr=0.000114756
2026-10-01 14:18:25,666 step=39320 train=1.77672 val=None lr=0.000114692
2026-10-01 14:18:27,054 step=39330 train=1.75768 val=None lr=0.000114628
2026-10-01 14:18:28,443 step=39340 train=1.83261 val=None lr=0.000114564
2026-10-01 14:18:29,755 step=39350 train=1.77704 val=None lr=0.000114499
2026-10-01 14:18:31,035 step=39360 train=1.80983 val=None lr=0.000114435
2026-10-01 14:18:32,268 step=39370 train=1.65528 val=None lr=0.000114371
2026-10-01 14:18:33,493 step=39380 train=2.30701 val=None lr=0.000114307
2026-10-01 14:18:34,677 step=39390 train=1.97256 val=None lr=0.000114243
2026-10-01 14:18:36,695 step=39400 train=1.53033 val=1.756253868341446 lr=0.000114179
2026-10-01 14:18:38,033 step=39410 train=2.01675 val=None lr=0.000114114
2026-10-01 14:18:39,371 step=39420 train=1.70561 val=None lr=0.00011405
2026-10-01 14:18:40,633 step=39430 train=1.88647 val=None lr=0.000113986
2026-10-01 14:18:41,961 step=39440 train=1.75363 val=None lr=0.000113922
2026-10-01 14:18:43,182 step=39450 train=1.75963 val=None lr=0.000113858
2026-10-01 14:18:44,513 step=39460 train=1.73145 val=None lr=0.000113794
2026-10-01 14:18:45,901 step=39470 train=1.79543 val=None lr=0.00011373
2026-10-01 14:18:47,198 step=39480 train=1.69187 val=None lr=0.000113666
2026-10-01 14:18:48,571 step=39490 train=2.02253 val=None lr=0.000113602
2026-10-01 14:18:50,943 step=39500 train=1.78680 val=1.7542280375957489 lr=0.000113538
2026-10-01 14:18:53,477 step=39510 train=1.81957 val=None lr=0.000113474
2026-10-01 14:18:54,852 step=39520 train=1.86770 val=None lr=0.00011341
2026-10-01 14:18:56,282 step=39530 train=1.82538 val=None lr=0.000113346
2026-10-01 14:18:57,738 step=39540 train=1.73307 val=None lr=0.000113282
2026-10-01 14:18:59,069 step=39550 train=1.63962 val=None lr=0.000113218
2026-10-01 14:19:00,469 step=39560 train=1.64388 val=None lr=0.000113154
2026-10-01 14:19:01,686 step=39570 train=1.71700 val=None lr=0.00011309
2026-10-01 14:19:02,958 step=39580 train=1.78185 val=None lr=0.000113026
2026-10-01 14:19:04,251 step=39590 train=1.71729 val=None lr=0.000112962
2026-10-01 14:19:06,712 step=39600 train=1.75443 val=1.7530455768108368 lr=0.000112898
2026-10-01 14:19:07,944 step=39610 train=1.88592 val=None lr=0.000112834
2026-10-01 14:19:09,304 step=39620 train=1.66052 val=None lr=0.000112771
2026-10-01 14:19:10,529 step=39630 train=1.88401 val=None lr=0.000112707
2026-10-01 14:19:11,786 step=39640 train=1.65432 val=None lr=0.000112643
2026-10-01 14:19:13,015 step=39650 train=1.69173 val=None lr=0.000112579
2026-10-01 14:19:14,186 step=39660 train=1.76991 val=None lr=0.000112515
2026-10-01 14:19:15,445 step=39670 train=1.69251 val=None lr=0.000112451
2026-10-01 14:19:16,613 step=39680 train=1.72116 val=None lr=0.000112388
2026-10-01 14:19:17,792 step=39690 train=2.23153 val=None lr=0.000112324
2026-10-01 14:19:20,101 step=39700 train=1.79518 val=1.7511609315872192 lr=0.00011226
2026-10-01 14:19:21,222 step=39710 train=1.87031 val=None lr=0.000112196
2026-10-01 14:19:22,480 step=39720 train=1.74422 val=None lr=0.000112133
2026-10-01 14:19:23,748 step=39730 train=1.65969 val=None lr=0.000112069
2026-10-01 14:19:24,852 step=39740 train=1.79319 val=None lr=0.000112005
2026-10-01 14:19:26,255 step=39750 train=1.88246 val=None lr=0.000111942
2026-10-01 14:19:27,494 step=39760 train=2.01336 val=None lr=0.000111878
2026-10-01 14:19:28,608 step=39770 train=1.73200 val=None lr=0.000111814
2026-10-01 14:19:29,831 step=39780 train=1.77928 val=None lr=0.000111751
2026-10-01 14:19:31,002 step=39790 train=1.74759 val=None lr=0.000111687
2026-10-01 14:19:32,859 step=39800 train=1.64384 val=1.7513627707958221 lr=0.000111623
2026-10-01 14:19:34,041 step=39810 train=1.73870 val=None lr=0.00011156
2026-10-01 14:19:35,304 step=39820 train=1.76933 val=None lr=0.000111496
2026-10-01 14:19:36,640 step=39830 train=1.70304 val=None lr=0.000111433
2026-10-01 14:19:37,779 step=39840 train=1.75134 val=None lr=0.000111369
2026-10-01 14:19:38,992 step=39850 train=2.11375 val=None lr=0.000111306
2026-10-01 14:19:40,155 step=39860 train=1.91696 val=None lr=0.000111242
2026-10-01 14:19:41,281 step=39870 train=1.57260 val=None lr=0.000111179
2026-10-01 14:19:42,446 step=39880 train=1.73207 val=None lr=0.000111115
2026-10-01 14:19:43,696 step=39890 train=1.68203 val=None lr=0.000111052
2026-10-01 14:19:45,575 step=39900 train=1.68275 val=1.7535232663154603 lr=0.000110988
2026-10-01 14:19:46,888 step=39910 train=1.74656 val=None lr=0.000110925
2026-10-01 14:19:48,072 step=39920 train=1.97317 val=None lr=0.000110861
2026-10-01 14:19:49,288 step=39930 train=1.45894 val=None lr=0.000110798
2026-10-01 14:19:50,615 step=39940 train=1.79013 val=None lr=0.000110734
2026-10-01 14:19:51,900 step=39950 train=1.90826 val=None lr=0.000110671
2026-10-01 14:19:53,087 step=39960 train=1.94444 val=None lr=0.000110608
2026-10-01 14:19:54,258 step=39970 train=1.85320 val=None lr=0.000110544
2026-10-01 14:19:55,359 step=39980 train=1.64759 val=None lr=0.000110481
2026-10-01 14:19:56,615 step=39990 train=1.77364 val=None lr=0.000110418
2026-10-01 14:19:58,547 step=40000 train=1.62735 val=1.7538395881652833 lr=0.000110354
2026-10-01 14:20:01,099 step=40010 train=1.70493 val=None lr=0.000110291
2026-10-01 14:20:02,403 step=40020 train=1.95355 val=None lr=0.000110228
2026-10-01 14:20:03,558 step=40030 train=1.89061 val=None lr=0.000110164
2026-10-01 14:20:04,812 step=40040 train=1.82974 val=None lr=0.000110101
2026-10-01 14:20:05,987 step=40050 train=1.74813 val=None lr=0.000110038
2026-10-01 14:20:07,187 step=40060 train=1.77604 val=None lr=0.000109975
2026-10-01 14:20:08,491 step=40070 train=1.78783 val=None lr=0.000109911
2026-10-01 14:20:09,842 step=40080 train=1.79052 val=None lr=0.000109848
2026-10-01 14:20:11,269 step=40090 train=1.59391 val=None lr=0.000109785
2026-10-01 14:20:13,833 step=40100 train=1.79772 val=1.7510989785194397 lr=0.000109722
2026-10-01 14:20:14,968 step=40110 train=2.35940 val=None lr=0.000109659
2026-10-01 14:20:16,358 step=40120 train=1.72435 val=None lr=0.000109595
2026-10-01 14:20:17,729 step=40130 train=1.90163 val=None lr=0.000109532
2026-10-01 14:20:19,040 step=40140 train=1.58706 val=None lr=0.000109469
2026-10-01 14:20:20,409 step=40150 train=1.79800 val=None lr=0.000109406
2026-10-01 14:20:21,557 step=40160 train=1.97170 val=None lr=0.000109343
2026-10-01 14:20:22,808 step=40170 train=1.64065 val=None lr=0.00010928
2026-10-01 14:20:24,089 step=40180 train=1.73544 val=None lr=0.000109217
2026-10-01 14:20:25,301 step=40190 train=1.86491 val=None lr=0.000109154
2026-10-01 14:20:27,835 step=40200 train=1.88072 val=1.749409693479538 lr=0.000109091
2026-10-01 14:20:29,070 step=40210 train=1.82920 val=None lr=0.000109028
2026-10-01 14:20:30,308 step=40220 train=1.60606 val=None lr=0.000108965
2026-10-01 14:20:31,531 step=40230 train=1.59478 val=None lr=0.000108902
2026-10-01 14:20:32,725 step=40240 train=1.94751 val=None lr=0.000108839
2026-10-01 14:20:33,959 step=40250 train=1.70359 val=None lr=0.000108776
2026-10-01 14:20:35,290 step=40260 train=1.88513 val=None lr=0.000108713
2026-10-01 14:20:36,444 step=40270 train=1.60919 val=None lr=0.00010865
2026-10-01 14:20:37,687 step=40280 train=1.85240 val=None lr=0.000108587
2026-10-01 14:20:38,874 step=40290 train=1.60732 val=None lr=0.000108524
2026-10-01 14:20:41,193 step=40300 train=1.66837 val=1.7464950561523438 lr=0.000108461
2026-10-01 14:20:42,334 step=40310 train=1.85520 val=None lr=0.000108398
2026-10-01 14:20:43,601 step=40320 train=1.81526 val=None lr=0.000108336
2026-10-01 14:20:44,802 step=40330 train=1.79704 val=None lr=0.000108273
2026-10-01 14:20:45,937 step=40340 train=1.82327 val=None lr=0.00010821
2026-10-01 14:20:47,233 step=40350 train=1.73730 val=None lr=0.000108147
2026-10-01 14:20:48,595 step=40360 train=1.83292 val=None lr=0.000108084
2026-10-01 14:20:49,796 step=40370 train=1.86701 val=None lr=0.000108022
2026-10-01 14:20:50,915 step=40380 train=1.77958 val=None lr=0.000107959
2026-10-01 14:20:52,314 step=40390 train=1.71327 val=None lr=0.000107896
2026-10-01 14:20:54,106 step=40400 train=1.67949 val=1.7507251858711244 lr=0.000107833
2026-10-01 14:20:55,315 step=40410 train=1.59122 val=None lr=0.000107771
2026-10-01 14:20:56,482 step=40420 train=1.63466 val=None lr=0.000107708
2026-10-01 14:20:57,627 step=40430 train=1.94466 val=None lr=0.000107645
2026-10-01 14:20:58,742 step=40440 train=2.02750 val=None lr=0.000107582
2026-10-01 14:20:59,936 step=40450 train=1.89362 val=None lr=0.00010752
2026-10-01 14:21:01,158 step=40460 train=1.79580 val=None lr=0.000107457
2026-10-01 14:21:02,283 step=40470 train=1.93469 val=None lr=0.000107395
2026-10-01 14:21:03,460 step=40480 train=1.78340 val=None lr=0.000107332
2026-10-01 14:21:04,835 step=40490 train=1.74673 val=None lr=0.000107269
2026-10-01 14:21:06,609 step=40500 train=1.77080 val=1.7473219990730287 lr=0.000107207
2026-10-01 14:21:09,039 step=40510 train=1.72226 val=None lr=0.000107144
2026-10-01 14:21:10,340 step=40520 train=1.89995 val=None lr=0.000107082
2026-10-01 14:21:11,595 step=40530 train=1.80005 val=None lr=0.000107019
2026-10-01 14:21:12,785 step=40540 train=2.03344 val=None lr=0.000106957
2026-10-01 14:21:14,068 step=40550 train=1.93694 val=None lr=0.000106894
2026-10-01 14:21:15,204 step=40560 train=2.01574 val=None lr=0.000106832
2026-10-01 14:21:16,322 step=40570 train=1.76958 val=None lr=0.000106769
2026-10-01 14:21:17,493 step=40580 train=1.70387 val=None lr=0.000106707
2026-10-01 14:21:18,596 step=40590 train=1.92272 val=None lr=0.000106644
2026-10-01 14:21:20,518 step=40600 train=2.19120 val=1.7493688583374023 lr=0.000106582
2026-10-01 14:21:21,643 step=40610 train=1.79197 val=None lr=0.000106519
2026-10-01 14:21:22,743 step=40620 train=1.45883 val=None lr=0.000106457
2026-10-01 14:21:23,911 step=40630 train=1.93867 val=None lr=0.000106395
2026-10-01 14:21:25,080 step=40640 train=1.78938 val=None lr=0.000106332
2026-10-01 14:21:26,215 step=40650 train=1.57730 val=None lr=0.00010627
2026-10-01 14:21:27,456 step=40660 train=1.86875 val=None lr=0.000106207
2026-10-01 14:21:28,545 step=40670 train=1.87581 val=None lr=0.000106145
2026-10-01 14:21:29,722 step=40680 train=1.82033 val=None lr=0.000106083
2026-10-01 14:21:30,982 step=40690 train=1.75717 val=None lr=0.000106021
2026-10-01 14:21:33,314 step=40700 train=1.75455 val=1.7464583218097687 lr=0.000105958
2026-10-01 14:21:34,472 step=40710 train=1.82495 val=None lr=0.000105896
2026-10-01 14:21:35,648 step=40720 train=1.68012 val=None lr=0.000105834
2026-10-01 14:21:36,978 step=40730 train=2.01686 val=None lr=0.000105771
2026-10-01 14:21:38,172 step=40740 train=1.63938 val=None lr=0.000105709
2026-10-01 14:21:39,385 step=40750 train=1.59181 val=None lr=0.000105647
2026-10-01 14:21:40,659 step=40760 train=1.82385 val=None lr=0.000105585
2026-10-01 14:21:42,022 step=40770 train=1.62978 val=None lr=0.000105523
2026-10-01 14:21:43,156 step=40780 train=2.09715 val=None lr=0.000105461
2026-10-01 14:21:44,416 step=40790 train=1.67047 val=None lr=0.000105398
2026-10-01 14:21:46,165 step=40800 train=1.84927 val=1.7479808390140534 lr=0.000105336
2026-10-01 14:21:47,519 step=40810 train=1.75526 val=None lr=0.000105274
2026-10-01 14:21:48,936 step=40820 train=1.80645 val=None lr=0.000105212
2026-10-01 14:21:50,327 step=40830 train=1.79427 val=None lr=0.00010515
2026-10-01 14:21:51,555 step=40840 train=1.47994 val=None lr=0.000105088
2026-10-01 14:21:52,768 step=40850 train=1.96321 val=None lr=0.000105026
2026-10-01 14:21:54,078 step=40860 train=1.55704 val=None lr=0.000104964
2026-10-01 14:21:55,453 step=40870 train=1.69408 val=None lr=0.000104902
2026-10-01 14:21:56,664 step=40880 train=1.65205 val=None lr=0.00010484
2026-10-01 14:21:57,980 step=40890 train=1.75355 val=None lr=0.000104778
2026-10-01 14:21:59,932 step=40900 train=1.87005 val=1.7471050500869751 lr=0.000104716
2026-10-01 14:22:01,120 step=40910 train=1.98622 val=None lr=0.000104654
2026-10-01 14:22:02,467 step=40920 train=1.84239 val=None lr=0.000104592
2026-10-01 14:22:03,554 step=40930 train=1.81170 val=None lr=0.00010453
2026-10-01 14:22:04,620 step=40940 train=1.97630 val=None lr=0.000104468
2026-10-01 14:22:05,834 step=40950 train=1.62406 val=None lr=0.000104406
2026-10-01 14:22:06,889 step=40960 train=2.04236 val=None lr=0.000104345
2026-10-01 14:22:07,949 step=40970 train=1.74338 val=None lr=0.000104283
2026-10-01 14:22:09,266 step=40980 train=1.77606 val=None lr=0.000104221
2026-10-01 14:22:10,615 step=40990 train=1.67344 val=None lr=0.000104159
2026-10-01 14:22:12,626 step=41000 train=1.76007 val=1.746944010257721 lr=0.000104097
2026-10-01 14:22:15,096 step=41010 train=1.79121 val=None lr=0.000104035
2026-10-01 14:22:16,178 step=41020 train=1.82537 val=None lr=0.000103974
2026-10-01 14:22:17,670 step=41030 train=1.80231 val=None lr=0.000103912
2026-10-01 14:22:18,845 step=41040 train=1.66968 val=None lr=0.00010385
2026-10-01 14:22:20,105 step=41050 train=1.98978 val=None lr=0.000103788
2026-10-01 14:22:21,381 step=41060 train=1.66908 val=None lr=0.000103727
2026-10-01 14:22:22,527 step=41070 train=1.62049 val=None lr=0.000103665
2026-10-01 14:22:23,712 step=41080 train=2.05842 val=None lr=0.000103603
2026-10-01 14:22:24,799 step=41090 train=1.96062 val=None lr=0.000103542
2026-10-01 14:22:26,580 step=41100 train=1.93898 val=1.7472831785678864 lr=0.00010348
2026-10-01 14:22:27,649 step=41110 train=1.84386 val=None lr=0.000103418
2026-10-01 14:22:28,931 step=41120 train=1.57975 val=None lr=0.000103357
2026-10-01 14:22:30,217 step=41130 train=1.63695 val=None lr=0.000103295
2026-10-01 14:22:31,431 step=41140 train=1.90424 val=None lr=0.000103234
2026-10-01 14:22:32,511 step=41150 train=1.96755 val=None lr=0.000103172
2026-10-01 14:22:33,565 step=41160 train=1.96244 val=None lr=0.000103111
2026-10-01 14:22:34,682 step=41170 train=1.85868 val=None lr=0.000103049
2026-10-01 14:22:35,813 step=41180 train=1.93571 val=None lr=0.000102987
2026-10-01 14:22:36,940 step=41190 train=1.60474 val=None lr=0.000102926
2026-10-01 14:22:39,055 step=41200 train=1.66954 val=1.7461487352848053 lr=0.000102864
2026-10-01 14:22:40,219 step=41210 train=1.66583 val=None lr=0.000102803
2026-10-01 14:22:41,424 step=41220 train=1.57783 val=None lr=0.000102742
2026-10-01 14:22:42,589 step=41230 train=1.74104 val=None lr=0.00010268
2026-10-01 14:22:43,806 step=41240 train=1.94326 val=None lr=0.000102619
2026-10-01 14:22:44,983 step=41250 train=1.69151 val=None lr=0.000102557
2026-10-01 14:22:46,241 step=41260 train=1.61021 val=None lr=0.000102496
2026-10-01 14:22:47,577 step=41270 train=1.56455 val=None lr=0.000102435
2026-10-01 14:22:48,902 step=41280 train=1.88079 val=None lr=0.000102373
2026-10-01 14:22:50,108 step=41290 train=1.81016 val=None lr=0.000102312
2026-10-01 14:22:52,530 step=41300 train=1.61315 val=1.7429450452327728 lr=0.000102251
2026-10-01 14:22:53,761 step=41310 train=1.63408 val=None lr=0.000102189
2026-10-01 14:22:54,972 step=41320 train=2.03521 val=None lr=0.000102128
2026-10-01 14:22:56,155 step=41330 train=1.92106 val=None lr=0.000102067
2026-10-01 14:22:57,452 step=41340 train=1.74296 val=None lr=0.000102005
2026-10-01 14:22:58,835 step=41350 train=1.89149 val=None lr=0.000101944
2026-10-01 14:23:00,177 step=41360 train=1.69815 val=None lr=0.000101883
2026-10-01 14:23:01,396 step=41370 train=1.75218 val=None lr=0.000101822
2026-10-01 14:23:02,646 step=41380 train=1.74200 val=None lr=0.000101761
2026-10-01 14:23:03,878 step=41390 train=1.84733 val=None lr=0.000101699
2026-10-01 14:23:06,150 step=41400 train=1.81294 val=1.7418164610862732 lr=0.000101638
2026-10-01 14:23:07,330 step=41410 train=1.83854 val=None lr=0.000101577
2026-10-01 14:23:08,585 step=41420 train=1.80653 val=None lr=0.000101516
2026-10-01 14:23:09,869 step=41430 train=1.68508 val=None lr=0.000101455
2026-10-01 14:23:11,249 step=41440 train=1.70936 val=None lr=0.000101394
2026-10-01 14:23:12,471 step=41450 train=1.79249 val=None lr=0.000101333
2026-10-01 14:23:13,794 step=41460 train=1.89789 val=None lr=0.000101272
2026-10-01 14:23:15,184 step=41470 train=2.00731 val=None lr=0.000101211
2026-10-01 14:23:16,599 step=41480 train=1.70871 val=None lr=0.00010115
2026-10-01 14:23:18,048 step=41490 train=1.96203 val=None lr=0.000101089
2026-10-01 14:23:20,368 step=41500 train=1.82739 val=1.741440910100937 lr=0.000101028
2026-10-01 14:23:22,953 step=41510 train=2.05314 val=None lr=0.000100967
2026-10-01 14:23:24,371 step=41520 train=1.75469 val=None lr=0.000100906
2026-10-01 14:23:25,667 step=41530 train=1.58465 val=None lr=0.000100845
2026-10-01 14:23:26,983 step=41540 train=1.75000 val=None lr=0.000100784
2026-10-01 14:23:28,338 step=41550 train=1.57648 val=None lr=0.000100723
2026-10-01 14:23:29,721 step=41560 train=1.68115 val=None lr=0.000100662
2026-10-01 14:23:30,991 step=41570 train=1.50153 val=None lr=0.000100601
2026-10-01 14:23:32,222 step=41580 train=1.93712 val=None lr=0.00010054
2026-10-01 14:23:33,403 step=41590 train=1.77332 val=None lr=0.00010048
2026-10-01 14:23:35,820 step=41600 train=1.73053 val=1.7381676733493805 lr=0.000100419
2026-10-01 14:23:36,998 step=41610 train=1.87849 val=None lr=0.000100358
2026-10-01 14:23:38,249 step=41620 train=1.85931 val=None lr=0.000100297
2026-10-01 14:23:39,633 step=41630 train=1.92051 val=None lr=0.000100236
2026-10-01 14:23:40,864 step=41640 train=1.93945 val=None lr=0.000100176
2026-10-01 14:23:42,302 step=41650 train=1.82410 val=None lr=0.000100115
2026-10-01 14:23:43,614 step=41660 train=1.71348 val=None lr=0.000100054
2026-10-01 14:23:44,866 step=41670 train=1.68026 val=None lr=9.99936e-05
2026-10-01 14:23:46,001 step=41680 train=1.90260 val=None lr=9.99329e-05
2026-10-01 14:23:47,168 step=41690 train=1.50803 val=None lr=9.98723e-05
2026-10-01 14:23:49,376 step=41700 train=1.95712 val=1.737582916021347 lr=9.98116e-05
2026-10-01 14:23:50,549 step=41710 train=1.58953 val=None lr=9.9751e-05
2026-10-01 14:23:51,701 step=41720 train=1.76187 val=None lr=9.96904e-05
2026-10-01 14:23:52,840 step=41730 train=1.70962 val=None lr=9.96298e-05
2026-10-01 14:23:54,239 step=41740 train=1.64605 val=None lr=9.95692e-05
2026-10-01 14:23:55,410 step=41750 train=1.87543 val=None lr=9.95086e-05
2026-10-01 14:23:56,670 step=41760 train=1.72492 val=None lr=9.94481e-05
2026-10-01 14:23:57,911 step=41770 train=1.78997 val=None lr=9.93876e-05
2026-10-01 14:23:59,199 step=41780 train=1.93529 val=None lr=9.93271e-05
2026-10-01 14:24:00,584 step=41790 train=1.63596 val=None lr=9.92666e-05
2026-10-01 14:24:02,417 step=41800 train=1.88270 val=1.7403063833713532 lr=9.92061e-05
2026-10-01 14:24:03,712 step=41810 train=1.49153 val=None lr=9.91457e-05
2026-10-01 14:24:04,939 step=41820 train=1.67920 val=None lr=9.90852e-05
2026-10-01 14:24:06,347 step=41830 train=1.75118 val=None lr=9.90248e-05
2026-10-01 14:24:07,598 step=41840 train=1.93174 val=None lr=9.89644e-05
2026-10-01 14:24:08,953 step=41850 train=1.80548 val=None lr=9.8904e-05
2026-10-01 14:24:10,241 step=41860 train=1.73662 val=None lr=9.88436e-05
2026-10-01 14:24:11,509 step=41870 train=1.67645 val=None lr=9.87833e-05
2026-10-01 14:24:12,716 step=41880 train=1.60957 val=None lr=9.8723e-05
2026-10-01 14:24:13,782 step=41890 train=1.80291 val=None lr=9.86627e-05
2026-10-01 14:24:16,225 step=41900 train=1.64750 val=1.7372811257839202 lr=9.86024e-05
2026-10-01 14:24:17,342 step=41910 train=2.01180 val=None lr=9.85421e-05
2026-10-01 14:24:18,520 step=41920 train=1.88201 val=None lr=9.84818e-05
2026-10-01 14:24:19,730 step=41930 train=1.73601 val=None lr=9.84216e-05
2026-10-01 14:24:20,906 step=41940 train=1.78228 val=None lr=9.83613e-05
2026-10-01 14:24:22,134 step=41950 train=1.63718 val=None lr=9.83011e-05
2026-10-01 14:24:23,236 step=41960 train=1.73560 val=None lr=9.82409e-05
2026-10-01 14:24:24,445 step=41970 train=1.74564 val=None lr=9.81808e-05
2026-10-01 14:24:25,660 step=41980 train=1.74111 val=None lr=9.81206e-05
2026-10-01 14:24:26,757 step=41990 train=1.70854 val=None lr=9.80605e-05
2026-10-01 14:24:28,874 step=42000 train=2.17985 val=1.7411082923412322 lr=9.80003e-05
2026-10-01 14:24:31,121 step=42010 train=1.68155 val=None lr=9.79402e-05
2026-10-01 14:24:32,296 step=42020 train=1.63873 val=None lr=9.78801e-05
2026-10-01 14:24:33,608 step=42030 train=1.80934 val=None lr=9.78201e-05
2026-10-01 14:24:34,774 step=42040 train=1.68584 val=None lr=9.776e-05
2026-10-01 14:24:36,008 step=42050 train=1.72284 val=None lr=9.77e-05
2026-10-01 14:24:37,168 step=42060 train=1.93992 val=None lr=9.764e-05
2026-10-01 14:24:38,343 step=42070 train=1.43056 val=None lr=9.758e-05
2026-10-01 14:24:39,840 step=42080 train=1.98332 val=None lr=9.752e-05
2026-10-01 14:24:41,106 step=42090 train=1.86666 val=None lr=9.746e-05
2026-10-01 14:24:43,230 step=42100 train=1.78337 val=1.7399753987789155 lr=9.74001e-05
2026-10-01 14:24:44,446 step=42110 train=1.71744 val=None lr=9.73402e-05
2026-10-01 14:24:45,615 step=42120 train=1.87155 val=None lr=9.72802e-05
2026-10-01 14:24:46,783 step=42130 train=2.12045 val=None lr=9.72204e-05
2026-10-01 14:24:47,926 step=42140 train=1.79163 val=None lr=9.71605e-05
2026-10-01 14:24:49,360 step=42150 train=1.60191 val=None lr=9.71006e-05
2026-10-01 14:24:50,537 step=42160 train=1.66397 val=None lr=9.70408e-05
2026-10-01 14:24:51,672 step=42170 train=1.99615 val=None lr=9.6981e-05
2026-10-01 14:24:52,916 step=42180 train=1.71533 val=None lr=9.69212e-05
2026-10-01 14:24:54,455 step=42190 train=1.81417 val=None lr=9.68614e-05
2026-10-01 14:24:56,242 step=42200 train=1.81986 val=1.738677090406418 lr=9.68016e-05
2026-10-01 14:24:57,352 step=42210 train=1.56858 val=None lr=9.67419e-05
2026-10-01 14:24:58,490 step=42220 train=1.75421 val=None lr=9.66821e-05
2026-10-01 14:24:59,896 step=42230 train=1.65292 val=None lr=9.66224e-05
2026-10-01 14:25:01,220 step=42240 train=1.57437 val=None lr=9.65627e-05
2026-10-01 14:25:02,409 step=42250 train=1.70822 val=None lr=9.6503e-05
2026-10-01 14:25:03,573 step=42260 train=1.77984 val=None lr=9.64434e-05
2026-10-01 14:25:04,842 step=42270 train=1.57966 val=None lr=9.63837e-05
2026-10-01 14:25:06,233 step=42280 train=1.76718 val=None lr=9.63241e-05
2026-10-01 14:25:07,561 step=42290 train=1.96363 val=None lr=9.62645e-05
2026-10-01 14:25:09,382 step=42300 train=1.83780 val=1.7378353536128999 lr=9.62049e-05
2026-10-01 14:25:10,598 step=42310 train=1.76188 val=None lr=9.61454e-05
2026-10-01 14:25:11,781 step=42320 train=1.86457 val=None lr=9.60858e-05
2026-10-01 14:25:12,948 step=42330 train=1.61987 val=None lr=9.60263e-05
2026-10-01 14:25:14,037 step=42340 train=1.84135 val=None lr=9.59668e-05
2026-10-01 14:25:15,486 step=42350 train=1.87607 val=None lr=9.59073e-05
2026-10-01 14:25:16,719 step=42360 train=1.82490 val=None lr=9.58478e-05
2026-10-01 14:25:17,961 step=42370 train=1.83194 val=None lr=9.57883e-05
2026-10-01 14:25:19,181 step=42380 train=1.75751 val=None lr=9.57289e-05
2026-10-01 14:25:20,371 step=42390 train=1.69901 val=None lr=9.56695e-05
2026-10-01 14:25:22,250 step=42400 train=1.86651 val=1.737358993291855 lr=9.56101e-05
2026-10-01 14:25:23,371 step=42410 train=1.66947 val=None lr=9.55507e-05
2026-10-01 14:25:24,697 step=42420 train=1.41548 val=None lr=9.54913e-05
2026-10-01 14:25:25,880 step=42430 train=1.63797 val=None lr=9.54319e-05
2026-10-01 14:25:26,975 step=42440 train=2.05555 val=None lr=9.53726e-05
2026-10-01 14:25:28,145 step=42450 train=1.73522 val=None lr=9.53133e-05
2026-10-01 14:25:29,277 step=42460 train=1.84311 val=None lr=9.5254e-05
2026-10-01 14:25:30,478 step=42470 train=1.66008 val=None lr=9.51947e-05
2026-10-01 14:25:31,599 step=42480 train=1.85517 val=None lr=9.51355e-05
2026-10-01 14:25:32,773 step=42490 train=1.78417 val=None lr=9.50762e-05
2026-10-01 14:25:34,888 step=42500 train=1.86712 val=1.7367825150489806 lr=9.5017e-05
2026-10-01 14:25:37,139 step=42510 train=2.02162 val=None lr=9.49578e-05
2026-10-01 14:25:38,276 step=42520 train=1.72562 val=None lr=9.48986e-05
2026-10-01 14:25:39,508 step=42530 train=1.94976 val=None lr=9.48394e-05
2026-10-01 14:25:40,719 step=42540 train=1.61878 val=None lr=9.47803e-05
2026-10-01 14:25:41,950 step=42550 train=2.00359 val=None lr=9.47212e-05
2026-10-01 14:25:43,182 step=42560 train=1.75330 val=None lr=9.46621e-05
2026-10-01 14:25:44,355 step=42570 train=1.77279 val=None lr=9.4603e-05
2026-10-01 14:25:45,585 step=42580 train=1.72931 val=None lr=9.45439e-05
2026-10-01 14:25:46,768 step=42590 train=1.97663 val=None lr=9.44848e-05
2026-10-01 14:25:49,035 step=42600 train=1.63316 val=1.7358619809150695 lr=9.44258e-05
2026-10-01 14:25:50,156 step=42610 train=1.98797 val=None lr=9.43668e-05
2026-10-01 14:25:51,302 step=42620 train=1.53524 val=None lr=9.43078e-05
2026-10-01 14:25:52,457 step=42630 train=1.92040 val=None lr=9.42488e-05
2026-10-01 14:25:53,693 step=42640 train=1.45455 val=None lr=9.41898e-05
2026-10-01 14:25:54,770 step=42650 train=1.74906 val=None lr=9.41309e-05
2026-10-01 14:25:55,916 step=42660 train=1.75899 val=None lr=9.4072e-05
2026-10-01 14:25:57,070 step=42670 train=1.64640 val=None lr=9.40131e-05
2026-10-01 14:25:58,229 step=42680 train=2.09135 val=None lr=9.39542e-05
2026-10-01 14:25:59,478 step=42690 train=1.84406 val=None lr=9.38953e-05
2026-10-01 14:26:01,703 step=42700 train=1.98641 val=1.733552485704422 lr=9.38364e-05
2026-10-01 14:26:03,083 step=42710 train=1.72722 val=None lr=9.37776e-05
2026-10-01 14:26:04,172 step=42720 train=1.71393 val=None lr=9.37188e-05
2026-10-01 14:26:05,368 step=42730 train=2.01128 val=None lr=9.366e-05
2026-10-01 14:26:06,457 step=42740 train=1.47979 val=None lr=9.36012e-05
2026-10-01 14:26:07,843 step=42750 train=1.78972 val=None lr=9.35425e-05
2026-10-01 14:26:09,061 step=42760 train=1.88312 val=None lr=9.34837e-05
2026-10-01 14:26:10,309 step=42770 train=1.93550 val=None lr=9.3425e-05
2026-10-01 14:26:11,462 step=42780 train=1.72275 val=None lr=9.33663e-05
2026-10-01 14:26:12,705 step=42790 train=1.77160 val=None lr=9.33076e-05
2026-10-01 14:26:14,980 step=42800 train=1.87421 val=1.7335235357284546 lr=9.3249e-05
2026-10-01 14:26:16,105 step=42810 train=1.78637 val=None lr=9.31903e-05
2026-10-01 14:26:17,220 step=42820 train=1.77002 val=None lr=9.31317e-05
2026-10-01 14:26:18,328 step=42830 train=1.83024 val=None lr=9.30731e-05
2026-10-01 14:26:19,435 step=42840 train=1.63838 val=None lr=9.30145e-05
2026-10-01 14:26:20,502 step=42850 train=1.78477 val=None lr=9.29559e-05
2026-10-01 14:26:21,568 step=42860 train=1.66447 val=None lr=9.28974e-05
2026-10-01 14:26:22,766 step=42870 train=1.87106 val=None lr=9.28389e-05
2026-10-01 14:26:23,972 step=42880 train=1.79746 val=None lr=9.27803e-05
2026-10-01 14:26:25,138 step=42890 train=1.78608 val=None lr=9.27219e-05
2026-10-01 14:26:27,488 step=42900 train=1.90926 val=1.7289887726306916 lr=9.26634e-05
2026-10-01 14:26:28,728 step=42910 train=1.65896 val=None lr=9.26049e-05
2026-10-01 14:26:29,963 step=42920 train=2.07418 val=None lr=9.25465e-05
2026-10-01 14:26:31,132 step=42930 train=1.82966 val=None lr=9.24881e-05
2026-10-01 14:26:32,344 step=42940 train=1.78846 val=None lr=9.24297e-05
2026-10-01 14:26:33,532 step=42950 train=1.49060 val=None lr=9.23713e-05
2026-10-01 14:26:34,810 step=42960 train=1.81785 val=None lr=9.23129e-05
2026-10-01 14:26:36,083 step=42970 train=2.11039 val=None lr=9.22546e-05
2026-10-01 14:26:37,512 step=42980 train=1.81980 val=None lr=9.21963e-05
2026-10-01 14:26:38,795 step=42990 train=1.76207 val=None lr=9.2138e-05
2026-10-01 14:26:40,669 step=43000 train=1.53165 val=1.730804944038391 lr=9.20797e-05
2026-10-01 14:26:42,934 step=43010 train=1.73420 val=None lr=9.20214e-05
2026-10-01 14:26:44,069 step=43020 train=1.85388 val=None lr=9.19632e-05
2026-10-01 14:26:45,229 step=43030 train=1.91070 val=None lr=9.1905e-05
2026-10-01 14:26:46,345 step=43040 train=1.93138 val=None lr=9.18468e-05
2026-10-01 14:26:47,514 step=43050 train=1.76917 val=None lr=9.17886e-05
2026-10-01 14:26:48,721 step=43060 train=1.88870 val=None lr=9.17304e-05
2026-10-01 14:26:49,923 step=43070 train=1.85075 val=None lr=9.16723e-05
2026-10-01 14:26:51,148 step=43080 train=2.04341 val=None lr=9.16141e-05
2026-10-01 14:26:52,344 step=43090 train=1.68151 val=None lr=9.1556e-05
2026-10-01 14:26:54,327 step=43100 train=1.67537 val=1.7304342687129974 lr=9.14979e-05
2026-10-01 14:26:55,626 step=43110 train=1.86442 val=None lr=9.14399e-05
2026-10-01 14:26:57,077 step=43120 train=1.72560 val=None lr=9.13818e-05
2026-10-01 14:26:58,389 step=43130 train=1.52384 val=None lr=9.13238e-05
2026-10-01 14:26:59,750 step=43140 train=1.44346 val=None lr=9.12658e-05
2026-10-01 14:27:01,131 step=43150 train=1.67168 val=None lr=9.12078e-05
2026-10-01 14:27:02,423 step=43160 train=1.76378 val=None lr=9.11498e-05
2026-10-01 14:27:03,738 step=43170 train=1.61405 val=None lr=9.10918e-05
2026-10-01 14:27:05,073 step=43180 train=2.00571 val=None lr=9.10339e-05
2026-10-01 14:27:06,352 step=43190 train=1.93572 val=None lr=9.0976e-05
2026-10-01 14:27:08,222 step=43200 train=1.87346 val=1.7290677189826966 lr=9.09181e-05
2026-10-01 14:27:09,584 step=43210 train=1.96006 val=None lr=9.08602e-05
2026-10-01 14:27:10,918 step=43220 train=1.94056 val=None lr=9.08024e-05
2026-10-01 14:27:12,206 step=43230 train=2.03001 val=None lr=9.07445e-05
2026-10-01 14:27:13,487 step=43240 train=1.66508 val=None lr=9.06867e-05
2026-10-01 14:27:14,718 step=43250 train=1.72034 val=None lr=9.06289e-05
2026-10-01 14:27:15,844 step=43260 train=1.78391 val=None lr=9.05711e-05
2026-10-01 14:27:16,970 step=43270 train=1.57110 val=None lr=9.05134e-05
2026-10-01 14:27:18,127 step=43280 train=1.84385 val=None lr=9.04556e-05
2026-10-01 14:27:19,255 step=43290 train=1.78545 val=None lr=9.03979e-05
2026-10-01 14:27:21,472 step=43300 train=1.71220 val=1.728649026155472 lr=9.03402e-05
2026-10-01 14:27:22,736 step=43310 train=1.78506 val=None lr=9.02825e-05
2026-10-01 14:27:23,892 step=43320 train=1.82829 val=None lr=9.02249e-05
2026-10-01 14:27:25,140 step=43330 train=1.68316 val=None lr=9.01672e-05
2026-10-01 14:27:26,482 step=43340 train=1.49427 val=None lr=9.01096e-05
2026-10-01 14:27:27,548 step=43350 train=1.78300 val=None lr=9.0052e-05
2026-10-01 14:27:28,889 step=43360 train=1.66030 val=None lr=8.99944e-05
2026-10-01 14:27:29,986 step=43370 train=1.68093 val=None lr=8.99369e-05
2026-10-01 14:27:31,140 step=43380 train=1.73690 val=None lr=8.98793e-05
2026-10-01 14:27:32,260 step=43390 train=1.77457 val=None lr=8.98218e-05
2026-10-01 14:27:34,592 step=43400 train=1.59517 val=1.7279629170894624 lr=8.97643e-05
2026-10-01 14:27:35,761 step=43410 train=1.79896 val=None lr=8.97068e-05
2026-10-01 14:27:36,997 step=43420 train=1.96411 val=None lr=8.96493e-05
2026-10-01 14:27:38,157 step=43430 train=2.09647 val=None lr=8.95919e-05
2026-10-01 14:27:39,449 step=43440 train=1.78024 val=None lr=8.95345e-05
2026-10-01 14:27:40,973 step=43450 train=1.73378 val=None lr=8.94771e-05
2026-10-01 14:27:42,395 step=43460 train=1.63530 val=None lr=8.94197e-05
2026-10-01 14:27:43,857 step=43470 train=1.57872 val=None lr=8.93623e-05
2026-10-01 14:27:45,212 step=43480 train=1.98979 val=None lr=8.9305e-05
2026-10-01 14:27:46,353 step=43490 train=1.95648 val=None lr=8.92477e-05
2026-10-01 14:27:48,103 step=43500 train=1.63555 val=1.729486894607544 lr=8.91903e-05
2026-10-01 14:27:50,456 step=43510 train=1.74986 val=None lr=8.91331e-05
2026-10-01 14:27:51,712 step=43520 train=1.82481 val=None lr=8.90758e-05
2026-10-01 14:27:52,984 step=43530 train=1.64341 val=None lr=8.90186e-05
2026-10-01 14:27:54,327 step=43540 train=1.78040 val=None lr=8.89613e-05
2026-10-01 14:27:55,465 step=43550 train=1.74975 val=None lr=8.89041e-05
2026-10-01 14:27:56,626 step=43560 train=1.68702 val=None lr=8.88469e-05
2026-10-01 14:27:57,819 step=43570 train=1.79596 val=None lr=8.87898e-05
2026-10-01 14:27:58,932 step=43580 train=1.75008 val=None lr=8.87326e-05
2026-10-01 14:28:00,243 step=43590 train=1.96318 val=None lr=8.86755e-05
2026-10-01 14:28:02,094 step=43600 train=1.96539 val=1.7284677982330323 lr=8.86184e-05
2026-10-01 14:28:03,276 step=43610 train=1.94064 val=None lr=8.85613e-05
2026-10-01 14:28:04,449 step=43620 train=1.58054 val=None lr=8.85043e-05
2026-10-01 14:28:05,542 step=43630 train=1.92341 val=None lr=8.84472e-05
2026-10-01 14:28:06,702 step=43640 train=1.62983 val=None lr=8.83902e-05
2026-10-01 14:28:07,800 step=43650 train=1.83125 val=None lr=8.83332e-05
2026-10-01 14:28:09,018 step=43660 train=1.54671 val=None lr=8.82762e-05
2026-10-01 14:28:10,124 step=43670 train=1.87510 val=None lr=8.82192e-05
2026-10-01 14:28:11,330 step=43680 train=1.79870 val=None lr=8.81623e-05
2026-10-01 14:28:12,544 step=43690 train=1.88280 val=None lr=8.81054e-05
2026-10-01 14:28:14,615 step=43700 train=1.71811 val=1.7251575469970704 lr=8.80485e-05
2026-10-01 14:28:15,876 step=43710 train=1.80811 val=None lr=8.79916e-05
2026-10-01 14:28:17,052 step=43720 train=1.62393 val=None lr=8.79347e-05
2026-10-01 14:28:18,142 step=43730 train=1.71073 val=None lr=8.78779e-05
2026-10-01 14:28:19,317 step=43740 train=1.70547 val=None lr=8.78211e-05
2026-10-01 14:28:20,428 step=43750 train=1.49917 val=None lr=8.77643e-05
2026-10-01 14:28:21,539 step=43760 train=1.65807 val=None lr=8.77075e-05
2026-10-01 14:28:22,724 step=43770 train=1.67318 val=None lr=8.76507e-05
2026-10-01 14:28:23,979 step=43780 train=1.94592 val=None lr=8.7594e-05
2026-10-01 14:28:25,154 step=43790 train=1.83806 val=None lr=8.75372e-05
2026-10-01 14:28:27,299 step=43800 train=1.76978 val=1.7237459361553191 lr=8.74805e-05
2026-10-01 14:28:28,652 step=43810 train=1.80494 val=None lr=8.74239e-05
2026-10-01 14:28:29,938 step=43820 train=1.42245 val=None lr=8.73672e-05
2026-10-01 14:28:31,126 step=43830 train=1.82374 val=None lr=8.73106e-05
2026-10-01 14:28:32,280 step=43840 train=1.72704 val=None lr=8.7254e-05
2026-10-01 14:28:33,731 step=43850 train=1.69394 val=None lr=8.71974e-05
2026-10-01 14:28:35,039 step=43860 train=1.54878 val=None lr=8.71408e-05
2026-10-01 14:28:36,236 step=43870 train=1.55110 val=None lr=8.70842e-05
2026-10-01 14:28:37,548 step=43880 train=1.78619 val=None lr=8.70277e-05
2026-10-01 14:28:38,643 step=43890 train=1.69373 val=None lr=8.69712e-05
2026-10-01 14:28:40,811 step=43900 train=1.81015 val=1.7232750356197357 lr=8.69147e-05
2026-10-01 14:28:41,964 step=43910 train=1.59413 val=None lr=8.68582e-05
2026-10-01 14:28:43,126 step=43920 train=1.68251 val=None lr=8.68017e-05
2026-10-01 14:28:44,223 step=43930 train=1.77869 val=None lr=8.67453e-05
2026-10-01 14:28:45,335 step=43940 train=1.65106 val=None lr=8.66889e-05
2026-10-01 14:28:46,635 step=43950 train=1.69053 val=None lr=8.66325e-05
2026-10-01 14:28:47,727 step=43960 train=1.90232 val=None lr=8.65761e-05
2026-10-01 14:28:48,815 step=43970 train=1.70429 val=None lr=8.65198e-05
2026-10-01 14:28:49,944 step=43980 train=1.95582 val=None lr=8.64635e-05
2026-10-01 14:28:51,030 step=43990 train=1.95354 val=None lr=8.64071e-05
2026-10-01 14:28:52,787 step=44000 train=1.59019 val=1.7273880302906037 lr=8.63509e-05
2026-10-01 14:28:55,656 step=44010 train=1.72577 val=None lr=8.62946e-05
2026-10-01 14:28:56,735 step=44020 train=1.67133 val=None lr=8.62383e-05
2026-10-01 14:28:57,840 step=44030 train=1.67303 val=None lr=8.61821e-05
2026-10-01 14:28:58,898 step=44040 train=1.54498 val=None lr=8.61259e-05
2026-10-01 14:29:00,115 step=44050 train=1.60724 val=None lr=8.60697e-05
2026-10-01 14:29:01,293 step=44060 train=1.78439 val=None lr=8.60136e-05
2026-10-01 14:29:02,415 step=44070 train=1.58071 val=None lr=8.59574e-05
2026-10-01 14:29:03,547 step=44080 train=1.60214 val=None lr=8.59013e-05
2026-10-01 14:29:04,760 step=44090 train=1.65743 val=None lr=8.58452e-05
2026-10-01 14:29:06,599 step=44100 train=1.67948 val=1.7277664244174957 lr=8.57891e-05
2026-10-01 14:29:07,811 step=44110 train=1.54720 val=None lr=8.5733e-05
2026-10-01 14:29:08,986 step=44120 train=1.80771 val=None lr=8.5677e-05
2026-10-01 14:29:10,153 step=44130 train=1.72224 val=None lr=8.5621e-05
2026-10-01 14:29:11,340 step=44140 train=1.77910 val=None lr=8.5565e-05
2026-10-01 14:29:12,475 step=44150 train=1.66441 val=None lr=8.5509e-05
2026-10-01 14:29:13,698 step=44160 train=1.76586 val=None lr=8.54531e-05
2026-10-01 14:29:14,797 step=44170 train=1.53904 val=None lr=8.53971e-05
2026-10-01 14:29:15,930 step=44180 train=1.49705 val=None lr=8.53412e-05
2026-10-01 14:29:17,185 step=44190 train=1.69448 val=None lr=8.52853e-05
2026-10-01 14:29:19,001 step=44200 train=1.87866 val=1.7256381511688232 lr=8.52294e-05
2026-10-01 14:29:20,250 step=44210 train=1.43407 val=None lr=8.51736e-05
2026-10-01 14:29:21,448 step=44220 train=1.69454 val=None lr=8.51178e-05
2026-10-01 14:29:22,643 step=44230 train=1.70208 val=None lr=8.50619e-05
2026-10-01 14:29:23,770 step=44240 train=1.63142 val=None lr=8.50062e-05
2026-10-01 14:29:25,116 step=44250 train=1.65829 val=None lr=8.49504e-05
2026-10-01 14:29:26,355 step=44260 train=1.88731 val=None lr=8.48946e-05
2026-10-01 14:29:27,532 step=44270 train=1.71011 val=None lr=8.48389e-05
2026-10-01 14:29:28,686 step=44280 train=1.62119 val=None lr=8.47832e-05
2026-10-01 14:29:29,851 step=44290 train=1.78633 val=None lr=8.47275e-05
2026-10-01 14:29:31,729 step=44300 train=1.70483 val=1.725810843706131 lr=8.46719e-05
2026-10-01 14:29:32,924 step=44310 train=1.54321 val=None lr=8.46162e-05
2026-10-01 14:29:34,380 step=44320 train=1.77847 val=None lr=8.45606e-05
2026-10-01 14:29:35,851 step=44330 train=1.91546 val=None lr=8.4505e-05
2026-10-01 14:29:37,154 step=44340 train=1.78643 val=None lr=8.44494e-05
2026-10-01 14:29:38,405 step=44350 train=1.79147 val=None lr=8.43939e-05
2026-10-01 14:29:39,915 step=44360 train=1.50736 val=None lr=8.43383e-05
2026-10-01 14:29:41,230 step=44370 train=1.83047 val=None lr=8.42828e-05
2026-10-01 14:29:42,545 step=44380 train=1.52694 val=None lr=8.42273e-05
2026-10-01 14:29:43,739 step=44390 train=2.07266 val=None lr=8.41719e-05
2026-10-01 14:29:45,431 step=44400 train=1.74170 val=1.7236978590488434 lr=8.41164e-05
2026-10-01 14:29:46,682 step=44410 train=1.68967 val=None lr=8.4061e-05
2026-10-01 14:29:48,199 step=44420 train=1.57491 val=None lr=8.40056e-05
2026-10-01 14:29:49,500 step=44430 train=1.91198 val=None lr=8.39502e-05
2026-10-01 14:29:50,655 step=44440 train=1.73021 val=None lr=8.38948e-05
2026-10-01 14:29:51,830 step=44450 train=2.09786 val=None lr=8.38395e-05
2026-10-01 14:29:53,109 step=44460 train=1.79543 val=None lr=8.37842e-05
2026-10-01 14:29:54,250 step=44470 train=1.98617 val=None lr=8.37289e-05
2026-10-01 14:29:55,471 step=44480 train=1.73227 val=None lr=8.36736e-05
2026-10-01 14:29:56,672 step=44490 train=1.88442 val=None lr=8.36183e-05
2026-10-01 14:29:58,570 step=44500 train=1.72609 val=1.7275743544101716 lr=8.35631e-05
2026-10-01 14:30:01,362 step=44510 train=1.79606 val=None lr=8.35079e-05
2026-10-01 14:30:02,632 step=44520 train=1.81535 val=None lr=8.34527e-05
2026-10-01 14:30:03,920 step=44530 train=1.74829 val=None lr=8.33975e-05
2026-10-01 14:30:05,245 step=44540 train=1.62005 val=None lr=8.33424e-05
2026-10-01 14:30:06,596 step=44550 train=1.70760 val=None lr=8.32872e-05
2026-10-01 14:30:07,821 step=44560 train=1.55812 val=None lr=8.32321e-05
2026-10-01 14:30:08,960 step=44570 train=1.78060 val=None lr=8.3177e-05
2026-10-01 14:30:10,355 step=44580 train=1.65002 val=None lr=8.3122e-05
2026-10-01 14:30:11,548 step=44590 train=2.13868 val=None lr=8.30669e-05
2026-10-01 14:30:13,410 step=44600 train=1.96690 val=1.7237738013267516 lr=8.30119e-05
2026-10-01 14:30:14,618 step=44610 train=2.03398 val=None lr=8.29569e-05
2026-10-01 14:30:15,839 step=44620 train=1.82386 val=None lr=8.29019e-05
2026-10-01 14:30:17,022 step=44630 train=1.83194 val=None lr=8.2847e-05
2026-10-01 14:30:18,599 step=44640 train=1.70823 val=None lr=8.2792e-05
2026-10-01 14:30:19,810 step=44650 train=1.64012 val=None lr=8.27371e-05
2026-10-01 14:30:21,121 step=44660 train=1.56875 val=None lr=8.26822e-05
2026-10-01 14:30:22,336 step=44670 train=1.51150 val=None lr=8.26274e-05
2026-10-01 14:30:23,649 step=44680 train=1.74166 val=None lr=8.25725e-05
2026-10-01 14:30:24,796 step=44690 train=1.40279 val=None lr=8.25177e-05
2026-10-01 14:30:27,075 step=44700 train=1.91805 val=1.7222776412963867 lr=8.24629e-05
2026-10-01 14:30:28,387 step=44710 train=1.61618 val=None lr=8.24081e-05
2026-10-01 14:30:29,531 step=44720 train=1.64602 val=None lr=8.23533e-05
2026-10-01 14:30:30,795 step=44730 train=1.86555 val=None lr=8.22986e-05
2026-10-01 14:30:31,981 step=44740 train=2.01641 val=None lr=8.22439e-05
2026-10-01 14:30:33,236 step=44750 train=1.71022 val=None lr=8.21892e-05
2026-10-01 14:30:34,427 step=44760 train=1.99252 val=None lr=8.21345e-05
2026-10-01 14:30:35,668 step=44770 train=1.76164 val=None lr=8.20798e-05
2026-10-01 14:30:36,955 step=44780 train=1.97130 val=None lr=8.20252e-05
2026-10-01 14:30:38,071 step=44790 train=1.87352 val=None lr=8.19706e-05
2026-10-01 14:30:40,255 step=44800 train=1.86679 val=1.7207139670848846 lr=8.1916e-05
2026-10-01 14:30:41,568 step=44810 train=1.70800 val=None lr=8.18615e-05
2026-10-01 14:30:42,746 step=44820 train=1.76819 val=None lr=8.18069e-05
2026-10-01 14:30:43,830 step=44830 train=1.71465 val=None lr=8.17524e-05
2026-10-01 14:30:44,954 step=44840 train=1.69784 val=None lr=8.16979e-05
2026-10-01 14:30:46,076 step=44850 train=1.74104 val=None lr=8.16434e-05
2026-10-01 14:30:47,193 step=44860 train=1.61622 val=None lr=8.1589e-05
2026-10-01 14:30:48,294 step=44870 train=1.83960 val=None lr=8.15345e-05
2026-10-01 14:30:49,471 step=44880 train=1.89964 val=None lr=8.14801e-05
2026-10-01 14:30:50,544 step=44890 train=1.68269 val=None lr=8.14257e-05
2026-10-01 14:30:52,401 step=44900 train=2.01544 val=1.7218604326248168 lr=8.13713e-05
2026-10-01 14:30:53,491 step=44910 train=1.88575 val=None lr=8.1317e-05
2026-10-01 14:30:54,618 step=44920 train=1.97878 val=None lr=8.12627e-05
2026-10-01 14:30:55,727 step=44930 train=1.89451 val=None lr=8.12084e-05
2026-10-01 14:30:56,772 step=44940 train=1.73993 val=None lr=8.11541e-05
2026-10-01 14:30:57,885 step=44950 train=1.72475 val=None lr=8.10998e-05
2026-10-01 14:30:59,057 step=44960 train=1.95405 val=None lr=8.10456e-05
2026-10-01 14:31:00,124 step=44970 train=1.67552 val=None lr=8.09914e-05
2026-10-01 14:31:01,342 step=44980 train=1.64445 val=None lr=8.09372e-05
2026-10-01 14:31:02,468 step=44990 train=1.68576 val=None lr=8.0883e-05
2026-10-01 14:31:04,177 step=45000 train=1.86673 val=1.7212384700775147 lr=8.08289e-05
2026-10-01 14:31:06,433 step=45010 train=1.75389 val=None lr=8.07748e-05
2026-10-01 14:31:07,515 step=45020 train=1.96552 val=None lr=8.07206e-05
2026-10-01 14:31:08,576 step=45030 train=1.77834 val=None lr=8.06666e-05
2026-10-01 14:31:09,888 step=45040 train=1.89935 val=None lr=8.06125e-05
2026-10-01 14:31:11,116 step=45050 train=1.57527 val=None lr=8.05585e-05
2026-10-01 14:31:12,283 step=45060 train=2.00444 val=None lr=8.05045e-05
2026-10-01 14:31:13,707 step=45070 train=1.55215 val=None lr=8.04505e-05
2026-10-01 14:31:14,841 step=45080 train=1.74796 val=None lr=8.03965e-05
2026-10-01 14:31:15,974 step=45090 train=1.53519 val=None lr=8.03425e-05
2026-10-01 14:31:18,189 step=45100 train=2.05785 val=1.7205476701259612 lr=8.02886e-05
2026-10-01 14:31:19,301 step=45110 train=1.64965 val=None lr=8.02347e-05
2026-10-01 14:31:20,380 step=45120 train=1.48112 val=None lr=8.01808e-05
2026-10-01 14:31:21,690 step=45130 train=1.82722 val=None lr=8.0127e-05
2026-10-01 14:31:22,988 step=45140 train=1.40395 val=None lr=8.00731e-05
2026-10-01 14:31:24,110 step=45150 train=1.89462 val=None lr=8.00193e-05
2026-10-01 14:31:25,300 step=45160 train=1.60190 val=None lr=7.99655e-05
2026-10-01 14:31:26,508 step=45170 train=1.64081 val=None lr=7.99118e-05
2026-10-01 14:31:27,716 step=45180 train=1.66938 val=None lr=7.9858e-05
2026-10-01 14:31:28,820 step=45190 train=1.69740 val=None lr=7.98043e-05
2026-10-01 14:31:30,926 step=45200 train=1.91820 val=1.7174765348434449 lr=7.97506e-05
2026-10-01 14:31:32,027 step=45210 train=1.88536 val=None lr=7.96969e-05
2026-10-01 14:31:33,199 step=45220 train=1.54399 val=None lr=7.96433e-05
2026-10-01 14:31:34,450 step=45230 train=1.71185 val=None lr=7.95896e-05
2026-10-01 14:31:35,714 step=45240 train=1.78356 val=None lr=7.9536e-05
2026-10-01 14:31:36,915 step=45250 train=1.75199 val=None lr=7.94824e-05
2026-10-01 14:31:38,136 step=45260 train=1.67605 val=None lr=7.94289e-05
2026-10-01 14:31:39,242 step=45270 train=1.54156 val=None lr=7.93753e-05
2026-10-01 14:31:40,361 step=45280 train=1.67429 val=None lr=7.93218e-05
2026-10-01 14:31:41,510 step=45290 train=1.63249 val=None lr=7.92683e-05
2026-10-01 14:31:43,291 step=45300 train=1.63052 val=1.7201867878437043 lr=7.92148e-05
2026-10-01 14:31:44,531 step=45310 train=1.83817 val=None lr=7.91614e-05
2026-10-01 14:31:45,783 step=45320 train=1.74167 val=None lr=7.91079e-05
2026-10-01 14:31:46,967 step=45330 train=1.61314 val=None lr=7.90545e-05
2026-10-01 14:31:48,195 step=45340 train=1.82258 val=None lr=7.90011e-05
2026-10-01 14:31:49,424 step=45350 train=1.68273 val=None lr=7.89478e-05
2026-10-01 14:31:50,574 step=45360 train=1.69319 val=None lr=7.88944e-05
2026-10-01 14:31:51,666 step=45370 train=1.85412 val=None lr=7.88411e-05
2026-10-01 14:31:52,916 step=45380 train=1.71742 val=None lr=7.87878e-05
2026-10-01 14:31:53,979 step=45390 train=1.51343 val=None lr=7.87345e-05
2026-10-01 14:31:55,782 step=45400 train=1.92776 val=1.7192412972450257 lr=7.86813e-05
2026-10-01 14:31:57,017 step=45410 train=1.68063 val=None lr=7.86281e-05
2026-10-01 14:31:58,233 step=45420 train=1.87581 val=None lr=7.85748e-05
2026-10-01 14:31:59,436 step=45430 train=1.90383 val=None lr=7.85217e-05
2026-10-01 14:32:00,839 step=45440 train=1.92702 val=None lr=7.84685e-05
2026-10-01 14:32:02,064 step=45450 train=1.75400 val=None lr=7.84154e-05
2026-10-01 14:32:03,127 step=45460 train=1.83846 val=None lr=7.83623e-05
2026-10-01 14:32:04,198 step=45470 train=1.90419 val=None lr=7.83092e-05
2026-10-01 14:32:05,383 step=45480 train=1.86613 val=None lr=7.82561e-05
2026-10-01 14:32:06,507 step=45490 train=1.79677 val=None lr=7.8203e-05
2026-10-01 14:32:08,220 step=45500 train=1.59446 val=1.7204067528247833 lr=7.815e-05
2026-10-01 14:32:10,766 step=45510 train=1.94580 val=None lr=7.8097e-05
2026-10-01 14:32:12,231 step=45520 train=1.72468 val=None lr=7.8044e-05
2026-10-01 14:32:13,325 step=45530 train=1.63321 val=None lr=7.79911e-05
2026-10-01 14:32:14,383 step=45540 train=1.99511 val=None lr=7.79382e-05
2026-10-01 14:32:15,557 step=45550 train=1.67440 val=None lr=7.78853e-05
2026-10-01 14:32:16,813 step=45560 train=1.88374 val=None lr=7.78324e-05
2026-10-01 14:32:18,038 step=45570 train=1.68588 val=None lr=7.77795e-05
2026-10-01 14:32:19,297 step=45580 train=1.51934 val=None lr=7.77267e-05
2026-10-01 14:32:20,416 step=45590 train=1.90248 val=None lr=7.76738e-05
2026-10-01 14:32:22,671 step=45600 train=1.75512 val=1.7171136915683747 lr=7.76211e-05
2026-10-01 14:32:23,766 step=45610 train=1.61521 val=None lr=7.75683e-05
2026-10-01 14:32:24,949 step=45620 train=1.87698 val=None lr=7.75155e-05
2026-10-01 14:32:26,047 step=45630 train=1.73354 val=None lr=7.74628e-05
2026-10-01 14:32:27,146 step=45640 train=1.82629 val=None lr=7.74101e-05
2026-10-01 14:32:28,251 step=45650 train=1.57569 val=None lr=7.73574e-05
2026-10-01 14:32:29,747 step=45660 train=1.70729 val=None lr=7.73048e-05
2026-10-01 14:32:30,898 step=45670 train=1.46688 val=None lr=7.72521e-05
2026-10-01 14:32:32,062 step=45680 train=1.74159 val=None lr=7.71995e-05
2026-10-01 14:32:33,331 step=45690 train=1.71468 val=None lr=7.71469e-05
2026-10-01 14:32:35,669 step=45700 train=1.66305 val=1.716178411245346 lr=7.70944e-05
2026-10-01 14:32:36,915 step=45710 train=1.64869 val=None lr=7.70418e-05
2026-10-01 14:32:38,259 step=45720 train=2.02182 val=None lr=7.69893e-05
2026-10-01 14:32:39,502 step=45730 train=1.65357 val=None lr=7.69368e-05
2026-10-01 14:32:40,583 step=45740 train=1.83630 val=None lr=7.68844e-05
2026-10-01 14:32:41,781 step=45750 train=1.87629 val=None lr=7.68319e-05
2026-10-01 14:32:43,084 step=45760 train=1.74750 val=None lr=7.67795e-05
2026-10-01 14:32:44,295 step=45770 train=1.75920 val=None lr=7.67271e-05
2026-10-01 14:32:45,494 step=45780 train=1.44686 val=None lr=7.66747e-05
2026-10-01 14:32:46,823 step=45790 train=2.01545 val=None lr=7.66223e-05
2026-10-01 14:32:48,655 step=45800 train=1.90347 val=1.7210368812084198 lr=7.657e-05
2026-10-01 14:32:49,833 step=45810 train=1.93962 val=None lr=7.65177e-05
2026-10-01 14:32:51,014 step=45820 train=1.69250 val=None lr=7.64654e-05
2026-10-01 14:32:52,415 step=45830 train=1.60150 val=None lr=7.64132e-05
2026-10-01 14:32:53,847 step=45840 train=1.77984 val=None lr=7.63609e-05
2026-10-01 14:32:55,155 step=45850 train=1.78390 val=None lr=7.63087e-05
2026-10-01 14:32:56,492 step=45860 train=1.52233 val=None lr=7.62565e-05
2026-10-01 14:32:57,658 step=45870 train=1.91592 val=None lr=7.62043e-05
2026-10-01 14:32:58,875 step=45880 train=1.55720 val=None lr=7.61522e-05
2026-10-01 14:32:59,998 step=45890 train=1.91486 val=None lr=7.61001e-05
2026-10-01 14:33:01,935 step=45900 train=1.68932 val=1.7185076177120209 lr=7.6048e-05
2026-10-01 14:33:03,124 step=45910 train=1.55301 val=None lr=7.59959e-05
2026-10-01 14:33:04,462 step=45920 train=1.75523 val=None lr=7.59439e-05
2026-10-01 14:33:05,719 step=45930 train=1.57315 val=None lr=7.58918e-05
2026-10-01 14:33:07,052 step=45940 train=1.88154 val=None lr=7.58398e-05
2026-10-01 14:33:08,341 step=45950 train=1.83871 val=None lr=7.57878e-05
2026-10-01 14:33:09,637 step=45960 train=1.97438 val=None lr=7.57359e-05
2026-10-01 14:33:11,074 step=45970 train=1.84769 val=None lr=7.56839e-05
2026-10-01 14:33:12,260 step=45980 train=2.02123 val=None lr=7.5632e-05
2026-10-01 14:33:13,418 step=45990 train=1.88325 val=None lr=7.55802e-05
2026-10-01 14:33:16,172 step=46000 train=1.79566 val=1.7165588796138764 lr=7.55283e-05
2026-10-01 14:33:18,795 step=46010 train=1.84514 val=None lr=7.54764e-05
2026-10-01 14:33:20,000 step=46020 train=1.88273 val=None lr=7.54246e-05
2026-10-01 14:33:21,231 step=46030 train=1.65566 val=None lr=7.53728e-05
2026-10-01 14:33:22,616 step=46040 train=1.79056 val=None lr=7.53211e-05
2026-10-01 14:33:24,069 step=46050 train=1.73476 val=None lr=7.52693e-05
2026-10-01 14:33:25,454 step=46060 train=1.90486 val=None lr=7.52176e-05
2026-10-01 14:33:26,672 step=46070 train=1.90120 val=None lr=7.51659e-05
2026-10-01 14:33:27,922 step=46080 train=1.68666 val=None lr=7.51142e-05
2026-10-01 14:33:29,129 step=46090 train=1.73335 val=None lr=7.50626e-05
2026-10-01 14:33:31,062 step=46100 train=1.90031 val=1.7165996551513671 lr=7.50109e-05
2026-10-01 14:33:32,313 step=46110 train=1.72844 val=None lr=7.49593e-05
2026-10-01 14:33:33,857 step=46120 train=1.57705 val=None lr=7.49078e-05
2026-10-01 14:33:35,073 step=46130 train=1.88291 val=None lr=7.48562e-05
2026-10-01 14:33:36,247 step=46140 train=1.82693 val=None lr=7.48047e-05
2026-10-01 14:33:37,426 step=46150 train=1.80752 val=None lr=7.47532e-05
2026-10-01 14:33:38,542 step=46160 train=1.84865 val=None lr=7.47017e-05
2026-10-01 14:33:39,657 step=46170 train=1.77754 val=None lr=7.46502e-05
2026-10-01 14:33:40,783 step=46180 train=1.83743 val=None lr=7.45988e-05
2026-10-01 14:33:41,910 step=46190 train=1.88945 val=None lr=7.45474e-05
2026-10-01 14:33:44,097 step=46200 train=1.63925 val=1.7160860240459441 lr=7.4496e-05
2026-10-01 14:33:45,467 step=46210 train=1.67596 val=None lr=7.44446e-05
2026-10-01 14:33:46,718 step=46220 train=1.83149 val=None lr=7.43933e-05
2026-10-01 14:33:47,894 step=46230 train=1.57803 val=None lr=7.43419e-05
2026-10-01 14:33:49,238 step=46240 train=1.67198 val=None lr=7.42907e-05
2026-10-01 14:33:50,433 step=46250 train=1.67644 val=None lr=7.42394e-05
2026-10-01 14:33:51,664 step=46260 train=1.94567 val=None lr=7.41881e-05
2026-10-01 14:33:52,724 step=46270 train=1.65785 val=None lr=7.41369e-05
2026-10-01 14:33:53,872 step=46280 train=2.00530 val=None lr=7.40857e-05
2026-10-01 14:33:54,976 step=46290 train=1.75587 val=None lr=7.40345e-05
2026-10-01 14:33:57,100 step=46300 train=1.69089 val=1.7159972846508027 lr=7.39834e-05
2026-10-01 14:33:58,298 step=46310 train=1.84242 val=None lr=7.39323e-05
2026-10-01 14:33:59,473 step=46320 train=1.62310 val=None lr=7.38812e-05
2026-10-01 14:34:00,547 step=46330 train=1.64566 val=None lr=7.38301e-05
2026-10-01 14:34:01,746 step=46340 train=1.79736 val=None lr=7.3779e-05
2026-10-01 14:34:03,056 step=46350 train=1.65794 val=None lr=7.3728e-05
2026-10-01 14:34:04,184 step=46360 train=1.74605 val=None lr=7.3677e-05
2026-10-01 14:34:05,352 step=46370 train=1.81895 val=None lr=7.3626e-05
2026-10-01 14:34:06,659 step=46380 train=1.84859 val=None lr=7.3575e-05
2026-10-01 14:34:07,799 step=46390 train=1.73327 val=None lr=7.35241e-05
2026-10-01 14:34:10,292 step=46400 train=1.88851 val=1.714812171459198 lr=7.34732e-05
2026-10-01 14:34:11,494 step=46410 train=1.66403 val=None lr=7.34223e-05
2026-10-01 14:34:12,638 step=46420 train=1.74548 val=None lr=7.33714e-05
2026-10-01 14:34:13,765 step=46430 train=1.64697 val=None lr=7.33206e-05
2026-10-01 14:34:15,040 step=46440 train=1.73735 val=None lr=7.32698e-05
2026-10-01 14:34:16,222 step=46450 train=2.08040 val=None lr=7.3219e-05
2026-10-01 14:34:17,379 step=46460 train=1.62834 val=None lr=7.31682e-05
2026-10-01 14:34:18,441 step=46470 train=2.04232 val=None lr=7.31175e-05
2026-10-01 14:34:19,491 step=46480 train=1.56342 val=None lr=7.30668e-05
2026-10-01 14:34:20,540 step=46490 train=1.86666 val=None lr=7.30161e-05
2026-10-01 14:34:22,673 step=46500 train=2.20616 val=1.713796430826187 lr=7.29654e-05
2026-10-01 14:34:25,298 step=46510 train=1.69658 val=None lr=7.29147e-05
2026-10-01 14:34:26,420 step=46520 train=1.83653 val=None lr=7.28641e-05
2026-10-01 14:34:27,516 step=46530 train=1.86575 val=None lr=7.28135e-05
2026-10-01 14:34:28,701 step=46540 train=1.49115 val=None lr=7.2763e-05
2026-10-01 14:34:29,951 step=46550 train=2.18234 val=None lr=7.27124e-05
2026-10-01 14:34:31,044 step=46560 train=1.81377 val=None lr=7.26619e-05
2026-10-01 14:34:32,191 step=46570 train=1.72142 val=None lr=7.26114e-05
2026-10-01 14:34:33,338 step=46580 train=1.77958 val=None lr=7.25609e-05
2026-10-01 14:34:34,593 step=46590 train=1.53442 val=None lr=7.25105e-05
2026-10-01 14:34:36,844 step=46600 train=1.66493 val=1.7134772777557372 lr=7.246e-05
2026-10-01 14:34:38,109 step=46610 train=1.55165 val=None lr=7.24096e-05
2026-10-01 14:34:39,385 step=46620 train=1.89580 val=None lr=7.23592e-05
2026-10-01 14:34:40,866 step=46630 train=1.56555 val=None lr=7.23089e-05
2026-10-01 14:34:42,065 step=46640 train=1.75463 val=None lr=7.22586e-05
2026-10-01 14:34:43,405 step=46650 train=1.64897 val=None lr=7.22083e-05
2026-10-01 14:34:44,591 step=46660 train=2.04973 val=None lr=7.2158e-05
2026-10-01 14:34:45,744 step=46670 train=1.63379 val=None lr=7.21077e-05
2026-10-01 14:34:46,928 step=46680 train=1.86993 val=None lr=7.20575e-05
2026-10-01 14:34:48,129 step=46690 train=1.77194 val=None lr=7.20073e-05
2026-10-01 14:34:50,283 step=46700 train=1.74432 val=1.7145733654499054 lr=7.19571e-05
2026-10-01 14:34:51,649 step=46710 train=1.84082 val=None lr=7.19069e-05
2026-10-01 14:34:52,885 step=46720 train=1.93007 val=None lr=7.18568e-05
2026-10-01 14:34:54,058 step=46730 train=1.67339 val=None lr=7.18067e-05
2026-10-01 14:34:55,229 step=46740 train=1.65503 val=None lr=7.17566e-05
2026-10-01 14:34:56,545 step=46750 train=1.64522 val=None lr=7.17065e-05
2026-10-01 14:34:58,045 step=46760 train=1.85882 val=None lr=7.16565e-05
2026-10-01 14:34:59,277 step=46770 train=1.69195 val=None lr=7.16065e-05
2026-10-01 14:35:00,780 step=46780 train=1.51912 val=None lr=7.15565e-05
2026-10-01 14:35:02,029 step=46790 train=1.75506 val=None lr=7.15065e-05
2026-10-01 14:35:04,649 step=46800 train=1.68924 val=1.7131705284118652 lr=7.14566e-05
2026-10-01 14:35:05,989 step=46810 train=1.76969 val=None lr=7.14067e-05
2026-10-01 14:35:07,438 step=46820 train=1.60801 val=None lr=7.13568e-05
2026-10-01 14:35:08,672 step=46830 train=1.82114 val=None lr=7.13069e-05
2026-10-01 14:35:09,995 step=46840 train=2.19761 val=None lr=7.12571e-05
2026-10-01 14:35:11,278 step=46850 train=1.75587 val=None lr=7.12073e-05
2026-10-01 14:35:12,486 step=46860 train=1.86830 val=None lr=7.11575e-05
2026-10-01 14:35:13,679 step=46870 train=1.69388 val=None lr=7.11077e-05
2026-10-01 14:35:14,779 step=46880 train=1.77677 val=None lr=7.1058e-05
2026-10-01 14:35:16,131 step=46890 train=1.73289 val=None lr=7.10083e-05
2026-10-01 14:35:18,224 step=46900 train=1.55790 val=1.712530940771103 lr=7.09586e-05
2026-10-01 14:35:19,399 step=46910 train=1.94644 val=None lr=7.09089e-05
2026-10-01 14:35:20,728 step=46920 train=1.77521 val=None lr=7.08593e-05
2026-10-01 14:35:21,829 step=46930 train=1.88977 val=None lr=7.08097e-05
2026-10-01 14:35:22,953 step=46940 train=1.54930 val=None lr=7.07601e-05
2026-10-01 14:35:24,117 step=46950 train=1.64048 val=None lr=7.07105e-05
2026-10-01 14:35:25,457 step=46960 train=1.90034 val=None lr=7.0661e-05
2026-10-01 14:35:26,633 step=46970 train=2.22193 val=None lr=7.06114e-05
2026-10-01 14:35:27,865 step=46980 train=1.50255 val=None lr=7.05619e-05
2026-10-01 14:35:29,162 step=46990 train=1.63402 val=None lr=7.05125e-05
2026-10-01 14:35:31,426 step=47000 train=1.79787 val=1.7111402094364165 lr=7.0463e-05
2026-10-01 14:35:34,198 step=47010 train=1.79799 val=None lr=7.04136e-05
2026-10-01 14:35:35,343 step=47020 train=1.81945 val=None lr=7.03642e-05
2026-10-01 14:35:36,556 step=47030 train=1.71217 val=None lr=7.03148e-05
2026-10-01 14:35:37,707 step=47040 train=1.70758 val=None lr=7.02655e-05
2026-10-01 14:35:39,110 step=47050 train=1.54622 val=None lr=7.02162e-05
2026-10-01 14:35:40,290 step=47060 train=1.64533 val=None lr=7.01669e-05
2026-10-01 14:35:41,527 step=47070 train=1.70951 val=None lr=7.01176e-05
2026-10-01 14:35:42,777 step=47080 train=1.54822 val=None lr=7.00684e-05
2026-10-01 14:35:44,057 step=47090 train=2.04413 val=None lr=7.00192e-05
2026-10-01 14:35:46,014 step=47100 train=1.66994 val=1.7116020023822784 lr=6.997e-05
2026-10-01 14:35:47,257 step=47110 train=1.96195 val=None lr=6.99208e-05
2026-10-01 14:35:48,583 step=47120 train=1.49168 val=None lr=6.98717e-05
2026-10-01 14:35:49,753 step=47130 train=1.83439 val=None lr=6.98225e-05
2026-10-01 14:35:51,022 step=47140 train=1.74894 val=None lr=6.97734e-05
2026-10-01 14:35:52,248 step=47150 train=1.73000 val=None lr=6.97244e-05
2026-10-01 14:35:53,542 step=47160 train=1.83781 val=None lr=6.96753e-05
2026-10-01 14:35:54,827 step=47170 train=1.52085 val=None lr=6.96263e-05
2026-10-01 14:35:56,091 step=47180 train=1.79103 val=None lr=6.95773e-05
2026-10-01 14:35:57,355 step=47190 train=1.73606 val=None lr=6.95283e-05
2026-10-01 14:35:59,308 step=47200 train=1.82320 val=1.7111990392208098 lr=6.94794e-05
2026-10-01 14:36:00,570 step=47210 train=1.98669 val=None lr=6.94305e-05
2026-10-01 14:36:01,819 step=47220 train=1.59593 val=None lr=6.93816e-05
2026-10-01 14:36:03,095 step=47230 train=1.45553 val=None lr=6.93327e-05
2026-10-01 14:36:04,380 step=47240 train=1.47637 val=None lr=6.92839e-05
2026-10-01 14:36:05,666 step=47250 train=1.60951 val=None lr=6.92351e-05
2026-10-01 14:36:06,864 step=47260 train=1.86325 val=None lr=6.91863e-05
2026-10-01 14:36:08,014 step=47270 train=1.80365 val=None lr=6.91375e-05
2026-10-01 14:36:09,208 step=47280 train=1.83752 val=None lr=6.90888e-05
2026-10-01 14:36:10,584 step=47290 train=1.58780 val=None lr=6.904e-05
2026-10-01 14:36:12,732 step=47300 train=1.52025 val=1.7112862467765808 lr=6.89913e-05
2026-10-01 14:36:13,902 step=47310 train=1.59528 val=None lr=6.89427e-05
2026-10-01 14:36:15,089 step=47320 train=1.81979 val=None lr=6.8894e-05
2026-10-01 14:36:16,530 step=47330 train=1.83566 val=None lr=6.88454e-05
2026-10-01 14:36:17,874 step=47340 train=1.75951 val=None lr=6.87968e-05
2026-10-01 14:36:19,071 step=47350 train=1.78795 val=None lr=6.87483e-05
2026-10-01 14:36:20,497 step=47360 train=1.90980 val=None lr=6.86997e-05
2026-10-01 14:36:21,795 step=47370 train=1.78795 val=None lr=6.86512e-05
2026-10-01 14:36:23,065 step=47380 train=1.61863 val=None lr=6.86027e-05
2026-10-01 14:36:24,286 step=47390 train=1.72025 val=None lr=6.85543e-05
2026-10-01 14:36:26,140 step=47400 train=1.84907 val=1.7137790381908418 lr=6.85058e-05
2026-10-01 14:36:27,653 step=47410 train=1.80385 val=None lr=6.84574e-05
2026-10-01 14:36:29,080 step=47420 train=1.74301 val=None lr=6.8409e-05
2026-10-01 14:36:30,360 step=47430 train=1.88508 val=None lr=6.83607e-05
2026-10-01 14:36:31,569 step=47440 train=1.59351 val=None lr=6.83123e-05
2026-10-01 14:36:32,770 step=47450 train=1.76942 val=None lr=6.8264e-05
2026-10-01 14:36:33,988 step=47460 train=1.57087 val=None lr=6.82157e-05
2026-10-01 14:36:35,120 step=47470 train=1.66933 val=None lr=6.81675e-05
2026-10-01 14:36:36,319 step=47480 train=1.75534 val=None lr=6.81192e-05
2026-10-01 14:36:37,427 step=47490 train=1.72144 val=None lr=6.8071e-05
2026-10-01 14:36:39,125 step=47500 train=2.00044 val=1.7123911559581757 lr=6.80228e-05
2026-10-01 14:36:41,518 step=47510 train=1.77756 val=None lr=6.79747e-05
2026-10-01 14:36:42,670 step=47520 train=1.69527 val=None lr=6.79265e-05
2026-10-01 14:36:43,814 step=47530 train=1.88141 val=None lr=6.78784e-05
2026-10-01 14:36:45,053 step=47540 train=1.74988 val=None lr=6.78304e-05
2026-10-01 14:36:46,229 step=47550 train=1.75440 val=None lr=6.77823e-05
2026-10-01 14:36:47,575 step=47560 train=1.66635 val=None lr=6.77343e-05
2026-10-01 14:36:48,777 step=47570 train=1.81775 val=None lr=6.76863e-05
2026-10-01 14:36:50,126 step=47580 train=1.51762 val=None lr=6.76383e-05
2026-10-01 14:36:51,334 step=47590 train=1.66660 val=None lr=6.75903e-05
2026-10-01 14:36:53,225 step=47600 train=1.86357 val=1.7121690094470978 lr=6.75424e-05
2026-10-01 14:36:54,478 step=47610 train=1.82706 val=None lr=6.74945e-05
2026-10-01 14:36:55,864 step=47620 train=1.69167 val=None lr=6.74466e-05
2026-10-01 14:36:57,159 step=47630 train=1.73025 val=None lr=6.73988e-05
2026-10-01 14:36:58,470 step=47640 train=1.73086 val=None lr=6.73509e-05
2026-10-01 14:36:59,736 step=47650 train=1.82828 val=None lr=6.73031e-05
2026-10-01 14:37:00,987 step=47660 train=1.71864 val=None lr=6.72554e-05
2026-10-01 14:37:02,223 step=47670 train=1.67578 val=None lr=6.72076e-05
2026-10-01 14:37:03,416 step=47680 train=1.98426 val=None lr=6.71599e-05
2026-10-01 14:37:04,691 step=47690 train=1.82041 val=None lr=6.71122e-05
2026-10-01 14:37:06,621 step=47700 train=1.61067 val=1.711951231956482 lr=6.70645e-05
2026-10-01 14:37:07,974 step=47710 train=1.93959 val=None lr=6.70169e-05
2026-10-01 14:37:09,265 step=47720 train=1.72545 val=None lr=6.69693e-05
2026-10-01 14:37:10,567 step=47730 train=1.70345 val=None lr=6.69217e-05
2026-10-01 14:37:11,778 step=47740 train=1.75914 val=None lr=6.68741e-05
2026-10-01 14:37:13,023 step=47750 train=1.54343 val=None lr=6.68266e-05
2026-10-01 14:37:14,329 step=47760 train=1.75156 val=None lr=6.6779e-05
2026-10-01 14:37:15,690 step=47770 train=1.81531 val=None lr=6.67316e-05
2026-10-01 14:37:16,883 step=47780 train=1.63451 val=None lr=6.66841e-05
2026-10-01 14:37:18,154 step=47790 train=1.69727 val=None lr=6.66366e-05
2026-10-01 14:37:20,545 step=47800 train=1.73444 val=1.709796267747879 lr=6.65892e-05
2026-10-01 14:37:21,778 step=47810 train=1.68206 val=None lr=6.65418e-05
2026-10-01 14:37:23,287 step=47820 train=1.74242 val=None lr=6.64945e-05
2026-10-01 14:37:24,498 step=47830 train=1.54207 val=None lr=6.64472e-05
2026-10-01 14:37:25,679 step=47840 train=1.51255 val=None lr=6.63998e-05
2026-10-01 14:37:26,902 step=47850 train=1.72718 val=None lr=6.63526e-05
2026-10-01 14:37:28,037 step=47860 train=1.83604 val=None lr=6.63053e-05
2026-10-01 14:37:29,177 step=47870 train=1.48439 val=None lr=6.62581e-05
2026-10-01 14:37:30,376 step=47880 train=1.77992 val=None lr=6.62109e-05
2026-10-01 14:37:31,486 step=47890 train=1.72099 val=None lr=6.61637e-05
2026-10-01 14:37:33,329 step=47900 train=1.83633 val=1.7105615973472594 lr=6.61165e-05
2026-10-01 14:37:34,416 step=47910 train=1.62666 val=None lr=6.60694e-05
2026-10-01 14:37:35,652 step=47920 train=1.74320 val=None lr=6.60223e-05
2026-10-01 14:37:36,846 step=47930 train=1.60160 val=None lr=6.59752e-05
2026-10-01 14:37:38,125 step=47940 train=1.66803 val=None lr=6.59282e-05
2026-10-01 14:37:39,275 step=47950 train=1.66853 val=None lr=6.58812e-05
2026-10-01 14:37:40,398 step=47960 train=1.68722 val=None lr=6.58342e-05
2026-10-01 14:37:41,595 step=47970 train=2.09430 val=None lr=6.57872e-05
2026-10-01 14:37:42,791 step=47980 train=1.73369 val=None lr=6.57402e-05
2026-10-01 14:37:44,181 step=47990 train=1.72485 val=None lr=6.56933e-05
2026-10-01 14:37:46,471 step=48000 train=1.73742 val=1.7078624367713928 lr=6.56464e-05
2026-10-01 14:37:48,724 step=48010 train=1.91701 val=None lr=6.55996e-05
2026-10-01 14:37:49,947 step=48020 train=1.72961 val=None lr=6.55527e-05
2026-10-01 14:37:51,045 step=48030 train=1.69376 val=None lr=6.55059e-05
2026-10-01 14:37:52,175 step=48040 train=1.87045 val=None lr=6.54591e-05
2026-10-01 14:37:53,487 step=48050 train=1.85319 val=None lr=6.54124e-05
2026-10-01 14:37:54,651 step=48060 train=1.49195 val=None lr=6.53656e-05
2026-10-01 14:37:55,844 step=48070 train=1.72626 val=None lr=6.53189e-05
2026-10-01 14:37:57,030 step=48080 train=1.62386 val=None lr=6.52722e-05
2026-10-01 14:37:58,219 step=48090 train=1.94668 val=None lr=6.52256e-05
2026-10-01 14:38:00,368 step=48100 train=1.71273 val=1.7055778920650482 lr=6.51789e-05
2026-10-01 14:38:01,645 step=48110 train=1.66566 val=None lr=6.51323e-05
2026-10-01 14:38:02,726 step=48120 train=1.66711 val=None lr=6.50857e-05
2026-10-01 14:38:03,902 step=48130 train=1.76484 val=None lr=6.50392e-05
2026-10-01 14:38:05,078 step=48140 train=1.61533 val=None lr=6.49927e-05
2026-10-01 14:38:06,209 step=48150 train=1.55281 val=None lr=6.49462e-05
2026-10-01 14:38:07,500 step=48160 train=1.64187 val=None lr=6.48997e-05
2026-10-01 14:38:08,672 step=48170 train=1.79452 val=None lr=6.48533e-05
2026-10-01 14:38:09,804 step=48180 train=1.78903 val=None lr=6.48068e-05
2026-10-01 14:38:10,969 step=48190 train=1.78235 val=None lr=6.47604e-05
2026-10-01 14:38:13,234 step=48200 train=1.52649 val=1.7049625635147094 lr=6.47141e-05
2026-10-01 14:38:14,366 step=48210 train=1.99797 val=None lr=6.46677e-05
2026-10-01 14:38:15,505 step=48220 train=1.71803 val=None lr=6.46214e-05
2026-10-01 14:38:16,725 step=48230 train=1.61822 val=None lr=6.45751e-05
2026-10-01 14:38:17,987 step=48240 train=1.67107 val=None lr=6.45289e-05
2026-10-01 14:38:19,221 step=48250 train=1.74349 val=None lr=6.44826e-05
2026-10-01 14:38:20,374 step=48260 train=1.53352 val=None lr=6.44364e-05
2026-10-01 14:38:21,584 step=48270 train=1.72543 val=None lr=6.43902e-05
2026-10-01 14:38:22,705 step=48280 train=1.80038 val=None lr=6.43441e-05
2026-10-01 14:38:23,783 step=48290 train=1.71548 val=None lr=6.42979e-05
2026-10-01 14:38:25,467 step=48300 train=1.81847 val=1.7057021379470825 lr=6.42518e-05
2026-10-01 14:38:26,647 step=48310 train=1.69155 val=None lr=6.42058e-05
2026-10-01 14:38:27,783 step=48320 train=1.62381 val=None lr=6.41597e-05
2026-10-01 14:38:28,951 step=48330 train=1.76087 val=None lr=6.41137e-05
2026-10-01 14:38:30,098 step=48340 train=1.87450 val=None lr=6.40677e-05
2026-10-01 14:38:31,289 step=48350 train=1.66748 val=None lr=6.40217e-05
2026-10-01 14:38:32,485 step=48360 train=1.62934 val=None lr=6.39758e-05
2026-10-01 14:38:33,915 step=48370 train=1.61275 val=None lr=6.39299e-05
2026-10-01 14:38:35,086 step=48380 train=1.92700 val=None lr=6.3884e-05
2026-10-01 14:38:36,239 step=48390 train=1.85653 val=None lr=6.38381e-05
2026-10-01 14:38:38,096 step=48400 train=1.72861 val=1.7058994114398955 lr=6.37923e-05
2026-10-01 14:38:39,373 step=48410 train=1.55630 val=None lr=6.37465e-05
2026-10-01 14:38:40,763 step=48420 train=1.63016 val=None lr=6.37007e-05
2026-10-01 14:38:42,117 step=48430 train=1.43510 val=None lr=6.36549e-05
2026-10-01 14:38:43,268 step=48440 train=1.67386 val=None lr=6.36092e-05
2026-10-01 14:38:44,454 step=48450 train=1.80802 val=None lr=6.35635e-05
2026-10-01 14:38:45,859 step=48460 train=1.85381 val=None lr=6.35178e-05
2026-10-01 14:38:47,180 step=48470 train=1.68856 val=None lr=6.34721e-05
2026-10-01 14:38:48,342 step=48480 train=1.67010 val=None lr=6.34265e-05
2026-10-01 14:38:49,551 step=48490 train=1.66496 val=None lr=6.33809e-05
2026-10-01 14:38:51,723 step=48500 train=1.59269 val=1.7047965347766876 lr=6.33354e-05
2026-10-01 14:38:53,954 step=48510 train=1.69371 val=None lr=6.32898e-05
2026-10-01 14:38:55,248 step=48520 train=1.76937 val=None lr=6.32443e-05
2026-10-01 14:38:56,388 step=48530 train=1.96095 val=None lr=6.31988e-05
2026-10-01 14:38:57,597 step=48540 train=1.72910 val=None lr=6.31533e-05
2026-10-01 14:38:59,060 step=48550 train=1.75966 val=None lr=6.31079e-05
2026-10-01 14:39:00,386 step=48560 train=1.84970 val=None lr=6.30625e-05
2026-10-01 14:39:01,608 step=48570 train=1.85183 val=None lr=6.30171e-05
2026-10-01 14:39:02,877 step=48580 train=1.65442 val=None lr=6.29717e-05
2026-10-01 14:39:03,960 step=48590 train=1.60978 val=None lr=6.29264e-05
2026-10-01 14:39:06,218 step=48600 train=1.55466 val=1.7047321021556854 lr=6.28811e-05
2026-10-01 14:39:07,389 step=48610 train=1.57158 val=None lr=6.28358e-05
2026-10-01 14:39:08,513 step=48620 train=1.98899 val=None lr=6.27906e-05
2026-10-01 14:39:09,681 step=48630 train=1.67333 val=None lr=6.27454e-05
2026-10-01 14:39:10,858 step=48640 train=1.80365 val=None lr=6.27002e-05
2026-10-01 14:39:12,163 step=48650 train=1.63788 val=None lr=6.2655e-05
2026-10-01 14:39:13,373 step=48660 train=1.54584 val=None lr=6.26099e-05
2026-10-01 14:39:14,730 step=48670 train=1.69215 val=None lr=6.25647e-05
2026-10-01 14:39:15,951 step=48680 train=1.62774 val=None lr=6.25197e-05
2026-10-01 14:39:17,110 step=48690 train=1.74138 val=None lr=6.24746e-05
2026-10-01 14:39:19,741 step=48700 train=1.90506 val=1.7026605546474456 lr=6.24296e-05
2026-10-01 14:39:21,141 step=48710 train=1.65223 val=None lr=6.23846e-05
2026-10-01 14:39:22,605 step=48720 train=1.96504 val=None lr=6.23396e-05
2026-10-01 14:39:23,928 step=48730 train=1.62256 val=None lr=6.22946e-05
2026-10-01 14:39:25,310 step=48740 train=1.76967 val=None lr=6.22497e-05
2026-10-01 14:39:26,607 step=48750 train=1.71616 val=None lr=6.22048e-05
2026-10-01 14:39:27,930 step=48760 train=1.82708 val=None lr=6.21599e-05
2026-10-01 14:39:29,304 step=48770 train=1.95835 val=None lr=6.21151e-05
2026-10-01 14:39:30,771 step=48780 train=1.77846 val=None lr=6.20703e-05
2026-10-01 14:39:31,960 step=48790 train=1.69070 val=None lr=6.20255e-05
2026-10-01 14:39:34,220 step=48800 train=1.92968 val=1.7014802813529968 lr=6.19807e-05
2026-10-01 14:39:35,526 step=48810 train=1.48802 val=None lr=6.1936e-05
2026-10-01 14:39:36,674 step=48820 train=1.62144 val=None lr=6.18913e-05
2026-10-01 14:39:38,079 step=48830 train=1.93089 val=None lr=6.18466e-05
2026-10-01 14:39:39,344 step=48840 train=1.78791 val=None lr=6.18019e-05
2026-10-01 14:39:40,447 step=48850 train=1.54417 val=None lr=6.17573e-05
2026-10-01 14:39:41,655 step=48860 train=1.65824 val=None lr=6.17127e-05
2026-10-01 14:39:42,885 step=48870 train=1.86483 val=None lr=6.16681e-05
2026-10-01 14:39:44,207 step=48880 train=1.87668 val=None lr=6.16236e-05
2026-10-01 14:39:45,537 step=48890 train=1.84115 val=None lr=6.15791e-05
2026-10-01 14:39:47,772 step=48900 train=1.80967 val=1.699821835756302 lr=6.15346e-05
2026-10-01 14:39:49,101 step=48910 train=1.60077 val=None lr=6.14901e-05
2026-10-01 14:39:50,302 step=48920 train=1.58584 val=None lr=6.14457e-05
2026-10-01 14:39:51,608 step=48930 train=1.74736 val=None lr=6.14012e-05
2026-10-01 14:39:52,899 step=48940 train=1.82021 val=None lr=6.13569e-05
2026-10-01 14:39:54,298 step=48950 train=1.53269 val=None lr=6.13125e-05
2026-10-01 14:39:55,508 step=48960 train=1.59447 val=None lr=6.12682e-05
2026-10-01 14:39:56,690 step=48970 train=1.58045 val=None lr=6.12239e-05
2026-10-01 14:39:57,875 step=48980 train=1.79928 val=None lr=6.11796e-05
2026-10-01 14:39:58,964 step=48990 train=1.69889 val=None lr=6.11354e-05
2026-10-01 14:40:00,830 step=49000 train=1.62046 val=1.7005429923534394 lr=6.10911e-05
2026-10-01 14:40:03,124 step=49010 train=1.83624 val=None lr=6.10469e-05
2026-10-01 14:40:04,539 step=49020 train=1.81239 val=None lr=6.10028e-05
2026-10-01 14:40:05,626 step=49030 train=1.88379 val=None lr=6.09586e-05
2026-10-01 14:40:06,785 step=49040 train=1.59563 val=None lr=6.09145e-05
2026-10-01 14:40:08,002 step=49050 train=1.67591 val=None lr=6.08705e-05
2026-10-01 14:40:09,266 step=49060 train=1.44425 val=None lr=6.08264e-05
2026-10-01 14:40:10,381 step=49070 train=1.75277 val=None lr=6.07824e-05
2026-10-01 14:40:11,551 step=49080 train=1.78639 val=None lr=6.07384e-05
2026-10-01 14:40:12,693 step=49090 train=1.47494 val=None lr=6.06944e-05
2026-10-01 14:40:14,433 step=49100 train=1.97217 val=1.7024407923221587 lr=6.06505e-05
2026-10-01 14:40:15,638 step=49110 train=1.98526 val=None lr=6.06065e-05
2026-10-01 14:40:16,814 step=49120 train=1.84580 val=None lr=6.05626e-05
2026-10-01 14:40:17,940 step=49130 train=1.49960 val=None lr=6.05188e-05
2026-10-01 14:40:19,133 step=49140 train=1.84370 val=None lr=6.04749e-05
2026-10-01 14:40:20,253 step=49150 train=1.72788 val=None lr=6.04311e-05
2026-10-01 14:40:21,363 step=49160 train=1.60120 val=None lr=6.03874e-05
2026-10-01 14:40:22,593 step=49170 train=2.01307 val=None lr=6.03436e-05
2026-10-01 14:40:24,070 step=49180 train=1.66436 val=None lr=6.02999e-05
2026-10-01 14:40:25,300 step=49190 train=1.70433 val=None lr=6.02562e-05
2026-10-01 14:40:27,031 step=49200 train=1.73797 val=1.7013794779777527 lr=6.02125e-05
2026-10-01 14:40:28,200 step=49210 train=1.72753 val=None lr=6.01689e-05
2026-10-01 14:40:29,429 step=49220 train=2.21820 val=None lr=6.01253e-05
2026-10-01 14:40:30,566 step=49230 train=1.60566 val=None lr=6.00817e-05
2026-10-01 14:40:31,718 step=49240 train=1.77821 val=None lr=6.00381e-05
2026-10-01 14:40:32,864 step=49250 train=1.47784 val=None lr=5.99946e-05
2026-10-01 14:40:34,096 step=49260 train=1.61614 val=None lr=5.99511e-05
2026-10-01 14:40:35,295 step=49270 train=1.68644 val=None lr=5.99076e-05
2026-10-01 14:40:36,424 step=49280 train=1.73456 val=None lr=5.98641e-05
2026-10-01 14:40:37,708 step=49290 train=1.93355 val=None lr=5.98207e-05
2026-10-01 14:40:39,513 step=49300 train=1.59783 val=1.701577466726303 lr=5.97773e-05
2026-10-01 14:40:40,663 step=49310 train=1.58650 val=None lr=5.9734e-05
2026-10-01 14:40:41,903 step=49320 train=1.54535 val=None lr=5.96906e-05
2026-10-01 14:40:43,053 step=49330 train=1.53446 val=None lr=5.96473e-05
2026-10-01 14:40:44,244 step=49340 train=1.98964 val=None lr=5.9604e-05
2026-10-01 14:40:45,406 step=49350 train=1.73925 val=None lr=5.95608e-05
2026-10-01 14:40:46,573 step=49360 train=1.97227 val=None lr=5.95175e-05
2026-10-01 14:40:47,730 step=49370 train=1.62870 val=None lr=5.94743e-05
2026-10-01 14:40:49,153 step=49380 train=1.70198 val=None lr=5.94312e-05
2026-10-01 14:40:50,386 step=49390 train=2.04991 val=None lr=5.9388e-05
2026-10-01 14:40:52,069 step=49400 train=1.72276 val=1.7019384503364563 lr=5.93449e-05
2026-10-01 14:40:53,350 step=49410 train=1.90109 val=None lr=5.93018e-05
2026-10-01 14:40:54,492 step=49420 train=1.82681 val=None lr=5.92588e-05
2026-10-01 14:40:55,731 step=49430 train=1.73996 val=None lr=5.92157e-05
2026-10-01 14:40:56,920 step=49440 train=1.60759 val=None lr=5.91727e-05
2026-10-01 14:40:58,104 step=49450 train=1.64422 val=None lr=5.91297e-05
2026-10-01 14:40:59,644 step=49460 train=1.79763 val=None lr=5.90868e-05
2026-10-01 14:41:00,917 step=49470 train=1.79627 val=None lr=5.90439e-05
2026-10-01 14:41:02,139 step=49480 train=1.55588 val=None lr=5.9001e-05
2026-10-01 14:41:03,430 step=49490 train=1.81539 val=None lr=5.89581e-05
2026-10-01 14:41:05,861 step=49500 train=1.74278 val=1.6984325051307678 lr=5.89153e-05
2026-10-01 14:41:08,030 step=49510 train=1.68270 val=None lr=5.88725e-05
2026-10-01 14:41:09,198 step=49520 train=1.83953 val=None lr=5.88297e-05
2026-10-01 14:41:10,318 step=49530 train=1.68564 val=None lr=5.87869e-05
2026-10-01 14:41:11,438 step=49540 train=1.60452 val=None lr=5.87442e-05
2026-10-01 14:41:12,514 step=49550 train=1.56700 val=None lr=5.87015e-05
2026-10-01 14:41:13,562 step=49560 train=1.82698 val=None lr=5.86588e-05
2026-10-01 14:41:14,893 step=49570 train=1.84338 val=None lr=5.86162e-05
2026-10-01 14:41:16,123 step=49580 train=1.94135 val=None lr=5.85736e-05
2026-10-01 14:41:17,352 step=49590 train=1.53713 val=None lr=5.8531e-05
2026-10-01 14:41:19,361 step=49600 train=1.57993 val=1.7004587590694427 lr=5.84884e-05
2026-10-01 14:41:20,502 step=49610 train=1.78156 val=None lr=5.84459e-05
2026-10-01 14:41:21,719 step=49620 train=1.86800 val=None lr=5.84034e-05
2026-10-01 14:41:22,964 step=49630 train=1.56652 val=None lr=5.83609e-05
2026-10-01 14:41:24,163 step=49640 train=1.73871 val=None lr=5.83185e-05
2026-10-01 14:41:25,329 step=49650 train=1.74666 val=None lr=5.8276e-05
2026-10-01 14:41:26,606 step=49660 train=1.83125 val=None lr=5.82337e-05
2026-10-01 14:41:27,747 step=49670 train=1.57313 val=None lr=5.81913e-05
2026-10-01 14:41:29,047 step=49680 train=1.61167 val=None lr=5.8149e-05
2026-10-01 14:41:30,222 step=49690 train=1.90819 val=None lr=5.81067e-05
2026-10-01 14:41:32,715 step=49700 train=1.74181 val=1.6984198093414307 lr=5.80644e-05
2026-10-01 14:41:33,973 step=49710 train=1.55904 val=None lr=5.80221e-05
2026-10-01 14:41:35,177 step=49720 train=1.77602 val=None lr=5.79799e-05
2026-10-01 14:41:36,356 step=49730 train=1.64421 val=None lr=5.79377e-05
2026-10-01 14:41:37,545 step=49740 train=1.75504 val=None lr=5.78955e-05
2026-10-01 14:41:38,715 step=49750 train=1.46143 val=None lr=5.78534e-05
2026-10-01 14:41:39,924 step=49760 train=1.59652 val=None lr=5.78113e-05
2026-10-01 14:41:41,095 step=49770 train=1.78209 val=None lr=5.77692e-05
2026-10-01 14:41:42,376 step=49780 train=1.67366 val=None lr=5.77272e-05
2026-10-01 14:41:43,570 step=49790 train=1.61470 val=None lr=5.76851e-05
2026-10-01 14:41:45,661 step=49800 train=1.83459 val=1.700219053030014 lr=5.76431e-05
2026-10-01 14:41:46,910 step=49810 train=1.64342 val=None lr=5.76012e-05
2026-10-01 14:41:48,220 step=49820 train=1.68852 val=None lr=5.75592e-05
2026-10-01 14:41:49,424 step=49830 train=1.78971 val=None lr=5.75173e-05
2026-10-01 14:41:50,699 step=49840 train=1.92276 val=None lr=5.74754e-05
2026-10-01 14:41:51,900 step=49850 train=1.58548 val=None lr=5.74336e-05
2026-10-01 14:41:53,050 step=49860 train=1.73592 val=None lr=5.73918e-05
2026-10-01 14:41:54,208 step=49870 train=1.74269 val=None lr=5.735e-05
2026-10-01 14:41:55,574 step=49880 train=1.73151 val=None lr=5.73082e-05
2026-10-01 14:41:56,806 step=49890 train=1.58378 val=None lr=5.72664e-05
2026-10-01 14:41:58,773 step=49900 train=1.75339 val=1.6999725997447968 lr=5.72247e-05
2026-10-01 14:42:00,000 step=49910 train=1.72948 val=None lr=5.7183e-05
2026-10-01 14:42:01,156 step=49920 train=1.82103 val=None lr=5.71414e-05
2026-10-01 14:42:02,399 step=49930 train=1.50298 val=None lr=5.70998e-05
2026-10-01 14:42:03,676 step=49940 train=2.04447 val=None lr=5.70582e-05
2026-10-01 14:42:04,949 step=49950 train=1.62756 val=None lr=5.70166e-05
2026-10-01 14:42:06,210 step=49960 train=1.51181 val=None lr=5.6975e-05
2026-10-01 14:42:07,312 step=49970 train=1.65578 val=None lr=5.69335e-05
2026-10-01 14:42:08,531 step=49980 train=1.76847 val=None lr=5.6892e-05
2026-10-01 14:42:09,888 step=49990 train=1.63740 val=None lr=5.68506e-05
2026-10-01 14:42:12,402 step=50000 train=1.71696 val=1.6976903975009918 lr=5.68092e-05
2026-10-01 14:42:14,935 step=50010 train=1.90422 val=None lr=5.67678e-05
2026-10-01 14:42:16,155 step=50020 train=1.98610 val=None lr=5.67264e-05
2026-10-01 14:42:17,359 step=50030 train=1.70049 val=None lr=5.6685e-05
2026-10-01 14:42:18,544 step=50040 train=1.93881 val=None lr=5.66437e-05
2026-10-01 14:42:19,778 step=50050 train=1.78142 val=None lr=5.66024e-05
2026-10-01 14:42:20,895 step=50060 train=1.72619 val=None lr=5.65612e-05
2026-10-01 14:42:22,077 step=50070 train=1.75845 val=None lr=5.652e-05
2026-10-01 14:42:23,329 step=50080 train=1.71440 val=None lr=5.64788e-05
2026-10-01 14:42:24,573 step=50090 train=1.76516 val=None lr=5.64376e-05
2026-10-01 14:42:26,558 step=50100 train=1.68128 val=1.6981978476047517 lr=5.63964e-05
2026-10-01 14:42:27,901 step=50110 train=1.56916 val=None lr=5.63553e-05
2026-10-01 14:42:29,173 step=50120 train=1.71178 val=None lr=5.63142e-05
2026-10-01 14:42:30,374 step=50130 train=1.88918 val=None lr=5.62732e-05
2026-10-01 14:42:31,512 step=50140 train=1.63395 val=None lr=5.62321e-05
2026-10-01 14:42:32,700 step=50150 train=1.82939 val=None lr=5.61911e-05
2026-10-01 14:42:33,958 step=50160 train=1.76886 val=None lr=5.61502e-05
2026-10-01 14:42:35,212 step=50170 train=1.89055 val=None lr=5.61092e-05
2026-10-01 14:42:36,451 step=50180 train=1.92223 val=None lr=5.60683e-05
2026-10-01 14:42:37,755 step=50190 train=1.61094 val=None lr=5.60274e-05
2026-10-01 14:42:39,814 step=50200 train=1.77472 val=1.6988268971443177 lr=5.59866e-05
2026-10-01 14:42:41,035 step=50210 train=1.75333 val=None lr=5.59457e-05
2026-10-01 14:42:42,275 step=50220 train=1.53690 val=None lr=5.59049e-05
2026-10-01 14:42:43,473 step=50230 train=1.61610 val=None lr=5.58642e-05
2026-10-01 14:42:44,655 step=50240 train=1.65558 val=None lr=5.58234e-05
2026-10-01 14:42:45,793 step=50250 train=1.71803 val=None lr=5.57827e-05
2026-10-01 14:42:46,963 step=50260 train=1.61197 val=None lr=5.5742e-05
2026-10-01 14:42:48,104 step=50270 train=1.73015 val=None lr=5.57014e-05
2026-10-01 14:42:49,504 step=50280 train=1.78769 val=None lr=5.56607e-05
2026-10-01 14:42:50,764 step=50290 train=1.76846 val=None lr=5.56201e-05
2026-10-01 14:42:52,705 step=50300 train=1.68520 val=1.698949581384659 lr=5.55796e-05
2026-10-01 14:42:53,921 step=50310 train=1.94078 val=None lr=5.5539e-05
2026-10-01 14:42:55,191 step=50320 train=1.70381 val=None lr=5.54985e-05
2026-10-01 14:42:56,394 step=50330 train=1.89309 val=None lr=5.5458e-05
2026-10-01 14:42:57,565 step=50340 train=2.00053 val=None lr=5.54176e-05
2026-10-01 14:42:58,776 step=50350 train=1.59924 val=None lr=5.53771e-05
2026-10-01 14:42:59,993 step=50360 train=1.83931 val=None lr=5.53367e-05
2026-10-01 14:43:01,186 step=50370 train=1.58736 val=None lr=5.52964e-05
2026-10-01 14:43:02,436 step=50380 train=1.90826 val=None lr=5.5256e-05
2026-10-01 14:43:03,683 step=50390 train=1.61704 val=None lr=5.52157e-05
2026-10-01 14:43:06,043 step=50400 train=1.65999 val=1.6971672594547271 lr=5.51754e-05
2026-10-01 14:43:07,208 step=50410 train=1.76467 val=None lr=5.51352e-05
2026-10-01 14:43:08,363 step=50420 train=1.75950 val=None lr=5.5095e-05
2026-10-01 14:43:09,609 step=50430 train=1.82688 val=None lr=5.50548e-05
2026-10-01 14:43:10,789 step=50440 train=1.59639 val=None lr=5.50146e-05
2026-10-01 14:43:12,046 step=50450 train=1.74193 val=None lr=5.49745e-05
2026-10-01 14:43:13,336 step=50460 train=2.01916 val=None lr=5.49344e-05
2026-10-01 14:43:14,762 step=50470 train=1.85171 val=None lr=5.48943e-05
2026-10-01 14:43:15,978 step=50480 train=1.94406 val=None lr=5.48542e-05
2026-10-01 14:43:17,325 step=50490 train=1.64684 val=None lr=5.48142e-05
2026-10-01 14:43:19,813 step=50500 train=1.82576 val=1.6958068311214447 lr=5.47742e-05
2026-10-01 14:43:21,955 step=50510 train=1.97893 val=None lr=5.47342e-05
2026-10-01 14:43:23,244 step=50520 train=1.80667 val=None lr=5.46943e-05
2026-10-01 14:43:24,586 step=50530 train=1.56033 val=None lr=5.46544e-05
2026-10-01 14:43:25,778 step=50540 train=1.93655 val=None lr=5.46145e-05
2026-10-01 14:43:27,142 step=50550 train=1.82937 val=None lr=5.45747e-05
2026-10-01 14:43:28,383 step=50560 train=1.59075 val=None lr=5.45349e-05
2026-10-01 14:43:29,605 step=50570 train=1.69782 val=None lr=5.44951e-05
2026-10-01 14:43:30,818 step=50580 train=1.63235 val=None lr=5.44553e-05
2026-10-01 14:43:31,993 step=50590 train=1.72495 val=None lr=5.44156e-05
2026-10-01 14:43:34,124 step=50600 train=1.93544 val=1.697417825460434 lr=5.43759e-05
2026-10-01 14:43:35,419 step=50610 train=1.83083 val=None lr=5.43362e-05
2026-10-01 14:43:36,571 step=50620 train=2.10479 val=None lr=5.42966e-05
2026-10-01 14:43:37,663 step=50630 train=1.91284 val=None lr=5.42569e-05
2026-10-01 14:43:38,983 step=50640 train=1.78380 val=None lr=5.42174e-05
2026-10-01 14:43:40,192 step=50650 train=1.81945 val=None lr=5.41778e-05
2026-10-01 14:43:41,498 step=50660 train=1.80420 val=None lr=5.41383e-05
2026-10-01 14:43:42,950 step=50670 train=1.77905 val=None lr=5.40988e-05
2026-10-01 14:43:44,166 step=50680 train=1.43174 val=None lr=5.40593e-05
2026-10-01 14:43:45,471 step=50690 train=1.72064 val=None lr=5.40199e-05
2026-10-01 14:43:47,248 step=50700 train=1.77725 val=1.6967206358909608 lr=5.39805e-05
2026-10-01 14:43:48,394 step=50710 train=1.90151 val=None lr=5.39411e-05
2026-10-01 14:43:49,751 step=50720 train=1.99763 val=None lr=5.39017e-05
2026-10-01 14:43:50,940 step=50730 train=1.60170 val=None lr=5.38624e-05
2026-10-01 14:43:52,098 step=50740 train=1.90938 val=None lr=5.38231e-05
2026-10-01 14:43:53,203 step=50750 train=1.65681 val=None lr=5.37838e-05
2026-10-01 14:43:54,435 step=50760 train=1.57605 val=None lr=5.37446e-05
2026-10-01 14:43:55,640 step=50770 train=1.69597 val=None lr=5.37054e-05
2026-10-01 14:43:56,828 step=50780 train=1.84448 val=None lr=5.36662e-05
2026-10-01 14:43:58,029 step=50790 train=1.50656 val=None lr=5.36271e-05
2026-10-01 14:43:59,819 step=50800 train=1.74958 val=1.696575391292572 lr=5.35879e-05
2026-10-01 14:44:01,006 step=50810 train=1.88799 val=None lr=5.35489e-05
2026-10-01 14:44:02,162 step=50820 train=1.94894 val=None lr=5.35098e-05
2026-10-01 14:44:03,281 step=50830 train=1.55103 val=None lr=5.34708e-05
2026-10-01 14:44:04,341 step=50840 train=1.82304 val=None lr=5.34318e-05
2026-10-01 14:44:05,638 step=50850 train=1.80325 val=None lr=5.33928e-05
2026-10-01 14:44:07,209 step=50860 train=1.58562 val=None lr=5.33539e-05
2026-10-01 14:44:08,412 step=50870 train=1.94672 val=None lr=5.33149e-05
2026-10-01 14:44:09,586 step=50880 train=1.93716 val=None lr=5.32761e-05
2026-10-01 14:44:10,816 step=50890 train=1.54219 val=None lr=5.32372e-05
2026-10-01 14:44:12,619 step=50900 train=1.86793 val=1.6980160355567933 lr=5.31984e-05
2026-10-01 14:44:13,833 step=50910 train=1.69680 val=None lr=5.31596e-05
2026-10-01 14:44:15,037 step=50920 train=1.50020 val=None lr=5.31208e-05
2026-10-01 14:44:16,209 step=50930 train=1.75890 val=None lr=5.30821e-05
2026-10-01 14:44:17,335 step=50940 train=2.12972 val=None lr=5.30434e-05
2026-10-01 14:44:18,398 step=50950 train=1.58670 val=None lr=5.30047e-05
2026-10-01 14:44:19,487 step=50960 train=1.77335 val=None lr=5.2966e-05
2026-10-01 14:44:20,698 step=50970 train=1.74124 val=None lr=5.29274e-05
2026-10-01 14:44:21,863 step=50980 train=1.62609 val=None lr=5.28888e-05
2026-10-01 14:44:22,968 step=50990 train=1.67474 val=None lr=5.28503e-05
2026-10-01 14:44:24,744 step=51000 train=1.59360 val=1.6973272502422332 lr=5.28117e-05
2026-10-01 14:44:27,002 step=51010 train=1.68026 val=None lr=5.27732e-05
2026-10-01 14:44:28,393 step=51020 train=1.77029 val=None lr=5.27348e-05
2026-10-01 14:44:29,595 step=51030 train=1.74503 val=None lr=5.26963e-05
2026-10-01 14:44:30,814 step=51040 train=1.91977 val=None lr=5.26579e-05
2026-10-01 14:44:32,092 step=51050 train=1.76773 val=None lr=5.26195e-05
2026-10-01 14:44:33,169 step=51060 train=1.71992 val=None lr=5.25812e-05
2026-10-01 14:44:34,408 step=51070 train=1.94011 val=None lr=5.25429e-05
2026-10-01 14:44:35,994 step=51080 train=1.72694 val=None lr=5.25046e-05
2026-10-01 14:44:37,214 step=51090 train=1.67500 val=None lr=5.24663e-05
2026-10-01 14:44:39,400 step=51100 train=1.69292 val=1.6945433914661407 lr=5.24281e-05
2026-10-01 14:44:40,664 step=51110 train=1.71592 val=None lr=5.23899e-05
2026-10-01 14:44:41,929 step=51120 train=1.51880 val=None lr=5.23517e-05
2026-10-01 14:44:43,156 step=51130 train=1.55357 val=None lr=5.23135e-05
2026-10-01 14:44:44,301 step=51140 train=1.79855 val=None lr=5.22754e-05
2026-10-01 14:44:45,670 step=51150 train=1.68666 val=None lr=5.22373e-05
2026-10-01 14:44:46,976 step=51160 train=1.73508 val=None lr=5.21993e-05
2026-10-01 14:44:48,066 step=51170 train=1.66611 val=None lr=5.21613e-05
2026-10-01 14:44:49,421 step=51180 train=1.69899 val=None lr=5.21233e-05
2026-10-01 14:44:50,664 step=51190 train=1.66824 val=None lr=5.20853e-05
2026-10-01 14:44:52,468 step=51200 train=1.65085 val=1.694768136739731 lr=5.20474e-05
2026-10-01 14:44:53,905 step=51210 train=1.80055 val=None lr=5.20094e-05
2026-10-01 14:44:55,286 step=51220 train=1.86303 val=None lr=5.19716e-05
2026-10-01 14:44:56,563 step=51230 train=1.87391 val=None lr=5.19337e-05
2026-10-01 14:44:57,908 step=51240 train=1.79333 val=None lr=5.18959e-05
2026-10-01 14:44:59,188 step=51250 train=1.70981 val=None lr=5.18581e-05
2026-10-01 14:45:00,513 step=51260 train=1.73902 val=None lr=5.18203e-05
2026-10-01 14:45:01,707 step=51270 train=1.79064 val=None lr=5.17826e-05
2026-10-01 14:45:03,069 step=51280 train=1.65630 val=None lr=5.17449e-05
2026-10-01 14:45:04,323 step=51290 train=1.96036 val=None lr=5.17072e-05
2026-10-01 14:45:06,604 step=51300 train=1.75333 val=1.692810708284378 lr=5.16696e-05
2026-10-01 14:45:07,944 step=51310 train=1.71436 val=None lr=5.1632e-05
2026-10-01 14:45:09,130 step=51320 train=1.85690 val=None lr=5.15944e-05
2026-10-01 14:45:10,232 step=51330 train=1.59517 val=None lr=5.15569e-05
2026-10-01 14:45:11,327 step=51340 train=1.94873 val=None lr=5.15193e-05
2026-10-01 14:45:12,541 step=51350 train=1.92686 val=None lr=5.14818e-05
2026-10-01 14:45:13,762 step=51360 train=1.85555 val=None lr=5.14444e-05
2026-10-01 14:45:15,276 step=51370 train=1.75156 val=None lr=5.1407e-05
2026-10-01 14:45:16,489 step=51380 train=1.75935 val=None lr=5.13696e-05
2026-10-01 14:45:17,646 step=51390 train=1.61804 val=None lr=5.13322e-05
2026-10-01 14:45:19,907 step=51400 train=1.74903 val=1.6927017867565155 lr=5.12948e-05
2026-10-01 14:45:21,291 step=51410 train=1.73605 val=None lr=5.12575e-05
2026-10-01 14:45:22,414 step=51420 train=1.70498 val=None lr=5.12202e-05
2026-10-01 14:45:23,471 step=51430 train=1.69650 val=None lr=5.1183e-05
2026-10-01 14:45:24,601 step=51440 train=1.72367 val=None lr=5.11458e-05
2026-10-01 14:45:25,708 step=51450 train=1.51566 val=None lr=5.11086e-05
2026-10-01 14:45:27,082 step=51460 train=1.76410 val=None lr=5.10714e-05
2026-10-01 14:45:28,539 step=51470 train=2.00439 val=None lr=5.10343e-05
2026-10-01 14:45:29,721 step=51480 train=1.54863 val=None lr=5.09972e-05
2026-10-01 14:45:30,832 step=51490 train=1.79942 val=None lr=5.09601e-05
2026-10-01 14:45:32,569 step=51500 train=1.86425 val=1.6932265996932983 lr=5.09231e-05
2026-10-01 14:45:34,813 step=51510 train=1.55719 val=None lr=5.08861e-05
2026-10-01 14:45:36,132 step=51520 train=1.62608 val=None lr=5.08491e-05
2026-10-01 14:45:37,358 step=51530 train=1.88797 val=None lr=5.08121e-05
2026-10-01 14:45:38,607 step=51540 train=1.60244 val=None lr=5.07752e-05
2026-10-01 14:45:39,780 step=51550 train=1.61487 val=None lr=5.07383e-05
2026-10-01 14:45:41,126 step=51560 train=1.83642 val=None lr=5.07014e-05
2026-10-01 14:45:42,327 step=51570 train=1.71652 val=None lr=5.06646e-05
2026-10-01 14:45:43,498 step=51580 train=1.65911 val=None lr=5.06278e-05
2026-10-01 14:45:44,656 step=51590 train=1.65923 val=None lr=5.0591e-05
2026-10-01 14:45:46,532 step=51600 train=1.48854 val=1.6929389894008637 lr=5.05543e-05
2026-10-01 14:45:47,739 step=51610 train=1.61491 val=None lr=5.05176e-05
2026-10-01 14:45:48,850 step=51620 train=1.63801 val=None lr=5.04809e-05
2026-10-01 14:45:49,980 step=51630 train=1.80600 val=None lr=5.04443e-05
2026-10-01 14:45:51,314 step=51640 train=1.84908 val=None lr=5.04076e-05
2026-10-01 14:45:52,483 step=51650 train=1.76244 val=None lr=5.0371e-05
2026-10-01 14:45:53,673 step=51660 train=1.90204 val=None lr=5.03345e-05
2026-10-01 14:45:54,800 step=51670 train=1.79015 val=None lr=5.02979e-05
2026-10-01 14:45:55,956 step=51680 train=1.67635 val=None lr=5.02614e-05
2026-10-01 14:45:57,079 step=51690 train=1.58612 val=None lr=5.0225e-05
2026-10-01 14:45:58,935 step=51700 train=1.60346 val=1.6936068475246429 lr=5.01885e-05
2026-10-01 14:46:00,151 step=51710 train=1.80324 val=None lr=5.01521e-05
2026-10-01 14:46:01,406 step=51720 train=1.71429 val=None lr=5.01157e-05
2026-10-01 14:46:02,637 step=51730 train=1.67940 val=None lr=5.00794e-05
2026-10-01 14:46:04,079 step=51740 train=1.99091 val=None lr=5.00431e-05
2026-10-01 14:46:05,484 step=51750 train=1.96360 val=None lr=5.00068e-05
2026-10-01 14:46:06,937 step=51760 train=1.72120 val=None lr=4.99705e-05
2026-10-01 14:46:08,055 step=51770 train=1.66744 val=None lr=4.99343e-05
2026-10-01 14:46:09,487 step=51780 train=1.72747 val=None lr=4.98981e-05
2026-10-01 14:46:10,926 step=51790 train=1.89116 val=None lr=4.98619e-05
2026-10-01 14:46:12,814 step=51800 train=1.72735 val=1.6930489778518676 lr=4.98258e-05
2026-10-01 14:46:14,022 step=51810 train=1.55977 val=None lr=4.97897e-05
2026-10-01 14:46:15,170 step=51820 train=1.75515 val=None lr=4.97536e-05
2026-10-01 14:46:16,299 step=51830 train=1.81914 val=None lr=4.97176e-05
2026-10-01 14:46:17,472 step=51840 train=1.82105 val=None lr=4.96815e-05
2026-10-01 14:46:18,670 step=51850 train=1.67568 val=None lr=4.96456e-05
2026-10-01 14:46:19,937 step=51860 train=1.85367 val=None lr=4.96096e-05
2026-10-01 14:46:21,138 step=51870 train=1.46972 val=None lr=4.95737e-05
2026-10-01 14:46:22,269 step=51880 train=1.41588 val=None lr=4.95378e-05
2026-10-01 14:46:23,622 step=51890 train=2.00700 val=None lr=4.95019e-05
2026-10-01 14:46:25,983 step=51900 train=1.71530 val=1.6923765420913697 lr=4.94661e-05
2026-10-01 14:46:27,433 step=51910 train=1.77463 val=None lr=4.94303e-05
2026-10-01 14:46:28,918 step=51920 train=1.98500 val=None lr=4.93945e-05
2026-10-01 14:46:30,172 step=51930 train=1.70237 val=None lr=4.93588e-05
2026-10-01 14:46:31,674 step=51940 train=1.58239 val=None lr=4.93231e-05
2026-10-01 14:46:32,966 step=51950 train=1.81889 val=None lr=4.92874e-05
2026-10-01 14:46:34,252 step=51960 train=1.76664 val=None lr=4.92517e-05
2026-10-01 14:46:35,590 step=51970 train=1.64408 val=None lr=4.92161e-05
2026-10-01 14:46:36,910 step=51980 train=1.70074 val=None lr=4.91805e-05
2026-10-01 14:46:38,106 step=51990 train=1.69676 val=None lr=4.91449e-05
2026-10-01 14:46:40,547 step=52000 train=2.01616 val=1.6898495137691498 lr=4.91094e-05
2026-10-01 14:46:42,943 step=52010 train=1.97057 val=None lr=4.90739e-05
2026-10-01 14:46:44,186 step=52020 train=1.86328 val=None lr=4.90384e-05
2026-10-01 14:46:45,791 step=52030 train=1.91953 val=None lr=4.9003e-05
2026-10-01 14:46:46,945 step=52040 train=1.82868 val=None lr=4.89676e-05
2026-10-01 14:46:48,152 step=52050 train=1.63059 val=None lr=4.89322e-05
2026-10-01 14:46:49,281 step=52060 train=1.85573 val=None lr=4.88969e-05
2026-10-01 14:46:50,477 step=52070 train=1.93699 val=None lr=4.88616e-05
2026-10-01 14:46:51,673 step=52080 train=2.00926 val=None lr=4.88263e-05
2026-10-01 14:46:53,049 step=52090 train=1.81044 val=None lr=4.8791e-05
2026-10-01 14:46:54,845 step=52100 train=1.95229 val=1.6910119831562043 lr=4.87558e-05
2026-10-01 14:46:56,137 step=52110 train=1.49121 val=None lr=4.87206e-05
2026-10-01 14:46:57,326 step=52120 train=1.55212 val=None lr=4.86854e-05
2026-10-01 14:46:58,524 step=52130 train=1.81010 val=None lr=4.86503e-05
2026-10-01 14:46:59,818 step=52140 train=1.75543 val=None lr=4.86152e-05
2026-10-01 14:47:01,024 step=52150 train=1.67751 val=None lr=4.85801e-05
2026-10-01 14:47:02,364 step=52160 train=1.56285 val=None lr=4.85451e-05
2026-10-01 14:47:03,801 step=52170 train=1.71293 val=None lr=4.85101e-05
2026-10-01 14:47:05,043 step=52180 train=1.63502 val=None lr=4.84751e-05
2026-10-01 14:47:06,394 step=52190 train=1.67149 val=None lr=4.84401e-05
2026-10-01 14:47:08,707 step=52200 train=1.53287 val=1.6889529943466186 lr=4.84052e-05
2026-10-01 14:47:09,903 step=52210 train=1.57523 val=None lr=4.83703e-05
2026-10-01 14:47:11,116 step=52220 train=1.67147 val=None lr=4.83355e-05
2026-10-01 14:47:12,376 step=52230 train=1.50613 val=None lr=4.83007e-05
2026-10-01 14:47:13,653 step=52240 train=1.75881 val=None lr=4.82659e-05
2026-10-01 14:47:14,871 step=52250 train=1.91479 val=None lr=4.82311e-05
2026-10-01 14:47:16,262 step=52260 train=1.81627 val=None lr=4.81964e-05
2026-10-01 14:47:17,690 step=52270 train=1.72691 val=None lr=4.81617e-05
2026-10-01 14:47:19,135 step=52280 train=1.94960 val=None lr=4.8127e-05
2026-10-01 14:47:20,407 step=52290 train=1.58468 val=None lr=4.80923e-05
2026-10-01 14:47:22,858 step=52300 train=1.51564 val=1.6881705582141877 lr=4.80577e-05
2026-10-01 14:47:24,203 step=52310 train=1.66988 val=None lr=4.80231e-05
2026-10-01 14:47:25,484 step=52320 train=1.59401 val=None lr=4.79886e-05
2026-10-01 14:47:26,845 step=52330 train=1.62832 val=None lr=4.79541e-05
2026-10-01 14:47:28,427 step=52340 train=1.80949 val=None lr=4.79196e-05
2026-10-01 14:47:29,924 step=52350 train=1.63345 val=None lr=4.78851e-05
2026-10-01 14:47:31,168 step=52360 train=1.91289 val=None lr=4.78507e-05
2026-10-01 14:47:32,469 step=52370 train=1.81935 val=None lr=4.78163e-05
2026-10-01 14:47:33,854 step=52380 train=1.78927 val=None lr=4.77819e-05
2026-10-01 14:47:35,039 step=52390 train=1.65817 val=None lr=4.77476e-05
2026-10-01 14:47:36,920 step=52400 train=1.85028 val=1.6887306690216064 lr=4.77133e-05
2026-10-01 14:47:38,132 step=52410 train=1.73926 val=None lr=4.7679e-05
2026-10-01 14:47:39,375 step=52420 train=1.62315 val=None lr=4.76448e-05
2026-10-01 14:47:40,637 step=52430 train=1.69767 val=None lr=4.76106e-05
2026-10-01 14:47:41,873 step=52440 train=1.74479 val=None lr=4.75764e-05
2026-10-01 14:47:43,249 step=52450 train=1.52542 val=None lr=4.75423e-05
2026-10-01 14:47:44,667 step=52460 train=1.65697 val=None lr=4.75081e-05
2026-10-01 14:47:45,922 step=52470 train=1.77571 val=None lr=4.74741e-05
2026-10-01 14:47:47,327 step=52480 train=1.55465 val=None lr=4.744e-05
2026-10-01 14:47:48,564 step=52490 train=1.77831 val=None lr=4.7406e-05
2026-10-01 14:47:50,507 step=52500 train=1.51743 val=1.6881898820400238 lr=4.7372e-05
2026-10-01 14:47:52,912 step=52510 train=1.61090 val=None lr=4.7338e-05
2026-10-01 14:47:54,303 step=52520 train=1.75384 val=None lr=4.73041e-05
2026-10-01 14:47:55,721 step=52530 train=1.89121 val=None lr=4.72702e-05
2026-10-01 14:47:56,888 step=52540 train=1.89308 val=None lr=4.72363e-05
2026-10-01 14:47:58,057 step=52550 train=1.54746 val=None lr=4.72025e-05
2026-10-01 14:47:59,300 step=52560 train=1.49388 val=None lr=4.71687e-05
2026-10-01 14:48:00,684 step=52570 train=1.71949 val=None lr=4.71349e-05
2026-10-01 14:48:02,093 step=52580 train=1.63243 val=None lr=4.71011e-05
2026-10-01 14:48:03,430 step=52590 train=1.63768 val=None lr=4.70674e-05
2026-10-01 14:48:05,823 step=52600 train=1.73350 val=1.6871460676193237 lr=4.70337e-05
2026-10-01 14:48:07,162 step=52610 train=1.74306 val=None lr=4.70001e-05
2026-10-01 14:48:08,803 step=52620 train=1.96822 val=None lr=4.69665e-05
2026-10-01 14:48:10,395 step=52630 train=1.92464 val=None lr=4.69329e-05
2026-10-01 14:48:11,711 step=52640 train=1.78215 val=None lr=4.68993e-05
2026-10-01 14:48:13,000 step=52650 train=1.86485 val=None lr=4.68658e-05
2026-10-01 14:48:14,209 step=52660 train=1.63883 val=None lr=4.68323e-05
2026-10-01 14:48:15,483 step=52670 train=1.88983 val=None lr=4.67988e-05
2026-10-01 14:48:16,713 step=52680 train=1.77005 val=None lr=4.67654e-05
2026-10-01 14:48:18,026 step=52690 train=1.81169 val=None lr=4.6732e-05
2026-10-01 14:48:20,126 step=52700 train=1.96262 val=1.6882712185382842 lr=4.66986e-05
2026-10-01 14:48:21,332 step=52710 train=1.69828 val=None lr=4.66653e-05
2026-10-01 14:48:22,789 step=52720 train=1.79690 val=None lr=4.66319e-05
2026-10-01 14:48:24,152 step=52730 train=1.66301 val=None lr=4.65987e-05
2026-10-01 14:48:25,371 step=52740 train=1.53272 val=None lr=4.65654e-05
2026-10-01 14:48:26,617 step=52750 train=1.74087 val=None lr=4.65322e-05
2026-10-01 14:48:28,061 step=52760 train=1.73313 val=None lr=4.6499e-05
2026-10-01 14:48:29,498 step=52770 train=1.61843 val=None lr=4.64659e-05
2026-10-01 14:48:30,867 step=52780 train=1.70936 val=None lr=4.64327e-05
2026-10-01 14:48:32,163 step=52790 train=1.84252 val=None lr=4.63996e-05
2026-10-01 14:48:34,671 step=52800 train=1.98215 val=1.6867653906345368 lr=4.63666e-05
2026-10-01 14:48:35,913 step=52810 train=2.02685 val=None lr=4.63335e-05
2026-10-01 14:48:37,539 step=52820 train=1.86608 val=None lr=4.63005e-05
2026-10-01 14:48:38,993 step=52830 train=1.74468 val=None lr=4.62676e-05
2026-10-01 14:48:40,183 step=52840 train=1.66867 val=None lr=4.62346e-05
2026-10-01 14:48:41,553 step=52850 train=1.69930 val=None lr=4.62017e-05
2026-10-01 14:48:42,813 step=52860 train=1.97414 val=None lr=4.61689e-05
2026-10-01 14:48:44,190 step=52870 train=1.81787 val=None lr=4.6136e-05
2026-10-01 14:48:45,351 step=52880 train=1.61134 val=None lr=4.61032e-05
2026-10-01 14:48:46,688 step=52890 train=1.76283 val=None lr=4.60704e-05
2026-10-01 14:48:49,532 step=52900 train=1.55259 val=1.6856423616409302 lr=4.60377e-05
2026-10-01 14:48:50,739 step=52910 train=1.80231 val=None lr=4.6005e-05
2026-10-01 14:48:52,129 step=52920 train=1.67631 val=None lr=4.59723e-05
2026-10-01 14:48:53,264 step=52930 train=2.01218 val=None lr=4.59396e-05
2026-10-01 14:48:54,478 step=52940 train=1.92022 val=None lr=4.5907e-05
2026-10-01 14:48:55,649 step=52950 train=1.58930 val=None lr=4.58744e-05
2026-10-01 14:48:56,714 step=52960 train=1.73087 val=None lr=4.58418e-05
2026-10-01 14:48:57,871 step=52970 train=1.77983 val=None lr=4.58093e-05
2026-10-01 14:48:58,991 step=52980 train=1.87950 val=None lr=4.57768e-05
2026-10-01 14:49:00,112 step=52990 train=1.62725 val=None lr=4.57443e-05
2026-10-01 14:49:02,668 step=53000 train=1.73512 val=1.6839737594127655 lr=4.57119e-05
2026-10-01 14:49:05,275 step=53010 train=1.49217 val=None lr=4.56795e-05
2026-10-01 14:49:06,451 step=53020 train=1.72568 val=None lr=4.56471e-05
2026-10-01 14:49:07,674 step=53030 train=1.58140 val=None lr=4.56148e-05
2026-10-01 14:49:08,878 step=53040 train=1.94952 val=None lr=4.55825e-05
2026-10-01 14:49:10,166 step=53050 train=1.98107 val=None lr=4.55502e-05
2026-10-01 14:49:11,493 step=53060 train=1.63544 val=None lr=4.55179e-05
2026-10-01 14:49:12,759 step=53070 train=1.47648 val=None lr=4.54857e-05
2026-10-01 14:49:13,860 step=53080 train=1.70406 val=None lr=4.54535e-05
2026-10-01 14:49:15,036 step=53090 train=1.78173 val=None lr=4.54214e-05
2026-10-01 14:49:16,827 step=53100 train=1.71101 val=1.6862571120262146 lr=4.53893e-05
2026-10-01 14:49:18,120 step=53110 train=1.76655 val=None lr=4.53572e-05
2026-10-01 14:49:19,347 step=53120 train=1.68031 val=None lr=4.53251e-05
2026-10-01 14:49:20,621 step=53130 train=1.79821 val=None lr=4.52931e-05
2026-10-01 14:49:22,026 step=53140 train=1.77902 val=None lr=4.52611e-05
2026-10-01 14:49:23,359 step=53150 train=1.60220 val=None lr=4.52291e-05
2026-10-01 14:49:24,732 step=53160 train=1.95822 val=None lr=4.51972e-05
2026-10-01 14:49:25,883 step=53170 train=1.89908 val=None lr=4.51653e-05
2026-10-01 14:49:27,055 step=53180 train=1.78623 val=None lr=4.51334e-05
2026-10-01 14:49:28,287 step=53190 train=1.77533 val=None lr=4.51016e-05
2026-10-01 14:49:30,342 step=53200 train=1.62700 val=1.6861509680747986 lr=4.50698e-05
2026-10-01 14:49:31,572 step=53210 train=1.85777 val=None lr=4.5038e-05
2026-10-01 14:49:32,777 step=53220 train=1.69724 val=None lr=4.50063e-05
2026-10-01 14:49:33,992 step=53230 train=1.76271 val=None lr=4.49745e-05
2026-10-01 14:49:35,443 step=53240 train=1.78743 val=None lr=4.49429e-05
2026-10-01 14:49:36,748 step=53250 train=1.75124 val=None lr=4.49112e-05
2026-10-01 14:49:37,871 step=53260 train=1.68987 val=None lr=4.48796e-05
2026-10-01 14:49:39,033 step=53270 train=1.82882 val=None lr=4.4848e-05
2026-10-01 14:49:40,275 step=53280 train=1.55082 val=None lr=4.48165e-05
2026-10-01 14:49:41,558 step=53290 train=1.81840 val=None lr=4.47849e-05
2026-10-01 14:49:43,405 step=53300 train=1.37495 val=1.6862879812717437 lr=4.47534e-05
2026-10-01 14:49:44,530 step=53310 train=1.63397 val=None lr=4.4722e-05
2026-10-01 14:49:45,789 step=53320 train=2.00042 val=None lr=4.46906e-05
2026-10-01 14:49:47,082 step=53330 train=2.05977 val=None lr=4.46592e-05
2026-10-01 14:49:48,564 step=53340 train=1.85022 val=None lr=4.46278e-05
2026-10-01 14:49:49,895 step=53350 train=1.90242 val=None lr=4.45965e-05
2026-10-01 14:49:51,084 step=53360 train=1.62709 val=None lr=4.45652e-05
2026-10-01 14:49:52,359 step=53370 train=1.71460 val=None lr=4.45339e-05
2026-10-01 14:49:53,675 step=53380 train=1.74757 val=None lr=4.45026e-05
2026-10-01 14:49:55,004 step=53390 train=1.67338 val=None lr=4.44714e-05
2026-10-01 14:49:56,729 step=53400 train=1.61838 val=1.6857627391815186 lr=4.44403e-05
2026-10-01 14:49:57,944 step=53410 train=1.51169 val=None lr=4.44091e-05
2026-10-01 14:49:59,260 step=53420 train=1.70208 val=None lr=4.4378e-05
2026-10-01 14:50:00,538 step=53430 train=1.54964 val=None lr=4.43469e-05
2026-10-01 14:50:01,963 step=53440 train=1.76167 val=None lr=4.43159e-05
2026-10-01 14:50:03,427 step=53450 train=1.52392 val=None lr=4.42849e-05
2026-10-01 14:50:04,614 step=53460 train=1.66223 val=None lr=4.42539e-05
2026-10-01 14:50:05,840 step=53470 train=1.62157 val=None lr=4.42229e-05
2026-10-01 14:50:07,308 step=53480 train=1.70915 val=None lr=4.4192e-05
2026-10-01 14:50:08,427 step=53490 train=1.70905 val=None lr=4.41611e-05
2026-10-01 14:50:10,270 step=53500 train=1.91240 val=1.685128527879715 lr=4.41303e-05
2026-10-01 14:50:12,608 step=53510 train=1.88692 val=None lr=4.40994e-05
2026-10-01 14:50:13,802 step=53520 train=1.54615 val=None lr=4.40687e-05
2026-10-01 14:50:15,274 step=53530 train=1.59630 val=None lr=4.40379e-05
2026-10-01 14:50:16,654 step=53540 train=1.58835 val=None lr=4.40072e-05
2026-10-01 14:50:17,833 step=53550 train=1.85444 val=None lr=4.39765e-05
2026-10-01 14:50:18,979 step=53560 train=1.58081 val=None lr=4.39458e-05
2026-10-01 14:50:20,134 step=53570 train=1.62343 val=None lr=4.39152e-05
2026-10-01 14:50:21,276 step=53580 train=1.54572 val=None lr=4.38846e-05
2026-10-01 14:50:22,398 step=53590 train=1.76037 val=None lr=4.3854e-05
2026-10-01 14:50:24,552 step=53600 train=1.51674 val=1.6846057593822479 lr=4.38235e-05
2026-10-01 14:50:25,653 step=53610 train=1.82768 val=None lr=4.37929e-05
2026-10-01 14:50:26,807 step=53620 train=1.76429 val=None lr=4.37625e-05
2026-10-01 14:50:28,168 step=53630 train=1.74740 val=None lr=4.3732e-05
2026-10-01 14:50:29,335 step=53640 train=1.76275 val=None lr=4.37016e-05
2026-10-01 14:50:30,552 step=53650 train=1.92172 val=None lr=4.36712e-05
2026-10-01 14:50:31,751 step=53660 train=1.81276 val=None lr=4.36409e-05
2026-10-01 14:50:33,020 step=53670 train=1.63009 val=None lr=4.36106e-05
2026-10-01 14:50:34,328 step=53680 train=1.78021 val=None lr=4.35803e-05
2026-10-01 14:50:35,587 step=53690 train=1.61865 val=None lr=4.355e-05
2026-10-01 14:50:37,940 step=53700 train=1.67271 val=1.6838295400142669 lr=4.35198e-05
2026-10-01 14:50:39,271 step=53710 train=1.75445 val=None lr=4.34896e-05
2026-10-01 14:50:40,439 step=53720 train=1.69839 val=None lr=4.34595e-05
2026-10-01 14:50:41,728 step=53730 train=1.63892 val=None lr=4.34294e-05
2026-10-01 14:50:43,029 step=53740 train=1.54798 val=None lr=4.33993e-05
2026-10-01 14:50:44,253 step=53750 train=1.66672 val=None lr=4.33692e-05
2026-10-01 14:50:45,493 step=53760 train=1.54558 val=None lr=4.33392e-05
2026-10-01 14:50:46,655 step=53770 train=1.65049 val=None lr=4.33092e-05
2026-10-01 14:50:47,894 step=53780 train=1.87284 val=None lr=4.32792e-05
2026-10-01 14:50:49,122 step=53790 train=1.77004 val=None lr=4.32493e-05
2026-10-01 14:50:51,426 step=53800 train=1.60835 val=1.6834067761898042 lr=4.32194e-05
2026-10-01 14:50:52,636 step=53810 train=1.62701 val=None lr=4.31895e-05
2026-10-01 14:50:53,841 step=53820 train=1.61498 val=None lr=4.31597e-05
2026-10-01 14:50:54,968 step=53830 train=1.76860 val=None lr=4.31299e-05
2026-10-01 14:50:56,119 step=53840 train=1.68517 val=None lr=4.31001e-05
2026-10-01 14:50:57,307 step=53850 train=1.74567 val=None lr=4.30704e-05
2026-10-01 14:50:58,438 step=53860 train=1.81185 val=None lr=4.30407e-05
2026-10-01 14:50:59,771 step=53870 train=1.48940 val=None lr=4.3011e-05
2026-10-01 14:51:00,946 step=53880 train=1.64347 val=None lr=4.29813e-05
2026-10-01 14:51:02,102 step=53890 train=1.67921 val=None lr=4.29517e-05
2026-10-01 14:51:04,069 step=53900 train=1.59216 val=1.6839040637016296 lr=4.29222e-05
2026-10-01 14:51:05,247 step=53910 train=1.76117 val=None lr=4.28926e-05
2026-10-01 14:51:06,528 step=53920 train=1.91122 val=None lr=4.28631e-05
2026-10-01 14:51:07,826 step=53930 train=2.06212 val=None lr=4.28336e-05
2026-10-01 14:51:09,014 step=53940 train=1.79447 val=None lr=4.28042e-05
2026-10-01 14:51:10,161 step=53950 train=1.73240 val=None lr=4.27747e-05
2026-10-01 14:51:11,437 step=53960 train=1.64225 val=None lr=4.27454e-05
2026-10-01 14:51:12,550 step=53970 train=1.96050 val=None lr=4.2716e-05
2026-10-01 14:51:13,668 step=53980 train=1.53230 val=None lr=4.26867e-05
2026-10-01 14:51:14,928 step=53990 train=1.62231 val=None lr=4.26574e-05
2026-10-01 14:51:17,340 step=54000 train=1.77613 val=1.6829152345657348 lr=4.26281e-05
2026-10-01 14:51:19,532 step=54010 train=1.70330 val=None lr=4.25989e-05
2026-10-01 14:51:20,857 step=54020 train=1.84587 val=None lr=4.25697e-05
2026-10-01 14:51:22,149 step=54030 train=1.76005 val=None lr=4.25406e-05
2026-10-01 14:51:23,312 step=54040 train=1.75005 val=None lr=4.25114e-05
2026-10-01 14:51:24,503 step=54050 train=1.75336 val=None lr=4.24823e-05
2026-10-01 14:51:25,703 step=54060 train=1.49891 val=None lr=4.24533e-05
2026-10-01 14:51:26,819 step=54070 train=1.75482 val=None lr=4.24242e-05
2026-10-01 14:51:28,077 step=54080 train=1.67202 val=None lr=4.23952e-05
2026-10-01 14:51:29,442 step=54090 train=1.46341 val=None lr=4.23663e-05
2026-10-01 14:51:31,304 step=54100 train=1.84130 val=1.683714109659195 lr=4.23373e-05
2026-10-01 14:51:32,448 step=54110 train=1.57844 val=None lr=4.23084e-05
2026-10-01 14:51:33,546 step=54120 train=1.73414 val=None lr=4.22796e-05
2026-10-01 14:51:34,790 step=54130 train=1.68784 val=None lr=4.22507e-05
2026-10-01 14:51:35,954 step=54140 train=1.79088 val=None lr=4.22219e-05
2026-10-01 14:51:37,014 step=54150 train=1.79317 val=None lr=4.21931e-05
2026-10-01 14:51:38,230 step=54160 train=1.73518 val=None lr=4.21644e-05
2026-10-01 14:51:39,445 step=54170 train=1.94653 val=None lr=4.21357e-05
2026-10-01 14:51:40,559 step=54180 train=1.61294 val=None lr=4.2107e-05
2026-10-01 14:51:41,718 step=54190 train=1.61448 val=None lr=4.20784e-05
2026-10-01 14:51:43,887 step=54200 train=1.65696 val=1.683249580860138 lr=4.20498e-05
2026-10-01 14:51:45,214 step=54210 train=2.18082 val=None lr=4.20212e-05
2026-10-01 14:51:46,603 step=54220 train=1.59758 val=None lr=4.19926e-05
2026-10-01 14:51:47,924 step=54230 train=1.84708 val=None lr=4.19641e-05
2026-10-01 14:51:49,212 step=54240 train=1.58979 val=None lr=4.19356e-05
2026-10-01 14:51:50,315 step=54250 train=1.77351 val=None lr=4.19072e-05
2026-10-01 14:51:51,458 step=54260 train=2.06882 val=None lr=4.18788e-05
2026-10-01 14:51:52,565 step=54270 train=1.60378 val=None lr=4.18504e-05
2026-10-01 14:51:53,712 step=54280 train=1.65199 val=None lr=4.1822e-05
2026-10-01 14:51:54,944 step=54290 train=1.73043 val=None lr=4.17937e-05
2026-10-01 14:51:56,624 step=54300 train=1.75613 val=1.683688336610794 lr=4.17654e-05
2026-10-01 14:51:57,736 step=54310 train=1.73555 val=None lr=4.17372e-05
2026-10-01 14:51:59,194 step=54320 train=1.70694 val=None lr=4.17089e-05
2026-10-01 14:52:00,451 step=54330 train=1.89854 val=None lr=4.16808e-05
2026-10-01 14:52:01,858 step=54340 train=2.02881 val=None lr=4.16526e-05
2026-10-01 14:52:03,050 step=54350 train=1.67502 val=None lr=4.16245e-05
2026-10-01 14:52:04,225 step=54360 train=1.80588 val=None lr=4.15964e-05
2026-10-01 14:52:05,501 step=54370 train=1.79285 val=None lr=4.15683e-05
2026-10-01 14:52:06,722 step=54380 train=1.87981 val=None lr=4.15403e-05
2026-10-01 14:52:07,919 step=54390 train=1.62484 val=None lr=4.15123e-05
2026-10-01 14:52:10,575 step=54400 train=1.66866 val=1.6827846050262452 lr=4.14843e-05
2026-10-01 14:52:11,821 step=54410 train=1.68832 val=None lr=4.14564e-05
2026-10-01 14:52:12,958 step=54420 train=1.85619 val=None lr=4.14285e-05
2026-10-01 14:52:14,142 step=54430 train=1.84606 val=None lr=4.14006e-05
2026-10-01 14:52:15,394 step=54440 train=1.54906 val=None lr=4.13728e-05
2026-10-01 14:52:16,479 step=54450 train=1.64600 val=None lr=4.1345e-05
2026-10-01 14:52:17,557 step=54460 train=1.55938 val=None lr=4.13172e-05
2026-10-01 14:52:18,666 step=54470 train=1.94679 val=None lr=4.12895e-05
2026-10-01 14:52:19,775 step=54480 train=1.73027 val=None lr=4.12618e-05
2026-10-01 14:52:20,965 step=54490 train=1.75260 val=None lr=4.12341e-05
2026-10-01 14:52:23,341 step=54500 train=2.15679 val=1.6824829995632171 lr=4.12065e-05
2026-10-01 14:52:25,478 step=54510 train=1.49573 val=None lr=4.11789e-05
2026-10-01 14:52:26,609 step=54520 train=2.09902 val=None lr=4.11513e-05
2026-10-01 14:52:27,712 step=54530 train=1.69026 val=None lr=4.11238e-05
2026-10-01 14:52:28,795 step=54540 train=1.60461 val=None lr=4.10963e-05
2026-10-01 14:52:29,945 step=54550 train=1.78352 val=None lr=4.10688e-05
2026-10-01 14:52:31,137 step=54560 train=1.72189 val=None lr=4.10413e-05
2026-10-01 14:52:32,254 step=54570 train=1.66928 val=None lr=4.10139e-05
2026-10-01 14:52:33,482 step=54580 train=1.67223 val=None lr=4.09865e-05
2026-10-01 14:52:34,943 step=54590 train=2.04314 val=None lr=4.09592e-05
2026-10-01 14:52:37,283 step=54600 train=1.66102 val=1.680370384454727 lr=4.09319e-05
2026-10-01 14:52:38,476 step=54610 train=1.60338 val=None lr=4.09046e-05
2026-10-01 14:52:39,782 step=54620 train=1.65833 val=None lr=4.08774e-05
2026-10-01 14:52:40,974 step=54630 train=1.51939 val=None lr=4.08501e-05
2026-10-01 14:52:42,207 step=54640 train=1.76691 val=None lr=4.0823e-05
2026-10-01 14:52:43,493 step=54650 train=1.75652 val=None lr=4.07958e-05
2026-10-01 14:52:44,715 step=54660 train=1.51523 val=None lr=4.07687e-05
2026-10-01 14:52:45,872 step=54670 train=1.65895 val=None lr=4.07416e-05
2026-10-01 14:52:46,968 step=54680 train=1.80291 val=None lr=4.07146e-05
2026-10-01 14:52:48,263 step=54690 train=1.62374 val=None lr=4.06875e-05
2026-10-01 14:52:50,277 step=54700 train=1.87041 val=1.6809899032115936 lr=4.06606e-05
2026-10-01 14:52:51,624 step=54710 train=1.60516 val=None lr=4.06336e-05
2026-10-01 14:52:52,816 step=54720 train=1.60294 val=None lr=4.06067e-05
2026-10-01 14:52:54,142 step=54730 train=1.68012 val=None lr=4.05798e-05
2026-10-01 14:52:55,368 step=54740 train=1.71367 val=None lr=4.05529e-05
2026-10-01 14:52:56,586 step=54750 train=1.77272 val=None lr=4.05261e-05
2026-10-01 14:52:57,961 step=54760 train=1.99454 val=None lr=4.04993e-05
2026-10-01 14:52:59,116 step=54770 train=1.83966 val=None lr=4.04726e-05
2026-10-01 14:53:00,543 step=54780 train=1.79688 val=None lr=4.04459e-05
2026-10-01 14:53:01,804 step=54790 train=1.96307 val=None lr=4.04192e-05
2026-10-01 14:53:03,576 step=54800 train=1.73190 val=1.6814366221427917 lr=4.03925e-05
2026-10-01 14:53:04,774 step=54810 train=1.60306 val=None lr=4.03659e-05
2026-10-01 14:53:05,938 step=54820 train=1.73682 val=None lr=4.03393e-05
2026-10-01 14:53:07,168 step=54830 train=1.56522 val=None lr=4.03127e-05
2026-10-01 14:53:08,420 step=54840 train=1.64102 val=None lr=4.02862e-05
2026-10-01 14:53:09,521 step=54850 train=1.54958 val=None lr=4.02597e-05
2026-10-01 14:53:10,738 step=54860 train=1.91273 val=None lr=4.02332e-05
2026-10-01 14:53:12,046 step=54870 train=1.63485 val=None lr=4.02068e-05
2026-10-01 14:53:13,166 step=54880 train=1.89609 val=None lr=4.01804e-05
2026-10-01 14:53:14,355 step=54890 train=1.71316 val=None lr=4.01541e-05
2026-10-01 14:53:16,181 step=54900 train=1.57171 val=1.6828177988529205 lr=4.01277e-05
2026-10-01 14:53:17,335 step=54910 train=1.84247 val=None lr=4.01014e-05
2026-10-01 14:53:18,436 step=54920 train=1.81250 val=None lr=4.00752e-05
2026-10-01 14:53:19,688 step=54930 train=1.53094 val=None lr=4.00489e-05
2026-10-01 14:53:21,059 step=54940 train=1.71220 val=None lr=4.00227e-05
2026-10-01 14:53:22,458 step=54950 train=1.61717 val=None lr=3.99966e-05
2026-10-01 14:53:23,631 step=54960 train=1.56479 val=None lr=3.99704e-05
2026-10-01 14:53:24,844 step=54970 train=1.99128 val=None lr=3.99443e-05
2026-10-01 14:53:25,982 step=54980 train=1.54781 val=None lr=3.99183e-05
2026-10-01 14:53:27,173 step=54990 train=1.91293 val=None lr=3.98922e-05
2026-10-01 14:53:29,239 step=55000 train=1.88934 val=1.6805414080619812 lr=3.98662e-05
2026-10-01 14:53:31,560 step=55010 train=1.58475 val=None lr=3.98403e-05
2026-10-01 14:53:32,764 step=55020 train=1.71593 val=None lr=3.98143e-05
2026-10-01 14:53:33,918 step=55030 train=1.70071 val=None lr=3.97884e-05
2026-10-01 14:53:35,046 step=55040 train=1.79446 val=None lr=3.97626e-05
2026-10-01 14:53:36,380 step=55050 train=1.57606 val=None lr=3.97367e-05
2026-10-01 14:53:37,742 step=55060 train=1.65429 val=None lr=3.97109e-05
2026-10-01 14:53:38,855 step=55070 train=1.73380 val=None lr=3.96852e-05
2026-10-01 14:53:40,003 step=55080 train=1.98652 val=None lr=3.96594e-05
2026-10-01 14:53:41,269 step=55090 train=1.86496 val=None lr=3.96337e-05
2026-10-01 14:53:43,231 step=55100 train=1.72373 val=1.6818258821964265 lr=3.9608e-05
2026-10-01 14:53:44,387 step=55110 train=1.73662 val=None lr=3.95824e-05
2026-10-01 14:53:45,587 step=55120 train=1.59839 val=None lr=3.95568e-05
2026-10-01 14:53:46,727 step=55130 train=1.70004 val=None lr=3.95312e-05
2026-10-01 14:53:47,812 step=55140 train=1.59554 val=None lr=3.95057e-05
2026-10-01 14:53:48,955 step=55150 train=1.64655 val=None lr=3.94802e-05
2026-10-01 14:53:50,041 step=55160 train=1.88231 val=None lr=3.94547e-05
2026-10-01 14:53:51,314 step=55170 train=1.78001 val=None lr=3.94293e-05
2026-10-01 14:53:52,665 step=55180 train=1.50698 val=None lr=3.94039e-05
2026-10-01 14:53:53,905 step=55190 train=1.86944 val=None lr=3.93785e-05
2026-10-01 14:53:55,849 step=55200 train=1.49754 val=1.6812997043132782 lr=3.93531e-05
2026-10-01 14:53:57,131 step=55210 train=1.59853 val=None lr=3.93278e-05
2026-10-01 14:53:58,423 step=55220 train=1.80082 val=None lr=3.93026e-05
2026-10-01 14:53:59,580 step=55230 train=1.80709 val=None lr=3.92773e-05
2026-10-01 14:54:00,870 step=55240 train=1.75222 val=None lr=3.92521e-05
2026-10-01 14:54:01,997 step=55250 train=1.56733 val=None lr=3.92269e-05
2026-10-01 14:54:03,047 step=55260 train=1.64800 val=None lr=3.92018e-05
2026-10-01 14:54:04,451 step=55270 train=1.77187 val=None lr=3.91767e-05
2026-10-01 14:54:05,686 step=55280 train=1.83639 val=None lr=3.91516e-05
2026-10-01 14:54:06,887 step=55290 train=1.61327 val=None lr=3.91266e-05
2026-10-01 14:54:09,360 step=55300 train=1.47659 val=1.6798549592494965 lr=3.91015e-05
2026-10-01 14:54:10,513 step=55310 train=1.90419 val=None lr=3.90766e-05
2026-10-01 14:54:11,701 step=55320 train=1.53786 val=None lr=3.90516e-05
2026-10-01 14:54:13,187 step=55330 train=1.73528 val=None lr=3.90267e-05
2026-10-01 14:54:14,546 step=55340 train=1.85180 val=None lr=3.90018e-05
2026-10-01 14:54:15,995 step=55350 train=1.51466 val=None lr=3.8977e-05
2026-10-01 14:54:17,174 step=55360 train=1.95891 val=None lr=3.89522e-05
2026-10-01 14:54:18,344 step=55370 train=1.72222 val=None lr=3.89274e-05
2026-10-01 14:54:19,516 step=55380 train=1.69077 val=None lr=3.89026e-05
2026-10-01 14:54:20,674 step=55390 train=1.73807 val=None lr=3.88779e-05
2026-10-01 14:54:22,950 step=55400 train=1.65097 val=1.679337841272354 lr=3.88533e-05
2026-10-01 14:54:24,219 step=55410 train=1.81521 val=None lr=3.88286e-05
2026-10-01 14:54:25,468 step=55420 train=1.56159 val=None lr=3.8804e-05
2026-10-01 14:54:26,560 step=55430 train=1.70455 val=None lr=3.87794e-05
2026-10-01 14:54:27,735 step=55440 train=1.87284 val=None lr=3.87549e-05
2026-10-01 14:54:28,997 step=55450 train=1.55811 val=None lr=3.87304e-05
2026-10-01 14:54:30,150 step=55460 train=1.66431 val=None lr=3.87059e-05
2026-10-01 14:54:31,396 step=55470 train=1.57319 val=None lr=3.86814e-05
2026-10-01 14:54:32,504 step=55480 train=1.70667 val=None lr=3.8657e-05
2026-10-01 14:54:33,802 step=55490 train=1.45469 val=None lr=3.86326e-05
2026-10-01 14:54:35,594 step=55500 train=1.50938 val=1.68085578083992 lr=3.86083e-05
2026-10-01 14:54:37,939 step=55510 train=1.84155 val=None lr=3.8584e-05
2026-10-01 14:54:39,053 step=55520 train=1.83463 val=None lr=3.85597e-05
2026-10-01 14:54:40,569 step=55530 train=1.62525 val=None lr=3.85355e-05
2026-10-01 14:54:41,669 step=55540 train=1.53892 val=None lr=3.85112e-05
2026-10-01 14:54:43,060 step=55550 train=1.81955 val=None lr=3.84871e-05
2026-10-01 14:54:44,170 step=55560 train=1.64574 val=None lr=3.84629e-05
2026-10-01 14:54:45,272 step=55570 train=1.81250 val=None lr=3.84388e-05
2026-10-01 14:54:46,362 step=55580 train=1.95954 val=None lr=3.84147e-05
2026-10-01 14:54:47,536 step=55590 train=1.39421 val=None lr=3.83907e-05
2026-10-01 14:54:49,252 step=55600 train=1.58750 val=1.6808751702308655 lr=3.83667e-05
2026-10-01 14:54:50,414 step=55610 train=1.52602 val=None lr=3.83427e-05
2026-10-01 14:54:51,594 step=55620 train=1.63159 val=None lr=3.83187e-05
2026-10-01 14:54:52,912 step=55630 train=1.88155 val=None lr=3.82948e-05
2026-10-01 14:54:54,377 step=55640 train=1.74316 val=None lr=3.82709e-05
2026-10-01 14:54:55,562 step=55650 train=1.67079 val=None lr=3.82471e-05
2026-10-01 14:54:56,855 step=55660 train=1.74298 val=None lr=3.82233e-05
2026-10-01 14:54:58,018 step=55670 train=1.82061 val=None lr=3.81995e-05
2026-10-01 14:54:59,387 step=55680 train=1.67393 val=None lr=3.81757e-05
2026-10-01 14:55:00,747 step=55690 train=1.64007 val=None lr=3.8152e-05
2026-10-01 14:55:02,581 step=55700 train=1.71655 val=1.681265079975128 lr=3.81283e-05
2026-10-01 14:55:03,748 step=55710 train=1.93436 val=None lr=3.81047e-05
2026-10-01 14:55:04,895 step=55720 train=1.73166 val=None lr=3.80811e-05
2026-10-01 14:55:06,094 step=55730 train=1.69967 val=None lr=3.80575e-05
2026-10-01 14:55:07,293 step=55740 train=1.68500 val=None lr=3.8034e-05
2026-10-01 14:55:08,529 step=55750 train=1.78809 val=None lr=3.80104e-05
2026-10-01 14:55:09,626 step=55760 train=1.36336 val=None lr=3.7987e-05
2026-10-01 14:55:10,919 step=55770 train=1.65653 val=None lr=3.79635e-05
2026-10-01 14:55:12,190 step=55780 train=2.03381 val=None lr=3.79401e-05
2026-10-01 14:55:13,359 step=55790 train=1.85543 val=None lr=3.79167e-05
2026-10-01 14:55:15,032 step=55800 train=1.68092 val=1.6806960642337798 lr=3.78934e-05
2026-10-01 14:55:16,205 step=55810 train=1.74630 val=None lr=3.78701e-05
2026-10-01 14:55:17,397 step=55820 train=1.66665 val=None lr=3.78468e-05
2026-10-01 14:55:18,577 step=55830 train=2.00269 val=None lr=3.78235e-05
2026-10-01 14:55:19,890 step=55840 train=1.57116 val=None lr=3.78003e-05
2026-10-01 14:55:21,106 step=55850 train=1.50732 val=None lr=3.77771e-05
2026-10-01 14:55:22,704 step=55860 train=1.46625 val=None lr=3.7754e-05
2026-10-01 14:55:23,927 step=55870 train=1.54916 val=None lr=3.77309e-05
2026-10-01 14:55:25,071 step=55880 train=1.88377 val=None lr=3.77078e-05
2026-10-01 14:55:26,291 step=55890 train=1.62981 val=None lr=3.76848e-05
2026-10-01 14:55:28,073 step=55900 train=1.73163 val=1.6797135591506958 lr=3.76617e-05
2026-10-01 14:55:29,182 step=55910 train=1.56043 val=None lr=3.76388e-05
2026-10-01 14:55:30,732 step=55920 train=1.83373 val=None lr=3.76158e-05
2026-10-01 14:55:31,989 step=55930 train=1.87867 val=None lr=3.75929e-05
2026-10-01 14:55:33,263 step=55940 train=1.58155 val=None lr=3.757e-05
2026-10-01 14:55:34,479 step=55950 train=1.65981 val=None lr=3.75472e-05
2026-10-01 14:55:35,689 step=55960 train=1.61492 val=None lr=3.75244e-05
2026-10-01 14:55:36,953 step=55970 train=2.01853 val=None lr=3.75016e-05
2026-10-01 14:55:38,285 step=55980 train=1.71550 val=None lr=3.74789e-05
2026-10-01 14:55:39,590 step=55990 train=1.73247 val=None lr=3.74561e-05
2026-10-01 14:55:41,736 step=56000 train=1.77424 val=1.6801649272441863 lr=3.74335e-05
2026-10-01 14:55:44,062 step=56010 train=1.41203 val=None lr=3.74108e-05
2026-10-01 14:55:45,379 step=56020 train=1.96507 val=None lr=3.73882e-05
2026-10-01 14:55:46,702 step=56030 train=1.81395 val=None lr=3.73656e-05
2026-10-01 14:55:48,015 step=56040 train=1.72471 val=None lr=3.73431e-05
2026-10-01 14:55:49,305 step=56050 train=1.76078 val=None lr=3.73206e-05
2026-10-01 14:55:50,574 step=56060 train=1.70748 val=None lr=3.72981e-05
2026-10-01 14:55:51,781 step=56070 train=1.82826 val=None lr=3.72757e-05
2026-10-01 14:55:52,984 step=56080 train=1.65779 val=None lr=3.72533e-05
2026-10-01 14:55:54,164 step=56090 train=1.71206 val=None lr=3.72309e-05
2026-10-01 14:55:56,468 step=56100 train=1.67558 val=1.679286652803421 lr=3.72085e-05
2026-10-01 14:55:57,665 step=56110 train=1.72090 val=None lr=3.71862e-05
2026-10-01 14:55:58,983 step=56120 train=1.80660 val=None lr=3.7164e-05
2026-10-01 14:56:00,157 step=56130 train=1.75250 val=None lr=3.71417e-05
2026-10-01 14:56:01,298 step=56140 train=1.64105 val=None lr=3.71195e-05
2026-10-01 14:56:02,466 step=56150 train=1.98476 val=None lr=3.70973e-05
2026-10-01 14:56:03,688 step=56160 train=1.66748 val=None lr=3.70752e-05
2026-10-01 14:56:04,960 step=56170 train=1.57282 val=None lr=3.70531e-05
2026-10-01 14:56:06,152 step=56180 train=1.84357 val=None lr=3.7031e-05
2026-10-01 14:56:07,311 step=56190 train=2.00391 val=None lr=3.7009e-05
2026-10-01 14:56:09,229 step=56200 train=1.62482 val=1.6807733714580535 lr=3.6987e-05
2026-10-01 14:56:10,308 step=56210 train=1.54250 val=None lr=3.6965e-05
2026-10-01 14:56:11,449 step=56220 train=1.77002 val=None lr=3.69431e-05
2026-10-01 14:56:12,606 step=56230 train=1.68058 val=None lr=3.69212e-05
2026-10-01 14:56:14,310 step=56240 train=1.62660 val=None lr=3.68993e-05
2026-10-01 14:56:15,487 step=56250 train=1.60069 val=None lr=3.68775e-05
2026-10-01 14:56:16,852 step=56260 train=1.89697 val=None lr=3.68557e-05
2026-10-01 14:56:18,049 step=56270 train=1.61012 val=None lr=3.68339e-05
2026-10-01 14:56:19,248 step=56280 train=1.67095 val=None lr=3.68122e-05
2026-10-01 14:56:20,537 step=56290 train=1.55975 val=None lr=3.67905e-05
2026-10-01 14:56:22,881 step=56300 train=1.93133 val=1.6791560888290404 lr=3.67688e-05
2026-10-01 14:56:24,187 step=56310 train=1.78720 val=None lr=3.67472e-05
2026-10-01 14:56:25,379 step=56320 train=1.92679 val=None lr=3.67256e-05
2026-10-01 14:56:26,726 step=56330 train=1.80250 val=None lr=3.6704e-05
2026-10-01 14:56:27,862 step=56340 train=1.56635 val=None lr=3.66825e-05
2026-10-01 14:56:29,100 step=56350 train=1.81839 val=None lr=3.6661e-05
2026-10-01 14:56:30,305 step=56360 train=1.68335 val=None lr=3.66395e-05
2026-10-01 14:56:31,476 step=56370 train=1.74565 val=None lr=3.66181e-05
2026-10-01 14:56:32,768 step=56380 train=1.81421 val=None lr=3.65967e-05
2026-10-01 14:56:34,305 step=56390 train=1.65686 val=None lr=3.65753e-05
2026-10-01 14:56:36,762 step=56400 train=1.62518 val=1.6784280359745025 lr=3.6554e-05
2026-10-01 14:56:38,034 step=56410 train=1.79040 val=None lr=3.65327e-05
2026-10-01 14:56:39,263 step=56420 train=1.54368 val=None lr=3.65114e-05
2026-10-01 14:56:40,408 step=56430 train=1.75503 val=None lr=3.64902e-05
2026-10-01 14:56:41,529 step=56440 train=1.81571 val=None lr=3.6469e-05
2026-10-01 14:56:42,985 step=56450 train=1.68607 val=None lr=3.64478e-05
2026-10-01 14:56:44,102 step=56460 train=1.59215 val=None lr=3.64267e-05
2026-10-01 14:56:45,314 step=56470 train=1.53367 val=None lr=3.64056e-05
2026-10-01 14:56:46,625 step=56480 train=1.79033 val=None lr=3.63846e-05
2026-10-01 14:56:47,792 step=56490 train=1.71117 val=None lr=3.63635e-05
2026-10-01 14:56:50,017 step=56500 train=1.86589 val=1.6779164671897888 lr=3.63425e-05
2026-10-01 14:56:52,173 step=56510 train=1.60960 val=None lr=3.63216e-05
2026-10-01 14:56:53,359 step=56520 train=1.58865 val=None lr=3.63007e-05
2026-10-01 14:56:54,646 step=56530 train=1.50758 val=None lr=3.62798e-05
2026-10-01 14:56:55,986 step=56540 train=1.59782 val=None lr=3.62589e-05
2026-10-01 14:56:57,354 step=56550 train=1.53991 val=None lr=3.62381e-05
2026-10-01 14:56:58,652 step=56560 train=1.62801 val=None lr=3.62173e-05
2026-10-01 14:56:59,868 step=56570 train=1.50038 val=None lr=3.61966e-05
2026-10-01 14:57:01,054 step=56580 train=1.98765 val=None lr=3.61758e-05
2026-10-01 14:57:02,233 step=56590 train=1.69395 val=None lr=3.61551e-05
2026-10-01 14:57:04,610 step=56600 train=1.88633 val=1.6766862869262695 lr=3.61345e-05
2026-10-01 14:57:05,786 step=56610 train=1.83016 val=None lr=3.61139e-05
2026-10-01 14:57:06,896 step=56620 train=1.63764 val=None lr=3.60933e-05
2026-10-01 14:57:08,090 step=56630 train=1.72883 val=None lr=3.60727e-05
2026-10-01 14:57:09,169 step=56640 train=1.73597 val=None lr=3.60522e-05
2026-10-01 14:57:10,363 step=56650 train=1.91837 val=None lr=3.60317e-05
2026-10-01 14:57:11,555 step=56660 train=1.69785 val=None lr=3.60113e-05
2026-10-01 14:57:12,661 step=56670 train=1.53660 val=None lr=3.59909e-05
2026-10-01 14:57:13,769 step=56680 train=1.79826 val=None lr=3.59705e-05
2026-10-01 14:57:14,872 step=56690 train=1.71356 val=None lr=3.59501e-05
2026-10-01 14:57:16,684 step=56700 train=1.85264 val=1.6768763601779937 lr=3.59298e-05
2026-10-01 14:57:17,757 step=56710 train=1.65106 val=None lr=3.59095e-05
2026-10-01 14:57:18,934 step=56720 train=1.57715 val=None lr=3.58893e-05
2026-10-01 14:57:20,122 step=56730 train=1.79391 val=None lr=3.58691e-05
2026-10-01 14:57:21,289 step=56740 train=2.03811 val=None lr=3.58489e-05
2026-10-01 14:57:22,752 step=56750 train=1.51471 val=None lr=3.58288e-05
2026-10-01 14:57:23,878 step=56760 train=1.87084 val=None lr=3.58087e-05
2026-10-01 14:57:25,025 step=56770 train=1.66661 val=None lr=3.57886e-05
2026-10-01 14:57:26,217 step=56780 train=1.79225 val=None lr=3.57685e-05
2026-10-01 14:57:27,390 step=56790 train=1.60977 val=None lr=3.57485e-05
2026-10-01 14:57:29,690 step=56800 train=1.63493 val=1.6759029865264892 lr=3.57286e-05
2026-10-01 14:57:31,098 step=56810 train=1.64650 val=None lr=3.57086e-05
2026-10-01 14:57:32,219 step=56820 train=1.90163 val=None lr=3.56887e-05
2026-10-01 14:57:33,490 step=56830 train=1.67185 val=None lr=3.56688e-05
2026-10-01 14:57:34,675 step=56840 train=1.56981 val=None lr=3.5649e-05
2026-10-01 14:57:35,914 step=56850 train=1.87665 val=None lr=3.56292e-05
2026-10-01 14:57:37,234 step=56860 train=1.99613 val=None lr=3.56094e-05
2026-10-01 14:57:38,632 step=56870 train=1.58620 val=None lr=3.55897e-05
2026-10-01 14:57:40,023 step=56880 train=1.94805 val=None lr=3.557e-05
2026-10-01 14:57:41,228 step=56890 train=1.74532 val=None lr=3.55503e-05
2026-10-01 14:57:43,781 step=56900 train=1.66249 val=1.675652527809143 lr=3.55307e-05
2026-10-01 14:57:45,123 step=56910 train=1.85362 val=None lr=3.55111e-05
2026-10-01 14:57:46,298 step=56920 train=1.58803 val=None lr=3.54915e-05
2026-10-01 14:57:47,379 step=56930 train=1.67953 val=None lr=3.5472e-05
2026-10-01 14:57:48,594 step=56940 train=1.63468 val=None lr=3.54525e-05
2026-10-01 14:57:49,657 step=56950 train=1.52158 val=None lr=3.5433e-05
2026-10-01 14:57:51,127 step=56960 train=1.79185 val=None lr=3.54136e-05
2026-10-01 14:57:52,296 step=56970 train=1.48982 val=None lr=3.53942e-05
2026-10-01 14:57:53,425 step=56980 train=1.82633 val=None lr=3.53749e-05
2026-10-01 14:57:54,851 step=56990 train=1.85731 val=None lr=3.53555e-05
2026-10-01 14:57:57,254 step=57000 train=1.79503 val=1.6750742852687837 lr=3.53362e-05
2026-10-01 14:58:00,048 step=57010 train=1.79324 val=None lr=3.5317e-05
2026-10-01 14:58:01,361 step=57020 train=1.61069 val=None lr=3.52977e-05
2026-10-01 14:58:02,705 step=57030 train=1.80188 val=None lr=3.52786e-05
2026-10-01 14:58:04,162 step=57040 train=1.80999 val=None lr=3.52594e-05
2026-10-01 14:58:05,714 step=57050 train=1.78974 val=None lr=3.52403e-05
2026-10-01 14:58:06,907 step=57060 train=1.59894 val=None lr=3.52212e-05
2026-10-01 14:58:08,308 step=57070 train=1.74619 val=None lr=3.52021e-05
2026-10-01 14:58:09,484 step=57080 train=1.68225 val=None lr=3.51831e-05
2026-10-01 14:58:10,937 step=57090 train=1.79330 val=None lr=3.51641e-05
2026-10-01 14:58:12,704 step=57100 train=1.74209 val=1.6752328097820282 lr=3.51452e-05
2026-10-01 14:58:13,886 step=57110 train=1.79352 val=None lr=3.51263e-05
2026-10-01 14:58:15,042 step=57120 train=1.58664 val=None lr=3.51074e-05
2026-10-01 14:58:16,169 step=57130 train=1.85794 val=None lr=3.50885e-05
2026-10-01 14:58:17,408 step=57140 train=1.54287 val=None lr=3.50697e-05
2026-10-01 14:58:18,630 step=57150 train=1.74333 val=None lr=3.50509e-05
2026-10-01 14:58:19,809 step=57160 train=1.96259 val=None lr=3.50322e-05
2026-10-01 14:58:21,127 step=57170 train=1.74803 val=None lr=3.50135e-05
2026-10-01 14:58:22,315 step=57180 train=1.82634 val=None lr=3.49948e-05
2026-10-01 14:58:23,504 step=57190 train=1.71106 val=None lr=3.49762e-05
2026-10-01 14:58:25,323 step=57200 train=1.67201 val=1.675757783651352 lr=3.49575e-05
2026-10-01 14:58:26,504 step=57210 train=1.82199 val=None lr=3.4939e-05
2026-10-01 14:58:27,871 step=57220 train=1.63531 val=None lr=3.49204e-05
2026-10-01 14:58:29,135 step=57230 train=1.97495 val=None lr=3.49019e-05
2026-10-01 14:58:30,332 step=57240 train=1.81478 val=None lr=3.48835e-05
2026-10-01 14:58:31,519 step=57250 train=1.88068 val=None lr=3.4865e-05
2026-10-01 14:58:32,824 step=57260 train=1.95073 val=None lr=3.48466e-05
2026-10-01 14:58:33,997 step=57270 train=1.85201 val=None lr=3.48282e-05
2026-10-01 14:58:35,223 step=57280 train=1.72547 val=None lr=3.48099e-05
2026-10-01 14:58:36,321 step=57290 train=1.54904 val=None lr=3.47916e-05
2026-10-01 14:58:38,024 step=57300 train=1.47153 val=1.6760017275810242 lr=3.47733e-05
2026-10-01 14:58:39,358 step=57310 train=1.55481 val=None lr=3.47551e-05
2026-10-01 14:58:40,714 step=57320 train=1.65379 val=None lr=3.47369e-05
2026-10-01 14:58:41,964 step=57330 train=1.93438 val=None lr=3.47187e-05
2026-10-01 14:58:43,188 step=57340 train=1.68125 val=None lr=3.47006e-05
2026-10-01 14:58:44,500 step=57350 train=1.61469 val=None lr=3.46825e-05
2026-10-01 14:58:45,770 step=57360 train=1.55079 val=None lr=3.46645e-05
2026-10-01 14:58:46,993 step=57370 train=1.78099 val=None lr=3.46464e-05
2026-10-01 14:58:48,177 step=57380 train=1.54534 val=None lr=3.46284e-05
2026-10-01 14:58:49,369 step=57390 train=1.53591 val=None lr=3.46105e-05
2026-10-01 14:58:51,189 step=57400 train=1.77046 val=1.6763801336288453 lr=3.45925e-05
2026-10-01 14:58:52,354 step=57410 train=1.65815 val=None lr=3.45747e-05
2026-10-01 14:58:53,486 step=57420 train=1.65955 val=None lr=3.45568e-05
2026-10-01 14:58:54,609 step=57430 train=1.43617 val=None lr=3.4539e-05
2026-10-01 14:58:55,752 step=57440 train=1.71021 val=None lr=3.45212e-05
2026-10-01 14:58:56,913 step=57450 train=1.56644 val=None lr=3.45034e-05
2026-10-01 14:58:58,104 step=57460 train=1.48631 val=None lr=3.44857e-05
2026-10-01 14:58:59,249 step=57470 train=1.47427 val=None lr=3.4468e-05
2026-10-01 14:59:00,438 step=57480 train=1.87368 val=None lr=3.44504e-05
2026-10-01 14:59:01,576 step=57490 train=1.59926 val=None lr=3.44328e-05
2026-10-01 14:59:03,379 step=57500 train=1.77349 val=1.6764890551567078 lr=3.44152e-05
2026-10-01 14:59:05,798 step=57510 train=1.69524 val=None lr=3.43976e-05
2026-10-01 14:59:07,074 step=57520 train=1.32177 val=None lr=3.43801e-05
2026-10-01 14:59:08,227 step=57530 train=1.47327 val=None lr=3.43627e-05
2026-10-01 14:59:09,441 step=57540 train=1.67920 val=None lr=3.43452e-05
2026-10-01 14:59:10,603 step=57550 train=2.05135 val=None lr=3.43278e-05
2026-10-01 14:59:11,947 step=57560 train=1.57019 val=None lr=3.43104e-05
2026-10-01 14:59:13,407 step=57570 train=1.94192 val=None lr=3.42931e-05
2026-10-01 14:59:14,727 step=57580 train=1.48548 val=None lr=3.42758e-05
2026-10-01 14:59:16,115 step=57590 train=1.61109 val=None lr=3.42585e-05
2026-10-01 14:59:18,257 step=57600 train=1.68035 val=1.6768486082553864 lr=3.42413e-05
2026-10-01 14:59:19,541 step=57610 train=1.83919 val=None lr=3.42241e-05
2026-10-01 14:59:20,772 step=57620 train=1.83175 val=None lr=3.42069e-05
2026-10-01 14:59:21,911 step=57630 train=1.68617 val=None lr=3.41898e-05
2026-10-01 14:59:23,141 step=57640 train=1.63704 val=None lr=3.41727e-05
2026-10-01 14:59:24,284 step=57650 train=1.64583 val=None lr=3.41556e-05
2026-10-01 14:59:25,435 step=57660 train=1.85377 val=None lr=3.41386e-05
2026-10-01 14:59:26,578 step=57670 train=1.82748 val=None lr=3.41216e-05
2026-10-01 14:59:27,747 step=57680 train=1.61849 val=None lr=3.41046e-05
2026-10-01 14:59:28,921 step=57690 train=1.69664 val=None lr=3.40877e-05
2026-10-01 14:59:30,927 step=57700 train=1.86813 val=1.6755398511886597 lr=3.40708e-05
2026-10-01 14:59:32,259 step=57710 train=1.84296 val=None lr=3.40539e-05
2026-10-01 14:59:33,392 step=57720 train=1.59322 val=None lr=3.40371e-05
2026-10-01 14:59:34,460 step=57730 train=1.89662 val=None lr=3.40203e-05
2026-10-01 14:59:35,689 step=57740 train=1.64228 val=None lr=3.40036e-05
2026-10-01 14:59:36,799 step=57750 train=1.65965 val=None lr=3.39868e-05
2026-10-01 14:59:38,089 step=57760 train=1.64508 val=None lr=3.39702e-05
2026-10-01 14:59:39,207 step=57770 train=1.85733 val=None lr=3.39535e-05
2026-10-01 14:59:40,484 step=57780 train=1.78134 val=None lr=3.39369e-05
2026-10-01 14:59:42,098 step=57790 train=1.80008 val=None lr=3.39203e-05
2026-10-01 14:59:43,887 step=57800 train=1.76023 val=1.6763206541538238 lr=3.39038e-05
2026-10-01 14:59:45,138 step=57810 train=1.66780 val=None lr=3.38872e-05
2026-10-01 14:59:46,614 step=57820 train=1.55193 val=None lr=3.38708e-05
2026-10-01 14:59:47,844 step=57830 train=1.65475 val=None lr=3.38543e-05
2026-10-01 14:59:49,176 step=57840 train=1.49063 val=None lr=3.38379e-05
2026-10-01 14:59:50,241 step=57850 train=1.80902 val=None lr=3.38215e-05
2026-10-01 14:59:51,390 step=57860 train=1.57748 val=None lr=3.38052e-05
2026-10-01 14:59:52,569 step=57870 train=1.47459 val=None lr=3.37889e-05
2026-10-01 14:59:53,753 step=57880 train=1.60679 val=None lr=3.37726e-05
2026-10-01 14:59:54,898 step=57890 train=1.48105 val=None lr=3.37564e-05
2026-10-01 14:59:56,721 step=57900 train=1.80132 val=1.6759103655815124 lr=3.37402e-05
2026-10-01 14:59:57,799 step=57910 train=1.58194 val=None lr=3.3724e-05
2026-10-01 14:59:58,904 step=57920 train=1.68909 val=None lr=3.37079e-05
2026-10-01 15:00:00,017 step=57930 train=1.74597 val=None lr=3.36918e-05
2026-10-01 15:00:01,308 step=57940 train=1.56842 val=None lr=3.36757e-05
2026-10-01 15:00:02,611 step=57950 train=1.59048 val=None lr=3.36597e-05
2026-10-01 15:00:03,789 step=57960 train=1.64464 val=None lr=3.36437e-05
2026-10-01 15:00:04,973 step=57970 train=1.66427 val=None lr=3.36277e-05
2026-10-01 15:00:06,327 step=57980 train=1.64183 val=None lr=3.36118e-05
2026-10-01 15:00:07,632 step=57990 train=1.88667 val=None lr=3.35959e-05
2026-10-01 15:00:09,527 step=58000 train=1.82581 val=1.6755058407783507 lr=3.358e-05
2026-10-01 15:00:11,914 step=58010 train=1.62899 val=None lr=3.35642e-05
2026-10-01 15:00:13,277 step=58020 train=1.70008 val=None lr=3.35484e-05
2026-10-01 15:00:14,551 step=58030 train=1.90309 val=None lr=3.35327e-05
2026-10-01 15:00:15,681 step=58040 train=1.84306 val=None lr=3.3517e-05
2026-10-01 15:00:16,852 step=58050 train=1.49079 val=None lr=3.35013e-05
2026-10-01 15:00:18,079 step=58060 train=1.80919 val=None lr=3.34856e-05
2026-10-01 15:00:19,313 step=58070 train=1.91101 val=None lr=3.347e-05
2026-10-01 15:00:20,455 step=58080 train=1.84289 val=None lr=3.34544e-05
2026-10-01 15:00:21,770 step=58090 train=1.82589 val=None lr=3.34389e-05
2026-10-01 15:00:24,432 step=58100 train=1.70900 val=1.6741778135299683 lr=3.34234e-05
2026-10-01 15:00:25,707 step=58110 train=1.57069 val=None lr=3.34079e-05
2026-10-01 15:00:26,947 step=58120 train=1.75250 val=None lr=3.33924e-05
2026-10-01 15:00:28,143 step=58130 train=1.80787 val=None lr=3.3377e-05
2026-10-01 15:00:29,396 step=58140 train=1.63511 val=None lr=3.33617e-05
2026-10-01 15:00:30,671 step=58150 train=1.85048 val=None lr=3.33463e-05
2026-10-01 15:00:32,160 step=58160 train=1.83289 val=None lr=3.3331e-05
2026-10-01 15:00:33,357 step=58170 train=1.80795 val=None lr=3.33157e-05
2026-10-01 15:00:34,500 step=58180 train=1.80585 val=None lr=3.33005e-05
2026-10-01 15:00:35,693 step=58190 train=1.76450 val=None lr=3.32853e-05
2026-10-01 15:00:38,116 step=58200 train=1.63212 val=1.673965871334076 lr=3.32701e-05
2026-10-01 15:00:39,316 step=58210 train=1.56351 val=None lr=3.3255e-05
2026-10-01 15:00:40,603 step=58220 train=1.67129 val=None lr=3.32399e-05
2026-10-01 15:00:41,865 step=58230 train=1.68499 val=None lr=3.32249e-05
2026-10-01 15:00:43,088 step=58240 train=1.75662 val=None lr=3.32098e-05
2026-10-01 15:00:44,292 step=58250 train=1.70457 val=None lr=3.31948e-05
2026-10-01 15:00:45,458 step=58260 train=1.69897 val=None lr=3.31799e-05
2026-10-01 15:00:46,837 step=58270 train=1.63483 val=None lr=3.3165e-05
2026-10-01 15:00:48,066 step=58280 train=1.61351 val=None lr=3.31501e-05
2026-10-01 15:00:49,166 step=58290 train=1.58840 val=None lr=3.31352e-05
2026-10-01 15:00:51,392 step=58300 train=1.77884 val=1.6727820992469788 lr=3.31204e-05
2026-10-01 15:00:52,598 step=58310 train=1.87685 val=None lr=3.31056e-05
2026-10-01 15:00:53,701 step=58320 train=1.71127 val=None lr=3.30909e-05
2026-10-01 15:00:54,873 step=58330 train=1.72137 val=None lr=3.30761e-05
2026-10-01 15:00:55,978 step=58340 train=1.78244 val=None lr=3.30615e-05
2026-10-01 15:00:57,145 step=58350 train=1.87691 val=None lr=3.30468e-05
2026-10-01 15:00:58,302 step=58360 train=1.85144 val=None lr=3.30322e-05
2026-10-01 15:00:59,482 step=58370 train=2.07305 val=None lr=3.30176e-05
2026-10-01 15:01:00,936 step=58380 train=1.59110 val=None lr=3.30031e-05
2026-10-01 15:01:02,137 step=58390 train=1.88712 val=None lr=3.29886e-05
2026-10-01 15:01:03,926 step=58400 train=1.47526 val=1.6740115642547608 lr=3.29741e-05
2026-10-01 15:01:05,053 step=58410 train=1.63151 val=None lr=3.29597e-05
2026-10-01 15:01:06,591 step=58420 train=1.73610 val=None lr=3.29453e-05
2026-10-01 15:01:07,920 step=58430 train=1.61259 val=None lr=3.29309e-05
2026-10-01 15:01:09,041 step=58440 train=1.68398 val=None lr=3.29166e-05
2026-10-01 15:01:10,309 step=58450 train=1.73892 val=None lr=3.29023e-05
2026-10-01 15:01:11,558 step=58460 train=2.00800 val=None lr=3.2888e-05
2026-10-01 15:01:12,873 step=58470 train=2.06114 val=None lr=3.28738e-05
2026-10-01 15:01:14,046 step=58480 train=1.72224 val=None lr=3.28596e-05
2026-10-01 15:01:15,310 step=58490 train=1.63374 val=None lr=3.28454e-05
2026-10-01 15:01:17,249 step=58500 train=1.93668 val=1.6736888945102693 lr=3.28313e-05
2026-10-01 15:01:19,722 step=58510 train=1.64945 val=None lr=3.28172e-05
2026-10-01 15:01:20,964 step=58520 train=1.79781 val=None lr=3.28032e-05
2026-10-01 15:01:22,239 step=58530 train=1.62385 val=None lr=3.27891e-05
2026-10-01 15:01:23,603 step=58540 train=1.93476 val=None lr=3.27752e-05
2026-10-01 15:01:25,042 step=58550 train=1.57144 val=None lr=3.27612e-05
2026-10-01 15:01:26,276 step=58560 train=1.72201 val=None lr=3.27473e-05
2026-10-01 15:01:27,493 step=58570 train=1.49998 val=None lr=3.27334e-05
2026-10-01 15:01:28,706 step=58580 train=1.69383 val=None lr=3.27196e-05
2026-10-01 15:01:29,857 step=58590 train=1.72398 val=None lr=3.27058e-05
2026-10-01 15:01:31,782 step=58600 train=1.75688 val=1.6739601016044616 lr=3.2692e-05
2026-10-01 15:01:32,877 step=58610 train=1.54264 val=None lr=3.26782e-05
2026-10-01 15:01:34,319 step=58620 train=1.63723 val=None lr=3.26645e-05
2026-10-01 15:01:35,502 step=58630 train=1.64835 val=None lr=3.26509e-05
2026-10-01 15:01:36,950 step=58640 train=1.69481 val=None lr=3.26372e-05
2026-10-01 15:01:38,233 step=58650 train=1.65776 val=None lr=3.26236e-05
2026-10-01 15:01:39,538 step=58660 train=1.62966 val=None lr=3.26101e-05
2026-10-01 15:01:40,728 step=58670 train=2.00431 val=None lr=3.25965e-05
2026-10-01 15:01:42,086 step=58680 train=1.80258 val=None lr=3.2583e-05
2026-10-01 15:01:43,364 step=58690 train=1.50295 val=None lr=3.25696e-05
2026-10-01 15:01:45,124 step=58700 train=1.64632 val=1.6735211253166198 lr=3.25561e-05
2026-10-01 15:01:46,430 step=58710 train=1.76865 val=None lr=3.25427e-05
2026-10-01 15:01:47,650 step=58720 train=1.78639 val=None lr=3.25294e-05
2026-10-01 15:01:49,042 step=58730 train=1.59842 val=None lr=3.25161e-05
2026-10-01 15:01:50,450 step=58740 train=1.84459 val=None lr=3.25028e-05
2026-10-01 15:01:51,706 step=58750 train=1.75494 val=None lr=3.24895e-05
2026-10-01 15:01:53,128 step=58760 train=1.58145 val=None lr=3.24763e-05
2026-10-01 15:01:54,403 step=58770 train=1.71608 val=None lr=3.24631e-05
2026-10-01 15:01:55,754 step=58780 train=1.67881 val=None lr=3.245e-05
2026-10-01 15:01:57,124 step=58790 train=1.79929 val=None lr=3.24368e-05
2026-10-01 15:01:59,142 step=58800 train=1.65960 val=1.6738151252269744 lr=3.24238e-05
2026-10-01 15:02:00,397 step=58810 train=1.74858 val=None lr=3.24107e-05
2026-10-01 15:02:01,616 step=58820 train=1.97035 val=None lr=3.23977e-05
2026-10-01 15:02:02,780 step=58830 train=1.58297 val=None lr=3.23847e-05
2026-10-01 15:02:03,995 step=58840 train=1.67474 val=None lr=3.23718e-05
2026-10-01 15:02:05,185 step=58850 train=1.89632 val=None lr=3.23589e-05
2026-10-01 15:02:06,299 step=58860 train=1.57245 val=None lr=3.2346e-05
2026-10-01 15:02:07,493 step=58870 train=1.62791 val=None lr=3.23332e-05
2026-10-01 15:02:08,671 step=58880 train=1.41351 val=None lr=3.23204e-05
2026-10-01 15:02:09,990 step=58890 train=1.62641 val=None lr=3.23076e-05
2026-10-01 15:02:12,040 step=58900 train=1.57436 val=1.6731446385383606 lr=3.22949e-05
2026-10-01 15:02:13,433 step=58910 train=1.88804 val=None lr=3.22822e-05
2026-10-01 15:02:14,591 step=58920 train=1.52339 val=None lr=3.22695e-05
2026-10-01 15:02:15,735 step=58930 train=1.56464 val=None lr=3.22569e-05
2026-10-01 15:02:16,890 step=58940 train=1.62415 val=None lr=3.22443e-05
2026-10-01 15:02:18,080 step=58950 train=1.60073 val=None lr=3.22318e-05
2026-10-01 15:02:19,424 step=58960 train=1.64647 val=None lr=3.22192e-05
2026-10-01 15:02:20,569 step=58970 train=1.89789 val=None lr=3.22068e-05
2026-10-01 15:02:21,733 step=58980 train=1.59568 val=None lr=3.21943e-05
2026-10-01 15:02:23,059 step=58990 train=1.40716 val=None lr=3.21819e-05
2026-10-01 15:02:24,759 step=59000 train=1.53137 val=1.672822153568268 lr=3.21695e-05
2026-10-01 15:02:27,107 step=59010 train=2.01891 val=None lr=3.21572e-05
2026-10-01 15:02:28,440 step=59020 train=1.83220 val=None lr=3.21448e-05
2026-10-01 15:02:29,886 step=59030 train=1.71294 val=None lr=3.21326e-05
2026-10-01 15:02:31,008 step=59040 train=1.75669 val=None lr=3.21203e-05
2026-10-01 15:02:32,306 step=59050 train=1.89852 val=None lr=3.21081e-05
2026-10-01 15:02:33,550 step=59060 train=1.72384 val=None lr=3.2096e-05
2026-10-01 15:02:34,671 step=59070 train=1.63568 val=None lr=3.20838e-05
2026-10-01 15:02:36,019 step=59080 train=1.44597 val=None lr=3.20717e-05
2026-10-01 15:02:37,312 step=59090 train=1.82943 val=None lr=3.20596e-05
2026-10-01 15:02:39,254 step=59100 train=1.62353 val=1.6730606436729432 lr=3.20476e-05
2026-10-01 15:02:40,849 step=59110 train=1.85384 val=None lr=3.20356e-05
2026-10-01 15:02:42,028 step=59120 train=1.64732 val=None lr=3.20237e-05
2026-10-01 15:02:43,284 step=59130 train=1.73527 val=None lr=3.20117e-05
2026-10-01 15:02:44,495 step=59140 train=1.93587 val=None lr=3.19998e-05
2026-10-01 15:02:45,705 step=59150 train=1.52795 val=None lr=3.1988e-05
2026-10-01 15:02:46,875 step=59160 train=1.55003 val=None lr=3.19762e-05
2026-10-01 15:02:48,239 step=59170 train=1.54089 val=None lr=3.19644e-05
2026-10-01 15:02:49,337 step=59180 train=1.58907 val=None lr=3.19526e-05
2026-10-01 15:02:50,575 step=59190 train=1.67728 val=None lr=3.19409e-05
2026-10-01 15:02:52,893 step=59200 train=1.71079 val=1.6725681900978089 lr=3.19292e-05
2026-10-01 15:02:54,042 step=59210 train=2.01870 val=None lr=3.19176e-05
2026-10-01 15:02:55,276 step=59220 train=1.83924 val=None lr=3.1906e-05
2026-10-01 15:02:56,456 step=59230 train=1.77984 val=None lr=3.18944e-05
2026-10-01 15:02:57,932 step=59240 train=1.59596 val=None lr=3.18828e-05
2026-10-01 15:02:59,206 step=59250 train=1.61611 val=None lr=3.18713e-05
2026-10-01 15:03:00,463 step=59260 train=1.56006 val=None lr=3.18599e-05
2026-10-01 15:03:01,866 step=59270 train=1.67683 val=None lr=3.18484e-05
2026-10-01 15:03:03,161 step=59280 train=1.56913 val=None lr=3.1837e-05
2026-10-01 15:03:04,431 step=59290 train=2.15880 val=None lr=3.18257e-05
2026-10-01 15:03:06,768 step=59300 train=1.65554 val=1.6707928478717804 lr=3.18143e-05
2026-10-01 15:03:07,954 step=59310 train=1.76857 val=None lr=3.1803e-05
2026-10-01 15:03:09,144 step=59320 train=1.85165 val=None lr=3.17918e-05
2026-10-01 15:03:10,364 step=59330 train=1.73852 val=None lr=3.17805e-05
2026-10-01 15:03:11,470 step=59340 train=1.34982 val=None lr=3.17694e-05
2026-10-01 15:03:12,673 step=59350 train=1.79421 val=None lr=3.17582e-05
2026-10-01 15:03:13,924 step=59360 train=1.65029 val=None lr=3.17471e-05
2026-10-01 15:03:15,186 step=59370 train=1.62318 val=None lr=3.1736e-05
2026-10-01 15:03:16,626 step=59380 train=1.68353 val=None lr=3.17249e-05
2026-10-01 15:03:17,771 step=59390 train=1.68587 val=None lr=3.17139e-05
2026-10-01 15:03:19,629 step=59400 train=1.68113 val=1.6716131150722504 lr=3.17029e-05
2026-10-01 15:03:20,863 step=59410 train=1.62600 val=None lr=3.1692e-05
2026-10-01 15:03:22,050 step=59420 train=1.78105 val=None lr=3.16811e-05
2026-10-01 15:03:23,359 step=59430 train=1.65692 val=None lr=3.16702e-05
2026-10-01 15:03:24,742 step=59440 train=1.74748 val=None lr=3.16594e-05
2026-10-01 15:03:26,059 step=59450 train=1.40861 val=None lr=3.16486e-05
2026-10-01 15:03:27,295 step=59460 train=1.96994 val=None lr=3.16378e-05
2026-10-01 15:03:28,480 step=59470 train=1.68784 val=None lr=3.16271e-05
2026-10-01 15:03:29,816 step=59480 train=1.76688 val=None lr=3.16164e-05
2026-10-01 15:03:30,987 step=59490 train=1.49340 val=None lr=3.16057e-05
2026-10-01 15:03:33,262 step=59500 train=1.46783 val=1.6703679978847503 lr=3.15951e-05
2026-10-01 15:03:35,366 step=59510 train=1.56274 val=None lr=3.15845e-05
2026-10-01 15:03:36,852 step=59520 train=2.03270 val=None lr=3.15739e-05
2026-10-01 15:03:38,315 step=59530 train=1.80826 val=None lr=3.15634e-05
2026-10-01 15:03:39,514 step=59540 train=1.59806 val=None lr=3.15529e-05
2026-10-01 15:03:40,760 step=59550 train=1.70123 val=None lr=3.15424e-05
2026-10-01 15:03:41,967 step=59560 train=1.76459 val=None lr=3.1532e-05
2026-10-01 15:03:43,130 step=59570 train=2.00895 val=None lr=3.15216e-05
2026-10-01 15:03:44,241 step=59580 train=1.41003 val=None lr=3.15113e-05
2026-10-01 15:03:45,483 step=59590 train=1.84263 val=None lr=3.1501e-05
2026-10-01 15:03:47,248 step=59600 train=1.74638 val=1.6712758362293243 lr=3.14907e-05
2026-10-01 15:03:48,362 step=59610 train=1.50667 val=None lr=3.14804e-05
2026-10-01 15:03:49,485 step=59620 train=1.44212 val=None lr=3.14702e-05
2026-10-01 15:03:50,630 step=59630 train=1.63343 val=None lr=3.14601e-05
2026-10-01 15:03:51,827 step=59640 train=1.97824 val=None lr=3.14499e-05
2026-10-01 15:03:52,971 step=59650 train=1.65256 val=None lr=3.14398e-05
2026-10-01 15:03:54,152 step=59660 train=1.66867 val=None lr=3.14297e-05
2026-10-01 15:03:55,347 step=59670 train=1.68754 val=None lr=3.14197e-05
2026-10-01 15:03:56,658 step=59680 train=1.90351 val=None lr=3.14097e-05
2026-10-01 15:03:57,867 step=59690 train=1.88130 val=None lr=3.13998e-05
2026-10-01 15:03:59,970 step=59700 train=1.57022 val=1.6708946108818055 lr=3.13898e-05
2026-10-01 15:04:01,090 step=59710 train=1.48644 val=None lr=3.13799e-05
2026-10-01 15:04:02,216 step=59720 train=1.65632 val=None lr=3.13701e-05
2026-10-01 15:04:03,521 step=59730 train=1.54928 val=None lr=3.13603e-05
2026-10-01 15:04:04,821 step=59740 train=1.66307 val=None lr=3.13505e-05
2026-10-01 15:04:06,028 step=59750 train=1.71764 val=None lr=3.13407e-05
2026-10-01 15:04:07,172 step=59760 train=1.65333 val=None lr=3.1331e-05
2026-10-01 15:04:08,695 step=59770 train=1.77272 val=None lr=3.13213e-05
2026-10-01 15:04:09,949 step=59780 train=1.79479 val=None lr=3.13117e-05
2026-10-01 15:04:11,158 step=59790 train=1.82738 val=None lr=3.13021e-05
2026-10-01 15:04:12,965 step=59800 train=1.52898 val=1.671144276857376 lr=3.12925e-05
2026-10-01 15:04:14,105 step=59810 train=1.45416 val=None lr=3.12829e-05
2026-10-01 15:04:15,226 step=59820 train=1.65107 val=None lr=3.12734e-05
2026-10-01 15:04:16,458 step=59830 train=1.62558 val=None lr=3.1264e-05
2026-10-01 15:04:17,791 step=59840 train=1.68388 val=None lr=3.12545e-05
2026-10-01 15:04:18,942 step=59850 train=1.82870 val=None lr=3.12451e-05
2026-10-01 15:04:20,219 step=59860 train=1.99065 val=None lr=3.12358e-05
2026-10-01 15:04:21,295 step=59870 train=1.71221 val=None lr=3.12264e-05
2026-10-01 15:04:22,644 step=59880 train=1.96020 val=None lr=3.12171e-05
2026-10-01 15:04:23,829 step=59890 train=1.70333 val=None lr=3.12079e-05
2026-10-01 15:04:26,127 step=59900 train=1.83428 val=1.6695798099040986 lr=3.11987e-05
2026-10-01 15:04:27,252 step=59910 train=1.90584 val=None lr=3.11895e-05
2026-10-01 15:04:28,433 step=59920 train=1.74385 val=None lr=3.11803e-05
2026-10-01 15:04:29,569 step=59930 train=1.62667 val=None lr=3.11712e-05
2026-10-01 15:04:30,720 step=59940 train=1.86005 val=None lr=3.11621e-05
2026-10-01 15:04:31,885 step=59950 train=1.86716 val=None lr=3.11531e-05
2026-10-01 15:04:32,997 step=59960 train=1.54426 val=None lr=3.1144e-05
2026-10-01 15:04:34,259 step=59970 train=1.69295 val=None lr=3.11351e-05
2026-10-01 15:04:35,352 step=59980 train=1.75973 val=None lr=3.11261e-05
2026-10-01 15:04:36,492 step=59990 train=1.53602 val=None lr=3.11172e-05
2026-10-01 15:04:38,262 step=60000 train=1.92579 val=1.6708667635917664 lr=3.11083e-05
2026-10-01 15:04:40,507 step=60010 train=1.72540 val=None lr=3.10995e-05
2026-10-01 15:04:41,862 step=60020 train=1.99084 val=None lr=3.10907e-05
2026-10-01 15:04:43,047 step=60030 train=1.49376 val=None lr=3.10819e-05
2026-10-01 15:04:44,167 step=60040 train=1.91587 val=None lr=3.10732e-05
2026-10-01 15:04:45,247 step=60050 train=1.61643 val=None lr=3.10645e-05
2026-10-01 15:04:46,571 step=60060 train=1.71919 val=None lr=3.10559e-05
2026-10-01 15:04:47,811 step=60070 train=1.47787 val=None lr=3.10472e-05
2026-10-01 15:04:48,944 step=60080 train=1.73204 val=None lr=3.10386e-05
2026-10-01 15:04:50,143 step=60090 train=1.63879 val=None lr=3.10301e-05
2026-10-01 15:04:51,923 step=60100 train=1.48293 val=1.670070332288742 lr=3.10216e-05
2026-10-01 15:04:53,094 step=60110 train=1.64926 val=None lr=3.10131e-05
2026-10-01 15:04:54,197 step=60120 train=2.16108 val=None lr=3.10046e-05
2026-10-01 15:04:55,353 step=60130 train=1.79904 val=None lr=3.09962e-05
2026-10-01 15:04:56,595 step=60140 train=1.47359 val=None lr=3.09878e-05
2026-10-01 15:04:57,784 step=60150 train=1.61678 val=None lr=3.09795e-05
2026-10-01 15:04:58,976 step=60160 train=1.71840 val=None lr=3.09712e-05
2026-10-01 15:05:00,232 step=60170 train=1.90516 val=None lr=3.09629e-05
2026-10-01 15:05:01,492 step=60180 train=1.53222 val=None lr=3.09547e-05
2026-10-01 15:05:02,741 step=60190 train=1.63745 val=None lr=3.09465e-05
2026-10-01 15:05:04,639 step=60200 train=1.85155 val=1.6701989829540254 lr=3.09383e-05
2026-10-01 15:05:05,971 step=60210 train=1.60879 val=None lr=3.09302e-05
2026-10-01 15:05:07,323 step=60220 train=1.75914 val=None lr=3.09221e-05
2026-10-01 15:05:08,665 step=60230 train=1.69489 val=None lr=3.0914e-05
2026-10-01 15:05:09,836 step=60240 train=2.01225 val=None lr=3.0906e-05
2026-10-01 15:05:11,056 step=60250 train=1.66765 val=None lr=3.0898e-05
2026-10-01 15:05:12,185 step=60260 train=1.82624 val=None lr=3.089e-05
2026-10-01 15:05:13,465 step=60270 train=1.70831 val=None lr=3.08821e-05
2026-10-01 15:05:14,698 step=60280 train=1.45334 val=None lr=3.08742e-05
2026-10-01 15:05:15,992 step=60290 train=1.65158 val=None lr=3.08664e-05
2026-10-01 15:05:17,888 step=60300 train=1.60339 val=1.6713510870933532 lr=3.08586e-05
2026-10-01 15:05:19,121 step=60310 train=1.75901 val=None lr=3.08508e-05
2026-10-01 15:05:20,397 step=60320 train=1.62107 val=None lr=3.0843e-05
2026-10-01 15:05:21,496 step=60330 train=1.67104 val=None lr=3.08353e-05
2026-10-01 15:05:22,647 step=60340 train=1.65428 val=None lr=3.08277e-05
2026-10-01 15:05:23,747 step=60350 train=1.69357 val=None lr=3.082e-05
2026-10-01 15:05:24,914 step=60360 train=1.54574 val=None lr=3.08124e-05
2026-10-01 15:05:26,240 step=60370 train=1.81651 val=None lr=3.08049e-05
2026-10-01 15:05:27,322 step=60380 train=1.64251 val=None lr=3.07973e-05
2026-10-01 15:05:28,693 step=60390 train=1.62237 val=None lr=3.07898e-05
2026-10-01 15:05:31,035 step=60400 train=1.79749 val=1.669508123397827 lr=3.07824e-05
2026-10-01 15:05:32,180 step=60410 train=1.53327 val=None lr=3.07749e-05
2026-10-01 15:05:33,325 step=60420 train=1.59174 val=None lr=3.07675e-05
2026-10-01 15:05:34,518 step=60430 train=1.76424 val=None lr=3.07602e-05
2026-10-01 15:05:35,798 step=60440 train=1.87368 val=None lr=3.07529e-05
2026-10-01 15:05:36,913 step=60450 train=1.80012 val=None lr=3.07456e-05
2026-10-01 15:05:38,447 step=60460 train=1.62486 val=None lr=3.07383e-05
2026-10-01 15:05:39,828 step=60470 train=2.08838 val=None lr=3.07311e-05
2026-10-01 15:05:41,105 step=60480 train=1.53810 val=None lr=3.07239e-05
2026-10-01 15:05:42,345 step=60490 train=1.49236 val=None lr=3.07168e-05
2026-10-01 15:05:44,628 step=60500 train=1.64483 val=1.6691782236099244 lr=3.07097e-05
2026-10-01 15:05:46,861 step=60510 train=1.85284 val=None lr=3.07026e-05
2026-10-01 15:05:48,270 step=60520 train=1.74128 val=None lr=3.06956e-05
2026-10-01 15:05:49,495 step=60530 train=1.73863 val=None lr=3.06886e-05
2026-10-01 15:05:50,918 step=60540 train=1.63413 val=None lr=3.06816e-05
2026-10-01 15:05:52,218 step=60550 train=1.95610 val=None lr=3.06747e-05
2026-10-01 15:05:53,382 step=60560 train=1.85782 val=None lr=3.06678e-05
2026-10-01 15:05:54,566 step=60570 train=1.57147 val=None lr=3.06609e-05
2026-10-01 15:05:55,655 step=60580 train=1.69242 val=None lr=3.06541e-05
2026-10-01 15:05:56,862 step=60590 train=1.92887 val=None lr=3.06473e-05
2026-10-01 15:05:58,727 step=60600 train=1.48877 val=1.6696597695350648 lr=3.06406e-05
2026-10-01 15:05:59,952 step=60610 train=1.65385 val=None lr=3.06338e-05
2026-10-01 15:06:01,127 step=60620 train=1.85769 val=None lr=3.06271e-05
2026-10-01 15:06:02,354 step=60630 train=1.55513 val=None lr=3.06205e-05
2026-10-01 15:06:03,667 step=60640 train=1.85702 val=None lr=3.06139e-05
2026-10-01 15:06:04,856 step=60650 train=1.75965 val=None lr=3.06073e-05
2026-10-01 15:06:06,226 step=60660 train=1.75371 val=None lr=3.06008e-05
2026-10-01 15:06:07,458 step=60670 train=1.47713 val=None lr=3.05943e-05
2026-10-01 15:06:08,574 step=60680 train=1.83759 val=None lr=3.05878e-05
2026-10-01 15:06:09,737 step=60690 train=1.71066 val=None lr=3.05813e-05
2026-10-01 15:06:11,453 step=60700 train=1.89393 val=1.669686144590378 lr=3.05749e-05
2026-10-01 15:06:12,584 step=60710 train=1.57841 val=None lr=3.05686e-05
2026-10-01 15:06:13,667 step=60720 train=1.73402 val=None lr=3.05623e-05
2026-10-01 15:06:14,854 step=60730 train=1.52183 val=None lr=3.0556e-05
2026-10-01 15:06:16,139 step=60740 train=1.65371 val=None lr=3.05497e-05
2026-10-01 15:06:17,669 step=60750 train=1.82787 val=None lr=3.05435e-05
2026-10-01 15:06:18,790 step=60760 train=1.74352 val=None lr=3.05373e-05
2026-10-01 15:06:19,896 step=60770 train=2.11820 val=None lr=3.05311e-05
2026-10-01 15:06:21,043 step=60780 train=1.55352 val=None lr=3.0525e-05
2026-10-01 15:06:22,148 step=60790 train=1.58063 val=None lr=3.05189e-05
2026-10-01 15:06:24,416 step=60800 train=1.55678 val=1.6688420236110688 lr=3.05129e-05
2026-10-01 15:06:25,601 step=60810 train=1.79580 val=None lr=3.05069e-05
2026-10-01 15:06:26,708 step=60820 train=1.92552 val=None lr=3.05009e-05
2026-10-01 15:06:27,952 step=60830 train=1.70602 val=None lr=3.04949e-05
2026-10-01 15:06:29,155 step=60840 train=1.50672 val=None lr=3.0489e-05
2026-10-01 15:06:30,418 step=60850 train=1.88112 val=None lr=3.04832e-05
2026-10-01 15:06:31,923 step=60860 train=1.63440 val=None lr=3.04773e-05
2026-10-01 15:06:33,173 step=60870 train=1.51673 val=None lr=3.04715e-05
2026-10-01 15:06:34,480 step=60880 train=1.71255 val=None lr=3.04658e-05
2026-10-01 15:06:35,805 step=60890 train=1.48313 val=None lr=3.046e-05
2026-10-01 15:06:38,193 step=60900 train=1.52408 val=1.6686358153820038 lr=3.04543e-05
2026-10-01 15:06:39,389 step=60910 train=1.64957 val=None lr=3.04487e-05
2026-10-01 15:06:40,584 step=60920 train=1.96459 val=None lr=3.04431e-05
2026-10-01 15:06:41,806 step=60930 train=1.65624 val=None lr=3.04375e-05
2026-10-01 15:06:43,021 step=60940 train=1.80143 val=None lr=3.04319e-05
2026-10-01 15:06:44,215 step=60950 train=1.44485 val=None lr=3.04264e-05
2026-10-01 15:06:45,724 step=60960 train=1.71227 val=None lr=3.04209e-05
2026-10-01 15:06:47,082 step=60970 train=1.79430 val=None lr=3.04155e-05
2026-10-01 15:06:48,294 step=60980 train=1.84388 val=None lr=3.04101e-05
2026-10-01 15:06:49,588 step=60990 train=1.77028 val=None lr=3.04047e-05
2026-10-01 15:06:51,395 step=61000 train=1.72527 val=1.6687862813472747 lr=3.03994e-05
2026-10-01 15:06:53,810 step=61010 train=1.61617 val=None lr=3.03941e-05
2026-10-01 15:06:55,100 step=61020 train=1.47516 val=None lr=3.03888e-05
2026-10-01 15:06:56,306 step=61030 train=1.71897 val=None lr=3.03835e-05
2026-10-01 15:06:57,529 step=61040 train=1.65542 val=None lr=3.03784e-05
2026-10-01 15:06:58,718 step=61050 train=1.96829 val=None lr=3.03732e-05
2026-10-01 15:06:59,945 step=61060 train=1.80133 val=None lr=3.03681e-05
2026-10-01 15:07:01,242 step=61070 train=1.60533 val=None lr=3.0363e-05
2026-10-01 15:07:02,442 step=61080 train=1.88027 val=None lr=3.03579e-05
2026-10-01 15:07:03,537 step=61090 train=1.72963 val=None lr=3.03529e-05
2026-10-01 15:07:05,539 step=61100 train=1.65115 val=1.6697528302669524 lr=3.03479e-05
2026-10-01 15:07:06,739 step=61110 train=1.90012 val=None lr=3.0343e-05
2026-10-01 15:07:07,877 step=61120 train=1.48378 val=None lr=3.0338e-05
2026-10-01 15:07:09,061 step=61130 train=1.80554 val=None lr=3.03332e-05
2026-10-01 15:07:10,475 step=61140 train=1.63084 val=None lr=3.03283e-05
2026-10-01 15:07:11,812 step=61150 train=1.62925 val=None lr=3.03235e-05
2026-10-01 15:07:12,976 step=61160 train=1.69617 val=None lr=3.03187e-05
2026-10-01 15:07:14,372 step=61170 train=1.78417 val=None lr=3.0314e-05
2026-10-01 15:07:15,766 step=61180 train=1.71106 val=None lr=3.03093e-05
2026-10-01 15:07:16,963 step=61190 train=1.71497 val=None lr=3.03046e-05
2026-10-01 15:07:18,798 step=61200 train=1.58832 val=1.6697980523109437 lr=3.03e-05
2026-10-01 15:07:19,980 step=61210 train=1.81904 val=None lr=3.02954e-05
2026-10-01 15:07:21,315 step=61220 train=1.81790 val=None lr=3.02908e-05
2026-10-01 15:07:22,610 step=61230 train=1.70230 val=None lr=3.02863e-05
2026-10-01 15:07:24,000 step=61240 train=1.63253 val=None lr=3.02818e-05
2026-10-01 15:07:25,190 step=61250 train=1.56009 val=None lr=3.02774e-05
2026-10-01 15:07:26,312 step=61260 train=1.76510 val=None lr=3.0273e-05
2026-10-01 15:07:27,540 step=61270 train=1.75912 val=None lr=3.02686e-05
2026-10-01 15:07:28,667 step=61280 train=1.75632 val=None lr=3.02642e-05
2026-10-01 15:07:29,849 step=61290 train=1.58128 val=None lr=3.02599e-05
2026-10-01 15:07:31,771 step=61300 train=1.46467 val=1.6691341698169708 lr=3.02556e-05
2026-10-01 15:07:33,038 step=61310 train=1.73884 val=None lr=3.02514e-05
2026-10-01 15:07:34,325 step=61320 train=1.80491 val=None lr=3.02472e-05
2026-10-01 15:07:35,698 step=61330 train=1.71812 val=None lr=3.0243e-05
2026-10-01 15:07:36,954 step=61340 train=1.73937 val=None lr=3.02389e-05
2026-10-01 15:07:38,162 step=61350 train=1.69530 val=None lr=3.02348e-05
2026-10-01 15:07:39,349 step=61360 train=1.61635 val=None lr=3.02307e-05
2026-10-01 15:07:40,621 step=61370 train=1.67248 val=None lr=3.02267e-05
2026-10-01 15:07:41,856 step=61380 train=1.61311 val=None lr=3.02227e-05
2026-10-01 15:07:43,081 step=61390 train=1.58389 val=None lr=3.02187e-05
2026-10-01 15:07:45,846 step=61400 train=1.86280 val=1.6681597769260406 lr=3.02148e-05
2026-10-01 15:07:46,939 step=61410 train=1.55523 val=None lr=3.02109e-05
2026-10-01 15:07:48,199 step=61420 train=1.56982 val=None lr=3.02071e-05
2026-10-01 15:07:49,450 step=61430 train=1.98903 val=None lr=3.02033e-05
2026-10-01 15:07:50,712 step=61440 train=1.66054 val=None lr=3.01995e-05
2026-10-01 15:07:51,682 step=61450 train=2.13040 val=None lr=3.01957e-05
2026-10-01 15:07:52,736 step=61460 train=1.63734 val=None lr=3.0192e-05
2026-10-01 15:07:54,111 step=61470 train=1.66083 val=None lr=3.01883e-05
2026-10-01 15:07:54,916 step=61480 train=1.90883 val=None lr=3.01847e-05
2026-10-01 15:07:56,083 step=61490 train=1.58186 val=None lr=3.01811e-05
2026-10-01 15:07:57,508 step=61500 train=2.04373 val=1.6683656752109528 lr=3.01775e-05
2026-10-01 15:07:59,556 step=61510 train=1.88194 val=None lr=3.0174e-05
2026-10-01 15:08:00,586 step=61520 train=1.76737 val=None lr=3.01705e-05
2026-10-01 15:08:01,736 step=61530 train=1.59462 val=None lr=3.0167e-05
2026-10-01 15:08:02,682 step=61540 train=1.59111 val=None lr=3.01636e-05
2026-10-01 15:08:03,717 step=61550 train=1.57131 val=None lr=3.01602e-05
2026-10-01 15:08:04,732 step=61560 train=2.03059 val=None lr=3.01569e-05
2026-10-01 15:08:05,511 step=61570 train=1.88298 val=None lr=3.01536e-05
2026-10-01 15:08:06,736 step=61580 train=1.90883 val=None lr=3.01503e-05
2026-10-01 15:08:07,585 step=61590 train=1.56652 val=None lr=3.0147e-05
2026-10-01 15:08:09,468 step=61600 train=1.93699 val=1.6671822249889374 lr=3.01438e-05
2026-10-01 15:08:10,471 step=61610 train=1.84342 val=None lr=3.01406e-05
2026-10-01 15:08:11,419 step=61620 train=1.75260 val=None lr=3.01375e-05
2026-10-01 15:08:12,437 step=61630 train=1.65521 val=None lr=3.01344e-05
2026-10-01 15:08:13,229 step=61640 train=1.60108 val=None lr=3.01313e-05
2026-10-01 15:08:14,150 step=61650 train=1.61172 val=None lr=3.01283e-05
2026-10-01 15:08:15,433 step=61660 train=1.61058 val=None lr=3.01253e-05
2026-10-01 15:08:16,561 step=61670 train=1.87586 val=None lr=3.01223e-05
2026-10-01 15:08:17,524 step=61680 train=1.78677 val=None lr=3.01194e-05
2026-10-01 15:08:18,552 step=61690 train=1.50760 val=None lr=3.01165e-05
2026-10-01 15:08:20,080 step=61700 train=1.70384 val=1.6686745405197143 lr=3.01136e-05
2026-10-01 15:08:21,011 step=61710 train=1.80215 val=None lr=3.01108e-05
2026-10-01 15:08:22,118 step=61720 train=1.56407 val=None lr=3.0108e-05
2026-10-01 15:08:23,006 step=61730 train=1.58141 val=None lr=3.01053e-05
2026-10-01 15:08:23,877 step=61740 train=1.70146 val=None lr=3.01026e-05
2026-10-01 15:08:24,784 step=61750 train=1.75144 val=None lr=3.00999e-05
2026-10-01 15:08:25,850 step=61760 train=1.67648 val=None lr=3.00972e-05
2026-10-01 15:08:26,860 step=61770 train=1.46235 val=None lr=3.00946e-05
2026-10-01 15:08:28,236 step=61780 train=1.95072 val=None lr=3.0092e-05
2026-10-01 15:08:29,111 step=61790 train=1.41339 val=None lr=3.00895e-05
2026-10-01 15:08:30,915 step=61800 train=1.61716 val=1.6669790983200072 lr=3.0087e-05
2026-10-01 15:08:31,880 step=61810 train=1.70256 val=None lr=3.00845e-05
2026-10-01 15:08:32,883 step=61820 train=1.80057 val=None lr=3.00821e-05
2026-10-01 15:08:33,782 step=61830 train=1.58098 val=None lr=3.00797e-05
2026-10-01 15:08:34,867 step=61840 train=1.71968 val=None lr=3.00773e-05
2026-10-01 15:08:35,993 step=61850 train=1.62582 val=None lr=3.0075e-05
2026-10-01 15:08:36,927 step=61860 train=1.46496 val=None lr=3.00727e-05
2026-10-01 15:08:37,972 step=61870 train=1.75791 val=None lr=3.00705e-05
2026-10-01 15:08:39,108 step=61880 train=1.70369 val=None lr=3.00683e-05
2026-10-01 15:08:40,132 step=61890 train=1.58964 val=None lr=3.00661e-05
2026-10-01 15:08:41,480 step=61900 train=1.60997 val=1.6688526570796967 lr=3.00639e-05
2026-10-01 15:08:42,264 step=61910 train=1.49120 val=None lr=3.00618e-05
2026-10-01 15:08:43,290 step=61920 train=1.65529 val=None lr=3.00597e-05
2026-10-01 15:08:44,591 step=61930 train=1.71191 val=None lr=3.00577e-05
2026-10-01 15:08:45,753 step=61940 train=1.42488 val=None lr=3.00557e-05
2026-10-01 15:08:47,133 step=61950 train=1.82090 val=None lr=3.00537e-05
2026-10-01 15:08:48,183 step=61960 train=1.87606 val=None lr=3.00518e-05
2026-10-01 15:08:49,173 step=61970 train=1.53674 val=None lr=3.00499e-05
2026-10-01 15:08:50,476 step=61980 train=1.42873 val=None lr=3.0048e-05
2026-10-01 15:08:51,567 step=61990 train=1.45209 val=None lr=3.00462e-05
2026-10-01 15:08:52,924 step=62000 train=1.59126 val=1.6675474166870117 lr=3.00444e-05
2026-10-01 15:08:55,056 step=62010 train=2.13617 val=None lr=3.00426e-05
2026-10-01 15:08:56,093 step=62020 train=1.64649 val=None lr=3.00409e-05
2026-10-01 15:08:57,283 step=62030 train=1.76504 val=None lr=3.00392e-05
2026-10-01 15:08:58,620 step=62040 train=2.08910 val=None lr=3.00376e-05
2026-10-01 15:08:59,769 step=62050 train=1.63721 val=None lr=3.0036e-05
2026-10-01 15:09:00,831 step=62060 train=1.78951 val=None lr=3.00344e-05
2026-10-01 15:09:01,695 step=62070 train=1.70083 val=None lr=3.00328e-05
2026-10-01 15:09:02,868 step=62080 train=1.62655 val=None lr=3.00313e-05
2026-10-01 15:09:03,805 step=62090 train=1.67054 val=None lr=3.00298e-05
2026-10-01 15:09:05,614 step=62100 train=1.87902 val=1.6658048331737518 lr=3.00284e-05
2026-10-01 15:09:06,795 step=62110 train=1.59182 val=None lr=3.0027e-05
2026-10-01 15:09:07,937 step=62120 train=1.58220 val=None lr=3.00256e-05
2026-10-01 15:09:08,918 step=62130 train=1.90825 val=None lr=3.00243e-05
2026-10-01 15:09:10,125 step=62140 train=1.58903 val=None lr=3.0023e-05
2026-10-01 15:09:10,995 step=62150 train=1.59614 val=None lr=3.00218e-05
2026-10-01 15:09:12,270 step=62160 train=1.59382 val=None lr=3.00205e-05
2026-10-01 15:09:13,162 step=62170 train=1.74928 val=None lr=3.00193e-05
2026-10-01 15:09:14,043 step=62180 train=1.79052 val=None lr=3.00182e-05
2026-10-01 15:09:15,067 step=62190 train=1.62660 val=None lr=3.00171e-05
2026-10-01 15:09:16,936 step=62200 train=1.54824 val=1.6655434966087341 lr=3.0016e-05
2026-10-01 15:09:17,932 step=62210 train=1.66504 val=None lr=3.00149e-05
2026-10-01 15:09:18,939 step=62220 train=1.71791 val=None lr=3.00139e-05
2026-10-01 15:09:20,014 step=62230 train=1.68246 val=None lr=3.00129e-05
2026-10-01 15:09:21,090 step=62240 train=1.65735 val=None lr=3.0012e-05
2026-10-01 15:09:22,203 step=62250 train=1.65598 val=None lr=3.00111e-05
2026-10-01 15:09:23,290 step=62260 train=1.54784 val=None lr=3.00102e-05
2026-10-01 15:09:24,209 step=62270 train=1.72511 val=None lr=3.00094e-05
2026-10-01 15:09:25,171 step=62280 train=1.78848 val=None lr=3.00086e-05
2026-10-01 15:09:26,266 step=62290 train=1.50064 val=None lr=3.00078e-05
2026-10-01 15:09:27,584 step=62300 train=1.75706 val=1.6663943767547607 lr=3.00071e-05
2026-10-01 15:09:28,618 step=62310 train=1.60394 val=None lr=3.00064e-05
2026-10-01 15:09:30,129 step=62320 train=1.57186 val=None lr=3.00058e-05
2026-10-01 15:09:31,065 step=62330 train=1.59788 val=None lr=3.00051e-05
2026-10-01 15:09:32,061 step=62340 train=1.88683 val=None lr=3.00045e-05
2026-10-01 15:09:33,115 step=62350 train=1.60600 val=None lr=3.0004e-05
2026-10-01 15:09:34,326 step=62360 train=1.69363 val=None lr=3.00035e-05
2026-10-01 15:09:35,292 step=62370 train=1.56498 val=None lr=3.0003e-05
2026-10-01 15:09:36,378 step=62380 train=1.58876 val=None lr=3.00026e-05
2026-10-01 15:09:37,499 step=62390 train=1.70637 val=None lr=3.00021e-05
2026-10-01 15:09:39,368 step=62400 train=1.72698 val=1.665218812227249 lr=3.00018e-05
2026-10-01 15:09:40,521 step=62410 train=1.69852 val=None lr=3.00014e-05
2026-10-01 15:09:42,031 step=62420 train=1.60813 val=None lr=3.00011e-05
2026-10-01 15:09:43,338 step=62430 train=1.54957 val=None lr=3.00009e-05
2026-10-01 15:09:44,431 step=62440 train=1.39124 val=None lr=3.00006e-05
2026-10-01 15:09:45,803 step=62450 train=1.48882 val=None lr=3.00004e-05
2026-10-01 15:09:46,987 step=62460 train=1.79631 val=None lr=3.00003e-05
2026-10-01 15:09:48,197 step=62470 train=1.53841 val=None lr=3.00002e-05
2026-10-01 15:09:49,303 step=62480 train=1.50731 val=None lr=3.00001e-05
2026-10-01 15:09:50,374 step=62490 train=1.75147 val=None lr=3e-05
2026-10-01 15:09:51,994 step=62500 train=1.66741 val=1.6658091247081757 lr=3e-05
2026-10-01 15:09:54,308 Completed: final validation loss 1.665809
