step,tokens_seen,train_loss,val_loss,val_ppl,lr,elapsed_seconds
1,2048,9.21034049987793,,,2.4e-07,0.18812656099908054
10,20480,9.210338592529297,,,2.4e-06,1.2605466810000507
20,40960,9.210333824157715,,,4.8e-06,2.4917467399991438
30,61440,9.210325241088867,,,7.2e-06,3.743387683000037
40,81920,9.21031379699707,,,9.6e-06,5.105806147999829
50,102400,9.210296630859375,,,1.2e-05,6.823387890999584
60,122880,9.210275650024414,,,1.44e-05,8.360262783999133
70,143360,9.21023941040039,,,1.68e-05,9.8119076210005
80,163840,9.210187911987305,,,1.92e-05,11.31746016499892
90,184320,9.210151672363281,,,2.1599999999999996e-05,12.572903401000076
100,204800,9.210050582885742,9.2100519657135,9997.116353224059,2.4e-05,14.849089756999092
110,225280,9.20993709564209,,,2.6399999999999995e-05,16.000697117000527
120,245760,9.209798812866211,,,2.88e-05,17.145790623999346
130,266240,9.209640502929688,,,3.12e-05,18.313095010000325
140,286720,9.20947551727295,,,3.36e-05,19.50614884300012
150,307200,9.209196090698242,,,3.6e-05,20.800060550000126
160,327680,9.208967208862305,,,3.84e-05,22.048338868999053
170,348160,9.208776473999023,,,4.0799999999999996e-05,23.18891985099981
180,368640,9.208091735839844,,,4.319999999999999e-05,24.46539905499958
190,389120,9.20769214630127,,,4.56e-05,25.76229354499992
200,409600,9.20695686340332,9.206972074508666,9966.373688826288,4.8e-05,28.07970099599879
210,430080,9.206296920776367,,,5.04e-05,29.298867887999222
220,450560,9.20525074005127,,,5.279999999999999e-05,30.492971313999078
230,471040,9.204713821411133,,,5.519999999999999e-05,31.956986318999043
240,491520,9.203643798828125,,,5.76e-05,33.26501944799929
250,512000,9.202981948852539,,,5.9999999999999995e-05,34.51718512299885
260,532480,9.20071792602539,,,6.24e-05,35.890659864000554
270,552960,9.199627876281738,,,6.479999999999999e-05,37.417985366999346
280,573440,9.198568344116211,,,6.72e-05,38.68969862300037
290,593920,9.194868087768555,,,6.96e-05,39.97049300300023
300,614400,9.190763473510742,9.191219806671143,9810.610731846196,7.2e-05,42.5600842799995
310,634880,9.187353134155273,,,7.439999999999999e-05,44.01673101400047
320,655360,9.182439804077148,,,7.68e-05,45.46494643599908
330,675840,9.176591873168945,,,7.919999999999999e-05,46.69141365699943
340,696320,9.16781997680664,,,8.159999999999999e-05,48.210355142999106
350,716800,9.149612426757812,,,8.4e-05,49.637293948999286
360,737280,9.129100799560547,,,8.639999999999999e-05,50.949819281999225
370,757760,9.109442710876465,,,8.879999999999999e-05,52.28649823100022
380,778240,9.086694717407227,,,9.12e-05,53.91450855599942
390,798720,9.060017585754395,,,9.36e-05,55.146015701999204
400,819200,9.030706405639648,9.03292899131775,8374.352090043263,9.6e-05,57.919251684999836
410,839680,9.013389587402344,,,9.839999999999999e-05,59.30955709999944
420,860160,8.987722396850586,,,0.0001008,60.611776296000244
430,880640,8.955135345458984,,,0.00010319999999999997,61.88189053299902
440,901120,8.9222993850708,,,0.00010559999999999998,63.6557703189992
450,921600,8.888368606567383,,,0.00010799999999999998,65.00347440099904
460,942080,8.859550476074219,,,0.00011039999999999999,66.14591066600042
470,962560,8.82237720489502,,,0.00011279999999999999,67.54406299499897
480,983040,8.782089233398438,,,0.0001152,68.84751525200045
490,1003520,8.741804122924805,,,0.0001176,70.37181632700049
500,1024000,8.680139541625977,8.679886198043823,5883.377013424196,0.00011999999999999999,72.77006769499894
510,1044480,8.646987915039062,,,0.0001224,75.07667828299964
520,1064960,8.57138442993164,,,0.0001248,76.37773557800028
530,1085440,8.535024642944336,,,0.00012719999999999997,77.48638582999956
540,1105920,8.457914352416992,,,0.00012959999999999998,78.84046137299993
550,1126400,8.430721282958984,,,0.00013199999999999998,80.10944958499931
560,1146880,8.341129302978516,,,0.0001344,81.32130657000016
570,1167360,8.287956237792969,,,0.0001368,82.74925400199936
580,1187840,8.232234954833984,,,0.0001392,84.3949898890005
590,1208320,8.161032676696777,,,0.0001416,85.817153254
600,1228800,8.071544647216797,8.059050607681275,3162.2864582762136,0.000144,88.14522827700057
610,1249280,8.002781867980957,,,0.0001464,89.42780365100043
620,1269760,7.910147666931152,,,0.00014879999999999998,90.60055054499935
630,1290240,7.838809013366699,,,0.0001512,91.78720028399948
640,1310720,7.7520246505737305,,,0.0001536,93.1104919139998
650,1331200,7.708400726318359,,,0.00015599999999999997,94.43577665599878
660,1351680,7.599850654602051,,,0.00015839999999999997,95.68416463799986
670,1372160,7.5123701095581055,,,0.00016079999999999998,96.83457524500045
680,1392640,7.409380912780762,,,0.00016319999999999998,98.16939401699892
690,1413120,7.361648082733154,,,0.0001656,99.42562913199981
700,1433600,7.17010498046875,7.1901270866394045,1326.271746316528,0.000168,101.89685861500038
710,1454080,7.094257831573486,,,0.0001704,103.54082703600034
720,1474560,7.034878730773926,,,0.00017279999999999997,104.75062080099997
730,1495040,6.973806381225586,,,0.00017519999999999998,106.27382169299926
740,1515520,6.7859039306640625,,,0.00017759999999999998,107.59617342399906
750,1536000,6.799477577209473,,,0.00017999999999999998,108.83517152999957
760,1556480,6.652398109436035,,,0.0001824,110.16168598100012
770,1576960,6.55576229095459,,,0.0001848,111.76924975499969
780,1597440,6.50935173034668,,,0.0001872,113.04864914999962
790,1617920,6.460648536682129,,,0.0001896,114.56555939600003
800,1638400,6.403425693511963,6.325323677062988,558.5385705340569,0.000192,117.45489789000021
810,1658880,6.292853355407715,,,0.00019439999999999998,118.78314700100054
820,1679360,6.282106399536133,,,0.00019679999999999999,120.00802585699967
830,1699840,6.106379985809326,,,0.0001992,121.13469342200005
840,1720320,6.199664115905762,,,0.0002016,122.41592743799993
850,1740800,6.0638275146484375,,,0.000204,123.56778250199932
860,1761280,6.050115585327148,,,0.00020639999999999995,124.67866357499952
870,1781760,6.012399673461914,,,0.00020879999999999995,126.08924538399879
880,1802240,5.874591827392578,,,0.00021119999999999996,127.36824420999983
890,1822720,5.936961650848389,,,0.00021359999999999996,128.589240289999
900,1843200,5.905360221862793,5.8357010126113895,342.3046098108983,0.00021599999999999996,131.30518933199892
910,1863680,5.810837745666504,,,0.00021839999999999997,132.44925338099893
920,1884160,5.839785575866699,,,0.00022079999999999997,133.6400311340003
930,1904640,5.770347595214844,,,0.00022319999999999998,134.92729804100054
940,1925120,5.6501078605651855,,,0.00022559999999999998,136.1522652049989
950,1945600,5.623647212982178,,,0.00022799999999999999,137.58926680900004
960,1966080,5.642914772033691,,,0.0002304,139.02046802800032
970,1986560,5.801615238189697,,,0.0002328,140.249648220999
980,2007040,5.6734209060668945,,,0.0002352,141.54655801199988
990,2027520,5.465441703796387,,,0.0002376,143.02662513999894
1000,2048000,5.410784721374512,5.487046766281128,241.5428201007668,0.00023999999999999998,145.53128649099926
1010,2068480,5.546230792999268,,,0.00024239999999999998,148.0433074299999
1020,2088960,5.579440116882324,,,0.0002448,149.41389160700055
1030,2109440,5.334473609924316,,,0.0002472,150.97713432599994
1040,2129920,5.271439552307129,,,0.0002496,152.42472399100006
1050,2150400,5.191009521484375,,,0.00025199999999999995,153.78585873299926
1060,2170880,5.034278392791748,,,0.00025439999999999995,155.05109815799915
1070,2191360,5.057073593139648,,,0.00025679999999999995,156.41129057499893
1080,2211840,5.011523246765137,,,0.00025919999999999996,158.16303014799996
1090,2232320,5.272540092468262,,,0.00026159999999999996,159.88015391499903
1100,2252800,4.963099479675293,5.049692940711975,155.9745636941019,0.00026399999999999997,162.43027477599935
1110,2273280,5.261490821838379,,,0.00026639999999999997,163.8197055749988
1120,2293760,4.941228866577148,,,0.0002688,165.32998068099914
1130,2314240,4.887314796447754,,,0.0002712,166.75259560700033
1140,2334720,4.8947906494140625,,,0.0002736,168.1988232799995
1150,2355200,4.84228515625,,,0.000276,169.7424242019988
1160,2375680,4.942147254943848,,,0.0002784,171.11666188799973
1170,2396160,4.80024528503418,,,0.0002808,172.35469205399932
1180,2416640,4.736789703369141,,,0.0002832,173.70820134699898
1190,2437120,4.565423965454102,,,0.0002856,175.18722300399895
1200,2457600,4.81981086730957,4.612483382225037,100.73400029643201,0.000288,177.61523764499907
1210,2478080,4.83627986907959,,,0.0002904,178.98195822100024
1220,2498560,4.781789779663086,,,0.0002928,180.21268255799987
1230,2519040,4.711824417114258,,,0.0002952,181.57745840200005
1240,2539520,4.551541328430176,,,0.00029759999999999997,183.1360411629994
1250,2560000,4.425342082977295,,,0.0003,184.62093260399888
1260,2580480,4.228893756866455,,,0.00029999998224211155,186.00094199699925
1270,2600960,4.300138473510742,,,0.000299999928968451,187.4000036239995
1280,2621440,4.372607231140137,,,0.0002999998401790323,188.76820637299897
1290,2641920,4.321053504943848,,,0.0002999997158738788,189.96208253999976
1300,2662400,4.296932220458984,4.308247709274292,74.31016178084231,0.00029999955605302325,192.41628279299948
1310,2682880,4.287729263305664,,,0.0002999993607165077,193.84018296899922
1320,2703360,4.499722003936768,,,0.0002999991298643834,195.2323863019992
1330,2723840,4.3541789054870605,,,0.00029999886349671125,196.6313995649998
1340,2744320,4.241456031799316,,,0.0002999985616135613,198.10951883899907
1350,2764800,4.003902435302734,,,0.0002999982242150129,199.335854732999
1360,2785280,4.198366165161133,,,0.0002999978513011549,200.54995276800037
1370,2805760,4.1774420738220215,,,0.0002999974428720853,201.80323124200004
1380,2826240,4.213754177093506,,,0.0002999969989279116,203.34465747399918
1390,2846720,4.167946815490723,,,0.00029999651946875064,204.6385254279994
1400,2867200,4.218107223510742,4.144273722171784,63.07179761498408,0.0002999960044947285,207.10864193399902
1410,2887680,4.18988037109375,,,0.00029999545400598065,208.43157108999912
1420,2908160,4.030420303344727,,,0.00029999486800265195,210.143200687
1430,2928640,4.121199607849121,,,0.00029999424648489655,211.7033470890001
1440,2949120,4.122560501098633,,,0.000299993589452878,213.14977361300043
1450,2969600,4.183861255645752,,,0.000299992896906769,214.60375811099948
1460,2990080,4.07810115814209,,,0.0002999921688467519,216.3603261799999
1470,3010560,4.037036895751953,,,0.0002999914052730182,217.97360639900035
1480,3031040,4.005441188812256,,,0.0002999906061857688,219.38057938099882
1490,3051520,4.078177452087402,,,0.0002999897715852139,220.7057592609999
1500,3072000,4.180829048156738,4.041568875312805,56.915566223721655,0.00029998890147157306,223.22398626799986
1510,3092480,4.207902431488037,,,0.0002999879958450752,225.64990763499918
1520,3112960,4.049181938171387,,,0.00029998705470595855,227.11645106099968
1530,3133440,4.1144843101501465,,,0.00029998607805447073,228.55972840899994
1540,3153920,4.093585014343262,,,0.00029998506589086867,230.20834430700052
1550,3174400,3.8514907360076904,,,0.00029998401821541864,231.94998287499948
1560,3194880,3.7538013458251953,,,0.0002999829350283963,233.42933050899956
1570,3215360,4.478756427764893,,,0.00029998181633008654,234.8096613710004
1580,3235840,3.9176342487335205,,,0.0002999806621207837,236.21190527100043
1590,3256320,4.127903461456299,,,0.0002999794724007915,237.78084362200025
1600,3276800,3.929105758666992,3.9753804564476014,53.27038011043695,0.0002999782471704228,240.52982211199924
1610,3297280,4.047872066497803,,,0.0002999769864300001,241.8943662469992
1620,3317760,3.8983681201934814,,,0.0002999756901798549,243.1499020020001
1630,3338240,3.6725759506225586,,,0.0002999743584203283,244.37715764200038
1640,3358720,3.696150064468384,,,0.0002999729911517707,245.64246975499918
1650,3379200,4.173035144805908,,,0.0002999715883745418,246.86835105799946
1660,3399680,3.9392571449279785,,,0.0002999701500890105,248.04464998500043
1670,3420160,3.999891757965088,,,0.0002999686762955554,249.35319161500047
1680,3440640,4.090635776519775,,,0.000299967166994564,250.66377152699897
1690,3461120,4.0637640953063965,,,0.0002999656221864335,251.95468422199883
1700,3481600,4.083386421203613,3.9238553285598754,50.59513009904487,0.00029996404187157034,254.62903948199892
1710,3502080,3.9681828022003174,,,0.00029996242605039014,255.8594238730002
1720,3522560,3.7294983863830566,,,0.00029996077472331815,257.4111223830005
1730,3543040,3.9942626953125,,,0.00029995908789078865,259.0599044310002
1740,3563520,3.89309024810791,,,0.00029995736555324544,260.3934304960003
1750,3584000,4.106185436248779,,,0.00029995560771114174,261.91598453000006
1760,3604480,4.076047420501709,,,0.0002999538143649399,263.3828625410006
1770,3624960,3.9530770778656006,,,0.00029995198551511175,264.752824227
1780,3645440,4.198154926300049,,,0.00029995012116213843,266.09428050099996
1790,3665920,4.0302276611328125,,,0.0002999482213065104,267.5680131419995
1800,3686400,4.063470363616943,3.89057035446167,48.938791023056325,0.00029994628594872747,269.83298357499916
1810,3706880,4.069823265075684,,,0.0002999443150892988,271.45552443700035
1820,3727360,4.166711330413818,,,0.0002999423087287429,272.74854155899993
1830,3747840,3.659749984741211,,,0.00029994026686758755,274.03526329799934
1840,3768320,3.868126630783081,,,0.00029993818950637,275.29752670699963
1850,3788800,3.752209186553955,,,0.00029993607664563667,276.61266147899914
1860,3809280,3.9100117683410645,,,0.0002999339282859435,277.85926039399965
1870,3829760,3.648632287979126,,,0.0002999317444278556,279.10456794499987
1880,3850240,3.914182662963867,,,0.00029992952507194756,280.5011600910002
1890,3870720,4.229854583740234,,,0.00029992727021880324,282.13406875200053
1900,3891200,3.6882286071777344,3.8507888078689576,47.030146353449126,0.0002999249798690158,284.74928559199907
1910,3911680,3.9956839084625244,,,0.00029992265402318787,285.9300745389992
1920,3932160,3.7424519062042236,,,0.0002999202926819312,287.1267777289995
1930,3952640,3.9242334365844727,,,0.0002999178958458672,288.4108628239992
1940,3973120,3.9639368057250977,,,0.00029991546351562626,289.6604587189995
1950,3993600,3.767500400543213,,,0.00029991299569184836,290.99310827800036
1960,4014080,3.995654344558716,,,0.0002999104923751827,292.2470213300003
1970,4034560,3.9085896015167236,,,0.00029990795356628786,293.4806619030005
1980,4055040,3.9206228256225586,,,0.00029990537926583174,294.79733983500046
1990,4075520,3.5423598289489746,,,0.00029990276947449167,296.05789807600013
2000,4096000,3.956092357635498,3.7990263938903808,44.65768432642123,0.0002999001241929541,298.71008928300034
2010,4116480,3.8864102363586426,,,0.00029989744342191505,301.0662359779999
2020,4136960,3.7978034019470215,,,0.0002998947271620797,302.31752626900015
2030,4157440,3.680816173553467,,,0.00029989197541416274,303.5369086339997
2040,4177920,3.9281206130981445,,,0.000299889188178888,304.8296161439994
2050,4198400,3.918577194213867,,,0.0002998863654569888,306.20075143899885
2060,4218880,3.763505697250366,,,0.0002998835072492078,307.94599949999974
2070,4239360,3.9306154251098633,,,0.0002998806135562968,309.5331809010004
2080,4259840,3.83685564994812,,,0.00029987768437901715,311.024871181
2090,4280320,3.677976369857788,,,0.0002998747197181394,312.2318505740004
2100,4300800,3.747019052505493,3.7481980204582213,42.44452887450226,0.0002998717195744436,314.77408543599995
2110,4321280,3.8590450286865234,,,0.00029986868394871896,315.9051300859992
2120,4341760,3.654536008834839,,,0.0002998656128417641,317.6294774319995
2130,4362240,3.721311092376709,,,0.00029986250625438696,319.0852679870004
2140,4382720,3.556248188018799,,,0.0002998593641874048,320.59365892700043
2150,4403200,3.3682308197021484,,,0.00029985618664164434,321.92642945399894
2160,4423680,3.8872714042663574,,,0.0002998529736179414,323.7136366249997
2170,4444160,3.6195127964019775,,,0.0002998497251171413,325.1015402230005
2180,4464640,3.747725009918213,,,0.00029984644114009867,326.4126576589988
2190,4485120,3.7970974445343018,,,0.0002998431216876774,327.8475545679994
2200,4505600,3.551846504211426,3.6618284940719605,38.932465610338525,0.0002998397667607509,330.1082132859992
2210,4526080,3.6495726108551025,,,0.00029983637636020173,331.65113217399994
2220,4546560,3.7163662910461426,,,0.00029983295048692174,333.0315961659999
2230,4567040,3.791840076446533,,,0.00029982948914181233,334.32414059799885
2240,4587520,3.6650099754333496,,,0.000299825992325784,335.574683421999
2250,4608000,3.6524100303649902,,,0.0002998224600397569,336.91046824799923
2260,4628480,3.5093789100646973,,,0.00029981889228466004,338.1988654779998
2270,4648960,3.8215103149414062,,,0.00029981528906143217,339.3589014169993
2280,4669440,3.5765395164489746,,,0.0002998116503710212,340.60782123399986
2290,4689920,3.5439162254333496,,,0.0002998079762143843,341.90228463099993
2300,4710400,3.6733202934265137,3.5767627716064454,35.75759777041871,0.0002998042665924883,344.29554528799963
2310,4730880,3.5244803428649902,,,0.0002998005215063089,345.6446459279996
2320,4751360,3.9873604774475098,,,0.00029979674095683155,346.8776810439995
2330,4771840,3.7088630199432373,,,0.0002997929249450506,348.2498471159997
2340,4792320,3.3936901092529297,,,0.00029978907347197017,349.4711307519992
2350,4812800,3.6228647232055664,,,0.00029978518653860336,350.66710650499954
2360,4833280,3.7099506855010986,,,0.00029978126414597294,351.85654826800055
2370,4853760,3.4342966079711914,,,0.00029977730629511057,353.0483382950006
2380,4874240,3.72891902923584,,,0.00029977331298705764,354.29985253199993
2390,4894720,3.6499946117401123,,,0.00029976928422286467,355.51391032100037
2400,4915200,3.5042991638183594,3.5137893080711367,33.57525401805703,0.00029976522000359153,357.6241730719994
2410,4935680,3.7042236328125,,,0.00029976112033030746,358.8604579069997
2420,4956160,3.404972553253174,,,0.000299756985204091,360.0723770789991
2430,4976640,3.511922836303711,,,0.00029975281462602996,361.2664398470006
2440,4997120,3.624366521835327,,,0.0002997486085972216,362.4420593499999
2450,5017600,3.751577377319336,,,0.00029974436711877246,363.7395972539998
2460,5038080,3.3230106830596924,,,0.0002997400901917983,364.97346827399997
2470,5058560,3.356820821762085,,,0.0002997357778174243,366.15217376200053
2480,5079040,3.649970531463623,,,0.0002997314299967851,367.6006276169992
2490,5099520,3.513932943344116,,,0.0002997270467310244,369.0227973609999
2500,5120000,3.5153491497039795,3.4509032011032104,31.52885635027459,0.0002997226280212954,371.7039411400001
2510,5140480,3.6763978004455566,,,0.00029971817386876046,374.22976924199975
2520,5160960,3.6967880725860596,,,0.00029971368427459153,375.5406991159998
2530,5181440,3.363516330718994,,,0.0002997091592399697,376.7408476929995
2540,5201920,3.293196201324463,,,0.0002997045987660853,377.8826237310004
2550,5222400,3.4975013732910156,,,0.0002997000028541382,379.0234875919996
2560,5242880,3.2557363510131836,,,0.0002996953715053375,380.3244349659999
2570,5263360,3.4545280933380127,,,0.0002996907047209016,381.639109239999
2580,5283840,3.227259635925293,,,0.0002996860025020582,383.0144770679999
2590,5304320,3.478837728500366,,,0.0002996812648500444,384.53820549400007
2600,5324800,3.4334492683410645,3.402603340148926,30.042208419292926,0.00029967649176610654,387.051571648999
2610,5345280,3.6229801177978516,,,0.00029967168325150035,388.4026294289997
2620,5365760,3.4657037258148193,,,0.00029966683930749083,389.6288770890005
2630,5386240,3.5973355770111084,,,0.0002996619599353524,390.9498035729994
2640,5406720,3.2924842834472656,,,0.00029965704513636865,392.31362067199916
2650,5427200,3.3428797721862793,,,0.0002996520949118326,393.72898671799885
2660,5447680,3.6056456565856934,,,0.00029964710926304647,395.02330941699984
2670,5468160,3.262403964996338,,,0.000299642088191322,396.3873709870004
2680,5488640,3.5294532775878906,,,0.0002996370316979801,397.60375098499935
2690,5509120,3.687269687652588,,,0.00029963193978435094,398.88057737099916
2700,5529600,3.575998306274414,3.348247063159943,28.452813917766882,0.0002996268124517742,401.4073498359994
2710,5550080,3.643411874771118,,,0.0002996216497015988,402.88661846799914
2720,5570560,3.541473865509033,,,0.00029961645153518283,404.01743640399945
2730,5591040,3.261894702911377,,,0.00029961121795389395,405.21445596299964
2740,5611520,3.2687392234802246,,,0.000299605948959109,406.64415410699985
2750,5632000,3.5356969833374023,,,0.00029960064455221403,408.01689676299975
2760,5652480,3.469919443130493,,,0.0002995953047346046,409.4910028189988
2770,5672960,3.481039524078369,,,0.00029958992950768556,410.6604456619989
2780,5693440,3.4061667919158936,,,0.0002995845188728709,411.9701839119989
2790,5713920,3.2917611598968506,,,0.0002995790728315842,413.13625895099904
2800,5734400,3.3391342163085938,3.3079174280166628,27.328153321728337,0.0002995735913852581,415.3942340199992
2810,5754880,3.3172523975372314,,,0.00029956807453533467,416.6367291940005
2820,5775360,3.3089661598205566,,,0.00029956252228326526,417.80821601000025
2830,5795840,3.3472537994384766,,,0.0002995569346305106,418.9965527099994
2840,5816320,3.4229018688201904,,,0.00029955131157854075,420.3124297359991
2850,5836800,3.242584228515625,,,0.00029954565312883483,421.56849889299883
2860,5857280,3.3915624618530273,,,0.0002995399592828817,423.1180991370002
2870,5877760,3.2965362071990967,,,0.0002995342300421791,424.3659980079992
2880,5898240,3.1660571098327637,,,0.0002995284654082344,425.50729376399977
2890,5918720,3.6763391494750977,,,0.0002995226653825641,426.70332899499954
2900,5939200,3.477210521697998,3.261358845233917,26.084958492526173,0.00029951682996669406,429.06836836599905
2910,5959680,3.338700771331787,,,0.0002995109591621595,430.51608489499995
2920,5980160,3.280841827392578,,,0.00029950505297050487,431.6986663459993
2930,6000640,3.1542861461639404,,,0.00029949911139328403,432.8776183989994
2940,6021120,3.5038864612579346,,,0.00029949313443206006,434.3052334269996
2950,6041600,3.305744171142578,,,0.00029948712208840533,435.5641903630003
2960,6062080,3.4676241874694824,,,0.00029948107436390163,436.7471536159992
2970,6082560,3.632002353668213,,,0.00029947499126014,438.01074079799946
2980,6103040,3.2498342990875244,,,0.0002994688727787207,439.35897887600004
2990,6123520,3.0349888801574707,,,0.0002994627189212535,440.56437351299974
3000,6144000,3.5792696475982666,3.227425253391266,25.21465198150659,0.00029945652968935724,443.1103573780001
3010,6164480,3.155045747756958,,,0.00029945030508466027,445.5911125349994
3020,6184960,3.4499359130859375,,,0.00029944404510880005,447.3507043869995
3030,6205440,3.085817337036133,,,0.0002994377497634236,448.83555890999924
3040,6225920,3.21297550201416,,,0.000299431419050187,450.1133245259989
3050,6246400,3.5112128257751465,,,0.00029942505297075574,451.47428181599935
3060,6266880,3.2781572341918945,,,0.00029941865152680465,453.06838022400007
3070,6287360,3.0845885276794434,,,0.00029941221472001774,454.3976079669992
3080,6307840,3.159806728363037,,,0.0002994057425520885,455.62706567500027
3090,6328320,3.141132354736328,,,0.00029939923502471957,456.93625467399943
3100,6348800,3.1790823936462402,3.1868396401405334,24.211788439158074,0.0002993926921396229,459.30722474899994
3110,6369280,3.471998929977417,,,0.00029938611389851997,460.44355819500015
3120,6389760,3.0614404678344727,,,0.00029937950030314115,461.6880121899994
3130,6410240,3.3676819801330566,,,0.00029937285135522656,462.92030936300034
3140,6430720,3.1490635871887207,,,0.0002993661670565252,464.2598644030004
3150,6451200,3.360177755355835,,,0.0002993594474087958,465.43798073200014
3160,6471680,3.2595181465148926,,,0.00029935269241380594,466.6107387150005
3170,6492160,3.2086195945739746,,,0.0002993459020733329,467.91620936399886
3180,6512640,3.305748224258423,,,0.00029933907638916293,469.39475798400053
3190,6533120,3.354875087738037,,,0.0002993322153630918,470.81532818899905
3200,6553600,3.2359583377838135,3.147259569168091,23.27220125654886,0.0002993253189969246,473.46412501099985
3210,6574080,3.119264841079712,,,0.0002993183872924755,474.83625519199995
3220,6594560,3.2105960845947266,,,0.0002993114202515681,476.43255476500053
3230,6615040,3.068333148956299,,,0.00029930441787603534,477.70206961700023
3240,6635520,3.1399145126342773,,,0.00029929738016771937,478.98890222499904
3250,6656000,3.2405495643615723,,,0.0002992903071284717,480.20309524500044
3260,6676480,2.993109703063965,,,0.0002992831987601531,481.68642695500057
3270,6696960,3.165461540222168,,,0.0002992760550646336,482.90203499400013
3280,6717440,3.182586193084717,,,0.00029926887604379257,484.1950761570006
3290,6737920,3.359872341156006,,,0.0002992616616995187,485.4193051179991
3300,6758400,3.363558292388916,3.1186110734939576,22.614947319869636,0.0002992544120337099,487.631346619999
3310,6778880,3.292990207672119,,,0.0002992471270482735,488.9225199929988
3320,6799360,3.124051570892334,,,0.00029923980674512586,490.0824937409998
3330,6819840,2.997448444366455,,,0.00029923245112619296,491.3935052729994
3340,6840320,3.1192190647125244,,,0.00029922506019340985,492.5675170510003
3350,6860800,3.1817262172698975,,,0.00029921763394872094,493.7161069819995
3360,6881280,3.058290958404541,,,0.0002992101723940799,494.89965936299996
3370,6901760,3.1574347019195557,,,0.0002992026755314498,496.2707108550003
3380,6922240,2.9743402004241943,,,0.00029919514336280284,497.6034107430005
3390,6942720,2.972616672515869,,,0.0002991875758901206,498.97947915999976
3400,6963200,3.057419538497925,3.082921934127808,21.822071988603266,0.000299179973115394,501.6896613209992
3410,6983680,3.236999988555908,,,0.000299172335040623,502.9620463689989
3420,7004160,3.442115306854248,,,0.00029916466166781715,504.2701499979994
3430,7024640,3.2592735290527344,,,0.00029915695299899517,505.64704462699956
3440,7045120,3.0410962104797363,,,0.00029914920903618503,507.10803456899885
3450,7065600,3.1314849853515625,,,0.00029914142978142405,508.25705337100044
3460,7086080,3.0614757537841797,,,0.0002991336152367587,509.469855334999
3470,7106560,2.982424259185791,,,0.0002991257654042449,510.5804343179989
3480,7127040,2.9928951263427734,,,0.0002991178802859477,511.9265108999989
3490,7147520,3.051825523376465,,,0.0002991099598839416,513.1863310159988
3500,7168000,3.2443017959594727,3.04466792345047,21.003055422522777,0.00029910200420031033,515.6486542019993
3510,7188480,3.250432252883911,,,0.00029909401323714675,517.9266408999993
3520,7208960,2.929182529449463,,,0.0002990859869965532,519.2090302960005
3530,7229440,3.021303176879883,,,0.00029907792548064126,520.5590490909999
3540,7249920,2.9416706562042236,,,0.0002990698286915317,521.9657920689988
3550,7270400,3.227350950241089,,,0.0002990616966313546,523.298010343
3560,7290880,3.2614850997924805,,,0.0002990535293022493,524.5892757029997
3570,7311360,3.0728230476379395,,,0.0002990453267063646,526.209101548
3580,7331840,3.29194974899292,,,0.00029903708884585834,527.7510647199997
3590,7352320,2.960202693939209,,,0.00029902881572289777,529.0047570409988
3600,7372800,3.144191265106201,3.0230295777320864,20.553465778251915,0.00029902050733965937,531.4729802050006
3610,7393280,2.8615384101867676,,,0.00029901216369832885,532.9206247540005
3620,7413760,3.105595827102661,,,0.0002990037848011014,534.2850582190003
3630,7434240,3.0717434883117676,,,0.0002989953706501812,535.764416263999
3640,7454720,3.1791234016418457,,,0.0002989869212477819,537.3117331789999
3650,7475200,2.892608165740967,,,0.00029897843659612637,538.7158552569999
3660,7495680,2.9593114852905273,,,0.0002989699166974467,540.0989161019988
3670,7516160,2.9442930221557617,,,0.00029896136155398433,541.3735597350005
3680,7536640,3.0965895652770996,,,0.00029895277116799004,542.6885967359995
3690,7557120,2.901184320449829,,,0.0002989441455417237,544.0717655480003
3700,7577600,3.0623831748962402,2.9973445653915407,20.032271845576748,0.0002989354846774545,546.6041227059995
3710,7598080,2.9763574600219727,,,0.00029892678857746096,548.2013907219989
3720,7618560,3.1393494606018066,,,0.0002989180572440309,549.6698056339992
3730,7639040,2.9713778495788574,,,0.0002989092906794614,550.899760757
3740,7659520,3.372037172317505,,,0.0002989004888860586,552.0899099590006
3750,7680000,3.1158571243286133,,,0.0002988916518661382,553.2387770120004
3760,7700480,2.847569465637207,,,0.000298882779622025,554.3585537950003
3770,7720960,3.143582344055176,,,0.00029887387215605317,555.5052083579994
3780,7741440,2.8288381099700928,,,0.000298864929470566,556.8132048819989
3790,7761920,2.9554977416992188,,,0.00029885595156791615,558.075219798
3800,7782400,3.216231346130371,2.974714481830597,19.58403085462965,0.0002988469384504656,560.2004968780002
3810,7802880,3.0007505416870117,,,0.00029883789012058535,561.3978768799989
3820,7823360,3.129643440246582,,,0.00029882880658065606,562.8365933829991
3830,7843840,3.0748770236968994,,,0.0002988196878330673,564.1515796849999
3840,7864320,2.9056191444396973,,,0.00029881053388021797,565.7651513239998
3850,7884800,2.876408815383911,,,0.00029880134472451636,567.2331266040001
3860,7905280,3.1863317489624023,,,0.00029879212036837996,568.583829277999
3870,7925760,2.9327797889709473,,,0.0002987828608142355,569.8147097830006
3880,7946240,3.103665351867676,,,0.000298773566064519,571.0361957820005
3890,7966720,3.400625228881836,,,0.00029876423612167573,572.4032101310004
3900,7987200,3.305511474609375,2.954541730880737,19.192925179248565,0.00029875487098816016,574.8054511649989
3910,8007680,2.8604843616485596,,,0.0002987454706664361,576.0634957099992
3920,8028160,3.123476982116699,,,0.00029873603515897655,577.3329948440005
3930,8048640,2.9154367446899414,,,0.0002987265644682638,578.6841969060006
3940,8069120,2.9502363204956055,,,0.0002987170585967895,580.3071614339988
3950,8089600,2.8851542472839355,,,0.00029870751754705436,581.5827766120001
3960,8110080,2.9423062801361084,,,0.0002986979413215685,582.9129135669991
3970,8130560,2.8415184020996094,,,0.0002986883299228511,584.3219600310003
3980,8151040,3.2909047603607178,,,0.00029867868335343084,585.647627598999
3990,8171520,2.7435035705566406,,,0.00029866900161584553,586.9751846349991
4000,8192000,2.8760712146759033,2.9237696051597597,18.611312693443768,0.00029865928471264224,589.3818405689999
4010,8212480,2.9835686683654785,,,0.0002986495326463772,591.8626837619995
4020,8232960,3.034266471862793,,,0.0002986397454196161,593.4238701510003
4030,8253440,3.155301570892334,,,0.00029862992303493377,594.950553404
4040,8273920,3.2096610069274902,,,0.00029862006549491416,596.5956780710003
4050,8294400,2.8033037185668945,,,0.00029861017280215067,597.8527054129991
4060,8314880,3.220938205718994,,,0.0002986002449592459,599.3720564119994
4070,8335360,2.9953453540802,,,0.0002985902819688115,600.6888926680003
4080,8355840,3.013211727142334,,,0.0002985802838334688,601.8828325319992
4090,8376320,2.919166326522827,,,0.0002985702505558479,603.1707024749994
4100,8396800,3.0872769355773926,2.9017585158348083,18.20613300900152,0.0002985601821385884,605.3880714779989
4110,8417280,3.1526904106140137,,,0.00029855007858433914,606.7919780520006
4120,8437760,2.8421690464019775,,,0.0002985399398957581,608.090493796999
4130,8458240,2.9472153186798096,,,0.0002985297660755126,609.478626398999
4140,8478720,2.9322402477264404,,,0.0002985195571262792,610.7817393969999
4150,8499200,2.93607759475708,,,0.0002985093130507436,612.0142055309989
4160,8519680,2.7708797454833984,,,0.00029849903385160086,613.3005245349996
4170,8540160,3.020791530609131,,,0.00029848871953155523,614.7944343529998
4180,8560640,3.0188746452331543,,,0.00029847837009332016,615.8963781029997
4190,8581120,2.712280750274658,,,0.00029846798553961835,617.1245259259995
4200,8601600,3.028179883956909,2.8820939660072327,17.851614744433284,0.0002984575658731819,619.4579038840002
4210,8622080,3.1633715629577637,,,0.0002984471110967519,620.7172755600004
4220,8642560,2.8993468284606934,,,0.00029843662121307877,621.9162153899997
4230,8663040,3.0063588619232178,,,0.0002984260962249223,623.0856154609992
4240,8683520,2.9171900749206543,,,0.00029841553613505135,624.4073409739995
4250,8704000,3.2791643142700195,,,0.000298404940946244,625.6436153489994
4260,8724480,2.9712936878204346,,,0.0002983943106612877,626.8894677829994
4270,8744960,2.9924111366271973,,,0.00029838364528297906,628.083919703
4280,8765440,2.970186471939087,,,0.00029837294481412395,629.2053493639996
4290,8785920,2.9595046043395996,,,0.0002983622092575374,630.332067329
4300,8806400,2.914795398712158,2.859428346157074,17.4515478401695,0.0002983514386160437,632.6749996879989
4310,8826880,2.9326047897338867,,,0.00029834063289247646,633.8417789639989
4320,8847360,3.4356813430786133,,,0.00029832979208967836,635.0120076330004
4330,8867840,2.995734214782715,,,0.0002983189162105015,636.302619262
4340,8888320,2.843329906463623,,,0.000298308005257807,637.7467438250005
4350,8908800,2.9296674728393555,,,0.0002982970592344654,639.024868475999
4360,8929280,2.674757957458496,,,0.00029828607814335635,640.3937315580006
4370,8949760,2.9486827850341797,,,0.0002982750619873687,641.9526106840003
4380,8970240,2.6666440963745117,,,0.00029826401076940063,643.1517240419998
4390,8990720,3.121382713317871,,,0.0002982529244923595,644.3637534369991
4400,9011200,2.8218705654144287,2.841446280479431,17.14053764412211,0.0002982418031591619,646.5400873899998
4410,9031680,2.694568157196045,,,0.00029823064677273354,647.9666917399991
4420,9052160,2.637082815170288,,,0.0002982194553360096,649.3698455470003
4430,9072640,3.107320785522461,,,0.0002982082288519341,651.2060442339989
4440,9093120,2.9985804557800293,,,0.0002981969673234606,652.4298388930001
4450,9113600,3.023395299911499,,,0.0002981856707535519,653.9360181699994
4460,9134080,2.7287702560424805,,,0.0002981743391451798,655.4824841989994
4470,9154560,2.9928033351898193,,,0.0002981629725013254,657.058996926
4480,9175040,2.933648109436035,,,0.00029815157082497905,658.3352939969991
4490,9195520,3.010167121887207,,,0.00029814013411914023,659.7177514439991
4500,9216000,2.7050817012786865,2.81987384557724,16.77473433172326,0.00029812866238681786,661.9465744070003
4510,9236480,2.885300636291504,,,0.0002981171556310299,664.4936487539999
4520,9256960,2.819882392883301,,,0.0002981056138548034,665.7241758090004
4530,9277440,2.902813673019409,,,0.00029809403706117487,666.8698719639997
4540,9297920,2.8495635986328125,,,0.00029808242525318994,668.0357910900002
4550,9318400,2.5942864418029785,,,0.00029807077843390343,669.2176470459999
4560,9338880,2.953188419342041,,,0.00029805909660637935,670.4870633579994
4570,9359360,2.89040470123291,,,0.00029804737977369097,671.6359902450004
4580,9379840,2.7321691513061523,,,0.0002980356279389208,672.8079843350006
4590,9400320,2.8901994228363037,,,0.0002980238411051604,674.0353802239988
4600,9420800,2.8520965576171875,2.8073800206184387,16.56645753343439,0.00029801201927551077,676.4618262589993
4610,9441280,3.149718761444092,,,0.0002980001624530819,677.6919226419996
4620,9461760,2.9018962383270264,,,0.0002979882706409932,679.3922327370001
4630,9482240,3.168339252471924,,,0.000297976343842373,680.6386437469992
4640,9502720,3.0360469818115234,,,0.00029796438206035916,681.9486578269989
4650,9523200,2.8489437103271484,,,0.0002979523852980985,683.1376215250002
4660,9543680,2.7646706104278564,,,0.0002979403535587471,684.5245936219999
4670,9564160,2.8515994548797607,,,0.0002979282868454704,685.89449728
4680,9584640,2.939023494720459,,,0.0002979161851614427,687.0357218070003
4690,9605120,2.68468976020813,,,0.00029790404850984787,688.3059057810005
4700,9625600,3.004427909851074,2.7946542739868163,16.356972744524175,0.0002978918768938788,690.489230068999
4710,9646080,2.8328943252563477,,,0.0002978796703167375,691.677759148999
4720,9666560,2.822906017303467,,,0.00029786742878163547,692.8738467719995
4730,9687040,2.729856014251709,,,0.000297855152291793,694.1992255269997
4740,9707520,3.078528881072998,,,0.0002978428408504399,695.3693584310004
4750,9728000,2.975036859512329,,,0.00029783049446081497,697.0511354669998
4760,9748480,2.7215967178344727,,,0.0002978181131261664,698.4889892779993
4770,9768960,2.707841396331787,,,0.00029780569684975146,699.9436188290001
4780,9789440,3.116877317428589,,,0.00029779324563483655,701.0960471039998
4790,9809920,2.8330297470092773,,,0.0002977807594846974,702.4925189509995
4800,9830400,3.173038959503174,2.780484640598297,16.126834773279292,0.00029776823840261884,704.794407673
4810,9850880,2.781627893447876,,,0.0002977556823918949,706.0434836610002
4820,9871360,2.923774242401123,,,0.00029774309145582886,707.2648576369993
4830,9891840,2.8126461505889893,,,0.000297730465597733,708.5236612049994
4840,9912320,2.7334177494049072,,,0.00029771780482092916,709.9641199609996
4850,9932800,2.957277297973633,,,0.00029770510912874797,711.2794741119997
4860,9953280,2.6110353469848633,,,0.00029769237852452944,712.7366942059998
4870,9973760,2.68402099609375,,,0.00029767961301162277,714.2958325639993
4880,9994240,2.7594895362854004,,,0.0002976668125933863,715.9463823059996
4890,10014720,2.6925504207611084,,,0.0002976539772731875,717.4554309409996
4900,10035200,2.699394702911377,2.7559261083602906,15.735607034083046,0.0002976411070544032,719.7668234399989
4910,10055680,2.846402406692505,,,0.0002976282019404191,721.1261805979993
4920,10076160,2.809441089630127,,,0.0002976152619346305,722.4954877429991
4930,10096640,2.981445789337158,,,0.00029760228704044155,724.0911059589998
4940,10117120,2.9635283946990967,,,0.0002975892772612657,725.433297006999
4950,10137600,2.68142032623291,,,0.0002975762326005255,726.7653766949988
4960,10158080,2.4168412685394287,,,0.0002975631530616528,727.891730719999
4970,10178560,2.788017511367798,,,0.0002975500386480886,729.0116694219996
4980,10199040,2.5815181732177734,,,0.0002975368893632829,730.1769389769997
4990,10219520,2.9906907081604004,,,0.00029752370521069513,731.7094574530001
5000,10240000,3.051060914993286,2.740997791290283,15.502445587070616,0.0002975104861937938,734.3441790609995
5010,10260480,2.76961350440979,,,0.00029749723231605645,736.7650293299994
5020,10280960,2.9102978706359863,,,0.00029748394358097,738.0307414069994
5030,10301440,2.8869712352752686,,,0.0002974706199920304,739.3235232389998
5040,10321920,2.764008045196533,,,0.00029745726155274284,740.9254663849988
5050,10342400,2.831177234649658,,,0.0002974438682666217,742.4069205409996
5060,10362880,3.0689303874969482,,,0.00029743044013719037,744.026388418999
5070,10383360,2.81134033203125,,,0.00029741697716798157,745.5397458320003
5080,10403840,3.198575496673584,,,0.0002974034793625372,746.8818356989996
5090,10424320,2.7274832725524902,,,0.00029738994672440813,748.0837026249992
5100,10444800,2.9544897079467773,2.727119779586792,15.28878846298655,0.0002973763792571547,750.4566049709993
5110,10465280,2.911418914794922,,,0.00029736277696434607,751.8668320359993
5120,10485760,2.8882060050964355,,,0.00029734913984956083,753.3093024999998
5130,10506240,2.576618194580078,,,0.0002973354679163866,754.5510531929995
5140,10526720,2.7470479011535645,,,0.00029732176116842014,755.8772073559994
5150,10547200,2.8970417976379395,,,0.00029730801960926753,757.286197419
5160,10567680,2.924238681793213,,,0.0002972942432425438,758.8395107380002
5170,10588160,2.611299991607666,,,0.0002972804320718733,760.0766382910006
5180,10608640,2.876492977142334,,,0.0002972665861008894,761.2112719050001
5190,10629120,2.5596675872802734,,,0.00029725270533323476,762.43070094
5200,10649600,3.071068048477173,2.7062872409820558,14.973578894718285,0.0002972387897725611,764.5769185730005
5210,10670080,2.5531740188598633,,,0.0002972248394225294,765.7795964609995
5220,10690560,2.970089912414551,,,0.0002972108542868095,767.0129500580006
5230,10711040,2.7590231895446777,,,0.00029719683436908083,768.4193810719989
5240,10731520,2.8017446994781494,,,0.00029718277967303165,769.7792545169996
5250,10752000,2.6689822673797607,,,0.0002971686902023595,771.1412490940002
5260,10772480,2.6847400665283203,,,0.00029715456596077103,772.4989994409989
5270,10792960,2.855956554412842,,,0.00029714040695198203,774.2494853219996
5280,10813440,3.0804848670959473,,,0.0002971262131797174,775.4593238189991
5290,10833920,2.7842955589294434,,,0.00029711198464771137,776.6150803469991
5300,10854400,2.9502744674682617,2.6943912744522094,14.796508998286543,0.00029709772135970707,778.9096384259992
5310,10874880,2.6390490531921387,,,0.0002970834233194569,780.5175013099997
5320,10895360,2.8512518405914307,,,0.00029706909053072236,781.674754059999
5330,10915840,2.7974801063537598,,,0.00029705472299727424,783.3429851399997
5340,10936320,2.675252914428711,,,0.00029704032072289224,784.8317613099989
5350,10956800,2.591047763824463,,,0.0002970258837113653,786.1729348659992
5360,10977280,2.97542667388916,,,0.00029701141196649154,787.422210965
5370,10997760,2.781583547592163,,,0.0002969969054920782,788.6314171459999
5380,11018240,2.626680374145508,,,0.0002969823642919416,789.9220618710006
5390,11038720,2.777585506439209,,,0.00029696778836990726,791.1272227270001
5400,11059200,2.7739696502685547,2.6884631156921386,14.709052428190141,0.00029695317772980985,793.2486911380001
5410,11079680,2.8314151763916016,,,0.00029693853237549304,794.6264472109997
5420,11100160,2.5649826526641846,,,0.00029692385231080986,795.876415232
5430,11120640,2.8580260276794434,,,0.0002969091375396222,797.3232234089992
5440,11141120,2.7656936645507812,,,0.0002968943880658013,798.8205383120003
5450,11161600,2.7183167934417725,,,0.0002968796038932274,800.2232971789999
5460,11182080,2.9569945335388184,,,0.00029686478502578996,801.5352263829991
5470,11202560,2.6662185192108154,,,0.00029684993146738756,802.8388008069996
5480,11223040,2.712710380554199,,,0.0002968350432219278,804.6096126539996
5490,11243520,2.700462818145752,,,0.0002968201202933275,806.2793079559997
5500,11264000,2.804716110229492,2.671090006828308,14.455717439112373,0.00029680516268551255,808.6014987819999
5510,11284480,2.4787628650665283,,,0.00029679017040241804,811.0056095799991
5520,11304960,2.7310595512390137,,,0.0002967751434479881,812.2545763859998
5530,11325440,2.6194024085998535,,,0.0002967600818261761,813.4763221159992
5540,11345920,2.4799954891204834,,,0.00029674498554094436,814.6378059469989
5550,11366400,3.0294270515441895,,,0.0002967298545962645,815.8738130820002
5560,11386880,2.796562910079956,,,0.00029671468899611706,817.4952287519991
5570,11407360,2.7790322303771973,,,0.0002966994887444918,818.834642029
5580,11427840,2.779057502746582,,,0.0002966842538453877,820.2506169129992
5590,11448320,2.6992270946502686,,,0.0002966689843028127,821.717936518
5600,11468800,2.986020088195801,2.6623459219932557,14.329866447217348,0.00029665368012078393,823.9375615159988
5610,11489280,2.686950206756592,,,0.0002966383413033276,825.2957524149988
5620,11509760,2.534459114074707,,,0.00029662296785447904,826.7402413439995
5630,11530240,2.527163505554199,,,0.00029660755977828265,827.8645355480003
5640,11550720,2.695890426635742,,,0.00029659211707879206,829.0531151089999
5650,11571200,2.9391260147094727,,,0.00029657663976006985,830.4259018339999
5660,11591680,2.797463893890381,,,0.0002965611278261879,831.8420906039992
5670,11612160,2.674335479736328,,,0.000296545581281227,833.4842750810003
5680,11632640,2.8684258460998535,,,0.00029653000012927716,835.1634487409992
5690,11653120,2.643721103668213,,,0.0002965143843744375,836.5706445779997
5700,11673600,2.863342523574829,2.6377241134643556,13.98134741061693,0.0002964987340208161,839.1620596560006
5710,11694080,2.7948367595672607,,,0.0002964830490725304,840.7890574559988
5720,11714560,2.8272852897644043,,,0.00029646732953370666,842.2129368869992
5730,11735040,2.804886817932129,,,0.0002964515754084805,843.3690245429989
5740,11755520,2.658169746398926,,,0.0002964357867009964,844.5287568949989
5750,11776000,2.498748302459717,,,0.00029641996341540813,845.7017308569993
5760,11796480,2.751497268676758,,,0.0002964041055558784,846.9225032089998
5770,11816960,2.714426279067993,,,0.0002963882131265792,848.5679074479995
5780,11837440,2.8219175338745117,,,0.0002963722861316914,849.6887931860001
5790,11857920,2.9889984130859375,,,0.00029635632457540513,850.8535866940001
5800,11878400,2.8970823287963867,2.639844000339508,14.011017723231456,0.0002963403284619195,852.816465807
5810,11898880,2.6426966190338135,,,0.00029632429779544286,853.8988992720006
5820,11919360,2.756282329559326,,,0.00029630823258019253,855.2985544330004
5830,11939840,2.8844380378723145,,,0.00029629213282039485,856.7416978990004
5840,11960320,2.6816089153289795,,,0.0002962759985202854,858.1982173719989
5850,11980800,2.5290846824645996,,,0.00029625982968410885,859.5830944469999
5860,12001280,2.7126998901367188,,,0.00029624362631611883,860.9500296080005
5870,12021760,2.4733786582946777,,,0.0002962273884205781,862.4741739749988
5880,12042240,2.4374382495880127,,,0.00029621111600175855,863.7379089509996
5890,12062720,2.6570911407470703,,,0.0002961948090639411,864.9172565789995
5900,12083200,2.474778413772583,2.6168436408042908,13.69243705748236,0.0002961784676114159,867.209862149999
5910,12103680,2.742737054824829,,,0.0002961620916484819,868.4057848489992
5920,12124160,3.023792028427124,,,0.00029614568117944737,869.5579415920001
5930,12144640,2.601417303085327,,,0.00029612923620862954,870.7398950989991
5940,12165120,2.438082695007324,,,0.00029611275674035475,871.8558625690002
5950,12185600,2.67918062210083,,,0.0002960962427789584,873.0041387519996
5960,12206080,2.651557445526123,,,0.00029607969432878504,874.2263923649989
5970,12226560,2.646151542663574,,,0.0002960631113941882,875.6369660580003
5980,12247040,2.640476703643799,,,0.00029604649397953046,876.7455725999989
5990,12267520,2.8366875648498535,,,0.00029602984208918366,877.9853444749988
6000,12288000,2.505311965942383,2.6031091094017027,13.505663411025914,0.00029601315572752845,880.9456145080003
6010,12308480,2.6381685733795166,,,0.00029599643489895477,883.309275313999
6020,12328960,2.5903854370117188,,,0.0002959796796078614,884.6869971939996
6030,12349440,2.792564868927002,,,0.00029596288985865647,886.0890967920004
6040,12369920,2.9409444332122803,,,0.00029594606565575693,887.5023452209989
6050,12390400,2.735682725906372,,,0.0002959292070035889,888.7193263119989
6060,12410880,2.5814342498779297,,,0.00029591231390658764,890.2662432109992
6070,12431360,2.6739609241485596,,,0.0002958953863691973,891.5124053159998
6080,12451840,2.7536792755126953,,,0.0002958784243958711,892.6889220489993
6090,12472320,2.765113353729248,,,0.00029586142799107153,893.9532044409989
6100,12492800,2.8475615978240967,2.6010187745094298,13.477461537503684,0.00029584439715926996,896.3420500769989
6110,12513280,2.8385276794433594,,,0.0002958273319049468,897.580663966999
6120,12533760,2.5824503898620605,,,0.0002958102322325917,898.8135257739996
6130,12554240,2.4267921447753906,,,0.0002957930981467031,900.0399042509998
6140,12574720,2.6480109691619873,,,0.0002957759296517887,901.1970052429988
6150,12595200,2.5938901901245117,,,0.0002957587267523652,902.386988446
6160,12615680,2.7710375785827637,,,0.0002957414894529583,903.5384003050003
6170,12636160,2.6802337169647217,,,0.00029572421775810276,904.6911988619995
6180,12656640,2.552990674972534,,,0.0002957069116723425,905.9303518830002
6190,12677120,2.7979538440704346,,,0.00029568957120023037,907.110037163
6200,12697600,2.829970598220825,2.586783003807068,13.286958680123709,0.0002956721963463282,909.6370000409988
6210,12718080,2.755821943283081,,,0.0002956547871152071,910.960815159
6220,12738560,2.5452282428741455,,,0.0002956373435114471,912.4990922010002
6230,12759040,2.8160722255706787,,,0.00029561986553963714,914.259697559999
6240,12779520,2.4195778369903564,,,0.00029560235320437537,915.7962747309994
6250,12800000,2.512913227081299,,,0.00029558480651026894,917.4290638229995
6260,12820480,2.3212227821350098,,,0.00029556722546193406,919.114855423999
6270,12840960,2.7322983741760254,,,0.0002955496100639959,920.7533828859996
6280,12861440,2.73594331741333,,,0.0002955319603210887,922.1387934639988
6290,12881920,2.627948522567749,,,0.00029551427623785586,923.2663261460002
6300,12902400,2.9292688369750977,2.5786030888557434,13.178715800485975,0.0002954965578189496,925.3871482319992
6310,12922880,2.488339900970459,,,0.00029547880506903125,926.5053876139991
6320,12943360,3.090576410293579,,,0.00029546101799277134,927.7466106709999
6330,12963840,2.692535877227783,,,0.0002954431965948492,928.8730529080003
6340,12984320,2.619872808456421,,,0.00029542534087995326,930.1570013359997
6350,13004800,2.4849252700805664,,,0.000295407450852781,931.2534053729996
6360,13025280,2.4845476150512695,,,0.00029538952651803903,932.3954782109995
6370,13045760,2.8120827674865723,,,0.0002953715678804428,933.773292885
6380,13066240,2.4426403045654297,,,0.0002953535749447169,935.0651888829998
6390,13086720,2.548750400543213,,,0.0002953355477155948,936.506471576
6400,13107200,2.7516238689422607,2.562540364265442,12.968720779292456,0.0002953174861978192,938.672675251999
6410,13127680,2.4452641010284424,,,0.00029529939039614174,940.0062406599991
6420,13148160,2.616985321044922,,,0.00029528126031532306,941.350141167999
6430,13168640,2.6211957931518555,,,0.00029526309596013267,943.161121915
6440,13189120,2.843034267425537,,,0.0002952448973353494,944.7238377409994
6450,13209600,2.965622663497925,,,0.00029522666444576094,946.180155217
6460,13230080,2.5026655197143555,,,0.00029520839729616394,947.5226217589989
6470,13250560,2.6526894569396973,,,0.0002951900958913641,949.2505463630005
6480,13271040,2.698124408721924,,,0.0002951717602361762,950.7346699930004
6490,13291520,2.4588358402252197,,,0.000295153390335424,952.0600262179996
6500,13312000,2.6692376136779785,2.554070162773132,12.85933700646346,0.00029513498619394016,954.348170547999
6510,13332480,2.6419103145599365,,,0.0002951165478165665,957.1328343559999
6520,13352960,2.274883270263672,,,0.0002950980752081538,958.6810908110001
6530,13373440,2.3997859954833984,,,0.0002950795683735618,960.0239725899992
6540,13393920,2.6929774284362793,,,0.00029506102731765926,961.2750433580004
6550,13414400,2.588585376739502,,,0.000295042452045324,962.5623032189997
6560,13434880,2.59017276763916,,,0.0002950238425614428,963.7074499729988
6570,13455360,2.7630488872528076,,,0.0002950051988709114,964.820130266
6580,13475840,2.507326602935791,,,0.00029498652097863465,965.9314376689999
6590,13496320,2.5358729362487793,,,0.0002949678088895262,967.0466104309999
6600,13516800,2.7878949642181396,2.5391345024108887,12.668701493890575,0.00029494906260850895,969.4780797019994
6610,13537280,2.3825149536132812,,,0.00029493028214051456,970.764629633999
6620,13557760,2.566753387451172,,,0.0002949114674904839,972.2016728019989
6630,13578240,2.830443859100342,,,0.0002948926186633666,973.3565250539996
6640,13598720,2.4269304275512695,,,0.00029487373566412155,974.5684656310004
6650,13619200,2.547846794128418,,,0.00029485481849771643,975.844342807999
6660,13639680,2.730018138885498,,,0.0002948358671691279,977.0253456739993
6670,13660160,2.567316770553589,,,0.0002948168816833418,978.2303420429998
6680,13680640,2.6784186363220215,,,0.0002947978620453527,979.6888787529988
6690,13701120,2.6495625972747803,,,0.0002947788082601643,981.258522139
6700,13721600,2.4009146690368652,2.5300010323524473,12.553519096317704,0.0002947597203327893,983.7162931780003
6710,13742080,2.471806526184082,,,0.00029474059826824944,985.2639695409998
6720,13762560,2.268385648727417,,,0.0002947214420715752,986.6283716580001
6730,13783040,2.6904208660125732,,,0.0002947022517478063,988.3906780159996
6740,13803520,2.779064178466797,,,0.0002946830273019912,989.7148020059994
6750,13824000,2.6988534927368164,,,0.00029466376873918756,991.2936907290004
6760,13844480,2.7152602672576904,,,0.00029464447606446193,992.6760783469999
6770,13864960,2.7164714336395264,,,0.0002946251492828898,994.0010334509989
6780,13885440,2.825782060623169,,,0.0002946057883995556,995.3473047610005
6790,13905920,2.4767913818359375,,,0.00029458639341955285,996.759454391
6800,13926400,2.6115808486938477,2.526762366294861,12.512928205766606,0.00029456696434798397,998.9415808279991
6810,13946880,2.739765167236328,,,0.0002945475011899604,1000.2383895700004
6820,13967360,2.610408306121826,,,0.0002945280039506024,1001.7001853549991
6830,13987840,2.5391199588775635,,,0.00029450847263503936,1002.9216448459993
6840,14008320,2.7912049293518066,,,0.0002944889072484096,1004.1100642090005
6850,14028800,2.650942802429199,,,0.00029446930779586036,1005.3663343099997
6860,14049280,2.7075247764587402,,,0.00029444967428254783,1006.8049147500005
6870,14069760,2.312941551208496,,,0.00029443000671363717,1008.0315861870004
6880,14090240,2.8071656227111816,,,0.0002944103050943026,1009.283165461
6890,14110720,2.2944302558898926,,,0.00029439056942972717,1010.4621392489989
6900,14131200,2.3966970443725586,2.5080834865570067,12.281370080355057,0.000294370799725103,1012.9735062109994
6910,14151680,2.5678939819335938,,,0.00029435099598563096,1014.2214090239995
6920,14172160,2.292645215988159,,,0.0002943311582165212,1015.5988371149997
6930,14192640,2.6267945766448975,,,0.0002943112864229925,1016.9959152020001
6940,14213120,2.5044150352478027,,,0.0002942913806102727,1018.352442637999
6950,14233600,2.8302886486053467,,,0.0002942714407835988,1019.8912170160002
6960,14254080,2.5804269313812256,,,0.00029425146694821635,1021.3344092400002
6970,14274560,2.694129705429077,,,0.00029423145910938023,1022.8434820499988
6980,14295040,2.8365426063537598,,,0.000294211417272354,1024.572604334
6990,14315520,2.5724520683288574,,,0.00029419134144241033,1025.959965868
7000,14336000,2.6565401554107666,2.5015172123908997,12.200991420231786,0.00029417123162483067,1028.2219495699992
7010,14356480,2.4095516204833984,,,0.0002941510878249056,1030.5651110870003
7020,14376960,2.5573244094848633,,,0.00029413091004793456,1032.2018437200004
7030,14397440,2.412022829055786,,,0.0002941106982992258,1033.427504420999
7040,14417920,2.389861822128296,,,0.0002940904525840967,1034.6957978350001
7050,14438400,2.5569722652435303,,,0.0002940701729078735,1036.1905178439993
7060,14458880,2.6926355361938477,,,0.00029404985927589144,1037.672241065
7070,14479360,2.470588207244873,,,0.0002940295116934945,1039.4829325819992
7080,14499840,2.4666523933410645,,,0.00029400913016603574,1041.018418833999
7090,14520320,2.591717004776001,,,0.0002939887146988772,1042.5079618
7100,14540800,2.61566162109375,2.4993441820144655,12.174507081311218,0.00029396826529738977,1045.2395199599996
7110,14561280,2.681241989135742,,,0.00029394778196695324,1046.4224475009996
7120,14581760,2.684119462966919,,,0.00029392726471295634,1047.784852683999
7130,14602240,2.5168731212615967,,,0.0002939067135407968,1048.9065930729994
7140,14622720,2.5689077377319336,,,0.00029388612845588117,1050.0787436829996
7150,14643200,2.5595574378967285,,,0.00029386550946362497,1051.3142864820002
7160,14663680,2.3080782890319824,,,0.0002938448565694527,1052.4951068219998
7170,14684160,2.4804069995880127,,,0.00029382416977879767,1053.9381819310001
7180,14704640,2.426483154296875,,,0.00029380344909710215,1055.323310058
7190,14725120,2.4667410850524902,,,0.00029378269452981737,1056.8929271569996
7200,14745600,2.6316375732421875,2.4842225193977354,11.991793242882883,0.0002937619060824034,1059.277472541
7210,14766080,2.654536247253418,,,0.0002937410837603293,1060.624158884999
7220,14786560,2.3139312267303467,,,0.000293720227569073,1061.8982304469992
7230,14807040,2.5532448291778564,,,0.00029369933751412133,1063.2159643239993
7240,14827520,2.6244850158691406,,,0.00029367841360097,1064.5250605660003
7250,14848000,2.5532307624816895,,,0.0002936574558351237,1065.8104051009996
7260,14868480,2.2695741653442383,,,0.0002936364642220961,1067.0096991049995
7270,14888960,2.2760543823242188,,,0.0002936154387674095,1068.3502519159993
7280,14909440,2.346754550933838,,,0.0002935943794765954,1069.7347187729993
7290,14929920,2.511549949645996,,,0.000293573286355194,1070.906130985999
7300,14950400,2.586423397064209,2.47610365152359,11.894827616157434,0.0002935521594087544,1073.332991715999
7310,14970880,2.6799492835998535,,,0.0002935309986428349,1074.5376881079992
7320,14991360,2.545370101928711,,,0.0002935098040630023,1075.7007411039995
7330,15011840,2.639223098754883,,,0.0002934885756748325,1076.8579509659994
7340,15032320,2.4065542221069336,,,0.00029346731348391027,1078.0353138729988
7350,15052800,2.4849207401275635,,,0.00029344601749582927,1079.3550445719993
7360,15073280,2.4122276306152344,,,0.000293424687716192,1080.9834500289999
7370,15093760,2.6093146800994873,,,0.00029340332415061,1082.6622291919994
7380,15114240,2.674405097961426,,,0.0002933819268047035,1084.2753979549998
7390,15134720,2.5856151580810547,,,0.0002933604956841017,1085.6420669109993
7400,15155200,2.563398599624634,2.470135009288788,11.824043099539256,0.00029333903079444283,1088.0843940679988
7410,15175680,2.7843875885009766,,,0.0002933175321413737,1089.3484926239998
7420,15196160,2.468733787536621,,,0.0002932959997305502,1090.7635581590002
7430,15216640,2.5398812294006348,,,0.0002932744335676372,1092.3225937489988
7440,15237120,2.494408130645752,,,0.00029325283365830816,1093.7232982999994
7450,15257600,2.423335075378418,,,0.0002932312000082457,1094.9787685640003
7460,15278080,2.5806548595428467,,,0.0002932095326231412,1096.18397448
7470,15298560,2.355651378631592,,,0.0002931878315086948,1097.440690334999
7480,15319040,2.450977087020874,,,0.0002931660966706157,1098.590385387999
7490,15339520,2.647512912750244,,,0.0002931443281146219,1099.9027830550003
7500,15360000,2.235084056854248,2.4624408721923827,11.733416385169505,0.0002931225258464402,1102.356056183
7510,15380480,2.5450949668884277,,,0.0002931006898718065,1104.7308801229992
7520,15400960,2.505605697631836,,,0.0002930788201964652,1106.2306909529998
7530,15421440,2.4218804836273193,,,0.00029305691682617,1107.4961333379997
7540,15441920,2.288170337677002,,,0.000293034979766683,1108.690790745999
7550,15462400,2.4383249282836914,,,0.0002930130090237755,1109.9169559410002
7560,15482880,2.511779308319092,,,0.0002929910046032276,1111.3898784479989
7570,15503360,2.4424076080322266,,,0.0002929689665108282,1112.764552397999
7580,15523840,2.5348591804504395,,,0.00029294689475237504,1114.174469608999
7590,15544320,2.5451345443725586,,,0.0002929247893336747,1115.517921962999
7600,15564800,2.4553945064544678,2.457231330871582,11.672449610026963,0.00029290265026054284,1117.9841744860005
7610,15585280,2.543309211730957,,,0.00029288047753880367,1119.427301763999
7620,15605760,2.48288631439209,,,0.00029285827117429044,1120.7790891509994
7630,15626240,2.7978620529174805,,,0.0002928360311728452,1122.0565052370002
7640,15646720,2.4690794944763184,,,0.0002928137575403187,1123.3919792119996
7650,15667200,3.008824110031128,,,0.000292791450282571,1124.6812697900004
7660,15687680,2.345968246459961,,,0.0002927691094054704,1126.4550838309988
7670,15708160,2.332728385925293,,,0.0002927467349148944,1127.912382004999
7680,15728640,2.359828472137451,,,0.00029272432681672934,1129.3542991739996
7690,15749120,2.6413283348083496,,,0.0002927018851168703,1131.1776982039992
7700,15769600,2.711188793182373,2.4487483382225035,11.573851102267874,0.00029267940982122124,1133.8891484039996
7710,15790080,2.917829990386963,,,0.000292656900935695,1135.297327573
7720,15810560,2.765001058578491,,,0.0002926343584662131,1136.7185393750005
7730,15831040,2.4357738494873047,,,0.0002926117824187062,1138.0018463689994
7740,15851520,2.614191770553589,,,0.0002925891727991134,1139.3535162869994
7750,15872000,2.5861244201660156,,,0.0002925665296133829,1140.7140806650004
7760,15892480,2.706268787384033,,,0.0002925438528674718,1141.9478301670006
7770,15912960,2.441507339477539,,,0.0002925211425673457,1143.5315874930002
7780,15933440,2.4755592346191406,,,0.0002924983987189793,1144.8574039989999
7790,15953920,2.5023980140686035,,,0.00029247562132835606,1146.0254805080003
7800,15974400,2.5689468383789062,2.4382310032844545,11.452762912399228,0.0002924528104014683,1148.5842528089997
7810,15994880,2.5580074787139893,,,0.00029242996594431697,1149.9865648840005
7820,16015360,2.5498976707458496,,,0.00029240708796291214,1151.288385640999
7830,16035840,2.504610061645508,,,0.00029238417646327246,1152.6554392119997
7840,16056320,2.2652039527893066,,,0.0002923612314514255,1154.0135975150006
7850,16076800,2.6534574031829834,,,0.0002923382529334077,1155.3485587039995
7860,16097280,2.500166416168213,,,0.00029231524091526405,1156.5655320389997
7870,16117760,2.4553141593933105,,,0.0002922921954030488,1157.9615903129998
7880,16138240,2.8353114128112793,,,0.00029226911640282456,1159.450563807999
7890,16158720,2.49920392036438,,,0.0002922460039206631,1160.7510514820005
7900,16179200,2.7438387870788574,2.430894136428833,11.36904301221287,0.0002922228579626447,1163.300434282999
7910,16199680,2.473869800567627,,,0.00029219967853485866,1164.6801654249994
7920,16220160,2.2894325256347656,,,0.00029217646564340307,1165.9385471719997
7930,16240640,2.735414981842041,,,0.0002921532192943847,1167.1276104139997
7940,16261120,2.628878355026245,,,0.00029212993949391926,1168.5405753180003
7950,16281600,2.7016797065734863,,,0.00029210662624813114,1169.9152685589997
7960,16302080,2.348841667175293,,,0.0002920832795631536,1171.2183604469992
7970,16322560,2.2643063068389893,,,0.0002920598994451287,1172.419004256999
7980,16343040,2.2405176162719727,,,0.00029203648590020724,1173.5689178339999
7990,16363520,2.5937752723693848,,,0.00029201303893454893,1174.7740946449994
8000,16384000,2.614910125732422,2.421983575820923,11.268188467967121,0.00029198955855432214,1176.9982115170005
8010,16404480,2.736598014831543,,,0.00029196604476570406,1179.3678633219988
8020,16424960,2.3456993103027344,,,0.00029194249757488066,1180.6673650939993
8030,16445440,2.2536187171936035,,,0.00029191891698804686,1181.7793494609996
8040,16465920,2.667421817779541,,,0.0002918953030114062,1182.8918514319994
8050,16486400,2.5214834213256836,,,0.0002918716556511709,1184.133595591
8060,16506880,2.5913925170898438,,,0.00029184797491356234,1185.4373060929993
8070,16527360,2.549391508102417,,,0.00029182426080481025,1186.7747364490006
8080,16547840,2.463099956512451,,,0.0002918005133311534,1188.2898308709991
8090,16568320,2.2590808868408203,,,0.00029177673249883925,1189.7098826279998
8100,16588800,2.4519245624542236,2.41628121137619,11.20411600657375,0.0002917529183141241,1192.1465151310003
8110,16609280,2.5644543170928955,,,0.00029172907078327297,1193.4674754499993
8120,16629760,2.45401930809021,,,0.00029170518991255965,1194.8402679299998
8130,16650240,2.3206348419189453,,,0.0002916812757082667,1196.2621080869994
8140,16670720,2.465397357940674,,,0.0002916573281766855,1197.5692996140006
8150,16691200,2.355811595916748,,,0.00029163334732411615,1198.7695469150003
8160,16711680,2.389815330505371,,,0.0002916093331568675,1199.9475125480003
8170,16732160,2.4583635330200195,,,0.00029158528568125726,1201.2075307920004
8180,16752640,2.3544559478759766,,,0.0002915612049036118,1202.4175873719996
8190,16773120,2.361943244934082,,,0.0002915370908302662,1203.7476258589995
8200,16793600,2.4087109565734863,2.4085258722305296,11.117560355157064,0.0002915129434675645,1205.9372682060002
8210,16814080,2.4865522384643555,,,0.0002914887628218594,1207.096597115
8220,16834560,2.4482810497283936,,,0.00029146454889951223,1208.4537847339998
8230,16855040,2.5031869411468506,,,0.0002914403017068933,1209.775479721
8240,16875520,2.5370614528656006,,,0.00029141602125038146,1210.9774262369992
8250,16896000,2.393627166748047,,,0.0002913917075363645,1212.1257656069993
8260,16916480,2.4611005783081055,,,0.0002913673605712388,1213.3143533869988
8270,16936960,2.424856185913086,,,0.00029134298036140956,1214.4416753450005
8280,16957440,2.5325560569763184,,,0.0002913185669132907,1215.629392412
8290,16977920,2.606534004211426,,,0.00029129412023330497,1217.199614838999
8300,16998400,2.176103115081787,2.401611626148224,11.040955943088704,0.00029126964032788385,1219.4045335270002
8310,17018880,2.71403431892395,,,0.0002912451272034673,1220.5065248070005
8320,17039360,2.39420223236084,,,0.00029122058086650444,1221.6705599380002
8330,17059840,2.239137649536133,,,0.0002911960013234528,1222.7880114609998
8340,17080320,2.524946689605713,,,0.00029117138858077884,1223.9294331749988
8350,17100800,2.642275333404541,,,0.00029114674264495757,1225.0873847130006
8360,17121280,2.5464394092559814,,,0.0002911220635224729,1226.319690237
8370,17141760,2.466506242752075,,,0.0002910973512198175,1227.5666248090001
8380,17162240,2.503441572189331,,,0.0002910726057434925,1228.7152257010002
8390,17182720,2.3111157417297363,,,0.00029104782710000806,1230.2960875360004
8400,17203200,2.378084182739258,2.3957221865653993,10.976122005304681,0.0002910230152958829,1233.0444895050005
8410,17223680,2.604590892791748,,,0.0002909981703376445,1234.5238568549994
8420,17244160,2.42659854888916,,,0.0002909732922318291,1236.3210165299988
8430,17264640,2.4684574604034424,,,0.00029094838098498154,1237.8538431439993
8440,17285120,2.240048408508301,,,0.0002909234366036556,1239.344125874999
8450,17305600,2.221963405609131,,,0.0002908984590944136,1240.7954552049996
8460,17326080,2.28194522857666,,,0.0002908734484638265,1242.145035690999
8470,17346560,2.531909942626953,,,0.00029084840471847425,1243.515570214
8480,17367040,2.7738895416259766,,,0.00029082332786494527,1244.755266225
8490,17387520,2.1588611602783203,,,0.0002907982179098368,1245.920239269999
8500,17408000,2.444031238555908,2.3908119082450865,10.922358296791034,0.00029077307485975476,1248.07351561
8510,17428480,2.453428030014038,,,0.0002907478987213138,1250.4771654699998
8520,17448960,2.3006350994110107,,,0.0002907226895011372,1251.6192108249998
8530,17469440,2.5441627502441406,,,0.000290697447205857,1252.8365582099996
8540,17489920,2.4725027084350586,,,0.00029067217184211406,1254.377147879999
8550,17510400,2.465707778930664,,,0.0002906468634165577,1255.965928837999
8560,17530880,2.2674427032470703,,,0.000290621521935846,1257.6680313029992
8570,17551360,2.2076029777526855,,,0.0002905961474066459,1259.2762672669996
8580,17571840,2.3575186729431152,,,0.000290570739835633,1260.807977221999
8590,17592320,2.220898151397705,,,0.00029054529922949135,1262.0440687499995
8600,17612800,2.3290581703186035,2.3825719714164735,10.832728533329245,0.00029051982559491393,1264.2961743779997
8610,17633280,2.3103480339050293,,,0.00029049431893860234,1265.583801621
8620,17653760,2.420093536376953,,,0.00029046877926726687,1266.6954915059996
8630,17674240,2.1330983638763428,,,0.00029044320658762644,1267.838168246999
8640,17694720,2.1741456985473633,,,0.00029041760090640884,1268.9498120320004
8650,17715200,2.4707446098327637,,,0.0002903919622303503,1270.0986777569997
8660,17735680,2.3408567905426025,,,0.00029036629056619585,1271.246537174
8670,17756160,2.4980387687683105,,,0.0002903405859206992,1272.8123594569988
8680,17776640,2.1967554092407227,,,0.00029031484830062274,1274.4095971299994
8690,17797120,2.4482715129852295,,,0.00029028907771273745,1275.6967192699994
8700,17817600,2.196861505508423,2.3695221185684203,10.692281420262882,0.0002902632741638231,1278.3782161870004
8710,17838080,2.472276449203491,,,0.00029023743766066817,1279.5607506479992
8720,17858560,2.2026963233947754,,,0.0002902115682100696,1280.6776458019995
8730,17879040,2.5212745666503906,,,0.00029018566581883316,1281.9117479809993
8740,17899520,2.5070793628692627,,,0.00029015973049377323,1283.0284763569998
8750,17920000,2.6006946563720703,,,0.0002901337622417129,1284.196627895999
8760,17940480,2.369781494140625,,,0.0002901077610694839,1285.3371538359988
8770,17960960,2.41347074508667,,,0.00029008172698392654,1286.5010535469992
8780,17981440,2.35495662689209,,,0.00029005565999188997,1287.7151441730002
8790,18001920,2.421201705932617,,,0.00029002956010023184,1289.0406904779993
8800,18022400,2.2044334411621094,2.369525396823883,10.692316472350312,0.00029000342731581847,1291.0409706890005
8810,18042880,2.598306179046631,,,0.0002899772616455249,1292.1797593939991
8820,18063360,2.342496395111084,,,0.0002899510630962348,1293.374923579
8830,18083840,2.4640684127807617,,,0.00028992483167484054,1294.5731958510005
8840,18104320,2.3532326221466064,,,0.0002898985673882429,1295.7933364580003
8850,18124800,2.4084901809692383,,,0.00028987227024335167,1296.9599031569996
8860,18145280,2.1773295402526855,,,0.000289845940247085,1298.2304881809996
8870,18165760,2.5341057777404785,,,0.00028981957740636976,1299.4086103129994
8880,18186240,2.573378801345825,,,0.00028979318172814154,1300.8827929279996
8890,18206720,2.5887811183929443,,,0.00028976675321934454,1302.3113546749992
8900,18227200,2.487499713897705,2.3593547224998472,10.584119554228469,0.0002897402918869315,1305.0190661790002
8910,18247680,2.534636974334717,,,0.00028971379773786387,1306.2645970409994
8920,18268160,2.2381908893585205,,,0.00028968727077911176,1307.6987858779994
8930,18288640,2.195613145828247,,,0.00028966071101765384,1309.117599359999
8940,18309120,2.6661620140075684,,,0.00028963411846047747,1310.4148674499993
8950,18329600,2.4456229209899902,,,0.0002896074931145786,1311.937560421
8960,18350080,2.5630412101745605,,,0.00028958083498696185,1313.322280672999
8970,18370560,2.6651992797851562,,,0.0002895541440846404,1314.6787806470002
8980,18391040,2.3194172382354736,,,0.00028952742041463614,1315.8722524509994
8990,18411520,2.4942994117736816,,,0.0002895006639839795,1316.9823459439995
9000,18432000,2.475306510925293,2.354473090171814,10.53257768064192,0.0002894738747997095,1319.1939691530006
9010,18452480,2.4217641353607178,,,0.0002894470528688739,1321.777960203999
9020,18472960,2.434812307357788,,,0.000289420198198529,1323.0826602079997
9030,18493440,2.4307122230529785,,,0.00028939331079573977,1324.3403425300003
9040,18513920,2.423041820526123,,,0.0002893663906675796,1325.6062107550006
9050,18534400,2.405377149581909,,,0.0002893394378211308,1327.025265291999
9060,18554880,2.195195198059082,,,0.000289312452263484,1328.4411929630005
9070,18575360,2.280754566192627,,,0.0002892854340017386,1329.842321823
9080,18595840,2.308417320251465,,,0.0002892583830430026,1331.428569116999
9090,18616320,2.2637195587158203,,,0.00028923129939439245,1332.8277408459999
9100,18636800,2.329193115234375,2.349349927902222,10.47875556350823,0.0002892041830630334,1335.335213626
9110,18657280,2.040379524230957,,,0.00028917703405605924,1336.5526627660001
9120,18677760,2.430295467376709,,,0.00028914985238061227,1337.9744455910004
9130,18698240,2.5284953117370605,,,0.00028912263804384345,1339.6608200449991
9140,18718720,2.104186534881592,,,0.0002890953910529123,1341.2061623609989
9150,18739200,2.2845892906188965,,,0.00028906811141498695,1342.544865549
9160,18759680,2.371586322784424,,,0.0002890407991372442,1343.7548479879988
9170,18780160,2.3982510566711426,,,0.00028901345422686924,1344.9921112819993
9180,18800640,2.6552059650421143,,,0.0002889860766910561,1346.251799612999
9190,18821120,2.6511013507843018,,,0.00028895866653700714,1347.8023648319995
9200,18841600,2.3948311805725098,2.3406842947006226,10.38834281900709,0.0002889312237719335,1350.1493702980006
9210,18862080,2.258195400238037,,,0.0002889037484030548,1351.4948449179992
9220,18882560,2.8294074535369873,,,0.0002888762404375992,1353.0116003389994
9230,18903040,2.450929880142212,,,0.00028884869988280354,1354.3532333839994
9240,18923520,2.3875741958618164,,,0.00028882112674591317,1355.6224598579993
9250,18944000,2.611128807067871,,,0.0002887935210341821,1357.0183450370005
9260,18964480,2.4078431129455566,,,0.0002887658827548727,1358.3973970200004
9270,18984960,2.350950241088867,,,0.0002887382119152561,1359.6230618459995
9280,19005440,2.504713535308838,,,0.00028871050852261195,1360.8069360339996
9290,19025920,2.47597336769104,,,0.00028868277258422854,1362.0894901899992
9300,19046400,2.399488687515259,2.33585901260376,10.338336877798326,0.0002886550041074025,1364.5770116980002
9310,19066880,2.4035801887512207,,,0.00028862720309943914,1365.99643965
9320,19087360,2.518277168273926,,,0.00028859936956765253,1367.8671639000004
9330,19107840,2.1638782024383545,,,0.00028857150351936493,1369.228003152999
9340,19128320,2.3086910247802734,,,0.00028854360496190733,1370.8068880909996
9350,19148800,2.186814069747925,,,0.00028851567390261946,1372.3517122419998
9360,19169280,2.4556803703308105,,,0.0002884877103488492,1373.5794302140002
9370,19189760,2.2796809673309326,,,0.0002884597143079534,1374.9383579719997
9380,19210240,2.449704647064209,,,0.00028843168578729714,1376.3573835839998
9390,19230720,2.395193099975586,,,0.0002884036247942541,1377.8013051279995
9400,19251200,2.348188877105713,2.32557954788208,10.232608654354168,0.0002883755313362067,1380.2230574120003
9410,19271680,2.343108654022217,,,0.00028834740542054565,1381.7706807579998
9420,19292160,2.5535974502563477,,,0.00028831924705467044,1383.4134812499997
9430,19312640,2.1850645542144775,,,0.0002882910562459888,1384.889328583
9440,19333120,2.5925464630126953,,,0.0002882628330019173,1386.1969400950002
9450,19353600,2.276911973953247,,,0.0002882345773298808,1387.4010905579999
9460,19374080,2.187640905380249,,,0.00028820628923731286,1388.7889971690001
9470,19394560,2.4125399589538574,,,0.0002881779687316556,1390.8204238119997
9480,19415040,2.3744945526123047,,,0.0002881496158203593,1392.0284725099991
9490,19435520,2.3387560844421387,,,0.00028812123051088335,1393.2267205150001
9500,19456000,2.3772406578063965,2.325677251815796,10.233608469314007,0.00028809281281069515,1395.1329028380005
9510,19476480,2.3167338371276855,,,0.0002880643627272709,1397.834379553
9520,19496960,2.61209774017334,,,0.00028803588026809525,1399.0822432839996
9530,19517440,2.4420249462127686,,,0.0002880073654406613,1400.3192664919989
9540,19537920,2.337369918823242,,,0.0002879788182524708,1401.6226528459993
9550,19558400,2.5222833156585693,,,0.00028795023871103394,1403.0194521350004
9560,19578880,2.3886122703552246,,,0.0002879216268238693,1404.231925053
9570,19599360,2.34505295753479,,,0.00028789298259850423,1405.5564680089992
9580,19619840,2.3154783248901367,,,0.0002878643060424744,1406.7138880620005
9590,19640320,2.4824132919311523,,,0.000287835597163324,1407.8977278399998
9600,19660800,2.205056667327881,2.3112906217575073,10.087435320785884,0.0002878068559686058,1410.1679273589998
9610,19681280,2.615107536315918,,,0.000287778082465881,1411.6745752440002
9620,19701760,2.338172435760498,,,0.0002877492766627194,1413.114402195999
9630,19722240,2.3576271533966064,,,0.0002877204385666991,1414.4637750540005
9640,19742720,2.2707228660583496,,,0.0002876915681854069,1415.903967155
9650,19763200,2.1497349739074707,,,0.00028766266552643805,1417.202857757
9660,19783680,2.297208786010742,,,0.00028763373059739614,1418.465278095
9670,19804160,2.227167844772339,,,0.0002876047634058935,1419.7903860779988
9680,19824640,2.87113618850708,,,0.0002875757639595507,1421.1541557199998
9690,19845120,2.3210372924804688,,,0.00028754673226599704,1422.601287530999
9700,19865600,2.428520441055298,2.3043694138526916,10.017859137063521,0.00028751766833287,1425.1836354099996
9710,19886080,2.231785774230957,,,0.0002874885721678158,1426.6820348290003
9720,19906560,2.7131576538085938,,,0.0002874594437784891,1427.9376891339998
9730,19927040,2.242781400680542,,,0.000287430283172553,1429.5840177970003
9740,19947520,2.3711676597595215,,,0.000287401090357679,1431.0674633139988
9750,19968000,2.2749948501586914,,,0.0002873718653415471,1432.3911973039994
9760,19988480,2.27168869972229,,,0.000287342608131846,1434.0375433560002
9770,20008960,2.398698091506958,,,0.00028731331873627243,1435.7051284249992
9780,20029440,2.466540813446045,,,0.000287283997162532,1436.9106157839997
9790,20049920,2.0885534286499023,,,0.0002872546434183386,1438.0251923260003
9800,20070400,2.3674535751342773,2.2996487379074098,9.970679517874263,0.0002872252575114146,1440.4923120799995
9810,20090880,2.442746877670288,,,0.00028719583944949084,1442.2340696319989
9820,20111360,2.303755521774292,,,0.00028716638924030654,1443.6052206919994
9830,20131840,2.267601490020752,,,0.0002871369068916096,1444.7930550729998
9840,20152320,2.2350821495056152,,,0.0002871073924111562,1446.0127444169993
9850,20172800,2.3642663955688477,,,0.0002870778458067109,1447.1248557179988
9860,20193280,2.343550682067871,,,0.0002870482670860469,1448.5114988730002
9870,20213760,2.703444480895996,,,0.0002870186562569457,1449.6460023759992
9880,20234240,2.3890342712402344,,,0.00028698901332719745,1450.9077514239998
9890,20254720,2.3174688816070557,,,0.00028695933830460047,1452.1820311909996
9900,20275200,2.264613151550293,2.294476068019867,9.919237644788133,0.0002869296311969617,1454.5706380339998
9910,20295680,2.243136167526245,,,0.00028689989201209653,1456.0835238179989
9920,20316160,2.428236961364746,,,0.00028687012075782865,1457.730948852999
9930,20336640,2.2579379081726074,,,0.00028684031744199035,1458.9241083470006
9940,20357120,2.2457618713378906,,,0.0002868104820724222,1460.388104017
9950,20377600,2.432678461074829,,,0.0002867806146569734,1461.7779748119992
9960,20398080,2.5510144233703613,,,0.00028675071520350135,1463.2235250470003
9970,20418560,2.332679271697998,,,0.0002867207837198721,1464.7853162849988
9980,20439040,2.2941417694091797,,,0.00028669082021395994,1466.4116971719995
9990,20459520,2.481207847595215,,,0.0002866608246936477,1467.8139341160004
10000,20480000,2.3710110187530518,2.285905086994171,9.834583350556924,0.00028663079716682654,1469.983789467
10010,20500480,2.3899600505828857,,,0.0002866007376413962,1472.5522745159997
10020,20520960,2.5204710960388184,,,0.00028657064612526466,1473.9481868170005
10030,20541440,2.217876672744751,,,0.0002865405226263484,1475.2931798509999
10040,20561920,2.2023205757141113,,,0.0002865103671525723,1476.7306901399988
10050,20582400,2.388425350189209,,,0.00028648017971186966,1478.0459375319988
10060,20602880,2.59895658493042,,,0.0002864499603121822,1479.334530484999
10070,20623360,2.5740244388580322,,,0.00028641970896146006,1480.4813347159998
10080,20643840,2.3337459564208984,,,0.0002863894256676617,1481.898967661
10090,20664320,2.051194667816162,,,0.0002863591104387541,1483.0976215560004
10100,20684800,2.489851474761963,2.284352993965149,9.81933100188911,0.00028632876328271256,1485.7430833939998
10110,20705280,2.382969617843628,,,0.00028629838420752077,1487.2894758210005
10120,20725760,2.2740933895111084,,,0.0002862679732211709,1488.5438515219994
10130,20746240,2.522451400756836,,,0.0002862375303316635,1489.8509453530005
10140,20766720,2.374966621398926,,,0.0002862070555470074,1491.223272714
10150,20787200,2.1236608028411865,,,0.0002861765488752199,1492.6666837039993
10160,20807680,2.215604543685913,,,0.00028614601032432677,1494.0826672700005
10170,20828160,2.3465418815612793,,,0.000286115439902362,1495.282440817
10180,20848640,2.339228630065918,,,0.0002860848376173682,1496.4529083779998
10190,20869120,2.3236498832702637,,,0.00028605420347739595,1497.7237349240004
10200,20889600,2.3039751052856445,2.2812339901924132,9.78875218396241,0.00028602353749050474,1499.8714761709998
10210,20910080,2.3170065879821777,,,0.000285992839664762,1501.1033309960003
10220,20930560,2.3978958129882812,,,0.0002859621100082438,1502.2448094209994
10230,20951040,2.3206675052642822,,,0.0002859313485290345,1503.426471331999
10240,20971520,2.2825305461883545,,,0.00028590055523522673,1504.8359706310002
10250,20992000,2.2780239582061768,,,0.00028586973013492166,1506.1693970979995
10260,21012480,2.195524215698242,,,0.0002858388732362287,1507.4443145189998
10270,21032960,2.3602728843688965,,,0.00028580798454726577,1508.649060845999
10280,21053440,2.217081069946289,,,0.000285777064076159,1509.784774853999
10290,21073920,2.4151766300201416,,,0.00028574611183104293,1510.9539279910005
10300,21094400,2.504406213760376,2.2740777015686033,9.718951104293412,0.0002857151278200605,1513.05449916
10310,21114880,2.237708330154419,,,0.00028568411205136295,1514.4721243629992
10320,21135360,2.317431926727295,,,0.00028565306453310995,1516.0777010869988
10330,21155840,2.0618979930877686,,,0.00028562198527346943,1517.6961424789988
10340,21176320,2.4694161415100098,,,0.00028559087428061775,1519.4181869740005
10350,21196800,2.1319971084594727,,,0.00028555973156273954,1520.998614447999
10360,21217280,1.9459383487701416,,,0.0002855285571280278,1522.4648841899998
10370,21237760,2.246826648712158,,,0.000285497350984684,1523.855371141999
10380,21258240,2.360929250717163,,,0.00028546611314091776,1525.2865012999991
10390,21278720,2.0823159217834473,,,0.0002854348436049472,1526.4965949399993
10400,21299200,2.4853696823120117,2.2666399002075197,9.646931641784482,0.0002854035423849986,1528.8756447649994
10410,21319680,2.275369644165039,,,0.0002853722094893068,1530.1938035780004
10420,21340160,2.3191158771514893,,,0.0002853408449261148,1531.889468022
10430,21360640,2.5087382793426514,,,0.0002853094487036739,1533.224457975999
10440,21381120,2.4663004875183105,,,0.0002852780208302439,1534.7037844650004
10450,21401600,2.4228668212890625,,,0.0002852465613140929,1536.2309068140003
10460,21422080,2.399226188659668,,,0.00028521507016349715,1537.5315250740005
10470,21442560,2.0893495082855225,,,0.00028518354738674135,1538.7547940759996
10480,21463040,2.213637113571167,,,0.0002851519929921186,1540.0123947979991
10490,21483520,2.2681703567504883,,,0.0002851204069879301,1541.2937561090002
10500,21504000,2.3899805545806885,2.262366008758545,9.605789683888245,0.00028508878938248556,1543.817930067
10510,21524480,2.025752544403076,,,0.00028505714018410295,1546.2250422050001
10520,21544960,2.2734994888305664,,,0.0002850254594011085,1547.417067155
10530,21565440,2.4180908203125,,,0.0002849937470418368,1548.8706511090004
10540,21585920,2.3566677570343018,,,0.0002849620031146307,1550.1087181589992
10550,21606400,2.272090196609497,,,0.00028493022762784146,1551.475748805
10560,21626880,2.730900764465332,,,0.0002848984205898285,1552.8166637159993
10570,21647360,2.141000747680664,,,0.0002848665820089596,1553.974643947
10580,21667840,2.5261683464050293,,,0.00028483471189361093,1555.162022007
10590,21688320,2.174412727355957,,,0.0002848028102521668,1556.4962841060005
10600,21708800,2.228602409362793,2.258745491504669,9.571074637733226,0.00028477087709301996,1558.9107954989995
10610,21729280,2.2284739017486572,,,0.00028473891242457127,1560.019703385
10620,21749760,2.435469150543213,,,0.0002847069162552301,1561.300343928
10630,21770240,2.094130516052246,,,0.00028467488859341397,1562.5470015560004
10640,21790720,2.2176156044006348,,,0.0002846428294475486,1563.83064912
10650,21811200,2.364966630935669,,,0.00028461073882606833,1565.2855825369988
10660,21831680,2.1804542541503906,,,0.00028457861673741533,1566.6234303339988
10670,21852160,2.377650737762451,,,0.0002845464631900404,1567.959880683
10680,21872640,2.2624294757843018,,,0.00028451427819240247,1569.4228043099993
10690,21893120,2.2346842288970947,,,0.0002844820617529687,1571.0322335010005
10700,21913600,2.2826030254364014,2.2555482268333433,9.540522246993962,0.0002844498138802147,1573.4182418969995
10710,21934080,2.056551694869995,,,0.0002844175345826241,1574.7049350729994
10720,21954560,2.593635320663452,,,0.00028438522386868906,1576.07399137
10730,21975040,2.1224656105041504,,,0.00028435288174690973,1577.8175399520005
10740,21995520,2.3019490242004395,,,0.0002843205082257949,1579.4356118409996
10750,22016000,2.217637062072754,,,0.00028428810331386115,1580.650420038999
10760,22036480,2.397296667098999,,,0.00028425566701963367,1581.8053955859996
10770,22056960,2.4143550395965576,,,0.00028422319935164577,1583.1244825739996
10780,22077440,2.454035758972168,,,0.0002841907003184391,1584.6276645489997
10790,22097920,2.3043947219848633,,,0.0002841581699285634,1586.082550096
10800,22118400,2.500312089920044,2.2476439833641053,9.46540888455376,0.0002841256081905769,1588.4367381350003
10810,22138880,2.2271249294281006,,,0.00028409301511304576,1589.6023194560003
10820,22159360,2.289942741394043,,,0.00028406039070454466,1590.9976315579988
10830,22179840,2.469789981842041,,,0.00028402773497365644,1592.2263530029995
10840,22200320,2.314833164215088,,,0.0002839950479289721,1593.4304840690002
10850,22220800,2.065896987915039,,,0.00028396232957909103,1594.861318506999
10860,22241280,2.4096035957336426,,,0.0002839295799326207,1596.3525213390003
10870,22261760,2.4590845108032227,,,0.00028389679899817687,1597.78999983
10880,22282240,2.2736077308654785,,,0.0002838639867843836,1599.2650245269997
10890,22302720,2.140061378479004,,,0.00028383114329987307,1600.454964565999
10900,22323200,2.187831163406372,2.245523750782013,9.4453612765399,0.00028379826855328577,1602.6274115889992
10910,22343680,1.9465349912643433,,,0.0002837653625532704,1603.7380908249997
10920,22364160,2.3715851306915283,,,0.0002837324253084838,1604.9706105679998
10930,22384640,2.242739200592041,,,0.00028369945682759116,1606.158507229
10940,22405120,2.0803422927856445,,,0.0002836664571192658,1607.420950054
10950,22425600,2.355074644088745,,,0.0002836334261921892,1608.8688163449988
10960,22446080,2.346195697784424,,,0.00028360036405505125,1610.274374007
10970,22466560,2.3469858169555664,,,0.0002835672707165499,1611.8188117329992
10980,22487040,2.2434678077697754,,,0.0002835341461853913,1613.234666045999
10990,22507520,2.4816739559173584,,,0.0002835009904702899,1614.412833454
11000,22528000,2.1028316020965576,2.2438727140426638,9.429779504634405,0.0002834678035799683,1616.5758071500004
11010,22548480,2.4944918155670166,,,0.0002834345855231572,1618.890236485
11020,22568960,2.260089874267578,,,0.0002834013363085957,1620.2005404880001
11030,22589440,2.1754026412963867,,,0.00028336805594503093,1621.4954970239996
11040,22609920,2.3530867099761963,,,0.0002833347444412184,1622.7782351839996
11050,22630400,2.295504093170166,,,0.00028330140180592156,1623.990625127999
11060,22650880,1.988906741142273,,,0.00028326802804791223,1625.2434982979994
11070,22671360,2.1865174770355225,,,0.00028323462317597045,1626.4840538879998
11080,22691840,2.6740028858184814,,,0.00028320118719888423,1627.7321855179998
11090,22712320,2.3813815116882324,,,0.00028316772012545,1628.9756418359993
11100,22732800,2.2457828521728516,2.237658977508545,9.3713670070974,0.0002831342219644723,1631.1772574829993
11110,22753280,2.3911428451538086,,,0.0002831006927247637,1632.3059173279999
11120,22773760,2.222689151763916,,,0.00028306713241514517,1633.443041127999
11130,22794240,2.0220282077789307,,,0.0002830335410444457,1634.6778071049994
11140,22814720,2.762174606323242,,,0.0002829999186215025,1635.9958690799995
11150,22835200,2.7183852195739746,,,0.00028296626515516096,1637.2593103500003
11160,22855680,2.2703566551208496,,,0.0002829325806542746,1638.5463071550002
11170,22876160,2.1912925243377686,,,0.0002828988651277053,1640.1602692119995
11180,22896640,2.4583194255828857,,,0.0002828651185843227,1641.5209500010005
11190,22917120,2.1848583221435547,,,0.00028283134103300494,1642.8525272349998
11200,22937600,2.244610071182251,2.2321566700935365,9.319944465976514,0.0002827975324826382,1645.1306465010002
11210,22958080,2.468005657196045,,,0.0002827636929421169,1646.4181865890005
11220,22978560,2.4997377395629883,,,0.0002827298224203434,1647.956121112
11230,22999040,2.1086344718933105,,,0.00028269592092622847,1649.353555927999
11240,23019520,2.258718967437744,,,0.0002826619884686909,1650.6828797050002
11250,23040000,2.358119487762451,,,0.00028262802505665753,1651.9329878469998
11260,23060480,2.119877338409424,,,0.00028259403069906357,1653.3437978620004
11270,23080960,2.113576889038086,,,0.0002825600054048522,1654.8669979779988
11280,23101440,2.5217297077178955,,,0.0002825259491829748,1656.307377445999
11290,23121920,2.273599147796631,,,0.0002824918620423908,1657.8212174349992
11300,23142400,2.148679733276367,2.2308142721652984,9.307441785497799,0.00028245774399206794,1660.0694111680004
11310,23162880,2.27876615524292,,,0.00028242359504098194,1661.7649936279995
11320,23183360,2.4620656967163086,,,0.00028238941519811674,1663.1936221550004
11330,23203840,2.453456163406372,,,0.0002823552044724644,1664.6418961929994
11340,23224320,2.087052345275879,,,0.00028232096287302493,1665.990715647
11350,23244800,2.220142364501953,,,0.0002822866904088067,1667.4216062920004
11360,23265280,2.2192416191101074,,,0.0002822523870888261,1668.668285615
11370,23285760,2.2591071128845215,,,0.0002822180529221076,1670.118617627999
11380,23306240,2.1452736854553223,,,0.0002821836879176839,1671.5566279079994
11390,23326720,2.1159005165100098,,,0.0002821492920845957,1673.2114392019994
11400,23347200,2.188777208328247,2.2159618377685546,9.170225140020412,0.00028211486543189187,1675.509379584999
11410,23367680,2.2994821071624756,,,0.0002820804079686293,1676.7212053940002
11420,23388160,2.451638698577881,,,0.00028204591970387315,1678.0347496949998
11430,23408640,2.180361270904541,,,0.00028201140064669646,1679.3790366479989
11440,23429120,2.717445135116577,,,0.00028197685080618063,1680.5969750740005
11450,23449600,2.3362178802490234,,,0.00028194227019141496,1681.890984182999
11460,23470080,2.380181312561035,,,0.0002819076588114969,1683.0401239919993
11470,23490560,2.163015365600586,,,0.0002818730166755321,1684.2051826819988
11480,23511040,2.47049617767334,,,0.0002818383437926341,1685.398125705
11490,23531520,2.352066993713379,,,0.00028180364017192465,1686.7844963839998
11500,23552000,1.9888343811035156,2.2173149049282075,9.18264146867296,0.0002817689058225336,1688.6861548449997
11510,23572480,2.2104129791259766,,,0.00028173414075359884,1691.5670608
11520,23592960,2.290099620819092,,,0.00028169934497426644,1693.1193797369997
11530,23613440,2.094491958618164,,,0.0002816645184936903,1694.6698619599993
11540,23633920,2.165642499923706,,,0.00028162966132103275,1696.2651307359993
11550,23654400,2.2105798721313477,,,0.0002815947734654639,1698.097074014
11560,23674880,2.6306495666503906,,,0.00028155985493616203,1699.447794976999
11570,23695360,2.240476369857788,,,0.0002815249057423135,1700.942462351999
11580,23715840,2.4295737743377686,,,0.0002814899258931129,1702.4769217289995
11590,23736320,1.9321541786193848,,,0.00028145491539776247,1703.9937977150003
11600,23756800,2.1186349391937256,2.2136208593845366,9.148782948836335,0.00028141987426547293,1706.7374966999996
11610,23777280,2.113673686981201,,,0.0002813848025054629,1708.193826966999
11620,23797760,2.32533597946167,,,0.0002813497001269589,1709.869337127
11630,23818240,2.2834935188293457,,,0.0002813145671391959,1711.2717029630003
11640,23838720,2.2498183250427246,,,0.00028127940355141646,1712.4746636210002
11650,23859200,2.2701549530029297,,,0.0002812442093728715,1713.6722173279995
11660,23879680,2.1797571182250977,,,0.0002812089846128199,1714.9412338500006
11670,23900160,2.122894763946533,,,0.0002811737292805286,1716.118846579
11680,23920640,2.4403488636016846,,,0.0002811384433852725,1717.462568678
11690,23941120,2.228132724761963,,,0.00028110312693633465,1718.7140616159995
11700,23961600,2.388908863067627,2.207725477218628,9.095006050437506,0.00028106777994300615,1721.0526703759988
11710,23982080,2.1316561698913574,,,0.000281032402414586,1722.204195143
11720,24002560,2.3684802055358887,,,0.00028099699436038135,1723.8280505629991
11730,24023040,2.2759835720062256,,,0.0002809615557897073,1725.1544221490003
11740,24043520,2.1726796627044678,,,0.0002809260867118871,1726.6123278229989
11750,24064000,2.5056674480438232,,,0.0002808905871362519,1728.0667886720003
11760,24084480,2.2020039558410645,,,0.00028085505707214095,1729.3390945640003
11770,24104960,2.261277198791504,,,0.00028081949652890146,1730.6840883679997
11780,24125440,2.261429786682129,,,0.00028078390551588867,1732.028975583
11790,24145920,2.4182581901550293,,,0.0002807482840424659,1733.3453469750002
11800,24166400,2.377314567565918,2.2017409682273863,9.040739446403304,0.0002807126321180045,1735.8035849179996
11810,24186880,2.1168360710144043,,,0.0002806769497518837,1737.6218138860004
11820,24207360,2.4091179370880127,,,0.0002806412369534907,1739.2673499190005
11830,24227840,2.2945399284362793,,,0.00028060549373222103,1740.7302277979998
11840,24248320,2.4853732585906982,,,0.0002805697200974779,1742.309800736999
11850,24268800,2.2458291053771973,,,0.0002805339160586726,1743.8005860939993
11860,24289280,2.1455893516540527,,,0.0002804980816252246,1745.250095419
11870,24309760,2.1552159786224365,,,0.0002804622168065611,1746.8501638010002
11880,24330240,2.255981683731079,,,0.0002804263216121174,1748.2868178280005
11890,24350720,2.2265841960906982,,,0.0002803903960513368,1749.7235953010004
11900,24371200,2.2486495971679688,2.195946341753006,8.988503229107272,0.0002803544401336706,1752.074406923999
11910,24391680,2.0775513648986816,,,0.0002803184538685781,1753.2456344419988
11920,24412160,2.575791358947754,,,0.00028028243726552655,1754.6368138340003
11930,24432640,2.170696496963501,,,0.00028024639033399126,1755.925556925
11940,24453120,2.5671606063842773,,,0.0002802103130834553,1757.2499155219994
11950,24473600,1.8749980926513672,,,0.00028017420552341,1758.5824666429999
11960,24494080,2.2206273078918457,,,0.00028013806766335445,1759.768359349
11970,24514560,2.3069329261779785,,,0.0002801018995127959,1760.9242544459994
11980,24535040,2.0476016998291016,,,0.0002800657010812493,1762.2130152989994
11990,24555520,2.4919910430908203,,,0.00028002947237823787,1763.36087735
12000,24576000,2.4210739135742188,2.191365087032318,8.947418787259888,0.00027999321341329255,1765.5550652459988
12010,24596480,2.2372679710388184,,,0.0002799569241959524,1767.902550114999
12020,24616960,2.343308925628662,,,0.0002799206047357644,1769.3730140909993
12030,24637440,2.219625949859619,,,0.0002798842550422834,1770.749743733999
12040,24657920,2.0657286643981934,,,0.0002798478751250723,1772.2387357770003
12050,24678400,2.5095481872558594,,,0.00027981146499370194,1773.8014409869993
12060,24698880,2.269315719604492,,,0.00027977502465775106,1775.0320165060002
12070,24719360,2.3320131301879883,,,0.0002797385541268064,1776.2704627849998
12080,24739840,2.0331006050109863,,,0.0002797020534104627,1777.7345054969992
12090,24760320,2.5852818489074707,,,0.00027966552251832235,1779.171412308
12100,24780800,2.1387202739715576,2.189136242866516,8.927498592848005,0.0002796289614599961,1781.4467561789988
12110,24801280,2.4004719257354736,,,0.0002795923702451023,1782.7132734799998
12120,24821760,2.2550292015075684,,,0.0002795557488832675,1784.0199941829997
12130,24842240,2.074740171432495,,,0.0002795190973841259,1785.5625340049992
12140,24862720,1.9639689922332764,,,0.0002794824157573198,1787.216143791
12150,24883200,2.3186111450195312,,,0.0002794457040124994,1788.7078790329997
12160,24903680,2.129662036895752,,,0.00027940896215932284,1790.2991774040001
12170,24924160,2.113154649734497,,,0.0002793721902074562,1791.9188511720004
12180,24944640,2.3089442253112793,,,0.0002793353881665734,1793.6211059119996
12190,24965120,2.2154083251953125,,,0.00027929855604635624,1795.0540680880003
12200,24985600,2.3572020530700684,2.184628117084503,8.887342887765062,0.0002792616938564946,1797.3807729460004
12210,25006080,2.298729658126831,,,0.0002792248016066862,1798.5294979579994
12220,25026560,2.013929843902588,,,0.0002791878793066366,1800.0534080500001
12230,25047040,2.3281564712524414,,,0.0002791509269660593,1801.3746500079997
12240,25067520,2.4494800567626953,,,0.00027911394459467564,1802.6205085170004
12250,25088000,2.2456862926483154,,,0.00027907693220221517,1803.7993754210001
12260,25108480,1.928981065750122,,,0.0002790398897984148,1805.0170198079995
12270,25128960,2.2535452842712402,,,0.00027900281739301995,1806.1927690430002
12280,25149440,2.1233890056610107,,,0.0002789657149957834,1807.6816906029999
12290,25169920,2.0959486961364746,,,0.00027892858261646615,1808.9697995919996
12300,25190400,2.17582631111145,2.1847223937511444,8.888180796324813,0.00027889142026483695,1810.9526968729988
12310,25210880,2.3034796714782715,,,0.0002788542279506724,1812.174728762
12320,25231360,2.211963653564453,,,0.0002788170056837571,1813.578868835999
12330,25251840,2.2222509384155273,,,0.00027877975347388354,1814.863494764999
12340,25272320,2.259239912033081,,,0.0002787424713308519,1816.1051154590004
12350,25292800,2.1186211109161377,,,0.0002787051592644705,1817.3452252959996
12360,25313280,2.171128988265991,,,0.0002786678172845553,1818.579906953999
12370,25333760,2.5979344844818115,,,0.00027863044540093026,1820.0921673419998
12380,25354240,2.2096407413482666,,,0.00027859304362342713,1821.8944396179995
12390,25374720,2.317007064819336,,,0.0002785556119618856,1823.686920356
12400,25395200,2.0924432277679443,2.180964654684067,8.85484400681732,0.00027851815042615315,1826.2569142129996
12410,25415680,2.200117826461792,,,0.00027848065902608517,1827.7380229169994
12420,25436160,2.3828749656677246,,,0.0002784431377715449,1829.176972322999
12430,25456640,2.2372093200683594,,,0.0002784055866724034,1830.3708342219998
12440,25477120,2.45736026763916,,,0.00027836800573853966,1831.6028476369993
12450,25497600,2.0941689014434814,,,0.0002783303949798404,1833.0600333250004
12460,25518080,2.2271780967712402,,,0.0002782927544062003,1834.6729947349995
12470,25538560,2.310232162475586,,,0.00027825508402752185,1835.909614668999
12480,25559040,2.1189827919006348,,,0.0002782173838537153,1837.2005308280004
12490,25579520,2.2024106979370117,,,0.00027817965389469884,1838.5114225969992
12500,25600000,2.1684257984161377,2.176331549882889,8.813913477468382,0.0002781418941603984,1840.7564014229993
12510,25620480,2.3187336921691895,,,0.000278104104660748,1842.9900879069992
12520,25640960,2.1286728382110596,,,0.00027806628540568914,1844.3223256649999
12530,25661440,2.3760414123535156,,,0.00027802843640517127,1845.926137761
12540,25681920,2.2536163330078125,,,0.00027799055766915173,1847.407318690999
12550,25702400,2.0813350677490234,,,0.00027795264920759576,1848.9845576730004
12560,25722880,2.273797035217285,,,0.0002779147110304762,1850.3842984969997
12570,25743360,2.5324435234069824,,,0.00027787674314777377,1851.7432194559988
12580,25763840,2.1325247287750244,,,0.00027783874556947723,1853.0356987579999
12590,25784320,2.465467691421509,,,0.00027780071830558285,1854.4190303880005
12600,25804800,2.0688600540161133,2.170247048139572,8.760448025812181,0.00027776266136609484,1856.601124445
12610,25825280,2.133664608001709,,,0.0002777245747610252,1857.8376232329992
12620,25845760,2.180213689804077,,,0.00027768645850039387,1859.1313848339996
12630,25866240,2.329868793487549,,,0.00027764831259422836,1860.4581033079994
12640,25886720,2.3183841705322266,,,0.0002776101370525641,1861.7012245570004
12650,25907200,1.9188759326934814,,,0.0002775719318854443,1862.9415180119995
12660,25927680,2.1068549156188965,,,0.00027753369710292,1864.1861069240003
12670,25948160,2.324981212615967,,,0.00027749543271504993,1865.4609359919996
12680,25968640,2.260040521621704,,,0.0002774571387319008,1866.679235571999
12690,25989120,2.1467621326446533,,,0.0002774188151635469,1867.7965474039993
12700,26009600,2.3030991554260254,2.168117904663086,8.741815617620883,0.0002773804620200704,1870.0583332879996
12710,26030080,2.2821850776672363,,,0.00027734207931156125,1871.3353198269997
12720,26050560,2.06998872756958,,,0.00027730366704811717,1872.6959980299998
12730,26071040,2.1587753295898438,,,0.0002772652252398436,1874.2181291809993
12740,26091520,2.168544292449951,,,0.0002772267538968539,1875.4152140900005
12750,26112000,2.502032995223999,,,0.000277188253029269,1876.559829243999
12760,26132480,2.2666642665863037,,,0.0002771497226472178,1877.8061327119995
12770,26152960,2.1518688201904297,,,0.00027711116276083684,1879.094757211
12780,26173440,2.381345272064209,,,0.00027707257338027035,1880.487561111
12790,26193920,2.1046195030212402,,,0.00027703395451567054,1881.974455484
12800,26214400,1.9741625785827637,2.1702319741249085,8.760315971685475,0.0002769953061771972,1884.2158796879994
12810,26234880,2.2896342277526855,,,0.0002769566283750179,1885.4015985019996
12820,26255360,2.037771224975586,,,0.00027691792111930806,1886.597696449
12830,26275840,2.164422035217285,,,0.0002768791844202508,1888.0173694749992
12840,26296320,2.2346701622009277,,,0.00027684041828803684,1889.2601479650002
12850,26316800,2.495603561401367,,,0.00027680162273286486,1890.4754979150002
12860,26337280,2.275272846221924,,,0.00027676279776494113,1892.050742174999
12870,26357760,2.292729139328003,,,0.0002767239433944798,1893.909568732999
12880,26378240,2.082331657409668,,,0.0002766850596317026,1895.177565173999
12890,26398720,2.1881566047668457,,,0.00027664614648683906,1896.4927951030004
12900,26419200,2.544834613800049,2.158163219690323,8.655225301775321,0.0002766072039701265,1899.0984260709993
12910,26439680,2.265277862548828,,,0.00027656823209180984,1900.3221205629998
12920,26460160,2.1520204544067383,,,0.00027652923086214187,1901.8884564870004
12930,26480640,2.3279151916503906,,,0.00027649020029138304,1903.2479344059993
12940,26501120,1.9498846530914307,,,0.0002764511403898014,1904.7359022769997
12950,26521600,2.279301166534424,,,0.0002764120511676729,1906.3148958519996
12960,26542080,2.013021469116211,,,0.00027637293263528106,1907.675699739999
12970,26562560,2.265315532684326,,,0.00027633378480291723,1909.551304613
12980,26583040,2.089801788330078,,,0.00027629460768088045,1911.1904052749996
12990,26603520,2.1362924575805664,,,0.00027625540127947736,1912.7300160260002
13000,26624000,2.1624979972839355,2.156663751602173,8.642256793001959,0.0002762161656090224,1914.8934263379997
13010,26644480,2.3543994426727295,,,0.00027617690067983767,1917.3321282960005
13020,26664960,2.4295034408569336,,,0.000276137606502253,1918.5946855919992
13030,26685440,2.248800754547119,,,0.0002760982830866059,1919.7514271069995
13040,26705920,2.302933931350708,,,0.0002760589304432416,1920.9500068340003
13050,26726400,2.0545382499694824,,,0.0002760195485825129,1922.1638347899989
13060,26746880,2.1793313026428223,,,0.00027598013751478043,1923.5496575889993
13070,26767360,2.22300124168396,,,0.00027594069725041237,1925.008960703999
13080,26787840,2.284066677093506,,,0.0002759012277997848,1926.301325176999
13090,26808320,2.076702833175659,,,0.00027586172917328124,1927.5387804580005
13100,26828800,1.9708130359649658,2.152766817808151,8.608644026349042,0.000275822201381293,1929.6484670259997
13110,26849280,2.2591378688812256,,,0.00027578264443421907,1931.0805765549994
13120,26869760,2.17598819732666,,,0.00027574305834246606,1932.4350622069996
13130,26890240,2.13427734375,,,0.00027570344311644824,1933.8466586209997
13140,26910720,1.9406120777130127,,,0.0002756637987665876,1935.1971269160003
13150,26931200,1.9053685665130615,,,0.00027562412530331376,1936.4475443499996
13160,26951680,2.448786735534668,,,0.0002755844227370641,1937.989025842
13170,26972160,2.4311094284057617,,,0.00027554469107828343,1939.5620735089997
13180,26992640,1.935197353363037,,,0.00027550493033742443,1941.272811171999
13190,27013120,2.4609947204589844,,,0.00027546514052494733,1942.620573406999
13200,27033600,2.3800208568573,2.1523571074008943,8.60511769773517,0.00027542532165132004,1945.025355705
13210,27054080,2.3115460872650146,,,0.000275385473727018,1946.457626866999
13220,27074560,2.0927443504333496,,,0.00027534559676252457,1948.040971676999
13230,27095040,2.0150961875915527,,,0.0002753056907683305,1949.5569967560004
13240,27115520,2.2574174404144287,,,0.00027526575575493423,1950.7826089179998
13250,27136000,2.28709077835083,,,0.0002752257917328418,1952.0976491910005
13260,27156480,2.186525344848633,,,0.00027518579871256706,1953.3505882779991
13270,27176960,1.9860215187072754,,,0.00027514577670463124,1954.525417556999
13280,27197440,2.2074790000915527,,,0.0002751057257195635,1955.7328761650006
13290,27217920,2.1218690872192383,,,0.00027506564576790026,1956.9242390069994
13300,27238400,1.9644429683685303,2.1454285860061644,8.54570302127111,0.0002750255368601859,1959.170844893999
13310,27258880,2.5585832595825195,,,0.0002749853990069721,1960.4138957329997
13320,27279360,2.162355899810791,,,0.00027494523221881847,1961.695110839999
13330,27299840,2.313368797302246,,,0.000274905036506292,1963.0414174979996
13340,27320320,2.646409511566162,,,0.00027486481187996743,1964.177329320999
13350,27340800,2.1958048343658447,,,0.00027482455835042694,1965.3000776400004
13360,27361280,2.103477954864502,,,0.0002747842759282605,1966.4856963599996
13370,27381760,2.031125068664551,,,0.00027474396462406566,1967.9488301370002
13380,27402240,2.092733383178711,,,0.0002747036244484474,1969.226273750999
13390,27422720,2.107332229614258,,,0.0002746632554120185,1970.6803102199992
13400,27443200,2.1460227966308594,2.144868129491806,8.540914868244178,0.00027462285752539913,1973.2640176059995
13410,27463680,2.173476219177246,,,0.00027458243079921726,1974.6170453859995
13420,27484160,2.199122428894043,,,0.0002745419752441083,1975.9461560069994
13430,27504640,2.164637327194214,,,0.0002745014908707153,1977.2163732749996
13440,27525120,2.541903495788574,,,0.00027446097768968884,1978.6941675969993
13450,27545600,2.115628719329834,,,0.0002744204357116872,1980.3099929349992
13460,27566080,2.527651786804199,,,0.00027437986494737614,1981.7173299690003
13470,27586560,2.2073848247528076,,,0.00027433926540742896,1983.0908267129998
13480,27607040,2.046689510345459,,,0.0002742986371025266,1984.6313632389993
13490,27627520,2.3557796478271484,,,0.0002742579800433576,1986.215662368999
13500,27648000,2.5211944580078125,2.1327252864837645,8.437831012023475,0.00027421729424061787,1988.5807934349996
13510,27668480,2.1565773487091064,,,0.0002741765797050112,1991.0377718010004
13520,27688960,2.269064426422119,,,0.00027413583644724865,1992.3819477220004
13530,27709440,2.216707229614258,,,0.00027409506447804896,1993.934025425
13540,27729920,2.540884017944336,,,0.0002740542638081385,1995.5265870559997
13550,27750400,2.1009573936462402,,,0.00027401343444825095,1996.8601497500003
13560,27770880,2.1664183139801025,,,0.0002739725764091279,1998.3680713640006
13570,27791360,1.891562581062317,,,0.00027393168970151806,2000.02151443
13580,27811840,2.024277448654175,,,0.00027389077433617807,2001.5550025009998
13590,27832320,2.215411424636841,,,0.00027384983032387183,2002.9346230350002
13600,27852800,2.242619037628174,2.133959227800369,8.448249226742625,0.0002738088576753709,2004.9242439749996
13610,27873280,2.0042724609375,,,0.0002737678564014543,2006.2020927449994
13620,27893760,2.352458953857422,,,0.0002737268265129088,2007.414165184
13630,27914240,2.1821165084838867,,,0.0002736857680205285,2008.5884600139998
13640,27934720,2.1907296180725098,,,0.00027364468093511485,2009.9618483619997
13650,27955200,2.2066164016723633,,,0.00027360356526747733,2011.4774306729996
13660,27975680,2.223593235015869,,,0.0002735624210284324,2012.8594277409993
13670,27996160,2.2399182319641113,,,0.00027352124822880447,2014.1038034519988
13680,28016640,2.1905364990234375,,,0.00027348004687942514,2015.2792618290005
13690,28037120,2.0278587341308594,,,0.00027343881699113374,2016.4696981529996
13700,28057600,2.0962467193603516,2.1260750949382783,8.381903988389396,0.0002733975585747769,2018.9455973509994
13710,28078080,1.9443597793579102,,,0.00027335627164120903,2020.1749028939994
13720,28098560,2.1249568462371826,,,0.0002733149562012918,2021.6322634429998
13730,28119040,2.176811933517456,,,0.0002732736122658945,2022.9274498189989
13740,28139520,2.164555788040161,,,0.00027323223984589384,2024.390927691
13750,28160000,2.1442711353302,,,0.00027319083895217415,2025.8575821880004
13760,28180480,2.0987274646759033,,,0.0002731494095956271,2027.6125033150001
13770,28200960,1.992576241493225,,,0.0002731079517871519,2028.9786639720005
13780,28221440,2.4304659366607666,,,0.00027306646553765533,2030.2728251949993
13790,28241920,2.197150707244873,,,0.00027302495085805155,2031.5777017380005
13800,28262400,1.880033254623413,2.1225453913211823,8.352370504448633,0.00027298340775926225,2034.010153952
13810,28282880,2.312983989715576,,,0.0002729418362522166,2035.6307783970005
13820,28303360,2.156261920928955,,,0.00027290023634785114,2037.030511081999
13830,28323840,2.6431658267974854,,,0.00027285860805711004,2038.432823018
13840,28344320,2.1547322273254395,,,0.0002728169513909449,2039.6427108939988
13850,28364800,1.900244951248169,,,0.00027277526636031467,2040.9099103200006
13860,28385280,2.6961686611175537,,,0.00027273355297618583,2042.1332128659997
13870,28405760,2.214160442352295,,,0.00027269181124953243,2043.297243953999
13880,28426240,2.396188259124756,,,0.00027265004119133576,2044.5867221919998
13890,28446720,2.0225753784179688,,,0.0002726082428125848,2046.0514909239992
13900,28467200,2.1662063598632812,2.116967558860779,8.305912070260742,0.00027256641612427574,2048.3901813800003
13910,28487680,2.128263473510742,,,0.0002725245611374124,2049.6380858720004
13920,28508160,2.17464017868042,,,0.000272482677863006,2050.810011259
13930,28528640,2.026639461517334,,,0.0002724407663120751,2051.996567958
13940,28549120,2.3762917518615723,,,0.00027239882649564593,2053.458944561
13950,28569600,2.445664644241333,,,0.0002723568584247519,2054.796715627999
13960,28590080,2.264981269836426,,,0.0002723148621104339,2056.142666223999
13970,28610560,2.506525993347168,,,0.0002722728375637405,2057.322925429
13980,28631040,2.12123441696167,,,0.00027223078479572736,2058.5662637719997
13990,28651520,2.6096770763397217,,,0.00027218870381745774,2059.79951739
14000,28672000,2.0769333839416504,2.1167328000068664,8.30396241272107,0.00027214659464000235,2062.511947875999
14010,28692480,2.156623601913452,,,0.00027210445727443924,2065.132691248
14020,28712960,2.071155548095703,,,0.0002720622917318539,2066.741965576999
14030,28733440,2.346536636352539,,,0.0002720200980233392,2068.139893046
14040,28753920,2.3250679969787598,,,0.00027197787615999554,2069.511935098999
14050,28774400,2.160008668899536,,,0.0002719356261529305,2070.733290263999
14060,28794880,1.968910813331604,,,0.00027189334801325937,2072.03044923
14070,28815360,2.1780662536621094,,,0.0002718510417521046,2073.288457851
14080,28835840,2.287590742111206,,,0.00027180870738059606,2074.5908339769994
14090,28856320,2.1265013217926025,,,0.00027176634490987117,2075.9081882810005
14100,28876800,2.335324764251709,2.107720583677292,8.229461520390645,0.00027172395435107454,2078.1593321500004
14110,28897280,2.2336559295654297,,,0.0002716815357153583,2079.510737565999
14120,28917760,2.149120330810547,,,0.00027163908901388205,2080.9442123909994
14130,28938240,2.3301289081573486,,,0.0002715966142578125,2082.421189044
14140,28958720,2.12127423286438,,,0.000271554111458324,2083.60417923
14150,28979200,2.2414257526397705,,,0.00027151158062659807,2084.890642053999
14160,28999680,2.2400195598602295,,,0.00027146902177382383,2086.3493605919994
14170,29020160,2.246717691421509,,,0.00027142643491119767,2087.594362267999
14180,29040640,2.213658094406128,,,0.00027138382004992324,2088.817869712
14190,29061120,2.264082908630371,,,0.00027134117720121174,2090.024492838
14200,29081600,2.2041714191436768,2.105929213762283,8.214732706921698,0.00027129850637628157,2092.152057624
14210,29102080,2.273163318634033,,,0.0002712558075863586,2093.3285211469993
14220,29122560,2.192607879638672,,,0.000271213080842676,2094.5396731050005
14230,29143040,2.4940247535705566,,,0.0002711703261564743,2095.9852800129993
14240,29163520,1.9673006534576416,,,0.0002711275435390015,2097.260793403999
14250,29184000,2.5122811794281006,,,0.00027108473300151267,2098.460761982
14260,29204480,2.167755603790283,,,0.00027104189455527054,2099.9774102480005
14270,29224960,2.2819530963897705,,,0.00027099902821154504,2101.3976970080003
14280,29245440,2.0002012252807617,,,0.00027095613398161333,2102.7830784569996
14290,29265920,2.1409928798675537,,,0.0002709132118767601,2104.3180483279993
14300,29286400,2.0671582221984863,2.107592535018921,8.228407816347978,0.0002708702619082773,2106.58241721
14310,29306880,2.5493345260620117,,,0.00027082728408746407,2108.021224111999
14320,29327360,2.012666702270508,,,0.0002707842784256272,2109.3897459399996
14330,29347840,2.172125816345215,,,0.0002707412449340805,2110.8394169919993
14340,29368320,1.8867441415786743,,,0.0002706981836241453,2112.3754581569992
14350,29388800,2.6115899085998535,,,0.00027065509450714995,2113.826071321999
14360,29409280,1.972044825553894,,,0.00027061197759443057,2115.3748493250005
14370,29429760,2.199392795562744,,,0.00027056883289733026,2116.620136751999
14380,29450240,2.1051411628723145,,,0.0002705256604271995,2117.7378125140003
14390,29470720,2.38128399848938,,,0.0002704824601953961,2118.8848879939997
14400,29491200,2.157362699508667,2.1075496077537537,8.228054600885082,0.0002704392322132852,2120.8954395969995
14410,29511680,2.397294759750366,,,0.00027039597649223916,2122.207823335999
14420,29532160,2.1262307167053223,,,0.00027035269304363774,2123.5060486090006
14430,29552640,1.9707252979278564,,,0.00027030938187886793,2124.860306008999
14440,29573120,2.2118730545043945,,,0.000270266043009324,2126.031204842
14450,29593600,2.0403823852539062,,,0.00027022267644640754,2127.213551826
14460,29614080,2.2796788215637207,,,0.00027017928220152745,2128.4374451000003
14470,29634560,2.433560848236084,,,0.00027013586028609986,2129.6382686649995
14480,29655040,2.0606942176818848,,,0.00027009241071154815,2130.9235053409993
14490,29675520,2.224106788635254,,,0.00027004893348930306,2132.180058955999
14500,29696000,2.2276883125305176,2.1020062386989595,8.18256964405577,0.0002700054286308026,2134.610579946
14510,29716480,1.989161729812622,,,0.00026996189614749203,2136.981602361
14520,29736960,1.9918935298919678,,,0.00026991833605082385,2138.3208062880003
14530,29757440,2.040428876876831,,,0.0002698747483522578,2139.601066592999
14540,29777920,1.9370155334472656,,,0.00026983113306326093,2141.0561219289993
14550,29798400,2.074512481689453,,,0.00026978749019530764,2142.521476922
14560,29818880,2.1861696243286133,,,0.00026974381975987936,2144.117333274
14570,29839360,2.1750965118408203,,,0.000269700121768465,2145.603641317999
14580,29859840,2.4438085556030273,,,0.00026965639623256055,2146.9801527929994
14590,29880320,2.238819122314453,,,0.00026961264316366937,2148.5439630130004
14600,29900800,2.1611056327819824,2.100677412748337,8.171703654273484,0.00026956886257330193,2150.9594408579997
14610,29921280,2.2487704753875732,,,0.00026952505447297616,2152.3952207759994
14620,29941760,2.198366641998291,,,0.00026948121887421695,2153.840387815999
14630,29962240,2.2429466247558594,,,0.00026943735578855663,2155.1433865199997
14640,29982720,2.17706036567688,,,0.00026939346522753465,2156.729616368999
14650,30003200,2.3764376640319824,,,0.0002693495472026978,2158.2611967150006
14660,30023680,2.1606826782226562,,,0.00026930560172559997,2159.7307928150003
14670,30044160,2.120518684387207,,,0.00026926162880780235,2161.391159421999
14680,30064640,2.1907525062561035,,,0.0002692176284608733,2162.7052948269993
14690,30085120,2.347990036010742,,,0.00026917360069638846,2164.145865826
14700,30105600,1.8006553649902344,2.091857486963272,8.099946744982589,0.00026912954552593064,2166.396711502999
14710,30126080,2.348360300064087,,,0.00026908546296108984,2167.743350482
14720,30146560,2.126542806625366,,,0.0002690413530134633,2169.0011619899997
14730,30167040,2.2332754135131836,,,0.0002689972156946555,2170.2608941529998
14740,30187520,2.1365437507629395,,,0.00026895305101627806,2171.7045174060004
14750,30208000,2.1154532432556152,,,0.0002689088589899498,2173.0357729009993
14760,30228480,2.2233223915100098,,,0.0002688646396272967,2174.3604976999995
14770,30248960,2.1001172065734863,,,0.0002688203929399521,2175.6828750820005
14780,30269440,2.0569119453430176,,,0.0002687761189395563,2176.9022881149995
14790,30289920,1.9058870077133179,,,0.000268731817637757,2178.1070461729996
14800,30310400,1.99880850315094,2.089831751585007,8.08355500456888,0.0002686874890462089,2180.4136462469996
14810,30330880,1.9776655435562134,,,0.000268643133176574,2181.6004214120003
14820,30351360,2.054309368133545,,,0.00026859875004052133,2182.831565033999
14830,30371840,2.0962231159210205,,,0.00026855433964972735,2184.037567244999
14840,30392320,2.1884732246398926,,,0.0002685099020158755,2185.5094166149993
14850,30412800,2.1203880310058594,,,0.00026846543715065634,2187.0956369800006
14860,30433280,2.1713671684265137,,,0.00026842094506576773,2188.4821779390004
14870,30453760,1.867300271987915,,,0.0002683764257729147,2189.9392300849995
14880,30474240,1.9454985857009888,,,0.0002683318792838093,2191.120148374999
14890,30494720,2.2691922187805176,,,0.0002682873056101708,2192.451922652999
14900,30515200,2.108541488647461,2.088643217086792,8.073953127788945,0.00026824270476372576,2194.933213532
14910,30535680,2.220426082611084,,,0.00026819807675620765,2196.126205093
14920,30556160,2.1601457595825195,,,0.00026815342159935713,2197.4574087439996
14930,30576640,2.18217396736145,,,0.00026810873930492227,2199.0825261299997
14940,30597120,2.198683738708496,,,0.0002680640298846579,2200.664867447
14950,30617600,1.8810749053955078,,,0.00026801929335032627,2202.1766424489997
14960,30638080,2.3152596950531006,,,0.00026797452971369666,2203.4099971430005
14970,30658560,1.925743579864502,,,0.00026792973898654543,2204.618109425999
14980,30679040,2.1724729537963867,,,0.00026788492118065614,2205.956580684
14990,30699520,2.2469940185546875,,,0.0002678400763078195,2207.346397141
15000,30720000,2.3779797554016113,2.0899779081344603,8.084736555419259,0.00026779520437983313,2209.6318211399994
15010,30740480,1.9347679615020752,,,0.00026775030540850207,2212.0979931429993
15020,30760960,2.1546473503112793,,,0.00026770537940563833,2213.3826369319995
15030,30781440,2.030076503753662,,,0.000267660426383061,2214.7352848459996
15040,30801920,2.095201015472412,,,0.00026761544635259634,2216.0997378659995
15050,30822400,2.0518205165863037,,,0.00026757043932607765,2217.325382113999
15060,30842880,2.0198469161987305,,,0.00026752540531534537,2218.560107629999
15070,30863360,1.93080735206604,,,0.0002674803443322471,2220.0009568999994
15080,30883840,2.3314292430877686,,,0.0002674352563886374,2221.588201016999
15090,30904320,2.0734729766845703,,,0.00026739014149637804,2223.2196062040002
15100,30924800,2.128837823867798,2.082988578081131,8.028426676634652,0.0002673449996673378,2225.585285179999
15110,30945280,1.9746253490447998,,,0.0002672998309133927,2227.054862847999
15120,30965760,2.1471920013427734,,,0.0002672546352464256,2228.3817035110005
15130,30986240,2.001620292663574,,,0.0002672094126783266,2229.615780618
15140,31006720,2.2428994178771973,,,0.0002671641632209929,2230.970721095
15150,31027200,1.9246985912322998,,,0.0002671188868863287,2232.3733935399996
15160,31047680,2.3195688724517822,,,0.0002670735836862452,2233.6278294019994
15170,31068160,2.031561851501465,,,0.0002670282536326608,2235.0664303699996
15180,31088640,2.369870185852051,,,0.000266982896737501,2236.6650574760006
15190,31109120,2.2283401489257812,,,0.00026693751301269826,2237.8582286849996
15200,31129600,2.0789260864257812,2.084823817014694,8.043174286401394,0.00026689210247019207,2240.01623277
15210,31150080,2.41208553314209,,,0.00026684666512192905,2241.425640846999
15220,31170560,2.0914111137390137,,,0.0002668012009798629,2242.8172016709996
15230,31191040,2.12260365486145,,,0.0002667557100559542,2244.264280624
15240,31211520,1.9356579780578613,,,0.0002667101923621708,2245.5431458679996
15250,31232000,2.436173439025879,,,0.0002666646479104875,2246.8006721929996
15260,31252480,2.2644712924957275,,,0.000266619076712886,2248.039666425999
15270,31272960,2.162536144256592,,,0.00026657347878135526,2249.4097244780005
15280,31293440,2.3756656646728516,,,0.00026652785412789115,2250.9561140259993
15290,31313920,2.0962166786193848,,,0.00026648220276449667,2252.426240921999
15300,31334400,2.2806308269500732,2.0733612895011904,7.951505561180514,0.00026643652470318167,2254.940739972999
15310,31354880,2.0745396614074707,,,0.00026639081995596313,2256.1785928049994
15320,31375360,2.1618356704711914,,,0.0002663450885348651,2257.3915229140002
15330,31395840,2.169647455215454,,,0.0002662993304519186,2258.6620631259993
15340,31416320,2.135869026184082,,,0.00026625354571916163,2259.9369000709994
15350,31436800,2.2823243141174316,,,0.0002662077343486392,2261.5039687890003
15360,31457280,2.357830286026001,,,0.0002661618963524035,2262.847490795999
15370,31477760,2.148780345916748,,,0.00026611603174251335,2264.2142531419995
15380,31498240,2.148287773132324,,,0.000266070140531035,2265.576711620999
15390,31518720,2.048149585723877,,,0.0002660242227300414,2266.8128006280003
15400,31539200,1.9596269130706787,2.072164458036423,7.941994641751726,0.0002659782783516126,2269.368553839
15410,31559680,1.9254100322723389,,,0.00026593230740783565,2270.9114023740003
15420,31580160,2.258265495300293,,,0.00026588630991080466,2272.331011148999
15430,31600640,2.012615203857422,,,0.0002658402858726206,2273.721075149999
15440,31621120,2.1102800369262695,,,0.0002657942353053914,2274.970950142
15450,31641600,1.8717584609985352,,,0.0002657481582212321,2276.1351317549997
15460,31662080,2.057438850402832,,,0.00026570205463226457,2277.2740417450004
15470,31682560,2.0227813720703125,,,0.0002656559245506178,2278.476416255
15480,31703040,1.9188644886016846,,,0.0002656097679884277,2279.682772394999
15490,31723520,2.044140338897705,,,0.0002655635849578371,2281.015460134
15500,31744000,2.011967658996582,2.068305778503418,7.911408079398738,0.00026551737547099593,2283.277469756
15510,31764480,1.9033141136169434,,,0.0002654711395400608,2285.516149576999
15520,31784960,2.072225332260132,,,0.0002654248771771955,2286.797460123
15530,31805440,2.088685989379883,,,0.00026537858839457084,2287.947492228999
15540,31825920,2.1010069847106934,,,0.00026533227320436426,2289.044512712
15550,31846400,1.9048576354980469,,,0.0002652859316187605,2290.1968973919993
15560,31866880,2.202094078063965,,,0.0002652395636499511,2291.539931887999
15570,31887360,2.248121738433838,,,0.00026519316931013454,2292.825082997999
15580,31907840,2.056424617767334,,,0.00026514674861151616,2294.149952419999
15590,31928320,2.1915364265441895,,,0.0002651003015663083,2295.337587573
15600,31948800,2.029716730117798,2.0706729352474214,7.9301578054033985,0.00026505382818673036,2297.210578660999
15610,31969280,2.135040760040283,,,0.00026500732848500845,2298.686167598
15620,31989760,1.8125758171081543,,,0.00026496080247337574,2299.8808200290005
15630,32010240,2.0099611282348633,,,0.00026491425016407223,2301.0311345619994
15640,32030720,2.256319522857666,,,0.000264867671569345,2302.3534521889997
15650,32051200,2.436288833618164,,,0.00026482106670144785,2303.599059491
15660,32071680,1.860025405883789,,,0.0002647744355726416,2304.7874736100002
15670,32092160,1.972482681274414,,,0.000264727778195194,2306.5114774619997
15680,32112640,2.37209415435791,,,0.0002646810945813796,2308.130018062
15690,32133120,2.0079617500305176,,,0.00026463438474347994,2309.722983927999
15700,32153600,2.343291759490967,2.063605272769928,7.874307723888685,0.00026458764869378347,2312.466056284
15710,32174080,2.1236939430236816,,,0.0002645408864445855,2313.8865178369997
15720,32194560,2.1630501747131348,,,0.0002644940980081882,2315.274525241999
15730,32215040,2.170426607131958,,,0.00026444728339690063,2316.6990296660006
15740,32235520,2.166835308074951,,,0.00026440044262303884,2318.171937755
15750,32256000,2.205364227294922,,,0.0002643535756989257,2319.4605056870005
15760,32276480,2.117971420288086,,,0.0002643066826368909,2320.6212044589993
15770,32296960,1.9769586324691772,,,0.00026425976344927107,2321.894888663999
15780,32317440,2.2295565605163574,,,0.0002642128181484097,2323.3714896439997
15790,32337920,2.3708512783050537,,,0.0002641658467466572,2324.8455682099993
15800,32358400,2.0264763832092285,2.060790991783142,7.852178363102603,0.0002641188492563707,2327.3400688439997
15810,32378880,2.129560708999634,,,0.00026407182568991444,2328.9395881729997
15820,32399360,2.3236069679260254,,,0.00026402477605965926,2330.3681732490004
15830,32419840,2.3864645957946777,,,0.00026397770037798297,2331.6885543339995
15840,32440320,1.9159176349639893,,,0.00026393059865727024,2332.9277047590003
15850,32460800,2.3949809074401855,,,0.00026388347090991265,2334.4016832750003
15860,32481280,2.460742712020874,,,0.00026383631714830847,2335.8763402080003
15870,32501760,2.124208927154541,,,0.00026378913738486293,2337.141296055999
15880,32522240,2.0127310752868652,,,0.0002637419316319881,2338.4388806019997
15890,32542720,1.8655004501342773,,,0.0002636946999021028,2339.6820526930005
15900,32563200,2.1926369667053223,2.0608053267002107,7.852290924235021,0.0002636474422076329,2341.7970655070003
15910,32583680,2.081826686859131,,,0.0002636001585610108,2342.961111114999
15920,32604160,2.0326714515686035,,,0.0002635528489746759,2344.1966123229995
15930,32624640,1.999417781829834,,,0.0002635055134610744,2345.5408194150004
15940,32645120,2.1665549278259277,,,0.00026345815203265935,2347.0123182959996
15950,32665600,2.2703661918640137,,,0.0002634107647018905,2348.2362665870005
15960,32686080,1.7789840698242188,,,0.00026336335148123465,2349.497619828
15970,32706560,1.9885379076004028,,,0.00026331591238316514,2350.668346164999
15980,32727040,2.1307144165039062,,,0.0002632684474201623,2351.9354175749995
15990,32747520,2.114509105682373,,,0.0002632209566047132,2353.2522427330005
16000,32768000,2.1048197746276855,2.055708277225494,7.812369236742587,0.0002631734399493116,2355.784799846999
16010,32788480,2.3668456077575684,,,0.00026312589746645837,2358.142402665
16020,32808960,1.9407575130462646,,,0.00026307832916866084,2359.894835060999
16030,32829440,2.1689672470092773,,,0.0002630307350684333,2361.4692763989988
16040,32849920,2.044346332550049,,,0.00026298311517829686,2363.0629868319993
16050,32870400,2.0375638008117676,,,0.0002629354695107792,2364.570214735999
16060,32890880,2.106299877166748,,,0.00026288779807841515,2365.844940735
16070,32911360,2.1510887145996094,,,0.0002628401008937459,2367.293107325
16080,32931840,2.100780725479126,,,0.0002627923779693197,2368.448243535
16090,32952320,2.03489351272583,,,0.0002627446293176916,2370.0089205759996
16100,32972800,2.2800040245056152,2.052034741640091,7.783722869285122,0.00026269685495142306,2372.467380652999
16110,32993280,2.210672378540039,,,0.0002626490548830828,2373.5894064759996
16120,33013760,1.8734996318817139,,,0.0002626012291252459,2374.751850134
16130,33034240,1.990176796913147,,,0.0002625533776904944,2376.0264996980004
16140,33054720,2.1443324089050293,,,0.000262505500591417,2377.4006641079995
16150,33075200,2.012166976928711,,,0.0002624575978406093,2378.629815500999
16160,33095680,2.096449375152588,,,0.00026240966945067346,2379.868234046
16170,33116160,1.9426017999649048,,,0.00026236171543421856,2381.0978001469994
16180,33136640,1.9611231088638306,,,0.00026231373580386024,2382.276847064999
16190,33157120,1.8100862503051758,,,0.000262265730572221,2383.588672538999
16200,33177600,1.9971199035644531,2.0468398928642273,7.743392451973326,0.00026221769975193004,2386.106557920999
16210,33198080,1.7787593603134155,,,0.00026216964335562336,2387.36289484
16220,33218560,1.9592820405960083,,,0.0002621215613959436,2389.0910178510003
16230,33239040,1.9954921007156372,,,0.0002620734538855401,2390.662309928999
16240,33259520,2.2671313285827637,,,0.00026202532083706903,2392.2778810950003
16250,33280000,2.0956830978393555,,,0.0002619771622631932,2393.8783928369994
16260,33300480,1.8784306049346924,,,0.0002619289781765822,2395.323853967
16270,33320960,1.9958176612854004,,,0.00026188076858991223,2396.513264366
16280,33341440,2.2291831970214844,,,0.0002618325335158663,2398.020827954999
16290,33361920,2.3255040645599365,,,0.00026178427296713407,2399.5438864909993
16300,33382400,2.129582405090332,2.0458165884017943,7.735472656794828,0.0002617359869564119,2402.3092740949996
16310,33402880,2.007143974304199,,,0.00026168767549640293,2403.7394364209995
16320,33423360,2.4751014709472656,,,0.0002616393385998169,2405.1897397939993
16330,33443840,2.1593503952026367,,,0.00026159097627937025,2406.496716030999
16340,33464320,1.8519210815429688,,,0.0002615425885477861,2407.830108659
16350,33484800,2.1375386714935303,,,0.00026149417541779436,2409.277791953
16360,33505280,2.085970878601074,,,0.0002614457369021315,2410.63788287
16370,33525760,2.0003459453582764,,,0.0002613972730135408,2411.9711204960004
16380,33546240,2.017028570175171,,,0.00026134878376477195,2413.4124153109988
16390,33566720,1.8429090976715088,,,0.0002613002691685817,2414.8823986240004
16400,33587200,1.9992899894714355,2.0466859698295594,7.742200657233179,0.00026125172923773313,2416.767879527999
16410,33607680,2.3626813888549805,,,0.00026120316398499615,2417.9339394519993
16420,33628160,1.9052331447601318,,,0.0002611545734231473,2419.1068928549994
16430,33648640,2.221508502960205,,,0.00026110595756496984,2420.240039831
16440,33669120,1.816882610321045,,,0.00026105731642325346,2421.455270622
16450,33689600,1.966610074043274,,,0.0002610086500107949,2422.6595832620005
16460,33710080,1.85794997215271,,,0.00026095995834039706,2423.7975661929995
16470,33730560,2.1136698722839355,,,0.0002609112414248699,2425.025790997999
16480,33751040,1.9466521739959717,,,0.00026086249927702976,2426.345242972
16490,33771520,2.0709261894226074,,,0.0002608137319096998,2427.6724401699994
16500,33792000,2.1023900508880615,2.046518212556839,7.7409019557024275,0.0002607649393357098,2430.068245986
16510,33812480,2.0683443546295166,,,0.00026071612156789586,2432.6580783810005
16520,33832960,1.9127548933029175,,,0.0002606672786191011,2434.2316160829996
16530,33853440,2.091156005859375,,,0.0002606184105021752,2435.6205996320004
16540,33873920,2.2083051204681396,,,0.0002605695172299742,2436.796132362
16550,33894400,2.2578201293945312,,,0.0002605205988153611,2438.048610983
16560,33914880,2.0900776386260986,,,0.00026047165527120516,2439.632191614999
16570,33935360,2.044100761413574,,,0.00026042268661038254,2440.8969459500004
16580,33955840,1.8801647424697876,,,0.00026037369284577597,2442.061323377
16590,33976320,2.455242156982422,,,0.00026032467399027465,2443.4400408069996
16600,33996800,2.0215377807617188,2.040619832277298,7.6953775643332945,0.0002602756300567744,2445.634100506999
16610,34017280,2.0187015533447266,,,0.00026022656105817785,2446.783336557999
16620,34037760,2.2395334243774414,,,0.0002601774670073939,2448.130214965
16630,34058240,2.0598220825195312,,,0.00026012834791733826,2449.6188426539993
16640,34078720,2.1488378047943115,,,0.0002600792038009332,2450.8406981379994
16650,34099200,2.4052157402038574,,,0.0002600300346711075,2452.1296801299995
16660,34119680,1.7549940347671509,,,0.0002599808405407967,2453.8301421239994
16670,34140160,2.2385659217834473,,,0.00025993162142294254,2455.311554263999
16680,34160640,1.8717402219772339,,,0.0002598823773304938,2456.8015268159998
16690,34181120,2.2347068786621094,,,0.0002598331082764055,2458.2569970389995
16700,34201600,2.175422430038452,2.036866307258606,7.666546914249941,0.0002597838142736393,2460.3168208139996
16710,34222080,2.03354549407959,,,0.00025973449533516353,2461.5295038000004
16720,34242560,2.2815990447998047,,,0.00025968515147395307,2462.989099094999
16730,34263040,2.20426607131958,,,0.00025963578270298915,2464.5484500969997
16740,34283520,2.0392520427703857,,,0.0002595863890352598,2465.9733663669995
16750,34304000,2.1324615478515625,,,0.00025953697048375937,2467.399692228999
16760,34324480,2.3605449199676514,,,0.0002594875270614891,2468.670742954
16770,34344960,2.1981735229492188,,,0.00025943805878145634,2469.856030051
16780,34365440,2.2556939125061035,,,0.0002593885656566753,2471.2418992429994
16790,34385920,2.098938465118408,,,0.00025933904770016666,2472.663903454999
16800,34406400,1.9832398891448975,2.032781404256821,7.635293690399279,0.0002592895049249575,2475.188163499999
16810,34426880,1.7683173418045044,,,0.00025923993734408156,2476.6772222380005
16820,34447360,2.1611151695251465,,,0.00025919034497057914,2477.995321667
16830,34467840,2.2966623306274414,,,0.0002591407278174969,2479.1697953069997
16840,34488320,2.0227599143981934,,,0.0002590910858978881,2480.361559121
16850,34508800,2.0159308910369873,,,0.00025904141922481264,2481.798433352
16860,34529280,1.8470549583435059,,,0.0002589917278113367,2483.4512341480004
16870,34549760,2.229933261871338,,,0.0002589420116705332,2484.8924124820005
16880,34570240,1.9858955144882202,,,0.0002588922708154814,2486.333250771
16890,34590720,1.9834879636764526,,,0.0002588425052592671,2487.548724962
16900,34611200,2.2751715183258057,2.036817693710327,7.666174225260334,0.0002587927150149826,2489.356074817999
16910,34631680,2.140610456466675,,,0.00025874290009572675,2490.498502250999
16920,34652160,1.788330078125,,,0.0002586930605146048,2491.7661701220004
16930,34672640,1.879289150238037,,,0.0002586431962847286,2493.011167666
16940,34693120,1.9676365852355957,,,0.00025859330741921644,2494.1531506520005
16950,34713600,2.4392201900482178,,,0.00025854339393119297,2495.4082678060004
16960,34734080,2.287285804748535,,,0.00025849345583378954,2496.651592987
16970,34754560,2.0042531490325928,,,0.00025844349314014376,2497.892763751999
16980,34775040,2.1394786834716797,,,0.0002583935058633999,2499.110847901
16990,34795520,1.9666945934295654,,,0.00025834349401670847,2500.2401017640004
17000,34816000,2.4338479042053223,2.0355234384536742,7.656258656993178,0.0002582934576132267,2502.311221799
17010,34836480,1.9589346647262573,,,0.0002582433966661181,2504.581582261
17020,34856960,2.046525001525879,,,0.0002581933111885527,2505.8342609459996
17030,34877440,2.1331534385681152,,,0.00025814320119370705,2507.0576612740006
17040,34897920,2.155242443084717,,,0.00025809306669476395,2508.240097898999
17050,34918400,1.9897185564041138,,,0.0002580429077049129,2509.7452286770003
17060,34938880,2.0820915699005127,,,0.0002579927242373497,2511.1071494009993
17070,34959360,2.1470961570739746,,,0.00025794251630527646,2512.3483763019995
17080,34979840,2.0033979415893555,,,0.00025789228392190207,2513.846252653
17090,35000320,2.006526231765747,,,0.0002578420271004415,2515.1567917989996
17100,35020800,2.1352381706237793,2.030995327234268,7.621668639096019,0.0002577917458541165,2517.334078177999
17110,35041280,1.8984386920928955,,,0.0002577414401961548,2518.773673006999
17120,35061760,2.0122737884521484,,,0.00025769111013979095,2520.2530052889997
17130,35082240,2.2328829765319824,,,0.00025764075569826585,2521.5284895259992
17140,35102720,2.032414436340332,,,0.0002575903768848266,2522.9700742879995
17150,35123200,2.0969748497009277,,,0.0002575399737127268,2524.5601098419993
17160,35143680,2.0652403831481934,,,0.00025748954619522676,2526.113692867999
17170,35164160,2.2522897720336914,,,0.0002574390943455927,2527.2472103010005
17180,35184640,2.0294415950775146,,,0.00025738861817709756,2528.8083111649994
17190,35205120,2.0779521465301514,,,0.00025733811770302064,2529.9936560879996
17200,35225600,1.9961974620819092,2.0282291054725645,7.600614547015363,0.0002572875929366475,2532.3978765739994
17210,35246080,1.9651548862457275,,,0.00025723704389127034,2533.7710407609993
17220,35266560,1.8843754529953003,,,0.00025718647058018746,2535.195481458999
17230,35287040,2.419663429260254,,,0.0002571358730167037,2536.398994048999
17240,35307520,2.2480459213256836,,,0.0002570852512141304,2537.5693517519994
17250,35328000,2.0986976623535156,,,0.00025703460518578495,2538.8723889079993
17260,35348480,2.176102876663208,,,0.00025698393494499134,2540.1142899469996
17270,35368960,2.026319980621338,,,0.0002569332405050799,2541.4383913740003
17280,35389440,2.1345391273498535,,,0.00025688252187938736,2542.633393373999
17290,35409920,2.1886394023895264,,,0.00025683177908125676,2543.8167713469993
17300,35430400,1.872318983078003,2.025469106435776,7.579665780772192,0.00025678101212403743,2546.0878406539996
17310,35450880,2.2390553951263428,,,0.00025673022102108527,2547.5577978010006
17320,35471360,1.9849265813827515,,,0.00025667940578576225,2548.9395342419994
17330,35491840,2.051546573638916,,,0.0002566285664314369,2550.2805276670006
17340,35512320,1.893899917602539,,,0.00025657770297148405,2551.8830523899996
17350,35532800,2.2364931106567383,,,0.0002565268154192848,2553.3410184900004
17360,35553280,2.035491943359375,,,0.00025647590378822664,2554.837805735
17370,35573760,2.281391143798828,,,0.0002564249680917035,2556.279198417
17380,35594240,1.7067946195602417,,,0.00025637400834311534,2557.531093001
17390,35614720,2.336125373840332,,,0.0002563230245558688,2558.8780761750004
17400,35635200,2.038332223892212,2.024569886922836,7.572853060924932,0.00025627201674337664,2561.3062744830004
17410,35655680,2.054661750793457,,,0.00025622098491905797,2562.5405161790004
17420,35676160,1.993730902671814,,,0.00025616992909633827,2563.979964336999
17430,35696640,1.97291100025177,,,0.00025611884928864923,2565.4061269039994
17440,35717120,2.086294651031494,,,0.000256067745509429,2566.8347471489997
17450,35737600,2.2496178150177,,,0.00025601661777212195,2568.4135991309995
17460,35758080,2.319140911102295,,,0.0002559654660901787,2569.757925787999
17470,35778560,2.038130044937134,,,0.00025591429047705624,2571.3904646720002
17480,35799040,2.109063148498535,,,0.0002558630909462178,2572.812979643999
17490,35819520,2.0685553550720215,,,0.000255811867511133,2574.1077399019996
17500,35840000,1.8915340900421143,2.0241294384002684,7.569518343422233,0.00025576062018527776,2576.3332641689994
17510,35860480,1.7268610000610352,,,0.00025570934898213406,2578.7820953659993
17520,35880960,2.0694077014923096,,,0.0002556580539151904,2580.21561431
17530,35901440,1.8662819862365723,,,0.00025560673499794154,2581.4680060110004
17540,35921920,1.8809483051300049,,,0.0002555553922438884,2582.9405033269995
17550,35942400,1.984534502029419,,,0.00025550402566653816,2584.628510163
17560,35962880,2.1551642417907715,,,0.0002554526352794044,2586.2362072880005
17570,35983360,1.7550630569458008,,,0.0002554012210960069,2587.510745981999
17580,36003840,2.2563095092773438,,,0.00025534978312987164,2588.810388017999
17590,36024320,2.1612496376037598,,,0.000255298321394531,2590.118771177
17600,36044800,1.9414722919464111,2.0209735691547395,7.545667588006661,0.0002552468359035234,2592.3542702960003
17610,36065280,1.940584421157837,,,0.00025519532667039375,2593.733039040999
17620,36085760,1.9383633136749268,,,0.00025514379370869306,2595.1518388040004
17630,36106240,1.7979915142059326,,,0.0002550922370319786,2596.7414241389997
17640,36126720,2.09592604637146,,,0.0002550406566538138,2597.944668389
17650,36147200,2.0468037128448486,,,0.00025498905258776857,2599.4555110309993
17660,36167680,2.159453868865967,,,0.0002549374248474188,2600.9013925380004
17670,36188160,1.9186985492706299,,,0.0002548857734463468,2602.098385284
17680,36208640,1.8399550914764404,,,0.0002548340983981409,2603.313225447999
17690,36229120,1.9656749963760376,,,0.0002547823997163958,2604.6682354179993
17700,36249600,2.433763265609741,2.017152136564255,7.516887353855234,0.00025473067741471243,2606.902200942999
17710,36270080,2.095507860183716,,,0.00025467893150669783,2608.434396438999
17720,36290560,2.4394350051879883,,,0.00025462716200596534,2609.751164424999
17730,36311040,2.1365652084350586,,,0.0002545753689261345,2611.1812040019995
17740,36331520,2.348132371902466,,,0.00025452355228083087,2612.405260215999
17750,36352000,2.0939481258392334,,,0.0002544717120836866,2613.675177650999
17760,36372480,1.7840521335601807,,,0.0002544198483483396,2614.994114687999
17770,36392960,2.144259214401245,,,0.00025436796108843423,2616.2665523020005
17780,36413440,2.223581075668335,,,0.00025431605031762104,2617.7080017959997
17790,36433920,2.0268335342407227,,,0.00025426411604955666,2619.1857172580003
17800,36454400,2.1008620262145996,2.01217742562294,7.479585871065936,0.00025421215829790394,2621.6223183909988
17810,36474880,2.1678402423858643,,,0.0002541601770763319,2622.9806860909994
17820,36495360,2.170109510421753,,,0.0002541081723985159,2624.679245768999
17830,36515840,2.341836452484131,,,0.0002540561442781371,2626.184836463999
17840,36536320,2.2149786949157715,,,0.00025400409272888317,2627.723701064
17850,36556800,2.240354537963867,,,0.0002539520177644478,2628.908282126
17860,36577280,2.1568751335144043,,,0.00025389991939853086,2630.2424160680002
17870,36597760,1.723480224609375,,,0.00025384779764483844,2631.6082422649997
17880,36618240,1.9292042255401611,,,0.0002537956525170826,2632.931172778999
17890,36638720,2.195302963256836,,,0.0002537434840289818,2634.1843855299994
17900,36659200,2.1324620246887207,2.009824788570404,7.46200980336891,0.0002536912921942604,2636.8958852449996
17910,36679680,2.009251356124878,,,0.00025363907702664906,2638.205676627
17920,36700160,1.9152839183807373,,,0.0002535868385398846,2639.4941336110005
17930,36720640,2.1126763820648193,,,0.0002535345767477099,2640.764466901999
17940,36741120,2.3534364700317383,,,0.0002534822916638739,2642.198110051999
17950,36761600,1.954919457435608,,,0.0002534299833021318,2643.707203823
17960,36782080,1.88081693649292,,,0.00025337765167624486,2645.0999372959996
17970,36802560,2.073727607727051,,,0.0002533252967999805,2646.658387923999
17980,36823040,2.114553689956665,,,0.00025327291868711225,2648.1960603589996
17990,36843520,2.142235279083252,,,0.00025322051735141964,2649.751948404999
18000,36864000,2.1946563720703125,2.0097325503826142,7.4613215528493555,0.0002531680928066885,2652.2487393070005
18010,36884480,2.185929298400879,,,0.0002531156450667107,2654.987832863999
18020,36904960,1.961412787437439,,,0.00025306317414528406,2656.497419739999
18030,36925440,1.840133547782898,,,0.0002530106800562127,2657.69373447
18040,36945920,2.1830854415893555,,,0.00025295816281330674,2658.9491957169994
18050,36966400,2.078740358352661,,,0.0002529056224303824,2660.276881213
18060,36986880,1.969031810760498,,,0.000252853058921262,2661.8101869849997
18070,37007360,2.2224538326263428,,,0.00025280047229977396,2663.312571844999
18080,37027840,2.0369701385498047,,,0.00025274786257975274,2664.530922984999
18090,37048320,2.064582109451294,,,0.0002526952297750389,2666.0896755960002
18100,37068800,1.8547059297561646,2.0106853723526,7.46843425197992,0.000252642573899479,2668.1456479539993
18110,37089280,2.462453842163086,,,0.0002525898949669259,2669.5064839419992
18120,37109760,2.362060308456421,,,0.00025253719299123817,2670.8709426429996
18130,37130240,1.967789649963379,,,0.0002524844679862808,2672.277095886
18140,37150720,1.7730567455291748,,,0.00025243171996592456,2673.7330585500004
18150,37171200,2.383269786834717,,,0.0002523789489440465,2674.979277717999
18160,37191680,2.1219444274902344,,,0.00025232615493452954,2676.2586074779992
18170,37212160,2.1277036666870117,,,0.0002522733379512627,2677.5926320109993
18180,37232640,1.9815773963928223,,,0.0002522204980081411,2678.8152336660005
18190,37253120,2.266232967376709,,,0.0002521676351190659,2680.4172796069997
18200,37273600,2.1326818466186523,2.008819764852524,7.454514073857377,0.00025211474929794417,2682.8903661389995
18210,37294080,2.0137135982513428,,,0.0002520618405586892,2684.0316964369995
18220,37314560,1.8232604265213013,,,0.0002520089089152201,2685.294087787999
18230,37335040,1.9659833908081055,,,0.0002519559543814622,2686.514869262999
18240,37355520,2.0787553787231445,,,0.00025190297697134673,2687.820489816
18250,37376000,2.1590070724487305,,,0.0002518499766988111,2689.182584315
18260,37396480,2.085764169692993,,,0.00025179695357779836,2690.732244184999
18270,37416960,2.2551109790802,,,0.0002517439076222581,2692.400394959999
18280,37437440,1.8641445636749268,,,0.00025169083884614543,2693.9086454129992
18290,37457920,1.9982471466064453,,,0.0002516377472634218,2695.6623291470005
18300,37478400,2.0979833602905273,2.0048493683338164,7.42497537610535,0.0002515846328880545,2698.2151361819997
18310,37498880,1.9384403228759766,,,0.0002515314957340168,2699.749150353
18320,37519360,2.2266221046447754,,,0.00025147833581528814,2701.232715148999
18330,37539840,2.19553804397583,,,0.00025142515314585364,2702.4978234249993
18340,37560320,2.1038098335266113,,,0.00025137194773970477,2703.9578104909997
18350,37580800,1.959150791168213,,,0.0002513187196108387,2705.6277090059993
18360,37601280,2.075089454650879,,,0.00025126546877325863,2706.8930633050004
18370,37621760,1.997964859008789,,,0.0002512121952409739,2708.1492162699997
18380,37642240,2.120753765106201,,,0.0002511588990279996,2709.624704186999
18390,37662720,2.313380718231201,,,0.000251105580148357,2710.9870926250005
18400,37683200,1.9761987924575806,2.0059314012527465,7.433013792015578,0.00025105223861607306,2712.834844883999
18410,37703680,1.9265763759613037,,,0.00025099887444518103,2714.1542366249996
18420,37724160,2.0107975006103516,,,0.0002509454876497199,2715.359877486999
18430,37744640,2.231456756591797,,,0.0002508920782437345,2716.588081696
18440,37765120,2.1692748069763184,,,0.00025083864624127607,2717.764082444999
18450,37785600,2.1914515495300293,,,0.00025078519165640126,2719.125852542
18460,37806080,1.8356168270111084,,,0.0002507317145031729,2720.6477983059995
18470,37826560,1.6742441654205322,,,0.0002506782147956599,2722.1511287079993
18480,37847040,2.004556655883789,,,0.0002506246925479368,2723.924279494
18490,37867520,1.98427152633667,,,0.0002505711477740843,2725.3236266719996
18500,37888000,1.920041799545288,1.9981234431266786,7.375203116940362,0.00025051758048818894,2727.765688031999
18510,37908480,2.041274070739746,,,0.00025046399070434314,2730.3201298589993
18520,37928960,1.89971923828125,,,0.00025041037843664537,2731.4962818639997
18530,37949440,2.09769868850708,,,0.0002503567436991999,2732.7763266780003
18540,37969920,2.1532201766967773,,,0.000250303086506117,2734.3490130789996
18550,37990400,2.0701675415039062,,,0.0002502494068715127,2735.854099049
18560,38010880,1.6334526538848877,,,0.000250195704809509,2737.421961316999
18570,38031360,2.243441104888916,,,0.000250141980334234,2738.631663496999
18580,38051840,2.1293296813964844,,,0.00025008823345982144,2739.7970179780004
18590,38072320,1.802490234375,,,0.00025003446420041096,2740.983896873
18600,38092800,2.195631980895996,1.997030746936798,7.367148661932444,0.0002499806725701483,2743.244667564999
18610,38113280,2.03753662109375,,,0.0002499268585831849,2744.7106886849997
18620,38133760,2.035477876663208,,,0.000249873022253678,2746.3547963700003
18630,38154240,1.9810881614685059,,,0.00024981916359579113,2747.8880442440004
18640,38174720,1.789766550064087,,,0.00024976528262369316,2749.3566482490005
18650,38195200,2.41545033454895,,,0.00024971137935155923,2750.849626567
18660,38215680,1.936685562133789,,,0.0002496574537935702,2752.363509981
18670,38236160,1.9902836084365845,,,0.0002496035059639127,2753.6882565670003
18680,38256640,2.286224365234375,,,0.00024954953587677937,2755.0568710959997
18690,38277120,2.034580707550049,,,0.0002494955435463687,2756.338736013
18700,38297600,2.1328115463256836,1.9951679289340973,7.35343777918087,0.0002494415289868849,2758.4975186230004
18710,38318080,1.8591949939727783,,,0.00024938749221253815,2759.741819826999
18720,38338560,2.266055107116699,,,0.00024933343323754444,2761.1848052120004
18730,38359040,1.9483437538146973,,,0.0002492793520761256,2762.3967994920004
18740,38379520,2.0566439628601074,,,0.00024922524874250934,2763.572994062999
18750,38400000,1.820156216621399,,,0.000249171123250929,2764.6879980920003
18760,38420480,2.1305532455444336,,,0.00024911697561562406,2765.9223169399993
18770,38440960,1.870098352432251,,,0.0002490628058508396,2767.3010577490004
18780,38461440,2.0990848541259766,,,0.0002490086139708266,2768.469230093
18790,38481920,2.1093082427978516,,,0.0002489543999898419,2769.6714975819996
18800,38502400,1.8659874200820923,1.9940140068531036,7.344957378757908,0.000248900163922148,2771.9489507399994
18810,38522880,1.8523139953613281,,,0.0002488459057820134,2773.097047371999
18820,38543360,2.00197696685791,,,0.0002487916255837124,2774.251482226
18830,38563840,2.129289150238037,,,0.00024873732334152474,2775.6877611359996
18840,38584320,1.8791447877883911,,,0.00024868299906973657,2777.1413162360004
18850,38604800,1.9246737957000732,,,0.00024862865278263934,2778.526298413999
18860,38625280,1.8878660202026367,,,0.00024857428449453047,2779.7057102609997
18870,38645760,1.9924254417419434,,,0.0002485198942197132,2780.883824666
18880,38666240,2.1109910011291504,,,0.0002484654819724965,2782.213445395999
18890,38686720,2.0939533710479736,,,0.00024841104776719507,2783.356574116
18900,38707200,1.781170129776001,1.987438714504242,7.296820566938542,0.0002483565916181296,2785.980626867
18910,38727680,1.9933671951293945,,,0.00024830211353962626,2787.325256988999
18920,38748160,2.061849594116211,,,0.0002482476135460172,2788.5418942239994
18930,38768640,2.248471736907959,,,0.00024819309165164034,2789.8354137299993
18940,38789120,2.2158350944519043,,,0.0002481385478708391,2791.4043870919995
18950,38809600,1.8890336751937866,,,0.000248083982217963,2792.960561054
18960,38830080,2.1354575157165527,,,0.00024802939470736714,2794.4803175449997
18970,38850560,1.8952815532684326,,,0.0002479747853534124,2795.851498472999
18980,38871040,2.0713229179382324,,,0.0002479201541704653,2797.056727649
18990,38891520,1.9498116970062256,,,0.00024786550117289827,2798.2511086199993
19000,38912000,2.2595062255859375,1.9875885725021363,7.2979141357976705,0.00024781082637508945,2800.0870193779992
19010,38932480,2.3390684127807617,,,0.00024775612979142264,2802.3996594050004
19020,38952960,1.9073872566223145,,,0.00024770141143628746,2803.8198977350003
19030,38973440,2.2421438694000244,,,0.0002476466713240791,2805.021042949
19040,38993920,2.0877413749694824,,,0.00024759190946919865,2806.1618583399995
19050,39014400,2.035644054412842,,,0.0002475371258860528,2807.529283111
19060,39034880,2.2091524600982666,,,0.0002474823205890541,2808.7354070189995
19070,39055360,1.9399011135101318,,,0.0002474274935926206,2809.9035259720004
19080,39075840,2.318664789199829,,,0.0002473726449111763,2811.200673318999
19090,39096320,1.8819351196289062,,,0.0002473177745591507,2812.7990531920004
19100,39116800,2.132270574569702,1.983667129278183,7.269351819214192,0.00024726288255097907,2815.127098113
19110,39137280,2.0849032402038574,,,0.00024720796890110246,2816.604689603
19120,39157760,1.9850447177886963,,,0.00024715303362396744,2818.103361615
19130,39178240,2.032449245452881,,,0.0002470980767340265,2819.379826143
19140,39198720,2.029101848602295,,,0.0002470430982457376,2820.602400762
19150,39219200,2.0298848152160645,,,0.0002469880981735645,2821.7326663639997
19160,39239680,1.9667317867279053,,,0.0002469330765319766,2822.9644961840004
19170,39260160,2.079789161682129,,,0.000246878033335449,2824.204822181
19180,39280640,2.2781803607940674,,,0.0002468229685984625,2825.369796793999
19190,39301120,2.0921812057495117,,,0.0002467678823355034,2826.646552565
19200,39321600,2.0609776973724365,1.979830527305603,7.241515641996005,0.0002467127745610639,2828.989784326999
19210,39342080,2.0687882900238037,,,0.00024665764528964166,2830.7023488510004
19220,39362560,1.8847190141677856,,,0.0002466024945357401,2832.3784146119997
19230,39383040,2.0844736099243164,,,0.0002465473223138683,2833.649781549
19240,39403520,1.8839304447174072,,,0.00024649212863854097,2835.0466175189995
19250,39424000,1.9331576824188232,,,0.00024643691352427836,2836.5855134880003
19260,39444480,1.9554688930511475,,,0.00024638167698560657,2838.1347884629995
19270,39464960,2.1475377082824707,,,0.0002463264190370572,2839.4523442499994
19280,39485440,2.110056161880493,,,0.00024627113969316746,2840.656226216999
19290,39505920,2.188788414001465,,,0.00024621583896848023,2841.9885607199994
19300,39526400,1.8593850135803223,1.977830809354782,7.227049122475754,0.00024616051687754395,2844.201368766
19310,39546880,2.3853111267089844,,,0.0002461051734349129,2845.591834446999
19320,39567360,2.398951292037964,,,0.0002460498086551468,2847.101130194
19330,39587840,1.9032068252563477,,,0.00024599442255281086,2848.3789287170002
19340,39608320,1.9725590944290161,,,0.00024593901514247617,2849.764086542
19350,39628800,2.026944637298584,,,0.00024588358643871927,2851.33933798
19360,39649280,1.942582130432129,,,0.0002458281364561223,2852.809686430999
19370,39669760,1.8821313381195068,,,0.00024577266520927314,2854.285943187
19380,39690240,1.9131648540496826,,,0.00024571717271276505,2855.724738789999
19390,39710720,2.1872622966766357,,,0.000245661658981197,2857.0956554229997
19400,39731200,1.9223486185073853,1.9806845366954804,7.247702605837794,0.00024560612402917353,2859.105783838
19410,39751680,1.80186128616333,,,0.00024555056787130486,2860.308870588
19420,39772160,1.9525585174560547,,,0.00024549499052220654,2861.574559081999
19430,39792640,1.7956838607788086,,,0.0002454393919965,2863.035380231
19440,39813120,2.200929641723633,,,0.000245383772308812,2864.5943396620005
19450,39833600,2.066636085510254,,,0.00024532813147377496,2865.9256343960005
19460,39854080,2.260404586791992,,,0.00024527246950602693,2867.3906787449996
19470,39874560,2.0757079124450684,,,0.0002452167864202114,2869.0219452050005
19480,39895040,1.8724417686462402,,,0.00024516108223097743,2870.4240816519996
19490,39915520,2.020742416381836,,,0.0002451053569529797,2871.712441513
19500,39936000,1.860548496246338,1.980441004037857,7.24593776846702,0.00024504961060087846,2873.798453625999
19510,39956480,2.3066277503967285,,,0.00024499384318933936,2876.356023298
19520,39976960,1.9478236436843872,,,0.00024493805473303374,2877.7823493569995
19530,39997440,2.025787353515625,,,0.0002448822452466384,2878.9849433109994
19540,40017920,1.8553829193115234,,,0.0002448264147448357,2880.125455771
19550,40038400,1.7455403804779053,,,0.0002447705632423136,2881.314248495999
19560,40058880,2.1092545986175537,,,0.00024471469075376526,2882.59534009
19570,40079360,1.8917179107666016,,,0.00024465879729388985,2883.9514585889992
19580,40099840,1.9354392290115356,,,0.0002446028828773917,2885.312286967999
19590,40120320,1.7347774505615234,,,0.00024454694751898086,2886.592965665999
19600,40140800,2.0285375118255615,1.9722713351249694,7.186982008364597,0.0002444909912333726,2888.831281887
19610,40161280,1.8834091424942017,,,0.0002444350140352881,2890.092967127999
19620,40181760,2.032883882522583,,,0.00024437901593945367,2891.56393525
19630,40202240,1.8400063514709473,,,0.00024432299696060147,2893.0787509540005
19640,40222720,1.7659127712249756,,,0.00024426695711346876,2894.440811332999
19650,40243200,2.0841803550720215,,,0.00024421089641279856,2895.842634405999
19660,40263680,2.112111806869507,,,0.0002441548148733394,2897.289943612999
19670,40284160,2.0364742279052734,,,0.0002440987125098451,2898.718790514
19680,40304640,2.1585981845855713,,,0.00024404258933707505,2900.083394075
19690,40325120,1.7361857891082764,,,0.00024398644536979423,2901.4063982810003
19700,40345600,2.0842909812927246,1.9700413763523101,7.17097319092149,0.00024393028062277288,2903.8164364999993
19710,40366080,2.115194797515869,,,0.00024387409511078688,2905.476468810999
19720,40386560,2.0053772926330566,,,0.0002438178888486175,2906.6780915689997
19730,40407040,2.1676533222198486,,,0.0002437616618510514,2907.84597486
19740,40427520,2.0469608306884766,,,0.00024370541413288083,2909.0877249589994
19750,40448000,2.019197940826416,,,0.00024364914570890344,2910.587313451999
19760,40468480,2.04884672164917,,,0.00024359285659392228,2911.936103533999
19770,40488960,2.1317996978759766,,,0.0002435365468027459,2913.5302609810005
19780,40509440,1.8704296350479126,,,0.0002434802163501883,2915.0247223940005
19790,40529920,1.865520715713501,,,0.00024342386525106884,2916.367359939999
19800,40550400,2.174692153930664,1.963090431690216,7.121300987461943,0.0002433674935202124,2918.8847208120005
19810,40570880,2.061476707458496,,,0.00024331110117244918,2920.1037806410004
19820,40591360,1.7699134349822998,,,0.00024325468822261487,2921.819263068999
19830,40611840,2.030399799346924,,,0.0002431982546855507,2923.5803037820006
19840,40632320,2.0301027297973633,,,0.00024314180057610305,2924.940273168
19850,40652800,1.8688238859176636,,,0.00024308532590912397,2926.255086437999
19860,40673280,2.0822412967681885,,,0.00024302883069947072,2927.5246960799996
19870,40693760,1.9668105840682983,,,0.00024297231496200607,2929.073300516
19880,40714240,2.2573132514953613,,,0.0002429157787115982,2930.498907186
19890,40734720,1.7631093263626099,,,0.00024285922196312065,2931.8436139269998
19900,40755200,1.8757891654968262,1.9619128167629243,7.112919773007568,0.0002428026447314524,2934.1059782009997
19910,40775680,2.037598133087158,,,0.00024274604703147765,2935.740968623999
19920,40796160,1.9558520317077637,,,0.0002426894288780862,2936.8860724349997
19930,40816640,1.8423256874084473,,,0.0002426327902861732,2938.290024439999
19940,40837120,1.9967164993286133,,,0.000242576131270639,2939.735283869999
19950,40857600,2.045189380645752,,,0.00024251945184638956,2941.0438249870003
19960,40878080,1.9772557020187378,,,0.00024246275202833596,2942.5001016349997
19970,40898560,1.7824910879135132,,,0.0002424060318313949,2943.78865934
19980,40919040,2.0265285968780518,,,0.00024234929127048827,2945.303614929
19990,40939520,1.9872442483901978,,,0.00024229253036054337,2946.639846663
20000,40960000,1.9270882606506348,1.967567765712738,7.1532569159569155,0.00024223574911649286,2948.672782804999
20010,40980480,2.0253965854644775,,,0.00024217894755327473,2950.909936648999
20020,41000960,1.804581880569458,,,0.00024212212568583232,2952.3270485020003
20030,41021440,1.8772680759429932,,,0.00024206528352911432,2953.636109575
20040,41041920,1.9776153564453125,,,0.00024200842109807475,2954.881886321
20050,41062400,1.9929287433624268,,,0.00024195153840767303,2956.341982553
20060,41082880,2.213392734527588,,,0.00024189463547287374,2957.736027499999
20070,41103360,2.0612857341766357,,,0.00024183771230864697,2959.2313800329994
20080,41123840,2.0809555053710938,,,0.00024178076892996802,2960.796404036999
20090,41144320,2.140329122543335,,,0.0002417238053518176,2962.381941075
20100,41164800,1.950716257095337,1.9655086815357208,7.138542911712527,0.0002416668215891816,2964.5897902979996
20110,41185280,2.115711212158203,,,0.00024160981765705133,2966.0821145579994
20120,41205760,2.191891670227051,,,0.00024155279357042343,2967.4506026130002
20130,41226240,1.8675270080566406,,,0.00024149574934429966,2968.777076532
20140,41246720,1.9338843822479248,,,0.00024143868499368738,2970.154311168999
20150,41267200,2.187150001525879,,,0.00024138160053359888,2971.3685751169996
20160,41287680,2.012596607208252,,,0.0002413244959790521,2972.636067128
20170,41308160,2.1115241050720215,,,0.00024126737134507002,2974.0837523070004
20180,41328640,2.016390800476074,,,0.00024121022664668092,2975.2643170989995
20190,41349120,2.1410834789276123,,,0.00024115306189891855,2976.811759516999
20200,41369600,2.090327262878418,1.9626347780227662,7.11805687970092,0.00024109587711682167,2978.696219632
20210,41390080,1.9639123678207397,,,0.00024103867231543453,2979.847168945
20220,41410560,1.9825129508972168,,,0.0002409814475098065,2981.0738128720004
20230,41431040,2.1325438022613525,,,0.00024092420271499236,2982.355449880999
20240,41451520,2.363881826400757,,,0.00024086693794605197,2983.757016460999
20250,41472000,1.9251234531402588,,,0.00024080965321805056,2985.062914495
20260,41492480,2.028439998626709,,,0.00024075234854605858,2986.2619648679993
20270,41512960,1.6779735088348389,,,0.0002406950239451518,2987.410199275
20280,41533440,2.215394973754883,,,0.00024063767943041108,2988.717091065999
20290,41553920,1.957343578338623,,,0.00024058031501692265,2990.0282861470005
20300,41574400,1.8003230094909668,1.963033002614975,7.120892029474871,0.0002405229307197779,2991.8515275219997
20310,41594880,2.114844799041748,,,0.00024046552655407352,2993.277524580999
20320,41615360,2.0262041091918945,,,0.0002404081025349114,2994.765271881999
20330,41635840,1.8221335411071777,,,0.00024035065867739853,2996.233494627999
20340,41656320,2.1947402954101562,,,0.00024029319499664737,2997.8723381420004
20350,41676800,2.0919227600097656,,,0.00024023571150777538,2999.4075797099995
20360,41697280,1.912590503692627,,,0.00024017820822590534,3001.0651058490002
20370,41717760,1.8208799362182617,,,0.00024012068516616518,3002.516662075999
20380,41738240,2.0637078285217285,,,0.00024006314234368802,3004.0582949889995
20390,41758720,2.17250657081604,,,0.00024000557977361231,3005.6501356730005
20400,41779200,2.181612968444824,1.959357088804245,7.094764295189228,0.00023994799747108155,3007.8726779999997
20410,41799680,1.9227195978164673,,,0.00023989039545124446,3009.119514283999
20420,41820160,1.6668620109558105,,,0.000239832773729255,3010.2642186129997
20430,41840640,2.2574071884155273,,,0.00023977513232027227,3011.4773199909996
20440,41861120,1.9421051740646362,,,0.00023971747123946056,3012.7278055749994
20450,41881600,2.0870041847229004,,,0.00023965979050198936,3013.964331560999
20460,41902080,1.9268214702606201,,,0.00023960209012303325,3015.473237815
20470,41922560,2.079416513442993,,,0.0002395443701177721,3016.870516417999
20480,41943040,1.8974637985229492,,,0.0002394866305013909,3018.0938990470004
20490,41963520,2.092949390411377,,,0.0002394288712890797,3019.3382464349997
20500,41984000,1.9621254205703735,1.9580485463142394,7.085486566127583,0.0002393710924960338,3021.730187040999
20510,42004480,1.9303354024887085,,,0.0002393132941374537,3024.353137025999
20520,42024960,1.9645824432373047,,,0.0002392554762285449,3025.7270590280004
20530,42045440,2.1299092769622803,,,0.00023919763878451814,3027.245232543999
20540,42065920,1.9370598793029785,,,0.0002391397818205893,3028.844188654999
20550,42086400,1.9743200540542603,,,0.00023908190535197943,3030.2585714060006
20560,42106880,1.9416484832763672,,,0.00023902400939391464,3031.4653017050005
20570,42127360,2.2489547729492188,,,0.00023896609396162612,3032.623639149
20580,42147840,2.1250851154327393,,,0.0002389081590703503,3033.874241976
20590,42168320,2.174424648284912,,,0.0002388502047353287,3035.0366901590005
20600,42188800,2.189004421234131,1.9544144988059997,7.059784301239101,0.00023879223097180788,3037.420549180999
20610,42209280,2.0284647941589355,,,0.00023873423779503968,3038.9766907949997
20620,42229760,2.084794044494629,,,0.0002386762252202808,3040.3023283229995
20630,42250240,1.8266551494598389,,,0.00023861819326279326,3041.4820389689994
20640,42270720,1.9426147937774658,,,0.00023856014193784404,3042.6101523180005
20650,42291200,2.045039176940918,,,0.00023850207126070535,3043.8962719089996
20660,42311680,2.061005115509033,,,0.00023844398124665432,3045.229136296999
20670,42332160,2.1777195930480957,,,0.00023838587191097335,3046.546147829
20680,42352640,1.9384382963180542,,,0.00023832774326894982,3047.920917350999
20690,42373120,2.1316590309143066,,,0.0002382695953358761,3049.384232409
20700,42393600,1.970550298690796,1.9491220355033874,7.02251935057545,0.0002382114281270499,3051.7919110509993
20710,42414080,2.050654172897339,,,0.00023815324165777372,3053.541973026
20720,42434560,1.858154535293579,,,0.00023809503594335524,3054.8248591829997
20730,42455040,1.9875746965408325,,,0.00023803681099910732,3056.190903560999
20740,42475520,1.9397810697555542,,,0.00023797856684034768,3057.5774514120003
20750,42496000,2.2180747985839844,,,0.00023792030348239915,3058.8789903409997
20760,42516480,2.2813668251037598,,,0.0002378620209405898,3060.194519425999
20770,42536960,2.113424777984619,,,0.00023780371923025242,3061.4424854499994
20780,42557440,1.754267692565918,,,0.00023774539836672509,3062.839067851999
20790,42577920,2.1967122554779053,,,0.00023768705836535084,3064.187548591999
20800,42598400,1.8928872346878052,1.9555406153202057,7.067738919000041,0.00023762869924147777,3066.0372933929993
20810,42618880,2.0420756340026855,,,0.00023757032101045898,3067.313728420999
20820,42639360,2.106569290161133,,,0.00023751192368765258,3068.6200947340003
20830,42659840,2.1683919429779053,,,0.00023745350728842174,3069.860279564
20840,42680320,1.9299893379211426,,,0.00023739507182813467,3071.1494706760004
20850,42700800,1.6579256057739258,,,0.0002373366173221645,3072.570048898
20860,42721280,1.958735704421997,,,0.0002372781437858895,3073.7508601890004
20870,42741760,1.8139538764953613,,,0.0002372196512346928,3074.9982323570002
20880,42762240,1.9084032773971558,,,0.00023716113968396267,3076.566506220999
20890,42782720,2.061349391937256,,,0.0002371026091490923,3077.9890124840003
20900,42803200,1.9077132940292358,1.9478792011737824,7.013796943822261,0.00023704405964547986,3080.209500318999
20910,42823680,2.0955686569213867,,,0.00023698549118852865,3081.3690952819998
20920,42844160,1.9913625717163086,,,0.0002369269037936467,3082.6761802969995
20930,42864640,2.0700759887695312,,,0.0002368682974762473,3083.857942834
20940,42885120,2.268922805786133,,,0.0002368096722517485,3085.3025110609997
20950,42905600,2.0644705295562744,,,0.00023675102813557349,3086.831229534999
20960,42926080,1.829076886177063,,,0.0002366923651431503,3088.0821885259993
20970,42946560,1.8648016452789307,,,0.00023663368328991197,3089.709536582999
20980,42967040,1.9956525564193726,,,0.00023657498259129655,3091.0113921560005
20990,42987520,2.61135196685791,,,0.00023651626306274702,3092.124818471999
21000,43008000,1.863077163696289,1.9461909353733062,7.0019657801951265,0.00023645752471971126,3094.368783746
21010,43028480,2.1951651573181152,,,0.00023639876757764215,3097.0389539320004
21020,43048960,1.926376223564148,,,0.00023633999165199754,3098.8238375719993
21030,43069440,2.4004597663879395,,,0.0002362811969582402,3100.261536905
21040,43089920,1.6781775951385498,,,0.00023622238351183775,3101.673944409
21050,43110400,2.1105382442474365,,,0.00023616355132826292,3102.860907983999
21060,43130880,2.0413730144500732,,,0.00023610470042299318,3104.113251528999
21070,43151360,1.9961957931518555,,,0.00023604583081151108,3105.4299866839992
21080,43171840,1.8121225833892822,,,0.00023598694250930401,3106.8773706150005
21090,43192320,1.879887580871582,,,0.00023592803553186428,3108.170781470999
21100,43212800,1.959687352180481,1.9460939764976501,7.0012869103774555,0.00023586910989468915,3110.288447777999
21110,43233280,1.9043396711349487,,,0.00023581016561328075,3111.7845368010003
21120,43253760,1.9921724796295166,,,0.00023575120270314612,3113.0182719160002
21130,43274240,1.6288682222366333,,,0.00023569222117979726,3114.3956691740004
21140,43294720,2.032073974609375,,,0.00023563322105875101,3115.570059960999
21150,43315200,2.013784408569336,,,0.00023557420235552904,3117.1244408620005
21160,43335680,1.9407598972320557,,,0.000235515165085658,3118.405377735
21170,43356160,2.1606545448303223,,,0.00023545610926466949,3119.596892468
21180,43376640,2.1746878623962402,,,0.00023539703490809989,3120.833158587
21190,43397120,2.023977279663086,,,0.00023533794203149032,3122.4770597869992
21200,43417600,1.8466360569000244,1.9388689637184142,6.950884820104346,0.00023527883065038713,3125.052775119
21210,43438080,2.0028815269470215,,,0.0002352197007803412,3126.4146486989994
21220,43458560,2.156397819519043,,,0.0002351605524369084,3127.943717545999
21230,43479040,1.9971715211868286,,,0.00023510138563564956,3129.236656019999
21240,43499520,1.9689533710479736,,,0.00023504220039213022,3130.786771081999
21250,43520000,2.0394678115844727,,,0.00023498299672192088,3132.3518185840003
21260,43540480,2.0129456520080566,,,0.00023492377464059668,3133.717731367
21270,43560960,1.7723734378814697,,,0.0002348645341637379,3135.3039309390006
21280,43581440,2.115361213684082,,,0.00023480527530692945,3136.693887637999
21290,43601920,1.7047724723815918,,,0.00023474599808576116,3138.124165858
21300,43622400,1.9332998991012573,1.94073166847229,6.963844332427902,0.0002346867025158277,3140.220532562
21310,43642880,1.7661161422729492,,,0.00023462738861272842,3141.583747408
21320,43663360,1.7666770219802856,,,0.00023456805639206774,3142.6989434339994
21330,43683840,1.9852607250213623,,,0.00023450870586945474,3144.0451883940004
21340,43704320,1.8880012035369873,,,0.00023444933706050333,3145.5929334369994
21350,43724800,1.826981782913208,,,0.00023438994998083225,3147.046447834
21360,43745280,2.032440185546875,,,0.00023433054464606505,3148.419042394
21370,43765760,1.9927647113800049,,,0.00023427112107183003,3149.8673937490003
21380,43786240,1.9723674058914185,,,0.0002342116792737604,3151.397532560999
21390,43806720,1.942193627357483,,,0.00023415221926749409,3152.8177905699995
21400,43827200,1.7626333236694336,1.9433582901954651,6.982159760548893,0.00023409274106867377,3154.867105518999
21410,43847680,1.7682673931121826,,,0.00023403324469294698,3156.2089176480004
21420,43868160,2.0575852394104004,,,0.00023397373015596608,3157.463906653
21430,43888640,1.946707010269165,,,0.00023391419747338803,3158.6258681159998
21440,43909120,1.7954864501953125,,,0.00023385464666087475,3159.8599143270003
21450,43929600,2.1718621253967285,,,0.00023379507773409286,3161.266255626
21460,43950080,1.8947618007659912,,,0.00023373549070871373,3162.4370724759992
21470,43970560,2.0242578983306885,,,0.00023367588560041353,3163.813059033
21480,43991040,1.8327772617340088,,,0.0002336162624248731,3165.320502101
21490,44011520,1.9778969287872314,,,0.00023355662119777814,3166.5940539019994
21500,44032000,2.3728702068328857,1.9395756363868712,6.955798556425398,0.00023349696193481905,3168.5737861420002
21510,44052480,1.720407247543335,,,0.000233437284651691,3171.0297566320005
21520,44072960,1.8349982500076294,,,0.0002333775893640938,3172.6873245320003
21530,44093440,1.6914119720458984,,,0.00023331787608773217,3173.929272591
21540,44113920,1.9125151634216309,,,0.0002332581448383154,3175.061841753999
21550,44134400,1.7356445789337158,,,0.0002331983956315576,3176.488797
21560,44154880,2.0141842365264893,,,0.0002331386284831776,3177.6816233360005
21570,44175360,1.841036081314087,,,0.0002330788434088989,3178.8357816059997
21580,44195840,1.966727375984192,,,0.0002330190404244498,3180.0690032029997
21590,44216320,2.045474052429199,,,0.00023295921954556318,3181.292249173999
21600,44236800,1.830744743347168,1.9367374062538147,6.936084389268753,0.00023289938078797676,3183.5265131319993
21610,44257280,1.9951574802398682,,,0.00023283952416743294,3184.872883008
21620,44277760,1.9751991033554077,,,0.00023277964969967867,3186.496243247999
21630,44298240,2.2395081520080566,,,0.00023271975740046582,3187.9507435899995
21640,44318720,1.9739701747894287,,,0.00023265984728555088,3189.300611888999
21650,44339200,1.9829559326171875,,,0.00023259991937069486,3190.5804047429992
21660,44359680,1.7802999019622803,,,0.0002325399736716637,3191.8408456790003
21670,44380160,1.7593109607696533,,,0.00023248001020422784,3193.044637257999
21680,44400640,2.2843050956726074,,,0.00023242002898416248,3194.482219280999
21690,44421120,1.8250632286071777,,,0.00023236003002724748,3195.8886977620004
21700,44441600,2.12028431892395,1.937058264017105,6.938310242863993,0.0002323000133492673,3197.85585482
21710,44462080,2.104617118835449,,,0.00023223997896601123,3199.4607226049993
21720,44482560,2.1750845909118652,,,0.000232179926893273,3200.834371207
21730,44503040,2.185105085372925,,,0.00023211985714685111,3202.385934942
21740,44523520,1.9305956363677979,,,0.0002320597697425488,3203.803792716999
21750,44544000,1.6849827766418457,,,0.00023199966469617374,3205.1626503589996
21760,44564480,2.0777089595794678,,,0.00023193954202353837,3206.434688292
21770,44584960,1.8641525506973267,,,0.00023187940174045977,3207.8751861109995
21780,44605440,2.0383214950561523,,,0.00023181924386275968,3209.160579075
21790,44625920,2.1448562145233154,,,0.00023175906840626438,3210.5624994749996
21800,44646400,1.8953465223312378,1.9390440583229065,6.952101989089544,0.00023169887538680478,3212.6078362339995
21810,44666880,2.188904047012329,,,0.00023163866482021653,3213.751539957
21820,44687360,2.132849931716919,,,0.00023157843672233977,3214.9228149129995
21830,44707840,1.8898169994354248,,,0.00023151819110901934,3216.3133985429995
21840,44728320,2.1545495986938477,,,0.00023145792799610457,3217.447524489
21850,44748800,2.1025264263153076,,,0.0002313976473994495,3219.012929692999
21860,44769280,2.0274198055267334,,,0.0002313373493349128,3220.743912246
21870,44789760,1.9426255226135254,,,0.0002312770338183576,3222.1720162269994
21880,44810240,1.6669723987579346,,,0.00023121670086565172,3223.7558418539993
21890,44830720,2.0832467079162598,,,0.00023115635049266752,3224.962791808999
21900,44851200,1.7604701519012451,1.9360364556312561,6.931224240159244,0.00023109598271528202,3227.828973963
21910,44871680,1.975942850112915,,,0.00023103559754937677,3229.318786583999
21920,44892160,2.015101909637451,,,0.0002309751950108378,3230.572441397
21930,44912640,2.104583978652954,,,0.00023091477511555587,3232.021745004
21940,44933120,1.9775099754333496,,,0.0002308543378794262,3233.299138327
21950,44953600,1.8565648794174194,,,0.00023079388331834864,3234.5163272110003
21960,44974080,1.790103793144226,,,0.00023073341144822754,3235.8653446730004
21970,44994560,1.8817408084869385,,,0.00023067292228497185,3237.3282715240002
21980,45015040,1.9520022869110107,,,0.00023061241584449506,3238.6518936270004
21990,45035520,2.2540059089660645,,,0.00023055189214271515,3240.271774924
22000,45056000,1.7333934307098389,1.9332955718040465,6.912252571183928,0.0002304913511955547,3242.6138163470005
22010,45076480,2.1451199054718018,,,0.00023043079301894083,3245.2002226570003
22020,45096960,1.977407693862915,,,0.00023037021762880515,3246.76866804
22030,45117440,1.7903724908828735,,,0.00023030962504108388,3248.1836004550005
22040,45137920,1.7245672941207886,,,0.00023024901527171762,3249.4759733600004
22050,45158400,1.8344454765319824,,,0.00023018838833665167,3250.823703528
22060,45178880,2.1261115074157715,,,0.00023012774425183564,3252.2220216339992
22070,45199360,1.8107616901397705,,,0.00023006708303322386,3253.566590671
22080,45219840,2.160004138946533,,,0.00023000640469677508,3254.862404247
22090,45240320,2.2680001258850098,,,0.00022994570925845251,3256.180605854999
22100,45260800,1.8391377925872803,1.9325507938861848,6.907106394723401,0.00022988499673422385,3258.4752636489993
22110,45281280,1.9886181354522705,,,0.00022982426714006143,3259.7238296489995
22120,45301760,1.9949077367782593,,,0.00022976352049194193,3261.018891235999
22130,45322240,2.0336482524871826,,,0.0002297027568058466,3262.1753187510003
22140,45342720,1.949318528175354,,,0.00022964197609776107,3263.399082672
22150,45363200,2.2694621086120605,,,0.00022958117838367558,3264.6567248329993
22160,45383680,2.125119686126709,,,0.0002295203636795848,3266.1337017280002
22170,45404160,1.7938127517700195,,,0.00022945953200148778,3267.6496684079993
22180,45424640,2.0544838905334473,,,0.00022939868336538814,3269.150090825
22190,45445120,2.028346538543701,,,0.00022933781778729397,3270.4312900040004
22200,45465600,2.3109772205352783,1.934293270111084,6.919152355251117,0.0002292769352832177,3272.359773598999
22210,45486080,1.76999032497406,,,0.00022921603586917639,3273.50772426
22220,45506560,1.9087560176849365,,,0.00022915511956119133,3274.70876591
22230,45527040,2.055708885192871,,,0.00022909418637528844,3276.1620840800006
22240,45547520,2.1862897872924805,,,0.000229033236327498,3277.2983244749994
22250,45568000,1.9511098861694336,,,0.0002289722694338548,3278.4332058809996
22260,45588480,1.7963426113128662,,,0.00022891128571039788,3279.8482427519994
22270,45608960,1.7553520202636719,,,0.00022885028517317092,3281.049641104999
22280,45629440,1.9001119136810303,,,0.00022878926783822184,3282.487264621999
22290,45649920,1.9609661102294922,,,0.0002287282337216032,3283.7630471289995
22300,45670400,2.086381435394287,1.9282227396965026,6.877276662865439,0.00022866718283937173,3286.040250684
22310,45690880,1.9343878030776978,,,0.0002286061152075887,3287.1838717289993
22320,45711360,2.1087119579315186,,,0.00022854503084231986,3288.825274106999
22330,45731840,2.0933942794799805,,,0.00022848392975963522,3290.264822650999
22340,45752320,1.9342023134231567,,,0.0002284228119756092,3292.0154440940005
22350,45772800,2.0172553062438965,,,0.0002283616775063207,3293.435855091
22360,45793280,1.9065356254577637,,,0.00022830052636785292,3295.089747946
22370,45813760,1.9265695810317993,,,0.0002282393585762936,3296.5450800050003
22380,45834240,1.9442732334136963,,,0.00022817817414773464,3298.07498236
22390,45854720,1.7710129022598267,,,0.00022811697309827248,3299.7520049739996
22400,45875200,2.057652235031128,1.925267094373703,6.85697988208162,0.0002280557554440079,3302.0303620899995
22410,45895680,1.994754433631897,,,0.00022799452120104594,3303.141583839999
22420,45916160,1.924511432647705,,,0.0002279332703854962,3304.3146342950004
22430,45936640,1.9792332649230957,,,0.0002278720030134725,3305.791353168999
22440,45957120,1.8983088731765747,,,0.00022781071910109307,3307.4063300140006
22450,45977600,1.717430830001831,,,0.00022774941866448033,3308.985325333
22460,45998080,1.8416727781295776,,,0.0002276881017197614,3310.494875180999
22470,46018560,1.909260869026184,,,0.00022762676828306738,3311.797986047999
22480,46039040,1.7455748319625854,,,0.00022756541837053393,3313.274582771999
22490,46059520,2.004669427871704,,,0.00022750405199830097,3314.748665989
22500,46080000,1.9590895175933838,1.926417464017868,6.86487248242215,0.00022744266918251274,3316.861735224
22510,46100480,2.014716148376465,,,0.0002273812699393178,3319.199950717999
22520,46120960,2.0291030406951904,,,0.00022731985428486908,3320.8335259020005
22530,46141440,1.7676016092300415,,,0.00022725842223532378,3322.1932046929996
22540,46161920,1.9497312307357788,,,0.00022719697380684347,3323.426807856
22550,46182400,1.7711358070373535,,,0.00022713550901559394,3324.6173403129997
22560,46202880,2.082754611968994,,,0.0002270740278777454,3326.0223396500005
22570,46223360,1.9047553539276123,,,0.00022701253040947224,3327.3336436089994
22572,46227456,2.5668351650238037,,,0.00022700022895759032,3327.5951097279994
22580,46243840,1.9524328708648682,,,0.00022695101662695326,3330.363988198999
22590,46264320,1.8439381122589111,,,0.0002268894865463714,3331.551298266999
22600,46284800,2.1069772243499756,1.9217667818069457,6.8330202667648,0.0002268279401839141,3333.757135741999
22610,46305280,1.832345724105835,,,0.0002267663775557729,3334.882605380999
22620,46325760,2.0633320808410645,,,0.00022670479867814363,3336.483371268999
22630,46346240,1.7490531206130981,,,0.00022664320356722658,3337.766116583999
22640,46366720,1.9402575492858887,,,0.00022658159223922612,3339.083932571999
22650,46387200,1.6355550289154053,,,0.00022651996471035091,3340.181845518999
22660,46407680,1.9100782871246338,,,0.00022645832099681397,3341.243637553999
22670,46428160,2.03322172164917,,,0.00022639666111483252,3342.315988528999
22680,46448640,2.234165906906128,,,0.00022633498508062795,3343.369226866999
22690,46469120,2.035123348236084,,,0.00022627329291042606,3344.472237219999
22700,46489600,2.023688554763794,1.9251522541046142,6.856192469881006,0.00022621158462045676,3346.300854714999
22710,46510080,1.7453830242156982,,,0.00022614986022695435,3347.554428609999
22720,46530560,1.9533979892730713,,,0.00022608811974615716,3348.731526105999
22730,46551040,1.6557903289794922,,,0.00022602636319430793,3349.994301166999
22740,46571520,1.6386264562606812,,,0.00022596459058765354,3351.220215449999
22750,46592000,1.880434513092041,,,0.00022590280194244514,3352.433055851999
22760,46612480,1.8955962657928467,,,0.00022584099727493802,3353.613031636999
22770,46632960,1.8727521896362305,,,0.00022577917660139186,3354.902427294999
22780,46653440,1.7805099487304688,,,0.00022571733993807027,3356.071139654999
22790,46673920,1.9133979082107544,,,0.00022565548730124136,3357.520943684999
22800,46694400,1.7304496765136719,1.9174327552318573,6.803469857725265,0.00022559361870717724,3359.856191955999
22810,46714880,1.7938711643218994,,,0.00022553173417215434,3361.092439632999
22820,46735360,1.7690317630767822,,,0.00022546983371245317,3362.346789339999
22830,46755840,1.8082044124603271,,,0.00022540791734435852,3363.983259628999
22840,46776320,2.012533664703369,,,0.0002253459850841594,3365.177531862999
22850,46796800,1.9264075756072998,,,0.00022528403694814885,3366.463055672999
22860,46817280,2.12147855758667,,,0.0002252220729526242,3367.626507193999
22870,46837760,1.771582007408142,,,0.00022516009311388695,3368.818615098999
22880,46858240,2.1093780994415283,,,0.00022509809744824275,3370.187044018999
22890,46878720,1.951404333114624,,,0.00022503608597200135,3371.556289528999
22900,46899200,1.9194283485412598,1.9178927958011627,6.806600449916359,0.0002249740587014768,3373.788548570999
22910,46919680,1.8537452220916748,,,0.00022491201565298714,3375.111919170999
22920,46940160,1.9925029277801514,,,0.0002248499568428547,3376.326595690999
22930,46960640,1.674694538116455,,,0.0002247878822874059,3377.718476678999
22940,46981120,2.2075119018554688,,,0.0002247257920029713,3379.059383633999
22950,47001600,2.035992383956909,,,0.0002246636860058856,3380.429310702999
22960,47022080,2.1106176376342773,,,0.00022460156431248758,3381.846561921999
22970,47042560,1.8332509994506836,,,0.00022453942693912031,3383.497437530999
22980,47063040,1.871795892715454,,,0.0002244772739021308,3384.789335833999
22990,47083520,1.8377954959869385,,,0.00022441510521787025,3386.0926730829988
23000,47104000,2.2792129516601562,1.9158359527587892,6.7926147292854875,0.00022435292090269406,3388.401911836999
23010,47124480,2.1129941940307617,,,0.00022429072097296157,3390.650634456999
23020,47144960,2.1194732189178467,,,0.00022422850544503647,3391.832300504999
23030,47165440,1.842995047569275,,,0.00022416627433528627,3393.013227551999
23040,47185920,2.010831832885742,,,0.00022410402766008276,3394.161344769999
23050,47206400,1.8699185848236084,,,0.00022404176543580186,3395.471872930999
23060,47226880,1.8348227739334106,,,0.00022397948767882337,3396.720854684999
23070,47247360,2.0166680812835693,,,0.00022391719440553146,3398.003902830999
23080,47267840,1.9884289503097534,,,0.00022385488563231415,3399.289825064999
23090,47288320,2.036810874938965,,,0.00022379256137556358,3400.545296323999
23100,47308800,2.0671920776367188,1.9140907764434814,6.780770756857048,0.00022373022165167607,3403.353428531999
23110,47329280,1.900294542312622,,,0.00022366786647705199,3404.708150674999
23120,47349760,2.4482614994049072,,,0.00022360549586809562,3405.979766199999
23130,47370240,2.1162829399108887,,,0.00022354310984121545,3407.199449860999
23140,47390720,1.7614727020263672,,,0.000223480708412824,3408.381390345999
23150,47411200,1.8680176734924316,,,0.00022341829159933785,3409.583463079999
23160,47431680,1.77591872215271,,,0.00022335585941717754,3410.792057937999
23170,47452160,1.9975783824920654,,,0.00022329341188276775,3411.956364463999
23180,47472640,1.8327357769012451,,,0.0002232309490125372,3413.185689882999
23190,47493120,1.8811159133911133,,,0.00022316847082291854,3414.467120009999
23200,47513600,1.8479435443878174,1.912214022874832,6.768056855302727,0.0002231059773303486,3416.667406939999
23210,47534080,2.011190891265869,,,0.00022304346855126812,3417.958191824999
23220,47554560,2.0028042793273926,,,0.00022298094450212187,3419.269771877999
23230,47575040,1.9442906379699707,,,0.0002229184051993587,3420.362669166999
23240,47595520,2.071045398712158,,,0.00022285585065943145,3422.103043065999
23250,47616000,2.1205949783325195,,,0.00022279328089879692,3423.2379610999988
23260,47636480,2.317599058151245,,,0.00022273069593391597,3424.327579277999
23270,47656960,1.8184922933578491,,,0.00022266809578125343,3425.464611440999
23280,47677440,2.0046324729919434,,,0.0002226054804572782,3426.596436956999
23290,47697920,1.737512230873108,,,0.00022254284997846302,3427.734304211999
23300,47718400,1.9660290479660034,1.912122219800949,6.767435555398252,0.00022248020436128478,3429.998012139999
23310,47738880,1.9688060283660889,,,0.0002224175436222242,3431.350776449999
23320,47759360,1.7419624328613281,,,0.00022235486777776614,3432.822825947999
23330,47779840,2.272132396697998,,,0.00022229217684439928,3434.089250501999
23340,47800320,1.8427903652191162,,,0.00022222947083861642,3435.229457975999
23350,47820800,1.9370040893554688,,,0.00022216674977691418,3436.397452218999
23360,47841280,1.9436380863189697,,,0.0002221040136757932,3437.712598593999
23370,47861760,2.0696053504943848,,,0.00022204126255175808,3438.962196694999
23380,47882240,1.9291977882385254,,,0.0002219784964213175,3440.346820113999
23390,47902720,1.6775567531585693,,,0.00022191571530098375,3441.668047226999
23400,47923200,1.6745235919952393,1.9107000470161437,6.757817933309665,0.00022185291920727342,3444.038035909999
23410,47943680,2.1099817752838135,,,0.0002217901081567069,3445.374220710999
23420,47964160,2.026747226715088,,,0.0002217272821658085,3446.609052956999
23430,47984640,2.0413994789123535,,,0.00022166444125110637,3447.800140833999
23440,48005120,1.7689226865768433,,,0.0002216015854291328,3448.930037959999
23450,48025600,2.075268268585205,,,0.00022153871471642387,3450.355036971999
23460,48046080,1.8730952739715576,,,0.00022147582912951955,3451.672074773999
23470,48066560,1.9587807655334473,,,0.0002214129286849638,3452.983481050999
23480,48087040,2.137673854827881,,,0.00022135001339930444,3454.387263569999
23490,48107520,1.814056634902954,,,0.00022128708328909326,3455.605132312999
23500,48128000,1.9897522926330566,1.9074260294437408,6.7357288983206445,0.00022122413837088583,3458.053886040999
23510,48148480,1.9892804622650146,,,0.00022116117866124177,3460.423385202999
23520,48168960,1.8899648189544678,,,0.00022109820417672447,3461.692953850999
23530,48189440,1.99806809425354,,,0.00022103521493390123,3462.984321202999
23540,48209920,2.1487817764282227,,,0.00022097221094934325,3464.163528912999
23550,48230400,1.775843858718872,,,0.00022090919223962568,3465.493888694999
23560,48250880,2.254804849624634,,,0.00022084615882132734,3466.783358920999
23570,48271360,1.867990493774414,,,0.00022078311071103117,3468.186393225999
23580,48291840,1.9769006967544556,,,0.0002207200479253238,3469.488041241999
23590,48312320,1.9409496784210205,,,0.0002206569704807958,3470.608471839999
23600,48332800,1.8840856552124023,1.9050656139850617,6.719848529211148,0.00022059387839404152,3472.894855330999
23610,48353280,2.1661105155944824,,,0.0002205307716816593,3474.056565098999
23620,48373760,1.9224082231521606,,,0.00022046765036025118,3475.282038144999
23630,48394240,1.9624743461608887,,,0.00022040451444642315,3476.579042736999
23640,48414720,1.8988981246948242,,,0.00022034136395678489,3477.922445034999
23650,48435200,1.9041142463684082,,,0.0002202781989079502,3479.092499852999
23660,48455680,1.8539378643035889,,,0.00022021501931653636,3480.476954714999
23670,48476160,1.8698407411575317,,,0.00022015182519916478,3481.716141504999
23680,48496640,1.897210955619812,,,0.00022008861657246044,3482.940131581999
23690,48517120,2.194237470626831,,,0.00022002539345305236,3484.130204690999
23700,48537600,1.5541530847549438,1.9000987887382508,6.686554965980914,0.00021996215585757316,3486.268805884999
23710,48558080,1.8150054216384888,,,0.00021989890380265945,3487.517494641999
23720,48578560,1.7652586698532104,,,0.00021983563730495155,3488.674214655999
23730,48599040,1.8995177745819092,,,0.0002197723563810936,3489.752966752999
23740,48619520,1.7625300884246826,,,0.00021970906104773358,3490.892318769999
23750,48640000,1.9814550876617432,,,0.00021964575132152312,3492.037784866999
23760,48660480,1.7453287839889526,,,0.00021958242721911782,3493.461848366999
23770,48680960,1.8359719514846802,,,0.00021951908875717687,3494.640960320999
23780,48701440,1.9197354316711426,,,0.0002194557359523635,3495.879914225999
23790,48721920,2.0124459266662598,,,0.00021939236882134443,3497.159992035999
23800,48742400,1.8488759994506836,1.9066498637199403,6.7305028848135935,0.00021932898738079033,3499.445868345999
23810,48762880,1.8872592449188232,,,0.0002192655916473755,3500.726526376999
23820,48783360,1.7210144996643066,,,0.00021920218163777816,3502.095503065999
23830,48803840,2.1979024410247803,,,0.00021913875736868018,3503.312652289999
23840,48824320,1.9230180978775024,,,0.00021907531885676721,3504.553998468999
23850,48844800,2.323864459991455,,,0.00021901186611872865,3505.746542066999
23860,48865280,1.8225113153457642,,,0.0002189483991712576,3506.970149625999
23870,48885760,1.9075491428375244,,,0.00021888491803105095,3508.277808835999
23880,48906240,1.9216259717941284,,,0.00021882142271480935,3509.4375401079988
23890,48926720,2.1625442504882812,,,0.0002187579132392371,3510.541067585999
23900,48947200,2.059403657913208,1.9064658105373382,6.729264228329962,0.00021869438962104223,3512.313222541999
23910,48967680,2.0146453380584717,,,0.00021863085187693654,3513.591708617999
23920,48988160,1.9864004850387573,,,0.00021856730002363557,3514.9179001079992
23930,49008640,2.2897210121154785,,,0.00021850373407785855,3516.128113028999
23940,49029120,1.886392593383789,,,0.00021844015405632827,3517.297519231999
23950,49049600,2.1260757446289062,,,0.0002183765599757715,3518.402005120999
23960,49070080,1.8881299495697021,,,0.0002183129518529185,3519.644856796999
23970,49090560,1.9433438777923584,,,0.00021824932970450329,3520.857235915999
23980,49111040,1.9683477878570557,,,0.00021818569354726348,3522.269869940999
23990,49131520,2.262333393096924,,,0.0002181220433979406,3523.570961509999
24000,49152000,2.0781283378601074,1.9034554839134217,6.70903740501116,0.00021805837927327964,3525.286185708999
24010,49172480,1.6774240732192993,,,0.0002179947011900294,3527.904164845999
24020,49192960,2.004317283630371,,,0.00021793100916494223,3529.129285942999
24030,49213440,2.0534486770629883,,,0.0002178673032147743,3530.390203279999
24040,49233920,1.958177089691162,,,0.0002178035833562853,3531.648591553999
24050,49254400,1.9779722690582275,,,0.00021773984960623863,3532.814355144999
24060,49274880,2.026323080062866,,,0.00021767610198140139,3534.145468381999
24070,49295360,1.8980005979537964,,,0.00021761234049854432,3535.310693625999
24080,49315840,2.055206775665283,,,0.0002175485651744417,3536.445370202999
24090,49336320,1.920300841331482,,,0.0002174847760258716,3537.786978131999
24100,49356800,1.8469173908233643,1.9041782021522522,6.713887901268688,0.00021742097306961562,3539.838321172999
24110,49377280,2.0767674446105957,,,0.00021735715632245907,3541.143029071999
24120,49397760,1.998181700706482,,,0.00021729332580119076,3542.297308312999
24130,49418240,2.002980947494507,,,0.0002172294815226033,3543.423773279999
24140,49438720,1.72291898727417,,,0.00021716562350349285,3544.632089092999
24150,49459200,1.7939361333847046,,,0.00021710175176065907,3545.904677982999
24160,49479680,1.917864441871643,,,0.00021703786631090542,3547.139711175999
24170,49500160,2.1032886505126953,,,0.0002169739671710388,3548.299263997999
24180,49520640,2.141934394836426,,,0.00021691005435786983,3549.4568698549992
24190,49541120,1.8996340036392212,,,0.0002168461278882127,3550.657508051999
24200,49561600,2.064143180847168,1.9007372856140137,6.690825673707991,0.00021678218777888513,3552.465514837999
24210,49582080,1.7924392223358154,,,0.0002167182340467085,3553.597250380999
24220,49602560,2.080044746398926,,,0.0002166542667085077,3554.7590596719992
24230,49623040,2.0060319900512695,,,0.0002165902857811113,3555.864658237999
24240,49643520,1.7708220481872559,,,0.0002165262912813514,3557.020776969999
24250,49664000,2.003575563430786,,,0.0002164622832260636,3558.307680050999
24260,49684480,2.193464517593384,,,0.00021639826163208717,3559.495119511999
24270,49704960,1.9267916679382324,,,0.00021633422651626488,3560.735666110999
24280,49725440,1.9301340579986572,,,0.00021627017789544313,3562.096706682999
24290,49745920,2.056835412979126,,,0.00021620611578647173,3563.3021804289992
24300,49766400,1.9596012830734253,1.8941777884960174,6.647080850854609,0.00021614204020620426,3565.867187269999
24310,49786880,1.8184746503829956,,,0.00021607795117149753,3567.0735375679988
24320,49807360,1.8874969482421875,,,0.00021601384869921223,3568.391908641999
24330,49827840,1.651056170463562,,,0.00021594973280621236,3569.765485798999
24340,49848320,2.1992578506469727,,,0.00021588560350936558,3571.202433866999
24350,49868800,1.7932758331298828,,,0.0002158214608255429,3572.457835115999
24360,49889280,1.729640007019043,,,0.00021575730477161904,3573.7071525869987
24370,49909760,1.9619472026824951,,,0.00021569313536447216,3574.877323525999
24380,49930240,1.892761468887329,,,0.00021562895262098393,3576.091737995999
24390,49950720,1.9836561679840088,,,0.00021556475655803956,3577.480530256999
24400,49971200,1.8367412090301514,1.8944882333278656,6.649144723094294,0.0002155005471925277,3579.348724124999
24410,49991680,1.8237404823303223,,,0.00021543632454134055,3580.495500581999
24420,50012160,1.966636300086975,,,0.00021537208862137377,3581.700661552999
24430,50032640,1.9386274814605713,,,0.0002153078394495266,3582.921156624999
24440,50053120,1.9447851181030273,,,0.00021524357704270165,3584.153367239999
24450,50073600,1.7657957077026367,,,0.00021517930141780507,3585.233689037999
24460,50094080,1.9549952745437622,,,0.00021511501259174654,3586.357362199999
24470,50114560,1.8084332942962646,,,0.00021505071058143904,3587.861501131999
24480,50135040,1.9378926753997803,,,0.00021498639540379924,3589.227930097999
24490,50155520,1.9465404748916626,,,0.00021492206707574707,3590.418829849999
24500,50176000,1.7794227600097656,1.8915381252765655,6.62955793349083,0.00021485772561420608,3592.902495605999
24510,50196480,1.6093862056732178,,,0.0002147933710361032,3595.132462457999
24520,50216960,1.929882526397705,,,0.0002147290033583688,3596.337515994999
24530,50237440,1.8182356357574463,,,0.00021466462259793676,3597.836232295999
24540,50257920,1.7803092002868652,,,0.00021460022877174432,3599.278212379999
24550,50278400,1.8366700410842896,,,0.00021453582189673222,3600.454273045999
24560,50298880,1.9663560390472412,,,0.00021447140198984458,3601.639311486999
24570,50319360,1.9871894121170044,,,0.000214406969068029,3602.931519369999
24580,50339840,1.931467890739441,,,0.0002143425231482365,3604.133167817999
24590,50360320,1.9872421026229858,,,0.00021427806424742147,3605.299226399999
24600,50380800,2.1934714317321777,1.8904037654399872,6.622041892989999,0.00021421359238254175,3607.561128095999
24610,50401280,1.6950784921646118,,,0.00021414910757055857,3608.667047307999
24620,50421760,1.7311173677444458,,,0.00021408460982843663,3609.957490588999
24630,50442240,1.873899221420288,,,0.000214020099173144,3611.154868218999
24640,50462720,2.3518788814544678,,,0.00021395557562165206,3612.438502022999
24650,50483200,2.0682010650634766,,,0.0002138910391909357,3613.896379709999
24660,50503680,1.7134474515914917,,,0.00021382648989797315,3615.271023749999
24670,50524160,2.0515918731689453,,,0.00021376192775974598,3616.594609581999
24680,50544640,1.983995795249939,,,0.00021369735279323928,3617.868174957999
24690,50565120,2.0822219848632812,,,0.0002136327650154413,3619.069448935999
24700,50585600,1.839533805847168,1.8864108562469482,6.595653399527872,0.00021356816444334392,3621.306347912999
24710,50606080,1.919090986251831,,,0.00021350355109394213,3622.708305095999
24720,50626560,1.858322262763977,,,0.00021343892498423448,3623.970809938999
24730,50647040,1.9922058582305908,,,0.0002133742861312227,3625.196938201999
24740,50667520,1.9317190647125244,,,0.0002133096345519121,3626.475774770999
24750,50688000,1.6941289901733398,,,0.0002132449702633111,3627.701264667999
24760,50708480,1.9456757307052612,,,0.00021318029328243159,3628.847370514999
24770,50728960,1.8584189414978027,,,0.0002131156036262888,3630.032807140999
24780,50749440,1.9259746074676514,,,0.0002130509013119013,3631.227872653999
24790,50769920,1.6816232204437256,,,0.0002129861863562909,3632.469351940999
24800,50790400,2.007819414138794,1.8909609198570252,6.625732420881978,0.00021292145877648282,3634.216320138999
24810,50810880,2.050168037414551,,,0.00021285671858950567,3635.445749661999
24820,50831360,2.069399356842041,,,0.00021279196581239113,3636.622602985999
24830,50851840,2.0424134731292725,,,0.00021272720046217446,3638.102297732999
24840,50872320,1.8079930543899536,,,0.00021266242255589405,3639.396590024999
24850,50892800,1.900155782699585,,,0.00021259763211059176,3640.539070174999
24860,50913280,1.9822306632995605,,,0.00021253282914331252,3641.720464189999
24870,50933760,1.982378363609314,,,0.0002124680136711048,3642.909769725999
24880,50954240,1.73670494556427,,,0.0002124031857110202,3644.071802121999
24890,50974720,1.6161794662475586,,,0.0002123383452801136,3645.273658667999
24900,50995200,1.9203263521194458,1.8943682730197906,6.64834713748514,0.00021227349239544323,3647.338566267999
24910,51015680,1.7520794868469238,,,0.00021220862707407065,3648.666505815999
24920,51036160,2.0719337463378906,,,0.00021214374933306053,3649.794388809999
24930,51056640,1.965410828590393,,,0.00021207885918948094,3651.016950493999
24940,51077120,2.0962071418762207,,,0.00021201395666040315,3652.283480414999
24950,51097600,1.6268408298492432,,,0.00021194904176290177,3653.612559201999
24960,51118080,1.830219030380249,,,0.00021188411451405443,3654.957925948999
24970,51138560,1.668302059173584,,,0.00021181917493094237,3656.580947777999
24980,51159040,1.8969979286193848,,,0.0002117542230306498,3658.022396077999
24990,51179520,2.101226329803467,,,0.00021168925883026428,3659.394200353999
25000,51200000,1.9054901599884033,1.8893918454647065,6.615344305803983,0.0002116242823468765,3661.249527314999
25010,51220480,1.802677869796753,,,0.00021155929359758054,3663.310518458999
25020,51240960,1.9435930252075195,,,0.00021149429259947368,3664.619696194999
25030,51261440,1.859794020652771,,,0.0002114292793696562,3666.043611726999
25040,51281920,1.756953239440918,,,0.00021136425392523196,3667.390241946999
25050,51302400,1.901686191558838,,,0.00021129921628330772,3668.640681186999
25060,51322880,1.8330893516540527,,,0.00021123416646099362,3669.876256957999
25070,51343360,1.9020500183105469,,,0.00021116910447540292,3671.008811505999
25080,51363840,2.353135108947754,,,0.00021110403034365217,3672.135284622999
25090,51384320,2.0359997749328613,,,0.00021103894408286105,3673.277793753999
25100,51404800,1.94538152217865,1.8844458222389222,6.582705442047431,0.00021097384571015237,3675.543758872999
25110,51425280,1.949373722076416,,,0.0002109087352426523,3676.722621204999
25120,51445760,1.9160518646240234,,,0.00021084361269749002,3677.845356954999
25130,51466240,2.1457934379577637,,,0.00021077847809179793,3679.1365256209992
25140,51486720,2.163888454437256,,,0.00021071333144271178,3680.421997263999
25150,51507200,1.7741867303848267,,,0.0002106481727673702,3682.009044026999
25160,51527680,2.062466621398926,,,0.0002105830020829152,3683.456090624999
25170,51548160,2.0622060298919678,,,0.00021051781940649173,3684.587438286999
25180,51568640,1.8977859020233154,,,0.00021045262475524826,3685.982807825999
25190,51589120,2.1981594562530518,,,0.000210387418146336,3687.1666687029992
25200,51609600,2.2022571563720703,1.8836316406726836,6.577348105838675,0.00021032219959690962,3689.362775926999
25210,51630080,1.865170955657959,,,0.00021025696912412668,3690.551419182999
25220,51650560,2.0788211822509766,,,0.00021019172674514812,3691.859913647999
25230,51671040,1.8917622566223145,,,0.00021012647247713786,3693.030404891999
25240,51691520,2.037856101989746,,,0.00021006120633726292,3694.322368389999
25250,51712000,1.7361509799957275,,,0.0002099959283426936,3695.5954192689987
25260,51732480,2.047475814819336,,,0.00020993063851060316,3696.879464070999
25270,51752960,1.957185983657837,,,0.00020986533685816804,3697.982390807999
25280,51773440,1.9276291131973267,,,0.0002098000234025678,3699.332783215999
25290,51793920,2.0100338459014893,,,0.00020973469816098515,3700.687105746999
25300,51814400,2.0395946502685547,1.8814378261566163,6.562934440322045,0.0002096693611506057,3703.044106677999
25310,51834880,1.8787587881088257,,,0.00020960401238861846,3704.365829316999
25320,51855360,1.8355238437652588,,,0.00020953865189221526,3705.451941565999
25330,51875840,2.087738513946533,,,0.0002094732796785912,3706.503415854999
25340,51896320,2.021148920059204,,,0.0002094078957649443,3707.596768497999
25350,51916800,2.003779888153076,,,0.00020934250016847584,3709.0507399569988
25360,51937280,1.9827982187271118,,,0.00020927709290639006,3710.228506931999
25370,51957760,1.842576265335083,,,0.00020921167399589425,3711.321796048999
25380,51978240,1.7691693305969238,,,0.00020914624345419886,3712.513606429999
25390,51998720,1.794312834739685,,,0.00020908080129851734,3713.736110002999
25400,52019200,2.1458396911621094,1.882716131210327,6.571329236996652,0.00020901534754606612,3715.559271200999
25410,52039680,1.8665416240692139,,,0.00020894988221406487,3716.722344899999
25420,52060160,1.7149943113327026,,,0.00020888440531973614,3717.887285776999
25430,52080640,2.1457223892211914,,,0.0002088189168803056,3719.008788380999
25440,52101120,1.8475306034088135,,,0.00020875341691300187,3720.161720832999
25450,52121600,2.0481467247009277,,,0.00020868790543505675,3721.299689817999
25460,52142080,1.9630004167556763,,,0.00020862238246370504,3722.402519145999
25470,52162560,1.8164174556732178,,,0.00020855684801618436,3723.604386440999
25480,52183040,1.8858091831207275,,,0.00020849130210973566,3724.809278622999
25490,52203520,1.7500743865966797,,,0.0002084257447616026,3726.049487282999
25500,52224000,1.9026026725769043,1.8787410736083985,6.545259673094706,0.00020836017598903212,3728.269429053999
25510,52244480,1.9113937616348267,,,0.00020829459580927392,3730.826281928999
25520,52264960,1.873534083366394,,,0.00020822900423958095,3731.929685170999
25530,52285440,1.8566269874572754,,,0.00020816340129720893,3733.045223889999
25540,52305920,2.0482356548309326,,,0.0002080977869994167,3734.273186916999
25550,52326400,2.0899722576141357,,,0.00020803216136346608,3735.406138369999
25560,52346880,1.755934238433838,,,0.00020796652440662183,3736.818764733999
25570,52367360,1.791489601135254,,,0.00020790087614615173,3737.923213969999
25580,52387840,1.760500192642212,,,0.00020783521659932647,3739.022876648999
25590,52408320,1.7248718738555908,,,0.0002077695457834198,3740.381008243999
25600,52428800,1.9687159061431885,1.8760824799537659,6.5278815981156875,0.00020770386371570838,3743.063432040999
25610,52449280,2.0698533058166504,,,0.00020763817041347178,3744.387932378999
25620,52469760,1.970349669456482,,,0.00020757246589399268,3745.7450699399988
25630,52490240,1.8895171880722046,,,0.00020750675017455655,3746.992342359999
25640,52510720,1.8576852083206177,,,0.00020744102327245183,3748.236104755999
25650,52531200,2.065460443496704,,,0.00020737528520497006,3749.496768472999
25660,52551680,1.995823621749878,,,0.00020730953598940548,3750.601047664999
25670,52572160,1.791530966758728,,,0.00020724377564305547,3751.693826802999
25680,52592640,1.9150614738464355,,,0.00020717800418322018,3752.768400286999
25690,52613120,1.8223289251327515,,,0.00020711222162720283,3753.933231208999
25700,52633600,1.7329918146133423,1.8789852499961852,6.546858066095782,0.0002070464279923094,3755.6427842549992
25710,52654080,1.8834996223449707,,,0.000206980623295849,3756.737587933999
25720,52674560,1.7552703619003296,,,0.00020691480755513332,3757.975841419999
25730,52695040,1.9450223445892334,,,0.00020684898078747734,3759.195095366999
25740,52715520,2.231907367706299,,,0.00020678314301019862,3760.295961123999
25750,52736000,1.9592825174331665,,,0.00020671729424061788,3761.731168405999
25760,52756480,1.834297776222229,,,0.0002066514344960585,3762.811500644999
25770,52776960,1.7788188457489014,,,0.00020658556379384688,3763.891632535999
25780,52797440,2.3381850719451904,,,0.00020651968215131225,3765.076374660999
25790,52817920,1.9927968978881836,,,0.0002064537895857868,3766.298908765999
25800,52838400,2.034794330596924,1.8771090269088746,6.534586215807205,0.0002063878861146055,3768.074647188999
25810,52858880,2.026998281478882,,,0.00020632197175510624,3769.237251110999
25820,52879360,1.8504607677459717,,,0.0002062560465246297,3770.387601571999
25830,52899840,1.7420721054077148,,,0.00020619011044051955,3771.501426783999
25840,52920320,1.6848335266113281,,,0.00020612416352012224,3772.588056827999
25850,52940800,1.9622762203216553,,,0.00020605820578078698,3773.766041380999
25860,52961280,1.6572380065917969,,,0.00020599223723986605,3774.8386846189987
25870,52981760,1.899679183959961,,,0.00020592625791471435,3775.909047424999
25880,53002240,1.7898980379104614,,,0.00020586026782268976,3777.029514726999
25890,53022720,1.7863060235977173,,,0.00020579426698115295,3778.107823898999
25900,53043200,2.093881845474243,1.8747900247573852,6.519450053493375,0.00020572825540746738,3780.490127045999
25910,53063680,1.930558443069458,,,0.0002056622331189993,3781.649308290999
25920,53084160,1.7695982456207275,,,0.000205596200133118,3782.722563096999
25930,53104640,1.8387635946273804,,,0.0002055301564671953,3784.085533357999
25940,53125120,1.9110890626907349,,,0.00020546410213860601,3785.522716105999
25950,53145600,2.022139549255371,,,0.00020539803716472765,3786.747827323999
25960,53166080,1.9170434474945068,,,0.00020533196156294063,3787.849657067999
25970,53186560,1.8985470533370972,,,0.00020526587535062808,3788.941464013999
25980,53207040,2.0030994415283203,,,0.00020519977854517593,3790.067147488999
25990,53227520,2.0190091133117676,,,0.00020513367116397298,3791.372369081999
26000,53248000,1.9644358158111572,1.8727873384952545,6.506406705660824,0.00020506755322441072,3793.675136150999
26010,53268480,1.8519542217254639,,,0.00020500142474388341,3796.011260145999
26020,53288960,2.0616257190704346,,,0.00020493528573978814,3797.1603532639992
26030,53309440,1.8888435363769531,,,0.00020486913622952472,3798.229757130999
26040,53329920,2.032747268676758,,,0.00020480297623049588,3799.347043379999
26050,53350400,1.867600440979004,,,0.0002047368057601068,3800.463604131999
26060,53370880,1.569793701171875,,,0.0002046706248357657,3801.584916792999
26070,53391360,1.9326457977294922,,,0.00020460443347488348,3802.841923324999
26080,53411840,1.6989240646362305,,,0.00020453823169487367,3804.012078397999
26090,53432320,2.017690658569336,,,0.00020447201951315263,3805.758139610999
26100,53452800,1.8583705425262451,1.8704590499401093,6.491275535093957,0.00020440579694713947,3807.962400236999
26110,53473280,1.9146989583969116,,,0.00020433956401425603,3809.101709109999
26120,53493760,2.2223093509674072,,,0.00020427332073192684,3810.311163555999
26130,53514240,2.0152761936187744,,,0.00020420706711757919,3811.441770245999
26140,53534720,1.8965198993682861,,,0.00020414080318864304,3812.626223370999
26150,53555200,1.8629250526428223,,,0.00020407452896255109,3813.834275211999
26160,53575680,2.0534348487854004,,,0.00020400824445673878,3815.134580772999
26170,53596160,1.6253716945648193,,,0.00020394194968864423,3816.264191100999
26180,53616640,1.8491042852401733,,,0.00020387564467570823,3817.435632449999
26190,53637120,1.5592854022979736,,,0.0002038093294353743,3818.646691610999
26200,53657600,1.7473664283752441,1.8704927444458008,6.491494259099297,0.00020374300398508864,3820.413615508999
26210,53678080,1.6991167068481445,,,0.0002036766683423002,3821.639865963999
26220,53698560,1.7355175018310547,,,0.0002036103225244604,3822.711585779999
26230,53719040,1.9596543312072754,,,0.00020354396654902364,3824.040846314999
26240,53739520,1.98350191116333,,,0.00020347760043344673,3825.273133147999
26250,53760000,2.0785152912139893,,,0.00020341122419518937,3826.4599625779992
26260,53780480,1.980644941329956,,,0.00020334483785171368,3827.580394624999
26270,53800960,1.733705997467041,,,0.00020327844142048468,3828.716115276999
26280,53821440,1.7979681491851807,,,0.00020321203491896985,3829.977405926999
26290,53841920,1.8951010704040527,,,0.00020314561836463942,3831.334542330999
26300,53862400,1.7492904663085938,1.872715550661087,6.505939641580172,0.0002030791917749663,3833.142986437999
26310,53882880,1.9107551574707031,,,0.0002030127551674259,3834.615804958999
26320,53903360,1.7478253841400146,,,0.0002029463085594964,3835.693064241999
26330,53923840,1.9613370895385742,,,0.0002028798519686586,3836.793578691999
26340,53944320,1.9376945495605469,,,0.00020281338541239586,3837.886167177999
26350,53964800,2.165611505508423,,,0.0002027469089081941,3839.032771498999
26360,53985280,1.9333631992340088,,,0.00020268042247354208,3840.173615563999
26370,54005760,1.8273406028747559,,,0.00020261392612593097,3841.7068516689988
26380,54026240,1.883773684501648,,,0.00020254741988285467,3842.785200827999
26390,54046720,1.721728801727295,,,0.00020248090376180953,3844.102189197999
26400,54067200,1.917046070098877,1.8742110431194305,6.515676504136147,0.0002024143777802947,3846.056815560999
26410,54087680,1.7877660989761353,,,0.00020234784195581178,3847.181884761999
26420,54108160,1.795966386795044,,,0.00020228129630586503,3848.279195852999
26430,54128640,1.6374008655548096,,,0.00020221474084796117,3849.343714964999
26440,54149120,1.9967243671417236,,,0.00020214817559960978,3850.551259311999
26450,54169600,1.865552544593811,,,0.00020208160057832265,3851.733616310999
26460,54190080,1.6544135808944702,,,0.00020201501580161446,3852.936167560999
26470,54210560,1.8366520404815674,,,0.00020194842128700224,3854.155987708999
26480,54231040,1.938575267791748,,,0.0002018818170520057,3855.406689412999
26490,54251520,1.8533493280410767,,,0.00020181520311414702,3856.602595773999
26500,54272000,1.8656229972839355,1.8666571140289308,6.466642976902894,0.00020174857949095107,3858.713042386999
26510,54292480,1.832766056060791,,,0.0002016819461999451,3860.957026862999
26520,54312960,1.7845704555511475,,,0.0002016153032586591,3862.069999593999
26530,54333440,1.5636651515960693,,,0.0002015486506846253,3863.4132087569988
26540,54353920,1.7564067840576172,,,0.0002014819884953788,3864.571007822999
26550,54374400,1.9783122539520264,,,0.00020141531670845708,3865.806577407999
26560,54394880,1.9809038639068604,,,0.0002013486353414,3866.984530013999
26570,54415360,1.8513131141662598,,,0.00020128194441175026,3868.254947441999
26580,54435840,1.8831762075424194,,,0.00020121524393705274,3869.4465075109993
26590,54456320,1.8132281303405762,,,0.00020114853393485516,3870.758120898999
26600,54476800,1.7570453882217407,1.8701233565807343,6.489096822713051,0.00020108181442270734,3872.602307663999
26610,54497280,1.9144346714019775,,,0.0002010150854181621,3873.8529839989988
26620,54517760,1.916500210762024,,,0.00020094834693877431,3874.970442287999
26630,54538240,1.7573474645614624,,,0.00020088159900210156,3876.120570824999
26640,54558720,1.8334834575653076,,,0.00020081484162570392,3877.254454988999
26650,54579200,1.954451560974121,,,0.00020074807482714393,3878.425138487999
26660,54599680,2.124204635620117,,,0.0002006812986239865,3879.562590992999
26670,54620160,2.0180509090423584,,,0.00020061451303379923,3880.691041267999
26680,54640640,2.0329959392547607,,,0.0002005477180741519,3881.7511879229987
26690,54661120,1.939737319946289,,,0.00020048091376261706,3883.031894772999
26700,54681600,2.017080068588257,1.8670686960220337,6.4693050785069754,0.00020041410011676947,3885.362347086999
26710,54702080,1.8078440427780151,,,0.00020034727715418656,3886.497157458999
26720,54722560,2.1139907836914062,,,0.000200280444892448,3887.6661546389987
26730,54743040,1.9907931089401245,,,0.00020021360334913606,3888.926017445999
26740,54763520,1.8643758296966553,,,0.0002001467525418354,3890.328887855999
26750,54784000,1.7787848711013794,,,0.00020007989248813313,3891.469183747999
26760,54804480,1.84855318069458,,,0.00020001302320561874,3892.763928947999
26770,54824960,2.280888080596924,,,0.00019994614471188419,3893.9738683319993
26780,54845440,1.7603552341461182,,,0.00019987925702452395,3895.296711387999
26790,54865920,1.9661380052566528,,,0.00019981236016113475,3896.475144914999
26800,54886400,1.754779577255249,1.86776003241539,6.47377909089307,0.00019974545413931579,3898.348559358999
26810,54906880,1.7782397270202637,,,0.00019967853897666872,3899.5515659559987
26820,54927360,1.743483543395996,,,0.0001996116146907976,3900.9202318929993
26830,54947840,1.7595751285552979,,,0.00019954468129930878,3902.110934763999
26840,54968320,1.7753314971923828,,,0.00019947773881981117,3903.2312397749993
26850,54988800,1.7819924354553223,,,0.00019941078726991594,3904.404625773999
26860,55009280,1.8468594551086426,,,0.00019934382666723674,3905.566648795999
26870,55029760,1.9053575992584229,,,0.00019927685702938945,3906.770165227999
26880,55050240,1.7600866556167603,,,0.00019920987837399257,3907.922903824999
26890,55070720,1.8145456314086914,,,0.0001991428907186667,3909.112077585999
26900,55091200,1.9435913562774658,1.8640062630176544,6.449523570350947,0.000199075894081035,3911.284446507999
26910,55111680,1.9632694721221924,,,0.00019900888847872294,3912.416924897999
26920,55132160,1.9589316844940186,,,0.00019894187392935838,3913.635648132999
26930,55152640,2.0001516342163086,,,0.00019887485045057144,3914.801077738999
26940,55173120,2.0384349822998047,,,0.00019880781805999465,3916.0339373899988
26950,55193600,2.2283201217651367,,,0.00019874077677526286,3917.302347690999
26960,55214080,1.8023130893707275,,,0.00019867372661401333,3918.762925770999
26970,55234560,1.8962609767913818,,,0.00019860666759388554,3919.951552530999
26980,55255040,2.0841729640960693,,,0.00019853959973252148,3921.092855455999
26990,55275520,1.9549031257629395,,,0.0001984725230475653,3922.270712883999
27000,55296000,2.2644424438476562,1.86570702791214,6.4605020268659175,0.0001984054375566634,3924.047801694999
27010,55316480,2.083658456802368,,,0.0001983383432774648,3926.410088695999
27020,55336960,1.8788808584213257,,,0.00019827124022762054,3927.502409022999
27030,55357440,1.8212342262268066,,,0.00019820412842478416,3928.611608159999
27040,55377920,2.0201663970947266,,,0.0001981370078866113,3929.698484233999
27050,55398400,2.121110200881958,,,0.00019806987863076015,3930.906075624999
27060,55418880,2.1881585121154785,,,0.00019800274067489096,3932.000059377999
27070,55439360,1.893981695175171,,,0.00019793559403666648,3933.192694607999
27080,55459840,2.103649139404297,,,0.00019786843873375153,3934.586615136999
27090,55480320,1.9674644470214844,,,0.0001978012747838134,3935.815658408999
27100,55500800,1.8927419185638428,1.8633523881435394,6.445307767392303,0.00019773410220452146,3937.953920390999
27110,55521280,1.7447841167449951,,,0.00019766692101354761,3939.041323070999
27120,55541760,1.8507616519927979,,,0.00019759973122856572,3940.111535949999
27130,55562240,1.8610877990722656,,,0.00019753253286725221,3941.219566844999
27140,55582720,1.8024466037750244,,,0.00019746532594728546,3942.469803788999
27150,55603200,1.6316912174224854,,,0.0001973981104863464,3943.6870692919993
27160,55623680,1.8591943979263306,,,0.00019733088650211795,3944.854697734999
27170,55644160,2.053401470184326,,,0.00019726365401228545,3946.062582776999
27180,55664640,1.8891549110412598,,,0.00019719641303453638,3947.244764183999
27190,55685120,1.829448938369751,,,0.00019712916358656047,3948.327400419999
27200,55705600,1.761780858039856,1.8614855527877807,6.4332866631757755,0.0001970619056860498,3950.482652141999
27210,55726080,1.841203212738037,,,0.00019699463935069837,3951.530487804999
27220,55746560,1.9244416952133179,,,0.00019692736459820282,3952.704810676999
27230,55767040,1.8309499025344849,,,0.0001968600814462616,3953.765767715999
27240,55787520,1.974094271659851,,,0.00019679278991257567,3954.833273323999
27250,55808000,1.829261302947998,,,0.00019672549001484798,3955.950170423999
27260,55828480,1.9189212322235107,,,0.0001966581817707839,3957.1043311189987
27270,55848960,1.6447021961212158,,,0.0001965908651980907,3958.379724783999
27280,55869440,1.7128353118896484,,,0.0001965235403144782,3959.485440655999
27290,55889920,1.705560564994812,,,0.00019645620713765806,3960.846330113999
27300,55910400,1.6524457931518555,1.8627294063568116,6.441293708515971,0.0001963888656853444,3962.671193066999
27310,55930880,1.8257595300674438,,,0.00019632151597525328,3963.914343337999
27320,55951360,1.9249396324157715,,,0.00019625415802510316,3965.054623647999
27330,55971840,1.993584394454956,,,0.00019618679185261448,3966.2000521319987
27340,55992320,1.8153588771820068,,,0.00019611941747550997,3967.3213475149987
27350,56012800,1.8135066032409668,,,0.00019605203491151443,3968.514557457999
27360,56033280,1.8586313724517822,,,0.00019598464417835493,3969.861025656999
27370,56053760,1.8388975858688354,,,0.00019591724529376055,3970.9300862319988
27380,56074240,2.00146222114563,,,0.00019584983827546256,3972.008390084999
27390,56094720,2.3882486820220947,,,0.0001957824231411944,3973.0959407289993
27400,56115200,2.1785025596618652,1.8593939006328584,6.419844528299489,0.00019571499990869164,3975.1464636789988
27410,56135680,2.0528416633605957,,,0.000195647568595692,3976.240817153999
27420,56156160,1.7482328414916992,,,0.00019558012921993528,3977.429803121999
27430,56176640,1.816216230392456,,,0.0001955126817991634,3978.570870498999
27440,56197120,1.7086737155914307,,,0.00019544522635112042,3979.647416900999
27450,56217600,1.8232216835021973,,,0.00019537776289355255,3980.979663610999
27460,56238080,1.6994280815124512,,,0.000195310291444208,3982.150905836999
27470,56258560,1.905173659324646,,,0.00019524281202083725,3983.461498798999
27480,56279040,1.9258583784103394,,,0.0001951753246411926,3984.6864595099987
27490,56299520,1.9370219707489014,,,0.00019510782932302884,3985.7427062469988
27500,56320000,1.9848458766937256,1.8580721378326417,6.411364622065686,0.0001950403260841024,3987.843461440999
27510,56340480,1.728837013244629,,,0.0001949728149421722,3989.956512158999
27520,56360960,2.1028919219970703,,,0.00019490529591499896,3991.031611514999
27530,56381440,1.7330272197723389,,,0.00019483776902034565,3992.1091279519987
27540,56401920,1.7865574359893799,,,0.00019477023427597712,3993.205111234999
27550,56422400,1.8640549182891846,,,0.00019470269169966051,3994.331734446999
27560,56442880,1.9524725675582886,,,0.00019463514130916486,3995.789981187999
27570,56463360,1.7236425876617432,,,0.00019456758312226134,3996.8834837669992
27580,56483840,1.725114345550537,,,0.00019450001715672308,3997.949011618999
27590,56504320,1.9315037727355957,,,0.0001944324434303254,3999.044724683999
27600,56524800,1.87434983253479,1.8574570178985597,6.407422076575458,0.00019436486196084554,4001.374133713999
27610,56545280,1.8155624866485596,,,0.00019429727276606287,4002.517264733999
27620,56565760,1.848034143447876,,,0.00019422967586375865,4003.616977513999
27630,56586240,1.9690312147140503,,,0.00019416207127171637,4004.760184586999
27640,56606720,1.80124831199646,,,0.0001940944590077214,4006.042023236999
27650,56627200,1.8211761713027954,,,0.00019402683908956107,4007.446487766999
27660,56647680,2.214376449584961,,,0.000193959211535025,4008.691312054999
27670,56668160,2.0082900524139404,,,0.00019389157636190446,4009.995885343999
27680,56688640,1.962785243988037,,,0.000193823933587993,4011.1505230529992
27690,56709120,1.74575674533844,,,0.000193756283231086,4012.827014321999
27700,56729600,1.9939637184143066,1.8563276708126069,6.400189957679677,0.00019368862530898102,4014.9741830939993
27710,56750080,1.830298900604248,,,0.00019362095983947738,4016.1499520069992
27720,56770560,1.8755680322647095,,,0.0001935532868403765,4017.267133558999
27730,56791040,2.322749137878418,,,0.00019348560632948187,4018.360405425999
27740,56811520,1.9911820888519287,,,0.0001934179183245988,4019.5858794839987
27750,56832000,1.7737464904785156,,,0.00019335022284353462,4020.655365061999
27760,56852480,1.9407615661621094,,,0.00019328251990409875,4022.0645098779987
27770,56872960,1.9855173826217651,,,0.00019321480952410236,4023.208450081999
27780,56893440,1.851689338684082,,,0.00019314709172135874,4024.3639042159994
27790,56913920,1.8962395191192627,,,0.000193079366513683,4025.5472157199993
27800,56934400,1.8997704982757568,1.8559976875782014,6.3980783507132415,0.00019301163391889243,4027.8427939019994
27810,56954880,1.7879401445388794,,,0.00019294389395480599,4029.204127580999
27820,56975360,2.106759548187256,,,0.0001928761466392447,4030.403129934999
27830,56995840,2.179541826248169,,,0.00019280839199003154,4031.5364039339993
27840,57016320,1.5850775241851807,,,0.00019274063002499138,4032.710029802999
27850,57036800,1.8767176866531372,,,0.00019267286076195107,4033.887133959999
27860,57057280,1.974381923675537,,,0.00019260508421873929,4034.999898349999
27870,57077760,1.8627783060073853,,,0.0001925373004131867,4036.109591623999
27880,57098240,2.007786750793457,,,0.0001924695093631258,4037.4220346129987
27890,57118720,1.8159096240997314,,,0.00019240171108639113,4038.674360501999
27900,57139200,1.9657447338104248,1.8523322463035583,6.374669498344022,0.00019233390560081901,4040.852323380999
27910,57159680,2.050823926925659,,,0.0001922660929242477,4041.9109072909987
27920,57180160,1.7684738636016846,,,0.00019219827307451732,4043.023984760999
27930,57200640,1.8993680477142334,,,0.00019213044606946995,4044.203020492999
27940,57221120,1.7222535610198975,,,0.0001920626119269495,4045.436070737999
27950,57241600,1.8312289714813232,,,0.00019199477066480171,4046.674239441999
27960,57262080,1.8052783012390137,,,0.00019192692230087432,4047.8797260739993
27970,57282560,1.9178187847137451,,,0.00019185906685301684,4048.9922703539987
27980,57303040,1.9754419326782227,,,0.00019179120433908064,4050.090677744999
27990,57323520,1.9806692600250244,,,0.00019172333477691898,4051.2511760219986
28000,57344000,1.58847177028656,1.8514928460121154,6.369320844054297,0.00019165545818438702,4053.446306814999
28010,57364480,1.9717564582824707,,,0.00019158757457934174,4055.5496123039993
28020,57384960,1.9788882732391357,,,0.00019151968397964183,4056.6691785389985
28030,57405440,1.8357014656066895,,,0.00019145178640314807,4057.7188796459986
28040,57425920,1.6667640209197998,,,0.00019138388186772283,4058.8250990419992
28050,57446400,1.9731518030166626,,,0.00019131597039123054,4059.930292132999
28060,57466880,1.9118540287017822,,,0.0001912480519915372,4061.031298534999
28070,57487360,1.9394760131835938,,,0.0001911801266865109,4062.2512212679985
28080,57507840,1.9111484289169312,,,0.00019111219449402138,4063.3899371199986
28090,57528320,1.8287863731384277,,,0.00019104425543194016,4064.5673107449993
28100,57548800,1.9447999000549316,1.8501947462558745,6.3610581942513145,0.00019097630951814075,4066.7321156339995
28110,57569280,2.026024580001831,,,0.00019090835677049826,4067.987252918999
28120,57589760,1.7138293981552124,,,0.00019084039720688973,4069.1759409079987
28130,57610240,1.7300527095794678,,,0.0001907724308451939,4070.5428570039994
28140,57630720,1.8248262405395508,,,0.00019070445770329146,4071.6370214809986
28150,57651200,1.7341015338897705,,,0.00019063647779906463,4072.7091197209993
28160,57671680,2.3989202976226807,,,0.00019056849115039768,4073.926176939999
28170,57692160,1.8906185626983643,,,0.0001905004977751764,4075.0074782739994
28180,57712640,1.9382106065750122,,,0.00019043249769128864,4076.1795169299994
28190,57733120,1.6712653636932373,,,0.00019036449091662365,4077.2688366639986
28200,57753600,1.8812575340270996,1.8506969153881072,6.364253323505301,0.0001902964774690728,4079.1267634919986
28210,57774080,1.8691917657852173,,,0.00019022845736652898,4080.216807736999
28220,57794560,1.7478686571121216,,,0.00019016043062688697,4081.3018086269994
28230,57815040,1.959043025970459,,,0.0001900923972680431,4082.5153707399986
28240,57835520,1.976750373840332,,,0.00019002435730789576,4083.7013544639985
28250,57856000,1.9254891872406006,,,0.00018995631076434475,4084.992982601999
28260,57876480,2.0264790058135986,,,0.0001898882576552918,4086.148633319999
28270,57896960,1.8923810720443726,,,0.0001898201979986403,4087.1886795769988
28280,57917440,2.026874542236328,,,0.00018975213181229533,4088.317669287999
28290,57937920,1.8465622663497925,,,0.00018968405911416384,4089.413333295999
28300,57958400,1.7607226371765137,1.8543998658657075,6.3878635251145335,0.00018961597992215424,4091.117738949999
28310,57978880,1.769832968711853,,,0.00018954789425417695,4092.5443852709986
28320,57999360,1.8083429336547852,,,0.0001894798021281438,4093.8526852119985
28330,58019840,1.8103523254394531,,,0.0001894117035619685,4094.9660493419988
28340,58040320,1.68217134475708,,,0.00018934359857356647,4096.089535798999
28350,58060800,1.7571077346801758,,,0.00018927548718085467,4097.179836333999
28360,58081280,1.9121679067611694,,,0.00018920736940175186,4098.351046221999
28370,58101760,1.679736852645874,,,0.0001891392452541785,4099.725496973999
28380,58122240,1.9616968631744385,,,0.0001890711147560566,4100.782320766999
28390,58142720,1.6762206554412842,,,0.00018900297792531,4101.921022872999
28400,58163200,1.8191192150115967,1.8488290071487428,6.352376578073492,0.00018893483477986405,4103.968070804999
28410,58183680,2.0470335483551025,,,0.00018886668533764594,4105.130020345999
28420,58204160,1.8075716495513916,,,0.0001887985296165843,4106.267116041999
28430,58224640,1.8908436298370361,,,0.00018873036763460957,4107.355748474999
28440,58245120,1.5795174837112427,,,0.0001886621994096538,4108.447711446999
28450,58265600,1.931222677230835,,,0.00018859402495965068,4109.5929757839995
28460,58286080,1.8078217506408691,,,0.0001885258443025355,4110.651679677999
28470,58306560,1.9053287506103516,,,0.0001884576574562453,4111.847982721999
28480,58327040,1.7540794610977173,,,0.00018838946443871854,4113.047078800999
28490,58347520,1.6607416868209839,,,0.00018832126526789554,4114.111410092999
28500,58368000,2.0246777534484863,1.8496106028556825,6.357343509148926,0.00018825305996171803,4116.013555484999
28510,58388480,2.0789923667907715,,,0.0001881848485381295,4118.366381097999
28520,58408960,1.7864948511123657,,,0.00018811663101507504,4119.5115156699985
28530,58429440,1.767392873764038,,,0.0001880484074105012,4120.712019824999
28540,58449920,1.8948332071304321,,,0.00018798017774235637,4121.775493773999
28550,58470400,1.9177141189575195,,,0.00018791194202859028,4122.933244269999
28560,58490880,1.6890254020690918,,,0.00018784370028715445,4124.343772818999
28570,58511360,1.9831633567810059,,,0.0001877754525360018,4125.427523354999
28580,58531840,2.0492820739746094,,,0.00018770719879308706,4126.652504465999
28590,58552320,1.744469165802002,,,0.00018763893907636635,4127.761085628999
28600,58572800,1.937692403793335,1.8496792614459991,6.357780010377031,0.00018757067340379743,4129.532212864999
28610,58593280,1.7291254997253418,,,0.00018750240179333963,4130.726220721999
28620,58613760,1.8967475891113281,,,0.00018743412426295384,4131.797645285999
28630,58634240,1.9417071342468262,,,0.00018736584083060246,4133.069894081999
28640,58654720,1.828414797782898,,,0.00018729755151424953,4134.341125491999
28650,58675200,1.9633755683898926,,,0.00018722925633186057,4135.512296417999
28660,58695680,1.8721586465835571,,,0.00018716095530140272,4136.647911065999
28670,58716160,1.8136836290359497,,,0.00018709264844084445,4137.790686182999
28680,58736640,1.9549250602722168,,,0.0001870243357681561,4138.956824862999
28690,58757120,2.0512025356292725,,,0.00018695601730130926,4140.235298457999
28700,58777600,1.7806828022003174,1.8467210412025452,6.3390000881153705,0.00018688769305827716,4142.682092061999
28710,58798080,1.661338210105896,,,0.0001868193630570345,4143.839363900999
28720,58818560,1.6529743671417236,,,0.00018675102731555759,4145.009997505999
28730,58839040,1.7596638202667236,,,0.00018668268585182414,4146.118006017999
28740,58859520,1.7373170852661133,,,0.00018661433868381337,4147.194144734999
28750,58880000,1.9433953762054443,,,0.00018654598582950617,4148.2788010919985
28760,58900480,1.7948750257492065,,,0.00018647762730688468,4149.355129908999
28770,58920960,1.9699454307556152,,,0.00018640926313393268,4150.479824157999
28780,58941440,1.5311973094940186,,,0.00018634089332863538,4151.684973180999
28790,58961920,1.9970815181732178,,,0.00018627251790897959,4152.934788343999
28800,58982400,1.9575141668319702,1.8472547590732575,6.34238422875268,0.0001862041368929534,4154.655225287999
28810,59002880,1.7496330738067627,,,0.00018613575029854655,4155.960571592999
28820,59023360,1.8737688064575195,,,0.0001860673581437501,4157.150959208999
28830,59043840,1.751128911972046,,,0.00018599896044655675,4158.218470189999
28840,59064320,1.9498571157455444,,,0.00018593055722496038,4159.362539210999
28850,59084800,1.7556352615356445,,,0.00018586214849695672,4160.408904767999
28860,59105280,1.7456775903701782,,,0.00018579373428054253,4161.484157534999
28870,59125760,1.8721022605895996,,,0.00018572531459371634,4162.649487988999
28880,59146240,2.072256565093994,,,0.00018565688945447792,4163.785135813999
28890,59166720,2.021573305130005,,,0.00018558845888082864,4164.921355287999
28900,59187200,1.7853775024414062,1.8405850231647491,6.30022295947897,0.00018552002289077106,4167.134089480999
28910,59207680,1.789551019668579,,,0.00018545158150230938,4168.382802630999
28920,59228160,1.8844729661941528,,,0.00018538313473344915,4169.440779309999
28930,59248640,1.7393494844436646,,,0.00018531468260219735,4170.599987005999
28940,59269120,1.9640247821807861,,,0.00018524622512656235,4171.764582437999
28950,59289600,1.8618347644805908,,,0.0001851777623245539,4172.994788257999
28960,59310080,1.6771866083145142,,,0.00018510929421418321,4174.097587837999
28970,59330560,1.771009922027588,,,0.00018504082081346283,4175.307458863999
28980,59351040,1.9569036960601807,,,0.0001849723421404068,4176.720691126999
28990,59371520,1.870608925819397,,,0.0001849038582130304,4177.897872241999
29000,59392000,1.895982027053833,1.8427794694900512,6.314063641363474,0.0001848353690493504,4179.679697949999
29010,59412480,2.0150139331817627,,,0.0001847668746673849,4182.359795910999
29020,59432960,1.7833170890808105,,,0.00018469837508515343,4183.424948186999
29030,59453440,1.8354755640029907,,,0.0001846298703206768,4184.5357374979985
29040,59473920,1.8119089603424072,,,0.00018456136039197727,4185.715777147999
29050,59494400,1.6702618598937988,,,0.0001844928453170784,4186.918982769999
29060,59514880,1.7929325103759766,,,0.00018442432511400514,4188.304532122999
29070,59535360,1.7754203081130981,,,0.00018435579980078377,4189.399247045999
29080,59555840,1.6244362592697144,,,0.0001842872693954419,4190.571519280999
29090,59576320,2.1856956481933594,,,0.0001842187339160085,4191.633313603999
29100,59596800,1.9696118831634521,1.8406594812870025,6.300692079715,0.00018415019338051392,4193.501292347999
29110,59617280,1.7916128635406494,,,0.00018408164780698967,4194.665877728999
29120,59637760,1.9068351984024048,,,0.00018401309721346887,4196.0134217119985
29130,59658240,2.030242919921875,,,0.00018394454161798566,4197.2528566579995
29140,59678720,2.1222071647644043,,,0.00018387598103857572,4198.380796539999
29150,59699200,1.7240521907806396,,,0.00018380741549327596,4199.819732801999
29160,59719680,1.9179511070251465,,,0.00018373884500012453,4200.971058406999
29170,59740160,2.0625009536743164,,,0.000183670269577161,4202.1637784489985
29180,59760640,1.825911521911621,,,0.0001836016892424261,4203.589969288999
29190,59781120,1.684431552886963,,,0.00018353310401396204,4204.7791738139995
29200,59801600,1.63246488571167,1.8401097238063813,6.2972291790760675,0.00018346451390981213,4206.886990159999
29210,59822080,1.8633787631988525,,,0.00018339591894802107,4208.187510993999
29220,59842560,1.680562138557434,,,0.00018332731914663482,4209.434023882999
29230,59863040,1.695486307144165,,,0.00018325871452370062,4210.610526293999
29240,59883520,2.075835943222046,,,0.00018319010509726692,4211.749996051999
29250,59904000,1.8839545249938965,,,0.00018312149088538346,4212.970083070999
29260,59924480,1.834252119064331,,,0.0001830528719061013,4214.192735334999
29270,59944960,1.7367674112319946,,,0.00018298424817747276,4215.240659746999
29280,59965440,1.792133092880249,,,0.00018291561971755122,4216.315187729999
29290,59985920,1.719663143157959,,,0.00018284698654439155,4217.523275780999
29300,60006400,2.174739122390747,1.839250385761261,6.291820054929601,0.00018277834867604973,4219.561716721999
29310,60026880,1.9361684322357178,,,0.00018270970613058302,4220.668311676999
29320,60047360,1.8241041898727417,,,0.0001826410589260498,4221.773984281999
29330,60067840,1.7940590381622314,,,0.00018257240708050986,4222.956898491999
29340,60088320,2.0034773349761963,,,0.00018250375061202407,4224.016739833999
29350,60108800,1.826758623123169,,,0.00018243508953865456,4225.178602947999
29360,60129280,1.7169389724731445,,,0.0001823664238784647,4226.423182087999
29370,60149760,1.6316190958023071,,,0.00018229775364951906,4227.611258260999
29380,60170240,2.040581226348877,,,0.00018222907886988331,4228.756522598999
29390,60190720,1.8019413948059082,,,0.00018216039955762446,4229.891067564999
29400,60211200,1.7724554538726807,1.8394483029842377,6.293065437719628,0.0001820917157308107,4231.618568850999
29410,60231680,1.698529601097107,,,0.00018202302740751123,4232.796905377999
29420,60252160,1.953338384628296,,,0.00018195433460579664,4233.874121746999
29430,60272640,1.5606772899627686,,,0.00018188563734373861,4234.980710922999
29440,60293120,1.8301138877868652,,,0.00018181693563941006,4236.212728476999
29450,60313600,2.050009250640869,,,0.0001817482295108849,4237.350203540999
29460,60334080,2.022599697113037,,,0.00018167951897623844,4238.457954332999
29470,60354560,1.9569361209869385,,,0.000181610804053547,4239.621366287999
29480,60375040,1.9569531679153442,,,0.00018154208476088806,4240.767708623999
29490,60395520,2.2442455291748047,,,0.00018147336111634028,4241.885599883999
29500,60416000,1.6138460636138916,1.8389967441558839,6.290224389962191,0.00018140463313798353,4244.231521146999
29510,60436480,1.77028226852417,,,0.00018133590084389866,4246.655136047999
29520,60456960,2.162323474884033,,,0.00018126716425216784,4248.018580713999
29530,60477440,1.8971948623657227,,,0.0001811984233808742,4249.152687837999
29540,60497920,1.7336336374282837,,,0.0001811296782481022,4250.272322998999
29550,60518400,1.7349488735198975,,,0.0001810609288719371,4251.661621250999
29560,60538880,1.699007511138916,,,0.0001809921752704657,4252.841591224999
29570,60559360,1.695993185043335,,,0.0001809234174617755,4254.010223626999
29580,60579840,2.067472219467163,,,0.0001808546554639554,4255.190272280999
29590,60600320,2.0178651809692383,,,0.00018078588929509526,4256.300940210999
29600,60620800,1.9524757862091064,1.8348653376102448,6.264290524302847,0.00018071711897328603,4258.389846518999
29610,60641280,1.949118971824646,,,0.00018064834451661993,4259.735785130999
29620,60661760,1.8088047504425049,,,0.00018057956594318996,4260.872219570999
29630,60682240,1.7614963054656982,,,0.00018051078327109048,4262.096697646999
29640,60702720,1.7888011932373047,,,0.00018044199651841682,4263.311725093999
29650,60723200,1.7801446914672852,,,0.00018037320570326535,4264.463333080999
29660,60743680,2.1595587730407715,,,0.00018030441084373357,4265.682111167999
29670,60764160,2.0071113109588623,,,0.00018023561195792002,4266.853130655999
29680,60784640,2.166506290435791,,,0.00018016680906392428,4267.962334210999
29690,60805120,1.9894599914550781,,,0.000180098002179847,4269.241173016999
29700,60825600,1.8127615451812744,1.8335863292217254,6.256283565749243,0.0001800291913237899,4271.443502730999
29710,60846080,1.9094234704971313,,,0.00017996037651385577,4272.595172316999
29720,60866560,2.1207268238067627,,,0.0001798915577681483,4273.818070356999
29730,60887040,1.856975793838501,,,0.0001798227351047724,4274.888341603999
29740,60907520,1.7807824611663818,,,0.00017975390854183386,4276.017239225999
29750,60928000,1.9213783740997314,,,0.00017968507809743966,4277.112261730999
29760,60948480,1.913378119468689,,,0.00017961624378969759,4278.213939562999
29770,60968960,1.7386888265609741,,,0.0001795474056367166,4279.399095716999
29780,60989440,2.16664981842041,,,0.00017947856365660666,4280.539245162999
29790,61009920,1.7984380722045898,,,0.00017940971786747868,4281.638657705999
29800,61030400,1.7390108108520508,1.8316918849945067,6.244442605025464,0.00017934086828744458,4283.832118384999
29810,61050880,1.868734359741211,,,0.0001792720149346173,4284.9674846709995
29820,61071360,1.8262033462524414,,,0.00017920315782711077,4286.085837316999
29830,61091840,1.9545173645019531,,,0.00017913429698303998,4287.484928052999
29840,61112320,1.948218584060669,,,0.00017906543242052076,4288.685690673999
29850,61132800,1.7739818096160889,,,0.00017899656415766994,4290.1615062189985
29860,61153280,1.8102478981018066,,,0.00017892769221260544,4291.419378782999
29870,61173760,1.8634470701217651,,,0.00017885881660344608,4292.7815783669985
29880,61194240,1.7529834508895874,,,0.00017878993734831165,4294.391453640999
29890,61214720,1.8205450773239136,,,0.0001787210544653228,4295.694283920999
29900,61235200,1.7062897682189941,1.829963994026184,6.2336622054057695,0.00017865216797260136,4297.900405045999
29910,61255680,1.8494393825531006,,,0.00017858327788826988,4299.060618071999
29920,61276160,1.9077800512313843,,,0.00017851438423045204,4300.3651959379995
29930,61296640,2.089534282684326,,,0.00017844548701727224,4301.709861989999
29940,61317120,1.9378743171691895,,,0.00017837658626685608,4303.1184847549985
29950,61337600,1.7120003700256348,,,0.00017830768199732984,4304.418783371999
29960,61358080,1.7989553213119507,,,0.00017823877422682097,4305.795123941999
29970,61378560,1.9067684412002563,,,0.0001781698629734576,4306.917110581999
29980,61399040,1.8730711936950684,,,0.000178100948255369,4308.1731214289985
29990,61419520,1.9814770221710205,,,0.0001780320300906851,4309.298559572999
30000,61440000,1.86521577835083,1.8281861066818237,6.222589302365531,0.00017796310849753705,4311.6957138399985
30010,61460480,2.1759157180786133,,,0.00017789418349405657,4313.886299636999
30020,61480960,1.8633196353912354,,,0.00017782525509837653,4315.281564415999
30030,61501440,1.8858731985092163,,,0.00017775632332863058,4316.704094650999
30040,61521920,1.8809893131256104,,,0.00017768738820295328,4318.057354524999
30050,61542400,2.1470742225646973,,,0.0001776184497394801,4319.1477633879995
30060,61562880,1.6516104936599731,,,0.00017754950795634725,4320.181549544999
30070,61583360,1.72536301612854,,,0.0001774805628716921,4321.318111988999
30080,61603840,1.9503083229064941,,,0.00017741161450365257,4322.5724156649985
30090,61624320,1.6457430124282837,,,0.00017734266287036763,4323.974730755999
30100,61644800,1.893740177154541,1.8279805898666381,6.2213105870331535,0.000177273707989977,4326.063179615999
30110,61665280,1.864025592803955,,,0.0001772047498806215,4327.267468158999
30120,61685760,1.682715654373169,,,0.0001771357885604424,4328.361568405999
30130,61706240,1.786309003829956,,,0.00017706682404758215,4329.837649630999
30140,61726720,1.9144833087921143,,,0.0001769978563601839,4330.922868992999
30150,61747200,2.1560068130493164,,,0.0001769288855163917,4332.000988584999
30160,61767680,1.896990418434143,,,0.0001768599115343503,4333.157937147999
30170,61788160,1.8961378335952759,,,0.00017679093443220543,4334.2810267509985
30180,61808640,1.7704256772994995,,,0.00017672195422810356,4335.534424639999
30190,61829120,1.6974499225616455,,,0.00017665297094019198,4336.836736034999
30200,61849600,2.062847852706909,1.8304512321949005,6.236700223622242,0.00017658398458661876,4338.796866327999
30210,61870080,1.7233076095581055,,,0.00017651499518553292,4339.890888268998
30220,61890560,2.125915050506592,,,0.0001764460027550841,4340.975423533999
30230,61911040,1.8805694580078125,,,0.00017637700731342284,4342.018092850999
30240,61931520,2.0168581008911133,,,0.00017630800887870048,4343.178329693998
30250,61952000,2.1506755352020264,,,0.00017623900746906903,4344.377315233999
30260,61972480,1.780684232711792,,,0.00017617000310268148,4345.531134319999
30270,61992960,2.184056520462036,,,0.00017610099579769137,4346.661062443999
30280,62013440,1.9300100803375244,,,0.00017603198557225325,4347.764784639999
30290,62033920,1.760174036026001,,,0.00017596297244452223,4349.137647185999
30300,62054400,1.7667802572250366,1.8286036133766175,6.225187817469201,0.0001758939564326543,4350.879180120999
30310,62074880,1.8557299375534058,,,0.00017582493755480619,4352.0254251709985
30320,62095360,1.9271998405456543,,,0.0001757559158291354,4353.174578567999
30330,62115840,1.9141271114349365,,,0.00017568689127380005,4354.433379423999
30340,62136320,1.7397572994232178,,,0.00017561786390695922,4355.873640374999
30350,62156800,1.7124062776565552,,,0.00017554883374677256,4357.307175794999
30360,62177280,1.6003060340881348,,,0.0001754798008114006,4358.494004408999
30370,62197760,1.9208261966705322,,,0.00017541076511900432,4359.575648285999
30380,62218240,1.6335783004760742,,,0.00017534172668774584,4360.780669113999
30390,62238720,1.8232566118240356,,,0.0001752726855357876,4361.924326959999
30400,62259200,1.826833963394165,1.8291200160980225,6.228403351583226,0.00017520364168129309,4363.669461808999
30410,62279680,1.984145998954773,,,0.00017513459514242622,4364.929620613999
30420,62300160,1.9971033334732056,,,0.00017506554593735182,4366.117213239999
30430,62320640,1.7226028442382812,,,0.00017499649408423532,4367.304856522999
30440,62341120,1.6458609104156494,,,0.00017492743960124287,4368.427718942999
30450,62361600,1.7982704639434814,,,0.00017485838250654132,4369.528841211999
30460,62382080,1.6984926462173462,,,0.00017478932281829817,4370.622668207999
30470,62402560,2.121809959411621,,,0.00017472026055468168,4371.779914116999
30480,62423040,2.092311382293701,,,0.0001746511957338607,4372.853310209999
30490,62443520,2.014892339706421,,,0.00017458212837400484,4374.107475612999
30500,62464000,2.039865016937256,1.8280134797096252,6.2215152083264975,0.00017451305849328422,4375.847668228999
30510,62484480,2.0027713775634766,,,0.00017444398610986985,4378.429122616999
30520,62504960,1.8876819610595703,,,0.00017437491124193324,4379.577718405999
30530,62525440,1.7668747901916504,,,0.00017430583390764664,4380.840766442999
30540,62545920,1.6242237091064453,,,0.00017423675412518274,4381.888258159999
30550,62566400,1.7980014085769653,,,0.00017416767191271522,4383.174264334999
30560,62586880,1.980822205543518,,,0.00017409858728841812,4384.274371840999
30570,62607360,1.73236882686615,,,0.00017402950027046624,4385.453588434999
30580,62627840,2.0124292373657227,,,0.000173960410877035,4386.595300300999
30590,62648320,1.7392511367797852,,,0.0001738913191263004,4387.653073326999
30600,62668800,1.9306018352508545,1.8272899210453033,6.217015205296719,0.0001738222250364391,4390.133629065999
30610,62689280,1.8031005859375,,,0.00017375312862562834,4391.2471849309995
30620,62709760,1.7566556930541992,,,0.00017368402991204597,4392.391788619999
30630,62730240,1.925229549407959,,,0.00017361492891387057,4393.455332934999
30640,62750720,1.8742550611495972,,,0.00017354582564928106,4394.777414359999
30650,62771200,1.8874626159667969,,,0.0001734767201364573,4396.049627865998
30660,62791680,1.8092119693756104,,,0.00017340761239357938,4397.427130011999
30670,62812160,2.105149745941162,,,0.00017333850243882827,4398.720555857999
30680,62832640,1.6216003894805908,,,0.0001732693902903854,4399.950530776999
30690,62853120,1.8834500312805176,,,0.00017320027596643274,4401.154587857999
30700,62873600,1.7623728513717651,1.8258601009845734,6.2081323441981535,0.00017313115948515287,4403.317002402999
30710,62894080,1.7903648614883423,,,0.00017306204086472892,4404.602370988999
30720,62914560,2.1723721027374268,,,0.00017299292012334472,4405.9315611719985
30730,62935040,1.8853360414505005,,,0.00017292379727918442,4407.177439267999
30740,62955520,1.7217192649841309,,,0.0001728546723504329,4408.308261787999
30750,62976000,1.9385350942611694,,,0.00017278554535527554,4409.524702176999
30760,62996480,1.6500601768493652,,,0.00017271641631189824,4410.705698095999
30770,63016960,1.839320182800293,,,0.00017264728523848745,4411.890645797999
30780,63037440,1.7805523872375488,,,0.00017257815215323017,4413.056878957999
30790,63057920,1.9207066297531128,,,0.0001725090170743139,4414.3050558059995
30800,63078400,1.848331332206726,1.8249225318431854,6.2023145186196205,0.00017243988001992678,4416.4426486289985
30810,63098880,1.9861371517181396,,,0.00017237074100825723,4417.789728277999
30820,63119360,1.7009880542755127,,,0.00017230160005749445,4419.080197906999
30830,63139840,1.7911200523376465,,,0.00017223245718582796,4420.1934554929985
30840,63160320,1.789243459701538,,,0.0001721633124114479,4421.351519286999
30850,63180800,1.7045708894729614,,,0.00017209416575254477,4422.499261757999
30860,63201280,1.881523609161377,,,0.0001720250172273098,4423.567032789999
30870,63221760,1.9015861749649048,,,0.00017195586685393448,4424.718613711999
30880,63242240,1.8653473854064941,,,0.0001718867146506109,4425.901367424999
30890,63262720,1.7510268688201904,,,0.0001718175606355316,4427.156717149999
30900,63283200,1.7161067724227905,1.8211741328239441,6.179109287364449,0.00017174840482688964,4429.456756028999
30910,63303680,1.877137541770935,,,0.00017167924724287848,4430.594406680999
30920,63324160,1.6964209079742432,,,0.0001716100879016921,4431.741961321999
30930,63344640,1.7866828441619873,,,0.00017154092682152496,4433.020513233999
30940,63365120,1.9139536619186401,,,0.00017147176402057188,4434.163871872999
30950,63385600,1.7566109895706177,,,0.00017140259951702828,4435.273434351999
30960,63406080,1.7846121788024902,,,0.00017133343332908984,4436.470970516999
30970,63426560,1.8776109218597412,,,0.0001712642654749529,4437.713644833999
30980,63447040,1.9459853172302246,,,0.000171195095972814,4438.981586394999
30990,63467520,1.811707854270935,,,0.0001711259248408704,4440.216279654999
31000,63488000,1.8778491020202637,1.8227607131004333,6.188920721541885,0.0001710567520973195,4442.034615173999
31010,63508480,1.7725385427474976,,,0.00017098757776035932,4444.656504410998
31020,63528960,2.1178221702575684,,,0.00017091840184818818,4445.910712479998
31030,63549440,2.093113422393799,,,0.00017084922437900492,4447.173220705999
31040,63569920,1.9538624286651611,,,0.0001707800453710087,4448.448905221999
31050,63590400,1.7234715223312378,,,0.00017071086484239914,4449.605552370999
31060,63610880,1.6939327716827393,,,0.00017064168281137626,4450.874258426999
31070,63631360,1.9662609100341797,,,0.0001705724992961404,4452.047601198999
31080,63651840,2.1127758026123047,,,0.00017050331431489238,4453.420915767999
31090,63672320,2.0131430625915527,,,0.00017043412788583342,4454.902357853999
31100,63692800,1.785868525505066,1.8169325709342956,6.152955718100918,0.000170364940027165,4457.238641055999
31110,63713280,1.8186523914337158,,,0.0001702957507570891,4458.743669212999
31120,63733760,1.8179254531860352,,,0.00017022656009380794,4460.111798795999
31130,63754240,1.7502073049545288,,,0.00017015736805552428,4461.451774958999
31140,63774720,1.9375156164169312,,,0.00017008817466044115,4462.633209957999
31150,63795200,1.595012903213501,,,0.00017001897992676186,4463.895762701999
31160,63815680,1.8588125705718994,,,0.00016994978387269025,4465.040195446999
31170,63836160,1.9217307567596436,,,0.00016988058651643028,4466.230091987999
31180,63856640,2.202608108520508,,,0.00016981138787618648,4467.490264500999
31190,63877120,1.7235968112945557,,,0.00016974218797016357,4468.795164457999
31200,63897600,1.7679758071899414,1.8181402206420898,6.160390821872778,0.0001696729868165667,4470.691088312999
31210,63918080,1.7898175716400146,,,0.00016960378443360121,4472.077838810999
31220,63938560,1.9403082132339478,,,0.00016953458083947295,4473.513339671998
31230,63959040,1.7663298845291138,,,0.0001694653760523879,4474.690867213999
31240,63979520,1.5770196914672852,,,0.00016939617009055253,4475.967520857999
31250,64000000,1.8744285106658936,,,0.0001693269629721734,4477.244236709999
31260,64020480,2.0545687675476074,,,0.0001692577547154577,4478.474120151999
31270,64040960,1.7666447162628174,,,0.00016918854533861256,4479.683643501999
31280,64061440,1.781264305114746,,,0.00016911933485984568,4480.877591019999
31290,64081920,1.9098496437072754,,,0.0001690501232973648,4482.168859539999
31300,64102400,1.7564678192138672,1.8150608539581299,6.141449897608575,0.00016898091066937826,4484.318454313999
31310,64122880,1.9936648607254028,,,0.00016891169699409438,4485.473175932999
31320,64143360,1.7815659046173096,,,0.00016884248228972193,4486.799066510999
31330,64163840,1.9165089130401611,,,0.00016877326657446996,4488.048939511999
31340,64184320,1.8539648056030273,,,0.00016870404986654762,4489.288453537999
31350,64204800,1.8549785614013672,,,0.00016863483218416446,4490.523987250999
31360,64225280,1.7965651750564575,,,0.00016856561354553027,4491.717084442999
31370,64245760,1.7934452295303345,,,0.00016849639396885515,4493.267528205999
31380,64266240,1.6306015253067017,,,0.00016842717347234924,4495.088637743999
31390,64286720,1.8877716064453125,,,0.00016835795207422314,4496.451648191999
31400,64307200,1.963112235069275,1.820277363061905,6.1735705328641695,0.00016828872979268757,4498.369758603999
31410,64327680,1.8479175567626953,,,0.00016821950664595357,4499.799108854999
31420,64348160,2.031951427459717,,,0.00016815028265223223,4501.506092470999
31430,64368640,1.769850730895996,,,0.00016808105782973516,4503.047532972999
31440,64389120,1.944714903831482,,,0.0001680118321966739,4504.521305898998
31450,64409600,1.8443560600280762,,,0.00016794260577126036,4505.883497506999
31460,64430080,1.7626867294311523,,,0.00016787337857170653,4507.1255838319985
31470,64450560,1.8823140859603882,,,0.00016780415061622484,4508.464728380999
31480,64471040,1.7181106805801392,,,0.00016773492192302764,4509.892435657999
31490,64491520,1.7566097974777222,,,0.00016766569251032768,4511.415325320999
31500,64512000,1.791870355606079,1.8140789210796355,6.135422365832609,0.00016759646239633774,4513.753178402999
31510,64532480,1.9424996376037598,,,0.00016752723159927098,4516.015577770999
31520,64552960,1.8870922327041626,,,0.00016745800013734052,4517.219934293999
31530,64573440,1.883460283279419,,,0.00016738876802875982,4518.401964651999
31540,64593920,1.7671470642089844,,,0.00016731953529174247,4519.566863689999
31550,64614400,1.7342004776000977,,,0.00016725030194450212,4520.750406803999
31560,64634880,1.8453395366668701,,,0.00016718106800525274,4521.878367963999
31570,64655360,1.9207819700241089,,,0.00016711183349220836,4523.100376646999
31580,64675840,2.0929760932922363,,,0.0001670425984235832,4524.299443482999
31590,64696320,1.836081862449646,,,0.00016697336281759156,4525.484112047999
31600,64716800,2.0210483074188232,1.8156030476093292,6.144780655628546,0.00016690412669244804,4527.439807704999
31610,64737280,1.8263630867004395,,,0.00016683489006636714,4528.683134193999
31620,64757760,1.841585397720337,,,0.00016676565295756373,4530.097305745999
31630,64778240,1.733125925064087,,,0.00016669641538425255,4531.343016525999
31640,64798720,1.9446687698364258,,,0.0001666271773646488,4532.843241713999
31650,64819200,1.9247246980667114,,,0.0001665579389169675,4534.146711784999
31660,64839680,1.9346671104431152,,,0.00016648870005942382,4535.6606588839995
31670,64860160,1.654524803161621,,,0.0001664194608102332,4536.810152631999
31680,64880640,1.6477890014648438,,,0.00016635022118761115,4538.058010051999
31690,64901120,1.6918680667877197,,,0.00016628098120977306,4539.175173427999
31700,64921600,1.8694379329681396,1.8143364131450652,6.137002391823218,0.00016621174089493472,4540.9426287119995
31710,64942080,1.8434966802597046,,,0.00016614250026131174,4542.102197748999
31720,64962560,1.9386200904846191,,,0.00016607325932712003,4543.279693473999
31730,64983040,1.785881757736206,,,0.0001660040181105754,4544.476509513999
31740,65003520,1.7738021612167358,,,0.00016593477662989387,4545.695043408999
31750,65024000,1.6170389652252197,,,0.00016586553490329149,4547.0682956949995
31760,65044480,1.8124675750732422,,,0.00016579629294898428,4548.406869015999
31770,65064960,2.0209689140319824,,,0.00016572705078518853,4549.608481807999
31780,65085440,1.828227162361145,,,0.00016565780843012034,4550.849452213999
31790,65105920,1.7650697231292725,,,0.00016558856590199604,4552.074134341999
31800,65126400,1.9625203609466553,1.8139997184276582,6.134936443353662,0.00016551932321903187,4554.2297236079985
31810,65146880,1.8876897096633911,,,0.00016545008039944433,4555.320960575999
31820,65167360,1.8003149032592773,,,0.00016538083746144965,4556.659930273999
31830,65187840,1.9197816848754883,,,0.00016531159442326432,4558.033420029999
31840,65208320,1.9376816749572754,,,0.00016524235130310479,4559.233852218999
31850,65228800,1.6332428455352783,,,0.00016517310811918755,4560.596913618999
31860,65249280,2.0454697608947754,,,0.000165103864889729,4561.775750429999
31870,65269760,1.7889606952667236,,,0.00016503462163294574,4562.910031284999
31880,65290240,2.0372824668884277,,,0.0001649653783670542,4564.006804312999
31890,65310720,1.820680856704712,,,0.00016489613511027097,4565.105968079999
31900,65331200,1.7601906061172485,1.8120127499103547,6.122758620267149,0.0001648268918808124,4567.143845061999
31910,65351680,1.8099780082702637,,,0.00016475764869689519,4568.241373630999
31920,65372160,1.7028980255126953,,,0.00016468840557673563,4569.498806169999
31930,65392640,1.8202550411224365,,,0.00016461916253855032,4570.798531113999
31940,65413120,1.8831682205200195,,,0.00016454991960055564,4571.907847233999
31950,65433600,1.9683072566986084,,,0.00016448067678096807,4573.063260239999
31960,65454080,2.0645883083343506,,,0.00016441143409800393,4574.182150580999
31970,65474560,1.858891248703003,,,0.00016434219156987964,4575.367344274999
31980,65495040,2.0368847846984863,,,0.00016427294921481146,4576.461245920999
31990,65515520,1.6229463815689087,,,0.00016420370705101564,4577.676736106999
32000,65536000,2.2234573364257812,1.8097479939460754,6.108907756497451,0.00016413446509670846,4579.704068663998
32010,65556480,1.9851881265640259,,,0.00016406522337010607,4581.951395973999
32020,65576960,2.114727258682251,,,0.00016399598188942456,4583.062360886999
32030,65597440,1.9682470560073853,,,0.00016392674067287994,4584.291184268999
32040,65617920,1.946448802947998,,,0.0001638574997386882,4585.388371762999
32050,65638400,1.7363967895507812,,,0.00016378825910506525,4586.517951901999
32060,65658880,1.8169291019439697,,,0.0001637190187902269,4587.863620417999
32070,65679360,1.7531421184539795,,,0.0001636497788123888,4588.951639600999
32080,65699840,1.8581821918487549,,,0.00016358053918976673,4590.276769939999
32090,65720320,1.7828502655029297,,,0.00016351129994057615,4591.537746924999
32100,65740800,1.8666415214538574,1.8123068332672119,6.124559486464833,0.0001634420610830325,4593.3970325479995
32110,65761280,1.9092611074447632,,,0.00016337282263535118,4594.525419671999
32120,65781760,1.7480659484863281,,,0.0001633035846157474,4595.652305175999
32130,65802240,1.7501921653747559,,,0.00016323434704243627,4596.823717647999
32140,65822720,1.6891844272613525,,,0.0001631651099336328,4597.906566945999
32150,65843200,1.6740219593048096,,,0.00016309587330755193,4598.995200268999
32160,65863680,1.6200199127197266,,,0.00016302663718240838,4600.145426013999
32170,65884160,2.0304150581359863,,,0.00016295740157641674,4601.251984678999
32180,65904640,1.5636653900146484,,,0.0001628881665077916,4602.400790495999
32190,65925120,1.8802025318145752,,,0.00016281893199474723,4603.487526572999
32200,65945600,1.7373555898666382,1.8098495721817016,6.109528320086303,0.00016274969805549783,4605.237483762999
32210,65966080,1.5918715000152588,,,0.0001626804647082575,4606.4245202759985
32220,65986560,1.9743893146514893,,,0.00016261123197124013,4607.685602605999
32230,66007040,1.993983507156372,,,0.00016254199986265945,4608.8839937819985
32240,66027520,1.8169360160827637,,,0.00016247276840072896,4610.042482513999
32250,66048000,1.875717043876648,,,0.0001624035376036622,4611.1026544649985
32260,66068480,1.9207748174667358,,,0.0001623343074896723,4612.353632643999
32270,66088960,1.803104281425476,,,0.0001622650780769723,4613.491873281999
32280,66109440,1.7729146480560303,,,0.0001621958493837751,4614.661895465999
32290,66129920,1.84557044506073,,,0.00016212662142829344,4615.815660279999
32300,66150400,1.9047988653182983,1.8110535204410554,6.116888305704661,0.00016205739422873964,4617.570215995999
32310,66170880,1.8326659202575684,,,0.00016198816780332607,4618.6747752189995
32320,66191360,1.6922690868377686,,,0.00016191894217026478,4619.740161893999
32330,66211840,1.9808642864227295,,,0.0001618497173477677,4621.001873378999
32340,66232320,1.874999761581421,,,0.0001617804933540464,4622.138908734999
32350,66252800,1.5371747016906738,,,0.0001617112702073124,4623.188166622999
32360,66273280,1.725578784942627,,,0.00016164204792577685,4624.263618831998
32370,66293760,1.5091304779052734,,,0.00016157282652765073,4625.428177346999
32380,66314240,2.1657943725585938,,,0.00016150360603114483,4626.598301171999
32390,66334720,1.8646540641784668,,,0.0001614343864544697,4627.793216668999
32400,66355200,1.787674903869629,1.8100841641426086,6.110961734442298,0.0001613651678158355,4629.682190307999
32410,66375680,1.657503366470337,,,0.00016129595013345232,4630.888647580999
32420,66396160,1.8056261539459229,,,0.00016122673342553002,4632.254270926999
32430,66416640,1.9006686210632324,,,0.000161157517710278,4633.478859672999
32440,66437120,1.614761471748352,,,0.00016108830300590556,4634.735480713999
32450,66457600,1.677844762802124,,,0.0001610190893306217,4635.9951535949995
32460,66478080,1.859708309173584,,,0.00016094987670263515,4637.274750682999
32470,66498560,1.5384092330932617,,,0.00016088066514015432,4638.687979322999
32480,66519040,1.9820919036865234,,,0.0001608114546613874,4639.812683853999
32490,66539520,1.873333215713501,,,0.00016074224528454226,4640.939592860999
32500,66560000,1.7664470672607422,1.8081085205078125,6.098900569993611,0.00016067303702782654,4643.058966572999
32510,66580480,1.656533122062683,,,0.00016060382990944745,4645.278766729999
32520,66600960,1.9769132137298584,,,0.00016053462394761207,4646.522026852999
32530,66621440,2.0919811725616455,,,0.00016046541916052705,4647.860316083998
32540,66641920,1.5675909519195557,,,0.00016039621556639873,4649.083383976999
32550,66662400,1.6853067874908447,,,0.00016032701318343325,4650.423828536999
32560,66682880,1.9598548412322998,,,0.00016025781202983638,4651.604478354999
32570,66703360,1.8052501678466797,,,0.0001601886121238135,4652.775289717999
32580,66723840,1.7182146310806274,,,0.0001601194134835697,4653.9768429509995
32590,66744320,1.7016178369522095,,,0.00016005021612730975,4655.191815242999
32600,66764800,2.2767341136932373,1.805181437730789,6.08107468482454,0.00015998102007323811,4657.590197541999
32610,66785280,1.7907044887542725,,,0.0001599118253395588,4658.8754021409995
32620,66805760,1.6846766471862793,,,0.0001598426319444757,4660.0500808319985
32630,66826240,1.7632720470428467,,,0.000159773439906192,4661.205771270999
32640,66846720,2.000650405883789,,,0.00015970424924291086,4662.476963211999
32650,66867200,1.5230653285980225,,,0.00015963505997283498,4663.687623423999
32660,66887680,1.4878902435302734,,,0.00015956587211416655,4664.947952614999
32670,66908160,1.8440287113189697,,,0.0001594966856851076,4666.0795816849995
32680,66928640,1.9660826921463013,,,0.00015942750070385955,4667.172521985999
32690,66949120,1.8008654117584229,,,0.00015935831718862372,4668.466717090999
32700,66969600,1.9475644826889038,1.8096850037574768,6.108522967364835,0.0001592891351576008,4670.354258663999
32710,66990080,1.6283462047576904,,,0.00015921995462899125,4671.538544933999
32720,67010560,1.9136881828308105,,,0.00015915077562099505,4672.985429903999
32730,67031040,1.7725841999053955,,,0.0001590815981518118,4674.187355907999
32740,67051520,1.806677222251892,,,0.00015901242223964067,4675.3962613879985
32750,67072000,2.130851984024048,,,0.00015894324790268047,4676.546116172999
32760,67092480,2.1040730476379395,,,0.00015887407515912955,4677.680663882999
32770,67112960,1.8225126266479492,,,0.00015880490402718595,4678.842674175999
32780,67133440,2.022434711456299,,,0.00015873573452504709,4680.0351583289985
32790,67153920,1.6882144212722778,,,0.00015866656667091014,4681.308193698999
32800,67174400,1.7419636249542236,1.8067230939865113,6.090456841826213,0.0001585974004829717,4683.010017479999
32810,67194880,1.883974313735962,,,0.0001585282359794281,4684.100889129999
32820,67215360,1.7804018259048462,,,0.000158459073178475,4685.285451394999
32830,67235840,2.196396827697754,,,0.00015838991209830787,4686.495435086998
32840,67256320,1.9956622123718262,,,0.0001583207527571215,4687.542035712999
32850,67276800,1.853985071182251,,,0.0001582515951731103,4688.687683527999
32860,67297280,1.8982264995574951,,,0.00015818243936446835,4689.7588881249985
32870,67317760,1.9517933130264282,,,0.00015811328534938906,4690.869553971999
32880,67338240,1.9439122676849365,,,0.00015804413314606547,4691.9966204679995
32890,67358720,2.1488142013549805,,,0.00015797498277269015,4693.079945858999
32900,67379200,1.6392334699630737,1.8077131271362306,6.096489581810082,0.0001579058342474552,4694.771619651999
32910,67399680,1.845656156539917,,,0.0001578366875885521,4695.889087129999
32920,67420160,1.843785285949707,,,0.000157767542814172,4696.9444801399995
32930,67440640,1.908220648765564,,,0.0001576983999425055,4698.005518031999
32940,67461120,1.7707473039627075,,,0.00015762925899174274,4699.175794093999
32950,67481600,1.5969557762145996,,,0.0001575601199800732,4700.333224369999
32960,67502080,1.8779113292694092,,,0.00015749098292568603,4701.475475610999
32970,67522560,1.875967264175415,,,0.0001574218478467698,4702.532129608999
32980,67543040,1.8424708843231201,,,0.00015735271476151254,4703.641203220999
32990,67563520,1.6781924962997437,,,0.00015728358368810174,4704.698449206999
33000,67584000,1.7507083415985107,1.8043196201324463,6.075836165292716,0.00015721445464472443,4706.810099230999
33010,67604480,1.7509541511535645,,,0.00015714532764956707,4709.309300537999
33020,67624960,1.6463470458984375,,,0.00015707620272081553,4710.626639941999
33030,67645440,1.718696117401123,,,0.00015700707987665523,4711.936407686999
33040,67665920,2.0231544971466064,,,0.00015693795913527102,4713.039714242999
33050,67686400,1.9470226764678955,,,0.0001568688405148471,4714.169515392999
33060,67706880,1.6148215532302856,,,0.0001567997240335672,4715.3043037299985
33070,67727360,1.8800551891326904,,,0.00015673060970961455,4716.389500819999
33080,67747840,1.9638956785202026,,,0.00015666149756117165,4717.428227222998
33090,67768320,1.7783119678497314,,,0.00015659238760642056,4718.498830989999
33100,67788800,1.7285290956497192,1.803229308128357,6.069215218291719,0.00015652327986354268,4720.722036617999
33110,67809280,1.7256648540496826,,,0.00015645417435071888,4721.9047985769985
33120,67829760,1.7559094429016113,,,0.0001563850710861294,4723.151837927999
33130,67850240,1.6918270587921143,,,0.00015631597008795397,4724.425913084999
33140,67870720,1.8823024034500122,,,0.00015624687137437163,4725.936878586999
33150,67891200,2.004718542098999,,,0.0001561777749635609,4727.179509286999
33160,67911680,2.1125741004943848,,,0.00015610868087369953,4728.371072612998
33170,67932160,1.8621282577514648,,,0.00015603958912296497,4729.577038287999
33180,67952640,2.0281805992126465,,,0.0001559704997295337,4730.718662609999
33190,67973120,1.789799690246582,,,0.00015590141271158183,4731.879103173999
33200,67993600,1.9395164251327515,1.8037829577922821,6.072576367621356,0.00015583232808728475,4733.779891676999
33210,68014080,1.8625236749649048,,,0.00015576324587481723,4735.101896884999
33220,68034560,1.9159460067749023,,,0.00015569416609235336,4736.213173805999
33230,68055040,1.767122745513916,,,0.0001556250887580667,4737.263464719999
33240,68075520,1.8370404243469238,,,0.0001555560138901301,4738.477591112999
33250,68096000,1.877587080001831,,,0.00015548694150671575,4739.638184581999
33260,68116480,1.9321520328521729,,,0.00015541787162599513,4740.763223499999
33270,68136960,1.944886326789856,,,0.00015534880426613926,4741.9121442199985
33280,68157440,1.8428415060043335,,,0.00015527973944531826,4743.113155441999
33290,68177920,2.092416286468506,,,0.00015521067718170175,4744.208079038999
33300,68198400,2.060917854309082,1.8010270655155183,6.0558640405737165,0.00015514161749345865,4746.390543707999
33310,68218880,1.7256481647491455,,,0.00015507256039875707,4747.620248467999
33320,68239360,1.760825514793396,,,0.00015500350591576468,4748.717083559
33330,68259840,1.8617826700210571,,,0.00015493445406264812,4749.831725878998
33340,68280320,1.7785197496414185,,,0.00015486540485757375,4750.983191716999
33350,68300800,1.8945932388305664,,,0.00015479635831870689,4752.087777888999
33360,68321280,1.9963734149932861,,,0.00015472731446421236,4753.299650704999
33370,68341760,1.7342689037322998,,,0.00015465827331225413,4754.442445262999
33380,68362240,1.7955114841461182,,,0.00015458923488099565,4755.600767136999
33390,68382720,1.6998733282089233,,,0.00015452019918859938,4756.911293133999
33400,68403200,1.9601894617080688,1.7982355058193207,6.038982308736501,0.0001544511662532274,4759.077875151999
33410,68423680,1.8781951665878296,,,0.00015438213609304073,4760.355855388999
33420,68444160,1.7019236087799072,,,0.00015431310872619992,4761.596535614
33430,68464640,1.89615797996521,,,0.00015424408417086458,4762.899437557999
33440,68485120,1.823999047279358,,,0.00015417506244519378,4764.014272758999
33450,68505600,1.98457932472229,,,0.00015410604356734566,4765.135530040999
33460,68526080,1.9144278764724731,,,0.00015403702755547772,4766.221010165999
33470,68546560,1.7602653503417969,,,0.0001539680144277467,4767.384919370998
33480,68567040,1.7167383432388306,,,0.0001538990042023086,4768.579490357999
33490,68587520,1.8461989164352417,,,0.0001538299968973185,4769.783455187999
33500,68608000,1.7083864212036133,1.8000987470149994,6.050244878537801,0.0001537609925309309,4771.527704001999
33510,68628480,2.151008367538452,,,0.0001536919911212995,4774.049232698999
33520,68648960,1.7924606800079346,,,0.0001536229926865771,4775.263428602999
33530,68669440,2.0121145248413086,,,0.00015355399724491584,4776.497836698999
33540,68689920,2.1060073375701904,,,0.00015348500481446702,4777.709961184999
33550,68710400,1.8551276922225952,,,0.00015341601541338118,4779.079422045999
33560,68730880,1.8144609928131104,,,0.00015334702905980797,4780.365527840999
33570,68751360,1.9281764030456543,,,0.0001532780457718964,4781.536804280999
33580,68771840,1.8224759101867676,,,0.0001532090655677945,4782.767052346999
33590,68792320,1.9085644483566284,,,0.00015314008846564967,4783.977349763999
33600,68812800,1.734039545059204,1.7991485834121703,6.044498886314643,0.00015307111448360823,4785.751639043999
33610,68833280,1.9331034421920776,,,0.00015300214363981606,4786.915589918999
33620,68853760,2.1014890670776367,,,0.0001529331759524178,4788.167597274999
33630,68874240,1.938692569732666,,,0.00015286421143955755,4789.297767371999
33640,68894720,1.9627889394760132,,,0.00015279525011937847,4790.514239809999
33650,68915200,1.7267658710479736,,,0.00015272629201002293,4791.731644747999
33660,68935680,2.069819450378418,,,0.00015265733712963237,4792.937820975999
33670,68956160,1.6712371110916138,,,0.0001525883854963474,4794.138517067999
33680,68976640,1.7592148780822754,,,0.00015251943712830786,4795.317123808999
33690,68997120,1.5038989782333374,,,0.0001524504920436527,4796.4938190309995
33700,69017600,1.7772644758224487,1.8009042859077453,6.055120549605787,0.00015238155026051986,4798.328221285999
33710,69038080,1.744567632675171,,,0.00015231261179704669,4799.604966491999
33720,69058560,1.6404681205749512,,,0.0001522436766713694,4800.754817065999
33730,69079040,1.8754653930664062,,,0.0001521747449016234,4802.225536741999
33740,69099520,2.2045087814331055,,,0.0001521058165059434,4803.409610143999
33750,69120000,1.8110175132751465,,,0.00015203689150246295,4804.679026277999
33760,69140480,1.7905139923095703,,,0.00015196796990931487,4805.787640831999
33770,69160960,1.8514783382415771,,,0.00015189905174463098,4807.039585530999
33780,69181440,1.7107963562011719,,,0.00015183013702654236,4808.238098906999
33790,69201920,1.8558716773986816,,,0.000151761225773179,4809.428145928999
33800,69222400,1.9015288352966309,1.8001786589622497,6.050728384706089,0.0001516923180026701,4811.250139880999
33810,69242880,1.7534961700439453,,,0.0001516234137331439,4812.384275461999
33820,69263360,1.6813466548919678,,,0.00015155451298272775,4813.566286998999
33830,69283840,1.7154642343521118,,,0.00015148561576954799,4814.735180612999
33840,69304320,1.7622281312942505,,,0.0001514167221117301,4815.916392974999
33850,69324800,1.5998032093048096,,,0.0001513478320273986,4817.0826040329985
33860,69345280,1.6546024084091187,,,0.00015127894553467716,4818.163420378999
33870,69365760,2.1289193630218506,,,0.00015121006265168832,4819.536763275999
33880,69386240,1.8931117057800293,,,0.0001511411833965539,4820.735283364999
33890,69406720,1.7242906093597412,,,0.0001510723077873945,4821.926054246999
33900,69427200,2.083622455596924,1.799014800786972,6.0436902914748,0.00015100343584233,4823.747004448999
33910,69447680,1.8246948719024658,,,0.0001509345675794792,4825.105765364999
33920,69468160,1.8684070110321045,,,0.00015086570301696,4826.4054529039995
33930,69488640,1.834874153137207,,,0.00015079684217288918,4827.704432440999
33940,69509120,2.026172161102295,,,0.00015072798506538264,4828.869497073999
33950,69529600,1.9102163314819336,,,0.0001506591317125554,4830.159831942999
33960,69550080,2.0400118827819824,,,0.00015059028213252132,4831.413055250999
33970,69570560,1.9939866065979004,,,0.0001505214363433933,4832.689570657999
33980,69591040,1.7152230739593506,,,0.00015045259436328334,4834.062832198999
33990,69611520,1.793290376663208,,,0.0001503837562103024,4835.380138899999
34000,69632000,1.7035648822784424,1.7936693727970123,6.011470371578816,0.00015031492190256028,4837.703486171999
34010,69652480,1.7227461338043213,,,0.00015024609145816608,4840.124353752999
34020,69672960,1.5751491785049438,,,0.00015017726489522756,4841.196757475999
34030,69693440,1.760859727859497,,,0.00015010844223185168,4842.301279646999
34040,69713920,1.8296611309051514,,,0.0001500396234861442,4843.515775897999
34050,69734400,1.9466036558151245,,,0.00014997080867621006,4844.832350684999
34055,69744640,1.8272548913955688,,,0.00014993640275281543,4845.441497686998
34060,69754880,1.5951757431030273,,,0.00014990199782015297,4847.692467166
34070,69775360,1.8506441116333008,,,0.0001498331909360757,4848.900937193
34080,69795840,1.82951021194458,,,0.00014976438804207995,4850.402265510999
34090,69816320,1.8298991918563843,,,0.00014969558915626643,4851.719520199999
34100,69836800,2.003220796585083,1.7925874948501588,6.004970211179749,0.00014962679429673462,4853.908785834999
34110,69857280,1.6962156295776367,,,0.00014955800348158315,4855.0792452059995
34120,69877760,1.9413163661956787,,,0.00014948921672890947,4856.241092611
34130,69898240,1.9226672649383545,,,0.00014942043405681002,4857.563109293
34140,69918720,1.7381174564361572,,,0.00014935165548338004,4858.891498428
34150,69939200,1.655970811843872,,,0.0001492828810267139,4860.083791311999
34160,69959680,1.767641544342041,,,0.00014921411070490471,4861.190525925999
34170,69980160,1.6872358322143555,,,0.00014914534453604455,4862.241271196
34180,70000640,1.6679291725158691,,,0.00014907658253822447,4863.291591640999
34190,70021120,1.6843085289001465,,,0.00014900782472953428,4864.335117295999
34200,70041600,1.7545232772827148,1.7962423503398894,6.0269576655302295,0.00014893907112806284,4866.056762132
34210,70062080,1.7787957191467285,,,0.00014887032175189778,4867.271814092
34220,70082560,2.2228450775146484,,,0.00014880157661912574,4868.379661544999
34230,70103040,2.0654406547546387,,,0.00014873283574783213,4869.480904399999
34240,70123520,1.9976428747177124,,,0.00014866409915610128,4870.708303140999
34250,70144000,1.7903950214385986,,,0.00014859536686201644,4871.8690092629995
34260,70164480,2.1743240356445312,,,0.0001485266388836597,4872.961753111999
34270,70184960,1.783902883529663,,,0.00014845791523911193,4874.107558901999
34280,70205440,1.9105420112609863,,,0.00014838919594645298,4875.195413238
34290,70225920,1.7019283771514893,,,0.0001483204810237615,4876.370999764999
34300,70246400,2.142031669616699,1.7920825362205506,6.00193871510554,0.00014825177048911507,4878.676172771
34310,70266880,1.9655470848083496,,,0.0001481830643605899,4879.7810586979995
34320,70287360,1.8399722576141357,,,0.00014811436265626133,4880.868759544999
34330,70307840,1.8788294792175293,,,0.0001480456653942033,4881.9890210349995
34340,70328320,1.7656598091125488,,,0.00014797697259248877,4883.023806509999
34350,70348800,1.7544291019439697,,,0.00014790828426918928,4884.074562854
34360,70369280,1.9340934753417969,,,0.0001478396004423755,4885.296443832
34370,70389760,1.6969258785247803,,,0.00014777092113011666,4886.520043527
34380,70410240,1.8675305843353271,,,0.00014770224635048088,4887.864809424999
34390,70430720,1.8505754470825195,,,0.00014763357612153526,4889.137753868999
34400,70451200,1.6733068227767944,1.7928625047206879,6.006621864360111,0.0001475649104613454,4891.076606828
34410,70471680,1.8070193529129028,,,0.0001474962493879759,4892.239345395999
34420,70492160,1.8376582860946655,,,0.0001474275929194901,4893.421930723
34430,70512640,1.5354862213134766,,,0.00014735894107395018,4894.701825783
34440,70533120,1.9246411323547363,,,0.00014729029386941698,4895.979233802999
34450,70553600,1.7454290390014648,,,0.00014722165132395024,4897.379848635
34460,70574080,1.7184760570526123,,,0.0001471530134556084,4898.427203163
34470,70594560,1.7638230323791504,,,0.00014708438028244875,4899.4795353869995
34480,70615040,1.7042500972747803,,,0.0001470157518225272,4900.613730587999
34490,70635520,1.8813496828079224,,,0.00014694712809389866,4901.789163752999
34500,70656000,1.948142170906067,1.7914941430091857,5.998408253862115,0.0001468785091146165,4904.133857420999
34510,70676480,1.9764986038208008,,,0.0001468098949027331,4906.332865648
34520,70696960,1.9563982486724854,,,0.00014674128547629935,4907.480000054
34530,70717440,1.7385106086730957,,,0.00014667268085336515,4908.636949967
34540,70737920,1.8513972759246826,,,0.0001466040810519789,4909.779390823999
34550,70758400,1.8629364967346191,,,0.00014653548609018784,4911.006306132999
34560,70778880,1.9528179168701172,,,0.00014646689598603793,4912.192745392
34570,70799360,1.8622972965240479,,,0.0001463983107575739,4913.386259395
34580,70819840,1.8395724296569824,,,0.00014632973042283897,4914.5512254039995
34590,70840320,2.0063929557800293,,,0.00014626115499987542,4915.727513772
34600,70860800,1.7012581825256348,1.7877567529678344,5.9760317035847095,0.000146192584506724,4917.84761405
34610,70881280,1.836596965789795,,,0.00014612401896142423,4918.926212748
34620,70901760,1.8486384153366089,,,0.00014605545838201428,4920.274547567
34630,70922240,1.671409010887146,,,0.0001459869027865311,4921.453618195
34640,70942720,1.9272820949554443,,,0.00014591835219301028,4922.6279225339995
34650,70963200,1.7237513065338135,,,0.00014584980661948605,4923.690100688
34660,70983680,1.8236225843429565,,,0.00014578126608399148,4925.0042699099995
34670,71004160,1.8869690895080566,,,0.00014571273060455807,4926.2328941549995
34680,71024640,1.762671947479248,,,0.00014564420019921623,4927.7660646799995
34690,71045120,1.7577812671661377,,,0.0001455756748859948,4928.9281629259995
34700,71065600,1.6976933479309082,1.785535603761673,5.962772775989628,0.00014550715468292157,4931.327199154
34710,71086080,1.9887290000915527,,,0.0001454386396080227,4932.507953466
34720,71106560,1.8079720735549927,,,0.00014537012967932316,4933.956414214
34730,71127040,1.7469456195831299,,,0.00014530162491484654,4935.428925194
34740,71147520,2.0595922470092773,,,0.0001452331253326151,4936.976022231
34750,71168000,2.018906593322754,,,0.00014516463095064956,4938.425844357999
34760,71188480,1.7276568412780762,,,0.00014509614178696958,4939.635071762
34770,71208960,1.9076297283172607,,,0.00014502765785959318,4940.845856086
34780,71229440,1.7615807056427002,,,0.00014495917918653714,4942.068065265
34790,71249920,1.8288456201553345,,,0.00014489070578581673,4943.476909768
34800,71270400,2.1120102405548096,1.7864698410034179,5.968346023343278,0.00014482223767544607,4945.545147489999
34810,71290880,1.7661768198013306,,,0.00014475377487343762,4946.923808173
34820,71311360,1.9686111211776733,,,0.0001446853173978026,4948.165387208
34830,71331840,1.5378886461257935,,,0.00014461686526655082,4949.259871114
34840,71352320,2.167639970779419,,,0.0001445484184976906,4950.446197306999
34850,71372800,1.6959095001220703,,,0.00014447997710922893,4951.642159477
34860,71393280,1.8636411428451538,,,0.00014441154111917136,4952.725206638999
34870,71413760,1.661604881286621,,,0.00014434311054552202,4953.8166484719995
34880,71434240,1.7762553691864014,,,0.00014427468540628363,4955.054523614
34890,71454720,1.6965827941894531,,,0.00014420626571945742,4956.243219053
34900,71475200,1.501083254814148,1.7858112037181855,5.964416342380395,0.00014413785150304325,4958.505513057
34910,71495680,1.774625539779663,,,0.00014406944277503957,4959.729521302
34920,71516160,1.7916781902313232,,,0.00014400103955344322,4960.89267346
34930,71536640,1.8845069408416748,,,0.00014393264185624986,4962.1405889709995
34940,71557120,1.8914732933044434,,,0.00014386424970145342,4963.266998753
34950,71577600,1.82275390625,,,0.00014379586310704656,4964.6566582919995
34960,71598080,1.8137526512145996,,,0.00014372748209102036,4966.037906295999
34970,71618560,1.97038996219635,,,0.00014365910667136456,4967.3505416709995
34980,71639040,1.7781434059143066,,,0.0001435907368660673,4968.671157893999
34990,71659520,1.9254648685455322,,,0.0001435223726931153,4969.975853364
35000,71680000,1.8837201595306396,1.784715873003006,5.957886910558887,0.0001434540141704938,4972.271590318999
35010,71700480,1.8153173923492432,,,0.00014338566131618657,4974.619739475999
35020,71720960,2.1093363761901855,,,0.00014331731414817585,4975.984336977999
35030,71741440,1.6451082229614258,,,0.00014324897268444236,4977.205438622999
35040,71761920,1.7063161134719849,,,0.00014318063694296543,4978.383904038
35050,71782400,1.8032482862472534,,,0.0001431123069417228,4979.6590680829995
35060,71802880,1.7763513326644897,,,0.0001430439826986907,4981.133101814
35070,71823360,1.7693649530410767,,,0.00014297566423184384,4982.443852824999
35080,71843840,1.8823678493499756,,,0.0001429073515591555,4983.600278024999
35090,71864320,2.022439956665039,,,0.00014283904469859725,4984.902356396
35100,71884800,1.754683256149292,1.7837480306625366,5.952123404879432,0.00014277074366813937,4987.2812663469995
35110,71905280,1.622679591178894,,,0.0001427024484857504,4988.649529007
35120,71925760,2.0473194122314453,,,0.00014263415916939754,4989.741518196
35130,71946240,1.7527294158935547,,,0.00014256587573704613,4990.895078134
35140,71966720,1.8845840692520142,,,0.00014249759820666034,4992.27350943
35150,71987200,1.8534691333770752,,,0.00014242932659620254,4993.736460317999
35160,72007680,1.874274492263794,,,0.00014236106092363363,4995.1001436179995
35170,72028160,1.8708090782165527,,,0.0001422928012069129,4996.2929660869995
35180,72048640,1.8872246742248535,,,0.00014222454746399817,4997.513894045
35190,72069120,1.9457850456237793,,,0.00014215629971284552,4998.746396097999
35200,72089600,2.120774269104004,1.781024557352066,5.935935009982526,0.0001420880579714097,5001.129749086999
35210,72110080,1.8774089813232422,,,0.0001420198222576436,5002.420487261
35220,72130560,1.7588281631469727,,,0.00014195159258949876,5003.617938492999
35230,72151040,1.5834803581237793,,,0.00014188336898492493,5004.805123522
35240,72171520,1.6981756687164307,,,0.00014181515146187044,5005.980962512
35250,72192000,2.1044788360595703,,,0.00014174694003828194,5007.168474208
35260,72212480,1.6937437057495117,,,0.00014167873473210443,5008.431330124
35270,72232960,2.1614255905151367,,,0.0001416105355612814,5009.711534462
35280,72253440,1.7576417922973633,,,0.00014154234254375468,5010.866941810999
35290,72273920,1.703129529953003,,,0.00014147415569746446,5011.999999066999
35300,72294400,1.9030109643936157,1.7846476495265962,5.957480456666799,0.00014140597504034926,5013.883130362
35310,72314880,1.6788394451141357,,,0.00014133780059034617,5015.081023342
35320,72335360,1.7003179788589478,,,0.0001412696323653904,5016.170696575
35330,72355840,1.84893798828125,,,0.00014120147038341568,5017.309300561
35340,72376320,2.0760135650634766,,,0.00014113331466235405,5018.451111742
35350,72396800,1.6798267364501953,,,0.00014106516522013592,5019.534050871999
35360,72417280,1.837123155593872,,,0.00014099702207468994,5020.847799542
35370,72437760,1.6940332651138306,,,0.00014092888524394335,5021.959261124
35380,72458240,2.181657314300537,,,0.00014086075474582145,5023.059297872999
35390,72478720,1.6361799240112305,,,0.00014079263059824812,5024.302740792
35400,72499200,2.037107467651367,1.7835579216480255,5.950991960117014,0.00014072451281914528,5026.1075023759995
35410,72519680,1.900193214416504,,,0.0001406564014264335,5027.203594459999
35420,72540160,1.7181925773620605,,,0.00014058829643803143,5028.744868148
35430,72560640,2.0301480293273926,,,0.00014052019787185615,5029.823082841
35440,72581120,1.6641106605529785,,,0.00014045210574582302,5030.945019936
35450,72601600,2.0070133209228516,,,0.0001403840200778457,5032.020729516
35460,72622080,2.1604557037353516,,,0.00014031594088583616,5033.0814364749995
35470,72642560,2.1106390953063965,,,0.0001402478681877046,5034.134217201
35480,72663040,1.9642131328582764,,,0.00014017980200135968,5035.248688639999
35490,72683520,1.868443489074707,,,0.00014011174234470817,5036.2882273879995
35500,72704000,1.702810287475586,1.7823561489582063,5.943844516163713,0.0001400436892356552,5038.420988065999
35510,72724480,1.653395175933838,,,0.0001399756426921042,5040.893278793999
35520,72744960,1.900410771369934,,,0.00013990760273195683,5042.113014471
35530,72765440,1.8096346855163574,,,0.000139839569373113,5043.250239123
35540,72785920,1.6245157718658447,,,0.000139771542633471,5044.508187973
35550,72806400,1.8157269954681396,,,0.00013970352253092716,5045.619508737999
35560,72826880,1.5794286727905273,,,0.00013963550908337633,5047.050993252
35570,72847360,1.9680527448654175,,,0.00013956750230871134,5048.258079833
35580,72867840,1.8462623357772827,,,0.00013949950222482354,5049.412936702
35590,72888320,2.1973962783813477,,,0.0001394315088496023,5050.5572858
35600,72908800,1.9755468368530273,1.7817786574363708,5.940412987283304,0.0001393635222009353,5052.249461873999
35610,72929280,1.995762825012207,,,0.00013929554229670852,5053.325522427999
35620,72949760,1.8534419536590576,,,0.00013922756915480606,5054.4577181839995
35630,72970240,1.615724802017212,,,0.00013915960279311027,5055.720891749999
35640,72990720,1.6963088512420654,,,0.0001390916432295017,5056.964393654
35650,73011200,1.9191397428512573,,,0.00013902369048185922,5058.1474192509995
35660,73031680,1.8200175762176514,,,0.0001389557445680598,5059.253599572
35670,73052160,1.9935903549194336,,,0.0001388878055059786,5060.358250443
35680,73072640,1.7760426998138428,,,0.00013881987331348903,5061.537453172999
35690,73093120,1.8087406158447266,,,0.00013875194800846275,5062.718455261
35700,73113600,1.760653018951416,1.7798056483268738,5.928704053060507,0.00013868402960876943,5064.91723275
35710,73134080,1.6561704874038696,,,0.00013861611813227712,5066.078493933999
35720,73154560,1.91511869430542,,,0.0001385482135968519,5067.351588562
35730,73175040,1.9431840181350708,,,0.00013848031602035815,5068.653653988
35740,73195520,1.5640168190002441,,,0.00013841242542065823,5069.778943966
35750,73216000,1.7727603912353516,,,0.00013834454181561293,5071.283244118999
35760,73236480,1.881913423538208,,,0.00013827666522308097,5072.426484735
35770,73256960,1.8660871982574463,,,0.00013820879566091933,5073.596272139999
35780,73277440,1.9381159543991089,,,0.00013814093314698313,5074.779923542
35790,73297920,1.7010477781295776,,,0.00013807307769912568,5075.865416129999
35800,73318400,1.8364843130111694,1.783405840396881,5.9500869946300545,0.00013800522933519826,5077.937012634
35810,73338880,1.9440064430236816,,,0.00013793738807305048,5079.08057019
35820,73359360,1.881955862045288,,,0.00013786955393053002,5080.332315854
35830,73379840,1.7721861600875854,,,0.00013780172692548268,5081.485127643
35840,73400320,1.7471959590911865,,,0.00013773390707575226,5082.750004373
35850,73420800,1.791571855545044,,,0.00013766609439918098,5083.959380515
35860,73441280,1.738905429840088,,,0.00013759828891360884,5085.249209168
35870,73461760,1.7318050861358643,,,0.0001375304906368742,5086.653000368
35880,73482240,2.056857109069824,,,0.0001374626995868133,5087.774776945
35890,73502720,2.1986489295959473,,,0.0001373949157812607,5089.300348408
35900,73523200,2.1673803329467773,1.782641065120697,5.945538254809,0.00013732713923804893,5091.09604597
35910,73543680,1.8470559120178223,,,0.00013725936997500856,5092.348799351999
35920,73564160,2.0003716945648193,,,0.00013719160800996843,5093.560897073
35930,73584640,1.604071855545044,,,0.00013712385336075528,5094.715806605999
35940,73605120,1.7203948497772217,,,0.00013705610604519399,5095.869555155
35950,73625600,2.087972640991211,,,0.00013698836608110754,5097.149699469
35960,73646080,1.7165563106536865,,,0.00013692063348631693,5098.467839915999
35970,73666560,1.8561420440673828,,,0.00013685290827864126,5099.832852584
35980,73687040,1.8001883029937744,,,0.0001367851904758976,5100.925454069
35990,73707520,2.0177788734436035,,,0.00013671748009590122,5101.993956472
36000,73728000,1.803637981414795,1.778084433078766,5.918508254342128,0.00013664977715646535,5104.075951979
36010,73748480,1.9242901802062988,,,0.00013658208167540117,5107.382157767
36020,73768960,2.0616860389709473,,,0.00013651439367051813,5108.6089461209995
36030,73789440,1.645202398300171,,,0.00013644671315962345,5109.804490154999
36040,73809920,1.9313312768936157,,,0.00013637904016052264,5111.053744633
36050,73830400,2.039858818054199,,,0.00013631137469101898,5112.358961831
36060,73850880,1.791579008102417,,,0.00013624371676891395,5113.4975592969995
36070,73871360,2.0233874320983887,,,0.00013617606641200698,5114.687045349
36080,73891840,1.6508843898773193,,,0.00013610842363809552,5116.082206024
36090,73912320,1.8876094818115234,,,0.00013604078846497498,5117.5075576869995
36100,73932800,1.6769602298736572,1.7778641402721405,5.917204593146606,0.0001359731609104389,5119.822864264999
36110,73953280,1.8581209182739258,,,0.00013590554099227856,5120.959528566
36120,73973760,1.7979505062103271,,,0.00013583792872828358,5122.12774894
36130,73994240,2.0210111141204834,,,0.0001357703241362413,5123.4827791
36140,74014720,1.8896338939666748,,,0.00013570272723393713,5124.945767583
36150,74035200,2.0472748279571533,,,0.00013563513803915443,5126.129408999
36160,74055680,1.7514128684997559,,,0.00013556755656967458,5127.414705073999
36170,74076160,1.9272342920303345,,,0.00013549998284327692,5128.584727697999
36180,74096640,1.7019908428192139,,,0.00013543241687773866,5129.739858563
36190,74117120,1.762466549873352,,,0.0001353648586908351,5130.901426775
36200,74137600,1.6872012615203857,1.7776619970798493,5.916008591406585,0.00013529730830033946,5133.78098073
36210,74158080,1.7216435670852661,,,0.00013522976572402287,5135.099549455
36220,74178560,2.007139205932617,,,0.00013516223097965433,5136.519984709
36230,74199040,1.6115776300430298,,,0.000135094704085001,5137.843444192
36240,74219520,1.8169363737106323,,,0.00013502718505782778,5139.119539912999
36250,74240000,1.8104876279830933,,,0.00013495967391589754,5140.391906778999
36260,74260480,1.6376920938491821,,,0.00013489217067697115,5141.698968525
36270,74280960,1.8431007862091064,,,0.00013482467535880734,5142.980159952999
36280,74301440,1.7306928634643555,,,0.00013475718797916272,5144.256134824
36290,74321920,1.6087185144424438,,,0.00013468970855579196,5145.380266376
36300,74342400,1.9134005308151245,1.7766896486282349,5.910258965385976,0.0001346222371064474,5147.638736422
36310,74362880,2.004664897918701,,,0.00013455477364887955,5148.810619598999
36320,74383360,1.7633461952209473,,,0.00013448731820083656,5149.954624782999
36330,74403840,1.9953036308288574,,,0.0001344198707800647,5151.166587185
36340,74424320,1.7409021854400635,,,0.00013435243140430796,5152.484325806
36350,74444800,1.8336405754089355,,,0.0001342850000913083,5153.63472776
36360,74465280,1.5812263488769531,,,0.00013421757685880558,5154.918883699
36370,74485760,2.0730879306793213,,,0.00013415016172453744,5156.0134435009995
36380,74506240,1.9305894374847412,,,0.00013408275470623947,5157.221238122999
36390,74526720,1.9234960079193115,,,0.000134015355821645,5158.400894711999
36400,74547200,1.5937306880950928,1.7735164880752563,5.89153448837635,0.0001339479650884855,5160.60077993
36410,74567680,1.7848002910614014,,,0.00013388058252449,5161.702868988999
36420,74588160,1.6175546646118164,,,0.0001338132081473855,5162.959814332
36430,74608640,1.7613518238067627,,,0.00013374584197489681,5164.409023918
36440,74629120,1.9215974807739258,,,0.00013367848402474672,5165.741690964999
36450,74649600,1.735506534576416,,,0.0001336111343146556,5167.208548902
36460,74670080,1.9357024431228638,,,0.0001335437928623419,5168.378304465
36470,74690560,1.6714253425598145,,,0.0001334764596855218,5169.549271612
36480,74711040,2.044707775115967,,,0.00013340913480190927,5170.739836000999
36490,74731520,1.6476435661315918,,,0.00013334181822921605,5171.865120044
36500,74752000,1.5280203819274902,1.775754737854004,5.904735982751012,0.00013327450998515197,5173.758002424
36510,74772480,2.052713394165039,,,0.0001332072100874243,5176.421651701
36520,74792960,1.805680274963379,,,0.00013313991855373836,5177.7112495129995
36530,74813440,2.2714624404907227,,,0.00013307263540179715,5179.174994679
36540,74833920,1.7485623359680176,,,0.00013300536064930158,5180.383675655
36550,74854400,1.8078632354736328,,,0.00013293809431395018,5181.640300315999
36560,74874880,1.894303798675537,,,0.00013287083641343945,5182.885375669
36570,74895360,1.8411402702331543,,,0.00013280358696546362,5184.082501325999
36580,74915840,1.8557159900665283,,,0.00013273634598771455,5185.266273011
36590,74936320,2.1186976432800293,,,0.00013266911349788202,5186.660366403
36600,74956800,1.8410019874572754,1.7737994492053986,5.89320179951445,0.00013260188951365358,5188.556390707
36610,74977280,1.9075343608856201,,,0.0001325346740527145,5189.880780742999
36620,74997760,1.9815642833709717,,,0.00013246746713274776,5191.147205169
36630,75018240,1.875004768371582,,,0.00013240026877143425,5192.599191877
36640,75038720,1.8444538116455078,,,0.00013233307898645238,5193.7682907749995
36650,75059200,1.7790729999542236,,,0.0001322658977954785,5195.1192393169995
36660,75079680,1.6423735618591309,,,0.0001321987252161866,5196.508628201
36670,75100160,1.8959418535232544,,,0.00013213156126624844,5197.737999622999
36680,75120640,1.7422714233398438,,,0.00013206440596333352,5198.974782734
36690,75141120,1.5818274021148682,,,0.00013199725932510898,5200.284365128
36700,75161600,1.7963626384735107,1.7741212010383607,5.895098253072803,0.00013193012136923982,5202.338344332
36710,75182080,1.7697341442108154,,,0.00013186299211338868,5203.568512882
36720,75202560,1.7607314586639404,,,0.00013179587157521582,5204.7878698879995
36730,75223040,1.7818422317504883,,,0.00013172875977237943,5206.054331056
36740,75243520,1.858823537826538,,,0.00013166165672253517,5207.265471713
36750,75264000,1.8478131294250488,,,0.00013159456244333658,5208.465617215
36760,75284480,1.6151983737945557,,,0.0001315274769524347,5209.642257107
36770,75304960,1.7768335342407227,,,0.00013146040026747844,5210.757165045
36780,75325440,1.8562074899673462,,,0.0001313933324061144,5211.948820289999
36790,75345920,1.8842086791992188,,,0.00013132627338598661,5213.1412422349995
36800,75366400,1.84621262550354,1.773159885406494,5.889433926010023,0.00013125922322473711,5215.398075982
36810,75386880,1.7358777523040771,,,0.00013119218194000533,5216.823216242
36820,75407360,1.6557533740997314,,,0.00013112514954942856,5218.147820114999
36830,75427840,1.6815159320831299,,,0.0001310581260706416,5219.225176964
36840,75448320,1.7789182662963867,,,0.000130991111521277,5220.283703268
36850,75468800,1.7286672592163086,,,0.00013092410591896496,5221.427022063
36860,75489280,1.889371633529663,,,0.0001308571092813333,5222.72033061
36870,75509760,1.6615896224975586,,,0.00013079012162600743,5223.95963597
36880,75530240,1.909893274307251,,,0.00013072314297061052,5225.188488907
36890,75550720,1.5555765628814697,,,0.00013065617333276323,5226.395170473
36900,75571200,1.8027340173721313,1.7703805327415467,5.873087838426301,0.000130589212730084,5228.655150416
36910,75591680,1.5669095516204834,,,0.00013052226118018877,5229.886038066
36920,75612160,1.9240115880966187,,,0.0001304553187006912,5231.154989621999
36930,75632640,1.9254827499389648,,,0.00013038838530920235,5232.499078391
36940,75653120,2.0938854217529297,,,0.00013032146102333125,5233.727788462
36950,75673600,1.781071662902832,,,0.00013025454586068419,5234.828593501
36960,75694080,1.8037933111190796,,,0.00013018763983886522,5236.020244491
36970,75714560,1.9130183458328247,,,0.000130120742975476,5237.417688932
36980,75735040,1.8255605697631836,,,0.00013005385528811576,5238.6443480709995
36990,75755520,2.020914077758789,,,0.00012998697679438126,5239.808593125
37000,75776000,1.6753833293914795,1.7714290261268615,5.8792489615602594,0.00012992010751186684,5241.920220233
37010,75796480,1.8738778829574585,,,0.0001298532474581646,5244.585920185
37020,75816960,2.0145835876464844,,,0.0001297863966508639,5245.813235330999
37030,75837440,2.0141773223876953,,,0.00012971955510755198,5247.1412566399995
37040,75857920,1.7383774518966675,,,0.0001296527228458134,5248.369378189999
37050,75878400,1.8781158924102783,,,0.0001295858998832305,5249.607336335999
37060,75898880,1.767129898071289,,,0.00012951908623738288,5250.810072091
37070,75919360,1.7174248695373535,,,0.00012945228192584804,5251.987270756999
37080,75939840,1.8122460842132568,,,0.00012938548696620074,5253.247024056999
37090,75960320,1.7668025493621826,,,0.00012931870137601346,5254.497437728
37100,75980800,2.001192092895508,1.773542982339859,5.891690582317788,0.000129251925172856,5256.316615281
37110,76001280,1.578960657119751,,,0.00012918515837429602,5257.402702261999
37120,76021760,1.8335106372833252,,,0.00012911840099789839,5258.646887874
37130,76042240,1.7650882005691528,,,0.00012905165306122568,5259.740348971
37140,76062720,1.8929065465927124,,,0.00012898491458183787,5260.895707455
37150,76083200,1.8479862213134766,,,0.0001289181855772926,5262.006914088
37160,76103680,1.7892940044403076,,,0.00012885146606514487,5263.187999149
37170,76124160,2.099308490753174,,,0.0001287847560629472,5264.257267483
37180,76144640,1.6173646450042725,,,0.0001287180555882497,5265.474652528
37190,76165120,1.8146326541900635,,,0.00012865136465859995,5266.580620442
37200,76185600,2.029323101043701,1.7700030744075774,5.870871410806407,0.0001285846832915429,5268.9941978589995
37210,76206080,1.7072622776031494,,,0.0001285180115046211,5270.126014586
37220,76226560,1.5473850965499878,,,0.00012845134931537463,5271.341676171
37230,76247040,1.5024226903915405,,,0.00012838469674134086,5272.482022657
37240,76267520,1.950834035873413,,,0.00012831805380005484,5273.717278630999
37250,76288000,1.7632668018341064,,,0.00012825142050904888,5274.9550731419995
37260,76308480,1.840029239654541,,,0.00012818479688585295,5276.1406966389995
37270,76328960,1.9505488872528076,,,0.00012811818294799427,5277.352635943
37280,76349440,2.2978501319885254,,,0.00012805157871299775,5278.932689505999
37290,76369920,1.6377733945846558,,,0.00012798498419838554,5280.165788431999
37300,76390400,1.814805507659912,1.7690617144107819,5.865347407759617,0.0001279183994216773,5282.302330072
37310,76410880,1.7128143310546875,,,0.0001278518244003902,5283.806677631999
37320,76431360,1.6322485208511353,,,0.00012778525915203877,5285.343714887
37330,76451840,1.7418134212493896,,,0.00012771870369413497,5286.522902006
37340,76472320,1.9097819328308105,,,0.00012765215804418821,5287.942059464999
37350,76492800,1.8574678897857666,,,0.00012758562221970528,5289.280238570999
37360,76513280,1.743988037109375,,,0.00012751909623819047,5290.689296795
37370,76533760,1.6457101106643677,,,0.0001274525801171453,5291.902618831
37380,76554240,1.7879618406295776,,,0.000127386073874069,5293.153306179
37390,76574720,1.941352128982544,,,0.00012731957752645787,5294.45382299
37400,76595200,1.8634086847305298,1.7685758888721466,5.862498564272453,0.00012725309109180586,5297.211548222
37410,76615680,1.9467288255691528,,,0.00012718661458760414,5298.471953865
37420,76636160,1.749269962310791,,,0.00012712014803134132,5299.88488008
37430,76656640,1.7615394592285156,,,0.00012705369144050356,5301.226525247999
37440,76677120,2.0225095748901367,,,0.00012698724483257404,5302.552052855
37450,76697600,1.6644831895828247,,,0.00012692080822503368,5304.0083716359995
37460,76718080,1.8476473093032837,,,0.00012685438163536052,5305.316160599999
37470,76738560,1.8387911319732666,,,0.00012678796508103012,5306.834925980999
37480,76759040,1.7408939599990845,,,0.0001267215585795153,5308.112468736999
37490,76779520,1.678762435913086,,,0.0001266551621482863,5309.681917624
37500,76800000,1.8716120719909668,1.7662405252456665,5.848823472736083,0.00012658877580481063,5311.9725499139995
37510,76820480,1.636159896850586,,,0.00012652239956655322,5314.4954338279995
37520,76840960,1.819929838180542,,,0.00012645603345097633,5315.642647713
37530,76861440,1.7002332210540771,,,0.00012638967747553956,5316.953088265999
37540,76881920,1.834916353225708,,,0.00012632333165769977,5318.231660459999
37550,76902400,1.6043950319290161,,,0.0001262569960149113,5319.481735703
37560,76922880,1.7721893787384033,,,0.00012619067056462567,5320.652048907999
37570,76943360,1.62935209274292,,,0.00012612435532429175,5322.133355534999
37580,76963840,1.748399019241333,,,0.0001260580503113557,5323.660411854999
37590,76984320,1.6408178806304932,,,0.0001259917555432612,5324.934853188
37600,77004800,1.617372751235962,1.768243247270584,5.860548777668924,0.00012592547103744888,5326.722639219
37610,77025280,1.8813464641571045,,,0.00012585919681135695,5328.095440165
37620,77045760,1.910348653793335,,,0.00012579293288242078,5329.351290643
37630,77066240,1.6702899932861328,,,0.00012572667926807315,5330.55500265
37640,77086720,1.7977956533432007,,,0.0001256604359857439,5331.876324524
37650,77107200,1.6186625957489014,,,0.0001255942030528605,5333.121091512
37660,77127680,1.8436708450317383,,,0.00012552798048684737,5334.238953880999
37670,77148160,1.708630084991455,,,0.00012546176830512633,5335.4137712229995
37680,77168640,1.48555588722229,,,0.00012539556652511652,5336.581803974999
37690,77189120,1.7392958402633667,,,0.00012532937516423424,5337.754912642
37700,77209600,1.808741807937622,1.7652392029762267,5.842969846714949,0.00012526319423989318,5340.118851929999
37710,77230080,1.687474250793457,,,0.0001251970237695041,5341.317681551999
37720,77250560,1.8264628648757935,,,0.00012513086377047522,5342.535556108
37730,77271040,1.6283890008926392,,,0.00012506471426021186,5343.807893847
37740,77291520,1.7646892070770264,,,0.00012499857525611658,5344.9429335429995
37750,77312000,1.5122311115264893,,,0.00012493244677558925,5346.248343466999
37760,77332480,2.033388614654541,,,0.000124866328836027,5347.381891816
37770,77352960,1.5361814498901367,,,0.000124800221454824,5348.480785303
37780,77373440,1.8972632884979248,,,0.0001247341246493719,5349.566326395
37790,77393920,1.7349783182144165,,,0.00012466803843705931,5350.806757118
37800,77414400,1.8818832635879517,1.7679609179496765,5.858894406462118,0.00012460196283527232,5352.598723476
37810,77434880,1.9426822662353516,,,0.00012453589786139393,5353.725621244
37820,77455360,1.8682811260223389,,,0.00012446984353280469,5355.085770686999
37830,77475840,1.9492347240447998,,,0.00012440379986688197,5356.318304957
37840,77496320,1.530884861946106,,,0.00012433776688100065,5357.421370524
37850,77516800,1.6845455169677734,,,0.0001242717445925326,5358.937294798
37860,77537280,1.7142199277877808,,,0.00012420573301884702,5360.093567069
37870,77557760,1.7907006740570068,,,0.00012413973217731018,5361.369555574999
37880,77578240,1.785149335861206,,,0.00012407374208528557,5362.574362746
37890,77598720,1.8232563734054565,,,0.00012400776276013392,5363.764416244
37900,77619200,1.8761155605316162,1.7633351802825927,5.831855284076135,0.00012394179421921296,5365.963398966999
37910,77639680,1.77498197555542,,,0.00012387583647987776,5367.212852355
37920,77660160,1.634026050567627,,,0.0001238098895594804,5368.5293276229995
37930,77680640,1.8615810871124268,,,0.00012374395347537027,5369.942504363999
37940,77701120,1.6251031160354614,,,0.00012367802824489376,5371.060846994
37950,77721600,1.6874228715896606,,,0.00012361211388539446,5372.395023999
37960,77742080,1.9395172595977783,,,0.00012354621041421314,5373.580800246999
37970,77762560,2.205002784729004,,,0.00012348031784868772,5374.769813471999
37980,77783040,1.7182456254959106,,,0.0001234144362061531,5376.21842547
37990,77803520,1.4997177124023438,,,0.00012334856550394148,5377.627054099999
38000,77824000,1.8028820753097534,1.7614244222640991,5.820722659092716,0.0001232827057593821,5379.972318732
38010,77844480,1.6651860475540161,,,0.00012321685698980133,5382.238252763
38020,77864960,2.1863012313842773,,,0.00012315101921252263,5383.565703056999
38030,77885440,1.863240361213684,,,0.00012308519244486665,5385.1260144729995
38040,77905920,1.991384744644165,,,0.000123019376704151,5386.4566219319995
38050,77926400,2.0319061279296875,,,0.00012295357200769054,5387.883935158
38060,77946880,1.6534961462020874,,,0.00012288777837279714,5389.23343959
38070,77967360,1.7554094791412354,,,0.0001228219958167798,5390.3411801249995
38080,77987840,1.928196907043457,,,0.0001227562243569445,5391.523713701
38090,78008320,1.7642621994018555,,,0.00012269046401059447,5392.753361788999
38100,78028800,1.4455519914627075,1.7620562672615052,5.824401615728931,0.00012262471479502994,5394.6079455359995
38110,78049280,1.706966757774353,,,0.0001225589767275481,5396.002689528
38120,78069760,2.0146729946136475,,,0.00012249324982544345,5397.41677395
38130,78090240,2.113992214202881,,,0.0001224275341060073,5398.619222818999
38140,78110720,1.699824333190918,,,0.0001223618295865282,5399.842729072
38150,78131200,1.72355055809021,,,0.00012229613628429156,5401.063063404999
38160,78151680,2.076582908630371,,,0.00012223045421658015,5402.389363132999
38170,78172160,1.7366312742233276,,,0.00012216478340067348,5403.530721423999
38180,78192640,1.9417344331741333,,,0.00012209912385384826,5404.703084131
38190,78213120,1.6106383800506592,,,0.0001220334755933781,5405.841341378
38200,78233600,1.8635045289993286,1.7621925532817841,5.825195454338968,0.00012196783863653388,5407.588123322
38210,78254080,1.6118100881576538,,,0.00012190221300058325,5408.756593415999
38220,78274560,2.1338067054748535,,,0.00012183659870279104,5409.946140747999
38230,78295040,1.5091488361358643,,,0.00012177099576041901,5411.056598806999
38240,78315520,1.9833648204803467,,,0.00012170540419072603,5412.251989744999
38250,78336000,1.637579321861267,,,0.00012163982401096784,5413.665313480999
38260,78356480,1.8503057956695557,,,0.00012157425523839734,5414.913766279
38270,78376960,1.6916005611419678,,,0.00012150869789026431,5416.216910980999
38280,78397440,1.9826509952545166,,,0.00012144315198381558,5417.533282126
38290,78417920,1.8566455841064453,,,0.00012137761753629491,5418.835853084999
38300,78438400,1.8513671159744263,1.7601473867893218,5.813294134022784,0.00012131209456494315,5421.235097418
38310,78458880,1.768984079360962,,,0.00012124658308699808,5422.446413481
38320,78479360,2.026479721069336,,,0.00012118108311969437,5423.718435353
38330,78499840,2.1578845977783203,,,0.00012111559468026385,5424.9036877339995
38340,78520320,1.919909954071045,,,0.00012105011778593511,5426.105702145999
38350,78540800,1.6460314989089966,,,0.00012098465245393386,5427.3033703109995
38360,78561280,1.9213528633117676,,,0.00012091919870148265,5428.511849846
38370,78581760,2.062441349029541,,,0.00012085375654580112,5429.612249493
38380,78602240,2.1165623664855957,,,0.0001207883260041057,5430.980915763999
38390,78622720,1.7098548412322998,,,0.0001207229070936099,5432.126796127
38400,78643200,1.563246250152588,1.7597927927970887,5.811233140277371,0.0001206574998315241,5434.454303744999
38410,78663680,1.7054731845855713,,,0.00012059210423505566,5436.071019419
38420,78684160,1.7928755283355713,,,0.00012052672032140875,5437.201445440999
38430,78704640,1.9077328443527222,,,0.00012046134810778469,5438.5721838869995
38440,78725120,1.7840949296951294,,,0.00012039598761138151,5439.715840655999
38450,78745600,2.0809009075164795,,,0.00012033063884939425,5440.937005442999
38460,78766080,1.9251999855041504,,,0.00012026530183901482,5442.072821139999
38470,78786560,1.7420740127563477,,,0.00012019997659743215,5443.278450653999
38480,78807040,1.7295982837677002,,,0.0001201346631418319,5444.833241957999
38490,78827520,1.8957428932189941,,,0.0001200693614893968,5445.929327475
38500,78848000,1.6818928718566895,1.7608114957809449,5.81715607716178,0.00012000407165730633,5447.7431876129995
38510,78868480,1.666419506072998,,,0.000119938793662737,5450.0516769139995
38520,78888960,1.6349583864212036,,,0.00011987352752286211,5451.335537321
38530,78909440,1.625166893005371,,,0.0001198082732548518,5452.55168614
38540,78929920,1.6761455535888672,,,0.00011974303087587325,5453.834005516999
38550,78950400,1.6628718376159668,,,0.00011967780040309036,5455.259453539999
38560,78970880,1.783402442932129,,,0.00011961258185366394,5456.4696507809995
38570,78991360,1.8125348091125488,,,0.0001195473752447517,5457.65367178
38580,79011840,1.9084289073944092,,,0.00011948218059350821,5458.845711663
38590,79032320,1.8189313411712646,,,0.00011941699791708479,5459.99933422
38600,79052800,2.102872371673584,1.7578334391117096,5.799858026781798,0.00011935182723262977,5462.42620516
38610,79073280,1.8114514350891113,,,0.00011928666855728818,5463.7000039859995
38620,79093760,1.6394894123077393,,,0.00011922152190820202,5465.022012312999
38630,79114240,1.7637615203857422,,,0.00011915638730250992,5466.300407809999
38640,79134720,1.8485832214355469,,,0.00011909126475734768,5467.567809699
38650,79155200,1.945148229598999,,,0.00011902615428984759,5468.840109692999
38660,79175680,1.6183029413223267,,,0.00011896105591713894,5470.0233943739995
38670,79196160,1.8181108236312866,,,0.00011889596965634778,5471.313006433
38680,79216640,1.7311325073242188,,,0.00011883089552459702,5472.63504731
38690,79237120,1.7459194660186768,,,0.00011876583353900634,5474.013460585
38700,79257600,1.7257742881774902,1.7582263886928557,5.802137526399006,0.00011870078371669225,5475.972494576999
38710,79278080,1.7362715005874634,,,0.00011863574607476801,5477.501250488999
38720,79298560,1.789966344833374,,,0.00011857072063034375,5478.767261837
38730,79319040,2.0426974296569824,,,0.0001185057074005263,5479.986950514
38740,79339520,1.8206455707550049,,,0.00011844070640241939,5481.449423818
38750,79360000,1.752028465270996,,,0.00011837571765312347,5482.666311739
38760,79380480,1.781909465789795,,,0.00011831074116973569,5483.851336831
38770,79400960,1.6751905679702759,,,0.00011824577696935018,5485.06957744
38780,79421440,1.5577958822250366,,,0.00011818082506905757,5486.5373606719995
38790,79441920,1.9060752391815186,,,0.00011811588548594553,5487.870640120999
38800,79462400,1.7480626106262207,1.756789004802704,5.793803618337582,0.00011805095823709821,5490.294219302999
38810,79482880,1.7396478652954102,,,0.00011798604333959681,5491.492267003
38820,79503360,1.81217622756958,,,0.00011792114081051902,5492.587824681999
38830,79523840,1.7568590641021729,,,0.00011785625066693941,5494.263153862999
38840,79544320,1.6305683851242065,,,0.00011779137292592931,5495.727456189
38850,79564800,1.6100478172302246,,,0.00011772650760455674,5496.970429282
38860,79585280,1.8621478080749512,,,0.00011766165471988638,5498.348907043
38870,79605760,1.809005856513977,,,0.0001175968142889798,5499.621510156
38880,79626240,1.5325462818145752,,,0.00011753198632889516,5500.953934018
38890,79646720,1.6048424243927002,,,0.00011746717085668745,5502.496206274
38900,79667200,1.8498990535736084,1.7579129993915559,5.800319483466045,0.0001174023678894082,5504.77344147
38910,79687680,1.7951661348342896,,,0.0001173375774441059,5506.042429554
38920,79708160,1.5563790798187256,,,0.00011727279953782553,5507.546719913999
38930,79728640,1.752556324005127,,,0.00011720803418760886,5509.362837776
38940,79749120,1.9092178344726562,,,0.00011714328141049431,5510.731148739999
38950,79769600,1.766198992729187,,,0.0001170785412235171,5512.317220704
38960,79790080,2.225839138031006,,,0.00011701381364370907,5513.770158058
38970,79810560,1.7740907669067383,,,0.00011694909868809865,5515.44205746
38980,79831040,1.9742131233215332,,,0.00011688439637371114,5516.738747832
38990,79851520,1.727435827255249,,,0.00011681970671756837,5517.943645052
39000,79872000,1.7794009447097778,1.7562500059604644,5.790681606351142,0.00011675502973668886,5520.317897975
39010,79892480,1.906879186630249,,,0.00011669036544808786,5522.804338241999
39020,79912960,1.8713053464889526,,,0.00011662571386877726,5523.9384915539995
39030,79933440,1.753166675567627,,,0.0001165610750157655,5525.085820996
39040,79953920,2.0411765575408936,,,0.00011649644890605782,5526.236936130999
39050,79974400,1.8322339057922363,,,0.00011643183555665606,5527.379246641
39060,79994880,1.8177348375320435,,,0.00011636723498455866,5528.553885922999
39070,80015360,1.4949066638946533,,,0.00011630264720676069,5529.740450185
39080,80035840,1.6800472736358643,,,0.00011623807224025399,5530.918228082
39090,80056320,1.812522292137146,,,0.00011617351010202684,5532.246153098
39100,80076800,2.236239433288574,1.7556034326553345,5.786938716362738,0.00011610896080906429,5534.878157620999
39110,80097280,1.8180220127105713,,,0.00011604442437834788,5536.185251716
39120,80117760,1.9226270914077759,,,0.00011597990082685598,5537.650407128999
39130,80138240,1.6506245136260986,,,0.0001159153901715633,5538.873100696
39140,80158720,1.5912039279937744,,,0.00011585089242944136,5540.0959660379995
39150,80179200,1.642252802848816,,,0.00011578640761745821,5541.355600193
39160,80199680,1.5318686962127686,,,0.00011572193575257849,5542.481433409999
39170,80220160,1.8289313316345215,,,0.00011565747685176345,5543.720244403
39180,80240640,1.5499365329742432,,,0.00011559303093197094,5544.906204731
39190,80261120,1.8681259155273438,,,0.0001155285980101554,5546.338186081
39200,80281600,1.8073821067810059,1.754976624250412,5.783312551110702,0.00011546417810326775,5548.5885085009995
39210,80302080,2.0291595458984375,,,0.00011539977122825564,5549.773284006999
39220,80322560,1.9777852296829224,,,0.00011533537740206318,5551.022152674999
39230,80343040,1.6991091966629028,,,0.00011527099664163117,5552.320937545
39240,80363520,1.5973718166351318,,,0.00011520662896389673,5553.650258193
39250,80384000,2.0107359886169434,,,0.0001151422743857939,5554.985423067
39260,80404480,1.9294543266296387,,,0.0001150779329242529,5556.160515928
39270,80424960,1.946141242980957,,,0.00011501360459620073,5557.660837070999
39280,80445440,1.9498356580734253,,,0.00011494928941856091,5558.9464083289995
39290,80465920,1.6400747299194336,,,0.00011488498740825345,5560.173210495999
39300,80486400,1.9126720428466797,1.7561020135879517,5.789824693051632,0.00011482069858219487,5561.946926881
39310,80506880,2.0233588218688965,,,0.00011475642295729829,5563.1908481949995
39320,80527360,1.776719570159912,,,0.00011469216055047334,5564.421606045
39330,80547840,1.7576770782470703,,,0.0001146279113786262,5565.821617594
39340,80568320,1.8326104879379272,,,0.0001145636754586594,5567.205770590999
39350,80588800,1.7770416736602783,,,0.00011449945280747228,5568.525738593999
39360,80609280,1.8098268508911133,,,0.00011443524344196041,5569.780562954999
39370,80629760,1.655279278755188,,,0.00011437104737901604,5571.032030787999
39380,80650240,2.3070149421691895,,,0.00011430686463552778,5572.2599403799995
39390,80670720,1.97256338596344,,,0.00011424269522838091,5573.440141018999
39400,80691200,1.5303329229354858,1.756253868341446,5.790703972212841,0.00011417853917445709,5575.466471205999
39410,80711680,2.016751527786255,,,0.00011411439649063439,5576.795422984
39420,80732160,1.7056102752685547,,,0.00011405026719378758,5578.136501712
39430,80752640,1.8864703178405762,,,0.00011398615130078771,5579.399105621
39440,80773120,1.7536334991455078,,,0.0001139220488285024,5580.730735849999
39450,80793600,1.7596311569213867,,,0.00011385795979379573,5581.937293841999
39460,80814080,1.7314505577087402,,,0.00011379388421352823,5583.279355023
39470,80834560,1.7954275608062744,,,0.00011372982210455684,5584.670265723
39480,80855040,1.6918668746948242,,,0.00011366577348373507,5585.959322438
39490,80875520,2.0225250720977783,,,0.00011360173836791278,5587.335935775
39500,80896000,1.7868013381958008,1.7542280375957489,5.7789848605429945,0.00011353771677393638,5589.712966245999
39510,80916480,1.8195688724517822,,,0.00011347370871864856,5592.237728008
39520,80936960,1.8676960468292236,,,0.00011340971421888866,5593.6200896109995
39530,80957440,1.825376272201538,,,0.00011334573329149224,5595.047687683999
39540,80977920,1.7330683469772339,,,0.0001132817659532915,5596.501116892
39550,80998400,1.6396245956420898,,,0.00011321781222111481,5597.835543515999
39560,81018880,1.6438753604888916,,,0.00011315387211178728,5599.232507414999
39570,81039360,1.7170031070709229,,,0.00011308994564213011,5600.449739058
39580,81059840,1.781850814819336,,,0.00011302603282896116,5601.728616335
39590,81080320,1.71728515625,,,0.00011296213368909454,5603.012857822
39600,81100800,1.7544267177581787,1.7530455768108368,5.772155476104189,0.00011289824823934088,5605.478310529
39610,81121280,1.8859206438064575,,,0.00011283437649650712,5606.693096368
39620,81141760,1.6605197191238403,,,0.00011277051847739663,5608.0520242249995
39630,81162240,1.8840116262435913,,,0.00011270667419880921,5609.291763292999
39640,81182720,1.6543152332305908,,,0.00011264284367754093,5610.550217503
39650,81203200,1.6917256116867065,,,0.00011257902693038436,5611.780413105
39660,81223680,1.7699103355407715,,,0.00011251522397412836,5612.951064276999
39670,81244160,1.6925098896026611,,,0.00011245143482555828,5614.197963885999
39680,81264640,1.721156120300293,,,0.00011238765950145565,5615.375078501
39690,81285120,2.231534242630005,,,0.00011232389801859857,5616.556667084999
39700,81305600,1.795175313949585,1.7511609315872192,5.761287255443141,0.00011226015039376133,5618.871735481999
39710,81326080,1.8703147172927856,,,0.0001121964166437147,5619.990379966
39720,81346560,1.7442235946655273,,,0.00011213269678522564,5621.250965091
39730,81367040,1.6596927642822266,,,0.00011206899083505772,5622.516729948
39740,81387520,1.7931915521621704,,,0.00011200529880997056,5623.618121361999
39750,81408000,1.8824589252471924,,,0.0001119416207267203,5625.020527975
39760,81428480,2.0133583545684814,,,0.00011187795660205935,5626.260708272
39770,81448960,1.7320034503936768,,,0.00011181430645273649,5627.375846473
39780,81469440,1.7792768478393555,,,0.0001117506702954967,5628.595652991
39790,81489920,1.7475851774215698,,,0.00011168704814708147,5629.770082143
39800,81510400,1.64383864402771,1.7513627707958221,5.762450226465941,0.00011162344002422844,5631.630587592
39810,81530880,1.7387032508850098,,,0.00011155984594367167,5632.790164039
39820,81551360,1.7693270444869995,,,0.00011149626592214141,5634.065116297999
39830,81571840,1.7030389308929443,,,0.00011143269997636433,5635.409346593
39840,81592320,1.7513368129730225,,,0.00011136914812306341,5636.536033539999
39850,81612800,2.11375093460083,,,0.00011130561037895771,5637.756266222
39860,81633280,1.9169554710388184,,,0.0001112420867607629,5638.919387715
39870,81653760,1.5726022720336914,,,0.00011117857728519062,5640.046996747
39880,81674240,1.7320687770843506,,,0.00011111508196894901,5641.209755154
39890,81694720,1.6820250749588013,,,0.00011105160082874235,5642.461367919999
39900,81715200,1.6827516555786133,1.7535232663154603,5.774913432865234,0.00011098813388127133,5644.346659172
39910,81735680,1.7465567588806152,,,0.00011092468114323276,5645.651721906
39920,81756160,1.97316575050354,,,0.00011086124263131979,5646.836342819
39930,81776640,1.4589388370513916,,,0.0001107978183622218,5648.056255179999
39940,81797120,1.7901338338851929,,,0.00011073440835262449,5649.378895387
39950,81817600,1.908257007598877,,,0.00011067101261920964,5650.666438384
39960,81838080,1.9444444179534912,,,0.00011060763117865553,5651.854458297
39970,81858560,1.853203296661377,,,0.00011054426404763645,5653.025364065999
39980,81879040,1.6475938558578491,,,0.00011048091124282306,5654.124082327
39990,81899520,1.773637056350708,,,0.00011041757278088213,5655.379461705999
40000,81920000,1.62735116481781,1.7538395881652833,5.776740453112864,0.00011035424867847683,5657.318026575999
40010,81940480,1.7049334049224854,,,0.00011029093895226639,5659.866898657
40020,81960960,1.9535531997680664,,,0.00011022764361890634,5661.171272072999
40030,81981440,1.8906126022338867,,,0.00011016436269504839,5662.304761331
40040,82001920,1.8297364711761475,,,0.0001101010961973405,5663.5792119239995
40050,82022400,1.7481272220611572,,,0.00011003784414242681,5664.75214756
40060,82042880,1.7760443687438965,,,0.00010997460654694761,5665.951211066999
40070,82063360,1.787834882736206,,,0.00010991138342753951,5667.254244817999
40080,82083840,1.7905175685882568,,,0.0001098481748008352,5668.60531871
40090,82104320,1.5939054489135742,,,0.00010978498068346357,5670.019291124
40100,82124800,1.797724962234497,1.7510989785194397,5.7609303370795155,0.00010972180109204975,5672.595955129
40110,82145280,2.359398126602173,,,0.00010965863604321506,5673.731627112999
40120,82165760,1.724348783493042,,,0.00010959548555357683,5675.1205563369995
40130,82186240,1.901634693145752,,,0.00010953234963974879,5676.494722535
40140,82206720,1.58705735206604,,,0.00010946922831834067,5677.804621992999
40150,82227200,1.7980031967163086,,,0.00010940612160595846,5679.174716236
40160,82247680,1.9717025756835938,,,0.00010934302951920417,5680.320951736
40170,82268160,1.640645980834961,,,0.00010927995207467616,5681.575653264
40180,82288640,1.7354354858398438,,,0.00010921688928896878,5682.855305284
40190,82309120,1.8649065494537354,,,0.0001091538411786726,5684.063774024
40200,82329600,1.880720853805542,1.749409693479538,5.751206698955728,0.0001090908077603743,5686.600673454
40210,82350080,1.8291960954666138,,,0.00010902778905065671,5687.834901849999
40220,82370560,1.6060642004013062,,,0.00010896478506609874,5689.071654914999
40230,82391040,1.5947794914245605,,,0.0001089017958232755,5690.278364346
40240,82411520,1.9475102424621582,,,0.00010883882133875819,5691.492496989999
40250,82432000,1.7035903930664062,,,0.00010877586162911409,5692.729991384
40260,82452480,1.8851301670074463,,,0.00010871291671090671,5694.061104349
40270,82472960,1.6091893911361694,,,0.00010864998660069555,5695.209334405
40280,82493440,1.8524048328399658,,,0.00010858707131503619,5696.454834126999
40290,82513920,1.6073188781738281,,,0.00010852417087048044,5697.639129413
40300,82534400,1.6683675050735474,1.7464950561523438,5.734468422087278,0.00010846128528357612,5699.957856133
40310,82554880,1.8551967144012451,,,0.00010839841457086717,5701.097906053999
40320,82575360,1.8152625560760498,,,0.00010833555874889357,5702.366154148999
40330,82595840,1.797042965888977,,,0.00010827271783419148,5703.546502159999
40340,82616320,1.8232650756835938,,,0.0001082098918432931,5704.696591061999
40350,82636800,1.737299919128418,,,0.00010814708079272648,5705.996325534
40360,82657280,1.8329203128814697,,,0.00010808428469901622,5707.358683408999
40370,82677760,1.8670092821121216,,,0.00010802150357868251,5708.540743906
40380,82698240,1.7795789241790771,,,0.00010795873744824186,5709.679383686999
40390,82718720,1.713266372680664,,,0.00010789598632420677,5711.079272989
40400,82739200,1.679488182067871,1.7507251858711244,5.75877734608323,0.0001078332502230858,5712.877322863999
40410,82759680,1.5912234783172607,,,0.00010777052916138353,5714.080362412
40420,82780160,1.63466215133667,,,0.00010770782315560064,5715.234691432
40430,82800640,1.9446649551391602,,,0.0001076451322222338,5716.390575196
40440,82821120,2.027503728866577,,,0.00010758245637777577,5717.5099862629995
40450,82841600,1.8936227560043335,,,0.00010751979563871518,5718.702928996
40460,82862080,1.7958015203475952,,,0.00010745715002153695,5719.926489461
40470,82882560,1.934694766998291,,,0.00010739451954272179,5721.047625397
40480,82903040,1.7833999395370483,,,0.00010733190421874647,5722.221708292
40490,82923520,1.7467293739318848,,,0.00010726930406608402,5723.602030174
40500,82944000,1.7708048820495605,1.7473219990730287,5.739212461407334,0.00010720671910120308,5725.380457245
40510,82964480,1.7222613096237183,,,0.00010714414934056853,5727.788813153
40520,82984960,1.8999459743499756,,,0.00010708159480064128,5729.106487712999
40530,83005440,1.8000502586364746,,,0.0001070190554978781,5730.364004008
40540,83025920,2.0334386825561523,,,0.00010695653144873186,5731.554147379
40550,83046400,1.9369407892227173,,,0.00010689402266965135,5732.835505247
40560,83066880,2.015739917755127,,,0.0001068315291770814,5733.953930093
40570,83087360,1.7695765495300293,,,0.0001067690509874628,5735.070708857999
40580,83107840,1.7038747072219849,,,0.00010670658811723219,5736.258285643
40590,83128320,1.9227222204208374,,,0.00010664414058282245,5737.359321479
40600,83148800,2.19120454788208,1.7493688583374023,5.750971852407753,0.00010658170840066215,5739.28897118
40610,83169280,1.791969895362854,,,0.00010651929158717597,5740.411931103
40620,83189760,1.4588305950164795,,,0.00010645689015878453,5741.502394688
40630,83210240,1.9386719465255737,,,0.00010639450413190435,5742.67969179
40640,83230720,1.7893805503845215,,,0.00010633213352294799,5743.850515556
40650,83251200,1.5772993564605713,,,0.00010626977834832386,5744.983723969
40660,83271680,1.8687536716461182,,,0.00010620743862443637,5746.220118175999
40670,83292160,1.875808596611023,,,0.00010614511436768586,5747.309635095
40680,83312640,1.8203332424163818,,,0.00010608280559446849,5748.485767452
40690,83333120,1.7571728229522705,,,0.00010602051232117652,5749.746511642
40700,83353600,1.7545454502105713,1.7464583218097687,5.734257774028807,0.00010595823456419812,5752.085022755
40710,83374080,1.8249484300613403,,,0.00010589597233991719,5753.236358280999
40720,83394560,1.6801176071166992,,,0.0001058337256647137,5754.416916020999
40730,83415040,2.0168614387512207,,,0.00010577149455496351,5755.745262505
40740,83435520,1.639380693435669,,,0.00010570927902703836,5756.937136105999
40750,83456000,1.5918105840682983,,,0.00010564707909730591,5758.154516238
40760,83476480,1.8238505125045776,,,0.00010558489478212971,5759.421292487999
40770,83496960,1.62977933883667,,,0.00010552272609786918,5760.787107319999
40780,83517440,2.097151756286621,,,0.0001054605730608797,5761.924676873
40790,83537920,1.670468807220459,,,0.00010539843568751235,5763.183360276
40800,83558400,1.8492722511291504,1.7479808390140534,5.742994929690705,0.00010533631399411441,5764.936555177
40810,83578880,1.7552618980407715,,,0.00010527420799702867,5766.270682187
40820,83599360,1.806447982788086,,,0.00010521211771259406,5767.705695377999
40830,83619840,1.7942707538604736,,,0.00010515004315714525,5769.085462231999
40840,83640320,1.4799433946609497,,,0.00010508798434701281,5770.317860788
40850,83660800,1.96321439743042,,,0.00010502594129852318,5771.5320790509995
40860,83681280,1.5570430755615234,,,0.0001049639140279986,5772.844572053
40870,83701760,1.6940820217132568,,,0.00010490190255175721,5774.2241445459995
40880,83722240,1.652050256729126,,,0.00010483990688611304,5775.419459301999
40890,83742720,1.753552794456482,,,0.00010477792704737573,5776.733846479
40900,83763200,1.870046854019165,1.7471050500869751,5.737967480136681,0.00010471596305185113,5778.703536168
40910,83783680,1.986223578453064,,,0.0001046540149158406,5779.885723863999
40920,83804160,1.842388391494751,,,0.00010459208265564138,5781.236401945
40930,83824640,1.811697244644165,,,0.0001045301662875468,5782.303278867
40940,83845120,1.976296305656433,,,0.00010446826582784566,5783.388044042999
40950,83865600,1.624060869216919,,,0.00010440638129282273,5784.601964680999
40960,83886080,2.042356014251709,,,0.00010434451269875861,5785.654507001
40970,83906560,1.743377685546875,,,0.00010428266006192968,5786.711370741999
40980,83927040,1.7760603427886963,,,0.00010422082339860811,5788.016563804999
40990,83947520,1.6734445095062256,,,0.0001041590027250619,5789.383845456
41000,83968000,1.7600655555725098,1.746944010257721,5.7370435132331465,0.00010409719805755479,5791.397121405999
41010,83988480,1.7912051677703857,,,0.00010403540941234643,5793.86048256
41020,84008960,1.8253743648529053,,,0.00010397363680569199,5794.942149406999
41030,84029440,1.8023133277893066,,,0.00010391188025384281,5796.437483752
41040,84049920,1.669684648513794,,,0.00010385013977304563,5797.605267311
41050,84070400,1.989777684211731,,,0.00010378841537954317,5798.869404044
41060,84090880,1.6690762042999268,,,0.00010372670708957391,5800.148923706
41070,84111360,1.6204943656921387,,,0.000103665014919372,5801.294044149
41080,84131840,2.0584208965301514,,,0.00010360333888516745,5802.476806615
41090,84152320,1.9606190919876099,,,0.00010354167900318597,5803.563029188
41100,84172800,1.9389770030975342,1.7472831785678864,5.738989666604994,0.000103480035289649,5805.351814287
41110,84193280,1.8438560962677002,,,0.00010341840776077387,5806.417691809999
41120,84213760,1.5797462463378906,,,0.0001033567964327734,5807.69741456
41130,84234240,1.6369460821151733,,,0.00010329520132185629,5808.981845126999
41140,84254720,1.9042351245880127,,,0.00010323362244422711,5810.194886759
41150,84275200,1.967550277709961,,,0.00010317205981608589,5811.274608875
41160,84295680,1.9624427556991577,,,0.00010311051345362857,5812.329847051999
41170,84316160,1.8586777448654175,,,0.00010304898337304672,5813.430111125
41180,84336640,1.9357106685638428,,,0.00010298746959052771,5814.5772405279995
41190,84357120,1.6047420501708984,,,0.00010292597212225456,5815.689526001
41200,84377600,1.669539451599121,1.7461487352848053,5.73248279985952,0.000102864490984406,5817.826097091999
41210,84398080,1.665833592414856,,,0.00010280302619315646,5818.965182968
41220,84418560,1.5778343677520752,,,0.0001027415777646762,5820.192608402999
41230,84439040,1.7410424947738647,,,0.00010268014571513085,5821.353705123
41240,84459520,1.9432599544525146,,,0.00010261873006068218,5822.555557619
41250,84480000,1.6915110349655151,,,0.00010255733081748726,5823.747057848
41260,84500480,1.6102104187011719,,,0.000102495948001699,5825.007611831999
41270,84520960,1.5645493268966675,,,0.00010243458162946601,5826.3214472459995
41280,84541440,1.880786657333374,,,0.00010237323171693255,5827.672925446
41290,84561920,1.810164451599121,,,0.00010231189828023855,5828.855907321
41300,84582400,1.6131503582000732,1.7429450452327728,5.714147088390955,0.00010225058133551958,5831.294920711
41310,84602880,1.6340789794921875,,,0.00010218928089890691,5832.527872271
41320,84623360,2.0352072715759277,,,0.0001021279969865275,5833.741103355999
41330,84643840,1.9210551977157593,,,0.00010206672961450372,5834.920305885
41340,84664320,1.7429579496383667,,,0.00010200547879895397,5836.219916216
41350,84684800,1.8914896249771118,,,0.00010194424455599209,5837.602562605999
41360,84705280,1.6981453895568848,,,0.00010188302690172743,5838.943199861999
41370,84725760,1.7521846294403076,,,0.00010182182585226533,5840.151986454
41380,84746240,1.7419970035552979,,,0.00010176064142370637,5841.41049365
41390,84766720,1.8473293781280518,,,0.00010169947363214701,5842.640319642
41400,84787200,1.8129401206970215,1.7418164610862732,5.70770183026841,0.00010163832249367927,5844.920875831
41410,84807680,1.8385404348373413,,,0.00010157718802439077,5846.0927135229995
41420,84828160,1.8065288066864014,,,0.00010151607024036475,5847.345980200999
41430,84848640,1.6850826740264893,,,0.00010145496915768009,5848.632684683999
41440,84869120,1.7093563079833984,,,0.00010139388479241121,5850.014101735999
41450,84889600,1.7924926280975342,,,0.00010133281716062826,5851.2417123449995
41460,84910080,1.8978935480117798,,,0.0001012717662783968,5852.559699795
41470,84930560,2.007309913635254,,,0.00010121073216177812,5853.9496992409995
41480,84951040,1.7087092399597168,,,0.00010114971482682908,5855.361512005
41490,84971520,1.9620294570922852,,,0.00010108871428960208,5856.81874678
41500,84992000,1.8273918628692627,1.741440910100937,5.705558699674638,0.00010102773056614517,5859.133738203
41510,85012480,2.0531392097473145,,,0.00010096676367250191,5861.721154897
41520,85032960,1.754692792892456,,,0.00010090581362471149,5863.135381096
41530,85053440,1.5846455097198486,,,0.00010084488043880866,5864.4351983999995
41540,85073920,1.7499990463256836,,,0.00010078396413082357,5865.749370451
41550,85094400,1.5764822959899902,,,0.00010072306471678227,5867.102116424
41560,85114880,1.6811503171920776,,,0.000100662182212706,5868.46862455
41570,85135360,1.5015299320220947,,,0.00010060131663461178,5869.739694430999
41580,85155840,1.937121868133545,,,0.0001005404679985122,5870.985900351
41590,85176320,1.7733209133148193,,,0.0001004796363204152,5872.163467515
41600,85196800,1.7305285930633545,1.7381676733493805,5.6869135868320955,0.00010041882161632437,5874.585204397999
41610,85217280,1.8784863948822021,,,0.00010035802390223888,5875.766062227
41620,85237760,1.8593144416809082,,,0.00010029724319415338,5876.997129253999
41630,85258240,1.9205095767974854,,,0.000100236479508058,5878.396803846
41640,85278720,1.9394537210464478,,,0.0001001757328599385,5879.62857285
41650,85299200,1.8241039514541626,,,0.00010011500326577606,5881.067009584
41660,85319680,1.7134830951690674,,,0.00010005429074154748,5882.3851808869995
41670,85340160,1.680257797241211,,,9.999359530322484e-05,5883.6263244659995
41680,85360640,1.9026038646697998,,,9.993291696677607e-05,5884.765433113
41690,85381120,1.5080257654190063,,,9.987225574816431e-05,5885.932533857999
41700,85401600,1.9571243524551392,1.737582916021347,5.683589094543647,9.981161166334832e-05,5888.146677827
41710,85422080,1.5895307064056396,,,9.975098472828234e-05,5889.313885119
41720,85442560,1.7618733644485474,,,9.96903749589161e-05,5890.449564398
41730,85463040,1.7096240520477295,,,9.96297823711948e-05,5891.609692976
41740,85483520,1.6460535526275635,,,9.956920698105912e-05,5892.987320187
41750,85504000,1.8754276037216187,,,9.950864880444524e-05,5894.173665169
41760,85524480,1.7249153852462769,,,9.944810785728486e-05,5895.439420279
41770,85544960,1.789969801902771,,,9.93875841555049e-05,5896.67882363
41780,85565440,1.9352928400039673,,,9.932707771502806e-05,5897.963285544999
41790,85585920,1.6359596252441406,,,9.926658855177243e-05,5899.352191458
41800,85606400,1.8826960325241089,1.7403063833713532,5.699089261391906,9.920611668165133e-05,5901.188601041
41810,85626880,1.49152672290802,,,9.914566212057377e-05,5902.482203871999
41820,85647360,1.6791975498199463,,,9.908522488444412e-05,5903.7068884069995
41830,85667840,1.7511762380599976,,,9.902480498916217e-05,5905.113814728
41840,85688320,1.9317400455474854,,,9.896440245062321e-05,5906.368809512999
41850,85708800,1.8054759502410889,,,9.89040172847179e-05,5907.716681864999
41860,85729280,1.7366225719451904,,,9.88436495073324e-05,5909.003332243
41870,85749760,1.676447868347168,,,9.878329913434828e-05,5910.2518275659995
41880,85770240,1.6095728874206543,,,9.872296618164234e-05,5911.479340645
41890,85790720,1.8029098510742188,,,9.866265066508718e-05,5912.5482069459995
41900,85811200,1.647496223449707,1.7372811257839202,5.681874101638443,9.860235260055046e-05,5914.996315689
41910,85831680,2.0118041038513184,,,9.85420720038954e-05,5916.106877738
41920,85852160,1.8820114135742188,,,9.848180889098064e-05,5917.285352792999
41930,85872640,1.7360148429870605,,,9.842156327766018e-05,5918.479297768
41940,85893120,1.7822768688201904,,,9.836133517978341e-05,5919.673864296999
41950,85913600,1.637181282043457,,,9.830112461319516e-05,5920.898772805999
41960,85934080,1.7355962991714478,,,9.824093159373558e-05,5922.0052012959995
41970,85954560,1.7456412315368652,,,9.818075613724033e-05,5923.2141387599995
41980,85975040,1.7411068677902222,,,9.812059825954015e-05,5924.42480724
41990,85995520,1.7085446119308472,,,9.806045797646162e-05,5925.521362164999
42000,86016000,2.17985200881958,1.7411082923412322,5.7036612451031266,9.800033530382627e-05,5927.645242259
42010,86036480,1.681549072265625,,,9.794023025745114e-05,5929.8864153899995
42020,86056960,1.6387306451797485,,,9.788014285314883e-05,5931.061224931
42030,86077440,1.8093369007110596,,,9.782007310672697e-05,5932.372591834
42040,86097920,1.685844898223877,,,9.776002103398875e-05,5933.542448055
42050,86118400,1.7228413820266724,,,9.769998665073262e-05,5934.776610464999
42060,86138880,1.93992018699646,,,9.763996997275247e-05,5935.933681326
42070,86159360,1.4305583238601685,,,9.757997101583747e-05,5937.109118584999
42080,86179840,1.9833247661590576,,,9.751998979577212e-05,5938.6042350279995
42090,86200320,1.8666622638702393,,,9.746002632833625e-05,5939.858055828
42100,86220800,1.783372402191162,1.7399753987789155,5.697203262790914,9.740008062930512e-05,5942.001534454
42110,86241280,1.717442274093628,,,9.734015271444905e-05,5943.211743774999
42120,86261760,1.8715488910675049,,,9.728024259953412e-05,5944.384093326999
42130,86282240,2.120450019836426,,,9.722035030032128e-05,5945.546608811
42140,86302720,1.7916277647018433,,,9.716047583256704e-05,5946.691159995999
42150,86323200,1.6019127368927002,,,9.71006192120232e-05,5948.1280231559995
42160,86343680,1.663968563079834,,,9.704078045443677e-05,5949.302590247999
42170,86364160,1.9961479902267456,,,9.698095957555016e-05,5950.437336726
42180,86384640,1.7153284549713135,,,9.692115659110104e-05,5951.679630705999
42190,86405120,1.8141732215881348,,,9.686137151682234e-05,5953.219762123
42200,86425600,1.819864273071289,1.738677090406418,5.689811335633793,9.680160436844239e-05,5955.013511343
42210,86446080,1.5685757398605347,,,9.674185516168455e-05,5956.115897193999
42220,86466560,1.7542144060134888,,,9.668212391226778e-05,5957.255717712
42230,86487040,1.6529247760772705,,,9.662241063590618e-05,5958.662284784
42240,86507520,1.5743744373321533,,,9.656271534830899e-05,5959.981351017
42250,86528000,1.708222508430481,,,9.650303806518091e-05,5961.168265048999
42260,86548480,1.779837727546692,,,9.64433788022218e-05,5962.336884685
42270,86568960,1.579657793045044,,,9.638373757512684e-05,5963.591081699
42280,86589440,1.7671842575073242,,,9.632411439958642e-05,5965.004036683
42290,86609920,1.9636344909667969,,,9.62645092912862e-05,5966.3070087099995
42300,86630400,1.8377957344055176,1.7378353536128999,5.685024027193902,9.620492226590707e-05,5968.153175918999
42310,86650880,1.761876106262207,,,9.614535333912523e-05,5969.357197233
42320,86671360,1.8645708560943604,,,9.608580252661191e-05,5970.545779374
42330,86691840,1.6198723316192627,,,9.602626984403394e-05,5971.713188981
42340,86712320,1.841349720954895,,,9.5966755307053e-05,5972.801500381
42350,86732800,1.8760669231414795,,,9.590725893132621e-05,5974.256920551999
42360,86753280,1.8249037265777588,,,9.58477807325059e-05,5975.4883599429995
42370,86773760,1.831939935684204,,,9.578832072623955e-05,5976.727999553999
42380,86794240,1.7575067281723022,,,9.572887892816991e-05,5977.949579224999
42390,86814720,1.6990076303482056,,,9.566945535393492e-05,5979.136510345
42400,86835200,1.8665119409561157,1.737358993291855,5.6823165522411765,9.56100500191677e-05,5981.02111187
42410,86855680,1.6694657802581787,,,9.555066293949667e-05,5982.137097758
42420,86876160,1.4154802560806274,,,9.549129413054518e-05,5983.465083366999
42430,86896640,1.637973666191101,,,9.543194360793218e-05,5984.646234106
42440,86917120,2.0555450916290283,,,9.537261138727155e-05,5985.738723736999
42450,86937600,1.7352244853973389,,,9.531329748417227e-05,5986.912824149999
42460,86958080,1.843113899230957,,,9.525400191423882e-05,5988.042617014999
42470,86978560,1.660081386566162,,,9.519472469307052e-05,5989.243514712999
42480,86999040,1.8551690578460693,,,9.513546583626208e-05,5990.36550826
42490,87019520,1.784173846244812,,,9.507622535940328e-05,5991.5394440889995
42500,87040000,1.867120385169983,1.7367825150489806,5.679041764392348,9.50170032780791e-05,5993.659017837
42510,87060480,2.021623134613037,,,9.495779960786971e-05,5995.903166370999
42520,87080960,1.725616693496704,,,9.489861436435035e-05,5997.042370431999
42530,87101440,1.94976007938385,,,9.483944756309149e-05,5998.274285916
42540,87121920,1.6187782287597656,,,9.47802992196588e-05,5999.486452471
42550,87142400,2.0035901069641113,,,9.47211693496128e-05,6000.718123227999
42560,87162880,1.7533036470413208,,,9.466205796850963e-05,6001.9463246489995
42570,87183360,1.7727866172790527,,,9.46029650919001e-05,6003.123556154
42580,87203840,1.7293097972869873,,,9.454389073533046e-05,6004.353447847
42590,87224320,1.976628065109253,,,9.448483491434194e-05,6005.536841852
42600,87244800,1.633161187171936,1.7358619809150695,5.673816418024154,9.442579764447093e-05,6007.805645676
42610,87265280,1.9879682064056396,,,9.436677894124897e-05,6008.92386439
42620,87285760,1.5352360010147095,,,9.430777882020268e-05,6010.067766612
42630,87306240,1.9203976392745972,,,9.424879729685379e-05,6011.222343138
42640,87326720,1.4545481204986572,,,9.418983438671922e-05,6012.461410604999
42650,87347200,1.7490586042404175,,,9.413089010531082e-05,6013.532528359
42660,87367680,1.758987545967102,,,9.407196446813563e-05,6014.681262378
42670,87388160,1.6463956832885742,,,9.401305749069596e-05,6015.833913209
42680,87408640,2.091348171234131,,,9.395416918848888e-05,6016.997856371
42690,87429120,1.8440643548965454,,,9.389529957700678e-05,6018.244819373
42700,87449600,1.9864096641540527,1.733552485704422,5.660727885949305,9.383644867173705e-05,6020.467258043
42710,87470080,1.7272242307662964,,,9.37776164881622e-05,6021.850987049999
42720,87490560,1.713931918144226,,,9.371880304175976e-05,6022.936347583999
42730,87511040,2.011284828186035,,,9.366000834800239e-05,6024.136618684
42740,87531520,1.4797885417938232,,,9.360123242235778e-05,6025.211087432
42750,87552000,1.7897213697433472,,,9.354247528028874e-05,6026.609359788
42760,87572480,1.8831205368041992,,,9.348373693725293e-05,6027.824931675
42770,87592960,1.9354991912841797,,,9.342501740870343e-05,6029.07293133
42780,87613440,1.7227460145950317,,,9.3366316710088e-05,6030.230353537
42790,87633920,1.7715955972671509,,,9.330763485684969e-05,6031.4660663859995
42800,87654400,1.8742098808288574,1.7335235357284546,5.660564010385157,9.32489718644265e-05,6033.751004522
42810,87674880,1.7863657474517822,,,9.319032774825147e-05,6034.869928560999
42820,87695360,1.770017385482788,,,9.313170252375266e-05,6035.985939755
42830,87715840,1.8302395343780518,,,9.307309620635324e-05,6037.092176141
42840,87736320,1.638384222984314,,,9.301450881147131e-05,6038.199312866999
42850,87756800,1.7847669124603271,,,9.29559403545201e-05,6039.266939349
42860,87777280,1.6644737720489502,,,9.289739085090764e-05,6040.332396409999
42870,87797760,1.8710553646087646,,,9.283886031603726e-05,6041.534774785
42880,87818240,1.7974573373794556,,,9.278034876530718e-05,6042.7407198539995
42890,87838720,1.7860798835754395,,,9.272185621411044e-05,6043.901206033
42900,87859200,1.9092568159103394,1.7289887726306916,5.634952807855608,9.266338267783547e-05,6046.2586911729995
42910,87879680,1.6589611768722534,,,9.26049281718653e-05,6047.493352716
42920,87900160,2.074183702468872,,,9.254649271157821e-05,6048.726504144
42930,87920640,1.8296616077423096,,,9.248807631234738e-05,6049.900035985
42940,87941120,1.788460373878479,,,9.242967898954098e-05,6051.108747744
42950,87961600,1.4905997514724731,,,9.237130075852216e-05,6052.298071685999
42960,87982080,1.8178465366363525,,,9.23129416346491e-05,6053.554750507999
42970,88002560,2.1103944778442383,,,9.225460163327486e-05,6054.848005798999
42980,88023040,1.8197953701019287,,,9.219628076974752e-05,6056.277560812
42990,88043520,1.762073040008545,,,9.213797905941021e-05,6057.562380459999
43000,88064000,1.5316481590270996,1.730804944038391,5.645196147043228,9.20796965176008e-05,6059.440830533
43010,88084480,1.7342004776000977,,,9.202143315965232e-05,6061.700831036
43020,88104960,1.8538768291473389,,,9.196318900089265e-05,6062.833782035999
43030,88125440,1.9106992483139038,,,9.190496405664472e-05,6063.994181702999
43040,88145920,1.9313775300979614,,,9.184675834222626e-05,6065.109873099999
43050,88166400,1.7691686153411865,,,9.178857187295009e-05,6066.263861936
43060,88186880,1.8887004852294922,,,9.173040466412383e-05,6067.482808434
43070,88207360,1.850753903388977,,,9.167225673105021e-05,6068.685470904
43080,88227840,2.043405532836914,,,9.161412808902664e-05,6069.9076694
43090,88248320,1.681514024734497,,,9.155601875334567e-05,6071.105072048
43100,88268800,1.6753650903701782,1.7304342687129974,5.643103999902128,9.14979287392946e-05,6073.098287571999
43110,88289280,1.8644208908081055,,,9.143985806215589e-05,6074.389810543999
43120,88309760,1.7256014347076416,,,9.138180673720673e-05,6075.8401399389995
43130,88330240,1.5238370895385742,,,9.132377477971917e-05,6077.158129009999
43140,88350720,1.4434642791748047,,,9.12657622049603e-05,6078.515441511
43150,88371200,1.6716760396957397,,,9.120776902819203e-05,6079.8971922929995
43160,88391680,1.763777494430542,,,9.114979526467129e-05,6081.189498487
43170,88412160,1.6140515804290771,,,9.109184092964963e-05,6082.501578327
43180,88432640,2.0057122707366943,,,9.103390603837382e-05,6083.843365455999
43190,88453120,1.9357225894927979,,,9.097599060608531e-05,6085.117190452999
43200,88473600,1.8734630346298218,1.7290677189826966,5.6353976843839675,9.091809464802053e-05,6086.992795497
43210,88494080,1.9600592851638794,,,9.086021817941065e-05,6088.344910797
43220,88514560,1.940563440322876,,,9.080236121548183e-05,6089.682929230999
43230,88535040,2.030013084411621,,,9.074452377145505e-05,6090.968863349
43240,88555520,1.6650762557983398,,,9.068670586254629e-05,6092.256364845
43250,88576000,1.7203423976898193,,,9.062890750396617e-05,6093.482634069999
43260,88596480,1.7839102745056152,,,9.057112871092027e-05,6094.592445653
43270,88616960,1.5711034536361694,,,9.051336949860907e-05,6095.732887693
43280,88637440,1.8438491821289062,,,9.045562988222787e-05,6096.894658769
43290,88657920,1.7854504585266113,,,9.039790987696672e-05,6098.004185359
43300,88678400,1.7121963500976562,1.728649026155472,5.6330386776790125,9.034020949801058e-05,6100.243276331999
43310,88698880,1.785055160522461,,,9.028252876053938e-05,6101.50012273
43320,88719360,1.8282935619354248,,,9.022486767972766e-05,6102.660828761999
43330,88739840,1.6831594705581665,,,9.016722627074499e-05,6103.907464901
43340,88760320,1.4942673444747925,,,9.01096045487555e-05,6105.252657800999
43350,88780800,1.7830029726028442,,,9.005200252891841e-05,6106.312183372
43360,88801280,1.6602990627288818,,,8.999442022638764e-05,6107.653368565
43370,88821760,1.680929183959961,,,8.993685765631191e-05,6108.750102506
43380,88842240,1.7369012832641602,,,8.987931483383478e-05,6109.908830994
43390,88862720,1.7745716571807861,,,8.98217917740946e-05,6111.027222721999
43400,88883200,1.595173954963684,1.7279629170894624,5.629175124334125,8.976428849222454e-05,6113.35695081
43410,88903680,1.798964500427246,,,8.97068050033526e-05,6114.529061659
43420,88924160,1.9641101360321045,,,8.964934132260144e-05,6115.763101703
43430,88944640,2.0964713096618652,,,8.95918974650886e-05,6116.922110013
43440,88965120,1.7802371978759766,,,8.95344734459264e-05,6118.219700119999
43450,88985600,1.7337803840637207,,,8.947706928022206e-05,6119.743720017
43460,89006080,1.6353034973144531,,,8.941968498307733e-05,6121.159513142
43470,89026560,1.578718662261963,,,8.936232056958889e-05,6122.608310297
43480,89047040,1.989789605140686,,,8.930497605484818e-05,6123.9777042489995
43490,89067520,1.9564764499664307,,,8.924765145394142e-05,6125.117813332
43500,89088000,1.635553002357483,1.729486894607544,5.637760400891571,8.919034678194945e-05,6126.874838573
43510,89108480,1.7498643398284912,,,8.913306205394799e-05,6129.222185623999
43520,89128960,1.824812889099121,,,8.90757972850076e-05,6130.4775338439995
43530,89149440,1.64341402053833,,,8.901855249019341e-05,6131.75144972
43540,89169920,1.7803974151611328,,,8.896132768456545e-05,6133.078676951999
43550,89190400,1.7497496604919434,,,8.89041228831783e-05,6134.230617828999
43560,89210880,1.6870232820510864,,,8.884693810108143e-05,6135.390649758
43570,89231360,1.7959641218185425,,,8.878977335331897e-05,6136.587282588999
43580,89251840,1.7500832080841064,,,8.873262865492996e-05,6137.699499105
43590,89272320,1.963184118270874,,,8.867550402094785e-05,6139.008741142
43600,89292800,1.9653897285461426,1.7284677982330323,5.6320179062813684,8.861839946640104e-05,6140.865190289
43610,89313280,1.9406408071517944,,,8.856131500631257e-05,6142.041349794999
43620,89333760,1.5805442333221436,,,8.85042506557003e-05,6143.217985585
43630,89354240,1.923405647277832,,,8.844720642957657e-05,6144.306501069999
43640,89374720,1.6298327445983887,,,8.839018234294859e-05,6145.465989788
43650,89395200,1.8312509059906006,,,8.833317841081834e-05,6146.564021155
43660,89415680,1.5467147827148438,,,8.82761946481824e-05,6147.784506702
43670,89436160,1.8751039505004883,,,8.821923107003194e-05,6148.888120369
43680,89456640,1.7987024784088135,,,8.816228769135301e-05,6150.087092084999
43690,89477120,1.882802963256836,,,8.810536452712623e-05,6151.312215634
43700,89497600,1.718109369277954,1.7251575469970704,5.613405335185387,8.804846159232699e-05,6153.386082943
43710,89518080,1.8081066608428955,,,8.79915789019252e-05,6154.645170278
43720,89538560,1.6239306926727295,,,8.793471647088563e-05,6155.81761895
43730,89559040,1.7107303142547607,,,8.787787431416763e-05,6156.89080553
43740,89579520,1.7054681777954102,,,8.782105244672521e-05,6158.085130592
43750,89600000,1.4991710186004639,,,8.776425088350712e-05,6159.194341009999
43760,89620480,1.6580677032470703,,,8.77074696394566e-05,6160.307257611
43770,89640960,1.673179268836975,,,8.76507087295117e-05,6161.487896694
43780,89661440,1.9459213018417358,,,8.7593968168605e-05,6162.743377145999
43790,89681920,1.8380622863769531,,,8.7537247971664e-05,6163.919905547
43800,89702400,1.7697774171829224,1.7237459361553191,5.605486981486933,8.748054815361043e-05,6166.070441878
43810,89722880,1.8049445152282715,,,8.742386872936093e-05,6167.418017154
43820,89743360,1.4224450588226318,,,8.736720971382675e-05,6168.702496405
43830,89763840,1.8237433433532715,,,8.731057112191376e-05,6169.8884139639995
43840,89784320,1.727039098739624,,,8.725395296852233e-05,6171.047792716
43850,89804800,1.6939417123794556,,,8.719735526854756e-05,6172.502240495
43860,89825280,1.548777461051941,,,8.714077803687926e-05,6173.80720964
43870,89845760,1.5511014461517334,,,8.708422128840176e-05,6175.0029602899995
43880,89866240,1.7861905097961426,,,8.702768503799389e-05,6176.3139727299995
43890,89886720,1.6937291622161865,,,8.697116930052925e-05,6177.411272967999
43900,89907200,1.8101491928100586,1.7232750356197357,5.6028479760684435,8.691467409087602e-05,6179.581813868
43910,89927680,1.594130516052246,,,8.685819942389694e-05,6180.729474602999
43920,89948160,1.6825107336044312,,,8.680174531444926e-05,6181.894736728
43930,89968640,1.7786937952041626,,,8.674531177738505e-05,6182.968212446
43940,89989120,1.6510626077651978,,,8.668889882755078e-05,6184.100085392999
43950,90009600,1.6905295848846436,,,8.663250647978761e-05,6185.399746919999
43960,90030080,1.9023183584213257,,,8.657613474893114e-05,6186.491226219
43970,90050560,1.704291582107544,,,8.651978364981167e-05,6187.580039755
43980,90071040,1.9558192491531372,,,8.6463453197254e-05,6188.707923833
43990,90091520,1.9535419940948486,,,8.640714340607762e-05,6189.792949496
44000,90112000,1.5901916027069092,1.7273880302906037,5.625939915895096,8.635085429109652e-05,6191.558197126
44010,90132480,1.7257717847824097,,,8.629458586711914e-05,6194.420874091
44020,90152960,1.6713316440582275,,,8.623833814894856e-05,6195.498781625999
44030,90173440,1.6730307340621948,,,8.618211115138247e-05,6196.605103346999
44040,90193920,1.5449837446212769,,,8.612590488921313e-05,6197.663167862999
44050,90214400,1.6072402000427246,,,8.606971937722705e-05,6198.880302627999
44060,90234880,1.7843910455703735,,,8.601355463020573e-05,6200.056961077
44070,90255360,1.580711007118225,,,8.595741066292488e-05,6201.179762864
44080,90275840,1.602141261100769,,,8.590128749015491e-05,6202.311840042
44090,90296320,1.6574348211288452,,,8.58451851266606e-05,6203.525178958
44100,90316800,1.679484248161316,1.7277664244174957,5.628069141335312,8.57891035872014e-05,6205.36998495
44110,90337280,1.5471965074539185,,,8.573304288653123e-05,6206.575662456999
44120,90357760,1.807705044746399,,,8.567700303939854e-05,6207.7541275739995
44130,90378240,1.7222414016723633,,,8.562098406054628e-05,6208.918735759999
44140,90398720,1.779097080230713,,,8.556498596471188e-05,6210.1039540169995
44150,90419200,1.6644084453582764,,,8.550900876662734e-05,6211.239814119
44160,90439680,1.7658600807189941,,,8.545305248101919e-05,6212.463819273999
44170,90460160,1.5390410423278809,,,8.539711712260828e-05,6213.563181191999
44180,90480640,1.4970533847808838,,,8.534120270611013e-05,6214.6954418509995
44190,90501120,1.6944820880889893,,,8.528530924623465e-05,6215.952810512
44200,90521600,1.8786588907241821,1.7256381511688232,5.616103809604308,8.52294367576864e-05,6217.7718064969995
44210,90542080,1.434067964553833,,,8.517358525516424e-05,6219.018132516
44220,90562560,1.6945385932922363,,,8.511775475336154e-05,6220.210565339
44230,90583040,1.7020772695541382,,,8.506194526696621e-05,6221.406212845
44240,90603520,1.6314175128936768,,,8.50061568106606e-05,6222.534004929999
44250,90624000,1.6582858562469482,,,8.495038939912155e-05,6223.872377121
44260,90644480,1.887307047843933,,,8.489464304702026e-05,6225.117538886
44270,90664960,1.7101056575775146,,,8.483891776902253e-05,6226.284414608
44280,90685440,1.6211878061294556,,,8.478321357978857e-05,6227.45130534
44290,90705920,1.78633451461792,,,8.472753049397307e-05,6228.613413467
44300,90726400,1.7048273086547852,1.725810843706131,5.617073752569517,8.467186852622501e-05,6230.500566203999
44310,90746880,1.5432103872299194,,,8.461622769118797e-05,6231.695076716999
44320,90767360,1.7784734964370728,,,8.456060800349993e-05,6233.143874304999
44330,90787840,1.9154551029205322,,,8.450500947779342e-05,6234.60267349
44340,90808320,1.7864305973052979,,,8.444943212869514e-05,6235.916770708999
44350,90828800,1.7914729118347168,,,8.439387597082642e-05,6237.1654628569995
44360,90849280,1.5073579549789429,,,8.433834101880298e-05,6238.678225179
44370,90869760,1.8304662704467773,,,8.428282728723499e-05,6239.998852283999
44380,90890240,1.52693772315979,,,8.422733479072688e-05,6241.309609733
44390,90910720,2.07265567779541,,,8.417186354387763e-05,6242.507225163
44400,90931200,1.7416958808898926,1.7236978590488434,5.605217492370656,8.41164135612807e-05,6244.202230811
44410,90951680,1.6896690130233765,,,8.40609848575238e-05,6245.447836148
44420,90972160,1.5749146938323975,,,8.400557744718914e-05,6246.969315956
44430,90992640,1.9119815826416016,,,8.395019134485322e-05,6248.267898249999
44440,91013120,1.7302093505859375,,,8.389482656508705e-05,6249.420165404
44450,91033600,2.0978567600250244,,,8.383948312245599e-05,6250.593515353
44460,91054080,1.7954294681549072,,,8.378416103151977e-05,6251.873932924
44470,91074560,1.9861687421798706,,,8.372886030683252e-05,6253.017204651
44480,91095040,1.732269525527954,,,8.367358096294278e-05,6254.2339863669995
44490,91115520,1.8844189643859863,,,8.361832301439336e-05,6255.436072902
44500,91136000,1.7260944843292236,1.7275743544101716,5.626988261859703,8.356308647572162e-05,6257.341313675
44510,91156480,1.7960638999938965,,,8.350787136145905e-05,6260.1267702899995
44520,91176960,1.8153456449508667,,,8.345267768613169e-05,6261.381850749999
44530,91197440,1.748291015625,,,8.339750546425986e-05,6262.669990988999
44540,91217920,1.6200534105300903,,,8.334235471035835e-05,6264.010206866
44550,91238400,1.7075977325439453,,,8.328722543893612e-05,6265.367155239
44560,91258880,1.5581234693527222,,,8.323211766449657e-05,6266.585385472999
44570,91279360,1.7806049585342407,,,8.317703140153749e-05,6267.723863529999
44580,91299840,1.6500182151794434,,,8.312196666455098e-05,6269.1170145099995
44590,91320320,2.1386847496032715,,,8.306692346802333e-05,6270.316490384
44600,91340800,1.9669039249420166,1.7237738013267516,5.605643181518895,8.301190182643544e-05,6272.181214226
44610,91361280,2.0339839458465576,,,8.295690175426234e-05,6273.382829538999
44620,91381760,1.8238561153411865,,,8.290192326597344e-05,6274.602407085999
44630,91402240,1.8319436311721802,,,8.284696637603253e-05,6275.788668374999
44640,91422720,1.708228349685669,,,8.279203109889755e-05,6277.364827836
44650,91443200,1.6401176452636719,,,8.27371174490209e-05,6278.5560924149995
44660,91463680,1.5687450170516968,,,8.268222544084925e-05,6279.8857315449995
44670,91484160,1.5114998817443848,,,8.262735508882368e-05,6281.101102035999
44680,91504640,1.7416589260101318,,,8.257250640737935e-05,6282.410321783
44690,91525120,1.4027899503707886,,,8.251767941094586e-05,6283.560249567
44700,91545600,1.918053150177002,1.7222776412963867,5.597262513220027,8.246287411394713e-05,6285.846613107
44710,91566080,1.6161808967590332,,,8.240809053080138e-05,6287.149511986
44720,91586560,1.6460248231887817,,,8.235332867592091e-05,6288.286511245
44730,91607040,1.8655489683151245,,,8.229858856371251e-05,6289.560539552
44740,91627520,2.0164124965667725,,,8.224387020857728e-05,6290.749669516
44750,91648000,1.7102222442626953,,,8.218917362491053e-05,6292.004180965
44760,91668480,1.9925196170806885,,,8.21344988271017e-05,6293.1914611699995
44770,91688960,1.761641025543213,,,8.20798458295347e-05,6294.435243217999
44780,91709440,1.9713022708892822,,,8.202521464658763e-05,6295.704775937
44790,91729920,1.873524785041809,,,8.197060529263289e-05,6296.834057837
44800,91750400,1.8667898178100586,1.7207139670848846,5.588517057476847,8.191601778203696e-05,6299.025397740999
44810,91770880,1.7079963684082031,,,8.186145212916085e-05,6300.3347199439995
44820,91791360,1.7681927680969238,,,8.180690834835963e-05,6301.510903488
44830,91811840,1.7146544456481934,,,8.17523864539827e-05,6302.594262909
44840,91832320,1.697839617729187,,,8.169788646037371e-05,6303.71947877
44850,91852800,1.7410423755645752,,,8.164340838187038e-05,6304.840337086999
44860,91873280,1.6162219047546387,,,8.158895223280483e-05,6305.957766848
44870,91893760,1.8396031856536865,,,8.153451802750346e-05,6307.05948353
44880,91914240,1.8996425867080688,,,8.148010578028678e-05,6308.235689122
44890,91934720,1.6826908588409424,,,8.14257155054695e-05,6309.308659296999
44900,91955200,2.015443801879883,1.7218604326248168,5.594927773833083,8.137134721736065e-05,6311.172133171
44910,91975680,1.8857492208480835,,,8.13170009302634e-05,6312.255087758
44920,91996160,1.978775143623352,,,8.126267665847523e-05,6313.388522847999
44930,92016640,1.8945106267929077,,,8.120837441628762e-05,6314.494687621
44940,92037120,1.7399324178695679,,,8.115409421798652e-05,6315.537638729999
44950,92057600,1.7247532606124878,,,8.109983607785193e-05,6316.648945180999
44960,92078080,1.954045057296753,,,8.104560001015812e-05,6317.8228657399995
44970,92098560,1.675520658493042,,,8.099138602917337e-05,6318.887954192999
44980,92119040,1.6444494724273682,,,8.093719414916039e-05,6320.10667869
44990,92139520,1.6857633590698242,,,8.088302438437593e-05,6321.236739763
45000,92160000,1.8667317628860474,1.7212384700775147,5.591449020242264,8.082887674907097e-05,6322.948764021
45010,92180480,1.7538913488388062,,,8.077475125749067e-05,6325.195804784999
45020,92200960,1.965523362159729,,,8.072064792387436e-05,6326.2791115029995
45030,92221440,1.7783446311950684,,,8.066656676245552e-05,6327.32487283
45040,92241920,1.8993468284606934,,,8.061250778746185e-05,6328.655007085999
45050,92262400,1.575271487236023,,,8.055847101311512e-05,6329.882158333
45060,92282880,2.0044350624084473,,,8.050445645363134e-05,6331.051268061
45070,92303360,1.5521479845046997,,,8.045046412322059e-05,6332.478148523999
45080,92323840,1.7479586601257324,,,8.039649403608727e-05,6333.605889887
45090,92344320,1.5351898670196533,,,8.034254620642983e-05,6334.742861934
45100,92364800,2.057847261428833,1.7205476701259612,5.587587781355335,8.028862064844074e-05,6336.959700566999
45110,92385280,1.6496450901031494,,,8.02347173763068e-05,6338.068229632
45120,92405760,1.4811168909072876,,,8.018083640420887e-05,6339.144484288
45130,92426240,1.8272184133529663,,,8.012697774632197e-05,6340.454380689999
45140,92446720,1.4039541482925415,,,8.007314141681511e-05,6341.744993284
45150,92467200,1.8946185111999512,,,8.001932742985165e-05,6342.8788877669995
45160,92487680,1.6019015312194824,,,7.996553579958897e-05,6344.068633063999
45170,92508160,1.6408123970031738,,,7.991176654017857e-05,6345.270927852
45180,92528640,1.6693822145462036,,,7.985801966576597e-05,6346.480989399
45190,92549120,1.697399377822876,,,7.980429519049094e-05,6347.57538345
45200,92569600,1.9181973934173584,1.7174765348434449,5.570453867127186,7.975059312848728e-05,6349.697293386
45210,92590080,1.8853588104248047,,,7.969691349388303e-05,6350.794903837999
45220,92610560,1.5439939498901367,,,7.964325630080006e-05,6351.967979423
45230,92631040,1.7118531465530396,,,7.95896215633546e-05,6353.214955725999
45240,92651520,1.783555507659912,,,7.953600929565682e-05,6354.477372472999
45250,92672000,1.75199294090271,,,7.948241951181111e-05,6355.680487029
45260,92692480,1.676047921180725,,,7.942885222591572e-05,6356.903940089999
45270,92712960,1.541555643081665,,,7.937530745206316e-05,6358.007529615999
45280,92733440,1.6742888689041138,,,7.932178520434006e-05,6359.128404747999
45290,92753920,1.6324946880340576,,,7.926828549682701e-05,6360.277169303
45300,92774400,1.6305150985717773,1.7201867878437043,5.585571683733325,7.921480834359874e-05,6362.0627381429995
45310,92794880,1.8381744623184204,,,7.916135375872392e-05,6363.295185389
45320,92815360,1.7416694164276123,,,7.910792175626542e-05,6364.5509497329995
45330,92835840,1.6131420135498047,,,7.90545123502801e-05,6365.732186241
45340,92856320,1.8225822448730469,,,7.900112555481893e-05,6366.96264301
45350,92876800,1.682729721069336,,,7.894776138392688e-05,6368.187558913999
45360,92897280,1.6931915283203125,,,7.889441985164299e-05,6369.339210055
45370,92917760,1.8541150093078613,,,7.884110097200036e-05,6370.43106035
45380,92938240,1.7174179553985596,,,7.878780475902613e-05,6371.680364735999
45390,92958720,1.513432502746582,,,7.873453122674137e-05,6372.743382121
45400,92979200,1.9277567863464355,1.7192412972450257,5.58029307404926,7.868128038916134e-05,6374.553190346
45410,92999680,1.680631160736084,,,7.86280522602952e-05,6375.782552150999
45420,93020160,1.875810146331787,,,7.857484685414632e-05,6376.999593371999
45430,93040640,1.9038318395614624,,,7.852166418471186e-05,6378.200196064
45440,93061120,1.927018404006958,,,7.846850426598315e-05,6379.604808794
45450,93081600,1.7539989948272705,,,7.841536711194547e-05,6380.829563003
45460,93102080,1.8384631872177124,,,7.83622527365782e-05,6381.8929963499995
45470,93122560,1.9041883945465088,,,7.830916115385456e-05,6382.96589005
45480,93143040,1.8661259412765503,,,7.825609237774187e-05,6384.151372392999
45490,93163520,1.7967654466629028,,,7.820304642220154e-05,6385.263797301
45500,93184000,1.5944573879241943,1.7204067528247833,5.586800449040767,7.815002330118886e-05,6386.9918504219995
45510,93204480,1.9457952976226807,,,7.809702302865321e-05,6389.532414843
45520,93224960,1.7246804237365723,,,7.804404561853776e-05,6390.997552692999
45530,93245440,1.6332106590270996,,,7.799109108477987e-05,6392.075416995
45540,93265920,1.995107889175415,,,7.793815944131075e-05,6393.1484143279995
45550,93286400,1.6743972301483154,,,7.788525070205579e-05,6394.32117468
45560,93306880,1.8837400674819946,,,7.783236488093407e-05,6395.577472647
45570,93327360,1.685879111289978,,,7.777950199185884e-05,6396.804281254
45580,93347840,1.5193381309509277,,,7.772666204873725e-05,6398.061209581
45590,93368320,1.902480125427246,,,7.767384506547047e-05,6399.181758611
45600,93388800,1.7551205158233643,1.7171136915683747,5.56843303204779,7.76210510559535e-05,6401.436359093
45610,93409280,1.6152113676071167,,,7.756828003407536e-05,6402.530945719999
45620,93429760,1.8769755363464355,,,7.751553201371915e-05,6403.713870064999
45630,93450240,1.733536958694458,,,7.746280700876182e-05,6404.812377366
45640,93470720,1.8262877464294434,,,7.741010503307414e-05,6405.913888161
45650,93491200,1.5756852626800537,,,7.735742610052097e-05,6407.018069434999
45660,93511680,1.7072906494140625,,,7.730477022496111e-05,6408.495898512
45670,93532160,1.466875433921814,,,7.72521374202473e-05,6409.663803121
45680,93552640,1.74158775806427,,,7.719952770022602e-05,6410.8301557039995
45690,93573120,1.7146787643432617,,,7.714694107873796e-05,6412.094951055
45700,93593600,1.6630526781082153,1.716178411245346,5.563227420935101,7.709437756961756e-05,6414.440185369
45710,93614080,1.6486917734146118,,,7.704183718669322e-05,6415.6802515399995
45720,93634560,2.021820068359375,,,7.69893199437873e-05,6417.027526481
45730,93655040,1.6535667181015015,,,7.693682585471594e-05,6418.265933858
45740,93675520,1.8362956047058105,,,7.68843549332893e-05,6419.351408435
45750,93696000,1.8762903213500977,,,7.683190719331141e-05,6420.548591665999
45760,93716480,1.747502088546753,,,7.677948264858031e-05,6421.844233954999
45770,93736960,1.7591972351074219,,,7.672708131288775e-05,6423.06494752
45780,93757440,1.4468601942062378,,,7.667470320001946e-05,6424.258506313
45790,93777920,2.015446424484253,,,7.66223483237551e-05,6425.588604201
45800,93798400,1.9034674167633057,1.7210368812084198,5.590321959962892,7.657001669786822e-05,6427.426147851
45810,93818880,1.9396226406097412,,,7.651770833612611e-05,6428.601345307
45820,93839360,1.6924996376037598,,,7.646542325229008e-05,6429.775574696
45830,93859840,1.6015021800994873,,,7.641316146011533e-05,6431.181870248999
45840,93880320,1.7798354625701904,,,7.636092297335089e-05,6432.612839486999
45850,93900800,1.7838958501815796,,,7.63087078057396e-05,6433.9254683869995
45860,93921280,1.522331714630127,,,7.625651597101821e-05,6435.257453398
45870,93941760,1.915919542312622,,,7.620434748291738e-05,6436.425120532999
45880,93962240,1.5571995973587036,,,7.615220235516161e-05,6437.644557445999
45890,93982720,1.9148635864257812,,,7.610008060146908e-05,6438.762244036
45900,94003200,1.6893153190612793,1.7185076177120209,5.576200428761288,7.604798223555217e-05,6440.7064058119995
45910,94023680,1.5530118942260742,,,7.599590727111679e-05,6441.888283613
45920,94044160,1.755228042602539,,,7.594385572186286e-05,6443.226915251
45930,94064640,1.57314932346344,,,7.589182760148412e-05,6444.466700811
45940,94085120,1.8815441131591797,,,7.583982292366804e-05,6445.818168833
45950,94105600,1.8387067317962646,,,7.578784170209599e-05,6447.104082481
45960,94126080,1.9743752479553223,,,7.573588395044328e-05,6448.400841072999
45970,94146560,1.8476941585540771,,,7.568394968237892e-05,6449.841958979
45980,94167040,2.021228075027466,,,7.563203891156573e-05,6451.006171157
45990,94187520,1.8832472562789917,,,7.558015165166038e-05,6452.185833924
46000,94208000,1.79566490650177,1.7165588796138764,5.565344455702553,7.55282879163134e-05,6454.943402030999
46010,94228480,1.8451374769210815,,,7.54764477191691e-05,6457.546160445
46020,94248960,1.8827271461486816,,,7.542463107386548e-05,6458.763996097
46030,94269440,1.6556644439697266,,,7.53728379940346e-05,6459.998935594
46040,94289920,1.7905631065368652,,,7.53210684933021e-05,6461.387247058
46050,94310400,1.7347559928894043,,,7.526932258528756e-05,6462.833752768999
46060,94330880,1.9048569202423096,,,7.521760028360418e-05,6464.222524438
46070,94351360,1.9011988639831543,,,7.51659016018591e-05,6465.435203927999
46080,94371840,1.6866554021835327,,,7.511422655365321e-05,6466.690637785
46090,94392320,1.7333543300628662,,,7.506257515258118e-05,6467.892546501999
46100,94412800,1.9003114700317383,1.7165996551513671,5.565571390240712,7.501094741223142e-05,6469.8329817369995
46110,94433280,1.728442907333374,,,7.495934334618617e-05,6471.0770576039995
46120,94453760,1.577052116394043,,,7.490776296802142e-05,6472.626133770999
46130,94474240,1.8829132318496704,,,7.485620629130697e-05,6473.841255943
46140,94494720,1.826928973197937,,,7.480467332960623e-05,6475.009169925
46150,94515200,1.8075182437896729,,,7.475316409647657e-05,6476.191571771999
46160,94535680,1.8486487865447998,,,7.470167860546895e-05,6477.305018569999
46170,94556160,1.7775380611419678,,,7.465021687012827e-05,6478.42390594
46180,94576640,1.83743155002594,,,7.459877890399308e-05,6479.547143367
46190,94597120,1.8894538879394531,,,7.454736472059555e-05,6480.6686026669995
46200,94617600,1.6392545700073242,1.7160860240459441,5.562713473675485,7.44959743334618e-05,6482.867650466
46210,94638080,1.675957441329956,,,7.444460775611157e-05,6484.2320216709995
46220,94658560,1.831488013267517,,,7.439326500205844e-05,6485.483584252
46230,94679040,1.5780296325683594,,,7.43419460848095e-05,6486.6592601269995
46240,94699520,1.6719802618026733,,,7.429065101786587e-05,6488.002532994
46250,94720000,1.6764371395111084,,,7.423937981472221e-05,6489.196207829999
46260,94740480,1.945671558380127,,,7.418813248886697e-05,6490.429373799
46270,94760960,1.6578545570373535,,,7.413690905378218e-05,6491.488126873
46280,94781440,2.0052995681762695,,,7.40857095229438e-05,6492.634795305
46290,94801920,1.7558735609054565,,,7.403453390982126e-05,6493.740510479999
46300,94822400,1.6908860206604004,1.7159972846508027,5.562219863748133,7.398338222787804e-05,6495.865874423
46310,94842880,1.8424218893051147,,,7.393225449057095e-05,6497.062243935
46320,94863360,1.6231000423431396,,,7.38811507113507e-05,6498.24214947
46330,94883840,1.6456611156463623,,,7.383007090366169e-05,6499.312983733
46340,94904320,1.797359585762024,,,7.377901508094202e-05,6500.506879654
46350,94924800,1.657943844795227,,,7.372798325662336e-05,6501.821506059
46360,94945280,1.7460511922836304,,,7.367697544413114e-05,6502.933120365
46370,94965760,1.8189475536346436,,,7.36259916568846e-05,6504.116185735999
46380,94986240,1.848585844039917,,,7.35750319082965e-05,6505.422672121
46390,95006720,1.7332673072814941,,,7.352409621177334e-05,6506.547361774999
46400,95027200,1.8885140419006348,1.714812171459198,5.555631908120621,7.347318458071521e-05,6509.0631778669995
46410,95047680,1.664034128189087,,,7.342229702851595e-05,6510.2594038259995
46420,95068160,1.7454828023910522,,,7.337143356856308e-05,6511.403655468
46430,95088640,1.646972894668579,,,7.332059421423772e-05,6512.532665264
46440,95109120,1.737349033355713,,,7.326977897891472e-05,6513.80298873
46450,95129600,2.0804030895233154,,,7.321898787596251e-05,6514.987771196
46460,95150080,1.6283442974090576,,,7.316822091874321e-05,6516.143120942999
46470,95170560,2.042315721511841,,,7.311747812061263e-05,6517.204568779
46480,95191040,1.5634183883666992,,,7.306675949492009e-05,6518.256239822
46490,95211520,1.8666585683822632,,,7.301606505500867e-05,6519.304336434
46500,95232000,2.2061614990234375,1.713796430826187,5.549991692032752,7.296539481421503e-05,6521.439041754999
46510,95252480,1.696578025817871,,,7.291474878586961e-05,6524.061388903
46520,95272960,1.836531162261963,,,7.286412698329623e-05,6525.184130496999
46530,95293440,1.8657512664794922,,,7.281352941981251e-05,6526.282129101
46540,95313920,1.4911471605300903,,,7.276295610872963e-05,6527.467065391999
46550,95334400,2.182337522506714,,,7.271240706335249e-05,6528.716613541
46560,95354880,1.8137706518173218,,,7.266188229697939e-05,6529.793457846
46570,95375360,1.7214165925979614,,,7.261138182290241e-05,6530.956540714
46580,95395840,1.779584527015686,,,7.256090565440729e-05,6532.107572078
46590,95416320,1.5344182252883911,,,7.251045380477323e-05,6533.355982292999
46600,95436800,1.6649333238601685,1.7134772777557372,5.548220677770622,7.246002628727315e-05,6535.615135309
46610,95457280,1.551645040512085,,,7.240962311517342e-05,6536.876391195
46620,95477760,1.895795464515686,,,7.235924430173416e-05,6538.149856440999
46630,95498240,1.5655511617660522,,,7.230888986020896e-05,6539.626391846
46640,95518720,1.7546286582946777,,,7.225855980384516e-05,6540.825720231999
46650,95539200,1.6489732265472412,,,7.220825414588352e-05,6542.165780097
46660,95559680,2.0497307777404785,,,7.215797289955844e-05,6543.353910170999
46670,95580160,1.6337890625,,,7.21077160780979e-05,6544.509411288
46680,95600640,1.8699262142181396,,,7.205748369472352e-05,6545.693582430999
46690,95621120,1.7719403505325317,,,7.200727576265035e-05,6546.882370148
46700,95641600,1.7443182468414307,1.7145733654499054,5.554305348237084,7.195709229508703e-05,6549.053952314
46710,95662080,1.8408236503601074,,,7.190693330523596e-05,6550.414961054
46720,95682560,1.9300692081451416,,,7.185679880629293e-05,6551.6372102959995
46730,95703040,1.6733880043029785,,,7.180668881144725e-05,6552.819720429
46740,95723520,1.655034065246582,,,7.175660333388186e-05,6553.996334793
46750,95744000,1.6452150344848633,,,7.170654238677327e-05,6555.293106929999
46760,95764480,1.8588169813156128,,,7.165650598329154e-05,6556.807799681999
46770,95784960,1.6919476985931396,,,7.160649413660009e-05,6558.034827074999
46780,95805440,1.5191174745559692,,,7.155650685985619e-05,6559.544922956
46790,95825920,1.7550582885742188,,,7.150654416621041e-05,6560.773648732999
46800,95846400,1.6892449855804443,1.7131705284118652,5.546519025721726,7.145660606880695e-05,6563.4205319229995
46810,95866880,1.769692301750183,,,7.140669258078355e-05,6564.753262402
46820,95887360,1.608006477355957,,,7.135680371527134e-05,6566.202896057
46830,95907840,1.821138620376587,,,7.130693948539516e-05,6567.433975618
46840,95928320,2.1976051330566406,,,7.12570999042732e-05,6568.760090543
46850,95948800,1.7558741569519043,,,7.120728498501738e-05,6570.035594223
46860,95969280,1.8682959079742432,,,7.115749474073289e-05,6571.249282516
46870,95989760,1.6938831806182861,,,7.110772918451857e-05,6572.444401001
46880,96010240,1.77677321434021,,,7.105798832946675e-05,6573.543480546
46890,96030720,1.7328941822052002,,,7.100827218866326e-05,6574.898662556
46900,96051200,1.5579020977020264,1.712530940771103,5.542972674925584,7.095858077518735e-05,6576.994824799
46910,96071680,1.9464445114135742,,,7.090891410211183e-05,6578.163321872999
46920,96092160,1.7752054929733276,,,7.085927218250308e-05,6579.486125973
46930,96112640,1.8897712230682373,,,7.080965502942087e-05,6580.594772052999
46940,96133120,1.5493049621582031,,,7.076006265591841e-05,6581.720204095999
46950,96153600,1.6404798030853271,,,7.071049507504249e-05,6582.8665795179995
46960,96174080,1.900336503982544,,,7.066095229983335e-05,6584.221268480999
46970,96194560,2.2219324111938477,,,7.06114343433247e-05,6585.400661811999
46980,96215040,1.5025510787963867,,,7.056194121854363e-05,6586.630053141999
46990,96235520,1.634023666381836,,,7.05124729385109e-05,6587.90123057
47000,96256000,1.797865867614746,1.7111402094364165,5.53526924708012,7.046302951624057e-05,6590.197233772999
47010,96276480,1.7979860305786133,,,7.041361096474019e-05,6592.947997329
47020,96296960,1.8194549083709717,,,7.036421729701085e-05,6594.109936606
47030,96317440,1.7121689319610596,,,7.031484852604694e-05,6595.301786784
47040,96337920,1.707580327987671,,,7.026550466483637e-05,6596.475253807
47050,96358400,1.5462181568145752,,,7.021618572636062e-05,6597.876110529
47060,96378880,1.6453298330307007,,,7.01668917235945e-05,6599.054280632
47070,96399360,1.7095123529434204,,,7.01176226695062e-05,6600.291934234
47080,96419840,1.5482151508331299,,,7.006837857705742e-05,6601.542031440999
47090,96440320,2.044126510620117,,,7.001915945920331e-05,6602.805915735999
47100,96460800,1.6699397563934326,1.7116020023822784,5.537825985668355,6.996996532889247e-05,6604.785050816
47110,96481280,1.9619536399841309,,,6.992079619906675e-05,6606.024491679
47120,96501760,1.491683006286621,,,6.98716520826617e-05,6607.3483884259995
47130,96522240,1.8343851566314697,,,6.982253299260607e-05,6608.516885415999
47140,96542720,1.7489445209503174,,,6.977343894182216e-05,6609.786028703
47150,96563200,1.7300004959106445,,,6.972436994322556e-05,6611.016530082
47160,96583680,1.8378088474273682,,,6.967532600972535e-05,6612.310886548999
47170,96604160,1.520850419998169,,,6.9626307154224e-05,6613.597547275999
47180,96624640,1.7910263538360596,,,6.957731338961741e-05,6614.840244833999
47190,96645120,1.7360599040985107,,,6.952834472879483e-05,6616.103326713
47200,96665600,1.8232033252716064,1.7111990392208098,5.5355948953553,6.947940118463891e-05,6618.079109632
47210,96686080,1.986689567565918,,,6.943048277002576e-05,6619.32782495
47220,96706560,1.5959304571151733,,,6.938158949782481e-05,6620.583633149
47230,96727040,1.4555325508117676,,,6.933272138089886e-05,6621.858131014999
47240,96747520,1.4763734340667725,,,6.928387843210412e-05,6623.146908938999
47250,96768000,1.6095083951950073,,,6.923506066429018e-05,6624.434533109
47260,96788480,1.8632519245147705,,,6.918626809030009e-05,6625.627571888
47270,96808960,1.80364990234375,,,6.913750072297018e-05,6626.778830169
47280,96829440,1.8375203609466553,,,6.908875857513009e-05,6627.975784403
47290,96849920,1.58780038356781,,,6.904004165960292e-05,6629.3551375609995
47300,96870400,1.5202465057373047,1.7112862467765808,5.536077662106011,6.899134998920512e-05,6631.503467553
47310,96890880,1.5952751636505127,,,6.894268357674647e-05,6632.66513221
47320,96911360,1.8197922706604004,,,6.889404243503015e-05,6633.851101468
47330,96931840,1.8356599807739258,,,6.884542657685264e-05,6635.294229665
47340,96952320,1.7595126628875732,,,6.879683601500382e-05,6636.626934851999
47350,96972800,1.7879483699798584,,,6.874827076226687e-05,6637.8308646469995
47360,96993280,1.9097983837127686,,,6.86997308314183e-05,6639.267793201
47370,97013760,1.7879490852355957,,,6.865121623522802e-05,6640.555486918
47380,97034240,1.61863374710083,,,6.860272698645918e-05,6641.813348008
47390,97054720,1.7202465534210205,,,6.855426309786848e-05,6643.033265814999
47400,97075200,1.8490746021270752,1.7137790381908418,5.5498951638905245,6.850582458220563e-05,6644.911097653
47410,97095680,1.803849697113037,,,6.845741145221386e-05,6646.420346952999
47420,97116160,1.7430113554000854,,,6.840902372062975e-05,6647.846686483999
47430,97136640,1.8850808143615723,,,6.836066140018312e-05,6649.107918840999
47440,97157120,1.593510627746582,,,6.831232450359707e-05,6650.332821057999
47450,97177600,1.7694249153137207,,,6.826401304358803e-05,6651.540536639
47460,97198080,1.5708668231964111,,,6.82157270328659e-05,6652.733770493999
47470,97218560,1.669325351715088,,,6.816746648413367e-05,6653.883917042999
47480,97239040,1.7553431987762451,,,6.811923141008778e-05,6655.085095498999
47490,97259520,1.721435546875,,,6.807102182341782e-05,6656.1925266709995
47500,97280000,2.0004405975341797,1.7123911559581757,5.542197905678907,6.802283773680678e-05,6657.895867583
47510,97300480,1.7775648832321167,,,6.797467916293096e-05,6660.264051767
47520,97320960,1.6952722072601318,,,6.792654611445989e-05,6661.431832572
47530,97341440,1.881413459777832,,,6.787843860405638e-05,6662.5790453869995
47540,97361920,1.7498760223388672,,,6.78303566443766e-05,6663.818283203
47550,97382400,1.7543959617614746,,,6.778230024806989e-05,6664.990343959
47560,97402880,1.6663451194763184,,,6.773426942777901e-05,6666.339250579999
47570,97423360,1.8177471160888672,,,6.768626419613977e-05,6667.5246904079995
47580,97443840,1.5176239013671875,,,6.76382845657814e-05,6668.8941392159995
47590,97464320,1.6666028499603271,,,6.759033054932644e-05,6670.097945462
47600,97484800,1.8635659217834473,1.7121690094470978,5.540966862491494,6.754240215939067e-05,6671.996380897
47610,97505280,1.827056646347046,,,6.749449940858294e-05,6673.235724841999
47620,97525760,1.6916743516921997,,,6.744662230950558e-05,6674.632736109999
47630,97546240,1.7302521467208862,,,6.739877087475409e-05,6675.927639991999
47640,97566720,1.7308571338653564,,,6.735094511691722e-05,6677.233194566999
47650,97587200,1.8282800912857056,,,6.730314504857686e-05,6678.498540629999
47660,97607680,1.7186448574066162,,,6.72553706823084e-05,6679.748023302999
47670,97628160,1.6757794618606567,,,6.720762203068021e-05,6680.989659256999
47680,97648640,1.9842588901519775,,,6.715989910625405e-05,6682.178966783
47690,97669120,1.8204095363616943,,,6.711220192158486e-05,6683.453955135
47700,97689600,1.6106702089309692,1.711951231956482,5.539760296018874,6.706453048922076e-05,6685.392005858
47710,97710080,1.9395865201950073,,,6.701688482170315e-05,6686.743020645999
47720,97730560,1.7254536151885986,,,6.696926493156664e-05,6688.034626607
47730,97751040,1.7034518718719482,,,6.692167083133915e-05,6689.330305734
47740,97771520,1.7591392993927002,,,6.687410253354162e-05,6690.540043296
47750,97792000,1.5434348583221436,,,6.682656005068835e-05,6691.768284721
47760,97812480,1.751563310623169,,,6.677904339528681e-05,6693.093888462
47770,97832960,1.815312147140503,,,6.673155257983772e-05,6694.454528286999
47780,97853440,1.634509563446045,,,6.668408761683486e-05,6695.630506871
47790,97873920,1.697272539138794,,,6.66366485187653e-05,6696.921229904
47800,97894400,1.734440565109253,1.709796267747879,5.527835164587319,6.658923529810942e-05,6699.316073735999
47810,97914880,1.6820619106292725,,,6.654184796734066e-05,6700.542305577999
47820,97935360,1.7424174547195435,,,6.64944865389256e-05,6702.055415446
47830,97955840,1.542069911956787,,,6.64471510253241e-05,6703.2644067599995
47840,97976320,1.5125505924224854,,,6.639984143898919e-05,6704.447146164
47850,97996800,1.72718346118927,,,6.635255779236712e-05,6705.669391191
47860,98017280,1.8360400199890137,,,6.63053000978971e-05,6706.801571051
47870,98037760,1.4843900203704834,,,6.625806836801186e-05,6707.945473119999
47880,98058240,1.7799205780029297,,,6.621086261513703e-05,6709.124759412
47890,98078720,1.7209888696670532,,,6.616368285169152e-05,6710.250506986
47900,98099200,1.836329460144043,1.7105615973472594,5.532067399780128,6.611652909008738e-05,6712.100106256
47910,98119680,1.6266610622406006,,,6.606940134272975e-05,6713.179326261999
47920,98140160,1.7432035207748413,,,6.6022299622017e-05,6714.4194239
47930,98160640,1.6015981435775757,,,6.597522394034071e-05,6715.6083641879995
47940,98181120,1.6680281162261963,,,6.592817431008555e-05,6716.889229046999
47950,98201600,1.6685302257537842,,,6.588115074362925e-05,6718.040642637
47960,98222080,1.687220573425293,,,6.583415325334279e-05,6719.163082743999
47970,98242560,2.094298839569092,,,6.578718185159025e-05,6720.358315699
47980,98263040,1.733689785003662,,,6.574023655072895e-05,6721.555792796
47990,98283520,1.724846601486206,,,6.569331736310908e-05,6722.951155868
48000,98304000,1.7374179363250732,1.7078624367713928,5.5171555952823,6.564642430107427e-05,6725.242198645
48010,98324480,1.917014241218567,,,6.559955737696111e-05,6727.4921116489995
48020,98344960,1.7296075820922852,,,6.555271660309935e-05,6728.709288065
48030,98365440,1.693762183189392,,,6.550590199181181e-05,6729.7925942229995
48040,98385920,1.8704454898834229,,,6.54591135554145e-05,6730.942958471
48050,98406400,1.853185772895813,,,6.541235130621649e-05,6732.25179493
48060,98426880,1.4919514656066895,,,6.536561525652003e-05,6733.415202699999
48070,98447360,1.7262582778930664,,,6.531890541862037e-05,6734.612626859
48080,98467840,1.6238566637039185,,,6.527222180480599e-05,6735.797395987
48090,98488320,1.9466829299926758,,,6.522556442735835e-05,6736.98144066
48100,98508800,1.7127275466918945,1.7055778920650482,5.504565793131612,6.517893329855211e-05,6739.138490083
48110,98529280,1.6656618118286133,,,6.513232843065499e-05,6740.41356011
48120,98549760,1.6671103239059448,,,6.508574983592774e-05,6741.490227558999
48130,98570240,1.7648355960845947,,,6.50391975266242e-05,6742.670268913999
48140,98590720,1.6153316497802734,,,6.499267151499148e-05,6743.839049859999
48150,98611200,1.5528075695037842,,,6.494617181326962e-05,6744.976750321
48160,98631680,1.6418728828430176,,,6.489969843369165e-05,6746.264012930999
48170,98652160,1.7945188283920288,,,6.485325138848383e-05,6747.437633463
48180,98672640,1.789027452468872,,,6.480683068986543e-05,6748.572046474999
48190,98693120,1.7823505401611328,,,6.476043635004886e-05,6749.733301677
48200,98713600,1.5264859199523926,1.7049625635147094,5.501179718522909,6.471406838123941e-05,6751.999651202999
48210,98734080,1.9979684352874756,,,6.466772679563569e-05,6753.13031618
48220,98754560,1.7180259227752686,,,6.462141160542916e-05,6754.269725601
48230,98775040,1.6182198524475098,,,6.457512282280447e-05,6755.493800685
48240,98795520,1.6710734367370605,,,6.452886045993921e-05,6756.755314405
48250,98816000,1.743485927581787,,,6.448262452900407e-05,6757.985758995
48260,98836480,1.5335246324539185,,,6.443641504216278e-05,6759.138658858999
48270,98856960,1.725431203842163,,,6.439023201157224e-05,6760.34864778
48280,98877440,1.800377607345581,,,6.434407544938214e-05,6761.473068480999
48290,98897920,1.7154839038848877,,,6.429794536773541e-05,6762.550475057999
48300,98918400,1.818469524383545,1.7057021379470825,5.505249755252654,6.425184177876793e-05,6764.237963373
48310,98938880,1.6915502548217773,,,6.420576469460863e-05,6765.4115566499995
48320,98959360,1.6238107681274414,,,6.415971412737943e-05,6766.546916369999
48330,98979840,1.7608747482299805,,,6.411369008919527e-05,6767.716574112
48340,99000320,1.8745012283325195,,,6.406769259216427e-05,6768.863970445
48350,99020800,1.6674809455871582,,,6.402172164838736e-05,6770.054399234
48360,99041280,1.6293386220932007,,,6.397577726995861e-05,6771.252960698
48370,99061760,1.6127480268478394,,,6.392985946896502e-05,6772.679324586
48380,99082240,1.926997423171997,,,6.388396825748665e-05,6773.849876826999
48390,99102720,1.8565337657928467,,,6.383810364759652e-05,6775.003309572
48400,99123200,1.7286105155944824,1.7058994114398955,5.5063359022311635,6.379226565136073e-05,6776.866994986
48410,99143680,1.5562994480133057,,,6.374645428083834e-05,6778.13828778
48420,99164160,1.6301602125167847,,,6.370066954808136e-05,6779.527206111
48430,99184640,1.4350957870483398,,,6.365491146513485e-05,6780.880741360999
48440,99205120,1.6738605499267578,,,6.360918004403687e-05,6782.0289377399995
48450,99225600,1.808016061782837,,,6.356347529681836e-05,6783.2173119829995
48460,99246080,1.8538143634796143,,,6.351779723550334e-05,6784.624963085
48470,99266560,1.688561201095581,,,6.347214587210878e-05,6785.947693374
48480,99287040,1.6701020002365112,,,6.342652121864473e-05,6787.087184313999
48490,99307520,1.6649622917175293,,,6.338092328711399e-05,6788.296359102999
48500,99328000,1.592685580253601,1.7047965347766876,5.500266440413916,6.333535208951252e-05,6790.494104994
48510,99348480,1.6937059164047241,,,6.328980763782917e-05,6792.715678223999
48520,99368960,1.7693742513656616,,,6.32442899440458e-05,6794.019021919
48530,99389440,1.9609521627426147,,,6.319879902013712e-05,6795.152894361
48540,99409920,1.729100227355957,,,6.31533348780709e-05,6796.3673276399995
48550,99430400,1.7596583366394043,,,6.310789752980787e-05,6797.809890682
48560,99450880,1.8497008085250854,,,6.306248698730168e-05,6799.154162116999
48570,99471360,1.8518308401107788,,,6.301710326249896e-05,6800.370688321999
48580,99491840,1.6544249057769775,,,6.297174636733915e-05,6801.64322836
48590,99512320,1.6097815036773682,,,6.292641631375479e-05,6802.725674001
48600,99532800,1.5546629428863525,1.7047321021556854,5.499912055248054,6.288111311367127e-05,6804.989400416999
48610,99553280,1.5715808868408203,,,6.283583677900706e-05,6806.154322813999
48620,99573760,1.9889869689941406,,,6.279058732167334e-05,6807.276610296999
48630,99594240,1.6733306646347046,,,6.274536475357436e-05,6808.446155395
48640,99614720,1.8036519289016724,,,6.270016908660726e-05,6809.622405190999
48650,99635200,1.6378793716430664,,,6.265500033266215e-05,6810.905453467999
48660,99655680,1.5458407402038574,,,6.260985850362195e-05,6812.136698775
48670,99676160,1.692150592803955,,,6.256474361136256e-05,6813.4979250999995
48680,99696640,1.6277430057525635,,,6.251965566775287e-05,6814.7162810479995
48690,99717120,1.741378903388977,,,6.247459468465461e-05,6815.876767061999
48700,99737600,1.9050633907318115,1.7026605546474456,5.488530518901237,6.242956067392235e-05,6818.506670291999
48710,99758080,1.6522316932678223,,,6.238455364740366e-05,6819.9016807709995
48720,99778560,1.965038776397705,,,6.233957361693898e-05,6821.366309243999
48730,99799040,1.6225571632385254,,,6.229462059436168e-05,6822.683940544
48740,99819520,1.7696726322174072,,,6.224969459149789e-05,6824.073750745999
48750,99840000,1.7161591053009033,,,6.220479562016685e-05,6825.367160913
48760,99860480,1.8270800113677979,,,6.215992369218052e-05,6826.692350324
48770,99880960,1.9583474397659302,,,6.211507881934382e-05,6828.066038974
48780,99901440,1.7784614562988281,,,6.207026101345456e-05,6829.535829325
48790,99921920,1.6906986236572266,,,6.202547028630333e-05,6830.722855677
48800,99942400,1.9296813011169434,1.7014802813529968,5.482056374285573,6.198070664967369e-05,6832.9913692089995
48810,99962880,1.4880176782608032,,,6.193597011534202e-05,6834.287108283
48820,99983360,1.621443510055542,,,6.189126069507772e-05,6835.437721089
48830,100003840,1.930891990661621,,,6.184657840064281e-05,6836.84967987
48840,100024320,1.7879074811935425,,,6.180192324379236e-05,6838.111695887
48850,100044800,1.5441713333129883,,,6.175729523627422e-05,6839.212284730999
48860,100065280,1.658240556716919,,,6.171269438982916e-05,6840.418930229
48870,100085760,1.8648250102996826,,,6.16681207161907e-05,6841.654013511
48880,100106240,1.8766764402389526,,,6.162357422708525e-05,6842.9688818429995
48890,100126720,1.8411513566970825,,,6.15790549342322e-05,6844.30139567
48900,100147200,1.8096675872802734,1.699821835756302,5.472972216903332,6.153456284934365e-05,6846.543110666
48910,100167680,1.6007742881774902,,,6.149009798412451e-05,6847.862761916
48920,100188160,1.5858416557312012,,,6.144566035027262e-05,6849.066274678999
48930,100208640,1.7473628520965576,,,6.140124995947864e-05,6850.373929543
48940,100229120,1.8202065229415894,,,6.135686682342605e-05,6851.665954341
48950,100249600,1.5326861143112183,,,6.131251095379109e-05,6853.069155945
48960,100270080,1.5944738388061523,,,6.126818236224298e-05,6854.271332914
48970,100290560,1.580452561378479,,,6.122388106044364e-05,6855.460114527999
48980,100311040,1.7992841005325317,,,6.117960706004788e-05,6856.629899295
48990,100331520,1.6988883018493652,,,6.113536037270328e-05,6857.731749068
49000,100352000,1.6204564571380615,1.7005429923534394,5.476920510421346,6.109114101005022e-05,6859.601629905
49010,100372480,1.836242914199829,,,6.104694898372188e-05,6861.891627835
49020,100392960,1.8123905658721924,,,6.100278430534442e-05,6863.300189381
49030,100413440,1.8837881088256836,,,6.095864698653666e-05,6864.390673158
49040,100433920,1.5956270694732666,,,6.091453703891015e-05,6865.550210300999
49050,100454400,1.675912618637085,,,6.0870454474069345e-05,6866.764830554
49060,100474880,1.4442534446716309,,,6.0826399303611514e-05,6868.0304449899995
49070,100495360,1.7527689933776855,,,6.0782371539126696e-05,6869.144466352999
49080,100515840,1.7863879203796387,,,6.0738371192197625e-05,6870.319560764
49090,100536320,1.4749399423599243,,,6.069439827439999e-05,6871.456263962999
49100,100556800,1.9721662998199463,1.7024407923221587,5.487324479197895,6.065045279730216e-05,6873.204370054999
49110,100577280,1.9852619171142578,,,6.060653477246533e-05,6874.406590305
49120,100597760,1.845801591873169,,,6.0562644211443366e-05,6875.578044843999
49130,100618240,1.4995951652526855,,,6.051878112578304e-05,6876.705523838999
49140,100638720,1.8436975479125977,,,6.047494552702384e-05,6877.901626280999
49150,100659200,1.7278839349746704,,,6.043113742669802e-05,6879.021149695
49160,100679680,1.601203441619873,,,6.0387356836330615e-05,6880.128893656999
49170,100700160,2.013073444366455,,,6.034360376743941e-05,6881.353661112999
49180,100720640,1.6643562316894531,,,6.0299878231534974e-05,6882.838072686
49190,100741120,1.7043299674987793,,,6.0256180240120586e-05,6884.063384910999
49200,100761600,1.7379662990570068,1.7013794779777527,5.481503792351297,6.021250980469236e-05,6885.802055108
49210,100782080,1.727529764175415,,,6.016886693673904e-05,6886.9677917849995
49220,100802560,2.2181973457336426,,,6.0125251647742166e-05,6888.193541395
49230,100823040,1.605656623840332,,,6.008166394917611e-05,6889.330211928999
49240,100843520,1.778205394744873,,,6.003810385250795e-05,6890.484845014999
49250,100864000,1.4778385162353516,,,5.999457136919735e-05,6891.6311497609995
49260,100884480,1.616135835647583,,,5.99510665106969e-05,6892.862336633
49270,100904960,1.6864407062530518,,,5.9907589288451844e-05,6894.058569223999
49280,100925440,1.7345564365386963,,,5.9864139713900186e-05,6895.179638662
49290,100945920,1.9335472583770752,,,5.9820717798472536e-05,6896.479346211
49300,100966400,1.597827434539795,1.701577466726303,5.482589175870635,5.977732355359242e-05,6898.284314386
49310,100986880,1.586502194404602,,,5.973395699067596e-05,6899.4285472209995
49320,101007360,1.5453507900238037,,,5.9690618121132064e-05,6900.667297090999
49330,101027840,1.5344648361206055,,,5.964730695636223e-05,6901.816900299999
49340,101048320,1.9896445274353027,,,5.960402350776081e-05,6903.008715773999
49350,101068800,1.7392528057098389,,,5.9560767786714746e-05,6904.171513169999
49360,101089280,1.9722661972045898,,,5.951753980460387e-05,6905.337104136
49370,101109760,1.6287038326263428,,,5.947433957280047e-05,6906.494894615
49380,101130240,1.701978087425232,,,5.9431167102669715e-05,6907.917632395
49390,101150720,2.0499138832092285,,,5.938802240556938e-05,6909.154672845
49400,101171200,1.7227623462677002,1.7019384503364563,5.484568657963129,5.934490549284999e-05,6910.840768554
49410,101191680,1.9010894298553467,,,5.930181637585475e-05,6912.112686407
49420,101212160,1.8268134593963623,,,5.925875506591945e-05,6913.256137529
49430,101232640,1.739959478378296,,,5.921572157437275e-05,6914.476536411999
49440,101253120,1.6075855493545532,,,5.917271591253586e-05,6915.682918336
49450,101273600,1.6442234516143799,,,5.912973809172273e-05,6916.868368081
49460,101294080,1.7976304292678833,,,5.90867881232399e-05,6918.405558091999
49470,101314560,1.7962703704833984,,,5.9043866018386665e-05,6919.679378058
49480,101335040,1.555880069732666,,,5.900097178845496e-05,6920.904633625999
49490,101355520,1.815385341644287,,,5.8958105444729405e-05,6922.192453481
49500,101376000,1.7427781820297241,1.6984325051307678,5.465373728618173,5.891526699848728e-05,6924.625234451999
49510,101396480,1.682695746421814,,,5.887245646099849e-05,6926.799653137
49520,101416960,1.8395276069641113,,,5.8829673843525624e-05,6927.966495139
49530,101437440,1.6856389045715332,,,5.8786919157324e-05,6929.080249547
49540,101457920,1.6045169830322266,,,5.8744192413641395e-05,6930.199159753999
49550,101478400,1.5669962167739868,,,5.8701493623718404e-05,6931.282201577
49560,101498880,1.8269810676574707,,,5.865882279878819e-05,6932.329970276999
49570,101519360,1.8433759212493896,,,5.861617995007671e-05,6933.642344321
49580,101539840,1.941351294517517,,,5.8573565088802286e-05,6934.8877269019995
49590,101560320,1.5371294021606445,,,5.85309782261761e-05,6936.115175582
49600,101580800,1.57993483543396,1.7004587590694427,5.476459190850068,5.848841937340189e-05,6938.132613011
49610,101601280,1.7815581560134888,,,5.8445888541676055e-05,6939.265877104
49620,101621760,1.8679999113082886,,,5.840338574218753e-05,6940.482493994
49630,101642240,1.5665223598480225,,,5.836091098611795e-05,6941.726731645
49640,101662720,1.7387070655822754,,,5.831846428464164e-05,6942.931463738
49650,101683200,1.7466579675674438,,,5.827604564892543e-05,6944.092488333
49660,101703680,1.8312466144561768,,,5.823365509012885e-05,6945.372001819999
49670,101724160,1.5731321573257446,,,5.8191292619403926e-05,6946.510721508
49680,101744640,1.6116714477539062,,,5.81489582478954e-05,6947.8117718329995
49690,101765120,1.9081913232803345,,,5.810665198674056e-05,6948.983931463999
49700,101785600,1.7418131828308105,1.6984198093414307,5.465304341825127,5.806437384706942e-05,6951.478369078
49710,101806080,1.5590403079986572,,,5.802212384000445e-05,6952.736969936
49720,101826560,1.776015043258667,,,5.7979901976660755e-05,6953.927217146
49730,101847040,1.6442064046859741,,,5.7937708268146075e-05,6955.100980286
49740,101867520,1.7550389766693115,,,5.7895542725560755e-05,6956.307777243
49750,101888000,1.4614250659942627,,,5.785340535999765e-05,6957.479548095
49760,101908480,1.59651517868042,,,5.7811296182542216e-05,6958.689014295999
49770,101928960,1.7820930480957031,,,5.7769215204272624e-05,6959.858399551999
49780,101949440,1.6736586093902588,,,5.772716243625953e-05,6961.143104022999
49790,101969920,1.614696979522705,,,5.7685137889566086e-05,6962.333256016999
49800,101990400,1.834589958190918,1.700219053030014,5.475146607830661,5.764314157524814e-05,6964.432725735999
49810,102010880,1.6434248685836792,,,5.760117350435408e-05,6965.673992206
49820,102031360,1.68851637840271,,,5.755923368792489e-05,6966.985248788
49830,102051840,1.7897107601165771,,,5.7517322136993985e-05,6968.186803903999
49840,102072320,1.9227583408355713,,,5.747543886258757e-05,6969.447065359
49850,102092800,1.5854783058166504,,,5.743358387572422e-05,6970.661760599999
49860,102113280,1.7359156608581543,,,5.739175718741517e-05,6971.813195652
49870,102133760,1.7426927089691162,,,5.734995880866421e-05,6972.971573522999
49880,102154240,1.7315096855163574,,,5.7308188750467554e-05,6974.339068034999
49890,102174720,1.5837805271148682,,,5.726644702381413e-05,6975.568424157999
49900,102195200,1.7533907890319824,1.6999725997447968,5.473797406226527,5.722473363968527e-05,6977.543895927999
49910,102215680,1.7294840812683105,,,5.718304860905508e-05,6978.748846018
49920,102236160,1.8210322856903076,,,5.714139194288991e-05,6979.919190221
49930,102256640,1.5029840469360352,,,5.709976365214882e-05,6981.166338104999
49940,102277120,2.0444655418395996,,,5.705816374778339e-05,6982.4411639499995
49950,102297600,1.627561330795288,,,5.701659224073775e-05,6983.697024411
49960,102318080,1.5118122100830078,,,5.697504914194845e-05,6984.974157260999
49970,102338560,1.6557838916778564,,,5.693353446234464e-05,6986.071963013
49980,102359040,1.7684741020202637,,,5.689204821284807e-05,6987.295086116
49990,102379520,1.6373984813690186,,,5.685059040437293e-05,6988.653468285
50000,102400000,1.7169570922851562,1.6976903975009918,5.461319337657892,5.6809161047825864e-05,6991.166874109
50010,102420480,1.9042243957519531,,,5.6767760154106145e-05,6993.690390502
50020,102440960,1.9861048460006714,,,5.672638773410548e-05,6994.920963481999
50030,102461440,1.7004919052124023,,,5.6685043798708174e-05,6996.12386975
50040,102481920,1.938812494277954,,,5.664372835879093e-05,6997.308536998999
50050,102502400,1.7814152240753174,,,5.660244142522304e-05,6998.538752764
50060,102522880,1.7261865139007568,,,5.656118300886624e-05,6999.659912312999
50070,102543360,1.7584521770477295,,,5.651995312057482e-05,7000.847519316
50080,102563840,1.7144019603729248,,,5.6478751771195524e-05,7002.0895863509995
50090,102584320,1.7651580572128296,,,5.6437578971567556e-05,7003.33957443
50100,102604800,1.681280493736267,1.6981978476047517,5.464091388001585,5.639643473252264e-05,7005.329375724999
50110,102625280,1.5691590309143066,,,5.6355319064885066e-05,7006.669104038
50120,102645760,1.7117820978164673,,,5.6314231979471524e-05,7007.939366156
50130,102666240,1.8891839981079102,,,5.6273173487091156e-05,7009.138646004
50140,102686720,1.6339527368545532,,,5.6232143598545645e-05,7010.25854523
50150,102707200,1.829392671585083,,,5.619114232462911e-05,7011.461926395999
50160,102727680,1.7688589096069336,,,5.615016967612822e-05,7012.709517169999
50170,102748160,1.890547275543213,,,5.6109225663821926e-05,7013.959078041999
50180,102768640,1.9222313165664673,,,5.6068310298481875e-05,7015.1996352609995
50190,102789120,1.6109446287155151,,,5.6027423590872065e-05,7016.5000365999995
50200,102809600,1.7747249603271484,1.6988268971443177,5.467529653479634,5.598656555174898e-05,7018.584715619
50210,102830080,1.753326654434204,,,5.59457361918615e-05,7019.79757868
50220,102850560,1.5368983745574951,,,5.5904935521951e-05,7021.038976198
50230,102871040,1.6160988807678223,,,5.58641635527513e-05,7022.236462275
50240,102891520,1.6555774211883545,,,5.5823420294988805e-05,7023.423195136
50250,102912000,1.7180339097976685,,,5.5782705759382104e-05,7024.5440505589995
50260,102932480,1.6119723320007324,,,5.574201995664243e-05,7025.7271084799995
50270,102952960,1.7301504611968994,,,5.5701362897473384e-05,7026.855294668
50280,102973440,1.7876904010772705,,,5.566073459257102e-05,7028.273776405999
50290,102993920,1.76846444606781,,,5.562013505262387e-05,7029.528808356999
50300,103014400,1.6851962804794312,1.698949581384659,5.468200474350447,5.557956428831275e-05,7031.476223606999
50310,103034880,1.9407838582992554,,,5.553902231031111e-05,7032.681471139999
50320,103055360,1.7038090229034424,,,5.5498509129284674e-05,7033.957867403999
50330,103075840,1.8930928707122803,,,5.5458024755891696e-05,7035.136789286
50340,103096320,2.0005319118499756,,,5.541756920078273e-05,7036.328009614
50350,103116800,1.5992398262023926,,,5.5377142474600845e-05,7037.529457619
50360,103137280,1.8393139839172363,,,5.533674458798151e-05,7038.756659899
50370,103157760,1.5873552560806274,,,5.529637555155258e-05,7039.949187603
50380,103178240,1.9082624912261963,,,5.525603537593431e-05,7041.204620611
50390,103198720,1.6170390844345093,,,5.5215724071739435e-05,7042.447655319
50400,103219200,1.6599929332733154,1.6971672594547271,5.4584630609082225,5.517544164957303e-05,7044.804945387999
50410,103239680,1.7646716833114624,,,5.5135188120032606e-05,7045.973833415
50420,103260160,1.7594952583312988,,,5.5094963493708006e-05,7047.108319702999
50430,103280640,1.8268828392028809,,,5.505476778118154e-05,7048.368770161
50440,103301120,1.5963871479034424,,,5.5014600993027844e-05,7049.5541207589995
50450,103321600,1.74193274974823,,,5.497446313981413e-05,7050.816862387
50460,103342080,2.0191588401794434,,,5.4934354232099714e-05,7052.098464281999
50470,103362560,1.8517065048217773,,,5.489427428043649e-05,7053.529101461
50480,103383040,1.9440617561340332,,,5.485422329536871e-05,7054.745642096
50490,103403520,1.6468428373336792,,,5.481420128743293e-05,7056.092655898
50500,103424000,1.8257558345794678,1.6958068311214447,5.451042261981058,5.47742082671582e-05,7058.577650875
50510,103444480,1.9789280891418457,,,5.473424424506577e-05,7060.722576596
50520,103464960,1.8066715002059937,,,5.4694309231669475e-05,7062.0121972669995
50530,103485440,1.5603303909301758,,,5.4654403237475375e-05,7063.3255474729995
50540,103505920,1.9365532398223877,,,5.461452627298195e-05,7064.520502732
50550,103526400,1.8293728828430176,,,5.457467834867997e-05,7065.91271764
50560,103546880,1.590754508972168,,,5.4534859475052655e-05,7067.151612536999
50570,103567360,1.697822093963623,,,5.4495069662575526e-05,7068.373148418
50580,103587840,1.63234543800354,,,5.4455308921716556e-05,7069.586237302
50590,103608320,1.7249462604522705,,,5.44155772629359e-05,7070.760297602
50600,103628800,1.93543541431427,1.697417825460434,5.45983093755923,5.4375874696686196e-05,7072.895183641999
50610,103649280,1.8308305740356445,,,5.4336201233412376e-05,7074.186997144
50620,103669760,2.104785919189453,,,5.4296556883551794e-05,7075.335117027
50630,103690240,1.912842035293579,,,5.425694165753398e-05,7076.4273520589995
50640,103710720,1.783796787261963,,,5.4217355565780906e-05,7077.7290119
50650,103731200,1.8194539546966553,,,5.417779861870694e-05,7078.957841394
50660,103751680,1.8041967153549194,,,5.4138270826718726e-05,7080.268393228999
50670,103772160,1.7790541648864746,,,5.4098772200215164e-05,7081.717186958
50680,103792640,1.43174147605896,,,5.405930274958758e-05,7082.931973833
50690,103813120,1.7206426858901978,,,5.401986248521957e-05,7084.237558485999
50700,103833600,1.777249813079834,1.6967206358909608,5.456025727009163,5.398045141748711e-05,7086.01895934
50710,103854080,1.9015140533447266,,,5.394106955675838e-05,7087.163198112999
50720,103874560,1.9976328611373901,,,5.3901716913394045e-05,7088.5149964699995
50730,103895040,1.6017004251480103,,,5.386239349774694e-05,7089.70262733
50740,103915520,1.9093832969665527,,,5.3823099320162286e-05,7090.862484332999
50750,103936000,1.6568098068237305,,,5.37838343909776e-05,7091.960744677
50760,103956480,1.5760469436645508,,,5.374459872052264e-05,7093.198996456999
50770,103976960,1.6959729194641113,,,5.370539231911956e-05,7094.408559179999
50780,103997440,1.8444814682006836,,,5.3666215197082706e-05,7095.595810903999
50790,104017920,1.5065553188323975,,,5.3627067364718926e-05,7096.799416715
50800,104038400,1.7495815753936768,1.696575391292572,5.455233326291001,5.358794883232712e-05,7098.590384201
50810,104058880,1.8879930973052979,,,5.354885961019859e-05,7099.773746857999
50820,104079360,1.948943018913269,,,5.350979970861695e-05,7100.928015548
50830,104099840,1.551033854484558,,,5.34707691378581e-05,7102.035033966999
50840,104120320,1.8230438232421875,,,5.343176790819013e-05,7103.108542314
50850,104140800,1.8032492399215698,,,5.339279602987347e-05,7104.402807097
50860,104161280,1.5856165885925293,,,5.335385351316089e-05,7105.975921355
50870,104181760,1.946723222732544,,,5.33149403682974e-05,7107.1649011
50880,104202240,1.937161922454834,,,5.327605660552021e-05,7108.348472707
50890,104222720,1.5421942472457886,,,5.3237202235058844e-05,7109.5794583199995
50900,104243200,1.8679306507110596,1.6980160355567933,5.463098040660094,5.3198377267135136e-05,7111.3907611019995
50910,104263680,1.6967954635620117,,,5.315958171196318e-05,7112.579229923
50920,104284160,1.5001972913742065,,,5.31208155797492e-05,7113.7991579869995
50930,104304640,1.758901834487915,,,5.30820788806919e-05,7114.977121143999
50940,104325120,2.1297197341918945,,,5.304337162498205e-05,7116.103906984
50950,104345600,1.586695909500122,,,5.300469382280278e-05,7117.162433803999
50960,104366080,1.7733534574508667,,,5.296604548432947e-05,7118.250584242
50970,104386560,1.7412406206130981,,,5.2927426619729645e-05,7119.4676645399995
50980,104407040,1.6260910034179688,,,5.2888837239163156e-05,7120.628821126
50990,104427520,1.6747386455535889,,,5.2850277352782156e-05,7121.735801889
51000,104448000,1.5935969352722168,1.6973272502422332,5.459336434575917,5.281174697073096e-05,7123.515326874999
51010,104468480,1.6802551746368408,,,5.277324610314609e-05,7125.763842193
51020,104488960,1.7702869176864624,,,5.273477476015637e-05,7127.141529472
51030,104509440,1.7450315952301025,,,5.2696332951882826e-05,7128.3594032559995
51040,104529920,1.9197685718536377,,,5.265792068843877e-05,7129.582119145999
51050,104550400,1.7677345275878906,,,5.261953797992957e-05,7130.857621601
51060,104570880,1.7199164628982544,,,5.258118483645307e-05,7131.935400142
51070,104591360,1.9401099681854248,,,5.254286126809917e-05,7133.155582312
51080,104611840,1.7269423007965088,,,5.250456728495006e-05,7134.759312601
51090,104632320,1.674996018409729,,,5.246630289708003e-05,7135.984761109
51100,104652800,1.692920207977295,1.6945433914661407,5.444159547887057,5.242806811455571e-05,7138.165451005
51110,104673280,1.7159160375595093,,,5.2389862947435924e-05,7139.430229224
51120,104693760,1.5187954902648926,,,5.235168740577164e-05,7140.697198186
51130,104714240,1.553567886352539,,,5.231354149960611e-05,7141.921070817999
51140,104734720,1.7985507249832153,,,5.227542523897474e-05,7143.065221133
51150,104755200,1.686662197113037,,,5.223733863390516e-05,7144.432369611
51160,104775680,1.7350776195526123,,,5.219928169441715e-05,7145.742389402
51170,104796160,1.666106939315796,,,5.2161254430522784e-05,7146.831903707999
51180,104816640,1.698994517326355,,,5.212325685222619e-05,7148.164564473
51190,104837120,1.6682417392730713,,,5.208528896952379e-05,7149.432896707
51200,104857600,1.650848388671875,1.694768136739731,5.445383234517857,5.204735079240421e-05,7151.239211024999
51210,104878080,1.8005523681640625,,,5.200944233084823e-05,7152.665472956
51220,104898560,1.8630303144454956,,,5.1971563594828726e-05,7154.0461919849995
51230,104919040,1.8739088773727417,,,5.1933714594310875e-05,7155.3260106
51240,104939520,1.793326735496521,,,5.1895895339251974e-05,7156.667533457
51250,104960000,1.7098075151443481,,,5.1858105839601545e-05,7157.957737289999
51260,104980480,1.7390211820602417,,,5.182034610530114e-05,7159.278429708999
51270,105000960,1.790635108947754,,,5.178261614628468e-05,7160.471348229999
51280,105021440,1.6562960147857666,,,5.174491597247814e-05,7161.833149506
51290,105041920,1.9603564739227295,,,5.170724559379969e-05,7163.0906672169995
51300,105062400,1.7533291578292847,1.692810708284378,5.434734711685118,5.166960502015959e-05,7165.369058649
51310,105082880,1.7143617868423462,,,5.163199426146035e-05,7166.696747898
51320,105103360,1.8569049835205078,,,5.1594413327596556e-05,7167.893371732
51330,105123840,1.595165729522705,,,5.15568622284551e-05,7168.995106240999
51340,105144320,1.9487316608428955,,,5.151934097391484e-05,7170.090760795
51350,105164800,1.9268596172332764,,,5.148184957384685e-05,7171.309719509999
51360,105185280,1.8555543422698975,,,5.144438803811441e-05,7172.5298335
51370,105205760,1.7515621185302734,,,5.1406956376572855e-05,7174.046661878
51380,105226240,1.759347915649414,,,5.136955459906975e-05,7175.253385739999
51390,105246720,1.6180446147918701,,,5.133218271544466e-05,7176.413951154
51400,105267200,1.749031662940979,1.6927017867565155,5.434142784314196,5.129484073552944e-05,7178.672712434999
51410,105287680,1.7360460758209229,,,5.125752866914802e-05,7180.059283776
51420,105308160,1.7049750089645386,,,5.122024652611646e-05,7181.180075711999
51430,105328640,1.6964973211288452,,,5.118299431624287e-05,7182.235683971
51440,105349120,1.7236692905426025,,,5.11457720493276e-05,7183.367129976999
51450,105369600,1.5156596899032593,,,5.110857973516307e-05,7184.4728082189995
51460,105390080,1.7640995979309082,,,5.107141738353384e-05,7185.847036611999
51470,105410560,2.004385232925415,,,5.103428500421656e-05,7187.3033831739995
51480,105431040,1.5486339330673218,,,5.099718260698003e-05,7188.483860527
51490,105451520,1.7994166612625122,,,5.096011020158511e-05,7189.596027401999
51500,105472000,1.8642504215240479,1.6932265996932983,5.436995441237882,5.092306779778487e-05,7191.340692168
51510,105492480,1.557188868522644,,,5.0886055405324324e-05,7193.579290430999
51520,105512960,1.6260840892791748,,,5.084907303394074e-05,7194.896281274
51530,105533440,1.887967824935913,,,5.08121206933634e-05,7196.121920105
51540,105553920,1.602442741394043,,,5.0775198393313795e-05,7197.373956316
51550,105574400,1.6148707866668701,,,5.073830614350537e-05,7198.542734002
51560,105594880,1.8364157676696777,,,5.070144395364373e-05,7199.894722284
51570,105615360,1.7165229320526123,,,5.0664611833426616e-05,7201.095090709
51580,105635840,1.6591131687164307,,,5.062780979254379e-05,7202.262881944
51590,105656320,1.659232258796692,,,5.059103784067714e-05,7203.419902974
51600,105676800,1.488539695739746,1.6929389894008637,5.435431930240768,5.0554295987500566e-05,7205.303485759
51610,105697280,1.614912986755371,,,5.0517584242680186e-05,7206.501327892999
51620,105717760,1.6380083560943604,,,5.048090261587409e-05,7207.615691599
51630,105738240,1.8060029745101929,,,5.044425111673251e-05,7208.74068072
51640,105758720,1.8490766286849976,,,5.040762975489765e-05,7210.0763983589995
51650,105779200,1.7624354362487793,,,5.037103854000388e-05,7211.25191646
51660,105799680,1.9020423889160156,,,5.033447748167757e-05,7212.438847172999
51670,105820160,1.790149450302124,,,5.029794658953732e-05,7213.568008052
51680,105840640,1.6763474941253662,,,5.026144587319354e-05,7214.7236675369995
51690,105861120,1.5861170291900635,,,5.0224975342248907e-05,7215.843529154
51700,105881600,1.6034619808197021,1.6936068475246429,5.439063240076541,5.018853500629804e-05,7217.706333507999
51710,105902080,1.8032399415969849,,,5.01521248749277e-05,7218.9202330769995
51720,105922560,1.7142932415008545,,,5.011574495771661e-05,7220.172733143
51730,105943040,1.6794002056121826,,,5.00793952642356e-05,7221.405521719
51740,105963520,1.990905523300171,,,5.004307580404757e-05,7222.8499096489995
51750,105984000,1.9636014699935913,,,5.000678658670744e-05,7224.247544437
51760,106004480,1.7212014198303223,,,4.997052762176214e-05,7225.702107491999
51770,106024960,1.6674376726150513,,,4.993429891875069e-05,7226.822607759
51780,106045440,1.727469801902771,,,4.989810048720412e-05,7228.254538099999
51790,106065920,1.8911621570587158,,,4.9861932336645546e-05,7229.667258078
51800,106086400,1.727349042892456,1.6930489778518676,5.436029797857976,4.982579447658999e-05,7231.585740623
51810,106106880,1.5597739219665527,,,4.9789686916544676e-05,7232.790739343
51820,106127360,1.7551476955413818,,,4.975360966600874e-05,7233.939510841
51830,106147840,1.8191357851028442,,,4.9717562734473405e-05,7235.065852998
51840,106168320,1.8210477828979492,,,4.96815461314219e-05,7236.232256165999
51850,106188800,1.675676941871643,,,4.964555986632941e-05,7237.434348427
51860,106209280,1.853665828704834,,,4.9609603948663235e-05,7238.705169030999
51870,106229760,1.4697186946868896,,,4.957367838788262e-05,7239.901835861
51880,106250240,1.4158804416656494,,,4.953778319343892e-05,7241.0330275589995
51890,106270720,2.006995916366577,,,4.950191837477537e-05,7242.391153404999
51900,106291200,1.7153007984161377,1.6923765420913697,5.432375645755729,4.946608394132732e-05,7244.748430425
51910,106311680,1.77462899684906,,,4.943027990252206e-05,7246.203484088
51920,106332160,1.984998106956482,,,4.9394506267778956e-05,7247.6861248039995
51930,106352640,1.7023711204528809,,,4.935876304650927e-05,7248.917245477
51940,106373120,1.5823851823806763,,,4.9323050248116325e-05,7250.440094615999
51950,106393600,1.8188931941986084,,,4.9287367881995474e-05,7251.709870337
51960,106414080,1.7666370868682861,,,4.925171595753406e-05,7252.999443414999
51970,106434560,1.6440813541412354,,,4.9216094484111315e-05,7254.355371553
51980,106455040,1.7007412910461426,,,4.918050347109855e-05,7255.675938636
51990,106475520,1.6967602968215942,,,4.914494292785905e-05,7256.870719788999
52000,106496000,2.0161619186401367,1.6898495137691498,5.418665209268714,4.9109412863748106e-05,7259.312643267999
52010,106516480,1.9705731868743896,,,4.9073913288112884e-05,7261.713535636999
52020,106536960,1.8632819652557373,,,4.903844421029267e-05,7262.9503359479995
52030,106557440,1.9195305109024048,,,4.900300563961863e-05,7264.555951486
52040,106577920,1.828679084777832,,,4.896759758541397e-05,7265.710815179
52050,106598400,1.6305873394012451,,,4.893222005699385e-05,7266.915912277
52060,106618880,1.8557286262512207,,,4.889687306366533e-05,7268.04389218
52070,106639360,1.9369895458221436,,,4.8861556614727466e-05,7269.229677959999
52080,106659840,2.0092613697052,,,4.8826270719471386e-05,7270.4375800279995
52090,106680320,1.8104431629180908,,,4.87910153871801e-05,7271.814319554
52100,106700800,1.9522868394851685,1.6910119831562043,5.424967904328463,4.8755790627128494e-05,7273.616176716
52110,106721280,1.4912079572677612,,,4.872059644858354e-05,7274.903970917
52120,106741760,1.552121877670288,,,4.868543286080411e-05,7276.0912613929995
52130,106762240,1.81009840965271,,,4.865029987304107e-05,7277.290931922999
52140,106782720,1.7554256916046143,,,4.86151974945371e-05,7278.582608259
52150,106803200,1.6775139570236206,,,4.8580125734527024e-05,7279.788753680999
52160,106823680,1.5628502368927002,,,4.854508460223748e-05,7281.128159527
52170,106844160,1.712930679321289,,,4.851007410688714e-05,7282.565370290999
52180,106864640,1.6350162029266357,,,4.847509425768644e-05,7283.806143831999
52190,106885120,1.6714863777160645,,,4.844014506383796e-05,7285.14674657
52200,106905600,1.532868504524231,1.6889529943466186,5.413809447631953,4.8405226534536106e-05,7287.472171245
52210,106926080,1.5752328634262085,,,4.8370338678967235e-05,7288.671828795
52220,106946560,1.6714670658111572,,,4.8335481506309654e-05,7289.881657879
52230,106967040,1.5061300992965698,,,4.830065502573355e-05,7291.142641223
52240,106987520,1.758812665939331,,,4.826585924640111e-05,7292.422705759999
52250,107008000,1.9147851467132568,,,4.823109417746637e-05,7293.635178628
52260,107028480,1.8162691593170166,,,4.819635982807535e-05,7295.015552693
52270,107048960,1.7269086837768555,,,4.816165620736591e-05,7296.457244840999
52280,107069440,1.949603796005249,,,4.812698332446788e-05,7297.901411607
52290,107089920,1.5846809148788452,,,4.809234118850303e-05,7299.171465701999
52300,107110400,1.5156407356262207,1.6881705582141877,5.409575144258031,4.8057729808585016e-05,7301.623371369999
52310,107130880,1.6698805093765259,,,4.802314919381935e-05,7302.970418640999
52320,107151360,1.5940053462982178,,,4.798859935330351e-05,7304.248610596
52330,107171840,1.6283249855041504,,,4.7954080296126866e-05,7305.610238118
52340,107192320,1.8094857931137085,,,4.791959203137072e-05,7307.190827564999
52350,107212800,1.6334497928619385,,,4.788513456810813e-05,7308.694991625999
52360,107233280,1.9128925800323486,,,4.785070791540427e-05,7309.930660667
52370,107253760,1.819352388381958,,,4.781631208231606e-05,7311.240123012999
52380,107274240,1.7892733812332153,,,4.778194707789237e-05,7312.617870576999
52390,107294720,1.658174991607666,,,4.774761291117391e-05,7313.80281512
52400,107315200,1.8502769470214844,1.6887306690216064,5.412605954475415,4.771330959119331e-05,7315.691634137
52410,107335680,1.739264965057373,,,4.7679037126975046e-05,7316.900183643999
52420,107356160,1.6231492757797241,,,4.764479552753563e-05,7318.138773928999
52430,107376640,1.6976667642593384,,,4.7610584801883215e-05,7319.400800732
52440,107397120,1.744786262512207,,,4.757640495901801e-05,7320.640432084
52450,107417600,1.525420904159546,,,4.754225600793202e-05,7322.019643256
52460,107438080,1.6569709777832031,,,4.750813795760917e-05,7323.435803288
52470,107458560,1.7757070064544678,,,4.747405081702524e-05,7324.685800720999
52480,107479040,1.5546467304229736,,,4.743999459514778e-05,7326.087978017
52490,107499520,1.77830970287323,,,4.74059693009364e-05,7327.328840290999
52500,107520000,1.5174270868301392,1.6881898820400238,5.409679678955968,4.7371974943342425e-05,7329.277874430999
52510,107540480,1.6109018325805664,,,4.733801153130911e-05,7331.677445881999
52520,107560960,1.7538424730300903,,,4.7304079073771504e-05,7333.066117493
52530,107581440,1.8912112712860107,,,4.727017757965657e-05,7334.486680715
52540,107601920,1.8930796384811401,,,4.72363070578831e-05,7335.6528083759995
52550,107622400,1.5474568605422974,,,4.7202467517361765e-05,7336.825436098
52560,107642880,1.4938844442367554,,,4.716865896699503e-05,7338.063725683999
52570,107663360,1.7194911241531372,,,4.713488141567729e-05,7339.448400820999
52580,107683840,1.6324329376220703,,,4.710113487229471e-05,7340.857521792
52590,107704320,1.637682557106018,,,4.7067419345725355e-05,7342.196170254
52600,107724800,1.7334961891174316,1.6871460676193237,5.404035923324891,4.703373484483904e-05,7344.588581092
52610,107745280,1.7430599927902222,,,4.7000081378497505e-05,7345.924327774
52620,107765760,1.9682228565216064,,,4.696645895555428e-05,7347.573594553999
52630,107786240,1.9246368408203125,,,4.693286758485483e-05,7349.162590954999
52640,107806720,1.782149076461792,,,4.689930727523628e-05,7350.4777679829995
52650,107827200,1.8648489713668823,,,4.6865778035527693e-05,7351.762924041
52660,107847680,1.6388338804244995,,,4.683227987454994e-05,7352.973276729
52670,107868160,1.8898341655731201,,,4.679881280111573e-05,7354.246153063
52680,107888640,1.7700456380844116,,,4.676537682402953e-05,7355.475442165999
52690,107909120,1.8116893768310547,,,4.673197195208771e-05,7356.797070787
52700,107929600,1.9626197814941406,1.6882712185382842,5.410119701252458,4.669859819407841e-05,7358.897328427999
52710,107950080,1.698275089263916,,,4.6665255558781576e-05,7360.0946824249995
52720,107970560,1.7968974113464355,,,4.663194405496903e-05,7361.559767603
52730,107991040,1.663010597229004,,,4.65986636914043e-05,7362.916697295
52740,108011520,1.5327242612838745,,,4.656541447684279e-05,7364.136472412999
52750,108032000,1.7408726215362549,,,4.653219642003169e-05,7365.379197276
52760,108052480,1.733132004737854,,,4.649900952971007e-05,7366.810110111
52770,108072960,1.6184296607971191,,,4.646585381460865e-05,7368.243777696999
52780,108093440,1.709357738494873,,,4.643272928345006e-05,7369.630255874999
52790,108113920,1.842524766921997,,,4.639963594494871e-05,7370.932495045
52800,108134400,1.9821500778198242,1.6867653906345368,5.401979122737081,4.636657380781078e-05,7373.436833196999
52810,108154880,2.0268478393554688,,,4.633354288073423e-05,7374.66328621
52820,108175360,1.866081953048706,,,4.630054317240881e-05,7376.309477364
52830,108195840,1.744682788848877,,,4.6267574691516166e-05,7377.754728602999
52840,108216320,1.6686737537384033,,,4.6234637446729595e-05,7378.950416217
52850,108236800,1.6993045806884766,,,4.620173144671419e-05,7380.322680798
52860,108257280,1.974139928817749,,,4.6168856700126904e-05,7381.5760540619995
52870,108277760,1.81787109375,,,4.613601321561638e-05,7382.958599144999
52880,108298240,1.6113351583480835,,,4.6103201001823125e-05,7384.1168787629995
52890,108318720,1.7628326416015625,,,4.607042006737929e-05,7385.452607816
52900,108339200,1.552585244178772,1.6856423616409302,5.395915948756713,4.603767042090894e-05,7388.297180082999
52910,108359680,1.8023114204406738,,,4.600495207102783e-05,7389.499462278999
52920,108380160,1.6763145923614502,,,4.597226502634353e-05,7390.892237036999
52930,108400640,2.012176275253296,,,4.593960929545531e-05,7392.029339444999
52940,108421120,1.9202220439910889,,,4.5906984886954236e-05,7393.2467143779995
52950,108441600,1.589302897453308,,,4.587439180942308e-05,7394.413746555
52960,108462080,1.7308695316314697,,,4.584183007143653e-05,7395.477744899
52970,108482560,1.7798340320587158,,,4.5809299681560886e-05,7396.638976476
52980,108503040,1.879496455192566,,,4.577680064835419e-05,7397.75511365
52990,108523520,1.6272478103637695,,,4.5744332980366304e-05,7398.875006892999
53000,108544000,1.7351155281066895,1.6839737594127655,5.386919818950025,4.5711896686138837e-05,7401.431982798999
53010,108564480,1.4921678304672241,,,4.567949177420514e-05,7404.022943392999
53020,108584960,1.7256810665130615,,,4.56471182530902e-05,7405.197959529999
53030,108605440,1.5814036130905151,,,4.561477613131093e-05,7406.442390302
53040,108625920,1.9495209455490112,,,4.558246541737587e-05,7407.6433006
53050,108646400,1.9810667037963867,,,4.555018611978533e-05,7408.931492277
53060,108666880,1.6354423761367798,,,4.551793824703129e-05,7410.264051728999
53070,108687360,1.476479172706604,,,4.548572180759754e-05,7411.523305796999
53080,108707840,1.7040574550628662,,,4.545353680995959e-05,7412.6103140939995
53090,108728320,1.7817347049713135,,,4.542138326258466e-05,7413.7855233909995
53100,108748800,1.7110087871551514,1.6862571120262146,5.399234109981119,4.538926117393167e-05,7415.597967905
53110,108769280,1.7665451765060425,,,4.535717055245133e-05,7416.883902261
53120,108789760,1.6803076267242432,,,4.532511140658602e-05,7418.111794478999
53130,108810240,1.7982125282287598,,,4.5293083744769855e-05,7419.384985438
53140,108830720,1.779022216796875,,,4.52610875754287e-05,7420.789134938
53150,108851200,1.602203130722046,,,4.522912290698005e-05,7422.123769859
53160,108871680,1.958223819732666,,,4.5197189747833136e-05,7423.497992628
53170,108892160,1.8990814685821533,,,4.5165288106389025e-05,7424.649953304
53180,108912640,1.7862279415130615,,,4.513341799104036e-05,7425.818534155
53190,108933120,1.7753322124481201,,,4.5101579410171494e-05,7427.056080784
53200,108953600,1.6270012855529785,1.6861509680747986,5.398661044352329,4.506977237215853e-05,7429.113808988
53210,108974080,1.857774019241333,,,4.503799688536927e-05,7430.337390594
53220,108994560,1.6972360610961914,,,4.500625295816321e-05,7431.537167504
53230,109015040,1.7627089023590088,,,4.497454059889148e-05,7432.757480924999
53240,109035520,1.7874280214309692,,,4.4942859815897027e-05,7434.207523464
53250,109056000,1.7512402534484863,,,4.491121061751441e-05,7435.511730892999
53260,109076480,1.6898679733276367,,,4.487959301206989e-05,7436.638625230999
53270,109096960,1.8288185596466064,,,4.4848007007881425e-05,7437.779063450999
53280,109117440,1.5508170127868652,,,4.4816452613258626e-05,7439.039074116
53290,109137920,1.8184001445770264,,,4.478492983650282e-05,7440.322744745
53300,109158400,1.3749499320983887,1.6862879812717437,5.399400782837049,4.475343868590709e-05,7442.176159571999
53310,109178880,1.6339744329452515,,,4.4721979169756054e-05,7443.293088333
53320,109199360,2.000420570373535,,,4.469055129632608e-05,7444.5534392889995
53330,109219840,2.059769630432129,,,4.465915507388521e-05,7445.848670474
53340,109240320,1.8502209186553955,,,4.462779051069317e-05,7447.305847589
53350,109260800,1.9024180173873901,,,4.459645761500138e-05,7448.658100026
53360,109281280,1.6270915269851685,,,4.456515639505278e-05,7449.846745188
53370,109301760,1.7145988941192627,,,4.453388685908218e-05,7451.127300568
53380,109322240,1.747572422027588,,,4.4502649015315966e-05,7452.438149642
53390,109342720,1.6733803749084473,,,4.447144287197218e-05,7453.770520188999
53400,109363200,1.6183781623840332,1.6857627391815186,5.396565534944855,4.4440268437260486e-05,7455.5004291
53410,109383680,1.5116925239562988,,,4.4409125719382266e-05,7456.713139963
53420,109404160,1.7020795345306396,,,4.4378014726530556e-05,7458.0218915489995
53430,109424640,1.5496389865875244,,,4.434693546689004e-05,7459.302115964
53440,109445120,1.761668086051941,,,4.431588794863702e-05,7460.725431686999
53450,109465600,1.523918867111206,,,4.428487217993947e-05,7462.190591529
53460,109486080,1.662226915359497,,,4.4253888168957025e-05,7463.379233425
53470,109506560,1.6215717792510986,,,4.422293592384099e-05,7464.585424745
53480,109527040,1.709146499633789,,,4.419201545273421e-05,7466.073220832
53490,109547520,1.7090532779693604,,,4.416112676377126e-05,7467.191218118
53500,109568000,1.9124033451080322,1.685128527879715,5.393144057176288,4.413026986507831e-05,7469.041437211999
53510,109588480,1.8869240283966064,,,4.4099444764773275e-05,7471.371587074
53520,109608960,1.5461485385894775,,,4.406865147096552e-05,7472.569261477
53530,109629440,1.5963037014007568,,,4.403788999175618e-05,7474.044600143
53540,109649920,1.5883469581604004,,,4.400716033523797e-05,7475.421889139
53550,109670400,1.8544371128082275,,,4.397646250949526e-05,7476.598147034
53560,109690880,1.5808097124099731,,,4.394579652260404e-05,7477.745255411
53570,109711360,1.6234283447265625,,,4.3915162382631825e-05,7478.8999040749995
53580,109731840,1.5457189083099365,,,4.388456009763794e-05,7480.041182055
53590,109752320,1.760368824005127,,,4.3853989675673195e-05,7481.165259361999
53600,109772800,1.5167396068572998,1.6846057593822479,5.390325428170311,4.382345112478007e-05,7483.3231618439995
53610,109793280,1.8276792764663696,,,4.3792944452992596e-05,7484.416735221
53620,109813760,1.7642905712127686,,,4.3762469668336495e-05,7485.571288794999
53630,109834240,1.7474005222320557,,,4.373202677882903e-05,7486.934230541
53640,109854720,1.7627503871917725,,,4.370161579247918e-05,7488.103727426999
53650,109875200,1.9217207431793213,,,4.367123671728741e-05,7489.317594380999
53660,109895680,1.812755823135376,,,4.3640889561245854e-05,7490.499031475
53670,109916160,1.6300901174545288,,,4.361057433233825e-05,7491.782747475
53680,109936640,1.780205488204956,,,4.3580291038539934e-05,7493.08745156
53690,109957120,1.6186549663543701,,,4.355003968781777e-05,7494.338871499
53700,109977600,1.6727144718170166,1.6838295400142669,5.386142976633188,4.3519820288130296e-05,7496.705401454999
53710,109998080,1.754446029663086,,,4.348963284742768e-05,7498.033970923
53720,110018560,1.6983931064605713,,,4.345947737365161e-05,7499.201727064999
53730,110039040,1.6389176845550537,,,4.342935387473534e-05,7500.49522125
53740,110059520,1.5479787588119507,,,4.339926235860379e-05,7501.780169548
53750,110080000,1.6667208671569824,,,4.336920283317343e-05,7503.004493961999
53760,110100480,1.5455758571624756,,,4.333917530635229e-05,7504.256131771
53770,110120960,1.650489091873169,,,4.330917978604005e-05,7505.417743147
53780,110141440,1.8728432655334473,,,4.327921628012788e-05,7506.659179547999
53790,110161920,1.7700392007827759,,,4.324928479649859e-05,7507.887015035999
53800,110182400,1.6083531379699707,1.6834067761898042,5.383866391492112,4.321938534302658e-05,7510.1917146549995
53810,110202880,1.6270078420639038,,,4.3189517927577775e-05,7511.40028938
53820,110223360,1.6149799823760986,,,4.315968255800966e-05,7512.604755113999
53830,110243840,1.7686033248901367,,,4.312987924217133e-05,7513.736398882
53840,110264320,1.685166835784912,,,4.310010798790345e-05,7514.882643489
53850,110284800,1.7456741333007812,,,4.307036880303826e-05,7516.07468646
53860,110305280,1.8118457794189453,,,4.30406616953995e-05,7517.2011575589995
53870,110325760,1.4894046783447266,,,4.3010986672802526e-05,7518.537415549
53880,110346240,1.6434658765792847,,,4.298134374305423e-05,7519.710135356
53890,110366720,1.679214596748352,,,4.2951732913953095e-05,7520.865096338
53900,110387200,1.592156171798706,1.6839040637016296,5.386544386825568,4.292215419328911e-05,7522.840716981999
53910,110407680,1.7611747980117798,,,4.2892607588843796e-05,7524.014092453
53920,110428160,1.9112234115600586,,,4.2863093108390355e-05,7525.287530138
53930,110448640,2.0621232986450195,,,4.283361075969343e-05,7526.596062596
53940,110469120,1.7944672107696533,,,4.2804160550509186e-05,7527.778468202
53950,110489600,1.7324035167694092,,,4.2774742488585406e-05,7528.915119118999
53960,110510080,1.6422511339187622,,,4.274535658166139e-05,7530.1911486419995
53970,110530560,1.960503339767456,,,4.271600283746801e-05,7531.315738896
53980,110551040,1.5323015451431274,,,4.268668126372756e-05,7532.43196533
53990,110571520,1.6223115921020508,,,4.2657391868154023e-05,7533.692130836999
54000,110592000,1.776129961013794,1.6829152345657348,5.381220647362219,4.2628134658452844e-05,7536.104700663999
54010,110612480,1.7033045291900635,,,4.259890964232098e-05,7538.280498981
54020,110632960,1.845874309539795,,,4.256971682744699e-05,7539.617827310999
54030,110653440,1.7600548267364502,,,4.254055622151085e-05,7540.913298781
54040,110673920,1.7500492334365845,,,4.251142783218413e-05,7542.080598654999
54050,110694400,1.7533636093139648,,,4.248233166712997e-05,7543.266592502
54060,110714880,1.4989140033721924,,,4.2453267734002986e-05,7544.467120962
54070,110735360,1.7548171281814575,,,4.242423604044927e-05,7545.584140823999
54080,110755840,1.6720225811004639,,,4.2395236594106485e-05,7546.842776610999
54090,110776320,1.4634051322937012,,,4.236626940260383e-05,7548.206591866
54100,110796800,1.8413012027740479,1.683714109659195,5.385521288118481,4.233733447356197e-05,7550.075592769
54110,110817280,1.578443169593811,,,4.2308431814593064e-05,7551.216387783
54120,110837760,1.734135389328003,,,4.227956143330087e-05,7552.311327516999
54130,110858240,1.6878411769866943,,,4.22507233372806e-05,7553.554151421999
54140,110878720,1.7908751964569092,,,4.222191753411897e-05,7554.718171259
54150,110899200,1.7931721210479736,,,4.219314403139418e-05,7555.777084245
54160,110919680,1.7351808547973633,,,4.216440283667598e-05,7556.994883717999
54170,110940160,1.9465316534042358,,,4.213569395752559e-05,7558.209299126
54180,110960640,1.6129432916641235,,,4.210701740149574e-05,7559.322595257
54190,110981120,1.6144800186157227,,,4.207837317613067e-05,7560.483177937999
54200,111001600,1.6569571495056152,1.683249580860138,5.383020139355007,4.204976128896607e-05,7562.658233863999
54210,111022080,2.18082332611084,,,4.202118174752916e-05,7563.978915197999
54220,111042560,1.5975842475891113,,,4.199263455933865e-05,7565.351835347999
54230,111063040,1.8470813035964966,,,4.196411973190474e-05,7566.684957126
54240,111083520,1.5897929668426514,,,4.193563727272907e-05,7567.979775776
54250,111104000,1.773511290550232,,,4.1907187189304805e-05,7569.077278741
54260,111124480,2.0688180923461914,,,4.187876948911662e-05,7570.225232264999
54270,111144960,1.6037802696228027,,,4.1850384179640636e-05,7571.329027589999
54280,111165440,1.6519949436187744,,,4.1822031268344434e-05,7572.477899336999
54290,111185920,1.7304329872131348,,,4.179371076268709e-05,7573.711607302
54300,111206400,1.7561278343200684,1.683688336610794,5.385382488606308,4.1765422670119164e-05,7575.394955729999
54310,111226880,1.7355536222457886,,,4.173716699808272e-05,7576.4979616969995
54320,111247360,1.7069417238235474,,,4.170894375401117e-05,7577.961633055999
54330,111267840,1.8985364437103271,,,4.168075294532955e-05,7579.214947808
54340,111288320,2.0288095474243164,,,4.165259457945429e-05,7580.608333403
54350,111308800,1.675017237663269,,,4.162446866379329e-05,7581.813779347999
54360,111329280,1.8058803081512451,,,4.159637520574586e-05,7582.989342698
54370,111349760,1.7928522825241089,,,4.156831421270287e-05,7584.2645991009995
54380,111370240,1.8798131942749023,,,4.154028569204656e-05,7585.486514863
54390,111390720,1.6248350143432617,,,4.151228965115073e-05,7586.680126082
54400,111411200,1.6686583757400513,1.6827846050262452,5.380517746897944,4.148432609738054e-05,7589.340215431
54410,111431680,1.6883188486099243,,,4.1456395038092615e-05,7590.586890328
54420,111452160,1.8561949729919434,,,4.1428496480635084e-05,7591.723066109
54430,111472640,1.846064567565918,,,4.140063043234748e-05,7592.892426832
54440,111493120,1.5490562915802002,,,4.1372796900560836e-05,7594.1592855829995
54450,111513600,1.6460049152374268,,,4.134499589259752e-05,7595.244059676
54460,111534080,1.5593847036361694,,,4.131722741577146e-05,7596.323451854
54470,111554560,1.9467872381210327,,,4.1289491477387986e-05,7597.428418746999
54480,111575040,1.7302660942077637,,,4.126178808474389e-05,7598.5401862359995
54490,111595520,1.7526031732559204,,,4.1234117245127315e-05,7599.726130475
54500,111616000,2.156789779663086,1.6824829995632171,5.378895198048658,4.120647896581791e-05,7602.106680579
54510,111636480,1.4957294464111328,,,4.117887325408679e-05,7604.240333180999
54520,111656960,2.099022626876831,,,4.115130011719643e-05,7605.376997896
54530,111677440,1.6902625560760498,,,4.1123759562400775e-05,7606.473395471
54540,111697920,1.6046059131622314,,,4.109625159694518e-05,7607.5577791569995
54550,111718400,1.783522129058838,,,4.106877622806645e-05,7608.708753153999
54560,111738880,1.721893548965454,,,4.104133346299283e-05,7609.905910359
54570,111759360,1.6692829132080078,,,4.10139233089439e-05,7611.017535926
54580,111779840,1.6722326278686523,,,4.098654577313072e-05,7612.2482565889995
54590,111800320,2.0431418418884277,,,4.095920086275578e-05,7613.713387811999
54600,111820800,1.661019206047058,1.680370384454727,5.367543657726032,4.093188858501303e-05,7616.047800718
54610,111841280,1.6033810377120972,,,4.09046089470877e-05,7617.241671217
54620,111861760,1.6583330631256104,,,4.087736195615656e-05,7618.551309907999
54630,111882240,1.5193895101547241,,,4.085014761938772e-05,7619.7370013009995
54640,111902720,1.7669055461883545,,,4.0822965943940716e-05,7620.971071045999
54650,111923200,1.75652015209198,,,4.079581693696655e-05,7622.255866823999
54660,111943680,1.515231728553772,,,4.07687006056075e-05,7623.479290144
54670,111964160,1.658951759338379,,,4.074161695699739e-05,7624.638069645999
54680,111984640,1.802905559539795,,,4.071456599826135e-05,7625.732014806
54690,112005120,1.623744249343872,,,4.068754773651599e-05,7627.026690602
54700,112025600,1.8704063892364502,1.6809899032115936,5.370869981954031,4.06605621788692e-05,7629.047945273
54710,112046080,1.6051607131958008,,,4.063360933242036e-05,7630.3876986899995
54720,112066560,1.602935791015625,,,4.0606689204260215e-05,7631.583494718
54730,112087040,1.6801183223724365,,,4.0579801801470954e-05,7632.896741391999
54740,112107520,1.7136714458465576,,,4.055294713112608e-05,7634.1165596929995
54750,112128000,1.7727243900299072,,,4.052612520029048e-05,7635.335462685
54760,112148480,1.994539499282837,,,4.04993360160205e-05,7636.709546731
54770,112168960,1.839662790298462,,,4.047257958536386e-05,7637.880288175
54780,112189440,1.7968765497207642,,,4.044585591535958e-05,7639.311244619
54790,112209920,1.9630699157714844,,,4.041916501303811e-05,7640.567536452
54800,112230400,1.7319005727767944,1.6814366221427917,5.37326978723129,4.039250688542136e-05,7642.347473970999
54810,112250880,1.6030611991882324,,,4.036588153952253e-05,7643.519280394
54820,112271360,1.7368236780166626,,,4.033928898234615e-05,7644.702514402
54830,112291840,1.5652226209640503,,,4.031272922088823e-05,7645.934951119
54840,112312320,1.6410224437713623,,,4.028620226213612e-05,7647.184073314999
54850,112332800,1.5495774745941162,,,4.025970811306848e-05,7648.284363018
54860,112353280,1.9127311706542969,,,4.023324678065544e-05,7649.499702602
54870,112373760,1.6348519325256348,,,4.020681827185841e-05,7650.810223463
54880,112394240,1.896089792251587,,,4.018042259363019e-05,7651.933907668
54890,112414720,1.7131569385528564,,,4.0154059752914987e-05,7653.118264604999
54900,112435200,1.5717116594314575,1.6828177988529205,5.3806963498356986,4.0127729756648336e-05,7654.952214008
54910,112455680,1.8424721956253052,,,4.010143261175706e-05,7656.087884629
54920,112476160,1.8124992847442627,,,4.007516832515947e-05,7657.203015771
54930,112496640,1.53094482421875,,,4.004893690376512e-05,7658.453522855
54940,112517120,1.712204933166504,,,4.002273835447505e-05,7659.827577235
54950,112537600,1.6171743869781494,,,3.99965726841815e-05,7661.227157507
54960,112558080,1.564791202545166,,,3.997043989976814e-05,7662.399748770999
54970,112578560,1.9912798404693604,,,3.994434000810999e-05,7663.610646426
54980,112599040,1.5478086471557617,,,3.991827301607343e-05,7664.746444841
54990,112619520,1.9129295349121094,,,3.9892238930516096e-05,7665.937392995999
55000,112640000,1.8893381357192993,1.6805414080619812,5.368461712906787,3.9866237758287065e-05,7668.010620336
55010,112660480,1.5847465991973877,,,3.984026950622672e-05,7670.324761797
55020,112680960,1.7159286737442017,,,3.9814334181166824e-05,7671.532842586
55030,112701440,1.7007116079330444,,,3.978843178993038e-05,7672.68292141
55040,112721920,1.7944560050964355,,,3.976256233933181e-05,7673.80993128
55050,112742400,1.5760602951049805,,,3.9736725836176835e-05,7675.147560680999
55060,112762880,1.6542860269546509,,,3.971092228726254e-05,7676.5033537379995
55070,112783360,1.733796238899231,,,3.968515169937726e-05,7677.618792922
55080,112803840,1.986523985862732,,,3.965941407930079e-05,7678.766143989
55090,112824320,1.8649643659591675,,,3.9633709433804134e-05,7680.037930097
55100,112844800,1.7237273454666138,1.6818258821964265,5.375361793657713,3.960803776964969e-05,7682.002051121
55110,112865280,1.7366161346435547,,,3.958239909359114e-05,7683.151650676999
55120,112885760,1.5983860492706299,,,3.955679341237351e-05,7684.3553649489995
55130,112906240,1.7000447511672974,,,3.9531220732733115e-05,7685.489907712
55140,112926720,1.5955379009246826,,,3.9505681061397635e-05,7686.574159430999
55150,112947200,1.6465485095977783,,,3.948017440508607e-05,7687.7229470269995
55160,112967680,1.882314682006836,,,3.9454700770508644e-05,7688.804851817999
55170,112988160,1.7800133228302002,,,3.9429260164367004e-05,7690.076524563
55180,113008640,1.5069825649261475,,,3.9403852593354026e-05,7691.428251992999
55190,113029120,1.869439959526062,,,3.937847806415397e-05,7692.670129638
55200,113049600,1.4975446462631226,1.6812997043132782,5.372534141157312,3.935313658344231e-05,7694.620122421999
55210,113070080,1.5985276699066162,,,3.932782815788592e-05,7695.895986286
55220,113090560,1.800824761390686,,,3.9302552794142917e-05,7697.188716325999
55230,113111040,1.8070852756500244,,,3.927731049886278e-05,7698.344477621999
55240,113131520,1.752220630645752,,,3.92521012786862e-05,7699.633718082
55250,113152000,1.567325472831726,,,3.92269251402452e-05,7700.7653671299995
55260,113172480,1.6479988098144531,,,3.920178209016316e-05,7701.812500286
55270,113192960,1.7718652486801147,,,3.917667213505469e-05,7703.21651078
55280,113213440,1.836389183998108,,,3.915159528152572e-05,7704.4536924409995
55290,113233920,1.6132745742797852,,,3.912655153617347e-05,7705.6543665359995
55300,113254400,1.476590871810913,1.6798549592494965,5.3647778032914415,3.9101540905586405e-05,7708.126223573
55310,113274880,1.9041856527328491,,,3.9076563396344365e-05,7709.276756341999
55320,113295360,1.5378636121749878,,,3.9051619015018425e-05,7710.465953414
55330,113315840,1.7352755069732666,,,3.902670776817091e-05,7711.95297986
55340,113336320,1.8517975807189941,,,3.9001829662355474e-05,7713.3163783499995
55350,113356800,1.5146560668945312,,,3.8976984704117075e-05,7714.762850927
55360,113377280,1.9589104652404785,,,3.895217289999193e-05,7715.922185904
55370,113397760,1.7222249507904053,,,3.892739425650749e-05,7717.087628941
55380,113418240,1.69077467918396,,,3.8902648780182505e-05,7718.2784262059995
55390,113438720,1.7380704879760742,,,3.8877936477527036e-05,7719.436043982
55400,113459200,1.650972604751587,1.679337841272354,5.362004297422663,3.88532573550424e-05,7721.714037962999
55410,113479680,1.8152072429656982,,,3.882861141922116e-05,7722.989811585
55420,113500160,1.5615947246551514,,,3.880399867654717e-05,7724.231855904999
55430,113520640,1.7045496702194214,,,3.877941913349553e-05,7725.306080203999
55440,113541120,1.8728373050689697,,,3.875487279653267e-05,7726.498020472
55450,113561600,1.5581129789352417,,,3.873035967211618e-05,7727.761156277999
55460,113582080,1.6643115282058716,,,3.8705879766694976e-05,7728.9147443659995
55470,113602560,1.5731899738311768,,,3.8681433086709234e-05,7730.161813014
55480,113623040,1.706673264503479,,,3.865701963859043e-05,7731.267829068
55490,113643520,1.4546929597854614,,,3.863263942876119e-05,7732.566323546999
55500,113664000,1.5093793869018555,1.68085578083992,5.370149676439723,3.860829246363548e-05,7734.365322338
55510,113684480,1.8415460586547852,,,3.858397874961849e-05,7736.706660015
55520,113704960,1.8346349000930786,,,3.855969829310667e-05,7737.818209636
55530,113725440,1.6252530813217163,,,3.853545110048772e-05,7739.317746821999
55540,113745920,1.5389204025268555,,,3.851123717814056e-05,7740.4320382
55550,113766400,1.8195534944534302,,,3.848705653243543e-05,7741.824120095999
55560,113786880,1.6457359790802002,,,3.8462909169733746e-05,7742.933317624
55570,113807360,1.8124967813491821,,,3.8438795096388224e-05,7744.024294911
55580,113827840,1.9595354795455933,,,3.8414714318742735e-05,7745.126221973
55590,113848320,1.394212007522583,,,3.8390666843132454e-05,7746.299635249
55600,113868800,1.587504506111145,1.6808751702308655,5.3702538013806915,3.836665267588382e-05,7748.022994993999
55610,113889280,1.5260225534439087,,,3.834267182331446e-05,7749.178614506
55620,113909760,1.6315855979919434,,,3.831872429173326e-05,7750.359643448
55630,113930240,1.8815526962280273,,,3.829481008744032e-05,7751.66670796
55640,113950720,1.7431554794311523,,,3.8270929216727e-05,7753.145986786999
55650,113971200,1.6707922220230103,,,3.824708168587588e-05,7754.326705487
55660,113991680,1.7429814338684082,,,3.822326750116073e-05,7755.622497531
55670,114012160,1.8206148147583008,,,3.819948666884657e-05,7756.786115009
55680,114032640,1.673926830291748,,,3.817573919518972e-05,7758.154472419
55690,114053120,1.6400725841522217,,,3.815202508643766e-05,7759.511138884999
55700,114073600,1.7165493965148926,1.681265079975128,5.372348123938866,3.8128344348829024e-05,7761.352131799999
55710,114094080,1.9343643188476562,,,3.810469698859379e-05,7762.490683445
55720,114114560,1.7316633462905884,,,3.8081083011953096e-05,7763.660969046
55730,114135040,1.6996722221374512,,,3.805750242511928e-05,7764.862466068
55740,114155520,1.685001254081726,,,3.803395523429593e-05,7766.05129066
55750,114176000,1.7880885601043701,,,3.801044144567786e-05,7767.293621529
55760,114196480,1.36336350440979,,,3.7986961065451036e-05,7768.391171449
55770,114216960,1.6565313339233398,,,3.7963514099792714e-05,7769.675535197
55780,114237440,2.0338149070739746,,,3.794010055487129e-05,7770.952735206999
55790,114257920,1.8554301261901855,,,3.791672043684639e-05,7772.12728297
55800,114278400,1.680916666984558,1.6806960642337798,5.369292042849923,3.789337375186886e-05,7773.803238967
55810,114298880,1.7462955713272095,,,3.7870060506080725e-05,7774.96738211
55820,114319360,1.6666502952575684,,,3.784678070561528e-05,7776.162158316999
55830,114339840,2.0026867389678955,,,3.782353435659693e-05,7777.344509882
55840,114360320,1.5711634159088135,,,3.780032146514132e-05,7778.653131116999
55850,114380800,1.5073198080062866,,,3.777714203735531e-05,7779.874362932
55860,114401280,1.4662541151046753,,,3.7753996079336935e-05,7781.472706427
55870,114421760,1.549159049987793,,,3.773088359717543e-05,7782.6926713249995
55880,114442240,1.883772373199463,,,3.770780459695119e-05,7783.839101581
55890,114462720,1.629805326461792,,,3.768475908473588e-05,7785.060254356999
55900,114483200,1.7316337823867798,1.6797135591506958,5.364019276809136,3.766174706659232e-05,7786.844669988
55910,114503680,1.5604276657104492,,,3.7638768548574466e-05,7787.946313586
55920,114524160,1.8337345123291016,,,3.761582353672751e-05,7789.502241506
55930,114544640,1.8786675930023193,,,3.7592912037087836e-05,7790.749819481
55940,114565120,1.581545352935791,,,3.757003405568297e-05,7792.0259816279995
55950,114585600,1.6598113775253296,,,3.7547189598531704e-05,7793.242584474
55960,114606080,1.6149241924285889,,,3.75243786716439e-05,7794.451200375
55970,114626560,2.0185275077819824,,,3.750160128102068e-05,7795.718743054999
55980,114647040,1.7154977321624756,,,3.74788574326543e-05,7797.05250443
55990,114667520,1.7324681282043457,,,3.745614713252822e-05,7798.3557135169995
56000,114688000,1.7742412090301514,1.6801649272441863,5.366440970460064,3.743347038661707e-05,7800.506759457
56010,114708480,1.4120337963104248,,,3.741082720088659e-05,7802.830792663
56020,114728960,1.9650684595108032,,,3.738821758129382e-05,7804.145926127
56030,114749440,1.8139506578445435,,,3.736564153378687e-05,7805.4683842839995
56040,114769920,1.724708080291748,,,3.7343099064305016e-05,7806.779625587999
56050,114790400,1.7607755661010742,,,3.732059017877874e-05,7808.067538294
56060,114810880,1.7074781656265259,,,3.7298114883129696e-05,7809.343755745
56070,114831360,1.828260898590088,,,3.727567318327067e-05,7810.545156781
56080,114851840,1.6577856540679932,,,3.725326508510558e-05,7811.750397134
56090,114872320,1.7120591402053833,,,3.723089059452961e-05,7812.906856016999
56100,114892800,1.6755763292312622,1.679286652803421,5.361729831657066,3.720854971742901e-05,7815.233737158
56110,114913280,1.7208982706069946,,,3.718624245968121e-05,7816.430414431999
56120,114933760,1.8066036701202393,,,3.7163968827154796e-05,7817.746859942999
56130,114954240,1.7524993419647217,,,3.714172882570953e-05,7818.922203771
56140,114974720,1.6410470008850098,,,3.711952246119628e-05,7820.066951551999
56150,114995200,1.984758734703064,,,3.7097349739457116e-05,7821.232874521
56160,115015680,1.6674778461456299,,,3.707521066632523e-05,7822.4537535829995
56170,115036160,1.5728236436843872,,,3.705310524762495e-05,7823.727157480999
56180,115056640,1.843570590019226,,,3.703103348917178e-05,7824.919994612
56190,115077120,2.0039095878601074,,,3.700899539677235e-05,7826.074984649999
56200,115097600,1.6248235702514648,1.6807733714580535,5.369707143959022,3.698699097622446e-05,7828.000358693999
56210,115118080,1.5424951314926147,,,3.6965020233316984e-05,7829.074943756
56220,115138560,1.7700161933898926,,,3.694308317382999e-05,7830.2122792889995
56230,115159040,1.6805839538574219,,,3.6921179803534706e-05,7831.368813399999
56240,115179520,1.6265990734100342,,,3.6899310128193485e-05,7833.081087238
56250,115200000,1.6006863117218018,,,3.687747415355973e-05,7834.250865457
56260,115220480,1.8969718217849731,,,3.6855671885378096e-05,7835.6193852
56270,115240960,1.6101198196411133,,,3.68339033293843e-05,7836.817717560999
56280,115261440,1.670952320098877,,,3.6812168491305224e-05,7838.01247817
56290,115281920,1.5597504377365112,,,3.679046737685881e-05,7839.3038025569995
56300,115302400,1.9313325881958008,1.6791560888290404,5.361029828599276,3.676879999175426e-05,7841.64641199
56310,115322880,1.7871973514556885,,,3.674716634169179e-05,7842.95137127
56320,115343360,1.9267871379852295,,,3.6725566432362804e-05,7844.1404860269995
56330,115363840,1.802499532699585,,,3.670400026944977e-05,7845.4926873449995
56340,115384320,1.5663483142852783,,,3.668246785862631e-05,7846.630085489999
56350,115404800,1.8183917999267578,,,3.666096920555716e-05,7847.865494987999
56360,115425280,1.6833502054214478,,,3.6639504315898246e-05,7849.071154877
56370,115445760,1.7456456422805786,,,3.661807319529647e-05,7850.243722835
56380,115466240,1.8142123222351074,,,3.659667584938996e-05,7851.536974719
56390,115486720,1.6568591594696045,,,3.6575312283807925e-05,7853.068793015999
56400,115507200,1.6251840591430664,1.6784280359745025,5.357128136020855,3.655398250417069e-05,7855.527177364999
56410,115527680,1.7903978824615479,,,3.65326865160897e-05,7856.802231294
56420,115548160,1.5436776876449585,,,3.651142432516747e-05,7858.031749720999
56430,115568640,1.7550349235534668,,,3.649019593699767e-05,7859.172518769
56440,115589120,1.8157058954238892,,,3.6469001357165065e-05,7860.292679277999
56450,115609600,1.6860663890838623,,,3.644784059124554e-05,7861.746142884
56460,115630080,1.5921485424041748,,,3.642671364480603e-05,7862.866015986
56470,115650560,1.533665657043457,,,3.640562052340462e-05,7864.0782065369995
56480,115671040,1.7903281450271606,,,3.638456123259048e-05,7865.395717629
56490,115691520,1.7111694812774658,,,3.63635357779039e-05,7866.557888599999
56500,115712000,1.8658875226974487,1.6779164671897888,5.354388297358475,3.634254416487623e-05,7868.782926605
56510,115732480,1.609603762626648,,,3.632158639902996e-05,7870.941312448
56520,115752960,1.5886473655700684,,,3.630066248587866e-05,7872.124133634999
56530,115773440,1.5075806379318237,,,3.627977243092699e-05,7873.416266032999
56540,115793920,1.5978152751922607,,,3.625891623967067e-05,7874.751109997999
56550,115814400,1.5399084091186523,,,3.623809391759658e-05,7876.117405069
56560,115834880,1.6280148029327393,,,3.621730547018261e-05,7877.420594056
56570,115855360,1.500380516052246,,,3.619655090289785e-05,7878.630046810999
56580,115875840,1.9876527786254883,,,3.6175830221202345e-05,7879.818753082999
56590,115896320,1.6939480304718018,,,3.61551434305473e-05,7880.998419164
56600,115916800,1.886328101158142,1.6766862869262695,5.347805484405304,3.613449053637502e-05,7883.374775064
56610,115937280,1.8301585912704468,,,3.611387154411883e-05,7884.551990012
56620,115957760,1.6376394033432007,,,3.6093286459203216e-05,7885.664150449999
56630,115978240,1.7288310527801514,,,3.607273528704363e-05,7886.858226178
56640,115998720,1.7359721660614014,,,3.605221803304675e-05,7887.933455238
56650,116019200,1.918367624282837,,,3.603173470261019e-05,7889.127331893
56660,116039680,1.6978472471237183,,,3.6011285301122745e-05,7890.323356156
56670,116060160,1.5365962982177734,,,3.599086983396421e-05,7891.429917891
56680,116080640,1.7982637882232666,,,3.597048830650549e-05,7892.534546357
56690,116101120,1.713563084602356,,,3.5950140724108534e-05,7893.637868823
56700,116121600,1.8526430130004883,1.6768763601779937,5.348822055791767,3.5929827092126444e-05,7895.455394580999
56710,116142080,1.651061773300171,,,3.590954741590326e-05,7896.5221601759995
56720,116162560,1.5771516561508179,,,3.588930170077418e-05,7897.698952418
56730,116183040,1.7939136028289795,,,3.586908995206545e-05,7898.8882213629995
56740,116203520,2.038109302520752,,,3.584891217509439e-05,7900.050870656999
56750,116224000,1.5147148370742798,,,3.582876837516932e-05,7901.518836766
56760,116244480,1.870835304260254,,,3.580865855758967e-05,7902.644322546
56770,116264960,1.666609525680542,,,3.578858272764598e-05,7903.790728027
56780,116285440,1.7922518253326416,,,3.576854089061977e-05,7904.982159587999
56790,116305920,1.6097742319107056,,,3.574853305178362e-05,7906.156526251
56800,116326400,1.6349318027496338,1.6759029865264892,5.343618186401618,3.572855921640121e-05,7908.456120833999
56810,116346880,1.646496057510376,,,3.570861938972725e-05,7909.863903397
56820,116367360,1.9016263484954834,,,3.56887135770075e-05,7910.983646782
56830,116387840,1.6718533039093018,,,3.566884178347878e-05,7912.258247596
56840,116408320,1.5698121786117554,,,3.564900401436898e-05,7913.439799534
56850,116428800,1.8766484260559082,,,3.562920027489699e-05,7914.67860502
56860,116449280,1.9961276054382324,,,3.560943057027277e-05,7916.000390287
56870,116469760,1.5862023830413818,,,3.558969490569738e-05,7917.397486057
56880,116490240,1.9480469226837158,,,3.5569993286362806e-05,7918.788494027
56890,116510720,1.7453218698501587,,,3.555032571745217e-05,7919.994914303999
56900,116531200,1.662492275238037,1.675652527809143,5.342279998232105,3.5530692204139636e-05,7922.544901585
56910,116551680,1.853623390197754,,,3.551109275159038e-05,7923.891495425999
56920,116572160,1.5880322456359863,,,3.54915273649606e-05,7925.066221545
56930,116592640,1.679525375366211,,,3.547199604939757e-05,7926.144940634
56940,116613120,1.6346757411956787,,,3.545249881003959e-05,7927.342523466
56950,116633600,1.5215767621994019,,,3.5433035652016e-05,7928.423885605999
56960,116654080,1.7918537855148315,,,3.5413606580447134e-05,7929.8981617459995
56970,116674560,1.4898234605789185,,,3.5394211600444374e-05,7931.0634753839995
56980,116695040,1.826325535774231,,,3.53748507171102e-05,7932.173357646
56990,116715520,1.85731041431427,,,3.535552393553805e-05,7933.600662129999
57000,116736000,1.79502534866333,1.6750742852687837,5.33919175763671,3.533623126081241e-05,7936.017487820999
57010,116756480,1.7932403087615967,,,3.531697269800879e-05,7938.798426001999
57020,116776960,1.610692024230957,,,3.5297748252193717e-05,7940.1268781809995
57030,116797440,1.8018755912780762,,,3.527855792842476e-05,7941.451500759
57040,116817920,1.8099944591522217,,,3.525940173175055e-05,7942.929612036999
57050,116838400,1.7897429466247559,,,3.524027966721063e-05,7944.483502227999
57060,116858880,1.5989394187927246,,,3.5221191739835666e-05,7945.671754374
57070,116879360,1.7461910247802734,,,3.5202137954647305e-05,7947.071873686999
57080,116899840,1.6822540760040283,,,3.518311831665822e-05,7948.24969519
57090,116920320,1.7933006286621094,,,3.5164132830872065e-05,7949.705125895999
57100,116940800,1.7420871257781982,1.6752328097820282,5.340038217501755,3.514518150228354e-05,7951.475198896999
57110,116961280,1.7935179471969604,,,3.51262643358784e-05,7952.650040076
57120,116981760,1.5866389274597168,,,3.510738133663335e-05,7953.785629052999
57130,117002240,1.8579411506652832,,,3.5088532509516104e-05,7954.9343253649995
57140,117022720,1.5428717136383057,,,3.506971785948542e-05,7956.173863825999
57150,117043200,1.7433316707611084,,,3.505093739149107e-05,7957.3947088859995
57160,117063680,1.962587594985962,,,3.5032191110473806e-05,7958.577963982
57170,117084160,1.748030662536621,,,3.501347902136536e-05,7959.891839858
57180,117104640,1.8263373374938965,,,3.4994801129088555e-05,7961.082718997
57190,117125120,1.7110551595687866,,,3.4976157438557165e-05,7962.252971858
57200,117145600,1.672010898590088,1.675757783651352,5.342842334006679,3.4957547954675955e-05,7964.094322505
57210,117166080,1.8219887018203735,,,3.4938972682340695e-05,7965.267856672
57220,117186560,1.635310411453247,,,3.4920431626438175e-05,7966.63606345
57230,117207040,1.9749541282653809,,,3.490192479184617e-05,7967.900039069
57240,117227520,1.81477689743042,,,3.488345218343346e-05,7969.100196745
57250,117248000,1.88068425655365,,,3.486501380605981e-05,7970.286786923999
57260,117268480,1.950725793838501,,,3.484660966457598e-05,7971.5882983149995
57270,117288960,1.852006196975708,,,3.482823976382376e-05,7972.759663918
57280,117309440,1.7254741191864014,,,3.480990410863585e-05,7973.987500312
57290,117329920,1.5490429401397705,,,3.479160270383605e-05,7975.070682811
57300,117350400,1.471527099609375,1.6760017275810242,5.344145846946827,3.477333555423904e-05,7976.795066755999
57310,117370880,1.5548095703125,,,3.4755102664650525e-05,7978.128384717999
57320,117391360,1.653794527053833,,,3.473690403986728e-05,7979.480736253
57330,117411840,1.9343795776367188,,,3.4718739684676955e-05,7980.723624748999
57340,117432320,1.6812537908554077,,,3.470060960385822e-05,7981.949151829
57350,117452800,1.6146904230117798,,,3.468251380218074e-05,7983.262152958
57360,117473280,1.5507880449295044,,,3.4664452284405165e-05,7984.535051616999
57370,117493760,1.7809923887252808,,,3.464642505528311e-05,7985.7387576539995
57380,117514240,1.545340895652771,,,3.462843211955716e-05,7986.941027557999
57390,117534720,1.5359091758728027,,,3.461047348196091e-05,7988.135262966999
57400,117555200,1.7704598903656006,1.6763801336288453,5.346168486721176,3.4592549147218926e-05,7989.959970534
57410,117575680,1.6581542491912842,,,3.4574659120046734e-05,7991.118362128
57420,117596160,1.6595515012741089,,,3.45568034051508e-05,7992.253278630999
57430,117616640,1.436173439025879,,,3.4538982007228654e-05,7993.377066153
57440,117637120,1.7102067470550537,,,3.452119493096871e-05,7994.521933024
57450,117657600,1.5664403438568115,,,3.450344218105042e-05,7995.676921126999
57460,117678080,1.486311674118042,,,3.448572376214415e-05,7996.873188762999
57470,117698560,1.4742738008499146,,,3.446803967891127e-05,7998.014988451
57480,117719040,1.8736767768859863,,,3.4450389936004103e-05,7999.202938162999
57490,117739520,1.5992625951766968,,,3.443277453806593e-05,8000.340412090999
57500,117760000,1.7734935283660889,1.6764890551567078,5.346750831275313,3.441519348973104e-05,8002.150257598
57510,117780480,1.6952378749847412,,,3.43976467956246e-05,8004.564077513999
57520,117800960,1.3217682838439941,,,3.438013446036284e-05,8005.837219865999
57530,117821440,1.4732704162597656,,,3.436265648855287e-05,8006.994229716
57540,117841920,1.6791993379592896,,,3.4345212884792826e-05,8008.202323147
57550,117862400,2.051349639892578,,,3.4327803653671746e-05,8009.364211669
57560,117882880,1.570190191268921,,,3.431042879976963e-05,8010.690984344
57570,117903360,1.9419159889221191,,,3.4293088327657476e-05,8012.169325931999
57580,117923840,1.4854750633239746,,,3.427578224189721e-05,8013.495988504
57590,117944320,1.6110916137695312,,,3.4258510547041705e-05,8014.8721823119995
57600,117964800,1.6803491115570068,1.6768486082553864,5.3486736177557646,3.4241273247634805e-05,8017.028291987
57610,117985280,1.8391932249069214,,,3.422407034821128e-05,8018.303054883
57620,118005760,1.8317493200302124,,,3.42069018532969e-05,8019.538532968
57630,118026240,1.686173915863037,,,3.4189767767408325e-05,8020.675289579999
57640,118046720,1.6370362043380737,,,3.4172668095053175e-05,8021.906750263
57650,118067200,1.6458330154418945,,,3.415560284073004e-05,8023.048075469
57660,118087680,1.8537707328796387,,,3.4138572008928454e-05,8024.199565927
57670,118108160,1.8274762630462646,,,3.412157560412888e-05,8025.33966348
57680,118128640,1.6184883117675781,,,3.410461363080273e-05,8026.5156773359995
57690,118149120,1.6966376304626465,,,3.408768609341236e-05,8027.688781833999
57700,118169600,1.868134617805481,1.6755398511886597,5.341678082087805,3.4070792996411054e-05,8029.698374236
57710,118190080,1.8429642915725708,,,3.4053934344243056e-05,8031.023196628
57720,118210560,1.5932209491729736,,,3.40371101413435e-05,8032.155127535
57730,118231040,1.896616816520691,,,3.402032039213856e-05,8033.226920726
57740,118251520,1.6422836780548096,,,3.400356510104524e-05,8034.454434513
57750,118272000,1.6596537828445435,,,3.3986844272471524e-05,8035.564350645999
57760,118292480,1.645084261894226,,,3.397015791081632e-05,8036.836178875
57770,118312960,1.8573288917541504,,,3.395350602046949e-05,8037.970570635
57780,118333440,1.7813411951065063,,,3.393688860581178e-05,8039.249312626999
57790,118353920,1.800081729888916,,,3.392030567121494e-05,8040.863233491
57800,118374400,1.7602343559265137,1.6763206541538238,5.34585050888288,3.390375722104156e-05,8042.658505443
57810,118394880,1.6677989959716797,,,3.388724325964523e-05,8043.900945085
57820,118415360,1.5519258975982666,,,3.387076379137044e-05,8045.378768627
57830,118435840,1.6547517776489258,,,3.385431882055262e-05,8046.609805739
57840,118456320,1.4906280040740967,,,3.383790835151807e-05,8047.940096814
57850,118476800,1.8090193271636963,,,3.382153238858406e-05,8049.005983167
57860,118497280,1.5774791240692139,,,3.38051909360588e-05,8050.15572168
57870,118517760,1.4745854139328003,,,3.378888399824141e-05,8051.334009067999
57880,118538240,1.606790542602539,,,3.377261157942188e-05,8052.5216400869995
57890,118558720,1.4810494184494019,,,3.3756373683881154e-05,8053.6655372489995
57900,118579200,1.801316499710083,1.6759103655815124,5.34365761739972,3.374017031589113e-05,8055.492396864
57910,118599680,1.5819377899169922,,,3.3724001479714535e-05,8056.562950881999
57920,118620160,1.6890912055969238,,,3.3707867179605116e-05,8057.667892547
57930,118640640,1.7459743022918701,,,3.369176741980746e-05,8058.785259187
57940,118661120,1.5684199333190918,,,3.367570220455709e-05,8060.075078364999
57950,118681600,1.590484380722046,,,3.365967153808043e-05,8061.376901995999
57960,118702080,1.6446425914764404,,,3.364367542459486e-05,8062.5533830449995
57970,118722560,1.664272665977478,,,3.362771386830859e-05,8063.738721733
57980,118743040,1.641831636428833,,,3.3611786873420806e-05,8065.091546373999
57990,118763520,1.8866682052612305,,,3.359589444412155e-05,8066.398244188
58000,118784000,1.825814962387085,1.6755058407783507,5.34149641251384,3.3580036584591876e-05,8068.298312541
58010,118804480,1.6289865970611572,,,3.356421329900359e-05,8070.682715743999
58020,118824960,1.7000775337219238,,,3.3548424591519493e-05,8072.042982910999
58030,118845440,1.9030864238739014,,,3.35326704662933e-05,8073.320032322999
58040,118865920,1.843060851097107,,,3.351695092746961e-05,8074.444052304
58050,118886400,1.4907879829406738,,,3.3501265979183885e-05,8075.618275444999
58060,118906880,1.8091869354248047,,,3.348561562556251e-05,8076.847547742999
58070,118927360,1.911010980606079,,,3.346999987072281e-05,8078.083547362
58080,118947840,1.8428938388824463,,,3.3454418718772994e-05,8079.224067276999
58090,118968320,1.8258893489837646,,,3.343887217381209e-05,8080.540304805
58100,118988800,1.7090015411376953,1.6741778135299683,5.334407467928543,3.3423360239930126e-05,8083.197513353999
58110,119009280,1.5706908702850342,,,3.340788292120795e-05,8084.456028113999
58120,119029760,1.7524970769882202,,,3.339244022171732e-05,8085.716279701
58130,119050240,1.8078655004501343,,,3.3377032145520975e-05,8086.910304644999
58140,119070720,1.6351120471954346,,,3.336165869667238e-05,8088.16435561
58150,119091200,1.8504829406738281,,,3.334631987921604e-05,8089.441379330999
58160,119111680,1.832885503768921,,,3.333101569718725e-05,8090.92421849
58170,119132160,1.8079476356506348,,,3.331574615461226e-05,8092.122548418999
58180,119152640,1.8058497905731201,,,3.330051125550817e-05,8093.2674376879995
58190,119173120,1.7644968032836914,,,3.328531100388294e-05,8094.461975415
58200,119193600,1.6321231126785278,1.673965871334076,5.333277001696985,3.327014540373549e-05,8096.8813717719995
58210,119214080,1.563507318496704,,,3.32550144590556e-05,8098.080277595999
58220,119234560,1.6712889671325684,,,3.323991817382387e-05,8099.371460326999
58230,119255040,1.6849894523620605,,,3.3224856552011853e-05,8100.635531605999
58240,119275520,1.7566215991973877,,,3.320982959758194e-05,8101.855925999001
58250,119296000,1.7045674324035645,,,3.319483731448745e-05,8103.058059296999
58260,119316480,1.6989667415618896,,,3.317987970667251e-05,8104.204649091001
58270,119336960,1.6348345279693604,,,3.316495677807219e-05,8105.607137111999
58280,119357440,1.6135083436965942,,,3.3150068532612425e-05,8106.829965032
58290,119377920,1.5883991718292236,,,3.313521497421e-05,8107.93169574
58300,119398400,1.778838038444519,1.6727820992469788,5.326967352579689,3.312039610677258e-05,8110.157355167
58310,119418880,1.8768481016159058,,,3.31056119341987e-05,8111.342876367999
58320,119439360,1.711269497871399,,,3.3090862460377783e-05,8112.465203088
58330,119459840,1.7213704586029053,,,3.307614768919015e-05,8113.641660573999
58340,119480320,1.7824387550354004,,,3.3061467624506914e-05,8114.741865953999
58350,119500800,1.8769137859344482,,,3.304682227019013e-05,8115.908867273
58360,119521280,1.851438283920288,,,3.3032211630092694e-05,8117.059492247999
58370,119541760,2.073049545288086,,,3.3017635708058364e-05,8118.243116101
58380,119562240,1.5910968780517578,,,3.3003094507921795e-05,8119.7020406599995
58390,119582720,1.8871190547943115,,,3.2988588033508446e-05,8120.903815462
58400,119603200,1.4752590656280518,1.6740115642547608,5.333520700267621,3.297411628863468e-05,8122.697530454
58410,119623680,1.6315149068832397,,,3.2959679277107755e-05,8123.8004781360005
58420,119644160,1.7361037731170654,,,3.294527700272574e-05,8125.356719738001
58430,119664640,1.612587571144104,,,3.293090946927758e-05,8126.688954611999
58440,119685120,1.6839773654937744,,,3.2916576680543075e-05,8127.805104896
58450,119705600,1.7389163970947266,,,3.290227864029292e-05,8129.079851398
58460,119726080,2.008002281188965,,,3.288801535228861e-05,8130.321712346999
58470,119746560,2.061142683029175,,,3.287378682028255e-05,8131.637111399
58480,119767040,1.7222380638122559,,,3.2859593048017946e-05,8132.807045835
58490,119787520,1.6337368488311768,,,3.284543403922894e-05,8134.075836108
58500,119808000,1.9366841316223145,1.6736888945102693,5.331800012127956,3.283130979764046e-05,8136.020547894
58510,119828480,1.6494474411010742,,,3.281722032696831e-05,8138.483379177001
58520,119848960,1.7978107929229736,,,3.280316563091915e-05,8139.699553767
58530,119869440,1.6238503456115723,,,3.2789145713190456e-05,8141.000538375999
58540,119889920,1.9347611665725708,,,3.277516057747063e-05,8142.346229361
58550,119910400,1.5714367628097534,,,3.276121022743886e-05,8143.807498847999
58560,119930880,1.7220127582550049,,,3.27472946667652e-05,8145.044723287
58570,119951360,1.4999825954437256,,,3.273341389911056e-05,8146.262031858
58580,119971840,1.6938265562057495,,,3.2719567928126676e-05,8147.470877833
58590,119992320,1.7239784002304077,,,3.270575675745616e-05,8148.623348161001
58600,120012800,1.7568767070770264,1.6739601016044616,5.3332462302194985,3.269198039073244e-05,8150.553333650999
58610,120033280,1.5426414012908936,,,3.267823883157981e-05,8151.641797075
58620,120053760,1.6372261047363281,,,3.266453208361338e-05,8153.0857928039995
58630,120074240,1.6483479738235474,,,3.265086015043916e-05,8154.264213789001
58640,120094720,1.6948087215423584,,,3.263722303565391e-05,8155.716924564001
58650,120115200,1.6577560901641846,,,3.26236207428453e-05,8156.997579624999
58660,120135680,1.6296601295471191,,,3.261005327559182e-05,8158.3020886799995
58670,120156160,2.004307508468628,,,3.2596520637462813e-05,8159.489176435999
58680,120176640,1.8025822639465332,,,3.2583022832018404e-05,8160.850010933999
58690,120197120,1.502948522567749,,,3.256955986280963e-05,8162.133616120999
58700,120217600,1.6463167667388916,1.6735211253166198,5.330905575370785,3.255613173337832e-05,8163.895639854
58710,120238080,1.7686538696289062,,,3.2542738447257127e-05,8165.193243338
58720,120258560,1.7863867282867432,,,3.2529380007969576e-05,8166.398106443
58730,120279040,1.5984160900115967,,,3.251605641902996e-05,8167.807977834999
58740,120299520,1.8445942401885986,,,3.25027676839435e-05,8169.214632976001
58750,120320000,1.7549430131912231,,,3.248951380620618e-05,8170.473068831
58760,120340480,1.5814462900161743,,,3.247629478930482e-05,8171.898791949
58770,120360960,1.7160835266113281,,,3.2463110636717064e-05,8173.145783253
58780,120381440,1.678814172744751,,,3.2449961351911414e-05,8174.517632857999
58790,120401920,1.7992937564849854,,,3.243684693834717e-05,8175.869643371
58800,120422400,1.659602165222168,1.6738151252269744,5.33247309154557,3.242376739947448e-05,8177.913570465999
58810,120442880,1.7485822439193726,,,3.2410722738734294e-05,8179.166055588
58820,120463360,1.9703538417816162,,,3.239771295955843e-05,8180.381259711999
58830,120483840,1.58296537399292,,,3.238473806536946e-05,8181.548542767
58840,120504320,1.6747372150421143,,,3.237179805958086e-05,8182.760046191
58850,120524800,1.89632248878479,,,3.235889294559682e-05,8183.952902247999
58860,120545280,1.572452187538147,,,3.234602272681248e-05,8185.063934416999
58870,120565760,1.627911925315857,,,3.233318740661369e-05,8186.2373722739985
58880,120586240,1.4135050773620605,,,3.23203869883772e-05,8187.440133831999
58890,120606720,1.6264135837554932,,,3.230762147547052e-05,8188.760370399
58900,120627200,1.574364185333252,1.6731446385383606,5.328898937665494,3.229489087125199e-05,8190.811031345999
58910,120647680,1.8880418539047241,,,3.22821951790708e-05,8192.197746636999
58920,120668160,1.5233941078186035,,,3.226953440226694e-05,8193.353789873
58930,120688640,1.5646400451660156,,,3.225690854417114e-05,8194.497716027
58940,120709120,1.6241501569747925,,,3.224431760810507e-05,8195.643051366998
58950,120729600,1.600733995437622,,,3.223176159738114e-05,8196.844065373
58960,120750080,1.6464732885360718,,,3.221924051530257e-05,8198.194764511998
58970,120770560,1.8978855609893799,,,3.2206754365163424e-05,8199.333156206
58980,120791040,1.595679521560669,,,3.2194303150248526e-05,8200.479765174998
58990,120811520,1.4071638584136963,,,3.2181886873833564e-05,8201.806048084998
59000,120832000,1.5313694477081299,1.672822153568268,5.327180724914739,3.2169505539184994e-05,8203.530681107999
59010,120852480,2.0189058780670166,,,3.2157159149560125e-05,8205.871396056998
59020,120872960,1.8321977853775024,,,3.2144847708207e-05,8207.184215956999
59030,120893440,1.7129398584365845,,,3.2132571218364544e-05,8208.648718075998
59040,120913920,1.7566932439804077,,,3.212032968326244e-05,8209.772408238
59050,120934400,1.8985226154327393,,,3.2108123106121195e-05,8211.071837271998
59060,120954880,1.7238438129425049,,,3.209595149015211e-05,8212.313694550998
59070,120975360,1.6356816291809082,,,3.208381483855726e-05,8213.416878016998
59080,120995840,1.44597327709198,,,3.207171315452962e-05,8214.765556401999
59090,121016320,1.8294284343719482,,,3.2059646441252876e-05,8216.075998568998
59100,121036800,1.6235318183898926,1.6730606436729432,5.328451356313933,3.204761470190149e-05,8218.025650696
59110,121057280,1.8538354635238647,,,3.203561793964082e-05,8219.612070805999
59120,121077760,1.6473240852355957,,,3.202365615762696e-05,8220.795575383
59130,121098240,1.7352725267410278,,,3.2011729359006813e-05,8222.048014064
59140,121118720,1.9358689785003662,,,3.1999837546918054e-05,8223.266163250999
59150,121139200,1.5279486179351807,,,3.198798072448922e-05,8224.473656903
59160,121159680,1.550028681755066,,,3.197615889483957e-05,8225.643311994
59170,121180160,1.5408865213394165,,,3.196437206107922e-05,8226.991782153
59180,121200640,1.5890727043151855,,,3.195262022630903e-05,8228.093944547998
59190,121221120,1.6772828102111816,,,3.1940903393620655e-05,8229.339127532
59200,121241600,1.7107858657836914,1.6725681900978089,5.325827987390306,3.192922156609657e-05,8231.659149586998
59210,121262080,2.01869535446167,,,3.1917574746810027e-05,8232.804822147998
59220,121282560,1.8392447233200073,,,3.19059629388251e-05,8234.040457653999
59230,121303040,1.7798409461975098,,,3.189438614519658e-05,8235.220471456
59240,121323520,1.5959603786468506,,,3.18828443689701e-05,8236.677348596999
59250,121344000,1.6161069869995117,,,3.187133761318208e-05,8237.950875707
59260,121364480,1.5600566864013672,,,3.185986588085971e-05,8239.223221293
59270,121384960,1.676834225654602,,,3.184842917502095e-05,8240.619428424
59280,121405440,1.569129467010498,,,3.183702749867459e-05,8241.925131126998
59290,121425920,2.158803701400757,,,3.182566085482019e-05,8243.178000228
59300,121446400,1.6555423736572266,1.6707928478717804,5.316381208189963,3.181432924644806e-05,8245.532461027999
59310,121466880,1.768574595451355,,,3.1803032676539324e-05,8246.721355962998
59320,121487360,1.8516451120376587,,,3.179177114806589e-05,8247.909611697998
59330,121507840,1.7385185956954956,,,3.1780544663990434e-05,8249.127513380998
59340,121528320,1.349815845489502,,,3.1769353227266433e-05,8250.234566107
59350,121548800,1.794205904006958,,,3.1758196840838086e-05,8251.443952657999
59360,121569280,1.6502912044525146,,,3.174707550764046e-05,8252.689100634998
59370,121589760,1.6231803894042969,,,3.173598923059932e-05,8253.951038979
59380,121610240,1.6835345029830933,,,3.1724938012631276e-05,8255.396384052998
59390,121630720,1.685874342918396,,,3.171392185664364e-05,8256.536221240998
59400,121651200,1.6811325550079346,1.6716131150722504,5.3207438503417555,3.170294076553457e-05,8258.40005911
59410,121671680,1.6260042190551758,,,3.1691994742192946e-05,8259.628654166998
59420,121692160,1.781050682067871,,,3.168108378949849e-05,8260.813271116
59430,121712640,1.6569188833236694,,,3.167020791032161e-05,8262.126063009999
59440,121733120,1.7474786043167114,,,3.165936710752353e-05,8263.511482774999
59450,121753600,1.4086143970489502,,,3.1648561383956275e-05,8264.808042255998
59460,121774080,1.969938039779663,,,3.16377907424626e-05,8266.061800926998
59470,121794560,1.6878401041030884,,,3.1627055185876045e-05,8267.242691624999
59480,121815040,1.7668848037719727,,,3.16163547170209e-05,8268.581254346998
59490,121835520,1.4933984279632568,,,3.160568933871226e-05,8269.744916324998
59500,121856000,1.467827320098877,1.6703679978847503,5.314123023431465,3.159505905375598e-05,8272.027032249998
59510,121876480,1.562738299369812,,,3.158446386494867e-05,8274.132246973999
59520,121896960,2.0327048301696777,,,3.157390377507768e-05,8275.616984698
59530,121917440,1.8082592487335205,,,3.15633787869212e-05,8277.083491182999
59540,121937920,1.5980639457702637,,,3.1552888903248106e-05,8278.277471587999
59550,121958400,1.7012269496917725,,,3.15424341268181e-05,8279.528265177
59560,121978880,1.7645947933197021,,,3.153201446038162e-05,8280.734990993999
59570,121999360,2.008945941925049,,,3.152162990667984e-05,8281.895036118
59580,122019840,1.4100323915481567,,,3.1511280468444764e-05,8283.007638074
59590,122040320,1.8426268100738525,,,3.150096614839912e-05,8284.245729216998
59600,122060800,1.7463771104812622,1.6712758362293243,5.318949578614362,3.149068694925636e-05,8286.019653058
59610,122081280,1.5066699981689453,,,3.1480442873720786e-05,8287.126693429998
59620,122101760,1.442124843597412,,,3.147023392448735e-05,8288.251916898
59630,122122240,1.633425235748291,,,3.146006010424186e-05,8289.377867124
59640,122142720,1.978240966796875,,,3.1449921415660835e-05,8290.591651854
59650,122163200,1.6525630950927734,,,3.143981786141157e-05,8291.71680397
59660,122183680,1.6686749458312988,,,3.142974944415207e-05,8292.916824918999
59670,122204160,1.687544345855713,,,3.1419716166531174e-05,8294.114421200999
59680,122224640,1.903512716293335,,,3.140971803118841e-05,8295.424502983999
59690,122245120,1.8813005685806274,,,3.139975504075409e-05,8296.637602890998
59700,122265600,1.5702240467071533,1.6708946108818055,5.316922246672535,3.138982719784929e-05,8298.741189874
59710,122286080,1.4864397048950195,,,3.13799345050858e-05,8299.854643759998
59720,122306560,1.6563241481781006,,,3.137007696506621e-05,8300.960540043
59730,122327040,1.5492825508117676,,,3.1360254580383844e-05,8302.289303902999
59740,122347520,1.6630653142929077,,,3.135046735362274e-05,8303.585283952998
59750,122368000,1.7176432609558105,,,3.134071528735774e-05,8304.790454367
59760,122388480,1.653334617614746,,,3.1330998384154436e-05,8305.935388536998
59770,122408960,1.7727242708206177,,,3.1321316646569114e-05,8307.462963285
59780,122429440,1.7947869300842285,,,3.131167007714888e-05,8308.710458492998
59790,122449920,1.8273811340332031,,,3.1302058678431505e-05,8309.921820452999
59800,122470400,1.528975486755371,1.671144276857376,5.318249866976196,3.129248245294561e-05,8311.736380723
59810,122490880,1.4541569948196411,,,3.128294140321047e-05,8312.871282944
59820,122511360,1.6510651111602783,,,3.127343553173612e-05,8313.989895062998
59830,122531840,1.6255834102630615,,,3.126396484102342e-05,8315.220253726999
59840,122552320,1.6838839054107666,,,3.12545293335639e-05,8316.560573794999
59850,122572800,1.8287034034729004,,,3.124512901183983e-05,8317.709923568
59860,122593280,1.9906471967697144,,,3.123576387832425e-05,8318.987230046998
59870,122613760,1.7122079133987427,,,3.1226433935480954e-05,8320.059808032998
59880,122634240,1.960204839706421,,,3.121713918576445e-05,8321.411453428998
59890,122654720,1.7033276557922363,,,3.120787963162002e-05,8322.598332705998
59900,122675200,1.834282636642456,1.6695798099040986,5.309936145776769,3.119865527548362e-05,8324.892687549998
59910,122695680,1.9058382511138916,,,3.118946611978204e-05,8326.018229532
59920,122716160,1.7438483238220215,,,3.1180312166932735e-05,8327.201469190999
59930,122736640,1.6266686916351318,,,3.117119341934394e-05,8328.337667048
59940,122757120,1.8600542545318604,,,3.1162109879414606e-05,8329.486847957
59950,122777600,1.8671565055847168,,,3.115306154953442e-05,8330.652568898999
59960,122798080,1.5442583560943604,,,3.114404843208382e-05,8331.760475035999
59970,122818560,1.692954182624817,,,3.1135070529434e-05,8333.024508154998
59980,122839040,1.7597254514694214,,,3.112612784394682e-05,8334.116410584
59990,122859520,1.5360190868377686,,,3.111722037797497e-05,8335.260684587
60000,122880000,1.9257889986038208,1.6708667635917664,5.316774186858158,3.1108348133861787e-05,8337.033708242998
60010,122900480,1.7254016399383545,,,3.109951111394138e-05,8339.270891475999
60020,122920960,1.990839958190918,,,3.109070932053863e-05,8340.610545565998
60030,122941440,1.4937596321105957,,,3.108194275596905e-05,8341.815607869998
60040,122961920,1.915874719619751,,,3.1073211422539e-05,8342.936046580999
60050,122982400,1.6164262294769287,,,3.10645153225455e-05,8344.012376829
60060,123002880,1.719189167022705,,,3.10558544582763e-05,8345.342267761998
60070,123023360,1.477867841720581,,,3.104722883200994e-05,8346.581804025998
60080,123043840,1.732035517692566,,,3.103863844601561e-05,8347.712120778999
60090,123064320,1.6387898921966553,,,3.103008330255327e-05,8348.911043144999
60100,123084800,1.4829342365264893,1.670070332288742,5.312541427239499,3.102156340387363e-05,8350.693957585
60110,123105280,1.6492637395858765,,,3.101307875221808e-05,8351.856600113999
60120,123125760,2.161078691482544,,,3.1004629349818784e-05,8352.963485269998
60130,123146240,1.7990384101867676,,,3.0996215198898583e-05,8354.117606831998
60140,123166720,1.4735913276672363,,,3.098783630167109e-05,8355.361803986
60150,123187200,1.6167839765548706,,,3.0979492660340626e-05,8356.549621201999
60160,123207680,1.718397855758667,,,3.09711842771022e-05,8357.741087202
60170,123228160,1.9051566123962402,,,3.096291115414163e-05,8358.978376542
60180,123248640,1.5322157144546509,,,3.095467329363537e-05,8360.255703924999
60190,123269120,1.6374512910842896,,,3.094647069775066e-05,8361.504393241998
60200,123289600,1.8515467643737793,1.6701989829540254,5.313224933194264,3.093830336864541e-05,8363.409868498999
60210,123310080,1.608788251876831,,,3.09301713084683e-05,8364.727035588
60220,123330560,1.7591403722763062,,,3.092207451935873e-05,8366.091406730999
60230,123351040,1.6948904991149902,,,3.091401300344675e-05,8367.435574807998
60240,123371520,2.0122501850128174,,,3.090598676285322e-05,8368.601838243
60250,123392000,1.6676476001739502,,,3.089799579968966e-05,8369.823650989
60260,123412480,1.8262379169464111,,,3.0890040116058374e-05,8370.95174741
60270,123432960,1.708313226699829,,,3.0882119714052284e-05,8372.227096068998
60280,123453440,1.4533412456512451,,,3.087423459575513e-05,8373.461428817998
60290,123473920,1.6515758037567139,,,3.0866384763241313e-05,8374.755783779
60300,123494400,1.6033939123153687,1.6713510870933532,5.319349849226044,3.085857021857596e-05,8376.659167017999
60310,123514880,1.7590090036392212,,,3.085079096381493e-05,8377.887337526
60320,123535360,1.6210681200027466,,,3.084304700100478e-05,8379.165250246999
60330,123555840,1.6710426807403564,,,3.083533833218279e-05,8380.262104512998
60340,123576320,1.6542813777923584,,,3.082766495937697e-05,8381.415468307
60350,123596800,1.6935664415359497,,,3.0820026884606025e-05,8382.50942866
60360,123617280,1.5457403659820557,,,3.081242410987935e-05,8383.677644308998
60370,123637760,1.8165132999420166,,,3.0804856637197116e-05,8384.999621980998
60380,123658240,1.6425139904022217,,,3.079732446855016e-05,8386.090308488
60390,123678720,1.622373342514038,,,3.078982760592005e-05,8387.441882645999
60400,123699200,1.7974876165390015,1.669508123397827,5.309555508649389,3.0782366051279055e-05,8389.80051971
60410,123719680,1.533273696899414,,,3.077493980659015e-05,8390.941691614998
60420,123740160,1.5917359590530396,,,3.076754887380703e-05,8392.089817623999
60430,123760640,1.7642396688461304,,,3.076019325487413e-05,8393.286821267999
60440,123781120,1.8736827373504639,,,3.075287295172652e-05,8394.563066495999
60450,123801600,1.800119400024414,,,3.0745587966290074e-05,8395.675061779999
60460,123822080,1.624861240386963,,,3.073833830048128e-05,8397.218190698999
60470,123842560,2.0883755683898926,,,3.07311239562074e-05,8398.593715362998
60480,123863040,1.5381046533584595,,,3.072394493536639e-05,8399.867772692
60490,123883520,1.4923574924468994,,,3.0716801239846886e-05,8401.106552657999
60500,123904000,1.644829511642456,1.6691782236099244,5.307804176311196,3.070969287152825e-05,8403.393430047
60510,123924480,1.8528404235839844,,,3.0702619832280586e-05,8405.627925657998
60520,123944960,1.741281509399414,,,3.069558212396462e-05,8407.036303664998
60530,123965440,1.7386293411254883,,,3.068857974843185e-05,8408.258888221999
60540,123985920,1.6341259479522705,,,3.068161270752448e-05,8409.674116791999
60550,124006400,1.956099510192871,,,3.0674681003075374e-05,8410.989168100998
60560,124026880,1.857815146446228,,,3.066778463690814e-05,8412.147329223999
60570,124047360,1.571474313735962,,,3.066092361083704e-05,8413.333078000998
60580,124067840,1.6924233436584473,,,3.065409792666711e-05,8414.420519271998
60590,124088320,1.928865909576416,,,3.0647307586194016e-05,8415.632526270998
60600,124108800,1.4887721538543701,1.6696597695350648,5.310360743286544,3.0640552591204204e-05,8417.498692137999
60610,124129280,1.6538522243499756,,,3.063383294347474e-05,8418.717094565998
60620,124149760,1.8576940298080444,,,3.0627148644773434e-05,8419.891427661998
60630,124170240,1.5551257133483887,,,3.062049969685881e-05,8421.118722516
60640,124190720,1.8570213317871094,,,3.0613886101480046e-05,8422.428880148998
60650,124211200,1.759650707244873,,,3.060730786037705e-05,8423.622397482999
60660,124231680,1.7537128925323486,,,3.060076497528043e-05,8424.992132345998
60670,124252160,1.4771265983581543,,,3.059425744791149e-05,8426.224273681999
60680,124272640,1.8375918865203857,,,3.058778527998225e-05,8427.339283012
60690,124293120,1.7106552124023438,,,3.0581348473195365e-05,8428.504760614998
60700,124313600,1.8939311504364014,1.669686144590378,5.310500806191955,3.0574947029244246e-05,8430.223876548
60710,124334080,1.5784094333648682,,,3.0568580949812985e-05,8431.348734834999
60720,124354560,1.73401939868927,,,3.0562250236576384e-05,8432.415354165
60730,124375040,1.5218335390090942,,,3.05559548911999e-05,8433.618941125998
60740,124395520,1.6537110805511475,,,3.0549694915339724e-05,8434.910005061
60750,124416000,1.8278666734695435,,,3.054347031064273e-05,8436.424672361998
60760,124436480,1.7435190677642822,,,3.053728107874648e-05,8437.554419629
60770,124456960,2.118201971054077,,,3.0531127221279264e-05,8438.660914140999
60780,124477440,1.5535223484039307,,,3.052500873985998e-05,8439.788004435999
60790,124497920,1.5806291103363037,,,3.051892563609833e-05,8440.916049484
60800,124518400,1.5567774772644043,1.6688420236110688,5.306019992491299,3.051287791159464e-05,8443.181532632
60810,124538880,1.7957950830459595,,,3.0506865567939937e-05,8444.372350913998
60820,124559360,1.9255216121673584,,,3.050088860671595e-05,8445.470875015999
60830,124579840,1.7060179710388184,,,3.04949470294951e-05,8446.715816704
60840,124600320,1.5067224502563477,,,3.04890408378405e-05,8447.92183819
60850,124620800,1.8811248540878296,,,3.0483170033305946e-05,8449.182823861998
60860,124641280,1.634399652481079,,,3.0477334617435922e-05,8450.694193121999
60870,124661760,1.5167309045791626,,,3.0471534591765604e-05,8451.937989106998
60880,124682240,1.7125520706176758,,,3.046576995782089e-05,8453.249257231999
60890,124702720,1.483130693435669,,,3.0460040717118313e-05,8454.569705761998
60900,124723200,1.5240787267684937,1.6686358153820038,5.30492596030836,3.0454346871165112e-05,8456.958280769999
60910,124743680,1.6495712995529175,,,3.044868842145925e-05,8458.153540102998
60920,124764160,1.9645886421203613,,,3.0443065369489352e-05,8459.348414343
60930,124784640,1.6562401056289673,,,3.04374777167347e-05,8460.572164747999
60940,124805120,1.80143141746521,,,3.0431925464665325e-05,8461.782485226999
60950,124825600,1.4448461532592773,,,3.0426408614741892e-05,8462.981508664998
60960,124846080,1.7122700214385986,,,3.0420927168415767e-05,8464.491828371998
60970,124866560,1.7942990064620972,,,3.041548112712904e-05,8465.830033788
60980,124887040,1.8438825607299805,,,3.041007049231441e-05,8467.062595344998
60990,124907520,1.7702823877334595,,,3.040469526539535e-05,8468.354850599999
61000,124928000,1.7252665758132935,1.6687862813472747,5.30572423116846,3.0399355447785952e-05,8470.166063137
61010,124948480,1.6161658763885498,,,3.0394051040891007e-05,8472.577575762
61020,124968960,1.4751595258712769,,,3.038878204610601e-05,8473.842912444998
61030,124989440,1.718965768814087,,,3.038354846481712e-05,8475.074626573998
61040,125009920,1.6554211378097534,,,3.0378350298401186e-05,8476.297855795998
61050,125030400,1.968285322189331,,,3.0373187548225755e-05,8477.482229993999
61060,125050880,1.8013279438018799,,,3.0368060215649044e-05,8478.710705414998
61070,125071360,1.6053348779678345,,,3.0362968302019914e-05,8480.009463677998
61080,125091840,1.8802728652954102,,,3.0357911808677994e-05,8481.209329631998
61090,125112320,1.7296288013458252,,,3.0352890736953495e-05,8482.302908849999
61100,125132800,1.6511459350585938,1.6697528302669524,5.310854952339272,3.0347905088167404e-05,8484.310317389998
61110,125153280,1.9001177549362183,,,3.0342954863631322e-05,8485.502968789999
61120,125173760,1.4837838411331177,,,3.0338040064647556e-05,8486.639476774999
61130,125194240,1.8055353164672852,,,3.033316069250911e-05,8487.825470557998
61140,125214720,1.6308408975601196,,,3.032831674849961e-05,8489.243028043998
61150,125235200,1.6292479038238525,,,3.0323508233893434e-05,8490.577778779
61160,125255680,1.6961685419082642,,,3.0318735149955583e-05,8491.726195255998
61170,125276160,1.7841747999191284,,,3.0313997497941765e-05,8493.134250659998
61180,125296640,1.7110645771026611,,,3.030929527909837e-05,8494.528251038999
61190,125317120,1.7149748802185059,,,3.0304628494662448e-05,8495.711450051998
61200,125337600,1.5883219242095947,1.6697980523109437,5.311095125486077,3.0299997145861743e-05,8497.569188656998
61210,125358080,1.819037675857544,,,3.0295401233914658e-05,8498.744002462
61220,125378560,1.8179000616073608,,,3.0290840760030294e-05,8500.078947155998
61230,125399040,1.7023019790649414,,,3.0286315725408424e-05,8501.374283234
61240,125419520,1.6325315237045288,,,3.0281826131239485e-05,8502.749835528999
61250,125440000,1.5600899457931519,,,3.0277371978704595e-05,8503.957931212999
61260,125460480,1.76509690284729,,,3.027295326897556e-05,8505.078564615998
61270,125480960,1.759121060371399,,,3.026857000321485e-05,8506.309000399999
61280,125501440,1.7563207149505615,,,3.0264222182575615e-05,8507.428775564
61290,125521920,1.5812809467315674,,,3.0259909808201677e-05,8508.614656190999
61300,125542400,1.4646735191345215,1.6691341698169708,5.307570352555424,3.0255632881227538e-05,8510.542587524998
61310,125562880,1.738835334777832,,,3.0251391402778365e-05,8511.801938087
61320,125583360,1.804914951324463,,,3.0247185373970013e-05,8513.088007879998
61330,125603840,1.7181211709976196,,,3.0243014795908993e-05,8514.46521848
61340,125624320,1.7393666505813599,,,3.0238879669692524e-05,8515.716635793999
61350,125644800,1.6953023672103882,,,3.023477999640844e-05,8516.922285958999
61360,125665280,1.6163476705551147,,,3.023071577713531e-05,8518.109262451999
61370,125685760,1.6724810600280762,,,3.0226687012942332e-05,8519.382184245998
61380,125706240,1.6131081581115723,,,3.02226937048894e-05,8520.618338862
61390,125726720,1.5838887691497803,,,3.0218735854027063e-05,8521.845001054999
61400,125747200,1.862797498703003,1.6681597769260406,5.30240121253141,3.0214813461396573e-05,8524.610943651998
61410,125767680,1.555228590965271,,,3.0210926528029806e-05,8525.68651837
61420,125788160,1.5698206424713135,,,3.0207075054949368e-05,8526.965956954999
61430,125808640,1.989031195640564,,,3.0203259043168462e-05,8528.215941232
61440,125829120,1.6605373620986938,,,3.0199478493691043e-05,8529.463914786998
61450,125849600,2.1304006576538086,,,3.0195733407511674e-05,8530.448370915998
61460,125870080,1.6373445987701416,,,3.0192023785615623e-05,8531.503333448998
61470,125890560,1.660832166671753,,,3.0188349628978797e-05,8532.876392167
61480,125911040,1.9088283777236938,,,3.0184710938567823e-05,8533.684320888999
61490,125931520,1.5818620920181274,,,3.0181107715339955e-05,8534.852699710998
61500,125952000,2.0437333583831787,1.6683656752109528,5.303493080249975,3.017753996024311e-05,8536.279083624999
61510,125972480,1.881943941116333,,,3.0174007674215924e-05,8538.326340994998
61520,125992960,1.7673695087432861,,,3.0170510858187642e-05,8539.354919190999
61530,126013440,1.5946192741394043,,,3.0167049513078212e-05,8540.506870170999
61540,126033920,1.5911118984222412,,,3.0163623639798263e-05,8541.428743651999
61550,126054400,1.5713090896606445,,,3.016023323924905e-05,8542.484564551998
61560,126074880,2.0305867195129395,,,3.015687831232254e-05,8543.500133488998
61570,126095360,1.882981777191162,,,3.015355885990132e-05,8544.278459316998
61580,126115840,1.908826231956482,,,3.0150274882858694e-05,8545.503408221999
61590,126136320,1.5665241479873657,,,3.01470263820586e-05,8546.351063658
61600,126156800,1.9369864463806152,1.6671822249889374,5.29722037263741,3.014381335835566e-05,8548.232766670999
61610,126177280,1.843419075012207,,,3.0140635812595145e-05,8549.239955370998
61620,126197760,1.752603530883789,,,3.013749374561302e-05,8550.166259152
61630,126218240,1.6552064418792725,,,3.013438715823588e-05,8551.204445869
61640,126238720,1.601080060005188,,,3.0131316051281012e-05,8551.996453257998
61650,126259200,1.6117167472839355,,,3.0128280425556372e-05,8552.919648394
61660,126279680,1.6105799674987793,,,3.012528028186055e-05,8554.201486520999
61670,126300160,1.8758611679077148,,,3.012231562098285e-05,8555.310591907999
61680,126320640,1.7867701053619385,,,3.01193864437032e-05,8556.290532034
61690,126341120,1.5076016187667847,,,3.0116492750792207e-05,8557.320572792998
61700,126361600,1.703843116760254,1.6686745405197143,5.305131398274498,3.0113634543011158e-05,8558.851690202999
61710,126382080,1.8021520376205444,,,3.0110811821111957e-05,8559.777894251998
61720,126402560,1.564069151878357,,,3.0108024585837246e-05,8560.885760566998
61730,126423040,1.5814104080200195,,,3.010527283792025e-05,8561.773349015999
61740,126443520,1.7014625072479248,,,3.010255657808494e-05,8562.645209756998
61750,126464000,1.7514410018920898,,,3.0099875807045865e-05,8563.549013553999
61760,126484480,1.676482915878296,,,3.009723052550832e-05,8564.618470153999
61770,126504960,1.462354063987732,,,3.009462073416821e-05,8565.613098724998
61780,126525440,1.9507219791412354,,,3.0092046433712106e-05,8567.001844297998
61790,126545920,1.4133923053741455,,,3.0089507624817272e-05,8567.879058693998
61800,126566400,1.6171629428863525,1.6669790983200072,5.29614447518396,3.0087004308151616e-05,8569.680714610999
61810,126586880,1.7025554180145264,,,3.0084536484373702e-05,8570.645841949998
61820,126607360,1.800574779510498,,,3.008210415413278e-05,8571.649715245
61830,126627840,1.5809800624847412,,,3.0079707318068724e-05,8572.544857394
61840,126648320,1.7196818590164185,,,3.0077345976812104e-05,8573.612942364998
61850,126668800,1.6258211135864258,,,3.0075020130984156e-05,8574.759468945998
61860,126689280,1.4649577140808105,,,3.0072729781196736e-05,8575.694492798999
61870,126709760,1.7579138278961182,,,3.0070474928052406e-05,8576.738742507998
61880,126730240,1.7036912441253662,,,3.0068255572144374e-05,8577.877093915999
61890,126750720,1.5896382331848145,,,3.0066071714056487e-05,8578.902156867998
61900,126771200,1.6099668741226196,1.6688526570796967,5.306076414188406,3.006392335436331e-05,8580.251178486
61910,126791680,1.491196870803833,,,3.006181049362999e-05,8581.033278583998
61920,126812160,1.6552889347076416,,,3.0059733132412425e-05,8582.056799656999
61930,126832640,1.7119098901748657,,,3.0057691271257074e-05,8583.359599249998
61940,126853120,1.4248828887939453,,,3.0055684910701172e-05,8584.523335167
61950,126873600,1.8208980560302734,,,3.0053714051272498e-05,8585.898076270998
61960,126894080,1.8760610818862915,,,3.0051778693489556e-05,8586.944138875999
61970,126914560,1.5367428064346313,,,3.0049878837861527e-05,8587.924415692998
61980,126935040,1.4287298917770386,,,3.0048014484888204e-05,8589.244540888
61990,126955520,1.4520902633666992,,,3.0046185635060055e-05,8590.334591007999
62000,126976000,1.5912630558013916,1.6675474166870117,5.299155226815205,3.0044392288858226e-05,8591.695581540998
62010,126996480,2.136166572570801,,,3.004263444675451e-05,8593.821349561
62020,127016960,1.6464903354644775,,,3.004091210921134e-05,8594.838682621998
62030,127037440,1.7650434970855713,,,3.003922527668186e-05,8596.048959099999
62040,127057920,2.089104652404785,,,3.0037573949609828e-05,8597.387388603998
62050,127078400,1.6372089385986328,,,3.0035958128429656e-05,8598.517553983998
62060,127098880,1.789505958557129,,,3.0034377813566468e-05,8599.571189514998
62070,127119360,1.7008297443389893,,,3.003283300543598e-05,8600.462926209999
62080,127139840,1.626549243927002,,,3.0031323704444628e-05,8601.634979653998
62090,127160320,1.6705398559570312,,,3.0029849910989456e-05,8602.571536260999
62100,127180800,1.8790158033370972,1.6658048331737518,5.289929047311581,3.0028411625458194e-05,8604.379343203
62110,127201280,1.5918164253234863,,,3.0027008848229253e-05,8605.564145669
62120,127221760,1.582196831703186,,,3.002564157967164e-05,8606.703717773999
62130,127242240,1.9082469940185547,,,3.0024309820145067e-05,8607.683391387998
62140,127262720,1.589030385017395,,,3.0023013569999894e-05,8608.893545185998
62150,127283200,1.5961370468139648,,,3.0021752829577146e-05,8609.762739316999
62160,127303680,1.5938160419464111,,,3.002052759920849e-05,8611.038163827
62170,127324160,1.749281644821167,,,3.0019337879216256e-05,8611.929141252
62180,127344640,1.7905163764953613,,,3.0018183669913442e-05,8612.811332358999
62190,127365120,1.6266014575958252,,,3.0017064971603703e-05,8613.813922021998
62200,127385600,1.5482404232025146,1.6655434966087341,5.288546776052048,3.0015981784581333e-05,8615.701211071999
62210,127406080,1.6650383472442627,,,3.0014934109131307e-05,8616.694375202998
62220,127426560,1.7179062366485596,,,3.0013921945529247e-05,8617.704030858999
62230,127447040,1.6824638843536377,,,3.001294529404142e-05,8618.759787209998
62240,127467520,1.6573537588119507,,,3.001200415492478e-05,8619.853218799999
62250,127488000,1.655980110168457,,,3.00110985284269e-05,8620.961025839999
62260,127508480,1.547837257385254,,,3.001022841478605e-05,8622.055975328998
62270,127528960,1.7251145839691162,,,3.0009393814231144e-05,8622.978699125999
62280,127549440,1.7884790897369385,,,3.000859472698174e-05,8623.939863827
62290,127569920,1.5006369352340698,,,3.0007831153248042e-05,8625.035098409999
62300,127590400,1.757061243057251,1.6663943767547607,5.293048610494288,3.000710309323097e-05,8626.3550903
62310,127610880,1.6039400100708008,,,3.0006410547122032e-05,8627.382726871
62320,127631360,1.5718610286712646,,,3.0005753515103447e-05,8628.895688391
62330,127651840,1.5978825092315674,,,3.0005131997348034e-05,8629.827860556998
62340,127672320,1.8868277072906494,,,3.0004545994019334e-05,8630.824023766
62350,127692800,1.6060045957565308,,,3.0003995505271493e-05,8631.879054303998
62360,127713280,1.6936275959014893,,,3.000348053124934e-05,8633.087215066
62370,127733760,1.564978837966919,,,3.000300107208836e-05,8634.058710275
62380,127754240,1.5887609720230103,,,3.0002557127914683e-05,8635.148482437999
62390,127774720,1.7063748836517334,,,3.0002148698845095e-05,8636.270073930998
62400,127795200,1.7269845008850098,1.665218812227249,5.286829946242106,3.000177578498705e-05,8638.133366290998
62410,127815680,1.6985161304473877,,,3.000143838643866e-05,8639.286740931999
62420,127836160,1.6081326007843018,,,3.0001136503288686e-05,8640.801474402999
62430,127856640,1.5495665073394775,,,3.000087013561654e-05,8642.107405666999
62440,127877120,1.3912439346313477,,,3.0000639283492314e-05,8643.196584221
62450,127897600,1.4888206720352173,,,3.0000443946976722e-05,8644.568998341
62460,127918080,1.7963058948516846,,,3.0000284126121157e-05,8645.752202917998
62470,127938560,1.538414478302002,,,3.0000159820967676e-05,8646.964406602
62480,127959040,1.5073132514953613,,,3.0000071031548984e-05,8648.06846329
62490,127979520,1.751469373703003,,,3.0000017757888415e-05,8649.142642480998
62500,128000000,1.6674129962921143,1.6658091247081757,5.289951749272901,3e-05,8650.765640081998
