2026-09-30 22:33:45,739 16m_64mtoken: parameters=15351168, target steps=31250, processed tokens=64000000, resume step=0
2026-09-30 22:33:45,882 step=1 train=9.21034 val=None lr=4.8e-07
2026-09-30 22:33:46,622 step=10 train=9.21034 val=None lr=4.8e-06
2026-09-30 22:33:47,473 step=20 train=9.21033 val=None lr=9.6e-06
2026-09-30 22:33:48,090 step=30 train=9.21032 val=None lr=1.44e-05
2026-09-30 22:33:48,999 step=40 train=9.21029 val=None lr=1.92e-05
2026-09-30 22:33:49,766 step=50 train=9.21026 val=None lr=2.4e-05
2026-09-30 22:33:50,432 step=60 train=9.21021 val=None lr=2.88e-05
2026-09-30 22:33:51,152 step=70 train=9.21012 val=None lr=3.36e-05
2026-09-30 22:33:51,896 step=80 train=9.21002 val=None lr=3.84e-05
2026-09-30 22:33:52,649 step=90 train=9.20988 val=None lr=4.32e-05
2026-09-30 22:33:53,959 step=100 train=9.20964 val=9.209626531600952 lr=4.8e-05
2026-09-30 22:33:54,673 step=110 train=9.20935 val=None lr=5.28e-05
2026-09-30 22:33:55,341 step=120 train=9.20894 val=None lr=5.76e-05
2026-09-30 22:33:56,058 step=130 train=9.20846 val=None lr=6.24e-05
2026-09-30 22:33:56,754 step=140 train=9.20794 val=None lr=6.72e-05
2026-09-30 22:33:57,434 step=150 train=9.20708 val=None lr=7.2e-05
2026-09-30 22:33:58,208 step=160 train=9.20630 val=None lr=7.68e-05
2026-09-30 22:33:59,098 step=170 train=9.20566 val=None lr=8.16e-05
2026-09-30 22:33:59,798 step=180 train=9.20344 val=None lr=8.64e-05
2026-09-30 22:34:00,474 step=190 train=9.20210 val=None lr=9.12e-05
2026-09-30 22:34:01,779 step=200 train=9.19981 val=9.19972915649414 lr=9.6e-05
2026-09-30 22:34:02,602 step=210 train=9.19737 val=None lr=0.0001008
2026-09-30 22:34:03,502 step=220 train=9.19383 val=None lr=0.0001056
2026-09-30 22:34:04,217 step=230 train=9.19122 val=None lr=0.0001104
2026-09-30 22:34:04,940 step=240 train=9.18556 val=None lr=0.0001152
2026-09-30 22:34:05,712 step=250 train=9.18010 val=None lr=0.00012
2026-09-30 22:34:06,392 step=260 train=9.16707 val=None lr=0.0001248
2026-09-30 22:34:07,171 step=270 train=9.15333 val=None lr=0.0001296
2026-09-30 22:34:07,866 step=280 train=9.13548 val=None lr=0.0001344
2026-09-30 22:34:08,652 step=290 train=9.09771 val=None lr=0.0001392
2026-09-30 22:34:09,957 step=300 train=9.05727 val=9.056172323226928 lr=0.000144
2026-09-30 22:34:10,810 step=310 train=9.01795 val=None lr=0.0001488
2026-09-30 22:34:11,613 step=320 train=8.97830 val=None lr=0.0001536
2026-09-30 22:34:12,323 step=330 train=8.94417 val=None lr=0.0001584
2026-09-30 22:34:12,994 step=340 train=8.89711 val=None lr=0.0001632
2026-09-30 22:34:11,366 step=350 train=8.84144 val=None lr=0.000168
2026-09-30 22:34:11,980 step=360 train=8.77996 val=None lr=0.0001728
2026-09-30 22:34:12,767 step=370 train=8.73696 val=None lr=0.0001776
2026-09-30 22:34:13,528 step=380 train=8.67746 val=None lr=0.0001824
2026-09-30 22:34:14,260 step=390 train=8.60601 val=None lr=0.0001872
2026-09-30 22:34:15,358 step=400 train=8.51479 val=8.523645401000977 lr=0.000192
2026-09-30 22:34:16,102 step=410 train=8.47001 val=None lr=0.0001968
2026-09-30 22:34:16,774 step=420 train=8.39534 val=None lr=0.0002016
2026-09-30 22:34:17,463 step=430 train=8.29273 val=None lr=0.0002064
2026-09-30 22:34:18,290 step=440 train=8.18523 val=None lr=0.0002112
2026-09-30 22:34:18,994 step=450 train=8.09155 val=None lr=0.000216
2026-09-30 22:34:19,645 step=460 train=8.02264 val=None lr=0.0002208
2026-09-30 22:34:20,326 step=470 train=7.92429 val=None lr=0.0002256
2026-09-30 22:34:21,040 step=480 train=7.81283 val=None lr=0.0002304
2026-09-30 22:34:21,720 step=490 train=7.70920 val=None lr=0.0002352
2026-09-30 22:34:22,904 step=500 train=7.54402 val=7.54412944316864 lr=0.00024
2026-09-30 22:34:24,098 step=510 train=7.47334 val=None lr=0.0002448
2026-09-30 22:34:24,981 step=520 train=7.26829 val=None lr=0.0002496
2026-09-30 22:34:25,781 step=530 train=7.22065 val=None lr=0.0002544
2026-09-30 22:34:26,615 step=540 train=7.02302 val=None lr=0.0002592
2026-09-30 22:34:27,292 step=550 train=7.01014 val=None lr=0.000264
2026-09-30 22:34:27,959 step=560 train=6.79335 val=None lr=0.0002688
2026-09-30 22:34:28,645 step=570 train=6.72548 val=None lr=0.0002736
2026-09-30 22:34:29,385 step=580 train=6.61744 val=None lr=0.0002784
2026-09-30 22:34:30,173 step=590 train=6.52374 val=None lr=0.0002832
2026-09-30 22:34:31,472 step=600 train=6.38461 val=6.361146998405457 lr=0.000288
2026-09-30 22:34:32,152 step=610 train=6.32129 val=None lr=0.0002928
2026-09-30 22:34:32,892 step=620 train=6.13079 val=None lr=0.0002976
2026-09-30 22:34:33,591 step=630 train=6.14711 val=None lr=0.0003
2026-09-30 22:34:34,319 step=640 train=6.05011 val=None lr=0.0003
2026-09-30 22:34:35,085 step=650 train=6.13291 val=None lr=0.0003
2026-09-30 22:34:35,754 step=660 train=5.99349 val=None lr=0.000299999
2026-09-30 22:34:36,452 step=670 train=5.98896 val=None lr=0.000299999
2026-09-30 22:34:37,130 step=680 train=5.87330 val=None lr=0.000299998
2026-09-30 22:34:37,858 step=690 train=5.95122 val=None lr=0.000299997
2026-09-30 22:34:39,073 step=700 train=5.68259 val=5.753424644470215 lr=0.000299996
2026-09-30 22:34:39,952 step=710 train=5.67299 val=None lr=0.000299995
2026-09-30 22:34:40,585 step=720 train=5.71398 val=None lr=0.000299994
2026-09-30 22:34:41,342 step=730 train=5.72340 val=None lr=0.000299992
2026-09-30 22:34:42,078 step=740 train=5.46560 val=None lr=0.000299991
2026-09-30 22:34:42,745 step=750 train=5.65791 val=None lr=0.000299989
2026-09-30 22:34:41,005 step=760 train=5.50045 val=None lr=0.000299987
2026-09-30 22:34:41,837 step=770 train=5.40020 val=None lr=0.000299985
2026-09-30 22:34:42,682 step=780 train=5.52212 val=None lr=0.000299983
2026-09-30 22:34:43,419 step=790 train=5.48298 val=None lr=0.000299981
2026-09-30 22:34:44,820 step=800 train=5.48108 val=5.319354629516601 lr=0.000299978
2026-09-30 22:34:45,701 step=810 train=5.33485 val=None lr=0.000299976
2026-09-30 22:34:46,424 step=820 train=5.35886 val=None lr=0.000299973
2026-09-30 22:34:47,201 step=830 train=5.14657 val=None lr=0.00029997
2026-09-30 22:34:47,980 step=840 train=5.32891 val=None lr=0.000299967
2026-09-30 22:34:48,612 step=850 train=5.16680 val=None lr=0.000299964
2026-09-30 22:34:49,328 step=860 train=5.13362 val=None lr=0.000299961
2026-09-30 22:34:50,116 step=870 train=5.11925 val=None lr=0.000299957
2026-09-30 22:34:50,898 step=880 train=4.94343 val=None lr=0.000299954
2026-09-30 22:34:51,687 step=890 train=5.07902 val=None lr=0.00029995
2026-09-30 22:34:53,094 step=900 train=5.02692 val=4.891196918487549 lr=0.000299946
2026-09-30 22:34:54,049 step=910 train=4.82528 val=None lr=0.000299942
2026-09-30 22:34:54,832 step=920 train=4.91111 val=None lr=0.000299938
2026-09-30 22:34:55,635 step=930 train=4.82873 val=None lr=0.000299934
2026-09-30 22:34:56,388 step=940 train=4.62781 val=None lr=0.00029993
2026-09-30 22:34:57,162 step=950 train=4.59833 val=None lr=0.000299925
2026-09-30 22:34:57,925 step=960 train=4.62361 val=None lr=0.00029992
2026-09-30 22:34:58,732 step=970 train=4.88491 val=None lr=0.000299915
2026-09-30 22:34:59,526 step=980 train=4.74523 val=None lr=0.00029991
2026-09-30 22:35:00,333 step=990 train=4.52782 val=None lr=0.000299905
2026-09-30 22:35:01,717 step=1000 train=4.50167 val=4.528477263450623 lr=0.0002999
2026-09-30 22:35:03,059 step=1010 train=4.61584 val=None lr=0.000299895
2026-09-30 22:35:03,781 step=1020 train=4.76969 val=None lr=0.000299889
2026-09-30 22:35:04,461 step=1030 train=4.37536 val=None lr=0.000299884
2026-09-30 22:35:05,121 step=1040 train=4.34691 val=None lr=0.000299878
2026-09-30 22:35:05,748 step=1050 train=4.27921 val=None lr=0.000299872
2026-09-30 22:35:06,491 step=1060 train=4.11712 val=None lr=0.000299866
2026-09-30 22:35:07,373 step=1070 train=4.21227 val=None lr=0.000299859
2026-09-30 22:35:08,199 step=1080 train=4.16252 val=None lr=0.000299853
2026-09-30 22:35:08,881 step=1090 train=4.52731 val=None lr=0.000299846
2026-09-30 22:35:10,205 step=1100 train=4.20974 val=4.297206902503968 lr=0.00029984
2026-09-30 22:35:11,020 step=1110 train=4.56213 val=None lr=0.000299833
2026-09-30 22:35:11,716 step=1120 train=4.24107 val=None lr=0.000299826
2026-09-30 22:35:12,617 step=1130 train=4.23116 val=None lr=0.000299819
2026-09-30 22:35:10,926 step=1140 train=4.32473 val=None lr=0.000299812
2026-09-30 22:35:11,572 step=1150 train=4.27035 val=None lr=0.000299804
2026-09-30 22:35:12,395 step=1160 train=4.42755 val=None lr=0.000299797
2026-09-30 22:35:13,039 step=1170 train=4.25906 val=None lr=0.000299789
2026-09-30 22:35:13,809 step=1180 train=4.25575 val=None lr=0.000299781
2026-09-30 22:35:14,500 step=1190 train=4.08459 val=None lr=0.000299773
2026-09-30 22:35:15,806 step=1200 train=4.37316 val=4.157955884933472 lr=0.000299765
2026-09-30 22:35:16,532 step=1210 train=4.42790 val=None lr=0.000299757
2026-09-30 22:35:17,226 step=1220 train=4.40847 val=None lr=0.000299749
2026-09-30 22:35:17,863 step=1230 train=4.34452 val=None lr=0.00029974
2026-09-30 22:35:18,583 step=1240 train=4.23384 val=None lr=0.000299731
2026-09-30 22:35:19,281 step=1250 train=4.04186 val=None lr=0.000299723
2026-09-30 22:35:20,072 step=1260 train=3.91902 val=None lr=0.000299714
2026-09-30 22:35:20,760 step=1270 train=4.01053 val=None lr=0.000299705
2026-09-30 22:35:21,496 step=1280 train=4.08590 val=None lr=0.000299695
2026-09-30 22:35:22,288 step=1290 train=4.08167 val=None lr=0.000299686
2026-09-30 22:35:23,538 step=1300 train=4.05732 val=4.063375103473663 lr=0.000299676
2026-09-30 22:35:24,385 step=1310 train=4.05222 val=None lr=0.000299667
2026-09-30 22:35:25,119 step=1320 train=4.30175 val=None lr=0.000299657
2026-09-30 22:35:25,815 step=1330 train=4.19205 val=None lr=0.000299647
2026-09-30 22:35:26,689 step=1340 train=4.05778 val=None lr=0.000299637
2026-09-30 22:35:27,357 step=1350 train=3.83336 val=None lr=0.000299627
2026-09-30 22:35:28,157 step=1360 train=3.97923 val=None lr=0.000299616
2026-09-30 22:35:28,979 step=1370 train=4.03068 val=None lr=0.000299606
2026-09-30 22:35:29,980 step=1380 train=4.05033 val=None lr=0.000299595
2026-09-30 22:35:30,692 step=1390 train=4.02590 val=None lr=0.000299585
2026-09-30 22:35:31,854 step=1400 train=4.09200 val=4.0024379134178165 lr=0.000299574
2026-09-30 22:35:32,458 step=1410 train=4.02187 val=None lr=0.000299563
2026-09-30 22:35:33,152 step=1420 train=3.91895 val=None lr=0.000299551
2026-09-30 22:35:33,856 step=1430 train=4.02804 val=None lr=0.00029954
2026-09-30 22:35:34,569 step=1440 train=4.01162 val=None lr=0.000299528
2026-09-30 22:35:35,292 step=1450 train=4.07119 val=None lr=0.000299517
2026-09-30 22:35:36,028 step=1460 train=3.98248 val=None lr=0.000299505
2026-09-30 22:35:36,799 step=1470 train=3.93808 val=None lr=0.000299493
2026-09-30 22:35:37,548 step=1480 train=3.90249 val=None lr=0.000299481
2026-09-30 22:35:38,413 step=1490 train=3.99488 val=None lr=0.000299469
2026-09-30 22:35:39,665 step=1500 train=4.09408 val=3.9542099952697756 lr=0.000299457
2026-09-30 22:35:40,987 step=1510 train=4.12868 val=None lr=0.000299444
2026-09-30 22:35:41,823 step=1520 train=3.97219 val=None lr=0.000299431
2026-09-30 22:35:42,627 step=1530 train=4.04145 val=None lr=0.000299419
2026-09-30 22:35:40,887 step=1540 train=4.02008 val=None lr=0.000299406
2026-09-30 22:35:41,715 step=1550 train=3.78508 val=None lr=0.000299393
2026-09-30 22:35:42,699 step=1560 train=3.69088 val=None lr=0.00029938
2026-09-30 22:35:43,492 step=1570 train=4.40323 val=None lr=0.000299366
2026-09-30 22:35:44,228 step=1580 train=3.85040 val=None lr=0.000299353
2026-09-30 22:35:45,024 step=1590 train=4.06144 val=None lr=0.000299339
2026-09-30 22:35:46,520 step=1600 train=3.87505 val=3.9186617612838743 lr=0.000299325
2026-09-30 22:35:47,349 step=1610 train=4.01704 val=None lr=0.000299311
2026-09-30 22:35:48,485 step=1620 train=3.84194 val=None lr=0.000299297
2026-09-30 22:35:49,193 step=1630 train=3.63699 val=None lr=0.000299283
2026-09-30 22:35:50,205 step=1640 train=3.64556 val=None lr=0.000299269
2026-09-30 22:35:50,987 step=1650 train=4.14046 val=None lr=0.000299254
2026-09-30 22:35:51,739 step=1660 train=3.90182 val=None lr=0.00029924
2026-09-30 22:35:52,868 step=1670 train=3.95502 val=None lr=0.000299225
2026-09-30 22:35:53,644 step=1680 train=4.05027 val=None lr=0.00029921
2026-09-30 22:35:54,437 step=1690 train=4.01213 val=None lr=0.000299195
2026-09-30 22:35:55,707 step=1700 train=4.03314 val=3.885542154312134 lr=0.00029918
2026-09-30 22:35:56,435 step=1710 train=3.92200 val=None lr=0.000299165
2026-09-30 22:35:57,231 step=1720 train=3.69879 val=None lr=0.000299149
2026-09-30 22:35:58,108 step=1730 train=3.95756 val=None lr=0.000299134
2026-09-30 22:35:58,947 step=1740 train=3.86448 val=None lr=0.000299118
2026-09-30 22:35:59,947 step=1750 train=4.08869 val=None lr=0.000299102
2026-09-30 22:36:00,870 step=1760 train=4.04151 val=None lr=0.000299086
2026-09-30 22:36:01,565 step=1770 train=3.90528 val=None lr=0.00029907
2026-09-30 22:36:02,334 step=1780 train=4.15506 val=None lr=0.000299054
2026-09-30 22:36:02,965 step=1790 train=3.99839 val=None lr=0.000299037
2026-09-30 22:36:04,230 step=1800 train=4.02088 val=3.8485859394073487 lr=0.000299021
2026-09-30 22:36:04,885 step=1810 train=4.02921 val=None lr=0.000299004
2026-09-30 22:36:05,569 step=1820 train=4.13297 val=None lr=0.000298987
2026-09-30 22:36:06,226 step=1830 train=3.61074 val=None lr=0.00029897
2026-09-30 22:36:06,912 step=1840 train=3.83872 val=None lr=0.000298953
2026-09-30 22:36:07,622 step=1850 train=3.69204 val=None lr=0.000298935
2026-09-30 22:36:08,262 step=1860 train=3.84886 val=None lr=0.000298918
2026-09-30 22:36:08,903 step=1870 train=3.59605 val=None lr=0.0002989
2026-09-30 22:36:09,660 step=1880 train=3.87379 val=None lr=0.000298883
2026-09-30 22:36:10,432 step=1890 train=4.20614 val=None lr=0.000298865
2026-09-30 22:36:11,602 step=1900 train=3.61926 val=3.7927077770233155 lr=0.000298847
2026-09-30 22:36:12,304 step=1910 train=3.93391 val=None lr=0.000298829
2026-09-30 22:36:13,052 step=1920 train=3.67253 val=None lr=0.000298811
2026-09-30 22:36:11,271 step=1930 train=3.86824 val=None lr=0.000298792
2026-09-30 22:36:11,910 step=1940 train=3.89614 val=None lr=0.000298774
2026-09-30 22:36:12,636 step=1950 train=3.70114 val=None lr=0.000298755
2026-09-30 22:36:13,301 step=1960 train=3.94386 val=None lr=0.000298736
2026-09-30 22:36:14,153 step=1970 train=3.81064 val=None lr=0.000298717
2026-09-30 22:36:14,959 step=1980 train=3.84745 val=None lr=0.000298698
2026-09-30 22:36:15,630 step=1990 train=3.47035 val=None lr=0.000298679
2026-09-30 22:36:16,797 step=2000 train=3.88578 val=3.7213231325149536 lr=0.000298659
2026-09-30 22:36:18,009 step=2010 train=3.81363 val=None lr=0.00029864
2026-09-30 22:36:18,757 step=2020 train=3.70885 val=None lr=0.00029862
2026-09-30 22:36:19,453 step=2030 train=3.59122 val=None lr=0.0002986
2026-09-30 22:36:20,217 step=2040 train=3.85572 val=None lr=0.00029858
2026-09-30 22:36:20,931 step=2050 train=3.83424 val=None lr=0.00029856
2026-09-30 22:36:21,663 step=2060 train=3.67055 val=None lr=0.00029854
2026-09-30 22:36:22,507 step=2070 train=3.82108 val=None lr=0.00029852
2026-09-30 22:36:23,245 step=2080 train=3.75371 val=None lr=0.000298499
2026-09-30 22:36:23,973 step=2090 train=3.62058 val=None lr=0.000298478
2026-09-30 22:36:25,442 step=2100 train=3.65385 val=3.6616217732429504 lr=0.000298458
2026-09-30 22:36:26,142 step=2110 train=3.79919 val=None lr=0.000298437
2026-09-30 22:36:26,952 step=2120 train=3.56681 val=None lr=0.000298416
2026-09-30 22:36:27,629 step=2130 train=3.63178 val=None lr=0.000298394
2026-09-30 22:36:28,364 step=2140 train=3.49021 val=None lr=0.000298373
2026-09-30 22:36:29,146 step=2150 train=3.28025 val=None lr=0.000298351
2026-09-30 22:36:30,035 step=2160 train=3.82958 val=None lr=0.00029833
2026-09-30 22:36:30,727 step=2170 train=3.55739 val=None lr=0.000298308
2026-09-30 22:36:31,569 step=2180 train=3.69447 val=None lr=0.000298286
2026-09-30 22:36:32,510 step=2190 train=3.74685 val=None lr=0.000298264
2026-09-30 22:36:33,872 step=2200 train=3.50091 val=3.609051775932312 lr=0.000298242
2026-09-30 22:36:34,656 step=2210 train=3.58530 val=None lr=0.000298219
2026-09-30 22:36:35,566 step=2220 train=3.68048 val=None lr=0.000298197
2026-09-30 22:36:36,222 step=2230 train=3.76275 val=None lr=0.000298174
2026-09-30 22:36:37,089 step=2240 train=3.64477 val=None lr=0.000298152
2026-09-30 22:36:37,787 step=2250 train=3.61597 val=None lr=0.000298129
2026-09-30 22:36:38,446 step=2260 train=3.48091 val=None lr=0.000298106
2026-09-30 22:36:39,147 step=2270 train=3.77473 val=None lr=0.000298082
2026-09-30 22:36:39,808 step=2280 train=3.56430 val=None lr=0.000298059
2026-09-30 22:36:40,526 step=2290 train=3.51799 val=None lr=0.000298036
2026-09-30 22:36:41,727 step=2300 train=3.63873 val=3.556712603569031 lr=0.000298012
2026-09-30 22:36:42,493 step=2310 train=3.49488 val=None lr=0.000297988
2026-09-30 22:36:43,250 step=2320 train=3.97895 val=None lr=0.000297964
2026-09-30 22:36:41,335 step=2330 train=3.67912 val=None lr=0.00029794
2026-09-30 22:36:42,131 step=2340 train=3.39500 val=None lr=0.000297916
2026-09-30 22:36:42,851 step=2350 train=3.62737 val=None lr=0.000297892
2026-09-30 22:36:43,595 step=2360 train=3.71792 val=None lr=0.000297867
2026-09-30 22:36:44,440 step=2370 train=3.43850 val=None lr=0.000297843
2026-09-30 22:36:45,312 step=2380 train=3.72918 val=None lr=0.000297818
2026-09-30 22:36:46,050 step=2390 train=3.66398 val=None lr=0.000297793
2026-09-30 22:36:47,373 step=2400 train=3.49372 val=3.514163637161255 lr=0.000297768
2026-09-30 22:36:47,993 step=2410 train=3.69496 val=None lr=0.000297743
2026-09-30 22:36:48,689 step=2420 train=3.42546 val=None lr=0.000297718
2026-09-30 22:36:49,363 step=2430 train=3.50925 val=None lr=0.000297692
2026-09-30 22:36:50,009 step=2440 train=3.63203 val=None lr=0.000297667
2026-09-30 22:36:50,653 step=2450 train=3.76636 val=None lr=0.000297641
2026-09-30 22:36:51,409 step=2460 train=3.32775 val=None lr=0.000297615
2026-09-30 22:36:52,237 step=2470 train=3.37240 val=None lr=0.000297589
2026-09-30 22:36:52,917 step=2480 train=3.65558 val=None lr=0.000297563
2026-09-30 22:36:53,585 step=2490 train=3.54337 val=None lr=0.000297537
2026-09-30 22:36:54,923 step=2500 train=3.52980 val=3.4807597160339356 lr=0.00029751
2026-09-30 22:36:56,197 step=2510 train=3.68746 val=None lr=0.000297484
2026-09-30 22:36:56,872 step=2520 train=3.72601 val=None lr=0.000297457
2026-09-30 22:36:57,547 step=2530 train=3.39947 val=None lr=0.00029743
2026-09-30 22:36:58,245 step=2540 train=3.31058 val=None lr=0.000297403
2026-09-30 22:36:58,949 step=2550 train=3.52584 val=None lr=0.000297376
2026-09-30 22:36:59,666 step=2560 train=3.28154 val=None lr=0.000297349
2026-09-30 22:37:00,358 step=2570 train=3.48300 val=None lr=0.000297322
2026-09-30 22:37:01,036 step=2580 train=3.27287 val=None lr=0.000297294
2026-09-30 22:37:01,760 step=2590 train=3.52344 val=None lr=0.000297267
2026-09-30 22:37:03,085 step=2600 train=3.49394 val=3.4468637466430665 lr=0.000297239
2026-09-30 22:37:03,814 step=2610 train=3.65338 val=None lr=0.000297211
2026-09-30 22:37:04,454 step=2620 train=3.52095 val=None lr=0.000297183
2026-09-30 22:37:05,229 step=2630 train=3.64477 val=None lr=0.000297155
2026-09-30 22:37:05,926 step=2640 train=3.34812 val=None lr=0.000297126
2026-09-30 22:37:06,598 step=2650 train=3.39517 val=None lr=0.000297098
2026-09-30 22:37:07,363 step=2660 train=3.65883 val=None lr=0.000297069
2026-09-30 22:37:08,035 step=2670 train=3.33380 val=None lr=0.00029704
2026-09-30 22:37:08,701 step=2680 train=3.60888 val=None lr=0.000297011
2026-09-30 22:37:09,407 step=2690 train=3.76952 val=None lr=0.000296982
2026-09-30 22:37:10,684 step=2700 train=3.64716 val=3.412139880657196 lr=0.000296953
2026-09-30 22:37:11,355 step=2710 train=3.72173 val=None lr=0.000296924
2026-09-30 22:37:12,094 step=2720 train=3.61188 val=None lr=0.000296894
2026-09-30 22:37:12,775 step=2730 train=3.32860 val=None lr=0.000296865
2026-09-30 22:37:11,140 step=2740 train=3.34605 val=None lr=0.000296835
2026-09-30 22:37:11,980 step=2750 train=3.59489 val=None lr=0.000296805
2026-09-30 22:37:12,829 step=2760 train=3.55152 val=None lr=0.000296775
2026-09-30 22:37:13,601 step=2770 train=3.57591 val=None lr=0.000296745
2026-09-30 22:37:14,397 step=2780 train=3.46268 val=None lr=0.000296715
2026-09-30 22:37:15,456 step=2790 train=3.35811 val=None lr=0.000296684
2026-09-30 22:37:16,603 step=2800 train=3.36754 val=3.384643793106079 lr=0.000296654
2026-09-30 22:37:17,286 step=2810 train=3.39023 val=None lr=0.000296623
2026-09-30 22:37:17,998 step=2820 train=3.37078 val=None lr=0.000296592
2026-09-30 22:37:18,813 step=2830 train=3.44109 val=None lr=0.000296561
2026-09-30 22:37:19,512 step=2840 train=3.48459 val=None lr=0.00029653
2026-09-30 22:37:20,203 step=2850 train=3.31358 val=None lr=0.000296499
2026-09-30 22:37:20,894 step=2860 train=3.46187 val=None lr=0.000296467
2026-09-30 22:37:21,569 step=2870 train=3.39315 val=None lr=0.000296436
2026-09-30 22:37:22,329 step=2880 train=3.24244 val=None lr=0.000296404
2026-09-30 22:37:23,102 step=2890 train=3.77624 val=None lr=0.000296372
2026-09-30 22:37:24,320 step=2900 train=3.57938 val=3.3517515301704406 lr=0.00029634
2026-09-30 22:37:25,150 step=2910 train=3.43058 val=None lr=0.000296308
2026-09-30 22:37:25,979 step=2920 train=3.39578 val=None lr=0.000296276
2026-09-30 22:37:26,661 step=2930 train=3.24925 val=None lr=0.000296244
2026-09-30 22:37:27,376 step=2940 train=3.60284 val=None lr=0.000296211
2026-09-30 22:37:28,250 step=2950 train=3.39186 val=None lr=0.000296178
2026-09-30 22:37:28,966 step=2960 train=3.57671 val=None lr=0.000296146
2026-09-30 22:37:29,644 step=2970 train=3.71695 val=None lr=0.000296113
2026-09-30 22:37:30,397 step=2980 train=3.36236 val=None lr=0.00029608
2026-09-30 22:37:31,109 step=2990 train=3.11930 val=None lr=0.000296046
2026-09-30 22:37:32,307 step=3000 train=3.68173 val=3.3266289234161377 lr=0.000296013
2026-09-30 22:37:33,612 step=3010 train=3.25930 val=None lr=0.00029598
2026-09-30 22:37:34,462 step=3020 train=3.54279 val=None lr=0.000295946
2026-09-30 22:37:35,247 step=3030 train=3.17809 val=None lr=0.000295912
2026-09-30 22:37:35,925 step=3040 train=3.31661 val=None lr=0.000295878
2026-09-30 22:37:36,757 step=3050 train=3.60862 val=None lr=0.000295844
2026-09-30 22:37:37,422 step=3060 train=3.36672 val=None lr=0.00029581
2026-09-30 22:37:38,206 step=3070 train=3.19615 val=None lr=0.000295776
2026-09-30 22:37:39,020 step=3080 train=3.26775 val=None lr=0.000295741
2026-09-30 22:37:39,721 step=3090 train=3.23226 val=None lr=0.000295707
2026-09-30 22:37:40,829 step=3100 train=3.28672 val=3.2944595336914064 lr=0.000295672
2026-09-30 22:37:41,477 step=3110 train=3.56306 val=None lr=0.000295637
2026-09-30 22:37:42,246 step=3120 train=3.14554 val=None lr=0.000295602
2026-09-30 22:37:42,922 step=3130 train=3.48634 val=None lr=0.000295567
2026-09-30 22:37:41,378 step=3140 train=3.25725 val=None lr=0.000295532
2026-09-30 22:37:41,986 step=3150 train=3.48998 val=None lr=0.000295497
2026-09-30 22:37:42,636 step=3160 train=3.38154 val=None lr=0.000295461
2026-09-30 22:37:43,414 step=3170 train=3.29010 val=None lr=0.000295425
2026-09-30 22:37:44,130 step=3180 train=3.41793 val=None lr=0.00029539
2026-09-30 22:37:44,999 step=3190 train=3.47726 val=None lr=0.000295354
2026-09-30 22:37:46,208 step=3200 train=3.35587 val=3.258838939666748 lr=0.000295317
2026-09-30 22:37:46,993 step=3210 train=3.20224 val=None lr=0.000295281
2026-09-30 22:37:47,731 step=3220 train=3.29593 val=None lr=0.000295245
2026-09-30 22:37:48,575 step=3230 train=3.17210 val=None lr=0.000295208
2026-09-30 22:37:49,270 step=3240 train=3.27373 val=None lr=0.000295172
2026-09-30 22:37:50,051 step=3250 train=3.35298 val=None lr=0.000295135
2026-09-30 22:37:50,770 step=3260 train=3.11880 val=None lr=0.000295098
2026-09-30 22:37:51,698 step=3270 train=3.26496 val=None lr=0.000295061
2026-09-30 22:37:52,392 step=3280 train=3.28277 val=None lr=0.000295024
2026-09-30 22:37:53,052 step=3290 train=3.48799 val=None lr=0.000294987
2026-09-30 22:37:54,314 step=3300 train=3.47391 val=3.2270068287849427 lr=0.000294949
2026-09-30 22:37:54,971 step=3310 train=3.40184 val=None lr=0.000294911
2026-09-30 22:37:55,935 step=3320 train=3.23055 val=None lr=0.000294874
2026-09-30 22:37:56,721 step=3330 train=3.10715 val=None lr=0.000294836
2026-09-30 22:37:57,342 step=3340 train=3.23547 val=None lr=0.000294798
2026-09-30 22:37:58,012 step=3350 train=3.28543 val=None lr=0.00029476
2026-09-30 22:37:58,686 step=3360 train=3.17088 val=None lr=0.000294721
2026-09-30 22:37:59,623 step=3370 train=3.27356 val=None lr=0.000294683
2026-09-30 22:38:00,411 step=3380 train=3.10011 val=None lr=0.000294644
2026-09-30 22:38:01,225 step=3390 train=3.07960 val=None lr=0.000294606
2026-09-30 22:38:02,406 step=3400 train=3.18142 val=3.2013766407966613 lr=0.000294567
2026-09-30 22:38:03,108 step=3410 train=3.35612 val=None lr=0.000294528
2026-09-30 22:38:04,015 step=3420 train=3.56073 val=None lr=0.000294489
2026-09-30 22:38:04,717 step=3430 train=3.38227 val=None lr=0.00029445
2026-09-30 22:38:05,355 step=3440 train=3.13049 val=None lr=0.00029441
2026-09-30 22:38:06,108 step=3450 train=3.24954 val=None lr=0.000294371
2026-09-30 22:38:06,942 step=3460 train=3.15969 val=None lr=0.000294331
2026-09-30 22:38:07,648 step=3470 train=3.10786 val=None lr=0.000294291
2026-09-30 22:38:08,274 step=3480 train=3.11605 val=None lr=0.000294251
2026-09-30 22:38:08,905 step=3490 train=3.19339 val=None lr=0.000294211
2026-09-30 22:38:10,271 step=3500 train=3.35688 val=3.167697215080261 lr=0.000294171
2026-09-30 22:38:11,498 step=3510 train=3.36589 val=None lr=0.000294131
2026-09-30 22:38:12,217 step=3520 train=3.06413 val=None lr=0.00029409
2026-09-30 22:38:12,845 step=3530 train=3.14053 val=None lr=0.00029405
2026-09-30 22:38:11,176 step=3540 train=3.05277 val=None lr=0.000294009
2026-09-30 22:38:12,027 step=3550 train=3.32531 val=None lr=0.000293968
2026-09-30 22:38:12,827 step=3560 train=3.37822 val=None lr=0.000293927
2026-09-30 22:38:13,601 step=3570 train=3.20223 val=None lr=0.000293886
2026-09-30 22:38:14,276 step=3580 train=3.45347 val=None lr=0.000293845
2026-09-30 22:38:14,942 step=3590 train=3.07140 val=None lr=0.000293803
2026-09-30 22:38:16,123 step=3600 train=3.28130 val=3.1475655317306517 lr=0.000293762
2026-09-30 22:38:16,868 step=3610 train=2.99246 val=None lr=0.00029372
2026-09-30 22:38:17,595 step=3620 train=3.20612 val=None lr=0.000293678
2026-09-30 22:38:18,511 step=3630 train=3.18174 val=None lr=0.000293636
2026-09-30 22:38:19,347 step=3640 train=3.29739 val=None lr=0.000293594
2026-09-30 22:38:20,032 step=3650 train=3.03902 val=None lr=0.000293552
2026-09-30 22:38:20,930 step=3660 train=3.10203 val=None lr=0.00029351
2026-09-30 22:38:21,639 step=3670 train=3.08785 val=None lr=0.000293467
2026-09-30 22:38:22,438 step=3680 train=3.22838 val=None lr=0.000293425
2026-09-30 22:38:23,285 step=3690 train=2.99979 val=None lr=0.000293382
2026-09-30 22:38:24,599 step=3700 train=3.18320 val=3.1235459804534913 lr=0.000293339
2026-09-30 22:38:25,399 step=3710 train=3.10768 val=None lr=0.000293296
2026-09-30 22:38:26,105 step=3720 train=3.26032 val=None lr=0.000293253
2026-09-30 22:38:26,909 step=3730 train=3.09421 val=None lr=0.00029321
2026-09-30 22:38:27,578 step=3740 train=3.51195 val=None lr=0.000293166
2026-09-30 22:38:28,290 step=3750 train=3.22366 val=None lr=0.000293123
2026-09-30 22:38:29,007 step=3760 train=2.99171 val=None lr=0.000293079
2026-09-30 22:38:29,662 step=3770 train=3.27650 val=None lr=0.000293035
2026-09-30 22:38:30,415 step=3780 train=2.97552 val=None lr=0.000292991
2026-09-30 22:38:31,172 step=3790 train=3.09250 val=None lr=0.000292947
2026-09-30 22:38:32,400 step=3800 train=3.35612 val=3.1047375559806825 lr=0.000292903
2026-09-30 22:38:33,065 step=3810 train=3.10449 val=None lr=0.000292858
2026-09-30 22:38:33,784 step=3820 train=3.29332 val=None lr=0.000292814
2026-09-30 22:38:34,538 step=3830 train=3.21653 val=None lr=0.000292769
2026-09-30 22:38:35,188 step=3840 train=3.04015 val=None lr=0.000292724
2026-09-30 22:38:35,853 step=3850 train=3.00742 val=None lr=0.000292679
2026-09-30 22:38:36,525 step=3860 train=3.30955 val=None lr=0.000292634
2026-09-30 22:38:37,193 step=3870 train=3.06894 val=None lr=0.000292589
2026-09-30 22:38:37,871 step=3880 train=3.21077 val=None lr=0.000292544
2026-09-30 22:38:38,502 step=3890 train=3.52452 val=None lr=0.000292498
2026-09-30 22:38:39,757 step=3900 train=3.42562 val=3.0819952487945557 lr=0.000292453
2026-09-30 22:38:40,404 step=3910 train=3.00820 val=None lr=0.000292407
2026-09-30 22:38:41,116 step=3920 train=3.25733 val=None lr=0.000292361
2026-09-30 22:38:41,787 step=3930 train=3.03890 val=None lr=0.000292315
2026-09-30 22:38:42,539 step=3940 train=3.07733 val=None lr=0.000292269
2026-09-30 22:38:43,268 step=3950 train=3.02647 val=None lr=0.000292223
2026-09-30 22:38:41,400 step=3960 train=3.07643 val=None lr=0.000292176
2026-09-30 22:38:42,098 step=3970 train=2.98088 val=None lr=0.00029213
2026-09-30 22:38:42,871 step=3980 train=3.39434 val=None lr=0.000292083
2026-09-30 22:38:43,593 step=3990 train=2.88769 val=None lr=0.000292036
2026-09-30 22:38:44,762 step=4000 train=3.00516 val=3.0633745551109315 lr=0.00029199
2026-09-30 22:38:46,195 step=4010 train=3.09184 val=None lr=0.000291942
2026-09-30 22:38:46,887 step=4020 train=3.18136 val=None lr=0.000291895
2026-09-30 22:38:47,574 step=4030 train=3.30104 val=None lr=0.000291848
2026-09-30 22:38:48,279 step=4040 train=3.38191 val=None lr=0.000291801
2026-09-30 22:38:48,934 step=4050 train=2.94321 val=None lr=0.000291753
2026-09-30 22:38:49,681 step=4060 train=3.36723 val=None lr=0.000291705
2026-09-30 22:38:50,365 step=4070 train=3.13530 val=None lr=0.000291657
2026-09-30 22:38:51,118 step=4080 train=3.12763 val=None lr=0.000291609
2026-09-30 22:38:51,773 step=4090 train=3.04204 val=None lr=0.000291561
2026-09-30 22:38:53,257 step=4100 train=3.23889 val=3.047455632686615 lr=0.000291513
2026-09-30 22:38:53,854 step=4110 train=3.28980 val=None lr=0.000291465
2026-09-30 22:38:54,573 step=4120 train=3.00550 val=None lr=0.000291416
2026-09-30 22:38:55,298 step=4130 train=3.08571 val=None lr=0.000291367
2026-09-30 22:38:55,998 step=4140 train=3.08283 val=None lr=0.000291319
2026-09-30 22:38:56,809 step=4150 train=3.08614 val=None lr=0.00029127
2026-09-30 22:38:57,765 step=4160 train=2.90865 val=None lr=0.000291221
2026-09-30 22:38:58,543 step=4170 train=3.11518 val=None lr=0.000291171
2026-09-30 22:38:59,192 step=4180 train=3.16843 val=None lr=0.000291122
2026-09-30 22:38:59,853 step=4190 train=2.85794 val=None lr=0.000291073
2026-09-30 22:39:01,088 step=4200 train=3.19700 val=3.0311198234558105 lr=0.000291023
2026-09-30 22:39:01,791 step=4210 train=3.29258 val=None lr=0.000290973
2026-09-30 22:39:02,576 step=4220 train=3.06950 val=None lr=0.000290923
2026-09-30 22:39:03,291 step=4230 train=3.14376 val=None lr=0.000290873
2026-09-30 22:39:03,955 step=4240 train=3.09143 val=None lr=0.000290823
2026-09-30 22:39:04,731 step=4250 train=3.40674 val=None lr=0.000290773
2026-09-30 22:39:05,388 step=4260 train=3.12802 val=None lr=0.000290723
2026-09-30 22:39:06,154 step=4270 train=3.13945 val=None lr=0.000290672
2026-09-30 22:39:06,943 step=4280 train=3.13002 val=None lr=0.000290622
2026-09-30 22:39:07,790 step=4290 train=3.10441 val=None lr=0.000290571
2026-09-30 22:39:09,205 step=4300 train=3.10181 val=3.0104108810424806 lr=0.00029052
2026-09-30 22:39:10,086 step=4310 train=3.10864 val=None lr=0.000290469
2026-09-30 22:39:11,096 step=4320 train=3.55444 val=None lr=0.000290418
2026-09-30 22:39:11,879 step=4330 train=3.14419 val=None lr=0.000290366
2026-09-30 22:39:12,632 step=4340 train=3.00541 val=None lr=0.000290315
2026-09-30 22:39:13,295 step=4350 train=3.11111 val=None lr=0.000290263
2026-09-30 22:39:11,560 step=4360 train=2.85697 val=None lr=0.000290212
2026-09-30 22:39:12,268 step=4370 train=3.10295 val=None lr=0.00029016
2026-09-30 22:39:12,976 step=4380 train=2.81505 val=None lr=0.000290108
2026-09-30 22:39:13,621 step=4390 train=3.28900 val=None lr=0.000290056
2026-09-30 22:39:14,880 step=4400 train=2.95036 val=2.99807984828949 lr=0.000290003
2026-09-30 22:39:15,586 step=4410 train=2.86165 val=None lr=0.000289951
2026-09-30 22:39:16,332 step=4420 train=2.79010 val=None lr=0.000289899
2026-09-30 22:39:17,112 step=4430 train=3.28041 val=None lr=0.000289846
2026-09-30 22:39:17,891 step=4440 train=3.18147 val=None lr=0.000289793
2026-09-30 22:39:18,524 step=4450 train=3.16801 val=None lr=0.00028974
2026-09-30 22:39:19,136 step=4460 train=2.87411 val=None lr=0.000289687
2026-09-30 22:39:19,974 step=4470 train=3.14791 val=None lr=0.000289634
2026-09-30 22:39:20,623 step=4480 train=3.07799 val=None lr=0.000289581
2026-09-30 22:39:21,364 step=4490 train=3.16635 val=None lr=0.000289527
2026-09-30 22:39:22,610 step=4500 train=2.86886 val=2.9803896069526674 lr=0.000289474
2026-09-30 22:39:23,831 step=4510 train=3.03935 val=None lr=0.00028942
2026-09-30 22:39:24,554 step=4520 train=2.95347 val=None lr=0.000289366
2026-09-30 22:39:25,249 step=4530 train=3.03197 val=None lr=0.000289312
2026-09-30 22:39:25,942 step=4540 train=3.02524 val=None lr=0.000289258
2026-09-30 22:39:26,699 step=4550 train=2.74979 val=None lr=0.000289204
2026-09-30 22:39:27,460 step=4560 train=3.09329 val=None lr=0.00028915
2026-09-30 22:39:28,082 step=4570 train=3.04385 val=None lr=0.000289095
2026-09-30 22:39:28,829 step=4580 train=2.88078 val=None lr=0.000289041
2026-09-30 22:39:29,583 step=4590 train=3.03091 val=None lr=0.000288986
2026-09-30 22:39:30,945 step=4600 train=3.03775 val=2.9702714562416075 lr=0.000288931
2026-09-30 22:39:31,612 step=4610 train=3.28198 val=None lr=0.000288876
2026-09-30 22:39:32,329 step=4620 train=3.04999 val=None lr=0.000288821
2026-09-30 22:39:33,118 step=4630 train=3.31827 val=None lr=0.000288766
2026-09-30 22:39:33,871 step=4640 train=3.17860 val=None lr=0.000288711
2026-09-30 22:39:34,624 step=4650 train=3.01296 val=None lr=0.000288655
2026-09-30 22:39:35,517 step=4660 train=2.91006 val=None lr=0.000288599
2026-09-30 22:39:36,326 step=4670 train=2.98736 val=None lr=0.000288544
2026-09-30 22:39:37,113 step=4680 train=3.09924 val=None lr=0.000288488
2026-09-30 22:39:37,816 step=4690 train=2.82652 val=None lr=0.000288432
2026-09-30 22:39:38,994 step=4700 train=3.15575 val=2.9582003712654115 lr=0.000288376
2026-09-30 22:39:39,724 step=4710 train=2.98738 val=None lr=0.000288319
2026-09-30 22:39:40,631 step=4720 train=2.97772 val=None lr=0.000288263
2026-09-30 22:39:41,812 step=4730 train=2.92222 val=None lr=0.000288206
2026-09-30 22:39:42,684 step=4740 train=3.25522 val=None lr=0.00028815
2026-09-30 22:39:43,510 step=4750 train=3.15292 val=None lr=0.000288093
2026-09-30 22:39:41,635 step=4760 train=2.88035 val=None lr=0.000288036
2026-09-30 22:39:42,413 step=4770 train=2.90282 val=None lr=0.000287979
2026-09-30 22:39:43,173 step=4780 train=3.28772 val=None lr=0.000287922
2026-09-30 22:39:44,018 step=4790 train=2.99216 val=None lr=0.000287864
2026-09-30 22:39:45,181 step=4800 train=3.34347 val=2.9476629734039306 lr=0.000287807
2026-09-30 22:39:45,849 step=4810 train=2.96182 val=None lr=0.000287749
2026-09-30 22:39:46,671 step=4820 train=3.06522 val=None lr=0.000287692
2026-09-30 22:39:47,345 step=4830 train=2.99907 val=None lr=0.000287634
2026-09-30 22:39:48,137 step=4840 train=2.92737 val=None lr=0.000287576
2026-09-30 22:39:48,851 step=4850 train=3.13702 val=None lr=0.000287518
2026-09-30 22:39:49,552 step=4860 train=2.77604 val=None lr=0.000287459
2026-09-30 22:39:50,376 step=4870 train=2.84138 val=None lr=0.000287401
2026-09-30 22:39:51,098 step=4880 train=2.92904 val=None lr=0.000287343
2026-09-30 22:39:51,822 step=4890 train=2.84732 val=None lr=0.000287284
2026-09-30 22:39:53,151 step=4900 train=2.89319 val=2.9303252696990967 lr=0.000287225
2026-09-30 22:39:53,824 step=4910 train=3.03371 val=None lr=0.000287166
2026-09-30 22:39:54,486 step=4920 train=2.98758 val=None lr=0.000287107
2026-09-30 22:39:55,286 step=4930 train=3.15593 val=None lr=0.000287048
2026-09-30 22:39:55,897 step=4940 train=3.12405 val=None lr=0.000286989
2026-09-30 22:39:56,573 step=4950 train=2.85912 val=None lr=0.00028693
2026-09-30 22:39:57,302 step=4960 train=2.61268 val=None lr=0.00028687
2026-09-30 22:39:57,982 step=4970 train=2.95416 val=None lr=0.00028681
2026-09-30 22:39:58,771 step=4980 train=2.75500 val=None lr=0.000286751
2026-09-30 22:39:59,535 step=4990 train=3.16671 val=None lr=0.000286691
2026-09-30 22:40:00,804 step=5000 train=3.23069 val=2.9105648398399353 lr=0.000286631
2026-09-30 22:40:02,058 step=5010 train=2.95338 val=None lr=0.000286571
2026-09-30 22:40:02,861 step=5020 train=3.07342 val=None lr=0.00028651
2026-09-30 22:40:03,529 step=5030 train=3.05552 val=None lr=0.00028645
2026-09-30 22:40:04,308 step=5040 train=2.93852 val=None lr=0.000286389
2026-09-30 22:40:04,994 step=5050 train=2.98089 val=None lr=0.000286329
2026-09-30 22:40:05,618 step=5060 train=3.21980 val=None lr=0.000286268
2026-09-30 22:40:06,356 step=5070 train=2.98836 val=None lr=0.000286207
2026-09-30 22:40:07,042 step=5080 train=3.34556 val=None lr=0.000286146
2026-09-30 22:40:07,757 step=5090 train=2.91236 val=None lr=0.000286085
2026-09-30 22:40:09,101 step=5100 train=3.13496 val=2.904384529590607 lr=0.000286024
2026-09-30 22:40:09,746 step=5110 train=3.09758 val=None lr=0.000285962
2026-09-30 22:40:10,514 step=5120 train=3.04836 val=None lr=0.000285901
2026-09-30 22:40:11,270 step=5130 train=2.75616 val=None lr=0.000285839
2026-09-30 22:40:12,038 step=5140 train=2.91328 val=None lr=0.000285777
2026-09-30 22:40:12,913 step=5150 train=3.04299 val=None lr=0.000285715
2026-09-30 22:40:11,266 step=5160 train=3.09481 val=None lr=0.000285653
2026-09-30 22:40:11,943 step=5170 train=2.80567 val=None lr=0.000285591
2026-09-30 22:40:12,609 step=5180 train=3.04990 val=None lr=0.000285529
2026-09-30 22:40:13,302 step=5190 train=2.72823 val=None lr=0.000285466
2026-09-30 22:40:14,460 step=5200 train=3.23039 val=2.892795205116272 lr=0.000285404
2026-09-30 22:40:15,117 step=5210 train=2.73258 val=None lr=0.000285341
2026-09-30 22:40:15,962 step=5220 train=3.13358 val=None lr=0.000285278
2026-09-30 22:40:16,814 step=5230 train=2.92524 val=None lr=0.000285215
2026-09-30 22:40:17,687 step=5240 train=2.99060 val=None lr=0.000285152
2026-09-30 22:40:18,589 step=5250 train=2.87799 val=None lr=0.000285089
2026-09-30 22:40:19,339 step=5260 train=2.85124 val=None lr=0.000285025
2026-09-30 22:40:20,056 step=5270 train=3.01289 val=None lr=0.000284962
2026-09-30 22:40:20,757 step=5280 train=3.25028 val=None lr=0.000284898
2026-09-30 22:40:21,457 step=5290 train=2.93141 val=None lr=0.000284835
2026-09-30 22:40:22,695 step=5300 train=3.12912 val=2.876233923435211 lr=0.000284771
2026-09-30 22:40:23,396 step=5310 train=2.82192 val=None lr=0.000284707
2026-09-30 22:40:24,122 step=5320 train=3.05307 val=None lr=0.000284643
2026-09-30 22:40:24,902 step=5330 train=2.95355 val=None lr=0.000284579
2026-09-30 22:40:25,633 step=5340 train=2.89342 val=None lr=0.000284514
2026-09-30 22:40:26,451 step=5350 train=2.77662 val=None lr=0.00028445
2026-09-30 22:40:27,328 step=5360 train=3.16035 val=None lr=0.000284385
2026-09-30 22:40:27,976 step=5370 train=2.96479 val=None lr=0.000284321
2026-09-30 22:40:28,717 step=5380 train=2.80375 val=None lr=0.000284256
2026-09-30 22:40:29,433 step=5390 train=2.92464 val=None lr=0.000284191
2026-09-30 22:40:30,801 step=5400 train=2.94442 val=2.8667598009109496 lr=0.000284126
2026-09-30 22:40:31,678 step=5410 train=3.02318 val=None lr=0.00028406
2026-09-30 22:40:32,516 step=5420 train=2.74989 val=None lr=0.000283995
2026-09-30 22:40:33,271 step=5430 train=3.01687 val=None lr=0.00028393
2026-09-30 22:40:34,032 step=5440 train=2.93187 val=None lr=0.000283864
2026-09-30 22:40:34,675 step=5450 train=2.92231 val=None lr=0.000283798
2026-09-30 22:40:35,536 step=5460 train=3.15609 val=None lr=0.000283732
2026-09-30 22:40:36,245 step=5470 train=2.83114 val=None lr=0.000283666
2026-09-30 22:40:36,972 step=5480 train=2.85508 val=None lr=0.0002836
2026-09-30 22:40:37,784 step=5490 train=2.86530 val=None lr=0.000283534
2026-09-30 22:40:39,248 step=5500 train=2.94703 val=2.8521050930023195 lr=0.000283468
2026-09-30 22:40:40,379 step=5510 train=2.66320 val=None lr=0.000283401
2026-09-30 22:40:41,092 step=5520 train=2.90138 val=None lr=0.000283335
2026-09-30 22:40:41,794 step=5530 train=2.80130 val=None lr=0.000283268
2026-09-30 22:40:42,433 step=5540 train=2.68908 val=None lr=0.000283201
2026-09-30 22:40:43,173 step=5550 train=3.21721 val=None lr=0.000283134
2026-09-30 22:40:43,868 step=5560 train=2.96461 val=None lr=0.000283067
2026-09-30 22:40:41,954 step=5570 train=2.96883 val=None lr=0.000283
2026-09-30 22:40:42,920 step=5580 train=2.94126 val=None lr=0.000282933
2026-09-30 22:40:43,583 step=5590 train=2.85306 val=None lr=0.000282865
2026-09-30 22:40:44,812 step=5600 train=3.13637 val=2.8464438676834107 lr=0.000282798
2026-09-30 22:40:45,472 step=5610 train=2.84082 val=None lr=0.00028273
2026-09-30 22:40:46,206 step=5620 train=2.73706 val=None lr=0.000282662
2026-09-30 22:40:47,024 step=5630 train=2.68670 val=None lr=0.000282594
2026-09-30 22:40:47,696 step=5640 train=2.88594 val=None lr=0.000282526
2026-09-30 22:40:48,407 step=5650 train=3.10500 val=None lr=0.000282458
2026-09-30 22:40:49,090 step=5660 train=2.96661 val=None lr=0.000282389
2026-09-30 22:40:49,777 step=5670 train=2.84315 val=None lr=0.000282321
2026-09-30 22:40:50,437 step=5680 train=3.06330 val=None lr=0.000282252
2026-09-30 22:40:51,136 step=5690 train=2.82570 val=None lr=0.000282184
2026-09-30 22:40:52,416 step=5700 train=3.05555 val=2.8280518889427184 lr=0.000282115
2026-09-30 22:40:53,166 step=5710 train=2.96878 val=None lr=0.000282046
2026-09-30 22:40:53,893 step=5720 train=3.00650 val=None lr=0.000281977
2026-09-30 22:40:54,550 step=5730 train=2.97949 val=None lr=0.000281908
2026-09-30 22:40:55,298 step=5740 train=2.83098 val=None lr=0.000281838
2026-09-30 22:40:56,127 step=5750 train=2.65918 val=None lr=0.000281769
2026-09-30 22:40:56,885 step=5760 train=2.95549 val=None lr=0.000281699
2026-09-30 22:40:57,588 step=5770 train=2.88166 val=None lr=0.00028163
2026-09-30 22:40:58,253 step=5780 train=2.98909 val=None lr=0.00028156
2026-09-30 22:40:59,099 step=5790 train=3.16506 val=None lr=0.00028149
2026-09-30 22:41:00,366 step=5800 train=3.06948 val=2.8274677872657774 lr=0.00028142
2026-09-30 22:41:01,164 step=5810 train=2.84981 val=None lr=0.00028135
2026-09-30 22:41:01,913 step=5820 train=2.92974 val=None lr=0.000281279
2026-09-30 22:41:02,702 step=5830 train=3.05162 val=None lr=0.000281209
2026-09-30 22:41:03,474 step=5840 train=2.85491 val=None lr=0.000281138
2026-09-30 22:41:04,240 step=5850 train=2.71222 val=None lr=0.000281068
2026-09-30 22:41:04,954 step=5860 train=2.90007 val=None lr=0.000280997
2026-09-30 22:41:05,907 step=5870 train=2.63589 val=None lr=0.000280926
2026-09-30 22:41:06,806 step=5880 train=2.60242 val=None lr=0.000280855
2026-09-30 22:41:07,635 step=5890 train=2.82981 val=None lr=0.000280784
2026-09-30 22:41:09,007 step=5900 train=2.65955 val=2.8068982005119323 lr=0.000280713
2026-09-30 22:41:09,756 step=5910 train=2.93775 val=None lr=0.000280641
2026-09-30 22:41:10,494 step=5920 train=3.17253 val=None lr=0.00028057
2026-09-30 22:41:11,448 step=5930 train=2.76107 val=None lr=0.000280498
2026-09-30 22:41:12,305 step=5940 train=2.62769 val=None lr=0.000280426
2026-09-30 22:41:12,997 step=5950 train=2.87088 val=None lr=0.000280354
2026-09-30 22:41:13,786 step=5960 train=2.85667 val=None lr=0.000280282
2026-09-30 22:41:12,041 step=5970 train=2.80668 val=None lr=0.00028021
2026-09-30 22:41:12,791 step=5980 train=2.82650 val=None lr=0.000280138
2026-09-30 22:41:13,590 step=5990 train=3.01674 val=None lr=0.000280066
2026-09-30 22:41:14,943 step=6000 train=2.69984 val=2.7973634123802187 lr=0.000279993
2026-09-30 22:41:16,206 step=6010 train=2.79894 val=None lr=0.000279921
2026-09-30 22:41:16,856 step=6020 train=2.78407 val=None lr=0.000279848
2026-09-30 22:41:17,467 step=6030 train=2.99971 val=None lr=0.000279775
2026-09-30 22:41:18,134 step=6040 train=3.13112 val=None lr=0.000279702
2026-09-30 22:41:18,877 step=6050 train=2.91675 val=None lr=0.000279629
2026-09-30 22:41:19,563 step=6060 train=2.80384 val=None lr=0.000279556
2026-09-30 22:41:20,285 step=6070 train=2.86613 val=None lr=0.000279482
2026-09-30 22:41:20,925 step=6080 train=2.92398 val=None lr=0.000279409
2026-09-30 22:41:21,638 step=6090 train=2.91316 val=None lr=0.000279335
2026-09-30 22:41:22,865 step=6100 train=3.00384 val=2.7878254652023315 lr=0.000279262
2026-09-30 22:41:23,673 step=6110 train=3.01354 val=None lr=0.000279188
2026-09-30 22:41:24,571 step=6120 train=2.75297 val=None lr=0.000279114
2026-09-30 22:41:25,257 step=6130 train=2.63377 val=None lr=0.00027904
2026-09-30 22:41:25,956 step=6140 train=2.88392 val=None lr=0.000278966
2026-09-30 22:41:26,637 step=6150 train=2.78557 val=None lr=0.000278891
2026-09-30 22:41:27,289 step=6160 train=2.92665 val=None lr=0.000278817
2026-09-30 22:41:27,942 step=6170 train=2.88164 val=None lr=0.000278742
2026-09-30 22:41:28,914 step=6180 train=2.71030 val=None lr=0.000278668
2026-09-30 22:41:29,553 step=6190 train=3.01703 val=None lr=0.000278593
2026-09-30 22:41:30,780 step=6200 train=3.04645 val=2.7802533149719237 lr=0.000278518
2026-09-30 22:41:31,463 step=6210 train=2.94387 val=None lr=0.000278443
2026-09-30 22:41:32,349 step=6220 train=2.72450 val=None lr=0.000278368
2026-09-30 22:41:33,476 step=6230 train=2.98195 val=None lr=0.000278293
2026-09-30 22:41:34,227 step=6240 train=2.60603 val=None lr=0.000278217
2026-09-30 22:41:34,931 step=6250 train=2.70656 val=None lr=0.000278142
2026-09-30 22:41:35,745 step=6260 train=2.50504 val=None lr=0.000278066
2026-09-30 22:41:36,423 step=6270 train=2.90658 val=None lr=0.000277991
2026-09-30 22:41:37,107 step=6280 train=2.92437 val=None lr=0.000277915
2026-09-30 22:41:37,846 step=6290 train=2.80499 val=None lr=0.000277839
2026-09-30 22:41:39,016 step=6300 train=3.11174 val=2.7669380068778993 lr=0.000277763
2026-09-30 22:41:39,695 step=6310 train=2.67966 val=None lr=0.000277686
2026-09-30 22:41:40,432 step=6320 train=3.26978 val=None lr=0.00027761
2026-09-30 22:41:41,189 step=6330 train=2.85880 val=None lr=0.000277534
2026-09-30 22:41:41,890 step=6340 train=2.84607 val=None lr=0.000277457
2026-09-30 22:41:42,784 step=6350 train=2.67080 val=None lr=0.00027738
2026-09-30 22:41:43,454 step=6360 train=2.68553 val=None lr=0.000277304
2026-09-30 22:41:41,661 step=6370 train=2.98873 val=None lr=0.000277227
2026-09-30 22:41:42,346 step=6380 train=2.61616 val=None lr=0.00027715
2026-09-30 22:41:43,031 step=6390 train=2.70458 val=None lr=0.000277073
2026-09-30 22:41:44,209 step=6400 train=2.94457 val=2.7547381639480593 lr=0.000276995
2026-09-30 22:41:44,848 step=6410 train=2.64118 val=None lr=0.000276918
2026-09-30 22:41:45,734 step=6420 train=2.79230 val=None lr=0.00027684
2026-09-30 22:41:46,394 step=6430 train=2.78095 val=None lr=0.000276763
2026-09-30 22:41:47,173 step=6440 train=3.03730 val=None lr=0.000276685
2026-09-30 22:41:47,864 step=6450 train=3.13317 val=None lr=0.000276607
2026-09-30 22:41:48,817 step=6460 train=2.69646 val=None lr=0.000276529
2026-09-30 22:41:49,653 step=6470 train=2.85187 val=None lr=0.000276451
2026-09-30 22:41:50,370 step=6480 train=2.90143 val=None lr=0.000276373
2026-09-30 22:41:51,147 step=6490 train=2.60702 val=None lr=0.000276295
2026-09-30 22:41:52,432 step=6500 train=2.86142 val=2.753028726577759 lr=0.000276216
2026-09-30 22:41:53,713 step=6510 train=2.85002 val=None lr=0.000276138
2026-09-30 22:41:54,442 step=6520 train=2.46754 val=None lr=0.000276059
2026-09-30 22:41:55,151 step=6530 train=2.57522 val=None lr=0.00027598
2026-09-30 22:41:55,979 step=6540 train=2.86949 val=None lr=0.000275901
2026-09-30 22:41:56,702 step=6550 train=2.78249 val=None lr=0.000275822
2026-09-30 22:41:57,472 step=6560 train=2.75088 val=None lr=0.000275743
2026-09-30 22:41:58,260 step=6570 train=2.93588 val=None lr=0.000275664
2026-09-30 22:41:58,977 step=6580 train=2.68217 val=None lr=0.000275584
2026-09-30 22:41:59,727 step=6590 train=2.74884 val=None lr=0.000275505
2026-09-30 22:42:00,970 step=6600 train=2.96022 val=2.737333428859711 lr=0.000275425
2026-09-30 22:42:01,805 step=6610 train=2.56452 val=None lr=0.000275346
2026-09-30 22:42:02,797 step=6620 train=2.73235 val=None lr=0.000275266
2026-09-30 22:42:03,629 step=6630 train=3.02883 val=None lr=0.000275186
2026-09-30 22:42:04,487 step=6640 train=2.62064 val=None lr=0.000275106
2026-09-30 22:42:05,133 step=6650 train=2.73031 val=None lr=0.000275026
2026-09-30 22:42:06,111 step=6660 train=2.93188 val=None lr=0.000274945
2026-09-30 22:42:06,872 step=6670 train=2.76048 val=None lr=0.000274865
2026-09-30 22:42:07,594 step=6680 train=2.85779 val=None lr=0.000274784
2026-09-30 22:42:08,239 step=6690 train=2.87872 val=None lr=0.000274704
2026-09-30 22:42:09,573 step=6700 train=2.60415 val=2.7257956147193907 lr=0.000274623
2026-09-30 22:42:10,325 step=6710 train=2.67053 val=None lr=0.000274542
2026-09-30 22:42:11,254 step=6720 train=2.45926 val=None lr=0.000274461
2026-09-30 22:42:12,056 step=6730 train=2.88126 val=None lr=0.00027438
2026-09-30 22:42:12,844 step=6740 train=2.95355 val=None lr=0.000274299
2026-09-30 22:42:13,528 step=6750 train=2.90201 val=None lr=0.000274217
2026-09-30 22:42:11,688 step=6760 train=2.90672 val=None lr=0.000274136
2026-09-30 22:42:12,394 step=6770 train=2.93531 val=None lr=0.000274054
2026-09-30 22:42:13,039 step=6780 train=3.02566 val=None lr=0.000273973
2026-09-30 22:42:13,702 step=6790 train=2.65432 val=None lr=0.000273891
2026-09-30 22:42:14,893 step=6800 train=2.82668 val=2.71779317855835 lr=0.000273809
2026-09-30 22:42:15,572 step=6810 train=2.87497 val=None lr=0.000273727
2026-09-30 22:42:16,338 step=6820 train=2.80257 val=None lr=0.000273645
2026-09-30 22:42:17,074 step=6830 train=2.75056 val=None lr=0.000273562
2026-09-30 22:42:17,775 step=6840 train=2.96373 val=None lr=0.00027348
2026-09-30 22:42:18,438 step=6850 train=2.82306 val=None lr=0.000273398
2026-09-30 22:42:19,079 step=6860 train=2.90190 val=None lr=0.000273315
2026-09-30 22:42:19,716 step=6870 train=2.50091 val=None lr=0.000273232
2026-09-30 22:42:20,395 step=6880 train=2.98125 val=None lr=0.000273149
2026-09-30 22:42:21,053 step=6890 train=2.49693 val=None lr=0.000273066
2026-09-30 22:42:22,226 step=6900 train=2.58938 val=2.704482007026672 lr=0.000272983
2026-09-30 22:42:22,848 step=6910 train=2.72866 val=None lr=0.0002729
2026-09-30 22:42:23,847 step=6920 train=2.47180 val=None lr=0.000272817
2026-09-30 22:42:24,553 step=6930 train=2.82446 val=None lr=0.000272734
2026-09-30 22:42:25,341 step=6940 train=2.70135 val=None lr=0.00027265
2026-09-30 22:42:26,248 step=6950 train=3.00936 val=None lr=0.000272566
2026-09-30 22:42:27,001 step=6960 train=2.76743 val=None lr=0.000272483
2026-09-30 22:42:27,653 step=6970 train=2.92830 val=None lr=0.000272399
2026-09-30 22:42:28,576 step=6980 train=3.04253 val=None lr=0.000272315
2026-09-30 22:42:29,268 step=6990 train=2.81215 val=None lr=0.000272231
2026-09-30 22:42:30,490 step=7000 train=2.86494 val=2.6968976855278015 lr=0.000272147
2026-09-30 22:42:31,731 step=7010 train=2.57178 val=None lr=0.000272062
2026-09-30 22:42:32,472 step=7020 train=2.75097 val=None lr=0.000271978
2026-09-30 22:42:33,269 step=7030 train=2.58633 val=None lr=0.000271893
2026-09-30 22:42:33,968 step=7040 train=2.56832 val=None lr=0.000271809
2026-09-30 22:42:34,753 step=7050 train=2.74406 val=None lr=0.000271724
2026-09-30 22:42:35,373 step=7060 train=2.89350 val=None lr=0.000271639
2026-09-30 22:42:36,227 step=7070 train=2.63355 val=None lr=0.000271554
2026-09-30 22:42:37,338 step=7080 train=2.67502 val=None lr=0.000271469
2026-09-30 22:42:38,100 step=7090 train=2.75996 val=None lr=0.000271384
2026-09-30 22:42:39,494 step=7100 train=2.80825 val=2.693045437335968 lr=0.000271299
2026-09-30 22:42:40,177 step=7110 train=2.88405 val=None lr=0.000271213
2026-09-30 22:42:40,833 step=7120 train=2.92267 val=None lr=0.000271128
2026-09-30 22:42:41,479 step=7130 train=2.70922 val=None lr=0.000271042
2026-09-30 22:42:42,311 step=7140 train=2.76959 val=None lr=0.000270956
2026-09-30 22:42:42,917 step=7150 train=2.74617 val=None lr=0.00027087
2026-09-30 22:42:43,808 step=7160 train=2.53187 val=None lr=0.000270784
2026-09-30 22:42:42,086 step=7170 train=2.64613 val=None lr=0.000270698
2026-09-30 22:42:42,814 step=7180 train=2.60496 val=None lr=0.000270612
2026-09-30 22:42:43,551 step=7190 train=2.67368 val=None lr=0.000270526
2026-09-30 22:42:44,762 step=7200 train=2.82447 val=2.6845405101776123 lr=0.000270439
2026-09-30 22:42:45,503 step=7210 train=2.86406 val=None lr=0.000270353
2026-09-30 22:42:46,139 step=7220 train=2.50432 val=None lr=0.000270266
2026-09-30 22:42:46,802 step=7230 train=2.72850 val=None lr=0.000270179
2026-09-30 22:42:47,667 step=7240 train=2.86506 val=None lr=0.000270092
2026-09-30 22:42:48,505 step=7250 train=2.71972 val=None lr=0.000270005
2026-09-30 22:42:49,634 step=7260 train=2.43351 val=None lr=0.000269918
2026-09-30 22:42:50,376 step=7270 train=2.46771 val=None lr=0.000269831
2026-09-30 22:42:51,050 step=7280 train=2.51934 val=None lr=0.000269744
2026-09-30 22:42:51,755 step=7290 train=2.72274 val=None lr=0.000269656
2026-09-30 22:42:52,852 step=7300 train=2.77829 val=2.6751118898391724 lr=0.000269569
2026-09-30 22:42:53,660 step=7310 train=2.87077 val=None lr=0.000269481
2026-09-30 22:42:54,421 step=7320 train=2.75013 val=None lr=0.000269393
2026-09-30 22:42:55,068 step=7330 train=2.78783 val=None lr=0.000269306
2026-09-30 22:42:55,860 step=7340 train=2.58215 val=None lr=0.000269218
2026-09-30 22:42:56,531 step=7350 train=2.70211 val=None lr=0.00026913
2026-09-30 22:42:57,198 step=7360 train=2.60409 val=None lr=0.000269041
2026-09-30 22:42:57,904 step=7370 train=2.82028 val=None lr=0.000268953
2026-09-30 22:42:58,593 step=7380 train=2.87971 val=None lr=0.000268865
2026-09-30 22:42:59,261 step=7390 train=2.77329 val=None lr=0.000268776
2026-09-30 22:43:00,510 step=7400 train=2.74801 val=2.6716660141944883 lr=0.000268687
2026-09-30 22:43:01,162 step=7410 train=2.95023 val=None lr=0.000268599
2026-09-30 22:43:01,935 step=7420 train=2.64527 val=None lr=0.00026851
2026-09-30 22:43:02,620 step=7430 train=2.71097 val=None lr=0.000268421
2026-09-30 22:43:03,273 step=7440 train=2.70794 val=None lr=0.000268332
2026-09-30 22:43:03,984 step=7450 train=2.61689 val=None lr=0.000268243
2026-09-30 22:43:04,693 step=7460 train=2.74056 val=None lr=0.000268153
2026-09-30 22:43:05,378 step=7470 train=2.59884 val=None lr=0.000268064
2026-09-30 22:43:06,034 step=7480 train=2.65632 val=None lr=0.000267975
2026-09-30 22:43:06,751 step=7490 train=2.86596 val=None lr=0.000267885
2026-09-30 22:43:08,006 step=7500 train=2.42151 val=2.661796343326569 lr=0.000267795
2026-09-30 22:43:09,552 step=7510 train=2.73384 val=None lr=0.000267705
2026-09-30 22:43:10,251 step=7520 train=2.73865 val=None lr=0.000267615
2026-09-30 22:43:11,021 step=7530 train=2.65875 val=None lr=0.000267525
2026-09-30 22:43:11,656 step=7540 train=2.47549 val=None lr=0.000267435
2026-09-30 22:43:12,409 step=7550 train=2.61722 val=None lr=0.000267345
2026-09-30 22:43:13,261 step=7560 train=2.70149 val=None lr=0.000267255
2026-09-30 22:43:11,534 step=7570 train=2.65262 val=None lr=0.000267164
2026-09-30 22:43:12,289 step=7580 train=2.73395 val=None lr=0.000267074
2026-09-30 22:43:12,973 step=7590 train=2.76296 val=None lr=0.000266983
2026-09-30 22:43:14,085 step=7600 train=2.61187 val=2.6546207427978517 lr=0.000266892
2026-09-30 22:43:14,697 step=7610 train=2.76020 val=None lr=0.000266801
2026-09-30 22:43:15,350 step=7620 train=2.67403 val=None lr=0.00026671
2026-09-30 22:43:16,049 step=7630 train=2.98494 val=None lr=0.000266619
2026-09-30 22:43:16,704 step=7640 train=2.70171 val=None lr=0.000266528
2026-09-30 22:43:17,511 step=7650 train=3.18229 val=None lr=0.000266437
2026-09-30 22:43:18,265 step=7660 train=2.51113 val=None lr=0.000266345
2026-09-30 22:43:18,984 step=7670 train=2.52895 val=None lr=0.000266254
2026-09-30 22:43:19,658 step=7680 train=2.58196 val=None lr=0.000266162
2026-09-30 22:43:20,494 step=7690 train=2.84625 val=None lr=0.00026607
2026-09-30 22:43:21,652 step=7700 train=2.91264 val=2.6475337505340577 lr=0.000265978
2026-09-30 22:43:22,422 step=7710 train=3.11538 val=None lr=0.000265886
2026-09-30 22:43:23,124 step=7720 train=2.97571 val=None lr=0.000265794
2026-09-30 22:43:23,953 step=7730 train=2.63952 val=None lr=0.000265702
2026-09-30 22:43:24,768 step=7740 train=2.78936 val=None lr=0.00026561
2026-09-30 22:43:25,485 step=7750 train=2.77677 val=None lr=0.000265517
2026-09-30 22:43:26,235 step=7760 train=2.87830 val=None lr=0.000265425
2026-09-30 22:43:26,894 step=7770 train=2.68754 val=None lr=0.000265332
2026-09-30 22:43:27,661 step=7780 train=2.70709 val=None lr=0.00026524
2026-09-30 22:43:28,431 step=7790 train=2.70428 val=None lr=0.000265147
2026-09-30 22:43:29,730 step=7800 train=2.76470 val=2.6426623106002807 lr=0.000265054
2026-09-30 22:43:30,443 step=7810 train=2.76353 val=None lr=0.000264961
2026-09-30 22:43:31,259 step=7820 train=2.76158 val=None lr=0.000264868
2026-09-30 22:43:32,010 step=7830 train=2.69707 val=None lr=0.000264774
2026-09-30 22:43:32,670 step=7840 train=2.47335 val=None lr=0.000264681
2026-09-30 22:43:33,536 step=7850 train=2.86593 val=None lr=0.000264588
2026-09-30 22:43:34,382 step=7860 train=2.73067 val=None lr=0.000264494
2026-09-30 22:43:35,216 step=7870 train=2.61845 val=None lr=0.0002644
2026-09-30 22:43:35,865 step=7880 train=3.05159 val=None lr=0.000264307
2026-09-30 22:43:36,556 step=7890 train=2.70697 val=None lr=0.000264213
2026-09-30 22:43:37,803 step=7900 train=2.94633 val=2.630053687095642 lr=0.000264119
2026-09-30 22:43:38,571 step=7910 train=2.66569 val=None lr=0.000264025
2026-09-30 22:43:39,286 step=7920 train=2.45692 val=None lr=0.000263931
2026-09-30 22:43:39,987 step=7930 train=2.93155 val=None lr=0.000263836
2026-09-30 22:43:40,705 step=7940 train=2.83308 val=None lr=0.000263742
2026-09-30 22:43:41,477 step=7950 train=2.87949 val=None lr=0.000263647
2026-09-30 22:43:42,099 step=7960 train=2.58181 val=None lr=0.000263553
2026-09-30 22:43:42,734 step=7970 train=2.45180 val=None lr=0.000263458
2026-09-30 22:43:43,464 step=7980 train=2.43828 val=None lr=0.000263363
2026-09-30 22:43:41,569 step=7990 train=2.81195 val=None lr=0.000263268
2026-09-30 22:43:43,248 step=8000 train=2.78846 val=2.625863826274872 lr=0.000263173
2026-09-30 22:43:44,565 step=8010 train=2.92082 val=None lr=0.000263078
2026-09-30 22:43:45,294 step=8020 train=2.57486 val=None lr=0.000262983
2026-09-30 22:43:45,969 step=8030 train=2.47226 val=None lr=0.000262888
2026-09-30 22:43:46,693 step=8040 train=2.87083 val=None lr=0.000262792
2026-09-30 22:43:47,583 step=8050 train=2.73140 val=None lr=0.000262697
2026-09-30 22:43:48,324 step=8060 train=2.78664 val=None lr=0.000262601
2026-09-30 22:43:49,094 step=8070 train=2.74938 val=None lr=0.000262506
2026-09-30 22:43:49,922 step=8080 train=2.65817 val=None lr=0.00026241
2026-09-30 22:43:50,646 step=8090 train=2.45931 val=None lr=0.000262314
2026-09-30 22:43:51,789 step=8100 train=2.66432 val=2.617089307308197 lr=0.000262218
2026-09-30 22:43:52,484 step=8110 train=2.76884 val=None lr=0.000262122
2026-09-30 22:43:53,225 step=8120 train=2.65708 val=None lr=0.000262025
2026-09-30 22:43:53,865 step=8130 train=2.52413 val=None lr=0.000261929
2026-09-30 22:43:54,661 step=8140 train=2.67944 val=None lr=0.000261833
2026-09-30 22:43:55,455 step=8150 train=2.57652 val=None lr=0.000261736
2026-09-30 22:43:56,183 step=8160 train=2.58450 val=None lr=0.000261639
2026-09-30 22:43:57,009 step=8170 train=2.64744 val=None lr=0.000261543
2026-09-30 22:43:57,687 step=8180 train=2.57447 val=None lr=0.000261446
2026-09-30 22:43:58,362 step=8190 train=2.57667 val=None lr=0.000261349
2026-09-30 22:43:59,815 step=8200 train=2.63115 val=2.61113246679306 lr=0.000261252
2026-09-30 22:44:00,764 step=8210 train=2.71586 val=None lr=0.000261155
2026-09-30 22:44:01,535 step=8220 train=2.67704 val=None lr=0.000261057
2026-09-30 22:44:02,289 step=8230 train=2.68913 val=None lr=0.00026096
2026-09-30 22:44:03,069 step=8240 train=2.78954 val=None lr=0.000260862
2026-09-30 22:44:03,734 step=8250 train=2.56727 val=None lr=0.000260765
2026-09-30 22:44:04,575 step=8260 train=2.64773 val=None lr=0.000260667
2026-09-30 22:44:05,476 step=8270 train=2.60880 val=None lr=0.00026057
2026-09-30 22:44:06,147 step=8280 train=2.72275 val=None lr=0.000260472
2026-09-30 22:44:06,851 step=8290 train=2.82807 val=None lr=0.000260374
2026-09-30 22:44:08,099 step=8300 train=2.33900 val=2.603265035152435 lr=0.000260276
2026-09-30 22:44:08,771 step=8310 train=2.94235 val=None lr=0.000260177
2026-09-30 22:44:09,532 step=8320 train=2.58668 val=None lr=0.000260079
2026-09-30 22:44:10,429 step=8330 train=2.42699 val=None lr=0.000259981
2026-09-30 22:44:11,226 step=8340 train=2.70308 val=None lr=0.000259882
2026-09-30 22:44:11,935 step=8350 train=2.86520 val=None lr=0.000259784
2026-09-30 22:44:12,610 step=8360 train=2.73589 val=None lr=0.000259685
2026-09-30 22:44:13,480 step=8370 train=2.66024 val=None lr=0.000259586
2026-09-30 22:44:11,718 step=8380 train=2.70314 val=None lr=0.000259488
2026-09-30 22:44:12,413 step=8390 train=2.51793 val=None lr=0.000259389
2026-09-30 22:44:13,611 step=8400 train=2.63193 val=2.5975043773651123 lr=0.00025929
2026-09-30 22:44:14,356 step=8410 train=2.83132 val=None lr=0.00025919
2026-09-30 22:44:15,025 step=8420 train=2.60190 val=None lr=0.000259091
2026-09-30 22:44:15,726 step=8430 train=2.66568 val=None lr=0.000258992
2026-09-30 22:44:16,411 step=8440 train=2.43638 val=None lr=0.000258892
2026-09-30 22:44:17,071 step=8450 train=2.43192 val=None lr=0.000258793
2026-09-30 22:44:17,713 step=8460 train=2.44304 val=None lr=0.000258693
2026-09-30 22:44:18,406 step=8470 train=2.73787 val=None lr=0.000258593
2026-09-30 22:44:19,188 step=8480 train=2.99590 val=None lr=0.000258493
2026-09-30 22:44:19,861 step=8490 train=2.37385 val=None lr=0.000258394
2026-09-30 22:44:21,234 step=8500 train=2.61025 val=2.5900050520896913 lr=0.000258293
2026-09-30 22:44:22,655 step=8510 train=2.66972 val=None lr=0.000258193
2026-09-30 22:44:23,496 step=8520 train=2.49675 val=None lr=0.000258093
2026-09-30 22:44:24,112 step=8530 train=2.74959 val=None lr=0.000257993
2026-09-30 22:44:24,763 step=8540 train=2.64808 val=None lr=0.000257892
2026-09-30 22:44:25,528 step=8550 train=2.65536 val=None lr=0.000257792
2026-09-30 22:44:26,568 step=8560 train=2.42985 val=None lr=0.000257691
2026-09-30 22:44:27,243 step=8570 train=2.41148 val=None lr=0.00025759
2026-09-30 22:44:28,020 step=8580 train=2.55350 val=None lr=0.00025749
2026-09-30 22:44:28,702 step=8590 train=2.43250 val=None lr=0.000257389
2026-09-30 22:44:30,043 step=8600 train=2.53382 val=2.588406670093536 lr=0.000257288
2026-09-30 22:44:30,783 step=8610 train=2.53439 val=None lr=0.000257186
2026-09-30 22:44:31,531 step=8620 train=2.64060 val=None lr=0.000257085
2026-09-30 22:44:32,284 step=8630 train=2.33354 val=None lr=0.000256984
2026-09-30 22:44:33,077 step=8640 train=2.40694 val=None lr=0.000256883
2026-09-30 22:44:33,777 step=8650 train=2.67485 val=None lr=0.000256781
2026-09-30 22:44:34,544 step=8660 train=2.55557 val=None lr=0.000256679
2026-09-30 22:44:35,383 step=8670 train=2.71613 val=None lr=0.000256578
2026-09-30 22:44:36,028 step=8680 train=2.37865 val=None lr=0.000256476
2026-09-30 22:44:36,729 step=8690 train=2.71599 val=None lr=0.000256374
2026-09-30 22:44:38,036 step=8700 train=2.36325 val=2.577450668811798 lr=0.000256272
2026-09-30 22:44:38,831 step=8710 train=2.71034 val=None lr=0.00025617
2026-09-30 22:44:39,725 step=8720 train=2.38270 val=None lr=0.000256068
2026-09-30 22:44:40,449 step=8730 train=2.71917 val=None lr=0.000255965
2026-09-30 22:44:41,221 step=8740 train=2.73546 val=None lr=0.000255863
2026-09-30 22:44:41,929 step=8750 train=2.84349 val=None lr=0.000255761
2026-09-30 22:44:42,688 step=8760 train=2.55507 val=None lr=0.000255658
2026-09-30 22:44:43,461 step=8770 train=2.64694 val=None lr=0.000255555
2026-09-30 22:44:41,607 step=8780 train=2.58484 val=None lr=0.000255453
2026-09-30 22:44:42,245 step=8790 train=2.61061 val=None lr=0.00025535
2026-09-30 22:44:43,410 step=8800 train=2.42945 val=2.573859989643097 lr=0.000255247
2026-09-30 22:44:44,175 step=8810 train=2.84223 val=None lr=0.000255144
2026-09-30 22:44:44,960 step=8820 train=2.57967 val=None lr=0.000255041
2026-09-30 22:44:45,616 step=8830 train=2.59632 val=None lr=0.000254937
2026-09-30 22:44:46,282 step=8840 train=2.58529 val=None lr=0.000254834
2026-09-30 22:44:46,954 step=8850 train=2.58833 val=None lr=0.000254731
2026-09-30 22:44:47,619 step=8860 train=2.40894 val=None lr=0.000254627
2026-09-30 22:44:48,261 step=8870 train=2.70336 val=None lr=0.000254524
2026-09-30 22:44:48,919 step=8880 train=2.83160 val=None lr=0.00025442
2026-09-30 22:44:49,612 step=8890 train=2.75114 val=None lr=0.000254316
2026-09-30 22:44:50,774 step=8900 train=2.68793 val=2.566662311553955 lr=0.000254212
2026-09-30 22:44:51,479 step=8910 train=2.80547 val=None lr=0.000254108
2026-09-30 22:44:52,164 step=8920 train=2.49658 val=None lr=0.000254004
2026-09-30 22:44:52,902 step=8930 train=2.41207 val=None lr=0.0002539
2026-09-30 22:44:53,840 step=8940 train=2.85829 val=None lr=0.000253796
2026-09-30 22:44:54,530 step=8950 train=2.62056 val=None lr=0.000253691
2026-09-30 22:44:55,301 step=8960 train=2.75005 val=None lr=0.000253587
2026-09-30 22:44:56,101 step=8970 train=2.87085 val=None lr=0.000253482
2026-09-30 22:44:56,872 step=8980 train=2.55908 val=None lr=0.000253378
2026-09-30 22:44:57,902 step=8990 train=2.69596 val=None lr=0.000253273
2026-09-30 22:44:59,328 step=9000 train=2.67896 val=2.561643159389496 lr=0.000253168
2026-09-30 22:45:00,690 step=9010 train=2.59686 val=None lr=0.000253063
2026-09-30 22:45:01,418 step=9020 train=2.63132 val=None lr=0.000252958
2026-09-30 22:45:02,129 step=9030 train=2.64290 val=None lr=0.000252853
2026-09-30 22:45:02,983 step=9040 train=2.64335 val=None lr=0.000252748
2026-09-30 22:45:03,714 step=9050 train=2.60173 val=None lr=0.000252643
2026-09-30 22:45:04,553 step=9060 train=2.38296 val=None lr=0.000252537
2026-09-30 22:45:05,326 step=9070 train=2.52976 val=None lr=0.000252432
2026-09-30 22:45:06,013 step=9080 train=2.49108 val=None lr=0.000252326
2026-09-30 22:45:06,717 step=9090 train=2.47738 val=None lr=0.00025222
2026-09-30 22:45:08,072 step=9100 train=2.54172 val=2.550774300098419 lr=0.000252115
2026-09-30 22:45:08,827 step=9110 train=2.23882 val=None lr=0.000252009
2026-09-30 22:45:09,690 step=9120 train=2.62731 val=None lr=0.000251903
2026-09-30 22:45:10,408 step=9130 train=2.68858 val=None lr=0.000251797
2026-09-30 22:45:11,079 step=9140 train=2.29659 val=None lr=0.000251691
2026-09-30 22:45:11,772 step=9150 train=2.49929 val=None lr=0.000251585
2026-09-30 22:45:12,569 step=9160 train=2.59724 val=None lr=0.000251478
2026-09-30 22:45:13,319 step=9170 train=2.63466 val=None lr=0.000251372
2026-09-30 22:45:14,100 step=9180 train=2.85712 val=None lr=0.000251265
2026-09-30 22:45:12,268 step=9190 train=2.80877 val=None lr=0.000251159
2026-09-30 22:45:13,481 step=9200 train=2.55541 val=2.5467692494392393 lr=0.000251052
2026-09-30 22:45:14,194 step=9210 train=2.46981 val=None lr=0.000250945
2026-09-30 22:45:14,928 step=9220 train=3.06160 val=None lr=0.000250839
2026-09-30 22:45:15,540 step=9230 train=2.65499 val=None lr=0.000250732
2026-09-30 22:45:16,198 step=9240 train=2.60470 val=None lr=0.000250625
2026-09-30 22:45:16,862 step=9250 train=2.79872 val=None lr=0.000250518
2026-09-30 22:45:17,682 step=9260 train=2.59230 val=None lr=0.00025041
2026-09-30 22:45:18,672 step=9270 train=2.57657 val=None lr=0.000250303
2026-09-30 22:45:19,527 step=9280 train=2.69890 val=None lr=0.000250196
2026-09-30 22:45:20,213 step=9290 train=2.68444 val=None lr=0.000250088
2026-09-30 22:45:21,709 step=9300 train=2.60155 val=2.5427502036094665 lr=0.000249981
2026-09-30 22:45:22,596 step=9310 train=2.61941 val=None lr=0.000249873
2026-09-30 22:45:23,281 step=9320 train=2.77300 val=None lr=0.000249765
2026-09-30 22:45:24,073 step=9330 train=2.39006 val=None lr=0.000249657
2026-09-30 22:45:24,733 step=9340 train=2.50637 val=None lr=0.00024955
2026-09-30 22:45:25,397 step=9350 train=2.40891 val=None lr=0.000249442
2026-09-30 22:45:26,196 step=9360 train=2.67687 val=None lr=0.000249333
2026-09-30 22:45:26,873 step=9370 train=2.49001 val=None lr=0.000249225
2026-09-30 22:45:27,532 step=9380 train=2.66995 val=None lr=0.000249117
2026-09-30 22:45:28,274 step=9390 train=2.62129 val=None lr=0.000249009
2026-09-30 22:45:29,459 step=9400 train=2.56591 val=2.5376925826072694 lr=0.0002489
2026-09-30 22:45:30,182 step=9410 train=2.56194 val=None lr=0.000248792
2026-09-30 22:45:30,898 step=9420 train=2.76635 val=None lr=0.000248683
2026-09-30 22:45:31,651 step=9430 train=2.40786 val=None lr=0.000248574
2026-09-30 22:45:32,327 step=9440 train=2.81254 val=None lr=0.000248465
2026-09-30 22:45:32,990 step=9450 train=2.46079 val=None lr=0.000248357
2026-09-30 22:45:33,834 step=9460 train=2.37713 val=None lr=0.000248248
2026-09-30 22:45:34,749 step=9470 train=2.59914 val=None lr=0.000248139
2026-09-30 22:45:35,374 step=9480 train=2.56708 val=None lr=0.000248029
2026-09-30 22:45:36,097 step=9490 train=2.56122 val=None lr=0.00024792
2026-09-30 22:45:37,281 step=9500 train=2.57618 val=2.5342779994010924 lr=0.000247811
2026-09-30 22:45:38,601 step=9510 train=2.50862 val=None lr=0.000247701
2026-09-30 22:45:39,343 step=9520 train=2.81220 val=None lr=0.000247592
2026-09-30 22:45:40,005 step=9530 train=2.66202 val=None lr=0.000247482
2026-09-30 22:45:40,713 step=9540 train=2.54469 val=None lr=0.000247373
2026-09-30 22:45:41,372 step=9550 train=2.74176 val=None lr=0.000247263
2026-09-30 22:45:42,159 step=9560 train=2.57338 val=None lr=0.000247153
2026-09-30 22:45:42,795 step=9570 train=2.52929 val=None lr=0.000247043
2026-09-30 22:45:43,441 step=9580 train=2.57442 val=None lr=0.000246933
2026-09-30 22:45:44,146 step=9590 train=2.69717 val=None lr=0.000246823
2026-09-30 22:45:42,709 step=9600 train=2.41689 val=2.526285696029663 lr=0.000246713
2026-09-30 22:45:43,348 step=9610 train=2.78966 val=None lr=0.000246602
2026-09-30 22:45:44,143 step=9620 train=2.52319 val=None lr=0.000246492
2026-09-30 22:45:44,786 step=9630 train=2.54877 val=None lr=0.000246382
2026-09-30 22:45:45,484 step=9640 train=2.48717 val=None lr=0.000246271
2026-09-30 22:45:46,160 step=9650 train=2.35789 val=None lr=0.000246161
2026-09-30 22:45:46,842 step=9660 train=2.49673 val=None lr=0.00024605
2026-09-30 22:45:47,610 step=9670 train=2.40491 val=None lr=0.000245939
2026-09-30 22:45:48,441 step=9680 train=3.09715 val=None lr=0.000245828
2026-09-30 22:45:49,391 step=9690 train=2.48362 val=None lr=0.000245717
2026-09-30 22:45:50,643 step=9700 train=2.61342 val=2.5174129605293274 lr=0.000245606
2026-09-30 22:45:51,403 step=9710 train=2.48065 val=None lr=0.000245495
2026-09-30 22:45:52,209 step=9720 train=2.93857 val=None lr=0.000245384
2026-09-30 22:45:52,996 step=9730 train=2.46727 val=None lr=0.000245272
2026-09-30 22:45:53,834 step=9740 train=2.60837 val=None lr=0.000245161
2026-09-30 22:45:54,531 step=9750 train=2.46790 val=None lr=0.00024505
2026-09-30 22:45:55,309 step=9760 train=2.48352 val=None lr=0.000244938
2026-09-30 22:45:56,142 step=9770 train=2.63676 val=None lr=0.000244826
2026-09-30 22:45:56,790 step=9780 train=2.65865 val=None lr=0.000244715
2026-09-30 22:45:57,561 step=9790 train=2.30069 val=None lr=0.000244603
2026-09-30 22:45:58,836 step=9800 train=2.59849 val=2.511532115936279 lr=0.000244491
2026-09-30 22:45:59,613 step=9810 train=2.66740 val=None lr=0.000244379
2026-09-30 22:46:00,467 step=9820 train=2.53435 val=None lr=0.000244267
2026-09-30 22:46:01,108 step=9830 train=2.49913 val=None lr=0.000244155
2026-09-30 22:46:01,809 step=9840 train=2.44693 val=None lr=0.000244043
2026-09-30 22:46:02,477 step=9850 train=2.56717 val=None lr=0.00024393
2026-09-30 22:46:03,340 step=9860 train=2.55067 val=None lr=0.000243818
2026-09-30 22:46:04,138 step=9870 train=2.94954 val=None lr=0.000243705
2026-09-30 22:46:05,018 step=9880 train=2.61062 val=None lr=0.000243593
2026-09-30 22:46:05,853 step=9890 train=2.54077 val=None lr=0.00024348
2026-09-30 22:46:07,196 step=9900 train=2.49155 val=2.5083526849746702 lr=0.000243367
2026-09-30 22:46:07,932 step=9910 train=2.43283 val=None lr=0.000243255
2026-09-30 22:46:08,643 step=9920 train=2.66013 val=None lr=0.000243142
2026-09-30 22:46:09,322 step=9930 train=2.49275 val=None lr=0.000243029
2026-09-30 22:46:10,013 step=9940 train=2.46408 val=None lr=0.000242916
2026-09-30 22:46:10,777 step=9950 train=2.64732 val=None lr=0.000242803
2026-09-30 22:46:11,418 step=9960 train=2.76173 val=None lr=0.000242689
2026-09-30 22:46:12,152 step=9970 train=2.54521 val=None lr=0.000242576
2026-09-30 22:46:12,946 step=9980 train=2.50258 val=None lr=0.000242463
2026-09-30 22:46:13,691 step=9990 train=2.70131 val=None lr=0.000242349
2026-09-30 22:46:12,651 step=10000 train=2.62266 val=2.5005013823509215 lr=0.000242236
2026-09-30 22:46:13,981 step=10010 train=2.58031 val=None lr=0.000242122
2026-09-30 22:46:14,710 step=10020 train=2.73795 val=None lr=0.000242008
2026-09-30 22:46:15,390 step=10030 train=2.45386 val=None lr=0.000241895
2026-09-30 22:46:16,117 step=10040 train=2.44319 val=None lr=0.000241781
2026-09-30 22:46:16,800 step=10050 train=2.60619 val=None lr=0.000241667
2026-09-30 22:46:17,641 step=10060 train=2.81548 val=None lr=0.000241553
2026-09-30 22:46:18,296 step=10070 train=2.80619 val=None lr=0.000241439
2026-09-30 22:46:18,999 step=10080 train=2.53069 val=None lr=0.000241324
2026-09-30 22:46:19,781 step=10090 train=2.24815 val=None lr=0.00024121
2026-09-30 22:46:21,049 step=10100 train=2.72319 val=2.494111967086792 lr=0.000241096
2026-09-30 22:46:21,737 step=10110 train=2.62214 val=None lr=0.000240981
2026-09-30 22:46:22,434 step=10120 train=2.49923 val=None lr=0.000240867
2026-09-30 22:46:23,183 step=10130 train=2.71085 val=None lr=0.000240752
2026-09-30 22:46:23,958 step=10140 train=2.57647 val=None lr=0.000240638
2026-09-30 22:46:24,677 step=10150 train=2.37195 val=None lr=0.000240523
2026-09-30 22:46:25,559 step=10160 train=2.41268 val=None lr=0.000240408
2026-09-30 22:46:26,402 step=10170 train=2.52287 val=None lr=0.000240293
2026-09-30 22:46:27,234 step=10180 train=2.54450 val=None lr=0.000240178
2026-09-30 22:46:28,070 step=10190 train=2.50750 val=None lr=0.000240063
2026-09-30 22:46:29,451 step=10200 train=2.49146 val=2.492481327056885 lr=0.000239948
2026-09-30 22:46:30,253 step=10210 train=2.55452 val=None lr=0.000239833
2026-09-30 22:46:31,028 step=10220 train=2.59909 val=None lr=0.000239717
2026-09-30 22:46:31,739 step=10230 train=2.53818 val=None lr=0.000239602
2026-09-30 22:46:32,454 step=10240 train=2.52598 val=None lr=0.000239487
2026-09-30 22:46:33,133 step=10250 train=2.49739 val=None lr=0.000239371
2026-09-30 22:46:33,821 step=10260 train=2.41066 val=None lr=0.000239255
2026-09-30 22:46:34,441 step=10270 train=2.58360 val=None lr=0.00023914
2026-09-30 22:46:35,095 step=10280 train=2.49476 val=None lr=0.000239024
2026-09-30 22:46:35,983 step=10290 train=2.64732 val=None lr=0.000238908
2026-09-30 22:46:37,174 step=10300 train=2.69587 val=2.4877072095870973 lr=0.000238792
2026-09-30 22:46:37,783 step=10310 train=2.47243 val=None lr=0.000238676
2026-09-30 22:46:38,446 step=10320 train=2.53704 val=None lr=0.00023856
2026-09-30 22:46:39,081 step=10330 train=2.29009 val=None lr=0.000238444
2026-09-30 22:46:39,763 step=10340 train=2.68923 val=None lr=0.000238328
2026-09-30 22:46:40,418 step=10350 train=2.36152 val=None lr=0.000238211
2026-09-30 22:46:41,102 step=10360 train=2.16760 val=None lr=0.000238095
2026-09-30 22:46:41,765 step=10370 train=2.45904 val=None lr=0.000237979
2026-09-30 22:46:42,497 step=10380 train=2.59249 val=None lr=0.000237862
2026-09-30 22:46:43,227 step=10390 train=2.29213 val=None lr=0.000237745
2026-09-30 22:46:42,049 step=10400 train=2.65941 val=2.478354024887085 lr=0.000237629
2026-09-30 22:46:42,769 step=10410 train=2.48009 val=None lr=0.000237512
2026-09-30 22:46:43,678 step=10420 train=2.52499 val=None lr=0.000237395
2026-09-30 22:46:44,356 step=10430 train=2.70487 val=None lr=0.000237278
2026-09-30 22:46:45,017 step=10440 train=2.73473 val=None lr=0.000237161
2026-09-30 22:46:45,739 step=10450 train=2.65060 val=None lr=0.000237044
2026-09-30 22:46:46,416 step=10460 train=2.64635 val=None lr=0.000236927
2026-09-30 22:46:47,121 step=10470 train=2.31207 val=None lr=0.00023681
2026-09-30 22:46:47,981 step=10480 train=2.42140 val=None lr=0.000236692
2026-09-30 22:46:48,737 step=10490 train=2.48560 val=None lr=0.000236575
2026-09-30 22:46:50,075 step=10500 train=2.60838 val=2.475783407688141 lr=0.000236458
2026-09-30 22:46:51,297 step=10510 train=2.22247 val=None lr=0.00023634
2026-09-30 22:46:52,140 step=10520 train=2.49380 val=None lr=0.000236222
2026-09-30 22:46:52,920 step=10530 train=2.67230 val=None lr=0.000236105
2026-09-30 22:46:53,695 step=10540 train=2.61060 val=None lr=0.000235987
2026-09-30 22:46:54,426 step=10550 train=2.53343 val=None lr=0.000235869
2026-09-30 22:46:55,386 step=10560 train=2.92080 val=None lr=0.000235751
2026-09-30 22:46:56,167 step=10570 train=2.37590 val=None lr=0.000235633
2026-09-30 22:46:57,010 step=10580 train=2.71116 val=None lr=0.000235515
2026-09-30 22:46:57,805 step=10590 train=2.38919 val=None lr=0.000235397
2026-09-30 22:46:59,159 step=10600 train=2.43905 val=2.474340558052063 lr=0.000235279
2026-09-30 22:46:59,791 step=10610 train=2.41861 val=None lr=0.000235161
2026-09-30 22:47:00,606 step=10620 train=2.63852 val=None lr=0.000235042
2026-09-30 22:47:01,252 step=10630 train=2.31057 val=None lr=0.000234924
2026-09-30 22:47:02,020 step=10640 train=2.45496 val=None lr=0.000234805
2026-09-30 22:47:02,812 step=10650 train=2.57689 val=None lr=0.000234687
2026-09-30 22:47:03,661 step=10660 train=2.33699 val=None lr=0.000234568
2026-09-30 22:47:04,529 step=10670 train=2.58895 val=None lr=0.000234449
2026-09-30 22:47:05,372 step=10680 train=2.46524 val=None lr=0.000234331
2026-09-30 22:47:06,080 step=10690 train=2.44562 val=None lr=0.000234212
2026-09-30 22:47:07,480 step=10700 train=2.49065 val=2.472540998458862 lr=0.000234093
2026-09-30 22:47:08,316 step=10710 train=2.29864 val=None lr=0.000233974
2026-09-30 22:47:09,099 step=10720 train=2.78025 val=None lr=0.000233855
2026-09-30 22:47:09,965 step=10730 train=2.32411 val=None lr=0.000233735
2026-09-30 22:47:10,892 step=10740 train=2.54780 val=None lr=0.000233616
2026-09-30 22:47:11,587 step=10750 train=2.43996 val=None lr=0.000233497
2026-09-30 22:47:12,268 step=10760 train=2.60235 val=None lr=0.000233378
2026-09-30 22:47:13,068 step=10770 train=2.65770 val=None lr=0.000233258
2026-09-30 22:47:13,885 step=10780 train=2.65398 val=None lr=0.000233139
2026-09-30 22:47:12,196 step=10790 train=2.52471 val=None lr=0.000233019
2026-09-30 22:47:13,522 step=10800 train=2.71589 val=2.461615812778473 lr=0.000232899
2026-09-30 22:47:14,271 step=10810 train=2.44943 val=None lr=0.00023278
2026-09-30 22:47:14,983 step=10820 train=2.50019 val=None lr=0.00023266
2026-09-30 22:47:15,813 step=10830 train=2.69467 val=None lr=0.00023254
2026-09-30 22:47:16,568 step=10840 train=2.54813 val=None lr=0.00023242
2026-09-30 22:47:17,329 step=10850 train=2.28502 val=None lr=0.0002323
2026-09-30 22:47:18,095 step=10860 train=2.63745 val=None lr=0.00023218
2026-09-30 22:47:18,842 step=10870 train=2.66047 val=None lr=0.00023206
2026-09-30 22:47:19,603 step=10880 train=2.50482 val=None lr=0.00023194
2026-09-30 22:47:20,395 step=10890 train=2.35172 val=None lr=0.000231819
2026-09-30 22:47:21,656 step=10900 train=2.44066 val=2.461554431915283 lr=0.000231699
2026-09-30 22:47:22,358 step=10910 train=2.16638 val=None lr=0.000231578
2026-09-30 22:47:23,094 step=10920 train=2.57064 val=None lr=0.000231458
2026-09-30 22:47:23,899 step=10930 train=2.47342 val=None lr=0.000231337
2026-09-30 22:47:24,577 step=10940 train=2.28513 val=None lr=0.000231217
2026-09-30 22:47:25,548 step=10950 train=2.54030 val=None lr=0.000231096
2026-09-30 22:47:26,419 step=10960 train=2.55281 val=None lr=0.000230975
2026-09-30 22:47:27,212 step=10970 train=2.57280 val=None lr=0.000230854
2026-09-30 22:47:28,059 step=10980 train=2.48570 val=None lr=0.000230733
2026-09-30 22:47:28,827 step=10990 train=2.69968 val=None lr=0.000230612
2026-09-30 22:47:30,112 step=11000 train=2.35826 val=2.4561858773231506 lr=0.000230491
2026-09-30 22:47:31,517 step=11010 train=2.69696 val=None lr=0.00023037
2026-09-30 22:47:32,332 step=11020 train=2.46803 val=None lr=0.000230249
2026-09-30 22:47:33,139 step=11030 train=2.41367 val=None lr=0.000230128
2026-09-30 22:47:33,908 step=11040 train=2.54437 val=None lr=0.000230006
2026-09-30 22:47:34,643 step=11050 train=2.52180 val=None lr=0.000229885
2026-09-30 22:47:35,376 step=11060 train=2.19833 val=None lr=0.000229764
2026-09-30 22:47:36,145 step=11070 train=2.39188 val=None lr=0.000229642
2026-09-30 22:47:37,006 step=11080 train=2.92110 val=None lr=0.00022952
2026-09-30 22:47:37,778 step=11090 train=2.59286 val=None lr=0.000229399
2026-09-30 22:47:39,108 step=11100 train=2.43038 val=2.4530211687088013 lr=0.000229277
2026-09-30 22:47:39,883 step=11110 train=2.61292 val=None lr=0.000229155
2026-09-30 22:47:40,612 step=11120 train=2.43120 val=None lr=0.000229033
2026-09-30 22:47:41,541 step=11130 train=2.25048 val=None lr=0.000228911
2026-09-30 22:47:42,472 step=11140 train=2.98143 val=None lr=0.000228789
2026-09-30 22:47:43,278 step=11150 train=2.96684 val=None lr=0.000228667
2026-09-30 22:47:41,705 step=11160 train=2.51754 val=None lr=0.000228545
2026-09-30 22:47:42,818 step=11170 train=2.39788 val=None lr=0.000228423
2026-09-30 22:47:43,511 step=11180 train=2.69533 val=None lr=0.000228301
2026-09-30 22:47:44,318 step=11190 train=2.40482 val=None lr=0.000228178
2026-09-30 22:47:45,678 step=11200 train=2.45654 val=2.4474733591079714 lr=0.000228056
2026-09-30 22:47:46,445 step=11210 train=2.68581 val=None lr=0.000227933
2026-09-30 22:47:47,226 step=11220 train=2.66970 val=None lr=0.000227811
2026-09-30 22:47:47,937 step=11230 train=2.32379 val=None lr=0.000227688
2026-09-30 22:47:48,716 step=11240 train=2.49178 val=None lr=0.000227565
2026-09-30 22:47:49,793 step=11250 train=2.55661 val=None lr=0.000227443
2026-09-30 22:47:50,605 step=11260 train=2.35541 val=None lr=0.00022732
2026-09-30 22:47:51,293 step=11270 train=2.36061 val=None lr=0.000227197
2026-09-30 22:47:52,028 step=11280 train=2.71971 val=None lr=0.000227074
2026-09-30 22:47:52,757 step=11290 train=2.53378 val=None lr=0.000226951
2026-09-30 22:47:54,074 step=11300 train=2.39751 val=2.446623432636261 lr=0.000226828
2026-09-30 22:47:54,864 step=11310 train=2.47763 val=None lr=0.000226705
2026-09-30 22:47:55,628 step=11320 train=2.67037 val=None lr=0.000226582
2026-09-30 22:47:56,602 step=11330 train=2.67290 val=None lr=0.000226458
2026-09-30 22:47:57,403 step=11340 train=2.30113 val=None lr=0.000226335
2026-09-30 22:47:58,115 step=11350 train=2.42624 val=None lr=0.000226212
2026-09-30 22:47:58,829 step=11360 train=2.46433 val=None lr=0.000226088
2026-09-30 22:47:59,711 step=11370 train=2.48846 val=None lr=0.000225965
2026-09-30 22:48:00,695 step=11380 train=2.37054 val=None lr=0.000225841
2026-09-30 22:48:01,400 step=11390 train=2.33980 val=None lr=0.000225717
2026-09-30 22:48:02,875 step=11400 train=2.41802 val=2.434182369709015 lr=0.000225594
2026-09-30 22:48:03,631 step=11410 train=2.55740 val=None lr=0.00022547
2026-09-30 22:48:04,566 step=11420 train=2.64449 val=None lr=0.000225346
2026-09-30 22:48:05,436 step=11430 train=2.42092 val=None lr=0.000225222
2026-09-30 22:48:06,111 step=11440 train=2.92895 val=None lr=0.000225098
2026-09-30 22:48:06,832 step=11450 train=2.53900 val=None lr=0.000224974
2026-09-30 22:48:07,628 step=11460 train=2.56465 val=None lr=0.00022485
2026-09-30 22:48:08,429 step=11470 train=2.38012 val=None lr=0.000224726
2026-09-30 22:48:09,317 step=11480 train=2.66267 val=None lr=0.000224602
2026-09-30 22:48:10,115 step=11490 train=2.56727 val=None lr=0.000224477
2026-09-30 22:48:11,176 step=11500 train=2.23551 val=2.4357319831848145 lr=0.000224353
2026-09-30 22:48:12,717 step=11510 train=2.44772 val=None lr=0.000224229
2026-09-30 22:48:13,715 step=11520 train=2.55546 val=None lr=0.000224104
2026-09-30 22:48:11,817 step=11530 train=2.31812 val=None lr=0.000223979
2026-09-30 22:48:12,583 step=11540 train=2.30199 val=None lr=0.000223855
2026-09-30 22:48:13,348 step=11550 train=2.46163 val=None lr=0.00022373
2026-09-30 22:48:14,193 step=11560 train=2.85275 val=None lr=0.000223605
2026-09-30 22:48:15,043 step=11570 train=2.47871 val=None lr=0.000223481
2026-09-30 22:48:15,857 step=11580 train=2.66950 val=None lr=0.000223356
2026-09-30 22:48:16,532 step=11590 train=2.15984 val=None lr=0.000223231
2026-09-30 22:48:17,719 step=11600 train=2.34275 val=2.429745602607727 lr=0.000223106
2026-09-30 22:48:18,468 step=11610 train=2.36635 val=None lr=0.000222981
2026-09-30 22:48:19,265 step=11620 train=2.53937 val=None lr=0.000222856
2026-09-30 22:48:20,103 step=11630 train=2.48321 val=None lr=0.000222731
2026-09-30 22:48:20,746 step=11640 train=2.48445 val=None lr=0.000222605
2026-09-30 22:48:21,473 step=11650 train=2.48611 val=None lr=0.00022248
2026-09-30 22:48:22,268 step=11660 train=2.41580 val=None lr=0.000222355
2026-09-30 22:48:23,304 step=11670 train=2.36745 val=None lr=0.000222229
2026-09-30 22:48:24,075 step=11680 train=2.64138 val=None lr=0.000222104
2026-09-30 22:48:24,946 step=11690 train=2.45195 val=None lr=0.000221978
2026-09-30 22:48:26,138 step=11700 train=2.62427 val=2.4243085384368896 lr=0.000221853
2026-09-30 22:48:26,886 step=11710 train=2.32897 val=None lr=0.000221727
2026-09-30 22:48:27,733 step=11720 train=2.56401 val=None lr=0.000221602
2026-09-30 22:48:28,523 step=11730 train=2.49593 val=None lr=0.000221476
2026-09-30 22:48:29,349 step=11740 train=2.39726 val=None lr=0.00022135
2026-09-30 22:48:30,192 step=11750 train=2.73780 val=None lr=0.000221224
2026-09-30 22:48:30,863 step=11760 train=2.43385 val=None lr=0.000221098
2026-09-30 22:48:31,551 step=11770 train=2.47028 val=None lr=0.000220972
2026-09-30 22:48:32,275 step=11780 train=2.52872 val=None lr=0.000220846
2026-09-30 22:48:33,024 step=11790 train=2.60363 val=None lr=0.00022072
2026-09-30 22:48:34,279 step=11800 train=2.64443 val=2.419844353199005 lr=0.000220594
2026-09-30 22:48:35,035 step=11810 train=2.34468 val=None lr=0.000220468
2026-09-30 22:48:35,800 step=11820 train=2.61943 val=None lr=0.000220341
2026-09-30 22:48:36,600 step=11830 train=2.52378 val=None lr=0.000220215
2026-09-30 22:48:37,442 step=11840 train=2.70655 val=None lr=0.000220089
2026-09-30 22:48:38,135 step=11850 train=2.48767 val=None lr=0.000219962
2026-09-30 22:48:38,918 step=11860 train=2.34477 val=None lr=0.000219836
2026-09-30 22:48:39,613 step=11870 train=2.44412 val=None lr=0.000219709
2026-09-30 22:48:40,428 step=11880 train=2.50415 val=None lr=0.000219582
2026-09-30 22:48:41,116 step=11890 train=2.45715 val=None lr=0.000219456
2026-09-30 22:48:42,465 step=11900 train=2.46816 val=2.417717933654785 lr=0.000219329
2026-09-30 22:48:43,244 step=11910 train=2.30796 val=None lr=0.000219202
2026-09-30 22:48:41,347 step=11920 train=2.78784 val=None lr=0.000219075
2026-09-30 22:48:42,081 step=11930 train=2.39929 val=None lr=0.000218948
2026-09-30 22:48:42,708 step=11940 train=2.83609 val=None lr=0.000218821
2026-09-30 22:48:43,631 step=11950 train=2.05640 val=None lr=0.000218694
2026-09-30 22:48:44,319 step=11960 train=2.47611 val=None lr=0.000218567
2026-09-30 22:48:45,000 step=11970 train=2.53417 val=None lr=0.00021844
2026-09-30 22:48:45,689 step=11980 train=2.22924 val=None lr=0.000218313
2026-09-30 22:48:46,499 step=11990 train=2.72146 val=None lr=0.000218186
2026-09-30 22:48:47,882 step=12000 train=2.63833 val=2.414448618888855 lr=0.000218058
2026-09-30 22:48:49,120 step=12010 train=2.45223 val=None lr=0.000217931
2026-09-30 22:48:49,872 step=12020 train=2.59636 val=None lr=0.000217804
2026-09-30 22:48:50,902 step=12030 train=2.43139 val=None lr=0.000217676
2026-09-30 22:48:51,651 step=12040 train=2.24848 val=None lr=0.000217549
2026-09-30 22:48:52,456 step=12050 train=2.72402 val=None lr=0.000217421
2026-09-30 22:48:53,229 step=12060 train=2.50659 val=None lr=0.000217293
2026-09-30 22:48:54,057 step=12070 train=2.54193 val=None lr=0.000217166
2026-09-30 22:48:54,801 step=12080 train=2.26238 val=None lr=0.000217038
2026-09-30 22:48:55,542 step=12090 train=2.82589 val=None lr=0.00021691
2026-09-30 22:48:56,827 step=12100 train=2.30009 val=2.408075726032257 lr=0.000216782
2026-09-30 22:48:57,541 step=12110 train=2.63023 val=None lr=0.000216654
2026-09-30 22:48:58,268 step=12120 train=2.50434 val=None lr=0.000216526
2026-09-30 22:48:59,015 step=12130 train=2.31189 val=None lr=0.000216398
2026-09-30 22:48:59,677 step=12140 train=2.21521 val=None lr=0.00021627
2026-09-30 22:49:00,353 step=12150 train=2.55043 val=None lr=0.000216142
2026-09-30 22:49:01,030 step=12160 train=2.37247 val=None lr=0.000216014
2026-09-30 22:49:01,714 step=12170 train=2.34342 val=None lr=0.000215886
2026-09-30 22:49:02,487 step=12180 train=2.54877 val=None lr=0.000215757
2026-09-30 22:49:03,404 step=12190 train=2.41239 val=None lr=0.000215629
2026-09-30 22:49:04,778 step=12200 train=2.53571 val=2.407533359527588 lr=0.000215501
2026-09-30 22:49:05,411 step=12210 train=2.52489 val=None lr=0.000215372
2026-09-30 22:49:06,128 step=12220 train=2.24797 val=None lr=0.000215244
2026-09-30 22:49:06,862 step=12230 train=2.55036 val=None lr=0.000215115
2026-09-30 22:49:07,609 step=12240 train=2.70567 val=None lr=0.000214986
2026-09-30 22:49:08,374 step=12250 train=2.51625 val=None lr=0.000214858
2026-09-30 22:49:09,128 step=12260 train=2.15432 val=None lr=0.000214729
2026-09-30 22:49:09,892 step=12270 train=2.42681 val=None lr=0.0002146
2026-09-30 22:49:10,591 step=12280 train=2.37104 val=None lr=0.000214471
2026-09-30 22:49:11,330 step=12290 train=2.33500 val=None lr=0.000214343
2026-09-30 22:49:12,541 step=12300 train=2.42322 val=2.406195318698883 lr=0.000214214
2026-09-30 22:49:13,471 step=12310 train=2.54588 val=None lr=0.000214085
2026-09-30 22:49:11,662 step=12320 train=2.42220 val=None lr=0.000213956
2026-09-30 22:49:12,371 step=12330 train=2.44501 val=None lr=0.000213826
2026-09-30 22:49:13,078 step=12340 train=2.47615 val=None lr=0.000213697
2026-09-30 22:49:13,811 step=12350 train=2.35653 val=None lr=0.000213568
2026-09-30 22:49:14,501 step=12360 train=2.38389 val=None lr=0.000213439
2026-09-30 22:49:15,304 step=12370 train=2.81310 val=None lr=0.00021331
2026-09-30 22:49:15,930 step=12380 train=2.43359 val=None lr=0.00021318
2026-09-30 22:49:16,594 step=12390 train=2.51086 val=None lr=0.000213051
2026-09-30 22:49:17,824 step=12400 train=2.34768 val=2.4073874592781066 lr=0.000212921
2026-09-30 22:49:18,515 step=12410 train=2.39709 val=None lr=0.000212792
2026-09-30 22:49:19,284 step=12420 train=2.63910 val=None lr=0.000212662
2026-09-30 22:49:19,967 step=12430 train=2.48762 val=None lr=0.000212533
2026-09-30 22:49:20,631 step=12440 train=2.70151 val=None lr=0.000212403
2026-09-30 22:49:21,293 step=12450 train=2.32690 val=None lr=0.000212273
2026-09-30 22:49:21,953 step=12460 train=2.45103 val=None lr=0.000212144
2026-09-30 22:49:22,755 step=12470 train=2.53535 val=None lr=0.000212014
2026-09-30 22:49:23,423 step=12480 train=2.33110 val=None lr=0.000211884
2026-09-30 22:49:24,164 step=12490 train=2.45710 val=None lr=0.000211754
2026-09-30 22:49:25,371 step=12500 train=2.38615 val=2.3950790047645567 lr=0.000211624
2026-09-30 22:49:26,595 step=12510 train=2.55771 val=None lr=0.000211494
2026-09-30 22:49:27,295 step=12520 train=2.43470 val=None lr=0.000211364
2026-09-30 22:49:28,026 step=12530 train=2.63167 val=None lr=0.000211234
2026-09-30 22:49:28,824 step=12540 train=2.45098 val=None lr=0.000211104
2026-09-30 22:49:29,518 step=12550 train=2.34262 val=None lr=0.000210974
2026-09-30 22:49:30,338 step=12560 train=2.46397 val=None lr=0.000210844
2026-09-30 22:49:31,023 step=12570 train=2.78613 val=None lr=0.000210713
2026-09-30 22:49:31,929 step=12580 train=2.35520 val=None lr=0.000210583
2026-09-30 22:49:32,711 step=12590 train=2.70930 val=None lr=0.000210453
2026-09-30 22:49:34,715 step=12600 train=2.23379 val=2.390593719482422 lr=0.000210322
2026-09-30 22:49:35,422 step=12610 train=2.35663 val=None lr=0.000210192
2026-09-30 22:49:36,279 step=12620 train=2.39324 val=None lr=0.000210061
2026-09-30 22:49:36,977 step=12630 train=2.55436 val=None lr=0.000209931
2026-09-30 22:49:37,773 step=12640 train=2.49401 val=None lr=0.0002098
2026-09-30 22:49:38,498 step=12650 train=2.21257 val=None lr=0.000209669
2026-09-30 22:49:39,244 step=12660 train=2.34126 val=None lr=0.000209539
2026-09-30 22:49:40,038 step=12670 train=2.55392 val=None lr=0.000209408
2026-09-30 22:49:40,897 step=12680 train=2.50829 val=None lr=0.000209277
2026-09-30 22:49:41,635 step=12690 train=2.37312 val=None lr=0.000209146
2026-09-30 22:49:42,962 step=12700 train=2.55761 val=2.390072214603424 lr=0.000209015
2026-09-30 22:49:43,659 step=12710 train=2.49732 val=None lr=0.000208884
2026-09-30 22:49:41,832 step=12720 train=2.29706 val=None lr=0.000208753
2026-09-30 22:49:42,582 step=12730 train=2.36763 val=None lr=0.000208622
2026-09-30 22:49:43,343 step=12740 train=2.41291 val=None lr=0.000208491
2026-09-30 22:49:44,128 step=12750 train=2.73285 val=None lr=0.00020836
2026-09-30 22:49:44,925 step=12760 train=2.47689 val=None lr=0.000208229
2026-09-30 22:49:45,699 step=12770 train=2.40580 val=None lr=0.000208098
2026-09-30 22:49:46,327 step=12780 train=2.60150 val=None lr=0.000207967
2026-09-30 22:49:47,115 step=12790 train=2.31985 val=None lr=0.000207835
2026-09-30 22:49:48,296 step=12800 train=2.20013 val=2.387009882926941 lr=0.000207704
2026-09-30 22:49:48,995 step=12810 train=2.52811 val=None lr=0.000207572
2026-09-30 22:49:49,686 step=12820 train=2.28209 val=None lr=0.000207441
2026-09-30 22:49:50,342 step=12830 train=2.37212 val=None lr=0.00020731
2026-09-30 22:49:51,052 step=12840 train=2.45064 val=None lr=0.000207178
2026-09-30 22:49:51,815 step=12850 train=2.70570 val=None lr=0.000207046
2026-09-30 22:49:52,595 step=12860 train=2.51812 val=None lr=0.000206915
2026-09-30 22:49:53,474 step=12870 train=2.50244 val=None lr=0.000206783
2026-09-30 22:49:54,234 step=12880 train=2.31643 val=None lr=0.000206651
2026-09-30 22:49:54,956 step=12890 train=2.40884 val=None lr=0.00020652
2026-09-30 22:49:56,607 step=12900 train=2.79081 val=2.3835195183753966 lr=0.000206388
2026-09-30 22:49:57,365 step=12910 train=2.48475 val=None lr=0.000206256
2026-09-30 22:49:58,214 step=12920 train=2.39526 val=None lr=0.000206124
2026-09-30 22:49:58,947 step=12930 train=2.54959 val=None lr=0.000205992
2026-09-30 22:49:59,598 step=12940 train=2.18563 val=None lr=0.00020586
2026-09-30 22:50:00,333 step=12950 train=2.50479 val=None lr=0.000205728
2026-09-30 22:50:01,073 step=12960 train=2.24071 val=None lr=0.000205596
2026-09-30 22:50:01,898 step=12970 train=2.48364 val=None lr=0.000205464
2026-09-30 22:50:02,621 step=12980 train=2.31261 val=None lr=0.000205332
2026-09-30 22:50:03,294 step=12990 train=2.34657 val=None lr=0.0002052
2026-09-30 22:50:04,768 step=13000 train=2.41158 val=2.379399037361145 lr=0.000205068
2026-09-30 22:50:06,019 step=13010 train=2.57109 val=None lr=0.000204935
2026-09-30 22:50:06,803 step=13020 train=2.65292 val=None lr=0.000204803
2026-09-30 22:50:07,572 step=13030 train=2.46318 val=None lr=0.000204671
2026-09-30 22:50:08,284 step=13040 train=2.51617 val=None lr=0.000204538
2026-09-30 22:50:08,983 step=13050 train=2.28588 val=None lr=0.000204406
2026-09-30 22:50:09,662 step=13060 train=2.42098 val=None lr=0.000204273
2026-09-30 22:50:10,499 step=13070 train=2.43983 val=None lr=0.000204141
2026-09-30 22:50:11,257 step=13080 train=2.54098 val=None lr=0.000204008
2026-09-30 22:50:12,016 step=13090 train=2.31754 val=None lr=0.000203876
2026-09-30 22:50:13,383 step=13100 train=2.23437 val=2.3781880021095274 lr=0.000203743
2026-09-30 22:50:11,412 step=13110 train=2.49232 val=None lr=0.00020361
2026-09-30 22:50:12,288 step=13120 train=2.43648 val=None lr=0.000203478
2026-09-30 22:50:13,027 step=13130 train=2.37478 val=None lr=0.000203345
2026-09-30 22:50:13,838 step=13140 train=2.17769 val=None lr=0.000203212
2026-09-30 22:50:14,601 step=13150 train=2.13718 val=None lr=0.000203079
2026-09-30 22:50:15,432 step=13160 train=2.70192 val=None lr=0.000202946
2026-09-30 22:50:16,227 step=13170 train=2.67000 val=None lr=0.000202813
2026-09-30 22:50:16,887 step=13180 train=2.13842 val=None lr=0.00020268
2026-09-30 22:50:17,590 step=13190 train=2.69454 val=None lr=0.000202547
2026-09-30 22:50:18,801 step=13200 train=2.64053 val=2.3739876985549926 lr=0.000202414
2026-09-30 22:50:19,455 step=13210 train=2.58352 val=None lr=0.000202281
2026-09-30 22:50:20,130 step=13220 train=2.34706 val=None lr=0.000202148
2026-09-30 22:50:20,828 step=13230 train=2.23864 val=None lr=0.000202015
2026-09-30 22:50:21,650 step=13240 train=2.47382 val=None lr=0.000201882
2026-09-30 22:50:22,422 step=13250 train=2.52192 val=None lr=0.000201749
2026-09-30 22:50:23,194 step=13260 train=2.38560 val=None lr=0.000201615
2026-09-30 22:50:24,067 step=13270 train=2.19919 val=None lr=0.000201482
2026-09-30 22:50:24,887 step=13280 train=2.42996 val=None lr=0.000201349
2026-09-30 22:50:25,550 step=13290 train=2.37046 val=None lr=0.000201215
2026-09-30 22:50:26,845 step=13300 train=2.19942 val=2.369986045360565 lr=0.000201082
2026-09-30 22:50:27,493 step=13310 train=2.75727 val=None lr=0.000200948
2026-09-30 22:50:28,183 step=13320 train=2.38861 val=None lr=0.000200815
2026-09-30 22:50:28,874 step=13330 train=2.52213 val=None lr=0.000200681
2026-09-30 22:50:29,598 step=13340 train=2.89072 val=None lr=0.000200548
2026-09-30 22:50:30,320 step=13350 train=2.42652 val=None lr=0.000200414
2026-09-30 22:50:31,050 step=13360 train=2.34750 val=None lr=0.00020028
2026-09-30 22:50:31,787 step=13370 train=2.23680 val=None lr=0.000200147
2026-09-30 22:50:32,471 step=13380 train=2.30910 val=None lr=0.000200013
2026-09-30 22:50:33,352 step=13390 train=2.31516 val=None lr=0.000199879
2026-09-30 22:50:34,640 step=13400 train=2.36597 val=2.3641491174697875 lr=0.000199745
2026-09-30 22:50:35,553 step=13410 train=2.39735 val=None lr=0.000199612
2026-09-30 22:50:36,346 step=13420 train=2.43547 val=None lr=0.000199478
2026-09-30 22:50:37,100 step=13430 train=2.39747 val=None lr=0.000199344
2026-09-30 22:50:37,905 step=13440 train=2.83081 val=None lr=0.00019921
2026-09-30 22:50:38,573 step=13450 train=2.35786 val=None lr=0.000199076
2026-09-30 22:50:39,285 step=13460 train=2.77931 val=None lr=0.000198942
2026-09-30 22:50:40,059 step=13470 train=2.45247 val=None lr=0.000198808
2026-09-30 22:50:40,878 step=13480 train=2.29642 val=None lr=0.000198674
2026-09-30 22:50:41,650 step=13490 train=2.58960 val=None lr=0.00019854
2026-09-30 22:50:42,933 step=13500 train=2.79643 val=2.3617459654808046 lr=0.000198405
2026-09-30 22:50:41,675 step=13510 train=2.37859 val=None lr=0.000198271
2026-09-30 22:50:42,425 step=13520 train=2.52603 val=None lr=0.000198137
2026-09-30 22:50:43,195 step=13530 train=2.46398 val=None lr=0.000198003
2026-09-30 22:50:43,940 step=13540 train=2.80248 val=None lr=0.000197868
2026-09-30 22:50:44,768 step=13550 train=2.33107 val=None lr=0.000197734
2026-09-30 22:50:45,624 step=13560 train=2.38292 val=None lr=0.0001976
2026-09-30 22:50:46,487 step=13570 train=2.12946 val=None lr=0.000197465
2026-09-30 22:50:47,274 step=13580 train=2.28134 val=None lr=0.000197331
2026-09-30 22:50:48,131 step=13590 train=2.43714 val=None lr=0.000197196
2026-09-30 22:50:49,379 step=13600 train=2.48094 val=2.3589107632637023 lr=0.000197062
2026-09-30 22:50:50,145 step=13610 train=2.23647 val=None lr=0.000196927
2026-09-30 22:50:50,938 step=13620 train=2.55436 val=None lr=0.000196793
2026-09-30 22:50:51,649 step=13630 train=2.42223 val=None lr=0.000196658
2026-09-30 22:50:52,314 step=13640 train=2.39019 val=None lr=0.000196524
2026-09-30 22:50:53,046 step=13650 train=2.38921 val=None lr=0.000196389
2026-09-30 22:50:53,824 step=13660 train=2.45046 val=None lr=0.000196254
2026-09-30 22:50:54,501 step=13670 train=2.47016 val=None lr=0.000196119
2026-09-30 22:50:55,261 step=13680 train=2.40313 val=None lr=0.000195985
2026-09-30 22:50:55,999 step=13690 train=2.26522 val=None lr=0.00019585
2026-09-30 22:50:57,246 step=13700 train=2.35770 val=2.353936767578125 lr=0.000195715
2026-09-30 22:50:57,925 step=13710 train=2.16304 val=None lr=0.00019558
2026-09-30 22:50:58,660 step=13720 train=2.35490 val=None lr=0.000195445
2026-09-30 22:50:59,462 step=13730 train=2.42545 val=None lr=0.00019531
2026-09-30 22:51:00,358 step=13740 train=2.41743 val=None lr=0.000195175
2026-09-30 22:51:01,270 step=13750 train=2.39540 val=None lr=0.00019504
2026-09-30 22:51:02,211 step=13760 train=2.29785 val=None lr=0.000194905
2026-09-30 22:51:02,916 step=13770 train=2.20868 val=None lr=0.00019477
2026-09-30 22:51:03,714 step=13780 train=2.62691 val=None lr=0.000194635
2026-09-30 22:51:04,347 step=13790 train=2.40813 val=None lr=0.0001945
2026-09-30 22:51:05,581 step=13800 train=2.15880 val=2.3507757782936096 lr=0.000194365
2026-09-30 22:51:06,467 step=13810 train=2.52587 val=None lr=0.00019423
2026-09-30 22:51:07,200 step=13820 train=2.40728 val=None lr=0.000194094
2026-09-30 22:51:07,902 step=13830 train=2.88225 val=None lr=0.000193959
2026-09-30 22:51:08,630 step=13840 train=2.39824 val=None lr=0.000193824
2026-09-30 22:51:09,339 step=13850 train=2.14674 val=None lr=0.000193689
2026-09-30 22:51:10,098 step=13860 train=2.88790 val=None lr=0.000193553
2026-09-30 22:51:10,774 step=13870 train=2.48290 val=None lr=0.000193418
2026-09-30 22:51:11,475 step=13880 train=2.66155 val=None lr=0.000193283
2026-09-30 22:51:12,361 step=13890 train=2.27001 val=None lr=0.000193147
2026-09-30 22:51:13,652 step=13900 train=2.40853 val=2.343482804298401 lr=0.000193012
2026-09-30 22:51:11,741 step=13910 train=2.37579 val=None lr=0.000192876
2026-09-30 22:51:12,485 step=13920 train=2.39911 val=None lr=0.000192741
2026-09-30 22:51:13,224 step=13930 train=2.23915 val=None lr=0.000192605
2026-09-30 22:51:13,941 step=13940 train=2.61269 val=None lr=0.00019247
2026-09-30 22:51:14,581 step=13950 train=2.68854 val=None lr=0.000192334
2026-09-30 22:51:15,255 step=13960 train=2.53173 val=None lr=0.000192198
2026-09-30 22:51:15,902 step=13970 train=2.74561 val=None lr=0.000192063
2026-09-30 22:51:16,557 step=13980 train=2.37221 val=None lr=0.000191927
2026-09-30 22:51:17,190 step=13990 train=2.85539 val=None lr=0.000191791
2026-09-30 22:51:18,212 step=14000 train=2.29956 val=2.345416021347046 lr=0.000191655
2026-09-30 22:51:19,725 step=14010 train=2.39654 val=None lr=0.00019152
2026-09-30 22:51:20,476 step=14020 train=2.27503 val=None lr=0.000191384
2026-09-30 22:51:21,244 step=14030 train=2.60016 val=None lr=0.000191248
2026-09-30 22:51:22,031 step=14040 train=2.53781 val=None lr=0.000191112
2026-09-30 22:51:22,792 step=14050 train=2.40274 val=None lr=0.000190976
2026-09-30 22:51:23,476 step=14060 train=2.22091 val=None lr=0.00019084
2026-09-30 22:51:24,182 step=14070 train=2.41791 val=None lr=0.000190704
2026-09-30 22:51:24,849 step=14080 train=2.49778 val=None lr=0.000190568
2026-09-30 22:51:25,667 step=14090 train=2.35385 val=None lr=0.000190432
2026-09-30 22:51:26,958 step=14100 train=2.53162 val=2.341383147239685 lr=0.000190296
2026-09-30 22:51:27,830 step=14110 train=2.44251 val=None lr=0.00019016
2026-09-30 22:51:28,675 step=14120 train=2.36845 val=None lr=0.000190024
2026-09-30 22:51:29,448 step=14130 train=2.53925 val=None lr=0.000189888
2026-09-30 22:51:30,236 step=14140 train=2.40841 val=None lr=0.000189752
2026-09-30 22:51:30,913 step=14150 train=2.50062 val=None lr=0.000189616
2026-09-30 22:51:31,607 step=14160 train=2.50321 val=None lr=0.00018948
2026-09-30 22:51:32,401 step=14170 train=2.52694 val=None lr=0.000189344
2026-09-30 22:51:33,145 step=14180 train=2.41342 val=None lr=0.000189207
2026-09-30 22:51:33,829 step=14190 train=2.48337 val=None lr=0.000189071
2026-09-30 22:51:35,108 step=14200 train=2.44151 val=2.3347293615341185 lr=0.000188935
2026-09-30 22:51:35,845 step=14210 train=2.50971 val=None lr=0.000188799
2026-09-30 22:51:36,562 step=14220 train=2.40912 val=None lr=0.000188662
2026-09-30 22:51:37,430 step=14230 train=2.72059 val=None lr=0.000188526
2026-09-30 22:51:38,128 step=14240 train=2.19101 val=None lr=0.000188389
2026-09-30 22:51:38,802 step=14250 train=2.76141 val=None lr=0.000188253
2026-09-30 22:51:39,473 step=14260 train=2.42179 val=None lr=0.000188117
2026-09-30 22:51:40,149 step=14270 train=2.46892 val=None lr=0.00018798
2026-09-30 22:51:40,962 step=14280 train=2.17629 val=None lr=0.000187844
2026-09-30 22:51:41,691 step=14290 train=2.36721 val=None lr=0.000187707
2026-09-30 22:51:42,970 step=14300 train=2.27261 val=2.333743941783905 lr=0.000187571
2026-09-30 22:51:43,615 step=14310 train=2.76827 val=None lr=0.000187434
2026-09-30 22:51:41,873 step=14320 train=2.27809 val=None lr=0.000187298
2026-09-30 22:51:42,770 step=14330 train=2.36124 val=None lr=0.000187161
2026-09-30 22:51:43,424 step=14340 train=2.14362 val=None lr=0.000187024
2026-09-30 22:51:44,202 step=14350 train=2.83961 val=None lr=0.000186888
2026-09-30 22:51:45,086 step=14360 train=2.18863 val=None lr=0.000186751
2026-09-30 22:51:45,792 step=14370 train=2.43138 val=None lr=0.000186614
2026-09-30 22:51:46,528 step=14380 train=2.33741 val=None lr=0.000186478
2026-09-30 22:51:47,349 step=14390 train=2.62059 val=None lr=0.000186341
2026-09-30 22:51:48,468 step=14400 train=2.43261 val=2.3355955362319945 lr=0.000186204
2026-09-30 22:51:49,175 step=14410 train=2.63824 val=None lr=0.000186067
2026-09-30 22:51:49,831 step=14420 train=2.38284 val=None lr=0.000185931
2026-09-30 22:51:50,703 step=14430 train=2.21788 val=None lr=0.000185794
2026-09-30 22:51:51,680 step=14440 train=2.46711 val=None lr=0.000185657
2026-09-30 22:51:52,397 step=14450 train=2.31941 val=None lr=0.00018552
2026-09-30 22:51:53,059 step=14460 train=2.54830 val=None lr=0.000185383
2026-09-30 22:51:53,856 step=14470 train=2.64366 val=None lr=0.000185246
2026-09-30 22:51:54,526 step=14480 train=2.27091 val=None lr=0.000185109
2026-09-30 22:51:55,300 step=14490 train=2.42420 val=None lr=0.000184972
2026-09-30 22:51:56,556 step=14500 train=2.45560 val=2.328386116027832 lr=0.000184835
2026-09-30 22:51:57,776 step=14510 train=2.20661 val=None lr=0.000184698
2026-09-30 22:51:58,590 step=14520 train=2.22059 val=None lr=0.000184561
2026-09-30 22:51:59,265 step=14530 train=2.28688 val=None lr=0.000184424
2026-09-30 22:51:59,981 step=14540 train=2.13853 val=None lr=0.000184287
2026-09-30 22:52:00,686 step=14550 train=2.31074 val=None lr=0.00018415
2026-09-30 22:52:01,369 step=14560 train=2.42550 val=None lr=0.000184013
2026-09-30 22:52:02,088 step=14570 train=2.39086 val=None lr=0.000183876
2026-09-30 22:52:02,909 step=14580 train=2.67601 val=None lr=0.000183739
2026-09-30 22:52:03,691 step=14590 train=2.45846 val=None lr=0.000183602
2026-09-30 22:52:04,846 step=14600 train=2.37948 val=2.327123153209686 lr=0.000183465
2026-09-30 22:52:05,560 step=14610 train=2.47778 val=None lr=0.000183327
2026-09-30 22:52:06,324 step=14620 train=2.45764 val=None lr=0.00018319
2026-09-30 22:52:06,990 step=14630 train=2.46030 val=None lr=0.000183053
2026-09-30 22:52:07,681 step=14640 train=2.44914 val=None lr=0.000182916
2026-09-30 22:52:08,528 step=14650 train=2.60292 val=None lr=0.000182778
2026-09-30 22:52:09,350 step=14660 train=2.37490 val=None lr=0.000182641
2026-09-30 22:52:10,068 step=14670 train=2.35443 val=None lr=0.000182504
2026-09-30 22:52:10,833 step=14680 train=2.39349 val=None lr=0.000182366
2026-09-30 22:52:11,597 step=14690 train=2.60717 val=None lr=0.000182229
2026-09-30 22:52:12,974 step=14700 train=2.00852 val=2.319408130645752 lr=0.000182092
2026-09-30 22:52:11,315 step=14710 train=2.63224 val=None lr=0.000181954
2026-09-30 22:52:12,310 step=14720 train=2.43432 val=None lr=0.000181817
2026-09-30 22:52:13,233 step=14730 train=2.46090 val=None lr=0.00018168
2026-09-30 22:52:14,108 step=14740 train=2.36895 val=None lr=0.000181542
2026-09-30 22:52:14,924 step=14750 train=2.32271 val=None lr=0.000181405
2026-09-30 22:52:15,592 step=14760 train=2.44177 val=None lr=0.000181267
2026-09-30 22:52:16,474 step=14770 train=2.29799 val=None lr=0.00018113
2026-09-30 22:52:17,126 step=14780 train=2.28743 val=None lr=0.000180992
2026-09-30 22:52:17,836 step=14790 train=2.12925 val=None lr=0.000180855
2026-09-30 22:52:19,080 step=14800 train=2.21419 val=2.317867410182953 lr=0.000180717
2026-09-30 22:52:19,835 step=14810 train=2.18531 val=None lr=0.00018058
2026-09-30 22:52:20,475 step=14820 train=2.27724 val=None lr=0.000180442
2026-09-30 22:52:21,144 step=14830 train=2.28832 val=None lr=0.000180304
2026-09-30 22:52:21,858 step=14840 train=2.42845 val=None lr=0.000180167
2026-09-30 22:52:22,543 step=14850 train=2.38564 val=None lr=0.000180029
2026-09-30 22:52:23,265 step=14860 train=2.42519 val=None lr=0.000179892
2026-09-30 22:52:23,943 step=14870 train=2.07513 val=None lr=0.000179754
2026-09-30 22:52:24,675 step=14880 train=2.21423 val=None lr=0.000179616
2026-09-30 22:52:25,429 step=14890 train=2.53937 val=None lr=0.000179479
2026-09-30 22:52:26,603 step=14900 train=2.31520 val=2.3189768552780152 lr=0.000179341
2026-09-30 22:52:27,479 step=14910 train=2.46506 val=None lr=0.000179203
2026-09-30 22:52:28,232 step=14920 train=2.44610 val=None lr=0.000179065
2026-09-30 22:52:29,064 step=14930 train=2.46022 val=None lr=0.000178928
2026-09-30 22:52:29,762 step=14940 train=2.47295 val=None lr=0.00017879
2026-09-30 22:52:30,437 step=14950 train=2.14389 val=None lr=0.000178652
2026-09-30 22:52:31,107 step=14960 train=2.54835 val=None lr=0.000178514
2026-09-30 22:52:31,916 step=14970 train=2.17007 val=None lr=0.000178377
2026-09-30 22:52:32,844 step=14980 train=2.45377 val=None lr=0.000178239
2026-09-30 22:52:33,709 step=14990 train=2.46017 val=None lr=0.000178101
2026-09-30 22:52:34,958 step=15000 train=2.63199 val=2.3120890855789185 lr=0.000177963
2026-09-30 22:52:36,239 step=15010 train=2.15841 val=None lr=0.000177825
2026-09-30 22:52:36,978 step=15020 train=2.40528 val=None lr=0.000177687
2026-09-30 22:52:37,665 step=15030 train=2.29725 val=None lr=0.00017755
2026-09-30 22:52:38,345 step=15040 train=2.34187 val=None lr=0.000177412
2026-09-30 22:52:39,053 step=15050 train=2.26502 val=None lr=0.000177274
2026-09-30 22:52:39,736 step=15060 train=2.26003 val=None lr=0.000177136
2026-09-30 22:52:40,406 step=15070 train=2.20030 val=None lr=0.000176998
2026-09-30 22:52:41,276 step=15080 train=2.55068 val=None lr=0.00017686
2026-09-30 22:52:42,172 step=15090 train=2.31094 val=None lr=0.000176722
2026-09-30 22:52:41,035 step=15100 train=2.32612 val=2.311095345020294 lr=0.000176584
2026-09-30 22:52:41,733 step=15110 train=2.22419 val=None lr=0.000176446
2026-09-30 22:52:42,608 step=15120 train=2.44970 val=None lr=0.000176308
2026-09-30 22:52:43,414 step=15130 train=2.21933 val=None lr=0.00017617
2026-09-30 22:52:44,157 step=15140 train=2.46818 val=None lr=0.000176032
2026-09-30 22:52:44,861 step=15150 train=2.21050 val=None lr=0.000175894
2026-09-30 22:52:45,554 step=15160 train=2.54320 val=None lr=0.000175756
2026-09-30 22:52:46,336 step=15170 train=2.28789 val=None lr=0.000175618
2026-09-30 22:52:46,974 step=15180 train=2.63405 val=None lr=0.00017548
2026-09-30 22:52:47,800 step=15190 train=2.43931 val=None lr=0.000175342
2026-09-30 22:52:49,108 step=15200 train=2.27499 val=2.3092002987861635 lr=0.000175204
2026-09-30 22:52:49,940 step=15210 train=2.66864 val=None lr=0.000175066
2026-09-30 22:52:50,677 step=15220 train=2.31641 val=None lr=0.000174927
2026-09-30 22:52:51,445 step=15230 train=2.38375 val=None lr=0.000174789
2026-09-30 22:52:52,112 step=15240 train=2.12258 val=None lr=0.000174651
2026-09-30 22:52:52,857 step=15250 train=2.66663 val=None lr=0.000174513
2026-09-30 22:52:53,565 step=15260 train=2.56189 val=None lr=0.000174375
2026-09-30 22:52:54,265 step=15270 train=2.39549 val=None lr=0.000174237
2026-09-30 22:52:55,087 step=15280 train=2.66837 val=None lr=0.000174099
2026-09-30 22:52:55,854 step=15290 train=2.35441 val=None lr=0.00017396
2026-09-30 22:52:57,139 step=15300 train=2.54036 val=2.304868423938751 lr=0.000173822
2026-09-30 22:52:58,172 step=15310 train=2.27525 val=None lr=0.000173684
2026-09-30 22:52:58,873 step=15320 train=2.43209 val=None lr=0.000173546
2026-09-30 22:52:59,655 step=15330 train=2.39297 val=None lr=0.000173408
2026-09-30 22:53:00,503 step=15340 train=2.35601 val=None lr=0.000173269
2026-09-30 22:53:01,277 step=15350 train=2.54630 val=None lr=0.000173131
2026-09-30 22:53:02,060 step=15360 train=2.57278 val=None lr=0.000172993
2026-09-30 22:53:02,907 step=15370 train=2.40472 val=None lr=0.000172855
2026-09-30 22:53:03,635 step=15380 train=2.38620 val=None lr=0.000172716
2026-09-30 22:53:04,322 step=15390 train=2.28062 val=None lr=0.000172578
2026-09-30 22:53:05,550 step=15400 train=2.17461 val=2.3030027508735658 lr=0.00017244
2026-09-30 22:53:06,262 step=15410 train=2.20043 val=None lr=0.000172302
2026-09-30 22:53:07,022 step=15420 train=2.47272 val=None lr=0.000172163
2026-09-30 22:53:07,704 step=15430 train=2.23360 val=None lr=0.000172025
2026-09-30 22:53:08,381 step=15440 train=2.35907 val=None lr=0.000171887
2026-09-30 22:53:09,254 step=15450 train=2.08774 val=None lr=0.000171748
2026-09-30 22:53:09,882 step=15460 train=2.30702 val=None lr=0.00017161
2026-09-30 22:53:10,591 step=15470 train=2.29802 val=None lr=0.000171472
2026-09-30 22:53:11,301 step=15480 train=2.11566 val=None lr=0.000171333
2026-09-30 22:53:12,160 step=15490 train=2.25980 val=None lr=0.000171195
2026-09-30 22:53:13,311 step=15500 train=2.23407 val=2.2978750348091124 lr=0.000171057
2026-09-30 22:53:12,054 step=15510 train=2.18142 val=None lr=0.000170918
2026-09-30 22:53:12,812 step=15520 train=2.30211 val=None lr=0.00017078
2026-09-30 22:53:13,513 step=15530 train=2.33572 val=None lr=0.000170642
2026-09-30 22:53:14,189 step=15540 train=2.37229 val=None lr=0.000170503
2026-09-30 22:53:14,884 step=15550 train=2.12133 val=None lr=0.000170365
2026-09-30 22:53:15,527 step=15560 train=2.47707 val=None lr=0.000170227
2026-09-30 22:53:16,239 step=15570 train=2.52994 val=None lr=0.000170088
2026-09-30 22:53:16,997 step=15580 train=2.27989 val=None lr=0.00016995
2026-09-30 22:53:17,647 step=15590 train=2.41608 val=None lr=0.000169811
2026-09-30 22:53:18,855 step=15600 train=2.31483 val=2.2986857295036316 lr=0.000169673
2026-09-30 22:53:19,613 step=15610 train=2.38903 val=None lr=0.000169535
2026-09-30 22:53:20,386 step=15620 train=2.03400 val=None lr=0.000169396
2026-09-30 22:53:21,028 step=15630 train=2.30098 val=None lr=0.000169258
2026-09-30 22:53:21,715 step=15640 train=2.46592 val=None lr=0.000169119
2026-09-30 22:53:22,508 step=15650 train=2.62069 val=None lr=0.000168981
2026-09-30 22:53:23,424 step=15660 train=2.06445 val=None lr=0.000168842
2026-09-30 22:53:24,216 step=15670 train=2.21977 val=None lr=0.000168704
2026-09-30 22:53:24,879 step=15680 train=2.62884 val=None lr=0.000168566
2026-09-30 22:53:25,648 step=15690 train=2.25498 val=None lr=0.000168427
2026-09-30 22:53:26,910 step=15700 train=2.55148 val=2.2945642113685607 lr=0.000168289
2026-09-30 22:53:27,616 step=15710 train=2.37648 val=None lr=0.00016815
2026-09-30 22:53:28,447 step=15720 train=2.39047 val=None lr=0.000168012
2026-09-30 22:53:29,170 step=15730 train=2.41681 val=None lr=0.000167873
2026-09-30 22:53:29,995 step=15740 train=2.40463 val=None lr=0.000167735
2026-09-30 22:53:30,969 step=15750 train=2.44749 val=None lr=0.000167596
2026-09-30 22:53:31,668 step=15760 train=2.39771 val=None lr=0.000167458
2026-09-30 22:53:32,337 step=15770 train=2.23873 val=None lr=0.00016732
2026-09-30 22:53:33,168 step=15780 train=2.48949 val=None lr=0.000167181
2026-09-30 22:53:33,859 step=15790 train=2.62692 val=None lr=0.000167043
2026-09-30 22:53:35,056 step=15800 train=2.24286 val=2.291137146949768 lr=0.000166904
2026-09-30 22:53:35,770 step=15810 train=2.40086 val=None lr=0.000166766
2026-09-30 22:53:36,505 step=15820 train=2.54996 val=None lr=0.000166627
2026-09-30 22:53:37,236 step=15830 train=2.65200 val=None lr=0.000166489
2026-09-30 22:53:37,950 step=15840 train=2.13408 val=None lr=0.00016635
2026-09-30 22:53:38,650 step=15850 train=2.60580 val=None lr=0.000166212
2026-09-30 22:53:39,436 step=15860 train=2.73270 val=None lr=0.000166073
2026-09-30 22:53:40,197 step=15870 train=2.38114 val=None lr=0.000165935
2026-09-30 22:53:40,879 step=15880 train=2.25514 val=None lr=0.000165796
2026-09-30 22:53:41,545 step=15890 train=2.08976 val=None lr=0.000165658
2026-09-30 22:53:42,946 step=15900 train=2.41657 val=2.2896037340164184 lr=0.000165519
2026-09-30 22:53:41,048 step=15910 train=2.31093 val=None lr=0.000165381
2026-09-30 22:53:41,867 step=15920 train=2.27305 val=None lr=0.000165242
2026-09-30 22:53:42,643 step=15930 train=2.23224 val=None lr=0.000165104
2026-09-30 22:53:43,327 step=15940 train=2.40686 val=None lr=0.000164965
2026-09-30 22:53:44,101 step=15950 train=2.51615 val=None lr=0.000164827
2026-09-30 22:53:44,808 step=15960 train=2.00262 val=None lr=0.000164688
2026-09-30 22:53:45,462 step=15970 train=2.24917 val=None lr=0.00016455
2026-09-30 22:53:46,215 step=15980 train=2.31239 val=None lr=0.000164411
2026-09-30 22:53:46,900 step=15990 train=2.34090 val=None lr=0.000164273
2026-09-30 22:53:48,131 step=16000 train=2.37202 val=2.286557376384735 lr=0.000164134
2026-09-30 22:53:49,443 step=16010 train=2.61620 val=None lr=0.000163996
2026-09-30 22:53:50,325 step=16020 train=2.18227 val=None lr=0.000163857
2026-09-30 22:53:51,115 step=16030 train=2.41325 val=None lr=0.000163719
2026-09-30 22:53:51,909 step=16040 train=2.27176 val=None lr=0.000163581
2026-09-30 22:53:52,743 step=16050 train=2.28905 val=None lr=0.000163442
2026-09-30 22:53:53,419 step=16060 train=2.38591 val=None lr=0.000163304
2026-09-30 22:53:54,160 step=16070 train=2.38625 val=None lr=0.000163165
2026-09-30 22:53:54,939 step=16080 train=2.31955 val=None lr=0.000163027
2026-09-30 22:53:55,670 step=16090 train=2.31298 val=None lr=0.000162888
2026-09-30 22:53:56,884 step=16100 train=2.53484 val=2.2853761434555055 lr=0.00016275
2026-09-30 22:53:57,602 step=16110 train=2.41417 val=None lr=0.000162611
2026-09-30 22:53:58,334 step=16120 train=2.17167 val=None lr=0.000162473
2026-09-30 22:53:59,027 step=16130 train=2.28705 val=None lr=0.000162334
2026-09-30 22:53:59,796 step=16140 train=2.40324 val=None lr=0.000162196
2026-09-30 22:54:00,492 step=16150 train=2.25432 val=None lr=0.000162057
2026-09-30 22:54:01,321 step=16160 train=2.28789 val=None lr=0.000161919
2026-09-30 22:54:02,099 step=16170 train=2.17801 val=None lr=0.00016178
2026-09-30 22:54:02,834 step=16180 train=2.19354 val=None lr=0.000161642
2026-09-30 22:54:03,629 step=16190 train=2.06918 val=None lr=0.000161504
2026-09-30 22:54:05,057 step=16200 train=2.24735 val=2.2806474447250364 lr=0.000161365
2026-09-30 22:54:05,872 step=16210 train=2.04767 val=None lr=0.000161227
2026-09-30 22:54:06,789 step=16220 train=2.21372 val=None lr=0.000161088
2026-09-30 22:54:07,632 step=16230 train=2.26107 val=None lr=0.00016095
2026-09-30 22:54:08,498 step=16240 train=2.50265 val=None lr=0.000160811
2026-09-30 22:54:09,206 step=16250 train=2.34544 val=None lr=0.000160673
2026-09-30 22:54:09,854 step=16260 train=2.11223 val=None lr=0.000160535
2026-09-30 22:54:10,828 step=16270 train=2.23456 val=None lr=0.000160396
2026-09-30 22:54:11,734 step=16280 train=2.46890 val=None lr=0.000160258
2026-09-30 22:54:12,405 step=16290 train=2.59700 val=None lr=0.000160119
2026-09-30 22:54:11,057 step=16300 train=2.32997 val=2.2791277170181274 lr=0.000159981
2026-09-30 22:54:11,771 step=16310 train=2.24938 val=None lr=0.000159843
2026-09-30 22:54:12,493 step=16320 train=2.68903 val=None lr=0.000159704
2026-09-30 22:54:13,240 step=16330 train=2.38892 val=None lr=0.000159566
2026-09-30 22:54:14,298 step=16340 train=2.11061 val=None lr=0.000159428
2026-09-30 22:54:15,137 step=16350 train=2.35471 val=None lr=0.000159289
2026-09-30 22:54:15,827 step=16360 train=2.34394 val=None lr=0.000159151
2026-09-30 22:54:16,629 step=16370 train=2.25404 val=None lr=0.000159012
2026-09-30 22:54:17,517 step=16380 train=2.23750 val=None lr=0.000158874
2026-09-30 22:54:18,383 step=16390 train=2.06667 val=None lr=0.000158736
2026-09-30 22:54:19,635 step=16400 train=2.23631 val=2.2744202613830566 lr=0.000158597
2026-09-30 22:54:20,400 step=16410 train=2.59914 val=None lr=0.000158459
2026-09-30 22:54:21,152 step=16420 train=2.13979 val=None lr=0.000158321
2026-09-30 22:54:21,961 step=16430 train=2.43285 val=None lr=0.000158182
2026-09-30 22:54:22,657 step=16440 train=2.07118 val=None lr=0.000158044
2026-09-30 22:54:23,584 step=16450 train=2.22064 val=None lr=0.000157906
2026-09-30 22:54:24,367 step=16460 train=2.15422 val=None lr=0.000157768
2026-09-30 22:54:25,145 step=16470 train=2.35541 val=None lr=0.000157629
2026-09-30 22:54:25,968 step=16480 train=2.19274 val=None lr=0.000157491
2026-09-30 22:54:27,000 step=16490 train=2.30683 val=None lr=0.000157353
2026-09-30 22:54:28,260 step=16500 train=2.32448 val=2.2741528511047364 lr=0.000157214
2026-09-30 22:54:29,629 step=16510 train=2.35017 val=None lr=0.000157076
2026-09-30 22:54:30,413 step=16520 train=2.12679 val=None lr=0.000156938
2026-09-30 22:54:31,152 step=16530 train=2.32844 val=None lr=0.0001568
2026-09-30 22:54:31,861 step=16540 train=2.42711 val=None lr=0.000156661
2026-09-30 22:54:32,717 step=16550 train=2.43716 val=None lr=0.000156523
2026-09-30 22:54:33,483 step=16560 train=2.34061 val=None lr=0.000156385
2026-09-30 22:54:34,198 step=16570 train=2.28328 val=None lr=0.000156247
2026-09-30 22:54:34,964 step=16580 train=2.15903 val=None lr=0.000156109
2026-09-30 22:54:35,658 step=16590 train=2.70291 val=None lr=0.00015597
2026-09-30 22:54:37,068 step=16600 train=2.26683 val=2.2710402846336364 lr=0.000155832
2026-09-30 22:54:37,758 step=16610 train=2.21064 val=None lr=0.000155694
2026-09-30 22:54:38,724 step=16620 train=2.50078 val=None lr=0.000155556
2026-09-30 22:54:39,524 step=16630 train=2.27531 val=None lr=0.000155418
2026-09-30 22:54:40,224 step=16640 train=2.42451 val=None lr=0.00015528
2026-09-30 22:54:41,123 step=16650 train=2.63401 val=None lr=0.000155142
2026-09-30 22:54:41,891 step=16660 train=1.97181 val=None lr=0.000155004
2026-09-30 22:54:42,623 step=16670 train=2.46716 val=None lr=0.000154865
2026-09-30 22:54:43,337 step=16680 train=2.09033 val=None lr=0.000154727
2026-09-30 22:54:41,549 step=16690 train=2.46837 val=None lr=0.000154589
2026-09-30 22:54:42,869 step=16700 train=2.40702 val=2.2679544925689696 lr=0.000154451
2026-09-30 22:54:43,608 step=16710 train=2.29718 val=None lr=0.000154313
2026-09-30 22:54:44,396 step=16720 train=2.57137 val=None lr=0.000154175
2026-09-30 22:54:45,203 step=16730 train=2.45928 val=None lr=0.000154037
2026-09-30 22:54:45,881 step=16740 train=2.25739 val=None lr=0.000153899
2026-09-30 22:54:46,573 step=16750 train=2.38271 val=None lr=0.000153761
2026-09-30 22:54:47,311 step=16760 train=2.63155 val=None lr=0.000153623
2026-09-30 22:54:48,101 step=16770 train=2.46162 val=None lr=0.000153485
2026-09-30 22:54:48,965 step=16780 train=2.48882 val=None lr=0.000153347
2026-09-30 22:54:49,755 step=16790 train=2.35321 val=None lr=0.000153209
2026-09-30 22:54:51,108 step=16800 train=2.23718 val=2.265992081165314 lr=0.000153071
2026-09-30 22:54:51,819 step=16810 train=2.01775 val=None lr=0.000152933
2026-09-30 22:54:52,503 step=16820 train=2.40404 val=None lr=0.000152795
2026-09-30 22:54:53,206 step=16830 train=2.57707 val=None lr=0.000152657
2026-09-30 22:54:53,891 step=16840 train=2.27750 val=None lr=0.000152519
2026-09-30 22:54:54,656 step=16850 train=2.27557 val=None lr=0.000152382
2026-09-30 22:54:55,312 step=16860 train=2.09274 val=None lr=0.000152244
2026-09-30 22:54:56,037 step=16870 train=2.46108 val=None lr=0.000152106
2026-09-30 22:54:56,867 step=16880 train=2.26256 val=None lr=0.000151968
2026-09-30 22:54:57,575 step=16890 train=2.19628 val=None lr=0.00015183
2026-09-30 22:54:58,870 step=16900 train=2.52629 val=2.267254376411438 lr=0.000151692
2026-09-30 22:54:59,581 step=16910 train=2.37893 val=None lr=0.000151555
2026-09-30 22:55:00,342 step=16920 train=2.01197 val=None lr=0.000151417
2026-09-30 22:55:01,089 step=16930 train=2.14616 val=None lr=0.000151279
2026-09-30 22:55:02,176 step=16940 train=2.18313 val=None lr=0.000151141
2026-09-30 22:55:03,118 step=16950 train=2.68399 val=None lr=0.000151003
2026-09-30 22:55:04,137 step=16960 train=2.52005 val=None lr=0.000150866
2026-09-30 22:55:05,157 step=16970 train=2.29509 val=None lr=0.000150728
2026-09-30 22:55:05,889 step=16980 train=2.40391 val=None lr=0.00015059
2026-09-30 22:55:06,612 step=16990 train=2.28546 val=None lr=0.000150453
2026-09-30 22:55:08,061 step=17000 train=2.66093 val=2.264727437496185 lr=0.000150315
2026-09-30 22:55:09,622 step=17010 train=2.22207 val=None lr=0.000150177
2026-09-30 22:55:10,353 step=17020 train=2.23468 val=None lr=0.00015004
2026-09-30 22:55:11,318 step=17030 train=2.37005 val=None lr=0.000149902
2026-09-30 22:55:12,143 step=17040 train=2.38797 val=None lr=0.000149764
2026-09-30 22:55:12,946 step=17050 train=2.20648 val=None lr=0.000149627
2026-09-30 22:55:13,677 step=17060 train=2.36461 val=None lr=0.000149489
2026-09-30 22:55:11,756 step=17070 train=2.44613 val=None lr=0.000149352
2026-09-30 22:55:12,449 step=17080 train=2.24914 val=None lr=0.000149214
2026-09-30 22:55:13,207 step=17090 train=2.29017 val=None lr=0.000149077
2026-09-30 22:55:14,392 step=17100 train=2.35935 val=2.2601566553115844 lr=0.000148939
2026-09-30 22:55:15,158 step=17110 train=2.14857 val=None lr=0.000148802
2026-09-30 22:55:16,108 step=17120 train=2.26478 val=None lr=0.000148664
2026-09-30 22:55:16,873 step=17130 train=2.47251 val=None lr=0.000148527
2026-09-30 22:55:17,800 step=17140 train=2.24135 val=None lr=0.000148389
2026-09-30 22:55:18,535 step=17150 train=2.34067 val=None lr=0.000148252
2026-09-30 22:55:19,370 step=17160 train=2.32221 val=None lr=0.000148114
2026-09-30 22:55:20,212 step=17170 train=2.52791 val=None lr=0.000147977
2026-09-30 22:55:21,192 step=17180 train=2.27931 val=None lr=0.00014784
2026-09-30 22:55:21,976 step=17190 train=2.39743 val=None lr=0.000147702
2026-09-30 22:55:23,315 step=17200 train=2.21708 val=2.2591739892959595 lr=0.000147565
2026-09-30 22:55:24,113 step=17210 train=2.22561 val=None lr=0.000147428
2026-09-30 22:55:24,940 step=17220 train=2.14509 val=None lr=0.00014729
2026-09-30 22:55:25,715 step=17230 train=2.70704 val=None lr=0.000147153
2026-09-30 22:55:26,498 step=17240 train=2.50284 val=None lr=0.000147016
2026-09-30 22:55:27,307 step=17250 train=2.38050 val=None lr=0.000146879
2026-09-30 22:55:28,005 step=17260 train=2.45274 val=None lr=0.000146741
2026-09-30 22:55:28,854 step=17270 train=2.25332 val=None lr=0.000146604
2026-09-30 22:55:29,956 step=17280 train=2.36153 val=None lr=0.000146467
2026-09-30 22:55:30,849 step=17290 train=2.42295 val=None lr=0.00014633
2026-09-30 22:55:32,224 step=17300 train=2.11093 val=2.255785059928894 lr=0.000146193
2026-09-30 22:55:32,942 step=17310 train=2.46667 val=None lr=0.000146055
2026-09-30 22:55:33,769 step=17320 train=2.23510 val=None lr=0.000145918
2026-09-30 22:55:34,509 step=17330 train=2.29663 val=None lr=0.000145781
2026-09-30 22:55:35,289 step=17340 train=2.15467 val=None lr=0.000145644
2026-09-30 22:55:35,966 step=17350 train=2.44808 val=None lr=0.000145507
2026-09-30 22:55:36,694 step=17360 train=2.26777 val=None lr=0.00014537
2026-09-30 22:55:37,441 step=17370 train=2.53135 val=None lr=0.000145233
2026-09-30 22:55:38,161 step=17380 train=1.92554 val=None lr=0.000145096
2026-09-30 22:55:38,972 step=17390 train=2.53975 val=None lr=0.000144959
2026-09-30 22:55:40,302 step=17400 train=2.28031 val=2.253591501712799 lr=0.000144822
2026-09-30 22:55:41,019 step=17410 train=2.28564 val=None lr=0.000144685
2026-09-30 22:55:41,837 step=17420 train=2.21733 val=None lr=0.000144548
2026-09-30 22:55:42,594 step=17430 train=2.21236 val=None lr=0.000144412
2026-09-30 22:55:43,358 step=17440 train=2.30869 val=None lr=0.000144275
2026-09-30 22:55:41,628 step=17450 train=2.47639 val=None lr=0.000144138
2026-09-30 22:55:42,472 step=17460 train=2.53877 val=None lr=0.000144001
2026-09-30 22:55:43,250 step=17470 train=2.25694 val=None lr=0.000143864
2026-09-30 22:55:44,079 step=17480 train=2.32019 val=None lr=0.000143727
2026-09-30 22:55:44,831 step=17490 train=2.34466 val=None lr=0.000143591
2026-09-30 22:55:45,918 step=17500 train=2.16768 val=2.254747545719147 lr=0.000143454
2026-09-30 22:55:47,380 step=17510 train=1.95324 val=None lr=0.000143317
2026-09-30 22:55:48,090 step=17520 train=2.30377 val=None lr=0.000143181
2026-09-30 22:55:49,143 step=17530 train=2.09657 val=None lr=0.000143044
2026-09-30 22:55:49,857 step=17540 train=2.09573 val=None lr=0.000142907
2026-09-30 22:55:50,795 step=17550 train=2.24923 val=None lr=0.000142771
2026-09-30 22:55:51,600 step=17560 train=2.34858 val=None lr=0.000142634
2026-09-30 22:55:52,276 step=17570 train=1.99928 val=None lr=0.000142498
2026-09-30 22:55:52,939 step=17580 train=2.47347 val=None lr=0.000142361
2026-09-30 22:55:53,669 step=17590 train=2.41030 val=None lr=0.000142225
2026-09-30 22:55:54,980 step=17600 train=2.20349 val=2.2518117785453797 lr=0.000142088
2026-09-30 22:55:55,667 step=17610 train=2.20593 val=None lr=0.000141952
2026-09-30 22:55:56,423 step=17620 train=2.17635 val=None lr=0.000141815
2026-09-30 22:55:57,188 step=17630 train=2.06076 val=None lr=0.000141679
2026-09-30 22:55:58,084 step=17640 train=2.31206 val=None lr=0.000141542
2026-09-30 22:55:58,776 step=17650 train=2.24958 val=None lr=0.000141406
2026-09-30 22:55:59,488 step=17660 train=2.42753 val=None lr=0.00014127
2026-09-30 22:56:00,403 step=17670 train=2.12261 val=None lr=0.000141133
2026-09-30 22:56:01,112 step=17680 train=2.12259 val=None lr=0.000140997
2026-09-30 22:56:01,888 step=17690 train=2.22526 val=None lr=0.000140861
2026-09-30 22:56:03,401 step=17700 train=2.70943 val=2.2473006725311278 lr=0.000140725
2026-09-30 22:56:04,133 step=17710 train=2.39014 val=None lr=0.000140588
2026-09-30 22:56:04,910 step=17720 train=2.70292 val=None lr=0.000140452
2026-09-30 22:56:05,601 step=17730 train=2.37981 val=None lr=0.000140316
2026-09-30 22:56:06,280 step=17740 train=2.62956 val=None lr=0.00014018
2026-09-30 22:56:06,992 step=17750 train=2.30376 val=None lr=0.000140044
2026-09-30 22:56:07,772 step=17760 train=1.99435 val=None lr=0.000139908
2026-09-30 22:56:08,479 step=17770 train=2.36224 val=None lr=0.000139772
2026-09-30 22:56:09,278 step=17780 train=2.45112 val=None lr=0.000139636
2026-09-30 22:56:09,970 step=17790 train=2.29413 val=None lr=0.0001395
2026-09-30 22:56:11,491 step=17800 train=2.37038 val=2.2437013149261475 lr=0.000139364
2026-09-30 22:56:12,131 step=17810 train=2.44201 val=None lr=0.000139228
2026-09-30 22:56:12,968 step=17820 train=2.45706 val=None lr=0.000139092
2026-09-30 22:56:11,340 step=17830 train=2.61332 val=None lr=0.000138956
2026-09-30 22:56:12,097 step=17840 train=2.48049 val=None lr=0.00013882
2026-09-30 22:56:12,805 step=17850 train=2.49717 val=None lr=0.000138684
2026-09-30 22:56:13,584 step=17860 train=2.39971 val=None lr=0.000138548
2026-09-30 22:56:14,379 step=17870 train=1.94054 val=None lr=0.000138412
2026-09-30 22:56:15,059 step=17880 train=2.16031 val=None lr=0.000138277
2026-09-30 22:56:15,755 step=17890 train=2.38370 val=None lr=0.000138141
2026-09-30 22:56:16,830 step=17900 train=2.39520 val=2.2452563047409058 lr=0.000138005
2026-09-30 22:56:17,651 step=17910 train=2.23147 val=None lr=0.00013787
2026-09-30 22:56:18,400 step=17920 train=2.12406 val=None lr=0.000137734
2026-09-30 22:56:19,262 step=17930 train=2.32118 val=None lr=0.000137598
2026-09-30 22:56:19,974 step=17940 train=2.60296 val=None lr=0.000137463
2026-09-30 22:56:20,712 step=17950 train=2.21193 val=None lr=0.000137327
2026-09-30 22:56:21,452 step=17960 train=2.11651 val=None lr=0.000137192
2026-09-30 22:56:22,102 step=17970 train=2.32427 val=None lr=0.000137056
2026-09-30 22:56:22,798 step=17980 train=2.34029 val=None lr=0.000136921
2026-09-30 22:56:23,479 step=17990 train=2.37583 val=None lr=0.000136785
2026-09-30 22:56:24,873 step=18000 train=2.40459 val=2.2405924081802366 lr=0.00013665
2026-09-30 22:56:26,160 step=18010 train=2.41209 val=None lr=0.000136514
2026-09-30 22:56:26,897 step=18020 train=2.21547 val=None lr=0.000136379
2026-09-30 22:56:27,596 step=18030 train=2.09411 val=None lr=0.000136244
2026-09-30 22:56:28,299 step=18040 train=2.42879 val=None lr=0.000136108
2026-09-30 22:56:29,009 step=18050 train=2.34980 val=None lr=0.000135973
2026-09-30 22:56:29,766 step=18060 train=2.19816 val=None lr=0.000135838
2026-09-30 22:56:30,494 step=18070 train=2.46721 val=None lr=0.000135703
2026-09-30 22:56:31,171 step=18080 train=2.22918 val=None lr=0.000135568
2026-09-30 22:56:31,942 step=18090 train=2.34221 val=None lr=0.000135432
2026-09-30 22:56:33,166 step=18100 train=2.13597 val=2.2369035482406616 lr=0.000135297
2026-09-30 22:56:33,936 step=18110 train=2.74553 val=None lr=0.000135162
2026-09-30 22:56:34,669 step=18120 train=2.58405 val=None lr=0.000135027
2026-09-30 22:56:35,387 step=18130 train=2.21003 val=None lr=0.000134892
2026-09-30 22:56:36,097 step=18140 train=2.03726 val=None lr=0.000134757
2026-09-30 22:56:36,855 step=18150 train=2.60823 val=None lr=0.000134622
2026-09-30 22:56:37,601 step=18160 train=2.36634 val=None lr=0.000134487
2026-09-30 22:56:38,351 step=18170 train=2.37681 val=None lr=0.000134352
2026-09-30 22:56:39,061 step=18180 train=2.21000 val=None lr=0.000134218
2026-09-30 22:56:39,906 step=18190 train=2.52776 val=None lr=0.000134083
2026-09-30 22:56:41,154 step=18200 train=2.34959 val=2.235684263706207 lr=0.000133948
2026-09-30 22:56:42,005 step=18210 train=2.21902 val=None lr=0.000133813
2026-09-30 22:56:42,763 step=18220 train=2.06711 val=None lr=0.000133678
2026-09-30 22:56:43,479 step=18230 train=2.23518 val=None lr=0.000133544
2026-09-30 22:56:41,713 step=18240 train=2.35406 val=None lr=0.000133409
2026-09-30 22:56:42,492 step=18250 train=2.42337 val=None lr=0.000133275
2026-09-30 22:56:43,245 step=18260 train=2.34541 val=None lr=0.00013314
2026-09-30 22:56:44,054 step=18270 train=2.47564 val=None lr=0.000133005
2026-09-30 22:56:44,845 step=18280 train=2.10752 val=None lr=0.000132871
2026-09-30 22:56:45,629 step=18290 train=2.24414 val=None lr=0.000132736
2026-09-30 22:56:46,818 step=18300 train=2.34982 val=2.235923159122467 lr=0.000132602
2026-09-30 22:56:47,571 step=18310 train=2.15815 val=None lr=0.000132467
2026-09-30 22:56:48,365 step=18320 train=2.49802 val=None lr=0.000132333
2026-09-30 22:56:49,075 step=18330 train=2.44496 val=None lr=0.000132199
2026-09-30 22:56:49,802 step=18340 train=2.32686 val=None lr=0.000132064
2026-09-30 22:56:50,511 step=18350 train=2.20140 val=None lr=0.00013193
2026-09-30 22:56:51,185 step=18360 train=2.29991 val=None lr=0.000131796
2026-09-30 22:56:51,948 step=18370 train=2.25707 val=None lr=0.000131662
2026-09-30 22:56:52,668 step=18380 train=2.36477 val=None lr=0.000131527
2026-09-30 22:56:53,388 step=18390 train=2.58263 val=None lr=0.000131393
2026-09-30 22:56:54,704 step=18400 train=2.26656 val=2.2350645542144774 lr=0.000131259
2026-09-30 22:56:55,583 step=18410 train=2.18521 val=None lr=0.000131125
2026-09-30 22:56:56,425 step=18420 train=2.26174 val=None lr=0.000130991
2026-09-30 22:56:57,166 step=18430 train=2.46903 val=None lr=0.000130857
2026-09-30 22:56:57,846 step=18440 train=2.42919 val=None lr=0.000130723
2026-09-30 22:56:58,590 step=18450 train=2.43745 val=None lr=0.000130589
2026-09-30 22:56:59,417 step=18460 train=2.05417 val=None lr=0.000130455
2026-09-30 22:57:00,186 step=18470 train=1.96461 val=None lr=0.000130321
2026-09-30 22:57:00,961 step=18480 train=2.23450 val=None lr=0.000130188
2026-09-30 22:57:01,639 step=18490 train=2.25029 val=None lr=0.000130054
2026-09-30 22:57:03,072 step=18500 train=2.14631 val=2.228844332695007 lr=0.00012992
2026-09-30 22:57:04,453 step=18510 train=2.26461 val=None lr=0.000129786
2026-09-30 22:57:05,244 step=18520 train=2.19385 val=None lr=0.000129653
2026-09-30 22:57:06,007 step=18530 train=2.34837 val=None lr=0.000129519
2026-09-30 22:57:06,804 step=18540 train=2.39586 val=None lr=0.000129385
2026-09-30 22:57:07,547 step=18550 train=2.30822 val=None lr=0.000129252
2026-09-30 22:57:08,313 step=18560 train=1.90694 val=None lr=0.000129118
2026-09-30 22:57:09,088 step=18570 train=2.47503 val=None lr=0.000128985
2026-09-30 22:57:09,825 step=18580 train=2.35523 val=None lr=0.000128851
2026-09-30 22:57:10,560 step=18590 train=2.01416 val=None lr=0.000128718
2026-09-30 22:57:11,893 step=18600 train=2.42506 val=2.230528473854065 lr=0.000128585
2026-09-30 22:57:12,590 step=18610 train=2.28819 val=None lr=0.000128451
2026-09-30 22:57:13,288 step=18620 train=2.26571 val=None lr=0.000128318
2026-09-30 22:57:11,673 step=18630 train=2.23364 val=None lr=0.000128185
2026-09-30 22:57:12,324 step=18640 train=2.00521 val=None lr=0.000128052
2026-09-30 22:57:13,166 step=18650 train=2.67138 val=None lr=0.000127918
2026-09-30 22:57:13,955 step=18660 train=2.15743 val=None lr=0.000127785
2026-09-30 22:57:14,671 step=18670 train=2.22583 val=None lr=0.000127652
2026-09-30 22:57:15,340 step=18680 train=2.56162 val=None lr=0.000127519
2026-09-30 22:57:15,998 step=18690 train=2.30590 val=None lr=0.000127386
2026-09-30 22:57:17,270 step=18700 train=2.40218 val=2.2279444456100466 lr=0.000127253
2026-09-30 22:57:17,944 step=18710 train=2.09567 val=None lr=0.00012712
2026-09-30 22:57:18,664 step=18720 train=2.53629 val=None lr=0.000126987
2026-09-30 22:57:19,374 step=18730 train=2.19886 val=None lr=0.000126854
2026-09-30 22:57:20,052 step=18740 train=2.31644 val=None lr=0.000126722
2026-09-30 22:57:21,009 step=18750 train=2.07887 val=None lr=0.000126589
2026-09-30 22:57:21,760 step=18760 train=2.39572 val=None lr=0.000126456
2026-09-30 22:57:22,412 step=18770 train=2.16019 val=None lr=0.000126323
2026-09-30 22:57:23,175 step=18780 train=2.29980 val=None lr=0.000126191
2026-09-30 22:57:23,837 step=18790 train=2.34991 val=None lr=0.000126058
2026-09-30 22:57:24,870 step=18800 train=2.16612 val=2.2280531227588654 lr=0.000125925
2026-09-30 22:57:25,594 step=18810 train=2.08317 val=None lr=0.000125793
2026-09-30 22:57:26,296 step=18820 train=2.25023 val=None lr=0.00012566
2026-09-30 22:57:27,090 step=18830 train=2.39674 val=None lr=0.000125528
2026-09-30 22:57:27,790 step=18840 train=2.16292 val=None lr=0.000125396
2026-09-30 22:57:28,527 step=18850 train=2.20179 val=None lr=0.000125263
2026-09-30 22:57:29,223 step=18860 train=2.14056 val=None lr=0.000125131
2026-09-30 22:57:29,965 step=18870 train=2.29455 val=None lr=0.000124999
2026-09-30 22:57:30,691 step=18880 train=2.33745 val=None lr=0.000124866
2026-09-30 22:57:31,464 step=18890 train=2.34566 val=None lr=0.000124734
2026-09-30 22:57:32,753 step=18900 train=2.03843 val=2.221965754032135 lr=0.000124602
2026-09-30 22:57:33,631 step=18910 train=2.28396 val=None lr=0.00012447
2026-09-30 22:57:34,439 step=18920 train=2.31550 val=None lr=0.000124338
2026-09-30 22:57:35,244 step=18930 train=2.49987 val=None lr=0.000124206
2026-09-30 22:57:35,971 step=18940 train=2.41790 val=None lr=0.000124074
2026-09-30 22:57:36,734 step=18950 train=2.08681 val=None lr=0.000123942
2026-09-30 22:57:37,501 step=18960 train=2.39563 val=None lr=0.00012381
2026-09-30 22:57:38,345 step=18970 train=2.12312 val=None lr=0.000123678
2026-09-30 22:57:39,090 step=18980 train=2.26305 val=None lr=0.000123546
2026-09-30 22:57:40,010 step=18990 train=2.16776 val=None lr=0.000123414
2026-09-30 22:57:41,242 step=19000 train=2.51137 val=2.2228321492671967 lr=0.000123283
2026-09-30 22:57:42,676 step=19010 train=2.62211 val=None lr=0.000123151
2026-09-30 22:57:43,522 step=19020 train=2.13475 val=None lr=0.000123019
2026-09-30 22:57:41,747 step=19030 train=2.48585 val=None lr=0.000122888
2026-09-30 22:57:42,640 step=19040 train=2.33446 val=None lr=0.000122756
2026-09-30 22:57:43,473 step=19050 train=2.27779 val=None lr=0.000122625
2026-09-30 22:57:44,251 step=19060 train=2.42412 val=None lr=0.000122493
2026-09-30 22:57:44,993 step=19070 train=2.16569 val=None lr=0.000122362
2026-09-30 22:57:45,913 step=19080 train=2.57696 val=None lr=0.00012223
2026-09-30 22:57:46,715 step=19090 train=2.11817 val=None lr=0.000122099
2026-09-30 22:57:47,991 step=19100 train=2.39338 val=2.2155768811702727 lr=0.000121968
2026-09-30 22:57:48,759 step=19110 train=2.35050 val=None lr=0.000121837
2026-09-30 22:57:49,651 step=19120 train=2.22153 val=None lr=0.000121705
2026-09-30 22:57:50,689 step=19130 train=2.28960 val=None lr=0.000121574
2026-09-30 22:57:51,406 step=19140 train=2.21922 val=None lr=0.000121443
2026-09-30 22:57:52,212 step=19150 train=2.29166 val=None lr=0.000121312
2026-09-30 22:57:52,961 step=19160 train=2.18696 val=None lr=0.000121181
2026-09-30 22:57:53,771 step=19170 train=2.30261 val=None lr=0.00012105
2026-09-30 22:57:54,603 step=19180 train=2.50417 val=None lr=0.000120919
2026-09-30 22:57:55,614 step=19190 train=2.29184 val=None lr=0.000120788
2026-09-30 22:57:56,773 step=19200 train=2.29568 val=2.2173326194286345 lr=0.000120657
2026-09-30 22:57:57,686 step=19210 train=2.32233 val=None lr=0.000120527
2026-09-30 22:57:58,622 step=19220 train=2.17594 val=None lr=0.000120396
2026-09-30 22:57:59,267 step=19230 train=2.35303 val=None lr=0.000120265
2026-09-30 22:57:59,962 step=19240 train=2.16108 val=None lr=0.000120135
2026-09-30 22:58:00,784 step=19250 train=2.24077 val=None lr=0.000120004
2026-09-30 22:58:01,609 step=19260 train=2.22950 val=None lr=0.000119874
2026-09-30 22:58:02,503 step=19270 train=2.44095 val=None lr=0.000119743
2026-09-30 22:58:03,223 step=19280 train=2.43120 val=None lr=0.000119613
2026-09-30 22:58:04,079 step=19290 train=2.38726 val=None lr=0.000119482
2026-09-30 22:58:05,353 step=19300 train=2.07815 val=2.2137555301189424 lr=0.000119352
2026-09-30 22:58:06,229 step=19310 train=2.67039 val=None lr=0.000119222
2026-09-30 22:58:07,099 step=19320 train=2.61019 val=None lr=0.000119091
2026-09-30 22:58:07,873 step=19330 train=2.13277 val=None lr=0.000118961
2026-09-30 22:58:08,589 step=19340 train=2.19615 val=None lr=0.000118831
2026-09-30 22:58:09,330 step=19350 train=2.28269 val=None lr=0.000118701
2026-09-30 22:58:10,055 step=19360 train=2.20224 val=None lr=0.000118571
2026-09-30 22:58:10,803 step=19370 train=2.18498 val=None lr=0.000118441
2026-09-30 22:58:11,578 step=19380 train=2.12150 val=None lr=0.000118311
2026-09-30 22:58:12,408 step=19390 train=2.48608 val=None lr=0.000118181
2026-09-30 22:58:13,680 step=19400 train=2.13345 val=2.2138763308525085 lr=0.000118051
2026-09-30 22:58:12,045 step=19410 train=2.01774 val=None lr=0.000117921
2026-09-30 22:58:12,750 step=19420 train=2.20423 val=None lr=0.000117791
2026-09-30 22:58:13,429 step=19430 train=2.00913 val=None lr=0.000117662
2026-09-30 22:58:14,185 step=19440 train=2.44240 val=None lr=0.000117532
2026-09-30 22:58:14,939 step=19450 train=2.26500 val=None lr=0.000117402
2026-09-30 22:58:15,855 step=19460 train=2.53192 val=None lr=0.000117273
2026-09-30 22:58:16,790 step=19470 train=2.32839 val=None lr=0.000117143
2026-09-30 22:58:17,480 step=19480 train=2.10478 val=None lr=0.000117014
2026-09-30 22:58:18,117 step=19490 train=2.27065 val=None lr=0.000116884
2026-09-30 22:58:19,374 step=19500 train=2.16052 val=2.2119400024414064 lr=0.000116755
2026-09-30 22:58:20,638 step=19510 train=2.55549 val=None lr=0.000116626
2026-09-30 22:58:21,441 step=19520 train=2.27423 val=None lr=0.000116496
2026-09-30 22:58:22,189 step=19530 train=2.28473 val=None lr=0.000116367
2026-09-30 22:58:22,968 step=19540 train=2.10361 val=None lr=0.000116238
2026-09-30 22:58:23,728 step=19550 train=1.94592 val=None lr=0.000116109
2026-09-30 22:58:24,475 step=19560 train=2.32792 val=None lr=0.00011598
2026-09-30 22:58:25,260 step=19570 train=2.13218 val=None lr=0.000115851
2026-09-30 22:58:26,058 step=19580 train=2.17753 val=None lr=0.000115722
2026-09-30 22:58:26,833 step=19590 train=1.96704 val=None lr=0.000115593
2026-09-30 22:58:28,199 step=19600 train=2.31423 val=2.2071064829826357 lr=0.000115464
2026-09-30 22:58:29,068 step=19610 train=2.12461 val=None lr=0.000115335
2026-09-30 22:58:29,902 step=19620 train=2.26839 val=None lr=0.000115207
2026-09-30 22:58:30,576 step=19630 train=2.07174 val=None lr=0.000115078
2026-09-30 22:58:31,418 step=19640 train=2.02128 val=None lr=0.000114949
2026-09-30 22:58:32,149 step=19650 train=2.30934 val=None lr=0.000114821
2026-09-30 22:58:32,835 step=19660 train=2.37336 val=None lr=0.000114692
2026-09-30 22:58:33,578 step=19670 train=2.29029 val=None lr=0.000114564
2026-09-30 22:58:34,312 step=19680 train=2.43674 val=None lr=0.000114435
2026-09-30 22:58:35,036 step=19690 train=1.96014 val=None lr=0.000114307
2026-09-30 22:58:36,290 step=19700 train=2.34230 val=2.207823395729065 lr=0.000114179
2026-09-30 22:58:37,097 step=19710 train=2.34953 val=None lr=0.00011405
2026-09-30 22:58:37,924 step=19720 train=2.23061 val=None lr=0.000113922
2026-09-30 22:58:38,711 step=19730 train=2.42233 val=None lr=0.000113794
2026-09-30 22:58:39,442 step=19740 train=2.27630 val=None lr=0.000113666
2026-09-30 22:58:40,267 step=19750 train=2.31928 val=None lr=0.000113538
2026-09-30 22:58:40,998 step=19760 train=2.28185 val=None lr=0.00011341
2026-09-30 22:58:41,899 step=19770 train=2.36279 val=None lr=0.000113282
2026-09-30 22:58:42,626 step=19780 train=2.09496 val=None lr=0.000113154
2026-09-30 22:58:43,376 step=19790 train=2.10380 val=None lr=0.000113026
2026-09-30 22:58:42,054 step=19800 train=2.45664 val=2.2005904376506806 lr=0.000112898
2026-09-30 22:58:42,675 step=19810 train=2.29584 val=None lr=0.000112771
2026-09-30 22:58:43,368 step=19820 train=1.98771 val=None lr=0.000112643
2026-09-30 22:58:44,100 step=19830 train=2.24615 val=None lr=0.000112515
2026-09-30 22:58:44,994 step=19840 train=2.28690 val=None lr=0.000112388
2026-09-30 22:58:45,842 step=19850 train=2.10266 val=None lr=0.00011226
2026-09-30 22:58:46,578 step=19860 train=2.31364 val=None lr=0.000112133
2026-09-30 22:58:47,442 step=19870 train=2.15690 val=None lr=0.000112005
2026-09-30 22:58:48,243 step=19880 train=2.51725 val=None lr=0.000111878
2026-09-30 22:58:48,901 step=19890 train=1.99256 val=None lr=0.000111751
2026-09-30 22:58:50,293 step=19900 train=2.19393 val=2.2012230515480042 lr=0.000111623
2026-09-30 22:58:51,018 step=19910 train=2.28195 val=None lr=0.000111496
2026-09-30 22:58:51,787 step=19920 train=2.25998 val=None lr=0.000111369
2026-09-30 22:58:52,493 step=19930 train=2.12668 val=None lr=0.000111242
2026-09-30 22:58:53,322 step=19940 train=2.24766 val=None lr=0.000111115
2026-09-30 22:58:54,192 step=19950 train=2.27432 val=None lr=0.000110988
2026-09-30 22:58:55,191 step=19960 train=2.21273 val=None lr=0.000110861
2026-09-30 22:58:55,927 step=19970 train=2.02889 val=None lr=0.000110734
2026-09-30 22:58:56,656 step=19980 train=2.30042 val=None lr=0.000110608
2026-09-30 22:58:57,371 step=19990 train=2.20219 val=None lr=0.000110481
2026-09-30 22:58:58,422 step=20000 train=2.16974 val=2.204496663808823 lr=0.000110354
2026-09-30 22:58:59,602 step=20010 train=2.26063 val=None lr=0.000110228
2026-09-30 22:59:00,365 step=20020 train=2.04546 val=None lr=0.000110101
2026-09-30 22:59:01,036 step=20030 train=2.14118 val=None lr=0.000109975
2026-09-30 22:59:02,054 step=20040 train=2.21917 val=None lr=0.000109848
2026-09-30 22:59:02,952 step=20050 train=2.21615 val=None lr=0.000109722
2026-09-30 22:59:03,715 step=20060 train=2.38900 val=None lr=0.000109595
2026-09-30 22:59:04,406 step=20070 train=2.31493 val=None lr=0.000109469
2026-09-30 22:59:05,119 step=20080 train=2.35100 val=None lr=0.000109343
2026-09-30 22:59:05,954 step=20090 train=2.41061 val=None lr=0.000109217
2026-09-30 22:59:07,076 step=20100 train=2.20667 val=2.202705705165863 lr=0.000109091
2026-09-30 22:59:07,823 step=20110 train=2.37372 val=None lr=0.000108965
2026-09-30 22:59:08,546 step=20120 train=2.47814 val=None lr=0.000108839
2026-09-30 22:59:09,233 step=20130 train=2.05147 val=None lr=0.000108713
2026-09-30 22:59:09,912 step=20140 train=2.16912 val=None lr=0.000108587
2026-09-30 22:59:10,687 step=20150 train=2.46303 val=None lr=0.000108461
2026-09-30 22:59:11,642 step=20160 train=2.23857 val=None lr=0.000108336
2026-09-30 22:59:12,315 step=20170 train=2.37986 val=None lr=0.00010821
2026-09-30 22:59:13,255 step=20180 train=2.28687 val=None lr=0.000108084
2026-09-30 22:59:11,460 step=20190 train=2.40696 val=None lr=0.000107959
2026-09-30 22:59:12,806 step=20200 train=2.34846 val=2.199285811185837 lr=0.000107833
2026-09-30 22:59:13,630 step=20210 train=2.15237 val=None lr=0.000107708
2026-09-30 22:59:14,438 step=20220 train=2.26207 val=None lr=0.000107582
2026-09-30 22:59:15,094 step=20230 train=2.37748 val=None lr=0.000107457
2026-09-30 22:59:15,928 step=20240 train=2.65771 val=None lr=0.000107332
2026-09-30 22:59:16,810 step=20250 train=2.14787 val=None lr=0.000107207
2026-09-30 22:59:17,534 step=20260 train=2.24466 val=None lr=0.000107082
2026-09-30 22:59:18,270 step=20270 train=1.96085 val=None lr=0.000106957
2026-09-30 22:59:18,994 step=20280 train=2.44563 val=None lr=0.000106832
2026-09-30 22:59:19,873 step=20290 train=2.20626 val=None lr=0.000106707
2026-09-30 22:59:21,319 step=20300 train=2.03745 val=2.199277287721634 lr=0.000106582
2026-09-30 22:59:22,024 step=20310 train=2.38396 val=None lr=0.000106457
2026-09-30 22:59:22,813 step=20320 train=2.30921 val=None lr=0.000106332
2026-09-30 22:59:23,538 step=20330 train=2.08331 val=None lr=0.000106207
2026-09-30 22:59:24,282 step=20340 train=2.47493 val=None lr=0.000106083
2026-09-30 22:59:25,098 step=20350 train=2.34811 val=None lr=0.000105958
2026-09-30 22:59:25,884 step=20360 train=2.16426 val=None lr=0.000105834
2026-09-30 22:59:26,703 step=20370 train=2.08719 val=None lr=0.000105709
2026-09-30 22:59:27,404 step=20380 train=2.30786 val=None lr=0.000105585
2026-09-30 22:59:28,349 step=20390 train=2.39299 val=None lr=0.000105461
2026-09-30 22:59:29,853 step=20400 train=2.40332 val=2.1975580990314483 lr=0.000105336
2026-09-30 22:59:30,890 step=20410 train=2.17124 val=None lr=0.000105212
2026-09-30 22:59:31,842 step=20420 train=1.90080 val=None lr=0.000105088
2026-09-30 22:59:32,520 step=20430 train=2.47306 val=None lr=0.000104964
2026-09-30 22:59:33,548 step=20440 train=2.19800 val=None lr=0.00010484
2026-09-30 22:59:34,188 step=20450 train=2.36648 val=None lr=0.000104716
2026-09-30 22:59:34,894 step=20460 train=2.15373 val=None lr=0.000104592
2026-09-30 22:59:35,574 step=20470 train=2.36913 val=None lr=0.000104468
2026-09-30 22:59:36,311 step=20480 train=2.12044 val=None lr=0.000104345
2026-09-30 22:59:37,063 step=20490 train=2.33898 val=None lr=0.000104221
2026-09-30 22:59:38,458 step=20500 train=2.23892 val=2.195706444978714 lr=0.000104097
2026-09-30 22:59:39,699 step=20510 train=2.14300 val=None lr=0.000103974
2026-09-30 22:59:40,422 step=20520 train=2.19851 val=None lr=0.00010385
2026-09-30 22:59:41,173 step=20530 train=2.36058 val=None lr=0.000103727
2026-09-30 22:59:41,934 step=20540 train=2.21334 val=None lr=0.000103603
2026-09-30 22:59:42,614 step=20550 train=2.22628 val=None lr=0.00010348
2026-09-30 22:59:43,291 step=20560 train=2.18893 val=None lr=0.000103357
2026-09-30 22:59:41,439 step=20570 train=2.51246 val=None lr=0.000103234
2026-09-30 22:59:42,126 step=20580 train=2.34318 val=None lr=0.000103111
2026-09-30 22:59:43,023 step=20590 train=2.43431 val=None lr=0.000102987
2026-09-30 22:59:44,416 step=20600 train=2.43792 val=2.1937344670295715 lr=0.000102864
2026-09-30 22:59:45,075 step=20610 train=2.29731 val=None lr=0.000102742
2026-09-30 22:59:45,817 step=20620 train=2.32477 val=None lr=0.000102619
2026-09-30 22:59:46,661 step=20630 train=2.08250 val=None lr=0.000102496
2026-09-30 22:59:47,304 step=20640 train=2.20576 val=None lr=0.000102373
2026-09-30 22:59:48,067 step=20650 train=2.30351 val=None lr=0.000102251
2026-09-30 22:59:48,812 step=20660 train=2.36323 val=None lr=0.000102128
2026-09-30 22:59:49,593 step=20670 train=2.43964 val=None lr=0.000102005
2026-09-30 22:59:50,293 step=20680 train=2.16347 val=None lr=0.000101883
2026-09-30 22:59:51,011 step=20690 train=2.34868 val=None lr=0.000101761
2026-09-30 22:59:52,286 step=20700 train=2.19354 val=2.1913547456264495 lr=0.000101638
2026-09-30 22:59:53,105 step=20710 train=2.29313 val=None lr=0.000101516
2026-09-30 22:59:53,905 step=20720 train=2.12923 val=None lr=0.000101394
2026-09-30 22:59:54,878 step=20730 train=2.27218 val=None lr=0.000101272
2026-09-30 22:59:55,568 step=20740 train=2.18495 val=None lr=0.00010115
2026-09-30 22:59:56,477 step=20750 train=2.46531 val=None lr=0.000101028
2026-09-30 22:59:57,180 step=20760 train=2.54629 val=None lr=0.000100906
2026-09-30 22:59:57,835 step=20770 train=2.37641 val=None lr=0.000100784
2026-09-30 22:59:58,533 step=20780 train=2.02809 val=None lr=0.000100662
2026-09-30 22:59:59,242 step=20790 train=2.46289 val=None lr=0.00010054
2026-09-30 23:00:00,583 step=20800 train=2.17568 val=2.1894363939762114 lr=0.000100419
2026-09-30 23:00:01,245 step=20810 train=2.27078 val=None lr=0.000100297
2026-09-30 23:00:01,995 step=20820 train=2.35235 val=None lr=0.000100176
2026-09-30 23:00:02,798 step=20830 train=2.46200 val=None lr=0.000100054
2026-09-30 23:00:03,604 step=20840 train=2.19971 val=None lr=9.99329e-05
2026-09-30 23:00:04,289 step=20850 train=1.92452 val=None lr=9.98116e-05
2026-09-30 23:00:05,129 step=20860 train=2.21939 val=None lr=9.96904e-05
2026-09-30 23:00:05,842 step=20870 train=2.04101 val=None lr=9.95692e-05
2026-09-30 23:00:06,629 step=20880 train=2.21451 val=None lr=9.94481e-05
2026-09-30 23:00:07,288 step=20890 train=2.32126 val=None lr=9.93271e-05
2026-09-30 23:00:08,480 step=20900 train=2.13918 val=2.1888781249523164 lr=9.92061e-05
2026-09-30 23:00:09,218 step=20910 train=2.30852 val=None lr=9.90852e-05
2026-09-30 23:00:09,941 step=20920 train=2.26596 val=None lr=9.89644e-05
2026-09-30 23:00:10,662 step=20930 train=2.29057 val=None lr=9.88436e-05
2026-09-30 23:00:11,390 step=20940 train=2.50827 val=None lr=9.8723e-05
2026-09-30 23:00:12,213 step=20950 train=2.29701 val=None lr=9.86024e-05
2026-09-30 23:00:13,189 step=20960 train=2.01763 val=None lr=9.84818e-05
2026-09-30 23:00:11,458 step=20970 train=2.14607 val=None lr=9.83613e-05
2026-09-30 23:00:12,176 step=20980 train=2.21910 val=None lr=9.82409e-05
2026-09-30 23:00:12,851 step=20990 train=2.82195 val=None lr=9.81206e-05
2026-09-30 23:00:14,202 step=21000 train=2.12566 val=2.18875076174736 lr=9.80003e-05
2026-09-30 23:00:15,558 step=21010 train=2.45142 val=None lr=9.78801e-05
2026-09-30 23:00:16,272 step=21020 train=2.16966 val=None lr=9.776e-05
2026-09-30 23:00:17,030 step=21030 train=2.66247 val=None lr=9.764e-05
2026-09-30 23:00:17,795 step=21040 train=1.94467 val=None lr=9.752e-05
2026-09-30 23:00:18,642 step=21050 train=2.40667 val=None lr=9.74001e-05
2026-09-30 23:00:19,342 step=21060 train=2.30791 val=None lr=9.72802e-05
2026-09-30 23:00:20,017 step=21070 train=2.24681 val=None lr=9.71605e-05
2026-09-30 23:00:20,757 step=21080 train=2.06657 val=None lr=9.70408e-05
2026-09-30 23:00:21,559 step=21090 train=2.10850 val=None lr=9.69212e-05
2026-09-30 23:00:22,871 step=21100 train=2.20541 val=2.184563022851944 lr=9.68016e-05
2026-09-30 23:00:23,680 step=21110 train=2.17951 val=None lr=9.66821e-05
2026-09-30 23:00:24,492 step=21120 train=2.25634 val=None lr=9.65627e-05
2026-09-30 23:00:25,441 step=21130 train=1.91061 val=None lr=9.64434e-05
2026-09-30 23:00:26,283 step=21140 train=2.29317 val=None lr=9.63241e-05
2026-09-30 23:00:27,255 step=21150 train=2.28575 val=None lr=9.62049e-05
2026-09-30 23:00:28,134 step=21160 train=2.21984 val=None lr=9.60858e-05
2026-09-30 23:00:28,859 step=21170 train=2.40930 val=None lr=9.59668e-05
2026-09-30 23:00:29,702 step=21180 train=2.48738 val=None lr=9.58478e-05
2026-09-30 23:00:30,437 step=21190 train=2.24262 val=None lr=9.57289e-05
2026-09-30 23:00:31,762 step=21200 train=2.09994 val=2.18268181681633 lr=9.56101e-05
2026-09-30 23:00:32,431 step=21210 train=2.28843 val=None lr=9.54913e-05
2026-09-30 23:00:33,146 step=21220 train=2.36211 val=None lr=9.53726e-05
2026-09-30 23:00:33,813 step=21230 train=2.31866 val=None lr=9.5254e-05
2026-09-30 23:00:34,531 step=21240 train=2.27080 val=None lr=9.51355e-05
2026-09-30 23:00:35,383 step=21250 train=2.27935 val=None lr=9.5017e-05
2026-09-30 23:00:36,225 step=21260 train=2.24351 val=None lr=9.48986e-05
2026-09-30 23:00:36,926 step=21270 train=1.98455 val=None lr=9.47803e-05
2026-09-30 23:00:37,814 step=21280 train=2.40760 val=None lr=9.46621e-05
2026-09-30 23:00:38,494 step=21290 train=1.93046 val=None lr=9.45439e-05
2026-09-30 23:00:39,909 step=21300 train=2.19711 val=2.1825705766677856 lr=9.44258e-05
2026-09-30 23:00:40,706 step=21310 train=2.00628 val=None lr=9.43078e-05
2026-09-30 23:00:41,502 step=21320 train=2.05056 val=None lr=9.41898e-05
2026-09-30 23:00:42,262 step=21330 train=2.22690 val=None lr=9.4072e-05
2026-09-30 23:00:43,100 step=21340 train=2.12946 val=None lr=9.39542e-05
2026-09-30 23:00:41,303 step=21350 train=2.07699 val=None lr=9.38364e-05
2026-09-30 23:00:42,103 step=21360 train=2.24997 val=None lr=9.37188e-05
2026-09-30 23:00:42,756 step=21370 train=2.28601 val=None lr=9.36012e-05
2026-09-30 23:00:43,555 step=21380 train=2.26223 val=None lr=9.34837e-05
2026-09-30 23:00:44,262 step=21390 train=2.20991 val=None lr=9.33663e-05
2026-09-30 23:00:45,531 step=21400 train=2.02155 val=2.1795444905757906 lr=9.3249e-05
2026-09-30 23:00:46,549 step=21410 train=2.03976 val=None lr=9.31317e-05
2026-09-30 23:00:47,300 step=21420 train=2.35458 val=None lr=9.30145e-05
2026-09-30 23:00:48,083 step=21430 train=2.18178 val=None lr=9.28974e-05
2026-09-30 23:00:48,935 step=21440 train=2.06781 val=None lr=9.27803e-05
2026-09-30 23:00:49,697 step=21450 train=2.43131 val=None lr=9.26634e-05
2026-09-30 23:00:50,438 step=21460 train=2.16465 val=None lr=9.25465e-05
2026-09-30 23:00:51,232 step=21470 train=2.26581 val=None lr=9.24297e-05
2026-09-30 23:00:52,139 step=21480 train=2.07204 val=None lr=9.23129e-05
2026-09-30 23:00:52,931 step=21490 train=2.22287 val=None lr=9.21963e-05
2026-09-30 23:00:54,258 step=21500 train=2.65424 val=2.1784246385097505 lr=9.20797e-05
2026-09-30 23:00:55,542 step=21510 train=1.93580 val=None lr=9.19632e-05
2026-09-30 23:00:56,276 step=21520 train=2.07583 val=None lr=9.18468e-05
2026-09-30 23:00:56,984 step=21530 train=1.89180 val=None lr=9.17304e-05
2026-09-30 23:00:57,701 step=21540 train=2.22905 val=None lr=9.16141e-05
2026-09-30 23:00:58,526 step=21550 train=2.02221 val=None lr=9.14979e-05
2026-09-30 23:00:59,359 step=21560 train=2.23434 val=None lr=9.13818e-05
2026-09-30 23:01:00,215 step=21570 train=2.08945 val=None lr=9.12658e-05
2026-09-30 23:01:00,948 step=21580 train=2.20678 val=None lr=9.11498e-05
2026-09-30 23:01:01,736 step=21590 train=2.30920 val=None lr=9.10339e-05
2026-09-30 23:01:03,061 step=21600 train=2.05614 val=2.177080661058426 lr=9.09181e-05
2026-09-30 23:01:03,714 step=21610 train=2.25228 val=None lr=9.08024e-05
2026-09-30 23:01:04,769 step=21620 train=2.23148 val=None lr=9.06867e-05
2026-09-30 23:01:05,506 step=21630 train=2.49993 val=None lr=9.05711e-05
2026-09-30 23:01:06,258 step=21640 train=2.27074 val=None lr=9.04556e-05
2026-09-30 23:01:06,948 step=21650 train=2.26484 val=None lr=9.03402e-05
2026-09-30 23:01:07,670 step=21660 train=2.06805 val=None lr=9.02249e-05
2026-09-30 23:01:08,358 step=21670 train=1.98660 val=None lr=9.01096e-05
2026-09-30 23:01:09,058 step=21680 train=2.51981 val=None lr=8.99944e-05
2026-09-30 23:01:09,762 step=21690 train=2.10346 val=None lr=8.98793e-05
2026-09-30 23:01:10,973 step=21700 train=2.35689 val=2.1733608901500703 lr=8.97643e-05
2026-09-30 23:01:11,765 step=21710 train=2.33608 val=None lr=8.96493e-05
2026-09-30 23:01:12,615 step=21720 train=2.41809 val=None lr=8.95345e-05
2026-09-30 23:01:10,992 step=21730 train=2.51544 val=None lr=8.94197e-05
2026-09-30 23:01:11,984 step=21740 train=2.15632 val=None lr=8.9305e-05
2026-09-30 23:01:12,683 step=21750 train=1.92863 val=None lr=8.91903e-05
2026-09-30 23:01:13,494 step=21760 train=2.29535 val=None lr=8.90758e-05
2026-09-30 23:01:14,216 step=21770 train=2.10411 val=None lr=8.89613e-05
2026-09-30 23:01:15,030 step=21780 train=2.25585 val=None lr=8.88469e-05
2026-09-30 23:01:15,759 step=21790 train=2.41003 val=None lr=8.87326e-05
2026-09-30 23:01:16,896 step=21800 train=2.14699 val=2.1748091697692873 lr=8.86184e-05
2026-09-30 23:01:17,673 step=21810 train=2.44082 val=None lr=8.85043e-05
2026-09-30 23:01:18,449 step=21820 train=2.36045 val=None lr=8.83902e-05
2026-09-30 23:01:19,180 step=21830 train=2.13282 val=None lr=8.82762e-05
2026-09-30 23:01:19,856 step=21840 train=2.42975 val=None lr=8.81623e-05
2026-09-30 23:01:20,550 step=21850 train=2.33054 val=None lr=8.80485e-05
2026-09-30 23:01:21,307 step=21860 train=2.28073 val=None lr=8.79347e-05
2026-09-30 23:01:22,132 step=21870 train=2.18691 val=None lr=8.78211e-05
2026-09-30 23:01:22,949 step=21880 train=1.91821 val=None lr=8.77075e-05
2026-09-30 23:01:23,844 step=21890 train=2.34227 val=None lr=8.7594e-05
2026-09-30 23:01:24,920 step=21900 train=1.99794 val=2.17625430226326 lr=8.74805e-05
2026-09-30 23:01:25,679 step=21910 train=2.20160 val=None lr=8.73672e-05
2026-09-30 23:01:26,456 step=21920 train=2.24964 val=None lr=8.7254e-05
2026-09-30 23:01:27,160 step=21930 train=2.37246 val=None lr=8.71408e-05
2026-09-30 23:01:27,907 step=21940 train=2.25250 val=None lr=8.70277e-05
2026-09-30 23:01:28,670 step=21950 train=2.12160 val=None lr=8.69147e-05
2026-09-30 23:01:29,424 step=21960 train=2.05941 val=None lr=8.68017e-05
2026-09-30 23:01:30,149 step=21970 train=2.09810 val=None lr=8.66889e-05
2026-09-30 23:01:30,847 step=21980 train=2.18474 val=None lr=8.65761e-05
2026-09-30 23:01:31,767 step=21990 train=2.53376 val=None lr=8.64635e-05
2026-09-30 23:01:32,931 step=22000 train=1.97508 val=2.173404026031494 lr=8.63509e-05
2026-09-30 23:01:34,200 step=22010 train=2.40663 val=None lr=8.62383e-05
2026-09-30 23:01:34,964 step=22020 train=2.22077 val=None lr=8.61259e-05
2026-09-30 23:01:35,727 step=22030 train=2.01534 val=None lr=8.60136e-05
2026-09-30 23:01:36,405 step=22040 train=1.99049 val=None lr=8.59013e-05
2026-09-30 23:01:37,194 step=22050 train=2.09245 val=None lr=8.57891e-05
2026-09-30 23:01:37,981 step=22060 train=2.40468 val=None lr=8.5677e-05
2026-09-30 23:01:38,759 step=22070 train=2.10136 val=None lr=8.5565e-05
2026-09-30 23:01:39,522 step=22080 train=2.40121 val=None lr=8.54531e-05
2026-09-30 23:01:40,292 step=22090 train=2.49907 val=None lr=8.53412e-05
2026-09-30 23:01:41,829 step=22100 train=2.11814 val=2.1708265841007233 lr=8.52294e-05
2026-09-30 23:01:42,537 step=22110 train=2.21625 val=None lr=8.51178e-05
2026-09-30 23:01:43,307 step=22120 train=2.29357 val=None lr=8.50062e-05
2026-09-30 23:01:41,469 step=22130 train=2.31396 val=None lr=8.48946e-05
2026-09-30 23:01:42,272 step=22140 train=2.17479 val=None lr=8.47832e-05
2026-09-30 23:01:43,033 step=22150 train=2.52403 val=None lr=8.46719e-05
2026-09-30 23:01:43,673 step=22160 train=2.37355 val=None lr=8.45606e-05
2026-09-30 23:01:44,331 step=22170 train=2.04075 val=None lr=8.44494e-05
2026-09-30 23:01:45,241 step=22180 train=2.26325 val=None lr=8.43383e-05
2026-09-30 23:01:46,036 step=22190 train=2.26992 val=None lr=8.42273e-05
2026-09-30 23:01:47,362 step=22200 train=2.59552 val=2.1702355802059174 lr=8.41164e-05
2026-09-30 23:01:48,062 step=22210 train=2.03549 val=None lr=8.40056e-05
2026-09-30 23:01:48,767 step=22220 train=2.13185 val=None lr=8.38948e-05
2026-09-30 23:01:49,626 step=22230 train=2.33371 val=None lr=8.37842e-05
2026-09-30 23:01:50,359 step=22240 train=2.42981 val=None lr=8.36736e-05
2026-09-30 23:01:51,117 step=22250 train=2.22614 val=None lr=8.35631e-05
2026-09-30 23:01:51,860 step=22260 train=2.03325 val=None lr=8.34527e-05
2026-09-30 23:01:52,701 step=22270 train=2.01458 val=None lr=8.33424e-05
2026-09-30 23:01:53,693 step=22280 train=2.12334 val=None lr=8.32321e-05
2026-09-30 23:01:54,431 step=22290 train=2.19294 val=None lr=8.3122e-05
2026-09-30 23:01:55,668 step=22300 train=2.31006 val=2.169474792480469 lr=8.30119e-05
2026-09-30 23:01:56,346 step=22310 train=2.21047 val=None lr=8.29019e-05
2026-09-30 23:01:57,128 step=22320 train=2.39070 val=None lr=8.2792e-05
2026-09-30 23:01:57,924 step=22330 train=2.33305 val=None lr=8.26822e-05
2026-09-30 23:01:58,943 step=22340 train=2.22751 val=None lr=8.25725e-05
2026-09-30 23:01:59,707 step=22350 train=2.23749 val=None lr=8.24629e-05
2026-09-30 23:02:00,536 step=22360 train=2.11221 val=None lr=8.23533e-05
2026-09-30 23:02:01,292 step=22370 train=2.17216 val=None lr=8.22439e-05
2026-09-30 23:02:02,028 step=22380 train=2.23956 val=None lr=8.21345e-05
2026-09-30 23:02:02,768 step=22390 train=2.06505 val=None lr=8.20252e-05
2026-09-30 23:02:04,130 step=22400 train=2.31399 val=2.167867308855057 lr=8.1916e-05
2026-09-30 23:02:04,865 step=22410 train=2.25831 val=None lr=8.18069e-05
2026-09-30 23:02:05,560 step=22420 train=2.18696 val=None lr=8.16979e-05
2026-09-30 23:02:06,414 step=22430 train=2.18333 val=None lr=8.1589e-05
2026-09-30 23:02:07,250 step=22440 train=2.11912 val=None lr=8.14801e-05
2026-09-30 23:02:08,046 step=22450 train=1.93443 val=None lr=8.13713e-05
2026-09-30 23:02:08,698 step=22460 train=2.13142 val=None lr=8.12627e-05
2026-09-30 23:02:09,436 step=22470 train=2.15206 val=None lr=8.11541e-05
2026-09-30 23:02:10,097 step=22480 train=2.00590 val=None lr=8.10456e-05
2026-09-30 23:02:10,819 step=22490 train=2.24825 val=None lr=8.09372e-05
2026-09-30 23:02:12,134 step=22500 train=2.22382 val=2.165629369020462 lr=8.08289e-05
2026-09-30 23:02:13,350 step=22510 train=2.29692 val=None lr=8.07206e-05
2026-09-30 23:02:11,463 step=22520 train=2.30164 val=None lr=8.06125e-05
2026-09-30 23:02:12,386 step=22530 train=2.02544 val=None lr=8.05045e-05
2026-09-30 23:02:13,091 step=22540 train=2.17219 val=None lr=8.03965e-05
2026-09-30 23:02:13,893 step=22550 train=2.04954 val=None lr=8.02886e-05
2026-09-30 23:02:14,641 step=22560 train=2.34908 val=None lr=8.01808e-05
2026-09-30 23:02:15,354 step=22570 train=2.13560 val=None lr=8.00731e-05
2026-09-30 23:02:16,148 step=22580 train=2.16523 val=None lr=7.99655e-05
2026-09-30 23:02:16,930 step=22590 train=2.09818 val=None lr=7.9858e-05
2026-09-30 23:02:18,247 step=22600 train=2.42202 val=2.1645656406879423 lr=7.97506e-05
2026-09-30 23:02:18,995 step=22610 train=2.08947 val=None lr=7.96433e-05
2026-09-30 23:02:20,012 step=22620 train=2.29939 val=None lr=7.9536e-05
2026-09-30 23:02:20,834 step=22630 train=1.97965 val=None lr=7.94289e-05
2026-09-30 23:02:21,513 step=22640 train=2.18622 val=None lr=7.93218e-05
2026-09-30 23:02:22,176 step=22650 train=1.85954 val=None lr=7.92148e-05
2026-09-30 23:02:22,910 step=22660 train=2.14069 val=None lr=7.91079e-05
2026-09-30 23:02:23,697 step=22670 train=2.29690 val=None lr=7.90011e-05
2026-09-30 23:02:24,466 step=22680 train=2.48962 val=None lr=7.88944e-05
2026-09-30 23:02:25,214 step=22690 train=2.31359 val=None lr=7.87878e-05
2026-09-30 23:02:26,300 step=22700 train=2.29252 val=2.165131515264511 lr=7.86813e-05
2026-09-30 23:02:27,075 step=22710 train=1.99060 val=None lr=7.85748e-05
2026-09-30 23:02:27,842 step=22720 train=2.23705 val=None lr=7.84685e-05
2026-09-30 23:02:28,606 step=22730 train=1.87999 val=None lr=7.83623e-05
2026-09-30 23:02:29,319 step=22740 train=1.83936 val=None lr=7.82561e-05
2026-09-30 23:02:29,999 step=22750 train=2.15471 val=None lr=7.815e-05
2026-09-30 23:02:30,657 step=22760 train=2.13976 val=None lr=7.8044e-05
2026-09-30 23:02:31,437 step=22770 train=2.15459 val=None lr=7.79382e-05
2026-09-30 23:02:32,291 step=22780 train=2.06197 val=None lr=7.78324e-05
2026-09-30 23:02:32,983 step=22790 train=2.14289 val=None lr=7.77267e-05
2026-09-30 23:02:34,218 step=22800 train=2.03660 val=2.162066066265106 lr=7.76211e-05
2026-09-30 23:02:34,971 step=22810 train=2.08467 val=None lr=7.75155e-05
2026-09-30 23:02:35,698 step=22820 train=1.97438 val=None lr=7.74101e-05
2026-09-30 23:02:36,509 step=22830 train=1.99798 val=None lr=7.73048e-05
2026-09-30 23:02:37,212 step=22840 train=2.24716 val=None lr=7.71995e-05
2026-09-30 23:02:38,079 step=22850 train=2.17294 val=None lr=7.70944e-05
2026-09-30 23:02:38,833 step=22860 train=2.37217 val=None lr=7.69893e-05
2026-09-30 23:02:39,740 step=22870 train=2.04526 val=None lr=7.68844e-05
2026-09-30 23:02:40,563 step=22880 train=2.35842 val=None lr=7.67795e-05
2026-09-30 23:02:41,311 step=22890 train=2.22830 val=None lr=7.66747e-05
2026-09-30 23:02:42,867 step=22900 train=2.18258 val=2.1619532704353333 lr=7.657e-05
2026-09-30 23:02:41,112 step=22910 train=2.09467 val=None lr=7.64654e-05
2026-09-30 23:02:41,880 step=22920 train=2.23944 val=None lr=7.63609e-05
2026-09-30 23:02:42,724 step=22930 train=1.95897 val=None lr=7.62565e-05
2026-09-30 23:02:43,781 step=22940 train=2.46333 val=None lr=7.61522e-05
2026-09-30 23:02:44,473 step=22950 train=2.30469 val=None lr=7.6048e-05
2026-09-30 23:02:45,277 step=22960 train=2.35724 val=None lr=7.59439e-05
2026-09-30 23:02:46,050 step=22970 train=2.15639 val=None lr=7.58398e-05
2026-09-30 23:02:46,814 step=22980 train=2.11895 val=None lr=7.57359e-05
2026-09-30 23:02:47,529 step=22990 train=2.06356 val=None lr=7.5632e-05
2026-09-30 23:02:48,908 step=23000 train=2.52496 val=2.1607761859893797 lr=7.55283e-05
2026-09-30 23:02:50,348 step=23010 train=2.32254 val=None lr=7.54246e-05
2026-09-30 23:02:51,202 step=23020 train=2.39265 val=None lr=7.53211e-05
2026-09-30 23:02:52,021 step=23030 train=2.09361 val=None lr=7.52176e-05
2026-09-30 23:02:52,738 step=23040 train=2.31352 val=None lr=7.51142e-05
2026-09-30 23:02:53,529 step=23050 train=2.11227 val=None lr=7.50109e-05
2026-09-30 23:02:54,566 step=23060 train=2.11003 val=None lr=7.49078e-05
2026-09-30 23:02:55,366 step=23070 train=2.25602 val=None lr=7.48047e-05
2026-09-30 23:02:56,131 step=23080 train=2.22046 val=None lr=7.47017e-05
2026-09-30 23:02:56,999 step=23090 train=2.28578 val=None lr=7.45988e-05
2026-09-30 23:02:58,381 step=23100 train=2.30128 val=2.1602835774421694 lr=7.4496e-05
2026-09-30 23:02:59,192 step=23110 train=2.19334 val=None lr=7.43933e-05
2026-09-30 23:02:59,945 step=23120 train=2.67440 val=None lr=7.42907e-05
2026-09-30 23:03:00,639 step=23130 train=2.34439 val=None lr=7.41881e-05
2026-09-30 23:03:01,526 step=23140 train=2.01664 val=None lr=7.40857e-05
2026-09-30 23:03:02,380 step=23150 train=2.11655 val=None lr=7.39834e-05
2026-09-30 23:03:03,083 step=23160 train=2.00275 val=None lr=7.38812e-05
2026-09-30 23:03:03,931 step=23170 train=2.28166 val=None lr=7.3779e-05
2026-09-30 23:03:04,874 step=23180 train=2.08925 val=None lr=7.3677e-05
2026-09-30 23:03:05,646 step=23190 train=2.13713 val=None lr=7.3575e-05
2026-09-30 23:03:06,897 step=23200 train=2.07860 val=2.1588330805301665 lr=7.34732e-05
2026-09-30 23:03:07,589 step=23210 train=2.31623 val=None lr=7.33714e-05
2026-09-30 23:03:08,342 step=23220 train=2.20293 val=None lr=7.32698e-05
2026-09-30 23:03:09,065 step=23230 train=2.23281 val=None lr=7.31682e-05
2026-09-30 23:03:09,950 step=23240 train=2.33687 val=None lr=7.30668e-05
2026-09-30 23:03:10,698 step=23250 train=2.38847 val=None lr=7.29654e-05
2026-09-30 23:03:11,389 step=23260 train=2.57310 val=None lr=7.28641e-05
2026-09-30 23:03:12,104 step=23270 train=2.02862 val=None lr=7.2763e-05
2026-09-30 23:03:13,082 step=23280 train=2.23504 val=None lr=7.26619e-05
2026-09-30 23:03:11,224 step=23290 train=2.01652 val=None lr=7.25609e-05
2026-09-30 23:03:12,549 step=23300 train=2.24802 val=2.1582607507705687 lr=7.246e-05
2026-09-30 23:03:13,362 step=23310 train=2.18651 val=None lr=7.23592e-05
2026-09-30 23:03:14,073 step=23320 train=1.97767 val=None lr=7.22586e-05
2026-09-30 23:03:14,876 step=23330 train=2.50671 val=None lr=7.2158e-05
2026-09-30 23:03:15,717 step=23340 train=2.10392 val=None lr=7.20575e-05
2026-09-30 23:03:16,463 step=23350 train=2.20135 val=None lr=7.19571e-05
2026-09-30 23:03:17,276 step=23360 train=2.22509 val=None lr=7.18568e-05
2026-09-30 23:03:18,061 step=23370 train=2.31260 val=None lr=7.17566e-05
2026-09-30 23:03:18,829 step=23380 train=2.15137 val=None lr=7.16565e-05
2026-09-30 23:03:19,642 step=23390 train=1.91180 val=None lr=7.15565e-05
2026-09-30 23:03:21,031 step=23400 train=1.91454 val=2.156573271751404 lr=7.14566e-05
2026-09-30 23:03:21,810 step=23410 train=2.44336 val=None lr=7.13568e-05
2026-09-30 23:03:22,568 step=23420 train=2.28674 val=None lr=7.12571e-05
2026-09-30 23:03:23,458 step=23430 train=2.34154 val=None lr=7.11575e-05
2026-09-30 23:03:24,291 step=23440 train=2.03846 val=None lr=7.1058e-05
2026-09-30 23:03:25,315 step=23450 train=2.32003 val=None lr=7.09586e-05
2026-09-30 23:03:26,002 step=23460 train=2.14191 val=None lr=7.08593e-05
2026-09-30 23:03:26,738 step=23470 train=2.21918 val=None lr=7.07601e-05
2026-09-30 23:03:27,510 step=23480 train=2.39139 val=None lr=7.0661e-05
2026-09-30 23:03:28,260 step=23490 train=2.05494 val=None lr=7.05619e-05
2026-09-30 23:03:29,540 step=23500 train=2.24756 val=2.1559690296649934 lr=7.0463e-05
2026-09-30 23:03:30,887 step=23510 train=2.24961 val=None lr=7.03642e-05
2026-09-30 23:03:31,544 step=23520 train=2.11271 val=None lr=7.02655e-05
2026-09-30 23:03:32,361 step=23530 train=2.25574 val=None lr=7.01669e-05
2026-09-30 23:03:33,168 step=23540 train=2.40326 val=None lr=7.00684e-05
2026-09-30 23:03:33,870 step=23550 train=2.03649 val=None lr=6.997e-05
2026-09-30 23:03:34,568 step=23560 train=2.52041 val=None lr=6.98717e-05
2026-09-30 23:03:35,279 step=23570 train=2.11900 val=None lr=6.97734e-05
2026-09-30 23:03:36,130 step=23580 train=2.22492 val=None lr=6.96753e-05
2026-09-30 23:03:36,920 step=23590 train=2.18209 val=None lr=6.95773e-05
2026-09-30 23:03:38,128 step=23600 train=2.11642 val=2.1563254952430726 lr=6.94794e-05
2026-09-30 23:03:38,845 step=23610 train=2.48171 val=None lr=6.93816e-05
2026-09-30 23:03:39,642 step=23620 train=2.13876 val=None lr=6.92839e-05
2026-09-30 23:03:40,541 step=23630 train=2.19301 val=None lr=6.91863e-05
2026-09-30 23:03:41,208 step=23640 train=2.11758 val=None lr=6.90888e-05
2026-09-30 23:03:42,009 step=23650 train=2.15791 val=None lr=6.89913e-05
2026-09-30 23:03:42,670 step=23660 train=2.05470 val=None lr=6.8894e-05
2026-09-30 23:03:40,785 step=23670 train=2.15988 val=None lr=6.87968e-05
2026-09-30 23:03:41,520 step=23680 train=2.10924 val=None lr=6.86997e-05
2026-09-30 23:03:42,164 step=23690 train=2.43004 val=None lr=6.86027e-05
2026-09-30 23:03:43,849 step=23700 train=1.77635 val=2.152704495191574 lr=6.85058e-05
2026-09-30 23:03:44,651 step=23710 train=2.07982 val=None lr=6.8409e-05
2026-09-30 23:03:45,370 step=23720 train=2.01919 val=None lr=6.83123e-05
2026-09-30 23:03:46,261 step=23730 train=2.20958 val=None lr=6.82157e-05
2026-09-30 23:03:47,063 step=23740 train=2.02532 val=None lr=6.81192e-05
2026-09-30 23:03:47,792 step=23750 train=2.24737 val=None lr=6.80228e-05
2026-09-30 23:03:48,529 step=23760 train=1.99600 val=None lr=6.79265e-05
2026-09-30 23:03:49,238 step=23770 train=2.08850 val=None lr=6.78304e-05
2026-09-30 23:03:49,982 step=23780 train=2.19423 val=None lr=6.77343e-05
2026-09-30 23:03:50,870 step=23790 train=2.29914 val=None lr=6.76383e-05
2026-09-30 23:03:51,978 step=23800 train=2.15469 val=2.154363971948624 lr=6.75424e-05
2026-09-30 23:03:52,646 step=23810 train=2.11319 val=None lr=6.74466e-05
2026-09-30 23:03:53,380 step=23820 train=1.96473 val=None lr=6.73509e-05
2026-09-30 23:03:54,197 step=23830 train=2.44486 val=None lr=6.72554e-05
2026-09-30 23:03:54,998 step=23840 train=2.19777 val=None lr=6.71599e-05
2026-09-30 23:03:55,706 step=23850 train=2.58537 val=None lr=6.70645e-05
2026-09-30 23:03:56,559 step=23860 train=2.05085 val=None lr=6.69693e-05
2026-09-30 23:03:57,240 step=23870 train=2.11059 val=None lr=6.68741e-05
2026-09-30 23:03:58,088 step=23880 train=2.20357 val=None lr=6.6779e-05
2026-09-30 23:03:58,851 step=23890 train=2.40835 val=None lr=6.66841e-05
2026-09-30 23:03:59,924 step=23900 train=2.26439 val=2.1531965017318724 lr=6.65892e-05
2026-09-30 23:04:00,650 step=23910 train=2.25189 val=None lr=6.64945e-05
2026-09-30 23:04:01,383 step=23920 train=2.27863 val=None lr=6.63998e-05
2026-09-30 23:04:02,190 step=23930 train=2.58532 val=None lr=6.63053e-05
2026-09-30 23:04:03,004 step=23940 train=2.14290 val=None lr=6.62109e-05
2026-09-30 23:04:03,798 step=23950 train=2.40669 val=None lr=6.61165e-05
2026-09-30 23:04:04,683 step=23960 train=2.17029 val=None lr=6.60223e-05
2026-09-30 23:04:05,354 step=23970 train=2.24920 val=None lr=6.59282e-05
2026-09-30 23:04:06,083 step=23980 train=2.19032 val=None lr=6.58342e-05
2026-09-30 23:04:06,768 step=23990 train=2.51594 val=None lr=6.57402e-05
2026-09-30 23:04:08,353 step=24000 train=2.30461 val=2.151021236181259 lr=6.56464e-05
2026-09-30 23:04:09,530 step=24010 train=1.93056 val=None lr=6.55527e-05
2026-09-30 23:04:10,306 step=24020 train=2.27954 val=None lr=6.54591e-05
2026-09-30 23:04:11,064 step=24030 train=2.30779 val=None lr=6.53656e-05
2026-09-30 23:04:11,813 step=24040 train=2.23001 val=None lr=6.52722e-05
2026-09-30 23:04:12,605 step=24050 train=2.24711 val=None lr=6.51789e-05
2026-09-30 23:04:10,774 step=24060 train=2.29116 val=None lr=6.50857e-05
2026-09-30 23:04:11,499 step=24070 train=2.11891 val=None lr=6.49927e-05
2026-09-30 23:04:12,331 step=24080 train=2.26983 val=None lr=6.48997e-05
2026-09-30 23:04:13,106 step=24090 train=2.20897 val=None lr=6.48068e-05
2026-09-30 23:04:14,370 step=24100 train=2.10868 val=2.1487959027290344 lr=6.47141e-05
2026-09-30 23:04:15,188 step=24110 train=2.36859 val=None lr=6.46214e-05
2026-09-30 23:04:15,993 step=24120 train=2.26973 val=None lr=6.45289e-05
2026-09-30 23:04:16,714 step=24130 train=2.26957 val=None lr=6.44364e-05
2026-09-30 23:04:17,356 step=24140 train=1.99798 val=None lr=6.43441e-05
2026-09-30 23:04:18,039 step=24150 train=2.04644 val=None lr=6.42518e-05
2026-09-30 23:04:18,762 step=24160 train=2.16819 val=None lr=6.41597e-05
2026-09-30 23:04:19,545 step=24170 train=2.39280 val=None lr=6.40677e-05
2026-09-30 23:04:20,230 step=24180 train=2.42147 val=None lr=6.39758e-05
2026-09-30 23:04:20,886 step=24190 train=2.14626 val=None lr=6.3884e-05
2026-09-30 23:04:22,054 step=24200 train=2.33326 val=2.1494419276714325 lr=6.37923e-05
2026-09-30 23:04:23,125 step=24210 train=2.03077 val=None lr=6.37007e-05
2026-09-30 23:04:23,855 step=24220 train=2.31920 val=None lr=6.36092e-05
2026-09-30 23:04:24,563 step=24230 train=2.25827 val=None lr=6.35178e-05
2026-09-30 23:04:25,373 step=24240 train=2.08131 val=None lr=6.34265e-05
2026-09-30 23:04:26,084 step=24250 train=2.23702 val=None lr=6.33354e-05
2026-09-30 23:04:26,786 step=24260 train=2.48280 val=None lr=6.32443e-05
2026-09-30 23:04:27,489 step=24270 train=2.19925 val=None lr=6.31533e-05
2026-09-30 23:04:28,223 step=24280 train=2.18536 val=None lr=6.30625e-05
2026-09-30 23:04:28,969 step=24290 train=2.34974 val=None lr=6.29717e-05
2026-09-30 23:04:30,176 step=24300 train=2.19495 val=2.1469405055046082 lr=6.28811e-05
2026-09-30 23:04:31,063 step=24310 train=2.04398 val=None lr=6.27906e-05
2026-09-30 23:04:31,859 step=24320 train=2.12221 val=None lr=6.27002e-05
2026-09-30 23:04:32,641 step=24330 train=1.93274 val=None lr=6.26099e-05
2026-09-30 23:04:33,457 step=24340 train=2.47147 val=None lr=6.25197e-05
2026-09-30 23:04:34,212 step=24350 train=2.14342 val=None lr=6.24296e-05
2026-09-30 23:04:34,897 step=24360 train=1.98516 val=None lr=6.23396e-05
2026-09-30 23:04:35,709 step=24370 train=2.23332 val=None lr=6.22497e-05
2026-09-30 23:04:36,580 step=24380 train=2.13128 val=None lr=6.21599e-05
2026-09-30 23:04:37,364 step=24390 train=2.25384 val=None lr=6.20703e-05
2026-09-30 23:04:38,611 step=24400 train=2.05655 val=2.146917188167572 lr=6.19807e-05
2026-09-30 23:04:39,378 step=24410 train=2.13540 val=None lr=6.18913e-05
2026-09-30 23:04:40,224 step=24420 train=2.26263 val=None lr=6.18019e-05
2026-09-30 23:04:41,139 step=24430 train=2.19000 val=None lr=6.17127e-05
2026-09-30 23:04:41,889 step=24440 train=2.17189 val=None lr=6.16236e-05
2026-09-30 23:04:42,698 step=24450 train=2.08038 val=None lr=6.15346e-05
2026-09-30 23:04:40,815 step=24460 train=2.23220 val=None lr=6.14457e-05
2026-09-30 23:04:41,585 step=24470 train=2.06907 val=None lr=6.13569e-05
2026-09-30 23:04:42,416 step=24480 train=2.23963 val=None lr=6.12682e-05
2026-09-30 23:04:43,257 step=24490 train=2.17254 val=None lr=6.11796e-05
2026-09-30 23:04:44,773 step=24500 train=2.05170 val=2.1463473081588744 lr=6.10911e-05
2026-09-30 23:04:46,137 step=24510 train=1.89600 val=None lr=6.10028e-05
2026-09-30 23:04:46,996 step=24520 train=2.15278 val=None lr=6.09145e-05
2026-09-30 23:04:47,778 step=24530 train=2.12291 val=None lr=6.08264e-05
2026-09-30 23:04:48,564 step=24540 train=2.00568 val=None lr=6.07384e-05
2026-09-30 23:04:49,308 step=24550 train=2.14953 val=None lr=6.06505e-05
2026-09-30 23:04:50,087 step=24560 train=2.21297 val=None lr=6.05626e-05
2026-09-30 23:04:50,878 step=24570 train=2.21519 val=None lr=6.04749e-05
2026-09-30 23:04:51,601 step=24580 train=2.18786 val=None lr=6.03874e-05
2026-09-30 23:04:52,463 step=24590 train=2.21063 val=None lr=6.02999e-05
2026-09-30 23:04:53,691 step=24600 train=2.47361 val=2.1450316667556764 lr=6.02125e-05
2026-09-30 23:04:54,508 step=24610 train=1.92387 val=None lr=6.01253e-05
2026-09-30 23:04:55,219 step=24620 train=1.96041 val=None lr=6.00381e-05
2026-09-30 23:04:56,041 step=24630 train=2.08202 val=None lr=5.99511e-05
2026-09-30 23:04:56,814 step=24640 train=2.56063 val=None lr=5.98641e-05
2026-09-30 23:04:57,781 step=24650 train=2.32365 val=None lr=5.97773e-05
2026-09-30 23:04:58,492 step=24660 train=1.93825 val=None lr=5.96906e-05
2026-09-30 23:04:59,178 step=24670 train=2.33765 val=None lr=5.9604e-05
2026-09-30 23:05:00,292 step=24680 train=2.22338 val=None lr=5.95175e-05
2026-09-30 23:05:00,987 step=24690 train=2.35526 val=None lr=5.94312e-05
2026-09-30 23:05:02,325 step=24700 train=2.12976 val=2.142766737937927 lr=5.93449e-05
2026-09-30 23:05:02,987 step=24710 train=2.20728 val=None lr=5.92588e-05
2026-09-30 23:05:03,814 step=24720 train=2.12628 val=None lr=5.91727e-05
2026-09-30 23:05:04,518 step=24730 train=2.28505 val=None lr=5.90868e-05
2026-09-30 23:05:05,260 step=24740 train=2.16453 val=None lr=5.9001e-05
2026-09-30 23:05:05,971 step=24750 train=1.95353 val=None lr=5.89153e-05
2026-09-30 23:05:06,742 step=24760 train=2.17693 val=None lr=5.88297e-05
2026-09-30 23:05:07,543 step=24770 train=2.14605 val=None lr=5.87442e-05
2026-09-30 23:05:08,275 step=24780 train=2.19563 val=None lr=5.86588e-05
2026-09-30 23:05:09,002 step=24790 train=1.95451 val=None lr=5.85736e-05
2026-09-30 23:05:10,224 step=24800 train=2.28740 val=2.14190394282341 lr=5.84884e-05
2026-09-30 23:05:10,947 step=24810 train=2.29859 val=None lr=5.84034e-05
2026-09-30 23:05:11,731 step=24820 train=2.29030 val=None lr=5.83185e-05
2026-09-30 23:05:12,436 step=24830 train=2.26687 val=None lr=5.82337e-05
2026-09-30 23:05:10,568 step=24840 train=2.05507 val=None lr=5.8149e-05
2026-09-30 23:05:11,387 step=24850 train=2.15806 val=None lr=5.80644e-05
2026-09-30 23:05:12,193 step=24860 train=2.18521 val=None lr=5.79799e-05
2026-09-30 23:05:12,919 step=24870 train=2.26326 val=None lr=5.78955e-05
2026-09-30 23:05:13,578 step=24880 train=2.00387 val=None lr=5.78113e-05
2026-09-30 23:05:14,257 step=24890 train=1.89704 val=None lr=5.77272e-05
2026-09-30 23:05:15,623 step=24900 train=2.17130 val=2.1415714025497437 lr=5.76431e-05
2026-09-30 23:05:16,361 step=24910 train=1.97700 val=None lr=5.75592e-05
2026-09-30 23:05:17,122 step=24920 train=2.30914 val=None lr=5.74754e-05
2026-09-30 23:05:17,848 step=24930 train=2.21025 val=None lr=5.73918e-05
2026-09-30 23:05:18,515 step=24940 train=2.36915 val=None lr=5.73082e-05
2026-09-30 23:05:19,289 step=24950 train=1.84012 val=None lr=5.72247e-05
2026-09-30 23:05:20,120 step=24960 train=2.09408 val=None lr=5.71414e-05
2026-09-30 23:05:20,846 step=24970 train=1.92637 val=None lr=5.70582e-05
2026-09-30 23:05:21,571 step=24980 train=2.16319 val=None lr=5.6975e-05
2026-09-30 23:05:22,256 step=24990 train=2.37123 val=None lr=5.6892e-05
2026-09-30 23:05:23,287 step=25000 train=2.14100 val=2.1421795010566713 lr=5.68092e-05
2026-09-30 23:05:24,437 step=25010 train=2.10648 val=None lr=5.67264e-05
2026-09-30 23:05:25,228 step=25020 train=2.18612 val=None lr=5.66437e-05
2026-09-30 23:05:25,875 step=25030 train=2.13880 val=None lr=5.65612e-05
2026-09-30 23:05:26,521 step=25040 train=2.01782 val=None lr=5.64788e-05
2026-09-30 23:05:27,206 step=25050 train=2.15301 val=None lr=5.63964e-05
2026-09-30 23:05:28,194 step=25060 train=2.05287 val=None lr=5.63142e-05
2026-09-30 23:05:28,862 step=25070 train=2.17189 val=None lr=5.62321e-05
2026-09-30 23:05:29,579 step=25080 train=2.61436 val=None lr=5.61502e-05
2026-09-30 23:05:30,316 step=25090 train=2.30938 val=None lr=5.60683e-05
2026-09-30 23:05:31,622 step=25100 train=2.15974 val=2.1386883199214934 lr=5.59866e-05
2026-09-30 23:05:32,371 step=25110 train=2.21150 val=None lr=5.59049e-05
2026-09-30 23:05:33,156 step=25120 train=2.20617 val=None lr=5.58234e-05
2026-09-30 23:05:33,879 step=25130 train=2.43676 val=None lr=5.5742e-05
2026-09-30 23:05:34,652 step=25140 train=2.45142 val=None lr=5.56607e-05
2026-09-30 23:05:35,474 step=25150 train=2.08519 val=None lr=5.55796e-05
2026-09-30 23:05:36,301 step=25160 train=2.32079 val=None lr=5.54985e-05
2026-09-30 23:05:37,028 step=25170 train=2.31921 val=None lr=5.54176e-05
2026-09-30 23:05:37,803 step=25180 train=2.15880 val=None lr=5.53367e-05
2026-09-30 23:05:38,531 step=25190 train=2.48801 val=None lr=5.5256e-05
2026-09-30 23:05:39,662 step=25200 train=2.46964 val=2.139345955848694 lr=5.51754e-05
2026-09-30 23:05:40,514 step=25210 train=2.11988 val=None lr=5.5095e-05
2026-09-30 23:05:41,445 step=25220 train=2.33411 val=None lr=5.50146e-05
2026-09-30 23:05:42,099 step=25230 train=2.14846 val=None lr=5.49344e-05
2026-09-30 23:05:42,840 step=25240 train=2.34569 val=None lr=5.48542e-05
2026-09-30 23:05:40,835 step=25250 train=2.02815 val=None lr=5.47742e-05
2026-09-30 23:05:41,710 step=25260 train=2.34098 val=None lr=5.46943e-05
2026-09-30 23:05:42,432 step=25270 train=2.15787 val=None lr=5.46145e-05
2026-09-30 23:05:43,185 step=25280 train=2.16707 val=None lr=5.45349e-05
2026-09-30 23:05:43,946 step=25290 train=2.27482 val=None lr=5.44553e-05
2026-09-30 23:05:45,197 step=25300 train=2.28452 val=2.137768268585205 lr=5.43759e-05
2026-09-30 23:05:45,908 step=25310 train=2.11407 val=None lr=5.42966e-05
2026-09-30 23:05:46,761 step=25320 train=2.09256 val=None lr=5.42174e-05
2026-09-30 23:05:47,548 step=25330 train=2.34458 val=None lr=5.41383e-05
2026-09-30 23:05:48,216 step=25340 train=2.25869 val=None lr=5.40593e-05
2026-09-30 23:05:49,020 step=25350 train=2.21476 val=None lr=5.39805e-05
2026-09-30 23:05:49,707 step=25360 train=2.24537 val=None lr=5.39017e-05
2026-09-30 23:05:50,571 step=25370 train=2.13604 val=None lr=5.38231e-05
2026-09-30 23:05:51,413 step=25380 train=2.01385 val=None lr=5.37446e-05
2026-09-30 23:05:52,331 step=25390 train=2.05682 val=None lr=5.36662e-05
2026-09-30 23:05:53,673 step=25400 train=2.48769 val=2.13993501663208 lr=5.35879e-05
2026-09-30 23:05:54,407 step=25410 train=2.12438 val=None lr=5.35098e-05
2026-09-30 23:05:55,160 step=25420 train=2.02015 val=None lr=5.34318e-05
2026-09-30 23:05:55,938 step=25430 train=2.45714 val=None lr=5.33539e-05
2026-09-30 23:05:56,666 step=25440 train=2.06921 val=None lr=5.32761e-05
2026-09-30 23:05:57,664 step=25450 train=2.32808 val=None lr=5.31984e-05
2026-09-30 23:05:58,366 step=25460 train=2.21687 val=None lr=5.31208e-05
2026-09-30 23:05:59,059 step=25470 train=2.08354 val=None lr=5.30434e-05
2026-09-30 23:06:00,021 step=25480 train=2.15495 val=None lr=5.2966e-05
2026-09-30 23:06:00,719 step=25490 train=2.06578 val=None lr=5.28888e-05
2026-09-30 23:06:01,985 step=25500 train=2.20358 val=2.1363465785980225 lr=5.28117e-05
2026-09-30 23:06:03,336 step=25510 train=2.18396 val=None lr=5.27348e-05
2026-09-30 23:06:04,197 step=25520 train=2.18527 val=None lr=5.26579e-05
2026-09-30 23:06:04,997 step=25530 train=2.12312 val=None lr=5.25812e-05
2026-09-30 23:06:05,630 step=25540 train=2.29210 val=None lr=5.25046e-05
2026-09-30 23:06:06,400 step=25550 train=2.34435 val=None lr=5.24281e-05
2026-09-30 23:06:07,063 step=25560 train=2.03334 val=None lr=5.23517e-05
2026-09-30 23:06:07,747 step=25570 train=2.07013 val=None lr=5.22754e-05
2026-09-30 23:06:08,639 step=25580 train=2.02746 val=None lr=5.21993e-05
2026-09-30 23:06:09,424 step=25590 train=2.03779 val=None lr=5.21233e-05
2026-09-30 23:06:10,531 step=25600 train=2.23609 val=2.1369022011756895 lr=5.20474e-05
2026-09-30 23:06:11,252 step=25610 train=2.35066 val=None lr=5.19716e-05
2026-09-30 23:06:11,976 step=25620 train=2.22981 val=None lr=5.18959e-05
2026-09-30 23:06:12,633 step=25630 train=2.17906 val=None lr=5.18203e-05
2026-09-30 23:06:10,706 step=25640 train=2.07304 val=None lr=5.17449e-05
2026-09-30 23:06:11,422 step=25650 train=2.35889 val=None lr=5.16696e-05
2026-09-30 23:06:12,138 step=25660 train=2.31233 val=None lr=5.15944e-05
2026-09-30 23:06:12,817 step=25670 train=2.02046 val=None lr=5.15193e-05
2026-09-30 23:06:13,551 step=25680 train=2.14727 val=None lr=5.14444e-05
2026-09-30 23:06:14,353 step=25690 train=2.05640 val=None lr=5.13696e-05
2026-09-30 23:06:15,561 step=25700 train=1.99843 val=2.136241465806961 lr=5.12948e-05
2026-09-30 23:06:16,231 step=25710 train=2.21639 val=None lr=5.12202e-05
2026-09-30 23:06:16,938 step=25720 train=2.02788 val=None lr=5.11458e-05
2026-09-30 23:06:17,716 step=25730 train=2.22410 val=None lr=5.10714e-05
2026-09-30 23:06:18,439 step=25740 train=2.50218 val=None lr=5.09972e-05
2026-09-30 23:06:19,098 step=25750 train=2.24333 val=None lr=5.09231e-05
2026-09-30 23:06:19,882 step=25760 train=2.11392 val=None lr=5.08491e-05
2026-09-30 23:06:20,558 step=25770 train=2.09671 val=None lr=5.07752e-05
2026-09-30 23:06:21,510 step=25780 train=2.58184 val=None lr=5.07014e-05
2026-09-30 23:06:22,343 step=25790 train=2.25747 val=None lr=5.06278e-05
2026-09-30 23:06:23,614 step=25800 train=2.30237 val=2.1349076449871065 lr=5.05543e-05
2026-09-30 23:06:24,452 step=25810 train=2.26088 val=None lr=5.04809e-05
2026-09-30 23:06:25,350 step=25820 train=2.16265 val=None lr=5.04076e-05
2026-09-30 23:06:26,161 step=25830 train=1.96485 val=None lr=5.03345e-05
2026-09-30 23:06:26,981 step=25840 train=1.96130 val=None lr=5.02614e-05
2026-09-30 23:06:27,815 step=25850 train=2.24180 val=None lr=5.01885e-05
2026-09-30 23:06:28,583 step=25860 train=1.89975 val=None lr=5.01157e-05
2026-09-30 23:06:29,516 step=25870 train=2.19729 val=None lr=5.00431e-05
2026-09-30 23:06:30,219 step=25880 train=2.00485 val=None lr=4.99705e-05
2026-09-30 23:06:31,057 step=25890 train=2.05686 val=None lr=4.98981e-05
2026-09-30 23:06:32,545 step=25900 train=2.34755 val=2.133769452571869 lr=4.98258e-05
2026-09-30 23:06:33,310 step=25910 train=2.18182 val=None lr=4.97536e-05
2026-09-30 23:06:34,042 step=25920 train=2.04363 val=None lr=4.96815e-05
2026-09-30 23:06:34,774 step=25930 train=2.10660 val=None lr=4.96096e-05
2026-09-30 23:06:35,446 step=25940 train=2.18786 val=None lr=4.95378e-05
2026-09-30 23:06:36,327 step=25950 train=2.29747 val=None lr=4.94661e-05
2026-09-30 23:06:37,148 step=25960 train=2.18768 val=None lr=4.93945e-05
2026-09-30 23:06:37,975 step=25970 train=2.13626 val=None lr=4.93231e-05
2026-09-30 23:06:38,804 step=25980 train=2.21559 val=None lr=4.92517e-05
2026-09-30 23:06:39,732 step=25990 train=2.34063 val=None lr=4.91805e-05
2026-09-30 23:06:41,026 step=26000 train=2.20882 val=2.1325848519802095 lr=4.91094e-05
2026-09-30 23:06:42,183 step=26010 train=2.14477 val=None lr=4.90384e-05
2026-09-30 23:06:40,515 step=26020 train=2.24946 val=None lr=4.89676e-05
2026-09-30 23:06:41,285 step=26030 train=2.18410 val=None lr=4.88969e-05
2026-09-30 23:06:41,963 step=26040 train=2.27357 val=None lr=4.88263e-05
2026-09-30 23:06:42,782 step=26050 train=2.16578 val=None lr=4.87558e-05
2026-09-30 23:06:43,534 step=26060 train=1.80507 val=None lr=4.86854e-05
2026-09-30 23:06:44,309 step=26070 train=2.27154 val=None lr=4.86152e-05
2026-09-30 23:06:45,059 step=26080 train=1.97894 val=None lr=4.85451e-05
2026-09-30 23:06:45,785 step=26090 train=2.31574 val=None lr=4.84751e-05
2026-09-30 23:06:47,010 step=26100 train=2.15601 val=2.1317186057567596 lr=4.84052e-05
2026-09-30 23:06:47,752 step=26110 train=2.14347 val=None lr=4.83355e-05
2026-09-30 23:06:48,488 step=26120 train=2.51154 val=None lr=4.82659e-05
2026-09-30 23:06:49,271 step=26130 train=2.25914 val=None lr=4.81964e-05
2026-09-30 23:06:50,133 step=26140 train=2.13129 val=None lr=4.8127e-05
2026-09-30 23:06:50,859 step=26150 train=2.12479 val=None lr=4.80577e-05
2026-09-30 23:06:51,667 step=26160 train=2.30580 val=None lr=4.79886e-05
2026-09-30 23:06:52,506 step=26170 train=1.87433 val=None lr=4.79196e-05
2026-09-30 23:06:53,282 step=26180 train=2.12489 val=None lr=4.78507e-05
2026-09-30 23:06:54,082 step=26190 train=1.80325 val=None lr=4.77819e-05
2026-09-30 23:06:55,329 step=26200 train=2.04853 val=2.129662793874741 lr=4.77133e-05
2026-09-30 23:06:56,042 step=26210 train=1.90894 val=None lr=4.76448e-05
2026-09-30 23:06:56,788 step=26220 train=1.99767 val=None lr=4.75764e-05
2026-09-30 23:06:57,568 step=26230 train=2.22587 val=None lr=4.75081e-05
2026-09-30 23:06:58,337 step=26240 train=2.20050 val=None lr=4.744e-05
2026-09-30 23:06:59,157 step=26250 train=2.41078 val=None lr=4.7372e-05
2026-09-30 23:06:59,924 step=26260 train=2.19279 val=None lr=4.73041e-05
2026-09-30 23:07:00,617 step=26270 train=1.98386 val=None lr=4.72363e-05
2026-09-30 23:07:01,384 step=26280 train=2.04949 val=None lr=4.71687e-05
2026-09-30 23:07:02,168 step=26290 train=2.16280 val=None lr=4.71011e-05
2026-09-30 23:07:03,329 step=26300 train=2.02021 val=2.131527215242386 lr=4.70337e-05
2026-09-30 23:07:04,034 step=26310 train=2.18451 val=None lr=4.69665e-05
2026-09-30 23:07:04,786 step=26320 train=2.00403 val=None lr=4.68993e-05
2026-09-30 23:07:05,629 step=26330 train=2.23838 val=None lr=4.68323e-05
2026-09-30 23:07:06,393 step=26340 train=2.20092 val=None lr=4.67654e-05
2026-09-30 23:07:07,320 step=26350 train=2.44116 val=None lr=4.66986e-05
2026-09-30 23:07:08,123 step=26360 train=2.16569 val=None lr=4.66319e-05
2026-09-30 23:07:08,891 step=26370 train=2.09775 val=None lr=4.65654e-05
2026-09-30 23:07:09,582 step=26380 train=2.18083 val=None lr=4.6499e-05
2026-09-30 23:07:10,373 step=26390 train=1.96484 val=None lr=4.64327e-05
2026-09-30 23:07:11,466 step=26400 train=2.21151 val=2.1303986489772795 lr=4.63666e-05
2026-09-30 23:07:12,160 step=26410 train=2.01343 val=None lr=4.63005e-05
2026-09-30 23:07:10,282 step=26420 train=2.06551 val=None lr=4.62346e-05
2026-09-30 23:07:11,110 step=26430 train=1.92669 val=None lr=4.61689e-05
2026-09-30 23:07:11,998 step=26440 train=2.21835 val=None lr=4.61032e-05
2026-09-30 23:07:12,772 step=26450 train=2.10528 val=None lr=4.60377e-05
2026-09-30 23:07:13,638 step=26460 train=1.95277 val=None lr=4.59723e-05
2026-09-30 23:07:14,293 step=26470 train=2.11235 val=None lr=4.5907e-05
2026-09-30 23:07:15,223 step=26480 train=2.24572 val=None lr=4.58418e-05
2026-09-30 23:07:15,963 step=26490 train=2.10875 val=None lr=4.57768e-05
2026-09-30 23:07:17,360 step=26500 train=2.16095 val=2.1279315531253813 lr=4.57119e-05
2026-09-30 23:07:18,648 step=26510 train=2.09873 val=None lr=4.56471e-05
2026-09-30 23:07:19,470 step=26520 train=2.07077 val=None lr=4.55825e-05
2026-09-30 23:07:20,214 step=26530 train=1.81390 val=None lr=4.55179e-05
2026-09-30 23:07:21,012 step=26540 train=2.00766 val=None lr=4.54535e-05
2026-09-30 23:07:21,680 step=26550 train=2.27174 val=None lr=4.53893e-05
2026-09-30 23:07:22,402 step=26560 train=2.27918 val=None lr=4.53251e-05
2026-09-30 23:07:23,096 step=26570 train=2.11202 val=None lr=4.52611e-05
2026-09-30 23:07:23,938 step=26580 train=2.13714 val=None lr=4.51972e-05
2026-09-30 23:07:24,746 step=26590 train=2.05998 val=None lr=4.51334e-05
2026-09-30 23:07:26,006 step=26600 train=2.00747 val=2.1290337800979615 lr=4.50698e-05
2026-09-30 23:07:26,826 step=26610 train=2.18361 val=None lr=4.50063e-05
2026-09-30 23:07:27,577 step=26620 train=2.17727 val=None lr=4.49429e-05
2026-09-30 23:07:28,367 step=26630 train=2.04565 val=None lr=4.48796e-05
2026-09-30 23:07:29,263 step=26640 train=2.08763 val=None lr=4.48165e-05
2026-09-30 23:07:30,071 step=26650 train=2.22643 val=None lr=4.47534e-05
2026-09-30 23:07:30,744 step=26660 train=2.41063 val=None lr=4.46906e-05
2026-09-30 23:07:31,552 step=26670 train=2.24453 val=None lr=4.46278e-05
2026-09-30 23:07:32,300 step=26680 train=2.30555 val=None lr=4.45652e-05
2026-09-30 23:07:33,004 step=26690 train=2.24656 val=None lr=4.45026e-05
2026-09-30 23:07:34,486 step=26700 train=2.29415 val=2.128005701303482 lr=4.44403e-05
2026-09-30 23:07:35,594 step=26710 train=2.09766 val=None lr=4.4378e-05
2026-09-30 23:07:36,568 step=26720 train=2.42754 val=None lr=4.43159e-05
2026-09-30 23:07:37,355 step=26730 train=2.28855 val=None lr=4.42539e-05
2026-09-30 23:07:38,110 step=26740 train=2.18841 val=None lr=4.4192e-05
2026-09-30 23:07:38,821 step=26750 train=2.04980 val=None lr=4.41303e-05
2026-09-30 23:07:39,770 step=26760 train=2.11538 val=None lr=4.40687e-05
2026-09-30 23:07:40,701 step=26770 train=2.54154 val=None lr=4.40072e-05
2026-09-30 23:07:41,535 step=26780 train=2.02229 val=None lr=4.39458e-05
2026-09-30 23:07:42,293 step=26790 train=2.20603 val=None lr=4.38846e-05
2026-09-30 23:07:40,881 step=26800 train=2.02892 val=2.1275181770324707 lr=4.38235e-05
2026-09-30 23:07:41,526 step=26810 train=2.02705 val=None lr=4.37625e-05
2026-09-30 23:07:42,234 step=26820 train=2.02546 val=None lr=4.37016e-05
2026-09-30 23:07:43,063 step=26830 train=2.00867 val=None lr=4.36409e-05
2026-09-30 23:07:43,959 step=26840 train=2.02857 val=None lr=4.35803e-05
2026-09-30 23:07:44,841 step=26850 train=2.06657 val=None lr=4.35198e-05
2026-09-30 23:07:45,497 step=26860 train=2.14909 val=None lr=4.34595e-05
2026-09-30 23:07:46,147 step=26870 train=2.23423 val=None lr=4.33993e-05
2026-09-30 23:07:46,842 step=26880 train=2.02680 val=None lr=4.33392e-05
2026-09-30 23:07:47,527 step=26890 train=2.08423 val=None lr=4.32792e-05
2026-09-30 23:07:48,783 step=26900 train=2.22779 val=2.125424528121948 lr=4.32194e-05
2026-09-30 23:07:49,615 step=26910 train=2.26537 val=None lr=4.31597e-05
2026-09-30 23:07:50,379 step=26920 train=2.22420 val=None lr=4.31001e-05
2026-09-30 23:07:51,109 step=26930 train=2.29480 val=None lr=4.30407e-05
2026-09-30 23:07:51,815 step=26940 train=2.34521 val=None lr=4.29813e-05
2026-09-30 23:07:52,592 step=26950 train=2.48484 val=None lr=4.29222e-05
2026-09-30 23:07:53,322 step=26960 train=2.01410 val=None lr=4.28631e-05
2026-09-30 23:07:53,982 step=26970 train=2.18076 val=None lr=4.28042e-05
2026-09-30 23:07:54,655 step=26980 train=2.31146 val=None lr=4.27454e-05
2026-09-30 23:07:55,413 step=26990 train=2.19739 val=None lr=4.26867e-05
2026-09-30 23:07:56,591 step=27000 train=2.53008 val=2.1249338507652284 lr=4.26281e-05
2026-09-30 23:07:57,822 step=27010 train=2.32583 val=None lr=4.25697e-05
2026-09-30 23:07:58,585 step=27020 train=2.16580 val=None lr=4.25114e-05
2026-09-30 23:07:59,403 step=27030 train=2.09453 val=None lr=4.24533e-05
2026-09-30 23:08:00,174 step=27040 train=2.26058 val=None lr=4.23952e-05
2026-09-30 23:08:00,864 step=27050 train=2.35760 val=None lr=4.23373e-05
2026-09-30 23:08:01,601 step=27060 train=2.47326 val=None lr=4.22796e-05
2026-09-30 23:08:02,391 step=27070 train=2.14291 val=None lr=4.22219e-05
2026-09-30 23:08:03,134 step=27080 train=2.41112 val=None lr=4.21644e-05
2026-09-30 23:08:03,822 step=27090 train=2.26531 val=None lr=4.2107e-05
2026-09-30 23:08:04,939 step=27100 train=2.17253 val=2.126241457462311 lr=4.20498e-05
2026-09-30 23:08:05,601 step=27110 train=2.02493 val=None lr=4.19926e-05
2026-09-30 23:08:06,416 step=27120 train=2.14717 val=None lr=4.19356e-05
2026-09-30 23:08:07,270 step=27130 train=2.13687 val=None lr=4.18788e-05
2026-09-30 23:08:07,964 step=27140 train=2.07091 val=None lr=4.1822e-05
2026-09-30 23:08:08,635 step=27150 train=1.86127 val=None lr=4.17654e-05
2026-09-30 23:08:09,319 step=27160 train=2.18261 val=None lr=4.17089e-05
2026-09-30 23:08:10,008 step=27170 train=2.28633 val=None lr=4.16526e-05
2026-09-30 23:08:10,661 step=27180 train=2.14941 val=None lr=4.15964e-05
2026-09-30 23:08:11,384 step=27190 train=2.12030 val=None lr=4.15403e-05
2026-09-30 23:08:10,094 step=27200 train=2.04598 val=2.124015134572983 lr=4.14843e-05
2026-09-30 23:08:10,777 step=27210 train=2.11126 val=None lr=4.14285e-05
2026-09-30 23:08:11,538 step=27220 train=2.19342 val=None lr=4.13728e-05
2026-09-30 23:08:12,227 step=27230 train=2.08284 val=None lr=4.13172e-05
2026-09-30 23:08:12,994 step=27240 train=2.23239 val=None lr=4.12618e-05
2026-09-30 23:08:13,628 step=27250 train=2.11459 val=None lr=4.12065e-05
2026-09-30 23:08:14,538 step=27260 train=2.20561 val=None lr=4.11513e-05
2026-09-30 23:08:15,288 step=27270 train=1.91626 val=None lr=4.10963e-05
2026-09-30 23:08:16,097 step=27280 train=2.01239 val=None lr=4.10413e-05
2026-09-30 23:08:16,747 step=27290 train=1.99982 val=None lr=4.09865e-05
2026-09-30 23:08:17,768 step=27300 train=1.99042 val=2.1240791022777556 lr=4.09319e-05
2026-09-30 23:08:18,478 step=27310 train=2.08872 val=None lr=4.08774e-05
2026-09-30 23:08:19,162 step=27320 train=2.16033 val=None lr=4.0823e-05
2026-09-30 23:08:19,834 step=27330 train=2.22732 val=None lr=4.07687e-05
2026-09-30 23:08:20,554 step=27340 train=2.05924 val=None lr=4.07146e-05
2026-09-30 23:08:21,278 step=27350 train=2.07060 val=None lr=4.06606e-05
2026-09-30 23:08:21,929 step=27360 train=2.11373 val=None lr=4.06067e-05
2026-09-30 23:08:22,581 step=27370 train=2.13054 val=None lr=4.05529e-05
2026-09-30 23:08:23,336 step=27380 train=2.24222 val=None lr=4.04993e-05
2026-09-30 23:08:24,121 step=27390 train=2.69791 val=None lr=4.04459e-05
2026-09-30 23:08:25,296 step=27400 train=2.52089 val=2.123081290721893 lr=4.03925e-05
2026-09-30 23:08:25,974 step=27410 train=2.30440 val=None lr=4.03393e-05
2026-09-30 23:08:26,700 step=27420 train=2.05111 val=None lr=4.02862e-05
2026-09-30 23:08:27,496 step=27430 train=2.11301 val=None lr=4.02332e-05
2026-09-30 23:08:28,159 step=27440 train=1.96228 val=None lr=4.01804e-05
2026-09-30 23:08:28,824 step=27450 train=2.06512 val=None lr=4.01277e-05
2026-09-30 23:08:29,714 step=27460 train=1.97599 val=None lr=4.00752e-05
2026-09-30 23:08:30,379 step=27470 train=2.19908 val=None lr=4.00227e-05
2026-09-30 23:08:31,110 step=27480 train=2.19275 val=None lr=3.99704e-05
2026-09-30 23:08:31,781 step=27490 train=2.23507 val=None lr=3.99183e-05
2026-09-30 23:08:32,841 step=27500 train=2.25416 val=2.124247485399246 lr=3.98662e-05
2026-09-30 23:08:34,299 step=27510 train=2.03323 val=None lr=3.98143e-05
2026-09-30 23:08:35,000 step=27520 train=2.34949 val=None lr=3.97626e-05
2026-09-30 23:08:35,818 step=27530 train=1.99502 val=None lr=3.97109e-05
2026-09-30 23:08:36,591 step=27540 train=2.03573 val=None lr=3.96594e-05
2026-09-30 23:08:37,295 step=27550 train=2.16522 val=None lr=3.9608e-05
2026-09-30 23:08:38,116 step=27560 train=2.23800 val=None lr=3.95568e-05
2026-09-30 23:08:38,894 step=27570 train=1.99337 val=None lr=3.95057e-05
2026-09-30 23:08:39,698 step=27580 train=1.98468 val=None lr=3.94547e-05
2026-09-30 23:08:40,504 step=27590 train=2.18978 val=None lr=3.94039e-05
2026-09-30 23:08:41,629 step=27600 train=2.14191 val=2.1235052824020384 lr=3.93531e-05
2026-09-30 23:08:39,882 step=27610 train=2.09118 val=None lr=3.93026e-05
2026-09-30 23:08:40,787 step=27620 train=2.16643 val=None lr=3.92521e-05
2026-09-30 23:08:41,627 step=27630 train=2.28686 val=None lr=3.92018e-05
2026-09-30 23:08:42,327 step=27640 train=2.05474 val=None lr=3.91516e-05
2026-09-30 23:08:43,326 step=27650 train=2.07237 val=None lr=3.91015e-05
2026-09-30 23:08:44,147 step=27660 train=2.52370 val=None lr=3.90516e-05
2026-09-30 23:08:44,820 step=27670 train=2.34780 val=None lr=3.90018e-05
2026-09-30 23:08:45,577 step=27680 train=2.21601 val=None lr=3.89522e-05
2026-09-30 23:08:46,327 step=27690 train=2.06923 val=None lr=3.89026e-05
2026-09-30 23:08:47,625 step=27700 train=2.29954 val=2.122474581003189 lr=3.88533e-05
2026-09-30 23:08:48,457 step=27710 train=2.12979 val=None lr=3.8804e-05
2026-09-30 23:08:49,165 step=27720 train=2.15764 val=None lr=3.87549e-05
2026-09-30 23:08:49,907 step=27730 train=2.60436 val=None lr=3.87059e-05
2026-09-30 23:08:50,758 step=27740 train=2.28928 val=None lr=3.8657e-05
2026-09-30 23:08:51,695 step=27750 train=2.00928 val=None lr=3.86083e-05
2026-09-30 23:08:52,629 step=27760 train=2.20475 val=None lr=3.85597e-05
2026-09-30 23:08:53,269 step=27770 train=2.23215 val=None lr=3.85112e-05
2026-09-30 23:08:53,995 step=27780 train=2.11760 val=None lr=3.84629e-05
2026-09-30 23:08:54,746 step=27790 train=2.13647 val=None lr=3.84147e-05
2026-09-30 23:08:55,814 step=27800 train=2.17269 val=2.123274451494217 lr=3.83667e-05
2026-09-30 23:08:56,624 step=27810 train=2.07335 val=None lr=3.83187e-05
2026-09-30 23:08:57,410 step=27820 train=2.35222 val=None lr=3.82709e-05
2026-09-30 23:08:58,239 step=27830 train=2.42457 val=None lr=3.82233e-05
2026-09-30 23:08:59,018 step=27840 train=1.81412 val=None lr=3.81757e-05
2026-09-30 23:08:59,693 step=27850 train=2.11559 val=None lr=3.81283e-05
2026-09-30 23:09:00,414 step=27860 train=2.25778 val=None lr=3.80811e-05
2026-09-30 23:09:01,157 step=27870 train=2.15499 val=None lr=3.8034e-05
2026-09-30 23:09:01,914 step=27880 train=2.27933 val=None lr=3.7987e-05
2026-09-30 23:09:02,740 step=27890 train=2.07326 val=None lr=3.79401e-05
2026-09-30 23:09:03,930 step=27900 train=2.24017 val=2.121532309055328 lr=3.78934e-05
2026-09-30 23:09:04,806 step=27910 train=2.28867 val=None lr=3.78468e-05
2026-09-30 23:09:05,716 step=27920 train=2.04661 val=None lr=3.78003e-05
2026-09-30 23:09:06,632 step=27930 train=2.25166 val=None lr=3.7754e-05
2026-09-30 23:09:07,323 step=27940 train=2.01612 val=None lr=3.77078e-05
2026-09-30 23:09:08,129 step=27950 train=2.17409 val=None lr=3.76617e-05
2026-09-30 23:09:08,836 step=27960 train=2.09437 val=None lr=3.76158e-05
2026-09-30 23:09:09,542 step=27970 train=2.20416 val=None lr=3.757e-05
2026-09-30 23:09:10,285 step=27980 train=2.27042 val=None lr=3.75244e-05
2026-09-30 23:09:11,051 step=27990 train=2.28534 val=None lr=3.74789e-05
2026-09-30 23:09:09,725 step=28000 train=1.85142 val=2.1212105453014374 lr=3.74335e-05
2026-09-30 23:09:11,223 step=28010 train=2.26242 val=None lr=3.73882e-05
2026-09-30 23:09:11,990 step=28020 train=2.29627 val=None lr=3.73431e-05
2026-09-30 23:09:12,749 step=28030 train=2.05427 val=None lr=3.72981e-05
2026-09-30 23:09:13,428 step=28040 train=1.96996 val=None lr=3.72533e-05
2026-09-30 23:09:14,139 step=28050 train=2.20444 val=None lr=3.72085e-05
2026-09-30 23:09:14,847 step=28060 train=2.15925 val=None lr=3.7164e-05
2026-09-30 23:09:15,591 step=28070 train=2.18295 val=None lr=3.71195e-05
2026-09-30 23:09:16,318 step=28080 train=2.21594 val=None lr=3.70752e-05
2026-09-30 23:09:17,066 step=28090 train=2.13134 val=None lr=3.7031e-05
2026-09-30 23:09:18,380 step=28100 train=2.22609 val=2.119473671913147 lr=3.6987e-05
2026-09-30 23:09:19,033 step=28110 train=2.28964 val=None lr=3.69431e-05
2026-09-30 23:09:19,840 step=28120 train=2.01137 val=None lr=3.68993e-05
2026-09-30 23:09:20,873 step=28130 train=2.01600 val=None lr=3.68557e-05
2026-09-30 23:09:21,871 step=28140 train=2.12359 val=None lr=3.68122e-05
2026-09-30 23:09:22,540 step=28150 train=2.02085 val=None lr=3.67688e-05
2026-09-30 23:09:23,190 step=28160 train=2.67035 val=None lr=3.67256e-05
2026-09-30 23:09:23,856 step=28170 train=2.19071 val=None lr=3.66825e-05
2026-09-30 23:09:24,507 step=28180 train=2.23911 val=None lr=3.66395e-05
2026-09-30 23:09:25,212 step=28190 train=1.98768 val=None lr=3.65967e-05
2026-09-30 23:09:26,340 step=28200 train=2.09104 val=2.1180091321468355 lr=3.6554e-05
2026-09-30 23:09:27,071 step=28210 train=2.12848 val=None lr=3.65114e-05
2026-09-30 23:09:27,775 step=28220 train=2.01367 val=None lr=3.6469e-05
2026-09-30 23:09:28,565 step=28230 train=2.25951 val=None lr=3.64267e-05
2026-09-30 23:09:29,343 step=28240 train=2.24579 val=None lr=3.63846e-05
2026-09-30 23:09:30,037 step=28250 train=2.23223 val=None lr=3.63425e-05
2026-09-30 23:09:30,819 step=28260 train=2.28428 val=None lr=3.63007e-05
2026-09-30 23:09:31,602 step=28270 train=2.11536 val=None lr=3.62589e-05
2026-09-30 23:09:32,400 step=28280 train=2.36076 val=None lr=3.62173e-05
2026-09-30 23:09:33,401 step=28290 train=2.09826 val=None lr=3.61758e-05
2026-09-30 23:09:34,645 step=28300 train=2.05096 val=2.1190212070941925 lr=3.61345e-05
2026-09-30 23:09:35,529 step=28310 train=2.10711 val=None lr=3.60933e-05
2026-09-30 23:09:36,245 step=28320 train=2.07307 val=None lr=3.60522e-05
2026-09-30 23:09:36,966 step=28330 train=2.05106 val=None lr=3.60113e-05
2026-09-30 23:09:37,742 step=28340 train=1.95096 val=None lr=3.59705e-05
2026-09-30 23:09:38,637 step=28350 train=2.09534 val=None lr=3.59298e-05
2026-09-30 23:09:39,467 step=28360 train=2.16829 val=None lr=3.58893e-05
2026-09-30 23:09:40,227 step=28370 train=1.90203 val=None lr=3.58489e-05
2026-09-30 23:09:40,919 step=28380 train=2.24367 val=None lr=3.58087e-05
2026-09-30 23:09:41,618 step=28390 train=1.94271 val=None lr=3.57685e-05
2026-09-30 23:09:40,039 step=28400 train=2.10816 val=2.1196351289749145 lr=3.57286e-05
2026-09-30 23:09:40,937 step=28410 train=2.37113 val=None lr=3.56887e-05
2026-09-30 23:09:41,680 step=28420 train=2.07065 val=None lr=3.5649e-05
2026-09-30 23:09:42,595 step=28430 train=2.17330 val=None lr=3.56094e-05
2026-09-30 23:09:43,526 step=28440 train=1.85267 val=None lr=3.557e-05
2026-09-30 23:09:44,307 step=28450 train=2.20656 val=None lr=3.55307e-05
2026-09-30 23:09:44,972 step=28460 train=2.09763 val=None lr=3.54915e-05
2026-09-30 23:09:45,701 step=28470 train=2.13354 val=None lr=3.54525e-05
2026-09-30 23:09:46,413 step=28480 train=2.03524 val=None lr=3.54136e-05
2026-09-30 23:09:47,179 step=28490 train=1.93559 val=None lr=3.53749e-05
2026-09-30 23:09:48,201 step=28500 train=2.33300 val=2.1182914435863496 lr=3.53362e-05
2026-09-30 23:09:49,426 step=28510 train=2.34148 val=None lr=3.52977e-05
2026-09-30 23:09:50,174 step=28520 train=2.06996 val=None lr=3.52594e-05
2026-09-30 23:09:50,895 step=28530 train=2.06139 val=None lr=3.52212e-05
2026-09-30 23:09:51,598 step=28540 train=2.15690 val=None lr=3.51831e-05
2026-09-30 23:09:52,463 step=28550 train=2.14303 val=None lr=3.51452e-05
2026-09-30 23:09:53,204 step=28560 train=1.90325 val=None lr=3.51074e-05
2026-09-30 23:09:54,019 step=28570 train=2.29343 val=None lr=3.50697e-05
2026-09-30 23:09:54,755 step=28580 train=2.30783 val=None lr=3.50322e-05
2026-09-30 23:09:55,418 step=28590 train=2.01412 val=None lr=3.49948e-05
2026-09-30 23:09:56,616 step=28600 train=2.18603 val=2.1185453295707704 lr=3.49575e-05
2026-09-30 23:09:57,465 step=28610 train=2.04335 val=None lr=3.49204e-05
2026-09-30 23:09:58,259 step=28620 train=2.15898 val=None lr=3.48835e-05
2026-09-30 23:09:59,040 step=28630 train=2.24081 val=None lr=3.48466e-05
2026-09-30 23:09:59,969 step=28640 train=2.11528 val=None lr=3.48099e-05
2026-09-30 23:10:00,726 step=28650 train=2.23847 val=None lr=3.47733e-05
2026-09-30 23:10:01,529 step=28660 train=2.17333 val=None lr=3.47369e-05
2026-09-30 23:10:02,300 step=28670 train=2.08853 val=None lr=3.47006e-05
2026-09-30 23:10:03,248 step=28680 train=2.22087 val=None lr=3.46645e-05
2026-09-30 23:10:03,994 step=28690 train=2.30332 val=None lr=3.46284e-05
2026-09-30 23:10:05,394 step=28700 train=2.05545 val=2.1166021883487702 lr=3.45925e-05
2026-09-30 23:10:06,110 step=28710 train=1.95433 val=None lr=3.45568e-05
2026-09-30 23:10:06,867 step=28720 train=1.91488 val=None lr=3.45212e-05
2026-09-30 23:10:07,601 step=28730 train=1.99118 val=None lr=3.44857e-05
2026-09-30 23:10:08,476 step=28740 train=2.01441 val=None lr=3.44504e-05
2026-09-30 23:10:09,268 step=28750 train=2.24697 val=None lr=3.44152e-05
2026-09-30 23:10:10,038 step=28760 train=2.10292 val=None lr=3.43801e-05
2026-09-30 23:10:10,797 step=28770 train=2.22079 val=None lr=3.43452e-05
2026-09-30 23:10:11,473 step=28780 train=1.83907 val=None lr=3.43104e-05
2026-09-30 23:10:09,535 step=28790 train=2.29410 val=None lr=3.42758e-05
2026-09-30 23:10:10,896 step=28800 train=2.30377 val=2.1156974852085115 lr=3.42413e-05
2026-09-30 23:10:11,656 step=28810 train=2.00422 val=None lr=3.42069e-05
2026-09-30 23:10:12,407 step=28820 train=2.16867 val=None lr=3.41727e-05
2026-09-30 23:10:13,102 step=28830 train=2.04110 val=None lr=3.41386e-05
2026-09-30 23:10:13,779 step=28840 train=2.20055 val=None lr=3.41046e-05
2026-09-30 23:10:14,441 step=28850 train=2.01007 val=None lr=3.40708e-05
2026-09-30 23:10:15,152 step=28860 train=1.99390 val=None lr=3.40371e-05
2026-09-30 23:10:15,920 step=28870 train=2.16459 val=None lr=3.40036e-05
2026-09-30 23:10:16,762 step=28880 train=2.31815 val=None lr=3.39702e-05
2026-09-30 23:10:17,521 step=28890 train=2.29042 val=None lr=3.39369e-05
2026-09-30 23:10:18,745 step=28900 train=2.14464 val=2.1164813220500944 lr=3.39038e-05
2026-09-30 23:10:19,640 step=28910 train=2.07806 val=None lr=3.38708e-05
2026-09-30 23:10:20,330 step=28920 train=2.16335 val=None lr=3.38379e-05
2026-09-30 23:10:21,094 step=28930 train=2.03323 val=None lr=3.38052e-05
2026-09-30 23:10:21,907 step=28940 train=2.22913 val=None lr=3.37726e-05
2026-09-30 23:10:22,694 step=28950 train=2.06466 val=None lr=3.37402e-05
2026-09-30 23:10:23,570 step=28960 train=1.93835 val=None lr=3.37079e-05
2026-09-30 23:10:24,467 step=28970 train=2.06361 val=None lr=3.36757e-05
2026-09-30 23:10:25,282 step=28980 train=2.26571 val=None lr=3.36437e-05
2026-09-30 23:10:26,156 step=28990 train=2.14365 val=None lr=3.36118e-05
2026-09-30 23:10:27,355 step=29000 train=2.16684 val=2.1172027230262755 lr=3.358e-05
2026-09-30 23:10:28,759 step=29010 train=2.32611 val=None lr=3.35484e-05
2026-09-30 23:10:29,497 step=29020 train=2.10266 val=None lr=3.3517e-05
2026-09-30 23:10:30,328 step=29030 train=2.16341 val=None lr=3.34856e-05
2026-09-30 23:10:31,192 step=29040 train=2.07593 val=None lr=3.34544e-05
2026-09-30 23:10:32,095 step=29050 train=1.90527 val=None lr=3.34234e-05
2026-09-30 23:10:32,843 step=29060 train=2.08164 val=None lr=3.33924e-05
2026-09-30 23:10:33,595 step=29070 train=2.05320 val=None lr=3.33617e-05
2026-09-30 23:10:34,344 step=29080 train=1.95070 val=None lr=3.3331e-05
2026-09-30 23:10:35,086 step=29090 train=2.47265 val=None lr=3.33005e-05
2026-09-30 23:10:36,122 step=29100 train=2.27130 val=2.1165363013744356 lr=3.32701e-05
2026-09-30 23:10:36,820 step=29110 train=2.06810 val=None lr=3.32399e-05
2026-09-30 23:10:37,484 step=29120 train=2.13665 val=None lr=3.32098e-05
2026-09-30 23:10:38,148 step=29130 train=2.33363 val=None lr=3.31799e-05
2026-09-30 23:10:38,952 step=29140 train=2.43179 val=None lr=3.31501e-05
2026-09-30 23:10:39,761 step=29150 train=2.00235 val=None lr=3.31204e-05
2026-09-30 23:10:40,668 step=29160 train=2.21291 val=None lr=3.30909e-05
2026-09-30 23:10:41,642 step=29170 train=2.30749 val=None lr=3.30615e-05
2026-09-30 23:10:39,726 step=29180 train=2.09152 val=None lr=3.30322e-05
2026-09-30 23:10:40,393 step=29190 train=1.95837 val=None lr=3.30031e-05
2026-09-30 23:10:41,920 step=29200 train=1.88451 val=2.1147705256938933 lr=3.29741e-05
2026-09-30 23:10:42,717 step=29210 train=2.12216 val=None lr=3.29453e-05
2026-09-30 23:10:43,455 step=29220 train=1.95204 val=None lr=3.29166e-05
2026-09-30 23:10:44,121 step=29230 train=2.00810 val=None lr=3.2888e-05
2026-09-30 23:10:44,788 step=29240 train=2.29901 val=None lr=3.28596e-05
2026-09-30 23:10:45,490 step=29250 train=2.17094 val=None lr=3.28313e-05
2026-09-30 23:10:46,375 step=29260 train=2.13056 val=None lr=3.28032e-05
2026-09-30 23:10:47,227 step=29270 train=2.03914 val=None lr=3.27752e-05
2026-09-30 23:10:47,915 step=29280 train=2.06084 val=None lr=3.27473e-05
2026-09-30 23:10:48,735 step=29290 train=1.98260 val=None lr=3.27196e-05
2026-09-30 23:10:50,164 step=29300 train=2.50739 val=2.114310073852539 lr=3.2692e-05
2026-09-30 23:10:50,800 step=29310 train=2.25890 val=None lr=3.26645e-05
2026-09-30 23:10:51,490 step=29320 train=2.12579 val=None lr=3.26372e-05
2026-09-30 23:10:52,283 step=29330 train=2.11288 val=None lr=3.26101e-05
2026-09-30 23:10:53,081 step=29340 train=2.29242 val=None lr=3.2583e-05
2026-09-30 23:10:53,855 step=29350 train=2.07335 val=None lr=3.25561e-05
2026-09-30 23:10:54,701 step=29360 train=1.95613 val=None lr=3.25294e-05
2026-09-30 23:10:55,415 step=29370 train=1.90668 val=None lr=3.25028e-05
2026-09-30 23:10:56,246 step=29380 train=2.34706 val=None lr=3.24763e-05
2026-09-30 23:10:56,960 step=29390 train=2.07434 val=None lr=3.245e-05
2026-09-30 23:10:58,196 step=29400 train=2.05085 val=2.113416826725006 lr=3.24238e-05
2026-09-30 23:10:58,970 step=29410 train=2.00276 val=None lr=3.23977e-05
2026-09-30 23:10:59,711 step=29420 train=2.22165 val=None lr=3.23718e-05
2026-09-30 23:11:00,554 step=29430 train=1.85036 val=None lr=3.2346e-05
2026-09-30 23:11:01,224 step=29440 train=2.11686 val=None lr=3.23204e-05
2026-09-30 23:11:02,009 step=29450 train=2.30026 val=None lr=3.22949e-05
2026-09-30 23:11:02,793 step=29460 train=2.33558 val=None lr=3.22695e-05
2026-09-30 23:11:03,514 step=29470 train=2.20910 val=None lr=3.22443e-05
2026-09-30 23:11:04,346 step=29480 train=2.28757 val=None lr=3.22192e-05
2026-09-30 23:11:05,182 step=29490 train=2.50702 val=None lr=3.21943e-05
2026-09-30 23:11:06,351 step=29500 train=1.94294 val=2.113334947824478 lr=3.21695e-05
2026-09-30 23:11:07,799 step=29510 train=2.01309 val=None lr=3.21448e-05
2026-09-30 23:11:08,738 step=29520 train=2.46439 val=None lr=3.21203e-05
2026-09-30 23:11:09,535 step=29530 train=2.19728 val=None lr=3.2096e-05
2026-09-30 23:11:10,203 step=29540 train=2.05193 val=None lr=3.20717e-05
2026-09-30 23:11:10,937 step=29550 train=1.99606 val=None lr=3.20476e-05
2026-09-30 23:11:11,603 step=29560 train=2.03488 val=None lr=3.20237e-05
2026-09-30 23:11:09,622 step=29570 train=1.96612 val=None lr=3.19998e-05
2026-09-30 23:11:10,366 step=29580 train=2.33126 val=None lr=3.19762e-05
2026-09-30 23:11:11,068 step=29590 train=2.32176 val=None lr=3.19526e-05
2026-09-30 23:11:12,293 step=29600 train=2.29628 val=2.1126016855239866 lr=3.19292e-05
2026-09-30 23:11:13,034 step=29610 train=2.23210 val=None lr=3.1906e-05
2026-09-30 23:11:13,986 step=29620 train=2.14787 val=None lr=3.18828e-05
2026-09-30 23:11:14,856 step=29630 train=2.02864 val=None lr=3.18599e-05
2026-09-30 23:11:15,718 step=29640 train=2.06292 val=None lr=3.1837e-05
2026-09-30 23:11:16,502 step=29650 train=2.03042 val=None lr=3.18143e-05
2026-09-30 23:11:17,423 step=29660 train=2.46590 val=None lr=3.17918e-05
2026-09-30 23:11:18,131 step=29670 train=2.27065 val=None lr=3.17694e-05
2026-09-30 23:11:18,913 step=29680 train=2.49220 val=None lr=3.17471e-05
2026-09-30 23:11:19,592 step=29690 train=2.27758 val=None lr=3.17249e-05
2026-09-30 23:11:20,788 step=29700 train=2.07564 val=2.112003022432327 lr=3.17029e-05
2026-09-30 23:11:21,521 step=29710 train=2.17109 val=None lr=3.16811e-05
2026-09-30 23:11:22,196 step=29720 train=2.40804 val=None lr=3.16594e-05
2026-09-30 23:11:22,856 step=29730 train=2.12095 val=None lr=3.16378e-05
2026-09-30 23:11:23,602 step=29740 train=2.04299 val=None lr=3.16164e-05
2026-09-30 23:11:24,318 step=29750 train=2.22012 val=None lr=3.15951e-05
2026-09-30 23:11:25,034 step=29760 train=2.19199 val=None lr=3.15739e-05
2026-09-30 23:11:25,765 step=29770 train=2.06350 val=None lr=3.15529e-05
2026-09-30 23:11:26,446 step=29780 train=2.44291 val=None lr=3.1532e-05
2026-09-30 23:11:27,327 step=29790 train=2.12404 val=None lr=3.15113e-05
2026-09-30 23:11:28,450 step=29800 train=2.04087 val=2.1124026477336884 lr=3.14907e-05
2026-09-30 23:11:29,118 step=29810 train=2.17469 val=None lr=3.14702e-05
2026-09-30 23:11:29,870 step=29820 train=2.11571 val=None lr=3.14499e-05
2026-09-30 23:11:30,602 step=29830 train=2.25430 val=None lr=3.14297e-05
2026-09-30 23:11:31,377 step=29840 train=2.21680 val=None lr=3.14097e-05
2026-09-30 23:11:32,147 step=29850 train=2.05465 val=None lr=3.13898e-05
2026-09-30 23:11:33,049 step=29860 train=2.11791 val=None lr=3.13701e-05
2026-09-30 23:11:33,786 step=29870 train=2.16643 val=None lr=3.13505e-05
2026-09-30 23:11:34,663 step=29880 train=2.03243 val=None lr=3.1331e-05
2026-09-30 23:11:35,354 step=29890 train=2.07926 val=None lr=3.13117e-05
2026-09-30 23:11:36,570 step=29900 train=2.02848 val=2.1120065093040465 lr=3.12925e-05
2026-09-30 23:11:37,300 step=29910 train=2.13043 val=None lr=3.12734e-05
2026-09-30 23:11:38,033 step=29920 train=2.21613 val=None lr=3.12545e-05
2026-09-30 23:11:38,773 step=29930 train=2.33868 val=None lr=3.12358e-05
2026-09-30 23:11:39,593 step=29940 train=2.21717 val=None lr=3.12171e-05
2026-09-30 23:11:40,309 step=29950 train=2.03377 val=None lr=3.11987e-05
2026-09-30 23:11:41,143 step=29960 train=2.07181 val=None lr=3.11803e-05
2026-09-30 23:11:39,515 step=29970 train=2.19342 val=None lr=3.11621e-05
2026-09-30 23:11:40,262 step=29980 train=2.13556 val=None lr=3.1144e-05
2026-09-30 23:11:41,053 step=29990 train=2.31660 val=None lr=3.11261e-05
2026-09-30 23:11:42,427 step=30000 train=2.15263 val=2.11146485209465 lr=3.11083e-05
2026-09-30 23:11:43,718 step=30010 train=2.47461 val=None lr=3.10907e-05
2026-09-30 23:11:44,525 step=30020 train=2.14439 val=None lr=3.10732e-05
2026-09-30 23:11:45,214 step=30030 train=2.17589 val=None lr=3.10559e-05
2026-09-30 23:11:45,879 step=30040 train=2.21864 val=None lr=3.10386e-05
2026-09-30 23:11:46,664 step=30050 train=2.39982 val=None lr=3.10216e-05
2026-09-30 23:11:47,546 step=30060 train=1.95483 val=None lr=3.10046e-05
2026-09-30 23:11:48,365 step=30070 train=2.01721 val=None lr=3.09878e-05
2026-09-30 23:11:49,140 step=30080 train=2.23225 val=None lr=3.09712e-05
2026-09-30 23:11:49,846 step=30090 train=1.96165 val=None lr=3.09547e-05
2026-09-30 23:11:51,091 step=30100 train=2.19917 val=2.1106534242630004 lr=3.09383e-05
2026-09-30 23:11:51,805 step=30110 train=2.09610 val=None lr=3.09221e-05
2026-09-30 23:11:52,540 step=30120 train=1.96915 val=None lr=3.0906e-05
2026-09-30 23:11:53,295 step=30130 train=2.08305 val=None lr=3.089e-05
2026-09-30 23:11:54,076 step=30140 train=2.22660 val=None lr=3.08742e-05
2026-09-30 23:11:54,798 step=30150 train=2.42228 val=None lr=3.08586e-05
2026-09-30 23:11:55,615 step=30160 train=2.14627 val=None lr=3.0843e-05
2026-09-30 23:11:56,638 step=30170 train=2.18944 val=None lr=3.08277e-05
2026-09-30 23:11:57,327 step=30180 train=2.10393 val=None lr=3.08124e-05
2026-09-30 23:11:58,089 step=30190 train=1.95018 val=None lr=3.07973e-05
2026-09-30 23:11:59,172 step=30200 train=2.33758 val=2.1114750504493713 lr=3.07824e-05
2026-09-30 23:11:59,967 step=30210 train=1.97352 val=None lr=3.07675e-05
2026-09-30 23:12:00,739 step=30220 train=2.42981 val=None lr=3.07529e-05
2026-09-30 23:12:01,610 step=30230 train=2.19751 val=None lr=3.07383e-05
2026-09-30 23:12:02,483 step=30240 train=2.33047 val=None lr=3.07239e-05
2026-09-30 23:12:03,311 step=30250 train=2.45675 val=None lr=3.07097e-05
2026-09-30 23:12:04,010 step=30260 train=2.06328 val=None lr=3.06956e-05
2026-09-30 23:12:04,784 step=30270 train=2.51292 val=None lr=3.06816e-05
2026-09-30 23:12:05,667 step=30280 train=2.22498 val=None lr=3.06678e-05
2026-09-30 23:12:06,373 step=30290 train=2.03990 val=None lr=3.06541e-05
2026-09-30 23:12:07,701 step=30300 train=1.99120 val=2.110578191280365 lr=3.06406e-05
2026-09-30 23:12:08,505 step=30310 train=2.13233 val=None lr=3.06271e-05
2026-09-30 23:12:09,389 step=30320 train=2.18193 val=None lr=3.06139e-05
2026-09-30 23:12:10,284 step=30330 train=2.22273 val=None lr=3.06008e-05
2026-09-30 23:12:11,015 step=30340 train=2.04000 val=None lr=3.05878e-05
2026-09-30 23:12:09,058 step=30350 train=2.00854 val=None lr=3.05749e-05
2026-09-30 23:12:09,762 step=30360 train=1.86264 val=None lr=3.05623e-05
2026-09-30 23:12:10,490 step=30370 train=2.19750 val=None lr=3.05497e-05
2026-09-30 23:12:11,389 step=30380 train=1.88633 val=None lr=3.05373e-05
2026-09-30 23:12:12,081 step=30390 train=2.12129 val=None lr=3.0525e-05
2026-09-30 23:12:13,464 step=30400 train=2.11989 val=2.110398453474045 lr=3.05129e-05
2026-09-30 23:12:14,273 step=30410 train=2.24683 val=None lr=3.05009e-05
2026-09-30 23:12:14,974 step=30420 train=2.27372 val=None lr=3.0489e-05
2026-09-30 23:12:15,640 step=30430 train=1.97313 val=None lr=3.04773e-05
2026-09-30 23:12:16,314 step=30440 train=1.97010 val=None lr=3.04658e-05
2026-09-30 23:12:17,139 step=30450 train=2.10771 val=None lr=3.04543e-05
2026-09-30 23:12:18,074 step=30460 train=1.96581 val=None lr=3.04431e-05
2026-09-30 23:12:18,876 step=30470 train=2.46049 val=None lr=3.04319e-05
2026-09-30 23:12:19,653 step=30480 train=2.39168 val=None lr=3.04209e-05
2026-09-30 23:12:20,494 step=30490 train=2.24155 val=None lr=3.04101e-05
2026-09-30 23:12:21,768 step=30500 train=2.34274 val=2.1097648799419404 lr=3.03994e-05
2026-09-30 23:12:23,000 step=30510 train=2.26460 val=None lr=3.03888e-05
2026-09-30 23:12:23,809 step=30520 train=2.19458 val=None lr=3.03784e-05
2026-09-30 23:12:24,618 step=30530 train=2.04339 val=None lr=3.03681e-05
2026-09-30 23:12:25,456 step=30540 train=1.89248 val=None lr=3.03579e-05
2026-09-30 23:12:26,209 step=30550 train=2.06167 val=None lr=3.03479e-05
2026-09-30 23:12:27,154 step=30560 train=2.26797 val=None lr=3.0338e-05
2026-09-30 23:12:28,128 step=30570 train=2.06697 val=None lr=3.03283e-05
2026-09-30 23:12:29,258 step=30580 train=2.33682 val=None lr=3.03187e-05
2026-09-30 23:12:30,162 step=30590 train=1.98747 val=None lr=3.03093e-05
2026-09-30 23:12:31,366 step=30600 train=2.22865 val=2.109804469347 lr=3.03e-05
2026-09-30 23:12:32,101 step=30610 train=2.09335 val=None lr=3.02908e-05
2026-09-30 23:12:32,894 step=30620 train=2.06097 val=None lr=3.02818e-05
2026-09-30 23:12:33,580 step=30630 train=2.17652 val=None lr=3.0273e-05
2026-09-30 23:12:34,234 step=30640 train=2.22652 val=None lr=3.02642e-05
2026-09-30 23:12:35,001 step=30650 train=2.20932 val=None lr=3.02556e-05
2026-09-30 23:12:35,747 step=30660 train=2.07673 val=None lr=3.02472e-05
2026-09-30 23:12:36,723 step=30670 train=2.37344 val=None lr=3.02389e-05
2026-09-30 23:12:37,432 step=30680 train=1.90520 val=None lr=3.02307e-05
2026-09-30 23:12:38,301 step=30690 train=2.16094 val=None lr=3.02227e-05
2026-09-30 23:12:39,507 step=30700 train=2.07639 val=2.107939821481705 lr=3.02148e-05
2026-09-30 23:12:40,210 step=30710 train=2.08960 val=None lr=3.02071e-05
2026-09-30 23:12:41,065 step=30720 train=2.48197 val=None lr=3.01995e-05
2026-09-30 23:12:39,250 step=30730 train=2.17835 val=None lr=3.0192e-05
2026-09-30 23:12:40,015 step=30740 train=2.01550 val=None lr=3.01847e-05
2026-09-30 23:12:40,732 step=30750 train=2.19629 val=None lr=3.01775e-05
2026-09-30 23:12:41,457 step=30760 train=1.90929 val=None lr=3.01705e-05
2026-09-30 23:12:42,150 step=30770 train=2.12026 val=None lr=3.01636e-05
2026-09-30 23:12:42,787 step=30780 train=2.09125 val=None lr=3.01569e-05
2026-09-30 23:12:43,450 step=30790 train=2.18854 val=None lr=3.01503e-05
2026-09-30 23:12:44,648 step=30800 train=2.09461 val=2.107325202226639 lr=3.01438e-05
2026-09-30 23:12:45,353 step=30810 train=2.27807 val=None lr=3.01375e-05
2026-09-30 23:12:46,439 step=30820 train=2.05349 val=None lr=3.01313e-05
2026-09-30 23:12:47,171 step=30830 train=2.12608 val=None lr=3.01253e-05
2026-09-30 23:12:47,909 step=30840 train=2.06998 val=None lr=3.01194e-05
2026-09-30 23:12:48,564 step=30850 train=2.01849 val=None lr=3.01136e-05
2026-09-30 23:12:49,276 step=30860 train=2.26281 val=None lr=3.0108e-05
2026-09-30 23:12:49,950 step=30870 train=2.15887 val=None lr=3.01026e-05
2026-09-30 23:12:50,606 step=30880 train=2.16004 val=None lr=3.00972e-05
2026-09-30 23:12:51,555 step=30890 train=2.07033 val=None lr=3.0092e-05
2026-09-30 23:12:52,783 step=30900 train=1.99451 val=2.1067606270313264 lr=3.0087e-05
2026-09-30 23:12:53,490 step=30910 train=2.13649 val=None lr=3.00821e-05
2026-09-30 23:12:54,303 step=30920 train=1.98407 val=None lr=3.00773e-05
2026-09-30 23:12:55,092 step=30930 train=2.06536 val=None lr=3.00727e-05
2026-09-30 23:12:55,967 step=30940 train=2.19387 val=None lr=3.00683e-05
2026-09-30 23:12:56,733 step=30950 train=2.11702 val=None lr=3.00639e-05
2026-09-30 23:12:57,521 step=30960 train=2.03811 val=None lr=3.00597e-05
2026-09-30 23:12:58,415 step=30970 train=2.12445 val=None lr=3.00557e-05
2026-09-30 23:12:59,101 step=30980 train=2.22936 val=None lr=3.00518e-05
2026-09-30 23:12:59,734 step=30990 train=2.13394 val=None lr=3.0048e-05
2026-09-30 23:13:00,971 step=31000 train=2.16141 val=2.107274228334427 lr=3.00444e-05
2026-09-30 23:13:02,374 step=31010 train=2.08677 val=None lr=3.00409e-05
2026-09-30 23:13:03,158 step=31020 train=2.36296 val=None lr=3.00376e-05
2026-09-30 23:13:04,015 step=31030 train=2.38639 val=None lr=3.00344e-05
2026-09-30 23:13:04,726 step=31040 train=2.21315 val=None lr=3.00313e-05
2026-09-30 23:13:05,528 step=31050 train=1.99768 val=None lr=3.00284e-05
2026-09-30 23:13:06,195 step=31060 train=1.96112 val=None lr=3.00256e-05
2026-09-30 23:13:06,871 step=31070 train=2.22647 val=None lr=3.0023e-05
2026-09-30 23:13:07,619 step=31080 train=2.38149 val=None lr=3.00205e-05
2026-09-30 23:13:08,394 step=31090 train=2.26717 val=None lr=3.00182e-05
2026-09-30 23:13:09,558 step=31100 train=2.10641 val=2.1073035657405854 lr=3.0016e-05
2026-09-30 23:13:10,449 step=31110 train=2.15160 val=None lr=3.00139e-05
2026-09-30 23:13:11,165 step=31120 train=2.11227 val=None lr=3.0012e-05
2026-09-30 23:13:09,312 step=31130 train=2.04570 val=None lr=3.00102e-05
2026-09-30 23:13:10,129 step=31140 train=2.18094 val=None lr=3.00086e-05
2026-09-30 23:13:10,975 step=31150 train=1.86152 val=None lr=3.00071e-05
2026-09-30 23:13:11,808 step=31160 train=2.11426 val=None lr=3.00058e-05
2026-09-30 23:13:12,510 step=31170 train=2.24736 val=None lr=3.00045e-05
2026-09-30 23:13:13,231 step=31180 train=2.43468 val=None lr=3.00035e-05
2026-09-30 23:13:14,178 step=31190 train=1.98888 val=None lr=3.00026e-05
2026-09-30 23:13:15,569 step=31200 train=2.07583 val=2.1052339673042297 lr=3.00018e-05
2026-09-30 23:13:16,243 step=31210 train=2.07661 val=None lr=3.00011e-05
2026-09-30 23:13:17,015 step=31220 train=2.19803 val=None lr=3.00006e-05
2026-09-30 23:13:17,876 step=31230 train=2.10467 val=None lr=3.00003e-05
2026-09-30 23:13:18,570 step=31240 train=1.87418 val=None lr=3.00001e-05
2026-09-30 23:13:19,873 step=31250 train=2.13702 val=2.104417610168457 lr=3e-05
2026-09-30 23:13:20,455 Completed: final validation loss 2.104418
