step,tokens_seen,train_loss,val_loss,val_ppl,lr,elapsed_seconds
1,2048,9.21034049987793,,,4.8e-07,0.13823463299922878
10,20480,9.210338592529297,,,4.8e-06,0.8804878379996808
20,40960,9.210328102111816,,,9.6e-06,1.7319026189979922
30,61440,9.21031665802002,,,1.44e-05,2.343603212000744
40,81920,9.210294723510742,,,1.92e-05,3.256293711998296
50,102400,9.210260391235352,,,2.4e-05,4.021929671998805
60,122880,9.210208892822266,,,2.88e-05,4.688254306998715
70,143360,9.210122108459473,,,3.36e-05,5.407494374001544
80,163840,9.21002197265625,,,3.84e-05,6.152732948998164
90,184320,9.209884643554688,,,4.319999999999999e-05,6.907848352999281
100,204800,9.209638595581055,9.209626531600952,9992.864143481955,4.8e-05,8.219792978001351
110,225280,9.209352493286133,,,5.279999999999999e-05,8.915371792998485
120,245760,9.208938598632812,,,5.76e-05,9.598227440998016
130,266240,9.208460807800293,,,6.24e-05,10.316096442998969
140,286720,9.207935333251953,,,6.72e-05,11.010054116999527
150,307200,9.207084655761719,,,7.2e-05,11.692350934001297
160,327680,9.206304550170898,,,7.68e-05,12.465162158998282
170,348160,9.205655097961426,,,8.159999999999999e-05,13.353416055000707
180,368640,9.20344066619873,,,8.639999999999999e-05,14.05496834099904
190,389120,9.202096939086914,,,9.12e-05,14.728933513000811
200,409600,9.199806213378906,9.19972915649414,9894.448848586839,9.6e-05,16.039535799998703
210,430080,9.197366714477539,,,0.0001008,16.8579785740003
220,450560,9.193826675415039,,,0.00010559999999999998,17.758582204998675
230,471040,9.19122314453125,,,0.00011039999999999999,18.47728272799941
240,491520,9.185564041137695,,,0.0001152,19.19623109999884
250,512000,9.180098533630371,,,0.00011999999999999999,19.9719096000008
260,532480,9.167074203491211,,,0.0001248,20.64894666699911
270,552960,9.153329849243164,,,0.00012959999999999998,21.427199097000994
280,573440,9.135477066040039,,,0.0001344,22.122381223998673
290,593920,9.097711563110352,,,0.0001392,22.910780228998192
300,614400,9.057266235351562,9.056172323226928,8571.27969624722,0.000144,24.21723912000016
310,634880,9.017950057983398,,,0.00014879999999999998,25.068321729999298
320,655360,8.978302955627441,,,0.0001536,25.870736780998413
330,675840,8.944172859191895,,,0.00015839999999999997,26.569502371999988
340,696320,8.897113800048828,,,0.00016319999999999998,27.25238642399927
350,716800,8.841440200805664,,,0.000168,28.05541716800144
360,737280,8.779961585998535,,,0.00017279999999999997,28.669325027000014
370,757760,8.736964225769043,,,0.00017759999999999998,29.452263963001315
380,778240,8.677457809448242,,,0.0001824,30.2153038739998
390,798720,8.606011390686035,,,0.0001872,30.948641090999445
400,819200,8.514785766601562,8.523645401000977,5032.365349649874,0.000192,32.049427883001044
410,839680,8.47000503540039,,,0.00019679999999999999,32.79100614900017
420,860160,8.395336151123047,,,0.0002016,33.46159400399847
430,880640,8.292726516723633,,,0.00020639999999999995,34.150811242998316
440,901120,8.185225486755371,,,0.00021119999999999996,34.978203414000745
450,921600,8.091547012329102,,,0.00021599999999999996,35.682189245999325
460,942080,8.022640228271484,,,0.00022079999999999997,36.33089353499963
470,962560,7.924286365509033,,,0.00022559999999999998,37.016865082998265
480,983040,7.812829494476318,,,0.0002304,37.726587618999474
490,1003520,7.709198474884033,,,0.0002352,38.408383141999366
500,1024000,7.544017791748047,7.54412944316864,1889.6170021786754,0.00023999999999999998,39.595675979999214
510,1044480,7.473344802856445,,,0.0002448,40.78636543899847
520,1064960,7.268294811248779,,,0.0002496,41.65113504200053
530,1085440,7.220646858215332,,,0.00025439999999999995,42.468237078999664
540,1105920,7.023017406463623,,,0.00025919999999999996,43.30437025300125
550,1126400,7.010142803192139,,,0.00026399999999999997,43.978409341998486
560,1146880,6.79334831237793,,,0.0002688,44.64707924100003
570,1167360,6.725481986999512,,,0.0002736,45.31805669199821
580,1187840,6.617436408996582,,,0.0002784,46.07432185400103
590,1208320,6.523741722106934,,,0.0002832,46.85997341199982
600,1228800,6.384614944458008,6.361146998405457,578.9099845599394,0.000288,48.163132992998726
610,1249280,6.321286201477051,,,0.0002928,48.84273544700045
620,1269760,6.130791664123535,,,0.00029759999999999997,49.58062661000076
630,1290240,6.1471052169799805,,,0.00029999998224211155,50.281101792999834
640,1310720,6.050112724304199,,,0.0002999998401790323,51.008568738001486
650,1331200,6.132914066314697,,,0.00029999955605302325,51.77044595999905
660,1351680,5.9934868812561035,,,0.0002999991298643834,52.440526782000234
670,1372160,5.988958835601807,,,0.0002999985616135613,53.13895518500067
680,1392640,5.873298168182373,,,0.0002999978513011549,53.80367059099808
690,1413120,5.951221466064453,,,0.0002999969989279116,54.548866049000935
700,1433600,5.682594299316406,5.753424644470215,315.2684961419154,0.0002999960044947285,55.76377065699853
710,1454080,5.672988414764404,,,0.00029999486800265195,56.63905939899996
720,1474560,5.713983535766602,,,0.000299993589452878,57.27328815000146
730,1495040,5.7234039306640625,,,0.0002999921688467519,58.03042505999838
740,1515520,5.465602874755859,,,0.0002999906061857688,58.76693605000037
750,1536000,5.657909870147705,,,0.00029998890147157306,59.43386837599974
760,1556480,5.500452995300293,,,0.00029998705470595855,60.2334030589991
770,1576960,5.400196552276611,,,0.00029998506589086867,61.066698840000754
780,1597440,5.522120475769043,,,0.0002999829350283963,61.91491768799824
790,1617920,5.482983589172363,,,0.0002999806621207837,62.64857398999811
800,1638400,5.481081962585449,5.319354629516601,204.25202122234865,0.0002999782471704228,64.05234305200065
810,1658880,5.334845066070557,,,0.0002999756901798549,64.92926998999974
820,1679360,5.358861923217773,,,0.0002999729911517707,65.65327756199986
830,1699840,5.146568775177002,,,0.0002999701500890105,66.43019321099928
840,1720320,5.3289079666137695,,,0.000299967166994564,67.20904876499844
850,1740800,5.166804313659668,,,0.00029996404187157034,67.84096154800136
860,1761280,5.133622169494629,,,0.00029996077472331815,68.55978133499957
870,1781760,5.1192498207092285,,,0.00029995736555324544,69.3459760529986
880,1802240,4.943425178527832,,,0.0002999538143649399,70.1311029339995
890,1822720,5.079024314880371,,,0.00029995012116213843,70.90219844199964
900,1843200,5.026922225952148,4.891196918487549,133.1128039156251,0.00029994628594872747,72.32674414199937
910,1863680,4.825284957885742,,,0.0002999423087287429,73.28115653499844
920,1884160,4.911108493804932,,,0.00029993818950637,74.0620256459988
930,1904640,4.828725814819336,,,0.0002999339282859435,74.86458164400028
940,1925120,4.627809524536133,,,0.00029992952507194756,75.61677546099963
950,1945600,4.598330020904541,,,0.0002999249798690158,76.3904391190008
960,1966080,4.623608589172363,,,0.0002999202926819312,77.15428151000015
970,1986560,4.884908676147461,,,0.00029991546351562626,77.96009171400146
980,2007040,4.745230197906494,,,0.0002999104923751827,78.75573486299982
990,2027520,4.527817726135254,,,0.00029990537926583174,79.56172951400004
1000,2048000,4.501669883728027,4.528477263450623,92.61742171719109,0.0002999001241929541,80.94991476300129
1010,2068480,4.615837097167969,,,0.0002998947271620797,82.28863602199999
1020,2088960,4.769691467285156,,,0.000299889188178888,83.01048824900136
1030,2109440,4.375359535217285,,,0.0002998835072492078,83.69122057500135
1040,2129920,4.346905708312988,,,0.00029987768437901715,84.33912799699829
1050,2150400,4.2792067527771,,,0.0002998717195744436,84.97693537699888
1060,2170880,4.117118835449219,,,0.0002998656128417641,85.7222342649984
1070,2191360,4.2122673988342285,,,0.0002998593641874048,86.60247521899873
1080,2211840,4.1625165939331055,,,0.0002998529736179414,87.42989254799977
1090,2232320,4.52730655670166,,,0.00029984644114009867,88.11146058599843
1100,2252800,4.2097368240356445,4.297206902503968,73.49423020343868,0.0002998397667607509,89.43755056000009
1110,2273280,4.562134265899658,,,0.00029983295048692174,90.25146879900058
1120,2293760,4.241071701049805,,,0.000299825992325784,90.9455411960007
1130,2314240,4.231161117553711,,,0.00029981889228466004,91.8490359009993
1140,2334720,4.324733734130859,,,0.0002998116503710212,92.66891594000117
1150,2355200,4.270351409912109,,,0.0002998042665924883,93.31349717199919
1160,2375680,4.427547931671143,,,0.00029979674095683155,94.12484852700072
1170,2396160,4.259064674377441,,,0.00029978907347197017,94.7803564470014
1180,2416640,4.2557525634765625,,,0.00029978126414597294,95.53663581100045
1190,2437120,4.0845866203308105,,,0.00029977331298705764,96.23430408599961
1200,2457600,4.3731584548950195,4.157955884933472,63.94068680252415,0.00029976522000359153,97.55036289299824
1210,2478080,4.42789888381958,,,0.000299756985204091,98.25742137199995
1220,2498560,4.408469200134277,,,0.0002997486085972216,98.966934226999
1230,2519040,4.3445234298706055,,,0.0002997400901917983,99.60481054100092
1240,2539520,4.233841419219971,,,0.0002997314299967851,100.32370650599842
1250,2560000,4.041863918304443,,,0.0002997226280212954,101.02120034600011
1260,2580480,3.91902494430542,,,0.00029971368427459153,101.81292654400022
1270,2600960,4.01052713394165,,,0.0002997045987660853,102.50108425899816
1280,2621440,4.0858964920043945,,,0.0002996953715053375,103.23835650399997
1290,2641920,4.081672668457031,,,0.0002996860025020582,104.02962418699826
1300,2662400,4.0573225021362305,4.063375103473663,58.170310951532365,0.00029967649176610654,105.28201594499842
1310,2682880,4.052224636077881,,,0.00029966683930749083,106.11215731599805
1320,2703360,4.301750183105469,,,0.00029965704513636865,106.8629585109993
1330,2723840,4.19205379486084,,,0.00029964710926304647,107.55495283900018
1340,2744320,4.057775974273682,,,0.0002996370316979801,108.42914878100055
1350,2764800,3.833357334136963,,,0.0002996268124517742,109.09878936400128
1360,2785280,3.9792275428771973,,,0.00029961645153518283,109.88801367599808
1370,2805760,4.030682563781738,,,0.000299605948959109,110.71811524299846
1380,2826240,4.050330638885498,,,0.0002995953047346046,111.72153427800004
1390,2846720,4.025904655456543,,,0.0002995845188728709,112.43180669399953
1400,2867200,4.0919976234436035,4.0024379134178165,54.73141797754729,0.0002995735913852581,113.59791171400138
1410,2887680,4.02187442779541,,,0.00029956252228326526,114.19824335999874
1420,2908160,3.9189491271972656,,,0.00029955131157854075,114.8921563920012
1430,2928640,4.028042793273926,,,0.0002995399592828817,115.5958073239999
1440,2949120,4.011623382568359,,,0.0002995284654082344,116.310599198001
1450,2969600,4.071186065673828,,,0.00029951682996669406,117.03244679199997
1460,2990080,3.982477903366089,,,0.00029950505297050487,117.75510076099818
1470,3010560,3.938076972961426,,,0.00029949313443206006,118.53904675200101
1480,3031040,3.9024949073791504,,,0.00029948107436390163,119.29035376599859
1490,3051520,3.994875192642212,,,0.0002994688727787207,120.15100724999866
1500,3072000,4.094080924987793,3.9542099952697756,52.154475382891256,0.00029945652968935724,121.40881094799988
1510,3092480,4.1286821365356445,,,0.00029944404510880005,122.72686537199843
1520,3112960,3.972191572189331,,,0.000299431419050187,123.56312995299959
1530,3133440,4.041451930999756,,,0.00029941865152680465,124.36744279699997
1540,3153920,4.02007532119751,,,0.0002994057425520885,125.13068193299841
1550,3174400,3.785083770751953,,,0.0002993926921396229,125.972404068998
1560,3194880,3.690884590148926,,,0.00029937950030314115,126.9473982519994
1570,3215360,4.403233528137207,,,0.0002993661670565252,127.75125355400087
1580,3235840,3.8504021167755127,,,0.00029935269241380594,128.48550857399823
1590,3256320,4.0614423751831055,,,0.00029933907638916293,129.27229415699912
1600,3276800,3.8750452995300293,3.9186617612838743,50.33304206207478,0.0002993253189969246,130.7822781219984
1610,3297280,4.017036437988281,,,0.0002993114202515681,131.59749621399897
1620,3317760,3.841944694519043,,,0.00029929738016771937,132.7254522809999
1630,3338240,3.6369893550872803,,,0.0002992831987601531,133.45219681099843
1640,3358720,3.6455588340759277,,,0.00029926887604379257,134.46232854199843
1650,3379200,4.140462875366211,,,0.0002992544120337099,135.24459152399868
1660,3399680,3.9018173217773438,,,0.00029923980674512586,135.98785892999877
1670,3420160,3.955021858215332,,,0.00029922506019340985,137.12598001999868
1680,3440640,4.050266265869141,,,0.0002992101723940799,137.90434040299806
1690,3461120,4.012127876281738,,,0.00029919514336280284,138.69668797199847
1700,3481600,4.033138275146484,3.885542154312134,48.69333460586472,0.000299179973115394,139.96908939100103
1710,3502080,3.922001838684082,,,0.00029916466166781715,140.6909173640015
1720,3522560,3.698793888092041,,,0.00029914920903618503,141.48776632500085
1730,3543040,3.957557201385498,,,0.0002991336152367587,142.36542621199987
1740,3563520,3.8644776344299316,,,0.0002991178802859477,143.1951731549998
1750,3584000,4.088687896728516,,,0.00029910200420031033,144.20942962900153
1760,3604480,4.041507720947266,,,0.0002990859869965532,145.13027781799974
1770,3624960,3.905275821685791,,,0.0002990698286915317,145.8240034010014
1780,3645440,4.155055522918701,,,0.0002990535293022493,146.58313076700142
1790,3665920,3.998389720916748,,,0.00029903708884585834,147.2243275639994
1800,3686400,4.020875930786133,3.8485859394073487,46.92665915349549,0.00029902050733965937,148.49202666600104
1810,3706880,4.029205799102783,,,0.0002990037848011014,149.14309452399903
1820,3727360,4.132968902587891,,,0.0002989869212477819,149.8279744399988
1830,3747840,3.610741376876831,,,0.0002989699166974467,150.48411868100084
1840,3768320,3.8387231826782227,,,0.00029895277116799004,151.17055203799828
1850,3788800,3.692044496536255,,,0.0002989354846774545,151.8801988289997
1860,3809280,3.8488612174987793,,,0.0002989180572440309,152.52003277499898
1870,3829760,3.5960464477539062,,,0.0002989004888860586,153.16176317200006
1880,3850240,3.8737893104553223,,,0.000298882779622025,153.90492275799988
1890,3870720,4.206144332885742,,,0.000298864929470566,154.69322314999954
1900,3891200,3.619258403778076,3.7927077770233155,44.376399131537426,0.0002988469384504656,155.86430203399868
1910,3911680,3.9339122772216797,,,0.00029882880658065606,156.56317463199957
1920,3932160,3.67253041267395,,,0.00029881053388021797,157.3139766460008
1930,3952640,3.8682408332824707,,,0.00029879212036837996,157.98481076499957
1940,3973120,3.8961448669433594,,,0.000298773566064519,158.6250202939991
1950,3993600,3.7011358737945557,,,0.00029875487098816016,159.3494134620014
1960,4014080,3.9438633918762207,,,0.00029873603515897655,160.0148264160016
1970,4034560,3.8106398582458496,,,0.0002987170585967895,160.86974786700011
1980,4055040,3.8474481105804443,,,0.0002986979413215685,161.672128522001
1990,4075520,3.470353841781616,,,0.00029867868335343084,162.34771144000115
2000,4096000,3.885779619216919,3.7213231325149536,41.319028506469266,0.00029865928471264224,163.5151083009987
2010,4116480,3.8136343955993652,,,0.0002986397454196161,164.71004307299881
2020,4136960,3.7088451385498047,,,0.00029862006549491416,165.47296331300095
2030,4157440,3.5912163257598877,,,0.0002986002449592459,166.16386830400006
2040,4177920,3.8557217121124268,,,0.0002985802838334688,166.9311480360011
2050,4198400,3.8342385292053223,,,0.0002985601821385884,167.6475882699997
2060,4218880,3.6705503463745117,,,0.0002985399398957581,168.37925747600093
2070,4239360,3.8210811614990234,,,0.0002985195571262792,169.21937070200147
2080,4259840,3.7537052631378174,,,0.00029849903385160086,169.9602506379997
2090,4280320,3.6205790042877197,,,0.00029847837009332016,170.68740562499806
2100,4300800,3.6538493633270264,3.6616217732429504,38.92441829057511,0.0002984575658731819,172.15892010199968
2110,4321280,3.7991883754730225,,,0.00029843662121307877,172.84455315200103
2120,4341760,3.5668129920959473,,,0.00029841553613505135,173.667390437
2130,4362240,3.631784439086914,,,0.0002983943106612877,174.33033340800102
2140,4382720,3.4902050495147705,,,0.00029837294481412395,175.08107135300088
2150,4403200,3.2802538871765137,,,0.0002983514386160437,175.85938613899998
2160,4423680,3.8295786380767822,,,0.00029832979208967836,176.74903698599883
2170,4444160,3.557389736175537,,,0.000298308005257807,177.4415282910013
2180,4464640,3.694467782974243,,,0.00029828607814335635,178.28298407599868
2190,4485120,3.7468528747558594,,,0.00029826401076940063,179.20831718000045
2200,4505600,3.500913143157959,3.609051775932312,36.93101732722747,0.0002982418031591619,180.58936819500013
2210,4526080,3.5853023529052734,,,0.0002982194553360096,181.37022679399888
2220,4546560,3.6804771423339844,,,0.0002981969673234606,182.28348506800103
2230,4567040,3.762751579284668,,,0.0002981743391451798,182.93907716000103
2240,4587520,3.6447665691375732,,,0.00029815157082497905,183.80550227099957
2250,4608000,3.6159720420837402,,,0.00029812866238681786,184.50124140499975
2260,4628480,3.480912923812866,,,0.0002981056138548034,185.1633422599989
2270,4648960,3.7747254371643066,,,0.00029808242525318994,185.864248433998
2280,4669440,3.564302444458008,,,0.00029805909660637935,186.52209235700138
2290,4689920,3.517991065979004,,,0.0002980356279389208,187.23865287199806
2300,4710400,3.638733386993408,3.556712603569031,35.047791572176685,0.00029801201927551077,188.44379377899895
2310,4730880,3.4948818683624268,,,0.0002979882706409932,189.2063182899983
2320,4751360,3.978954792022705,,,0.00029796438206035916,189.96536818999812
2330,4771840,3.67912220954895,,,0.0002979403535587471,190.59347821399933
2340,4792320,3.3949952125549316,,,0.0002979161851614427,191.40352902999803
2350,4812800,3.6273703575134277,,,0.0002978918768938788,192.12005732299804
2360,4833280,3.7179198265075684,,,0.00029786742878163547,192.86469244199907
2370,4853760,3.4385039806365967,,,0.0002978428408504399,193.7068073779992
2380,4874240,3.729177951812744,,,0.0002978181131261664,194.58167101399886
2390,4894720,3.663984775543213,,,0.00029779324563483655,195.31849104600042
2400,4915200,3.493720769882202,3.514163637161255,33.587824564958,0.00029776823840261884,196.64603669500138
2410,4935680,3.6949620246887207,,,0.00029774309145582886,197.26188731399816
2420,4956160,3.425464153289795,,,0.00029771780482092916,197.94942354600062
2430,4976640,3.509249210357666,,,0.00029769237852452944,198.6356044130007
2440,4997120,3.6320252418518066,,,0.0002976668125933863,199.28127343199958
2450,5017600,3.766359806060791,,,0.0002976411070544032,199.92361054299909
2460,5038080,3.3277506828308105,,,0.0002976152619346305,200.67943683499834
2470,5058560,3.3724007606506348,,,0.0002975892772612657,201.50964808799836
2480,5079040,3.65557861328125,,,0.0002975631530616528,202.18768427399846
2490,5099520,3.5433707237243652,,,0.0002975368893632829,202.85389248199863
2500,5120000,3.529799699783325,3.4807597160339356,32.48439161691833,0.0002975104861937938,204.19611527899906
2510,5140480,3.6874637603759766,,,0.00029748394358097,205.4660369939993
2520,5160960,3.7260055541992188,,,0.00029745726155274284,206.12946207799905
2530,5181440,3.399474620819092,,,0.00029743044013719037,206.8162802730003
2540,5201920,3.3105812072753906,,,0.0002974034793625372,207.51454261899926
2550,5222400,3.5258421897888184,,,0.0002973763792571547,208.20386927800064
2560,5242880,3.281540870666504,,,0.00029734913984956083,208.93432472600034
2570,5263360,3.4829986095428467,,,0.00029732176116842014,209.62732234400028
2580,5283840,3.272867202758789,,,0.0002972942432425438,210.3053643179992
2590,5304320,3.5234386920928955,,,0.0002972665861008894,211.02989926200098
2600,5324800,3.4939427375793457,3.4468637466430665,31.40175385606541,0.0002972387897725611,212.3585843719993
2610,5345280,3.6533753871917725,,,0.0002972108542868095,213.0833188280012
2620,5365760,3.5209481716156006,,,0.00029718277967303165,213.72318397300114
2630,5386240,3.6447651386260986,,,0.00029715456596077103,214.50146468100138
2640,5406720,3.348120927810669,,,0.0002971262131797174,215.18453450800007
2650,5427200,3.395169973373413,,,0.00029709772135970707,215.85403132300053
2660,5447680,3.658827781677246,,,0.00029706909053072236,216.633409181999
2670,5468160,3.3337950706481934,,,0.00029704032072289224,217.30503027400118
2680,5488640,3.608884334564209,,,0.00029701141196649154,217.97075683399817
2690,5509120,3.769519805908203,,,0.0002969823642919416,218.67627919900042
2700,5529600,3.647160768508911,3.412139880657196,30.3300776132562,0.00029695317772980985,219.9567810189983
2710,5550080,3.7217326164245605,,,0.00029692385231080986,220.6240009360008
2720,5570560,3.611879825592041,,,0.0002968943880658013,221.3662195270008
2730,5591040,3.328604221343994,,,0.00029686478502578996,222.04310513100063
2740,5611520,3.3460516929626465,,,0.0002968350432219278,222.89017475400033
2750,5632000,3.5948920249938965,,,0.00029680516268551255,223.7311908119991
2760,5652480,3.5515198707580566,,,0.0002967751434479881,224.56676353000148
2770,5672960,3.5759050846099854,,,0.00029674498554094436,225.35085444300057
2780,5693440,3.462684154510498,,,0.00029671468899611706,226.1342445429982
2790,5713920,3.358114719390869,,,0.0002966842538453877,227.2070970169989
2800,5734400,3.367544174194336,3.384643793106079,29.50748007609988,0.00029665368012078393,228.35594897099872
2810,5754880,3.3902318477630615,,,0.00029662296785447904,229.03784429900043
2820,5775360,3.370779275894165,,,0.00029659211707879206,229.74898834000123
2830,5795840,3.4410922527313232,,,0.0002965611278261879,230.5656303350006
2840,5816320,3.484586238861084,,,0.00029653000012927716,231.26087806899886
2850,5836800,3.3135757446289062,,,0.0002964987340208161,231.95209807599895
2860,5857280,3.4618654251098633,,,0.00029646732953370666,232.64369201299996
2870,5877760,3.3931522369384766,,,0.0002964357867009964,233.31782440499956
2880,5898240,3.2424442768096924,,,0.0002964041055558784,234.07775495399983
2890,5918720,3.7762367725372314,,,0.0002963722861316914,234.8500298809995
2900,5939200,3.579378128051758,3.3517515301704406,28.5527007883907,0.0002963403284619195,236.07215436800107
2910,5959680,3.4305849075317383,,,0.00029630823258019253,236.9000963010003
2920,5980160,3.395777463912964,,,0.0002962759985202854,237.7285032079999
2930,6000640,3.2492504119873047,,,0.00029624362631611883,238.41165597000145
2940,6021120,3.6028363704681396,,,0.00029621111600175855,239.11310193900135
2950,6041600,3.391862392425537,,,0.0002961784676114159,239.99994354299997
2960,6062080,3.5767130851745605,,,0.00029614568117944737,240.7158183520005
2970,6082560,3.716951847076416,,,0.00029611275674035475,241.39414823900006
2980,6103040,3.3623640537261963,,,0.00029607969432878504,242.1480313389984
2990,6123520,3.11930251121521,,,0.00029604649397953046,242.86131325099996
3000,6144000,3.6817338466644287,3.3266289234161377,27.844317983350678,0.00029601315572752845,244.06019346899848
3010,6164480,3.2592992782592773,,,0.0002959796796078614,245.361647067999
3020,6184960,3.5427932739257812,,,0.00029594606565575693,246.19891207099863
3030,6205440,3.178086280822754,,,0.00029591231390658764,246.99557932699827
3040,6225920,3.3166136741638184,,,0.0002958784243958711,247.6673104170004
3050,6246400,3.6086220741271973,,,0.00029584439715926996,248.4908849860003
3060,6266880,3.3667173385620117,,,0.0002958102322325917,249.16999979899992
3070,6287360,3.196153402328491,,,0.0002957759296517887,249.95371742099815
3080,6307840,3.2677505016326904,,,0.0002957414894529583,250.76909173400054
3090,6328320,3.232262372970581,,,0.0002957069116723425,251.47036769199985
3100,6348800,3.28671932220459,3.2944595336914064,26.962837625895318,0.0002956721963463282,252.5812760100016
3110,6369280,3.563060760498047,,,0.0002956373435114471,253.22584826800085
3120,6389760,3.145541191101074,,,0.00029560235320437537,253.99590911799896
3130,6410240,3.486341953277588,,,0.00029556722546193406,254.6741736160002
3140,6430720,3.2572522163391113,,,0.0002955319603210887,255.68461912899875
3150,6451200,3.489978790283203,,,0.0002954965578189496,256.2937508799987
3160,6471680,3.381542921066284,,,0.00029546101799277134,256.9437458100001
3170,6492160,3.2900989055633545,,,0.00029542534087995326,257.7236378939997
3180,6512640,3.4179282188415527,,,0.00029538952651803903,258.43692835899856
3190,6533120,3.477257490158081,,,0.0002953535749447169,259.30653780099965
3200,6553600,3.355869770050049,3.258838939666748,26.019309609633,0.0002953174861978192,260.51847591600017
3210,6574080,3.2022411823272705,,,0.00029528126031532306,261.30098056600036
3220,6594560,3.2959256172180176,,,0.0002952448973353494,262.0379161819983
3230,6615040,3.1721034049987793,,,0.00029520839729616394,262.8818102699988
3240,6635520,3.273725986480713,,,0.0002951717602361762,263.57661092000126
3250,6656000,3.3529839515686035,,,0.00029513498619394016,264.3450663809999
3260,6676480,3.1187961101531982,,,0.0002950980752081538,265.07810968299964
3270,6696960,3.2649593353271484,,,0.00029506102731765926,265.9927562119992
3280,6717440,3.282766819000244,,,0.0002950238425614428,266.69960185200034
3290,6737920,3.4879891872406006,,,0.00029498652097863465,267.3585265010006
3300,6758400,3.4739127159118652,3.2270068287849427,25.204103757649758,0.00029494906260850895,268.62432647600144
3310,6778880,3.4018421173095703,,,0.0002949114674904839,269.2761099290001
3320,6799360,3.2305455207824707,,,0.00029487373566412155,270.24345213500055
3330,6819840,3.107149124145508,,,0.0002948358671691279,271.0287983240014
3340,6840320,3.2354698181152344,,,0.0002947978620453527,271.64941898100005
3350,6860800,3.285430431365967,,,0.0002947597203327893,272.32161271400037
3360,6881280,3.170884847640991,,,0.0002947214420715752,272.9920981239993
3370,6901760,3.273560047149658,,,0.0002946830273019912,273.92918508399816
3380,6922240,3.1001107692718506,,,0.00029464447606446193,274.71955388100105
3390,6942720,3.0796027183532715,,,0.0002946057883995556,275.53144163899924
3400,6963200,3.1814229488372803,3.2013766407966613,24.566325935983155,0.00029456696434798397,276.71626293900044
3410,6983680,3.3561196327209473,,,0.0002945280039506024,277.4143520860016
3420,7004160,3.560732364654541,,,0.0002944889072484096,278.30724516899863
3430,7024640,3.382272243499756,,,0.00029444967428254783,279.02493714999946
3440,7045120,3.130486011505127,,,0.0002944103050943026,279.66217967600096
3450,7065600,3.2495431900024414,,,0.000294370799725103,280.4143480599996
3460,7086080,3.159688949584961,,,0.0002943311582165212,281.2489139169993
3470,7106560,3.1078553199768066,,,0.0002942913806102727,281.9545278789992
3480,7127040,3.1160507202148438,,,0.00029425146694821635,282.57933957099885
3490,7147520,3.193392753601074,,,0.000294211417272354,283.2142628049987
3500,7168000,3.356879472732544,3.167697215080261,23.75272391543335,0.00029417123162483067,284.58164956999826
3510,7188480,3.365889549255371,,,0.00029413091004793456,285.8047532109995
3520,7208960,3.0641324520111084,,,0.0002940904525840967,286.5240375780013
3530,7229440,3.14052677154541,,,0.00029404985927589144,287.1523576590007
3540,7249920,3.052774667739868,,,0.00029400913016603574,287.9366198030002
3550,7270400,3.3253116607666016,,,0.00029396826529738977,288.7879969780006
3560,7290880,3.3782172203063965,,,0.00029392726471295634,289.59034447199883
3570,7311360,3.2022318840026855,,,0.00029388612845588117,290.36196565299906
3580,7331840,3.453472137451172,,,0.0002938448565694527,291.03804700899855
3590,7352320,3.0713956356048584,,,0.00029380344909710215,291.70261167900026
3600,7372800,3.281299352645874,3.1475655317306517,23.279322768284178,0.0002937619060824034,292.8876625949997
3610,7393280,2.9924638271331787,,,0.000293720227569073,293.62932532099876
3620,7413760,3.2061214447021484,,,0.00029367841360097,294.35854543299865
3630,7434240,3.1817433834075928,,,0.0002936364642220961,295.27198068000143
3640,7454720,3.2973883152008057,,,0.0002935943794765954,296.11123346599925
3650,7475200,3.0390212535858154,,,0.0002935521594087544,296.7929133840007
3660,7495680,3.10203218460083,,,0.0002935098040630023,297.6937855340002
3670,7516160,3.0878453254699707,,,0.00029346731348391027,298.400977123998
3680,7536640,3.228379249572754,,,0.000293424687716192,299.18155949100037
3690,7557120,2.999788761138916,,,0.0002933819268047035,300.0459806200015
3700,7577600,3.183198928833008,3.1235459804534913,22.726825808703694,0.00029333903079444283,301.36386005500026
3710,7598080,3.107677936553955,,,0.0002932959997305502,302.1606546840012
3720,7618560,3.260317087173462,,,0.00029325283365830816,302.86684023400085
3730,7639040,3.0942115783691406,,,0.0002932095326231412,303.6712394489987
3740,7659520,3.511948347091675,,,0.0002931660966706157,304.33961964300033
3750,7680000,3.2236623764038086,,,0.0002931225258464402,305.054533505001
3760,7700480,2.9917092323303223,,,0.0002930788201964652,305.7616342100009
3770,7720960,3.2764952182769775,,,0.000293034979766683,306.42479300299965
3780,7741440,2.9755232334136963,,,0.0002929910046032276,307.1759259600003
3790,7761920,3.0924997329711914,,,0.00029294689475237504,307.9350308559988
3800,7782400,3.356123447418213,3.1047375559806825,22.303364822407428,0.00029290265026054284,309.1649206959992
3810,7802880,3.104487895965576,,,0.00029285827117429044,309.8241370190008
3820,7823360,3.29331636428833,,,0.0002928137575403187,310.5449161479992
3830,7843840,3.2165346145629883,,,0.0002927691094054704,311.2990407399993
3840,7864320,3.0401482582092285,,,0.00029272432681672934,311.9485250289981
3850,7884800,3.007415771484375,,,0.00029267940982122124,312.60191671899884
3860,7905280,3.3095524311065674,,,0.0002926343584662131,313.2723090139989
3870,7925760,3.068938732147217,,,0.0002925891727991134,313.94336565499907
3880,7946240,3.210766077041626,,,0.0002925438528674718,314.6329285380016
3890,7966720,3.5245208740234375,,,0.0002924983987189793,315.262278754999
3900,7987200,3.4256231784820557,3.0819952487945557,21.801859161461955,0.0002924528104014683,316.5211452279982
3910,8007680,3.008204221725464,,,0.00029240708796291214,317.1648440159988
3920,8028160,3.2573258876800537,,,0.0002923612314514255,317.8798576629997
3930,8048640,3.03890323638916,,,0.00029231524091526405,318.55045957900074
3940,8069120,3.0773251056671143,,,0.00029226911640282456,319.29931641000076
3950,8089600,3.02646803855896,,,0.0002922228579626447,320.0280874359996
3960,8110080,3.0764293670654297,,,0.00029217646564340307,320.7443195779997
3970,8130560,2.980881690979004,,,0.00029212993949391926,321.43998947
3980,8151040,3.3943424224853516,,,0.0002920832795631536,322.21268054399843
3990,8171520,2.887688159942627,,,0.00029203648590020724,322.93627465100144
4000,8192000,3.0051562786102295,3.0633745551109315,21.399649750845146,0.00029198955855432214,324.1074251940008
4010,8212480,3.091836929321289,,,0.00029194249757488066,325.5380540309998
4020,8232960,3.1813607215881348,,,0.0002918953030114062,326.2166580730009
4030,8253440,3.301039934158325,,,0.00029184797491356234,326.91610163899895
4040,8273920,3.381906747817993,,,0.0002918005133311534,327.60658891099956
4050,8294400,2.9432077407836914,,,0.0002917529183141241,328.2774869749992
4060,8314880,3.36722731590271,,,0.00029170518991255965,329.0248445489997
4070,8335360,3.135295867919922,,,0.0002916573281766855,329.70679014599955
4080,8355840,3.127631664276123,,,0.0002916093331568675,330.45929612599866
4090,8376320,3.0420379638671875,,,0.0002915612049036118,331.114672153999
4100,8396800,3.2388904094696045,3.047455632686615,21.061687520761566,0.0002915129434675645,332.6024057629984
4110,8417280,3.2897963523864746,,,0.00029146454889951223,333.1982269789987
4120,8437760,3.0054991245269775,,,0.00029141602125038146,333.90780465100033
4130,8458240,3.0857110023498535,,,0.0002913673605712388,334.64106249700126
4140,8478720,3.0828332901000977,,,0.0002913185669132907,335.339116662999
4150,8499200,3.08614444732666,,,0.00029126964032788385,336.15113569000096
4160,8519680,2.908647060394287,,,0.00029122058086650444,337.1085773289997
4170,8540160,3.115184783935547,,,0.00029117138858077884,337.88257464100025
4180,8560640,3.1684317588806152,,,0.0002911220635224729,338.5355988629999
4190,8581120,2.857940196990967,,,0.0002910726057434925,339.1945270670003
4200,8601600,3.196997880935669,3.0311198234558105,20.720422817971034,0.0002910230152958829,340.4336899400005
4210,8622080,3.2925829887390137,,,0.0002909732922318291,341.1316773539984
4220,8642560,3.0695018768310547,,,0.0002909234366036556,341.9183577490003
4230,8663040,3.1437606811523438,,,0.0002908734484638265,342.620260994001
4240,8683520,3.091433525085449,,,0.00029082332786494527,343.29585799100096
4250,8704000,3.406741142272949,,,0.00029077307485975476,344.0730266239989
4260,8724480,3.1280202865600586,,,0.0002907226895011372,344.73050884500117
4270,8744960,3.1394450664520264,,,0.00029067217184211406,345.49596788599956
4280,8765440,3.130021095275879,,,0.000290621521935846,346.2851006689998
4290,8785920,3.104405403137207,,,0.000290570739835633,347.13026570299917
4300,8806400,3.1018075942993164,3.0104108810424806,20.295737345998205,0.00029051982559491393,348.5504854059982
4310,8826880,3.1086435317993164,,,0.00029046877926726687,349.43003532500006
4320,8847360,3.554443359375,,,0.00029041760090640884,350.4392497580011
4330,8867840,3.144186496734619,,,0.00029036629056619585,351.22316225800023
4340,8888320,3.0054068565368652,,,0.00029031484830062274,351.97533970099903
4350,8908800,3.1111083030700684,,,0.0002902632741638231,352.63818899299804
4360,8929280,2.85697078704834,,,0.0002902115682100696,353.4296677179991
4370,8949760,3.102949619293213,,,0.00029015973049377323,354.13707380100095
4380,8970240,2.8150529861450195,,,0.0002901077610694839,354.84537796600125
4390,8990720,3.2890028953552246,,,0.00029005565999188997,355.4930229769998
4400,9011200,2.9503631591796875,2.99807984828949,20.047006648932474,0.00029000342731581847,356.7531454409982
4410,9031680,2.861651659011841,,,0.0002899510630962348,357.4578047110008
4420,9052160,2.790099859237671,,,0.0002898985673882429,358.20321767600035
4430,9072640,3.280409336090088,,,0.000289845940247085,358.9668398770009
4440,9093120,3.181469440460205,,,0.00028979318172814154,359.7614404849992
4450,9113600,3.1680068969726562,,,0.0002897402918869315,360.3928742399985
4460,9134080,2.8741073608398438,,,0.00028968727077911176,361.00596935700014
4470,9154560,3.14791202545166,,,0.00028963411846047747,361.844463677
4480,9175040,3.0779929161071777,,,0.00028958083498696185,362.4954594589981
4490,9195520,3.1663455963134766,,,0.00028952742041463614,363.2345924170004
4500,9216000,2.8688645362854004,2.9803896069526674,19.695488649446176,0.0002894738747997095,364.4826058369981
4510,9236480,3.0393459796905518,,,0.000289420198198529,365.7030327780012
4520,9256960,2.9534664154052734,,,0.0002893663906675796,366.42025372100034
4530,9277440,3.0319700241088867,,,0.000289312452263484,367.1183982520015
4540,9297920,3.0252432823181152,,,0.0002892583830430026,367.81068416799826
4550,9318400,2.7497942447662354,,,0.0002892041830630334,368.56838779999816
4560,9338880,3.093294143676758,,,0.00028914985238061227,369.3285592159991
4570,9359360,3.0438504219055176,,,0.0002890953910529123,369.9506433860006
4580,9379840,2.8807780742645264,,,0.0002890407991372442,370.698159855001
4590,9400320,3.030913829803467,,,0.0002889860766910561,371.45365980600036
4600,9420800,3.0377538204193115,2.9702714562416075,19.49721151749643,0.0002889312237719335,372.81775254400054
4610,9441280,3.281982183456421,,,0.0002888762404375992,373.48398344199813
4620,9461760,3.049987316131592,,,0.00028882112674591317,374.19782186700104
4630,9482240,3.318265914916992,,,0.0002887658827548727,374.99032494999847
4640,9502720,3.1785974502563477,,,0.00028871050852261195,375.7254079419981
4650,9523200,3.0129554271698,,,0.0002886550041074025,376.4934676390003
4660,9543680,2.910059928894043,,,0.00028859936956765253,377.38865989699843
4670,9564160,2.9873571395874023,,,0.00028854360496190733,378.1938914989987
4680,9584640,3.0992398262023926,,,0.0002884877103488492,378.9844439560002
4690,9605120,2.8265199661254883,,,0.00028843168578729714,379.68490566699984
4700,9625600,3.155752182006836,2.9582003712654115,19.263273802093853,0.0002883755313362067,380.86729833700156
4710,9646080,2.9873838424682617,,,0.00028831924705467044,381.596712696999
4720,9666560,2.977717399597168,,,0.0002882628330019173,382.49991680899984
4730,9687040,2.9222207069396973,,,0.00028820628923731286,383.6843028600015
4740,9707520,3.255221128463745,,,0.0002881496158203593,384.5510756010008
4750,9728000,3.1529173851013184,,,0.00028809281281069515,385.3784518350003
4760,9748480,2.8803467750549316,,,0.00028803588026809525,386.0926418279996
4770,9768960,2.9028244018554688,,,0.0002879788182524708,386.8751979230001
4780,9789440,3.287719249725342,,,0.0002879216268238693,387.6340782769985
4790,9809920,2.9921603202819824,,,0.0002878643060424744,388.4783902220006
4800,9830400,3.3434739112854004,2.9476629734039306,19.06135474103395,0.0002878068559686058,389.64312061500095
4810,9850880,2.961820602416992,,,0.0002877492766627194,390.30726765899817
4820,9871360,3.0652198791503906,,,0.0002876915681854069,391.12918200900094
4830,9891840,2.9990651607513428,,,0.00028763373059739614,391.8029651500001
4840,9912320,2.9273717403411865,,,0.0002875757639595507,392.5971017369993
4850,9932800,3.1370201110839844,,,0.00028751766833287,393.30856260200017
4860,9953280,2.77603816986084,,,0.0002874594437784891,394.01090515399846
4870,9973760,2.841383218765259,,,0.000287401090357679,394.8372779169986
4880,9994240,2.929044246673584,,,0.000287342608131846,395.5557926859983
4890,10014720,2.8473219871520996,,,0.000287283997162532,396.27945284999805
4900,10035200,2.893190383911133,2.9303252696990967,18.733723018211972,0.0002872252575114146,397.61332358599975
4910,10055680,3.0337090492248535,,,0.00028716638924030654,398.28485917099897
4920,10076160,2.9875760078430176,,,0.0002871073924111562,398.9432843520008
4930,10096640,3.155925750732422,,,0.0002870482670860469,399.7441617559998
4940,10117120,3.124051570892334,,,0.00028698901332719745,400.3580054829981
4950,10137600,2.859119415283203,,,0.0002869296311969617,401.0313592040002
4960,10158080,2.6126842498779297,,,0.00028687012075782865,401.7473176050007
4970,10178560,2.954157829284668,,,0.0002868104820724222,402.44107386500036
4980,10199040,2.7550048828125,,,0.00028675071520350135,403.22941909400106
4990,10219520,3.1667137145996094,,,0.00028669082021395994,403.9942565599995
5000,10240000,3.230691909790039,2.9105648398399353,18.367170147047293,0.00028663079716682654,405.26577044199803
5010,10260480,2.9533822536468506,,,0.00028657064612526466,406.51889298199967
5020,10280960,3.0734195709228516,,,0.0002865103671525723,407.31940620300156
5030,10301440,3.055522918701172,,,0.0002864499603121822,407.9878963529991
5040,10321920,2.9385221004486084,,,0.0002863894256676617,408.7660534479983
5050,10342400,2.9808897972106934,,,0.00028632876328271256,409.45041750100063
5060,10362880,3.219796895980835,,,0.0002862679732211709,410.07406819899916
5070,10383360,2.9883604049682617,,,0.0002862070555470074,410.8146340809981
5080,10403840,3.3455584049224854,,,0.00028614601032432677,411.50368121200154
5090,10424320,2.912360191345215,,,0.0002860848376173682,412.21658263599966
5100,10444800,3.134955883026123,2.904384529590607,18.25400539398334,0.00028602353749050474,413.5626256639989
5110,10465280,3.097583770751953,,,0.0002859621100082438,414.20716745900063
5120,10485760,3.0483574867248535,,,0.00028590055523522673,414.9745815060014
5130,10506240,2.7561557292938232,,,0.0002858388732362287,415.72843526200086
5140,10526720,2.913278102874756,,,0.000285777064076159,416.49595230699924
5150,10547200,3.042987585067749,,,0.0002857151278200605,417.37213733599856
5160,10567680,3.094806671142578,,,0.00028565306453310995,418.2942938220003
5170,10588160,2.805668830871582,,,0.00028559087428061775,418.9687703089985
5180,10608640,3.049895763397217,,,0.0002855285571280278,419.63481524300005
5190,10629120,2.7282276153564453,,,0.00028546611314091776,420.32631493900044
5200,10649600,3.2303922176361084,2.892795205116272,18.04367495055509,0.0002854035423849986,421.4883542969983
5210,10670080,2.7325844764709473,,,0.0002853408449261148,422.1415781729993
5220,10690560,3.1335763931274414,,,0.0002852780208302439,422.9899498499981
5230,10711040,2.9252405166625977,,,0.00028521507016349715,423.8408024199998
5240,10731520,2.9905972480773926,,,0.0002851519929921186,424.71591666699896
5250,10752000,2.87799334526062,,,0.00028508878938248556,425.61624560199925
5260,10772480,2.8512377738952637,,,0.0002850254594011085,426.36430196999936
5270,10792960,3.0128934383392334,,,0.0002849620031146307,427.08156583800155
5280,10813440,3.250276565551758,,,0.0002848984205898285,427.78453576899847
5290,10833920,2.931405782699585,,,0.00028483471189361093,428.4812991079998
5300,10854400,3.129122257232666,2.876233923435211,17.7473094373094,0.00028477087709301996,429.7234988679993
5310,10874880,2.8219234943389893,,,0.0002847069162552301,430.42211238899836
5320,10895360,3.053067207336426,,,0.0002846428294475486,431.146913837998
5330,10915840,2.953554153442383,,,0.00028457861673741533,431.9300009969993
5340,10936320,2.893418788909912,,,0.00028451427819240247,432.6600177219989
5350,10956800,2.7766153812408447,,,0.0002844498138802147,433.47573265699975
5360,10977280,3.160346269607544,,,0.00028438522386868906,434.35219958200105
5370,10997760,2.964794158935547,,,0.0002843205082257949,434.9995354269995
5380,11018240,2.8037500381469727,,,0.00028425566701963367,435.7454426020013
5390,11038720,2.9246420860290527,,,0.0002841907003184391,436.4576652450014
5400,11059200,2.9444150924682617,2.8667598009109496,17.579963234174336,0.0002841256081905769,437.82929449600124
5410,11079680,3.0231785774230957,,,0.00028406039070454466,438.70618639700115
5420,11100160,2.7498936653137207,,,0.0002839950479289721,439.5429008780011
5430,11120640,3.0168709754943848,,,0.0002839295799326207,440.2974732959992
5440,11141120,2.9318742752075195,,,0.0002838639867843836,441.04259652999826
5450,11161600,2.922305107116699,,,0.00028379826855328577,441.7019035259982
5460,11182080,3.1560869216918945,,,0.0002837324253084838,442.5608808149991
5470,11202560,2.8311376571655273,,,0.0002836664571192658,443.2701064399989
5480,11223040,2.855076789855957,,,0.00028360036405505125,444.00068317299883
5490,11243520,2.865299701690674,,,0.0002835341461853913,444.8088264879989
5500,11264000,2.9470291137695312,2.8521050930023195,17.32421256071957,0.0002834678035799683,446.2763964379992
5510,11284480,2.6631991863250732,,,0.0002834013363085957,447.4033852930006
5520,11304960,2.9013795852661133,,,0.0002833347444412184,448.1197621749998
5530,11325440,2.801304340362549,,,0.00028326802804791223,448.82042200700016
5540,11345920,2.6890788078308105,,,0.00028320118719888423,449.4583472410013
5550,11366400,3.2172131538391113,,,0.0002831342219644723,450.19843035300073
5560,11386880,2.9646120071411133,,,0.00028306713241514517,450.89340112399805
5570,11407360,2.9688329696655273,,,0.0002829999186215025,451.5620635539999
5580,11427840,2.941256046295166,,,0.0002829325806542746,452.53527156600103
5590,11448320,2.8530592918395996,,,0.0002828651185843227,453.206309535999
5600,11468800,3.13637113571167,2.8464438676834107,17.226413382732822,0.0002827975324826382,454.43693107799845
5610,11489280,2.8408169746398926,,,0.0002827298224203434,455.0945853049998
5620,11509760,2.737058639526367,,,0.0002826619884686909,455.82822532299906
5630,11530240,2.686696767807007,,,0.00028259403069906357,456.6364899100008
5640,11550720,2.885939598083496,,,0.0002825259491829748,457.3165294959981
5650,11571200,3.104996681213379,,,0.00028245774399206794,458.03024191499935
5660,11591680,2.966614246368408,,,0.00028238941519811674,458.71103177199984
5670,11612160,2.8431520462036133,,,0.00028232096287302493,459.3978929369987
5680,11632640,3.0632970333099365,,,0.0002822523870888261,460.0575187260001
5690,11653120,2.825695037841797,,,0.0002821836879176839,460.76037577399984
5700,11673600,3.055553913116455,2.8280518889427184,16.912481319237614,0.00028211486543189187,462.0414497439997
5710,11694080,2.968775749206543,,,0.00028204591970387315,462.78888409999854
5720,11714560,3.0065040588378906,,,0.00028197685080618063,463.5045099980016
5730,11735040,2.9794929027557373,,,0.0002819076588114969,464.1713504399995
5740,11755520,2.830980062484741,,,0.0002818383437926341,464.92002795900044
5750,11776000,2.6591763496398926,,,0.0002817689058225336,465.75229451999985
5760,11796480,2.9554927349090576,,,0.00028169934497426644,466.5057500260009
5770,11816960,2.881657838821411,,,0.00028162966132103275,467.2126184640001
5780,11837440,2.989091396331787,,,0.00028155985493616203,467.87473630100067
5790,11857920,3.1650588512420654,,,0.0002814899258931129,468.70665411699883
5800,11878400,3.0694785118103027,2.8274677872657774,16.902605595032124,0.00028141987426547293,469.99112869500095
5810,11898880,2.8498103618621826,,,0.0002813497001269589,470.7882863429986
5820,11919360,2.929736614227295,,,0.00028127940355141646,471.5366131390001
5830,11939840,3.0516200065612793,,,0.0002812089846128199,472.32421647199953
5840,11960320,2.8549110889434814,,,0.0002811384433852725,473.0813498690004
5850,11980800,2.7122156620025635,,,0.00028106777994300615,473.8642491339997
5860,12001280,2.90006947517395,,,0.00028099699436038135,474.5734673920015
5870,12021760,2.6358933448791504,,,0.0002809260867118871,475.52828328100077
5880,12042240,2.6024246215820312,,,0.00028085505707214095,476.4301630629998
5890,12062720,2.829810380935669,,,0.00028078390551588867,477.2577531269999
5900,12083200,2.6595492362976074,2.8068982005119323,16.55847740374905,0.0002807126321180045,478.6315627469994
5910,12103680,2.9377501010894775,,,0.0002806412369534907,479.37910084100076
5920,12124160,3.172534465789795,,,0.0002805697200974779,480.1165182670011
5930,12144640,2.7610673904418945,,,0.0002804980816252246,481.06957450900154
5940,12165120,2.6276895999908447,,,0.0002804263216121174,481.92694148699957
5950,12185600,2.870882034301758,,,0.0002803544401336706,482.6201944329987
5960,12206080,2.856673002243042,,,0.00028028243726552655,483.40731074499854
5970,12226560,2.8066813945770264,,,0.0002802103130834553,484.18355188499845
5980,12247040,2.826502799987793,,,0.00028013806766335445,484.9343373769989
5990,12267520,3.016739845275879,,,0.0002800657010812493,485.72979777900036
6000,12288000,2.6998395919799805,2.7973634123802187,16.401346127063732,0.00027999321341329255,487.08699564999915
6010,12308480,2.798943281173706,,,0.0002799206047357644,488.3461612020001
6020,12328960,2.784066677093506,,,0.0002798478751250723,488.9959656989995
6030,12349440,2.9997141361236572,,,0.00027977502465775106,489.609432680998
6040,12369920,3.131120204925537,,,0.0002797020534104627,490.25961866099897
6050,12390400,2.9167542457580566,,,0.0002796289614599961,491.01985504099866
6060,12410880,2.8038382530212402,,,0.0002795557488832675,491.7059591629986
6070,12431360,2.8661293983459473,,,0.0002794824157573198,492.42554666900105
6080,12451840,2.923978328704834,,,0.00027940896215932284,493.0657169549995
6090,12472320,2.913163661956787,,,0.0002793353881665734,493.7790719900004
6100,12492800,3.003840923309326,2.7878254652023315,16.24565462302948,0.0002792616938564946,495.0090236590004
6110,12513280,3.0135388374328613,,,0.0002791878793066366,495.813838621998
6120,12533760,2.7529685497283936,,,0.00027911394459467564,496.7149404060001
6130,12554240,2.633774518966675,,,0.0002790398897984148,497.3967692799997
6140,12574720,2.8839197158813477,,,0.0002789657149957834,498.0959811620014
6150,12595200,2.7855727672576904,,,0.00027889142026483695,498.77883259100054
6160,12615680,2.9266514778137207,,,0.0002788170056837571,499.4293940179996
6170,12636160,2.881643056869507,,,0.0002787424713308519,500.08245228599844
6180,12656640,2.7103006839752197,,,0.0002786678172845553,501.05484400299974
6190,12677120,3.01703143119812,,,0.00027859304362342713,501.6952992539991
6200,12697600,3.0464518070220947,2.7802533149719237,16.1231046545766,0.00027851815042615315,502.9245135679994
6210,12718080,2.9438724517822266,,,0.0002784431377715449,503.58931796600154
6220,12738560,2.724501848220825,,,0.00027836800573853966,504.47215701299865
6230,12759040,2.981948137283325,,,0.0002782927544062003,505.6167479350006
6240,12779520,2.606030225753784,,,0.0002782173838537153,506.3677004700003
6250,12800000,2.706559181213379,,,0.0002781418941603984,507.0731362180013
6260,12820480,2.5050435066223145,,,0.00027806628540568914,507.8853967040013
6270,12840960,2.9065823554992676,,,0.00027799055766915173,508.5633671830001
6280,12861440,2.924370288848877,,,0.0002779147110304762,509.24702924099984
6290,12881920,2.804985523223877,,,0.00027783874556947723,509.987761796001
6300,12902400,3.1117401123046875,2.7669380068778993,15.909843518413258,0.00027776266136609484,511.1604346589993
6310,12922880,2.679655075073242,,,0.00027768645850039387,511.83690781599944
6320,12943360,3.2697811126708984,,,0.0002776101370525641,512.5721502699998
6330,12963840,2.8587985038757324,,,0.00027753369710292,513.3285948839984
6340,12984320,2.8460710048675537,,,0.0002774571387319008,514.017448396
6350,13004800,2.6707983016967773,,,0.0002773804620200704,514.9253560219986
6360,13025280,2.6855342388153076,,,0.00027730366704811717,515.5946020740012
6370,13045760,2.9887285232543945,,,0.0002772267538968539,516.3854847000002
6380,13066240,2.616162061691284,,,0.0002771497226472178,517.0706606940003
6390,13086720,2.7045764923095703,,,0.00027707257338027035,517.7566418759998
6400,13107200,2.944573402404785,2.7547381639480593,15.716925106376666,0.0002769953061771972,518.9372596110006
6410,13127680,2.6411828994750977,,,0.00027691792111930806,519.5718475780013
6420,13148160,2.7922985553741455,,,0.00027684041828803684,520.4598884650004
6430,13168640,2.780947685241699,,,0.00027676279776494113,521.1167898460008
6440,13189120,3.0373008251190186,,,0.0002766850596317026,521.8977915379983
6450,13209600,3.1331701278686523,,,0.0002766072039701265,522.5886657400006
6460,13230080,2.696462392807007,,,0.00027652923086214187,523.540678772999
6470,13250560,2.85186505317688,,,0.0002764511403898014,524.3789253280011
6480,13271040,2.901431083679199,,,0.00027637293263528106,525.0937845349981
6490,13291520,2.6070151329040527,,,0.00027629460768088045,525.8697262860005
6500,13312000,2.8614213466644287,2.753028726577759,15.690080957985774,0.0002762161656090224,527.1593294949998
6510,13332480,2.850022554397583,,,0.000276137606502253,528.4402006429991
6520,13352960,2.467539072036743,,,0.0002760589304432416,529.1517940939993
6530,13373440,2.5752170085906982,,,0.00027598013751478043,529.8747622240007
6540,13393920,2.869494915008545,,,0.0002759012277997848,530.7025029399992
6550,13414400,2.782494306564331,,,0.000275822201381293,531.4288252719998
6560,13434880,2.750880718231201,,,0.00027574305834246606,532.1965327840007
6570,13455360,2.935882806777954,,,0.0002756637987665876,532.9869145820012
6580,13475840,2.6821746826171875,,,0.0002755844227370641,533.7000249349985
6590,13496320,2.7488420009613037,,,0.00027550493033742443,534.4526977310015
6600,13516800,2.9602179527282715,2.737333428859711,15.445742960814156,0.00027542532165132004,535.6978466699984
6610,13537280,2.5645174980163574,,,0.00027534559676252457,536.5290452269983
6620,13557760,2.7323455810546875,,,0.00027526575575493423,537.5082464859988
6630,13578240,3.0288262367248535,,,0.00027518579871256706,538.3531856359987
6640,13598720,2.6206398010253906,,,0.0002751057257195635,539.2116884839998
6650,13619200,2.730306625366211,,,0.0002750255368601859,539.8451953039985
6660,13639680,2.931884765625,,,0.00027494523221881847,540.8350403660006
6670,13660160,2.7604784965515137,,,0.00027486481187996743,541.5966654139993
6680,13680640,2.8577864170074463,,,0.0002747842759282605,542.3179163399982
6690,13701120,2.8787174224853516,,,0.0002747036244484474,542.9636637000003
6700,13721600,2.6041479110717773,2.7257956147193907,15.268556984301554,0.00027462285752539913,544.3003088180012
6710,13742080,2.670534610748291,,,0.0002745419752441083,545.047825878999
6720,13762560,2.4592556953430176,,,0.00027446097768968884,545.9767399170014
6730,13783040,2.88126277923584,,,0.00027437986494737614,546.7806162659981
6740,13803520,2.9535465240478516,,,0.0002742986371025266,547.567770136
6750,13824000,2.9020121097564697,,,0.00027421729424061787,548.2530272020012
6760,13844480,2.906722068786621,,,0.00027413583644724865,548.898651173
6770,13864960,2.935312032699585,,,0.0002740542638081385,549.6071693080012
6780,13885440,3.0256567001342773,,,0.0002739725764091279,550.249794684998
6790,13905920,2.654317855834961,,,0.00027389077433617807,550.9129821880015
6800,13926400,2.826681137084961,2.71779317855835,15.146858921702902,0.0002738088576753709,552.1076981369988
6810,13946880,2.8749661445617676,,,0.0002737268265129088,552.7838647669996
6820,13967360,2.8025662899017334,,,0.00027364468093511485,553.5507720569985
6830,13987840,2.750556707382202,,,0.0002735624210284324,554.284476795001
6840,14008320,2.9637269973754883,,,0.00027348004687942514,554.9858486990015
6850,14028800,2.823061943054199,,,0.0002733975585747769,555.6364624960006
6860,14049280,2.9019012451171875,,,0.0002733149562012918,556.2904295619992
6870,14069760,2.500908613204956,,,0.00027323223984589384,556.9271571829995
6880,14090240,2.9812541007995605,,,0.0002731494095956271,557.5928824990006
6890,14110720,2.4969305992126465,,,0.00027306646553765533,558.2668850080008
6900,14131200,2.5893752574920654,2.704482007026672,14.946572465459683,0.00027298340775926225,559.4414418589986
6910,14151680,2.728656768798828,,,0.00027290023634785114,560.0592421260008
6920,14172160,2.471797227859497,,,0.0002728169513909449,561.0618602549985
6930,14192640,2.824455738067627,,,0.00027273355297618583,561.7498902029984
6940,14213120,2.701354742050171,,,0.00027265004119133576,562.550922579001
6950,14233600,3.0093648433685303,,,0.00027256641612427574,563.4602097030001
6960,14254080,2.7674312591552734,,,0.000272482677863006,564.2123926550012
6970,14274560,2.9282960891723633,,,0.00027239882649564593,564.8636697199981
6980,14295040,3.042532444000244,,,0.0002723148621104339,565.7863254139993
6990,14315520,2.8121495246887207,,,0.00027223078479572736,566.480774145999
7000,14336000,2.8649377822875977,2.6968976855278015,14.833641647722613,0.00027214659464000235,567.7053481190014
7010,14356480,2.571777820587158,,,0.0002720622917318539,568.9417954259989
7020,14376960,2.7509703636169434,,,0.00027197787615999554,569.6824762100005
7030,14397440,2.586327075958252,,,0.00027189334801325937,570.4828239919989
7040,14417920,2.568324327468872,,,0.00027180870738059606,571.1790123079991
7050,14438400,2.744062900543213,,,0.00027172395435107454,571.9641636710003
7060,14458880,2.893503427505493,,,0.00027163908901388205,572.5791548240013
7070,14479360,2.6335511207580566,,,0.000271554111458324,573.4382495229984
7080,14499840,2.675021171569824,,,0.00027146902177382383,574.5420642649988
7090,14520320,2.759960889816284,,,0.00027138382004992324,575.314717158999
7100,14540800,2.8082544803619385,2.693045437335968,14.776608701568568,0.00027129850637628157,576.708591098999
7110,14561280,2.8840503692626953,,,0.000271213080842676,577.3877878150015
7120,14581760,2.9226741790771484,,,0.0002711275435390015,578.0436494550013
7130,14602240,2.7092201709747314,,,0.00027104189455527054,578.6769407669999
7140,14622720,2.769594669342041,,,0.00027095613398161333,579.5229331039991
7150,14643200,2.746166706085205,,,0.0002708702619082773,580.1280425430014
7160,14663680,2.531873941421509,,,0.0002707842784256272,581.0070200869995
7170,14684160,2.6461310386657715,,,0.0002706981836241453,581.8634577259982
7180,14704640,2.604959011077881,,,0.00027061197759443057,582.578445840998
7190,14725120,2.6736788749694824,,,0.0002705256604271995,583.3279391940014
7200,14745600,2.8244709968566895,2.6845405101776123,14.651467633076587,0.0002704392322132852,584.5432480570016
7210,14766080,2.8640575408935547,,,0.00027035269304363774,585.2807121840015
7220,14786560,2.5043210983276367,,,0.000270266043009324,585.9155053180002
7230,14807040,2.728504180908203,,,0.00027017928220152745,586.5790975999989
7240,14827520,2.865058183670044,,,0.00027009241071154815,587.4442772680013
7250,14848000,2.7197229862213135,,,0.0002700054286308026,588.2838149140007
7260,14868480,2.4335134029388428,,,0.00026991833605082385,589.4113270390008
7270,14888960,2.46770977973938,,,0.00026983113306326093,590.1529321480011
7280,14909440,2.519343376159668,,,0.00026974381975987936,590.8264898519992
7290,14929920,2.7227413654327393,,,0.00026965639623256055,591.5170958119998
7300,14950400,2.7782864570617676,2.6751118898391724,14.51397371492636,0.00026956886257330193,592.6335063849983
7310,14970880,2.8707730770111084,,,0.00026948121887421695,593.425680387998
7320,14991360,2.750133991241455,,,0.00026939346522753465,594.1996341949998
7330,15011840,2.7878329753875732,,,0.00026930560172559997,594.8470141850012
7340,15032320,2.582149028778076,,,0.0002692176284608733,595.637594142001
7350,15052800,2.7021117210388184,,,0.00026912954552593064,596.3120846919992
7360,15073280,2.6040942668914795,,,0.0002690413530134633,596.9782369759996
7370,15093760,2.820275068283081,,,0.00026895305101627806,597.681089261001
7380,15114240,2.8797078132629395,,,0.0002688646396272967,598.3712680790013
7390,15134720,2.773286819458008,,,0.0002687761189395563,599.0392290089985
7400,15155200,2.7480056285858154,2.6716660141944883,14.464046437392618,0.0002686874890462089,600.2909763870011
7410,15175680,2.950225830078125,,,0.00026859875004052133,600.9400417270008
7420,15196160,2.6452713012695312,,,0.0002685099020158755,601.7116932079989
7430,15216640,2.710965394973755,,,0.00026842094506576773,602.3968971549984
7440,15237120,2.7079360485076904,,,0.0002683318792838093,603.0510420499995
7450,15257600,2.6168932914733887,,,0.00026824270476372576,603.7636032810005
7460,15278080,2.740557909011841,,,0.00026815342159935713,604.4699570490011
7470,15298560,2.5988433361053467,,,0.0002680640298846579,605.1536872809993
7480,15319040,2.656315326690674,,,0.00026797452971369666,605.8115981929986
7490,15339520,2.865955352783203,,,0.00026788492118065614,606.5268969999997
7500,15360000,2.421506881713867,2.661796343326569,14.32199322199796,0.00026779520437983313,607.7874605100005
7510,15380480,2.7338385581970215,,,0.00026770537940563833,609.3165031229983
7520,15400960,2.738652467727661,,,0.00026761544635259634,610.0300766319997
7530,15421440,2.658747673034668,,,0.00026752540531534537,610.8014589560007
7540,15441920,2.4754881858825684,,,0.0002674352563886374,611.4343451999994
7550,15462400,2.6172242164611816,,,0.0002673449996673378,612.1880075789995
7560,15482880,2.7014877796173096,,,0.0002672546352464256,613.0385742530016
7570,15503360,2.6526222229003906,,,0.0002671641632209929,613.8092128110002
7580,15523840,2.7339489459991455,,,0.0002670735836862452,614.5762759739991
7590,15544320,2.7629644870758057,,,0.000266982896737501,615.2613268319983
7600,15564800,2.611870765686035,2.6546207427978517,14.219592153820466,0.00026689210247019207,616.373519978999
7610,15585280,2.7602014541625977,,,0.0002668012009798629,616.9815836329981
7620,15605760,2.674030303955078,,,0.0002667101923621708,617.6348291809991
7630,15626240,2.984935760498047,,,0.000266619076712886,618.337926977998
7640,15646720,2.7017054557800293,,,0.00026652785412789115,618.9930148960011
7650,15667200,3.1822915077209473,,,0.00026643652470318167,619.7966672410003
7660,15687680,2.511129379272461,,,0.0002663450885348651,620.550050277001
7670,15708160,2.5289523601531982,,,0.00026625354571916163,621.2547931869994
7680,15728640,2.581955671310425,,,0.0002661618963524035,621.942589915001
7690,15749120,2.8462469577789307,,,0.000266070140531035,622.7784131949993
7700,15769600,2.9126429557800293,2.6475337505340577,14.1191742649271,0.0002659782783516126,623.9411719890013
7710,15790080,3.1153838634490967,,,0.00026588630991080466,624.7072071410003
7720,15810560,2.975706100463867,,,0.0002657942353053914,625.4072836179985
7730,15831040,2.639522075653076,,,0.00026570205463226457,626.2374806689986
7740,15851520,2.7893552780151367,,,0.0002656097679884277,627.0543465490009
7750,15872000,2.7767744064331055,,,0.00026551737547099593,627.7702419589987
7760,15892480,2.8782966136932373,,,0.0002654248771771955,628.5233137040013
7770,15912960,2.687539577484131,,,0.00026533227320436426,629.1801251559991
7780,15933440,2.707089424133301,,,0.0002652395636499511,629.9480525590006
7790,15953920,2.7042770385742188,,,0.00026514674861151616,630.7196070460013
7800,15974400,2.764695644378662,2.6426623106002807,14.050560814420718,0.00026505382818673036,632.0193059619996
7810,15994880,2.7635273933410645,,,0.00026496080247337574,632.7299807650015
7820,16015360,2.7615785598754883,,,0.000264867671569345,633.5452584429986
7830,16035840,2.697066307067871,,,0.0002647744355726416,634.2965339980001
7840,16056320,2.4733493328094482,,,0.0002646810945813796,634.9573639929986
7850,16076800,2.865931987762451,,,0.00026458764869378347,635.8230662889982
7860,16097280,2.7306747436523438,,,0.0002644940980081882,636.6707122180014
7870,16117760,2.61844801902771,,,0.00026440044262303884,637.5024277470002
7880,16138240,3.0515880584716797,,,0.0002643066826368909,638.1510544880002
7890,16158720,2.706968069076538,,,0.0002642128181484097,638.844878123
7900,16179200,2.946329355239868,2.630053687095642,13.874514764536126,0.0002641188492563707,640.0916312560003
7910,16199680,2.665691375732422,,,0.00026402477605965926,640.8561143879997
7920,16220160,2.4569244384765625,,,0.00026393059865727024,641.5718753270012
7930,16240640,2.931551933288574,,,0.00026383631714830847,642.2750422540012
7940,16261120,2.8330767154693604,,,0.0002637419316319881,642.9771640069994
7950,16281600,2.879487991333008,,,0.0002636474422076329,643.7665155499999
7960,16302080,2.581808090209961,,,0.0002635528489746759,644.3859130929995
7970,16322560,2.4517993927001953,,,0.00026345815203265935,645.0204884609993
7980,16343040,2.438279628753662,,,0.00026336335148123465,645.7508137619989
7990,16363520,2.811948299407959,,,0.0002632684474201623,646.3764379230015
8000,16384000,2.788456916809082,2.625863826274872,13.81650409190366,0.0002631734399493116,648.0728500149999
8010,16404480,2.9208197593688965,,,0.00026307832916866084,649.3862272299993
8020,16424960,2.574859619140625,,,0.00026298311517829686,650.1138266499984
8030,16445440,2.472261667251587,,,0.00026288779807841515,650.7906057979999
8040,16465920,2.87082576751709,,,0.0002627923779693197,651.5005271250011
8050,16486400,2.7313966751098633,,,0.00026269685495142306,652.4051024879991
8060,16506880,2.786642074584961,,,0.0002626012291252459,653.1490153009981
8070,16527360,2.749375343322754,,,0.000262505500591417,653.9182424399987
8080,16547840,2.658170461654663,,,0.00026240966945067346,654.7449603319983
8090,16568320,2.459308624267578,,,0.00026231373580386024,655.4672033489987
8100,16588800,2.6643238067626953,2.617089307308197,13.69580124384126,0.00026221769975193004,656.6137701769985
8110,16609280,2.7688355445861816,,,0.0002621215613959436,657.3080044189992
8120,16629760,2.657076358795166,,,0.00026202532083706903,658.0462204100004
8130,16650240,2.524125576019287,,,0.0002619289781765822,658.6843393810013
8140,16670720,2.6794424057006836,,,0.0002618325335158663,659.4845128320012
8150,16691200,2.576517105102539,,,0.0002617359869564119,660.2791648860002
8160,16711680,2.5845046043395996,,,0.0002616393385998169,661.0064186870004
8170,16732160,2.647439479827881,,,0.0002615425885477861,661.833604135998
8180,16752640,2.574465274810791,,,0.0002614457369021315,662.5107380980007
8190,16773120,2.576672315597534,,,0.00026134878376477195,663.182325026999
8200,16793600,2.6311473846435547,2.61113246679306,13.614460048892917,0.00026125172923773313,664.6396079519982
8210,16814080,2.7158617973327637,,,0.0002611545734231473,665.5885087499992
8220,16834560,2.6770424842834473,,,0.00026105731642325346,666.3575646950012
8230,16855040,2.6891255378723145,,,0.00026095995834039706,667.1110299059983
8240,16875520,2.789537191390991,,,0.00026086249927702976,667.8898849899997
8250,16896000,2.5672709941864014,,,0.0002607649393357098,668.5427469669994
8260,16916480,2.6477301120758057,,,0.0002606672786191011,669.3914472969991
8270,16936960,2.608802080154419,,,0.0002605695172299742,670.2967040350013
8280,16957440,2.722750186920166,,,0.00026047165527120516,670.9692785510015
8290,16977920,2.8280749320983887,,,0.00026037369284577597,671.6720173729991
8300,16998400,2.3390026092529297,2.603265035152435,13.507769455921466,0.0002602756300567744,672.92411421
8310,17018880,2.9423487186431885,,,0.0002601774670073939,673.5929940889982
8320,17039360,2.5866761207580566,,,0.0002600792038009332,674.3488624349993
8330,17059840,2.4269862174987793,,,0.0002599808405407967,675.2539170960008
8340,17080320,2.703078269958496,,,0.0002598823773304938,676.0493599000001
8350,17100800,2.8651952743530273,,,0.0002597838142736393,676.7446581900003
8360,17121280,2.7358903884887695,,,0.00025968515147395307,677.431100744001
8370,17141760,2.660236358642578,,,0.0002595863890352598,678.3006898989988
8380,17162240,2.7031397819519043,,,0.0002594875270614891,679.0602680330012
8390,17182720,2.517930030822754,,,0.0002593885656566753,679.757739110999
8400,17203200,2.631927251815796,2.5975043773651123,13.430179517726234,0.0002592895049249575,680.9564080460004
8410,17223680,2.831317901611328,,,0.00025919034497057914,681.6981708040003
8420,17244160,2.601902484893799,,,0.0002590910858978881,682.3668832229996
8430,17264640,2.6656806468963623,,,0.0002589917278113367,683.0664360349983
8440,17285120,2.4363791942596436,,,0.0002588922708154814,683.7393544100014
8450,17305600,2.431919574737549,,,0.0002587927150149826,684.4134381160002
8460,17326080,2.443037509918213,,,0.0002586930605146048,685.0545873250012
8470,17346560,2.7378697395324707,,,0.00025859330741921644,685.7493779510005
8480,17367040,2.9959006309509277,,,0.00025849345583378954,686.5163657589983
8490,17387520,2.3738510608673096,,,0.0002583935058633999,687.2036128430009
8500,17408000,2.6102521419525146,2.5900050520896913,13.329838946567591,0.0002582934576132267,688.5800563519988
8510,17428480,2.6697230339050293,,,0.0002581933111885527,689.9983462109994
8520,17448960,2.4967527389526367,,,0.00025809306669476395,690.8385224039994
8530,17469440,2.74958872795105,,,0.0002579927242373497,691.4542004649993
8540,17489920,2.648080348968506,,,0.00025789228392190207,692.0973755640007
8550,17510400,2.6553568840026855,,,0.0002577917458541165,692.8607779070007
8560,17530880,2.429849624633789,,,0.00025769111013979095,693.8957279189999
8570,17551360,2.4114809036254883,,,0.0002575903768848266,694.5854846260008
8580,17571840,2.553500175476074,,,0.00025748954619522676,695.3656226960011
8590,17592320,2.432504415512085,,,0.00025738861817709756,696.0311548380014
8600,17612800,2.533823013305664,2.588406670093536,13.308549790618047,0.0002572875929366475,697.3883605830015
8610,17633280,2.5343918800354004,,,0.00025718647058018746,698.1279063369984
8620,17653760,2.640598773956299,,,0.0002570852512141304,698.8761244199995
8630,17674240,2.3335375785827637,,,0.00025698393494499134,699.6290804320015
8640,17694720,2.40693998336792,,,0.00025688252187938736,700.420188311
8650,17715200,2.6748547554016113,,,0.00025678101212403743,701.119219526001
8660,17735680,2.555569648742676,,,0.00025667940578576225,701.8858262600006
8670,17756160,2.7161293029785156,,,0.00025657770297148405,702.7246702599987
8680,17776640,2.3786461353302,,,0.00025647590378822664,703.3570068480003
8690,17797120,2.715994358062744,,,0.00025637400834311534,704.0715596730006
8700,17817600,2.3632497787475586,2.577450668811798,13.16353713202479,0.00025627201674337664,705.3818622020008
8710,17838080,2.710341453552246,,,0.00025616992909633827,706.173242369001
8720,17858560,2.3827037811279297,,,0.000256067745509429,707.0684003899987
8730,17879040,2.7191686630249023,,,0.0002559654660901787,707.7903515539983
8740,17899520,2.7354581356048584,,,0.0002558630909462178,708.5626796399993
8750,17920000,2.843494415283203,,,0.00025576062018527776,709.2709675890001
8760,17940480,2.5550742149353027,,,0.0002556580539151904,710.0308437960011
8770,17960960,2.6469366550445557,,,0.0002555553922438884,710.8026441459988
8780,17981440,2.5848405361175537,,,0.0002554526352794044,711.5291290979985
8790,18001920,2.610612392425537,,,0.00025534978312987164,712.1665776379996
8800,18022400,2.429454803466797,2.573859989643097,13.116355850572885,0.0002552468359035234,713.3366723840008
8810,18042880,2.842228889465332,,,0.00025514379370869306,714.0835443249998
8820,18063360,2.5796749591827393,,,0.0002550406566538138,714.881775236001
8830,18083840,2.596318006515503,,,0.0002549374248474188,715.5390749420003
8840,18104320,2.585294723510742,,,0.0002548340983981409,716.2047052009984
8850,18124800,2.588334083557129,,,0.00025473067741471243,716.8762561149997
8860,18145280,2.408944845199585,,,0.00025462716200596534,717.5405453099993
8870,18165760,2.7033607959747314,,,0.00025452355228083087,718.1823468039984
8880,18186240,2.831603527069092,,,0.0002544198483483396,718.8433640279982
8890,18206720,2.75114107131958,,,0.00025431605031762104,719.5199582239984
8900,18227200,2.687930107116699,2.566662311553955,13.022287486472337,0.00025421215829790394,720.7004291150006
8910,18247680,2.805474281311035,,,0.0002541081723985159,721.4000559349988
8920,18268160,2.496579170227051,,,0.00025400409272888317,722.0870661910012
8930,18288640,2.4120683670043945,,,0.00025389991939853086,722.8238498360006
8940,18309120,2.858292579650879,,,0.0002537956525170826,723.7622698129999
8950,18329600,2.6205554008483887,,,0.0002536912921942604,724.4395104520008
8960,18350080,2.7500505447387695,,,0.0002535868385398846,725.2264851369982
8970,18370560,2.8708488941192627,,,0.0002534822916638739,726.0232467829992
8980,18391040,2.5590758323669434,,,0.00025337765167624486,726.7935901300007
8990,18411520,2.695963144302368,,,0.00025327291868711225,727.8235177189999
9000,18432000,2.6789631843566895,2.561643159389496,12.957090397972088,0.0002531680928066885,729.253535789001
9010,18452480,2.5968620777130127,,,0.00025306317414528406,730.6125665920008
9020,18472960,2.6313185691833496,,,0.00025295816281330674,731.3408801760015
9030,18493440,2.642899990081787,,,0.000252853058921262,732.0526222519984
9040,18513920,2.643350124359131,,,0.00025274786257975274,732.9054249440014
9050,18534400,2.6017251014709473,,,0.000252642573899479,733.6273834919994
9060,18554880,2.3829588890075684,,,0.00025253719299123817,734.4759318619981
9070,18575360,2.529756546020508,,,0.00025243171996592456,735.2489290119993
9080,18595840,2.4910757541656494,,,0.00025232615493452954,735.9374351309998
9090,18616320,2.4773786067962646,,,0.0002522204980081411,736.6392497419984
9100,18636800,2.541724681854248,2.550774300098419,12.817024164563113,0.00025211474929794417,737.9982492599993
9110,18657280,2.2388155460357666,,,0.0002520089089152201,738.7385036380001
9120,18677760,2.627305746078491,,,0.00025190297697134673,739.6133818739982
9130,18698240,2.6885762214660645,,,0.00025179695357779836,740.3310897740012
9140,18718720,2.2965915203094482,,,0.00025169083884614543,741.0007404200005
9150,18739200,2.499289035797119,,,0.0002515846328880545,741.6964568619987
9160,18759680,2.597240447998047,,,0.00025147833581528814,742.4919608339987
9170,18780160,2.634657144546509,,,0.00025137194773970477,743.2427628920013
9180,18800640,2.857119083404541,,,0.00025126546877325863,744.0231959560006
9190,18821120,2.8087680339813232,,,0.0002511588990279996,744.6970402039988
9200,18841600,2.5554068088531494,2.5467692494392393,12.765793991682424,0.00025105223861607306,745.9140864799992
9210,18862080,2.4698097705841064,,,0.0002509454876497199,746.626159514999
9220,18882560,3.0615994930267334,,,0.00025083864624127607,747.3461063869981
9230,18903040,2.654991626739502,,,0.0002507317145031729,747.9689571300005
9240,18923520,2.604700803756714,,,0.0002506246925479368,748.6279922440008
9250,18944000,2.798717975616455,,,0.00025051758048818894,749.288671287999
9260,18964480,2.592301607131958,,,0.00025041037843664537,750.112385897999
9270,18984960,2.5765669345855713,,,0.000250303086506117,751.0989112579991
9280,19005440,2.6989026069641113,,,0.000250195704809509,751.956915630999
9290,19025920,2.6844444274902344,,,0.00025008823345982144,752.643690148001
9300,19046400,2.6015467643737793,2.5427502036094665,12.714590643800102,0.0002499806725701483,754.1420526039983
9310,19066880,2.61940860748291,,,0.000249873022253678,755.0271570689983
9320,19087360,2.773003578186035,,,0.00024976528262369316,755.7088247309985
9330,19107840,2.3900580406188965,,,0.0002496574537935702,756.5046782729987
9340,19128320,2.5063681602478027,,,0.00024954953587677937,757.1612258189998
9350,19148800,2.408912181854248,,,0.0002494415289868849,757.8257885999992
9360,19169280,2.676868438720703,,,0.00024933343323754444,758.6249805439984
9370,19189760,2.49001145362854,,,0.00024922524874250934,759.3010467470012
9380,19210240,2.6699466705322266,,,0.00024911697561562406,759.9610766279984
9390,19230720,2.621290445327759,,,0.0002490086139708266,760.7055339129984
9400,19251200,2.5659072399139404,2.5376925826072694,12.650447405948567,0.000248900163922148,761.8917760359982
9410,19271680,2.5619354248046875,,,0.0002487916255837124,762.5960209420009
9420,19292160,2.7663450241088867,,,0.00024868299906973657,763.3263113479989
9430,19312640,2.4078593254089355,,,0.00024857428449453047,764.0811492370012
9440,19333120,2.8125438690185547,,,0.0002484654819724965,764.7570697759984
9450,19353600,2.4607925415039062,,,0.0002483565916181296,765.4208638689997
9460,19374080,2.377129554748535,,,0.0002482476135460172,766.2662285219994
9470,19394560,2.59914231300354,,,0.0002481385478708391,767.1776574690011
9480,19415040,2.5670812129974365,,,0.00024802939470736714,767.8035590159998
9490,19435520,2.5612173080444336,,,0.0002479201541704653,768.5277297659995
9500,19456000,2.5761795043945312,2.5342779994010924,12.607325064994505,0.00024781082637508945,769.7136559659994
9510,19476480,2.5086169242858887,,,0.00024770141143628746,771.0302182999985
9520,19496960,2.812199354171753,,,0.00024759190946919865,771.7749241269994
9530,19517440,2.66202449798584,,,0.0002474823205890541,772.433726416999
9540,19537920,2.544694423675537,,,0.0002473726449111763,773.1421430480004
9550,19558400,2.74176025390625,,,0.00024726288255097907,773.8004004899994
9560,19578880,2.573376178741455,,,0.00024715303362396744,774.5768509490008
9570,19599360,2.5292937755584717,,,0.0002470430982457376,775.2149223380002
9580,19619840,2.574415922164917,,,0.0002469330765319766,775.8712544750015
9590,19640320,2.6971683502197266,,,0.0002468229685984625,776.5640032759984
9600,19660800,2.4168901443481445,2.526285696029663,12.506965086294139,0.0002467127745610639,777.6953481480014
9610,19681280,2.7896597385406494,,,0.0002466024945357401,778.3310339189993
9620,19701760,2.523189067840576,,,0.00024649212863854097,779.1258418489997
9630,19722240,2.54876971244812,,,0.00024638167698560657,779.770605845999
9640,19742720,2.487166404724121,,,0.00024627113969316746,780.4543970720006
9650,19763200,2.3578908443450928,,,0.00024616051687754395,781.1455398729995
9660,19783680,2.496734380722046,,,0.0002460498086551468,781.818700486001
9670,19804160,2.404914140701294,,,0.00024593901514247617,782.5920683760014
9680,19824640,3.097151279449463,,,0.0002458281364561223,783.4243771389993
9690,19845120,2.4836227893829346,,,0.00024571717271276505,784.3762436690013
9700,19865600,2.6134204864501953,2.5174129605293274,12.396484948490698,0.00024560612402917353,785.6300912459992
9710,19886080,2.4806509017944336,,,0.00024549499052220654,786.3863007529981
9720,19906560,2.9385690689086914,,,0.000245383772308812,787.1916020809986
9730,19927040,2.467266798019409,,,0.00024527246950602693,787.9654072230005
9740,19947520,2.6083667278289795,,,0.00024516108223097743,788.816512251
9750,19968000,2.467898368835449,,,0.00024504961060087846,789.5150398330006
9760,19988480,2.483520984649658,,,0.00024493805473303374,790.2921096460013
9770,20008960,2.6367578506469727,,,0.0002448264147448357,791.1082515029993
9780,20029440,2.658653736114502,,,0.00024471469075376526,791.7730369489982
9790,20049920,2.300686836242676,,,0.0002446028828773917,792.5439010099981
9800,20070400,2.598489284515381,2.511532115936279,12.323797089498138,0.0002444909912333726,793.8225796260012
9810,20090880,2.6673977375030518,,,0.00024437901593945367,794.5859223519983
9820,20111360,2.534353256225586,,,0.00024426695711346876,795.4518124120004
9830,20131840,2.499129056930542,,,0.0002441548148733394,796.0930330299998
9840,20152320,2.446930408477783,,,0.00024404258933707505,796.7919564500007
9850,20172800,2.5671708583831787,,,0.00024393028062277288,797.4614408009984
9860,20193280,2.5506744384765625,,,0.0002438178888486175,798.3078734830015
9870,20213760,2.949542999267578,,,0.00024370541413288083,799.1204554180003
9880,20234240,2.610624074935913,,,0.00024359285659392228,800.0004768479994
9890,20254720,2.54076886177063,,,0.0002434802163501883,800.8362108410001
9900,20275200,2.491553783416748,2.5083526849746702,12.284676650789224,0.0002433674935202124,802.1831782810004
9910,20295680,2.4328274726867676,,,0.00024325468822261487,802.9149907549981
9920,20316160,2.6601266860961914,,,0.00024314180057610305,803.6254363359985
9930,20336640,2.4927456378936768,,,0.00024302883069947072,804.3052832159992
9940,20357120,2.464078426361084,,,0.0002429157787115982,804.9983882749984
9950,20377600,2.64731502532959,,,0.0002428026447314524,805.7593054050012
9960,20398080,2.7617294788360596,,,0.0002426894288780862,806.4032667389984
9970,20418560,2.545206069946289,,,0.000242576131270639,807.1386333279988
9980,20439040,2.5025808811187744,,,0.00024246275202833596,807.9313270669991
9990,20459520,2.7013139724731445,,,0.00024234929127048827,808.6598097940005
10000,20480000,2.622664451599121,2.5005013823509215,12.188603579665148,0.00024223574911649286,810.185899999
10010,20500480,2.5803146362304688,,,0.00024212212568583232,811.4965541860001
10020,20520960,2.7379534244537354,,,0.00024200842109807475,812.2407550050011
10030,20541440,2.453861713409424,,,0.00024189463547287374,812.9211705339985
10040,20561920,2.4431915283203125,,,0.00024178076892996802,813.634193924001
10050,20582400,2.6061930656433105,,,0.0002416668215891816,814.3222580170004
10060,20602880,2.8154797554016113,,,0.00024155279357042343,815.1752615029982
10070,20623360,2.80619478225708,,,0.00024143868499368738,815.8282835969985
10080,20643840,2.5306875705718994,,,0.0002413244959790521,816.530007297999
10090,20664320,2.2481541633605957,,,0.00024121022664668092,817.3143354140011
10100,20684800,2.7231922149658203,2.494111967086792,12.110973798459701,0.00024109587711682167,818.5833493360005
10110,20705280,2.622135639190674,,,0.0002409814475098065,819.2713076149994
10120,20725760,2.4992260932922363,,,0.00024086693794605197,819.955945179001
10130,20746240,2.710853099822998,,,0.00024075234854605858,820.7137273890003
10140,20766720,2.576470136642456,,,0.00024063767943041108,821.4888411100001
10150,20787200,2.3719515800476074,,,0.0002405229307197779,822.2091534579995
10160,20807680,2.4126839637756348,,,0.0002404081025349114,823.0905506579984
10170,20828160,2.52286958694458,,,0.00024029319499664737,823.9333946599982
10180,20848640,2.5445008277893066,,,0.00024017820822590534,824.7547819549982
10190,20869120,2.507504940032959,,,0.00024006314234368802,825.6047720909992
10200,20889600,2.491461992263794,2.492481327056885,12.091241252494827,0.00023994799747108155,826.9851312290011
10210,20910080,2.554518461227417,,,0.000239832773729255,827.7835584429995
10220,20930560,2.5990915298461914,,,0.00023971747123946056,828.5588999360007
10230,20951040,2.538175106048584,,,0.00023960209012303325,829.2695241969996
10240,20971520,2.525984764099121,,,0.0002394866305013909,829.9854899720012
10250,20992000,2.4973859786987305,,,0.0002393710924960338,830.6638867119982
10260,21012480,2.4106640815734863,,,0.0002392554762285449,831.3550445729998
10270,21032960,2.5835986137390137,,,0.0002391397818205893,831.9750112500005
10280,21053440,2.4947597980499268,,,0.00023902400939391464,832.6255514730001
10290,21073920,2.6473236083984375,,,0.0002389081590703503,833.5151696879984
10300,21094400,2.6958742141723633,2.4877072095870973,12.033653820361407,0.00023879223097180788,834.7090642229996
10310,21114880,2.4724349975585938,,,0.0002386762252202808,835.3141761340012
10320,21135360,2.5370426177978516,,,0.00023856014193784404,835.9771266870011
10330,21155840,2.2900943756103516,,,0.00023844398124665432,836.6141228109991
10340,21176320,2.6892309188842773,,,0.00023832774326894982,837.2949393160015
10350,21196800,2.3615176677703857,,,0.0002382114281270499,837.9486571880007
10360,21217280,2.1676015853881836,,,0.00023809503594335524,838.6334785549989
10370,21237760,2.459040403366089,,,0.00023797856684034768,839.2969058050003
10380,21258240,2.5924878120422363,,,0.0002378620209405898,840.0266984919981
10390,21278720,2.292130470275879,,,0.00023774539836672509,840.7581218429987
10400,21299200,2.659411907196045,2.478354024887085,11.921625560769439,0.00023762869924147777,842.1145983470014
10410,21319680,2.4800899028778076,,,0.00023751192368765258,842.8345783430013
10420,21340160,2.5249948501586914,,,0.00023739507182813467,843.7414102229995
10430,21360640,2.704866886138916,,,0.0002372781437858895,844.4202272820003
10440,21381120,2.7347257137298584,,,0.00023716113968396267,845.0789164169983
10450,21401600,2.650602340698242,,,0.00023704405964547986,845.8012146250003
10460,21422080,2.6463465690612793,,,0.0002369269037936467,846.4789085669981
10470,21442560,2.3120675086975098,,,0.0002368096722517485,847.1826794789995
10480,21463040,2.421395778656006,,,0.0002366923651431503,848.0449958979989
10490,21483520,2.485602378845215,,,0.00023657498259129655,848.7994372780013
10500,21504000,2.6083784103393555,2.475783407688141,11.891018980818174,0.00023645752471971126,850.1410120299988
10510,21524480,2.222471237182617,,,0.00023633999165199754,851.3599223679994
10520,21544960,2.4937970638275146,,,0.00023622238351183775,852.2054585799997
10530,21565440,2.672300338745117,,,0.00023610470042299318,852.9823317629998
10540,21585920,2.6106014251708984,,,0.00023598694250930401,853.7555636500001
10550,21606400,2.533431053161621,,,0.00023586910989468915,854.4882302100013
10560,21626880,2.9208035469055176,,,0.00023575120270314612,855.4522289730012
10570,21647360,2.375901222229004,,,0.00023563322105875101,856.2143414870006
10580,21667840,2.7111644744873047,,,0.000235515165085658,857.0615367149985
10590,21688320,2.389193534851074,,,0.00023539703490809989,857.856027212998
10600,21708800,2.43904972076416,2.474340558052063,11.873874399909589,0.00023527883065038713,859.2246844190013
10610,21729280,2.418606758117676,,,0.0002351605524369084,859.853725986999
10620,21749760,2.638516426086426,,,0.00023504220039213022,860.6596005780011
10630,21770240,2.3105692863464355,,,0.00023492377464059668,861.3165992959985
10640,21790720,2.454958915710449,,,0.00023480527530692945,862.0803350800015
10650,21811200,2.576889991760254,,,0.0002346867025158277,862.871292587999
10660,21831680,2.336986541748047,,,0.00023456805639206774,863.7251697780011
10670,21852160,2.5889530181884766,,,0.00023444933706050333,864.5946639920003
10680,21872640,2.465240716934204,,,0.00023433054464606505,865.4369109899999
10690,21893120,2.4456210136413574,,,0.0002342116792737604,866.1406515599992
10700,21913600,2.4906539916992188,2.472540998458862,11.852525870061896,0.00023409274106867377,867.544758742999
10710,21934080,2.298644542694092,,,0.00023397373015596608,868.376667397999
10720,21954560,2.7802484035491943,,,0.00023385464666087475,869.1623829240016
10730,21975040,2.324113368988037,,,0.00023373549070871373,870.021453794001
10740,21995520,2.5478010177612305,,,0.0002336162624248731,870.9564562980013
10750,22016000,2.4399642944335938,,,0.00023349696193481905,871.6483323969987
10760,22036480,2.6023528575897217,,,0.0002333775893640938,872.3284824570001
10770,22056960,2.657695770263672,,,0.0002332581448383154,873.1285998140011
10780,22077440,2.6539783477783203,,,0.0002331386284831776,873.944821653
10790,22097920,2.5247068405151367,,,0.0002330190404244498,874.7904732499992
10800,22118400,2.715893268585205,2.461615812778473,11.72373961202892,0.00023289938078797676,876.117158402998
10810,22138880,2.4494338035583496,,,0.00023277964969967867,876.8609041650016
10820,22159360,2.5001914501190186,,,0.00023265984728555088,877.5743029519981
10830,22179840,2.6946680545806885,,,0.0002325399736716637,878.3973064540005
10840,22200320,2.5481276512145996,,,0.00023242002898416248,879.149308136999
10850,22220800,2.285024642944336,,,0.0002323000133492673,879.9225544000001
10860,22241280,2.637453556060791,,,0.000232179926893273,880.6886274850003
10870,22261760,2.660473346710205,,,0.0002320597697425488,881.4352899229998
10880,22282240,2.504817485809326,,,0.00023193954202353837,882.1931819349993
10890,22302720,2.35172438621521,,,0.00023181924386275968,882.9888665670005
10900,22323200,2.4406614303588867,2.461554431915283,11.72302002085651,0.00023169887538680478,884.2504405899999
10910,22343680,2.166382074356079,,,0.00023157843672233977,884.9483170960011
10920,22364160,2.570641040802002,,,0.00023145792799610457,885.684711236001
10930,22384640,2.473423719406128,,,0.0002313373493349128,886.489600066001
10940,22405120,2.2851321697235107,,,0.00023121670086565172,887.1672066819992
10950,22425600,2.5403037071228027,,,0.00023109598271528202,888.1374038069989
10960,22446080,2.5528056621551514,,,0.0002309751950108378,888.9993964120004
10970,22466560,2.5727999210357666,,,0.0002308543378794262,889.7903480310015
10980,22487040,2.4857044219970703,,,0.00023073341144822754,890.649436757998
10990,22507520,2.69968318939209,,,0.00023061241584449506,891.4180303479989
11000,22528000,2.3582568168640137,2.4561858773231506,11.660252982777775,0.0002304913511955547,892.7074285089984
11010,22548480,2.6969637870788574,,,0.00023037021762880515,894.109646416
11020,22568960,2.4680328369140625,,,0.00023024901527171762,894.9227862039988
11030,22589440,2.413670063018799,,,0.00023012774425183564,895.7323570629997
11040,22609920,2.544372797012329,,,0.00023000640469677508,896.497348885001
11050,22630400,2.5217955112457275,,,0.00022988499673422385,897.237508364
11060,22650880,2.198328971862793,,,0.00022976352049194193,897.9646169519983
11070,22671360,2.39188289642334,,,0.00022964197609776107,898.7384221499997
11080,22691840,2.9211010932922363,,,0.0002295203636795848,899.6000183780016
11090,22712320,2.592864990234375,,,0.00022939868336538814,900.3706143140007
11100,22732800,2.4303841590881348,2.4530211687088013,11.623410009105461,0.0002292769352832177,901.7035025299992
11110,22753280,2.6129202842712402,,,0.00022915511956119133,902.4633733379997
11120,22773760,2.4312028884887695,,,0.000229033236327498,903.2015963369995
11130,22794240,2.2504818439483643,,,0.00022891128571039788,904.1355009489998
11140,22814720,2.9814257621765137,,,0.00022878926783822184,905.062311695001
11150,22835200,2.9668431282043457,,,0.00022866718283937173,905.8663676670003
11160,22855680,2.5175416469573975,,,0.00022854503084231986,906.8920133729989
11170,22876160,2.397883892059326,,,0.0002284228119756092,908.0013286690009
11180,22896640,2.6953325271606445,,,0.00022830052636785292,908.6936365750007
11190,22917120,2.40482234954834,,,0.00022817817414773464,909.501972187998
11200,22937600,2.4565377235412598,2.4474733591079714,11.559104086903767,0.0002280557554440079,910.8657311999996
11210,22958080,2.6858108043670654,,,0.0002279332703854962,911.6276736299988
11220,22978560,2.669701099395752,,,0.00022781071910109307,912.4096337420015
11230,22999040,2.3237924575805664,,,0.0002276881017197614,913.1192069690005
11240,23019520,2.4917750358581543,,,0.00022756541837053393,913.8965078500005
11250,23040000,2.556605339050293,,,0.00022744266918251274,914.9771584150003
11260,23060480,2.35541033744812,,,0.00022731985428486908,915.7881292979982
11270,23080960,2.360610008239746,,,0.00022719697380684347,916.4749005660015
11280,23101440,2.7197089195251465,,,0.0002270740278777454,917.2102184089999
11290,23121920,2.533778190612793,,,0.00022695101662695326,917.9388988579994
11300,23142400,2.397509813308716,2.446623432636261,11.549283872172436,0.0002268279401839141,919.2614990910006
11310,23162880,2.4776253700256348,,,0.00022670479867814363,920.0485125439991
11320,23183360,2.6703715324401855,,,0.00022658159223922612,920.8091059750004
11330,23203840,2.6729040145874023,,,0.00022645832099681397,921.7844331679989
11340,23224320,2.3011345863342285,,,0.00022633498508062795,922.5850078559997
11350,23244800,2.4262351989746094,,,0.00022621158462045676,923.2964238259992
11360,23265280,2.464327573776245,,,0.00022608811974615716,924.011041411999
11370,23285760,2.4884557723999023,,,0.00022596459058765354,924.8810590110006
11380,23306240,2.3705410957336426,,,0.00022584099727493802,925.8656743290012
11390,23326720,2.3398003578186035,,,0.00022571733993807027,926.5827687929996
11400,23347200,2.4180185794830322,2.434182369709015,11.40648860899825,0.00022559361870717724,928.0623623020001
11410,23367680,2.5573976039886475,,,0.00022546983371245317,928.8120581049989
11420,23388160,2.64448881149292,,,0.0002253459850841594,929.7496765110009
11430,23408640,2.4209179878234863,,,0.0002252220729526242,930.6207996379999
11440,23429120,2.9289498329162598,,,0.00022509809744824275,931.2823156209997
11450,23449600,2.5390045642852783,,,0.0002249740587014768,932.0154602729999
11460,23470080,2.5646467208862305,,,0.0002248499568428547,932.8117450169993
11470,23490560,2.380124092102051,,,0.0002247257920029713,933.5977036469994
11480,23511040,2.662670135498047,,,0.00022460156431248758,934.501902846001
11490,23531520,2.567270278930664,,,0.0002244772739021308,935.2977430749997
11500,23552000,2.235506534576416,2.4357319831848145,11.42417795974667,0.00022435292090269406,936.3642895250014
11510,23572480,2.4477152824401855,,,0.00022422850544503647,937.9020640310009
11520,23592960,2.555459976196289,,,0.00022410402766008276,938.8844552349983
11530,23613440,2.318117618560791,,,0.00022397948767882337,939.5754704380015
11540,23633920,2.301990032196045,,,0.00022385488563231415,940.3382098430011
11550,23654400,2.4616332054138184,,,0.00022373022165167607,941.103158302998
11560,23674880,2.85274600982666,,,0.00022360549586809562,941.947908823
11570,23695360,2.4787063598632812,,,0.000223480708412824,942.7978690109994
11580,23715840,2.669504165649414,,,0.00022335585941717754,943.6145790740011
11590,23736320,2.159836530685425,,,0.0002232309490125372,944.2877094450014
11600,23756800,2.342752456665039,2.429745602607727,11.355992777552252,0.0002231059773303486,945.478736811001
11610,23777280,2.3663458824157715,,,0.00022298094450212187,946.2136602149985
11620,23797760,2.539374351501465,,,0.00022285585065943145,947.0211642709983
11630,23818240,2.4832143783569336,,,0.00022273069593391597,947.8616226009981
11640,23838720,2.4844470024108887,,,0.0002226054804572782,948.5008290170008
11650,23859200,2.486110210418701,,,0.00022248020436128478,949.2279978670012
11660,23879680,2.4157986640930176,,,0.00022235486777776614,950.0097931640012
11670,23900160,2.3674514293670654,,,0.00022222947083861642,951.0477011859984
11680,23920640,2.64138126373291,,,0.0002221040136757932,951.8209536559989
11690,23941120,2.451946258544922,,,0.0002219784964213175,952.7012700089981
11700,23961600,2.6242735385894775,2.4243085384368896,11.294417063341887,0.00022185291920727342,953.897763732999
11710,23982080,2.3289709091186523,,,0.0002217272821658085,954.6414598919982
11720,24002560,2.5640108585357666,,,0.0002216015854291328,955.472271022998
11730,24023040,2.4959349632263184,,,0.00022147582912951955,956.2774423330011
11740,24043520,2.3972644805908203,,,0.00022135001339930444,957.1037791519993
11750,24064000,2.737797498703003,,,0.00022122413837088583,957.9340650150007
11760,24084480,2.433850049972534,,,0.00022109820417672447,958.6195701010001
11770,24104960,2.4702773094177246,,,0.00022097221094934325,959.2954297940014
11780,24125440,2.528716564178467,,,0.00022084615882132734,960.0319953699982
11790,24145920,2.6036291122436523,,,0.0002207200479253238,960.7811135599986
11800,24166400,2.6444334983825684,2.419844353199005,11.24410906906866,0.00022059387839404152,962.0377396250005
11810,24186880,2.344675302505493,,,0.00022046765036025118,962.7904422290012
11820,24207360,2.619434118270874,,,0.00022034136395678489,963.5445364269981
11830,24227840,2.5237784385681152,,,0.00022021501931653636,964.358649122998
11840,24248320,2.7065505981445312,,,0.00022008861657246044,965.2000262299989
11850,24268800,2.4876742362976074,,,0.00021996215585757316,965.8919526210011
11860,24289280,2.3447694778442383,,,0.00021983563730495155,966.6721370529995
11870,24309760,2.4441215991973877,,,0.00021970906104773358,967.3672008180001
11880,24330240,2.5041491985321045,,,0.00021958242721911782,968.1728579129995
11890,24350720,2.457150936126709,,,0.0002194557359523635,968.8704947410006
11900,24371200,2.4681596755981445,2.417717933654785,11.220224778797387,0.00021932898738079033,970.224501069999
11910,24391680,2.3079609870910645,,,0.00021920218163777816,971.0011522620007
11920,24412160,2.7878355979919434,,,0.00021907531885676721,971.6917582749993
11930,24432640,2.3992934226989746,,,0.0002189483991712576,972.4386742220013
11940,24453120,2.8360862731933594,,,0.00021882142271480935,973.0647072309985
11950,24473600,2.0564019680023193,,,0.00021869438962104223,973.9902309159988
11960,24494080,2.4761102199554443,,,0.00021856730002363557,974.6767124239996
11970,24514560,2.534165859222412,,,0.00021844015405632827,975.3575585990002
11980,24535040,2.2292394638061523,,,0.0002183129518529185,976.0485027329996
11990,24555520,2.7214579582214355,,,0.00021818569354726348,976.8565657559993
12000,24576000,2.638334274291992,2.414448618888855,11.18360223019023,0.00021805837927327964,978.2436892879996
12010,24596480,2.4522271156311035,,,0.00021793100916494223,979.4784225990006
12020,24616960,2.5963644981384277,,,0.0002178035833562853,980.2300013339991
12030,24637440,2.431394338607788,,,0.00021767610198140139,981.2596509440009
12040,24657920,2.2484800815582275,,,0.0002175485651744417,982.0106211679995
12050,24678400,2.724018096923828,,,0.00021742097306961562,982.8136299479993
12060,24698880,2.5065865516662598,,,0.00021729332580119076,983.5877352409989
12070,24719360,2.5419299602508545,,,0.00021716562350349285,984.4139685070004
12080,24739840,2.2623846530914307,,,0.00021703786631090542,985.1616736700016
12090,24760320,2.8258883953094482,,,0.00021691005435786983,985.8990380430005
12100,24780800,2.300092935562134,2.408075726032257,11.112556953844653,0.00021678218777888513,987.1889486170003
12110,24801280,2.6302337646484375,,,0.0002166542667085077,987.8990053779999
12120,24821760,2.5043447017669678,,,0.0002165262912813514,988.6253712420003
12130,24842240,2.311887741088867,,,0.00021639826163208717,989.3736919000003
12140,24862720,2.215208053588867,,,0.00021627017789544313,990.0356030270013
12150,24883200,2.550433397293091,,,0.00021614204020620426,990.7137012300009
12160,24903680,2.3724656105041504,,,0.00021601384869921223,991.3882771099998
12170,24924160,2.3434247970581055,,,0.00021588560350936558,992.0733736080001
12180,24944640,2.5487728118896484,,,0.00021575730477161904,992.8451487480015
12190,24965120,2.4123871326446533,,,0.00021562895262098393,993.7629613200006
12200,24985600,2.5357131958007812,2.407533359527588,11.106531509319007,0.0002155005471925277,995.1397541129991
12210,25006080,2.524885416030884,,,0.00021537208862137377,995.771031799999
12220,25026560,2.247969627380371,,,0.00021524357704270165,996.4873913810006
12230,25047040,2.550355911254883,,,0.00021511501259174654,997.220170356999
12240,25067520,2.7056665420532227,,,0.00021498639540379924,997.9711069069999
12250,25088000,2.516254425048828,,,0.00021485772561420608,998.7334140839994
12260,25108480,2.15431547164917,,,0.0002147290033583688,999.4873182699994
12270,25128960,2.4268102645874023,,,0.00021460022877174432,1000.2515698759998
12280,25149440,2.371042251586914,,,0.00021447140198984458,1000.949332911001
12290,25169920,2.3349969387054443,,,0.0002143425231482365,1001.6883107899994
12300,25190400,2.423217296600342,2.406195318698883,11.091680454568762,0.00021421359238254175,1002.9026997000001
12310,25210880,2.5458755493164062,,,0.00021408460982843663,1003.8188129320006
12320,25231360,2.4222028255462646,,,0.00021395557562165206,1004.5642497160006
12330,25251840,2.4450149536132812,,,0.00021382648989797315,1005.2760169169997
12340,25272320,2.476145029067993,,,0.00021369735279323928,1005.9797235959995
12350,25292800,2.3565330505371094,,,0.00021356816444334392,1006.7135148019988
12360,25313280,2.3838930130004883,,,0.00021343892498423448,1007.404678586001
12370,25333760,2.8130979537963867,,,0.0002133096345519121,1008.2068780080008
12380,25354240,2.433591842651367,,,0.00021318029328243159,1008.8332819589996
12390,25374720,2.5108561515808105,,,0.0002130509013119013,1009.4960660670004
12400,25395200,2.3476808071136475,2.4073874592781066,11.104911181806893,0.00021292145877648282,1010.7313257979986
12410,25415680,2.3970913887023926,,,0.00021279196581239113,1011.4168819849983
12420,25436160,2.6390976905822754,,,0.00021266242255589405,1012.1879686809989
12430,25456640,2.487623929977417,,,0.00021253282914331252,1012.8701449809996
12440,25477120,2.7015061378479004,,,0.0002124031857110202,1013.5242382670003
12450,25497600,2.326901435852051,,,0.00021227349239544323,1014.1978811959998
12460,25518080,2.4510269165039062,,,0.00021214374933306053,1014.857874415
12470,25538560,2.535352945327759,,,0.00021201395666040315,1015.6591284120004
12480,25559040,2.3310978412628174,,,0.00021188411451405443,1016.3226283309996
12490,25579520,2.457104444503784,,,0.0002117542230306498,1017.0655412039996
12500,25600000,2.386146068572998,2.3950790047645567,10.96906463321698,0.0002116242823468765,1018.2776793150006
12510,25620480,2.557713508605957,,,0.00021149429259947368,1019.4982803179992
12520,25640960,2.434703826904297,,,0.00021136425392523196,1020.1981358240009
12530,25661440,2.6316721439361572,,,0.00021123416646099362,1020.928124651
12540,25681920,2.450983762741089,,,0.00021110403034365217,1021.7295391719999
12550,25702400,2.3426241874694824,,,0.00021097384571015237,1022.4210857590006
12560,25722880,2.4639711380004883,,,0.00021084361269749002,1023.2447444179998
12570,25743360,2.7861287593841553,,,0.00021071333144271178,1023.9270097059998
12580,25763840,2.35520076751709,,,0.0002105830020829152,1024.835316351
12590,25784320,2.709298849105835,,,0.00021045262475524826,1025.6177747789989
12600,25804800,2.2337894439697266,2.390593719482422,10.919975420916703,0.00021032219959690962,1027.6216287909992
12610,25825280,2.3566341400146484,,,0.00021019172674514812,1028.3241914969985
12620,25845760,2.393237352371216,,,0.00021006120633726292,1029.1818695930015
12630,25866240,2.5543625354766846,,,0.00020993063851060316,1029.8812250219999
12640,25886720,2.4940099716186523,,,0.0002098000234025678,1030.676765185999
12650,25907200,2.2125678062438965,,,0.0002096693611506057,1031.4007775940008
12660,25927680,2.3412606716156006,,,0.00020953865189221526,1032.1499592889995
12670,25948160,2.553915500640869,,,0.0002094078957649443,1032.939253438999
12680,25968640,2.508289337158203,,,0.00020927709290639006,1033.801428693001
12690,25989120,2.3731184005737305,,,0.00020914624345419886,1034.5381467689986
12700,26009600,2.557614326477051,2.390072214603424,10.914282085136382,0.00020901534754606612,1035.8684148780012
12710,26030080,2.497321605682373,,,0.00020888440531973614,1036.5641633699997
12720,26050560,2.2970566749572754,,,0.00020875341691300187,1037.3577941340009
12730,26071040,2.367626190185547,,,0.00020862238246370504,1038.1038101800004
12740,26091520,2.412907600402832,,,0.00020849130210973566,1038.8792256699999
12750,26112000,2.732851028442383,,,0.00020836017598903212,1039.662471577998
12760,26132480,2.4768881797790527,,,0.00020822900423958095,1040.4605844959988
12770,26152960,2.405803680419922,,,0.0002080977869994167,1041.233994006001
12780,26173440,2.601503372192383,,,0.00020796652440662183,1041.8630073569984
12790,26193920,2.3198513984680176,,,0.00020783521659932647,1042.651652100998
12800,26214400,2.200132131576538,2.387009882926941,10.880910057569448,0.00020770386371570838,1043.8348345939994
12810,26234880,2.528106451034546,,,0.00020757246589399268,1044.5289196230005
12820,26255360,2.282092571258545,,,0.00020744102327245183,1045.220518170001
12830,26275840,2.3721227645874023,,,0.00020730953598940548,1045.8765684690006
12840,26296320,2.450643301010132,,,0.00020717800418322018,1046.5885268040001
12850,26316800,2.705699920654297,,,0.0002070464279923094,1047.3494218960004
12860,26337280,2.518120050430298,,,0.00020691480755513332,1048.129446163999
12870,26357760,2.502439022064209,,,0.00020678314301019862,1049.0042098720005
12880,26378240,2.3164310455322266,,,0.0002066514344960585,1049.771070109
12890,26398720,2.408841371536255,,,0.00020651968215131225,1050.491378966999
12900,26419200,2.790806770324707,2.3835195183753966,10.842997916901068,0.0002063878861146055,1052.1454969100014
12910,26439680,2.484745502471924,,,0.0002062560465246297,1052.8985941879982
12920,26460160,2.3952550888061523,,,0.00020612416352012224,1053.752628164999
12930,26480640,2.549586772918701,,,0.00020599223723986605,1054.4858377409982
12940,26501120,2.1856298446655273,,,0.00020586026782268976,1055.1329096010013
12950,26521600,2.5047860145568848,,,0.00020572825540746738,1055.8672937779993
12960,26542080,2.2407078742980957,,,0.000205596200133118,1056.6111011879984
12970,26562560,2.483642101287842,,,0.00020546410213860601,1057.4356347299981
12980,26583040,2.3126134872436523,,,0.00020533196156294063,1058.1559112819996
12990,26603520,2.346573829650879,,,0.00020519977854517593,1058.8303458810005
13000,26624000,2.411580801010132,2.379399037361145,10.79841147173104,0.00020506755322441072,1060.3063918430016
13010,26644480,2.571089744567871,,,0.00020493528573978814,1061.5558390000006
13020,26664960,2.652921438217163,,,0.00020480297623049588,1062.3367724169984
13030,26685440,2.4631800651550293,,,0.0002046706248357657,1063.1066012010015
13040,26705920,2.5161690711975098,,,0.00020453823169487367,1063.807432450998
13050,26726400,2.2858805656433105,,,0.00020440579694713947,1064.5182462550001
13060,26746880,2.42097806930542,,,0.00020427332073192684,1065.1962553060002
13070,26767360,2.439829111099243,,,0.00020414080318864304,1066.0343231650004
13080,26787840,2.5409810543060303,,,0.00020400824445673878,1066.791865258001
13090,26808320,2.3175415992736816,,,0.00020387564467570823,1067.536991776
13100,26828800,2.234372138977051,2.3781880021095274,10.785342130091319,0.00020374300398508864,1068.9218797469985
13110,26849280,2.4923157691955566,,,0.0002036103225244604,1069.543007286
13120,26869760,2.4364845752716064,,,0.00020347760043344673,1070.418276493001
13130,26890240,2.3747849464416504,,,0.00020334483785171368,1071.1583596060009
13140,26910720,2.1776936054229736,,,0.00020321203491896985,1071.9716172519984
13150,26931200,2.1371777057647705,,,0.0002030791917749663,1072.731034288001
13160,26951680,2.7019190788269043,,,0.0002029463085594964,1073.5639158630001
13170,26972160,2.6699984073638916,,,0.00020281338541239586,1074.347598491
13180,26992640,2.138418197631836,,,0.00020268042247354208,1075.017142015
13190,27013120,2.6945385932922363,,,0.00020254741988285467,1075.721179668999
13200,27033600,2.640526056289673,2.3739876985549926,10.74013542660753,0.0002024143777802947,1076.936281383998
13210,27054080,2.583524703979492,,,0.00020228129630586503,1077.5891534529983
13220,27074560,2.3470559120178223,,,0.00020214817559960978,1078.26020049
13230,27095040,2.2386372089385986,,,0.00020201501580161446,1078.9526760260014
13240,27115520,2.47381591796875,,,0.0002018818170520057,1079.7824166399987
13250,27136000,2.5219199657440186,,,0.00020174857949095107,1080.5530876560006
13260,27156480,2.385603904724121,,,0.0002016153032586591,1081.3245715749981
13270,27176960,2.1991891860961914,,,0.0002014819884953788,1082.197057387999
13280,27197440,2.429964542388916,,,0.0002013486353414,1083.0172594459982
13290,27217920,2.3704593181610107,,,0.00020121524393705274,1083.6806243030005
13300,27238400,2.199418783187866,2.369986045360565,10.69724300690039,0.00020108181442270734,1084.9802947829994
13310,27258880,2.7572731971740723,,,0.00020094834693877431,1085.616929871001
13320,27279360,2.388613700866699,,,0.00020081484162570392,1086.313737466
13330,27299840,2.5221266746520996,,,0.0002006812986239865,1087.0040012809986
13340,27320320,2.8907217979431152,,,0.0002005477180741519,1087.7311581370013
13350,27340800,2.4265193939208984,,,0.00020041410011676947,1088.4501472539996
13360,27361280,2.347500801086426,,,0.000200280444892448,1089.1818288450013
13370,27381760,2.2367961406707764,,,0.0002001467525418354,1089.9191777800006
13380,27402240,2.3091039657592773,,,0.00020001302320561874,1090.604531541001
13390,27422720,2.3151631355285645,,,0.00019987925702452395,1091.4831519369982
13400,27443200,2.3659677505493164,2.3641491174697875,10.634985842884461,0.00019974545413931579,1092.774749698001
13410,27463680,2.397347927093506,,,0.0001996116146907976,1093.6696269159984
13420,27484160,2.4354703426361084,,,0.00019947773881981117,1094.4762130359995
13430,27504640,2.397468090057373,,,0.00019934382666723674,1095.2311402749983
13440,27525120,2.830810308456421,,,0.00019920987837399257,1096.0394824040013
13450,27545600,2.357856512069702,,,0.000199075894081035,1096.6984542889986
13460,27566080,2.779306411743164,,,0.00019894187392935838,1097.4177790239992
13470,27586560,2.4524712562561035,,,0.00019880781805999465,1098.1894585070004
13480,27607040,2.296417713165283,,,0.00019867372661401333,1099.0100113359986
13490,27627520,2.5895988941192627,,,0.00019853959973252148,1099.7819299149996
13500,27648000,2.796433925628662,2.3617459654808046,10.609459040181742,0.0001984054375566634,1101.0680117320007
13510,27668480,2.378587007522583,,,0.00019827124022762054,1102.3950379369999
13520,27688960,2.526034355163574,,,0.0001981370078866113,1103.1451824719989
13530,27709440,2.4639790058135986,,,0.00019800274067489096,1103.9145993359998
13540,27729920,2.802475929260254,,,0.00019786843873375153,1104.660759205999
13550,27750400,2.331068754196167,,,0.00019773410220452146,1105.488266147
13560,27770880,2.3829193115234375,,,0.00019759973122856572,1106.3441393989997
13570,27791360,2.129459857940674,,,0.00019746532594728546,1107.2086543929981
13580,27811840,2.2813353538513184,,,0.00019733088650211795,1107.9968084409993
13590,27832320,2.4371447563171387,,,0.00019719641303453638,1108.8517367649983
13600,27852800,2.4809422492980957,2.3589107632637023,10.579421679505508,0.0001970619056860498,1110.1035061069997
13610,27873280,2.2364652156829834,,,0.00019692736459820282,1110.853795267998
13620,27893760,2.5543594360351562,,,0.00019679278991257567,1111.657567276001
13630,27914240,2.422232151031494,,,0.0001966581817707839,1112.369029761001
13640,27934720,2.3901891708374023,,,0.0001965235403144782,1113.0346894930008
13650,27955200,2.3892147541046143,,,0.0001963888656853444,1113.7561531870015
13660,27975680,2.4504637718200684,,,0.00019625415802510316,1114.5444617540015
13670,27996160,2.4701626300811768,,,0.00019611941747550997,1115.222159989
13680,28016640,2.403127670288086,,,0.00019598464417835493,1115.9825037849987
13690,28037120,2.265223741531372,,,0.00019584983827546256,1116.719735873001
13700,28057600,2.357698917388916,2.353936767578125,10.526930335796692,0.00019571499990869164,1117.9709030699996
13710,28078080,2.1630423069000244,,,0.00019558012921993528,1118.6456955290014
13720,28098560,2.354900360107422,,,0.00019544522635112042,1119.3802317980008
13730,28119040,2.4254488945007324,,,0.000195310291444208,1120.1817922580012
13740,28139520,2.4174320697784424,,,0.0001951753246411926,1121.0680389709996
13750,28160000,2.3954029083251953,,,0.0001950403260841024,1121.9904042449998
13760,28180480,2.297851324081421,,,0.00019490529591499896,1122.9319434969984
13770,28200960,2.2086753845214844,,,0.00019477023427597712,1123.637129963001
13780,28221440,2.6269123554229736,,,0.00019463514130916486,1124.4345786250014
13790,28241920,2.4081287384033203,,,0.00019450001715672308,1125.0676607479982
13800,28262400,2.158803939819336,2.3507757782936096,10.493707358207732,0.00019436486196084554,1126.3061614729995
13810,28282880,2.5258731842041016,,,0.00019422967586375865,1127.1876356520006
13820,28303360,2.4072835445404053,,,0.0001940944590077214,1127.9213539000011
13830,28323840,2.882253646850586,,,0.000193959211535025,1128.6196295170012
13840,28344320,2.398236036300659,,,0.000193823933587993,1129.3506368449998
13850,28364800,2.146737813949585,,,0.00019368862530898102,1130.049050829999
13860,28385280,2.8879013061523438,,,0.0001935532868403765,1130.819312609001
13870,28405760,2.4828968048095703,,,0.0001934179183245988,1131.4951649819996
13880,28426240,2.661548137664795,,,0.00019328251990409875,1132.1952447110016
13890,28446720,2.2700095176696777,,,0.00019314709172135874,1133.080910730001
13900,28467200,2.408534526824951,2.343482804298401,10.417455413028003,0.00019301163391889243,1134.3761054759998
13910,28487680,2.3757944107055664,,,0.0001928761466392447,1135.0982559969998
13920,28508160,2.3991098403930664,,,0.00019274063002499138,1135.8425605330012
13930,28528640,2.2391538619995117,,,0.00019260508421873929,1136.5793285889995
13940,28549120,2.6126880645751953,,,0.0001924695093631258,1137.2964784280011
13950,28569600,2.6885433197021484,,,0.00019233390560081901,1137.9365276239987
13960,28590080,2.5317296981811523,,,0.00019219827307451732,1138.6109657039997
13970,28610560,2.7456092834472656,,,0.0001920626119269495,1139.2578139059988
13980,28631040,2.372209072113037,,,0.00019192692230087432,1139.9108946279994
13990,28651520,2.8553929328918457,,,0.00019179120433908064,1140.5439792709985
14000,28672000,2.299564838409424,2.345416021347046,10.437614094711222,0.00019165545818438702,1141.5707552210006
14010,28692480,2.3965423107147217,,,0.00019151968397964183,1143.0804409849989
14020,28712960,2.275026321411133,,,0.00019138388186772283,1143.8294144549982
14030,28733440,2.6001572608947754,,,0.0001912480519915372,1144.598221365999
14040,28753920,2.537814140319824,,,0.00019111219449402138,1145.385217987001
14050,28774400,2.402740478515625,,,0.00019097630951814075,1146.1353187130007
14060,28794880,2.2209081649780273,,,0.00019084039720688973,1146.8303073589996
14070,28815360,2.417905330657959,,,0.00019070445770329146,1147.5357679049994
14080,28835840,2.4977807998657227,,,0.00019056849115039768,1148.2028628469998
14090,28856320,2.353846549987793,,,0.00019043249769128864,1149.0225233159981
14100,28876800,2.531620979309082,2.341383147239685,10.395605276160534,0.0001902964774690728,1150.3159280389991
14110,28897280,2.442514181137085,,,0.00019016043062688697,1151.1844764169982
14120,28917760,2.3684544563293457,,,0.00019002435730789576,1152.0176099230011
14130,28938240,2.539254903793335,,,0.0001898882576552918,1152.8031426900016
14140,28958720,2.408414840698242,,,0.00018975213181229533,1153.590036614998
14150,28979200,2.5006227493286133,,,0.00018961597992215424,1154.2569860190015
14160,28999680,2.5032060146331787,,,0.0001894798021281438,1154.9479049879992
14170,29020160,2.5269360542297363,,,0.00018934359857356647,1155.7431796079982
14180,29040640,2.413416862487793,,,0.00018920736940175186,1156.4976908550016
14190,29061120,2.483367919921875,,,0.0001890711147560566,1157.1708693459987
14200,29081600,2.441514253616333,2.3347293615341185,10.32666475843831,0.00018893483477986405,1158.4660362639988
14210,29102080,2.5097105503082275,,,0.0001887985296165843,1159.201045578
14220,29122560,2.409120559692383,,,0.0001886621994096538,1159.9058600360004
14230,29143040,2.7205886840820312,,,0.0001885258443025355,1160.7848156990003
14240,29163520,2.191013813018799,,,0.00018838946443871854,1161.4820939769997
14250,29184000,2.7614097595214844,,,0.00018825305996171803,1162.143494885
14260,29204480,2.4217889308929443,,,0.00018811663101507504,1162.8263555539997
14270,29224960,2.4689230918884277,,,0.00018798017774235637,1163.5030482809998
14280,29245440,2.1762914657592773,,,0.00018784370028715445,1164.3197125320003
14290,29265920,2.367213249206543,,,0.00018770719879308706,1165.0450631530002
14300,29286400,2.2726080417633057,2.333743941783905,10.316493671249667,0.00018757067340379743,1166.3282632299997
14310,29306880,2.7682666778564453,,,0.00018743412426295384,1166.9674493800012
14320,29327360,2.2780888080596924,,,0.00018729755151424953,1167.746738848
14330,29347840,2.3612380027770996,,,0.00018716095530140272,1168.6418898919983
14340,29368320,2.1436214447021484,,,0.0001870243357681561,1169.3008801510005
14350,29388800,2.839606285095215,,,0.00018688769305827716,1170.0763385050013
14360,29409280,2.1886284351348877,,,0.00018675102731555759,1170.9621516309999
14370,29429760,2.4313764572143555,,,0.00018661433868381337,1171.6688762170015
14380,29450240,2.337407112121582,,,0.00018647762730688468,1172.404855970999
14390,29470720,2.620593547821045,,,0.00018634089332863538,1173.223863504998
14400,29491200,2.432612657546997,2.3355955362319945,10.335613329118791,0.0001862041368929534,1174.3469781189997
14410,29511680,2.6382412910461426,,,0.0001860673581437501,1175.0486201120002
14420,29532160,2.3828377723693848,,,0.00018593055722496038,1175.7050036859982
14430,29552640,2.217881441116333,,,0.00018579373428054253,1176.581200362998
14440,29573120,2.4671106338500977,,,0.00018565688945447792,1177.5551454550005
14450,29593600,2.319406270980835,,,0.00018552002289077106,1178.2722992960007
14460,29614080,2.548297882080078,,,0.00018538313473344915,1178.9359645760014
14470,29634560,2.643660545349121,,,0.00018524622512656235,1179.7301506119984
14480,29655040,2.2709126472473145,,,0.00018510929421418321,1180.4004167189996
14490,29675520,2.424201488494873,,,0.0001849723421404068,1181.1767754659995
14500,29696000,2.455596685409546,2.328386116027832,10.261367505812261,0.0001848353690493504,1182.4350059729986
14510,29716480,2.206610679626465,,,0.00018469837508515343,1183.6503109680016
14520,29736960,2.2205939292907715,,,0.00018456136039197727,1184.46448178
14530,29757440,2.2868800163269043,,,0.00018442432511400514,1185.1382207470015
14540,29777920,2.1385343074798584,,,0.0001842872693954419,1185.8546076390012
14550,29798400,2.3107359409332275,,,0.00018415019338051392,1186.560198840998
14560,29818880,2.4255030155181885,,,0.00018401309721346887,1187.2465711650002
14570,29839360,2.390862464904785,,,0.00018387598103857572,1187.9625265520008
14580,29859840,2.676009178161621,,,0.00018373884500012453,1188.7826678630008
14590,29880320,2.458462715148926,,,0.0001836016892424261,1189.568729106999
14600,29900800,2.3794784545898438,2.327123153209686,10.248415960570687,0.00018346451390981213,1190.7241623650007
14610,29921280,2.4777846336364746,,,0.00018332731914663482,1191.434239170001
14620,29941760,2.45763897895813,,,0.00018319010509726692,1192.2015376160016
14630,29962240,2.460299491882324,,,0.0001830528719061013,1192.8635325700016
14640,29982720,2.4491372108459473,,,0.00018291561971755122,1193.5566904279985
14650,30003200,2.6029224395751953,,,0.00018277834867604973,1194.4022763280009
14660,30023680,2.374899387359619,,,0.0001826410589260498,1195.2245623769995
14670,30044160,2.354426860809326,,,0.00018250375061202407,1195.9417045709997
14680,30064640,2.3934926986694336,,,0.0001823664238784647,1196.7077025159997
14690,30085120,2.607173204421997,,,0.00018222907886988331,1197.4750859960004
14700,30105600,2.00852370262146,2.319408130645752,10.169653418258019,0.0001820917157308107,1198.8524511709984
14710,30126080,2.632244110107422,,,0.00018195433460579664,1199.7307244539988
14720,30146560,2.4343199729919434,,,0.00018181693563941006,1200.738261598999
14730,30167040,2.4608988761901855,,,0.00018167951897623844,1201.6653746320007
14740,30187520,2.3689467906951904,,,0.00018154208476088806,1202.5409758710011
14750,30208000,2.3227052688598633,,,0.00018140463313798353,1203.3541669869992
14760,30228480,2.441769599914551,,,0.00018126716425216784,1204.0224941740016
14770,30248960,2.297994375228882,,,0.0001811296782481022,1204.9049259579988
14780,30269440,2.2874341011047363,,,0.0001809921752704657,1205.5547879510013
14790,30289920,2.129246234893799,,,0.0001808546554639554,1206.2644003479982
14800,30310400,2.214193105697632,2.317867410182953,10.153996889401276,0.00018071711897328603,1207.5127820720008
14810,30330880,2.1853089332580566,,,0.00018057956594318996,1208.2650172639987
14820,30351360,2.277235984802246,,,0.00018044199651841682,1208.9032893769981
14830,30371840,2.288320541381836,,,0.00018030441084373357,1209.5736069689992
14840,30392320,2.428448438644409,,,0.00018016680906392428,1210.274885136001
14850,30412800,2.3856449127197266,,,0.0001800291913237899,1210.9726647419993
14860,30433280,2.4251885414123535,,,0.0001798915577681483,1211.6939221100001
14870,30453760,2.075127601623535,,,0.00017975390854183386,1212.3725923919992
14880,30474240,2.214228868484497,,,0.00017961624378969759,1213.1061108469985
14890,30494720,2.5393714904785156,,,0.00017947856365660666,1213.8599856600013
14900,30515200,2.315199375152588,2.3189768552780152,10.165268442874204,0.00017934086828744458,1215.0366912729987
14910,30535680,2.465064525604248,,,0.00017920315782711077,1215.8936431840011
14920,30556160,2.4460999965667725,,,0.00017906543242052076,1216.661159135001
14930,30576640,2.4602153301239014,,,0.00017892769221260544,1217.4955018529981
14940,30597120,2.4729533195495605,,,0.00017878993734831165,1218.1905312599993
14950,30617600,2.143890380859375,,,0.00017865216797260136,1218.8658005180005
14960,30638080,2.5483500957489014,,,0.00017851438423045204,1219.5392844589987
14970,30658560,2.17006516456604,,,0.00017837658626685608,1220.335954080001
14980,30679040,2.453773260116577,,,0.00017823877422682097,1221.276146832999
14990,30699520,2.4601738452911377,,,0.000178100948255369,1222.137909950001
15000,30720000,2.6319851875305176,2.3120890855789185,10.095492989390696,0.00017796310849753705,1223.3907682419995
15010,30740480,2.15841007232666,,,0.00017782525509837653,1224.6702221150008
15020,30760960,2.4052791595458984,,,0.00017768738820295328,1225.4083076509996
15030,30781440,2.297252655029297,,,0.00017754950795634725,1226.0842949949983
15040,30801920,2.341871738433838,,,0.00017741161450365257,1226.7766962409987
15050,30822400,2.2650177478790283,,,0.000177273707989977,1227.4822454060013
15060,30842880,2.2600269317626953,,,0.0001771357885604424,1228.1677653430015
15070,30863360,2.2002952098846436,,,0.0001769978563601839,1228.8354944739986
15080,30883840,2.5506842136383057,,,0.0001768599115343503,1229.7071603609984
15090,30904320,2.3109378814697266,,,0.00017672195422810356,1230.6015256300016
15100,30924800,2.326115608215332,2.311095345020294,10.085465671649178,0.00017658398458661876,1232.1264924390016
15110,30945280,2.224194049835205,,,0.0001764460027550841,1232.8212305039997
15120,30965760,2.4497029781341553,,,0.00017630800887870048,1233.6995128470007
15130,30986240,2.219325542449951,,,0.00017617000310268148,1234.4896853380014
15140,31006720,2.4681849479675293,,,0.00017603198557225325,1235.2469989109995
15150,31027200,2.210503101348877,,,0.0001758939564326543,1235.9482150799995
15160,31047680,2.543203353881836,,,0.0001757559158291354,1236.642678062999
15170,31068160,2.287893772125244,,,0.00017561786390695922,1237.411184826
15180,31088640,2.6340460777282715,,,0.0001754798008114006,1238.0617607109998
15190,31109120,2.4393115043640137,,,0.00017534172668774584,1238.887787658001
15200,31129600,2.2749927043914795,2.3092002987861635,10.066371345937979,0.00017520364168129309,1240.1998466020013
15210,31150080,2.66864013671875,,,0.00017506554593735182,1241.026598610999
15220,31170560,2.316413402557373,,,0.00017492743960124287,1241.7651910399982
15230,31191040,2.3837499618530273,,,0.00017478932281829817,1242.5329129620004
15240,31211520,2.122577667236328,,,0.0001746511957338607,1243.201770189
15250,31232000,2.6666252613067627,,,0.00017451305849328422,1243.9445617860001
15260,31252480,2.5618903636932373,,,0.00017437491124193324,1244.6555251120008
15270,31272960,2.395486354827881,,,0.00017423675412518274,1245.3540316239996
15280,31293440,2.668365240097046,,,0.00017409858728841812,1246.1743796279989
15290,31313920,2.354405164718628,,,0.000173960410877035,1246.9425693449994
15300,31334400,2.5403635501861572,2.304868423938751,10.022859397300024,0.0001738222250364391,1248.2312048089989
15310,31354880,2.2752528190612793,,,0.00017368402991204597,1249.2488157629996
15320,31375360,2.4320883750915527,,,0.00017354582564928106,1249.9521103510015
15330,31395840,2.392965793609619,,,0.00017340761239357938,1250.7454260740014
15340,31416320,2.356013774871826,,,0.0001732693902903854,1251.5912165279988
15350,31436800,2.546302318572998,,,0.00017313115948515287,1252.3643258310003
15360,31457280,2.5727829933166504,,,0.00017299292012334472,1253.1473725129981
15370,31477760,2.404719591140747,,,0.0001728546723504329,1253.9979110880013
15380,31498240,2.386201858520508,,,0.00017271641631189824,1254.7221584809995
15390,31518720,2.28061580657959,,,0.00017257815215323017,1255.409268856998
15400,31539200,2.1746129989624023,2.3030027508735658,10.00417745110716,0.00017243988001992678,1256.6423578739996
15410,31559680,2.2004334926605225,,,0.00017230160005749445,1257.3533993079982
15420,31580160,2.47271990776062,,,0.0001721633124114479,1258.100911130001
15430,31600640,2.2336010932922363,,,0.0001720250172273098,1258.7913455109992
15440,31621120,2.3590664863586426,,,0.0001718867146506109,1259.4564342519989
15450,31641600,2.087736129760742,,,0.00017174840482688964,1260.343414723
15460,31662080,2.307018995285034,,,0.0001716100879016921,1260.970896748
15470,31682560,2.298015594482422,,,0.00017147176402057188,1261.6776932249995
15480,31703040,2.115659713745117,,,0.00017133343332908984,1262.3919695430013
15490,31723520,2.2597999572753906,,,0.000171195095972814,1263.249255259001
15500,31744000,2.2340712547302246,2.2978750348091124,9.953010167444429,0.0001710567520973195,1264.4034600660016
15510,31764480,2.1814231872558594,,,0.00017091840184818818,1265.713765340999
15520,31784960,2.3021087646484375,,,0.0001707800453710087,1266.4746054860007
15530,31805440,2.3357200622558594,,,0.00017064168281137626,1267.1725010049995
15540,31825920,2.3722856044769287,,,0.00017050331431489238,1267.8487018369997
15550,31846400,2.121328830718994,,,0.000170364940027165,1268.531739733
15560,31866880,2.4770736694335938,,,0.00017022656009380794,1269.1868790260014
15570,31887360,2.5299413204193115,,,0.00017008817466044115,1269.8995297039983
15580,31907840,2.279891014099121,,,0.00016994978387269025,1270.6577704919982
15590,31928320,2.416081428527832,,,0.00016981138787618648,1271.3069174029988
15600,31948800,2.3148303031921387,2.2986857295036316,9.961082291553666,0.0001696729868165667,1272.5193786140007
15610,31969280,2.389026641845703,,,0.00016953458083947295,1273.2731748510014
15620,31989760,2.033998489379883,,,0.00016939617009055253,1274.0461305809986
15630,32010240,2.3009819984436035,,,0.0001692577547154577,1274.6886112989996
15640,32030720,2.4659204483032227,,,0.00016911933485984568,1275.3753635629982
15650,32051200,2.620689868927002,,,0.00016898091066937826,1276.1691223419984
15660,32071680,2.0644454956054688,,,0.00016884248228972193,1277.0836217860015
15670,32092160,2.2197680473327637,,,0.00016870404986654762,1277.875850968001
15680,32112640,2.6288371086120605,,,0.00016856561354553027,1278.5275450000008
15690,32133120,2.2549800872802734,,,0.00016842717347234924,1279.3066431549996
15700,32153600,2.5514774322509766,2.2945642113685607,9.920111998144282,0.00016828872979268757,1280.5739020280016
15710,32174080,2.376479148864746,,,0.00016815028265223223,1281.2591546930016
15720,32194560,2.390469789505005,,,0.0001680118321966739,1282.1075557350014
15730,32215040,2.416809558868408,,,0.00016787337857170653,1282.8310534320008
15740,32235520,2.404630661010742,,,0.00016773492192302764,1283.655298458998
15750,32256000,2.447493076324463,,,0.00016759646239633774,1284.6322188429986
15760,32276480,2.397712230682373,,,0.00016745800013734052,1285.3290141489997
15770,32296960,2.2387313842773438,,,0.00016731953529174247,1285.9866840450013
15780,32317440,2.489488363265991,,,0.00016718106800525274,1286.8280274169992
15790,32337920,2.626924514770508,,,0.0001670425984235832,1287.5200273650007
15800,32358400,2.2428555488586426,2.291137146949768,9.88617332351395,0.00016690412669244804,1288.7203323559988
15810,32378880,2.400860071182251,,,0.00016676565295756373,1289.4305888800009
15820,32399360,2.549957752227783,,,0.0001666271773646488,1290.1651934820002
15830,32419840,2.652003288269043,,,0.00016648870005942382,1290.8873313299991
15840,32440320,2.1340792179107666,,,0.00016635022118761115,1291.6092656049987
15850,32460800,2.6058030128479004,,,0.00016621174089493472,1292.3106038180013
15860,32481280,2.732698678970337,,,0.00016607325932712003,1293.0973830600014
15870,32501760,2.381135940551758,,,0.00016593477662989387,1293.8589619279992
15880,32522240,2.2551398277282715,,,0.00016579629294898428,1294.530257552
15890,32542720,2.0897603034973145,,,0.00016565780843012034,1295.2056465429996
15900,32563200,2.4165706634521484,2.2896037340164184,9.87102535449233,0.00016551932321903187,1296.6097521880001
15910,32583680,2.3109307289123535,,,0.00016538083746144965,1297.2919738599994
15920,32604160,2.2730531692504883,,,0.00016524235130310479,1298.099913146998
15930,32624640,2.2322371006011963,,,0.000165103864889729,1298.8878973600004
15940,32645120,2.4068570137023926,,,0.0001649653783670542,1299.570679433
15950,32665600,2.5161471366882324,,,0.0001648268918808124,1300.3456552610005
15960,32686080,2.002621650695801,,,0.00016468840557673563,1301.0536105600004
15970,32706560,2.2491707801818848,,,0.00016454991960055564,1301.7057116459982
15980,32727040,2.3123891353607178,,,0.00016441143409800393,1302.4594814039992
15990,32747520,2.3409042358398438,,,0.00016427294921481146,1303.1307976319986
16000,32768000,2.372022867202759,2.286557376384735,9.841000437608482,0.00016413446509670846,1304.3789827910005
16010,32788480,2.6162033081054688,,,0.00016399598188942456,1305.6902422540006
16020,32808960,2.182271957397461,,,0.0001638574997386882,1306.567967021001
16030,32829440,2.4132542610168457,,,0.0001637190187902269,1307.362349529998
16040,32849920,2.271759271621704,,,0.00016358053918976673,1308.1534953420014
16050,32870400,2.289048671722412,,,0.0001634420610830325,1308.9733358150006
16060,32890880,2.3859076499938965,,,0.0001633035846157474,1309.661529263998
16070,32911360,2.38624906539917,,,0.0001631651099336328,1310.4037409740013
16080,32931840,2.319549083709717,,,0.00016302663718240838,1311.1867263679997
16090,32952320,2.312976121902466,,,0.0001628881665077916,1311.9137440630002
16100,32972800,2.5348424911499023,2.2853761434555055,9.82938278676174,0.00016274969805549783,1313.1319864389989
16110,32993280,2.414167881011963,,,0.00016261123197124013,1313.8458035629992
16120,33013760,2.1716666221618652,,,0.00016247276840072896,1314.5775611509998
16130,33034240,2.28704833984375,,,0.0001623343074896723,1315.269977502001
16140,33054720,2.403244972229004,,,0.0001621958493837751,1316.0438915250015
16150,33075200,2.2543153762817383,,,0.00016205739422873964,1316.735225196
16160,33095680,2.287886619567871,,,0.00016191894217026478,1317.5650506009988
16170,33116160,2.178009033203125,,,0.0001617804933540464,1318.3446479839986
16180,33136640,2.193540334701538,,,0.00016164204792577685,1319.0674757419984
16190,33157120,2.069182872772217,,,0.00016150360603114483,1319.8638812300014
16200,33177600,2.247349739074707,2.2806474447250364,9.783012319248009,0.0001613651678158355,1321.3047416189984
16210,33198080,2.047666072845459,,,0.00016122673342553002,1322.1174775459986
16220,33218560,2.213716983795166,,,0.00016108830300590556,1323.0325603970014
16230,33239040,2.2610666751861572,,,0.00016094987670263515,1323.8660160219988
16240,33259520,2.5026462078094482,,,0.0001608114546613874,1324.743033914001
16250,33280000,2.3454437255859375,,,0.00016067303702782654,1325.450657387999
16260,33300480,2.112230062484741,,,0.00016053462394761207,1326.0980019080016
16270,33320960,2.2345633506774902,,,0.00016039621556639873,1327.0751993170015
16280,33341440,2.468904495239258,,,0.00016025781202983638,1327.980221015001
16290,33361920,2.5969953536987305,,,0.0001601194134835697,1328.6504510369996
16300,33382400,2.329967737197876,2.2791277170181274,9.768156095935803,0.00015998102007323811,1329.8714052370015
16310,33402880,2.2493796348571777,,,0.0001598426319444757,1330.5854748189995
16320,33423360,2.689030170440674,,,0.00015970424924291086,1331.3049680879994
16330,33443840,2.388917922973633,,,0.00015956587211416655,1332.0538973369985
16340,33464320,2.1106066703796387,,,0.00015942750070385955,1333.108859183998
16350,33484800,2.354707956314087,,,0.0001592891351576008,1333.9490432870007
16360,33505280,2.343940258026123,,,0.00015915077562099505,1334.6364189939995
16370,33525760,2.2540388107299805,,,0.00015901242223964067,1335.440029076999
16380,33546240,2.2375025749206543,,,0.00015887407515912955,1336.3269120059995
16390,33566720,2.066667079925537,,,0.00015873573452504709,1337.191765943
16400,33587200,2.236309289932251,2.2744202613830566,9.722280996691477,0.0001585974004829717,1338.4493752659982
16410,33607680,2.5991358757019043,,,0.000158459073178475,1339.212843712001
16420,33628160,2.1397852897644043,,,0.0001583207527571215,1339.947226332999
16430,33648640,2.432845115661621,,,0.00015818243936446835,1340.7714786489996
16440,33669120,2.071176290512085,,,0.00015804413314606547,1341.4666798729995
16450,33689600,2.220639944076538,,,0.0001579058342474552,1342.3775422899998
16460,33710080,2.1542162895202637,,,0.000157767542814172,1343.178722621
16470,33730560,2.355407238006592,,,0.00015762925899174274,1343.954511797001
16480,33751040,2.192744255065918,,,0.00015749098292568603,1344.778021137001
16490,33771520,2.306828498840332,,,0.00015735271476151254,1345.8108101340003
16500,33792000,2.3244848251342773,2.2741528511047364,9.719681506404946,0.00015721445464472443,1347.0744825350012
16510,33812480,2.3501739501953125,,,0.00015707620272081553,1348.4421258549992
16520,33832960,2.1267940998077393,,,0.00015693795913527102,1349.2216969529982
16530,33853440,2.3284378051757812,,,0.0001567997240335672,1349.9649550430004
16540,33873920,2.4271066188812256,,,0.00015666149756117165,1350.6706104820005
16550,33894400,2.4371588230133057,,,0.00015652327986354268,1351.5271769290011
16560,33914880,2.3406100273132324,,,0.0001563850710861294,1352.2918126410004
16570,33935360,2.2832791805267334,,,0.00015624687137437163,1352.9944206799992
16580,33955840,2.159031867980957,,,0.00015610868087369953,1353.773542256
16590,33976320,2.7029123306274414,,,0.0001559704997295337,1354.4575449479998
16600,33996800,2.2668280601501465,2.2710402846336364,9.689475385304798,0.00015583232808728475,1355.8821260299992
16610,34017280,2.210636615753174,,,0.00015569416609235336,1356.568697617
16620,34037760,2.5007762908935547,,,0.0001555560138901301,1357.533728418999
16630,34058240,2.2753143310546875,,,0.00015541787162599513,1358.3274201759996
16640,34078720,2.424509048461914,,,0.00015527973944531826,1359.0348112930005
16650,34099200,2.63401460647583,,,0.00015514161749345865,1359.9351791119989
16660,34119680,1.971813678741455,,,0.00015500350591576468,1360.7004742600002
16670,34140160,2.4671592712402344,,,0.00015486540485757375,1361.436101332998
16680,34160640,2.090332269668579,,,0.00015472731446421236,1362.147303496
16690,34181120,2.468372344970703,,,0.00015458923488099565,1362.9916669129998
16700,34201600,2.407015323638916,2.2679544925689696,9.659621763773378,0.0001544511662532274,1364.315086546001
16710,34222080,2.2971763610839844,,,0.00015431310872619992,1365.0503756920007
16720,34242560,2.5713748931884766,,,0.00015417506244519378,1365.8406619810012
16730,34263040,2.4592838287353516,,,0.00015403702755547772,1366.647734383001
16740,34283520,2.2573928833007812,,,0.0001538990042023086,1367.3251300099982
16750,34304000,2.38271427154541,,,0.0001537609925309309,1368.016172956999
16760,34324480,2.6315505504608154,,,0.0001536229926865771,1368.754100498998
16770,34344960,2.4616222381591797,,,0.00015348500481446702,1369.5471854179996
16780,34365440,2.4888193607330322,,,0.00015334702905980797,1370.4085798820015
16790,34385920,2.353209972381592,,,0.0001532090655677945,1371.1906817400013
16800,34406400,2.237175941467285,2.265992081165314,9.640684199592572,0.00015307111448360823,1372.5541275239993
16810,34426880,2.017747402191162,,,0.0001529331759524178,1373.262261044998
16820,34447360,2.404038190841675,,,0.00015279525011937847,1373.9464722679986
16830,34467840,2.5770671367645264,,,0.00015265733712963237,1374.6482699330008
16840,34488320,2.2775020599365234,,,0.00015251943712830786,1375.334748669
16850,34508800,2.2755701541900635,,,0.00015238155026051986,1376.0867745809992
16860,34529280,2.09273624420166,,,0.0001522436766713694,1376.753965642998
16870,34549760,2.4610838890075684,,,0.0001521058165059434,1377.4724165070002
16880,34570240,2.2625608444213867,,,0.00015196796990931487,1378.3068863709996
16890,34590720,2.196281671524048,,,0.00015183013702654236,1379.0174075120012
16900,34611200,2.52628755569458,2.267254376411438,9.652861273341351,0.0001516923180026701,1380.317342852999
16910,34631680,2.378925323486328,,,0.00015155451298272775,1381.0207191549998
16920,34652160,2.011970281600952,,,0.0001514167221117301,1381.783175823999
16930,34672640,2.1461610794067383,,,0.00015127894553467716,1382.531674212998
16940,34693120,2.18312931060791,,,0.0001511411833965539,1383.6225401129996
16950,34713600,2.683994770050049,,,0.00015100343584233,1384.5625180669995
16960,34734080,2.520045042037964,,,0.00015086570301696,1385.583181826998
16970,34754560,2.295090913772583,,,0.00015072798506538264,1386.5844049890002
16980,34775040,2.403913736343384,,,0.00015059028213252132,1387.3331459670007
16990,34795520,2.285461664199829,,,0.00015045259436328334,1388.0512162150007
17000,34816000,2.6609301567077637,2.264727437496185,9.62849987539161,0.00015031492190256028,1389.506959844999
17010,34836480,2.2220683097839355,,,0.00015017726489522756,1391.0636669300002
17020,34856960,2.234679698944092,,,0.0001500396234861442,1391.7958111629996
17030,34877440,2.3700523376464844,,,0.00014990199782015297,1392.7641859869982
17040,34897920,2.3879711627960205,,,0.00014976438804207995,1393.5867821600004
17050,34918400,2.2064762115478516,,,0.00014962679429673462,1394.3897580330013
17060,34938880,2.364607334136963,,,0.00014948921672890947,1395.1185323579994
17070,34959360,2.44612979888916,,,0.00014935165548338004,1395.8397847349988
17080,34979840,2.2491414546966553,,,0.00014921411070490471,1396.531741753999
17090,35000320,2.2901668548583984,,,0.00014907658253822447,1397.292216154001
17100,35020800,2.3593502044677734,2.2601566553115844,9.584590526178632,0.00014893907112806284,1398.4811384390014
17110,35041280,2.1485724449157715,,,0.00014880157661912574,1399.2444947190015
17120,35061760,2.264780282974243,,,0.00014866409915610128,1400.1925650730009
17130,35082240,2.472511053085327,,,0.0001485266388836597,1400.955409266
17140,35102720,2.241349697113037,,,0.00014838919594645298,1401.8862772210014
17150,35123200,2.34067440032959,,,0.00014825177048911507,1402.6070490630009
17160,35143680,2.3222098350524902,,,0.00014811436265626133,1403.455079659001
17170,35164160,2.527907371520996,,,0.00014797697259248877,1404.286742876
17180,35184640,2.2793080806732178,,,0.0001478396004423755,1405.2730463389998
17190,35205120,2.397428035736084,,,0.00014770224635048088,1406.065431662999
17200,35225600,2.2170839309692383,2.2591739892959595,9.5751767008755,0.0001475649104613454,1407.4043742510003
17210,35246080,2.2256083488464355,,,0.0001474275929194901,1408.1992049360015
17220,35266560,2.145087718963623,,,0.00014729029386941698,1409.0285521719998
17230,35287040,2.7070422172546387,,,0.0001471530134556084,1409.8021636179983
17240,35307520,2.5028421878814697,,,0.0001470157518225272,1410.5860501589996
17250,35328000,2.3804988861083984,,,0.0001468785091146165,1411.3957563170006
17260,35348480,2.4527387619018555,,,0.00014674128547629935,1412.0901417290006
17270,35368960,2.253324270248413,,,0.0001466040810519789,1412.937157217999
17280,35389440,2.3615341186523438,,,0.00014646689598603793,1414.034254672999
17290,35409920,2.4229514598846436,,,0.00014632973042283897,1414.9381705390006
17300,35430400,2.110926389694214,2.255785059928894,9.542782025995555,0.000146192584506724,1416.312617923999
17310,35450880,2.466670513153076,,,0.00014605545838201428,1417.0276887010004
17320,35471360,2.2350974082946777,,,0.00014591835219301028,1417.8550618619993
17330,35491840,2.296628952026367,,,0.00014578126608399148,1418.5933378019981
17340,35512320,2.1546683311462402,,,0.00014564420019921623,1419.375191965999
17350,35532800,2.448084592819214,,,0.00014550715468292157,1420.053720844
17360,35553280,2.2677698135375977,,,0.00014537012967932316,1420.778503292
17370,35573760,2.531351089477539,,,0.0001452331253326151,1421.526380837
17380,35594240,1.9255361557006836,,,0.00014509614178696958,1422.2460986020014
17390,35614720,2.5397543907165527,,,0.00014495917918653714,1423.0574557379987
17400,35635200,2.280306339263916,2.253591501712799,9.521872319791212,0.00014482223767544607,1424.3909968549997
17410,35655680,2.285641670227051,,,0.0001446853173978026,1425.1058518749996
17420,35676160,2.21732759475708,,,0.0001445484184976906,1425.9223485250004
17430,35696640,2.212362766265869,,,0.00014441154111917136,1426.6813278949994
17440,35717120,2.308687925338745,,,0.00014427468540628363,1427.4444145720008
17450,35737600,2.476390838623047,,,0.00014413785150304325,1428.2625048789996
17460,35758080,2.538769245147705,,,0.00014400103955344322,1429.1085270000003
17470,35778560,2.2569427490234375,,,0.00014386424970145342,1429.8833503349997
17480,35799040,2.32018780708313,,,0.00014372748209102036,1430.7145643939984
17490,35819520,2.3446624279022217,,,0.0001435907368660673,1431.464638002999
17500,35840000,2.167680025100708,2.254747545719147,9.53288638836306,0.0001434540141704938,1432.5550500870013
17510,35860480,1.9532396793365479,,,0.00014331731414817585,1434.0011114609988
17520,35880960,2.303771495819092,,,0.00014318063694296543,1434.7204066640006
17530,35901440,2.096574544906616,,,0.0001430439826986907,1435.7787873119996
17540,35921920,2.0957303047180176,,,0.0001429073515591555,1436.4908207750013
17550,35942400,2.2492339611053467,,,0.00014277074366813937,1437.4279464610008
17560,35962880,2.3485822677612305,,,0.00014263415916939754,1438.2346173510014
17570,35983360,1.9992799758911133,,,0.00014249759820666034,1438.8957105420013
17580,36003840,2.4734694957733154,,,0.00014236106092363363,1439.5621727639991
17590,36024320,2.410301923751831,,,0.00014222454746399817,1440.3040403550003
17600,36044800,2.20349383354187,2.2518117785453797,9.504941093942936,0.0001420880579714097,1441.6169961470005
17610,36065280,2.205934524536133,,,0.00014195159258949876,1442.2994669770014
17620,36085760,2.1763501167297363,,,0.00014181515146187044,1443.042593787999
17630,36106240,2.0607645511627197,,,0.00014167873473210443,1443.821434182999
17640,36126720,2.3120570182800293,,,0.00014154234254375468,1444.7154709770002
17650,36147200,2.249579668045044,,,0.00014140597504034926,1445.3939907780004
17660,36167680,2.4275317192077637,,,0.0001412696323653904,1446.1202430410012
17670,36188160,2.122608184814453,,,0.00014113331466235405,1447.0360582950016
17680,36208640,2.122591257095337,,,0.00014099702207468994,1447.7438773059985
17690,36229120,2.225261926651001,,,0.00014086075474582145,1448.5203631580007
17700,36249600,2.709425926208496,2.2473006725311278,9.462159864888866,0.00014072451281914528,1450.038037186001
17710,36270080,2.390137195587158,,,0.00014058829643803143,1450.7669365869988
17720,36290560,2.702920913696289,,,0.00014045210574582302,1451.5458004850007
17730,36311040,2.3798129558563232,,,0.00014031594088583616,1452.232377280001
17740,36331520,2.6295621395111084,,,0.00014017980200135968,1452.9002005209986
17750,36352000,2.3037593364715576,,,0.0001400436892356552,1453.6247639430003
17760,36372480,1.9943461418151855,,,0.00013990760273195683,1454.4039523799984
17770,36392960,2.362239360809326,,,0.000139771542633471,1455.1115785859984
17780,36413440,2.451122283935547,,,0.00013963550908337633,1455.911537898999
17790,36433920,2.2941324710845947,,,0.00013949950222482354,1456.6025587769982
17800,36454400,2.3703770637512207,2.2437013149261475,9.428163387262869,0.0001393635222009353,1458.127241498998
17810,36474880,2.442013740539551,,,0.00013922756915480606,1458.7643969550008
17820,36495360,2.457063674926758,,,0.0001390916432295017,1459.604868303999
17830,36515840,2.6133179664611816,,,0.0001389557445680598,1460.531912421
17840,36536320,2.480492353439331,,,0.00013881987331348903,1461.2897559490011
17850,36556800,2.4971742630004883,,,0.00013868402960876943,1461.999495221
17860,36577280,2.3997082710266113,,,0.0001385482135968519,1462.7789228119982
17870,36597760,1.9405384063720703,,,0.00013841242542065823,1463.5707306090007
17880,36618240,2.1603050231933594,,,0.00013827666522308097,1464.2500328960014
17890,36638720,2.3837027549743652,,,0.00013814093314698313,1464.946523489998
17900,36659200,2.3952014446258545,2.2452563047409058,9.442835489830545,0.00013800522933519826,1466.0259647579987
17910,36679680,2.231472969055176,,,0.00013786955393053002,1466.8442361140005
17920,36700160,2.124063014984131,,,0.00013773390707575226,1467.593384159998
17930,36720640,2.321180820465088,,,0.00013759828891360884,1468.4537408389988
17940,36741120,2.602959632873535,,,0.0001374626995868133,1469.1674448099984
17950,36761600,2.211927890777588,,,0.00013732713923804893,1469.9038233259998
17960,36782080,2.1165127754211426,,,0.00013719160800996843,1470.6430123799983
17970,36802560,2.324266195297241,,,0.00013705610604519399,1471.2939350369998
17980,36823040,2.3402931690216064,,,0.00013692063348631693,1471.989786050999
17990,36843520,2.3758277893066406,,,0.0001367851904758976,1472.6711677439998
18000,36864000,2.404592990875244,2.2405924081802366,9.39889762234551,0.00013664977715646535,1474.0688898459994
18010,36884480,2.4120864868164062,,,0.00013651439367051813,1475.3528517710001
18020,36904960,2.2154664993286133,,,0.00013637904016052264,1476.0879686150001
18030,36925440,2.094107151031494,,,0.00013624371676891395,1476.7866556289991
18040,36945920,2.4287872314453125,,,0.00013610842363809552,1477.4909199520007
18050,36966400,2.3498036861419678,,,0.0001359731609104389,1478.2002797319983
18060,36986880,2.1981582641601562,,,0.00013583792872828358,1478.958193036
18070,37007360,2.467207431793213,,,0.00013570272723393713,1479.685471230001
18080,37027840,2.2291760444641113,,,0.00013556755656967458,1480.3633075549988
18090,37048320,2.342207908630371,,,0.00013543241687773866,1481.1338212289993
18100,37068800,2.1359729766845703,2.2369035482406616,9.364290275501789,0.00013529730830033946,1482.3618084759983
18110,37089280,2.745532751083374,,,0.00013516223097965433,1483.1286081020007
18120,37109760,2.584049940109253,,,0.00013502718505782778,1483.8603323470015
18130,37130240,2.210031747817993,,,0.00013489217067697115,1484.5790911600016
18140,37150720,2.0372607707977295,,,0.00013475718797916272,1485.2779708720009
18150,37171200,2.608229637145996,,,0.0001346222371064474,1486.0485509520004
18160,37191680,2.3663365840911865,,,0.00013448731820083656,1486.7935031460001
18170,37212160,2.37680721282959,,,0.00013435243140430796,1487.5462757729983
18180,37232640,2.21000337600708,,,0.00013421757685880558,1488.2535219780002
18190,37253120,2.5277645587921143,,,0.00013408275470623947,1489.0991720899983
18200,37273600,2.3495941162109375,2.235684263706207,9.35287949909798,0.0001339479650884855,1490.3500092499999
18210,37294080,2.219021797180176,,,0.0001338132081473855,1491.199059956998
18220,37314560,2.0671141147613525,,,0.00013367848402474672,1491.956327374999
18230,37335040,2.2351772785186768,,,0.0001335437928623419,1492.6730849339983
18240,37355520,2.3540573120117188,,,0.00013340913480190927,1493.485692487
18250,37376000,2.4233694076538086,,,0.00013327450998515197,1494.2684169040003
18260,37396480,2.345410108566284,,,0.00013313991855373836,1495.0070506859993
18270,37416960,2.475635528564453,,,0.00013300536064930158,1495.8309305930015
18280,37437440,2.1075217723846436,,,0.00013287083641343945,1496.6177056179986
18290,37457920,2.2441442012786865,,,0.00013273634598771455,1497.3903347349988
18300,37478400,2.349815845489502,2.235923159122467,9.355114126049585,0.00013260188951365358,1498.5957210330016
18310,37498880,2.158146381378174,,,0.00013246746713274776,1499.3458624359992
18320,37519360,2.4980216026306152,,,0.00013233307898645238,1500.126218401001
18330,37539840,2.44496488571167,,,0.0001321987252161866,1500.8355592219996
18340,37560320,2.326862335205078,,,0.00013206440596333352,1501.5778021660008
18350,37580800,2.2014005184173584,,,0.00013193012136923982,1502.2844087429985
18360,37601280,2.2999088764190674,,,0.00013179587157521582,1502.9590849359993
18370,37621760,2.257073402404785,,,0.00013166165672253517,1503.7208896999982
18380,37642240,2.364774703979492,,,0.0001315274769524347,1504.444394536
18390,37662720,2.5826334953308105,,,0.0001313933324061144,1505.1636995379995
18400,37683200,2.2665557861328125,2.2350645542144774,9.347085226465696,0.00013125922322473711,1506.4813521299984
18410,37703680,2.1852145195007324,,,0.00013112514954942856,1507.356623263
18420,37724160,2.2617387771606445,,,0.000130991111521277,1508.2018555680006
18430,37744640,2.4690308570861816,,,0.0001308571092813333,1508.938550316001
18440,37765120,2.429192304611206,,,0.00013072314297061052,1509.612479129999
18450,37785600,2.4374496936798096,,,0.000130589212730084,1510.3646682910003
18460,37806080,2.0541694164276123,,,0.0001304553187006912,1511.191028434001
18470,37826560,1.9646140336990356,,,0.00013032146102333125,1511.9624173679986
18480,37847040,2.2344956398010254,,,0.00013018763983886522,1512.735185436999
18490,37867520,2.2502903938293457,,,0.00013005385528811576,1513.4125389030014
18500,37888000,2.1463091373443604,2.228844332695007,9.289124736219806,0.00012992010751186684,1514.8485390220012
18510,37908480,2.2646069526672363,,,0.0001297863966508639,1516.2230424830013
18520,37928960,2.1938538551330566,,,0.0001296527228458134,1517.0208109880004
18530,37949440,2.348365068435669,,,0.00012951908623738288,1517.7786782600015
18540,37969920,2.3958609104156494,,,0.00012938548696620074,1518.575348030001
18550,37990400,2.308218002319336,,,0.000129251925172856,1519.3191450570012
18560,38010880,1.9069406986236572,,,0.00012911840099789839,1520.0858369630005
18570,38031360,2.4750308990478516,,,0.00012898491458183787,1520.8632907190004
18580,38051840,2.3552334308624268,,,0.00012885146606514487,1521.584110705
18590,38072320,2.0141594409942627,,,0.0001287180555882497,1522.3331899980003
18600,38092800,2.425060987472534,2.230528473854065,9.304782114436453,0.0001285846832915429,1523.6699792600011
18610,38113280,2.2881903648376465,,,0.00012845134931537463,1524.3629189669991
18620,38133760,2.2657065391540527,,,0.00012831805380005484,1525.0624075019987
18630,38154240,2.233640193939209,,,0.00012818479688585295,1526.0052185450004
18640,38174720,2.005208969116211,,,0.00012805157871299775,1526.6548814259986
18650,38195200,2.6713812351226807,,,0.0001279183994216773,1527.4961819630007
18660,38215680,2.1574337482452393,,,0.00012778525915203877,1528.2827317990013
18670,38236160,2.225825786590576,,,0.00012765215804418821,1528.9988350239983
18680,38256640,2.561617374420166,,,0.00012751909623819047,1529.6710617179997
18690,38277120,2.305898666381836,,,0.000127386073874069,1530.3260657499995
18700,38297600,2.4021756649017334,2.2279444456100466,9.280769332862729,0.00012725309109180586,1531.6028203040005
18710,38318080,2.0956742763519287,,,0.00012712014803134132,1532.2721270729999
18720,38338560,2.5362906455993652,,,0.00012698724483257404,1532.9960178449983
18730,38359040,2.198863983154297,,,0.00012685438163536052,1533.6903383149984
18740,38379520,2.3164443969726562,,,0.0001267215585795153,1534.3788925100016
18750,38400000,2.078866481781006,,,0.00012658877580481063,1535.3378360079987
18760,38420480,2.3957161903381348,,,0.00012645603345097633,1536.0885784739985
18770,38440960,2.160186290740967,,,0.00012632333165769977,1536.7409421660013
18780,38461440,2.299804210662842,,,0.00012619067056462567,1537.4932192909982
18790,38481920,2.349909782409668,,,0.0001260580503113557,1538.1651078219984
18800,38502400,2.166124105453491,2.2280531227588654,9.281777995220951,0.00012592547103744888,1539.2031836630013
18810,38522880,2.083174705505371,,,0.00012579293288242078,1539.9193128840016
18820,38543360,2.250230312347412,,,0.0001256604359857439,1540.6278067560015
18830,38563840,2.3967370986938477,,,0.00012552798048684737,1541.420700843999
18840,38584320,2.1629183292388916,,,0.00012539556652511652,1542.118715091001
18850,38604800,2.201789379119873,,,0.00012526319423989318,1542.8575954670014
18860,38625280,2.1405622959136963,,,0.00012513086377047522,1543.5512264099998
18870,38645760,2.2945542335510254,,,0.00012499857525611658,1544.293331918001
18880,38666240,2.3374533653259277,,,0.000124866328836027,1545.0211455589997
18890,38686720,2.3456597328186035,,,0.0001247341246493719,1545.7924270170006
18900,38707200,2.0384256839752197,2.221965754032135,9.225448014752274,0.00012460196283527232,1547.0855599409988
18910,38727680,2.283963203430176,,,0.00012446984353280469,1547.9613494670011
18920,38748160,2.3154969215393066,,,0.00012433776688100065,1548.7696513839983
18930,38768640,2.4998679161071777,,,0.00012420573301884702,1549.5729276099992
18940,38789120,2.4179039001464844,,,0.00012407374208528557,1550.2996267849994
18950,38809600,2.086813449859619,,,0.00012394179421921296,1551.0592560689984
18960,38830080,2.3956308364868164,,,0.0001238098895594804,1551.8279148069996
18970,38850560,2.1231229305267334,,,0.00012367802824489376,1552.6773289800003
18980,38871040,2.2630505561828613,,,0.00012354621041421314,1553.4198067260004
18990,38891520,2.1677613258361816,,,0.0001234144362061531,1554.3401384999997
19000,38912000,2.5113682746887207,2.2228321492671967,9.23344436245214,0.0001232827057593821,1555.5748183840005
19010,38932480,2.6221089363098145,,,0.00012315101921252263,1557.0048811519991
19020,38952960,2.1347508430480957,,,0.000123019376704151,1557.8541821539984
19030,38973440,2.485846996307373,,,0.00012288777837279714,1558.6714525009993
19040,38993920,2.3344569206237793,,,0.0001227562243569445,1559.5731647290013
19050,39014400,2.2777860164642334,,,0.00012262471479502994,1560.4053868039991
19060,39034880,2.424121379852295,,,0.00012249324982544345,1561.1838304910016
19070,39055360,2.16569185256958,,,0.0001223618295865282,1561.9240848139998
19080,39075840,2.5769641399383545,,,0.00012223045421658015,1562.839716604998
19090,39096320,2.118173360824585,,,0.00012209912385384826,1563.6474264630015
19100,39116800,2.3933756351470947,2.2155768811702727,9.166695680732937,0.00012196783863653388,1564.925854123001
19110,39137280,2.350497245788574,,,0.00012183659870279104,1565.6927654059982
19120,39157760,2.221534490585327,,,0.00012170540419072603,1566.5827349799983
19130,39178240,2.2895967960357666,,,0.00012157425523839734,1567.6236341080003
19140,39198720,2.2192223072052,,,0.00012144315198381558,1568.3382307270003
19150,39219200,2.2916595935821533,,,0.00012131209456494315,1569.1352760109985
19160,39239680,2.1869614124298096,,,0.00012118108311969437,1569.8895115609994
19170,39260160,2.3026132583618164,,,0.00012105011778593511,1570.700891984001
19180,39280640,2.5041704177856445,,,0.00012091919870148265,1571.5356237849992
19190,39301120,2.291837692260742,,,0.0001207883260041057,1572.5439516379993
19200,39321600,2.295684337615967,2.2173326194286345,9.182804136019959,0.0001206574998315241,1573.7087940950005
19210,39342080,2.322329044342041,,,0.00012052672032140875,1574.620732831001
19220,39362560,2.175938129425049,,,0.00012039598761138151,1575.552650226
19230,39383040,2.353032112121582,,,0.00012026530183901482,1576.1982203709995
19240,39403520,2.1610825061798096,,,0.0001201346631418319,1576.8963954339997
19250,39424000,2.24076509475708,,,0.00012000407165730633,1577.716498971
19260,39444480,2.2294955253601074,,,0.00011987352752286211,1578.5433459490014
19270,39464960,2.440951347351074,,,0.00011974303087587325,1579.4370631849997
19280,39485440,2.4311978816986084,,,0.00011961258185366394,1580.1518679850014
19290,39505920,2.3872601985931396,,,0.00011948218059350821,1581.0095945389985
19300,39526400,2.078152656555176,2.2137555301189424,9.150015105120808,0.00011935182723262977,1582.2880567719985
19310,39546880,2.6703884601593018,,,0.00011922152190820202,1583.163760954998
19320,39567360,2.6101856231689453,,,0.00011909126475734768,1584.0305656419987
19330,39587840,2.132767677307129,,,0.00011896105591713894,1584.805838504999
19340,39608320,2.196152925491333,,,0.00011883089552459702,1585.5219386190001
19350,39628800,2.2826855182647705,,,0.00011870078371669225,1586.2630814469994
19360,39649280,2.202242136001587,,,0.00011857072063034375,1586.9849869930003
19370,39669760,2.184981346130371,,,0.00011844070640241939,1587.7379727920015
19380,39690240,2.1214985847473145,,,0.00011831074116973569,1588.508257731999
19390,39710720,2.4860787391662598,,,0.00011818082506905757,1589.3400051719982
19400,39731200,2.1334526538848877,2.2138763308525085,9.151120500422584,0.00011805095823709821,1590.615195986
19410,39751680,2.017744302749634,,,0.00011792114081051902,1591.5803230269994
19420,39772160,2.2042298316955566,,,0.00011779137292592931,1592.2732261679994
19430,39792640,2.00913405418396,,,0.00011766165471988638,1592.9602044739986
19440,39813120,2.4424028396606445,,,0.00011753198632889516,1593.7167848099998
19450,39833600,2.26499605178833,,,0.0001174023678894082,1594.4707793769994
19460,39854080,2.531923770904541,,,0.00011727279953782553,1595.3922151389997
19470,39874560,2.3283865451812744,,,0.00011714328141049431,1596.3266416629995
19480,39895040,2.1047825813293457,,,0.00011701381364370907,1597.0141898500005
19490,39915520,2.270648241043091,,,0.00011688439637371114,1597.6510594760002
19500,39936000,2.1605186462402344,2.2119400024414064,9.13341807019457,0.00011675502973668886,1598.910956822001
19510,39956480,2.5554943084716797,,,0.00011662571386877726,1600.174254215999
19520,39976960,2.274230480194092,,,0.00011649644890605782,1600.9757928789986
19530,39997440,2.2847280502319336,,,0.00011636723498455866,1601.7215018489987
19540,40017920,2.1036131381988525,,,0.00011623807224025399,1602.501563758
19550,40038400,1.9459242820739746,,,0.00011610896080906429,1603.2639094849983
19560,40058880,2.327918529510498,,,0.00011597990082685598,1604.006382994001
19570,40079360,2.132181167602539,,,0.00011585089242944136,1604.7969929210012
19580,40099840,2.1775271892547607,,,0.00011572193575257849,1605.5883404259985
19590,40120320,1.967036485671997,,,0.00011559303093197094,1606.364756715
19600,40140800,2.3142309188842773,2.2071064829826357,9.08937803614987,0.00011546417810326775,1607.736219890001
19610,40161280,2.124606132507324,,,0.00011533537740206318,1608.5985198480012
19620,40181760,2.268385171890259,,,0.00011520662896389673,1609.4309012279991
19630,40202240,2.0717434883117676,,,0.0001150779329242529,1610.1103534979993
19640,40222720,2.021282196044922,,,0.00011494928941856091,1610.949078018999
19650,40243200,2.3093390464782715,,,0.00011482069858219487,1611.6837458670016
19660,40263680,2.3733584880828857,,,0.00011469216055047334,1612.3664567900014
19670,40284160,2.290285587310791,,,0.0001145636754586594,1613.1138250080003
19680,40304640,2.4367446899414062,,,0.00011443524344196041,1613.8433891809982
19690,40325120,1.9601432085037231,,,0.00011430686463552778,1614.5678227419994
19700,40345600,2.3423025608062744,2.207823395729065,9.09589666348542,0.00011417853917445709,1615.8273915280006
19710,40366080,2.3495302200317383,,,0.00011405026719378758,1616.6282485449992
19720,40386560,2.2306103706359863,,,0.0001139220488285024,1617.4565189319983
19730,40407040,2.4223265647888184,,,0.00011379388421352823,1618.2475193050013
19740,40427520,2.27630352973938,,,0.00011366577348373507,1618.9733156719994
19750,40448000,2.319276809692383,,,0.00011353771677393638,1619.8001455519989
19760,40468480,2.2818541526794434,,,0.00011340971421888866,1620.530794571001
19770,40488960,2.362790584564209,,,0.0001132817659532915,1621.4193171000006
19780,40509440,2.094957113265991,,,0.00011315387211178728,1622.1580464520011
19790,40529920,2.103797674179077,,,0.00011302603282896116,1622.909321913001
19800,40550400,2.456643581390381,2.2005904376506806,9.030343780646595,0.00011289824823934088,1624.1745322669994
19810,40570880,2.2958407402038574,,,0.00011277051847739663,1624.7925175620003
19820,40591360,1.987708568572998,,,0.00011264284367754093,1625.4720048849995
19830,40611840,2.246147394180298,,,0.00011251522397412836,1626.215502340001
19840,40632320,2.2868967056274414,,,0.00011238765950145565,1627.1134865880013
19850,40652800,2.10266375541687,,,0.00011226015039376133,1627.9574449270003
19860,40673280,2.3136425018310547,,,0.00011213269678522564,1628.6838606480014
19870,40693760,2.156903028488159,,,0.00011200529880997056,1629.5616832349988
19880,40714240,2.5172524452209473,,,0.00011187795660205935,1630.3623097400014
19890,40734720,1.9925583600997925,,,0.0001117506702954967,1631.0163409039997
19900,40755200,2.1939311027526855,2.2012230515480042,9.03605830897428,0.00011162344002422844,1632.413283384998
19910,40775680,2.281952142715454,,,0.00011149626592214141,1633.1353015519999
19920,40796160,2.2599775791168213,,,0.00011136914812306341,1633.9029806959988
19930,40816640,2.1266751289367676,,,0.0001112420867607629,1634.6080905970011
19940,40837120,2.2476634979248047,,,0.00011111508196894901,1635.4369884750013
19950,40857600,2.274317979812622,,,0.00011098813388127133,1636.3067327780009
19960,40878080,2.21272611618042,,,0.00011086124263131979,1637.3075271400012
19970,40898560,2.0288894176483154,,,0.00011073440835262449,1638.0438137380006
19980,40919040,2.3004167079925537,,,0.00011060763117865553,1638.775271159
19990,40939520,2.2021877765655518,,,0.00011048091124282306,1639.4857311880005
20000,40960000,2.1697421073913574,2.204496663808823,9.06568733074845,0.00011035424867847683,1640.5421594180007
20010,40980480,2.2606332302093506,,,0.00011022764361890634,1641.7173365790004
20020,41000960,2.0454556941986084,,,0.0001101010961973405,1642.483320725998
20030,41021440,2.1411819458007812,,,0.00010997460654694761,1643.1519763549986
20040,41041920,2.219165086746216,,,0.0001098481748008352,1644.169694199998
20050,41062400,2.2161478996276855,,,0.00010972180109204975,1645.0689703630014
20060,41082880,2.3889994621276855,,,0.00010959548555357683,1645.8336372199992
20070,41103360,2.3149304389953613,,,0.00010946922831834067,1646.5249598919982
20080,41123840,2.3510003089904785,,,0.00010934302951920417,1647.2348059690012
20090,41144320,2.4106123447418213,,,0.00010921688928896878,1648.0705459050005
20100,41164800,2.2066688537597656,2.202705705165863,9.049465590238238,0.0001090908077603743,1649.1963566999984
20110,41185280,2.373722553253174,,,0.00010896478506609874,1649.9395004549988
20120,41205760,2.478139638900757,,,0.00010883882133875819,1650.6603725290006
20130,41226240,2.0514655113220215,,,0.00010871291671090671,1651.3520978669985
20140,41246720,2.1691231727600098,,,0.00010858707131503619,1652.0276477379994
20150,41267200,2.463026523590088,,,0.00010846128528357612,1652.8048217799987
20160,41287680,2.238574981689453,,,0.00010833555874889357,1653.7568678179996
20170,41308160,2.379857063293457,,,0.0001082098918432931,1654.4310447710013
20180,41328640,2.2868704795837402,,,0.00010808428469901622,1655.3731717070004
20190,41349120,2.406963348388672,,,0.00010795873744824186,1656.1689848899987
20200,41369600,2.3484582901000977,2.199285811185837,9.018570236872051,0.0001078332502230858,1657.519947615001
20210,41390080,2.1523666381835938,,,0.00010770782315560064,1658.333211213001
20220,41410560,2.262068271636963,,,0.00010758245637777577,1659.1482686380004
20230,41431040,2.3774828910827637,,,0.00010745715002153695,1659.8031962409987
20240,41451520,2.657710075378418,,,0.00010733190421874647,1660.637247216
20250,41472000,2.1478657722473145,,,0.00010720671910120308,1661.5237438129989
20260,41492480,2.2446577548980713,,,0.00010708159480064128,1662.2430269340002
20270,41512960,1.9608490467071533,,,0.00010695653144873186,1662.9789901570002
20280,41533440,2.4456253051757812,,,0.0001068315291770814,1663.7038128140011
20290,41553920,2.2062554359436035,,,0.00010670658811723219,1664.5851541919983
20300,41574400,2.037449359893799,2.199277287721634,9.018493367739072,0.00010658170840066215,1666.0326360229992
20310,41594880,2.383957862854004,,,0.00010645689015878453,1666.7356685429986
20320,41615360,2.309210777282715,,,0.00010633213352294799,1667.5236308839994
20330,41635840,2.083312749862671,,,0.00010620743862443637,1668.2459893499981
20340,41656320,2.474928855895996,,,0.00010608280559446849,1668.9919645400005
20350,41676800,2.348109245300293,,,0.00010595823456419812,1669.8072286749994
20360,41697280,2.164259910583496,,,0.0001058337256647137,1670.5968333140008
20370,41717760,2.087188720703125,,,0.00010570927902703836,1671.4153266440007
20380,41738240,2.3078560829162598,,,0.00010558489478212971,1672.1172321259983
20390,41758720,2.392993211746216,,,0.0001054605730608797,1673.0598812370008
20400,41779200,2.4033210277557373,2.1975580990314483,9.00300219587796,0.00010533631399411441,1674.5665166299987
20410,41799680,2.1712350845336914,,,0.00010521211771259406,1675.603132966
20420,41820160,1.9007999897003174,,,0.00010508798434701281,1676.5443506929987
20430,41840640,2.4730632305145264,,,0.0001049639140279986,1677.2289663310003
20440,41861120,2.1980018615722656,,,0.00010483990688611304,1678.2598202910012
20450,41881600,2.3664793968200684,,,0.00010471596305185113,1678.8981493460014
20460,41902080,2.1537322998046875,,,0.00010459208265564138,1679.6082462160011
20470,41922560,2.369128704071045,,,0.00010446826582784566,1680.2864893020014
20480,41943040,2.1204447746276855,,,0.00010434451269875861,1681.0207627620002
20490,41963520,2.3389830589294434,,,0.00010422082339860811,1681.7761298900004
20500,41984000,2.238924503326416,2.195706444978714,8.98634717480247,0.00010409719805755479,1683.171865166998
20510,42004480,2.142998218536377,,,0.00010397363680569199,1684.410816992
20520,42024960,2.198513984680176,,,0.00010385013977304563,1685.1346592900009
20530,42045440,2.3605763912200928,,,0.00010372670708957391,1685.886104844998
20540,42065920,2.2133350372314453,,,0.00010360333888516745,1686.6297010470007
20550,42086400,2.2262816429138184,,,0.000103480035289649,1687.3241881110007
20560,42106880,2.188927173614502,,,0.0001033567964327734,1688.0005224060005
20570,42127360,2.5124592781066895,,,0.00010323362244422711,1688.6538753050008
20580,42147840,2.343175172805786,,,0.00010311051345362857,1689.3527148370013
20590,42168320,2.434309959411621,,,0.00010298746959052771,1690.2509501200002
20600,42188800,2.437924861907959,2.1937344670295715,8.968643757441688,0.000102864490984406,1691.6469793389988
20610,42209280,2.297314167022705,,,0.0001027415777646762,1692.3047295789984
20620,42229760,2.324770450592041,,,0.00010261873006068218,1693.0437911100016
20630,42250240,2.082496166229248,,,0.000102495948001699,1693.8923756170007
20640,42270720,2.205763816833496,,,0.00010237323171693255,1694.5321945159994
20650,42291200,2.303508758544922,,,0.00010225058133551958,1695.2967121199981
20660,42311680,2.3632254600524902,,,0.0001021279969865275,1696.0384258999984
20670,42332160,2.4396421909332275,,,0.00010200547879895397,1696.8228029269994
20680,42352640,2.1634721755981445,,,0.00010188302690172743,1697.5190433639982
20690,42373120,2.3486757278442383,,,0.00010176064142370637,1698.2389185680004
20700,42393600,2.193535804748535,2.1913547456264495,8.94732625884917,0.00010163832249367927,1699.5173397779981
20710,42414080,2.2931344509124756,,,0.00010151607024036475,1700.3326750579981
20720,42434560,2.1292285919189453,,,0.00010139388479241121,1701.136399783998
20730,42455040,2.27217960357666,,,0.0001012717662783968,1702.1094340909985
20740,42475520,2.184945583343506,,,0.00010114971482682908,1702.7964233989987
20750,42496000,2.4653124809265137,,,0.00010102773056614517,1703.6913575319995
20760,42516480,2.546288013458252,,,0.00010090581362471149,1704.4079254509998
20770,42536960,2.3764126300811768,,,0.00010078396413082357,1705.0632879529985
20780,42557440,2.028090476989746,,,0.000100662182212706,1705.761192932001
20790,42577920,2.4628851413726807,,,0.0001005404679985122,1706.468909711999
20800,42598400,2.1756837368011475,2.1894363939762114,8.930178593639935,0.00010041882161632437,1707.8142646099986
20810,42618880,2.2707784175872803,,,0.00010029724319415338,1708.4732697020008
20820,42639360,2.352353811264038,,,0.0001001757328599385,1709.224256114001
20830,42659840,2.461996078491211,,,0.00010005429074154748,1710.0249887729988
20840,42680320,2.199709892272949,,,9.993291696677607e-05,1710.832280044
20850,42700800,1.9245188236236572,,,9.981161166334832e-05,1711.5145962790011
20860,42721280,2.219393253326416,,,9.96903749589161e-05,1712.3588327789985
20870,42741760,2.0410096645355225,,,9.956920698105912e-05,1713.0721884070008
20880,42762240,2.2145142555236816,,,9.944810785728486e-05,1713.855155379999
20890,42782720,2.321263313293457,,,9.932707771502806e-05,1714.5162148519994
20900,42803200,2.139178514480591,2.1888781249523164,8.925194542903272,9.920611668165133e-05,1715.711215321
20910,42823680,2.308518409729004,,,9.908522488444412e-05,1716.445048783
20920,42844160,2.2659568786621094,,,9.896440245062321e-05,1717.1684521069983
20930,42864640,2.290574073791504,,,9.88436495073324e-05,1717.888528096999
20940,42885120,2.5082695484161377,,,9.872296618164234e-05,1718.6167726970016
20950,42905600,2.2970097064971924,,,9.860235260055046e-05,1719.4443872789998
20960,42926080,2.0176267623901367,,,9.848180889098064e-05,1720.4150728979985
20970,42946560,2.146066904067993,,,9.836133517978341e-05,1721.3172721340015
20980,42967040,2.219097852706909,,,9.824093159373558e-05,1722.0218169010004
20990,42987520,2.8219494819641113,,,9.812059825954015e-05,1722.7076864250012
21000,43008000,2.1256582736968994,2.18875076174736,8.92405787390787,9.800033530382627e-05,1724.0624983540001
21010,43028480,2.4514224529266357,,,9.788014285314883e-05,1725.4178841649991
21020,43048960,2.169661283493042,,,9.776002103398875e-05,1726.1306514019998
21030,43069440,2.6624703407287598,,,9.763996997275247e-05,1726.8859851230009
21040,43089920,1.9446687698364258,,,9.751998979577212e-05,1727.6556116200009
21050,43110400,2.4066667556762695,,,9.740008062930512e-05,1728.4995738139987
21060,43130880,2.3079137802124023,,,9.728024259953412e-05,1729.1987777110007
21070,43151360,2.246807098388672,,,9.716047583256704e-05,1729.8723610980014
21080,43171840,2.0665650367736816,,,9.704078045443677e-05,1730.6117658920011
21090,43192320,2.108497381210327,,,9.692115659110104e-05,1731.4014249380016
21100,43212800,2.2054078578948975,2.184563022851944,8.886764391828875,9.680160436844239e-05,1732.7315489739995
21110,43233280,2.1795127391815186,,,9.668212391226778e-05,1733.5340925759992
21120,43253760,2.2563376426696777,,,9.656271534830899e-05,1734.3497290369996
21130,43274240,1.9106135368347168,,,9.64433788022218e-05,1735.2981892870012
21140,43294720,2.2931652069091797,,,9.632411439958642e-05,1736.1406278110007
21150,43315200,2.2857511043548584,,,9.620492226590707e-05,1737.1123105439983
21160,43335680,2.2198362350463867,,,9.608580252661191e-05,1737.9929382010014
21170,43356160,2.4093027114868164,,,9.5966755307053e-05,1738.7171785499995
21180,43376640,2.4873766899108887,,,9.58477807325059e-05,1739.5586636629996
21190,43397120,2.2426233291625977,,,9.572887892816991e-05,1740.2964521819995
21200,43417600,2.0999398231506348,2.18268181681633,8.870062272007836,9.56100500191677e-05,1741.6228740410006
21210,43438080,2.2884302139282227,,,9.549129413054518e-05,1742.287413179998
21220,43458560,2.3621091842651367,,,9.537261138727155e-05,1743.002037672999
21230,43479040,2.3186614513397217,,,9.525400191423882e-05,1743.669994470998
21240,43499520,2.270796298980713,,,9.513546583626208e-05,1744.3889824969992
21250,43520000,2.2793467044830322,,,9.50170032780791e-05,1745.2410127559997
21260,43540480,2.2435083389282227,,,9.489861436435035e-05,1746.083254584999
21270,43560960,1.9845505952835083,,,9.47802992196588e-05,1746.7851621369991
21280,43581440,2.4075984954833984,,,9.466205796850963e-05,1747.659383915001
21290,43601920,1.930456280708313,,,9.454389073533046e-05,1748.3414931449988
21300,43622400,2.1971096992492676,2.1825705766677856,8.869075619841785,9.442579764447093e-05,1749.7698202249994
21310,43642880,2.0062813758850098,,,9.430777882020268e-05,1750.5631542310002
21320,43663360,2.0505614280700684,,,9.418983438671922e-05,1751.3572874640013
21330,43683840,2.2269034385681152,,,9.407196446813563e-05,1752.1223873829986
21340,43704320,2.1294634342193604,,,9.395416918848888e-05,1752.9581288699992
21350,43724800,2.076991558074951,,,9.383644867173705e-05,1753.665633823999
21360,43745280,2.249971866607666,,,9.371880304175976e-05,1754.4672519009982
21370,43765760,2.286008834838867,,,9.360123242235778e-05,1755.1306800450002
21380,43786240,2.262233257293701,,,9.348373693725293e-05,1755.9303289119998
21390,43806720,2.2099103927612305,,,9.3366316710088e-05,1756.6397101529983
21400,43827200,2.021545886993408,2.1795444905757906,8.842277600466153,9.32489718644265e-05,1757.9100076469986
21410,43847680,2.03975772857666,,,9.313170252375266e-05,1758.924225636998
21420,43868160,2.354576826095581,,,9.301450881147131e-05,1759.676100564
21430,43888640,2.181778907775879,,,9.289739085090764e-05,1760.4437521779982
21440,43909120,2.067811965942383,,,9.278034876530718e-05,1761.3112145060004
21450,43929600,2.431313991546631,,,9.266338267783547e-05,1762.0742752570004
21460,43950080,2.1646499633789062,,,9.254649271157821e-05,1762.8145828429988
21470,43970560,2.2658064365386963,,,9.242967898954098e-05,1763.6069298889997
21480,43991040,2.0720396041870117,,,9.23129416346491e-05,1764.515312167001
21490,44011520,2.222870349884033,,,9.219628076974752e-05,1765.3074363669984
21500,44032000,2.654240131378174,2.1784246385097505,8.832381099969275,9.20796965176008e-05,1766.6376040489995
21510,44052480,1.9358025789260864,,,9.196318900089265e-05,1767.9166881480014
21520,44072960,2.0758299827575684,,,9.184675834222626e-05,1768.6509622289996
21530,44093440,1.8917993307113647,,,9.173040466412383e-05,1769.3606352759998
21540,44113920,2.2290494441986084,,,9.161412808902664e-05,1770.0657728900005
21550,44134400,2.0222115516662598,,,9.14979287392946e-05,1770.9005344159996
21560,44154880,2.234337329864502,,,9.138180673720673e-05,1771.7353763009996
21570,44175360,2.089454174041748,,,9.12657622049603e-05,1772.5925032679988
21580,44195840,2.206777811050415,,,9.114979526467129e-05,1773.3239339370011
21590,44216320,2.309201955795288,,,9.103390603837382e-05,1774.1089584469992
21600,44236800,2.0561442375183105,2.177080661058426,8.820518552213345,9.091809464802053e-05,1775.439930264998
21610,44257280,2.2522802352905273,,,9.080236121548183e-05,1776.0885377980012
21620,44277760,2.2314822673797607,,,9.068670586254629e-05,1777.1459269180014
21630,44298240,2.4999332427978516,,,9.057112871092027e-05,1777.8816900659986
21640,44318720,2.2707371711730957,,,9.045562988222787e-05,1778.6312702680007
21650,44339200,2.264843463897705,,,9.034020949801058e-05,1779.3236999660003
21660,44359680,2.06805419921875,,,9.022486767972766e-05,1780.0481901269995
21670,44380160,1.9865970611572266,,,9.01096045487555e-05,1780.732282689998
21680,44400640,2.519805431365967,,,8.999442022638764e-05,1781.4363713659986
21690,44421120,2.103463888168335,,,8.987931483383478e-05,1782.137154308999
21700,44441600,2.356893539428711,2.1733608901500703,8.787769191727316,8.976428849222454e-05,1783.352449561
21710,44462080,2.3360848426818848,,,8.964934132260144e-05,1784.1290524319993
21720,44482560,2.418091058731079,,,8.95344734459264e-05,1784.9897853420007
21730,44503040,2.5154387950897217,,,8.941968498307733e-05,1786.0200193839992
21740,44523520,2.1563196182250977,,,8.930497605484818e-05,1787.0097525499987
21750,44544000,1.928631067276001,,,8.919034678194945e-05,1787.6997929809986
21760,44564480,2.295353412628174,,,8.90757972850076e-05,1788.5195204699994
21770,44584960,2.104111671447754,,,8.896132768456545e-05,1789.2412810189999
21780,44605440,2.255847215652466,,,8.884693810108143e-05,1790.0575931870007
21790,44625920,2.4100301265716553,,,8.873262865492996e-05,1790.7857421400004
21800,44646400,2.1469883918762207,2.1748091697692873,8.800505559430736,8.861839946640104e-05,1791.924523411999
21810,44666880,2.4408156871795654,,,8.85042506557003e-05,1792.6999370669982
21820,44687360,2.3604540824890137,,,8.839018234294859e-05,1793.4740939680014
21830,44707840,2.1328158378601074,,,8.82761946481824e-05,1794.2073510080008
21840,44728320,2.429752826690674,,,8.816228769135301e-05,1794.8804501150007
21850,44748800,2.3305411338806152,,,8.804846159232699e-05,1795.5648796509995
21860,44769280,2.2807281017303467,,,8.793471647088563e-05,1796.3327614400005
21870,44789760,2.1869115829467773,,,8.782105244672521e-05,1797.1565680550011
21880,44810240,1.918208122253418,,,8.77074696394566e-05,1797.9737220710012
21890,44830720,2.3422703742980957,,,8.7593968168605e-05,1798.868492005
21900,44851200,1.9979406595230103,2.17625430226326,8.813232649929125,8.748054815361043e-05,1799.9484616490008
21910,44871680,2.201596975326538,,,8.736720971382675e-05,1800.7060585629988
21920,44892160,2.2496423721313477,,,8.725395296852233e-05,1801.4823186719987
21930,44912640,2.3724634647369385,,,8.714077803687926e-05,1802.1837859480001
21940,44933120,2.252499580383301,,,8.702768503799389e-05,1802.9314933360001
21950,44953600,2.121598482131958,,,8.691467409087602e-05,1803.6935396699992
21960,44974080,2.059410333633423,,,8.680174531444926e-05,1804.4485207549988
21970,44994560,2.098099708557129,,,8.668889882755078e-05,1805.1759329150009
21980,45015040,2.184741973876953,,,8.657613474893114e-05,1805.8584764309999
21990,45035520,2.5337648391723633,,,8.6463453197254e-05,1806.788441959001
22000,45056000,1.975079894065857,2.173404026031494,8.788148268072986,8.635085429109652e-05,1807.9596630429987
22010,45076480,2.4066271781921387,,,8.623833814894856e-05,1809.2242886530003
22020,45096960,2.2207658290863037,,,8.612590488921313e-05,1809.9907933869981
22030,45117440,2.015342950820923,,,8.601355463020573e-05,1810.7533396030012
22040,45137920,1.9904917478561401,,,8.590128749015491e-05,1811.4204362230012
22050,45158400,2.092453956604004,,,8.57891035872014e-05,1812.2097251609994
22060,45178880,2.404682159423828,,,8.567700303939854e-05,1813.0053472420004
22070,45199360,2.1013617515563965,,,8.556498596471188e-05,1813.7833192639991
22080,45219840,2.40120792388916,,,8.545305248101919e-05,1814.5474768550012
22090,45240320,2.4990663528442383,,,8.534120270611013e-05,1815.3053115879993
22100,45260800,2.1181445121765137,2.1708265841007233,8.765526491913661,8.52294367576864e-05,1816.8573641920011
22110,45281280,2.2162528038024902,,,8.511775475336154e-05,1817.547461009999
22120,45301760,2.2935686111450195,,,8.50061568106606e-05,1818.3311546580007
22130,45322240,2.3139567375183105,,,8.489464304702026e-05,1819.118848653001
22140,45342720,2.1747875213623047,,,8.478321357978857e-05,1819.9218447409985
22150,45363200,2.5240330696105957,,,8.467186852622501e-05,1820.685680259001
22160,45383680,2.3735504150390625,,,8.456060800349993e-05,1821.3222086489986
22170,45404160,2.040745735168457,,,8.444943212869514e-05,1821.9809512610009
22180,45424640,2.2632482051849365,,,8.433834101880298e-05,1822.8923672780002
22190,45445120,2.2699193954467773,,,8.422733479072688e-05,1823.688746101001
22200,45465600,2.5955190658569336,2.1702355802059174,8.760347562151491,8.41164135612807e-05,1825.016138043
22210,45486080,2.035489797592163,,,8.400557744718914e-05,1825.7133139440011
22220,45506560,2.1318516731262207,,,8.389482656508705e-05,1826.4168650020001
22230,45527040,2.3337137699127197,,,8.378416103151977e-05,1827.2751792739982
22240,45547520,2.4298057556152344,,,8.367358096294278e-05,1828.0096630619992
22250,45568000,2.2261364459991455,,,8.356308647572162e-05,1828.765628082001
22260,45588480,2.0332484245300293,,,8.345267768613169e-05,1829.5116202030003
22270,45608960,2.0145835876464844,,,8.334235471035835e-05,1830.3528728950005
22280,45629440,2.123340129852295,,,8.323211766449657e-05,1831.3421395170008
22290,45649920,2.192941188812256,,,8.312196666455098e-05,1832.0823107379983
22300,45670400,2.310062885284424,2.169474792480469,8.753685331848404,8.301190182643544e-05,1833.3219193490004
22310,45690880,2.2104737758636475,,,8.290192326597344e-05,1833.995871146999
22320,45711360,2.39070463180542,,,8.279203109889755e-05,1834.7797258009996
22330,45731840,2.3330464363098145,,,8.268222544084925e-05,1835.5739488580002
22340,45752320,2.2275099754333496,,,8.257250640737935e-05,1836.5924820719993
22350,45772800,2.237485408782959,,,8.246287411394713e-05,1837.3567266719983
22360,45793280,2.1122117042541504,,,8.235332867592091e-05,1838.184931169999
22370,45813760,2.172161102294922,,,8.224387020857728e-05,1838.9412322889984
22380,45834240,2.239564895629883,,,8.21344988271017e-05,1839.6774485450005
22390,45854720,2.065046787261963,,,8.202521464658763e-05,1840.4051180329989
22400,45875200,2.3139944076538086,2.167867308855057,8.73962522973502,8.191601778203696e-05,1841.7841266100004
22410,45895680,2.258314371109009,,,8.180690834835963e-05,1842.5180309940006
22420,45916160,2.1869583129882812,,,8.169788646037371e-05,1843.2114721100006
22430,45936640,2.1833302974700928,,,8.158895223280483e-05,1844.0639706289985
22440,45957120,2.1191210746765137,,,8.148010578028678e-05,1844.9038835139982
22450,45977600,1.9344298839569092,,,8.137134721736065e-05,1845.6836342690003
22460,45998080,2.1314172744750977,,,8.126267665847523e-05,1846.3478634079984
22470,46018560,2.152064561843872,,,8.115409421798652e-05,1847.0850670389991
22480,46039040,2.005899429321289,,,8.104560001015812e-05,1847.7463032960004
22490,46059520,2.24824857711792,,,8.093719414916039e-05,1848.473466610998
22500,46080000,2.223824977874756,2.165629369020462,8.720088343635792,8.082887674907097e-05,1849.787774305998
22510,46100480,2.2969202995300293,,,8.072064792387436e-05,1850.9992283770007
22520,46120960,2.301638126373291,,,8.061250778746185e-05,1851.7006426029984
22530,46141440,2.0254411697387695,,,8.050445645363134e-05,1852.619140718998
22540,46161920,2.1721930503845215,,,8.039649403608727e-05,1853.324490875999
22550,46182400,2.0495355129241943,,,8.028862064844074e-05,1854.1270029590014
22560,46202880,2.349083423614502,,,8.018083640420887e-05,1854.8789317349983
22570,46223360,2.13559627532959,,,8.007314141681511e-05,1855.5883270179984
22580,46243840,2.165231466293335,,,7.996553579958897e-05,1856.385554411001
22590,46264320,2.0981802940368652,,,7.985801966576597e-05,1857.1632654409987
22600,46284800,2.42201566696167,2.1645656406879423,8.710817470322077,7.975059312848728e-05,1858.485366558998
22610,46305280,2.0894722938537598,,,7.964325630080006e-05,1859.229656173
22620,46325760,2.299391269683838,,,7.953600929565682e-05,1860.2463395609993
22630,46346240,1.9796468019485474,,,7.942885222591572e-05,1861.0576032389981
22640,46366720,2.1862173080444336,,,7.932178520434006e-05,1861.7478896479988
22650,46387200,1.8595421314239502,,,7.921480834359874e-05,1862.401165610001
22660,46407680,2.1406936645507812,,,7.910792175626542e-05,1863.144505723998
22670,46428160,2.2968997955322266,,,7.900112555481893e-05,1863.9324158560012
22680,46448640,2.4896178245544434,,,7.889441985164299e-05,1864.7031504519982
22690,46469120,2.313589572906494,,,7.878780475902613e-05,1865.436925353999
22700,46489600,2.292520761489868,2.165131515264511,8.715748095395782,7.868128038916134e-05,1866.5388679909993
22710,46510080,1.9905987977981567,,,7.857484685414632e-05,1867.3094564189996
22720,46530560,2.2370526790618896,,,7.846850426598315e-05,1868.0780229519987
22730,46551040,1.8799865245819092,,,7.83622527365782e-05,1868.8427114869992
22740,46571520,1.8393564224243164,,,7.825609237774187e-05,1869.5517041120002
22750,46592000,2.1547060012817383,,,7.815002330118886e-05,1870.2328707859997
22760,46612480,2.1397647857666016,,,7.804404561853776e-05,1870.892402038
22770,46632960,2.15458607673645,,,7.793815944131075e-05,1871.6734929820013
22780,46653440,2.061969518661499,,,7.783236488093407e-05,1872.5251920279989
22790,46673920,2.142889976501465,,,7.772666204873725e-05,1873.2186440820005
22800,46694400,2.0366013050079346,2.162066066265106,8.68907132315016,7.76210510559535e-05,1874.456250911
22810,46714880,2.084665298461914,,,7.751553201371915e-05,1875.2065181420003
22820,46735360,1.974379301071167,,,7.741010503307414e-05,1875.931738520001
22830,46755840,1.997977375984192,,,7.730477022496111e-05,1876.7441966920014
22840,46776320,2.247157335281372,,,7.719952770022602e-05,1877.4423240329997
22850,46796800,2.172943353652954,,,7.709437756961756e-05,1878.3151420469985
22860,46817280,2.372169017791748,,,7.69893199437873e-05,1879.0644614029989
22870,46837760,2.045264720916748,,,7.68843549332893e-05,1879.974543417
22880,46858240,2.358417510986328,,,7.677948264858031e-05,1880.7954501819986
22890,46878720,2.2282962799072266,,,7.667470320001946e-05,1881.5334315799992
22900,46899200,2.1825754642486572,2.1619532704353333,8.68809128741332,7.657001669786822e-05,1883.1055013730002
22910,46919680,2.0946664810180664,,,7.646542325229008e-05,1883.9351345409996
22920,46940160,2.2394442558288574,,,7.636092297335089e-05,1884.6938442499995
22930,46960640,1.9589710235595703,,,7.625651597101821e-05,1885.5446205560002
22940,46981120,2.4633309841156006,,,7.615220235516161e-05,1886.603466061999
22950,47001600,2.304694652557373,,,7.604798223555217e-05,1887.2963770889983
22960,47022080,2.35723876953125,,,7.594385572186286e-05,1888.101892368999
22970,47042560,2.1563942432403564,,,7.583982292366804e-05,1888.8617132129984
22980,47063040,2.118950843811035,,,7.573588395044328e-05,1889.6360472609995
22990,47083520,2.063556432723999,,,7.563203891156573e-05,1890.3512363769987
23000,47104000,2.524956226348877,2.1607761859893797,8.677870686729005,7.55282879163134e-05,1891.7344074020002
23010,47124480,2.322537660598755,,,7.542463107386548e-05,1893.170216041999
23020,47144960,2.392648696899414,,,7.53210684933021e-05,1894.0243684519992
23030,47165440,2.093613386154175,,,7.521760028360418e-05,1894.8430340000014
23040,47185920,2.3135180473327637,,,7.511422655365321e-05,1895.5635313349994
23050,47206400,2.112269878387451,,,7.501094741223142e-05,1896.3511789479999
23060,47226880,2.1100258827209473,,,7.490776296802142e-05,1897.3734036040005
23070,47247360,2.2560200691223145,,,7.480467332960623e-05,1898.1872691339995
23080,47267840,2.220463752746582,,,7.470167860546895e-05,1898.9526046870014
23090,47288320,2.2857840061187744,,,7.459877890399308e-05,1899.8256671950003
23100,47308800,2.301281452178955,2.1602835774421694,8.673596946184121,7.44959743334618e-05,1901.2074302069996
23110,47329280,2.1933398246765137,,,7.439326500205844e-05,1902.0161903070002
23120,47349760,2.674398899078369,,,7.429065101786587e-05,1902.7705746270003
23130,47370240,2.3443892002105713,,,7.418813248886697e-05,1903.4612197819988
23140,47390720,2.0166420936584473,,,7.40857095229438e-05,1904.3518337189998
23150,47411200,2.11655330657959,,,7.398338222787804e-05,1905.2062244730005
23160,47431680,2.0027480125427246,,,7.38811507113507e-05,1905.905745385
23170,47452160,2.2816574573516846,,,7.377901508094202e-05,1906.757163936003
23180,47472640,2.0892510414123535,,,7.367697544413114e-05,1907.6966154999973
23190,47493120,2.137129306793213,,,7.35750319082965e-05,1908.4704815930018
23200,47513600,2.0786023139953613,2.1588330805301665,8.661025040557082,7.347318458071521e-05,1909.722854794003
23210,47534080,2.3162267208099365,,,7.337143356856308e-05,1910.411682275997
23220,47554560,2.202928066253662,,,7.326977897891472e-05,1911.1627192279993
23230,47575040,2.232809543609619,,,7.316822091874321e-05,1911.8834033250023
23240,47595520,2.3368678092956543,,,7.306675949492009e-05,1912.775457705
23250,47616000,2.3884682655334473,,,7.296539481421503e-05,1913.5208134400018
23260,47636480,2.5731043815612793,,,7.286412698329623e-05,1914.2123205219978
23270,47656960,2.0286178588867188,,,7.276295610872963e-05,1914.925187439003
23280,47677440,2.235044479370117,,,7.266188229697939e-05,1915.9051644389983
23290,47697920,2.0165209770202637,,,7.256090565440729e-05,1916.6743344220013
23300,47718400,2.2480173110961914,2.1582607507705687,8.656069496415713,7.246002628727315e-05,1918.0031085509981
23310,47738880,2.186509609222412,,,7.235924430173416e-05,1918.816327556
23320,47759360,1.9776651859283447,,,7.225855980384516e-05,1919.5249894459994
23330,47779840,2.5067062377929688,,,7.215797289955844e-05,1920.3265430480023
23340,47800320,2.103923797607422,,,7.205748369472352e-05,1921.170457678003
23350,47820800,2.2013468742370605,,,7.195709229508703e-05,1921.9139010419967
23360,47841280,2.2250940799713135,,,7.185679880629293e-05,1922.7296747400032
23370,47861760,2.312601327896118,,,7.175660333388186e-05,1923.5129363259985
23380,47882240,2.151365280151367,,,7.165650598329154e-05,1924.2832403159991
23390,47902720,1.911803960800171,,,7.155650685985619e-05,1925.0948512989999
23400,47923200,1.9145385026931763,2.156573271751404,8.64147487827132,7.145660606880695e-05,1926.485534446001
23410,47943680,2.4433648586273193,,,7.135680371527134e-05,1927.2622795380012
23420,47964160,2.2867376804351807,,,7.12570999042732e-05,1928.0183484040026
23430,47984640,2.341536045074463,,,7.115749474073289e-05,1928.9077590610032
23440,48005120,2.038458824157715,,,7.105798832946675e-05,1929.7417966740031
23450,48025600,2.3200325965881348,,,7.095858077518735e-05,1930.7686084849993
23460,48046080,2.1419148445129395,,,7.085927218250308e-05,1931.4534649240013
23470,48066560,2.2191805839538574,,,7.076006265591841e-05,1932.1927151049968
23480,48087040,2.3913917541503906,,,7.066095229983335e-05,1932.9603460979997
23490,48107520,2.0549402236938477,,,7.056194121854363e-05,1933.6974609669996
23500,48128000,2.2475600242614746,2.1559690296649934,8.636254912681478,7.046302951624057e-05,1934.9941663339996
23510,48148480,2.249612331390381,,,7.036421729701085e-05,1936.3384715900029
23520,48168960,2.1127052307128906,,,7.026550466483637e-05,1936.9950787049966
23530,48189440,2.2557389736175537,,,7.01668917235945e-05,1937.8124289140032
23540,48209920,2.403256893157959,,,7.006837857705742e-05,1938.6117035240022
23550,48230400,2.0364909172058105,,,6.996996532889247e-05,1939.3208615569965
23560,48250880,2.520408868789673,,,6.98716520826617e-05,1940.0197706670006
23570,48271360,2.119004487991333,,,6.977343894182216e-05,1940.728925841002
23580,48291840,2.2249176502227783,,,6.967532600972535e-05,1941.5707929080017
23590,48312320,2.1820859909057617,,,6.957731338961741e-05,1942.3694658919994
23600,48332800,2.1164164543151855,2.1563254952430726,8.63933398904113,6.947940118463891e-05,1943.5829039480013
23610,48353280,2.481710195541382,,,6.938158949782481e-05,1944.2992042510014
23620,48373760,2.138763189315796,,,6.928387843210412e-05,1945.0939123279968
23630,48394240,2.193009853363037,,,6.918626809030009e-05,1945.9890725439982
23640,48414720,2.117581605911255,,,6.908875857513009e-05,1946.6581566820023
23650,48435200,2.157911777496338,,,6.899134998920512e-05,1947.4590319100025
23660,48455680,2.0546953678131104,,,6.889404243503015e-05,1948.1196289459986
23670,48476160,2.1598801612854004,,,6.879683601500382e-05,1948.8380430789985
23680,48496640,2.109243392944336,,,6.86997308314183e-05,1949.5745591899977
23690,48517120,2.430039882659912,,,6.860272698645918e-05,1950.2171924229988
23700,48537600,1.7763464450836182,2.152704495191574,8.608107529846245,6.850582458220563e-05,1951.9074573519974
23710,48558080,2.079820156097412,,,6.840902372062975e-05,1952.7053588109993
23720,48578560,2.019190788269043,,,6.831232450359707e-05,1953.4261218980027
23730,48599040,2.2095839977264404,,,6.82157270328659e-05,1954.3157838190018
23740,48619520,2.025324821472168,,,6.811923141008778e-05,1955.116489205997
23750,48640000,2.2473700046539307,,,6.802283773680678e-05,1955.8458998920032
23760,48660480,1.9959969520568848,,,6.792654611445989e-05,1956.5834599209993
23770,48680960,2.0885024070739746,,,6.78303566443766e-05,1957.2918369440013
23780,48701440,2.1942296028137207,,,6.773426942777901e-05,1958.039974074003
23790,48721920,2.2991416454315186,,,6.76382845657814e-05,1958.925158840997
23800,48742400,2.154688835144043,2.154363971948624,8.622404343548274,6.754240215939067e-05,1960.0367610489993
23810,48762880,2.113189220428467,,,6.744662230950558e-05,1960.7005218690028
23820,48783360,1.9647328853607178,,,6.735094511691722e-05,1961.4271643039974
23830,48803840,2.4448623657226562,,,6.72553706823084e-05,1962.2508503349964
23840,48824320,2.1977715492248535,,,6.715989910625405e-05,1963.0526388790022
23850,48844800,2.585373878479004,,,6.706453048922076e-05,1963.7610494839973
23860,48865280,2.050848960876465,,,6.696926493156664e-05,1964.6150283489987
23870,48885760,2.110592842102051,,,6.687410253354162e-05,1965.2932455699993
23880,48906240,2.203573226928711,,,6.677904339528681e-05,1966.1419508339968
23890,48926720,2.4083478450775146,,,6.668408761683486e-05,1966.9043982630028
23900,48947200,2.2643861770629883,2.1531965017318724,8.612343817105584,6.658923529810942e-05,1967.982921075003
23910,48967680,2.2518885135650635,,,6.64944865389256e-05,1968.7046389789975
23920,48988160,2.278630495071411,,,6.639984143898919e-05,1969.436611776
23930,49008640,2.5853233337402344,,,6.63053000978971e-05,1970.2446601039992
23940,49029120,2.142899513244629,,,6.621086261513703e-05,1971.0621504299997
23950,49049600,2.4066882133483887,,,6.611652909008738e-05,1971.8530518379994
23960,49070080,2.1702940464019775,,,6.6022299622017e-05,1972.7370579100025
23970,49090560,2.2492012977600098,,,6.592817431008555e-05,1973.4088408140015
23980,49111040,2.1903152465820312,,,6.583415325334279e-05,1974.138906262
23990,49131520,2.515944004058838,,,6.574023655072895e-05,1974.8247598309972
24000,49152000,2.3046092987060547,2.151021236181259,8.593630043382968,6.564642430107427e-05,1976.4116094700003
24010,49172480,1.930558681488037,,,6.555271660309935e-05,1977.585090045999
24020,49192960,2.279538154602051,,,6.54591135554145e-05,1978.359707675998
24030,49213440,2.3077855110168457,,,6.536561525652003e-05,1979.1225026190004
24040,49233920,2.2300100326538086,,,6.527222180480599e-05,1979.869802841
24050,49254400,2.247107982635498,,,6.517893329855211e-05,1980.6579518409999
24060,49274880,2.2911572456359863,,,6.508574983592774e-05,1981.3980803480008
24070,49295360,2.1189072132110596,,,6.499267151499148e-05,1982.1255223210028
24080,49315840,2.2698326110839844,,,6.489969843369165e-05,1982.945016851998
24090,49336320,2.208967685699463,,,6.480683068986543e-05,1983.7302422639987
24100,49356800,2.108682870864868,2.1487959027290344,8.574527613492622,6.471406838123941e-05,1984.9987728429987
24110,49377280,2.368586778640747,,,6.462141160542916e-05,1985.8152436480013
24120,49397760,2.269728183746338,,,6.452886045993921e-05,1986.6179201280029
24130,49418240,2.26957106590271,,,6.443641504216278e-05,1987.3386742980001
24140,49438720,1.9979779720306396,,,6.434407544938214e-05,1987.979954893999
24150,49459200,2.046443462371826,,,6.425184177876793e-05,1988.6630853530005
24160,49479680,2.1681928634643555,,,6.415971412737943e-05,1989.3866109829978
24170,49500160,2.3928003311157227,,,6.406769259216427e-05,1990.1699548420002
24180,49520640,2.4214696884155273,,,6.397577726995861e-05,1990.852734072003
24190,49541120,2.146256446838379,,,6.388396825748665e-05,1991.5110057260026
24200,49561600,2.3332607746124268,2.1494419276714325,8.580068761867533,6.379226565136073e-05,1992.682304150003
24210,49582080,2.030766725540161,,,6.370066954808136e-05,1993.7488601680016
24220,49602560,2.3191962242126465,,,6.360918004403687e-05,1994.4831097459974
24230,49623040,2.2582738399505615,,,6.351779723550334e-05,1995.1882065309983
24240,49643520,2.0813119411468506,,,6.342652121864473e-05,1996.0003302390032
24250,49664000,2.23701810836792,,,6.333535208951252e-05,1996.7092201409978
24260,49684480,2.482797145843506,,,6.32442899440458e-05,1997.4125331179966
24270,49704960,2.199248790740967,,,6.31533348780709e-05,1998.1129251940001
24280,49725440,2.185357093811035,,,6.306248698730168e-05,1998.8486164569986
24290,49745920,2.3497352600097656,,,6.297174636733915e-05,1999.5907481289978
24300,49766400,2.1949539184570312,2.1469405055046082,8.558633208534909,6.288111311367127e-05,2000.8045310719972
24310,49786880,2.0439798831939697,,,6.279058732167334e-05,2001.687126384997
24320,49807360,2.1222119331359863,,,6.270016908660726e-05,2002.4823214549979
24330,49827840,1.9327367544174194,,,6.260985850362195e-05,2003.2694388820019
24340,49848320,2.471468448638916,,,6.251965566775287e-05,2004.0675124229965
24350,49868800,2.1434221267700195,,,6.242956067392235e-05,2004.836523771999
24360,49889280,1.9851553440093994,,,6.233957361693898e-05,2005.5203938470004
24370,49909760,2.233322858810425,,,6.224969459149789e-05,2006.3350579370017
24380,49930240,2.1312780380249023,,,6.215992369218052e-05,2007.2045006960034
24390,49950720,2.2538392543792725,,,6.207026101345456e-05,2007.9883238850016
24400,49971200,2.0565478801727295,2.146917188167572,8.558433646326453,6.198070664967369e-05,2009.2392523579983
24410,49991680,2.13539981842041,,,6.189126069507772e-05,2010.0021781670002
24420,50012160,2.2626285552978516,,,6.180192324379236e-05,2010.8503344540004
24430,50032640,2.190001964569092,,,6.171269438982916e-05,2011.7629487980012
24440,50053120,2.1718876361846924,,,6.162357422708525e-05,2012.513289718001
24450,50073600,2.080376625061035,,,6.153456284934365e-05,2013.3241020569985
24460,50094080,2.2321996688842773,,,6.144566035027262e-05,2014.0925400459964
24470,50114560,2.0690650939941406,,,6.135686682342605e-05,2014.862658963997
24480,50135040,2.239626407623291,,,6.126818236224298e-05,2015.6943799799992
24490,50155520,2.1725378036499023,,,6.117960706004788e-05,2016.534420185999
24500,50176000,2.0517029762268066,2.1463473081588744,8.553557755553944,6.109114101005022e-05,2018.054952626997
24510,50196480,1.8960022926330566,,,6.100278430534442e-05,2019.415678655001
24520,50216960,2.152780294418335,,,6.091453703891015e-05,2020.2770568729975
24530,50237440,2.122912883758545,,,6.0826399303611514e-05,2021.0590463300032
24540,50257920,2.005679130554199,,,6.0738371192197625e-05,2021.845114994001
24550,50278400,2.14953351020813,,,6.065045279730216e-05,2022.5842775400015
24560,50298880,2.2129721641540527,,,6.0562644211443366e-05,2023.3651191050012
24570,50319360,2.2151918411254883,,,6.047494552702384e-05,2024.156113113997
24580,50339840,2.1878561973571777,,,6.0387356836330615e-05,2024.8794893759987
24590,50360320,2.210631847381592,,,6.0299878231534974e-05,2025.7422204460017
24600,50380800,2.473613739013672,2.1450316667556764,8.542311740309886,6.021250980469236e-05,2026.972740915
24610,50401280,1.9238704442977905,,,6.0125251647742166e-05,2027.7885544050005
24620,50421760,1.9604129791259766,,,6.003810385250795e-05,2028.4973702959978
24630,50442240,2.0820162296295166,,,5.99510665106969e-05,2029.3183657780028
24640,50462720,2.5606327056884766,,,5.9864139713900186e-05,2030.0799901409991
24650,50483200,2.3236546516418457,,,5.977732355359242e-05,2031.0592162280009
24660,50503680,1.9382513761520386,,,5.9690618121132064e-05,2031.7704858709985
24670,50524160,2.337646722793579,,,5.960402350776081e-05,2032.4560649310006
24680,50544640,2.223377227783203,,,5.951753980460387e-05,2033.5554800070022
24690,50565120,2.355259656906128,,,5.9431167102669715e-05,2034.2597285599986
24700,50585600,2.1297640800476074,2.142766737937927,8.522985906359818,5.934490549284999e-05,2035.6073113500024
24710,50606080,2.207280158996582,,,5.925875506591945e-05,2036.2640242659982
24720,50626560,2.1262803077697754,,,5.917271591253586e-05,2037.0777807569975
24730,50647040,2.2850544452667236,,,5.90867881232399e-05,2037.7951095679964
24740,50667520,2.164530038833618,,,5.900097178845496e-05,2038.5380736980005
24750,50688000,1.953531265258789,,,5.891526699848728e-05,2039.2480841319993
24760,50708480,2.176931381225586,,,5.8829673843525624e-05,2040.0231253579987
24770,50728960,2.1460537910461426,,,5.8744192413641395e-05,2040.8186607390016
24780,50749440,2.195631980895996,,,5.865882279878819e-05,2041.5529903420029
24790,50769920,1.9545122385025024,,,5.8573565088802286e-05,2042.2800354060018
24800,50790400,2.287403106689453,2.14190394282341,8.515635487167577,5.848841937340189e-05,2043.5062935769965
24810,50810880,2.2985944747924805,,,5.840338574218753e-05,2044.2284595579986
24820,50831360,2.290297269821167,,,5.831846428464164e-05,2045.008533895998
24830,50851840,2.266866683959961,,,5.823365509012885e-05,2045.715891107
24840,50872320,2.0550708770751953,,,5.81489582478954e-05,2046.4814225630034
24850,50892800,2.1580615043640137,,,5.806437384706942e-05,2047.3029984099994
24860,50913280,2.1852059364318848,,,5.7979901976660755e-05,2048.0970934020006
24870,50933760,2.263256549835205,,,5.7895542725560755e-05,2048.828389189999
24880,50954240,2.0038700103759766,,,5.7811296182542216e-05,2049.492055198003
24890,50974720,1.8970377445220947,,,5.772716243625953e-05,2050.170558056001
24900,50995200,2.171295642852783,2.1415714025497437,8.512804166202447,5.764314157524814e-05,2051.5401734229963
24910,51015680,1.9770011901855469,,,5.755923368792489e-05,2052.2635247310027
24920,51036160,2.30914306640625,,,5.747543886258757e-05,2053.0351381470027
24930,51056640,2.210254192352295,,,5.739175718741517e-05,2053.760763541999
24940,51077120,2.3691511154174805,,,5.7308188750467554e-05,2054.4284179690003
24950,51097600,1.8401190042495728,,,5.722473363968527e-05,2055.2020862369973
24960,51118080,2.09407901763916,,,5.714139194288991e-05,2056.036521130998
24970,51138560,1.92637300491333,,,5.705816374778339e-05,2056.759050116001
24980,51159040,2.1631886959075928,,,5.697504914194845e-05,2057.487094529999
24990,51179520,2.371232748031616,,,5.689204821284807e-05,2058.1699436810013
25000,51200000,2.140998363494873,2.1421795010566713,8.51798236397328,5.6809161047825864e-05,2059.2049388840023
25010,51220480,2.1064767837524414,,,5.672638773410548e-05,2060.3521871949997
25020,51240960,2.1861236095428467,,,5.664372835879093e-05,2061.141776905999
25030,51261440,2.138801097869873,,,5.656118300886624e-05,2061.788366595996
25040,51281920,2.0178239345550537,,,5.6478751771195524e-05,2062.4345759479984
25050,51302400,2.1530070304870605,,,5.639643473252264e-05,2063.106445808997
25060,51322880,2.052873134613037,,,5.6314231979471524e-05,2064.1071592610024
25070,51343360,2.1718873977661133,,,5.6232143598545645e-05,2064.7773593029997
25080,51363840,2.6143550872802734,,,5.615016967612822e-05,2065.494420089999
25090,51384320,2.309380531311035,,,5.6068310298481875e-05,2066.228900119
25100,51404800,2.1597418785095215,2.1386883199214934,8.488296394334888,5.598656555174898e-05,2067.5383812810032
25110,51425280,2.2114956378936768,,,5.5904935521951e-05,2068.2841761149975
25120,51445760,2.206167221069336,,,5.5823420294988805e-05,2069.0694393759986
25130,51466240,2.436760902404785,,,5.574201995664243e-05,2069.7940586879995
25140,51486720,2.4514212608337402,,,5.566073459257102e-05,2070.565291797
25150,51507200,2.085190773010254,,,5.557956428831275e-05,2071.3726055000006
25160,51527680,2.3207907676696777,,,5.5498509129284674e-05,2072.216541294998
25170,51548160,2.3192100524902344,,,5.541756920078273e-05,2072.941405778998
25180,51568640,2.1587958335876465,,,5.533674458798151e-05,2073.716926248002
25190,51589120,2.488008975982666,,,5.525603537593431e-05,2074.442576886002
25200,51609600,2.4696414470672607,2.139345955848694,8.493880438937454,5.517544164957303e-05,2075.579668245002
25210,51630080,2.119879722595215,,,5.5094963493708006e-05,2076.428102318001
25220,51650560,2.334105968475342,,,5.5014600993027844e-05,2077.3574556899985
25230,51671040,2.1484594345092773,,,5.4934354232099714e-05,2078.0087724800032
25240,51691520,2.345693588256836,,,5.485422329536871e-05,2078.7547911369984
25250,51712000,2.028151035308838,,,5.47742082671582e-05,2079.447259943001
25260,51732480,2.3409814834594727,,,5.4694309231669475e-05,2080.318486311
25270,51752960,2.157874345779419,,,5.461452627298195e-05,2081.0403940510005
25280,51773440,2.1670737266540527,,,5.4534859475052655e-05,2081.7973475550025
25290,51793920,2.274817943572998,,,5.4455308921716556e-05,2082.5575498749968
25300,51814400,2.2845163345336914,2.137768268585205,8.480490317440857,5.4375874696686196e-05,2083.811516285001
25310,51834880,2.1140713691711426,,,5.4296556883551794e-05,2084.521079195998
25320,51855360,2.0925612449645996,,,5.4217355565780906e-05,2085.3590896270034
25330,51875840,2.344576835632324,,,5.4138270826718726e-05,2086.1550619499976
25340,51896320,2.2586941719055176,,,5.405930274958758e-05,2086.8270800719984
25350,51916800,2.214763879776001,,,5.398045141748711e-05,2087.6172056729993
25360,51937280,2.245368719100952,,,5.3901716913394045e-05,2088.3196263479986
25370,51957760,2.136035919189453,,,5.3823099320162286e-05,2089.181385625001
25380,51978240,2.01385498046875,,,5.374459872052264e-05,2090.022120212998
25390,51998720,2.056821823120117,,,5.3666215197082706e-05,2090.9314311889975
25400,52019200,2.4876868724823,2.13993501663208,8.49888532474906,5.358794883232712e-05,2092.2879580439985
25410,52039680,2.1243810653686523,,,5.350979970861695e-05,2093.018555403003
25420,52060160,2.0201451778411865,,,5.343176790819013e-05,2093.769863255002
25430,52080640,2.4571404457092285,,,5.335385351316089e-05,2094.549195232001
25440,52101120,2.069209575653076,,,5.327605660552021e-05,2095.2790910559997
25450,52121600,2.328080654144287,,,5.3198377267135136e-05,2096.276381937998
25460,52142080,2.216867208480835,,,5.31208155797492e-05,2096.9685476949962
25470,52162560,2.0835440158843994,,,5.304337162498205e-05,2097.6600935109964
25480,52183040,2.1549525260925293,,,5.296604548432947e-05,2098.6320079080033
25490,52203520,2.0657849311828613,,,5.2888837239163156e-05,2099.3303771459978
25500,52224000,2.203584909439087,2.1363465785980225,8.46844225560389,5.281174697073096e-05,2100.599607493001
25510,52244480,2.183955192565918,,,5.273477476015637e-05,2101.948118086002
25520,52264960,2.1852736473083496,,,5.265792068843877e-05,2102.7951791829983
25530,52285440,2.1231164932250977,,,5.258118483645307e-05,2103.6080084999994
25540,52305920,2.292100429534912,,,5.250456728495006e-05,2104.240839803002
25550,52326400,2.3443493843078613,,,5.242806811455571e-05,2105.0116105120032
25560,52346880,2.0333378314971924,,,5.235168740577164e-05,2105.6734808399997
25570,52367360,2.0701260566711426,,,5.227542523897474e-05,2106.3494162189963
25580,52387840,2.0274605751037598,,,5.219928169441715e-05,2107.2491056159997
25590,52408320,2.037792921066284,,,5.212325685222619e-05,2108.0352660330027
25600,52428800,2.236090660095215,2.1369022011756895,8.473148820734615,5.204735079240421e-05,2109.145985518997
25610,52449280,2.3506622314453125,,,5.1971563594828726e-05,2109.8639748689966
25620,52469760,2.229806900024414,,,5.1895895339251974e-05,2110.586890106999
25630,52490240,2.179056167602539,,,5.182034610530114e-05,2111.2432575839994
25640,52510720,2.073044776916504,,,5.174491597247814e-05,2111.9291196869963
25650,52531200,2.358893871307373,,,5.166960502015959e-05,2112.6446375430023
25660,52551680,2.312325954437256,,,5.1594413327596556e-05,2113.3608291650016
25670,52572160,2.020462989807129,,,5.151934097391484e-05,2114.0414946579986
25680,52592640,2.1472651958465576,,,5.144438803811441e-05,2114.7746567170034
25690,52613120,2.056396484375,,,5.136955459906975e-05,2115.5771265099975
25700,52633600,1.9984252452850342,2.136241465806961,8.467552160783455,5.129484073552944e-05,2116.786571669996
25710,52654080,2.216386318206787,,,5.122024652611646e-05,2117.4529817529983
25720,52674560,2.0278830528259277,,,5.11457720493276e-05,2118.1470110340015
25730,52695040,2.2240993976593018,,,5.107141738353384e-05,2118.9389334049993
25740,52715520,2.50217604637146,,,5.099718260698003e-05,2119.6616226760016
25750,52736000,2.243330717086792,,,5.092306779778487e-05,2120.3198442409994
25760,52756480,2.113924503326416,,,5.084907303394074e-05,2121.1050090330027
25770,52776960,2.096707582473755,,,5.0775198393313795e-05,2121.7795461849964
25780,52797440,2.5818395614624023,,,5.070144395364373e-05,2122.7357819929966
25790,52817920,2.2574703693389893,,,5.062780979254379e-05,2123.564252823002
25800,52838400,2.3023674488067627,2.1349076449871065,8.456265492288233,5.0554295987500566e-05,2124.8397939749993
25810,52858880,2.2608847618103027,,,5.048090261587409e-05,2125.6766514839983
25820,52879360,2.1626527309417725,,,5.040762975489765e-05,2126.572202340998
25830,52899840,1.9648480415344238,,,5.033447748167757e-05,2127.3709973680016
25840,52920320,1.9612972736358643,,,5.026144587319354e-05,2128.2029985789995
25850,52940800,2.2418031692504883,,,5.018853500629804e-05,2129.01905001
25860,52961280,1.8997524976730347,,,5.011574495771661e-05,2129.8016710640004
25870,52981760,2.1972861289978027,,,5.004307580404757e-05,2130.7372950179997
25880,53002240,2.004849910736084,,,4.997052762176214e-05,2131.4385241080017
25890,53022720,2.0568618774414062,,,4.989810048720412e-05,2132.279149011003
25900,53043200,2.3475537300109863,2.133769452571869,8.446646110435886,4.982579447658999e-05,2133.770251214002
25910,53063680,2.1818227767944336,,,4.975360966600874e-05,2134.529404638997
25920,53084160,2.0436341762542725,,,4.96815461314219e-05,2135.261454282001
25930,53104640,2.106599807739258,,,4.9609603948663235e-05,2135.9942573709995
25940,53125120,2.18786358833313,,,4.953778319343892e-05,2136.6671204099985
25950,53145600,2.29746675491333,,,4.946608394132732e-05,2137.5471565359985
25960,53166080,2.1876771450042725,,,4.9394506267778956e-05,2138.3703628919975
25970,53186560,2.136261224746704,,,4.9323050248116325e-05,2139.197499643
25980,53207040,2.2155942916870117,,,4.925171595753406e-05,2140.029060947003
25990,53227520,2.340632915496826,,,4.918050347109855e-05,2140.9526695640016
26000,53248000,2.208822250366211,2.1325848519802095,8.436646132615143,4.9109412863748106e-05,2142.2512199999983
26010,53268480,2.1447718143463135,,,4.903844421029267e-05,2143.405557389
26020,53288960,2.2494592666625977,,,4.896759758541397e-05,2144.3426008669994
26030,53309440,2.184095621109009,,,4.889687306366533e-05,2145.1283046320023
26040,53329920,2.273573875427246,,,4.8826270719471386e-05,2145.807550272002
26050,53350400,2.1657838821411133,,,4.8755790627128494e-05,2146.6259635140013
26060,53370880,1.805074691772461,,,4.868543286080411e-05,2147.381093240001
26070,53391360,2.271542549133301,,,4.86151974945371e-05,2148.1528653170026
26080,53411840,1.9789373874664307,,,4.854508460223748e-05,2148.904220921999
26090,53432320,2.3157413005828857,,,4.847509425768644e-05,2149.615195049002
26100,53452800,2.1560111045837402,2.1317186057567596,8.429341084206278,4.8405226534536106e-05,2150.8583973420027
26110,53473280,2.1434669494628906,,,4.8335481506309654e-05,2151.5969388369995
26120,53493760,2.5115442276000977,,,4.826585924640111e-05,2152.331148967998
26130,53514240,2.2591392993927,,,4.819635982807535e-05,2153.1188491369976
26140,53534720,2.1312904357910156,,,4.812698332446788e-05,2153.9781289910024
26150,53555200,2.124788761138916,,,4.8057729808585016e-05,2154.702619413998
26160,53575680,2.305797815322876,,,4.798859935330351e-05,2155.5102926030013
26170,53596160,1.8743298053741455,,,4.791959203137072e-05,2156.3406971840013
26180,53616640,2.1248908042907715,,,4.785070791540427e-05,2157.128252155999
26190,53637120,1.8032541275024414,,,4.778194707789237e-05,2157.925855886002
26200,53657600,2.048534631729126,2.129662793874741,8.412029745173015,4.771330959119331e-05,2159.1763257400016
26210,53678080,1.908937931060791,,,4.764479552753563e-05,2159.8858643269996
26220,53698560,1.9976716041564941,,,4.757640495901801e-05,2160.6176771460014
26230,53719040,2.2258667945861816,,,4.750813795760917e-05,2161.4158420780004
26240,53739520,2.200496196746826,,,4.743999459514778e-05,2162.180846618001
26250,53760000,2.410775661468506,,,4.7371974943342425e-05,2163.000340106999
26260,53780480,2.1927905082702637,,,4.7304079073771504e-05,2163.7666301729987
26270,53800960,1.9838550090789795,,,4.72363070578831e-05,2164.463296478003
26280,53821440,2.049492835998535,,,4.716865896699503e-05,2165.226019114998
26290,53841920,2.162804126739502,,,4.710113487229471e-05,2166.0033726030015
26300,53862400,2.0202126502990723,2.131527215242386,8.42772794265526,4.703373484483904e-05,2167.1770862389967
26310,53882880,2.184511661529541,,,4.696645895555428e-05,2167.8770995910018
26320,53903360,2.0040273666381836,,,4.689930727523628e-05,2168.6290818350026
26330,53923840,2.2383804321289062,,,4.683227987454994e-05,2169.4769269730023
26340,53944320,2.2009191513061523,,,4.676537682402953e-05,2170.2359392279977
26350,53964800,2.441160202026367,,,4.669859819407841e-05,2171.167745257997
26360,53985280,2.165693521499634,,,4.663194405496903e-05,2171.9674267450027
26370,54005760,2.0977470874786377,,,4.656541447684279e-05,2172.7248293500015
26380,54026240,2.1808319091796875,,,4.649900952971007e-05,2173.4272926979975
26390,54046720,1.9648429155349731,,,4.643272928345006e-05,2174.213385506002
26400,54067200,2.2115089893341064,2.1303986489772795,8.418222058226869,4.636657380781078e-05,2175.3139822910016
26410,54087680,2.013430118560791,,,4.630054317240881e-05,2175.9986700189984
26420,54108160,2.065505027770996,,,4.6234637446729595e-05,2176.7167480999997
26430,54128640,1.9266866445541382,,,4.6168856700126904e-05,2177.5429984369985
26440,54149120,2.2183470726013184,,,4.6103201001823125e-05,2178.4210203969997
26450,54169600,2.1052820682525635,,,4.603767042090894e-05,2179.2064131009975
26460,54190080,1.9527682065963745,,,4.597226502634353e-05,2180.0732683489987
26470,54210560,2.112351179122925,,,4.5906984886954236e-05,2180.728659628003
26480,54231040,2.2457213401794434,,,4.584183007143653e-05,2181.659562064997
26490,54251520,2.10874605178833,,,4.577680064835419e-05,2182.395746137998
26500,54272000,2.160949468612671,2.1279315531253813,8.39747909546646,4.5711896686138837e-05,2183.797278386999
26510,54292480,2.0987281799316406,,,4.56471182530902e-05,2185.0793348700026
26520,54312960,2.070765495300293,,,4.558246541737587e-05,2185.901425752003
26530,54333440,1.8138954639434814,,,4.551793824703129e-05,2186.647069343002
26540,54353920,2.007655620574951,,,4.545353680995959e-05,2187.4468482329976
26550,54374400,2.2717397212982178,,,4.538926117393167e-05,2188.1134390570005
26560,54394880,2.279184341430664,,,4.532511140658602e-05,2188.836608878002
26570,54415360,2.1120193004608154,,,4.52610875754287e-05,2189.528877181998
26580,54435840,2.1371443271636963,,,4.5197189747833136e-05,2190.3707439400023
26590,54456320,2.0599777698516846,,,4.513341799104036e-05,2191.179462218999
26600,54476800,2.0074658393859863,2.1290337800979615,8.406740126368582,4.506977237215853e-05,2192.443345132
26610,54497280,2.183612823486328,,,4.500625295816321e-05,2193.263728758997
26620,54517760,2.1772680282592773,,,4.4942859815897027e-05,2194.0095695659984
26630,54538240,2.0456533432006836,,,4.487959301206989e-05,2194.7999741500025
26640,54558720,2.087632894515991,,,4.4816452613258626e-05,2195.696819552002
26650,54579200,2.226430654525757,,,4.475343868590709e-05,2196.504761684002
26660,54599680,2.4106273651123047,,,4.469055129632608e-05,2197.1811195830014
26670,54620160,2.2445261478424072,,,4.462779051069317e-05,2197.9859572010027
26680,54640640,2.3055520057678223,,,4.456515639505278e-05,2198.730106588002
26690,54661120,2.2465639114379883,,,4.4502649015315966e-05,2199.438161705999
26700,54681600,2.2941510677337646,2.128005701303482,8.398101776327067,4.4440268437260486e-05,2200.9240125180004
26710,54702080,2.09765887260437,,,4.4378014726530556e-05,2202.026082329001
26720,54722560,2.4275431632995605,,,4.431588794863702e-05,2203.002237966997
26730,54743040,2.2885470390319824,,,4.4253888168957025e-05,2203.791446028001
26740,54763520,2.1884143352508545,,,4.419201545273421e-05,2204.5422384470003
26750,54784000,2.0498006343841553,,,4.413026986507831e-05,2205.2435415189975
26760,54804480,2.11538028717041,,,4.406865147096552e-05,2206.2040345290006
26770,54824960,2.5415446758270264,,,4.400716033523797e-05,2207.123216013002
26780,54845440,2.022289991378784,,,4.394579652260404e-05,2207.9672432590014
26790,54865920,2.2060322761535645,,,4.388456009763794e-05,2208.727113011999
26800,54886400,2.0289249420166016,2.1275181770324707,8.394008495748574,4.382345112478007e-05,2209.9519935650023
26810,54906880,2.027052402496338,,,4.3762469668336495e-05,2210.5925365669973
26820,54927360,2.025459051132202,,,4.370161579247918e-05,2211.3028525120026
26830,54947840,2.0086684226989746,,,4.3640889561245854e-05,2212.1303519680005
26840,54968320,2.0285706520080566,,,4.3580291038539934e-05,2213.0253625719997
26850,54988800,2.0665688514709473,,,4.3519820288130296e-05,2213.910027015001
26860,55009280,2.149087905883789,,,4.345947737365161e-05,2214.5630787789996
26870,55029760,2.234229564666748,,,4.339926235860379e-05,2215.213664148003
26880,55050240,2.0267953872680664,,,4.333917530635229e-05,2215.9107963350034
26890,55070720,2.084226131439209,,,4.327921628012788e-05,2216.597301232003
26900,55091200,2.227785110473633,2.125424528121948,8.376452773179011,4.321938534302658e-05,2217.8544057830004
26910,55111680,2.265367269515991,,,4.315968255800966e-05,2218.6826660880033
26920,55132160,2.224203109741211,,,4.310010798790345e-05,2219.449058127
26930,55152640,2.294795513153076,,,4.30406616953995e-05,2220.1764170410024
26940,55173120,2.345209836959839,,,4.298134374305423e-05,2220.882066475002
26950,55193600,2.4848403930664062,,,4.292215419328911e-05,2221.659751305
26960,55214080,2.0140950679779053,,,4.2863093108390355e-05,2222.3910197840014
26970,55234560,2.180758476257324,,,4.2804160550509186e-05,2223.051145051002
26980,55255040,2.311460018157959,,,4.274535658166139e-05,2223.7207914989995
26990,55275520,2.197390079498291,,,4.268668126372756e-05,2224.4808309810032
27000,55296000,2.5300753116607666,2.1249338507652284,8.372343645683934,4.2628134658452844e-05,2225.662072742998
27010,55316480,2.3258328437805176,,,4.256971682744699e-05,2226.889188360001
27020,55336960,2.165804862976074,,,4.251142783218413e-05,2227.6523487000013
27030,55357440,2.0945284366607666,,,4.2453267734002986e-05,2228.4696753099997
27040,55377920,2.2605769634246826,,,4.2395236594106485e-05,2229.2423560250027
27050,55398400,2.3575963973999023,,,4.233733447356197e-05,2229.931064520002
27060,55418880,2.4732584953308105,,,4.227956143330087e-05,2230.668157250002
27070,55439360,2.1429147720336914,,,4.222191753411897e-05,2231.4571196499965
27080,55459840,2.4111239910125732,,,4.216440283667598e-05,2232.2019696360003
27090,55480320,2.2653093338012695,,,4.210701740149574e-05,2232.888513468999
27100,55500800,2.172532081604004,2.126241457462311,8.383298539090376,4.204976128896607e-05,2234.010311400998
27110,55521280,2.0249264240264893,,,4.199263455933865e-05,2234.669757156
27120,55541760,2.1471662521362305,,,4.193563727272907e-05,2235.485289039003
27130,55562240,2.1368677616119385,,,4.187876948911662e-05,2236.337191366001
27140,55582720,2.070905923843384,,,4.1822031268344434e-05,2237.029354031998
27150,55603200,1.8612748384475708,,,4.1765422670119164e-05,2237.701312434001
27160,55623680,2.1826109886169434,,,4.170894375401117e-05,2238.386256220998
27170,55644160,2.286330223083496,,,4.165259457945429e-05,2239.074973745999
27180,55664640,2.149409770965576,,,4.159637520574586e-05,2239.728294337001
27190,55685120,2.120295524597168,,,4.154028569204656e-05,2240.450857087002
27200,55705600,2.0459797382354736,2.124015134572983,8.364655370221946,4.148432609738054e-05,2241.7739851410006
27210,55726080,2.111255168914795,,,4.1428496480635084e-05,2242.4523276710024
27220,55746560,2.1934170722961426,,,4.1372796900560836e-05,2243.2142513159997
27230,55767040,2.082836151123047,,,4.131722741577146e-05,2243.9022337429997
27240,55787520,2.2323920726776123,,,4.126178808474389e-05,2244.669939459003
27250,55808000,2.114590644836426,,,4.120647896581791e-05,2245.3053535709987
27260,55828480,2.2056140899658203,,,4.115130011719643e-05,2246.2138370030007
27270,55848960,1.9162633419036865,,,4.109625159694518e-05,2246.960821216002
27280,55869440,2.0123932361602783,,,4.104133346299283e-05,2247.773437142998
27290,55889920,1.99981689453125,,,4.098654577313072e-05,2248.4219739269975
27300,55910400,1.990416169166565,2.1240791022777556,8.365190455141088,4.093188858501303e-05,2249.4479388379987
27310,55930880,2.0887231826782227,,,4.087736195615656e-05,2250.157186176999
27320,55951360,2.1603317260742188,,,4.0822965943940716e-05,2250.839694729002
27330,55971840,2.2273216247558594,,,4.07687006056075e-05,2251.512133623997
27340,55992320,2.059238910675049,,,4.071456599826135e-05,2252.228185719003
27350,56012800,2.070603370666504,,,4.06605621788692e-05,2252.9528464769974
27360,56033280,2.113734722137451,,,4.0606689204260215e-05,2253.6039952119972
27370,56053760,2.1305434703826904,,,4.055294713112608e-05,2254.255146787
27380,56074240,2.242222309112549,,,4.04993360160205e-05,2255.0113223279986
27390,56094720,2.697911262512207,,,4.044585591535958e-05,2255.797668756997
27400,56115200,2.5208916664123535,2.123081290721893,8.356847734361747,4.039250688542136e-05,2256.9755951940024
27410,56135680,2.304403781890869,,,4.033928898234615e-05,2257.6484092890023
27420,56156160,2.0511081218719482,,,4.028620226213612e-05,2258.3780281040017
27430,56176640,2.113008975982666,,,4.023324678065544e-05,2259.172057081996
27440,56197120,1.9622783660888672,,,4.018042259363019e-05,2259.8340277390016
27450,56217600,2.065124988555908,,,4.0127729756648336e-05,2260.4984086889963
27460,56238080,1.975987195968628,,,4.007516832515947e-05,2261.3898197689996
27470,56258560,2.199075937271118,,,4.002273835447505e-05,2262.0548344690033
27480,56279040,2.192749500274658,,,3.997043989976814e-05,2262.786539458997
27490,56299520,2.2350714206695557,,,3.991827301607343e-05,2263.4585147679973
27500,56320000,2.254157066345215,2.124247485399246,8.366599130617045,3.9866237758287065e-05,2264.520490230003
27510,56340480,2.033231258392334,,,3.9814334181166824e-05,2265.9779250420033
27520,56360960,2.349491596221924,,,3.976256233933181e-05,2266.6771096619996
27530,56381440,1.9950162172317505,,,3.971092228726254e-05,2267.4930987659973
27540,56401920,2.035734176635742,,,3.965941407930079e-05,2268.2651512640005
27550,56422400,2.165215492248535,,,3.960803776964969e-05,2268.957149517002
27560,56442880,2.2380003929138184,,,3.955679341237351e-05,2269.792400254999
27570,56463360,1.9933730363845825,,,3.9505681061397635e-05,2270.5694566780003
27580,56483840,1.9846752882003784,,,3.9454700770508644e-05,2271.3736002000005
27590,56504320,2.18977952003479,,,3.9403852593354026e-05,2272.1817491890033
27600,56524800,2.1419119834899902,2.1235052824020384,8.360391719530377,3.935313658344231e-05,2273.308717177002
27610,56545280,2.0911765098571777,,,3.9302552794142917e-05,2274.1840670609963
27620,56565760,2.166428565979004,,,3.92521012786862e-05,2275.090492401003
27630,56586240,2.2868595123291016,,,3.920178209016316e-05,2275.9295170870028
27640,56606720,2.0547375679016113,,,3.915159528152572e-05,2276.6291596480005
27650,56627200,2.0723743438720703,,,3.9101540905586405e-05,2277.627214054999
27660,56647680,2.523696184158325,,,3.9051619015018425e-05,2278.45015995
27670,56668160,2.3477954864501953,,,3.9001829662355474e-05,2279.121288768998
27680,56688640,2.216005802154541,,,3.895217289999193e-05,2279.8773816749963
27690,56709120,2.069234848022461,,,3.8902648780182505e-05,2280.6270537210003
27700,56729600,2.299543857574463,2.122474581003189,8.351779091376537,3.88532573550424e-05,2281.929111311001
27710,56750080,2.1297922134399414,,,3.880399867654717e-05,2282.7586505579966
27720,56770560,2.157642364501953,,,3.875487279653267e-05,2283.466168056999
27730,56791040,2.604361057281494,,,3.8705879766694976e-05,2284.2076739999975
27740,56811520,2.2892775535583496,,,3.865701963859043e-05,2285.0624970639983
27750,56832000,2.0092780590057373,,,3.860829246363548e-05,2285.996637657001
27760,56852480,2.204749584197998,,,3.855969829310667e-05,2286.9313556209963
27770,56872960,2.2321510314941406,,,3.851123717814056e-05,2287.570144163001
27780,56893440,2.1175990104675293,,,3.8462909169733746e-05,2288.296070051998
27790,56913920,2.136467933654785,,,3.8414714318742735e-05,2289.046749109002
27800,56934400,2.17269229888916,2.123274451494217,8.35846210543587,3.836665267588382e-05,2290.1192709969982
27810,56954880,2.073345899581909,,,3.831872429173326e-05,2290.928317568003
27820,56975360,2.352222442626953,,,3.8270929216727e-05,2291.7140080050012
27830,56995840,2.4245705604553223,,,3.822326750116073e-05,2292.5374215310003
27840,57016320,1.814123511314392,,,3.817573919518972e-05,2293.3185271179973
27850,57036800,2.1155903339385986,,,3.8128344348829024e-05,2293.993705396002
27860,57057280,2.257777214050293,,,3.8081083011953096e-05,2294.717622985998
27870,57077760,2.1549899578094482,,,3.803395523429593e-05,2295.4485534339983
27880,57098240,2.279327392578125,,,3.7986961065451036e-05,2296.2139834370028
27890,57118720,2.073256254196167,,,3.794010055487129e-05,2297.0437802779998
27900,57139200,2.2401721477508545,2.121532309055328,8.343913150733606,3.789337375186886e-05,2298.234417284002
27910,57159680,2.288667917251587,,,3.784678070561528e-05,2299.106522203998
27920,57180160,2.0466132164001465,,,3.780032146514132e-05,2300.0046351560013
27930,57200640,2.251664638519287,,,3.7753996079336935e-05,2300.934320770997
27940,57221120,2.0161166191101074,,,3.770780459695119e-05,2301.6193322690015
27950,57241600,2.174088478088379,,,3.766174706659232e-05,2302.4287621460026
27960,57262080,2.0943686962127686,,,3.761582353672751e-05,2303.1368693469994
27970,57282560,2.2041616439819336,,,3.757003405568297e-05,2303.845703952
27980,57303040,2.2704241275787354,,,3.75243786716439e-05,2304.587575368001
27990,57323520,2.285343885421753,,,3.74788574326543e-05,2305.353161963998
28000,57344000,1.8514184951782227,2.1212105453014374,8.341228813800411,3.743347038661707e-05,2306.6765923810017
28010,57364480,2.262422561645508,,,3.738821758129382e-05,2308.174320692997
28020,57384960,2.2962679862976074,,,3.7343099064305016e-05,2308.9392169429993
28030,57405440,2.054274797439575,,,3.7298114883129696e-05,2309.6982837890027
28040,57425920,1.9699621200561523,,,3.725326508510558e-05,2310.3768562640034
28050,57446400,2.204442024230957,,,3.720854971742901e-05,2311.089043934997
28060,57466880,2.1592516899108887,,,3.7163968827154796e-05,2311.7963213330004
28070,57487360,2.1829514503479004,,,3.711952246119628e-05,2312.541747123003
28080,57507840,2.215942144393921,,,3.707521066632523e-05,2313.2693487750003
28090,57528320,2.131344795227051,,,3.703103348917178e-05,2314.0180671920025
28100,57548800,2.226085662841797,2.119473671913147,8.326753729781144,3.698699097622446e-05,2315.332550911997
28110,57569280,2.2896385192871094,,,3.694308317382999e-05,2315.9829527949987
28120,57589760,2.0113680362701416,,,3.6899310128193485e-05,2316.790419826997
28130,57610240,2.016000986099243,,,3.6855671885378096e-05,2317.823273435002
28140,57630720,2.1235861778259277,,,3.6812168491305224e-05,2318.8206987529993
28150,57651200,2.0208466053009033,,,3.676879999175426e-05,2319.4902966730006
28160,57671680,2.670353412628174,,,3.6725566432362804e-05,2320.1392711180015
28170,57692160,2.1907143592834473,,,3.668246785862631e-05,2320.8034023500004
28180,57712640,2.2391066551208496,,,3.6639504315898246e-05,2321.453135349999
28190,57733120,1.9876810312271118,,,3.659667584938996e-05,2322.164100779002
28200,57753600,2.0910372734069824,2.1180091321468355,8.314567793391923,3.655398250417069e-05,2323.292353322002
28210,57774080,2.128477096557617,,,3.651142432516747e-05,2324.0223101919983
28220,57794560,2.0136687755584717,,,3.6469001357165065e-05,2324.7230680270004
28230,57815040,2.2595114707946777,,,3.642671364480603e-05,2325.516672512
28240,57835520,2.2457852363586426,,,3.638456123259048e-05,2326.2827454979997
28250,57856000,2.2322278022766113,,,3.634254416487623e-05,2326.9866054759987
28260,57876480,2.284278631210327,,,3.630066248587866e-05,2327.7550189899994
28270,57896960,2.1153619289398193,,,3.625891623967067e-05,2328.5499576950024
28280,57917440,2.36075758934021,,,3.621730547018261e-05,2329.336971652003
28290,57937920,2.098259925842285,,,3.6175830221202345e-05,2330.346520305997
28300,57958400,2.0509586334228516,2.1190212070941925,8.322987018878663,3.613449053637502e-05,2331.5973900550016
28310,57978880,2.107114315032959,,,3.6093286459203216e-05,2332.4774072189975
28320,57999360,2.073068618774414,,,3.605221803304675e-05,2333.194099913999
28330,58019840,2.051064968109131,,,3.6011285301122745e-05,2333.9010986099966
28340,58040320,1.9509581327438354,,,3.597048830650549e-05,2334.6925482430015
28350,58060800,2.095338821411133,,,3.5929827092126444e-05,2335.587172683001
28360,58081280,2.1682939529418945,,,3.588930170077418e-05,2336.4177576079965
28370,58101760,1.9020308256149292,,,3.584891217509439e-05,2337.1782666849977
28380,58122240,2.2436745166778564,,,3.580865855758967e-05,2337.866495905997
28390,58142720,1.9427070617675781,,,3.576854089061977e-05,2338.565624955998
28400,58163200,2.1081550121307373,2.1196351289749145,8.328098251510758,3.572855921640121e-05,2339.6342572959984
28410,58183680,2.3711307048797607,,,3.56887135770075e-05,2340.5318685039965
28420,58204160,2.0706465244293213,,,3.564900401436898e-05,2341.263933567003
28430,58224640,2.1733007431030273,,,3.560943057027277e-05,2342.187348462001
28440,58245120,1.8526724576950073,,,3.5569993286362806e-05,2343.1061198300013
28450,58265600,2.206562042236328,,,3.5530692204139636e-05,2343.8974424400003
28460,58286080,2.097625732421875,,,3.54915273649606e-05,2344.5649850370028
28470,58306560,2.133535146713257,,,3.545249881003959e-05,2345.291156872998
28480,58327040,2.0352368354797363,,,3.5413606580447134e-05,2346.0052061379974
28490,58347520,1.935591697692871,,,3.53748507171102e-05,2346.771933666001
28500,58368000,2.3329970836639404,2.1182914435863496,8.316915422360278,3.533623126081241e-05,2347.7959988970033
28510,58388480,2.3414759635925293,,,3.5297748252193717e-05,2349.0194557590003
28520,58408960,2.0699634552001953,,,3.525940173175055e-05,2349.767567365001
28530,58429440,2.0613889694213867,,,3.5221191739835666e-05,2350.4854004419976
28540,58449920,2.156897783279419,,,3.518311831665822e-05,2351.1888507740005
28550,58470400,2.1430349349975586,,,3.514518150228354e-05,2352.0557856129963
28560,58490880,1.9032537937164307,,,3.510738133663335e-05,2352.7955571119965
28570,58511360,2.2934255599975586,,,3.506971785948542e-05,2353.6120029189988
28580,58531840,2.307833194732666,,,3.5032191110473806e-05,2354.3468658970014
28590,58552320,2.0141196250915527,,,3.4994801129088555e-05,2355.009578516001
28600,58572800,2.1860251426696777,2.1185453295707704,8.319027238688568,3.4957547954675955e-05,2356.2117545639994
28610,58593280,2.0433483123779297,,,3.4920431626438175e-05,2357.059692117
28620,58613760,2.158982276916504,,,3.488345218343346e-05,2357.851572141997
28630,58634240,2.240812063217163,,,3.484660966457598e-05,2358.6321689589968
28640,58654720,2.115278959274292,,,3.480990410863585e-05,2359.5595565309995
28650,58675200,2.238473892211914,,,3.477333555423904e-05,2360.319414782003
28660,58695680,2.1733274459838867,,,3.473690403986728e-05,2361.1066519390006
28670,58716160,2.0885250568389893,,,3.470060960385822e-05,2361.8905342139988
28680,58736640,2.2208662033081055,,,3.4664452284405165e-05,2362.8383411179966
28690,58757120,2.303316593170166,,,3.462843211955716e-05,2363.584467749002
28700,58777600,2.0554542541503906,2.1166021883487702,8.302877889248823,3.4592549147218926e-05,2364.988720348003
28710,58798080,1.9543309211730957,,,3.45568034051508e-05,2365.701520296003
28720,58818560,1.914884328842163,,,3.452119493096871e-05,2366.4577722760005
28730,58839040,1.99118173122406,,,3.448572376214415e-05,2367.191265501002
28740,58859520,2.0144124031066895,,,3.4450389936004103e-05,2368.068934030998
28750,58880000,2.2469725608825684,,,3.441519348973104e-05,2368.859955840002
28760,58900480,2.1029226779937744,,,3.438013446036284e-05,2369.628596333001
28770,58920960,2.2207884788513184,,,3.4345212884792826e-05,2370.388124541001
28780,58941440,1.8390676975250244,,,3.431042879976963e-05,2371.0660465109977
28790,58961920,2.2941031455993652,,,3.427578224189721e-05,2371.807452686
28800,58982400,2.3037667274475098,2.1156974852085115,8.295369646426781,3.4241273247634805e-05,2373.171701129002
28810,59002880,2.0042216777801514,,,3.42069018532969e-05,2373.9295943339966
28820,59023360,2.1686747074127197,,,3.4172668095053175e-05,2374.678543383001
28830,59043840,2.0411019325256348,,,3.4138572008928454e-05,2375.3776575480006
28840,59064320,2.200547695159912,,,3.410461363080273e-05,2376.0525698580022
28850,59084800,2.0100724697113037,,,3.4070792996411054e-05,2376.7021823789983
28860,59105280,1.9938981533050537,,,3.40371101413435e-05,2377.424061106998
28870,59125760,2.1645874977111816,,,3.400356510104524e-05,2378.1824821010014
28880,59146240,2.3181474208831787,,,3.397015791081632e-05,2379.035558828
28890,59166720,2.2904233932495117,,,3.393688860581178e-05,2379.7934501269992
28900,59187200,2.1446402072906494,2.1164813220500944,8.301874411774518,3.390375722104156e-05,2381.021070882998
28910,59207680,2.0780630111694336,,,3.387076379137044e-05,2381.9011443929994
28920,59228160,2.16335391998291,,,3.383790835151807e-05,2382.6029355099963
28930,59248640,2.033226251602173,,,3.38051909360588e-05,2383.3673850299965
28940,59269120,2.229126453399658,,,3.377261157942188e-05,2384.1825437750012
28950,59289600,2.0646567344665527,,,3.374017031589113e-05,2384.9588284519996
28960,59310080,1.9383494853973389,,,3.3707867179605116e-05,2385.8413689730005
28970,59330560,2.063608169555664,,,3.367570220455709e-05,2386.7373569810006
28980,59351040,2.2657101154327393,,,3.364367542459486e-05,2387.5549127199993
28990,59371520,2.143653392791748,,,3.3611786873420806e-05,2388.4287141210007
29000,59392000,2.166842460632324,2.1172027230262755,8.30786555282698,3.3580036584591876e-05,2389.6314919610013
29010,59412480,2.32611346244812,,,3.3548424591519493e-05,2391.019979056
29020,59432960,2.1026597023010254,,,3.351695092746961e-05,2391.7689846959984
29030,59453440,2.163407802581787,,,3.348561562556251e-05,2392.5831484610026
29040,59473920,2.075929641723633,,,3.3454418718772994e-05,2393.4636869660026
29050,59494400,1.9052706956863403,,,3.3423360239930126e-05,2394.3697008259987
29060,59514880,2.0816409587860107,,,3.339244022171732e-05,2395.1179121879977
29070,59535360,2.0532047748565674,,,3.336165869667238e-05,2395.8533010579995
29080,59555840,1.9506993293762207,,,3.333101569718725e-05,2396.6157767019977
29090,59576320,2.472646474838257,,,3.330051125550817e-05,2397.359633070999
29100,59596800,2.271303653717041,2.1165363013744356,8.302330855767819,3.327014540373549e-05,2398.398093996002
29110,59617280,2.0680956840515137,,,3.323991817382387e-05,2399.092144344002
29120,59637760,2.136648654937744,,,3.320982959758194e-05,2399.743675837999
29130,59658240,2.333625316619873,,,3.317987970667251e-05,2400.419894421
29140,59678720,2.4317917823791504,,,3.3150068532612425e-05,2401.212243214999
29150,59699200,2.0023465156555176,,,3.312039610677258e-05,2402.0236083400014
29160,59719680,2.2129101753234863,,,3.3090862460377783e-05,2402.939843963999
29170,59740160,2.307485818862915,,,3.3061467624506914e-05,2403.915303987
29180,59760640,2.09151554107666,,,3.3032211630092694e-05,2404.621682304998
29190,59781120,1.9583709239959717,,,3.3003094507921795e-05,2405.2900247610014
29200,59801600,1.8845114707946777,2.1147705256938933,8.287683737419338,3.297411628863468e-05,2406.821634466003
29210,59822080,2.1221628189086914,,,3.294527700272574e-05,2407.6168417989975
29220,59842560,1.952042818069458,,,3.2916576680543075e-05,2408.3543797210004
29230,59863040,2.0080950260162354,,,3.288801535228861e-05,2409.005902746998
29240,59883520,2.2990078926086426,,,3.2859593048017946e-05,2409.685717622997
29250,59904000,2.170936346054077,,,3.283130979764046e-05,2410.375855792001
29260,59924480,2.1305599212646484,,,3.280316563091915e-05,2411.260360162996
29270,59944960,2.0391435623168945,,,3.277516057747063e-05,2412.124698419
29280,59965440,2.0608386993408203,,,3.27472946667652e-05,2412.812953818
29290,59985920,1.9826040267944336,,,3.2719567928126676e-05,2413.6314638859985
29300,60006400,2.507391929626465,2.114310073852539,8.283868536607406,3.269198039073244e-05,2415.0652502480007
29310,60026880,2.2588956356048584,,,3.266453208361338e-05,2415.696485551998
29320,60047360,2.1257872581481934,,,3.263722303565391e-05,2416.387174222
29330,60067840,2.112881660461426,,,3.261005327559182e-05,2417.180598177998
29340,60088320,2.292417526245117,,,3.2583022832018404e-05,2417.9793724699994
29350,60108800,2.073352098464966,,,3.255613173337832e-05,2418.752441265002
29360,60129280,1.956131935119629,,,3.2529380007969576e-05,2419.598887781998
29370,60149760,1.9066810607910156,,,3.25027676839435e-05,2420.314417308997
29380,60170240,2.3470611572265625,,,3.247629478930482e-05,2421.1459902170027
29390,60190720,2.074342727661133,,,3.2449961351911414e-05,2421.857907619
29400,60211200,2.0508487224578857,2.113416826725006,8.276472298658156,3.242376739947448e-05,2423.096944197998
29410,60231680,2.0027623176574707,,,3.239771295955843e-05,2423.866599644003
29420,60252160,2.2216453552246094,,,3.237179805958086e-05,2424.608695533003
29430,60272640,1.8503649234771729,,,3.234602272681248e-05,2425.4544678370003
29440,60293120,2.1168642044067383,,,3.23203869883772e-05,2426.1197839020024
29450,60313600,2.30025577545166,,,3.229489087125199e-05,2426.9077771200027
29460,60334080,2.3355822563171387,,,3.226953440226694e-05,2427.694277278999
29470,60354560,2.209104537963867,,,3.224431760810507e-05,2428.400884098999
29480,60375040,2.287565231323242,,,3.221924051530257e-05,2429.243754654999
29490,60395520,2.50701904296875,,,3.2194303150248526e-05,2430.077753509002
29500,60416000,1.942939043045044,2.113334947824478,8.275794657948708,3.2169505539184994e-05,2431.252191389998
29510,60436480,2.0130903720855713,,,3.2144847708207e-05,2432.687408994003
29520,60456960,2.464385986328125,,,3.212032968326244e-05,2433.6395146979994
29530,60477440,2.1972780227661133,,,3.209595149015211e-05,2434.423299948001
29540,60497920,2.051929473876953,,,3.207171315452962e-05,2435.099457247001
29550,60518400,1.9960554838180542,,,3.204761470190149e-05,2435.835491986996
29560,60538880,2.034884452819824,,,3.202365615762696e-05,2436.502865993003
29570,60559360,1.9661169052124023,,,3.1999837546918054e-05,2437.245748424997
29580,60579840,2.331259250640869,,,3.197615889483957e-05,2437.9928394259987
29590,60600320,2.3217620849609375,,,3.195262022630903e-05,2438.691792698999
29600,60620800,2.2962839603424072,2.1126016855239866,8.269728554013888,3.192922156609657e-05,2439.9214420179997
29610,60641280,2.232102155685425,,,3.19059629388251e-05,2440.658631102997
29620,60661760,2.1478688716888428,,,3.18828443689701e-05,2441.6022942080017
29630,60682240,2.028644561767578,,,3.185986588085971e-05,2442.4735028740033
29640,60702720,2.062915802001953,,,3.183702749867459e-05,2443.3313907720003
29650,60723200,2.0304219722747803,,,3.181432924644806e-05,2444.128262236998
29660,60743680,2.465898275375366,,,3.179177114806589e-05,2445.03901126
29670,60764160,2.2706451416015625,,,3.1769353227266433e-05,2445.755504980996
29680,60784640,2.4922006130218506,,,3.174707550764046e-05,2446.5372312679974
29690,60805120,2.2775845527648926,,,3.1724938012631276e-05,2447.207580151
29700,60825600,2.0756444931030273,2.112003022432327,8.264779254379885,3.170294076553457e-05,2448.415996923999
29710,60846080,2.171093463897705,,,3.168108378949849e-05,2449.1461206050008
29720,60866560,2.4080371856689453,,,3.165936710752353e-05,2449.820310796
29730,60887040,2.1209466457366943,,,3.16377907424626e-05,2450.481143226003
29740,60907520,2.042994976043701,,,3.16163547170209e-05,2451.228020028
29750,60928000,2.2201156616210938,,,3.159505905375598e-05,2451.9417934469966
29760,60948480,2.191987991333008,,,3.157390377507768e-05,2452.660903568998
29770,60968960,2.063502788543701,,,3.1552888903248106e-05,2453.3911037159996
29780,60989440,2.442906141281128,,,3.153201446038162e-05,2454.0725275720033
29790,61009920,2.1240434646606445,,,3.1511280468444764e-05,2454.9551280430023
29800,61030400,2.0408730506896973,2.1124026477336884,8.26808272931222,3.149068694925636e-05,2456.0780934150025
29810,61050880,2.174694061279297,,,3.147023392448735e-05,2456.741391978001
29820,61071360,2.1157073974609375,,,3.1449921415660835e-05,2457.495020221999
29830,61091840,2.2543017864227295,,,3.142974944415207e-05,2458.225692836997
29840,61112320,2.21679949760437,,,3.140971803118841e-05,2458.9908129749965
29850,61132800,2.054654598236084,,,3.138982719784929e-05,2459.770319413001
29860,61153280,2.117908000946045,,,3.137007696506621e-05,2460.6760917630018
29870,61173760,2.166429042816162,,,3.135046735362274e-05,2461.4103936829997
29880,61194240,2.0324342250823975,,,3.1330998384154436e-05,2462.287660943999
29890,61214720,2.0792574882507324,,,3.131167007714888e-05,2462.978509284003
29900,61235200,2.0284814834594727,2.1120065093040465,8.264808072655176,3.129248245294561e-05,2464.1979519669985
29910,61255680,2.1304335594177246,,,3.127343553173612e-05,2464.9225340150006
29920,61276160,2.216130018234253,,,3.12545293335639e-05,2465.657067164997
29930,61296640,2.3386754989624023,,,3.123576387832425e-05,2466.3991297030007
29940,61317120,2.2171671390533447,,,3.121713918576445e-05,2467.2169081839966
29950,61337600,2.033769130706787,,,3.119865527548362e-05,2467.9344477850027
29960,61358080,2.071810722351074,,,3.1180312166932735e-05,2468.767469227998
29970,61378560,2.193418025970459,,,3.1162109879414606e-05,2469.7452359460003
29980,61399040,2.1355552673339844,,,3.114404843208382e-05,2470.492852149
29990,61419520,2.316603660583496,,,3.112612784394682e-05,2471.2821274590024
30000,61440000,2.1526317596435547,2.11146485209465,8.260332591975956,3.1108348133861787e-05,2472.6611009810003
30010,61460480,2.474609851837158,,,3.109070932053863e-05,2473.9488824090004
30020,61480960,2.1443896293640137,,,3.1073211422539e-05,2474.7566881730017
30030,61501440,2.1758947372436523,,,3.10558544582763e-05,2475.443083815997
30040,61521920,2.218639373779297,,,3.103863844601561e-05,2476.1103071109974
30050,61542400,2.399815559387207,,,3.102156340387363e-05,2476.8948012929977
30060,61562880,1.9548262357711792,,,3.1004629349818784e-05,2477.7774690880033
30070,61583360,2.017209529876709,,,3.098783630167109e-05,2478.5950765450034
30080,61603840,2.232248067855835,,,3.09711842771022e-05,2479.3732224589985
30090,61624320,1.9616481065750122,,,3.095467329363537e-05,2480.0700932699983
30100,61644800,2.199171543121338,2.1106534242630004,8.253632646840732,3.093830336864541e-05,2481.3252755380017
30110,61665280,2.0960958003997803,,,3.092207451935873e-05,2482.0348406050034
30120,61685760,1.969150185585022,,,3.090598676285322e-05,2482.7736840709986
30130,61706240,2.08305025100708,,,3.0890040116058374e-05,2483.5276521069973
30140,61726720,2.2266039848327637,,,3.087423459575513e-05,2484.3082276029963
30150,61747200,2.4222805500030518,,,3.085857021857596e-05,2485.030521724999
30160,61767680,2.1462650299072266,,,3.084304700100478e-05,2485.844000375
30170,61788160,2.1894381046295166,,,3.082766495937697e-05,2486.8673064469986
30180,61808640,2.1039316654205322,,,3.081242410987935e-05,2487.5587259609965
30190,61829120,1.9501783847808838,,,3.079732446855016e-05,2488.320071394999
30200,61849600,2.3375844955444336,2.1114750504493713,8.26041683420741,3.0782366051279055e-05,2489.4065022919967
30210,61870080,1.973520278930664,,,3.076754887380703e-05,2490.196216336997
30220,61890560,2.429807662963867,,,3.075287295172652e-05,2490.9575113300016
30230,61911040,2.197510004043579,,,3.073833830048128e-05,2491.841401370999
30240,61931520,2.3304684162139893,,,3.072394493536639e-05,2492.7141851749984
30250,61952000,2.45674729347229,,,3.070969287152825e-05,2493.539724508999
30260,61972480,2.0632846355438232,,,3.069558212396462e-05,2494.2410845549966
30270,61992960,2.5129172801971436,,,3.068161270752448e-05,2495.016521917998
30280,62013440,2.224977493286133,,,3.066778463690814e-05,2495.897478017003
30290,62033920,2.03989577293396,,,3.065409792666711e-05,2496.604845417998
30300,62054400,1.9912034273147583,2.110578191280365,8.253011724796336,3.0640552591204204e-05,2497.934826662997
30310,62074880,2.1323280334472656,,,3.0627148644773434e-05,2498.7364678759986
30320,62095360,2.1819300651550293,,,3.0613886101480046e-05,2499.618320269001
30330,62115840,2.2227272987365723,,,3.060076497528043e-05,2500.5160447270027
30340,62136320,2.0400025844573975,,,3.058778527998225e-05,2501.247907268
30350,62156800,2.008544445037842,,,3.0574947029244246e-05,2502.0217516150005
30360,62177280,1.862640619277954,,,3.0562250236576384e-05,2502.7233339520026
30370,62197760,2.197495460510254,,,3.0549694915339724e-05,2503.454949514002
30380,62218240,1.8863346576690674,,,3.053728107874648e-05,2504.3399302909966
30390,62238720,2.121293544769287,,,3.052500873985998e-05,2505.033175450997
30400,62259200,2.119887590408325,2.110398453474045,8.251528479874974,3.051287791159464e-05,2506.4296734320014
30410,62279680,2.246828079223633,,,3.050088860671595e-05,2507.223905279003
30420,62300160,2.27371883392334,,,3.04890408378405e-05,2507.9373599730025
30430,62320640,1.9731268882751465,,,3.0477334617435922e-05,2508.601996917998
30440,62341120,1.9700977802276611,,,3.046576995782089e-05,2509.2789155490027
30450,62361600,2.1077053546905518,,,3.0454346871165112e-05,2510.103343515999
30460,62382080,1.965807557106018,,,3.0443065369489352e-05,2511.036001499
30470,62402560,2.460488796234131,,,3.0431925464665325e-05,2511.8373086930005
30480,62423040,2.3916773796081543,,,3.0420927168415767e-05,2512.6162311989974
30490,62443520,2.2415480613708496,,,3.041007049231441e-05,2513.4561782829987
30500,62464000,2.3427352905273438,2.1097648799419404,8.246302185626398,3.0399355447785952e-05,2514.733361557999
30510,62484480,2.264601707458496,,,3.038878204610601e-05,2515.9618987170034
30520,62504960,2.1945841312408447,,,3.0378350298401186e-05,2516.7720184490026
30530,62525440,2.043391704559326,,,3.0368060215649044e-05,2517.566730270999
30540,62545920,1.892479658126831,,,3.0357911808677994e-05,2518.417920423002
30550,62566400,2.0616681575775146,,,3.0347905088167404e-05,2519.170541507003
30560,62586880,2.267972707748413,,,3.0338040064647556e-05,2520.1152362799985
30570,62607360,2.066967248916626,,,3.032831674849961e-05,2521.0921262699994
30580,62627840,2.3368241786956787,,,3.0318735149955583e-05,2522.2215013530003
30590,62648320,1.987471342086792,,,3.030929527909837e-05,2523.127733059002
30600,62668800,2.2286453247070312,2.109804469347,8.246628658286255,3.0299997145861743e-05,2524.3318433359964
30610,62689280,2.0933542251586914,,,3.0290840760030294e-05,2525.0628577590032
30620,62709760,2.060974359512329,,,3.0281826131239485e-05,2525.855186644003
30630,62730240,2.176515579223633,,,3.027295326897556e-05,2526.542172014997
30640,62750720,2.2265233993530273,,,3.0264222182575615e-05,2527.1949625900015
30650,62771200,2.2093183994293213,,,3.0255632881227538e-05,2527.9645001120007
30660,62791680,2.0767252445220947,,,3.0247185373970013e-05,2528.7073245110005
30670,62812160,2.373443603515625,,,3.0238879669692524e-05,2529.6692965129987
30680,62832640,1.9051958322525024,,,3.023071577713531e-05,2530.3943452210005
30690,62853120,2.160940647125244,,,3.02226937048894e-05,2531.2659995409995
30700,62873600,2.076388359069824,2.107939821481705,8.231265927255748,3.0214813461396573e-05,2532.4723383750024
30710,62894080,2.089601516723633,,,3.0207075054949368e-05,2533.174932535003
30720,62914560,2.481966018676758,,,3.0199478493691043e-05,2534.027821666001
30730,62935040,2.1783523559570312,,,3.0192023785615623e-05,2534.7766316619964
30740,62955520,2.0154969692230225,,,3.0184710938567823e-05,2535.541439610999
30750,62976000,2.1962928771972656,,,3.017753996024311e-05,2536.259979896997
30760,62996480,1.9092941284179688,,,3.0170510858187642e-05,2536.9832084739974
30770,63016960,2.1202573776245117,,,3.0163623639798263e-05,2537.675300265997
30780,63037440,2.091249942779541,,,3.015687831232254e-05,2538.3133021719987
30790,63057920,2.188540458679199,,,3.0150274882858694e-05,2538.978364773997
30800,63078400,2.0946125984191895,2.107325202226639,8.226208387113276,3.014381335835566e-05,2540.1779157700003
30810,63098880,2.2780704498291016,,,3.013749374561302e-05,2540.8791455449973
30820,63119360,2.0534870624542236,,,3.0131316051281012e-05,2541.9683676999994
30830,63139840,2.126082420349121,,,3.012528028186055e-05,2542.6975297320023
30840,63160320,2.069976806640625,,,3.01193864437032e-05,2543.4349862719973
30850,63180800,2.0184879302978516,,,3.0113634543011158e-05,2544.0901598420023
30860,63201280,2.2628138065338135,,,3.0108024585837246e-05,2544.8020543620005
30870,63221760,2.158874273300171,,,3.010255657808494e-05,2545.4762947650015
30880,63242240,2.1600353717803955,,,3.009723052550832e-05,2546.131534619999
30890,63262720,2.0703272819519043,,,3.0092046433712106e-05,2547.0794786080005
30900,63283200,1.9945096969604492,2.1067606270313264,8.221565384691768,3.0087004308151616e-05,2548.3130136679974
30910,63303680,2.1364905834198,,,3.008210415413278e-05,2549.0160908499965
30920,63324160,1.9840682744979858,,,3.0077345976812104e-05,2549.828585600997
30930,63344640,2.0653576850891113,,,3.0072729781196736e-05,2550.619546574002
30940,63365120,2.193873405456543,,,3.0068255572144374e-05,2551.493536642003
30950,63385600,2.117021083831787,,,3.006392335436331e-05,2552.2601194829986
30960,63406080,2.038114547729492,,,3.0059733132412425e-05,2553.0478169880007
30970,63426560,2.1244497299194336,,,3.0055684910701172e-05,2553.9409675159986
30980,63447040,2.2293598651885986,,,3.0051778693489556e-05,2554.6261731170016
30990,63467520,2.133939027786255,,,3.0048014484888204e-05,2555.258808626997
31000,63488000,2.16141414642334,2.107274228334427,8.225789075940689,3.0044392288858226e-05,2556.500856532999
31010,63508480,2.086771011352539,,,3.004091210921134e-05,2557.9031469309994
31020,63528960,2.362962245941162,,,3.0037573949609828e-05,2558.687842897998
31030,63549440,2.3863868713378906,,,3.0034377813566468e-05,2559.543142499999
31040,63569920,2.2131500244140625,,,3.0031323704444628e-05,2560.242652246001
31050,63590400,1.9976813793182373,,,3.0028411625458194e-05,2561.053467744001
31060,63610880,1.9611241817474365,,,3.002564157967164e-05,2561.720727524
31070,63631360,2.226466178894043,,,3.0023013569999894e-05,2562.396921102001
31080,63651840,2.3814902305603027,,,3.002052759920849e-05,2563.132583694998
31090,63672320,2.2671701908111572,,,3.0018183669913442e-05,2563.922355581999
31100,63692800,2.1064088344573975,2.1073035657405854,8.22603040279572,3.0015981784581333e-05,2565.0882576529984
31110,63713280,2.1515979766845703,,,3.0013921945529247e-05,2565.9752749670006
31120,63733760,2.1122686862945557,,,3.001200415492478e-05,2566.6900299219997
31130,63754240,2.04569673538208,,,3.001022841478605e-05,2567.488165752002
31140,63774720,2.180943012237549,,,3.000859472698174e-05,2568.3039610350024
31150,63795200,1.8615171909332275,,,3.000710309323097e-05,2569.149648644998
31160,63815680,2.114264488220215,,,3.0005753515103447e-05,2569.9827556169985
31170,63836160,2.2473559379577637,,,3.0004545994019334e-05,2570.6814197369968
31180,63856640,2.4346845149993896,,,3.000348053124934e-05,2571.404996293997
31190,63877120,1.9888849258422852,,,3.0002557127914683e-05,2572.341325497997
31200,63897600,2.075831890106201,2.1052339673042297,8.2090234280113,3.000177578498705e-05,2573.744190464
31210,63918080,2.0766055583953857,,,3.0001136503288686e-05,2574.4147201700034
31220,63938560,2.1980323791503906,,,3.0000639283492314e-05,2575.1851345329997
31230,63959040,2.104670524597168,,,3.0000284126121157e-05,2576.049531208002
31240,63979520,1.874178171157837,,,3.0000071031548984e-05,2576.7434683719985
31250,64000000,2.1370201110839844,2.104417610168457,8.202324667820482,3e-05,2578.049269133
