2026-10-01 20:23:07,218 64m_64mtoken: parameters=66061440, target steps=31250, processed tokens=64000000, resume step=0
2026-10-01 20:23:07,521 step=1 train=9.21034 val=None lr=4.8e-07
2026-10-01 20:23:09,856 step=10 train=9.21034 val=None lr=4.8e-06
2026-10-01 20:23:12,466 step=20 train=9.21032 val=None lr=9.6e-06
2026-10-01 20:23:14,998 step=30 train=9.21030 val=None lr=1.44e-05
2026-10-01 20:23:17,460 step=40 train=9.21027 val=None lr=1.92e-05
2026-10-01 20:23:19,788 step=50 train=9.21021 val=None lr=2.4e-05
2026-10-01 20:23:20,902 step=60 train=9.21012 val=None lr=2.88e-05
2026-10-01 20:23:23,375 step=70 train=9.20999 val=None lr=3.36e-05
2026-10-01 20:23:25,836 step=80 train=9.20982 val=None lr=3.84e-05
2026-10-01 20:23:28,306 step=90 train=9.20960 val=None lr=4.32e-05
2026-10-01 20:23:32,585 step=100 train=9.20920 val=9.209178829193116 lr=4.8e-05
2026-10-01 20:23:34,969 step=110 train=9.20869 val=None lr=5.28e-05
2026-10-01 20:23:37,457 step=120 train=9.20805 val=None lr=5.76e-05
2026-10-01 20:23:40,169 step=130 train=9.20723 val=None lr=6.24e-05
2026-10-01 20:23:42,582 step=140 train=9.20637 val=None lr=6.72e-05
2026-10-01 20:23:45,041 step=150 train=9.20486 val=None lr=7.2e-05
2026-10-01 20:23:47,452 step=160 train=9.20346 val=None lr=7.68e-05
2026-10-01 20:23:49,723 step=170 train=9.20221 val=None lr=8.16e-05
2026-10-01 20:23:52,231 step=180 train=9.19831 val=None lr=8.64e-05
2026-10-01 20:23:53,490 step=190 train=9.19508 val=None lr=9.12e-05
2026-10-01 20:23:57,856 step=200 train=9.18899 val=9.188353633880615 lr=9.6e-05
2026-10-01 20:24:00,506 step=210 train=9.17829 val=None lr=0.0001008
2026-10-01 20:24:02,809 step=220 train=9.15963 val=None lr=0.0001056
2026-10-01 20:24:05,390 step=230 train=9.13797 val=None lr=0.0001104
2026-10-01 20:24:07,704 step=240 train=9.10532 val=None lr=0.0001152
2026-10-01 20:24:09,978 step=250 train=9.07651 val=None lr=0.00012
2026-10-01 20:24:12,437 step=260 train=9.04294 val=None lr=0.0001248
2026-10-01 20:24:14,869 step=270 train=9.00584 val=None lr=0.0001296
2026-10-01 20:24:17,437 step=280 train=8.97069 val=None lr=0.0001344
2026-10-01 20:24:19,978 step=290 train=8.92111 val=None lr=0.0001392
2026-10-01 20:24:22,941 step=300 train=8.86076 val=8.862323522567749 lr=0.000144
2026-10-01 20:24:25,364 step=310 train=8.80778 val=None lr=0.0001488
2026-10-01 20:24:27,879 step=320 train=8.75322 val=None lr=0.0001536
2026-10-01 20:24:30,352 step=330 train=8.69648 val=None lr=0.0001584
2026-10-01 20:24:32,699 step=340 train=8.61343 val=None lr=0.0001632
2026-10-01 20:24:35,108 step=350 train=8.52198 val=None lr=0.000168
2026-10-01 20:24:37,607 step=360 train=8.41839 val=None lr=0.0001728
2026-10-01 20:24:40,105 step=370 train=8.35309 val=None lr=0.0001776
2026-10-01 20:24:42,687 step=380 train=8.25889 val=None lr=0.0001824
2026-10-01 20:24:45,825 step=390 train=8.14559 val=None lr=0.0001872
2026-10-01 20:24:50,292 step=400 train=7.99754 val=8.01670458316803 lr=0.000192
2026-10-01 20:24:52,557 step=410 train=7.93704 val=None lr=0.0001968
2026-10-01 20:24:54,850 step=420 train=7.82523 val=None lr=0.0002016
2026-10-01 20:24:55,871 step=430 train=7.67525 val=None lr=0.0002064
2026-10-01 20:24:58,313 step=440 train=7.52029 val=None lr=0.0002112
2026-10-01 20:25:00,810 step=450 train=7.38325 val=None lr=0.000216
2026-10-01 20:25:03,109 step=460 train=7.30858 val=None lr=0.0002208
2026-10-01 20:25:05,410 step=470 train=7.17046 val=None lr=0.0002256
2026-10-01 20:25:07,778 step=480 train=7.04978 val=None lr=0.0002304
2026-10-01 20:25:10,054 step=490 train=6.89111 val=None lr=0.0002352
2026-10-01 20:25:14,237 step=500 train=6.67291 val=6.689509391784668 lr=0.00024
2026-10-01 20:25:18,574 step=510 train=6.64053 val=None lr=0.0002448
2026-10-01 20:25:20,867 step=520 train=6.37102 val=None lr=0.0002496
2026-10-01 20:25:23,139 step=530 train=6.38013 val=None lr=0.0002544
2026-10-01 20:25:25,594 step=540 train=6.15920 val=None lr=0.0002592
2026-10-01 20:25:26,723 step=550 train=6.26496 val=None lr=0.000264
2026-10-01 20:25:28,975 step=560 train=6.00817 val=None lr=0.0002688
2026-10-01 20:25:31,846 step=570 train=6.02954 val=None lr=0.0002736
2026-10-01 20:25:34,388 step=580 train=5.94745 val=None lr=0.0002784
2026-10-01 20:25:36,734 step=590 train=5.93779 val=None lr=0.0002832
2026-10-01 20:25:41,426 step=600 train=5.85224 val=5.828156352043152 lr=0.000288
2026-10-01 20:25:43,840 step=610 train=5.85692 val=None lr=0.0002928
2026-10-01 20:25:46,287 step=620 train=5.68212 val=None lr=0.0002976
2026-10-01 20:25:48,571 step=630 train=5.79002 val=None lr=0.0003
2026-10-01 20:25:51,124 step=640 train=5.68452 val=None lr=0.0003
2026-10-01 20:25:53,583 step=650 train=5.83555 val=None lr=0.0003
2026-10-01 20:25:56,093 step=660 train=5.69432 val=None lr=0.000299999
2026-10-01 20:25:57,204 step=670 train=5.67500 val=None lr=0.000299999
2026-10-01 20:25:59,489 step=680 train=5.51134 val=None lr=0.000299998
2026-10-01 20:26:01,839 step=690 train=5.59925 val=None lr=0.000299997
2026-10-01 20:26:06,201 step=700 train=5.29736 val=5.353973126411438 lr=0.000299996
2026-10-01 20:26:08,936 step=710 train=5.24369 val=None lr=0.000299995
2026-10-01 20:26:11,256 step=720 train=5.26548 val=None lr=0.000299994
2026-10-01 20:26:13,692 step=730 train=5.30465 val=None lr=0.000299992
2026-10-01 20:26:16,042 step=740 train=4.99992 val=None lr=0.000299991
2026-10-01 20:26:18,615 step=750 train=5.20260 val=None lr=0.000299989
2026-10-01 20:26:21,022 step=760 train=4.99054 val=None lr=0.000299987
2026-10-01 20:26:23,523 step=770 train=4.92441 val=None lr=0.000299985
2026-10-01 20:26:25,845 step=780 train=5.00268 val=None lr=0.000299983
2026-10-01 20:26:27,531 step=790 train=5.00272 val=None lr=0.000299981
2026-10-01 20:26:32,102 step=800 train=5.00622 val=4.7827918291091915 lr=0.000299978
2026-10-01 20:26:34,588 step=810 train=4.81878 val=None lr=0.000299976
2026-10-01 20:26:36,919 step=820 train=4.86492 val=None lr=0.000299973
2026-10-01 20:26:39,235 step=830 train=4.57070 val=None lr=0.00029997
2026-10-01 20:26:41,661 step=840 train=4.81278 val=None lr=0.000299967
2026-10-01 20:26:44,057 step=850 train=4.59042 val=None lr=0.000299964
2026-10-01 20:26:46,345 step=860 train=4.57567 val=None lr=0.000299961
2026-10-01 20:26:48,801 step=870 train=4.56560 val=None lr=0.000299957
2026-10-01 20:26:51,136 step=880 train=4.37919 val=None lr=0.000299954
2026-10-01 20:26:53,651 step=890 train=4.53693 val=None lr=0.00029995
2026-10-01 20:26:57,951 step=900 train=4.55635 val=4.357053327560425 lr=0.000299946
2026-10-01 20:26:59,382 step=910 train=4.30825 val=None lr=0.000299942
2026-10-01 20:27:01,700 step=920 train=4.42240 val=None lr=0.000299938
2026-10-01 20:27:04,027 step=930 train=4.35233 val=None lr=0.000299934
2026-10-01 20:27:06,595 step=940 train=4.13862 val=None lr=0.00029993
2026-10-01 20:27:09,199 step=950 train=4.13035 val=None lr=0.000299925
2026-10-01 20:27:11,506 step=960 train=4.16648 val=None lr=0.00029992
2026-10-01 20:27:13,978 step=970 train=4.46409 val=None lr=0.000299915
2026-10-01 20:27:16,517 step=980 train=4.37704 val=None lr=0.00029991
2026-10-01 20:27:18,952 step=990 train=4.15839 val=None lr=0.000299905
2026-10-01 20:27:23,729 step=1000 train=4.15586 val=4.150546264648438 lr=0.0002999
2026-10-01 20:27:28,609 step=1010 train=4.26155 val=None lr=0.000299895
2026-10-01 20:27:31,277 step=1020 train=4.44560 val=None lr=0.000299889
2026-10-01 20:27:32,702 step=1030 train=4.05564 val=None lr=0.000299884
2026-10-01 20:27:35,223 step=1040 train=4.01444 val=None lr=0.000299878
2026-10-01 20:27:37,601 step=1050 train=4.01284 val=None lr=0.000299872
2026-10-01 20:27:39,959 step=1060 train=3.79879 val=None lr=0.000299866
2026-10-01 20:27:42,335 step=1070 train=3.93960 val=None lr=0.000299859
2026-10-01 20:27:44,757 step=1080 train=3.85258 val=None lr=0.000299853
2026-10-01 20:27:47,194 step=1090 train=4.27594 val=None lr=0.000299846
2026-10-01 20:27:51,775 step=1100 train=3.94395 val=4.036217546463012 lr=0.00029984
2026-10-01 20:27:54,170 step=1110 train=4.30762 val=None lr=0.000299833
2026-10-01 20:27:56,545 step=1120 train=4.00738 val=None lr=0.000299826
2026-10-01 20:27:58,907 step=1130 train=3.98250 val=None lr=0.000299819
2026-10-01 20:28:01,277 step=1140 train=4.11527 val=None lr=0.000299812
2026-10-01 20:28:02,581 step=1150 train=4.04839 val=None lr=0.000299804
2026-10-01 20:28:04,998 step=1160 train=4.17469 val=None lr=0.000299797
2026-10-01 20:28:07,382 step=1170 train=4.06508 val=None lr=0.000299789
2026-10-01 20:28:09,834 step=1180 train=4.04711 val=None lr=0.000299781
2026-10-01 20:28:12,198 step=1190 train=3.86475 val=None lr=0.000299773
2026-10-01 20:28:16,888 step=1200 train=4.18565 val=3.9635887145996094 lr=0.000299765
2026-10-01 20:28:19,463 step=1210 train=4.21891 val=None lr=0.000299757
2026-10-01 20:28:21,887 step=1220 train=4.21458 val=None lr=0.000299749
2026-10-01 20:28:24,421 step=1230 train=4.09765 val=None lr=0.00029974
2026-10-01 20:28:26,829 step=1240 train=4.03852 val=None lr=0.000299731
2026-10-01 20:28:29,138 step=1250 train=3.84334 val=None lr=0.000299723
2026-10-01 20:28:31,632 step=1260 train=3.73979 val=None lr=0.000299714
2026-10-01 20:28:34,184 step=1270 train=3.85826 val=None lr=0.000299705
2026-10-01 20:28:35,267 step=1280 train=3.88810 val=None lr=0.000299695
2026-10-01 20:28:37,723 step=1290 train=3.91915 val=None lr=0.000299686
2026-10-01 20:28:42,053 step=1300 train=3.89868 val=3.9017473578453066 lr=0.000299676
2026-10-01 20:28:44,430 step=1310 train=3.88659 val=None lr=0.000299667
2026-10-01 20:28:46,852 step=1320 train=4.14362 val=None lr=0.000299657
2026-10-01 20:28:49,182 step=1330 train=4.02853 val=None lr=0.000299647
2026-10-01 20:28:51,647 step=1340 train=3.92016 val=None lr=0.000299637
2026-10-01 20:28:54,153 step=1350 train=3.68364 val=None lr=0.000299627
2026-10-01 20:28:56,658 step=1360 train=3.84128 val=None lr=0.000299616
2026-10-01 20:28:59,329 step=1370 train=3.86075 val=None lr=0.000299606
2026-10-01 20:29:01,609 step=1380 train=3.90590 val=None lr=0.000299595
2026-10-01 20:29:03,956 step=1390 train=3.87588 val=None lr=0.000299585
2026-10-01 20:29:07,160 step=1400 train=3.95553 val=3.8615690588951113 lr=0.000299574
2026-10-01 20:29:09,724 step=1410 train=3.87897 val=None lr=0.000299563
2026-10-01 20:29:12,046 step=1420 train=3.77335 val=None lr=0.000299551
2026-10-01 20:29:14,680 step=1430 train=3.88671 val=None lr=0.00029954
2026-10-01 20:29:17,063 step=1440 train=3.87318 val=None lr=0.000299528
2026-10-01 20:29:19,524 step=1450 train=3.92867 val=None lr=0.000299517
2026-10-01 20:29:21,949 step=1460 train=3.84048 val=None lr=0.000299505
2026-10-01 20:29:24,209 step=1470 train=3.79527 val=None lr=0.000299493
2026-10-01 20:29:26,663 step=1480 train=3.76852 val=None lr=0.000299481
2026-10-01 20:29:29,037 step=1490 train=3.85857 val=None lr=0.000299469
2026-10-01 20:29:34,061 step=1500 train=3.96849 val=3.824489402770996 lr=0.000299457
2026-10-01 20:29:37,424 step=1510 train=3.99609 val=None lr=0.000299444
2026-10-01 20:29:39,975 step=1520 train=3.83150 val=None lr=0.000299431
2026-10-01 20:29:42,362 step=1530 train=3.90354 val=None lr=0.000299419
2026-10-01 20:29:44,653 step=1540 train=3.88209 val=None lr=0.000299406
2026-10-01 20:29:46,945 step=1550 train=3.64020 val=None lr=0.000299393
2026-10-01 20:29:49,450 step=1560 train=3.53817 val=None lr=0.00029938
2026-10-01 20:29:51,841 step=1570 train=4.24854 val=None lr=0.000299366
2026-10-01 20:29:54,349 step=1580 train=3.69854 val=None lr=0.000299353
2026-10-01 20:29:56,723 step=1590 train=3.86779 val=None lr=0.000299339
2026-10-01 20:30:01,080 step=1600 train=3.70303 val=3.75309636592865 lr=0.000299325
2026-10-01 20:30:03,535 step=1610 train=3.81097 val=None lr=0.000299311
2026-10-01 20:30:06,129 step=1620 train=3.67628 val=None lr=0.000299297
2026-10-01 20:30:07,292 step=1630 train=3.42630 val=None lr=0.000299283
2026-10-01 20:30:10,041 step=1640 train=3.46134 val=None lr=0.000299269
2026-10-01 20:30:12,681 step=1650 train=3.92695 val=None lr=0.000299254
2026-10-01 20:30:14,953 step=1660 train=3.70654 val=None lr=0.00029924
2026-10-01 20:30:17,331 step=1670 train=3.71143 val=None lr=0.000299225
2026-10-01 20:30:19,901 step=1680 train=3.82854 val=None lr=0.00029921
2026-10-01 20:30:22,468 step=1690 train=3.81203 val=None lr=0.000299195
2026-10-01 20:30:27,090 step=1700 train=3.78012 val=3.6510411858558656 lr=0.00029918
2026-10-01 20:30:30,109 step=1710 train=3.67316 val=None lr=0.000299165
2026-10-01 20:30:32,544 step=1720 train=3.44374 val=None lr=0.000299149
2026-10-01 20:30:35,004 step=1730 train=3.69979 val=None lr=0.000299134
2026-10-01 20:30:37,341 step=1740 train=3.59034 val=None lr=0.000299118
2026-10-01 20:30:38,772 step=1750 train=3.81758 val=None lr=0.000299102
2026-10-01 20:30:41,342 step=1760 train=3.79910 val=None lr=0.000299086
2026-10-01 20:30:43,744 step=1770 train=3.62312 val=None lr=0.00029907
2026-10-01 20:30:46,136 step=1780 train=3.90551 val=None lr=0.000299054
2026-10-01 20:30:48,443 step=1790 train=3.73254 val=None lr=0.000299037
2026-10-01 20:30:52,735 step=1800 train=3.75968 val=3.5691737055778505 lr=0.000299021
2026-10-01 20:30:55,314 step=1810 train=3.74202 val=None lr=0.000299004
2026-10-01 20:30:58,218 step=1820 train=3.82429 val=None lr=0.000298987
2026-10-01 20:31:00,630 step=1830 train=3.32223 val=None lr=0.00029897
2026-10-01 20:31:03,133 step=1840 train=3.53571 val=None lr=0.000298953
2026-10-01 20:31:05,435 step=1850 train=3.38662 val=None lr=0.000298935
2026-10-01 20:31:07,993 step=1860 train=3.56303 val=None lr=0.000298918
2026-10-01 20:31:10,373 step=1870 train=3.29107 val=None lr=0.0002989
2026-10-01 20:31:11,613 step=1880 train=3.54505 val=None lr=0.000298883
2026-10-01 20:31:13,871 step=1890 train=3.89991 val=None lr=0.000298865
2026-10-01 20:31:18,293 step=1900 train=3.34277 val=3.480073094367981 lr=0.000298847
2026-10-01 20:31:20,903 step=1910 train=3.65753 val=None lr=0.000298829
2026-10-01 20:31:23,411 step=1920 train=3.35936 val=None lr=0.000298811
2026-10-01 20:31:25,783 step=1930 train=3.52145 val=None lr=0.000298792
2026-10-01 20:31:28,094 step=1940 train=3.57968 val=None lr=0.000298774
2026-10-01 20:31:30,699 step=1950 train=3.33832 val=None lr=0.000298755
2026-10-01 20:31:33,275 step=1960 train=3.66876 val=None lr=0.000298736
2026-10-01 20:31:35,608 step=1970 train=3.53534 val=None lr=0.000298717
2026-10-01 20:31:37,886 step=1980 train=3.57857 val=None lr=0.000298698
2026-10-01 20:31:40,265 step=1990 train=3.15521 val=None lr=0.000298679
2026-10-01 20:31:43,542 step=2000 train=3.61231 val=3.4070973873138426 lr=0.000298659
2026-10-01 20:31:48,279 step=2010 train=3.51883 val=None lr=0.00029864
2026-10-01 20:31:50,588 step=2020 train=3.43503 val=None lr=0.00029862
2026-10-01 20:31:53,072 step=2030 train=3.23822 val=None lr=0.0002986
2026-10-01 20:31:55,342 step=2040 train=3.56076 val=None lr=0.00029858
2026-10-01 20:31:57,684 step=2050 train=3.52116 val=None lr=0.00029856
2026-10-01 20:31:59,938 step=2060 train=3.32623 val=None lr=0.00029854
2026-10-01 20:32:02,384 step=2070 train=3.50856 val=None lr=0.00029852
2026-10-01 20:32:04,692 step=2080 train=3.45362 val=None lr=0.000298499
2026-10-01 20:32:07,094 step=2090 train=3.30710 val=None lr=0.000298478
2026-10-01 20:32:11,438 step=2100 train=3.30629 val=3.3421926975250242 lr=0.000298458
2026-10-01 20:32:12,559 step=2110 train=3.46070 val=None lr=0.000298437
2026-10-01 20:32:14,803 step=2120 train=3.20564 val=None lr=0.000298416
2026-10-01 20:32:17,114 step=2130 train=3.31234 val=None lr=0.000298394
2026-10-01 20:32:19,499 step=2140 train=3.17935 val=None lr=0.000298373
2026-10-01 20:32:22,014 step=2150 train=2.95434 val=None lr=0.000298351
2026-10-01 20:32:24,535 step=2160 train=3.51600 val=None lr=0.00029833
2026-10-01 20:32:26,890 step=2170 train=3.24755 val=None lr=0.000298308
2026-10-01 20:32:29,257 step=2180 train=3.36092 val=None lr=0.000298286
2026-10-01 20:32:31,531 step=2190 train=3.44744 val=None lr=0.000298264
2026-10-01 20:32:35,924 step=2200 train=3.19721 val=3.2948429703712465 lr=0.000298242
2026-10-01 20:32:38,221 step=2210 train=3.25371 val=None lr=0.000298219
2026-10-01 20:32:40,681 step=2220 train=3.36675 val=None lr=0.000298197
2026-10-01 20:32:43,477 step=2230 train=3.48307 val=None lr=0.000298174
2026-10-01 20:32:44,912 step=2240 train=3.26601 val=None lr=0.000298152
2026-10-01 20:32:47,239 step=2250 train=3.30441 val=None lr=0.000298129
2026-10-01 20:32:49,705 step=2260 train=3.17624 val=None lr=0.000298106
2026-10-01 20:32:52,126 step=2270 train=3.47671 val=None lr=0.000298082
2026-10-01 20:32:54,872 step=2280 train=3.26177 val=None lr=0.000298059
2026-10-01 20:32:57,181 step=2290 train=3.15855 val=None lr=0.000298036
2026-10-01 20:33:01,653 step=2300 train=3.33885 val=3.243522572517395 lr=0.000298012
2026-10-01 20:33:04,157 step=2310 train=3.17387 val=None lr=0.000297988
2026-10-01 20:33:06,759 step=2320 train=3.66842 val=None lr=0.000297964
2026-10-01 20:33:09,152 step=2330 train=3.40728 val=None lr=0.00029794
2026-10-01 20:33:11,512 step=2340 train=3.09034 val=None lr=0.000297916
2026-10-01 20:33:13,897 step=2350 train=3.34935 val=None lr=0.000297892
2026-10-01 20:33:16,390 step=2360 train=3.40793 val=None lr=0.000297867
2026-10-01 20:33:18,819 step=2370 train=3.11450 val=None lr=0.000297843
2026-10-01 20:33:21,262 step=2380 train=3.41714 val=None lr=0.000297818
2026-10-01 20:33:23,776 step=2390 train=3.32127 val=None lr=0.000297793
2026-10-01 20:33:28,471 step=2400 train=3.15749 val=3.193647003173828 lr=0.000297768
2026-10-01 20:33:29,121 step=2410 train=3.39513 val=None lr=0.000297743
2026-10-01 20:33:31,501 step=2420 train=3.09076 val=None lr=0.000297718
2026-10-01 20:33:34,132 step=2430 train=3.21431 val=None lr=0.000297692
2026-10-01 20:33:36,706 step=2440 train=3.35287 val=None lr=0.000297667
2026-10-01 20:33:39,360 step=2450 train=3.44568 val=None lr=0.000297641
2026-10-01 20:33:42,209 step=2460 train=2.99358 val=None lr=0.000297615
2026-10-01 20:33:44,644 step=2470 train=3.04109 val=None lr=0.000297589
2026-10-01 20:33:47,016 step=2480 train=3.34862 val=None lr=0.000297563
2026-10-01 20:33:49,501 step=2490 train=3.21662 val=None lr=0.000297537
2026-10-01 20:33:54,173 step=2500 train=3.18913 val=3.1548717856407165 lr=0.00029751
2026-10-01 20:33:58,921 step=2510 train=3.37242 val=None lr=0.000297484
2026-10-01 20:34:01,590 step=2520 train=3.41796 val=None lr=0.000297457
2026-10-01 20:34:02,962 step=2530 train=3.06380 val=None lr=0.00029743
2026-10-01 20:34:05,431 step=2540 train=2.96933 val=None lr=0.000297403
2026-10-01 20:34:07,829 step=2550 train=3.19326 val=None lr=0.000297376
2026-10-01 20:34:10,083 step=2560 train=2.94110 val=None lr=0.000297349
2026-10-01 20:34:12,535 step=2570 train=3.15572 val=None lr=0.000297322
2026-10-01 20:34:15,114 step=2580 train=2.95752 val=None lr=0.000297294
2026-10-01 20:34:17,550 step=2590 train=3.16122 val=None lr=0.000297267
2026-10-01 20:34:22,026 step=2600 train=3.15798 val=3.115028202533722 lr=0.000297239
2026-10-01 20:34:24,444 step=2610 train=3.30794 val=None lr=0.000297211
2026-10-01 20:34:26,978 step=2620 train=3.18775 val=None lr=0.000297183
2026-10-01 20:34:29,499 step=2630 train=3.32925 val=None lr=0.000297155
2026-10-01 20:34:32,171 step=2640 train=3.01680 val=None lr=0.000297126
2026-10-01 20:34:33,393 step=2650 train=3.06267 val=None lr=0.000297098
2026-10-01 20:34:36,302 step=2660 train=3.34482 val=None lr=0.000297069
2026-10-01 20:34:38,845 step=2670 train=2.98374 val=None lr=0.00029704
2026-10-01 20:34:41,401 step=2680 train=3.28132 val=None lr=0.000297011
2026-10-01 20:34:44,036 step=2690 train=3.39010 val=None lr=0.000296982
2026-10-01 20:34:49,088 step=2700 train=3.29013 val=3.072080445289612 lr=0.000296953
2026-10-01 20:34:51,457 step=2710 train=3.35130 val=None lr=0.000296924
2026-10-01 20:34:53,991 step=2720 train=3.29198 val=None lr=0.000296894
2026-10-01 20:34:56,497 step=2730 train=2.97862 val=None lr=0.000296865
2026-10-01 20:34:59,011 step=2740 train=2.96777 val=None lr=0.000296835
2026-10-01 20:35:01,528 step=2750 train=3.25325 val=None lr=0.000296805
2026-10-01 20:35:04,102 step=2760 train=3.16719 val=None lr=0.000296775
2026-10-01 20:35:06,808 step=2770 train=3.23277 val=None lr=0.000296745
2026-10-01 20:35:09,369 step=2780 train=3.15602 val=None lr=0.000296715
2026-10-01 20:35:11,944 step=2790 train=3.02836 val=None lr=0.000296684
2026-10-01 20:35:16,362 step=2800 train=3.06484 val=3.0408444166183473 lr=0.000296654
2026-10-01 20:35:18,860 step=2810 train=3.05569 val=None lr=0.000296623
2026-10-01 20:35:19,577 step=2820 train=3.01748 val=None lr=0.000296592
2026-10-01 20:35:21,988 step=2830 train=3.08271 val=None lr=0.000296561
2026-10-01 20:35:24,511 step=2840 train=3.15522 val=None lr=0.00029653
2026-10-01 20:35:27,320 step=2850 train=2.99605 val=None lr=0.000296499
2026-10-01 20:35:29,790 step=2860 train=3.13259 val=None lr=0.000296467
2026-10-01 20:35:32,396 step=2870 train=3.05733 val=None lr=0.000296436
2026-10-01 20:35:35,045 step=2880 train=2.89726 val=None lr=0.000296404
2026-10-01 20:35:37,792 step=2890 train=3.42017 val=None lr=0.000296372
2026-10-01 20:35:42,757 step=2900 train=3.24050 val=3.003948998451233 lr=0.00029634
2026-10-01 20:35:45,825 step=2910 train=3.04567 val=None lr=0.000296308
2026-10-01 20:35:48,407 step=2920 train=3.03342 val=None lr=0.000296276
2026-10-01 20:35:49,832 step=2930 train=2.91127 val=None lr=0.000296244
2026-10-01 20:35:52,413 step=2940 train=3.26414 val=None lr=0.000296211
2026-10-01 20:35:54,871 step=2950 train=3.05638 val=None lr=0.000296178
2026-10-01 20:35:57,569 step=2960 train=3.22344 val=None lr=0.000296146
2026-10-01 20:36:00,024 step=2970 train=3.41276 val=None lr=0.000296113
2026-10-01 20:36:02,557 step=2980 train=3.04277 val=None lr=0.00029608
2026-10-01 20:36:04,919 step=2990 train=2.78874 val=None lr=0.000296046
2026-10-01 20:36:09,648 step=3000 train=3.31454 val=2.972018277645111 lr=0.000296013
2026-10-01 20:36:14,782 step=3010 train=2.89113 val=None lr=0.00029598
2026-10-01 20:36:17,326 step=3020 train=3.17861 val=None lr=0.000295946
2026-10-01 20:36:19,945 step=3030 train=2.82285 val=None lr=0.000295912
2026-10-01 20:36:21,068 step=3040 train=2.92072 val=None lr=0.000295878
2026-10-01 20:36:23,695 step=3050 train=3.22064 val=None lr=0.000295844
2026-10-01 20:36:26,101 step=3060 train=3.03810 val=None lr=0.00029581
2026-10-01 20:36:28,732 step=3070 train=2.85487 val=None lr=0.000295776
2026-10-01 20:36:31,224 step=3080 train=2.93557 val=None lr=0.000295741
2026-10-01 20:36:34,256 step=3090 train=2.90619 val=None lr=0.000295707
2026-10-01 20:36:38,890 step=3100 train=2.94388 val=2.943141055107117 lr=0.000295672
2026-10-01 20:36:41,468 step=3110 train=3.22956 val=None lr=0.000295637
2026-10-01 20:36:44,172 step=3120 train=2.83397 val=None lr=0.000295602
2026-10-01 20:36:46,715 step=3130 train=3.13403 val=None lr=0.000295567
2026-10-01 20:36:49,161 step=3140 train=2.92348 val=None lr=0.000295532
2026-10-01 20:36:51,723 step=3150 train=3.13310 val=None lr=0.000295497
2026-10-01 20:36:53,008 step=3160 train=3.05940 val=None lr=0.000295461
2026-10-01 20:36:55,570 step=3170 train=2.98117 val=None lr=0.000295425
2026-10-01 20:36:58,801 step=3180 train=3.06340 val=None lr=0.00029539
2026-10-01 20:37:01,073 step=3190 train=3.13445 val=None lr=0.000295354
2026-10-01 20:37:05,681 step=3200 train=3.00029 val=2.912304949760437 lr=0.000295317
2026-10-01 20:37:08,215 step=3210 train=2.88447 val=None lr=0.000295281
2026-10-01 20:37:10,522 step=3220 train=2.94174 val=None lr=0.000295245
2026-10-01 20:37:12,899 step=3230 train=2.81161 val=None lr=0.000295208
2026-10-01 20:37:15,729 step=3240 train=2.93007 val=None lr=0.000295172
2026-10-01 20:37:18,410 step=3250 train=3.01676 val=None lr=0.000295135
2026-10-01 20:37:20,785 step=3260 train=2.79293 val=None lr=0.000295098
2026-10-01 20:37:23,216 step=3270 train=2.92821 val=None lr=0.000295061
2026-10-01 20:37:24,517 step=3280 train=2.92880 val=None lr=0.000295024
2026-10-01 20:37:27,227 step=3290 train=3.10449 val=None lr=0.000294987
2026-10-01 20:37:32,213 step=3300 train=3.15063 val=2.892332112789154 lr=0.000294949
2026-10-01 20:37:34,840 step=3310 train=3.05981 val=None lr=0.000294911
2026-10-01 20:37:37,465 step=3320 train=2.88887 val=None lr=0.000294874
2026-10-01 20:37:40,125 step=3330 train=2.76117 val=None lr=0.000294836
2026-10-01 20:37:42,657 step=3340 train=2.90642 val=None lr=0.000294798
2026-10-01 20:37:45,219 step=3350 train=2.95928 val=None lr=0.00029476
2026-10-01 20:37:47,694 step=3360 train=2.86343 val=None lr=0.000294721
2026-10-01 20:37:50,220 step=3370 train=2.95130 val=None lr=0.000294683
2026-10-01 20:37:52,816 step=3380 train=2.73502 val=None lr=0.000294644
2026-10-01 20:37:54,602 step=3390 train=2.76197 val=None lr=0.000294606
2026-10-01 20:37:59,256 step=3400 train=2.82133 val=2.8664536118507384 lr=0.000294567
2026-10-01 20:38:01,768 step=3410 train=3.04693 val=None lr=0.000294528
2026-10-01 20:38:04,447 step=3420 train=3.24183 val=None lr=0.000294489
2026-10-01 20:38:06,937 step=3430 train=3.06395 val=None lr=0.00029445
2026-10-01 20:38:09,471 step=3440 train=2.84376 val=None lr=0.00029441
2026-10-01 20:38:11,981 step=3450 train=2.93112 val=None lr=0.000294371
2026-10-01 20:38:14,729 step=3460 train=2.87069 val=None lr=0.000294331
2026-10-01 20:38:17,163 step=3470 train=2.73149 val=None lr=0.000294291
2026-10-01 20:38:19,851 step=3480 train=2.79562 val=None lr=0.000294251
2026-10-01 20:38:22,496 step=3490 train=2.82692 val=None lr=0.000294211
2026-10-01 20:38:25,785 step=3500 train=3.00539 val=2.834966766834259 lr=0.000294171
2026-10-01 20:38:31,297 step=3510 train=3.01790 val=None lr=0.000294131
2026-10-01 20:38:33,913 step=3520 train=2.74587 val=None lr=0.00029409
2026-10-01 20:38:36,367 step=3530 train=2.84094 val=None lr=0.00029405
2026-10-01 20:38:38,879 step=3540 train=2.71975 val=None lr=0.000294009
2026-10-01 20:38:41,477 step=3550 train=3.05009 val=None lr=0.000293968
2026-10-01 20:38:44,117 step=3560 train=3.04688 val=None lr=0.000293927
2026-10-01 20:38:46,555 step=3570 train=2.87972 val=None lr=0.000293886
2026-10-01 20:38:49,237 step=3580 train=3.08522 val=None lr=0.000293845
2026-10-01 20:38:51,790 step=3590 train=2.72743 val=None lr=0.000293803
2026-10-01 20:38:56,313 step=3600 train=2.93666 val=2.817578899860382 lr=0.000293762
2026-10-01 20:38:57,577 step=3610 train=2.65038 val=None lr=0.00029372
2026-10-01 20:38:59,871 step=3620 train=2.92339 val=None lr=0.000293678
2026-10-01 20:39:02,472 step=3630 train=2.89453 val=None lr=0.000293636
2026-10-01 20:39:05,327 step=3640 train=2.97767 val=None lr=0.000293594
2026-10-01 20:39:07,761 step=3650 train=2.69409 val=None lr=0.000293552
2026-10-01 20:39:10,345 step=3660 train=2.74041 val=None lr=0.00029351
2026-10-01 20:39:12,640 step=3670 train=2.75586 val=None lr=0.000293467
2026-10-01 20:39:14,971 step=3680 train=2.89302 val=None lr=0.000293425
2026-10-01 20:39:17,374 step=3690 train=2.69880 val=None lr=0.000293382
2026-10-01 20:39:21,737 step=3700 train=2.85999 val=2.792657196521759 lr=0.000293339
2026-10-01 20:39:24,118 step=3710 train=2.77814 val=None lr=0.000293296
2026-10-01 20:39:26,687 step=3720 train=2.93897 val=None lr=0.000293253
2026-10-01 20:39:27,819 step=3730 train=2.74931 val=None lr=0.00029321
2026-10-01 20:39:30,260 step=3740 train=3.16788 val=None lr=0.000293166
2026-10-01 20:39:32,572 step=3750 train=2.91512 val=None lr=0.000293123
2026-10-01 20:39:34,964 step=3760 train=2.64538 val=None lr=0.000293079
2026-10-01 20:39:37,412 step=3770 train=2.94188 val=None lr=0.000293035
2026-10-01 20:39:39,949 step=3780 train=2.63581 val=None lr=0.000292991
2026-10-01 20:39:42,754 step=3790 train=2.75184 val=None lr=0.000292947
2026-10-01 20:39:47,260 step=3800 train=2.99336 val=2.7733890056610107 lr=0.000292903
2026-10-01 20:39:49,584 step=3810 train=2.80044 val=None lr=0.000292858
2026-10-01 20:39:52,294 step=3820 train=2.91664 val=None lr=0.000292814
2026-10-01 20:39:54,979 step=3830 train=2.87112 val=None lr=0.000292769
2026-10-01 20:39:57,752 step=3840 train=2.73359 val=None lr=0.000292724
2026-10-01 20:39:59,382 step=3850 train=2.69587 val=None lr=0.000292679
2026-10-01 20:40:01,954 step=3860 train=3.00935 val=None lr=0.000292634
2026-10-01 20:40:04,455 step=3870 train=2.75253 val=None lr=0.000292589
2026-10-01 20:40:07,061 step=3880 train=2.90382 val=None lr=0.000292544
2026-10-01 20:40:09,638 step=3890 train=3.20421 val=None lr=0.000292498
2026-10-01 20:40:14,168 step=3900 train=3.10601 val=2.7598931193351746 lr=0.000292453
2026-10-01 20:40:16,752 step=3910 train=2.65688 val=None lr=0.000292407
2026-10-01 20:40:19,278 step=3920 train=2.95165 val=None lr=0.000292361
2026-10-01 20:40:21,933 step=3930 train=2.72595 val=None lr=0.000292315
2026-10-01 20:40:24,731 step=3940 train=2.76026 val=None lr=0.000292269
2026-10-01 20:40:27,180 step=3950 train=2.66541 val=None lr=0.000292223
2026-10-01 20:40:29,639 step=3960 train=2.74800 val=None lr=0.000292176
2026-10-01 20:40:30,889 step=3970 train=2.65062 val=None lr=0.00029213
2026-10-01 20:40:33,358 step=3980 train=3.10373 val=None lr=0.000292083
2026-10-01 20:40:36,051 step=3990 train=2.55619 val=None lr=0.000292036
2026-10-01 20:40:40,821 step=4000 train=2.69497 val=2.7281230211257936 lr=0.00029199
2026-10-01 20:40:46,405 step=4010 train=2.76169 val=None lr=0.000291942
2026-10-01 20:40:48,981 step=4020 train=2.83760 val=None lr=0.000291895
2026-10-01 20:40:51,393 step=4030 train=2.96667 val=None lr=0.000291848
2026-10-01 20:40:53,770 step=4040 train=3.00407 val=None lr=0.000291801
2026-10-01 20:40:56,318 step=4050 train=2.60947 val=None lr=0.000291753
2026-10-01 20:40:58,793 step=4060 train=3.03193 val=None lr=0.000291705
2026-10-01 20:41:01,234 step=4070 train=2.81431 val=None lr=0.000291657
2026-10-01 20:41:02,478 step=4080 train=2.81098 val=None lr=0.000291609
2026-10-01 20:41:05,178 step=4090 train=2.72442 val=None lr=0.000291561
2026-10-01 20:41:10,165 step=4100 train=2.91511 val=2.713703715801239 lr=0.000291513
2026-10-01 20:41:12,762 step=4110 train=2.96102 val=None lr=0.000291465
2026-10-01 20:41:15,504 step=4120 train=2.64110 val=None lr=0.000291416
2026-10-01 20:41:18,013 step=4130 train=2.75617 val=None lr=0.000291367
2026-10-01 20:41:20,780 step=4140 train=2.75588 val=None lr=0.000291319
2026-10-01 20:41:23,637 step=4150 train=2.76768 val=None lr=0.00029127
2026-10-01 20:41:26,517 step=4160 train=2.58413 val=None lr=0.000291221
2026-10-01 20:41:29,034 step=4170 train=2.82032 val=None lr=0.000291171
2026-10-01 20:41:31,455 step=4180 train=2.84807 val=None lr=0.000291122
2026-10-01 20:41:32,857 step=4190 train=2.52806 val=None lr=0.000291073
2026-10-01 20:41:38,340 step=4200 train=2.83267 val=2.690450942516327 lr=0.000291023
2026-10-01 20:41:40,839 step=4210 train=2.97451 val=None lr=0.000290973
2026-10-01 20:41:43,621 step=4220 train=2.72129 val=None lr=0.000290923
2026-10-01 20:41:46,219 step=4230 train=2.81384 val=None lr=0.000290873
2026-10-01 20:41:49,172 step=4240 train=2.70569 val=None lr=0.000290823
2026-10-01 20:41:51,765 step=4250 train=3.06852 val=None lr=0.000290773
2026-10-01 20:41:54,388 step=4260 train=2.77683 val=None lr=0.000290723
2026-10-01 20:41:57,363 step=4270 train=2.82379 val=None lr=0.000290672
2026-10-01 20:41:59,924 step=4280 train=2.78437 val=None lr=0.000290622
2026-10-01 20:42:02,793 step=4290 train=2.77764 val=None lr=0.000290571
2026-10-01 20:42:06,173 step=4300 train=2.74691 val=2.670450484752655 lr=0.00029052
2026-10-01 20:42:08,597 step=4310 train=2.78125 val=None lr=0.000290469
2026-10-01 20:42:11,116 step=4320 train=3.27016 val=None lr=0.000290418
2026-10-01 20:42:13,771 step=4330 train=2.77431 val=None lr=0.000290366
2026-10-01 20:42:16,311 step=4340 train=2.64908 val=None lr=0.000290315
2026-10-01 20:42:18,775 step=4350 train=2.76998 val=None lr=0.000290263
2026-10-01 20:42:21,526 step=4360 train=2.47907 val=None lr=0.000290212
2026-10-01 20:42:24,422 step=4370 train=2.75534 val=None lr=0.00029016
2026-10-01 20:42:26,926 step=4380 train=2.48810 val=None lr=0.000290108
2026-10-01 20:42:29,504 step=4390 train=2.94364 val=None lr=0.000290056
2026-10-01 20:42:34,254 step=4400 train=2.64629 val=2.6556416273117067 lr=0.000290003
2026-10-01 20:42:35,561 step=4410 train=2.52065 val=None lr=0.000289951
2026-10-01 20:42:38,135 step=4420 train=2.48040 val=None lr=0.000289899
2026-10-01 20:42:40,656 step=4430 train=2.92642 val=None lr=0.000289846
2026-10-01 20:42:43,381 step=4440 train=2.80593 val=None lr=0.000289793
2026-10-01 20:42:45,871 step=4450 train=2.82143 val=None lr=0.00028974
2026-10-01 20:42:48,304 step=4460 train=2.53507 val=None lr=0.000289687
2026-10-01 20:42:50,892 step=4470 train=2.83570 val=None lr=0.000289634
2026-10-01 20:42:53,588 step=4480 train=2.75030 val=None lr=0.000289581
2026-10-01 20:42:56,185 step=4490 train=2.82971 val=None lr=0.000289527
2026-10-01 20:43:00,728 step=4500 train=2.53915 val=2.638736069202423 lr=0.000289474
2026-10-01 20:43:07,387 step=4510 train=2.72176 val=None lr=0.00028942
2026-10-01 20:43:09,858 step=4520 train=2.63904 val=None lr=0.000289366
2026-10-01 20:43:12,517 step=4530 train=2.72166 val=None lr=0.000289312
2026-10-01 20:43:15,346 step=4540 train=2.64532 val=None lr=0.000289258
2026-10-01 20:43:18,267 step=4550 train=2.38710 val=None lr=0.000289204
2026-10-01 20:43:20,728 step=4560 train=2.77106 val=None lr=0.00028915
2026-10-01 20:43:23,210 step=4570 train=2.70461 val=None lr=0.000289095
2026-10-01 20:43:26,164 step=4580 train=2.53107 val=None lr=0.000289041
2026-10-01 20:43:28,859 step=4590 train=2.72090 val=None lr=0.000288986
2026-10-01 20:43:33,341 step=4600 train=2.68575 val=2.6206694722175596 lr=0.000288931
2026-10-01 20:43:36,120 step=4610 train=2.95837 val=None lr=0.000288876
2026-10-01 20:43:37,544 step=4620 train=2.72976 val=None lr=0.000288821
2026-10-01 20:43:40,164 step=4630 train=2.99248 val=None lr=0.000288766
2026-10-01 20:43:42,844 step=4640 train=2.84964 val=None lr=0.000288711
2026-10-01 20:43:45,410 step=4650 train=2.67900 val=None lr=0.000288655
2026-10-01 20:43:48,004 step=4660 train=2.58027 val=None lr=0.000288599
2026-10-01 20:43:50,605 step=4670 train=2.67086 val=None lr=0.000288544
2026-10-01 20:43:53,337 step=4680 train=2.75803 val=None lr=0.000288488
2026-10-01 20:43:55,821 step=4690 train=2.49698 val=None lr=0.000288432
2026-10-01 20:44:00,739 step=4700 train=2.82436 val=2.6079445004463198 lr=0.000288376
2026-10-01 20:44:03,494 step=4710 train=2.67710 val=None lr=0.000288319
2026-10-01 20:44:05,981 step=4720 train=2.62636 val=None lr=0.000288263
2026-10-01 20:44:09,021 step=4730 train=2.53822 val=None lr=0.000288206
2026-10-01 20:44:10,330 step=4740 train=2.92258 val=None lr=0.00028815
2026-10-01 20:44:12,826 step=4750 train=2.82436 val=None lr=0.000288093
2026-10-01 20:44:15,336 step=4760 train=2.56705 val=None lr=0.000288036
2026-10-01 20:44:17,925 step=4770 train=2.52668 val=None lr=0.000287979
2026-10-01 20:44:20,483 step=4780 train=2.90856 val=None lr=0.000287922
2026-10-01 20:44:23,252 step=4790 train=2.63135 val=None lr=0.000287864
2026-10-01 20:44:27,772 step=4800 train=2.99301 val=2.6018532156944274 lr=0.000287807
2026-10-01 20:44:30,280 step=4810 train=2.60329 val=None lr=0.000287749
2026-10-01 20:44:32,822 step=4820 train=2.74068 val=None lr=0.000287692
2026-10-01 20:44:35,476 step=4830 train=2.63787 val=None lr=0.000287634
2026-10-01 20:44:37,982 step=4840 train=2.58058 val=None lr=0.000287576
2026-10-01 20:44:40,718 step=4850 train=2.77864 val=None lr=0.000287518
2026-10-01 20:44:41,911 step=4860 train=2.46548 val=None lr=0.000287459
2026-10-01 20:44:44,363 step=4870 train=2.49168 val=None lr=0.000287401
2026-10-01 20:44:47,056 step=4880 train=2.58957 val=None lr=0.000287343
2026-10-01 20:44:49,536 step=4890 train=2.50187 val=None lr=0.000287284
2026-10-01 20:44:54,257 step=4900 train=2.54722 val=2.578608441352844 lr=0.000287225
2026-10-01 20:44:56,876 step=4910 train=2.69398 val=None lr=0.000287166
2026-10-01 20:44:59,313 step=4920 train=2.60087 val=None lr=0.000287107
2026-10-01 20:45:01,722 step=4930 train=2.80647 val=None lr=0.000287048
2026-10-01 20:45:04,454 step=4940 train=2.77776 val=None lr=0.000286989
2026-10-01 20:45:07,099 step=4950 train=2.52589 val=None lr=0.00028693
2026-10-01 20:45:09,567 step=4960 train=2.24710 val=None lr=0.00028687
2026-10-01 20:45:12,003 step=4970 train=2.60269 val=None lr=0.00028681
2026-10-01 20:45:13,475 step=4980 train=2.39840 val=None lr=0.000286751
2026-10-01 20:45:16,071 step=4990 train=2.84110 val=None lr=0.000286691
2026-10-01 20:45:20,602 step=5000 train=2.85895 val=2.568792223930359 lr=0.000286631
2026-10-01 20:45:25,423 step=5010 train=2.60536 val=None lr=0.000286571
2026-10-01 20:45:28,263 step=5020 train=2.74399 val=None lr=0.00028651
2026-10-01 20:45:31,260 step=5030 train=2.74067 val=None lr=0.00028645
2026-10-01 20:45:33,831 step=5040 train=2.58944 val=None lr=0.000286389
2026-10-01 20:45:36,526 step=5050 train=2.65450 val=None lr=0.000286329
2026-10-01 20:45:39,270 step=5060 train=2.92491 val=None lr=0.000286268
2026-10-01 20:45:41,948 step=5070 train=2.62545 val=None lr=0.000286207
2026-10-01 20:45:43,266 step=5080 train=3.02031 val=None lr=0.000286146
2026-10-01 20:45:45,879 step=5090 train=2.53907 val=None lr=0.000286085
2026-10-01 20:45:50,606 step=5100 train=2.79933 val=2.5527541756629946 lr=0.000286024
2026-10-01 20:45:53,345 step=5110 train=2.73628 val=None lr=0.000285962
2026-10-01 20:45:55,950 step=5120 train=2.71404 val=None lr=0.000285901
2026-10-01 20:45:58,526 step=5130 train=2.43133 val=None lr=0.000285839
2026-10-01 20:46:01,307 step=5140 train=2.57460 val=None lr=0.000285777
2026-10-01 20:46:03,896 step=5150 train=2.72330 val=None lr=0.000285715
2026-10-01 20:46:06,793 step=5160 train=2.75862 val=None lr=0.000285653
2026-10-01 20:46:09,616 step=5170 train=2.44757 val=None lr=0.000285591
2026-10-01 20:46:12,098 step=5180 train=2.70604 val=None lr=0.000285529
2026-10-01 20:46:14,635 step=5190 train=2.39025 val=None lr=0.000285466
2026-10-01 20:46:18,139 step=5200 train=2.88614 val=2.538055944442749 lr=0.000285404
2026-10-01 20:46:20,914 step=5210 train=2.39181 val=None lr=0.000285341
2026-10-01 20:46:23,705 step=5220 train=2.80404 val=None lr=0.000285278
2026-10-01 20:46:26,184 step=5230 train=2.58617 val=None lr=0.000285215
2026-10-01 20:46:28,841 step=5240 train=2.66572 val=None lr=0.000285152
2026-10-01 20:46:31,258 step=5250 train=2.51668 val=None lr=0.000285089
2026-10-01 20:46:33,778 step=5260 train=2.51448 val=None lr=0.000285025
2026-10-01 20:46:36,293 step=5270 train=2.69296 val=None lr=0.000284962
2026-10-01 20:46:38,752 step=5280 train=2.89653 val=None lr=0.000284898
2026-10-01 20:46:41,531 step=5290 train=2.61552 val=None lr=0.000284835
2026-10-01 20:46:44,923 step=5300 train=2.79221 val=2.52733553647995 lr=0.000284771
2026-10-01 20:46:47,414 step=5310 train=2.51196 val=None lr=0.000284707
2026-10-01 20:46:49,804 step=5320 train=2.70023 val=None lr=0.000284643
2026-10-01 20:46:52,341 step=5330 train=2.61708 val=None lr=0.000284579
2026-10-01 20:46:54,875 step=5340 train=2.51708 val=None lr=0.000284514
2026-10-01 20:46:57,248 step=5350 train=2.43537 val=None lr=0.00028445
2026-10-01 20:46:59,676 step=5360 train=2.78684 val=None lr=0.000284385
2026-10-01 20:47:02,326 step=5370 train=2.62467 val=None lr=0.000284321
2026-10-01 20:47:04,810 step=5380 train=2.46688 val=None lr=0.000284256
2026-10-01 20:47:07,287 step=5390 train=2.57910 val=None lr=0.000284191
2026-10-01 20:47:11,793 step=5400 train=2.61538 val=2.5217134833335875 lr=0.000284126
2026-10-01 20:47:14,391 step=5410 train=2.66223 val=None lr=0.00028406
2026-10-01 20:47:17,120 step=5420 train=2.39703 val=None lr=0.000283995
2026-10-01 20:47:18,367 step=5430 train=2.75048 val=None lr=0.00028393
2026-10-01 20:47:20,951 step=5440 train=2.60147 val=None lr=0.000283864
2026-10-01 20:47:23,488 step=5450 train=2.55110 val=None lr=0.000283798
2026-10-01 20:47:25,842 step=5460 train=2.79295 val=None lr=0.000283732
2026-10-01 20:47:28,395 step=5470 train=2.48795 val=None lr=0.000283666
2026-10-01 20:47:31,193 step=5480 train=2.54847 val=None lr=0.0002836
2026-10-01 20:47:33,731 step=5490 train=2.54767 val=None lr=0.000283534
2026-10-01 20:47:38,234 step=5500 train=2.63579 val=2.511324667930603 lr=0.000283468
2026-10-01 20:47:43,607 step=5510 train=2.31440 val=None lr=0.000283401
2026-10-01 20:47:46,245 step=5520 train=2.55169 val=None lr=0.000283335
2026-10-01 20:47:47,347 step=5530 train=2.42637 val=None lr=0.000283268
2026-10-01 20:47:49,913 step=5540 train=2.32853 val=None lr=0.000283201
2026-10-01 20:47:52,851 step=5550 train=2.89525 val=None lr=0.000283134
2026-10-01 20:47:55,265 step=5560 train=2.63535 val=None lr=0.000283067
2026-10-01 20:47:57,879 step=5570 train=2.62487 val=None lr=0.000283
2026-10-01 20:48:00,284 step=5580 train=2.60579 val=None lr=0.000282933
2026-10-01 20:48:02,871 step=5590 train=2.51683 val=None lr=0.000282865
2026-10-01 20:48:07,852 step=5600 train=2.84300 val=2.4978722453117372 lr=0.000282798
2026-10-01 20:48:10,332 step=5610 train=2.51858 val=None lr=0.00028273
2026-10-01 20:48:12,683 step=5620 train=2.37679 val=None lr=0.000282662
2026-10-01 20:48:15,148 step=5630 train=2.38584 val=None lr=0.000282594
2026-10-01 20:48:17,738 step=5640 train=2.52427 val=None lr=0.000282526
2026-10-01 20:48:18,942 step=5650 train=2.74133 val=None lr=0.000282458
2026-10-01 20:48:21,476 step=5660 train=2.62992 val=None lr=0.000282389
2026-10-01 20:48:24,097 step=5670 train=2.52370 val=None lr=0.000282321
2026-10-01 20:48:26,604 step=5680 train=2.71096 val=None lr=0.000282252
2026-10-01 20:48:29,064 step=5690 train=2.45990 val=None lr=0.000282184
2026-10-01 20:48:33,692 step=5700 train=2.69858 val=2.4813053488731383 lr=0.000282115
2026-10-01 20:48:36,482 step=5710 train=2.64909 val=None lr=0.000282046
2026-10-01 20:48:38,835 step=5720 train=2.68004 val=None lr=0.000281977
2026-10-01 20:48:41,573 step=5730 train=2.64481 val=None lr=0.000281908
2026-10-01 20:48:44,047 step=5740 train=2.49362 val=None lr=0.000281838
2026-10-01 20:48:46,401 step=5750 train=2.32982 val=None lr=0.000281769
2026-10-01 20:48:48,881 step=5760 train=2.60121 val=None lr=0.000281699
2026-10-01 20:48:50,033 step=5770 train=2.58853 val=None lr=0.00028163
2026-10-01 20:48:52,631 step=5780 train=2.68455 val=None lr=0.00028156
2026-10-01 20:48:55,028 step=5790 train=2.79413 val=None lr=0.00028149
2026-10-01 20:48:59,461 step=5800 train=2.74966 val=2.4789890885353087 lr=0.00028142
2026-10-01 20:49:01,977 step=5810 train=2.48611 val=None lr=0.00028135
2026-10-01 20:49:04,347 step=5820 train=2.61609 val=None lr=0.000281279
2026-10-01 20:49:06,768 step=5830 train=2.68714 val=None lr=0.000281209
2026-10-01 20:49:09,189 step=5840 train=2.51682 val=None lr=0.000281138
2026-10-01 20:49:11,589 step=5850 train=2.36661 val=None lr=0.000281068
2026-10-01 20:49:14,226 step=5860 train=2.53985 val=None lr=0.000280997
2026-10-01 20:49:16,611 step=5870 train=2.28836 val=None lr=0.000280926
2026-10-01 20:49:18,953 step=5880 train=2.25326 val=None lr=0.000280855
2026-10-01 20:49:21,288 step=5890 train=2.46617 val=None lr=0.000280784
2026-10-01 20:49:24,476 step=5900 train=2.35935 val=2.4636656522750853 lr=0.000280713
2026-10-01 20:49:27,069 step=5910 train=2.54373 val=None lr=0.000280641
2026-10-01 20:49:29,543 step=5920 train=2.82756 val=None lr=0.00028057
2026-10-01 20:49:31,943 step=5930 train=2.44673 val=None lr=0.000280498
2026-10-01 20:49:34,333 step=5940 train=2.28031 val=None lr=0.000280426
2026-10-01 20:49:36,664 step=5950 train=2.49859 val=None lr=0.000280354
2026-10-01 20:49:39,106 step=5960 train=2.46031 val=None lr=0.000280282
2026-10-01 20:49:41,649 step=5970 train=2.49200 val=None lr=0.00028021
2026-10-01 20:49:43,981 step=5980 train=2.46951 val=None lr=0.000280138
2026-10-01 20:49:46,281 step=5990 train=2.67186 val=None lr=0.000280066
2026-10-01 20:49:50,815 step=6000 train=2.31984 val=2.448685908317566 lr=0.000279993
2026-10-01 20:49:54,455 step=6010 train=2.51254 val=None lr=0.000279921
2026-10-01 20:49:57,130 step=6020 train=2.43345 val=None lr=0.000279848
2026-10-01 20:49:59,639 step=6030 train=2.61326 val=None lr=0.000279775
2026-10-01 20:50:02,068 step=6040 train=2.79715 val=None lr=0.000279702
2026-10-01 20:50:04,443 step=6050 train=2.58705 val=None lr=0.000279629
2026-10-01 20:50:07,227 step=6060 train=2.43834 val=None lr=0.000279556
2026-10-01 20:50:09,757 step=6070 train=2.48995 val=None lr=0.000279482
2026-10-01 20:50:12,135 step=6080 train=2.59508 val=None lr=0.000279409
2026-10-01 20:50:14,475 step=6090 train=2.59398 val=None lr=0.000279335
2026-10-01 20:50:19,005 step=6100 train=2.71672 val=2.448409843444824 lr=0.000279262
2026-10-01 20:50:21,524 step=6110 train=2.67256 val=None lr=0.000279188
2026-10-01 20:50:23,975 step=6120 train=2.42684 val=None lr=0.000279114
2026-10-01 20:50:25,379 step=6130 train=2.25793 val=None lr=0.00027904
2026-10-01 20:50:27,948 step=6140 train=2.45139 val=None lr=0.000278966
2026-10-01 20:50:30,635 step=6150 train=2.45247 val=None lr=0.000278891
2026-10-01 20:50:33,271 step=6160 train=2.59409 val=None lr=0.000278817
2026-10-01 20:50:35,740 step=6170 train=2.54491 val=None lr=0.000278742
2026-10-01 20:50:38,311 step=6180 train=2.38473 val=None lr=0.000278668
2026-10-01 20:50:40,858 step=6190 train=2.65907 val=None lr=0.000278593
2026-10-01 20:50:45,469 step=6200 train=2.66269 val=2.4371503710746767 lr=0.000278518
2026-10-01 20:50:48,221 step=6210 train=2.60983 val=None lr=0.000278443
2026-10-01 20:50:50,725 step=6220 train=2.41395 val=None lr=0.000278368
2026-10-01 20:50:53,131 step=6230 train=2.66082 val=None lr=0.000278293
2026-10-01 20:50:54,433 step=6240 train=2.23803 val=None lr=0.000278217
2026-10-01 20:50:57,029 step=6250 train=2.36002 val=None lr=0.000278142
2026-10-01 20:50:59,415 step=6260 train=2.17651 val=None lr=0.000278066
2026-10-01 20:51:01,714 step=6270 train=2.54682 val=None lr=0.000277991
2026-10-01 20:51:04,140 step=6280 train=2.58876 val=None lr=0.000277915
2026-10-01 20:51:06,738 step=6290 train=2.47869 val=None lr=0.000277839
2026-10-01 20:51:11,126 step=6300 train=2.75490 val=2.4268189430236817 lr=0.000277763
2026-10-01 20:51:13,546 step=6310 train=2.32574 val=None lr=0.000277686
2026-10-01 20:51:16,118 step=6320 train=2.93295 val=None lr=0.00027761
2026-10-01 20:51:18,634 step=6330 train=2.51911 val=None lr=0.000277534
2026-10-01 20:51:21,049 step=6340 train=2.48709 val=None lr=0.000277457
2026-10-01 20:51:23,563 step=6350 train=2.36043 val=None lr=0.00027738
2026-10-01 20:51:25,969 step=6360 train=2.33295 val=None lr=0.000277304
2026-10-01 20:51:27,000 step=6370 train=2.67228 val=None lr=0.000277227
2026-10-01 20:51:29,411 step=6380 train=2.30493 val=None lr=0.00027715
2026-10-01 20:51:31,930 step=6390 train=2.38756 val=None lr=0.000277073
2026-10-01 20:51:36,404 step=6400 train=2.59666 val=2.418419086933136 lr=0.000276995
2026-10-01 20:51:38,822 step=6410 train=2.29226 val=None lr=0.000276918
2026-10-01 20:51:41,506 step=6420 train=2.46130 val=None lr=0.00027684
2026-10-01 20:51:44,047 step=6430 train=2.43866 val=None lr=0.000276763
2026-10-01 20:51:46,628 step=6440 train=2.71217 val=None lr=0.000276685
2026-10-01 20:51:49,167 step=6450 train=2.81520 val=None lr=0.000276607
2026-10-01 20:51:51,529 step=6460 train=2.38320 val=None lr=0.000276529
2026-10-01 20:51:53,946 step=6470 train=2.49732 val=None lr=0.000276451
2026-10-01 20:51:56,266 step=6480 train=2.54811 val=None lr=0.000276373
2026-10-01 20:51:57,335 step=6490 train=2.29479 val=None lr=0.000276295
2026-10-01 20:52:01,677 step=6500 train=2.53716 val=2.408441197872162 lr=0.000276216
2026-10-01 20:52:06,099 step=6510 train=2.47384 val=None lr=0.000276138
2026-10-01 20:52:08,804 step=6520 train=2.14867 val=None lr=0.000276059
2026-10-01 20:52:11,421 step=6530 train=2.26072 val=None lr=0.00027598
2026-10-01 20:52:13,744 step=6540 train=2.52659 val=None lr=0.000275901
2026-10-01 20:52:16,115 step=6550 train=2.45182 val=None lr=0.000275822
2026-10-01 20:52:18,657 step=6560 train=2.44257 val=None lr=0.000275743
2026-10-01 20:52:21,330 step=6570 train=2.60476 val=None lr=0.000275664
2026-10-01 20:52:24,139 step=6580 train=2.32572 val=None lr=0.000275584
2026-10-01 20:52:26,853 step=6590 train=2.35815 val=None lr=0.000275505
2026-10-01 20:52:30,087 step=6600 train=2.64283 val=2.3951792240142824 lr=0.000275425
2026-10-01 20:52:32,468 step=6610 train=2.25042 val=None lr=0.000275346
2026-10-01 20:52:34,782 step=6620 train=2.42551 val=None lr=0.000275266
2026-10-01 20:52:37,143 step=6630 train=2.68126 val=None lr=0.000275186
2026-10-01 20:52:39,569 step=6640 train=2.31184 val=None lr=0.000275106
2026-10-01 20:52:42,099 step=6650 train=2.40015 val=None lr=0.000275026
2026-10-01 20:52:44,488 step=6660 train=2.58323 val=None lr=0.000274945
2026-10-01 20:52:47,150 step=6670 train=2.43855 val=None lr=0.000274865
2026-10-01 20:52:49,711 step=6680 train=2.51592 val=None lr=0.000274784
2026-10-01 20:52:52,836 step=6690 train=2.47631 val=None lr=0.000274704
2026-10-01 20:52:57,461 step=6700 train=2.27964 val=2.387607717514038 lr=0.000274623
2026-10-01 20:52:59,990 step=6710 train=2.33060 val=None lr=0.000274542
2026-10-01 20:53:01,188 step=6720 train=2.14367 val=None lr=0.000274461
2026-10-01 20:53:03,886 step=6730 train=2.52384 val=None lr=0.00027438
2026-10-01 20:53:06,585 step=6740 train=2.60504 val=None lr=0.000274299
2026-10-01 20:53:09,163 step=6750 train=2.55097 val=None lr=0.000274217
2026-10-01 20:53:11,953 step=6760 train=2.54356 val=None lr=0.000274136
2026-10-01 20:53:14,431 step=6770 train=2.59490 val=None lr=0.000274054
2026-10-01 20:53:16,907 step=6780 train=2.67012 val=None lr=0.000273973
2026-10-01 20:53:19,482 step=6790 train=2.31126 val=None lr=0.000273891
2026-10-01 20:53:23,956 step=6800 train=2.47279 val=2.3797435998916625 lr=0.000273809
2026-10-01 20:53:27,011 step=6810 train=2.56584 val=None lr=0.000273727
2026-10-01 20:53:29,680 step=6820 train=2.47005 val=None lr=0.000273645
2026-10-01 20:53:30,807 step=6830 train=2.43044 val=None lr=0.000273562
2026-10-01 20:53:33,382 step=6840 train=2.66235 val=None lr=0.00027348
2026-10-01 20:53:35,830 step=6850 train=2.50276 val=None lr=0.000273398
2026-10-01 20:53:38,323 step=6860 train=2.57277 val=None lr=0.000273315
2026-10-01 20:53:41,012 step=6870 train=2.13759 val=None lr=0.000273232
2026-10-01 20:53:43,488 step=6880 train=2.66502 val=None lr=0.000273149
2026-10-01 20:53:46,008 step=6890 train=2.11277 val=None lr=0.000273066
2026-10-01 20:53:50,640 step=6900 train=2.25030 val=2.3694097638130187 lr=0.000272983
2026-10-01 20:53:53,450 step=6910 train=2.42072 val=None lr=0.0002729
2026-10-01 20:53:56,075 step=6920 train=2.18006 val=None lr=0.000272817
2026-10-01 20:53:58,603 step=6930 train=2.49064 val=None lr=0.000272734
2026-10-01 20:54:01,070 step=6940 train=2.35752 val=None lr=0.00027265
2026-10-01 20:54:02,404 step=6950 train=2.68721 val=None lr=0.000272566
2026-10-01 20:54:05,022 step=6960 train=2.43064 val=None lr=0.000272483
2026-10-01 20:54:07,659 step=6970 train=2.55696 val=None lr=0.000272399
2026-10-01 20:54:10,163 step=6980 train=2.69083 val=None lr=0.000272315
2026-10-01 20:54:12,791 step=6990 train=2.39515 val=None lr=0.000272231
2026-10-01 20:54:17,406 step=7000 train=2.48953 val=2.3632620692253115 lr=0.000272147
2026-10-01 20:54:22,035 step=7010 train=2.25123 val=None lr=0.000272062
2026-10-01 20:54:24,613 step=7020 train=2.41096 val=None lr=0.000271978
2026-10-01 20:54:26,897 step=7030 train=2.24089 val=None lr=0.000271893
2026-10-01 20:54:29,678 step=7040 train=2.24747 val=None lr=0.000271809
2026-10-01 20:54:32,009 step=7050 train=2.40674 val=None lr=0.000271724
2026-10-01 20:54:33,080 step=7060 train=2.51228 val=None lr=0.000271639
2026-10-01 20:54:35,651 step=7070 train=2.34630 val=None lr=0.000271554
2026-10-01 20:54:38,110 step=7080 train=2.33746 val=None lr=0.000271469
2026-10-01 20:54:40,493 step=7090 train=2.44319 val=None lr=0.000271384
2026-10-01 20:54:45,023 step=7100 train=2.45903 val=2.3525054097175597 lr=0.000271299
2026-10-01 20:54:48,093 step=7110 train=2.53108 val=None lr=0.000271213
2026-10-01 20:54:51,030 step=7120 train=2.56865 val=None lr=0.000271128
2026-10-01 20:54:53,834 step=7130 train=2.39401 val=None lr=0.000271042
2026-10-01 20:54:56,371 step=7140 train=2.40079 val=None lr=0.000270956
2026-10-01 20:54:59,228 step=7150 train=2.40262 val=None lr=0.00027087
2026-10-01 20:55:02,150 step=7160 train=2.17097 val=None lr=0.000270784
2026-10-01 20:55:04,977 step=7170 train=2.33914 val=None lr=0.000270698
2026-10-01 20:55:06,299 step=7180 train=2.24973 val=None lr=0.000270612
2026-10-01 20:55:08,847 step=7190 train=2.32107 val=None lr=0.000270526
2026-10-01 20:55:13,525 step=7200 train=2.47485 val=2.3451975345611573 lr=0.000270439
2026-10-01 20:55:15,940 step=7210 train=2.49912 val=None lr=0.000270353
2026-10-01 20:55:18,546 step=7220 train=2.18658 val=None lr=0.000270266
2026-10-01 20:55:21,266 step=7230 train=2.41487 val=None lr=0.000270179
2026-10-01 20:55:23,709 step=7240 train=2.50079 val=None lr=0.000270092
2026-10-01 20:55:26,274 step=7250 train=2.40974 val=None lr=0.000270005
2026-10-01 20:55:28,887 step=7260 train=2.11963 val=None lr=0.000269918
2026-10-01 20:55:31,386 step=7270 train=2.16414 val=None lr=0.000269831
2026-10-01 20:55:33,972 step=7280 train=2.22418 val=None lr=0.000269744
2026-10-01 21:17:15,146 64m_64mtoken: parameters=66061440, target steps=31250, processed tokens=64000000, resume step=7000
2026-10-01 21:17:19,475 step=7010 train=2.25123 val=None lr=0.000272062
2026-10-01 21:17:21,825 step=7020 train=2.41096 val=None lr=0.000271978
2026-10-01 21:17:24,085 step=7030 train=2.24089 val=None lr=0.000271893
2026-10-01 21:17:26,711 step=7040 train=2.24747 val=None lr=0.000271809
2026-10-01 21:17:29,230 step=7050 train=2.40674 val=None lr=0.000271724
2026-10-01 21:17:31,762 step=7060 train=2.51228 val=None lr=0.000271639
2026-10-01 21:17:34,180 step=7070 train=2.34630 val=None lr=0.000271554
2026-10-01 21:17:36,709 step=7080 train=2.33746 val=None lr=0.000271469
2026-10-01 21:17:39,131 step=7090 train=2.44319 val=None lr=0.000271384
2026-10-01 21:17:43,210 step=7100 train=2.45903 val=2.3525054097175597 lr=0.000271299
2026-10-01 21:17:45,668 step=7110 train=2.53108 val=None lr=0.000271213
2026-10-01 21:17:48,393 step=7120 train=2.56865 val=None lr=0.000271128
2026-10-01 21:17:50,777 step=7130 train=2.39401 val=None lr=0.000271042
2026-10-01 21:17:53,565 step=7140 train=2.40079 val=None lr=0.000270956
2026-10-01 21:17:56,017 step=7150 train=2.40262 val=None lr=0.00027087
2026-10-01 21:17:58,475 step=7160 train=2.17097 val=None lr=0.000270784
2026-10-01 21:18:00,970 step=7170 train=2.33914 val=None lr=0.000270698
2026-10-01 21:18:03,528 step=7180 train=2.24973 val=None lr=0.000270612
2026-10-01 21:18:06,050 step=7190 train=2.32107 val=None lr=0.000270526
2026-10-01 21:18:10,577 step=7200 train=2.47485 val=2.3451975345611573 lr=0.000270439
2026-10-01 21:18:13,175 step=7210 train=2.49912 val=None lr=0.000270353
2026-10-01 21:18:15,130 step=7220 train=2.18658 val=None lr=0.000270266
2026-10-01 21:18:17,871 step=7230 train=2.41487 val=None lr=0.000270179
2026-10-01 21:18:20,304 step=7240 train=2.50079 val=None lr=0.000270092
2026-10-01 21:18:22,875 step=7250 train=2.40974 val=None lr=0.000270005
2026-10-01 21:18:25,360 step=7260 train=2.11963 val=None lr=0.000269918
2026-10-01 21:18:27,902 step=7270 train=2.16414 val=None lr=0.000269831
2026-10-01 21:18:30,630 step=7280 train=2.22418 val=None lr=0.000269744
2026-10-01 21:18:33,130 step=7290 train=2.34186 val=None lr=0.000269656
2026-10-01 21:18:37,911 step=7300 train=2.43052 val=2.3391273975372315 lr=0.000269569
2026-10-01 21:18:40,261 step=7310 train=2.52725 val=None lr=0.000269481
2026-10-01 21:18:42,771 step=7320 train=2.41322 val=None lr=0.000269393
2026-10-01 21:18:45,080 step=7330 train=2.50637 val=None lr=0.000269306
2026-10-01 21:18:46,903 step=7340 train=2.25707 val=None lr=0.000269218
2026-10-01 21:18:49,273 step=7350 train=2.38004 val=None lr=0.00026913
2026-10-01 21:18:51,570 step=7360 train=2.28849 val=None lr=0.000269041
2026-10-01 21:18:54,151 step=7370 train=2.43724 val=None lr=0.000268953
2026-10-01 21:18:56,800 step=7380 train=2.48643 val=None lr=0.000268865
2026-10-01 21:18:59,114 step=7390 train=2.46112 val=None lr=0.000268776
2026-10-01 21:19:03,805 step=7400 train=2.38879 val=2.3308579444885256 lr=0.000268687
2026-10-01 21:19:06,292 step=7410 train=2.61197 val=None lr=0.000268599
2026-10-01 21:19:08,578 step=7420 train=2.31200 val=None lr=0.00026851
2026-10-01 21:19:10,994 step=7430 train=2.39375 val=None lr=0.000268421
2026-10-01 21:19:13,461 step=7440 train=2.35020 val=None lr=0.000268332
2026-10-01 21:19:15,788 step=7450 train=2.26914 val=None lr=0.000268243
2026-10-01 21:19:17,503 step=7460 train=2.43949 val=None lr=0.000268153
2026-10-01 21:19:19,739 step=7470 train=2.18702 val=None lr=0.000268064
2026-10-01 21:19:22,163 step=7480 train=2.31767 val=None lr=0.000267975
2026-10-01 21:19:24,556 step=7490 train=2.50085 val=None lr=0.000267885
2026-10-01 21:19:28,965 step=7500 train=2.11849 val=2.3246517896652223 lr=0.000267795
2026-10-01 21:19:33,331 step=7510 train=2.40879 val=None lr=0.000267705
2026-10-01 21:19:35,673 step=7520 train=2.36035 val=None lr=0.000267615
2026-10-01 21:19:37,960 step=7530 train=2.26318 val=None lr=0.000267525
2026-10-01 21:19:40,404 step=7540 train=2.16482 val=None lr=0.000267435
2026-10-01 21:19:43,013 step=7550 train=2.29879 val=None lr=0.000267345
2026-10-01 21:19:45,460 step=7560 train=2.34916 val=None lr=0.000267255
2026-10-01 21:19:48,086 step=7570 train=2.32928 val=None lr=0.000267164
2026-10-01 21:19:49,910 step=7580 train=2.41005 val=None lr=0.000267074
2026-10-01 21:19:52,332 step=7590 train=2.38849 val=None lr=0.000266983
2026-10-01 21:19:56,989 step=7600 train=2.31123 val=2.319826376438141 lr=0.000266892
2026-10-01 21:19:59,367 step=7610 train=2.42387 val=None lr=0.000266801
2026-10-01 21:20:01,995 step=7620 train=2.36247 val=None lr=0.00026671
2026-10-01 21:20:04,625 step=7630 train=2.64195 val=None lr=0.000266619
2026-10-01 21:20:07,066 step=7640 train=2.30810 val=None lr=0.000266528
2026-10-01 21:20:09,578 step=7650 train=2.88460 val=None lr=0.000266437
2026-10-01 21:20:11,942 step=7660 train=2.21175 val=None lr=0.000266345
2026-10-01 21:20:14,196 step=7670 train=2.14764 val=None lr=0.000266254
2026-10-01 21:20:16,809 step=7680 train=2.22483 val=None lr=0.000266162
2026-10-01 21:20:19,320 step=7690 train=2.49726 val=None lr=0.00026607
2026-10-01 21:20:23,217 step=7700 train=2.55137 val=2.3118004202842712 lr=0.000265978
2026-10-01 21:20:25,766 step=7710 train=2.72487 val=None lr=0.000265886
2026-10-01 21:20:28,382 step=7720 train=2.60457 val=None lr=0.000265794
2026-10-01 21:20:30,862 step=7730 train=2.25250 val=None lr=0.000265702
2026-10-01 21:20:33,222 step=7740 train=2.47348 val=None lr=0.00026561
2026-10-01 21:20:35,858 step=7750 train=2.49167 val=None lr=0.000265517
2026-10-01 21:20:38,451 step=7760 train=2.54878 val=None lr=0.000265425
2026-10-01 21:20:41,005 step=7770 train=2.29413 val=None lr=0.000265332
2026-10-01 21:20:43,386 step=7780 train=2.32781 val=None lr=0.00026524
2026-10-01 21:20:45,856 step=7790 train=2.34988 val=None lr=0.000265147
2026-10-01 21:20:50,241 step=7800 train=2.43055 val=2.2995869398117064 lr=0.000265054
2026-10-01 21:20:52,784 step=7810 train=2.41473 val=None lr=0.000264961
2026-10-01 21:20:54,654 step=7820 train=2.39559 val=None lr=0.000264868
2026-10-01 21:20:57,123 step=7830 train=2.37908 val=None lr=0.000264774
2026-10-01 21:20:59,626 step=7840 train=2.12202 val=None lr=0.000264681
2026-10-01 21:21:02,185 step=7850 train=2.51794 val=None lr=0.000264588
2026-10-01 21:21:04,723 step=7860 train=2.37482 val=None lr=0.000264494
2026-10-01 21:21:07,353 step=7870 train=2.31897 val=None lr=0.0002644
2026-10-01 21:21:09,839 step=7880 train=2.70794 val=None lr=0.000264307
2026-10-01 21:21:12,391 step=7890 train=2.35094 val=None lr=0.000264213
2026-10-01 21:21:17,240 step=7900 train=2.58725 val=2.293886685371399 lr=0.000264119
2026-10-01 21:21:19,719 step=7910 train=2.32038 val=None lr=0.000264025
2026-10-01 21:21:22,101 step=7920 train=2.13762 val=None lr=0.000263931
2026-10-01 21:21:24,557 step=7930 train=2.60148 val=None lr=0.000263836
2026-10-01 21:21:26,581 step=7940 train=2.46754 val=None lr=0.000263742
2026-10-01 21:21:28,891 step=7950 train=2.52502 val=None lr=0.000263647
2026-10-01 21:21:31,383 step=7960 train=2.20814 val=None lr=0.000263553
2026-10-01 21:21:33,790 step=7970 train=2.13137 val=None lr=0.000263458
2026-10-01 21:21:36,434 step=7980 train=2.11777 val=None lr=0.000263363
2026-10-01 21:21:38,916 step=7990 train=2.43026 val=None lr=0.000263268
2026-10-01 21:21:43,538 step=8000 train=2.45672 val=2.2883232712745665 lr=0.000263173
2026-10-01 21:21:49,329 step=8010 train=2.57394 val=None lr=0.000263078
2026-10-01 21:21:51,745 step=8020 train=2.19673 val=None lr=0.000262983
2026-10-01 21:21:54,274 step=8030 train=2.11246 val=None lr=0.000262888
2026-10-01 21:21:56,770 step=8040 train=2.54489 val=None lr=0.000262792
2026-10-01 21:21:58,792 step=8050 train=2.36171 val=None lr=0.000262697
2026-10-01 21:22:01,280 step=8060 train=2.43413 val=None lr=0.000262601
2026-10-01 21:22:03,692 step=8070 train=2.39259 val=None lr=0.000262506
2026-10-01 21:22:06,408 step=8080 train=2.33520 val=None lr=0.00026241
2026-10-01 21:22:09,006 step=8090 train=2.11912 val=None lr=0.000262314
2026-10-01 21:22:13,685 step=8100 train=2.31642 val=2.2812851548194883 lr=0.000262218
2026-10-01 21:22:16,135 step=8110 train=2.45730 val=None lr=0.000262122
2026-10-01 21:22:18,641 step=8120 train=2.33670 val=None lr=0.000262025
2026-10-01 21:22:21,166 step=8130 train=2.19155 val=None lr=0.000261929
2026-10-01 21:22:23,770 step=8140 train=2.32525 val=None lr=0.000261833
2026-10-01 21:22:26,147 step=8150 train=2.21056 val=None lr=0.000261736
2026-10-01 21:22:28,632 step=8160 train=2.25789 val=None lr=0.000261639
2026-10-01 21:22:30,627 step=8170 train=2.29419 val=None lr=0.000261543
2026-10-01 21:22:33,247 step=8180 train=2.21951 val=None lr=0.000261446
2026-10-01 21:22:35,714 step=8190 train=2.23366 val=None lr=0.000261349
2026-10-01 21:22:40,463 step=8200 train=2.25383 val=2.277234447002411 lr=0.000261252
2026-10-01 21:22:43,006 step=8210 train=2.32996 val=None lr=0.000261155
2026-10-01 21:22:45,843 step=8220 train=2.32675 val=None lr=0.000261057
2026-10-01 21:22:48,599 step=8230 train=2.36219 val=None lr=0.00026096
2026-10-01 21:22:50,931 step=8240 train=2.42545 val=None lr=0.000260862
2026-10-01 21:22:53,419 step=8250 train=2.23540 val=None lr=0.000260765
2026-10-01 21:22:55,729 step=8260 train=2.32763 val=None lr=0.000260667
2026-10-01 21:22:58,250 step=8270 train=2.28119 val=None lr=0.00026057
2026-10-01 21:23:00,696 step=8280 train=2.40401 val=None lr=0.000260472
2026-10-01 21:23:02,551 step=8290 train=2.47757 val=None lr=0.000260374
2026-10-01 21:23:07,210 step=8300 train=2.04338 val=2.26751389503479 lr=0.000260276
2026-10-01 21:23:09,615 step=8310 train=2.57187 val=None lr=0.000260177
2026-10-01 21:23:12,103 step=8320 train=2.27866 val=None lr=0.000260079
2026-10-01 21:23:14,576 step=8330 train=2.08698 val=None lr=0.000259981
2026-10-01 21:23:17,116 step=8340 train=2.37572 val=None lr=0.000259882
2026-10-01 21:23:19,736 step=8350 train=2.48732 val=None lr=0.000259784
2026-10-01 21:23:22,079 step=8360 train=2.37032 val=None lr=0.000259685
2026-10-01 21:23:24,730 step=8370 train=2.32680 val=None lr=0.000259586
2026-10-01 21:23:27,267 step=8380 train=2.39765 val=None lr=0.000259488
2026-10-01 21:23:29,675 step=8390 train=2.17231 val=None lr=0.000259389
2026-10-01 21:23:33,448 step=8400 train=2.24812 val=2.258834409713745 lr=0.00025929
2026-10-01 21:23:35,778 step=8410 train=2.48252 val=None lr=0.00025919
2026-10-01 21:23:38,186 step=8420 train=2.29560 val=None lr=0.000259091
2026-10-01 21:23:40,623 step=8430 train=2.30046 val=None lr=0.000258992
2026-10-01 21:23:43,113 step=8440 train=2.11725 val=None lr=0.000258892
2026-10-01 21:23:45,545 step=8450 train=2.07104 val=None lr=0.000258793
2026-10-01 21:23:47,907 step=8460 train=2.14248 val=None lr=0.000258693
2026-10-01 21:23:50,442 step=8470 train=2.43140 val=None lr=0.000258593
2026-10-01 21:23:53,015 step=8480 train=2.63714 val=None lr=0.000258493
2026-10-01 21:23:56,000 step=8490 train=2.02217 val=None lr=0.000258394
2026-10-01 21:24:00,447 step=8500 train=2.27970 val=2.2526098012924196 lr=0.000258293
2026-10-01 21:24:04,729 step=8510 train=2.30579 val=None lr=0.000258193
2026-10-01 21:24:06,555 step=8520 train=2.16039 val=None lr=0.000258093
2026-10-01 21:24:09,139 step=8530 train=2.38920 val=None lr=0.000257993
2026-10-01 21:24:11,566 step=8540 train=2.32165 val=None lr=0.000257892
2026-10-01 21:24:13,951 step=8550 train=2.31844 val=None lr=0.000257792
2026-10-01 21:24:16,358 step=8560 train=2.13424 val=None lr=0.000257691
2026-10-01 21:24:18,849 step=8570 train=2.07359 val=None lr=0.00025759
2026-10-01 21:24:21,275 step=8580 train=2.22030 val=None lr=0.00025749
2026-10-01 21:24:23,890 step=8590 train=2.04769 val=None lr=0.000257389
2026-10-01 21:24:28,357 step=8600 train=2.22538 val=2.249859428405762 lr=0.000257288
2026-10-01 21:24:31,040 step=8610 train=2.19819 val=None lr=0.000257186
2026-10-01 21:24:33,634 step=8620 train=2.28846 val=None lr=0.000257085
2026-10-01 21:24:36,234 step=8630 train=1.99693 val=None lr=0.000256984
2026-10-01 21:24:37,980 step=8640 train=2.02144 val=None lr=0.000256883
2026-10-01 21:24:40,275 step=8650 train=2.32124 val=None lr=0.000256781
2026-10-01 21:24:42,607 step=8660 train=2.19544 val=None lr=0.000256679
2026-10-01 21:24:44,987 step=8670 train=2.36685 val=None lr=0.000256578
2026-10-01 21:24:47,481 step=8680 train=2.06986 val=None lr=0.000256476
2026-10-01 21:24:50,213 step=8690 train=2.31700 val=None lr=0.000256374
2026-10-01 21:24:54,696 step=8700 train=2.09176 val=2.2380863904953 lr=0.000256272
2026-10-01 21:24:57,125 step=8710 train=2.32075 val=None lr=0.00025617
2026-10-01 21:24:59,532 step=8720 train=2.07303 val=None lr=0.000256068
2026-10-01 21:25:02,094 step=8730 train=2.36917 val=None lr=0.000255965
2026-10-01 21:25:04,610 step=8740 train=2.33795 val=None lr=0.000255863
2026-10-01 21:25:07,062 step=8750 train=2.45289 val=None lr=0.000255761
2026-10-01 21:25:08,984 step=8760 train=2.23521 val=None lr=0.000255658
2026-10-01 21:25:11,334 step=8770 train=2.27803 val=None lr=0.000255555
2026-10-01 21:25:13,750 step=8780 train=2.22574 val=None lr=0.000255453
2026-10-01 21:25:16,327 step=8790 train=2.26411 val=None lr=0.00025535
2026-10-01 21:25:20,972 step=8800 train=2.04702 val=2.2333967328071593 lr=0.000255247
2026-10-01 21:25:23,386 step=8810 train=2.46356 val=None lr=0.000255144
2026-10-01 21:25:26,240 step=8820 train=2.22193 val=None lr=0.000255041
2026-10-01 21:25:28,633 step=8830 train=2.31194 val=None lr=0.000254937
2026-10-01 21:25:31,030 step=8840 train=2.24659 val=None lr=0.000254834
2026-10-01 21:25:33,476 step=8850 train=2.27390 val=None lr=0.000254731
2026-10-01 21:25:36,080 step=8860 train=2.07185 val=None lr=0.000254627
2026-10-01 21:25:38,642 step=8870 train=2.40698 val=None lr=0.000254524
2026-10-01 21:25:40,445 step=8880 train=2.44412 val=None lr=0.00025442
2026-10-01 21:25:43,235 step=8890 train=2.40550 val=None lr=0.000254316
2026-10-01 21:25:47,633 step=8900 train=2.36606 val=2.231941032409668 lr=0.000254212
2026-10-01 21:25:50,228 step=8910 train=2.37218 val=None lr=0.000254108
2026-10-01 21:25:52,645 step=8920 train=2.08699 val=None lr=0.000254004
2026-10-01 21:25:55,075 step=8930 train=2.04856 val=None lr=0.0002539
2026-10-01 21:25:57,477 step=8940 train=2.51900 val=None lr=0.000253796
2026-10-01 21:25:59,800 step=8950 train=2.28904 val=None lr=0.000253691
2026-10-01 21:26:02,055 step=8960 train=2.40006 val=None lr=0.000253587
2026-10-01 21:26:04,636 step=8970 train=2.56369 val=None lr=0.000253482
2026-10-01 21:26:06,963 step=8980 train=2.15278 val=None lr=0.000253378
2026-10-01 21:26:09,345 step=8990 train=2.36603 val=None lr=0.000253273
2026-10-01 21:26:13,146 step=9000 train=2.32740 val=2.2231202960014342 lr=0.000253168
2026-10-01 21:26:20,485 step=9010 train=2.29022 val=None lr=0.000253063
2026-10-01 21:26:22,771 step=9020 train=2.32651 val=None lr=0.000252958
2026-10-01 21:26:25,239 step=9030 train=2.28447 val=None lr=0.000252853
2026-10-01 21:26:27,783 step=9040 train=2.25941 val=None lr=0.000252748
2026-10-01 21:26:30,287 step=9050 train=2.27835 val=None lr=0.000252643
2026-10-01 21:26:32,995 step=9060 train=2.06642 val=None lr=0.000252537
2026-10-01 21:26:35,545 step=9070 train=2.15790 val=None lr=0.000252432
2026-10-01 21:26:37,963 step=9080 train=2.19482 val=None lr=0.000252326
2026-10-01 21:26:40,363 step=9090 train=2.13779 val=None lr=0.00025222
2026-10-01 21:26:44,184 step=9100 train=2.16515 val=2.2170501232147215 lr=0.000252115
2026-10-01 21:26:46,509 step=9110 train=1.89001 val=None lr=0.000252009
2026-10-01 21:26:48,964 step=9120 train=2.31446 val=None lr=0.000251903
2026-10-01 21:26:51,713 step=9130 train=2.40784 val=None lr=0.000251797
2026-10-01 21:26:54,140 step=9140 train=1.99556 val=None lr=0.000251691
2026-10-01 21:26:56,486 step=9150 train=2.13917 val=None lr=0.000251585
2026-10-01 21:26:59,034 step=9160 train=2.23254 val=None lr=0.000251478
2026-10-01 21:27:01,533 step=9170 train=2.25199 val=None lr=0.000251372
2026-10-01 21:27:03,878 step=9180 train=2.52399 val=None lr=0.000251265
2026-10-01 21:27:06,234 step=9190 train=2.53106 val=None lr=0.000251159
2026-10-01 21:27:10,882 step=9200 train=2.24733 val=2.2092371821403503 lr=0.000251052
2026-10-01 21:27:13,381 step=9210 train=2.16289 val=None lr=0.000250945
2026-10-01 21:27:15,785 step=9220 train=2.71302 val=None lr=0.000250839
2026-10-01 21:27:17,480 step=9230 train=2.32004 val=None lr=0.000250732
2026-10-01 21:27:19,853 step=9240 train=2.23532 val=None lr=0.000250625
2026-10-01 21:27:22,394 step=9250 train=2.47690 val=None lr=0.000250518
2026-10-01 21:27:24,837 step=9260 train=2.28205 val=None lr=0.00025041
2026-10-01 21:27:27,097 step=9270 train=2.21733 val=None lr=0.000250303
2026-10-01 21:27:29,466 step=9280 train=2.38110 val=None lr=0.000250196
2026-10-01 21:27:31,761 step=9290 train=2.31381 val=None lr=0.000250088
2026-10-01 21:27:36,586 step=9300 train=2.30236 val=2.2062462687492372 lr=0.000249981
2026-10-01 21:27:38,919 step=9310 train=2.27162 val=None lr=0.000249873
2026-10-01 21:27:41,145 step=9320 train=2.38612 val=None lr=0.000249765
2026-10-01 21:27:43,421 step=9330 train=2.00167 val=None lr=0.000249657
2026-10-01 21:27:45,722 step=9340 train=2.17143 val=None lr=0.00024955
2026-10-01 21:27:47,568 step=9350 train=2.07627 val=None lr=0.000249442
2026-10-01 21:27:49,946 step=9360 train=2.32440 val=None lr=0.000249333
2026-10-01 21:27:52,305 step=9370 train=2.13480 val=None lr=0.000249225
2026-10-01 21:27:54,830 step=9380 train=2.31773 val=None lr=0.000249117
2026-10-01 21:27:57,132 step=9390 train=2.24404 val=None lr=0.000249009
2026-10-01 21:28:01,742 step=9400 train=2.23992 val=2.197674298286438 lr=0.0002489
2026-10-01 21:28:04,214 step=9410 train=2.21746 val=None lr=0.000248792
2026-10-01 21:28:06,829 step=9420 train=2.40910 val=None lr=0.000248683
2026-10-01 21:28:09,107 step=9430 train=2.05173 val=None lr=0.000248574
2026-10-01 21:28:11,350 step=9440 train=2.45590 val=None lr=0.000248465
2026-10-01 21:28:13,701 step=9450 train=2.12203 val=None lr=0.000248357
2026-10-01 21:28:16,154 step=9460 train=2.05639 val=None lr=0.000248248
2026-10-01 21:28:18,691 step=9470 train=2.30316 val=None lr=0.000248139
2026-10-01 21:28:20,411 step=9480 train=2.24815 val=None lr=0.000248029
2026-10-01 21:28:22,809 step=9490 train=2.19533 val=None lr=0.00024792
2026-10-01 21:28:26,525 step=9500 train=2.22758 val=2.1996269166469573 lr=0.000247811
2026-10-01 21:28:31,205 step=9510 train=2.18156 val=None lr=0.000247701
2026-10-01 21:28:33,570 step=9520 train=2.46876 val=None lr=0.000247592
2026-10-01 21:28:36,116 step=9530 train=2.32442 val=None lr=0.000247482
2026-10-01 21:28:38,648 step=9540 train=2.21541 val=None lr=0.000247373
2026-10-01 21:28:41,072 step=9550 train=2.35864 val=None lr=0.000247263
2026-10-01 21:28:43,424 step=9560 train=2.27254 val=None lr=0.000247153
2026-10-01 21:28:46,121 step=9570 train=2.20993 val=None lr=0.000247043
2026-10-01 21:28:48,860 step=9580 train=2.19316 val=None lr=0.000246933
2026-10-01 21:28:51,503 step=9590 train=2.36430 val=None lr=0.000246823
2026-10-01 21:28:55,504 step=9600 train=2.07051 val=2.185041385889053 lr=0.000246713
2026-10-01 21:28:57,971 step=9610 train=2.49478 val=None lr=0.000246602
2026-10-01 21:29:00,847 step=9620 train=2.20910 val=None lr=0.000246492
2026-10-01 21:29:03,481 step=9630 train=2.21699 val=None lr=0.000246382
2026-10-01 21:29:05,935 step=9640 train=2.17016 val=None lr=0.000246271
2026-10-01 21:29:08,354 step=9650 train=2.02868 val=None lr=0.000246161
2026-10-01 21:29:10,705 step=9660 train=2.13263 val=None lr=0.00024605
2026-10-01 21:29:13,471 step=9670 train=2.09213 val=None lr=0.000245939
2026-10-01 21:29:15,971 step=9680 train=2.73250 val=None lr=0.000245828
2026-10-01 21:29:18,246 step=9690 train=2.15656 val=None lr=0.000245717
2026-10-01 21:29:22,542 step=9700 train=2.30493 val=2.1789125859737397 lr=0.000245606
2026-10-01 21:29:24,336 step=9710 train=2.07001 val=None lr=0.000245495
2026-10-01 21:29:26,750 step=9720 train=2.57024 val=None lr=0.000245384
2026-10-01 21:29:29,103 step=9730 train=2.11269 val=None lr=0.000245272
2026-10-01 21:29:31,569 step=9740 train=2.22537 val=None lr=0.000245161
2026-10-01 21:29:34,036 step=9750 train=2.13862 val=None lr=0.00024505
2026-10-01 21:29:36,557 step=9760 train=2.16095 val=None lr=0.000244938
2026-10-01 21:29:39,143 step=9770 train=2.29093 val=None lr=0.000244826
2026-10-01 21:29:41,680 step=9780 train=2.31124 val=None lr=0.000244715
2026-10-01 21:29:44,236 step=9790 train=1.94909 val=None lr=0.000244603
2026-10-01 21:29:49,021 step=9800 train=2.23663 val=2.174890911579132 lr=0.000244491
2026-10-01 21:29:51,399 step=9810 train=2.28087 val=None lr=0.000244379
2026-10-01 21:29:54,163 step=9820 train=2.17495 val=None lr=0.000244267
2026-10-01 21:29:56,060 step=9830 train=2.10723 val=None lr=0.000244155
2026-10-01 21:29:58,512 step=9840 train=2.08732 val=None lr=0.000244043
2026-10-01 21:30:01,167 step=9850 train=2.21229 val=None lr=0.00024393
2026-10-01 21:30:03,753 step=9860 train=2.20888 val=None lr=0.000243818
2026-10-01 21:30:06,286 step=9870 train=2.56765 val=None lr=0.000243705
2026-10-01 21:30:08,819 step=9880 train=2.25044 val=None lr=0.000243593
2026-10-01 21:30:11,691 step=9890 train=2.19024 val=None lr=0.00024348
2026-10-01 21:30:16,271 step=9900 train=2.16483 val=2.170295959711075 lr=0.000243367
2026-10-01 21:30:18,574 step=9910 train=2.09635 val=None lr=0.000243255
2026-10-01 21:30:20,862 step=9920 train=2.25611 val=None lr=0.000243142
2026-10-01 21:30:23,277 step=9930 train=2.13399 val=None lr=0.000243029
2026-10-01 21:30:25,865 step=9940 train=2.11374 val=None lr=0.000242916
2026-10-01 21:30:27,502 step=9950 train=2.28894 val=None lr=0.000242803
2026-10-01 21:30:30,014 step=9960 train=2.38875 val=None lr=0.000242689
2026-10-01 21:30:32,553 step=9970 train=2.19926 val=None lr=0.000242576
2026-10-01 21:30:34,856 step=9980 train=2.18145 val=None lr=0.000242463
2026-10-01 21:30:37,428 step=9990 train=2.33031 val=None lr=0.000242349
2026-10-01 21:30:42,270 step=10000 train=2.27097 val=2.1645839691162108 lr=0.000242236
2026-10-01 21:30:47,544 step=10010 train=2.27538 val=None lr=0.000242122
2026-10-01 21:30:49,873 step=10020 train=2.40131 val=None lr=0.000242008
2026-10-01 21:30:52,253 step=10030 train=2.12305 val=None lr=0.000241895
2026-10-01 21:30:54,798 step=10040 train=2.04771 val=None lr=0.000241781
2026-10-01 21:30:57,432 step=10050 train=2.25593 val=None lr=0.000241667
2026-10-01 21:30:59,245 step=10060 train=2.47232 val=None lr=0.000241553
2026-10-01 21:31:01,787 step=10070 train=2.44159 val=None lr=0.000241439
2026-10-01 21:31:04,334 step=10080 train=2.23117 val=None lr=0.000241324
2026-10-01 21:31:06,794 step=10090 train=1.91859 val=None lr=0.00024121
2026-10-01 21:31:11,402 step=10100 train=2.36425 val=2.1594224691390993 lr=0.000241096
2026-10-01 21:31:13,754 step=10110 train=2.27421 val=None lr=0.000240981
2026-10-01 21:31:16,132 step=10120 train=2.15972 val=None lr=0.000240867
2026-10-01 21:31:18,499 step=10130 train=2.39311 val=None lr=0.000240752
2026-10-01 21:31:20,800 step=10140 train=2.25601 val=None lr=0.000240638
2026-10-01 21:31:23,113 step=10150 train=2.02934 val=None lr=0.000240523
2026-10-01 21:31:25,645 step=10160 train=2.11718 val=None lr=0.000240408
2026-10-01 21:31:27,970 step=10170 train=2.21702 val=None lr=0.000240293
2026-10-01 21:31:30,437 step=10180 train=2.20262 val=None lr=0.000240178
2026-10-01 21:31:32,154 step=10190 train=2.18695 val=None lr=0.000240063
2026-10-01 21:31:36,550 step=10200 train=2.20400 val=2.1549505949020387 lr=0.000239948
2026-10-01 21:31:39,175 step=10210 train=2.20723 val=None lr=0.000239833
2026-10-01 21:31:41,645 step=10220 train=2.27254 val=None lr=0.000239717
2026-10-01 21:31:43,990 step=10230 train=2.19783 val=None lr=0.000239602
2026-10-01 21:31:46,700 step=10240 train=2.17104 val=None lr=0.000239487
2026-10-01 21:31:49,127 step=10250 train=2.14545 val=None lr=0.000239371
2026-10-01 21:31:51,634 step=10260 train=2.07327 val=None lr=0.000239255
2026-10-01 21:31:54,352 step=10270 train=2.21541 val=None lr=0.00023914
2026-10-01 21:31:57,129 step=10280 train=2.11068 val=None lr=0.000239024
2026-10-01 21:31:59,469 step=10290 train=2.29192 val=None lr=0.000238908
2026-10-01 21:32:03,256 step=10300 train=2.35406 val=2.1511634588241577 lr=0.000238792
2026-10-01 21:32:05,705 step=10310 train=2.13941 val=None lr=0.000238676
2026-10-01 21:32:08,144 step=10320 train=2.17169 val=None lr=0.00023856
2026-10-01 21:32:10,476 step=10330 train=1.93625 val=None lr=0.000238444
2026-10-01 21:32:12,916 step=10340 train=2.32400 val=None lr=0.000238328
2026-10-01 21:32:15,587 step=10350 train=2.01095 val=None lr=0.000238211
2026-10-01 21:32:18,145 step=10360 train=1.86380 val=None lr=0.000238095
2026-10-01 21:32:20,657 step=10370 train=2.10932 val=None lr=0.000237979
2026-10-01 21:32:23,283 step=10380 train=2.23656 val=None lr=0.000237862
2026-10-01 21:32:25,833 step=10390 train=1.95895 val=None lr=0.000237745
2026-10-01 21:32:30,479 step=10400 train=2.33699 val=2.1449066519737245 lr=0.000237629
2026-10-01 21:32:33,502 step=10410 train=2.15039 val=None lr=0.000237512
2026-10-01 21:32:35,282 step=10420 train=2.18197 val=None lr=0.000237395
2026-10-01 21:32:37,888 step=10430 train=2.39435 val=None lr=0.000237278
2026-10-01 21:32:40,346 step=10440 train=2.34788 val=None lr=0.000237161
2026-10-01 21:32:42,977 step=10450 train=2.31491 val=None lr=0.000237044
2026-10-01 21:32:45,469 step=10460 train=2.31414 val=None lr=0.000236927
2026-10-01 21:32:48,228 step=10470 train=1.94951 val=None lr=0.00023681
2026-10-01 21:32:50,659 step=10480 train=2.07325 val=None lr=0.000236692
2026-10-01 21:32:53,102 step=10490 train=2.13530 val=None lr=0.000236575
2026-10-01 21:32:57,591 step=10500 train=2.24807 val=2.141899216175079 lr=0.000236458
2026-10-01 21:33:02,394 step=10510 train=1.89474 val=None lr=0.00023634
2026-10-01 21:33:04,888 step=10520 train=2.14730 val=None lr=0.000236222
2026-10-01 21:33:06,738 step=10530 train=2.25873 val=None lr=0.000236105
2026-10-01 21:33:09,522 step=10540 train=2.21881 val=None lr=0.000235987
2026-10-01 21:33:12,091 step=10550 train=2.15762 val=None lr=0.000235869
2026-10-01 21:33:14,617 step=10560 train=2.61187 val=None lr=0.000235751
2026-10-01 21:33:17,063 step=10570 train=1.99546 val=None lr=0.000235633
2026-10-01 21:33:19,580 step=10580 train=2.36050 val=None lr=0.000235515
2026-10-01 21:33:22,315 step=10590 train=2.02514 val=None lr=0.000235397
2026-10-01 21:33:26,991 step=10600 train=2.10840 val=2.1362676918506622 lr=0.000235279
2026-10-01 21:33:29,767 step=10610 train=2.10808 val=None lr=0.000235161
2026-10-01 21:33:32,248 step=10620 train=2.29855 val=None lr=0.000235042
2026-10-01 21:33:34,875 step=10630 train=1.96882 val=None lr=0.000234924
2026-10-01 21:33:37,601 step=10640 train=2.09523 val=None lr=0.000234805
2026-10-01 21:33:39,550 step=10650 train=2.23666 val=None lr=0.000234687
2026-10-01 21:33:41,992 step=10660 train=2.04472 val=None lr=0.000234568
2026-10-01 21:33:44,527 step=10670 train=2.25200 val=None lr=0.000234449
2026-10-01 21:33:46,903 step=10680 train=2.14276 val=None lr=0.000234331
2026-10-01 21:33:49,563 step=10690 train=2.08168 val=None lr=0.000234212
2026-10-01 21:33:54,931 step=10700 train=2.14264 val=2.135328710079193 lr=0.000234093
2026-10-01 21:33:57,329 step=10710 train=1.93417 val=None lr=0.000233974
2026-10-01 21:33:59,677 step=10720 train=2.48169 val=None lr=0.000233855
2026-10-01 21:34:02,381 step=10730 train=2.01629 val=None lr=0.000233735
2026-10-01 21:34:05,034 step=10740 train=2.18862 val=None lr=0.000233616
2026-10-01 21:34:07,704 step=10750 train=2.08047 val=None lr=0.000233497
2026-10-01 21:34:09,399 step=10760 train=2.26071 val=None lr=0.000233378
2026-10-01 21:34:11,972 step=10770 train=2.31903 val=None lr=0.000233258
2026-10-01 21:34:14,368 step=10780 train=2.32714 val=None lr=0.000233139
2026-10-01 21:34:16,643 step=10790 train=2.16162 val=None lr=0.000233019
2026-10-01 21:34:21,202 step=10800 train=2.36252 val=2.122202807664871 lr=0.000232899
2026-10-01 21:34:23,579 step=10810 train=2.10005 val=None lr=0.00023278
2026-10-01 21:34:26,013 step=10820 train=2.18934 val=None lr=0.00023266
2026-10-01 21:34:28,513 step=10830 train=2.34798 val=None lr=0.00023254
2026-10-01 21:34:30,985 step=10840 train=2.15323 val=None lr=0.00023242
2026-10-01 21:34:33,350 step=10850 train=1.94206 val=None lr=0.0002323
2026-10-01 21:34:35,911 step=10860 train=2.29503 val=None lr=0.00023218
2026-10-01 21:34:38,907 step=10870 train=2.34530 val=None lr=0.00023206
2026-10-01 21:34:41,197 step=10880 train=2.16555 val=None lr=0.00023194
2026-10-01 21:34:42,888 step=10890 train=2.00236 val=None lr=0.000231819
2026-10-01 21:34:46,587 step=10900 train=2.07384 val=2.1285776436328887 lr=0.000231699
2026-10-01 21:34:48,981 step=10910 train=1.86069 val=None lr=0.000231578
2026-10-01 21:34:51,287 step=10920 train=2.22585 val=None lr=0.000231458
2026-10-01 21:34:53,636 step=10930 train=2.11919 val=None lr=0.000231337
2026-10-01 21:34:55,973 step=10940 train=1.94875 val=None lr=0.000231217
2026-10-01 21:34:58,556 step=10950 train=2.22820 val=None lr=0.000231096
2026-10-01 21:35:00,870 step=10960 train=2.19364 val=None lr=0.000230975
2026-10-01 21:35:03,206 step=10970 train=2.19581 val=None lr=0.000230854
2026-10-01 21:35:05,718 step=10980 train=2.11957 val=None lr=0.000230733
2026-10-01 21:35:08,010 step=10990 train=2.32395 val=None lr=0.000230612
2026-10-01 21:35:11,801 step=11000 train=1.98020 val=2.1236067831516268 lr=0.000230491
2026-10-01 21:35:16,684 step=11010 train=2.35596 val=None lr=0.00023037
2026-10-01 21:35:19,089 step=11020 train=2.14732 val=None lr=0.000230249
2026-10-01 21:35:21,579 step=11030 train=2.07278 val=None lr=0.000230128
2026-10-01 21:35:23,944 step=11040 train=2.24152 val=None lr=0.000230006
2026-10-01 21:35:26,390 step=11050 train=2.14504 val=None lr=0.000229885
2026-10-01 21:35:29,294 step=11060 train=1.85627 val=None lr=0.000229764
2026-10-01 21:35:31,584 step=11070 train=2.02999 val=None lr=0.000229642
2026-10-01 21:35:33,871 step=11080 train=2.53668 val=None lr=0.00022952
2026-10-01 21:35:36,392 step=11090 train=2.22373 val=None lr=0.000229399
2026-10-01 21:35:40,792 step=11100 train=2.15489 val=2.117670249938965 lr=0.000229277
2026-10-01 21:35:43,231 step=11110 train=2.26626 val=None lr=0.000229155
2026-10-01 21:35:45,031 step=11120 train=2.13762 val=None lr=0.000229033
2026-10-01 21:35:47,400 step=11130 train=1.88475 val=None lr=0.000228911
2026-10-01 21:35:49,792 step=11140 train=2.63286 val=None lr=0.000228789
2026-10-01 21:35:52,310 step=11150 train=2.61087 val=None lr=0.000228667
2026-10-01 21:35:54,923 step=11160 train=2.13339 val=None lr=0.000228545
2026-10-01 21:35:57,349 step=11170 train=2.05564 val=None lr=0.000228423
2026-10-01 21:35:59,943 step=11180 train=2.35790 val=None lr=0.000228301
2026-10-01 21:36:02,587 step=11190 train=2.06827 val=None lr=0.000228178
2026-10-01 21:36:07,059 step=11200 train=2.11716 val=2.113018637895584 lr=0.000228056
2026-10-01 21:36:09,567 step=11210 train=2.36632 val=None lr=0.000227933
2026-10-01 21:36:12,038 step=11220 train=2.35493 val=None lr=0.000227811
2026-10-01 21:36:14,703 step=11230 train=1.97502 val=None lr=0.000227688
2026-10-01 21:36:17,075 step=11240 train=2.11840 val=None lr=0.000227565
2026-10-01 21:36:18,909 step=11250 train=2.25584 val=None lr=0.000227443
2026-10-01 21:36:21,345 step=11260 train=2.00018 val=None lr=0.00022732
2026-10-01 21:36:23,849 step=11270 train=1.99309 val=None lr=0.000227197
2026-10-01 21:36:26,130 step=11280 train=2.37786 val=None lr=0.000227074
2026-10-01 21:36:28,829 step=11290 train=2.15782 val=None lr=0.000226951
2026-10-01 21:36:33,120 step=11300 train=2.04686 val=2.1089812338352205 lr=0.000226828
2026-10-01 21:36:35,506 step=11310 train=2.16073 val=None lr=0.000226705
2026-10-01 21:36:37,890 step=11320 train=2.31050 val=None lr=0.000226582
2026-10-01 21:36:40,191 step=11330 train=2.33135 val=None lr=0.000226458
2026-10-01 21:36:42,694 step=11340 train=1.95575 val=None lr=0.000226335
2026-10-01 21:36:45,000 step=11350 train=2.11619 val=None lr=0.000226212
2026-10-01 21:36:47,416 step=11360 train=2.09809 val=None lr=0.000226088
2026-10-01 21:36:49,094 step=11370 train=2.13339 val=None lr=0.000225965
2026-10-01 21:36:51,422 step=11380 train=2.02635 val=None lr=0.000225841
2026-10-01 21:36:53,759 step=11390 train=2.01941 val=None lr=0.000225717
2026-10-01 21:36:58,383 step=11400 train=2.06245 val=2.101728677749634 lr=0.000225594
2026-10-01 21:37:00,916 step=11410 train=2.19389 val=None lr=0.00022547
2026-10-01 21:37:03,458 step=11420 train=2.31936 val=None lr=0.000225346
2026-10-01 21:37:05,837 step=11430 train=2.05183 val=None lr=0.000225222
2026-10-01 21:37:08,231 step=11440 train=2.56826 val=None lr=0.000225098
2026-10-01 21:37:10,504 step=11450 train=2.20999 val=None lr=0.000224974
2026-10-01 21:37:12,765 step=11460 train=2.27037 val=None lr=0.00022485
2026-10-01 21:37:15,168 step=11470 train=2.03224 val=None lr=0.000224726
2026-10-01 21:37:17,531 step=11480 train=2.33282 val=None lr=0.000224602
2026-10-01 21:37:19,955 step=11490 train=2.23432 val=None lr=0.000224477
2026-10-01 21:37:23,417 step=11500 train=1.87786 val=2.100430375337601 lr=0.000224353
2026-10-01 21:37:27,920 step=11510 train=2.07204 val=None lr=0.000224229
2026-10-01 21:37:30,417 step=11520 train=2.14305 val=None lr=0.000224104
2026-10-01 21:37:32,781 step=11530 train=2.00231 val=None lr=0.000223979
2026-10-01 21:37:35,149 step=11540 train=2.04395 val=None lr=0.000223855
2026-10-01 21:37:37,376 step=11550 train=2.10025 val=None lr=0.00022373
2026-10-01 21:37:39,834 step=11560 train=2.49726 val=None lr=0.000223605
2026-10-01 21:37:42,120 step=11570 train=2.11311 val=None lr=0.000223481
2026-10-01 21:37:44,795 step=11580 train=2.29835 val=None lr=0.000223356
2026-10-01 21:37:47,322 step=11590 train=1.82573 val=None lr=0.000223231
2026-10-01 21:37:51,830 step=11600 train=2.02580 val=2.0965105831623077 lr=0.000223106
2026-10-01 21:37:53,582 step=11610 train=1.98645 val=None lr=0.000222981
2026-10-01 21:37:56,063 step=11620 train=2.21125 val=None lr=0.000222856
2026-10-01 21:37:58,399 step=11630 train=2.18017 val=None lr=0.000222731
2026-10-01 21:38:00,835 step=11640 train=2.12661 val=None lr=0.000222605
2026-10-01 21:38:03,143 step=11650 train=2.13303 val=None lr=0.00022248
2026-10-01 21:38:05,641 step=11660 train=2.05497 val=None lr=0.000222355
2026-10-01 21:38:08,038 step=11670 train=1.96977 val=None lr=0.000222229
2026-10-01 21:38:10,451 step=11680 train=2.34047 val=None lr=0.000222104
2026-10-01 21:38:12,773 step=11690 train=2.12025 val=None lr=0.000221978
2026-10-01 21:38:17,486 step=11700 train=2.25484 val=2.0886222183704377 lr=0.000221853
2026-10-01 21:38:19,821 step=11710 train=2.03015 val=None lr=0.000221727
2026-10-01 21:38:22,362 step=11720 train=2.22911 val=None lr=0.000221602
2026-10-01 21:38:24,185 step=11730 train=2.16117 val=None lr=0.000221476
2026-10-01 21:38:26,679 step=11740 train=2.04812 val=None lr=0.00022135
2026-10-01 21:38:29,087 step=11750 train=2.37066 val=None lr=0.000221224
2026-10-01 21:38:31,447 step=11760 train=2.08597 val=None lr=0.000221098
2026-10-01 21:38:33,682 step=11770 train=2.14711 val=None lr=0.000220972
2026-10-01 21:38:36,191 step=11780 train=2.16599 val=None lr=0.000220846
2026-10-01 21:38:38,717 step=11790 train=2.29514 val=None lr=0.00022072
2026-10-01 21:38:43,411 step=11800 train=2.24371 val=2.0844145238399507 lr=0.000220594
2026-10-01 21:38:45,828 step=11810 train=2.01236 val=None lr=0.000220468
2026-10-01 21:38:48,052 step=11820 train=2.31475 val=None lr=0.000220341
2026-10-01 21:38:50,550 step=11830 train=2.15829 val=None lr=0.000220215
2026-10-01 21:38:53,087 step=11840 train=2.34351 val=None lr=0.000220089
2026-10-01 21:38:55,380 step=11850 train=2.12402 val=None lr=0.000219962
2026-10-01 21:38:57,292 step=11860 train=2.01359 val=None lr=0.000219836
2026-10-01 21:38:59,721 step=11870 train=2.05280 val=None lr=0.000219709
2026-10-01 21:39:01,956 step=11880 train=2.15615 val=None lr=0.000219582
2026-10-01 21:39:04,287 step=11890 train=2.10115 val=None lr=0.000219456
2026-10-01 21:39:08,465 step=11900 train=2.11140 val=2.080407905578613 lr=0.000219329
2026-10-01 21:39:10,893 step=11910 train=1.96781 val=None lr=0.000219202
2026-10-01 21:39:13,516 step=11920 train=2.42430 val=None lr=0.000219075
2026-10-01 21:39:16,032 step=11930 train=2.04211 val=None lr=0.000218948
2026-10-01 21:39:18,409 step=11940 train=2.45569 val=None lr=0.000218821
2026-10-01 21:39:20,948 step=11950 train=1.76853 val=None lr=0.000218694
2026-10-01 21:39:23,339 step=11960 train=2.10639 val=None lr=0.000218567
2026-10-01 21:39:25,732 step=11970 train=2.20414 val=None lr=0.00021844
2026-10-01 21:39:28,067 step=11980 train=1.94475 val=None lr=0.000218313
2026-10-01 21:39:30,079 step=11990 train=2.35033 val=None lr=0.000218186
2026-10-01 21:39:34,609 step=12000 train=2.27871 val=2.0791437327861786 lr=0.000218058
2026-10-01 21:39:39,169 step=12010 train=2.10075 val=None lr=0.000217931
2026-10-01 21:39:41,453 step=12020 train=2.22572 val=None lr=0.000217804
2026-10-01 21:39:43,795 step=12030 train=2.06470 val=None lr=0.000217676
2026-10-01 21:39:46,071 step=12040 train=1.95533 val=None lr=0.000217549
2026-10-01 21:39:48,446 step=12050 train=2.40481 val=None lr=0.000217421
2026-10-01 21:39:50,763 step=12060 train=2.14627 val=None lr=0.000217293
2026-10-01 21:39:53,228 step=12070 train=2.22463 val=None lr=0.000217166
2026-10-01 21:39:55,624 step=12080 train=1.93687 val=None lr=0.000217038
2026-10-01 21:39:58,024 step=12090 train=2.47018 val=None lr=0.00021691
2026-10-01 21:40:02,347 step=12100 train=2.01238 val=2.076475429534912 lr=0.000216782
2026-10-01 21:40:04,835 step=12110 train=2.26758 val=None lr=0.000216654
2026-10-01 21:40:07,256 step=12120 train=2.12908 val=None lr=0.000216526
2026-10-01 21:40:09,981 step=12130 train=1.97163 val=None lr=0.000216398
2026-10-01 21:40:12,388 step=12140 train=1.84301 val=None lr=0.00021627
2026-10-01 21:40:14,940 step=12150 train=2.21248 val=None lr=0.000216142
2026-10-01 21:40:17,491 step=12160 train=2.00784 val=None lr=0.000216014
2026-10-01 21:40:20,056 step=12170 train=2.03145 val=None lr=0.000215886
2026-10-01 21:40:22,667 step=12180 train=2.22559 val=None lr=0.000215757
2026-10-01 21:40:25,561 step=12190 train=2.09436 val=None lr=0.000215629
2026-10-01 21:40:29,872 step=12200 train=2.22571 val=2.07396160364151 lr=0.000215501
2026-10-01 21:40:31,521 step=12210 train=2.16886 val=None lr=0.000215372
2026-10-01 21:40:33,796 step=12220 train=1.92253 val=None lr=0.000215244
2026-10-01 21:40:36,104 step=12230 train=2.24722 val=None lr=0.000215115
2026-10-01 21:40:38,605 step=12240 train=2.34006 val=None lr=0.000214986
2026-10-01 21:40:41,463 step=12250 train=2.13382 val=None lr=0.000214858
2026-10-01 21:40:43,835 step=12260 train=1.80877 val=None lr=0.000214729
2026-10-01 21:40:46,254 step=12270 train=2.12202 val=None lr=0.0002146
2026-10-01 21:40:48,548 step=12280 train=2.02182 val=None lr=0.000214471
2026-10-01 21:40:51,038 step=12290 train=1.99027 val=None lr=0.000214343
2026-10-01 21:40:55,449 step=12300 train=2.06272 val=2.0676262199878694 lr=0.000214214
2026-10-01 21:40:57,863 step=12310 train=2.19267 val=None lr=0.000214085
2026-10-01 21:41:00,160 step=12320 train=2.11084 val=None lr=0.000213956
2026-10-01 21:41:02,531 step=12330 train=2.13652 val=None lr=0.000213826
2026-10-01 21:41:04,161 step=12340 train=2.15369 val=None lr=0.000213697
2026-10-01 21:41:06,556 step=12350 train=2.00793 val=None lr=0.000213568
2026-10-01 21:41:08,892 step=12360 train=2.06023 val=None lr=0.000213439
2026-10-01 21:41:11,187 step=12370 train=2.42257 val=None lr=0.00021331
2026-10-01 21:41:13,681 step=12380 train=2.12394 val=None lr=0.00021318
2026-10-01 21:41:16,193 step=12390 train=2.18774 val=None lr=0.000213051
2026-10-01 21:41:20,600 step=12400 train=1.97065 val=2.0661713004112245 lr=0.000212921
2026-10-01 21:41:23,144 step=12410 train=2.09639 val=None lr=0.000212792
2026-10-01 21:41:25,570 step=12420 train=2.24779 val=None lr=0.000212662
2026-10-01 21:41:27,922 step=12430 train=2.10009 val=None lr=0.000212533
2026-10-01 21:41:30,227 step=12440 train=2.32696 val=None lr=0.000212403
2026-10-01 21:41:32,711 step=12450 train=1.95541 val=None lr=0.000212273
2026-10-01 21:41:35,250 step=12460 train=2.10565 val=None lr=0.000212144
2026-10-01 21:41:37,093 step=12470 train=2.17964 val=None lr=0.000212014
2026-10-01 21:41:40,000 step=12480 train=2.00771 val=None lr=0.000211884
2026-10-01 21:41:42,499 step=12490 train=2.08759 val=None lr=0.000211754
2026-10-01 21:41:46,895 step=12500 train=2.06743 val=2.0611406326293946 lr=0.000211624
2026-10-01 21:41:51,634 step=12510 train=2.18936 val=None lr=0.000211494
2026-10-01 21:41:53,960 step=12520 train=2.02595 val=None lr=0.000211364
2026-10-01 21:41:56,248 step=12530 train=2.24521 val=None lr=0.000211234
2026-10-01 21:41:58,806 step=12540 train=2.11833 val=None lr=0.000211104
2026-10-01 21:42:01,176 step=12550 train=1.94018 val=None lr=0.000210974
2026-10-01 21:42:03,471 step=12560 train=2.13989 val=None lr=0.000210844
2026-10-01 21:42:05,810 step=12570 train=2.42077 val=None lr=0.000210713
2026-10-01 21:42:07,927 step=12580 train=1.99794 val=None lr=0.000210583
2026-10-01 21:42:10,452 step=12590 train=2.33913 val=None lr=0.000210453
2026-10-01 21:42:14,792 step=12600 train=1.95863 val=2.0577812492847443 lr=0.000210322
2026-10-01 21:42:17,054 step=12610 train=2.01625 val=None lr=0.000210192
2026-10-01 21:42:19,331 step=12620 train=2.07926 val=None lr=0.000210061
2026-10-01 21:42:21,720 step=12630 train=2.20795 val=None lr=0.000209931
2026-10-01 21:42:24,220 step=12640 train=2.20678 val=None lr=0.0002098
2026-10-01 21:42:26,628 step=12650 train=1.77639 val=None lr=0.000209669
2026-10-01 21:42:29,202 step=12660 train=1.97694 val=None lr=0.000209539
2026-10-01 21:42:31,611 step=12670 train=2.18434 val=None lr=0.000209408
2026-10-01 21:42:34,368 step=12680 train=2.14316 val=None lr=0.000209277
2026-10-01 21:42:36,798 step=12690 train=2.01345 val=None lr=0.000209146
2026-10-01 21:42:40,643 step=12700 train=2.17333 val=2.0560748636722566 lr=0.000209015
2026-10-01 21:42:43,130 step=12710 train=2.14626 val=None lr=0.000208884
2026-10-01 21:42:45,516 step=12720 train=1.94191 val=None lr=0.000208753
2026-10-01 21:42:47,855 step=12730 train=2.05291 val=None lr=0.000208622
2026-10-01 21:42:50,313 step=12740 train=2.04458 val=None lr=0.000208491
2026-10-01 21:42:53,064 step=12750 train=2.38336 val=None lr=0.00020836
2026-10-01 21:42:55,907 step=12760 train=2.18068 val=None lr=0.000208229
2026-10-01 21:42:58,414 step=12770 train=2.00341 val=None lr=0.000208098
2026-10-01 21:43:01,407 step=12780 train=2.28461 val=None lr=0.000207967
2026-10-01 21:43:03,956 step=12790 train=2.00967 val=None lr=0.000207835
2026-10-01 21:43:07,793 step=12800 train=1.85768 val=2.05734036564827 lr=0.000207704
2026-10-01 21:43:10,441 step=12810 train=2.14637 val=None lr=0.000207572
2026-10-01 21:43:12,251 step=12820 train=1.93107 val=None lr=0.000207441
2026-10-01 21:43:14,648 step=12830 train=2.06167 val=None lr=0.00020731
2026-10-01 21:43:17,097 step=12840 train=2.13091 val=None lr=0.000207178
2026-10-01 21:43:19,366 step=12850 train=2.35815 val=None lr=0.000207046
2026-10-01 21:43:21,787 step=12860 train=2.17462 val=None lr=0.000206915
2026-10-01 21:43:24,051 step=12870 train=2.17692 val=None lr=0.000206783
2026-10-01 21:43:26,310 step=12880 train=1.95166 val=None lr=0.000206651
2026-10-01 21:43:28,852 step=12890 train=2.06836 val=None lr=0.00020652
2026-10-01 21:43:34,717 step=12900 train=2.42343 val=2.0483992397785187 lr=0.000206388
2026-10-01 21:43:37,280 step=12910 train=2.14517 val=None lr=0.000206256
2026-10-01 21:43:39,854 step=12920 train=2.03891 val=None lr=0.000206124
2026-10-01 21:43:42,370 step=12930 train=2.22921 val=None lr=0.000205992
2026-10-01 21:43:43,985 step=12940 train=1.82925 val=None lr=0.00020586
2026-10-01 21:43:46,343 step=12950 train=2.18061 val=None lr=0.000205728
2026-10-01 21:43:48,678 step=12960 train=1.91164 val=None lr=0.000205596
2026-10-01 21:43:51,037 step=12970 train=2.13059 val=None lr=0.000205464
2026-10-01 21:43:53,421 step=12980 train=1.97678 val=None lr=0.000205332
2026-10-01 21:43:55,853 step=12990 train=2.03555 val=None lr=0.0002052
2026-10-01 21:44:01,429 step=13000 train=2.06504 val=2.047906017303467 lr=0.000205068
2026-10-01 21:44:09,613 step=13010 train=2.25514 val=None lr=0.000204935
2026-10-01 21:44:11,957 step=13020 train=2.31530 val=None lr=0.000204803
2026-10-01 21:44:13,624 step=13030 train=2.14772 val=None lr=0.000204671
2026-10-01 21:44:15,954 step=13040 train=2.19027 val=None lr=0.000204538
2026-10-01 21:44:18,466 step=13050 train=1.93737 val=None lr=0.000204406
2026-10-01 21:44:20,963 step=13060 train=2.06219 val=None lr=0.000204273
2026-10-01 21:44:23,311 step=13070 train=2.11625 val=None lr=0.000204141
2026-10-01 21:44:25,560 step=13080 train=2.16813 val=None lr=0.000204008
2026-10-01 21:44:28,005 step=13090 train=1.98922 val=None lr=0.000203876
2026-10-01 21:44:32,536 step=13100 train=1.86965 val=2.0459742069244387 lr=0.000203743
2026-10-01 21:44:34,913 step=13110 train=2.15319 val=None lr=0.00020361
2026-10-01 21:44:37,201 step=13120 train=2.08511 val=None lr=0.000203478
2026-10-01 21:44:39,547 step=13130 train=2.00501 val=None lr=0.000203345
2026-10-01 21:44:41,830 step=13140 train=1.83713 val=None lr=0.000203212
2026-10-01 21:44:44,242 step=13150 train=1.77839 val=None lr=0.000203079
2026-10-01 21:44:45,961 step=13160 train=2.33795 val=None lr=0.000202946
2026-10-01 21:44:48,246 step=13170 train=2.31635 val=None lr=0.000202813
2026-10-01 21:44:50,734 step=13180 train=1.82646 val=None lr=0.00020268
2026-10-01 21:44:53,196 step=13190 train=2.32818 val=None lr=0.000202547
2026-10-01 21:44:57,799 step=13200 train=2.27661 val=2.039196413755417 lr=0.000202414
2026-10-01 21:45:00,345 step=13210 train=2.20249 val=None lr=0.000202281
2026-10-01 21:45:02,629 step=13220 train=1.97076 val=None lr=0.000202148
2026-10-01 21:45:05,270 step=13230 train=1.89734 val=None lr=0.000202015
2026-10-01 21:45:07,791 step=13240 train=2.16398 val=None lr=0.000201882
2026-10-01 21:45:10,085 step=13250 train=2.17720 val=None lr=0.000201749
2026-10-01 21:45:12,394 step=13260 train=2.03524 val=None lr=0.000201615
2026-10-01 21:45:14,906 step=13270 train=1.83352 val=None lr=0.000201482
2026-10-01 21:45:17,318 step=13280 train=2.10701 val=None lr=0.000201349
2026-10-01 21:45:19,157 step=13290 train=2.01629 val=None lr=0.000201215
2026-10-01 21:45:24,004 step=13300 train=1.87473 val=2.0390570223331452 lr=0.000201082
2026-10-01 21:45:26,386 step=13310 train=2.46833 val=None lr=0.000200948
2026-10-01 21:45:28,867 step=13320 train=2.01661 val=None lr=0.000200815
2026-10-01 21:45:31,368 step=13330 train=2.20293 val=None lr=0.000200681
2026-10-01 21:45:33,621 step=13340 train=2.49323 val=None lr=0.000200548
2026-10-01 21:45:36,070 step=13350 train=2.05309 val=None lr=0.000200414
2026-10-01 21:45:38,535 step=13360 train=1.98681 val=None lr=0.00020028
2026-10-01 21:45:41,018 step=13370 train=1.91414 val=None lr=0.000200147
2026-10-01 21:45:43,571 step=13380 train=1.97480 val=None lr=0.000200013
2026-10-01 21:45:45,950 step=13390 train=1.99606 val=None lr=0.000199879
2026-10-01 21:45:49,952 step=13400 train=2.03702 val=2.0321791887283327 lr=0.000199745
2026-10-01 21:45:52,521 step=13410 train=2.03444 val=None lr=0.000199612
2026-10-01 21:45:55,042 step=13420 train=2.11216 val=None lr=0.000199478
2026-10-01 21:45:57,492 step=13430 train=2.06376 val=None lr=0.000199344
2026-10-01 21:45:59,932 step=13440 train=2.43726 val=None lr=0.00019921
2026-10-01 21:46:02,608 step=13450 train=1.98339 val=None lr=0.000199076
2026-10-01 21:46:04,922 step=13460 train=2.40455 val=None lr=0.000198942
2026-10-01 21:46:07,412 step=13470 train=2.08476 val=None lr=0.000198808
2026-10-01 21:46:09,845 step=13480 train=1.96422 val=None lr=0.000198674
2026-10-01 21:46:12,401 step=13490 train=2.27617 val=None lr=0.00019854
2026-10-01 21:46:17,132 step=13500 train=2.44095 val=2.030592453479767 lr=0.000198405
2026-10-01 21:46:20,772 step=13510 train=2.04102 val=None lr=0.000198271
2026-10-01 21:46:23,243 step=13520 train=2.19457 val=None lr=0.000198137
2026-10-01 21:46:25,729 step=13530 train=2.09963 val=None lr=0.000198003
2026-10-01 21:46:28,014 step=13540 train=2.41265 val=None lr=0.000197868
2026-10-01 21:46:30,647 step=13550 train=1.97847 val=None lr=0.000197734
2026-10-01 21:46:33,008 step=13560 train=2.07484 val=None lr=0.0001976
2026-10-01 21:46:35,355 step=13570 train=1.77709 val=None lr=0.000197465
2026-10-01 21:46:38,030 step=13580 train=1.92818 val=None lr=0.000197331
2026-10-01 21:46:40,642 step=13590 train=2.10023 val=None lr=0.000197196
2026-10-01 21:46:45,585 step=13600 train=2.12141 val=2.026011723279953 lr=0.000197062
2026-10-01 21:46:47,895 step=13610 train=1.90116 val=None lr=0.000196927
2026-10-01 21:46:50,219 step=13620 train=2.24628 val=None lr=0.000196793
2026-10-01 21:46:52,766 step=13630 train=2.07719 val=None lr=0.000196658
2026-10-01 21:46:54,573 step=13640 train=2.08795 val=None lr=0.000196524
2026-10-01 21:46:56,869 step=13650 train=2.10188 val=None lr=0.000196389
2026-10-01 21:46:59,470 step=13660 train=2.12173 val=None lr=0.000196254
2026-10-01 21:47:01,754 step=13670 train=2.11320 val=None lr=0.000196119
2026-10-01 21:47:04,227 step=13680 train=2.07784 val=None lr=0.000195985
2026-10-01 21:47:06,762 step=13690 train=1.90128 val=None lr=0.00019585
2026-10-01 21:47:10,939 step=13700 train=1.98850 val=2.017971342802048 lr=0.000195715
2026-10-01 21:47:13,336 step=13710 train=1.84205 val=None lr=0.00019558
2026-10-01 21:47:15,768 step=13720 train=2.02615 val=None lr=0.000195445
2026-10-01 21:47:18,297 step=13730 train=2.06051 val=None lr=0.00019531
2026-10-01 21:47:20,733 step=13740 train=2.05052 val=None lr=0.000195175
2026-10-01 21:47:23,137 step=13750 train=2.01524 val=None lr=0.00019504
2026-10-01 21:47:24,879 step=13760 train=1.98836 val=None lr=0.000194905
2026-10-01 21:47:27,345 step=13770 train=1.91758 val=None lr=0.00019477
2026-10-01 21:47:29,828 step=13780 train=2.30238 val=None lr=0.000194635
2026-10-01 21:47:32,064 step=13790 train=2.08750 val=None lr=0.0001945
2026-10-01 21:47:35,644 step=13800 train=1.77332 val=2.018211579322815 lr=0.000194365
2026-10-01 21:47:38,197 step=13810 train=2.20557 val=None lr=0.00019423
2026-10-01 21:47:40,657 step=13820 train=2.01827 val=None lr=0.000194094
2026-10-01 21:47:43,085 step=13830 train=2.54040 val=None lr=0.000193959
2026-10-01 21:47:45,514 step=13840 train=2.03300 val=None lr=0.000193824
2026-10-01 21:47:47,936 step=13850 train=1.81589 val=None lr=0.000193689
2026-10-01 21:47:50,570 step=13860 train=2.60217 val=None lr=0.000193553
2026-10-01 21:47:52,953 step=13870 train=2.11044 val=None lr=0.000193418
2026-10-01 21:47:55,393 step=13880 train=2.28866 val=None lr=0.000193283
2026-10-01 21:47:57,243 step=13890 train=1.92969 val=None lr=0.000193147
2026-10-01 21:48:02,241 step=13900 train=2.02645 val=2.0128633320331573 lr=0.000193012
2026-10-01 21:48:04,655 step=13910 train=2.01676 val=None lr=0.000192876
2026-10-01 21:48:07,059 step=13920 train=2.07183 val=None lr=0.000192741
2026-10-01 21:48:09,394 step=13930 train=1.90130 val=None lr=0.000192605
2026-10-01 21:48:11,835 step=13940 train=2.25680 val=None lr=0.00019247
2026-10-01 21:48:14,244 step=13950 train=2.33936 val=None lr=0.000192334
2026-10-01 21:48:16,762 step=13960 train=2.18190 val=None lr=0.000192198
2026-10-01 21:48:19,183 step=13970 train=2.40737 val=None lr=0.000192063
2026-10-01 21:48:21,730 step=13980 train=2.02673 val=None lr=0.000191927
2026-10-01 21:48:24,293 step=13990 train=2.47383 val=None lr=0.000191791
2026-10-01 21:48:27,943 step=14000 train=1.94449 val=2.0120139896869658 lr=0.000191655
2026-10-01 21:48:32,341 step=14010 train=2.05594 val=None lr=0.00019152
2026-10-01 21:48:34,849 step=14020 train=1.95175 val=None lr=0.000191384
2026-10-01 21:48:37,311 step=14030 train=2.22813 val=None lr=0.000191248
2026-10-01 21:48:39,696 step=14040 train=2.21269 val=None lr=0.000191112
2026-10-01 21:48:42,305 step=14050 train=2.04471 val=None lr=0.000190976
2026-10-01 21:48:44,853 step=14060 train=1.86714 val=None lr=0.00019084
2026-10-01 21:48:47,596 step=14070 train=2.06841 val=None lr=0.000190704
2026-10-01 21:48:49,936 step=14080 train=2.19831 val=None lr=0.000190568
2026-10-01 21:48:52,366 step=14090 train=2.02997 val=None lr=0.000190432
2026-10-01 21:48:57,130 step=14100 train=2.23832 val=2.00749551653862 lr=0.000190296
2026-10-01 21:48:59,514 step=14110 train=2.13263 val=None lr=0.00019016
2026-10-01 21:49:01,149 step=14120 train=2.02417 val=None lr=0.000190024
2026-10-01 21:49:03,887 step=14130 train=2.22346 val=None lr=0.000189888
2026-10-01 21:49:06,335 step=14140 train=2.01197 val=None lr=0.000189752
2026-10-01 21:49:08,642 step=14150 train=2.13686 val=None lr=0.000189616
2026-10-01 21:49:11,109 step=14160 train=2.14528 val=None lr=0.00018948
2026-10-01 21:49:13,854 step=14170 train=2.13460 val=None lr=0.000189344
2026-10-01 21:49:16,295 step=14180 train=2.10652 val=None lr=0.000189207
2026-10-01 21:49:18,815 step=14190 train=2.14555 val=None lr=0.000189071
2026-10-01 21:49:24,218 step=14200 train=2.11450 val=2.002377325296402 lr=0.000188935
2026-10-01 21:49:26,646 step=14210 train=2.11451 val=None lr=0.000188799
2026-10-01 21:49:29,468 step=14220 train=2.09933 val=None lr=0.000188662
2026-10-01 21:49:31,714 step=14230 train=2.38752 val=None lr=0.000188526
2026-10-01 21:49:33,634 step=14240 train=1.88370 val=None lr=0.000188389
2026-10-01 21:49:36,065 step=14250 train=2.40756 val=None lr=0.000188253
2026-10-01 21:49:38,661 step=14260 train=2.06217 val=None lr=0.000188117
2026-10-01 21:49:41,230 step=14270 train=2.16153 val=None lr=0.00018798
2026-10-01 21:49:44,439 step=14280 train=1.90333 val=None lr=0.000187844
2026-10-01 21:49:46,908 step=14290 train=2.01149 val=None lr=0.000187707
2026-10-01 21:49:52,549 step=14300 train=1.95379 val=2.0017005622386934 lr=0.000187571
2026-10-01 21:49:55,082 step=14310 train=2.40761 val=None lr=0.000187434
2026-10-01 21:49:57,402 step=14320 train=1.90811 val=None lr=0.000187298
2026-10-01 21:49:59,892 step=14330 train=2.03440 val=None lr=0.000187161
2026-10-01 21:50:02,652 step=14340 train=1.80380 val=None lr=0.000187024
2026-10-01 21:50:04,293 step=14350 train=2.50163 val=None lr=0.000186888
2026-10-01 21:50:06,705 step=14360 train=1.86540 val=None lr=0.000186751
2026-10-01 21:50:09,169 step=14370 train=2.07338 val=None lr=0.000186614
2026-10-01 21:50:11,730 step=14380 train=2.03032 val=None lr=0.000186478
2026-10-01 21:50:14,399 step=14390 train=2.25728 val=None lr=0.000186341
2026-10-01 21:50:18,838 step=14400 train=2.03393 val=1.9992557764053345 lr=0.000186204
2026-10-01 21:50:21,191 step=14410 train=2.30427 val=None lr=0.000186067
2026-10-01 21:50:23,809 step=14420 train=2.05036 val=None lr=0.000185931
2026-10-01 21:50:26,397 step=14430 train=1.85663 val=None lr=0.000185794
2026-10-01 21:50:28,834 step=14440 train=2.11181 val=None lr=0.000185657
2026-10-01 21:50:31,224 step=14450 train=1.95420 val=None lr=0.00018552
2026-10-01 21:50:33,567 step=14460 train=2.16856 val=None lr=0.000185383
2026-10-01 21:50:35,427 step=14470 train=2.31448 val=None lr=0.000185246
2026-10-01 21:50:37,976 step=14480 train=1.98101 val=None lr=0.000185109
2026-10-01 21:50:40,302 step=14490 train=2.08474 val=None lr=0.000184972
2026-10-01 21:50:44,948 step=14500 train=2.11470 val=1.99679753780365 lr=0.000184835
2026-10-01 21:50:49,919 step=14510 train=1.89648 val=None lr=0.000184698
2026-10-01 21:50:52,382 step=14520 train=1.90663 val=None lr=0.000184561
2026-10-01 21:50:55,129 step=14530 train=1.97550 val=None lr=0.000184424
2026-10-01 21:50:57,510 step=14540 train=1.84146 val=None lr=0.000184287
2026-10-01 21:50:59,983 step=14550 train=1.96779 val=None lr=0.00018415
2026-10-01 21:51:02,382 step=14560 train=2.08331 val=None lr=0.000184013
2026-10-01 21:51:04,799 step=14570 train=2.08226 val=None lr=0.000183876
2026-10-01 21:51:07,218 step=14580 train=2.31573 val=None lr=0.000183739
2026-10-01 21:51:08,876 step=14590 train=2.13754 val=None lr=0.000183602
2026-10-01 21:51:14,675 step=14600 train=2.07304 val=1.9948598146438599 lr=0.000183465
2026-10-01 21:51:17,038 step=14610 train=2.14391 val=None lr=0.000183327
2026-10-01 21:51:19,601 step=14620 train=2.08142 val=None lr=0.00018319
2026-10-01 21:51:22,057 step=14630 train=2.11918 val=None lr=0.000183053
2026-10-01 21:51:24,577 step=14640 train=2.05462 val=None lr=0.000182916
2026-10-01 21:51:26,969 step=14650 train=2.27230 val=None lr=0.000182778
2026-10-01 21:51:29,275 step=14660 train=2.05044 val=None lr=0.000182641
2026-10-01 21:51:31,955 step=14670 train=2.02322 val=None lr=0.000182504
2026-10-01 21:51:34,425 step=14680 train=2.08590 val=None lr=0.000182366
2026-10-01 21:51:36,817 step=14690 train=2.21694 val=None lr=0.000182229
2026-10-01 21:51:40,751 step=14700 train=1.70812 val=1.991274356842041 lr=0.000182092
2026-10-01 21:51:43,222 step=14710 train=2.23789 val=None lr=0.000181954
2026-10-01 21:51:45,583 step=14720 train=2.02300 val=None lr=0.000181817
2026-10-01 21:51:48,057 step=14730 train=2.12460 val=None lr=0.00018168
2026-10-01 21:51:50,620 step=14740 train=2.00867 val=None lr=0.000181542
2026-10-01 21:51:53,046 step=14750 train=2.00445 val=None lr=0.000181405
2026-10-01 21:51:55,465 step=14760 train=2.12127 val=None lr=0.000181267
2026-10-01 21:51:57,914 step=14770 train=1.99132 val=None lr=0.00018113
2026-10-01 21:52:00,300 step=14780 train=1.95490 val=None lr=0.000180992
2026-10-01 21:52:02,557 step=14790 train=1.79343 val=None lr=0.000180855
2026-10-01 21:52:07,048 step=14800 train=1.88594 val=1.987255609035492 lr=0.000180717
2026-10-01 21:52:09,559 step=14810 train=1.88360 val=None lr=0.00018058
2026-10-01 21:52:11,147 step=14820 train=1.92456 val=None lr=0.000180442
2026-10-01 21:52:13,555 step=14830 train=1.99404 val=None lr=0.000180304
2026-10-01 21:52:16,342 step=14840 train=2.11263 val=None lr=0.000180167
2026-10-01 21:52:18,647 step=14850 train=2.00407 val=None lr=0.000180029
2026-10-01 21:52:21,203 step=14860 train=2.06357 val=None lr=0.000179892
2026-10-01 21:52:23,755 step=14870 train=1.75720 val=None lr=0.000179754
2026-10-01 21:52:26,150 step=14880 train=1.85210 val=None lr=0.000179616
2026-10-01 21:52:28,455 step=14890 train=2.17020 val=None lr=0.000179479
2026-10-01 21:52:32,398 step=14900 train=2.01472 val=1.9877091944217682 lr=0.000179341
2026-10-01 21:52:34,771 step=14910 train=2.09382 val=None lr=0.000179203
2026-10-01 21:52:37,401 step=14920 train=2.06851 val=None lr=0.000179065
2026-10-01 21:52:40,073 step=14930 train=2.04119 val=None lr=0.000178928
2026-10-01 21:52:42,497 step=14940 train=2.07151 val=None lr=0.00017879
2026-10-01 21:52:43,967 step=14950 train=1.78452 val=None lr=0.000178652
2026-10-01 21:52:46,414 step=14960 train=2.20850 val=None lr=0.000178514
2026-10-01 21:52:48,976 step=14970 train=1.80231 val=None lr=0.000178377
2026-10-01 21:52:51,470 step=14980 train=2.06666 val=None lr=0.000178239
2026-10-01 21:52:53,792 step=14990 train=2.11952 val=None lr=0.000178101
2026-10-01 21:52:57,537 step=15000 train=2.27933 val=1.9877046465873718 lr=0.000177963
2026-10-01 21:53:02,140 step=15010 train=1.85938 val=None lr=0.000177825
2026-10-01 21:53:04,391 step=15020 train=2.05562 val=None lr=0.000177687
2026-10-01 21:53:06,629 step=15030 train=1.94184 val=None lr=0.00017755
2026-10-01 21:53:08,960 step=15040 train=1.98145 val=None lr=0.000177412
2026-10-01 21:53:11,446 step=15050 train=1.93345 val=None lr=0.000177274
2026-10-01 21:53:13,845 step=15060 train=1.90287 val=None lr=0.000177136
2026-10-01 21:53:15,778 step=15070 train=1.80932 val=None lr=0.000176998
2026-10-01 21:53:18,230 step=15080 train=2.23815 val=None lr=0.00017686
2026-10-01 21:53:20,785 step=15090 train=1.95582 val=None lr=0.000176722
2026-10-01 21:53:25,618 step=15100 train=2.02329 val=1.9830672979354858 lr=0.000176584
2026-10-01 21:53:28,182 step=15110 train=1.86928 val=None lr=0.000176446
2026-10-01 21:53:30,598 step=15120 train=2.04481 val=None lr=0.000176308
2026-10-01 21:53:33,191 step=15130 train=1.89615 val=None lr=0.00017617
2026-10-01 21:53:35,602 step=15140 train=2.11689 val=None lr=0.000176032
2026-10-01 21:53:38,018 step=15150 train=1.82438 val=None lr=0.000175894
2026-10-01 21:53:40,375 step=15160 train=2.21768 val=None lr=0.000175756
2026-10-01 21:53:42,775 step=15170 train=1.93204 val=None lr=0.000175618
2026-10-01 21:53:45,083 step=15180 train=2.28823 val=None lr=0.00017548
2026-10-01 21:53:46,838 step=15190 train=2.14218 val=None lr=0.000175342
2026-10-01 21:53:51,793 step=15200 train=1.96294 val=1.978606915473938 lr=0.000175204
2026-10-01 21:53:54,142 step=15210 train=2.32245 val=None lr=0.000175066
2026-10-01 21:53:56,468 step=15220 train=1.96108 val=None lr=0.000174927
2026-10-01 21:53:58,838 step=15230 train=2.02820 val=None lr=0.000174789
2026-10-01 21:54:01,176 step=15240 train=1.83399 val=None lr=0.000174651
2026-10-01 21:54:03,665 step=15250 train=2.33168 val=None lr=0.000174513
2026-10-01 21:54:06,210 step=15260 train=2.16071 val=None lr=0.000174375
2026-10-01 21:54:08,539 step=15270 train=2.05744 val=None lr=0.000174237
2026-10-01 21:54:10,958 step=15280 train=2.25256 val=None lr=0.000174099
2026-10-01 21:54:13,196 step=15290 train=1.99061 val=None lr=0.00017396
2026-10-01 21:54:17,815 step=15300 train=2.17050 val=1.9747617959976196 lr=0.000173822
2026-10-01 21:54:19,446 step=15310 train=1.98122 val=None lr=0.000173684
2026-10-01 21:54:21,781 step=15320 train=2.03556 val=None lr=0.000173546
2026-10-01 21:54:24,185 step=15330 train=2.04672 val=None lr=0.000173408
2026-10-01 21:54:26,484 step=15340 train=2.02032 val=None lr=0.000173269
2026-10-01 21:54:28,871 step=15350 train=2.19250 val=None lr=0.000173131
2026-10-01 21:54:31,421 step=15360 train=2.24013 val=None lr=0.000172993
2026-10-01 21:54:33,915 step=15370 train=2.05085 val=None lr=0.000172855
2026-10-01 21:54:36,307 step=15380 train=2.01013 val=None lr=0.000172716
2026-10-01 21:54:38,571 step=15390 train=1.92957 val=None lr=0.000172578
2026-10-01 21:54:43,423 step=15400 train=1.87286 val=1.9745181560516358 lr=0.00017244
2026-10-01 21:54:45,762 step=15410 train=1.83255 val=None lr=0.000172302
2026-10-01 21:54:48,040 step=15420 train=2.15494 val=None lr=0.000172163
2026-10-01 21:54:49,681 step=15430 train=1.88904 val=None lr=0.000172025
2026-10-01 21:54:52,080 step=15440 train=2.01246 val=None lr=0.000171887
2026-10-01 21:54:54,534 step=15450 train=1.76237 val=None lr=0.000171748
2026-10-01 21:54:56,899 step=15460 train=1.97619 val=None lr=0.00017161
2026-10-01 21:54:59,554 step=15470 train=1.91683 val=None lr=0.000171472
2026-10-01 21:55:01,857 step=15480 train=1.85399 val=None lr=0.000171333
2026-10-01 21:55:04,093 step=15490 train=1.93197 val=None lr=0.000171195
2026-10-01 21:55:08,556 step=15500 train=1.94593 val=1.9680089354515076 lr=0.000171057
2026-10-01 21:55:13,053 step=15510 train=1.79785 val=None lr=0.000170918
2026-10-01 21:55:15,513 step=15520 train=1.99023 val=None lr=0.00017078
2026-10-01 21:55:18,053 step=15530 train=1.98258 val=None lr=0.000170642
2026-10-01 21:55:20,338 step=15540 train=1.97355 val=None lr=0.000170503
2026-10-01 21:55:21,829 step=15550 train=1.77477 val=None lr=0.000170365
2026-10-01 21:55:24,263 step=15560 train=2.06514 val=None lr=0.000170227
2026-10-01 21:55:26,628 step=15570 train=2.14574 val=None lr=0.000170088
2026-10-01 21:55:29,124 step=15580 train=1.95487 val=None lr=0.00016995
2026-10-01 21:55:31,435 step=15590 train=2.08372 val=None lr=0.000169811
2026-10-01 21:55:35,256 step=15600 train=1.91024 val=1.9704042077064514 lr=0.000169673
2026-10-01 21:55:37,609 step=15610 train=2.03887 val=None lr=0.000169535
2026-10-01 21:55:39,975 step=15620 train=1.73788 val=None lr=0.000169396
2026-10-01 21:55:42,374 step=15630 train=1.90507 val=None lr=0.000169258
2026-10-01 21:55:45,008 step=15640 train=2.15859 val=None lr=0.000169119
2026-10-01 21:55:47,464 step=15650 train=2.32139 val=None lr=0.000168981
2026-10-01 21:55:49,766 step=15660 train=1.76672 val=None lr=0.000168842
2026-10-01 21:55:52,137 step=15670 train=1.89040 val=None lr=0.000168704
2026-10-01 21:55:53,978 step=15680 train=2.27826 val=None lr=0.000168566
2026-10-01 21:55:56,562 step=15690 train=1.90511 val=None lr=0.000168427
2026-10-01 21:56:01,290 step=15700 train=2.24588 val=1.966434931755066 lr=0.000168289
2026-10-01 21:56:03,585 step=15710 train=2.02615 val=None lr=0.00016815
2026-10-01 21:56:06,107 step=15720 train=2.04453 val=None lr=0.000168012
2026-10-01 21:56:08,477 step=15730 train=2.04267 val=None lr=0.000167873
2026-10-01 21:56:10,753 step=15740 train=2.08040 val=None lr=0.000167735
2026-10-01 21:56:13,270 step=15750 train=2.10902 val=None lr=0.000167596
2026-10-01 21:56:15,636 step=15760 train=1.99403 val=None lr=0.000167458
2026-10-01 21:56:18,148 step=15770 train=1.87975 val=None lr=0.00016732
2026-10-01 21:56:20,778 step=15780 train=2.12024 val=None lr=0.000167181
2026-10-01 21:56:23,281 step=15790 train=2.26171 val=None lr=0.000167043
2026-10-01 21:56:26,757 step=15800 train=1.90582 val=1.9640313267707825 lr=0.000166904
2026-10-01 21:56:29,159 step=15810 train=2.03685 val=None lr=0.000166766
2026-10-01 21:56:31,574 step=15820 train=2.22684 val=None lr=0.000166627
2026-10-01 21:56:34,103 step=15830 train=2.25833 val=None lr=0.000166489
2026-10-01 21:56:36,400 step=15840 train=1.82454 val=None lr=0.00016635
2026-10-01 21:56:38,824 step=15850 train=2.28567 val=None lr=0.000166212
2026-10-01 21:56:41,208 step=15860 train=2.35301 val=None lr=0.000166073
2026-10-01 21:56:43,543 step=15870 train=2.03675 val=None lr=0.000165935
2026-10-01 21:56:45,837 step=15880 train=1.91703 val=None lr=0.000165796
2026-10-01 21:56:48,072 step=15890 train=1.78479 val=None lr=0.000165658
2026-10-01 21:56:51,762 step=15900 train=2.09965 val=1.9649906277656555 lr=0.000165519
2026-10-01 21:56:54,324 step=15910 train=1.98134 val=None lr=0.000165381
2026-10-01 21:56:56,631 step=15920 train=1.91945 val=None lr=0.000165242
2026-10-01 21:56:58,430 step=15930 train=1.84243 val=None lr=0.000165104
2026-10-01 21:57:01,025 step=15940 train=2.05322 val=None lr=0.000164965
2026-10-01 21:57:03,351 step=15950 train=2.16937 val=None lr=0.000164827
2026-10-01 21:57:05,665 step=15960 train=1.70131 val=None lr=0.000164688
2026-10-01 21:57:08,055 step=15970 train=1.91141 val=None lr=0.00016455
2026-10-01 21:57:10,458 step=15980 train=2.03873 val=None lr=0.000164411
2026-10-01 21:57:12,978 step=15990 train=2.04088 val=None lr=0.000164273
2026-10-01 21:57:17,533 step=16000 train=2.01093 val=1.9625498175621032 lr=0.000164134
2026-10-01 21:57:22,027 step=16010 train=2.27724 val=None lr=0.000163996
2026-10-01 21:57:24,618 step=16020 train=1.84780 val=None lr=0.000163857
2026-10-01 21:57:27,265 step=16030 train=2.08088 val=None lr=0.000163719
2026-10-01 21:57:28,855 step=16040 train=1.98361 val=None lr=0.000163581
2026-10-01 21:57:31,447 step=16050 train=1.92067 val=None lr=0.000163442
2026-10-01 21:57:33,977 step=16060 train=2.02314 val=None lr=0.000163304
2026-10-01 21:57:36,332 step=16070 train=2.04133 val=None lr=0.000163165
2026-10-01 21:57:38,632 step=16080 train=2.05284 val=None lr=0.000163027
2026-10-01 21:57:40,939 step=16090 train=1.92478 val=None lr=0.000162888
2026-10-01 21:57:45,317 step=16100 train=2.21857 val=1.9581546187400818 lr=0.00016275
2026-10-01 21:57:48,106 step=16110 train=2.12593 val=None lr=0.000162611
2026-10-01 21:57:50,625 step=16120 train=1.79740 val=None lr=0.000162473
2026-10-01 21:57:53,213 step=16130 train=1.90106 val=None lr=0.000162334
2026-10-01 21:57:55,493 step=16140 train=2.02005 val=None lr=0.000162196
2026-10-01 21:57:57,829 step=16150 train=1.89934 val=None lr=0.000162057
2026-10-01 21:58:00,188 step=16160 train=1.99893 val=None lr=0.000161919
2026-10-01 21:58:01,931 step=16170 train=1.83677 val=None lr=0.00016178
2026-10-01 21:58:04,201 step=16180 train=1.88083 val=None lr=0.000161642
2026-10-01 21:58:06,598 step=16190 train=1.71423 val=None lr=0.000161504
2026-10-01 21:58:11,382 step=16200 train=1.89028 val=1.9528968930244446 lr=0.000161365
2026-10-01 21:58:13,750 step=16210 train=1.67965 val=None lr=0.000161227
2026-10-01 21:58:16,300 step=16220 train=1.86454 val=None lr=0.000161088
2026-10-01 21:58:18,577 step=16230 train=1.88858 val=None lr=0.00016095
2026-10-01 21:58:20,883 step=16240 train=2.14835 val=None lr=0.000160811
2026-10-01 21:58:23,232 step=16250 train=1.99298 val=None lr=0.000160673
2026-10-01 21:58:25,621 step=16260 train=1.78329 val=None lr=0.000160535
2026-10-01 21:58:27,967 step=16270 train=1.90183 val=None lr=0.000160396
2026-10-01 21:58:30,291 step=16280 train=2.12806 val=None lr=0.000160258
2026-10-01 21:58:31,864 step=16290 train=2.23692 val=None lr=0.000160119
2026-10-01 21:58:36,476 step=16300 train=2.02077 val=1.9513761341571807 lr=0.000159981
2026-10-01 21:58:38,823 step=16310 train=1.92891 val=None lr=0.000159843
2026-10-01 21:58:41,212 step=16320 train=2.35212 val=None lr=0.000159704
2026-10-01 21:58:43,839 step=16330 train=2.02927 val=None lr=0.000159566
2026-10-01 21:58:46,227 step=16340 train=1.73073 val=None lr=0.000159428
2026-10-01 21:58:48,683 step=16350 train=2.04394 val=None lr=0.000159289
2026-10-01 21:58:51,007 step=16360 train=1.98379 val=None lr=0.000159151
2026-10-01 21:58:53,545 step=16370 train=1.91442 val=None lr=0.000159012
2026-10-01 21:58:56,030 step=16380 train=1.93034 val=None lr=0.000158874
2026-10-01 21:58:58,986 step=16390 train=1.75121 val=None lr=0.000158736
2026-10-01 21:59:03,606 step=16400 train=1.89409 val=1.9477940142154693 lr=0.000158597
2026-10-01 21:59:05,369 step=16410 train=2.25232 val=None lr=0.000158459
2026-10-01 21:59:07,785 step=16420 train=1.78409 val=None lr=0.000158321
2026-10-01 21:59:10,250 step=16430 train=2.14181 val=None lr=0.000158182
2026-10-01 21:59:12,988 step=16440 train=1.72479 val=None lr=0.000158044
2026-10-01 21:59:15,335 step=16450 train=1.90980 val=None lr=0.000157906
2026-10-01 21:59:17,665 step=16460 train=1.73259 val=None lr=0.000157768
2026-10-01 21:59:19,886 step=16470 train=2.01778 val=None lr=0.000157629
2026-10-01 21:59:22,353 step=16480 train=1.86609 val=None lr=0.000157491
2026-10-01 21:59:25,221 step=16490 train=1.95940 val=None lr=0.000157353
2026-10-01 21:59:30,012 step=16500 train=2.02160 val=1.9462343215942384 lr=0.000157214
2026-10-01 21:59:35,162 step=16510 train=1.98489 val=None lr=0.000157076
2026-10-01 21:59:36,823 step=16520 train=1.81848 val=None lr=0.000156938
2026-10-01 21:59:39,342 step=16530 train=2.01407 val=None lr=0.0001568
2026-10-01 21:59:41,781 step=16540 train=2.09578 val=None lr=0.000156661
2026-10-01 21:59:44,053 step=16550 train=2.15296 val=None lr=0.000156523
2026-10-01 21:59:46,354 step=16560 train=2.00905 val=None lr=0.000156385
2026-10-01 21:59:48,695 step=16570 train=1.94942 val=None lr=0.000156247
2026-10-01 21:59:51,025 step=16580 train=1.76025 val=None lr=0.000156109
2026-10-01 21:59:53,266 step=16590 train=2.33982 val=None lr=0.00015597
2026-10-01 21:59:57,645 step=16600 train=1.90104 val=1.9418243944644928 lr=0.000155832
2026-10-01 22:00:00,206 step=16610 train=1.92144 val=None lr=0.000155694
2026-10-01 22:00:02,612 step=16620 train=2.15322 val=None lr=0.000155556
2026-10-01 22:00:04,965 step=16630 train=1.99425 val=None lr=0.000155418
2026-10-01 22:00:06,811 step=16640 train=2.05106 val=None lr=0.00015528
2026-10-01 22:00:09,357 step=16650 train=2.27763 val=None lr=0.000155142
2026-10-01 22:00:11,634 step=16660 train=1.65168 val=None lr=0.000155004
2026-10-01 22:00:13,987 step=16670 train=2.14939 val=None lr=0.000154865
2026-10-01 22:00:16,386 step=16680 train=1.80956 val=None lr=0.000154727
2026-10-01 22:00:18,659 step=16690 train=2.14137 val=None lr=0.000154589
2026-10-01 22:00:23,457 step=16700 train=2.10674 val=1.940525382757187 lr=0.000154451
2026-10-01 22:00:26,286 step=16710 train=1.92971 val=None lr=0.000154313
2026-10-01 22:00:28,729 step=16720 train=2.19610 val=None lr=0.000154175
2026-10-01 22:00:31,040 step=16730 train=2.10655 val=None lr=0.000154037
2026-10-01 22:00:33,381 step=16740 train=1.94028 val=None lr=0.000153899
2026-10-01 22:00:35,715 step=16750 train=2.02237 val=None lr=0.000153761
2026-10-01 22:00:38,112 step=16760 train=2.30070 val=None lr=0.000153623
2026-10-01 22:00:39,798 step=16770 train=2.09481 val=None lr=0.000153485
2026-10-01 22:00:42,160 step=16780 train=2.15052 val=None lr=0.000153347
2026-10-01 22:00:44,861 step=16790 train=1.99862 val=None lr=0.000153209
2026-10-01 22:00:49,581 step=16800 train=1.93216 val=1.9403814375400543 lr=0.000153071
2026-10-01 22:00:51,935 step=16810 train=1.69553 val=None lr=0.000152933
2026-10-01 22:00:54,414 step=16820 train=2.04677 val=None lr=0.000152795
2026-10-01 22:00:56,968 step=16830 train=2.21081 val=None lr=0.000152657
2026-10-01 22:00:59,306 step=16840 train=1.94119 val=None lr=0.000152519
2026-10-01 22:01:01,873 step=16850 train=1.94300 val=None lr=0.000152382
2026-10-01 22:01:04,400 step=16860 train=1.75642 val=None lr=0.000152244
2026-10-01 22:01:06,793 step=16870 train=2.11036 val=None lr=0.000152106
2026-10-01 22:01:09,152 step=16880 train=1.91085 val=None lr=0.000151968
2026-10-01 22:01:10,815 step=16890 train=1.90623 val=None lr=0.00015183
2026-10-01 22:01:15,690 step=16900 train=2.17203 val=1.9383039116859435 lr=0.000151692
2026-10-01 22:01:18,070 step=16910 train=2.06115 val=None lr=0.000151555
2026-10-01 22:01:20,658 step=16920 train=1.68770 val=None lr=0.000151417
2026-10-01 22:01:23,184 step=16930 train=1.82561 val=None lr=0.000151279
2026-10-01 22:01:25,580 step=16940 train=1.88063 val=None lr=0.000151141
2026-10-01 22:01:28,018 step=16950 train=2.35625 val=None lr=0.000151003
2026-10-01 22:01:30,479 step=16960 train=2.19734 val=None lr=0.000150866
2026-10-01 22:01:32,736 step=16970 train=1.88563 val=None lr=0.000150728
2026-10-01 22:01:35,205 step=16980 train=2.04670 val=None lr=0.00015059
2026-10-01 22:01:37,447 step=16990 train=1.87318 val=None lr=0.000150453
2026-10-01 22:01:41,707 step=17000 train=2.34714 val=1.9366620302200317 lr=0.000150315
2026-10-01 22:01:45,389 step=17010 train=1.85333 val=None lr=0.000150177
2026-10-01 22:01:47,640 step=17020 train=1.94757 val=None lr=0.00015004
2026-10-01 22:01:50,013 step=17030 train=2.03520 val=None lr=0.000149902
2026-10-01 22:01:52,699 step=17040 train=2.02124 val=None lr=0.000149764
2026-10-01 22:01:55,021 step=17050 train=1.90140 val=None lr=0.000149627
2026-10-01 22:01:57,551 step=17060 train=1.96120 val=None lr=0.000149489
2026-10-01 22:01:59,858 step=17070 train=2.06395 val=None lr=0.000149352
2026-10-01 22:02:02,252 step=17080 train=1.87540 val=None lr=0.000149214
2026-10-01 22:02:04,837 step=17090 train=1.92237 val=None lr=0.000149077
2026-10-01 22:02:09,800 step=17100 train=2.01282 val=1.936302649974823 lr=0.000148939
2026-10-01 22:02:12,453 step=17110 train=1.79948 val=None lr=0.000148802
2026-10-01 22:02:14,188 step=17120 train=1.91195 val=None lr=0.000148664
2026-10-01 22:02:16,709 step=17130 train=2.13645 val=None lr=0.000148527
2026-10-01 22:02:19,156 step=17140 train=1.94614 val=None lr=0.000148389
2026-10-01 22:02:21,588 step=17150 train=1.99916 val=None lr=0.000148252
2026-10-01 22:02:24,206 step=17160 train=1.94317 val=None lr=0.000148114
2026-10-01 22:02:26,891 step=17170 train=2.15834 val=None lr=0.000147977
2026-10-01 22:02:29,339 step=17180 train=1.93690 val=None lr=0.00014784
2026-10-01 22:02:32,387 step=17190 train=1.96740 val=None lr=0.000147702
2026-10-01 22:02:36,933 step=17200 train=1.91555 val=1.932827889919281 lr=0.000147565
2026-10-01 22:02:39,398 step=17210 train=1.88414 val=None lr=0.000147428
2026-10-01 22:02:41,782 step=17220 train=1.77553 val=None lr=0.00014729
2026-10-01 22:02:44,165 step=17230 train=2.30817 val=None lr=0.000147153
2026-10-01 22:02:45,650 step=17240 train=2.16703 val=None lr=0.000147016
2026-10-01 22:02:47,878 step=17250 train=1.97223 val=None lr=0.000146879
2026-10-01 22:02:50,148 step=17260 train=2.08023 val=None lr=0.000146741
2026-10-01 22:02:52,462 step=17270 train=1.92367 val=None lr=0.000146604
2026-10-01 22:02:55,041 step=17280 train=2.01660 val=None lr=0.000146467
2026-10-01 22:02:57,300 step=17290 train=2.08207 val=None lr=0.00014633
2026-10-01 22:03:01,011 step=17300 train=1.77146 val=1.932890957593918 lr=0.000146193
2026-10-01 22:03:03,472 step=17310 train=2.11721 val=None lr=0.000146055
2026-10-01 22:03:05,771 step=17320 train=1.90045 val=None lr=0.000145918
2026-10-01 22:03:08,262 step=17330 train=1.94492 val=None lr=0.000145781
2026-10-01 22:03:10,567 step=17340 train=1.79367 val=None lr=0.000145644
2026-10-01 22:03:12,816 step=17350 train=2.13678 val=None lr=0.000145507
2026-10-01 22:03:15,085 step=17360 train=1.94213 val=None lr=0.00014537
2026-10-01 22:03:16,942 step=17370 train=2.19565 val=None lr=0.000145233
2026-10-01 22:03:19,245 step=17380 train=1.57152 val=None lr=0.000145096
2026-10-01 22:03:21,626 step=17390 train=2.22056 val=None lr=0.000144959
2026-10-01 22:03:26,198 step=17400 train=1.93683 val=1.9271071135997773 lr=0.000144822
2026-10-01 22:03:28,473 step=17410 train=1.97501 val=None lr=0.000144685
2026-10-01 22:03:30,713 step=17420 train=1.91468 val=None lr=0.000144548
2026-10-01 22:03:32,967 step=17430 train=1.89868 val=None lr=0.000144412
2026-10-01 22:03:35,274 step=17440 train=2.00405 val=None lr=0.000144275
2026-10-01 22:03:37,632 step=17450 train=2.14795 val=None lr=0.000144138
2026-10-01 22:03:40,276 step=17460 train=2.16440 val=None lr=0.000144001
2026-10-01 22:03:42,621 step=17470 train=1.97469 val=None lr=0.000143864
2026-10-01 22:03:45,009 step=17480 train=1.99626 val=None lr=0.000143727
2026-10-01 22:03:47,476 step=17490 train=1.98454 val=None lr=0.000143591
2026-10-01 22:03:50,576 step=17500 train=1.79969 val=1.9273248374462129 lr=0.000143454
2026-10-01 22:03:55,045 step=17510 train=1.66538 val=None lr=0.000143317
2026-10-01 22:03:57,301 step=17520 train=2.00430 val=None lr=0.000143181
2026-10-01 22:03:59,738 step=17530 train=1.78755 val=None lr=0.000143044
2026-10-01 22:04:02,056 step=17540 train=1.79305 val=None lr=0.000142907
2026-10-01 22:04:04,527 step=17550 train=1.91501 val=None lr=0.000142771
2026-10-01 22:04:06,908 step=17560 train=2.05523 val=None lr=0.000142634
2026-10-01 22:04:09,310 step=17570 train=1.64989 val=None lr=0.000142498
2026-10-01 22:04:11,753 step=17580 train=2.12024 val=None lr=0.000142361
2026-10-01 22:04:14,343 step=17590 train=2.07301 val=None lr=0.000142225
2026-10-01 22:04:18,879 step=17600 train=1.85835 val=1.9250642657279968 lr=0.000142088
2026-10-01 22:04:20,582 step=17610 train=1.82377 val=None lr=0.000141952
2026-10-01 22:04:23,094 step=17620 train=1.86382 val=None lr=0.000141815
2026-10-01 22:04:25,435 step=17630 train=1.69990 val=None lr=0.000141679
2026-10-01 22:04:27,926 step=17640 train=2.01795 val=None lr=0.000141542
2026-10-01 22:04:30,615 step=17650 train=1.91547 val=None lr=0.000141406
2026-10-01 22:04:33,331 step=17660 train=2.09004 val=None lr=0.00014127
2026-10-01 22:04:35,696 step=17670 train=1.81587 val=None lr=0.000141133
2026-10-01 22:04:38,012 step=17680 train=1.75572 val=None lr=0.000140997
2026-10-01 22:04:40,293 step=17690 train=1.85659 val=None lr=0.000140861
2026-10-01 22:04:44,603 step=17700 train=2.32427 val=1.919945353269577 lr=0.000140725
2026-10-01 22:04:47,090 step=17710 train=1.98902 val=None lr=0.000140588
2026-10-01 22:04:49,577 step=17720 train=2.32418 val=None lr=0.000140452
2026-10-01 22:04:52,012 step=17730 train=2.05919 val=None lr=0.000140316
2026-10-01 22:04:53,802 step=17740 train=2.25783 val=None lr=0.00014018
2026-10-01 22:04:56,142 step=17750 train=2.00367 val=None lr=0.000140044
2026-10-01 22:04:58,644 step=17760 train=1.68914 val=None lr=0.000139908
2026-10-01 22:05:00,988 step=17770 train=2.04333 val=None lr=0.000139772
2026-10-01 22:05:03,267 step=17780 train=2.12270 val=None lr=0.000139636
2026-10-01 22:05:05,745 step=17790 train=1.95032 val=None lr=0.0001395
2026-10-01 22:05:10,455 step=17800 train=1.99931 val=1.9164097309112549 lr=0.000139364
2026-10-01 22:05:12,964 step=17810 train=2.06708 val=None lr=0.000139228
2026-10-01 22:05:15,355 step=17820 train=2.09798 val=None lr=0.000139092
2026-10-01 22:05:17,992 step=17830 train=2.23817 val=None lr=0.000138956
2026-10-01 22:05:20,379 step=17840 train=2.13803 val=None lr=0.00013882
2026-10-01 22:05:22,634 step=17850 train=2.14068 val=None lr=0.000138684
2026-10-01 22:05:24,115 step=17860 train=2.06748 val=None lr=0.000138548
2026-10-01 22:05:26,645 step=17870 train=1.62662 val=None lr=0.000138412
2026-10-01 22:05:29,264 step=17880 train=1.84404 val=None lr=0.000138277
2026-10-01 22:05:31,580 step=17890 train=2.10653 val=None lr=0.000138141
2026-10-01 22:05:35,875 step=17900 train=2.04440 val=1.9162640511989593 lr=0.000138005
2026-10-01 22:05:38,149 step=17910 train=1.90921 val=None lr=0.00013787
2026-10-01 22:05:40,456 step=17920 train=1.82172 val=None lr=0.000137734
2026-10-01 22:05:42,840 step=17930 train=2.01604 val=None lr=0.000137598
2026-10-01 22:05:45,217 step=17940 train=2.26920 val=None lr=0.000137463
2026-10-01 22:05:47,645 step=17950 train=1.87000 val=None lr=0.000137327
2026-10-01 22:05:50,017 step=17960 train=1.80107 val=None lr=0.000137192
2026-10-01 22:05:52,506 step=17970 train=1.98326 val=None lr=0.000137056
2026-10-01 22:05:54,910 step=17980 train=2.00744 val=None lr=0.000136921
2026-10-01 22:05:56,621 step=17990 train=2.04450 val=None lr=0.000136785
2026-10-01 22:06:01,054 step=18000 train=2.13803 val=1.915660697221756 lr=0.00013665
2026-10-01 22:06:05,656 step=18010 train=2.11769 val=None lr=0.000136514
2026-10-01 22:06:07,959 step=18020 train=1.87439 val=None lr=0.000136379
2026-10-01 22:06:10,296 step=18030 train=1.75259 val=None lr=0.000136244
2026-10-01 22:06:12,824 step=18040 train=2.06885 val=None lr=0.000136108
2026-10-01 22:06:15,060 step=18050 train=2.00126 val=None lr=0.000135973
2026-10-01 22:06:17,322 step=18060 train=1.88162 val=None lr=0.000135838
2026-10-01 22:06:19,826 step=18070 train=2.14126 val=None lr=0.000135703
2026-10-01 22:06:22,189 step=18080 train=1.93293 val=None lr=0.000135568
2026-10-01 22:06:24,521 step=18090 train=1.97237 val=None lr=0.000135432
2026-10-01 22:06:28,073 step=18100 train=1.77437 val=1.9129760921001435 lr=0.000135297
2026-10-01 22:06:30,432 step=18110 train=2.36300 val=None lr=0.000135162
2026-10-01 22:06:33,059 step=18120 train=2.27553 val=None lr=0.000135027
2026-10-01 22:06:35,514 step=18130 train=1.89570 val=None lr=0.000134892
2026-10-01 22:06:37,875 step=18140 train=1.69225 val=None lr=0.000134757
2026-10-01 22:06:40,312 step=18150 train=2.28619 val=None lr=0.000134622
2026-10-01 22:06:42,846 step=18160 train=2.02213 val=None lr=0.000134487
2026-10-01 22:06:45,282 step=18170 train=2.03750 val=None lr=0.000134352
2026-10-01 22:06:47,708 step=18180 train=1.84867 val=None lr=0.000134218
2026-10-01 22:06:49,982 step=18190 train=2.18079 val=None lr=0.000134083
2026-10-01 22:06:54,360 step=18200 train=2.03006 val=1.9122207522392274 lr=0.000133948
2026-10-01 22:06:57,096 step=18210 train=1.91941 val=None lr=0.000133813
2026-10-01 22:06:59,600 step=18220 train=1.72593 val=None lr=0.000133678
2026-10-01 22:07:01,038 step=18230 train=1.82634 val=None lr=0.000133544
2026-10-01 22:07:03,257 step=18240 train=1.97652 val=None lr=0.000133409
2026-10-01 22:07:05,758 step=18250 train=2.06193 val=None lr=0.000133275
2026-10-01 22:07:08,176 step=18260 train=1.97751 val=None lr=0.00013314
2026-10-01 22:07:10,538 step=18270 train=2.17130 val=None lr=0.000133005
2026-10-01 22:07:12,966 step=18280 train=1.76186 val=None lr=0.000132871
2026-10-01 22:07:15,548 step=18290 train=1.91215 val=None lr=0.000132736
2026-10-01 22:07:19,921 step=18300 train=1.98004 val=1.9111387073993682 lr=0.000132602
2026-10-01 22:07:22,256 step=18310 train=1.84010 val=None lr=0.000132467
2026-10-01 22:07:24,817 step=18320 train=2.13864 val=None lr=0.000132333
2026-10-01 22:07:27,071 step=18330 train=2.10998 val=None lr=0.000132199
2026-10-01 22:07:29,431 step=18340 train=2.02503 val=None lr=0.000132064
2026-10-01 22:07:31,081 step=18350 train=1.86360 val=None lr=0.00013193
2026-10-01 22:07:33,531 step=18360 train=1.99047 val=None lr=0.000131796
2026-10-01 22:07:36,040 step=18370 train=1.93022 val=None lr=0.000131662
2026-10-01 22:07:38,391 step=18380 train=2.02764 val=None lr=0.000131527
2026-10-01 22:07:40,674 step=18390 train=2.20462 val=None lr=0.000131393
2026-10-01 22:07:45,242 step=18400 train=1.85052 val=1.9104903519153595 lr=0.000131259
2026-10-01 22:07:47,577 step=18410 train=1.83329 val=None lr=0.000131125
2026-10-01 22:07:49,971 step=18420 train=1.93032 val=None lr=0.000130991
2026-10-01 22:07:52,329 step=18430 train=2.12943 val=None lr=0.000130857
2026-10-01 22:07:54,913 step=18440 train=2.07367 val=None lr=0.000130723
2026-10-01 22:07:57,511 step=18450 train=2.10658 val=None lr=0.000130589
2026-10-01 22:07:59,911 step=18460 train=1.76193 val=None lr=0.000130455
2026-10-01 22:08:02,306 step=18470 train=1.57461 val=None lr=0.000130321
2026-10-01 22:08:03,836 step=18480 train=1.94277 val=None lr=0.000130188
2026-10-01 22:08:06,309 step=18490 train=1.89302 val=None lr=0.000130054
2026-10-01 22:08:10,658 step=18500 train=1.83995 val=1.90671768784523 lr=0.00012992
2026-10-01 22:08:16,196 step=18510 train=1.93791 val=None lr=0.000129786
2026-10-01 22:08:18,779 step=18520 train=1.81148 val=None lr=0.000129653
2026-10-01 22:08:21,129 step=18530 train=1.99680 val=None lr=0.000129519
2026-10-01 22:08:23,462 step=18540 train=2.06676 val=None lr=0.000129385
2026-10-01 22:08:25,775 step=18550 train=1.97718 val=None lr=0.000129252
2026-10-01 22:08:28,228 step=18560 train=1.56219 val=None lr=0.000129118
2026-10-01 22:08:30,673 step=18570 train=2.13941 val=None lr=0.000128985
2026-10-01 22:08:33,012 step=18580 train=2.03643 val=None lr=0.000128851
2026-10-01 22:08:34,665 step=18590 train=1.72756 val=None lr=0.000128718
2026-10-01 22:08:39,011 step=18600 train=2.10555 val=1.9027986347675323 lr=0.000128585
2026-10-01 22:08:41,441 step=18610 train=1.97064 val=None lr=0.000128451
2026-10-01 22:08:43,818 step=18620 train=1.95649 val=None lr=0.000128318
2026-10-01 22:08:46,320 step=18630 train=1.92282 val=None lr=0.000128185
2026-10-01 22:08:48,847 step=18640 train=1.71352 val=None lr=0.000128052
2026-10-01 22:08:51,367 step=18650 train=2.29732 val=None lr=0.000127918
2026-10-01 22:08:53,943 step=18660 train=1.85462 val=None lr=0.000127785
2026-10-01 22:08:56,621 step=18670 train=1.87562 val=None lr=0.000127652
2026-10-01 22:08:59,011 step=18680 train=2.20964 val=None lr=0.000127519
2026-10-01 22:09:01,516 step=18690 train=1.96461 val=None lr=0.000127386
2026-10-01 22:09:06,069 step=18700 train=2.06204 val=1.9027621269226074 lr=0.000127253
2026-10-01 22:09:07,817 step=18710 train=1.75402 val=None lr=0.00012712
2026-10-01 22:09:10,091 step=18720 train=2.17235 val=None lr=0.000126987
2026-10-01 22:09:12,494 step=18730 train=1.86059 val=None lr=0.000126854
2026-10-01 22:09:14,748 step=18740 train=1.95944 val=None lr=0.000126722
2026-10-01 22:09:17,127 step=18750 train=1.71930 val=None lr=0.000126589
2026-10-01 22:09:19,620 step=18760 train=2.05728 val=None lr=0.000126456
2026-10-01 22:09:22,024 step=18770 train=1.76824 val=None lr=0.000126323
2026-10-01 22:09:24,323 step=18780 train=2.02294 val=None lr=0.000126191
2026-10-01 22:09:26,611 step=18790 train=2.02434 val=None lr=0.000126058
2026-10-01 22:09:30,217 step=18800 train=1.76341 val=1.903456938266754 lr=0.000125925
2026-10-01 22:09:32,663 step=18810 train=1.77381 val=None lr=0.000125793
2026-10-01 22:09:35,065 step=18820 train=1.90409 val=None lr=0.00012566
2026-10-01 22:09:37,359 step=18830 train=2.03907 val=None lr=0.000125528
2026-10-01 22:09:39,022 step=18840 train=1.77757 val=None lr=0.000125396
2026-10-01 22:09:41,479 step=18850 train=1.87009 val=None lr=0.000125263
2026-10-01 22:09:43,950 step=18860 train=1.79965 val=None lr=0.000125131
2026-10-01 22:09:46,400 step=18870 train=1.89632 val=None lr=0.000124999
2026-10-01 22:09:48,751 step=18880 train=2.01115 val=None lr=0.000124866
2026-10-01 22:09:50,981 step=18890 train=2.02606 val=None lr=0.000124734
2026-10-01 22:09:55,441 step=18900 train=1.68968 val=1.897565770149231 lr=0.000124602
2026-10-01 22:09:57,823 step=18910 train=1.92027 val=None lr=0.00012447
2026-10-01 22:10:00,048 step=18920 train=1.95362 val=None lr=0.000124338
2026-10-01 22:10:02,346 step=18930 train=2.17805 val=None lr=0.000124206
2026-10-01 22:10:04,642 step=18940 train=2.12748 val=None lr=0.000124074
2026-10-01 22:10:06,971 step=18950 train=1.79952 val=None lr=0.000123942
2026-10-01 22:10:09,442 step=18960 train=2.04697 val=None lr=0.00012381
2026-10-01 22:10:11,162 step=18970 train=1.82282 val=None lr=0.000123678
2026-10-01 22:10:13,513 step=18980 train=1.96644 val=None lr=0.000123546
2026-10-01 22:10:15,925 step=18990 train=1.88714 val=None lr=0.000123414
2026-10-01 22:10:19,996 step=19000 train=2.16884 val=1.8970158398151398 lr=0.000123283
2026-10-01 22:10:24,737 step=19010 train=2.29416 val=None lr=0.000123151
2026-10-01 22:10:27,138 step=19020 train=1.84758 val=None lr=0.000123019
2026-10-01 22:10:29,512 step=19030 train=2.15140 val=None lr=0.000122888
2026-10-01 22:10:31,928 step=19040 train=2.00661 val=None lr=0.000122756
2026-10-01 22:10:34,295 step=19050 train=1.92908 val=None lr=0.000122625
2026-10-01 22:10:36,556 step=19060 train=2.13924 val=None lr=0.000122493
2026-10-01 22:10:39,029 step=19070 train=1.86706 val=None lr=0.000122362
2026-10-01 22:10:41,486 step=19080 train=2.20126 val=None lr=0.00012223
2026-10-01 22:10:43,173 step=19090 train=1.78462 val=None lr=0.000122099
2026-10-01 22:10:47,843 step=19100 train=2.04026 val=1.894667422771454 lr=0.000121968
2026-10-01 22:10:50,303 step=19110 train=2.02265 val=None lr=0.000121837
2026-10-01 22:10:52,830 step=19120 train=1.88029 val=None lr=0.000121705
2026-10-01 22:10:55,350 step=19130 train=1.94143 val=None lr=0.000121574
2026-10-01 22:10:57,601 step=19140 train=1.96063 val=None lr=0.000121443
2026-10-01 22:10:59,868 step=19150 train=1.93064 val=None lr=0.000121312
2026-10-01 22:11:02,103 step=19160 train=1.84808 val=None lr=0.000121181
2026-10-01 22:11:04,738 step=19170 train=1.97860 val=None lr=0.00012105
2026-10-01 22:11:07,028 step=19180 train=2.17633 val=None lr=0.000120919
2026-10-01 22:11:09,261 step=19190 train=1.98370 val=None lr=0.000120788
2026-10-01 22:11:13,025 step=19200 train=1.98840 val=1.8935095965862274 lr=0.000120657
2026-10-01 22:11:15,454 step=19210 train=2.01392 val=None lr=0.000120527
2026-10-01 22:11:17,809 step=19220 train=1.80582 val=None lr=0.000120396
2026-10-01 22:11:20,600 step=19230 train=2.01187 val=None lr=0.000120265
2026-10-01 22:11:23,163 step=19240 train=1.79871 val=None lr=0.000120135
2026-10-01 22:11:25,766 step=19250 train=1.84151 val=None lr=0.000120004
2026-10-01 22:11:28,314 step=19260 train=1.86085 val=None lr=0.000119874
2026-10-01 22:11:31,012 step=19270 train=2.05281 val=None lr=0.000119743
2026-10-01 22:11:33,465 step=19280 train=2.03229 val=None lr=0.000119613
2026-10-01 22:11:35,877 step=19290 train=2.08673 val=None lr=0.000119482
2026-10-01 22:11:40,464 step=19300 train=1.75698 val=1.8923833310604095 lr=0.000119352
2026-10-01 22:11:42,898 step=19310 train=2.29266 val=None lr=0.000119222
2026-10-01 22:11:44,656 step=19320 train=2.26206 val=None lr=0.000119091
2026-10-01 22:11:46,962 step=19330 train=1.83205 val=None lr=0.000118961
2026-10-01 22:11:49,253 step=19340 train=1.86085 val=None lr=0.000118831
2026-10-01 22:11:51,460 step=19350 train=1.93145 val=None lr=0.000118701
2026-10-01 22:11:53,881 step=19360 train=1.84572 val=None lr=0.000118571
2026-10-01 22:11:56,157 step=19370 train=1.80724 val=None lr=0.000118441
2026-10-01 22:11:58,441 step=19380 train=1.80378 val=None lr=0.000118311
2026-10-01 22:12:00,717 step=19390 train=2.10651 val=None lr=0.000118181
2026-10-01 22:12:05,024 step=19400 train=1.81951 val=1.8915488064289092 lr=0.000118051
2026-10-01 22:12:07,449 step=19410 train=1.72663 val=None lr=0.000117921
2026-10-01 22:12:09,837 step=19420 train=1.86315 val=None lr=0.000117791
2026-10-01 22:12:12,137 step=19430 train=1.73222 val=None lr=0.000117662
2026-10-01 22:12:14,399 step=19440 train=2.09643 val=None lr=0.000117532
2026-10-01 22:12:16,790 step=19450 train=1.93901 val=None lr=0.000117402
2026-10-01 22:12:18,285 step=19460 train=2.15992 val=None lr=0.000117273
2026-10-01 22:12:20,566 step=19470 train=1.99882 val=None lr=0.000117143
2026-10-01 22:12:22,845 step=19480 train=1.78560 val=None lr=0.000117014
2026-10-01 22:12:25,188 step=19490 train=1.94797 val=None lr=0.000116884
2026-10-01 22:12:29,874 step=19500 train=1.77190 val=1.8912937879562377 lr=0.000116755
2026-10-01 22:12:34,143 step=19510 train=2.22031 val=None lr=0.000116626
2026-10-01 22:12:36,746 step=19520 train=1.85949 val=None lr=0.000116496
2026-10-01 22:12:39,058 step=19530 train=1.95861 val=None lr=0.000116367
2026-10-01 22:12:41,400 step=19540 train=1.76990 val=None lr=0.000116238
2026-10-01 22:12:43,784 step=19550 train=1.67740 val=None lr=0.000116109
2026-10-01 22:12:46,440 step=19560 train=2.00011 val=None lr=0.00011598
2026-10-01 22:12:48,045 step=19570 train=1.77309 val=None lr=0.000115851
2026-10-01 22:12:50,324 step=19580 train=1.84258 val=None lr=0.000115722
2026-10-01 22:12:52,809 step=19590 train=1.63257 val=None lr=0.000115593
2026-10-01 22:12:57,396 step=19600 train=1.96292 val=1.8874046146869659 lr=0.000115464
2026-10-01 22:12:59,827 step=19610 train=1.80549 val=None lr=0.000115335
2026-10-01 22:13:02,251 step=19620 train=1.91919 val=None lr=0.000115207
2026-10-01 22:13:04,839 step=19630 train=1.74744 val=None lr=0.000115078
2026-10-01 22:13:07,241 step=19640 train=1.66125 val=None lr=0.000114949
2026-10-01 22:13:09,767 step=19650 train=1.97977 val=None lr=0.000114821
2026-10-01 22:13:12,304 step=19660 train=2.00649 val=None lr=0.000114692
2026-10-01 22:13:14,771 step=19670 train=1.93097 val=None lr=0.000114564
2026-10-01 22:13:17,256 step=19680 train=2.08033 val=None lr=0.000114435
2026-10-01 22:13:19,729 step=19690 train=1.64177 val=None lr=0.000114307
2026-10-01 22:13:23,373 step=19700 train=1.97657 val=1.8836497128009797 lr=0.000114179
2026-10-01 22:13:26,043 step=19710 train=2.05425 val=None lr=0.00011405
2026-10-01 22:13:28,344 step=19720 train=1.92081 val=None lr=0.000113922
2026-10-01 22:13:30,656 step=19730 train=2.08109 val=None lr=0.000113794
2026-10-01 22:13:32,907 step=19740 train=1.95829 val=None lr=0.000113666
2026-10-01 22:13:35,190 step=19750 train=1.93571 val=None lr=0.000113538
2026-10-01 22:13:37,493 step=19760 train=1.94650 val=None lr=0.00011341
2026-10-01 22:13:40,019 step=19770 train=2.02359 val=None lr=0.000113282
2026-10-01 22:13:42,407 step=19780 train=1.79517 val=None lr=0.000113154
2026-10-01 22:13:44,928 step=19790 train=1.77502 val=None lr=0.000113026
2026-10-01 22:13:49,242 step=19800 train=2.09092 val=1.8797675848007203 lr=0.000112898
2026-10-01 22:13:51,642 step=19810 train=1.96125 val=None lr=0.000112771
2026-10-01 22:13:53,387 step=19820 train=1.70981 val=None lr=0.000112643
2026-10-01 22:13:55,759 step=19830 train=1.91679 val=None lr=0.000112515
2026-10-01 22:13:58,200 step=19840 train=1.96447 val=None lr=0.000112388
2026-10-01 22:14:00,580 step=19850 train=1.79048 val=None lr=0.00011226
2026-10-01 22:14:02,920 step=19860 train=1.99466 val=None lr=0.000112133
2026-10-01 22:14:05,265 step=19870 train=1.86035 val=None lr=0.000112005
2026-10-01 22:14:07,799 step=19880 train=2.15360 val=None lr=0.000111878
2026-10-01 22:14:10,115 step=19890 train=1.69669 val=None lr=0.000111751
2026-10-01 22:14:14,525 step=19900 train=1.80429 val=1.8784631013870239 lr=0.000111623
2026-10-01 22:14:17,036 step=19910 train=1.95448 val=None lr=0.000111496
2026-10-01 22:14:19,444 step=19920 train=1.89540 val=None lr=0.000111369
2026-10-01 22:14:21,735 step=19930 train=1.75423 val=None lr=0.000111242
2026-10-01 22:14:23,403 step=19940 train=1.88412 val=None lr=0.000111115
2026-10-01 22:14:25,747 step=19950 train=1.93921 val=None lr=0.000110988
2026-10-01 22:14:28,281 step=19960 train=1.88885 val=None lr=0.000110861
2026-10-01 22:14:30,586 step=19970 train=1.70576 val=None lr=0.000110734
2026-10-01 22:14:32,975 step=19980 train=1.93939 val=None lr=0.000110608
2026-10-01 22:14:35,446 step=19990 train=1.89520 val=None lr=0.000110481
2026-10-01 22:14:39,410 step=20000 train=1.84113 val=1.8819353699684143 lr=0.000110354
2026-10-01 22:14:43,950 step=20010 train=1.94478 val=None lr=0.000110228
2026-10-01 22:14:46,629 step=20020 train=1.71442 val=None lr=0.000110101
2026-10-01 22:14:48,935 step=20030 train=1.79570 val=None lr=0.000109975
2026-10-01 22:14:51,308 step=20040 train=1.88919 val=None lr=0.000109848
2026-10-01 22:14:53,897 step=20050 train=1.92242 val=None lr=0.000109722
2026-10-01 22:14:56,307 step=20060 train=2.11759 val=None lr=0.000109595
2026-10-01 22:14:58,672 step=20070 train=1.97272 val=None lr=0.000109469
2026-10-01 22:15:00,908 step=20080 train=2.00323 val=None lr=0.000109343
2026-10-01 22:15:03,358 step=20090 train=2.07235 val=None lr=0.000109217
2026-10-01 22:15:07,045 step=20100 train=1.87653 val=1.8793781876564026 lr=0.000109091
2026-10-01 22:15:09,483 step=20110 train=2.02189 val=None lr=0.000108965
2026-10-01 22:15:10,742 step=20120 train=2.09604 val=None lr=0.000108839
2026-10-01 22:15:13,208 step=20130 train=1.76295 val=None lr=0.000108713
2026-10-01 22:15:15,626 step=20140 train=1.83842 val=None lr=0.000108587
2026-10-01 22:15:17,849 step=20150 train=2.12346 val=None lr=0.000108461
2026-10-01 22:15:20,123 step=20160 train=1.93632 val=None lr=0.000108336
2026-10-01 22:15:22,528 step=20170 train=2.02307 val=None lr=0.00010821
2026-10-01 22:15:25,017 step=20180 train=1.92288 val=None lr=0.000108084
2026-10-01 22:15:27,333 step=20190 train=2.04482 val=None lr=0.000107959
2026-10-01 22:15:31,729 step=20200 train=2.00768 val=1.8773508429527284 lr=0.000107833
2026-10-01 22:15:34,036 step=20210 train=1.86488 val=None lr=0.000107708
2026-10-01 22:15:36,394 step=20220 train=1.92381 val=None lr=0.000107582
2026-10-01 22:15:38,641 step=20230 train=2.02209 val=None lr=0.000107457
2026-10-01 22:15:41,061 step=20240 train=2.28141 val=None lr=0.000107332
2026-10-01 22:15:42,762 step=20250 train=1.86066 val=None lr=0.000107207
2026-10-01 22:15:45,162 step=20260 train=1.94356 val=None lr=0.000107082
2026-10-01 22:15:47,488 step=20270 train=1.60855 val=None lr=0.000106957
2026-10-01 22:15:49,808 step=20280 train=2.12955 val=None lr=0.000106832
2026-10-01 22:15:52,141 step=20290 train=1.87514 val=None lr=0.000106707
2026-10-01 22:15:55,852 step=20300 train=1.70655 val=1.878849846124649 lr=0.000106582
2026-10-01 22:15:58,125 step=20310 train=2.02989 val=None lr=0.000106457
2026-10-01 22:16:00,405 step=20320 train=1.96583 val=None lr=0.000106332
2026-10-01 22:16:02,709 step=20330 train=1.74284 val=None lr=0.000106207
2026-10-01 22:16:05,179 step=20340 train=2.07966 val=None lr=0.000106083
2026-10-01 22:16:07,426 step=20350 train=1.98593 val=None lr=0.000105958
2026-10-01 22:16:09,835 step=20360 train=1.81601 val=None lr=0.000105834
2026-10-01 22:16:12,124 step=20370 train=1.75054 val=None lr=0.000105709
2026-10-01 22:16:13,719 step=20380 train=1.97620 val=None lr=0.000105585
2026-10-01 22:16:16,068 step=20390 train=2.07626 val=None lr=0.000105461
2026-10-01 22:16:20,328 step=20400 train=2.11166 val=1.873796182870865 lr=0.000105336
2026-10-01 22:16:22,549 step=20410 train=1.82352 val=None lr=0.000105212
2026-10-01 22:16:24,820 step=20420 train=1.59868 val=None lr=0.000105088
2026-10-01 22:16:27,280 step=20430 train=2.16389 val=None lr=0.000104964
2026-10-01 22:16:29,748 step=20440 train=1.86831 val=None lr=0.00010484
2026-10-01 22:16:31,982 step=20450 train=2.01464 val=None lr=0.000104716
2026-10-01 22:16:34,453 step=20460 train=1.81878 val=None lr=0.000104592
2026-10-01 22:16:36,939 step=20470 train=2.00475 val=None lr=0.000104468
2026-10-01 22:16:39,221 step=20480 train=1.81586 val=None lr=0.000104345
2026-10-01 22:16:41,823 step=20490 train=2.02618 val=None lr=0.000104221
2026-10-01 22:16:45,380 step=20500 train=1.86873 val=1.8725818514823913 lr=0.000104097
2026-10-01 22:16:49,783 step=20510 train=1.83976 val=None lr=0.000103974
2026-10-01 22:16:52,056 step=20520 train=1.86859 val=None lr=0.00010385
2026-10-01 22:16:54,526 step=20530 train=2.02971 val=None lr=0.000103727
2026-10-01 22:16:56,932 step=20540 train=1.83960 val=None lr=0.000103603
2026-10-01 22:16:59,221 step=20550 train=1.87793 val=None lr=0.00010348
2026-10-01 22:17:01,514 step=20560 train=1.85979 val=None lr=0.000103357
2026-10-01 22:17:03,958 step=20570 train=2.17004 val=None lr=0.000103234
2026-10-01 22:17:06,487 step=20580 train=2.03832 val=None lr=0.000103111
2026-10-01 22:17:08,758 step=20590 train=2.08810 val=None lr=0.000102987
2026-10-01 22:17:13,021 step=20600 train=2.11589 val=1.8707324624061585 lr=0.000102864
2026-10-01 22:17:15,626 step=20610 train=1.93768 val=None lr=0.000102742
2026-10-01 22:17:17,134 step=20620 train=1.98338 val=None lr=0.000102619
2026-10-01 22:17:19,577 step=20630 train=1.75094 val=None lr=0.000102496
2026-10-01 22:17:22,004 step=20640 train=1.85385 val=None lr=0.000102373
2026-10-01 22:17:24,361 step=20650 train=1.97812 val=None lr=0.000102251
2026-10-01 22:17:27,407 step=20660 train=1.98561 val=None lr=0.000102128
2026-10-01 22:17:29,971 step=20670 train=2.08918 val=None lr=0.000102005
2026-10-01 22:17:32,218 step=20680 train=1.87585 val=None lr=0.000101883
2026-10-01 22:17:34,566 step=20690 train=2.04945 val=None lr=0.000101761
2026-10-01 22:17:38,851 step=20700 train=1.87729 val=1.869011104106903 lr=0.000101638
2026-10-01 22:17:41,169 step=20710 train=1.95536 val=None lr=0.000101516
2026-10-01 22:17:43,481 step=20720 train=1.78252 val=None lr=0.000101394
2026-10-01 22:17:45,782 step=20730 train=1.88608 val=None lr=0.000101272
2026-10-01 22:17:48,027 step=20740 train=1.84883 val=None lr=0.00010115
2026-10-01 22:17:49,659 step=20750 train=2.13342 val=None lr=0.000101028
2026-10-01 22:17:52,051 step=20760 train=2.21310 val=None lr=0.000100906
2026-10-01 22:17:54,471 step=20770 train=2.01453 val=None lr=0.000100784
2026-10-01 22:17:56,872 step=20780 train=1.66252 val=None lr=0.000100662
2026-10-01 22:17:59,842 step=20790 train=2.12039 val=None lr=0.00010054
2026-10-01 22:18:04,125 step=20800 train=1.82088 val=1.8687113761901855 lr=0.000100419
2026-10-01 22:18:06,775 step=20810 train=1.93849 val=None lr=0.000100297
2026-10-01 22:18:09,284 step=20820 train=1.99267 val=None lr=0.000100176
2026-10-01 22:18:11,572 step=20830 train=2.07220 val=None lr=0.000100054
2026-10-01 22:18:13,886 step=20840 train=1.83940 val=None lr=9.99329e-05
2026-10-01 22:18:16,235 step=20850 train=1.58169 val=None lr=9.98116e-05
2026-10-01 22:18:18,725 step=20860 train=1.89150 val=None lr=9.96904e-05
2026-10-01 22:18:20,432 step=20870 train=1.71552 val=None lr=9.95692e-05
2026-10-01 22:18:22,867 step=20880 train=1.82967 val=None lr=9.94481e-05
2026-10-01 22:18:25,173 step=20890 train=1.97049 val=None lr=9.93271e-05
2026-10-01 22:18:29,535 step=20900 train=1.83117 val=1.8659894168376923 lr=9.92061e-05
2026-10-01 22:18:31,927 step=20910 train=2.04900 val=None lr=9.90852e-05
2026-10-01 22:18:34,235 step=20920 train=1.92189 val=None lr=9.89644e-05
2026-10-01 22:18:36,721 step=20930 train=2.01122 val=None lr=9.88436e-05
2026-10-01 22:18:39,165 step=20940 train=2.19100 val=None lr=9.8723e-05
2026-10-01 22:18:41,669 step=20950 train=1.97706 val=None lr=9.86024e-05
2026-10-01 22:18:44,152 step=20960 train=1.74744 val=None lr=9.84818e-05
2026-10-01 22:18:46,582 step=20970 train=1.80675 val=None lr=9.83613e-05
2026-10-01 22:18:48,960 step=20980 train=1.89135 val=None lr=9.82409e-05
2026-10-01 22:18:51,532 step=20990 train=2.53134 val=None lr=9.81206e-05
2026-10-01 22:18:54,807 step=21000 train=1.79072 val=1.8660857439041139 lr=9.80003e-05
2026-10-01 22:18:59,444 step=21010 train=2.12311 val=None lr=9.78801e-05
2026-10-01 22:19:02,105 step=21020 train=1.85255 val=None lr=9.776e-05
2026-10-01 22:19:04,663 step=21030 train=2.28802 val=None lr=9.764e-05
2026-10-01 22:19:07,077 step=21040 train=1.58386 val=None lr=9.752e-05
2026-10-01 22:19:09,675 step=21050 train=2.01357 val=None lr=9.74001e-05
2026-10-01 22:19:12,207 step=21060 train=1.99538 val=None lr=9.72802e-05
2026-10-01 22:19:14,745 step=21070 train=1.92940 val=None lr=9.71605e-05
2026-10-01 22:19:17,518 step=21080 train=1.76075 val=None lr=9.70408e-05
2026-10-01 22:19:19,893 step=21090 train=1.79809 val=None lr=9.69212e-05
2026-10-01 22:19:23,400 step=21100 train=1.89243 val=1.8646018862724305 lr=9.68016e-05
2026-10-01 22:19:25,769 step=21110 train=1.84124 val=None lr=9.66821e-05
2026-10-01 22:19:28,211 step=21120 train=1.92376 val=None lr=9.65627e-05
2026-10-01 22:19:30,755 step=21130 train=1.56103 val=None lr=9.64434e-05
2026-10-01 22:19:32,978 step=21140 train=1.96191 val=None lr=9.63241e-05
2026-10-01 22:19:35,393 step=21150 train=1.94575 val=None lr=9.62049e-05
2026-10-01 22:19:37,903 step=21160 train=1.89853 val=None lr=9.60858e-05
2026-10-01 22:19:40,332 step=21170 train=2.06699 val=None lr=9.59668e-05
2026-10-01 22:19:42,875 step=21180 train=2.10000 val=None lr=9.58478e-05
2026-10-01 22:19:45,317 step=21190 train=1.96144 val=None lr=9.57289e-05
2026-10-01 22:19:49,676 step=21200 train=1.75895 val=1.8636541724205018 lr=9.56101e-05
2026-10-01 22:19:52,106 step=21210 train=1.87739 val=None lr=9.54913e-05
2026-10-01 22:19:54,562 step=21220 train=2.06207 val=None lr=9.53726e-05
2026-10-01 22:19:56,206 step=21230 train=1.88674 val=None lr=9.5254e-05
2026-10-01 22:19:58,606 step=21240 train=1.88434 val=None lr=9.51355e-05
2026-10-01 22:20:01,048 step=21250 train=1.95203 val=None lr=9.5017e-05
2026-10-01 22:20:03,414 step=21260 train=1.93845 val=None lr=9.48986e-05
2026-10-01 22:20:05,914 step=21270 train=1.71452 val=None lr=9.47803e-05
2026-10-01 22:20:08,203 step=21280 train=2.01514 val=None lr=9.46621e-05
2026-10-01 22:20:10,497 step=21290 train=1.64939 val=None lr=9.45439e-05
2026-10-01 22:20:15,137 step=21300 train=1.83450 val=1.8622218787670135 lr=9.44258e-05
2026-10-01 22:20:17,439 step=21310 train=1.65868 val=None lr=9.43078e-05
2026-10-01 22:20:19,831 step=21320 train=1.69882 val=None lr=9.41898e-05
2026-10-01 22:20:22,464 step=21330 train=1.90946 val=None lr=9.4072e-05
2026-10-01 22:20:24,867 step=21340 train=1.78141 val=None lr=9.39542e-05
2026-10-01 22:20:27,295 step=21350 train=1.75497 val=None lr=9.38364e-05
2026-10-01 22:20:29,044 step=21360 train=1.94028 val=None lr=9.37188e-05
2026-10-01 22:20:31,560 step=21370 train=1.89542 val=None lr=9.36012e-05
2026-10-01 22:20:33,951 step=21380 train=1.90322 val=None lr=9.34837e-05
2026-10-01 22:20:36,270 step=21390 train=1.87297 val=None lr=9.33663e-05
2026-10-01 22:20:39,993 step=21400 train=1.66172 val=1.8628568768501281 lr=9.3249e-05
2026-10-01 22:20:42,311 step=21410 train=1.69116 val=None lr=9.31317e-05
2026-10-01 22:20:44,837 step=21420 train=1.96037 val=None lr=9.30145e-05
2026-10-01 22:20:47,359 step=21430 train=1.89180 val=None lr=9.28974e-05
2026-10-01 22:20:49,942 step=21440 train=1.70908 val=None lr=9.27803e-05
2026-10-01 22:20:52,658 step=21450 train=2.10589 val=None lr=9.26634e-05
2026-10-01 22:20:55,158 step=21460 train=1.81054 val=None lr=9.25465e-05
2026-10-01 22:20:57,666 step=21470 train=1.95128 val=None lr=9.24297e-05
2026-10-01 22:20:59,978 step=21480 train=1.78031 val=None lr=9.23129e-05
2026-10-01 22:21:02,274 step=21490 train=1.89159 val=None lr=9.21963e-05
2026-10-01 22:21:06,702 step=21500 train=2.30311 val=1.8580295383930205 lr=9.20797e-05
2026-10-01 22:21:11,205 step=21510 train=1.64063 val=None lr=9.19632e-05
2026-10-01 22:21:13,378 step=21520 train=1.77445 val=None lr=9.18468e-05
2026-10-01 22:21:14,500 step=21530 train=1.60753 val=None lr=9.17304e-05
2026-10-01 22:21:17,006 step=21540 train=1.86407 val=None lr=9.16141e-05
2026-10-01 22:21:19,493 step=21550 train=1.65510 val=None lr=9.14979e-05
2026-10-01 22:21:21,850 step=21560 train=1.90106 val=None lr=9.13818e-05
2026-10-01 22:21:24,432 step=21570 train=1.76527 val=None lr=9.12658e-05
2026-10-01 22:21:27,033 step=21580 train=1.88127 val=None lr=9.11498e-05
2026-10-01 22:21:29,513 step=21590 train=1.96435 val=None lr=9.10339e-05
2026-10-01 22:21:33,815 step=21600 train=1.75338 val=1.857357919216156 lr=9.09181e-05
2026-10-01 22:21:36,122 step=21610 train=1.91055 val=None lr=9.08024e-05
2026-10-01 22:21:38,681 step=21620 train=1.90434 val=None lr=9.06867e-05
2026-10-01 22:21:41,066 step=21630 train=2.15717 val=None lr=9.05711e-05
2026-10-01 22:21:43,562 step=21640 train=1.89598 val=None lr=9.04556e-05
2026-10-01 22:21:45,867 step=21650 train=1.88665 val=None lr=9.03402e-05
2026-10-01 22:21:47,296 step=21660 train=1.72603 val=None lr=9.02249e-05
2026-10-01 22:21:49,618 step=21670 train=1.68657 val=None lr=9.01096e-05
2026-10-01 22:21:52,578 step=21680 train=2.17718 val=None lr=8.99944e-05
2026-10-01 22:21:54,881 step=21690 train=1.74937 val=None lr=8.98793e-05
2026-10-01 22:21:59,276 step=21700 train=2.08394 val=1.8566307306289673 lr=8.97643e-05
2026-10-01 22:22:01,600 step=21710 train=1.98720 val=None lr=8.96493e-05
2026-10-01 22:22:03,923 step=21720 train=2.08612 val=None lr=8.95345e-05
2026-10-01 22:22:06,458 step=21730 train=2.11003 val=None lr=8.94197e-05
2026-10-01 22:22:08,812 step=21740 train=1.84365 val=None lr=8.9305e-05
2026-10-01 22:22:11,163 step=21750 train=1.61132 val=None lr=8.91903e-05
2026-10-01 22:22:13,414 step=21760 train=2.00966 val=None lr=8.90758e-05
2026-10-01 22:22:16,078 step=21770 train=1.75323 val=None lr=8.89613e-05
2026-10-01 22:22:17,605 step=21780 train=1.97362 val=None lr=8.88469e-05
2026-10-01 22:22:19,824 step=21790 train=2.04670 val=None lr=8.87326e-05
2026-10-01 22:22:24,479 step=21800 train=1.82683 val=1.8565215587615966 lr=8.86184e-05
2026-10-01 22:22:27,001 step=21810 train=2.09351 val=None lr=8.85043e-05
2026-10-01 22:22:29,422 step=21820 train=2.03351 val=None lr=8.83902e-05
2026-10-01 22:22:31,744 step=21830 train=1.80233 val=None lr=8.82762e-05
2026-10-01 22:22:34,233 step=21840 train=2.08937 val=None lr=8.81623e-05
2026-10-01 22:22:36,504 step=21850 train=2.00274 val=None lr=8.80485e-05
2026-10-01 22:22:38,778 step=21860 train=1.96787 val=None lr=8.79347e-05
2026-10-01 22:22:41,241 step=21870 train=1.85887 val=None lr=8.78211e-05
2026-10-01 22:22:43,701 step=21880 train=1.60103 val=None lr=8.77075e-05
2026-10-01 22:22:46,271 step=21890 train=2.01513 val=None lr=8.7594e-05
2026-10-01 22:22:49,380 step=21900 train=1.68773 val=1.8565874814987182 lr=8.74805e-05
2026-10-01 22:22:51,881 step=21910 train=1.90662 val=None lr=8.73672e-05
2026-10-01 22:22:54,372 step=21920 train=1.90981 val=None lr=8.7254e-05
2026-10-01 22:22:56,627 step=21930 train=2.03608 val=None lr=8.71408e-05
2026-10-01 22:22:58,875 step=21940 train=1.90040 val=None lr=8.70277e-05
2026-10-01 22:23:01,314 step=21950 train=1.79335 val=None lr=8.69147e-05
2026-10-01 22:23:03,545 step=21960 train=1.68678 val=None lr=8.68017e-05
2026-10-01 22:23:05,836 step=21970 train=1.79073 val=None lr=8.66889e-05
2026-10-01 22:23:08,244 step=21980 train=1.83982 val=None lr=8.65761e-05
2026-10-01 22:23:10,549 step=21990 train=2.16150 val=None lr=8.64635e-05
2026-10-01 22:23:14,729 step=22000 train=1.66267 val=1.853741079568863 lr=8.63509e-05
2026-10-01 22:23:19,011 step=22010 train=2.05697 val=None lr=8.62383e-05
2026-10-01 22:23:20,524 step=22020 train=1.90081 val=None lr=8.61259e-05
2026-10-01 22:23:22,790 step=22030 train=1.73344 val=None lr=8.60136e-05
2026-10-01 22:23:25,282 step=22040 train=1.64944 val=None lr=8.59013e-05
2026-10-01 22:23:27,643 step=22050 train=1.75686 val=None lr=8.57891e-05
2026-10-01 22:23:29,942 step=22060 train=2.06203 val=None lr=8.5677e-05
2026-10-01 22:23:32,307 step=22070 train=1.74071 val=None lr=8.5565e-05
2026-10-01 22:23:34,742 step=22080 train=2.07272 val=None lr=8.54531e-05
2026-10-01 22:23:37,167 step=22090 train=2.20553 val=None lr=8.53412e-05
2026-10-01 22:23:41,669 step=22100 train=1.76833 val=1.8517211258411408 lr=8.52294e-05
2026-10-01 22:23:44,402 step=22110 train=1.90602 val=None lr=8.51178e-05
2026-10-01 22:23:46,854 step=22120 train=1.93209 val=None lr=8.50062e-05
2026-10-01 22:23:49,077 step=22130 train=1.95066 val=None lr=8.48946e-05
2026-10-01 22:23:51,503 step=22140 train=1.88502 val=None lr=8.47832e-05
2026-10-01 22:23:53,002 step=22150 train=2.18966 val=None lr=8.46719e-05
2026-10-01 22:23:55,351 step=22160 train=2.03284 val=None lr=8.45606e-05
2026-10-01 22:23:57,918 step=22170 train=1.72418 val=None lr=8.44494e-05
2026-10-01 22:24:00,581 step=22180 train=1.95650 val=None lr=8.43383e-05
2026-10-01 22:24:03,147 step=22190 train=1.94536 val=None lr=8.42273e-05
2026-10-01 22:24:07,416 step=22200 train=2.24869 val=1.8505089104175567 lr=8.41164e-05
2026-10-01 22:24:09,860 step=22210 train=1.70043 val=None lr=8.40056e-05
2026-10-01 22:24:12,255 step=22220 train=1.80376 val=None lr=8.38948e-05
2026-10-01 22:24:14,741 step=22230 train=1.97842 val=None lr=8.37842e-05
2026-10-01 22:24:17,282 step=22240 train=2.07209 val=None lr=8.36736e-05
2026-10-01 22:24:19,938 step=22250 train=1.85592 val=None lr=8.35631e-05
2026-10-01 22:24:22,247 step=22260 train=1.70304 val=None lr=8.34527e-05
2026-10-01 22:24:23,705 step=22270 train=1.67313 val=None lr=8.33424e-05
2026-10-01 22:24:26,134 step=22280 train=1.85120 val=None lr=8.32321e-05
2026-10-01 22:24:28,741 step=22290 train=1.89187 val=None lr=8.3122e-05
2026-10-01 22:24:32,503 step=22300 train=2.00806 val=1.8523507416248322 lr=8.30119e-05
2026-10-01 22:24:35,088 step=22310 train=1.87853 val=None lr=8.29019e-05
2026-10-01 22:24:37,768 step=22320 train=2.00114 val=None lr=8.2792e-05
2026-10-01 22:24:40,360 step=22330 train=2.02490 val=None lr=8.26822e-05
2026-10-01 22:24:42,780 step=22340 train=1.84644 val=None lr=8.25725e-05
2026-10-01 22:24:45,355 step=22350 train=1.95170 val=None lr=8.24629e-05
2026-10-01 22:24:47,899 step=22360 train=1.83568 val=None lr=8.23533e-05
2026-10-01 22:24:50,352 step=22370 train=1.83472 val=None lr=8.22439e-05
2026-10-01 22:24:52,809 step=22380 train=1.87110 val=None lr=8.21345e-05
2026-10-01 22:24:55,333 step=22390 train=1.68608 val=None lr=8.20252e-05
2026-10-01 22:24:58,924 step=22400 train=1.97501 val=1.8496347606182098 lr=8.1916e-05
2026-10-01 22:25:01,235 step=22410 train=1.92286 val=None lr=8.18069e-05
2026-10-01 22:25:03,541 step=22420 train=1.83269 val=None lr=8.16979e-05
2026-10-01 22:25:06,056 step=22430 train=1.88734 val=None lr=8.1589e-05
2026-10-01 22:25:08,518 step=22440 train=1.82208 val=None lr=8.14801e-05
2026-10-01 22:25:10,871 step=22450 train=1.60671 val=None lr=8.13713e-05
2026-10-01 22:25:13,202 step=22460 train=1.79087 val=None lr=8.12627e-05
2026-10-01 22:25:15,904 step=22470 train=1.83174 val=None lr=8.11541e-05
2026-10-01 22:25:18,158 step=22480 train=1.67272 val=None lr=8.10456e-05
2026-10-01 22:25:20,497 step=22490 train=1.94512 val=None lr=8.09372e-05
2026-10-01 22:25:24,677 step=22500 train=1.88138 val=1.8467419385910033 lr=8.08289e-05
2026-10-01 22:25:31,414 step=22510 train=1.92331 val=None lr=8.07206e-05
2026-10-01 22:25:33,892 step=22520 train=1.94761 val=None lr=8.06125e-05
2026-10-01 22:25:36,575 step=22530 train=1.67831 val=None lr=8.05045e-05
2026-10-01 22:25:39,166 step=22540 train=1.87178 val=None lr=8.03965e-05
2026-10-01 22:25:41,683 step=22550 train=1.69594 val=None lr=8.02886e-05
2026-10-01 22:25:44,194 step=22560 train=2.02813 val=None lr=8.01808e-05
2026-10-01 22:25:46,993 step=22570 train=1.85344 val=None lr=8.00731e-05
2026-10-01 22:25:49,356 step=22580 train=1.85760 val=None lr=7.99655e-05
2026-10-01 22:25:51,632 step=22590 train=1.75839 val=None lr=7.9858e-05
2026-10-01 22:25:56,167 step=22600 train=2.04185 val=1.8454500138759613 lr=7.97506e-05
2026-10-01 22:25:58,475 step=22610 train=1.72576 val=None lr=7.96433e-05
2026-10-01 22:25:59,905 step=22620 train=1.94959 val=None lr=7.9536e-05
2026-10-01 22:26:02,276 step=22630 train=1.67017 val=None lr=7.94289e-05
2026-10-01 22:26:04,625 step=22640 train=1.86510 val=None lr=7.93218e-05
2026-10-01 22:26:07,016 step=22650 train=1.56008 val=None lr=7.92148e-05
2026-10-01 22:26:09,620 step=22660 train=1.82389 val=None lr=7.91079e-05
2026-10-01 22:26:11,980 step=22670 train=1.95740 val=None lr=7.90011e-05
2026-10-01 22:26:14,298 step=22680 train=2.15156 val=None lr=7.88944e-05
2026-10-01 22:26:16,616 step=22690 train=1.95515 val=None lr=7.87878e-05
2026-10-01 22:26:20,272 step=22700 train=1.95106 val=1.8472104609012603 lr=7.86813e-05
2026-10-01 22:26:22,681 step=22710 train=1.66872 val=None lr=7.85748e-05
2026-10-01 22:26:25,029 step=22720 train=1.87488 val=None lr=7.84685e-05
2026-10-01 22:26:27,898 step=22730 train=1.58332 val=None lr=7.83623e-05
2026-10-01 22:26:30,510 step=22740 train=1.56960 val=None lr=7.82561e-05
2026-10-01 22:26:32,068 step=22750 train=1.80984 val=None lr=7.815e-05
2026-10-01 22:26:34,318 step=22760 train=1.79507 val=None lr=7.8044e-05
2026-10-01 22:26:36,714 step=22770 train=1.77802 val=None lr=7.79382e-05
2026-10-01 22:26:39,090 step=22780 train=1.70465 val=None lr=7.78324e-05
2026-10-01 22:26:41,375 step=22790 train=1.85225 val=None lr=7.77267e-05
2026-10-01 22:26:45,589 step=22800 train=1.66916 val=1.8428438603878021 lr=7.76211e-05
2026-10-01 22:26:47,922 step=22810 train=1.72489 val=None lr=7.75155e-05
2026-10-01 22:26:50,488 step=22820 train=1.68432 val=None lr=7.74101e-05
2026-10-01 22:26:53,067 step=22830 train=1.73754 val=None lr=7.73048e-05
2026-10-01 22:26:55,341 step=22840 train=1.92950 val=None lr=7.71995e-05
2026-10-01 22:26:57,819 step=22850 train=1.86406 val=None lr=7.70944e-05
2026-10-01 22:27:00,188 step=22860 train=2.06487 val=None lr=7.69893e-05
2026-10-01 22:27:02,513 step=22870 train=1.70197 val=None lr=7.68844e-05
2026-10-01 22:27:04,106 step=22880 train=2.03974 val=None lr=7.67795e-05
2026-10-01 22:27:06,535 step=22890 train=1.86765 val=None lr=7.66747e-05
2026-10-01 22:27:10,299 step=22900 train=1.83555 val=1.8437168300151825 lr=7.657e-05
2026-10-01 22:27:12,610 step=22910 train=1.79266 val=None lr=7.64654e-05
2026-10-01 22:27:14,991 step=22920 train=1.90037 val=None lr=7.63609e-05
2026-10-01 22:27:17,485 step=22930 train=1.63997 val=None lr=7.62565e-05
2026-10-01 22:27:19,745 step=22940 train=2.13623 val=None lr=7.61522e-05
2026-10-01 22:27:22,225 step=22950 train=1.92692 val=None lr=7.6048e-05
2026-10-01 22:27:24,523 step=22960 train=2.02544 val=None lr=7.59439e-05
2026-10-01 22:27:26,821 step=22970 train=1.77195 val=None lr=7.58398e-05
2026-10-01 22:27:29,231 step=22980 train=1.79191 val=None lr=7.57359e-05
2026-10-01 22:27:31,473 step=22990 train=1.77084 val=None lr=7.5632e-05
2026-10-01 22:27:34,972 step=23000 train=2.19034 val=1.8400983095169068 lr=7.55283e-05
2026-10-01 22:27:39,427 step=23010 train=2.01952 val=None lr=7.54246e-05
2026-10-01 22:27:41,710 step=23020 train=2.04835 val=None lr=7.53211e-05
2026-10-01 22:27:44,078 step=23030 train=1.76352 val=None lr=7.52176e-05
2026-10-01 22:27:46,421 step=23040 train=1.95063 val=None lr=7.51142e-05
2026-10-01 22:27:48,929 step=23050 train=1.78400 val=None lr=7.50109e-05
2026-10-01 22:27:51,322 step=23060 train=1.77179 val=None lr=7.49078e-05
2026-10-01 22:27:53,735 step=23070 train=1.92432 val=None lr=7.48047e-05
2026-10-01 22:27:55,991 step=23080 train=1.88718 val=None lr=7.47017e-05
2026-10-01 22:27:58,271 step=23090 train=1.95131 val=None lr=7.45988e-05
2026-10-01 22:28:02,695 step=23100 train=1.98318 val=1.8378459930419921 lr=7.4496e-05
2026-10-01 22:28:05,145 step=23110 train=1.83611 val=None lr=7.43933e-05
2026-10-01 22:28:06,609 step=23120 train=2.35058 val=None lr=7.42907e-05
2026-10-01 22:28:08,891 step=23130 train=2.03140 val=None lr=7.41881e-05
2026-10-01 22:28:11,444 step=23140 train=1.67584 val=None lr=7.40857e-05
2026-10-01 22:28:13,905 step=23150 train=1.79238 val=None lr=7.39834e-05
2026-10-01 22:28:16,466 step=23160 train=1.72257 val=None lr=7.38812e-05
2026-10-01 22:28:18,757 step=23170 train=1.92476 val=None lr=7.3779e-05
2026-10-01 22:28:21,050 step=23180 train=1.77819 val=None lr=7.3677e-05
2026-10-01 22:28:23,355 step=23190 train=1.78724 val=None lr=7.3575e-05
2026-10-01 22:28:28,143 step=23200 train=1.76013 val=1.8374251186847688 lr=7.34732e-05
2026-10-01 22:28:30,469 step=23210 train=1.92948 val=None lr=7.33714e-05
2026-10-01 22:28:32,960 step=23220 train=1.93466 val=None lr=7.32698e-05
2026-10-01 22:28:35,726 step=23230 train=1.88850 val=None lr=7.31682e-05
2026-10-01 22:28:37,244 step=23240 train=1.99048 val=None lr=7.30668e-05
2026-10-01 22:28:39,736 step=23250 train=2.07215 val=None lr=7.29654e-05
2026-10-01 22:28:42,139 step=23260 train=2.22520 val=None lr=7.28641e-05
2026-10-01 22:28:44,416 step=23270 train=1.73049 val=None lr=7.2763e-05
2026-10-01 22:28:46,710 step=23280 train=1.90285 val=None lr=7.26619e-05
2026-10-01 22:28:49,191 step=23290 train=1.68191 val=None lr=7.25609e-05
2026-10-01 22:28:53,517 step=23300 train=1.87337 val=1.8371526420116424 lr=7.246e-05
2026-10-01 22:28:56,124 step=23310 train=1.90283 val=None lr=7.23592e-05
2026-10-01 22:28:58,573 step=23320 train=1.67515 val=None lr=7.22586e-05
2026-10-01 22:29:01,187 step=23330 train=2.19289 val=None lr=7.2158e-05
2026-10-01 22:29:03,684 step=23340 train=1.77157 val=None lr=7.20575e-05
2026-10-01 22:29:06,195 step=23350 train=1.85415 val=None lr=7.19571e-05
2026-10-01 22:29:08,695 step=23360 train=1.85240 val=None lr=7.18568e-05
2026-10-01 22:29:10,206 step=23370 train=2.00358 val=None lr=7.17566e-05
2026-10-01 22:29:12,495 step=23380 train=1.84805 val=None lr=7.16565e-05
2026-10-01 22:29:14,825 step=23390 train=1.63530 val=None lr=7.15565e-05
2026-10-01 22:29:19,343 step=23400 train=1.59505 val=1.8350745916366578 lr=7.14566e-05
2026-10-01 22:29:21,752 step=23410 train=2.05167 val=None lr=7.13568e-05
2026-10-01 22:29:24,093 step=23420 train=1.94788 val=None lr=7.12571e-05
2026-10-01 22:29:26,453 step=23430 train=1.98958 val=None lr=7.11575e-05
2026-10-01 22:29:28,698 step=23440 train=1.68609 val=None lr=7.1058e-05
2026-10-01 22:29:31,329 step=23450 train=1.99919 val=None lr=7.09586e-05
2026-10-01 22:29:33,656 step=23460 train=1.79997 val=None lr=7.08593e-05
2026-10-01 22:29:35,968 step=23470 train=1.86735 val=None lr=7.07601e-05
2026-10-01 22:29:38,759 step=23480 train=2.07294 val=None lr=7.0661e-05
2026-10-01 22:29:40,722 step=23490 train=1.71886 val=None lr=7.05619e-05
2026-10-01 22:29:44,937 step=23500 train=1.92513 val=1.8346995770931245 lr=7.0463e-05
2026-10-01 22:29:49,793 step=23510 train=1.92993 val=None lr=7.03642e-05
2026-10-01 22:29:52,271 step=23520 train=1.80769 val=None lr=7.02655e-05
2026-10-01 22:29:54,682 step=23530 train=1.92191 val=None lr=7.01669e-05
2026-10-01 22:29:56,899 step=23540 train=2.04990 val=None lr=7.00684e-05
2026-10-01 22:29:59,136 step=23550 train=1.72733 val=None lr=6.997e-05
2026-10-01 22:30:01,370 step=23560 train=2.17738 val=None lr=6.98717e-05
2026-10-01 22:30:03,671 step=23570 train=1.80019 val=None lr=6.97734e-05
2026-10-01 22:30:06,035 step=23580 train=1.87279 val=None lr=6.96753e-05
2026-10-01 22:30:08,511 step=23590 train=1.86532 val=None lr=6.95773e-05
2026-10-01 22:30:12,461 step=23600 train=1.79209 val=1.835710233449936 lr=6.94794e-05
2026-10-01 22:30:13,845 step=23610 train=2.08932 val=None lr=6.93816e-05
2026-10-01 22:30:16,230 step=23620 train=1.83384 val=None lr=6.92839e-05
2026-10-01 22:30:18,949 step=23630 train=1.89561 val=None lr=6.91863e-05
2026-10-01 22:30:21,601 step=23640 train=1.82633 val=None lr=6.90888e-05
2026-10-01 22:30:24,069 step=23650 train=1.79777 val=None lr=6.89913e-05
2026-10-01 22:30:26,454 step=23660 train=1.78407 val=None lr=6.8894e-05
2026-10-01 22:30:28,966 step=23670 train=1.78508 val=None lr=6.87968e-05
2026-10-01 22:30:31,415 step=23680 train=1.80551 val=None lr=6.86997e-05
2026-10-01 22:30:33,910 step=23690 train=2.12945 val=None lr=6.86027e-05
2026-10-01 22:30:38,376 step=23700 train=1.49697 val=1.8316107034683227 lr=6.85058e-05
2026-10-01 22:30:40,836 step=23710 train=1.75415 val=None lr=6.8409e-05
2026-10-01 22:30:43,340 step=23720 train=1.71336 val=None lr=6.83123e-05
2026-10-01 22:30:45,044 step=23730 train=1.84118 val=None lr=6.82157e-05
2026-10-01 22:30:47,395 step=23740 train=1.69242 val=None lr=6.81192e-05
2026-10-01 22:30:49,829 step=23750 train=1.90887 val=None lr=6.80228e-05
2026-10-01 22:30:52,494 step=23760 train=1.69436 val=None lr=6.79265e-05
2026-10-01 22:30:54,909 step=23770 train=1.76192 val=None lr=6.78304e-05
2026-10-01 22:30:57,402 step=23780 train=1.84685 val=None lr=6.77343e-05
2026-10-01 22:30:59,880 step=23790 train=1.96740 val=None lr=6.76383e-05
2026-10-01 22:31:03,647 step=23800 train=1.79127 val=1.8335653781890868 lr=6.75424e-05
2026-10-01 22:31:06,321 step=23810 train=1.82326 val=None lr=6.74466e-05
2026-10-01 22:31:08,751 step=23820 train=1.63996 val=None lr=6.73509e-05
2026-10-01 22:31:11,167 step=23830 train=2.11348 val=None lr=6.72554e-05
2026-10-01 22:31:13,766 step=23840 train=1.83294 val=None lr=6.71599e-05
2026-10-01 22:31:15,761 step=23850 train=2.23495 val=None lr=6.70645e-05
2026-10-01 22:31:18,117 step=23860 train=1.76288 val=None lr=6.69693e-05
2026-10-01 22:31:20,575 step=23870 train=1.80972 val=None lr=6.68741e-05
2026-10-01 22:31:22,946 step=23880 train=1.85565 val=None lr=6.6779e-05
2026-10-01 22:31:25,236 step=23890 train=2.09099 val=None lr=6.66841e-05
2026-10-01 22:31:29,710 step=23900 train=1.97740 val=1.8307409882545471 lr=6.65892e-05
2026-10-01 22:31:32,003 step=23910 train=1.96118 val=None lr=6.64945e-05
2026-10-01 22:31:34,298 step=23920 train=1.94241 val=None lr=6.63998e-05
2026-10-01 22:31:36,744 step=23930 train=2.18917 val=None lr=6.63053e-05
2026-10-01 22:31:39,066 step=23940 train=1.80587 val=None lr=6.62109e-05
2026-10-01 22:31:41,399 step=23950 train=2.06683 val=None lr=6.61165e-05
2026-10-01 22:31:43,724 step=23960 train=1.81515 val=None lr=6.60223e-05
2026-10-01 22:31:46,027 step=23970 train=1.89214 val=None lr=6.59282e-05
2026-10-01 22:31:47,520 step=23980 train=1.89386 val=None lr=6.58342e-05
2026-10-01 22:31:49,873 step=23990 train=2.17621 val=None lr=6.57402e-05
2026-10-01 22:31:53,658 step=24000 train=1.98933 val=1.8308546364307403 lr=6.56464e-05
2026-10-01 22:31:59,222 step=24010 train=1.62553 val=None lr=6.55527e-05
2026-10-01 22:32:01,626 step=24020 train=1.92449 val=None lr=6.54591e-05
2026-10-01 22:32:03,908 step=24030 train=1.96881 val=None lr=6.53656e-05
2026-10-01 22:32:06,242 step=24040 train=1.88194 val=None lr=6.52722e-05
2026-10-01 22:32:08,664 step=24050 train=1.92840 val=None lr=6.51789e-05
2026-10-01 22:32:10,989 step=24060 train=1.97821 val=None lr=6.50857e-05
2026-10-01 22:32:13,405 step=24070 train=1.83556 val=None lr=6.49927e-05
2026-10-01 22:32:15,853 step=24080 train=1.97532 val=None lr=6.48997e-05
2026-10-01 22:32:18,176 step=24090 train=1.85764 val=None lr=6.48068e-05
2026-10-01 22:32:21,671 step=24100 train=1.76777 val=1.8291848838329314 lr=6.47141e-05
2026-10-01 22:32:23,953 step=24110 train=2.01957 val=None lr=6.46214e-05
2026-10-01 22:32:26,460 step=24120 train=1.88904 val=None lr=6.45289e-05
2026-10-01 22:32:28,937 step=24130 train=1.92169 val=None lr=6.44364e-05
2026-10-01 22:32:31,511 step=24140 train=1.65933 val=None lr=6.43441e-05
2026-10-01 22:32:33,971 step=24150 train=1.72368 val=None lr=6.42518e-05
2026-10-01 22:32:36,545 step=24160 train=1.85309 val=None lr=6.41597e-05
2026-10-01 22:32:38,818 step=24170 train=2.02852 val=None lr=6.40677e-05
2026-10-01 22:32:41,345 step=24180 train=2.06230 val=None lr=6.39758e-05
2026-10-01 22:32:43,869 step=24190 train=1.82419 val=None lr=6.3884e-05
2026-10-01 22:32:48,507 step=24200 train=1.96463 val=1.8276230573654175 lr=6.37923e-05
2026-10-01 22:32:50,918 step=24210 train=1.73204 val=None lr=6.37007e-05
2026-10-01 22:32:52,571 step=24220 train=2.00858 val=None lr=6.36092e-05
2026-10-01 22:32:54,970 step=24230 train=1.92138 val=None lr=6.35178e-05
2026-10-01 22:32:57,321 step=24240 train=1.71076 val=None lr=6.34265e-05
2026-10-01 22:32:59,828 step=24250 train=1.93413 val=None lr=6.33354e-05
2026-10-01 22:33:02,169 step=24260 train=2.12842 val=None lr=6.32443e-05
2026-10-01 22:33:04,525 step=24270 train=1.86101 val=None lr=6.31533e-05
2026-10-01 22:33:06,969 step=24280 train=1.83951 val=None lr=6.30625e-05
2026-10-01 22:33:09,303 step=24290 train=1.99909 val=None lr=6.29717e-05
2026-10-01 22:33:13,843 step=24300 train=1.92399 val=1.825642740726471 lr=6.28811e-05
2026-10-01 22:33:16,157 step=24310 train=1.74434 val=None lr=6.27906e-05
2026-10-01 22:33:18,572 step=24320 train=1.83323 val=None lr=6.27002e-05
2026-10-01 22:33:20,964 step=24330 train=1.58745 val=None lr=6.26099e-05
2026-10-01 22:33:22,387 step=24340 train=2.12365 val=None lr=6.25197e-05
2026-10-01 22:33:24,824 step=24350 train=1.77217 val=None lr=6.24296e-05
2026-10-01 22:33:27,181 step=24360 train=1.66687 val=None lr=6.23396e-05
2026-10-01 22:33:29,538 step=24370 train=1.89170 val=None lr=6.22497e-05
2026-10-01 22:33:31,835 step=24380 train=1.80725 val=None lr=6.21599e-05
2026-10-01 22:33:34,108 step=24390 train=1.94331 val=None lr=6.20703e-05
2026-10-01 22:33:38,751 step=24400 train=1.75838 val=1.8240449488162995 lr=6.19807e-05
2026-10-01 22:33:41,169 step=24410 train=1.76505 val=None lr=6.18913e-05
2026-10-01 22:33:43,598 step=24420 train=1.90415 val=None lr=6.18019e-05
2026-10-01 22:33:46,065 step=24430 train=1.87234 val=None lr=6.17127e-05
2026-10-01 22:33:48,572 step=24440 train=1.86652 val=None lr=6.16236e-05
2026-10-01 22:33:51,012 step=24450 train=1.72286 val=None lr=6.15346e-05
2026-10-01 22:33:53,337 step=24460 train=1.88641 val=None lr=6.14457e-05
2026-10-01 22:33:54,819 step=24470 train=1.73634 val=None lr=6.13569e-05
2026-10-01 22:33:57,077 step=24480 train=1.86288 val=None lr=6.12682e-05
2026-10-01 22:33:59,305 step=24490 train=1.87973 val=None lr=6.11796e-05
2026-10-01 22:34:03,899 step=24500 train=1.72110 val=1.8225934505462646 lr=6.10911e-05
2026-10-01 22:34:08,258 step=24510 train=1.56154 val=None lr=6.10028e-05
2026-10-01 22:34:10,649 step=24520 train=1.84813 val=None lr=6.09145e-05
2026-10-01 22:34:13,000 step=24530 train=1.73700 val=None lr=6.08264e-05
2026-10-01 22:34:15,364 step=24540 train=1.70032 val=None lr=6.07384e-05
2026-10-01 22:34:18,501 step=24550 train=1.75587 val=None lr=6.06505e-05
2026-10-01 22:34:20,867 step=24560 train=1.89279 val=None lr=6.05626e-05
2026-10-01 22:34:23,214 step=24570 train=1.91571 val=None lr=6.04749e-05
2026-10-01 22:34:25,479 step=24580 train=1.85931 val=None lr=6.03874e-05
2026-10-01 22:34:26,905 step=24590 train=1.91431 val=None lr=6.02999e-05
2026-10-01 22:34:30,784 step=24600 train=2.13709 val=1.8239678144454956 lr=6.02125e-05
2026-10-01 22:34:33,175 step=24610 train=1.64100 val=None lr=6.01253e-05
2026-10-01 22:34:35,515 step=24620 train=1.64688 val=None lr=6.00381e-05
2026-10-01 22:34:37,919 step=24630 train=1.79509 val=None lr=5.99511e-05
2026-10-01 22:34:40,338 step=24640 train=2.24349 val=None lr=5.98641e-05
2026-10-01 22:34:42,711 step=24650 train=1.99007 val=None lr=5.97773e-05
2026-10-01 22:34:45,023 step=24660 train=1.66854 val=None lr=5.96906e-05
2026-10-01 22:34:47,367 step=24670 train=1.99309 val=None lr=5.9604e-05
2026-10-01 22:34:49,662 step=24680 train=1.92015 val=None lr=5.95175e-05
2026-10-01 22:34:52,101 step=24690 train=1.99047 val=None lr=5.94312e-05
2026-10-01 22:34:56,300 step=24700 train=1.79367 val=1.8197135984897614 lr=5.93449e-05
2026-10-01 22:34:57,893 step=24710 train=1.86025 val=None lr=5.92588e-05
2026-10-01 22:35:00,223 step=24720 train=1.80014 val=None lr=5.91727e-05
2026-10-01 22:35:02,667 step=24730 train=1.93454 val=None lr=5.90868e-05
2026-10-01 22:35:05,133 step=24740 train=1.86885 val=None lr=5.9001e-05
2026-10-01 22:35:07,547 step=24750 train=1.61038 val=None lr=5.89153e-05
2026-10-01 22:35:09,911 step=24760 train=1.87292 val=None lr=5.88297e-05
2026-10-01 22:35:12,223 step=24770 train=1.78965 val=None lr=5.87442e-05
2026-10-01 22:35:14,839 step=24780 train=1.85420 val=None lr=5.86588e-05
2026-10-01 22:35:17,315 step=24790 train=1.63351 val=None lr=5.85736e-05
2026-10-01 22:35:21,379 step=24800 train=1.94343 val=1.8217958152294158 lr=5.84884e-05
2026-10-01 22:35:23,774 step=24810 train=1.95799 val=None lr=5.84034e-05
2026-10-01 22:35:26,426 step=24820 train=1.97109 val=None lr=5.83185e-05
2026-10-01 22:35:29,190 step=24830 train=1.97145 val=None lr=5.82337e-05
2026-10-01 22:35:30,984 step=24840 train=1.73451 val=None lr=5.8149e-05
2026-10-01 22:35:33,488 step=24850 train=1.85153 val=None lr=5.80644e-05
2026-10-01 22:35:35,889 step=24860 train=1.90326 val=None lr=5.79799e-05
2026-10-01 22:35:38,193 step=24870 train=1.92142 val=None lr=5.78955e-05
2026-10-01 22:35:40,702 step=24880 train=1.66307 val=None lr=5.78113e-05
2026-10-01 22:35:43,213 step=24890 train=1.56621 val=None lr=5.77272e-05
2026-10-01 22:35:46,871 step=24900 train=1.88098 val=1.821684980392456 lr=5.76431e-05
2026-10-01 22:35:49,308 step=24910 train=1.67413 val=None lr=5.75592e-05
2026-10-01 22:35:51,634 step=24920 train=1.97034 val=None lr=5.74754e-05
2026-10-01 22:35:54,129 step=24930 train=1.85821 val=None lr=5.73918e-05
2026-10-01 22:35:56,414 step=24940 train=2.01060 val=None lr=5.73082e-05
2026-10-01 22:35:58,981 step=24950 train=1.54963 val=None lr=5.72247e-05
2026-10-01 22:36:00,570 step=24960 train=1.78648 val=None lr=5.71414e-05
2026-10-01 22:36:02,901 step=24970 train=1.58719 val=None lr=5.70582e-05
2026-10-01 22:36:05,271 step=24980 train=1.80449 val=None lr=5.6975e-05
2026-10-01 22:36:07,531 step=24990 train=2.02393 val=None lr=5.6892e-05
2026-10-01 22:36:11,159 step=25000 train=1.81715 val=1.8231280982494353 lr=5.68092e-05
2026-10-01 22:36:16,370 step=25010 train=1.74894 val=None lr=5.67264e-05
2026-10-01 22:36:18,750 step=25020 train=1.88647 val=None lr=5.66437e-05
2026-10-01 22:36:21,340 step=25030 train=1.80578 val=None lr=5.65612e-05
2026-10-01 22:36:23,661 step=25040 train=1.70574 val=None lr=5.64788e-05
2026-10-01 22:36:25,911 step=25050 train=1.83813 val=None lr=5.63964e-05
2026-10-01 22:36:28,313 step=25060 train=1.77365 val=None lr=5.63142e-05
2026-10-01 22:36:30,582 step=25070 train=1.86226 val=None lr=5.62321e-05
2026-10-01 22:36:32,198 step=25080 train=2.27761 val=None lr=5.61502e-05
2026-10-01 22:36:34,437 step=25090 train=1.97890 val=None lr=5.60683e-05
2026-10-01 22:36:38,017 step=25100 train=1.89089 val=1.8197637140750884 lr=5.59866e-05
2026-10-01 22:36:40,643 step=25110 train=1.88192 val=None lr=5.59049e-05
2026-10-01 22:36:43,088 step=25120 train=1.83561 val=None lr=5.58234e-05
2026-10-01 22:36:45,381 step=25130 train=2.06656 val=None lr=5.5742e-05
2026-10-01 22:36:47,723 step=25140 train=2.08440 val=None lr=5.56607e-05
2026-10-01 22:36:49,988 step=25150 train=1.71589 val=None lr=5.55796e-05
2026-10-01 22:36:52,815 step=25160 train=1.95910 val=None lr=5.54985e-05
2026-10-01 22:36:55,268 step=25170 train=2.00810 val=None lr=5.54176e-05
2026-10-01 22:36:57,753 step=25180 train=1.81251 val=None lr=5.53367e-05
2026-10-01 22:37:00,322 step=25190 train=2.13975 val=None lr=5.5256e-05
2026-10-01 22:37:04,308 step=25200 train=2.12962 val=1.8199778378009797 lr=5.51754e-05
2026-10-01 22:37:06,117 step=25210 train=1.82386 val=None lr=5.5095e-05
2026-10-01 22:37:08,425 step=25220 train=2.00330 val=None lr=5.50146e-05
2026-10-01 22:37:10,782 step=25230 train=1.81297 val=None lr=5.49344e-05
2026-10-01 22:37:13,035 step=25240 train=1.99137 val=None lr=5.48542e-05
2026-10-01 22:37:15,350 step=25250 train=1.71979 val=None lr=5.47742e-05
2026-10-01 22:37:17,824 step=25260 train=1.99991 val=None lr=5.46943e-05
2026-10-01 22:37:20,114 step=25270 train=1.89189 val=None lr=5.46145e-05
2026-10-01 22:37:22,505 step=25280 train=1.84545 val=None lr=5.45349e-05
2026-10-01 22:37:24,820 step=25290 train=1.92810 val=None lr=5.44553e-05
2026-10-01 22:37:29,372 step=25300 train=1.99214 val=1.8176724433898925 lr=5.43759e-05
2026-10-01 22:37:31,830 step=25310 train=1.80906 val=None lr=5.42966e-05
2026-10-01 22:37:34,356 step=25320 train=1.78205 val=None lr=5.42174e-05
2026-10-01 22:37:35,956 step=25330 train=1.99749 val=None lr=5.41383e-05
2026-10-01 22:37:38,300 step=25340 train=1.93397 val=None lr=5.40593e-05
2026-10-01 22:37:40,826 step=25350 train=1.91013 val=None lr=5.39805e-05
2026-10-01 22:37:43,230 step=25360 train=1.90341 val=None lr=5.39017e-05
2026-10-01 22:37:45,548 step=25370 train=1.76682 val=None lr=5.38231e-05
2026-10-01 22:37:48,232 step=25380 train=1.72340 val=None lr=5.37446e-05
2026-10-01 22:37:50,706 step=25390 train=1.73790 val=None lr=5.36662e-05
2026-10-01 22:37:54,507 step=25400 train=2.04316 val=1.8178144097328186 lr=5.35879e-05
2026-10-01 22:37:56,844 step=25410 train=1.80054 val=None lr=5.35098e-05
2026-10-01 22:37:59,177 step=25420 train=1.64799 val=None lr=5.34318e-05
2026-10-01 22:38:01,825 step=25430 train=2.08749 val=None lr=5.33539e-05
2026-10-01 22:38:04,303 step=25440 train=1.79309 val=None lr=5.32761e-05
2026-10-01 22:38:06,603 step=25450 train=1.96977 val=None lr=5.31984e-05
2026-10-01 22:38:08,099 step=25460 train=1.91200 val=None lr=5.31208e-05
2026-10-01 22:38:10,541 step=25470 train=1.74756 val=None lr=5.30434e-05
2026-10-01 22:38:13,286 step=25480 train=1.82498 val=None lr=5.2966e-05
2026-10-01 22:38:15,871 step=25490 train=1.68381 val=None lr=5.28888e-05
2026-10-01 22:38:20,592 step=25500 train=1.84096 val=1.8165685772895812 lr=5.28117e-05
2026-10-01 22:38:24,876 step=25510 train=1.83332 val=None lr=5.27348e-05
2026-10-01 22:38:27,147 step=25520 train=1.84029 val=None lr=5.26579e-05
2026-10-01 22:38:29,527 step=25530 train=1.77605 val=None lr=5.25812e-05
2026-10-01 22:38:31,949 step=25540 train=1.99337 val=None lr=5.25046e-05
2026-10-01 22:38:34,461 step=25550 train=2.04710 val=None lr=5.24281e-05
2026-10-01 22:38:36,960 step=25560 train=1.68392 val=None lr=5.23517e-05
2026-10-01 22:38:39,388 step=25570 train=1.72675 val=None lr=5.22754e-05
2026-10-01 22:38:40,997 step=25580 train=1.71760 val=None lr=5.21993e-05
2026-10-01 22:38:43,386 step=25590 train=1.68983 val=None lr=5.21233e-05
2026-10-01 22:38:47,742 step=25600 train=1.90684 val=1.814843374490738 lr=5.20474e-05
2026-10-01 22:38:50,049 step=25610 train=1.98780 val=None lr=5.19716e-05
2026-10-01 22:38:52,516 step=25620 train=1.88342 val=None lr=5.18959e-05
2026-10-01 22:38:54,800 step=25630 train=1.81347 val=None lr=5.18203e-05
2026-10-01 22:38:57,137 step=25640 train=1.80385 val=None lr=5.17449e-05
2026-10-01 22:38:59,515 step=25650 train=1.95577 val=None lr=5.16696e-05
2026-10-01 22:39:02,014 step=25660 train=1.95888 val=None lr=5.15944e-05
2026-10-01 22:39:04,787 step=25670 train=1.72280 val=None lr=5.15193e-05
2026-10-01 22:39:07,264 step=25680 train=1.84249 val=None lr=5.14444e-05
2026-10-01 22:39:09,698 step=25690 train=1.74053 val=None lr=5.13696e-05
2026-10-01 22:39:12,960 step=25700 train=1.69448 val=1.8133765399456023 lr=5.12948e-05
2026-10-01 22:39:15,543 step=25710 train=1.81837 val=None lr=5.12202e-05
2026-10-01 22:39:18,139 step=25720 train=1.68425 val=None lr=5.11458e-05
2026-10-01 22:39:20,653 step=25730 train=1.87236 val=None lr=5.10714e-05
2026-10-01 22:39:22,991 step=25740 train=2.15174 val=None lr=5.09972e-05
2026-10-01 22:39:25,455 step=25750 train=1.88828 val=None lr=5.09231e-05
2026-10-01 22:39:28,700 step=25760 train=1.73879 val=None lr=5.08491e-05
2026-10-01 22:39:31,255 step=25770 train=1.73282 val=None lr=5.07752e-05
2026-10-01 22:39:33,534 step=25780 train=2.28106 val=None lr=5.07014e-05
2026-10-01 22:39:35,773 step=25790 train=1.94466 val=None lr=5.06278e-05
2026-10-01 22:39:39,771 step=25800 train=1.97192 val=1.8139812231063843 lr=5.05543e-05
2026-10-01 22:39:42,370 step=25810 train=1.96215 val=None lr=5.04809e-05
2026-10-01 22:39:43,902 step=25820 train=1.78064 val=None lr=5.04076e-05
2026-10-01 22:39:46,365 step=25830 train=1.68089 val=None lr=5.03345e-05
2026-10-01 22:39:48,677 step=25840 train=1.63845 val=None lr=5.02614e-05
2026-10-01 22:39:51,175 step=25850 train=1.89451 val=None lr=5.01885e-05
2026-10-01 22:39:53,691 step=25860 train=1.59702 val=None lr=5.01157e-05
2026-10-01 22:39:56,099 step=25870 train=1.82677 val=None lr=5.00431e-05
2026-10-01 22:39:58,435 step=25880 train=1.71696 val=None lr=4.99705e-05
2026-10-01 22:40:00,749 step=25890 train=1.72682 val=None lr=4.98981e-05
2026-10-01 22:40:04,327 step=25900 train=2.01429 val=1.81381157040596 lr=4.98258e-05
2026-10-01 22:40:06,635 step=25910 train=1.86280 val=None lr=4.97536e-05
2026-10-01 22:40:08,869 step=25920 train=1.68795 val=None lr=4.96815e-05
2026-10-01 22:40:11,159 step=25930 train=1.79393 val=None lr=4.96096e-05
2026-10-01 22:40:13,432 step=25940 train=1.85290 val=None lr=4.95378e-05
2026-10-01 22:40:14,851 step=25950 train=1.95341 val=None lr=4.94661e-05
2026-10-01 22:40:17,096 step=25960 train=1.83152 val=None lr=4.93945e-05
2026-10-01 22:40:19,520 step=25970 train=1.84166 val=None lr=4.93231e-05
2026-10-01 22:40:21,842 step=25980 train=1.90966 val=None lr=4.92517e-05
2026-10-01 22:40:24,098 step=25990 train=1.95273 val=None lr=4.91805e-05
2026-10-01 22:40:27,702 step=26000 train=1.90379 val=1.8135570168495179 lr=4.91094e-05
2026-10-01 22:40:32,122 step=26010 train=1.81317 val=None lr=4.90384e-05
2026-10-01 22:40:34,366 step=26020 train=1.97498 val=None lr=4.89676e-05
2026-10-01 22:40:36,642 step=26030 train=1.84082 val=None lr=4.88969e-05
2026-10-01 22:40:39,196 step=26040 train=1.97600 val=None lr=4.88263e-05
2026-10-01 22:40:41,481 step=26050 train=1.81790 val=None lr=4.87558e-05
2026-10-01 22:40:43,895 step=26060 train=1.50450 val=None lr=4.86854e-05
2026-10-01 22:40:45,362 step=26070 train=1.85775 val=None lr=4.86152e-05
2026-10-01 22:40:47,817 step=26080 train=1.62867 val=None lr=4.85451e-05
2026-10-01 22:40:50,468 step=26090 train=1.92504 val=None lr=4.84751e-05
2026-10-01 22:40:54,783 step=26100 train=1.79502 val=1.8110379219055175 lr=4.84052e-05
2026-10-01 22:40:57,228 step=26110 train=1.84225 val=None lr=4.83355e-05
2026-10-01 22:40:59,772 step=26120 train=2.16478 val=None lr=4.82659e-05
2026-10-01 22:41:02,115 step=26130 train=1.94019 val=None lr=4.81964e-05
2026-10-01 22:41:04,436 step=26140 train=1.80984 val=None lr=4.8127e-05
2026-10-01 22:41:06,739 step=26150 train=1.78107 val=None lr=4.80577e-05
2026-10-01 22:41:09,173 step=26160 train=2.00564 val=None lr=4.79886e-05
2026-10-01 22:41:11,783 step=26170 train=1.56889 val=None lr=4.79196e-05
2026-10-01 22:41:14,377 step=26180 train=1.79428 val=None lr=4.78507e-05
2026-10-01 22:41:17,080 step=26190 train=1.48573 val=None lr=4.77819e-05
2026-10-01 22:41:20,693 step=26200 train=1.70034 val=1.8105515956878662 lr=4.77133e-05
2026-10-01 22:41:23,034 step=26210 train=1.63388 val=None lr=4.76448e-05
2026-10-01 22:41:25,314 step=26220 train=1.66671 val=None lr=4.75764e-05
2026-10-01 22:41:27,607 step=26230 train=1.87507 val=None lr=4.75081e-05
2026-10-01 22:41:30,037 step=26240 train=1.91871 val=None lr=4.744e-05
2026-10-01 22:41:32,515 step=26250 train=2.04181 val=None lr=4.7372e-05
2026-10-01 22:41:34,922 step=26260 train=1.89947 val=None lr=4.73041e-05
2026-10-01 22:41:37,220 step=26270 train=1.66979 val=None lr=4.72363e-05
2026-10-01 22:41:39,705 step=26280 train=1.72642 val=None lr=4.71687e-05
2026-10-01 22:41:41,983 step=26290 train=1.80528 val=None lr=4.71011e-05
2026-10-01 22:41:46,170 step=26300 train=1.70495 val=1.8103891849517821 lr=4.70337e-05
2026-10-01 22:41:48,461 step=26310 train=1.85977 val=None lr=4.69665e-05
2026-10-01 22:41:49,875 step=26320 train=1.70246 val=None lr=4.68993e-05
2026-10-01 22:41:52,153 step=26330 train=1.89751 val=None lr=4.68323e-05
2026-10-01 22:41:54,593 step=26340 train=1.89060 val=None lr=4.67654e-05
2026-10-01 22:41:57,089 step=26350 train=2.09676 val=None lr=4.66986e-05
2026-10-01 22:41:59,397 step=26360 train=1.88588 val=None lr=4.66319e-05
2026-10-01 22:42:01,675 step=26370 train=1.76584 val=None lr=4.65654e-05
2026-10-01 22:42:04,020 step=26380 train=1.84724 val=None lr=4.6499e-05
2026-10-01 22:42:06,341 step=26390 train=1.62761 val=None lr=4.64327e-05
2026-10-01 22:42:09,978 step=26400 train=1.84878 val=1.8105338513851166 lr=4.63666e-05
2026-10-01 22:42:12,280 step=26410 train=1.73147 val=None lr=4.63005e-05
2026-10-01 22:42:14,578 step=26420 train=1.73083 val=None lr=4.62346e-05
2026-10-01 22:42:16,941 step=26430 train=1.56651 val=None lr=4.61689e-05
2026-10-01 22:42:19,274 step=26440 train=1.93294 val=None lr=4.61032e-05
2026-10-01 22:42:20,681 step=26450 train=1.82164 val=None lr=4.60377e-05
2026-10-01 22:42:23,219 step=26460 train=1.61371 val=None lr=4.59723e-05
2026-10-01 22:42:25,680 step=26470 train=1.78328 val=None lr=4.5907e-05
2026-10-01 22:42:28,364 step=26480 train=1.86950 val=None lr=4.58418e-05
2026-10-01 22:42:30,662 step=26490 train=1.77376 val=None lr=4.57768e-05
2026-10-01 22:42:34,996 step=26500 train=1.78686 val=1.8081933081150054 lr=4.57119e-05
2026-10-01 22:42:39,502 step=26510 train=1.75756 val=None lr=4.56471e-05
2026-10-01 22:42:42,045 step=26520 train=1.71880 val=None lr=4.55825e-05
2026-10-01 22:42:44,703 step=26530 train=1.50344 val=None lr=4.55179e-05
2026-10-01 22:42:47,212 step=26540 train=1.67570 val=None lr=4.54535e-05
2026-10-01 22:42:49,650 step=26550 train=1.92600 val=None lr=4.53893e-05
2026-10-01 22:42:52,120 step=26560 train=1.94093 val=None lr=4.53251e-05
2026-10-01 22:42:53,543 step=26570 train=1.80162 val=None lr=4.52611e-05
2026-10-01 22:42:55,882 step=26580 train=1.82836 val=None lr=4.51972e-05
2026-10-01 22:42:58,298 step=26590 train=1.75938 val=None lr=4.51334e-05
2026-10-01 22:43:03,014 step=26600 train=1.68701 val=1.8077202916145325 lr=4.50698e-05
2026-10-01 22:43:05,451 step=26610 train=1.86627 val=None lr=4.50063e-05
2026-10-01 22:43:07,843 step=26620 train=1.82681 val=None lr=4.49429e-05
2026-10-01 22:43:10,098 step=26630 train=1.70270 val=None lr=4.48796e-05
2026-10-01 22:43:12,591 step=26640 train=1.78219 val=None lr=4.48165e-05
2026-10-01 22:43:15,043 step=26650 train=1.89051 val=None lr=4.47534e-05
2026-10-01 22:43:17,537 step=26660 train=2.08539 val=None lr=4.46906e-05
2026-10-01 22:43:19,930 step=26670 train=1.94996 val=None lr=4.46278e-05
2026-10-01 22:43:22,314 step=26680 train=1.96196 val=None lr=4.45652e-05
2026-10-01 22:43:23,734 step=26690 train=1.89433 val=None lr=4.45026e-05
2026-10-01 22:43:27,793 step=26700 train=1.95162 val=1.808099204301834 lr=4.44403e-05
2026-10-01 22:43:30,135 step=26710 train=1.74583 val=None lr=4.4378e-05
2026-10-01 22:43:32,704 step=26720 train=2.02719 val=None lr=4.43159e-05
2026-10-01 22:43:35,258 step=26730 train=1.94526 val=None lr=4.42539e-05
2026-10-01 22:43:37,809 step=26740 train=1.80370 val=None lr=4.4192e-05
2026-10-01 22:43:40,172 step=26750 train=1.71944 val=None lr=4.41303e-05
2026-10-01 22:43:42,765 step=26760 train=1.78746 val=None lr=4.40687e-05
2026-10-01 22:43:45,456 step=26770 train=2.18367 val=None lr=4.40072e-05
2026-10-01 22:43:48,044 step=26780 train=1.70500 val=None lr=4.39458e-05
2026-10-01 22:43:50,393 step=26790 train=1.89214 val=None lr=4.38846e-05
2026-10-01 22:43:54,744 step=26800 train=1.68218 val=1.80707288980484 lr=4.38235e-05
2026-10-01 22:43:56,199 step=26810 train=1.72583 val=None lr=4.37625e-05
2026-10-01 22:43:58,504 step=26820 train=1.67430 val=None lr=4.37016e-05
2026-10-01 22:44:00,844 step=26830 train=1.71283 val=None lr=4.36409e-05
2026-10-01 22:44:03,304 step=26840 train=1.70276 val=None lr=4.35803e-05
2026-10-01 22:44:05,591 step=26850 train=1.71479 val=None lr=4.35198e-05
2026-10-01 22:44:07,814 step=26860 train=1.80292 val=None lr=4.34595e-05
2026-10-01 22:44:10,319 step=26870 train=1.85112 val=None lr=4.33993e-05
2026-10-01 22:44:12,596 step=26880 train=1.68775 val=None lr=4.33392e-05
2026-10-01 22:44:14,948 step=26890 train=1.76540 val=None lr=4.32792e-05
2026-10-01 22:44:19,560 step=26900 train=1.89640 val=1.805481493473053 lr=4.32194e-05
2026-10-01 22:44:22,313 step=26910 train=1.88912 val=None lr=4.31597e-05
2026-10-01 22:44:24,689 step=26920 train=1.89188 val=None lr=4.31001e-05
2026-10-01 22:44:27,326 step=26930 train=1.96905 val=None lr=4.30407e-05
2026-10-01 22:44:28,776 step=26940 train=1.95863 val=None lr=4.29813e-05
2026-10-01 22:44:31,042 step=26950 train=2.15050 val=None lr=4.29222e-05
2026-10-01 22:44:33,473 step=26960 train=1.75388 val=None lr=4.28631e-05
2026-10-01 22:44:36,408 step=26970 train=1.81962 val=None lr=4.28042e-05
2026-10-01 22:44:38,992 step=26980 train=1.99842 val=None lr=4.27454e-05
2026-10-01 22:44:41,369 step=26990 train=1.90247 val=None lr=4.26867e-05
2026-10-01 22:44:45,835 step=27000 train=2.18746 val=1.8053412675857543 lr=4.26281e-05
2026-10-01 22:44:50,295 step=27010 train=2.00943 val=None lr=4.25697e-05
2026-10-01 22:44:52,922 step=27020 train=1.79588 val=None lr=4.25114e-05
2026-10-01 22:44:55,241 step=27030 train=1.76592 val=None lr=4.24533e-05
2026-10-01 22:44:57,571 step=27040 train=1.95342 val=None lr=4.23952e-05
2026-10-01 22:44:59,094 step=27050 train=2.05506 val=None lr=4.23373e-05
2026-10-01 22:45:01,601 step=27060 train=2.14757 val=None lr=4.22796e-05
2026-10-01 22:45:03,860 step=27070 train=1.83751 val=None lr=4.22219e-05
2026-10-01 22:45:06,152 step=27080 train=2.05520 val=None lr=4.21644e-05
2026-10-01 22:45:08,631 step=27090 train=1.93685 val=None lr=4.2107e-05
2026-10-01 22:45:12,917 step=27100 train=1.83938 val=1.8049931049346923 lr=4.20498e-05
2026-10-01 22:45:15,215 step=27110 train=1.70078 val=None lr=4.19926e-05
2026-10-01 22:45:17,711 step=27120 train=1.77277 val=None lr=4.19356e-05
2026-10-01 22:45:20,088 step=27130 train=1.80084 val=None lr=4.18788e-05
2026-10-01 22:45:22,371 step=27140 train=1.76159 val=None lr=4.1822e-05
2026-10-01 22:45:24,698 step=27150 train=1.58561 val=None lr=4.17654e-05
2026-10-01 22:45:27,021 step=27160 train=1.78629 val=None lr=4.17089e-05
2026-10-01 22:45:29,544 step=27170 train=1.97162 val=None lr=4.16526e-05
2026-10-01 22:45:31,234 step=27180 train=1.84872 val=None lr=4.15964e-05
2026-10-01 22:45:33,498 step=27190 train=1.77695 val=None lr=4.15403e-05
2026-10-01 22:45:37,749 step=27200 train=1.69244 val=1.8038091361522675 lr=4.14843e-05
2026-10-01 22:45:40,214 step=27210 train=1.78235 val=None lr=4.14285e-05
2026-10-01 22:45:42,465 step=27220 train=1.82806 val=None lr=4.13728e-05
2026-10-01 22:45:44,703 step=27230 train=1.75696 val=None lr=4.13172e-05
2026-10-01 22:45:47,179 step=27240 train=1.89364 val=None lr=4.12618e-05
2026-10-01 22:45:49,443 step=27250 train=1.75408 val=None lr=4.12065e-05
2026-10-01 22:45:51,776 step=27260 train=1.87496 val=None lr=4.11513e-05
2026-10-01 22:45:54,094 step=27270 train=1.58451 val=None lr=4.10963e-05
2026-10-01 22:45:56,818 step=27280 train=1.62888 val=None lr=4.10413e-05
2026-10-01 22:45:59,435 step=27290 train=1.64673 val=None lr=4.09865e-05
2026-10-01 22:46:02,247 step=27300 train=1.62293 val=1.8045111179351807 lr=4.09319e-05
2026-10-01 22:46:04,530 step=27310 train=1.77264 val=None lr=4.08774e-05
2026-10-01 22:46:07,090 step=27320 train=1.85289 val=None lr=4.0823e-05
2026-10-01 22:46:09,418 step=27330 train=1.93449 val=None lr=4.07687e-05
2026-10-01 22:46:11,687 step=27340 train=1.76002 val=None lr=4.07146e-05
2026-10-01 22:46:13,963 step=27350 train=1.74463 val=None lr=4.06606e-05
2026-10-01 22:46:16,363 step=27360 train=1.81951 val=None lr=4.06067e-05
2026-10-01 22:46:19,086 step=27370 train=1.79550 val=None lr=4.05529e-05
2026-10-01 22:46:21,433 step=27380 train=1.93724 val=None lr=4.04993e-05
2026-10-01 22:46:24,023 step=27390 train=2.30217 val=None lr=4.04459e-05
2026-10-01 22:46:27,874 step=27400 train=2.12340 val=1.8038220167160035 lr=4.03925e-05
2026-10-01 22:46:30,595 step=27410 train=1.99427 val=None lr=4.03393e-05
2026-10-01 22:46:32,841 step=27420 train=1.71143 val=None lr=4.02862e-05
2026-10-01 22:46:34,180 step=27430 train=1.76240 val=None lr=4.02332e-05
2026-10-01 22:46:36,500 step=27440 train=1.67157 val=None lr=4.01804e-05
2026-10-01 22:46:38,981 step=27450 train=1.77447 val=None lr=4.01277e-05
2026-10-01 22:46:41,419 step=27460 train=1.66077 val=None lr=4.00752e-05
2026-10-01 22:46:43,685 step=27470 train=1.85278 val=None lr=4.00227e-05
2026-10-01 22:46:46,055 step=27480 train=1.87716 val=None lr=3.99704e-05
2026-10-01 22:46:48,466 step=27490 train=1.88418 val=None lr=3.99183e-05
2026-10-01 22:46:52,663 step=27500 train=1.92714 val=1.8026210129261018 lr=3.98662e-05
2026-10-01 22:46:57,240 step=27510 train=1.66358 val=None lr=3.98143e-05
2026-10-01 22:46:59,542 step=27520 train=2.05288 val=None lr=3.97626e-05
2026-10-01 22:47:02,183 step=27530 train=1.65981 val=None lr=3.97109e-05
2026-10-01 22:47:04,474 step=27540 train=1.71201 val=None lr=3.96594e-05
2026-10-01 22:47:05,941 step=27550 train=1.79227 val=None lr=3.9608e-05
2026-10-01 22:47:08,319 step=27560 train=1.86794 val=None lr=3.95568e-05
2026-10-01 22:47:10,761 step=27570 train=1.69131 val=None lr=3.95057e-05
2026-10-01 22:47:13,130 step=27580 train=1.66417 val=None lr=3.94547e-05
2026-10-01 22:47:15,500 step=27590 train=1.84966 val=None lr=3.94039e-05
2026-10-01 22:47:19,388 step=27600 train=1.84867 val=1.8032462894916534 lr=3.93531e-05
2026-10-01 22:47:21,700 step=27610 train=1.74615 val=None lr=3.93026e-05
2026-10-01 22:47:24,121 step=27620 train=1.78863 val=None lr=3.92521e-05
2026-10-01 22:47:26,830 step=27630 train=1.88706 val=None lr=3.92018e-05
2026-10-01 22:47:29,304 step=27640 train=1.72083 val=None lr=3.91516e-05
2026-10-01 22:47:31,629 step=27650 train=1.76028 val=None lr=3.91015e-05
2026-10-01 22:47:34,039 step=27660 train=2.16776 val=None lr=3.90516e-05
2026-10-01 22:47:36,282 step=27670 train=1.97168 val=None lr=3.90018e-05
2026-10-01 22:47:37,972 step=27680 train=1.88929 val=None lr=3.89522e-05
2026-10-01 22:47:40,453 step=27690 train=1.69868 val=None lr=3.89026e-05
2026-10-01 22:47:44,810 step=27700 train=1.95711 val=1.8019047379493713 lr=3.88533e-05
2026-10-01 22:47:47,371 step=27710 train=1.77449 val=None lr=3.8804e-05
2026-10-01 22:47:49,922 step=27720 train=1.84536 val=None lr=3.87549e-05
2026-10-01 22:47:52,289 step=27730 train=2.26147 val=None lr=3.87059e-05
2026-10-01 22:47:54,717 step=27740 train=1.94514 val=None lr=3.8657e-05
2026-10-01 22:47:57,171 step=27750 train=1.71168 val=None lr=3.86083e-05
2026-10-01 22:47:59,635 step=27760 train=1.86934 val=None lr=3.85597e-05
2026-10-01 22:48:02,273 step=27770 train=1.90898 val=None lr=3.85112e-05
2026-10-01 22:48:04,983 step=27780 train=1.79655 val=None lr=3.84629e-05
2026-10-01 22:48:07,332 step=27790 train=1.84861 val=None lr=3.84147e-05
2026-10-01 22:48:10,296 step=27800 train=1.82864 val=1.802187091112137 lr=3.83667e-05
2026-10-01 22:48:12,610 step=27810 train=1.74794 val=None lr=3.83187e-05
2026-10-01 22:48:15,490 step=27820 train=2.04261 val=None lr=3.82709e-05
2026-10-01 22:48:17,981 step=27830 train=2.10704 val=None lr=3.82233e-05
2026-10-01 22:48:20,333 step=27840 train=1.53792 val=None lr=3.81757e-05
2026-10-01 22:48:22,593 step=27850 train=1.81242 val=None lr=3.81283e-05
2026-10-01 22:48:25,120 step=27860 train=1.89965 val=None lr=3.80811e-05
2026-10-01 22:48:27,663 step=27870 train=1.80809 val=None lr=3.8034e-05
2026-10-01 22:48:30,103 step=27880 train=1.96643 val=None lr=3.7987e-05
2026-10-01 22:48:32,422 step=27890 train=1.74366 val=None lr=3.79401e-05
2026-10-01 22:48:36,831 step=27900 train=1.88101 val=1.800623071193695 lr=3.78934e-05
2026-10-01 22:48:39,491 step=27910 train=1.99726 val=None lr=3.78468e-05
2026-10-01 22:48:40,971 step=27920 train=1.70169 val=None lr=3.78003e-05
2026-10-01 22:48:43,492 step=27930 train=1.87149 val=None lr=3.7754e-05
2026-10-01 22:48:45,783 step=27940 train=1.67185 val=None lr=3.77078e-05
2026-10-01 22:48:48,324 step=27950 train=1.78354 val=None lr=3.76617e-05
2026-10-01 22:48:50,709 step=27960 train=1.76885 val=None lr=3.76158e-05
2026-10-01 22:48:52,938 step=27970 train=1.91437 val=None lr=3.757e-05
2026-10-01 22:48:55,530 step=27980 train=1.92685 val=None lr=3.75244e-05
2026-10-01 22:48:58,044 step=27990 train=1.93294 val=None lr=3.74789e-05
2026-10-01 22:49:02,347 step=28000 train=1.54437 val=1.7989216089248656 lr=3.74335e-05
2026-10-01 22:49:06,869 step=28010 train=1.91967 val=None lr=3.73882e-05
2026-10-01 22:49:09,200 step=28020 train=1.93143 val=None lr=3.73431e-05
2026-10-01 22:49:11,889 step=28030 train=1.75256 val=None lr=3.72981e-05
2026-10-01 22:49:13,411 step=28040 train=1.64271 val=None lr=3.72533e-05
2026-10-01 22:49:15,719 step=28050 train=1.90177 val=None lr=3.72085e-05
2026-10-01 22:49:18,093 step=28060 train=1.81940 val=None lr=3.7164e-05
2026-10-01 22:49:20,414 step=28070 train=1.86372 val=None lr=3.71195e-05
2026-10-01 22:49:22,648 step=28080 train=1.84257 val=None lr=3.70752e-05
2026-10-01 22:49:25,087 step=28090 train=1.78376 val=None lr=3.7031e-05
2026-10-01 22:49:29,594 step=28100 train=1.86330 val=1.7982935070991517 lr=3.6987e-05
2026-10-01 22:49:32,152 step=28110 train=1.97444 val=None lr=3.69431e-05
2026-10-01 22:49:34,488 step=28120 train=1.68706 val=None lr=3.68993e-05
2026-10-01 22:49:36,830 step=28130 train=1.67832 val=None lr=3.68557e-05
2026-10-01 22:49:39,331 step=28140 train=1.75536 val=None lr=3.68122e-05
2026-10-01 22:49:41,650 step=28150 train=1.69224 val=None lr=3.67688e-05
2026-10-01 22:49:43,083 step=28160 train=2.33585 val=None lr=3.67256e-05
2026-10-01 22:49:45,364 step=28170 train=1.82136 val=None lr=3.66825e-05
2026-10-01 22:49:47,713 step=28180 train=1.89569 val=None lr=3.66395e-05
2026-10-01 22:49:50,000 step=28190 train=1.59943 val=None lr=3.65967e-05
2026-10-01 22:49:54,132 step=28200 train=1.80463 val=1.795760804414749 lr=3.6554e-05
2026-10-01 22:49:56,911 step=28210 train=1.80636 val=None lr=3.65114e-05
2026-10-01 22:49:59,359 step=28220 train=1.68674 val=None lr=3.6469e-05
2026-10-01 22:50:01,971 step=28230 train=1.88769 val=None lr=3.64267e-05
2026-10-01 22:50:04,496 step=28240 train=1.92757 val=None lr=3.63846e-05
2026-10-01 22:50:06,838 step=28250 train=1.88085 val=None lr=3.63425e-05
2026-10-01 22:50:09,174 step=28260 train=1.94808 val=None lr=3.63007e-05
2026-10-01 22:50:12,200 step=28270 train=1.81492 val=None lr=3.62589e-05
2026-10-01 22:50:14,606 step=28280 train=1.97927 val=None lr=3.62173e-05
2026-10-01 22:50:16,012 step=28290 train=1.79215 val=None lr=3.61758e-05
2026-10-01 22:50:19,635 step=28300 train=1.70105 val=1.7982928276062011 lr=3.61345e-05
2026-10-01 22:50:22,171 step=28310 train=1.72794 val=None lr=3.60933e-05
2026-10-01 22:50:24,729 step=28320 train=1.74984 val=None lr=3.60522e-05
2026-10-01 22:50:27,004 step=28330 train=1.71624 val=None lr=3.60113e-05
2026-10-01 22:50:29,318 step=28340 train=1.63978 val=None lr=3.59705e-05
2026-10-01 22:50:31,718 step=28350 train=1.68918 val=None lr=3.59298e-05
2026-10-01 22:50:34,129 step=28360 train=1.85506 val=None lr=3.58893e-05
2026-10-01 22:50:36,619 step=28370 train=1.62213 val=None lr=3.58489e-05
2026-10-01 22:50:39,135 step=28380 train=1.90945 val=None lr=3.58087e-05
2026-10-01 22:50:41,872 step=28390 train=1.62878 val=None lr=3.57685e-05
2026-10-01 22:50:45,672 step=28400 train=1.74911 val=1.798038524389267 lr=3.57286e-05
2026-10-01 22:50:47,091 step=28410 train=2.02856 val=None lr=3.56887e-05
2026-10-01 22:50:49,818 step=28420 train=1.74644 val=None lr=3.5649e-05
2026-10-01 22:50:52,141 step=28430 train=1.83540 val=None lr=3.56094e-05
2026-10-01 22:50:54,456 step=28440 train=1.54667 val=None lr=3.557e-05
2026-10-01 22:50:56,830 step=28450 train=1.87741 val=None lr=3.55307e-05
2026-10-01 22:50:59,527 step=28460 train=1.77186 val=None lr=3.54915e-05
2026-10-01 22:51:01,808 step=28470 train=1.85047 val=None lr=3.54525e-05
2026-10-01 22:51:04,186 step=28480 train=1.69543 val=None lr=3.54136e-05
2026-10-01 22:51:06,579 step=28490 train=1.62244 val=None lr=3.53749e-05
2026-10-01 22:51:10,228 step=28500 train=1.97919 val=1.797356551885605 lr=3.53362e-05
2026-10-01 22:51:14,758 step=28510 train=2.01445 val=None lr=3.52977e-05
2026-10-01 22:51:17,063 step=28520 train=1.73625 val=None lr=3.52594e-05
2026-10-01 22:51:18,417 step=28530 train=1.70248 val=None lr=3.52212e-05
2026-10-01 22:51:21,210 step=28540 train=1.80958 val=None lr=3.51831e-05
2026-10-01 22:51:23,545 step=28550 train=1.85702 val=None lr=3.51452e-05
2026-10-01 22:51:25,995 step=28560 train=1.60318 val=None lr=3.51074e-05
2026-10-01 22:51:28,254 step=28570 train=1.95099 val=None lr=3.50697e-05
2026-10-01 22:51:30,597 step=28580 train=1.98645 val=None lr=3.50322e-05
2026-10-01 22:51:32,901 step=28590 train=1.69599 val=None lr=3.49948e-05
2026-10-01 22:51:36,677 step=28600 train=1.87220 val=1.7973312795162202 lr=3.49575e-05
2026-10-01 22:51:38,937 step=28610 train=1.71166 val=None lr=3.49204e-05
2026-10-01 22:51:41,188 step=28620 train=1.81823 val=None lr=3.48835e-05
2026-10-01 22:51:43,487 step=28630 train=1.87984 val=None lr=3.48466e-05
2026-10-01 22:51:45,798 step=28640 train=1.75820 val=None lr=3.48099e-05
2026-10-01 22:51:48,182 step=28650 train=1.86849 val=None lr=3.47733e-05
2026-10-01 22:51:49,620 step=28660 train=1.84009 val=None lr=3.47369e-05
2026-10-01 22:51:52,110 step=28670 train=1.78644 val=None lr=3.47006e-05
2026-10-01 22:51:54,686 step=28680 train=1.87426 val=None lr=3.46645e-05
2026-10-01 22:51:57,019 step=28690 train=1.98238 val=None lr=3.46284e-05
2026-10-01 22:52:01,409 step=28700 train=1.72646 val=1.7956484079360961 lr=3.45925e-05
2026-10-01 22:52:03,938 step=28710 train=1.62126 val=None lr=3.45568e-05
2026-10-01 22:52:06,330 step=28720 train=1.60224 val=None lr=3.45212e-05
2026-10-01 22:52:08,568 step=28730 train=1.72106 val=None lr=3.44857e-05
2026-10-01 22:52:11,050 step=28740 train=1.68071 val=None lr=3.44504e-05
2026-10-01 22:52:13,519 step=28750 train=1.90328 val=None lr=3.44152e-05
2026-10-01 22:52:15,804 step=28760 train=1.74704 val=None lr=3.43801e-05
2026-10-01 22:52:18,215 step=28770 train=1.92806 val=None lr=3.43452e-05
2026-10-01 22:52:20,584 step=28780 train=1.47633 val=None lr=3.43104e-05
2026-10-01 22:52:22,177 step=28790 train=1.93808 val=None lr=3.42758e-05
2026-10-01 22:52:26,843 step=28800 train=1.96820 val=1.7956437647342682 lr=3.42413e-05
2026-10-01 22:52:29,238 step=28810 train=1.67974 val=None lr=3.42069e-05
2026-10-01 22:52:31,564 step=28820 train=1.83612 val=None lr=3.41727e-05
2026-10-01 22:52:34,002 step=28830 train=1.70080 val=None lr=3.41386e-05
2026-10-01 22:52:36,502 step=28840 train=1.89552 val=None lr=3.41046e-05
2026-10-01 22:52:39,025 step=28850 train=1.69959 val=None lr=3.40708e-05
2026-10-01 22:52:41,392 step=28860 train=1.69002 val=None lr=3.40371e-05
2026-10-01 22:52:43,664 step=28870 train=1.83403 val=None lr=3.40036e-05
2026-10-01 22:52:46,001 step=28880 train=2.03478 val=None lr=3.39702e-05
2026-10-01 22:52:48,308 step=28890 train=1.96045 val=None lr=3.39369e-05
2026-10-01 22:52:52,526 step=28900 train=1.76148 val=1.7940908789634704 lr=3.39038e-05
2026-10-01 22:52:54,073 step=28910 train=1.74135 val=None lr=3.38708e-05
2026-10-01 22:52:56,490 step=28920 train=1.83984 val=None lr=3.38379e-05
2026-10-01 22:52:58,899 step=28930 train=1.69753 val=None lr=3.38052e-05
2026-10-01 22:53:01,320 step=28940 train=1.89668 val=None lr=3.37726e-05
2026-10-01 22:53:03,673 step=28950 train=1.79997 val=None lr=3.37402e-05
2026-10-01 22:53:06,134 step=28960 train=1.64658 val=None lr=3.37079e-05
2026-10-01 22:53:08,634 step=28970 train=1.75788 val=None lr=3.36757e-05
2026-10-01 22:53:10,961 step=28980 train=1.91655 val=None lr=3.36437e-05
2026-10-01 22:53:13,330 step=28990 train=1.81871 val=None lr=3.36118e-05
2026-10-01 22:53:17,187 step=29000 train=1.84909 val=1.7945714056491853 lr=3.358e-05
2026-10-01 22:53:21,718 step=29010 train=1.98427 val=None lr=3.35484e-05
2026-10-01 22:53:24,146 step=29020 train=1.72389 val=None lr=3.3517e-05
2026-10-01 22:53:25,557 step=29030 train=1.78414 val=None lr=3.34856e-05
2026-10-01 22:53:28,124 step=29040 train=1.77153 val=None lr=3.34544e-05
2026-10-01 22:53:30,515 step=29050 train=1.61372 val=None lr=3.34234e-05
2026-10-01 22:53:32,789 step=29060 train=1.76378 val=None lr=3.33924e-05
2026-10-01 22:53:35,457 step=29070 train=1.72220 val=None lr=3.33617e-05
2026-10-01 22:53:37,901 step=29080 train=1.60341 val=None lr=3.3331e-05
2026-10-01 22:53:40,171 step=29090 train=2.14998 val=None lr=3.33005e-05
2026-10-01 22:53:44,660 step=29100 train=1.93251 val=1.7940662682056427 lr=3.32701e-05
2026-10-01 22:53:47,021 step=29110 train=1.73115 val=None lr=3.32399e-05
2026-10-01 22:53:49,501 step=29120 train=1.83313 val=None lr=3.32098e-05
2026-10-01 22:53:51,772 step=29130 train=1.98262 val=None lr=3.31799e-05
2026-10-01 22:53:54,142 step=29140 train=2.08764 val=None lr=3.31501e-05
2026-10-01 22:53:56,590 step=29150 train=1.65753 val=None lr=3.31204e-05
2026-10-01 22:53:58,211 step=29160 train=1.85775 val=None lr=3.30909e-05
2026-10-01 22:54:00,496 step=29170 train=1.98701 val=None lr=3.30615e-05
2026-10-01 22:54:02,766 step=29180 train=1.78239 val=None lr=3.30322e-05
2026-10-01 22:54:05,061 step=29190 train=1.62808 val=None lr=3.30031e-05
2026-10-01 22:54:09,290 step=29200 train=1.56394 val=1.792156320810318 lr=3.29741e-05
2026-10-01 22:54:11,769 step=29210 train=1.79170 val=None lr=3.29453e-05
2026-10-01 22:54:14,299 step=29220 train=1.62067 val=None lr=3.29166e-05
2026-10-01 22:54:16,872 step=29230 train=1.65462 val=None lr=3.2888e-05
2026-10-01 22:54:19,296 step=29240 train=2.01339 val=None lr=3.28596e-05
2026-10-01 22:54:21,641 step=29250 train=1.84040 val=None lr=3.28313e-05
2026-10-01 22:54:24,445 step=29260 train=1.79549 val=None lr=3.28032e-05
2026-10-01 22:54:27,114 step=29270 train=1.68820 val=None lr=3.27752e-05
2026-10-01 22:54:28,653 step=29280 train=1.75302 val=None lr=3.27473e-05
2026-10-01 22:54:30,925 step=29290 train=1.66369 val=None lr=3.27196e-05
2026-10-01 22:54:35,108 step=29300 train=2.14387 val=1.79329554438591 lr=3.2692e-05
2026-10-01 22:54:37,506 step=29310 train=1.86880 val=None lr=3.26645e-05
2026-10-01 22:54:39,746 step=29320 train=1.78620 val=None lr=3.26372e-05
2026-10-01 22:54:42,023 step=29330 train=1.74972 val=None lr=3.26101e-05
2026-10-01 22:54:44,432 step=29340 train=1.93178 val=None lr=3.2583e-05
2026-10-01 22:54:46,911 step=29350 train=1.76664 val=None lr=3.25561e-05
2026-10-01 22:54:49,517 step=29360 train=1.65757 val=None lr=3.25294e-05
2026-10-01 22:54:51,873 step=29370 train=1.59577 val=None lr=3.25028e-05
2026-10-01 22:54:54,347 step=29380 train=1.96724 val=None lr=3.24763e-05
2026-10-01 22:54:56,725 step=29390 train=1.74182 val=None lr=3.245e-05
2026-10-01 22:55:00,156 step=29400 train=1.73297 val=1.791779237985611 lr=3.24238e-05
2026-10-01 22:55:02,564 step=29410 train=1.68620 val=None lr=3.23977e-05
2026-10-01 22:55:04,974 step=29420 train=1.89820 val=None lr=3.23718e-05
2026-10-01 22:55:07,656 step=29430 train=1.53181 val=None lr=3.2346e-05
2026-10-01 22:55:10,106 step=29440 train=1.79089 val=None lr=3.23204e-05
2026-10-01 22:55:12,426 step=29450 train=1.99450 val=None lr=3.22949e-05
2026-10-01 22:55:14,949 step=29460 train=1.99176 val=None lr=3.22695e-05
2026-10-01 22:55:17,392 step=29470 train=1.92540 val=None lr=3.22443e-05
2026-10-01 22:55:19,990 step=29480 train=1.92199 val=None lr=3.22192e-05
2026-10-01 22:55:22,561 step=29490 train=2.18402 val=None lr=3.21943e-05
2026-10-01 22:55:26,836 step=29500 train=1.55748 val=1.7916423201560974 lr=3.21695e-05
2026-10-01 22:55:31,288 step=29510 train=1.71258 val=None lr=3.21448e-05
2026-10-01 22:55:32,784 step=29520 train=2.10879 val=None lr=3.21203e-05
2026-10-01 22:55:35,288 step=29530 train=1.86293 val=None lr=3.2096e-05
2026-10-01 22:55:37,676 step=29540 train=1.70574 val=None lr=3.20717e-05
2026-10-01 22:55:40,035 step=29550 train=1.69063 val=None lr=3.20476e-05
2026-10-01 22:55:42,446 step=29560 train=1.65076 val=None lr=3.20237e-05
2026-10-01 22:55:44,721 step=29570 train=1.61580 val=None lr=3.19998e-05
2026-10-01 22:55:47,151 step=29580 train=1.99058 val=None lr=3.19762e-05
2026-10-01 22:55:49,385 step=29590 train=1.98625 val=None lr=3.19526e-05
2026-10-01 22:55:53,704 step=29600 train=1.92228 val=1.7908223807811736 lr=3.19292e-05
2026-10-01 22:55:56,040 step=29610 train=1.89731 val=None lr=3.1906e-05
2026-10-01 22:55:58,362 step=29620 train=1.78755 val=None lr=3.18828e-05
2026-10-01 22:56:01,189 step=29630 train=1.73065 val=None lr=3.18599e-05
2026-10-01 22:56:02,530 step=29640 train=1.75240 val=None lr=3.1837e-05
2026-10-01 22:56:04,806 step=29650 train=1.72848 val=None lr=3.18143e-05
2026-10-01 22:56:07,095 step=29660 train=2.12937 val=None lr=3.17918e-05
2026-10-01 22:56:09,551 step=29670 train=1.96097 val=None lr=3.17694e-05
2026-10-01 22:56:12,063 step=29680 train=2.10731 val=None lr=3.17471e-05
2026-10-01 22:56:14,543 step=29690 train=1.94677 val=None lr=3.17249e-05
2026-10-01 22:56:18,821 step=29700 train=1.76892 val=1.7897189378738403 lr=3.17029e-05
2026-10-01 22:56:21,172 step=29710 train=1.85416 val=None lr=3.16811e-05
2026-10-01 22:56:23,437 step=29720 train=2.09218 val=None lr=3.16594e-05
2026-10-01 22:56:25,757 step=29730 train=1.83964 val=None lr=3.16378e-05
2026-10-01 22:56:28,254 step=29740 train=1.74368 val=None lr=3.16164e-05
2026-10-01 22:56:30,702 step=29750 train=1.87424 val=None lr=3.15951e-05
2026-10-01 22:56:33,210 step=29760 train=1.86662 val=None lr=3.15739e-05
2026-10-01 22:56:34,924 step=29770 train=1.72115 val=None lr=3.15529e-05
2026-10-01 22:56:37,405 step=29780 train=2.09646 val=None lr=3.1532e-05
2026-10-01 22:56:39,901 step=29790 train=1.77475 val=None lr=3.15113e-05
2026-10-01 22:56:43,511 step=29800 train=1.68646 val=1.7899805426597595 lr=3.14907e-05
2026-10-01 22:56:45,914 step=29810 train=1.82415 val=None lr=3.14702e-05
2026-10-01 22:56:48,541 step=29820 train=1.78114 val=None lr=3.14499e-05
2026-10-01 22:56:50,878 step=29830 train=1.91611 val=None lr=3.14297e-05
2026-10-01 22:56:53,165 step=29840 train=1.90420 val=None lr=3.14097e-05
2026-10-01 22:56:55,786 step=29850 train=1.72896 val=None lr=3.13898e-05
2026-10-01 22:56:58,390 step=29860 train=1.74628 val=None lr=3.13701e-05
2026-10-01 22:57:00,892 step=29870 train=1.81256 val=None lr=3.13505e-05
2026-10-01 22:57:03,370 step=29880 train=1.69056 val=None lr=3.1331e-05
2026-10-01 22:57:06,003 step=29890 train=1.74739 val=None lr=3.13117e-05
2026-10-01 22:57:08,832 step=29900 train=1.68657 val=1.7899167895317079 lr=3.12925e-05
2026-10-01 22:57:11,842 step=29910 train=1.78556 val=None lr=3.12734e-05
2026-10-01 22:57:14,495 step=29920 train=1.87588 val=None lr=3.12545e-05
2026-10-01 22:57:16,872 step=29930 train=2.03938 val=None lr=3.12358e-05
2026-10-01 22:57:19,399 step=29940 train=1.89196 val=None lr=3.12171e-05
2026-10-01 22:57:21,934 step=29950 train=1.68355 val=None lr=3.11987e-05
2026-10-01 22:57:24,729 step=29960 train=1.78104 val=None lr=3.11803e-05
2026-10-01 22:57:27,150 step=29970 train=1.84345 val=None lr=3.11621e-05
2026-10-01 22:57:29,524 step=29980 train=1.82563 val=None lr=3.1144e-05
2026-10-01 22:57:31,850 step=29990 train=1.95335 val=None lr=3.11261e-05
2026-10-01 22:57:36,225 step=30000 train=1.82581 val=1.7874684393405915 lr=3.11083e-05
2026-10-01 22:57:39,952 step=30010 train=2.14347 val=None lr=3.10907e-05
2026-10-01 22:57:42,337 step=30020 train=1.82118 val=None lr=3.10732e-05
2026-10-01 22:57:44,962 step=30030 train=1.83978 val=None lr=3.10559e-05
2026-10-01 22:57:47,565 step=30040 train=1.83656 val=None lr=3.10386e-05
2026-10-01 22:57:49,920 step=30050 train=2.07192 val=None lr=3.10216e-05
2026-10-01 22:57:52,257 step=30060 train=1.60187 val=None lr=3.10046e-05
2026-10-01 22:57:54,844 step=30070 train=1.68195 val=None lr=3.09878e-05
2026-10-01 22:57:57,505 step=30080 train=1.91893 val=None lr=3.09712e-05
2026-10-01 22:57:59,845 step=30090 train=1.60760 val=None lr=3.09547e-05
2026-10-01 22:58:03,456 step=30100 train=1.84558 val=1.787762850522995 lr=3.09383e-05
2026-10-01 22:58:05,765 step=30110 train=1.81628 val=None lr=3.09221e-05
2026-10-01 22:58:08,223 step=30120 train=1.66163 val=None lr=3.0906e-05
2026-10-01 22:58:09,804 step=30130 train=1.74980 val=None lr=3.089e-05
2026-10-01 22:58:12,325 step=30140 train=1.87229 val=None lr=3.08742e-05
2026-10-01 22:58:14,679 step=30150 train=2.11494 val=None lr=3.08586e-05
2026-10-01 22:58:17,195 step=30160 train=1.84174 val=None lr=3.0843e-05
2026-10-01 22:58:19,627 step=30170 train=1.84496 val=None lr=3.08277e-05
2026-10-01 22:58:22,079 step=30180 train=1.74801 val=None lr=3.08124e-05
2026-10-01 22:58:24,456 step=30190 train=1.62054 val=None lr=3.07973e-05
2026-10-01 22:58:28,049 step=30200 train=2.02559 val=1.7895649194717407 lr=3.07824e-05
2026-10-01 22:58:30,367 step=30210 train=1.68706 val=None lr=3.07675e-05
2026-10-01 22:58:32,894 step=30220 train=2.07759 val=None lr=3.07529e-05
2026-10-01 22:58:35,143 step=30230 train=1.84390 val=None lr=3.07383e-05
2026-10-01 22:58:37,384 step=30240 train=1.98896 val=None lr=3.07239e-05
2026-10-01 22:58:39,884 step=30250 train=2.11553 val=None lr=3.07097e-05
2026-10-01 22:58:41,331 step=30260 train=1.74552 val=None lr=3.06956e-05
2026-10-01 22:58:43,920 step=30270 train=2.15425 val=None lr=3.06816e-05
2026-10-01 22:58:46,378 step=30280 train=1.88949 val=None lr=3.06678e-05
2026-10-01 22:58:48,697 step=30290 train=1.71600 val=None lr=3.06541e-05
2026-10-01 22:58:52,348 step=30300 train=1.73813 val=1.788655436038971 lr=3.06406e-05
2026-10-01 22:58:54,884 step=30310 train=1.79158 val=None lr=3.06271e-05
2026-10-01 22:58:57,529 step=30320 train=1.87672 val=None lr=3.06139e-05
2026-10-01 22:59:00,087 step=30330 train=1.89844 val=None lr=3.06008e-05
2026-10-01 22:59:02,606 step=30340 train=1.71831 val=None lr=3.05878e-05
2026-10-01 22:59:05,105 step=30350 train=1.67853 val=None lr=3.05749e-05
2026-10-01 22:59:07,351 step=30360 train=1.56042 val=None lr=3.05623e-05
2026-10-01 22:59:09,634 step=30370 train=1.87226 val=None lr=3.05497e-05
2026-10-01 22:59:11,888 step=30380 train=1.57568 val=None lr=3.05373e-05
2026-10-01 22:59:13,645 step=30390 train=1.78949 val=None lr=3.0525e-05
2026-10-01 22:59:17,473 step=30400 train=1.77657 val=1.7879080057144165 lr=3.05129e-05
2026-10-01 22:59:19,973 step=30410 train=1.92899 val=None lr=3.05009e-05
2026-10-01 22:59:22,530 step=30420 train=1.95164 val=None lr=3.0489e-05
2026-10-01 22:59:24,938 step=30430 train=1.67060 val=None lr=3.04773e-05
2026-10-01 22:59:27,291 step=30440 train=1.63825 val=None lr=3.04658e-05
2026-10-01 22:59:29,637 step=30450 train=1.75051 val=None lr=3.04543e-05
2026-10-01 22:59:32,088 step=30460 train=1.66807 val=None lr=3.04431e-05
2026-10-01 22:59:35,085 step=30470 train=2.07966 val=None lr=3.04319e-05
2026-10-01 22:59:37,452 step=30480 train=2.03765 val=None lr=3.04209e-05
2026-10-01 22:59:40,040 step=30490 train=1.96075 val=None lr=3.04101e-05
2026-10-01 22:59:43,939 step=30500 train=1.98556 val=1.7880379199981689 lr=3.03994e-05
2026-10-01 22:59:48,128 step=30510 train=1.95741 val=None lr=3.03888e-05
2026-10-01 22:59:50,545 step=30520 train=1.85200 val=None lr=3.03784e-05
2026-10-01 22:59:53,105 step=30530 train=1.72922 val=None lr=3.03681e-05
2026-10-01 22:59:55,420 step=30540 train=1.58129 val=None lr=3.03579e-05
2026-10-01 22:59:57,794 step=30550 train=1.77927 val=None lr=3.03479e-05
2026-10-01 23:00:00,472 step=30560 train=1.94598 val=None lr=3.0338e-05
2026-10-01 23:00:02,806 step=30570 train=1.71876 val=None lr=3.03283e-05
2026-10-01 23:00:05,157 step=30580 train=1.99047 val=None lr=3.03187e-05
2026-10-01 23:00:07,660 step=30590 train=1.69729 val=None lr=3.03093e-05
2026-10-01 23:00:11,563 step=30600 train=1.89938 val=1.7884127855300904 lr=3.03e-05
2026-10-01 23:00:13,998 step=30610 train=1.77369 val=None lr=3.02908e-05
2026-10-01 23:00:15,534 step=30620 train=1.72679 val=None lr=3.02818e-05
2026-10-01 23:00:18,029 step=30630 train=1.87866 val=None lr=3.0273e-05
2026-10-01 23:00:20,508 step=30640 train=1.86546 val=None lr=3.02642e-05
2026-10-01 23:00:22,957 step=30650 train=1.86622 val=None lr=3.02556e-05
2026-10-01 23:00:25,569 step=30660 train=1.76428 val=None lr=3.02472e-05
2026-10-01 23:00:27,964 step=30670 train=2.03620 val=None lr=3.02389e-05
2026-10-01 23:00:30,598 step=30680 train=1.59518 val=None lr=3.02307e-05
2026-10-01 23:00:33,341 step=30690 train=1.84945 val=None lr=3.02227e-05
2026-10-01 23:00:37,706 step=30700 train=1.74051 val=1.7869599401950835 lr=3.02148e-05
2026-10-01 23:00:39,989 step=30710 train=1.78795 val=None lr=3.02071e-05
2026-10-01 23:00:42,348 step=30720 train=2.14694 val=None lr=3.01995e-05
2026-10-01 23:00:44,569 step=30730 train=1.85476 val=None lr=3.0192e-05
2026-10-01 23:00:46,976 step=30740 train=1.67383 val=None lr=3.01847e-05
2026-10-01 23:00:48,421 step=30750 train=1.89106 val=None lr=3.01775e-05
2026-10-01 23:00:50,777 step=30760 train=1.60366 val=None lr=3.01705e-05
2026-10-01 23:00:53,066 step=30770 train=1.81246 val=None lr=3.01636e-05
2026-10-01 23:00:55,385 step=30780 train=1.74089 val=None lr=3.01569e-05
2026-10-01 23:00:57,663 step=30790 train=1.88487 val=None lr=3.01503e-05
2026-10-01 23:01:02,112 step=30800 train=1.79126 val=1.785581922531128 lr=3.01438e-05
2026-10-01 23:01:04,439 step=30810 train=1.93713 val=None lr=3.01375e-05
2026-10-01 23:01:06,838 step=30820 train=1.65481 val=None lr=3.01313e-05
2026-10-01 23:01:09,466 step=30830 train=1.76701 val=None lr=3.01253e-05
2026-10-01 23:01:11,924 step=30840 train=1.75031 val=None lr=3.01194e-05
2026-10-01 23:01:14,428 step=30850 train=1.66597 val=None lr=3.01136e-05
2026-10-01 23:01:16,725 step=30860 train=1.86731 val=None lr=3.0108e-05
2026-10-01 23:01:18,075 step=30870 train=1.86614 val=None lr=3.01026e-05
2026-10-01 23:01:20,362 step=30880 train=1.86085 val=None lr=3.00972e-05
2026-10-01 23:01:22,714 step=30890 train=1.70845 val=None lr=3.0092e-05
2026-10-01 23:01:26,888 step=30900 train=1.68810 val=1.7853267788887024 lr=3.0087e-05
2026-10-01 23:01:29,274 step=30910 train=1.81625 val=None lr=3.00821e-05
2026-10-01 23:01:31,719 step=30920 train=1.65556 val=None lr=3.00773e-05
2026-10-01 23:01:34,109 step=30930 train=1.75365 val=None lr=3.00727e-05
2026-10-01 23:01:36,535 step=30940 train=1.87665 val=None lr=3.00683e-05
2026-10-01 23:01:39,241 step=30950 train=1.78083 val=None lr=3.00639e-05
2026-10-01 23:01:41,914 step=30960 train=1.75618 val=None lr=3.00597e-05
2026-10-01 23:01:44,272 step=30970 train=1.82213 val=None lr=3.00557e-05
2026-10-01 23:01:46,733 step=30980 train=1.91729 val=None lr=3.00518e-05
2026-10-01 23:01:49,446 step=30990 train=1.78125 val=None lr=3.0048e-05
2026-10-01 23:01:52,339 step=31000 train=1.83416 val=1.785659098625183 lr=3.00444e-05
2026-10-01 23:01:56,860 step=31010 train=1.73830 val=None lr=3.00409e-05
2026-10-01 23:01:59,163 step=31020 train=2.04432 val=None lr=3.00376e-05
2026-10-01 23:02:01,629 step=31030 train=2.05133 val=None lr=3.00344e-05
2026-10-01 23:02:03,966 step=31040 train=1.89937 val=None lr=3.00313e-05
2026-10-01 23:02:06,491 step=31050 train=1.66937 val=None lr=3.00284e-05
2026-10-01 23:02:08,985 step=31060 train=1.66023 val=None lr=3.00256e-05
2026-10-01 23:02:11,530 step=31070 train=1.90763 val=None lr=3.0023e-05
2026-10-01 23:02:13,874 step=31080 train=2.07830 val=None lr=3.00205e-05
2026-10-01 23:02:16,336 step=31090 train=1.98841 val=None lr=3.00182e-05
2026-10-01 23:02:20,672 step=31100 train=1.74088 val=1.784303116798401 lr=3.0016e-05
2026-10-01 23:02:22,290 step=31110 train=1.81871 val=None lr=3.00139e-05
2026-10-01 23:02:24,664 step=31120 train=1.77429 val=None lr=3.0012e-05
2026-10-01 23:02:27,113 step=31130 train=1.70578 val=None lr=3.00102e-05
2026-10-01 23:02:29,371 step=31140 train=1.90168 val=None lr=3.00086e-05
2026-10-01 23:02:31,627 step=31150 train=1.56003 val=None lr=3.00071e-05
2026-10-01 23:02:34,142 step=31160 train=1.81535 val=None lr=3.00058e-05
2026-10-01 23:02:36,522 step=31170 train=1.89428 val=None lr=3.00045e-05
2026-10-01 23:02:38,861 step=31180 train=2.15840 val=None lr=3.00035e-05
2026-10-01 23:02:41,168 step=31190 train=1.67205 val=None lr=3.00026e-05
2026-10-01 23:02:45,455 step=31200 train=1.72838 val=1.7831444799900056 lr=3.00018e-05
2026-10-01 23:02:47,806 step=31210 train=1.74518 val=None lr=3.00011e-05
2026-10-01 23:02:50,275 step=31220 train=1.89388 val=None lr=3.00006e-05
2026-10-01 23:02:52,629 step=31230 train=1.72265 val=None lr=3.00003e-05
2026-10-01 23:02:54,066 step=31240 train=1.56085 val=None lr=3.00001e-05
2026-10-01 23:02:57,859 step=31250 train=1.84414 val=1.7833612740039826 lr=3e-05
2026-10-01 23:02:59,954 Completed: final validation loss 1.783361
