step,tokens_seen,train_loss,val_loss,val_ppl,lr,elapsed_seconds
1,2048,9.21034049987793,,,4.8e-07,0.2982940790006978
10,20480,9.210336685180664,,,4.8e-06,2.625471791000564
20,40960,9.210322380065918,,,9.6e-06,5.235259982000571
30,61440,9.210301399230957,,,1.44e-05,7.77503396100019
40,81920,9.21026611328125,,,1.92e-05,10.230529527000726
50,102400,9.210212707519531,,,2.4e-05,12.560035907000383
60,122880,9.210121154785156,,,2.88e-05,14.873887348000608
70,143360,9.209990501403809,,,3.36e-05,17.322098360999917
80,163840,9.209823608398438,,,3.84e-05,19.80822780500057
90,184320,9.20959758758545,,,4.319999999999999e-05,22.256433757000195
100,204800,9.20920181274414,9.209178829193116,9988.391315466384,4.8e-05,26.562759483000264
110,225280,9.208687782287598,,,5.279999999999999e-05,28.935095505999925
120,245760,9.208049774169922,,,5.76e-05,31.428022133000013
130,266240,9.207233428955078,,,6.24e-05,34.140370058999906
140,286720,9.206368446350098,,,6.72e-05,36.55161334400054
150,307200,9.204859733581543,,,7.2e-05,39.011539498000275
160,327680,9.20346450805664,,,7.68e-05,41.417157447000136
170,348160,9.202205657958984,,,8.159999999999999e-05,43.69234665800013
180,368640,9.198312759399414,,,8.639999999999999e-05,46.19691936600066
190,389120,9.195083618164062,,,9.12e-05,48.71474693000073
200,409600,9.188990592956543,9.188353633880615,9782.532084657449,9.6e-05,53.09279380299995
210,430080,9.1782865524292,,,0.0001008,55.73242562300038
220,450560,9.159634590148926,,,0.00010559999999999998,58.0330254090004
230,471040,9.137969017028809,,,0.00011039999999999999,60.613996269999916
240,491520,9.105323791503906,,,0.0001152,62.93436655300047
250,512000,9.076505661010742,,,0.00011999999999999999,65.20379809899987
260,532480,9.042940139770508,,,0.0001248,67.66425172300023
270,552960,9.005841255187988,,,0.00012959999999999998,70.09866163200059
280,573440,8.970685958862305,,,0.0001344,72.66363710299993
290,593920,8.921109199523926,,,0.0001392,75.20899576000011
300,614400,8.860756874084473,8.862323522567749,7060.869789662555,0.000144,79.3456616960002
310,634880,8.807775497436523,,,0.00014879999999999998,81.75793021900063
320,655360,8.753219604492188,,,0.0001536,84.27984713500064
330,675840,8.696476936340332,,,0.00015839999999999997,86.74789499500002
340,696320,8.613434791564941,,,0.00016319999999999998,89.09517023399985
350,716800,8.521979331970215,,,0.000168,91.50114736700016
360,737280,8.418387413024902,,,0.00017279999999999997,94.00642341799994
370,757760,8.353090286254883,,,0.00017759999999999998,96.49912691999998
380,778240,8.258885383605957,,,0.0001824,99.08245433800039
390,798720,8.145591735839844,,,0.0001872,102.21963173299991
400,819200,7.997543811798096,8.01670458316803,3031.1718810934062,0.000192,106.69721953800035
410,839680,7.937042713165283,,,0.00019679999999999999,108.9503941790008
420,860160,7.8252272605896,,,0.0002016,111.22371730499981
430,880640,7.675250053405762,,,0.00020639999999999995,113.54581768299977
440,901120,7.5202860832214355,,,0.00021119999999999996,115.9876420060009
450,921600,7.3832478523254395,,,0.00021599999999999996,118.48440027000106
460,942080,7.308581829071045,,,0.00022079999999999997,120.77546901400092
470,962560,7.1704607009887695,,,0.00022559999999999998,123.08409034500073
480,983040,7.049777030944824,,,0.0002304,125.44217636699977
490,1003520,6.891105651855469,,,0.0002352,127.71822493699983
500,1024000,6.672910690307617,6.689509391784668,803.9277418222212,0.00023999999999999998,131.9161851379995
510,1044480,6.640525817871094,,,0.0002448,136.24346008999964
520,1064960,6.371016502380371,,,0.0002496,138.53647697899942
530,1085440,6.380134582519531,,,0.00025439999999999995,140.81273615200007
540,1105920,6.159201622009277,,,0.00025919999999999996,143.26415262900082
550,1126400,6.264963150024414,,,0.00026399999999999997,145.58412588300052
560,1146880,6.0081682205200195,,,0.0002688,147.83785150199947
570,1167360,6.029539585113525,,,0.0002736,150.70861805700042
580,1187840,5.947450160980225,,,0.0002784,153.25235623000117
590,1208320,5.9377946853637695,,,0.0002832,155.5989758350006
600,1228800,5.852240562438965,5.828156352043152,339.7317555791687,0.000288,160.3009229420004
610,1249280,5.856922149658203,,,0.0002928,162.70486042800076
620,1269760,5.682123184204102,,,0.00029759999999999997,165.15682769200066
630,1290240,5.790022850036621,,,0.00029999998224211155,167.43196528500084
640,1310720,5.6845197677612305,,,0.0002999998401790323,169.98767623899948
650,1331200,5.835546970367432,,,0.00029999955605302325,172.44535974300015
660,1351680,5.6943206787109375,,,0.0002999991298643834,174.96263939300115
670,1372160,5.674997329711914,,,0.0002999985616135613,177.28230541700032
680,1392640,5.511341571807861,,,0.0002999978513011549,179.55317650899997
690,1413120,5.5992512702941895,,,0.0002999969989279116,181.90479664600025
700,1433600,5.297364711761475,5.353973126411438,211.44673576432808,0.0002999960044947285,186.29034465199948
710,1454080,5.243691444396973,,,0.00029999486800265195,189.019881567001
720,1474560,5.265481948852539,,,0.000299993589452878,191.33972156500022
730,1495040,5.304649353027344,,,0.0002999921688467519,193.77222634999998
740,1515520,4.999920845031738,,,0.0002999906061857688,196.1189757789998
750,1536000,5.2025980949401855,,,0.00029998890147157306,198.69205090200012
760,1556480,4.990540981292725,,,0.00029998705470595855,201.1003235980006
770,1576960,4.92440938949585,,,0.00029998506589086867,203.60177577600007
780,1597440,5.002681732177734,,,0.0002999829350283963,205.9228739400005
790,1617920,5.002720355987549,,,0.0002999806621207837,208.80503187000068
800,1638400,5.006216049194336,4.7827918291091915,119.4373336366612,0.0002999782471704228,213.40500884500034
810,1658880,4.818780899047852,,,0.0002999756901798549,215.86233467199963
820,1679360,4.864915370941162,,,0.0002999729911517707,218.21126464500048
830,1699840,4.570698261260986,,,0.0002999701500890105,220.52618235800037
840,1720320,4.812777519226074,,,0.000299967166994564,222.93594100799965
850,1740800,4.5904221534729,,,0.00029996404187157034,225.35028651299945
860,1761280,4.575666427612305,,,0.00029996077472331815,227.64297796699975
870,1781760,4.5655975341796875,,,0.00029995736555324544,230.09650224100005
880,1802240,4.379186630249023,,,0.0002999538143649399,232.42842897099945
890,1822720,4.536926746368408,,,0.00029995012116213843,234.94215025700032
900,1843200,4.556351184844971,4.357053327560425,78.02687569700967,0.00029994628594872747,239.25427524000042
910,1863680,4.308254241943359,,,0.0002999423087287429,241.96334611100065
920,1884160,4.422397613525391,,,0.00029993818950637,244.30284427399965
930,1904640,4.352325439453125,,,0.0002999339282859435,246.6308199569994
940,1925120,4.13862419128418,,,0.00029992952507194756,249.19853574599983
950,1945600,4.130347728729248,,,0.0002999249798690158,251.77789961500093
960,1966080,4.1664814949035645,,,0.0002999202926819312,254.08632503199988
970,1986560,4.464088439941406,,,0.00029991546351562626,256.5758299480003
980,2007040,4.377035140991211,,,0.0002999104923751827,259.10244264299945
990,2027520,4.15839147567749,,,0.00029990537926583174,261.5500886690006
1000,2048000,4.15585994720459,4.150546264648438,63.46866151623231,0.0002999001241929541,266.3381517830003
1010,2068480,4.261553764343262,,,0.0002998947271620797,271.1948297100007
1020,2088960,4.445596694946289,,,0.000299889188178888,273.88145820700083
1030,2109440,4.0556440353393555,,,0.0002998835072492078,276.56904802899953
1040,2129920,4.014443397521973,,,0.00029987768437901715,279.08617821900043
1050,2150400,4.012844085693359,,,0.0002998717195744436,281.46895097200104
1060,2170880,3.7987942695617676,,,0.0002998656128417641,283.81982786200024
1070,2191360,3.939596652984619,,,0.0002998593641874048,286.1956123130003
1080,2211840,3.8525805473327637,,,0.0002998529736179414,288.6172352249996
1090,2232320,4.275940895080566,,,0.00029984644114009867,291.06103665199953
1100,2252800,3.9439525604248047,4.036217546463012,56.61180579804256,0.0002998397667607509,295.64748739900097
1110,2273280,4.307624816894531,,,0.00029983295048692174,298.0331522159995
1120,2293760,4.007379055023193,,,0.000299825992325784,300.4075215970006
1130,2314240,3.982495069503784,,,0.00029981889228466004,302.77254934400116
1140,2334720,4.115272521972656,,,0.0002998116503710212,305.1360095359996
1150,2355200,4.0483856201171875,,,0.0002998042665924883,307.69829437599947
1160,2375680,4.174686908721924,,,0.00029979674095683155,310.0917394829994
1170,2396160,4.065075874328613,,,0.00029978907347197017,312.5002933100004
1180,2416640,4.047111511230469,,,0.00029978126414597294,314.9448628219998
1190,2437120,3.864751100540161,,,0.00029977331298705764,317.31654923300084
1200,2457600,4.185648441314697,3.9635887145996094,52.64591852064156,0.00029976522000359153,322.0118085030008
1210,2478080,4.218914985656738,,,0.000299756985204091,324.5694018039994
1220,2498560,4.214576721191406,,,0.0002997486085972216,327.0003969469999
1230,2519040,4.097654819488525,,,0.0002997400901917983,329.53271795100045
1240,2539520,4.038516998291016,,,0.0002997314299967851,331.94547534900084
1250,2560000,3.843337059020996,,,0.0002997226280212954,334.25027821500044
1260,2580480,3.7397916316986084,,,0.00029971368427459153,336.7278133870004
1270,2600960,3.8582568168640137,,,0.0002997045987660853,339.30251524599953
1280,2621440,3.888104200363159,,,0.0002996953715053375,341.5970384480006
1290,2641920,3.9191484451293945,,,0.0002996860025020582,344.0488960390012
1300,2662400,3.898681640625,3.9017473578453066,49.488848325746446,0.00029967649176610654,348.3929961899994
1310,2682880,3.886593818664551,,,0.00029966683930749083,350.75824595000086
1320,2703360,4.1436238288879395,,,0.00029965704513636865,353.187117417001
1330,2723840,4.028525352478027,,,0.00029964710926304647,355.5103414130008
1340,2744320,3.9201574325561523,,,0.0002996370316979801,357.9748055750006
1350,2764800,3.6836373805999756,,,0.0002996268124517742,360.4853552679997
1360,2785280,3.841276168823242,,,0.00029961645153518283,362.99199692
1370,2805760,3.860750675201416,,,0.000299605948959109,365.6404920950008
1380,2826240,3.905897855758667,,,0.0002995953047346046,367.9364548499998
1390,2846720,3.875882863998413,,,0.0002995845188728709,370.2840205680004
1400,2867200,3.9555270671844482,3.8615690588951113,47.5398857597613,0.0002995735913852581,374.7067458290003
1410,2887680,3.8789684772491455,,,0.00029956252228326526,377.2452437720003
1420,2908160,3.773350477218628,,,0.00029955131157854075,379.58758821000083
1430,2928640,3.8867101669311523,,,0.0002995399592828817,382.22532694800066
1440,2949120,3.8731846809387207,,,0.0002995284654082344,384.59736048800005
1450,2969600,3.9286651611328125,,,0.00029951682996669406,387.0660155580008
1460,2990080,3.840477466583252,,,0.00029950505297050487,389.46448858500116
1470,3010560,3.795271635055542,,,0.00029949313443206006,391.7426353720002
1480,3031040,3.7685208320617676,,,0.00029948107436390163,394.18121953300033
1490,3051520,3.858574867248535,,,0.0002994688727787207,396.5521954249998
1500,3072000,3.968487501144409,3.824489402770996,45.809404238976114,0.00029945652968935724,401.60760275900066
1510,3092480,3.996089458465576,,,0.00029944404510880005,406.2764158709997
1520,3112960,3.831501007080078,,,0.000299431419050187,408.8101940790002
1530,3133440,3.903538227081299,,,0.00029941865152680465,411.2176997160004
1540,3153920,3.8820948600769043,,,0.0002994057425520885,413.51182524100113
1550,3174400,3.640204668045044,,,0.0002993926921396229,415.79725067800064
1560,3194880,3.5381698608398438,,,0.00029937950030314115,418.3041643329998
1570,3215360,4.248541831970215,,,0.0002993661670565252,420.70122927100056
1580,3235840,3.6985387802124023,,,0.00029935269241380594,423.20601506099956
1590,3256320,3.8677902221679688,,,0.00029933907638916293,425.55803477100017
1600,3276800,3.7030258178710938,3.75309636592865,42.65294687521608,0.0002993253189969246,429.9452096650002
1610,3297280,3.8109707832336426,,,0.0002993114202515681,432.3921542820008
1620,3317760,3.6762847900390625,,,0.00029929738016771937,434.98429053400105
1630,3338240,3.426297664642334,,,0.0002992831987601531,437.3980895780005
1640,3358720,3.4613394737243652,,,0.00029926887604379257,440.1505418750003
1650,3379200,3.926945686340332,,,0.0002992544120337099,442.78020565800034
1660,3399680,3.7065372467041016,,,0.00029923980674512586,445.0547301589995
1670,3420160,3.711432695388794,,,0.00029922506019340985,447.4142109509994
1680,3440640,3.8285441398620605,,,0.0002992101723940799,450.0059339920008
1690,3461120,3.8120341300964355,,,0.00029919514336280284,452.574861811001
1700,3481600,3.7801239490509033,3.6510411858558656,38.514746188948116,0.000299179973115394,457.2012541080003
1710,3502080,3.6731581687927246,,,0.00029916466166781715,460.2150315550007
1720,3522560,3.4437403678894043,,,0.00029914920903618503,462.6506528200007
1730,3543040,3.6997873783111572,,,0.0002991336152367587,465.1107408090011
1740,3563520,3.590343952178955,,,0.0002991178802859477,467.446290064001
1750,3584000,3.817584991455078,,,0.00029910200420031033,470.0761774060011
1760,3604480,3.7990996837615967,,,0.0002990859869965532,472.6462824299997
1770,3624960,3.6231226921081543,,,0.0002990698286915317,475.03802831100074
1780,3645440,3.9055094718933105,,,0.0002990535293022493,477.4362535270011
1790,3665920,3.7325377464294434,,,0.00029903708884585834,479.7360186780006
1800,3686400,3.759678363800049,3.5691737055778505,35.487258110173165,0.00029902050733965937,484.0407998390001
1810,3706880,3.7420246601104736,,,0.0002990037848011014,486.61773571699996
1820,3727360,3.824286460876465,,,0.0002989869212477819,489.5149837320005
1830,3747840,3.3222334384918213,,,0.0002989699166974467,491.923899808
1840,3768320,3.535712718963623,,,0.00029895277116799004,494.4194864830006
1850,3788800,3.386622428894043,,,0.0002989354846774545,496.73069896500056
1860,3809280,3.5630264282226562,,,0.0002989180572440309,499.2866784930011
1870,3829760,3.2910656929016113,,,0.0002989004888860586,501.6615076449998
1880,3850240,3.5450541973114014,,,0.000298882779622025,504.1676309480008
1890,3870720,3.8999085426330566,,,0.000298864929470566,506.4276055959999
1900,3891200,3.3427677154541016,3.480073094367981,32.46209478544857,0.0002988469384504656,510.8615595070005
1910,3911680,3.6575331687927246,,,0.00029882880658065606,513.4623445979996
1920,3932160,3.359361410140991,,,0.00029881053388021797,515.9673841109998
1930,3952640,3.5214548110961914,,,0.00029879212036837996,518.3221915720005
1940,3973120,3.5796751976013184,,,0.000298773566064519,520.6517538650005
1950,3993600,3.3383235931396484,,,0.00029875487098816016,523.2657433950008
1960,4014080,3.668764352798462,,,0.00029873603515897655,525.8135975330006
1970,4034560,3.53533673286438,,,0.0002987170585967895,528.1638477270008
1980,4055040,3.5785715579986572,,,0.0002986979413215685,530.4417153200011
1990,4075520,3.155210018157959,,,0.00029867868335343084,532.8206593680006
2000,4096000,3.612313747406006,3.4070973873138426,30.17752334896538,0.00029865928471264224,537.356732966
2010,4116480,3.518828868865967,,,0.0002986397454196161,542.0920078460003
2020,4136960,3.4350268840789795,,,0.00029862006549491416,544.3971921610009
2030,4157440,3.238217830657959,,,0.0002986002449592459,546.8770190710002
2040,4177920,3.560758352279663,,,0.0002985802838334688,549.1469536730001
2050,4198400,3.521155834197998,,,0.0002985601821385884,551.4868144739994
2060,4218880,3.326233386993408,,,0.0002985399398957581,553.7472680709998
2070,4239360,3.5085558891296387,,,0.0002985195571262792,556.1872303529999
2080,4259840,3.4536221027374268,,,0.00029849903385160086,558.4933996479995
2090,4280320,3.307098627090454,,,0.00029847837009332016,560.896989705001
2100,4300800,3.3062856197357178,3.3421926975250242,28.281070601989818,0.0002984575658731819,565.2523230669995
2110,4321280,3.4606995582580566,,,0.00029843662121307877,567.604605646
2120,4341760,3.205637216567993,,,0.00029841553613505135,569.8503960420003
2130,4362240,3.3123412132263184,,,0.0002983943106612877,572.1616471369998
2140,4382720,3.179347515106201,,,0.00029837294481412395,574.5430383570001
2150,4403200,2.954343795776367,,,0.0002983514386160437,577.0603510689998
2160,4423680,3.5160019397735596,,,0.00029832979208967836,579.5817425429996
2170,4444160,3.247551918029785,,,0.000298308005257807,581.9374144880003
2180,4464640,3.3609230518341064,,,0.00029828607814335635,584.3091709250002
2190,4485120,3.447439670562744,,,0.00029826401076940063,586.582886219001
2200,4505600,3.1972055435180664,3.2948429703712465,26.973178149174924,0.0002982418031591619,590.9810812129999
2210,4526080,3.2537100315093994,,,0.0002982194553360096,593.2659565810009
2220,4546560,3.366751194000244,,,0.0002981969673234606,595.7284146880011
2230,4567040,3.4830727577209473,,,0.0002981743391451798,598.528628981001
2240,4587520,3.266010046005249,,,0.00029815157082497905,601.2238229720006
2250,4608000,3.3044111728668213,,,0.00029812866238681786,603.558918322
2260,4628480,3.1762356758117676,,,0.0002981056138548034,606.0252888539999
2270,4648960,3.4767050743103027,,,0.00029808242525318994,608.4353854450001
2280,4669440,3.261765480041504,,,0.00029805909660637935,611.1848053100002
2290,4689920,3.158550500869751,,,0.0002980356279389208,613.4755522190007
2300,4710400,3.3388500213623047,3.243522572517395,25.6238247378342,0.00029801201927551077,617.9777369090007
2310,4730880,3.1738691329956055,,,0.0002979882706409932,620.4707708340011
2320,4751360,3.668417453765869,,,0.00029796438206035916,623.0788766940004
2330,4771840,3.407280683517456,,,0.0002979403535587471,625.4472562709998
2340,4792320,3.090339183807373,,,0.0002979161851614427,627.8291873090002
2350,4812800,3.349346160888672,,,0.0002978918768938788,630.217025670001
2360,4833280,3.407928466796875,,,0.00029786742878163547,632.7109841250003
2370,4853760,3.114499092102051,,,0.0002978428408504399,635.1304567749994
2380,4874240,3.4171409606933594,,,0.0002978181131261664,637.5754086119996
2390,4894720,3.321272134780884,,,0.00029779324563483655,640.0876162670011
2400,4915200,3.157489538192749,3.193647003173828,24.377169137327044,0.00029776823840261884,644.7966298890005
2410,4935680,3.3951289653778076,,,0.00029774309145582886,647.2634267110006
2420,4956160,3.090756893157959,,,0.00029771780482092916,649.643871612001
2430,4976640,3.2143077850341797,,,0.00029769237852452944,652.2730691209999
2440,4997120,3.3528733253479004,,,0.0002976668125933863,654.8502547570006
2450,5017600,3.4456827640533447,,,0.0002976411070544032,657.4847701720009
2460,5038080,2.993579387664795,,,0.0002976152619346305,660.3486132649996
2470,5058560,3.0410876274108887,,,0.0002975892772612657,662.7923832350007
2480,5079040,3.3486201763153076,,,0.0002975631530616528,665.1594687369998
2490,5099520,3.216622829437256,,,0.0002975368893632829,667.6424099579999
2500,5120000,3.189131259918213,3.1548717856407165,23.450030268070172,0.0002975104861937938,672.328372557
2510,5140480,3.372415542602539,,,0.00029748394358097,677.0457535610003
2520,5160960,3.4179635047912598,,,0.00029745726155274284,679.7146071669995
2530,5181440,3.063804864883423,,,0.00029743044013719037,682.3457892030001
2540,5201920,2.969329357147217,,,0.0002974034793625372,684.8319866460006
2550,5222400,3.1932554244995117,,,0.0002973763792571547,687.2280372700006
2560,5242880,2.941098690032959,,,0.00029734913984956083,689.4821612989999
2570,5263360,3.1557188034057617,,,0.00029732176116842014,691.9337002129996
2580,5283840,2.957517623901367,,,0.0002972942432425438,694.5142714779995
2590,5304320,3.1612157821655273,,,0.0002972665861008894,696.9430521819995
2600,5324800,3.157975196838379,3.115028202533722,22.534065862285495,0.0002972387897725611,701.4306280670007
2610,5345280,3.3079447746276855,,,0.0002972108542868095,703.8363161950001
2620,5365760,3.187751293182373,,,0.00029718277967303165,706.3529351360012
2630,5386240,3.329249143600464,,,0.00029715456596077103,708.8996537530002
2640,5406720,3.0168023109436035,,,0.0002971262131797174,711.570590573001
2650,5427200,3.0626726150512695,,,0.00029709772135970707,714.0025088950006
2660,5447680,3.344820261001587,,,0.00029706909053072236,716.9106803489994
2670,5468160,2.983738422393799,,,0.00029704032072289224,719.4482128340005
2680,5488640,3.2813234329223633,,,0.00029701141196649154,722.009422436
2690,5509120,3.390104293823242,,,0.0002969823642919416,724.6456120599996
2700,5529600,3.2901291847229004,3.072080445289612,21.586766076696595,0.00029695317772980985,729.7016962729995
2710,5550080,3.3513007164001465,,,0.00029692385231080986,732.0617688570001
2720,5570560,3.2919793128967285,,,0.0002968943880658013,734.6007420740007
2730,5591040,2.9786229133605957,,,0.00029686478502578996,737.0988229300001
2740,5611520,2.967771291732788,,,0.0002968350432219278,739.6167903320002
2750,5632000,3.2532544136047363,,,0.00029680516268551255,742.1302066860007
2760,5652480,3.167186975479126,,,0.0002967751434479881,744.6870334970008
2770,5672960,3.232773780822754,,,0.00029674498554094436,747.3914559919995
2780,5693440,3.1560239791870117,,,0.00029671468899611706,749.9779980960011
2790,5713920,3.0283608436584473,,,0.0002966842538453877,752.5461927600008
2800,5734400,3.064844846725464,3.0408444166183473,20.922903425120662,0.00029665368012078393,756.9760931590008
2810,5754880,3.0556867122650146,,,0.00029662296785447904,759.4654485379997
2820,5775360,3.01747989654541,,,0.00029659211707879206,761.9871141450003
2830,5795840,3.0827114582061768,,,0.0002965611278261879,764.3765206339995
2840,5816320,3.1552248001098633,,,0.00029653000012927716,766.9187876249998
2850,5836800,2.9960477352142334,,,0.0002964987340208161,769.7284487590005
2860,5857280,3.1325860023498535,,,0.00029646732953370666,772.1946622609994
2870,5877760,3.057326555252075,,,0.0002964357867009964,774.7832556859994
2880,5898240,2.8972644805908203,,,0.0002964041055558784,777.4475741219994
2890,5918720,3.4201653003692627,,,0.0002963722861316914,780.2081896979998
2900,5939200,3.240504264831543,3.003948998451233,20.165011496592083,0.0002963403284619195,785.1750742109998
2910,5959680,3.0456740856170654,,,0.00029630823258019253,788.2149732950002
2920,5980160,3.0334150791168213,,,0.0002962759985202854,790.8076226140001
2930,6000640,2.911273956298828,,,0.00029624362631611883,793.436917762001
2940,6021120,3.2641408443450928,,,0.00029621111600175855,796.0260610410005
2950,6041600,3.0563836097717285,,,0.0002961784676114159,798.4778609820005
2960,6062080,3.2234435081481934,,,0.00029614568117944737,801.1782160620005
2970,6082560,3.4127612113952637,,,0.00029611275674035475,803.6310461009998
2980,6103040,3.0427732467651367,,,0.00029607969432878504,806.1624354169999
2990,6123520,2.7887394428253174,,,0.00029604649397953046,808.5281302109997
3000,6144000,3.3145439624786377,2.972018277645111,19.531299427961688,0.00029601315572752845,813.2661246509997
3010,6164480,2.8911328315734863,,,0.0002959796796078614,818.3872596069996
3020,6184960,3.1786060333251953,,,0.00029594606565575693,820.9102165730001
3030,6205440,2.8228535652160645,,,0.00029591231390658764,823.549882665
3040,6225920,2.920724868774414,,,0.0002958784243958711,825.9224180380006
3050,6246400,3.220643997192383,,,0.00029584439715926996,828.5486308830004
3060,6266880,3.0380985736846924,,,0.0002958102322325917,830.9536069320002
3070,6287360,2.8548688888549805,,,0.0002957759296517887,833.5582901529997
3080,6307840,2.93557071685791,,,0.0002957414894529583,836.0765637730001
3090,6328320,2.906191825866699,,,0.0002957069116723425,839.0903976280006
3100,6348800,2.943881034851074,2.943141055107117,18.975355439716413,0.0002956721963463282,843.7549024960008
3110,6369280,3.229559898376465,,,0.0002956373435114471,846.315323113
3120,6389760,2.833972215652466,,,0.00029560235320437537,849.0345902410008
3130,6410240,3.1340341567993164,,,0.00029556722546193406,851.5697708890002
3140,6430720,2.9234814643859863,,,0.0002955319603210887,854.0171295830005
3150,6451200,3.1330997943878174,,,0.0002954965578189496,856.5817104039998
3160,6471680,3.059403896331787,,,0.00029546101799277134,859.0826485830003
3170,6492160,2.981166362762451,,,0.00029542534087995326,861.6604230410012
3180,6512640,3.0634043216705322,,,0.00029538952651803903,864.8925158359998
3190,6533120,3.1344542503356934,,,0.0002953535749447169,867.1661748509996
3200,6553600,3.000291347503662,2.912304949760437,18.39915886590346,0.0002953174861978192,871.7857552910009
3210,6574080,2.884465217590332,,,0.00029528126031532306,874.3098221250002
3220,6594560,2.9417409896850586,,,0.0002952448973353494,876.6147219440008
3230,6615040,2.8116087913513184,,,0.00029520839729616394,878.9952662060005
3240,6635520,2.9300732612609863,,,0.0002951717602361762,881.8034731780008
3250,6656000,3.016757011413574,,,0.00029513498619394016,884.5029328559995
3260,6676480,2.7929282188415527,,,0.0002950980752081538,886.8792940510011
3270,6696960,2.928209066390991,,,0.00029506102731765926,889.3063576380009
3280,6717440,2.9288032054901123,,,0.0002950238425614428,891.8356427489998
3290,6737920,3.1044886112213135,,,0.00029498652097863465,894.5485237490011
3300,6758400,3.1506261825561523,2.892332112789154,18.03532099760753,0.00029494906260850895,899.546029950001
3310,6778880,3.0598130226135254,,,0.0002949114674904839,902.1621135919995
3320,6799360,2.888869285583496,,,0.00029487373566412155,904.785008922001
3330,6819840,2.7611653804779053,,,0.0002948358671691279,907.4464879450006
3340,6840320,2.9064230918884277,,,0.0002947978620453527,909.9619767889999
3350,6860800,2.9592788219451904,,,0.0002947597203327893,912.5409271879998
3360,6881280,2.8634281158447266,,,0.0002947214420715752,915.0140574050001
3370,6901760,2.951301097869873,,,0.0002946830273019912,917.5348852549996
3380,6922240,2.7350196838378906,,,0.00029464447606446193,920.1326053450011
3390,6942720,2.7619729042053223,,,0.0002946057883995556,923.1891608850001
3400,6963200,2.8213300704956055,2.8664536118507384,17.574581265745092,0.00029456696434798397,927.8452207520004
3410,6983680,3.0469274520874023,,,0.0002945280039506024,930.3270419510009
3420,7004160,3.241830348968506,,,0.0002944889072484096,933.0078898280008
3430,7024640,3.0639514923095703,,,0.00029444967428254783,935.5110324699999
3440,7045120,2.8437602519989014,,,0.0002944103050943026,938.054430432001
3450,7065600,2.9311153888702393,,,0.000294370799725103,940.5582435689994
3460,7086080,2.8706860542297363,,,0.0002943311582165212,943.3149292159997
3470,7106560,2.7314891815185547,,,0.0002942913806102727,945.7473328289998
3480,7127040,2.7956202030181885,,,0.00029425146694821635,948.4262339090001
3490,7147520,2.826920986175537,,,0.000294211417272354,951.0732115520004
3500,7168000,3.0053863525390625,2.834966766834259,17.02983433568482,0.00029417123162483067,955.6554771909996
3510,7188480,3.0178956985473633,,,0.00029413091004793456,961.1573156030008
3520,7208960,2.7458701133728027,,,0.0002940904525840967,963.7750484549997
3530,7229440,2.840942621231079,,,0.00029404985927589144,966.2268099909998
3540,7249920,2.719750165939331,,,0.00029400913016603574,968.7376459820007
3550,7270400,3.0500879287719727,,,0.00029396826529738977,971.3424542690009
3560,7290880,3.046875,,,0.00029392726471295634,973.9807780600004
3570,7311360,2.8797178268432617,,,0.00029388612845588117,976.3942429480012
3580,7331840,3.085218667984009,,,0.0002938448565694527,979.0765251049997
3590,7352320,2.727431297302246,,,0.00029380344909710215,981.6492678680006
3600,7372800,2.936662197113037,2.817578899860382,16.73628136762679,0.0002937619060824034,986.182819742
3610,7393280,2.6503782272338867,,,0.000293720227569073,988.6789093830012
3620,7413760,2.9233896732330322,,,0.00029367841360097,990.9526004430008
3630,7434240,2.8945252895355225,,,0.0002936364642220961,993.5510709709997
3640,7454720,2.9776687622070312,,,0.0002935943794765954,996.4339139559997
3650,7475200,2.6940948963165283,,,0.0002935521594087544,998.8594469600012
3660,7495680,2.7404088973999023,,,0.0002935098040630023,1001.4430780090006
3670,7516160,2.755859136581421,,,0.00029346731348391027,1003.741481514
3680,7536640,2.893022060394287,,,0.000293424687716192,1006.0648141450001
3690,7557120,2.698798418045044,,,0.0002933819268047035,1008.4721123069994
3700,7577600,2.859985828399658,2.792657196521759,16.324339199564232,0.00029333903079444283,1012.8445857810002
3710,7598080,2.778141975402832,,,0.0002932959997305502,1015.2198173649995
3720,7618560,2.938965082168579,,,0.00029325283365830816,1017.7814508310003
3730,7639040,2.749305248260498,,,0.0002932095326231412,1020.1667247980004
3740,7659520,3.1678760051727295,,,0.0002931660966706157,1022.5922453969997
3750,7680000,2.91512131690979,,,0.0002931225258464402,1024.9192305180004
3760,7700480,2.6453804969787598,,,0.0002930788201964652,1027.3113558040004
3770,7720960,2.9418835639953613,,,0.000293034979766683,1029.757414687001
3780,7741440,2.6358139514923096,,,0.0002929910046032276,1032.2809093899996
3790,7761920,2.751840114593506,,,0.00029294689475237504,1035.0746947650005
3800,7782400,2.9933648109436035,2.7733890056610107,16.012809659735165,0.00029290265026054284,1039.6203827560003
3810,7802880,2.8004398345947266,,,0.00029285827117429044,1041.938265578001
3820,7823360,2.9166383743286133,,,0.0002928137575403187,1044.642583414001
3830,7843840,2.8711161613464355,,,0.0002927691094054704,1047.3301020569997
3840,7864320,2.7335927486419678,,,0.00029272432681672934,1050.1110899310006
3850,7884800,2.6958720684051514,,,0.00029267940982122124,1053.004803918
3860,7905280,3.0093541145324707,,,0.0002926343584662131,1055.575862101001
3870,7925760,2.7525320053100586,,,0.0002925891727991134,1058.07996284
3880,7946240,2.903820037841797,,,0.0002925438528674718,1060.6811702039995
3890,7966720,3.2042102813720703,,,0.0002924983987189793,1063.2636113059998
3900,7987200,3.106006145477295,2.7598931193351746,15.798154340783302,0.0002924528104014683,1067.8004956149998
3910,8007680,2.6568799018859863,,,0.00029240708796291214,1070.3747866600006
3920,8028160,2.951650857925415,,,0.0002923612314514255,1072.904381223001
3930,8048640,2.725954055786133,,,0.00029231524091526405,1075.5352405550002
3940,8069120,2.7602615356445312,,,0.00029226911640282456,1078.3617561400006
3950,8089600,2.665407180786133,,,0.0002922228579626447,1080.7998824620008
3960,8110080,2.748002052307129,,,0.00029217646564340307,1083.266510106001
3970,8130560,2.6506214141845703,,,0.00029212993949391926,1085.848322228001
3980,8151040,3.1037254333496094,,,0.0002920832795631536,1088.3271077179998
3990,8171520,2.556187152862549,,,0.00029203648590020724,1091.0197515880009
4000,8192000,2.694965362548828,2.7281230211257936,15.304134507261022,0.00029198955855432214,1095.7955633889997
4010,8212480,2.76169490814209,,,0.00029194249757488066,1101.3739604990005
4020,8232960,2.83760404586792,,,0.0002918953030114062,1103.9439570180002
4030,8253440,2.9666717052459717,,,0.00029184797491356234,1106.3576463949994
4040,8273920,3.004073143005371,,,0.0002918005133311534,1108.7141479359998
4050,8294400,2.60947322845459,,,0.0002917529183141241,1111.2844404280004
4060,8314880,3.0319266319274902,,,0.00029170518991255965,1113.755484497
4070,8335360,2.814310073852539,,,0.0002916573281766855,1116.1939326579995
4080,8355840,2.810976505279541,,,0.0002916093331568675,1118.6861940800009
4090,8376320,2.724424123764038,,,0.0002915612049036118,1121.3790771000004
4100,8396800,2.915112018585205,2.713703715801239,15.085042889585358,0.0002915129434675645,1126.3774190229997
4110,8417280,2.9610188007354736,,,0.00029146454889951223,1128.9719118450012
4120,8437760,2.6411027908325195,,,0.00029141602125038146,1131.7142431909997
4130,8458240,2.756169319152832,,,0.0002913673605712388,1134.2130589059998
4140,8478720,2.755880355834961,,,0.0002913185669132907,1136.9871736309997
4150,8499200,2.7676777839660645,,,0.00029126964032788385,1139.8404260839998
4160,8519680,2.5841293334960938,,,0.00029122058086650444,1142.7251252610004
4170,8540160,2.8203155994415283,,,0.00029117138858077884,1145.2354892479998
4180,8560640,2.8480708599090576,,,0.0002911220635224729,1147.6544143730007
4190,8581120,2.528062343597412,,,0.0002910726057434925,1150.3054961510006
4200,8601600,2.832674980163574,2.690450942516327,14.738320557513932,0.0002910230152958829,1155.7977003550004
4210,8622080,2.9745140075683594,,,0.0002909732922318291,1158.290142580001
4220,8642560,2.7212886810302734,,,0.0002909234366036556,1161.0503633940007
4230,8663040,2.813840389251709,,,0.0002908734484638265,1163.6596417239998
4240,8683520,2.7056922912597656,,,0.00029082332786494527,1166.6042260070008
4250,8704000,3.0685205459594727,,,0.00029077307485975476,1169.217625479001
4260,8724480,2.7768259048461914,,,0.0002907226895011372,1171.8430252159997
4270,8744960,2.823791265487671,,,0.00029067217184211406,1174.7916224769997
4280,8765440,2.7843682765960693,,,0.000290621521935846,1177.374311605001
4290,8785920,2.7776355743408203,,,0.000290570739835633,1180.2428207550001
4300,8806400,2.746913433074951,2.670450484752655,14.446475644171583,0.00029051982559491393,1184.9141530630004
4310,8826880,2.78125,,,0.00029046877926726687,1187.308617523
4320,8847360,3.27016019821167,,,0.00029041760090640884,1189.8529036920008
4330,8867840,2.7743072509765625,,,0.00029036629056619585,1192.506278682
4340,8888320,2.649076461791992,,,0.00029031484830062274,1195.0388836519996
4350,8908800,2.769979953765869,,,0.0002902632741638231,1197.5015575810012
4360,8929280,2.4790666103363037,,,0.0002902115682100696,1200.2538563950002
4370,8949760,2.7553422451019287,,,0.00029015973049377323,1203.1295467950004
4380,8970240,2.4880993366241455,,,0.0002901077610694839,1205.6608265760005
4390,8990720,2.94364070892334,,,0.00029005565999188997,1208.2320571330001
4400,9011200,2.6462936401367188,2.6556416273117067,14.234116127632195,0.00029000342731581847,1212.9944890660008
4410,9031680,2.5206527709960938,,,0.0002899510630962348,1215.5953291240003
4420,9052160,2.480403184890747,,,0.0002898985673882429,1218.1566871699997
4430,9072640,2.9264187812805176,,,0.000289845940247085,1220.6853534929996
4440,9093120,2.805931568145752,,,0.00028979318172814154,1223.4040430019995
4450,9113600,2.821432113647461,,,0.0002897402918869315,1225.8966322320011
4460,9134080,2.5350656509399414,,,0.00028968727077911176,1228.3260686659996
4470,9154560,2.835704803466797,,,0.00028963411846047747,1230.9161656340002
4480,9175040,2.7502975463867188,,,0.00028958083498696185,1233.6115661920012
4490,9195520,2.829712390899658,,,0.00028952742041463614,1236.208245287
4500,9216000,2.539151191711426,2.638736069202423,13.995503076600713,0.0002894738747997095,1240.7640048499998
4510,9236480,2.7217586040496826,,,0.000289420198198529,1248.6669456069994
4520,9256960,2.639042854309082,,,0.0002893663906675796,1251.1394339689996
4530,9277440,2.7216601371765137,,,0.000289312452263484,1253.8062967980004
4540,9297920,2.6453161239624023,,,0.0002892583830430026,1256.6281008219994
4550,9318400,2.3870999813079834,,,0.0002892041830630334,1259.5492735110001
4560,9338880,2.7710607051849365,,,0.00028914985238061227,1262.0111859560002
4570,9359360,2.70460844039917,,,0.0002890953910529123,1264.4896847609998
4580,9379840,2.5310678482055664,,,0.0002890407991372442,1267.4473985660006
4590,9400320,2.7209043502807617,,,0.0002889860766910561,1270.1207830790008
4600,9420800,2.6857542991638184,2.6206694722175596,13.74492234922116,0.0002889312237719335,1274.6351288250007
4610,9441280,2.9583663940429688,,,0.0002888762404375992,1277.4037459909996
4620,9461760,2.729757308959961,,,0.00028882112674591317,1280.0515950850004
4630,9482240,2.992476463317871,,,0.0002887658827548727,1282.686814064
4640,9502720,2.849637985229492,,,0.00028871050852261195,1285.3926670540004
4650,9523200,2.6790003776550293,,,0.0002886550041074025,1287.92892081
4660,9543680,2.5802664756774902,,,0.00028859936956765253,1290.5472450390007
4670,9564160,2.6708645820617676,,,0.00028854360496190733,1293.151332026
4680,9584640,2.75803279876709,,,0.0002884877103488492,1295.8674760270005
4690,9605120,2.4969818592071533,,,0.00028843168578729714,1298.3598157119995
4700,9625600,2.8243629932403564,2.6079445004463198,13.571126717728909,0.0002883755313362067,1303.2880580380006
4710,9646080,2.6770970821380615,,,0.00028831924705467044,1306.0144163330006
4720,9666560,2.626363754272461,,,0.0002882628330019173,1308.5230386750009
4730,9687040,2.538217306137085,,,0.00028820628923731286,1311.5672600920007
4740,9707520,2.9225821495056152,,,0.0002881496158203593,1314.1215362570001
4750,9728000,2.8243634700775146,,,0.00028809281281069515,1316.6378944520002
4760,9748480,2.56705379486084,,,0.00028803588026809525,1319.1264635669995
4770,9768960,2.526681423187256,,,0.0002879788182524708,1321.7432031549997
4780,9789440,2.9085640907287598,,,0.0002879216268238693,1324.2932801700008
4790,9809920,2.6313483715057373,,,0.0002878643060424744,1327.0634226149996
4800,9830400,2.993007183074951,2.6018532156944274,13.488712379910112,0.0002878068559686058,1331.596035648001
4810,9850880,2.603287935256958,,,0.0002877492766627194,1334.070432210001
4820,9871360,2.7406797409057617,,,0.0002876915681854069,1336.6358626359997
4830,9891840,2.637873649597168,,,0.00028763373059739614,1339.2874376689997
4840,9912320,2.5805792808532715,,,0.0002875757639595507,1341.792173062
4850,9932800,2.7786359786987305,,,0.00028751766833287,1344.5332412650005
4860,9953280,2.465482234954834,,,0.0002874594437784891,1347.1171178610002
4870,9973760,2.4916791915893555,,,0.000287401090357679,1349.5625969970006
4880,9994240,2.589566230773926,,,0.000287342608131846,1352.2362286429998
4890,10014720,2.501866340637207,,,0.000287283997162532,1354.7385500279997
4900,10035200,2.547220230102539,2.578608441352844,13.178786339712868,0.0002872252575114146,1359.4678690250003
4910,10055680,2.693979024887085,,,0.00028716638924030654,1362.0764468390007
4920,10076160,2.600867748260498,,,0.0002871073924111562,1364.519059133001
4930,10096640,2.8064684867858887,,,0.0002870482670860469,1366.9204491250002
4940,10117120,2.777763605117798,,,0.00028698901332719745,1369.648833905001
4950,10137600,2.5258853435516357,,,0.0002869296311969617,1372.281821744
4960,10158080,2.2470998764038086,,,0.00028687012075782865,1374.7642949370002
4970,10178560,2.6026902198791504,,,0.0002868104820724222,1377.2006936460002
4980,10199040,2.3984007835388184,,,0.00028675071520350135,1379.9329044629994
4990,10219520,2.8411009311676025,,,0.00028669082021395994,1382.5200749840005
5000,10240000,2.85894513130188,2.568792223930359,13.050053376718777,0.00028663079716682654,1387.06122186
5010,10260480,2.605362892150879,,,0.00028657064612526466,1391.868343475
5020,10280960,2.74399471282959,,,0.0002865103671525723,1394.7189067920008
5030,10301440,2.7406704425811768,,,0.0002864499603121822,1397.7160488360005
5040,10321920,2.589435338973999,,,0.0002863894256676617,1400.2761515519996
5050,10342400,2.6545042991638184,,,0.00028632876328271256,1402.956446712
5060,10362880,2.924907684326172,,,0.0002862679732211709,1405.7274419200003
5070,10383360,2.625450372695923,,,0.0002862070555470074,1408.4052118239997
5080,10403840,3.0203094482421875,,,0.00028614601032432677,1410.977235796001
5090,10424320,2.539069652557373,,,0.0002860848376173682,1413.5803508610006
5100,10444800,2.7993271350860596,2.5527541756629946,12.842425414876963,0.00028602353749050474,1418.3282398200008
5110,10465280,2.7362844944000244,,,0.0002859621100082438,1421.061629844
5120,10485760,2.714041233062744,,,0.00028590055523522673,1423.6439231420009
5130,10506240,2.431328296661377,,,0.0002858388732362287,1426.2447147830007
5140,10526720,2.574596881866455,,,0.000285777064076159,1429.016058868001
5150,10547200,2.7232980728149414,,,0.0002857151278200605,1431.5879898799994
5160,10567680,2.7586193084716797,,,0.00028565306453310995,1434.513979292
5170,10588160,2.4475746154785156,,,0.00028559087428061775,1437.3277184070012
5180,10608640,2.7060368061065674,,,0.0002855285571280278,1439.8151130219994
5190,10629120,2.3902511596679688,,,0.00028546611314091776,1442.3517941530008
5200,10649600,2.8861446380615234,2.538055944442749,12.65504493096961,0.0002854035423849986,1447.1309539869999
5210,10670080,2.391810417175293,,,0.0002853408449261148,1449.8992534480003
5220,10690560,2.804044246673584,,,0.0002852780208302439,1452.6858068750007
5230,10711040,2.5861737728118896,,,0.00028521507016349715,1455.1457522889996
5240,10731520,2.6657214164733887,,,0.0002851519929921186,1457.8175822419998
5250,10752000,2.516680955886841,,,0.00028508878938248556,1460.2225219320007
5260,10772480,2.514477014541626,,,0.0002850254594011085,1462.7561060709995
5270,10792960,2.6929564476013184,,,0.0002849620031146307,1465.272616260001
5280,10813440,2.8965349197387695,,,0.0002848984205898285,1467.7303847330004
5290,10833920,2.6155200004577637,,,0.00028483471189361093,1470.509134465001
5300,10854400,2.7922136783599854,2.52733553647995,12.520102298934063,0.00028477087709301996,1475.2206627569994
5310,10874880,2.511963367462158,,,0.0002847069162552301,1477.7003035870002
5320,10895360,2.700227737426758,,,0.0002846428294475486,1480.0698428260002
5330,10915840,2.6170811653137207,,,0.00028457861673741533,1482.6332393930006
5340,10936320,2.5170788764953613,,,0.00028451427819240247,1485.1665139899997
5350,10956800,2.435366630554199,,,0.0002844498138802147,1487.5401088840008
5360,10977280,2.7868447303771973,,,0.00028438522386868906,1489.9648004070004
5370,10997760,2.6246743202209473,,,0.0002843205082257949,1492.614870077001
5380,11018240,2.466884136199951,,,0.00028425566701963367,1495.096410817001
5390,11038720,2.579098701477051,,,0.0002841907003184391,1497.5714545070005
5400,11059200,2.61538028717041,2.5217134833335875,12.449911112582052,0.0002841256081905769,1502.090883496001
5410,11079680,2.662226676940918,,,0.00028406039070454466,1504.683732136
5420,11100160,2.3970329761505127,,,0.0002839950479289721,1507.3844752509995
5430,11120640,2.7504844665527344,,,0.0002839295799326207,1509.933192085
5440,11141120,2.6014676094055176,,,0.0002838639867843836,1512.5215169170006
5450,11161600,2.5510973930358887,,,0.00028379826855328577,1515.053462115
5460,11182080,2.7929487228393555,,,0.0002837324253084838,1517.4078703920004
5470,11202560,2.4879465103149414,,,0.0002836664571192658,1519.9612429829995
5480,11223040,2.5484654903411865,,,0.00028360036405505125,1522.758031591
5490,11243520,2.547666311264038,,,0.0002835341461853913,1525.2963007630005
5500,11264000,2.6357929706573486,2.511324667930603,12.32124080752653,0.0002834678035799683,1529.8101524779995
5510,11284480,2.3143985271453857,,,0.0002834013363085957,1535.1804387459997
5520,11304960,2.5516884326934814,,,0.0002833347444412184,1537.7928031310003
5530,11325440,2.4263663291931152,,,0.00028326802804791223,1540.2133394730008
5540,11345920,2.3285253047943115,,,0.00028320118719888423,1542.7743766780004
5550,11366400,2.895252227783203,,,0.0002831342219644723,1545.7191991809996
5560,11386880,2.635345935821533,,,0.00028306713241514517,1548.1308236250006
5570,11407360,2.624868869781494,,,0.0002829999186215025,1550.7461517989996
5580,11427840,2.60579252243042,,,0.0002829325806542746,1553.1493941950012
5590,11448320,2.5168256759643555,,,0.0002828651185843227,1555.7389522089998
5600,11468800,2.842996835708618,2.4978722453117372,12.156600159661306,0.0002827975324826382,1560.7237545509997
5610,11489280,2.5185813903808594,,,0.0002827298224203434,1563.1928473980006
5620,11509760,2.3767895698547363,,,0.0002826619884686909,1565.5458803000001
5630,11530240,2.3858442306518555,,,0.00028259403069906357,1568.0142590710002
5640,11550720,2.5242652893066406,,,0.0002825259491829748,1570.5793947149996
5650,11571200,2.7413299083709717,,,0.00028245774399206794,1573.1030974229998
5660,11591680,2.629915237426758,,,0.00028238941519811674,1575.6299833030007
5670,11612160,2.5236973762512207,,,0.00028232096287302493,1578.2302639160007
5680,11632640,2.7109646797180176,,,0.0002822523870888261,1580.7580352700006
5690,11653120,2.45990252494812,,,0.0002821836879176839,1583.215799937001
5700,11673600,2.698580741882324,2.4813053488731383,11.956862111902177,0.00028211486543189187,1587.8564864380005
5710,11694080,2.6490914821624756,,,0.00028204591970387315,1590.6223692799995
5720,11714560,2.680039882659912,,,0.00028197685080618063,1592.9875500399994
5730,11735040,2.6448111534118652,,,0.0002819076588114969,1595.7313697509999
5740,11755520,2.4936203956604004,,,0.0002818383437926341,1598.2054918009999
5750,11776000,2.329822063446045,,,0.0002817689058225336,1600.5556303249996
5760,11796480,2.6012139320373535,,,0.00028169934497426644,1603.0386265470006
5770,11816960,2.588534116744995,,,0.00028162966132103275,1605.5064320620004
5780,11837440,2.684548854827881,,,0.00028155985493616203,1608.1128108909998
5790,11857920,2.7941319942474365,,,0.0002814899258931129,1610.502890965001
5800,11878400,2.7496628761291504,2.4789890885353087,11.929198956330396,0.00028141987426547293,1614.9491173389997
5810,11898880,2.486111879348755,,,0.0002813497001269589,1617.4493910889996
5820,11919360,2.616093873977661,,,0.00028127940355141646,1619.826405832
5830,11939840,2.687138080596924,,,0.0002812089846128199,1622.247239147
5840,11960320,2.516818046569824,,,0.0002811384433852725,1624.6629645030007
5850,11980800,2.3666117191314697,,,0.00028106777994300615,1627.0602249420008
5860,12001280,2.5398526191711426,,,0.00028099699436038135,1629.7129125270003
5870,12021760,2.2883551120758057,,,0.0002809260867118871,1632.0931124380004
5880,12042240,2.253255844116211,,,0.00028085505707214095,1634.4312000499995
5890,12062720,2.4661693572998047,,,0.00028078390551588867,1636.7670304470012
5900,12083200,2.3593504428863525,2.4636656522750853,11.747796044022435,0.0002807126321180045,1641.2794120319995
5910,12103680,2.543731927871704,,,0.0002806412369534907,1643.867086694001
5920,12124160,2.827556610107422,,,0.0002805697200974779,1646.3362124300002
5930,12144640,2.4467291831970215,,,0.0002804980816252246,1648.7353249410007
5940,12165120,2.2803125381469727,,,0.0002804263216121174,1651.1288455930007
5950,12185600,2.4985885620117188,,,0.0002803544401336706,1653.4569578730006
5960,12206080,2.460314989089966,,,0.00028028243726552655,1655.8808063529996
5970,12226560,2.4919958114624023,,,0.0002802103130834553,1658.4436869720012
5980,12247040,2.4695096015930176,,,0.00028013806766335445,1660.770464968
5990,12267520,2.671860456466675,,,0.0002800657010812493,1663.0784506210002
6000,12288000,2.319835662841797,2.448685908317566,11.573128570397829,0.00027999321341329255,1667.6188004310006
6010,12308480,2.5125389099121094,,,0.0002799206047357644,1672.510159716001
6020,12328960,2.433450222015381,,,0.0002798478751250723,1675.2074219210008
6030,12349440,2.613264560699463,,,0.00027977502465775106,1677.7154251499996
6040,12369920,2.797147274017334,,,0.0002797020534104627,1680.145123585
6050,12390400,2.5870463848114014,,,0.0002796289614599961,1682.5162488670012
6060,12410880,2.4383387565612793,,,0.0002795557488832675,1685.2982274660008
6070,12431360,2.48995041847229,,,0.0002794824157573198,1687.833325081001
6080,12451840,2.595076560974121,,,0.00027940896215932284,1690.1905696360009
6090,12472320,2.5939760208129883,,,0.0002793353881665734,1692.532981638
6100,12492800,2.716722011566162,2.448409843444824,11.5699340770958,0.0002792616938564946,1697.0907766290002
6110,12513280,2.672555923461914,,,0.0002791878793066366,1699.5992670209998
6120,12533760,2.426835298538208,,,0.00027911394459467564,1702.033396187
6130,12554240,2.25793194770813,,,0.0002790398897984148,1704.7464877860002
6140,12574720,2.4513864517211914,,,0.0002789657149957834,1707.3159666249994
6150,12595200,2.452469825744629,,,0.00027889142026483695,1710.0080596560001
6160,12615680,2.594092607498169,,,0.0002788170056837571,1712.6482934710002
6170,12636160,2.544914484024048,,,0.0002787424713308519,1715.1090297190003
6180,12656640,2.384725332260132,,,0.0002786678172845553,1717.6856143429995
6190,12677120,2.659071922302246,,,0.00027859304362342713,1720.2315194389994
6200,12697600,2.662692070007324,2.4371503710746767,11.440393372570448,0.00027851815042615315,1724.846950784
6210,12718080,2.6098339557647705,,,0.0002784431377715449,1727.5886797000003
6220,12738560,2.413951873779297,,,0.00027836800573853966,1730.091858504
6230,12759040,2.6608171463012695,,,0.0002782927544062003,1732.5045725140008
6240,12779520,2.238028049468994,,,0.0002782173838537153,1735.1324228510002
6250,12800000,2.360016345977783,,,0.0002781418941603984,1737.717677517001
6260,12820480,2.176511764526367,,,0.00027806628540568914,1740.1140518430002
6270,12840960,2.546815872192383,,,0.00027799055766915173,1742.4210288369995
6280,12861440,2.588761329650879,,,0.0002779147110304762,1744.8395987269996
6290,12881920,2.478692054748535,,,0.00027783874556947723,1747.4396032120003
6300,12902400,2.7549049854278564,2.4268189430236817,11.32280623899187,0.00027776266136609484,1751.836762717001
6310,12922880,2.325737714767456,,,0.00027768645850039387,1754.245843779001
6320,12943360,2.932948112487793,,,0.0002776101370525641,1756.8238335260012
6330,12963840,2.5191051959991455,,,0.00027753369710292,1759.3162026770005
6340,12984320,2.487090587615967,,,0.0002774571387319008,1761.7461051360006
6350,13004800,2.360431671142578,,,0.0002773804620200704,1764.2606656219996
6360,13025280,2.3329505920410156,,,0.00027730366704811717,1766.669718385001
6370,13045760,2.672276496887207,,,0.0002772267538968539,1769.072845300001
6380,13066240,2.3049254417419434,,,0.0002771497226472178,1771.4632962489995
6390,13086720,2.3875579833984375,,,0.00027707257338027035,1774.008929533
6400,13107200,2.59666109085083,2.418419086933136,11.228094634850148,0.0002769953061771972,1778.487238920001
6410,13127680,2.2922630310058594,,,0.00027691792111930806,1780.8911835479994
6420,13148160,2.4612960815429688,,,0.00027684041828803684,1783.577022933001
6430,13168640,2.4386582374572754,,,0.00027676279776494113,1786.117597298
6440,13189120,2.7121667861938477,,,0.0002766850596317026,1788.6985900060008
6450,13209600,2.815197467803955,,,0.0002766072039701265,1791.244389200001
6460,13230080,2.38320255279541,,,0.00027652923086214187,1793.5836157310005
6470,13250560,2.497316360473633,,,0.0002764511403898014,1796.023516610001
6480,13271040,2.5481090545654297,,,0.00027637293263528106,1798.3205453310002
6490,13291520,2.294788122177124,,,0.00027629460768088045,1800.6858019789997
6500,13312000,2.5371575355529785,2.408441197872162,11.1166190227213,0.0002762161656090224,1805.0406666750005
6510,13332480,2.4738354682922363,,,0.000276137606502253,1809.4500608390008
6520,13352960,2.148667812347412,,,0.0002760589304432416,1812.13766708
6530,13373440,2.2607176303863525,,,0.00027598013751478043,1814.7765804150004
6540,13393920,2.5265865325927734,,,0.0002759012277997848,1817.0949515850007
6550,13414400,2.4518203735351562,,,0.000275822201381293,1819.4731170409996
6560,13434880,2.442570447921753,,,0.00027574305834246606,1822.010520490001
6570,13455360,2.6047580242156982,,,0.0002756637987665876,1824.6803219859994
6580,13475840,2.3257179260253906,,,0.0002755844227370641,1827.4947420980006
6590,13496320,2.3581457138061523,,,0.00027550493033742443,1830.2052120379994
6600,13516800,2.642829418182373,2.3951792240142824,10.970163999732637,0.00027542532165132004,1834.7518808040004
6610,13537280,2.250415325164795,,,0.00027534559676252457,1837.1236691020003
6620,13557760,2.425513505935669,,,0.00027526575575493423,1839.4411126800005
6630,13578240,2.681258201599121,,,0.00027518579871256706,1841.777491750001
6640,13598720,2.311835765838623,,,0.0002751057257195635,1844.2278458279998
6650,13619200,2.4001505374908447,,,0.0002750255368601859,1846.7582063360005
6660,13639680,2.5832266807556152,,,0.00027494523221881847,1849.1417923009994
6670,13660160,2.438549518585205,,,0.00027486481187996743,1851.7954407460002
6680,13680640,2.5159153938293457,,,0.0002747842759282605,1854.3650157020002
6690,13701120,2.476309299468994,,,0.0002747036244484474,1857.4922583850002
6700,13721600,2.2796413898468018,2.387607717514038,10.887416986780824,0.00027462285752539913,1862.1256180060009
6710,13742080,2.330598831176758,,,0.0002745419752441083,1864.627985182
6720,13762560,2.1436710357666016,,,0.00027446097768968884,1867.1534830870005
6730,13783040,2.5238358974456787,,,0.00027437986494737614,1869.8610413660008
6740,13803520,2.6050355434417725,,,0.0002742986371025266,1872.551719389001
6750,13824000,2.5509748458862305,,,0.00027421729424061787,1875.1291209259998
6760,13844480,2.543555498123169,,,0.00027413583644724865,1877.9078837529996
6770,13864960,2.594895362854004,,,0.0002740542638081385,1880.398841225
6780,13885440,2.6701161861419678,,,0.0002739725764091279,1882.8490850630005
6790,13905920,2.3112645149230957,,,0.00027389077433617807,1885.4515039279995
6800,13926400,2.4727916717529297,2.3797435998916625,10.802132840798661,0.0002738088576753709,1889.933518877
6810,13946880,2.5658445358276367,,,0.0002737268265129088,1892.9587179210012
6820,13967360,2.47005295753479,,,0.00027364468093511485,1895.6281247120005
6830,13987840,2.4304356575012207,,,0.0002735624210284324,1898.158936068001
6840,14008320,2.662353277206421,,,0.00027348004687942514,1900.733392188
6850,14028800,2.502755641937256,,,0.0002733975585747769,1903.161867678
6860,14049280,2.572770357131958,,,0.0002733149562012918,1905.6561578500005
6870,14069760,2.1375930309295654,,,0.00027323223984589384,1908.3624127870007
6880,14090240,2.665015459060669,,,0.0002731494095956271,1910.841390376001
6890,14110720,2.1127736568450928,,,0.00027306646553765533,1913.3601609230009
6900,14131200,2.250300407409668,2.3694097638130187,10.69108015908419,0.00027298340775926225,1918.0015304219996
6910,14151680,2.42071533203125,,,0.00027290023634785114,1920.8013771980004
6920,14172160,2.1800622940063477,,,0.0002728169513909449,1923.4334748679994
6930,14192640,2.4906368255615234,,,0.00027273355297618583,1925.9377234780004
6940,14213120,2.3575210571289062,,,0.00027265004119133576,1928.4234262850005
6950,14233600,2.6872100830078125,,,0.00027256641612427574,1931.0439054800008
6960,14254080,2.4306373596191406,,,0.000272482677863006,1933.6643334420005
6970,14274560,2.556957721710205,,,0.00027239882649564593,1936.2972114780005
6980,14295040,2.690828800201416,,,0.0002723148621104339,1938.794765515
6990,14315520,2.395153760910034,,,0.00027223078479572736,1941.4248477670008
7000,14336000,2.489532947540283,2.3632620692253115,10.625556280219314,0.00027214659464000235,1946.05020383
7010,14356480,2.2512307167053223,,,0.0002720622917318539,1950.3513562450007
7020,14376960,2.4109561443328857,,,0.00027197787615999554,1952.7165129710006
7030,14397440,2.2408859729766846,,,0.00027189334801325937,1954.9781272510008
7040,14417920,2.2474710941314697,,,0.00027180870738059606,1957.6111876650007
7050,14438400,2.406736373901367,,,0.00027172395435107454,1960.1229891940006
7060,14458880,2.5122766494750977,,,0.00027163908901388205,1962.6563313610004
7070,14479360,2.346304416656494,,,0.000271554111458324,1965.0750783950007
7080,14499840,2.337456703186035,,,0.00027146902177382383,1967.6100905610006
7090,14520320,2.4431915283203125,,,0.00027138382004992324,1970.0068048140006
7100,14540800,2.4590282440185547,2.3525054097175597,10.511873309879844,0.00027129850637628157,1974.7119543700005
7110,14561280,2.531078338623047,,,0.000271213080842676,1977.1388926630007
7120,14581760,2.5686545372009277,,,0.0002711275435390015,1979.8643308690007
7130,14602240,2.3940134048461914,,,0.00027104189455527054,1982.2663998130006
7140,14622720,2.400789260864258,,,0.00027095613398161333,1985.0561674270007
7150,14643200,2.4026167392730713,,,0.0002708702619082773,1987.4881671530006
7160,14663680,2.1709675788879395,,,0.0002707842784256272,1989.9683782960005
7170,14684160,2.339141368865967,,,0.0002706981836241453,1992.4600921740007
7180,14704640,2.2497334480285645,,,0.00027061197759443057,1995.0271391140004
7190,14725120,2.321065902709961,,,0.0002705256604271995,1997.5406598430009
7200,14745600,2.4748501777648926,2.3451975345611573,10.435333863064633,0.0002704392322132852,2002.0789388290004
7210,14766080,2.499117136001587,,,0.00027035269304363774,2004.6448300850006
7220,14786560,2.186575412750244,,,0.000270266043009324,2007.179916178001
7230,14807040,2.4148683547973633,,,0.00027017928220152745,2009.9561282280006
7240,14827520,2.500786542892456,,,0.00027009241071154815,2012.3820781580007
7250,14848000,2.409740447998047,,,0.0002700054286308026,2014.953662590001
7260,14868480,2.1196305751800537,,,0.00026991833605082385,2017.4341279010005
7270,14888960,2.1641416549682617,,,0.00026983113306326093,2019.9798608700007
7280,14909440,2.2241809368133545,,,0.00026974381975987936,2022.7055303220004
7290,14929920,2.3418612480163574,,,0.00026965639623256055,2025.2102605950004
7300,14950400,2.4305198192596436,2.3391273975372315,10.372181821310004,0.00026956886257330193,2030.0003554660007
7310,14970880,2.52724552154541,,,0.00026948121887421695,2032.3447264210008
7320,14991360,2.413224697113037,,,0.00026939346522753465,2034.8472311450005
7330,15011840,2.506368637084961,,,0.00026930560172559997,2037.1559193080006
7340,15032320,2.2570652961730957,,,0.0002692176284608733,2039.565460449001
7350,15052800,2.3800389766693115,,,0.00026912954552593064,2041.9411291160004
7360,15073280,2.288492441177368,,,0.0002690413530134633,2044.2391693610007
7370,15093760,2.4372425079345703,,,0.00026895305101627806,2046.8190171750007
7380,15114240,2.486429452896118,,,0.0002688646396272967,2049.4643722340006
7390,15134720,2.4611172676086426,,,0.0002687761189395563,2051.7858615230007
7400,15155200,2.388791799545288,2.3308579444885256,10.28676322005287,0.0002686874890462089,2056.4814847020007
7410,15175680,2.6119656562805176,,,0.00026859875004052133,2058.9603397340006
7420,15196160,2.3119969367980957,,,0.0002685099020158755,2061.246925290001
7430,15216640,2.393747091293335,,,0.00026842094506576773,2063.6607988450005
7440,15237120,2.3502025604248047,,,0.0002683318792838093,2066.126937786001
7450,15257600,2.269143581390381,,,0.00026824270476372576,2068.449985540001
7460,15278080,2.4394850730895996,,,0.00026815342159935713,2070.7568706110005
7470,15298560,2.1870222091674805,,,0.0002680640298846579,2072.9907670600005
7480,15319040,2.3176722526550293,,,0.00026797452971369666,2075.417880954001
7490,15339520,2.500852584838867,,,0.00026788492118065614,2077.8080382980006
7500,15360000,2.1184873580932617,2.3246517896652223,10.223119670017422,0.00026779520437983313,2082.2305105830005
7510,15380480,2.4087886810302734,,,0.00026770537940563833,2086.5908223410006
7520,15400960,2.360353469848633,,,0.00026761544635259634,2088.9329490190007
7530,15421440,2.2631845474243164,,,0.00026752540531534537,2091.2173244350006
7540,15441920,2.1648201942443848,,,0.0002674352563886374,2093.664845634001
7550,15462400,2.2987942695617676,,,0.0002673449996673378,2096.2758427960007
7560,15482880,2.3491592407226562,,,0.0002672546352464256,2098.7246313020005
7570,15503360,2.3292815685272217,,,0.0002671641632209929,2101.346392900001
7580,15523840,2.4100546836853027,,,0.0002670735836862452,2103.745851144001
7590,15544320,2.388490676879883,,,0.000266982896737501,2106.1502305430004
7600,15564800,2.3112285137176514,2.319826376438141,10.173907722620692,0.00026689210247019207,2110.8374020370006
7610,15585280,2.4238691329956055,,,0.0002668012009798629,2113.2076586160006
7620,15605760,2.3624677658081055,,,0.0002667101923621708,2115.8119675580006
7630,15626240,2.641946315765381,,,0.000266619076712886,2118.4632500730004
7640,15646720,2.308098554611206,,,0.00026652785412789115,2120.9034529760006
7650,15667200,2.8846046924591064,,,0.00026643652470318167,2123.4117373970007
7660,15687680,2.211751699447632,,,0.0002663450885348651,2125.7595002570006
7670,15708160,2.1476423740386963,,,0.00026625354571916163,2128.0269252630005
7680,15728640,2.2248306274414062,,,0.0002661618963524035,2130.6270796150006
7690,15749120,2.497260093688965,,,0.000266070140531035,2133.1394649940007
7700,15769600,2.551365852355957,2.3118004202842712,10.0925791915087,0.0002659782783516126,2137.6480759820006
7710,15790080,2.7248711585998535,,,0.00026588630991080466,2140.165813918001
7720,15810560,2.6045663356781006,,,0.0002657942353053914,2142.7840801380007
7730,15831040,2.252495288848877,,,0.00026570205463226457,2145.2841265510006
7740,15851520,2.473484516143799,,,0.0002656097679884277,2147.641139628001
7750,15872000,2.491670846939087,,,0.00026551737547099593,2150.275864577001
7760,15892480,2.548783302307129,,,0.0002654248771771955,2152.8531441310006
7770,15912960,2.2941253185272217,,,0.00026533227320436426,2155.4071188530006
7780,15933440,2.327808380126953,,,0.0002652395636499511,2157.785818415001
7790,15953920,2.3498785495758057,,,0.00026514674861151616,2160.2805621110006
7800,15974400,2.4305455684661865,2.2995869398117064,9.970063367905833,0.00026505382818673036,2164.6718254980005
7810,15994880,2.4147324562072754,,,0.00026496080247337574,2167.2059719040008
7820,16015360,2.3955860137939453,,,0.000264867671569345,2169.6712201400005
7830,16035840,2.379075050354004,,,0.0002647744355726416,2172.143770996001
7840,16056320,2.122016191482544,,,0.0002646810945813796,2174.6475791880007
7850,16076800,2.5179405212402344,,,0.00026458764869378347,2177.1897961170007
7860,16097280,2.3748178482055664,,,0.0002644940980081882,2179.719389756001
7870,16117760,2.318967819213867,,,0.00026440044262303884,2182.3705661800004
7880,16138240,2.7079434394836426,,,0.0002643066826368909,2184.8530853100006
7890,16158720,2.3509416580200195,,,0.0002642128181484097,2187.3867190650008
7900,16179200,2.5872507095336914,2.293886685371399,9.913393140728088,0.0002641188492563707,2192.2541242450006
7910,16199680,2.320377826690674,,,0.00026402477605965926,2194.7343680120007
7920,16220160,2.137617349624634,,,0.00026393059865727024,2197.1162338690006
7930,16240640,2.6014814376831055,,,0.00026383631714830847,2199.5541211580007
7940,16261120,2.4675350189208984,,,0.0002637419316319881,2202.182982108001
7950,16281600,2.525017738342285,,,0.0002636474422076329,2204.4955373530006
7960,16302080,2.2081410884857178,,,0.0002635528489746759,2206.988673199001
7970,16322560,2.1313700675964355,,,0.00026345815203265935,2209.3728059180007
7980,16343040,2.117769479751587,,,0.00026336335148123465,2212.036886283001
7990,16363520,2.430264472961426,,,0.0002632684474201623,2214.5154423920003
8000,16384000,2.4567184448242188,2.2883232712745665,9.858393963040946,0.0002631734399493116,2219.1498498690007
8010,16404480,2.573936939239502,,,0.00026307832916866084,2224.9351253820005
8020,16424960,2.1967267990112305,,,0.00026298311517829686,2227.3260622380003
8030,16445440,2.1124625205993652,,,0.00026288779807841515,2229.8555468650006
8040,16465920,2.544893741607666,,,0.0002627923779693197,2232.371637923001
8050,16486400,2.3617148399353027,,,0.00026269685495142306,2234.9744500410006
8060,16506880,2.4341325759887695,,,0.0002626012291252459,2237.441670919001
8070,16527360,2.392591953277588,,,0.000262505500591417,2239.8766943240007
8080,16547840,2.3351962566375732,,,0.00026240966945067346,2242.600020297001
8090,16568320,2.1191177368164062,,,0.00026231373580386024,2245.1872869810004
8100,16588800,2.316420316696167,2.2812851548194883,9.789253034630244,0.00026221769975193004,2249.8777323070008
8110,16609280,2.4573049545288086,,,0.0002621215613959436,2252.296913784001
8120,16629760,2.336702823638916,,,0.00026202532083706903,2254.8258186840003
8130,16650240,2.1915483474731445,,,0.0002619289781765822,2257.351771107001
8140,16670720,2.325247287750244,,,0.0002618325335158663,2259.9549562290003
8150,16691200,2.210562229156494,,,0.0002617359869564119,2262.3305401670004
8160,16711680,2.2578859329223633,,,0.0002616393385998169,2264.793345690001
8170,16732160,2.294187545776367,,,0.0002615425885477861,2267.381939856001
8180,16752640,2.219510078430176,,,0.0002614457369021315,2269.9985279390007
8190,16773120,2.2336602210998535,,,0.00026134878376477195,2272.4678792430004
8200,16793600,2.253833770751953,2.277234447002411,9.749679834685214,0.00026125172923773313,2277.2358537280006
8210,16814080,2.3299639225006104,,,0.0002611545734231473,2279.7617767410006
8220,16834560,2.326751232147217,,,0.00026105731642325346,2282.6137627670005
8230,16855040,2.3621931076049805,,,0.00026095995834039706,2285.374665550001
8240,16875520,2.425445318222046,,,0.00026086249927702976,2287.7032709290006
8250,16896000,2.2354016304016113,,,0.0002607649393357098,2290.194876431001
8260,16916480,2.327627658843994,,,0.0002606672786191011,2292.4988851710004
8270,16936960,2.2811875343322754,,,0.0002605695172299742,2295.0245869580003
8280,16957440,2.404010772705078,,,0.00026047165527120516,2297.4742188830005
8290,16977920,2.477574586868286,,,0.00026037369284577597,2299.9228254330005
8300,16998400,2.0433788299560547,2.26751389503479,9.655366695698236,0.0002602756300567744,2304.588802194001
8310,17018880,2.571868419647217,,,0.0002601774670073939,2306.9864376020005
8320,17039360,2.278658628463745,,,0.0002600792038009332,2309.4527564220007
8330,17059840,2.086979389190674,,,0.0002599808405407967,2311.945766158001
8340,17080320,2.3757174015045166,,,0.0002598823773304938,2314.482757582001
8350,17100800,2.4873156547546387,,,0.0002597838142736393,2317.1027800020006
8360,17121280,2.370316743850708,,,0.00025968515147395307,2319.450589348001
8370,17141760,2.3268048763275146,,,0.0002595863890352598,2322.0975280470007
8380,17162240,2.397648811340332,,,0.0002594875270614891,2324.6376891360005
8390,17182720,2.1723086833953857,,,0.0002593885656566753,2327.0224088390005
8400,17203200,2.248124122619629,2.258834409713745,9.571925718386666,0.0002592895049249575,2331.4689839080006
8410,17223680,2.4825196266174316,,,0.00025919034497057914,2333.7914894720006
8420,17244160,2.2956035137176514,,,0.0002590910858978881,2336.1776118730004
8430,17264640,2.300461769104004,,,0.0002589917278113367,2338.6343741630008
8440,17285120,2.1172547340393066,,,0.0002588922708154814,2341.1208137050007
8450,17305600,2.071037769317627,,,0.0002587927150149826,2343.5568232410005
8460,17326080,2.1424765586853027,,,0.0002586930605146048,2345.8988394690004
8470,17346560,2.431403875350952,,,0.00025859330741921644,2348.4516720910005
8480,17367040,2.6371448040008545,,,0.00025849345583378954,2351.0249288650007
8490,17387520,2.0221657752990723,,,0.0002583935058633999,2354.014177872001
8500,17408000,2.279700994491577,2.2526098012924196,9.512529280515219,0.0002582934576132267,2358.468283917001
8510,17428480,2.3057899475097656,,,0.0002581933111885527,2362.7393930970006
8520,17448960,2.1603856086730957,,,0.00025809306669476395,2365.2313541680005
8530,17469440,2.389195680618286,,,0.0002579927242373497,2367.8176118360007
8540,17489920,2.3216466903686523,,,0.00025789228392190207,2370.2366585780005
8550,17510400,2.3184399604797363,,,0.0002577917458541165,2372.6054287550005
8560,17530880,2.1342356204986572,,,0.00025769111013979095,2375.037930941001
8570,17551360,2.073589324951172,,,0.0002575903768848266,2377.531748120001
8580,17571840,2.220299243927002,,,0.00025748954619522676,2379.9467566890007
8590,17592320,2.0476884841918945,,,0.00025738861817709756,2382.5695740680003
8600,17612800,2.22537899017334,2.249859428405762,9.486402223942505,0.0002572875929366475,2387.0417425670007
8610,17633280,2.198193073272705,,,0.00025718647058018746,2389.7147221320006
8620,17653760,2.2884597778320312,,,0.0002570852512141304,2392.2885678900006
8630,17674240,1.9969325065612793,,,0.00025698393494499134,2394.9149533770005
8640,17694720,2.0214359760284424,,,0.00025688252187938736,2397.3038457020007
8650,17715200,2.321244716644287,,,0.00025678101212403743,2399.5990501630004
8660,17735680,2.1954448223114014,,,0.00025667940578576225,2401.933499150001
8670,17756160,2.366851329803467,,,0.00025657770297148405,2404.2919585520003
8680,17776640,2.0698578357696533,,,0.00025647590378822664,2406.8055976650007
8690,17797120,2.31699800491333,,,0.00025637400834311534,2409.5188236940007
8700,17817600,2.0917608737945557,2.2380863904953,9.375373307171232,0.00025627201674337664,2414.0329167670006
8710,17838080,2.3207507133483887,,,0.00025616992909633827,2416.4526700050005
8720,17858560,2.073028564453125,,,0.000256067745509429,2418.8386520350005
8730,17879040,2.3691678047180176,,,0.0002559654660901787,2421.401685250001
8740,17899520,2.337954044342041,,,0.0002558630909462178,2423.936693525001
8750,17920000,2.452889919281006,,,0.00025576062018527776,2426.369966671001
8760,17940480,2.23520827293396,,,0.0002556580539151904,2428.965836030001
8770,17960960,2.2780282497406006,,,0.0002555553922438884,2431.3216382010005
8780,17981440,2.2257397174835205,,,0.0002554526352794044,2433.735027883001
8790,18001920,2.264111042022705,,,0.00025534978312987164,2436.3128939480007
8800,18022400,2.0470237731933594,2.2333967328071593,9.331508950462869,0.0002552468359035234,2440.966435937001
8810,18042880,2.4635589122772217,,,0.00025514379370869306,2443.3512505220006
8820,18063360,2.2219250202178955,,,0.0002550406566538138,2446.2250976080004
8830,18083840,2.3119449615478516,,,0.0002549374248474188,2448.6157683020006
8840,18104320,2.246586799621582,,,0.0002548340983981409,2450.9936839860006
8850,18124800,2.2738966941833496,,,0.00025473067741471243,2453.4391075990006
8860,18145280,2.071847438812256,,,0.00025462716200596534,2456.0706713230006
8870,18165760,2.4069831371307373,,,0.00025452355228083087,2458.6090828060005
8880,18186240,2.444124698638916,,,0.0002544198483483396,2461.0391123300005
8890,18206720,2.405496597290039,,,0.00025431605031762104,2463.8354227620007
8900,18227200,2.366057872772217,2.231941032409668,9.317934951409407,0.00025421215829790394,2468.2385275280003
8910,18247680,2.372180461883545,,,0.0002541081723985159,2470.8221455270004
8920,18268160,2.086987257003784,,,0.00025400409272888317,2473.2458717560007
8930,18288640,2.0485620498657227,,,0.00025389991939853086,2475.6706164140005
8940,18309120,2.5190045833587646,,,0.0002537956525170826,2478.0703485160006
8950,18329600,2.2890429496765137,,,0.0002536912921942604,2480.3945212830004
8960,18350080,2.400059461593628,,,0.0002535868385398846,2482.6509065640007
8970,18370560,2.5636894702911377,,,0.0002534822916638739,2485.2359572880005
8980,18391040,2.1527814865112305,,,0.00025337765167624486,2487.5518922000006
8990,18411520,2.366034984588623,,,0.00025327291868711225,2489.9400327920007
9000,18432000,2.3274004459381104,2.2231202960014342,9.236105332647467,0.0002531680928066885,2494.3742952310004
9010,18452480,2.290219306945801,,,0.00025306317414528406,2501.7043757500005
9020,18472960,2.3265135288238525,,,0.00025295816281330674,2503.9876925910007
9030,18493440,2.2844722270965576,,,0.000252853058921262,2506.4624032460006
9040,18513920,2.259411334991455,,,0.00025274786257975274,2509.0034945500006
9050,18534400,2.278346300125122,,,0.000252642573899479,2511.502852787001
9060,18554880,2.066419839859009,,,0.00025253719299123817,2514.2195981120003
9070,18575360,2.1578993797302246,,,0.00025243171996592456,2516.7641387130006
9080,18595840,2.1948182582855225,,,0.00025232615493452954,2519.1789897070007
9090,18616320,2.137789011001587,,,0.0002522204980081411,2521.5775883870006
9100,18636800,2.165146589279175,2.2170501232147215,9.180210394996688,0.00025211474929794417,2526.0549735940003
9110,18657280,1.890005111694336,,,0.0002520089089152201,2528.3652070210005
9120,18677760,2.3144614696502686,,,0.00025190297697134673,2530.8312023860008
9130,18698240,2.4078428745269775,,,0.00025179695357779836,2533.5826315020004
9140,18718720,1.9955593347549438,,,0.00025169083884614543,2536.0029238100005
9150,18739200,2.1391711235046387,,,0.0002515846328880545,2538.3457792110007
9160,18759680,2.2325382232666016,,,0.00025147833581528814,2540.9000729290005
9170,18780160,2.2519924640655518,,,0.00025137194773970477,2543.3931106850005
9180,18800640,2.523987054824829,,,0.00025126546877325863,2545.7444754950006
9190,18821120,2.531062126159668,,,0.0002511588990279996,2548.0941021010003
9200,18841600,2.2473297119140625,2.2092371821403503,9.108765413275005,0.00025105223861607306,2552.740844086001
9210,18862080,2.162889003753662,,,0.0002509454876497199,2555.242868796001
9220,18882560,2.7130157947540283,,,0.00025083864624127607,2557.650323584001
9230,18903040,2.3200385570526123,,,0.0002507317145031729,2559.963357998001
9240,18923520,2.2353179454803467,,,0.0002506246925479368,2562.3547502790007
9250,18944000,2.476895332336426,,,0.00025051758048818894,2564.9020240070004
9260,18964480,2.2820489406585693,,,0.00025041037843664537,2567.3271297970005
9270,18984960,2.2173256874084473,,,0.000250303086506117,2569.5961592740005
9280,19005440,2.3811044692993164,,,0.000250195704809509,2571.9470922030005
9290,19025920,2.3138091564178467,,,0.00025008823345982144,2574.2622092990005
9300,19046400,2.3023579120635986,2.2062462687492372,9.081562585753204,0.0002499806725701483,2579.0881004760004
9310,19066880,2.2716197967529297,,,0.000249873022253678,2581.4218705520007
9320,19087360,2.3861231803894043,,,0.00024976528262369316,2583.6468517890007
9330,19107840,2.0016705989837646,,,0.0002496574537935702,2585.9079758870007
9340,19128320,2.17143177986145,,,0.00024954953587677937,2588.2249963410004
9350,19148800,2.076270341873169,,,0.0002494415289868849,2590.7035902580005
9360,19169280,2.324397087097168,,,0.00024933343323754444,2593.080256583001
9370,19189760,2.1347994804382324,,,0.00024922524874250934,2595.4374680520004
9380,19210240,2.3177337646484375,,,0.00024911697561562406,2597.962857726001
9390,19230720,2.244040012359619,,,0.0002490086139708266,2600.263615463001
9400,19251200,2.239919424057007,2.197674298286438,9.004048398808614,0.000248900163922148,2604.884325647001
9410,19271680,2.2174577713012695,,,0.0002487916255837124,2607.347670270001
9420,19292160,2.4091005325317383,,,0.00024868299906973657,2609.9598135340007
9430,19312640,2.051729679107666,,,0.00024857428449453047,2612.2376647800006
9440,19333120,2.455897808074951,,,0.0002484654819724965,2614.481972265001
9450,19353600,2.1220269203186035,,,0.0002483565916181296,2616.8326547860006
9460,19374080,2.0563888549804688,,,0.0002482476135460172,2619.2861927140007
9470,19394560,2.303161859512329,,,0.0002481385478708391,2621.8266836060006
9480,19415040,2.2481470108032227,,,0.00024802939470736714,2624.181788856001
9490,19435520,2.1953325271606445,,,0.0002479201541704653,2626.5859496990006
9500,19456000,2.2275843620300293,2.1996269166469573,9.02164704515957,0.00024781082637508945,2630.3081027070007
9510,19476480,2.1815567016601562,,,0.00024770141143628746,2634.9730273330006
9520,19496960,2.4687647819519043,,,0.00024759190946919865,2637.3408673910008
9530,19517440,2.32441782951355,,,0.0002474823205890541,2639.8933288360004
9540,19537920,2.215414047241211,,,0.0002473726449111763,2642.4251670220006
9550,19558400,2.358635187149048,,,0.00024726288255097907,2644.8507105600006
9560,19578880,2.2725424766540527,,,0.00024715303362396744,2647.1932356830007
9570,19599360,2.2099342346191406,,,0.0002470430982457376,2649.8982950770005
9580,19619840,2.193164348602295,,,0.0002469330765319766,2652.632500662001
9590,19640320,2.364300012588501,,,0.0002468229685984625,2655.2748312640006
9600,19660800,2.070514678955078,2.185041385889053,8.891016508380032,0.0002467127745610639,2659.9238585430007
9610,19681280,2.4947829246520996,,,0.0002466024945357401,2662.3802149080007
9620,19701760,2.2090959548950195,,,0.00024649212863854097,2665.2422901810005
9630,19722240,2.2169857025146484,,,0.00024638167698560657,2667.8875071230004
9640,19742720,2.1701619625091553,,,0.00024627113969316746,2670.3417287500006
9650,19763200,2.028682231903076,,,0.00024616051687754395,2672.768779481001
9660,19783680,2.132631301879883,,,0.0002460498086551468,2675.1128019960006
9670,19804160,2.092127561569214,,,0.00024593901514247617,2677.8623604900004
9680,19824640,2.7325022220611572,,,0.0002458281364561223,2680.3850968920005
9690,19845120,2.1565635204315186,,,0.00024571717271276505,2682.652986446001
9700,19865600,2.304932117462158,2.1789125859737397,8.836691889561886,0.00024560612402917353,2686.9618393890005
9710,19886080,2.0700111389160156,,,0.00024549499052220654,2689.3765751810006
9720,19906560,2.570241928100586,,,0.000245383772308812,2691.8136946240006
9730,19927040,2.11269211769104,,,0.00024527246950602693,2694.1609079190007
9740,19947520,2.225371837615967,,,0.00024516108223097743,2696.6088747150006
9750,19968000,2.138615369796753,,,0.00024504961060087846,2699.0754948990007
9760,19988480,2.1609528064727783,,,0.00024493805473303374,2701.6168341310004
9770,20008960,2.29093337059021,,,0.0002448264147448357,2704.2110424990005
9780,20029440,2.311244249343872,,,0.00024471469075376526,2706.7383824090007
9790,20049920,1.949092984199524,,,0.0002446028828773917,2709.276397062001
9800,20070400,2.236626148223877,2.174890911579132,8.801224958084786,0.0002444909912333726,2714.0909118170007
9810,20090880,2.2808690071105957,,,0.00024437901593945367,2716.4437440950005
9820,20111360,2.1749491691589355,,,0.00024426695711346876,2719.2226380190004
9830,20131840,2.107227087020874,,,0.0002441548148733394,2721.7674067560006
9840,20152320,2.087315082550049,,,0.00024404258933707505,2724.245635747001
9850,20172800,2.212287425994873,,,0.00024393028062277288,2726.8916826340005
9860,20193280,2.208883285522461,,,0.0002438178888486175,2729.4780641910006
9870,20213760,2.567653179168701,,,0.00024370541413288083,2732.0187940340006
9880,20234240,2.250437021255493,,,0.00024359285659392228,2734.5252606040003
9890,20254720,2.190241813659668,,,0.0002434802163501883,2737.415968460001
9900,20275200,2.164825201034546,2.170295959711075,8.760876523571355,0.0002433674935202124,2741.9969683160007
9910,20295680,2.0963497161865234,,,0.00024325468822261487,2744.301816456001
9920,20316160,2.2561135292053223,,,0.00024314180057610305,2746.5918460640005
9930,20336640,2.1339945793151855,,,0.00024302883069947072,2749.012245117001
9940,20357120,2.113743305206299,,,0.0002429157787115982,2751.5932190860003
9950,20377600,2.288938522338867,,,0.0002428026447314524,2753.936191062001
9960,20398080,2.3887460231781006,,,0.0002426894288780862,2756.4506544270007
9970,20418560,2.1992604732513428,,,0.000242576131270639,2758.9803656050008
9980,20439040,2.1814522743225098,,,0.00024246275202833596,2761.2821862000005
9990,20459520,2.3303122520446777,,,0.00024234929127048827,2763.8416424520005
10000,20480000,2.2709736824035645,2.1645839691162108,8.710977127378369,0.00024223574911649286,2768.7029792850008
10010,20500480,2.2753849029541016,,,0.00024212212568583232,2773.9748095670006
10020,20520960,2.4013123512268066,,,0.00024200842109807475,2776.2898729440003
10030,20541440,2.1230549812316895,,,0.00024189463547287374,2778.6871708730005
10040,20561920,2.047714948654175,,,0.00024178076892996802,2781.227868514001
10050,20582400,2.2559328079223633,,,0.0002416668215891816,2783.8660489170006
10060,20602880,2.4723238945007324,,,0.00024155279357042343,2786.3640154330005
10070,20623360,2.441591262817383,,,0.00024143868499368738,2788.9037116980007
10080,20643840,2.2311739921569824,,,0.0002413244959790521,2791.4601593840007
10090,20664320,1.9185905456542969,,,0.00024121022664668092,2793.914159727001
10100,20684800,2.3642520904541016,2.1594224691390993,8.666131254682071,0.00024109587711682167,2798.5292030670007
10110,20705280,2.2742092609405518,,,0.0002409814475098065,2800.8709891150006
10120,20725760,2.1597189903259277,,,0.00024086693794605197,2803.2495220150004
10130,20746240,2.3931102752685547,,,0.00024075234854605858,2805.6140395940006
10140,20766720,2.256009817123413,,,0.00024063767943041108,2807.9144466030007
10150,20787200,2.029344081878662,,,0.0002405229307197779,2810.229403851001
10160,20807680,2.1171791553497314,,,0.0002404081025349114,2812.758838664001
10170,20828160,2.217020034790039,,,0.00024029319499664737,2815.0951549090005
10180,20848640,2.202615737915039,,,0.00024017820822590534,2817.5543837060004
10190,20869120,2.186953067779541,,,0.00024006314234368802,2819.9129610320006
10200,20889600,2.204002857208252,2.1549505949020387,8.62746392773884,0.00023994799747108155,2824.318178394001
10210,20910080,2.2072319984436035,,,0.000239832773729255,2826.9125051790006
10220,20930560,2.2725439071655273,,,0.00023971747123946056,2829.4032893090007
10230,20951040,2.197826862335205,,,0.00023960209012303325,2831.7367994730007
10240,20971520,2.171037197113037,,,0.0002394866305013909,2834.463976391001
10250,20992000,2.1454520225524902,,,0.0002393710924960338,2836.8637768500007
10260,21012480,2.0732717514038086,,,0.0002392554762285449,2839.3973850520006
10270,21032960,2.2154126167297363,,,0.0002391397818205893,2842.1190060980007
10280,21053440,2.110682487487793,,,0.00023902400939391464,2844.8978231190003
10290,21073920,2.2919154167175293,,,0.0002389081590703503,2847.2299783970007
10300,21094400,2.35406494140625,2.1511634588241577,8.594852339076834,0.00023879223097180788,2851.6707628450004
10310,21114880,2.1394104957580566,,,0.0002386762252202808,2854.110176188001
10320,21135360,2.171689033508301,,,0.00023856014193784404,2856.5484484320004
10330,21155840,1.936248540878296,,,0.00023844398124665432,2858.8783267810004
10340,21176320,2.3240036964416504,,,0.00023832774326894982,2861.3209779500007
10350,21196800,2.0109505653381348,,,0.0002382114281270499,2863.9866583010007
10360,21217280,1.8638023138046265,,,0.00023809503594335524,2866.5511637300006
10370,21237760,2.1093239784240723,,,0.00023797856684034768,2869.0620667390003
10380,21258240,2.2365612983703613,,,0.0002378620209405898,2871.6662379550007
10390,21278720,1.9589481353759766,,,0.00023774539836672509,2874.2152080670007
10400,21299200,2.3369851112365723,2.1449066519737245,8.54124389182012,0.00023762869924147777,2878.8933966840004
10410,21319680,2.1503920555114746,,,0.00023751192368765258,2881.904508314001
10420,21340160,2.181971549987793,,,0.00023739507182813467,2884.3359880070007
10430,21360640,2.394347667694092,,,0.0002372781437858895,2886.9404394060007
10440,21381120,2.3478779792785645,,,0.00023716113968396267,2889.397682508001
10450,21401600,2.3149147033691406,,,0.00023704405964547986,2892.0276791760007
10460,21422080,2.314143419265747,,,0.0002369269037936467,2894.5198533840007
10470,21442560,1.9495105743408203,,,0.0002368096722517485,2897.2792412200006
10480,21463040,2.0732457637786865,,,0.0002366923651431503,2899.7114275230006
10490,21483520,2.1353020668029785,,,0.00023657498259129655,2902.1527264200004
10500,21504000,2.2480742931365967,2.141899216175079,8.515595236848439,0.00023645752471971126,2906.6542635880005
10510,21524480,1.894744873046875,,,0.00023633999165199754,2911.4415014390006
10520,21544960,2.1472997665405273,,,0.00023622238351183775,2913.938164800001
10530,21565440,2.2587296962738037,,,0.00023610470042299318,2916.442927346001
10540,21585920,2.218808174133301,,,0.00023598694250930401,2919.2238180950008
10550,21606400,2.157618522644043,,,0.00023586910989468915,2921.7980961160006
10560,21626880,2.6118736267089844,,,0.00023575120270314612,2924.3157533680005
10570,21647360,1.9954643249511719,,,0.00023563322105875101,2926.7635970340007
10580,21667840,2.360502243041992,,,0.000235515165085658,2929.2605659930005
10590,21688320,2.025137424468994,,,0.00023539703490809989,2932.0144527000007
10600,21708800,2.1084036827087402,2.1362676918506622,8.467774234088505,0.00023527883065038713,2936.7016931540006
10610,21729280,2.1080799102783203,,,0.0002351605524369084,2939.4607213940008
10620,21749760,2.2985472679138184,,,0.00023504220039213022,2941.9436668950007
10630,21770240,1.968820333480835,,,0.00023492377464059668,2944.5699988630004
10640,21790720,2.0952277183532715,,,0.00023480527530692945,2947.3022685470005
10650,21811200,2.2366647720336914,,,0.0002346867025158277,2949.836351719001
10660,21831680,2.0447235107421875,,,0.00023456805639206774,2952.2810593730005
10670,21852160,2.2520015239715576,,,0.00023444933706050333,2954.8111158230004
10680,21872640,2.1427602767944336,,,0.00023433054464606505,2957.1695577310006
10690,21893120,2.0816831588745117,,,0.0002342116792737604,2959.8535338950005
10700,21913600,2.142638921737671,2.135328710079193,8.459826880231905,0.00023409274106867377,2965.2287992880006
10710,21934080,1.9341692924499512,,,0.00023397373015596608,2967.6153920570005
10720,21954560,2.4816908836364746,,,0.00023385464666087475,2969.9696134100004
10730,21975040,2.016289710998535,,,0.00023373549070871373,2972.667820527001
10740,21995520,2.1886186599731445,,,0.0002336162624248731,2975.3196140780005
10750,22016000,2.0804715156555176,,,0.00023349696193481905,2977.991201115001
10760,22036480,2.2607147693634033,,,0.0002333775893640938,2980.4039312620007
10770,22056960,2.3190340995788574,,,0.0002332581448383154,2982.996911804001
10780,22077440,2.3271360397338867,,,0.0002331386284831776,2985.3904196220005
10790,22097920,2.1616153717041016,,,0.0002330190404244498,2987.6628397390004
10800,22118400,2.3625173568725586,2.122202807664871,8.349509608898362,0.00023289938078797676,2992.2324989580006
10810,22138880,2.100046396255493,,,0.00023277964969967867,2994.5967714500007
10820,22159360,2.189336061477661,,,0.00023265984728555088,2997.0360036850007
10830,22179840,2.3479809761047363,,,0.0002325399736716637,2999.5364704990006
10840,22200320,2.153230667114258,,,0.00023242002898416248,3002.0091499890004
10850,22220800,1.942063331604004,,,0.0002323000133492673,3004.370641953001
10860,22241280,2.29502534866333,,,0.000232179926893273,3006.9334895480006
10870,22261760,2.3452959060668945,,,0.0002320597697425488,3009.9365004870006
10880,22282240,2.1655478477478027,,,0.00023193954202353837,3012.2190178200008
10890,22302720,2.002361297607422,,,0.00023181924386275968,3014.6031414400004
10900,22323200,2.0738449096679688,2.1285776436328887,8.402906380066769,0.00023169887538680478,3018.3074825930007
10910,22343680,1.8606860637664795,,,0.00023157843672233977,3020.6998022380003
10920,22364160,2.2258529663085938,,,0.00023145792799610457,3022.9951902180005
10930,22384640,2.1191859245300293,,,0.0002313373493349128,3025.3520679520007
10940,22405120,1.9487473964691162,,,0.00023121670086565172,3027.6799915290003
10950,22425600,2.228198289871216,,,0.00023109598271528202,3030.2637171400006
10960,22446080,2.193635940551758,,,0.0002309751950108378,3032.579293462001
10970,22466560,2.1958093643188477,,,0.0002308543378794262,3034.9195178660007
10980,22487040,2.11956787109375,,,0.00023073341144822754,3037.4318814170006
10990,22507520,2.3239519596099854,,,0.00023061241584449506,3039.7189618030006
11000,22528000,1.9801981449127197,2.1236067831516268,8.361240348624277,0.0002304913511955547,3043.5217121300007
11010,22548480,2.3559587001800537,,,0.00023037021762880515,3049.088887127001
11020,22568960,2.1473217010498047,,,0.00023024901527171762,3051.4754700340004
11030,22589440,2.072779893875122,,,0.00023012774425183564,3053.9834269940006
11040,22609920,2.2415199279785156,,,0.00023000640469677508,3056.3283493950007
11050,22630400,2.145040273666382,,,0.00022988499673422385,3058.8013654430006
11060,22650880,1.8562676906585693,,,0.00022976352049194193,3061.6990673720006
11070,22671360,2.029994249343872,,,0.00022964197609776107,3063.9939736810006
11080,22691840,2.536684036254883,,,0.0002295203636795848,3066.2583345710004
11090,22712320,2.2237281799316406,,,0.00022939868336538814,3068.7770823410006
11100,22732800,2.154886245727539,2.117670249938965,8.31175061167395,0.0002292769352832177,3073.2067413450004
11110,22753280,2.266263008117676,,,0.00022915511956119133,3075.6356319340007
11120,22773760,2.137619972229004,,,0.000229033236327498,3078.154795605001
11130,22794240,1.8847543001174927,,,0.00022891128571039788,3080.516126779001
11140,22814720,2.632864475250244,,,0.00022878926783822184,3082.9327956860006
11150,22835200,2.610870361328125,,,0.00022866718283937173,3085.4423309550007
11160,22855680,2.1333909034729004,,,0.00022854503084231986,3088.067379619001
11170,22876160,2.0556368827819824,,,0.0002284228119756092,3090.4857627890005
11180,22896640,2.3578999042510986,,,0.00022830052636785292,3093.0693475060007
11190,22917120,2.0682663917541504,,,0.00022817817414773464,3095.7240045170006
11200,22937600,2.1171622276306152,2.113018637895584,8.273177355890049,0.0002280557554440079,3100.203995380001
11210,22958080,2.3663172721862793,,,0.0002279332703854962,3102.7021013010008
11220,22978560,2.3549318313598633,,,0.00022781071910109307,3105.172621415001
11230,22999040,1.975022315979004,,,0.0002276881017197614,3107.8389350430007
11240,23019520,2.1183981895446777,,,0.00022756541837053393,3110.208919063001
11250,23040000,2.2558436393737793,,,0.00022744266918251274,3112.7513404270007
11260,23060480,2.0001766681671143,,,0.00022731985428486908,3115.1806266210006
11270,23080960,1.9930860996246338,,,0.00022719697380684347,3117.6886861930006
11280,23101440,2.3778562545776367,,,0.0002270740278777454,3119.963298664001
11290,23121920,2.157823085784912,,,0.00022695101662695326,3122.6617592420007
11300,23142400,2.046861410140991,2.1089812338352205,8.239842534394638,0.0002268279401839141,3126.9638509530005
11310,23162880,2.1607251167297363,,,0.00022670479867814363,3129.341711699001
11320,23183360,2.3104982376098633,,,0.00022658159223922612,3131.7236614480007
11330,23203840,2.3313486576080322,,,0.00022645832099681397,3134.0212866380007
11340,23224320,1.955751895904541,,,0.00022633498508062795,3136.5246978820005
11350,23244800,2.116192579269409,,,0.00022621158462045676,3138.813248282
11360,23265280,2.0980892181396484,,,0.00022608811974615716,3141.254886640001
11370,23285760,2.1333889961242676,,,0.00022596459058765354,3143.5940891520004
11380,23306240,2.0263540744781494,,,0.00022584099727493802,3145.9192984380006
11390,23326720,2.019407272338867,,,0.00022571733993807027,3148.262999347
11400,23347200,2.0624523162841797,2.101728677749634,8.180298797421194,0.00022559361870717724,3152.880318073001
11410,23367680,2.1938869953155518,,,0.00022546983371245317,3155.4163439250005
11420,23388160,2.319361686706543,,,0.0002253459850841594,3157.961685452001
11430,23408640,2.0518317222595215,,,0.0002252220729526242,3160.340850912
11440,23429120,2.5682597160339355,,,0.00022509809744824275,3162.733279299
11450,23449600,2.209989309310913,,,0.0002249740587014768,3165.0016597600006
11460,23470080,2.2703726291656494,,,0.0002248499568428547,3167.2620745270006
11470,23490560,2.0322365760803223,,,0.0002247257920029713,3169.6724653290003
11480,23511040,2.332822561264038,,,0.00022460156431248758,3172.0257512120006
11490,23531520,2.2343177795410156,,,0.0002244772739021308,3174.4519117340005
11500,23552000,1.8778586387634277,2.100430375337601,8.169685187090147,0.00022435292090269406,3178.604188505001
11510,23572480,2.0720362663269043,,,0.00022422850544503647,3183.0799334210005
11520,23592960,2.1430463790893555,,,0.00022410402766008276,3185.5937393450004
11530,23613440,2.0023105144500732,,,0.00022397948767882337,3187.956519544001
11540,23633920,2.043949604034424,,,0.00022385488563231415,3190.330920960001
11550,23654400,2.1002488136291504,,,0.00022373022165167607,3192.5551544590007
11560,23674880,2.4972589015960693,,,0.00022360549586809562,3194.9890782210005
11570,23695360,2.1131110191345215,,,0.000223480708412824,3197.2947993960006
11580,23715840,2.2983548641204834,,,0.00022335585941717754,3199.970815177001
11590,23736320,1.8257346153259277,,,0.0002232309490125372,3202.4990450880005
11600,23756800,2.025799512863159,2.0965105831623077,8.137724399763727,0.0002231059773303486,3207.0168479740005
11610,23777280,1.9864544868469238,,,0.00022298094450212187,3209.4173071760006
11620,23797760,2.211252212524414,,,0.00022285585065943145,3211.8950242870005
11630,23818240,2.1801693439483643,,,0.00022273069593391597,3214.2277387070008
11640,23838720,2.126605987548828,,,0.0002226054804572782,3216.6524802410004
11650,23859200,2.133026123046875,,,0.00022248020436128478,3218.9772384430007
11660,23879680,2.0549700260162354,,,0.00022235486777776614,3221.4794790100004
11670,23900160,1.969774603843689,,,0.00022222947083861642,3223.8682863900012
11680,23920640,2.340473175048828,,,0.0002221040136757932,3226.2782376490004
11690,23941120,2.1202471256256104,,,0.0002219784964213175,3228.585594182001
11700,23961600,2.254840850830078,2.0886222183704377,8.073783586917434,0.00022185291920727342,3233.3261986390007
11710,23982080,2.030153274536133,,,0.0002217272821658085,3235.6492969830006
11720,24002560,2.2291083335876465,,,0.0002216015854291328,3238.195793832001
11730,24023040,2.1611716747283936,,,0.00022147582912951955,3240.6873332530013
11740,24043520,2.048118829727173,,,0.00022135001339930444,3243.1677408570013
11750,24064000,2.3706612586975098,,,0.00022122413837088583,3245.572365748001
11760,24084480,2.085965633392334,,,0.00022109820417672447,3247.9321303450006
11770,24104960,2.147109031677246,,,0.00022097221094934325,3250.1848314590006
11780,24125440,2.1659862995147705,,,0.00022084615882132734,3252.691565043
11790,24145920,2.2951416969299316,,,0.0002207200479253238,3255.230568379
11800,24166400,2.2437143325805664,2.0844145238399507,8.039882943670703,0.00022059387839404152,3259.925298913
11810,24186880,2.0123560428619385,,,0.00022046765036025118,3262.331585467
11820,24207360,2.3147451877593994,,,0.00022034136395678489,3264.5606459950004
11830,24227840,2.1582884788513184,,,0.00022021501931653636,3267.060192963001
11840,24248320,2.3435144424438477,,,0.00022008861657246044,3269.589358888001
11850,24268800,2.124016284942627,,,0.00021996215585757316,3271.861663666001
11860,24289280,2.0135879516601562,,,0.00021983563730495155,3274.471340434
11870,24309760,2.052804946899414,,,0.00021970906104773358,3276.8919158530007
11880,24330240,2.1561522483825684,,,0.00021958242721911782,3279.1265101470008
11890,24350720,2.1011500358581543,,,0.0002194557359523635,3281.4596149930003
11900,24371200,2.1113967895507812,2.080407905578613,8.007734647830512,0.00021932898738079033,3285.6494852820006
11910,24391680,1.9678064584732056,,,0.00021920218163777816,3288.0681561750007
11920,24412160,2.4243011474609375,,,0.00021907531885676721,3290.691134015
11930,24432640,2.042107105255127,,,0.0002189483991712576,3293.210887250001
11940,24453120,2.455691337585449,,,0.00021882142271480935,3295.58242676
11950,24473600,1.768526554107666,,,0.00021869438962104223,3298.1036963220013
11960,24494080,2.106386423110962,,,0.00021856730002363557,3300.5142085240004
11970,24514560,2.204141139984131,,,0.00021844015405632827,3302.9093964940002
11980,24535040,1.9447531700134277,,,0.0002183129518529185,3305.2420385900004
11990,24555520,2.350327968597412,,,0.00021818569354726348,3307.9770442630006
12000,24576000,2.278712511062622,2.0791437327861786,7.997617883576075,0.00021805837927327964,3312.5100880460004
12010,24596480,2.1007485389709473,,,0.00021793100916494223,3317.0586324060005
12020,24616960,2.225717306137085,,,0.0002178035833562853,3319.341166131
12030,24637440,2.0647010803222656,,,0.00021767610198140139,3321.685114412001
12040,24657920,1.9553346633911133,,,0.0002175485651744417,3323.963327204001
12050,24678400,2.4048051834106445,,,0.00021742097306961562,3326.337378141001
12060,24698880,2.146273136138916,,,0.00021729332580119076,3328.639971093
12070,24719360,2.2246320247650146,,,0.00021716562350349285,3331.0993755540003
12080,24739840,1.9368650913238525,,,0.00021703786631090542,3333.495343869001
12090,24760320,2.470181941986084,,,0.00021691005435786983,3335.8953853740004
12100,24780800,2.0123772621154785,2.076475429534912,7.976306259357653,0.00021678218777888513,3340.9389246600003
12110,24801280,2.2675766944885254,,,0.0002166542667085077,3343.418722034001
12120,24821760,2.129077434539795,,,0.0002165262912813514,3345.838987633
12130,24842240,1.9716296195983887,,,0.00021639826163208717,3348.5615744280003
12140,24862720,1.8430144786834717,,,0.00021627017789544313,3350.969215792001
12150,24883200,2.212476968765259,,,0.00021614204020620426,3353.5075532620012
12160,24903680,2.0078368186950684,,,0.00021601384869921223,3356.0715731340006
12170,24924160,2.0314481258392334,,,0.00021588560350936558,3358.633071452001
12180,24944640,2.2255935668945312,,,0.00021575730477161904,3361.230570918
12190,24965120,2.094364643096924,,,0.00021562895262098393,3364.1523639590005
12200,24985600,2.2257134914398193,2.07396160364151,7.956280395462593,0.0002155005471925277,3368.463221811
12210,25006080,2.1688590049743652,,,0.00021537208862137377,3370.788803196001
12220,25026560,1.9225318431854248,,,0.00021524357704270165,3373.0604710360003
12230,25047040,2.247222423553467,,,0.00021511501259174654,3375.371529668
12240,25067520,2.340057373046875,,,0.00021498639540379924,3377.871670245
12250,25088000,2.133821487426758,,,0.00021485772561420608,3380.7311616450006
12260,25108480,1.8087704181671143,,,0.0002147290033583688,3383.103287396001
12270,25128960,2.122023582458496,,,0.00021460022877174432,3385.5212961860007
12280,25149440,2.021820068359375,,,0.00021447140198984458,3387.8176602230005
12290,25169920,1.9902732372283936,,,0.0002143425231482365,3390.305046696001
12300,25190400,2.062718391418457,2.0676262199878694,7.906033640997921,0.00021421359238254175,3394.7278338680007
12310,25210880,2.1926651000976562,,,0.00021408460982843663,3397.1129680910008
12320,25231360,2.1108391284942627,,,0.00021395557562165206,3399.4271577810005
12330,25251840,2.136522054672241,,,0.00021382648989797315,3401.803313966
12340,25272320,2.1536922454833984,,,0.00021369735279323928,3404.1129523120007
12350,25292800,2.0079283714294434,,,0.00021356816444334392,3406.5261000670007
12360,25313280,2.060227632522583,,,0.00021343892498423448,3408.863103623001
12370,25333760,2.4225687980651855,,,0.0002133096345519121,3411.1619097640005
12380,25354240,2.123941421508789,,,0.00021318029328243159,3413.6525497150005
12390,25374720,2.187741279602051,,,0.0002130509013119013,3416.1645663940008
12400,25395200,1.9706546068191528,2.0661713004112245,7.894539361533708,0.00021292145877648282,3420.5824691820008
12410,25415680,2.0963852405548096,,,0.00021279196581239113,3423.1217417400003
12420,25436160,2.2477893829345703,,,0.00021266242255589405,3425.5411525100008
12430,25456640,2.100085973739624,,,0.00021253282914331252,3427.894538747001
12440,25477120,2.3269615173339844,,,0.0002124031857110202,3430.198761062001
12450,25497600,1.9554064273834229,,,0.00021227349239544323,3432.6889710840005
12460,25518080,2.1056461334228516,,,0.00021214374933306053,3435.22419377
12470,25538560,2.1796395778656006,,,0.00021201395666040315,3437.7738872970003
12480,25559040,2.007709264755249,,,0.00021188411451405443,3440.682697207001
12490,25579520,2.0875887870788574,,,0.0002117542230306498,3443.1627096850007
12500,25600000,2.0674312114715576,2.0611406326293946,7.854924285405729,0.0002116242823468765,3447.5865708440006
12510,25620480,2.189363956451416,,,0.00021149429259947368,3452.316497850001
12520,25640960,2.025949001312256,,,0.00021136425392523196,3454.6404787520005
12530,25661440,2.2452101707458496,,,0.00021123416646099362,3456.926009938001
12540,25681920,2.1183314323425293,,,0.00021110403034365217,3459.4857507710003
12550,25702400,1.940183162689209,,,0.00021097384571015237,3461.8544147460007
12560,25722880,2.139888286590576,,,0.00021084361269749002,3464.1542115770008
12570,25743360,2.4207701683044434,,,0.00021071333144271178,3466.4915813340012
12580,25763840,1.9979437589645386,,,0.0002105830020829152,3469.3574102190005
12590,25784320,2.3391261100769043,,,0.00021045262475524826,3471.8778195780005
12600,25804800,1.9586318731307983,2.0577812492847443,7.828580857199622,0.00021032219959690962,3476.2309771990003
12610,25825280,2.016252279281616,,,0.00021019172674514812,3478.4809121430008
12620,25845760,2.079261541366577,,,0.00021006120633726292,3480.755945637
12630,25866240,2.2079477310180664,,,0.00020993063851060316,3483.1452369200006
12640,25886720,2.2067806720733643,,,0.0002098000234025678,3485.6262110920006
12650,25907200,1.7763917446136475,,,0.0002096693611506057,3488.0374335220004
12660,25927680,1.9769388437271118,,,0.00020953865189221526,3490.6396052500004
12670,25948160,2.1843414306640625,,,0.0002094078957649443,3493.0404890730006
12680,25968640,2.143158197402954,,,0.00020927709290639006,3495.7959359530005
12690,25989120,2.013446807861328,,,0.00020914624345419886,3498.226770837
12700,26009600,2.173330068588257,2.0560748636722566,7.815233670421084,0.00020901534754606612,3502.787993983
12710,26030080,2.1462554931640625,,,0.00020888440531973614,3505.2781649140006
12720,26050560,1.9419102668762207,,,0.00020875341691300187,3507.660416034001
12730,26071040,2.0529093742370605,,,0.00020862238246370504,3509.9983979160006
12740,26091520,2.0445823669433594,,,0.00020849130210973566,3512.467603514
12750,26112000,2.3833603858947754,,,0.00020836017598903212,3515.2073652510007
12760,26132480,2.180682420730591,,,0.00020822900423958095,3518.0503142100006
12770,26152960,2.0034055709838867,,,0.0002080977869994167,3520.558264415001
12780,26173440,2.284606456756592,,,0.00020796652440662183,3523.5560269470006
12790,26193920,2.009674549102783,,,0.00020783521659932647,3526.107839362001
12800,26214400,1.857678771018982,2.05734036564827,7.825130124744498,0.00020770386371570838,3529.9485220270008
12810,26234880,2.1463654041290283,,,0.00020757246589399268,3532.584389771
12820,26255360,1.9310722351074219,,,0.00020744102327245183,3535.076549599001
12830,26275840,2.061671257019043,,,0.00020730953598940548,3537.472871766
12840,26296320,2.1309094429016113,,,0.00020717800418322018,3539.9211448390006
12850,26316800,2.3581480979919434,,,0.0002070464279923094,3542.1963162660013
12860,26337280,2.1746182441711426,,,0.00020691480755513332,3544.611564427001
12870,26357760,2.1769187450408936,,,0.00020678314301019862,3546.876384366001
12880,26378240,1.9516628980636597,,,0.0002066514344960585,3549.134814764
12890,26398720,2.068361282348633,,,0.00020651968215131225,3551.6585503630013
12900,26419200,2.4234304428100586,2.0483992397785187,7.755476506267251,0.0002063878861146055,3557.553499746001
12910,26439680,2.1451659202575684,,,0.0002062560465246297,3560.109101760001
12920,26460160,2.0389134883880615,,,0.00020612416352012224,3562.685133293
12930,26480640,2.229210376739502,,,0.00020599223723986605,3565.197380058001
12940,26501120,1.8292460441589355,,,0.00020586026782268976,3567.500183635
12950,26521600,2.1806063652038574,,,0.00020572825540746738,3569.864820654
12960,26542080,1.911642074584961,,,0.000205596200133118,3572.19958088
12970,26562560,2.1305854320526123,,,0.00020546410213860601,3574.5487731680005
12980,26583040,1.9767839908599854,,,0.00020533196156294063,3576.9412855280007
12990,26603520,2.035547971725464,,,0.00020519977854517593,3579.3746564780013
13000,26624000,2.0650429725646973,2.047906017303467,7.751652274125772,0.00020506755322441072,3584.9452343640005
13010,26644480,2.2551376819610596,,,0.00020493528573978814,3593.1379189320005
13020,26664960,2.315300464630127,,,0.00020480297623049588,3595.473211718001
13030,26685440,2.1477158069610596,,,0.0002046706248357657,3597.8328566690006
13040,26705920,2.1902692317962646,,,0.00020453823169487367,3600.158660205001
13050,26726400,1.937368631362915,,,0.00020440579694713947,3602.6534914500007
13060,26746880,2.062185049057007,,,0.00020427332073192684,3605.165267710001
13070,26767360,2.1162490844726562,,,0.00020414080318864304,3607.511992756001
13080,26787840,2.1681289672851562,,,0.00020400824445673878,3609.767258744001
13090,26808320,1.9892196655273438,,,0.00020387564467570823,3612.2084952600007
13100,26828800,1.869645595550537,2.0459742069244387,7.736692006660486,0.00020374300398508864,3616.7494214690005
13110,26849280,2.1531929969787598,,,0.0002036103225244604,3619.117334771001
13120,26869760,2.085109233856201,,,0.00020347760043344673,3621.403350949
13130,26890240,2.0050110816955566,,,0.00020334483785171368,3623.7482418520012
13140,26910720,1.837127447128296,,,0.00020321203491896985,3626.0114346890005
13150,26931200,1.7783920764923096,,,0.0002030791917749663,3628.444786956001
13160,26951680,2.33795428276062,,,0.0002029463085594964,3630.8939302940007
13170,26972160,2.316347599029541,,,0.00020281338541239586,3633.166123952001
13180,26992640,1.8264589309692383,,,0.00020268042247354208,3635.659668137001
13190,27013120,2.328179359436035,,,0.00020254741988285467,3638.118913080001
13200,27033600,2.2766060829162598,2.039196413755417,7.684431613558042,0.0002024143777802947,3642.722223140001
13210,27054080,2.2024850845336914,,,0.00020228129630586503,3645.2721920000004
13220,27074560,1.970757246017456,,,0.00020214817559960978,3647.5523481320006
13230,27095040,1.8973438739776611,,,0.00020201501580161446,3650.2019490230005
13240,27115520,2.1639814376831055,,,0.0002018818170520057,3652.716817517001
13250,27136000,2.1771981716156006,,,0.00020174857949095107,3654.9914645380013
13260,27156480,2.0352368354797363,,,0.0002016153032586591,3657.321906551
13270,27176960,1.8335182666778564,,,0.0002014819884953788,3659.8309811610006
13280,27197440,2.1070141792297363,,,0.0002013486353414,3662.2448778870003
13290,27217920,2.016289234161377,,,0.00020121524393705274,3664.774664403001
13300,27238400,1.87473464012146,2.0390570223331452,7.683360544356741,0.00020108181442270734,3669.6404339910005
13310,27258880,2.468332290649414,,,0.00020094834693877431,3672.023398585001
13320,27279360,2.0166122913360596,,,0.00020081484162570392,3674.502322442
13330,27299840,2.202932357788086,,,0.0002006812986239865,3677.0033462010006
13340,27320320,2.493234634399414,,,0.0002005477180741519,3679.2582284300006
13350,27340800,2.0530881881713867,,,0.00020041410011676947,3681.7057575540002
13360,27361280,1.9868143796920776,,,0.000200280444892448,3684.1591926280007
13370,27381760,1.9141417741775513,,,0.0002001467525418354,3686.635376698001
13380,27402240,1.9747984409332275,,,0.00020001302320561874,3689.2158889520006
13390,27422720,1.9960638284683228,,,0.00019987925702452395,3691.5855657340007
13400,27443200,2.0370163917541504,2.0321791887283327,7.630696982217798,0.00019974545413931579,3696.2983981750003
13410,27463680,2.034435749053955,,,0.0001996116146907976,3698.8611862300004
13420,27484160,2.112161636352539,,,0.00019947773881981117,3701.383855807
13430,27504640,2.0637617111206055,,,0.00019934382666723674,3703.830041803001
13440,27525120,2.4372572898864746,,,0.00019920987837399257,3706.2493451280006
13450,27545600,1.9833850860595703,,,0.000199075894081035,3708.9465831510006
13460,27566080,2.404552459716797,,,0.00019894187392935838,3711.2582730560007
13470,27586560,2.0847630500793457,,,0.00019880781805999465,3713.749503029001
13480,27607040,1.9642221927642822,,,0.00019867372661401333,3716.1639024080005
13490,27627520,2.2761740684509277,,,0.00019853959973252148,3718.7192791370007
13500,27648000,2.4409518241882324,2.030592453479767,7.618598687278855,0.0001984054375566634,3723.4675671920013
13510,27668480,2.041022539138794,,,0.00019827124022762054,3727.8274527920003
13520,27688960,2.1945724487304688,,,0.0001981370078866113,3730.3003095250006
13530,27709440,2.099627733230591,,,0.00019800274067489096,3732.775978687001
13540,27729920,2.4126529693603516,,,0.00019786843873375153,3735.069947510001
13550,27750400,1.9784715175628662,,,0.00019773410220452146,3737.7014618010007
13560,27770880,2.0748376846313477,,,0.00019759973122856572,3740.0632567850007
13570,27791360,1.7770885229110718,,,0.00019746532594728546,3742.3984012250003
13580,27811840,1.928175687789917,,,0.00019733088650211795,3745.0893616720005
13590,27832320,2.100233316421509,,,0.00019719641303453638,3747.6982425470005
13600,27852800,2.1214094161987305,2.026011723279953,7.583779751151941,0.0001970619056860498,3752.6384520790007
13610,27873280,1.9011601209640503,,,0.00019692736459820282,3754.9498111640005
13620,27893760,2.2462785243988037,,,0.00019679278991257567,3757.275716880001
13630,27914240,2.077188730239868,,,0.0001966581817707839,3759.8107339730004
13640,27934720,2.087946653366089,,,0.0001965235403144782,3762.3408573650013
13650,27955200,2.1018776893615723,,,0.0001963888656853444,3764.6295588500006
13660,27975680,2.121732234954834,,,0.00019625415802510316,3767.2323571780007
13670,27996160,2.113201856613159,,,0.00019611941747550997,3769.5191502220005
13680,28016640,2.0778417587280273,,,0.00019598464417835493,3771.988720006
13690,28037120,1.901275873184204,,,0.00019584983827546256,3774.5132528500008
13700,28057600,1.9884968996047974,2.017971342802048,7.523047757840464,0.00019571499990869164,3778.711711606001
13710,28078080,1.8420524597167969,,,0.00019558012921993528,3781.084130481
13720,28098560,2.026148796081543,,,0.00019544522635112042,3783.512342815
13730,28119040,2.0605075359344482,,,0.000195310291444208,3786.0374965110004
13740,28139520,2.050520420074463,,,0.0001951753246411926,3788.503275275001
13750,28160000,2.0152409076690674,,,0.0001950403260841024,3790.897502422001
13760,28180480,1.9883623123168945,,,0.00019490529591499896,3793.400880241001
13770,28200960,1.9175822734832764,,,0.00019477023427597712,3795.8625290320006
13780,28221440,2.302377700805664,,,0.00019463514130916486,3798.3599258230006
13790,28241920,2.087496757507324,,,0.00019450001715672308,3800.6003237410005
13800,28262400,1.7733168601989746,2.018211579322815,7.52485528576779,0.00019436486196084554,3804.1910754130004
13810,28282880,2.205568313598633,,,0.00019422967586375865,3806.734042928001
13820,28303360,2.0182738304138184,,,0.0001940944590077214,3809.1953172720005
13830,28323840,2.5404019355773926,,,0.000193959211535025,3811.6244040500005
13840,28344320,2.0330023765563965,,,0.000193823933587993,3814.0564913880007
13850,28364800,1.8158860206604004,,,0.00019368862530898102,3816.472667117001
13860,28385280,2.6021695137023926,,,0.0001935532868403765,3819.105145536001
13870,28405760,2.110441207885742,,,0.0001934179183245988,3821.490602336001
13880,28426240,2.28865909576416,,,0.00019328251990409875,3823.9108531230013
13890,28446720,1.9296910762786865,,,0.00019314709172135874,3826.508572050001
13900,28467200,2.0264532566070557,2.0128633320331573,7.484717926814434,0.00019301163391889243,3831.5086780580004
13910,28487680,2.0167641639709473,,,0.0001928761466392447,3833.928742322001
13920,28508160,2.071826219558716,,,0.00019274063002499138,3836.3257668800006
13930,28528640,1.9012951850891113,,,0.00019260508421873929,3838.6673911820008
13940,28549120,2.25679612159729,,,0.0001924695093631258,3841.080284449001
13950,28569600,2.33935546875,,,0.00019233390560081901,3843.5108834990006
13960,28590080,2.1819005012512207,,,0.00019219827307451732,3846.017363322
13970,28610560,2.407369375228882,,,0.0001920626119269495,3848.4319746480005
13980,28631040,2.026731014251709,,,0.00019192692230087432,3850.996509447001
13990,28651520,2.473825216293335,,,0.00019179120433908064,3853.561906629
14000,28672000,1.944492220878601,2.0120139896869658,7.4783635378377085,0.00019165545818438702,3857.9179560800003
14010,28692480,2.0559420585632324,,,0.00019151968397964183,3862.304434785001
14020,28712960,1.9517542123794556,,,0.00019138388186772283,3864.816147810001
14030,28733440,2.228125810623169,,,0.0001912480519915372,3867.2767153820005
14040,28753920,2.2126917839050293,,,0.00019111219449402138,3869.666989845
14050,28774400,2.044710397720337,,,0.00019097630951814075,3872.2787326240004
14060,28794880,1.8671391010284424,,,0.00019084039720688973,3874.8229138880006
14070,28815360,2.068408966064453,,,0.00019070445770329146,3877.5668838870006
14080,28835840,2.1983120441436768,,,0.00019056849115039768,3879.8837451690006
14090,28856320,2.029974937438965,,,0.00019043249769128864,3882.329412432
14100,28876800,2.238323926925659,2.00749551653862,7.444648979523014,0.0001902964774690728,3887.104878043001
14110,28897280,2.132631301879883,,,0.00019016043062688697,3889.484863738
14120,28917760,2.024171829223633,,,0.00019002435730789576,3891.8208309710008
14130,28938240,2.223457098007202,,,0.0001898882576552918,3894.566287636
14140,28958720,2.0119662284851074,,,0.00018975213181229533,3897.008844948001
14150,28979200,2.13686203956604,,,0.00018961597992215424,3899.3202783670004
14160,28999680,2.1452815532684326,,,0.0001894798021281438,3901.7893972320007
14170,29020160,2.134596824645996,,,0.00018934359857356647,3904.509920691001
14180,29040640,2.1065218448638916,,,0.00018920736940175186,3906.973856347
14190,29061120,2.145545482635498,,,0.0001890711147560566,3909.494540877
14200,29081600,2.1145005226135254,2.002377325296402,7.406643185741312,0.00018893483477986405,3914.9030360240013
14210,29102080,2.114506483078003,,,0.0001887985296165843,3917.3195751170006
14220,29122560,2.099330425262451,,,0.0001886621994096538,3920.1474654030008
14230,29143040,2.3875181674957275,,,0.0001885258443025355,3922.3925790010007
14240,29163520,1.8837039470672607,,,0.00018838946443871854,3925.0271478740005
14250,29184000,2.4075565338134766,,,0.00018825305996171803,3927.4561240010007
14260,29204480,2.0621695518493652,,,0.00018811663101507504,3930.0544716980003
14270,29224960,2.161533832550049,,,0.00018798017774235637,3932.6172098280003
14280,29245440,1.9033253192901611,,,0.00018784370028715445,3935.8312775510003
14290,29265920,2.0114872455596924,,,0.00018770719879308706,3938.3046600770012
14300,29286400,1.9537925720214844,2.0017005622386934,7.401632339020798,0.00018757067340379743,3943.9472505230005
14310,29306880,2.407609701156616,,,0.00018743412426295384,3946.4777257200003
14320,29327360,1.908107042312622,,,0.00018729755151424953,3948.786859832
14330,29347840,2.034398078918457,,,0.00018716095530140272,3951.2802214640005
14340,29368320,1.8038005828857422,,,0.0001870243357681561,3954.040349222001
14350,29388800,2.5016307830810547,,,0.00018688769305827716,3956.3869745500006
14360,29409280,1.8654000759124756,,,0.00018675102731555759,3958.8028381740005
14370,29429760,2.073378086090088,,,0.00018661433868381337,3961.271114586001
14380,29450240,2.030315399169922,,,0.00018647762730688468,3963.8263222210007
14390,29470720,2.2572808265686035,,,0.00018634089332863538,3966.4974363660003
14400,29491200,2.033933639526367,1.9992557764053345,7.383559034815648,0.0001862041368929534,3970.9419543700005
14410,29511680,2.304265022277832,,,0.0001860673581437501,3973.2840547510004
14420,29532160,2.0503554344177246,,,0.00018593055722496038,3975.9074025520003
14430,29552640,1.8566324710845947,,,0.00018579373428054253,3978.4893264050006
14440,29573120,2.1118130683898926,,,0.00018565688945447792,3980.9331037460006
14450,29593600,1.9542042016983032,,,0.00018552002289077106,3983.3205170190013
14460,29614080,2.16855525970459,,,0.00018538313473344915,3985.6655242510005
14470,29634560,2.314483642578125,,,0.00018524622512656235,3988.234101084001
14480,29655040,1.9810113906860352,,,0.00018510929421418321,3990.7920368220002
14490,29675520,2.0847368240356445,,,0.0001849723421404068,3993.111156357001
14500,29696000,2.1146976947784424,1.99679753780365,7.365430775900364,0.0001848353690493504,3997.766968905001
14510,29716480,1.8964781761169434,,,0.00018469837508515343,4002.7271729410004
14520,29736960,1.906627893447876,,,0.00018456136039197727,4005.1901277430006
14530,29757440,1.9754974842071533,,,0.00018442432511400514,4007.921038069
14540,29777920,1.8414604663848877,,,0.0001842872693954419,4010.323149316
14550,29798400,1.967787265777588,,,0.00018415019338051392,4012.7964673780007
14560,29818880,2.083311080932617,,,0.00018401309721346887,4015.1907734310007
14570,29839360,2.0822625160217285,,,0.00018387598103857572,4017.6122329650007
14580,29859840,2.3157334327697754,,,0.00018373884500012453,4020.0088242560005
14590,29880320,2.1375391483306885,,,0.0001836016892424261,4022.431041328
14600,29900800,2.0730433464050293,1.9948598146438599,7.351172428930045,0.00018346451390981213,4028.2353995190006
14610,29921280,2.143913745880127,,,0.00018332731914663482,4030.5880551440005
14620,29941760,2.0814225673675537,,,0.00018319010509726692,4033.1306993400012
14630,29962240,2.119178295135498,,,0.0001830528719061013,4035.5881025880008
14640,29982720,2.0546183586120605,,,0.00018291561971755122,4038.132451988
14650,30003200,2.2722959518432617,,,0.00018277834867604973,4040.5202991900005
14660,30023680,2.0504374504089355,,,0.0001826410589260498,4042.826169850001
14670,30044160,2.0232183933258057,,,0.00018250375061202407,4045.5086885750006
14680,30064640,2.085895538330078,,,0.0001823664238784647,4047.9795160150006
14690,30085120,2.21694016456604,,,0.00018222907886988331,4050.3475383350005
14700,30105600,1.7081174850463867,1.991274356842041,7.324862305496715,0.0001820917157308107,4055.050773752
14710,30126080,2.2378933429718018,,,0.00018195433460579664,4057.5168169790013
14720,30146560,2.0229969024658203,,,0.00018181693563941006,4059.8729768870007
14730,30167040,2.1246044635772705,,,0.00018167951897623844,4062.3503083410005
14740,30187520,2.0086746215820312,,,0.00018154208476088806,4064.918109723001
14750,30208000,2.0044541358947754,,,0.00018140463313798353,4067.334895567001
14760,30228480,2.1212711334228516,,,0.00018126716425216784,4069.7465249060006
14770,30248960,1.9913227558135986,,,0.0001811296782481022,4072.2036076530003
14780,30269440,1.9548993110656738,,,0.0001809921752704657,4074.595496821001
14790,30289920,1.7934337854385376,,,0.0001808546554639554,4076.846476582001
14800,30310400,1.8859407901763916,1.987255609035492,7.2954846015032695,0.00018071711897328603,4081.3473856870005
14810,30330880,1.8836019039154053,,,0.00018057956594318996,4083.8538938770007
14820,30351360,1.9245561361312866,,,0.00018044199651841682,4086.186142562001
14830,30371840,1.9940382242202759,,,0.00018030441084373357,4088.604153903001
14840,30392320,2.1126251220703125,,,0.00018016680906392428,4091.3922788890004
14850,30412800,2.004070520401001,,,0.0001800291913237899,4093.709617231001
14860,30433280,2.0635738372802734,,,0.0001798915577681483,4096.258806383001
14870,30453760,1.7572011947631836,,,0.00017975390854183386,4098.812309405001
14880,30474240,1.852095365524292,,,0.00017961624378969759,4101.2054323580005
14890,30494720,2.1702029705047607,,,0.00017947856365660666,4103.495364839
14900,30515200,2.0147156715393066,1.9877091944217682,7.298794477303213,0.00017934086828744458,4107.466161534001
14910,30535680,2.093817710876465,,,0.00017920315782711077,4109.8323012050005
14920,30556160,2.068512201309204,,,0.00017906543242052076,4112.468374012001
14930,30576640,2.041193723678589,,,0.00017892769221260544,4115.127714659
14940,30597120,2.0715131759643555,,,0.00017878993734831165,4117.535662511001
14950,30617600,1.7845155000686646,,,0.00017865216797260136,4119.797502554
14960,30638080,2.208500862121582,,,0.00017851438423045204,4122.246420932001
14970,30658560,1.8023059368133545,,,0.00017837658626685608,4124.816795300001
14980,30679040,2.066661834716797,,,0.00017823877422682097,4127.302433786001
14990,30699520,2.119515895843506,,,0.000178100948255369,4129.628228925001
15000,30720000,2.2793266773223877,1.9877046465873718,7.298761283670117,0.00017796310849753705,4133.379265242001
15010,30740480,1.8593772649765015,,,0.00017782525509837653,4137.9727525200005
15020,30760960,2.0556154251098633,,,0.00017768738820295328,4140.2276812400005
15030,30781440,1.9418448209762573,,,0.00017754950795634725,4142.465364489
15040,30801920,1.9814462661743164,,,0.00017741161450365257,4144.797637538
15050,30822400,1.933445930480957,,,0.000177273707989977,4147.280618844001
15060,30842880,1.9028657674789429,,,0.0001771357885604424,4149.655534742001
15070,30863360,1.8093218803405762,,,0.0001769978563601839,4152.330129498001
15080,30883840,2.2381515502929688,,,0.0001768599115343503,4154.784167953001
15090,30904320,1.9558207988739014,,,0.00017672195422810356,4157.330804394001
15100,30924800,2.023287773132324,1.9830672979354858,7.264992741638311,0.00017658398458661876,4162.183370931001
15110,30945280,1.8692758083343506,,,0.0001764460027550841,4164.739049137001
15120,30965760,2.044811248779297,,,0.00017630800887870048,4167.158381666
15130,30986240,1.896152377128601,,,0.00017617000310268148,4169.750681359001
15140,31006720,2.1168859004974365,,,0.00017603198557225325,4172.155232213001
15150,31027200,1.8243796825408936,,,0.0001758939564326543,4174.579788942001
15160,31047680,2.2176809310913086,,,0.0001757559158291354,4176.927482686
15170,31068160,1.9320383071899414,,,0.00017561786390695922,4179.337496326001
15180,31088640,2.2882304191589355,,,0.0001754798008114006,4181.6366380360005
15190,31109120,2.1421825885772705,,,0.00017534172668774584,4184.1281214050005
15200,31129600,1.9629395008087158,1.978606915473938,7.232660256659285,0.00017520364168129309,4189.080887325001
15210,31150080,2.3224549293518066,,,0.00017506554593735182,4191.435144186001
15220,31170560,1.961080551147461,,,0.00017492743960124287,4193.763320659001
15230,31191040,2.028197765350342,,,0.00017478932281829817,4196.133269540001
15240,31211520,1.8339924812316895,,,0.0001746511957338607,4198.471236304001
15250,31232000,2.331679105758667,,,0.00017451305849328422,4200.954117255001
15260,31252480,2.1607065200805664,,,0.00017437491124193324,4203.4804835840005
15270,31272960,2.057441234588623,,,0.00017423675412518274,4205.834480079
15280,31293440,2.252560615539551,,,0.00017409858728841812,4208.253163427001
15290,31313920,1.9906063079833984,,,0.000173960410877035,4210.487607795001
15300,31334400,2.170503616333008,1.9747617959976196,7.204903212614993,0.0001738222250364391,4215.103821136001
15310,31354880,1.9812214374542236,,,0.00017368402991204597,4217.462112155001
15320,31375360,2.03556489944458,,,0.00017354582564928106,4219.796761496001
15330,31395840,2.0467188358306885,,,0.00017340761239357938,4222.180980552001
15340,31416320,2.020319700241089,,,0.0001732693902903854,4224.493085439
15350,31436800,2.19250226020813,,,0.00017313115948515287,4226.8815524
15360,31457280,2.2401273250579834,,,0.00017299292012334472,4229.441171134001
15370,31477760,2.050854444503784,,,0.0001728546723504329,4231.934155979001
15380,31498240,2.010131597518921,,,0.00017271641631189824,4234.319055172001
15390,31518720,1.9295680522918701,,,0.00017257815215323017,4236.583164892001
15400,31539200,1.8728595972061157,1.9745181560516358,7.203148024211139,0.00017243988001992678,4241.432303923
15410,31559680,1.8325538635253906,,,0.00017230160005749445,4243.772600169001
15420,31580160,2.154942512512207,,,0.0001721633124114479,4246.034009269
15430,31600640,1.8890388011932373,,,0.0001720250172273098,4248.403937428
15440,31621120,2.0124588012695312,,,0.0001718867146506109,4250.826866121
15450,31641600,1.7623732089996338,,,0.00017174840482688964,4253.279286779001
15460,31662080,1.9761937856674194,,,0.0001716100879016921,4255.637399946001
15470,31682560,1.9168297052383423,,,0.00017147176402057188,4258.298810554001
15480,31703040,1.853994607925415,,,0.00017133343332908984,4260.579350955
15490,31723520,1.9319679737091064,,,0.000171195095972814,4262.836933569
15500,31744000,1.945932149887085,1.9680089354515076,7.156413412666099,0.0001710567520973195,4267.296536530001
15510,31764480,1.7978529930114746,,,0.00017091840184818818,4271.793418093001
15520,31784960,1.990229606628418,,,0.0001707800453710087,4274.2639294460005
15530,31805440,1.9825849533081055,,,0.00017064168281137626,4276.795403290001
15540,31825920,1.9735515117645264,,,0.00017050331431489238,4279.079539824001
15550,31846400,1.774769902229309,,,0.000170364940027165,4281.302043216001
15560,31866880,2.0651443004608154,,,0.00017022656009380794,4283.7363107
15570,31887360,2.1457419395446777,,,0.00017008817466044115,4286.104080174
15580,31907840,1.9548664093017578,,,0.00016994978387269025,4288.593437273001
15590,31928320,2.0837182998657227,,,0.00016981138787618648,4290.905661633001
15600,31948800,1.9102355241775513,1.9704042077064514,7.173575516909045,0.0001696729868165667,4294.738203482
15610,31969280,2.0388731956481934,,,0.00016953458083947295,4297.073382805001
15620,31989760,1.7378787994384766,,,0.00016939617009055253,4299.446804431001
15630,32010240,1.9050687551498413,,,0.0001692577547154577,4301.849551089001
15640,32030720,2.1585893630981445,,,0.00016911933485984568,4304.48086046
15650,32051200,2.3213915824890137,,,0.00016898091066937826,4306.941485587
15660,32071680,1.7667244672775269,,,0.00016884248228972193,4309.235720927001
15670,32092160,1.890395164489746,,,0.00016870404986654762,4311.606698754001
15680,32112640,2.2782604694366455,,,0.00016856561354553027,4314.189467219001
15690,32133120,1.9051119089126587,,,0.00016842717347234924,4316.771312234001
15700,32153600,2.245884656906128,1.966434931755066,7.1451580518148425,0.00016828872979268757,4321.492039418001
15710,32174080,2.0261518955230713,,,0.00016815028265223223,4323.789882703
15720,32194560,2.044530153274536,,,0.0001680118321966739,4326.318865593001
15730,32215040,2.042673110961914,,,0.00016787337857170653,4328.689817837001
15740,32235520,2.080404281616211,,,0.00016773492192302764,4330.964381601001
15750,32256000,2.1090245246887207,,,0.00016759646239633774,4333.4763035080005
15760,32276480,1.994027853012085,,,0.00016745800013734052,4335.843888290001
15770,32296960,1.8797504901885986,,,0.00016731953529174247,4338.359326559001
15780,32317440,2.120236873626709,,,0.00016718106800525274,4340.985268523001
15790,32337920,2.2617106437683105,,,0.0001670425984235832,4343.469750962
15800,32358400,1.9058170318603516,1.9640313267707825,7.128004537702456,0.00016690412669244804,4347.771145321
15810,32378880,2.036853313446045,,,0.00016676565295756373,4350.167439946001
15820,32399360,2.2268381118774414,,,0.0001666271773646488,4352.584007978001
15830,32419840,2.2583346366882324,,,0.00016648870005942382,4355.106178959
15840,32440320,1.8245409727096558,,,0.00016635022118761115,4357.402101721001
15850,32460800,2.285668134689331,,,0.00016621174089493472,4359.834187485001
15860,32481280,2.353005886077881,,,0.00016607325932712003,4362.212948549
15870,32501760,2.036754846572876,,,0.00016593477662989387,4364.548561040001
15880,32522240,1.9170348644256592,,,0.00016579629294898428,4366.8410383440005
15890,32542720,1.7847905158996582,,,0.00016565780843012034,4369.075574652001
15900,32563200,2.099651336669922,1.9649906277656555,7.134845720398978,0.00016551932321903187,4372.776976884001
15910,32583680,1.9813416004180908,,,0.00016538083746144965,4375.324832693001
15920,32604160,1.919454574584961,,,0.00016524235130310479,4377.635270886001
15930,32624640,1.8424303531646729,,,0.000165103864889729,4380.237077584001
15940,32645120,2.053215265274048,,,0.0001649653783670542,4382.8344087000005
15950,32665600,2.1693713665008545,,,0.0001648268918808124,4385.153137028001
15960,32686080,1.70131254196167,,,0.00016468840557673563,4387.475526720001
15970,32706560,1.9114081859588623,,,0.00016454991960055564,4389.859265153001
15980,32727040,2.0387253761291504,,,0.00016441143409800393,4392.261361169001
15990,32747520,2.040879249572754,,,0.00016427294921481146,4394.7828651
16000,32768000,2.010931968688965,1.9625498175621032,7.117452151998731,0.00016413446509670846,4399.348532699001
16010,32788480,2.2772364616394043,,,0.00016399598188942456,4403.837219645
16020,32808960,1.8477957248687744,,,0.0001638574997386882,4406.425049178
16030,32829440,2.0808751583099365,,,0.0001637190187902269,4409.076531855
16040,32849920,1.9836056232452393,,,0.00016358053918976673,4411.441305226001
16050,32870400,1.9206714630126953,,,0.0001634420610830325,4414.026600603001
16060,32890880,2.0231409072875977,,,0.0001633035846157474,4416.566535940001
16070,32911360,2.041325330734253,,,0.0001631651099336328,4418.920799048001
16080,32931840,2.0528392791748047,,,0.00016302663718240838,4421.222972207001
16090,32952320,1.9247803688049316,,,0.0001628881665077916,4423.529972503
16100,32972800,2.2185707092285156,1.9581546187400818,7.086238180738014,0.00016274969805549783,4427.913491001001
16110,32993280,2.125934600830078,,,0.00016261123197124013,4430.670902647001
16120,33013760,1.7973953485488892,,,0.00016247276840072896,4433.190558096001
16130,33034240,1.9010589122772217,,,0.0001623343074896723,4435.778645370001
16140,33054720,2.0200514793395996,,,0.0001621958493837751,4438.084542444001
16150,33075200,1.899336576461792,,,0.00016205739422873964,4440.413169017001
16160,33095680,1.9989315271377563,,,0.00016191894217026478,4442.764339952
16170,33116160,1.83677339553833,,,0.0001617804933540464,4445.250206925
16180,33136640,1.8808298110961914,,,0.00016164204792577685,4447.524777886001
16190,33157120,1.7142326831817627,,,0.00016150360603114483,4449.915876997001
16200,33177600,1.8902838230133057,1.9528968930244446,7.049078457446969,0.0001613651678158355,4454.698250781001
16210,33198080,1.679654598236084,,,0.00016122673342553002,4457.047933742
16220,33218560,1.8645379543304443,,,0.00016108830300590556,4459.623910556001
16230,33239040,1.8885849714279175,,,0.00016094987670263515,4461.893845896
16240,33259520,2.1483497619628906,,,0.0001608114546613874,4464.204073534001
16250,33280000,1.992983102798462,,,0.00016067303702782654,4466.555982147001
16260,33300480,1.7832883596420288,,,0.00016053462394761207,4468.923529101001
16270,33320960,1.901828408241272,,,0.00016039621556639873,4471.286021775
16280,33341440,2.128059148788452,,,0.00016025781202983638,4473.615971286001
16290,33361920,2.236921787261963,,,0.0001601194134835697,4475.932346298001
16300,33382400,2.0207738876342773,1.9513761341571807,7.038366655974743,0.00015998102007323811,4480.541900021
16310,33402880,1.9289090633392334,,,0.0001598426319444757,4482.876859459
16320,33423360,2.352116584777832,,,0.00015970424924291086,4485.281556332
16330,33443840,2.029266357421875,,,0.00015956587211416655,4487.906371865
16340,33464320,1.7307329177856445,,,0.00015942750070385955,4490.293801671
16350,33484800,2.043940782546997,,,0.0001592891351576008,4492.746197537001
16360,33505280,1.9837932586669922,,,0.00015915077562099505,4495.054404989
16370,33525760,1.9144227504730225,,,0.00015901242223964067,4497.591729925
16380,33546240,1.9303390979766846,,,0.00015887407515912955,4500.100683986
16390,33566720,1.7512097358703613,,,0.00015873573452504709,4503.063814062001
16400,33587200,1.8940949440002441,1.9477940142154693,7.013199485242592,0.0001585974004829717,4507.672362631001
16410,33607680,2.2523205280303955,,,0.000158459073178475,4510.182134867
16420,33628160,1.7840940952301025,,,0.0001583207527571215,4512.577139192001
16430,33648640,2.1418113708496094,,,0.00015818243936446835,4515.056066385001
16440,33669120,1.7247929573059082,,,0.00015804413314606547,4517.8036719540005
16450,33689600,1.9097959995269775,,,0.0001579058342474552,4520.128221338
16460,33710080,1.732587218284607,,,0.000157767542814172,4522.470832559
16470,33730560,2.017775535583496,,,0.00015762925899174274,4524.693293418
16480,33751040,1.866093635559082,,,0.00015749098292568603,4527.144623866001
16490,33771520,1.9594030380249023,,,0.00015735271476151254,4530.036713701001
16500,33792000,2.021604299545288,1.9462343215942384,7.002269575619645,0.00015721445464472443,4534.818371019001
16510,33812480,1.9848942756652832,,,0.00015707620272081553,4539.937229126001
16520,33832960,1.8184823989868164,,,0.00015693795913527102,4542.377646969
16530,33853440,2.014073371887207,,,0.0001567997240335672,4544.8961301300005
16540,33873920,2.09578275680542,,,0.00015666149756117165,4547.342436396
16550,33894400,2.152961254119873,,,0.00015652327986354268,4549.594038821
16560,33914880,2.0090532302856445,,,0.0001563850710861294,4551.909634169
16570,33935360,1.9494216442108154,,,0.00015624687137437163,4554.258127911
16580,33955840,1.7602519989013672,,,0.00015610868087369953,4556.581250880001
16590,33976320,2.3398187160491943,,,0.0001559704997295337,4558.824803683001
16600,33996800,1.9010449647903442,1.9418243944644928,6.971458065239873,0.00015583232808728475,4563.200830953001
16610,34017280,1.9214385747909546,,,0.00015569416609235336,4565.760831938001
16620,34037760,2.1532201766967773,,,0.0001555560138901301,4568.168697932
16630,34058240,1.994252324104309,,,0.00015541787162599513,4570.511567975001
16640,34078720,2.051064968109131,,,0.00015527973944531826,4573.099457085001
16650,34099200,2.2776334285736084,,,0.00015514161749345865,4575.662801263001
16660,34119680,1.6516847610473633,,,0.00015500350591576468,4577.9395664270005
16670,34140160,2.1493945121765137,,,0.00015486540485757375,4580.296035919
16680,34160640,1.809556245803833,,,0.00015472731446421236,4582.68855273
16690,34181120,2.141371726989746,,,0.00015458923488099565,4584.9715056780005
16700,34201600,2.106736183166504,1.940525382757187,6.962407938978739,0.0001544511662532274,4589.761046752001
16710,34222080,1.92970609664917,,,0.00015431310872619992,4592.591203698001
16720,34242560,2.196103811264038,,,0.00015417506244519378,4595.040605986001
16730,34263040,2.1065521240234375,,,0.00015403702755547772,4597.345536324001
16740,34283520,1.9402787685394287,,,0.0001538990042023086,4599.689387992001
16750,34304000,2.0223684310913086,,,0.0001537609925309309,4602.002815566
16760,34324480,2.3006951808929443,,,0.0001536229926865771,4604.424092407
16770,34344960,2.094806671142578,,,0.00015348500481446702,4606.839353634001
16780,34365440,2.150516986846924,,,0.00015334702905980797,4609.218216500001
16790,34385920,1.9986237287521362,,,0.0001532090655677945,4611.929602741
16800,34406400,1.9321578741073608,1.9403814375400543,6.961405805784068,0.00015307111448360823,4616.639313921001
16810,34426880,1.695526361465454,,,0.0001529331759524178,4618.974417615001
16820,34447360,2.046771764755249,,,0.00015279525011937847,4621.469145831001
16830,34467840,2.2108113765716553,,,0.00015265733712963237,4624.026892958001
16840,34488320,1.9411920309066772,,,0.00015251943712830786,4626.347330038001
16850,34508800,1.9429972171783447,,,0.00015238155026051986,4628.940189499001
16860,34529280,1.7564220428466797,,,0.0001522436766713694,4631.4602739950005
16870,34549760,2.110356330871582,,,0.0001521058165059434,4633.852628495
16880,34570240,1.910853624343872,,,0.00015196796990931487,4636.191530561
16890,34590720,1.906233549118042,,,0.00015183013702654236,4638.626290402
16900,34611200,2.1720311641693115,1.9383039116859435,6.946958317952759,0.0001516923180026701,4643.498083560001
16910,34631680,2.0611519813537598,,,0.00015155451298272775,4645.884233485001
16920,34652160,1.6876959800720215,,,0.0001514167221117301,4648.472312529
16930,34672640,1.8256111145019531,,,0.00015127894553467716,4650.99547227
16940,34693120,1.8806270360946655,,,0.0001511411833965539,4653.384954113
16950,34713600,2.3562493324279785,,,0.00015100343584233,4655.829237695001
16960,34734080,2.1973400115966797,,,0.00015086570301696,4658.288247692
16970,34754560,1.8856265544891357,,,0.00015072798506538264,4660.550762227001
16980,34775040,2.0467023849487305,,,0.00015059028213252132,4663.01982895
16990,34795520,1.8731757402420044,,,0.00015045259436328334,4665.254227829
17000,34816000,2.347135543823242,1.9366620302200317,6.935561594440853,0.00015031492190256028,4669.52700246
17010,34836480,1.8533265590667725,,,0.00015017726489522756,4674.012030958001
17020,34856960,1.9475711584091187,,,0.0001500396234861442,4676.267144730001
17030,34877440,2.0352020263671875,,,0.00014990199782015297,4678.634172195001
17040,34897920,2.0212438106536865,,,0.00014976438804207995,4681.336906712
17050,34918400,1.9013978242874146,,,0.00014962679429673462,4683.6299911510005
17060,34938880,1.9611990451812744,,,0.00014948921672890947,4686.178708507001
17070,34959360,2.0639488697052,,,0.00014935165548338004,4688.4840720560005
17080,34979840,1.875403642654419,,,0.00014921411070490471,4690.875051862
17090,35000320,1.9223724603652954,,,0.00014907658253822447,4693.462331094001
17100,35020800,2.0128238201141357,1.936302649974823,6.933069538439053,0.00014893907112806284,4698.425565962001
17110,35041280,1.7994766235351562,,,0.00014880157661912574,4701.081715252001
17120,35061760,1.9119504690170288,,,0.00014866409915610128,4703.624141480001
17130,35082240,2.1364541053771973,,,0.0001485266388836597,4706.148135866
17140,35102720,1.9461443424224854,,,0.00014838919594645298,4708.596242491001
17150,35123200,1.9991602897644043,,,0.00014825177048911507,4711.021349245
17160,35143680,1.943173885345459,,,0.00014811436265626133,4713.637031024
17170,35164160,2.1583356857299805,,,0.00014797697259248877,4716.334706623001
17180,35184640,1.936895728111267,,,0.0001478396004423755,4718.754696518001
17190,35205120,1.9673962593078613,,,0.00014770224635048088,4721.827031679
17200,35225600,1.9155522584915161,1.932827889919281,6.909020591701499,0.0001475649104613454,4726.377469127001
17210,35246080,1.884138584136963,,,0.0001474275929194901,4728.8326787020005
17220,35266560,1.775527834892273,,,0.00014729029386941698,4731.198469267001
17230,35287040,2.3081722259521484,,,0.0001471530134556084,4733.601757477001
17240,35307520,2.167026996612549,,,0.0001470157518225272,4735.889240259001
17250,35328000,1.9722304344177246,,,0.0001468785091146165,4738.117843193
17260,35348480,2.0802266597747803,,,0.00014674128547629935,4740.389775941001
17270,35368960,1.923671007156372,,,0.0001466040810519789,4742.7049864
17280,35389440,2.016604423522949,,,0.00014646689598603793,4745.281569948001
17290,35409920,2.0820724964141846,,,0.00014632973042283897,4747.539940125001
17300,35430400,1.7714616060256958,1.932890957593918,6.909456341304949,0.000146192584506724,4751.263313301
17310,35450880,2.117208242416382,,,0.00014605545838201428,4753.712881755
17320,35471360,1.9004461765289307,,,0.00014591835219301028,4756.011669526
17330,35491840,1.9449222087860107,,,0.00014578126608399148,4758.510939937001
17340,35512320,1.7936724424362183,,,0.00014564420019921623,4760.803838615
17350,35532800,2.1367812156677246,,,0.00014550715468292157,4763.063768697
17360,35553280,1.9421303272247314,,,0.00014537012967932316,4765.3223689510005
17370,35573760,2.1956465244293213,,,0.0001452331253326151,4767.941090867001
17380,35594240,1.5715222358703613,,,0.00014509614178696958,4770.242030537001
17390,35614720,2.220561981201172,,,0.00014495917918653714,4772.6242721280005
17400,35635200,1.9368257522583008,1.9271071135997773,6.869608471758337,0.00014482223767544607,4777.207826191001
17410,35655680,1.9750113487243652,,,0.0001446853173978026,4779.472033960001
17420,35676160,1.9146766662597656,,,0.0001445484184976906,4781.712494161
17430,35696640,1.8986849784851074,,,0.00014441154111917136,4783.967934066
17440,35717120,2.004051446914673,,,0.00014427468540628363,4786.2714452830005
17450,35737600,2.147952079772949,,,0.00014413785150304325,4788.629807696001
17460,35758080,2.1644039154052734,,,0.00014400103955344322,4791.277659892001
17470,35778560,1.974694013595581,,,0.00014386424970145342,4793.6252988530005
17480,35799040,1.9962637424468994,,,0.00014372748209102036,4796.0141389030005
17490,35819520,1.9845387935638428,,,0.0001435907368660673,4798.480622890001
17500,35840000,1.799689531326294,1.9273248374462129,6.87110431217247,0.0001434540141704938,4802.3471899900005
17510,35860480,1.6653766632080078,,,0.00014331731414817585,4806.804993770001
17520,35880960,2.004298448562622,,,0.00014318063694296543,4809.060964731001
17530,35901440,1.7875478267669678,,,0.0001430439826986907,4811.503261867001
17540,35921920,1.7930488586425781,,,0.0001429073515591555,4813.811382453001
17550,35942400,1.9150121212005615,,,0.00014277074366813937,4816.2856264520005
17560,35962880,2.055230140686035,,,0.00014263415916939754,4818.669085063
17570,35983360,1.6498947143554688,,,0.00014249759820666034,4821.069568291001
17580,36003840,2.1202356815338135,,,0.00014236106092363363,4823.511132955
17590,36024320,2.0730085372924805,,,0.00014222454746399817,4826.108147015
17600,36044800,1.85834801197052,1.9250642657279968,6.855589231175191,0.0001420880579714097,4830.649332288001
17610,36065280,1.823767900466919,,,0.00014195159258949876,4833.0935881860005
17620,36085760,1.863822340965271,,,0.00014181515146187044,4835.607420304001
17630,36106240,1.6998952627182007,,,0.00014167873473210443,4837.967666051001
17640,36126720,2.0179498195648193,,,0.00014154234254375468,4840.463551704001
17650,36147200,1.9154725074768066,,,0.00014140597504034926,4843.1476001030005
17660,36167680,2.0900397300720215,,,0.0001412696323653904,4845.865095880001
17670,36188160,1.8158749341964722,,,0.00014113331466235405,4848.226426686
17680,36208640,1.7557156085968018,,,0.00014099702207468994,4850.542541847
17690,36229120,1.8565905094146729,,,0.00014086075474582145,4852.822724619001
17700,36249600,2.3242745399475098,1.919945353269577,6.8205857363964615,0.00014072451281914528,4857.144758681001
17710,36270080,1.9890176057815552,,,0.00014058829643803143,4859.62446977
17720,36290560,2.324179172515869,,,0.00014045210574582302,4862.1124122090005
17730,36311040,2.059187412261963,,,0.00014031594088583616,4864.541362117001
17740,36331520,2.2578303813934326,,,0.00014017980200135968,4867.0875731470005
17750,36352000,2.003667116165161,,,0.0001400436892356552,4869.437357516001
17760,36372480,1.689136266708374,,,0.00013990760273195683,4871.9395731740005
17770,36392960,2.043330430984497,,,0.000139771542633471,4874.276694366001
17780,36413440,2.122701644897461,,,0.00013963550908337633,4876.556697645001
17790,36433920,1.9503240585327148,,,0.00013949950222482354,4879.036433652001
17800,36454400,1.9993102550506592,1.9164097309112549,6.796513301566111,0.0001393635222009353,4883.7437391230005
17810,36474880,2.0670833587646484,,,0.00013922756915480606,4886.252843010001
17820,36495360,2.0979809761047363,,,0.0001390916432295017,4888.628052667001
17830,36515840,2.2381677627563477,,,0.0001389557445680598,4891.269728679001
17840,36536320,2.1380324363708496,,,0.00013881987331348903,4893.667432293001
17850,36556800,2.1406822204589844,,,0.00013868402960876943,4895.922855515
17860,36577280,2.0674781799316406,,,0.0001385482135968519,4898.172445134001
17870,36597760,1.6266214847564697,,,0.00013841242542065823,4900.712423398001
17880,36618240,1.8440403938293457,,,0.00013827666522308097,4903.324631933001
17890,36638720,2.1065304279327393,,,0.00013814093314698313,4905.6400209210005
17900,36659200,2.044398784637451,1.9162640511989593,6.795523259579992,0.00013800522933519826,4909.946089935001
17910,36679680,1.909207820892334,,,0.00013786955393053002,4912.207442623001
17920,36700160,1.8217191696166992,,,0.00013773390707575226,4914.514955042001
17930,36720640,2.016040325164795,,,0.00013759828891360884,4916.905403584001
17940,36741120,2.2692019939422607,,,0.0001374626995868133,4919.283299255001
17950,36761600,1.8700039386749268,,,0.00013732713923804893,4921.711790426001
17960,36782080,1.801068902015686,,,0.00013719160800996843,4924.077160156001
17970,36802560,1.9832556247711182,,,0.00013705610604519399,4926.572270462
17980,36823040,2.007441997528076,,,0.00013692063348631693,4928.975673244
17990,36843520,2.044497013092041,,,0.0001367851904758976,4931.440695097001
18000,36864000,2.138026237487793,1.915660697221756,6.791424390253047,0.00013664977715646535,4935.881249633001
18010,36884480,2.1176888942718506,,,0.00013651439367051813,4940.478544244001
18020,36904960,1.8743910789489746,,,0.00013637904016052264,4942.771895023001
18030,36925440,1.7525945901870728,,,0.00013624371676891395,4945.114137719001
18040,36945920,2.068854331970215,,,0.00013610842363809552,4947.639458385001
18050,36966400,2.0012593269348145,,,0.0001359731609104389,4949.877049459001
18060,36986880,1.8816161155700684,,,0.00013583792872828358,4952.137430146
18070,37007360,2.1412646770477295,,,0.00013570272723393713,4954.641900569
18080,37027840,1.9329347610473633,,,0.00013556755656967458,4956.984479568
18090,37048320,1.9723719358444214,,,0.00013543241687773866,4959.336858141
18100,37068800,1.7743730545043945,1.9129760921001435,6.7732165489194625,0.00013529730830033946,4963.672364965001
18110,37089280,2.363004446029663,,,0.00013516223097965433,4966.0191380960005
18120,37109760,2.2755308151245117,,,0.00013502718505782778,4968.654765689001
18130,37130240,1.8956997394561768,,,0.00013489217067697115,4971.082230152
18140,37150720,1.6922481060028076,,,0.00013475718797916272,4973.468965276001
18150,37171200,2.286187171936035,,,0.0001346222371064474,4975.901470931
18160,37191680,2.022128105163574,,,0.00013448731820083656,4978.432715411001
18170,37212160,2.037497043609619,,,0.00013435243140430796,4980.879479997
18180,37232640,1.8486714363098145,,,0.00013421757685880558,4983.298334571001
18190,37253120,2.180788040161133,,,0.00013408275470623947,4985.570748062
18200,37273600,2.030064821243286,1.9122207522392274,6.768102400176798,0.0001339479650884855,4989.958951755001
18210,37294080,1.9194068908691406,,,0.0001338132081473855,4992.685956609001
18220,37314560,1.725928783416748,,,0.00013367848402474672,4995.187292894001
18230,37335040,1.8263442516326904,,,0.0001335437928623419,4997.472649135001
18240,37355520,1.9765244722366333,,,0.00013340913480190927,4999.694944195
18250,37376000,2.06193470954895,,,0.00013327450998515197,5002.201247140001
18260,37396480,1.9775148630142212,,,0.00013313991855373836,5004.614229745001
18270,37416960,2.171304941177368,,,0.00013300536064930158,5006.974601565001
18280,37437440,1.7618590593338013,,,0.00013287083641343945,5009.402001038001
18290,37457920,1.9121466875076294,,,0.00013273634598771455,5011.984429013
18300,37478400,1.9800411462783813,1.9111387073993682,6.760782970588702,0.00013260188951365358,5016.368434591001
18310,37498880,1.840101718902588,,,0.00013246746713274776,5018.689183266
18320,37519360,2.1386399269104004,,,0.00013233307898645238,5021.258076113001
18330,37539840,2.109983444213867,,,0.0001321987252161866,5023.506787128001
18340,37560320,2.025026798248291,,,0.00013206440596333352,5025.8726710440005
18350,37580800,1.8635993003845215,,,0.00013193012136923982,5028.281819502001
18360,37601280,1.990466833114624,,,0.00013179587157521582,5030.733406675001
18370,37621760,1.9302235841751099,,,0.00013166165672253517,5033.250405462
18380,37642240,2.027644634246826,,,0.0001315274769524347,5035.572339305001
18390,37662720,2.204622983932495,,,0.0001313933324061144,5037.8759069180005
18400,37683200,1.850517749786377,1.9104903519153595,6.756401000564178,0.00013125922322473711,5042.454077701001
18410,37703680,1.8332891464233398,,,0.00013112514954942856,5044.784174562001
18420,37724160,1.9303202629089355,,,0.000130991111521277,5047.177087369
18430,37744640,2.129434108734131,,,0.0001308571092813333,5049.532081482001
18440,37765120,2.0736684799194336,,,0.00013072314297061052,5052.115616942001
18450,37785600,2.106581211090088,,,0.000130589212730084,5054.694836577
18460,37806080,1.7619287967681885,,,0.0001304553187006912,5057.117431689001
18470,37826560,1.5746088027954102,,,0.00013032146102333125,5059.490491638
18480,37847040,1.9427717924118042,,,0.00013018763983886522,5061.811141151001
18490,37867520,1.893020510673523,,,0.00013005385528811576,5064.284311737001
18500,37888000,1.8399486541748047,1.90671768784523,6.7309593907654,0.00012992010751186684,5068.638466544
18510,37908480,1.937912106513977,,,0.0001297863966508639,5074.164333640001
18520,37928960,1.8114759922027588,,,0.0001296527228458134,5076.728907416001
18530,37949440,1.9968032836914062,,,0.00012951908623738288,5079.098736199001
18540,37969920,2.0667552947998047,,,0.00012938548696620074,5081.432970017001
18550,37990400,1.9771811962127686,,,0.000129251925172856,5083.724544048001
18560,38010880,1.5621919631958008,,,0.00012911840099789839,5086.188616797001
18570,38031360,2.139413833618164,,,0.00012898491458183787,5088.6418106500005
18580,38051840,2.0364274978637695,,,0.00012885146606514487,5090.981142644001
18590,38072320,1.727562665939331,,,0.0001287180555882497,5093.391572997
18600,38092800,2.105550527572632,1.9027986347675323,6.704632026514882,0.0001285846832915429,5097.764487367001
18610,38113280,1.970637559890747,,,0.00012845134931537463,5100.176238711
18620,38133760,1.9564900398254395,,,0.00012831805380005484,5102.540751820001
18630,38154240,1.9228239059448242,,,0.00012818479688585295,5105.068277400001
18640,38174720,1.7135190963745117,,,0.00012805157871299775,5107.583657524001
18650,38195200,2.2973175048828125,,,0.0001279183994216773,5110.109616212
18660,38215680,1.8546191453933716,,,0.00012778525915203877,5112.6705220740005
18670,38236160,1.8756234645843506,,,0.00012765215804418821,5115.363032025
18680,38256640,2.209639549255371,,,0.00012751909623819047,5117.752738628001
18690,38277120,1.964613437652588,,,0.000127386073874069,5120.264344239001
18700,38297600,2.06203556060791,1.9027621269226074,6.704387259316568,0.00012725309109180586,5124.8219357610005
18710,38318080,1.7540245056152344,,,0.00012712014803134132,5127.316561626
18720,38338560,2.1723458766937256,,,0.00012698724483257404,5129.584969198
18730,38359040,1.860588550567627,,,0.00012685438163536052,5131.987911113
18740,38379520,1.9594374895095825,,,0.0001267215585795153,5134.260502095
18750,38400000,1.7192952632904053,,,0.00012658877580481063,5136.638140581001
18760,38420480,2.0572779178619385,,,0.00012645603345097633,5139.138292426001
18770,38440960,1.7682359218597412,,,0.00012632333165769977,5141.534351958001
18780,38461440,2.0229413509368896,,,0.00012619067056462567,5143.840635579
18790,38481920,2.0243418216705322,,,0.0001260580503113557,5146.125009259001
18800,38502400,1.7634057998657227,1.903456938266754,6.7090471623291625,0.00012592547103744888,5149.74039666
18810,38522880,1.7738057374954224,,,0.00012579293288242078,5152.172826221001
18820,38543360,1.904088020324707,,,0.0001256604359857439,5154.562273131
18830,38563840,2.039074182510376,,,0.00012552798048684737,5156.876920455001
18840,38584320,1.7775681018829346,,,0.00012539556652511652,5159.298206470001
18850,38604800,1.870086431503296,,,0.00012526319423989318,5161.780420401001
18860,38625280,1.799652099609375,,,0.00012513086377047522,5164.252341880001
18870,38645760,1.8963173627853394,,,0.00012499857525611658,5166.694581033001
18880,38666240,2.0111472606658936,,,0.000124866328836027,5169.042886
18890,38686720,2.026059865951538,,,0.0001247341246493719,5171.279624906
18900,38707200,1.6896846294403076,1.897565770149231,6.669639230935777,0.00012460196283527232,5175.745204208
18910,38727680,1.9202675819396973,,,0.00012446984353280469,5178.09575724
18920,38748160,1.9536181688308716,,,0.00012433776688100065,5180.343615017001
18930,38768640,2.1780471801757812,,,0.00012420573301884702,5182.623731018
18940,38789120,2.127481460571289,,,0.00012407374208528557,5184.932332965001
18950,38809600,1.799522042274475,,,0.00012394179421921296,5187.2624726760005
18960,38830080,2.0469717979431152,,,0.0001238098895594804,5189.717461284001
18970,38850560,1.8228240013122559,,,0.00012367802824489376,5192.230598129001
18980,38871040,1.9664369821548462,,,0.00012354621041421314,5194.578009294
18990,38891520,1.8871440887451172,,,0.0001234144362061531,5196.992288458001
19000,38912000,2.168839931488037,1.8970158398151398,6.665972402347787,0.0001232827057593821,5201.072743336001
19010,38932480,2.2941603660583496,,,0.00012315101921252263,5205.800965725
19020,38952960,1.8475818634033203,,,0.000123019376704151,5208.202504494001
19030,38973440,2.1514034271240234,,,0.00012288777837279714,5210.576710925001
19040,38993920,2.0066120624542236,,,0.0001227562243569445,5212.999668967001
19050,39014400,1.929079532623291,,,0.00012262471479502994,5215.359657444001
19060,39034880,2.1392440795898438,,,0.00012249324982544345,5217.622692883001
19070,39055360,1.867056131362915,,,0.0001223618295865282,5220.093632015
19080,39075840,2.201261281967163,,,0.00012223045421658015,5222.548605330001
19090,39096320,1.7846238613128662,,,0.00012209912385384826,5225.016836503
19100,39116800,2.0402588844299316,1.894667422771454,6.650336286392157,0.00012196783863653388,5229.692903378001
19110,39137280,2.022648334503174,,,0.00012183659870279104,5232.123292197
19120,39157760,1.8802928924560547,,,0.00012170540419072603,5234.6745626090005
19130,39178240,1.9414327144622803,,,0.00012157425523839734,5237.193956355
19140,39198720,1.960625410079956,,,0.00012144315198381558,5239.444785693001
19150,39219200,1.9306355714797974,,,0.00012131209456494315,5241.7124791470005
19160,39239680,1.8480843305587769,,,0.00012118108311969437,5243.9410218620005
19170,39260160,1.9785964488983154,,,0.00012105011778593511,5246.5834043390005
19180,39280640,2.176332950592041,,,0.00012091919870148265,5248.867778515
19190,39301120,1.9836958646774292,,,0.0001207883260041057,5251.09911652
19200,39321600,1.9883995056152344,1.8935095965862274,6.642640808771647,0.0001206574998315241,5255.66844714
19210,39342080,2.0139153003692627,,,0.00012052672032140875,5258.098463096001
19220,39362560,1.8058152198791504,,,0.00012039598761138151,5260.458226914001
19230,39383040,2.0118672847747803,,,0.00012026530183901482,5263.248371484001
19240,39403520,1.798705816268921,,,0.0001201346631418319,5265.813882049
19250,39424000,1.8415091037750244,,,0.00012000407165730633,5268.417243723001
19260,39444480,1.8608462810516357,,,0.00011987352752286211,5270.959910650001
19270,39464960,2.0528056621551514,,,0.00011974303087587325,5273.6583282910005
19280,39485440,2.0322930812835693,,,0.00011961258185366394,5276.116357033001
19290,39505920,2.0867252349853516,,,0.00011948218059350821,5278.504853078
19300,39526400,1.7569828033447266,1.8923833310604095,6.63516364285582,0.00011935182723262977,5283.1076400970005
19310,39546880,2.292658805847168,,,0.00011922152190820202,5285.545592163001
19320,39567360,2.2620558738708496,,,0.00011909126475734768,5288.164722058001
19330,39587840,1.832047700881958,,,0.00011896105591713894,5290.453751713
19340,39608320,1.860851526260376,,,0.00011883089552459702,5292.761786678001
19350,39628800,1.9314543008804321,,,0.00011870078371669225,5294.970663868001
19360,39649280,1.8457245826721191,,,0.00011857072063034375,5297.393953765
19370,39669760,1.8072395324707031,,,0.00011844070640241939,5299.667615275001
19380,39690240,1.8037818670272827,,,0.00011831074116973569,5301.950864227
19390,39710720,2.1065115928649902,,,0.00011818082506905757,5304.2279272470005
19400,39731200,1.8195140361785889,1.8915488064289092,6.629628745187263,0.00011805095823709821,5308.545505038001
19410,39751680,1.7266268730163574,,,0.00011792114081051902,5310.960598255001
19420,39772160,1.8631515502929688,,,0.00011779137292592931,5313.351450014001
19430,39792640,1.732224941253662,,,0.00011766165471988638,5315.646178087
19440,39813120,2.096431255340576,,,0.00011753198632889516,5317.909035581
19450,39833600,1.9390119314193726,,,0.0001174023678894082,5320.299724816001
19460,39854080,2.159923791885376,,,0.00011727279953782553,5322.574697889001
19470,39874560,1.9988195896148682,,,0.00011714328141049431,5324.856416654001
19480,39895040,1.7855985164642334,,,0.00011701381364370907,5327.116876546001
19490,39915520,1.9479657411575317,,,0.00011688439637371114,5329.482442718001
19500,39936000,1.7718989849090576,1.8912937879562377,6.627938282948997,0.00011675502973668886,5334.163490277001
19510,39956480,2.2203149795532227,,,0.00011662571386877726,5338.414306457001
19520,39976960,1.8594852685928345,,,0.00011649644890605782,5341.042643816
19530,39997440,1.9586055278778076,,,0.00011636723498455866,5343.348048353
19540,40017920,1.7698975801467896,,,0.00011623807224025399,5345.69420264
19550,40038400,1.6774001121520996,,,0.00011610896080906429,5348.0748671030005
19560,40058880,2.000112295150757,,,0.00011597990082685598,5350.732447092
19570,40079360,1.7730906009674072,,,0.00011585089242944136,5353.099648743
19580,40099840,1.8425780534744263,,,0.00011572193575257849,5355.401278593001
19590,40120320,1.6325682401657104,,,0.00011559303093197094,5357.880295886001
19600,40140800,1.9629168510437012,1.8874046146869659,6.602211143628179,0.00011546417810326775,5362.481861822001
19610,40161280,1.805492639541626,,,0.00011533537740206318,5364.900285025001
19620,40181760,1.9191901683807373,,,0.00011520662896389673,5367.327595521001
19630,40202240,1.7474383115768433,,,0.0001150779329242529,5369.917568277001
19640,40222720,1.6612534523010254,,,0.00011494928941856091,5372.316318624001
19650,40243200,1.9797732830047607,,,0.00011482069858219487,5374.821374254001
19660,40263680,2.006486654281616,,,0.00011469216055047334,5377.3597523710005
19670,40284160,1.9309728145599365,,,0.0001145636754586594,5379.852513586001
19680,40304640,2.080327272415161,,,0.00011443524344196041,5382.339746931
19690,40325120,1.6417664289474487,,,0.00011430686463552778,5384.802906240001
19700,40345600,1.9765665531158447,1.8836497128009797,6.577466973591585,0.00011417853917445709,5389.241312253001
19710,40366080,2.054246425628662,,,0.00011405026719378758,5391.905092943
19720,40386560,1.9208130836486816,,,0.0001139220488285024,5394.202825012
19730,40407040,2.0810866355895996,,,0.00011379388421352823,5396.513057904001
19740,40427520,1.9582946300506592,,,0.00011366577348373507,5398.763659506
19750,40448000,1.935714840888977,,,0.00011353771677393638,5401.046577707
19760,40468480,1.9465041160583496,,,0.00011340971421888866,5403.351396790001
19770,40488960,2.0235867500305176,,,0.0001132817659532915,5405.881546539001
19780,40509440,1.7951734066009521,,,0.00011315387211178728,5408.2671891420005
19790,40529920,1.7750155925750732,,,0.00011302603282896116,5410.791015786001
19800,40550400,2.09091854095459,1.8797675848007203,6.551981905038672,0.00011289824823934088,5415.110142364
19810,40570880,1.9612507820129395,,,0.00011277051847739663,5417.498014330001
19820,40591360,1.709813117980957,,,0.00011264284367754093,5420.0297016310005
19830,40611840,1.9167946577072144,,,0.00011251522397412836,5422.405889372
19840,40632320,1.9644749164581299,,,0.00011238765950145565,5424.841137702
19850,40652800,1.7904772758483887,,,0.00011226015039376133,5427.218742747001
19860,40673280,1.9946632385253906,,,0.00011213269678522564,5429.56195506
19870,40693760,1.8603529930114746,,,0.00011200529880997056,5431.886785717001
19880,40714240,2.1535983085632324,,,0.00011187795660205935,5434.419519797
19890,40734720,1.6966869831085205,,,0.0001117506702954967,5436.750295316001
19900,40755200,1.8042864799499512,1.8784631013870239,6.543440525571855,0.00011162344002422844,5441.175380490001
19910,40775680,1.9544801712036133,,,0.00011149626592214141,5443.681847636
19920,40796160,1.8953964710235596,,,0.00011136914812306341,5446.085380902001
19930,40816640,1.754228115081787,,,0.0001112420867607629,5448.377239501001
19940,40837120,1.8841230869293213,,,0.00011111508196894901,5450.832143084001
19950,40857600,1.9392080307006836,,,0.00011098813388127133,5453.154889667001
19960,40878080,1.8888514041900635,,,0.00011086124263131979,5455.691744476001
19970,40898560,1.7057609558105469,,,0.00011073440835262449,5458.012098807
19980,40919040,1.939394474029541,,,0.00011060763117865553,5460.4005018670005
19990,40939520,1.8952003717422485,,,0.00011048091124282306,5462.874805245001
20000,40960000,1.8411304950714111,1.8819353699684143,6.566200600201503,0.00011035424867847683,5466.8472980100005
20010,40980480,1.9447782039642334,,,0.00011022764361890634,5471.354926252001
20020,41000960,1.714417576789856,,,0.0001101010961973405,5474.036550247
20030,41021440,1.7956998348236084,,,0.00010997460654694761,5476.3428512830005
20040,41041920,1.8891949653625488,,,0.0001098481748008352,5478.737714444001
20050,41062400,1.9224154949188232,,,0.00010972180109204975,5481.326423889001
20060,41082880,2.1175875663757324,,,0.00010959548555357683,5483.738794061001
20070,41103360,1.9727156162261963,,,0.00010946922831834067,5486.092339914001
20080,41123840,2.0032336711883545,,,0.00010934302951920417,5488.334689301
20090,41144320,2.0723519325256348,,,0.00010921688928896878,5490.787338322
20100,41164800,1.876533031463623,1.8793781876564026,6.549431078669713,0.0001090908077603743,5494.482881371001
20110,41185280,2.021885871887207,,,0.00010896478506609874,5496.913790575
20120,41205760,2.0960373878479004,,,0.00010883882133875819,5499.336166878001
20130,41226240,1.7629480361938477,,,0.00010871291671090671,5501.81158372
20140,41246720,1.8384157419204712,,,0.00010858707131503619,5504.19987094
20150,41267200,2.1234583854675293,,,0.00010846128528357612,5506.442826586001
20160,41287680,1.9363170862197876,,,0.00010833555874889357,5508.719096770001
20170,41308160,2.0230650901794434,,,0.0001082098918432931,5511.122100250001
20180,41328640,1.9228757619857788,,,0.00010808428469901622,5513.611486869001
20190,41349120,2.044822931289673,,,0.00010795873744824186,5515.9284228080005
20200,41369600,2.0076818466186523,1.8773508429527284,6.536166574664495,0.0001078332502230858,5520.333624443
20210,41390080,1.8648784160614014,,,0.00010770782315560064,5522.632316383
20220,41410560,1.9238100051879883,,,0.00010758245637777577,5524.990734694001
20230,41431040,2.022090196609497,,,0.00010745715002153695,5527.235308307
20240,41451520,2.2814083099365234,,,0.00010733190421874647,5529.656308874
20250,41472000,1.8606605529785156,,,0.00010720671910120308,5532.143849552001
20260,41492480,1.943560242652893,,,0.00010708159480064128,5534.547868986001
20270,41512960,1.6085461378097534,,,0.00010695653144873186,5536.873372096001
20280,41533440,2.1295533180236816,,,0.0001068315291770814,5539.185221241
20290,41553920,1.8751444816589355,,,0.00010670658811723219,5541.518246478001
20300,41574400,1.7065472602844238,1.878849846124649,6.545971656180256,0.00010658170840066215,5545.243539204001
20310,41594880,2.029893159866333,,,0.00010645689015878453,5547.497000468001
20320,41615360,1.9658339023590088,,,0.00010633213352294799,5549.783615151001
20330,41635840,1.74284029006958,,,0.00010620743862443637,5552.072919100001
20340,41656320,2.079657793045044,,,0.00010608280559446849,5554.541521287
20350,41676800,1.985926628112793,,,0.00010595823456419812,5556.80398339
20360,41697280,1.8160103559494019,,,0.0001058337256647137,5559.220257600001
20370,41717760,1.750544786453247,,,0.00010570927902703836,5561.497733402
20380,41738240,1.9761989116668701,,,0.00010558489478212971,5563.978197249001
20390,41758720,2.0762596130371094,,,0.0001054605730608797,5566.317716273001
20400,41779200,2.1116623878479004,1.873796182870865,6.5129739695879065,0.00010533631399411441,5570.591168878001
20410,41799680,1.8235247135162354,,,0.00010521211771259406,5572.799380082
20420,41820160,1.598675012588501,,,0.00010508798434701281,5575.074327917001
20430,41840640,2.1638903617858887,,,0.0001049639140279986,5577.538471260001
20440,41861120,1.8683110475540161,,,0.00010483990688611304,5580.003981322001
20450,41881600,2.0146384239196777,,,0.00010471596305185113,5582.232717548
20460,41902080,1.8187838792800903,,,0.00010459208265564138,5584.704326321001
20470,41922560,2.0047481060028076,,,0.00010446826582784566,5587.194077608001
20480,41943040,1.8158600330352783,,,0.00010434451269875861,5589.472363754001
20490,41963520,2.026177406311035,,,0.00010422082339860811,5592.079835345001
20500,41984000,1.8687328100204468,1.8725818514823913,6.505069860939223,0.00010409719805755479,5596.453337301001
20510,42004480,1.8397588729858398,,,0.00010397363680569199,5600.844347532001
20520,42024960,1.868591547012329,,,0.00010385013977304563,5603.118899373
20530,42045440,2.029709815979004,,,0.00010372670708957391,5605.588231565001
20540,42065920,1.839597225189209,,,0.00010360333888516745,5607.994340898001
20550,42086400,1.8779301643371582,,,0.000103480035289649,5610.289606774
20560,42106880,1.859792709350586,,,0.0001033567964327734,5612.5786174410005
20570,42127360,2.1700406074523926,,,0.00010323362244422711,5615.023589956
20580,42147840,2.0383188724517822,,,0.00010311051345362857,5617.551473532
20590,42168320,2.088102340698242,,,0.00010298746959052771,5619.819866588001
20600,42188800,2.1158862113952637,1.8707324624061585,6.493050573393553,0.000102864490984406,5624.093572277001
20610,42209280,1.9376800060272217,,,0.0001027415777646762,5626.674885426
20620,42229760,1.983376383781433,,,0.00010261873006068218,5628.985327477
20630,42250240,1.750936508178711,,,0.000102495948001699,5631.427377101
20640,42270720,1.8538472652435303,,,0.00010237323171693255,5633.856580106
20650,42291200,1.9781248569488525,,,0.00010225058133551958,5636.211816745001
20660,42311680,1.985612392425537,,,0.0001021279969865275,5639.264348847
20670,42332160,2.0891830921173096,,,0.00010200547879895397,5641.820279262
20680,42352640,1.8758487701416016,,,0.00010188302690172743,5644.075270309
20690,42373120,2.0494489669799805,,,0.00010176064142370637,5646.417032566001
20700,42393600,1.8772945404052734,1.869011104106903,6.481883321080232,0.00010163832249367927,5650.713158055
20710,42414080,1.9553582668304443,,,0.00010151607024036475,5653.024258718001
20720,42434560,1.7825226783752441,,,0.00010139388479241121,5655.326696571001
20730,42455040,1.886082410812378,,,0.0001012717662783968,5657.634963351001
20740,42475520,1.8488268852233887,,,0.00010114971482682908,5659.884259774
20750,42496000,2.133420467376709,,,0.00010102773056614517,5662.312140265
20760,42516480,2.213103771209717,,,0.00010090581362471149,5664.700632951
20770,42536960,2.0145347118377686,,,0.00010078396413082357,5667.1238040670005
20780,42557440,1.6625163555145264,,,0.000100662182212706,5669.52412521
20790,42577920,2.120391845703125,,,0.0001005404679985122,5672.500822366001
20800,42598400,1.820878267288208,1.8687113761901855,6.479940810822816,0.00010041882161632437,5676.786060078
20810,42618880,1.9384855031967163,,,0.00010029724319415338,5679.4309423330005
20820,42639360,1.9926677942276,,,0.0001001757328599385,5681.9379876680005
20830,42659840,2.072195529937744,,,0.00010005429074154748,5684.204847517
20840,42680320,1.8394041061401367,,,9.993291696677607e-05,5686.538427426
20850,42700800,1.5816859006881714,,,9.981161166334832e-05,5688.888601708
20860,42721280,1.891501784324646,,,9.96903749589161e-05,5691.372783789001
20870,42741760,1.7155237197875977,,,9.956920698105912e-05,5693.874123447001
20880,42762240,1.829667329788208,,,9.944810785728486e-05,5696.290213691001
20890,42782720,1.9704883098602295,,,9.932707771502806e-05,5698.616441288001
20900,42803200,1.8311725854873657,1.8659894168376923,6.4623266587076,9.920611668165133e-05,5702.988065278
20910,42823680,2.049003839492798,,,9.908522488444412e-05,5705.368532457001
20920,42844160,1.9218895435333252,,,9.896440245062321e-05,5707.676428907001
20930,42864640,2.011223793029785,,,9.88436495073324e-05,5710.162986964001
20940,42885120,2.191000461578369,,,9.872296618164234e-05,5712.613034895001
20950,42905600,1.9770565032958984,,,9.860235260055046e-05,5715.116217680001
20960,42926080,1.7474445104599,,,9.848180889098064e-05,5717.59971234
20970,42946560,1.8067525625228882,,,9.836133517978341e-05,5720.027190943
20980,42967040,1.891349196434021,,,9.824093159373558e-05,5722.407732375001
20990,42987520,2.531339645385742,,,9.812059825954015e-05,5724.973263580001
21000,43008000,1.7907159328460693,1.8660857439041139,6.462949185659507,9.800033530382627e-05,5729.065724142
21010,43028480,2.123108386993408,,,9.788014285314883e-05,5733.69460373
21020,43048960,1.852552890777588,,,9.776002103398875e-05,5736.333409549001
21030,43069440,2.28802490234375,,,9.763996997275247e-05,5738.910535250001
21040,43089920,1.583862066268921,,,9.751998979577212e-05,5741.324668335001
21050,43110400,2.0135693550109863,,,9.740008062930512e-05,5743.919778795001
21060,43130880,1.995375156402588,,,9.728024259953412e-05,5746.46022908
21070,43151360,1.9293971061706543,,,9.716047583256704e-05,5748.989614943001
21080,43171840,1.7607523202896118,,,9.704078045443677e-05,5751.767037339001
21090,43192320,1.7980921268463135,,,9.692115659110104e-05,5754.123457795001
21100,43212800,1.8924305438995361,1.8646018862724305,6.4533662008381105,9.680160436844239e-05,5758.453165379001
21110,43233280,1.8412435054779053,,,9.668212391226778e-05,5760.815772950001
21120,43253760,1.9237558841705322,,,9.656271534830899e-05,5763.253646135001
21130,43274240,1.5610313415527344,,,9.64433788022218e-05,5765.797146936001
21140,43294720,1.9619147777557373,,,9.632411439958642e-05,5768.016090589001
21150,43315200,1.9457515478134155,,,9.620492226590707e-05,5770.434731642001
21160,43335680,1.8985251188278198,,,9.608580252661191e-05,5772.951735193001
21170,43356160,2.066986560821533,,,9.5966755307053e-05,5775.376592932001
21180,43376640,2.100003719329834,,,9.58477807325059e-05,5777.899478744001
21190,43397120,1.961442232131958,,,9.572887892816991e-05,5780.357765842001
21200,43417600,1.7589540481567383,1.8636541724205018,6.447253153465386,9.56100500191677e-05,5784.728985794
21210,43438080,1.8773863315582275,,,9.549129413054518e-05,5787.147282878001
21220,43458560,2.062067747116089,,,9.537261138727155e-05,5789.609770724001
21230,43479040,1.8867380619049072,,,9.525400191423882e-05,5792.053685500001
21240,43499520,1.8843364715576172,,,9.513546583626208e-05,5794.450496683001
21250,43520000,1.9520282745361328,,,9.50170032780791e-05,5796.9020989050005
21260,43540480,1.9384493827819824,,,9.489861436435035e-05,5799.26914068
21270,43560960,1.7145236730575562,,,9.47802992196588e-05,5801.763973721
21280,43581440,2.0151402950286865,,,9.466205796850963e-05,5804.0515736160005
21290,43601920,1.6493858098983765,,,9.454389073533046e-05,5806.343614562001
21300,43622400,1.8345005512237549,1.8622218787670135,6.438025403692497,9.442579764447093e-05,5810.996712880001
21310,43642880,1.6586840152740479,,,9.430777882020268e-05,5813.292098541001
21320,43663360,1.6988201141357422,,,9.418983438671922e-05,5815.675547618001
21330,43683840,1.9094598293304443,,,9.407196446813563e-05,5818.312563832001
21340,43704320,1.7814055681228638,,,9.395416918848888e-05,5820.720935323001
21350,43724800,1.754967212677002,,,9.383644867173705e-05,5823.144004840001
21360,43745280,1.9402813911437988,,,9.371880304175976e-05,5825.643371328
21370,43765760,1.8954153060913086,,,9.360123242235778e-05,5828.137623399
21380,43786240,1.9032204151153564,,,9.348373693725293e-05,5830.543289349001
21390,43806720,1.8729686737060547,,,9.3366316710088e-05,5832.863756806
21400,43827200,1.6617226600646973,1.8628568768501281,6.442114835736226,9.32489718644265e-05,5836.599453557001
21410,43847680,1.6911590099334717,,,9.313170252375266e-05,5838.904814660001
21420,43868160,1.9603734016418457,,,9.301450881147131e-05,5841.435708026001
21430,43888640,1.891802191734314,,,9.289739085090764e-05,5843.9525358070005
21440,43909120,1.709082841873169,,,9.278034876530718e-05,5846.540145038
21450,43929600,2.1058871746063232,,,9.266338267783547e-05,5849.258761525
21460,43950080,1.810539722442627,,,9.254649271157821e-05,5851.757390160001
21470,43970560,1.951275110244751,,,9.242967898954098e-05,5854.267618880001
21480,43991040,1.7803089618682861,,,9.23129416346491e-05,5856.57167369
21490,44011520,1.8915926218032837,,,9.219628076974752e-05,5858.868057925
21500,44032000,2.3031082153320312,1.8580295383930205,6.411091507342887,9.20796965176008e-05,5863.30794751
21510,44052480,1.6406280994415283,,,9.196318900089265e-05,5867.799256540001
21520,44072960,1.7744460105895996,,,9.184675834222626e-05,5869.973733335
21530,44093440,1.6075258255004883,,,9.173040466412383e-05,5872.18768925
21540,44113920,1.8640657663345337,,,9.161412808902664e-05,5874.7025793170005
21550,44134400,1.6550981998443604,,,9.14979287392946e-05,5877.182651353
21560,44154880,1.901057481765747,,,9.138180673720673e-05,5879.534712458
21570,44175360,1.7652671337127686,,,9.12657622049603e-05,5882.125426134001
21580,44195840,1.881270170211792,,,9.114979526467129e-05,5884.718102889001
21590,44216320,1.9643547534942627,,,9.103390603837382e-05,5887.188532565001
21600,44236800,1.753378987312317,1.857357919216156,6.406787140951227,9.091809464802053e-05,5891.512719128001
21610,44257280,1.910545825958252,,,9.080236121548183e-05,5893.811401897001
21620,44277760,1.9043426513671875,,,9.068670586254629e-05,5896.368119645001
21630,44298240,2.1571707725524902,,,9.057112871092027e-05,5898.750941661001
21640,44318720,1.8959848880767822,,,9.045562988222787e-05,5901.246733797001
21650,44339200,1.8866469860076904,,,9.034020949801058e-05,5903.552741008
21660,44359680,1.7260289192199707,,,9.022486767972766e-05,5905.8503416720005
21670,44380160,1.6865696907043457,,,9.01096045487555e-05,5908.155145222001
21680,44400640,2.1771841049194336,,,8.999442022638764e-05,5911.138642875
21690,44421120,1.7493696212768555,,,8.987931483383478e-05,5913.435545276001
21700,44441600,2.0839428901672363,1.8566307306289673,6.402129892016148,8.976428849222454e-05,5917.843099173001
21710,44462080,1.9871973991394043,,,8.964934132260144e-05,5920.155850387001
21720,44482560,2.086124897003174,,,8.95344734459264e-05,5922.481138340001
21730,44503040,2.110032081604004,,,8.941968498307733e-05,5925.015718467001
21740,44523520,1.84364652633667,,,8.930497605484818e-05,5927.370974052001
21750,44544000,1.6113158464431763,,,8.919034678194945e-05,5929.719989326
21760,44564480,2.009655237197876,,,8.90757972850076e-05,5931.971579088001
21770,44584960,1.7532269954681396,,,8.896132768456545e-05,5934.636949327
21780,44605440,1.973621129989624,,,8.884693810108143e-05,5936.926637947001
21790,44625920,2.0467000007629395,,,8.873262865492996e-05,5939.145304196
21800,44646400,1.8268284797668457,1.8565215587615966,6.40143099769118,8.861839946640104e-05,5943.800813177
21810,44666880,2.093508720397949,,,8.85042506557003e-05,5946.326545145001
21820,44687360,2.0335140228271484,,,8.839018234294859e-05,5948.749425882001
21830,44707840,1.8023278713226318,,,8.82761946481824e-05,5951.070573147001
21840,44728320,2.089369058609009,,,8.816228769135301e-05,5953.557807122001
21850,44748800,2.0027358531951904,,,8.804846159232699e-05,5955.808717702001
21860,44769280,1.9678725004196167,,,8.793471647088563e-05,5958.102179906001
21870,44789760,1.858871579170227,,,8.782105244672521e-05,5960.563437795001
21880,44810240,1.6010271310806274,,,8.77074696394566e-05,5963.022180886001
21890,44830720,2.0151333808898926,,,8.7593968168605e-05,5965.5991108630005
21900,44851200,1.6877273321151733,1.8565874814987182,6.40185301145404,8.748054815361043e-05,5969.512146314
21910,44871680,1.9066227674484253,,,8.736720971382675e-05,5972.002502773001
21920,44892160,1.9098083972930908,,,8.725395296852233e-05,5974.493083725
21930,44912640,2.0360822677612305,,,8.714077803687926e-05,5976.749607768001
21940,44933120,1.9003952741622925,,,8.702768503799389e-05,5978.994220564001
21950,44953600,1.793354868888855,,,8.691467409087602e-05,5981.436419214001
21960,44974080,1.6867822408676147,,,8.680174531444926e-05,5983.6683279280005
21970,44994560,1.7907264232635498,,,8.668889882755078e-05,5985.95649655
21980,45015040,1.839816689491272,,,8.657613474893114e-05,5988.364625857001
21990,45035520,2.1614999771118164,,,8.6463453197254e-05,5990.668657501001
22000,45056000,1.662665605545044,1.853741079568863,6.38365667401815,8.635085429109652e-05,5994.861424362
22010,45076480,2.056974172592163,,,8.623833814894856e-05,5999.133120615001
22020,45096960,1.9008090496063232,,,8.612590488921313e-05,6001.439500786
22030,45117440,1.7334413528442383,,,8.601355463020573e-05,6003.705077850001
22040,45137920,1.649444580078125,,,8.590128749015491e-05,6006.1941952530005
22050,45158400,1.7568550109863281,,,8.57891035872014e-05,6008.534301762001
22060,45178880,2.0620312690734863,,,8.567700303939854e-05,6010.851022952001
22070,45199360,1.7407134771347046,,,8.556498596471188e-05,6013.214081317001
22080,45219840,2.072720527648926,,,8.545305248101919e-05,6015.651677331
22090,45240320,2.2055349349975586,,,8.534120270611013e-05,6018.0815530790005
22100,45260800,1.7683308124542236,1.8517211258411408,6.37077499749822,8.52294367576864e-05,6022.588924294
22110,45281280,1.9060240983963013,,,8.511775475336154e-05,6025.317323587001
22120,45301760,1.932093620300293,,,8.50061568106606e-05,6027.768721472001
22130,45322240,1.9506570100784302,,,8.489464304702026e-05,6029.986464036001
22140,45342720,1.885016679763794,,,8.478321357978857e-05,6032.418608132
22150,45363200,2.1896591186523438,,,8.467186852622501e-05,6034.706991148
22160,45383680,2.0328378677368164,,,8.456060800349993e-05,6037.056605867001
22170,45404160,1.7241840362548828,,,8.444943212869514e-05,6039.6312985330005
22180,45424640,1.956497073173523,,,8.433834101880298e-05,6042.293260233
22190,45445120,1.945359706878662,,,8.422733479072688e-05,6044.841210615001
22200,45465600,2.24869441986084,1.8505089104175567,6.363056924714623,8.41164135612807e-05,6049.133678387001
22210,45486080,1.7004300355911255,,,8.400557744718914e-05,6051.575121418001
22220,45506560,1.8037636280059814,,,8.389482656508705e-05,6053.967843298001
22230,45527040,1.9784233570098877,,,8.378416103151977e-05,6056.446626867
22240,45547520,2.0720911026000977,,,8.367358096294278e-05,6058.987914573001
22250,45568000,1.8559194803237915,,,8.356308647572162e-05,6061.651326316
22260,45588480,1.7030367851257324,,,8.345267768613169e-05,6063.953101939001
22270,45608960,1.6731287240982056,,,8.334235471035835e-05,6066.195786946
22280,45629440,1.8511991500854492,,,8.323211766449657e-05,6068.629297357001
22290,45649920,1.89186692237854,,,8.312196666455098e-05,6071.217326195001
22300,45670400,2.008057117462158,1.8523507416248322,6.3747874009947285,8.301190182643544e-05,6075.009494923001
22310,45690880,1.87852942943573,,,8.290192326597344e-05,6077.58700551
22320,45711360,2.0011391639709473,,,8.279203109889755e-05,6080.2696968440005
22330,45731840,2.0249013900756836,,,8.268222544084925e-05,6082.856102771
22340,45752320,1.846441388130188,,,8.257250640737935e-05,6085.274755727
22350,45772800,1.9516959190368652,,,8.246287411394713e-05,6087.832159075001
22360,45793280,1.8356826305389404,,,8.235332867592091e-05,6090.39749378
22370,45813760,1.834719181060791,,,8.224387020857728e-05,6092.8463491
22380,45834240,1.871100902557373,,,8.21344988271017e-05,6095.303060546001
22390,45854720,1.6860833168029785,,,8.202521464658763e-05,6097.830097847001
22400,45875200,1.9750080108642578,1.8496347606182098,6.357497090198804,8.191601778203696e-05,6102.220018207001
22410,45895680,1.9228568077087402,,,8.180690834835963e-05,6104.520508058001
22420,45916160,1.8326863050460815,,,8.169788646037371e-05,6106.827409135
22430,45936640,1.887338638305664,,,8.158895223280483e-05,6109.34169223
22440,45957120,1.8220821619033813,,,8.148010578028678e-05,6111.801554409
22450,45977600,1.6067121028900146,,,8.137134721736065e-05,6114.156670583001
22460,45998080,1.790872573852539,,,8.126267665847523e-05,6116.491364425001
22470,46018560,1.8317419290542603,,,8.115409421798652e-05,6119.194710245
22480,46039040,1.672717571258545,,,8.104560001015812e-05,6121.4406287970005
22490,46059520,1.9451241493225098,,,8.093719414916039e-05,6123.78130011
22500,46080000,1.881382703781128,1.8467419385910033,6.339132558046781,8.082887674907097e-05,6127.972722431001
22510,46100480,1.9233067035675049,,,8.072064792387436e-05,6135.5602258690005
22520,46120960,1.947608470916748,,,8.061250778746185e-05,6138.0365879500005
22530,46141440,1.6783064603805542,,,8.050445645363134e-05,6140.726458414
22540,46161920,1.8717793226242065,,,8.039649403608727e-05,6143.313828562001
22550,46182400,1.695938229560852,,,8.028862064844074e-05,6145.830612108
22560,46202880,2.028132677078247,,,8.018083640420887e-05,6148.322524473001
22570,46223360,1.853442668914795,,,8.007314141681511e-05,6151.152074621001
22580,46243840,1.8576034307479858,,,7.996553579958897e-05,6153.504146156
22590,46264320,1.7583914995193481,,,7.985801966576597e-05,6155.781379256001
22600,46284800,2.0418524742126465,1.8454500138759613,6.330948163971964,7.975059312848728e-05,6160.313037467001
22610,46305280,1.7257628440856934,,,7.964325630080006e-05,6162.620716404001
22620,46325760,1.949589490890503,,,7.953600929565682e-05,6164.919481709001
22630,46346240,1.6701700687408447,,,7.942885222591572e-05,6167.296704042001
22640,46366720,1.865103840827942,,,7.932178520434006e-05,6169.64125355
22650,46387200,1.560080885887146,,,7.921480834359874e-05,6172.011452260001
22660,46407680,1.8238871097564697,,,7.910792175626542e-05,6174.6394382260005
22670,46428160,1.957400918006897,,,7.900112555481893e-05,6176.996542914
22680,46448640,2.151561737060547,,,7.889441985164299e-05,6179.311884895001
22690,46469120,1.9551451206207275,,,7.878780475902613e-05,6181.629590132001
22700,46489600,1.9510571956634521,1.8472104609012603,6.34210327894807,7.868128038916134e-05,6185.297818359
22710,46510080,1.6687164306640625,,,7.857484685414632e-05,6187.696367221
22720,46530560,1.8748834133148193,,,7.846850426598315e-05,6190.04477801
22730,46551040,1.5833215713500977,,,7.83622527365782e-05,6192.91627553
22740,46571520,1.5695955753326416,,,7.825609237774187e-05,6195.524246344001
22750,46592000,1.8098441362380981,,,7.815002330118886e-05,6197.86781451
22760,46612480,1.7950739860534668,,,7.804404561853776e-05,6200.118234393
22770,46632960,1.7780218124389648,,,7.793815944131075e-05,6202.517027080001
22780,46653440,1.704650640487671,,,7.783236488093407e-05,6204.871705644001
22790,46673920,1.852248191833496,,,7.772666204873725e-05,6207.174972844001
22800,46694400,1.669163703918457,1.8428438603878021,6.314470222679725,7.76210510559535e-05,6211.4000986480005
22810,46714880,1.7248902320861816,,,7.751553201371915e-05,6213.719332499
22820,46735360,1.6843187808990479,,,7.741010503307414e-05,6216.271992901001
22830,46755840,1.73753821849823,,,7.730477022496111e-05,6218.863852126001
22840,46776320,1.9294962882995605,,,7.719952770022602e-05,6221.14104921
22850,46796800,1.864057183265686,,,7.709437756961756e-05,6223.599797230001
22860,46817280,2.0648722648620605,,,7.69893199437873e-05,6225.988057541001
22870,46837760,1.7019734382629395,,,7.68843549332893e-05,6228.309973064001
22880,46858240,2.0397403240203857,,,7.677948264858031e-05,6230.689948813
22890,46878720,1.867645025253296,,,7.667470320001946e-05,6233.133891888001
22900,46899200,1.8355498313903809,1.8437168300151825,6.319984970150424,7.657001669786822e-05,6236.907489803
22910,46919680,1.792661190032959,,,7.646542325229008e-05,6239.208498008001
22920,46940160,1.9003703594207764,,,7.636092297335089e-05,6241.586320167001
22930,46960640,1.6399736404418945,,,7.625651597101821e-05,6244.085739298001
22940,46981120,2.136232376098633,,,7.615220235516161e-05,6246.341695737001
22950,47001600,1.9269211292266846,,,7.604798223555217e-05,6248.804470366001
22960,47022080,2.0254411697387695,,,7.594385572186286e-05,6251.120321522
22970,47042560,1.771945595741272,,,7.583982292366804e-05,6253.418630749001
22980,47063040,1.7919145822525024,,,7.573588395044328e-05,6255.815951617001
22990,47083520,1.7708381414413452,,,7.563203891156573e-05,6258.070066757001
23000,47104000,2.190335750579834,1.8400983095169068,6.297157301089549,7.55282879163134e-05,6262.381250214001
23010,47124480,2.0195202827453613,,,7.542463107386548e-05,6266.831584030001
23020,47144960,2.0483527183532715,,,7.53210684933021e-05,6269.106861265001
23030,47165440,1.7635183334350586,,,7.521760028360418e-05,6271.471741876001
23040,47185920,1.9506323337554932,,,7.511422655365321e-05,6273.819623213
23050,47206400,1.7839975357055664,,,7.501094741223142e-05,6276.3257410470005
23060,47226880,1.7717870473861694,,,7.490776296802142e-05,6278.713253694001
23070,47247360,1.924318790435791,,,7.480467332960623e-05,6281.1383682880005
23080,47267840,1.8871815204620361,,,7.470167860546895e-05,6283.394246164001
23090,47288320,1.9513081312179565,,,7.459877890399308e-05,6285.673643282001
23100,47308800,1.983176589012146,1.8378459930419921,6.282990070487734,7.44959743334618e-05,6290.103264665001
23110,47329280,1.8361079692840576,,,7.439326500205844e-05,6292.544018296001
23120,47349760,2.3505802154541016,,,7.429065101786587e-05,6294.821557989
23130,47370240,2.0313990116119385,,,7.418813248886697e-05,6297.103576851001
23140,47390720,1.6758376359939575,,,7.40857095229438e-05,6299.631252076
23150,47411200,1.7923768758773804,,,7.398338222787804e-05,6302.1117091900005
23160,47431680,1.722566843032837,,,7.38811507113507e-05,6304.664180238001
23170,47452160,1.924764633178711,,,7.377901508094202e-05,6306.965186318001
23180,47472640,1.7781922817230225,,,7.367697544413114e-05,6309.239322478001
23190,47493120,1.7872354984283447,,,7.35750319082965e-05,6311.551344154001
23200,47513600,1.7601325511932373,1.8374251186847688,6.280346277471745,7.347318458071521e-05,6316.348840743
23210,47534080,1.9294769763946533,,,7.337143356856308e-05,6318.677296430001
23220,47554560,1.9346592426300049,,,7.326977897891472e-05,6321.175145818001
23230,47575040,1.8884955644607544,,,7.316822091874321e-05,6323.941387032
23240,47595520,1.9904839992523193,,,7.306675949492009e-05,6326.255795625
23250,47616000,2.0721523761749268,,,7.296539481421503e-05,6328.748092965001
23260,47636480,2.22519588470459,,,7.286412698329623e-05,6331.148834579
23270,47656960,1.7304911613464355,,,7.276295610872963e-05,6333.4280100490005
23280,47677440,1.9028490781784058,,,7.266188229697939e-05,6335.7255679810005
23290,47697920,1.681911826133728,,,7.256090565440729e-05,6338.202072146
23300,47718400,1.8733729124069214,1.8371526420116424,6.278635262728367,7.246002628727315e-05,6342.538372415001
23310,47738880,1.9028300046920776,,,7.235924430173416e-05,6345.114920327001
23320,47759360,1.675154685974121,,,7.225855980384516e-05,6347.5652470410005
23330,47779840,2.192892074584961,,,7.215797289955844e-05,6350.196371824
23340,47800320,1.7715675830841064,,,7.205748369472352e-05,6352.701539592001
23350,47820800,1.8541494607925415,,,7.195709229508703e-05,6355.211820941001
23360,47841280,1.8524048328399658,,,7.185679880629293e-05,6357.711718238001
23370,47861760,2.0035839080810547,,,7.175660333388186e-05,6360.024545483001
23380,47882240,1.848048448562622,,,7.165650598329154e-05,6362.307818297
23390,47902720,1.6352962255477905,,,7.155650685985619e-05,6364.637618086001
23400,47923200,1.595053791999817,1.8350745916366578,6.265601489475265,7.145660606880695e-05,6369.156069615001
23410,47943680,2.051668167114258,,,7.135680371527134e-05,6371.566470307001
23420,47964160,1.9478797912597656,,,7.12570999042732e-05,6373.906699128001
23430,47984640,1.989583969116211,,,7.115749474073289e-05,6376.266886567
23440,48005120,1.686091661453247,,,7.105798832946675e-05,6378.511639789001
23450,48025600,1.9991930723190308,,,7.095858077518735e-05,6381.139941989
23460,48046080,1.7999744415283203,,,7.085927218250308e-05,6383.468925712001
23470,48066560,1.8673455715179443,,,7.076006265591841e-05,6385.781021062001
23480,48087040,2.072941303253174,,,7.066095229983335e-05,6388.581833563001
23490,48107520,1.7188589572906494,,,7.056194121854363e-05,6391.356598574001
23500,48128000,1.9251303672790527,1.8346995770931245,6.263252238321934,7.046302951624057e-05,6395.5714874020005
23510,48148480,1.9299300909042358,,,7.036421729701085e-05,6400.399676159001
23520,48168960,1.807687520980835,,,7.026550466483637e-05,6402.894879571
23530,48189440,1.9219051599502563,,,7.01668917235945e-05,6405.305558462001
23540,48209920,2.0499048233032227,,,7.006837857705742e-05,6407.5200881460005
23550,48230400,1.727334976196289,,,6.996996532889247e-05,6409.759408927001
23560,48250880,2.1773810386657715,,,6.98716520826617e-05,6411.992430762
23570,48271360,1.800188422203064,,,6.977343894182216e-05,6414.3006272600005
23580,48291840,1.872788667678833,,,6.967532600972535e-05,6416.6637960630005
23590,48312320,1.8653156757354736,,,6.957731338961741e-05,6419.133166352
23600,48332800,1.7920862436294556,1.835710233449936,6.269585433813976,6.947940118463891e-05,6423.09568568
23610,48353280,2.0893166065216064,,,6.938158949782481e-05,6425.339141541001
23620,48373760,1.8338358402252197,,,6.928387843210412e-05,6427.726679106001
23630,48394240,1.8956127166748047,,,6.918626809030009e-05,6430.428155576001
23640,48414720,1.8263306617736816,,,6.908875857513009e-05,6433.100512101
23650,48435200,1.7977683544158936,,,6.899134998920512e-05,6435.570205252001
23660,48455680,1.7840666770935059,,,6.889404243503015e-05,6437.950956971001
23670,48476160,1.7850754261016846,,,6.879683601500382e-05,6440.445796123001
23680,48496640,1.8055107593536377,,,6.86997308314183e-05,6442.916304427001
23690,48517120,2.1294467449188232,,,6.860272698645918e-05,6445.409944183
23700,48537600,1.496965765953064,1.8316107034683227,6.243935692220875,6.850582458220563e-05,6449.881847756001
23710,48558080,1.7541536092758179,,,6.840902372062975e-05,6452.324265628001
23720,48578560,1.7133557796478271,,,6.831232450359707e-05,6454.838215951001
23730,48599040,1.8411797285079956,,,6.82157270328659e-05,6457.426983901
23740,48619520,1.6924247741699219,,,6.811923141008778e-05,6459.763141534001
23750,48640000,1.9088726043701172,,,6.802283773680678e-05,6462.208771928001
23760,48660480,1.6943609714508057,,,6.792654611445989e-05,6464.870081319001
23770,48680960,1.7619215250015259,,,6.78303566443766e-05,6467.289636833
23780,48701440,1.8468515872955322,,,6.773426942777901e-05,6469.782882202001
23790,48721920,1.9674040079116821,,,6.76382845657814e-05,6472.25895164
23800,48742400,1.7912698984146118,1.8335653781890868,6.256152491521136,6.754240215939067e-05,6476.038930033001
23810,48762880,1.8232591152191162,,,6.744662230950558e-05,6478.683735053
23820,48783360,1.639958143234253,,,6.735094511691722e-05,6481.134806552001
23830,48803840,2.1134796142578125,,,6.72553706823084e-05,6483.553573803
23840,48824320,1.8329441547393799,,,6.715989910625405e-05,6486.152060185001
23850,48844800,2.2349510192871094,,,6.706453048922076e-05,6488.939781752
23860,48865280,1.7628799676895142,,,6.696926493156664e-05,6491.284922906
23870,48885760,1.8097212314605713,,,6.687410253354162e-05,6493.761791291001
23880,48906240,1.8556528091430664,,,6.677904339528681e-05,6496.108455241
23890,48926720,2.090991497039795,,,6.668408761683486e-05,6498.415952608
23900,48947200,1.9774024486541748,1.8307409882545471,6.238507607141754,6.658923529810942e-05,6502.900874899001
23910,48967680,1.9611836671829224,,,6.64944865389256e-05,6505.176500525001
23920,48988160,1.9424139261245728,,,6.639984143898919e-05,6507.47864491
23930,49008640,2.1891744136810303,,,6.63053000978971e-05,6509.922728358
23940,49029120,1.8058737516403198,,,6.621086261513703e-05,6512.23043828
23950,49049600,2.0668282508850098,,,6.611652909008738e-05,6514.583543977001
23960,49070080,1.815146803855896,,,6.6022299622017e-05,6516.902622931
23970,49090560,1.8921384811401367,,,6.592817431008555e-05,6519.2131124610005
23980,49111040,1.8938570022583008,,,6.583415325334279e-05,6521.523371438001
23990,49131520,2.1762101650238037,,,6.574023655072895e-05,6523.8641620260005
24000,49152000,1.989328384399414,1.8308546364307403,6.239216642442995,6.564642430107427e-05,6527.674297661
24010,49172480,1.6255295276641846,,,6.555271660309935e-05,6533.2357845920005
24020,49192960,1.924487829208374,,,6.54591135554145e-05,6535.634215869
24030,49213440,1.9688094854354858,,,6.536561525652003e-05,6537.89436516
24040,49233920,1.8819352388381958,,,6.527222180480599e-05,6540.246007963001
24050,49254400,1.928402066230774,,,6.517893329855211e-05,6542.668868248001
24060,49274880,1.978214979171753,,,6.508574983592774e-05,6544.999830398001
24070,49295360,1.8355560302734375,,,6.499267151499148e-05,6547.4068800780005
24080,49315840,1.975315809249878,,,6.489969843369165e-05,6549.858745676001
24090,49336320,1.8576440811157227,,,6.480683068986543e-05,6552.18729925
24100,49356800,1.767767310142517,1.8291848838329314,6.228807387105035,6.471406838123941e-05,6556.503665167001
24110,49377280,2.019571304321289,,,6.462141160542916e-05,6558.7738260490005
24120,49397760,1.8890429735183716,,,6.452886045993921e-05,6561.285396542001
24130,49418240,1.921693205833435,,,6.443641504216278e-05,6563.763973221001
24140,49438720,1.6593273878097534,,,6.434407544938214e-05,6566.340964856001
24150,49459200,1.72367525100708,,,6.425184177876793e-05,6568.793268497001
24160,49479680,1.8530853986740112,,,6.415971412737943e-05,6571.372422172
24170,49500160,2.0285205841064453,,,6.406769259216427e-05,6573.645245285001
24180,49520640,2.0623013973236084,,,6.397577726995861e-05,6576.173461529001
24190,49541120,1.8241896629333496,,,6.388396825748665e-05,6578.696876842001
24200,49561600,1.9646337032318115,1.8276230573654175,6.219086663884195,6.379226565136073e-05,6583.340214075
24210,49582080,1.7320356369018555,,,6.370066954808136e-05,6585.726476090001
24220,49602560,2.0085806846618652,,,6.360918004403687e-05,6588.212886631
24230,49623040,1.9213840961456299,,,6.351779723550334e-05,6590.615383567
24240,49643520,1.7107601165771484,,,6.342652121864473e-05,6592.961459272001
24250,49664000,1.9341273307800293,,,6.333535208951252e-05,6595.465567726001
24260,49684480,2.128416061401367,,,6.32442899440458e-05,6597.813045545001
24270,49704960,1.861007809638977,,,6.31533348780709e-05,6600.164514714001
24280,49725440,1.8395134210586548,,,6.306248698730168e-05,6602.588298650001
24290,49745920,1.9990911483764648,,,6.297174636733915e-05,6604.9401876990005
24300,49766400,1.9239859580993652,1.825642740726471,6.206783089591962,6.288111311367127e-05,6609.492995838001
24310,49786880,1.744341254234314,,,6.279058732167334e-05,6611.797748779
24320,49807360,1.8332306146621704,,,6.270016908660726e-05,6614.214062368001
24330,49827840,1.5874509811401367,,,6.260985850362195e-05,6616.587533882001
24340,49848320,2.1236515045166016,,,6.251965566775287e-05,6618.856463488
24350,49868800,1.7721655368804932,,,6.242956067392235e-05,6621.292776698001
24360,49889280,1.6668736934661865,,,6.233957361693898e-05,6623.649061909001
24370,49909760,1.8916958570480347,,,6.224969459149789e-05,6625.987328842
24380,49930240,1.8072478771209717,,,6.215992369218052e-05,6628.30478303
24390,49950720,1.9433093070983887,,,6.207026101345456e-05,6630.575747000001
24400,49971200,1.7583763599395752,1.8240449488162995,6.196873860334533,6.198070664967369e-05,6635.230876678001
24410,49991680,1.7650492191314697,,,6.189126069507772e-05,6637.639836316001
24420,50012160,1.9041516780853271,,,6.180192324379236e-05,6640.046727625001
24430,50032640,1.8723413944244385,,,6.171269438982916e-05,6642.5334008770005
24440,50053120,1.8665156364440918,,,6.162357422708525e-05,6645.042126549
24450,50073600,1.7228641510009766,,,6.153456284934365e-05,6647.48250694
24460,50094080,1.8864061832427979,,,6.144566035027262e-05,6649.812992497001
24470,50114560,1.7363386154174805,,,6.135686682342605e-05,6652.148270936001
24480,50135040,1.8628807067871094,,,6.126818236224298e-05,6654.409700569001
24490,50155520,1.8797340393066406,,,6.117960706004788e-05,6656.635094039
24500,50176000,1.7210972309112549,1.8225934505462646,6.187885633422607,6.109114101005022e-05,6661.240335412001
24510,50196480,1.5615367889404297,,,6.100278430534442e-05,6665.587250237
24520,50216960,1.8481285572052002,,,6.091453703891015e-05,6667.960428959001
24530,50237440,1.7369972467422485,,,6.0826399303611514e-05,6670.331918681
24540,50257920,1.7003246545791626,,,6.0738371192197625e-05,6672.677538547001
24550,50278400,1.7558698654174805,,,6.065045279730216e-05,6675.829682455001
24560,50298880,1.8927878141403198,,,6.0562644211443366e-05,6678.199546875001
24570,50319360,1.9157078266143799,,,6.047494552702384e-05,6680.546522029001
24580,50339840,1.8593058586120605,,,6.0387356836330615e-05,6682.811700969
24590,50360320,1.9143129587173462,,,6.0299878231534974e-05,6685.095772538
24600,50380800,2.1370935440063477,1.8239678144454956,6.196395886802695,6.021250980469236e-05,6689.003456886001
24610,50401280,1.6410012245178223,,,6.0125251647742166e-05,6691.384599348001
24620,50421760,1.6468751430511475,,,6.003810385250795e-05,6693.725823804
24630,50442240,1.7950925827026367,,,5.99510665106969e-05,6696.130731754
24640,50462720,2.243492603302002,,,5.9864139713900186e-05,6698.545619715001
24650,50483200,1.9900660514831543,,,5.977732355359242e-05,6700.924005505
24660,50503680,1.6685419082641602,,,5.9690618121132064e-05,6703.236756692
24670,50524160,1.9930860996246338,,,5.960402350776081e-05,6705.577502811001
24680,50544640,1.9201501607894897,,,5.951753980460387e-05,6707.871121089001
24690,50565120,1.9904683828353882,,,5.9431167102669715e-05,6710.291791521001
24700,50585600,1.7936691045761108,1.8197135984897614,6.170091073404255,5.934490549284999e-05,6714.518726287
24710,50606080,1.860251545906067,,,5.925875506591945e-05,6716.915998460001
24720,50626560,1.8001377582550049,,,5.917271591253586e-05,6719.252862089001
24730,50647040,1.9345402717590332,,,5.90867881232399e-05,6721.691358849001
24740,50667520,1.868852138519287,,,5.900097178845496e-05,6724.15898936
24750,50688000,1.6103832721710205,,,5.891526699848728e-05,6726.567258761001
24760,50708480,1.8729206323623657,,,5.8829673843525624e-05,6728.915861681001
24770,50728960,1.7896497249603271,,,5.8744192413641395e-05,6731.251425357001
24780,50749440,1.8541958332061768,,,5.865882279878819e-05,6733.863894959
24790,50769920,1.633514642715454,,,5.8573565088802286e-05,6736.3350451510005
24800,50790400,1.9434335231781006,1.8217958152294158,6.1829519252163,5.848841937340189e-05,6740.414022349
24810,50810880,1.9579932689666748,,,5.840338574218753e-05,6742.798377938001
24820,50831360,1.9710938930511475,,,5.831846428464164e-05,6745.454141288001
24830,50851840,1.971448540687561,,,5.823365509012885e-05,6748.218073401001
24840,50872320,1.7345075607299805,,,5.81489582478954e-05,6750.833710644
24850,50892800,1.851525068283081,,,5.806437384706942e-05,6753.363930235
24860,50913280,1.9032628536224365,,,5.7979901976660755e-05,6755.7581943820005
24870,50933760,1.9214154481887817,,,5.7895542725560755e-05,6758.0651173450005
24880,50954240,1.6630746126174927,,,5.7811296182542216e-05,6760.573968637001
24890,50974720,1.566206455230713,,,5.772716243625953e-05,6763.084094373001
24900,50995200,1.8809841871261597,1.821684980392456,6.182266676723143,5.764314157524814e-05,6766.753287577
24910,51015680,1.6741344928741455,,,5.755923368792489e-05,6769.159776224001
24920,51036160,1.9703449010849,,,5.747543886258757e-05,6771.507677294001
24930,51056640,1.8582093715667725,,,5.739175718741517e-05,6774.000516412
24940,51077120,2.01059627532959,,,5.7308188750467554e-05,6776.287135436
24950,51097600,1.5496288537979126,,,5.722473363968527e-05,6778.8579979450005
24960,51118080,1.7864820957183838,,,5.714139194288991e-05,6781.271001082001
24970,51138560,1.587194561958313,,,5.705816374778339e-05,6783.583634250001
24980,51159040,1.8044874668121338,,,5.697504914194845e-05,6785.970386277
24990,51179520,2.02392578125,,,5.689204821284807e-05,6788.232396003001
25000,51200000,1.817151665687561,1.8231280982494353,6.191194856819516,5.6809161047825864e-05,6791.872351884001
25010,51220480,1.7489429712295532,,,5.672638773410548e-05,6797.078690403001
25020,51240960,1.8864737749099731,,,5.664372835879093e-05,6799.4545520990005
25030,51261440,1.8057777881622314,,,5.656118300886624e-05,6802.049367255001
25040,51281920,1.705737829208374,,,5.6478751771195524e-05,6804.361844110001
25050,51302400,1.8381314277648926,,,5.639643473252264e-05,6806.613493984
25060,51322880,1.773654580116272,,,5.6314231979471524e-05,6809.017493217
25070,51343360,1.8622589111328125,,,5.6232143598545645e-05,6811.282734753001
25080,51363840,2.2776131629943848,,,5.615016967612822e-05,6813.742224820001
25090,51384320,1.9788966178894043,,,5.6068310298481875e-05,6815.978393911
25100,51404800,1.8908864259719849,1.8197637140750884,6.170400298878363,5.598656555174898e-05,6819.570963165001
25110,51425280,1.8819208145141602,,,5.5904935521951e-05,6822.191774774001
25120,51445760,1.835606575012207,,,5.5823420294988805e-05,6824.636747674001
25130,51466240,2.066559314727783,,,5.574201995664243e-05,6826.923900930001
25140,51486720,2.0843958854675293,,,5.566073459257102e-05,6829.271896501001
25150,51507200,1.7158912420272827,,,5.557956428831275e-05,6831.530189876001
25160,51527680,1.9591038227081299,,,5.5498509129284674e-05,6834.3588816520005
25170,51548160,2.008103847503662,,,5.541756920078273e-05,6836.810076739001
25180,51568640,1.812514305114746,,,5.533674458798151e-05,6839.295450104
25190,51589120,2.1397507190704346,,,5.525603537593431e-05,6841.86335372
25200,51609600,2.1296238899230957,1.8199778378009797,6.1717216694439445,5.517544164957303e-05,6845.861649266
25210,51630080,1.8238625526428223,,,5.5094963493708006e-05,6848.489975568001
25220,51650560,2.0033035278320312,,,5.5014600993027844e-05,6850.797165995001
25230,51671040,1.812971591949463,,,5.4934354232099714e-05,6853.153145496
25240,51691520,1.991368293762207,,,5.485422329536871e-05,6855.39312673
25250,51712000,1.7197893857955933,,,5.47742082671582e-05,6857.721471974
25260,51732480,1.9999089241027832,,,5.4694309231669475e-05,6860.196089089
25270,51752960,1.8918930292129517,,,5.461452627298195e-05,6862.490366872001
25280,51773440,1.8454536199569702,,,5.4534859475052655e-05,6864.880380741
25290,51793920,1.9281038045883179,,,5.4455308921716556e-05,6867.18936473
25300,51814400,1.992136001586914,1.8176724433898925,6.157509805071257,5.4375874696686196e-05,6871.7420000540005
25310,51834880,1.809058427810669,,,5.4296556883551794e-05,6874.207859235001
25320,51855360,1.7820488214492798,,,5.4217355565780906e-05,6876.727789952
25330,51875840,1.997485637664795,,,5.4138270826718726e-05,6879.168114227001
25340,51896320,1.933974027633667,,,5.405930274958758e-05,6881.514921125001
25350,51916800,1.9101256132125854,,,5.398045141748711e-05,6884.039875044001
25360,51937280,1.9034059047698975,,,5.3901716913394045e-05,6886.442259722001
25370,51957760,1.766819715499878,,,5.3823099320162286e-05,6888.745515312001
25380,51978240,1.7233984470367432,,,5.374459872052264e-05,6891.426046572001
25390,51998720,1.7378950119018555,,,5.3666215197082706e-05,6893.897488996001
25400,52019200,2.043163776397705,1.8178144097328186,6.15838402627334,5.358794883232712e-05,6897.730540147
25410,52039680,1.800544261932373,,,5.350979970861695e-05,6900.059337593
25420,52060160,1.647986888885498,,,5.343176790819013e-05,6902.391563464001
25430,52080640,2.087493419647217,,,5.335385351316089e-05,6905.0183468430005
25440,52101120,1.7930936813354492,,,5.327605660552021e-05,6907.515769014
25450,52121600,1.96976900100708,,,5.3198377267135136e-05,6909.820699982
25460,52142080,1.9119963645935059,,,5.31208155797492e-05,6912.1458977540005
25470,52162560,1.7475581169128418,,,5.304337162498205e-05,6914.581492048001
25480,52183040,1.8249754905700684,,,5.296604548432947e-05,6917.334060557001
25490,52203520,1.683814525604248,,,5.2888837239163156e-05,6919.914268765001
25500,52224000,1.8409563302993774,1.8165685772895812,6.150716488880646,5.281174697073096e-05,6924.633843719001
25510,52244480,1.8333172798156738,,,5.273477476015637e-05,6928.924467863
25520,52264960,1.8402924537658691,,,5.265792068843877e-05,6931.187586247001
25530,52285440,1.7760488986968994,,,5.258118483645307e-05,6933.568993434001
25540,52305920,1.993369460105896,,,5.250456728495006e-05,6935.989036663001
25550,52326400,2.047100782394409,,,5.242806811455571e-05,6938.495210405001
25560,52346880,1.683919906616211,,,5.235168740577164e-05,6941.001427468001
25570,52367360,1.7267463207244873,,,5.227542523897474e-05,6943.413382905001
25580,52387840,1.7175989151000977,,,5.219928169441715e-05,6945.879895890001
25590,52408320,1.6898291110992432,,,5.212325685222619e-05,6948.267851151
25600,52428800,1.906836748123169,1.814843374490738,6.1401144035823565,5.204735079240421e-05,6952.6325356180005
25610,52449280,1.9878023862838745,,,5.1971563594828726e-05,6954.928729213
25620,52469760,1.8834177255630493,,,5.1895895339251974e-05,6957.375768748001
25630,52490240,1.8134740591049194,,,5.182034610530114e-05,6959.678967337
25640,52510720,1.8038463592529297,,,5.174491597247814e-05,6962.018316415
25650,52531200,1.9557676315307617,,,5.166960502015959e-05,6964.393599811001
25660,52551680,1.958882212638855,,,5.1594413327596556e-05,6966.894920785001
25670,52572160,1.7228038311004639,,,5.151934097391484e-05,6969.672641251001
25680,52592640,1.8424925804138184,,,5.144438803811441e-05,6972.146990992001
25690,52613120,1.7405333518981934,,,5.136955459906975e-05,6974.583995368001
25700,52633600,1.6944763660430908,1.8133765399456023,6.131114473981609,5.129484073552944e-05,6978.785186455
25710,52654080,1.8183677196502686,,,5.122024652611646e-05,6981.367388586001
25720,52674560,1.6842479705810547,,,5.11457720493276e-05,6983.960306195001
25730,52695040,1.872356653213501,,,5.107141738353384e-05,6986.473194665001
25740,52715520,2.15173602104187,,,5.099718260698003e-05,6988.804008265
25750,52736000,1.8882845640182495,,,5.092306779778487e-05,6991.270693966
25760,52756480,1.7387866973876953,,,5.084907303394074e-05,6994.49525849
25770,52776960,1.7328208684921265,,,5.0775198393313795e-05,6997.0685579910005
25780,52797440,2.281059741973877,,,5.070144395364373e-05,6999.350011951001
25790,52817920,1.9446556568145752,,,5.062780979254379e-05,7001.586619563001
25800,52838400,1.9719202518463135,1.8139812231063843,6.134822976782451,5.0554295987500566e-05,7005.597026193001
25810,52858880,1.9621484279632568,,,5.048090261587409e-05,7008.188940416001
25820,52879360,1.7806386947631836,,,5.040762975489765e-05,7010.493021229001
25830,52899840,1.680892825126648,,,5.033447748167757e-05,7012.936443701001
25840,52920320,1.6384470462799072,,,5.026144587319354e-05,7015.272160327001
25850,52940800,1.8945138454437256,,,5.018853500629804e-05,7017.77280777
25860,52961280,1.59702467918396,,,5.011574495771661e-05,7020.281014062
25870,52981760,1.8267744779586792,,,5.004307580404757e-05,7022.690235828
25880,53002240,1.71696138381958,,,4.997052762176214e-05,7025.006651181001
25890,53022720,1.7268190383911133,,,4.989810048720412e-05,7027.338879945
25900,53043200,2.0142927169799805,1.81381157040596,6.133782275779179,4.982579447658999e-05,7030.927403090001
25910,53063680,1.8627979755401611,,,4.975360966600874e-05,7033.223727456
25920,53084160,1.6879485845565796,,,4.96815461314219e-05,7035.455883933
25930,53104640,1.7939287424087524,,,4.9609603948663235e-05,7037.747647555
25940,53125120,1.852898359298706,,,4.953778319343892e-05,7040.022516790001
25950,53145600,1.9534149169921875,,,4.946608394132732e-05,7042.336845666001
25960,53166080,1.831521987915039,,,4.9394506267778956e-05,7044.581815696
25970,53186560,1.8416571617126465,,,4.9323050248116325e-05,7047.0030971920005
25980,53207040,1.9096561670303345,,,4.925171595753406e-05,7049.308199151001
25990,53227520,1.9527287483215332,,,4.918050347109855e-05,7051.582232482001
26000,53248000,1.9037914276123047,1.8135570168495179,6.132221098396495,4.9109412863748106e-05,7055.197587984001
26010,53268480,1.8131695985794067,,,4.903844421029267e-05,7059.603837327
26020,53288960,1.974977970123291,,,4.896759758541397e-05,7061.851458042001
26030,53309440,1.8408234119415283,,,4.889687306366533e-05,7064.128818466001
26040,53329920,1.9759982824325562,,,4.8826270719471386e-05,7066.684165968
26050,53350400,1.8178960084915161,,,4.8755790627128494e-05,7068.971431924001
26060,53370880,1.5044986009597778,,,4.868543286080411e-05,7071.384727609001
26070,53391360,1.8577474355697632,,,4.86151974945371e-05,7073.68523452
26080,53411840,1.6286741495132446,,,4.854508460223748e-05,7076.141377993001
26090,53432320,1.9250446557998657,,,4.847509425768644e-05,7078.770787566001
26100,53452800,1.7950243949890137,1.8110379219055175,6.116792891949202,4.8405226534536106e-05,7083.114257513001
26110,53473280,1.842254638671875,,,4.8335481506309654e-05,7085.550356851
26120,53493760,2.164778232574463,,,4.826585924640111e-05,7088.090033110001
26130,53514240,1.9401887655258179,,,4.819635982807535e-05,7090.436343530001
26140,53534720,1.8098372220993042,,,4.812698332446788e-05,7092.758320327001
26150,53555200,1.7810747623443604,,,4.8057729808585016e-05,7095.064435696001
26160,53575680,2.005641460418701,,,4.798859935330351e-05,7097.492103693001
26170,53596160,1.5688908100128174,,,4.791959203137072e-05,7100.104715839001
26180,53616640,1.7942750453948975,,,4.785070791540427e-05,7102.706443103
26190,53637120,1.4857292175292969,,,4.778194707789237e-05,7105.401982927001
26200,53657600,1.700336217880249,1.8105515956878662,6.113818858431756,4.771330959119331e-05,7109.876872765
26210,53678080,1.633877158164978,,,4.764479552753563e-05,7112.211634439001
26220,53698560,1.666709065437317,,,4.757640495901801e-05,7114.488876789001
26230,53719040,1.8750718832015991,,,4.750813795760917e-05,7116.7834573830005
26240,53739520,1.918708324432373,,,4.743999459514778e-05,7119.207606166001
26250,53760000,2.041811227798462,,,4.7371974943342425e-05,7121.678896555
26260,53780480,1.8994691371917725,,,4.7304079073771504e-05,7124.096672858001
26270,53800960,1.6697885990142822,,,4.72363070578831e-05,7126.377171899001
26280,53821440,1.7264219522476196,,,4.716865896699503e-05,7128.879800529001
26290,53841920,1.805281162261963,,,4.710113487229471e-05,7131.155667545001
26300,53862400,1.7049527168273926,1.8103891849517821,6.112825989239165,4.703373484483904e-05,7135.353948953
26310,53882880,1.859769582748413,,,4.696645895555428e-05,7137.632736875001
26320,53903360,1.7024632692337036,,,4.689930727523628e-05,7139.901388732001
26330,53923840,1.8975059986114502,,,4.683227987454994e-05,7142.180993973001
26340,53944320,1.8905973434448242,,,4.676537682402953e-05,7144.624657390001
26350,53964800,2.0967648029327393,,,4.669859819407841e-05,7147.117300135001
26360,53985280,1.8858834505081177,,,4.663194405496903e-05,7149.424282587001
26370,54005760,1.765843152999878,,,4.656541447684279e-05,7151.704602960001
26380,54026240,1.847243309020996,,,4.649900952971007e-05,7154.046720414
26390,54046720,1.6276053190231323,,,4.643272928345006e-05,7156.374119447
26400,54067200,1.8487844467163086,1.8105338513851166,6.11371037394147,4.636657380781078e-05,7160.016455324001
26410,54087680,1.7314742803573608,,,4.630054317240881e-05,7162.312195104
26420,54108160,1.7308324575424194,,,4.6234637446729595e-05,7164.608399420001
26430,54128640,1.566507339477539,,,4.6168856700126904e-05,7166.970424589001
26440,54149120,1.9329441785812378,,,4.6103201001823125e-05,7169.296811672
26450,54169600,1.8216400146484375,,,4.603767042090894e-05,7171.588337732001
26460,54190080,1.6137068271636963,,,4.597226502634353e-05,7174.107341778001
26470,54210560,1.7832807302474976,,,4.5906984886954236e-05,7176.590712511001
26480,54231040,1.8694982528686523,,,4.584183007143653e-05,7179.274308620001
26490,54251520,1.7737634181976318,,,4.577680064835419e-05,7181.571145778001
26500,54272000,1.7868626117706299,1.8081933081150054,6.099417703102379,4.5711896686138837e-05,7185.910919616001
26510,54292480,1.7575554847717285,,,4.56471182530902e-05,7190.404389156
26520,54312960,1.7188048362731934,,,4.558246541737587e-05,7192.959526629001
26530,54333440,1.5034394264221191,,,4.551793824703129e-05,7195.606802417001
26540,54353920,1.6756961345672607,,,4.545353680995959e-05,7198.122208755
26550,54374400,1.9259958267211914,,,4.538926117393167e-05,7200.553896044001
26560,54394880,1.9409294128417969,,,4.532511140658602e-05,7203.006517984
26570,54415360,1.8016245365142822,,,4.52610875754287e-05,7205.3453716330005
26580,54435840,1.828364610671997,,,4.5197189747833136e-05,7207.686451524
26590,54456320,1.7593848705291748,,,4.513341799104036e-05,7210.077587950001
26600,54476800,1.687005877494812,1.8077202916145325,6.096533260133875,4.506977237215853e-05,7214.823951389
26610,54497280,1.8662657737731934,,,4.500625295816321e-05,7217.254561996001
26620,54517760,1.8268053531646729,,,4.4942859815897027e-05,7219.640621345001
26630,54538240,1.7026982307434082,,,4.487959301206989e-05,7221.896664182001
26640,54558720,1.782185673713684,,,4.4816452613258626e-05,7224.389411950001
26650,54579200,1.8905115127563477,,,4.475343868590709e-05,7226.84413044
26660,54599680,2.0853939056396484,,,4.469055129632608e-05,7229.323694127001
26670,54620160,1.9499598741531372,,,4.462779051069317e-05,7231.728168767002
26680,54640640,1.9619576930999756,,,4.456515639505278e-05,7234.113270146001
26690,54661120,1.894331693649292,,,4.4502649015315966e-05,7236.373665107001
26700,54681600,1.951617956161499,1.808099204301834,6.098843751644325,4.4440268437260486e-05,7240.446366552
26710,54702080,1.7458256483078003,,,4.4378014726530556e-05,7242.776265779999
26720,54722560,2.0271880626678467,,,4.431588794863702e-05,7245.346829620999
26730,54743040,1.945258617401123,,,4.4253888168957025e-05,7247.882252316
26740,54763520,1.8036994934082031,,,4.419201545273421e-05,7250.454283368001
26750,54784000,1.719438076019287,,,4.413026986507831e-05,7252.794061201001
26760,54804480,1.7874572277069092,,,4.406865147096552e-05,7255.413353827002
26770,54824960,2.183669328689575,,,4.400716033523797e-05,7258.103040588001
26780,54845440,1.7050044536590576,,,4.394579652260404e-05,7260.688891454001
26790,54865920,1.8921393156051636,,,4.388456009763794e-05,7263.04045688
26800,54886400,1.6821807622909546,1.80707288980484,6.092587630810008,4.382345112478007e-05,7267.396566568999
26810,54906880,1.7258257865905762,,,4.3762469668336495e-05,7269.733603428
26820,54927360,1.6743028163909912,,,4.370161579247918e-05,7272.032852806
26830,54947840,1.7128276824951172,,,4.3640889561245854e-05,7274.379550719999
26840,54968320,1.7027583122253418,,,4.3580291038539934e-05,7276.839808189001
26850,54988800,1.71479332447052,,,4.3519820288130296e-05,7279.128349604
26860,55009280,1.8029184341430664,,,4.345947737365161e-05,7281.350191345
26870,55029760,1.851123332977295,,,4.339926235860379e-05,7283.856311779002
26880,55050240,1.6877484321594238,,,4.333917530635229e-05,7286.133020078001
26890,55070720,1.765397071838379,,,4.327921628012788e-05,7288.482562110001
26900,55091200,1.8964020013809204,1.805481493473053,6.082899619980301,4.321938534302658e-05,7293.1064733309995
26910,55111680,1.8891170024871826,,,4.315968255800966e-05,7295.849225862001
26920,55132160,1.8918827772140503,,,4.310010798790345e-05,7298.206694099999
26930,55152640,1.9690532684326172,,,4.30406616953995e-05,7300.8602826940005
26940,55173120,1.9586327075958252,,,4.298134374305423e-05,7303.171345521001
26950,55193600,2.1505026817321777,,,4.292215419328911e-05,7305.4439243510005
26960,55214080,1.7538771629333496,,,4.2863093108390355e-05,7307.8745927280015
26970,55234560,1.8196184635162354,,,4.2804160550509186e-05,7310.814617282
26980,55255040,1.9984161853790283,,,4.274535658166139e-05,7313.387155910001
26990,55275520,1.9024713039398193,,,4.268668126372756e-05,7315.767954248002
27000,55296000,2.1874618530273438,1.8053412675857543,6.082046699785884,4.2628134658452844e-05,7320.241975208
27010,55316480,2.0094287395477295,,,4.256971682744699e-05,7324.687742908
27020,55336960,1.7958797216415405,,,4.251142783218413e-05,7327.318234108001
27030,55357440,1.7659194469451904,,,4.2453267734002986e-05,7329.639203686
27040,55377920,1.9534200429916382,,,4.2395236594106485e-05,7331.971228755001
27050,55398400,2.0550589561462402,,,4.233733447356197e-05,7334.359950678001
27060,55418880,2.147569179534912,,,4.227956143330087e-05,7336.861861681
27070,55439360,1.837510585784912,,,4.222191753411897e-05,7339.119598547
27080,55459840,2.0551958084106445,,,4.216440283667598e-05,7341.416565077001
27090,55480320,1.9368507862091064,,,4.210701740149574e-05,7343.890852038001
27100,55500800,1.839381456375122,1.8049931049346923,6.0799295268646585,4.204976128896607e-05,7348.186882233002
27110,55521280,1.7007789611816406,,,4.199263455933865e-05,7350.477049598001
27120,55541760,1.7727693319320679,,,4.193563727272907e-05,7352.976534488002
27130,55562240,1.8008427619934082,,,4.187876948911662e-05,7355.353670633
27140,55582720,1.7615931034088135,,,4.1822031268344434e-05,7357.630910698999
27150,55603200,1.5856064558029175,,,4.1765422670119164e-05,7359.963985598
27160,55623680,1.7862896919250488,,,4.170894375401117e-05,7362.281406708002
27170,55644160,1.971623420715332,,,4.165259457945429e-05,7364.809222987
27180,55664640,1.8487200736999512,,,4.159637520574586e-05,7367.367030368001
27190,55685120,1.7769545316696167,,,4.154028569204656e-05,7369.628215852001
27200,55705600,1.6924395561218262,1.8038091361522675,6.072735339792352,4.148432609738054e-05,7373.891336769
27210,55726080,1.782348871231079,,,4.1428496480635084e-05,7376.345904112
27220,55746560,1.8280636072158813,,,4.1372796900560836e-05,7378.592675139002
27230,55767040,1.7569628953933716,,,4.131722741577146e-05,7380.832929325001
27240,55787520,1.8936421871185303,,,4.126178808474389e-05,7383.310730242001
27250,55808000,1.754082202911377,,,4.120647896581791e-05,7385.5760483210015
27260,55828480,1.8749597072601318,,,4.115130011719643e-05,7387.906431616
27270,55848960,1.584510087966919,,,4.109625159694518e-05,7390.208231584
27280,55869440,1.6288779973983765,,,4.104133346299283e-05,7392.955696038001
27290,55889920,1.646726131439209,,,4.098654577313072e-05,7395.566242459001
27300,55910400,1.622933030128479,1.8045111179351807,6.07699978597999,4.093188858501303e-05,7399.277479919001
27310,55930880,1.7726359367370605,,,4.087736195615656e-05,7401.548150627999
27320,55951360,1.8528916835784912,,,4.0822965943940716e-05,7404.116735168
27330,55971840,1.9344935417175293,,,4.07687006056075e-05,7406.437461044001
27340,55992320,1.7600221633911133,,,4.071456599826135e-05,7408.706224722
27350,56012800,1.744631290435791,,,4.06605621788692e-05,7410.981886625001
27360,56033280,1.8195079565048218,,,4.0606689204260215e-05,7413.380626669001
27370,56053760,1.7955046892166138,,,4.055294713112608e-05,7416.103024220001
27380,56074240,1.9372432231903076,,,4.04993360160205e-05,7418.454661670001
27390,56094720,2.3021669387817383,,,4.044585591535958e-05,7421.044107858999
27400,56115200,2.1233959197998047,1.8038220167160035,6.072813560550712,4.039250688542136e-05,7424.904726803999
27410,56135680,1.9942678213119507,,,4.033928898234615e-05,7427.614106392
27420,56156160,1.7114293575286865,,,4.028620226213612e-05,7429.858524011001
27430,56176640,1.7623977661132812,,,4.023324678065544e-05,7432.143894426999
27440,56197120,1.6715717315673828,,,4.018042259363019e-05,7434.463259733
27450,56217600,1.774469256401062,,,4.0127729756648336e-05,7436.96368778
27460,56238080,1.6607693433761597,,,4.007516832515947e-05,7439.393540565001
27470,56258560,1.8527767658233643,,,4.002273835447505e-05,7441.6655010859995
27480,56279040,1.8771629333496094,,,3.997043989976814e-05,7444.043203094001
27490,56299520,1.88417649269104,,,3.991827301607343e-05,7446.449149542001
27500,56320000,1.9271385669708252,1.8026210129261018,6.065524466440104,3.9866237758287065e-05,7450.655289904002
27510,56340480,1.6635818481445312,,,3.9814334181166824e-05,7455.224535865002
27520,56360960,2.052875518798828,,,3.976256233933181e-05,7457.522444409
27530,56381440,1.6598091125488281,,,3.971092228726254e-05,7460.147596344001
27540,56401920,1.7120134830474854,,,3.965941407930079e-05,7462.455429312
27550,56422400,1.7922676801681519,,,3.960803776964969e-05,7464.774881794001
27560,56442880,1.86794114112854,,,3.955679341237351e-05,7467.152942160001
27570,56463360,1.6913080215454102,,,3.9505681061397635e-05,7469.602387848001
27580,56483840,1.6641738414764404,,,3.9454700770508644e-05,7471.962559187001
27590,56504320,1.8496640920639038,,,3.9403852593354026e-05,7474.338992375002
27600,56524800,1.8486697673797607,1.8032462894916534,6.069318282715349,3.935313658344231e-05,7478.232427896
27610,56545280,1.7461473941802979,,,3.9302552794142917e-05,7480.533771518001
27620,56565760,1.788625955581665,,,3.92521012786862e-05,7482.954547038002
27630,56586240,1.8870550394058228,,,3.920178209016316e-05,7485.669145721002
27640,56606720,1.7208304405212402,,,3.915159528152572e-05,7488.136635281002
27650,56627200,1.7602802515029907,,,3.9101540905586405e-05,7490.464446656
27660,56647680,2.1677560806274414,,,3.9051619015018425e-05,7492.871339604
27670,56668160,1.971677541732788,,,3.9001829662355474e-05,7495.114590276002
27680,56688640,1.8892858028411865,,,3.895217289999193e-05,7497.681564936001
27690,56709120,1.698676347732544,,,3.8902648780182505e-05,7500.1652250669995
27700,56729600,1.9571077823638916,1.8019047379493713,6.061181438630801,3.88532573550424e-05,7504.527746442001
27710,56750080,1.7744941711425781,,,3.880399867654717e-05,7507.080620752002
27720,56770560,1.8453632593154907,,,3.875487279653267e-05,7509.635539211
27730,56791040,2.261467933654785,,,3.8705879766694976e-05,7511.997170160001
27740,56811520,1.9451416730880737,,,3.865701963859043e-05,7514.429492115001
27750,56832000,1.71168053150177,,,3.860829246363548e-05,7516.878995500001
27760,56852480,1.8693370819091797,,,3.855969829310667e-05,7519.341804320002
27770,56872960,1.9089820384979248,,,3.851123717814056e-05,7521.982212942001
27780,56893440,1.7965465784072876,,,3.8462909169733746e-05,7524.689352238
27790,56913920,1.8486135005950928,,,3.8414714318742735e-05,7527.039927023001
27800,56934400,1.8286365270614624,1.802187091112137,6.062893074011555,3.836665267588382e-05,7530.880470055001
27810,56954880,1.7479408979415894,,,3.831872429173326e-05,7533.1836125419995
27820,56975360,2.0426089763641357,,,3.8270929216727e-05,7536.0615725200005
27830,56995840,2.107039451599121,,,3.822326750116073e-05,7538.552176607
27840,57016320,1.5379241704940796,,,3.817573919518972e-05,7540.911970450001
27850,57036800,1.812423825263977,,,3.8128344348829024e-05,7543.165601074999
27860,57057280,1.8996466398239136,,,3.8081083011953096e-05,7545.693232790001
27870,57077760,1.808093786239624,,,3.803395523429593e-05,7548.235711429001
27880,57098240,1.9664275646209717,,,3.7986961065451036e-05,7550.657939511
27890,57118720,1.743656039237976,,,3.794010055487129e-05,7552.991786999
27900,57139200,1.881006121635437,1.800623071193695,6.0534180000141085,3.789337375186886e-05,7557.414068631
27910,57159680,1.9972608089447021,,,3.784678070561528e-05,7560.066058355
27920,57180160,1.7016935348510742,,,3.780032146514132e-05,7562.403690987001
27930,57200640,1.8714860677719116,,,3.7753996079336935e-05,7564.925668353
27940,57221120,1.671846628189087,,,3.770780459695119e-05,7567.202980668
27950,57241600,1.7835419178009033,,,3.766174706659232e-05,7569.760335642
27960,57262080,1.768851637840271,,,3.761582353672751e-05,7572.142200599001
27970,57282560,1.9143701791763306,,,3.757003405568297e-05,7574.371772824999
27980,57303040,1.9268481731414795,,,3.75243786716439e-05,7576.970900724
27990,57323520,1.9329358339309692,,,3.74788574326543e-05,7579.4866804620015
28000,57344000,1.5443720817565918,1.7989216089248656,6.043127094965616,3.743347038661707e-05,7583.792353008999
28010,57364480,1.919670820236206,,,3.738821758129382e-05,7588.3118978170005
28020,57384960,1.9314303398132324,,,3.7343099064305016e-05,7590.634272855001
28030,57405440,1.7525594234466553,,,3.7298114883129696e-05,7593.327215127001
28040,57425920,1.6427128314971924,,,3.725326508510558e-05,7595.742828783001
28050,57446400,1.9017714262008667,,,3.720854971742901e-05,7598.048405971002
28060,57466880,1.8194042444229126,,,3.7163968827154796e-05,7600.430265264002
28070,57487360,1.863720178604126,,,3.711952246119628e-05,7602.743524228001
28080,57507840,1.8425713777542114,,,3.707521066632523e-05,7604.9845479470005
28090,57528320,1.7837598323822021,,,3.703103348917178e-05,7607.421863967002
28100,57548800,1.8633018732070923,1.7982935070991517,6.039332587597498,3.698699097622446e-05,7611.9353051980015
28110,57569280,1.9744396209716797,,,3.694308317382999e-05,7614.485836985999
28120,57589760,1.6870615482330322,,,3.6899310128193485e-05,7616.824946586001
28130,57610240,1.6783181428909302,,,3.6855671885378096e-05,7619.162798083
28140,57630720,1.7553553581237793,,,3.6812168491305224e-05,7621.642608905002
28150,57651200,1.6922377347946167,,,3.676879999175426e-05,7623.9874562310015
28160,57671680,2.3358535766601562,,,3.6725566432362804e-05,7626.293986328999
28170,57692160,1.821359395980835,,,3.668246785862631e-05,7628.577764857002
28180,57712640,1.8956928253173828,,,3.6639504315898246e-05,7630.924694972002
28190,57733120,1.5994300842285156,,,3.659667584938996e-05,7633.208426449
28200,57753600,1.8046305179595947,1.795760804414749,6.02405610729824,3.655398250417069e-05,7637.352286011001
28210,57774080,1.8063576221466064,,,3.651142432516747e-05,7640.122718438
28220,57794560,1.6867423057556152,,,3.6469001357165065e-05,7642.568805879002
28230,57815040,1.8876900672912598,,,3.642671364480603e-05,7645.185218764002
28240,57835520,1.9275728464126587,,,3.638456123259048e-05,7647.705653871
28250,57856000,1.8808488845825195,,,3.634254416487623e-05,7650.054657033999
28260,57876480,1.948082447052002,,,3.630066248587866e-05,7652.381682773001
28270,57896960,1.8149151802062988,,,3.625891623967067e-05,7655.420276162002
28280,57917440,1.9792685508728027,,,3.621730547018261e-05,7657.796772644002
28290,57937920,1.7921478748321533,,,3.6175830221202345e-05,7660.138631172
28300,57958400,1.7010505199432373,1.7982928276062011,6.039328483914972,3.613449053637502e-05,7663.770033052
28310,57978880,1.7279382944107056,,,3.6093286459203216e-05,7666.303836294001
28320,57999360,1.7498401403427124,,,3.605221803304675e-05,7668.8576005449995
28330,58019840,1.7162432670593262,,,3.6011285301122745e-05,7671.127695732001
28340,58040320,1.6397769451141357,,,3.597048830650549e-05,7673.441122361
28350,58060800,1.6891762018203735,,,3.5929827092126444e-05,7675.846213331
28360,58081280,1.855061650276184,,,3.588930170077418e-05,7678.257955196999
28370,58101760,1.6221282482147217,,,3.584891217509439e-05,7680.742626416
28380,58122240,1.9094454050064087,,,3.580865855758967e-05,7683.264132372
28390,58142720,1.6287813186645508,,,3.576854089061977e-05,7686.002595398
28400,58163200,1.7491129636764526,1.798038524389267,6.037792858518905,3.572855921640121e-05,7689.806998113001
28410,58183680,2.028564929962158,,,3.56887135770075e-05,7692.143198282001
28420,58204160,1.746443510055542,,,3.564900401436898e-05,7694.867068984002
28430,58224640,1.8354029655456543,,,3.560943057027277e-05,7697.186194186999
28440,58245120,1.5466747283935547,,,3.5569993286362806e-05,7699.503022320001
28450,58265600,1.8774051666259766,,,3.5530692204139636e-05,7701.874911931
28460,58286080,1.7718631029129028,,,3.54915273649606e-05,7704.574495526
28470,58306560,1.8504722118377686,,,3.545249881003959e-05,7706.854902599001
28480,58327040,1.6954317092895508,,,3.5413606580447134e-05,7709.2318075660005
28490,58347520,1.6224415302276611,,,3.53748507171102e-05,7711.625885989
28500,58368000,1.97918701171875,1.797356551885605,6.033676653535431,3.533623126081241e-05,7715.286242376
28510,58388480,2.014446973800659,,,3.5297748252193717e-05,7719.804484899001
28520,58408960,1.7362546920776367,,,3.525940173175055e-05,7722.109689408002
28530,58429440,1.7024768590927124,,,3.5221191739835666e-05,7724.349968740002
28540,58449920,1.8095755577087402,,,3.518311831665822e-05,7727.1428843779995
28550,58470400,1.857023000717163,,,3.514518150228354e-05,7729.4851876990015
28560,58490880,1.6031785011291504,,,3.510738133663335e-05,7731.933958505
28570,58511360,1.950988531112671,,,3.506971785948542e-05,7734.187755669
28580,58531840,1.9864516258239746,,,3.5032191110473806e-05,7736.5287387280005
28590,58552320,1.6959874629974365,,,3.4994801129088555e-05,7738.832764081
28600,58572800,1.8721996545791626,1.7973312795162202,6.0335241701571105,3.4957547954675955e-05,7742.621545952001
28610,58593280,1.7116594314575195,,,3.4920431626438175e-05,7744.8694543030015
28620,58613760,1.8182272911071777,,,3.488345218343346e-05,7747.120192451001
28630,58634240,1.8798375129699707,,,3.484660966457598e-05,7749.418660224001
28640,58654720,1.7581987380981445,,,3.480990410863585e-05,7751.729876310999
28650,58675200,1.8684873580932617,,,3.477333555423904e-05,7754.116479063001
28660,58695680,1.8400888442993164,,,3.473690403986728e-05,7756.4566357
28670,58716160,1.7864398956298828,,,3.470060960385822e-05,7758.948895642001
28680,58736640,1.8742647171020508,,,3.4664452284405165e-05,7761.521712381002
28690,58757120,1.9823813438415527,,,3.462843211955716e-05,7763.845666937001
28700,58777600,1.7264626026153564,1.7956484079360961,6.023379062654002,3.4592549147218926e-05,7768.259591967
28710,58798080,1.6212553977966309,,,3.45568034051508e-05,7770.783541123999
28720,58818560,1.6022412776947021,,,3.452119493096871e-05,7773.1755590600005
28730,58839040,1.721055507659912,,,3.448572376214415e-05,7775.412418367001
28740,58859520,1.680710792541504,,,3.4450389936004103e-05,7777.8860894260015
28750,58880000,1.903275489807129,,,3.441519348973104e-05,7780.358502099001
28760,58900480,1.7470366954803467,,,3.438013446036284e-05,7782.649170933
28770,58920960,1.9280588626861572,,,3.4345212884792826e-05,7785.054791211
28780,58941440,1.4763338565826416,,,3.431042879976963e-05,7787.4227044340005
28790,58961920,1.938081979751587,,,3.427578224189721e-05,7789.907710355001
28800,58982400,1.9682008028030396,1.7956437647342682,6.023351094954258,3.4241273247634805e-05,7794.582490136001
28810,59002880,1.6797378063201904,,,3.42069018532969e-05,7796.968179244001
28820,59023360,1.8361244201660156,,,3.4172668095053175e-05,7799.295536028001
28830,59043840,1.7007982730865479,,,3.4138572008928454e-05,7801.733039291999
28840,59064320,1.8955156803131104,,,3.410461363080273e-05,7804.239610271001
28850,59084800,1.6995899677276611,,,3.4070792996411054e-05,7806.73357473
28860,59105280,1.690024733543396,,,3.40371101413435e-05,7809.120437419
28870,59125760,1.83402681350708,,,3.400356510104524e-05,7811.391739111999
28880,59146240,2.034783363342285,,,3.397015791081632e-05,7813.728462662
28890,59166720,1.9604480266571045,,,3.393688860581178e-05,7816.036039928002
28900,59187200,1.7614784240722656,1.7940908789634704,6.014004777506256,3.390375722104156e-05,7820.265178366
28910,59207680,1.741345763206482,,,3.387076379137044e-05,7822.699139212002
28920,59228160,1.839837670326233,,,3.383790835151807e-05,7825.112997714999
28930,59248640,1.6975278854370117,,,3.38051909360588e-05,7827.522966940001
28940,59269120,1.8966834545135498,,,3.377261157942188e-05,7829.940233815001
28950,59289600,1.7999666929244995,,,3.374017031589113e-05,7832.293506650001
28960,59310080,1.6465826034545898,,,3.3707867179605116e-05,7834.753118074999
28970,59330560,1.757878303527832,,,3.367570220455709e-05,7837.260132934001
28980,59351040,1.9165489673614502,,,3.364367542459486e-05,7839.586069260002
28990,59371520,1.818713665008545,,,3.3611786873420806e-05,7841.950890979
29000,59392000,1.8490864038467407,1.7945714056491853,6.016895361735673,3.3580036584591876e-05,7845.821029373999
29010,59412480,1.9842748641967773,,,3.3548424591519493e-05,7850.3224467830005
29020,59432960,1.7238872051239014,,,3.351695092746961e-05,7852.768579445999
29030,59453440,1.7841448783874512,,,3.348561562556251e-05,7855.070888583001
29040,59473920,1.7715260982513428,,,3.3454418718772994e-05,7857.643441040002
29050,59494400,1.6137157678604126,,,3.3423360239930126e-05,7860.029910381001
29060,59514880,1.7637794017791748,,,3.339244022171732e-05,7862.303063296002
29070,59535360,1.722202181816101,,,3.336165869667238e-05,7864.973781521001
29080,59555840,1.6034138202667236,,,3.333101569718725e-05,7867.4149413290015
29090,59576320,2.149984121322632,,,3.330051125550817e-05,7869.683134514
29100,59596800,1.9325056076049805,1.7940662682056427,6.013856770112397,3.327014540373549e-05,7874.184866917001
29110,59617280,1.7311480045318604,,,3.323991817382387e-05,7876.54114779
29120,59637760,1.8331305980682373,,,3.320982959758194e-05,7879.01564863
29130,59658240,1.982616901397705,,,3.317987970667251e-05,7881.2862250670005
29140,59678720,2.0876364707946777,,,3.3150068532612425e-05,7883.6596428130015
29150,59699200,1.6575349569320679,,,3.312039610677258e-05,7886.104596398001
29160,59719680,1.857753038406372,,,3.3090862460377783e-05,7888.611634769
29170,59740160,1.9870060682296753,,,3.3061467624506914e-05,7890.8954075540005
29180,59760640,1.7823927402496338,,,3.3032211630092694e-05,7893.160539481001
29190,59781120,1.6280821561813354,,,3.3003094507921795e-05,7895.465961633001
29200,59801600,1.5639444589614868,1.792156320810318,6.00238158202962,3.297411628863468e-05,7899.698978055001
29210,59822080,1.7917029857635498,,,3.294527700272574e-05,7902.151150326001
29220,59842560,1.6206731796264648,,,3.2916576680543075e-05,7904.698187407999
29230,59863040,1.6546227931976318,,,3.288801535228861e-05,7907.277317778002
29240,59883520,2.013385772705078,,,3.2859593048017946e-05,7909.694679663002
29250,59904000,1.8404008150100708,,,3.283130979764046e-05,7912.041636933
29260,59924480,1.7954871654510498,,,3.280316563091915e-05,7914.8520069940005
29270,59944960,1.6881986856460571,,,3.277516057747063e-05,7917.518117024001
29280,59965440,1.7530157566070557,,,3.27472946667652e-05,7919.937182212001
29290,59985920,1.6636947393417358,,,3.2719567928126676e-05,7922.210331579001
29300,60006400,2.143874168395996,1.79329554438591,6.009223533153604,3.269198039073244e-05,7926.404527553999
29310,60026880,1.8688018321990967,,,3.266453208361338e-05,7928.7721498830015
29320,60047360,1.786203145980835,,,3.263722303565391e-05,7931.032899978001
29330,60067840,1.7497180700302124,,,3.261005327559182e-05,7933.310205068001
29340,60088320,1.9317841529846191,,,3.2583022832018404e-05,7935.718467319
29350,60108800,1.7666398286819458,,,3.255613173337832e-05,7938.197678742001
29360,60129280,1.6575746536254883,,,3.2529380007969576e-05,7940.807553891
29370,60149760,1.5957725048065186,,,3.25027676839435e-05,7943.157589234001
29380,60170240,1.9672410488128662,,,3.247629478930482e-05,7945.633641342001
29390,60190720,1.7418193817138672,,,3.2449961351911414e-05,7948.0133019270015
29400,60211200,1.7329661846160889,1.791779237985611,6.000118613717755,3.242376739947448e-05,7952.3545404100005
29410,60231680,1.686202049255371,,,3.239771295955843e-05,7954.754050207001
29420,60252160,1.8981976509094238,,,3.237179805958086e-05,7957.161267105001
29430,60272640,1.5318102836608887,,,3.234602272681248e-05,7959.826886709001
29440,60293120,1.790889024734497,,,3.23203869883772e-05,7962.2973383730005
29450,60313600,1.9944970607757568,,,3.229489087125199e-05,7964.601597117
29460,60334080,1.9917576313018799,,,3.226953440226694e-05,7967.143634787
29470,60354560,1.925403356552124,,,3.224431760810507e-05,7969.586801531999
29480,60375040,1.9219928979873657,,,3.221924051530257e-05,7972.1841649319995
29490,60395520,2.184018611907959,,,3.2194303150248526e-05,7974.739223909
29500,60416000,1.5574793815612793,1.7916423201560974,5.999297146738361,3.2169505539184994e-05,7979.03551406
29510,60436480,1.7125836610794067,,,3.2144847708207e-05,7983.452468843001
29520,60456960,2.1087894439697266,,,3.212032968326244e-05,7985.886982415001
29530,60477440,1.862931728363037,,,3.209595149015211e-05,7988.416109359001
29540,60497920,1.7057439088821411,,,3.207171315452962e-05,7990.803099091001
29550,60518400,1.6906347274780273,,,3.204761470190149e-05,7993.165044984
29560,60538880,1.6507560014724731,,,3.202365615762696e-05,7995.575983565001
29570,60559360,1.6158044338226318,,,3.1999837546918054e-05,7997.8447839929995
29580,60579840,1.99057936668396,,,3.197615889483957e-05,8000.2772193770015
29590,60600320,1.9862538576126099,,,3.195262022630903e-05,8002.510594153
29600,60620800,1.9222781658172607,1.7908223807811736,5.994380102900286,3.192922156609657e-05,8006.838771600002
29610,60641280,1.8973082304000854,,,3.19059629388251e-05,8009.154453749999
29620,60661760,1.7875488996505737,,,3.18828443689701e-05,8011.467479429
29630,60682240,1.73065185546875,,,3.185986588085971e-05,8014.313595991001
29640,60702720,1.752395510673523,,,3.183702749867459e-05,8016.580588697001
29650,60723200,1.7284786701202393,,,3.181432924644806e-05,8018.859912043001
29660,60743680,2.129366397857666,,,3.179177114806589e-05,8021.150990554001
29670,60764160,1.9609653949737549,,,3.1769353227266433e-05,8023.597174480001
29680,60784640,2.107311248779297,,,3.174707550764046e-05,8026.121154566001
29690,60805120,1.946774959564209,,,3.1724938012631276e-05,8028.600874178001
29700,60825600,1.7689237594604492,1.7897189378738403,5.987769294687367,3.170294076553457e-05,8032.883604848001
29710,60846080,1.8541568517684937,,,3.168108378949849e-05,8035.218908635001
29720,60866560,2.092177152633667,,,3.165936710752353e-05,8037.492321806001
29730,60887040,1.8396389484405518,,,3.16377907424626e-05,8039.8092185820005
29740,60907520,1.7436835765838623,,,3.16163547170209e-05,8042.3069399020005
29750,60928000,1.8742374181747437,,,3.159505905375598e-05,8044.753167602001
29760,60948480,1.8666162490844727,,,3.157390377507768e-05,8047.262867237001
29770,60968960,1.7211475372314453,,,3.1552888903248106e-05,8049.856651086002
29780,60989440,2.096463680267334,,,3.153201446038162e-05,8052.3395093710005
29790,61009920,1.7747523784637451,,,3.1511280468444764e-05,8054.828194885
29800,61030400,1.6864590644836426,1.7899805426597595,5.98933592870238,3.149068694925636e-05,8058.451357713
29810,61050880,1.8241469860076904,,,3.147023392448735e-05,8060.845914246
29820,61071360,1.781144618988037,,,3.1449921415660835e-05,8063.458721007
29830,61091840,1.916111946105957,,,3.142974944415207e-05,8065.812894237
29840,61112320,1.9042006731033325,,,3.140971803118841e-05,8068.091383505
29850,61132800,1.7289576530456543,,,3.138982719784929e-05,8070.716117293001
29860,61153280,1.7462763786315918,,,3.137007696506621e-05,8073.320866512002
29870,61173760,1.8125553131103516,,,3.135046735362274e-05,8075.830007167
29880,61194240,1.690557599067688,,,3.1330998384154436e-05,8078.297317533999
29890,61214720,1.747387409210205,,,3.131167007714888e-05,8080.93832076
29900,61235200,1.6865651607513428,1.7899167895317079,5.988954101973428,3.129248245294561e-05,8084.668020252002
29910,61255680,1.7855606079101562,,,3.127343553173612e-05,8087.665316091001
29920,61276160,1.875884771347046,,,3.12545293335639e-05,8090.323604818001
29930,61296640,2.0393805503845215,,,3.123576387832425e-05,8092.697708094
29940,61317120,1.8919622898101807,,,3.121713918576445e-05,8095.203596927002
29950,61337600,1.683547019958496,,,3.119865527548362e-05,8097.741787849
29960,61358080,1.7810401916503906,,,3.1180312166932735e-05,8100.538025355001
29970,61378560,1.8434514999389648,,,3.1162109879414606e-05,8102.981134457001
29980,61399040,1.8256289958953857,,,3.114404843208382e-05,8105.353413487001
29990,61419520,1.9533507823944092,,,3.112612784394682e-05,8107.671468342001
30000,61440000,1.8258099555969238,1.7874684393405915,5.974308980561926,3.1108348133861787e-05,8112.060870769999
30010,61460480,2.143468141555786,,,3.109070932053863e-05,8116.6673558620005
30020,61480960,1.821181297302246,,,3.1073211422539e-05,8119.077187497
30030,61501440,1.8397839069366455,,,3.10558544582763e-05,8121.698015988
30040,61521920,1.8365565538406372,,,3.103863844601561e-05,8124.300228387001
30050,61542400,2.07191801071167,,,3.102156340387363e-05,8126.6586360950005
30060,61562880,1.6018681526184082,,,3.1004629349818784e-05,8128.983372562001
30070,61583360,1.6819508075714111,,,3.098783630167109e-05,8131.565308031
30080,61603840,1.9189320802688599,,,3.09711842771022e-05,8134.252778268001
30090,61624320,1.6075963973999023,,,3.095467329363537e-05,8136.5850341410005
30100,61644800,1.845583200454712,1.787762850522995,5.976068142878759,3.093830336864541e-05,8140.2062494580005
30110,61665280,1.816284418106079,,,3.092207451935873e-05,8142.503540475
30120,61685760,1.6616307497024536,,,3.090598676285322e-05,8144.958366123001
30130,61706240,1.749804973602295,,,3.0890040116058374e-05,8147.483349675002
30140,61726720,1.8722903728485107,,,3.087423459575513e-05,8150.010231213
30150,61747200,2.1149415969848633,,,3.085857021857596e-05,8152.354660494
30160,61767680,1.8417437076568604,,,3.084304700100478e-05,8154.883611035
30170,61788160,1.8449620008468628,,,3.082766495937697e-05,8157.312399963999
30180,61808640,1.7480063438415527,,,3.081242410987935e-05,8159.764138016
30190,61829120,1.620536208152771,,,3.079732446855016e-05,8162.132962193
30200,61849600,2.025588274002075,1.7895649194717407,5.986847139044751,3.0782366051279055e-05,8165.739131298002
30210,61870080,1.6870594024658203,,,3.076754887380703e-05,8168.043798915
30220,61890560,2.077591896057129,,,3.075287295172652e-05,8170.557274062001
30230,61911040,1.843898057937622,,,3.073833830048128e-05,8172.826936822001
30240,61931520,1.9889568090438843,,,3.072394493536639e-05,8175.064362470001
30250,61952000,2.1155292987823486,,,3.070969287152825e-05,8177.54643283
30260,61972480,1.745524287223816,,,3.069558212396462e-05,8179.961357906001
30270,61992960,2.154252052307129,,,3.068161270752448e-05,8182.557261604999
30280,62013440,1.8894851207733154,,,3.066778463690814e-05,8185.009618801001
30290,62033920,1.7160016298294067,,,3.065409792666711e-05,8187.310471063001
30300,62054400,1.7381315231323242,1.788655436038971,5.9814046760473785,3.0640552591204204e-05,8190.9900614220005
30310,62074880,1.7915804386138916,,,3.0627148644773434e-05,8193.518691578001
30320,62095360,1.876723051071167,,,3.0613886101480046e-05,8196.162043094
30330,62115840,1.8984432220458984,,,3.060076497528043e-05,8198.720513357
30340,62136320,1.718308448791504,,,3.058778527998225e-05,8201.238979694
30350,62156800,1.6785262823104858,,,3.0574947029244246e-05,8203.738440383002
30360,62177280,1.5604150295257568,,,3.0562250236576384e-05,8205.979995465
30370,62197760,1.8722615242004395,,,3.0549694915339724e-05,8208.263024579
30380,62218240,1.5756754875183105,,,3.053728107874648e-05,8210.523058066
30390,62238720,1.7894917726516724,,,3.052500873985998e-05,8213.178307219001
30400,62259200,1.7765744924545288,1.7879080057144165,5.9769356631549995,3.051287791159464e-05,8217.011430657001
30410,62279680,1.9289915561676025,,,3.050088860671595e-05,8219.498473219
30420,62300160,1.9516395330429077,,,3.04890408378405e-05,8222.041446708
30430,62320640,1.6706032752990723,,,3.0477334617435922e-05,8224.468850589
30440,62341120,1.6382460594177246,,,3.046576995782089e-05,8226.817207433001
30450,62361600,1.7505102157592773,,,3.0454346871165112e-05,8229.161708731
30460,62382080,1.66807222366333,,,3.0443065369489352e-05,8231.616605396
30470,62402560,2.079655170440674,,,3.0431925464665325e-05,8234.610529821
30480,62423040,2.0376486778259277,,,3.0420927168415767e-05,8236.97615819
30490,62443520,1.9607527256011963,,,3.041007049231441e-05,8239.573107862001
30500,62464000,1.985557198524475,1.7880379199981689,5.977712202911422,3.0399355447785952e-05,8243.477556061001
30510,62484480,1.9574148654937744,,,3.038878204610601e-05,8248.570629380001
30520,62504960,1.8519967794418335,,,3.0378350298401186e-05,8250.978407286
30530,62525440,1.7292163372039795,,,3.0368060215649044e-05,8253.542790546
30540,62545920,1.581287145614624,,,3.0357911808677994e-05,8255.857666042
30550,62566400,1.7792727947235107,,,3.0347905088167404e-05,8258.231952175001
30560,62586880,1.9459750652313232,,,3.0338040064647556e-05,8260.908361413001
30570,62607360,1.7187610864639282,,,3.032831674849961e-05,8263.241689011002
30580,62627840,1.990466594696045,,,3.0318735149955583e-05,8265.590138871
30590,62648320,1.6972894668579102,,,3.030929527909837e-05,8268.098527354
30600,62668800,1.8993761539459229,1.7884127855300904,5.979953461235042,3.0299997145861743e-05,8272.010613933
30610,62689280,1.7736860513687134,,,3.0290840760030294e-05,8274.438977995002
30620,62709760,1.7267944812774658,,,3.0281826131239485e-05,8276.874345348
30630,62730240,1.8786590099334717,,,3.027295326897556e-05,8279.364727067
30640,62750720,1.865459680557251,,,3.0264222182575615e-05,8281.845717951
30650,62771200,1.8662171363830566,,,3.0255632881227538e-05,8284.298396827
30660,62791680,1.764277696609497,,,3.0247185373970013e-05,8286.900057543002
30670,62812160,2.0362021923065186,,,3.0238879669692524e-05,8289.300352248001
30680,62832640,1.595180630683899,,,3.023071577713531e-05,8291.935418635001
30690,62853120,1.849449634552002,,,3.02226937048894e-05,8294.674426205
30700,62873600,1.7405054569244385,1.7869599401950835,5.971271821812067,3.0214813461396573e-05,8299.052170346002
30710,62894080,1.7879481315612793,,,3.0207075054949368e-05,8301.323842919
30720,62914560,2.1469404697418213,,,3.0199478493691043e-05,8303.663496467
30730,62935040,1.8547565937042236,,,3.0192023785615623e-05,8305.905084352
30740,62955520,1.6738250255584717,,,3.0184710938567823e-05,8308.307423395001
30750,62976000,1.8910562992095947,,,3.017753996024311e-05,8310.665019540002
30760,62996480,1.6036592721939087,,,3.0170510858187642e-05,8313.028685518
30770,63016960,1.8124585151672363,,,3.0163623639798263e-05,8315.309312764
30780,63037440,1.7408932447433472,,,3.015687831232254e-05,8317.629596386001
30790,63057920,1.8848668336868286,,,3.0150274882858694e-05,8319.890418777
30800,63078400,1.791261076927185,1.785581922531128,5.963048970683602,3.014381335835566e-05,8324.367667962
30810,63098880,1.9371285438537598,,,3.013749374561302e-05,8326.66577175
30820,63119360,1.6548137664794922,,,3.0131316051281012e-05,8329.078608889
30830,63139840,1.767014980316162,,,3.012528028186055e-05,8331.711648154002
30840,63160320,1.7503139972686768,,,3.01193864437032e-05,8334.172742212
30850,63180800,1.6659669876098633,,,3.0113634543011158e-05,8336.673246145001
30860,63201280,1.8673064708709717,,,3.0108024585837246e-05,8338.969531226001
30870,63221760,1.8661420345306396,,,3.010255657808494e-05,8341.229957385001
30880,63242240,1.8608522415161133,,,3.009723052550832e-05,8343.502529223
30890,63262720,1.7084497213363647,,,3.0092046433712106e-05,8345.866312327
30900,63283200,1.688101053237915,1.7853267788887024,5.961527730724864,3.0087004308151616e-05,8350.054797887
30910,63303680,1.8162517547607422,,,3.008210415413278e-05,8352.435041757
30920,63324160,1.655557632446289,,,3.0077345976812104e-05,8354.873005369
30930,63344640,1.753645658493042,,,3.0072729781196736e-05,8357.265942764001
30940,63365120,1.8766511678695679,,,3.0068255572144374e-05,8359.671677795
30950,63385600,1.780834674835205,,,3.006392335436331e-05,8362.405335156001
30960,63406080,1.7561824321746826,,,3.0059733132412425e-05,8365.068345624
30970,63426560,1.8221259117126465,,,3.0055684910701172e-05,8367.433853005
30980,63447040,1.9172874689102173,,,3.0051778693489556e-05,8369.89792728
30990,63467520,1.7812541723251343,,,3.0048014484888204e-05,8372.602501381001
31000,63488000,1.8341569900512695,1.785659098625183,5.9635091932706805,3.0044392288858226e-05,8376.417128038001
31010,63508480,1.7383003234863281,,,3.004091210921134e-05,8380.917372553
31020,63528960,2.0443215370178223,,,3.0037573949609828e-05,8383.233640038
31030,63549440,2.0513269901275635,,,3.0034377813566468e-05,8385.680352875
31040,63569920,1.8993711471557617,,,3.0031323704444628e-05,8388.032298634002
31050,63590400,1.6693661212921143,,,3.0028411625458194e-05,8390.556390259
31060,63610880,1.6602295637130737,,,3.002564157967164e-05,8393.052167337
31070,63631360,1.9076306819915771,,,3.0023013569999894e-05,8395.577482069
31080,63651840,2.0783019065856934,,,3.002052759920849e-05,8397.942428525
31090,63672320,1.9884134531021118,,,3.0018183669913442e-05,8400.411643054
31100,63692800,1.7408814430236816,1.784303116798401,5.955428263216098,3.0015981784581333e-05,8404.749526811001
31110,63713280,1.818711519241333,,,3.0013921945529247e-05,8407.275400533
31120,63733760,1.7742877006530762,,,3.001200415492478e-05,8409.652945481
31130,63754240,1.7057818174362183,,,3.001022841478605e-05,8412.116582977002
31140,63774720,1.9016753435134888,,,3.000859472698174e-05,8414.377860502
31150,63795200,1.5600295066833496,,,3.000710309323097e-05,8416.631762948002
31160,63815680,1.8153457641601562,,,3.0005753515103447e-05,8419.150746394002
31170,63836160,1.8942848443984985,,,3.0004545994019334e-05,8421.526248183001
31180,63856640,2.1584014892578125,,,3.000348053124934e-05,8423.865857977
31190,63877120,1.6720539331436157,,,3.0002557127914683e-05,8426.171995444
31200,63897600,1.7283759117126465,1.7831444799900056,5.948532080677516,3.000177578498705e-05,8430.469517587002
31210,63918080,1.7451812028884888,,,3.0001136503288686e-05,8432.815719407
31220,63938560,1.893876552581787,,,3.0000639283492314e-05,8435.275944549001
31230,63959040,1.7226481437683105,,,3.0000284126121157e-05,8437.633077698001
31240,63979520,1.5608516931533813,,,3.0000071031548984e-05,8440.090181032001
31250,64000000,1.8441447019577026,1.7833612740039826,5.949821826624106,3e-05,8443.884393528
