2026-09-30 20:15:33,186 8m_32mtoken: parameters=8530176, target steps=15625, processed tokens=32000000, resume step=0
2026-09-30 20:15:33,319 step=1 train=9.21034 val=None lr=9.61538e-07
2026-09-30 20:15:33,778 step=10 train=9.21034 val=None lr=9.61538e-06
2026-09-30 20:15:34,284 step=20 train=9.21033 val=None lr=1.92308e-05
2026-09-30 20:15:34,871 step=30 train=9.21030 val=None lr=2.88462e-05
2026-09-30 20:15:35,425 step=40 train=9.21027 val=None lr=3.84615e-05
2026-09-30 20:15:35,978 step=50 train=9.21021 val=None lr=4.80769e-05
2026-09-30 20:15:36,491 step=60 train=9.21011 val=None lr=5.76923e-05
2026-09-30 20:15:37,028 step=70 train=9.20992 val=None lr=6.73077e-05
2026-09-30 20:15:37,652 step=80 train=9.20965 val=None lr=7.69231e-05
2026-09-30 20:15:38,220 step=90 train=9.20933 val=None lr=8.65385e-05
2026-09-30 20:15:39,127 step=100 train=9.20862 val=9.208594512939452 lr=9.61538e-05
2026-09-30 20:15:39,706 step=110 train=9.20783 val=None lr=0.000105769
2026-09-30 20:15:40,297 step=120 train=9.20678 val=None lr=0.000115385
2026-09-30 20:15:41,108 step=130 train=9.20542 val=None lr=0.000125
2026-09-30 20:15:41,723 step=140 train=9.20391 val=None lr=0.000134615
2026-09-30 20:15:42,224 step=150 train=9.20135 val=None lr=0.000144231
2026-09-30 20:15:42,860 step=160 train=9.19903 val=None lr=0.000153846
2026-09-30 20:15:43,318 step=170 train=9.19678 val=None lr=0.000163462
2026-09-30 20:15:43,922 step=180 train=9.18972 val=None lr=0.000173077
2026-09-30 20:15:44,402 step=190 train=9.18377 val=None lr=0.000182692
2026-09-30 20:15:45,336 step=200 train=9.17220 val=9.171068954467774 lr=0.000192308
2026-09-30 20:15:45,912 step=210 train=9.15336 val=None lr=0.000201923
2026-09-30 20:15:46,483 step=220 train=9.12557 val=None lr=0.000211538
2026-09-30 20:15:47,011 step=230 train=9.09319 val=None lr=0.000221154
2026-09-30 20:15:47,542 step=240 train=9.03894 val=None lr=0.000230769
2026-09-30 20:15:48,036 step=250 train=8.98820 val=None lr=0.000240385
2026-09-30 20:15:48,640 step=260 train=8.92584 val=None lr=0.00025
2026-09-30 20:15:49,142 step=270 train=8.86504 val=None lr=0.000259615
2026-09-30 20:15:49,854 step=280 train=8.80826 val=None lr=0.000269231
2026-09-30 20:15:50,367 step=290 train=8.72559 val=None lr=0.000278846
2026-09-30 20:15:51,270 step=300 train=8.62874 val=8.62973952293396 lr=0.000288462
2026-09-30 20:15:51,875 step=310 train=8.54180 val=None lr=0.000298077
2026-09-30 20:15:52,446 step=320 train=8.44518 val=None lr=0.0003
2026-09-30 20:15:53,135 step=330 train=8.37417 val=None lr=0.000299999
2026-09-30 20:15:53,715 step=340 train=8.25331 val=None lr=0.000299998
2026-09-30 20:15:54,360 step=350 train=8.12624 val=None lr=0.000299996
2026-09-30 20:15:54,870 step=360 train=7.98512 val=None lr=0.000299993
2026-09-30 20:15:55,423 step=370 train=7.91513 val=None lr=0.00029999
2026-09-30 20:15:55,956 step=380 train=7.80159 val=None lr=0.000299987
2026-09-30 20:15:56,511 step=390 train=7.67628 val=None lr=0.000299983
2026-09-30 20:15:57,368 step=400 train=7.50331 val=7.527798676490784 lr=0.000299978
2026-09-30 20:15:57,855 step=410 train=7.46104 val=None lr=0.000299973
2026-09-30 20:15:58,358 step=420 train=7.35821 val=None lr=0.000299967
2026-09-30 20:15:58,944 step=430 train=7.19834 val=None lr=0.00029996
2026-09-30 20:15:59,638 step=440 train=7.04298 val=None lr=0.000299953
2026-09-30 20:16:00,150 step=450 train=6.93314 val=None lr=0.000299946
2026-09-30 20:16:00,678 step=460 train=6.90722 val=None lr=0.000299938
2026-09-30 20:16:01,377 step=470 train=6.79288 val=None lr=0.000299929
2026-09-30 20:15:59,806 step=480 train=6.66246 val=None lr=0.00029992
2026-09-30 20:16:00,305 step=490 train=6.58940 val=None lr=0.00029991
2026-09-30 20:16:01,322 step=500 train=6.39647 val=6.411208462715149 lr=0.0002999
2026-09-30 20:16:02,114 step=510 train=6.41480 val=None lr=0.000299889
2026-09-30 20:16:02,596 step=520 train=6.16675 val=None lr=0.000299877
2026-09-30 20:16:03,147 step=530 train=6.23396 val=None lr=0.000299865
2026-09-30 20:16:03,721 step=540 train=6.04426 val=None lr=0.000299852
2026-09-30 20:16:04,330 step=550 train=6.17067 val=None lr=0.000299839
2026-09-30 20:16:04,899 step=560 train=5.95672 val=None lr=0.000299825
2026-09-30 20:16:05,433 step=570 train=5.99578 val=None lr=0.000299811
2026-09-30 20:16:05,974 step=580 train=5.94508 val=None lr=0.000299796
2026-09-30 20:16:06,495 step=590 train=5.90961 val=None lr=0.00029978
2026-09-30 20:16:07,381 step=600 train=5.85082 val=5.820292639732361 lr=0.000299764
2026-09-30 20:16:07,933 step=610 train=5.85214 val=None lr=0.000299748
2026-09-30 20:16:08,510 step=620 train=5.68101 val=None lr=0.000299731
2026-09-30 20:16:09,057 step=630 train=5.77532 val=None lr=0.000299713
2026-09-30 20:16:09,592 step=640 train=5.67732 val=None lr=0.000299694
2026-09-30 20:16:10,083 step=650 train=5.82868 val=None lr=0.000299676
2026-09-30 20:16:10,620 step=660 train=5.68920 val=None lr=0.000299656
2026-09-30 20:16:11,152 step=670 train=5.69069 val=None lr=0.000299636
2026-09-30 20:16:11,647 step=680 train=5.56881 val=None lr=0.000299615
2026-09-30 20:16:12,207 step=690 train=5.67107 val=None lr=0.000299594
2026-09-30 20:16:13,019 step=700 train=5.38925 val=5.459456825256348 lr=0.000299573
2026-09-30 20:16:13,591 step=710 train=5.38264 val=None lr=0.00029955
2026-09-30 20:16:14,139 step=720 train=5.42414 val=None lr=0.000299527
2026-09-30 20:16:14,672 step=730 train=5.45618 val=None lr=0.000299504
2026-09-30 20:16:15,190 step=740 train=5.19064 val=None lr=0.00029948
2026-09-30 20:16:15,704 step=750 train=5.41185 val=None lr=0.000299455
2026-09-30 20:16:16,242 step=760 train=5.25344 val=None lr=0.00029943
2026-09-30 20:16:16,859 step=770 train=5.16479 val=None lr=0.000299404
2026-09-30 20:16:17,360 step=780 train=5.27550 val=None lr=0.000299378
2026-09-30 20:16:17,856 step=790 train=5.28192 val=None lr=0.000299351
2026-09-30 20:16:18,952 step=800 train=5.29817 val=5.113597941398621 lr=0.000299324
2026-09-30 20:16:19,474 step=810 train=5.14918 val=None lr=0.000299296
2026-09-30 20:16:19,979 step=820 train=5.18420 val=None lr=0.000299267
2026-09-30 20:16:20,742 step=830 train=4.96282 val=None lr=0.000299238
2026-09-30 20:16:21,239 step=840 train=5.17319 val=None lr=0.000299209
2026-09-30 20:16:21,812 step=850 train=5.00933 val=None lr=0.000299179
2026-09-30 20:16:22,271 step=860 train=4.99963 val=None lr=0.000299148
2026-09-30 20:16:23,273 step=870 train=4.97213 val=None lr=0.000299116
2026-09-30 20:16:23,908 step=880 train=4.80500 val=None lr=0.000299084
2026-09-30 20:16:24,413 step=890 train=4.95772 val=None lr=0.000299052
2026-09-30 20:16:25,195 step=900 train=4.92689 val=4.7898646831512455 lr=0.000299019
2026-09-30 20:16:25,694 step=910 train=4.74318 val=None lr=0.000298985
2026-09-30 20:16:26,387 step=920 train=4.82161 val=None lr=0.000298951
2026-09-30 20:16:26,958 step=930 train=4.76173 val=None lr=0.000298916
2026-09-30 20:16:27,504 step=940 train=4.56180 val=None lr=0.000298881
2026-09-30 20:16:28,061 step=950 train=4.53867 val=None lr=0.000298845
2026-09-30 20:16:28,605 step=960 train=4.56917 val=None lr=0.000298809
2026-09-30 20:16:29,079 step=970 train=4.84068 val=None lr=0.000298772
2026-09-30 20:16:29,585 step=980 train=4.71298 val=None lr=0.000298734
2026-09-30 20:16:30,099 step=990 train=4.50703 val=None lr=0.000298696
2026-09-30 20:16:30,908 step=1000 train=4.50330 val=4.5175309658050535 lr=0.000298657
2026-09-30 20:16:31,679 step=1010 train=4.60380 val=None lr=0.000298618
2026-09-30 20:16:30,318 step=1020 train=4.76805 val=None lr=0.000298578
2026-09-30 20:16:30,784 step=1030 train=4.38242 val=None lr=0.000298538
2026-09-30 20:16:31,240 step=1040 train=4.36240 val=None lr=0.000298497
2026-09-30 20:16:31,758 step=1050 train=4.29220 val=None lr=0.000298456
2026-09-30 20:16:32,251 step=1060 train=4.13040 val=None lr=0.000298414
2026-09-30 20:16:32,781 step=1070 train=4.23630 val=None lr=0.000298371
2026-09-30 20:16:33,336 step=1080 train=4.20658 val=None lr=0.000298328
2026-09-30 20:16:33,845 step=1090 train=4.56154 val=None lr=0.000298284
2026-09-30 20:16:34,680 step=1100 train=4.24437 val=4.328492879867554 lr=0.00029824
2026-09-30 20:16:35,266 step=1110 train=4.59350 val=None lr=0.000298195
2026-09-30 20:16:35,823 step=1120 train=4.27543 val=None lr=0.000298149
2026-09-30 20:16:36,382 step=1130 train=4.26429 val=None lr=0.000298103
2026-09-30 20:16:37,003 step=1140 train=4.35218 val=None lr=0.000298057
2026-09-30 20:16:37,582 step=1150 train=4.29936 val=None lr=0.00029801
2026-09-30 20:16:38,283 step=1160 train=4.46755 val=None lr=0.000297962
2026-09-30 20:16:38,810 step=1170 train=4.32582 val=None lr=0.000297914
2026-09-30 20:16:39,368 step=1180 train=4.28623 val=None lr=0.000297865
2026-09-30 20:16:39,970 step=1190 train=4.11734 val=None lr=0.000297816
2026-09-30 20:16:40,803 step=1200 train=4.40844 val=4.202785551548004 lr=0.000297766
2026-09-30 20:16:41,533 step=1210 train=4.48224 val=None lr=0.000297715
2026-09-30 20:16:42,192 step=1220 train=4.45253 val=None lr=0.000297664
2026-09-30 20:16:42,659 step=1230 train=4.37937 val=None lr=0.000297613
2026-09-30 20:16:43,197 step=1240 train=4.27842 val=None lr=0.000297561
2026-09-30 20:16:43,677 step=1250 train=4.09594 val=None lr=0.000297508
2026-09-30 20:16:44,164 step=1260 train=3.95649 val=None lr=0.000297455
2026-09-30 20:16:44,721 step=1270 train=4.06506 val=None lr=0.000297401
2026-09-30 20:16:45,219 step=1280 train=4.13687 val=None lr=0.000297347
2026-09-30 20:16:45,811 step=1290 train=4.11993 val=None lr=0.000297292
2026-09-30 20:16:46,613 step=1300 train=4.11155 val=4.114243042469025 lr=0.000297236
2026-09-30 20:16:47,249 step=1310 train=4.10562 val=None lr=0.00029718
2026-09-30 20:16:47,891 step=1320 train=4.34616 val=None lr=0.000297124
2026-09-30 20:16:48,362 step=1330 train=4.20776 val=None lr=0.000297066
2026-09-30 20:16:48,870 step=1340 train=4.12150 val=None lr=0.000297009
2026-09-30 20:16:49,384 step=1350 train=3.88656 val=None lr=0.00029695
2026-09-30 20:16:49,926 step=1360 train=4.04380 val=None lr=0.000296892
2026-09-30 20:16:50,478 step=1370 train=4.06694 val=None lr=0.000296832
2026-09-30 20:16:51,026 step=1380 train=4.10399 val=None lr=0.000296772
2026-09-30 20:16:51,623 step=1390 train=4.06984 val=None lr=0.000296712
2026-09-30 20:16:52,669 step=1400 train=4.13093 val=4.054438412189484 lr=0.000296651
2026-09-30 20:16:53,257 step=1410 train=4.08098 val=None lr=0.000296589
2026-09-30 20:16:53,816 step=1420 train=3.96152 val=None lr=0.000296527
2026-09-30 20:16:54,356 step=1430 train=4.06260 val=None lr=0.000296464
2026-09-30 20:16:54,904 step=1440 train=4.06187 val=None lr=0.000296401
2026-09-30 20:16:55,528 step=1450 train=4.13335 val=None lr=0.000296337
2026-09-30 20:16:56,154 step=1460 train=4.02888 val=None lr=0.000296273
2026-09-30 20:16:56,723 step=1470 train=3.98878 val=None lr=0.000296208
2026-09-30 20:16:57,347 step=1480 train=3.95838 val=None lr=0.000296143
2026-09-30 20:16:57,878 step=1490 train=4.03526 val=None lr=0.000296077
2026-09-30 20:16:58,991 step=1500 train=4.16014 val=4.0056740045547485 lr=0.00029601
2026-09-30 20:16:59,875 step=1510 train=4.18931 val=None lr=0.000295943
2026-09-30 20:17:00,454 step=1520 train=4.02626 val=None lr=0.000295875
2026-09-30 20:17:00,939 step=1530 train=4.09572 val=None lr=0.000295807
2026-09-30 20:17:01,475 step=1540 train=4.07243 val=None lr=0.000295738
2026-09-30 20:17:02,076 step=1550 train=3.83415 val=None lr=0.000295669
2026-09-30 20:17:00,499 step=1560 train=3.75266 val=None lr=0.000295599
2026-09-30 20:17:00,979 step=1570 train=4.46260 val=None lr=0.000295529
2026-09-30 20:17:01,476 step=1580 train=3.89094 val=None lr=0.000295458
2026-09-30 20:17:01,986 step=1590 train=4.11061 val=None lr=0.000295386
2026-09-30 20:17:02,789 step=1600 train=3.91781 val=3.969597327709198 lr=0.000295314
2026-09-30 20:17:03,360 step=1610 train=4.05396 val=None lr=0.000295242
2026-09-30 20:17:04,020 step=1620 train=3.90988 val=None lr=0.000295168
2026-09-30 20:17:04,694 step=1630 train=3.68974 val=None lr=0.000295095
2026-09-30 20:17:05,208 step=1640 train=3.68634 val=None lr=0.00029502
2026-09-30 20:17:05,863 step=1650 train=4.20811 val=None lr=0.000294946
2026-09-30 20:17:06,422 step=1660 train=3.94712 val=None lr=0.00029487
2026-09-30 20:17:06,962 step=1670 train=4.00554 val=None lr=0.000294794
2026-09-30 20:17:07,506 step=1680 train=4.09560 val=None lr=0.000294718
2026-09-30 20:17:08,002 step=1690 train=4.08454 val=None lr=0.000294641
2026-09-30 20:17:08,819 step=1700 train=4.08807 val=3.9363707184791563 lr=0.000294563
2026-09-30 20:17:09,398 step=1710 train=3.98755 val=None lr=0.000294485
2026-09-30 20:17:10,046 step=1720 train=3.74130 val=None lr=0.000294407
2026-09-30 20:17:10,720 step=1730 train=4.00790 val=None lr=0.000294328
2026-09-30 20:17:11,239 step=1740 train=3.90977 val=None lr=0.000294248
2026-09-30 20:17:11,870 step=1750 train=4.14395 val=None lr=0.000294168
2026-09-30 20:17:12,510 step=1760 train=4.09433 val=None lr=0.000294087
2026-09-30 20:17:13,120 step=1770 train=3.95949 val=None lr=0.000294005
2026-09-30 20:17:13,641 step=1780 train=4.22159 val=None lr=0.000293924
2026-09-30 20:17:14,183 step=1790 train=4.05296 val=None lr=0.000293841
2026-09-30 20:17:15,075 step=1800 train=4.10540 val=3.91340366601944 lr=0.000293758
2026-09-30 20:17:15,714 step=1810 train=4.10876 val=None lr=0.000293675
2026-09-30 20:17:16,442 step=1820 train=4.20584 val=None lr=0.000293591
2026-09-30 20:17:17,126 step=1830 train=3.68719 val=None lr=0.000293506
2026-09-30 20:17:17,899 step=1840 train=3.89925 val=None lr=0.000293421
2026-09-30 20:17:18,438 step=1850 train=3.78050 val=None lr=0.000293335
2026-09-30 20:17:18,929 step=1860 train=3.93522 val=None lr=0.000293249
2026-09-30 20:17:19,488 step=1870 train=3.67707 val=None lr=0.000293162
2026-09-30 20:17:20,030 step=1880 train=3.95907 val=None lr=0.000293075
2026-09-30 20:17:20,484 step=1890 train=4.27598 val=None lr=0.000292987
2026-09-30 20:17:21,356 step=1900 train=3.72019 val=3.8889719009399415 lr=0.000292899
2026-09-30 20:17:21,829 step=1910 train=4.02130 val=None lr=0.00029281
2026-09-30 20:17:22,379 step=1920 train=3.78997 val=None lr=0.00029272
2026-09-30 20:17:22,934 step=1930 train=3.97888 val=None lr=0.00029263
2026-09-30 20:17:23,487 step=1940 train=4.02178 val=None lr=0.00029254
2026-09-30 20:17:24,016 step=1950 train=3.82447 val=None lr=0.000292449
2026-09-30 20:17:24,556 step=1960 train=4.05410 val=None lr=0.000292357
2026-09-30 20:17:25,103 step=1970 train=3.97262 val=None lr=0.000292265
2026-09-30 20:17:25,657 step=1980 train=3.97670 val=None lr=0.000292172
2026-09-30 20:17:26,289 step=1990 train=3.61649 val=None lr=0.000292079
2026-09-30 20:17:27,133 step=2000 train=4.02204 val=3.8679393410682676 lr=0.000291985
2026-09-30 20:17:27,990 step=2010 train=3.95013 val=None lr=0.000291891
2026-09-30 20:17:28,484 step=2020 train=3.86118 val=None lr=0.000291796
2026-09-30 20:17:29,126 step=2030 train=3.74515 val=None lr=0.000291701
2026-09-30 20:17:29,770 step=2040 train=4.00415 val=None lr=0.000291605
2026-09-30 20:17:30,300 step=2050 train=4.00767 val=None lr=0.000291509
2026-09-30 20:17:30,851 step=2060 train=3.83890 val=None lr=0.000291412
2026-09-30 20:17:31,355 step=2070 train=4.01363 val=None lr=0.000291314
2026-09-30 20:17:31,874 step=2080 train=3.91305 val=None lr=0.000291216
2026-09-30 20:17:32,571 step=2090 train=3.76538 val=None lr=0.000291118
2026-09-30 20:17:31,368 step=2100 train=3.82402 val=3.8404896020889283 lr=0.000291019
2026-09-30 20:17:32,001 step=2110 train=3.95086 val=None lr=0.000290919
2026-09-30 20:17:32,543 step=2120 train=3.78213 val=None lr=0.000290819
2026-09-30 20:17:33,026 step=2130 train=3.83642 val=None lr=0.000290718
2026-09-30 20:17:33,621 step=2140 train=3.67199 val=None lr=0.000290617
2026-09-30 20:17:34,195 step=2150 train=3.48469 val=None lr=0.000290515
2026-09-30 20:17:34,658 step=2160 train=4.03537 val=None lr=0.000290413
2026-09-30 20:17:35,114 step=2170 train=3.74507 val=None lr=0.00029031
2026-09-30 20:17:35,629 step=2180 train=3.89711 val=None lr=0.000290207
2026-09-30 20:17:36,236 step=2190 train=3.93582 val=None lr=0.000290103
2026-09-30 20:17:37,132 step=2200 train=3.70154 val=3.8113128662109377 lr=0.000289999
2026-09-30 20:17:37,686 step=2210 train=3.79097 val=None lr=0.000289894
2026-09-30 20:17:38,163 step=2220 train=3.87081 val=None lr=0.000289789
2026-09-30 20:17:38,623 step=2230 train=3.97108 val=None lr=0.000289683
2026-09-30 20:17:39,137 step=2240 train=3.82950 val=None lr=0.000289576
2026-09-30 20:17:39,758 step=2250 train=3.83203 val=None lr=0.000289469
2026-09-30 20:17:40,414 step=2260 train=3.69429 val=None lr=0.000289362
2026-09-30 20:17:40,982 step=2270 train=4.00761 val=None lr=0.000289254
2026-09-30 20:17:41,630 step=2280 train=3.77976 val=None lr=0.000289145
2026-09-30 20:17:42,105 step=2290 train=3.76155 val=None lr=0.000289036
2026-09-30 20:17:42,960 step=2300 train=3.85492 val=3.7757444381713867 lr=0.000288926
2026-09-30 20:17:43,464 step=2310 train=3.72273 val=None lr=0.000288816
2026-09-30 20:17:44,100 step=2320 train=4.16987 val=None lr=0.000288706
2026-09-30 20:17:44,638 step=2330 train=3.90379 val=None lr=0.000288595
2026-09-30 20:17:45,125 step=2340 train=3.59792 val=None lr=0.000288483
2026-09-30 20:17:45,680 step=2350 train=3.82633 val=None lr=0.000288371
2026-09-30 20:17:46,185 step=2360 train=3.92078 val=None lr=0.000288258
2026-09-30 20:17:46,708 step=2370 train=3.67320 val=None lr=0.000288145
2026-09-30 20:17:47,289 step=2380 train=3.94187 val=None lr=0.000288031
2026-09-30 20:17:47,876 step=2390 train=3.86577 val=None lr=0.000287917
2026-09-30 20:17:48,655 step=2400 train=3.71996 val=3.7319350481033324 lr=0.000287802
2026-09-30 20:17:49,191 step=2410 train=3.92661 val=None lr=0.000287687
2026-09-30 20:17:49,826 step=2420 train=3.66733 val=None lr=0.000287571
2026-09-30 20:17:50,457 step=2430 train=3.73011 val=None lr=0.000287454
2026-09-30 20:17:50,939 step=2440 train=3.85890 val=None lr=0.000287338
2026-09-30 20:17:51,489 step=2450 train=3.99859 val=None lr=0.00028722
2026-09-30 20:17:51,996 step=2460 train=3.59407 val=None lr=0.000287102
2026-09-30 20:17:52,748 step=2470 train=3.63192 val=None lr=0.000286984
2026-09-30 20:17:53,473 step=2480 train=3.87356 val=None lr=0.000286865
2026-09-30 20:17:53,996 step=2490 train=3.77893 val=None lr=0.000286746
2026-09-30 20:17:54,793 step=2500 train=3.74527 val=3.6920381426811217 lr=0.000286626
2026-09-30 20:17:55,644 step=2510 train=3.92460 val=None lr=0.000286505
2026-09-30 20:17:56,139 step=2520 train=3.92321 val=None lr=0.000286384
2026-09-30 20:17:56,766 step=2530 train=3.61617 val=None lr=0.000286263
2026-09-30 20:17:57,507 step=2540 train=3.53370 val=None lr=0.000286141
2026-09-30 20:17:57,998 step=2550 train=3.71662 val=None lr=0.000286018
2026-09-30 20:17:58,474 step=2560 train=3.51783 val=None lr=0.000285895
2026-09-30 20:17:58,985 step=2570 train=3.67269 val=None lr=0.000285772
2026-09-30 20:17:59,510 step=2580 train=3.48047 val=None lr=0.000285648
2026-09-30 20:18:00,164 step=2590 train=3.72370 val=None lr=0.000285523
2026-09-30 20:18:01,112 step=2600 train=3.68900 val=3.65263409614563 lr=0.000285398
2026-09-30 20:18:01,646 step=2610 train=3.82709 val=None lr=0.000285273
2026-09-30 20:18:02,311 step=2620 train=3.71613 val=None lr=0.000285147
2026-09-30 20:18:02,837 step=2630 train=3.83885 val=None lr=0.00028502
2026-09-30 20:18:03,379 step=2640 train=3.54026 val=None lr=0.000284893
2026-09-30 20:18:01,826 step=2650 train=3.60031 val=None lr=0.000284765
2026-09-30 20:18:02,487 step=2660 train=3.84016 val=None lr=0.000284637
2026-09-30 20:18:03,046 step=2670 train=3.54522 val=None lr=0.000284509
2026-09-30 20:18:03,613 step=2680 train=3.77420 val=None lr=0.00028438
2026-09-30 20:18:04,107 step=2690 train=3.93396 val=None lr=0.00028425
2026-09-30 20:18:04,912 step=2700 train=3.84118 val=3.6055275797843933 lr=0.00028412
2026-09-30 20:18:05,432 step=2710 train=3.92952 val=None lr=0.00028399
2026-09-30 20:18:05,983 step=2720 train=3.77294 val=None lr=0.000283858
2026-09-30 20:18:06,496 step=2730 train=3.51407 val=None lr=0.000283727
2026-09-30 20:18:07,094 step=2740 train=3.51454 val=None lr=0.000283595
2026-09-30 20:18:07,652 step=2750 train=3.80030 val=None lr=0.000283462
2026-09-30 20:18:08,167 step=2760 train=3.73065 val=None lr=0.000283329
2026-09-30 20:18:08,754 step=2770 train=3.76784 val=None lr=0.000283196
2026-09-30 20:18:09,328 step=2780 train=3.63838 val=None lr=0.000283061
2026-09-30 20:18:09,928 step=2790 train=3.54750 val=None lr=0.000282927
2026-09-30 20:18:10,863 step=2800 train=3.56170 val=3.569467294216156 lr=0.000282792
2026-09-30 20:18:11,405 step=2810 train=3.58057 val=None lr=0.000282656
2026-09-30 20:18:12,031 step=2820 train=3.56812 val=None lr=0.00028252
2026-09-30 20:18:12,507 step=2830 train=3.62353 val=None lr=0.000282384
2026-09-30 20:18:13,092 step=2840 train=3.65358 val=None lr=0.000282247
2026-09-30 20:18:13,685 step=2850 train=3.49382 val=None lr=0.000282109
2026-09-30 20:18:14,257 step=2860 train=3.65692 val=None lr=0.000281971
2026-09-30 20:18:14,794 step=2870 train=3.58170 val=None lr=0.000281833
2026-09-30 20:18:15,518 step=2880 train=3.42834 val=None lr=0.000281694
2026-09-30 20:18:16,056 step=2890 train=3.95324 val=None lr=0.000281554
2026-09-30 20:18:16,916 step=2900 train=3.73272 val=3.531971740722656 lr=0.000281414
2026-09-30 20:18:17,627 step=2910 train=3.62908 val=None lr=0.000281274
2026-09-30 20:18:18,117 step=2920 train=3.56681 val=None lr=0.000281133
2026-09-30 20:18:18,627 step=2930 train=3.41945 val=None lr=0.000280991
2026-09-30 20:18:19,150 step=2940 train=3.73882 val=None lr=0.000280849
2026-09-30 20:18:19,701 step=2950 train=3.60634 val=None lr=0.000280707
2026-09-30 20:18:20,192 step=2960 train=3.75736 val=None lr=0.000280564
2026-09-30 20:18:20,860 step=2970 train=3.85758 val=None lr=0.00028042
2026-09-30 20:18:21,342 step=2980 train=3.56662 val=None lr=0.000280276
2026-09-30 20:18:21,854 step=2990 train=3.27503 val=None lr=0.000280132
2026-09-30 20:18:22,719 step=3000 train=3.84514 val=3.4974879145622255 lr=0.000279987
2026-09-30 20:18:23,634 step=3010 train=3.41363 val=None lr=0.000279842
2026-09-30 20:18:24,175 step=3020 train=3.70942 val=None lr=0.000279696
2026-09-30 20:18:24,705 step=3030 train=3.36913 val=None lr=0.00027955
2026-09-30 20:18:25,239 step=3040 train=3.49204 val=None lr=0.000279403
2026-09-30 20:18:25,781 step=3050 train=3.79490 val=None lr=0.000279256
2026-09-30 20:18:26,291 step=3060 train=3.58113 val=None lr=0.000279108
2026-09-30 20:18:26,798 step=3070 train=3.35158 val=None lr=0.00027896
2026-09-30 20:18:27,296 step=3080 train=3.42336 val=None lr=0.000278811
2026-09-30 20:18:27,856 step=3090 train=3.39411 val=None lr=0.000278662
2026-09-30 20:18:28,976 step=3100 train=3.47178 val=3.4639678716659548 lr=0.000278512
2026-09-30 20:18:29,630 step=3110 train=3.73458 val=None lr=0.000278362
2026-09-30 20:18:30,428 step=3120 train=3.31861 val=None lr=0.000278211
2026-09-30 20:18:31,069 step=3130 train=3.64484 val=None lr=0.00027806
2026-09-30 20:18:31,625 step=3140 train=3.44279 val=None lr=0.000277909
2026-09-30 20:18:32,259 step=3150 train=3.65501 val=None lr=0.000277756
2026-09-30 20:18:32,867 step=3160 train=3.57596 val=None lr=0.000277604
2026-09-30 20:18:33,572 step=3170 train=3.43869 val=None lr=0.000277451
2026-09-30 20:18:34,058 step=3180 train=3.60272 val=None lr=0.000277297
2026-09-30 20:18:32,398 step=3190 train=3.64644 val=None lr=0.000277143
2026-09-30 20:18:33,303 step=3200 train=3.48992 val=3.434816670417786 lr=0.000276989
2026-09-30 20:18:33,890 step=3210 train=3.34805 val=None lr=0.000276834
2026-09-30 20:18:34,480 step=3220 train=3.48648 val=None lr=0.000276679
2026-09-30 20:18:35,008 step=3230 train=3.36795 val=None lr=0.000276523
2026-09-30 20:18:35,530 step=3240 train=3.44640 val=None lr=0.000276367
2026-09-30 20:18:36,088 step=3250 train=3.52557 val=None lr=0.00027621
2026-09-30 20:18:36,648 step=3260 train=3.28639 val=None lr=0.000276053
2026-09-30 20:18:37,123 step=3270 train=3.42911 val=None lr=0.000275895
2026-09-30 20:18:37,600 step=3280 train=3.48798 val=None lr=0.000275737
2026-09-30 20:18:38,095 step=3290 train=3.65214 val=None lr=0.000275578
2026-09-30 20:18:38,972 step=3300 train=3.65530 val=3.4033562302589417 lr=0.000275419
2026-09-30 20:18:39,527 step=3310 train=3.57715 val=None lr=0.000275259
2026-09-30 20:18:40,155 step=3320 train=3.42325 val=None lr=0.000275099
2026-09-30 20:18:40,672 step=3330 train=3.26240 val=None lr=0.000274939
2026-09-30 20:18:41,209 step=3340 train=3.40602 val=None lr=0.000274778
2026-09-30 20:18:41,940 step=3350 train=3.44659 val=None lr=0.000274616
2026-09-30 20:18:42,417 step=3360 train=3.33198 val=None lr=0.000274454
2026-09-30 20:18:43,062 step=3370 train=3.45232 val=None lr=0.000274292
2026-09-30 20:18:43,649 step=3380 train=3.27488 val=None lr=0.000274129
2026-09-30 20:18:44,213 step=3390 train=3.26959 val=None lr=0.000273966
2026-09-30 20:18:45,054 step=3400 train=3.36450 val=3.3729756236076356 lr=0.000273802
2026-09-30 20:18:45,881 step=3410 train=3.53433 val=None lr=0.000273638
2026-09-30 20:18:46,349 step=3420 train=3.71195 val=None lr=0.000273473
2026-09-30 20:18:46,881 step=3430 train=3.56434 val=None lr=0.000273308
2026-09-30 20:18:47,431 step=3440 train=3.28963 val=None lr=0.000273143
2026-09-30 20:18:48,123 step=3450 train=3.41398 val=None lr=0.000272977
2026-09-30 20:18:48,839 step=3460 train=3.32418 val=None lr=0.00027281
2026-09-30 20:18:49,381 step=3470 train=3.28462 val=None lr=0.000272643
2026-09-30 20:18:49,944 step=3480 train=3.29744 val=None lr=0.000272476
2026-09-30 20:18:50,575 step=3490 train=3.34183 val=None lr=0.000272308
2026-09-30 20:18:51,499 step=3500 train=3.52731 val=3.337325704097748 lr=0.00027214
2026-09-30 20:18:52,365 step=3510 train=3.54654 val=None lr=0.000271971
2026-09-30 20:18:52,898 step=3520 train=3.21470 val=None lr=0.000271802
2026-09-30 20:18:53,392 step=3530 train=3.30544 val=None lr=0.000271632
2026-09-30 20:18:53,923 step=3540 train=3.22325 val=None lr=0.000271462
2026-09-30 20:18:54,494 step=3550 train=3.45923 val=None lr=0.000271292
2026-09-30 20:18:55,146 step=3560 train=3.51810 val=None lr=0.000271121
2026-09-30 20:18:55,625 step=3570 train=3.36304 val=None lr=0.000270949
2026-09-30 20:18:56,162 step=3580 train=3.59652 val=None lr=0.000270778
2026-09-30 20:18:56,876 step=3590 train=3.25798 val=None lr=0.000270605
2026-09-30 20:18:57,693 step=3600 train=3.44304 val=3.312356197834015 lr=0.000270432
2026-09-30 20:18:58,274 step=3610 train=3.16991 val=None lr=0.000270259
2026-09-30 20:18:58,812 step=3620 train=3.36554 val=None lr=0.000270086
2026-09-30 20:18:59,305 step=3630 train=3.34739 val=None lr=0.000269912
2026-09-30 20:18:59,870 step=3640 train=3.45974 val=None lr=0.000269737
2026-09-30 20:19:00,555 step=3650 train=3.18634 val=None lr=0.000269562
2026-09-30 20:19:01,143 step=3660 train=3.25621 val=None lr=0.000269387
2026-09-30 20:19:01,654 step=3670 train=3.25092 val=None lr=0.000269211
2026-09-30 20:19:02,312 step=3680 train=3.37022 val=None lr=0.000269034
2026-09-30 20:19:02,808 step=3690 train=3.15983 val=None lr=0.000268858
2026-09-30 20:19:03,877 step=3700 train=3.34961 val=3.287127149105072 lr=0.000268681
2026-09-30 20:19:02,495 step=3710 train=3.26843 val=None lr=0.000268503
2026-09-30 20:19:03,060 step=3720 train=3.38848 val=None lr=0.000268325
2026-09-30 20:19:03,618 step=3730 train=3.21768 val=None lr=0.000268146
2026-09-30 20:19:04,237 step=3740 train=3.64219 val=None lr=0.000267968
2026-09-30 20:19:04,806 step=3750 train=3.41245 val=None lr=0.000267788
2026-09-30 20:19:05,340 step=3760 train=3.12160 val=None lr=0.000267608
2026-09-30 20:19:05,868 step=3770 train=3.43042 val=None lr=0.000267428
2026-09-30 20:19:06,369 step=3780 train=3.12285 val=None lr=0.000267248
2026-09-30 20:19:06,984 step=3790 train=3.24767 val=None lr=0.000267067
2026-09-30 20:19:07,813 step=3800 train=3.50269 val=3.2670241475105284 lr=0.000266885
2026-09-30 20:19:08,396 step=3810 train=3.26589 val=None lr=0.000266703
2026-09-30 20:19:08,940 step=3820 train=3.43596 val=None lr=0.000266521
2026-09-30 20:19:09,489 step=3830 train=3.40991 val=None lr=0.000266338
2026-09-30 20:19:09,974 step=3840 train=3.16824 val=None lr=0.000266155
2026-09-30 20:19:10,536 step=3850 train=3.19951 val=None lr=0.000265971
2026-09-30 20:19:11,076 step=3860 train=3.46797 val=None lr=0.000265787
2026-09-30 20:19:11,575 step=3870 train=3.23586 val=None lr=0.000265603
2026-09-30 20:19:12,101 step=3880 train=3.34239 val=None lr=0.000265418
2026-09-30 20:19:12,675 step=3890 train=3.68963 val=None lr=0.000265232
2026-09-30 20:19:13,563 step=3900 train=3.59001 val=3.238001799583435 lr=0.000265047
2026-09-30 20:19:14,211 step=3910 train=3.16528 val=None lr=0.000264861
2026-09-30 20:19:14,937 step=3920 train=3.38184 val=None lr=0.000264674
2026-09-30 20:19:15,592 step=3930 train=3.19974 val=None lr=0.000264487
2026-09-30 20:19:16,217 step=3940 train=3.22976 val=None lr=0.0002643
2026-09-30 20:19:16,783 step=3950 train=3.19082 val=None lr=0.000264112
2026-09-30 20:19:17,323 step=3960 train=3.25000 val=None lr=0.000263923
2026-09-30 20:19:17,907 step=3970 train=3.11019 val=None lr=0.000263735
2026-09-30 20:19:18,635 step=3980 train=3.55772 val=None lr=0.000263546
2026-09-30 20:19:19,424 step=3990 train=3.00423 val=None lr=0.000263356
2026-09-30 20:19:20,344 step=4000 train=3.16924 val=3.213223195075989 lr=0.000263166
2026-09-30 20:19:21,122 step=4010 train=3.26469 val=None lr=0.000262976
2026-09-30 20:19:21,727 step=4020 train=3.30109 val=None lr=0.000262785
2026-09-30 20:19:22,183 step=4030 train=3.44848 val=None lr=0.000262594
2026-09-30 20:19:22,894 step=4040 train=3.51298 val=None lr=0.000262402
2026-09-30 20:19:23,491 step=4050 train=3.09234 val=None lr=0.00026221
2026-09-30 20:19:23,980 step=4060 train=3.48411 val=None lr=0.000262018
2026-09-30 20:19:24,454 step=4070 train=3.29946 val=None lr=0.000261825
2026-09-30 20:19:25,010 step=4080 train=3.31172 val=None lr=0.000261632
2026-09-30 20:19:25,584 step=4090 train=3.19618 val=None lr=0.000261438
2026-09-30 20:19:26,521 step=4100 train=3.37870 val=3.19696387052536 lr=0.000261244
2026-09-30 20:19:27,126 step=4110 train=3.41255 val=None lr=0.00026105
2026-09-30 20:19:27,766 step=4120 train=3.11905 val=None lr=0.000260855
2026-09-30 20:19:28,413 step=4130 train=3.22940 val=None lr=0.00026066
2026-09-30 20:19:28,936 step=4140 train=3.25489 val=None lr=0.000260464
2026-09-30 20:19:29,433 step=4150 train=3.24210 val=None lr=0.000260268
2026-09-30 20:19:29,929 step=4160 train=3.07143 val=None lr=0.000260072
2026-09-30 20:19:30,449 step=4170 train=3.27181 val=None lr=0.000259875
2026-09-30 20:19:30,985 step=4180 train=3.29813 val=None lr=0.000259678
2026-09-30 20:19:31,623 step=4190 train=3.00835 val=None lr=0.00025948
2026-09-30 20:19:32,445 step=4200 train=3.32040 val=3.172006845474243 lr=0.000259282
2026-09-30 20:19:33,023 step=4210 train=3.46103 val=None lr=0.000259084
2026-09-30 20:19:33,652 step=4220 train=3.20864 val=None lr=0.000258885
2026-09-30 20:19:34,169 step=4230 train=3.27514 val=None lr=0.000258686
2026-09-30 20:19:34,670 step=4240 train=3.23073 val=None lr=0.000258486
2026-09-30 20:19:33,155 step=4250 train=3.55270 val=None lr=0.000258286
2026-09-30 20:19:33,666 step=4260 train=3.26439 val=None lr=0.000258086
2026-09-30 20:19:34,130 step=4270 train=3.27884 val=None lr=0.000257885
2026-09-30 20:19:34,576 step=4280 train=3.27097 val=None lr=0.000257684
2026-09-30 20:19:35,069 step=4290 train=3.26880 val=None lr=0.000257482
2026-09-30 20:19:35,935 step=4300 train=3.24855 val=3.1526153922080993 lr=0.00025728
2026-09-30 20:19:36,450 step=4310 train=3.25705 val=None lr=0.000257078
2026-09-30 20:19:36,970 step=4320 train=3.67054 val=None lr=0.000256875
2026-09-30 20:19:37,465 step=4330 train=3.28701 val=None lr=0.000256672
2026-09-30 20:19:38,041 step=4340 train=3.14549 val=None lr=0.000256468
2026-09-30 20:19:38,678 step=4350 train=3.23860 val=None lr=0.000256265
2026-09-30 20:19:39,408 step=4360 train=2.96549 val=None lr=0.00025606
2026-09-30 20:19:40,073 step=4370 train=3.25436 val=None lr=0.000255856
2026-09-30 20:19:40,569 step=4380 train=2.96303 val=None lr=0.000255651
2026-09-30 20:19:41,078 step=4390 train=3.44279 val=None lr=0.000255445
2026-09-30 20:19:41,892 step=4400 train=3.07574 val=3.1340694546699526 lr=0.000255239
2026-09-30 20:19:42,547 step=4410 train=3.02720 val=None lr=0.000255033
2026-09-30 20:19:43,035 step=4420 train=2.92918 val=None lr=0.000254827
2026-09-30 20:19:43,669 step=4430 train=3.39471 val=None lr=0.00025462
2026-09-30 20:19:44,172 step=4440 train=3.34732 val=None lr=0.000254412
2026-09-30 20:19:44,697 step=4450 train=3.33381 val=None lr=0.000254205
2026-09-30 20:19:45,343 step=4460 train=3.02171 val=None lr=0.000253997
2026-09-30 20:19:45,922 step=4470 train=3.29811 val=None lr=0.000253788
2026-09-30 20:19:46,535 step=4480 train=3.21284 val=None lr=0.000253579
2026-09-30 20:19:47,186 step=4490 train=3.29473 val=None lr=0.00025337
2026-09-30 20:19:48,039 step=4500 train=3.00323 val=3.112790250778198 lr=0.00025316
2026-09-30 20:19:49,071 step=4510 train=3.15889 val=None lr=0.000252951
2026-09-30 20:19:49,718 step=4520 train=3.10303 val=None lr=0.00025274
2026-09-30 20:19:50,399 step=4530 train=3.14248 val=None lr=0.00025253
2026-09-30 20:19:50,871 step=4540 train=3.16043 val=None lr=0.000252319
2026-09-30 20:19:51,334 step=4550 train=2.91518 val=None lr=0.000252107
2026-09-30 20:19:51,876 step=4560 train=3.23278 val=None lr=0.000251895
2026-09-30 20:19:52,387 step=4570 train=3.17021 val=None lr=0.000251683
2026-09-30 20:19:53,020 step=4580 train=3.03726 val=None lr=0.000251471
2026-09-30 20:19:53,547 step=4590 train=3.15439 val=None lr=0.000251258
2026-09-30 20:19:54,514 step=4600 train=3.17424 val=3.1079702019691466 lr=0.000251045
2026-09-30 20:19:55,049 step=4610 train=3.44471 val=None lr=0.000250831
2026-09-30 20:19:55,645 step=4620 train=3.22168 val=None lr=0.000250617
2026-09-30 20:19:56,202 step=4630 train=3.45782 val=None lr=0.000250403
2026-09-30 20:19:56,735 step=4640 train=3.31621 val=None lr=0.000250188
2026-09-30 20:19:57,240 step=4650 train=3.16163 val=None lr=0.000249973
2026-09-30 20:19:57,810 step=4660 train=3.05171 val=None lr=0.000249758
2026-09-30 20:19:58,407 step=4670 train=3.10102 val=None lr=0.000249542
2026-09-30 20:19:58,941 step=4680 train=3.23168 val=None lr=0.000249326
2026-09-30 20:19:59,452 step=4690 train=2.98672 val=None lr=0.000249109
2026-09-30 20:20:00,328 step=4700 train=3.28757 val=3.0846327424049376 lr=0.000248892
2026-09-30 20:20:00,900 step=4710 train=3.12925 val=None lr=0.000248675
2026-09-30 20:20:01,428 step=4720 train=3.12777 val=None lr=0.000248458
2026-09-30 20:20:02,033 step=4730 train=3.04833 val=None lr=0.00024824
2026-09-30 20:20:02,663 step=4740 train=3.38609 val=None lr=0.000248022
2026-09-30 20:20:03,324 step=4750 train=3.27593 val=None lr=0.000247803
2026-09-30 20:20:04,108 step=4760 train=3.00553 val=None lr=0.000247584
2026-09-30 20:20:04,702 step=4770 train=3.03811 val=None lr=0.000247365
2026-09-30 20:20:05,203 step=4780 train=3.41296 val=None lr=0.000247145
2026-09-30 20:20:03,639 step=4790 train=3.14628 val=None lr=0.000246925
2026-09-30 20:20:04,678 step=4800 train=3.49335 val=3.0759214639663695 lr=0.000246705
2026-09-30 20:20:05,200 step=4810 train=3.09142 val=None lr=0.000246484
2026-09-30 20:20:05,731 step=4820 train=3.21100 val=None lr=0.000246263
2026-09-30 20:20:06,292 step=4830 train=3.14074 val=None lr=0.000246042
2026-09-30 20:20:06,793 step=4840 train=3.03965 val=None lr=0.00024582
2026-09-30 20:20:07,302 step=4850 train=3.26562 val=None lr=0.000245598
2026-09-30 20:20:07,908 step=4860 train=2.86745 val=None lr=0.000245376
2026-09-30 20:20:08,561 step=4870 train=2.98444 val=None lr=0.000245153
2026-09-30 20:20:09,084 step=4880 train=3.05927 val=None lr=0.00024493
2026-09-30 20:20:09,755 step=4890 train=2.97247 val=None lr=0.000244707
2026-09-30 20:20:10,624 step=4900 train=3.01625 val=3.056117260456085 lr=0.000244483
2026-09-30 20:20:11,102 step=4910 train=3.14693 val=None lr=0.000244259
2026-09-30 20:20:11,623 step=4920 train=3.12654 val=None lr=0.000244035
2026-09-30 20:20:12,160 step=4930 train=3.27461 val=None lr=0.00024381
2026-09-30 20:20:12,738 step=4940 train=3.23826 val=None lr=0.000243585
2026-09-30 20:20:13,337 step=4950 train=2.97810 val=None lr=0.00024336
2026-09-30 20:20:13,890 step=4960 train=2.73008 val=None lr=0.000243134
2026-09-30 20:20:14,475 step=4970 train=3.05994 val=None lr=0.000242908
2026-09-30 20:20:15,032 step=4980 train=2.90182 val=None lr=0.000242682
2026-09-30 20:20:15,583 step=4990 train=3.30494 val=None lr=0.000242455
2026-09-30 20:20:16,375 step=5000 train=3.34934 val=3.043536138534546 lr=0.000242228
2026-09-30 20:20:17,246 step=5010 train=3.10841 val=None lr=0.000242001
2026-09-30 20:20:17,863 step=5020 train=3.21970 val=None lr=0.000241773
2026-09-30 20:20:18,556 step=5030 train=3.16795 val=None lr=0.000241545
2026-09-30 20:20:19,154 step=5040 train=3.04800 val=None lr=0.000241317
2026-09-30 20:20:19,738 step=5050 train=3.12666 val=None lr=0.000241088
2026-09-30 20:20:20,412 step=5060 train=3.33466 val=None lr=0.000240859
2026-09-30 20:20:21,019 step=5070 train=3.14239 val=None lr=0.00024063
2026-09-30 20:20:21,567 step=5080 train=3.48458 val=None lr=0.0002404
2026-09-30 20:20:22,202 step=5090 train=3.06253 val=None lr=0.00024017
2026-09-30 20:20:23,023 step=5100 train=3.23990 val=3.029918360710144 lr=0.00023994
2026-09-30 20:20:23,511 step=5110 train=3.25874 val=None lr=0.00023971
2026-09-30 20:20:24,080 step=5120 train=3.17499 val=None lr=0.000239479
2026-09-30 20:20:24,561 step=5130 train=2.90210 val=None lr=0.000239248
2026-09-30 20:20:25,060 step=5140 train=3.09051 val=None lr=0.000239016
2026-09-30 20:20:25,782 step=5150 train=3.18695 val=None lr=0.000238784
2026-09-30 20:20:26,496 step=5160 train=3.24857 val=None lr=0.000238552
2026-09-30 20:20:26,977 step=5170 train=2.92531 val=None lr=0.00023832
2026-09-30 20:20:27,519 step=5180 train=3.16711 val=None lr=0.000238087
2026-09-30 20:20:28,024 step=5190 train=2.86851 val=None lr=0.000237854
2026-09-30 20:20:28,817 step=5200 train=3.36629 val=3.016754615306854 lr=0.000237621
2026-09-30 20:20:29,342 step=5210 train=2.90173 val=None lr=0.000237387
2026-09-30 20:20:29,945 step=5220 train=3.25721 val=None lr=0.000237153
2026-09-30 20:20:30,435 step=5230 train=3.03284 val=None lr=0.000236919
2026-09-30 20:20:30,878 step=5240 train=3.11161 val=None lr=0.000236684
2026-09-30 20:20:31,381 step=5250 train=3.02441 val=None lr=0.00023645
2026-09-30 20:20:32,009 step=5260 train=2.98372 val=None lr=0.000236214
2026-09-30 20:20:32,610 step=5270 train=3.13399 val=None lr=0.000235979
2026-09-30 20:20:33,117 step=5280 train=3.39511 val=None lr=0.000235743
2026-09-30 20:20:33,693 step=5290 train=3.02547 val=None lr=0.000235507
2026-09-30 20:20:34,558 step=5300 train=3.24516 val=3.0069405913352965 lr=0.000235271
2026-09-30 20:20:35,129 step=5310 train=2.94651 val=None lr=0.000235034
2026-09-30 20:20:35,676 step=5320 train=3.17913 val=None lr=0.000234797
2026-09-30 20:20:34,132 step=5330 train=3.09054 val=None lr=0.00023456
2026-09-30 20:20:34,809 step=5340 train=3.02134 val=None lr=0.000234323
2026-09-30 20:20:35,312 step=5350 train=2.91147 val=None lr=0.000234085
2026-09-30 20:20:35,893 step=5360 train=3.26897 val=None lr=0.000233847
2026-09-30 20:20:36,521 step=5370 train=3.10078 val=None lr=0.000233608
2026-09-30 20:20:37,058 step=5380 train=2.94155 val=None lr=0.00023337
2026-09-30 20:20:37,639 step=5390 train=3.07808 val=None lr=0.000233131
2026-09-30 20:20:38,526 step=5400 train=3.05314 val=2.9969464421272276 lr=0.000232891
2026-09-30 20:20:39,083 step=5410 train=3.11876 val=None lr=0.000232652
2026-09-30 20:20:39,577 step=5420 train=2.88788 val=None lr=0.000232412
2026-09-30 20:20:40,368 step=5430 train=3.16299 val=None lr=0.000232172
2026-09-30 20:20:40,920 step=5440 train=3.03762 val=None lr=0.000231932
2026-09-30 20:20:41,451 step=5450 train=3.06897 val=None lr=0.000231691
2026-09-30 20:20:42,019 step=5460 train=3.28811 val=None lr=0.00023145
2026-09-30 20:20:42,677 step=5470 train=3.00083 val=None lr=0.000231209
2026-09-30 20:20:43,327 step=5480 train=2.98977 val=None lr=0.000230967
2026-09-30 20:20:43,842 step=5490 train=3.00488 val=None lr=0.000230725
2026-09-30 20:20:44,699 step=5500 train=3.07347 val=2.983458697795868 lr=0.000230483
2026-09-30 20:20:45,748 step=5510 train=2.79992 val=None lr=0.000230241
2026-09-30 20:20:46,371 step=5520 train=3.01327 val=None lr=0.000229998
2026-09-30 20:20:46,900 step=5530 train=2.96590 val=None lr=0.000229756
2026-09-30 20:20:47,517 step=5540 train=2.84609 val=None lr=0.000229512
2026-09-30 20:20:48,213 step=5550 train=3.35614 val=None lr=0.000229269
2026-09-30 20:20:48,731 step=5560 train=3.11289 val=None lr=0.000229025
2026-09-30 20:20:49,228 step=5570 train=3.10770 val=None lr=0.000228781
2026-09-30 20:20:49,856 step=5580 train=3.08132 val=None lr=0.000228537
2026-09-30 20:20:50,467 step=5590 train=2.98703 val=None lr=0.000228293
2026-09-30 20:20:51,557 step=5600 train=3.28882 val=2.9748405694961546 lr=0.000228048
2026-09-30 20:20:52,076 step=5610 train=2.97196 val=None lr=0.000227803
2026-09-30 20:20:52,601 step=5620 train=2.86971 val=None lr=0.000227557
2026-09-30 20:20:53,121 step=5630 train=2.83760 val=None lr=0.000227312
2026-09-30 20:20:54,096 step=5640 train=3.04507 val=None lr=0.000227066
2026-09-30 20:20:54,597 step=5650 train=3.21116 val=None lr=0.00022682
2026-09-30 20:20:55,068 step=5660 train=3.09199 val=None lr=0.000226574
2026-09-30 20:20:55,698 step=5670 train=2.96449 val=None lr=0.000226327
2026-09-30 20:20:56,180 step=5680 train=3.21505 val=None lr=0.00022608
2026-09-30 20:20:56,803 step=5690 train=2.96622 val=None lr=0.000225833
2026-09-30 20:20:57,681 step=5700 train=3.17098 val=2.9627947092056273 lr=0.000225586
2026-09-30 20:20:58,179 step=5710 train=3.11009 val=None lr=0.000225338
2026-09-30 20:20:58,737 step=5720 train=3.14343 val=None lr=0.00022509
2026-09-30 20:20:59,328 step=5730 train=3.10048 val=None lr=0.000224842
2026-09-30 20:20:59,935 step=5740 train=2.97187 val=None lr=0.000224594
2026-09-30 20:21:00,546 step=5750 train=2.81466 val=None lr=0.000224345
2026-09-30 20:21:01,157 step=5760 train=3.09346 val=None lr=0.000224096
2026-09-30 20:21:01,820 step=5770 train=3.03400 val=None lr=0.000223847
2026-09-30 20:21:02,429 step=5780 train=3.14046 val=None lr=0.000223597
2026-09-30 20:21:03,024 step=5790 train=3.30789 val=None lr=0.000223348
2026-09-30 20:21:03,812 step=5800 train=3.17580 val=2.951926600933075 lr=0.000223098
2026-09-30 20:21:04,296 step=5810 train=2.97560 val=None lr=0.000222848
2026-09-30 20:21:04,802 step=5820 train=3.07549 val=None lr=0.000222597
2026-09-30 20:21:05,287 step=5830 train=3.17973 val=None lr=0.000222347
2026-09-30 20:21:05,958 step=5840 train=3.00074 val=None lr=0.000222096
2026-09-30 20:21:04,496 step=5850 train=2.85386 val=None lr=0.000221845
2026-09-30 20:21:05,002 step=5860 train=3.03576 val=None lr=0.000221594
2026-09-30 20:21:05,455 step=5870 train=2.78950 val=None lr=0.000221342
2026-09-30 20:21:06,075 step=5880 train=2.73923 val=None lr=0.00022109
2026-09-30 20:21:06,707 step=5890 train=2.97972 val=None lr=0.000220838
2026-09-30 20:21:07,561 step=5900 train=2.80284 val=2.945657956600189 lr=0.000220586
2026-09-30 20:21:08,067 step=5910 train=3.07595 val=None lr=0.000220333
2026-09-30 20:21:08,645 step=5920 train=3.30626 val=None lr=0.000220081
2026-09-30 20:21:09,185 step=5930 train=2.91564 val=None lr=0.000219828
2026-09-30 20:21:09,694 step=5940 train=2.76589 val=None lr=0.000219574
2026-09-30 20:21:10,216 step=5950 train=3.01810 val=None lr=0.000219321
2026-09-30 20:21:10,758 step=5960 train=3.01494 val=None lr=0.000219067
2026-09-30 20:21:11,305 step=5970 train=2.95713 val=None lr=0.000218813
2026-09-30 20:21:11,839 step=5980 train=2.93406 val=None lr=0.000218559
2026-09-30 20:21:12,366 step=5990 train=3.17247 val=None lr=0.000218305
2026-09-30 20:21:13,222 step=6000 train=2.84438 val=2.930174136161804 lr=0.00021805
2026-09-30 20:21:14,090 step=6010 train=2.92342 val=None lr=0.000217796
2026-09-30 20:21:14,674 step=6020 train=2.94152 val=None lr=0.000217541
2026-09-30 20:21:15,216 step=6030 train=3.13610 val=None lr=0.000217285
2026-09-30 20:21:15,699 step=6040 train=3.26470 val=None lr=0.00021703
2026-09-30 20:21:16,240 step=6050 train=3.02717 val=None lr=0.000216774
2026-09-30 20:21:16,789 step=6060 train=2.91779 val=None lr=0.000216518
2026-09-30 20:21:17,302 step=6070 train=3.00100 val=None lr=0.000216262
2026-09-30 20:21:17,927 step=6080 train=3.06373 val=None lr=0.000216006
2026-09-30 20:21:18,508 step=6090 train=3.05197 val=None lr=0.000215749
2026-09-30 20:21:19,374 step=6100 train=3.14544 val=2.921703267097473 lr=0.000215493
2026-09-30 20:21:19,868 step=6110 train=3.14035 val=None lr=0.000215236
2026-09-30 20:21:20,390 step=6120 train=2.89286 val=None lr=0.000214978
2026-09-30 20:21:20,888 step=6130 train=2.79847 val=None lr=0.000214721
2026-09-30 20:21:21,378 step=6140 train=3.01519 val=None lr=0.000214463
2026-09-30 20:21:22,174 step=6150 train=2.95394 val=None lr=0.000214206
2026-09-30 20:21:22,755 step=6160 train=3.07549 val=None lr=0.000213948
2026-09-30 20:21:23,252 step=6170 train=3.03485 val=None lr=0.000213689
2026-09-30 20:21:23,942 step=6180 train=2.89114 val=None lr=0.000213431
2026-09-30 20:21:24,513 step=6190 train=3.18428 val=None lr=0.000213172
2026-09-30 20:21:25,318 step=6200 train=3.15962 val=2.9132538437843323 lr=0.000212913
2026-09-30 20:21:25,980 step=6210 train=3.05348 val=None lr=0.000212654
2026-09-30 20:21:26,646 step=6220 train=2.86882 val=None lr=0.000212395
2026-09-30 20:21:27,080 step=6230 train=3.12404 val=None lr=0.000212136
2026-09-30 20:21:27,558 step=6240 train=2.77415 val=None lr=0.000211876
2026-09-30 20:21:28,039 step=6250 train=2.85444 val=None lr=0.000211616
2026-09-30 20:21:28,615 step=6260 train=2.65019 val=None lr=0.000211356
2026-09-30 20:21:29,116 step=6270 train=3.06064 val=None lr=0.000211096
2026-09-30 20:21:29,668 step=6280 train=3.03414 val=None lr=0.000210836
2026-09-30 20:21:30,113 step=6290 train=2.94911 val=None lr=0.000210575
2026-09-30 20:21:30,941 step=6300 train=3.28652 val=2.9073180675506594 lr=0.000210314
2026-09-30 20:21:31,538 step=6310 train=2.84935 val=None lr=0.000210053
2026-09-30 20:21:32,084 step=6320 train=3.41607 val=None lr=0.000209792
2026-09-30 20:21:32,771 step=6330 train=3.01874 val=None lr=0.000209531
2026-09-30 20:21:33,327 step=6340 train=2.95045 val=None lr=0.000209269
2026-09-30 20:21:33,897 step=6350 train=2.80083 val=None lr=0.000209007
2026-09-30 20:21:34,536 step=6360 train=2.81870 val=None lr=0.000208745
2026-09-30 20:21:35,071 step=6370 train=3.16061 val=None lr=0.000208483
2026-09-30 20:21:35,574 step=6380 train=2.77706 val=None lr=0.000208221
2026-09-30 20:21:36,210 step=6390 train=2.86062 val=None lr=0.000207959
2026-09-30 20:21:34,950 step=6400 train=3.09043 val=2.896372389793396 lr=0.000207696
2026-09-30 20:21:35,471 step=6410 train=2.76472 val=None lr=0.000207433
2026-09-30 20:21:35,985 step=6420 train=2.91285 val=None lr=0.00020717
2026-09-30 20:21:36,500 step=6430 train=2.92930 val=None lr=0.000206907
2026-09-30 20:21:37,101 step=6440 train=3.16081 val=None lr=0.000206644
2026-09-30 20:21:37,604 step=6450 train=3.25227 val=None lr=0.00020638
2026-09-30 20:21:38,203 step=6460 train=2.82253 val=None lr=0.000206116
2026-09-30 20:21:38,717 step=6470 train=2.99110 val=None lr=0.000205852
2026-09-30 20:21:39,314 step=6480 train=3.02531 val=None lr=0.000205588
2026-09-30 20:21:39,818 step=6490 train=2.71935 val=None lr=0.000205324
2026-09-30 20:21:40,756 step=6500 train=3.01794 val=2.889155626296997 lr=0.00020506
2026-09-30 20:21:41,525 step=6510 train=2.97964 val=None lr=0.000204795
2026-09-30 20:21:42,103 step=6520 train=2.59936 val=None lr=0.00020453
2026-09-30 20:21:42,707 step=6530 train=2.71858 val=None lr=0.000204265
2026-09-30 20:21:43,235 step=6540 train=3.04118 val=None lr=0.000204
2026-09-30 20:21:43,754 step=6550 train=2.95722 val=None lr=0.000203735
2026-09-30 20:21:44,536 step=6560 train=2.87991 val=None lr=0.00020347
2026-09-30 20:21:45,030 step=6570 train=3.08934 val=None lr=0.000203204
2026-09-30 20:21:45,653 step=6580 train=2.85613 val=None lr=0.000202938
2026-09-30 20:21:46,340 step=6590 train=2.90785 val=None lr=0.000202673
2026-09-30 20:21:47,131 step=6600 train=3.11028 val=2.8758906960487365 lr=0.000202407
2026-09-30 20:21:47,587 step=6610 train=2.68961 val=None lr=0.00020214
2026-09-30 20:21:48,053 step=6620 train=2.90730 val=None lr=0.000201874
2026-09-30 20:21:48,565 step=6630 train=3.18244 val=None lr=0.000201607
2026-09-30 20:21:49,125 step=6640 train=2.79601 val=None lr=0.000201341
2026-09-30 20:21:49,755 step=6650 train=2.85916 val=None lr=0.000201074
2026-09-30 20:21:50,372 step=6660 train=3.09306 val=None lr=0.000200807
2026-09-30 20:21:50,898 step=6670 train=2.93051 val=None lr=0.00020054
2026-09-30 20:21:51,481 step=6680 train=2.99534 val=None lr=0.000200273
2026-09-30 20:21:52,014 step=6690 train=3.04350 val=None lr=0.000200005
2026-09-30 20:21:52,833 step=6700 train=2.72940 val=2.8674832701683046 lr=0.000199738
2026-09-30 20:21:53,412 step=6710 train=2.80818 val=None lr=0.00019947
2026-09-30 20:21:53,942 step=6720 train=2.61435 val=None lr=0.000199202
2026-09-30 20:21:54,541 step=6730 train=3.02937 val=None lr=0.000198934
2026-09-30 20:21:55,103 step=6740 train=3.12016 val=None lr=0.000198666
2026-09-30 20:21:55,655 step=6750 train=3.04910 val=None lr=0.000198398
2026-09-30 20:21:56,150 step=6760 train=3.03452 val=None lr=0.000198129
2026-09-30 20:21:56,808 step=6770 train=3.09029 val=None lr=0.000197861
2026-09-30 20:21:57,397 step=6780 train=3.14354 val=None lr=0.000197592
2026-09-30 20:21:57,985 step=6790 train=2.81241 val=None lr=0.000197323
2026-09-30 20:21:58,875 step=6800 train=2.96656 val=2.864756870269775 lr=0.000197054
2026-09-30 20:21:59,675 step=6810 train=3.00605 val=None lr=0.000196785
2026-09-30 20:22:00,407 step=6820 train=2.96210 val=None lr=0.000196516
2026-09-30 20:22:00,986 step=6830 train=2.86637 val=None lr=0.000196246
2026-09-30 20:22:01,439 step=6840 train=3.11351 val=None lr=0.000195977
2026-09-30 20:22:01,942 step=6850 train=2.94663 val=None lr=0.000195707
2026-09-30 20:22:02,518 step=6860 train=3.04834 val=None lr=0.000195438
2026-09-30 20:22:03,063 step=6870 train=2.63618 val=None lr=0.000195168
2026-09-30 20:22:03,606 step=6880 train=3.11139 val=None lr=0.000194898
2026-09-30 20:22:04,223 step=6890 train=2.65387 val=None lr=0.000194627
2026-09-30 20:22:05,083 step=6900 train=2.73519 val=2.8525412321090697 lr=0.000194357
2026-09-30 20:22:05,634 step=6910 train=2.88287 val=None lr=0.000194087
2026-09-30 20:22:06,259 step=6920 train=2.61322 val=None lr=0.000193816
2026-09-30 20:22:06,806 step=6930 train=2.97870 val=None lr=0.000193546
2026-09-30 20:22:05,220 step=6940 train=2.85563 val=None lr=0.000193275
2026-09-30 20:22:05,775 step=6950 train=3.17349 val=None lr=0.000193004
2026-09-30 20:22:06,298 step=6960 train=2.89683 val=None lr=0.000192733
2026-09-30 20:22:06,858 step=6970 train=3.06848 val=None lr=0.000192462
2026-09-30 20:22:07,447 step=6980 train=3.18439 val=None lr=0.000192191
2026-09-30 20:22:07,935 step=6990 train=2.99233 val=None lr=0.000191919
2026-09-30 20:22:08,951 step=7000 train=3.06184 val=2.845849800109863 lr=0.000191648
2026-09-30 20:22:09,679 step=7010 train=2.72010 val=None lr=0.000191376
2026-09-30 20:22:10,144 step=7020 train=2.92040 val=None lr=0.000191105
2026-09-30 20:22:10,674 step=7030 train=2.73936 val=None lr=0.000190833
2026-09-30 20:22:11,193 step=7040 train=2.74391 val=None lr=0.000190561
2026-09-30 20:22:11,849 step=7050 train=2.92424 val=None lr=0.000190289
2026-09-30 20:22:12,469 step=7060 train=3.09082 val=None lr=0.000190017
2026-09-30 20:22:13,103 step=7070 train=2.78324 val=None lr=0.000189745
2026-09-30 20:22:13,757 step=7080 train=2.78686 val=None lr=0.000189472
2026-09-30 20:22:14,273 step=7090 train=2.88195 val=None lr=0.0001892
2026-09-30 20:22:15,196 step=7100 train=2.96631 val=2.83756103515625 lr=0.000188927
2026-09-30 20:22:15,744 step=7110 train=3.03883 val=None lr=0.000188655
2026-09-30 20:22:16,249 step=7120 train=3.07460 val=None lr=0.000188382
2026-09-30 20:22:16,773 step=7130 train=2.88114 val=None lr=0.000188109
2026-09-30 20:22:17,288 step=7140 train=2.89763 val=None lr=0.000187836
2026-09-30 20:22:17,808 step=7150 train=2.91456 val=None lr=0.000187563
2026-09-30 20:22:18,370 step=7160 train=2.66437 val=None lr=0.00018729
2026-09-30 20:22:18,936 step=7170 train=2.77603 val=None lr=0.000187017
2026-09-30 20:22:19,756 step=7180 train=2.72312 val=None lr=0.000186743
2026-09-30 20:22:20,341 step=7190 train=2.85056 val=None lr=0.00018647
2026-09-30 20:22:21,302 step=7200 train=2.97888 val=2.8321784019470213 lr=0.000186197
2026-09-30 20:22:21,835 step=7210 train=3.01156 val=None lr=0.000185923
2026-09-30 20:22:22,379 step=7220 train=2.64571 val=None lr=0.000185649
2026-09-30 20:22:22,926 step=7230 train=2.89012 val=None lr=0.000185376
2026-09-30 20:22:23,413 step=7240 train=3.00439 val=None lr=0.000185102
2026-09-30 20:22:23,978 step=7250 train=2.85474 val=None lr=0.000184828
2026-09-30 20:22:24,583 step=7260 train=2.57498 val=None lr=0.000184554
2026-09-30 20:22:25,047 step=7270 train=2.60771 val=None lr=0.00018428
2026-09-30 20:22:25,617 step=7280 train=2.69402 val=None lr=0.000184006
2026-09-30 20:22:26,123 step=7290 train=2.88823 val=None lr=0.000183731
2026-09-30 20:22:27,085 step=7300 train=2.92449 val=2.8229918479919434 lr=0.000183457
2026-09-30 20:22:27,606 step=7310 train=3.03312 val=None lr=0.000183183
2026-09-30 20:22:28,124 step=7320 train=2.88852 val=None lr=0.000182908
2026-09-30 20:22:28,631 step=7330 train=2.95536 val=None lr=0.000182634
2026-09-30 20:22:29,173 step=7340 train=2.73917 val=None lr=0.000182359
2026-09-30 20:22:29,724 step=7350 train=2.86477 val=None lr=0.000182084
2026-09-30 20:22:30,228 step=7360 train=2.76132 val=None lr=0.00018181
2026-09-30 20:22:30,791 step=7370 train=2.97480 val=None lr=0.000181535
2026-09-30 20:22:31,358 step=7380 train=3.01995 val=None lr=0.00018126
2026-09-30 20:22:31,981 step=7390 train=2.92529 val=None lr=0.000180985
2026-09-30 20:22:32,952 step=7400 train=2.89386 val=2.8154225945472717 lr=0.00018071
2026-09-30 20:22:33,848 step=7410 train=3.11077 val=None lr=0.000180435
2026-09-30 20:22:34,354 step=7420 train=2.77086 val=None lr=0.000180159
2026-09-30 20:22:34,866 step=7430 train=2.89513 val=None lr=0.000179884
2026-09-30 20:22:35,376 step=7440 train=2.84641 val=None lr=0.000179609
2026-09-30 20:22:36,120 step=7450 train=2.81332 val=None lr=0.000179334
2026-09-30 20:22:36,550 step=7460 train=2.91046 val=None lr=0.000179058
2026-09-30 20:22:37,035 step=7470 train=2.72626 val=None lr=0.000178783
2026-09-30 20:22:37,481 step=7480 train=2.82733 val=None lr=0.000178507
2026-09-30 20:22:35,799 step=7490 train=2.96340 val=None lr=0.000178231
2026-09-30 20:22:36,552 step=7500 train=2.59896 val=2.810212481021881 lr=0.000177956
2026-09-30 20:22:37,291 step=7510 train=2.90604 val=None lr=0.00017768
2026-09-30 20:22:37,742 step=7520 train=2.86497 val=None lr=0.000177404
2026-09-30 20:22:38,251 step=7530 train=2.78502 val=None lr=0.000177128
2026-09-30 20:22:38,724 step=7540 train=2.61452 val=None lr=0.000176853
2026-09-30 20:22:39,392 step=7550 train=2.75708 val=None lr=0.000176577
2026-09-30 20:22:39,884 step=7560 train=2.83426 val=None lr=0.000176301
2026-09-30 20:22:40,397 step=7570 train=2.83374 val=None lr=0.000176025
2026-09-30 20:22:41,107 step=7580 train=2.88725 val=None lr=0.000175749
2026-09-30 20:22:41,743 step=7590 train=2.91314 val=None lr=0.000175473
2026-09-30 20:22:42,644 step=7600 train=2.78640 val=2.8016584515571594 lr=0.000175196
2026-09-30 20:22:43,235 step=7610 train=2.90860 val=None lr=0.00017492
2026-09-30 20:22:43,826 step=7620 train=2.81892 val=None lr=0.000174644
2026-09-30 20:22:44,455 step=7630 train=3.16106 val=None lr=0.000174368
2026-09-30 20:22:45,011 step=7640 train=2.81787 val=None lr=0.000174091
2026-09-30 20:22:45,578 step=7650 train=3.35762 val=None lr=0.000173815
2026-09-30 20:22:46,114 step=7660 train=2.67951 val=None lr=0.000173539
2026-09-30 20:22:46,567 step=7670 train=2.67959 val=None lr=0.000173262
2026-09-30 20:22:47,043 step=7680 train=2.71041 val=None lr=0.000172986
2026-09-30 20:22:47,601 step=7690 train=2.96402 val=None lr=0.000172709
2026-09-30 20:22:48,399 step=7700 train=3.08510 val=2.796672689914703 lr=0.000172433
2026-09-30 20:22:49,165 step=7710 train=3.27294 val=None lr=0.000172156
2026-09-30 20:22:49,977 step=7720 train=3.14464 val=None lr=0.00017188
2026-09-30 20:22:50,593 step=7730 train=2.83952 val=None lr=0.000171603
2026-09-30 20:22:51,215 step=7740 train=2.96271 val=None lr=0.000171326
2026-09-30 20:22:51,845 step=7750 train=2.91716 val=None lr=0.00017105
2026-09-30 20:22:52,337 step=7760 train=3.04962 val=None lr=0.000170773
2026-09-30 20:22:53,015 step=7770 train=2.84805 val=None lr=0.000170496
2026-09-30 20:22:53,500 step=7780 train=2.87332 val=None lr=0.000170219
2026-09-30 20:22:54,098 step=7790 train=2.83791 val=None lr=0.000169943
2026-09-30 20:22:55,041 step=7800 train=2.91599 val=2.792103898525238 lr=0.000169666
2026-09-30 20:22:55,578 step=7810 train=2.93509 val=None lr=0.000169389
2026-09-30 20:22:56,144 step=7820 train=2.91556 val=None lr=0.000169112
2026-09-30 20:22:56,653 step=7830 train=2.84350 val=None lr=0.000168835
2026-09-30 20:22:57,311 step=7840 train=2.64180 val=None lr=0.000168559
2026-09-30 20:22:57,877 step=7850 train=2.97069 val=None lr=0.000168282
2026-09-30 20:22:58,451 step=7860 train=2.88695 val=None lr=0.000168005
2026-09-30 20:22:58,946 step=7870 train=2.80423 val=None lr=0.000167728
2026-09-30 20:22:59,608 step=7880 train=3.22409 val=None lr=0.000167451
2026-09-30 20:23:00,125 step=7890 train=2.86109 val=None lr=0.000167174
2026-09-30 20:23:01,145 step=7900 train=3.12010 val=2.7839546680450438 lr=0.000166897
2026-09-30 20:23:01,594 step=7910 train=2.84602 val=None lr=0.00016662
2026-09-30 20:23:02,162 step=7920 train=2.60600 val=None lr=0.000166343
2026-09-30 20:23:02,681 step=7930 train=3.07439 val=None lr=0.000166066
2026-09-30 20:23:03,141 step=7940 train=2.98547 val=None lr=0.000165789
2026-09-30 20:23:03,762 step=7950 train=3.03113 val=None lr=0.000165512
2026-09-30 20:23:04,348 step=7960 train=2.72583 val=None lr=0.000165235
2026-09-30 20:23:04,844 step=7970 train=2.63405 val=None lr=0.000164958
2026-09-30 20:23:05,513 step=7980 train=2.60675 val=None lr=0.000164681
2026-09-30 20:23:06,024 step=7990 train=2.94240 val=None lr=0.000164405
2026-09-30 20:23:06,955 step=8000 train=2.93645 val=2.779603397846222 lr=0.000164128
2026-09-30 20:23:07,803 step=8010 train=3.03811 val=None lr=0.000163851
2026-09-30 20:23:06,352 step=8020 train=2.71074 val=None lr=0.000163574
2026-09-30 20:23:06,993 step=8030 train=2.65783 val=None lr=0.000163297
2026-09-30 20:23:07,486 step=8040 train=3.04729 val=None lr=0.00016302
2026-09-30 20:23:07,973 step=8050 train=2.88083 val=None lr=0.000162743
2026-09-30 20:23:08,462 step=8060 train=2.95478 val=None lr=0.000162466
2026-09-30 20:23:08,976 step=8070 train=2.94072 val=None lr=0.000162189
2026-09-30 20:23:09,711 step=8080 train=2.82394 val=None lr=0.000161912
2026-09-30 20:23:10,198 step=8090 train=2.61395 val=None lr=0.000161635
2026-09-30 20:23:10,954 step=8100 train=2.82189 val=2.7700009107589723 lr=0.000161358
2026-09-30 20:23:11,448 step=8110 train=2.92457 val=None lr=0.000161082
2026-09-30 20:23:12,134 step=8120 train=2.82909 val=None lr=0.000160805
2026-09-30 20:23:12,658 step=8130 train=2.70473 val=None lr=0.000160528
2026-09-30 20:23:13,197 step=8140 train=2.87795 val=None lr=0.000160251
2026-09-30 20:23:13,659 step=8150 train=2.74450 val=None lr=0.000159974
2026-09-30 20:23:14,143 step=8160 train=2.72937 val=None lr=0.000159698
2026-09-30 20:23:14,666 step=8170 train=2.82254 val=None lr=0.000159421
2026-09-30 20:23:15,212 step=8180 train=2.75298 val=None lr=0.000159144
2026-09-30 20:23:15,865 step=8190 train=2.70579 val=None lr=0.000158867
2026-09-30 20:23:16,705 step=8200 train=2.81313 val=2.7655288577079773 lr=0.000158591
2026-09-30 20:23:17,324 step=8210 train=2.87043 val=None lr=0.000158314
2026-09-30 20:23:17,929 step=8220 train=2.80182 val=None lr=0.000158037
2026-09-30 20:23:18,449 step=8230 train=2.86575 val=None lr=0.000157761
2026-09-30 20:23:19,058 step=8240 train=2.97892 val=None lr=0.000157484
2026-09-30 20:23:19,587 step=8250 train=2.75195 val=None lr=0.000157208
2026-09-30 20:23:20,188 step=8260 train=2.82152 val=None lr=0.000156931
2026-09-30 20:23:20,731 step=8270 train=2.79451 val=None lr=0.000156655
2026-09-30 20:23:21,378 step=8280 train=2.87995 val=None lr=0.000156378
2026-09-30 20:23:21,950 step=8290 train=2.99982 val=None lr=0.000156102
2026-09-30 20:23:22,848 step=8300 train=2.52216 val=2.761073040962219 lr=0.000155826
2026-09-30 20:23:23,441 step=8310 train=3.10205 val=None lr=0.000155549
2026-09-30 20:23:24,097 step=8320 train=2.76349 val=None lr=0.000155273
2026-09-30 20:23:24,699 step=8330 train=2.58609 val=None lr=0.000154997
2026-09-30 20:23:25,319 step=8340 train=2.86039 val=None lr=0.000154721
2026-09-30 20:23:25,828 step=8350 train=2.98754 val=None lr=0.000154445
2026-09-30 20:23:26,336 step=8360 train=2.85906 val=None lr=0.000154169
2026-09-30 20:23:26,894 step=8370 train=2.81726 val=None lr=0.000153892
2026-09-30 20:23:27,405 step=8380 train=2.84920 val=None lr=0.000153616
2026-09-30 20:23:27,945 step=8390 train=2.66348 val=None lr=0.000153341
2026-09-30 20:23:28,833 step=8400 train=2.76998 val=2.753028953075409 lr=0.000153065
2026-09-30 20:23:29,547 step=8410 train=3.00108 val=None lr=0.000152789
2026-09-30 20:23:30,008 step=8420 train=2.75567 val=None lr=0.000152513
2026-09-30 20:23:30,668 step=8430 train=2.84541 val=None lr=0.000152237
2026-09-30 20:23:31,302 step=8440 train=2.58559 val=None lr=0.000151962
2026-09-30 20:23:31,882 step=8450 train=2.61468 val=None lr=0.000151686
2026-09-30 20:23:32,388 step=8460 train=2.59017 val=None lr=0.00015141
2026-09-30 20:23:32,901 step=8470 train=2.90521 val=None lr=0.000151135
2026-09-30 20:23:33,359 step=8480 train=3.13770 val=None lr=0.000150859
2026-09-30 20:23:33,868 step=8490 train=2.52544 val=None lr=0.000150584
2026-09-30 20:23:34,788 step=8500 train=2.78943 val=2.7488972306251527 lr=0.000150309
2026-09-30 20:23:35,463 step=8510 train=2.87662 val=None lr=0.000150033
2026-09-30 20:23:35,927 step=8520 train=2.64527 val=None lr=0.000149758
2026-09-30 20:23:36,414 step=8530 train=2.91921 val=None lr=0.000149483
2026-09-30 20:23:36,938 step=8540 train=2.83194 val=None lr=0.000149208
2026-09-30 20:23:37,439 step=8550 train=2.81298 val=None lr=0.000148933
2026-09-30 20:23:38,008 step=8560 train=2.60365 val=None lr=0.000148658
2026-09-30 20:23:36,662 step=8570 train=2.57659 val=None lr=0.000148383
2026-09-30 20:23:37,177 step=8580 train=2.71311 val=None lr=0.000148108
2026-09-30 20:23:37,770 step=8590 train=2.60164 val=None lr=0.000147833
2026-09-30 20:23:38,703 step=8600 train=2.69817 val=2.747161793708801 lr=0.000147559
2026-09-30 20:23:39,273 step=8610 train=2.68134 val=None lr=0.000147284
2026-09-30 20:23:39,770 step=8620 train=2.82912 val=None lr=0.000147009
2026-09-30 20:23:40,249 step=8630 train=2.49665 val=None lr=0.000146735
2026-09-30 20:23:40,771 step=8640 train=2.54897 val=None lr=0.000146461
2026-09-30 20:23:41,462 step=8650 train=2.83564 val=None lr=0.000146186
2026-09-30 20:23:42,043 step=8660 train=2.70152 val=None lr=0.000145912
2026-09-30 20:23:42,617 step=8670 train=2.87475 val=None lr=0.000145638
2026-09-30 20:23:43,167 step=8680 train=2.55381 val=None lr=0.000145364
2026-09-30 20:23:43,696 step=8690 train=2.87588 val=None lr=0.00014509
2026-09-30 20:23:44,705 step=8700 train=2.53527 val=2.7363809943199158 lr=0.000144816
2026-09-30 20:23:45,221 step=8710 train=2.89720 val=None lr=0.000144542
2026-09-30 20:23:45,768 step=8720 train=2.54315 val=None lr=0.000144269
2026-09-30 20:23:46,301 step=8730 train=2.89220 val=None lr=0.000143995
2026-09-30 20:23:46,811 step=8740 train=2.91626 val=None lr=0.000143721
2026-09-30 20:23:47,264 step=8750 train=3.01622 val=None lr=0.000143448
2026-09-30 20:23:47,864 step=8760 train=2.72962 val=None lr=0.000143175
2026-09-30 20:23:48,530 step=8770 train=2.80667 val=None lr=0.000142901
2026-09-30 20:23:49,098 step=8780 train=2.78118 val=None lr=0.000142628
2026-09-30 20:23:49,662 step=8790 train=2.76408 val=None lr=0.000142355
2026-09-30 20:23:50,487 step=8800 train=2.58413 val=2.7330116868019103 lr=0.000142082
2026-09-30 20:23:51,015 step=8810 train=3.05116 val=None lr=0.000141809
2026-09-30 20:23:51,509 step=8820 train=2.71464 val=None lr=0.000141536
2026-09-30 20:23:51,981 step=8830 train=2.79192 val=None lr=0.000141264
2026-09-30 20:23:52,811 step=8840 train=2.77364 val=None lr=0.000140991
2026-09-30 20:23:53,318 step=8850 train=2.77333 val=None lr=0.000140718
2026-09-30 20:23:53,800 step=8860 train=2.54935 val=None lr=0.000140446
2026-09-30 20:23:54,361 step=8870 train=2.86167 val=None lr=0.000140174
2026-09-30 20:23:54,940 step=8880 train=3.00543 val=None lr=0.000139902
2026-09-30 20:23:55,530 step=8890 train=2.91634 val=None lr=0.00013963
2026-09-30 20:23:56,394 step=8900 train=2.85010 val=2.7286909341812136 lr=0.000139358
2026-09-30 20:23:56,975 step=8910 train=2.93221 val=None lr=0.000139086
2026-09-30 20:23:57,557 step=8920 train=2.68083 val=None lr=0.000138814
2026-09-30 20:23:58,122 step=8930 train=2.59098 val=None lr=0.000138542
2026-09-30 20:23:58,721 step=8940 train=3.03592 val=None lr=0.000138271
2026-09-30 20:23:59,260 step=8950 train=2.80216 val=None lr=0.000137999
2026-09-30 20:23:59,797 step=8960 train=2.88755 val=None lr=0.000137728
2026-09-30 20:24:00,343 step=8970 train=3.02252 val=None lr=0.000137457
2026-09-30 20:24:01,072 step=8980 train=2.72729 val=None lr=0.000137186
2026-09-30 20:24:01,568 step=8990 train=2.84533 val=None lr=0.000136915
2026-09-30 20:24:02,552 step=9000 train=2.83993 val=2.724245047569275 lr=0.000136644
2026-09-30 20:24:03,515 step=9010 train=2.78747 val=None lr=0.000136373
2026-09-30 20:24:04,232 step=9020 train=2.81723 val=None lr=0.000136103
2026-09-30 20:24:04,822 step=9030 train=2.81687 val=None lr=0.000135832
2026-09-30 20:24:05,399 step=9040 train=2.83161 val=None lr=0.000135562
2026-09-30 20:24:05,981 step=9050 train=2.75319 val=None lr=0.000135292
2026-09-30 20:24:06,591 step=9060 train=2.57643 val=None lr=0.000135021
2026-09-30 20:24:07,127 step=9070 train=2.69795 val=None lr=0.000134751
2026-09-30 20:24:07,661 step=9080 train=2.64790 val=None lr=0.000134482
2026-09-30 20:24:08,177 step=9090 train=2.66653 val=None lr=0.000134212
2026-09-30 20:24:06,817 step=9100 train=2.70320 val=2.7208542585372926 lr=0.000133942
2026-09-30 20:24:07,342 step=9110 train=2.42723 val=None lr=0.000133673
2026-09-30 20:24:07,895 step=9120 train=2.80522 val=None lr=0.000133403
2026-09-30 20:24:08,397 step=9130 train=2.86172 val=None lr=0.000133134
2026-09-30 20:24:08,923 step=9140 train=2.43639 val=None lr=0.000132865
2026-09-30 20:24:09,395 step=9150 train=2.67271 val=None lr=0.000132596
2026-09-30 20:24:09,888 step=9160 train=2.78381 val=None lr=0.000132327
2026-09-30 20:24:10,357 step=9170 train=2.78927 val=None lr=0.000132059
2026-09-30 20:24:10,845 step=9180 train=3.00722 val=None lr=0.00013179
2026-09-30 20:24:11,423 step=9190 train=2.97333 val=None lr=0.000131522
2026-09-30 20:24:12,331 step=9200 train=2.74084 val=2.7138388395309447 lr=0.000131254
2026-09-30 20:24:13,032 step=9210 train=2.63374 val=None lr=0.000130985
2026-09-30 20:24:13,619 step=9220 train=3.21384 val=None lr=0.000130718
2026-09-30 20:24:14,195 step=9230 train=2.84261 val=None lr=0.00013045
2026-09-30 20:24:14,680 step=9240 train=2.80508 val=None lr=0.000130182
2026-09-30 20:24:15,210 step=9250 train=2.97102 val=None lr=0.000129915
2026-09-30 20:24:15,697 step=9260 train=2.74474 val=None lr=0.000129647
2026-09-30 20:24:16,178 step=9270 train=2.74453 val=None lr=0.00012938
2026-09-30 20:24:16,873 step=9280 train=2.88111 val=None lr=0.000129113
2026-09-30 20:24:17,374 step=9290 train=2.83948 val=None lr=0.000128846
2026-09-30 20:24:18,201 step=9300 train=2.73350 val=2.710409927368164 lr=0.000128579
2026-09-30 20:24:18,770 step=9310 train=2.82392 val=None lr=0.000128313
2026-09-30 20:24:19,286 step=9320 train=2.96459 val=None lr=0.000128046
2026-09-30 20:24:19,794 step=9330 train=2.55289 val=None lr=0.00012778
2026-09-30 20:24:20,397 step=9340 train=2.64790 val=None lr=0.000127514
2026-09-30 20:24:21,007 step=9350 train=2.61188 val=None lr=0.000127248
2026-09-30 20:24:21,528 step=9360 train=2.83487 val=None lr=0.000126982
2026-09-30 20:24:21,984 step=9370 train=2.66841 val=None lr=0.000126716
2026-09-30 20:24:22,439 step=9380 train=2.82115 val=None lr=0.000126451
2026-09-30 20:24:22,945 step=9390 train=2.80306 val=None lr=0.000126185
2026-09-30 20:24:23,827 step=9400 train=2.74209 val=2.7042484045028687 lr=0.00012592
2026-09-30 20:24:24,552 step=9410 train=2.72918 val=None lr=0.000125655
2026-09-30 20:24:25,206 step=9420 train=2.95517 val=None lr=0.00012539
2026-09-30 20:24:25,788 step=9430 train=2.59761 val=None lr=0.000125126
2026-09-30 20:24:26,321 step=9440 train=3.03620 val=None lr=0.000124861
2026-09-30 20:24:26,972 step=9450 train=2.62978 val=None lr=0.000124597
2026-09-30 20:24:27,792 step=9460 train=2.56484 val=None lr=0.000124332
2026-09-30 20:24:28,418 step=9470 train=2.77460 val=None lr=0.000124068
2026-09-30 20:24:28,951 step=9480 train=2.71599 val=None lr=0.000123805
2026-09-30 20:24:29,478 step=9490 train=2.72948 val=None lr=0.000123541
2026-09-30 20:24:30,514 step=9500 train=2.73022 val=2.7040109157562258 lr=0.000123277
2026-09-30 20:24:31,831 step=9510 train=2.69506 val=None lr=0.000123014
2026-09-30 20:24:32,368 step=9520 train=2.96667 val=None lr=0.000122751
2026-09-30 20:24:32,862 step=9530 train=2.82840 val=None lr=0.000122488
2026-09-30 20:24:33,405 step=9540 train=2.71063 val=None lr=0.000122225
2026-09-30 20:24:33,874 step=9550 train=2.90989 val=None lr=0.000121963
2026-09-30 20:24:34,334 step=9560 train=2.74317 val=None lr=0.0001217
2026-09-30 20:24:34,864 step=9570 train=2.70032 val=None lr=0.000121438
2026-09-30 20:24:35,379 step=9580 train=2.76227 val=None lr=0.000121176
2026-09-30 20:24:36,031 step=9590 train=2.86416 val=None lr=0.000120914
2026-09-30 20:24:36,914 step=9600 train=2.58479 val=2.698686122894287 lr=0.000120652
2026-09-30 20:24:37,505 step=9610 train=2.96096 val=None lr=0.000120391
2026-09-30 20:24:38,198 step=9620 train=2.70553 val=None lr=0.00012013
2026-09-30 20:24:38,749 step=9630 train=2.73927 val=None lr=0.000119868
2026-09-30 20:24:37,225 step=9640 train=2.64304 val=None lr=0.000119607
2026-09-30 20:24:37,755 step=9650 train=2.50285 val=None lr=0.000119347
2026-09-30 20:24:38,250 step=9660 train=2.64823 val=None lr=0.000119086
2026-09-30 20:24:38,846 step=9670 train=2.58123 val=None lr=0.000118826
2026-09-30 20:24:39,375 step=9680 train=3.26143 val=None lr=0.000118566
2026-09-30 20:24:39,946 step=9690 train=2.67035 val=None lr=0.000118306
2026-09-30 20:24:41,005 step=9700 train=2.79129 val=2.6938982367515565 lr=0.000118046
2026-09-30 20:24:41,515 step=9710 train=2.64735 val=None lr=0.000117786
2026-09-30 20:24:42,101 step=9720 train=3.08521 val=None lr=0.000117527
2026-09-30 20:24:42,621 step=9730 train=2.63830 val=None lr=0.000117268
2026-09-30 20:24:43,170 step=9740 train=2.79254 val=None lr=0.000117009
2026-09-30 20:24:43,756 step=9750 train=2.65684 val=None lr=0.00011675
2026-09-30 20:24:44,291 step=9760 train=2.62293 val=None lr=0.000116491
2026-09-30 20:24:44,795 step=9770 train=2.80708 val=None lr=0.000116233
2026-09-30 20:24:45,415 step=9780 train=2.82922 val=None lr=0.000115975
2026-09-30 20:24:45,993 step=9790 train=2.47184 val=None lr=0.000115717
2026-09-30 20:24:46,848 step=9800 train=2.76425 val=2.6897960901260376 lr=0.000115459
2026-09-30 20:24:47,404 step=9810 train=2.85522 val=None lr=0.000115202
2026-09-30 20:24:47,948 step=9820 train=2.71323 val=None lr=0.000114944
2026-09-30 20:24:48,471 step=9830 train=2.69158 val=None lr=0.000114687
2026-09-30 20:24:48,989 step=9840 train=2.64839 val=None lr=0.00011443
2026-09-30 20:24:49,507 step=9850 train=2.76984 val=None lr=0.000114174
2026-09-30 20:24:50,262 step=9860 train=2.73948 val=None lr=0.000113917
2026-09-30 20:24:51,076 step=9870 train=3.13691 val=None lr=0.000113661
2026-09-30 20:24:51,670 step=9880 train=2.75874 val=None lr=0.000113405
2026-09-30 20:24:52,573 step=9890 train=2.70787 val=None lr=0.000113149
2026-09-30 20:24:53,541 step=9900 train=2.68291 val=2.684706175327301 lr=0.000112893
2026-09-30 20:24:54,135 step=9910 train=2.61196 val=None lr=0.000112638
2026-09-30 20:24:54,657 step=9920 train=2.86885 val=None lr=0.000112383
2026-09-30 20:24:55,197 step=9930 train=2.69538 val=None lr=0.000112128
2026-09-30 20:24:55,908 step=9940 train=2.62426 val=None lr=0.000111873
2026-09-30 20:24:56,508 step=9950 train=2.83023 val=None lr=0.000111619
2026-09-30 20:24:56,995 step=9960 train=2.95227 val=None lr=0.000111364
2026-09-30 20:24:57,713 step=9970 train=2.74912 val=None lr=0.00011111
2026-09-30 20:24:58,196 step=9980 train=2.66025 val=None lr=0.000110857
2026-09-30 20:24:58,871 step=9990 train=2.91455 val=None lr=0.000110603
2026-09-30 20:24:59,871 step=10000 train=2.76912 val=2.6826131463050844 lr=0.00011035
2026-09-30 20:25:00,888 step=10010 train=2.75902 val=None lr=0.000110096
2026-09-30 20:25:01,436 step=10020 train=2.91141 val=None lr=0.000109844
2026-09-30 20:25:02,031 step=10030 train=2.63639 val=None lr=0.000109591
2026-09-30 20:25:02,577 step=10040 train=2.60097 val=None lr=0.000109338
2026-09-30 20:25:03,182 step=10050 train=2.78449 val=None lr=0.000109086
2026-09-30 20:25:03,784 step=10060 train=3.00765 val=None lr=0.000108834
2026-09-30 20:25:04,347 step=10070 train=3.00138 val=None lr=0.000108583
2026-09-30 20:25:04,806 step=10080 train=2.70693 val=None lr=0.000108331
2026-09-30 20:25:05,325 step=10090 train=2.42525 val=None lr=0.00010808
2026-09-30 20:25:06,168 step=10100 train=2.88843 val=2.6806914448738097 lr=0.000107829
2026-09-30 20:25:06,684 step=10110 train=2.81208 val=None lr=0.000107578
2026-09-30 20:25:07,150 step=10120 train=2.67383 val=None lr=0.000107327
2026-09-30 20:25:07,825 step=10130 train=2.87323 val=None lr=0.000107077
2026-09-30 20:25:08,503 step=10140 train=2.75663 val=None lr=0.000106827
2026-09-30 20:25:08,973 step=10150 train=2.60259 val=None lr=0.000106577
2026-09-30 20:25:09,499 step=10160 train=2.54287 val=None lr=0.000106328
2026-09-30 20:25:07,937 step=10170 train=2.70813 val=None lr=0.000106078
2026-09-30 20:25:08,591 step=10180 train=2.74862 val=None lr=0.000105829
2026-09-30 20:25:09,164 step=10190 train=2.70372 val=None lr=0.00010558
2026-09-30 20:25:10,048 step=10200 train=2.67065 val=2.676066315174103 lr=0.000105332
2026-09-30 20:25:10,632 step=10210 train=2.74737 val=None lr=0.000105084
2026-09-30 20:25:11,338 step=10220 train=2.77709 val=None lr=0.000104836
2026-09-30 20:25:11,824 step=10230 train=2.73526 val=None lr=0.000104588
2026-09-30 20:25:12,460 step=10240 train=2.68632 val=None lr=0.00010434
2026-09-30 20:25:13,038 step=10250 train=2.66719 val=None lr=0.000104093
2026-09-30 20:25:13,770 step=10260 train=2.57810 val=None lr=0.000103846
2026-09-30 20:25:14,322 step=10270 train=2.78909 val=None lr=0.000103599
2026-09-30 20:25:14,798 step=10280 train=2.69311 val=None lr=0.000103352
2026-09-30 20:25:15,288 step=10290 train=2.85568 val=None lr=0.000103106
2026-09-30 20:25:16,114 step=10300 train=2.88791 val=2.671178925037384 lr=0.00010286
2026-09-30 20:25:16,645 step=10310 train=2.63197 val=None lr=0.000102614
2026-09-30 20:25:17,122 step=10320 train=2.69930 val=None lr=0.000102369
2026-09-30 20:25:17,675 step=10330 train=2.44522 val=None lr=0.000102124
2026-09-30 20:25:18,258 step=10340 train=2.83293 val=None lr=0.000101879
2026-09-30 20:25:18,832 step=10350 train=2.52901 val=None lr=0.000101634
2026-09-30 20:25:19,407 step=10360 train=2.37183 val=None lr=0.00010139
2026-09-30 20:25:19,961 step=10370 train=2.68615 val=None lr=0.000101146
2026-09-30 20:25:20,443 step=10380 train=2.77978 val=None lr=0.000100902
2026-09-30 20:25:20,978 step=10390 train=2.51588 val=None lr=0.000100658
2026-09-30 20:25:21,970 step=10400 train=2.85904 val=2.667123591899872 lr=0.000100415
2026-09-30 20:25:22,510 step=10410 train=2.67049 val=None lr=0.000100172
2026-09-30 20:25:23,033 step=10420 train=2.74323 val=None lr=9.99288e-05
2026-09-30 20:25:23,671 step=10430 train=2.87484 val=None lr=9.96863e-05
2026-09-30 20:25:24,264 step=10440 train=2.89092 val=None lr=9.9444e-05
2026-09-30 20:25:24,748 step=10450 train=2.86126 val=None lr=9.9202e-05
2026-09-30 20:25:25,265 step=10460 train=2.80481 val=None lr=9.89603e-05
2026-09-30 20:25:25,748 step=10470 train=2.47642 val=None lr=9.87189e-05
2026-09-30 20:25:26,248 step=10480 train=2.60249 val=None lr=9.84778e-05
2026-09-30 20:25:26,731 step=10490 train=2.69394 val=None lr=9.82369e-05
2026-09-30 20:25:27,627 step=10500 train=2.77900 val=2.665705609321594 lr=9.79963e-05
2026-09-30 20:25:28,466 step=10510 train=2.42556 val=None lr=9.7756e-05
2026-09-30 20:25:28,994 step=10520 train=2.63569 val=None lr=9.7516e-05
2026-09-30 20:25:29,578 step=10530 train=2.82912 val=None lr=9.72763e-05
2026-09-30 20:25:30,117 step=10540 train=2.77393 val=None lr=9.70368e-05
2026-09-30 20:25:30,752 step=10550 train=2.75335 val=None lr=9.67976e-05
2026-09-30 20:25:31,372 step=10560 train=3.14732 val=None lr=9.65588e-05
2026-09-30 20:25:31,867 step=10570 train=2.56967 val=None lr=9.63202e-05
2026-09-30 20:25:32,373 step=10580 train=2.91318 val=None lr=9.60819e-05
2026-09-30 20:25:32,840 step=10590 train=2.62008 val=None lr=9.58439e-05
2026-09-30 20:25:33,799 step=10600 train=2.63093 val=2.6616448760032654 lr=9.56062e-05
2026-09-30 20:25:34,285 step=10610 train=2.61200 val=None lr=9.53687e-05
2026-09-30 20:25:34,809 step=10620 train=2.85635 val=None lr=9.51316e-05
2026-09-30 20:25:35,575 step=10630 train=2.49214 val=None lr=9.48948e-05
2026-09-30 20:25:36,087 step=10640 train=2.64710 val=None lr=9.46582e-05
2026-09-30 20:25:36,615 step=10650 train=2.74930 val=None lr=9.4422e-05
2026-09-30 20:25:37,270 step=10660 train=2.54506 val=None lr=9.4186e-05
2026-09-30 20:25:37,830 step=10670 train=2.78196 val=None lr=9.39504e-05
2026-09-30 20:25:38,354 step=10680 train=2.64147 val=None lr=9.3715e-05
2026-09-30 20:25:39,082 step=10690 train=2.63869 val=None lr=9.348e-05
2026-09-30 20:25:40,076 step=10700 train=2.65950 val=2.6608810424804688 lr=9.32452e-05
2026-09-30 20:25:38,498 step=10710 train=2.48257 val=None lr=9.30107e-05
2026-09-30 20:25:39,011 step=10720 train=2.94557 val=None lr=9.27766e-05
2026-09-30 20:25:39,545 step=10730 train=2.55128 val=None lr=9.25428e-05
2026-09-30 20:25:40,033 step=10740 train=2.74819 val=None lr=9.23092e-05
2026-09-30 20:25:40,646 step=10750 train=2.65056 val=None lr=9.2076e-05
2026-09-30 20:25:41,130 step=10760 train=2.82027 val=None lr=9.18431e-05
2026-09-30 20:25:41,650 step=10770 train=2.83959 val=None lr=9.16104e-05
2026-09-30 20:25:42,276 step=10780 train=2.83752 val=None lr=9.13781e-05
2026-09-30 20:25:42,790 step=10790 train=2.75370 val=None lr=9.11461e-05
2026-09-30 20:25:43,762 step=10800 train=2.90331 val=2.65524240732193 lr=9.09144e-05
2026-09-30 20:25:44,345 step=10810 train=2.63449 val=None lr=9.06831e-05
2026-09-30 20:25:44,960 step=10820 train=2.68218 val=None lr=9.0452e-05
2026-09-30 20:25:45,527 step=10830 train=2.90201 val=None lr=9.02213e-05
2026-09-30 20:25:46,222 step=10840 train=2.77340 val=None lr=8.99908e-05
2026-09-30 20:25:46,753 step=10850 train=2.52001 val=None lr=8.97607e-05
2026-09-30 20:25:47,204 step=10860 train=2.82104 val=None lr=8.95309e-05
2026-09-30 20:25:47,661 step=10870 train=2.86443 val=None lr=8.93014e-05
2026-09-30 20:25:48,270 step=10880 train=2.70315 val=None lr=8.90722e-05
2026-09-30 20:25:48,947 step=10890 train=2.58471 val=None lr=8.88434e-05
2026-09-30 20:25:49,824 step=10900 train=2.61967 val=2.6585229635238647 lr=8.86149e-05
2026-09-30 20:25:50,401 step=10910 train=2.35990 val=None lr=8.83867e-05
2026-09-30 20:25:50,930 step=10920 train=2.81263 val=None lr=8.81588e-05
2026-09-30 20:25:51,509 step=10930 train=2.65914 val=None lr=8.79312e-05
2026-09-30 20:25:52,178 step=10940 train=2.49671 val=None lr=8.7704e-05
2026-09-30 20:25:52,778 step=10950 train=2.74908 val=None lr=8.74771e-05
2026-09-30 20:25:53,273 step=10960 train=2.74159 val=None lr=8.72505e-05
2026-09-30 20:25:53,795 step=10970 train=2.79127 val=None lr=8.70242e-05
2026-09-30 20:25:54,376 step=10980 train=2.69188 val=None lr=8.67983e-05
2026-09-30 20:25:54,928 step=10990 train=2.88817 val=None lr=8.65727e-05
2026-09-30 20:25:55,817 step=11000 train=2.53236 val=2.650797665119171 lr=8.63475e-05
2026-09-30 20:25:56,852 step=11010 train=2.88560 val=None lr=8.61225e-05
2026-09-30 20:25:57,482 step=11020 train=2.65793 val=None lr=8.58979e-05
2026-09-30 20:25:58,126 step=11030 train=2.66476 val=None lr=8.56736e-05
2026-09-30 20:25:58,661 step=11040 train=2.74455 val=None lr=8.54497e-05
2026-09-30 20:25:59,271 step=11050 train=2.71134 val=None lr=8.52261e-05
2026-09-30 20:25:59,785 step=11060 train=2.44330 val=None lr=8.50028e-05
2026-09-30 20:26:00,723 step=11070 train=2.62992 val=None lr=8.47799e-05
2026-09-30 20:26:01,438 step=11080 train=3.10072 val=None lr=8.45573e-05
2026-09-30 20:26:01,933 step=11090 train=2.81253 val=None lr=8.43351e-05
2026-09-30 20:26:02,724 step=11100 train=2.62803 val=2.6481451988220215 lr=8.41131e-05
2026-09-30 20:26:03,228 step=11110 train=2.82531 val=None lr=8.38916e-05
2026-09-30 20:26:03,866 step=11120 train=2.68746 val=None lr=8.36703e-05
2026-09-30 20:26:04,407 step=11130 train=2.44483 val=None lr=8.34494e-05
2026-09-30 20:26:04,980 step=11140 train=3.21069 val=None lr=8.32289e-05
2026-09-30 20:26:05,506 step=11150 train=3.20008 val=None lr=8.30087e-05
2026-09-30 20:26:06,103 step=11160 train=2.71573 val=None lr=8.27888e-05
2026-09-30 20:26:06,668 step=11170 train=2.60972 val=None lr=8.25693e-05
2026-09-30 20:26:07,159 step=11180 train=2.91446 val=None lr=8.23502e-05
2026-09-30 20:26:07,655 step=11190 train=2.60121 val=None lr=8.21313e-05
2026-09-30 20:26:08,462 step=11200 train=2.66751 val=2.644841706752777 lr=8.19129e-05
2026-09-30 20:26:08,970 step=11210 train=2.87266 val=None lr=8.16947e-05
2026-09-30 20:26:09,646 step=11220 train=2.86509 val=None lr=8.1477e-05
2026-09-30 20:26:10,225 step=11230 train=2.55717 val=None lr=8.12596e-05
2026-09-30 20:26:10,759 step=11240 train=2.70228 val=None lr=8.10425e-05
2026-09-30 20:26:09,402 step=11250 train=2.74371 val=None lr=8.08258e-05
2026-09-30 20:26:09,967 step=11260 train=2.55546 val=None lr=8.06094e-05
2026-09-30 20:26:10,517 step=11270 train=2.57730 val=None lr=8.03934e-05
2026-09-30 20:26:11,010 step=11280 train=2.89523 val=None lr=8.01778e-05
2026-09-30 20:26:11,699 step=11290 train=2.78993 val=None lr=7.99625e-05
2026-09-30 20:26:12,598 step=11300 train=2.63417 val=2.643132758140564 lr=7.97476e-05
2026-09-30 20:26:13,149 step=11310 train=2.67770 val=None lr=7.9533e-05
2026-09-30 20:26:13,646 step=11320 train=2.88874 val=None lr=7.93188e-05
2026-09-30 20:26:14,152 step=11330 train=2.88335 val=None lr=7.91049e-05
2026-09-30 20:26:14,708 step=11340 train=2.48021 val=None lr=7.88914e-05
2026-09-30 20:26:15,330 step=11350 train=2.65003 val=None lr=7.86783e-05
2026-09-30 20:26:15,838 step=11360 train=2.67704 val=None lr=7.84655e-05
2026-09-30 20:26:16,354 step=11370 train=2.67679 val=None lr=7.82531e-05
2026-09-30 20:26:16,862 step=11380 train=2.58629 val=None lr=7.80411e-05
2026-09-30 20:26:17,339 step=11390 train=2.52302 val=None lr=7.78294e-05
2026-09-30 20:26:18,126 step=11400 train=2.64096 val=2.641057324409485 lr=7.76181e-05
2026-09-30 20:26:18,682 step=11410 train=2.78163 val=None lr=7.74072e-05
2026-09-30 20:26:19,197 step=11420 train=2.84319 val=None lr=7.71966e-05
2026-09-30 20:26:19,800 step=11430 train=2.60806 val=None lr=7.69864e-05
2026-09-30 20:26:20,425 step=11440 train=3.08780 val=None lr=7.67766e-05
2026-09-30 20:26:20,873 step=11450 train=2.76771 val=None lr=7.65672e-05
2026-09-30 20:26:21,411 step=11460 train=2.75640 val=None lr=7.63581e-05
2026-09-30 20:26:21,866 step=11470 train=2.59664 val=None lr=7.61494e-05
2026-09-30 20:26:22,343 step=11480 train=2.90733 val=None lr=7.5941e-05
2026-09-30 20:26:22,889 step=11490 train=2.80812 val=None lr=7.57331e-05
2026-09-30 20:26:23,715 step=11500 train=2.41090 val=2.6395417213439942 lr=7.55255e-05
2026-09-30 20:26:24,482 step=11510 train=2.64925 val=None lr=7.53183e-05
2026-09-30 20:26:25,137 step=11520 train=2.77950 val=None lr=7.51115e-05
2026-09-30 20:26:25,764 step=11530 train=2.53321 val=None lr=7.4905e-05
2026-09-30 20:26:26,319 step=11540 train=2.52686 val=None lr=7.46989e-05
2026-09-30 20:26:26,891 step=11550 train=2.70489 val=None lr=7.44932e-05
2026-09-30 20:26:27,451 step=11560 train=3.12721 val=None lr=7.42879e-05
2026-09-30 20:26:27,983 step=11570 train=2.71805 val=None lr=7.4083e-05
2026-09-30 20:26:28,485 step=11580 train=2.87463 val=None lr=7.38785e-05
2026-09-30 20:26:29,072 step=11590 train=2.34882 val=None lr=7.36743e-05
2026-09-30 20:26:30,043 step=11600 train=2.54337 val=2.636769437789917 lr=7.34705e-05
2026-09-30 20:26:30,586 step=11610 train=2.58975 val=None lr=7.32671e-05
2026-09-30 20:26:31,191 step=11620 train=2.73601 val=None lr=7.30641e-05
2026-09-30 20:26:31,663 step=11630 train=2.71536 val=None lr=7.28615e-05
2026-09-30 20:26:32,176 step=11640 train=2.66691 val=None lr=7.26593e-05
2026-09-30 20:26:32,746 step=11650 train=2.69972 val=None lr=7.24574e-05
2026-09-30 20:26:33,339 step=11660 train=2.61109 val=None lr=7.2256e-05
2026-09-30 20:26:33,943 step=11670 train=2.59703 val=None lr=7.20549e-05
2026-09-30 20:26:34,417 step=11680 train=2.87115 val=None lr=7.18542e-05
2026-09-30 20:26:34,957 step=11690 train=2.67634 val=None lr=7.16539e-05
2026-09-30 20:26:35,840 step=11700 train=2.86118 val=2.6351010322570803 lr=7.1454e-05
2026-09-30 20:26:36,355 step=11710 train=2.55025 val=None lr=7.12546e-05
2026-09-30 20:26:36,901 step=11720 train=2.77275 val=None lr=7.10555e-05
2026-09-30 20:26:37,449 step=11730 train=2.71805 val=None lr=7.08567e-05
2026-09-30 20:26:37,951 step=11740 train=2.66787 val=None lr=7.06584e-05
2026-09-30 20:26:38,616 step=11750 train=2.96582 val=None lr=7.04605e-05
2026-09-30 20:26:39,175 step=11760 train=2.64141 val=None lr=7.0263e-05
2026-09-30 20:26:39,746 step=11770 train=2.66762 val=None lr=7.00659e-05
2026-09-30 20:26:40,225 step=11780 train=2.79000 val=None lr=6.98692e-05
2026-09-30 20:26:40,792 step=11790 train=2.81414 val=None lr=6.96729e-05
2026-09-30 20:26:39,565 step=11800 train=2.85520 val=2.631819212436676 lr=6.9477e-05
2026-09-30 20:26:40,028 step=11810 train=2.52883 val=None lr=6.92814e-05
2026-09-30 20:26:40,540 step=11820 train=2.83132 val=None lr=6.90863e-05
2026-09-30 20:26:41,076 step=11830 train=2.73892 val=None lr=6.88916e-05
2026-09-30 20:26:41,570 step=11840 train=2.91724 val=None lr=6.86973e-05
2026-09-30 20:26:42,139 step=11850 train=2.73045 val=None lr=6.85034e-05
2026-09-30 20:26:42,714 step=11860 train=2.55773 val=None lr=6.83099e-05
2026-09-30 20:26:43,289 step=11870 train=2.64903 val=None lr=6.81169e-05
2026-09-30 20:26:43,826 step=11880 train=2.75194 val=None lr=6.79242e-05
2026-09-30 20:26:44,415 step=11890 train=2.67530 val=None lr=6.77319e-05
2026-09-30 20:26:45,301 step=11900 train=2.67734 val=2.6278164744377137 lr=6.75401e-05
2026-09-30 20:26:45,951 step=11910 train=2.51618 val=None lr=6.73486e-05
2026-09-30 20:26:46,441 step=11920 train=2.99452 val=None lr=6.71576e-05
2026-09-30 20:26:46,960 step=11930 train=2.63324 val=None lr=6.6967e-05
2026-09-30 20:26:47,473 step=11940 train=3.05033 val=None lr=6.67768e-05
2026-09-30 20:26:48,052 step=11950 train=2.25934 val=None lr=6.6587e-05
2026-09-30 20:26:48,748 step=11960 train=2.71278 val=None lr=6.63976e-05
2026-09-30 20:26:49,253 step=11970 train=2.74625 val=None lr=6.62086e-05
2026-09-30 20:26:49,816 step=11980 train=2.42621 val=None lr=6.60201e-05
2026-09-30 20:26:50,349 step=11990 train=2.93451 val=None lr=6.58319e-05
2026-09-30 20:26:51,217 step=12000 train=2.86080 val=2.6274530410766603 lr=6.56442e-05
2026-09-30 20:26:52,042 step=12010 train=2.68170 val=None lr=6.54569e-05
2026-09-30 20:26:52,598 step=12020 train=2.79311 val=None lr=6.527e-05
2026-09-30 20:26:53,094 step=12030 train=2.66621 val=None lr=6.50836e-05
2026-09-30 20:26:53,634 step=12040 train=2.47431 val=None lr=6.48975e-05
2026-09-30 20:26:54,178 step=12050 train=2.93083 val=None lr=6.47119e-05
2026-09-30 20:26:54,749 step=12060 train=2.69913 val=None lr=6.45267e-05
2026-09-30 20:26:55,415 step=12070 train=2.70662 val=None lr=6.43419e-05
2026-09-30 20:26:56,106 step=12080 train=2.42834 val=None lr=6.41576e-05
2026-09-30 20:26:56,686 step=12090 train=3.02425 val=None lr=6.39737e-05
2026-09-30 20:26:57,668 step=12100 train=2.51454 val=2.624204170703888 lr=6.37902e-05
2026-09-30 20:26:58,279 step=12110 train=2.84752 val=None lr=6.36071e-05
2026-09-30 20:26:58,983 step=12120 train=2.76891 val=None lr=6.34244e-05
2026-09-30 20:26:59,589 step=12130 train=2.56077 val=None lr=6.32422e-05
2026-09-30 20:27:00,275 step=12140 train=2.43994 val=None lr=6.30604e-05
2026-09-30 20:27:00,915 step=12150 train=2.76394 val=None lr=6.28791e-05
2026-09-30 20:27:01,479 step=12160 train=2.57879 val=None lr=6.26981e-05
2026-09-30 20:27:01,994 step=12170 train=2.59802 val=None lr=6.25176e-05
2026-09-30 20:27:02,651 step=12180 train=2.77927 val=None lr=6.23376e-05
2026-09-30 20:27:03,189 step=12190 train=2.62211 val=None lr=6.21579e-05
2026-09-30 20:27:04,031 step=12200 train=2.74850 val=2.6237475156784056 lr=6.19787e-05
2026-09-30 20:27:04,582 step=12210 train=2.72265 val=None lr=6.17999e-05
2026-09-30 20:27:05,112 step=12220 train=2.44420 val=None lr=6.16216e-05
2026-09-30 20:27:05,658 step=12230 train=2.77443 val=None lr=6.14437e-05
2026-09-30 20:27:06,212 step=12240 train=2.96426 val=None lr=6.12662e-05
2026-09-30 20:27:06,774 step=12250 train=2.73817 val=None lr=6.10892e-05
2026-09-30 20:27:07,293 step=12260 train=2.39413 val=None lr=6.09126e-05
2026-09-30 20:27:07,854 step=12270 train=2.64068 val=None lr=6.07364e-05
2026-09-30 20:27:08,375 step=12280 train=2.59056 val=None lr=6.05607e-05
2026-09-30 20:27:08,965 step=12290 train=2.52810 val=None lr=6.03855e-05
2026-09-30 20:27:09,826 step=12300 train=2.61646 val=2.6226640343666077 lr=6.02106e-05
2026-09-30 20:27:10,349 step=12310 train=2.73523 val=None lr=6.00362e-05
2026-09-30 20:27:11,015 step=12320 train=2.64483 val=None lr=5.98623e-05
2026-09-30 20:27:11,514 step=12330 train=2.68901 val=None lr=5.96888e-05
2026-09-30 20:27:09,920 step=12340 train=2.71645 val=None lr=5.95157e-05
2026-09-30 20:27:10,509 step=12350 train=2.56503 val=None lr=5.93431e-05
2026-09-30 20:27:11,133 step=12360 train=2.57530 val=None lr=5.91709e-05
2026-09-30 20:27:11,682 step=12370 train=3.04682 val=None lr=5.89991e-05
2026-09-30 20:27:12,206 step=12380 train=2.62641 val=None lr=5.88279e-05
2026-09-30 20:27:12,717 step=12390 train=2.75969 val=None lr=5.8657e-05
2026-09-30 20:27:13,623 step=12400 train=2.55012 val=2.6192139863967894 lr=5.84866e-05
2026-09-30 20:27:14,271 step=12410 train=2.62638 val=None lr=5.83167e-05
2026-09-30 20:27:14,862 step=12420 train=2.82429 val=None lr=5.81472e-05
2026-09-30 20:27:15,360 step=12430 train=2.69785 val=None lr=5.79781e-05
2026-09-30 20:27:15,854 step=12440 train=2.89512 val=None lr=5.78095e-05
2026-09-30 20:27:16,369 step=12450 train=2.53308 val=None lr=5.76414e-05
2026-09-30 20:27:16,870 step=12460 train=2.67492 val=None lr=5.74737e-05
2026-09-30 20:27:17,508 step=12470 train=2.76432 val=None lr=5.73065e-05
2026-09-30 20:27:17,994 step=12480 train=2.55628 val=None lr=5.71397e-05
2026-09-30 20:27:18,620 step=12490 train=2.71159 val=None lr=5.69733e-05
2026-09-30 20:27:19,487 step=12500 train=2.64115 val=2.6168747425079344 lr=5.68075e-05
2026-09-30 20:27:20,327 step=12510 train=2.80808 val=None lr=5.6642e-05
2026-09-30 20:27:20,898 step=12520 train=2.63136 val=None lr=5.64771e-05
2026-09-30 20:27:21,515 step=12530 train=2.83576 val=None lr=5.63126e-05
2026-09-30 20:27:22,497 step=12540 train=2.70356 val=None lr=5.61485e-05
2026-09-30 20:27:23,089 step=12550 train=2.55893 val=None lr=5.59849e-05
2026-09-30 20:27:23,630 step=12560 train=2.70509 val=None lr=5.58218e-05
2026-09-30 20:27:24,160 step=12570 train=3.02114 val=None lr=5.56591e-05
2026-09-30 20:27:24,743 step=12580 train=2.56193 val=None lr=5.54969e-05
2026-09-30 20:27:25,292 step=12590 train=2.94382 val=None lr=5.53351e-05
2026-09-30 20:27:26,114 step=12600 train=2.45887 val=2.615625870227814 lr=5.51739e-05
2026-09-30 20:27:26,755 step=12610 train=2.56544 val=None lr=5.5013e-05
2026-09-30 20:27:27,324 step=12620 train=2.64332 val=None lr=5.48527e-05
2026-09-30 20:27:27,998 step=12630 train=2.77325 val=None lr=5.46927e-05
2026-09-30 20:27:28,553 step=12640 train=2.72467 val=None lr=5.45333e-05
2026-09-30 20:27:29,034 step=12650 train=2.47596 val=None lr=5.43743e-05
2026-09-30 20:27:29,571 step=12660 train=2.56728 val=None lr=5.42158e-05
2026-09-30 20:27:30,035 step=12670 train=2.76435 val=None lr=5.40578e-05
2026-09-30 20:27:30,544 step=12680 train=2.72383 val=None lr=5.39002e-05
2026-09-30 20:27:31,087 step=12690 train=2.60572 val=None lr=5.37431e-05
2026-09-30 20:27:31,974 step=12700 train=2.82643 val=2.614591646194458 lr=5.35865e-05
2026-09-30 20:27:32,494 step=12710 train=2.71391 val=None lr=5.34303e-05
2026-09-30 20:27:33,099 step=12720 train=2.52013 val=None lr=5.32746e-05
2026-09-30 20:27:33,750 step=12730 train=2.60176 val=None lr=5.31194e-05
2026-09-30 20:27:34,381 step=12740 train=2.66717 val=None lr=5.29646e-05
2026-09-30 20:27:34,898 step=12750 train=2.97731 val=None lr=5.28103e-05
2026-09-30 20:27:35,413 step=12760 train=2.68299 val=None lr=5.26565e-05
2026-09-30 20:27:35,909 step=12770 train=2.65744 val=None lr=5.25031e-05
2026-09-30 20:27:36,478 step=12780 train=2.82999 val=None lr=5.23503e-05
2026-09-30 20:27:37,077 step=12790 train=2.56183 val=None lr=5.21979e-05
2026-09-30 20:27:37,974 step=12800 train=2.41029 val=2.6118932366371155 lr=5.2046e-05
2026-09-30 20:27:38,650 step=12810 train=2.78792 val=None lr=5.18945e-05
2026-09-30 20:27:39,208 step=12820 train=2.53176 val=None lr=5.17435e-05
2026-09-30 20:27:39,789 step=12830 train=2.62283 val=None lr=5.1593e-05
2026-09-30 20:27:40,456 step=12840 train=2.67428 val=None lr=5.1443e-05
2026-09-30 20:27:41,003 step=12850 train=2.91082 val=None lr=5.12935e-05
2026-09-30 20:27:41,580 step=12860 train=2.74469 val=None lr=5.11444e-05
2026-09-30 20:27:39,990 step=12870 train=2.81256 val=None lr=5.09958e-05
2026-09-30 20:27:40,532 step=12880 train=2.55546 val=None lr=5.08477e-05
2026-09-30 20:27:41,102 step=12890 train=2.61037 val=None lr=5.07001e-05
2026-09-30 20:27:41,963 step=12900 train=3.04791 val=2.6119048237800597 lr=5.0553e-05
2026-09-30 20:27:42,500 step=12910 train=2.71738 val=None lr=5.04063e-05
2026-09-30 20:27:43,090 step=12920 train=2.68790 val=None lr=5.02602e-05
2026-09-30 20:27:43,643 step=12930 train=2.78059 val=None lr=5.01145e-05
2026-09-30 20:27:44,125 step=12940 train=2.41712 val=None lr=4.99693e-05
2026-09-30 20:27:44,677 step=12950 train=2.73576 val=None lr=4.98245e-05
2026-09-30 20:27:45,236 step=12960 train=2.48165 val=None lr=4.96803e-05
2026-09-30 20:27:45,736 step=12970 train=2.68214 val=None lr=4.95365e-05
2026-09-30 20:27:46,282 step=12980 train=2.56051 val=None lr=4.93933e-05
2026-09-30 20:27:46,925 step=12990 train=2.61479 val=None lr=4.92505e-05
2026-09-30 20:27:47,821 step=13000 train=2.60741 val=2.6093007802963255 lr=4.91082e-05
2026-09-30 20:27:48,650 step=13010 train=2.77980 val=None lr=4.89664e-05
2026-09-30 20:27:49,160 step=13020 train=2.86729 val=None lr=4.88251e-05
2026-09-30 20:27:49,647 step=13030 train=2.72976 val=None lr=4.86842e-05
2026-09-30 20:27:50,232 step=13040 train=2.75591 val=None lr=4.85439e-05
2026-09-30 20:27:50,754 step=13050 train=2.50160 val=None lr=4.84041e-05
2026-09-30 20:27:51,240 step=13060 train=2.60626 val=None lr=4.82647e-05
2026-09-30 20:27:51,788 step=13070 train=2.66338 val=None lr=4.81258e-05
2026-09-30 20:27:52,323 step=13080 train=2.74085 val=None lr=4.79875e-05
2026-09-30 20:27:52,904 step=13090 train=2.58796 val=None lr=4.78496e-05
2026-09-30 20:27:53,899 step=13100 train=2.46923 val=2.608136165142059 lr=4.77122e-05
2026-09-30 20:27:54,470 step=13110 train=2.71730 val=None lr=4.75753e-05
2026-09-30 20:27:55,043 step=13120 train=2.69010 val=None lr=4.74389e-05
2026-09-30 20:27:55,681 step=13130 train=2.59288 val=None lr=4.7303e-05
2026-09-30 20:27:56,199 step=13140 train=2.42090 val=None lr=4.71676e-05
2026-09-30 20:27:56,771 step=13150 train=2.35638 val=None lr=4.70326e-05
2026-09-30 20:27:57,440 step=13160 train=2.95632 val=None lr=4.68982e-05
2026-09-30 20:27:57,979 step=13170 train=2.89304 val=None lr=4.67643e-05
2026-09-30 20:27:58,472 step=13180 train=2.40201 val=None lr=4.66309e-05
2026-09-30 20:27:59,117 step=13190 train=2.95679 val=None lr=4.6498e-05
2026-09-30 20:27:59,949 step=13200 train=2.88944 val=2.606470215320587 lr=4.63655e-05
2026-09-30 20:28:00,543 step=13210 train=2.81692 val=None lr=4.62336e-05
2026-09-30 20:28:01,019 step=13220 train=2.59187 val=None lr=4.61022e-05
2026-09-30 20:28:01,495 step=13230 train=2.47872 val=None lr=4.59712e-05
2026-09-30 20:28:02,069 step=13240 train=2.71295 val=None lr=4.58408e-05
2026-09-30 20:28:02,630 step=13250 train=2.76336 val=None lr=4.57109e-05
2026-09-30 20:28:03,182 step=13260 train=2.59101 val=None lr=4.55815e-05
2026-09-30 20:28:03,769 step=13270 train=2.46164 val=None lr=4.54525e-05
2026-09-30 20:28:04,320 step=13280 train=2.70265 val=None lr=4.53241e-05
2026-09-30 20:28:04,787 step=13290 train=2.56429 val=None lr=4.51962e-05
2026-09-30 20:28:05,708 step=13300 train=2.46996 val=2.605797231197357 lr=4.50688e-05
2026-09-30 20:28:06,296 step=13310 train=3.03881 val=None lr=4.49419e-05
2026-09-30 20:28:06,837 step=13320 train=2.63911 val=None lr=4.48155e-05
2026-09-30 20:28:07,355 step=13330 train=2.76923 val=None lr=4.46896e-05
2026-09-30 20:28:08,003 step=13340 train=3.30364 val=None lr=4.45642e-05
2026-09-30 20:28:08,655 step=13350 train=2.69254 val=None lr=4.44393e-05
2026-09-30 20:28:09,236 step=13360 train=2.55110 val=None lr=4.4315e-05
2026-09-30 20:28:09,724 step=13370 train=2.46840 val=None lr=4.41911e-05
2026-09-30 20:28:10,194 step=13380 train=2.58363 val=None lr=4.40677e-05
2026-09-30 20:28:10,821 step=13390 train=2.47909 val=None lr=4.39449e-05
2026-09-30 20:28:11,665 step=13400 train=2.59078 val=2.602354097366333 lr=4.38226e-05
2026-09-30 20:28:12,214 step=13410 train=2.61675 val=None lr=4.37007e-05
2026-09-30 20:28:10,652 step=13420 train=2.67683 val=None lr=4.35794e-05
2026-09-30 20:28:11,181 step=13430 train=2.65369 val=None lr=4.34586e-05
2026-09-30 20:28:11,698 step=13440 train=3.09633 val=None lr=4.33383e-05
2026-09-30 20:28:12,188 step=13450 train=2.59916 val=None lr=4.32185e-05
2026-09-30 20:28:12,816 step=13460 train=3.02634 val=None lr=4.30993e-05
2026-09-30 20:28:13,303 step=13470 train=2.71546 val=None lr=4.29805e-05
2026-09-30 20:28:13,991 step=13480 train=2.56698 val=None lr=4.28623e-05
2026-09-30 20:28:14,499 step=13490 train=2.88763 val=None lr=4.27445e-05
2026-09-30 20:28:15,475 step=13500 train=3.04011 val=2.6024150490760802 lr=4.26273e-05
2026-09-30 20:28:16,341 step=13510 train=2.67991 val=None lr=4.25106e-05
2026-09-30 20:28:16,840 step=13520 train=2.75001 val=None lr=4.23944e-05
2026-09-30 20:28:17,427 step=13530 train=2.65880 val=None lr=4.22788e-05
2026-09-30 20:28:18,012 step=13540 train=3.00517 val=None lr=4.21636e-05
2026-09-30 20:28:18,560 step=13550 train=2.58706 val=None lr=4.2049e-05
2026-09-30 20:28:19,125 step=13560 train=2.63600 val=None lr=4.19349e-05
2026-09-30 20:28:19,740 step=13570 train=2.36933 val=None lr=4.18213e-05
2026-09-30 20:28:20,329 step=13580 train=2.51087 val=None lr=4.17082e-05
2026-09-30 20:28:20,912 step=13590 train=2.68937 val=None lr=4.15956e-05
2026-09-30 20:28:21,757 step=13600 train=2.70664 val=2.6001986145973204 lr=4.14836e-05
2026-09-30 20:28:22,330 step=13610 train=2.49749 val=None lr=4.13721e-05
2026-09-30 20:28:22,906 step=13620 train=2.83463 val=None lr=4.12611e-05
2026-09-30 20:28:23,402 step=13630 train=2.64267 val=None lr=4.11506e-05
2026-09-30 20:28:24,078 step=13640 train=2.61560 val=None lr=4.10406e-05
2026-09-30 20:28:24,647 step=13650 train=2.66686 val=None lr=4.09312e-05
2026-09-30 20:28:25,162 step=13660 train=2.69972 val=None lr=4.08223e-05
2026-09-30 20:28:25,816 step=13670 train=2.72641 val=None lr=4.07139e-05
2026-09-30 20:28:26,343 step=13680 train=2.67825 val=None lr=4.0606e-05
2026-09-30 20:28:26,849 step=13690 train=2.51648 val=None lr=4.04987e-05
2026-09-30 20:28:27,838 step=13700 train=2.63284 val=2.5989715695381164 lr=4.03918e-05
2026-09-30 20:28:28,434 step=13710 train=2.43929 val=None lr=4.02855e-05
2026-09-30 20:28:29,042 step=13720 train=2.58859 val=None lr=4.01798e-05
2026-09-30 20:28:29,511 step=13730 train=2.69575 val=None lr=4.00745e-05
2026-09-30 20:28:30,027 step=13740 train=2.72365 val=None lr=3.99698e-05
2026-09-30 20:28:30,516 step=13750 train=2.64109 val=None lr=3.98656e-05
2026-09-30 20:28:31,314 step=13760 train=2.55536 val=None lr=3.97619e-05
2026-09-30 20:28:31,783 step=13770 train=2.46346 val=None lr=3.96588e-05
2026-09-30 20:28:32,305 step=13780 train=2.90743 val=None lr=3.95562e-05
2026-09-30 20:28:32,845 step=13790 train=2.66506 val=None lr=3.94541e-05
2026-09-30 20:28:33,769 step=13800 train=2.37877 val=2.597742521762848 lr=3.93525e-05
2026-09-30 20:28:34,277 step=13810 train=2.75212 val=None lr=3.92515e-05
2026-09-30 20:28:34,794 step=13820 train=2.67227 val=None lr=3.9151e-05
2026-09-30 20:28:35,391 step=13830 train=3.11839 val=None lr=3.9051e-05
2026-09-30 20:28:36,006 step=13840 train=2.66512 val=None lr=3.89516e-05
2026-09-30 20:28:36,566 step=13850 train=2.37282 val=None lr=3.88527e-05
2026-09-30 20:28:37,137 step=13860 train=3.19677 val=None lr=3.87543e-05
2026-09-30 20:28:37,602 step=13870 train=2.75275 val=None lr=3.86565e-05
2026-09-30 20:28:38,161 step=13880 train=2.89168 val=None lr=3.85591e-05
2026-09-30 20:28:38,671 step=13890 train=2.55704 val=None lr=3.84624e-05
2026-09-30 20:28:39,513 step=13900 train=2.66448 val=2.5967421650886537 lr=3.83661e-05
2026-09-30 20:28:40,077 step=13910 train=2.63053 val=None lr=3.82704e-05
2026-09-30 20:28:40,605 step=13920 train=2.65772 val=None lr=3.81752e-05
2026-09-30 20:28:41,216 step=13930 train=2.49951 val=None lr=3.80806e-05
2026-09-30 20:28:41,749 step=13940 train=2.87235 val=None lr=3.79864e-05
2026-09-30 20:28:42,478 step=13950 train=2.93321 val=None lr=3.78929e-05
2026-09-30 20:28:40,921 step=13960 train=2.76737 val=None lr=3.77998e-05
2026-09-30 20:28:41,594 step=13970 train=3.01587 val=None lr=3.77073e-05
2026-09-30 20:28:42,130 step=13980 train=2.64495 val=None lr=3.76153e-05
2026-09-30 20:28:42,876 step=13990 train=3.09431 val=None lr=3.75239e-05
2026-09-30 20:28:43,809 step=14000 train=2.52136 val=2.595999300479889 lr=3.7433e-05
2026-09-30 20:28:44,674 step=14010 train=2.69625 val=None lr=3.73426e-05
2026-09-30 20:28:45,141 step=14020 train=2.53420 val=None lr=3.72528e-05
2026-09-30 20:28:45,745 step=14030 train=2.85078 val=None lr=3.71635e-05
2026-09-30 20:28:46,394 step=14040 train=2.82484 val=None lr=3.70748e-05
2026-09-30 20:28:46,887 step=14050 train=2.65853 val=None lr=3.69865e-05
2026-09-30 20:28:47,348 step=14060 train=2.45159 val=None lr=3.68989e-05
2026-09-30 20:28:47,932 step=14070 train=2.65802 val=None lr=3.68117e-05
2026-09-30 20:28:48,417 step=14080 train=2.74076 val=None lr=3.67251e-05
2026-09-30 20:28:48,957 step=14090 train=2.61263 val=None lr=3.66391e-05
2026-09-30 20:28:49,854 step=14100 train=2.79073 val=2.5957536816596987 lr=3.65536e-05
2026-09-30 20:28:50,332 step=14110 train=2.69585 val=None lr=3.64686e-05
2026-09-30 20:28:50,864 step=14120 train=2.62929 val=None lr=3.63841e-05
2026-09-30 20:28:51,402 step=14130 train=2.81349 val=None lr=3.63003e-05
2026-09-30 20:28:51,886 step=14140 train=2.67865 val=None lr=3.62169e-05
2026-09-30 20:28:52,357 step=14150 train=2.74808 val=None lr=3.61341e-05
2026-09-30 20:28:52,893 step=14160 train=2.74726 val=None lr=3.60518e-05
2026-09-30 20:28:53,580 step=14170 train=2.83462 val=None lr=3.59701e-05
2026-09-30 20:28:54,307 step=14180 train=2.72536 val=None lr=3.58889e-05
2026-09-30 20:28:54,856 step=14190 train=2.72334 val=None lr=3.58083e-05
2026-09-30 20:28:55,703 step=14200 train=2.72202 val=2.593114399909973 lr=3.57282e-05
2026-09-30 20:28:56,513 step=14210 train=2.79075 val=None lr=3.56486e-05
2026-09-30 20:28:57,015 step=14220 train=2.64385 val=None lr=3.55696e-05
2026-09-30 20:28:57,814 step=14230 train=2.96479 val=None lr=3.54912e-05
2026-09-30 20:28:58,364 step=14240 train=2.45989 val=None lr=3.54133e-05
2026-09-30 20:28:58,898 step=14250 train=3.02240 val=None lr=3.53359e-05
2026-09-30 20:28:59,435 step=14260 train=2.69543 val=None lr=3.52591e-05
2026-09-30 20:29:00,003 step=14270 train=2.72454 val=None lr=3.51828e-05
2026-09-30 20:29:00,523 step=14280 train=2.43010 val=None lr=3.5107e-05
2026-09-30 20:29:01,004 step=14290 train=2.65399 val=None lr=3.50319e-05
2026-09-30 20:29:01,805 step=14300 train=2.58310 val=2.592909348011017 lr=3.49572e-05
2026-09-30 20:29:02,385 step=14310 train=3.00713 val=None lr=3.48831e-05
2026-09-30 20:29:02,982 step=14320 train=2.55709 val=None lr=3.48096e-05
2026-09-30 20:29:03,502 step=14330 train=2.63368 val=None lr=3.47366e-05
2026-09-30 20:29:04,099 step=14340 train=2.39080 val=None lr=3.46641e-05
2026-09-30 20:29:04,614 step=14350 train=3.04814 val=None lr=3.45923e-05
2026-09-30 20:29:05,272 step=14360 train=2.44089 val=None lr=3.45209e-05
2026-09-30 20:29:05,770 step=14370 train=2.72777 val=None lr=3.44501e-05
2026-09-30 20:29:06,315 step=14380 train=2.62281 val=None lr=3.43798e-05
2026-09-30 20:29:06,893 step=14390 train=2.89158 val=None lr=3.43101e-05
2026-09-30 20:29:07,764 step=14400 train=2.73651 val=2.592044103145599 lr=3.4241e-05
2026-09-30 20:29:08,233 step=14410 train=2.89854 val=None lr=3.41724e-05
2026-09-30 20:29:08,778 step=14420 train=2.61692 val=None lr=3.41043e-05
2026-09-30 20:29:09,301 step=14430 train=2.46963 val=None lr=3.40368e-05
2026-09-30 20:29:09,799 step=14440 train=2.70597 val=None lr=3.39699e-05
2026-09-30 20:29:10,354 step=14450 train=2.59201 val=None lr=3.39035e-05
2026-09-30 20:29:10,878 step=14460 train=2.83033 val=None lr=3.38377e-05
2026-09-30 20:29:11,383 step=14470 train=2.94607 val=None lr=3.37724e-05
2026-09-30 20:29:12,008 step=14480 train=2.53149 val=None lr=3.37076e-05
2026-09-30 20:29:12,639 step=14490 train=2.70114 val=None lr=3.36434e-05
2026-09-30 20:29:11,379 step=14500 train=2.72134 val=2.590709400177002 lr=3.35798e-05
2026-09-30 20:29:12,262 step=14510 train=2.45425 val=None lr=3.35167e-05
2026-09-30 20:29:12,884 step=14520 train=2.52568 val=None lr=3.34542e-05
2026-09-30 20:29:13,375 step=14530 train=2.52193 val=None lr=3.33922e-05
2026-09-30 20:29:13,956 step=14540 train=2.41330 val=None lr=3.33308e-05
2026-09-30 20:29:14,516 step=14550 train=2.58834 val=None lr=3.32699e-05
2026-09-30 20:29:15,036 step=14560 train=2.69361 val=None lr=3.32096e-05
2026-09-30 20:29:15,607 step=14570 train=2.65466 val=None lr=3.31499e-05
2026-09-30 20:29:16,109 step=14580 train=2.94527 val=None lr=3.30907e-05
2026-09-30 20:29:16,679 step=14590 train=2.73302 val=None lr=3.3032e-05
2026-09-30 20:29:17,701 step=14600 train=2.62525 val=2.589885139465332 lr=3.29739e-05
2026-09-30 20:29:18,186 step=14610 train=2.75145 val=None lr=3.29164e-05
2026-09-30 20:29:18,641 step=14620 train=2.71930 val=None lr=3.28594e-05
2026-09-30 20:29:19,176 step=14630 train=2.72197 val=None lr=3.2803e-05
2026-09-30 20:29:19,761 step=14640 train=2.68607 val=None lr=3.27471e-05
2026-09-30 20:29:20,249 step=14650 train=2.88768 val=None lr=3.26918e-05
2026-09-30 20:29:20,703 step=14660 train=2.68400 val=None lr=3.26371e-05
2026-09-30 20:29:21,168 step=14670 train=2.62986 val=None lr=3.25829e-05
2026-09-30 20:29:21,660 step=14680 train=2.69095 val=None lr=3.25292e-05
2026-09-30 20:29:22,259 step=14690 train=2.91775 val=None lr=3.24761e-05
2026-09-30 20:29:23,100 step=14700 train=2.27073 val=2.5881534099578856 lr=3.24236e-05
2026-09-30 20:29:23,592 step=14710 train=2.90053 val=None lr=3.23716e-05
2026-09-30 20:29:24,130 step=14720 train=2.73975 val=None lr=3.23202e-05
2026-09-30 20:29:24,687 step=14730 train=2.73457 val=None lr=3.22694e-05
2026-09-30 20:29:25,210 step=14740 train=2.68089 val=None lr=3.22191e-05
2026-09-30 20:29:25,818 step=14750 train=2.64186 val=None lr=3.21694e-05
2026-09-30 20:29:26,378 step=14760 train=2.72444 val=None lr=3.21202e-05
2026-09-30 20:29:26,917 step=14770 train=2.56530 val=None lr=3.20716e-05
2026-09-30 20:29:27,529 step=14780 train=2.57691 val=None lr=3.20235e-05
2026-09-30 20:29:28,224 step=14790 train=2.41318 val=None lr=3.1976e-05
2026-09-30 20:29:29,111 step=14800 train=2.52812 val=2.587107837200165 lr=3.19291e-05
2026-09-30 20:29:29,660 step=14810 train=2.47540 val=None lr=3.18827e-05
2026-09-30 20:29:30,219 step=14820 train=2.55729 val=None lr=3.18369e-05
2026-09-30 20:29:30,808 step=14830 train=2.55917 val=None lr=3.17917e-05
2026-09-30 20:29:31,370 step=14840 train=2.67021 val=None lr=3.1747e-05
2026-09-30 20:29:31,862 step=14850 train=2.63862 val=None lr=3.17028e-05
2026-09-30 20:29:32,508 step=14860 train=2.70301 val=None lr=3.16593e-05
2026-09-30 20:29:33,008 step=14870 train=2.34773 val=None lr=3.16162e-05
2026-09-30 20:29:33,836 step=14880 train=2.49279 val=None lr=3.15738e-05
2026-09-30 20:29:34,294 step=14890 train=2.83495 val=None lr=3.15319e-05
2026-09-30 20:29:35,439 step=14900 train=2.60691 val=2.5865328669548036 lr=3.14906e-05
2026-09-30 20:29:36,063 step=14910 train=2.70343 val=None lr=3.14498e-05
2026-09-30 20:29:36,534 step=14920 train=2.68390 val=None lr=3.14096e-05
2026-09-30 20:29:37,213 step=14930 train=2.75982 val=None lr=3.137e-05
2026-09-30 20:29:37,662 step=14940 train=2.73177 val=None lr=3.13309e-05
2026-09-30 20:29:38,161 step=14950 train=2.41524 val=None lr=3.12924e-05
2026-09-30 20:29:38,741 step=14960 train=2.81967 val=None lr=3.12544e-05
2026-09-30 20:29:39,309 step=14970 train=2.48371 val=None lr=3.12171e-05
2026-09-30 20:29:39,771 step=14980 train=2.75344 val=None lr=3.11802e-05
2026-09-30 20:29:40,306 step=14990 train=2.76610 val=None lr=3.1144e-05
2026-09-30 20:29:41,880 step=15000 train=2.90867 val=2.5855265974998476 lr=3.11083e-05
2026-09-30 20:29:42,655 step=15010 train=2.44734 val=None lr=3.10731e-05
2026-09-30 20:29:43,177 step=15020 train=2.67812 val=None lr=3.10386e-05
2026-09-30 20:29:41,585 step=15030 train=2.59283 val=None lr=3.10046e-05
2026-09-30 20:29:42,105 step=15040 train=2.66901 val=None lr=3.09711e-05
2026-09-30 20:29:42,615 step=15050 train=2.54366 val=None lr=3.09382e-05
2026-09-30 20:29:43,161 step=15060 train=2.55212 val=None lr=3.09059e-05
2026-09-30 20:29:43,726 step=15070 train=2.50841 val=None lr=3.08742e-05
2026-09-30 20:29:44,283 step=15080 train=2.81028 val=None lr=3.0843e-05
2026-09-30 20:29:44,900 step=15090 train=2.56966 val=None lr=3.08124e-05
2026-09-30 20:29:45,759 step=15100 train=2.63892 val=2.5851205945014955 lr=3.07823e-05
2026-09-30 20:29:46,310 step=15110 train=2.46260 val=None lr=3.07528e-05
2026-09-30 20:29:46,874 step=15120 train=2.74275 val=None lr=3.07239e-05
2026-09-30 20:29:47,400 step=15130 train=2.54625 val=None lr=3.06955e-05
2026-09-30 20:29:47,928 step=15140 train=2.78649 val=None lr=3.06677e-05
2026-09-30 20:29:48,467 step=15150 train=2.50129 val=None lr=3.06405e-05
2026-09-30 20:29:49,055 step=15160 train=2.80540 val=None lr=3.06138e-05
2026-09-30 20:29:49,586 step=15170 train=2.56522 val=None lr=3.05877e-05
2026-09-30 20:29:50,117 step=15180 train=2.91231 val=None lr=3.05622e-05
2026-09-30 20:29:50,653 step=15190 train=2.75878 val=None lr=3.05372e-05
2026-09-30 20:29:51,733 step=15200 train=2.57426 val=2.5835825204849243 lr=3.05128e-05
2026-09-30 20:29:52,410 step=15210 train=2.92595 val=None lr=3.0489e-05
2026-09-30 20:29:52,952 step=15220 train=2.62300 val=None lr=3.04657e-05
2026-09-30 20:29:53,482 step=15230 train=2.63914 val=None lr=3.0443e-05
2026-09-30 20:29:54,011 step=15240 train=2.43974 val=None lr=3.04209e-05
2026-09-30 20:29:54,561 step=15250 train=2.93763 val=None lr=3.03993e-05
2026-09-30 20:29:55,109 step=15260 train=2.83054 val=None lr=3.03783e-05
2026-09-30 20:29:55,731 step=15270 train=2.67386 val=None lr=3.03579e-05
2026-09-30 20:29:56,340 step=15280 train=2.96639 val=None lr=3.0338e-05
2026-09-30 20:29:56,934 step=15290 train=2.60510 val=None lr=3.03187e-05
2026-09-30 20:29:58,065 step=15300 train=2.82227 val=2.5830730676651 lr=3.03e-05
2026-09-30 20:29:58,613 step=15310 train=2.54995 val=None lr=3.02818e-05
2026-09-30 20:29:59,136 step=15320 train=2.72863 val=None lr=3.02642e-05
2026-09-30 20:29:59,733 step=15330 train=2.69867 val=None lr=3.02472e-05
2026-09-30 20:30:00,423 step=15340 train=2.68145 val=None lr=3.02307e-05
2026-09-30 20:30:01,111 step=15350 train=2.85346 val=None lr=3.02148e-05
2026-09-30 20:30:01,712 step=15360 train=2.86304 val=None lr=3.01995e-05
2026-09-30 20:30:02,283 step=15370 train=2.70355 val=None lr=3.01847e-05
2026-09-30 20:30:02,791 step=15380 train=2.66929 val=None lr=3.01705e-05
2026-09-30 20:30:03,309 step=15390 train=2.56280 val=None lr=3.01569e-05
2026-09-30 20:30:04,361 step=15400 train=2.47185 val=2.5819918394088743 lr=3.01438e-05
2026-09-30 20:30:04,891 step=15410 train=2.48254 val=None lr=3.01313e-05
2026-09-30 20:30:05,441 step=15420 train=2.75336 val=None lr=3.01194e-05
2026-09-30 20:30:05,996 step=15430 train=2.54115 val=None lr=3.0108e-05
2026-09-30 20:30:06,591 step=15440 train=2.62849 val=None lr=3.00972e-05
2026-09-30 20:30:07,090 step=15450 train=2.40713 val=None lr=3.0087e-05
2026-09-30 20:30:07,572 step=15460 train=2.59643 val=None lr=3.00773e-05
2026-09-30 20:30:08,032 step=15470 train=2.64540 val=None lr=3.00683e-05
2026-09-30 20:30:08,614 step=15480 train=2.38231 val=None lr=3.00597e-05
2026-09-30 20:30:09,210 step=15490 train=2.57894 val=None lr=3.00518e-05
2026-09-30 20:30:10,067 step=15500 train=2.51941 val=2.5824822902679445 lr=3.00444e-05
2026-09-30 20:30:10,872 step=15510 train=2.46406 val=None lr=3.00376e-05
2026-09-30 20:30:11,417 step=15520 train=2.61470 val=None lr=3.00313e-05
2026-09-30 20:30:11,882 step=15530 train=2.64149 val=None lr=3.00256e-05
2026-09-30 20:30:12,319 step=15540 train=2.64704 val=None lr=3.00205e-05
2026-09-30 20:30:12,801 step=15550 train=2.44798 val=None lr=3.0016e-05
2026-09-30 20:30:13,446 step=15560 train=2.81212 val=None lr=3.0012e-05
2026-09-30 20:30:11,769 step=15570 train=2.78494 val=None lr=3.00086e-05
2026-09-30 20:30:12,239 step=15580 train=2.58771 val=None lr=3.00058e-05
2026-09-30 20:30:12,726 step=15590 train=2.67956 val=None lr=3.00035e-05
2026-09-30 20:30:13,568 step=15600 train=2.58410 val=2.5815358996391295 lr=3.00018e-05
2026-09-30 20:30:14,115 step=15610 train=2.67857 val=None lr=3.00006e-05
2026-09-30 20:30:14,711 step=15620 train=2.36410 val=None lr=3.00001e-05
2026-09-30 20:30:15,305 step=15625 train=2.87467 val=2.5810081720352174 lr=3e-05
2026-09-30 20:30:15,588 Completed: final validation loss 2.581008
