step,tokens_seen,train_loss,val_loss,val_ppl,lr,elapsed_seconds
1,2048,9.21034049987793,,,9.615384615384615e-07,0.13206581000122242
10,20480,9.21033763885498,,,9.615384615384614e-06,0.5883535499997379
20,40960,9.210325241088867,,,1.9230769230769228e-05,1.09572161899996
30,61440,9.210302352905273,,,2.8846153846153845e-05,1.6834919819993956
40,81920,9.210267066955566,,,3.8461538461538456e-05,2.2362447300001804
50,102400,9.210208892822266,,,4.807692307692308e-05,2.787471513998753
60,122880,9.210111618041992,,,5.769230769230769e-05,3.3033881320006913
70,143360,9.209917068481445,,,6.73076923076923e-05,3.8276608689993736
80,163840,9.209650039672852,,,7.692307692307691e-05,4.462620624999545
90,184320,9.209327697753906,,,8.653846153846153e-05,5.029683931999898
100,204800,9.208621978759766,9.208594512939452,9982.556640886414,9.615384615384615e-05,5.940054421000241
110,225280,9.207834243774414,,,0.00010576923076923075,6.519005030000699
120,245760,9.206782341003418,,,0.00011538461538461538,7.105606287001137
130,266240,9.205421447753906,,,0.000125,7.920857502002036
140,286720,9.203910827636719,,,0.0001346153846153846,8.533823437999672
150,307200,9.201347351074219,,,0.00014423076923076922,9.034980716001883
160,327680,9.199029922485352,,,0.00015384615384615382,9.670670291001443
170,348160,9.196783065795898,,,0.00016346153846153846,10.12868504600192
180,368640,9.189719200134277,,,0.00017307692307692307,10.7170513509991
190,389120,9.183773040771484,,,0.00018269230769230767,11.211963543999445
200,409600,9.172197341918945,9.171068954467774,9614.897085868432,0.0001923076923076923,12.148744818001433
210,430080,9.153355598449707,,,0.00020192307692307691,12.723588950000703
220,450560,9.125570297241211,,,0.0002115384615384615,13.295708969999396
230,471040,9.093191146850586,,,0.00022115384615384613,13.822060728998622
240,491520,9.038942337036133,,,0.00023076923076923076,14.342819538000185
250,512000,8.988201141357422,,,0.00024038461538461537,14.842706226998416
260,532480,8.925841331481934,,,0.00025,15.452297299001657
270,552960,8.865044593811035,,,0.00025961538461538456,15.953119328998582
280,573440,8.808259010314941,,,0.0002692307692307692,16.65796167300141
290,593920,8.7255859375,,,0.0002788461538461538,17.178669855999033
300,614400,8.628742218017578,8.62973952293396,5595.620532150043,0.00028846153846153843,18.083099991999916
310,634880,8.541799545288086,,,0.00029807692307692304,18.687694626001758
320,655360,8.445175170898438,,,0.0002999998181711342,19.25798509300148
330,675840,8.374167442321777,,,0.00029999907949220645,19.947621274000994
340,696320,8.25330924987793,,,0.0002999977726020193,20.51600535000034
350,716800,8.126243591308594,,,0.0002999958975060734,21.170574907999253
360,737280,7.985115051269531,,,0.0002999934542122612,21.681630950999534
370,757760,7.915125846862793,,,0.0002999904427308664,22.23303399699944
380,778240,7.8015875816345215,,,0.0002999868630745643,22.76629200000025
390,798720,7.676275253295898,,,0.0002999827152584218,23.321764819000236
400,819200,7.503305435180664,7.527798676490784,1859.0087164426377,0.00029997799929989695,24.1805963730003
410,839680,7.46103572845459,,,0.0002999727152188393,24.66504721399906
420,860160,7.358213424682617,,,0.0002999668630374895,25.165610553001898
430,880640,7.198336601257324,,,0.0002999604427804794,25.75479241300127
440,901120,7.042983055114746,,,0.00029995345447483184,26.45014392899975
450,921600,6.933140754699707,,,0.00029994589814996063,26.963055231000908
460,942080,6.907224655151367,,,0.00029993777383767044,27.488575752999168
470,962560,6.792876243591309,,,0.0002999290815721563,28.18709730000046
480,983040,6.662459373474121,,,0.0002999198213900042,28.715207943001587
490,1003520,6.589400291442871,,,0.0002999099933301901,29.2147755219994
500,1024000,6.396470546722412,6.411208462715149,608.6287419672046,0.00029989959743408035,30.232946209998772
510,1044480,6.414799213409424,,,0.0002998886337454313,31.023976189000678
520,1064960,6.166748523712158,,,0.00029987710231038915,31.50514429300165
530,1085440,6.233963489532471,,,0.00029986500317748965,32.056136252002034
540,1105920,6.04426383972168,,,0.00029985233639765813,32.63058286299929
550,1126400,6.170671463012695,,,0.00029983910202420905,33.241200798001955
560,1146880,5.956723213195801,,,0.0002998253001128459,33.80898340299973
570,1167360,5.995776176452637,,,0.00029981093072166095,34.343308565999905
580,1187840,5.945080757141113,,,0.000299795993911135,34.8840603360004
590,1208320,5.909611701965332,,,0.00029978048974413704,35.40494463000141
600,1228800,5.850817680358887,5.820292639732361,337.0706794718747,0.0002997644182859242,36.2918668980019
610,1249280,5.852142333984375,,,0.0002997477796041412,36.84271085400178
620,1269760,5.681014060974121,,,0.0002997305737688202,37.418230778999714
630,1290240,5.775323390960693,,,0.00029971280085238077,37.965125639999314
640,1310720,5.677324295043945,,,0.000299694460929629,38.50073989100201
650,1331200,5.828676223754883,,,0.0002996755540777577,38.99228749699978
660,1351680,5.689197540283203,,,0.0002996560803763458,39.52878648600017
670,1372160,5.690685272216797,,,0.00029963603990735817,40.06127700700017
680,1392640,5.568808555603027,,,0.00029961543275514507,40.54043487799936
690,1413120,5.671074867248535,,,0.0002995942590064421,41.11578631299926
700,1433600,5.389253616333008,5.459456825256348,234.96976005717846,0.00029957251875036955,41.93014721600048
710,1454080,5.382636547088623,,,0.0002995502120784322,42.50201100900085
720,1474560,5.424142837524414,,,0.0002995273390845189,43.049218645999645
730,1495040,5.456175327301025,,,0.000299503899864902,43.5837083990009
740,1515520,5.190638542175293,,,0.0002994798945182373,44.099065802998666
750,1536000,5.411851406097412,,,0.00029945532314556327,44.61536693599919
760,1556480,5.253443241119385,,,0.0002994301858503008,45.15326902900051
770,1576960,5.164790153503418,,,0.00029940448273825293,45.76783396600149
780,1597440,5.275498390197754,,,0.00029937821391760395,46.27148922800188
790,1617920,5.281923294067383,,,0.00029935137949891943,46.76506746200175
800,1638400,5.298174858093262,5.113597941398621,166.26750070572905,0.0002993239795951454,47.86309369299852
810,1658880,5.149175643920898,,,0.0002992960143216082,48.36953761000041
820,1679360,5.184200763702393,,,0.00029926748379601354,48.88897793000069
830,1699840,4.9628167152404785,,,0.0002992383881384465,49.650985017000494
840,1720320,5.173190116882324,,,0.00029920872747137077,50.14812124200034
850,1740800,5.009332180023193,,,0.0002991785019196281,50.72145168199859
860,1761280,4.9996337890625,,,0.0002991477116104378,51.18073188999915
870,1781760,4.9721293449401855,,,0.0002991163566733964,52.18308002399863
880,1802240,4.804996967315674,,,0.00029908443724047687,52.80696425499991
890,1822720,4.957721710205078,,,0.0002990519534460281,53.323786466000456
900,1843200,4.926888465881348,4.7898646831512455,120.28509096245553,0.00029901890542677437,54.10684252400097
910,1863680,4.743180274963379,,,0.0002989852933218149,54.60015199500049
920,1884160,4.821613311767578,,,0.00029895111727262303,55.295659253999474
930,1904640,4.76173210144043,,,0.00029891637742304576,55.8682356620011
940,1925120,4.561795711517334,,,0.0002988810739193032,56.414884483001515
950,1945600,4.538668632507324,,,0.00029884520690998784,56.96976564600118
960,1966080,4.569173812866211,,,0.00029880877654606396,57.498336404998554
970,1986560,4.84068489074707,,,0.0002987717829808669,57.98949883300156
980,2007040,4.712977409362793,,,0.0002987342263701027,58.496763432998705
990,2027520,4.5070271492004395,,,0.00029869610687184724,59.008464360998914
1000,2048000,4.503297328948975,4.5175309658050535,91.60913243706476,0.0002986574246465454,59.819835341000726
1010,2068480,4.603801727294922,,,0.0002986181798570107,60.58856229400044
1020,2088960,4.768049716949463,,,0.00029857837266842463,61.265854632998526
1030,2109440,4.382421970367432,,,0.0002985380032483355,61.74628258300072
1040,2129920,4.362395763397217,,,0.0002984970717666584,62.20208463900053
1050,2150400,4.292196750640869,,,0.00029845557839567395,62.71958571000141
1060,2170880,4.130401611328125,,,0.0002984135233100277,63.21426112900008
1070,2191360,4.236297607421875,,,0.00029837090668672966,63.745639241999015
1080,2211840,4.206575870513916,,,0.00029832772870515316,64.29899053700137
1090,2232320,4.561539649963379,,,0.00029828398954703436,64.8082457370001
1100,2252800,4.244369983673096,4.328492879867554,75.82991561298859,0.00029823968939647155,65.64456473899918
1110,2273280,4.593502998352051,,,0.0002981948284399239,66.22874271500041
1120,2293760,4.275428295135498,,,0.0002981494068662114,66.78802409000127
1130,2314240,4.264291286468506,,,0.0002981034248665134,67.34659684500002
1140,2334720,4.35217809677124,,,0.00029805688263436826,67.96827353900153
1150,2355200,4.299355506896973,,,0.00029800978036567216,68.54740593699898
1160,2375680,4.46754789352417,,,0.0002979621182586787,69.24699438600146
1170,2396160,4.325815200805664,,,0.0002979138965139977,69.77410113700171
1180,2416640,4.286232948303223,,,0.00029786511533459454,70.33250863600188
1190,2437120,4.117336750030518,,,0.0002978157749257893,70.93353340799877
1200,2457600,4.4084367752075195,4.202785551548004,66.87234821351825,0.0002977658754952557,71.76797587500187
1210,2478080,4.48223876953125,,,0.00029771541725302054,72.49528416099929
1220,2498560,4.452533721923828,,,0.00029766440041146267,73.15539469600117
1230,2519040,4.379373073577881,,,0.0002976128251853119,73.62251455500154
1240,2539520,4.278415203094482,,,0.00029756069179164853,74.16084260299976
1250,2560000,4.095943450927734,,,0.00029750800044990204,74.62457834599991
1260,2580480,3.9564874172210693,,,0.0002974547513818503,75.1268270569999
1270,2600960,4.065064430236816,,,0.0002974009448116187,75.68418418100191
1280,2621440,4.136866092681885,,,0.0002973465809656792,76.18219682000199
1290,2641920,4.11993408203125,,,0.0002972916600728492,76.77403113100081
1300,2662400,4.111552715301514,4.114243042469025,61.20586648174086,0.0002972361823642909,77.57796604399846
1310,2682880,4.105623722076416,,,0.0002971801480735099,78.2105165009998
1320,2703360,4.346159934997559,,,0.0002971235574363547,78.85329720400114
1330,2723840,4.207762718200684,,,0.0002970664106910153,79.32474528500097
1340,2744320,4.121503829956055,,,0.00029700870807802235,79.83501701600107
1350,2764800,3.88655948638916,,,0.00029695044984024625,80.3463085350013
1360,2785280,4.043804168701172,,,0.00029689163622289606,80.89123447599923
1370,2805760,4.066943168640137,,,0.0002968322674735182,81.44038163699952
1380,2826240,4.103986740112305,,,0.00029677234384199594,81.9881912689998
1390,2846720,4.069842338562012,,,0.00029671186558054784,82.58587035000164
1400,2867200,4.13093376159668,4.054438412189484,57.65277680647262,0.00029665083294372693,83.63358025400157
1410,2887680,4.080977439880371,,,0.0002965892461884197,84.21964721699987
1420,2908160,3.9615228176116943,,,0.00029652710557384485,84.78010702900065
1430,2928640,4.062600612640381,,,0.00029646441136155227,85.31851155199911
1440,2949120,4.06186580657959,,,0.00029640116381542196,85.86635403200125
1450,2969600,4.1333513259887695,,,0.0002963373632016629,86.49011785300172
1460,2990080,4.028883457183838,,,0.00029627300978881196,87.1188143440013
1470,3010560,3.9887828826904297,,,0.0002962081038477327,87.68781429799856
1480,3031040,3.958376407623291,,,0.0002961426456516143,88.3068793329985
1490,3051520,4.03525972366333,,,0.00029607663547597045,88.83783861900156
1500,3072000,4.1601409912109375,4.0056740045547485,54.90882072508798,0.00029601007359863785,89.95538635000048
1510,3092480,4.189310073852539,,,0.00029594296029977567,90.83836676200008
1520,3112960,4.026258945465088,,,0.00029587529586186384,91.41941618800047
1530,3133440,4.095720291137695,,,0.000295807080569702,91.90306323800178
1540,3153920,4.072426795959473,,,0.0002957383147104083,92.43425283300166
1550,3174400,3.83414888381958,,,0.0002956689985734185,93.03803750899897
1560,3194880,3.752657890319824,,,0.0002955991324504842,93.54746148000049
1570,3215360,4.4626007080078125,,,0.00029552871663567195,94.02503354600049
1580,3235840,3.8909409046173096,,,0.000295457751425362,94.52333022200037
1590,3256320,4.110611915588379,,,0.000295386237118247,95.0329433400002
1600,3276800,3.9178128242492676,3.969597327709198,52.96319973227704,0.00029531417401533076,95.83761634199982
1610,3297280,4.053964138031006,,,0.0002952415624199269,96.40575675600121
1620,3317760,3.909884452819824,,,0.0002951684026376577,97.05775630300195
1630,3338240,3.689739227294922,,,0.00029509469497645283,97.74189394000132
1640,3358720,3.686340808868408,,,0.00029502043974654783,98.24224458599929
1650,3379200,4.208113670349121,,,0.00029494563726048306,98.91026946000056
1660,3399680,3.9471235275268555,,,0.0002948702878331023,99.46903059499891
1670,3420160,4.005539894104004,,,0.00029479439178155134,100.00859930500155
1680,3440640,4.095602989196777,,,0.00029471794942527674,100.55445480100025
1690,3461120,4.084541320800781,,,0.00029464096108602433,101.04917033899983
1700,3481600,4.088069915771484,3.9363707184791563,51.23232694649693,0.0002945634270878383,101.86716638399957
1710,3502080,3.987545967102051,,,0.0002944853477570593,102.44704726000055
1720,3522560,3.741304397583008,,,0.00029440672342232317,103.09516229600194
1730,3543040,4.007896423339844,,,0.0002943275544145599,103.75217456600149
1740,3563520,3.9097671508789062,,,0.0002942478410669919,104.28579415499917
1750,3584000,4.143945217132568,,,0.0002941675837151328,104.9170007870016
1760,3604480,4.094331741333008,,,0.0002940867826967858,105.55683971200051
1770,3624960,3.9594883918762207,,,0.00029400543835204245,106.16676159300187
1780,3645440,4.221590042114258,,,0.00029392355102328123,106.68894215800174
1790,3665920,4.0529608726501465,,,0.000293841121055166,107.23175954399994
1800,3686400,4.105398654937744,3.91340366601944,50.069080707096035,0.00029375814879464455,108.12352239100073
1810,3706880,4.108757019042969,,,0.0002936746345909472,108.76115128400124
1820,3727360,4.205839157104492,,,0.0002935905787955853,109.48846058799973
1830,3747840,3.687187671661377,,,0.0002935059817623498,110.15566358599972
1840,3768320,3.89925217628479,,,0.0002934208438473097,110.94500147999861
1850,3788800,3.7804982662200928,,,0.00029333516540881055,111.48503623999932
1860,3809280,3.9352197647094727,,,0.000293248946807473,111.97550969000076
1870,3829760,3.677074909210205,,,0.0002931621884061912,112.53462843599846
1880,3850240,3.9590697288513184,,,0.00029307489057013147,113.0763686700011
1890,3870720,4.27597713470459,,,0.00029298705366673027,113.53053666300184
1900,3891200,3.7201895713806152,3.8889719009399415,48.860627127516175,0.0002928986780656934,114.404912582002
1910,3911680,4.021300792694092,,,0.0002928097641389938,114.87555215199973
1920,3932160,3.789970874786377,,,0.0002927203122608702,115.42609024899866
1930,3952640,3.9788777828216553,,,0.00029263032280782577,115.9795603570019
1940,3973120,4.021778106689453,,,0.0002925397961586261,116.53289408099954
1950,3993600,3.8244714736938477,,,0.000292448732694298,117.06243381999957
1960,4014080,4.054103374481201,,,0.00029235713279812767,117.60280895100004
1970,4034560,3.972618579864502,,,0.00029226499685565914,118.1511040990008
1980,4055040,3.976703405380249,,,0.00029217232525469275,118.69249067700002
1990,4075520,3.616488456726074,,,0.0002920791183852833,119.33754958699865
2000,4096000,4.022038459777832,3.8679393410682676,47.84369489409377,0.0002919853766397386,120.18127823900068
2010,4116480,3.950129747390747,,,0.00029189110041261774,121.03294190299857
2020,4136960,3.8611812591552734,,,0.0002917962901007295,121.53123378899909
2030,4157440,3.7451467514038086,,,0.0002917009461031306,122.17436639100197
2040,4177920,4.004148483276367,,,0.0002916050688211239,122.81625261099907
2050,4198400,4.007671356201172,,,0.00029150865865825706,123.34662436299914
2060,4218880,3.838897466659546,,,0.00029141171602032056,123.89656550500149
2070,4239360,4.013629913330078,,,0.00029131424131534605,124.40240617900054
2080,4259840,3.9130516052246094,,,0.00029121623495360465,124.92046498499985
2090,4280320,3.765380859375,,,0.0002911176973476052,125.61919095600024
2100,4300800,3.8240177631378174,3.8404896020889283,46.548258986489,0.00029101862891209264,126.485654909
2110,4321280,3.950862407684326,,,0.0002909190300640461,127.11632490199918
2120,4341760,3.7821285724639893,,,0.00029081890122267714,127.65807426600077
2130,4362240,3.8364181518554688,,,0.0002907182428094283,128.14168915700066
2140,4382720,3.6719861030578613,,,0.00029061705524797087,128.73780467799952
2150,4403200,3.4846911430358887,,,0.00029051533896420336,129.31064610300018
2160,4423680,4.035374164581299,,,0.0002904130943862498,129.77406085500115
2170,4444160,3.7450690269470215,,,0.00029031032194445764,130.23088984100104
2180,4464640,3.897113800048828,,,0.00029020702207139615,130.74607387099968
2190,4485120,3.9358160495758057,,,0.00029010319520185473,131.35055274600018
2200,4505600,3.70154070854187,3.8113128662109377,45.20975427999676,0.0002899988417728407,132.2490353380017
2210,4526080,3.7909700870513916,,,0.0002898939622235778,132.80340070500097
2220,4546560,3.870807409286499,,,0.00028978855699550405,133.27953983000043
2230,4567040,3.9710817337036133,,,0.00028968262653227017,133.7379031140008
2240,4587520,3.8294997215270996,,,0.0002895761712797378,134.25400981699931
2250,4608000,3.832031488418579,,,0.00028946919168597687,134.87526769399847
2260,4628480,3.6942858695983887,,,0.0002893616882012649,135.5302548489999
2270,4648960,4.007607460021973,,,0.00028925366127808394,136.0970918210005
2280,4669440,3.779761552810669,,,0.00028914511137111956,136.74807616600083
2290,4689920,3.76155424118042,,,0.00028903603893725837,137.2194236489995
2300,4710400,3.85491943359375,3.7757444381713867,43.629976048701515,0.0002889264444355863,138.07737412999995
2310,4730880,3.722730875015259,,,0.0002888163283273868,138.58029860500028
2320,4751360,4.1698689460754395,,,0.0002887056910761387,139.21503293800197
2330,4771840,3.9037868976593018,,,0.00028859453314751424,139.75373380599922
2340,4792320,3.5979199409484863,,,0.00028848285500937716,140.24016271100118
2350,4812800,3.8263282775878906,,,0.00028837065713178104,140.79516587800026
2360,4833280,3.9207799434661865,,,0.0002882579399869668,141.29977528000018
2370,4853760,3.6731953620910645,,,0.00028814470404936096,141.8237245349992
2380,4874240,3.941868305206299,,,0.0002880309497955737,142.40663306499846
2390,4894720,3.8657732009887695,,,0.0002879166777043968,142.99127472100008
2400,4915200,3.7199559211730957,3.7319350481033324,41.759837325445766,0.0002878018882568016,143.77295492100166
2410,4935680,3.9266109466552734,,,0.0002876865819359371,144.30664726800023
2420,4956160,3.6673293113708496,,,0.0002875707592271276,144.94151923499885
2430,4976640,3.730107307434082,,,0.00028745442061787097,145.5727251089993
2440,4997120,3.8589038848876953,,,0.00028733756659783666,146.054953543
2450,5017600,3.9985923767089844,,,0.00028722019765886327,146.60468616300204
2460,5038080,3.5940704345703125,,,0.0002871023142949568,147.11210263799876
2470,5058560,3.6319220066070557,,,0.00028698391700228843,147.84615028199914
2480,5079040,3.873561382293701,,,0.00028686500627919247,148.57093784600147
2490,5099520,3.778928756713867,,,0.0002867455826261643,149.11134779599888
2500,5120000,3.745269298553467,3.6920381426811217,40.12654729922423,0.0002866256465458582,149.91051997799877
2510,5140480,3.92459774017334,,,0.00028650519854308523,150.7610747280014
2520,5160960,3.923206329345703,,,0.0002863842391248112,151.25618431900148
2530,5181440,3.6161699295043945,,,0.00028626276880015436,151.8800422130007
2540,5201920,3.5336954593658447,,,0.00028614078808038344,152.62101975100086
2550,5222400,3.716616630554199,,,0.00028601829747891544,153.11325447199852
2560,5242880,3.517828941345215,,,0.00028589529751131337,153.58951770299973
2570,5263360,3.672694444656372,,,0.00028577178869528425,154.10037164900132
2580,5283840,3.4804749488830566,,,0.00028564777155067685,154.62583779800116
2590,5304320,3.723701000213623,,,0.0002855232465994794,155.28015030200186
2600,5324800,3.688999652862549,3.65263409614563,38.576145613364915,0.00028539821436581754,156.2294509960011
2610,5345280,3.827089786529541,,,0.0002852726753759521,156.76182469099876
2620,5365760,3.7161264419555664,,,0.0002851466301582768,157.42685763899863
2630,5386240,3.8388452529907227,,,0.0002850200792433161,157.95451321200017
2640,5406720,3.5402560234069824,,,0.0002848930231637229,158.49463145299887
2650,5427200,3.600309371948242,,,0.00028476546245427635,159.0131446990017
2660,5447680,3.8401565551757812,,,0.0002846373976518796,159.6752676239994
2670,5468160,3.545217275619507,,,0.0002845088292955576,160.23570437799935
2680,5488640,3.774202823638916,,,0.00028437975792645464,160.80039126300107
2690,5509120,3.9339561462402344,,,0.0002842501840878322,161.29529283100055
2700,5529600,3.8411810398101807,3.6055275797843933,36.80109424989836,0.0002841201083250668,162.10179720900123
2710,5550080,3.929520606994629,,,0.0002839895311856474,162.61892418700154
2720,5570560,3.772937774658203,,,0.00028385845321917324,163.17241367599854
2730,5591040,3.5140652656555176,,,0.00028372687497735174,163.67757631100176
2740,5611520,3.514540672302246,,,0.00028359479701399573,164.28098011600014
2750,5632000,3.800297737121582,,,0.0002834622198850216,164.82300918300098
2760,5652480,3.73065185546875,,,0.00028332914414844646,165.35404721599843
2770,5672960,3.767836570739746,,,0.0002831955703643864,165.94104633900133
2780,5693440,3.638383626937866,,,0.0002830614990950535,166.49832211299872
2790,5713920,3.5475049018859863,,,0.0002829269309047539,167.11689191099867
2800,5734400,3.5616955757141113,3.569467294216156,35.49767829550809,0.00028279186635988526,168.0525615539991
2810,5754880,3.580573797225952,,,0.00028265630602893434,168.5912390759986
2820,5775360,3.568124294281006,,,0.0002825202504824748,169.21808683500058
2830,5795840,3.623533248901367,,,0.00028238370029316437,169.69462787999873
2840,5816320,3.6535844802856445,,,0.00028224665603574314,170.28108517800138
2850,5836800,3.4938175678253174,,,0.00028210911828703046,170.85851855700093
2860,5857280,3.656921863555908,,,0.0002819710876259228,171.44359879699914
2870,5877760,3.5816967487335205,,,0.0002818325646333914,171.98181690300044
2880,5898240,3.4283447265625,,,0.00028169354989247966,172.70474154000112
2890,5918720,3.953237533569336,,,0.00028155404398830074,173.24293280200072
2900,5939200,3.7327165603637695,3.531971740722656,34.19131760786095,0.0002814140475080352,174.1050267089995
2910,5959680,3.6290831565856934,,,0.0002812735610409283,174.81449237500055
2920,5980160,3.5668082237243652,,,0.00028113258517828773,175.3054254589988
2930,6000640,3.419448137283325,,,0.00028099112051348105,175.80712674000097
2940,6021120,3.738823413848877,,,0.0002808491676419331,176.33826247899924
2950,6041600,3.60634183883667,,,0.0002807067271611238,176.8874398529988
2960,6062080,3.7573556900024414,,,0.0002805637996705851,177.36406141800035
2970,6082560,3.857583999633789,,,0.0002804203857718992,178.0468404839994
2980,6103040,3.566619873046875,,,0.0002802764860686951,178.52891931500199
2990,6123520,3.275034189224243,,,0.0002801321011666469,179.04193798900087
3000,6144000,3.8451361656188965,3.4974879145622255,33.03236751536419,0.00027998723167347076,179.90746386599858
3010,6164480,3.413626194000244,,,0.0002798418781989225,180.82340265899984
3020,6184960,3.709416151046753,,,0.00027969604135479514,181.36199260699868
3030,6205440,3.369131088256836,,,0.000279549721754916,181.89193690899992
3040,6225920,3.4920430183410645,,,0.00027940292001514446,182.42531376699844
3050,6246400,3.794900417327881,,,0.0002792556367533692,182.96822551399964
3060,6266880,3.581125259399414,,,0.00027910787258950565,183.4782144410019
3070,6287360,3.3515801429748535,,,0.0002789596281454932,183.98438649599848
3080,6307840,3.4233591556549072,,,0.0002788109040452929,184.48509634799848
3090,6328320,3.3941116333007812,,,0.00027866170091488476,185.04406595099863
3100,6348800,3.471775531768799,3.4639678716659548,31.943472989201773,0.00027851201938226475,186.1651382730015
3110,6369280,3.734579086303711,,,0.0002783618600774427,186.81637738200152
3120,6389760,3.318610668182373,,,0.0002782112236324392,187.61579168200115
3130,6410240,3.6448402404785156,,,0.00027806011068128326,188.25652150599853
3140,6430720,3.4427871704101562,,,0.0002779085218600094,188.8124197549987
3150,6451200,3.6550071239471436,,,0.0002777564578066551,189.445890539002
3160,6471680,3.575958013534546,,,0.0002776039191612581,190.05468498900154
3170,6492160,3.4386863708496094,,,0.0002774509065658538,190.75992871999915
3180,6512640,3.6027183532714844,,,0.00027729742066447225,191.2468986870008
3190,6533120,3.646442413330078,,,0.0002771434621031359,191.74067391300196
3200,6553600,3.4899234771728516,3.434816670417786,31.02572411107384,0.0002769890315298563,192.64693075000105
3210,6574080,3.3480491638183594,,,0.00027683412959463206,193.23020310900029
3220,6594560,3.4864776134490967,,,0.00027667875694944554,193.82228741500148
3230,6615040,3.3679471015930176,,,0.0002765229142482603,194.35225003400046
3240,6635520,3.446401596069336,,,0.00027636660214701845,194.87189734999993
3250,6656000,3.525566577911377,,,0.0002762098213036378,195.43076028400174
3260,6676480,3.2863852977752686,,,0.000276052572378009,195.99002802999894
3270,6696960,3.429109811782837,,,0.00027589485603199306,196.46508188200096
3280,6717440,3.4879794120788574,,,0.00027573667292941814,196.942016822999
3290,6737920,3.652139902114868,,,0.00027557802373607713,197.4368283110016
3300,6758400,3.65529727935791,3.4033562302589417,30.064835417647654,0.0002754189091197246,198.3158432300006
3310,6778880,3.5771467685699463,,,0.0002752593297500741,198.86965848999898
3320,6799360,3.423246383666992,,,0.0002750992862987955,199.49787655999899
3330,6819840,3.2624049186706543,,,0.00027493877943951165,200.0155648910004
3340,6840320,3.4060189723968506,,,0.0002747778098477962,200.55086323200157
3350,6860800,3.446591854095459,,,0.0002746163782011703,201.28127757200127
3360,6881280,3.3319783210754395,,,0.0002744544851790999,201.7600530339987
3370,6901760,3.4523215293884277,,,0.0002742921314629929,202.4051499740017
3380,6922240,3.2748770713806152,,,0.00027412931773619626,202.99278314500043
3390,6942720,3.269587993621826,,,0.0002739660446839931,203.5537914250017
3400,6963200,3.364501476287842,3.3729756236076356,29.165182672692417,0.00027380231299359986,204.39803007500086
3410,6983680,3.5343289375305176,,,0.00027363812335416335,205.2213815940013
3420,7004160,3.7119545936584473,,,0.00027347347645675804,205.69245647500065
3430,7024640,3.564337730407715,,,0.00027330837299438277,206.22332312599974
3440,7045120,3.2896265983581543,,,0.00027314281366195827,206.77228576400012
3450,7065600,3.4139835834503174,,,0.0002729767991563238,207.46650969500115
3460,7086080,3.3241841793060303,,,0.0002728103301762347,208.18315347300086
3470,7106560,3.2846217155456543,,,0.000272643407422359,208.72327634700196
3480,7127040,3.2974438667297363,,,0.00027247603159727483,209.28527124899847
3490,7147520,3.341834783554077,,,0.0002723082034054671,209.9162689270015
3500,7168000,3.5273056030273438,3.337325704097748,28.143761230202895,0.0002721399235533249,210.84293379999872
3510,7188480,3.5465362071990967,,,0.00027197119274913824,211.70596015000046
3520,7208960,3.214698314666748,,,0.00027180201170309533,212.2417266090015
3530,7229440,3.3054418563842773,,,0.00027163238112727926,212.73453406000044
3540,7249920,3.2232511043548584,,,0.00027146230173566535,213.26691489099903
3550,7270400,3.4592347145080566,,,0.00027129177424411793,213.8384234110017
3560,7290880,3.5180954933166504,,,0.00027112079937038734,214.48752847200012
3570,7311360,3.3630423545837402,,,0.00027094937783410703,214.96666003599967
3580,7331840,3.5965218544006348,,,0.00027077751035679045,215.50550963000205
3590,7352320,3.2579846382141113,,,0.00027060519766182787,216.218433009999
3600,7372800,3.443044662475586,3.312356197834015,27.44972632152845,0.00027043244047448363,217.0369248450006
3610,7393280,3.1699140071868896,,,0.00027025923952189306,217.6167304490009
3620,7413760,3.3655428886413574,,,0.0002700855955330589,218.14316514700113
3630,7434240,3.3473877906799316,,,0.00026991150923884907,218.64813625500028
3640,7454720,3.459744691848755,,,0.0002697369813719928,219.21141505500054
3650,7475200,3.1863396167755127,,,0.00026956201266707815,219.8970286770018
3660,7495680,3.256207227706909,,,0.00026938660386054857,220.48653001699859
3670,7516160,3.2509219646453857,,,0.0002692107556906999,220.99610414199924
3680,7536640,3.3702213764190674,,,0.00026903446889767717,221.6546715910008
3690,7557120,3.1598281860351562,,,0.0002688577442234718,222.14645836600175
3700,7577600,3.3496084213256836,3.287127149105072,26.765858775753557,0.000268680582411918,223.2210035749995
3710,7598080,3.268427848815918,,,0.0002685029842086901,223.8670788290001
3720,7618560,3.388479232788086,,,0.00026832495036129906,224.43435820300147
3730,7639040,3.217682361602783,,,0.00026814648161908953,224.99023670699899
3740,7659520,3.642190933227539,,,0.00026796757873323666,225.61014196199903
3750,7680000,3.4124484062194824,,,0.00026778824245674287,226.17741808600113
3760,7700480,3.1216025352478027,,,0.0002676084735444347,226.71308266699998
3770,7720960,3.430419445037842,,,0.00026742827275295965,227.23995250699954
3780,7741440,3.1228485107421875,,,0.000267247640840783,227.74078151700087
3790,7761920,3.2476677894592285,,,0.0002670665785681848,228.35541446700154
3800,7782400,3.5026869773864746,3.2670241475105284,26.233157065739054,0.0002668850866972562,229.18623604299864
3810,7802880,3.2658934593200684,,,0.00026670316599189674,229.75251245099935
3820,7823360,3.435957193374634,,,0.0002665208172178108,230.3113977009998
3830,7843840,3.409914493560791,,,0.0002663380411425046,230.8599563909993
3840,7864320,3.1682374477386475,,,0.00026615483853528277,231.34777240200128
3850,7884800,3.1995084285736084,,,0.00026597121016724525,231.90712648599947
3860,7905280,3.467968225479126,,,0.0002657871568112841,232.44843966899862
3870,7925760,3.2358555793762207,,,0.00026560267924208,232.94706640300137
3880,7946240,3.3423871994018555,,,0.0002654177782360993,233.47250304399859
3890,7966720,3.689631938934326,,,0.00026523245457159045,234.04867742400165
3900,7987200,3.5900089740753174,3.238001799583435,25.48275119556804,0.000265046709028581,234.93734632500127
3910,8007680,3.165278434753418,,,0.00026486054238887406,235.5802875369991
3920,8028160,3.3818371295928955,,,0.0002646739554360452,236.3077754400001
3930,8048640,3.199742078781128,,,0.00026448694895543916,236.96377279800072
3940,8069120,3.2297632694244385,,,0.00026429952373416634,237.58272740599932
3950,8089600,3.1908211708068848,,,0.0002641116805610997,238.15484977600136
3960,8110080,3.25,,,0.00026392342022687137,238.69506739400094
3970,8130560,3.110187292098999,,,0.0002637347435238692,239.27798016399902
3980,8151040,3.5577242374420166,,,0.0002635456512462337,240.00910588799889
3990,8171520,3.0042333602905273,,,0.0002633561441898545,240.7965974079998
4000,8192000,3.169236660003662,3.213223195075989,24.859082906492873,0.00026316622315236687,241.71838416600076
4010,8212480,3.264686346054077,,,0.0002629758889331487,242.494852955002
4020,8232960,3.301088809967041,,,0.00026278514233331687,243.0999676930005
4030,8253440,3.448477268218994,,,0.00026259398415572413,243.55575707000025
4040,8273920,3.512979507446289,,,0.00026240241520495523,244.26628830700065
4050,8294400,3.0923385620117188,,,0.0002622104362873243,244.864167361
4060,8314880,3.4841127395629883,,,0.0002620180482108706,245.35235897000166
4070,8335360,3.2994613647460938,,,0.0002618252517853559,245.82784993500172
4080,8355840,3.3117222785949707,,,0.0002616320478222604,246.38173550600186
4090,8376320,3.196181058883667,,,0.00026143843713477983,246.95668821399886
4100,8396800,3.3787038326263428,3.19696387052536,24.45815921618384,0.00026124442053782185,247.895038982002
4110,8417280,3.4125523567199707,,,0.00026104999884800237,248.4980764639986
4120,8437760,3.1190524101257324,,,0.0002608551728836426,249.13914976500018
4130,8458240,3.229397773742676,,,0.0002606599434647651,249.7844599759992
4140,8478720,3.254885196685791,,,0.00026046431141309075,250.30866881800102
4150,8499200,3.2420971393585205,,,0.0002602682775520351,250.80507478599975
4160,8519680,3.071434736251831,,,0.0002600718427067048,251.30110101600076
4170,8540160,3.2718098163604736,,,0.00025987500770389423,251.8209833990004
4180,8560640,3.298126220703125,,,0.00025967777337208224,252.35706018099881
4190,8581120,3.008345603942871,,,0.0002594801405414283,252.99349811000138
4200,8601600,3.3204023838043213,3.172006845474243,23.85531027222253,0.0002592821100437692,253.81857215299897
4210,8622080,3.4610326290130615,,,0.00025908368271261546,254.39463860099931
4220,8642560,3.2086384296417236,,,0.00025888485938314795,255.02269262299887
4230,8663040,3.2751359939575195,,,0.00025868564089221417,255.52353821799989
4240,8683520,3.2307286262512207,,,0.0002584860280783251,256.0412331459993
4250,8704000,3.552699565887451,,,0.0002582860217816512,256.63336432100186
4260,8724480,3.264392375946045,,,0.00025808562284401906,257.14455085100053
4270,8744960,3.2788443565368652,,,0.0002578848321089082,257.60784021600193
4280,8765440,3.2709665298461914,,,0.0002576836504214469,258.05279478300145
4290,8785920,3.268798589706421,,,0.0002574820786284091,258.5464041839987
4300,8806400,3.248547077178955,3.1526153922080993,23.397177424607257,0.0002572801175782107,259.4147511379997
4310,8826880,3.2570462226867676,,,0.000257077768120906,259.9278089040017
4320,8847360,3.6705410480499268,,,0.00025687503110818395,260.45064101200114
4330,8867840,3.2870068550109863,,,0.0002566719073933649,260.9421311639999
4340,8888320,3.1454949378967285,,,0.0002564683978313968,261.5189079060001
4350,8908800,3.2385973930358887,,,0.00025626450327885156,262.15569800400044
4360,8929280,2.965485095977783,,,0.0002560602245939216,262.88554084800126
4370,8949760,3.254361629486084,,,0.00025585556263641606,263.5497469010006
4380,8970240,2.9630258083343506,,,0.0002556505182677573,264.04890452700056
4390,8990720,3.442793607711792,,,0.0002554450923509773,264.5557179009993
4400,9011200,3.0757412910461426,3.1340694546699526,22.967253824319126,0.000255239285750714,265.3717825169988
4410,9031680,3.02719783782959,,,0.0002550330993332075,266.0249596600006
4420,9052160,2.9291768074035645,,,0.0002548265339662966,266.5139108299991
4430,9072640,3.3947129249572754,,,0.0002546195905194153,267.14804838000055
4440,9093120,3.3473196029663086,,,0.0002544122698635887,267.651396846999
4450,9113600,3.333807945251465,,,0.00025420457287142955,268.1740945519996
4460,9134080,3.0217056274414062,,,0.0002539965004171348,268.8205760109995
4470,9154560,3.298114776611328,,,0.00025378805337648164,269.39942922499904
4480,9175040,3.2128376960754395,,,0.00025357923262682376,270.01457523299905
4490,9195520,3.2947278022766113,,,0.00025337003904708793,270.6579311759997
4500,9216000,3.0032331943511963,3.112790250778198,22.483692098081367,0.0002531604735177702,271.51893136700164
4510,9236480,3.158888816833496,,,0.000252950536920932,272.5485045589994
4520,9256960,3.103027105331421,,,0.0002527402301401968,273.196996728002
4530,9277440,3.1424763202667236,,,0.000252529554060746,273.8769045299996
4540,9297920,3.160433530807495,,,0.0002523185095693153,274.3497032990017
4550,9318400,2.9151763916015625,,,0.00025210709755419135,274.8126608240018
4560,9338880,3.2327849864959717,,,0.00025189531890520744,275.3536727110004
4570,9359360,3.170212984085083,,,0.00025168317451374015,275.86476523300007
4580,9379840,3.0372562408447266,,,0.0002514706652727054,276.49937051099914
4590,9400320,3.154393434524536,,,0.0002512577920765548,277.0250484600001
4600,9420800,3.1742396354675293,3.1079702019691466,22.37558036598577,0.0002510445558212719,277.99364711900125
4610,9441280,3.4447059631347656,,,0.0002508309574043682,278.5277367999988
4620,9461760,3.2216787338256836,,,0.00025061699772487977,279.12245870100014
4630,9482240,3.457822322845459,,,0.00025040267768336303,279.6805172560016
4640,9502720,3.3162143230438232,,,0.0002501879981818913,280.2144085789987
4650,9523200,3.1616339683532715,,,0.00024997296012405074,280.71867316299904
4660,9543680,3.0517067909240723,,,0.0002497575644149368,281.272646256999
4670,9564160,3.1010231971740723,,,0.0002495418119611503,281.88435464600116
4680,9584640,3.2316784858703613,,,0.0002493257036707934,282.4200441969988
4690,9605120,2.9867236614227295,,,0.0002491092404534662,282.92967169500116
4700,9625600,3.2875723838806152,3.0846327424049376,21.85943732333385,0.00024889242322026256,283.8083456810018
4710,9646080,3.1292457580566406,,,0.0002486752528837664,284.37594395999986
4720,9666560,3.1277711391448975,,,0.00024845773035804796,284.9054730099997
4730,9687040,3.0483341217041016,,,0.00024823985655865975,285.51102828500007
4740,9707520,3.38608980178833,,,0.0002480216324026327,286.12773761599965
4750,9728000,3.275932788848877,,,0.00024780305880847263,286.8016593169996
4760,9748480,3.0055291652679443,,,0.000247584136696156,287.5881319530017
4770,9768960,3.0381124019622803,,,0.00024736486698712616,288.18170471600024
4780,9789440,3.412963390350342,,,0.0002471452506042895,288.68136152100124
4790,9809920,3.1462762355804443,,,0.0002469252884720116,289.19797946700055
4800,9830400,3.493345260620117,3.0759214639663695,21.66984069180585,0.00024670498151611333,290.2481857169987
4810,9850880,3.0914180278778076,,,0.00024648433066386694,290.7687484519993
4820,9871360,3.21100115776062,,,0.00024626333684399197,291.2992010250018
4830,9891840,3.1407439708709717,,,0.0002460420009866517,291.861626214999
4840,9912320,3.0396475791931152,,,0.0002458203240234489,292.36187936400165
4850,9932800,3.265617847442627,,,0.00024559830688742224,292.87203596900144
4860,9953280,2.8674514293670654,,,0.000245375950513042,293.47643054199943
4870,9973760,2.9844446182250977,,,0.0002451532558362064,294.11459314400054
4880,9994240,3.0592665672302246,,,0.00024493022379423756,294.65268803800063
4890,10014720,2.9724667072296143,,,0.0002447068553258775,295.32359805799933
4900,10035200,3.0162510871887207,3.056117260456085,21.244908368161006,0.00024448315137128436,296.1942624760013
4910,10055680,3.146933078765869,,,0.00024425911287202833,296.67022689299847
4920,10076160,3.1265416145324707,,,0.00024403474077108766,297.19153094099966
4930,10096640,3.2746129035949707,,,0.00024381003601284476,297.72926542999994
4940,10117120,3.238264322280884,,,0.0002435849995430822,298.293444455001
4950,10137600,2.978095054626465,,,0.00024335963230897863,298.90416887899846
4960,10158080,2.7300844192504883,,,0.00024313393525910503,299.45885391499905
4970,10178560,3.059938907623291,,,0.00024290790934342047,300.0444333209998
4980,10199040,2.9018189907073975,,,0.0002426815555132683,300.60128671599887
4990,10219520,3.3049352169036865,,,0.00024245487472137196,301.1514066560012
5000,10240000,3.3493356704711914,3.043536138534546,20.979297927930254,0.0002422278679218311,301.945069100002
5010,10260480,3.1084108352661133,,,0.00024200053607011766,302.81450060000134
5020,10280960,3.2196950912475586,,,0.00024177288012307158,303.4318255850012
5030,10301440,3.1679494380950928,,,0.00024154490103889698,304.12360734400136
5040,10321920,3.048001289367676,,,0.00024131659977715802,304.7218819840018
5050,10342400,3.1266579627990723,,,0.00024108797729877497,305.3083546179987
5060,10362880,3.3346638679504395,,,0.00024085903456602006,305.9821949899997
5070,10383360,3.1423871517181396,,,0.00024062977254251346,306.5859989829987
5080,10403840,3.484576463699341,,,0.00024040019219321925,307.13422515500133
5090,10424320,3.062530040740967,,,0.00024017029448444142,307.77027566700053
5100,10444800,3.2398953437805176,3.029918360710144,20.695542950990298,0.00023994008038381957,308.59290732799855
5110,10465280,3.2587356567382812,,,0.00023970955086032508,309.07967083399853
5120,10485760,3.1749939918518066,,,0.00023947870688425702,309.6479282799992
5130,10506240,2.9021036624908447,,,0.00023924754942723783,310.12922184299896
5140,10526720,3.0905072689056396,,,0.00023901607946220953,310.63028458700137
5150,10547200,3.18694806098938,,,0.0002387842979634294,311.3475797360006
5160,10567680,3.2485663890838623,,,0.00023855220590646603,312.06420715900094
5170,10588160,2.9253149032592773,,,0.00023831980426819509,312.54578143300023
5180,10608640,3.167109727859497,,,0.0002380870940267953,313.086067966
5190,10629120,2.86850905418396,,,0.00023785407616174433,313.59187423000185
5200,10649600,3.3662948608398438,3.016754615306854,20.424897355662,0.00023762075165381457,314.3872618690002
5210,10670080,2.9017276763916016,,,0.0002373871214850691,314.91130848800094
5220,10690560,3.257213592529297,,,0.0002371531866388576,315.5127773089989
5230,10711040,3.032841920852661,,,0.00023691894809981204,316.0038920900006
5240,10731520,3.111607551574707,,,0.0002366844068538426,316.4459441789986
5250,10752000,3.0244107246398926,,,0.00023644956388813365,316.943212047001
5260,10772480,2.9837169647216797,,,0.0002362144201911395,317.57888366599946
5270,10792960,3.1339855194091797,,,0.00023597897675258023,318.1790793370019
5280,10813440,3.3951096534729004,,,0.00023574323456343737,318.6851038320019
5290,10833920,3.0254693031311035,,,0.00023550719461595018,319.2607115210012
5300,10854400,3.245157480239868,3.0069405913352965,20.22542732621708,0.00023527085790361093,320.1281638379987
5310,10874880,2.946506977081299,,,0.00023503422542116116,320.69748875799996
5320,10895360,3.1791319847106934,,,0.00023479729816458717,321.24417855999855
5330,10915840,3.0905394554138184,,,0.00023456007713111598,321.7756813170017
5340,10936320,3.0213356018066406,,,0.00023432256331921123,322.45205038100175
5350,10956800,2.9114694595336914,,,0.00023408475772856874,322.9558306059989
5360,10977280,3.2689709663391113,,,0.00023384666136011255,323.5366230670006
5370,10997760,3.100778579711914,,,0.0002336082752159904,324.16447033000077
5380,11018240,2.941547393798828,,,0.00023336960029956988,324.7023180649994
5390,11038720,3.078084945678711,,,0.00023313063761543393,325.28418457799853
5400,11059200,3.053140878677368,2.9969464421272276,20.024298119486232,0.00023289138816937679,326.17104480499984
5410,11079680,3.1187586784362793,,,0.0002326518529683995,326.71139034099906
5420,11100160,2.88787841796875,,,0.000232412033020706,327.22039124
5430,11120640,3.162987470626831,,,0.00023217192933569874,328.01116356499915
5440,11141120,3.0376195907592773,,,0.0002319315429239743,328.56330867900033
5450,11161600,3.0689749717712402,,,0.00023169087479731938,329.0940144220003
5460,11182080,3.2881128787994385,,,0.00023144992596870633,329.6616964579989
5470,11202560,3.0008273124694824,,,0.00023120869745228898,330.32096902099875
5480,11223040,2.989771842956543,,,0.00023096719026339846,330.9705160150006
5490,11243520,3.004875421524048,,,0.00023072540541853878,331.4861092960018
5500,11264000,3.0734736919403076,2.983458697795868,19.756028747322038,0.00023048334393538248,332.34437748799974
5510,11284480,2.799924850463867,,,0.0002302410068327667,333.390892034
5520,11304960,3.013273239135742,,,0.00022999839513068845,334.01530261399967
5530,11325440,2.9659011363983154,,,0.00022975550985030073,334.54309131300033
5540,11345920,2.8460886478424072,,,0.00022951235201390784,335.1606073990006
5550,11366400,3.356137752532959,,,0.00022926892264496136,335.8411299389991
5560,11386880,3.112886428833008,,,0.00022902522276805582,336.37436846999844
5570,11407360,3.1077022552490234,,,0.00022878125340892417,336.8700513570002
5580,11427840,3.0813241004943848,,,0.00022853701559443366,337.4994440010014
5590,11448320,2.9870290756225586,,,0.0002282925103525816,338.10973073100104
5600,11468800,3.2888247966766357,2.9748405694961546,19.586500315043295,0.0002280477387124907,339.2017574199999
5610,11489280,2.97196102142334,,,0.00022780270170440507,339.71902679900086
5620,11509760,2.8697099685668945,,,0.00022755740035968573,340.24349363999863
5630,11530240,2.8375959396362305,,,0.00022731183571080628,340.7618006929988
5640,11550720,3.04506516456604,,,0.00022706600879134856,341.7380738339998
5650,11571200,3.2111620903015137,,,0.0002268199206359983,342.240702744999
5660,11591680,3.0919904708862305,,,0.00022657357228054081,342.711712438002
5670,11612160,2.964486598968506,,,0.0002263269647618566,343.3411841060006
5680,11632640,3.215047836303711,,,0.00022608009911791692,343.8231799269997
5690,11653120,2.9662156105041504,,,0.00022583297638777944,344.448247291999
5700,11673600,3.170982837677002,2.9627947092056273,19.351979407507137,0.00022558559761158415,345.32643015800204
5710,11694080,3.1100947856903076,,,0.0002253379638305484,345.82195956299984
5720,11714560,3.143432140350342,,,0.00022509007608696312,346.3821779659993
5730,11735040,3.100478172302246,,,0.00022484193542418802,346.9712262989997
5740,11755520,2.971874237060547,,,0.00022459354288664738,347.577511047999
5750,11776000,2.8146557807922363,,,0.0002243448995198257,348.18841861200053
5760,11796480,3.0934574604034424,,,0.0002240960063702631,348.8024376780013
5770,11816960,3.0339956283569336,,,0.00022384686448555114,349.4617854520002
5780,11837440,3.1404643058776855,,,0.0002235974749143282,350.07161168699895
5790,11857920,3.307891368865967,,,0.00022334783870627532,350.6662292889996
5800,11878400,3.1758031845092773,2.951926600933075,19.14279875794931,0.00022309795691211138,351.4572909310009
5810,11898880,2.975600242614746,,,0.00022284783058358932,351.9391506079992
5820,11919360,3.0754897594451904,,,0.00022259746077349097,352.4464758940012
5830,11939840,3.17972731590271,,,0.00022234684853562314,352.93012504299986
5840,11960320,3.000737190246582,,,0.00022209599492481298,353.60128989299847
5850,11980800,2.8538575172424316,,,0.00022184490099690362,354.2322964679988
5860,12001280,3.035762310028076,,,0.00022159356780874958,354.73711786700005
5870,12021760,2.7895026206970215,,,0.00022134199641821257,355.1904745960019
5880,12042240,2.739229679107666,,,0.00022109018788415676,355.81003508100184
5890,12062720,2.9797182083129883,,,0.00022083814326644458,356.4429060229995
5900,12083200,2.8028411865234375,2.945657956600189,19.023174693085558,0.00022058586362593203,357.297966533999
5910,12103680,3.0759458541870117,,,0.00022033335002446438,357.80263159899914
5920,12124160,3.306257724761963,,,0.00022008060352487167,358.3787606750011
5930,12144640,2.915642738342285,,,0.00021982762519096407,358.90380101900155
5940,12165120,2.765885829925537,,,0.00021957441608752776,359.4291599640019
5950,12185600,3.0180981159210205,,,0.00021932097728032004,359.95309374299904
5960,12206080,3.014944076538086,,,0.00021906730983606507,360.492712831001
5970,12226560,2.9571282863616943,,,0.00021881341482244944,361.04024205300084
5980,12247040,2.9340624809265137,,,0.0002185592933081175,361.57282017599937
5990,12267520,3.1724727153778076,,,0.00021830494636266692,362.101559226001
6000,12288000,2.8443799018859863,2.930174136161804,18.730891938326515,0.00021805037505664429,362.95897292299924
6010,12308480,2.923422336578369,,,0.0002177955804615404,363.82365398000184
6020,12328960,2.9415204524993896,,,0.00021754056364978603,364.40772066499994
6030,12349440,3.136101484298706,,,0.00021728532569474722,364.95066189000136
6040,12369920,3.264702081680298,,,0.00021702986767072077,365.43560363100187
6050,12390400,3.027170181274414,,,0.00021677419065292968,365.97654561799936
6060,12410880,2.917785167694092,,,0.00021651829571751882,366.5246625889995
6070,12431360,3.000999927520752,,,0.00021626218394155022,367.030205684001
6080,12451840,3.063728094100952,,,0.0002160058564029986,367.6609517290017
6090,12472320,3.051969051361084,,,0.00021574931418074685,368.2415840220019
6100,12492800,3.145444869995117,2.921703267097473,18.572895135137138,0.00021549255835458142,369.1108584850008
6110,12513280,3.140352725982666,,,0.0002152355900051878,369.6037528050001
6120,12533760,2.8928589820861816,,,0.00021497841021414605,370.12400802900083
6130,12554240,2.7984728813171387,,,0.00021472102006392618,370.6230235910007
6140,12574720,3.0151891708374023,,,0.0002144634206378836,371.11183729700133
6150,12595200,2.9539401531219482,,,0.0002142056130202545,371.9089642059989
6160,12615680,3.0754895210266113,,,0.00021394759829615145,372.4889310899998
6170,12636160,3.0348544120788574,,,0.00021368937755155868,372.98629756800074
6180,12656640,2.8911447525024414,,,0.00021343095187332747,373.6625594629986
6190,12677120,3.184279441833496,,,0.0002131723223491719,374.2489797820017
6200,12697600,3.15962290763855,2.9132538437843323,18.416626003716736,0.0002129134900676638,375.05402739800047
6210,12718080,3.053480625152588,,,0.00021265445611822847,375.71462298999904
6220,12738560,2.8688158988952637,,,0.00021239522159114012,376.38206120500035
6230,12759040,3.124040126800537,,,0.0002121357875775171,376.81661589899886
6240,12779520,2.774148464202881,,,0.0002118761551693175,377.29254675099946
6250,12800000,2.8544392585754395,,,0.00021161632545933432,377.774145358002
6260,12820480,2.650190591812134,,,0.00021135629954119106,378.35064703600074
6270,12840960,3.0606417655944824,,,0.00021109607850933708,378.85065938700063
6280,12861440,3.034135341644287,,,0.000210835663459043,379.4032215219995
6290,12881920,2.949110984802246,,,0.00021057505548639595,379.8478199800011
6300,12902400,3.286524772644043,2.9073180675506594,18.30763283233443,0.0002103142556882952,380.6776591199996
6310,12922880,2.849346399307251,,,0.00021005326516244737,381.2737093989999
6320,12943360,3.4160714149475098,,,0.00020979208500736179,381.8188378170016
6330,12963840,3.018738269805908,,,0.00020953071632234604,382.5057212440006
6340,12984320,2.950448989868164,,,0.00020926916020750112,383.0632630520013
6350,13004800,2.800834894180298,,,0.00020900741776371703,383.63055454500136
6360,13025280,2.8186986446380615,,,0.00020874549009266795,384.2709956159997
6370,13045760,3.1606106758117676,,,0.0002084833782968077,384.80627995800023
6380,13066240,2.777060031890869,,,0.00020822108347936513,385.30829321000056
6390,13086720,2.8606226444244385,,,0.00020795860674433934,385.9463698010004
6400,13107200,3.0904288291931152,2.896372389793396,18.108336091576994,0.0002076959491964952,386.7859297959985
6410,13127680,2.764720916748047,,,0.00020743311194135856,387.3043736799991
6420,13148160,2.9128541946411133,,,0.00020717009608521174,387.8210021010018
6430,13168640,2.929302930831909,,,0.00020690690273508864,388.33404383499874
6440,13189120,3.160809278488159,,,0.00020664353299877042,388.9367787430019
6450,13209600,3.252272129058838,,,0.00020637998798478052,389.4398631209988
6460,13230080,2.8225274085998535,,,0.00020611626880238018,390.0371670029999
6470,13250560,2.9911048412323,,,0.00020585237656156372,390.55109349399936
6480,13271040,3.025310516357422,,,0.00020558831237305379,391.1489267729994
6490,13291520,2.719348669052124,,,0.00020532407734829685,391.6545838790007
6500,13312000,3.0179390907287598,2.889155626296997,17.978122936605335,0.00020505967259945842,392.5924237020008
6510,13332480,2.9796366691589355,,,0.00020479509923941835,393.3591991860012
6520,13352960,2.5993645191192627,,,0.00020453035838176604,393.93792978000056
6530,13373440,2.7185797691345215,,,0.0002042654511407962,394.5411319949999
6540,13393920,3.04118013381958,,,0.00020400037863150354,395.06966612199903
6550,13414400,2.9572224617004395,,,0.0002037351419695786,395.58790716899966
6560,13434880,2.879911422729492,,,0.00020346974227140267,396.37081439300164
6570,13455360,3.089341163635254,,,0.00020320418065404344,396.8643054610002
6580,13475840,2.8561277389526367,,,0.00020293845823524993,397.48816757700115
6590,13496320,2.9078540802001953,,,0.00020267257613344815,398.17524963699907
6600,13516800,3.1102795600891113,2.8758906960487365,17.74121911991593,0.0002024065354677361,398.9668916090013
6610,13537280,2.689605474472046,,,0.00020214033735787914,399.42122243999984
6620,13557760,2.9072980880737305,,,0.0002018739829243054,399.8896981879989
6630,13578240,3.1824378967285156,,,0.00020160747328810106,400.3850348999986
6640,13598720,2.7960100173950195,,,0.00020134080957100536,400.9602027059991
6650,13619200,2.8591628074645996,,,0.00020107399289540613,401.58973475200037
6660,13639680,3.093057632446289,,,0.00020080702438433505,402.20498651399976
6670,13660160,2.9305062294006348,,,0.00020053990516146283,402.7211103469999
6680,13680640,2.99533748626709,,,0.00020027263635109455,403.2991150650014
6690,13701120,3.043499708175659,,,0.00020000521907816496,403.8496639650002
6700,13721600,2.7294044494628906,2.8674832701683046,17.592686398974035,0.00019973765446823356,404.66873941299855
6710,13742080,2.8081791400909424,,,0.00019946994364748006,405.24583826800153
6720,13762560,2.6143500804901123,,,0.00019920208774269958,405.77487072700023
6730,13783040,3.029371500015259,,,0.00019893408788129792,406.3751240599995
6740,13803520,3.120162010192871,,,0.0001986659451912867,406.93687425900134
6750,13824000,3.0490994453430176,,,0.00019839766080127883,407.47743987099966
6760,13844480,3.0345187187194824,,,0.00019812923584048355,407.98440388900053
6770,13864960,3.090292453765869,,,0.00019786067143870174,408.64140737100024
6780,13885440,3.1435396671295166,,,0.00019759196872632127,409.23081971899956
6790,13905920,2.8124096393585205,,,0.00019732312883431215,409.818903227002
6800,13926400,2.9665629863739014,2.864756870269775,17.54478702665362,0.00019705415289422175,410.7114511510008
6810,13946880,3.006054401397705,,,0.00019678504203817003,411.5087566500006
6820,13967360,2.962104082107544,,,0.0001965157973988449,412.2420495740007
6830,13987840,2.866374969482422,,,0.00019624642010949726,412.82221464100076
6840,14008320,3.1135079860687256,,,0.00019597691130393636,413.2738250420007
6850,14028800,2.9466300010681152,,,0.00019570727211652516,413.7777532079999
6860,14049280,3.0483365058898926,,,0.00019543750368217514,414.35111052199863
6870,14069760,2.6361820697784424,,,0.00019516760713634196,414.89633051200144
6880,14090240,3.11138653755188,,,0.00019489758361502043,415.44215956300104
6890,14110720,2.6538712978363037,,,0.0001946274342547398,416.0593599890017
6900,14131200,2.7351925373077393,2.8525412321090697,17.331769975233165,0.00019435716019255907,416.9194770659997
6910,14151680,2.8828697204589844,,,0.00019408676256606202,417.4677942679991
6920,14172160,2.613222360610962,,,0.00019381624251335247,418.09319650999896
6930,14192640,2.9787001609802246,,,0.00019354560117304962,418.63967006500025
6940,14213120,2.8556323051452637,,,0.00019327483968428316,419.1878963499985
6950,14233600,3.1734933853149414,,,0.00019300395918668843,419.7415468809995
6960,14254080,2.8968281745910645,,,0.00019273296082040174,420.26532745200166
6970,14274560,3.0684773921966553,,,0.00019246184572605546,420.81389755499913
6980,14295040,3.184389591217041,,,0.0001921906150447733,421.41371173399966
6990,14315520,2.992328643798828,,,0.0001919192699181654,421.9039511150004
7000,14336000,3.061842441558838,2.845849800109863,17.216182768272645,0.0001916478114883238,422.92027045800205
7010,14356480,2.7201027870178223,,,0.00019137624089781728,423.64748060499915
7020,14376960,2.9204039573669434,,,0.00019110455928968658,424.1125307910006
7030,14397440,2.739363431930542,,,0.00019083276780744004,424.6410499199992
7040,14417920,2.7439053058624268,,,0.00019056086759504818,425.1596139590001
7050,14438400,2.924238681793213,,,0.00019028885979693923,425.8142937949997
7060,14458880,3.0908243656158447,,,0.00019001674555799437,426.4372943060007
7070,14479360,2.783235549926758,,,0.00018974452602354264,427.070479926002
7080,14499840,2.7868638038635254,,,0.0001894722023393564,427.72520883200195
7090,14520320,2.8819468021392822,,,0.00018919977565164619,428.23970617599844
7100,14540800,2.96631121635437,2.83756103515625,17.07407165235469,0.00018892724710705628,429.1656942459995
7110,14561280,3.038825035095215,,,0.00018865461785265962,429.7121329649999
7120,14581760,3.0745954513549805,,,0.00018838188903595293,430.2158194129988
7130,14602240,2.8811354637145996,,,0.00018810906180485217,430.74158666899893
7140,14622720,2.897627592086792,,,0.00018783613730768734,431.2574892590019
7150,14643200,2.9145612716674805,,,0.00018756311669319793,431.77474241299933
7160,14663680,2.664370059967041,,,0.00018729000111052801,432.3387151269999
7170,14684160,2.776031255722046,,,0.00018701679170922135,432.90539396299937
7180,14704640,2.72312331199646,,,0.00018674348963921653,433.72465382000155
7190,14725120,2.850560188293457,,,0.00018647009605084227,434.3090056149995
7200,14745600,2.9788832664489746,2.8321784019470213,16.9824150853976,0.0001861966120948125,435.2711756239987
7210,14766080,3.0115575790405273,,,0.00018592303892222132,435.8029574249995
7220,14786560,2.645711898803711,,,0.00018564937768453864,436.34649497899954
7230,14807040,2.8901214599609375,,,0.00018537562953360482,436.8944503620005
7240,14827520,3.0043869018554688,,,0.00018510179562162608,437.3803868389987
7250,14848000,2.854738235473633,,,0.00018482787710116967,437.9462121889992
7260,14868480,2.5749781131744385,,,0.00018455387512515887,438.54968865200135
7270,14888960,2.6077098846435547,,,0.0001842797908468683,439.01521809800033
7280,14909440,2.694024085998535,,,0.00018400562541991895,439.5861683539988
7290,14929920,2.8882250785827637,,,0.00018373137999827337,440.0906565820005
7300,14950400,2.9244863986968994,2.8229918479919434,16.82711962016296,0.0001834570557362308,441.054323700002
7310,14970880,3.0331153869628906,,,0.00018318265378842232,441.5740962429991
7320,14991360,2.8885207176208496,,,0.00018290817530980602,442.09371976400143
7330,15011840,2.9553561210632324,,,0.00018263362145566213,442.59839945899876
7340,15032320,2.739171266555786,,,0.000182358993381588,443.1396038970015
7350,15052800,2.8647665977478027,,,0.0001820842922434936,443.6915923500019
7360,15073280,2.761319637298584,,,0.0001818095191975962,444.19588128100077
7370,15093760,2.974797248840332,,,0.00018153467540041578,444.7569474609991
7380,15114240,3.0199546813964844,,,0.00018125976200877026,445.32498417399984
7390,15134720,2.9252920150756836,,,0.00018098478017977034,445.95070905399916
7400,15155200,2.893862724304199,2.8154225945472717,16.700231716187734,0.00018070973107081476,446.9217480260013
7410,15175680,3.1107664108276367,,,0.00018043461583958556,447.81699478500013
7420,15196160,2.770864725112915,,,0.000180159435644043,448.32126375000007
7430,15216640,2.895132303237915,,,0.0001798841916424207,448.83282225600124
7440,15237120,2.8464102745056152,,,0.00017960888499322111,449.3432328179988
7450,15257600,2.813323497772217,,,0.0001793335168552101,450.08712002800166
7460,15278080,2.9104576110839844,,,0.0001790580883874124,450.51793927700055
7470,15298560,2.726257801055908,,,0.00017878260074910682,451.00351739100006
7480,15319040,2.8273258209228516,,,0.00017850705509982098,451.44764905800184
7490,15339520,2.963404417037964,,,0.0001782314525993268,451.9400343119996
7500,15360000,2.5989627838134766,2.810212481021881,16.613447886163573,0.00017795579440763558,452.6938710360009
7510,15380480,2.9060373306274414,,,0.00017768008168499283,453.4299362689999
7520,15400960,2.8649656772613525,,,0.00017740431559187372,453.88266296200163
7530,15421440,2.7850241661071777,,,0.00017712849728897793,454.39166032700086
7540,15441920,2.614516258239746,,,0.00017685262793722508,454.8640809069984
7550,15462400,2.757081985473633,,,0.0001765767086977495,455.5311887220014
7560,15482880,2.834261655807495,,,0.00017630074073189547,456.02446298200084
7570,15503360,2.833735466003418,,,0.00017602472520121255,456.5361169780008
7580,15523840,2.887251853942871,,,0.00017574866326745036,457.2475753200015
7590,15544320,2.9131412506103516,,,0.00017547255609255376,457.88353936899875
7600,15564800,2.7863993644714355,2.8016584515571594,16.471942048833228,0.00017519640483865822,458.7861583369995
7610,15585280,2.908595085144043,,,0.00017492021066808463,459.37466655499884
7620,15605760,2.818922996520996,,,0.00017464397474333448,459.96660856200106
7630,15626240,3.161057949066162,,,0.0001743676982270851,460.59616504899896
7640,15646720,2.8178651332855225,,,0.00017409138228218458,461.1514281749987
7650,15667200,3.3576204776763916,,,0.00017381502807164696,461.71859919800045
7660,15687680,2.679511308670044,,,0.00017353863675864754,462.25427693099846
7670,15708160,2.6795876026153564,,,0.00017326220950651753,462.7068387520012
7680,15728640,2.71040678024292,,,0.00017298574747873945,463.1821926420016
7690,15749120,2.9640166759490967,,,0.0001727092518389424,463.74133823900047
7700,15769600,3.085097551345825,2.796672689914703,16.390021260449224,0.0001724327237508967,464.5406599509988
7710,15790080,3.272935390472412,,,0.0001721561643785093,465.30525449700144
7720,15810560,3.1446447372436523,,,0.00017187957488581902,466.10842718099957
7730,15831040,2.839524030685425,,,0.0001716029564369912,466.73402135500146
7740,15851520,2.9627108573913574,,,0.0001713263101963132,467.35557878300096
7750,15872000,2.917163372039795,,,0.0001710496373281893,467.98477181699855
7760,15892480,3.0496225357055664,,,0.00017077293899713585,468.4771218829992
7770,15912960,2.8480470180511475,,,0.00017049621636777647,469.1538212410014
7780,15933440,2.8733222484588623,,,0.000170219470604837,469.640263325
7790,15953920,2.8379123210906982,,,0.00016994270287314054,470.2382787860006
7800,15974400,2.91599178314209,2.792103898525238,16.315309473685566,0.0001696659143376028,471.1827239710001
7810,15994880,2.9350924491882324,,,0.00016938910616322696,471.7186625360009
7820,16015360,2.9155631065368652,,,0.00016911227951509896,472.2842036590009
7830,16035840,2.843498945236206,,,0.00016883543555838238,472.79255801399995
7840,16056320,2.641796588897705,,,0.00016855857545831373,473.45072215099935
7850,16076800,2.9706871509552,,,0.0001682817003801975,474.01669862199924
7860,16097280,2.886951446533203,,,0.00016800481148940107,474.5930978309989
7870,16117760,2.8042304515838623,,,0.00016772790995135008,475.08599072799916
7880,16138240,3.224092483520508,,,0.00016745099693152345,475.7493169970003
7890,16158720,2.861088752746582,,,0.0001671740735954483,476.2644348419999
7900,16179200,3.1200950145721436,2.7839546680450438,16.182892537311915,0.00016689714110869517,477.2871301310006
7910,16199680,2.8460185527801514,,,0.00016662020063687333,477.7349938219995
7920,16220160,2.6059999465942383,,,0.00016634325334562535,478.30162745100097
7930,16240640,3.0743913650512695,,,0.0001660663004006227,478.82103672800076
7940,16261120,2.985471725463867,,,0.00016578934296756064,479.2806667799996
7950,16281600,3.031128406524658,,,0.00016551238221215324,479.90222103400083
7960,16302080,2.725830078125,,,0.00016523541930012857,480.4885545920006
7970,16322560,2.634047508239746,,,0.00016495845539722388,480.9844396590015
7980,16343040,2.606747627258301,,,0.0001646814916691804,481.65209627999866
7990,16363520,2.9424049854278564,,,0.00016440452928173882,482.1633559260008
8000,16384000,2.936450958251953,2.779603397846222,16.112629377141936,0.00016412756940063411,483.0967027769984
8010,16404480,3.038114547729492,,,0.00016385061319159068,483.9407083400001
8020,16424960,2.7107439041137695,,,0.00016357366182031744,484.5083211759993
8030,16445440,2.657825231552124,,,0.00016329671645250299,485.14858554199964
8040,16465920,3.0472917556762695,,,0.0001630197782538107,485.642585515001
8050,16486400,2.880833387374878,,,0.00016274284838987372,486.1296922069996
8060,16506880,2.954782009124756,,,0.00016246592802629008,486.6182121040001
8070,16527360,2.940720558166504,,,0.00016218901832861787,487.1297533319994
8080,16547840,2.823936700820923,,,0.0001619121204623703,487.85051358000055
8090,16568320,2.613947868347168,,,0.0001616352355930108,488.3551427480015
8100,16588800,2.821892738342285,2.7700009107589723,15.958648544269757,0.00016135836488594802,489.1121904850006
8110,16609280,2.9245715141296387,,,0.00016108150950653103,489.60446364200106
8120,16629760,2.829094886779785,,,0.0001608046706200444,490.2915852590013
8130,16650240,2.704726219177246,,,0.00016052784939170334,490.81528806999995
8140,16670720,2.8779478073120117,,,0.00016025104698664857,491.3540434710012
8150,16691200,2.744497776031494,,,0.00015997426456994176,491.81646860099863
8160,16711680,2.729374885559082,,,0.00015969750330656034,492.29909084300016
8170,16732160,2.8225433826446533,,,0.0001594207643613928,492.82234960500136
8180,16752640,2.7529830932617188,,,0.00015914404889923355,493.3681589020016
8190,16773120,2.7057888507843018,,,0.00015886735808477828,494.02301789600097
8200,16793600,2.8131330013275146,2.7655288577079773,15.887439964307763,0.00015859069308261895,494.862732769001
8210,16814080,2.870427370071411,,,0.00015831405505723875,495.4806486609996
8220,16834560,2.801819324493408,,,0.00015803744517300746,496.0875775120003
8230,16855040,2.8657495975494385,,,0.00015776086459417637,496.59245798100164
8240,16875520,2.9789230823516846,,,0.00015748431448487334,497.21474938699976
8250,16896000,2.751953125,,,0.00015720779600909807,497.74415416899865
8260,16916480,2.8215203285217285,,,0.00015693131033071717,498.343975865002
8270,16936960,2.7945141792297363,,,0.00015665485861345908,498.8897178139996
8280,16957440,2.879948377609253,,,0.0001563784420209093,499.5356202319999
8290,16977920,2.9998245239257812,,,0.00015610206171650566,500.10599860799994
8300,16998400,2.522162914276123,2.761073040962219,15.816805926298025,0.00015582571886353305,501.00621129299907
8310,17018880,3.1020548343658447,,,0.00015554941462511882,501.5986860029989
8320,17039360,2.763493061065674,,,0.00015527315016422783,502.24315003000083
8330,17059840,2.5860867500305176,,,0.00015499692664365744,502.85608591500204
8340,17080320,2.860393762588501,,,0.0001547207452260327,503.47742610899877
8350,17100800,2.9875376224517822,,,0.00015444460707380152,503.984213816002
8360,17121280,2.859055519104004,,,0.00015416851334922963,504.49226433199874
8370,17141760,2.817260980606079,,,0.00015389246521439574,505.04963583399876
8380,17162240,2.8491997718811035,,,0.0001536164638311868,505.5611173290017
8390,17182720,2.663482666015625,,,0.0001533405103612929,506.1008622980007
8400,17203200,2.7699837684631348,2.753028953075409,15.69008451175264,0.0001530646059662024,506.99097372599863
8410,17223680,3.001082420349121,,,0.00015278875180719725,507.7024235940007
8420,17244160,2.7556655406951904,,,0.00015251294904534786,508.16416823799955
8430,17264640,2.845412254333496,,,0.00015223719884150825,508.8245094269987
8440,17285120,2.585585832595825,,,0.00015196150235631143,509.44263485099873
8450,17305600,2.614680290222168,,,0.00015168586075016413,510.0402818690018
8460,17326080,2.5901718139648438,,,0.00015141027518324207,510.54109086300014
8470,17346560,2.905210256576538,,,0.00015113474681548527,511.0516849859996
8480,17367040,3.1377031803131104,,,0.00015085927680659285,511.51723823200155
8490,17387520,2.5254411697387695,,,0.0001505838663160184,512.0240759820008
8500,17408000,2.7894287109375,2.7488972306251527,15.625391176813528,0.00015030851650296487,512.9461701399996
8510,17428480,2.876616954803467,,,0.00015003322852637997,513.6061424670006
8520,17448960,2.6452715396881104,,,0.00014975800354495098,514.0846560470018
8530,17469440,2.9192137718200684,,,0.00014948284271710022,514.5693398809999
8540,17489920,2.8319358825683594,,,0.00014920774720097985,515.094760715001
8550,17510400,2.8129754066467285,,,0.00014893271815446716,515.5961859320014
8560,17530880,2.603646755218506,,,0.00014865775673515965,516.1644737130009
8570,17551360,2.5765857696533203,,,0.0001483828641003703,516.9004009169985
8580,17571840,2.7131080627441406,,,0.0001481080414071224,517.4153783959991
8590,17592320,2.601642370223999,,,0.00014783328981214492,518.0077331770008
8600,17612800,2.698168992996216,2.747161793708801,15.598297812345145,0.0001475586104718677,518.9427120719993
8610,17633280,2.681338310241699,,,0.00014728400454241624,519.5102525750008
8620,17653760,2.8291168212890625,,,0.00014700947317960723,520.0071599740004
8630,17674240,2.4966468811035156,,,0.0001467350175389434,520.473465731
8640,17694720,2.5489721298217773,,,0.00014646063877560894,521.0092924419987
8650,17715200,2.835639476776123,,,0.00014618633804446417,521.7008545259996
8660,17735680,2.7015204429626465,,,0.00014591211650004127,522.264566414
8670,17756160,2.8747479915618896,,,0.00014563797529653893,522.8543523020016
8680,17776640,2.5538065433502197,,,0.00014536391558781772,523.4044357130006
8690,17797120,2.8758766651153564,,,0.0001450899385273953,523.9348775409999
8700,17817600,2.5352749824523926,2.7363809943199158,15.43103890516226,0.00014481604526844137,524.9440100829997
8710,17838080,2.8971974849700928,,,0.0001445422369637729,525.4589077820019
8720,17858560,2.543149471282959,,,0.0001442685147658493,526.006622836001
8730,17879040,2.8921959400177,,,0.0001439948798267676,526.5383664040019
8740,17899520,2.9162564277648926,,,0.0001437213332982575,527.0476085340015
8750,17920000,3.016216993331909,,,0.00014344787633167668,527.5010423929998
8760,17940480,2.7296242713928223,,,0.00014317451007800575,528.1001124360009
8770,17960960,2.806668758392334,,,0.00014290123568784353,528.7425345510019
8780,17981440,2.781182289123535,,,0.0001426280543114022,529.3340759950006
8790,18001920,2.7640762329101562,,,0.00014235496709850244,529.8987624539986
8800,18022400,2.584125518798828,2.7330116868019103,15.37913447985625,0.0001420819751985686,530.7268398810011
8810,18042880,3.051159381866455,,,0.00014180907976062387,531.2528293959986
8820,18063360,2.7146358489990234,,,0.00014153628193328541,531.7467647960002
8830,18083840,2.7919235229492188,,,0.00014126358286475958,532.2195553199999
8840,18104320,2.7736382484436035,,,0.00014099098370283695,533.0347673069991
8850,18124800,2.773329734802246,,,0.00014071848559488772,533.5488494019992
8860,18145280,2.549346923828125,,,0.0001404460896878567,534.0379878599997
8870,18165760,2.861671209335327,,,0.0001401737971282585,534.5974549279999
8880,18186240,3.005427360534668,,,0.00013990160906217282,535.178313528002
8890,18206720,2.916337013244629,,,0.0001396295266352395,535.76809134
8900,18227200,2.850100040435791,2.7286909341812136,15.31282839350168,0.00013935755099265366,536.6329846840017
8910,18247680,2.9322142601013184,,,0.00013908568327916114,537.2149915240007
8920,18268160,2.680832862854004,,,0.0001388139246390534,537.7941588489994
8930,18288640,2.5909783840179443,,,0.00013854227621616278,538.3592721109999
8940,18309120,3.035917043685913,,,0.0001382707391538578,538.958352591002
8950,18329600,2.8021645545959473,,,0.0001379993145950382,539.4943275850019
8960,18350080,2.8875479698181152,,,0.00013772800368213022,540.034128735002
8970,18370560,3.0225234031677246,,,0.00013745680755708177,540.5756627209994
8980,18391040,2.727292537689209,,,0.00013718572736135765,541.3106840250002
8990,18411520,2.8453283309936523,,,0.00013691476423593462,541.8051547520008
9000,18432000,2.8399276733398438,2.724245047569275,15.244900406707787,0.00013664391932129675,542.7916497650003
9010,18452480,2.7874724864959717,,,0.00013637319375743058,543.7528969230007
9020,18472960,2.817227840423584,,,0.00013610258868382026,544.4708546090005
9030,18493440,2.8168716430664062,,,0.00013583210523944277,545.0600260290012
9040,18513920,2.8316125869750977,,,0.00013556174456276328,545.6373031750009
9050,18534400,2.753192663192749,,,0.00013529150779173008,546.2196905380006
9060,18554880,2.5764288902282715,,,0.00013502139606376998,546.8294011469989
9070,18575360,2.697953224182129,,,0.00013475141051578365,547.3643035349996
9080,18595840,2.6478970050811768,,,0.00013448155228414042,547.8861175800012
9090,18616320,2.666530132293701,,,0.00013421182250467382,548.4167153470007
9100,18636800,2.7032041549682617,2.7208542585372926,15.193295705386209,0.00013394222231267688,549.1896145809988
9110,18657280,2.4272336959838867,,,0.000133672752842897,549.7130591700006
9120,18677760,2.805224895477295,,,0.00013340341522953143,550.2617061220008
9130,18698240,2.861721992492676,,,0.00013313421060622246,550.7682114740019
9140,18718720,2.4363927841186523,,,0.00013286514010605268,551.2940265319994
9150,18739200,2.67270827293396,,,0.00013259620486154,551.7663931470015
9160,18759680,2.7838103771209717,,,0.0001323274060046332,552.2603351739999
9170,18780160,2.789267063140869,,,0.00013205874466670688,552.7279637510001
9180,18800640,3.007223129272461,,,0.0001317902219785569,553.2155801820008
9190,18821120,2.973330020904541,,,0.00013152183907039558,553.7952250160015
9200,18841600,2.7408359050750732,2.7138388395309447,15.087081374564116,0.0001312535970718468,554.7027671799988
9210,18862080,2.633744239807129,,,0.00013098549711194137,555.4032645100015
9220,18882560,3.2138428688049316,,,0.00013071754031911226,555.9898792029999
9230,18903040,2.8426098823547363,,,0.00013044972782119,556.5665828570018
9240,18923520,2.805079936981201,,,0.00013018206074539757,557.0514844130012
9250,18944000,2.971022844314575,,,0.00012991454021834593,557.581563871001
9260,18964480,2.7447376251220703,,,0.00012964716736602933,558.0674844450004
9270,18984960,2.7445342540740967,,,0.0001293799433138203,558.5499806039988
9280,19005440,2.8811120986938477,,,0.00012911286918646515,559.2294557739988
9290,19025920,2.839484214782715,,,0.0001288459461080792,559.7448495079989
9300,19046400,2.73350191116333,2.710409927368164,15.03543768916828,0.00012857917520214191,560.5739637930019
9310,19066880,2.8239235877990723,,,0.00012831255759149227,561.1242074760012
9320,19087360,2.964587688446045,,,0.0001280460943983241,561.6588263260019
9330,19107840,2.5528931617736816,,,0.00012777978674418126,562.1645854769995
9340,19128320,2.647902011871338,,,0.00012751363574995287,562.7621357249991
9350,19148800,2.611876964569092,,,0.0001272476425358688,563.3787305959995
9360,19169280,2.834871292114258,,,0.0001269818082214947,563.9004319060004
9370,19189760,2.6684091091156006,,,0.00012671613392572744,564.3553880340005
9380,19210240,2.821150302886963,,,0.00012645062076679047,564.8101149319991
9390,19230720,2.803060531616211,,,0.00012618526986222888,565.3149843889987
9400,19251200,2.7420897483825684,2.7042484045028687,14.943081316196055,0.0001259200823289049,566.2000086680018
9410,19271680,2.729177474975586,,,0.00012565505928299316,566.9230875989997
9420,19292160,2.9551734924316406,,,0.0001253902018399759,567.5774033029993
9430,19312640,2.5976085662841797,,,0.00012512551111463837,568.1596653740016
9440,19333120,3.0362043380737305,,,0.00012486098822106403,568.6943911400012
9450,19353600,2.6297802925109863,,,0.00012459663427263006,569.342594916001
9460,19374080,2.564842700958252,,,0.0001243324503820025,570.1471986370016
9470,19394560,2.7745962142944336,,,0.00012406843766113158,570.7892533390004
9480,19415040,2.715991497039795,,,0.00012380459722124716,571.3221962349999
9490,19435520,2.7294838428497314,,,0.0001235409301728538,571.8491105280009
9500,19456000,2.730224609375,2.7040109157562258,14.939532923911583,0.00012327743762572643,572.8865856379998
9510,19476480,2.695056200027466,,,0.00012301412068890547,574.2005253370007
9520,19496960,2.966665506362915,,,0.00012275098047069216,574.7363382459989
9530,19517440,2.8284029960632324,,,0.0001224880180786439,575.2225045580017
9540,19537920,2.7106332778930664,,,0.0001222252346195697,575.7748647439985
9550,19558400,2.909891366958618,,,0.0001219626311995254,576.2438338259999
9560,19578880,2.7431726455688477,,,0.00012170020892380899,576.7062242350003
9570,19599360,2.7003159523010254,,,0.00012143796889695618,577.2354967630017
9580,19619840,2.7622737884521484,,,0.00012117591222273544,577.750005312002
9590,19640320,2.8641610145568848,,,0.00012091404000414358,578.4017589089999
9600,19660800,2.584791898727417,2.698686122894287,14.860194423637333,0.00012065235334340106,579.2867371749999
9610,19681280,2.960963726043701,,,0.00012039085334194725,579.8758861470014
9620,19701760,2.705533742904663,,,0.00012012954110043593,580.5694963179994
9630,19722240,2.7392735481262207,,,0.00011986841771873062,581.1214510190002
9640,19742720,2.6430420875549316,,,0.00011960748429589987,581.6795374239991
9650,19763200,2.502845287322998,,,0.00011934674193021269,582.2106266330011
9660,19783680,2.6482272148132324,,,0.00011908619171913397,582.7066732970015
9670,19804160,2.581230401992798,,,0.00011882583475931982,583.3027778229989
9680,19824640,3.2614269256591797,,,0.00011856567214661296,583.8317302389987
9690,19845120,2.6703479290008545,,,0.00011830570497603801,584.402127035999
9700,19865600,2.791285991668701,2.6938982367515565,14.789215559630193,0.00011804593434179711,585.4631695700009
9710,19886080,2.6473546028137207,,,0.00011778636133726515,585.9716908150003
9720,19906560,3.085211992263794,,,0.00011752698705498503,586.5560382410004
9730,19927040,2.6382954120635986,,,0.0001172678125866635,587.0762413740013
9740,19947520,2.7925426959991455,,,0.0001170088390231661,587.6245433309996
9750,19968000,2.65683913230896,,,0.0001167500674545128,588.2112579419991
9760,19988480,2.622931718826294,,,0.00011649149896987344,588.7311923230009
9770,20008960,2.8070802688598633,,,0.00011623313465756298,589.2530341599995
9780,20029440,2.829223155975342,,,0.00011597497560503708,589.8702309190012
9790,20049920,2.471841812133789,,,0.00011571702289888743,590.4477843249988
9800,20070400,2.7642533779144287,2.6897960901260376,14.728672292507483,0.00011545927762483728,591.3054869740008
9810,20090880,2.855224609375,,,0.00011520174086773669,591.8591232379986
9820,20111360,2.7132315635681152,,,0.00011494441371155814,592.4029798060001
9830,20131840,2.6915781497955322,,,0.0001146872972393919,592.9261197179985
9840,20152320,2.6483895778656006,,,0.00011443039253344142,593.4441791390018
9850,20172800,2.7698373794555664,,,0.00011417370067501892,593.9617490950004
9860,20193280,2.7394843101501465,,,0.00011391722274454065,594.7176158340008
9870,20213760,3.136906147003174,,,0.00011366095982152247,595.5311883860013
9880,20234240,2.758739709854126,,,0.00011340491298457531,596.1110261659996
9890,20254720,2.707874298095703,,,0.00011314908331140053,597.0116228740008
9900,20275200,2.682912826538086,2.684706175327301,14.653895071720621,0.00011289347187878548,597.9983180759991
9910,20295680,2.611963987350464,,,0.0001126380797625989,598.5905912019989
9920,20316160,2.8688488006591797,,,0.00011238290803778655,599.1125874540012
9930,20336640,2.6953821182250977,,,0.00011212795777836639,599.6532145659985
9940,20357120,2.6242566108703613,,,0.00011187323005742433,600.365069620002
9950,20377600,2.830230236053467,,,0.00011161872594710964,600.9640621569997
9960,20398080,2.952265739440918,,,0.00011136444651863035,601.4522954679996
9970,20418560,2.749117136001587,,,0.0001111103928422488,602.1687533740005
9980,20439040,2.6602530479431152,,,0.00011085656598727721,602.6523893939993
9990,20459520,2.9145541191101074,,,0.00011060296702207305,603.3276897760006
10000,20480000,2.769120454788208,2.6826131463050844,14.623256119340448,0.00011034959701403459,604.3284244339993
10010,20500480,2.7590231895446777,,,0.00011009645702959648,605.3435631850007
10020,20520960,2.9114065170288086,,,0.00010984354813422514,605.8937395110006
10030,20541440,2.636387586593628,,,0.00010959087139241439,606.4863538509999
10040,20561920,2.6009678840637207,,,0.00010933842786768085,607.0320455500005
10050,20582400,2.7844929695129395,,,0.00010908621862255956,607.6383128720008
10060,20602880,3.0076546669006348,,,0.00010883424471859952,608.2418393510015
10070,20623360,3.0013766288757324,,,0.00010858250721635919,608.8023919250008
10080,20643840,2.706930637359619,,,0.00010833100717540181,609.2629262740011
10090,20664320,2.4252519607543945,,,0.00010807974565429145,609.7636435550012
10100,20684800,2.8884294033050537,2.6806914448738097,14.595181571215466,0.00010782872371058805,610.6252169590007
10110,20705280,2.812084436416626,,,0.0001075779424008432,611.1396748119987
10120,20725760,2.6738338470458984,,,0.00010732740278059571,611.6057862170019
10130,20746240,2.8732333183288574,,,0.00010707710590436708,612.274609221
10140,20766720,2.7566299438476562,,,0.00010682705282565707,612.9580934619989
10150,20787200,2.6025915145874023,,,0.0001065772445969394,613.4287458440012
10160,20807680,2.5428662300109863,,,0.00010632768226965715,613.9561972640004
10170,20828160,2.7081336975097656,,,0.0001060783668942183,614.5277157640012
10180,20848640,2.748624324798584,,,0.00010582929951999169,615.1793712959989
10190,20869120,2.7037248611450195,,,0.000105580481195302,615.7531109590018
10200,20889600,2.670649766921997,2.676066315174103,14.527832831844501,0.00010533191296742589,616.639260674001
10210,20910080,2.7473692893981934,,,0.00010508359588258722,617.2166697510002
10220,20930560,2.777092218399048,,,0.00010483553098595285,617.927527582
10230,20951040,2.7352588176727295,,,0.00010458771932162823,618.4139137870006
10240,20971520,2.6863231658935547,,,0.00010434016193265279,619.0504475119997
10250,20992000,2.6671907901763916,,,0.00010409285986099594,619.6121490459991
10260,21012480,2.5781002044677734,,,0.00010384581414755226,620.3410266130013
10270,21032960,2.7890939712524414,,,0.00010359902583213749,620.9126283600017
10280,21053440,2.6931066513061523,,,0.00010335249595348387,621.3872588150007
10290,21073920,2.8556761741638184,,,0.00010310622554923588,621.8782550010001
10300,21094400,2.887911796569824,2.671178925037384,14.457002872766347,0.00010286021565594589,622.7047092130015
10310,21114880,2.631974220275879,,,0.00010261446730906978,623.2341359310012
10320,21135360,2.699296712875366,,,0.00010236898154296262,623.7113484490001
10330,21155840,2.445215940475464,,,0.00010212375939087416,624.2659941419988
10340,21176320,2.832925796508789,,,0.0001018788018849448,624.8471148800018
10350,21196800,2.5290145874023438,,,0.00010163411005620086,625.4231156419992
10360,21217280,2.371833324432373,,,0.00010138968493455051,625.9976353620004
10370,21237760,2.6861467361450195,,,0.00010114552754877926,626.5500513580009
10380,21258240,2.7797763347625732,,,0.00010090163892654591,627.0312961570016
10390,21278720,2.5158803462982178,,,0.00010065802009437783,627.5529697700003
10400,21299200,2.859041452407837,2.667123591899872,14.398493627373725,0.00010041467207766695,628.5603226349995
10410,21319680,2.6704864501953125,,,0.00010017159590066532,629.0993802250014
10420,21340160,2.743229389190674,,,9.992879258648074e-05,629.6213436879989
10430,21360640,2.8748369216918945,,,9.96862631570727e-05,630.2613907890009
10440,21381120,2.8909239768981934,,,9.944400863324778e-05,630.8531743739986
10450,21401600,2.861264228820801,,,9.92020300346555e-05,631.3368304329997
10460,21422080,2.8048110008239746,,,9.8960328379784e-05,631.8464375969997
10470,21442560,2.476421594619751,,,9.871890468595583e-05,632.3365318239994
10480,21463040,2.6024904251098633,,,9.847775996932346e-05,632.8370739400016
10490,21483520,2.6939423084259033,,,9.823689524486538e-05,633.3105981640001
10500,21504000,2.7789950370788574,2.665705609321594,14.378091282759813,9.799631152638138e-05,634.2178846679999
10510,21524480,2.425558567047119,,,9.775600982648857e-05,635.0571676850013
10520,21544960,2.6356940269470215,,,9.751599115661699e-05,635.584613220999
10530,21565440,2.829118251800537,,,9.727625652700558e-05,636.1662075730019
10540,21585920,2.77392578125,,,9.703680694669757e-05,636.7062214709986
10550,21606400,2.7533485889434814,,,9.679764342353648e-05,637.3422624570012
10560,21626880,3.147324323654175,,,9.655876696416182e-05,637.9611087449994
10570,21647360,2.569671392440796,,,9.632017857400485e-05,638.4564744550007
10580,21667840,2.913179636001587,,,9.608187925728428e-05,638.961928757999
10590,21688320,2.6200828552246094,,,9.584387001700227e-05,639.4291831080009
10600,21708800,2.630934000015259,2.6616448760032654,14.319824072302051,9.560615185493991e-05,640.3901466790012
10610,21729280,2.6119983196258545,,,9.536872577165312e-05,640.8750667989989
10620,21749760,2.856349468231201,,,9.513159276646861e-05,641.3980361649992
10630,21770240,2.4921443462371826,,,9.489475383747941e-05,642.1656990709998
10640,21790720,2.6471047401428223,,,9.465820998154078e-05,642.6757806979986
10650,21811200,2.7492995262145996,,,9.442196219426607e-05,643.2037849670014
10660,21831680,2.5450563430786133,,,9.418601147002244e-05,643.8585255530015
10670,21852160,2.781960964202881,,,9.395035880192665e-05,644.4053017410006
10680,21872640,2.6414742469787598,,,9.371500518184114e-05,644.9423927589996
10690,21893120,2.638690948486328,,,9.347995160036948e-05,645.6710392009991
10700,21913600,2.6595003604888916,2.6608810424804688,14.308890286962566,9.324519904685237e-05,646.666555148
10710,21934080,2.48256516456604,,,9.301074850936363e-05,647.2325436079991
10720,21954560,2.9455714225769043,,,9.277660097470579e-05,647.7449380280013
10730,21975040,2.5512752532958984,,,9.254275742840602e-05,648.273021904999
10740,21995520,2.748194694519043,,,9.230921885471204e-05,648.7686389609989
10750,22016000,2.6505589485168457,,,9.20759862365879e-05,649.3811442779988
10760,22036480,2.8202743530273438,,,9.184306055571002e-05,649.8656958610009
10770,22056960,2.8395907878875732,,,9.161044279246277e-05,650.384219511001
10780,22077440,2.837515354156494,,,9.137813392593454e-05,651.0100971540014
10790,22097920,2.7536964416503906,,,9.114613493391361e-05,651.5245705779998
10800,22118400,2.9033102989196777,2.65524240732193,14.228434718078828,9.091444679288388e-05,652.498437344002
10810,22138880,2.6344923973083496,,,9.068307047802107e-05,653.0792807860016
10820,22159360,2.6821787357330322,,,9.045200696318827e-05,653.6938527339989
10830,22179840,2.9020090103149414,,,9.022125722093207e-05,654.2616629000004
10840,22200320,2.7734010219573975,,,8.999082222247832e-05,654.9575002339989
10850,22220800,2.5200064182281494,,,8.97607029377282e-05,655.4880194559992
10860,22241280,2.8210442066192627,,,8.953090033525395e-05,655.938490372002
10870,22261760,2.8644328117370605,,,8.9301415382295e-05,656.3955829289989
10880,22282240,2.7031540870666504,,,8.907224904475376e-05,657.0038945349988
10890,22302720,2.5847058296203613,,,8.884340228719154e-05,657.6801011839998
10900,22323200,2.61966872215271,2.6585229635238647,14.275188545185213,8.861487607282458e-05,658.5602409849998
10910,22343680,2.3598999977111816,,,8.838667136351994e-05,659.1358975030016
10920,22364160,2.812631845474243,,,8.815878911979146e-05,659.6643091570004
10930,22384640,2.6591386795043945,,,8.793123030079568e-05,660.2445042090003
10940,22405120,2.4967141151428223,,,8.770399586432802e-05,660.913688470002
10950,22425600,2.7490806579589844,,,8.747708676681837e-05,661.5127321910004
10960,22446080,2.7415919303894043,,,8.725050396332733e-05,662.0082721100007
10970,22466560,2.7912659645080566,,,8.702424840754216e-05,662.528638279
10980,22487040,2.691875696182251,,,8.679832105177271e-05,663.1094184909998
10990,22507520,2.888171911239624,,,8.657272284694751e-05,663.6623823490008
11000,22528000,2.532356023788452,2.650797665119171,14.165333332388679,8.634745474260958e-05,664.5537784020016
11010,22548480,2.885603904724121,,,8.612251768691258e-05,665.5875745800004
11020,22568960,2.657925844192505,,,8.589791262661685e-05,666.2172793509999
11030,22589440,2.6647567749023438,,,8.567364050708524e-05,666.8623213079991
11040,22609920,2.7445526123046875,,,8.544970227227939e-05,667.3955210819986
11050,22630400,2.711341142654419,,,8.522609886475545e-05,668.0044044589995
11060,22650880,2.443296432495117,,,8.500283122566051e-05,668.5083806149996
11070,22671360,2.629920482635498,,,8.477990029472824e-05,669.4389660699999
11080,22691840,3.1007235050201416,,,8.455730701027514e-05,670.1736940970004
11090,22712320,2.8125314712524414,,,8.433505230919655e-05,670.6674369780012
11100,22732800,2.62802791595459,2.6481451988220215,14.127810049757722,8.411313712696274e-05,671.4600771090008
11110,22753280,2.8253097534179688,,,8.389156239761489e-05,671.9633222010016
11120,22773760,2.687455654144287,,,8.367032905376136e-05,672.6021879180007
11130,22794240,2.4448342323303223,,,8.344943802657343e-05,673.1419695309996
11140,22814720,3.2106881141662598,,,8.32288902457817e-05,673.699996547999
11150,22835200,3.2000811100006104,,,8.300868663967195e-05,674.2423943460017
11160,22855680,2.7157301902770996,,,8.27888281350814e-05,674.8364612139994
11170,22876160,2.6097211837768555,,,8.256931565739472e-05,675.4024292419999
11180,22896640,2.914461135864258,,,8.235015013054009e-05,675.8940670420016
11190,22917120,2.6012051105499268,,,8.213133247698548e-05,676.3909291169984
11200,22937600,2.6675078868865967,2.644841706752777,14.081215945303507,8.191286361773466e-05,677.1981296039994
11210,22958080,2.8726627826690674,,,8.169474447232322e-05,677.6905419959985
11220,22978560,2.8650879859924316,,,8.147697595881485e-05,678.3645521789986
11230,22999040,2.5571722984313965,,,8.125955899379747e-05,678.9600783569986
11240,23019520,2.7022762298583984,,,8.104249449237923e-05,679.4928771699997
11250,23040000,2.743713617324829,,,8.082578336818495e-05,680.2186376149984
11260,23060480,2.5554561614990234,,,8.060942653335189e-05,680.7853103769994
11270,23080960,2.577296495437622,,,8.039342489852618e-05,681.335128302002
11280,23101440,2.8952255249023438,,,8.017777937285895e-05,681.8267511859995
11290,23121920,2.7899270057678223,,,7.99624908640024e-05,682.5151471680001
11300,23142400,2.634169101715088,2.643132758140564,14.057172421280617,7.974756027810604e-05,683.4166600450008
11310,23162880,2.6776974201202393,,,7.953298851981303e-05,683.9652330110002
11320,23183360,2.888737201690674,,,7.931877649225602e-05,684.462574985002
11330,23203840,2.8833489418029785,,,7.91049250970537e-05,684.9690209940018
11340,23224320,2.480211019515991,,,7.889143523430678e-05,685.5252584250011
11350,23244800,2.6500253677368164,,,7.867830780259429e-05,686.1465846880019
11360,23265280,2.677035331726074,,,7.846554369896979e-05,686.6557654979988
11370,23285760,2.676790237426758,,,7.825314381895765e-05,687.1702626410006
11380,23306240,2.5862865447998047,,,7.804110905654917e-05,687.6807773719993
11390,23326720,2.523017168045044,,,7.782944030419887e-05,688.1554087580007
11400,23347200,2.640964984893799,2.641057324409485,14.028027945649267,7.76181384528207e-05,688.9449379100006
11410,23367680,2.7816271781921387,,,7.740720439178437e-05,689.4977854710014
11420,23388160,2.8431918621063232,,,7.719663900891156e-05,690.0134771630001
11430,23408640,2.608062505722046,,,7.698644319047225e-05,690.6174563730019
11440,23429120,3.0878047943115234,,,7.677661782118077e-05,691.2326508330007
11450,23449600,2.7677135467529297,,,7.656716378419232e-05,691.6897624490011
11460,23470080,2.756404399871826,,,7.635808196109915e-05,692.2286123019985
11470,23490560,2.5966408252716064,,,7.614937323192688e-05,692.6832954509991
11480,23511040,2.9073281288146973,,,7.594103847513074e-05,693.1603642959999
11490,23531520,2.808124542236328,,,7.573307856759186e-05,693.7065287389996
11500,23552000,2.4108998775482178,2.6395417213439942,14.006783126914955,7.552549438461382e-05,694.5334738980018
11510,23572480,2.649249315261841,,,7.53182867999186e-05,695.2988485999995
11520,23592960,2.779499053955078,,,7.511145668564313e-05,695.9539842490012
11530,23613440,2.533207416534424,,,7.490500491233555e-05,696.5823612169988
11540,23633920,2.526858329772949,,,7.469893234895162e-05,697.1365017099997
11550,23654400,2.704885482788086,,,7.449323986285086e-05,697.7070330179995
11560,23674880,3.127208948135376,,,7.428792831979329e-05,698.2675954039987
11570,23695360,2.7180542945861816,,,7.408299858393531e-05,698.8002393930001
11580,23715840,2.874627113342285,,,7.387845151782641e-05,699.3007455760016
11590,23736320,2.3488216400146484,,,7.367428798240539e-05,699.8881557579989
11600,23756800,2.543370246887207,2.636769437789917,13.968006127660566,7.347050883699676e-05,700.8613700419992
11610,23777280,2.5897464752197266,,,7.326711493930716e-05,701.3858836869986
11620,23797760,2.7360105514526367,,,7.306410714542161e-05,702.0071160680018
11630,23818240,2.715360641479492,,,7.286148630980031e-05,702.4808911879991
11640,23838720,2.6669082641601562,,,7.265925328527444e-05,702.9789909690007
11650,23859200,2.6997194290161133,,,7.245740892304302e-05,703.5619587879992
11660,23879680,2.61108660697937,,,7.225595407266917e-05,704.1559721910016
11670,23900160,2.5970311164855957,,,7.20548895820765e-05,704.758806916001
11680,23920640,2.8711514472961426,,,7.185421629754574e-05,705.2334962480018
11690,23941120,2.6763412952423096,,,7.165393506371091e-05,705.774559583002
11700,23961600,2.8611831665039062,2.6351010322570803,13.944721258657887,7.145404672355592e-05,706.6587229260003
11710,23982080,2.550251007080078,,,7.125455211841097e-05,707.1712776019995
11720,24002560,2.772749185562134,,,7.105545208794908e-05,707.7172092250003
11730,24023040,2.7180466651916504,,,7.085674747018248e-05,708.2658925540018
11740,24043520,2.667865753173828,,,7.065843910145904e-05,708.768762603002
11750,24064000,2.9658234119415283,,,7.046052781645896e-05,709.4330560400012
11760,24084480,2.641406297683716,,,7.0263014448191e-05,709.989911749999
11770,24104960,2.667623281478882,,,7.006589982798914e-05,710.5459020609997
11780,24125440,2.790004253387451,,,6.986918478550897e-05,711.0414167800009
11790,24145920,2.8141446113586426,,,6.967287014872436e-05,711.6095186540006
11800,24166400,2.8552005290985107,2.631819212436676,13.899032208663348,6.947695674392372e-05,712.5026194310012
11810,24186880,2.5288333892822266,,,6.928144539570686e-05,712.963411888999
11820,24207360,2.831317901611328,,,6.90863369269812e-05,713.4746787289987
11830,24227840,2.738917827606201,,,6.88916321589585e-05,714.0133483550017
11840,24248320,2.917236804962158,,,6.869733191115123e-05,714.5072451609994
11850,24268800,2.7304539680480957,,,6.850343700136945e-05,715.0739415669996
11860,24289280,2.5577309131622314,,,6.830994824571693e-05,715.6501094160012
11870,24309760,2.6490278244018555,,,6.811686645858812e-05,716.2271992339993
11880,24330240,2.751938819885254,,,6.792419245266441e-05,716.7605951699989
11890,24350720,2.6753039360046387,,,6.773192703891089e-05,717.3527521770011
11900,24371200,2.677340269088745,2.6278164744377137,13.84350922041239,6.754007102657285e-05,718.2388210850004
11910,24391680,2.5161795616149902,,,6.734862522317248e-05,718.8888329619986
11920,24412160,2.994523048400879,,,6.715759043450532e-05,719.377794895001
11930,24432640,2.633236885070801,,,6.696696746463696e-05,719.8968528309997
11940,24453120,3.0503323078155518,,,6.677675711589974e-05,720.4093962080005
11950,24473600,2.25933575630188,,,6.658696018888918e-05,720.9872902850002
11960,24494080,2.712780714035034,,,6.639757748246073e-05,721.6848810679985
11970,24514560,2.7462494373321533,,,6.620860979372636e-05,722.1884082270008
11980,24535040,2.4262070655822754,,,6.602005791805132e-05,722.7500213310013
11990,24555520,2.934509754180908,,,6.583192264905055e-05,723.2855504649997
12000,24576000,2.8608036041259766,2.6274530410766603,13.838478941468601,6.564420477858569e-05,724.1548229090004
12010,24596480,2.681701183319092,,,6.545690509676138e-05,724.9768026089987
12020,24616960,2.793114185333252,,,6.527002439192217e-05,725.5343255590014
12030,24637440,2.666207790374756,,,6.508356345064916e-05,726.0309593519996
12040,24657920,2.4743149280548096,,,6.489752305775661e-05,726.5693002900007
12050,24678400,2.9308252334594727,,,6.471190399628868e-05,727.1131544790005
12060,24698880,2.6991279125213623,,,6.452670704751625e-05,727.6833198569984
12070,24719360,2.70662260055542,,,6.434193299093347e-05,728.3528426459998
12080,24739840,2.428337574005127,,,6.415758260425449e-05,729.0421107180009
12090,24760320,3.02424955368042,,,6.397365666341029e-05,729.6216844160008
12100,24780800,2.514538526535034,2.624204170703888,13.793592471874012,6.37901559425453e-05,730.6059633379991
12110,24801280,2.847522735595703,,,6.360708121401425e-05,731.210809340002
12120,24821760,2.7689075469970703,,,6.34244332483789e-05,731.9180865050002
12130,24842240,2.560770034790039,,,6.324221281440466e-05,732.5139415119993
12140,24862720,2.439936876296997,,,6.306042067905757e-05,733.2120375769991
12150,24883200,2.7639365196228027,,,6.287905760750087e-05,733.849744340001
12160,24903680,2.5787911415100098,,,6.269812436309192e-05,734.4129650879986
12170,24924160,2.598017692565918,,,6.251762170737891e-05,734.930175993999
12180,24944640,2.7792673110961914,,,6.233755040009769e-05,735.5872800420002
12190,24965120,2.6221089363098145,,,6.21579111991686e-05,736.1118332369988
12200,24985600,2.748504161834717,2.6237475156784056,13.787294996548587,6.197870486069323e-05,736.9682075820019
12210,25006080,2.7226481437683105,,,6.17999321389512e-05,737.5192695059995
12220,25026560,2.4441957473754883,,,6.162159378639708e-05,738.0472886040006
12230,25047040,2.7744312286376953,,,6.144369055365717e-05,738.5935351240005
12240,25067520,2.964262008666992,,,6.126622318952633e-05,739.1476709210001
12250,25088000,2.738166332244873,,,6.108919244096493e-05,739.7097932159995
12260,25108480,2.394134044647217,,,6.0912599053095556e-05,740.2298948870011
12270,25128960,2.640676259994507,,,6.073644376919992e-05,740.7860375230011
12280,25149440,2.590561866760254,,,6.056072733071576e-05,741.3127215079985
12290,25169920,2.528099298477173,,,6.038545047723382e-05,741.900924034002
12300,25190400,2.6164612770080566,2.6226640343666077,13.772364809829313,6.021061394649447e-05,742.763103835001
12310,25210880,2.7352278232574463,,,6.003621847438491e-05,743.2848351770008
12320,25231360,2.64483380317688,,,5.986226479493585e-05,743.951992418999
12330,25251840,2.689007520675659,,,5.968875364031846e-05,744.4495364590002
12340,25272320,2.7164525985717773,,,5.951568574084137e-05,745.0074629230003
12350,25292800,2.5650317668914795,,,5.934306182494755e-05,745.5972408380003
12360,25313280,2.575303792953491,,,5.91708826192112e-05,746.219463417001
12370,25333760,3.046821355819702,,,5.899914884833483e-05,746.7694179270002
12380,25354240,2.6264090538024902,,,5.8827861235146036e-05,747.2781295519999
12390,25374720,2.759686231613159,,,5.865702050059451e-05,747.8043639110001
12400,25395200,2.550119638442993,2.6192139863967894,13.724931361463033,5.848662736374911e-05,748.7118202099991
12410,25415680,2.626375436782837,,,5.8316682541794705e-05,749.3477172710009
12420,25436160,2.8242850303649902,,,5.8147186750029216e-05,749.9505582839993
12430,25456640,2.697852611541748,,,5.797814070186057e-05,750.4361194900011
12440,25477120,2.8951163291931152,,,5.780954510880383e-05,750.9410545880019
12450,25497600,2.533083438873291,,,5.7641400680477945e-05,751.4573724619986
12460,25518080,2.674915313720703,,,5.747370812460302e-05,751.9569244150007
12470,25538560,2.764315605163574,,,5.730646814699717e-05,752.5958151740015
12480,25559040,2.5562827587127686,,,5.713968145157363e-05,753.0808853080016
12490,25579520,2.7115914821624756,,,5.697334874033772e-05,753.7073861509998
12500,25600000,2.6411452293395996,2.6168747425079344,13.692862922224405,5.680747071338404e-05,754.5756320940018
12510,25620480,2.808076858520508,,,5.6642048068893407e-05,755.4142028899987
12520,25640960,2.6313588619232178,,,5.6477081503129835e-05,755.9873272080004
12530,25661440,2.83575701713562,,,5.631257171043779e-05,756.5932233550011
12540,25681920,2.703564167022705,,,5.614851938323914e-05,757.5830342949994
12550,25702400,2.5589277744293213,,,5.5984925212030244e-05,758.1754490290004
12560,25722880,2.705087900161743,,,5.582178988537924e-05,758.7163876300001
12570,25743360,3.0211448669433594,,,5.56591140899228e-05,759.2472364130008
12580,25763840,2.561927318572998,,,5.549689851036352e-05,759.828408354002
12590,25784320,2.943824291229248,,,5.533514382946696e-05,760.3814931950001
12600,25804800,2.4588680267333984,2.615625870227814,13.675772959097202,5.517385072805871e-05,761.2034253919992
12610,25825280,2.5654420852661133,,,5.5013019885021604e-05,761.840957493001
12620,25845760,2.643317699432373,,,5.4852651977292774e-05,762.4023482949997
12630,25866240,2.7732512950897217,,,5.469274767986099e-05,763.085104097001
12640,25886720,2.7246692180633545,,,5.453330766576353e-05,763.6390860259999
12650,25907200,2.475963830947876,,,5.437433260608362e-05,764.1218883680012
12660,25927680,2.5672836303710938,,,5.4215823169947396e-05,764.659392952999
12670,25948160,2.764347791671753,,,5.405778002452125e-05,765.1226879400019
12680,25968640,2.7238292694091797,,,5.3900203835008926e-05,765.6302950729987
12690,25989120,2.605715751647949,,,5.3743095264648794e-05,766.1746301400017
12700,26009600,2.826427459716797,2.614591646194458,13.661636457443118,5.358645497471097e-05,767.0632369560008
12710,26030080,2.7139086723327637,,,5.343028362449456e-05,767.5819512039998
12720,26050560,2.5201308727264404,,,5.327458187132497e-05,768.1865273660005
12730,26071040,2.6017565727233887,,,5.311935037055104e-05,768.8371661210003
12740,26091520,2.6671738624572754,,,5.296458977554225e-05,769.4695208599987
12750,26112000,2.977306365966797,,,5.281030073768617e-05,769.986533362
12760,26132480,2.6829893589019775,,,5.265648390638548e-05,770.4994289970018
12770,26152960,2.657435894012451,,,5.250313992905537e-05,770.9955632480014
12780,26173440,2.829990863800049,,,5.235026945112081e-05,771.5649649170009
12790,26193920,2.5618321895599365,,,5.2197873116013776e-05,772.1638990309984
12800,26214400,2.4102885723114014,2.6118932366371155,13.624821460366167,5.204595156517057e-05,773.0628916019996
12810,26234880,2.7879161834716797,,,5.189450543802921e-05,773.736114968
12820,26255360,2.5317649841308594,,,5.174353537202657e-05,774.2947070000009
12830,26275840,2.622833251953125,,,5.15930420025958e-05,774.876024565001
12840,26296320,2.674278497695923,,,5.1443025963163655e-05,775.5424090519991
12850,26316800,2.9108197689056396,,,5.129348788514775e-05,776.0899222190019
12860,26337280,2.7446935176849365,,,5.114442839795407e-05,776.6653004079999
12870,26357760,2.812560558319092,,,5.099584812897407e-05,777.2033816959993
12880,26378240,2.5554633140563965,,,5.0847747703582307e-05,777.7467164469999
12890,26398720,2.6103720664978027,,,5.0700127745133616e-05,778.3176330780007
12900,26419200,3.047908306121826,2.6119048237800597,13.624979334034668,5.055298887496052e-05,779.1786833510014
12910,26439680,2.7173843383789062,,,5.0406331712370704e-05,779.7133801909986
12920,26460160,2.6879043579101562,,,5.026015687464428e-05,780.3021211990017
12930,26480640,2.7805914878845215,,,5.011446497703123e-05,780.8573912169995
12940,26501120,2.417116641998291,,,4.996925663274901e-05,781.3396899889995
12950,26521600,2.735762119293213,,,4.9824532452979645e-05,781.8905829190007
12960,26542080,2.481649875640869,,,4.968029304686735e-05,782.4494086599989
12970,26562560,2.6821398735046387,,,4.9536539021515907e-05,782.9333536500017
12980,26583040,2.5605063438415527,,,4.939327098198617e-05,783.4939553360018
12990,26603520,2.614790439605713,,,4.925048953129341e-05,784.1380746159994
13000,26624000,2.607405424118042,2.6093007802963255,13.58954545109307,4.910819527040499e-05,785.0371024769993
13010,26644480,2.7798030376434326,,,4.896638879823752e-05,785.8576513959997
13020,26664960,2.8672947883605957,,,4.882507071165461e-05,786.3731087589986
13030,26685440,2.729762077331543,,,4.868424160546423e-05,786.8607122479989
13040,26705920,2.7559094429016113,,,4.8543902072416214e-05,787.4456262899985
13050,26726400,2.501599073410034,,,4.840405270319976e-05,787.9681664300006
13060,26746880,2.6062612533569336,,,4.826469408644109e-05,788.4537544599989
13070,26767360,2.6633801460266113,,,4.81258268087007e-05,789.0012377150015
13080,26787840,2.7408480644226074,,,4.7987451454471123e-05,789.5371418850009
13090,26808320,2.587963581085205,,,4.7849568606174334e-05,790.1025964370019
13100,26828800,2.469229221343994,2.608136165142059,13.573728072888112,4.77121788441594e-05,791.1143529920009
13110,26849280,2.7173023223876953,,,4.7575282746699966e-05,791.6842469600015
13120,26869760,2.6900992393493652,,,4.74388808899918e-05,792.2577014570015
13130,26890240,2.5928778648376465,,,4.730297384815052e-05,792.8807420519988
13140,26910720,2.420902729034424,,,4.716756219320896e-05,793.4134345640014
13150,26931200,2.356384038925171,,,4.703264649511491e-05,793.9837461509997
13160,26951680,2.9563159942626953,,,4.6898227321728685e-05,794.6546320390007
13170,26972160,2.8930444717407227,,,4.676430523882074e-05,795.1943470119986
13180,26992640,2.402005195617676,,,4.663088081006919e-05,795.6858614109988
13190,27013120,2.9567909240722656,,,4.649795459705768e-05,796.3312411379993
13200,27033600,2.8894429206848145,2.606470215320587,13.551133748759165,4.63655271592727e-05,797.164998573
13210,27054080,2.8169219493865967,,,4.623359905410151e-05,797.7558666830009
13220,27074560,2.591866970062256,,,4.61021708368296e-05,798.2335280779989
13230,27095040,2.4787232875823975,,,4.5971243060638495e-05,798.7087937670003
13240,27115520,2.712946891784668,,,4.584081627660329e-05,799.2724493979986
13250,27136000,2.763357639312744,,,4.571089103369051e-05,799.8448857889998
13260,27156480,2.5910074710845947,,,4.5581467878755605e-05,800.3963024770019
13270,27176960,2.461636781692505,,,4.5452547356540746e-05,800.9822929129987
13280,27197440,2.7026467323303223,,,4.532413000967257e-05,801.534745863999
13290,27217920,2.5642852783203125,,,4.519621637865978e-05,801.9997464010012
13300,27238400,2.469956636428833,2.605797231197357,13.542017118912142,4.506880700189101e-05,802.9236858440017
13310,27258880,3.0388131141662598,,,4.494190241563241e-05,803.5099417290003
13320,27279360,2.6391077041625977,,,4.4815503154025555e-05,804.0521728370004
13330,27299840,2.769233226776123,,,4.468960974908505e-05,804.569099823002
13340,27320320,3.3036391735076904,,,4.456422273069636e-05,805.19883166
13350,27340800,2.69254207611084,,,4.4439342626613556e-05,805.8685036489987
13360,27361280,2.551095724105835,,,4.431496996245715e-05,806.4492193490005
13370,27381760,2.4683997631073,,,4.419110526171172e-05,806.9371844490015
13380,27402240,2.583631992340088,,,4.406774904572403e-05,807.4075188940005
13390,27422720,2.4790940284729004,,,4.394490183370048e-05,808.0350787530006
13400,27443200,2.5907816886901855,2.602354097366333,13.495470321041951,4.382256414270509e-05,808.8807702919985
13410,27463680,2.6167516708374023,,,4.3700736487657324e-05,809.4280885910011
13420,27484160,2.6768312454223633,,,4.3579419381329906e-05,809.9628984320007
13430,27504640,2.6536917686462402,,,4.3458613334346645e-05,810.4919028539989
13440,27525120,3.0963311195373535,,,4.3338318855180334e-05,811.0070992330002
13450,27545600,2.5991640090942383,,,4.3218536450150555e-05,811.4972889900018
13460,27566080,3.02634334564209,,,4.309926662342156e-05,812.1106357630015
13470,27586560,2.7154576778411865,,,4.298050987700017e-05,812.6131239599999
13480,27607040,2.566976547241211,,,4.2862266710733635e-05,813.3019857690015
13490,27627520,2.8876266479492188,,,4.2744537622307556e-05,813.8089593069999
13500,27648000,3.0401062965393066,2.6024150490760802,13.496292918100957,4.2627323107243825e-05,814.7870686569986
13510,27668480,2.6799092292785645,,,4.251062365889841e-05,815.6524835890013
13520,27688960,2.750009536743164,,,4.239443976845943e-05,816.1497575870017
13530,27709440,2.6587977409362793,,,4.227877192494499e-05,816.7384427549987
13540,27729920,3.0051679611206055,,,4.2163620615201146e-05,817.3210720579991
13550,27750400,2.587064266204834,,,4.204898632389988e-05,817.8692841750017
13560,27770880,2.6359992027282715,,,4.193486953353701e-05,818.4173563719996
13570,27791360,2.369333267211914,,,4.182127072443028e-05,819.0487819670016
13580,27811840,2.5108728408813477,,,4.170819037471715e-05,819.6250570170014
13590,27832320,2.6893694400787354,,,4.159562896035293e-05,820.2214225150019
13600,27852800,2.706643581390381,2.6001986145973204,13.466412395484664,4.1483586955108726e-05,821.0688453200019
13610,27873280,2.497492790222168,,,4.137206483056946e-05,821.6400305060015
13620,27893760,2.8346316814422607,,,4.126106305613184e-05,822.2180622990018
13630,27914240,2.6426658630371094,,,4.1150582099002474e-05,822.7129863990012
13640,27934720,2.6155996322631836,,,4.104062242419581e-05,823.3900069160009
13650,27955200,2.6668615341186523,,,4.093118449453223e-05,823.9549871359995
13660,27975680,2.6997241973876953,,,4.082226877063606e-05,824.4735646810004
13670,27996160,2.7264084815979004,,,4.0713875710933735e-05,825.1270536740012
13680,28016640,2.678248405456543,,,4.06060057716517e-05,825.653304342999
13690,28037120,2.5164761543273926,,,4.0498659406814685e-05,826.158722911001
13700,28057600,2.6328415870666504,2.5989715695381164,13.44989863432608,4.0391837068243625e-05,827.1489692430005
13710,28078080,2.439286231994629,,,4.0285539205553855e-05,827.7433113180014
13720,28098560,2.5885939598083496,,,4.0179766266153166e-05,828.3512931680016
13730,28119040,2.6957521438598633,,,4.007451869523998e-05,828.8223015229996
13740,28139520,2.723653793334961,,,3.996979693580142e-05,829.337904805001
13750,28160000,2.6410927772521973,,,3.986560142861148e-05,829.8274977879992
13760,28180480,2.555360794067383,,,3.9761932612229164e-05,830.624001021999
13770,28200960,2.46345853805542,,,3.9658790922996624e-05,831.093699418001
13780,28221440,2.9074275493621826,,,3.95561767950373e-05,831.6041821780018
13790,28241920,2.665058135986328,,,3.945409066025419e-05,832.1564315690011
13800,28262400,2.378765821456909,2.597742521762848,13.43337822060043,3.9352532948327877e-05,833.080678159
13810,28282880,2.752117395401001,,,3.9251504086714964e-05,833.586834304002
13820,28303360,2.672271490097046,,,3.9151004500645995e-05,834.1052637940011
13830,28323840,3.118385076522827,,,3.9051034613123805e-05,834.6887075150007
13840,28344320,2.6651175022125244,,,3.895159484492177e-05,835.3182068940005
13850,28364800,2.3728244304656982,,,3.8852685614581954e-05,835.874850242999
13860,28385280,3.1967692375183105,,,3.8754307338413415e-05,836.4469586330015
13870,28405760,2.752746105194092,,,3.8656460430490396e-05,836.911750653002
13880,28426240,2.89168381690979,,,3.855914530265068e-05,837.4722678450016
13890,28446720,2.5570411682128906,,,3.84623623644937e-05,837.9795284489992
13900,28467200,2.6644794940948486,2.5967421650886537,13.41994677028105,3.8366112023378954e-05,838.8242200019995
13910,28487680,2.630528450012207,,,3.827039468442421e-05,839.3812307590015
13920,28508160,2.657719612121582,,,3.817521075050385e-05,839.9165669530012
13930,28528640,2.499513864517212,,,3.80805606222471e-05,840.5258409689995
13940,28549120,2.8723459243774414,,,3.798644469803653e-05,841.0582412619988
13950,28569600,2.9332051277160645,,,3.7892863374006114e-05,841.7715934000007
13960,28590080,2.76737117767334,,,3.779981704403972e-05,842.3657994669993
13970,28610560,3.0158674716949463,,,3.770730609976948e-05,843.0371881639985
13980,28631040,2.644949436187744,,,3.761533093057403e-05,843.5741847880017
13990,28651520,3.0943140983581543,,,3.752389192357695e-05,844.3211461840001
14000,28672000,2.521357297897339,2.595999300479889,13.409981268741388,3.743298946364508e-05,845.2541371820007
14010,28692480,2.6962461471557617,,,3.7342623933387014e-05,846.1184434419993
14020,28712960,2.534195899963379,,,3.725279571315132e-05,846.5864773630019
14030,28733440,2.8507792949676514,,,3.7163505181025115e-05,847.1877776719994
14040,28753920,2.8248395919799805,,,3.707475271283232e-05,847.8380745799986
14050,28774400,2.6585328578948975,,,3.6986538682132105e-05,848.329542943
14060,28794880,2.4515879154205322,,,3.689886346021749e-05,848.7915078299993
14070,28815360,2.6580166816711426,,,3.681172741611353e-05,849.3765900500002
14080,28835840,2.740755081176758,,,3.672513091657593e-05,849.8600309950016
14090,28856320,2.6126251220703125,,,3.663907432608944e-05,850.3989755069997
14100,28876800,2.7907333374023438,2.5957536816596987,13.406687929433001,3.6553558006866334e-05,851.2994534149984
14110,28897280,2.6958465576171875,,,3.646858231884489e-05,851.7771284849987
14120,28917760,2.6292943954467773,,,3.638414761968783e-05,852.3078271830018
14130,28938240,2.8134913444519043,,,3.630025426478096e-05,852.8450325910017
14140,28958720,2.678654432296753,,,3.621690260723142e-05,853.3297111159991
14150,28979200,2.748079299926758,,,3.6134092997866464e-05,853.799831671
14160,28999680,2.747255325317383,,,3.605182578523181e-05,854.3355436780002
14170,29020160,2.8346164226531982,,,3.5970101315590225e-05,855.024027806001
14180,29040640,2.725360155105591,,,3.588891993292007e-05,855.7520145919989
14190,29061120,2.7233448028564453,,,3.580828197891391e-05,856.2992447329998
14200,29081600,2.722024440765381,2.593114399909973,13.371350555812,3.572818779297694e-05,857.1481299709994
14210,29102080,2.7907466888427734,,,3.564863771222568e-05,857.956276320001
14220,29122560,2.643853187561035,,,3.5569632071486504e-05,858.4589587800001
14230,29143040,2.9647858142852783,,,3.54911712032942e-05,859.2587807460004
14240,29163520,2.459886074066162,,,3.541325543789065e-05,859.806575052
14250,29184000,3.0224013328552246,,,3.533588510322343e-05,860.341071228002
14260,29204480,2.6954309940338135,,,3.525906052494432e-05,860.8783221550002
14270,29224960,2.7245354652404785,,,3.5182782026408064e-05,861.4460589900009
14280,29245440,2.4300971031188965,,,3.510704992867092e-05,861.9675846729988
14290,29265920,2.6539883613586426,,,3.503186455048937e-05,862.4468034419988
14300,29286400,2.583098888397217,2.592909348011017,13.368609016077496,3.4957226208318743e-05,863.2504521640003
14310,29306880,3.0071260929107666,,,3.488313521631188e-05,863.8305405020001
14320,29327360,2.5570931434631348,,,3.480959188631787e-05,864.4254048750008
14330,29347840,2.6336846351623535,,,3.4736596527880654e-05,864.9447670900008
14340,29368320,2.3907999992370605,,,3.4664149448237747e-05,865.5438748410015
14350,29388800,3.0481412410736084,,,3.4592250952319015e-05,866.0566563840002
14360,29409280,2.4408857822418213,,,3.4520901342745254e-05,866.714818212
14370,29429760,2.7277655601501465,,,3.445010091982707e-05,867.2144412019989
14380,29450240,2.6228134632110596,,,3.4379849981563524e-05,867.7592671189996
14390,29470720,2.8915812969207764,,,3.431014882364085e-05,868.3367024750005
14400,29491200,2.736514091491699,2.592044103145599,13.357046898521311,3.424099773943133e-05,869.2094330129985
14410,29511680,2.8985440731048584,,,3.417239701999191e-05,869.6759783080015
14420,29532160,2.6169233322143555,,,3.410434695406312e-05,870.2239665150009
14430,29552640,2.4696264266967773,,,3.403684782806771e-05,870.7441397260009
14440,29573120,2.705972194671631,,,3.3969899926109604e-05,871.2412018460018
14450,29593600,2.5920097827911377,,,3.3903503529972584e-05,871.797545409001
14460,29614080,2.830329179763794,,,3.383765891911913e-05,872.3218526659984
14470,29634560,2.946074962615967,,,3.37723663706893e-05,872.8260738780009
14480,29655040,2.5314900875091553,,,3.3707626159499475e-05,873.4513574640005
14490,29675520,2.7011351585388184,,,3.3643438558041265e-05,874.0840152080018
14500,29696000,2.721343517303467,2.590709400177002,13.339231100418274,3.357980383648038e-05,874.9584893030005
14510,29716480,2.4542481899261475,,,3.3516722262655394e-05,875.8398294290018
14520,29736960,2.5256752967834473,,,3.3454194102076726e-05,876.4616623000002
14530,29757440,2.521930694580078,,,3.3392219617925464e-05,876.9514759019985
14540,29777920,2.4132978916168213,,,3.3330799071052275e-05,877.5348082919991
14550,29798400,2.5883398056030273,,,3.326993271997629e-05,878.0932390829985
14560,29818880,2.6936092376708984,,,3.3209620820884054e-05,878.6134969750019
14570,29839360,2.6546614170074463,,,3.31498636276284e-05,879.184952814001
14580,29859840,2.945270299911499,,,3.309066139172743e-05,879.6865763800015
14590,29880320,2.7330169677734375,,,3.3032014362363395e-05,880.2565076880019
14600,29900800,2.6252479553222656,2.589885139465332,13.328240626428515,3.297392278638172e-05,881.2807048350005
14610,29921280,2.7514519691467285,,,3.291638690828989e-05,881.7634234750003
14620,29941760,2.719304323196411,,,3.2859406970256463e-05,882.2192519210003
14630,29962240,2.721968412399292,,,3.280298321211008e-05,882.7550763090003
14640,29982720,2.686068058013916,,,3.274711587133837e-05,883.3393738019986
14650,30003200,2.887683391571045,,,3.269180518308707e-05,883.8265654850002
14660,30023680,2.6839981079101562,,,3.263705138015886e-05,884.280779924
14670,30044160,2.6298577785491943,,,3.2582854693012586e-05,884.7475640400007
14680,30064640,2.6909549236297607,,,3.252921534976216e-05,885.2388107250008
14690,30085120,2.917747735977173,,,3.2476133576175625e-05,885.837854018002
14700,30105600,2.270732879638672,2.5881534099578856,13.305179692266558,3.242360959567422e-05,886.6795984230012
14710,30126080,2.9005260467529297,,,3.237164362933144e-05,887.1683587600019
14720,30146560,2.739750385284424,,,3.232023589587205e-05,887.7061280000016
14730,30167040,2.734567642211914,,,3.22693866116713e-05,888.2637033729989
14740,30187520,2.6808948516845703,,,3.221909599075385e-05,888.7873545760012
14750,30208000,2.641855478286743,,,3.216936424479298e-05,889.396364373999
14760,30228480,2.724440097808838,,,3.212019158310966e-05,889.9553775950008
14770,30248960,2.5652971267700195,,,3.207157821267168e-05,890.4959606240009
14780,30269440,2.5769100189208984,,,3.202352433809274e-05,891.1085720420015
14790,30289920,2.4131836891174316,,,3.1976030161631656e-05,891.8024845069995
14800,30310400,2.528122663497925,2.587107837200165,13.291275429069856,3.192909588319148e-05,892.6894795410008
14810,30330880,2.4754037857055664,,,3.188272170031861e-05,893.2366393750017
14820,30351360,2.5572874546051025,,,3.1836907808202056e-05,893.797972528002
14830,30371840,2.5591659545898438,,,3.179165439967252e-05,894.3842402379996
14840,30392320,2.6702122688293457,,,3.174696166520165e-05,894.9482737110011
14850,30412800,2.6386168003082275,,,3.170282979290118e-05,895.4387774649986
14860,30433280,2.7030091285705566,,,3.1659258968522255e-05,896.0872171320007
14870,30453760,2.3477277755737305,,,3.161624937545447e-05,896.5857888130013
14880,30474240,2.4927871227264404,,,3.157380119472528e-05,897.4146205159996
14890,30494720,2.834951877593994,,,3.153191460499909e-05,897.8725476200016
14900,30515200,2.6069111824035645,2.5865328669548036,13.283635537740809,3.149058978257662e-05,899.0184771390013
14910,30535680,2.703429698944092,,,3.14498269013941e-05,899.6416996350017
14920,30556160,2.683898687362671,,,3.14096261330225e-05,900.1117106189995
14930,30576640,2.759823799133301,,,3.1369987646666915e-05,900.7904761399986
14940,30597120,2.7317659854888916,,,3.133091160916578e-05,901.2393621240008
14950,30617600,2.415235996246338,,,3.1292398184990166e-05,901.7402216510018
14960,30638080,2.8196682929992676,,,3.1254447536243113e-05,902.3187115120018
14970,30658560,2.483710289001465,,,3.121705982265895e-05,902.887655767001
14980,30679040,2.7534358501434326,,,3.118023520160258e-05,903.3481407520012
14990,30699520,2.7661046981811523,,,3.1143973828068894e-05,903.8832754309988
15000,30720000,2.9086718559265137,2.5855265974998476,13.270275344153125,3.1108275854682014e-05,905.4596538000005
15010,30740480,2.4473447799682617,,,3.1073141431694785e-05,906.2329142330018
15020,30760960,2.678124189376831,,,3.1038570706988e-05,906.7559207550003
15030,30781440,2.5928261280059814,,,3.1004563826069895e-05,907.3353307739999
15040,30801920,2.6690053939819336,,,3.097112093207545e-05,907.8558723089991
15050,30822400,2.543656826019287,,,3.093824216576584e-05,908.3657908429996
15060,30842880,2.5521183013916016,,,3.0905927665527826e-05,908.9121669589986
15070,30863360,2.508413553237915,,,3.087417756737319e-05,909.4789216509998
15080,30883840,2.810275077819824,,,3.084299200493811e-05,910.0360770959996
15090,30904320,2.5696585178375244,,,3.081237110948264e-05,910.6528206830008
15100,30924800,2.638923168182373,2.5851205945014955,13.264888666152146,3.0782315009890166e-05,911.5117472130005
15110,30945280,2.4625959396362305,,,3.075282383266686e-05,912.0628986590018
15120,30965760,2.742751359939575,,,3.072389770194108e-05,912.6253377280009
15130,30986240,2.5462486743927,,,3.0695536739462964e-05,913.151577315999
15140,31006720,2.7864866256713867,,,3.066774106460384e-05,913.679388331002
15150,31027200,2.5012879371643066,,,3.0640510794355704e-05,914.2021622110005
15160,31047680,2.805401563644409,,,3.0613846043330825e-05,914.7956094270012
15170,31068160,2.5652222633361816,,,3.058774692376112e-05,915.3365920680008
15180,31088640,2.912306785583496,,,3.056221354549785e-05,915.8568165760007
15190,31109120,2.758779764175415,,,3.053724601601101e-05,916.4033310000013
15200,31129600,2.574258804321289,2.5835825204849243,13.24450196770663,3.051284444038896e-05,917.4863845170003
15210,31150080,2.925950765609741,,,3.0489008921337965e-05,918.1614258840018
15220,31170560,2.6229987144470215,,,3.0465739559181728e-05,918.7046582430012
15230,31191040,2.6391372680664062,,,3.0443036451861044e-05,919.2334420449988
15240,31211520,2.439742088317871,,,3.0420899694933293e-05,919.763365204999
15250,31232000,2.9376280307769775,,,3.0399329381572105e-05,920.3124596640009
15260,31252480,2.8305392265319824,,,3.0378325602566962e-05,920.8594470870012
15270,31272960,2.673860788345337,,,3.035788844632279e-05,921.4822821160014
15280,31293440,2.9663891792297363,,,3.0338017998859595e-05,922.0906560280018
15290,31313920,2.6050994396209717,,,3.031871434381212e-05,922.6677684640017
15300,31334400,2.8222720623016357,2.5830730676651,13.2377562372936,3.029997756242944e-05,923.8179665560019
15310,31354880,2.5499520301818848,,,3.0281807733574728e-05,924.3495624210009
15320,31375360,2.7286314964294434,,,3.0264204933724786e-05,924.8870852799992
15330,31395840,2.698674201965332,,,3.0247169236969802e-05,925.4852599949991
15340,31416320,2.681450843811035,,,3.0230700715013083e-05,926.1744312769988
15350,31436800,2.8534624576568604,,,3.0214799437170622e-05,926.8622743359992
15360,31457280,2.863041877746582,,,3.0199465470370916e-05,927.4643183799999
15370,31477760,2.7035489082336426,,,3.018469887915467e-05,928.0338790800015
15380,31498240,2.66929292678833,,,3.0170499725674447e-05,928.5352871510004
15390,31518720,2.562797784805298,,,3.015686806969452e-05,929.0609708150005
15400,31539200,2.4718472957611084,2.5819918394088743,13.223450936242308,3.0143803968590526e-05,930.1138071610003
15410,31559680,2.48254132270813,,,3.0131307477349307e-05,930.6428636349992
15420,31580160,2.753359317779541,,,3.0119378648568576e-05,931.1913362880005
15430,31600640,2.541149616241455,,,3.0108017532456807e-05,931.7472868730001
15440,31621120,2.6284942626953125,,,3.0097224176832943e-05,932.3424763709991
15450,31641600,2.407134532928467,,,3.0086998627126223e-05,932.8413000330002
15460,31662080,2.5964279174804688,,,3.0077340926376e-05,933.3224777790019
15470,31682560,2.645397424697876,,,3.006825111523155e-05,933.7829199180014
15480,31703040,2.3823065757751465,,,3.005972923195188e-05,934.363889395001
15490,31723520,2.5789403915405273,,,3.0051775312405627e-05,934.9612870109995
15500,31744000,2.5194144248962402,2.5824822902679445,13.229937979771861,3.0044389390070846e-05,935.8196584549987
15510,31764480,2.4640579223632812,,,3.0037571496034863e-05,936.6239593120008
15520,31784960,2.6146955490112305,,,3.0031321658994234e-05,937.1672008360001
15530,31805440,2.6414928436279297,,,3.002563990525452e-05,937.6339798029985
15540,31825920,2.6470377445220947,,,3.0020526258730215e-05,938.0687547790003
15550,31846400,2.4479849338531494,,,3.0015980740944677e-05,938.5530699619994
15560,31866880,2.8121182918548584,,,3.0012003371029974e-05,939.1969018499985
15570,31887360,2.7849395275115967,,,3.000859416572688e-05,939.6336938690001
15580,31907840,2.587714910507202,,,3.0005753139384755e-05,940.091719303
15590,31928320,2.6795647144317627,,,3.000348030396145e-05,940.5899334220012
15600,31948800,2.5840983390808105,2.5815358996391295,13.21742321331093,3.0001775669023345e-05,941.4339613230004
15610,31969280,2.678567886352539,,,3.0000639241745262e-05,941.9786202680007
15620,31989760,2.364098072052002,,,3.0000071026910404e-05,942.5747100910012
15625,32000000,2.874666213989258,2.5810081720352174,13.210449854407507,3e-05,943.1707658390005
