2026-10-01 19:12:07,686 64m_32mtoken: parameters=66061440, target steps=15625, processed tokens=32000000, resume step=0
2026-10-01 19:12:08,180 step=1 train=9.21034 val=None lr=9.61538e-07
2026-10-01 19:12:10,420 step=10 train=9.21033 val=None lr=9.61538e-06
2026-10-01 19:12:12,935 step=20 train=9.21030 val=None lr=1.92308e-05
2026-10-01 19:12:14,492 step=30 train=9.21026 val=None lr=2.88462e-05
2026-10-01 19:12:17,166 step=40 train=9.21017 val=None lr=3.84615e-05
2026-10-01 19:12:19,727 step=50 train=9.21002 val=None lr=4.80769e-05
2026-10-01 19:12:22,134 step=60 train=9.20973 val=None lr=5.76923e-05
2026-10-01 19:12:24,531 step=70 train=9.20927 val=None lr=6.73077e-05
2026-10-01 19:12:27,077 step=80 train=9.20864 val=None lr=7.69231e-05
2026-10-01 19:12:29,524 step=90 train=9.20776 val=None lr=8.65385e-05
2026-10-01 19:12:34,981 step=100 train=9.20617 val=9.206026792526245 lr=9.61538e-05
2026-10-01 19:12:37,340 step=110 train=9.20407 val=None lr=0.000105769
2026-10-01 19:12:39,740 step=120 train=9.20116 val=None lr=0.000115385
2026-10-01 19:12:42,249 step=130 train=9.19715 val=None lr=0.000125
2026-10-01 19:12:44,896 step=140 train=9.19151 val=None lr=0.000134615
2026-10-01 19:12:46,355 step=150 train=9.17833 val=None lr=0.000144231
2026-10-01 19:12:48,904 step=160 train=9.15338 val=None lr=0.000153846
2026-10-01 19:12:51,339 step=170 train=9.11253 val=None lr=0.000163462
2026-10-01 19:12:54,015 step=180 train=9.05993 val=None lr=0.000173077
2026-10-01 19:12:56,831 step=190 train=9.01135 val=None lr=0.000182692
2026-10-01 19:13:01,802 step=200 train=8.94674 val=8.94520525932312 lr=0.000192308
2026-10-01 19:13:04,244 step=210 train=8.87640 val=None lr=0.000201923
2026-10-01 19:13:07,008 step=220 train=8.79131 val=None lr=0.000211538
2026-10-01 19:13:09,660 step=230 train=8.71093 val=None lr=0.000221154
2026-10-01 19:13:12,432 step=240 train=8.60661 val=None lr=0.000230769
2026-10-01 19:13:15,357 step=250 train=8.49496 val=None lr=0.000240385
2026-10-01 19:13:18,074 step=260 train=8.36766 val=None lr=0.00025
2026-10-01 19:13:20,195 step=270 train=8.21618 val=None lr=0.000259615
2026-10-01 19:13:22,844 step=280 train=8.07353 val=None lr=0.000269231
2026-10-01 19:13:25,400 step=290 train=7.88649 val=None lr=0.000278846
2026-10-01 19:13:30,491 step=300 train=7.67013 val=7.685177040100098 lr=0.000288462
2026-10-01 19:13:33,059 step=310 train=7.49970 val=None lr=0.000298077
2026-10-01 19:13:35,639 step=320 train=7.32763 val=None lr=0.0003
2026-10-01 19:13:38,227 step=330 train=7.21567 val=None lr=0.000299999
2026-10-01 19:13:41,218 step=340 train=6.99199 val=None lr=0.000299998
2026-10-01 19:13:43,825 step=350 train=6.76438 val=None lr=0.000299996
2026-10-01 19:13:46,730 step=360 train=6.53613 val=None lr=0.000299993
2026-10-01 19:13:49,482 step=370 train=6.51265 val=None lr=0.00029999
2026-10-01 19:13:50,997 step=380 train=6.39430 val=None lr=0.000299987
2026-10-01 19:13:53,439 step=390 train=6.24369 val=None lr=0.000299983
2026-10-01 19:13:58,235 step=400 train=5.99820 val=6.100570940971375 lr=0.000299978
2026-10-01 19:14:00,911 step=410 train=6.13304 val=None lr=0.000299973
2026-10-01 19:14:03,478 step=420 train=6.09359 val=None lr=0.000299967
2026-10-01 19:14:06,604 step=430 train=5.93987 val=None lr=0.00029996
2026-10-01 19:14:09,468 step=440 train=5.80848 val=None lr=0.000299953
2026-10-01 19:14:12,047 step=450 train=5.77242 val=None lr=0.000299946
2026-10-01 19:14:14,607 step=460 train=5.87788 val=None lr=0.000299938
2026-10-01 19:14:17,225 step=470 train=5.84792 val=None lr=0.000299929
2026-10-01 19:14:19,967 step=480 train=5.78766 val=None lr=0.00029992
2026-10-01 19:14:21,587 step=490 train=5.75261 val=None lr=0.00029991
2026-10-01 19:14:26,363 step=500 train=5.55573 val=5.59491457939148 lr=0.0002999
2026-10-01 19:14:31,096 step=510 train=5.65931 val=None lr=0.000299889
2026-10-01 19:14:33,923 step=520 train=5.36005 val=None lr=0.000299877
2026-10-01 19:14:36,504 step=530 train=5.44910 val=None lr=0.000299865
2026-10-01 19:14:39,145 step=540 train=5.25667 val=None lr=0.000299852
2026-10-01 19:14:41,671 step=550 train=5.48564 val=None lr=0.000299839
2026-10-01 19:14:44,596 step=560 train=5.15337 val=None lr=0.000299825
2026-10-01 19:14:47,120 step=570 train=5.25777 val=None lr=0.000299811
2026-10-01 19:14:49,597 step=580 train=5.16625 val=None lr=0.000299796
2026-10-01 19:14:52,070 step=590 train=5.15240 val=None lr=0.00029978
2026-10-01 19:14:55,975 step=600 train=5.04913 val=5.000390362739563 lr=0.000299764
2026-10-01 19:14:58,726 step=610 train=5.03777 val=None lr=0.000299748
2026-10-01 19:15:01,711 step=620 train=4.75993 val=None lr=0.000299731
2026-10-01 19:15:04,340 step=630 train=4.92466 val=None lr=0.000299713
2026-10-01 19:15:06,960 step=640 train=4.77296 val=None lr=0.000299694
2026-10-01 19:15:09,513 step=650 train=4.96545 val=None lr=0.000299676
2026-10-01 19:15:12,216 step=660 train=4.82619 val=None lr=0.000299656
2026-10-01 19:15:14,886 step=670 train=4.84676 val=None lr=0.000299636
2026-10-01 19:15:17,450 step=680 train=4.65024 val=None lr=0.000299615
2026-10-01 19:15:20,254 step=690 train=4.81007 val=None lr=0.000299594
2026-10-01 19:15:24,954 step=700 train=4.38896 val=4.497731471061707 lr=0.000299573
2026-10-01 19:15:27,707 step=710 train=4.39316 val=None lr=0.00029955
2026-10-01 19:15:30,426 step=720 train=4.45954 val=None lr=0.000299527
2026-10-01 19:15:33,002 step=730 train=4.51431 val=None lr=0.000299504
2026-10-01 19:15:35,464 step=740 train=4.25333 val=None lr=0.00029948
2026-10-01 19:15:38,200 step=750 train=4.50175 val=None lr=0.000299455
2026-10-01 19:15:40,810 step=760 train=4.30941 val=None lr=0.00029943
2026-10-01 19:15:43,744 step=770 train=4.28601 val=None lr=0.000299404
2026-10-01 19:15:46,577 step=780 train=4.36818 val=None lr=0.000299378
2026-10-01 19:15:49,168 step=790 train=4.41499 val=None lr=0.000299351
2026-10-01 19:15:54,160 step=800 train=4.47775 val=4.217729389667511 lr=0.000299324
2026-10-01 19:15:55,791 step=810 train=4.31743 val=None lr=0.000299296
2026-10-01 19:15:58,643 step=820 train=4.39861 val=None lr=0.000299267
2026-10-01 19:16:01,569 step=830 train=4.10134 val=None lr=0.000299238
2026-10-01 19:16:04,382 step=840 train=4.42796 val=None lr=0.000299209
2026-10-01 19:16:07,036 step=850 train=4.19241 val=None lr=0.000299179
2026-10-01 19:16:09,628 step=860 train=4.20322 val=None lr=0.000299148
2026-10-01 19:16:12,238 step=870 train=4.22220 val=None lr=0.000299116
2026-10-01 19:16:15,670 step=880 train=4.07135 val=None lr=0.000299084
2026-10-01 19:16:18,286 step=890 train=4.25688 val=None lr=0.000299052
2026-10-01 19:16:23,157 step=900 train=4.31424 val=4.073526322841644 lr=0.000299019
2026-10-01 19:16:26,263 step=910 train=4.02459 val=None lr=0.000298985
2026-10-01 19:16:27,809 step=920 train=4.17791 val=None lr=0.000298951
2026-10-01 19:16:30,465 step=930 train=4.12231 val=None lr=0.000298916
2026-10-01 19:16:33,034 step=940 train=3.90605 val=None lr=0.000298881
2026-10-01 19:16:35,642 step=950 train=3.89683 val=None lr=0.000298845
2026-10-01 19:16:38,332 step=960 train=3.96670 val=None lr=0.000298809
2026-10-01 19:16:41,012 step=970 train=4.27568 val=None lr=0.000298772
2026-10-01 19:16:43,535 step=980 train=4.20305 val=None lr=0.000298734
2026-10-01 19:16:46,037 step=990 train=3.98426 val=None lr=0.000298696
2026-10-01 19:16:50,878 step=1000 train=4.00821 val=3.988330090045929 lr=0.000298657
2026-10-01 19:16:55,659 step=1010 train=4.07939 val=None lr=0.000298618
2026-10-01 19:16:58,247 step=1020 train=4.29122 val=None lr=0.000298578
2026-10-01 19:17:00,010 step=1030 train=3.90233 val=None lr=0.000298538
2026-10-01 19:17:02,647 step=1040 train=3.86968 val=None lr=0.000298497
2026-10-01 19:17:05,111 step=1050 train=3.89666 val=None lr=0.000298456
2026-10-01 19:17:07,702 step=1060 train=3.67517 val=None lr=0.000298414
2026-10-01 19:17:10,240 step=1070 train=3.81610 val=None lr=0.000298371
2026-10-01 19:17:12,944 step=1080 train=3.73556 val=None lr=0.000298328
2026-10-01 19:17:16,123 step=1090 train=4.14371 val=None lr=0.000298284
2026-10-01 19:17:21,036 step=1100 train=3.82714 val=3.9261500000953675 lr=0.00029824
2026-10-01 19:17:23,613 step=1110 train=4.19160 val=None lr=0.000298195
2026-10-01 19:17:26,034 step=1120 train=3.90651 val=None lr=0.000298149
2026-10-01 19:17:28,685 step=1130 train=3.87691 val=None lr=0.000298103
2026-10-01 19:17:30,598 step=1140 train=4.03319 val=None lr=0.000298057
2026-10-01 19:17:33,251 step=1150 train=3.96384 val=None lr=0.00029801
2026-10-01 19:17:35,871 step=1160 train=4.05720 val=None lr=0.000297962
2026-10-01 19:17:38,545 step=1170 train=3.97432 val=None lr=0.000297914
2026-10-01 19:17:41,226 step=1180 train=3.96422 val=None lr=0.000297865
2026-10-01 19:17:43,833 step=1190 train=3.78539 val=None lr=0.000297816
2026-10-01 19:17:48,541 step=1200 train=4.10683 val=3.883310115337372 lr=0.000297766
2026-10-01 19:17:51,214 step=1210 train=4.13727 val=None lr=0.000297715
2026-10-01 19:17:53,956 step=1220 train=4.13073 val=None lr=0.000297664
2026-10-01 19:17:56,662 step=1230 train=4.00941 val=None lr=0.000297613
2026-10-01 19:17:59,230 step=1240 train=3.96033 val=None lr=0.000297561
2026-10-01 19:18:01,777 step=1250 train=3.77822 val=None lr=0.000297508
2026-10-01 19:18:03,398 step=1260 train=3.66412 val=None lr=0.000297455
2026-10-01 19:18:06,261 step=1270 train=3.78721 val=None lr=0.000297401
2026-10-01 19:18:09,205 step=1280 train=3.81376 val=None lr=0.000297347
2026-10-01 19:18:11,904 step=1290 train=3.86171 val=None lr=0.000297292
2026-10-01 19:18:16,910 step=1300 train=3.83102 val=3.8391547322273256 lr=0.000297236
2026-10-01 19:18:19,352 step=1310 train=3.82238 val=None lr=0.00029718
2026-10-01 19:18:21,955 step=1320 train=4.08482 val=None lr=0.000297124
2026-10-01 19:18:24,681 step=1330 train=3.97915 val=None lr=0.000297066
2026-10-01 19:18:27,215 step=1340 train=3.85600 val=None lr=0.000297009
2026-10-01 19:18:29,811 step=1350 train=3.62740 val=None lr=0.00029695
2026-10-01 19:18:32,484 step=1360 train=3.77661 val=None lr=0.000296892
2026-10-01 19:18:34,213 step=1370 train=3.79867 val=None lr=0.000296832
2026-10-01 19:18:36,788 step=1380 train=3.85397 val=None lr=0.000296772
2026-10-01 19:18:39,279 step=1390 train=3.82100 val=None lr=0.000296712
2026-10-01 19:18:43,904 step=1400 train=3.90185 val=3.8079872012138365 lr=0.000296651
2026-10-01 19:18:46,563 step=1410 train=3.82692 val=None lr=0.000296589
2026-10-01 19:18:49,058 step=1420 train=3.72289 val=None lr=0.000296527
2026-10-01 19:18:51,626 step=1430 train=3.82336 val=None lr=0.000296464
2026-10-01 19:18:54,114 step=1440 train=3.82606 val=None lr=0.000296401
2026-10-01 19:18:56,587 step=1450 train=3.88059 val=None lr=0.000296337
2026-10-01 19:18:59,119 step=1460 train=3.78806 val=None lr=0.000296273
2026-10-01 19:19:01,981 step=1470 train=3.73981 val=None lr=0.000296208
2026-10-01 19:19:04,630 step=1480 train=3.72174 val=None lr=0.000296143
2026-10-01 19:19:06,220 step=1490 train=3.80484 val=None lr=0.000296077
2026-10-01 19:19:10,979 step=1500 train=3.91614 val=3.772203195095062 lr=0.00029601
2026-10-01 19:19:15,607 step=1510 train=3.94206 val=None lr=0.000295943
2026-10-01 19:19:18,198 step=1520 train=3.77287 val=None lr=0.000295875
2026-10-01 19:19:20,762 step=1530 train=3.84497 val=None lr=0.000295807
2026-10-01 19:19:23,387 step=1540 train=3.81406 val=None lr=0.000295738
2026-10-01 19:19:25,879 step=1550 train=3.58752 val=None lr=0.000295669
2026-10-01 19:19:28,328 step=1560 train=3.48135 val=None lr=0.000295599
2026-10-01 19:19:30,816 step=1570 train=4.19598 val=None lr=0.000295529
2026-10-01 19:19:33,268 step=1580 train=3.64781 val=None lr=0.000295458
2026-10-01 19:19:35,960 step=1590 train=3.81283 val=None lr=0.000295386
2026-10-01 19:19:39,715 step=1600 train=3.65135 val=3.698009157180786 lr=0.000295314
2026-10-01 19:19:42,864 step=1610 train=3.76311 val=None lr=0.000295242
2026-10-01 19:19:45,739 step=1620 train=3.62901 val=None lr=0.000295168
2026-10-01 19:19:48,411 step=1630 train=3.37286 val=None lr=0.000295095
2026-10-01 19:19:51,037 step=1640 train=3.41602 val=None lr=0.00029502
2026-10-01 19:19:53,769 step=1650 train=3.87548 val=None lr=0.000294946
2026-10-01 19:19:56,269 step=1660 train=3.65952 val=None lr=0.00029487
2026-10-01 19:19:58,704 step=1670 train=3.66148 val=None lr=0.000294794
2026-10-01 19:20:01,233 step=1680 train=3.77949 val=None lr=0.000294718
2026-10-01 19:20:03,863 step=1690 train=3.76885 val=None lr=0.000294641
2026-10-01 19:20:08,601 step=1700 train=3.73491 val=3.6087456345558167 lr=0.000294563
2026-10-01 19:20:11,086 step=1710 train=3.62511 val=None lr=0.000294485
2026-10-01 19:20:13,605 step=1720 train=3.40218 val=None lr=0.000294407
2026-10-01 19:20:16,082 step=1730 train=3.67030 val=None lr=0.000294328
2026-10-01 19:20:18,562 step=1740 train=3.54897 val=None lr=0.000294248
2026-10-01 19:20:20,994 step=1750 train=3.78504 val=None lr=0.000294168
2026-10-01 19:20:23,484 step=1760 train=3.76560 val=None lr=0.000294087
2026-10-01 19:20:25,944 step=1770 train=3.58242 val=None lr=0.000294005
2026-10-01 19:20:28,398 step=1780 train=3.86839 val=None lr=0.000293924
2026-10-01 19:20:30,868 step=1790 train=3.68713 val=None lr=0.000293841
2026-10-01 19:20:35,919 step=1800 train=3.72817 val=3.533366048336029 lr=0.000293758
2026-10-01 19:20:38,980 step=1810 train=3.71184 val=None lr=0.000293675
2026-10-01 19:20:40,508 step=1820 train=3.77926 val=None lr=0.000293591
2026-10-01 19:20:43,028 step=1830 train=3.28557 val=None lr=0.000293506
2026-10-01 19:20:45,618 step=1840 train=3.50064 val=None lr=0.000293421
2026-10-01 19:20:48,573 step=1850 train=3.35937 val=None lr=0.000293335
2026-10-01 19:20:51,217 step=1860 train=3.53349 val=None lr=0.000293249
2026-10-01 19:20:53,752 step=1870 train=3.27037 val=None lr=0.000293162
2026-10-01 19:20:56,231 step=1880 train=3.51965 val=None lr=0.000293075
2026-10-01 19:20:58,796 step=1890 train=3.88408 val=None lr=0.000292987
2026-10-01 19:21:03,613 step=1900 train=3.32239 val=3.4531946659088133 lr=0.000292899
2026-10-01 19:21:06,073 step=1910 train=3.63686 val=None lr=0.00029281
2026-10-01 19:21:08,569 step=1920 train=3.32801 val=None lr=0.00029272
2026-10-01 19:21:10,224 step=1930 train=3.48743 val=None lr=0.00029263
2026-10-01 19:21:12,742 step=1940 train=3.55672 val=None lr=0.00029254
2026-10-01 19:21:15,308 step=1950 train=3.31614 val=None lr=0.000292449
2026-10-01 19:21:18,004 step=1960 train=3.64596 val=None lr=0.000292357
2026-10-01 19:21:20,473 step=1970 train=3.50815 val=None lr=0.000292265
2026-10-01 19:21:22,920 step=1980 train=3.55835 val=None lr=0.000292172
2026-10-01 19:21:25,397 step=1990 train=3.13738 val=None lr=0.000292079
2026-10-01 19:21:30,343 step=2000 train=3.59200 val=3.386911404132843 lr=0.000291985
2026-10-01 19:21:34,925 step=2010 train=3.49608 val=None lr=0.000291891
2026-10-01 19:21:37,765 step=2020 train=3.42006 val=None lr=0.000291796
2026-10-01 19:21:40,179 step=2030 train=3.21779 val=None lr=0.000291701
2026-10-01 19:21:41,633 step=2040 train=3.53445 val=None lr=0.000291605
2026-10-01 19:21:44,191 step=2050 train=3.50232 val=None lr=0.000291509
2026-10-01 19:21:46,700 step=2060 train=3.30361 val=None lr=0.000291412
2026-10-01 19:21:49,365 step=2070 train=3.49309 val=None lr=0.000291314
2026-10-01 19:21:51,944 step=2080 train=3.43692 val=None lr=0.000291216
2026-10-01 19:21:54,770 step=2090 train=3.29964 val=None lr=0.000291118
2026-10-01 19:21:59,682 step=2100 train=3.29480 val=3.3219855308532713 lr=0.000291019
2026-10-01 19:22:02,277 step=2110 train=3.44593 val=None lr=0.000290919
2026-10-01 19:22:04,851 step=2120 train=3.18116 val=None lr=0.000290819
2026-10-01 19:22:07,441 step=2130 train=3.28894 val=None lr=0.000290718
2026-10-01 19:22:09,986 step=2140 train=3.15527 val=None lr=0.000290617
2026-10-01 19:22:12,598 step=2150 train=2.94319 val=None lr=0.000290515
2026-10-01 19:22:14,448 step=2160 train=3.50580 val=None lr=0.000290413
2026-10-01 19:22:17,412 step=2170 train=3.22501 val=None lr=0.00029031
2026-10-01 19:22:19,961 step=2180 train=3.34300 val=None lr=0.000290207
2026-10-01 19:22:22,545 step=2190 train=3.42554 val=None lr=0.000290103
2026-10-01 19:22:27,510 step=2200 train=3.17627 val=3.275412714481354 lr=0.000289999
2026-10-01 19:22:30,206 step=2210 train=3.23195 val=None lr=0.000289894
2026-10-01 19:22:32,797 step=2220 train=3.34696 val=None lr=0.000289789
2026-10-01 19:22:35,422 step=2230 train=3.45987 val=None lr=0.000289683
2026-10-01 19:22:38,162 step=2240 train=3.24924 val=None lr=0.000289576
2026-10-01 19:22:40,996 step=2250 train=3.29368 val=None lr=0.000289469
2026-10-01 19:22:43,678 step=2260 train=3.17059 val=None lr=0.000289362
2026-10-01 19:22:45,357 step=2270 train=3.45180 val=None lr=0.000289254
2026-10-01 19:22:47,998 step=2280 train=3.25207 val=None lr=0.000289145
2026-10-01 19:22:50,501 step=2290 train=3.14550 val=None lr=0.000289036
2026-10-01 19:22:55,386 step=2300 train=3.32715 val=3.228836238384247 lr=0.000288926
2026-10-01 19:22:58,201 step=2310 train=3.16968 val=None lr=0.000288816
2026-10-01 19:23:00,662 step=2320 train=3.65901 val=None lr=0.000288706
2026-10-01 19:23:03,234 step=2330 train=3.39518 val=None lr=0.000288595
2026-10-01 19:23:05,757 step=2340 train=3.06296 val=None lr=0.000288483
2026-10-01 19:23:08,605 step=2350 train=3.33560 val=None lr=0.000288371
2026-10-01 19:23:11,339 step=2360 train=3.39394 val=None lr=0.000288258
2026-10-01 19:23:13,938 step=2370 train=3.10263 val=None lr=0.000288145
2026-10-01 19:23:16,493 step=2380 train=3.38585 val=None lr=0.000288031
2026-10-01 19:23:18,149 step=2390 train=3.29632 val=None lr=0.000287917
2026-10-01 19:23:23,136 step=2400 train=3.13552 val=3.176377868652344 lr=0.000287802
2026-10-01 19:23:25,763 step=2410 train=3.37059 val=None lr=0.000287687
2026-10-01 19:23:28,293 step=2420 train=3.08564 val=None lr=0.000287571
2026-10-01 19:23:30,993 step=2430 train=3.19467 val=None lr=0.000287454
2026-10-01 19:23:33,615 step=2440 train=3.33442 val=None lr=0.000287338
2026-10-01 19:23:36,279 step=2450 train=3.42545 val=None lr=0.00028722
2026-10-01 19:23:38,985 step=2460 train=2.97388 val=None lr=0.000287102
2026-10-01 19:23:41,633 step=2470 train=3.02023 val=None lr=0.000286984
2026-10-01 19:23:44,236 step=2480 train=3.34395 val=None lr=0.000286865
2026-10-01 19:23:46,777 step=2490 train=3.20702 val=None lr=0.000286746
2026-10-01 19:23:50,731 step=2500 train=3.16950 val=3.138612747192383 lr=0.000286626
2026-10-01 19:23:55,697 step=2510 train=3.34807 val=None lr=0.000286505
2026-10-01 19:23:58,310 step=2520 train=3.40772 val=None lr=0.000286384
2026-10-01 19:24:00,863 step=2530 train=3.05166 val=None lr=0.000286263
2026-10-01 19:24:03,710 step=2540 train=2.95098 val=None lr=0.000286141
2026-10-01 19:24:06,394 step=2550 train=3.17199 val=None lr=0.000286018
2026-10-01 19:24:09,033 step=2560 train=2.91913 val=None lr=0.000285895
2026-10-01 19:24:11,522 step=2570 train=3.13313 val=None lr=0.000285772
2026-10-01 19:24:14,112 step=2580 train=2.93850 val=None lr=0.000285648
2026-10-01 19:24:17,060 step=2590 train=3.15846 val=None lr=0.000285523
2026-10-01 19:24:20,848 step=2600 train=3.15524 val=3.104959273338318 lr=0.000285398
2026-10-01 19:24:23,419 step=2610 train=3.29363 val=None lr=0.000285273
2026-10-01 19:24:26,095 step=2620 train=3.18179 val=None lr=0.000285147
2026-10-01 19:24:28,925 step=2630 train=3.31761 val=None lr=0.00028502
2026-10-01 19:24:31,545 step=2640 train=3.00945 val=None lr=0.000284893
2026-10-01 19:24:34,162 step=2650 train=3.03435 val=None lr=0.000284765
2026-10-01 19:24:37,030 step=2660 train=3.32093 val=None lr=0.000284637
2026-10-01 19:24:39,750 step=2670 train=2.98817 val=None lr=0.000284509
2026-10-01 19:24:42,471 step=2680 train=3.27039 val=None lr=0.00028438
2026-10-01 19:24:45,101 step=2690 train=3.38116 val=None lr=0.00028425
2026-10-01 19:24:50,139 step=2700 train=3.28763 val=3.065171241760254 lr=0.00028412
2026-10-01 19:24:52,112 step=2710 train=3.33410 val=None lr=0.00028399
2026-10-01 19:24:54,879 step=2720 train=3.27734 val=None lr=0.000283858
2026-10-01 19:24:57,747 step=2730 train=2.97774 val=None lr=0.000283727
2026-10-01 19:25:00,410 step=2740 train=2.97302 val=None lr=0.000283595
2026-10-01 19:25:03,005 step=2750 train=3.24138 val=None lr=0.000283462
2026-10-01 19:25:05,554 step=2760 train=3.16671 val=None lr=0.000283329
2026-10-01 19:25:08,232 step=2770 train=3.22788 val=None lr=0.000283196
2026-10-01 19:25:10,793 step=2780 train=3.15928 val=None lr=0.000283061
2026-10-01 19:25:13,495 step=2790 train=3.01806 val=None lr=0.000282927
2026-10-01 19:25:18,414 step=2800 train=3.06187 val=3.037617337703705 lr=0.000282792
2026-10-01 19:25:21,158 step=2810 train=3.05723 val=None lr=0.000282656
2026-10-01 19:25:22,700 step=2820 train=3.01879 val=None lr=0.00028252
2026-10-01 19:25:25,265 step=2830 train=3.08451 val=None lr=0.000282384
2026-10-01 19:25:27,777 step=2840 train=3.15267 val=None lr=0.000282247
2026-10-01 19:25:30,300 step=2850 train=2.98344 val=None lr=0.000282109
2026-10-01 19:25:32,819 step=2860 train=3.12309 val=None lr=0.000281971
2026-10-01 19:25:35,364 step=2870 train=3.06151 val=None lr=0.000281833
2026-10-01 19:25:37,874 step=2880 train=2.87891 val=None lr=0.000281694
2026-10-01 19:25:40,490 step=2890 train=3.41689 val=None lr=0.000281554
2026-10-01 19:25:45,342 step=2900 train=3.23775 val=3.0068102836608888 lr=0.000281414
2026-10-01 19:25:48,068 step=2910 train=3.03844 val=None lr=0.000281274
2026-10-01 19:25:50,604 step=2920 train=3.03814 val=None lr=0.000281133
2026-10-01 19:25:53,150 step=2930 train=2.91825 val=None lr=0.000280991
2026-10-01 19:25:55,141 step=2940 train=3.26809 val=None lr=0.000280849
2026-10-01 19:25:57,754 step=2950 train=3.05231 val=None lr=0.000280707
2026-10-01 19:26:00,266 step=2960 train=3.21887 val=None lr=0.000280564
2026-10-01 19:26:02,698 step=2970 train=3.41204 val=None lr=0.00028042
2026-10-01 19:26:05,184 step=2980 train=3.03799 val=None lr=0.000280276
2026-10-01 19:26:08,269 step=2990 train=2.78172 val=None lr=0.000280132
2026-10-01 19:26:13,123 step=3000 train=3.32824 val=2.98106210231781 lr=0.000279987
2026-10-01 19:26:17,721 step=3010 train=2.89466 val=None lr=0.000279842
2026-10-01 19:26:20,277 step=3020 train=3.19136 val=None lr=0.000279696
2026-10-01 19:26:22,822 step=3030 train=2.82462 val=None lr=0.00027955
2026-10-01 19:26:25,335 step=3040 train=2.92628 val=None lr=0.000279403
2026-10-01 19:26:27,209 step=3050 train=3.22920 val=None lr=0.000279256
2026-10-01 19:26:29,710 step=3060 train=3.04085 val=None lr=0.000279108
2026-10-01 19:26:32,273 step=3070 train=2.85651 val=None lr=0.00027896
2026-10-01 19:26:34,796 step=3080 train=2.94578 val=None lr=0.000278811
2026-10-01 19:26:37,398 step=3090 train=2.91547 val=None lr=0.000278662
2026-10-01 19:26:42,241 step=3100 train=2.94662 val=2.9508702158927917 lr=0.000278512
2026-10-01 19:26:44,829 step=3110 train=3.21853 val=None lr=0.000278362
2026-10-01 19:26:47,315 step=3120 train=2.83956 val=None lr=0.000278211
2026-10-01 19:26:50,059 step=3130 train=3.15096 val=None lr=0.00027806
2026-10-01 19:26:52,572 step=3140 train=2.94575 val=None lr=0.000277909
2026-10-01 19:26:55,128 step=3150 train=3.15089 val=None lr=0.000277756
2026-10-01 19:26:56,631 step=3160 train=3.07548 val=None lr=0.000277604
2026-10-01 19:26:59,319 step=3170 train=2.99619 val=None lr=0.000277451
2026-10-01 19:27:01,793 step=3180 train=3.06509 val=None lr=0.000277297
2026-10-01 19:27:04,303 step=3190 train=3.15012 val=None lr=0.000277143
2026-10-01 19:27:09,060 step=3200 train=3.00149 val=2.9225346326828 lr=0.000276989
2026-10-01 19:27:11,490 step=3210 train=2.89243 val=None lr=0.000276834
2026-10-01 19:27:14,120 step=3220 train=2.96786 val=None lr=0.000276679
2026-10-01 19:27:16,639 step=3230 train=2.83086 val=None lr=0.000276523
2026-10-01 19:27:19,142 step=3240 train=2.94309 val=None lr=0.000276367
2026-10-01 19:27:21,809 step=3250 train=3.03022 val=None lr=0.00027621
2026-10-01 19:27:24,256 step=3260 train=2.80628 val=None lr=0.000276053
2026-10-01 19:27:26,828 step=3270 train=2.93960 val=None lr=0.000275895
2026-10-01 19:27:28,683 step=3280 train=2.93957 val=None lr=0.000275737
2026-10-01 19:27:31,210 step=3290 train=3.10954 val=None lr=0.000275578
2026-10-01 19:27:36,350 step=3300 train=3.16615 val=2.9041859984397886 lr=0.000275419
2026-10-01 19:27:38,972 step=3310 train=3.08214 val=None lr=0.000275259
2026-10-01 19:27:41,504 step=3320 train=2.91188 val=None lr=0.000275099
2026-10-01 19:27:43,992 step=3330 train=2.78479 val=None lr=0.000274939
2026-10-01 19:27:46,673 step=3340 train=2.91414 val=None lr=0.000274778
2026-10-01 19:27:49,449 step=3350 train=2.97872 val=None lr=0.000274616
2026-10-01 19:27:51,943 step=3360 train=2.87520 val=None lr=0.000274454
2026-10-01 19:27:54,646 step=3370 train=2.94423 val=None lr=0.000274292
2026-10-01 19:27:57,199 step=3380 train=2.74477 val=None lr=0.000274129
2026-10-01 19:27:59,926 step=3390 train=2.77571 val=None lr=0.000273966
2026-10-01 19:28:03,659 step=3400 train=2.84886 val=2.8858787655830382 lr=0.000273802
2026-10-01 19:28:06,243 step=3410 train=3.05635 val=None lr=0.000273638
2026-10-01 19:28:08,728 step=3420 train=3.23368 val=None lr=0.000273473
2026-10-01 19:28:11,452 step=3430 train=3.06677 val=None lr=0.000273308
2026-10-01 19:28:13,973 step=3440 train=2.86773 val=None lr=0.000273143
2026-10-01 19:28:16,591 step=3450 train=2.94038 val=None lr=0.000272977
2026-10-01 19:28:19,159 step=3460 train=2.89189 val=None lr=0.00027281
2026-10-01 19:28:21,714 step=3470 train=2.75113 val=None lr=0.000272643
2026-10-01 19:28:24,535 step=3480 train=2.81977 val=None lr=0.000272476
2026-10-01 19:28:27,367 step=3490 train=2.85003 val=None lr=0.000272308
2026-10-01 19:28:31,018 step=3500 train=3.03628 val=2.8561460614204406 lr=0.00027214
2026-10-01 19:28:35,615 step=3510 train=3.04679 val=None lr=0.000271971
2026-10-01 19:28:38,322 step=3520 train=2.76328 val=None lr=0.000271802
2026-10-01 19:28:40,797 step=3530 train=2.83325 val=None lr=0.000271632
2026-10-01 19:28:43,316 step=3540 train=2.74662 val=None lr=0.000271462
2026-10-01 19:28:45,998 step=3550 train=3.06454 val=None lr=0.000271292
2026-10-01 19:28:48,748 step=3560 train=3.07247 val=None lr=0.000271121
2026-10-01 19:28:51,514 step=3570 train=2.90160 val=None lr=0.000270949
2026-10-01 19:28:54,147 step=3580 train=3.12767 val=None lr=0.000270778
2026-10-01 19:28:56,707 step=3590 train=2.73863 val=None lr=0.000270605
2026-10-01 19:29:01,728 step=3600 train=2.95891 val=2.843358850479126 lr=0.000270432
2026-10-01 19:29:03,290 step=3610 train=2.66598 val=None lr=0.000270259
2026-10-01 19:29:05,978 step=3620 train=2.92853 val=None lr=0.000270086
2026-10-01 19:29:08,802 step=3630 train=2.91429 val=None lr=0.000269912
2026-10-01 19:29:11,414 step=3640 train=3.01127 val=None lr=0.000269737
2026-10-01 19:29:14,080 step=3650 train=2.72357 val=None lr=0.000269562
2026-10-01 19:29:16,663 step=3660 train=2.75205 val=None lr=0.000269387
2026-10-01 19:29:19,283 step=3670 train=2.78728 val=None lr=0.000269211
2026-10-01 19:29:21,869 step=3680 train=2.91814 val=None lr=0.000269034
2026-10-01 19:29:24,753 step=3690 train=2.72873 val=None lr=0.000268858
2026-10-01 19:29:29,516 step=3700 train=2.87166 val=2.820390486717224 lr=0.000268681
2026-10-01 19:29:32,229 step=3710 train=2.80969 val=None lr=0.000268503
2026-10-01 19:29:34,786 step=3720 train=2.97191 val=None lr=0.000268325
2026-10-01 19:29:36,438 step=3730 train=2.77987 val=None lr=0.000268146
2026-10-01 19:29:38,926 step=3740 train=3.19902 val=None lr=0.000267968
2026-10-01 19:29:41,741 step=3750 train=2.93060 val=None lr=0.000267788
2026-10-01 19:29:44,679 step=3760 train=2.68751 val=None lr=0.000267608
2026-10-01 19:29:47,226 step=3770 train=2.97572 val=None lr=0.000267428
2026-10-01 19:29:49,888 step=3780 train=2.65847 val=None lr=0.000267248
2026-10-01 19:29:52,412 step=3790 train=2.77123 val=None lr=0.000267067
2026-10-01 19:30:00,245 step=3800 train=3.02670 val=2.8013709664344786 lr=0.000266885
2026-10-01 19:30:03,129 step=3810 train=2.82190 val=None lr=0.000266703
2026-10-01 19:30:05,732 step=3820 train=2.94600 val=None lr=0.000266521
2026-10-01 19:30:07,235 step=3830 train=2.88123 val=None lr=0.000266338
2026-10-01 19:30:09,967 step=3840 train=2.75344 val=None lr=0.000266155
2026-10-01 19:30:12,553 step=3850 train=2.69857 val=None lr=0.000265971
2026-10-01 19:30:15,162 step=3860 train=3.02282 val=None lr=0.000265787
2026-10-01 19:30:17,753 step=3870 train=2.77884 val=None lr=0.000265603
2026-10-01 19:30:20,408 step=3880 train=2.94337 val=None lr=0.000265418
2026-10-01 19:30:23,456 step=3890 train=3.21996 val=None lr=0.000265232
2026-10-01 19:30:28,391 step=3900 train=3.14555 val=2.785030698776245 lr=0.000265047
2026-10-01 19:30:30,946 step=3910 train=2.68186 val=None lr=0.000264861
2026-10-01 19:30:33,480 step=3920 train=2.96605 val=None lr=0.000264674
2026-10-01 19:30:36,012 step=3930 train=2.76497 val=None lr=0.000264487
2026-10-01 19:30:37,528 step=3940 train=2.77203 val=None lr=0.0002643
2026-10-01 19:30:40,177 step=3950 train=2.71672 val=None lr=0.000264112
2026-10-01 19:30:42,690 step=3960 train=2.79390 val=None lr=0.000263923
2026-10-01 19:30:45,225 step=3970 train=2.66639 val=None lr=0.000263735
2026-10-01 19:30:47,950 step=3980 train=3.13274 val=None lr=0.000263546
2026-10-01 19:30:50,664 step=3990 train=2.59361 val=None lr=0.000263356
2026-10-01 19:30:56,485 step=4000 train=2.70634 val=2.7608502984046934 lr=0.000263166
2026-10-01 19:31:04,844 step=4010 train=2.79317 val=None lr=0.000262976
2026-10-01 19:31:07,360 step=4020 train=2.87431 val=None lr=0.000262785
2026-10-01 19:31:08,875 step=4030 train=2.98669 val=None lr=0.000262594
2026-10-01 19:31:11,565 step=4040 train=3.03421 val=None lr=0.000262402
2026-10-01 19:31:14,350 step=4050 train=2.64038 val=None lr=0.00026221
2026-10-01 19:31:17,016 step=4060 train=3.06638 val=None lr=0.000262018
2026-10-01 19:31:19,554 step=4070 train=2.85791 val=None lr=0.000261825
2026-10-01 19:31:21,897 step=4080 train=2.84629 val=None lr=0.000261632
2026-10-01 19:31:24,434 step=4090 train=2.75719 val=None lr=0.000261438
2026-10-01 19:31:29,765 step=4100 train=2.94554 val=2.7460572361946105 lr=0.000261244
2026-10-01 19:31:32,192 step=4110 train=2.99107 val=None lr=0.00026105
2026-10-01 19:31:34,656 step=4120 train=2.69182 val=None lr=0.000260855
2026-10-01 19:31:37,162 step=4130 train=2.77768 val=None lr=0.00026066
2026-10-01 19:31:39,631 step=4140 train=2.78529 val=None lr=0.000260464
2026-10-01 19:31:41,180 step=4150 train=2.78450 val=None lr=0.000260268
2026-10-01 19:31:43,666 step=4160 train=2.61082 val=None lr=0.000260072
2026-10-01 19:31:46,159 step=4170 train=2.84402 val=None lr=0.000259875
2026-10-01 19:31:48,669 step=4180 train=2.89113 val=None lr=0.000259678
2026-10-01 19:31:51,075 step=4190 train=2.55648 val=None lr=0.00025948
2026-10-01 19:31:55,796 step=4200 train=2.87091 val=2.726933538913727 lr=0.000259282
2026-10-01 19:31:58,278 step=4210 train=2.99875 val=None lr=0.000259084
2026-10-01 19:32:00,739 step=4220 train=2.75172 val=None lr=0.000258885
2026-10-01 19:32:03,283 step=4230 train=2.85409 val=None lr=0.000258686
2026-10-01 19:32:05,836 step=4240 train=2.74769 val=None lr=0.000258486
2026-10-01 19:32:08,304 step=4250 train=3.10613 val=None lr=0.000258286
2026-10-01 19:32:10,841 step=4260 train=2.81239 val=None lr=0.000258086
2026-10-01 19:32:12,176 step=4270 train=2.84089 val=None lr=0.000257885
2026-10-01 19:32:14,709 step=4280 train=2.80398 val=None lr=0.000257684
2026-10-01 19:32:17,212 step=4290 train=2.77991 val=None lr=0.000257482
2026-10-01 19:32:21,783 step=4300 train=2.76393 val=2.707304871082306 lr=0.00025728
2026-10-01 19:32:24,688 step=4310 train=2.80507 val=None lr=0.000257078
2026-10-01 19:32:27,264 step=4320 train=3.30550 val=None lr=0.000256875
2026-10-01 19:32:29,626 step=4330 train=2.81755 val=None lr=0.000256672
2026-10-01 19:32:31,944 step=4340 train=2.69554 val=None lr=0.000256468
2026-10-01 19:32:34,482 step=4350 train=2.80932 val=None lr=0.000256265
2026-10-01 19:32:37,129 step=4360 train=2.53980 val=None lr=0.00025606
2026-10-01 19:32:39,587 step=4370 train=2.80977 val=None lr=0.000255856
2026-10-01 19:32:42,055 step=4380 train=2.50125 val=None lr=0.000255651
2026-10-01 19:32:43,685 step=4390 train=2.97281 val=None lr=0.000255445
2026-10-01 19:32:48,323 step=4400 train=2.68492 val=2.6958587765693665 lr=0.000255239
2026-10-01 19:32:50,966 step=4410 train=2.54239 val=None lr=0.000255033
2026-10-01 19:32:53,599 step=4420 train=2.52082 val=None lr=0.000254827
2026-10-01 19:32:56,369 step=4430 train=2.96529 val=None lr=0.00025462
2026-10-01 19:32:58,903 step=4440 train=2.83396 val=None lr=0.000254412
2026-10-01 19:33:01,549 step=4450 train=2.84931 val=None lr=0.000254205
2026-10-01 19:33:04,423 step=4460 train=2.57211 val=None lr=0.000253997
2026-10-01 19:33:07,311 step=4470 train=2.87318 val=None lr=0.000253788
2026-10-01 19:33:09,703 step=4480 train=2.77851 val=None lr=0.000253579
2026-10-01 19:33:12,316 step=4490 train=2.86987 val=None lr=0.00025337
2026-10-01 19:33:16,167 step=4500 train=2.58640 val=2.6793511867523194 lr=0.00025316
2026-10-01 19:33:21,171 step=4510 train=2.74622 val=None lr=0.000252951
2026-10-01 19:33:23,912 step=4520 train=2.67325 val=None lr=0.00025274
2026-10-01 19:33:26,328 step=4530 train=2.77196 val=None lr=0.00025253
2026-10-01 19:33:28,993 step=4540 train=2.68182 val=None lr=0.000252319
2026-10-01 19:33:31,589 step=4550 train=2.45399 val=None lr=0.000252107
2026-10-01 19:33:34,287 step=4560 train=2.78124 val=None lr=0.000251895
2026-10-01 19:33:36,895 step=4570 train=2.73639 val=None lr=0.000251683
2026-10-01 19:33:39,524 step=4580 train=2.58727 val=None lr=0.000251471
2026-10-01 19:33:42,298 step=4590 train=2.74859 val=None lr=0.000251258
2026-10-01 19:33:45,986 step=4600 train=2.73124 val=2.6670655846595763 lr=0.000251045
2026-10-01 19:33:48,634 step=4610 train=3.00032 val=None lr=0.000250831
2026-10-01 19:33:51,423 step=4620 train=2.76225 val=None lr=0.000250617
2026-10-01 19:33:54,014 step=4630 train=3.04088 val=None lr=0.000250403
2026-10-01 19:33:56,579 step=4640 train=2.87730 val=None lr=0.000250188
2026-10-01 19:33:59,027 step=4650 train=2.70801 val=None lr=0.000249973
2026-10-01 19:34:01,663 step=4660 train=2.62124 val=None lr=0.000249758
2026-10-01 19:34:04,077 step=4670 train=2.68601 val=None lr=0.000249542
2026-10-01 19:34:06,458 step=4680 train=2.79422 val=None lr=0.000249326
2026-10-01 19:34:08,993 step=4690 train=2.53950 val=None lr=0.000249109
2026-10-01 19:34:13,576 step=4700 train=2.87081 val=2.6524473309516905 lr=0.000248892
2026-10-01 19:34:15,985 step=4710 train=2.70592 val=None lr=0.000248675
2026-10-01 19:34:17,649 step=4720 train=2.67202 val=None lr=0.000248458
2026-10-01 19:34:20,095 step=4730 train=2.59332 val=None lr=0.00024824
2026-10-01 19:34:22,580 step=4740 train=2.94544 val=None lr=0.000248022
2026-10-01 19:34:25,266 step=4750 train=2.86848 val=None lr=0.000247803
2026-10-01 19:34:27,952 step=4760 train=2.61086 val=None lr=0.000247584
2026-10-01 19:34:30,322 step=4770 train=2.57501 val=None lr=0.000247365
2026-10-01 19:34:32,884 step=4780 train=2.95718 val=None lr=0.000247145
2026-10-01 19:34:35,614 step=4790 train=2.67330 val=None lr=0.000246925
2026-10-01 19:34:40,432 step=4800 train=3.05134 val=2.6484851598739625 lr=0.000246705
2026-10-01 19:34:42,936 step=4810 train=2.65699 val=None lr=0.000246484
2026-10-01 19:34:45,379 step=4820 train=2.77915 val=None lr=0.000246263
2026-10-01 19:34:47,693 step=4830 train=2.66759 val=None lr=0.000246042
2026-10-01 19:34:49,156 step=4840 train=2.61645 val=None lr=0.00024582
2026-10-01 19:34:51,726 step=4850 train=2.80965 val=None lr=0.000245598
2026-10-01 19:34:54,320 step=4860 train=2.50668 val=None lr=0.000245376
2026-10-01 19:34:56,846 step=4870 train=2.53144 val=None lr=0.000245153
2026-10-01 19:34:59,473 step=4880 train=2.63044 val=None lr=0.00024493
2026-10-01 19:35:01,969 step=4890 train=2.54691 val=None lr=0.000244707
2026-10-01 19:35:06,519 step=4900 train=2.58184 val=2.625052499771118 lr=0.000244483
2026-10-01 19:35:08,962 step=4910 train=2.73839 val=None lr=0.000244259
2026-10-01 19:35:11,303 step=4920 train=2.64504 val=None lr=0.000244035
2026-10-01 19:35:13,970 step=4930 train=2.85361 val=None lr=0.00024381
2026-10-01 19:35:16,383 step=4940 train=2.82470 val=None lr=0.000243585
2026-10-01 19:35:18,927 step=4950 train=2.54860 val=None lr=0.00024336
2026-10-01 19:35:20,323 step=4960 train=2.30480 val=None lr=0.000243134
2026-10-01 19:35:22,711 step=4970 train=2.65418 val=None lr=0.000242908
2026-10-01 19:35:25,267 step=4980 train=2.45488 val=None lr=0.000242682
2026-10-01 19:35:27,713 step=4990 train=2.86057 val=None lr=0.000242455
2026-10-01 19:35:32,485 step=5000 train=2.91842 val=2.6126373767852784 lr=0.000242228
2026-10-01 19:35:37,326 step=5010 train=2.65426 val=None lr=0.000242001
2026-10-01 19:35:39,853 step=5020 train=2.77946 val=None lr=0.000241773
2026-10-01 19:35:42,175 step=5030 train=2.76792 val=None lr=0.000241545
2026-10-01 19:35:44,503 step=5040 train=2.62924 val=None lr=0.000241317
2026-10-01 19:35:46,919 step=5050 train=2.68772 val=None lr=0.000241088
2026-10-01 19:35:49,292 step=5060 train=2.94691 val=None lr=0.000240859
2026-10-01 19:35:51,609 step=5070 train=2.65798 val=None lr=0.00024063
2026-10-01 19:35:53,001 step=5080 train=3.04452 val=None lr=0.0002404
2026-10-01 19:35:55,624 step=5090 train=2.59012 val=None lr=0.00024017
2026-10-01 19:36:00,202 step=5100 train=2.83612 val=2.6015750408172607 lr=0.00023994
2026-10-01 19:36:02,687 step=5110 train=2.77975 val=None lr=0.00023971
2026-10-01 19:36:05,596 step=5120 train=2.74533 val=None lr=0.000239479
2026-10-01 19:36:08,069 step=5130 train=2.45024 val=None lr=0.000239248
2026-10-01 19:36:10,413 step=5140 train=2.62197 val=None lr=0.000239016
2026-10-01 19:36:12,746 step=5150 train=2.76785 val=None lr=0.000238784
2026-10-01 19:36:15,069 step=5160 train=2.80123 val=None lr=0.000238552
2026-10-01 19:36:17,398 step=5170 train=2.47994 val=None lr=0.00023832
2026-10-01 19:36:19,764 step=5180 train=2.72451 val=None lr=0.000238087
2026-10-01 19:36:22,225 step=5190 train=2.44000 val=None lr=0.000237854
2026-10-01 19:36:25,823 step=5200 train=2.93276 val=2.5867980837821962 lr=0.000237621
2026-10-01 19:36:28,324 step=5210 train=2.44858 val=None lr=0.000237387
2026-10-01 19:36:30,831 step=5220 train=2.86776 val=None lr=0.000237153
2026-10-01 19:36:33,300 step=5230 train=2.63451 val=None lr=0.000236919
2026-10-01 19:36:35,961 step=5240 train=2.69949 val=None lr=0.000236684
2026-10-01 19:36:38,463 step=5250 train=2.54952 val=None lr=0.00023645
2026-10-01 19:36:40,942 step=5260 train=2.54164 val=None lr=0.000236214
2026-10-01 19:36:43,758 step=5270 train=2.71958 val=None lr=0.000235979
2026-10-01 19:36:46,243 step=5280 train=2.94465 val=None lr=0.000235743
2026-10-01 19:36:48,865 step=5290 train=2.65928 val=None lr=0.000235507
2026-10-01 19:36:53,601 step=5300 train=2.82642 val=2.576385700702667 lr=0.000235271
2026-10-01 19:36:54,858 step=5310 train=2.53509 val=None lr=0.000235034
2026-10-01 19:36:57,237 step=5320 train=2.73840 val=None lr=0.000234797
2026-10-01 19:36:59,684 step=5330 train=2.65406 val=None lr=0.00023456
2026-10-01 19:37:01,997 step=5340 train=2.56701 val=None lr=0.000234323
2026-10-01 19:37:04,423 step=5350 train=2.48856 val=None lr=0.000234085
2026-10-01 19:37:06,987 step=5360 train=2.83963 val=None lr=0.000233847
2026-10-01 19:37:09,754 step=5370 train=2.67178 val=None lr=0.000233608
2026-10-01 19:37:12,421 step=5380 train=2.51038 val=None lr=0.00023337
2026-10-01 19:37:14,753 step=5390 train=2.64602 val=None lr=0.000233131
2026-10-01 19:37:19,343 step=5400 train=2.68308 val=2.5704235553741457 lr=0.000232891
2026-10-01 19:37:21,941 step=5410 train=2.72189 val=None lr=0.000232652
2026-10-01 19:37:24,388 step=5420 train=2.44170 val=None lr=0.000232412
2026-10-01 19:37:25,870 step=5430 train=2.76574 val=None lr=0.000232172
2026-10-01 19:37:28,435 step=5440 train=2.65910 val=None lr=0.000231932
2026-10-01 19:37:30,833 step=5450 train=2.60698 val=None lr=0.000231691
2026-10-01 19:37:33,372 step=5460 train=2.82625 val=None lr=0.00023145
2026-10-01 19:37:35,835 step=5470 train=2.54079 val=None lr=0.000231209
2026-10-01 19:37:38,664 step=5480 train=2.56951 val=None lr=0.000230967
2026-10-01 19:37:41,074 step=5490 train=2.57139 val=None lr=0.000230725
2026-10-01 19:37:45,848 step=5500 train=2.66947 val=2.5564015984535216 lr=0.000230483
2026-10-01 19:37:50,578 step=5510 train=2.35742 val=None lr=0.000230241
2026-10-01 19:37:53,043 step=5520 train=2.58810 val=None lr=0.000229998
2026-10-01 19:37:55,397 step=5530 train=2.50054 val=None lr=0.000229756
2026-10-01 19:37:56,979 step=5540 train=2.37323 val=None lr=0.000229512
2026-10-01 19:37:59,436 step=5550 train=2.91899 val=None lr=0.000229269
2026-10-01 19:38:01,978 step=5560 train=2.67995 val=None lr=0.000229025
2026-10-01 19:38:04,467 step=5570 train=2.66267 val=None lr=0.000228781
2026-10-01 19:38:07,030 step=5580 train=2.65635 val=None lr=0.000228537
2026-10-01 19:38:09,451 step=5590 train=2.55851 val=None lr=0.000228293
2026-10-01 19:38:13,924 step=5600 train=2.87926 val=2.5453155994415284 lr=0.000228048
2026-10-01 19:38:16,557 step=5610 train=2.55327 val=None lr=0.000227803
2026-10-01 19:38:19,386 step=5620 train=2.39312 val=None lr=0.000227557
2026-10-01 19:38:21,851 step=5630 train=2.42347 val=None lr=0.000227312
2026-10-01 19:38:24,142 step=5640 train=2.56379 val=None lr=0.000227066
2026-10-01 19:38:26,487 step=5650 train=2.80831 val=None lr=0.00022682
2026-10-01 19:38:28,829 step=5660 train=2.67808 val=None lr=0.000226574
2026-10-01 19:38:30,014 step=5670 train=2.55403 val=None lr=0.000226327
2026-10-01 19:38:32,520 step=5680 train=2.76749 val=None lr=0.00022608
2026-10-01 19:38:34,870 step=5690 train=2.52458 val=None lr=0.000225833
2026-10-01 19:38:39,692 step=5700 train=2.74375 val=2.528022837638855 lr=0.000225586
2026-10-01 19:38:42,284 step=5710 train=2.69939 val=None lr=0.000225338
2026-10-01 19:38:44,635 step=5720 train=2.71800 val=None lr=0.00022509
2026-10-01 19:38:46,980 step=5730 train=2.68438 val=None lr=0.000224842
2026-10-01 19:38:49,530 step=5740 train=2.54999 val=None lr=0.000224594
2026-10-01 19:38:52,067 step=5750 train=2.37653 val=None lr=0.000224345
2026-10-01 19:38:54,647 step=5760 train=2.63291 val=None lr=0.000224096
2026-10-01 19:38:57,127 step=5770 train=2.60890 val=None lr=0.000223847
2026-10-01 19:38:59,707 step=5780 train=2.72545 val=None lr=0.000223597
2026-10-01 19:39:01,244 step=5790 train=2.84845 val=None lr=0.000223348
2026-10-01 19:39:05,842 step=5800 train=2.80083 val=2.5274391412734984 lr=0.000223098
2026-10-01 19:39:08,514 step=5810 train=2.50201 val=None lr=0.000222848
2026-10-01 19:39:11,165 step=5820 train=2.65188 val=None lr=0.000222597
2026-10-01 19:39:13,692 step=5830 train=2.74499 val=None lr=0.000222347
2026-10-01 19:39:16,162 step=5840 train=2.57184 val=None lr=0.000222096
2026-10-01 19:39:18,542 step=5850 train=2.42463 val=None lr=0.000221845
2026-10-01 19:39:20,845 step=5860 train=2.60364 val=None lr=0.000221594
2026-10-01 19:39:23,401 step=5870 train=2.33502 val=None lr=0.000221342
2026-10-01 19:39:25,683 step=5880 train=2.30328 val=None lr=0.00022109
2026-10-01 19:39:27,950 step=5890 train=2.50045 val=None lr=0.000220838
2026-10-01 19:39:31,509 step=5900 train=2.39356 val=2.5129221200942995 lr=0.000220586
2026-10-01 19:39:33,875 step=5910 train=2.60270 val=None lr=0.000220333
2026-10-01 19:39:36,247 step=5920 train=2.90750 val=None lr=0.000220081
2026-10-01 19:39:38,842 step=5930 train=2.50249 val=None lr=0.000219828
2026-10-01 19:39:41,307 step=5940 train=2.33551 val=None lr=0.000219574
2026-10-01 19:39:43,777 step=5950 train=2.54173 val=None lr=0.000219321
2026-10-01 19:39:46,258 step=5960 train=2.50799 val=None lr=0.000219067
2026-10-01 19:39:48,569 step=5970 train=2.54174 val=None lr=0.000218813
2026-10-01 19:39:51,025 step=5980 train=2.51623 val=None lr=0.000218559
2026-10-01 19:39:53,434 step=5990 train=2.72606 val=None lr=0.000218305
2026-10-01 19:39:58,047 step=6000 train=2.38536 val=2.501565408706665 lr=0.00021805
2026-10-01 19:40:02,811 step=6010 train=2.53217 val=None lr=0.000217796
2026-10-01 19:40:04,138 step=6020 train=2.50489 val=None lr=0.000217541
2026-10-01 19:40:06,806 step=6030 train=2.67066 val=None lr=0.000217285
2026-10-01 19:40:09,277 step=6040 train=2.82592 val=None lr=0.00021703
2026-10-01 19:40:11,624 step=6050 train=2.63436 val=None lr=0.000216774
2026-10-01 19:40:14,028 step=6060 train=2.48812 val=None lr=0.000216518
2026-10-01 19:40:16,707 step=6070 train=2.54381 val=None lr=0.000216262
2026-10-01 19:40:19,019 step=6080 train=2.63985 val=None lr=0.000216006
2026-10-01 19:40:21,507 step=6090 train=2.64434 val=None lr=0.000215749
2026-10-01 19:40:26,255 step=6100 train=2.74666 val=2.495738482475281 lr=0.000215493
2026-10-01 19:40:28,687 step=6110 train=2.71867 val=None lr=0.000215236
2026-10-01 19:40:30,987 step=6120 train=2.49540 val=None lr=0.000214978
2026-10-01 19:40:33,462 step=6130 train=2.32483 val=None lr=0.000214721
2026-10-01 19:40:34,900 step=6140 train=2.51023 val=None lr=0.000214463
2026-10-01 19:40:37,387 step=6150 train=2.49138 val=None lr=0.000214206
2026-10-01 19:40:39,819 step=6160 train=2.66154 val=None lr=0.000213948
2026-10-01 19:40:42,249 step=6170 train=2.57459 val=None lr=0.000213689
2026-10-01 19:40:44,819 step=6180 train=2.41915 val=None lr=0.000213431
2026-10-01 19:40:47,281 step=6190 train=2.71755 val=None lr=0.000213172
2026-10-01 19:40:51,990 step=6200 train=2.70291 val=2.4882432341575624 lr=0.000212913
2026-10-01 19:40:54,416 step=6210 train=2.64444 val=None lr=0.000212654
2026-10-01 19:40:57,168 step=6220 train=2.45248 val=None lr=0.000212395
2026-10-01 19:40:59,745 step=6230 train=2.68627 val=None lr=0.000212136
2026-10-01 19:41:02,063 step=6240 train=2.29510 val=None lr=0.000211876
2026-10-01 19:41:04,485 step=6250 train=2.40684 val=None lr=0.000211616
2026-10-01 19:41:05,897 step=6260 train=2.21973 val=None lr=0.000211356
2026-10-01 19:41:08,624 step=6270 train=2.60284 val=None lr=0.000211096
2026-10-01 19:41:11,015 step=6280 train=2.63615 val=None lr=0.000210836
2026-10-01 19:41:13,322 step=6290 train=2.53532 val=None lr=0.000210575
2026-10-01 19:41:18,020 step=6300 train=2.80358 val=2.477477192878723 lr=0.000210314
2026-10-01 19:41:20,612 step=6310 train=2.36677 val=None lr=0.000210053
2026-10-01 19:41:22,929 step=6320 train=2.98470 val=None lr=0.000209792
2026-10-01 19:41:25,335 step=6330 train=2.57028 val=None lr=0.000209531
2026-10-01 19:41:27,775 step=6340 train=2.53022 val=None lr=0.000209269
2026-10-01 19:41:30,175 step=6350 train=2.38525 val=None lr=0.000209007
2026-10-01 19:41:32,514 step=6360 train=2.38283 val=None lr=0.000208745
2026-10-01 19:41:34,927 step=6370 train=2.70634 val=None lr=0.000208483
2026-10-01 19:41:37,448 step=6380 train=2.34467 val=None lr=0.000208221
2026-10-01 19:41:39,056 step=6390 train=2.44948 val=None lr=0.000207959
2026-10-01 19:41:43,464 step=6400 train=2.63757 val=2.468877148628235 lr=0.000207696
2026-10-01 19:41:45,790 step=6410 train=2.34401 val=None lr=0.000207433
2026-10-01 19:41:48,110 step=6420 train=2.50670 val=None lr=0.00020717
2026-10-01 19:41:50,374 step=6430 train=2.49989 val=None lr=0.000206907
2026-10-01 19:41:52,745 step=6440 train=2.75268 val=None lr=0.000206644
2026-10-01 19:41:55,080 step=6450 train=2.86451 val=None lr=0.00020638
2026-10-01 19:41:57,333 step=6460 train=2.42211 val=None lr=0.000206116
2026-10-01 19:41:59,666 step=6470 train=2.55049 val=None lr=0.000205852
2026-10-01 19:42:02,115 step=6480 train=2.59426 val=None lr=0.000205588
2026-10-01 19:42:04,459 step=6490 train=2.33739 val=None lr=0.000205324
2026-10-01 19:42:08,689 step=6500 train=2.58244 val=2.4617637276649473 lr=0.00020506
2026-10-01 19:42:12,126 step=6510 train=2.51758 val=None lr=0.000204795
2026-10-01 19:42:14,557 step=6520 train=2.20174 val=None lr=0.00020453
2026-10-01 19:42:16,933 step=6530 train=2.32153 val=None lr=0.000204265
2026-10-01 19:42:19,277 step=6540 train=2.57816 val=None lr=0.000204
2026-10-01 19:42:21,574 step=6550 train=2.49513 val=None lr=0.000203735
2026-10-01 19:42:23,911 step=6560 train=2.48756 val=None lr=0.00020347
2026-10-01 19:42:26,207 step=6570 train=2.65951 val=None lr=0.000203204
2026-10-01 19:42:28,632 step=6580 train=2.39618 val=None lr=0.000202938
2026-10-01 19:42:30,916 step=6590 train=2.42363 val=None lr=0.000202673
2026-10-01 19:42:35,540 step=6600 train=2.68520 val=2.449343729019165 lr=0.000202407
2026-10-01 19:42:37,949 step=6610 train=2.30374 val=None lr=0.00020214
2026-10-01 19:42:40,558 step=6620 train=2.46987 val=None lr=0.000201874
2026-10-01 19:42:41,728 step=6630 train=2.73435 val=None lr=0.000201607
2026-10-01 19:42:44,047 step=6640 train=2.33404 val=None lr=0.000201341
2026-10-01 19:42:46,687 step=6650 train=2.45174 val=None lr=0.000201074
2026-10-01 19:42:49,277 step=6660 train=2.64423 val=None lr=0.000200807
2026-10-01 19:42:51,883 step=6670 train=2.47941 val=None lr=0.00020054
2026-10-01 19:42:54,515 step=6680 train=2.57426 val=None lr=0.000200273
2026-10-01 19:42:57,114 step=6690 train=2.53755 val=None lr=0.000200005
2026-10-01 19:43:01,913 step=6700 train=2.34136 val=2.438816583156586 lr=0.000199738
2026-10-01 19:43:04,497 step=6710 train=2.37989 val=None lr=0.00019947
2026-10-01 19:43:07,001 step=6720 train=2.20400 val=None lr=0.000199202
2026-10-01 19:43:09,496 step=6730 train=2.57273 val=None lr=0.000198934
2026-10-01 19:43:11,964 step=6740 train=2.66030 val=None lr=0.000198666
2026-10-01 19:43:13,425 step=6750 train=2.62301 val=None lr=0.000198398
2026-10-01 19:43:15,939 step=6760 train=2.61865 val=None lr=0.000198129
2026-10-01 19:43:18,385 step=6770 train=2.62610 val=None lr=0.000197861
2026-10-01 19:43:20,959 step=6780 train=2.72546 val=None lr=0.000197592
2026-10-01 19:43:23,547 step=6790 train=2.37724 val=None lr=0.000197323
2026-10-01 19:43:28,355 step=6800 train=2.51240 val=2.4338470935821532 lr=0.000197054
2026-10-01 19:43:31,037 step=6810 train=2.61810 val=None lr=0.000196785
2026-10-01 19:43:33,355 step=6820 train=2.52146 val=None lr=0.000196516
2026-10-01 19:43:35,780 step=6830 train=2.46921 val=None lr=0.000196246
2026-10-01 19:43:38,238 step=6840 train=2.70645 val=None lr=0.000195977
2026-10-01 19:43:40,735 step=6850 train=2.55945 val=None lr=0.000195707
2026-10-01 19:43:43,078 step=6860 train=2.62903 val=None lr=0.000195438
2026-10-01 19:43:44,484 step=6870 train=2.19257 val=None lr=0.000195168
2026-10-01 19:43:47,084 step=6880 train=2.70511 val=None lr=0.000194898
2026-10-01 19:43:49,714 step=6890 train=2.20224 val=None lr=0.000194627
2026-10-01 19:43:54,394 step=6900 train=2.30654 val=2.422189545631409 lr=0.000194357
2026-10-01 19:43:56,836 step=6910 train=2.48606 val=None lr=0.000194087
2026-10-01 19:44:00,099 step=6920 train=2.21692 val=None lr=0.000193816
2026-10-01 19:44:02,733 step=6930 train=2.54518 val=None lr=0.000193546
2026-10-01 19:44:05,300 step=6940 train=2.40346 val=None lr=0.000193275
2026-10-01 19:44:08,467 step=6950 train=2.74548 val=None lr=0.000193004
2026-10-01 19:44:10,995 step=6960 train=2.47621 val=None lr=0.000192733
2026-10-01 19:44:13,576 step=6970 train=2.61597 val=None lr=0.000192462
2026-10-01 19:44:16,059 step=6980 train=2.74855 val=None lr=0.000192191
2026-10-01 19:44:18,715 step=6990 train=2.44918 val=None lr=0.000191919
2026-10-01 19:44:23,811 step=7000 train=2.54836 val=2.414734971523285 lr=0.000191648
2026-10-01 19:44:28,505 step=7010 train=2.30427 val=None lr=0.000191376
2026-10-01 19:44:31,045 step=7020 train=2.47113 val=None lr=0.000191105
2026-10-01 19:44:33,363 step=7030 train=2.30967 val=None lr=0.000190833
2026-10-01 19:44:35,822 step=7040 train=2.31199 val=None lr=0.000190561
2026-10-01 19:44:38,238 step=7050 train=2.46645 val=None lr=0.000190289
2026-10-01 19:44:40,871 step=7060 train=2.59179 val=None lr=0.000190017
2026-10-01 19:44:43,459 step=7070 train=2.37282 val=None lr=0.000189745
2026-10-01 19:44:46,134 step=7080 train=2.40191 val=None lr=0.000189472
2026-10-01 19:44:48,561 step=7090 train=2.50942 val=None lr=0.0001892
2026-10-01 19:44:52,518 step=7100 train=2.54190 val=2.4077662587165833 lr=0.000188927
2026-10-01 19:44:54,583 step=7110 train=2.60307 val=None lr=0.000188655
2026-10-01 19:44:56,603 step=7120 train=2.60539 val=None lr=0.000188382
2026-10-01 19:44:58,853 step=7130 train=2.45253 val=None lr=0.000188109
2026-10-01 19:45:01,202 step=7140 train=2.46454 val=None lr=0.000187836
2026-10-01 19:45:03,624 step=7150 train=2.46358 val=None lr=0.000187563
2026-10-01 19:45:06,038 step=7160 train=2.21907 val=None lr=0.00018729
2026-10-01 19:45:08,699 step=7170 train=2.37161 val=None lr=0.000187017
2026-10-01 19:45:11,006 step=7180 train=2.30848 val=None lr=0.000186743
2026-10-01 19:45:13,403 step=7190 train=2.37621 val=None lr=0.00018647
2026-10-01 19:45:17,742 step=7200 train=2.52639 val=2.4017578125 lr=0.000186197
2026-10-01 19:45:20,157 step=7210 train=2.54976 val=None lr=0.000185923
2026-10-01 19:45:22,659 step=7220 train=2.24459 val=None lr=0.000185649
2026-10-01 19:45:25,110 step=7230 train=2.45166 val=None lr=0.000185376
2026-10-01 19:45:27,584 step=7240 train=2.55802 val=None lr=0.000185102
2026-10-01 19:45:30,166 step=7250 train=2.46220 val=None lr=0.000184828
2026-10-01 19:45:32,642 step=7260 train=2.16764 val=None lr=0.000184554
2026-10-01 19:45:35,154 step=7270 train=2.21459 val=None lr=0.00018428
2026-10-01 19:45:37,642 step=7280 train=2.26634 val=None lr=0.000184006
2026-10-01 19:45:40,043 step=7290 train=2.42392 val=None lr=0.000183731
2026-10-01 19:45:44,639 step=7300 train=2.49307 val=2.394830119609833 lr=0.000183457
2026-10-01 19:45:47,025 step=7310 train=2.58316 val=None lr=0.000183183
2026-10-01 19:45:49,448 step=7320 train=2.47520 val=None lr=0.000182908
2026-10-01 19:45:51,872 step=7330 train=2.56797 val=None lr=0.000182634
2026-10-01 19:45:54,303 step=7340 train=2.29893 val=None lr=0.000182359
2026-10-01 19:45:56,766 step=7350 train=2.42176 val=None lr=0.000182084
2026-10-01 19:45:59,077 step=7360 train=2.33923 val=None lr=0.00018181
2026-10-01 19:46:01,642 step=7370 train=2.50211 val=None lr=0.000181535
2026-10-01 19:46:03,390 step=7380 train=2.58017 val=None lr=0.00018126
2026-10-01 19:46:05,731 step=7390 train=2.49124 val=None lr=0.000180985
2026-10-01 19:46:10,301 step=7400 train=2.46713 val=2.385896456241608 lr=0.00018071
2026-10-01 19:46:12,654 step=7410 train=2.68413 val=None lr=0.000180435
2026-10-01 19:46:15,070 step=7420 train=2.37361 val=None lr=0.000180159
2026-10-01 19:46:17,682 step=7430 train=2.43208 val=None lr=0.000179884
2026-10-01 19:46:20,135 step=7440 train=2.41111 val=None lr=0.000179609
2026-10-01 19:46:22,460 step=7450 train=2.32517 val=None lr=0.000179334
2026-10-01 19:46:24,927 step=7460 train=2.48600 val=None lr=0.000179058
2026-10-01 19:46:27,444 step=7470 train=2.26137 val=None lr=0.000178783
2026-10-01 19:46:29,857 step=7480 train=2.37343 val=None lr=0.000178507
2026-10-01 19:46:32,338 step=7490 train=2.54739 val=None lr=0.000178231
2026-10-01 19:46:37,139 step=7500 train=2.16997 val=2.3810712456703187 lr=0.000177956
2026-10-01 19:46:42,033 step=7510 train=2.43808 val=None lr=0.00017768
2026-10-01 19:46:44,572 step=7520 train=2.41849 val=None lr=0.000177404
2026-10-01 19:46:47,332 step=7530 train=2.32997 val=None lr=0.000177128
2026-10-01 19:46:49,749 step=7540 train=2.23220 val=None lr=0.000176853
2026-10-01 19:46:51,998 step=7550 train=2.35255 val=None lr=0.000176577
2026-10-01 19:46:54,293 step=7560 train=2.40207 val=None lr=0.000176301
2026-10-01 19:46:56,800 step=7570 train=2.37909 val=None lr=0.000176025
2026-10-01 19:46:59,331 step=7580 train=2.47692 val=None lr=0.000175749
2026-10-01 19:47:01,707 step=7590 train=2.45791 val=None lr=0.000175473
2026-10-01 19:47:06,335 step=7600 train=2.36970 val=2.3750617623329164 lr=0.000175196
2026-10-01 19:47:08,258 step=7610 train=2.47460 val=None lr=0.00017492
2026-10-01 19:47:10,714 step=7620 train=2.42235 val=None lr=0.000174644
2026-10-01 19:47:13,133 step=7630 train=2.70795 val=None lr=0.000174368
2026-10-01 19:47:15,783 step=7640 train=2.38455 val=None lr=0.000174091
2026-10-01 19:47:18,299 step=7650 train=2.90821 val=None lr=0.000173815
2026-10-01 19:47:20,962 step=7660 train=2.26192 val=None lr=0.000173539
2026-10-01 19:47:23,560 step=7670 train=2.22995 val=None lr=0.000173262
2026-10-01 19:47:26,245 step=7680 train=2.27881 val=None lr=0.000172986
2026-10-01 19:47:28,694 step=7690 train=2.55511 val=None lr=0.000172709
2026-10-01 19:47:33,171 step=7700 train=2.62450 val=2.3681681752204895 lr=0.000172433
2026-10-01 19:47:35,690 step=7710 train=2.77951 val=None lr=0.000172156
2026-10-01 19:47:38,075 step=7720 train=2.66758 val=None lr=0.00017188
2026-10-01 19:47:39,713 step=7730 train=2.33547 val=None lr=0.000171603
2026-10-01 19:47:41,930 step=7740 train=2.51357 val=None lr=0.000171326
2026-10-01 19:47:44,270 step=7750 train=2.52883 val=None lr=0.00017105
2026-10-01 19:47:46,843 step=7760 train=2.60879 val=None lr=0.000170773
2026-10-01 19:47:49,722 step=7770 train=2.35096 val=None lr=0.000170496
2026-10-01 19:47:52,355 step=7780 train=2.38991 val=None lr=0.000170219
2026-10-01 19:47:55,116 step=7790 train=2.41680 val=None lr=0.000169943
2026-10-01 19:48:00,044 step=7800 train=2.47683 val=2.361610496044159 lr=0.000169666
2026-10-01 19:48:02,599 step=7810 train=2.48271 val=None lr=0.000169389
2026-10-01 19:48:05,193 step=7820 train=2.45317 val=None lr=0.000169112
2026-10-01 19:48:07,744 step=7830 train=2.41386 val=None lr=0.000168835
2026-10-01 19:48:10,301 step=7840 train=2.18145 val=None lr=0.000168559
2026-10-01 19:48:12,114 step=7850 train=2.56476 val=None lr=0.000168282
2026-10-01 19:48:14,386 step=7860 train=2.42387 val=None lr=0.000168005
2026-10-01 19:48:16,829 step=7870 train=2.38382 val=None lr=0.000167728
2026-10-01 19:48:19,149 step=7880 train=2.74261 val=None lr=0.000167451
2026-10-01 19:48:21,668 step=7890 train=2.41535 val=None lr=0.000167174
2026-10-01 19:48:26,557 step=7900 train=2.67182 val=2.351642119884491 lr=0.000166897
2026-10-01 19:48:28,953 step=7910 train=2.36140 val=None lr=0.00016662
2026-10-01 19:48:31,261 step=7920 train=2.18500 val=None lr=0.000166343
2026-10-01 19:48:33,696 step=7930 train=2.64716 val=None lr=0.000166066
2026-10-01 19:48:36,189 step=7940 train=2.55645 val=None lr=0.000165789
2026-10-01 19:48:38,562 step=7950 train=2.60969 val=None lr=0.000165512
2026-10-01 19:48:41,078 step=7960 train=2.27249 val=None lr=0.000165235
2026-10-01 19:48:43,461 step=7970 train=2.18707 val=None lr=0.000164958
2026-10-01 19:48:44,888 step=7980 train=2.16194 val=None lr=0.000164681
2026-10-01 19:48:47,323 step=7990 train=2.49013 val=None lr=0.000164405
2026-10-01 19:48:51,728 step=8000 train=2.49655 val=2.3480897307395936 lr=0.000164128
2026-10-01 19:48:56,740 step=8010 train=2.63883 val=None lr=0.000163851
2026-10-01 19:48:59,185 step=8020 train=2.26117 val=None lr=0.000163574
2026-10-01 19:49:01,888 step=8030 train=2.16559 val=None lr=0.000163297
2026-10-01 19:49:04,618 step=8040 train=2.60755 val=None lr=0.00016302
2026-10-01 19:49:07,195 step=8050 train=2.44505 val=None lr=0.000162743
2026-10-01 19:49:09,723 step=8060 train=2.49202 val=None lr=0.000162466
2026-10-01 19:49:12,268 step=8070 train=2.45449 val=None lr=0.000162189
2026-10-01 19:49:14,855 step=8080 train=2.39474 val=None lr=0.000161912
2026-10-01 19:49:16,305 step=8090 train=2.17927 val=None lr=0.000161635
2026-10-01 19:49:20,892 step=8100 train=2.36203 val=2.3407212615013124 lr=0.000161358
2026-10-01 19:49:23,253 step=8110 train=2.50166 val=None lr=0.000161082
2026-10-01 19:49:25,821 step=8120 train=2.38039 val=None lr=0.000160805
2026-10-01 19:49:28,494 step=8130 train=2.27809 val=None lr=0.000160528
2026-10-01 19:49:31,014 step=8140 train=2.38421 val=None lr=0.000160251
2026-10-01 19:49:33,867 step=8150 train=2.28376 val=None lr=0.000159974
2026-10-01 19:49:36,456 step=8160 train=2.30646 val=None lr=0.000159698
2026-10-01 19:49:38,964 step=8170 train=2.37351 val=None lr=0.000159421
2026-10-01 19:49:41,372 step=8180 train=2.28670 val=None lr=0.000159144
2026-10-01 19:49:44,167 step=8190 train=2.30058 val=None lr=0.000158867
2026-10-01 19:49:47,941 step=8200 train=2.30912 val=2.336194658279419 lr=0.000158591
2026-10-01 19:49:50,460 step=8210 train=2.40625 val=None lr=0.000158314
2026-10-01 19:49:53,134 step=8220 train=2.38365 val=None lr=0.000158037
2026-10-01 19:49:55,788 step=8230 train=2.42165 val=None lr=0.000157761
2026-10-01 19:49:58,250 step=8240 train=2.48444 val=None lr=0.000157484
2026-10-01 19:50:00,885 step=8250 train=2.30100 val=None lr=0.000157208
2026-10-01 19:50:03,733 step=8260 train=2.38789 val=None lr=0.000156931
2026-10-01 19:50:07,114 step=8270 train=2.36315 val=None lr=0.000156655
2026-10-01 19:50:09,703 step=8280 train=2.44867 val=None lr=0.000156378
2026-10-01 19:50:12,252 step=8290 train=2.51578 val=None lr=0.000156102
2026-10-01 19:50:16,727 step=8300 train=2.08745 val=2.3299483180046083 lr=0.000155826
2026-10-01 19:50:18,430 step=8310 train=2.64370 val=None lr=0.000155549
2026-10-01 19:50:20,783 step=8320 train=2.34776 val=None lr=0.000155273
2026-10-01 19:50:23,491 step=8330 train=2.15967 val=None lr=0.000154997
2026-10-01 19:50:25,907 step=8340 train=2.42962 val=None lr=0.000154721
2026-10-01 19:50:28,424 step=8350 train=2.55916 val=None lr=0.000154445
2026-10-01 19:50:30,869 step=8360 train=2.43940 val=None lr=0.000154169
2026-10-01 19:50:33,202 step=8370 train=2.38657 val=None lr=0.000153892
2026-10-01 19:50:35,588 step=8380 train=2.43351 val=None lr=0.000153616
2026-10-01 19:50:37,892 step=8390 train=2.22255 val=None lr=0.000153341
2026-10-01 19:50:42,073 step=8400 train=2.31761 val=2.31997230052948 lr=0.000153065
2026-10-01 19:50:44,542 step=8410 train=2.54716 val=None lr=0.000152789
2026-10-01 19:50:46,869 step=8420 train=2.34767 val=None lr=0.000152513
2026-10-01 19:50:49,374 step=8430 train=2.37091 val=None lr=0.000152237
2026-10-01 19:50:51,031 step=8440 train=2.17635 val=None lr=0.000151962
2026-10-01 19:50:53,488 step=8450 train=2.12803 val=None lr=0.000151686
2026-10-01 19:50:55,854 step=8460 train=2.18440 val=None lr=0.00015141
2026-10-01 19:50:58,510 step=8470 train=2.47243 val=None lr=0.000151135
2026-10-01 19:51:00,793 step=8480 train=2.67939 val=None lr=0.000150859
2026-10-01 19:51:03,529 step=8490 train=2.08033 val=None lr=0.000150584
2026-10-01 19:51:08,104 step=8500 train=2.34593 val=2.31540846824646 lr=0.000150309
2026-10-01 19:51:13,258 step=8510 train=2.38524 val=None lr=0.000150033
2026-10-01 19:51:15,711 step=8520 train=2.23939 val=None lr=0.000149758
2026-10-01 19:51:18,278 step=8530 train=2.45116 val=None lr=0.000149483
2026-10-01 19:51:20,850 step=8540 train=2.40565 val=None lr=0.000149208
2026-10-01 19:51:22,633 step=8550 train=2.37312 val=None lr=0.000148933
2026-10-01 19:51:25,258 step=8560 train=2.18818 val=None lr=0.000148658
2026-10-01 19:51:27,745 step=8570 train=2.11431 val=None lr=0.000148383
2026-10-01 19:51:30,126 step=8580 train=2.28533 val=None lr=0.000148108
2026-10-01 19:51:32,674 step=8590 train=2.12647 val=None lr=0.000147833
2026-10-01 19:51:37,350 step=8600 train=2.27045 val=2.3121489524841308 lr=0.000147559
2026-10-01 19:51:39,734 step=8610 train=2.25568 val=None lr=0.000147284
2026-10-01 19:51:42,174 step=8620 train=2.35396 val=None lr=0.000147009
2026-10-01 19:51:44,642 step=8630 train=2.07074 val=None lr=0.000146735
2026-10-01 19:51:47,078 step=8640 train=2.08386 val=None lr=0.000146461
2026-10-01 19:51:49,453 step=8650 train=2.38218 val=None lr=0.000146186
2026-10-01 19:51:52,243 step=8660 train=2.24804 val=None lr=0.000145912
2026-10-01 19:51:53,960 step=8670 train=2.43317 val=None lr=0.000145638
2026-10-01 19:51:56,543 step=8680 train=2.14082 val=None lr=0.000145364
2026-10-01 19:51:59,184 step=8690 train=2.38748 val=None lr=0.00014509
2026-10-01 19:52:04,272 step=8700 train=2.12912 val=2.302345371246338 lr=0.000144816
2026-10-01 19:52:07,111 step=8710 train=2.39116 val=None lr=0.000144542
2026-10-01 19:52:09,867 step=8720 train=2.13395 val=None lr=0.000144269
2026-10-01 19:52:12,214 step=8730 train=2.42492 val=None lr=0.000143995
2026-10-01 19:52:14,988 step=8740 train=2.40778 val=None lr=0.000143721
2026-10-01 19:52:17,641 step=8750 train=2.54393 val=None lr=0.000143448
2026-10-01 19:52:20,167 step=8760 train=2.29801 val=None lr=0.000143175
2026-10-01 19:52:22,681 step=8770 train=2.34955 val=None lr=0.000142901
2026-10-01 19:52:25,031 step=8780 train=2.29612 val=None lr=0.000142628
2026-10-01 19:52:26,806 step=8790 train=2.32745 val=None lr=0.000142355
2026-10-01 19:52:31,908 step=8800 train=2.12223 val=2.297232961654663 lr=0.000142082
2026-10-01 19:52:34,663 step=8810 train=2.52150 val=None lr=0.000141809
2026-10-01 19:52:37,364 step=8820 train=2.27534 val=None lr=0.000141536
2026-10-01 19:52:39,909 step=8830 train=2.38749 val=None lr=0.000141264
2026-10-01 19:52:42,535 step=8840 train=2.28627 val=None lr=0.000140991
2026-10-01 19:52:45,125 step=8850 train=2.33702 val=None lr=0.000140718
2026-10-01 19:52:47,779 step=8860 train=2.11495 val=None lr=0.000140446
2026-10-01 19:52:50,478 step=8870 train=2.45800 val=None lr=0.000140174
2026-10-01 19:52:53,136 step=8880 train=2.51836 val=None lr=0.000139902
2026-10-01 19:52:55,758 step=8890 train=2.48086 val=None lr=0.00013963
2026-10-01 19:52:59,555 step=8900 train=2.41531 val=2.297065269947052 lr=0.000139358
2026-10-01 19:53:02,080 step=8910 train=2.45140 val=None lr=0.000139086
2026-10-01 19:53:05,181 step=8920 train=2.16370 val=None lr=0.000138814
2026-10-01 19:53:07,637 step=8930 train=2.13099 val=None lr=0.000138542
2026-10-01 19:53:10,510 step=8940 train=2.57026 val=None lr=0.000138271
2026-10-01 19:53:13,012 step=8950 train=2.34407 val=None lr=0.000137999
2026-10-01 19:53:15,678 step=8960 train=2.47100 val=None lr=0.000137728
2026-10-01 19:53:18,241 step=8970 train=2.61227 val=None lr=0.000137457
2026-10-01 19:53:20,777 step=8980 train=2.26988 val=None lr=0.000137186
2026-10-01 19:53:23,630 step=8990 train=2.44059 val=None lr=0.000136915
2026-10-01 19:53:28,265 step=9000 train=2.40394 val=2.2896927118301393 lr=0.000136644
2026-10-01 19:53:32,889 step=9010 train=2.34912 val=None lr=0.000136373
2026-10-01 19:53:35,641 step=9020 train=2.36995 val=None lr=0.000136103
2026-10-01 19:53:38,208 step=9030 train=2.36337 val=None lr=0.000135832
2026-10-01 19:53:41,035 step=9040 train=2.34316 val=None lr=0.000135562
2026-10-01 19:53:43,602 step=9050 train=2.33594 val=None lr=0.000135292
2026-10-01 19:53:46,222 step=9060 train=2.14686 val=None lr=0.000135021
2026-10-01 19:53:48,711 step=9070 train=2.21908 val=None lr=0.000134751
2026-10-01 19:53:51,355 step=9080 train=2.26010 val=None lr=0.000134482
2026-10-01 19:53:53,784 step=9090 train=2.21352 val=None lr=0.000134212
2026-10-01 19:53:58,657 step=9100 train=2.23801 val=2.285334861278534 lr=0.000133942
2026-10-01 19:54:00,429 step=9110 train=1.98329 val=None lr=0.000133673
2026-10-01 19:54:02,952 step=9120 train=2.38707 val=None lr=0.000133403
2026-10-01 19:54:05,621 step=9130 train=2.48680 val=None lr=0.000133134
2026-10-01 19:54:08,488 step=9140 train=2.04130 val=None lr=0.000132865
2026-10-01 19:54:10,898 step=9150 train=2.20996 val=None lr=0.000132596
2026-10-01 19:54:13,516 step=9160 train=2.32729 val=None lr=0.000132327
2026-10-01 19:54:16,200 step=9170 train=2.31445 val=None lr=0.000132059
2026-10-01 19:54:18,854 step=9180 train=2.58834 val=None lr=0.00013179
2026-10-01 19:54:21,452 step=9190 train=2.57344 val=None lr=0.000131522
2026-10-01 19:54:25,861 step=9200 train=2.30198 val=2.277746891975403 lr=0.000131254
2026-10-01 19:54:28,241 step=9210 train=2.21584 val=None lr=0.000130985
2026-10-01 19:54:30,777 step=9220 train=2.77093 val=None lr=0.000130718
2026-10-01 19:54:32,835 step=9230 train=2.38957 val=None lr=0.00013045
2026-10-01 19:54:35,515 step=9240 train=2.31547 val=None lr=0.000130182
2026-10-01 19:54:38,119 step=9250 train=2.53799 val=None lr=0.000129915
2026-10-01 19:54:40,705 step=9260 train=2.35599 val=None lr=0.000129647
2026-10-01 19:54:43,147 step=9270 train=2.28268 val=None lr=0.00012938
2026-10-01 19:54:45,706 step=9280 train=2.42982 val=None lr=0.000129113
2026-10-01 19:54:48,341 step=9290 train=2.37659 val=None lr=0.000128846
2026-10-01 19:54:52,123 step=9300 train=2.35484 val=2.278119385242462 lr=0.000128579
2026-10-01 19:54:54,615 step=9310 train=2.35412 val=None lr=0.000128313
2026-10-01 19:54:57,045 step=9320 train=2.44979 val=None lr=0.000128046
2026-10-01 19:54:59,528 step=9330 train=2.08685 val=None lr=0.00012778
2026-10-01 19:55:02,314 step=9340 train=2.23743 val=None lr=0.000127514
2026-10-01 19:55:04,087 step=9350 train=2.14065 val=None lr=0.000127248
2026-10-01 19:55:06,951 step=9360 train=2.38200 val=None lr=0.000126982
2026-10-01 19:55:09,601 step=9370 train=2.19815 val=None lr=0.000126716
2026-10-01 19:55:12,279 step=9380 train=2.39124 val=None lr=0.000126451
2026-10-01 19:55:15,012 step=9390 train=2.31229 val=None lr=0.000126185
2026-10-01 19:55:19,660 step=9400 train=2.31056 val=2.272877311706543 lr=0.00012592
2026-10-01 19:55:22,185 step=9410 train=2.28605 val=None lr=0.000125655
2026-10-01 19:55:24,732 step=9420 train=2.48708 val=None lr=0.00012539
2026-10-01 19:55:27,413 step=9430 train=2.12877 val=None lr=0.000125126
2026-10-01 19:55:29,872 step=9440 train=2.52309 val=None lr=0.000124861
2026-10-01 19:55:32,410 step=9450 train=2.21019 val=None lr=0.000124597
2026-10-01 19:55:33,831 step=9460 train=2.11292 val=None lr=0.000124332
2026-10-01 19:55:36,371 step=9470 train=2.35025 val=None lr=0.000124068
2026-10-01 19:55:38,829 step=9480 train=2.32292 val=None lr=0.000123805
2026-10-01 19:55:41,405 step=9490 train=2.27368 val=None lr=0.000123541
2026-10-01 19:55:45,863 step=9500 train=2.30981 val=2.2689085602760315 lr=0.000123277
2026-10-01 19:55:51,141 step=9510 train=2.25863 val=None lr=0.000123014
2026-10-01 19:55:53,691 step=9520 train=2.53483 val=None lr=0.000122751
2026-10-01 19:55:56,275 step=9530 train=2.38817 val=None lr=0.000122488
2026-10-01 19:55:58,970 step=9540 train=2.29638 val=None lr=0.000122225
2026-10-01 19:56:01,712 step=9550 train=2.43920 val=None lr=0.000121963
2026-10-01 19:56:04,750 step=9560 train=2.32157 val=None lr=0.0001217
2026-10-01 19:56:06,663 step=9570 train=2.29235 val=None lr=0.000121438
2026-10-01 19:56:09,223 step=9580 train=2.28297 val=None lr=0.000121176
2026-10-01 19:56:11,743 step=9590 train=2.41768 val=None lr=0.000120914
2026-10-01 19:56:16,404 step=9600 train=2.15474 val=2.257766401767731 lr=0.000120652
2026-10-01 19:56:18,841 step=9610 train=2.55239 val=None lr=0.000120391
2026-10-01 19:56:21,516 step=9620 train=2.27041 val=None lr=0.00012013
2026-10-01 19:56:24,001 step=9630 train=2.29643 val=None lr=0.000119868
2026-10-01 19:56:26,339 step=9640 train=2.22707 val=None lr=0.000119607
2026-10-01 19:56:28,955 step=9650 train=2.09691 val=None lr=0.000119347
2026-10-01 19:56:31,345 step=9660 train=2.20965 val=None lr=0.000119086
2026-10-01 19:56:33,661 step=9670 train=2.14651 val=None lr=0.000118826
2026-10-01 19:56:36,198 step=9680 train=2.81495 val=None lr=0.000118566
2026-10-01 19:56:37,524 step=9690 train=2.21585 val=None lr=0.000118306
2026-10-01 19:56:41,999 step=9700 train=2.36039 val=2.2537569642066955 lr=0.000118046
2026-10-01 19:56:44,468 step=9710 train=2.15810 val=None lr=0.000117786
2026-10-01 19:56:47,086 step=9720 train=2.64093 val=None lr=0.000117527
2026-10-01 19:56:50,017 step=9730 train=2.19531 val=None lr=0.000117268
2026-10-01 19:56:52,843 step=9740 train=2.29706 val=None lr=0.000117009
2026-10-01 19:56:55,541 step=9750 train=2.21982 val=None lr=0.00011675
2026-10-01 19:56:58,643 step=9760 train=2.23774 val=None lr=0.000116491
2026-10-01 19:57:01,277 step=9770 train=2.36488 val=None lr=0.000116233
2026-10-01 19:57:03,838 step=9780 train=2.35948 val=None lr=0.000115975
2026-10-01 19:57:06,669 step=9790 train=2.02541 val=None lr=0.000115717
2026-10-01 19:57:10,593 step=9800 train=2.34303 val=2.2495819211006163 lr=0.000115459
2026-10-01 19:57:13,099 step=9810 train=2.37174 val=None lr=0.000115202
2026-10-01 19:57:15,580 step=9820 train=2.25984 val=None lr=0.000114944
2026-10-01 19:57:18,272 step=9830 train=2.20992 val=None lr=0.000114687
2026-10-01 19:57:20,741 step=9840 train=2.16973 val=None lr=0.00011443
2026-10-01 19:57:23,243 step=9850 train=2.30417 val=None lr=0.000114174
2026-10-01 19:57:25,730 step=9860 train=2.27898 val=None lr=0.000113917
2026-10-01 19:57:28,323 step=9870 train=2.64883 val=None lr=0.000113661
2026-10-01 19:57:30,881 step=9880 train=2.31202 val=None lr=0.000113405
2026-10-01 19:57:33,469 step=9890 train=2.26413 val=None lr=0.000113149
2026-10-01 19:57:38,564 step=9900 train=2.24110 val=2.2444848656654357 lr=0.000112893
2026-10-01 19:57:40,152 step=9910 train=2.16593 val=None lr=0.000112638
2026-10-01 19:57:42,690 step=9920 train=2.36301 val=None lr=0.000112383
2026-10-01 19:57:45,232 step=9930 train=2.21143 val=None lr=0.000112128
2026-10-01 19:57:47,818 step=9940 train=2.20176 val=None lr=0.000111873
2026-10-01 19:57:50,480 step=9950 train=2.36323 val=None lr=0.000111619
2026-10-01 19:57:53,162 step=9960 train=2.50255 val=None lr=0.000111364
2026-10-01 19:57:55,834 step=9970 train=2.27745 val=None lr=0.00011111
2026-10-01 19:57:58,336 step=9980 train=2.24832 val=None lr=0.000110857
2026-10-01 19:58:00,840 step=9990 train=2.41638 val=None lr=0.000110603
2026-10-01 19:58:05,515 step=10000 train=2.33583 val=2.2401201367378234 lr=0.00011035
2026-10-01 19:58:10,505 step=10010 train=2.31768 val=None lr=0.000110096
2026-10-01 19:58:12,130 step=10020 train=2.47362 val=None lr=0.000109844
2026-10-01 19:58:14,835 step=10030 train=2.19350 val=None lr=0.000109591
2026-10-01 19:58:17,543 step=10040 train=2.12901 val=None lr=0.000109338
2026-10-01 19:58:20,215 step=10050 train=2.32732 val=None lr=0.000109086
2026-10-01 19:58:22,877 step=10060 train=2.54686 val=None lr=0.000108834
2026-10-01 19:58:25,385 step=10070 train=2.52644 val=None lr=0.000108583
2026-10-01 19:58:28,037 step=10080 train=2.29743 val=None lr=0.000108331
2026-10-01 19:58:30,717 step=10090 train=1.98620 val=None lr=0.00010808
2026-10-01 19:58:35,493 step=10100 train=2.43634 val=2.2368002414703367 lr=0.000107829
2026-10-01 19:58:37,832 step=10110 train=2.33649 val=None lr=0.000107578
2026-10-01 19:58:40,487 step=10120 train=2.23253 val=None lr=0.000107327
2026-10-01 19:58:43,029 step=10130 train=2.46512 val=None lr=0.000107077
2026-10-01 19:58:44,542 step=10140 train=2.33307 val=None lr=0.000106827
2026-10-01 19:58:47,012 step=10150 train=2.09434 val=None lr=0.000106577
2026-10-01 19:58:49,588 step=10160 train=2.15596 val=None lr=0.000106328
2026-10-01 19:58:52,053 step=10170 train=2.29159 val=None lr=0.000106078
2026-10-01 19:58:54,510 step=10180 train=2.28116 val=None lr=0.000105829
2026-10-01 19:58:57,170 step=10190 train=2.26484 val=None lr=0.00010558
2026-10-01 19:59:02,039 step=10200 train=2.28633 val=2.233852231502533 lr=0.000105332
2026-10-01 19:59:04,589 step=10210 train=2.27208 val=None lr=0.000105084
2026-10-01 19:59:06,967 step=10220 train=2.34706 val=None lr=0.000104836
2026-10-01 19:59:09,548 step=10230 train=2.27557 val=None lr=0.000104588
2026-10-01 19:59:12,301 step=10240 train=2.25116 val=None lr=0.00010434
2026-10-01 19:59:14,770 step=10250 train=2.23118 val=None lr=0.000104093
2026-10-01 19:59:16,478 step=10260 train=2.15394 val=None lr=0.000103846
2026-10-01 19:59:19,208 step=10270 train=2.29798 val=None lr=0.000103599
2026-10-01 19:59:22,291 step=10280 train=2.19110 val=None lr=0.000103352
2026-10-01 19:59:24,911 step=10290 train=2.37190 val=None lr=0.000103106
2026-10-01 19:59:29,359 step=10300 train=2.42360 val=2.22747403383255 lr=0.00010286
2026-10-01 19:59:31,947 step=10310 train=2.20319 val=None lr=0.000102614
2026-10-01 19:59:34,419 step=10320 train=2.26390 val=None lr=0.000102369
2026-10-01 19:59:36,872 step=10330 train=2.02531 val=None lr=0.000102124
2026-10-01 19:59:39,203 step=10340 train=2.39986 val=None lr=0.000101879
2026-10-01 19:59:41,665 step=10350 train=2.10236 val=None lr=0.000101634
2026-10-01 19:59:44,374 step=10360 train=1.93182 val=None lr=0.00010139
2026-10-01 19:59:45,810 step=10370 train=2.19204 val=None lr=0.000101146
2026-10-01 19:59:48,227 step=10380 train=2.33072 val=None lr=0.000100902
2026-10-01 19:59:50,714 step=10390 train=2.04203 val=None lr=0.000100658
2026-10-01 19:59:55,284 step=10400 train=2.41522 val=2.2265236020088195 lr=0.000100415
2026-10-01 19:59:57,955 step=10410 train=2.24070 val=None lr=0.000100172
2026-10-01 20:00:00,474 step=10420 train=2.25061 val=None lr=9.99288e-05
2026-10-01 20:00:03,114 step=10430 train=2.44670 val=None lr=9.96863e-05
2026-10-01 20:00:05,496 step=10440 train=2.43058 val=None lr=9.9444e-05
2026-10-01 20:00:08,048 step=10450 train=2.39626 val=None lr=9.9202e-05
2026-10-01 20:00:10,657 step=10460 train=2.38456 val=None lr=9.89603e-05
2026-10-01 20:00:13,137 step=10470 train=2.04600 val=None lr=9.87189e-05
2026-10-01 20:00:15,625 step=10480 train=2.17924 val=None lr=9.84778e-05
2026-10-01 20:00:17,945 step=10490 train=2.21824 val=None lr=9.82369e-05
2026-10-01 20:00:21,394 step=10500 train=2.34024 val=2.2229571461677553 lr=9.79963e-05
2026-10-01 20:00:26,078 step=10510 train=1.98989 val=None lr=9.7756e-05
2026-10-01 20:00:28,719 step=10520 train=2.21218 val=None lr=9.7516e-05
2026-10-01 20:00:31,219 step=10530 train=2.35468 val=None lr=9.72763e-05
2026-10-01 20:00:33,601 step=10540 train=2.34169 val=None lr=9.70368e-05
2026-10-01 20:00:36,064 step=10550 train=2.25712 val=None lr=9.67976e-05
2026-10-01 20:00:38,635 step=10560 train=2.68614 val=None lr=9.65588e-05
2026-10-01 20:00:41,115 step=10570 train=2.07573 val=None lr=9.63202e-05
2026-10-01 20:00:43,670 step=10580 train=2.43447 val=None lr=9.60819e-05
2026-10-01 20:00:46,247 step=10590 train=2.11227 val=None lr=9.58439e-05
2026-10-01 20:00:49,924 step=10600 train=2.18372 val=2.2181142449378966 lr=9.56062e-05
2026-10-01 20:00:52,477 step=10610 train=2.19868 val=None lr=9.53687e-05
2026-10-01 20:00:55,284 step=10620 train=2.35734 val=None lr=9.51316e-05
2026-10-01 20:00:57,830 step=10630 train=2.04130 val=None lr=9.48948e-05
2026-10-01 20:01:00,176 step=10640 train=2.16518 val=None lr=9.46582e-05
2026-10-01 20:01:02,666 step=10650 train=2.32810 val=None lr=9.4422e-05
2026-10-01 20:01:05,274 step=10660 train=2.13493 val=None lr=9.4186e-05
2026-10-01 20:01:07,643 step=10670 train=2.32951 val=None lr=9.39504e-05
2026-10-01 20:01:10,090 step=10680 train=2.21503 val=None lr=9.3715e-05
2026-10-01 20:01:12,663 step=10690 train=2.18176 val=None lr=9.348e-05
2026-10-01 20:01:17,415 step=10700 train=2.22566 val=2.217206072807312 lr=9.32452e-05
2026-10-01 20:01:19,955 step=10710 train=2.04858 val=None lr=9.30107e-05
2026-10-01 20:01:21,666 step=10720 train=2.54323 val=None lr=9.27766e-05
2026-10-01 20:01:24,196 step=10730 train=2.10694 val=None lr=9.25428e-05
2026-10-01 20:01:26,806 step=10740 train=2.27408 val=None lr=9.23092e-05
2026-10-01 20:01:29,660 step=10750 train=2.19564 val=None lr=9.2076e-05
2026-10-01 20:01:32,203 step=10760 train=2.37216 val=None lr=9.18431e-05
2026-10-01 20:01:34,831 step=10770 train=2.40888 val=None lr=9.16104e-05
2026-10-01 20:01:37,267 step=10780 train=2.42485 val=None lr=9.13781e-05
2026-10-01 20:01:39,810 step=10790 train=2.26175 val=None lr=9.11461e-05
2026-10-01 20:01:44,501 step=10800 train=2.45700 val=2.209821081161499 lr=9.09144e-05
2026-10-01 20:01:47,171 step=10810 train=2.19012 val=None lr=9.06831e-05
2026-10-01 20:01:49,739 step=10820 train=2.26432 val=None lr=9.0452e-05
2026-10-01 20:01:52,133 step=10830 train=2.41056 val=None lr=9.02213e-05
2026-10-01 20:01:53,735 step=10840 train=2.26508 val=None lr=8.99908e-05
2026-10-01 20:01:56,413 step=10850 train=2.05453 val=None lr=8.97607e-05
2026-10-01 20:01:58,896 step=10860 train=2.36028 val=None lr=8.95309e-05
2026-10-01 20:02:01,485 step=10870 train=2.42954 val=None lr=8.93014e-05
2026-10-01 20:02:04,089 step=10880 train=2.24230 val=None lr=8.90722e-05
2026-10-01 20:02:06,525 step=10890 train=2.08759 val=None lr=8.88434e-05
2026-10-01 20:02:10,243 step=10900 train=2.16029 val=2.2127315223217012 lr=8.86149e-05
2026-10-01 20:02:12,790 step=10910 train=1.93465 val=None lr=8.83867e-05
2026-10-01 20:02:15,355 step=10920 train=2.29645 val=None lr=8.81588e-05
2026-10-01 20:02:17,726 step=10930 train=2.20329 val=None lr=8.79312e-05
2026-10-01 20:02:20,116 step=10940 train=2.01511 val=None lr=8.7704e-05
2026-10-01 20:02:22,386 step=10950 train=2.30183 val=None lr=8.74771e-05
2026-10-01 20:02:24,083 step=10960 train=2.28363 val=None lr=8.72505e-05
2026-10-01 20:02:26,620 step=10970 train=2.29111 val=None lr=8.70242e-05
2026-10-01 20:02:29,050 step=10980 train=2.22237 val=None lr=8.67983e-05
2026-10-01 20:02:31,614 step=10990 train=2.42939 val=None lr=8.65727e-05
2026-10-01 20:02:36,262 step=11000 train=2.08632 val=2.206663799285889 lr=8.63475e-05
2026-10-01 20:02:40,668 step=11010 train=2.46255 val=None lr=8.61225e-05
2026-10-01 20:02:43,256 step=11020 train=2.22299 val=None lr=8.58979e-05
2026-10-01 20:02:45,824 step=11030 train=2.14331 val=None lr=8.56736e-05
2026-10-01 20:02:48,582 step=11040 train=2.32377 val=None lr=8.54497e-05
2026-10-01 20:02:51,188 step=11050 train=2.25057 val=None lr=8.52261e-05
2026-10-01 20:02:53,709 step=11060 train=1.92981 val=None lr=8.50028e-05
2026-10-01 20:02:55,178 step=11070 train=2.12432 val=None lr=8.47799e-05
2026-10-01 20:02:57,532 step=11080 train=2.61912 val=None lr=8.45573e-05
2026-10-01 20:02:59,947 step=11090 train=2.30722 val=None lr=8.43351e-05
2026-10-01 20:03:04,393 step=11100 train=2.20806 val=2.202570325136185 lr=8.41131e-05
2026-10-01 20:03:07,083 step=11110 train=2.34498 val=None lr=8.38916e-05
2026-10-01 20:03:09,657 step=11120 train=2.21906 val=None lr=8.36703e-05
2026-10-01 20:03:12,295 step=11130 train=1.99451 val=None lr=8.34494e-05
2026-10-01 20:03:14,865 step=11140 train=2.71036 val=None lr=8.32289e-05
2026-10-01 20:03:17,547 step=11150 train=2.71319 val=None lr=8.30087e-05
2026-10-01 20:03:19,988 step=11160 train=2.25738 val=None lr=8.27888e-05
2026-10-01 20:03:22,455 step=11170 train=2.13846 val=None lr=8.25693e-05
2026-10-01 20:03:25,061 step=11180 train=2.44057 val=None lr=8.23502e-05
2026-10-01 20:03:26,442 step=11190 train=2.14082 val=None lr=8.21313e-05
2026-10-01 20:03:31,070 step=11200 train=2.20359 val=2.199024373292923 lr=8.19129e-05
2026-10-01 20:03:33,454 step=11210 train=2.43736 val=None lr=8.16947e-05
2026-10-01 20:03:35,793 step=11220 train=2.45398 val=None lr=8.1477e-05
2026-10-01 20:03:38,140 step=11230 train=2.08731 val=None lr=8.12596e-05
2026-10-01 20:03:41,049 step=11240 train=2.22156 val=None lr=8.10425e-05
2026-10-01 20:03:43,805 step=11250 train=2.35917 val=None lr=8.08258e-05
2026-10-01 20:03:46,268 step=11260 train=2.07972 val=None lr=8.06094e-05
2026-10-01 20:03:48,812 step=11270 train=2.10176 val=None lr=8.03934e-05
2026-10-01 20:03:51,388 step=11280 train=2.46645 val=None lr=8.01778e-05
2026-10-01 20:03:53,997 step=11290 train=2.24249 val=None lr=7.99625e-05
2026-10-01 20:03:58,484 step=11300 train=2.13960 val=2.197930985689163 lr=7.97476e-05
2026-10-01 20:03:59,944 step=11310 train=2.23670 val=None lr=7.9533e-05
2026-10-01 20:04:02,388 step=11320 train=2.40118 val=None lr=7.93188e-05
2026-10-01 20:04:04,838 step=11330 train=2.44840 val=None lr=7.91049e-05
2026-10-01 20:04:07,278 step=11340 train=2.03286 val=None lr=7.88914e-05
2026-10-01 20:04:09,703 step=11350 train=2.18428 val=None lr=7.86783e-05
2026-10-01 20:04:12,532 step=11360 train=2.18163 val=None lr=7.84655e-05
2026-10-01 20:04:15,074 step=11370 train=2.23512 val=None lr=7.82531e-05
2026-10-01 20:04:17,672 step=11380 train=2.14583 val=None lr=7.80411e-05
2026-10-01 20:04:20,265 step=11390 train=2.12490 val=None lr=7.78294e-05
2026-10-01 20:04:24,769 step=11400 train=2.16784 val=2.194866281747818 lr=7.76181e-05
2026-10-01 20:04:27,483 step=11410 train=2.29393 val=None lr=7.74072e-05
2026-10-01 20:04:30,017 step=11420 train=2.41446 val=None lr=7.71966e-05
2026-10-01 20:04:31,808 step=11430 train=2.14678 val=None lr=7.69864e-05
2026-10-01 20:04:34,304 step=11440 train=2.67192 val=None lr=7.67766e-05
2026-10-01 20:04:36,810 step=11450 train=2.30990 val=None lr=7.65672e-05
2026-10-01 20:04:39,298 step=11460 train=2.34890 val=None lr=7.63581e-05
2026-10-01 20:04:41,857 step=11470 train=2.11496 val=None lr=7.61494e-05
2026-10-01 20:04:44,396 step=11480 train=2.42781 val=None lr=7.5941e-05
2026-10-01 20:04:46,866 step=11490 train=2.34296 val=None lr=7.57331e-05
2026-10-01 20:04:51,268 step=11500 train=1.99401 val=2.191080504655838 lr=7.55255e-05
2026-10-01 20:04:55,824 step=11510 train=2.20871 val=None lr=7.53183e-05
2026-10-01 20:04:58,408 step=11520 train=2.26424 val=None lr=7.51115e-05
2026-10-01 20:05:01,136 step=11530 train=2.07687 val=None lr=7.4905e-05
2026-10-01 20:05:02,683 step=11540 train=2.10784 val=None lr=7.46989e-05
2026-10-01 20:05:05,156 step=11550 train=2.18903 val=None lr=7.44932e-05
2026-10-01 20:05:07,798 step=11560 train=2.60197 val=None lr=7.42879e-05
2026-10-01 20:05:10,610 step=11570 train=2.21531 val=None lr=7.4083e-05
2026-10-01 20:05:13,074 step=11580 train=2.41138 val=None lr=7.38785e-05
2026-10-01 20:05:15,690 step=11590 train=1.91932 val=None lr=7.36743e-05
2026-10-01 20:05:20,276 step=11600 train=2.11830 val=2.1884400844573975 lr=7.34705e-05
2026-10-01 20:05:22,645 step=11610 train=2.11152 val=None lr=7.32671e-05
2026-10-01 20:05:25,185 step=11620 train=2.30094 val=None lr=7.30641e-05
2026-10-01 20:05:27,501 step=11630 train=2.26799 val=None lr=7.28615e-05
2026-10-01 20:05:30,005 step=11640 train=2.22349 val=None lr=7.26593e-05
2026-10-01 20:05:32,553 step=11650 train=2.24566 val=None lr=7.24574e-05
2026-10-01 20:05:34,112 step=11660 train=2.13741 val=None lr=7.2256e-05
2026-10-01 20:05:36,697 step=11670 train=2.09090 val=None lr=7.20549e-05
2026-10-01 20:05:39,237 step=11680 train=2.42780 val=None lr=7.18542e-05
2026-10-01 20:05:41,897 step=11690 train=2.19928 val=None lr=7.16539e-05
2026-10-01 20:05:46,827 step=11700 train=2.37231 val=2.185886061191559 lr=7.1454e-05
2026-10-01 20:05:49,312 step=11710 train=2.12211 val=None lr=7.12546e-05
2026-10-01 20:05:51,672 step=11720 train=2.34608 val=None lr=7.10555e-05
2026-10-01 20:05:54,221 step=11730 train=2.24278 val=None lr=7.08567e-05
2026-10-01 20:05:56,525 step=11740 train=2.15610 val=None lr=7.06584e-05
2026-10-01 20:05:58,956 step=11750 train=2.46175 val=None lr=7.04605e-05
2026-10-01 20:06:01,424 step=11760 train=2.19470 val=None lr=7.0263e-05
2026-10-01 20:06:03,862 step=11770 train=2.24647 val=None lr=7.00659e-05
2026-10-01 20:06:05,221 step=11780 train=2.26068 val=None lr=6.98692e-05
2026-10-01 20:06:07,606 step=11790 train=2.40042 val=None lr=6.96729e-05
2026-10-01 20:06:11,905 step=11800 train=2.35957 val=2.1827042996883392 lr=6.9477e-05
2026-10-01 20:06:14,393 step=11810 train=2.09001 val=None lr=6.92814e-05
2026-10-01 20:06:17,007 step=11820 train=2.37866 val=None lr=6.90863e-05
2026-10-01 20:06:19,577 step=11830 train=2.26328 val=None lr=6.88916e-05
2026-10-01 20:06:22,057 step=11840 train=2.47961 val=None lr=6.86973e-05
2026-10-01 20:06:24,598 step=11850 train=2.24385 val=None lr=6.85034e-05
2026-10-01 20:06:27,181 step=11860 train=2.11219 val=None lr=6.83099e-05
2026-10-01 20:06:29,540 step=11870 train=2.15025 val=None lr=6.81169e-05
2026-10-01 20:06:31,937 step=11880 train=2.26688 val=None lr=6.79242e-05
2026-10-01 20:06:34,308 step=11890 train=2.20889 val=None lr=6.77319e-05
2026-10-01 20:06:37,504 step=11900 train=2.22012 val=2.179102694988251 lr=6.75401e-05
2026-10-01 20:06:40,110 step=11910 train=2.05500 val=None lr=6.73486e-05
2026-10-01 20:06:42,444 step=11920 train=2.53659 val=None lr=6.71576e-05
2026-10-01 20:06:44,790 step=11930 train=2.13574 val=None lr=6.6967e-05
2026-10-01 20:06:47,491 step=11940 train=2.56411 val=None lr=6.67768e-05
2026-10-01 20:06:49,841 step=11950 train=1.85249 val=None lr=6.6587e-05
2026-10-01 20:06:52,289 step=11960 train=2.21540 val=None lr=6.63976e-05
2026-10-01 20:06:54,619 step=11970 train=2.29297 val=None lr=6.62086e-05
2026-10-01 20:06:56,962 step=11980 train=2.02872 val=None lr=6.60201e-05
2026-10-01 20:06:59,482 step=11990 train=2.44158 val=None lr=6.58319e-05
2026-10-01 20:07:03,959 step=12000 train=2.35933 val=2.1786409497261046 lr=6.56442e-05
2026-10-01 20:07:07,521 step=12010 train=2.20605 val=None lr=6.54569e-05
2026-10-01 20:07:09,965 step=12020 train=2.34228 val=None lr=6.527e-05
2026-10-01 20:07:12,423 step=12030 train=2.17004 val=None lr=6.50836e-05
2026-10-01 20:07:15,021 step=12040 train=2.04394 val=None lr=6.48975e-05
2026-10-01 20:07:17,520 step=12050 train=2.48425 val=None lr=6.47119e-05
2026-10-01 20:07:20,201 step=12060 train=2.26337 val=None lr=6.45267e-05
2026-10-01 20:07:22,771 step=12070 train=2.29236 val=None lr=6.43419e-05
2026-10-01 20:07:25,343 step=12080 train=2.03463 val=None lr=6.41576e-05
2026-10-01 20:07:28,074 step=12090 train=2.57811 val=None lr=6.39737e-05
2026-10-01 20:07:32,928 step=12100 train=2.10221 val=2.1762025356292725 lr=6.37902e-05
2026-10-01 20:07:35,370 step=12110 train=2.37824 val=None lr=6.36071e-05
2026-10-01 20:07:38,182 step=12120 train=2.24871 val=None lr=6.34244e-05
2026-10-01 20:07:39,562 step=12130 train=2.05493 val=None lr=6.32422e-05
2026-10-01 20:07:42,309 step=12140 train=1.95320 val=None lr=6.30604e-05
2026-10-01 20:07:44,695 step=12150 train=2.29795 val=None lr=6.28791e-05
2026-10-01 20:07:47,001 step=12160 train=2.13952 val=None lr=6.26981e-05
2026-10-01 20:07:49,719 step=12170 train=2.12882 val=None lr=6.25176e-05
2026-10-01 20:07:52,257 step=12180 train=2.33235 val=None lr=6.23376e-05
2026-10-01 20:07:54,692 step=12190 train=2.18760 val=None lr=6.21579e-05
2026-10-01 20:07:58,994 step=12200 train=2.31432 val=2.1722271144390106 lr=6.19787e-05
2026-10-01 20:08:01,607 step=12210 train=2.27235 val=None lr=6.17999e-05
2026-10-01 20:08:03,978 step=12220 train=2.01099 val=None lr=6.16216e-05
2026-10-01 20:08:06,475 step=12230 train=2.33338 val=None lr=6.14437e-05
2026-10-01 20:08:09,003 step=12240 train=2.45222 val=None lr=6.12662e-05
2026-10-01 20:08:10,386 step=12250 train=2.26852 val=None lr=6.10892e-05
2026-10-01 20:08:12,868 step=12260 train=1.91890 val=None lr=6.09126e-05
2026-10-01 20:08:15,428 step=12270 train=2.22126 val=None lr=6.07364e-05
2026-10-01 20:08:17,752 step=12280 train=2.12223 val=None lr=6.05607e-05
2026-10-01 20:08:20,418 step=12290 train=2.07129 val=None lr=6.03855e-05
2026-10-01 20:08:25,177 step=12300 train=2.16274 val=2.1710015177726745 lr=6.02106e-05
2026-10-01 20:08:27,735 step=12310 train=2.30170 val=None lr=6.00362e-05
2026-10-01 20:08:30,398 step=12320 train=2.22129 val=None lr=5.98623e-05
2026-10-01 20:08:33,101 step=12330 train=2.21917 val=None lr=5.96888e-05
2026-10-01 20:08:35,693 step=12340 train=2.25673 val=None lr=5.95157e-05
2026-10-01 20:08:38,496 step=12350 train=2.09588 val=None lr=5.93431e-05
2026-10-01 20:08:41,278 step=12360 train=2.14623 val=None lr=5.91709e-05
2026-10-01 20:08:42,751 step=12370 train=2.56616 val=None lr=5.89991e-05
2026-10-01 20:08:45,396 step=12380 train=2.21949 val=None lr=5.88279e-05
2026-10-01 20:08:47,997 step=12390 train=2.29486 val=None lr=5.8657e-05
2026-10-01 20:08:52,429 step=12400 train=2.09028 val=2.168002778291702 lr=5.84866e-05
2026-10-01 20:08:54,900 step=12410 train=2.18696 val=None lr=5.83167e-05
2026-10-01 20:08:57,227 step=12420 train=2.36424 val=None lr=5.81472e-05
2026-10-01 20:08:59,521 step=12430 train=2.21673 val=None lr=5.79781e-05
2026-10-01 20:09:01,947 step=12440 train=2.44502 val=None lr=5.78095e-05
2026-10-01 20:09:04,482 step=12450 train=2.08272 val=None lr=5.76414e-05
2026-10-01 20:09:07,640 step=12460 train=2.19682 val=None lr=5.74737e-05
2026-10-01 20:09:10,580 step=12470 train=2.30210 val=None lr=5.73065e-05
2026-10-01 20:09:13,196 step=12480 train=2.10222 val=None lr=5.71397e-05
2026-10-01 20:09:14,641 step=12490 train=2.19605 val=None lr=5.69733e-05
2026-10-01 20:09:19,486 step=12500 train=2.17532 val=2.1672043800354004 lr=5.68075e-05
2026-10-01 20:09:24,142 step=12510 train=2.31479 val=None lr=5.6642e-05
2026-10-01 20:09:26,572 step=12520 train=2.15913 val=None lr=5.64771e-05
2026-10-01 20:09:29,156 step=12530 train=2.36881 val=None lr=5.63126e-05
2026-10-01 20:09:31,987 step=12540 train=2.22533 val=None lr=5.61485e-05
2026-10-01 20:09:34,597 step=12550 train=2.07155 val=None lr=5.59849e-05
2026-10-01 20:09:37,070 step=12560 train=2.26508 val=None lr=5.58218e-05
2026-10-01 20:09:39,434 step=12570 train=2.51741 val=None lr=5.56591e-05
2026-10-01 20:09:41,917 step=12580 train=2.10136 val=None lr=5.54969e-05
2026-10-01 20:09:44,551 step=12590 train=2.46913 val=None lr=5.53351e-05
2026-10-01 20:09:47,842 step=12600 train=2.03887 val=2.1639626801013945 lr=5.51739e-05
2026-10-01 20:09:50,269 step=12610 train=2.13472 val=None lr=5.5013e-05
2026-10-01 20:09:52,814 step=12620 train=2.19331 val=None lr=5.48527e-05
2026-10-01 20:09:55,126 step=12630 train=2.30631 val=None lr=5.46927e-05
2026-10-01 20:09:57,615 step=12640 train=2.28370 val=None lr=5.45333e-05
2026-10-01 20:10:00,385 step=12650 train=1.93484 val=None lr=5.43743e-05
2026-10-01 20:10:02,765 step=12660 train=2.09725 val=None lr=5.42158e-05
2026-10-01 20:10:05,098 step=12670 train=2.30520 val=None lr=5.40578e-05
2026-10-01 20:10:07,599 step=12680 train=2.25438 val=None lr=5.39002e-05
2026-10-01 20:10:09,941 step=12690 train=2.12867 val=None lr=5.37431e-05
2026-10-01 20:10:14,555 step=12700 train=2.32045 val=2.163628304004669 lr=5.35865e-05
2026-10-01 20:10:15,995 step=12710 train=2.24025 val=None lr=5.34303e-05
2026-10-01 20:10:18,505 step=12720 train=2.06198 val=None lr=5.32746e-05
2026-10-01 20:10:20,996 step=12730 train=2.14665 val=None lr=5.31194e-05
2026-10-01 20:10:23,669 step=12740 train=2.15758 val=None lr=5.29646e-05
2026-10-01 20:10:26,225 step=12750 train=2.48895 val=None lr=5.28103e-05
2026-10-01 20:10:28,740 step=12760 train=2.28528 val=None lr=5.26565e-05
2026-10-01 20:10:31,306 step=12770 train=2.15123 val=None lr=5.25031e-05
2026-10-01 20:10:33,995 step=12780 train=2.37070 val=None lr=5.23503e-05
2026-10-01 20:10:36,298 step=12790 train=2.12677 val=None lr=5.21979e-05
2026-10-01 20:10:40,672 step=12800 train=1.95006 val=2.1618934333324433 lr=5.2046e-05
2026-10-01 20:10:43,295 step=12810 train=2.29417 val=None lr=5.18945e-05
2026-10-01 20:10:45,928 step=12820 train=2.04893 val=None lr=5.17435e-05
2026-10-01 20:10:47,385 step=12830 train=2.15913 val=None lr=5.1593e-05
2026-10-01 20:10:49,951 step=12840 train=2.23263 val=None lr=5.1443e-05
2026-10-01 20:10:52,426 step=12850 train=2.46880 val=None lr=5.12935e-05
2026-10-01 20:10:54,887 step=12860 train=2.30663 val=None lr=5.11444e-05
2026-10-01 20:10:57,226 step=12870 train=2.28403 val=None lr=5.09958e-05
2026-10-01 20:10:59,888 step=12880 train=2.07624 val=None lr=5.08477e-05
2026-10-01 20:11:02,345 step=12890 train=2.17018 val=None lr=5.07001e-05
2026-10-01 20:11:06,849 step=12900 train=2.57696 val=2.1597905814647675 lr=5.0553e-05
2026-10-01 20:11:09,201 step=12910 train=2.21866 val=None lr=5.04063e-05
2026-10-01 20:11:11,649 step=12920 train=2.18251 val=None lr=5.02602e-05
2026-10-01 20:11:14,388 step=12930 train=2.31166 val=None lr=5.01145e-05
2026-10-01 20:11:16,912 step=12940 train=1.95339 val=None lr=4.99693e-05
2026-10-01 20:11:18,654 step=12950 train=2.27889 val=None lr=4.98245e-05
2026-10-01 20:11:21,101 step=12960 train=2.04123 val=None lr=4.96803e-05
2026-10-01 20:11:23,650 step=12970 train=2.24110 val=None lr=4.95365e-05
2026-10-01 20:11:26,265 step=12980 train=2.10626 val=None lr=4.93933e-05
2026-10-01 20:11:28,969 step=12990 train=2.13729 val=None lr=4.92505e-05
2026-10-01 20:11:33,677 step=13000 train=2.17764 val=2.1577566385269167 lr=4.91082e-05
2026-10-01 20:11:38,325 step=13010 train=2.34292 val=None lr=4.89664e-05
2026-10-01 20:11:41,151 step=13020 train=2.43148 val=None lr=4.88251e-05
2026-10-01 20:11:43,624 step=13030 train=2.24554 val=None lr=4.86842e-05
2026-10-01 20:11:46,160 step=13040 train=2.30108 val=None lr=4.85439e-05
2026-10-01 20:11:48,698 step=13050 train=2.06405 val=None lr=4.84041e-05
2026-10-01 20:11:49,838 step=13060 train=2.18520 val=None lr=4.82647e-05
2026-10-01 20:11:52,441 step=13070 train=2.21879 val=None lr=4.81258e-05
2026-10-01 20:11:54,778 step=13080 train=2.27593 val=None lr=4.79875e-05
2026-10-01 20:11:57,083 step=13090 train=2.08906 val=None lr=4.78496e-05
2026-10-01 20:12:01,810 step=13100 train=2.00680 val=2.1559847056865693 lr=4.77122e-05
2026-10-01 20:12:04,370 step=13110 train=2.26333 val=None lr=4.75753e-05
2026-10-01 20:12:06,819 step=13120 train=2.22878 val=None lr=4.74389e-05
2026-10-01 20:12:09,222 step=13130 train=2.14094 val=None lr=4.7303e-05
2026-10-01 20:12:11,856 step=13140 train=1.91259 val=None lr=4.71676e-05
2026-10-01 20:12:14,451 step=13150 train=1.90832 val=None lr=4.70326e-05
2026-10-01 20:12:16,978 step=13160 train=2.47599 val=None lr=4.68982e-05
2026-10-01 20:12:19,468 step=13170 train=2.44368 val=None lr=4.67643e-05
2026-10-01 20:12:20,555 step=13180 train=1.90854 val=None lr=4.66309e-05
2026-10-01 20:12:23,005 step=13190 train=2.46165 val=None lr=4.6498e-05
2026-10-01 20:12:27,344 step=13200 train=2.40841 val=2.154028356075287 lr=4.63655e-05
2026-10-01 20:12:29,832 step=13210 train=2.35124 val=None lr=4.62336e-05
2026-10-01 20:12:32,175 step=13220 train=2.10512 val=None lr=4.61022e-05
2026-10-01 20:12:34,435 step=13230 train=2.00680 val=None lr=4.59712e-05
2026-10-01 20:12:37,094 step=13240 train=2.27578 val=None lr=4.58408e-05
2026-10-01 20:12:39,538 step=13250 train=2.28944 val=None lr=4.57109e-05
2026-10-01 20:12:41,976 step=13260 train=2.15658 val=None lr=4.55815e-05
2026-10-01 20:12:44,254 step=13270 train=1.96980 val=None lr=4.54525e-05
2026-10-01 20:12:46,884 step=13280 train=2.21253 val=None lr=4.53241e-05
2026-10-01 20:12:49,318 step=13290 train=2.12508 val=None lr=4.51962e-05
2026-10-01 20:12:52,574 step=13300 train=1.97692 val=2.1537112951278687 lr=4.50688e-05
2026-10-01 20:12:54,885 step=13310 train=2.55492 val=None lr=4.49419e-05
2026-10-01 20:12:57,253 step=13320 train=2.15684 val=None lr=4.48155e-05
2026-10-01 20:12:59,746 step=13330 train=2.27896 val=None lr=4.46896e-05
2026-10-01 20:13:02,273 step=13340 train=2.69986 val=None lr=4.45642e-05
2026-10-01 20:13:04,623 step=13350 train=2.18773 val=None lr=4.44393e-05
2026-10-01 20:13:06,968 step=13360 train=2.10565 val=None lr=4.4315e-05
2026-10-01 20:13:09,250 step=13370 train=2.03947 val=None lr=4.41911e-05
2026-10-01 20:13:11,656 step=13380 train=2.10496 val=None lr=4.40677e-05
2026-10-01 20:13:14,004 step=13390 train=2.10834 val=None lr=4.39449e-05
2026-10-01 20:13:18,353 step=13400 train=2.13807 val=2.149495059251785 lr=4.38226e-05
2026-10-01 20:13:20,715 step=13410 train=2.15915 val=None lr=4.37007e-05
2026-10-01 20:13:23,103 step=13420 train=2.22422 val=None lr=4.35794e-05
2026-10-01 20:13:24,348 step=13430 train=2.17693 val=None lr=4.34586e-05
2026-10-01 20:13:26,805 step=13440 train=2.58089 val=None lr=4.33383e-05
2026-10-01 20:13:29,151 step=13450 train=2.12519 val=None lr=4.32185e-05
2026-10-01 20:13:31,622 step=13460 train=2.51355 val=None lr=4.30993e-05
2026-10-01 20:13:34,027 step=13470 train=2.21384 val=None lr=4.29805e-05
2026-10-01 20:13:36,446 step=13480 train=2.06733 val=None lr=4.28623e-05
2026-10-01 20:13:39,356 step=13490 train=2.39283 val=None lr=4.27445e-05
2026-10-01 20:13:43,806 step=13500 train=2.56593 val=2.1486203134059907 lr=4.26273e-05
2026-10-01 20:13:48,407 step=13510 train=2.17586 val=None lr=4.25106e-05
2026-10-01 20:13:50,883 step=13520 train=2.30596 val=None lr=4.23944e-05
2026-10-01 20:13:53,451 step=13530 train=2.22608 val=None lr=4.22788e-05
2026-10-01 20:13:54,711 step=13540 train=2.55161 val=None lr=4.21636e-05
2026-10-01 20:13:57,099 step=13550 train=2.10447 val=None lr=4.2049e-05
2026-10-01 20:13:59,556 step=13560 train=2.16874 val=None lr=4.19349e-05
2026-10-01 20:14:02,022 step=13570 train=1.90450 val=None lr=4.18213e-05
2026-10-01 20:14:04,358 step=13580 train=2.05237 val=None lr=4.17082e-05
2026-10-01 20:14:07,004 step=13590 train=2.22344 val=None lr=4.15956e-05
2026-10-01 20:14:11,401 step=13600 train=2.26221 val=2.1453247010707854 lr=4.14836e-05
2026-10-01 20:14:13,824 step=13610 train=2.02541 val=None lr=4.13721e-05
2026-10-01 20:14:16,205 step=13620 train=2.35191 val=None lr=4.12611e-05
2026-10-01 20:14:18,657 step=13630 train=2.17682 val=None lr=4.11506e-05
2026-10-01 20:14:20,976 step=13640 train=2.17751 val=None lr=4.10406e-05
2026-10-01 20:14:23,249 step=13650 train=2.20287 val=None lr=4.09312e-05
2026-10-01 20:14:25,542 step=13660 train=2.24889 val=None lr=4.08223e-05
2026-10-01 20:14:27,145 step=13670 train=2.24102 val=None lr=4.07139e-05
2026-10-01 20:14:29,398 step=13680 train=2.21598 val=None lr=4.0606e-05
2026-10-01 20:14:31,859 step=13690 train=2.06002 val=None lr=4.04987e-05
2026-10-01 20:14:36,199 step=13700 train=2.11678 val=2.1434080243110656 lr=4.03918e-05
2026-10-01 20:14:38,654 step=13710 train=1.98736 val=None lr=4.02855e-05
2026-10-01 20:14:41,228 step=13720 train=2.14565 val=None lr=4.01798e-05
2026-10-01 20:14:43,763 step=13730 train=2.19072 val=None lr=4.00745e-05
2026-10-01 20:14:46,441 step=13740 train=2.21764 val=None lr=3.99698e-05
2026-10-01 20:14:48,806 step=13750 train=2.15633 val=None lr=3.98656e-05
2026-10-01 20:14:51,308 step=13760 train=2.09952 val=None lr=3.97619e-05
2026-10-01 20:14:53,834 step=13770 train=2.02055 val=None lr=3.96588e-05
2026-10-01 20:14:56,157 step=13780 train=2.44333 val=None lr=3.95562e-05
2026-10-01 20:14:58,455 step=13790 train=2.20641 val=None lr=3.94541e-05
2026-10-01 20:15:01,659 step=13800 train=1.91189 val=2.1418491184711455 lr=3.93525e-05
2026-10-01 20:15:04,119 step=13810 train=2.31100 val=None lr=3.92515e-05
2026-10-01 20:15:06,714 step=13820 train=2.18670 val=None lr=3.9151e-05
2026-10-01 20:15:09,039 step=13830 train=2.65358 val=None lr=3.9051e-05
2026-10-01 20:15:11,522 step=13840 train=2.18054 val=None lr=3.89516e-05
2026-10-01 20:15:14,101 step=13850 train=1.94145 val=None lr=3.88527e-05
2026-10-01 20:15:16,475 step=13860 train=2.69093 val=None lr=3.87543e-05
2026-10-01 20:15:18,858 step=13870 train=2.24496 val=None lr=3.86565e-05
2026-10-01 20:15:21,173 step=13880 train=2.42035 val=None lr=3.85591e-05
2026-10-01 20:15:23,656 step=13890 train=2.04305 val=None lr=3.84624e-05
2026-10-01 20:15:28,089 step=13900 train=2.16586 val=2.1402962028980257 lr=3.83661e-05
2026-10-01 20:15:29,385 step=13910 train=2.15943 val=None lr=3.82704e-05
2026-10-01 20:15:31,652 step=13920 train=2.20620 val=None lr=3.81752e-05
2026-10-01 20:15:33,978 step=13930 train=2.05935 val=None lr=3.80806e-05
2026-10-01 20:15:36,455 step=13940 train=2.39800 val=None lr=3.79864e-05
2026-10-01 20:15:38,945 step=13950 train=2.47441 val=None lr=3.78929e-05
2026-10-01 20:15:41,604 step=13960 train=2.30182 val=None lr=3.77998e-05
2026-10-01 20:15:43,972 step=13970 train=2.52497 val=None lr=3.77073e-05
2026-10-01 20:15:46,390 step=13980 train=2.15558 val=None lr=3.76153e-05
2026-10-01 20:15:48,962 step=13990 train=2.61134 val=None lr=3.75239e-05
2026-10-01 20:15:53,535 step=14000 train=2.08456 val=2.139955389499664 lr=3.7433e-05
2026-10-01 20:15:58,091 step=14010 train=2.18530 val=None lr=3.73426e-05
2026-10-01 20:16:00,384 step=14020 train=2.09728 val=None lr=3.72528e-05
2026-10-01 20:16:01,826 step=14030 train=2.34736 val=None lr=3.71635e-05
2026-10-01 20:16:04,396 step=14040 train=2.32138 val=None lr=3.70748e-05
2026-10-01 20:16:06,930 step=14050 train=2.17550 val=None lr=3.69865e-05
2026-10-01 20:16:09,207 step=14060 train=1.98824 val=None lr=3.68989e-05
2026-10-01 20:16:11,721 step=14070 train=2.21234 val=None lr=3.68117e-05
2026-10-01 20:16:14,120 step=14080 train=2.32400 val=None lr=3.67251e-05
2026-10-01 20:16:16,676 step=14090 train=2.15368 val=None lr=3.66391e-05
2026-10-01 20:16:21,249 step=14100 train=2.34489 val=2.1389262437820435 lr=3.65536e-05
2026-10-01 20:16:23,722 step=14110 train=2.25208 val=None lr=3.64686e-05
2026-10-01 20:16:26,143 step=14120 train=2.15777 val=None lr=3.63841e-05
2026-10-01 20:16:28,434 step=14130 train=2.33074 val=None lr=3.63003e-05
2026-10-01 20:16:30,781 step=14140 train=2.14459 val=None lr=3.62169e-05
2026-10-01 20:16:32,122 step=14150 train=2.28292 val=None lr=3.61341e-05
2026-10-01 20:16:34,406 step=14160 train=2.30922 val=None lr=3.60518e-05
2026-10-01 20:16:36,861 step=14170 train=2.28574 val=None lr=3.59701e-05
2026-10-01 20:16:39,282 step=14180 train=2.23594 val=None lr=3.58889e-05
2026-10-01 20:16:41,629 step=14190 train=2.22564 val=None lr=3.58083e-05
2026-10-01 20:16:46,254 step=14200 train=2.24910 val=2.137482249736786 lr=3.57282e-05
2026-10-01 20:16:48,747 step=14210 train=2.29277 val=None lr=3.56486e-05
2026-10-01 20:16:51,183 step=14220 train=2.21925 val=None lr=3.55696e-05
2026-10-01 20:16:53,521 step=14230 train=2.52371 val=None lr=3.54912e-05
2026-10-01 20:16:55,798 step=14240 train=2.01136 val=None lr=3.54133e-05
2026-10-01 20:16:58,324 step=14250 train=2.54016 val=None lr=3.53359e-05
2026-10-01 20:17:00,971 step=14260 train=2.23366 val=None lr=3.52591e-05
2026-10-01 20:17:03,334 step=14270 train=2.27597 val=None lr=3.51828e-05
2026-10-01 20:17:04,401 step=14280 train=1.99595 val=None lr=3.5107e-05
2026-10-01 20:17:06,796 step=14290 train=2.13877 val=None lr=3.50319e-05
2026-10-01 20:17:11,145 step=14300 train=2.09055 val=2.1362482964992524 lr=3.49572e-05
2026-10-01 20:17:13,443 step=14310 train=2.56979 val=None lr=3.48831e-05
2026-10-01 20:17:15,886 step=14320 train=2.07043 val=None lr=3.48096e-05
2026-10-01 20:17:18,355 step=14330 train=2.16830 val=None lr=3.47366e-05
2026-10-01 20:17:20,921 step=14340 train=1.93270 val=None lr=3.46641e-05
2026-10-01 20:17:23,501 step=14350 train=2.61295 val=None lr=3.45923e-05
2026-10-01 20:17:25,841 step=14360 train=1.99141 val=None lr=3.45209e-05
2026-10-01 20:17:28,155 step=14370 train=2.22459 val=None lr=3.44501e-05
2026-10-01 20:17:30,590 step=14380 train=2.13409 val=None lr=3.43798e-05
2026-10-01 20:17:33,225 step=14390 train=2.39328 val=None lr=3.43101e-05
2026-10-01 20:17:36,746 step=14400 train=2.21374 val=2.1354172587394715 lr=3.4241e-05
2026-10-01 20:17:39,288 step=14410 train=2.45041 val=None lr=3.41724e-05
2026-10-01 20:17:41,645 step=14420 train=2.16613 val=None lr=3.41043e-05
2026-10-01 20:17:43,969 step=14430 train=2.02559 val=None lr=3.40368e-05
2026-10-01 20:17:46,417 step=14440 train=2.24436 val=None lr=3.39699e-05
2026-10-01 20:17:48,717 step=14450 train=2.08771 val=None lr=3.39035e-05
2026-10-01 20:17:51,107 step=14460 train=2.30745 val=None lr=3.38377e-05
2026-10-01 20:17:53,445 step=14470 train=2.45759 val=None lr=3.37724e-05
2026-10-01 20:17:55,712 step=14480 train=2.09628 val=None lr=3.37076e-05
2026-10-01 20:17:58,011 step=14490 train=2.24295 val=None lr=3.36434e-05
2026-10-01 20:18:02,301 step=14500 train=2.27647 val=2.1344796657562255 lr=3.35798e-05
2026-10-01 20:18:06,964 step=14510 train=2.02065 val=None lr=3.35167e-05
2026-10-01 20:18:08,151 step=14520 train=2.02016 val=None lr=3.34542e-05
2026-10-01 20:18:10,899 step=14530 train=2.08958 val=None lr=3.33922e-05
2026-10-01 20:18:13,146 step=14540 train=1.96216 val=None lr=3.33308e-05
2026-10-01 20:18:15,642 step=14550 train=2.12090 val=None lr=3.32699e-05
2026-10-01 20:18:17,912 step=14560 train=2.22009 val=None lr=3.32096e-05
2026-10-01 20:18:20,319 step=14570 train=2.19692 val=None lr=3.31499e-05
2026-10-01 20:18:22,855 step=14580 train=2.47007 val=None lr=3.30907e-05
2026-10-01 20:18:25,293 step=14590 train=2.27674 val=None lr=3.3032e-05
2026-10-01 20:18:29,502 step=14600 train=2.15849 val=2.1334105849266054 lr=3.29739e-05
2026-10-01 20:18:31,906 step=14610 train=2.27459 val=None lr=3.29164e-05
2026-10-01 20:18:34,219 step=14620 train=2.23909 val=None lr=3.28594e-05
2026-10-01 20:18:36,906 step=14630 train=2.23273 val=None lr=3.2803e-05
2026-10-01 20:18:38,105 step=14640 train=2.23287 val=None lr=3.27471e-05
2026-10-01 20:18:40,719 step=14650 train=2.39281 val=None lr=3.26918e-05
2026-10-01 20:18:43,280 step=14660 train=2.19213 val=None lr=3.26371e-05
2026-10-01 20:18:45,931 step=14670 train=2.18218 val=None lr=3.25829e-05
2026-10-01 20:18:48,476 step=14680 train=2.19371 val=None lr=3.25292e-05
2026-10-01 20:18:50,816 step=14690 train=2.36399 val=None lr=3.24761e-05
2026-10-01 20:18:55,268 step=14700 train=1.81864 val=2.1303691267967224 lr=3.24236e-05
2026-10-01 20:18:57,589 step=14710 train=2.39902 val=None lr=3.23716e-05
2026-10-01 20:19:00,100 step=14720 train=2.19266 val=None lr=3.23202e-05
2026-10-01 20:19:02,442 step=14730 train=2.24694 val=None lr=3.22694e-05
2026-10-01 20:19:04,871 step=14740 train=2.15541 val=None lr=3.22191e-05
2026-10-01 20:19:07,411 step=14750 train=2.13739 val=None lr=3.21694e-05
2026-10-01 20:19:09,785 step=14760 train=2.28528 val=None lr=3.21202e-05
2026-10-01 20:19:11,178 step=14770 train=2.13238 val=None lr=3.20716e-05
2026-10-01 20:19:13,692 step=14780 train=2.09244 val=None lr=3.20235e-05
2026-10-01 20:19:16,201 step=14790 train=1.94553 val=None lr=3.1976e-05
2026-10-01 20:19:20,576 step=14800 train=2.00812 val=2.1287151992321016 lr=3.19291e-05
2026-10-01 20:19:23,126 step=14810 train=2.00092 val=None lr=3.18827e-05
2026-10-01 20:19:25,387 step=14820 train=2.05736 val=None lr=3.18369e-05
2026-10-01 20:19:27,746 step=14830 train=2.11097 val=None lr=3.17917e-05
2026-10-01 20:19:30,007 step=14840 train=2.22215 val=None lr=3.1747e-05
2026-10-01 20:19:32,680 step=14850 train=2.18711 val=None lr=3.17028e-05
2026-10-01 20:19:35,304 step=14860 train=2.21772 val=None lr=3.16593e-05
2026-10-01 20:19:37,652 step=14870 train=1.87948 val=None lr=3.16162e-05
2026-10-01 20:19:39,918 step=14880 train=2.00410 val=None lr=3.15738e-05
2026-10-01 20:19:41,088 step=14890 train=2.31107 val=None lr=3.15319e-05
2026-10-01 20:19:44,763 step=14900 train=2.12102 val=2.129267913103104 lr=3.14906e-05
2026-10-01 20:19:47,162 step=14910 train=2.23694 val=None lr=3.14498e-05
2026-10-01 20:19:49,759 step=14920 train=2.21839 val=None lr=3.14096e-05
2026-10-01 20:19:52,173 step=14930 train=2.23812 val=None lr=3.137e-05
2026-10-01 20:19:54,641 step=14940 train=2.26551 val=None lr=3.13309e-05
2026-10-01 20:19:57,170 step=14950 train=1.91300 val=None lr=3.12924e-05
2026-10-01 20:19:59,630 step=14960 train=2.35192 val=None lr=3.12544e-05
2026-10-01 20:20:01,912 step=14970 train=1.96166 val=None lr=3.12171e-05
2026-10-01 20:20:04,424 step=14980 train=2.22863 val=None lr=3.11802e-05
2026-10-01 20:20:06,729 step=14990 train=2.25452 val=None lr=3.1144e-05
2026-10-01 20:20:11,107 step=15000 train=2.41963 val=2.128317987918854 lr=3.11083e-05
2026-10-01 20:20:17,412 step=15010 train=1.98206 val=None lr=3.10731e-05
2026-10-01 20:20:19,741 step=15020 train=2.19686 val=None lr=3.10386e-05
2026-10-01 20:20:22,081 step=15030 train=2.09396 val=None lr=3.10046e-05
2026-10-01 20:20:24,675 step=15040 train=2.16403 val=None lr=3.09711e-05
2026-10-01 20:20:26,947 step=15050 train=2.08031 val=None lr=3.09382e-05
2026-10-01 20:20:29,558 step=15060 train=2.07585 val=None lr=3.09059e-05
2026-10-01 20:20:32,123 step=15070 train=2.00272 val=None lr=3.08742e-05
2026-10-01 20:20:34,705 step=15080 train=2.35278 val=None lr=3.0843e-05
2026-10-01 20:20:37,151 step=15090 train=2.10392 val=None lr=3.08124e-05
2026-10-01 20:20:41,538 step=15100 train=2.14371 val=2.126988333463669 lr=3.07823e-05
2026-10-01 20:20:43,851 step=15110 train=2.01258 val=None lr=3.07528e-05
2026-10-01 20:20:44,993 step=15120 train=2.23189 val=None lr=3.07239e-05
2026-10-01 20:20:47,397 step=15130 train=2.02264 val=None lr=3.06955e-05
2026-10-01 20:20:49,723 step=15140 train=2.29619 val=None lr=3.06677e-05
2026-10-01 20:20:51,981 step=15150 train=2.01588 val=None lr=3.06405e-05
2026-10-01 20:20:54,347 step=15160 train=2.34457 val=None lr=3.06138e-05
2026-10-01 20:20:57,160 step=15170 train=2.09309 val=None lr=3.05877e-05
2026-10-01 20:20:59,637 step=15180 train=2.44462 val=None lr=3.05622e-05
2026-10-01 20:21:02,027 step=15190 train=2.27724 val=None lr=3.05372e-05
2026-10-01 20:21:06,212 step=15200 train=2.08402 val=2.1259138107299806 lr=3.05128e-05
2026-10-01 20:21:08,594 step=15210 train=2.46029 val=None lr=3.0489e-05
2026-10-01 20:21:11,162 step=15220 train=2.14909 val=None lr=3.04657e-05
2026-10-01 20:21:13,587 step=15230 train=2.17890 val=None lr=3.0443e-05
2026-10-01 20:21:14,794 step=15240 train=1.95542 val=None lr=3.04209e-05
2026-10-01 20:21:17,300 step=15250 train=2.47802 val=None lr=3.03993e-05
2026-10-01 20:21:19,711 step=15260 train=2.34017 val=None lr=3.03783e-05
2026-10-01 20:21:21,984 step=15270 train=2.17342 val=None lr=3.03579e-05
2026-10-01 20:21:24,328 step=15280 train=2.45053 val=None lr=3.0338e-05
2026-10-01 20:21:26,834 step=15290 train=2.14409 val=None lr=3.03187e-05
2026-10-01 20:21:31,473 step=15300 train=2.33027 val=2.1243722796440125 lr=3.03e-05
2026-10-01 20:21:33,789 step=15310 train=2.06875 val=None lr=3.02818e-05
2026-10-01 20:21:36,122 step=15320 train=2.23570 val=None lr=3.02642e-05
2026-10-01 20:21:38,666 step=15330 train=2.22708 val=None lr=3.02472e-05
2026-10-01 20:21:41,408 step=15340 train=2.15857 val=None lr=3.02307e-05
2026-10-01 20:21:43,845 step=15350 train=2.33877 val=None lr=3.02148e-05
2026-10-01 20:21:46,314 step=15360 train=2.35760 val=None lr=3.01995e-05
2026-10-01 20:21:47,509 step=15370 train=2.23096 val=None lr=3.01847e-05
2026-10-01 20:21:50,038 step=15380 train=2.15831 val=None lr=3.01705e-05
2026-10-01 20:21:52,528 step=15390 train=2.09732 val=None lr=3.01569e-05
2026-10-01 20:21:56,977 step=15400 train=2.01965 val=2.1237988650798796 lr=3.01438e-05
2026-10-01 20:21:59,437 step=15410 train=2.02077 val=None lr=3.01313e-05
2026-10-01 20:22:01,921 step=15420 train=2.28623 val=None lr=3.01194e-05
2026-10-01 20:22:04,458 step=15430 train=2.04316 val=None lr=3.0108e-05
2026-10-01 20:22:07,331 step=15440 train=2.17384 val=None lr=3.00972e-05
2026-10-01 20:22:09,950 step=15450 train=1.90514 val=None lr=3.0087e-05
2026-10-01 20:22:12,441 step=15460 train=2.12608 val=None lr=3.00773e-05
2026-10-01 20:22:15,120 step=15470 train=2.08750 val=None lr=3.00683e-05
2026-10-01 20:22:17,779 step=15480 train=1.96005 val=None lr=3.00597e-05
2026-10-01 20:22:19,501 step=15490 train=2.10175 val=None lr=3.00518e-05
2026-10-01 20:22:24,041 step=15500 train=2.06411 val=2.1227534234523775 lr=3.00444e-05
2026-10-01 20:22:29,402 step=15510 train=1.97662 val=None lr=3.00376e-05
2026-10-01 20:22:31,784 step=15520 train=2.11612 val=None lr=3.00313e-05
2026-10-01 20:22:34,126 step=15530 train=2.13905 val=None lr=3.00256e-05
2026-10-01 20:22:36,466 step=15540 train=2.18311 val=None lr=3.00205e-05
2026-10-01 20:22:38,756 step=15550 train=1.94021 val=None lr=3.0016e-05
2026-10-01 20:22:41,319 step=15560 train=2.28038 val=None lr=3.0012e-05
2026-10-01 20:22:44,005 step=15570 train=2.31965 val=None lr=3.00086e-05
2026-10-01 20:22:46,437 step=15580 train=2.12048 val=None lr=3.00058e-05
2026-10-01 20:22:48,806 step=15590 train=2.21085 val=None lr=3.00035e-05
2026-10-01 20:22:52,429 step=15600 train=2.09906 val=2.12178812623024 lr=3.00018e-05
2026-10-01 20:22:54,953 step=15610 train=2.20300 val=None lr=3.00006e-05
2026-10-01 20:22:57,372 step=15620 train=1.89444 val=None lr=3.00001e-05
2026-10-01 20:23:00,026 step=15625 train=2.43776 val=2.1222244024276735 lr=3e-05
2026-10-01 20:23:02,109 Completed: final validation loss 2.122224
