step,tokens_seen,train_loss,val_loss,val_ppl,lr,elapsed_seconds
1,2048,9.21034049987793,,,9.615384615384615e-07,0.48897642800011454
10,20480,9.210332870483398,,,9.615384615384614e-06,2.7050728979997984
20,40960,9.210302352905273,,,1.9230769230769228e-05,5.237678728999981
30,61440,9.210256576538086,,,2.8846153846153845e-05,7.743961578999915
40,81920,9.210168838500977,,,3.8461538461538456e-05,10.417196430999866
50,102400,9.210017204284668,,,4.807692307692308e-05,12.975282162999974
60,122880,9.209733009338379,,,5.769230769230769e-05,15.390295521000098
70,143360,9.209270477294922,,,6.73076923076923e-05,17.776606910999817
80,163840,9.208637237548828,,,7.692307692307691e-05,20.323952951000138
90,184320,9.207761764526367,,,8.653846153846153e-05,22.776875692999965
100,204800,9.206165313720703,9.206026792526245,9956.957106712056,9.615384615384615e-05,28.24254274299983
110,225280,9.20407485961914,,,0.00010576923076923075,30.571918360999916
120,245760,9.201164245605469,,,0.00011538461538461538,32.99031892599987
130,266240,9.197145462036133,,,0.000125,35.48418438899989
140,286720,9.19151496887207,,,0.0001346153846153846,38.14566489800018
150,307200,9.178329467773438,,,0.00014423076923076922,40.570771139000044
160,327680,9.15338134765625,,,0.00015384615384615382,43.12361582699987
170,348160,9.112527847290039,,,0.00016346153846153846,45.56495465699982
180,368640,9.05993366241455,,,0.00017307692307692307,48.21710935400006
190,389120,9.011347770690918,,,0.00018269230769230767,51.03627512899993
200,409600,8.946744918823242,8.94520525932312,7671.022977470311,0.0001923076923076923,56.03360960000009
210,430080,8.876399040222168,,,0.00020192307692307691,58.446647915000085
220,450560,8.791314125061035,,,0.0002115384615384615,61.23365977200001
230,471040,8.710931777954102,,,0.00022115384615384613,63.869053112000074
240,491520,8.606611251831055,,,0.00023076923076923076,66.64881973799993
250,512000,8.494955062866211,,,0.00024038461538461537,69.57211716499978
260,532480,8.36766242980957,,,0.00025,72.28861697000002
270,552960,8.216180801391602,,,0.00025961538461538456,75.4127573740002
280,573440,8.07353401184082,,,0.0002692307692307692,78.05245837299981
290,593920,7.8864850997924805,,,0.0002788461538461538,80.60927646900018
300,614400,7.670130729675293,7.685177040100098,2175.8551531235275,0.00028846153846153843,85.71567493400016
310,634880,7.4997029304504395,,,0.00029807692307692304,88.26965521700004
320,655360,7.327630043029785,,,0.0002999998181711342,90.8333171600002
330,675840,7.21566915512085,,,0.00029999907949220645,93.43705623000005
340,696320,6.991988658905029,,,0.0002999977726020193,96.44170678499995
350,716800,6.76437520980835,,,0.0002999958975060734,99.01797704299997
360,737280,6.536128044128418,,,0.0002999934542122612,101.94959587799985
370,757760,6.512649059295654,,,0.0002999904427308664,104.69493903300008
380,778240,6.394301891326904,,,0.0002999868630745643,107.25303345200018
390,798720,6.24368953704834,,,0.0002999827152584218,109.69814287600002
400,819200,5.998198509216309,6.100570940971375,446.1124012336243,0.00029997799929989695,114.50464106900017
410,839680,6.133040904998779,,,0.0002999727152188393,117.16758790199992
420,860160,6.093594551086426,,,0.0002999668630374895,119.73487392800007
430,880640,5.939867973327637,,,0.0002999604427804794,122.86180392999995
440,901120,5.808478832244873,,,0.00029995345447483184,125.71009627000012
450,921600,5.7724199295043945,,,0.00029994589814996063,128.28836272699982
460,942080,5.8778767585754395,,,0.00029993777383767044,130.8463992349998
470,962560,5.84792423248291,,,0.0002999290815721563,133.48885474999997
480,983040,5.787658214569092,,,0.0002999198213900042,136.207637601
490,1003520,5.752614974975586,,,0.0002999099933301901,138.76292156499994
500,1024000,5.555731773376465,5.59491457939148,269.0546662973153,0.00029989959743408035,143.55103352600008
510,1044480,5.659313678741455,,,0.0002998886337454313,148.27435190300002
520,1064960,5.36005163192749,,,0.00029987710231038915,151.09368089100008
530,1085440,5.449098110198975,,,0.00029986500317748965,153.673368019
540,1105920,5.2566728591918945,,,0.00029985233639765813,156.30415669000013
550,1126400,5.485640048980713,,,0.00029983910202420905,158.84943282199993
560,1146880,5.153374671936035,,,0.0002998253001128459,161.77177964600014
570,1167360,5.257767677307129,,,0.00029981093072166095,164.2938919039998
580,1187840,5.166250228881836,,,0.000299795993911135,166.75675248800007
590,1208320,5.152396202087402,,,0.00029978048974413704,169.23123031900013
600,1228800,5.049126625061035,5.000390362739563,148.47110537924894,0.0002997644182859242,174.128650011
610,1249280,5.037766456604004,,,0.0002997477796041412,176.86940279400005
620,1269760,4.759932041168213,,,0.0002997305737688202,179.8601201309998
630,1290240,4.924657821655273,,,0.00029971280085238077,182.46469959500018
640,1310720,4.772956848144531,,,0.000299694460929629,185.11215677300015
650,1331200,4.965448379516602,,,0.0002996755540777577,187.65108706299998
660,1351680,4.826193809509277,,,0.0002996560803763458,190.34715785400022
670,1372160,4.846763610839844,,,0.00029963603990735817,193.02535932699993
680,1392640,4.65024471282959,,,0.00029961543275514507,195.59338722599978
690,1413120,4.8100666999816895,,,0.0002995942590064421,198.3996498739998
700,1433600,4.388964653015137,4.497731471061707,89.81315628231528,0.00029957251875036955,204.07700847100023
710,1454080,4.393157958984375,,,0.0002995502120784322,206.81195717699984
720,1474560,4.459537029266357,,,0.0002995273390845189,209.54543711799988
730,1495040,4.514310359954834,,,0.000299503899864902,212.11402064699996
740,1515520,4.253326416015625,,,0.0002994798945182373,214.56096858299998
750,1536000,4.5017523765563965,,,0.00029945532314556327,217.3130246259998
760,1556480,4.309412956237793,,,0.0002994301858503008,219.92139945000008
770,1576960,4.286005020141602,,,0.00029940448273825293,222.86078275
780,1597440,4.368182182312012,,,0.00029937821391760395,225.68516464699997
790,1617920,4.414987087249756,,,0.00029935137949891943,228.2777046760002
800,1638400,4.477748870849609,4.217729389667511,67.87918200351355,0.0002993239795951454,233.28226606599992
810,1658880,4.3174309730529785,,,0.0002992960143216082,235.8723557950002
820,1679360,4.3986053466796875,,,0.00029926748379601354,238.73525281699995
830,1699840,4.101337432861328,,,0.0002992383881384465,241.6617177600001
840,1720320,4.4279561042785645,,,0.00029920872747137077,244.4470459009999
850,1740800,4.192405700683594,,,0.0002991785019196281,247.09986614499985
860,1761280,4.203224182128906,,,0.0002991477116104378,249.7094117659999
870,1781760,4.222203731536865,,,0.0002991163566733964,252.32604488800007
880,1802240,4.071352005004883,,,0.00029908443724047687,255.76227396900003
890,1822720,4.256882667541504,,,0.0002990519534460281,258.36742656700017
900,1843200,4.314236164093018,4.073526322841644,58.76381785147796,0.00029901890542677437,263.25091004700016
910,1863680,4.02459192276001,,,0.0002989852933218149,266.3513142749998
920,1884160,4.1779093742370605,,,0.00029895111727262303,268.88820573400017
930,1904640,4.122307300567627,,,0.00029891637742304576,271.5584483880002
940,1925120,3.906052350997925,,,0.0002988810739193032,274.12650068899984
950,1945600,3.896829605102539,,,0.00029884520690998784,276.742671987
960,1966080,3.966695785522461,,,0.00029880877654606396,279.41037061199995
970,1986560,4.275676250457764,,,0.0002987717829808669,282.115546427
980,2007040,4.2030534744262695,,,0.0002987342263701027,284.62819738400003
990,2027520,3.984264612197876,,,0.00029869610687184724,287.1138246999999
1000,2048000,4.008213996887207,3.988330090045929,53.96469789228917,0.0002986574246465454,291.9842385709999
1010,2068480,4.079390525817871,,,0.0002986181798570107,296.7545335069999
1020,2088960,4.2912211418151855,,,0.00029857837266842463,299.32307066500016
1030,2109440,3.9023337364196777,,,0.0002985380032483355,302.07249435699987
1040,2129920,3.869675397872925,,,0.0002984970717666584,304.71403331500005
1050,2150400,3.8966612815856934,,,0.00029845557839567395,307.15695235400017
1060,2170880,3.675173759460449,,,0.0002984135233100277,309.7667675120001
1070,2191360,3.81609845161438,,,0.00029837090668672966,312.29664422899987
1080,2211840,3.735557794570923,,,0.00029832772870515316,315.01353519099985
1090,2232320,4.14371395111084,,,0.00029828398954703436,318.1679692739999
1100,2252800,3.8271384239196777,3.9261500000953675,50.71136261063357,0.00029823968939647155,323.1088024370001
1110,2273280,4.191595077514648,,,0.0002981948284399239,325.6715842069998
1120,2293760,3.90651273727417,,,0.0002981494068662114,328.09279892099994
1130,2314240,3.876906394958496,,,0.0002981034248665134,330.7452024559998
1140,2334720,4.033186912536621,,,0.00029805688263436826,333.6413141140001
1150,2355200,3.9638397693634033,,,0.00029800978036567216,336.2888304050002
1160,2375680,4.057201385498047,,,0.0002979621182586787,338.89146274799987
1170,2396160,3.9743216037750244,,,0.0002979138965139977,341.58302308500015
1180,2416640,3.9642179012298584,,,0.00029786511533459454,344.26458704900006
1190,2437120,3.7853870391845703,,,0.0002978157749257893,346.88268789699987
1200,2457600,4.106832981109619,3.883310115337372,48.584770390066,0.0002977658754952557,351.59266012499984
1210,2478080,4.137271881103516,,,0.00029771541725302054,354.25001629300004
1220,2498560,4.130733966827393,,,0.00029766440041146267,357.00499268800013
1230,2519040,4.009413719177246,,,0.0002976128251853119,359.68758749100016
1240,2539520,3.9603257179260254,,,0.00029756069179164853,362.27641991500013
1250,2560000,3.7782235145568848,,,0.00029750800044990204,364.8225799390002
1260,2580480,3.6641173362731934,,,0.0002974547513818503,367.4184935080002
1270,2600960,3.7872097492218018,,,0.0002974009448116187,370.2723762259998
1280,2621440,3.813760995864868,,,0.0002973465809656792,373.2293067569999
1290,2641920,3.861708164215088,,,0.0002972916600728492,375.9224722130002
1300,2662400,3.831021308898926,3.8391547322273256,46.48616457165971,0.0002972361823642909,380.93524009600014
1310,2682880,3.822375774383545,,,0.0002971801480735099,383.3653052230002
1320,2703360,4.084822654724121,,,0.0002971235574363547,385.97859953199986
1330,2723840,3.9791502952575684,,,0.0002970664106910153,388.67699568199987
1340,2744320,3.85600209236145,,,0.00029700870807802235,391.2280312019998
1350,2764800,3.6274046897888184,,,0.00029695044984024625,393.8074383930002
1360,2785280,3.7766058444976807,,,0.00029689163622289606,396.48089135500004
1370,2805760,3.798673152923584,,,0.0002968322674735182,399.1928261889998
1380,2826240,3.8539669513702393,,,0.00029677234384199594,401.77038647100017
1390,2846720,3.8210034370422363,,,0.00029671186558054784,404.2695479849999
1400,2867200,3.9018518924713135,3.8079872012138365,45.05965151675835,0.00029665083294372693,408.90025747100026
1410,2887680,3.8269195556640625,,,0.0002965892461884197,411.54538869499993
1420,2908160,3.7228903770446777,,,0.00029652710557384485,414.03421657200033
1430,2928640,3.82336163520813,,,0.00029646441136155227,416.6105746209996
1440,2949120,3.8260631561279297,,,0.00029640116381542196,419.10279090099993
1450,2969600,3.8805909156799316,,,0.0002963373632016629,421.5782510700001
1460,2990080,3.788057565689087,,,0.00029627300978881196,424.09168825399956
1470,3010560,3.7398126125335693,,,0.0002962081038477327,426.9588157850003
1480,3031040,3.7217416763305664,,,0.0002961426456516143,429.61047081000015
1490,3051520,3.804844617843628,,,0.00029607663547597045,432.1808919570003
1500,3072000,3.916142463684082,3.772203195095062,43.475744944190986,0.00029601007359863785,436.96674922799957
1510,3092480,3.9420602321624756,,,0.00029594296029977567,441.58392156399987
1520,3112960,3.7728724479675293,,,0.00029587529586186384,444.15805069199996
1530,3133440,3.8449695110321045,,,0.000295807080569702,446.72187318800025
1540,3153920,3.814063310623169,,,0.0002957383147104083,449.3609783190004
1550,3174400,3.587522029876709,,,0.0002956689985734185,451.85261926400017
1560,3194880,3.481354236602783,,,0.0002955991324504842,454.303913277
1570,3215360,4.195977687835693,,,0.00029552871663567195,456.7898845139998
1580,3235840,3.647808790206909,,,0.000295457751425362,459.24725201900037
1590,3256320,3.8128275871276855,,,0.000295386237118247,461.94272348899995
1600,3276800,3.651352882385254,3.698009157180786,40.36686023699769,0.00029531417401533076,466.7636077770003
1610,3297280,3.7631123065948486,,,0.0002952415624199269,469.90746476299955
1620,3317760,3.6290087699890137,,,0.0002951684026376577,472.78224276200035
1630,3338240,3.3728647232055664,,,0.00029509469497645283,475.45422657200015
1640,3358720,3.416022777557373,,,0.00029502043974654783,478.07926530999976
1650,3379200,3.8754754066467285,,,0.00029494563726048306,480.8017443059998
1660,3399680,3.659519672393799,,,0.0002948702878331023,483.3042550700002
1670,3420160,3.6614809036254883,,,0.00029479439178155134,485.7258249919996
1680,3440640,3.7794902324676514,,,0.00029471794942527674,488.27074317700044
1690,3461120,3.7688510417938232,,,0.00029464096108602433,490.89804077400004
1700,3481600,3.7349050045013428,3.6087456345558167,36.91971294520536,0.0002945634270878383,496.62641541799985
1710,3502080,3.6251120567321777,,,0.0002944853477570593,499.09747240900015
1720,3522560,3.4021832942962646,,,0.00029440672342232317,501.6164007839998
1730,3543040,3.670299768447876,,,0.0002943275544145599,504.09383067100043
1740,3563520,3.548969268798828,,,0.0002942478410669919,506.575274156
1750,3584000,3.785038471221924,,,0.0002941675837151328,509.0071395499999
1760,3604480,3.765596389770508,,,0.0002940867826967858,511.502637308
1770,3624960,3.582418918609619,,,0.00029400543835204245,513.9574252169996
1780,3645440,3.8683900833129883,,,0.00029392355102328123,516.4094335609998
1790,3665920,3.68713116645813,,,0.000293841121055166,518.8797641680003
1800,3686400,3.7281653881073,3.533366048336029,34.23902407332803,0.00029375814879464455,523.9437097800001
1810,3706880,3.7118406295776367,,,0.0002936746345909472,526.9983027970002
1820,3727360,3.779264211654663,,,0.0002935905787955853,529.5124648909996
1830,3747840,3.2855653762817383,,,0.0002935059817623498,532.0327862550002
1840,3768320,3.5006442070007324,,,0.0002934208438473097,534.6218608580002
1850,3788800,3.3593685626983643,,,0.00029333516540881055,537.5717665960001
1860,3809280,3.5334889888763428,,,0.000293248946807473,540.2134886100002
1870,3829760,3.2703702449798584,,,0.0002931621884061912,542.7498549920001
1880,3850240,3.5196495056152344,,,0.00029307489057013147,545.2280978079998
1890,3870720,3.8840842247009277,,,0.00029298705366673027,547.7928139539999
1900,3891200,3.322385787963867,3.4531946659088133,31.60118645425668,0.0002928986780656934,552.6229726620004
1910,3911680,3.636855125427246,,,0.0002928097641389938,555.0754861590003
1920,3932160,3.3280115127563477,,,0.0002927203122608702,557.5629308999996
1930,3952640,3.4874322414398193,,,0.00029263032280782577,560.1973153729996
1940,3973120,3.5567216873168945,,,0.0002925397961586261,562.7222030780003
1950,3993600,3.3161373138427734,,,0.000292448732694298,565.2842670849996
1960,4014080,3.6459550857543945,,,0.00029235713279812767,567.9792138619996
1970,4034560,3.508151054382324,,,0.00029226499685565914,570.446610428
1980,4055040,3.5583531856536865,,,0.00029217232525469275,572.8932256910002
1990,4075520,3.1373772621154785,,,0.0002920791183852833,575.3702360329999
2000,4096000,3.59200382232666,3.386911404132843,29.574467485281886,0.0002919853766397386,580.3306526050001
2010,4116480,3.4960780143737793,,,0.00029189110041261774,584.8990739150004
2020,4136960,3.420057773590088,,,0.0002917962901007295,587.737859635
2030,4157440,3.217789888381958,,,0.0002917009461031306,590.1517198490001
2040,4177920,3.5344486236572266,,,0.0002916050688211239,592.5983563979999
2050,4198400,3.5023193359375,,,0.00029150865865825706,595.1420467750004
2060,4218880,3.3036093711853027,,,0.00029141171602032056,597.6638564799996
2070,4239360,3.493091106414795,,,0.00029131424131534605,600.3333952980001
2080,4259840,3.436918258666992,,,0.00029121623495360465,602.9074754539997
2090,4280320,3.299643039703369,,,0.0002911176973476052,605.7398533249998
2100,4300800,3.294800281524658,3.3219855308532713,27.715325597219916,0.00029101862891209264,610.6609238029996
2110,4321280,3.445932626724243,,,0.0002909190300640461,613.241831581
2120,4341760,3.1811633110046387,,,0.00029081890122267714,615.8143691269997
2130,4362240,3.288942337036133,,,0.0002907182428094283,618.407266788
2140,4382720,3.1552693843841553,,,0.00029061705524797087,620.959811742
2150,4403200,2.9431912899017334,,,0.00029051533896420336,623.5698107839999
2160,4423680,3.505803108215332,,,0.0002904130943862498,626.4358941549999
2170,4444160,3.225005626678467,,,0.00029031032194445764,629.3745068400003
2180,4464640,3.343003511428833,,,0.00029020702207139615,631.9383924169997
2190,4485120,3.4255383014678955,,,0.00029010319520185473,634.5222205769996
2200,4505600,3.176269292831421,3.275412714481354,26.454141235042357,0.0002899988417728407,639.5000021839996
2210,4526080,3.2319507598876953,,,0.0002898939622235778,642.1940304070004
2220,4546560,3.346961498260498,,,0.00028978855699550405,644.7600165149997
2230,4567040,3.459871768951416,,,0.00028968262653227017,647.3844526009998
2240,4587520,3.249242067337036,,,0.0002895761712797378,650.1381922600003
2250,4608000,3.29367733001709,,,0.00028946919168597687,652.9599089650001
2260,4628480,3.170586585998535,,,0.0002893616882012649,655.6626611490001
2270,4648960,3.4517951011657715,,,0.00028925366127808394,658.342318856
2280,4669440,3.2520689964294434,,,0.00028914511137111956,661.0148666429996
2290,4689920,3.145501136779785,,,0.00028903603893725837,663.506157156
2300,4710400,3.3271450996398926,3.228836238384247,25.250254588521134,0.0002889264444355863,668.4031837789998
2310,4730880,3.1696784496307373,,,0.0002888163283273868,671.2058335840002
2320,4751360,3.6590142250061035,,,0.0002887056910761387,673.6674118259998
2330,4771840,3.3951802253723145,,,0.00028859453314751424,676.2382301369998
2340,4792320,3.062962055206299,,,0.00028848285500937716,678.7623073530003
2350,4812800,3.335602283477783,,,0.00028837065713178104,681.6061588530001
2360,4833280,3.393935203552246,,,0.0002882579399869668,684.3428061980003
2370,4853760,3.1026296615600586,,,0.00028814470404936096,686.9501468520002
2380,4874240,3.385854721069336,,,0.0002880309497955737,689.4974260420004
2390,4894720,3.296323299407959,,,0.0002879166777043968,692.147504523
2400,4915200,3.135517120361328,3.176377868652344,23.95981060665462,0.0002878018882568016,697.1469289300003
2410,4935680,3.370591163635254,,,0.0002876865819359371,699.7600551690002
2420,4956160,3.085635185241699,,,0.0002875707592271276,702.2904709080003
2430,4976640,3.194674491882324,,,0.00028745442061787097,704.9889046879998
2440,4997120,3.3344192504882812,,,0.00028733756659783666,707.6101618379998
2450,5017600,3.425445079803467,,,0.00028722019765886327,710.2815402839997
2460,5038080,2.9738786220550537,,,0.0002871023142949568,712.989339838
2470,5058560,3.020233631134033,,,0.00028698391700228843,715.6306285700002
2480,5079040,3.3439528942108154,,,0.00028686500627919247,718.2410420759998
2490,5099520,3.2070162296295166,,,0.0002867455826261643,720.7800659129998
2500,5120000,3.169501304626465,3.138612747192383,23.071838175632397,0.0002866256465458582,725.7309420629999
2510,5140480,3.348069190979004,,,0.00028650519854308523,730.6832722930003
2520,5160960,3.407717227935791,,,0.0002863842391248112,733.3032331280001
2530,5181440,3.051664352416992,,,0.00028626276880015436,735.8502124240003
2540,5201920,2.950981616973877,,,0.00028614078808038344,738.7036374669997
2550,5222400,3.1719870567321777,,,0.00028601829747891544,741.3694575079999
2560,5242880,2.9191346168518066,,,0.00028589529751131337,744.0044089720004
2570,5263360,3.133129119873047,,,0.00028577178869528425,746.5090758830002
2580,5283840,2.9385032653808594,,,0.00028564777155067685,749.1056298829999
2590,5304320,3.1584649085998535,,,0.0002855232465994794,752.045989401
2600,5324800,3.155240297317505,3.104959273338318,22.308310413763692,0.00028539821436581754,756.8651018820001
2610,5345280,3.2936253547668457,,,0.0002852726753759521,759.4228881609997
2620,5365760,3.181791305541992,,,0.0002851466301582768,762.1054069680004
2630,5386240,3.3176145553588867,,,0.0002850200792433161,764.9292641789998
2640,5406720,3.009453535079956,,,0.0002848930231637229,767.5476545089996
2650,5427200,3.034351110458374,,,0.00028476546245427635,770.1720584209997
2660,5447680,3.3209290504455566,,,0.0002846373976518796,773.0139080090003
2670,5468160,2.9881653785705566,,,0.0002845088292955576,775.7609178419998
2680,5488640,3.2703866958618164,,,0.00028437975792645464,778.470829631
2690,5509120,3.381159782409668,,,0.0002842501840878322,781.1125112500004
2700,5529600,3.287625312805176,3.065171241760254,21.43813277646965,0.0002841201083250668,786.1559940090001
2710,5550080,3.3340954780578613,,,0.0002839895311856474,789.2496507260003
2720,5570560,3.2773404121398926,,,0.00028385845321917324,792.0002988209999
2730,5591040,2.977738380432129,,,0.00028372687497735174,794.8886861390001
2740,5611520,2.973015069961548,,,0.00028359479701399573,797.5474511490002
2750,5632000,3.241384506225586,,,0.0002834622198850216,800.1411789169997
2760,5652480,3.16671085357666,,,0.00028332914414844646,802.6759300599997
2770,5672960,3.2278809547424316,,,0.0002831955703643864,805.3702728349999
2780,5693440,3.159280776977539,,,0.0002830614990950535,807.9296442719997
2790,5713920,3.0180575847625732,,,0.0002829269309047539,810.6297199829996
2800,5734400,3.0618672370910645,3.037617337703705,20.855492393505475,0.00028279186635988526,815.5643693789998
2810,5754880,3.0572280883789062,,,0.00028265630602893434,818.2799026339999
2820,5775360,3.018794059753418,,,0.0002825202504824748,820.8516306990005
2830,5795840,3.0845141410827637,,,0.00028238370029316437,823.4144554189998
2840,5816320,3.1526670455932617,,,0.00028224665603574314,825.9237222869997
2850,5836800,2.9834423065185547,,,0.00028210911828703046,828.4536406799998
2860,5857280,3.1230897903442383,,,0.0002819710876259228,830.9616288710004
2870,5877760,3.0615057945251465,,,0.0002818325646333914,833.5111805229999
2880,5898240,2.878913402557373,,,0.00028169354989247966,836.0192603389996
2890,5918720,3.4168901443481445,,,0.00028155404398830074,838.6427670209996
2900,5939200,3.2377514839172363,3.0068102836608888,20.222791969525627,0.0002814140475080352,843.5011512649999
2910,5959680,3.038440704345703,,,0.0002812735610409283,846.2149821399998
2920,5980160,3.0381438732147217,,,0.00028113258517828773,848.7499260599998
2930,6000640,2.9182472229003906,,,0.00028099112051348105,851.2849403700002
2940,6021120,3.2680912017822266,,,0.0002808491676419331,854.3061767019999
2950,6041600,3.052309036254883,,,0.0002807067271611238,856.9200146339999
2960,6062080,3.2188730239868164,,,0.0002805637996705851,859.4312973599999
2970,6082560,3.412043571472168,,,0.0002804203857718992,861.8649319140004
2980,6103040,3.0379912853240967,,,0.0002802764860686951,864.349139209
2990,6123520,2.78171968460083,,,0.0002801321011666469,867.435165119
3000,6144000,3.3282387256622314,2.98106210231781,19.708738228918193,0.00027998723167347076,872.302762458
3010,6164480,2.8946588039398193,,,0.0002798418781989225,876.8891193230002
3020,6184960,3.1913576126098633,,,0.00027969604135479514,879.4414386070002
3030,6205440,2.824617385864258,,,0.000279549721754916,881.9881843330004
3040,6225920,2.9262847900390625,,,0.00027940292001514446,884.507009512
3050,6246400,3.2291979789733887,,,0.0002792556367533692,887.4080315029996
3060,6266880,3.0408549308776855,,,0.00027910787258950565,889.9075569549996
3070,6287360,2.856506109237671,,,0.0002789596281454932,892.4765083720004
3080,6307840,2.9457807540893555,,,0.0002788109040452929,894.9984151660001
3090,6328320,2.9154720306396484,,,0.00027866170091488476,897.5962170749999
3100,6348800,2.946619987487793,2.9508702158927917,19.122587269149047,0.00027851201938226475,902.4514604449996
3110,6369280,3.218534231185913,,,0.0002783618600774427,905.026486834
3120,6389760,2.8395614624023438,,,0.0002782112236324392,907.5176546399998
3130,6410240,3.150963306427002,,,0.00027806011068128326,910.2431779259996
3140,6430720,2.9457483291625977,,,0.0002779085218600094,912.7686509519999
3150,6451200,3.150893449783325,,,0.0002777564578066551,915.3107223039997
3160,6471680,3.0754778385162354,,,0.0002776039191612581,917.8503316719998
3170,6492160,2.9961869716644287,,,0.0002774509065658538,920.5319609569997
3180,6512640,3.065094470977783,,,0.00027729742066447225,923.005316752
3190,6533120,3.150118827819824,,,0.0002771434621031359,925.5016015379997
3200,6553600,3.001485824584961,2.9225346326828,18.58834242125369,0.0002769890315298563,930.2856221270004
3210,6574080,2.8924293518066406,,,0.00027683412959463206,932.7028659260004
3220,6594560,2.9678611755371094,,,0.00027667875694944554,935.3341718780002
3230,6615040,2.83085560798645,,,0.0002765229142482603,937.8523473369996
3240,6635520,2.943092107772827,,,0.00027636660214701845,940.3605236740004
3250,6656000,3.0302209854125977,,,0.0002762098213036378,943.0263232999996
3260,6676480,2.806283712387085,,,0.000276052572378009,945.4763798670001
3270,6696960,2.9396047592163086,,,0.00027589485603199306,948.0490007609997
3280,6717440,2.939570426940918,,,0.00027573667292941814,950.8930298260002
3290,6737920,3.1095364093780518,,,0.00027557802373607713,953.414063876
3300,6758400,3.1661453247070312,2.9041859984397886,18.250381764998952,0.0002754189091197246,958.5666864599998
3310,6778880,3.082136631011963,,,0.0002752593297500741,961.156356904
3320,6799360,2.911879062652588,,,0.0002750992862987955,963.7066003749997
3330,6819840,2.784788131713867,,,0.00027493877943951165,966.1953834420001
3340,6840320,2.914144515991211,,,0.0002747778098477962,968.8820379250001
3350,6860800,2.9787228107452393,,,0.0002746163782011703,971.6512566829997
3360,6881280,2.8752036094665527,,,0.0002744544851790999,974.1469188709998
3370,6901760,2.944230556488037,,,0.0002742921314629929,976.8355764110001
3380,6922240,2.744765281677246,,,0.00027412931773619626,979.3883099200002
3390,6942720,2.7757067680358887,,,0.0002739660446839931,982.1299365900004
3400,6963200,2.8488640785217285,2.8858787655830382,17.91930754938858,0.00027380231299359986,987.0119315430002
3410,6983680,3.0563478469848633,,,0.00027363812335416335,989.5671006049997
3420,7004160,3.233675956726074,,,0.00027347347645675804,992.0711122550001
3430,7024640,3.0667684078216553,,,0.00027330837299438277,994.7938266330002
3440,7045120,2.8677308559417725,,,0.00027314281366195827,997.3136097369998
3450,7065600,2.9403750896453857,,,0.0002729767991563238,999.931842989
3460,7086080,2.8918914794921875,,,0.0002728103301762347,1002.4817550079997
3470,7106560,2.751126289367676,,,0.000272643407422359,1005.0540053220002
3480,7127040,2.819772481918335,,,0.00027247603159727483,1007.8856149840003
3490,7147520,2.850034713745117,,,0.0002723082034054671,1010.7124515739997
3500,7168000,3.0362777709960938,2.8561460614204406,17.394360794488204,0.0002721399235533249,1015.3797799220001
3510,7188480,3.046786308288574,,,0.00027197119274913824,1019.9618930480001
3520,7208960,2.7632787227630615,,,0.00027180201170309533,1022.670767003
3530,7229440,2.833247661590576,,,0.00027163238112727926,1025.1472427150002
3540,7249920,2.746622323989868,,,0.00027146230173566535,1027.6651066559998
3550,7270400,3.0645368099212646,,,0.00027129177424411793,1030.3470119410003
3560,7290880,3.0724666118621826,,,0.00027112079937038734,1033.103080291
3570,7311360,2.9016008377075195,,,0.00027094937783410703,1035.8627867670002
3580,7331840,3.127673625946045,,,0.00027077751035679045,1038.4951500509997
3590,7352320,2.7386293411254883,,,0.00027060519766182787,1041.0405445329998
3600,7372800,2.9589083194732666,2.843358850479126,17.17335149158647,0.00027043244047448363,1046.0895620439996
3610,7393280,2.6659817695617676,,,0.00027025923952189306,1048.6399819500002
3620,7413760,2.928525447845459,,,0.0002700855955330589,1051.3285756309997
3630,7434240,2.914292812347412,,,0.00026991150923884907,1054.1684173780004
3640,7454720,3.0112669467926025,,,0.0002697369813719928,1056.7639699539995
3650,7475200,2.723567485809326,,,0.00026956201266707815,1059.4551368169996
3660,7495680,2.752049446105957,,,0.00026938660386054857,1062.028230328
3670,7516160,2.7872769832611084,,,0.0002692107556906999,1064.646394239
3680,7536640,2.9181430339813232,,,0.00026903446889767717,1067.2382805369998
3690,7557120,2.7287285327911377,,,0.0002688577442234718,1070.1154311210003
3700,7577600,2.8716588020324707,2.820390486717224,16.783403088716756,0.000268680582411918,1074.8926704859996
3710,7598080,2.8096871376037598,,,0.0002685029842086901,1077.6043295070003
3720,7618560,2.971906900405884,,,0.00026832495036129906,1080.1465572010002
3730,7639040,2.7798664569854736,,,0.00026814648161908953,1082.826466773
3740,7659520,3.1990180015563965,,,0.00026796757873323666,1085.3239228749999
3750,7680000,2.930598020553589,,,0.00026778824245674287,1088.1313744959998
3760,7700480,2.6875133514404297,,,0.0002676084735444347,1091.0765133280001
3770,7720960,2.9757184982299805,,,0.00026742827275295965,1093.6020818099996
3780,7741440,2.658465623855591,,,0.000267247640840783,1096.2765613310003
3790,7761920,2.771226644515991,,,0.0002670665785681848,1098.804642006
3800,7782400,3.026700973510742,2.8013709664344786,16.46720729117133,0.0002668850866972562,1106.6496067850003
3810,7802880,2.8219006061553955,,,0.00026670316599189674,1109.5193219849998
3820,7823360,2.9459950923919678,,,0.0002665208172178108,1112.1242701990004
3830,7843840,2.8812286853790283,,,0.0002663380411425046,1114.6600846319998
3840,7864320,2.7534432411193848,,,0.00026615483853528277,1117.411498175
3850,7884800,2.698573589324951,,,0.00026597121016724525,1119.9788300669998
3860,7905280,3.02282452583313,,,0.0002657871568112841,1122.612768162
3870,7925760,2.7788403034210205,,,0.00026560267924208,1125.2010100979996
3880,7946240,2.943366289138794,,,0.0002654177782360993,1127.8558895960005
3890,7966720,3.219961643218994,,,0.00026523245457159045,1130.8974415769999
3900,7987200,3.1455535888671875,2.785030698776245,16.20031519898042,0.000265046709028581,1135.8475533609999
3910,8007680,2.681858539581299,,,0.00026486054238887406,1138.389919929
3920,8028160,2.9660489559173584,,,0.0002646739554360452,1140.9072852259997
3930,8048640,2.764969825744629,,,0.00026448694895543916,1143.4558265670003
3940,8069120,2.7720303535461426,,,0.00026429952373416634,1146.0512485199997
3950,8089600,2.7167158126831055,,,0.0002641116805610997,1148.701291427
3960,8110080,2.793898105621338,,,0.00026392342022687137,1151.2293184979999
3970,8130560,2.6663920879364014,,,0.0002637347435238692,1153.766072343
3980,8151040,3.1327431201934814,,,0.0002635456512462337,1156.4888158880003
3990,8171520,2.5936145782470703,,,0.0002633561441898545,1159.2117534979998
4000,8192000,2.706341028213501,2.7608502984046934,15.81328324283444,0.00026316622315236687,1165.0369928279997
4010,8212480,2.7931747436523438,,,0.0002629758889331487,1173.3836775210002
4020,8232960,2.874307155609131,,,0.00026278514233331687,1175.9027008270004
4030,8253440,2.986686944961548,,,0.00026259398415572413,1178.4783797910004
4040,8273920,3.0342092514038086,,,0.00026240241520495523,1181.149775629
4050,8294400,2.6403799057006836,,,0.0002622104362873243,1183.932838019
4060,8314880,3.066375732421875,,,0.0002620180482108706,1186.6229790449997
4070,8335360,2.857912063598633,,,0.0002618252517853559,1189.155355127
4080,8355840,2.84629225730896,,,0.0002616320478222604,1191.4950690839996
4090,8376320,2.7571945190429688,,,0.00026143843713477983,1194.0342205440002
4100,8396800,2.9455394744873047,2.7460572361946105,15.581078107116076,0.00026124442053782185,1199.3769722200004
4110,8417280,2.9910714626312256,,,0.00026104999884800237,1201.7818025289998
4120,8437760,2.6918153762817383,,,0.0002608551728836426,1204.2378409949997
4130,8458240,2.777684211730957,,,0.0002606599434647651,1206.7687143020003
4140,8478720,2.785289764404297,,,0.00026046431141309075,1209.2247451909998
4150,8499200,2.784498691558838,,,0.0002602682775520351,1211.7902240140002
4160,8519680,2.610818862915039,,,0.0002600718427067048,1214.2768984510003
4170,8540160,2.8440189361572266,,,0.00025987500770389423,1216.7691570469997
4180,8560640,2.891131639480591,,,0.00025967777337208224,1219.2778588009996
4190,8581120,2.5564756393432617,,,0.0002594801405414283,1221.6674784489996
4200,8601600,2.8709070682525635,2.726933538913727,15.285941333866703,0.0002592821100437692,1226.4179921550003
4210,8622080,2.9987454414367676,,,0.00025908368271261546,1228.888912855
4220,8642560,2.7517237663269043,,,0.00025888485938314795,1231.3487072540001
4230,8663040,2.8540916442871094,,,0.00025868564089221417,1233.8935869509996
4240,8683520,2.7476863861083984,,,0.0002584860280783251,1236.4440239100004
4250,8704000,3.1061272621154785,,,0.0002582860217816512,1238.8963371709997
4260,8724480,2.8123912811279297,,,0.00025808562284401906,1241.4501864659996
4270,8744960,2.840886354446411,,,0.0002578848321089082,1243.8192252899998
4280,8765440,2.8039751052856445,,,0.0002576836504214469,1246.351375624
4290,8785920,2.7799062728881836,,,0.0002574820786284091,1248.8363757240004
4300,8806400,2.763934373855591,2.707304871082306,14.988824215042813,0.0002572801175782107,1253.438467649
4310,8826880,2.805074453353882,,,0.000257077768120906,1256.3334074659997
4320,8847360,3.3054957389831543,,,0.00025687503110818395,1258.91656419
4330,8867840,2.8175504207611084,,,0.0002566719073933649,1261.272142359
4340,8888320,2.6955394744873047,,,0.0002564683978313968,1263.5881892839998
4350,8908800,2.8093152046203613,,,0.00025626450327885156,1266.1084408739998
4360,8929280,2.539799928665161,,,0.0002560602245939216,1268.769902338
4370,8949760,2.8097681999206543,,,0.00025585556263641606,1271.2287944939999
4380,8970240,2.5012545585632324,,,0.0002556505182677573,1273.6977098569996
4390,8990720,2.972811698913574,,,0.0002554450923509773,1276.33760462
4400,9011200,2.6849231719970703,2.6958587765693665,14.818238846967818,0.000255239285750714,1281.0037167350001
4410,9031680,2.542387008666992,,,0.0002550330993332075,1283.6288049120003
4420,9052160,2.520824432373047,,,0.0002548265339662966,1286.2645690319996
4430,9072640,2.965287208557129,,,0.0002546195905194153,1289.0364146499996
4440,9093120,2.833962917327881,,,0.0002544122698635887,1291.553030479
4450,9113600,2.8493127822875977,,,0.00025420457287142955,1294.2193917969998
4460,9134080,2.572108268737793,,,0.0002539965004171348,1297.0894493369997
4470,9154560,2.873180866241455,,,0.00025378805337648164,1299.959470832
4480,9175040,2.778513193130493,,,0.00025357923262682376,1302.3758296790002
4490,9195520,2.869873285293579,,,0.00025337003904708793,1304.9848971869997
4500,9216000,2.586397171020508,2.6793511867523194,14.5756333633284,0.0002531604735177702,1309.8882287369997
4510,9236480,2.7462241649627686,,,0.000252950536920932,1314.877937671
4520,9256960,2.6732521057128906,,,0.0002527402301401968,1317.6239200629998
4530,9277440,2.7719647884368896,,,0.000252529554060746,1320.0196024509996
4540,9297920,2.6818203926086426,,,0.0002523185095693153,1322.7013032160003
4550,9318400,2.4539852142333984,,,0.00025210709755419135,1325.2961607030002
4560,9338880,2.7812371253967285,,,0.00025189531890520744,1327.9957118109996
4570,9359360,2.7363898754119873,,,0.00025168317451374015,1330.5883465269999
4580,9379840,2.5872678756713867,,,0.0002514706652727054,1333.2161557520003
4590,9400320,2.7485883235931396,,,0.0002512577920765548,1336.0083319289997
4600,9420800,2.731236219406128,2.6670655846595763,14.397658434717831,0.0002510445558212719,1340.8285816409998
4610,9441280,3.0003244876861572,,,0.0002508309574043682,1343.472072081
4620,9461760,2.7622528076171875,,,0.00025061699772487977,1346.2589126960002
4630,9482240,3.0408754348754883,,,0.00025040267768336303,1348.8508192139998
4640,9502720,2.8772964477539062,,,0.0002501879981818913,1351.393475496
4650,9523200,2.7080087661743164,,,0.00024997296012405074,1353.8574937579997
4660,9543680,2.62123966217041,,,0.0002497575644149368,1356.4783540440003
4670,9564160,2.6860127449035645,,,0.0002495418119611503,1358.9057142829997
4680,9584640,2.794221878051758,,,0.0002493257036707934,1361.2885299549998
4690,9605120,2.539496660232544,,,0.0002491092404534662,1363.828182413
4700,9625600,2.870814323425293,2.6524473309516905,14.188720684147066,0.00024889242322026256,1368.4189594990003
4710,9646080,2.7059223651885986,,,0.0002486752528837664,1370.82121715
4720,9666560,2.6720240116119385,,,0.00024845773035804796,1373.530211284
4730,9687040,2.593319892883301,,,0.00024823985655865975,1375.9657500880003
4740,9707520,2.9454445838928223,,,0.0002480216324026327,1378.43494972
4750,9728000,2.868476152420044,,,0.00024780305880847263,1381.1173878749996
4760,9748480,2.610863208770752,,,0.000247584136696156,1383.8264341459999
4770,9768960,2.575005292892456,,,0.00024736486698712616,1386.190790564
4780,9789440,2.9571757316589355,,,0.0002471452506042895,1388.759802556
4790,9809920,2.673304796218872,,,0.0002469252884720116,1391.4662994050004
4800,9830400,3.051339864730835,2.6484851598739625,14.13261377141673,0.00024670498151611333,1396.3139165530001
4810,9850880,2.656985282897949,,,0.00024648433066386694,1398.8124983939997
4820,9871360,2.779153823852539,,,0.00024626333684399197,1401.250576251
4830,9891840,2.667590856552124,,,0.0002460420009866517,1403.5642042629997
4840,9912320,2.6164536476135254,,,0.0002458203240234489,1406.0521482080003
4850,9932800,2.8096485137939453,,,0.00024559830688742224,1408.616723612
4860,9953280,2.506679058074951,,,0.000245375950513042,1411.2366382669998
4870,9973760,2.5314388275146484,,,0.0002451532558362064,1413.7427983300004
4880,9994240,2.630438804626465,,,0.00024493022379423756,1416.365559492
4890,10014720,2.5469114780426025,,,0.0002447068553258775,1418.8657005799996
4900,10035200,2.5818400382995605,2.625052499771118,13.80529894207684,0.00024448315137128436,1423.4456186850002
4910,10055680,2.738386869430542,,,0.00024425911287202833,1425.8779139850003
4920,10076160,2.6450390815734863,,,0.00024403474077108766,1428.2243230049999
4930,10096640,2.8536133766174316,,,0.00024381003601284476,1430.881583456
4940,10117120,2.824702024459839,,,0.0002435849995430822,1433.297508441
4950,10137600,2.5485966205596924,,,0.00024335963230897863,1435.844199444
4960,10158080,2.3047983646392822,,,0.00024313393525910503,1438.2884102930002
4970,10178560,2.654179573059082,,,0.00024290790934342047,1440.67848693
4980,10199040,2.4548795223236084,,,0.0002426815555132683,1443.2369611909999
4990,10219520,2.8605692386627197,,,0.00024245487472137196,1445.6811832929998
5000,10240000,2.9184160232543945,2.6126373767852784,13.634964010297649,0.0002422278679218311,1450.4641861119999
5010,10260480,2.6542649269104004,,,0.00024200053607011766,1455.3005385790002
5020,10280960,2.7794570922851562,,,0.00024177288012307158,1457.82331213
5030,10301440,2.7679171562194824,,,0.00024154490103889698,1460.1415218169996
5040,10321920,2.6292407512664795,,,0.00024131659977715802,1462.4753262479999
5050,10342400,2.6877236366271973,,,0.00024108797729877497,1464.8930013990002
5060,10362880,2.946913242340088,,,0.00024085903456602006,1467.2661488350004
5070,10383360,2.6579830646514893,,,0.00024062977254251346,1469.5806880729997
5080,10403840,3.044523239135742,,,0.00024040019219321925,1472.016994697
5090,10424320,2.5901198387145996,,,0.00024017029448444142,1474.61724315
5100,10444800,2.836124897003174,2.6015750408172607,13.484960680839098,0.00023994008038381957,1479.225023733
5110,10465280,2.779749870300293,,,0.00023970955086032508,1481.6976836060003
5120,10485760,2.745333194732666,,,0.00023947870688425702,1484.608864015
5130,10506240,2.450239658355713,,,0.00023924754942723783,1487.0789843009998
5140,10526720,2.621965169906616,,,0.00023901607946220953,1489.4245715850002
5150,10547200,2.7678496837615967,,,0.0002387842979634294,1491.7593286909996
5160,10567680,2.801234006881714,,,0.00023855220590646603,1494.0839700590004
5170,10588160,2.4799370765686035,,,0.00023831980426819509,1496.404268755
5180,10608640,2.724512815475464,,,0.0002380870940267953,1498.775310123
5190,10629120,2.4399967193603516,,,0.00023785407616174433,1501.2247258360003
5200,10649600,2.932758092880249,2.5867980837821962,13.287159048640905,0.00023762075165381457,1505.9089938879997
5210,10670080,2.448580265045166,,,0.0002373871214850691,1508.3970008899996
5220,10690560,2.8677616119384766,,,0.0002371531866388576,1510.9062185040002
5230,10711040,2.634514808654785,,,0.00023691894809981204,1513.3739920569997
5240,10731520,2.6994919776916504,,,0.0002366844068538426,1516.036035012
5250,10752000,2.549518585205078,,,0.00023644956388813365,1518.5440587080002
5260,10772480,2.5416364669799805,,,0.0002362144201911395,1521.017322654
5270,10792960,2.71958065032959,,,0.00023597897675258023,1523.8422112730004
5280,10813440,2.944650888442993,,,0.00023574323456343737,1526.3019890639998
5290,10833920,2.659278631210327,,,0.00023550719461595018,1528.9392737480002
5300,10854400,2.8264245986938477,2.576385700702667,13.14952584688599,0.00023527085790361093,1533.6872550340004
5310,10874880,2.5350866317749023,,,0.00023503422542116116,1536.0533563899999
5320,10895360,2.7383975982666016,,,0.00023479729816458717,1538.4282882569996
5330,10915840,2.654062271118164,,,0.00023456007713111598,1540.8855484639998
5340,10936320,2.5670056343078613,,,0.00023432256331921123,1543.1945694859996
5350,10956800,2.48856258392334,,,0.00023408475772856874,1545.6228682829997
5360,10977280,2.8396341800689697,,,0.00023384666136011255,1548.1628535640002
5370,10997760,2.6717753410339355,,,0.0002336082752159904,1550.9544345969998
5380,11018240,2.510378360748291,,,0.00023336960029956988,1553.6213956350002
5390,11038720,2.6460232734680176,,,0.00023313063761543393,1555.9307668430001
5400,11059200,2.683077335357666,2.5704235553741457,13.071359713258579,0.00023289138816937679,1560.548439868
5410,11079680,2.721890687942505,,,0.0002326518529683995,1563.1360510069999
5420,11100160,2.441704511642456,,,0.000232412033020706,1565.5851391919996
5430,11120640,2.765739917755127,,,0.00023217192933569874,1568.1148842829998
5440,11141120,2.6590962409973145,,,0.0002319315429239743,1570.656644271
5450,11161600,2.6069769859313965,,,0.00023169087479731938,1573.0739370709998
5460,11182080,2.8262505531311035,,,0.00023144992596870633,1575.6149680899998
5470,11202560,2.54079008102417,,,0.00023120869745228898,1578.0807093009998
5480,11223040,2.569509744644165,,,0.00023096719026339846,1580.9081272980002
5490,11243520,2.571394443511963,,,0.00023072540541853878,1583.321660484
5500,11264000,2.6694726943969727,2.5564015984535216,12.889352699819623,0.00023048334393538248,1588.103086612
5510,11284480,2.3574180603027344,,,0.0002302410068327667,1592.8284491900004
5520,11304960,2.588099956512451,,,0.00022999839513068845,1595.286396253
5530,11325440,2.500537157058716,,,0.00022975550985030073,1597.6422608780003
5540,11345920,2.3732266426086426,,,0.00022951235201390784,1600.278838616
5550,11366400,2.9189870357513428,,,0.00022926892264496136,1602.742255317
5560,11386880,2.679954767227173,,,0.00022902522276805582,1605.279710836
5570,11407360,2.6626710891723633,,,0.00022878125340892417,1607.7732410079998
5580,11427840,2.6563472747802734,,,0.00022853701559443366,1610.339806594
5590,11448320,2.558507204055786,,,0.0002282925103525816,1612.759030411
5600,11468800,2.8792619705200195,2.5453155994415284,12.747250476431445,0.0002280477387124907,1617.2383113140004
5610,11489280,2.5532708168029785,,,0.00022780270170440507,1619.8697164320001
5620,11509760,2.3931188583374023,,,0.00022755740035968573,1622.6930028489996
5630,11530240,2.4234724044799805,,,0.00022731183571080628,1625.151860506
5640,11550720,2.5637869834899902,,,0.00022706600879134856,1627.4456609480003
5650,11571200,2.8083066940307617,,,0.0002268199206359983,1629.7927674639996
5660,11591680,2.6780803203582764,,,0.00022657357228054081,1632.1315826979999
5670,11612160,2.554028272628784,,,0.0002263269647618566,1634.3745490239999
5680,11632640,2.7674927711486816,,,0.00022608009911791692,1636.8860975469997
5690,11653120,2.524580240249634,,,0.00022583297638777944,1639.2369057269998
5700,11673600,2.743752956390381,2.528022837638855,12.528710337572338,0.00022558559761158415,1644.0633962600004
5710,11694080,2.699394941329956,,,0.0002253379638305484,1646.644959065
5720,11714560,2.718003511428833,,,0.00022509007608696312,1648.995451117
5730,11735040,2.6843786239624023,,,0.00022484193542418802,1651.3398301119996
5740,11755520,2.5499939918518066,,,0.00022459354288664738,1653.8981330859997
5750,11776000,2.3765347003936768,,,0.0002243448995198257,1656.4282179459997
5760,11796480,2.6329073905944824,,,0.0002240960063702631,1659.0136737550001
5770,11816960,2.6089017391204834,,,0.00022384686448555114,1661.4862663499998
5780,11837440,2.725445508956909,,,0.0002235974749143282,1664.050329955
5790,11857920,2.848450183868408,,,0.00022334783870627532,1666.678202856
5800,11878400,2.8008341789245605,2.5274391412734984,12.521399508745365,0.00022309795691211138,1671.2857535009998
5810,11898880,2.5020108222961426,,,0.00022284783058358932,1673.95595271
5820,11919360,2.6518750190734863,,,0.00022259746077349097,1676.5971724909996
5830,11939840,2.744994640350342,,,0.00022234684853562314,1679.1227580619998
5840,11960320,2.57183837890625,,,0.00022209599492481298,1681.5944958669998
5850,11980800,2.4246277809143066,,,0.00022184490099690362,1683.9726244439998
5860,12001280,2.6036391258239746,,,0.00022159356780874958,1686.2822930430002
5870,12021760,2.3350186347961426,,,0.00022134199641821257,1688.8326076069998
5880,12042240,2.3032755851745605,,,0.00022109018788415676,1691.1139812170004
5890,12062720,2.5004453659057617,,,0.00022083814326644458,1693.3879556479997
5900,12083200,2.3935563564300537,2.5129221200942995,12.340939129688683,0.00022058586362593203,1698.0461096
5910,12103680,2.6027016639709473,,,0.00022033335002446438,1700.4000054300004
5920,12124160,2.907501220703125,,,0.00022008060352487167,1702.7780036880004
5930,12144640,2.5024924278259277,,,0.00021982762519096407,1705.3732096900003
5940,12165120,2.335513114929199,,,0.00021957441608752776,1707.8372214310002
5950,12185600,2.5417308807373047,,,0.00021932097728032004,1710.287141109
5960,12206080,2.5079922676086426,,,0.00021906730983606507,1712.7835009170003
5970,12226560,2.5417418479919434,,,0.00021881341482244944,1715.100663063
5980,12247040,2.5162315368652344,,,0.0002185592933081175,1717.554919239
5990,12267520,2.726060152053833,,,0.00021830494636266692,1719.9625348420004
6000,12288000,2.3853578567504883,2.501565408706665,12.201579477237903,0.00021805037505664429,1724.583579223
6010,12308480,2.5321671962738037,,,0.0002177955804615404,1729.3415951280003
6020,12328960,2.5048904418945312,,,0.00021754056364978603,1731.7615353359997
6030,12349440,2.6706578731536865,,,0.00021728532569474722,1734.4308048080002
6040,12369920,2.825923442840576,,,0.00021702986767072077,1736.8998393210004
6050,12390400,2.6343607902526855,,,0.00021677419065292968,1739.2492290319997
6060,12410880,2.4881234169006348,,,0.00021651829571751882,1741.6514417850003
6070,12431360,2.5438127517700195,,,0.00021626218394155022,1744.3335739120002
6080,12451840,2.639852523803711,,,0.0002160058564029986,1746.6443808289996
6090,12472320,2.644343137741089,,,0.00021574931418074685,1749.1300513839997
6100,12492800,2.746659755706787,2.495738482475281,12.130688512509012,0.00021549255835458142,1753.8897924869998
6110,12513280,2.71867036819458,,,0.0002152355900051878,1756.3113800820001
6120,12533760,2.4954044818878174,,,0.00021497841021414605,1758.6163819969997
6130,12554240,2.324831962585449,,,0.00021472102006392618,1761.0909650040003
6140,12574720,2.5102269649505615,,,0.0002144634206378836,1763.5963080479996
6150,12595200,2.4913835525512695,,,0.0002142056130202545,1766.0689569879996
6160,12615680,2.6615424156188965,,,0.00021394759829615145,1768.5227046299997
6170,12636160,2.574585437774658,,,0.00021368937755155868,1770.9422402159998
6180,12656640,2.419154167175293,,,0.00021343095187332747,1773.5190078280002
6190,12677120,2.717550277709961,,,0.0002131723223491719,1775.9830614969997
6200,12697600,2.702906608581543,2.4882432341575624,12.04010588355931,0.0002129134900676638,1780.7007672829995
6210,12718080,2.6444406509399414,,,0.00021265445611822847,1783.1163643480004
6220,12738560,2.452482223510742,,,0.00021239522159114012,1785.8589086049997
6230,12759040,2.6862728595733643,,,0.0002121357875775171,1788.424646732
6240,12779520,2.295098066329956,,,0.0002118761551693175,1790.7672104619996
6250,12800000,2.4068353176116943,,,0.00021161632545933432,1793.1899284210003
6260,12820480,2.219730854034424,,,0.00021135629954119106,1795.6661123089998
6270,12840960,2.602837085723877,,,0.00021109607850933708,1798.3999765520002
6280,12861440,2.63614559173584,,,0.000210835663459043,1800.7856115969998
6290,12881920,2.5353212356567383,,,0.00021057505548639595,1803.0912103640003
6300,12902400,2.803584098815918,2.477477192878723,11.91117687942462,0.0002103142556882952,1807.8007897260004
6310,12922880,2.3667712211608887,,,0.00021005326516244737,1810.3819969779997
6320,12943360,2.9846980571746826,,,0.00020979208500736179,1812.703879693
6330,12963840,2.57027530670166,,,0.00020953071632234604,1815.1027314430003
6340,12984320,2.5302226543426514,,,0.00020926916020750112,1817.5467386139999
6350,13004800,2.385248899459839,,,0.00020900741776371703,1819.9438756190002
6360,13025280,2.382826328277588,,,0.00020874549009266795,1822.282096971
6370,13045760,2.7063422203063965,,,0.0002084833782968077,1824.6992837010002
6380,13066240,2.3446731567382812,,,0.00020822108347936513,1827.2191632189997
6390,13086720,2.449481964111328,,,0.00020795860674433934,1829.922979424
6400,13107200,2.6375746726989746,2.468877148628235,11.809179451034815,0.0002076959491964952,1834.3368446590002
6410,13127680,2.3440146446228027,,,0.00020743311194135856,1836.6502079660004
6420,13148160,2.50669527053833,,,0.00020717009608521174,1838.977325983
6430,13168640,2.499889850616455,,,0.00020690690273508864,1841.2331621080002
6440,13189120,2.752678632736206,,,0.00020664353299877042,1843.6055883480003
6450,13209600,2.8645052909851074,,,0.00020637998798478052,1845.9472115099998
6460,13230080,2.4221081733703613,,,0.00020611626880238018,1848.1938348160002
6470,13250560,2.55049467086792,,,0.00020585237656156372,1850.533472311
6480,13271040,2.59425687789917,,,0.00020558831237305379,1852.9824270689996
6490,13291520,2.337390422821045,,,0.00020532407734829685,1855.317973671
6500,13312000,2.582437038421631,2.4617637276649473,11.725473855899768,0.00020505967259945842,1859.5613448180002
6510,13332480,2.517577886581421,,,0.00020479509923941835,1864.1606031310002
6520,13352960,2.201735496520996,,,0.00020453035838176604,1866.5903028809998
6530,13373440,2.321531295776367,,,0.0002042654511407962,1868.9669854960002
6540,13393920,2.5781569480895996,,,0.00020400037863150354,1871.3056706139996
6550,13414400,2.4951257705688477,,,0.0002037351419695786,1873.604355087
6560,13434880,2.4875576496124268,,,0.00020346974227140267,1875.9439526819997
6570,13455360,2.6595072746276855,,,0.00020320418065404344,1878.2328220500003
6580,13475840,2.3961830139160156,,,0.00020293845823524993,1880.6594409660001
6590,13496320,2.4236326217651367,,,0.00020267257613344815,1882.949125432
6600,13516800,2.6852047443389893,2.449343729019165,11.580744118511685,0.0002024065354677361,1887.5796185729996
6610,13537280,2.3037421703338623,,,0.00020214033735787914,1889.9824103279998
6620,13557760,2.4698657989501953,,,0.0002018739829243054,1892.585567647
6630,13578240,2.7343482971191406,,,0.00020160747328810106,1894.8221990029997
6640,13598720,2.334040403366089,,,0.00020134080957100536,1897.147485204
6650,13619200,2.4517364501953125,,,0.00020107399289540613,1899.7821029240004
6660,13639680,2.6442346572875977,,,0.00020080702438433505,1902.3732809129997
6670,13660160,2.4794092178344727,,,0.00020053990516146283,1904.9777029979996
6680,13680640,2.5742573738098145,,,0.00020027263635109455,1907.6072216100001
6690,13701120,2.537545919418335,,,0.00020000521907816496,1910.213952571
6700,13721600,2.3413615226745605,2.438816583156586,11.459471383822244,0.00019973765446823356,1915.0178945609996
6710,13742080,2.379892110824585,,,0.00019946994364748006,1917.5875988010002
6720,13762560,2.203996419906616,,,0.00019920208774269958,1920.0929203550004
6730,13783040,2.5727267265319824,,,0.00019893408788129792,1922.586879734
6740,13803520,2.66030216217041,,,0.0001986659451912867,1925.0605556230003
6750,13824000,2.6230106353759766,,,0.00019839766080127883,1927.593784048
6760,13844480,2.6186490058898926,,,0.00019812923584048355,1930.1199226520002
6770,13864960,2.6261041164398193,,,0.00019786067143870174,1932.5575972360002
6780,13885440,2.7254626750946045,,,0.00019759196872632127,1935.1141341769999
6790,13905920,2.3772358894348145,,,0.00019732312883431215,1937.7186127490004
6800,13926400,2.512396812438965,2.4338470935821532,11.402664926706848,0.00019705415289422175,1942.5415965840002
6810,13946880,2.6180968284606934,,,0.00019678504203817003,1945.2178479080003
6820,13967360,2.521456003189087,,,0.0001965157973988449,1947.5287707030002
6830,13987840,2.4692063331604004,,,0.00019624642010949726,1949.9349250120003
6840,14008320,2.7064456939697266,,,0.00019597691130393636,1952.41652317
6850,14028800,2.5594496726989746,,,0.00019570727211652516,1954.9081635230004
6860,14049280,2.6290290355682373,,,0.00019543750368217514,1957.2509602119999
6870,14069760,2.1925697326660156,,,0.00019516760713634196,1959.7360076570003
6880,14090240,2.7051119804382324,,,0.00019489758361502043,1962.3172179040002
6890,14110720,2.202235698699951,,,0.0001946274342547398,1964.9646642629996
6900,14131200,2.306544780731201,2.422189545631409,11.27050961364515,0.00019435716019255907,1969.658271065
6910,14151680,2.48606276512146,,,0.00019408676256606202,1972.0875061730003
6920,14172160,2.216919422149658,,,0.00019381624251335247,1975.3589403300002
6930,14192640,2.5451817512512207,,,0.00019354560117304962,1977.9888264339997
6940,14213120,2.4034600257873535,,,0.00019327483968428316,1980.5550935600004
6950,14233600,2.745478630065918,,,0.00019300395918668843,1983.7205981779998
6960,14254080,2.4762113094329834,,,0.00019273296082040174,1986.2315393449999
6970,14274560,2.6159746646881104,,,0.00019246184572605546,1988.828711655
6980,14295040,2.7485499382019043,,,0.0001921906150447733,1991.3175001230002
6990,14315520,2.44917631149292,,,0.0001919192699181654,1993.9690292839996
7000,14336000,2.5483574867248535,2.414734971523285,11.186805142710597,0.0001916478114883238,1999.075542898
7010,14356480,2.304274082183838,,,0.00019137624089781728,2003.7575395590002
7020,14376960,2.47113037109375,,,0.00019110455928968658,2006.300839214
7030,14397440,2.3096694946289062,,,0.00019083276780744004,2008.6185252980003
7040,14417920,2.3119919300079346,,,0.00019056086759504818,2011.0810771529996
7050,14438400,2.466451644897461,,,0.00019028885979693923,2013.4901349869997
7060,14458880,2.5917863845825195,,,0.00019001674555799437,2016.1205025050003
7070,14479360,2.372819423675537,,,0.00018974452602354264,2018.7175024950002
7080,14499840,2.4019083976745605,,,0.0001894722023393564,2021.3924755320004
7090,14520320,2.5094237327575684,,,0.00018919977565164619,2023.8161337020001
7100,14540800,2.541903495788574,2.4077662587165833,11.109118512743883,0.00018892724710705628,2027.7828944760004
7110,14561280,2.603071689605713,,,0.00018865461785265962,2029.8373879399996
7120,14581760,2.6053905487060547,,,0.00018838188903595293,2031.8626775969997
7130,14602240,2.4525299072265625,,,0.00018810906180485217,2034.0923177229997
7140,14622720,2.464543581008911,,,0.00018783613730768734,2036.4654742849998
7150,14643200,2.4635775089263916,,,0.00018756311669319793,2038.884005901
7160,14663680,2.219071865081787,,,0.00018729000111052801,2041.297603033
7170,14684160,2.371614933013916,,,0.00018701679170922135,2043.958629787
7180,14704640,2.3084778785705566,,,0.00018674348963921653,2046.2641267959998
7190,14725120,2.376206398010254,,,0.00018647009605084227,2048.66005862
7200,14745600,2.52638578414917,2.4017578125,11.04257009813899,0.0001861966120948125,2053.005827084
7210,14766080,2.549755096435547,,,0.00018592303892222132,2055.410750278
7220,14786560,2.244591474533081,,,0.00018564937768453864,2057.911924786
7230,14807040,2.451660633087158,,,0.00018537562953360482,2060.3594006000003
7240,14827520,2.558016777038574,,,0.00018510179562162608,2062.833942045
7250,14848000,2.4622044563293457,,,0.00018482787710116967,2065.416222176
7260,14868480,2.167644500732422,,,0.00018455387512515887,2067.8943378020003
7270,14888960,2.2145943641662598,,,0.0001842797908468683,2070.4061622239997
7280,14909440,2.266338348388672,,,0.00018400562541991895,2072.8929170330002
7290,14929920,2.4239187240600586,,,0.00018373137999827337,2075.3004177459998
7300,14950400,2.493074655532837,2.394830119609833,10.966334935573267,0.0001834570557362308,2079.9041258340003
7310,14970880,2.583158016204834,,,0.00018318265378842232,2082.2785331100004
7320,14991360,2.4751954078674316,,,0.00018290817530980602,2084.699490489
7330,15011840,2.5679712295532227,,,0.00018263362145566213,2087.1245603879997
7340,15032320,2.2989251613616943,,,0.000182358993381588,2089.5537374980004
7350,15052800,2.421755790710449,,,0.0001820842922434936,2091.999667981
7360,15073280,2.3392302989959717,,,0.0001818095191975962,2094.3341440639997
7370,15093760,2.502110481262207,,,0.00018153467540041578,2096.901765404
7380,15114240,2.5801711082458496,,,0.00018125976200877026,2099.337849292
7390,15134720,2.491243600845337,,,0.00018098478017977034,2101.6723453100003
7400,15155200,2.467133045196533,2.385896456241608,10.868801704083499,0.00018070973107081476,2106.2555245109997
7410,15175680,2.6841256618499756,,,0.00018043461583958556,2108.578196724
7420,15196160,2.373613119125366,,,0.000180159435644043,2111.0153332990003
7430,15216640,2.432084083557129,,,0.0001798841916424207,2113.625109732
7440,15237120,2.4111075401306152,,,0.00017960888499322111,2116.081048588
7450,15257600,2.325171709060669,,,0.0001793335168552101,2118.398450756
7460,15278080,2.485999822616577,,,0.0001790580883874124,2120.866739112
7470,15298560,2.26137113571167,,,0.00017878260074910682,2123.3861199149997
7480,15319040,2.3734333515167236,,,0.00017850705509982098,2125.802859667
7490,15339520,2.547386884689331,,,0.0001782314525993268,2128.278696141
7500,15360000,2.1699671745300293,2.3810712456703187,10.816483771233372,0.00017795579440763558,2133.093668738
7510,15380480,2.438081979751587,,,0.00017768008168499283,2137.9805476929996
7520,15400960,2.4184927940368652,,,0.00017740431559187372,2140.4953551010003
7530,15421440,2.3299708366394043,,,0.00017712849728897793,2143.281111636
7540,15441920,2.232199192047119,,,0.00017685262793722508,2145.692073512
7550,15462400,2.3525490760803223,,,0.0001765767086977495,2147.941024128
7560,15482880,2.402068614959717,,,0.00017630074073189547,2150.2421321459997
7570,15503360,2.379094123840332,,,0.00017602472520121255,2152.7381248720003
7580,15523840,2.4769234657287598,,,0.00017574866326745036,2155.2701227609996
7590,15544320,2.4579124450683594,,,0.00017547255609255376,2157.651453267
7600,15564800,2.3696975708007812,2.3750617623329164,10.751677214237695,0.00017519640483865822,2162.289591091
7610,15585280,2.474597692489624,,,0.00017492021066808463,2164.865738579
7620,15605760,2.4223473072052,,,0.00017464397474333448,2167.3219982190003
7630,15626240,2.707953453063965,,,0.0001743676982270851,2169.747748127
7640,15646720,2.3845534324645996,,,0.00017409138228218458,2172.393511301
7650,15667200,2.908214569091797,,,0.00017381502807164696,2174.9050267720004
7660,15687680,2.261922836303711,,,0.00017353863675864754,2177.575738632
7670,15708160,2.229947566986084,,,0.00017326220950651753,2180.1667881149997
7680,15728640,2.2788095474243164,,,0.00017298574747873945,2182.858380506
7690,15749120,2.5551061630249023,,,0.0001727092518389424,2185.309563136
7700,15769600,2.624495506286621,2.3681681752204895,10.67781447288332,0.0001724327237508967,2189.7921334189996
7710,15790080,2.7795066833496094,,,0.0001721561643785093,2192.3007355749996
7720,15810560,2.667579174041748,,,0.00017187957488581902,2194.685973701
7730,15831040,2.335474967956543,,,0.0001716029564369912,2197.137280682
7740,15851520,2.5135703086853027,,,0.0001713263101963132,2199.360231457
7750,15872000,2.528825044631958,,,0.0001710496373281893,2201.6941563399996
7760,15892480,2.6087889671325684,,,0.00017077293899713585,2204.2512302699997
7770,15912960,2.350955009460449,,,0.00017049621636777647,2207.158185075
7780,15933440,2.389913558959961,,,0.000170219470604837,2209.7787423239997
7790,15953920,2.416795015335083,,,0.00016994270287314054,2212.551845723
7800,15974400,2.4768285751342773,2.361610496044159,10.608021880090282,0.0001696659143376028,2217.48241022
7810,15994880,2.482705593109131,,,0.00016938910616322696,2220.0274340799997
7820,16015360,2.4531660079956055,,,0.00016911227951509896,2222.6245273880004
7830,16035840,2.41386079788208,,,0.00016883543555838238,2225.1697462949996
7840,16056320,2.1814494132995605,,,0.00016855857545831373,2227.7367797059997
7850,16076800,2.564762830734253,,,0.0001682817003801975,2230.1254652549997
7860,16097280,2.42386531829834,,,0.00016800481148940107,2232.372907199
7870,16117760,2.3838179111480713,,,0.00016772790995135008,2234.8344439969997
7880,16138240,2.742605686187744,,,0.00016745099693152345,2237.15452852
7890,16158720,2.415346622467041,,,0.0001671740735954483,2239.6539071979996
7900,16179200,2.6718204021453857,2.351642119884491,10.502802432486385,0.00016689714110869517,2244.574247619
7910,16199680,2.3613977432250977,,,0.00016662020063687333,2246.957583949
7920,16220160,2.1849966049194336,,,0.00016634325334562535,2249.271387005
7930,16240640,2.6471643447875977,,,0.0001660663004006227,2251.7012197370004
7940,16261120,2.5564534664154053,,,0.00016578934296756064,2254.1968408519997
7950,16281600,2.609687328338623,,,0.00016551238221215324,2256.5724285779997
7960,16302080,2.2724857330322266,,,0.00016523541930012857,2259.079595104
7970,16322560,2.18707275390625,,,0.00016495845539722388,2261.46597141
7980,16343040,2.1619436740875244,,,0.0001646814916691804,2263.8024605459996
7990,16363520,2.4901328086853027,,,0.00016440452928173882,2266.241754023
8000,16384000,2.496553659439087,2.3480897307395936,10.465558582624661,0.00016412756940063411,2270.659068696
8010,16404480,2.6388328075408936,,,0.00016385061319159068,2275.6602415039997
8020,16424960,2.2611706256866455,,,0.00016357366182031744,2278.1071165249996
8030,16445440,2.1655919551849365,,,0.00016329671645250299,2280.808114517
8040,16465920,2.6075477600097656,,,0.0001630197782538107,2283.549409301
8050,16486400,2.4450454711914062,,,0.00016274284838987372,2286.1159375859997
8060,16506880,2.4920177459716797,,,0.00016246592802629008,2288.6488285200003
8070,16527360,2.4544880390167236,,,0.00016218901832861787,2291.187652169
8080,16547840,2.3947432041168213,,,0.0001619121204623703,2293.7820075520003
8090,16568320,2.1792664527893066,,,0.0001616352355930108,2296.145846648
8100,16588800,2.3620333671569824,2.3407212615013124,10.38872684990373,0.00016135836488594802,2300.747607329
8110,16609280,2.5016627311706543,,,0.00016108150950653103,2303.0944875229998
8120,16629760,2.3803865909576416,,,0.0001608046706200444,2305.6621266869997
8130,16650240,2.278090000152588,,,0.00016052784939170334,2308.3403824059997
8140,16670720,2.384206771850586,,,0.00016025104698664857,2310.8635590100002
8150,16691200,2.2837610244750977,,,0.00015997426456994176,2313.720168709
8160,16711680,2.306457757949829,,,0.00015969750330656034,2316.3098283010004
8170,16732160,2.3735103607177734,,,0.0001594207643613928,2318.8127707289996
8180,16752640,2.286698818206787,,,0.00015914404889923355,2321.1973481269997
8190,16773120,2.3005757331848145,,,0.00015886735808477828,2324.0195688579997
8200,16793600,2.309117078781128,2.336194658279419,10.341807478278303,0.00015859069308261895,2328.79710161
8210,16814080,2.40625262260437,,,0.00015831405505723875,2331.2988347849996
8220,16834560,2.383652448654175,,,0.00015803744517300746,2333.9731691879997
8230,16855040,2.4216461181640625,,,0.00015776086459417637,2336.637584428
8240,16875520,2.4844417572021484,,,0.00015748431448487334,2339.088154176
8250,16896000,2.300999164581299,,,0.00015720779600909807,2341.730603964
8260,16916480,2.3878865242004395,,,0.00015693131033071717,2344.5887914759996
8270,16936960,2.3631534576416016,,,0.00015665485861345908,2347.960472895
8280,16957440,2.448665142059326,,,0.0001563784420209093,2350.5461102179997
8290,16977920,2.5157814025878906,,,0.00015610206171650566,2353.0963026440004
8300,16998400,2.0874452590942383,2.3299483180046083,10.277410362242604,0.00015582571886353305,2357.5835923269997
8310,17018880,2.6436972618103027,,,0.00015554941462511882,2359.996184539
8320,17039360,2.347764492034912,,,0.00015527315016422783,2362.3493340759996
8330,17059840,2.159668445587158,,,0.00015499692664365744,2365.050666067
8340,17080320,2.4296162128448486,,,0.0001547207452260327,2367.4687489770004
8350,17100800,2.559159278869629,,,0.00015444460707380152,2369.9932314899997
8360,17121280,2.4393982887268066,,,0.00015416851334922963,2372.4375988780002
8370,17141760,2.386569023132324,,,0.00015389246521439574,2374.7693343419996
8380,17162240,2.433506727218628,,,0.0001536164638311868,2377.149687749
8390,17182720,2.2225453853607178,,,0.0001533405103612929,2379.4589418759997
8400,17203200,2.317610740661621,2.31997230052948,10.175392449186534,0.0001530646059662024,2383.6468292649997
8410,17223680,2.5471603870391846,,,0.00015278875180719725,2386.108887257
8420,17244160,2.3476688861846924,,,0.00015251294904534786,2388.4318141579997
8430,17264640,2.370908737182617,,,0.00015223719884150825,2390.933723256
8440,17285120,2.176351547241211,,,0.00015196150235631143,2393.5443017449998
8450,17305600,2.1280345916748047,,,0.00015168586075016413,2395.9990028419998
8460,17326080,2.1843979358673096,,,0.00015141027518324207,2398.3676646800004
8470,17346560,2.4724295139312744,,,0.00015113474681548527,2401.028630144
8480,17367040,2.6793930530548096,,,0.00015085927680659285,2403.307148504
8490,17387520,2.0803275108337402,,,0.0001505838663160184,2406.037939467
8500,17408000,2.34592866897583,2.31540846824646,10.12905947302149,0.00015030851650296487,2410.6287014359996
8510,17428480,2.3852367401123047,,,0.00015003322852637997,2415.777681435
8520,17448960,2.239391565322876,,,0.00014975800354495098,2418.2312328179996
8530,17469440,2.4511594772338867,,,0.00014948284271710022,2420.795167917
8540,17489920,2.405647039413452,,,0.00014920774720097985,2423.3626380120004
8550,17510400,2.3731207847595215,,,0.00014893271815446716,2425.955694493
8560,17530880,2.1881842613220215,,,0.00014865775673515965,2428.579022277
8570,17551360,2.114314079284668,,,0.0001483828641003703,2431.0645152589996
8580,17571840,2.2853286266326904,,,0.0001481080414071224,2433.443438663
8590,17592320,2.1264686584472656,,,0.00014783328981214492,2436.0000609979998
8600,17612800,2.270453453063965,2.3121489524841308,10.096097393404282,0.0001475586104718677,2440.681198161
8610,17633280,2.255675792694092,,,0.00014728400454241624,2443.051171712
8620,17653760,2.353964328765869,,,0.00014700947317960723,2445.4999965529996
8630,17674240,2.070741891860962,,,0.0001467350175389434,2447.9605014440003
8640,17694720,2.083861827850342,,,0.00014646063877560894,2450.380171412
8650,17715200,2.3821845054626465,,,0.00014618633804446417,2452.7718276060004
8660,17735680,2.248042583465576,,,0.00014591211650004127,2455.5671367530003
8670,17756160,2.4331681728363037,,,0.00014563797529653893,2458.224776925
8680,17776640,2.140821933746338,,,0.00014536391558781772,2460.8074691149995
8690,17797120,2.387477397918701,,,0.0001450899385273953,2463.450302194
8700,17817600,2.129117488861084,2.302345371246338,9.997603069832547,0.00014481604526844137,2468.5497714880003
8710,17838080,2.3911609649658203,,,0.0001445422369637729,2471.3775398549997
8720,17858560,2.1339492797851562,,,0.0001442685147658493,2474.131894448
8730,17879040,2.4249186515808105,,,0.0001439948798267676,2476.477179099
8740,17899520,2.407780885696411,,,0.0001437213332982575,2479.255057157
8750,17920000,2.5439326763153076,,,0.00014344787633167668,2481.905179652
8760,17940480,2.2980120182037354,,,0.00014317451007800575,2484.4134376049997
8770,17960960,2.34954833984375,,,0.00014290123568784353,2486.9476244260004
8780,17981440,2.2961225509643555,,,0.0001426280543114022,2489.2974778959997
8790,18001920,2.3274545669555664,,,0.00014235496709850244,2491.9884971519996
8800,18022400,2.1222317218780518,2.297232961654663,9.946621657974642,0.0001420819751985686,2497.101714654
8810,18042880,2.5215020179748535,,,0.00014180907976062387,2499.8443214319996
8820,18063360,2.275339126586914,,,0.00014153628193328541,2502.5458808639996
8830,18083840,2.3874878883361816,,,0.00014126358286475958,2505.073480903
8840,18104320,2.286269187927246,,,0.00014099098370283695,2507.7165351880003
8850,18124800,2.3370168209075928,,,0.00014071848559488772,2510.30403288
8860,18145280,2.1149516105651855,,,0.0001404460896878567,2512.963917571
8870,18165760,2.457998514175415,,,0.0001401737971282585,2515.659768736
8880,18186240,2.518362522125244,,,0.00013990160906217282,2518.3193392720004
8890,18206720,2.480855941772461,,,0.0001396295266352395,2520.9361292679996
8900,18227200,2.4153144359588623,2.297065269947052,9.94495383184807,0.00013935755099265366,2525.678023708
8910,18247680,2.4514026641845703,,,0.00013908568327916114,2528.171388469
8920,18268160,2.163698196411133,,,0.0001388139246390534,2531.2978332499997
8930,18288640,2.1309919357299805,,,0.00013854227621616278,2533.74549096
8940,18309120,2.5702593326568604,,,0.0001382707391538578,2536.623557068
8950,18329600,2.344069242477417,,,0.0001379993145950382,2539.1235258320003
8960,18350080,2.471001625061035,,,0.00013772800368213022,2541.7895071929997
8970,18370560,2.6122708320617676,,,0.00013745680755708177,2544.348193215
8980,18391040,2.269883155822754,,,0.00013718572736135765,2546.872725475
8990,18411520,2.440586566925049,,,0.00013691476423593462,2549.7463777310004
9000,18432000,2.403935432434082,2.2896927118301393,9.871903695823423,0.00013664391932129675,2554.387579485
9010,18452480,2.3491244316101074,,,0.00013637319375743058,2559.907992126
9020,18472960,2.3699488639831543,,,0.00013610258868382026,2562.6304749290002
9030,18493440,2.3633713722229004,,,0.00013583210523944277,2565.2255307389996
9040,18513920,2.343156337738037,,,0.00013556174456276328,2568.055745672
9050,18534400,2.3359408378601074,,,0.00013529150779173008,2570.6199085159997
9060,18554880,2.1468565464019775,,,0.00013502139606376998,2573.214743376
9070,18575360,2.2190794944763184,,,0.00013475141051578365,2575.723008416
9080,18595840,2.260104179382324,,,0.00013448155228414042,2578.3472241010004
9090,18616320,2.213515281677246,,,0.00013421182250467382,2580.791784092
9100,18636800,2.238011360168457,2.285334861278534,9.828977016817607,0.00013394222231267688,2585.6801865750003
9110,18657280,1.9832943677902222,,,0.000133672752842897,2588.3768261839996
9120,18677760,2.387073516845703,,,0.00013340341522953143,2590.8934639830004
9130,18698240,2.4867961406707764,,,0.00013313421060622246,2593.5446053940004
9140,18718720,2.0412983894348145,,,0.00013286514010605268,2596.4375215890004
9150,18739200,2.209961414337158,,,0.00013259620486154,2598.8416352579998
9160,18759680,2.327291488647461,,,0.0001323274060046332,2601.4403581590004
9170,18780160,2.3144495487213135,,,0.00013205874466670688,2604.1418984439997
9180,18800640,2.5883359909057617,,,0.0001317902219785569,2606.8052945460004
9190,18821120,2.5734410285949707,,,0.00013152183907039558,2609.394212669
9200,18841600,2.3019797801971436,2.277746891975403,9.754677289455705,0.0001312535970718468,2613.816266686
9210,18862080,2.2158427238464355,,,0.00013098549711194137,2616.18423464
9220,18882560,2.770925283432007,,,0.00013071754031911226,2618.728885621
9230,18903040,2.3895673751831055,,,0.00013044972782119,2621.726429935
9240,18923520,2.3154749870300293,,,0.00013018206074539757,2624.413739701
9250,18944000,2.537987232208252,,,0.00012991454021834593,2627.008701924
9260,18964480,2.3559937477111816,,,0.00012964716736602933,2629.5927434739997
9270,18984960,2.2826833724975586,,,0.0001293799433138203,2632.042244456
9280,19005440,2.4298152923583984,,,0.00012911286918646515,2634.5929486369996
9290,19025920,2.376589059829712,,,0.0001288459461080792,2637.228031523
9300,19046400,2.354841947555542,2.278119385242462,9.758311517889153,0.00012857917520214191,2641.0240105989997
9310,19066880,2.354121208190918,,,0.00012831255759149227,2643.5032419540003
9320,19087360,2.4497900009155273,,,0.0001280460943983241,2645.9322298589996
9330,19107840,2.08685040473938,,,0.00012777978674418126,2648.417953913
9340,19128320,2.237427234649658,,,0.00012751363574995287,2651.1888792359996
9350,19148800,2.1406469345092773,,,0.0001272476425358688,2653.8907573240003
9360,19169280,2.382004976272583,,,0.0001269818082214947,2656.736035432
9370,19189760,2.1981451511383057,,,0.00012671613392572744,2659.377653224
9380,19210240,2.391237258911133,,,0.00012645062076679047,2662.081486786
9390,19230720,2.3122940063476562,,,0.00012618526986222888,2664.8135483180004
9400,19251200,2.310560703277588,2.272877311706543,9.707291573309405,0.0001259200823289049,2669.4717455649998
9410,19271680,2.2860498428344727,,,0.00012565505928299316,2671.984817716
9420,19292160,2.4870758056640625,,,0.0001253902018399759,2674.529266744
9430,19312640,2.128772258758545,,,0.00012512551111463837,2677.20998935
9440,19333120,2.523088216781616,,,0.00012486098822106403,2679.670558543
9450,19353600,2.2101924419403076,,,0.00012459663427263006,2682.211085307
9460,19374080,2.112919330596924,,,0.0001243324503820025,2684.789544722
9470,19394560,2.3502488136291504,,,0.00012406843766113158,2687.2954180389997
9480,19415040,2.322920799255371,,,0.00012380459722124716,2689.7882704350004
9490,19435520,2.273683547973633,,,0.0001235409301728538,2692.370909864
9500,19456000,2.309807777404785,2.2689085602760315,9.668842094671207,0.00012327743762572643,2696.8345915279997
9510,19476480,2.2586307525634766,,,0.00012301412068890547,2702.1072569099997
9520,19496960,2.534830093383789,,,0.00012275098047069216,2704.632940171
9530,19517440,2.3881659507751465,,,0.0001224880180786439,2707.244307006
9540,19537920,2.2963805198669434,,,0.0001222252346195697,2709.9359869070004
9550,19558400,2.4391982555389404,,,0.0001219626311995254,2712.6795288820003
9560,19578880,2.321573257446289,,,0.00012170020892380899,2715.720881088
9570,19599360,2.2923507690429688,,,0.00012143796889695618,2718.6006432390004
9580,19619840,2.282968044281006,,,0.00012117591222273544,2721.1524916139997
9590,19640320,2.417680263519287,,,0.00012091404000414358,2723.672814298
9600,19660800,2.1547389030456543,2.257766401767731,9.56170828278318,0.00012065235334340106,2728.3473079060004
9610,19681280,2.552386999130249,,,0.00012039085334194725,2730.772902685
9620,19701760,2.27040696144104,,,0.00012012954110043593,2733.454572582
9630,19722240,2.296426296234131,,,0.00011986841771873062,2735.936536387
9640,19742720,2.2270667552948,,,0.00011960748429589987,2738.2654290640003
9650,19763200,2.0969128608703613,,,0.00011934674193021269,2740.8869620160003
9660,19783680,2.209650993347168,,,0.00011908619171913397,2743.276531708
9670,19804160,2.146510601043701,,,0.00011882583475931982,2745.597018085
9680,19824640,2.8149499893188477,,,0.00011856567214661296,2748.130325074
9690,19845120,2.2158470153808594,,,0.00011830570497603801,2750.532889078
9700,19865600,2.3603875637054443,2.2537569642066955,9.52344796288313,0.00011804593434179711,2755.0114602539998
9710,19886080,2.1580967903137207,,,0.00011778636133726515,2757.470714168
9720,19906560,2.64092755317688,,,0.00011752698705498503,2760.086003065
9730,19927040,2.195312023162842,,,0.0001172678125866635,2763.025853395
9740,19947520,2.2970564365386963,,,0.0001170088390231661,2765.84876797
9750,19968000,2.2198214530944824,,,0.0001167500674545128,2768.5508171069996
9760,19988480,2.237736701965332,,,0.00011649149896987344,2771.6473308490004
9770,20008960,2.364884614944458,,,0.00011623313465756298,2774.283468095
9780,20029440,2.3594813346862793,,,0.00011597497560503708,2776.836009136
9790,20049920,2.025413990020752,,,0.00011571702289888743,2779.6507706840002
9800,20070400,2.3430285453796387,2.2495819211006163,9.483770043267388,0.00011545927762483728,2784.56793966
9810,20090880,2.3717446327209473,,,0.00011520174086773669,2787.0600766400003
9820,20111360,2.2598390579223633,,,0.00011494441371155814,2789.5248787
9830,20131840,2.2099218368530273,,,0.0001146872972393919,2792.241794163
9840,20152320,2.1697287559509277,,,0.00011443039253344142,2794.7106314390003
9850,20172800,2.304166555404663,,,0.00011417370067501892,2797.188986755
9860,20193280,2.278980255126953,,,0.00011391722274454065,2799.6747698050003
9870,20213760,2.648831844329834,,,0.00011366095982152247,2802.2870348670003
9880,20234240,2.3120245933532715,,,0.00011340491298457531,2804.8455143849997
9890,20254720,2.264132499694824,,,0.00011314908331140053,2807.43199267
9900,20275200,2.2411022186279297,2.2444848656654357,9.435553726629916,0.00011289347187878548,2812.5388238180003
9910,20295680,2.165926456451416,,,0.0001126380797625989,2815.067485787
9920,20316160,2.363008975982666,,,0.00011238290803778655,2817.6013728460002
9930,20336640,2.2114346027374268,,,0.00011212795777836639,2820.1339854320004
9940,20357120,2.2017571926116943,,,0.00011187323005742433,2822.73046722
9950,20377600,2.363234043121338,,,0.00011161872594710964,2825.390524435
9960,20398080,2.5025525093078613,,,0.00011136444651863035,2828.0748789830004
9970,20418560,2.2774481773376465,,,0.0001111103928422488,2830.720267431
9980,20439040,2.248317003250122,,,0.00011085656598727721,2833.238464784
9990,20459520,2.4163832664489746,,,0.00011060296702207305,2835.727514466
10000,20480000,2.3358285427093506,2.2401201367378234,9.394459839409869,0.00011034959701403459,2840.4330492070003
10010,20500480,2.3176839351654053,,,0.00011009645702959648,2845.4070395030003
10020,20520960,2.4736194610595703,,,0.00010984354813422514,2848.0684618510004
10030,20541440,2.1935038566589355,,,0.00010959087139241439,2850.765597849
10040,20561920,2.1290063858032227,,,0.00010933842786768085,2853.474913377
10050,20582400,2.327319622039795,,,0.00010908621862255956,2856.1327845710002
10060,20602880,2.5468599796295166,,,0.00010883424471859952,2858.787989734
10070,20623360,2.526437759399414,,,0.00010858250721635919,2861.3002223249996
10080,20643840,2.297430992126465,,,0.00010833100717540181,2863.967550681
10090,20664320,1.9861983060836792,,,0.00010807974565429145,2866.652986428
10100,20684800,2.4363434314727783,2.2368002414703367,9.363322930884525,0.00010782872371058805,2871.4393806059998
10110,20705280,2.3364923000335693,,,0.0001075779424008432,2873.7639053599996
10120,20725760,2.2325310707092285,,,0.00010732740278059571,2876.424833774
10130,20746240,2.4651196002960205,,,0.00010707710590436708,2878.971188433
10140,20766720,2.333071708679199,,,0.00010682705282565707,2881.610338884
10150,20787200,2.0943431854248047,,,0.0001065772445969394,2884.0786767970003
10160,20807680,2.1559624671936035,,,0.00010632768226965715,2886.648656094
10170,20828160,2.2915878295898438,,,0.0001060783668942183,2889.1223285429996
10180,20848640,2.281161308288574,,,0.00010582929951999169,2891.5783732850005
10190,20869120,2.264840841293335,,,0.000105580481195302,2894.23769903
10200,20889600,2.286327838897705,2.233852231502533,9.335760408809028,0.00010533191296742589,2899.111022321
10210,20910080,2.272080659866333,,,0.00010508359588258722,2901.62789945
10220,20930560,2.347060203552246,,,0.00010483553098595285,2904.0243445260003
10230,20951040,2.2755722999572754,,,0.00010458771932162823,2906.6143583760004
10240,20971520,2.2511587142944336,,,0.00010434016193265279,2909.36293804
10250,20992000,2.231180191040039,,,0.00010409285986099594,2911.831324549
10260,21012480,2.1539387702941895,,,0.00010384581414755226,2914.538202121
10270,21032960,2.297983407974243,,,0.00010359902583213749,2917.268517865
10280,21053440,2.1911025047302246,,,0.00010335249595348387,2920.3452956459996
10290,21073920,2.3719048500061035,,,0.00010310622554923588,2922.945332945
10300,21094400,2.423600196838379,2.22747403383255,9.276404576361243,0.00010286021565594589,2927.424665132
10310,21114880,2.2031915187835693,,,0.00010261446730906978,2929.9990372270004
10320,21135360,2.263902187347412,,,0.00010236898154296262,2932.4740549790004
10330,21155840,2.025312900543213,,,0.00010212375939087416,2934.9255019519996
10340,21176320,2.3998632431030273,,,0.0001018788018849448,2937.256722137
10350,21196800,2.1023621559143066,,,0.00010163411005620086,2939.7206449389996
10360,21217280,1.9318196773529053,,,0.00010138968493455051,2942.436219344
10370,21237760,2.192037582397461,,,0.00010114552754877926,2944.9253152170004
10380,21258240,2.330716609954834,,,0.00010090163892654591,2947.362369953
10390,21278720,2.042025089263916,,,0.00010065802009437783,2949.8611479499996
10400,21299200,2.4152169227600098,2.2265236020088195,9.26759217469893,0.00010041467207766695,2954.432172338
10410,21319680,2.2407002449035645,,,0.00010017159590066532,2957.0979000630005
10420,21340160,2.2506093978881836,,,9.992879258648074e-05,2959.611596136
10430,21360640,2.446702003479004,,,9.96862631570727e-05,2962.249728547
10440,21381120,2.4305787086486816,,,9.944400863324778e-05,2964.6384496110004
10450,21401600,2.396256923675537,,,9.92020300346555e-05,2967.1819429179995
10460,21422080,2.3845577239990234,,,9.8960328379784e-05,2969.777233299
10470,21442560,2.0460047721862793,,,9.871890468595583e-05,2972.273133982
10480,21463040,2.1792426109313965,,,9.847775996932346e-05,2974.7620437799997
10490,21483520,2.218235731124878,,,9.823689524486538e-05,2977.06310432
10500,21504000,2.340236186981201,2.2229571461677553,9.234598586514638,9.799631152638138e-05,2981.6117184309996
10510,21524480,1.989890217781067,,,9.775600982648857e-05,2986.2846082409997
10520,21544960,2.212179660797119,,,9.751599115661699e-05,2988.9059983180005
10530,21565440,2.354679822921753,,,9.727625652700558e-05,2991.405909837
10540,21585920,2.34169340133667,,,9.703680694669757e-05,2993.7902131230003
10550,21606400,2.257120132446289,,,9.679764342353648e-05,2996.271089932
10560,21626880,2.6861417293548584,,,9.655876696416182e-05,2998.848263641
10570,21647360,2.0757317543029785,,,9.632017857400485e-05,3001.326183469
10580,21667840,2.434468984603882,,,9.608187925728428e-05,3003.8582041400005
10590,21688320,2.112271308898926,,,9.584387001700227e-05,3006.4513090399996
10600,21708800,2.1837210655212402,2.2181142449378966,9.18998445577421,9.560615185493991e-05,3011.1671307859997
10610,21729280,2.198678493499756,,,9.536872577165312e-05,3013.697127996
10620,21749760,2.357341766357422,,,9.513159276646861e-05,3016.517053746
10630,21770240,2.0413002967834473,,,9.489475383747941e-05,3019.0435671160003
10640,21790720,2.1651816368103027,,,9.465820998154078e-05,3021.391569296
10650,21811200,2.328096866607666,,,9.442196219426607e-05,3023.905041815
10660,21831680,2.134934186935425,,,9.418601147002244e-05,3026.507371695
10670,21852160,2.329505681991577,,,9.395035880192665e-05,3028.8758660599997
10680,21872640,2.2150251865386963,,,9.371500518184114e-05,3031.323263348
10690,21893120,2.1817586421966553,,,9.347995160036948e-05,3033.877543478
10700,21913600,2.2256598472595215,2.217206072807312,9.181642156706111,9.324519904685237e-05,3038.6579308359997
10710,21934080,2.048582077026367,,,9.301074850936363e-05,3041.1674788230002
10720,21954560,2.5432257652282715,,,9.277660097470579e-05,3043.9404967070004
10730,21975040,2.1069421768188477,,,9.254275742840602e-05,3046.4680341619996
10740,21995520,2.2740797996520996,,,9.230921885471204e-05,3049.0812447360004
10750,22016000,2.195643424987793,,,9.20759862365879e-05,3051.9304643570003
10760,22036480,2.372159719467163,,,9.184306055571002e-05,3054.4775586349997
10770,22056960,2.4088823795318604,,,9.161044279246277e-05,3057.0992307119996
10780,22077440,2.4248549938201904,,,9.137813392593454e-05,3059.534908439
10790,22097920,2.2617454528808594,,,9.114613493391361e-05,3062.0782589190003
10800,22118400,2.4570045471191406,2.209821081161499,9.114085565548391,9.091444679288388e-05,3066.7809524470003
10810,22138880,2.1901235580444336,,,9.068307047802107e-05,3069.4445312010002
10820,22159360,2.2643208503723145,,,9.045200696318827e-05,3072.0135839040004
10830,22179840,2.4105606079101562,,,9.022125722093207e-05,3074.4008979749997
10840,22200320,2.265082359313965,,,8.999082222247832e-05,3077.0245673910003
10850,22220800,2.054530620574951,,,8.97607029377282e-05,3079.703076015
10860,22241280,2.360279083251953,,,8.953090033525395e-05,3082.1798771639997
10870,22261760,2.4295401573181152,,,8.9301415382295e-05,3084.7722885370003
10880,22282240,2.2422988414764404,,,8.907224904475376e-05,3087.3553002400004
10890,22302720,2.087585210800171,,,8.884340228719154e-05,3089.803289235
10900,22323200,2.1602907180786133,2.2127315223217012,9.140650213987389,8.861487607282458e-05,3093.5348683949996
10910,22343680,1.9346463680267334,,,8.838667136351994e-05,3096.0750839849998
10920,22364160,2.296445608139038,,,8.815878911979146e-05,3098.63556977
10930,22384640,2.203286647796631,,,8.793123030079568e-05,3101.007335628
10940,22405120,2.0151140689849854,,,8.770399586432802e-05,3103.396598653
10950,22425600,2.301830768585205,,,8.747708676681837e-05,3105.665160857
10960,22446080,2.2836337089538574,,,8.725050396332733e-05,3108.3897572409996
10970,22466560,2.2911107540130615,,,8.702424840754216e-05,3110.9426298
10980,22487040,2.222367286682129,,,8.679832105177271e-05,3113.374207117
10990,22507520,2.4293878078460693,,,8.657272284694751e-05,3115.9298109049996
11000,22528000,2.086322784423828,2.206663799285889,9.085355207165797,8.634745474260958e-05,3120.591171182
11010,22548480,2.4625535011291504,,,8.612251768691258e-05,3124.991783661
11020,22568960,2.222987174987793,,,8.589791262661685e-05,3127.5553050440003
11030,22589440,2.1433119773864746,,,8.567364050708524e-05,3130.143113633
11040,22609920,2.323765754699707,,,8.544970227227939e-05,3132.9100044509996
11050,22630400,2.250565528869629,,,8.522609886475545e-05,3135.5067156269997
11060,22650880,1.9298142194747925,,,8.500283122566051e-05,3138.026486969
11070,22671360,2.1243228912353516,,,8.477990029472824e-05,3140.553258524
11080,22691840,2.6191158294677734,,,8.455730701027514e-05,3142.903455398
11090,22712320,2.307218074798584,,,8.433505230919655e-05,3145.318314749
11100,22732800,2.208064556121826,2.202570325136185,9.0482405562425,8.411313712696274e-05,3149.777792262
11110,22753280,2.3449795246124268,,,8.389156239761489e-05,3152.4572461899998
11120,22773760,2.219055652618408,,,8.367032905376136e-05,3155.0323534010004
11130,22794240,1.9945058822631836,,,8.344943802657343e-05,3157.6754207579997
11140,22814720,2.7103586196899414,,,8.32288902457817e-05,3160.2485620549996
11150,22835200,2.713193893432617,,,8.300868663967195e-05,3162.9298563250004
11160,22855680,2.2573790550231934,,,8.27888281350814e-05,3165.3643399189996
11170,22876160,2.1384565830230713,,,8.256931565739472e-05,3167.8298034669997
11180,22896640,2.440565824508667,,,8.235015013054009e-05,3170.4434264660003
11190,22917120,2.1408169269561768,,,8.213133247698548e-05,3172.9206879249996
11200,22937600,2.20358943939209,2.199024373292923,9.01621274905398,8.191286361773466e-05,3177.5633032530004
11210,22958080,2.4373629093170166,,,8.169474447232322e-05,3179.942033089
11220,22978560,2.4539785385131836,,,8.147697595881485e-05,3182.2805700749996
11230,22999040,2.0873098373413086,,,8.125955899379747e-05,3184.6211975529995
11240,23019520,2.221564531326294,,,8.104249449237923e-05,3187.5405670190003
11250,23040000,2.3591723442077637,,,8.082578336818495e-05,3190.286930077
11260,23060480,2.079716205596924,,,8.060942653335189e-05,3192.7491419899998
11270,23080960,2.101757526397705,,,8.039342489852618e-05,3195.297528774
11280,23101440,2.4664478302001953,,,8.017777937285895e-05,3197.8510386649996
11290,23121920,2.2424893379211426,,,7.99624908640024e-05,3200.490221704
11300,23142400,2.139596939086914,2.197930985689163,9.006359921262773,7.974756027810604e-05,3204.9767504049996
11310,23162880,2.2366960048675537,,,7.953298851981303e-05,3207.4461415980004
11320,23183360,2.401179552078247,,,7.931877649225602e-05,3209.881439879
11330,23203840,2.448397636413574,,,7.91049250970537e-05,3212.3493565259996
11340,23224320,2.032858371734619,,,7.889143523430678e-05,3214.7905268000004
11350,23244800,2.1842823028564453,,,7.867830780259429e-05,3217.221373734
11360,23265280,2.1816253662109375,,,7.846554369896979e-05,3220.044863356
11370,23285760,2.235121011734009,,,7.825314381895765e-05,3222.585302738
11380,23306240,2.1458280086517334,,,7.804110905654917e-05,3225.1908447980004
11390,23326720,2.1249046325683594,,,7.782944030419887e-05,3227.7795003089996
11400,23347200,2.1678361892700195,2.194866281747818,8.978800347053657,7.76181384528207e-05,3232.2925609619997
11410,23367680,2.2939321994781494,,,7.740720439178437e-05,3234.996019669
11420,23388160,2.4144630432128906,,,7.719663900891156e-05,3237.5346137119996
11430,23408640,2.1467819213867188,,,7.698644319047225e-05,3240.384448564
11440,23429120,2.671916961669922,,,7.677661782118077e-05,3242.8580880420004
11450,23449600,2.3098998069763184,,,7.656716378419232e-05,3245.381853113
11460,23470080,2.3488950729370117,,,7.635808196109915e-05,3247.881071838
11470,23490560,2.114962577819824,,,7.614937323192688e-05,3250.413446625
11480,23511040,2.4278087615966797,,,7.594103847513074e-05,3252.9753613820003
11490,23531520,2.3429622650146484,,,7.573307856759186e-05,3255.439537843
11500,23552000,1.9940146207809448,2.191080504655838,8.94487287183656,7.552549438461382e-05,3259.852865095
11510,23572480,2.2087066173553467,,,7.53182867999186e-05,3264.399464002
11520,23592960,2.264237880706787,,,7.511145668564313e-05,3266.981867753
11530,23613440,2.0768728256225586,,,7.490500491233555e-05,3269.689036625
11540,23633920,2.107844352722168,,,7.469893234895162e-05,3272.362186669
11550,23654400,2.1890268325805664,,,7.449323986285086e-05,3274.8355070939997
11560,23674880,2.6019747257232666,,,7.428792831979329e-05,3277.496097726
11570,23695360,2.2153124809265137,,,7.408299858393531e-05,3280.318594499
11580,23715840,2.411379814147949,,,7.387845151782641e-05,3282.772634361
11590,23736320,1.9193150997161865,,,7.367428798240539e-05,3285.3905667380004
11600,23756800,2.118300437927246,2.1884400844573975,8.92128580242426,7.347050883699676e-05,3289.9860097660003
11610,23777280,2.1115221977233887,,,7.326711493930716e-05,3292.342502214
11620,23797760,2.30094051361084,,,7.306410714542161e-05,3294.8881266279996
11630,23818240,2.267993450164795,,,7.286148630980031e-05,3297.2068586060004
11640,23838720,2.22348690032959,,,7.265925328527444e-05,3299.7119538389998
11650,23859200,2.245661973953247,,,7.245740892304302e-05,3302.2589178
11660,23879680,2.137406349182129,,,7.225595407266917e-05,3304.8263985659996
11670,23900160,2.0909032821655273,,,7.20548895820765e-05,3307.40599733
11680,23920640,2.4278013706207275,,,7.185421629754574e-05,3309.9492025850004
11690,23941120,2.1992831230163574,,,7.165393506371091e-05,3312.610416922
11700,23961600,2.3723106384277344,2.185886061191559,8.898529703097134,7.145404672355592e-05,3317.546595693
11710,23982080,2.1221070289611816,,,7.125455211841097e-05,3320.019217498
11720,24002560,2.3460774421691895,,,7.105545208794908e-05,3322.379362496
11730,24023040,2.2427828311920166,,,7.085674747018248e-05,3324.9324762120004
11740,24043520,2.156097173690796,,,7.065843910145904e-05,3327.231298574
11750,24064000,2.4617509841918945,,,7.046052781645896e-05,3329.6635205800003
11760,24084480,2.1946959495544434,,,7.0263014448191e-05,3332.131903957
11770,24104960,2.2464704513549805,,,7.006589982798914e-05,3334.5770370849996
11780,24125440,2.260684013366699,,,6.986918478550897e-05,3337.03727179
11790,24145920,2.400421142578125,,,6.967287014872436e-05,3339.4037026409997
11800,24166400,2.3595728874206543,2.1827042996883392,8.870261698724446,6.947695674392372e-05,3343.7308719559996
11810,24186880,2.090012311935425,,,6.928144539570686e-05,3346.189048071
11820,24207360,2.378655433654785,,,6.90863369269812e-05,3348.8204894709997
11830,24227840,2.2632763385772705,,,6.88916321589585e-05,3351.3907578119997
11840,24248320,2.479607343673706,,,6.869733191115123e-05,3353.8708752780003
11850,24268800,2.2438528537750244,,,6.850343700136945e-05,3356.411273033
11860,24289280,2.1121883392333984,,,6.830994824571693e-05,3358.994913611
11870,24309760,2.1502537727355957,,,6.811686645858812e-05,3361.355004438
11880,24330240,2.2668800354003906,,,6.792419245266441e-05,3363.748807135
11890,24350720,2.2088918685913086,,,6.773192703891089e-05,3366.1230359949996
11900,24371200,2.220123529434204,2.179102694988251,8.838371984044041,6.754007102657285e-05,3370.4273736470004
11910,24391680,2.054997444152832,,,6.734862522317248e-05,3373.0324956590002
11920,24412160,2.536592960357666,,,6.715759043450532e-05,3375.361805273
11930,24432640,2.135740280151367,,,6.696696746463696e-05,3377.708161267
11940,24453120,2.564110279083252,,,6.677675711589974e-05,3380.402853144
11950,24473600,1.8524894714355469,,,6.658696018888918e-05,3382.759683114
11960,24494080,2.2154006958007812,,,6.639757748246073e-05,3385.2014625479997
11970,24514560,2.2929654121398926,,,6.620860979372636e-05,3387.532554118
11980,24535040,2.028719663619995,,,6.602005791805132e-05,3389.8555909819997
11990,24555520,2.4415760040283203,,,6.583192264905055e-05,3392.3929121379997
12000,24576000,2.3593263626098633,2.1786409497261046,8.834291849719163,6.564420477858569e-05,3396.8828375949997
12010,24596480,2.2060539722442627,,,6.545690509676138e-05,3401.516350717
12020,24616960,2.3422751426696777,,,6.527002439192217e-05,3403.9401782960003
12030,24637440,2.170039653778076,,,6.508356345064916e-05,3406.4149219029996
12040,24657920,2.0439414978027344,,,6.489752305775661e-05,3408.9957062169997
12050,24678400,2.4842476844787598,,,6.471190399628868e-05,3411.5135857389996
12060,24698880,2.263369083404541,,,6.452670704751625e-05,3414.2015512280004
12070,24719360,2.2923617362976074,,,6.434193299093347e-05,3416.748408177
12080,24739840,2.034632444381714,,,6.415758260425449e-05,3419.3373262880004
12090,24760320,2.578105926513672,,,6.397365666341029e-05,3422.0507737079997
12100,24780800,2.10221004486084,2.1762025356292725,8.812776430348869,6.37901559425453e-05,3426.9332963979996
12110,24801280,2.3782434463500977,,,6.360708121401425e-05,3429.3668501989996
12120,24821760,2.2487058639526367,,,6.34244332483789e-05,3432.1852306399996
12130,24842240,2.054934024810791,,,6.324221281440466e-05,3434.661169459
12140,24862720,1.9531970024108887,,,6.306042067905757e-05,3437.4167277959996
12150,24883200,2.2979488372802734,,,6.287905760750087e-05,3439.7930890879998
12160,24903680,2.139522075653076,,,6.269812436309192e-05,3442.097883261
12170,24924160,2.1288204193115234,,,6.251762170737891e-05,3444.826861325
12180,24944640,2.332345962524414,,,6.233755040009769e-05,3447.3536178900004
12190,24965120,2.187596321105957,,,6.21579111991686e-05,3449.791592095
12200,24985600,2.314319610595703,2.1722271144390106,8.777811478436746,6.197870486069323e-05,3454.102819676
12210,25006080,2.272347927093506,,,6.17999321389512e-05,3456.710998476
12220,25026560,2.010988235473633,,,6.162159378639708e-05,3459.0744659740003
12230,25047040,2.333378791809082,,,6.144369055365717e-05,3461.553873725
12240,25067520,2.4522199630737305,,,6.126622318952633e-05,3464.1029660510003
12250,25088000,2.268516778945923,,,6.108919244096493e-05,3466.4889233080003
12260,25108480,1.9189046621322632,,,6.0912599053095556e-05,3468.9702757880004
12270,25128960,2.221263885498047,,,6.073644376919992e-05,3471.5290930600004
12280,25149440,2.1222267150878906,,,6.056072733071576e-05,3473.8448593049998
12290,25169920,2.0712947845458984,,,6.038545047723382e-05,3476.520019697
12300,25190400,2.162738800048828,2.1710015177726745,8.767060011777698,6.021061394649447e-05,3481.2917582299997
12310,25210880,2.301699638366699,,,6.003621847438491e-05,3483.8384318300004
12320,25231360,2.2212905883789062,,,5.986226479493585e-05,3486.508879862
12330,25251840,2.219170093536377,,,5.968875364031846e-05,3489.1969156610003
12340,25272320,2.2567334175109863,,,5.951568574084137e-05,3491.796340664
12350,25292800,2.095881938934326,,,5.934306182494755e-05,3494.580562895
12360,25313280,2.1462318897247314,,,5.91708826192112e-05,3497.387012829
12370,25333760,2.566164493560791,,,5.899914884833483e-05,3500.0252092339997
12380,25354240,2.219487190246582,,,5.8827861235146036e-05,3502.66343228
12390,25374720,2.294856548309326,,,5.865702050059451e-05,3505.2684233010004
12400,25395200,2.090282917022705,2.168002778291702,8.740809262039667,5.848662736374911e-05,3509.7106399940003
12410,25415680,2.186962127685547,,,5.8316682541794705e-05,3512.151719161
12420,25436160,2.3642444610595703,,,5.8147186750029216e-05,3514.500422266
12430,25456640,2.2167274951934814,,,5.797814070186057e-05,3516.7970928349996
12440,25477120,2.445016860961914,,,5.780954510880383e-05,3519.2195367599998
12450,25497600,2.0827226638793945,,,5.7641400680477945e-05,3521.7534809219997
12460,25518080,2.1968166828155518,,,5.747370812460302e-05,3524.9166904040003
12470,25538560,2.302103042602539,,,5.730646814699717e-05,3527.857016917
12480,25559040,2.102220058441162,,,5.713968145157363e-05,3530.47306684
12490,25579520,2.1960480213165283,,,5.697334874033772e-05,3533.039085245
12500,25600000,2.1753153800964355,2.1672043800354004,8.733833400294673,5.680747071338404e-05,3537.890881501
12510,25620480,2.3147881031036377,,,5.6642048068893407e-05,3542.5161336789997
12520,25640960,2.1591334342956543,,,5.6477081503129835e-05,3544.972029005
12530,25661440,2.3688087463378906,,,5.631257171043779e-05,3547.5516509669997
12540,25681920,2.2253336906433105,,,5.614851938323914e-05,3550.39105492
12550,25702400,2.0715479850769043,,,5.5984925212030244e-05,3552.9915414019997
12560,25722880,2.265077590942383,,,5.582178988537924e-05,3555.462670563
12570,25743360,2.517411470413208,,,5.56591140899228e-05,3557.834457647
12580,25763840,2.1013550758361816,,,5.549689851036352e-05,3560.316263836
12590,25784320,2.469125986099243,,,5.533514382946696e-05,3562.940030199
12600,25804800,2.038865327835083,2.1639626801013945,8.705566773851452,5.517385072805871e-05,3567.407147696
12610,25825280,2.1347203254699707,,,5.5013019885021604e-05,3569.8207607719996
12620,25845760,2.1933140754699707,,,5.4852651977292774e-05,3572.365822009
12630,25866240,2.306314468383789,,,5.469274767986099e-05,3574.6817891130004
12640,25886720,2.2836978435516357,,,5.453330766576353e-05,3577.175435981
12650,25907200,1.9348390102386475,,,5.437433260608362e-05,3579.9387594460004
12660,25927680,2.0972485542297363,,,5.4215823169947396e-05,3582.301846837
12670,25948160,2.3052005767822266,,,5.405778002452125e-05,3584.6545201199997
12680,25968640,2.254375696182251,,,5.3900203835008926e-05,3587.157453179
12690,25989120,2.1286661624908447,,,5.3743095264648794e-05,3589.4978234890004
12700,26009600,2.320449113845825,2.163628304004669,8.70265632703287,5.358645497471097e-05,3594.120570557
12710,26030080,2.2402501106262207,,,5.343028362449456e-05,3596.631128987
12720,26050560,2.061978816986084,,,5.327458187132497e-05,3599.144981996
12730,26071040,2.1466519832611084,,,5.311935037055104e-05,3601.635330256
12740,26091520,2.157578229904175,,,5.296458977554225e-05,3604.3045129599996
12750,26112000,2.488952398300171,,,5.281030073768617e-05,3606.8648803300002
12760,26132480,2.2852835655212402,,,5.265648390638548e-05,3609.380146235
12770,26152960,2.1512341499328613,,,5.250313992905537e-05,3611.939412637
12780,26173440,2.370699405670166,,,5.235026945112081e-05,3614.612519466
12790,26193920,2.126774311065674,,,5.2197873116013776e-05,3616.938628314
12800,26214400,1.9500641822814941,2.1618934333324433,8.687571432754492,5.204595156517057e-05,3621.3169688569997
12810,26234880,2.2941696643829346,,,5.189450543802921e-05,3623.936397947
12820,26255360,2.0489306449890137,,,5.174353537202657e-05,3626.541688032
12830,26275840,2.1591250896453857,,,5.15930420025958e-05,3629.12725974
12840,26296320,2.232625961303711,,,5.1443025963163655e-05,3631.693294578
12850,26316800,2.4688024520874023,,,5.129348788514775e-05,3634.1665177349996
12860,26337280,2.3066272735595703,,,5.114442839795407e-05,3636.622284852
12870,26357760,2.284031867980957,,,5.099584812897407e-05,3638.95856577
12880,26378240,2.0762362480163574,,,5.0847747703582307e-05,3641.626664767
12890,26398720,2.170177459716797,,,5.0700127745133616e-05,3644.0796054989996
12900,26419200,2.576958656311035,2.1597905814647675,8.669321951644188,5.055298887496052e-05,3648.596269195
12910,26439680,2.218661308288574,,,5.0406331712370704e-05,3650.922163124
12920,26460160,2.1825132369995117,,,5.026015687464428e-05,3653.385910702
12930,26480640,2.311656951904297,,,5.011446497703123e-05,3656.1227634449997
12940,26501120,1.9533939361572266,,,4.996925663274901e-05,3658.652478541
12950,26521600,2.278886556625366,,,4.9824532452979645e-05,3661.454529261
12960,26542080,2.041229724884033,,,4.968029304686735e-05,3663.90244308
12970,26562560,2.2410974502563477,,,4.9536539021515907e-05,3666.4512587649997
12980,26583040,2.106264591217041,,,4.939327098198617e-05,3669.066294505
12990,26603520,2.1372885704040527,,,4.925048953129341e-05,3671.7748942850003
13000,26624000,2.1776394844055176,2.1577566385269167,8.651706965495679,4.910819527040499e-05,3676.48922504
13010,26644480,2.3429205417633057,,,4.896638879823752e-05,3681.1316226609997
13020,26664960,2.4314844608306885,,,4.882507071165461e-05,3683.939959419
13030,26685440,2.2455368041992188,,,4.868424160546423e-05,3686.425852599
13040,26705920,2.3010778427124023,,,4.8543902072416214e-05,3688.9595940500003
13050,26726400,2.064046859741211,,,4.840405270319976e-05,3691.4913903979996
13060,26746880,2.18519926071167,,,4.826469408644109e-05,3693.8172816320002
13070,26767360,2.21878719329834,,,4.81258268087007e-05,3696.4185591200003
13080,26787840,2.2759292125701904,,,4.7987451454471123e-05,3698.7569541860003
13090,26808320,2.0890629291534424,,,4.7849568606174334e-05,3701.065037958
13100,26828800,2.0068016052246094,2.1559847056865693,8.636390295860958,4.77121788441594e-05,3705.8008253199996
13110,26849280,2.2633309364318848,,,4.7575282746699966e-05,3708.349775836
13120,26869760,2.2287755012512207,,,4.74388808899918e-05,3710.802209075
13130,26890240,2.1409387588500977,,,4.730297384815052e-05,3713.2010033039996
13140,26910720,1.9125890731811523,,,4.716756219320896e-05,3715.8157455090004
13150,26931200,1.9083195924758911,,,4.703264649511491e-05,3718.429489129
13160,26951680,2.475985050201416,,,4.6898227321728685e-05,3720.9558967800003
13170,26972160,2.4436817169189453,,,4.676430523882074e-05,3723.4565598950003
13180,26992640,1.9085396528244019,,,4.663088081006919e-05,3725.785317875
13190,27013120,2.4616546630859375,,,4.649795459705768e-05,3728.240477986
13200,27033600,2.408409833908081,2.154028356075287,8.619511013335181,4.63655271592727e-05,3732.5845834519996
13210,27054080,2.351242780685425,,,4.623359905410151e-05,3735.065809306
13220,27074560,2.105118989944458,,,4.61021708368296e-05,3737.4057077380003
13230,27095040,2.006798267364502,,,4.5971243060638495e-05,3739.6634359110003
13240,27115520,2.2757833003997803,,,4.584081627660329e-05,3742.33284121
13250,27136000,2.2894363403320312,,,4.571089103369051e-05,3744.767821759
13260,27156480,2.1565771102905273,,,4.5581467878755605e-05,3747.203840192
13270,27176960,1.9697985649108887,,,4.5452547356540746e-05,3749.4826160189996
13280,27197440,2.2125301361083984,,,4.532413000967257e-05,3752.095096203
13290,27217920,2.125081777572632,,,4.519621637865978e-05,3754.5462013200004
13300,27238400,1.976919174194336,2.1537112951278687,8.616778536210797,4.506880700189101e-05,3758.883049022
13310,27258880,2.554924488067627,,,4.494190241563241e-05,3761.182897568
13320,27279360,2.1568350791931152,,,4.4815503154025555e-05,3763.556154967
13330,27299840,2.278956890106201,,,4.468960974908505e-05,3766.0506793659997
13340,27320320,2.6998558044433594,,,4.456422273069636e-05,3768.5749269199996
13350,27340800,2.1877329349517822,,,4.4439342626613556e-05,3770.921176332
13360,27361280,2.1056509017944336,,,4.431496996245715e-05,3773.266404059
13370,27381760,2.0394701957702637,,,4.419110526171172e-05,3775.5538438800004
13380,27402240,2.104961395263672,,,4.406774904572403e-05,3777.9412027480003
13390,27422720,2.1083414554595947,,,4.394490183370048e-05,3780.3086635090003
13400,27443200,2.1380724906921387,2.149495059251785,8.580524646591217,4.382256414270509e-05,3784.6626344200004
13410,27463680,2.159149408340454,,,4.3700736487657324e-05,3787.0027811090004
13420,27484160,2.2242183685302734,,,4.3579419381329906e-05,3789.401212594
13430,27504640,2.1769347190856934,,,4.3458613334346645e-05,3791.837810926
13440,27525120,2.580887794494629,,,4.3338318855180334e-05,3794.2950170370004
13450,27545600,2.1251888275146484,,,4.3218536450150555e-05,3796.6399593059996
13460,27566080,2.5135457515716553,,,4.309926662342156e-05,3799.119995483
13470,27586560,2.2138404846191406,,,4.298050987700017e-05,3801.5218001679996
13480,27607040,2.0673298835754395,,,4.2862266710733635e-05,3803.93972571
13490,27627520,2.3928263187408447,,,4.2744537622307556e-05,3806.857771303
13500,27648000,2.5659334659576416,2.1486203134059907,8.57302215016906,4.2627323107243825e-05,3811.3094235810004
13510,27668480,2.1758618354797363,,,4.251062365889841e-05,3815.9032145110004
13520,27688960,2.305957794189453,,,4.239443976845943e-05,3818.378965002
13530,27709440,2.2260780334472656,,,4.227877192494499e-05,3820.9455739819996
13540,27729920,2.5516140460968018,,,4.2163620615201146e-05,3823.3151272900004
13550,27750400,2.1044728755950928,,,4.204898632389988e-05,3825.698209837
13560,27770880,2.1687445640563965,,,4.193486953353701e-05,3828.158281844
13570,27791360,1.9044973850250244,,,4.182127072443028e-05,3830.626219263
13580,27811840,2.052372932434082,,,4.170819037471715e-05,3832.9560861110003
13590,27832320,2.2234444618225098,,,4.159562896035293e-05,3835.6112122719996
13600,27852800,2.2622063159942627,2.1453247010707854,8.544815297576335,4.1483586955108726e-05,3840.0100500239996
13610,27873280,2.02541446685791,,,4.137206483056946e-05,3842.4290974369997
13620,27893760,2.3519065380096436,,,4.126106305613184e-05,3844.7857215989998
13630,27914240,2.17681884765625,,,4.1150582099002474e-05,3847.2606979519996
13640,27934720,2.1775126457214355,,,4.104062242419581e-05,3849.5789214590004
13650,27955200,2.2028708457946777,,,4.093118449453223e-05,3851.8473658740004
13660,27975680,2.248892068862915,,,4.082226877063606e-05,3854.140261185
13670,27996160,2.2410168647766113,,,4.0713875710933735e-05,3856.945797685
13680,28016640,2.2159817218780518,,,4.06060057716517e-05,3859.2049705400004
13690,28037120,2.060019016265869,,,4.0498659406814685e-05,3861.6608333570002
13700,28057600,2.1167759895324707,2.1434080243110656,8.52845333398606,4.0391837068243625e-05,3866.011556188
13710,28078080,1.9873634576797485,,,4.0285539205553855e-05,3868.45691625
13720,28098560,2.145648956298828,,,4.0179766266153166e-05,3871.030391954
13730,28119040,2.190715789794922,,,4.007451869523998e-05,3873.5643138879996
13740,28139520,2.217644214630127,,,3.996979693580142e-05,3876.2509008280003
13750,28160000,2.1563308238983154,,,3.986560142861148e-05,3878.606045212
13760,28180480,2.0995230674743652,,,3.9761932612229164e-05,3881.1079628730004
13770,28200960,2.0205514430999756,,,3.9658790922996624e-05,3883.635796781
13780,28221440,2.4433298110961914,,,3.95561767950373e-05,3885.957784237
13790,28241920,2.2064085006713867,,,3.945409066025419e-05,3888.2577008320004
13800,28262400,1.9118928909301758,2.1418491184711455,8.5151686357654,3.9352532948327877e-05,3892.736508205
13810,28282880,2.311000347137451,,,3.9251504086714964e-05,3895.194320226
13820,28303360,2.1866989135742188,,,3.9151004500645995e-05,3897.789481367
13830,28323840,2.653576374053955,,,3.9051034613123805e-05,3900.105228487
13840,28344320,2.1805405616760254,,,3.895159484492177e-05,3902.5940917629996
13850,28364800,1.941454291343689,,,3.8852685614581954e-05,3905.173073922
13860,28385280,2.6909337043762207,,,3.8754307338413415e-05,3907.547912973
13870,28405760,2.244964122772217,,,3.8656460430490396e-05,3909.9245933969996
13880,28426240,2.4203476905822754,,,3.855914530265068e-05,3912.2448839420003
13890,28446720,2.0430541038513184,,,3.84623623644937e-05,3914.727792928
13900,28467200,2.1658613681793213,2.1402962028980257,8.501955559834201,3.8366112023378954e-05,3919.166511544
13910,28487680,2.1594276428222656,,,3.827039468442421e-05,3921.611643235
13920,28508160,2.2062015533447266,,,3.817521075050385e-05,3923.8781108780004
13930,28528640,2.059347152709961,,,3.80805606222471e-05,3926.1984828269997
13940,28549120,2.3979978561401367,,,3.798644469803653e-05,3928.675452417
13950,28569600,2.474411964416504,,,3.7892863374006114e-05,3931.1650512260003
13960,28590080,2.3018176555633545,,,3.779981704403972e-05,3933.8274003730003
13970,28610560,2.524972915649414,,,3.770730609976948e-05,3936.194952695
13980,28631040,2.1555750370025635,,,3.761533093057403e-05,3938.5905834040004
13990,28651520,2.6113438606262207,,,3.752389192357695e-05,3941.1873628350004
14000,28672000,2.084559917449951,2.139955389499664,8.49905847317815,3.743298946364508e-05,3945.766904315
14010,28692480,2.185302257537842,,,3.7342623933387014e-05,3950.315079528
14020,28712960,2.0972847938537598,,,3.725279571315132e-05,3952.6066207940003
14030,28733440,2.347355365753174,,,3.7163505181025115e-05,3955.199710997
14040,28753920,2.3213796615600586,,,3.707475271283232e-05,3957.7645322300004
14050,28774400,2.1755013465881348,,,3.6986538682132105e-05,3960.2977933029997
14060,28794880,1.988243579864502,,,3.689886346021749e-05,3962.580366481
14070,28815360,2.2123374938964844,,,3.681172741611353e-05,3965.0952736540003
14080,28835840,2.324003219604492,,,3.672513091657593e-05,3967.486229176
14090,28856320,2.1536803245544434,,,3.663907432608944e-05,3970.043823246
14100,28876800,2.34488582611084,2.1389262437820435,8.490316202853315,3.6553558006866334e-05,3974.6285018890003
14110,28897280,2.2520809173583984,,,3.646858231884489e-05,3977.0901073490004
14120,28917760,2.157766342163086,,,3.638414761968783e-05,3979.511094607
14130,28938240,2.3307383060455322,,,3.630025426478096e-05,3981.801678889
14140,28958720,2.144591808319092,,,3.621690260723142e-05,3984.1294723499996
14150,28979200,2.2829203605651855,,,3.6134092997866464e-05,3986.6464182809996
14160,28999680,2.3092198371887207,,,3.605182578523181e-05,3988.9058049719997
14170,29020160,2.2857375144958496,,,3.5970101315590225e-05,3991.3834914569998
14180,29040640,2.235940456390381,,,3.588891993292007e-05,3993.801189422
14190,29061120,2.2256433963775635,,,3.580828197891391e-05,3996.127751784
14200,29081600,2.2491040229797363,2.137482249736786,8.478065084213974,3.572818779297694e-05,4000.7840129079996
14210,29102080,2.2927653789520264,,,3.564863771222568e-05,4003.2667667469996
14220,29122560,2.2192494869232178,,,3.5569632071486504e-05,4005.7010336989997
14230,29143040,2.523709297180176,,,3.54911712032942e-05,4008.0410111270003
14240,29163520,2.011359930038452,,,3.541325543789065e-05,4010.316459861
14250,29184000,2.5401570796966553,,,3.533588510322343e-05,4012.848554534
14260,29204480,2.2336597442626953,,,3.525906052494432e-05,4015.491878981
14270,29224960,2.275967597961426,,,3.5182782026408064e-05,4017.858067907
14280,29245440,1.9959535598754883,,,3.510704992867092e-05,4020.1299015699997
14290,29265920,2.1387698650360107,,,3.503186455048937e-05,4022.5233157069997
14300,29286400,2.090546131134033,2.1362482964992524,8.46761000022427,3.4957226208318743e-05,4026.8786867950002
14310,29306880,2.5697860717773438,,,3.488313521631188e-05,4029.17082314
14320,29327360,2.070432662963867,,,3.480959188631787e-05,4031.6158222820004
14330,29347840,2.168301582336426,,,3.4736596527880654e-05,4034.0791656069996
14340,29368320,1.9327021837234497,,,3.4664149448237747e-05,4036.6458064870003
14350,29388800,2.612945556640625,,,3.4592250952319015e-05,4039.204754294
14360,29409280,1.9914143085479736,,,3.4520901342745254e-05,4041.563532499
14370,29429760,2.2245934009552,,,3.445010091982707e-05,4043.883436796
14380,29450240,2.1340882778167725,,,3.4379849981563524e-05,4046.3190103569996
14390,29470720,2.393284797668457,,,3.431014882364085e-05,4048.9545607749997
14400,29491200,2.2137389183044434,2.1354172587394715,8.460576019735498,3.424099773943133e-05,4053.667891915
14410,29511680,2.450409412384033,,,3.417239701999191e-05,4056.204813722
14420,29532160,2.1661324501037598,,,3.410434695406312e-05,4058.5540104459997
14430,29552640,2.0255937576293945,,,3.403684782806771e-05,4060.885297074
14440,29573120,2.244356155395508,,,3.3969899926109604e-05,4063.322256218
14450,29593600,2.087709903717041,,,3.3903503529972584e-05,4065.6283314
14460,29614080,2.307447671890259,,,3.383765891911913e-05,4068.0200645779996
14470,29634560,2.457587718963623,,,3.37723663706893e-05,4070.355521882
14480,29655040,2.0962765216827393,,,3.3707626159499475e-05,4072.6239114259997
14490,29675520,2.2429497241973877,,,3.3643438558041265e-05,4074.9227402469996
14500,29696000,2.276472568511963,2.1344796657562255,8.452647160627349,3.357980383648038e-05,4079.2232765050003
14510,29716480,2.020648241043091,,,3.3516722262655394e-05,4083.873584137
14520,29736960,2.0201613903045654,,,3.3454194102076726e-05,4086.288008159
14530,29757440,2.0895848274230957,,,3.3392219617925464e-05,4089.0301447909997
14540,29777920,1.9621598720550537,,,3.3330799071052275e-05,4091.2766992750003
14550,29798400,2.1209030151367188,,,3.326993271997629e-05,4093.7734645259998
14560,29818880,2.2200937271118164,,,3.3209620820884054e-05,4096.04653679
14570,29839360,2.196920394897461,,,3.31498636276284e-05,4098.453787372
14580,29859840,2.4700682163238525,,,3.309066139172743e-05,4100.989834031
14590,29880320,2.2767422199249268,,,3.3032014362363395e-05,4103.425879496
14600,29900800,2.15848970413208,2.1334105849266054,8.44361542627563,3.297392278638172e-05,4107.644329047
14610,29921280,2.2745940685272217,,,3.291638690828989e-05,4110.042459369
14620,29941760,2.239086389541626,,,3.2859406970256463e-05,4112.349249548
14630,29962240,2.2327260971069336,,,3.280298321211008e-05,4115.039195683
14640,29982720,2.2328710556030273,,,3.274711587133837e-05,4117.346927515
14650,30003200,2.3928112983703613,,,3.269180518308707e-05,4119.958631957
14660,30023680,2.1921305656433105,,,3.263705138015886e-05,4122.519855071
14670,30044160,2.182178020477295,,,3.2582854693012586e-05,4125.170119977
14680,30064640,2.193708658218384,,,3.252921534976216e-05,4127.720107766
14690,30085120,2.363986015319824,,,3.2476133576175625e-05,4130.055872259
14700,30105600,1.8186430931091309,2.1303691267967224,8.417973537623748,3.242360959567422e-05,4134.516450957
14710,30126080,2.3990225791931152,,,3.237164362933144e-05,4136.831065178
14720,30146560,2.1926586627960205,,,3.232023589587205e-05,4139.348138722
14730,30167040,2.246939182281494,,,3.22693866116713e-05,4141.683104254
14740,30187520,2.155413866043091,,,3.221909599075385e-05,4144.114629243
14750,30208000,2.137385368347168,,,3.216936424479298e-05,4146.654078082
14760,30228480,2.285284996032715,,,3.212019158310966e-05,4149.028456448
14770,30248960,2.132375955581665,,,3.207157821267168e-05,4151.639418352
14780,30269440,2.092437505722046,,,3.202352433809274e-05,4154.151451143
14790,30289920,1.9455311298370361,,,3.1976030161631656e-05,4156.661960066
14800,30310400,2.0081191062927246,2.1287151992321016,8.404062326390632,3.192909588319148e-05,4161.042848358
14810,30330880,2.000922679901123,,,3.188272170031861e-05,4163.586599548
14820,30351360,2.0573604106903076,,,3.1836907808202056e-05,4165.8454823
14830,30371840,2.110973358154297,,,3.179165439967252e-05,4168.19936597
14840,30392320,2.2221474647521973,,,3.174696166520165e-05,4170.462932716
14850,30412800,2.1871073246002197,,,3.170282979290118e-05,4173.140916753
14860,30433280,2.2177202701568604,,,3.1659258968522255e-05,4175.741862734
14870,30453760,1.879475712776184,,,3.161624937545447e-05,4178.106268303
14880,30474240,2.004099130630493,,,3.157380119472528e-05,4180.378788239
14890,30494720,2.3110694885253906,,,3.153191460499909e-05,4182.718382748
14900,30515200,2.121020793914795,2.129267913103104,8.408708652137253,3.149058978257662e-05,4186.401287337
14910,30535680,2.236943483352661,,,3.14498269013941e-05,4188.795467118
14920,30556160,2.2183947563171387,,,3.14096261330225e-05,4191.391718487
14930,30576640,2.23812198638916,,,3.1369987646666915e-05,4193.798757556
14940,30597120,2.2655134201049805,,,3.133091160916578e-05,4196.27373388
14950,30617600,1.9130033254623413,,,3.1292398184990166e-05,4198.795667796
14960,30638080,2.3519225120544434,,,3.1254447536243113e-05,4201.256526245
14970,30658560,1.9616615772247314,,,3.121705982265895e-05,4203.544066437
14980,30679040,2.228632688522339,,,3.118023520160258e-05,4206.055904989
14990,30699520,2.2545225620269775,,,3.1143973828068894e-05,4208.354092503
15000,30720000,2.419628143310547,2.128317987918854,8.400724800652723,3.1108275854682014e-05,4212.744786698
15010,30740480,1.982061505317688,,,3.1073141431694785e-05,4220.26702543
15020,30760960,2.1968564987182617,,,3.1038570706988e-05,4222.591466879
15030,30781440,2.093963146209717,,,3.1004563826069895e-05,4224.93161747
15040,30801920,2.164031982421875,,,3.097112093207545e-05,4227.522833423
15050,30822400,2.080306053161621,,,3.093824216576584e-05,4229.801327417
15060,30842880,2.0758466720581055,,,3.0905927665527826e-05,4232.407703315
15070,30863360,2.002715587615967,,,3.087417756737319e-05,4234.975069861
15080,30883840,2.3527822494506836,,,3.084299200493811e-05,4237.55304015
15090,30904320,2.1039185523986816,,,3.081237110948264e-05,4240.000344178
15100,30924800,2.143709182739258,2.126988333463669,8.389562162365229,3.0782315009890166e-05,4244.398514289
15110,30945280,2.012577533721924,,,3.075282383266686e-05,4246.700863469
15120,30965760,2.23189115524292,,,3.072389770194108e-05,4249.025429361
15130,30986240,2.0226361751556396,,,3.0695536739462964e-05,4251.429616525
15140,31006720,2.296191692352295,,,3.066774106460384e-05,4253.759199193
15150,31027200,2.0158798694610596,,,3.0640510794355704e-05,4256.010782235
15160,31047680,2.3445699214935303,,,3.0613846043330825e-05,4258.358652502
15170,31068160,2.0930891036987305,,,3.058774692376112e-05,4261.188521852
15180,31088640,2.444624662399292,,,3.056221354549785e-05,4263.66597203
15190,31109120,2.2772393226623535,,,3.053724601601101e-05,4266.047232762
15200,31129600,2.0840156078338623,2.1259138107299806,8.380552228652283,3.051284444038896e-05,4270.253998855
15210,31150080,2.460292339324951,,,3.0489008921337965e-05,4272.629657457
15220,31170560,2.14909291267395,,,3.0465739559181728e-05,4275.198657236
15230,31191040,2.178896427154541,,,3.0443036451861044e-05,4277.621851328
15240,31211520,1.9554182291030884,,,3.0420899694933293e-05,4280.035875128
15250,31232000,2.4780192375183105,,,3.0399329381572105e-05,4282.544415467
15260,31252480,2.3401713371276855,,,3.0378325602566962e-05,4284.952746975
15270,31272960,2.1734201908111572,,,3.035788844632279e-05,4287.223423345
15280,31293440,2.4505252838134766,,,3.0338017998859595e-05,4289.566770248
15290,31313920,2.1440930366516113,,,3.031871434381212e-05,4292.054457126
15300,31334400,2.330265522003174,2.1243722796440125,8.367643299188574,3.029997756242944e-05,4296.721819025
15310,31354880,2.0687451362609863,,,3.0281807733574728e-05,4299.009487845
15320,31375360,2.2357025146484375,,,3.0264204933724786e-05,4301.360975847
15330,31395840,2.2270803451538086,,,3.0247169236969802e-05,4303.909510723
15340,31416320,2.1585745811462402,,,3.0230700715013083e-05,4306.655549811
15350,31436800,2.338771104812622,,,3.0214799437170622e-05,4309.084019921
15360,31457280,2.357602596282959,,,3.0199465470370916e-05,4311.552771682
15370,31477760,2.230959415435791,,,3.018469887915467e-05,4313.984662966
15380,31498240,2.158308506011963,,,3.0170499725674447e-05,4316.492559197
15390,31518720,2.097320079803467,,,3.015686806969452e-05,4319.001599763
15400,31539200,2.0196456909179688,2.1237988650798796,8.362846546048837,3.0143803968590526e-05,4323.46279529
15410,31559680,2.0207736492156982,,,3.0131307477349307e-05,4325.898785438
15420,31580160,2.286231279373169,,,3.0119378648568576e-05,4328.376399461
15430,31600640,2.043163537979126,,,3.0108017532456807e-05,4330.915034652
15440,31621120,2.173839807510376,,,3.0097224176832943e-05,4333.797609372
15450,31641600,1.9051393270492554,,,3.0086998627126223e-05,4336.427171467
15460,31662080,2.1260781288146973,,,3.0077340926376e-05,4338.895410252
15470,31682560,2.087498188018799,,,3.006825111523155e-05,4341.594515208
15480,31703040,1.9600520133972168,,,3.005972923195188e-05,4344.262751402
15490,31723520,2.1017534732818604,,,3.0051775312405627e-05,4347.27494321
15500,31744000,2.0641095638275146,2.1227534234523775,8.354108246632043,3.0044389390070846e-05,4351.832652935
15510,31764480,1.9766168594360352,,,3.0037571496034863e-05,4357.191175934
15520,31784960,2.1161160469055176,,,3.0031321658994234e-05,4359.563791273
15530,31805440,2.1390538215637207,,,3.002563990525452e-05,4361.911020442
15540,31825920,2.183114528656006,,,3.0020526258730215e-05,4364.246592154
15550,31846400,1.9402127265930176,,,3.0015980740944677e-05,4366.536159648
15560,31866880,2.2803754806518555,,,3.0012003371029974e-05,4369.100005869
15570,31887360,2.3196492195129395,,,3.000859416572688e-05,4371.768221777
15580,31907840,2.1204757690429688,,,3.0005753139384755e-05,4374.21790624
15590,31928320,2.2108540534973145,,,3.000348030396145e-05,4376.592021614
15600,31948800,2.099059581756592,2.12178812623024,8.346047940069782,3.0001775669023345e-05,4381.353208265
15610,31969280,2.2029974460601807,,,3.0000639241745262e-05,4383.871597478
15620,31989760,1.8944369554519653,,,3.0000071026910404e-05,4386.266219914
15625,32000000,2.437755823135376,2.1222244024276735,8.349689916524726,3e-05,4388.949998324
