2026-09-30 22:13:57,268 16m_32mtoken: parameters=15351168, target steps=15625, processed tokens=32000000, resume step=0
2026-09-30 22:13:57,442 step=1 train=9.21034 val=None lr=9.61538e-07
2026-09-30 22:13:58,153 step=10 train=9.21034 val=None lr=9.61538e-06
2026-09-30 22:13:58,892 step=20 train=9.21032 val=None lr=1.92308e-05
2026-09-30 22:13:59,645 step=30 train=9.21029 val=None lr=2.88462e-05
2026-09-30 22:14:00,474 step=40 train=9.21023 val=None lr=3.84615e-05
2026-09-30 22:14:01,414 step=50 train=9.21014 val=None lr=4.80769e-05
2026-09-30 22:14:02,283 step=60 train=9.20997 val=None lr=5.76923e-05
2026-09-30 22:14:03,029 step=70 train=9.20968 val=None lr=6.73077e-05
2026-09-30 22:14:03,797 step=80 train=9.20930 val=None lr=7.69231e-05
2026-09-30 22:14:04,568 step=90 train=9.20878 val=None lr=8.65385e-05
2026-09-30 22:14:06,060 step=100 train=9.20780 val=9.20772671699524 lr=9.61538e-05
2026-09-30 22:14:06,856 step=110 train=9.20662 val=None lr=0.000105769
2026-09-30 22:14:07,591 step=120 train=9.20491 val=None lr=0.000115385
2026-09-30 22:14:08,283 step=130 train=9.20288 val=None lr=0.000125
2026-09-30 22:14:09,104 step=140 train=9.20054 val=None lr=0.000134615
2026-09-30 22:14:09,942 step=150 train=9.19659 val=None lr=0.000144231
2026-09-30 22:14:08,325 step=160 train=9.19234 val=None lr=0.000153846
2026-09-30 22:14:09,144 step=170 train=9.18778 val=None lr=0.000163462
2026-09-30 22:14:09,859 step=180 train=9.17315 val=None lr=0.000173077
2026-09-30 22:14:10,587 step=190 train=9.15611 val=None lr=0.000182692
2026-09-30 22:14:11,909 step=200 train=9.12158 val=9.11895227432251 lr=0.000192308
2026-09-30 22:14:12,902 step=210 train=9.06876 val=None lr=0.000201923
2026-09-30 22:14:13,659 step=220 train=9.01025 val=None lr=0.000211538
2026-09-30 22:14:14,358 step=230 train=8.95912 val=None lr=0.000221154
2026-09-30 22:14:15,193 step=240 train=8.89155 val=None lr=0.000230769
2026-09-30 22:14:16,100 step=250 train=8.82459 val=None lr=0.000240385
2026-09-30 22:14:16,814 step=260 train=8.73583 val=None lr=0.00025
2026-09-30 22:14:17,495 step=270 train=8.64684 val=None lr=0.000259615
2026-09-30 22:14:18,271 step=280 train=8.56172 val=None lr=0.000269231
2026-09-30 22:14:19,016 step=290 train=8.44173 val=None lr=0.000278846
2026-09-30 22:14:20,332 step=300 train=8.29850 val=8.299569511413575 lr=0.000288462
2026-09-30 22:14:21,032 step=310 train=8.17241 val=None lr=0.000298077
2026-09-30 22:14:21,850 step=320 train=8.03587 val=None lr=0.0003
2026-09-30 22:14:22,639 step=330 train=7.93999 val=None lr=0.000299999
2026-09-30 22:14:23,335 step=340 train=7.77568 val=None lr=0.000299998
2026-09-30 22:14:24,118 step=350 train=7.60381 val=None lr=0.000299996
2026-09-30 22:14:24,824 step=360 train=7.41270 val=None lr=0.000299993
2026-09-30 22:14:25,543 step=370 train=7.33627 val=None lr=0.00029999
2026-09-30 22:14:26,376 step=380 train=7.19611 val=None lr=0.000299987
2026-09-30 22:14:27,077 step=390 train=7.03636 val=None lr=0.000299983
2026-09-30 22:14:28,424 step=400 train=6.81077 val=6.861221218109131 lr=0.000299978
2026-09-30 22:14:29,114 step=410 train=6.81013 val=None lr=0.000299973
2026-09-30 22:14:29,863 step=420 train=6.70288 val=None lr=0.000299967
2026-09-30 22:14:30,621 step=430 train=6.52591 val=None lr=0.00029996
2026-09-30 22:14:31,430 step=440 train=6.35713 val=None lr=0.000299953
2026-09-30 22:14:32,161 step=450 train=6.26145 val=None lr=0.000299946
2026-09-30 22:14:32,888 step=460 train=6.28416 val=None lr=0.000299938
2026-09-30 22:14:33,587 step=470 train=6.21516 val=None lr=0.000299929
2026-09-30 22:14:34,375 step=480 train=6.13253 val=None lr=0.00029992
2026-09-30 22:14:35,008 step=490 train=6.07326 val=None lr=0.00029991
2026-09-30 22:14:36,321 step=500 train=5.88643 val=5.920152235031128 lr=0.0002999
2026-09-30 22:14:37,658 step=510 train=5.97428 val=None lr=0.000299889
2026-09-30 22:14:38,342 step=520 train=5.72481 val=None lr=0.000299877
2026-09-30 22:14:39,102 step=530 train=5.83785 val=None lr=0.000299865
2026-09-30 22:14:39,810 step=540 train=5.66352 val=None lr=0.000299852
2026-09-30 22:14:40,590 step=550 train=5.85859 val=None lr=0.000299839
2026-09-30 22:14:38,895 step=560 train=5.60460 val=None lr=0.000299825
2026-09-30 22:14:39,622 step=570 train=5.68244 val=None lr=0.000299811
2026-09-30 22:14:40,587 step=580 train=5.60175 val=None lr=0.000299796
2026-09-30 22:14:41,397 step=590 train=5.59936 val=None lr=0.00029978
2026-09-30 22:14:42,815 step=600 train=5.52844 val=5.488751411437988 lr=0.000299764
2026-09-30 22:14:43,514 step=610 train=5.50984 val=None lr=0.000299748
2026-09-30 22:14:44,225 step=620 train=5.30619 val=None lr=0.000299731
2026-09-30 22:14:44,994 step=630 train=5.43161 val=None lr=0.000299713
2026-09-30 22:14:45,675 step=640 train=5.30177 val=None lr=0.000299694
2026-09-30 22:14:46,444 step=650 train=5.47391 val=None lr=0.000299676
2026-09-30 22:14:47,227 step=660 train=5.31354 val=None lr=0.000299656
2026-09-30 22:14:47,933 step=670 train=5.34322 val=None lr=0.000299636
2026-09-30 22:14:48,641 step=680 train=5.17547 val=None lr=0.000299615
2026-09-30 22:14:49,347 step=690 train=5.30968 val=None lr=0.000299594
2026-09-30 22:14:50,616 step=700 train=4.96548 val=5.044243717193604 lr=0.000299573
2026-09-30 22:14:51,304 step=710 train=4.94435 val=None lr=0.00029955
2026-09-30 22:14:52,017 step=720 train=5.00597 val=None lr=0.000299527
2026-09-30 22:14:52,854 step=730 train=5.04046 val=None lr=0.000299504
2026-09-30 22:14:53,518 step=740 train=4.74659 val=None lr=0.00029948
2026-09-30 22:14:54,234 step=750 train=4.99907 val=None lr=0.000299455
2026-09-30 22:14:55,010 step=760 train=4.77036 val=None lr=0.00029943
2026-09-30 22:14:55,732 step=770 train=4.74215 val=None lr=0.000299404
2026-09-30 22:14:56,528 step=780 train=4.83390 val=None lr=0.000299378
2026-09-30 22:14:57,253 step=790 train=4.84469 val=None lr=0.000299351
2026-09-30 22:14:58,827 step=800 train=4.87739 val=4.6461122035980225 lr=0.000299324
2026-09-30 22:14:59,591 step=810 train=4.68929 val=None lr=0.000299296
2026-09-30 22:15:00,459 step=820 train=4.76305 val=None lr=0.000299267
2026-09-30 22:15:01,291 step=830 train=4.47959 val=None lr=0.000299238
2026-09-30 22:15:02,175 step=840 train=4.76224 val=None lr=0.000299209
2026-09-30 22:15:02,945 step=850 train=4.55748 val=None lr=0.000299179
2026-09-30 22:15:03,642 step=860 train=4.52824 val=None lr=0.000299148
2026-09-30 22:15:04,384 step=870 train=4.55988 val=None lr=0.000299116
2026-09-30 22:15:05,170 step=880 train=4.38090 val=None lr=0.000299084
2026-09-30 22:15:05,947 step=890 train=4.55129 val=None lr=0.000299052
2026-09-30 22:15:07,286 step=900 train=4.56342 val=4.36589822769165 lr=0.000299019
2026-09-30 22:15:08,309 step=910 train=4.32474 val=None lr=0.000298985
2026-09-30 22:15:09,029 step=920 train=4.45307 val=None lr=0.000298951
2026-09-30 22:15:09,669 step=930 train=4.37723 val=None lr=0.000298916
2026-09-30 22:15:10,419 step=940 train=4.16455 val=None lr=0.000298881
2026-09-30 22:15:08,772 step=950 train=4.17750 val=None lr=0.000298845
2026-09-30 22:15:09,598 step=960 train=4.21848 val=None lr=0.000298809
2026-09-30 22:15:10,517 step=970 train=4.51413 val=None lr=0.000298772
2026-09-30 22:15:11,222 step=980 train=4.41099 val=None lr=0.000298734
2026-09-30 22:15:12,203 step=990 train=4.19705 val=None lr=0.000298696
2026-09-30 22:15:13,524 step=1000 train=4.19599 val=4.201340246200561 lr=0.000298657
2026-09-30 22:15:14,843 step=1010 train=4.30758 val=None lr=0.000298618
2026-09-30 22:15:15,630 step=1020 train=4.50946 val=None lr=0.000298578
2026-09-30 22:15:16,320 step=1030 train=4.09187 val=None lr=0.000298538
2026-09-30 22:15:17,023 step=1040 train=4.06874 val=None lr=0.000298497
2026-09-30 22:15:17,764 step=1050 train=4.04683 val=None lr=0.000298456
2026-09-30 22:15:18,414 step=1060 train=3.85935 val=None lr=0.000298414
2026-09-30 22:15:19,118 step=1070 train=3.99007 val=None lr=0.000298371
2026-09-30 22:15:19,795 step=1080 train=3.91877 val=None lr=0.000298328
2026-09-30 22:15:20,468 step=1090 train=4.31670 val=None lr=0.000298284
2026-09-30 22:15:21,795 step=1100 train=4.00484 val=4.093896496295929 lr=0.00029824
2026-09-30 22:15:22,610 step=1110 train=4.36420 val=None lr=0.000298195
2026-09-30 22:15:23,298 step=1120 train=4.06501 val=None lr=0.000298149
2026-09-30 22:15:24,058 step=1130 train=4.04584 val=None lr=0.000298103
2026-09-30 22:15:25,010 step=1140 train=4.17714 val=None lr=0.000298057
2026-09-30 22:15:25,820 step=1150 train=4.11049 val=None lr=0.00029801
2026-09-30 22:15:26,479 step=1160 train=4.26060 val=None lr=0.000297962
2026-09-30 22:15:27,184 step=1170 train=4.09779 val=None lr=0.000297914
2026-09-30 22:15:28,126 step=1180 train=4.12361 val=None lr=0.000297865
2026-09-30 22:15:28,891 step=1190 train=3.94333 val=None lr=0.000297816
2026-09-30 22:15:30,507 step=1200 train=4.25303 val=4.022185599803924 lr=0.000297766
2026-09-30 22:15:31,341 step=1210 train=4.28901 val=None lr=0.000297715
2026-09-30 22:15:32,076 step=1220 train=4.27713 val=None lr=0.000297664
2026-09-30 22:15:33,038 step=1230 train=4.19883 val=None lr=0.000297613
2026-09-30 22:15:33,717 step=1240 train=4.11549 val=None lr=0.000297561
2026-09-30 22:15:34,658 step=1250 train=3.91502 val=None lr=0.000297508
2026-09-30 22:15:35,430 step=1260 train=3.80800 val=None lr=0.000297455
2026-09-30 22:15:36,220 step=1270 train=3.91566 val=None lr=0.000297401
2026-09-30 22:15:36,939 step=1280 train=3.97061 val=None lr=0.000297347
2026-09-30 22:15:37,620 step=1290 train=3.98861 val=None lr=0.000297292
2026-09-30 22:15:38,940 step=1300 train=3.95957 val=3.9668485522270203 lr=0.000297236
2026-09-30 22:15:39,657 step=1310 train=3.95871 val=None lr=0.00029718
2026-09-30 22:15:40,330 step=1320 train=4.20370 val=None lr=0.000297124
2026-09-30 22:15:38,666 step=1330 train=4.11922 val=None lr=0.000297066
2026-09-30 22:15:39,434 step=1340 train=3.97693 val=None lr=0.000297009
2026-09-30 22:15:40,175 step=1350 train=3.75096 val=None lr=0.00029695
2026-09-30 22:15:40,919 step=1360 train=3.89074 val=None lr=0.000296892
2026-09-30 22:15:41,607 step=1370 train=3.94562 val=None lr=0.000296832
2026-09-30 22:15:42,306 step=1380 train=3.97428 val=None lr=0.000296772
2026-09-30 22:15:43,222 step=1390 train=3.95118 val=None lr=0.000296712
2026-09-30 22:15:44,539 step=1400 train=4.02372 val=3.929968273639679 lr=0.000296651
2026-09-30 22:15:45,379 step=1410 train=3.94282 val=None lr=0.000296589
2026-09-30 22:15:46,214 step=1420 train=3.84924 val=None lr=0.000296527
2026-09-30 22:15:46,981 step=1430 train=3.96067 val=None lr=0.000296464
2026-09-30 22:15:47,684 step=1440 train=3.94544 val=None lr=0.000296401
2026-09-30 22:15:48,389 step=1450 train=4.00513 val=None lr=0.000296337
2026-09-30 22:15:49,071 step=1460 train=3.91931 val=None lr=0.000296273
2026-09-30 22:15:49,792 step=1470 train=3.87117 val=None lr=0.000296208
2026-09-30 22:15:50,537 step=1480 train=3.83611 val=None lr=0.000296143
2026-09-30 22:15:51,317 step=1490 train=3.93743 val=None lr=0.000296077
2026-09-30 22:15:52,833 step=1500 train=4.04095 val=3.8980595469474792 lr=0.00029601
2026-09-30 22:15:54,317 step=1510 train=4.07910 val=None lr=0.000295943
2026-09-30 22:15:55,050 step=1520 train=3.92012 val=None lr=0.000295875
2026-09-30 22:15:55,966 step=1530 train=3.98461 val=None lr=0.000295807
2026-09-30 22:15:56,913 step=1540 train=3.96624 val=None lr=0.000295738
2026-09-30 22:15:57,650 step=1550 train=3.72769 val=None lr=0.000295669
2026-09-30 22:15:58,455 step=1560 train=3.63455 val=None lr=0.000295599
2026-09-30 22:15:59,307 step=1570 train=4.34583 val=None lr=0.000295529
2026-09-30 22:16:00,229 step=1580 train=3.79424 val=None lr=0.000295458
2026-09-30 22:16:00,921 step=1590 train=3.99578 val=None lr=0.000295386
2026-09-30 22:16:02,155 step=1600 train=3.81015 val=3.8546786665916444 lr=0.000295314
2026-09-30 22:16:02,943 step=1610 train=3.94143 val=None lr=0.000295242
2026-09-30 22:16:03,836 step=1620 train=3.77524 val=None lr=0.000295168
2026-09-30 22:16:04,708 step=1630 train=3.56332 val=None lr=0.000295095
2026-09-30 22:16:05,445 step=1640 train=3.57821 val=None lr=0.00029502
2026-09-30 22:16:06,258 step=1650 train=4.07115 val=None lr=0.000294946
2026-09-30 22:16:06,921 step=1660 train=3.83430 val=None lr=0.00029487
2026-09-30 22:16:07,761 step=1670 train=3.88661 val=None lr=0.000294794
2026-09-30 22:16:08,573 step=1680 train=3.96578 val=None lr=0.000294718
2026-09-30 22:16:09,322 step=1690 train=3.94386 val=None lr=0.000294641
2026-09-30 22:16:10,527 step=1700 train=3.95283 val=3.8089988827705383 lr=0.000294563
2026-09-30 22:16:08,723 step=1710 train=3.85025 val=None lr=0.000294485
2026-09-30 22:16:09,433 step=1720 train=3.60570 val=None lr=0.000294407
2026-09-30 22:16:10,360 step=1730 train=3.87540 val=None lr=0.000294328
2026-09-30 22:16:11,139 step=1740 train=3.78421 val=None lr=0.000294248
2026-09-30 22:16:11,826 step=1750 train=3.99065 val=None lr=0.000294168
2026-09-30 22:16:12,540 step=1760 train=3.96451 val=None lr=0.000294087
2026-09-30 22:16:13,378 step=1770 train=3.81039 val=None lr=0.000294005
2026-09-30 22:16:14,128 step=1780 train=4.07672 val=None lr=0.000293924
2026-09-30 22:16:14,766 step=1790 train=3.90996 val=None lr=0.000293841
2026-09-30 22:16:16,041 step=1800 train=3.92669 val=3.760070788860321 lr=0.000293758
2026-09-30 22:16:17,196 step=1810 train=3.94209 val=None lr=0.000293675
2026-09-30 22:16:17,938 step=1820 train=4.03557 val=None lr=0.000293591
2026-09-30 22:16:18,710 step=1830 train=3.52629 val=None lr=0.000293506
2026-09-30 22:16:19,416 step=1840 train=3.75048 val=None lr=0.000293421
2026-09-30 22:16:20,180 step=1850 train=3.59484 val=None lr=0.000293335
2026-09-30 22:16:20,953 step=1860 train=3.75198 val=None lr=0.000293249
2026-09-30 22:16:21,715 step=1870 train=3.49352 val=None lr=0.000293162
2026-09-30 22:16:22,497 step=1880 train=3.77334 val=None lr=0.000293075
2026-09-30 22:16:23,297 step=1890 train=4.09918 val=None lr=0.000292987
2026-09-30 22:16:24,512 step=1900 train=3.52011 val=3.6864107489585876 lr=0.000292899
2026-09-30 22:16:25,292 step=1910 train=3.84455 val=None lr=0.00029281
2026-09-30 22:16:26,198 step=1920 train=3.56479 val=None lr=0.00029272
2026-09-30 22:16:26,885 step=1930 train=3.74577 val=None lr=0.00029263
2026-09-30 22:16:27,755 step=1940 train=3.78467 val=None lr=0.00029254
2026-09-30 22:16:28,605 step=1950 train=3.59109 val=None lr=0.000292449
2026-09-30 22:16:29,285 step=1960 train=3.86064 val=None lr=0.000292357
2026-09-30 22:16:30,068 step=1970 train=3.71833 val=None lr=0.000292265
2026-09-30 22:16:30,725 step=1980 train=3.75485 val=None lr=0.000292172
2026-09-30 22:16:31,450 step=1990 train=3.38212 val=None lr=0.000292079
2026-09-30 22:16:33,213 step=2000 train=3.81472 val=3.627066695690155 lr=0.000291985
2026-09-30 22:16:34,493 step=2010 train=3.72686 val=None lr=0.000291891
2026-09-30 22:16:35,200 step=2020 train=3.60912 val=None lr=0.000291796
2026-09-30 22:16:35,853 step=2030 train=3.49224 val=None lr=0.000291701
2026-09-30 22:16:36,526 step=2040 train=3.77609 val=None lr=0.000291605
2026-09-30 22:16:37,236 step=2050 train=3.73126 val=None lr=0.000291509
2026-09-30 22:16:38,080 step=2060 train=3.57014 val=None lr=0.000291412
2026-09-30 22:16:38,860 step=2070 train=3.72859 val=None lr=0.000291314
2026-09-30 22:16:39,774 step=2080 train=3.67320 val=None lr=0.000291216
2026-09-30 22:16:40,599 step=2090 train=3.53626 val=None lr=0.000291118
2026-09-30 22:16:39,540 step=2100 train=3.57802 val=3.5770448207855225 lr=0.000291019
2026-09-30 22:16:40,304 step=2110 train=3.71865 val=None lr=0.000290919
2026-09-30 22:16:41,072 step=2120 train=3.47396 val=None lr=0.000290819
2026-09-30 22:16:41,895 step=2130 train=3.54963 val=None lr=0.000290718
2026-09-30 22:16:42,663 step=2140 train=3.41251 val=None lr=0.000290617
2026-09-30 22:16:43,374 step=2150 train=3.19768 val=None lr=0.000290515
2026-09-30 22:16:44,054 step=2160 train=3.75326 val=None lr=0.000290413
2026-09-30 22:16:44,729 step=2170 train=3.47498 val=None lr=0.00029031
2026-09-30 22:16:45,392 step=2180 train=3.62127 val=None lr=0.000290207
2026-09-30 22:16:46,130 step=2190 train=3.67256 val=None lr=0.000290103
2026-09-30 22:16:47,391 step=2200 train=3.42978 val=3.5354878187179564 lr=0.000289999
2026-09-30 22:16:48,142 step=2210 train=3.51660 val=None lr=0.000289894
2026-09-30 22:16:48,831 step=2220 train=3.61364 val=None lr=0.000289789
2026-09-30 22:16:49,510 step=2230 train=3.69485 val=None lr=0.000289683
2026-09-30 22:16:50,264 step=2240 train=3.56895 val=None lr=0.000289576
2026-09-30 22:16:51,099 step=2250 train=3.54922 val=None lr=0.000289469
2026-09-30 22:16:51,771 step=2260 train=3.41084 val=None lr=0.000289362
2026-09-30 22:16:52,695 step=2270 train=3.70651 val=None lr=0.000289254
2026-09-30 22:16:53,445 step=2280 train=3.50497 val=None lr=0.000289145
2026-09-30 22:16:54,335 step=2290 train=3.43938 val=None lr=0.000289036
2026-09-30 22:16:55,545 step=2300 train=3.56753 val=3.4938703417778014 lr=0.000288926
2026-09-30 22:16:56,339 step=2310 train=3.42819 val=None lr=0.000288816
2026-09-30 22:16:57,136 step=2320 train=3.91666 val=None lr=0.000288706
2026-09-30 22:16:57,910 step=2330 train=3.63463 val=None lr=0.000288595
2026-09-30 22:16:58,648 step=2340 train=3.33670 val=None lr=0.000288483
2026-09-30 22:16:59,311 step=2350 train=3.57033 val=None lr=0.000288371
2026-09-30 22:17:00,141 step=2360 train=3.65766 val=None lr=0.000288258
2026-09-30 22:17:00,910 step=2370 train=3.38361 val=None lr=0.000288145
2026-09-30 22:17:01,578 step=2380 train=3.66533 val=None lr=0.000288031
2026-09-30 22:17:02,295 step=2390 train=3.60851 val=None lr=0.000287917
2026-09-30 22:17:03,635 step=2400 train=3.43881 val=3.4576337814331053 lr=0.000287802
2026-09-30 22:17:04,408 step=2410 train=3.63419 val=None lr=0.000287687
2026-09-30 22:17:05,150 step=2420 train=3.36118 val=None lr=0.000287571
2026-09-30 22:17:05,864 step=2430 train=3.44864 val=None lr=0.000287454
2026-09-30 22:17:06,655 step=2440 train=3.57818 val=None lr=0.000287338
2026-09-30 22:17:07,407 step=2450 train=3.71079 val=None lr=0.00028722
2026-09-30 22:17:08,054 step=2460 train=3.26354 val=None lr=0.000287102
2026-09-30 22:17:08,693 step=2470 train=3.30778 val=None lr=0.000286984
2026-09-30 22:17:09,510 step=2480 train=3.60086 val=None lr=0.000286865
2026-09-30 22:17:10,181 step=2490 train=3.48423 val=None lr=0.000286746
2026-09-30 22:17:08,984 step=2500 train=3.48790 val=3.4308289885520935 lr=0.000286626
2026-09-30 22:17:10,255 step=2510 train=3.64454 val=None lr=0.000286505
2026-09-30 22:17:11,006 step=2520 train=3.68805 val=None lr=0.000286384
2026-09-30 22:17:11,742 step=2530 train=3.34949 val=None lr=0.000286263
2026-09-30 22:17:12,597 step=2540 train=3.25579 val=None lr=0.000286141
2026-09-30 22:17:13,273 step=2550 train=3.47468 val=None lr=0.000286018
2026-09-30 22:17:13,959 step=2560 train=3.22725 val=None lr=0.000285895
2026-09-30 22:17:14,645 step=2570 train=3.43647 val=None lr=0.000285772
2026-09-30 22:17:15,349 step=2580 train=3.22244 val=None lr=0.000285648
2026-09-30 22:17:15,997 step=2590 train=3.46854 val=None lr=0.000285523
2026-09-30 22:17:17,360 step=2600 train=3.44544 val=3.403972315788269 lr=0.000285398
2026-09-30 22:17:18,019 step=2610 train=3.60769 val=None lr=0.000285273
2026-09-30 22:17:18,732 step=2620 train=3.47405 val=None lr=0.000285147
2026-09-30 22:17:19,488 step=2630 train=3.61000 val=None lr=0.00028502
2026-09-30 22:17:20,125 step=2640 train=3.29810 val=None lr=0.000284893
2026-09-30 22:17:20,797 step=2650 train=3.33669 val=None lr=0.000284765
2026-09-30 22:17:21,459 step=2660 train=3.62274 val=None lr=0.000284637
2026-09-30 22:17:22,250 step=2670 train=3.28953 val=None lr=0.000284509
2026-09-30 22:17:23,055 step=2680 train=3.57201 val=None lr=0.00028438
2026-09-30 22:17:23,784 step=2690 train=3.72222 val=None lr=0.00028425
2026-09-30 22:17:25,177 step=2700 train=3.60202 val=3.3728054404258727 lr=0.00028412
2026-09-30 22:17:25,931 step=2710 train=3.67460 val=None lr=0.00028399
2026-09-30 22:17:26,726 step=2720 train=3.56420 val=None lr=0.000283858
2026-09-30 22:17:27,478 step=2730 train=3.28469 val=None lr=0.000283727
2026-09-30 22:17:28,280 step=2740 train=3.30455 val=None lr=0.000283595
2026-09-30 22:17:28,960 step=2750 train=3.54580 val=None lr=0.000283462
2026-09-30 22:17:29,879 step=2760 train=3.51184 val=None lr=0.000283329
2026-09-30 22:17:30,570 step=2770 train=3.52952 val=None lr=0.000283196
2026-09-30 22:17:31,587 step=2780 train=3.43952 val=None lr=0.000283061
2026-09-30 22:17:32,609 step=2790 train=3.30996 val=None lr=0.000282927
2026-09-30 22:17:33,746 step=2800 train=3.33967 val=3.3464829087257386 lr=0.000282792
2026-09-30 22:17:34,508 step=2810 train=3.35612 val=None lr=0.000282656
2026-09-30 22:17:35,216 step=2820 train=3.32923 val=None lr=0.00028252
2026-09-30 22:17:35,912 step=2830 train=3.39480 val=None lr=0.000282384
2026-09-30 22:17:36,575 step=2840 train=3.45522 val=None lr=0.000282247
2026-09-30 22:17:37,398 step=2850 train=3.28796 val=None lr=0.000282109
2026-09-30 22:17:38,102 step=2860 train=3.43542 val=None lr=0.000281971
2026-09-30 22:17:38,797 step=2870 train=3.35983 val=None lr=0.000281833
2026-09-30 22:17:39,568 step=2880 train=3.20035 val=None lr=0.000281694
2026-09-30 22:17:40,339 step=2890 train=3.73921 val=None lr=0.000281554
2026-09-30 22:17:39,154 step=2900 train=3.55360 val=3.316676139831543 lr=0.000281414
2026-09-30 22:17:39,809 step=2910 train=3.38958 val=None lr=0.000281274
2026-09-30 22:17:40,601 step=2920 train=3.36017 val=None lr=0.000281133
2026-09-30 22:17:41,524 step=2930 train=3.21334 val=None lr=0.000280991
2026-09-30 22:17:42,273 step=2940 train=3.56663 val=None lr=0.000280849
2026-09-30 22:17:43,082 step=2950 train=3.36411 val=None lr=0.000280707
2026-09-30 22:17:43,870 step=2960 train=3.55268 val=None lr=0.000280564
2026-09-30 22:17:44,697 step=2970 train=3.67425 val=None lr=0.00028042
2026-09-30 22:17:45,519 step=2980 train=3.33909 val=None lr=0.000280276
2026-09-30 22:17:46,327 step=2990 train=3.07484 val=None lr=0.000280132
2026-09-30 22:17:47,549 step=3000 train=3.65471 val=3.2944178342819215 lr=0.000279987
2026-09-30 22:17:48,840 step=3010 train=3.22213 val=None lr=0.000279842
2026-09-30 22:17:49,665 step=3020 train=3.50452 val=None lr=0.000279696
2026-09-30 22:17:50,321 step=3030 train=3.15838 val=None lr=0.00027955
2026-09-30 22:17:51,047 step=3040 train=3.28093 val=None lr=0.000279403
2026-09-30 22:17:51,862 step=3050 train=3.58486 val=None lr=0.000279256
2026-09-30 22:17:52,708 step=3060 train=3.33286 val=None lr=0.000279108
2026-09-30 22:17:53,513 step=3070 train=3.18094 val=None lr=0.00027896
2026-09-30 22:17:54,432 step=3080 train=3.24579 val=None lr=0.000278811
2026-09-30 22:17:55,228 step=3090 train=3.20020 val=None lr=0.000278662
2026-09-30 22:17:56,680 step=3100 train=3.25678 val=3.2634366154670715 lr=0.000278512
2026-09-30 22:17:57,417 step=3110 train=3.51641 val=None lr=0.000278362
2026-09-30 22:17:58,187 step=3120 train=3.12538 val=None lr=0.000278211
2026-09-30 22:17:59,060 step=3130 train=3.46163 val=None lr=0.00027806
2026-09-30 22:17:59,738 step=3140 train=3.23323 val=None lr=0.000277909
2026-09-30 22:18:00,509 step=3150 train=3.45652 val=None lr=0.000277756
2026-09-30 22:18:01,206 step=3160 train=3.35044 val=None lr=0.000277604
2026-09-30 22:18:01,958 step=3170 train=3.27098 val=None lr=0.000277451
2026-09-30 22:18:02,607 step=3180 train=3.38567 val=None lr=0.000277297
2026-09-30 22:18:03,393 step=3190 train=3.44757 val=None lr=0.000277143
2026-09-30 22:18:04,828 step=3200 train=3.32799 val=3.233051872253418 lr=0.000276989
2026-09-30 22:18:05,541 step=3210 train=3.18294 val=None lr=0.000276834
2026-09-30 22:18:06,281 step=3220 train=3.26394 val=None lr=0.000276679
2026-09-30 22:18:07,019 step=3230 train=3.13813 val=None lr=0.000276523
2026-09-30 22:18:07,909 step=3240 train=3.25416 val=None lr=0.000276367
2026-09-30 22:18:08,684 step=3250 train=3.31956 val=None lr=0.00027621
2026-09-30 22:18:09,441 step=3260 train=3.09647 val=None lr=0.000276053
2026-09-30 22:18:10,100 step=3270 train=3.24337 val=None lr=0.000275895
2026-09-30 22:18:10,843 step=3280 train=3.26207 val=None lr=0.000275737
2026-09-30 22:18:09,126 step=3290 train=3.45476 val=None lr=0.000275578
2026-09-30 22:18:10,288 step=3300 train=3.44758 val=3.2043151021003724 lr=0.000275419
2026-09-30 22:18:11,000 step=3310 train=3.36614 val=None lr=0.000275259
2026-09-30 22:18:11,738 step=3320 train=3.21378 val=None lr=0.000275099
2026-09-30 22:18:12,434 step=3330 train=3.08925 val=None lr=0.000274939
2026-09-30 22:18:13,218 step=3340 train=3.21584 val=None lr=0.000274778
2026-09-30 22:18:14,033 step=3350 train=3.25766 val=None lr=0.000274616
2026-09-30 22:18:14,880 step=3360 train=3.15165 val=None lr=0.000274454
2026-09-30 22:18:15,624 step=3370 train=3.26873 val=None lr=0.000274292
2026-09-30 22:18:16,334 step=3380 train=3.07131 val=None lr=0.000274129
2026-09-30 22:18:17,072 step=3390 train=3.06250 val=None lr=0.000273966
2026-09-30 22:18:18,443 step=3400 train=3.15672 val=3.1803427577018737 lr=0.000273802
2026-09-30 22:18:19,178 step=3410 train=3.33085 val=None lr=0.000273638
2026-09-30 22:18:19,970 step=3420 train=3.55643 val=None lr=0.000273473
2026-09-30 22:18:20,659 step=3430 train=3.35653 val=None lr=0.000273308
2026-09-30 22:18:21,369 step=3440 train=3.10154 val=None lr=0.000273143
2026-09-30 22:18:22,107 step=3450 train=3.23922 val=None lr=0.000272977
2026-09-30 22:18:22,808 step=3460 train=3.14132 val=None lr=0.00027281
2026-09-30 22:18:23,579 step=3470 train=3.08045 val=None lr=0.000272643
2026-09-30 22:18:24,294 step=3480 train=3.09509 val=None lr=0.000272476
2026-09-30 22:18:25,142 step=3490 train=3.18770 val=None lr=0.000272308
2026-09-30 22:18:26,505 step=3500 train=3.33099 val=3.1486828446388246 lr=0.00027214
2026-09-30 22:18:27,968 step=3510 train=3.34285 val=None lr=0.000271971
2026-09-30 22:18:28,762 step=3520 train=3.04743 val=None lr=0.000271802
2026-09-30 22:18:29,432 step=3530 train=3.12719 val=None lr=0.000271632
2026-09-30 22:18:30,158 step=3540 train=3.03907 val=None lr=0.000271462
2026-09-30 22:18:30,880 step=3550 train=3.30829 val=None lr=0.000271292
2026-09-30 22:18:31,557 step=3560 train=3.35427 val=None lr=0.000271121
2026-09-30 22:18:32,308 step=3570 train=3.18877 val=None lr=0.000270949
2026-09-30 22:18:33,039 step=3580 train=3.41844 val=None lr=0.000270778
2026-09-30 22:18:33,791 step=3590 train=3.04913 val=None lr=0.000270605
2026-09-30 22:18:35,120 step=3600 train=3.25813 val=3.131986081600189 lr=0.000270432
2026-09-30 22:18:35,833 step=3610 train=2.98051 val=None lr=0.000270259
2026-09-30 22:18:36,726 step=3620 train=3.19264 val=None lr=0.000270086
2026-09-30 22:18:37,475 step=3630 train=3.16528 val=None lr=0.000269912
2026-09-30 22:18:38,317 step=3640 train=3.27530 val=None lr=0.000269737
2026-09-30 22:18:39,012 step=3650 train=3.02069 val=None lr=0.000269562
2026-09-30 22:18:39,787 step=3660 train=3.07470 val=None lr=0.000269387
2026-09-30 22:18:40,459 step=3670 train=3.07702 val=None lr=0.000269211
2026-09-30 22:18:41,151 step=3680 train=3.21986 val=None lr=0.000269034
2026-09-30 22:18:39,452 step=3690 train=2.98943 val=None lr=0.000268858
2026-09-30 22:18:40,689 step=3700 train=3.16878 val=3.1103931665420532 lr=0.000268681
2026-09-30 22:18:41,543 step=3710 train=3.07657 val=None lr=0.000268503
2026-09-30 22:18:42,303 step=3720 train=3.23856 val=None lr=0.000268325
2026-09-30 22:18:42,996 step=3730 train=3.07654 val=None lr=0.000268146
2026-09-30 22:18:43,798 step=3740 train=3.48869 val=None lr=0.000267968
2026-09-30 22:18:44,578 step=3750 train=3.21667 val=None lr=0.000267788
2026-09-30 22:18:45,446 step=3760 train=2.97275 val=None lr=0.000267608
2026-09-30 22:18:46,316 step=3770 train=3.24999 val=None lr=0.000267428
2026-09-30 22:18:46,964 step=3780 train=2.94456 val=None lr=0.000267248
2026-09-30 22:18:47,869 step=3790 train=3.07836 val=None lr=0.000267067
2026-09-30 22:18:49,070 step=3800 train=3.35202 val=3.0858271956443786 lr=0.000266885
2026-09-30 22:18:49,943 step=3810 train=3.09095 val=None lr=0.000266703
2026-09-30 22:18:50,578 step=3820 train=3.26722 val=None lr=0.000266521
2026-09-30 22:18:51,451 step=3830 train=3.19534 val=None lr=0.000266338
2026-09-30 22:18:52,142 step=3840 train=3.03445 val=None lr=0.000266155
2026-09-30 22:18:52,862 step=3850 train=2.98220 val=None lr=0.000265971
2026-09-30 22:18:53,601 step=3860 train=3.29548 val=None lr=0.000265787
2026-09-30 22:18:54,421 step=3870 train=3.06566 val=None lr=0.000265603
2026-09-30 22:18:55,186 step=3880 train=3.20224 val=None lr=0.000265418
2026-09-30 22:18:55,914 step=3890 train=3.51952 val=None lr=0.000265232
2026-09-30 22:18:57,191 step=3900 train=3.40487 val=3.067005157470703 lr=0.000265047
2026-09-30 22:18:57,903 step=3910 train=2.98894 val=None lr=0.000264861
2026-09-30 22:18:58,725 step=3920 train=3.23536 val=None lr=0.000264674
2026-09-30 22:18:59,419 step=3930 train=3.02828 val=None lr=0.000264487
2026-09-30 22:19:00,099 step=3940 train=3.06207 val=None lr=0.0002643
2026-09-30 22:19:00,826 step=3950 train=3.01129 val=None lr=0.000264112
2026-09-30 22:19:01,551 step=3960 train=3.07433 val=None lr=0.000263923
2026-09-30 22:19:02,231 step=3970 train=2.95801 val=None lr=0.000263735
2026-09-30 22:19:02,980 step=3980 train=3.38594 val=None lr=0.000263546
2026-09-30 22:19:03,734 step=3990 train=2.85481 val=None lr=0.000263356
2026-09-30 22:19:04,979 step=4000 train=3.00190 val=3.0455018281936646 lr=0.000263166
2026-09-30 22:19:06,332 step=4010 train=3.07601 val=None lr=0.000262976
2026-09-30 22:19:07,041 step=4020 train=3.16732 val=None lr=0.000262785
2026-09-30 22:19:07,717 step=4030 train=3.28038 val=None lr=0.000262594
2026-09-30 22:19:08,596 step=4040 train=3.35247 val=None lr=0.000262402
2026-09-30 22:19:09,251 step=4050 train=2.93310 val=None lr=0.00026221
2026-09-30 22:19:10,141 step=4060 train=3.34097 val=None lr=0.000262018
2026-09-30 22:19:11,045 step=4070 train=3.11647 val=None lr=0.000261825
2026-09-30 22:19:09,428 step=4080 train=3.10829 val=None lr=0.000261632
2026-09-30 22:19:10,131 step=4090 train=3.04844 val=None lr=0.000261438
2026-09-30 22:19:11,504 step=4100 train=3.22095 val=3.032255160808563 lr=0.000261244
2026-09-30 22:19:12,220 step=4110 train=3.26570 val=None lr=0.00026105
2026-09-30 22:19:12,963 step=4120 train=2.96733 val=None lr=0.000260855
2026-09-30 22:19:13,715 step=4130 train=3.08488 val=None lr=0.00026066
2026-09-30 22:19:14,443 step=4140 train=3.07115 val=None lr=0.000260464
2026-09-30 22:19:15,336 step=4150 train=3.07135 val=None lr=0.000260268
2026-09-30 22:19:16,108 step=4160 train=2.90424 val=None lr=0.000260072
2026-09-30 22:19:16,745 step=4170 train=3.10200 val=None lr=0.000259875
2026-09-30 22:19:17,493 step=4180 train=3.15870 val=None lr=0.000259678
2026-09-30 22:19:18,162 step=4190 train=2.84530 val=None lr=0.00025948
2026-09-30 22:19:19,523 step=4200 train=3.17564 val=3.0133862257003785 lr=0.000259282
2026-09-30 22:19:20,185 step=4210 train=3.27637 val=None lr=0.000259084
2026-09-30 22:19:20,904 step=4220 train=3.07358 val=None lr=0.000258885
2026-09-30 22:19:21,655 step=4230 train=3.13496 val=None lr=0.000258686
2026-09-30 22:19:22,353 step=4240 train=3.07891 val=None lr=0.000258486
2026-09-30 22:19:23,088 step=4250 train=3.38556 val=None lr=0.000258286
2026-09-30 22:19:23,941 step=4260 train=3.11479 val=None lr=0.000258086
2026-09-30 22:19:24,550 step=4270 train=3.09929 val=None lr=0.000257885
2026-09-30 22:19:25,253 step=4280 train=3.11383 val=None lr=0.000257684
2026-09-30 22:19:25,912 step=4290 train=3.08068 val=None lr=0.000257482
2026-09-30 22:19:27,088 step=4300 train=3.07124 val=2.992434632778168 lr=0.00025728
2026-09-30 22:19:27,781 step=4310 train=3.10381 val=None lr=0.000257078
2026-09-30 22:19:28,527 step=4320 train=3.54194 val=None lr=0.000256875
2026-09-30 22:19:29,270 step=4330 train=3.11388 val=None lr=0.000256672
2026-09-30 22:19:30,019 step=4340 train=2.98830 val=None lr=0.000256468
2026-09-30 22:19:30,851 step=4350 train=3.09454 val=None lr=0.000256265
2026-09-30 22:19:31,606 step=4360 train=2.83951 val=None lr=0.00025606
2026-09-30 22:19:32,251 step=4370 train=3.08845 val=None lr=0.000255856
2026-09-30 22:19:33,039 step=4380 train=2.80416 val=None lr=0.000255651
2026-09-30 22:19:33,792 step=4390 train=3.27974 val=None lr=0.000255445
2026-09-30 22:19:35,083 step=4400 train=2.92672 val=2.977169620990753 lr=0.000255239
2026-09-30 22:19:35,841 step=4410 train=2.84150 val=None lr=0.000255033
2026-09-30 22:19:36,544 step=4420 train=2.77335 val=None lr=0.000254827
2026-09-30 22:19:37,203 step=4430 train=3.24832 val=None lr=0.00025462
2026-09-30 22:19:37,991 step=4440 train=3.15455 val=None lr=0.000254412
2026-09-30 22:19:38,823 step=4450 train=3.15403 val=None lr=0.000254205
2026-09-30 22:19:39,507 step=4460 train=2.86075 val=None lr=0.000253997
2026-09-30 22:19:40,191 step=4470 train=3.12534 val=None lr=0.000253788
2026-09-30 22:19:40,845 step=4480 train=3.08015 val=None lr=0.000253579
2026-09-30 22:19:39,127 step=4490 train=3.13668 val=None lr=0.00025337
2026-09-30 22:19:40,349 step=4500 train=2.83844 val=2.962373638153076 lr=0.00025316
2026-09-30 22:19:41,634 step=4510 train=3.01879 val=None lr=0.000252951
2026-09-30 22:19:42,346 step=4520 train=2.93385 val=None lr=0.00025274
2026-09-30 22:19:43,113 step=4530 train=3.00448 val=None lr=0.00025253
2026-09-30 22:19:43,913 step=4540 train=3.00007 val=None lr=0.000252319
2026-09-30 22:19:44,680 step=4550 train=2.73895 val=None lr=0.000252107
2026-09-30 22:19:45,357 step=4560 train=3.08380 val=None lr=0.000251895
2026-09-30 22:19:46,099 step=4570 train=3.02371 val=None lr=0.000251683
2026-09-30 22:19:46,827 step=4580 train=2.87074 val=None lr=0.000251471
2026-09-30 22:19:47,526 step=4590 train=3.01392 val=None lr=0.000251258
2026-09-30 22:19:48,726 step=4600 train=3.00699 val=2.947911059856415 lr=0.000251045
2026-09-30 22:19:49,437 step=4610 train=3.27218 val=None lr=0.000250831
2026-09-30 22:19:50,136 step=4620 train=3.03680 val=None lr=0.000250617
2026-09-30 22:19:50,819 step=4630 train=3.30769 val=None lr=0.000250403
2026-09-30 22:19:51,587 step=4640 train=3.16600 val=None lr=0.000250188
2026-09-30 22:19:52,518 step=4650 train=2.99036 val=None lr=0.000249973
2026-09-30 22:19:53,238 step=4660 train=2.89367 val=None lr=0.000249758
2026-09-30 22:19:53,917 step=4670 train=2.95402 val=None lr=0.000249542
2026-09-30 22:19:54,633 step=4680 train=3.08011 val=None lr=0.000249326
2026-09-30 22:19:55,354 step=4690 train=2.81866 val=None lr=0.000249109
2026-09-30 22:19:56,640 step=4700 train=3.12415 val=2.9394547581672668 lr=0.000248892
2026-09-30 22:19:57,322 step=4710 train=2.96866 val=None lr=0.000248675
2026-09-30 22:19:58,029 step=4720 train=2.96114 val=None lr=0.000248458
2026-09-30 22:19:58,753 step=4730 train=2.90243 val=None lr=0.00024824
2026-09-30 22:19:59,483 step=4740 train=3.25163 val=None lr=0.000248022
2026-09-30 22:20:00,368 step=4750 train=3.12330 val=None lr=0.000247803
2026-09-30 22:20:01,117 step=4760 train=2.87924 val=None lr=0.000247584
2026-09-30 22:20:01,775 step=4770 train=2.89334 val=None lr=0.000247365
2026-09-30 22:20:02,664 step=4780 train=3.26326 val=None lr=0.000247145
2026-09-30 22:20:03,402 step=4790 train=2.97229 val=None lr=0.000246925
2026-09-30 22:20:04,852 step=4800 train=3.31956 val=2.927125835418701 lr=0.000246705
2026-09-30 22:20:05,503 step=4810 train=2.94609 val=None lr=0.000246484
2026-09-30 22:20:06,203 step=4820 train=3.04006 val=None lr=0.000246263
2026-09-30 22:20:06,855 step=4830 train=2.97903 val=None lr=0.000246042
2026-09-30 22:20:07,716 step=4840 train=2.90941 val=None lr=0.00024582
2026-09-30 22:20:08,497 step=4850 train=3.11518 val=None lr=0.000245598
2026-09-30 22:20:09,395 step=4860 train=2.75750 val=None lr=0.000245376
2026-09-30 22:20:10,081 step=4870 train=2.83131 val=None lr=0.000245153
2026-09-30 22:20:10,830 step=4880 train=2.91123 val=None lr=0.00024493
2026-09-30 22:20:09,311 step=4890 train=2.84905 val=None lr=0.000244707
2026-09-30 22:20:10,516 step=4900 train=2.86933 val=2.9105924129486085 lr=0.000244483
2026-09-30 22:20:11,169 step=4910 train=3.02101 val=None lr=0.000244259
2026-09-30 22:20:12,042 step=4920 train=2.96194 val=None lr=0.000244035
2026-09-30 22:20:12,807 step=4930 train=3.12209 val=None lr=0.00024381
2026-09-30 22:20:13,530 step=4940 train=3.10686 val=None lr=0.000243585
2026-09-30 22:20:14,295 step=4950 train=2.85173 val=None lr=0.00024336
2026-09-30 22:20:15,015 step=4960 train=2.59682 val=None lr=0.000243134
2026-09-30 22:20:15,703 step=4970 train=2.93946 val=None lr=0.000242908
2026-09-30 22:20:16,449 step=4980 train=2.73694 val=None lr=0.000242682
2026-09-30 22:20:17,089 step=4990 train=3.15713 val=None lr=0.000242455
2026-09-30 22:20:18,279 step=5000 train=3.21193 val=2.8940563082695006 lr=0.000242228
2026-09-30 22:20:19,565 step=5010 train=2.93550 val=None lr=0.000242001
2026-09-30 22:20:20,307 step=5020 train=3.07311 val=None lr=0.000241773
2026-09-30 22:20:21,083 step=5030 train=3.03735 val=None lr=0.000241545
2026-09-30 22:20:21,807 step=5040 train=2.90556 val=None lr=0.000241317
2026-09-30 22:20:22,695 step=5050 train=2.97917 val=None lr=0.000241088
2026-09-30 22:20:23,436 step=5060 train=3.18990 val=None lr=0.000240859
2026-09-30 22:20:24,160 step=5070 train=2.98519 val=None lr=0.00024063
2026-09-30 22:20:24,887 step=5080 train=3.32442 val=None lr=0.0002404
2026-09-30 22:20:25,592 step=5090 train=2.91887 val=None lr=0.00024017
2026-09-30 22:20:27,218 step=5100 train=3.12281 val=2.88905553817749 lr=0.00023994
2026-09-30 22:20:27,938 step=5110 train=3.08161 val=None lr=0.00023971
2026-09-30 22:20:28,656 step=5120 train=3.03713 val=None lr=0.000239479
2026-09-30 22:20:29,376 step=5130 train=2.74475 val=None lr=0.000239248
2026-09-30 22:20:30,072 step=5140 train=2.89418 val=None lr=0.000239016
2026-09-30 22:20:30,841 step=5150 train=3.03860 val=None lr=0.000238784
2026-09-30 22:20:31,501 step=5160 train=3.09433 val=None lr=0.000238552
2026-09-30 22:20:32,192 step=5170 train=2.80200 val=None lr=0.00023832
2026-09-30 22:20:32,890 step=5180 train=3.03151 val=None lr=0.000238087
2026-09-30 22:20:33,661 step=5190 train=2.71566 val=None lr=0.000237854
2026-09-30 22:20:34,844 step=5200 train=3.22847 val=2.8746997356414794 lr=0.000237621
2026-09-30 22:20:35,526 step=5210 train=2.73819 val=None lr=0.000237387
2026-09-30 22:20:36,353 step=5220 train=3.10243 val=None lr=0.000237153
2026-09-30 22:20:37,034 step=5230 train=2.91542 val=None lr=0.000236919
2026-09-30 22:20:37,727 step=5240 train=2.99050 val=None lr=0.000236684
2026-09-30 22:20:38,387 step=5250 train=2.87221 val=None lr=0.00023645
2026-09-30 22:20:39,190 step=5260 train=2.83061 val=None lr=0.000236214
2026-09-30 22:20:39,920 step=5270 train=2.99764 val=None lr=0.000235979
2026-09-30 22:20:40,652 step=5280 train=3.23867 val=None lr=0.000235743
2026-09-30 22:20:41,361 step=5290 train=2.91401 val=None lr=0.000235507
2026-09-30 22:20:40,166 step=5300 train=3.10150 val=2.8616328954696657 lr=0.000235271
2026-09-30 22:20:40,861 step=5310 train=2.81841 val=None lr=0.000235034
2026-09-30 22:20:41,666 step=5320 train=3.04124 val=None lr=0.000234797
2026-09-30 22:20:42,370 step=5330 train=2.95113 val=None lr=0.00023456
2026-09-30 22:20:43,105 step=5340 train=2.88127 val=None lr=0.000234323
2026-09-30 22:20:43,787 step=5350 train=2.76691 val=None lr=0.000234085
2026-09-30 22:20:44,495 step=5360 train=3.15207 val=None lr=0.000233847
2026-09-30 22:20:45,197 step=5370 train=2.95361 val=None lr=0.000233608
2026-09-30 22:20:46,168 step=5380 train=2.80091 val=None lr=0.00023337
2026-09-30 22:20:46,963 step=5390 train=2.91481 val=None lr=0.000233131
2026-09-30 22:20:48,234 step=5400 train=2.92485 val=2.8583232879638674 lr=0.000232891
2026-09-30 22:20:48,991 step=5410 train=3.00918 val=None lr=0.000232652
2026-09-30 22:20:49,715 step=5420 train=2.73649 val=None lr=0.000232412
2026-09-30 22:20:50,373 step=5430 train=3.02591 val=None lr=0.000232172
2026-09-30 22:20:51,173 step=5440 train=2.92270 val=None lr=0.000231932
2026-09-30 22:20:51,917 step=5450 train=2.91668 val=None lr=0.000231691
2026-09-30 22:20:52,790 step=5460 train=3.13497 val=None lr=0.00023145
2026-09-30 22:20:53,574 step=5470 train=2.83492 val=None lr=0.000231209
2026-09-30 22:20:54,366 step=5480 train=2.85003 val=None lr=0.000230967
2026-09-30 22:20:55,026 step=5490 train=2.85871 val=None lr=0.000230725
2026-09-30 22:20:56,347 step=5500 train=2.95298 val=2.8439939498901365 lr=0.000230483
2026-09-30 22:20:57,690 step=5510 train=2.63716 val=None lr=0.000230241
2026-09-30 22:20:58,464 step=5520 train=2.89839 val=None lr=0.000229998
2026-09-30 22:20:59,214 step=5530 train=2.80929 val=None lr=0.000229756
2026-09-30 22:20:59,901 step=5540 train=2.67489 val=None lr=0.000229512
2026-09-30 22:21:00,624 step=5550 train=3.21322 val=None lr=0.000229269
2026-09-30 22:21:01,350 step=5560 train=2.96861 val=None lr=0.000229025
2026-09-30 22:21:02,075 step=5570 train=2.96499 val=None lr=0.000228781
2026-09-30 22:21:02,793 step=5580 train=2.93074 val=None lr=0.000228537
2026-09-30 22:21:03,514 step=5590 train=2.86909 val=None lr=0.000228293
2026-09-30 22:21:04,765 step=5600 train=3.14422 val=2.836121070384979 lr=0.000228048
2026-09-30 22:21:05,500 step=5610 train=2.83710 val=None lr=0.000227803
2026-09-30 22:21:06,209 step=5620 train=2.73579 val=None lr=0.000227557
2026-09-30 22:21:06,939 step=5630 train=2.67368 val=None lr=0.000227312
2026-09-30 22:21:07,825 step=5640 train=2.87905 val=None lr=0.000227066
2026-09-30 22:21:08,633 step=5650 train=3.09860 val=None lr=0.00022682
2026-09-30 22:21:09,416 step=5660 train=2.96298 val=None lr=0.000226574
2026-09-30 22:21:10,065 step=5670 train=2.82861 val=None lr=0.000226327
2026-09-30 22:21:10,729 step=5680 train=3.06089 val=None lr=0.00022608
2026-09-30 22:21:11,370 step=5690 train=2.82557 val=None lr=0.000225833
2026-09-30 22:21:10,109 step=5700 train=3.02953 val=2.822809171676636 lr=0.000225586
2026-09-30 22:21:10,812 step=5710 train=2.96415 val=None lr=0.000225338
2026-09-30 22:21:11,473 step=5720 train=2.99672 val=None lr=0.00022509
2026-09-30 22:21:12,148 step=5730 train=2.98822 val=None lr=0.000224842
2026-09-30 22:21:12,810 step=5740 train=2.82826 val=None lr=0.000224594
2026-09-30 22:21:13,473 step=5750 train=2.65702 val=None lr=0.000224345
2026-09-30 22:21:14,125 step=5760 train=2.95238 val=None lr=0.000224096
2026-09-30 22:21:14,901 step=5770 train=2.88150 val=None lr=0.000223847
2026-09-30 22:21:15,733 step=5780 train=2.98145 val=None lr=0.000223597
2026-09-30 22:21:16,588 step=5790 train=3.16532 val=None lr=0.000223348
2026-09-30 22:21:17,799 step=5800 train=3.06312 val=2.820952844619751 lr=0.000223098
2026-09-30 22:21:18,567 step=5810 train=2.84481 val=None lr=0.000222848
2026-09-30 22:21:19,331 step=5820 train=2.93659 val=None lr=0.000222597
2026-09-30 22:21:20,064 step=5830 train=3.04569 val=None lr=0.000222347
2026-09-30 22:21:20,768 step=5840 train=2.85613 val=None lr=0.000222096
2026-09-30 22:21:21,485 step=5850 train=2.70614 val=None lr=0.000221845
2026-09-30 22:21:22,194 step=5860 train=2.91664 val=None lr=0.000221594
2026-09-30 22:21:22,869 step=5870 train=2.63426 val=None lr=0.000221342
2026-09-30 22:21:23,520 step=5880 train=2.60920 val=None lr=0.00022109
2026-09-30 22:21:24,215 step=5890 train=2.82774 val=None lr=0.000220838
2026-09-30 22:21:25,762 step=5900 train=2.64582 val=2.804389810562134 lr=0.000220586
2026-09-30 22:21:26,789 step=5910 train=2.92318 val=None lr=0.000220333
2026-09-30 22:21:27,437 step=5920 train=3.17157 val=None lr=0.000220081
2026-09-30 22:21:28,341 step=5930 train=2.75706 val=None lr=0.000219828
2026-09-30 22:21:29,021 step=5940 train=2.62037 val=None lr=0.000219574
2026-09-30 22:21:29,877 step=5950 train=2.87796 val=None lr=0.000219321
2026-09-30 22:21:30,546 step=5960 train=2.85360 val=None lr=0.000219067
2026-09-30 22:21:31,175 step=5970 train=2.81653 val=None lr=0.000218813
2026-09-30 22:21:31,829 step=5980 train=2.81509 val=None lr=0.000218559
2026-09-30 22:21:32,524 step=5990 train=3.01607 val=None lr=0.000218305
2026-09-30 22:21:33,657 step=6000 train=2.69373 val=2.794504976272583 lr=0.00021805
2026-09-30 22:21:35,073 step=6010 train=2.80207 val=None lr=0.000217796
2026-09-30 22:21:35,799 step=6020 train=2.79597 val=None lr=0.000217541
2026-09-30 22:21:36,549 step=6030 train=2.98830 val=None lr=0.000217285
2026-09-30 22:21:37,331 step=6040 train=3.13910 val=None lr=0.00021703
2026-09-30 22:21:38,085 step=6050 train=2.90752 val=None lr=0.000216774
2026-09-30 22:21:38,756 step=6060 train=2.79427 val=None lr=0.000216518
2026-09-30 22:21:39,460 step=6070 train=2.85902 val=None lr=0.000216262
2026-09-30 22:21:40,221 step=6080 train=2.93863 val=None lr=0.000216006
2026-09-30 22:21:40,966 step=6090 train=2.91038 val=None lr=0.000215749
2026-09-30 22:21:39,848 step=6100 train=3.00647 val=2.7901076436042787 lr=0.000215493
2026-09-30 22:21:40,627 step=6110 train=3.01649 val=None lr=0.000215236
2026-09-30 22:21:41,323 step=6120 train=2.75591 val=None lr=0.000214978
2026-09-30 22:21:42,052 step=6130 train=2.64921 val=None lr=0.000214721
2026-09-30 22:21:42,821 step=6140 train=2.88258 val=None lr=0.000214463
2026-09-30 22:21:43,613 step=6150 train=2.78073 val=None lr=0.000214206
2026-09-30 22:21:44,266 step=6160 train=2.94414 val=None lr=0.000213948
2026-09-30 22:21:44,982 step=6170 train=2.88208 val=None lr=0.000213689
2026-09-30 22:21:45,802 step=6180 train=2.73514 val=None lr=0.000213431
2026-09-30 22:21:46,505 step=6190 train=3.01970 val=None lr=0.000213172
2026-09-30 22:21:47,828 step=6200 train=3.05083 val=2.784558117389679 lr=0.000212913
2026-09-30 22:21:48,488 step=6210 train=2.94952 val=None lr=0.000212654
2026-09-30 22:21:49,233 step=6220 train=2.72043 val=None lr=0.000212395
2026-09-30 22:21:49,888 step=6230 train=2.99479 val=None lr=0.000212136
2026-09-30 22:21:50,642 step=6240 train=2.61241 val=None lr=0.000211876
2026-09-30 22:21:51,282 step=6250 train=2.71881 val=None lr=0.000211616
2026-09-30 22:21:51,924 step=6260 train=2.50035 val=None lr=0.000211356
2026-09-30 22:21:52,813 step=6270 train=2.91712 val=None lr=0.000211096
2026-09-30 22:21:53,523 step=6280 train=2.91669 val=None lr=0.000210836
2026-09-30 22:21:54,153 step=6290 train=2.82811 val=None lr=0.000210575
2026-09-30 22:21:55,458 step=6300 train=3.13213 val=2.7714151740074158 lr=0.000210314
2026-09-30 22:21:56,234 step=6310 train=2.69750 val=None lr=0.000210053
2026-09-30 22:21:56,998 step=6320 train=3.28198 val=None lr=0.000209792
2026-09-30 22:21:57,707 step=6330 train=2.85904 val=None lr=0.000209531
2026-09-30 22:21:58,475 step=6340 train=2.83952 val=None lr=0.000209269
2026-09-30 22:21:59,218 step=6350 train=2.67328 val=None lr=0.000209007
2026-09-30 22:22:00,196 step=6360 train=2.69035 val=None lr=0.000208745
2026-09-30 22:22:00,863 step=6370 train=3.00093 val=None lr=0.000208483
2026-09-30 22:22:01,608 step=6380 train=2.62837 val=None lr=0.000208221
2026-09-30 22:22:02,361 step=6390 train=2.72246 val=None lr=0.000207959
2026-09-30 22:22:03,767 step=6400 train=2.97098 val=2.762381935119629 lr=0.000207696
2026-09-30 22:22:04,491 step=6410 train=2.63260 val=None lr=0.000207433
2026-09-30 22:22:05,248 step=6420 train=2.80958 val=None lr=0.00020717
2026-09-30 22:22:05,964 step=6430 train=2.78810 val=None lr=0.000206907
2026-09-30 22:22:06,652 step=6440 train=3.04585 val=None lr=0.000206644
2026-09-30 22:22:07,464 step=6450 train=3.12827 val=None lr=0.00020638
2026-09-30 22:22:08,128 step=6460 train=2.68546 val=None lr=0.000206116
2026-09-30 22:22:08,893 step=6470 train=2.85452 val=None lr=0.000205852
2026-09-30 22:22:09,573 step=6480 train=2.92944 val=None lr=0.000205588
2026-09-30 22:22:10,329 step=6490 train=2.61825 val=None lr=0.000205324
2026-09-30 22:22:11,505 step=6500 train=2.87142 val=2.760025942325592 lr=0.00020506
2026-09-30 22:22:10,425 step=6510 train=2.85757 val=None lr=0.000204795
2026-09-30 22:22:11,227 step=6520 train=2.48132 val=None lr=0.00020453
2026-09-30 22:22:11,895 step=6530 train=2.57541 val=None lr=0.000204265
2026-09-30 22:22:12,548 step=6540 train=2.88046 val=None lr=0.000204
2026-09-30 22:22:13,442 step=6550 train=2.80880 val=None lr=0.000203735
2026-09-30 22:22:14,374 step=6560 train=2.75714 val=None lr=0.00020347
2026-09-30 22:22:15,087 step=6570 train=2.95002 val=None lr=0.000203204
2026-09-30 22:22:15,932 step=6580 train=2.70204 val=None lr=0.000202938
2026-09-30 22:22:16,606 step=6590 train=2.76110 val=None lr=0.000202673
2026-09-30 22:22:17,877 step=6600 train=2.97941 val=2.7480520725250246 lr=0.000202407
2026-09-30 22:22:18,570 step=6610 train=2.58287 val=None lr=0.00020214
2026-09-30 22:22:19,279 step=6620 train=2.74347 val=None lr=0.000201874
2026-09-30 22:22:19,921 step=6630 train=3.03917 val=None lr=0.000201607
2026-09-30 22:22:20,592 step=6640 train=2.64553 val=None lr=0.000201341
2026-09-30 22:22:21,278 step=6650 train=2.72916 val=None lr=0.000201074
2026-09-30 22:22:21,920 step=6660 train=2.93877 val=None lr=0.000200807
2026-09-30 22:22:22,735 step=6670 train=2.76920 val=None lr=0.00020054
2026-09-30 22:22:23,505 step=6680 train=2.87370 val=None lr=0.000200273
2026-09-30 22:22:24,265 step=6690 train=2.89935 val=None lr=0.000200005
2026-09-30 22:22:25,568 step=6700 train=2.62468 val=2.7396026849746704 lr=0.000199738
2026-09-30 22:22:26,279 step=6710 train=2.67815 val=None lr=0.00019947
2026-09-30 22:22:27,241 step=6720 train=2.48054 val=None lr=0.000199202
2026-09-30 22:22:28,002 step=6730 train=2.88471 val=None lr=0.000198934
2026-09-30 22:22:28,986 step=6740 train=2.97642 val=None lr=0.000198666
2026-09-30 22:22:29,760 step=6750 train=2.90683 val=None lr=0.000198398
2026-09-30 22:22:30,608 step=6760 train=2.92662 val=None lr=0.000198129
2026-09-30 22:22:31,299 step=6770 train=2.96088 val=None lr=0.000197861
2026-09-30 22:22:32,064 step=6780 train=3.04729 val=None lr=0.000197592
2026-09-30 22:22:32,837 step=6790 train=2.68027 val=None lr=0.000197323
2026-09-30 22:22:34,247 step=6800 train=2.83532 val=2.7318952798843386 lr=0.000197054
2026-09-30 22:22:34,931 step=6810 train=2.89465 val=None lr=0.000196785
2026-09-30 22:22:35,644 step=6820 train=2.82651 val=None lr=0.000196516
2026-09-30 22:22:36,365 step=6830 train=2.75760 val=None lr=0.000196246
2026-09-30 22:22:37,058 step=6840 train=2.99250 val=None lr=0.000195977
2026-09-30 22:22:37,787 step=6850 train=2.83843 val=None lr=0.000195707
2026-09-30 22:22:38,531 step=6860 train=2.91931 val=None lr=0.000195438
2026-09-30 22:22:39,244 step=6870 train=2.50785 val=None lr=0.000195168
2026-09-30 22:22:40,082 step=6880 train=2.99494 val=None lr=0.000194898
2026-09-30 22:22:40,833 step=6890 train=2.51650 val=None lr=0.000194627
2026-09-30 22:22:39,782 step=6900 train=2.60712 val=2.7235153198242186 lr=0.000194357
2026-09-30 22:22:40,559 step=6910 train=2.74846 val=None lr=0.000194087
2026-09-30 22:22:41,227 step=6920 train=2.49357 val=None lr=0.000193816
2026-09-30 22:22:41,879 step=6930 train=2.84114 val=None lr=0.000193546
2026-09-30 22:22:42,635 step=6940 train=2.71364 val=None lr=0.000193275
2026-09-30 22:22:43,341 step=6950 train=3.03317 val=None lr=0.000193004
2026-09-30 22:22:44,025 step=6960 train=2.78954 val=None lr=0.000192733
2026-09-30 22:22:44,710 step=6970 train=2.93932 val=None lr=0.000192462
2026-09-30 22:22:45,402 step=6980 train=3.05842 val=None lr=0.000192191
2026-09-30 22:22:46,110 step=6990 train=2.84593 val=None lr=0.000191919
2026-09-30 22:22:47,304 step=7000 train=2.88659 val=2.715032994747162 lr=0.000191648
2026-09-30 22:22:48,749 step=7010 train=2.57783 val=None lr=0.000191376
2026-09-30 22:22:49,581 step=7020 train=2.77877 val=None lr=0.000191105
2026-09-30 22:22:50,401 step=7030 train=2.60566 val=None lr=0.000190833
2026-09-30 22:22:51,236 step=7040 train=2.61378 val=None lr=0.000190561
2026-09-30 22:22:51,945 step=7050 train=2.76721 val=None lr=0.000190289
2026-09-30 22:22:52,735 step=7060 train=2.92580 val=None lr=0.000190017
2026-09-30 22:22:53,454 step=7070 train=2.65547 val=None lr=0.000189745
2026-09-30 22:22:54,316 step=7080 train=2.69025 val=None lr=0.000189472
2026-09-30 22:22:55,077 step=7090 train=2.78015 val=None lr=0.0001892
2026-09-30 22:22:56,472 step=7100 train=2.82709 val=2.7106348872184753 lr=0.000188927
2026-09-30 22:22:57,346 step=7110 train=2.88768 val=None lr=0.000188655
2026-09-30 22:22:58,183 step=7120 train=2.94475 val=None lr=0.000188382
2026-09-30 22:22:59,044 step=7130 train=2.75863 val=None lr=0.000188109
2026-09-30 22:22:59,835 step=7140 train=2.77771 val=None lr=0.000187836
2026-09-30 22:23:00,552 step=7150 train=2.77615 val=None lr=0.000187563
2026-09-30 22:23:01,330 step=7160 train=2.54320 val=None lr=0.00018729
2026-09-30 22:23:02,006 step=7170 train=2.66641 val=None lr=0.000187017
2026-09-30 22:23:02,732 step=7180 train=2.61670 val=None lr=0.000186743
2026-09-30 22:23:03,437 step=7190 train=2.70404 val=None lr=0.00018647
2026-09-30 22:23:04,607 step=7200 train=2.83912 val=2.7051563024520875 lr=0.000186197
2026-09-30 22:23:05,272 step=7210 train=2.89523 val=None lr=0.000185923
2026-09-30 22:23:06,037 step=7220 train=2.54730 val=None lr=0.000185649
2026-09-30 22:23:06,780 step=7230 train=2.75913 val=None lr=0.000185376
2026-09-30 22:23:07,488 step=7240 train=2.89602 val=None lr=0.000185102
2026-09-30 22:23:08,245 step=7250 train=2.74491 val=None lr=0.000184828
2026-09-30 22:23:08,907 step=7260 train=2.43680 val=None lr=0.000184554
2026-09-30 22:23:09,585 step=7270 train=2.49521 val=None lr=0.00018428
2026-09-30 22:23:10,345 step=7280 train=2.55889 val=None lr=0.000184006
2026-09-30 22:23:11,056 step=7290 train=2.75042 val=None lr=0.000183731
2026-09-30 22:23:10,079 step=7300 train=2.79152 val=2.6989400386810303 lr=0.000183457
2026-09-30 22:23:10,768 step=7310 train=2.90027 val=None lr=0.000183183
2026-09-30 22:23:11,688 step=7320 train=2.77478 val=None lr=0.000182908
2026-09-30 22:23:12,374 step=7330 train=2.80672 val=None lr=0.000182634
2026-09-30 22:23:13,065 step=7340 train=2.62747 val=None lr=0.000182359
2026-09-30 22:23:13,825 step=7350 train=2.72120 val=None lr=0.000182084
2026-09-30 22:23:14,557 step=7360 train=2.63989 val=None lr=0.00018181
2026-09-30 22:23:15,294 step=7370 train=2.83263 val=None lr=0.000181535
2026-09-30 22:23:15,981 step=7380 train=2.89106 val=None lr=0.00018126
2026-09-30 22:23:16,683 step=7390 train=2.80363 val=None lr=0.000180985
2026-09-30 22:23:17,834 step=7400 train=2.76524 val=2.694412100315094 lr=0.00018071
2026-09-30 22:23:18,581 step=7410 train=2.96359 val=None lr=0.000180435
2026-09-30 22:23:19,260 step=7420 train=2.66465 val=None lr=0.000180159
2026-09-30 22:23:20,019 step=7430 train=2.72722 val=None lr=0.000179884
2026-09-30 22:23:21,203 step=7440 train=2.72473 val=None lr=0.000179609
2026-09-30 22:23:22,083 step=7450 train=2.64197 val=None lr=0.000179334
2026-09-30 22:23:22,907 step=7460 train=2.79692 val=None lr=0.000179058
2026-09-30 22:23:23,714 step=7470 train=2.61623 val=None lr=0.000178783
2026-09-30 22:23:24,747 step=7480 train=2.69226 val=None lr=0.000178507
2026-09-30 22:23:25,688 step=7490 train=2.87823 val=None lr=0.000178231
2026-09-30 22:23:27,043 step=7500 train=2.45966 val=2.6867579936981203 lr=0.000177956
2026-09-30 22:23:28,548 step=7510 train=2.76883 val=None lr=0.00017768
2026-09-30 22:23:29,443 step=7520 train=2.75761 val=None lr=0.000177404
2026-09-30 22:23:30,227 step=7530 train=2.67636 val=None lr=0.000177128
2026-09-30 22:23:31,099 step=7540 train=2.49925 val=None lr=0.000176853
2026-09-30 22:23:31,804 step=7550 train=2.65132 val=None lr=0.000176577
2026-09-30 22:23:32,605 step=7560 train=2.72835 val=None lr=0.000176301
2026-09-30 22:23:33,404 step=7570 train=2.68917 val=None lr=0.000176025
2026-09-30 22:23:34,223 step=7580 train=2.76041 val=None lr=0.000175749
2026-09-30 22:23:35,093 step=7590 train=2.80556 val=None lr=0.000175473
2026-09-30 22:23:36,422 step=7600 train=2.62564 val=2.6809083104133604 lr=0.000175196
2026-09-30 22:23:37,496 step=7610 train=2.77376 val=None lr=0.00017492
2026-09-30 22:23:38,224 step=7620 train=2.69905 val=None lr=0.000174644
2026-09-30 22:23:38,987 step=7630 train=3.06309 val=None lr=0.000174368
2026-09-30 22:23:39,845 step=7640 train=2.71207 val=None lr=0.000174091
2026-09-30 22:23:40,678 step=7650 train=3.20688 val=None lr=0.000173815
2026-09-30 22:23:41,319 step=7660 train=2.54736 val=None lr=0.000173539
2026-09-30 22:23:42,029 step=7670 train=2.55600 val=None lr=0.000173262
2026-09-30 22:23:40,252 step=7680 train=2.60186 val=None lr=0.000172986
2026-09-30 22:23:40,949 step=7690 train=2.86158 val=None lr=0.000172709
2026-09-30 22:23:42,247 step=7700 train=2.94066 val=2.6753589034080507 lr=0.000172433
2026-09-30 22:23:42,910 step=7710 train=3.12600 val=None lr=0.000172156
2026-09-30 22:23:43,659 step=7720 train=3.01269 val=None lr=0.00017188
2026-09-30 22:23:44,361 step=7730 train=2.67731 val=None lr=0.000171603
2026-09-30 22:23:45,076 step=7740 train=2.84183 val=None lr=0.000171326
2026-09-30 22:23:45,837 step=7750 train=2.82262 val=None lr=0.00017105
2026-09-30 22:23:46,622 step=7760 train=2.90661 val=None lr=0.000170773
2026-09-30 22:23:47,430 step=7770 train=2.71821 val=None lr=0.000170496
2026-09-30 22:23:48,098 step=7780 train=2.73397 val=None lr=0.000170219
2026-09-30 22:23:48,868 step=7790 train=2.73343 val=None lr=0.000169943
2026-09-30 22:23:50,176 step=7800 train=2.80453 val=2.6705830931663512 lr=0.000169666
2026-09-30 22:23:50,913 step=7810 train=2.80098 val=None lr=0.000169389
2026-09-30 22:23:51,820 step=7820 train=2.78645 val=None lr=0.000169112
2026-09-30 22:23:52,655 step=7830 train=2.73317 val=None lr=0.000168835
2026-09-30 22:23:53,384 step=7840 train=2.50702 val=None lr=0.000168559
2026-09-30 22:23:54,152 step=7850 train=2.88580 val=None lr=0.000168282
2026-09-30 22:23:54,849 step=7860 train=2.73666 val=None lr=0.000168005
2026-09-30 22:23:55,668 step=7870 train=2.66661 val=None lr=0.000167728
2026-09-30 22:23:56,387 step=7880 train=3.09003 val=None lr=0.000167451
2026-09-30 22:23:57,094 step=7890 train=2.72962 val=None lr=0.000167174
2026-09-30 22:23:58,469 step=7900 train=2.98677 val=2.6640721559524536 lr=0.000166897
2026-09-30 22:23:59,183 step=7910 train=2.71427 val=None lr=0.00016662
2026-09-30 22:24:00,156 step=7920 train=2.48612 val=None lr=0.000166343
2026-09-30 22:24:00,830 step=7930 train=2.95269 val=None lr=0.000166066
2026-09-30 22:24:01,565 step=7940 train=2.85972 val=None lr=0.000165789
2026-09-30 22:24:02,312 step=7950 train=2.90543 val=None lr=0.000165512
2026-09-30 22:24:03,010 step=7960 train=2.61976 val=None lr=0.000165235
2026-09-30 22:24:03,767 step=7970 train=2.47660 val=None lr=0.000164958
2026-09-30 22:24:04,569 step=7980 train=2.47793 val=None lr=0.000164681
2026-09-30 22:24:05,388 step=7990 train=2.83824 val=None lr=0.000164405
2026-09-30 22:24:06,683 step=8000 train=2.81112 val=2.6592414379119873 lr=0.000164128
2026-09-30 22:24:08,046 step=8010 train=2.94052 val=None lr=0.000163851
2026-09-30 22:24:08,877 step=8020 train=2.59775 val=None lr=0.000163574
2026-09-30 22:24:09,682 step=8030 train=2.51021 val=None lr=0.000163297
2026-09-30 22:24:10,395 step=8040 train=2.91603 val=None lr=0.00016302
2026-09-30 22:24:11,041 step=8050 train=2.76725 val=None lr=0.000162743
2026-09-30 22:24:11,717 step=8060 train=2.82231 val=None lr=0.000162466
2026-09-30 22:24:10,026 step=8070 train=2.81137 val=None lr=0.000162189
2026-09-30 22:24:10,710 step=8080 train=2.70825 val=None lr=0.000161912
2026-09-30 22:24:11,457 step=8090 train=2.49177 val=None lr=0.000161635
2026-09-30 22:24:12,604 step=8100 train=2.70715 val=2.653136897087097 lr=0.000161358
2026-09-30 22:24:13,368 step=8110 train=2.79420 val=None lr=0.000161082
2026-09-30 22:24:14,111 step=8120 train=2.69723 val=None lr=0.000160805
2026-09-30 22:24:14,825 step=8130 train=2.57635 val=None lr=0.000160528
2026-09-30 22:24:15,569 step=8140 train=2.73024 val=None lr=0.000160251
2026-09-30 22:24:16,295 step=8150 train=2.61602 val=None lr=0.000159974
2026-09-30 22:24:17,130 step=8160 train=2.60386 val=None lr=0.000159698
2026-09-30 22:24:18,098 step=8170 train=2.68534 val=None lr=0.000159421
2026-09-30 22:24:18,769 step=8180 train=2.62544 val=None lr=0.000159144
2026-09-30 22:24:19,845 step=8190 train=2.58685 val=None lr=0.000158867
2026-09-30 22:24:21,153 step=8200 train=2.67239 val=2.6476463675498962 lr=0.000158591
2026-09-30 22:24:21,933 step=8210 train=2.75201 val=None lr=0.000158314
2026-09-30 22:24:22,820 step=8220 train=2.70110 val=None lr=0.000158037
2026-09-30 22:24:23,472 step=8230 train=2.74055 val=None lr=0.000157761
2026-09-30 22:24:24,164 step=8240 train=2.83499 val=None lr=0.000157484
2026-09-30 22:24:24,873 step=8250 train=2.61741 val=None lr=0.000157208
2026-09-30 22:24:25,659 step=8260 train=2.68530 val=None lr=0.000156931
2026-09-30 22:24:26,545 step=8270 train=2.66749 val=None lr=0.000156655
2026-09-30 22:24:27,300 step=8280 train=2.75662 val=None lr=0.000156378
2026-09-30 22:24:28,085 step=8290 train=2.86013 val=None lr=0.000156102
2026-09-30 22:24:29,374 step=8300 train=2.38155 val=2.644430088996887 lr=0.000155826
2026-09-30 22:24:30,232 step=8310 train=2.97319 val=None lr=0.000155549
2026-09-30 22:24:30,976 step=8320 train=2.61629 val=None lr=0.000155273
2026-09-30 22:24:31,765 step=8330 train=2.45497 val=None lr=0.000154997
2026-09-30 22:24:32,449 step=8340 train=2.74471 val=None lr=0.000154721
2026-09-30 22:24:33,278 step=8350 train=2.90254 val=None lr=0.000154445
2026-09-30 22:24:34,052 step=8360 train=2.76914 val=None lr=0.000154169
2026-09-30 22:24:34,716 step=8370 train=2.70534 val=None lr=0.000153892
2026-09-30 22:24:35,533 step=8380 train=2.75104 val=None lr=0.000153616
2026-09-30 22:24:36,231 step=8390 train=2.56512 val=None lr=0.000153341
2026-09-30 22:24:37,440 step=8400 train=2.65938 val=2.6347444891929626 lr=0.000153065
2026-09-30 22:24:38,362 step=8410 train=2.85569 val=None lr=0.000152789
2026-09-30 22:24:39,289 step=8420 train=2.64037 val=None lr=0.000152513
2026-09-30 22:24:40,062 step=8430 train=2.73612 val=None lr=0.000152237
2026-09-30 22:24:40,821 step=8440 train=2.47146 val=None lr=0.000151962
2026-09-30 22:24:41,580 step=8450 train=2.49117 val=None lr=0.000151686
2026-09-30 22:24:42,334 step=8460 train=2.49808 val=None lr=0.00015141
2026-09-30 22:24:40,763 step=8470 train=2.76765 val=None lr=0.000151135
2026-09-30 22:24:41,836 step=8480 train=3.03493 val=None lr=0.000150859
2026-09-30 22:24:42,730 step=8490 train=2.40040 val=None lr=0.000150584
2026-09-30 22:24:44,031 step=8500 train=2.65452 val=2.6330557227134705 lr=0.000150309
2026-09-30 22:24:45,425 step=8510 train=2.72612 val=None lr=0.000150033
2026-09-30 22:24:46,259 step=8520 train=2.54139 val=None lr=0.000149758
2026-09-30 22:24:47,005 step=8530 train=2.78584 val=None lr=0.000149483
2026-09-30 22:24:47,809 step=8540 train=2.69534 val=None lr=0.000149208
2026-09-30 22:24:48,509 step=8550 train=2.69620 val=None lr=0.000148933
2026-09-30 22:24:49,207 step=8560 train=2.46993 val=None lr=0.000148658
2026-09-30 22:24:49,915 step=8570 train=2.46802 val=None lr=0.000148383
2026-09-30 22:24:50,731 step=8580 train=2.60438 val=None lr=0.000148108
2026-09-30 22:24:51,544 step=8590 train=2.47568 val=None lr=0.000147833
2026-09-30 22:24:52,757 step=8600 train=2.59811 val=2.63070832490921 lr=0.000147559
2026-09-30 22:24:53,453 step=8610 train=2.56819 val=None lr=0.000147284
2026-09-30 22:24:54,213 step=8620 train=2.69559 val=None lr=0.000147009
2026-09-30 22:24:54,945 step=8630 train=2.37228 val=None lr=0.000146735
2026-09-30 22:24:55,712 step=8640 train=2.44209 val=None lr=0.000146461
2026-09-30 22:24:56,509 step=8650 train=2.71658 val=None lr=0.000146186
2026-09-30 22:24:57,179 step=8660 train=2.58092 val=None lr=0.000145912
2026-09-30 22:24:57,916 step=8670 train=2.76248 val=None lr=0.000145638
2026-09-30 22:24:58,648 step=8680 train=2.41312 val=None lr=0.000145364
2026-09-30 22:24:59,382 step=8690 train=2.75910 val=None lr=0.00014509
2026-09-30 22:25:00,709 step=8700 train=2.41591 val=2.621687960624695 lr=0.000144816
2026-09-30 22:25:01,475 step=8710 train=2.75778 val=None lr=0.000144542
2026-09-30 22:25:02,245 step=8720 train=2.42100 val=None lr=0.000144269
2026-09-30 22:25:02,933 step=8730 train=2.77492 val=None lr=0.000143995
2026-09-30 22:25:03,629 step=8740 train=2.79864 val=None lr=0.000143721
2026-09-30 22:25:04,335 step=8750 train=2.89184 val=None lr=0.000143448
2026-09-30 22:25:05,115 step=8760 train=2.61086 val=None lr=0.000143175
2026-09-30 22:25:05,823 step=8770 train=2.66947 val=None lr=0.000142901
2026-09-30 22:25:06,480 step=8780 train=2.65041 val=None lr=0.000142628
2026-09-30 22:25:07,397 step=8790 train=2.66348 val=None lr=0.000142355
2026-09-30 22:25:08,580 step=8800 train=2.45056 val=2.6183880090713503 lr=0.000142082
2026-09-30 22:25:09,213 step=8810 train=2.89590 val=None lr=0.000141809
2026-09-30 22:25:10,102 step=8820 train=2.62300 val=None lr=0.000141536
2026-09-30 22:25:10,795 step=8830 train=2.65648 val=None lr=0.000141264
2026-09-30 22:25:11,581 step=8840 train=2.62835 val=None lr=0.000140991
2026-09-30 22:25:09,968 step=8850 train=2.65621 val=None lr=0.000140718
2026-09-30 22:25:10,747 step=8860 train=2.45300 val=None lr=0.000140446
2026-09-30 22:25:11,448 step=8870 train=2.76039 val=None lr=0.000140174
2026-09-30 22:25:12,125 step=8880 train=2.87411 val=None lr=0.000139902
2026-09-30 22:25:12,842 step=8890 train=2.80144 val=None lr=0.00013963
2026-09-30 22:25:14,186 step=8900 train=2.73516 val=2.6152586340904236 lr=0.000139358
2026-09-30 22:25:14,949 step=8910 train=2.84030 val=None lr=0.000139086
2026-09-30 22:25:15,713 step=8920 train=2.56529 val=None lr=0.000138814
2026-09-30 22:25:16,437 step=8930 train=2.45902 val=None lr=0.000138542
2026-09-30 22:25:17,124 step=8940 train=2.91324 val=None lr=0.000138271
2026-09-30 22:25:17,787 step=8950 train=2.66423 val=None lr=0.000137999
2026-09-30 22:25:18,438 step=8960 train=2.77842 val=None lr=0.000137728
2026-09-30 22:25:19,372 step=8970 train=2.90030 val=None lr=0.000137457
2026-09-30 22:25:20,069 step=8980 train=2.61126 val=None lr=0.000137186
2026-09-30 22:25:20,823 step=8990 train=2.73600 val=None lr=0.000136915
2026-09-30 22:25:22,043 step=9000 train=2.72468 val=2.609341013431549 lr=0.000136644
2026-09-30 22:25:23,349 step=9010 train=2.65416 val=None lr=0.000136373
2026-09-30 22:25:24,051 step=9020 train=2.69747 val=None lr=0.000136103
2026-09-30 22:25:24,800 step=9030 train=2.70767 val=None lr=0.000135832
2026-09-30 22:25:25,600 step=9040 train=2.69888 val=None lr=0.000135562
2026-09-30 22:25:26,277 step=9050 train=2.66028 val=None lr=0.000135292
2026-09-30 22:25:27,038 step=9060 train=2.44922 val=None lr=0.000135021
2026-09-30 22:25:27,729 step=9070 train=2.58393 val=None lr=0.000134751
2026-09-30 22:25:28,574 step=9080 train=2.53602 val=None lr=0.000134482
2026-09-30 22:25:29,355 step=9090 train=2.52905 val=None lr=0.000134212
2026-09-30 22:25:30,658 step=9100 train=2.58710 val=2.6060312747955323 lr=0.000133942
2026-09-30 22:25:31,345 step=9110 train=2.31903 val=None lr=0.000133673
2026-09-30 22:25:32,089 step=9120 train=2.68905 val=None lr=0.000133403
2026-09-30 22:25:32,786 step=9130 train=2.75029 val=None lr=0.000133134
2026-09-30 22:25:33,453 step=9140 train=2.35736 val=None lr=0.000132865
2026-09-30 22:25:34,239 step=9150 train=2.56863 val=None lr=0.000132596
2026-09-30 22:25:34,971 step=9160 train=2.66941 val=None lr=0.000132327
2026-09-30 22:25:35,793 step=9170 train=2.68415 val=None lr=0.000132059
2026-09-30 22:25:36,479 step=9180 train=2.89917 val=None lr=0.00013179
2026-09-30 22:25:37,292 step=9190 train=2.85355 val=None lr=0.000131522
2026-09-30 22:25:38,745 step=9200 train=2.60906 val=2.6014415502548216 lr=0.000131254
2026-09-30 22:25:39,557 step=9210 train=2.52998 val=None lr=0.000130985
2026-09-30 22:25:40,375 step=9220 train=3.11038 val=None lr=0.000130718
2026-09-30 22:25:41,106 step=9230 train=2.72319 val=None lr=0.00013045
2026-09-30 22:25:41,833 step=9240 train=2.66031 val=None lr=0.000130182
2026-09-30 22:25:40,166 step=9250 train=2.86666 val=None lr=0.000129915
2026-09-30 22:25:40,996 step=9260 train=2.65415 val=None lr=0.000129647
2026-09-30 22:25:41,861 step=9270 train=2.62059 val=None lr=0.00012938
2026-09-30 22:25:42,682 step=9280 train=2.75838 val=None lr=0.000129113
2026-09-30 22:25:43,415 step=9290 train=2.73615 val=None lr=0.000128846
2026-09-30 22:25:44,716 step=9300 train=2.63465 val=2.599833405017853 lr=0.000128579
2026-09-30 22:25:45,420 step=9310 train=2.70200 val=None lr=0.000128313
2026-09-30 22:25:46,316 step=9320 train=2.84999 val=None lr=0.000128046
2026-09-30 22:25:47,072 step=9330 train=2.42674 val=None lr=0.00012778
2026-09-30 22:25:47,778 step=9340 train=2.55385 val=None lr=0.000127514
2026-09-30 22:25:48,627 step=9350 train=2.46533 val=None lr=0.000127248
2026-09-30 22:25:49,448 step=9360 train=2.72848 val=None lr=0.000126982
2026-09-30 22:25:50,202 step=9370 train=2.55960 val=None lr=0.000126716
2026-09-30 22:25:50,958 step=9380 train=2.70547 val=None lr=0.000126451
2026-09-30 22:25:51,829 step=9390 train=2.68451 val=None lr=0.000126185
2026-09-30 22:25:53,275 step=9400 train=2.60300 val=2.595839965343475 lr=0.00012592
2026-09-30 22:25:53,966 step=9410 train=2.61701 val=None lr=0.000125655
2026-09-30 22:25:54,714 step=9420 train=2.82424 val=None lr=0.00012539
2026-09-30 22:25:55,542 step=9430 train=2.47563 val=None lr=0.000125126
2026-09-30 22:25:56,404 step=9440 train=2.89657 val=None lr=0.000124861
2026-09-30 22:25:57,135 step=9450 train=2.50842 val=None lr=0.000124597
2026-09-30 22:25:57,813 step=9460 train=2.44876 val=None lr=0.000124332
2026-09-30 22:25:58,496 step=9470 train=2.67416 val=None lr=0.000124068
2026-09-30 22:25:59,353 step=9480 train=2.63813 val=None lr=0.000123805
2026-09-30 22:26:00,076 step=9490 train=2.62037 val=None lr=0.000123541
2026-09-30 22:26:01,565 step=9500 train=2.64349 val=2.5956631779670714 lr=0.000123277
2026-09-30 22:26:02,904 step=9510 train=2.58072 val=None lr=0.000123014
2026-09-30 22:26:03,646 step=9520 train=2.85710 val=None lr=0.000122751
2026-09-30 22:26:04,391 step=9530 train=2.71888 val=None lr=0.000122488
2026-09-30 22:26:05,116 step=9540 train=2.61217 val=None lr=0.000122225
2026-09-30 22:26:05,957 step=9550 train=2.79979 val=None lr=0.000121963
2026-09-30 22:26:06,729 step=9560 train=2.64420 val=None lr=0.0001217
2026-09-30 22:26:07,538 step=9570 train=2.59261 val=None lr=0.000121438
2026-09-30 22:26:08,320 step=9580 train=2.64143 val=None lr=0.000121176
2026-09-30 22:26:09,136 step=9590 train=2.74459 val=None lr=0.000120914
2026-09-30 22:26:10,469 step=9600 train=2.48733 val=2.5900638341903686 lr=0.000120652
2026-09-30 22:26:11,211 step=9610 train=2.84201 val=None lr=0.000120391
2026-09-30 22:26:11,901 step=9620 train=2.57913 val=None lr=0.00012013
2026-09-30 22:26:12,578 step=9630 train=2.60615 val=None lr=0.000119868
2026-09-30 22:26:10,801 step=9640 train=2.55415 val=None lr=0.000119607
2026-09-30 22:26:11,547 step=9650 train=2.41423 val=None lr=0.000119347
2026-09-30 22:26:12,306 step=9660 train=2.56042 val=None lr=0.000119086
2026-09-30 22:26:13,093 step=9670 train=2.46031 val=None lr=0.000118826
2026-09-30 22:26:14,075 step=9680 train=3.14192 val=None lr=0.000118566
2026-09-30 22:26:14,944 step=9690 train=2.53980 val=None lr=0.000118306
2026-09-30 22:26:16,188 step=9700 train=2.67329 val=2.583329808712006 lr=0.000118046
2026-09-30 22:26:16,919 step=9710 train=2.55541 val=None lr=0.000117786
2026-09-30 22:26:17,720 step=9720 train=2.98417 val=None lr=0.000117527
2026-09-30 22:26:18,404 step=9730 train=2.49648 val=None lr=0.000117268
2026-09-30 22:26:19,141 step=9740 train=2.66582 val=None lr=0.000117009
2026-09-30 22:26:19,945 step=9750 train=2.52215 val=None lr=0.00011675
2026-09-30 22:26:20,707 step=9760 train=2.52987 val=None lr=0.000116491
2026-09-30 22:26:21,567 step=9770 train=2.69196 val=None lr=0.000116233
2026-09-30 22:26:22,191 step=9780 train=2.72743 val=None lr=0.000115975
2026-09-30 22:26:22,922 step=9790 train=2.36590 val=None lr=0.000115717
2026-09-30 22:26:24,202 step=9800 train=2.65116 val=2.5776702761650085 lr=0.000115459
2026-09-30 22:26:24,912 step=9810 train=2.73694 val=None lr=0.000115202
2026-09-30 22:26:25,655 step=9820 train=2.61677 val=None lr=0.000114944
2026-09-30 22:26:26,275 step=9830 train=2.56983 val=None lr=0.000114687
2026-09-30 22:26:26,938 step=9840 train=2.52599 val=None lr=0.00011443
2026-09-30 22:26:27,633 step=9850 train=2.63065 val=None lr=0.000114174
2026-09-30 22:26:28,357 step=9860 train=2.62017 val=None lr=0.000113917
2026-09-30 22:26:29,079 step=9870 train=3.01273 val=None lr=0.000113661
2026-09-30 22:26:29,844 step=9880 train=2.68715 val=None lr=0.000113405
2026-09-30 22:26:30,606 step=9890 train=2.60605 val=None lr=0.000113149
2026-09-30 22:26:31,883 step=9900 train=2.55079 val=2.5763558864593508 lr=0.000112893
2026-09-30 22:26:32,645 step=9910 train=2.49196 val=None lr=0.000112638
2026-09-30 22:26:33,500 step=9920 train=2.78331 val=None lr=0.000112383
2026-09-30 22:26:34,317 step=9930 train=2.56695 val=None lr=0.000112128
2026-09-30 22:26:35,108 step=9940 train=2.51404 val=None lr=0.000111873
2026-09-30 22:26:35,801 step=9950 train=2.72292 val=None lr=0.000111619
2026-09-30 22:26:36,508 step=9960 train=2.83885 val=None lr=0.000111364
2026-09-30 22:26:37,272 step=9970 train=2.61942 val=None lr=0.00011111
2026-09-30 22:26:38,164 step=9980 train=2.55307 val=None lr=0.000110857
2026-09-30 22:26:38,991 step=9990 train=2.77295 val=None lr=0.000110603
2026-09-30 22:26:40,234 step=10000 train=2.67900 val=2.5726058006286623 lr=0.00011035
2026-09-30 22:26:41,517 step=10010 train=2.64064 val=None lr=0.000110096
2026-09-30 22:26:42,279 step=10020 train=2.79691 val=None lr=0.000109844
2026-09-30 22:26:40,561 step=10030 train=2.52773 val=None lr=0.000109591
2026-09-30 22:26:41,319 step=10040 train=2.49490 val=None lr=0.000109338
2026-09-30 22:26:41,964 step=10050 train=2.69331 val=None lr=0.000109086
2026-09-30 22:26:42,708 step=10060 train=2.89015 val=None lr=0.000108834
2026-09-30 22:26:43,503 step=10070 train=2.86311 val=None lr=0.000108583
2026-09-30 22:26:44,305 step=10080 train=2.59993 val=None lr=0.000108331
2026-09-30 22:26:45,158 step=10090 train=2.31383 val=None lr=0.00010808
2026-09-30 22:26:46,405 step=10100 train=2.80223 val=2.5699053406715393 lr=0.000107829
2026-09-30 22:26:47,261 step=10110 train=2.70467 val=None lr=0.000107578
2026-09-30 22:26:47,975 step=10120 train=2.57392 val=None lr=0.000107327
2026-09-30 22:26:48,664 step=10130 train=2.78187 val=None lr=0.000107077
2026-09-30 22:26:49,404 step=10140 train=2.65650 val=None lr=0.000106827
2026-09-30 22:26:50,119 step=10150 train=2.47007 val=None lr=0.000106577
2026-09-30 22:26:50,859 step=10160 train=2.46020 val=None lr=0.000106328
2026-09-30 22:26:51,624 step=10170 train=2.59274 val=None lr=0.000106078
2026-09-30 22:26:52,299 step=10180 train=2.61697 val=None lr=0.000105829
2026-09-30 22:26:52,958 step=10190 train=2.58787 val=None lr=0.00010558
2026-09-30 22:26:54,336 step=10200 train=2.56605 val=2.5646942019462586 lr=0.000105332
2026-09-30 22:26:55,121 step=10210 train=2.62960 val=None lr=0.000105084
2026-09-30 22:26:56,120 step=10220 train=2.67921 val=None lr=0.000104836
2026-09-30 22:26:57,028 step=10230 train=2.63337 val=None lr=0.000104588
2026-09-30 22:26:57,752 step=10240 train=2.58332 val=None lr=0.00010434
2026-09-30 22:26:58,685 step=10250 train=2.55707 val=None lr=0.000104093
2026-09-30 22:26:59,623 step=10260 train=2.45658 val=None lr=0.000103846
2026-09-30 22:27:00,428 step=10270 train=2.69151 val=None lr=0.000103599
2026-09-30 22:27:01,436 step=10280 train=2.57200 val=None lr=0.000103352
2026-09-30 22:27:02,223 step=10290 train=2.73907 val=None lr=0.000103106
2026-09-30 22:27:03,473 step=10300 train=2.76455 val=2.5611943364143372 lr=0.00010286
2026-09-30 22:27:04,258 step=10310 train=2.51518 val=None lr=0.000102614
2026-09-30 22:27:05,040 step=10320 train=2.60548 val=None lr=0.000102369
2026-09-30 22:27:05,829 step=10330 train=2.37055 val=None lr=0.000102124
2026-09-30 22:27:06,610 step=10340 train=2.72523 val=None lr=0.000101879
2026-09-30 22:27:07,332 step=10350 train=2.41575 val=None lr=0.000101634
2026-09-30 22:27:08,006 step=10360 train=2.25382 val=None lr=0.00010139
2026-09-30 22:27:08,712 step=10370 train=2.54337 val=None lr=0.000101146
2026-09-30 22:27:09,467 step=10380 train=2.67568 val=None lr=0.000100902
2026-09-30 22:27:10,163 step=10390 train=2.37805 val=None lr=0.000100658
2026-09-30 22:27:11,471 step=10400 train=2.71761 val=2.558436834812164 lr=0.000100415
2026-09-30 22:27:12,215 step=10410 train=2.56690 val=None lr=0.000100172
2026-09-30 22:27:10,537 step=10420 train=2.60314 val=None lr=9.99288e-05
2026-09-30 22:27:11,356 step=10430 train=2.77493 val=None lr=9.96863e-05
2026-09-30 22:27:12,230 step=10440 train=2.79873 val=None lr=9.9444e-05
2026-09-30 22:27:13,112 step=10450 train=2.72153 val=None lr=9.9202e-05
2026-09-30 22:27:13,986 step=10460 train=2.71828 val=None lr=9.89603e-05
2026-09-30 22:27:14,907 step=10470 train=2.39263 val=None lr=9.87189e-05
2026-09-30 22:27:15,641 step=10480 train=2.51343 val=None lr=9.84778e-05
2026-09-30 22:27:16,384 step=10490 train=2.56476 val=None lr=9.82369e-05
2026-09-30 22:27:17,878 step=10500 train=2.67078 val=2.556701588630676 lr=9.79963e-05
2026-09-30 22:27:19,301 step=10510 train=2.31218 val=None lr=9.7756e-05
2026-09-30 22:27:20,012 step=10520 train=2.56911 val=None lr=9.7516e-05
2026-09-30 22:27:20,818 step=10530 train=2.73698 val=None lr=9.72763e-05
2026-09-30 22:27:21,741 step=10540 train=2.67707 val=None lr=9.70368e-05
2026-09-30 22:27:22,620 step=10550 train=2.62576 val=None lr=9.67976e-05
2026-09-30 22:27:23,453 step=10560 train=3.03305 val=None lr=9.65588e-05
2026-09-30 22:27:24,189 step=10570 train=2.46504 val=None lr=9.63202e-05
2026-09-30 22:27:25,091 step=10580 train=2.77227 val=None lr=9.60819e-05
2026-09-30 22:27:25,780 step=10590 train=2.48848 val=None lr=9.58439e-05
2026-09-30 22:27:27,051 step=10600 train=2.51088 val=2.5533907532691957 lr=9.56062e-05
2026-09-30 22:27:27,891 step=10610 train=2.48542 val=None lr=9.53687e-05
2026-09-30 22:27:28,778 step=10620 train=2.71146 val=None lr=9.51316e-05
2026-09-30 22:27:29,588 step=10630 train=2.38956 val=None lr=9.48948e-05
2026-09-30 22:27:30,233 step=10640 train=2.51652 val=None lr=9.46582e-05
2026-09-30 22:27:31,353 step=10650 train=2.64983 val=None lr=9.4422e-05
2026-09-30 22:27:32,041 step=10660 train=2.42143 val=None lr=9.4186e-05
2026-09-30 22:27:32,752 step=10670 train=2.67986 val=None lr=9.39504e-05
2026-09-30 22:27:33,523 step=10680 train=2.55500 val=None lr=9.3715e-05
2026-09-30 22:27:34,246 step=10690 train=2.51162 val=None lr=9.348e-05
2026-09-30 22:27:35,509 step=10700 train=2.56622 val=2.5530187487602234 lr=9.32452e-05
2026-09-30 22:27:36,231 step=10710 train=2.37325 val=None lr=9.30107e-05
2026-09-30 22:27:36,954 step=10720 train=2.84021 val=None lr=9.27766e-05
2026-09-30 22:27:37,655 step=10730 train=2.42015 val=None lr=9.25428e-05
2026-09-30 22:27:38,349 step=10740 train=2.60469 val=None lr=9.23092e-05
2026-09-30 22:27:39,161 step=10750 train=2.52397 val=None lr=9.2076e-05
2026-09-30 22:27:39,992 step=10760 train=2.69659 val=None lr=9.18431e-05
2026-09-30 22:27:40,967 step=10770 train=2.73657 val=None lr=9.16104e-05
2026-09-30 22:27:41,779 step=10780 train=2.71663 val=None lr=9.13781e-05
2026-09-30 22:27:42,452 step=10790 train=2.61709 val=None lr=9.11461e-05
2026-09-30 22:27:41,362 step=10800 train=2.78833 val=2.5447592973709106 lr=9.09144e-05
2026-09-30 22:27:42,092 step=10810 train=2.52042 val=None lr=9.06831e-05
2026-09-30 22:27:42,890 step=10820 train=2.56649 val=None lr=9.0452e-05
2026-09-30 22:27:43,536 step=10830 train=2.77382 val=None lr=9.02213e-05
2026-09-30 22:27:44,228 step=10840 train=2.65284 val=None lr=8.99908e-05
2026-09-30 22:27:44,955 step=10850 train=2.37578 val=None lr=8.97607e-05
2026-09-30 22:27:45,614 step=10860 train=2.71506 val=None lr=8.95309e-05
2026-09-30 22:27:46,267 step=10870 train=2.74389 val=None lr=8.93014e-05
2026-09-30 22:27:46,974 step=10880 train=2.59924 val=None lr=8.90722e-05
2026-09-30 22:27:48,159 step=10890 train=2.46076 val=None lr=8.88434e-05
2026-09-30 22:27:49,226 step=10900 train=2.52828 val=2.55031977891922 lr=8.86149e-05
2026-09-30 22:27:49,946 step=10910 train=2.24970 val=None lr=8.83867e-05
2026-09-30 22:27:50,649 step=10920 train=2.68060 val=None lr=8.81588e-05
2026-09-30 22:27:51,336 step=10930 train=2.54440 val=None lr=8.79312e-05
2026-09-30 22:27:51,950 step=10940 train=2.39446 val=None lr=8.7704e-05
2026-09-30 22:27:52,695 step=10950 train=2.62465 val=None lr=8.74771e-05
2026-09-30 22:27:53,380 step=10960 train=2.66509 val=None lr=8.72505e-05
2026-09-30 22:27:54,131 step=10970 train=2.66386 val=None lr=8.70242e-05
2026-09-30 22:27:54,823 step=10980 train=2.58927 val=None lr=8.67983e-05
2026-09-30 22:27:55,494 step=10990 train=2.76702 val=None lr=8.65727e-05
2026-09-30 22:27:56,802 step=11000 train=2.44385 val=2.5423134565353394 lr=8.63475e-05
2026-09-30 22:27:57,967 step=11010 train=2.78403 val=None lr=8.61225e-05
2026-09-30 22:27:58,681 step=11020 train=2.54683 val=None lr=8.58979e-05
2026-09-30 22:27:59,679 step=11030 train=2.51987 val=None lr=8.56736e-05
2026-09-30 22:28:00,507 step=11040 train=2.62761 val=None lr=8.54497e-05
2026-09-30 22:28:01,637 step=11050 train=2.62162 val=None lr=8.52261e-05
2026-09-30 22:28:02,640 step=11060 train=2.31565 val=None lr=8.50028e-05
2026-09-30 22:28:03,339 step=11070 train=2.50094 val=None lr=8.47799e-05
2026-09-30 22:28:04,074 step=11080 train=2.98164 val=None lr=8.45573e-05
2026-09-30 22:28:04,743 step=11090 train=2.68826 val=None lr=8.43351e-05
2026-09-30 22:28:06,025 step=11100 train=2.52813 val=2.542145550251007 lr=8.41131e-05
2026-09-30 22:28:06,731 step=11110 train=2.71895 val=None lr=8.38916e-05
2026-09-30 22:28:07,448 step=11120 train=2.55663 val=None lr=8.36703e-05
2026-09-30 22:28:08,222 step=11130 train=2.34771 val=None lr=8.34494e-05
2026-09-30 22:28:08,989 step=11140 train=3.05717 val=None lr=8.32289e-05
2026-09-30 22:28:09,734 step=11150 train=3.07675 val=None lr=8.30087e-05
2026-09-30 22:28:10,507 step=11160 train=2.59351 val=None lr=8.27888e-05
2026-09-30 22:28:11,301 step=11170 train=2.47485 val=None lr=8.25693e-05
2026-09-30 22:28:12,042 step=11180 train=2.79301 val=None lr=8.23502e-05
2026-09-30 22:28:12,760 step=11190 train=2.49908 val=None lr=8.21313e-05
2026-09-30 22:28:11,616 step=11200 train=2.55701 val=2.5376036286354067 lr=8.19129e-05
2026-09-30 22:28:12,344 step=11210 train=2.75010 val=None lr=8.16947e-05
2026-09-30 22:28:13,131 step=11220 train=2.75963 val=None lr=8.1477e-05
2026-09-30 22:28:13,929 step=11230 train=2.42683 val=None lr=8.12596e-05
2026-09-30 22:28:14,722 step=11240 train=2.59966 val=None lr=8.10425e-05
2026-09-30 22:28:15,455 step=11250 train=2.67065 val=None lr=8.08258e-05
2026-09-30 22:28:16,190 step=11260 train=2.44225 val=None lr=8.06094e-05
2026-09-30 22:28:16,939 step=11270 train=2.46727 val=None lr=8.03934e-05
2026-09-30 22:28:17,664 step=11280 train=2.81146 val=None lr=8.01778e-05
2026-09-30 22:28:18,420 step=11290 train=2.65147 val=None lr=7.99625e-05
2026-09-30 22:28:19,662 step=11300 train=2.49847 val=2.535466027259827 lr=7.97476e-05
2026-09-30 22:28:20,285 step=11310 train=2.55025 val=None lr=7.9533e-05
2026-09-30 22:28:20,960 step=11320 train=2.76709 val=None lr=7.93188e-05
2026-09-30 22:28:21,765 step=11330 train=2.76001 val=None lr=7.91049e-05
2026-09-30 22:28:22,577 step=11340 train=2.39070 val=None lr=7.88914e-05
2026-09-30 22:28:23,425 step=11350 train=2.53707 val=None lr=7.86783e-05
2026-09-30 22:28:24,181 step=11360 train=2.55614 val=None lr=7.84655e-05
2026-09-30 22:28:24,845 step=11370 train=2.58106 val=None lr=7.82531e-05
2026-09-30 22:28:25,517 step=11380 train=2.46455 val=None lr=7.80411e-05
2026-09-30 22:28:26,241 step=11390 train=2.42186 val=None lr=7.78294e-05
2026-09-30 22:28:27,866 step=11400 train=2.53129 val=2.5333909392356873 lr=7.76181e-05
2026-09-30 22:28:28,508 step=11410 train=2.66153 val=None lr=7.74072e-05
2026-09-30 22:28:29,329 step=11420 train=2.74972 val=None lr=7.71966e-05
2026-09-30 22:28:30,018 step=11430 train=2.49461 val=None lr=7.69864e-05
2026-09-30 22:28:30,900 step=11440 train=3.00784 val=None lr=7.67766e-05
2026-09-30 22:28:31,594 step=11450 train=2.64296 val=None lr=7.65672e-05
2026-09-30 22:28:32,260 step=11460 train=2.66363 val=None lr=7.63581e-05
2026-09-30 22:28:32,962 step=11470 train=2.46056 val=None lr=7.61494e-05
2026-09-30 22:28:33,687 step=11480 train=2.76893 val=None lr=7.5941e-05
2026-09-30 22:28:34,396 step=11490 train=2.66462 val=None lr=7.57331e-05
2026-09-30 22:28:35,765 step=11500 train=2.34573 val=2.5322459816932676 lr=7.55255e-05
2026-09-30 22:28:36,925 step=11510 train=2.54148 val=None lr=7.53183e-05
2026-09-30 22:28:37,672 step=11520 train=2.65142 val=None lr=7.51115e-05
2026-09-30 22:28:38,419 step=11530 train=2.42591 val=None lr=7.4905e-05
2026-09-30 22:28:39,056 step=11540 train=2.41674 val=None lr=7.46989e-05
2026-09-30 22:28:39,814 step=11550 train=2.57888 val=None lr=7.44932e-05
2026-09-30 22:28:40,614 step=11560 train=2.94981 val=None lr=7.42879e-05
2026-09-30 22:28:41,367 step=11570 train=2.60033 val=None lr=7.4083e-05
2026-09-30 22:28:42,109 step=11580 train=2.78643 val=None lr=7.38785e-05
2026-09-30 22:28:40,534 step=11590 train=2.24253 val=None lr=7.36743e-05
2026-09-30 22:28:41,780 step=11600 train=2.43260 val=2.5296895146369933 lr=7.34705e-05
2026-09-30 22:28:42,650 step=11610 train=2.48287 val=None lr=7.32671e-05
2026-09-30 22:28:43,358 step=11620 train=2.62506 val=None lr=7.30641e-05
2026-09-30 22:28:44,026 step=11630 train=2.56668 val=None lr=7.28615e-05
2026-09-30 22:28:44,703 step=11640 train=2.59637 val=None lr=7.26593e-05
2026-09-30 22:28:45,485 step=11650 train=2.59381 val=None lr=7.24574e-05
2026-09-30 22:28:46,334 step=11660 train=2.52206 val=None lr=7.2256e-05
2026-09-30 22:28:47,088 step=11670 train=2.51229 val=None lr=7.20549e-05
2026-09-30 22:28:47,811 step=11680 train=2.74791 val=None lr=7.18542e-05
2026-09-30 22:28:48,624 step=11690 train=2.53211 val=None lr=7.16539e-05
2026-09-30 22:28:49,849 step=11700 train=2.75391 val=2.52634801864624 lr=7.1454e-05
2026-09-30 22:28:50,681 step=11710 train=2.43860 val=None lr=7.12546e-05
2026-09-30 22:28:51,448 step=11720 train=2.67293 val=None lr=7.10555e-05
2026-09-30 22:28:52,180 step=11730 train=2.59653 val=None lr=7.08567e-05
2026-09-30 22:28:52,880 step=11740 train=2.55715 val=None lr=7.06584e-05
2026-09-30 22:28:53,666 step=11750 train=2.86043 val=None lr=7.04605e-05
2026-09-30 22:28:54,473 step=11760 train=2.53870 val=None lr=7.0263e-05
2026-09-30 22:28:55,172 step=11770 train=2.55746 val=None lr=7.00659e-05
2026-09-30 22:28:56,091 step=11780 train=2.62798 val=None lr=6.98692e-05
2026-09-30 22:28:56,970 step=11790 train=2.70533 val=None lr=6.96729e-05
2026-09-30 22:28:58,333 step=11800 train=2.74613 val=2.524088108539581 lr=6.9477e-05
2026-09-30 22:28:59,047 step=11810 train=2.44358 val=None lr=6.92814e-05
2026-09-30 22:28:59,845 step=11820 train=2.72459 val=None lr=6.90863e-05
2026-09-30 22:29:00,580 step=11830 train=2.60714 val=None lr=6.88916e-05
2026-09-30 22:29:01,498 step=11840 train=2.80312 val=None lr=6.86973e-05
2026-09-30 22:29:02,281 step=11850 train=2.60922 val=None lr=6.85034e-05
2026-09-30 22:29:02,932 step=11860 train=2.44080 val=None lr=6.83099e-05
2026-09-30 22:29:03,829 step=11870 train=2.54534 val=None lr=6.81169e-05
2026-09-30 22:29:04,544 step=11880 train=2.64292 val=None lr=6.79242e-05
2026-09-30 22:29:05,253 step=11890 train=2.58319 val=None lr=6.77319e-05
2026-09-30 22:29:06,445 step=11900 train=2.58807 val=2.5217892646789553 lr=6.75401e-05
2026-09-30 22:29:07,158 step=11910 train=2.40090 val=None lr=6.73486e-05
2026-09-30 22:29:07,850 step=11920 train=2.87378 val=None lr=6.71576e-05
2026-09-30 22:29:08,501 step=11930 train=2.50973 val=None lr=6.6967e-05
2026-09-30 22:29:09,176 step=11940 train=2.96065 val=None lr=6.67768e-05
2026-09-30 22:29:09,933 step=11950 train=2.14812 val=None lr=6.6587e-05
2026-09-30 22:29:10,855 step=11960 train=2.59591 val=None lr=6.63976e-05
2026-09-30 22:29:11,799 step=11970 train=2.63084 val=None lr=6.62086e-05
2026-09-30 22:29:12,682 step=11980 train=2.33161 val=None lr=6.60201e-05
2026-09-30 22:29:10,983 step=11990 train=2.79918 val=None lr=6.58319e-05
2026-09-30 22:29:12,002 step=12000 train=2.72744 val=2.5221802234649657 lr=6.56442e-05
2026-09-30 22:29:13,311 step=12010 train=2.58088 val=None lr=6.54569e-05
2026-09-30 22:29:14,049 step=12020 train=2.70241 val=None lr=6.527e-05
2026-09-30 22:29:14,759 step=12030 train=2.52681 val=None lr=6.50836e-05
2026-09-30 22:29:15,544 step=12040 train=2.37311 val=None lr=6.48975e-05
2026-09-30 22:29:16,438 step=12050 train=2.82405 val=None lr=6.47119e-05
2026-09-30 22:29:17,296 step=12060 train=2.59818 val=None lr=6.45267e-05
2026-09-30 22:29:17,963 step=12070 train=2.60050 val=None lr=6.43419e-05
2026-09-30 22:29:18,670 step=12080 train=2.35469 val=None lr=6.41576e-05
2026-09-30 22:29:19,403 step=12090 train=2.90081 val=None lr=6.39737e-05
2026-09-30 22:29:20,746 step=12100 train=2.40772 val=2.518900966644287 lr=6.37902e-05
2026-09-30 22:29:21,459 step=12110 train=2.74329 val=None lr=6.36071e-05
2026-09-30 22:29:22,170 step=12120 train=2.63719 val=None lr=6.34244e-05
2026-09-30 22:29:22,865 step=12130 train=2.43219 val=None lr=6.32422e-05
2026-09-30 22:29:23,570 step=12140 train=2.35348 val=None lr=6.30604e-05
2026-09-30 22:29:24,210 step=12150 train=2.63275 val=None lr=6.28791e-05
2026-09-30 22:29:24,937 step=12160 train=2.48746 val=None lr=6.26981e-05
2026-09-30 22:29:25,649 step=12170 train=2.48113 val=None lr=6.25176e-05
2026-09-30 22:29:26,375 step=12180 train=2.66423 val=None lr=6.23376e-05
2026-09-30 22:29:27,033 step=12190 train=2.50319 val=None lr=6.21579e-05
2026-09-30 22:29:28,408 step=12200 train=2.63565 val=2.517263638973236 lr=6.19787e-05
2026-09-30 22:29:29,094 step=12210 train=2.64716 val=None lr=6.17999e-05
2026-09-30 22:29:29,771 step=12220 train=2.34132 val=None lr=6.16216e-05
2026-09-30 22:29:30,404 step=12230 train=2.65692 val=None lr=6.14437e-05
2026-09-30 22:29:31,224 step=12240 train=2.84722 val=None lr=6.12662e-05
2026-09-30 22:29:32,006 step=12250 train=2.63077 val=None lr=6.10892e-05
2026-09-30 22:29:32,918 step=12260 train=2.27512 val=None lr=6.09126e-05
2026-09-30 22:29:33,691 step=12270 train=2.53849 val=None lr=6.07364e-05
2026-09-30 22:29:34,685 step=12280 train=2.46571 val=None lr=6.05607e-05
2026-09-30 22:29:35,475 step=12290 train=2.42528 val=None lr=6.03855e-05
2026-09-30 22:29:36,678 step=12300 train=2.50944 val=2.5167585253715514 lr=6.02106e-05
2026-09-30 22:29:37,317 step=12310 train=2.62131 val=None lr=6.00362e-05
2026-09-30 22:29:38,103 step=12320 train=2.55222 val=None lr=5.98623e-05
2026-09-30 22:29:38,765 step=12330 train=2.56581 val=None lr=5.96888e-05
2026-09-30 22:29:39,616 step=12340 train=2.61018 val=None lr=5.95157e-05
2026-09-30 22:29:40,321 step=12350 train=2.45405 val=None lr=5.93431e-05
2026-09-30 22:29:41,013 step=12360 train=2.47085 val=None lr=5.91709e-05
2026-09-30 22:29:41,652 step=12370 train=2.93086 val=None lr=5.89991e-05
2026-09-30 22:29:42,320 step=12380 train=2.52592 val=None lr=5.88279e-05
2026-09-30 22:29:40,545 step=12390 train=2.64153 val=None lr=5.8657e-05
2026-09-30 22:29:42,071 step=12400 train=2.45912 val=2.5143519282341003 lr=5.84866e-05
2026-09-30 22:29:42,695 step=12410 train=2.51406 val=None lr=5.83167e-05
2026-09-30 22:29:43,462 step=12420 train=2.73327 val=None lr=5.81472e-05
2026-09-30 22:29:44,241 step=12430 train=2.58751 val=None lr=5.79781e-05
2026-09-30 22:29:44,954 step=12440 train=2.77595 val=None lr=5.78095e-05
2026-09-30 22:29:45,653 step=12450 train=2.41737 val=None lr=5.76414e-05
2026-09-30 22:29:46,564 step=12460 train=2.55772 val=None lr=5.74737e-05
2026-09-30 22:29:47,419 step=12470 train=2.64250 val=None lr=5.73065e-05
2026-09-30 22:29:48,046 step=12480 train=2.43682 val=None lr=5.71397e-05
2026-09-30 22:29:48,844 step=12490 train=2.59692 val=None lr=5.69733e-05
2026-09-30 22:29:50,342 step=12500 train=2.51752 val=2.510862910747528 lr=5.68075e-05
2026-09-30 22:29:51,602 step=12510 train=2.71680 val=None lr=5.6642e-05
2026-09-30 22:29:52,507 step=12520 train=2.53000 val=None lr=5.64771e-05
2026-09-30 22:29:53,251 step=12530 train=2.75123 val=None lr=5.63126e-05
2026-09-30 22:29:54,004 step=12540 train=2.56748 val=None lr=5.61485e-05
2026-09-30 22:29:54,684 step=12550 train=2.45832 val=None lr=5.59849e-05
2026-09-30 22:29:55,472 step=12560 train=2.57528 val=None lr=5.58218e-05
2026-09-30 22:29:56,154 step=12570 train=2.89603 val=None lr=5.56591e-05
2026-09-30 22:29:57,016 step=12580 train=2.45964 val=None lr=5.54969e-05
2026-09-30 22:29:57,722 step=12590 train=2.82453 val=None lr=5.53351e-05
2026-09-30 22:29:58,891 step=12600 train=2.38248 val=2.5096590518951416 lr=5.51739e-05
2026-09-30 22:29:59,571 step=12610 train=2.46161 val=None lr=5.5013e-05
2026-09-30 22:30:00,288 step=12620 train=2.52204 val=None lr=5.48527e-05
2026-09-30 22:30:00,991 step=12630 train=2.63051 val=None lr=5.46927e-05
2026-09-30 22:30:01,670 step=12640 train=2.60008 val=None lr=5.45333e-05
2026-09-30 22:30:02,336 step=12650 train=2.34714 val=None lr=5.43743e-05
2026-09-30 22:30:03,093 step=12660 train=2.45526 val=None lr=5.42158e-05
2026-09-30 22:30:03,803 step=12670 train=2.65202 val=None lr=5.40578e-05
2026-09-30 22:30:04,514 step=12680 train=2.63104 val=None lr=5.39002e-05
2026-09-30 22:30:05,225 step=12690 train=2.48800 val=None lr=5.37431e-05
2026-09-30 22:30:06,609 step=12700 train=2.67085 val=2.5081789970397947 lr=5.35865e-05
2026-09-30 22:30:07,748 step=12710 train=2.60641 val=None lr=5.34303e-05
2026-09-30 22:30:08,651 step=12720 train=2.42195 val=None lr=5.32746e-05
2026-09-30 22:30:09,430 step=12730 train=2.48442 val=None lr=5.31194e-05
2026-09-30 22:30:10,175 step=12740 train=2.53942 val=None lr=5.29646e-05
2026-09-30 22:30:10,846 step=12750 train=2.87086 val=None lr=5.28103e-05
2026-09-30 22:30:11,716 step=12760 train=2.58623 val=None lr=5.26565e-05
2026-09-30 22:30:12,470 step=12770 train=2.52029 val=None lr=5.25031e-05
2026-09-30 22:30:10,650 step=12780 train=2.71019 val=None lr=5.23503e-05
2026-09-30 22:30:11,398 step=12790 train=2.43480 val=None lr=5.21979e-05
2026-09-30 22:30:12,867 step=12800 train=2.31244 val=2.507758009433746 lr=5.2046e-05
2026-09-30 22:30:13,523 step=12810 train=2.65841 val=None lr=5.18945e-05
2026-09-30 22:30:14,219 step=12820 train=2.42237 val=None lr=5.17435e-05
2026-09-30 22:30:14,976 step=12830 train=2.50716 val=None lr=5.1593e-05
2026-09-30 22:30:15,707 step=12840 train=2.56192 val=None lr=5.1443e-05
2026-09-30 22:30:16,531 step=12850 train=2.81773 val=None lr=5.12935e-05
2026-09-30 22:30:17,212 step=12860 train=2.63661 val=None lr=5.11444e-05
2026-09-30 22:30:18,042 step=12870 train=2.64969 val=None lr=5.09958e-05
2026-09-30 22:30:18,791 step=12880 train=2.43851 val=None lr=5.08477e-05
2026-09-30 22:30:19,654 step=12890 train=2.51550 val=None lr=5.07001e-05
2026-09-30 22:30:20,980 step=12900 train=2.90724 val=2.5062400937080382 lr=5.0553e-05
2026-09-30 22:30:21,660 step=12910 train=2.61115 val=None lr=5.04063e-05
2026-09-30 22:30:22,436 step=12920 train=2.54384 val=None lr=5.02602e-05
2026-09-30 22:30:23,099 step=12930 train=2.65235 val=None lr=5.01145e-05
2026-09-30 22:30:24,074 step=12940 train=2.29994 val=None lr=4.99693e-05
2026-09-30 22:30:24,780 step=12950 train=2.60965 val=None lr=4.98245e-05
2026-09-30 22:30:25,431 step=12960 train=2.36774 val=None lr=4.96803e-05
2026-09-30 22:30:26,078 step=12970 train=2.61487 val=None lr=4.95365e-05
2026-09-30 22:30:26,861 step=12980 train=2.44854 val=None lr=4.93933e-05
2026-09-30 22:30:27,589 step=12990 train=2.48156 val=None lr=4.92505e-05
2026-09-30 22:30:28,745 step=13000 train=2.51002 val=2.5046098589897157 lr=4.91082e-05
2026-09-30 22:30:30,088 step=13010 train=2.68440 val=None lr=4.89664e-05
2026-09-30 22:30:30,775 step=13020 train=2.76606 val=None lr=4.88251e-05
2026-09-30 22:30:31,516 step=13030 train=2.59215 val=None lr=4.86842e-05
2026-09-30 22:30:32,517 step=13040 train=2.64272 val=None lr=4.85439e-05
2026-09-30 22:30:33,388 step=13050 train=2.41504 val=None lr=4.84041e-05
2026-09-30 22:30:34,067 step=13060 train=2.52049 val=None lr=4.82647e-05
2026-09-30 22:30:34,785 step=13070 train=2.55104 val=None lr=4.81258e-05
2026-09-30 22:30:35,516 step=13080 train=2.65534 val=None lr=4.79875e-05
2026-09-30 22:30:36,269 step=13090 train=2.45421 val=None lr=4.78496e-05
2026-09-30 22:30:37,553 step=13100 train=2.34660 val=2.502923083305359 lr=4.77122e-05
2026-09-30 22:30:38,152 step=13110 train=2.64343 val=None lr=4.75753e-05
2026-09-30 22:30:38,828 step=13120 train=2.55679 val=None lr=4.74389e-05
2026-09-30 22:30:39,501 step=13130 train=2.48943 val=None lr=4.7303e-05
2026-09-30 22:30:40,176 step=13140 train=2.30048 val=None lr=4.71676e-05
2026-09-30 22:30:40,887 step=13150 train=2.25707 val=None lr=4.70326e-05
2026-09-30 22:30:41,599 step=13160 train=2.85438 val=None lr=4.68982e-05
2026-09-30 22:30:42,276 step=13170 train=2.79026 val=None lr=4.67643e-05
2026-09-30 22:30:40,514 step=13180 train=2.25677 val=None lr=4.66309e-05
2026-09-30 22:30:41,284 step=13190 train=2.83237 val=None lr=4.6498e-05
2026-09-30 22:30:42,648 step=13200 train=2.78073 val=2.5016607522964476 lr=4.63655e-05
2026-09-30 22:30:43,376 step=13210 train=2.71721 val=None lr=4.62336e-05
2026-09-30 22:30:44,038 step=13220 train=2.47300 val=None lr=4.61022e-05
2026-09-30 22:30:44,750 step=13230 train=2.36518 val=None lr=4.59712e-05
2026-09-30 22:30:45,535 step=13240 train=2.62675 val=None lr=4.58408e-05
2026-09-30 22:30:46,196 step=13250 train=2.63914 val=None lr=4.57109e-05
2026-09-30 22:30:46,950 step=13260 train=2.52463 val=None lr=4.55815e-05
2026-09-30 22:30:47,640 step=13270 train=2.33877 val=None lr=4.54525e-05
2026-09-30 22:30:48,434 step=13280 train=2.56784 val=None lr=4.53241e-05
2026-09-30 22:30:49,124 step=13290 train=2.49223 val=None lr=4.51962e-05
2026-09-30 22:30:50,402 step=13300 train=2.36017 val=2.5014785051345827 lr=4.50688e-05
2026-09-30 22:30:51,049 step=13310 train=2.89089 val=None lr=4.49419e-05
2026-09-30 22:30:51,812 step=13320 train=2.49760 val=None lr=4.48155e-05
2026-09-30 22:30:52,480 step=13330 train=2.65855 val=None lr=4.46896e-05
2026-09-30 22:30:53,185 step=13340 train=3.13620 val=None lr=4.45642e-05
2026-09-30 22:30:53,948 step=13350 train=2.58006 val=None lr=4.44393e-05
2026-09-30 22:30:54,733 step=13360 train=2.46009 val=None lr=4.4315e-05
2026-09-30 22:30:55,380 step=13370 train=2.37766 val=None lr=4.41911e-05
2026-09-30 22:30:56,180 step=13380 train=2.45370 val=None lr=4.40677e-05
2026-09-30 22:30:56,969 step=13390 train=2.41433 val=None lr=4.39449e-05
2026-09-30 22:30:58,299 step=13400 train=2.47526 val=2.4974762916564943 lr=4.38226e-05
2026-09-30 22:30:58,995 step=13410 train=2.49994 val=None lr=4.37007e-05
2026-09-30 22:30:59,874 step=13420 train=2.56864 val=None lr=4.35794e-05
2026-09-30 22:31:00,805 step=13430 train=2.53217 val=None lr=4.34586e-05
2026-09-30 22:31:01,531 step=13440 train=2.97211 val=None lr=4.33383e-05
2026-09-30 22:31:02,370 step=13450 train=2.51521 val=None lr=4.32185e-05
2026-09-30 22:31:03,140 step=13460 train=2.90622 val=None lr=4.30993e-05
2026-09-30 22:31:03,948 step=13470 train=2.58611 val=None lr=4.29805e-05
2026-09-30 22:31:04,683 step=13480 train=2.47085 val=None lr=4.28623e-05
2026-09-30 22:31:05,385 step=13490 train=2.75760 val=None lr=4.27445e-05
2026-09-30 22:31:06,501 step=13500 train=2.93448 val=2.4975765705108643 lr=4.26273e-05
2026-09-30 22:31:07,813 step=13510 train=2.53464 val=None lr=4.25106e-05
2026-09-30 22:31:08,550 step=13520 train=2.65914 val=None lr=4.23944e-05
2026-09-30 22:31:09,247 step=13530 train=2.55409 val=None lr=4.22788e-05
2026-09-30 22:31:09,926 step=13540 train=2.92955 val=None lr=4.21636e-05
2026-09-30 22:31:10,578 step=13550 train=2.46376 val=None lr=4.2049e-05
2026-09-30 22:31:11,204 step=13560 train=2.51207 val=None lr=4.19349e-05
2026-09-30 22:31:11,867 step=13570 train=2.25853 val=None lr=4.18213e-05
2026-09-30 22:31:12,567 step=13580 train=2.40387 val=None lr=4.17082e-05
2026-09-30 22:31:10,796 step=13590 train=2.57539 val=None lr=4.15956e-05
2026-09-30 22:31:11,996 step=13600 train=2.61380 val=2.49514377117157 lr=4.14836e-05
2026-09-30 22:31:12,716 step=13610 train=2.37584 val=None lr=4.13721e-05
2026-09-30 22:31:13,356 step=13620 train=2.71309 val=None lr=4.12611e-05
2026-09-30 22:31:14,104 step=13630 train=2.54572 val=None lr=4.11506e-05
2026-09-30 22:31:14,834 step=13640 train=2.52074 val=None lr=4.10406e-05
2026-09-30 22:31:15,666 step=13650 train=2.55562 val=None lr=4.09312e-05
2026-09-30 22:31:16,449 step=13660 train=2.58253 val=None lr=4.08223e-05
2026-09-30 22:31:17,101 step=13670 train=2.62391 val=None lr=4.07139e-05
2026-09-30 22:31:17,734 step=13680 train=2.54071 val=None lr=4.0606e-05
2026-09-30 22:31:18,484 step=13690 train=2.40654 val=None lr=4.04987e-05
2026-09-30 22:31:19,675 step=13700 train=2.50385 val=2.4935404539108275 lr=4.03918e-05
2026-09-30 22:31:20,390 step=13710 train=2.32513 val=None lr=4.02855e-05
2026-09-30 22:31:21,112 step=13720 train=2.48744 val=None lr=4.01798e-05
2026-09-30 22:31:21,911 step=13730 train=2.57298 val=None lr=4.00745e-05
2026-09-30 22:31:22,802 step=13740 train=2.58477 val=None lr=3.99698e-05
2026-09-30 22:31:23,488 step=13750 train=2.53991 val=None lr=3.98656e-05
2026-09-30 22:31:24,163 step=13760 train=2.45742 val=None lr=3.97619e-05
2026-09-30 22:31:24,827 step=13770 train=2.34558 val=None lr=3.96588e-05
2026-09-30 22:31:25,561 step=13780 train=2.78336 val=None lr=3.95562e-05
2026-09-30 22:31:26,380 step=13790 train=2.55731 val=None lr=3.94541e-05
2026-09-30 22:31:27,760 step=13800 train=2.26681 val=2.493251848220825 lr=3.93525e-05
2026-09-30 22:31:28,619 step=13810 train=2.64793 val=None lr=3.92515e-05
2026-09-30 22:31:29,393 step=13820 train=2.55312 val=None lr=3.9151e-05
2026-09-30 22:31:30,044 step=13830 train=3.02168 val=None lr=3.9051e-05
2026-09-30 22:31:30,770 step=13840 train=2.54382 val=None lr=3.89516e-05
2026-09-30 22:31:31,537 step=13850 train=2.28854 val=None lr=3.88527e-05
2026-09-30 22:31:32,337 step=13860 train=3.04110 val=None lr=3.87543e-05
2026-09-30 22:31:33,059 step=13870 train=2.62578 val=None lr=3.86565e-05
2026-09-30 22:31:33,753 step=13880 train=2.80156 val=None lr=3.85591e-05
2026-09-30 22:31:34,622 step=13890 train=2.45147 val=None lr=3.84624e-05
2026-09-30 22:31:36,277 step=13900 train=2.55107 val=2.4919289112091065 lr=3.83661e-05
2026-09-30 22:31:37,015 step=13910 train=2.52793 val=None lr=3.82704e-05
2026-09-30 22:31:37,782 step=13920 train=2.55723 val=None lr=3.81752e-05
2026-09-30 22:31:38,568 step=13930 train=2.39434 val=None lr=3.80806e-05
2026-09-30 22:31:39,288 step=13940 train=2.75923 val=None lr=3.79864e-05
2026-09-30 22:31:39,994 step=13950 train=2.81541 val=None lr=3.78929e-05
2026-09-30 22:31:40,783 step=13960 train=2.66771 val=None lr=3.77998e-05
2026-09-30 22:31:41,539 step=13970 train=2.90733 val=None lr=3.77073e-05
2026-09-30 22:31:42,285 step=13980 train=2.52674 val=None lr=3.76153e-05
2026-09-30 22:31:42,926 step=13990 train=3.00970 val=None lr=3.75239e-05
2026-09-30 22:31:41,779 step=14000 train=2.42486 val=2.4904927253723144 lr=3.7433e-05
2026-09-30 22:31:43,083 step=14010 train=2.56523 val=None lr=3.73426e-05
2026-09-30 22:31:43,808 step=14020 train=2.44044 val=None lr=3.72528e-05
2026-09-30 22:31:44,713 step=14030 train=2.73590 val=None lr=3.71635e-05
2026-09-30 22:31:45,416 step=14040 train=2.68352 val=None lr=3.70748e-05
2026-09-30 22:31:46,021 step=14050 train=2.55398 val=None lr=3.69865e-05
2026-09-30 22:31:46,733 step=14060 train=2.35089 val=None lr=3.68989e-05
2026-09-30 22:31:47,418 step=14070 train=2.54383 val=None lr=3.68117e-05
2026-09-30 22:31:48,115 step=14080 train=2.64989 val=None lr=3.67251e-05
2026-09-30 22:31:48,825 step=14090 train=2.49880 val=None lr=3.66391e-05
2026-09-30 22:31:50,026 step=14100 train=2.68207 val=2.4903344750404357 lr=3.65536e-05
2026-09-30 22:31:50,737 step=14110 train=2.57664 val=None lr=3.64686e-05
2026-09-30 22:31:51,462 step=14120 train=2.52260 val=None lr=3.63841e-05
2026-09-30 22:31:52,152 step=14130 train=2.69696 val=None lr=3.63003e-05
2026-09-30 22:31:52,849 step=14140 train=2.56975 val=None lr=3.62169e-05
2026-09-30 22:31:53,505 step=14150 train=2.63853 val=None lr=3.61341e-05
2026-09-30 22:31:54,229 step=14160 train=2.64839 val=None lr=3.60518e-05
2026-09-30 22:31:55,244 step=14170 train=2.70250 val=None lr=3.59701e-05
2026-09-30 22:31:55,879 step=14180 train=2.61178 val=None lr=3.58889e-05
2026-09-30 22:31:56,713 step=14190 train=2.61848 val=None lr=3.58083e-05
2026-09-30 22:31:58,035 step=14200 train=2.61119 val=2.48800675868988 lr=3.57282e-05
2026-09-30 22:31:58,701 step=14210 train=2.68866 val=None lr=3.56486e-05
2026-09-30 22:31:59,554 step=14220 train=2.54825 val=None lr=3.55696e-05
2026-09-30 22:32:00,228 step=14230 train=2.82873 val=None lr=3.54912e-05
2026-09-30 22:32:01,057 step=14240 train=2.37459 val=None lr=3.54133e-05
2026-09-30 22:32:01,848 step=14250 train=2.91987 val=None lr=3.53359e-05
2026-09-30 22:32:02,897 step=14260 train=2.59163 val=None lr=3.52591e-05
2026-09-30 22:32:03,716 step=14270 train=2.62944 val=None lr=3.51828e-05
2026-09-30 22:32:04,427 step=14280 train=2.31909 val=None lr=3.5107e-05
2026-09-30 22:32:05,040 step=14290 train=2.54525 val=None lr=3.50319e-05
2026-09-30 22:32:06,390 step=14300 train=2.44571 val=2.487635314464569 lr=3.49572e-05
2026-09-30 22:32:07,165 step=14310 train=2.90851 val=None lr=3.48831e-05
2026-09-30 22:32:07,859 step=14320 train=2.45429 val=None lr=3.48096e-05
2026-09-30 22:32:08,910 step=14330 train=2.51518 val=None lr=3.47366e-05
2026-09-30 22:32:09,544 step=14340 train=2.28364 val=None lr=3.46641e-05
2026-09-30 22:32:10,322 step=14350 train=2.95511 val=None lr=3.45923e-05
2026-09-30 22:32:11,068 step=14360 train=2.32739 val=None lr=3.45209e-05
2026-09-30 22:32:11,850 step=14370 train=2.57782 val=None lr=3.44501e-05
2026-09-30 22:32:12,652 step=14380 train=2.50319 val=None lr=3.43798e-05
2026-09-30 22:32:11,060 step=14390 train=2.79361 val=None lr=3.43101e-05
2026-09-30 22:32:12,510 step=14400 train=2.62257 val=2.486898136138916 lr=3.4241e-05
2026-09-30 22:32:13,300 step=14410 train=2.76820 val=None lr=3.41724e-05
2026-09-30 22:32:14,095 step=14420 train=2.52257 val=None lr=3.41043e-05
2026-09-30 22:32:14,820 step=14430 train=2.38137 val=None lr=3.40368e-05
2026-09-30 22:32:15,471 step=14440 train=2.59699 val=None lr=3.39699e-05
2026-09-30 22:32:16,302 step=14450 train=2.45476 val=None lr=3.39035e-05
2026-09-30 22:32:16,985 step=14460 train=2.72763 val=None lr=3.38377e-05
2026-09-30 22:32:17,804 step=14470 train=2.82376 val=None lr=3.37724e-05
2026-09-30 22:32:18,618 step=14480 train=2.43872 val=None lr=3.37076e-05
2026-09-30 22:32:19,367 step=14490 train=2.58823 val=None lr=3.36434e-05
2026-09-30 22:32:20,628 step=14500 train=2.60179 val=2.486757016181946 lr=3.35798e-05
2026-09-30 22:32:21,802 step=14510 train=2.35743 val=None lr=3.35167e-05
2026-09-30 22:32:22,507 step=14520 train=2.39558 val=None lr=3.34542e-05
2026-09-30 22:32:23,279 step=14530 train=2.43052 val=None lr=3.33922e-05
2026-09-30 22:32:24,104 step=14540 train=2.30764 val=None lr=3.33308e-05
2026-09-30 22:32:24,851 step=14550 train=2.45583 val=None lr=3.32699e-05
2026-09-30 22:32:25,521 step=14560 train=2.58030 val=None lr=3.32096e-05
2026-09-30 22:32:26,363 step=14570 train=2.53389 val=None lr=3.31499e-05
2026-09-30 22:32:27,224 step=14580 train=2.83306 val=None lr=3.30907e-05
2026-09-30 22:32:28,017 step=14590 train=2.61674 val=None lr=3.3032e-05
2026-09-30 22:32:29,316 step=14600 train=2.52934 val=2.485315537452698 lr=3.29739e-05
2026-09-30 22:32:29,998 step=14610 train=2.65581 val=None lr=3.29164e-05
2026-09-30 22:32:30,660 step=14620 train=2.60981 val=None lr=3.28594e-05
2026-09-30 22:32:31,287 step=14630 train=2.61943 val=None lr=3.2803e-05
2026-09-30 22:32:32,157 step=14640 train=2.58837 val=None lr=3.27471e-05
2026-09-30 22:32:32,812 step=14650 train=2.76374 val=None lr=3.26918e-05
2026-09-30 22:32:33,474 step=14660 train=2.54653 val=None lr=3.26371e-05
2026-09-30 22:32:34,114 step=14670 train=2.53798 val=None lr=3.25829e-05
2026-09-30 22:32:34,859 step=14680 train=2.56368 val=None lr=3.25292e-05
2026-09-30 22:32:35,609 step=14690 train=2.78420 val=None lr=3.24761e-05
2026-09-30 22:32:37,035 step=14700 train=2.18330 val=2.4842249870300295 lr=3.24236e-05
2026-09-30 22:32:37,707 step=14710 train=2.77004 val=None lr=3.23716e-05
2026-09-30 22:32:38,407 step=14720 train=2.61553 val=None lr=3.23202e-05
2026-09-30 22:32:39,016 step=14730 train=2.62821 val=None lr=3.22694e-05
2026-09-30 22:32:39,685 step=14740 train=2.55464 val=None lr=3.22191e-05
2026-09-30 22:32:40,341 step=14750 train=2.49954 val=None lr=3.21694e-05
2026-09-30 22:32:41,019 step=14760 train=2.60356 val=None lr=3.21202e-05
2026-09-30 22:32:41,806 step=14770 train=2.46818 val=None lr=3.20716e-05
2026-09-30 22:32:42,692 step=14780 train=2.48533 val=None lr=3.20235e-05
2026-09-30 22:32:40,868 step=14790 train=2.29170 val=None lr=3.1976e-05
2026-09-30 22:32:42,071 step=14800 train=2.40392 val=2.4832860112190245 lr=3.19291e-05
2026-09-30 22:32:42,766 step=14810 train=2.34552 val=None lr=3.18827e-05
2026-09-30 22:32:43,460 step=14820 train=2.42496 val=None lr=3.18369e-05
2026-09-30 22:32:44,203 step=14830 train=2.43396 val=None lr=3.17917e-05
2026-09-30 22:32:44,842 step=14840 train=2.58141 val=None lr=3.1747e-05
2026-09-30 22:32:45,455 step=14850 train=2.52341 val=None lr=3.17028e-05
2026-09-30 22:32:46,097 step=14860 train=2.59231 val=None lr=3.16593e-05
2026-09-30 22:32:46,867 step=14870 train=2.24068 val=None lr=3.16162e-05
2026-09-30 22:32:47,757 step=14880 train=2.39735 val=None lr=3.15738e-05
2026-09-30 22:32:48,494 step=14890 train=2.69144 val=None lr=3.15319e-05
2026-09-30 22:32:49,731 step=14900 train=2.47958 val=2.4832990884780886 lr=3.14906e-05
2026-09-30 22:32:50,381 step=14910 train=2.60524 val=None lr=3.14498e-05
2026-09-30 22:32:51,237 step=14920 train=2.59884 val=None lr=3.14096e-05
2026-09-30 22:32:51,914 step=14930 train=2.62014 val=None lr=3.137e-05
2026-09-30 22:32:52,709 step=14940 train=2.62482 val=None lr=3.13309e-05
2026-09-30 22:32:53,341 step=14950 train=2.29754 val=None lr=3.12924e-05
2026-09-30 22:32:54,150 step=14960 train=2.71558 val=None lr=3.12544e-05
2026-09-30 22:32:54,912 step=14970 train=2.34580 val=None lr=3.12171e-05
2026-09-30 22:32:55,564 step=14980 train=2.62968 val=None lr=3.11802e-05
2026-09-30 22:32:56,212 step=14990 train=2.62354 val=None lr=3.1144e-05
2026-09-30 22:32:57,410 step=15000 train=2.81568 val=2.4823207020759583 lr=3.11083e-05
2026-09-30 22:32:58,712 step=15010 train=2.32691 val=None lr=3.10731e-05
2026-09-30 22:32:59,479 step=15020 train=2.56090 val=None lr=3.10386e-05
2026-09-30 22:33:00,297 step=15030 train=2.48063 val=None lr=3.10046e-05
2026-09-30 22:33:01,030 step=15040 train=2.54223 val=None lr=3.09711e-05
2026-09-30 22:33:01,812 step=15050 train=2.42732 val=None lr=3.09382e-05
2026-09-30 22:33:02,571 step=15060 train=2.44409 val=None lr=3.09059e-05
2026-09-30 22:33:03,405 step=15070 train=2.38059 val=None lr=3.08742e-05
2026-09-30 22:33:04,076 step=15080 train=2.74161 val=None lr=3.0843e-05
2026-09-30 22:33:04,825 step=15090 train=2.47342 val=None lr=3.08124e-05
2026-09-30 22:33:05,959 step=15100 train=2.51456 val=2.4813966393470763 lr=3.07823e-05
2026-09-30 22:33:06,672 step=15110 train=2.37813 val=None lr=3.07528e-05
2026-09-30 22:33:07,335 step=15120 train=2.64393 val=None lr=3.07239e-05
2026-09-30 22:33:08,042 step=15130 train=2.40617 val=None lr=3.06955e-05
2026-09-30 22:33:08,733 step=15140 train=2.66443 val=None lr=3.06677e-05
2026-09-30 22:33:09,619 step=15150 train=2.39743 val=None lr=3.06405e-05
2026-09-30 22:33:10,361 step=15160 train=2.70149 val=None lr=3.06138e-05
2026-09-30 22:33:11,112 step=15170 train=2.45055 val=None lr=3.05877e-05
2026-09-30 22:33:11,914 step=15180 train=2.80045 val=None lr=3.05622e-05
2026-09-30 22:33:12,669 step=15190 train=2.63799 val=None lr=3.05372e-05
2026-09-30 22:33:11,581 step=15200 train=2.45184 val=2.479921579360962 lr=3.05128e-05
2026-09-30 22:33:12,449 step=15210 train=2.79125 val=None lr=3.0489e-05
2026-09-30 22:33:13,171 step=15220 train=2.48585 val=None lr=3.04657e-05
2026-09-30 22:33:13,901 step=15230 train=2.55798 val=None lr=3.0443e-05
2026-09-30 22:33:14,653 step=15240 train=2.31522 val=None lr=3.04209e-05
2026-09-30 22:33:15,366 step=15250 train=2.83869 val=None lr=3.03993e-05
2026-09-30 22:33:16,114 step=15260 train=2.72574 val=None lr=3.03783e-05
2026-09-30 22:33:16,858 step=15270 train=2.55968 val=None lr=3.03579e-05
2026-09-30 22:33:17,578 step=15280 train=2.88080 val=None lr=3.0338e-05
2026-09-30 22:33:18,332 step=15290 train=2.50870 val=None lr=3.03187e-05
2026-09-30 22:33:19,575 step=15300 train=2.72287 val=2.4792362451553345 lr=3.03e-05
2026-09-30 22:33:20,361 step=15310 train=2.43526 val=None lr=3.02818e-05
2026-09-30 22:33:21,134 step=15320 train=2.60573 val=None lr=3.02642e-05
2026-09-30 22:33:21,799 step=15330 train=2.58846 val=None lr=3.02472e-05
2026-09-30 22:33:22,411 step=15340 train=2.54271 val=None lr=3.02307e-05
2026-09-30 22:33:23,167 step=15350 train=2.72992 val=None lr=3.02148e-05
2026-09-30 22:33:23,874 step=15360 train=2.75478 val=None lr=3.01995e-05
2026-09-30 22:33:24,529 step=15370 train=2.59198 val=None lr=3.01847e-05
2026-09-30 22:33:25,240 step=15380 train=2.55383 val=None lr=3.01705e-05
2026-09-30 22:33:26,187 step=15390 train=2.46781 val=None lr=3.01569e-05
2026-09-30 22:33:27,544 step=15400 train=2.35696 val=2.478367841243744 lr=3.01438e-05
2026-09-30 22:33:28,270 step=15410 train=2.36014 val=None lr=3.01313e-05
2026-09-30 22:33:28,975 step=15420 train=2.63619 val=None lr=3.01194e-05
2026-09-30 22:33:29,615 step=15430 train=2.41946 val=None lr=3.0108e-05
2026-09-30 22:33:30,350 step=15440 train=2.52627 val=None lr=3.00972e-05
2026-09-30 22:33:31,107 step=15450 train=2.25291 val=None lr=3.0087e-05
2026-09-30 22:33:31,812 step=15460 train=2.48520 val=None lr=3.00773e-05
2026-09-30 22:33:32,595 step=15470 train=2.48375 val=None lr=3.00683e-05
2026-09-30 22:33:33,352 step=15480 train=2.28640 val=None lr=3.00597e-05
2026-09-30 22:33:34,118 step=15490 train=2.46308 val=None lr=3.00518e-05
2026-09-30 22:33:35,166 step=15500 train=2.39535 val=2.4784144878387453 lr=3.00444e-05
2026-09-30 22:33:36,541 step=15510 train=2.35642 val=None lr=3.00376e-05
2026-09-30 22:33:37,342 step=15520 train=2.45927 val=None lr=3.00313e-05
2026-09-30 22:33:38,224 step=15530 train=2.54835 val=None lr=3.00256e-05
2026-09-30 22:33:38,854 step=15540 train=2.57702 val=None lr=3.00205e-05
2026-09-30 22:33:39,478 step=15550 train=2.33535 val=None lr=3.0016e-05
2026-09-30 22:33:40,259 step=15560 train=2.67877 val=None lr=3.0012e-05
2026-09-30 22:33:41,130 step=15570 train=2.67695 val=None lr=3.00086e-05
2026-09-30 22:33:41,869 step=15580 train=2.46045 val=None lr=3.00058e-05
2026-09-30 22:33:42,547 step=15590 train=2.58590 val=None lr=3.00035e-05
2026-09-30 22:33:41,307 step=15600 train=2.47867 val=2.478275549411774 lr=3.00018e-05
2026-09-30 22:33:42,172 step=15610 train=2.58082 val=None lr=3.00006e-05
2026-09-30 22:33:42,847 step=15620 train=2.25747 val=None lr=3.00001e-05
2026-09-30 22:33:43,715 step=15625 train=2.76033 val=2.477473282814026 lr=3e-05
2026-09-30 22:33:44,217 Completed: final validation loss 2.477473
