step,tokens_seen,train_loss,val_loss,val_ppl,lr,elapsed_seconds
1,2048,9.21034049987793,,,9.615384615384615e-07,0.17026157999862335
10,20480,9.210336685180664,,,9.615384615384614e-06,0.8810305879997031
20,40960,9.21031665802002,,,1.9230769230769228e-05,1.618969080998795
30,61440,9.210289001464844,,,2.8846153846153845e-05,2.3704758619969653
40,81920,9.210233688354492,,,3.8461538461538456e-05,3.201548005999939
50,102400,9.210138320922852,,,4.807692307692308e-05,4.14063800799704
60,122880,9.20997428894043,,,5.769230769230769e-05,5.010035588999017
70,143360,9.209680557250977,,,6.73076923076923e-05,5.754761389998748
80,163840,9.209303855895996,,,7.692307692307691e-05,6.521946651999315
90,184320,9.208776473999023,,,8.653846153846153e-05,7.2952401299990015
100,204800,9.20779800415039,9.20772671699524,9973.897576414496,9.615384615384615e-05,8.791409022996959
110,225280,9.206623077392578,,,0.00010576923076923075,9.583309470999666
120,245760,9.20490837097168,,,0.00011538461538461538,10.318491726000502
130,266240,9.202877044677734,,,0.000125,11.01049884099848
140,286720,9.200540542602539,,,0.0001346153846153846,11.829915286998585
150,307200,9.196586608886719,,,0.00014423076923076922,12.669026761999703
160,327680,9.192336082458496,,,0.00015384615384615382,13.46148301699941
170,348160,9.187782287597656,,,0.00016346153846153846,14.281413895998412
180,368640,9.173150062561035,,,0.00017307692307692307,14.996548169998277
190,389120,9.156112670898438,,,0.00018269230769230767,15.723731699999917
200,409600,9.121582984924316,9.11895227432251,9126.634396182772,0.0001923076923076923,17.050182315997517
210,430080,9.068761825561523,,,0.00020192307692307691,18.037992867997673
220,450560,9.010248184204102,,,0.0002115384615384615,18.79610919499828
230,471040,8.959118843078613,,,0.00022115384615384613,19.49376513199968
240,491520,8.891549110412598,,,0.00023076923076923076,20.312629569998535
250,512000,8.824594497680664,,,0.00024038461538461537,21.239884591999726
260,532480,8.73582649230957,,,0.00025,21.950502946998313
270,552960,8.646844863891602,,,0.00025961538461538456,22.633230792998802
280,573440,8.561721801757812,,,0.0002692307692307692,23.399602153996966
290,593920,8.441734313964844,,,0.0002788461538461538,24.1511703929973
300,614400,8.298498153686523,8.299569511413575,4022.140535482907,0.00028846153846153843,25.47348267599955
310,634880,8.172405242919922,,,0.00029807692307692304,26.169913597997947
320,655360,8.035873413085938,,,0.0002999998181711342,26.988606392998918
330,675840,7.9399871826171875,,,0.00029999907949220645,27.77456684599747
340,696320,7.775679588317871,,,0.0002999977726020193,28.47407432899854
350,716800,7.603814601898193,,,0.0002999958975060734,29.255361439998524
360,737280,7.412696838378906,,,0.0002999934542122612,29.961399923999124
370,757760,7.336265563964844,,,0.0002999904427308664,30.669456772000558
380,778240,7.196113586425781,,,0.0002999868630745643,31.51307698099845
390,798720,7.036355972290039,,,0.0002999827152584218,32.20243248800034
400,819200,6.810768127441406,6.861221218109131,954.5320478214063,0.00029997799929989695,33.56569857199793
410,839680,6.810128211975098,,,0.0002999727152188393,34.24912438299725
420,860160,6.702877998352051,,,0.0002999668630374895,34.99982673799968
430,880640,6.525912761688232,,,0.0002999604427804794,35.75612983999963
440,901120,6.3571319580078125,,,0.00029995345447483184,36.566544315999636
450,921600,6.261452674865723,,,0.00029994589814996063,37.30200526699991
460,942080,6.284161567687988,,,0.00029993777383767044,38.02780545699716
470,962560,6.215163230895996,,,0.0002999290815721563,38.726200925997546
480,983040,6.1325273513793945,,,0.0002999198213900042,39.514109863997874
490,1003520,6.0732574462890625,,,0.0002999099933301901,40.14659990899963
500,1024000,5.8864312171936035,5.920152235031128,372.4684123006702,0.00029989959743408035,41.46243365400005
510,1044480,5.974277496337891,,,0.0002998886337454313,42.79484417799904
520,1064960,5.7248148918151855,,,0.00029987710231038915,43.48098336299881
530,1085440,5.8378520011901855,,,0.00029986500317748965,44.24010697599806
540,1105920,5.663520336151123,,,0.00029985233639765813,44.93642305499816
550,1126400,5.858585357666016,,,0.00029983910202420905,45.72809947299902
560,1146880,5.604596138000488,,,0.0002998253001128459,46.49117513300007
570,1167360,5.682442665100098,,,0.00029981093072166095,47.21521078299702
580,1187840,5.601750373840332,,,0.000299795993911135,48.18092504800006
590,1208320,5.599360466003418,,,0.00029978048974413704,48.99462659299752
600,1228800,5.528444290161133,5.488751411437988,241.9549160381083,0.0002997644182859242,50.412834598999325
610,1249280,5.5098371505737305,,,0.0002997477796041412,51.09717233699848
620,1269760,5.30618953704834,,,0.0002997305737688202,51.820447494999826
630,1290240,5.431612491607666,,,0.00029971280085238077,52.59034024900029
640,1310720,5.301774501800537,,,0.000299694460929629,53.27054336400033
650,1331200,5.473913192749023,,,0.0002996755540777577,54.03943561499909
660,1351680,5.313540458679199,,,0.0002996560803763458,54.8231240899986
670,1372160,5.343216896057129,,,0.00029963603990735817,55.53089646399894
680,1392640,5.175470352172852,,,0.00029961543275514507,56.2267629779999
690,1413120,5.309676170349121,,,0.0002995942590064421,56.93508628199925
700,1433600,4.965482711791992,5.044243717193604,155.12693498994585,0.00029957251875036955,58.21344231200055
710,1454080,4.944348335266113,,,0.0002995502120784322,58.89872108000054
720,1474560,5.005967140197754,,,0.0002995273390845189,59.613196189999144
730,1495040,5.040457725524902,,,0.000299503899864902,60.434899321997364
740,1515520,4.746587753295898,,,0.0002994798945182373,61.11348495600032
750,1536000,4.999074935913086,,,0.00029945532314556327,61.82894045099965
760,1556480,4.77036190032959,,,0.0002994301858503008,62.60679352799707
770,1576960,4.742146968841553,,,0.00029940448273825293,63.32796788300038
780,1597440,4.833902359008789,,,0.00029937821391760395,64.12357200000042
790,1617920,4.8446879386901855,,,0.00029935137949891943,64.83481391599707
800,1638400,4.877389907836914,4.6461122035980225,104.1791698221599,0.0002993239795951454,66.42641344799995
810,1658880,4.689289569854736,,,0.0002992960143216082,67.18486136199863
820,1679360,4.763051986694336,,,0.00029926748379601354,68.0541924600002
830,1699840,4.479586601257324,,,0.0002992383881384465,68.88851209099812
840,1720320,4.762239456176758,,,0.00029920872747137077,69.77436944099827
850,1740800,4.5574846267700195,,,0.0002991785019196281,70.54037472599884
860,1761280,4.528240203857422,,,0.0002991477116104378,71.23685578399818
870,1781760,4.559880256652832,,,0.0002991163566733964,71.9789172339988
880,1802240,4.38089656829834,,,0.00029908443724047687,72.75255304500024
890,1822720,4.551291465759277,,,0.0002990519534460281,73.54417435600044
900,1843200,4.563416481018066,4.36589822769165,78.72007674791658,0.00029901890542677437,74.88414215199737
910,1863680,4.324743270874023,,,0.0002989852933218149,75.90506160199948
920,1884160,4.453069686889648,,,0.00029895111727262303,76.62663381200036
930,1904640,4.377231597900391,,,0.00029891637742304576,77.26552723699933
940,1925120,4.164553165435791,,,0.0002988810739193032,78.01307146699764
950,1945600,4.17750358581543,,,0.00029884520690998784,78.78601414799778
960,1966080,4.218483924865723,,,0.00029880877654606396,79.61523961999774
970,1986560,4.514132499694824,,,0.0002987717829808669,80.53446204200009
980,2007040,4.410991668701172,,,0.0002987342263701027,81.24154450800052
990,2027520,4.19704532623291,,,0.00029869610687184724,82.2241969179995
1000,2048000,4.195985794067383,4.201340246200561,66.77576706248864,0.0002986574246465454,83.54398661099913
1010,2068480,4.307580471038818,,,0.0002986181798570107,84.85929735599711
1020,2088960,4.509458541870117,,,0.00029857837266842463,85.64658291399974
1030,2109440,4.091867446899414,,,0.0002985380032483355,86.33718356899772
1040,2129920,4.068742752075195,,,0.0002984970717666584,87.03998934999981
1050,2150400,4.046834945678711,,,0.00029845557839567395,87.78476009599763
1060,2170880,3.859354019165039,,,0.0002984135233100277,88.43156842600001
1070,2191360,3.9900717735290527,,,0.00029837090668672966,89.13573648499732
1080,2211840,3.9187731742858887,,,0.00029832772870515316,89.81197767599951
1090,2232320,4.316695213317871,,,0.00029828398954703436,90.48585000799721
1100,2252800,4.004837989807129,4.093896496295929,59.97312206642246,0.00029823968939647155,91.81651454899838
1110,2273280,4.364198207855225,,,0.0002981948284399239,92.62530843700006
1120,2293760,4.065007209777832,,,0.0002981494068662114,93.31530940499943
1130,2314240,4.045844078063965,,,0.0002981034248665134,94.07662132099722
1140,2334720,4.1771392822265625,,,0.00029805688263436826,95.02633014399908
1150,2355200,4.1104912757873535,,,0.00029800978036567216,95.83788704499966
1160,2375680,4.2606000900268555,,,0.0002979621182586787,96.49563240699717
1170,2396160,4.097787857055664,,,0.0002979138965139977,97.20096282699888
1180,2416640,4.123608589172363,,,0.00029786511533459454,98.14717721799752
1190,2437120,3.943329334259033,,,0.0002978157749257893,98.90825524899992
1200,2457600,4.253030300140381,4.022185599803924,55.82297928756076,0.0002977658754952557,100.52767676199801
1210,2478080,4.28901481628418,,,0.00029771541725302054,101.35979491000035
1220,2498560,4.277128219604492,,,0.00029766440041146267,102.09498076399905
1230,2519040,4.198825836181641,,,0.0002976128251853119,103.0557750070002
1240,2539520,4.115485191345215,,,0.00029756069179164853,103.73589634699965
1250,2560000,3.9150214195251465,,,0.00029750800044990204,104.67659920699953
1260,2580480,3.808004379272461,,,0.0002974547513818503,105.450381663999
1270,2600960,3.9156596660614014,,,0.0002974009448116187,106.2378036629998
1280,2621440,3.970607042312622,,,0.0002973465809656792,106.95709776600052
1290,2641920,3.988610029220581,,,0.0002972916600728492,107.64047465499971
1300,2662400,3.959568977355957,3.9668485522270203,52.81781569297729,0.0002972361823642909,108.96141426000031
1310,2682880,3.9587087631225586,,,0.0002971801480735099,109.674522977999
1320,2703360,4.2036967277526855,,,0.0002971235574363547,110.34554652299994
1330,2723840,4.1192216873168945,,,0.0002970664106910153,111.09511036799813
1340,2744320,3.976929187774658,,,0.00029700870807802235,111.85092400499707
1350,2764800,3.7509567737579346,,,0.00029695044984024625,112.60160056599852
1360,2785280,3.8907384872436523,,,0.00029689163622289606,113.3333117109978
1370,2805760,3.945618152618408,,,0.0002968322674735182,114.03556453299825
1380,2826240,3.9742813110351562,,,0.00029677234384199594,114.73553178299699
1390,2846720,3.951181411743164,,,0.00029671186558054784,115.63792809699953
1400,2867200,4.023715972900391,3.929968273639679,50.90536260170529,0.00029665083294372693,116.97243135299868
1410,2887680,3.9428248405456543,,,0.0002965892461884197,117.81234275299721
1420,2908160,3.8492369651794434,,,0.00029652710557384485,118.64322300999993
1430,2928640,3.960665464401245,,,0.00029646441136155227,119.41380119899986
1440,2949120,3.9454355239868164,,,0.00029640116381542196,120.1150971149982
1450,2969600,4.005129814147949,,,0.0002963373632016629,120.81740344100035
1460,2990080,3.91930890083313,,,0.00029627300978881196,121.49955934699756
1470,3010560,3.8711705207824707,,,0.0002962081038477327,122.2198639039998
1480,3031040,3.836111545562744,,,0.0002961426456516143,122.96618116399986
1490,3051520,3.937432289123535,,,0.00029607663547597045,123.74684998999874
1500,3072000,4.040952205657959,3.8980595469474792,49.30667892118537,0.00029601007359863785,125.2658405660004
1510,3092480,4.079102039337158,,,0.00029594296029977567,126.7495374129976
1520,3112960,3.9201228618621826,,,0.00029587529586186384,127.47401668199745
1530,3133440,3.984614849090576,,,0.000295807080569702,128.39598487299736
1540,3153920,3.966235876083374,,,0.0002957383147104083,129.3290952770003
1550,3174400,3.7276949882507324,,,0.0002956689985734185,130.0797015069984
1560,3194880,3.6345529556274414,,,0.0002955991324504842,130.8726367349991
1570,3215360,4.345826625823975,,,0.00029552871663567195,131.7346656009977
1580,3235840,3.7942371368408203,,,0.000295457751425362,132.65864960699764
1590,3256320,3.9957756996154785,,,0.000295386237118247,133.34982677699736
1600,3276800,3.810150146484375,3.8546786665916444,47.2134432468591,0.00029531417401533076,134.58857261999947
1610,3297280,3.9414308071136475,,,0.0002952415624199269,135.37287071199898
1620,3317760,3.775239944458008,,,0.0002951684026376577,136.26498577899838
1630,3338240,3.56331729888916,,,0.00029509469497645283,137.14011310799833
1640,3358720,3.578205108642578,,,0.00029502043974654783,137.87412127700009
1650,3379200,4.071145534515381,,,0.00029494563726048306,138.68971907299783
1660,3399680,3.8342952728271484,,,0.0002948702878331023,139.35073045899844
1670,3420160,3.8866147994995117,,,0.00029479439178155134,140.19291453099868
1680,3440640,3.9657812118530273,,,0.00029471794942527674,141.00316511199708
1690,3461120,3.9438564777374268,,,0.00029464096108602433,141.75160213199706
1700,3481600,3.9528331756591797,3.8089988827705383,45.10526060219447,0.0002945634270878383,142.96048415899713
1710,3502080,3.8502488136291504,,,0.0002944853477570593,143.60367523400055
1720,3522560,3.6057016849517822,,,0.00029440672342232317,144.31531702499706
1730,3543040,3.875401258468628,,,0.0002943275544145599,145.24194437199912
1740,3563520,3.784209728240967,,,0.0002942478410669919,146.02262738699937
1750,3584000,3.9906492233276367,,,0.0002941675837151328,146.70519587499803
1760,3604480,3.9645113945007324,,,0.0002940867826967858,147.42109115399944
1770,3624960,3.810389757156372,,,0.00029400543835204245,148.25917450199995
1780,3645440,4.076722145080566,,,0.00029392355102328123,149.0098923810001
1790,3665920,3.9099574089050293,,,0.000293841121055166,149.6472609179982
1800,3686400,3.9266879558563232,3.760070788860321,42.951466356501804,0.00029375814879464455,150.92598535499928
1810,3706880,3.9420857429504395,,,0.0002936746345909472,152.08032043799903
1820,3727360,4.035574913024902,,,0.0002935905787955853,152.81995649599776
1830,3747840,3.526294469833374,,,0.0002935059817623498,153.59289340899704
1840,3768320,3.7504847049713135,,,0.0002934208438473097,154.2971887979984
1850,3788800,3.594843864440918,,,0.00029333516540881055,155.0646323309993
1860,3809280,3.7519750595092773,,,0.000293248946807473,155.83340951100035
1870,3829760,3.493520736694336,,,0.0002931621884061912,156.5988209089992
1880,3850240,3.773344039916992,,,0.00029307489057013147,157.37916227299866
1890,3870720,4.099184989929199,,,0.00029298705366673027,158.17884454399973
1900,3891200,3.520111560821533,3.6864107489585876,39.90137358364723,0.0002928986780656934,159.397827296998
1910,3911680,3.8445496559143066,,,0.0002928097641389938,160.17561411199858
1920,3932160,3.564788818359375,,,0.0002927203122608702,161.0810027560001
1930,3952640,3.7457709312438965,,,0.00029263032280782577,161.7668770019991
1940,3973120,3.7846670150756836,,,0.0002925397961586261,162.63977533599973
1950,3993600,3.591093063354492,,,0.000292448732694298,163.48795693799912
1960,4014080,3.8606395721435547,,,0.00029235713279812767,164.16680404499857
1970,4034560,3.7183284759521484,,,0.00029226499685565914,164.94921613000042
1980,4055040,3.7548470497131348,,,0.00029217232525469275,165.60758663799788
1990,4075520,3.382115602493286,,,0.0002920791183852833,166.33115856400036
2000,4096000,3.814724922180176,3.627066695690155,37.60235553684679,0.0002919853766397386,168.09883669999908
2010,4116480,3.7268612384796143,,,0.00029189110041261774,169.37463811199996
2020,4136960,3.609117031097412,,,0.0002917962901007295,170.0825132179998
2030,4157440,3.4922385215759277,,,0.0002917009461031306,170.7349069209995
2040,4177920,3.776085376739502,,,0.0002916050688211239,171.40794632100005
2050,4198400,3.731260299682617,,,0.00029150865865825706,172.11772838699835
2060,4218880,3.5701377391815186,,,0.00029141171602032056,172.96537489599723
2070,4239360,3.7285852432250977,,,0.00029131424131534605,173.74276514099984
2080,4259840,3.6732029914855957,,,0.00029121623495360465,174.6568220049994
2090,4280320,3.536261558532715,,,0.0002911176973476052,175.46885083499728
2100,4300800,3.5780162811279297,3.5770448207855225,35.76768459393891,0.00029101862891209264,176.8108566230003
2110,4321280,3.718651294708252,,,0.0002909190300640461,177.55933366599857
2120,4341760,3.473961353302002,,,0.00029081890122267714,178.34124314699875
2130,4362240,3.5496277809143066,,,0.0002907182428094283,179.16509332199712
2140,4382720,3.4125099182128906,,,0.00029061705524797087,179.93319646199961
2150,4403200,3.197679281234741,,,0.00029051533896420336,180.64162089599995
2160,4423680,3.753257989883423,,,0.0002904130943862498,181.32282475199827
2170,4444160,3.474980592727661,,,0.00029031032194445764,181.9964730190004
2180,4464640,3.621267318725586,,,0.00029020702207139615,182.6629324329988
2190,4485120,3.672560930252075,,,0.00029010319520185473,183.39722769799846
2200,4505600,3.429778575897217,3.5354878187179564,34.311748545545264,0.0002899988417728407,184.6620963719979
2210,4526080,3.516597032546997,,,0.0002898939622235778,185.41066233299716
2220,4546560,3.613636016845703,,,0.00028978855699550405,186.09785036299945
2230,4567040,3.6948490142822266,,,0.00028968262653227017,186.77698812000017
2240,4587520,3.56895112991333,,,0.0002895761712797378,187.52157656099735
2250,4608000,3.549219846725464,,,0.00028946919168597687,188.36773086899848
2260,4628480,3.4108424186706543,,,0.0002893616882012649,189.03771292599777
2270,4648960,3.70650577545166,,,0.00028925366127808394,189.94964211899787
2280,4669440,3.5049686431884766,,,0.00028914511137111956,190.71176063999883
2290,4689920,3.4393820762634277,,,0.00028903603893725837,191.602679702999
2300,4710400,3.56752610206604,3.4938703417778014,32.9130864057677,0.0002889264444355863,192.81666253299773
2310,4730880,3.428187847137451,,,0.0002888163283273868,193.60748482599956
2320,4751360,3.91666316986084,,,0.0002887056910761387,194.39175219800018
2330,4771840,3.6346282958984375,,,0.00028859453314751424,195.17888344299718
2340,4792320,3.336702346801758,,,0.00028848285500937716,195.91651279199868
2350,4812800,3.5703349113464355,,,0.00028837065713178104,196.57759375199748
2360,4833280,3.657655715942383,,,0.0002882579399869668,197.41078158599703
2370,4853760,3.3836140632629395,,,0.00028814470404936096,198.18039034200046
2380,4874240,3.6653261184692383,,,0.0002880309497955737,198.84618039799898
2390,4894720,3.6085095405578613,,,0.0002879166777043968,199.5506053129975
2400,4915200,3.438814640045166,3.4576337814331053,31.741779595355123,0.0002878018882568016,200.90680697099742
2410,4935680,3.6341938972473145,,,0.0002876865819359371,201.67753575199822
2420,4956160,3.361180305480957,,,0.0002875707592271276,202.41768288899766
2430,4976640,3.4486422538757324,,,0.00028745442061787097,203.1327376429981
2440,4997120,3.5781822204589844,,,0.00028733756659783666,203.92236426899763
2450,5017600,3.710787057876587,,,0.00028722019765886327,204.66418045699902
2460,5038080,3.2635445594787598,,,0.0002871023142949568,205.31995598999856
2470,5058560,3.3077754974365234,,,0.00028698391700228843,205.96037431399964
2480,5079040,3.600860118865967,,,0.00028686500627919247,206.77726418699967
2490,5099520,3.4842257499694824,,,0.0002867455826261643,207.44817999599763
2500,5120000,3.4878957271575928,3.4308289885520935,30.902249745530337,0.0002866256465458582,208.70071273699796
2510,5140480,3.6445436477661133,,,0.00028650519854308523,209.9713970169978
2520,5160960,3.688051700592041,,,0.0002863842391248112,210.71889119499974
2530,5181440,3.3494861125946045,,,0.00028626276880015436,211.45427731099699
2540,5201920,3.2557930946350098,,,0.00028614078808038344,212.3088207159999
2550,5222400,3.4746809005737305,,,0.00028601829747891544,212.9843811469982
2560,5242880,3.227246046066284,,,0.00028589529751131337,213.6581311150003
2570,5263360,3.4364705085754395,,,0.00028577178869528425,214.35817077299725
2580,5283840,3.222438335418701,,,0.00028564777155067685,215.06277683100052
2590,5304320,3.4685425758361816,,,0.0002855232465994794,215.69554024099853
2600,5324800,3.445436954498291,3.403972315788269,30.08336363458719,0.00028539821436581754,217.07626883599733
2610,5345280,3.6076884269714355,,,0.0002852726753759521,217.73129867999887
2620,5365760,3.4740524291992188,,,0.0002851466301582768,218.4463131429984
2630,5386240,3.6100008487701416,,,0.0002850200792433161,219.20257356599905
2640,5406720,3.2980990409851074,,,0.0002848930231637229,219.8382950919986
2650,5427200,3.3366923332214355,,,0.00028476546245427635,220.50891111799865
2660,5447680,3.622737169265747,,,0.0002846373976518796,221.1741644089998
2670,5468160,3.2895255088806152,,,0.0002845088292955576,221.96256106299916
2680,5488640,3.5720136165618896,,,0.00028437975792645464,222.76735607599767
2690,5509120,3.7222232818603516,,,0.0002842501840878322,223.49811313600003
2700,5529600,3.6020238399505615,3.3728054404258727,29.160219671430134,0.0002841201083250668,224.89314850200026
2710,5550080,3.6745972633361816,,,0.0002839895311856474,225.64393070999722
2720,5570560,3.5642032623291016,,,0.00028385845321917324,226.4387347899974
2730,5591040,3.284691333770752,,,0.00028372687497735174,227.19011489499826
2740,5611520,3.304553985595703,,,0.00028359479701399573,227.99543744499897
2750,5632000,3.5458035469055176,,,0.0002834622198850216,228.67336070300007
2760,5652480,3.5118372440338135,,,0.00028332914414844646,229.59277341000052
2770,5672960,3.529520273208618,,,0.0002831955703643864,230.2757222979999
2780,5693440,3.4395241737365723,,,0.0002830614990950535,231.30290890600008
2790,5713920,3.3099637031555176,,,0.0002829269309047539,232.32189506699797
2800,5734400,3.3396663665771484,3.3464829087257386,28.402663009908313,0.00028279186635988526,233.46269688399843
2810,5754880,3.3561177253723145,,,0.00028265630602893434,234.2249666509997
2820,5775360,3.329233169555664,,,0.0002825202504824748,234.93142385600004
2830,5795840,3.3948049545288086,,,0.00028238370029316437,235.62408701499953
2840,5816320,3.4552197456359863,,,0.00028224665603574314,236.28735273499842
2850,5836800,3.287961959838867,,,0.00028210911828703046,237.1118315349995
2860,5857280,3.435424327850342,,,0.0002819710876259228,237.8174183989977
2870,5877760,3.359829902648926,,,0.0002818325646333914,238.50939985399964
2880,5898240,3.2003495693206787,,,0.00028169354989247966,239.2777924309994
2890,5918720,3.7392144203186035,,,0.00028155404398830074,240.05052164299923
2900,5939200,3.5536041259765625,3.316676139831543,27.568564048317487,0.0002814140475080352,241.27742998899703
2910,5959680,3.389575481414795,,,0.0002812735610409283,241.92882789799842
2920,5980160,3.3601717948913574,,,0.00028113258517828773,242.7205394199991
2930,6000640,3.213341236114502,,,0.00028099112051348105,243.63883757099757
2940,6021120,3.5666279792785645,,,0.0002808491676419331,244.39372699500018
2950,6041600,3.3641092777252197,,,0.0002807067271611238,245.202555631
2960,6062080,3.552678108215332,,,0.0002805637996705851,245.99210836099883
2970,6082560,3.674248695373535,,,0.0002804203857718992,246.81792827699974
2980,6103040,3.339094638824463,,,0.0002802764860686951,247.64027308399818
2990,6123520,3.0748350620269775,,,0.0002801321011666469,248.44834850199913
3000,6144000,3.654707431793213,3.2944178342819215,26.961713314929995,0.00027998723167347076,249.67245524999817
3010,6164480,3.222128391265869,,,0.0002798418781989225,250.94830089499737
3020,6184960,3.504523754119873,,,0.00027969604135479514,251.7869651639994
3030,6205440,3.1583805084228516,,,0.000279549721754916,252.44203086199923
3040,6225920,3.280933380126953,,,0.00027940292001514446,253.16624679400047
3050,6246400,3.584855318069458,,,0.0002792556367533692,253.98122301299736
3060,6266880,3.332864761352539,,,0.00027910787258950565,254.82801126199774
3070,6287360,3.1809399127960205,,,0.0002789596281454932,255.63224324699695
3080,6307840,3.245790719985962,,,0.0002788109040452929,256.55507551999835
3090,6328320,3.2002038955688477,,,0.00027866170091488476,257.3398006299976
3100,6348800,3.2567789554595947,3.2634366154670715,26.139213387899538,0.00027851201938226475,258.8030182779985
3110,6369280,3.5164122581481934,,,0.0002783618600774427,259.535501893999
3120,6389760,3.125382900238037,,,0.0002782112236324392,260.3065071609999
3130,6410240,3.46162748336792,,,0.00027806011068128326,261.16553131399996
3140,6430720,3.233228921890259,,,0.0002779085218600094,261.8607027729995
3150,6451200,3.45651912689209,,,0.0002777564578066551,262.62880988100005
3160,6471680,3.3504409790039062,,,0.0002776039191612581,263.3256759729993
3170,6492160,3.2709827423095703,,,0.0002774509065658538,264.08116770599736
3180,6512640,3.3856706619262695,,,0.00027729742066447225,264.7183093249987
3190,6533120,3.44756817817688,,,0.0002771434621031359,265.51599010800055
3200,6553600,3.327993392944336,3.233051872253418,25.356925100906977,0.0002769890315298563,266.95196885399855
3210,6574080,3.1829426288604736,,,0.00027683412959463206,267.66406899399954
3220,6594560,3.263941526412964,,,0.00027667875694944554,268.40200836999793
3230,6615040,3.1381266117095947,,,0.0002765229142482603,269.1319560619995
3240,6635520,3.2541613578796387,,,0.00027636660214701845,270.01787581700046
3250,6656000,3.319556713104248,,,0.0002762098213036378,270.8051017159996
3260,6676480,3.096466064453125,,,0.000276052572378009,271.560286265998
3270,6696960,3.2433719635009766,,,0.00027589485603199306,272.21934635599973
3280,6717440,3.2620701789855957,,,0.00027573667292941814,272.9626682559974
3290,6737920,3.4547629356384277,,,0.00027557802373607713,273.6836817980002
3300,6758400,3.4475841522216797,3.2043151021003724,24.638619297724983,0.0002754189091197246,274.8495843130004
3310,6778880,3.3661441802978516,,,0.0002752593297500741,275.5589382830003
3320,6799360,3.213780403137207,,,0.0002750992862987955,276.2970109710004
3330,6819840,3.0892457962036133,,,0.00027493877943951165,276.99142210199716
3340,6840320,3.2158350944519043,,,0.0002747778098477962,277.77718391300004
3350,6860800,3.257659912109375,,,0.0002746163782011703,278.5913205029974
3360,6881280,3.1516523361206055,,,0.0002744544851790999,279.4242627959975
3370,6901760,3.2687339782714844,,,0.0002742921314629929,280.1822678719982
3380,6922240,3.0713138580322266,,,0.00027412931773619626,280.8916397849971
3390,6942720,3.0625009536743164,,,0.0002739660446839931,281.6262934949991
3400,6963200,3.1567201614379883,3.1803427577018737,24.0549971747514,0.00027380231299359986,283.00459480399877
3410,6983680,3.330850601196289,,,0.00027363812335416335,283.72194809199937
3420,7004160,3.556431770324707,,,0.00027347347645675804,284.5269772669999
3430,7024640,3.3565311431884766,,,0.00027330837299438277,285.21909044899803
3440,7045120,3.1015448570251465,,,0.00027314281366195827,285.9264664399998
3450,7065600,3.2392218112945557,,,0.0002729767991563238,286.6643085959986
3460,7086080,3.141322135925293,,,0.0002728103301762347,287.3671248089995
3470,7106560,3.080451488494873,,,0.000272643407422359,288.137677464998
3480,7127040,3.095085620880127,,,0.00027247603159727483,288.85226697799953
3490,7147520,3.1877048015594482,,,0.0002723082034054671,289.69881812899985
3500,7168000,3.33099102973938,3.1486828446388246,23.305347592335206,0.0002721399235533249,291.06666544199834
3510,7188480,3.3428473472595215,,,0.00027197119274913824,292.5253313389985
3520,7208960,3.0474302768707275,,,0.00027180201170309533,293.32097731499744
3530,7229440,3.1271910667419434,,,0.00027163238112727926,293.97924490999867
3540,7249920,3.039067506790161,,,0.00027146230173566535,294.71578044099806
3550,7270400,3.3082919120788574,,,0.00027129177424411793,295.4381170550005
3560,7290880,3.3542675971984863,,,0.00027112079937038734,296.1147395449989
3570,7311360,3.1887669563293457,,,0.00027094937783410703,296.8667637469989
3580,7331840,3.4184446334838867,,,0.00027077751035679045,297.59746377400006
3590,7352320,3.0491297245025635,,,0.00027060519766182787,298.3509944549987
3600,7372800,3.258129596710205,3.131986081600189,22.919454275650608,0.00027043244047448363,299.68084668200026
3610,7393280,2.9805116653442383,,,0.00027025923952189306,300.3912237789991
3620,7413760,3.192636251449585,,,0.0002700855955330589,301.283316285997
3630,7434240,3.165281295776367,,,0.00026991150923884907,302.0342793309974
3640,7454720,3.275301456451416,,,0.0002697369813719928,302.8742689289975
3650,7475200,3.020685911178589,,,0.00026956201266707815,303.56915143399965
3660,7495680,3.0746967792510986,,,0.00026938660386054857,304.3484955669992
3670,7516160,3.077023983001709,,,0.0002692107556906999,305.01769595899896
3680,7536640,3.219855308532715,,,0.00026903446889767717,305.7094964309981
3690,7557120,2.9894261360168457,,,0.0002688577442234718,306.40428619999875
3700,7577600,3.1687753200531006,3.1103931665420532,22.429861338391472,0.000268680582411918,307.6453946740003
3710,7598080,3.076568126678467,,,0.0002685029842086901,308.4816651049987
3720,7618560,3.2385616302490234,,,0.00026832495036129906,309.2477579499973
3730,7639040,3.0765368938446045,,,0.00026814648161908953,309.93946662300004
3740,7659520,3.4886891841888428,,,0.00026796757873323666,310.7381012629994
3750,7680000,3.216672897338867,,,0.00026778824245674287,311.51922724799806
3760,7700480,2.972752571105957,,,0.0002676084735444347,312.39887940399785
3770,7720960,3.249992609024048,,,0.00026742827275295965,313.25677775999793
3780,7741440,2.944563865661621,,,0.000267247640840783,313.9172213749989
3790,7761920,3.078364849090576,,,0.0002670665785681848,314.825713238999
3800,7782400,3.352024555206299,3.0858271956443786,21.885562998899807,0.0002668850866972562,316.0265669599976
3810,7802880,3.090949535369873,,,0.00026670316599189674,316.89687442599825
3820,7823360,3.2672195434570312,,,0.0002665208172178108,317.53134317999866
3830,7843840,3.1953377723693848,,,0.0002663380411425046,318.4043640439995
3840,7864320,3.034447431564331,,,0.00026615483853528277,319.09547896799995
3850,7884800,2.9821982383728027,,,0.00026597121016724525,319.8140189320002
3860,7905280,3.295477867126465,,,0.0002657871568112841,320.5547033349976
3870,7925760,3.0656614303588867,,,0.00026560267924208,321.3759013759991
3880,7946240,3.202244281768799,,,0.0002654177782360993,322.1407837890001
3890,7966720,3.519522190093994,,,0.00026523245457159045,322.8670595019976
3900,7987200,3.404865264892578,3.067005157470703,21.477484577885388,0.000265046709028581,324.14726804900056
3910,8007680,2.988940477371216,,,0.00026486054238887406,324.8561475239985
3920,8028160,3.2353615760803223,,,0.0002646739554360452,325.6630660849987
3930,8048640,3.0282790660858154,,,0.00026448694895543916,326.37170585999775
3940,8069120,3.0620687007904053,,,0.00026429952373416634,327.05057012999896
3950,8089600,3.01129412651062,,,0.0002641116805610997,327.78223869700014
3960,8110080,3.0743279457092285,,,0.00026392342022687137,328.5028569479982
3970,8130560,2.9580113887786865,,,0.0002637347435238692,329.1836350449994
3980,8151040,3.385937213897705,,,0.0002635456512462337,329.93400594099876
3990,8171520,2.8548126220703125,,,0.0002633561441898545,330.6861674110005
4000,8192000,3.001896858215332,3.0455018281936646,21.020577274823687,0.00026316622315236687,331.9359468719995
4010,8212480,3.0760107040405273,,,0.0002629758889331487,333.286161920998
4020,8232960,3.1673154830932617,,,0.00026278514233331687,333.98846153499835
4030,8253440,3.280376434326172,,,0.00026259398415572413,334.6589266279989
4040,8273920,3.3524675369262695,,,0.00026240241520495523,335.5496361400001
4050,8294400,2.9330976009368896,,,0.0002622104362873243,336.20553026599737
4060,8314880,3.3409695625305176,,,0.0002620180482108706,337.0934843089999
4070,8335360,3.1164662837982178,,,0.0002618252517853559,338.0009372019995
4080,8355840,3.108285903930664,,,0.0002616320478222604,338.80651235500045
4090,8376320,3.0484375953674316,,,0.00026143843713477983,339.51425744600056
4100,8396800,3.220947742462158,3.032255160808563,20.74396084723466,0.00026124442053782185,340.8909216039974
4110,8417280,3.2657010555267334,,,0.00026104999884800237,341.60540955899705
4120,8437760,2.9673333168029785,,,0.0002608551728836426,342.34861702299895
4130,8458240,3.084878444671631,,,0.0002606599434647651,343.09842890599975
4140,8478720,3.0711464881896973,,,0.00026046431141309075,343.82588767799825
4150,8499200,3.071354627609253,,,0.0002602682775520351,344.71917752199806
4160,8519680,2.904238224029541,,,0.0002600718427067048,345.49315282099997
4170,8540160,3.1019980907440186,,,0.00025987500770389423,346.12896163299956
4180,8560640,3.158698081970215,,,0.00025967777337208224,346.87635025800046
4190,8581120,2.8452959060668945,,,0.0002594801405414283,347.5455188390006
4200,8601600,3.1756367683410645,3.0133862257003785,20.356214084644275,0.0002592821100437692,348.91070280499844
4210,8622080,3.2763686180114746,,,0.00025908368271261546,349.5679549509987
4220,8642560,3.073582172393799,,,0.00025888485938314795,350.28613778
4230,8663040,3.13496470451355,,,0.00025868564089221417,351.03813433100004
4240,8683520,3.0789051055908203,,,0.0002584860280783251,351.73728957399726
4250,8704000,3.3855605125427246,,,0.0002582860217816512,352.4743354279999
4260,8724480,3.114792585372925,,,0.00025808562284401906,353.3257571670001
4270,8744960,3.0992937088012695,,,0.0002578848321089082,353.9354713879984
4280,8765440,3.1138272285461426,,,0.0002576836504214469,354.63717268399705
4290,8785920,3.080681085586548,,,0.0002574820786284091,355.29555194299974
4300,8806400,3.071239471435547,2.992434632778168,19.934155809395616,0.0002572801175782107,356.4755916449976
4310,8826880,3.1038131713867188,,,0.000257077768120906,357.1635093650002
4320,8847360,3.5419392585754395,,,0.00025687503110818395,357.90872066500015
4330,8867840,3.1138830184936523,,,0.0002566719073933649,358.6562429810001
4340,8888320,2.988301992416382,,,0.0002564683978313968,359.4024845929998
4350,8908800,3.0945382118225098,,,0.00025626450327885156,360.2384880409991
4360,8929280,2.8395135402679443,,,0.0002560602245939216,360.989690123999
4370,8949760,3.0884487628936768,,,0.00025585556263641606,361.6356944319996
4380,8970240,2.804157257080078,,,0.0002556505182677573,362.42311650099873
4390,8990720,3.279738187789917,,,0.0002554450923509773,363.16346507199705
4400,9011200,2.926718235015869,2.977169620990753,19.632171447440406,0.000255239285750714,364.4700816559998
4410,9031680,2.8414957523345947,,,0.0002550330993332075,365.22439238600055
4420,9052160,2.7733521461486816,,,0.0002548265339662966,365.9286458889983
4430,9072640,3.248324155807495,,,0.0002546195905194153,366.5873919689984
4440,9093120,3.154547929763794,,,0.0002544122698635887,367.37514206999913
4450,9113600,3.1540281772613525,,,0.00025420457287142955,368.19907839499865
4460,9134080,2.860753059387207,,,0.0002539965004171348,368.8926761099974
4470,9154560,3.125335693359375,,,0.00025378805337648164,369.575327311999
4480,9175040,3.0801467895507812,,,0.00025357923262682376,370.2292027069998
4490,9195520,3.136676549911499,,,0.00025337003904708793,370.89384255799814
4500,9216000,2.838435649871826,2.962373638153076,19.343832564489322,0.0002531604735177702,372.12064635099887
4510,9236480,3.018787384033203,,,0.000252950536920932,373.401888073
4520,9256960,2.9338479042053223,,,0.0002527402301401968,374.102440835999
4530,9277440,3.0044784545898438,,,0.000252529554060746,374.8806319459982
4540,9297920,3.000070333480835,,,0.0002523185095693153,375.680920073999
4550,9318400,2.7389540672302246,,,0.00025210709755419135,376.4501153989986
4560,9338880,3.083801507949829,,,0.00025189531890520744,377.12480236099873
4570,9359360,3.02370548248291,,,0.00025168317451374015,377.86914492199867
4580,9379840,2.8707447052001953,,,0.0002514706652727054,378.5963597859991
4590,9400320,3.013920783996582,,,0.0002512577920765548,379.2933543839972
4600,9420800,3.006985664367676,2.947911059856415,19.06608419154324,0.0002510445558212719,380.4978334469997
4610,9441280,3.272181749343872,,,0.0002508309574043682,381.20640867399925
4620,9461760,3.036795139312744,,,0.00025061699772487977,381.9046561059986
4630,9482240,3.307685375213623,,,0.00025040267768336303,382.5741629339973
4640,9502720,3.166004180908203,,,0.0002501879981818913,383.3405002010004
4650,9523200,2.9903564453125,,,0.00024997296012405074,384.27752474999943
4660,9543680,2.893667697906494,,,0.0002497575644149368,385.0057309619988
4670,9564160,2.9540157318115234,,,0.0002495418119611503,385.68417549399965
4680,9584640,3.080108165740967,,,0.0002493257036707934,386.40020110899786
4690,9605120,2.818662643432617,,,0.0002491092404534662,387.1216839059998
4700,9625600,3.1241493225097656,2.9394547581672668,18.905535412766355,0.00024889242322026256,388.4113335660004
4710,9646080,2.968661069869995,,,0.0002486752528837664,389.0923970679978
4720,9666560,2.961139678955078,,,0.00024845773035804796,389.7979117709983
4730,9687040,2.9024343490600586,,,0.00024823985655865975,390.5202936539972
4740,9707520,3.2516298294067383,,,0.0002480216324026327,391.2505878239972
4750,9728000,3.123300075531006,,,0.00024780305880847263,392.13616358799845
4760,9748480,2.879241466522217,,,0.000247584136696156,392.8876446159993
4770,9768960,2.893340587615967,,,0.00024736486698712616,393.5422485659983
4780,9789440,3.26326322555542,,,0.0002471452506042895,394.43180021999797
4790,9809920,2.9722909927368164,,,0.0002469252884720116,395.1697005959977
4800,9830400,3.319563388824463,2.927125835418701,18.67388148316409,0.00024670498151611333,396.6228941720001
4810,9850880,2.9460935592651367,,,0.00024648433066386694,397.2716037729988
4820,9871360,3.0400609970092773,,,0.00024626333684399197,397.97078718299963
4830,9891840,2.9790327548980713,,,0.0002460420009866517,398.6231048109985
4840,9912320,2.909409999847412,,,0.0002458203240234489,399.48709387000054
4850,9932800,3.115180492401123,,,0.00024559830688742224,400.258358674997
4860,9953280,2.757495403289795,,,0.000245375950513042,401.1536861869972
4870,9973760,2.8313050270080566,,,0.0002451532558362064,401.85151508799754
4880,9994240,2.91123104095459,,,0.00024493022379423756,402.5990345499995
4890,10014720,2.849048137664795,,,0.0002447068553258775,403.4956275309996
4900,10035200,2.8693275451660156,2.9105924129486085,18.367676594007904,0.00024448315137128436,404.7035657609995
4910,10055680,3.0210113525390625,,,0.00024425911287202833,405.35307695499796
4920,10076160,2.961944580078125,,,0.00024403474077108766,406.2266348459998
4930,10096640,3.12209153175354,,,0.00024381003601284476,406.994306777
4940,10117120,3.1068625450134277,,,0.0002435849995430822,407.71290357199905
4950,10137600,2.851731061935425,,,0.00024335963230897863,408.4788160299977
4960,10158080,2.59682035446167,,,0.00024313393525910503,409.1983460349984
4970,10178560,2.939455986022949,,,0.00024290790934342047,409.88579405499695
4980,10199040,2.736940622329712,,,0.0002426815555132683,410.6324222669973
4990,10219520,3.1571314334869385,,,0.00024245487472137196,411.27227903699895
5000,10240000,3.2119333744049072,2.8940563082695006,18.06644424012485,0.0002422278679218311,412.4664328379986
5010,10260480,2.9355037212371826,,,0.00024200053607011766,413.7489643879999
5020,10280960,3.0731093883514404,,,0.00024177288012307158,414.4912545469997
5030,10301440,3.0373525619506836,,,0.00024154490103889698,415.2674448329999
5040,10321920,2.905562400817871,,,0.00024131659977715802,415.9903245129972
5050,10342400,2.979173183441162,,,0.00024108797729877497,416.87818778200017
5060,10362880,3.1899046897888184,,,0.00024085903456602006,417.60838389799756
5070,10383360,2.9851937294006348,,,0.00024062977254251346,418.34513573000004
5080,10403840,3.3244237899780273,,,0.00024040019219321925,419.07388588899994
5090,10424320,2.918872833251953,,,0.00024017029448444142,419.7767478879978
5100,10444800,3.122812271118164,2.88905553817749,17.976323630134445,0.00023994008038381957,421.40533778700046
5110,10465280,3.08160662651062,,,0.00023970955086032508,422.12252502699994
5120,10485760,3.0371320247650146,,,0.00023947870688425702,422.8422806380004
5130,10506240,2.7447452545166016,,,0.00023924754942723783,423.559718581997
5140,10526720,2.8941826820373535,,,0.00023901607946220953,424.25737965900043
5150,10547200,3.038601875305176,,,0.0002387842979634294,425.02315009499944
5160,10567680,3.0943307876586914,,,0.00023855220590646603,425.6853570059975
5170,10588160,2.802004337310791,,,0.00023831980426819509,426.37685980499737
5180,10608640,3.031510591506958,,,0.0002380870940267953,427.07296547799706
5190,10629120,2.7156577110290527,,,0.00023785407616174433,427.84483803299736
5200,10649600,3.228466033935547,2.8746997356414794,17.7201026073288,0.00023762075165381457,429.03130708499884
5210,10670080,2.7381937503814697,,,0.0002373871214850691,429.71019996500036
5220,10690560,3.1024348735809326,,,0.0002371531866388576,430.5370818409974
5230,10711040,2.9154210090637207,,,0.00023691894809981204,431.2181788839989
5240,10731520,2.9904966354370117,,,0.0002366844068538426,431.90994292699907
5250,10752000,2.8722121715545654,,,0.00023644956388813365,432.5589558339998
5260,10772480,2.8306126594543457,,,0.0002362144201911395,433.37357214499934
5270,10792960,2.997642993927002,,,0.00023597897675258023,434.1073533559975
5280,10813440,3.238666534423828,,,0.00023574323456343737,434.83630083000025
5290,10833920,2.9140090942382812,,,0.00023550719461595018,435.5444697040002
5300,10854400,3.101496934890747,2.8616328954696657,17.49006307673456,0.00023527085790361093,436.7384072379973
5310,10874880,2.8184094429016113,,,0.00023503422542116116,437.4319333780004
5320,10895360,3.041240692138672,,,0.00023479729816458717,438.23518300499927
5330,10915840,2.9511256217956543,,,0.00023456007713111598,438.94066838899744
5340,10936320,2.8812692165374756,,,0.00023432256331921123,439.67418586499844
5350,10956800,2.7669053077697754,,,0.00023408475772856874,440.35565912499806
5360,10977280,3.1520659923553467,,,0.00023384666136011255,441.062467456999
5370,10997760,2.9536056518554688,,,0.0002336082752159904,441.7662923019998
5380,11018240,2.80090594291687,,,0.00023336960029956988,442.74010112599717
5390,11038720,2.914811611175537,,,0.00023313063761543393,443.5343074759985
5400,11059200,2.924849033355713,2.8583232879638674,17.432273515831007,0.00023289138816937679,444.806679022
5410,11079680,3.0091795921325684,,,0.0002326518529683995,445.56075887099723
5420,11100160,2.7364933490753174,,,0.000232412033020706,446.27672355100003
5430,11120640,3.025912284851074,,,0.00023217192933569874,446.94180839699766
5440,11141120,2.9226956367492676,,,0.0002319315429239743,447.74299909399997
5450,11161600,2.9166836738586426,,,0.00023169087479731938,448.48945213499974
5460,11182080,3.134965658187866,,,0.00023144992596870633,449.3589483049982
5470,11202560,2.834916353225708,,,0.00023120869745228898,450.1449076889985
5480,11223040,2.850027561187744,,,0.00023096719026339846,450.93485258099827
5490,11243520,2.8587052822113037,,,0.00023072540541853878,451.59554207600013
5500,11264000,2.9529848098754883,2.8439939498901365,17.184261741183676,0.00023048334393538248,452.9198129519973
5510,11284480,2.6371631622314453,,,0.0002302410068327667,454.2465039300005
5520,11304960,2.8983941078186035,,,0.00022999839513068845,455.0351180379985
5530,11325440,2.8092894554138184,,,0.00022975550985030073,455.782259364998
5540,11345920,2.674891948699951,,,0.00022951235201390784,456.4719796829995
5550,11366400,3.213216781616211,,,0.00022926892264496136,457.19243262099917
5560,11386880,2.9686074256896973,,,0.00022902522276805582,457.9177753909971
5570,11407360,2.9649908542633057,,,0.00022878125340892417,458.645305561
5580,11427840,2.93074369430542,,,0.00022853701559443366,459.34931268199944
5590,11448320,2.8690857887268066,,,0.0002282925103525816,460.0818741189978
5600,11468800,3.1442220211029053,2.836121070384979,17.049503283711015,0.0002280477387124907,461.3376422199981
5610,11489280,2.8371031284332275,,,0.00022780270170440507,462.0690614249979
5620,11509760,2.7357921600341797,,,0.00022755740035968573,462.77955791099885
5630,11530240,2.6736836433410645,,,0.00022731183571080628,463.5084504609986
5640,11550720,2.8790459632873535,,,0.00022706600879134856,464.3948995749997
5650,11571200,3.098595142364502,,,0.0002268199206359983,465.20291461599845
5660,11591680,2.9629812240600586,,,0.00022657357228054081,465.9823738689993
5670,11612160,2.8286118507385254,,,0.0002263269647618566,466.63326659499944
5680,11632640,3.0608866214752197,,,0.00022608009911791692,467.29922983699726
5690,11653120,2.8255715370178223,,,0.00022583297638777944,467.94005026599916
5700,11673600,3.0295300483703613,2.822809171676636,16.82404598470226,0.00022558559761158415,469.1448972349972
5710,11694080,2.964153289794922,,,0.0002253379638305484,469.84404834700035
5720,11714560,2.9967169761657715,,,0.00022509007608696312,470.5074042439992
5730,11735040,2.9882211685180664,,,0.00022484193542418802,471.18090683399714
5740,11755520,2.828260898590088,,,0.00022459354288664738,471.84331201999885
5750,11776000,2.6570210456848145,,,0.0002243448995198257,472.50678105099723
5760,11796480,2.9523816108703613,,,0.0002240960063702631,473.15747492899754
5770,11816960,2.881503105163574,,,0.00022384686448555114,473.93268162299864
5780,11837440,2.981454849243164,,,0.0002235974749143282,474.7660301129981
5790,11857920,3.165320873260498,,,0.00022334783870627532,475.6220354010002
5800,11878400,3.0631160736083984,2.820952844619751,16.792844022418024,0.00022309795691211138,476.8351502009973
5810,11898880,2.844809055328369,,,0.00022284783058358932,477.5996962149984
5820,11919360,2.9365949630737305,,,0.00022259746077349097,478.3670272870004
5830,11939840,3.045687675476074,,,0.00022234684853562314,479.0967156199986
5840,11960320,2.8561267852783203,,,0.00022209599492481298,479.80330343199967
5850,11980800,2.7061398029327393,,,0.00022184490099690362,480.5181384690004
5860,12001280,2.9166431427001953,,,0.00022159356780874958,481.22638285599896
5870,12021760,2.6342592239379883,,,0.00022134199641821257,481.899852696999
5880,12042240,2.609203577041626,,,0.00022109018788415676,482.5526768469972
5890,12062720,2.827744960784912,,,0.00022083814326644458,483.24631796099857
5900,12083200,2.6458184719085693,2.804389810562134,16.516994335052846,0.00022058586362593203,484.79866788199797
5910,12103680,2.9231767654418945,,,0.00022033335002446438,485.82320037599857
5920,12124160,3.1715712547302246,,,0.00022008060352487167,486.47086641499845
5930,12144640,2.7570571899414062,,,0.00021982762519096407,487.3735936999983
5940,12165120,2.620368719100952,,,0.00021957441608752776,488.053677898999
5950,12185600,2.877960205078125,,,0.00021932097728032004,488.909017381
5960,12206080,2.853604793548584,,,0.00021906730983606507,489.5792953199998
5970,12226560,2.816534996032715,,,0.00021881341482244944,490.20845136599746
5980,12247040,2.8150925636291504,,,0.0002185592933081175,490.8606894669974
5990,12267520,3.016072988510132,,,0.00021830494636266692,491.556533701998
6000,12288000,2.6937313079833984,2.794504976272583,16.35453086816946,0.00021805037505664429,492.6935471559991
6010,12308480,2.802069664001465,,,0.0002177955804615404,494.105024941
6020,12328960,2.7959682941436768,,,0.00021754056364978603,494.81950059099836
6030,12349440,2.988300323486328,,,0.00021728532569474722,495.58098155399784
6040,12369920,3.13909912109375,,,0.00021702986767072077,496.3645654110005
6050,12390400,2.907515525817871,,,0.00021677419065292968,497.1176240659988
6060,12410880,2.794273853302002,,,0.00021651829571751882,497.7897878219992
6070,12431360,2.8590171337127686,,,0.00021626218394155022,498.4934006000003
6080,12451840,2.938626289367676,,,0.0002160058564029986,499.2549150679988
6090,12472320,2.910381317138672,,,0.00021574931418074685,499.98633906399846
6100,12492800,3.0064682960510254,2.7901076436042787,16.282772443769883,0.00021549255835458142,501.27807685600055
6110,12513280,3.0164899826049805,,,0.0002152355900051878,502.0425364599978
6120,12533760,2.7559056282043457,,,0.00021497841021414605,502.75004084600005
6130,12554240,2.6492087841033936,,,0.00021472102006392618,503.4826279539993
6140,12574720,2.882584571838379,,,0.0002144634206378836,504.2505029669992
6150,12595200,2.780733823776245,,,0.0002142056130202545,505.04148343699853
6160,12615680,2.9441351890563965,,,0.00021394759829615145,505.69453932099714
6170,12636160,2.8820760250091553,,,0.00021368937755155868,506.410086762
6180,12656640,2.7351415157318115,,,0.00021343095187332747,507.21853739799917
6190,12677120,3.019704818725586,,,0.0002131723223491719,507.9316782789974
6200,12697600,3.0508289337158203,2.784558117389679,16.192661040309787,0.0002129134900676638,509.2583355409988
6210,12718080,2.9495205879211426,,,0.00021265445611822847,509.91431332999855
6220,12738560,2.7204322814941406,,,0.00021239522159114012,510.65909829799784
6230,12759040,2.994791030883789,,,0.0002121357875775171,511.3166629769985
6240,12779520,2.612412929534912,,,0.0002118761551693175,512.0565857090005
6250,12800000,2.718810796737671,,,0.00021161632545933432,512.7077692559978
6260,12820480,2.5003509521484375,,,0.00021135629954119106,513.3505729229983
6270,12840960,2.9171178340911865,,,0.00021109607850933708,514.2256243089978
6280,12861440,2.916688919067383,,,0.000210835663459043,514.950832323997
6290,12881920,2.8281123638153076,,,0.00021057505548639595,515.5799068989982
6300,12902400,3.1321284770965576,2.7714151740074158,15.981234241697102,0.0002103142556882952,516.8886173559986
6310,12922880,2.697498321533203,,,0.00021005326516244737,517.6617133
6320,12943360,3.2819762229919434,,,0.00020979208500736179,518.4243877109984
6330,12963840,2.8590400218963623,,,0.00020953071632234604,519.1338324479984
6340,12984320,2.8395166397094727,,,0.00020926916020750112,519.9019845990006
6350,13004800,2.6732845306396484,,,0.00020900741776371703,520.6465088469995
6360,13025280,2.6903462409973145,,,0.00020874549009266795,521.6242885219981
6370,13045760,3.000929355621338,,,0.0002084833782968077,522.2901678739981
6380,13066240,2.6283702850341797,,,0.00020822108347936513,523.0351159989987
6390,13086720,2.7224628925323486,,,0.00020795860674433934,523.7879367479982
6400,13107200,2.9709813594818115,2.762381935119629,15.83752200578397,0.0002076959491964952,525.1976296639987
6410,13127680,2.632601261138916,,,0.00020743311194135856,525.9189467069991
6420,13148160,2.809576988220215,,,0.00020717009608521174,526.6739368029994
6430,13168640,2.788097858428955,,,0.00020690690273508864,527.390780472997
6440,13189120,3.0458455085754395,,,0.00020664353299877042,528.0784228749981
6450,13209600,3.1282730102539062,,,0.00020637998798478052,528.8900542849988
6460,13230080,2.6854617595672607,,,0.00020611626880238018,529.5537886780003
6470,13250560,2.854519844055176,,,0.00020585237656156372,530.3213093199993
6480,13271040,2.9294447898864746,,,0.00020558831237305379,530.999311825999
6490,13291520,2.618251323699951,,,0.00020532407734829685,531.748541140998
6500,13312000,2.8714160919189453,2.760025942325592,15.80025283824719,0.00020505967259945842,532.9353235659983
6510,13332480,2.857572078704834,,,0.00020479509923941835,534.2609014709997
6520,13352960,2.4813199043273926,,,0.00020453035838176604,535.0613046349972
6530,13373440,2.5754106044769287,,,0.0002042654511407962,535.7305148489977
6540,13393920,2.880455732345581,,,0.00020400037863150354,536.3827836700002
6550,13414400,2.8088021278381348,,,0.0002037351419695786,537.2796456439974
6560,13434880,2.757136344909668,,,0.00020346974227140267,538.2113402789983
6570,13455360,2.9500179290771484,,,0.00020320418065404344,538.9222443399995
6580,13475840,2.7020423412323,,,0.00020293845823524993,539.7677996959974
6590,13496320,2.761103630065918,,,0.00020267257613344815,540.4313572449973
6600,13516800,2.979414939880371,2.7480520725250246,15.612190829868588,0.0002024065354677361,541.714513289
6610,13537280,2.5828700065612793,,,0.00020214033735787914,542.392814466999
6620,13557760,2.74346661567688,,,0.0002018739829243054,543.115315494997
6630,13578240,3.039168119430542,,,0.00020160747328810106,543.7546964799985
6640,13598720,2.6455254554748535,,,0.00020134080957100536,544.4248996159986
6650,13619200,2.7291646003723145,,,0.00020107399289540613,545.1149022159989
6660,13639680,2.9387741088867188,,,0.00020080702438433505,545.7541875089992
6670,13660160,2.7691988945007324,,,0.00020053990516146283,546.5688627870004
6680,13680640,2.873701572418213,,,0.00020027263635109455,547.3424097629977
6690,13701120,2.899350643157959,,,0.00020000521907816496,548.0996843719986
6700,13721600,2.6246795654296875,2.7396026849746704,15.480833106683995,0.00019973765446823356,549.4062049809982
6710,13742080,2.6781468391418457,,,0.00019946994364748006,550.11345592
6720,13762560,2.480541944503784,,,0.00019920208774269958,551.075358070997
6730,13783040,2.8847131729125977,,,0.00019893408788129792,551.838282638997
6740,13803520,2.976422071456909,,,0.0001986659451912867,552.8232390029989
6750,13824000,2.906832218170166,,,0.00019839766080127883,553.5934677629994
6760,13844480,2.926623821258545,,,0.00019812923584048355,554.4430451240005
6770,13864960,2.960875988006592,,,0.00019786067143870174,555.1340744929985
6780,13885440,3.0472898483276367,,,0.00019759196872632127,555.8982649709978
6790,13905920,2.680267810821533,,,0.00019732312883431215,556.6628703690003
6800,13926400,2.8353185653686523,2.7318952798843386,15.36197468817402,0.00019705415289422175,558.0851780379999
6810,13946880,2.8946545124053955,,,0.00019678504203817003,558.7661348269976
6820,13967360,2.826514959335327,,,0.0001965157973988449,559.4790869369972
6830,13987840,2.7575981616973877,,,0.00019624642010949726,560.1986835829994
6840,14008320,2.992502212524414,,,0.00019597691130393636,560.8918536780002
6850,14028800,2.8384273052215576,,,0.00019570727211652516,561.6219566449981
6860,14049280,2.9193077087402344,,,0.00019543750368217514,562.366704838998
6870,14069760,2.50785493850708,,,0.00019516760713634196,563.0784756840003
6880,14090240,2.9949395656585693,,,0.00019489758361502043,563.9055885309972
6890,14110720,2.5165047645568848,,,0.0001946274342547398,564.6673422879976
6900,14131200,2.60711932182312,2.7235153198242186,15.23377983789767,0.00019435716019255907,566.0692587169979
6910,14151680,2.748460531234741,,,0.00019408676256606202,566.8446355880005
6920,14172160,2.493565559387207,,,0.00019381624251335247,567.5116171469999
6930,14192640,2.841135263442993,,,0.00019354560117304962,568.1647238939986
6940,14213120,2.713639497756958,,,0.00019327483968428316,568.9206254189994
6950,14233600,3.0331673622131348,,,0.00019300395918668843,569.6265108579973
6960,14254080,2.7895431518554688,,,0.00019273296082040174,570.3084401419983
6970,14274560,2.939316749572754,,,0.00019246184572605546,570.9935177779989
6980,14295040,3.0584187507629395,,,0.0001921906150447733,571.6870711929987
6990,14315520,2.8459270000457764,,,0.0001919192699181654,572.3941224259979
7000,14336000,2.886591911315918,2.715032994747162,15.105108452907634,0.0001916478114883238,573.591505223998
7010,14356480,2.577833890914917,,,0.00019137624089781728,575.036378646997
7020,14376960,2.7787704467773438,,,0.00019110455928968658,575.8663260309986
7030,14397440,2.605658769607544,,,0.00019083276780744004,576.6848258169994
7040,14417920,2.613776206970215,,,0.00019056086759504818,577.516976101997
7050,14438400,2.767214775085449,,,0.00019028885979693923,578.2297610599999
7060,14458880,2.925795793533325,,,0.00019001674555799437,579.019502586998
7070,14479360,2.655466318130493,,,0.00018974452602354264,579.737355109999
7080,14499840,2.690247058868408,,,0.0001894722023393564,580.6017747929982
7090,14520320,2.7801520824432373,,,0.00018919977565164619,581.3644896169972
7100,14540800,2.8270931243896484,2.7106348872184753,15.038820439457435,0.00018892724710705628,582.7598134090003
7110,14561280,2.8876750469207764,,,0.00018865461785265962,583.6315187990003
7120,14581760,2.944751262664795,,,0.00018838188903595293,584.4666943369994
7130,14602240,2.7586331367492676,,,0.00018810906180485217,585.3266269649976
7140,14622720,2.777714729309082,,,0.00018783613730768734,586.1180998409982
7150,14643200,2.7761518955230713,,,0.00018756311669319793,586.8347560129987
7160,14663680,2.543199062347412,,,0.00018729000111052801,587.6135443259991
7170,14684160,2.6664071083068848,,,0.00018701679170922135,588.2887136009995
7180,14704640,2.616702079772949,,,0.00018674348963921653,589.0185841789971
7190,14725120,2.70404052734375,,,0.00018647009605084227,589.7212549920005
7200,14745600,2.839123249053955,2.7051563024520875,14.956654269573983,0.0001861966120948125,590.8948147779993
7210,14766080,2.8952271938323975,,,0.00018592303892222132,591.5574894519996
7220,14786560,2.54730486869812,,,0.00018564937768453864,592.322322879998
7230,14807040,2.7591323852539062,,,0.00018537562953360482,593.0651397289985
7240,14827520,2.8960185050964355,,,0.00018510179562162608,593.7751534729978
7250,14848000,2.7449069023132324,,,0.00018482787710116967,594.5325915439971
7260,14868480,2.4367966651916504,,,0.00018455387512515887,595.191028838999
7270,14888960,2.495211124420166,,,0.0001842797908468683,595.8579294489973
7280,14909440,2.558894157409668,,,0.00018400562541991895,596.6290065849971
7290,14929920,2.750415802001953,,,0.00018373137999827337,597.3292077999977
7300,14950400,2.7915172576904297,2.6989400386810303,14.863968140678459,0.0001834570557362308,598.7695298469989
7310,14970880,2.9002737998962402,,,0.00018318265378842232,599.4542974100004
7320,14991360,2.7747793197631836,,,0.00018290817530980602,600.3780367849977
7330,15011840,2.806715488433838,,,0.00018263362145566213,601.0606345550004
7340,15032320,2.6274707317352295,,,0.000182358993381588,601.7537479089988
7350,15052800,2.721198081970215,,,0.0001820842922434936,602.511387134
7360,15073280,2.6398861408233643,,,0.0001818095191975962,603.2470314159982
7370,15093760,2.832629919052124,,,0.00018153467540041578,603.9792004310002
7380,15114240,2.891057014465332,,,0.00018125976200877026,604.6675679580003
7390,15134720,2.8036274909973145,,,0.00018098478017977034,605.3694086079995
7400,15155200,2.7652370929718018,2.694412100315094,14.796817151562877,0.00018070973107081476,606.5241751379981
7410,15175680,2.9635934829711914,,,0.00018043461583958556,607.270304685997
7420,15196160,2.6646475791931152,,,0.000180159435644043,607.947491682
7430,15216640,2.727215528488159,,,0.0001798841916424207,608.7060476869992
7440,15237120,2.724731206893921,,,0.00017960888499322111,609.8928815090003
7450,15257600,2.6419715881347656,,,0.0001793335168552101,610.7710733249987
7460,15278080,2.7969167232513428,,,0.0001790580883874124,611.5950662609976
7470,15298560,2.6162261962890625,,,0.00017878260074910682,612.3988800679981
7480,15319040,2.692263126373291,,,0.00017850705509982098,613.4330426619999
7490,15339520,2.878232717514038,,,0.0001782314525993268,614.3752229239981
7500,15360000,2.4596614837646484,2.6867579936981203,14.683993070086546,0.00017795579440763558,615.7333864059983
7510,15380480,2.768826484680176,,,0.00017768008168499283,617.2343149209992
7520,15400960,2.7576098442077637,,,0.00017740431559187372,618.1166694040003
7530,15421440,2.676356792449951,,,0.00017712849728897793,618.9114129269983
7540,15441920,2.499251365661621,,,0.00017685262793722508,619.7724988150003
7550,15462400,2.6513161659240723,,,0.0001765767086977495,620.4914265449988
7560,15482880,2.728351354598999,,,0.00017630074073189547,621.2895107909972
7570,15503360,2.6891679763793945,,,0.00017602472520121255,622.0912852389993
7580,15523840,2.7604098320007324,,,0.00017574866326745036,622.9108964869993
7590,15544320,2.8055567741394043,,,0.00017547255609255376,623.7768965549985
7600,15564800,2.6256439685821533,2.6809083104133604,14.598347106377087,0.00017519640483865822,625.1130538229991
7610,15585280,2.7737550735473633,,,0.00017492021066808463,626.1813294700005
7620,15605760,2.699047565460205,,,0.00017464397474333448,626.9113190649987
7630,15626240,3.0630881786346436,,,0.0001743676982270851,627.6740826129972
7640,15646720,2.7120707035064697,,,0.00017409138228218458,628.5332857169997
7650,15667200,3.206882953643799,,,0.00017381502807164696,629.3532242149995
7660,15687680,2.547360897064209,,,0.00017353863675864754,630.0043608569977
7670,15708160,2.556004524230957,,,0.00017326220950651753,630.7187080859985
7680,15728640,2.6018617153167725,,,0.00017298574747873945,631.3902547399994
7690,15749120,2.8615784645080566,,,0.0001727092518389424,632.0846626899984
7700,15769600,2.9406578540802,2.6753589034080507,14.517559306198908,0.0001724327237508967,633.3991704559994
7710,15790080,3.1260008811950684,,,0.0001721561643785093,634.0568318320002
7720,15810560,3.0126876831054688,,,0.00017187957488581902,634.8094034979986
7730,15831040,2.67730975151062,,,0.0001716029564369912,635.5088081139984
7740,15851520,2.8418312072753906,,,0.0001713263101963132,636.2233553139995
7750,15872000,2.822619915008545,,,0.0001710496373281893,636.9842834749979
7760,15892480,2.9066057205200195,,,0.00017077293899713585,637.7701553539991
7770,15912960,2.7182118892669678,,,0.00017049621636777647,638.5671940859975
7780,15933440,2.733973979949951,,,0.000170219470604837,639.248658094999
7790,15953920,2.733433961868286,,,0.00016994270287314054,640.0157416949987
7800,15974400,2.804530143737793,2.6705830931663512,14.448391495416447,0.0001696659143376028,641.3285251359994
7810,15994880,2.8009839057922363,,,0.00016938910616322696,642.0653034690004
7820,16015360,2.7864513397216797,,,0.00016911227951509896,642.9685681419978
7830,16035840,2.733173131942749,,,0.00016883543555838238,643.8041981409988
7840,16056320,2.5070228576660156,,,0.00016855857545831373,644.5284685919978
7850,16076800,2.885800361633301,,,0.0001682817003801975,645.300141656
7860,16097280,2.7366573810577393,,,0.00016800481148940107,645.9972136359975
7870,16117760,2.6666135787963867,,,0.00016772790995135008,646.8038784380005
7880,16138240,3.0900304317474365,,,0.00016745099693152345,647.5247943719987
7890,16158720,2.729618549346924,,,0.0001671740735954483,648.2418181129979
7900,16179200,2.9867725372314453,2.6640721559524536,14.35462451226762,0.00016689714110869517,649.6215189799987
7910,16199680,2.714266538619995,,,0.00016662020063687333,650.3307300089982
7920,16220160,2.486123561859131,,,0.00016634325334562535,651.3053948109991
7930,16240640,2.952691078186035,,,0.0001660663004006227,651.9814962019991
7940,16261120,2.859724998474121,,,0.00016578934296756064,652.7024473239981
7950,16281600,2.905428886413574,,,0.00016551238221215324,653.4627680529993
7960,16302080,2.619755506515503,,,0.00016523541930012857,654.1577089249986
7970,16322560,2.4766008853912354,,,0.00016495845539722388,654.9175667099989
7980,16343040,2.4779276847839355,,,0.0001646814916691804,655.7181398389985
7990,16363520,2.838243007659912,,,0.00016440452928173882,656.5361441169989
8000,16384000,2.81112003326416,2.6592414379119873,14.285448587888142,0.00016412756940063411,657.8353310099992
8010,16404480,2.940524101257324,,,0.00016385061319159068,659.1816636160002
8020,16424960,2.597745180130005,,,0.00016357366182031744,660.0139835429982
8030,16445440,2.5102128982543945,,,0.00016329671645250299,660.8179184509972
8040,16465920,2.916031837463379,,,0.0001630197782538107,661.5469068419989
8050,16486400,2.7672462463378906,,,0.00016274284838987372,662.189360393997
8060,16506880,2.8223118782043457,,,0.00016246592802629008,662.8654353909988
8070,16527360,2.811373472213745,,,0.00016218901832861787,663.5646125469975
8080,16547840,2.7082486152648926,,,0.0001619121204623703,664.2480572759996
8090,16568320,2.491774082183838,,,0.0001616352355930108,664.9944492699979
8100,16588800,2.707153558731079,2.653136897087097,14.198508119589784,0.00016135836488594802,666.1460440800001
8110,16609280,2.7942023277282715,,,0.00016108150950653103,666.9066368309977
8120,16629760,2.6972312927246094,,,0.0001608046706200444,667.648621682998
8130,16650240,2.576345920562744,,,0.00016052784939170334,668.3628814149997
8140,16670720,2.7302370071411133,,,0.00016025104698664857,669.1105190819981
8150,16691200,2.616020679473877,,,0.00015997426456994176,669.8354200989997
8160,16711680,2.603856325149536,,,0.00015969750330656034,670.6555933729978
8170,16732160,2.6853435039520264,,,0.0001594207643613928,671.6372360169989
8180,16752640,2.6254448890686035,,,0.00015914404889923355,672.3067215709998
8190,16773120,2.586854934692383,,,0.00015886735808477828,673.3830836870002
8200,16793600,2.6723928451538086,2.6476463675498962,14.120764413736147,0.00015859069308261895,674.6948921629992
8210,16814080,2.7520060539245605,,,0.00015831405505723875,675.471357131999
8220,16834560,2.701101541519165,,,0.00015803744517300746,676.3601809469983
8230,16855040,2.7405521869659424,,,0.00015776086459417637,677.0106171070001
8240,16875520,2.8349862098693848,,,0.00015748431448487334,677.7049028839974
8250,16896000,2.617410659790039,,,0.00015720779600909807,678.4096837939978
8260,16916480,2.6853013038635254,,,0.00015693131033071717,679.1974615319996
8270,16936960,2.6674938201904297,,,0.00015665485861345908,680.0860784329998
8280,16957440,2.7566163539886475,,,0.0001563784420209093,680.8376532889997
8290,16977920,2.8601346015930176,,,0.00015610206171650566,681.6106931029972
8300,16998400,2.381545066833496,2.644430088996887,14.075421059516657,0.00015582571886353305,682.9161264859977
8310,17018880,2.9731907844543457,,,0.00015554941462511882,683.7664845910003
8320,17039360,2.61629319190979,,,0.00015527315016422783,684.5176142629971
8330,17059840,2.454970598220825,,,0.00015499692664365744,685.3028446289973
8340,17080320,2.7447125911712646,,,0.0001547207452260327,685.9879202779994
8350,17100800,2.9025397300720215,,,0.00015444460707380152,686.8199588619973
8360,17121280,2.769141912460327,,,0.00015416851334922963,687.5912272149981
8370,17141760,2.705343246459961,,,0.00015389246521439574,688.2423523079997
8380,17162240,2.7510366439819336,,,0.0001536164638311868,689.0706008289999
8390,17182720,2.565119504928589,,,0.0001533405103612929,689.7674060819991
8400,17203200,2.6593825817108154,2.6347444891929626,13.939750251253825,0.0001530646059662024,690.9811565489981
8410,17223680,2.8556909561157227,,,0.00015278875180719725,691.9011276969977
8420,17244160,2.640369415283203,,,0.00015251294904534786,692.8291712999999
8430,17264640,2.736119270324707,,,0.00015223719884150825,693.602656944
8440,17285120,2.4714555740356445,,,0.00015196150235631143,694.3594861909987
8450,17305600,2.4911727905273438,,,0.00015168586075016413,695.11981973
8460,17326080,2.498079776763916,,,0.00015141027518324207,695.8742817540005
8470,17346560,2.7676522731781006,,,0.00015113474681548527,696.7657205469986
8480,17367040,3.034931182861328,,,0.00015085927680659285,697.8434546200006
8490,17387520,2.4004039764404297,,,0.0001505838663160184,698.7345481079974
8500,17408000,2.6545214653015137,2.6330557227134705,13.916229134723647,0.00015030851650296487,700.0390982329991
8510,17428480,2.7261157035827637,,,0.00015003322852637997,701.4267430809996
8520,17448960,2.5413875579833984,,,0.00014975800354495098,702.2631548360005
8530,17469440,2.7858400344848633,,,0.00014948284271710022,703.0115180149987
8540,17489920,2.6953368186950684,,,0.00014920774720097985,703.8124066829987
8550,17510400,2.6961960792541504,,,0.00014893271815446716,704.5149241859981
8560,17530880,2.469928741455078,,,0.00014865775673515965,705.2075245220003
8570,17551360,2.4680237770080566,,,0.0001483828641003703,705.9153520209984
8580,17571840,2.6043803691864014,,,0.0001481080414071224,706.732789239999
8590,17592320,2.4756832122802734,,,0.00014783328981214492,707.551081546997
8600,17612800,2.598112106323242,2.63070832490921,13.883600520161023,0.0001475586104718677,708.764803883998
8610,17633280,2.5681862831115723,,,0.00014728400454241624,709.456797933999
8620,17653760,2.695585012435913,,,0.00014700947317960723,710.2195199739981
8630,17674240,2.3722777366638184,,,0.0001467350175389434,710.948681676
8640,17694720,2.442092180252075,,,0.00014646063877560894,711.7155337479999
8650,17715200,2.716582775115967,,,0.00014618633804446417,712.5122712199991
8660,17735680,2.5809152126312256,,,0.00014591211650004127,713.1841721780002
8670,17756160,2.762477397918701,,,0.00014563797529653893,713.9201362749991
8680,17776640,2.4131157398223877,,,0.00014536391558781772,714.6421222099998
8690,17797120,2.759101390838623,,,0.0001450899385273953,715.3774425849988
8700,17817600,2.41591477394104,2.621687960624695,13.758928524643727,0.00014481604526844137,716.7160640729999
8710,17838080,2.757784843444824,,,0.0001445422369637729,717.4652018919987
8720,17858560,2.4210023880004883,,,0.0001442685147658493,718.247116442999
8730,17879040,2.774916648864746,,,0.0001439948798267676,718.936181781999
8740,17899520,2.7986366748809814,,,0.0001437213332982575,719.6326838139976
8750,17920000,2.8918440341949463,,,0.00014344787633167668,720.3388185809999
8760,17940480,2.610856056213379,,,0.00014317451007800575,721.1192007059981
8770,17960960,2.669466972351074,,,0.00014290123568784353,721.8269272649995
8780,17981440,2.6504130363464355,,,0.0001426280543114022,722.4846744450006
8790,18001920,2.663477897644043,,,0.00014235496709850244,723.399723839997
8800,18022400,2.450559616088867,2.6183880090713503,13.713599559915073,0.0001420819751985686,724.5874325789991
8810,18042880,2.895899772644043,,,0.00014180907976062387,725.2168188729993
8820,18063360,2.623000144958496,,,0.00014153628193328541,726.0948283729995
8830,18083840,2.6564817428588867,,,0.00014126358286475958,726.7996034729986
8840,18104320,2.6283485889434814,,,0.00014099098370283695,727.57379717
8850,18124800,2.6562085151672363,,,0.00014071848559488772,728.376668738998
8860,18145280,2.453001022338867,,,0.0001404460896878567,729.1557791609994
8870,18165760,2.7603893280029297,,,0.0001401737971282585,729.8447422919999
8880,18186240,2.8741064071655273,,,0.00013990160906217282,730.5336483030005
8890,18206720,2.8014373779296875,,,0.0001396295266352395,731.251244567
8900,18227200,2.7351632118225098,2.6152586340904236,13.67075164312065,0.00013935755099265366,732.5999632329986
8910,18247680,2.840297222137451,,,0.00013908568327916114,733.3575405079973
8920,18268160,2.565290927886963,,,0.0001388139246390534,734.1225793099984
8930,18288640,2.459017753601074,,,0.00013854227621616278,734.8488260269987
8940,18309120,2.9132440090179443,,,0.0001382707391538578,735.5371555919992
8950,18329600,2.664233922958374,,,0.0001379993145950382,736.1982439429994
8960,18350080,2.778421401977539,,,0.00013772800368213022,736.8494733389998
8970,18370560,2.9003005027770996,,,0.00013745680755708177,737.7822314229998
8980,18391040,2.6112585067749023,,,0.00013718572736135765,738.4811607779993
8990,18411520,2.7359981536865234,,,0.00013691476423593462,739.2301591709984
9000,18432000,2.7246780395507812,2.609341013431549,13.59009221211171,0.00013664391932129675,740.4564691679989
9010,18452480,2.65415620803833,,,0.00013637319375743058,741.7449797310001
9020,18472960,2.697470188140869,,,0.00013610258868382026,742.4603355139989
9030,18493440,2.707667350769043,,,0.00013583210523944277,743.207937449999
9040,18513920,2.6988844871520996,,,0.00013556174456276328,744.0079341909986
9050,18534400,2.660275936126709,,,0.00013529150779173008,744.6858520940004
9060,18554880,2.4492239952087402,,,0.00013502139606376998,745.451419306999
9070,18575360,2.5839312076568604,,,0.00013475141051578365,746.1397467409988
9080,18595840,2.5360190868377686,,,0.00013448155228414042,746.9835334609998
9090,18616320,2.5290541648864746,,,0.00013421182250467382,747.7642043779997
9100,18636800,2.5871033668518066,2.6060312747955323,13.54518691224565,0.00013394222231267688,749.0713995099977
9110,18657280,2.3190255165100098,,,0.000133672752842897,749.7552008839994
9120,18677760,2.6890475749969482,,,0.00013340341522953143,750.4977981349984
9130,18698240,2.75028920173645,,,0.00013313421060622246,751.1941863279972
9140,18718720,2.35735821723938,,,0.00013286514010605268,751.8634414199987
9150,18739200,2.5686333179473877,,,0.00013259620486154,752.6490477049992
9160,18759680,2.6694068908691406,,,0.0001323274060046332,753.3803348949987
9170,18780160,2.6841533184051514,,,0.00013205874466670688,754.2022647759986
9180,18800640,2.8991692066192627,,,0.0001317902219785569,754.8900822489995
9190,18821120,2.853549003601074,,,0.00013152183907039558,755.7020325729973
9200,18841600,2.6090598106384277,2.6014415502548216,13.48316068599718,0.0001312535970718468,757.1585092919995
9210,18862080,2.529977560043335,,,0.00013098549711194137,757.9647213749995
9220,18882560,3.1103830337524414,,,0.00013071754031911226,758.7849000949973
9230,18903040,2.723191261291504,,,0.00013044972782119,759.5166267459972
9240,18923520,2.6603102684020996,,,0.00013018206074539757,760.2404831690001
9250,18944000,2.8666634559631348,,,0.00012991454021834593,761.0481196719993
9260,18964480,2.6541481018066406,,,0.00012964716736602933,761.8742297829995
9270,18984960,2.6205925941467285,,,0.0001293799433138203,762.7382420590002
9280,19005440,2.7583847045898438,,,0.00012911286918646515,763.5602353739996
9290,19025920,2.7361533641815186,,,0.0001288459461080792,764.2922840139981
9300,19046400,2.6346518993377686,2.599833405017853,13.46149523062928,0.00012857917520214191,765.5984031119988
9310,19066880,2.701995372772217,,,0.00012831255759149227,766.2846985549986
9320,19087360,2.849987506866455,,,0.0001280460943983241,767.1904326969998
9330,19107840,2.4267425537109375,,,0.00012777978674418126,767.9492170079975
9340,19128320,2.553852081298828,,,0.00012751363574995287,768.6532223779977
9350,19148800,2.465325117111206,,,0.0001272476425358688,769.5023100580001
9360,19169280,2.7284793853759766,,,0.0001269818082214947,770.3254270340003
9370,19189760,2.5595993995666504,,,0.00012671613392572744,771.0833268479983
9380,19210240,2.7054734230041504,,,0.00012645062076679047,771.8369843979999
9390,19230720,2.6845109462738037,,,0.00012618526986222888,772.707085692
9400,19251200,2.602999210357666,2.595839965343475,13.407844757761783,0.0001259200823289049,774.157635282998
9410,19271680,2.617011070251465,,,0.00012565505928299316,774.8433878510004
9420,19292160,2.8242440223693848,,,0.0001253902018399759,775.5900388619993
9430,19312640,2.4756343364715576,,,0.00012512551111463837,776.4195644840001
9440,19333120,2.896573543548584,,,0.00012486098822106403,777.2837914239972
9450,19353600,2.508415937423706,,,0.00012459663427263006,778.0143660739996
9460,19374080,2.4487648010253906,,,0.0001243324503820025,778.6931128879987
9470,19394560,2.674163818359375,,,0.00012406843766113158,779.3705978260004
9480,19415040,2.63812518119812,,,0.00012380459722124716,780.2310070409985
9490,19435520,2.620365619659424,,,0.0001235409301728538,780.9556956870001
9500,19456000,2.6434860229492188,2.5956631779670714,13.405474629574373,0.00012327743762572643,782.447006659997
9510,19476480,2.5807220935821533,,,0.00012301412068890547,783.7836142589986
9520,19496960,2.8571012020111084,,,0.00012275098047069216,784.5255069939994
9530,19517440,2.718883991241455,,,0.0001224880180786439,785.2719068279985
9540,19537920,2.6121671199798584,,,0.0001222252346195697,785.9947985159997
9550,19558400,2.799785614013672,,,0.0001219626311995254,786.8334888659992
9560,19578880,2.6442019939422607,,,0.00012170020892380899,787.5939695189991
9570,19599360,2.592613458633423,,,0.00012143796889695618,788.4165369669972
9580,19619840,2.641432762145996,,,0.00012117591222273544,789.1990781979985
9590,19640320,2.744588851928711,,,0.00012091404000414358,790.0168537280006
9600,19660800,2.487334728240967,2.5900638341903686,13.330622525532542,0.00012065235334340106,791.3516492300005
9610,19681280,2.842008352279663,,,0.00012039085334194725,792.0911411060006
9620,19701760,2.579125165939331,,,0.00012012954110043593,792.7786704299979
9630,19722240,2.6061453819274902,,,0.00011986841771873062,793.4561782749988
9640,19742720,2.554150104522705,,,0.00011960748429589987,794.1700775619975
9650,19763200,2.4142251014709473,,,0.00011934674193021269,794.9117597369986
9660,19783680,2.5604240894317627,,,0.00011908619171913397,795.662244070998
9670,19804160,2.4603073596954346,,,0.00011882583475931982,796.446994523998
9680,19824640,3.1419246196746826,,,0.00011856567214661296,797.4395074929998
9690,19845120,2.539797782897949,,,0.00011830570497603801,798.3086591869978
9700,19865600,2.6732892990112305,2.583329808712006,13.241155349015727,0.00011804593434179711,799.5575467210001
9710,19886080,2.555413007736206,,,0.00011778636133726515,800.2842168979987
9720,19906560,2.9841747283935547,,,0.00011752698705498503,801.0885457389995
9730,19927040,2.496481418609619,,,0.0001172678125866635,801.7703830129976
9740,19947520,2.6658239364624023,,,0.0001170088390231661,802.5073697560001
9750,19968000,2.5221476554870605,,,0.0001167500674545128,803.3126037759976
9760,19988480,2.529871940612793,,,0.00011649149896987344,804.0578440440004
9770,20008960,2.691957950592041,,,0.00011623313465756298,804.9263721030002
9780,20029440,2.7274258136749268,,,0.00011597497560503708,805.5572475480003
9790,20049920,2.365900993347168,,,0.00011571702289888743,806.2874650319973
9800,20070400,2.651163101196289,2.5776702761650085,13.166428259017993,0.00011545927762483728,807.5713167209979
9810,20090880,2.7369370460510254,,,0.00011520174086773669,808.2795787089999
9820,20111360,2.616766929626465,,,0.00011494441371155814,809.0211416309976
9830,20131840,2.5698344707489014,,,0.0001146872972393919,809.6401564379994
9840,20152320,2.5259904861450195,,,0.00011443039253344142,810.3024827029985
9850,20172800,2.630645513534546,,,0.00011417370067501892,810.994297846999
9860,20193280,2.6201746463775635,,,0.00011391722274454065,811.7224676019978
9870,20213760,3.0127296447753906,,,0.00011366095982152247,812.445449633
9880,20234240,2.687152147293091,,,0.00011340491298457531,813.2102892019975
9890,20254720,2.6060543060302734,,,0.00011314908331140053,813.9723240530002
9900,20275200,2.550793409347534,2.5763558864593508,13.149133809567072,0.00011289347187878548,815.2518296999988
9910,20295680,2.4919562339782715,,,0.0001126380797625989,816.0105694800004
9920,20316160,2.7833056449890137,,,0.00011238290803778655,816.8652787749998
9930,20336640,2.5669503211975098,,,0.00011212795777836639,817.6830097959974
9940,20357120,2.5140397548675537,,,0.00011187323005742433,818.4731360249971
9950,20377600,2.7229199409484863,,,0.00011161872594710964,819.1634205560003
9960,20398080,2.8388473987579346,,,0.00011136444651863035,819.8771843109971
9970,20418560,2.6194186210632324,,,0.0001111103928422488,820.6381779599978
9980,20439040,2.553069591522217,,,0.00011085656598727721,821.52958631
9990,20459520,2.7729477882385254,,,0.00011060296702207305,822.3564693059998
10000,20480000,2.6790030002593994,2.5726058006286623,13.099915772793162,0.00011034959701403459,823.6035475099998
10010,20500480,2.640641689300537,,,0.00011009645702959648,824.883320388999
10020,20520960,2.7969141006469727,,,0.00010984354813422514,825.6451740179982
10030,20541440,2.527726650238037,,,0.00010959087139241439,826.3771322539978
10040,20561920,2.4948954582214355,,,0.00010933842786768085,827.1360817450004
10050,20582400,2.6933085918426514,,,0.00010908621862255956,827.7803910759976
10060,20602880,2.8901495933532715,,,0.00010883424471859952,828.5240364359997
10070,20623360,2.863107204437256,,,0.00010858250721635919,829.3203040289991
10080,20643840,2.599928855895996,,,0.00010833100717540181,830.1208603349987
10090,20664320,2.3138253688812256,,,0.00010807974565429145,830.9742210999975
10100,20684800,2.8022327423095703,2.5699053406715393,13.064587697302779,0.00010782872371058805,832.2252367999972
10110,20705280,2.7046713829040527,,,0.0001075779424008432,833.0782614689997
10120,20725760,2.573920726776123,,,0.00010732740278059571,833.7925634929998
10130,20746240,2.781865358352661,,,0.00010707710590436708,834.4787875939983
10140,20766720,2.6565048694610596,,,0.00010682705282565707,835.2236846339983
10150,20787200,2.4700655937194824,,,0.0001065772445969394,835.9347490019973
10160,20807680,2.460202932357788,,,0.00010632768226965715,836.6783780829974
10170,20828160,2.5927395820617676,,,0.0001060783668942183,837.4436293199979
10180,20848640,2.6169700622558594,,,0.00010582929951999169,838.1149130669983
10190,20869120,2.587869167327881,,,0.000105580481195302,838.7747619119982
10200,20889600,2.5660529136657715,2.5646942019462586,12.996683401443585,0.00010533191296742589,840.1558402390001
10210,20910080,2.6295979022979736,,,0.00010508359588258722,840.9376773829972
10220,20930560,2.6792078018188477,,,0.00010483553098595285,841.9360628020004
10230,20951040,2.6333746910095215,,,0.00010458771932162823,842.8432013429992
10240,20971520,2.5833189487457275,,,0.00010434016193265279,843.5697880560001
10250,20992000,2.557068109512329,,,0.00010409285986099594,844.5025642229994
10260,21012480,2.4565839767456055,,,0.00010384581414755226,845.4270420629982
10270,21032960,2.691514015197754,,,0.00010359902583213749,846.2460441839976
10280,21053440,2.5720019340515137,,,0.00010335249595348387,847.2511817969971
10290,21073920,2.7390694618225098,,,0.00010310622554923588,848.0282448069993
10300,21094400,2.7645459175109863,2.5611943364143372,12.951276262966557,0.00010286021565594589,849.2929273269983
10310,21114880,2.51518177986145,,,0.00010261446730906978,850.0758635019993
10320,21135360,2.605484962463379,,,0.00010236898154296262,850.8565271879997
10330,21155840,2.370547294616699,,,0.00010212375939087416,851.6488007240005
10340,21176320,2.7252278327941895,,,0.0001018788018849448,852.4290867929994
10350,21196800,2.4157533645629883,,,0.00010163411005620086,853.148804952998
10360,21217280,2.2538223266601562,,,0.00010138968493455051,853.8236526979999
10370,21237760,2.543372631072998,,,0.00010114552754877926,854.5262409019997
10380,21258240,2.6756789684295654,,,0.00010090163892654591,855.28767573
10390,21278720,2.3780486583709717,,,0.00010065802009437783,855.978446219
10400,21299200,2.7176051139831543,2.558436834812164,12.915612292247957,0.00010041467207766695,857.2910326040001
10410,21319680,2.566904067993164,,,0.00010017159590066532,858.032468759
10420,21340160,2.603135347366333,,,9.992879258648074e-05,858.7950865659986
10430,21360640,2.774928092956543,,,9.96862631570727e-05,859.6155097519986
10440,21381120,2.7987282276153564,,,9.944400863324778e-05,860.4852620069978
10450,21401600,2.7215332984924316,,,9.92020300346555e-05,861.3729350979993
10460,21422080,2.718284845352173,,,9.8960328379784e-05,862.2471417209999
10470,21442560,2.392631769180298,,,9.871890468595583e-05,863.1621206739983
10480,21463040,2.5134329795837402,,,9.847775996932346e-05,863.9002819979978
10490,21483520,2.564757823944092,,,9.823689524486538e-05,864.6415773949993
10500,21504000,2.6707849502563477,2.556701588630676,12.893219959060339,9.799631152638138e-05,866.1389581019976
10510,21524480,2.3121800422668457,,,9.775600982648857e-05,867.5578633820005
10520,21544960,2.5691099166870117,,,9.751599115661699e-05,868.2686921579989
10530,21565440,2.7369754314422607,,,9.727625652700558e-05,869.075054484998
10540,21585920,2.6770682334899902,,,9.703680694669757e-05,870.0012418129991
10550,21606400,2.6257576942443848,,,9.679764342353648e-05,870.8681921079988
10560,21626880,3.033048152923584,,,9.655876696416182e-05,871.709309119
10570,21647360,2.4650449752807617,,,9.632017857400485e-05,872.4457787389983
10580,21667840,2.7722718715667725,,,9.608187925728428e-05,873.3499976219973
10590,21688320,2.4884848594665527,,,9.584387001700227e-05,874.0393912919972
10600,21708800,2.5108823776245117,2.5533907532691957,12.85060321793237,9.560615185493991e-05,875.3116099489998
10610,21729280,2.4854211807250977,,,9.536872577165312e-05,876.1488761479995
10620,21749760,2.711456298828125,,,9.513159276646861e-05,877.0368744890002
10630,21770240,2.3895585536956787,,,9.489475383747941e-05,877.8492212409983
10640,21790720,2.51652193069458,,,9.465820998154078e-05,878.4914969969977
10650,21811200,2.6498305797576904,,,9.442196219426607e-05,879.6130981339993
10660,21831680,2.421431541442871,,,9.418601147002244e-05,880.2987903149988
10670,21852160,2.6798629760742188,,,9.395035880192665e-05,881.0084259350006
10680,21872640,2.554999828338623,,,9.371500518184114e-05,881.780069643999
10690,21893120,2.511615037918091,,,9.347995160036948e-05,882.5026568829999
10700,21913600,2.5662174224853516,2.5530187487602234,12.845823624662529,9.324519904685237e-05,883.770502809999
10710,21934080,2.3732457160949707,,,9.301074850936363e-05,884.4884715819971
10720,21954560,2.8402090072631836,,,9.277660097470579e-05,885.2118401379994
10730,21975040,2.420145034790039,,,9.254275742840602e-05,885.9140028589973
10740,21995520,2.6046860218048096,,,9.230921885471204e-05,886.6064950719992
10750,22016000,2.5239710807800293,,,9.20759862365879e-05,887.4185352299974
10760,22036480,2.6965889930725098,,,9.184306055571002e-05,888.2506405849999
10770,22056960,2.736570358276367,,,9.161044279246277e-05,889.225592756
10780,22077440,2.7166318893432617,,,9.137813392593454e-05,890.0371368630003
10790,22097920,2.6170854568481445,,,9.114613493391361e-05,890.7094589599983
10800,22118400,2.7883293628692627,2.5447592973709106,12.740161126689522,9.091444679288388e-05,892.0510862619994
10810,22138880,2.520418405532837,,,9.068307047802107e-05,892.7812656679998
10820,22159360,2.56648588180542,,,9.045200696318827e-05,893.5765713170003
10830,22179840,2.7738237380981445,,,9.022125722093207e-05,894.2224484580001
10840,22200320,2.6528408527374268,,,8.999082222247832e-05,894.9163124769984
10850,22220800,2.3757848739624023,,,8.97607029377282e-05,895.6413639969978
10860,22241280,2.715056896209717,,,8.953090033525395e-05,896.3013916329983
10870,22261760,2.743887424468994,,,8.9301415382295e-05,896.954043046997
10880,22282240,2.5992398262023926,,,8.907224904475376e-05,897.6617574789998
10890,22302720,2.460761308670044,,,8.884340228719154e-05,898.8457958929976
10900,22323200,2.528280735015869,2.55031977891922,12.811199879356769,8.861487607282458e-05,899.9164845079977
10910,22343680,2.2497010231018066,,,8.838667136351994e-05,900.633630731998
10920,22364160,2.680595636367798,,,8.815878911979146e-05,901.3351346380005
10930,22384640,2.5444021224975586,,,8.793123030079568e-05,902.0219482469984
10940,22405120,2.3944594860076904,,,8.770399586432802e-05,902.6376532149989
10950,22425600,2.6246466636657715,,,8.747708676681837e-05,903.383864948999
10960,22446080,2.665085792541504,,,8.725050396332733e-05,904.0666172189995
10970,22466560,2.6638550758361816,,,8.702424840754216e-05,904.802224133
10980,22487040,2.589271068572998,,,8.679832105177271e-05,905.5087642699982
10990,22507520,2.7670183181762695,,,8.657272284694751e-05,906.1806631549989
11000,22528000,2.4438467025756836,2.5423134565353394,12.70903879600259,8.634745474260958e-05,907.4920583179992
11010,22548480,2.7840323448181152,,,8.612251768691258e-05,908.6523863410002
11020,22568960,2.5468263626098633,,,8.589791262661685e-05,909.367127827998
11030,22589440,2.51987361907959,,,8.567364050708524e-05,910.3500371109985
11040,22609920,2.627614974975586,,,8.544970227227939e-05,911.1868154629992
11050,22630400,2.6216158866882324,,,8.522609886475545e-05,912.3266243019971
11060,22650880,2.315647602081299,,,8.500283122566051e-05,913.3293129039994
11070,22671360,2.5009357929229736,,,8.477990029472824e-05,914.0258570419974
11080,22691840,2.981642484664917,,,8.455730701027514e-05,914.7629223059994
11090,22712320,2.688258409500122,,,8.433505230919655e-05,915.4297355009985
11100,22732800,2.528134346008301,2.542145550251007,12.70690504766081,8.411313712696274e-05,916.7146894379985
11110,22753280,2.7189533710479736,,,8.389156239761489e-05,917.4165090749993
11120,22773760,2.5566296577453613,,,8.367032905376136e-05,918.134280192
11130,22794240,2.347712516784668,,,8.344943802657343e-05,918.9110389969974
11140,22814720,3.0571651458740234,,,8.32288902457817e-05,919.6758892689977
11150,22835200,3.076748847961426,,,8.300868663967195e-05,920.4198445869988
11160,22855680,2.593508720397949,,,8.27888281350814e-05,921.1941828239978
11170,22876160,2.4748482704162598,,,8.256931565739472e-05,921.9749521310005
11180,22896640,2.7930068969726562,,,8.235015013054009e-05,922.728511219997
11190,22917120,2.499081611633301,,,8.213133247698548e-05,923.4474023839975
11200,22937600,2.5570149421691895,2.5376036286354067,12.64932214845477,8.191286361773466e-05,924.7955269669983
11210,22958080,2.7500967979431152,,,8.169474447232322e-05,925.5232773959979
11220,22978560,2.7596259117126465,,,8.147697595881485e-05,926.3030854499993
11230,22999040,2.4268269538879395,,,8.125955899379747e-05,927.1061976919991
11240,23019520,2.5996570587158203,,,8.104249449237923e-05,927.8998649759997
11250,23040000,2.670649528503418,,,8.082578336818495e-05,928.617135859
11260,23060480,2.4422495365142822,,,8.060942653335189e-05,929.3663211269995
11270,23080960,2.4672679901123047,,,8.039342489852618e-05,930.1021188669984
11280,23101440,2.811455726623535,,,8.017777937285895e-05,930.8393480919985
11290,23121920,2.6514668464660645,,,7.99624908640024e-05,931.595613169
11300,23142400,2.498469829559326,2.535466027259827,12.622311818973754,7.974756027810604e-05,932.8422904919971
11310,23162880,2.5502471923828125,,,7.953298851981303e-05,933.4616179379991
11320,23183360,2.7670867443084717,,,7.931877649225602e-05,934.1350344530001
11330,23203840,2.7600138187408447,,,7.91049250970537e-05,934.9411236899978
11340,23224320,2.390695571899414,,,7.889143523430678e-05,935.7530690409985
11350,23244800,2.5370678901672363,,,7.867830780259429e-05,936.6021661599989
11360,23265280,2.5561447143554688,,,7.846554369896979e-05,937.3593847060001
11370,23285760,2.5810623168945312,,,7.825314381895765e-05,938.0243551979984
11380,23306240,2.464552879333496,,,7.804110905654917e-05,938.6953768969979
11390,23326720,2.4218568801879883,,,7.782944030419887e-05,939.4167140280006
11400,23347200,2.5312862396240234,2.5333909392356873,12.596146567869797,7.76181384528207e-05,941.0457973819975
11410,23367680,2.6615312099456787,,,7.740720439178437e-05,941.685813827
11420,23388160,2.7497167587280273,,,7.719663900891156e-05,942.5061135299984
11430,23408640,2.4946110248565674,,,7.698644319047225e-05,943.1939359299977
11440,23429120,3.0078368186950684,,,7.677661782118077e-05,944.0790950649971
11450,23449600,2.642961025238037,,,7.656716378419232e-05,944.7702663819982
11460,23470080,2.6636252403259277,,,7.635808196109915e-05,945.436557621997
11470,23490560,2.4605636596679688,,,7.614937323192688e-05,946.1395459949999
11480,23511040,2.7689287662506104,,,7.594103847513074e-05,946.8639468199981
11490,23531520,2.6646225452423096,,,7.573307856759186e-05,947.5727217610001
11500,23552000,2.3457274436950684,2.5322459816932676,12.581732768020538,7.552549438461382e-05,948.9450437790001
11510,23572480,2.541476249694824,,,7.53182867999186e-05,950.1020742229994
11520,23592960,2.6514248847961426,,,7.511145668564313e-05,950.8505518089987
11530,23613440,2.4259097576141357,,,7.490500491233555e-05,951.5972338969987
11540,23633920,2.4167394638061523,,,7.469893234895162e-05,952.2336344769974
11550,23654400,2.578880786895752,,,7.449323986285086e-05,952.977401357999
11560,23674880,2.9498119354248047,,,7.428792831979329e-05,953.792191149998
11570,23695360,2.6003336906433105,,,7.408299858393531e-05,954.5426692509973
11580,23715840,2.7864274978637695,,,7.387845151782641e-05,955.2860982540005
11590,23736320,2.2425315380096436,,,7.367428798240539e-05,956.1636521779983
11600,23756800,2.432602882385254,2.5296895146369933,12.549609061782043,7.347050883699676e-05,957.4099393769975
11610,23777280,2.4828739166259766,,,7.326711493930716e-05,958.2798281309988
11620,23797760,2.625056266784668,,,7.306410714542161e-05,958.9855493599971
11630,23818240,2.566682815551758,,,7.286148630980031e-05,959.6547595049997
11640,23838720,2.5963664054870605,,,7.265925328527444e-05,960.332045567
11650,23859200,2.593811511993408,,,7.245740892304302e-05,961.110808655998
11660,23879680,2.522061824798584,,,7.225595407266917e-05,961.9601305609976
11670,23900160,2.512291431427002,,,7.20548895820765e-05,962.7035103439994
11680,23920640,2.7479143142700195,,,7.185421629754574e-05,963.439203676
11690,23941120,2.5321099758148193,,,7.165393506371091e-05,964.2462394879985
11700,23961600,2.753906011581421,2.52634801864624,12.507744577373467,7.145404672355592e-05,965.479422851
11710,23982080,2.438603639602661,,,7.125455211841097e-05,966.3085316670004
11720,24002560,2.672929286956787,,,7.105545208794908e-05,967.0767913089985
11730,24023040,2.5965256690979004,,,7.085674747018248e-05,967.80926568
11740,24043520,2.557145118713379,,,7.065843910145904e-05,968.5051418539988
11750,24064000,2.8604257106781006,,,7.046052781645896e-05,969.2920738889989
11760,24084480,2.538701295852661,,,7.0263014448191e-05,970.1011500989989
11770,24104960,2.557455062866211,,,7.006589982798914e-05,970.7997564519974
11780,24125440,2.627981662750244,,,6.986918478550897e-05,971.7188327909971
11790,24145920,2.7053346633911133,,,6.967287014872436e-05,972.5994296889985
11800,24166400,2.746131420135498,2.524088108539581,12.47951011468192,6.947695674392372e-05,973.9634738519999
11810,24186880,2.443575143814087,,,6.928144539570686e-05,974.6697210329985
11820,24207360,2.72459077835083,,,6.90863369269812e-05,975.470368413
11830,24227840,2.6071414947509766,,,6.88916321589585e-05,976.1933345389989
11840,24248320,2.803118944168091,,,6.869733191115123e-05,977.1261222129979
11850,24268800,2.609224796295166,,,6.850343700136945e-05,977.8954226009992
11860,24289280,2.440800666809082,,,6.830994824571693e-05,978.5583985249978
11870,24309760,2.545342206954956,,,6.811686645858812e-05,979.455551922998
11880,24330240,2.6429243087768555,,,6.792419245266441e-05,980.1704956139984
11890,24350720,2.5831949710845947,,,6.773192703891089e-05,980.8641670109973
11900,24371200,2.5880684852600098,2.5217892646789553,12.450854619345527,6.754007102657285e-05,982.0749144799993
11910,24391680,2.400899887084961,,,6.734862522317248e-05,982.7845462309997
11920,24412160,2.8737845420837402,,,6.715759043450532e-05,983.4765826319999
11930,24432640,2.5097293853759766,,,6.696696746463696e-05,984.127178814997
11940,24453120,2.960646867752075,,,6.677675711589974e-05,984.8026748779994
11950,24473600,2.148120641708374,,,6.658696018888918e-05,985.5593908299998
11960,24494080,2.595911979675293,,,6.639757748246073e-05,986.4813736139986
11970,24514560,2.6308438777923584,,,6.620860979372636e-05,987.414926358997
11980,24535040,2.331613063812256,,,6.602005791805132e-05,988.3123336509998
11990,24555520,2.7991795539855957,,,6.583192264905055e-05,989.0762619089983
12000,24576000,2.7274351119995117,2.5221802234649657,12.45572334202524,6.564420477858569e-05,990.0973205769988
12010,24596480,2.5808839797973633,,,6.545690509676138e-05,991.4023801660005
12020,24616960,2.702414035797119,,,6.527002439192217e-05,992.1413893159988
12030,24637440,2.526810646057129,,,6.508356345064916e-05,992.8460028669979
12040,24657920,2.3731069564819336,,,6.489752305775661e-05,993.6396721019992
12050,24678400,2.8240549564361572,,,6.471190399628868e-05,994.5301130379994
12060,24698880,2.598182439804077,,,6.452670704751625e-05,995.3906287850004
12070,24719360,2.6005020141601562,,,6.434193299093347e-05,996.0569328579986
12080,24739840,2.3546879291534424,,,6.415758260425449e-05,996.7611967119992
12090,24760320,2.9008054733276367,,,6.397365666341029e-05,997.4950855639981
12100,24780800,2.4077186584472656,2.518900966644287,12.414944724621865,6.37901559425453e-05,998.8409763239979
12110,24801280,2.7432923316955566,,,6.360708121401425e-05,999.5505474769998
12120,24821760,2.6371891498565674,,,6.34244332483789e-05,1000.2613800889994
12130,24842240,2.4321935176849365,,,6.324221281440466e-05,1000.9596587960004
12140,24862720,2.3534841537475586,,,6.306042067905757e-05,1001.664074373999
12150,24883200,2.632748603820801,,,6.287905760750087e-05,1002.3008862329989
12160,24903680,2.487464189529419,,,6.269812436309192e-05,1003.0301936369979
12170,24924160,2.4811320304870605,,,6.251762170737891e-05,1003.7412097359993
12180,24944640,2.664234161376953,,,6.233755040009769e-05,1004.4702106359982
12190,24965120,2.5031940937042236,,,6.21579111991686e-05,1005.1243962619992
12200,24985600,2.6356494426727295,2.517263638973236,12.394634024263008,6.197870486069323e-05,1006.5032493559993
12210,25006080,2.6471643447875977,,,6.17999321389512e-05,1007.1863214529985
12220,25026560,2.341322660446167,,,6.162159378639708e-05,1007.8632175309976
12230,25047040,2.656920909881592,,,6.144369055365717e-05,1008.495215101997
12240,25067520,2.847222328186035,,,6.126622318952633e-05,1009.3188355719976
12250,25088000,2.6307687759399414,,,6.108919244096493e-05,1010.097224055
12260,25108480,2.2751150131225586,,,6.0912599053095556e-05,1011.0090216369972
12270,25128960,2.5384902954101562,,,6.073644376919992e-05,1011.7830190669993
12280,25149440,2.465709924697876,,,6.056072733071576e-05,1012.7776422379975
12290,25169920,2.4252796173095703,,,6.038545047723382e-05,1013.5690541339973
12300,25190400,2.50943660736084,2.5167585253715514,12.388374906945176,6.021061394649447e-05,1014.7737899599997
12310,25210880,2.621307373046875,,,6.003621847438491e-05,1015.4116182260004
12320,25231360,2.5522193908691406,,,5.986226479493585e-05,1016.1949173799985
12330,25251840,2.5658133029937744,,,5.968875364031846e-05,1016.8540707840002
12340,25272320,2.610179901123047,,,5.951568574084137e-05,1017.7081964419995
12350,25292800,2.454047203063965,,,5.934306182494755e-05,1018.4151308420005
12360,25313280,2.47084903717041,,,5.91708826192112e-05,1019.1046623629991
12370,25333760,2.9308581352233887,,,5.899914884833483e-05,1019.7441807039977
12380,25354240,2.525920867919922,,,5.8827861235146036e-05,1020.413828556997
12390,25374720,2.6415271759033203,,,5.865702050059451e-05,1021.1608345919994
12400,25395200,2.4591169357299805,2.5143519282341003,12.358596925530982,5.848662736374911e-05,1022.6901382479991
12410,25415680,2.5140585899353027,,,5.8316682541794705e-05,1023.3119928960004
12420,25436160,2.7332706451416016,,,5.8147186750029216e-05,1024.0787664589989
12430,25456640,2.587512731552124,,,5.797814070186057e-05,1024.8588914840002
12440,25477120,2.775954246520996,,,5.780954510880383e-05,1025.5704715289976
12450,25497600,2.4173669815063477,,,5.7641400680477945e-05,1026.254490051997
12460,25518080,2.5577163696289062,,,5.747370812460302e-05,1027.1825102000003
12470,25538560,2.6424970626831055,,,5.730646814699717e-05,1028.035163867
12480,25559040,2.436821460723877,,,5.713968145157363e-05,1028.6605747739995
12490,25579520,2.5969152450561523,,,5.697334874033772e-05,1029.4600574189972
12500,25600000,2.517518997192383,2.510862910747528,12.315552699442708,5.680747071338404e-05,1030.9610265769988
12510,25620480,2.716801166534424,,,5.6642048068893407e-05,1032.2189880459991
12520,25640960,2.5300045013427734,,,5.6477081503129835e-05,1033.1233885039983
12530,25661440,2.751234531402588,,,5.631257171043779e-05,1033.8679066709992
12540,25681920,2.567477226257324,,,5.614851938323914e-05,1034.6191272309989
12550,25702400,2.458324432373047,,,5.5984925212030244e-05,1035.2983363149979
12560,25722880,2.5752806663513184,,,5.582178988537924e-05,1036.0751278319985
12570,25743360,2.896030902862549,,,5.56591140899228e-05,1036.769591373999
12580,25763840,2.4596428871154785,,,5.549689851036352e-05,1037.6308724979972
12590,25784320,2.8245296478271484,,,5.533514382946696e-05,1038.336625677999
12600,25804800,2.3824820518493652,2.5096590518951416,12.300735433041643,5.517385072805871e-05,1039.5097448870001
12610,25825280,2.4616127014160156,,,5.5013019885021604e-05,1040.1883355779973
12620,25845760,2.5220351219177246,,,5.4852651977292774e-05,1040.8899786289985
12630,25866240,2.630505084991455,,,5.469274767986099e-05,1041.605129645999
12640,25886720,2.600079298019409,,,5.453330766576353e-05,1042.284574778998
12650,25907200,2.3471360206604004,,,5.437433260608362e-05,1042.950709200999
12660,25927680,2.4552628993988037,,,5.4215823169947396e-05,1043.710684878999
12670,25948160,2.652017593383789,,,5.405778002452125e-05,1044.4189198299973
12680,25968640,2.6310434341430664,,,5.3900203835008926e-05,1045.130525452998
12690,25989120,2.4879965782165527,,,5.3743095264648794e-05,1045.8434227609978
12700,26009600,2.6708545684814453,2.5081789970397947,12.282543135959392,5.358645497471097e-05,1047.227487453998
12710,26030080,2.6064069271087646,,,5.343028362449456e-05,1048.3668271919996
12720,26050560,2.4219536781311035,,,5.327458187132497e-05,1049.266942121998
12730,26071040,2.4844164848327637,,,5.311935037055104e-05,1050.044970273997
12740,26091520,2.5394179821014404,,,5.296458977554225e-05,1050.7911315460005
12750,26112000,2.8708581924438477,,,5.281030073768617e-05,1051.4629770659994
12760,26132480,2.5862314701080322,,,5.265648390638548e-05,1052.332340003999
12770,26152960,2.5202908515930176,,,5.250313992905537e-05,1053.085894306998
12780,26173440,2.7101917266845703,,,5.235026945112081e-05,1053.790153537997
12790,26193920,2.4347984790802,,,5.2197873116013776e-05,1054.5406381289977
12800,26214400,2.3124358654022217,2.507758009433746,12.277373425796702,5.204595156517057e-05,1056.0119130629973
12810,26234880,2.6584057807922363,,,5.189450543802921e-05,1056.6669513939996
12820,26255360,2.4223697185516357,,,5.174353537202657e-05,1057.3616852339983
12830,26275840,2.5071609020233154,,,5.15930420025958e-05,1058.1194635689972
12840,26296320,2.561920166015625,,,5.1443025963163655e-05,1058.847904225
12850,26316800,2.817734718322754,,,5.129348788514775e-05,1059.672791615998
12860,26337280,2.6366126537323,,,5.114442839795407e-05,1060.3526633669971
12870,26357760,2.6496896743774414,,,5.099584812897407e-05,1061.1843217869973
12880,26378240,2.4385082721710205,,,5.0847747703582307e-05,1061.933097195997
12890,26398720,2.5154988765716553,,,5.0700127745133616e-05,1062.7838215109987
12900,26419200,2.9072389602661133,2.5062400937080382,12.258751544402108,5.055298887496052e-05,1064.124439149
12910,26439680,2.611152410507202,,,5.0406331712370704e-05,1064.802190893999
12920,26460160,2.5438404083251953,,,5.026015687464428e-05,1065.570701138
12930,26480640,2.6523518562316895,,,5.011446497703123e-05,1066.2389961709996
12940,26501120,2.2999441623687744,,,4.996925663274901e-05,1067.2151045859973
12950,26521600,2.6096458435058594,,,4.9824532452979645e-05,1067.9207487099993
12960,26542080,2.3677380084991455,,,4.968029304686735e-05,1068.564577031997
12970,26562560,2.614872694015503,,,4.9536539021515907e-05,1069.2187467410004
12980,26583040,2.4485366344451904,,,4.939327098198617e-05,1070.0031807259984
12990,26603520,2.481560707092285,,,4.925048953129341e-05,1070.7199539529975
13000,26624000,2.5100173950195312,2.5046098589897157,12.238783183011572,4.910819527040499e-05,1071.8894454509973
13010,26644480,2.684396743774414,,,4.896638879823752e-05,1073.2294915879975
13020,26664960,2.766056776046753,,,4.882507071165461e-05,1073.9176779730005
13030,26685440,2.592149496078491,,,4.868424160546423e-05,1074.6575499619976
13040,26705920,2.6427223682403564,,,4.8543902072416214e-05,1075.644063943997
13050,26726400,2.4150428771972656,,,4.840405270319976e-05,1076.530986247999
13060,26746880,2.52048659324646,,,4.826469408644109e-05,1077.197216223998
13070,26767360,2.5510406494140625,,,4.81258268087007e-05,1077.9283597579997
13080,26787840,2.655337333679199,,,4.7987451454471123e-05,1078.6572373969975
13090,26808320,2.454210042953491,,,4.7849568606174334e-05,1079.3967050489991
13100,26828800,2.3466005325317383,2.502923083305359,12.218156502314686,4.77121788441594e-05,1080.6972650110001
13110,26849280,2.643428325653076,,,4.7575282746699966e-05,1081.2920779829983
13120,26869760,2.5567855834960938,,,4.74388808899918e-05,1081.9696468490001
13130,26890240,2.4894320964813232,,,4.730297384815052e-05,1082.643189082999
13140,26910720,2.30047607421875,,,4.716756219320896e-05,1083.318967764997
13150,26931200,2.2570743560791016,,,4.703264649511491e-05,1084.0268048990001
13160,26951680,2.8543810844421387,,,4.6898227321728685e-05,1084.7279162779996
13170,26972160,2.7902560234069824,,,4.676430523882074e-05,1085.4177282290002
13180,26992640,2.2567741870880127,,,4.663088081006919e-05,1086.127245462998
13190,27013120,2.8323707580566406,,,4.649795459705768e-05,1086.9073285429986
13200,27033600,2.780726194381714,2.5016607522964476,12.202742875086662,4.63655271592727e-05,1088.2807253600004
13210,27054080,2.7172088623046875,,,4.623359905410151e-05,1089.0051099449993
13220,27074560,2.473003387451172,,,4.61021708368296e-05,1089.667283355
13230,27095040,2.3651843070983887,,,4.5971243060638495e-05,1090.3811115629978
13240,27115520,2.62675404548645,,,4.584081627660329e-05,1091.1662617519978
13250,27136000,2.6391372680664062,,,4.571089103369051e-05,1091.828076578
13260,27156480,2.524632215499878,,,4.5581467878755605e-05,1092.579809224997
13270,27176960,2.3387722969055176,,,4.5452547356540746e-05,1093.2697796119974
13280,27197440,2.567836284637451,,,4.532413000967257e-05,1094.055333840999
13290,27217920,2.492231845855713,,,4.519621637865978e-05,1094.7550945669973
13300,27238400,2.3601651191711426,2.5014785051345827,12.20051916246952,4.506880700189101e-05,1096.035067036999
13310,27258880,2.89088773727417,,,4.494190241563241e-05,1096.6821084330004
13320,27279360,2.4976038932800293,,,4.4815503154025555e-05,1097.4452228970003
13330,27299840,2.6585493087768555,,,4.468960974908505e-05,1098.1096919070005
13340,27320320,3.136202335357666,,,4.456422273069636e-05,1098.817491468999
13350,27340800,2.58005952835083,,,4.4439342626613556e-05,1099.5693534109996
13360,27361280,2.4600865840911865,,,4.431496996245715e-05,1100.365606430998
13370,27381760,2.3776607513427734,,,4.419110526171172e-05,1101.0106836429986
13380,27402240,2.453704833984375,,,4.406774904572403e-05,1101.8119427540005
13390,27422720,2.414334774017334,,,4.394490183370048e-05,1102.5995153160002
13400,27443200,2.4752557277679443,2.4974762916564943,12.151787662218613,4.382256414270509e-05,1103.9324540229973
13410,27463680,2.4999358654022217,,,4.3700736487657324e-05,1104.6248859980005
13420,27484160,2.5686397552490234,,,4.3579419381329906e-05,1105.5031868160004
13430,27504640,2.532167434692383,,,4.3458613334346645e-05,1106.4305217509973
13440,27525120,2.9721109867095947,,,4.3338318855180334e-05,1107.1620332559978
13450,27545600,2.5152130126953125,,,4.3218536450150555e-05,1107.9993826669997
13460,27566080,2.906219959259033,,,4.309926662342156e-05,1108.768670723999
13470,27586560,2.586111307144165,,,4.298050987700017e-05,1109.5777511819979
13480,27607040,2.4708499908447266,,,4.2862266710733635e-05,1110.3142715649992
13490,27627520,2.7576022148132324,,,4.2744537622307556e-05,1111.015506538999
13500,27648000,2.934476852416992,2.4975765705108643,12.153006290664239,4.2627323107243825e-05,1112.1347592149978
13510,27668480,2.5346360206604004,,,4.251062365889841e-05,1113.4425631470003
13520,27688960,2.6591362953186035,,,4.239443976845943e-05,1114.1818276119993
13530,27709440,2.554086446762085,,,4.227877192494499e-05,1114.8769221580005
13540,27729920,2.929551124572754,,,4.2163620615201146e-05,1115.5554597739974
13550,27750400,2.463756799697876,,,4.204898632389988e-05,1116.2097004360003
13560,27770880,2.512073040008545,,,4.193486953353701e-05,1116.834968138999
13570,27791360,2.258533477783203,,,4.182127072443028e-05,1117.4957657259984
13580,27811840,2.403865337371826,,,4.170819037471715e-05,1118.1966111759975
13590,27832320,2.5753870010375977,,,4.159562896035293e-05,1118.849375816997
13600,27852800,2.613795757293701,2.49514377117157,12.123476399703895,4.1483586955108726e-05,1120.0532535659986
13610,27873280,2.3758363723754883,,,4.137206483056946e-05,1120.7718658999984
13620,27893760,2.7130930423736572,,,4.126106305613184e-05,1121.4094864839972
13630,27914240,2.54571795463562,,,4.1150582099002474e-05,1122.1467894929992
13640,27934720,2.5207395553588867,,,4.104062242419581e-05,1122.8869581019972
13650,27955200,2.5556201934814453,,,4.093118449453223e-05,1123.7216819450005
13660,27975680,2.582530975341797,,,4.082226877063606e-05,1124.5028334950002
13670,27996160,2.623905897140503,,,4.0713875710933735e-05,1125.155166061999
13680,28016640,2.540710926055908,,,4.06060057716517e-05,1125.787473221997
13690,28037120,2.4065418243408203,,,4.0498659406814685e-05,1126.5396915419988
13700,28057600,2.503849506378174,2.4935404539108275,12.104054194870775,4.0391837068243625e-05,1127.7322677759985
13710,28078080,2.3251256942749023,,,4.0285539205553855e-05,1128.4461517689997
13720,28098560,2.487436294555664,,,4.0179766266153166e-05,1129.1661148169987
13730,28119040,2.5729751586914062,,,4.007451869523998e-05,1129.9495768929992
13740,28139520,2.5847702026367188,,,3.996979693580142e-05,1130.8569731219977
13750,28160000,2.539912700653076,,,3.986560142861148e-05,1131.5423684529997
13760,28180480,2.4574177265167236,,,3.9761932612229164e-05,1132.2173395009995
13770,28200960,2.3455772399902344,,,3.9658790922996624e-05,1132.8802529659988
13780,28221440,2.7833638191223145,,,3.95561767950373e-05,1133.6185993299987
13790,28241920,2.557312488555908,,,3.945409066025419e-05,1134.436091579999
13800,28262400,2.2668144702911377,2.493251848220825,12.100561400002517,3.9352532948327877e-05,1135.818005481
13810,28282880,2.64793062210083,,,3.9251504086714964e-05,1136.6750512170001
13820,28303360,2.5531182289123535,,,3.9151004500645995e-05,1137.4469635389978
13830,28323840,3.0216832160949707,,,3.9051034613123805e-05,1138.1010243419987
13840,28344320,2.543822765350342,,,3.895159484492177e-05,1138.8237409659996
13850,28364800,2.288541793823242,,,3.8852685614581954e-05,1139.5776120829978
13860,28385280,3.0410962104797363,,,3.8754307338413415e-05,1140.3925520560006
13870,28405760,2.625781774520874,,,3.8656460430490396e-05,1141.1123417669987
13880,28426240,2.801563262939453,,,3.855914530265068e-05,1141.808392398998
13890,28446720,2.4514658451080322,,,3.84623623644937e-05,1142.676235261999
13900,28467200,2.551069974899292,2.4919289112091065,12.084563703769321,3.8366112023378954e-05,1144.3341674599978
13910,28487680,2.527933120727539,,,3.827039468442421e-05,1145.0692247249972
13920,28508160,2.5572259426116943,,,3.817521075050385e-05,1145.8209881019975
13930,28528640,2.394336223602295,,,3.80805606222471e-05,1146.620387433999
13940,28549120,2.7592334747314453,,,3.798644469803653e-05,1147.3452757269988
13950,28569600,2.8154070377349854,,,3.7892863374006114e-05,1148.0475636589981
13960,28590080,2.667710065841675,,,3.779981704403972e-05,1148.837667331998
13970,28610560,2.9073281288146973,,,3.770730609976948e-05,1149.5940405259971
13980,28631040,2.526737689971924,,,3.761533093057403e-05,1150.3407886919995
13990,28651520,3.009704351425171,,,3.752389192357695e-05,1150.9807422329977
14000,28672000,2.4248576164245605,2.4904927253723144,12.067220481560259,3.743298946364508e-05,1152.3511962529992
14010,28692480,2.565229892730713,,,3.7342623933387014e-05,1153.654649164997
14020,28712960,2.4404358863830566,,,3.725279571315132e-05,1154.376670485999
14030,28733440,2.735901355743408,,,3.7163505181025115e-05,1155.2832145449975
14040,28753920,2.6835246086120605,,,3.707475271283232e-05,1155.9863363179975
14050,28774400,2.553982973098755,,,3.6986538682132105e-05,1156.5905259959982
14060,28794880,2.3508872985839844,,,3.689886346021749e-05,1157.3012540199998
14070,28815360,2.543825626373291,,,3.681172741611353e-05,1157.9855075069972
14080,28835840,2.6498875617980957,,,3.672513091657593e-05,1158.6833168579979
14090,28856320,2.4987993240356445,,,3.663907432608944e-05,1159.3938251449981
14100,28876800,2.6820664405822754,2.4903344750404357,12.06531099100694,3.6553558006866334e-05,1160.5976468739973
14110,28897280,2.5766448974609375,,,3.646858231884489e-05,1161.3051005109992
14120,28917760,2.5226035118103027,,,3.638414761968783e-05,1162.0335360209974
14130,28938240,2.69696044921875,,,3.630025426478096e-05,1162.7232152809993
14140,28958720,2.569748640060425,,,3.621690260723142e-05,1163.4196175340003
14150,28979200,2.638530731201172,,,3.6134092997866464e-05,1164.0736826689972
14160,28999680,2.648392915725708,,,3.605182578523181e-05,1164.8008737540003
14170,29020160,2.7024989128112793,,,3.5970101315590225e-05,1165.814389455998
14180,29040640,2.611781597137451,,,3.588891993292007e-05,1166.4485668099987
14190,29061120,2.618478298187256,,,3.580828197891391e-05,1167.2852155500004
14200,29081600,2.6111934185028076,2.48800675868988,12.03725903050827,3.572818779297694e-05,1168.6068666840001
14210,29102080,2.688656806945801,,,3.564863771222568e-05,1169.2703102359992
14220,29122560,2.548250198364258,,,3.5569632071486504e-05,1170.1259055849987
14230,29143040,2.8287312984466553,,,3.54911712032942e-05,1170.7998135140006
14240,29163520,2.3745861053466797,,,3.541325543789065e-05,1171.6247914009982
14250,29184000,2.919872522354126,,,3.533588510322343e-05,1172.416273939998
14260,29204480,2.5916316509246826,,,3.525906052494432e-05,1173.4549739559989
14270,29224960,2.6294355392456055,,,3.5182782026408064e-05,1174.2858153140005
14280,29245440,2.319087028503418,,,3.510704992867092e-05,1174.9933964159973
14290,29265920,2.5452494621276855,,,3.503186455048937e-05,1175.6072965879976
14300,29286400,2.4457080364227295,2.487635314464569,12.032788690445212,3.4957226208318743e-05,1176.9619445259996
14310,29306880,2.9085052013397217,,,3.488313521631188e-05,1177.7352547519986
14320,29327360,2.4542882442474365,,,3.480959188631787e-05,1178.429673306
14330,29347840,2.5151827335357666,,,3.4736596527880654e-05,1179.4801255979983
14340,29368320,2.2836384773254395,,,3.4664149448237747e-05,1180.1132851580005
14350,29388800,2.955106258392334,,,3.4592250952319015e-05,1180.8909386809974
14360,29409280,2.327392101287842,,,3.4520901342745254e-05,1181.638308993999
14370,29429760,2.5778236389160156,,,3.445010091982707e-05,1182.420910637
14380,29450240,2.503192186355591,,,3.4379849981563524e-05,1183.2226869980004
14390,29470720,2.793614387512207,,,3.431014882364085e-05,1184.0421596239976
14400,29491200,2.6225745677948,2.486898136138916,12.023921648122714,3.424099773943133e-05,1185.511001207
14410,29511680,2.768199920654297,,,3.417239701999191e-05,1186.2973573309973
14420,29532160,2.522566795349121,,,3.410434695406312e-05,1187.095485308997
14430,29552640,2.381368398666382,,,3.403684782806771e-05,1187.8182080609986
14440,29573120,2.5969948768615723,,,3.3969899926109604e-05,1188.468073230997
14450,29593600,2.4547576904296875,,,3.3903503529972584e-05,1189.2992099309995
14460,29614080,2.727626323699951,,,3.383765891911913e-05,1189.9838787400004
14470,29634560,2.8237595558166504,,,3.37723663706893e-05,1190.8042922780005
14480,29655040,2.438720226287842,,,3.3707626159499475e-05,1191.615747685999
14490,29675520,2.58823299407959,,,3.3643438558041265e-05,1192.3679279779972
14500,29696000,2.60178542137146,2.486757016181946,12.022224952538737,3.357980383648038e-05,1193.6290207519996
14510,29716480,2.357431411743164,,,3.3516722262655394e-05,1194.7989043369998
14520,29736960,2.3955841064453125,,,3.3454194102076726e-05,1195.5036702359976
14530,29757440,2.43051815032959,,,3.3392219617925464e-05,1196.2665880319983
14540,29777920,2.3076400756835938,,,3.3330799071052275e-05,1197.1019866919996
14550,29798400,2.455832004547119,,,3.326993271997629e-05,1197.8499601359981
14560,29818880,2.5802996158599854,,,3.3209620820884054e-05,1198.5074096989993
14570,29839360,2.5338869094848633,,,3.31498636276284e-05,1199.3608185649973
14580,29859840,2.8330633640289307,,,3.309066139172743e-05,1200.222732893999
14590,29880320,2.6167430877685547,,,3.3032014362363395e-05,1201.0150728810004
14600,29900800,2.529343366622925,2.485315537452698,12.004907655247841,3.297392278638172e-05,1202.3170828189977
14610,29921280,2.6558122634887695,,,3.291638690828989e-05,1202.9957857899972
14620,29941760,2.609813928604126,,,3.2859406970256463e-05,1203.6574436919982
14630,29962240,2.619429588317871,,,3.280298321211008e-05,1204.2874806219988
14640,29982720,2.588374614715576,,,3.274711587133837e-05,1205.1556645829987
14650,30003200,2.7637410163879395,,,3.269180518308707e-05,1205.8112066739995
14660,30023680,2.54652738571167,,,3.263705138015886e-05,1206.4727804139984
14670,30044160,2.537977457046509,,,3.2582854693012586e-05,1207.1115899359975
14680,30064640,2.563683032989502,,,3.252921534976216e-05,1207.8561930849974
14690,30085120,2.78420352935791,,,3.2476133576175625e-05,1208.6063885859985
14700,30105600,2.1832990646362305,2.4842249870300295,11.991822834255663,3.242360959567422e-05,1210.0364223599972
14710,30126080,2.7700371742248535,,,3.237164362933144e-05,1210.6950372739993
14720,30146560,2.6155316829681396,,,3.232023589587205e-05,1211.3940184719977
14730,30167040,2.6282124519348145,,,3.22693866116713e-05,1212.0126557900003
14740,30187520,2.5546364784240723,,,3.221909599075385e-05,1212.6796148680005
14750,30208000,2.499539852142334,,,3.216936424479298e-05,1213.338800767
14760,30228480,2.603564500808716,,,3.212019158310966e-05,1214.0143350839971
14770,30248960,2.468179702758789,,,3.207157821267168e-05,1214.8039864499988
14780,30269440,2.485325336456299,,,3.202352433809274e-05,1215.6923268360006
14790,30289920,2.2917020320892334,,,3.1976030161631656e-05,1216.3727378149997
14800,30310400,2.403923273086548,2.4832860112190245,11.98056808747885,3.192909588319148e-05,1217.5810266989974
14810,30330880,2.3455185890197754,,,3.188272170031861e-05,1218.2709359639994
14820,30351360,2.4249610900878906,,,3.1836907808202056e-05,1218.9533556669994
14830,30371840,2.4339632987976074,,,3.179165439967252e-05,1219.705802958997
14840,30392320,2.581411361694336,,,3.174696166520165e-05,1220.3483677099975
14850,30412800,2.523408889770508,,,3.170282979290118e-05,1220.9611380739989
14860,30433280,2.5923099517822266,,,3.1659258968522255e-05,1221.6032575319987
14870,30453760,2.240677833557129,,,3.161624937545447e-05,1222.3742168729987
14880,30474240,2.3973464965820312,,,3.157380119472528e-05,1223.2654431769988
14890,30494720,2.6914427280426025,,,3.153191460499909e-05,1224.000519153
14900,30515200,2.479584217071533,2.4832990884780886,11.980724761495896,3.149058978257662e-05,1225.2411580480002
14910,30535680,2.6052396297454834,,,3.14498269013941e-05,1225.8873660619975
14920,30556160,2.598842144012451,,,3.14096261330225e-05,1226.7470976209988
14930,30576640,2.6201376914978027,,,3.1369987646666915e-05,1227.420921957997
14940,30597120,2.62481689453125,,,3.133091160916578e-05,1228.2151431739985
14950,30617600,2.2975351810455322,,,3.1292398184990166e-05,1228.8489072269986
14960,30638080,2.7155821323394775,,,3.1254447536243113e-05,1229.6572333629992
14970,30658560,2.3457984924316406,,,3.121705982265895e-05,1230.4193752119972
14980,30679040,2.629683017730713,,,3.118023520160258e-05,1231.069909900998
14990,30699520,2.6235408782958984,,,3.1143973828068894e-05,1231.7186153639996
15000,30720000,2.8156814575195312,2.4823207020759583,11.969008715646146,3.1108275854682014e-05,1232.920372409997
15010,30740480,2.326909303665161,,,3.1073141431694785e-05,1234.220389670998
15020,30760960,2.5608997344970703,,,3.1038570706988e-05,1234.9808761329987
15030,30781440,2.4806275367736816,,,3.1004563826069895e-05,1235.8049103449994
15040,30801920,2.5422325134277344,,,3.097112093207545e-05,1236.5375739070005
15050,30822400,2.4273176193237305,,,3.093824216576584e-05,1237.3216355339973
15060,30842880,2.444092273712158,,,3.0905927665527826e-05,1238.077818458998
15070,30863360,2.3805925846099854,,,3.087417756737319e-05,1238.9003418520006
15080,30883840,2.741605758666992,,,3.084299200493811e-05,1239.582588453999
15090,30904320,2.4734177589416504,,,3.081237110948264e-05,1240.3168413169988
15100,30924800,2.514559268951416,2.4813966393470763,11.957953709336651,3.0782315009890166e-05,1241.4693621059996
15110,30945280,2.3781323432922363,,,3.075282383266686e-05,1242.1813754920004
15120,30965760,2.6439261436462402,,,3.072389770194108e-05,1242.844086066998
15130,30986240,2.4061684608459473,,,3.0695536739462964e-05,1243.5479630689988
15140,31006720,2.664429187774658,,,3.066774106460384e-05,1244.2395134229992
15150,31027200,2.397425651550293,,,3.0640510794355704e-05,1245.1246346070002
15160,31047680,2.7014880180358887,,,3.0613846043330825e-05,1245.868659091997
15170,31068160,2.450554370880127,,,3.058774692376112e-05,1246.621215119998
15180,31088640,2.8004465103149414,,,3.056221354549785e-05,1247.423963379999
15190,31109120,2.637986660003662,,,3.053724601601101e-05,1248.1760931239987
15200,31129600,2.45184063911438,2.479921579360962,11.940328012979746,3.051284444038896e-05,1249.5064685399993
15210,31150080,2.7912511825561523,,,3.0489008921337965e-05,1250.355855433998
15220,31170560,2.485851764678955,,,3.0465739559181728e-05,1251.0933446119998
15230,31191040,2.5579771995544434,,,3.0443036451861044e-05,1251.8232125859977
15240,31211520,2.315218925476074,,,3.0420899694933293e-05,1252.575333255998
15250,31232000,2.838693141937256,,,3.0399329381572105e-05,1253.279411067997
15260,31252480,2.7257375717163086,,,3.0378325602566962e-05,1254.0369200329988
15270,31272960,2.5596797466278076,,,3.035788844632279e-05,1254.7819602119998
15280,31293440,2.8807992935180664,,,3.0338017998859595e-05,1255.5020800499988
15290,31313920,2.508695125579834,,,3.031871434381212e-05,1256.2413665940003
15300,31334400,2.7228713035583496,2.4792362451553345,11.932147701209955,3.029997756242944e-05,1257.500712099998
15310,31354880,2.4352593421936035,,,3.0281807733574728e-05,1258.2784101619982
15320,31375360,2.605734348297119,,,3.0264204933724786e-05,1259.057446548999
15330,31395840,2.5884571075439453,,,3.0247169236969802e-05,1259.7215848829983
15340,31416320,2.542710304260254,,,3.0230700715013083e-05,1260.333452797
15350,31436800,2.729921579360962,,,3.0214799437170622e-05,1261.0783732870004
15360,31457280,2.7547826766967773,,,3.0199465470370916e-05,1261.7966374520001
15370,31477760,2.5919790267944336,,,3.018469887915467e-05,1262.452959451999
15380,31498240,2.553833246231079,,,3.0170499725674447e-05,1263.1636722999974
15390,31518720,2.467811107635498,,,3.015686806969452e-05,1264.1097949119976
15400,31539200,2.3569602966308594,2.478367841243744,11.921790275338019,3.0143803968590526e-05,1265.4702939119998
15410,31559680,2.3601412773132324,,,3.0131307477349307e-05,1266.1942781899997
15420,31580160,2.6361887454986572,,,3.0119378648568576e-05,1266.8976229809996
15430,31600640,2.41945743560791,,,3.0108017532456807e-05,1267.5368544109988
15440,31621120,2.526271343231201,,,3.0097224176832943e-05,1268.2715268270003
15450,31641600,2.2529122829437256,,,3.0086998627126223e-05,1269.029699210998
15460,31662080,2.485196113586426,,,3.0077340926376e-05,1269.734988586999
15470,31682560,2.483750820159912,,,3.006825111523155e-05,1270.5175545599996
15480,31703040,2.2864022254943848,,,3.005972923195188e-05,1271.2732421039982
15490,31723520,2.4630768299102783,,,3.0051775312405627e-05,1272.0403096679984
15500,31744000,2.3953468799591064,2.4784144878387453,11.922346399231225,3.0044389390070846e-05,1273.0924581949985
15510,31764480,2.3564157485961914,,,3.0037571496034863e-05,1274.46532037
15520,31784960,2.4592690467834473,,,3.0031321658994234e-05,1275.2667852669983
15530,31805440,2.5483524799346924,,,3.002563990525452e-05,1276.1459852049993
15540,31825920,2.5770182609558105,,,3.0020526258730215e-05,1276.7762084819988
15550,31846400,2.3353471755981445,,,3.0015980740944677e-05,1277.4009828029994
15560,31866880,2.6787679195404053,,,3.0012003371029974e-05,1278.1834048429992
15570,31887360,2.676945924758911,,,3.000859416572688e-05,1279.052099196997
15580,31907840,2.460447311401367,,,3.0005753139384755e-05,1279.7925691839991
15590,31928320,2.5858960151672363,,,3.000348030396145e-05,1280.471134739997
15600,31948800,2.4786734580993652,2.478275549411774,11.92069004224519,3.0001775669023345e-05,1281.7589815270003
15610,31969280,2.580824375152588,,,3.0000639241745262e-05,1282.6234968110002
15620,31989760,2.2574706077575684,,,3.0000071026910404e-05,1283.2936220089978
15625,32000000,2.760329008102417,2.477473282814026,11.911130306043452,3e-05,1284.1678850969984
