step,tokens_seen,train_loss,val_loss,val_ppl,lr,elapsed_seconds
1,2048,9.21034049987793,,,4.8e-07,0.21794976999990467
10,20480,9.210338592529297,,,4.8e-06,1.5801653019998412
20,40960,9.210326194763184,,,9.6e-06,3.193082239999967
30,61440,9.210308074951172,,,1.44e-05,4.6761440339996625
40,81920,9.210284233093262,,,1.92e-05,6.077233518999492
50,102400,9.21023941040039,,,2.4e-05,7.666495767000015
60,122880,9.210184097290039,,,2.88e-05,9.130034492999584
70,143360,9.210077285766602,,,3.36e-05,10.458963246999701
80,163840,9.209925651550293,,,3.84e-05,11.76722737
90,184320,9.209783554077148,,,4.319999999999999e-05,13.291262672999437
100,204800,9.209441184997559,9.209431266784668,9990.91307919413,4.8e-05,16.007067083000038
110,225280,9.209037780761719,,,5.279999999999999e-05,17.33802785900025
120,245760,9.208501815795898,,,5.76e-05,18.586847286000193
130,266240,9.207868576049805,,,6.24e-05,19.871053754999593
140,286720,9.207202911376953,,,6.72e-05,21.26117089499985
150,307200,9.206039428710938,,,7.2e-05,22.53920131599989
160,327680,9.205020904541016,,,7.68e-05,23.947749668000142
170,348160,9.204132080078125,,,8.159999999999999e-05,25.359583548000046
180,368640,9.201297760009766,,,8.639999999999999e-05,26.928690869000093
190,389120,9.199386596679688,,,9.12e-05,28.393713243999628
200,409600,9.196019172668457,9.195855903625489,9856.199269165556,9.6e-05,31.058425068999895
210,430080,9.19200325012207,,,0.0001008,32.30284763899999
220,450560,9.185689926147461,,,0.00010559999999999998,33.56657106399962
230,471040,9.18001937866211,,,0.00011039999999999999,34.85905538099996
240,491520,9.166502952575684,,,0.0001152,36.24794067899984
250,512000,9.14779281616211,,,0.00011999999999999999,37.51225561499996
260,532480,9.113636016845703,,,0.0001248,39.19712926000011
270,552960,9.079282760620117,,,0.00012959999999999998,40.42549419199986
280,573440,9.051015853881836,,,0.0001344,41.65041178899992
290,593920,9.007997512817383,,,0.0001392,42.86079837299985
300,614400,8.961326599121094,8.960892343521119,7792.3077760429005,0.000144,45.200347178999436
310,634880,8.91842269897461,,,0.00014879999999999998,46.4015443039998
320,655360,8.870424270629883,,,0.0001536,47.65189389900024
330,675840,8.829720497131348,,,0.00015839999999999997,48.96075120899968
340,696320,8.765861511230469,,,0.00016319999999999998,50.220933943999626
350,716800,8.692325592041016,,,0.000168,51.54326993399991
360,737280,8.611852645874023,,,0.00017279999999999997,52.8010651630002
370,757760,8.55794620513916,,,0.00017759999999999998,54.05287644700002
380,778240,8.477689743041992,,,0.0001824,55.45667273100025
390,798720,8.385741233825684,,,0.0001872,56.7628942450001
400,819200,8.265867233276367,8.277528142929077,3934.456936952329,0.000192,59.270002618000035
410,839680,8.21051025390625,,,0.00019679999999999999,60.559792215000016
420,860160,8.111690521240234,,,0.0002016,62.03093938700022
430,880640,7.987949371337891,,,0.00020639999999999995,63.41151877399989
440,901120,7.867038249969482,,,0.00021119999999999996,64.72852070699992
450,921600,7.734986305236816,,,0.00021599999999999996,66.23309655199955
460,942080,7.658483982086182,,,0.00022079999999999997,67.68249331199968
470,962560,7.539651393890381,,,0.00022559999999999998,69.08236818099977
480,983040,7.407837867736816,,,0.0002304,70.28422890699949
490,1003520,7.28544807434082,,,0.0002352,71.52114471200002
500,1024000,7.083769798278809,7.090181231498718,1200.1252814064596,0.00023999999999999998,73.86451537499943
510,1044480,7.027231216430664,,,0.0002448,76.44569950499954
520,1064960,6.78005313873291,,,0.0002496,77.75120649499968
530,1085440,6.7501726150512695,,,0.00025439999999999995,79.17365423799947
540,1105920,6.526273727416992,,,0.00025919999999999996,80.55493606500022
550,1126400,6.561853408813477,,,0.00026399999999999997,81.96095150499968
560,1146880,6.322515487670898,,,0.0002688,83.56038450100004
570,1167360,6.297379493713379,,,0.0002736,84.97752968700024
580,1187840,6.19710636138916,,,0.0002784,86.34807834599997
590,1208320,6.164336204528809,,,0.0002832,87.98767318699993
600,1228800,6.044498443603516,6.013754725456238,409.0161842102931,0.000288,90.49551578299997
610,1249280,6.01326847076416,,,0.0002928,91.74980345299991
620,1269760,5.86251974105835,,,0.00029759999999999997,93.02856571699976
630,1290240,5.905630111694336,,,0.00029999998224211155,94.27685884199946
640,1310720,5.826244354248047,,,0.0002999998401790323,95.52584541399938
650,1331200,5.950041770935059,,,0.00029999955605302325,96.78376685199964
660,1351680,5.823451995849609,,,0.0002999991298643834,98.0214455260002
670,1372160,5.819825649261475,,,0.0002999985616135613,99.26844929700019
680,1392640,5.697246551513672,,,0.0002999978513011549,100.47669284299991
690,1413120,5.780957221984863,,,0.0002999969989279116,101.98131583899976
700,1433600,5.482848167419434,5.545026087760926,255.96125561221464,0.0002999960044947285,104.44075081099982
710,1454080,5.464799880981445,,,0.00029999486800265195,105.6199136489995
720,1474560,5.482784748077393,,,0.000299993589452878,106.9572678200002
730,1495040,5.5077080726623535,,,0.0002999921688467519,108.30355093100025
740,1515520,5.2209320068359375,,,0.0002999906061857688,109.62113791199954
750,1536000,5.412901401519775,,,0.00029998890147157306,111.08455769200009
760,1556480,5.22877836227417,,,0.00029998705470595855,112.59596972199961
770,1576960,5.148266792297363,,,0.00029998506589086867,113.8511048169994
780,1597440,5.2307891845703125,,,0.0002999829350283963,115.2349907759999
790,1617920,5.2180328369140625,,,0.0002999806621207837,116.65559063599994
800,1638400,5.215565204620361,5.021398878097534,151.62325796510936,0.0002999782471704228,119.25298644199938
810,1658880,5.0450849533081055,,,0.0002999756901798549,120.63873222500024
820,1679360,5.074923515319824,,,0.0002999729911517707,122.03522925499965
830,1699840,4.822114944458008,,,0.0002999701500890105,123.43571451200023
840,1720320,5.027849197387695,,,0.000299967166994564,124.87104990499938
850,1740800,4.8207221031188965,,,0.00029996404187157034,126.23742499399941
860,1761280,4.806341171264648,,,0.00029996077472331815,127.47158667700023
870,1781760,4.781410217285156,,,0.00029995736555324544,128.85623049199967
880,1802240,4.586313724517822,,,0.0002999538143649399,130.5014254809994
890,1822720,4.743310928344727,,,0.00029995012116213843,131.87605318399983
900,1843200,4.727513313293457,4.557681012153625,95.3620797133348,0.00029994628594872747,134.37789600799988
910,1863680,4.515944957733154,,,0.0002999423087287429,135.73672983699998
920,1884160,4.595897674560547,,,0.00029993818950637,137.13645137799995
930,1904640,4.523229598999023,,,0.0002999339282859435,138.38483191700016
940,1925120,4.307342529296875,,,0.00029992952507194756,139.63911373300016
950,1945600,4.296658515930176,,,0.0002999249798690158,140.87849727499997
960,1966080,4.318035125732422,,,0.0002999202926819312,142.15405815600025
970,1986560,4.618156909942627,,,0.00029991546351562626,143.52841864399943
980,2007040,4.491616725921631,,,0.0002999104923751827,144.87972637500025
990,2027520,4.282959938049316,,,0.00029990537926583174,146.337963854
1000,2048000,4.259111404418945,4.280116415023803,72.24885036940513,0.0002999001241929541,149.11742132499967
1010,2068480,4.371159553527832,,,0.0002998947271620797,151.5020990789999
1020,2088960,4.572325706481934,,,0.000299889188178888,152.75944704999984
1030,2109440,4.157314300537109,,,0.0002998835072492078,154.3857370879996
1040,2129920,4.138245582580566,,,0.00029987768437901715,155.75052135900023
1050,2150400,4.090924263000488,,,0.0002998717195744436,157.07048125099936
1060,2170880,3.8957502841949463,,,0.0002998656128417641,158.2351472749997
1070,2191360,4.0245819091796875,,,0.0002998593641874048,159.40967276799984
1080,2211840,3.9610931873321533,,,0.0002998529736179414,160.70108933600022
1090,2232320,4.363396644592285,,,0.00029984644114009867,161.97286611100026
1100,2252800,4.03887939453125,4.124468684196472,61.83494663656963,0.0002998397667607509,164.3984492439995
1110,2273280,4.391456604003906,,,0.00029983295048692174,165.7136039119996
1120,2293760,4.0858869552612305,,,0.000299825992325784,166.95530590999988
1130,2314240,4.069979190826416,,,0.00029981889228466004,168.15686999699938
1140,2334720,4.1783246994018555,,,0.0002998116503710212,169.48215061799965
1150,2355200,4.140216827392578,,,0.0002998042665924883,170.83371312500003
1160,2375680,4.274245738983154,,,0.00029979674095683155,172.25682775699988
1170,2396160,4.140392303466797,,,0.00029978907347197017,173.53739125099946
1180,2416640,4.133167266845703,,,0.00029978126414597294,174.83659821699985
1190,2437120,3.9284467697143555,,,0.00029977331298705764,176.14026029399975
1200,2457600,4.255424499511719,4.030181705951691,56.27113511838998,0.00029976522000359153,178.67721462099962
1210,2478080,4.297780990600586,,,0.000299756985204091,180.01990440600002
1220,2498560,4.2808403968811035,,,0.0002997486085972216,181.33625116299936
1230,2519040,4.169770240783691,,,0.0002997400901917983,182.5648778320001
1240,2539520,4.116926193237305,,,0.0002997314299967851,183.73675778599954
1250,2560000,3.9131228923797607,,,0.0002997226280212954,185.11321921599938
1260,2580480,3.8022818565368652,,,0.00029971368427459153,186.31067730699942
1270,2600960,3.918958902359009,,,0.0002997045987660853,187.67813819599996
1280,2621440,3.965603828430176,,,0.0002996953715053375,189.23884541499956
1290,2641920,3.9714696407318115,,,0.0002996860025020582,190.55288881199976
1300,2662400,3.951251268386841,3.9622175812721254,52.57378341192892,0.00029967649176610654,193.50044165999952
1310,2682880,3.9563894271850586,,,0.00029966683930749083,194.87507062799978
1320,2703360,4.199018478393555,,,0.00029965704513636865,196.33994012199946
1330,2723840,4.076633930206299,,,0.00029964710926304647,197.80488409499958
1340,2744320,3.973939895629883,,,0.0002996370316979801,199.15322780399947
1350,2764800,3.737083673477173,,,0.0002996268124517742,200.43307030199958
1360,2785280,3.8964974880218506,,,0.00029961645153518283,201.68564541700016
1370,2805760,3.9236037731170654,,,0.000299605948959109,202.96503351699994
1380,2826240,3.960247755050659,,,0.0002995953047346046,204.40866594
1390,2846720,3.938595771789551,,,0.0002995845188728709,205.62990340599936
1400,2867200,4.009491920471191,3.9186716079711914,50.33353767824177,0.0002995735913852581,208.1379954260001
1410,2887680,3.946117401123047,,,0.00029956252228326526,209.47635624399936
1420,2908160,3.829200267791748,,,0.00029955131157854075,210.8252398429995
1430,2928640,3.9335527420043945,,,0.0002995399592828817,212.23844384999938
1440,2949120,3.928258180618286,,,0.0002995284654082344,213.58009293600026
1450,2969600,3.990709066390991,,,0.00029951682996669406,214.9438845149998
1460,2990080,3.902559518814087,,,0.00029950505297050487,216.55524679100017
1470,3010560,3.8560009002685547,,,0.00029949313443206006,217.97394376400007
1480,3031040,3.8195149898529053,,,0.00029948107436390163,219.28658972799985
1490,3051520,3.9144420623779297,,,0.0002994688727787207,220.54026585799966
1500,3072000,4.029468536376953,3.882328486442566,48.537101575974035,0.00029945652968935724,223.08100838999962
1510,3092480,4.068595886230469,,,0.00029944404510880005,225.41192924200004
1520,3112960,3.907353639602661,,,0.000299431419050187,226.77495491799982
1530,3133440,3.9750421047210693,,,0.00029941865152680465,228.0559003520002
1540,3153920,3.941336154937744,,,0.0002994057425520885,229.32319255999937
1550,3174400,3.716169834136963,,,0.0002993926921396229,230.5837643169998
1560,3194880,3.6140875816345215,,,0.00029937950030314115,231.80698663400017
1570,3215360,4.32768440246582,,,0.0002993661670565252,232.98595621299955
1580,3235840,3.7916793823242188,,,0.00029935269241380594,234.2227355369996
1590,3256320,3.973381757736206,,,0.00029933907638916293,235.707803755
1600,3276800,3.804668426513672,3.851734697818756,47.07465274197686,0.0002993253189969246,238.49715071699939
1610,3297280,3.9194021224975586,,,0.0002993114202515681,240.01775509100025
1620,3317760,3.7750017642974854,,,0.00029929738016771937,241.45627685399995
1630,3338240,3.552155017852783,,,0.0002992831987601531,242.97300649299996
1640,3358720,3.583207368850708,,,0.00029926887604379257,244.75333722300002
1650,3379200,4.058454513549805,,,0.0002992544120337099,246.35065407899947
1660,3399680,3.829474925994873,,,0.00029923980674512586,247.7630434069997
1670,3420160,3.8847618103027344,,,0.00029922506019340985,249.16571579599986
1680,3440640,3.973659038543701,,,0.0002992101723940799,250.52684425400003
1690,3461120,3.9525771141052246,,,0.00029919514336280284,251.8160875249996
1700,3481600,3.961862087249756,3.815445673465729,45.39698410637297,0.000299179973115394,254.31991068499974
1710,3502080,3.854196548461914,,,0.00029916466166781715,255.65853552299995
1720,3522560,3.6088919639587402,,,0.00029914920903618503,257.0552709329995
1730,3543040,3.868964433670044,,,0.0002991336152367587,258.5708813729998
1740,3563520,3.769719362258911,,,0.0002991178802859477,259.9052212429997
1750,3584000,3.9733288288116455,,,0.00029910200420031033,261.187503094
1760,3604480,3.9566221237182617,,,0.0002990859869965532,262.3482714390002
1770,3624960,3.8192152976989746,,,0.0002990698286915317,263.54575892399953
1780,3645440,4.071117401123047,,,0.0002990535293022493,265.03888733700023
1790,3665920,3.8865714073181152,,,0.00029903708884585834,266.5349213170002
1800,3686400,3.925611972808838,3.7436160922050474,42.250495950389606,0.00029902050733965937,269.2545505950002
1810,3706880,3.9261844158172607,,,0.0002990037848011014,270.46188392600016
1820,3727360,4.001986503601074,,,0.0002989869212477819,271.7051625590002
1830,3747840,3.5005059242248535,,,0.0002989699166974467,272.91095137999946
1840,3768320,3.7180380821228027,,,0.00029895277116799004,274.4675360659994
1850,3788800,3.5708022117614746,,,0.0002989354846774545,275.6734615079995
1860,3809280,3.7199959754943848,,,0.0002989180572440309,277.0953877009997
1870,3829760,3.471787214279175,,,0.0002989004888860586,278.32823420600016
1880,3850240,3.7200732231140137,,,0.000298882779622025,279.7537658829997
1890,3870720,4.054455757141113,,,0.000298864929470566,280.97563517599974
1900,3891200,3.4912960529327393,3.641522562503815,38.149878102298004,0.0002988469384504656,283.37080004499967
1910,3911680,3.81522536277771,,,0.00029882880658065606,284.67860697499964
1920,3932160,3.5079829692840576,,,0.00029881053388021797,285.937993603
1930,3952640,3.6917145252227783,,,0.00029879212036837996,287.27407899899936
1940,3973120,3.735729694366455,,,0.000298773566064519,288.4657490899999
1950,3993600,3.521479368209839,,,0.00029875487098816016,290.08089302999997
1960,4014080,3.798309326171875,,,0.00029873603515897655,291.6982497509998
1970,4034560,3.6915555000305176,,,0.0002987170585967895,293.1873669779998
1980,4055040,3.700502634048462,,,0.0002986979413215685,294.51050740200026
1990,4075520,3.306241512298584,,,0.00029867868335343084,295.6870975269994
2000,4096000,3.753378391265869,3.567638885974884,35.43283334755033,0.00029865928471264224,298.04675915400003
2010,4116480,3.6680078506469727,,,0.0002986397454196161,300.38562448299945
2020,4136960,3.5547053813934326,,,0.00029862006549491416,301.57881185399947
2030,4157440,3.4101450443267822,,,0.0002986002449592459,302.9844550829994
2040,4177920,3.7030839920043945,,,0.0002985802838334688,304.3563334370001
2050,4198400,3.6611599922180176,,,0.0002985601821385884,305.7151885759995
2060,4218880,3.499440908432007,,,0.0002985399398957581,307.05543185399983
2070,4239360,3.666097640991211,,,0.0002985195571262792,308.58375442299985
2080,4259840,3.606851100921631,,,0.00029849903385160086,310.00626896299946
2090,4280320,3.4493138790130615,,,0.00029847837009332016,311.59518774499975
2100,4300800,3.4932596683502197,3.503766345977783,33.240411380471016,0.0002984575658731819,314.5053138149997
2110,4321280,3.634891986846924,,,0.00029843662121307877,315.9787393589995
2120,4341760,3.3832178115844727,,,0.00029841553613505135,317.35152985900004
2130,4362240,3.477891206741333,,,0.0002983943106612877,318.84595819399965
2140,4382720,3.3484582901000977,,,0.00029837294481412395,320.39969455499977
2150,4403200,3.116878032684326,,,0.0002983514386160437,321.78585516400017
2160,4423680,3.6685709953308105,,,0.00029832979208967836,323.13387416099977
2170,4444160,3.3875436782836914,,,0.000298308005257807,324.54383731300004
2180,4464640,3.520381212234497,,,0.00029828607814335635,325.79892505799944
2190,4485120,3.598680257797241,,,0.00029826401076940063,327.2853371299998
2200,4505600,3.3478620052337646,3.450124740600586,31.504321931689887,0.0002982418031591619,329.9797073509999
2210,4526080,3.4255247116088867,,,0.0002982194553360096,331.3880450910001
2220,4546560,3.5153632164001465,,,0.0002981969673234606,332.6392699369999
2230,4567040,3.604743003845215,,,0.0002981743391451798,333.87908641099966
2240,4587520,3.448836326599121,,,0.00029815157082497905,335.2702809249995
2250,4608000,3.4622268676757812,,,0.00029812866238681786,336.5819992509996
2260,4628480,3.3203089237213135,,,0.0002981056138548034,337.9298978070001
2270,4648960,3.6381993293762207,,,0.00029808242525318994,339.2148616309996
2280,4669440,3.391632556915283,,,0.00029805909660637935,340.5589845610002
2290,4689920,3.3355259895324707,,,0.0002980356279389208,341.7703662189997
2300,4710400,3.4891273975372314,3.39303719997406,29.756190666494444,0.00029801201927551077,344.40484315899994
2310,4730880,3.3372716903686523,,,0.0002979882706409932,345.6608021739994
2320,4751360,3.8144688606262207,,,0.00029796438206035916,346.90197960099977
2330,4771840,3.537654161453247,,,0.0002979403535587471,348.26328181400004
2340,4792320,3.2200498580932617,,,0.0002979161851614427,349.77338845399936
2350,4812800,3.47652006149292,,,0.0002978918768938788,351.2485844160001
2360,4833280,3.557361125946045,,,0.00029786742878163547,352.64053945900014
2370,4853760,3.268588066101074,,,0.0002978428408504399,354.19477819799977
2380,4874240,3.571220874786377,,,0.0002978181131261664,355.5531503909997
2390,4894720,3.4819841384887695,,,0.00029779324563483655,356.80536433499947
2400,4915200,3.320777416229248,3.34632807970047,28.39826579369659,0.00029776823840261884,359.2926562980001
2410,4935680,3.5312116146087646,,,0.00029774309145582886,360.609232928
2420,4956160,3.230750799179077,,,0.00029771780482092916,361.99496397799976
2430,4976640,3.3551576137542725,,,0.00029769237852452944,363.4757486769995
2440,4997120,3.470895767211914,,,0.0002976668125933863,364.9764225990002
2450,5017600,3.5824122428894043,,,0.0002976411070544032,366.30292296399966
2460,5038080,3.172147750854492,,,0.0002976152619346305,367.5591598049996
2470,5058560,3.1821889877319336,,,0.0002975892772612657,368.9008985949995
2480,5079040,3.4969537258148193,,,0.0002975631530616528,370.1058713530001
2490,5099520,3.3561038970947266,,,0.0002975368893632829,371.29428220999944
2500,5120000,3.3578124046325684,3.3026867151260375,27.1855808009021,0.0002975104861937938,373.75016143099947
2510,5140480,3.5326902866363525,,,0.00029748394358097,376.2252688609997
2520,5160960,3.5513179302215576,,,0.00029745726155274284,377.48481653699946
2530,5181440,3.2159814834594727,,,0.00029743044013719037,379.0755899229998
2540,5201920,3.1333889961242676,,,0.0002974034793625372,380.50819361199956
2550,5222400,3.350325584411621,,,0.0002973763792571547,381.7479405989998
2560,5242880,3.108224391937256,,,0.00029734913984956083,383.25949046799997
2570,5263360,3.3096706867218018,,,0.00029732176116842014,384.5214208669995
2580,5283840,3.0918455123901367,,,0.0002972942432425438,386.09175057599987
2590,5304320,3.3352394104003906,,,0.0002972665861008894,387.31235143899994
2600,5324800,3.301248073577881,3.271084725856781,26.339895418334574,0.0002972387897725611,389.83634423199965
2610,5345280,3.492316246032715,,,0.0002972108542868095,391.0914615219999
2620,5365760,3.3477373123168945,,,0.00029718277967303165,392.44223175000025
2630,5386240,3.4698424339294434,,,0.00029715456596077103,393.74595882799986
2640,5406720,3.167830228805542,,,0.0002971262131797174,395.0101167869998
2650,5427200,3.2154934406280518,,,0.00029709772135970707,396.22708619199966
2660,5447680,3.4916462898254395,,,0.00029706909053072236,397.4385319659996
2670,5468160,3.1403145790100098,,,0.00029704032072289224,398.65203337599996
2680,5488640,3.415954113006592,,,0.00029701141196649154,399.8994872579997
2690,5509120,3.5700831413269043,,,0.0002969823642919416,401.1044720439995
2700,5529600,3.4508655071258545,3.232352542877197,25.339198457397003,0.00029695317772980985,403.4619205029994
2710,5550080,3.509777545928955,,,0.00029692385231080986,404.7941277589998
2720,5570560,3.431612968444824,,,0.0002968943880658013,406.0413789059994
2730,5591040,3.1465744972229004,,,0.00029686478502578996,407.3859094310001
2740,5611520,3.1401562690734863,,,0.0002968350432219278,408.7080511869999
2750,5632000,3.4145498275756836,,,0.00029680516268551255,410.0004843689994
2760,5652480,3.3436179161071777,,,0.0002967751434479881,411.1841544049994
2770,5672960,3.3803610801696777,,,0.00029674498554094436,412.4139408969995
2780,5693440,3.2933413982391357,,,0.00029671468899611706,413.72433669400016
2790,5713920,3.1783251762390137,,,0.0002966842538453877,414.9820669459996
2800,5734400,3.2350168228149414,3.194445788860321,24.396649050213174,0.00029665368012078393,417.41151827199974
2810,5754880,3.1957621574401855,,,0.00029662296785447904,418.63861255899974
2820,5775360,3.1930594444274902,,,0.00029659211707879206,419.8568171420002
2830,5795840,3.230435371398926,,,0.0002965611278261879,421.048393346
2840,5816320,3.308220386505127,,,0.00029653000012927716,422.2810152809998
2850,5836800,3.131455898284912,,,0.0002964987340208161,423.5233591770002
2860,5857280,3.282042980194092,,,0.00029646732953370666,424.7636285789995
2870,5877760,3.194610118865967,,,0.0002964357867009964,425.9873151359998
2880,5898240,3.0496273040771484,,,0.0002964041055558784,427.2401320600002
2890,5918720,3.5851235389709473,,,0.0002963722861316914,428.4661349930002
2900,5939200,3.386392593383789,3.150474178791046,23.34713267175305,0.0002963403284619195,430.84251649199996
2910,5959680,3.200230121612549,,,0.00029630823258019253,432.0247162079995
2920,5980160,3.1759467124938965,,,0.0002962759985202854,433.26761560399973
2930,6000640,3.043029308319092,,,0.00029624362631611883,434.7911515529995
2940,6021120,3.392946243286133,,,0.00029621111600175855,436.06130028200005
2950,6041600,3.188462257385254,,,0.0002961784676114159,437.40880868299973
2960,6062080,3.375814437866211,,,0.00029614568117944737,438.6219259170002
2970,6082560,3.53749418258667,,,0.00029611275674035475,440.0334640249994
2980,6103040,3.1515302658081055,,,0.00029607969432878504,441.31326595500013
2990,6123520,2.9190514087677,,,0.00029604649397953046,442.68105602299966
3000,6144000,3.4688754081726074,3.1178876161575317,22.598592287115746,0.00029601315572752845,445.32339454999965
3010,6164480,3.0512096881866455,,,0.0002959796796078614,447.8584403999994
3020,6184960,3.3536880016326904,,,0.00029594606565575693,449.3086158979995
3030,6205440,2.9756007194519043,,,0.00029591231390658764,450.59650349299955
3040,6225920,3.090318202972412,,,0.0002958784243958711,452.1206226939994
3050,6246400,3.393850803375244,,,0.00029584439715926996,453.43624346100023
3060,6266880,3.1707091331481934,,,0.0002958102322325917,454.6818266379996
3070,6287360,2.9713258743286133,,,0.0002957759296517887,456.0196009000001
3080,6307840,3.052492618560791,,,0.0002957414894529583,457.27276567900026
3090,6328320,3.0434250831604004,,,0.0002957069116723425,458.5558065559999
3100,6348800,3.0671706199645996,3.0842074036598204,21.85014163474218,0.0002956721963463282,461.25540472899957
3110,6369280,3.376995086669922,,,0.0002956373435114471,462.6359476429998
3120,6389760,2.9550797939300537,,,0.00029560235320437537,463.8814593999996
3130,6410240,3.264390468597412,,,0.00029556722546193406,465.23008396099976
3140,6430720,3.0611724853515625,,,0.0002955319603210887,466.4909216879996
3150,6451200,3.268670082092285,,,0.0002954965578189496,467.70979519199955
3160,6471680,3.1722805500030518,,,0.00029546101799277134,469.11653852699965
3170,6492160,3.1061978340148926,,,0.00029542534087995326,470.4566622889997
3180,6512640,3.215975284576416,,,0.00029538952651803903,471.77571120799985
3190,6533120,3.2751450538635254,,,0.0002953535749447169,473.06957263000004
3200,6553600,3.1424179077148438,3.053325319290161,21.18567655826152,0.0002953174861978192,475.45224573699943
3210,6574080,3.0386266708374023,,,0.00029528126031532306,476.77846407499965
3220,6594560,3.100153923034668,,,0.0002952448973353494,478.27106111800003
3230,6615040,2.963198184967041,,,0.00029520839729616394,479.4587523350001
3240,6635520,3.057415723800659,,,0.0002951717602361762,480.63824957199995
3250,6656000,3.1623823642730713,,,0.00029513498619394016,482.0218411959995
3260,6676480,2.9090023040771484,,,0.0002950980752081538,483.3064295739996
3270,6696960,3.0748181343078613,,,0.00029506102731765926,484.6539951099994
3280,6717440,3.0897274017333984,,,0.0002950238425614428,486.0510005799997
3290,6737920,3.261476993560791,,,0.00029498652097863465,487.24181550699996
3300,6758400,3.2777233123779297,3.0283458471298217,20.66302450319907,0.00029494906260850895,489.7301248069998
3310,6778880,3.206812858581543,,,0.0002949114674904839,490.9386233389996
3320,6799360,3.0271968841552734,,,0.00029487373566412155,492.4034679719998
3330,6819840,2.920377254486084,,,0.0002948358671691279,493.8145633690001
3340,6840320,3.027951240539551,,,0.0002947978620453527,495.0513013609998
3350,6860800,3.1011033058166504,,,0.0002947597203327893,496.53832390800017
3360,6881280,2.9739060401916504,,,0.0002947214420715752,497.8187431259994
3370,6901760,3.0916709899902344,,,0.0002946830273019912,499.1021086619994
3380,6922240,2.8816990852355957,,,0.00029464447606446193,500.4444584590001
3390,6942720,2.886129856109619,,,0.0002946057883995556,502.06014095499995
3400,6963200,2.9718284606933594,2.9999323010444643,20.084177199343056,0.00029456696434798397,504.64868459899935
3410,6983680,3.1522490978240967,,,0.0002945280039506024,505.9217547019998
3420,7004160,3.3752031326293945,,,0.0002944889072484096,507.1801969019998
3430,7024640,3.191305160522461,,,0.00029444967428254783,508.47252877699975
3440,7045120,2.976269245147705,,,0.0002944103050943026,509.99296482999944
3450,7065600,3.0511441230773926,,,0.000294370799725103,511.29384569800004
3460,7086080,2.984348773956299,,,0.0002943311582165212,512.6713231409994
3470,7106560,2.8867623805999756,,,0.0002942913806102727,514.2154966649996
3480,7127040,2.9271106719970703,,,0.00029425146694821635,515.4599357779998
3490,7147520,2.979243755340576,,,0.000294211417272354,517.0001955799999
3500,7168000,3.1580233573913574,2.969766688346863,19.487372434520864,0.00029417123162483067,519.6475119489996
3510,7188480,3.1606411933898926,,,0.00029413091004793456,522.1126487769998
3520,7208960,2.853217363357544,,,0.0002940904525840967,523.3900854739995
3530,7229440,2.950925827026367,,,0.00029404985927589144,524.5788827750002
3540,7249920,2.8675079345703125,,,0.00029400913016603574,525.8768695769995
3550,7270400,3.1583364009857178,,,0.00029396826529738977,527.2788479290002
3560,7290880,3.204143762588501,,,0.00029392726471295634,528.6600882129997
3570,7311360,3.0038399696350098,,,0.00029388612845588117,529.865024361
3580,7331840,3.2194833755493164,,,0.0002938448565694527,531.3299080289999
3590,7352320,2.887617588043213,,,0.00029380344909710215,532.6517974779999
3600,7372800,3.074441909790039,2.950381708145142,19.113248018446843,0.0002937619060824034,535.1333023489997
3610,7393280,2.7925665378570557,,,0.000293720227569073,536.4652743709994
3620,7413760,3.0385336875915527,,,0.00029367841360097,537.6987776139995
3630,7434240,3.009349822998047,,,0.0002936364642220961,538.89435994
3640,7454720,3.1049842834472656,,,0.0002935943794765954,540.1503446119996
3650,7475200,2.8292088508605957,,,0.0002935521594087544,541.4167753439997
3660,7495680,2.8728044033050537,,,0.0002935098040630023,542.7192608099995
3670,7516160,2.8949780464172363,,,0.00029346731348391027,544.1797633139995
3680,7536640,3.02748441696167,,,0.000293424687716192,545.377985657
3690,7557120,2.828040599822998,,,0.0002933819268047035,546.6628474379995
3700,7577600,2.9848999977111816,2.925951159000397,18.65195859361918,0.00029333903079444283,549.1206179729998
3710,7598080,2.91168475151062,,,0.0002932959997305502,550.734805866
3720,7618560,3.0773067474365234,,,0.00029325283365830816,551.962847367
3730,7639040,2.909003257751465,,,0.0002932095326231412,553.3300301649997
3740,7659520,3.2968733310699463,,,0.0002931660966706157,554.7086379779994
3750,7680000,3.0462584495544434,,,0.0002931225258464402,556.0278012529998
3760,7700480,2.760261058807373,,,0.0002930788201964652,557.3278656020002
3770,7720960,3.080106496810913,,,0.000293034979766683,558.813088758
3780,7741440,2.767655372619629,,,0.0002929910046032276,559.9908439330002
3790,7761920,2.896836280822754,,,0.00029294689475237504,561.4417835699996
3800,7782400,3.1408071517944336,2.9072187542915344,18.30581473193322,0.00029290265026054284,564.6122625359994
3810,7802880,2.9417896270751953,,,0.00029285827117429044,566.2862106889997
3820,7823360,3.060300350189209,,,0.0002928137575403187,567.666095861
3830,7843840,3.021857261657715,,,0.0002927691094054704,568.89067737
3840,7864320,2.852430820465088,,,0.00029272432681672934,570.1737275810001
3850,7884800,2.817788600921631,,,0.00029267940982122124,571.5450771790001
3860,7905280,3.121368646621704,,,0.0002926343584662131,573.0047861399999
3870,7925760,2.8711585998535156,,,0.0002925891727991134,574.5970480799997
3880,7946240,3.0415220260620117,,,0.0002925438528674718,576.050226884
3890,7966720,3.3423609733581543,,,0.0002924983987189793,577.3476190629999
3900,7987200,3.2515623569488525,2.8879007935523986,17.95557754756261,0.0002924528104014683,579.8853546640003
3910,8007680,2.7899484634399414,,,0.00029240708796291214,581.1304932140001
3920,8028160,3.0737991333007812,,,0.0002923612314514255,582.5370140329997
3930,8048640,2.8503856658935547,,,0.00029231524091526405,583.7825119259996
3940,8069120,2.8844544887542725,,,0.00029226911640282456,585.0579849850001
3950,8089600,2.8184385299682617,,,0.0002922228579626447,586.335286044
3960,8110080,2.8892245292663574,,,0.00029217646564340307,587.5498307970001
3970,8130560,2.7825281620025635,,,0.00029212993949391926,588.7370763449999
3980,8151040,3.234494209289551,,,0.0002920832795631536,589.9763830820002
3990,8171520,2.6704013347625732,,,0.00029203648590020724,591.4726194189998
4000,8192000,2.819706916809082,2.8621205925941466,17.498595010534757,0.00029198955855432214,594.1186830050001
4010,8212480,2.9201128482818604,,,0.00029194249757488066,596.5354272519999
4020,8232960,2.9825706481933594,,,0.0002918953030114062,597.8929191930001
4030,8253440,3.104321002960205,,,0.00029184797491356234,599.4130784789995
4040,8273920,3.1472911834716797,,,0.0002918005133311534,600.6654147179997
4050,8294400,2.7419042587280273,,,0.0002917529183141241,601.9545695319994
4060,8314880,3.1428592205047607,,,0.00029170518991255965,603.2507833899999
4070,8335360,2.94814395904541,,,0.0002916573281766855,604.6065407589995
4080,8355840,2.9525296688079834,,,0.0002916093331568675,605.9063338269998
4090,8376320,2.852879524230957,,,0.0002915612049036118,607.3247137500002
4100,8396800,3.035200595855713,2.8431782722473145,17.170250638121583,0.0002915129434675645,609.7113398379997
4110,8417280,3.0971546173095703,,,0.00029146454889951223,610.9074798399997
4120,8437760,2.783567428588867,,,0.00029141602125038146,612.173770374
4130,8458240,2.8973379135131836,,,0.0002913673605712388,613.4172899589994
4140,8478720,2.86716890335083,,,0.0002913185669132907,614.639885216
4150,8499200,2.8837196826934814,,,0.00029126964032788385,615.9235137599999
4160,8519680,2.709099292755127,,,0.00029122058086650444,617.2441253110001
4170,8540160,2.9572887420654297,,,0.00029117138858077884,618.7288479709996
4180,8560640,2.969376802444458,,,0.0002911220635224729,619.9636568300002
4190,8581120,2.667086601257324,,,0.0002910726057434925,621.1724126929994
4200,8601600,2.974283218383789,2.8265950202941896,16.88785999480744,0.0002910230152958829,623.5874129309996
4210,8622080,3.1151461601257324,,,0.0002909732922318291,624.9288425579998
4220,8642560,2.8461928367614746,,,0.0002909234366036556,626.378788854
4230,8663040,2.9532651901245117,,,0.0002908734484638265,627.8597079299998
4240,8683520,2.859099864959717,,,0.00029082332786494527,629.6493641059997
4250,8704000,3.2142021656036377,,,0.00029077307485975476,631.0942869459996
4260,8724480,2.927006721496582,,,0.0002907226895011372,632.2885785779999
4270,8744960,2.937969207763672,,,0.00029067217184211406,633.5468314949994
4280,8765440,2.919693946838379,,,0.000290621521935846,634.8775383279999
4290,8785920,2.9121041297912598,,,0.000290570739835633,636.580242901
4300,8806400,2.8619933128356934,2.805222225189209,16.53074904675003,0.00029051982559491393,639.1681029729998
4310,8826880,2.8933043479919434,,,0.00029046877926726687,640.3783064419995
4320,8847360,3.378469944000244,,,0.00029041760090640884,641.607266469
4330,8867840,2.945298194885254,,,0.00029036629056619585,642.8559724689994
4340,8888320,2.8002758026123047,,,0.00029031484830062274,644.3197688419996
4350,8908800,2.881380319595337,,,0.0002902632741638231,645.6088956140002
4360,8929280,2.6171534061431885,,,0.0002902115682100696,646.8882363829998
4370,8949760,2.898496150970459,,,0.00029015973049377323,648.1434496450001
4380,8970240,2.6130495071411133,,,0.0002901077610694839,649.4328971280001
4390,8990720,3.0666425228118896,,,0.00029005565999188997,650.8754063739998
4400,9011200,2.776374578475952,2.7898775815963743,16.279026827325758,0.00029000342731581847,653.5425712679998
4410,9031680,2.645179271697998,,,0.0002899510630962348,654.8619125730002
4420,9052160,2.5877676010131836,,,0.0002898985673882429,656.1276606559995
4430,9072640,3.056396007537842,,,0.000289845940247085,657.3850346059999
4440,9093120,2.943410873413086,,,0.00028979318172814154,658.5867572359994
4450,9113600,2.9579808712005615,,,0.0002897402918869315,659.9119583739994
4460,9134080,2.674499273300171,,,0.00028968727077911176,661.387533571
4470,9154560,2.944016218185425,,,0.00028963411846047747,662.8266111570001
4480,9175040,2.886953830718994,,,0.00028958083498696185,664.3292567159997
4490,9195520,2.9686107635498047,,,0.00028952742041463614,665.7419281450002
4500,9216000,2.669222831726074,2.7709850668907166,15.974362077105502,0.0002894738747997095,668.2912845840001
4510,9236480,2.8297619819641113,,,0.000289420198198529,670.9099883939998
4520,9256960,2.773676872253418,,,0.0002893663906675796,672.17671539
4530,9277440,2.8533716201782227,,,0.000289312452263484,673.4506052259994
4540,9297920,2.7992706298828125,,,0.0002892583830430026,675.1502378200003
4550,9318400,2.5430455207824707,,,0.0002892041830630334,676.5427431799999
4560,9338880,2.905285358428955,,,0.00028914985238061227,677.7954128359997
4570,9359360,2.84112811088562,,,0.0002890953910529123,679.084026947
4580,9379840,2.6822433471679688,,,0.0002890407991372442,680.5411073899995
4590,9400320,2.833117961883545,,,0.0002889860766910561,681.9440885269996
4600,9420800,2.8017818927764893,2.7577369570732118,15.764127653297376,0.0002889312237719335,684.2818217429995
4610,9441280,3.0830936431884766,,,0.0002888762404375992,685.6619241019998
4620,9461760,2.852360248565674,,,0.00028882112674591317,686.9695780279999
4630,9482240,3.107264995574951,,,0.0002887658827548727,688.1911110209994
4640,9502720,2.9737863540649414,,,0.00028871050852261195,689.5845303429996
4650,9523200,2.803903341293335,,,0.0002886550041074025,691.0003029259997
4660,9543680,2.7286391258239746,,,0.00028859936956765253,692.4956009239995
4670,9564160,2.805809259414673,,,0.00028854360496190733,693.9771307379997
4680,9584640,2.8930811882019043,,,0.0002884877103488492,695.1979897519996
4690,9605120,2.6364235877990723,,,0.00028843168578729714,696.4710401820003
4700,9625600,2.947718620300293,2.7454928398132323,15.572286684171468,0.0002883755313362067,698.9445749320003
4710,9646080,2.7762856483459473,,,0.00028831924705467044,700.4633435019996
4720,9666560,2.7798807621002197,,,0.0002882628330019173,701.7718415089994
4730,9687040,2.6782467365264893,,,0.00028820628923731286,703.0676390660001
4740,9707520,3.028380870819092,,,0.0002881496158203593,704.4678959909998
4750,9728000,2.935081720352173,,,0.00028809281281069515,705.7398039379996
4760,9748480,2.680567979812622,,,0.00028803588026809525,706.9688022339997
4770,9768960,2.662276268005371,,,0.0002879788182524708,708.2367560080002
4780,9789440,3.058882713317871,,,0.0002879216268238693,709.4991745369998
4790,9809920,2.7892866134643555,,,0.0002878643060424744,710.9694460829996
4800,9830400,3.1335268020629883,2.7333820462226868,15.38483134207243,0.0002878068559686058,713.38993794
4810,9850880,2.7424139976501465,,,0.0002877492766627194,714.6030844779998
4820,9871360,2.8707282543182373,,,0.0002876915681854069,716.083270907
4830,9891840,2.756753444671631,,,0.00028763373059739614,717.5219634589994
4840,9912320,2.696366548538208,,,0.0002875757639595507,719.07414531
4850,9932800,2.9170315265655518,,,0.00028751766833287,720.6647427179996
4860,9953280,2.5842299461364746,,,0.0002874594437784891,722.0573802339995
4870,9973760,2.6370553970336914,,,0.000287401090357679,723.5218038249996
4880,9994240,2.7335095405578613,,,0.000287342608131846,724.893305396
4890,10014720,2.6368770599365234,,,0.000287283997162532,726.4810074540001
4900,10035200,2.655411720275879,2.7096635937690734,15.024220423275715,0.0002872252575114146,729.1321572159995
4910,10055680,2.820079803466797,,,0.00028716638924030654,730.6028066889994
4920,10076160,2.7357306480407715,,,0.0002871073924111562,732.1621177910001
4930,10096640,2.942957878112793,,,0.0002870482670860469,733.5778091669999
4940,10117120,2.9240493774414062,,,0.00028698901332719745,734.9092852140002
4950,10137600,2.635456085205078,,,0.0002869296311969617,736.3244645999994
4960,10158080,2.3764724731445312,,,0.00028687012075782865,737.7487387290003
4970,10178560,2.7478890419006348,,,0.0002868104820724222,739.2801107469995
4980,10199040,2.5427918434143066,,,0.00028675071520350135,740.48479374
4990,10219520,2.9486024379730225,,,0.00028669082021395994,741.8715043109996
5000,10240000,3.0170114040374756,2.699458062648773,14.871670027139757,0.00028663079716682654,744.3157420629996
5010,10260480,2.7238564491271973,,,0.00028657064612526466,746.6388255309994
5020,10280960,2.871829032897949,,,0.0002865103671525723,747.8036295619995
5030,10301440,2.8461616039276123,,,0.0002864499603121822,748.9622769950001
5040,10321920,2.718653917312622,,,0.0002863894256676617,750.163791209
5050,10342400,2.794879913330078,,,0.00028632876328271256,751.4023535819997
5060,10362880,3.042200803756714,,,0.0002862679732211709,752.7505587280002
5070,10383360,2.7620315551757812,,,0.0002862070555470074,753.936929085
5080,10403840,3.1570141315460205,,,0.00028614601032432677,755.103420808
5090,10424320,2.682636260986328,,,0.0002860848376173682,756.328000595
5100,10444800,2.917814016342163,2.685107469558716,14.659776775348599,0.00028602353749050474,758.809290489
5110,10465280,2.8731703758239746,,,0.0002859621100082438,760.1382920329997
5120,10485760,2.8432412147521973,,,0.00028590055523522673,761.3917779839994
5130,10506240,2.5485382080078125,,,0.0002858388732362287,762.7242621159994
5140,10526720,2.701618194580078,,,0.000285777064076159,764.0346995029995
5150,10547200,2.8464486598968506,,,0.0002857151278200605,765.3917800399995
5160,10567680,2.8662495613098145,,,0.00028565306453310995,766.6505006950001
5170,10588160,2.57102632522583,,,0.00028559087428061775,767.9941699020001
5180,10608640,2.831965446472168,,,0.0002855285571280278,769.2644750629997
5190,10629120,2.497384786605835,,,0.00028546611314091776,770.4333711879999
5200,10649600,3.0224592685699463,2.668781304359436,14.422381984201698,0.0002854035423849986,772.8369896969998
5210,10670080,2.523873805999756,,,0.0002853408449261148,774.0852144189994
5220,10690560,2.9387001991271973,,,0.0002852780208302439,775.5020838499995
5230,10711040,2.7201833724975586,,,0.00028521507016349715,776.9829396209998
5240,10731520,2.764853000640869,,,0.0002851519929921186,778.4331047219994
5250,10752000,2.6323602199554443,,,0.00028508878938248556,779.8625699949998
5260,10772480,2.64666748046875,,,0.0002850254594011085,781.2036020989999
5270,10792960,2.824155569076538,,,0.0002849620031146307,782.8113249010003
5280,10813440,3.0412449836730957,,,0.0002848984205898285,784.3632796129996
5290,10833920,2.750939130783081,,,0.00028483471189361093,785.7637343730003
5300,10854400,2.9027891159057617,2.654287350177765,14.214852236906305,0.00028477087709301996,788.4266416579994
5310,10874880,2.6094417572021484,,,0.0002847069162552301,789.6449786739995
5320,10895360,2.815986394882202,,,0.0002846428294475486,791.0891889119994
5330,10915840,2.7572903633117676,,,0.00028457861673741533,792.3004252330002
5340,10936320,2.6294636726379395,,,0.00028451427819240247,793.6426716699998
5350,10956800,2.5518250465393066,,,0.0002844498138802147,794.9822387220001
5360,10977280,2.9327564239501953,,,0.00028438522386868906,796.35363831
5370,10997760,2.7612216472625732,,,0.0002843205082257949,797.6786062259998
5380,11018240,2.58070969581604,,,0.00028425566701963367,798.9119854290002
5390,11038720,2.729996681213379,,,0.0002841907003184391,800.29297116
5400,11059200,2.7346863746643066,2.6504478573799135,14.160379055732522,0.0002841256081905769,802.9139063299999
5410,11079680,2.7942161560058594,,,0.00028406039070454466,804.3015336859999
5420,11100160,2.5248117446899414,,,0.0002839950479289721,805.7171377289997
5430,11120640,2.818082332611084,,,0.0002839295799326207,807.1809996100001
5440,11141120,2.734307289123535,,,0.0002838639867843836,808.5997750369997
5450,11161600,2.6815600395202637,,,0.00028379826855328577,809.9313597179998
5460,11182080,2.9209022521972656,,,0.0002837324253084838,811.423464517
5470,11202560,2.6251883506774902,,,0.0002836664571192658,812.700515255
5480,11223040,2.6598381996154785,,,0.00028360036405505125,813.9157743309997
5490,11243520,2.664950370788574,,,0.0002835341461853913,815.3151061660001
5500,11264000,2.7655773162841797,2.633535099029541,13.922901844621608,0.0002834678035799683,817.737160527
5510,11284480,2.438447952270508,,,0.0002834013363085957,820.2094083439997
5520,11304960,2.7037765979766846,,,0.0002833347444412184,821.8341245749998
5530,11325440,2.583751678466797,,,0.00028326802804791223,823.1331547
5540,11345920,2.449728012084961,,,0.00028320118719888423,824.5382099359995
5550,11366400,2.9915196895599365,,,0.0002831342219644723,825.8555944439995
5560,11386880,2.768291473388672,,,0.00028306713241514517,827.0325190269996
5570,11407360,2.744997501373291,,,0.0002829999186215025,828.3058707569999
5580,11427840,2.7232823371887207,,,0.0002829325806542746,829.7133469350001
5590,11448320,2.6420035362243652,,,0.0002828651185843227,831.0218665410002
5600,11468800,2.9554054737091064,2.624240183830261,13.794089231207714,0.0002827975324826382,833.4890047259996
5610,11489280,2.647791862487793,,,0.0002827298224203434,834.716420365
5620,11509760,2.5143752098083496,,,0.0002826619884686909,835.8581512539995
5630,11530240,2.505737781524658,,,0.00028259403069906357,837.318569344
5640,11550720,2.6595711708068848,,,0.0002825259491829748,838.5937331999994
5650,11571200,2.8804750442504883,,,0.00028245774399206794,840.0872822229994
5660,11591680,2.7654404640197754,,,0.00028238941519811674,841.3050317930001
5670,11612160,2.6197004318237305,,,0.00028232096287302493,842.5329806969994
5680,11632640,2.8281664848327637,,,0.0002822523870888261,843.8112445179995
5690,11653120,2.6163554191589355,,,0.0002821836879176839,845.1558858159997
5700,11673600,2.823253870010376,2.6035483956336973,13.511597566317263,0.00028211486543189187,847.6032421680002
5710,11694080,2.7754569053649902,,,0.00028204591970387315,848.904072714
5720,11714560,2.792837142944336,,,0.00028197685080618063,850.2666204759998
5730,11735040,2.7696592807769775,,,0.0002819076588114969,851.6252443510002
5740,11755520,2.625244617462158,,,0.0002818383437926341,853.0735711919997
5750,11776000,2.4615821838378906,,,0.0002817689058225336,854.5751473399996
5760,11796480,2.709024667739868,,,0.00028169934497426644,855.8487495560003
5770,11816960,2.6711554527282715,,,0.00028162966132103275,857.4130185610002
5780,11837440,2.7909560203552246,,,0.00028155985493616203,858.8532302189997
5790,11857920,2.954221248626709,,,0.0002814899258931129,860.0463304779996
5800,11878400,2.8657140731811523,2.600527822971344,13.470846381025853,0.00028141987426547293,862.4873445679996
5810,11898880,2.613996982574463,,,0.0002813497001269589,863.7596907520001
5820,11919360,2.721590995788574,,,0.00028127940355141646,865.1135589989999
5830,11939840,2.8568968772888184,,,0.0002812089846128199,866.666347671
5840,11960320,2.6564950942993164,,,0.0002811384433852725,868.0118133309998
5850,11980800,2.502659320831299,,,0.00028106777994300615,869.2890204639998
5860,12001280,2.6667683124542236,,,0.00028099699436038135,870.7760238209994
5870,12021760,2.426264762878418,,,0.0002809260867118871,872.224594886
5880,12042240,2.4051036834716797,,,0.00028085505707214095,873.4702460039998
5890,12062720,2.6205053329467773,,,0.00028078390551588867,874.693868671
5900,12083200,2.4648277759552,2.585620129108429,13.271516592399449,0.0002807126321180045,877.0930321830001
5910,12103680,2.7099766731262207,,,0.0002806412369534907,878.4346910819995
5920,12124160,2.985532283782959,,,0.0002805697200974779,879.6938768620003
5930,12144640,2.588026523590088,,,0.0002804980816252246,880.9400060460002
5940,12165120,2.4062082767486572,,,0.0002804263216121174,882.2091415079994
5950,12185600,2.633875608444214,,,0.0002803544401336706,883.7176192879997
5960,12206080,2.6130752563476562,,,0.00028028243726552655,885.1047677209999
5970,12226560,2.6151580810546875,,,0.0002802103130834553,886.6286045910001
5980,12247040,2.5927977561950684,,,0.00028013806766335445,888.37029136
5990,12267520,2.807281970977783,,,0.0002800657010812493,889.6241100799998
6000,12288000,2.4733481407165527,2.572432112693787,13.09764067305995,0.00027999321341329255,891.9542501639999
6010,12308480,2.6106081008911133,,,0.0002799206047357644,894.2881479489997
6020,12328960,2.5575673580169678,,,0.0002798478751250723,895.5169262629997
6030,12349440,2.75809907913208,,,0.00027977502465775106,896.7947290259999
6040,12369920,2.916536331176758,,,0.0002797020534104627,898.157637622
6050,12390400,2.6969962120056152,,,0.0002796289614599961,899.4590582370001
6060,12410880,2.5503361225128174,,,0.0002795557488832675,900.6889752409998
6070,12431360,2.622039794921875,,,0.0002794824157573198,901.9973319399996
6080,12451840,2.7277727127075195,,,0.00027940896215932284,903.5163759970001
6090,12472320,2.723881244659424,,,0.0002793353881665734,904.8042164019998
6100,12492800,2.8255343437194824,2.5690659880638123,13.053626502347479,0.0002792616938564946,907.3444045819997
6110,12513280,2.8094887733459473,,,0.0002791878793066366,908.6965879119998
6120,12533760,2.5658321380615234,,,0.00027911394459467564,910.1860419690001
6130,12554240,2.403841018676758,,,0.0002790398897984148,911.5604405619997
6140,12574720,2.6179003715515137,,,0.0002789657149957834,912.9246514449997
6150,12595200,2.559915065765381,,,0.00027889142026483695,914.199147966
6160,12615680,2.7283973693847656,,,0.0002788170056837571,915.7873206300001
6170,12636160,2.669295310974121,,,0.0002787424713308519,917.1080774719994
6180,12656640,2.5244903564453125,,,0.0002786678172845553,918.495322025
6190,12677120,2.782015562057495,,,0.00027859304362342713,919.9496557049997
6200,12697600,2.806973934173584,2.559204077720642,12.925525506623256,0.00027851815042615315,922.398274958
6210,12718080,2.7392380237579346,,,0.0002784431377715449,923.6165540779994
6220,12738560,2.51706600189209,,,0.00027836800573853966,924.7726425999999
6230,12759040,2.7808427810668945,,,0.0002782927544062003,925.900929718
6240,12779520,2.3881149291992188,,,0.0002782173838537153,927.0897675019996
6250,12800000,2.4802260398864746,,,0.0002781418941603984,928.3732424579994
6260,12820480,2.3020501136779785,,,0.00027806628540568914,929.5715858869999
6270,12840960,2.679537773132324,,,0.00027799055766915173,930.6845813889995
6280,12861440,2.729614496231079,,,0.0002779147110304762,932.110599873
6290,12881920,2.59134840965271,,,0.00027783874556947723,933.4369760049995
6300,12902400,2.8991899490356445,2.5481573581695556,12.78352660632296,0.00027776266136609484,935.7831811030001
6310,12922880,2.4590682983398438,,,0.00027768645850039387,936.9605333649997
6320,12943360,3.075200319290161,,,0.0002776101370525641,938.2369160449998
6330,12963840,2.6607275009155273,,,0.00027753369710292,939.5707055009998
6340,12984320,2.5948939323425293,,,0.0002774571387319008,940.8373640339996
6350,13004800,2.455521821975708,,,0.0002773804620200704,942.2421914259994
6360,13025280,2.447026252746582,,,0.00027730366704811717,943.4205563340001
6370,13045760,2.778872013092041,,,0.0002772267538968539,944.9472619419994
6380,13066240,2.4305896759033203,,,0.0002771497226472178,946.3401837269994
6390,13086720,2.513780117034912,,,0.00027707257338027035,947.5698738749998
6400,13107200,2.712966203689575,2.5370667338371278,12.642532615986937,0.0002769953061771972,949.9180679619994
6410,13127680,2.4333486557006836,,,0.00027691792111930806,951.210467719
6420,13148160,2.5825440883636475,,,0.00027684041828803684,952.7146764319996
6430,13168640,2.586965560913086,,,0.00027676279776494113,954.2007411929999
6440,13189120,2.8134331703186035,,,0.0002766850596317026,955.6391324489996
6450,13209600,2.930570125579834,,,0.0002766072039701265,956.9971193479996
6460,13230080,2.4748475551605225,,,0.00027652923086214187,958.5892450000001
6470,13250560,2.619027614593506,,,0.0002764511403898014,960.0303890810001
6480,13271040,2.6769843101501465,,,0.00027637293263528106,961.2644420079996
6490,13291520,2.4107794761657715,,,0.00027629460768088045,962.614604413
6500,13312000,2.651594400405884,2.530018377304077,12.553736838387568,0.0002762161656090224,964.8898325680002
6510,13332480,2.6104419231414795,,,0.000276137606502253,967.1362391749999
6520,13352960,2.2564218044281006,,,0.0002760589304432416,968.326467111
6530,13373440,2.373404026031494,,,0.00027598013751478043,969.4952270799995
6540,13393920,2.6634459495544434,,,0.0002759012277997848,970.7566729509999
6550,13414400,2.5650038719177246,,,0.000275822201381293,972.2464573309999
6560,13434880,2.556900978088379,,,0.00027574305834246606,973.6448051379994
6570,13455360,2.7181127071380615,,,0.0002756637987665876,974.9947945429994
6580,13475840,2.4898037910461426,,,0.0002755844227370641,976.3017212610002
6590,13496320,2.500701904296875,,,0.00027550493033742443,977.526050337
6600,13516800,2.750929832458496,2.515043294429779,12.367144195977785,0.00027542532165132004,980.0621889329996
6610,13537280,2.3524138927459717,,,0.00027534559676252457,981.4415997919996
6620,13557760,2.5503711700439453,,,0.00027526575575493423,982.6449980440002
6630,13578240,2.817716360092163,,,0.00027518579871256706,983.9148869909995
6640,13598720,2.4084818363189697,,,0.0002751057257195635,985.1331099829995
6650,13619200,2.525193452835083,,,0.0002750255368601859,986.3044873210001
6660,13639680,2.7015151977539062,,,0.00027494523221881847,987.5841007079998
6670,13660160,2.5378479957580566,,,0.00027486481187996743,988.9349723099995
6680,13680640,2.6637179851531982,,,0.0002747842759282605,990.2215834689996
6690,13701120,2.6262145042419434,,,0.0002747036244484474,991.5074783330001
6700,13721600,2.367136001586914,2.5054269433021545,12.248787387336368,0.00027462285752539913,993.8869511849998
6710,13742080,2.451408624649048,,,0.0002745419752441083,995.2336656449997
6720,13762560,2.2455801963806152,,,0.00027446097768968884,996.5813765610001
6730,13783040,2.6814565658569336,,,0.00027437986494737614,997.8179647429997
6740,13803520,2.752523422241211,,,0.0002742986371025266,999.0283743009995
6750,13824000,2.6957476139068604,,,0.00027421729424061787,1000.4892752059995
6760,13844480,2.677122116088867,,,0.00027413583644724865,1001.6258265639999
6770,13864960,2.6982924938201904,,,0.0002740542638081385,1002.8155205339999
6780,13885440,2.7882871627807617,,,0.0002739725764091279,1003.9821192279996
6790,13905920,2.447256326675415,,,0.00027389077433617807,1005.1762500469995
6800,13926400,2.5948336124420166,2.501655101776123,12.202673923434837,0.0002738088576753709,1007.6440525970002
6810,13946880,2.705634593963623,,,0.0002737268265129088,1008.9925462029996
6820,13967360,2.5917670726776123,,,0.00027364468093511485,1010.3166065830001
6830,13987840,2.529959201812744,,,0.0002735624210284324,1011.5872635790001
6840,14008320,2.7780709266662598,,,0.00027348004687942514,1012.826072801
6850,14028800,2.622481107711792,,,0.0002733975585747769,1014.2171342969996
6860,14049280,2.6875767707824707,,,0.0002733149562012918,1015.6185041219996
6870,14069760,2.272709846496582,,,0.00027323223984589384,1016.9519003959995
6880,14090240,2.7793614864349365,,,0.0002731494095956271,1018.0957685839994
6890,14110720,2.278564929962158,,,0.00027306646553765533,1019.3913266620002
6900,14131200,2.367067813873291,2.4872723817825317,12.028422390557793,0.00027298340775926225,1022.0088602659998
6910,14151680,2.5370547771453857,,,0.00027290023634785114,1023.6348238359997
6920,14172160,2.268367290496826,,,0.0002728169513909449,1024.9408260290002
6930,14192640,2.606685161590576,,,0.00027273355297618583,1026.1149521460002
6940,14213120,2.4737632274627686,,,0.00027265004119133576,1027.3842130060002
6950,14233600,2.8088738918304443,,,0.00027256641612427574,1028.616024555
6960,14254080,2.5589778423309326,,,0.000272482677863006,1030.0030241069999
6970,14274560,2.670522689819336,,,0.00027239882649564593,1031.4587421279994
6980,14295040,2.814371347427368,,,0.0002723148621104339,1032.9694360639996
6990,14315520,2.557692766189575,,,0.00027223078479572736,1034.4405840909994
7000,14336000,2.629589557647705,2.4803759813308717,11.945754954463284,0.00027214659464000235,1036.9513815999999
7010,14356480,2.394200325012207,,,0.0002720622917318539,1039.696838363
7020,14376960,2.5271856784820557,,,0.00027197787615999554,1040.9668305079995
7030,14397440,2.392167806625366,,,0.00027189334801325937,1042.1749129319996
7040,14417920,2.3682920932769775,,,0.00027180870738059606,1043.385401816
7050,14438400,2.5397534370422363,,,0.00027172395435107454,1044.6660238499999
7060,14458880,2.6738123893737793,,,0.00027163908901388205,1045.861785645
7070,14479360,2.461268424987793,,,0.000271554111458324,1047.1236815229995
7080,14499840,2.450413465499878,,,0.00027146902177382383,1048.3166281080003
7090,14520320,2.56412410736084,,,0.00027138382004992324,1049.8676521629995
7100,14540800,2.5999438762664795,2.4790773153305055,11.930251477753188,0.00027129850637628157,1052.9861243240002
7110,14561280,2.657701015472412,,,0.000271213080842676,1054.3323333560002
7120,14581760,2.67238187789917,,,0.0002711275435390015,1055.7336733729999
7130,14602240,2.4943747520446777,,,0.00027104189455527054,1057.0161858969996
7140,14622720,2.5316290855407715,,,0.00027095613398161333,1058.3575155889994
7150,14643200,2.533508062362671,,,0.0002708702619082773,1059.6201935089994
7160,14663680,2.3061861991882324,,,0.0002707842784256272,1060.950840175
7170,14684160,2.4504663944244385,,,0.0002706981836241453,1062.2682290699995
7180,14704640,2.400202512741089,,,0.00027061197759443057,1063.5392009749994
7190,14725120,2.4571142196655273,,,0.0002705256604271995,1064.860201003
7200,14745600,2.5996220111846924,2.464945209026337,11.762837636996554,0.0002704392322132852,1067.4222966669995
7210,14766080,2.628943920135498,,,0.00027035269304363774,1068.588521877
7220,14786560,2.3058290481567383,,,0.000270266043009324,1069.933531226
7230,14807040,2.534616470336914,,,0.00027017928220152745,1071.2407615430002
7240,14827520,2.614248514175415,,,0.00027009241071154815,1072.7181965299997
7250,14848000,2.524190902709961,,,0.0002700054286308026,1073.9919693820002
7260,14868480,2.2452492713928223,,,0.00026991833605082385,1075.2681352559994
7270,14888960,2.256671667098999,,,0.00026983113306326093,1076.5318658249998
7280,14909440,2.3223929405212402,,,0.00026974381975987936,1077.897421447
7290,14929920,2.4962451457977295,,,0.00026965639623256055,1079.2834741749994
7300,14950400,2.568403720855713,2.4629329323768614,11.73919135289988,0.00026956886257330193,1081.7790208739998
7310,14970880,2.666294574737549,,,0.00026948121887421695,1083.2527119400002
7320,14991360,2.540534496307373,,,0.00026939346522753465,1084.749700683
7330,15011840,2.6248505115509033,,,0.00026930560172559997,1086.0632833729996
7340,15032320,2.3909969329833984,,,0.0002692176284608733,1087.4409818069998
7350,15052800,2.4689273834228516,,,0.00026912954552593064,1088.7085068830002
7360,15073280,2.4011311531066895,,,0.0002690413530134633,1089.9778667439996
7370,15093760,2.583282470703125,,,0.00026895305101627806,1091.384412638
7380,15114240,2.647887706756592,,,0.0002688646396272967,1092.5705496339997
7390,15134720,2.5760574340820312,,,0.0002687761189395563,1093.867982099
7400,15155200,2.54958438873291,2.4550193667411806,11.646659104527819,0.0002686874890462089,1096.2365223850002
7410,15175680,2.7644708156585693,,,0.00026859875004052133,1097.4655160539996
7420,15196160,2.4372334480285645,,,0.0002685099020158755,1098.6467256289998
7430,15216640,2.522244930267334,,,0.00026842094506576773,1100.1361478
7440,15237120,2.4703266620635986,,,0.0002683318792838093,1101.3579745440002
7450,15257600,2.4015817642211914,,,0.00026824270476372576,1102.6708736270002
7460,15278080,2.574827194213867,,,0.00026815342159935713,1104.0333644029997
7470,15298560,2.338348627090454,,,0.0002680640298846579,1105.2877469899995
7480,15319040,2.4505739212036133,,,0.00026797452971369666,1106.5088314999994
7490,15339520,2.630845785140991,,,0.00026788492118065614,1107.7396697389995
7500,15360000,2.2162275314331055,2.4444066166877745,11.523709592699559,0.00026779520437983313,1110.314258417
7510,15380480,2.5272462368011475,,,0.00026770537940563833,1112.9176117719999
7520,15400960,2.4740588665008545,,,0.00026761544635259634,1114.1345289749997
7530,15421440,2.3983869552612305,,,0.00026752540531534537,1115.3940719940001
7540,15441920,2.2842137813568115,,,0.0002674352563886374,1116.9202697339997
7550,15462400,2.4271903038024902,,,0.0002673449996673378,1118.2558521800001
7560,15482880,2.4801583290100098,,,0.0002672546352464256,1119.5058986369995
7570,15503360,2.433591365814209,,,0.0002671641632209929,1120.6905851169995
7580,15523840,2.5260424613952637,,,0.0002670735836862452,1121.9165575299994
7590,15544320,2.519064426422119,,,0.000266982896737501,1123.146875554
7600,15564800,2.4283933639526367,2.4420911073684692,11.497057204579482,0.00026689210247019207,1125.4185534609996
7610,15585280,2.5233306884765625,,,0.0002668012009798629,1126.770109645
7620,15605760,2.475728988647461,,,0.0002667101923621708,1128.5805258680002
7630,15626240,2.79489803314209,,,0.000266619076712886,1129.9367582469995
7640,15646720,2.4596385955810547,,,0.00026652785412789115,1131.173746644
7650,15667200,2.9874539375305176,,,0.00026643652470318167,1132.4460393680001
7660,15687680,2.338979482650757,,,0.0002663450885348651,1133.68642517
7670,15708160,2.30898380279541,,,0.00026625354571916163,1134.9737929949997
7680,15728640,2.3454248905181885,,,0.0002661618963524035,1136.1940266330002
7690,15749120,2.621094226837158,,,0.000266070140531035,1137.4072152869994
7700,15769600,2.6828689575195312,2.432161343097687,11.383459071470524,0.0002659782783516126,1140.0644508199994
7710,15790080,2.8797202110290527,,,0.00026588630991080466,1141.3698050479998
7720,15810560,2.729715585708618,,,0.0002657942353053914,1142.845668426
7730,15831040,2.4265036582946777,,,0.00026570205463226457,1144.348902439
7740,15851520,2.5942280292510986,,,0.0002656097679884277,1145.5266672119997
7750,15872000,2.5702433586120605,,,0.00026551737547099593,1146.788435165
7760,15892480,2.691301107406616,,,0.0002654248771771955,1148.1532006779998
7770,15912960,2.4302186965942383,,,0.00026533227320436426,1149.4259932449995
7780,15933440,2.455521583557129,,,0.0002652395636499511,1150.7796657929994
7790,15953920,2.4947118759155273,,,0.00026514674861151616,1152.0833913830002
7800,15974400,2.539844036102295,2.423161208629608,11.281466072938596,0.00026505382818673036,1154.4214875429998
7810,15994880,2.5439486503601074,,,0.00026496080247337574,1155.6707928669994
7820,16015360,2.540233612060547,,,0.000264867671569345,1157.051405624
7830,16035840,2.486583709716797,,,0.0002647744355726416,1158.4748737559994
7840,16056320,2.2560677528381348,,,0.0002646810945813796,1160.0360574790002
7850,16076800,2.644895553588867,,,0.00026458764869378347,1161.4704214949998
7860,16097280,2.493168830871582,,,0.0002644940980081882,1162.9841761319994
7870,16117760,2.449737310409546,,,0.00026440044262303884,1164.2873975439998
7880,16138240,2.81115460395813,,,0.0002643066826368909,1165.6738740179999
7890,16158720,2.473700761795044,,,0.0002642128181484097,1166.8818083810002
7900,16179200,2.728663444519043,2.416466569900513,11.206192977469254,0.0002641188492563707,1169.3100560459998
7910,16199680,2.456503391265869,,,0.00026402477605965926,1170.5766512179998
7920,16220160,2.274174213409424,,,0.00026393059865727024,1171.9312477169997
7930,16240640,2.719212055206299,,,0.00026383631714830847,1173.4026866229997
7940,16261120,2.623018741607666,,,0.0002637419316319881,1174.944871222
7950,16281600,2.6797757148742676,,,0.0002636474422076329,1176.4982100850002
7960,16302080,2.3405659198760986,,,0.0002635528489746759,1178.0621444869994
7970,16322560,2.2424192428588867,,,0.00026345815203265935,1179.4936514129995
7980,16343040,2.213944911956787,,,0.00026336335148123465,1180.9346621679997
7990,16363520,2.5835366249084473,,,0.0002632684474201623,1182.3742374969997
8000,16384000,2.590059518814087,2.41166353225708,11.152498262851017,0.0002631734399493116,1184.9781440239994
8010,16404480,2.7142136096954346,,,0.00026307832916866084,1187.9865534579994
8020,16424960,2.322993755340576,,,0.00026298311517829686,1189.4774007229998
8030,16445440,2.231492757797241,,,0.00026288779807841515,1191.006218093
8040,16465920,2.664208173751831,,,0.0002627923779693197,1192.277073102
8050,16486400,2.5089895725250244,,,0.00026269685495142306,1193.577022038
8060,16506880,2.5616097450256348,,,0.0002626012291252459,1194.8591685000001
8070,16527360,2.5470995903015137,,,0.000262505500591417,1196.4544236789998
8080,16547840,2.455054998397827,,,0.00026240966945067346,1197.786428624
8090,16568320,2.2373178005218506,,,0.00026231373580386024,1199.423932281
8100,16588800,2.4359984397888184,2.4046957969665526,11.075060702632893,0.00026221769975193004,1202.495876383
8110,16609280,2.5584158897399902,,,0.0002621215613959436,1203.9442908009996
8120,16629760,2.456695079803467,,,0.00026202532083706903,1205.3569909939997
8130,16650240,2.317409038543701,,,0.0002619289781765822,1206.7792281889997
8140,16670720,2.4606001377105713,,,0.0002618325335158663,1208.12209429
8150,16691200,2.3468565940856934,,,0.0002617359869564119,1209.4377577469995
8160,16711680,2.3781518936157227,,,0.0002616393385998169,1210.8370203839995
8170,16732160,2.430917978286743,,,0.0002615425885477861,1212.2069422149998
8180,16752640,2.347752809524536,,,0.0002614457369021315,1213.4707528540002
8190,16773120,2.3325881958007812,,,0.00026134878376477195,1214.9862796440002
8200,16793600,2.398669719696045,2.398610019683838,11.007865026156786,0.00026125172923773313,1217.452264568
8210,16814080,2.4685325622558594,,,0.0002611545734231473,1218.588971917
8220,16834560,2.453660488128662,,,0.00026105731642325346,1219.78291386
8230,16855040,2.5097134113311768,,,0.00026095995834039706,1221.1186682329999
8240,16875520,2.5181920528411865,,,0.00026086249927702976,1222.3897975660002
8250,16896000,2.356572151184082,,,0.0002607649393357098,1223.652737251
8260,16916480,2.4526350498199463,,,0.0002606672786191011,1224.8997258849995
8270,16936960,2.4167869091033936,,,0.0002605695172299742,1226.3192072809998
8280,16957440,2.5155293941497803,,,0.00026047165527120516,1227.5421114089995
8290,16977920,2.5885400772094727,,,0.00026037369284577597,1228.6903902449994
8300,16998400,2.15988826751709,2.3909944772720335,10.924352563157342,0.0002602756300567744,1231.108657963
8310,17018880,2.6985349655151367,,,0.0002601774670073939,1232.6897550539998
8320,17039360,2.4081919193267822,,,0.0002600792038009332,1233.9276616799998
8330,17059840,2.2318856716156006,,,0.0002599808405407967,1235.2857805719996
8340,17080320,2.5177550315856934,,,0.0002598823773304938,1236.567530876
8350,17100800,2.629082202911377,,,0.0002597838142736393,1237.7194185279996
8360,17121280,2.524944305419922,,,0.00025968515147395307,1238.9260153039995
8370,17141760,2.450531244277954,,,0.0002595863890352598,1240.1063566289995
8380,17162240,2.492234706878662,,,0.0002594875270614891,1241.494987217
8390,17182720,2.305266857147217,,,0.0002593885656566753,1242.8588326620002
8400,17203200,2.3668055534362793,2.3830878734588623,10.838318601944156,0.0002592895049249575,1245.5426767809995
8410,17223680,2.5879111289978027,,,0.00025919034497057914,1246.8930086179998
8420,17244160,2.410111427307129,,,0.0002590910858978881,1248.183860903
8430,17264640,2.4422576427459717,,,0.0002589917278113367,1249.5016460629995
8440,17285120,2.226618528366089,,,0.0002588922708154814,1250.6822978330001
8450,17305600,2.207569122314453,,,0.0002587927150149826,1252.0148658279995
8460,17326080,2.247514486312866,,,0.0002586930605146048,1253.245408328
8470,17346560,2.5331485271453857,,,0.00025859330741921644,1254.4382848189998
8480,17367040,2.7657723426818848,,,0.00025849345583378954,1255.621958744
8490,17387520,2.147753953933716,,,0.0002583935058633999,1256.9025018450002
8500,17408000,2.4262287616729736,2.3787401914596558,10.791299325751678,0.0002582934576132267,1259.2119688819994
8510,17428480,2.444728374481201,,,0.0002581933111885527,1261.584707262
8520,17448960,2.294459342956543,,,0.00025809306669476395,1262.8625949850002
8530,17469440,2.524784803390503,,,0.0002579927242373497,1264.1276786079998
8540,17489920,2.450740337371826,,,0.00025789228392190207,1265.4846866130001
8550,17510400,2.443291664123535,,,0.0002577917458541165,1266.8688825199997
8560,17530880,2.2642500400543213,,,0.00025769111013979095,1268.2287623789998
8570,17551360,2.192622661590576,,,0.0002575903768848266,1269.5708579060001
8580,17571840,2.345947265625,,,0.00025748954619522676,1270.8034404849996
8590,17592320,2.2040109634399414,,,0.00025738861817709756,1272.3553612509995
8600,17612800,2.314392566680908,2.3750107645988465,10.751128917043394,0.0002572875929366475,1275.017502824
8610,17633280,2.2900893688201904,,,0.00025718647058018746,1276.5714391319998
8620,17653760,2.420858383178711,,,0.0002570852512141304,1277.9085200509999
8630,17674240,2.1301259994506836,,,0.00025698393494499134,1279.184769337
8640,17694720,2.1532840728759766,,,0.00025688252187938736,1280.6300716280002
8650,17715200,2.459218978881836,,,0.00025678101212403743,1281.8066020689994
8660,17735680,2.325347900390625,,,0.00025667940578576225,1283.24471979
8670,17756160,2.4926724433898926,,,0.00025657770297148405,1284.5401431660002
8680,17776640,2.1867575645446777,,,0.00025647590378822664,1286.137728525
8690,17797120,2.4333088397979736,,,0.00025637400834311534,1287.500780511
8700,17817600,2.1842164993286133,2.360651898384094,10.597857927487016,0.00025627201674337664,1289.8733137279996
8710,17838080,2.452491044998169,,,0.00025616992909633827,1291.2089346860002
8720,17858560,2.1896984577178955,,,0.000256067745509429,1292.5503349299997
8730,17879040,2.4954988956451416,,,0.0002559654660901787,1293.8561420349997
8740,17899520,2.486781120300293,,,0.0002558630909462178,1295.124730939
8750,17920000,2.6145191192626953,,,0.00025576062018527776,1296.384408676
8760,17940480,2.360471487045288,,,0.0002556580539151904,1297.7258362369994
8770,17960960,2.4005329608917236,,,0.0002555553922438884,1299.1482855759996
8780,17981440,2.3433446884155273,,,0.0002554526352794044,1300.7770020339995
8790,18001920,2.3991899490356445,,,0.00025534978312987164,1302.212956722
8800,18022400,2.1902060508728027,2.3591969490051268,10.582449792423402,0.0002552468359035234,1304.6633579210002
8810,18042880,2.570777654647827,,,0.00025514379370869306,1306.019600816
8820,18063360,2.3348135948181152,,,0.0002550406566538138,1307.2141385739997
8830,18083840,2.460753917694092,,,0.0002549374248474188,1308.5348712320001
8840,18104320,2.341879367828369,,,0.0002548340983981409,1309.8550375089999
8850,18124800,2.401482582092285,,,0.00025473067741471243,1311.1192518809994
8860,18145280,2.170480251312256,,,0.00025462716200596534,1312.386666343
8870,18165760,2.5221245288848877,,,0.00025452355228083087,1313.7347432259994
8880,18186240,2.563004970550537,,,0.0002544198483483396,1314.9976926949994
8890,18206720,2.5748190879821777,,,0.00025431605031762104,1316.4165287790001
8900,18227200,2.4668524265289307,2.350519025325775,10.491013413553866,0.00025421215829790394,1318.9576812799996
8910,18247680,2.523958921432495,,,0.0002541081723985159,1320.3954446529997
8920,18268160,2.21358585357666,,,0.00025400409272888317,1321.8951748989994
8930,18288640,2.1751902103424072,,,0.00025389991939853086,1323.1320512129996
8940,18309120,2.660013437271118,,,0.0002537956525170826,1324.4027458639994
8950,18329600,2.427521228790283,,,0.0002536912921942604,1325.9543718699997
8960,18350080,2.538645029067993,,,0.0002535868385398846,1327.19386604
8970,18370560,2.657045841217041,,,0.0002534822916638739,1328.66550404
8980,18391040,2.3108885288238525,,,0.00025337765167624486,1330.0024457559994
8990,18411520,2.493349552154541,,,0.00025327291868711225,1331.2247968020001
9000,18432000,2.4504992961883545,2.3480494379997254,10.465136905090445,0.0002531680928066885,1333.6188528450002
9010,18452480,2.4184908866882324,,,0.00025306317414528406,1335.8694805599998
9020,18472960,2.439934015274048,,,0.00025295816281330674,1337.4021845409998
9030,18493440,2.4166831970214844,,,0.000252853058921262,1338.7939448349998
9040,18513920,2.403245449066162,,,0.00025274786257975274,1340.1590022629998
9050,18534400,2.3983163833618164,,,0.000252642573899479,1341.5307851039997
9060,18554880,2.186638116836548,,,0.00025253719299123817,1342.9785271370001
9070,18575360,2.2748022079467773,,,0.00025243171996592456,1344.5863268679996
9080,18595840,2.3047618865966797,,,0.00025232615493452954,1346.1259817549999
9090,18616320,2.246279716491699,,,0.0002522204980081411,1347.6563808539995
9100,18636800,2.3261492252349854,2.3414934158325194,10.39675164812925,0.00025211474929794417,1350.0976203359996
9110,18657280,2.02516508102417,,,0.0002520089089152201,1351.3331581940001
9120,18677760,2.419398546218872,,,0.00025190297697134673,1352.7646430690002
9130,18698240,2.540234088897705,,,0.00025179695357779836,1354.0893497709994
9140,18718720,2.1071977615356445,,,0.00025169083884614543,1355.5107455959997
9150,18739200,2.282353401184082,,,0.0002515846328880545,1357.0452360689997
9160,18759680,2.3527145385742188,,,0.00025147833581528814,1358.3288034930001
9170,18780160,2.3879241943359375,,,0.00025137194773970477,1359.9928007569997
9180,18800640,2.644213914871216,,,0.00025126546877325863,1361.3819421399994
9190,18821120,2.632528305053711,,,0.0002511588990279996,1363.0335361950001
9200,18841600,2.376389265060425,2.3345629453659056,10.324946377445949,0.00025105223861607306,1365.7611519029997
9210,18862080,2.266328811645508,,,0.0002509454876497199,1366.944279204
9220,18882560,2.8271403312683105,,,0.00025083864624127607,1368.3463084899995
9230,18903040,2.4435863494873047,,,0.0002507317145031729,1369.5831535159996
9240,18923520,2.385856866836548,,,0.0002506246925479368,1370.8922257479999
9250,18944000,2.6105284690856934,,,0.00025051758048818894,1372.1334525599996
9260,18964480,2.4016566276550293,,,0.00025041037843664537,1373.3874616080002
9270,18984960,2.3680031299591064,,,0.000250303086506117,1374.7463803789997
9280,19005440,2.501156806945801,,,0.000250195704809509,1375.936282099
9290,19025920,2.4515058994293213,,,0.00025008823345982144,1377.1345769029995
9300,19046400,2.398858070373535,2.328675997257233,10.264342514818983,0.0002499806725701483,1379.6230773339994
9310,19066880,2.401616334915161,,,0.000249873022253678,1381.2653533989997
9320,19087360,2.5099987983703613,,,0.00024976528262369316,1382.8203779149999
9330,19107840,2.14461350440979,,,0.0002496574537935702,1384.0391813279994
9340,19128320,2.307002067565918,,,0.00024954953587677937,1385.2607427329995
9350,19148800,2.195119857788086,,,0.0002494415289868849,1386.46512961
9360,19169280,2.443298101425171,,,0.00024933343323754444,1387.7172753240002
9370,19189760,2.2655296325683594,,,0.00024922524874250934,1389.0165465299997
9380,19210240,2.4498558044433594,,,0.00024911697561562406,1390.3079093229999
9390,19230720,2.3973076343536377,,,0.0002490086139708266,1391.5517123929994
9400,19251200,2.353487491607666,2.3236525893211364,10.212909827014288,0.000248900163922148,1394.0325869319995
9410,19271680,2.3417491912841797,,,0.0002487916255837124,1395.3766317939999
9420,19292160,2.53411865234375,,,0.00024868299906973657,1396.903655907
9430,19312640,2.1952245235443115,,,0.00024857428449453047,1398.5995760799997
9440,19333120,2.588691234588623,,,0.0002484654819724965,1399.8263918249995
9450,19353600,2.2512660026550293,,,0.0002483565916181296,1401.3282029829998
9460,19374080,2.17527174949646,,,0.0002482476135460172,1402.6001189620001
9470,19394560,2.392124891281128,,,0.0002481385478708391,1403.7549823069994
9480,19415040,2.370225667953491,,,0.00024802939470736714,1405.2535599849998
9490,19435520,2.34757137298584,,,0.0002479201541704653,1406.6106543919996
9500,19456000,2.368849754333496,2.32314670085907,10.207744540408283,0.00024781082637508945,1409.0120495459996
9510,19476480,2.3098764419555664,,,0.00024770141143628746,1411.321152638
9520,19496960,2.6134889125823975,,,0.00024759190946919865,1412.779967431
9530,19517440,2.4534077644348145,,,0.0002474823205890541,1414.2410348579997
9540,19537920,2.337860584259033,,,0.0002473726449111763,1415.602117636
9550,19558400,2.4970703125,,,0.00024726288255097907,1417.02669539
9560,19578880,2.390385150909424,,,0.00024715303362396744,1418.7663891049997
9570,19599360,2.334352731704712,,,0.0002470430982457376,1420.2639991649994
9580,19619840,2.3008878231048584,,,0.0002469330765319766,1421.955466933
9590,19640320,2.4878501892089844,,,0.0002468229685984625,1423.581027579
9600,19660800,2.190889835357666,2.306774365901947,10.041980601781223,0.0002467127745610639,1426.227212242
9610,19681280,2.6261203289031982,,,0.0002466024945357401,1427.667997052
9620,19701760,2.3266470432281494,,,0.00024649212863854097,1429.1828544559994
9630,19722240,2.359616756439209,,,0.00024638167698560657,1430.6727765599999
9640,19742720,2.2569096088409424,,,0.00024627113969316746,1431.970382333
9650,19763200,2.127286911010742,,,0.00024616051687754395,1433.291316238
9660,19783680,2.2758936882019043,,,0.0002460498086551468,1434.605461923
9670,19804160,2.2068166732788086,,,0.00024593901514247617,1436.048022123
9680,19824640,2.886765480041504,,,0.0002458281364561223,1437.4345131179998
9690,19845120,2.308826208114624,,,0.00024571717271276505,1438.8546710680002
9700,19865600,2.411350965499878,2.303788650035858,10.012042816072448,0.00024560612402917353,1441.444983112
9710,19886080,2.224848985671997,,,0.00024549499052220654,1442.911779778
9720,19906560,2.7076730728149414,,,0.000245383772308812,1444.2949186079995
9730,19927040,2.2189865112304688,,,0.00024527246950602693,1445.8657033809995
9740,19947520,2.349252939224243,,,0.00024516108223097743,1447.2177793299998
9750,19968000,2.254880666732788,,,0.00024504961060087846,1448.498610363
9760,19988480,2.2769532203674316,,,0.00024493805473303374,1449.782325837
9770,20008960,2.3838751316070557,,,0.0002448264147448357,1451.0703154309995
9780,20029440,2.435701370239258,,,0.00024471469075376526,1452.5170297160003
9790,20049920,2.077286720275879,,,0.0002446028828773917,1454.1184148209995
9800,20070400,2.3810744285583496,2.2994027018547056,9.968226672999416,0.0002444909912333726,1456.5795420129998
9810,20090880,2.4456236362457275,,,0.00024437901593945367,1457.7998617969997
9820,20111360,2.3137800693511963,,,0.00024426695711346876,1459.048404655
9830,20131840,2.2679710388183594,,,0.0002441548148733394,1460.2373400669994
9840,20152320,2.2395682334899902,,,0.00024404258933707505,1461.4151126739998
9850,20172800,2.3677315711975098,,,0.00024393028062277288,1462.776554475
9860,20193280,2.3299264907836914,,,0.0002438178888486175,1464.1196314540002
9870,20213760,2.6956381797790527,,,0.00024370541413288083,1465.48636111
9880,20234240,2.3815884590148926,,,0.00024359285659392228,1466.7797844319994
9890,20254720,2.3199033737182617,,,0.0002434802163501883,1468.4600717049998
9900,20275200,2.271660327911377,2.2918407559394836,9.893131771664523,0.0002433674935202124,1471.2984430239994
9910,20295680,2.2364330291748047,,,0.00024325468822261487,1472.570315641
9920,20316160,2.4317617416381836,,,0.00024314180057610305,1473.932664981
9930,20336640,2.2559375762939453,,,0.00024302883069947072,1475.1948038660003
9940,20357120,2.2470149993896484,,,0.0002429157787115982,1476.5261569659997
9950,20377600,2.439845561981201,,,0.0002428026447314524,1477.8686462340002
9960,20398080,2.5307605266571045,,,0.0002426894288780862,1479.1166760360002
9970,20418560,2.340996742248535,,,0.000242576131270639,1480.4049049409996
9980,20439040,2.2956314086914062,,,0.00024246275202833596,1481.748412295
9990,20459520,2.4689040184020996,,,0.00024234929127048827,1482.9934931199996
10000,20480000,2.375901699066162,2.2879830598831177,9.85504059557258,0.00024223574911649286,1485.572254582
10010,20500480,2.380847930908203,,,0.00024212212568583232,1487.8935049459997
10020,20520960,2.535273790359497,,,0.00024200842109807475,1489.1991522979997
10030,20541440,2.221055269241333,,,0.00024189463547287374,1490.4042283359995
10040,20561920,2.205380916595459,,,0.00024178076892996802,1491.599969938
10050,20582400,2.3726577758789062,,,0.0002416668215891816,1492.8066385749999
10060,20602880,2.598555564880371,,,0.00024155279357042343,1493.986085685
10070,20623360,2.5734989643096924,,,0.00024143868499368738,1495.285883474
10080,20643840,2.34169602394104,,,0.0002413244959790521,1496.6501044749994
10090,20664320,2.0528969764709473,,,0.00024121022664668092,1498.1454235279998
10100,20684800,2.506472587585449,2.2831782579421995,9.807802652749201,0.00024109587711682167,1500.954920477
10110,20705280,2.381753921508789,,,0.0002409814475098065,1502.2343633929995
10120,20725760,2.2810983657836914,,,0.00024086693794605197,1503.5208702539994
10130,20746240,2.4968228340148926,,,0.00024075234854605858,1504.9804794430001
10140,20766720,2.390991687774658,,,0.00024063767943041108,1506.2606887129996
10150,20787200,2.134493350982666,,,0.0002405229307197779,1507.7173475259997
10160,20807680,2.2192881107330322,,,0.0002404081025349114,1509.0267615829998
10170,20828160,2.353916883468628,,,0.00024029319499664737,1510.36194583
10180,20848640,2.3320162296295166,,,0.00024017820822590534,1511.6768245539997
10190,20869120,2.3281617164611816,,,0.00024006314234368802,1513.1189721649998
10200,20889600,2.292128562927246,2.2785710215568544,9.762719721115182,0.00023994799747108155,1515.6584633399998
10210,20910080,2.3147706985473633,,,0.000239832773729255,1517.1461364010001
10220,20930560,2.3984220027923584,,,0.00023971747123946056,1518.478757498
10230,20951040,2.329145669937134,,,0.00023960209012303325,1519.7528693739996
10240,20971520,2.292104959487915,,,0.0002394866305013909,1521.2274180739996
10250,20992000,2.2806315422058105,,,0.0002393710924960338,1522.6170772189998
10260,21012480,2.1814184188842773,,,0.0002392554762285449,1523.863107616
10270,21032960,2.361618995666504,,,0.0002391397818205893,1525.45804753
10280,21053440,2.2183313369750977,,,0.00023902400939391464,1526.6983463839997
10290,21073920,2.4359750747680664,,,0.0002389081590703503,1528.0568814729995
10300,21094400,2.496379852294922,2.2736665487289427,9.714955951313884,0.00023879223097180788,1530.4339439710002
10310,21114880,2.24868106842041,,,0.0002386762252202808,1531.7590560179997
10320,21135360,2.3155250549316406,,,0.00023856014193784404,1532.9720009459998
10330,21155840,2.0639286041259766,,,0.00023844398124665432,1534.34729272
10340,21176320,2.457571506500244,,,0.00023832774326894982,1535.740116113
10350,21196800,2.133435010910034,,,0.0002382114281270499,1536.9420345159997
10360,21217280,1.9549694061279297,,,0.00023809503594335524,1538.315209923
10370,21237760,2.264378547668457,,,0.00023797856684034768,1539.708442393
10380,21258240,2.3594870567321777,,,0.0002378620209405898,1541.0996376530002
10390,21278720,2.087313413619995,,,0.00023774539836672509,1542.405365085
10400,21299200,2.491602659225464,2.2663024067878723,9.64367641517527,0.00023762869924147777,1544.8984087259996
10410,21319680,2.279694080352783,,,0.00023751192368765258,1546.1561245060002
10420,21340160,2.30582594871521,,,0.00023739507182813467,1547.5651915399994
10430,21360640,2.504748821258545,,,0.0002372781437858895,1548.8355285179996
10440,21381120,2.4757843017578125,,,0.00023716113968396267,1550.1418840380002
10450,21401600,2.4180657863616943,,,0.00023704405964547986,1551.4089417389996
10460,21422080,2.397900342941284,,,0.0002369269037936467,1553.0008864599995
10470,21442560,2.0890986919403076,,,0.0002368096722517485,1554.715678433
10480,21463040,2.2145934104919434,,,0.0002366923651431503,1556.2212644749998
10490,21483520,2.277750253677368,,,0.00023657498259129655,1557.9142619389995
10500,21504000,2.393744945526123,2.2629119515419007,9.611035327224867,0.00023645752471971126,1560.7569627829998
10510,21524480,2.0187430381774902,,,0.00023633999165199754,1563.5749742139997
10520,21544960,2.271958112716675,,,0.00023622238351183775,1565.0585308559994
10530,21565440,2.4241867065429688,,,0.00023610470042299318,1566.4163471169995
10540,21585920,2.3676347732543945,,,0.00023598694250930401,1567.8518281549996
10550,21606400,2.2803986072540283,,,0.00023586910989468915,1569.273075174
10560,21626880,2.732010841369629,,,0.00023575120270314612,1570.6586257069994
10570,21647360,2.130809783935547,,,0.00023563322105875101,1572.028024194
10580,21667840,2.5163614749908447,,,0.000235515165085658,1573.5859882590003
10590,21688320,2.163588523864746,,,0.00023539703490809989,1574.9526714349995
10600,21708800,2.233334541320801,2.2585221409797667,9.56893717189995,0.00023527883065038713,1577.5650125929997
10610,21729280,2.2288336753845215,,,0.0002351605524369084,1578.9823567949998
10620,21749760,2.412471294403076,,,0.00023504220039213022,1580.2290805089997
10630,21770240,2.0979981422424316,,,0.00023492377464059668,1581.7577906770002
10640,21790720,2.2171742916107178,,,0.00023480527530692945,1583.302472638
10650,21811200,2.376330852508545,,,0.0002346867025158277,1584.823893494
10660,21831680,2.1747570037841797,,,0.00023456805639206774,1586.2652136629995
10670,21852160,2.3803157806396484,,,0.00023444933706050333,1587.4197546389996
10680,21872640,2.26297926902771,,,0.00023433054464606505,1588.5748036129999
10690,21893120,2.2046585083007812,,,0.0002342116792737604,1589.7706106179994
10700,21913600,2.2681784629821777,2.254875099658966,9.53410242313311,0.00023409274106867377,1592.0955049489994
10710,21934080,2.0604944229125977,,,0.00023397373015596608,1593.3069950199997
10720,21954560,2.583871364593506,,,0.00023385464666087475,1594.6216138989994
10730,21975040,2.128559112548828,,,0.00023373549070871373,1595.9696263449996
10740,21995520,2.3188958168029785,,,0.0002336162624248731,1597.1949832740002
10750,22016000,2.2117369174957275,,,0.00023349696193481905,1598.6810279239999
10760,22036480,2.3888087272644043,,,0.0002333775893640938,1599.8195023859998
10770,22056960,2.4140052795410156,,,0.0002332581448383154,1601.12296779
10780,22077440,2.447174549102783,,,0.0002331386284831776,1602.4402607949996
10790,22097920,2.3051164150238037,,,0.0002330190404244498,1603.7281134300001
10800,22118400,2.5002002716064453,2.246987152099609,9.459193749438123,0.00023289938078797676,1606.0683135239997
10810,22138880,2.239406108856201,,,0.00023277964969967867,1607.2656441139998
10820,22159360,2.293219804763794,,,0.00023265984728555088,1608.5139544929998
10830,22179840,2.4754083156585693,,,0.0002325399736716637,1609.7497983699996
10840,22200320,2.308035373687744,,,0.00023242002898416248,1611.1553960390002
10850,22220800,2.073641300201416,,,0.0002323000133492673,1612.4552995929998
10860,22241280,2.4214229583740234,,,0.000232179926893273,1613.6769789069995
10870,22261760,2.4599647521972656,,,0.0002320597697425488,1615.0112734249997
10880,22282240,2.286945343017578,,,0.00023193954202353837,1616.3305010960003
10890,22302720,2.1449265480041504,,,0.00023181924386275968,1617.7192737139994
10900,22323200,2.1854445934295654,2.2481427788734436,9.470131365677704,0.00023169887538680478,1619.6559692519995
10910,22343680,1.9632327556610107,,,0.00023157843672233977,1620.986071114
10920,22364160,2.365532875061035,,,0.00023145792799610457,1622.4960551180002
10930,22384640,2.243523120880127,,,0.0002313373493349128,1624.032095097
10940,22405120,2.064131736755371,,,0.00023121670086565172,1625.3525181959994
10950,22425600,2.367985725402832,,,0.00023109598271528202,1626.8531667910001
10960,22446080,2.337773084640503,,,0.0002309751950108378,1628.2549729450002
10970,22466560,2.3536219596862793,,,0.0002308543378794262,1629.9151730859994
10980,22487040,2.2407593727111816,,,0.00023073341144822754,1631.2216200829998
10990,22507520,2.4786901473999023,,,0.00023061241584449506,1632.498517291
11000,22528000,2.1141796112060547,2.2412824630737305,9.405385615921663,0.0002304913511955547,1635.3297996909996
11010,22548480,2.5028600692749023,,,0.00023037021762880515,1637.9055544189996
11020,22568960,2.2446632385253906,,,0.00023024901527171762,1639.2211991579998
11030,22589440,2.188166618347168,,,0.00023012774425183564,1640.528233293
11040,22609920,2.3344597816467285,,,0.00023000640469677508,1642.0484228679998
11050,22630400,2.294663190841675,,,0.00022988499673422385,1643.4892348060002
11060,22650880,1.9939982891082764,,,0.00022976352049194193,1644.7769096459997
11070,22671360,2.1900858879089355,,,0.00022964197609776107,1646.0573366859999
11080,22691840,2.677974224090576,,,0.0002295203636795848,1647.5320468539994
11090,22712320,2.378277063369751,,,0.00022939868336538814,1649.2019084039994
11100,22732800,2.2536118030548096,2.236337089538574,9.358987293888198,0.0002292769352832177,1651.753497789
11110,22753280,2.399125337600708,,,0.00022915511956119133,1652.9439564799995
11120,22773760,2.2338151931762695,,,0.000229033236327498,1654.321119794
11130,22794240,2.0233712196350098,,,0.00022891128571039788,1655.7437744629997
11140,22814720,2.7610044479370117,,,0.00022878926783822184,1657.0498067170001
11150,22835200,2.7181549072265625,,,0.00022866718283937173,1658.4617444199994
11160,22855680,2.2804415225982666,,,0.00022854503084231986,1659.6710556359994
11170,22876160,2.1992952823638916,,,0.0002284228119756092,1660.9869528099998
11180,22896640,2.4521877765655518,,,0.00022830052636785292,1662.5510848889999
11190,22917120,2.1815688610076904,,,0.00022817817414773464,1663.8547563029997
11200,22937600,2.261564254760742,2.2325857996940615,9.323944788289083,0.0002280557554440079,1666.6924517379994
11210,22958080,2.4913299083709717,,,0.0002279332703854962,1668.2631229139997
11220,22978560,2.4935765266418457,,,0.00022781071910109307,1669.5485265609996
11230,22999040,2.101844549179077,,,0.0002276881017197614,1671.1266640160002
11240,23019520,2.276611328125,,,0.00022756541837053393,1672.5141333909996
11250,23040000,2.3643503189086914,,,0.00022744266918251274,1673.8887800679995
11260,23060480,2.1128406524658203,,,0.00022731985428486908,1675.6650457549995
11270,23080960,2.1437954902648926,,,0.00022719697380684347,1677.0638281430001
11280,23101440,2.504084587097168,,,0.0002270740278777454,1678.353209555
11290,23121920,2.276618480682373,,,0.00022695101662695326,1680.0378889869999
11300,23142400,2.15889310836792,2.231533420085907,9.314137620263276,0.0002268279401839141,1682.5935938479997
11310,23162880,2.2727270126342773,,,0.00022670479867814363,1683.922136395
11320,23183360,2.4467411041259766,,,0.00022658159223922612,1685.123275242
11330,23203840,2.4484007358551025,,,0.00022645832099681397,1686.665830846
11340,23224320,2.0812981128692627,,,0.00022633498508062795,1688.215309958
11350,23244800,2.2336666584014893,,,0.00022621158462045676,1689.644295135
11360,23265280,2.216373920440674,,,0.00022608811974615716,1690.9211940129999
11370,23285760,2.251845598220825,,,0.00022596459058765354,1692.3005357470001
11380,23306240,2.1447038650512695,,,0.00022584099727493802,1693.7464913499998
11390,23326720,2.1373543739318848,,,0.00022571733993807027,1695.0859268550003
11400,23347200,2.177321434020996,2.222204327583313,9.22764922521122,0.00022559361870717724,1697.8305802469995
11410,23367680,2.316288471221924,,,0.00022546983371245317,1699.2207854050002
11420,23388160,2.464245319366455,,,0.0002253459850841594,1700.6260819709996
11430,23408640,2.1866331100463867,,,0.0002252220729526242,1701.9072712019997
11440,23429120,2.70088529586792,,,0.00022509809744824275,1703.488032927
11450,23449600,2.3423116207122803,,,0.0002249740587014768,1704.7560185769998
11460,23470080,2.3720154762268066,,,0.0002248499568428547,1706.0518731519996
11470,23490560,2.1865389347076416,,,0.0002247257920029713,1707.2799667569998
11480,23511040,2.470400333404541,,,0.00022460156431248758,1708.547322413
11490,23531520,2.369940757751465,,,0.0002244772739021308,1709.8832564509994
11500,23552000,1.9857091903686523,2.2225238025188445,9.230597698809179,0.00022435292090269406,1712.0510120419995
11510,23572480,2.21132755279541,,,0.00022422850544503647,1714.662930589
11520,23592960,2.301279067993164,,,0.00022410402766008276,1715.9794200699998
11530,23613440,2.108480215072632,,,0.00022397948767882337,1717.6153493069996
11540,23633920,2.155898094177246,,,0.00022385488563231415,1719.254624051
11550,23654400,2.2134978771209717,,,0.00022373022165167607,1720.500387301
11560,23674880,2.6172618865966797,,,0.00022360549586809562,1721.8344024079997
11570,23695360,2.2409024238586426,,,0.000223480708412824,1723.0615261909998
11580,23715840,2.4375929832458496,,,0.00022335585941717754,1724.303237233
11590,23736320,1.922552227973938,,,0.0002232309490125372,1725.5079938609997
11600,23756800,2.1213574409484863,2.2171007215976717,9.180674910549586,0.0002231059773303486,1728.1975466799995
11610,23777280,2.1154303550720215,,,0.00022298094450212187,1729.6117152289999
11620,23797760,2.343747615814209,,,0.00022285585065943145,1731.0964689840002
11630,23818240,2.28764009475708,,,0.00022273069593391597,1732.507095371
11640,23838720,2.255483388900757,,,0.0002226054804572782,1733.910309682
11650,23859200,2.2816643714904785,,,0.00022248020436128478,1735.307681237
11660,23879680,2.186328887939453,,,0.00022235486777776614,1736.6704395759998
11670,23900160,2.110358238220215,,,0.00022222947083861642,1738.1308551759994
11680,23920640,2.453792095184326,,,0.0002221040136757932,1739.9121132399996
11690,23941120,2.2414770126342773,,,0.0002219784964213175,1741.7946176189998
11700,23961600,2.4014739990234375,2.2136639833450316,9.149177489097806,0.00022185291920727342,1744.203418211
11710,23982080,2.134355068206787,,,0.0002217272821658085,1745.466285603
11720,24002560,2.363743782043457,,,0.0002216015854291328,1746.6558524049997
11730,24023040,2.2619075775146484,,,0.00022147582912951955,1747.9496642109998
11740,24043520,2.190406322479248,,,0.00022135001339930444,1749.2376989229997
11750,24064000,2.526343822479248,,,0.00022122413837088583,1750.6062638909998
11760,24084480,2.223672389984131,,,0.00022109820417672447,1751.8877710979996
11770,24104960,2.260373115539551,,,0.00022097221094934325,1753.1528221469998
11780,24125440,2.284038543701172,,,0.00022084615882132734,1754.4048886619994
11790,24145920,2.4188079833984375,,,0.0002207200479253238,1755.7560712519999
11800,24166400,2.3837668895721436,2.208587723970413,9.102851571763525,0.00022059387839404152,1758.534508668
11810,24186880,2.127227783203125,,,0.00022046765036025118,1760.071301989
11820,24207360,2.4018430709838867,,,0.00022034136395678489,1761.542001621
11830,24227840,2.32659649848938,,,0.00022021501931653636,1763.1820005499994
11840,24248320,2.485154867172241,,,0.00022008861657246044,1764.8311964539998
11850,24268800,2.2645492553710938,,,0.00021996215585757316,1766.3663834039999
11860,24289280,2.142008066177368,,,0.00021983563730495155,1767.7399085380002
11870,24309760,2.159940242767334,,,0.00021970906104773358,1769.1536694770002
11880,24330240,2.261565685272217,,,0.00021958242721911782,1770.4261265389996
11890,24350720,2.222194194793701,,,0.0002194557359523635,1771.720924401
11900,24371200,2.2501907348632812,2.2049360036849976,9.069671123753263,0.00021932898738079033,1774.315020854
11910,24391680,2.083434581756592,,,0.00021920218163777816,1775.6590388819995
11920,24412160,2.575039863586426,,,0.00021907531885676721,1777.1744002899995
11930,24432640,2.1702053546905518,,,0.0002189483991712576,1778.7014934139997
11940,24453120,2.5812196731567383,,,0.00021882142271480935,1780.088517143
11950,24473600,1.8868374824523926,,,0.00021869438962104223,1781.5979468349997
11960,24494080,2.2162623405456543,,,0.00021856730002363557,1782.935785402
11970,24514560,2.3329710960388184,,,0.00021844015405632827,1784.1965118859998
11980,24535040,2.0701043605804443,,,0.0002183129518529185,1785.5650803319995
11990,24555520,2.4853646755218506,,,0.00021818569354726348,1786.8020502439995
12000,24576000,2.410872459411621,2.2024790227413176,9.047414467922877,0.00021805837927327964,1789.186853194
12010,24596480,2.2438735961914062,,,0.00021793100916494223,1791.5730366850003
12020,24616960,2.3661344051361084,,,0.0002178035833562853,1792.897766082
12030,24637440,2.2224292755126953,,,0.00021767610198140139,1794.29253005
12040,24657920,2.0581021308898926,,,0.0002175485651744417,1795.9665882049994
12050,24678400,2.518955707550049,,,0.00021742097306961562,1797.4471936959999
12060,24698880,2.2683990001678467,,,0.00021729332580119076,1798.8784066489998
12070,24719360,2.351729393005371,,,0.00021716562350349285,1800.2883888509996
12080,24739840,2.05595064163208,,,0.00021703786631090542,1801.62120219
12090,24760320,2.5677976608276367,,,0.00021691005435786983,1803.1199769659997
12100,24780800,2.1334455013275146,2.19552561044693,8.984722279841654,0.00021678218777888513,1805.6688665820002
12110,24801280,2.4006259441375732,,,0.0002166542667085077,1807.1072442099994
12120,24821760,2.265162944793701,,,0.0002165262912813514,1808.5982694939994
12130,24842240,2.101278305053711,,,0.00021639826163208717,1810.3051538439995
12140,24862720,1.9547090530395508,,,0.00021627017789544313,1812.0596979519996
12150,24883200,2.325697898864746,,,0.00021614204020620426,1813.5872328859996
12160,24903680,2.1422877311706543,,,0.00021601384869921223,1814.9514154769995
12170,24924160,2.1292061805725098,,,0.00021588560350936558,1816.199207357
12180,24944640,2.3244805335998535,,,0.00021575730477161904,1817.5719538659996
12190,24965120,2.2063851356506348,,,0.00021562895262098393,1819.055405401
12200,24985600,2.3549599647521973,2.1921730518341063,8.954650907962906,0.0002155005471925277,1821.6227702469996
12210,25006080,2.2892777919769287,,,0.00021537208862137377,1822.91563116
12220,25026560,2.025557041168213,,,0.00021524357704270165,1824.2051607719995
12230,25047040,2.341618299484253,,,0.00021511501259174654,1825.493131886
12240,25067520,2.4875357151031494,,,0.00021498639540379924,1826.8404587670002
12250,25088000,2.2417824268341064,,,0.00021485772561420608,1828.0558022369996
12260,25108480,1.9496335983276367,,,0.0002147290033583688,1829.3056559790002
12270,25128960,2.242032527923584,,,0.00021460022877174432,1830.5666564859994
12280,25149440,2.1368165016174316,,,0.00021447140198984458,1831.9232874869995
12290,25169920,2.102649211883545,,,0.0002143425231482365,1833.4604794050001
12300,25190400,2.1885948181152344,2.1905290365219114,8.939941419380139,0.00021421359238254175,1836.0222554439997
12310,25210880,2.3221209049224854,,,0.00021408460982843663,1837.2653002179995
12320,25231360,2.2170305252075195,,,0.00021395557562165206,1838.545558029
12330,25251840,2.2408361434936523,,,0.00021382648989797315,1840.4067059919998
12340,25272320,2.250814199447632,,,0.00021369735279323928,1841.7035363109999
12350,25292800,2.109978199005127,,,0.00021356816444334392,1843.1818521690002
12360,25313280,2.1852192878723145,,,0.00021343892498423448,1844.8408798310002
12370,25333760,2.6026792526245117,,,0.0002133096345519121,1846.1646381339997
12380,25354240,2.2337465286254883,,,0.00021318029328243159,1847.7734162850002
12390,25374720,2.3261117935180664,,,0.0002130509013119013,1849.0136201899995
12400,25395200,2.1169652938842773,2.1883893430233003,8.920833135073247,0.00021292145877648282,1851.3429059399996
12410,25415680,2.1960501670837402,,,0.00021279196581239113,1852.6518204089998
12420,25436160,2.399893283843994,,,0.00021266242255589405,1853.9110072479998
12430,25456640,2.2393717765808105,,,0.00021253282914331252,1855.6458574520002
12440,25477120,2.4624576568603516,,,0.0002124031857110202,1856.8713623009999
12450,25497600,2.097900390625,,,0.00021227349239544323,1858.2254691910002
12460,25518080,2.2406973838806152,,,0.00021214374933306053,1859.4946953569997
12470,25538560,2.321836471557617,,,0.00021201395666040315,1861.0243063159996
12480,25559040,2.1192421913146973,,,0.00021188411451405443,1862.9433979329997
12490,25579520,2.2216262817382812,,,0.0002117542230306498,1864.3441010939996
12500,25600000,2.1781716346740723,2.1830464720726015,8.87329737665189,0.0002116242823468765,1866.7840003499996
12510,25620480,2.3362743854522705,,,0.00021149429259947368,1869.2272398879995
12520,25640960,2.142458438873291,,,0.00021136425392523196,1870.7657810720002
12530,25661440,2.3943536281585693,,,0.00021123416646099362,1872.2988979089996
12540,25681920,2.2517333030700684,,,0.00021110403034365217,1873.7353037679995
12550,25702400,2.0808427333831787,,,0.00021097384571015237,1875.2026213039999
12560,25722880,2.280463218688965,,,0.00021084361269749002,1876.4482116509998
12570,25743360,2.5390195846557617,,,0.00021071333144271178,1877.8538113519999
12580,25763840,2.129138946533203,,,0.0002105830020829152,1879.0826579839995
12590,25784320,2.463831901550293,,,0.00021045262475524826,1880.292820572
12600,25804800,2.0850369930267334,2.179880881309509,8.845252561062452,0.00021032219959690962,1882.609606565
12610,25825280,2.141427993774414,,,0.00021019172674514812,1883.8676557239996
12620,25845760,2.186537742614746,,,0.00021006120633726292,1885.112998271
12630,25866240,2.347733497619629,,,0.00020993063851060316,1886.298038944
12640,25886720,2.3337085247039795,,,0.0002098000234025678,1887.5610836300002
12650,25907200,1.946811556816101,,,0.0002096693611506057,1888.8184832409997
12660,25927680,2.1107170581817627,,,0.00020953865189221526,1890.2527777739997
12670,25948160,2.3189127445220947,,,0.0002094078957649443,1891.7347468030002
12680,25968640,2.262932300567627,,,0.00020927709290639006,1893.0421230279999
12690,25989120,2.1392877101898193,,,0.00020914624345419886,1894.2392592669994
12700,26009600,2.329833507537842,2.178091365098953,8.829437992651574,0.00020901534754606612,1896.6620438709997
12710,26030080,2.2926409244537354,,,0.00020888440531973614,1898.021678446
12720,26050560,2.0726540088653564,,,0.00020875341691300187,1899.4618133719996
12730,26071040,2.1634156703948975,,,0.00020862238246370504,1901.0195817919994
12740,26091520,2.178530216217041,,,0.00020849130210973566,1902.4675534460002
12750,26112000,2.5147860050201416,,,0.00020836017598903212,1903.7836211120002
12760,26132480,2.29788875579834,,,0.00020822900423958095,1904.9761389899995
12770,26152960,2.1545534133911133,,,0.0002080977869994167,1906.1342910040003
12780,26173440,2.3870201110839844,,,0.00020796652440662183,1907.309992806
12790,26193920,2.1230032444000244,,,0.00020783521659932647,1908.528088438
12800,26214400,1.9884154796600342,2.1778706669807435,8.827489567316558,0.00020770386371570838,1911.0053512590002
12810,26234880,2.2909817695617676,,,0.00020757246589399268,1912.3578928689994
12820,26255360,2.061616897583008,,,0.00020744102327245183,1913.650416159
12830,26275840,2.170926570892334,,,0.00020730953598940548,1915.2789321339997
12840,26296320,2.2477877140045166,,,0.00020717800418322018,1916.593732421
12850,26316800,2.493774890899658,,,0.0002070464279923094,1918.0043836730001
12860,26337280,2.317225456237793,,,0.00020691480755513332,1919.5047765600002
12870,26357760,2.2911453247070312,,,0.00020678314301019862,1921.0654914469997
12880,26378240,2.091020345687866,,,0.0002066514344960585,1922.3786964379997
12890,26398720,2.201681137084961,,,0.00020651968215131225,1923.714473985
12900,26419200,2.5501821041107178,2.1709676861763,8.766763413159218,0.0002063878861146055,1926.2190340319994
12910,26439680,2.256096363067627,,,0.0002062560465246297,1927.6878071479996
12920,26460160,2.1659798622131348,,,0.00020612416352012224,1929.1086025180002
12930,26480640,2.3391003608703613,,,0.00020599223723986605,1930.5259346029998
12940,26501120,1.953770637512207,,,0.00020586026782268976,1931.8440148959999
12950,26521600,2.292501211166382,,,0.00020572825540746738,1933.1256734359995
12960,26542080,2.045238494873047,,,0.000205596200133118,1934.6457364950002
12970,26562560,2.267853260040283,,,0.00020546410213860601,1936.1992941620001
12980,26583040,2.087535858154297,,,0.00020533196156294063,1937.526051379
12990,26603520,2.1478419303894043,,,0.00020519977854517593,1938.957603162
13000,26624000,2.1865477561950684,2.169008493423462,8.749604448162877,0.00020506755322441072,1941.569498156
13010,26644480,2.368004322052002,,,0.00020493528573978814,1944.5197062420002
13020,26664960,2.44818115234375,,,0.00020480297623049588,1946.1711855619997
13030,26685440,2.26605486869812,,,0.0002046706248357657,1947.6316339039995
13040,26705920,2.3130569458007812,,,0.00020453823169487367,1949.0566288889995
13050,26726400,2.0708651542663574,,,0.00020440579694713947,1950.3334892349994
13060,26746880,2.196258544921875,,,0.00020427332073192684,1951.6425226499996
13070,26767360,2.2340266704559326,,,0.00020414080318864304,1953.148091485
13080,26787840,2.309255361557007,,,0.00020400824445673878,1954.485952436
13090,26808320,2.094944715499878,,,0.00020387564467570823,1955.7388922499995
13100,26828800,2.0044736862182617,2.1632177591323853,8.699084229405912,0.00020374300398508864,1958.1822485769999
13110,26849280,2.278027057647705,,,0.0002036103225244604,1959.5479094639995
13120,26869760,2.191385269165039,,,0.00020347760043344673,1960.9329007159995
13130,26890240,2.148324966430664,,,0.00020334483785171368,1962.2663303170002
13140,26910720,1.9397499561309814,,,0.00020321203491896985,1963.5284505539994
13150,26931200,1.9162055253982544,,,0.0002030791917749663,1964.7865028979995
13160,26951680,2.4736711978912354,,,0.0002029463085594964,1966.034205776
13170,26972160,2.451042890548706,,,0.00020281338541239586,1967.3717248029998
13180,26992640,1.9392385482788086,,,0.00020268042247354208,1968.7211898730002
13190,27013120,2.481598377227783,,,0.00020254741988285467,1969.9457724579997
13200,27033600,2.3835651874542236,2.1580963671207427,8.654646697064424,0.0002024143777802947,1972.6471117849997
13210,27054080,2.3356902599334717,,,0.00020228129630586503,1973.9778404439994
13220,27074560,2.09205961227417,,,0.00020214817559960978,1975.306981926
13230,27095040,2.0300378799438477,,,0.00020201501580161446,1976.680316162
13240,27115520,2.2840781211853027,,,0.0002018818170520057,1978.230932636
13250,27136000,2.280838966369629,,,0.00020174857949095107,1979.8906767099998
13260,27156480,2.1750683784484863,,,0.0002016153032586591,1981.3702355039995
13270,27176960,1.9742132425308228,,,0.0002014819884953788,1982.7967746309996
13280,27197440,2.2263810634613037,,,0.0002013486353414,1984.070585687
13290,27217920,2.141940116882324,,,0.00020121524393705274,1985.325150402
13300,27238400,1.9757980108261108,2.1555160999298097,8.632344181740919,0.00020108181442270734,1987.781821484
13310,27258880,2.5729408264160156,,,0.00020094834693877431,1989.266953208
13320,27279360,2.162733554840088,,,0.00020081484162570392,1990.7417519619994
13330,27299840,2.3217968940734863,,,0.0002006812986239865,1992.1345684879998
13340,27320320,2.6729326248168945,,,0.0002005477180741519,1993.8861740889997
13350,27340800,2.2004308700561523,,,0.00020041410011676947,1995.2949701480002
13360,27361280,2.1166934967041016,,,0.000200280444892448,1996.5852868729999
13370,27381760,2.051114320755005,,,0.0002001467525418354,1997.8470179799997
13380,27402240,2.110168933868408,,,0.00020001302320561874,1999.188300162
13390,27422720,2.1343588829040527,,,0.00019987925702452395,2000.4501566479994
13400,27443200,2.1452925205230713,2.151519238948822,8.59791076074406,0.00019974545413931579,2003.0801969129998
13410,27463680,2.1633098125457764,,,0.0001996116146907976,2004.3375791170001
13420,27484160,2.219104766845703,,,0.00019947773881981117,2006.0323148749994
13430,27504640,2.1806352138519287,,,0.00019934382666723674,2007.244825369
13440,27525120,2.5785293579101562,,,0.00019920987837399257,2008.4941132039994
13450,27545600,2.118562936782837,,,0.000199075894081035,2009.776592403
13460,27566080,2.5384926795959473,,,0.00019894187392935838,2011.1124911779998
13470,27586560,2.201932907104492,,,0.00019880781805999465,2012.6573311149996
13480,27607040,2.065187931060791,,,0.00019867372661401333,2014.0112709349996
13490,27627520,2.3741321563720703,,,0.00019853959973252148,2015.4381456269994
13500,27648000,2.5355725288391113,2.148184484243393,8.569286591196319,0.0001984054375566634,2018.128131329
13510,27668480,2.1822237968444824,,,0.00019827124022762054,2020.9182822029998
13520,27688960,2.298336982727051,,,0.0001981370078866113,2022.3394796009998
13530,27709440,2.223358154296875,,,0.00019800274067489096,2023.9029076030001
13540,27729920,2.571646213531494,,,0.00019786843873375153,2025.5095806580002
13550,27750400,2.1175003051757812,,,0.00019773410220452146,2026.9351380560001
13560,27770880,2.1825671195983887,,,0.00019759973122856572,2028.2980320779998
13570,27791360,1.8935432434082031,,,0.00019746532594728546,2029.5589872350001
13580,27811840,2.0449905395507812,,,0.00019733088650211795,2030.8330965329997
13590,27832320,2.2304906845092773,,,0.00019719641303453638,2032.2105978150003
13600,27852800,2.2563226222991943,2.1462803423404693,8.552984978737017,0.0001970619056860498,2034.6906588709999
13610,27873280,2.009734630584717,,,0.00019692736459820282,2036.14538353
13620,27893760,2.3638205528259277,,,0.00019679278991257567,2037.564101371
13630,27914240,2.197922706604004,,,0.0001966581817707839,2038.783863996
13640,27934720,2.2018120288848877,,,0.0001965235403144782,2040.053276873
13650,27955200,2.217644214630127,,,0.0001963888656853444,2041.2671221479995
13660,27975680,2.2443220615386963,,,0.00019625415802510316,2042.6315452709996
13670,27996160,2.2518701553344727,,,0.00019611941747550997,2044.1162469720002
13680,28016640,2.207174062728882,,,0.00019598464417835493,2045.5766747489997
13690,28037120,2.0217621326446533,,,0.00019584983827546256,2047.090667806
13700,28057600,2.113081932067871,2.136980468034744,8.473812013431782,0.00019571499990869164,2049.941950183
13710,28078080,1.9817143678665161,,,0.00019558012921993528,2051.2935850149997
13720,28098560,2.132899761199951,,,0.00019544522635112042,2052.8398874489994
13730,28119040,2.190110206604004,,,0.000195310291444208,2054.458815938
13740,28139520,2.198882579803467,,,0.0001951753246411926,2056.1566312719997
13750,28160000,2.1402111053466797,,,0.0001950403260841024,2057.6771511899997
13760,28180480,2.108543872833252,,,0.00019490529591499896,2059.037266026
13770,28200960,2.0226242542266846,,,0.00019477023427597712,2060.82899043
13780,28221440,2.4252028465270996,,,0.00019463514130916486,2062.33804024
13790,28241920,2.2104883193969727,,,0.00019450001715672308,2064.19122996
13800,28262400,1.8949227333068848,2.133790743350983,8.44682594802691,0.00019436486196084554,2066.75368421
13810,28282880,2.3072011470794678,,,0.00019422967586375865,2068.1648409259997
13820,28303360,2.161846160888672,,,0.0001940944590077214,2069.55088263
13830,28323840,2.668323516845703,,,0.000193959211535025,2071.1160329289996
13840,28344320,2.149787425994873,,,0.000193823933587993,2072.5304421029996
13850,28364800,1.9198369979858398,,,0.00019368862530898102,2073.814056739
13860,28385280,2.721950054168701,,,0.0001935532868403765,2075.054830176
13870,28405760,2.2420077323913574,,,0.0001934179183245988,2076.293394401
13880,28426240,2.416541337966919,,,0.00019328251990409875,2077.690987991
13890,28446720,2.0506367683410645,,,0.00019314709172135874,2079.429835958
13900,28467200,2.1674437522888184,2.129537731409073,8.410977781773752,0.00019301163391889243,2081.82305405
13910,28487680,2.151963949203491,,,0.0001928761466392447,2083.125003573
13920,28508160,2.181467056274414,,,0.00019274063002499138,2084.510908352
13930,28528640,2.0479142665863037,,,0.00019260508421873929,2085.9206277859994
13940,28549120,2.375929117202759,,,0.0001924695093631258,2087.3295176739994
13950,28569600,2.463524341583252,,,0.00019233390560081901,2088.560107341
13960,28590080,2.2975926399230957,,,0.00019219827307451732,2089.936449961
13970,28610560,2.497375011444092,,,0.0001920626119269495,2091.2435423139996
13980,28631040,2.1494781970977783,,,0.00019192692230087432,2092.5012506020003
13990,28651520,2.6067116260528564,,,0.00019179120433908064,2093.9739339199996
14000,28672000,2.0936050415039062,2.1318831384181975,8.43072810023062,0.00019165545818438702,2096.144427622
14010,28692480,2.1678433418273926,,,0.00019151968397964183,2098.8288175039997
14020,28712960,2.0605838298797607,,,0.00019138388186772283,2100.6874582359997
14030,28733440,2.3423523902893066,,,0.0001912480519915372,2102.0678513639996
14040,28753920,2.327903985977173,,,0.00019111219449402138,2103.562742665
14050,28774400,2.171811103820801,,,0.00019097630951814075,2104.8866468669994
14060,28794880,1.9937491416931152,,,0.00019084039720688973,2106.5425941249996
14070,28815360,2.19205641746521,,,0.00019070445770329146,2108.0313288549996
14080,28835840,2.300847291946411,,,0.00019056849115039768,2109.5839909469996
14090,28856320,2.132659435272217,,,0.00019043249769128864,2110.969479638
14100,28876800,2.3299448490142822,2.1256925642490385,8.378698266062253,0.0001902964774690728,2113.454616481
14110,28897280,2.2377312183380127,,,0.00019016043062688697,2114.7411202449994
14120,28917760,2.1585330963134766,,,0.00019002435730789576,2116.1585730340003
14130,28938240,2.347092628479004,,,0.0001898882576552918,2117.3858530669995
14140,28958720,2.120070219039917,,,0.00018975213181229533,2118.706828829
14150,28979200,2.260751724243164,,,0.00018961597992215424,2120.235996679
14160,28999680,2.2707407474517822,,,0.0001894798021281438,2121.6374204919994
14170,29020160,2.2734375,,,0.00018934359857356647,2123.0406476439994
14180,29040640,2.213094472885132,,,0.00018920736940175186,2124.5691285269995
14190,29061120,2.274358034133911,,,0.0001890711147560566,2126.0193405649998
14200,29081600,2.2221293449401855,2.1185985267162324,8.319469798962054,0.00018893483477986405,2128.8377745829994
14210,29102080,2.2992396354675293,,,0.0001887985296165843,2130.081505049
14220,29122560,2.2050726413726807,,,0.0001886621994096538,2131.546602712
14230,29143040,2.5292930603027344,,,0.0001885258443025355,2132.871448436
14240,29163520,1.9825520515441895,,,0.00018838946443871854,2134.4169739279996
14250,29184000,2.519986152648926,,,0.00018825305996171803,2136.054729706
14260,29204480,2.1835381984710693,,,0.00018811663101507504,2137.3983234139996
14270,29224960,2.2847676277160645,,,0.00018798017774235637,2138.625655856
14280,29245440,1.995145559310913,,,0.00018784370028715445,2139.961148583
14290,29265920,2.1482393741607666,,,0.00018770719879308706,2141.2318655419995
14300,29286400,2.072140693664551,2.121214121580124,8.341258644412578,0.00018757067340379743,2143.2033478539997
14310,29306880,2.5255327224731445,,,0.00018743412426295384,2144.4291451519994
14320,29327360,2.048863410949707,,,0.00018729755151424953,2145.6776364449997
14330,29347840,2.174755573272705,,,0.00018716095530140272,2147.189429414
14340,29368320,1.9172053337097168,,,0.0001870243357681561,2148.4795093539997
14350,29388800,2.6343324184417725,,,0.00018688769305827716,2149.846207214
14360,29409280,1.9680083990097046,,,0.00018675102731555759,2151.1042668029995
14370,29429760,2.188243865966797,,,0.00018661433868381337,2152.4237210579995
14380,29450240,2.1185050010681152,,,0.00018647762730688468,2153.933240548
14390,29470720,2.393615245819092,,,0.00018634089332863538,2155.3393792529996
14400,29491200,2.1797144412994385,2.1229405105113983,8.355671338387207,0.0001862041368929534,2157.664398782
14410,29511680,2.4086971282958984,,,0.0001860673581437501,2159.318723317
14420,29532160,2.150143623352051,,,0.00018593055722496038,2160.853429772
14430,29552640,1.9876716136932373,,,0.00018579373428054253,2162.3114392899997
14440,29573120,2.2419521808624268,,,0.00018565688945447792,2163.6543184309994
14450,29593600,2.05621337890625,,,0.00018552002289077106,2165.054149785
14460,29614080,2.3067374229431152,,,0.00018538313473344915,2166.3197790019994
14470,29634560,2.4314498901367188,,,0.00018524622512656235,2167.554271821
14480,29655040,2.093374252319336,,,0.00018510929421418321,2168.8517000419997
14490,29675520,2.19962739944458,,,0.0001849723421404068,2170.1898874179997
14500,29696000,2.2461869716644287,2.1150033354759215,8.28961341587906,0.0001848353690493504,2172.6013702809996
14510,29716480,2.0067505836486816,,,0.00018469837508515343,2174.95319113
14520,29736960,2.0104355812072754,,,0.00018456136039197727,2176.413292763
14530,29757440,2.0905537605285645,,,0.00018442432511400514,2177.6819403689997
14540,29777920,1.9528698921203613,,,0.0001842872693954419,2179.030663556
14550,29798400,2.082186222076416,,,0.00018415019338051392,2180.376218296
14560,29818880,2.2168893814086914,,,0.00018401309721346887,2181.5956160079995
14570,29839360,2.193854808807373,,,0.00018387598103857572,2182.878926927
14580,29859840,2.4590463638305664,,,0.00018373884500012453,2184.283774499
14590,29880320,2.2684240341186523,,,0.0001836016892424261,2185.77080115
14600,29900800,2.1634278297424316,2.115476655960083,8.293537988431595,0.00018346451390981213,2187.9438790309996
14610,29921280,2.2375450134277344,,,0.00018332731914663482,2189.256465962
14620,29941760,2.205814838409424,,,0.00018319010509726692,2190.5577614639997
14630,29962240,2.246013641357422,,,0.0001830528719061013,2191.795672944
14640,29982720,2.182321071624756,,,0.00018291561971755122,2193.160559909
14650,30003200,2.3773927688598633,,,0.00018277834867604973,2194.3098236719998
14660,30023680,2.1658735275268555,,,0.0001826410589260498,2195.4516764579994
14670,30044160,2.1490578651428223,,,0.00018250375061202407,2196.599811323
14680,30064640,2.171513557434082,,,0.0001823664238784647,2198.211923318
14690,30085120,2.360128402709961,,,0.00018222907886988331,2199.528633184
14700,30105600,1.8079838752746582,2.1046525180339812,8.20425168472739,0.0001820917157308107,2202.0040030849996
14710,30126080,2.381702423095703,,,0.00018195433460579664,2203.219830088
14720,30146560,2.1358909606933594,,,0.00018181693563941006,2204.5300720549994
14730,30167040,2.2382702827453613,,,0.00018167951897623844,2205.7941920639996
14740,30187520,2.133040189743042,,,0.00018154208476088806,2207.013719343
14750,30208000,2.1185154914855957,,,0.00018140463313798353,2208.392475046
14760,30228480,2.2537903785705566,,,0.00018126716425216784,2209.645555127
14770,30248960,2.116643190383911,,,0.0001811296782481022,2210.911867498
14780,30269440,2.0718417167663574,,,0.0001809921752704657,2212.1240161609994
14790,30289920,1.919111967086792,,,0.0001808546554639554,2213.521245035
14800,30310400,2.0159592628479004,2.1005254983901978,8.17046234944634,0.00018071711897328603,2216.0432909789997
14810,30330880,1.9944183826446533,,,0.00018057956594318996,2217.283887257
14820,30351360,2.0600833892822266,,,0.00018044199651841682,2218.638666547
14830,30371840,2.0687460899353027,,,0.00018030441084373357,2219.954825293
14840,30392320,2.2105417251586914,,,0.00018016680906392428,2221.1739152359996
14850,30412800,2.141295909881592,,,0.0001800291913237899,2222.469679658
14860,30433280,2.193058967590332,,,0.0001798915577681483,2223.880006972
14870,30453760,1.8674947023391724,,,0.00017975390854183386,2225.1382441959995
14880,30474240,1.9803471565246582,,,0.00017961624378969759,2226.565871854
14890,30494720,2.274937152862549,,,0.00017947856365660666,2227.9162740229995
14900,30515200,2.1104300022125244,2.1023980379104614,8.185776196511714,0.00017934086828744458,2229.948883643
14910,30535680,2.243010997772217,,,0.00017920315782711077,2231.111439139
14920,30556160,2.183898687362671,,,0.00017906543242052076,2232.3718125489995
14930,30576640,2.210165023803711,,,0.00017892769221260544,2233.648456928
14940,30597120,2.229534149169922,,,0.00017878993734831165,2235.1223903399996
14950,30617600,1.89738130569458,,,0.00017865216797260136,2236.4694771289996
14960,30638080,2.332329273223877,,,0.00017851438423045204,2237.9600597769995
14970,30658560,1.9429155588150024,,,0.00017837658626685608,2239.434916321
14980,30679040,2.1983232498168945,,,0.00017823877422682097,2240.830768836
14990,30699520,2.2421982288360596,,,0.000178100948255369,2242.7672292139996
15000,30720000,2.394381046295166,2.10139976143837,8.177608606163856,0.00017796310849753705,2244.95370326
15010,30740480,1.950469732284546,,,0.00017782525509837653,2247.593814563
15020,30760960,2.1710870265960693,,,0.00017768738820295328,2248.819932396
15030,30781440,2.049767255783081,,,0.00017754950795634725,2250.096858074
15040,30801920,2.1255006790161133,,,0.00017741161450365257,2251.3765421869994
15050,30822400,2.0717716217041016,,,0.000177273707989977,2252.984333513
15060,30842880,2.040170431137085,,,0.0001771357885604424,2254.437971134
15070,30863360,1.9528167247772217,,,0.0001769978563601839,2255.8385654489994
15080,30883840,2.34883975982666,,,0.0001768599115343503,2257.232643331
15090,30904320,2.094958782196045,,,0.00017672195422810356,2258.477007898
15100,30924800,2.145371437072754,2.0960311591625214,8.133823914450677,0.00017658398458661876,2261.009077785
15110,30945280,2.000408172607422,,,0.0001764460027550841,2262.265956921
15120,30965760,2.1652297973632812,,,0.00017630800887870048,2263.5565009479997
15130,30986240,2.0142712593078613,,,0.00017617000310268148,2264.748724454
15140,31006720,2.251798629760742,,,0.00017603198557225325,2265.9622027859996
15150,31027200,1.94553804397583,,,0.0001758939564326543,2267.2259460369996
15160,31047680,2.3249776363372803,,,0.0001757559158291354,2268.465585139
15170,31068160,2.060441255569458,,,0.00017561786390695922,2269.632602535
15180,31088640,2.4246461391448975,,,0.0001754798008114006,2271.167890558
15190,31109120,2.2394914627075195,,,0.00017534172668774584,2272.3854028199994
15200,31129600,2.0783393383026123,2.0977180659770966,8.147556496977527,0.00017520364168129309,2274.2424209869996
15210,31150080,2.4357476234436035,,,0.00017506554593735182,2275.725039008
15220,31170560,2.116393804550171,,,0.00017492743960124287,2277.0017880899995
15230,31191040,2.139512777328491,,,0.00017478932281829817,2278.346807635
15240,31211520,1.9366254806518555,,,0.0001746511957338607,2279.7996804819995
15250,31232000,2.449122905731201,,,0.00017451305849328422,2281.414725326
15260,31252480,2.296050548553467,,,0.00017437491124193324,2283.306634585
15270,31272960,2.159363269805908,,,0.00017423675412518274,2284.8280915719997
15280,31293440,2.369133472442627,,,0.00017409858728841812,2286.1281173379994
15290,31313920,2.111131191253662,,,0.000173960410877035,2287.5867857989997
15300,31334400,2.294264316558838,2.088362616300583,8.071687888022366,0.0001738222250364391,2289.9872079179995
15310,31354880,2.0729098320007324,,,0.00017368402991204597,2291.193052847
15320,31375360,2.198791980743408,,,0.00017354582564928106,2292.5796084209996
15330,31395840,2.1729116439819336,,,0.00017340761239357938,2294.0593791399997
15340,31416320,2.1472604274749756,,,0.0001732693902903854,2295.478380169
15350,31436800,2.3261284828186035,,,0.00017313115948515287,2296.9592225750002
15360,31457280,2.3803043365478516,,,0.00017299292012334472,2298.536390448
15370,31477760,2.1889572143554688,,,0.0001728546723504329,2300.1569010989997
15380,31498240,2.139972686767578,,,0.00017271641631189824,2301.3842337779997
15390,31518720,2.069286346435547,,,0.00017257815215323017,2302.639757209
15400,31539200,1.970398187637329,2.089081645011902,8.077493750403395,0.00017243988001992678,2305.352039605
15410,31559680,1.948326587677002,,,0.00017230160005749445,2306.986373338
15420,31580160,2.268226385116577,,,0.0001721633124114479,2308.19001251
15430,31600640,2.006366729736328,,,0.0001720250172273098,2309.3435191179997
15440,31621120,2.126054048538208,,,0.0001718867146506109,2310.6752492240003
15450,31641600,1.8614522218704224,,,0.00017174840482688964,2312.3839442849994
15460,31662080,2.076953649520874,,,0.0001716100879016921,2313.7396865639994
15470,31682560,2.0578255653381348,,,0.00017147176402057188,2315.44766894
15480,31703040,1.9528502225875854,,,0.00017133343332908984,2316.7172425950002
15490,31723520,2.043088436126709,,,0.000171195095972814,2317.914048455
15500,31744000,2.0295214653015137,2.082163393497467,8.021804475354992,0.0001710567520973195,2320.366434171
15510,31764480,1.930769920349121,,,0.00017091840184818818,2322.746928976
15520,31784960,2.087775707244873,,,0.0001707800453710087,2324.2116998330002
15530,31805440,2.107110023498535,,,0.00017064168281137626,2325.5738871779995
15540,31825920,2.1193509101867676,,,0.00017050331431489238,2327.0988232600002
15550,31846400,1.9017971754074097,,,0.000170364940027165,2328.4094966269995
15560,31866880,2.227067232131958,,,0.00017022656009380794,2330.0413604719997
15570,31887360,2.261253833770752,,,0.00017008817466044115,2331.439038407
15580,31907840,2.075974941253662,,,0.00016994978387269025,2333.0281817269997
15590,31928320,2.196660041809082,,,0.00016981138787618648,2334.5869895449996
15600,31948800,2.0679614543914795,2.0846561193466187,8.041825577920434,0.0001696729868165667,2337.363763452
15610,31969280,2.155841588973999,,,0.00016953458083947295,2338.955212408
15620,31989760,1.82521653175354,,,0.00016939617009055253,2340.242895548
15630,32010240,2.0316367149353027,,,0.0001692577547154577,2341.5773395689994
15640,32030720,2.276381492614746,,,0.00016911933485984568,2343.0481508599996
15650,32051200,2.445953130722046,,,0.00016898091066937826,2344.5445010659996
15660,32071680,1.864048719406128,,,0.00016884248228972193,2346.4705270659997
15670,32092160,2.009197235107422,,,0.00016870404986654762,2347.8792025759994
15680,32112640,2.3922643661499023,,,0.00016856561354553027,2349.218798326
15690,32133120,2.020864486694336,,,0.00016842717347234924,2350.5726282289997
15700,32153600,2.3375051021575928,2.0789160251617433,7.99579697233222,0.00016828872979268757,2352.982984155
15710,32174080,2.137660264968872,,,0.00016815028265223223,2354.22250677
15720,32194560,2.176427125930786,,,0.0001680118321966739,2355.5529666929997
15730,32215040,2.1655449867248535,,,0.00016787337857170653,2356.973512146
15740,32235520,2.2078254222869873,,,0.00016773492192302764,2358.565610388
15750,32256000,2.2322163581848145,,,0.00016759646239633774,2360.091649737
15760,32276480,2.160865306854248,,,0.00016745800013734052,2361.7668263799997
15770,32296960,1.9956715106964111,,,0.00016731953529174247,2363.176937987
15780,32317440,2.2621335983276367,,,0.00016718106800525274,2364.5263240120003
15790,32337920,2.3929271697998047,,,0.0001670425984235832,2365.9618124529998
15800,32358400,2.0291104316711426,2.0766745030879976,7.977894289047314,0.00016690412669244804,2368.4878129439994
15810,32378880,2.150953531265259,,,0.00016676565295756373,2369.9587970109997
15820,32399360,2.3356833457946777,,,0.0001666271773646488,2371.3332958889996
15830,32419840,2.397528648376465,,,0.00016648870005942382,2372.8512265499994
15840,32440320,1.9214930534362793,,,0.00016635022118761115,2374.370400551
15850,32460800,2.421555995941162,,,0.00016621174089493472,2375.950109468
15860,32481280,2.502516984939575,,,0.00016607325932712003,2377.524762733
15870,32501760,2.166887044906616,,,0.00016593477662989387,2378.8327750749995
15880,32522240,2.0250256061553955,,,0.00016579629294898428,2380.153321152
15890,32542720,1.8920398950576782,,,0.00016565780843012034,2381.3534536959996
15900,32563200,2.224780797958374,2.076670211553574,7.977860051712808,0.00016551932321903187,2384.1460376719997
15910,32583680,2.084120750427246,,,0.00016538083746144965,2385.5658895799997
15920,32604160,2.041879177093506,,,0.00016524235130310479,2386.877946378
15930,32624640,2.0056216716766357,,,0.000165103864889729,2388.108753757
15940,32645120,2.177624464035034,,,0.0001649653783670542,2389.4210221329995
15950,32665600,2.2735841274261475,,,0.0001648268918808124,2390.7404410459994
15960,32686080,1.804257869720459,,,0.00016468840557673563,2391.9278945449996
15970,32706560,2.024829387664795,,,0.00016454991960055564,2393.2280210159997
15980,32727040,2.1300909519195557,,,0.00016441143409800393,2394.465391715
15990,32747520,2.1268341541290283,,,0.00016427294921481146,2396.072846239
16000,32768000,2.1386489868164062,2.075882875919342,7.971581270287708,0.00016413446509670846,2398.3813689629997
16010,32788480,2.3789074420928955,,,0.00016399598188942456,2400.669422881
16020,32808960,1.9439916610717773,,,0.0001638574997386882,2402.07620444
16030,32829440,2.1976280212402344,,,0.0001637190187902269,2403.4470367719996
16040,32849920,2.0677828788757324,,,0.00016358053918976673,2404.6870392129995
16050,32870400,2.0508856773376465,,,0.0001634420610830325,2405.958860048
16060,32890880,2.1314239501953125,,,0.0001633035846157474,2407.243193137
16070,32911360,2.1604795455932617,,,0.0001631651099336328,2408.502203807
16080,32931840,2.1209726333618164,,,0.00016302663718240838,2409.6892987909996
16090,32952320,2.0629615783691406,,,0.0001628881665077916,2411.1399223359995
16100,32972800,2.3030991554260254,2.0712753236293793,7.934936279436589,0.00016274969805549783,2413.5094475569995
16110,32993280,2.220792770385742,,,0.00016261123197124013,2415.271069736
16120,33013760,1.9133579730987549,,,0.00016247276840072896,2416.8233515289994
16130,33034240,2.0245914459228516,,,0.0001623343074896723,2418.320746671
16140,33054720,2.1607396602630615,,,0.0001621958493837751,2419.6156625389995
16150,33075200,2.033097982406616,,,0.00016205739422873964,2420.989588185
16160,33095680,2.1088860034942627,,,0.00016191894217026478,2422.381478945
16170,33116160,1.943817138671875,,,0.0001617804933540464,2423.6513009089995
16180,33136640,1.9757806062698364,,,0.00016164204792577685,2424.9112761730003
16190,33157120,1.8378186225891113,,,0.00016150360603114483,2426.213451134
16200,33177600,2.0049288272857666,2.0668659269809724,7.9000250233528035,0.0001613651678158355,2428.5543512169997
16210,33198080,1.819319248199463,,,0.00016122673342553002,2430.2426854269997
16220,33218560,2.0001208782196045,,,0.00016108830300590556,2431.948898928
16230,33239040,2.0089447498321533,,,0.00016094987670263515,2433.700651626
16240,33259520,2.2644383907318115,,,0.0001608114546613874,2435.322546712
16250,33280000,2.1079282760620117,,,0.00016067303702782654,2436.8688834449995
16260,33300480,1.9008405208587646,,,0.00016053462394761207,2438.413722507
16270,33320960,2.0070042610168457,,,0.00016039621556639873,2440.0780802869995
16280,33341440,2.2448689937591553,,,0.00016025781202983638,2441.571865666
16290,33361920,2.353271484375,,,0.0001601194134835697,2442.8342110109998
16300,33382400,2.1405532360076904,2.0625844478607176,7.866273535868671,0.00015998102007323811,2445.1614853359997
16310,33402880,2.033463478088379,,,0.0001598426319444757,2446.3591674239997
16320,33423360,2.4537363052368164,,,0.00015970424924291086,2447.571777245
16330,33443840,2.1741456985473633,,,0.00015956587211416655,2448.770930857
16340,33464320,1.8695884943008423,,,0.00015942750070385955,2450.220479335
16350,33484800,2.157977342605591,,,0.0001592891351576008,2451.4894955499994
16360,33505280,2.118879556655884,,,0.00015915077562099505,2452.832860929
16370,33525760,2.012547016143799,,,0.00015901242223964067,2454.0905431209994
16380,33546240,2.02842378616333,,,0.00015887407515912955,2455.32474877
16390,33566720,1.8646888732910156,,,0.00015873573452504709,2456.6897833679996
16400,33587200,2.0221941471099854,2.0601855158805846,7.847425497339205,0.0001585974004829717,2459.1190549089997
16410,33607680,2.374502420425415,,,0.000158459073178475,2460.463492856
16420,33628160,1.9166324138641357,,,0.0001583207527571215,2461.975293235
16430,33648640,2.2248711585998535,,,0.00015818243936446835,2463.578443005
16440,33669120,1.841106653213501,,,0.00015804413314606547,2465.201149237
16450,33689600,2.0002284049987793,,,0.0001579058342474552,2466.74875684
16460,33710080,1.8784737586975098,,,0.000157767542814172,2468.2352500199995
16470,33730560,2.1378746032714844,,,0.00015762925899174274,2469.6500741579994
16480,33751040,1.9727784395217896,,,0.00015749098292568603,2471.3344388569994
16490,33771520,2.059751510620117,,,0.00015735271476151254,2472.7930424489996
16500,33792000,2.1314268112182617,2.0608081340789797,7.852312968620793,0.00015721445464472443,2474.903472346
16510,33812480,2.0905847549438477,,,0.00015707620272081553,2477.4329769859996
16520,33832960,1.929339051246643,,,0.00015693795913527102,2478.633567289
16530,33853440,2.1149470806121826,,,0.0001567997240335672,2479.970681273
16540,33873920,2.2243857383728027,,,0.00015666149756117165,2481.4412736059994
16550,33894400,2.2451648712158203,,,0.00015652327986354268,2482.807416507
16560,33914880,2.1144907474517822,,,0.0001563850710861294,2484.0800827619996
16570,33935360,2.0532209873199463,,,0.00015624687137437163,2485.359973025
16580,33955840,1.8976202011108398,,,0.00015610868087369953,2486.7447577989997
16590,33976320,2.4598307609558105,,,0.0001559704997295337,2488.012499464
16600,33996800,2.0274057388305664,2.056487727165222,7.818460961262037,0.00015583232808728475,2490.8957034200002
16610,34017280,2.027085542678833,,,0.00015569416609235336,2492.1477714439998
16620,34037760,2.260525703430176,,,0.0001555560138901301,2493.4022771049995
16630,34058240,2.091071605682373,,,0.00015541787162599513,2494.7440132760003
16640,34078720,2.1714987754821777,,,0.00015527973944531826,2496.020613709
16650,34099200,2.439079761505127,,,0.00015514161749345865,2497.481776578
16660,34119680,1.7729482650756836,,,0.00015500350591576468,2498.9557290719995
16670,34140160,2.253488540649414,,,0.00015486540485757375,2500.2725621379996
16680,34160640,1.8761663436889648,,,0.00015472731446421236,2501.5627978209995
16690,34181120,2.243056535720825,,,0.00015458923488099565,2502.7872876809997
16700,34201600,2.205634593963623,2.052466017007828,7.787080521212177,0.0001544511662532274,2505.0768193989998
16710,34222080,2.0472400188446045,,,0.00015431310872619992,2506.587458672
16720,34242560,2.3203752040863037,,,0.00015417506244519378,2508.113550889
16730,34263040,2.226897716522217,,,0.00015403702755547772,2509.773765862
16740,34283520,2.0569279193878174,,,0.0001538990042023086,2511.307910599
16750,34304000,2.1506733894348145,,,0.0001537609925309309,2512.8986122779997
16760,34324480,2.394953966140747,,,0.0001536229926865771,2514.5232816870002
16770,34344960,2.219521999359131,,,0.00015348500481446702,2515.9108800559998
16780,34365440,2.2704176902770996,,,0.00015334702905980797,2517.3231905410003
16790,34385920,2.1195483207702637,,,0.0001532090655677945,2518.686632555
16800,34406400,2.0112814903259277,2.052155339717865,7.784661627906187,0.00015307111448360823,2521.0570403109996
16810,34426880,1.788358449935913,,,0.0001529331759524178,2522.3973514159998
16820,34447360,2.164479970932007,,,0.00015279525011937847,2523.746874724
16830,34467840,2.3371987342834473,,,0.00015265733712963237,2525.189183691
16840,34488320,2.0342090129852295,,,0.00015251943712830786,2526.3798703619996
16850,34508800,2.0509867668151855,,,0.00015238155026051986,2527.6224842760003
16860,34529280,1.8529410362243652,,,0.0001522436766713694,2528.9976025219994
16870,34549760,2.2356722354888916,,,0.0001521058165059434,2530.2778839679995
16880,34570240,2.02559232711792,,,0.00015196796990931487,2531.4814579100002
16890,34590720,1.9903124570846558,,,0.00015183013702654236,2532.76631989
16900,34611200,2.290630340576172,2.0520816683769225,7.784088142570253,0.0001516923180026701,2535.142540721
16910,34631680,2.1644272804260254,,,0.00015155451298272775,2536.663734064
16920,34652160,1.7894245386123657,,,0.0001514167221117301,2538.255310963
16930,34672640,1.9241845607757568,,,0.00015127894553467716,2539.533247851
16940,34693120,1.9813458919525146,,,0.0001511411833965539,2540.686143252
16950,34713600,2.461531639099121,,,0.00015100343584233,2541.8577382469994
16960,34734080,2.288997173309326,,,0.00015086570301696,2543.297617747
16970,34754560,2.041297435760498,,,0.00015072798506538264,2544.868645191
16980,34775040,2.153815269470215,,,0.00015059028213252132,2546.77294557
16990,34795520,2.020108461380005,,,0.00015045259436328334,2548.1655395850003
17000,34816000,2.4661738872528076,2.0505009412765505,7.771793343412801,0.00015031492190256028,2550.653831154
17010,34836480,1.973559856414795,,,0.00015017726489522756,2552.9845368959996
17020,34856960,2.0484018325805664,,,0.0001500396234861442,2554.3224641279994
17030,34877440,2.1619815826416016,,,0.00014990199782015297,2555.6248702839994
17040,34897920,2.191615581512451,,,0.00014976438804207995,2556.9938958759994
17050,34918400,1.9961419105529785,,,0.00014962679429673462,2558.382872034
17060,34938880,2.102264881134033,,,0.00014948921672890947,2559.674244725
17070,34959360,2.190979242324829,,,0.00014935165548338004,2561.093197184
17080,34979840,2.0152981281280518,,,0.00014921411070490471,2562.7001383529996
17090,35000320,2.035637378692627,,,0.00014907658253822447,2564.4102267279995
17100,35020800,2.1304569244384766,2.047028249502182,7.7448511087114715,0.00014893907112806284,2567.3684610929995
17110,35041280,1.9201875925064087,,,0.00014880157661912574,2569.0201231949995
17120,35061760,2.0404603481292725,,,0.00014866409915610128,2570.434254834
17130,35082240,2.2575345039367676,,,0.0001485266388836597,2571.8410138539994
17140,35102720,2.0528364181518555,,,0.00014838919594645298,2573.049823266
17150,35123200,2.106741428375244,,,0.00014825177048911507,2574.5031248119994
17160,35143680,2.1021342277526855,,,0.00014811436265626133,2575.7357088869994
17170,35164160,2.2805609703063965,,,0.00014797697259248877,2576.981216469
17180,35184640,2.0718393325805664,,,0.0001478396004423755,2578.246134967
17190,35205120,2.108706474304199,,,0.00014770224635048088,2579.593397032
17200,35225600,2.015160083770752,2.045617628097534,7.733933757896408,0.0001475649104613454,2582.062070017
17210,35246080,1.9754531383514404,,,0.0001474275929194901,2583.3151712029994
17220,35266560,1.9072105884552002,,,0.00014729029386941698,2584.5915381509994
17230,35287040,2.448101282119751,,,0.0001471530134556084,2585.8060526299996
17240,35307520,2.270688533782959,,,0.0001470157518225272,2587.1496316739995
17250,35328000,2.109720468521118,,,0.0001468785091146165,2588.429517286
17260,35348480,2.2209296226501465,,,0.00014674128547629935,2590.375183506
17270,35368960,2.0409116744995117,,,0.0001466040810519789,2591.535244425
17280,35389440,2.1371145248413086,,,0.00014646689598603793,2593.088574738
17290,35409920,2.209287643432617,,,0.00014632973042283897,2594.2837630599997
17300,35430400,1.876545786857605,2.0430310726165772,7.713955357903971,0.000146192584506724,2597.160623914
17310,35450880,2.250072956085205,,,0.00014605545838201428,2598.602618676
17320,35471360,2.0112576484680176,,,0.00014591835219301028,2599.93036802
17330,35491840,2.070019245147705,,,0.00014578126608399148,2601.3665518219996
17340,35512320,1.9142743349075317,,,0.00014564420019921623,2602.801100093
17350,35532800,2.2679569721221924,,,0.00014550715468292157,2604.3962347469997
17360,35553280,2.0514543056488037,,,0.00014537012967932316,2605.8236184019997
17370,35573760,2.2821381092071533,,,0.0001452331253326151,2607.3491568359996
17380,35594240,1.701258897781372,,,0.00014509614178696958,2608.5280698179995
17390,35614720,2.338494300842285,,,0.00014495917918653714,2609.8105294790003
17400,35635200,2.051609516143799,2.0398662209510805,7.68958042531047,0.00014482223767544607,2612.163529263
17410,35655680,2.072575330734253,,,0.0001446853173978026,2613.381653124
17420,35676160,2.0279390811920166,,,0.0001445484184976906,2614.6033530269997
17430,35696640,2.0040931701660156,,,0.00014441154111917136,2615.8541811609994
17440,35717120,2.1143054962158203,,,0.00014427468540628363,2617.2654787809997
17450,35737600,2.2539572715759277,,,0.00014413785150304325,2618.777862316
17460,35758080,2.3240585327148438,,,0.00014400103955344322,2620.257342881
17470,35778560,2.0642762184143066,,,0.00014386424970145342,2621.658395464
17480,35799040,2.097334384918213,,,0.00014372748209102036,2623.338689604
17490,35819520,2.1006596088409424,,,0.0001435907368660673,2624.9855929549994
17500,35840000,1.9284849166870117,2.039985382556915,7.690496782658367,0.0001434540141704938,2626.9741517149996
17510,35860480,1.7483117580413818,,,0.00014331731414817585,2629.3834725839997
17520,35880960,2.108459234237671,,,0.00014318063694296543,2630.7190137059997
17530,35901440,1.8751990795135498,,,0.0001430439826986907,2632.2134605
17540,35921920,1.9110146760940552,,,0.0001429073515591555,2633.4396393919997
17550,35942400,2.0196237564086914,,,0.00014277074366813937,2634.851971027
17560,35962880,2.169940948486328,,,0.00014263415916939754,2636.3662430859995
17570,35983360,1.7751423120498657,,,0.00014249759820666034,2637.8290341909997
17580,36003840,2.260383129119873,,,0.00014236106092363363,2639.2632931689996
17590,36024320,2.17258620262146,,,0.00014222454746399817,2640.4451179239995
17600,36044800,1.961668610572815,2.0369814932346344,7.66743004380012,0.0001420880579714097,2642.790797756
17610,36065280,1.953111171722412,,,0.00014195159258949876,2644.196005562
17620,36085760,1.9305282831192017,,,0.00014181515146187044,2645.8418972219997
17630,36106240,1.8436822891235352,,,0.00014167873473210443,2647.2850267879994
17640,36126720,2.1111791133880615,,,0.00014154234254375468,2648.4214702179997
17650,36147200,2.035403251647949,,,0.00014140597504034926,2649.629944464
17660,36167680,2.209799289703369,,,0.0001412696323653904,2650.930904369
17670,36188160,1.9054979085922241,,,0.00014113331466235405,2652.3325869669998
17680,36208640,1.8653302192687988,,,0.00014099702207468994,2654.024200396
17690,36229120,1.9950238466262817,,,0.00014086075474582145,2655.425578853
17700,36249600,2.4623427391052246,2.03322696685791,7.638696449730909,0.00014072451281914528,2657.979320054
17710,36270080,2.135761022567749,,,0.00014058829643803143,2659.1556237309997
17720,36290560,2.485316753387451,,,0.00014045210574582302,2660.484141017
17730,36311040,2.1661722660064697,,,0.00014031594088583616,2661.96971796
17740,36331520,2.378298759460449,,,0.00014017980200135968,2663.2441243449994
17750,36352000,2.101902961730957,,,0.0001400436892356552,2664.5140308709997
17760,36372480,1.8069263696670532,,,0.00013990760273195683,2665.741213628
17770,36392960,2.150688648223877,,,0.000139771542633471,2667.196401059
17780,36413440,2.243204355239868,,,0.00013963550908337633,2668.40162935
17790,36433920,2.0550410747528076,,,0.00013949950222482354,2669.7147281769994
17800,36454400,2.128011703491211,2.0311600148677824,7.6229239370308095,0.0001393635222009353,2672.151651557
17810,36474880,2.187626838684082,,,0.00013922756915480606,2673.481566124
17820,36495360,2.214040756225586,,,0.0001390916432295017,2674.7033951799995
17830,36515840,2.368751049041748,,,0.0001389557445680598,2675.920238668
17840,36536320,2.2577505111694336,,,0.00013881987331348903,2677.5941001659994
17850,36556800,2.2678263187408447,,,0.00013868402960876943,2679.262699553
17860,36577280,2.174560308456421,,,0.0001385482135968519,2681.0121173919997
17870,36597760,1.7318235635757446,,,0.00013841242542065823,2682.5267690109995
17880,36618240,1.939607858657837,,,0.00013827666522308097,2683.998809826
17890,36638720,2.212280035018921,,,0.00013814093314698313,2685.342334021
17900,36659200,2.1647353172302246,2.02890140414238,7.605726148133886,0.00013800522933519826,2687.866793917
17910,36679680,2.029545783996582,,,0.00013786955393053002,2689.3014589309996
17920,36700160,1.9385881423950195,,,0.00013773390707575226,2690.833440489
17930,36720640,2.113658905029297,,,0.00013759828891360884,2692.427141997
17940,36741120,2.377166748046875,,,0.0001374626995868133,2694.092088362
17950,36761600,1.9858028888702393,,,0.00013732713923804893,2695.566398117
17960,36782080,1.9202725887298584,,,0.00013719160800996843,2697.1481270189997
17970,36802560,2.0975303649902344,,,0.00013705610604519399,2698.4532564399997
17980,36823040,2.157370090484619,,,0.00013692063348631693,2699.6555066459996
17990,36843520,2.175078868865967,,,0.0001367851904758976,2700.8054636360002
18000,36864000,2.2384371757507324,2.0299258470535277,7.613521772774893,0.00013664977715646535,2702.6455080629994
18010,36884480,2.21055006980896,,,0.00013651439367051813,2705.11037907
18020,36904960,2.004244804382324,,,0.00013637904016052264,2706.3401878529994
18030,36925440,1.8619168996810913,,,0.00013624371676891395,2707.548805034
18040,36945920,2.206238269805908,,,0.00013610842363809552,2709.030312101
18050,36966400,2.110520124435425,,,0.0001359731609104389,2710.661993744
18060,36986880,1.9799226522445679,,,0.00013583792872828358,2712.1251520569995
18070,37007360,2.241563081741333,,,0.00013570272723393713,2713.416278695
18080,37027840,2.040287733078003,,,0.00013556755656967458,2714.932054066
18090,37048320,2.0971338748931885,,,0.00013543241687773866,2716.34228291
18100,37068800,1.8852285146713257,2.0283449947834016,7.6014954280385165,0.00013529730830033946,2718.956526715
18110,37089280,2.4898624420166016,,,0.00013516223097965433,2720.1957775189994
18120,37109760,2.382455825805664,,,0.00013502718505782778,2721.407704167
18130,37130240,2.006216526031494,,,0.00013489217067697115,2723.0080430279995
18140,37150720,1.8147221803665161,,,0.00013475718797916272,2724.2425921639997
18150,37171200,2.415891170501709,,,0.0001346222371064474,2725.607532797
18160,37191680,2.155848503112793,,,0.00013448731820083656,2727.3404122189995
18170,37212160,2.156768798828125,,,0.00013435243140430796,2728.594542987
18180,37232640,1.9926793575286865,,,0.00013421757685880558,2729.80178894
18190,37253120,2.279635429382324,,,0.00013408275470623947,2731.1069289919997
18200,37273600,2.136868715286255,2.025224494934082,7.577811934088572,0.0001339479650884855,2733.705211896
18210,37294080,2.0266618728637695,,,0.0001338132081473855,2735.4050402909998
18220,37314560,1.8465098142623901,,,0.00013367848402474672,2737.2334354229997
18230,37335040,1.9974414110183716,,,0.0001335437928623419,2738.749615244
18240,37355520,2.1214523315429688,,,0.00013340913480190927,2740.2140900059994
18250,37376000,2.1770834922790527,,,0.00013327450998515197,2741.668669783
18260,37396480,2.106173038482666,,,0.00013313991855373836,2743.196196834
18270,37416960,2.2594354152679443,,,0.00013300536064930158,2744.739465943
18280,37437440,1.8755650520324707,,,0.00013287083641343945,2746.478918863
18290,37457920,2.011388063430786,,,0.00013273634598771455,2747.7479396239996
18300,37478400,2.1155500411987305,2.0243406116962435,7.571116992349799,0.00013260188951365358,2750.0676354429997
18310,37498880,1.9406787157058716,,,0.00013246746713274776,2751.276235481
18320,37519360,2.274519920349121,,,0.00013233307898645238,2752.5585757199997
18330,37539840,2.217684268951416,,,0.0001321987252161866,2753.780501049
18340,37560320,2.140158176422119,,,0.00013206440596333352,2755.0225014809994
18350,37580800,1.9734625816345215,,,0.00013193012136923982,2756.245606841
18360,37601280,2.1012253761291504,,,0.00013179587157521582,2757.547917228
18370,37621760,2.032668113708496,,,0.00013166165672253517,2758.872328515
18380,37642240,2.136715888977051,,,0.0001315274769524347,2760.4072178819997
18390,37662720,2.3351457118988037,,,0.0001313933324061144,2761.869666566
18400,37683200,2.0021393299102783,2.0241979002952575,7.570036584731867,0.00013125922322473711,2764.4066347099997
18410,37703680,1.9385603666305542,,,0.00013112514954942856,2765.961839265
18420,37724160,2.026923656463623,,,0.000130991111521277,2767.319603991
18430,37744640,2.236102819442749,,,0.0001308571092813333,2768.7047135269995
18440,37765120,2.1757287979125977,,,0.00013072314297061052,2769.955209549
18450,37785600,2.201568603515625,,,0.000130589212730084,2771.354137323
18460,37806080,1.854995846748352,,,0.0001304553187006912,2772.982933137
18470,37826560,1.6990097761154175,,,0.00013032146102333125,2774.5077439729994
18480,37847040,2.021705389022827,,,0.00013018763983886522,2775.8616619779996
18490,37867520,2.0300991535186768,,,0.00013005385528811576,2777.0507879770003
18500,37888000,1.9505319595336914,2.0198107838630674,7.536898695876889,0.00012992010751186684,2779.436678561
18510,37908480,2.058499336242676,,,0.0001297863966508639,2781.8764798149996
18520,37928960,1.9324538707733154,,,0.0001296527228458134,2783.0493982460002
18530,37949440,2.11893367767334,,,0.00012951908623738288,2784.288605785
18540,37969920,2.1731655597686768,,,0.00012938548696620074,2785.824235328
18550,37990400,2.077488422393799,,,0.000129251925172856,2787.1479443439994
18560,38010880,1.6666240692138672,,,0.00012911840099789839,2788.93805575
18570,38031360,2.25677752494812,,,0.00012898491458183787,2790.2881421479997
18580,38051840,2.1732606887817383,,,0.00012885146606514487,2791.5937090939997
18590,38072320,1.8175697326660156,,,0.0001287180555882497,2792.9185140949994
18600,38092800,2.2113637924194336,2.017908066511154,7.522571742342539,0.0001285846832915429,2795.5883690029996
18610,38113280,2.053889751434326,,,0.00012845134931537463,2796.888936884
18620,38133760,2.065977096557617,,,0.00012831805380005484,2798.479942463
18630,38154240,2.0049121379852295,,,0.00012818479688585295,2800.0104907079995
18640,38174720,1.828570008277893,,,0.00012805157871299775,2801.3867340790002
18650,38195200,2.4231131076812744,,,0.0001279183994216773,2802.8127202899996
18660,38215680,1.964893102645874,,,0.00012778525915203877,2804.014841655
18670,38236160,1.990821123123169,,,0.00012765215804418821,2805.231816888
18680,38256640,2.3052496910095215,,,0.00012751909623819047,2806.5449878689997
18690,38277120,2.0674686431884766,,,0.000127386073874069,2807.81793886
18700,38297600,2.1684083938598633,2.0154808938503264,7.504335302317565,0.00012725309109180586,2810.4076578209997
18710,38318080,1.895326018333435,,,0.00012712014803134132,2811.696898415
18720,38338560,2.2791988849639893,,,0.00012698724483257404,2813.072430039
18730,38359040,1.977846384048462,,,0.00012685438163536052,2814.3882680079996
18740,38379520,2.0770254135131836,,,0.0001267215585795153,2815.9901405519995
18750,38400000,1.856118083000183,,,0.00012658877580481063,2817.230241849
18760,38420480,2.159965991973877,,,0.00012645603345097633,2818.4479820299994
18770,38440960,1.9033279418945312,,,0.00012632333165769977,2819.679636656
18780,38461440,2.128459930419922,,,0.00012619067056462567,2820.9177060989996
18790,38481920,2.1332685947418213,,,0.0001260580503113557,2822.12995926
18800,38502400,1.8922297954559326,2.015324681997299,7.503163127750416,0.00012592547103744888,2824.5246493409995
18810,38522880,1.9008885622024536,,,0.00012579293288242078,2825.76943466
18820,38543360,2.008958578109741,,,0.0001256604359857439,2827.0992534649995
18830,38563840,2.176032304763794,,,0.00012552798048684737,2828.507123339
18840,38584320,1.9123493432998657,,,0.00012539556652511652,2829.773198352
18850,38604800,1.981589913368225,,,0.00012526319423989318,2831.5388086989997
18860,38625280,1.9215471744537354,,,0.00012513086377047522,2833.1786529109995
18870,38645760,2.03656005859375,,,0.00012499857525611658,2834.704544102
18880,38666240,2.1281728744506836,,,0.000124866328836027,2836.2825649239994
18890,38686720,2.1168923377990723,,,0.0001247341246493719,2837.557288272
18900,38707200,1.828827142715454,2.0114970207214355,7.47449845512568,0.00012460196283527232,2839.8830242659997
18910,38727680,2.0178260803222656,,,0.00012446984353280469,2841.0706886239996
18920,38748160,2.0914289951324463,,,0.00012433776688100065,2842.3077674389997
18930,38768640,2.268261432647705,,,0.00012420573301884702,2843.598969093
18940,38789120,2.227114677429199,,,0.00012407374208528557,2844.962606041
18950,38809600,1.8962374925613403,,,0.00012394179421921296,2846.21319208
18960,38830080,2.1488709449768066,,,0.0001238098895594804,2847.47894928
18970,38850560,1.9109044075012207,,,0.00012367802824489376,2848.8948892979997
18980,38871040,2.062532901763916,,,0.00012354621041421314,2850.1892182760002
18990,38891520,1.9863362312316895,,,0.0001234144362061531,2851.5012633569995
19000,38912000,2.279240608215332,2.01138516664505,7.473662448760768,0.0001232827057593821,2854.081106251
19010,38932480,2.3746449947357178,,,0.00012315101921252263,2856.73030131
19020,38952960,1.9406687021255493,,,0.000123019376704151,2858.2733824859997
19030,38973440,2.2541427612304688,,,0.00012288777837279714,2860.061003416
19040,38993920,2.112426280975342,,,0.0001227562243569445,2861.839655019
19050,39014400,2.05964994430542,,,0.00012262471479502994,2863.0956808089995
19060,39034880,2.2244715690612793,,,0.00012249324982544345,2864.419544421
19070,39055360,1.9637842178344727,,,0.0001223618295865282,2865.829313718
19080,39075840,2.3563833236694336,,,0.00012223045421658015,2867.0006706079994
19090,39096320,1.9132012128829956,,,0.00012209912385384826,2868.221989269
19100,39116800,2.172292947769165,2.007091814279556,7.441644164478164,0.00012196783863653388,2870.7038154829997
19110,39137280,2.1199653148651123,,,0.00012183659870279104,2872.1104420699994
19120,39157760,2.0244317054748535,,,0.00012170540419072603,2873.3390702509996
19130,39178240,2.076836109161377,,,0.00012157425523839734,2874.6230678519996
19140,39198720,2.0400023460388184,,,0.00012144315198381558,2875.920555091
19150,39219200,2.0540735721588135,,,0.00012131209456494315,2877.100260722
19160,39239680,1.9771103858947754,,,0.00012118108311969437,2878.385382759
19170,39260160,2.1073861122131348,,,0.00012105011778593511,2879.610745725
19180,39280640,2.2959208488464355,,,0.00012091919870148265,2881.0996698069994
19190,39301120,2.0975372791290283,,,0.0001207883260041057,2882.2951180399996
19200,39321600,2.105539321899414,2.0049376368522642,7.425630796607384,0.0001206574998315241,2884.745911203
19210,39342080,2.118041753768921,,,0.00012052672032140875,2886.1706069539996
19220,39362560,1.9316473007202148,,,0.00012039598761138151,2887.6190168309995
19230,39383040,2.1182751655578613,,,0.00012026530183901482,2888.9472472689995
19240,39403520,1.9095841646194458,,,0.0001201346631418319,2890.4886864620003
19250,39424000,1.9698598384857178,,,0.00012000407165730633,2891.8546189669996
19260,39444480,1.9897265434265137,,,0.00011987352752286211,2893.171470763
19270,39464960,2.191155433654785,,,0.00011974303087587325,2894.368289367
19280,39485440,2.1408538818359375,,,0.00011961258185366394,2895.681635715
19290,39505920,2.192739725112915,,,0.00011948218059350821,2897.014573446
19300,39526400,1.880190372467041,2.004919391870499,7.425495317344815,0.00011935182723262977,2899.331294847
19310,39546880,2.415511131286621,,,0.00011922152190820202,2900.6257060829994
19320,39567360,2.418491840362549,,,0.00011909126475734768,2902.0202328719997
19330,39587840,1.931199312210083,,,0.00011896105591713894,2903.4479123009996
19340,39608320,1.9593918323516846,,,0.00011883089552459702,2904.683490605
19350,39628800,2.0455336570739746,,,0.00011870078371669225,2905.994129515
19360,39649280,1.9816977977752686,,,0.00011857072063034375,2907.349601594
19370,39669760,1.8984360694885254,,,0.00011844070640241939,2908.817860217
19380,39690240,1.9301055669784546,,,0.00011831074116973569,2910.2634052779995
19390,39710720,2.2186155319213867,,,0.00011818082506905757,2911.832458035
19400,39731200,1.9414122104644775,2.002351576089859,7.406452473011493,0.00011805095823709821,2914.2091808220002
19410,39751680,1.820103645324707,,,0.00011792114081051902,2915.7020784509996
19420,39772160,1.989524245262146,,,0.00011779137292592931,2916.96614537
19430,39792640,1.8175442218780518,,,0.00011766165471988638,2918.2011075749997
19440,39813120,2.197262763977051,,,0.00011753198632889516,2919.5593365839995
19450,39833600,2.0601844787597656,,,0.0001174023678894082,2920.9365543469994
19460,39854080,2.301619529724121,,,0.00011727279953782553,2922.414778777
19470,39874560,2.1117448806762695,,,0.00011714328141049431,2923.74877937
19480,39895040,1.8969647884368896,,,0.00011701381364370907,2925.0115503139996
19490,39915520,2.0652031898498535,,,0.00011688439637371114,2926.192715135
19500,39936000,1.9014277458190918,2.0007903814315795,7.394898580258371,0.00011675502973668886,2928.481825365
19510,39956480,2.336298704147339,,,0.00011662571386877726,2930.7499126369994
19520,39976960,2.0057404041290283,,,0.00011649644890605782,2931.9086935679998
19530,39997440,2.0656538009643555,,,0.00011636723498455866,2933.1518890159996
19540,40017920,1.8823025226593018,,,0.00011623807224025399,2934.3885474549998
19550,40038400,1.7572336196899414,,,0.00011610896080906429,2935.5976181569995
19560,40058880,2.1085524559020996,,,0.00011597990082685598,2936.832647184
19570,40079360,1.9075371026992798,,,0.00011585089242944136,2938.155480835
19580,40099840,1.9587135314941406,,,0.00011572193575257849,2939.5672332550002
19590,40120320,1.7737020254135132,,,0.00011559303093197094,2941.34224896
19600,40140800,2.0758628845214844,1.9985386371612548,7.378265893057492,0.00011546417810326775,2943.973668328
19610,40161280,1.9287011623382568,,,0.00011533537740206318,2945.245014897
19620,40181760,2.064065933227539,,,0.00011520662896389673,2946.6777820939997
19630,40202240,1.8553357124328613,,,0.0001150779329242529,2948.136745807
19640,40222720,1.7690523862838745,,,0.00011494928941856091,2949.484783451
19650,40243200,2.1099066734313965,,,0.00011482069858219487,2950.6827053839997
19660,40263680,2.139040946960449,,,0.00011469216055047334,2952.277319461
19670,40284160,2.048845052719116,,,0.0001145636754586594,2953.97871802
19680,40304640,2.1812171936035156,,,0.00011443524344196041,2955.4967073549997
19690,40325120,1.7555195093154907,,,0.00011430686463552778,2956.704693824
19700,40345600,2.1164679527282715,1.9922849595546723,7.3322685729789585,0.00011417853917445709,2958.9495894499996
19710,40366080,2.1602282524108887,,,0.00011405026719378758,2960.734336902
19720,40386560,2.017218828201294,,,0.0001139220488285024,2962.112142459
19730,40407040,2.1906139850616455,,,0.00011379388421352823,2963.3132926459994
19740,40427520,2.0411460399627686,,,0.00011366577348373507,2964.553927827
19750,40448000,2.0511977672576904,,,0.00011353771677393638,2966.1236741479997
19760,40468480,2.0466690063476562,,,0.00011340971421888866,2967.6186779869995
19770,40488960,2.1820907592773438,,,0.0001132817659532915,2969.0202484829997
19780,40509440,1.9038352966308594,,,0.00011315387211178728,2970.4385110449994
19790,40529920,1.895156979560852,,,0.00011302603282896116,2971.7238149939994
19800,40550400,2.205235242843628,1.9894853591918946,7.311769858714677,0.00011289824823934088,2973.9441074039996
19810,40570880,2.0671024322509766,,,0.00011277051847739663,2975.315390001
19820,40591360,1.7946696281433105,,,0.00011264284367754093,2977.050580006
19830,40611840,2.065608024597168,,,0.00011251522397412836,2978.3223560709994
19840,40632320,2.0774669647216797,,,0.00011238765950145565,2979.622913157
19850,40652800,1.8960117101669312,,,0.00011226015039376133,2980.8575603789996
19860,40673280,2.099569320678711,,,0.00011213269678522564,2982.1107540329995
19870,40693760,1.9575467109680176,,,0.00011200529880997056,2983.33643562
19880,40714240,2.297300338745117,,,0.00011187795660205935,2984.73263226
19890,40734720,1.797231912612915,,,0.0001117506702954967,2985.927172785
19900,40755200,1.923082947731018,1.9892170310020447,7.3098081679441265,0.00011162344002422844,2988.500908453
19910,40775680,2.063725471496582,,,0.00011149626592214141,2989.6834372189996
19920,40796160,2.0177292823791504,,,0.00011136914812306341,2990.950815587
19930,40816640,1.8804413080215454,,,0.0001112420867607629,2992.344604533
19940,40837120,2.0194296836853027,,,0.00011111508196894901,2993.7465788769996
19950,40857600,2.0544588565826416,,,0.00011098813388127133,2995.0765412729997
19960,40878080,2.0047919750213623,,,0.00011086124263131979,2996.497187324
19970,40898560,1.8111990690231323,,,0.00011073440835262449,2997.8079524039995
19980,40919040,2.0642452239990234,,,0.00011060763117865553,2999.1911308090002
19990,40939520,2.017144203186035,,,0.00011048091124282306,3000.588316257
20000,40960000,1.9485559463500977,1.9933347344398498,7.339969845972483,0.00011035424867847683,3002.539147918
20010,40980480,2.0554966926574707,,,0.00011022764361890634,3005.063029723
20020,41000960,1.8168528079986572,,,0.0001101010961973405,3006.2087119119997
20030,41021440,1.916630506515503,,,0.00010997460654694761,3007.5242530059995
20040,41041920,2.008084535598755,,,0.0001098481748008352,3008.6590789989996
20050,41062400,2.02365779876709,,,0.00010972180109204975,3010.178934265
20060,41082880,2.219736337661743,,,0.00010959548555357683,3011.7170201540002
20070,41103360,2.07631778717041,,,0.00010946922831834067,3013.0633427779994
20080,41123840,2.1096200942993164,,,0.00010934302951920417,3014.327208809
20090,41144320,2.1759698390960693,,,0.00010921688928896878,3015.5928471839998
20100,41164800,1.9722652435302734,1.9904027700424194,7.318480833609509,0.0001090908077603743,3017.8073080619997
20110,41185280,2.136723279953003,,,0.00010896478506609874,3019.237784363
20120,41205760,2.2354681491851807,,,0.00010883882133875819,3020.606065154
20130,41226240,1.895850658416748,,,0.00010871291671090671,3021.934728608
20140,41246720,1.9619429111480713,,,0.00010858707131503619,3023.1054922920002
20150,41267200,2.2254252433776855,,,0.00010846128528357612,3024.3244451660003
20160,41287680,2.033773422241211,,,0.00010833555874889357,3025.6565042889997
20170,41308160,2.1688718795776367,,,0.0001082098918432931,3026.9808194219995
20180,41328640,2.0407395362854004,,,0.00010808428469901622,3028.233115688
20190,41349120,2.1589934825897217,,,0.00010795873744824186,3029.413493313
20200,41369600,2.1170859336853027,1.9889591574668883,7.307923404896243,0.0001078332502230858,3031.9286907629994
20210,41390080,1.970643401145935,,,0.00010770782315560064,3033.274837113
20220,41410560,2.022271156311035,,,0.00010758245637777577,3034.5724957579996
20230,41431040,2.150736093521118,,,0.00010745715002153695,3035.852851779
20240,41451520,2.4237680435180664,,,0.00010733190421874647,3037.1552871779995
20250,41472000,1.9588086605072021,,,0.00010720671910120308,3038.7424354529994
20260,41492480,2.0305280685424805,,,0.00010708159480064128,3040.2483065919996
20270,41512960,1.6956595182418823,,,0.00010695653144873186,3041.519672783
20280,41533440,2.2571892738342285,,,0.0001068315291770814,3042.9300224979997
20290,41553920,1.9864153861999512,,,0.00010670658811723219,3044.4900664819997
20300,41574400,1.8150873184204102,1.9917599380016326,7.3284199843298685,0.00010658170840066215,3046.400783123
20310,41594880,2.1456809043884277,,,0.00010645689015878453,3047.6643425909997
20320,41615360,2.0686917304992676,,,0.00010633213352294799,3048.9672017450002
20330,41635840,1.8621398210525513,,,0.00010620743862443637,3050.262431835
20340,41656320,2.2261576652526855,,,0.00010608280559446849,3051.6107092049997
20350,41676800,2.1097090244293213,,,0.00010595823456419812,3053.022217308
20360,41697280,1.9331742525100708,,,0.0001058337256647137,3054.7245682639996
20370,41717760,1.8436009883880615,,,0.00010570927902703836,3056.2134171199996
20380,41738240,2.077816963195801,,,0.00010558489478212971,3057.5097181
20390,41758720,2.1704587936401367,,,0.0001054605730608797,3058.8982865729995
20400,41779200,2.224120855331421,1.9844789147377013,7.275255369204974,0.00010533631399411441,3061.393475379
20410,41799680,1.9380509853363037,,,0.00010521211771259406,3062.8556416889996
20420,41820160,1.7117397785186768,,,0.00010508798434701281,3064.2811229110002
20430,41840640,2.2630486488342285,,,0.0001049639140279986,3065.499088413
20440,41861120,1.9798778295516968,,,0.00010483990688611304,3066.843371557
20450,41881600,2.1388678550720215,,,0.00010471596305185113,3068.251387448
20460,41902080,1.9489814043045044,,,0.00010459208265564138,3069.5758459950002
20470,41922560,2.108048439025879,,,0.00010446826582784566,3071.070163888
20480,41943040,1.9168384075164795,,,0.00010434451269875861,3072.34948792
20490,41963520,2.1319479942321777,,,0.00010422082339860811,3073.649493701
20500,41984000,1.9966999292373657,1.9846756875514984,7.276687082531574,0.00010409719805755479,3075.5786750810003
20510,42004480,1.950701355934143,,,0.00010397363680569199,3078.2413420349994
20520,42024960,1.9810459613800049,,,0.00010385013977304563,3079.7031132129996
20530,42045440,2.1436901092529297,,,0.00010372670708957391,3080.9391661809996
20540,42065920,1.9784080982208252,,,0.00010360333888516745,3082.0963015099996
20550,42086400,1.983607530593872,,,0.000103480035289649,3083.5677913869995
20560,42106880,1.9866831302642822,,,0.0001033567964327734,3084.948932329
20570,42127360,2.2826881408691406,,,0.00010323362244422711,3086.337626781
20580,42147840,2.1370835304260254,,,0.00010311051345362857,3087.566146678
20590,42168320,2.226311206817627,,,0.00010298746959052771,3088.8365649489997
20600,42188800,2.259056806564331,1.9824003338813783,7.260148868150599,0.000102864490984406,3091.6759856339995
20610,42209280,2.064652919769287,,,0.0001027415777646762,3093.0973419129996
20620,42229760,2.1252713203430176,,,0.00010261873006068218,3094.401444893
20630,42250240,1.8626110553741455,,,0.000102495948001699,3095.621188344
20640,42270720,1.963905930519104,,,0.00010237323171693255,3096.938376766
20650,42291200,2.0883936882019043,,,0.00010225058133551958,3098.3204056739996
20660,42311680,2.1095714569091797,,,0.0001021279969865275,3099.543166112
20670,42332160,2.2065961360931396,,,0.00010200547879895397,3100.7588301899996
20680,42352640,1.9593186378479004,,,0.00010188302690172743,3102.281917573
20690,42373120,2.1421310901641846,,,0.00010176064142370637,3103.6079794119996
20700,42393600,1.9836373329162598,1.9795410335063934,7.239419571535109,0.00010163832249367927,3106.066349742
20710,42414080,2.079177141189575,,,0.00010151607024036475,3107.3351416759997
20720,42434560,1.8905168771743774,,,0.00010139388479241121,3108.7004259609994
20730,42455040,2.0147011280059814,,,0.0001012717662783968,3110.1672186669994
20740,42475520,1.9458063840866089,,,0.00010114971482682908,3111.613906689
20750,42496000,2.2420034408569336,,,0.00010102773056614517,3113.0408342270002
20760,42516480,2.321507453918457,,,0.00010090581362471149,3114.631702685
20770,42536960,2.1386196613311768,,,0.00010078396413082357,3115.922514832
20780,42557440,1.7917556762695312,,,0.000100662182212706,3117.245487663
20790,42577920,2.2404978275299072,,,0.0001005404679985122,3118.5120301179995
20800,42598400,1.91618013381958,1.981006908416748,7.250039436845953,0.00010041882161632437,3120.6489774249994
20810,42618880,2.0519845485687256,,,0.00010029724319415338,3121.9324288629996
20820,42639360,2.120616912841797,,,0.0001001757328599385,3123.3625147479997
20830,42659840,2.222372055053711,,,0.00010005429074154748,3124.820777049
20840,42680320,1.9542386531829834,,,9.993291696677607e-05,3126.1162897739996
20850,42700800,1.7065190076828003,,,9.981161166334832e-05,3127.3483821149994
20860,42721280,2.019996404647827,,,9.96903749589161e-05,3128.622979873
20870,42741760,1.83231782913208,,,9.956920698105912e-05,3129.884407081
20880,42762240,1.9393863677978516,,,9.944810785728486e-05,3131.277098058
20890,42782720,2.095463275909424,,,9.932707771502806e-05,3132.86639184
20900,42803200,1.9358000755310059,1.975619614124298,7.211086360820887,9.920611668165133e-05,3135.1806133
20910,42823680,2.1333835124969482,,,9.908522488444412e-05,3136.400971426
20920,42844160,2.0223872661590576,,,9.896440245062321e-05,3137.704604722
20930,42864640,2.098668098449707,,,9.88436495073324e-05,3138.937540051
20940,42885120,2.311707019805908,,,9.872296618164234e-05,3140.2773170929995
20950,42905600,2.081338882446289,,,9.860235260055046e-05,3141.6882570569996
20960,42926080,1.8482120037078857,,,9.848180889098064e-05,3143.10948113
20970,42946560,1.918426752090454,,,9.836133517978341e-05,3144.494357992
20980,42967040,2.019167184829712,,,9.824093159373558e-05,3145.7945934399995
20990,42987520,2.623549461364746,,,9.812059825954015e-05,3147.2633245119996
21000,43008000,1.902085781097412,1.9767518877983092,7.219255908277212,9.800033530382627e-05,3149.2917356939997
21010,43028480,2.2358651161193848,,,9.788014285314883e-05,3152.010820544
21020,43048960,1.9511007070541382,,,9.776002103398875e-05,3153.532058674
21030,43069440,2.396686553955078,,,9.763996997275247e-05,3155.0390957129994
21040,43089920,1.684396505355835,,,9.751998979577212e-05,3156.598863
21050,43110400,2.165348529815674,,,9.740008062930512e-05,3158.0178062389996
21060,43130880,2.09200382232666,,,9.728024259953412e-05,3159.3012291779996
21070,43151360,2.0263028144836426,,,9.716047583256704e-05,3160.6243868249994
21080,43171840,1.862208604812622,,,9.704078045443677e-05,3161.8742788009995
21090,43192320,1.9143977165222168,,,9.692115659110104e-05,3163.1754113219995
21100,43212800,1.9973175525665283,1.9721679985523224,7.186239368647759,9.680160436844239e-05,3165.5973490079996
21110,43233280,1.9483858346939087,,,9.668212391226778e-05,3166.9527249329994
21120,43253760,2.0367445945739746,,,9.656271534830899e-05,3168.1648636089994
21130,43274240,1.6683727502822876,,,9.64433788022218e-05,3169.567430416
21140,43294720,2.0644123554229736,,,9.632411439958642e-05,3170.8093031509998
21150,43315200,2.0555648803710938,,,9.620492226590707e-05,3172.0881397779995
21160,43335680,1.9810688495635986,,,9.608580252661191e-05,3173.489465177
21170,43356160,2.1762280464172363,,,9.5966755307053e-05,3174.729032919
21180,43376640,2.219452142715454,,,9.58477807325059e-05,3176.009852026
21190,43397120,2.0604653358459473,,,9.572887892816991e-05,3177.2495507389995
21200,43417600,1.8836761713027954,1.9705450654029846,7.174586041400668,9.56100500191677e-05,3179.986157495
21210,43438080,2.04642391204834,,,9.549129413054518e-05,3181.330407716
21220,43458560,2.1833057403564453,,,9.537261138727155e-05,3182.701238459
21230,43479040,2.0153017044067383,,,9.525400191423882e-05,3184.029285128
21240,43499520,2.004439115524292,,,9.513546583626208e-05,3185.313433036
21250,43520000,2.073080062866211,,,9.50170032780791e-05,3186.6465908439995
21260,43540480,2.0334267616271973,,,9.489861436435035e-05,3188.008679195
21270,43560960,1.8069660663604736,,,9.47802992196588e-05,3189.2773358469994
21280,43581440,2.170322895050049,,,9.466205796850963e-05,3190.726848257
21290,43601920,1.74827241897583,,,9.454389073533046e-05,3191.919931585
21300,43622400,1.9549164772033691,1.9723239898681642,7.1873604470198,9.442579764447093e-05,3193.9251692319995
21310,43642880,1.7876590490341187,,,9.430777882020268e-05,3195.3273374989994
21320,43663360,1.7974220514297485,,,9.418983438671922e-05,3196.66859338
21330,43683840,2.0035979747772217,,,9.407196446813563e-05,3197.9672017579996
21340,43704320,1.8926029205322266,,,9.395416918848888e-05,3199.255996737
21350,43724800,1.8578687906265259,,,9.383644867173705e-05,3200.49778824
21360,43745280,2.0564751625061035,,,9.371880304175976e-05,3201.6768462109994
21370,43765760,2.042189598083496,,,9.360123242235778e-05,3203.2562962869997
21380,43786240,2.0176377296447754,,,9.348373693725293e-05,3204.4946793709996
21390,43806720,1.9851354360580444,,,9.3366316710088e-05,3205.7387435599994
21400,43827200,1.8087477684020996,1.969943881034851,7.170274088693901,9.32489718644265e-05,3208.2048366869994
21410,43847680,1.8167273998260498,,,9.313170252375266e-05,3209.410028544
21420,43868160,2.0940022468566895,,,9.301450881147131e-05,3210.8709944820002
21430,43888640,1.9754555225372314,,,9.289739085090764e-05,3212.162673975
21440,43909120,1.8352289199829102,,,9.278034876530718e-05,3213.5323407099995
21450,43929600,2.238460063934326,,,9.266338267783547e-05,3214.9852508980002
21460,43950080,1.920707106590271,,,9.254649271157821e-05,3216.2180584119997
21470,43970560,2.057680606842041,,,9.242967898954098e-05,3217.6496233769994
21480,43991040,1.8647743463516235,,,9.23129416346491e-05,3218.968717981
21490,44011520,2.0277764797210693,,,9.219628076974752e-05,3220.322287758
21500,44032000,2.4401721954345703,1.9665329575538635,7.145858495970644,9.20796965176008e-05,3222.7210567499997
21510,44052480,1.738936424255371,,,9.196318900089265e-05,3225.104715828
21520,44072960,1.8679558038711548,,,9.184675834222626e-05,3226.66303874
21530,44093440,1.688312292098999,,,9.173040466412383e-05,3228.135302175
21540,44113920,1.9766285419464111,,,9.161412808902664e-05,3229.4734669150002
21550,44134400,1.7745838165283203,,,9.14979287392946e-05,3231.0309883239997
21560,44154880,2.028385639190674,,,9.138180673720673e-05,3232.6248152809994
21570,44175360,1.849445104598999,,,9.12657622049603e-05,3234.014213124
21580,44195840,2.000330686569214,,,9.114979526467129e-05,3235.661204262
21590,44216320,2.091810941696167,,,9.103390603837382e-05,3236.9518258979997
21600,44236800,1.8604991436004639,1.9666810393333436,7.146916745764463,9.091809464802053e-05,3238.885572612
21610,44257280,2.00852370262146,,,9.080236121548183e-05,3240.4155322119996
21620,44277760,2.0287680625915527,,,9.068670586254629e-05,3241.7042540909997
21630,44298240,2.2790393829345703,,,9.057112871092027e-05,3243.41130488
21640,44318720,2.0233588218688965,,,9.045562988222787e-05,3244.632508255
21650,44339200,2.0158491134643555,,,9.034020949801058e-05,3245.813808428
21660,44359680,1.827544927597046,,,9.022486767972766e-05,3246.9999162019994
21670,44380160,1.7680786848068237,,,9.01096045487555e-05,3248.2758914730002
21680,44400640,2.302166223526001,,,8.999442022638764e-05,3249.686068338
21690,44421120,1.8476312160491943,,,8.987931483383478e-05,3250.9884500379994
21700,44441600,2.1806111335754395,1.9658677458763123,7.1411065681471655,8.976428849222454e-05,3253.2837748619995
21710,44462080,2.1270179748535156,,,8.964934132260144e-05,3254.4892737869995
21720,44482560,2.2063894271850586,,,8.95344734459264e-05,3255.6511884249994
21730,44503040,2.238271713256836,,,8.941968498307733e-05,3257.0366679950002
21740,44523520,1.9491550922393799,,,8.930497605484818e-05,3258.2162248019995
21750,44544000,1.7304420471191406,,,8.919034678194945e-05,3259.447901232
21760,44564480,2.103266716003418,,,8.90757972850076e-05,3260.673346503
21770,44584960,1.877095103263855,,,8.896132768456545e-05,3261.960026226
21780,44605440,2.0814642906188965,,,8.884693810108143e-05,3263.3266103429996
21790,44625920,2.1802263259887695,,,8.873262865492996e-05,3264.797517741
21800,44646400,1.9248840808868408,1.9653802394866944,7.137626081514918,8.861839946640104e-05,3267.435705809
21810,44666880,2.2187039852142334,,,8.85042506557003e-05,3268.642863033
21820,44687360,2.1706714630126953,,,8.839018234294859e-05,3269.839061377
21830,44707840,1.9083898067474365,,,8.82761946481824e-05,3271.359332663
21840,44728320,2.1791679859161377,,,8.816228769135301e-05,3272.7449363099995
21850,44748800,2.1209654808044434,,,8.804846159232699e-05,3274.339914245
21860,44769280,2.0608863830566406,,,8.793471647088563e-05,3275.722046703
21870,44789760,1.9715766906738281,,,8.782105244672521e-05,3277.021389939
21880,44810240,1.689650058746338,,,8.77074696394566e-05,3278.2791692169994
21890,44830720,2.119417667388916,,,8.7593968168605e-05,3279.713586688
21900,44851200,1.8004564046859741,1.9661968171596527,7.143456887940181,8.748054815361043e-05,3281.829518253
21910,44871680,2.008096218109131,,,8.736720971382675e-05,3283.3446928949998
21920,44892160,2.0366992950439453,,,8.725395296852233e-05,3284.631198964
21930,44912640,2.163804531097412,,,8.714077803687926e-05,3285.9104220689997
21940,44933120,2.028754234313965,,,8.702768503799389e-05,3287.2864247509997
21950,44953600,1.8750853538513184,,,8.691467409087602e-05,3288.7793786269995
21960,44974080,1.810088038444519,,,8.680174531444926e-05,3290.2707155569997
21970,44994560,1.8912765979766846,,,8.668889882755078e-05,3291.6349877189996
21980,45015040,2.002469062805176,,,8.657613474893114e-05,3292.841950536
21990,45035520,2.277137279510498,,,8.6463453197254e-05,3294.079744588
22000,45056000,1.7681456804275513,1.9627907514572143,7.119167194066565,8.635085429109652e-05,3296.365433367
22010,45076480,2.1770482063293457,,,8.623833814894856e-05,3298.775414822
22020,45096960,2.001943588256836,,,8.612590488921313e-05,3300.052093286
22030,45117440,1.8345599174499512,,,8.601355463020573e-05,3301.311241308
22040,45137920,1.7774543762207031,,,8.590128749015491e-05,3302.512663572
22050,45158400,1.8586840629577637,,,8.57891035872014e-05,3303.7755062919996
22060,45178880,2.174290180206299,,,8.567700303939854e-05,3305.104122592
22070,45199360,1.8263771533966064,,,8.556498596471188e-05,3306.4724697229994
22080,45219840,2.192140817642212,,,8.545305248101919e-05,3307.8841219469996
22090,45240320,2.2989535331726074,,,8.534120270611013e-05,3309.187631265
22100,45260800,1.8666455745697021,1.961007833480835,7.106485611369641,8.52294367576864e-05,3311.65068779
22110,45281280,2.027104377746582,,,8.511775475336154e-05,3313.0149876409996
22120,45301760,2.0439441204071045,,,8.50061568106606e-05,3314.3790518959995
22130,45322240,2.0836455821990967,,,8.489464304702026e-05,3315.654770184
22140,45342720,1.9617388248443604,,,8.478321357978857e-05,3316.996542336
22150,45363200,2.2984039783477783,,,8.467186852622501e-05,3318.2164293349997
22160,45383680,2.1451516151428223,,,8.456060800349993e-05,3319.4606247
22170,45404160,1.8223928213119507,,,8.444943212869514e-05,3320.801379378
22180,45424640,2.0912933349609375,,,8.433834101880298e-05,3322.176637114
22190,45445120,2.0518858432769775,,,8.422733479072688e-05,3323.775605582
22200,45465600,2.3755338191986084,1.960977989435196,7.106273528253447,8.41164135612807e-05,3326.339323849
22210,45486080,1.8140063285827637,,,8.400557744718914e-05,3327.5909259789996
22220,45506560,1.9284138679504395,,,8.389482656508705e-05,3328.902498693
22230,45527040,2.092827320098877,,,8.378416103151977e-05,3330.2089493109997
22240,45547520,2.216597080230713,,,8.367358096294278e-05,3331.3907778579996
22250,45568000,1.9778003692626953,,,8.356308647572162e-05,3332.5772426819995
22260,45588480,1.8246104717254639,,,8.345267768613169e-05,3333.988861205
22270,45608960,1.7887532711029053,,,8.334235471035835e-05,3335.2168529809996
22280,45629440,1.9313364028930664,,,8.323211766449657e-05,3336.696786404
22290,45649920,1.986154556274414,,,8.312196666455098e-05,3337.940232987
22300,45670400,2.1086151599884033,1.961559808254242,7.110409294942252,8.301190182643544e-05,3339.87138072
22310,45690880,1.9877259731292725,,,8.290192326597344e-05,3341.566250635
22320,45711360,2.150744915008545,,,8.279203109889755e-05,3342.7143429569996
22330,45731840,2.1448118686676025,,,8.268222544084925e-05,3343.848413551
22340,45752320,1.976103663444519,,,8.257250640737935e-05,3345.062375763
22350,45772800,2.037200450897217,,,8.246287411394713e-05,3346.300750077
22360,45793280,1.9383478164672852,,,8.235332867592091e-05,3347.613077561
22370,45813760,1.942807674407959,,,8.224387020857728e-05,3349.1837249559994
22380,45834240,1.9894022941589355,,,8.21344988271017e-05,3350.9004876889994
22390,45854720,1.8067760467529297,,,8.202521464658763e-05,3352.1160966219995
22400,45875200,2.081897735595703,1.9564541280269623,7.074198338242161,8.191601778203696e-05,3354.5946225959997
22410,45895680,2.024031400680542,,,8.180690834835963e-05,3356.0132535029998
22420,45916160,1.9345334768295288,,,8.169788646037371e-05,3357.4212453189994
22430,45936640,2.013363838195801,,,8.158895223280483e-05,3358.66268365
22440,45957120,1.9099040031433105,,,8.148010578028678e-05,3359.9360406219994
22450,45977600,1.7022452354431152,,,8.137134721736065e-05,3361.218116483
22460,45998080,1.8760483264923096,,,8.126267665847523e-05,3362.484007225
22470,46018560,1.927930474281311,,,8.115409421798652e-05,3363.8140280829994
22480,46039040,1.7873804569244385,,,8.104560001015812e-05,3365.0906522699997
22490,46059520,2.028618097305298,,,8.093719414916039e-05,3366.2633827729996
22500,46080000,1.9987602233886719,1.955680739879608,7.068729352192424,8.082887674907097e-05,3368.4627276249994
22510,46100480,2.0361294746398926,,,8.072064792387436e-05,3370.9688661929995
22520,46120960,2.0787363052368164,,,8.061250778746185e-05,3372.273285688
22530,46141440,1.8144023418426514,,,8.050445645363134e-05,3373.727167416
22540,46161920,1.977262020111084,,,8.039649403608727e-05,3375.005644522
22550,46182400,1.822845220565796,,,8.028862064844074e-05,3376.1925222559994
22560,46202880,2.132052421569824,,,8.018083640420887e-05,3377.408972595
22570,46223360,1.9478490352630615,,,8.007314141681511e-05,3378.6096803479995
22580,46243840,1.974429726600647,,,7.996553579958897e-05,3379.8073401189995
22590,46264320,1.8866486549377441,,,7.985801966576597e-05,3381.1281890809996
22600,46284800,2.1565630435943604,1.9547015964984893,7.061811440000967,7.975059312848728e-05,3383.8069942479997
22610,46305280,1.8580965995788574,,,7.964325630080006e-05,3385.2094746289995
22620,46325760,2.073570728302002,,,7.953600929565682e-05,3386.3986062019994
22630,46346240,1.7710511684417725,,,7.942885222591572e-05,3387.5892235929996
22640,46366720,1.9570449590682983,,,7.932178520434006e-05,3388.862706975
22650,46387200,1.6688032150268555,,,7.921480834359874e-05,3390.0419280649994
22660,46407680,1.9284112453460693,,,7.910792175626542e-05,3391.4283320959994
22670,46428160,2.0550272464752197,,,7.900112555481893e-05,3392.8026675319998
22680,46448640,2.263742208480835,,,7.889441985164299e-05,3394.1353712559994
22690,46469120,2.0857529640197754,,,7.878780475902613e-05,3395.835019389
22700,46489600,2.081975221633911,1.9565447330474854,7.074839325165661,7.868128038916134e-05,3398.1404539679997
22710,46510080,1.775139570236206,,,7.857484685414632e-05,3399.595368565
22720,46530560,1.9927968978881836,,,7.846850426598315e-05,3400.9370388979996
22730,46551040,1.6784639358520508,,,7.83622527365782e-05,3402.199348852
22740,46571520,1.654642105102539,,,7.825609237774187e-05,3403.3180112809996
22750,46592000,1.9002212285995483,,,7.815002330118886e-05,3405.019813952
22760,46612480,1.9279727935791016,,,7.804404561853776e-05,3406.3841209109996
22770,46632960,1.9409149885177612,,,7.793815944131075e-05,3407.600491282
22780,46653440,1.8458791971206665,,,7.783236488093407e-05,3408.7767451789996
22790,46673920,1.9466067552566528,,,7.772666204873725e-05,3410.115405368
22800,46694400,1.7797588109970093,1.9524251341819763,7.045753776638861,7.76210510559535e-05,3412.519944715
22810,46714880,1.8408277034759521,,,7.751553201371915e-05,3413.8449571809997
22820,46735360,1.7921371459960938,,,7.741010503307414e-05,3415.145920434
22830,46755840,1.8356657028198242,,,7.730477022496111e-05,3416.367491723
22840,46776320,2.0420925617218018,,,7.719952770022602e-05,3417.7022714139994
22850,46796800,1.9513908624649048,,,7.709437756961756e-05,3418.9634370229996
22860,46817280,2.1540231704711914,,,7.69893199437873e-05,3420.255224259
22870,46837760,1.8127877712249756,,,7.68843549332893e-05,3421.570202684
22880,46858240,2.1403064727783203,,,7.677948264858031e-05,3422.7610381819995
22890,46878720,1.9739658832550049,,,7.667470320001946e-05,3424.04638015
22900,46899200,1.949427843093872,1.9513613820075988,7.038262825702883,7.657001669786822e-05,3426.3550218929995
22910,46919680,1.8907287120819092,,,7.646542325229008e-05,3427.7409659979994
22920,46940160,2.023773670196533,,,7.636092297335089e-05,3429.043701695
22930,46960640,1.739048957824707,,,7.625651597101821e-05,3430.402989786
22940,46981120,2.240939140319824,,,7.615220235516161e-05,3431.6358579829994
22950,47001600,2.0427544116973877,,,7.604798223555217e-05,3432.9861571439997
22960,47022080,2.1520981788635254,,,7.594385572186286e-05,3434.3631370579997
22970,47042560,1.8810558319091797,,,7.583982292366804e-05,3435.7463340039994
22980,47063040,1.907690405845642,,,7.573588395044328e-05,3436.9234738839996
22990,47083520,1.848548173904419,,,7.563203891156573e-05,3438.1214640059998
23000,47104000,2.3142647743225098,1.9504294574260712,7.031706750922469,7.55282879163134e-05,3440.470324942
23010,47124480,2.123507499694824,,,7.542463107386548e-05,3442.7620932190002
23020,47144960,2.154637098312378,,,7.53210684933021e-05,3444.114314529
23030,47165440,1.8679252862930298,,,7.521760028360418e-05,3445.4854424650002
23040,47185920,2.0705416202545166,,,7.511422655365321e-05,3446.6835570759995
23050,47206400,1.8995490074157715,,,7.501094741223142e-05,3447.939282405
23060,47226880,1.8700597286224365,,,7.490776296802142e-05,3449.2689507609994
23070,47247360,2.0316405296325684,,,7.480467332960623e-05,3450.721773581
23080,47267840,2.030872344970703,,,7.470167860546895e-05,3452.218510132
23090,47288320,2.069399118423462,,,7.459877890399308e-05,3453.631497949
23100,47308800,2.084601879119873,1.9481148183345796,7.015449709446898,7.44959743334618e-05,3456.1700530239996
23110,47329280,1.9494249820709229,,,7.439326500205844e-05,3457.4810057879995
23120,47349760,2.4587886333465576,,,7.429065101786587e-05,3458.889153831
23130,47370240,2.157413959503174,,,7.418813248886697e-05,3460.261180699
23140,47390720,1.7983582019805908,,,7.40857095229438e-05,3461.5860807439994
23150,47411200,1.9081966876983643,,,7.398338222787804e-05,3462.9425985039998
23160,47431680,1.8126904964447021,,,7.38811507113507e-05,3464.153330004
23170,47452160,2.0429441928863525,,,7.377901508094202e-05,3465.3773939229995
23180,47472640,1.8768868446350098,,,7.367697544413114e-05,3466.604529595
23190,47493120,1.9115362167358398,,,7.35750319082965e-05,3467.7592946369996
23200,47513600,1.8829591274261475,1.9456402599811553,6.998111031398354,7.347318458071521e-05,3470.0059327709996
23210,47534080,2.0560014247894287,,,7.337143356856308e-05,3471.500405179
23220,47554560,2.0400967597961426,,,7.326977897891472e-05,3472.86192159
23230,47575040,1.9872794151306152,,,7.316822091874321e-05,3474.2373706279996
23240,47595520,2.0962414741516113,,,7.306675949492009e-05,3475.5266404249996
23250,47616000,2.157397747039795,,,7.296539481421503e-05,3476.757447559
23260,47636480,2.346968650817871,,,7.286412698329623e-05,3478.226172076
23270,47656960,1.8248534202575684,,,7.276295610872963e-05,3479.608496678
23280,47677440,2.0348987579345703,,,7.266188229697939e-05,3481.063990834
23290,47697920,1.7886099815368652,,,7.256090565440729e-05,3482.3025465459996
23300,47718400,2.0107572078704834,1.9461219370365144,7.001482672869012,7.246002628727315e-05,3484.2591654709995
23310,47738880,1.9924148321151733,,,7.235924430173416e-05,3485.424534766
23320,47759360,1.7650651931762695,,,7.225855980384516e-05,3486.688236821
23330,47779840,2.313328981399536,,,7.215797289955844e-05,3488.2312797799996
23340,47800320,1.8809313774108887,,,7.205748369472352e-05,3489.679048565
23350,47820800,1.9728376865386963,,,7.195709229508703e-05,3490.8869338619998
23360,47841280,1.9861078262329102,,,7.185679880629293e-05,3492.1553626059995
23370,47861760,2.1221508979797363,,,7.175660333388186e-05,3493.571210061
23380,47882240,1.9437575340270996,,,7.165650598329154e-05,3494.7737209219995
23390,47902720,1.7119438648223877,,,7.155650685985619e-05,3496.033319104
23400,47923200,1.735521912574768,1.9452208757400513,6.995176749253142,7.145660606880695e-05,3498.5568432929995
23410,47943680,2.1707239151000977,,,7.135680371527134e-05,3500.169287431
23420,47964160,2.0695102214813232,,,7.12570999042732e-05,3501.685387509
23430,47984640,2.092841386795044,,,7.115749474073289e-05,3503.0672018799996
23440,48005120,1.802066445350647,,,7.105798832946675e-05,3504.2633743859997
23450,48025600,2.1139748096466064,,,7.095858077518735e-05,3505.6384339139995
23460,48046080,1.9088534116744995,,,7.085927218250308e-05,3506.8665326809996
23470,48066560,1.9633666276931763,,,7.076006265591841e-05,3508.176988151
23480,48087040,2.1841869354248047,,,7.066095229983335e-05,3509.420349047
23490,48107520,1.8415324687957764,,,7.056194121854363e-05,3510.6308711459997
23500,48128000,2.013139009475708,1.9437707185745239,6.985039995285711,7.046302951624057e-05,3512.8909454939994
23510,48148480,2.0396082401275635,,,7.036421729701085e-05,3515.4073173340003
23520,48168960,1.928074836730957,,,7.026550466483637e-05,3516.7148786179996
23530,48189440,2.0343785285949707,,,7.01668917235945e-05,3518.056738034
23540,48209920,2.181445598602295,,,7.006837857705742e-05,3519.4287302739995
23550,48230400,1.8277297019958496,,,6.996996532889247e-05,3520.9349940390002
23560,48250880,2.3060226440429688,,,6.98716520826617e-05,3522.474369851
23570,48271360,1.9276530742645264,,,6.977343894182216e-05,3523.73294317
23580,48291840,2.0061182975769043,,,6.967532600972535e-05,3524.92553819
23590,48312320,1.9836370944976807,,,6.957731338961741e-05,3526.109727319
23600,48332800,1.9030253887176514,1.9440896689891816,6.987268232018233,6.947940118463891e-05,3528.0703034299995
23610,48353280,2.215409755706787,,,6.938158949782481e-05,3529.3138455649996
23620,48373760,1.9604331254959106,,,6.928387843210412e-05,3530.526758907
23630,48394240,1.993468165397644,,,6.918626809030009e-05,3531.8264973699997
23640,48414720,1.9335248470306396,,,6.908875857513009e-05,3533.0098929349997
23650,48435200,1.9213588237762451,,,6.899134998920512e-05,3534.2152341659994
23660,48455680,1.8870365619659424,,,6.889404243503015e-05,3535.488812025
23670,48476160,1.8987842798233032,,,6.879683601500382e-05,3536.84995548
23680,48496640,1.9157512187957764,,,6.86997308314183e-05,3538.089648288
23690,48517120,2.2229909896850586,,,6.860272698645918e-05,3539.259629526
23700,48537600,1.5857086181640625,1.9402584969997405,6.960550019399459,6.850582458220563e-05,3541.5215794919995
23710,48558080,1.848097801208496,,,6.840902372062975e-05,3542.782189189
23720,48578560,1.7964024543762207,,,6.831232450359707e-05,3544.2362658559996
23730,48599040,1.943735122680664,,,6.82157270328659e-05,3545.424089078
23740,48619520,1.798208236694336,,,6.811923141008778e-05,3546.596033944
23750,48640000,2.0125441551208496,,,6.802283773680678e-05,3547.7620928730003
23760,48660480,1.7740702629089355,,,6.792654611445989e-05,3549.008709549
23770,48680960,1.8744020462036133,,,6.78303566443766e-05,3550.228059841
23780,48701440,1.9747157096862793,,,6.773426942777901e-05,3551.513393935
23790,48721920,2.0863940715789795,,,6.76382845657814e-05,3552.726719077
23800,48742400,1.902756929397583,1.942856901884079,6.978659864733469,6.754240215939067e-05,3554.6257197819996
23810,48762880,1.922086238861084,,,6.744662230950558e-05,3555.7851164779995
23820,48783360,1.7503162622451782,,,6.735094511691722e-05,3556.9580820889996
23830,48803840,2.214611053466797,,,6.72553706823084e-05,3558.3664157559997
23840,48824320,1.9712438583374023,,,6.715989910625405e-05,3559.8781802490003
23850,48844800,2.371073007583618,,,6.706453048922076e-05,3561.134044882
23860,48865280,1.8631302118301392,,,6.696926493156664e-05,3562.264417757
23870,48885760,1.9243593215942383,,,6.687410253354162e-05,3563.4212743319995
23880,48906240,1.9761483669281006,,,6.677904339528681e-05,3564.556508752
23890,48926720,2.1982855796813965,,,6.668408761683486e-05,3565.7057262509998
23900,48947200,2.068974018096924,1.941491824388504,6.969139952390212,6.658923529810942e-05,3567.535910488
23910,48967680,2.0564961433410645,,,6.64944865389256e-05,3569.1317140189994
23920,48988160,2.045349597930908,,,6.639984143898919e-05,3570.4689420039995
23930,49008640,2.325348377227783,,,6.63053000978971e-05,3571.6663634509996
23940,49029120,1.930511236190796,,,6.621086261513703e-05,3572.816153588
23950,49049600,2.172173500061035,,,6.611652909008738e-05,3573.9936179529996
23960,49070080,1.9007662534713745,,,6.6022299622017e-05,3575.159690388
23970,49090560,1.996667742729187,,,6.592817431008555e-05,3576.3339881419997
23980,49111040,1.9918992519378662,,,6.583415325334279e-05,3577.8870032159994
23990,49131520,2.2950522899627686,,,6.574023655072895e-05,3579.125881379
24000,49152000,2.1051015853881836,1.9396453022956848,6.95628315533317,6.564642430107427e-05,3581.8022707539994
24010,49172480,1.7161567211151123,,,6.555271660309935e-05,3584.321224004
24020,49192960,2.0377919673919678,,,6.54591135554145e-05,3585.8608678129995
24030,49213440,2.0777370929718018,,,6.536561525652003e-05,3587.154846323
24040,49233920,1.9747674465179443,,,6.527222180480599e-05,3588.4223691939997
24050,49254400,2.037848472595215,,,6.517893329855211e-05,3589.6198524989995
24060,49274880,2.0709481239318848,,,6.508574983592774e-05,3590.799704225
24070,49295360,1.9322304725646973,,,6.499267151499148e-05,3592.1553668039996
24080,49315840,2.0812525749206543,,,6.489969843369165e-05,3593.4787402419997
24090,49336320,1.9641624689102173,,,6.480683068986543e-05,3594.76860013
24100,49356800,1.8809094429016113,1.9379196226596833,6.94428919099623,6.471406838123941e-05,3597.1841626879996
24110,49377280,2.119080066680908,,,6.462141160542916e-05,3598.600117647
24120,49397760,2.041449546813965,,,6.452886045993921e-05,3599.875835269
24130,49418240,2.040452003479004,,,6.443641504216278e-05,3601.447085893
24140,49438720,1.7678680419921875,,,6.434407544938214e-05,3602.9201048589994
24150,49459200,1.8436857461929321,,,6.425184177876793e-05,3604.2071562539995
24160,49479680,1.9737643003463745,,,6.415971412737943e-05,3605.554011208
24170,49500160,2.147088050842285,,,6.406769259216427e-05,3606.7723425469994
24180,49520640,2.167569637298584,,,6.397577726995861e-05,3608.126855529
24190,49541120,1.9316524267196655,,,6.388396825748665e-05,3609.326650307
24200,49561600,2.1001229286193848,1.939735233783722,6.9569087723594505,6.379226565136073e-05,3611.454646362
24210,49582080,1.8222086429595947,,,6.370066954808136e-05,3612.773479986
24220,49602560,2.101515293121338,,,6.360918004403687e-05,3614.0445814509994
24230,49623040,2.036099672317505,,,6.351779723550334e-05,3615.621066044
24240,49643520,1.8432481288909912,,,6.342652121864473e-05,3617.030617689
24250,49664000,2.0431480407714844,,,6.333535208951252e-05,3618.5265694539994
24260,49684480,2.2529473304748535,,,6.32442899440458e-05,3619.7646306629995
24270,49704960,1.9640820026397705,,,6.31533348780709e-05,3620.897556633
24280,49725440,1.972842812538147,,,6.306248698730168e-05,3622.047499432
24290,49745920,2.1209616661071777,,,6.297174636733915e-05,3623.1789095149998
24300,49766400,2.012449264526367,1.9363368690013885,6.933306785388926,6.288111311367127e-05,3625.383561199
24310,49786880,1.8513389825820923,,,6.279058732167334e-05,3626.8895883659998
24320,49807360,1.9306739568710327,,,6.270016908660726e-05,3628.4261448339994
24330,49827840,1.70780348777771,,,6.260985850362195e-05,3629.711608578
24340,49848320,2.2413477897644043,,,6.251965566775287e-05,3631.338837454
24350,49868800,1.884192943572998,,,6.242956067392235e-05,3632.7024785449994
24360,49889280,1.7683908939361572,,,6.233957361693898e-05,3633.9230551250002
24370,49909760,2.0081076622009277,,,6.224969459149789e-05,3635.093574804
24380,49930240,1.9253406524658203,,,6.215992369218052e-05,3636.221999943
24390,49950720,2.022278308868408,,,6.207026101345456e-05,3637.3288292409998
24400,49971200,1.8604226112365723,1.935710620880127,6.928966174332067,6.198070664967369e-05,3639.68952685
24410,49991680,1.8694125413894653,,,6.189126069507772e-05,3640.9200687819994
24420,50012160,2.024827003479004,,,6.180192324379236e-05,3642.318998312
24430,50032640,1.9682152271270752,,,6.171269438982916e-05,3643.464584505
24440,50053120,1.9397363662719727,,,6.162357422708525e-05,3644.5800517379994
24450,50073600,1.8304188251495361,,,6.153456284934365e-05,3645.741815444
24460,50094080,2.0116541385650635,,,6.144566035027262e-05,3647.16154604
24470,50114560,1.8499559164047241,,,6.135686682342605e-05,3648.9296055369996
24480,50135040,2.0063369274139404,,,6.126818236224298e-05,3650.6758564889997
24490,50155520,1.9830846786499023,,,6.117960706004788e-05,3651.9158137779996
24500,50176000,1.8287051916122437,1.9338698267936707,6.916223106653262,6.109114101005022e-05,3654.42540775
24510,50196480,1.6494523286819458,,,6.100278430534442e-05,3656.9956049089997
24520,50216960,1.956346035003662,,,6.091453703891015e-05,3658.2404175539996
24530,50237440,1.848952293395996,,,6.0826399303611514e-05,3659.5415872469994
24540,50257920,1.817760705947876,,,6.0738371192197625e-05,3660.869535316
24550,50278400,1.886509895324707,,,6.065045279730216e-05,3662.24242511
24560,50298880,1.9948807954788208,,,6.0562644211443366e-05,3664.0001384339994
24570,50319360,2.0093584060668945,,,6.047494552702384e-05,3665.5834956119998
24580,50339840,1.9919819831848145,,,6.0387356836330615e-05,3666.799039247
24590,50360320,2.0287795066833496,,,6.0299878231534974e-05,3668.128890225
24600,50380800,2.2473857402801514,1.9342199683189392,6.918645187571731,6.021250980469236e-05,3670.3347751
24610,50401280,1.7186863422393799,,,6.0125251647742166e-05,3671.5217743989997
24620,50421760,1.7570810317993164,,,6.003810385250795e-05,3672.846834389
24630,50442240,1.89948570728302,,,5.99510665106969e-05,3674.088472439
24640,50462720,2.349825382232666,,,5.9864139713900186e-05,3675.3558557589995
24650,50483200,2.1156692504882812,,,5.977732355359242e-05,3676.554958449
24660,50503680,1.7555406093597412,,,5.9690618121132064e-05,3677.7892542949994
24670,50524160,2.11037015914917,,,5.960402350776081e-05,3679.257043028
24680,50544640,2.020355701446533,,,5.951753980460387e-05,3680.6540973809997
24690,50565120,2.132883310317993,,,5.9431167102669715e-05,3682.0478726769998
24700,50585600,1.910634994506836,1.9301336765289308,6.89043126895492,5.934490549284999e-05,3684.6033339649994
24710,50606080,1.9762247800827026,,,5.925875506591945e-05,3685.823388871
24720,50626560,1.8979542255401611,,,5.917271591253586e-05,3687.22332559
24730,50647040,2.044781446456909,,,5.90867881232399e-05,3688.5449916629996
24740,50667520,1.978646159172058,,,5.900097178845496e-05,3690.012748956
24750,50688000,1.7408134937286377,,,5.891526699848728e-05,3691.1269720769997
24760,50708480,1.9768415689468384,,,5.8829673843525624e-05,3692.377260372
24770,50728960,1.913468360900879,,,5.8744192413641395e-05,3693.954165716
24780,50749440,1.948256492614746,,,5.865882279878819e-05,3695.26907079
24790,50769920,1.742491364479065,,,5.8573565088802286e-05,3696.4942756559994
24800,50790400,2.0761232376098633,1.9306985020637513,6.894324259808374,5.848841937340189e-05,3698.3062042579995
24810,50810880,2.0868940353393555,,,5.840338574218753e-05,3699.612599649
24820,50831360,2.096357583999634,,,5.831846428464164e-05,3701.020774658
24830,50851840,2.068570375442505,,,5.823365509012885e-05,3702.504293965
24840,50872320,1.8526381254196167,,,5.81489582478954e-05,3703.9871997109994
24850,50892800,1.9377357959747314,,,5.806437384706942e-05,3705.434432788
24860,50913280,2.0060997009277344,,,5.7979901976660755e-05,3706.685642253
24870,50933760,2.0222415924072266,,,5.7895542725560755e-05,3707.9923247389997
24880,50954240,1.7848156690597534,,,5.7811296182542216e-05,3709.2739870119995
24890,50974720,1.65024995803833,,,5.772716243625953e-05,3710.739008802
24900,50995200,1.969987154006958,1.9312797009944915,6.898332398346441,5.764314157524814e-05,3712.748841075
24910,51015680,1.7641873359680176,,,5.755923368792489e-05,3714.209613053
24920,51036160,2.08424711227417,,,5.747543886258757e-05,3715.6803032959997
24930,51056640,1.9952278137207031,,,5.739175718741517e-05,3717.2846358999996
24940,51077120,2.144104480743408,,,5.7308188750467554e-05,3718.7735321109994
24950,51097600,1.6664128303527832,,,5.722473363968527e-05,3720.0976732159997
24960,51118080,1.8642830848693848,,,5.714139194288991e-05,3721.6398279549994
24970,51138560,1.6950784921646118,,,5.705816374778339e-05,3723.003141207
24980,51159040,1.928467035293579,,,5.697504914194845e-05,3724.150846896
24990,51179520,2.143766164779663,,,5.689204821284807e-05,3725.3496031079994
25000,51200000,1.9584228992462158,1.931739205121994,6.9015029389388225,5.6809161047825864e-05,3727.2890634670002
25010,51220480,1.85702645778656,,,5.672638773410548e-05,3729.752097038
25020,51240960,1.9922394752502441,,,5.664372835879093e-05,3731.0861660949995
25030,51261440,1.9221770763397217,,,5.656118300886624e-05,3732.744270667
25040,51281920,1.806666612625122,,,5.6478751771195524e-05,3734.097021902
25050,51302400,1.927072286605835,,,5.639643473252264e-05,3735.351527054
25060,51322880,1.8925176858901978,,,5.6314231979471524e-05,3736.603367429
25070,51343360,1.9629185199737549,,,5.6232143598545645e-05,3737.8262332959994
25080,51363840,2.3848934173583984,,,5.615016967612822e-05,3739.0652462009994
25090,51384320,2.0893867015838623,,,5.6068310298481875e-05,3740.622284778
25100,51404800,1.986618995666504,1.9281902313232422,6.877053097422562,5.598656555174898e-05,3742.918804162
25110,51425280,1.9856526851654053,,,5.5904935521951e-05,3744.311917465
25120,51445760,1.959333896636963,,,5.5823420294988805e-05,3745.557301768
25130,51466240,2.1901040077209473,,,5.574201995664243e-05,3746.9455265199995
25140,51486720,2.2080681324005127,,,5.566073459257102e-05,3748.2002186629998
25150,51507200,1.843355655670166,,,5.557956428831275e-05,3749.4987846229997
25160,51527680,2.0826730728149414,,,5.5498509129284674e-05,3750.9299797109998
25170,51548160,2.109440565109253,,,5.541756920078273e-05,3752.212874359
25180,51568640,1.9308624267578125,,,5.533674458798151e-05,3753.6335311249995
25190,51589120,2.237387180328369,,,5.525603537593431e-05,3755.190922265
25200,51609600,2.241699695587158,1.9293385088443755,6.8849543984809864,5.517544164957303e-05,3757.260607731
25210,51630080,1.9010621309280396,,,5.5094963493708006e-05,3758.5751956059994
25220,51650560,2.12492036819458,,,5.5014600993027844e-05,3759.9414220419994
25230,51671040,1.9142696857452393,,,5.4934354232099714e-05,3761.2027021189997
25240,51691520,2.096656084060669,,,5.485422329536871e-05,3762.4200506709994
25250,51712000,1.8037667274475098,,,5.47742082671582e-05,3763.555395222
25260,51732480,2.1027235984802246,,,5.4694309231669475e-05,3764.902705904
25270,51752960,1.9831287860870361,,,5.461452627298195e-05,3766.3189897579996
25280,51773440,1.967083215713501,,,5.4534859475052655e-05,3768.0528663079995
25290,51793920,2.0239098072052,,,5.4455308921716556e-05,3769.4684253629994
25300,51814400,2.08308744430542,1.9275347352027894,6.872546692923744,5.4375874696686196e-05,3771.900368781
25310,51834880,1.9289021492004395,,,5.4296556883551794e-05,3773.204144302
25320,51855360,1.8813495635986328,,,5.4217355565780906e-05,3774.573639129
25330,51875840,2.1360816955566406,,,5.4138270826718726e-05,3775.875619349
25340,51896320,2.0571017265319824,,,5.405930274958758e-05,3777.21669234
25350,51916800,2.0213074684143066,,,5.398045141748711e-05,3778.7307698229997
25360,51937280,2.01497220993042,,,5.3901716913394045e-05,3780.0414880769995
25370,51957760,1.9128665924072266,,,5.3823099320162286e-05,3781.3597062749996
25380,51978240,1.8299365043640137,,,5.374459872052264e-05,3782.848009671
25390,51998720,1.8501315116882324,,,5.3666215197082706e-05,3784.406160515
25400,52019200,2.2055625915527344,1.9269710302352905,6.868673695929955,5.358794883232712e-05,3787.1007589929995
25410,52039680,1.9369170665740967,,,5.350979970861695e-05,3788.28400255
25420,52060160,1.7584991455078125,,,5.343176790819013e-05,3789.556810682
25430,52080640,2.1914420127868652,,,5.335385351316089e-05,3790.7899696859995
25440,52101120,1.8840742111206055,,,5.327605660552021e-05,3792.1410268279997
25450,52121600,2.083064317703247,,,5.3198377267135136e-05,3793.313412648
25460,52142080,2.0016489028930664,,,5.31208155797492e-05,3794.455616737
25470,52162560,1.8852078914642334,,,5.304337162498205e-05,3795.9618166419996
25480,52183040,1.9432098865509033,,,5.296604548432947e-05,3797.3490052059997
25490,52203520,1.805532455444336,,,5.2888837239163156e-05,3798.4916577329996
25500,52224000,1.9546869993209839,1.9251919209957122,6.856464439115107,5.281174697073096e-05,3800.7101877019995
25510,52244480,1.9368042945861816,,,5.273477476015637e-05,3803.069308327
25520,52264960,1.9552021026611328,,,5.265792068843877e-05,3804.501749512
25530,52285440,1.9175257682800293,,,5.258118483645307e-05,3805.745170577
25540,52305920,2.0948410034179688,,,5.250456728495006e-05,3806.9820892829994
25550,52326400,2.142533779144287,,,5.242806811455571e-05,3808.3114831089997
25560,52346880,1.8067024946212769,,,5.235168740577164e-05,3809.614815748
25570,52367360,1.8378864526748657,,,5.227542523897474e-05,3810.769738707
25580,52387840,1.810795783996582,,,5.219928169441715e-05,3812.026246102
25590,52408320,1.785029411315918,,,5.212325685222619e-05,3813.3262221249997
25600,52428800,2.022001266479492,1.9255523681640625,6.858936277763939,5.204735079240421e-05,3815.306340043
25610,52449280,2.114748477935791,,,5.1971563594828726e-05,3817.018810896
25620,52469760,2.0265703201293945,,,5.1895895339251974e-05,3818.5278343579994
25630,52490240,1.9515750408172607,,,5.182034610530114e-05,3819.858091438
25640,52510720,1.9047801494598389,,,5.174491597247814e-05,3821.263855045
25650,52531200,2.1078100204467773,,,5.166960502015959e-05,3822.82567356
25660,52551680,2.072305679321289,,,5.1594413327596556e-05,3824.417184344
25670,52572160,1.8296840190887451,,,5.151934097391484e-05,3825.974724668
25680,52592640,1.9565140008926392,,,5.144438803811441e-05,3827.5983979869998
25690,52613120,1.861749291419983,,,5.136955459906975e-05,3828.937077668
25700,52633600,1.7885940074920654,1.9236508548259734,6.845906311200371,5.129484073552944e-05,3831.472831743
25710,52654080,1.9672173261642456,,,5.122024652611646e-05,3832.843706371
25720,52674560,1.7956008911132812,,,5.11457720493276e-05,3834.170570257
25730,52695040,1.9915595054626465,,,5.107141738353384e-05,3835.4402805149994
25740,52715520,2.270017385482788,,,5.099718260698003e-05,3836.857266354
25750,52736000,1.9996976852416992,,,5.092306779778487e-05,3838.0421457329994
25760,52756480,1.864506721496582,,,5.084907303394074e-05,3839.400789313
25770,52776960,1.8624603748321533,,,5.0775198393313795e-05,3840.611711585
25780,52797440,2.3999221324920654,,,5.070144395364373e-05,3841.8110389599997
25790,52817920,2.0298471450805664,,,5.062780979254379e-05,3843.045071226
25800,52838400,2.0961990356445312,1.9253531277179718,6.857569836369967,5.0554295987500566e-05,3845.1326125690002
25810,52858880,2.0774359703063965,,,5.048090261587409e-05,3846.423772536
25820,52879360,1.895324468612671,,,5.040762975489765e-05,3847.586828325
25830,52899840,1.7952821254730225,,,5.033447748167757e-05,3848.9377935619996
25840,52920320,1.745387315750122,,,5.026144587319354e-05,3850.1161763969994
25850,52940800,2.000978469848633,,,5.018853500629804e-05,3851.3883268889995
25860,52961280,1.7076387405395508,,,5.011574495771661e-05,3852.758672127
25870,52981760,1.9375851154327393,,,5.004307580404757e-05,3854.00116704
25880,53002240,1.8301551342010498,,,4.997052762176214e-05,3855.194370767
25890,53022720,1.8238370418548584,,,4.989810048720412e-05,3856.446661277
25900,53043200,2.133096933364868,1.9218459725379944,6.833561400061083,4.982579447658999e-05,3858.7110329589996
25910,53063680,1.9610086679458618,,,4.975360966600874e-05,3859.8312643419995
25920,53084160,1.8090646266937256,,,4.96815461314219e-05,3861.107833614
25930,53104640,1.9002115726470947,,,4.9609603948663235e-05,3862.34471914
25940,53125120,1.9713746309280396,,,4.953778319343892e-05,3863.756608826
25950,53145600,2.0694820880889893,,,4.946608394132732e-05,3865.029126038
25960,53166080,1.9451541900634766,,,4.9394506267778956e-05,3866.439878815
25970,53186560,1.9534724950790405,,,4.9323050248116325e-05,3867.83148213
25980,53207040,2.010434627532959,,,4.925171595753406e-05,3869.2338229959996
25990,53227520,2.0908288955688477,,,4.918050347109855e-05,3870.5429312329998
26000,53248000,2.0025038719177246,1.9221301913261413,6.835503902635724,4.9109412863748106e-05,3872.6010989119995
26010,53268480,1.9202463626861572,,,4.903844421029267e-05,3875.0568225509996
26020,53288960,2.084195613861084,,,4.896759758541397e-05,3876.4071042999994
26030,53309440,1.9603729248046875,,,4.889687306366533e-05,3877.8896935089997
26040,53329920,2.1028387546539307,,,4.8826270719471386e-05,3879.320018484
26050,53350400,1.9295302629470825,,,4.8755790627128494e-05,3880.8443209709994
26060,53370880,1.615663766860962,,,4.868543286080411e-05,3882.193659847
26070,53391360,2.0118331909179688,,,4.86151974945371e-05,3883.572027618
26080,53411840,1.7510066032409668,,,4.854508460223748e-05,3884.801938474
26090,53432320,2.0448012351989746,,,4.847509425768644e-05,3886.070450862
26100,53452800,1.9170005321502686,1.9208061516284942,6.8264594130681395,4.8405226534536106e-05,3888.445054324
26110,53473280,1.9378259181976318,,,4.8335481506309654e-05,3889.7533792529994
26120,53493760,2.275628089904785,,,4.826585924640111e-05,3891.064976896
26130,53514240,2.0154378414154053,,,4.819635982807535e-05,3892.2880760999997
26140,53534720,1.923674464225769,,,4.812698332446788e-05,3893.761344554
26150,53555200,1.9018256664276123,,,4.8057729808585016e-05,3895.0045839160002
26160,53575680,2.110106945037842,,,4.798859935330351e-05,3896.191148715
26170,53596160,1.6562130451202393,,,4.791959203137072e-05,3897.5807583409996
26180,53616640,1.8949733972549438,,,4.785070791540427e-05,3898.800764382
26190,53637120,1.6034729480743408,,,4.778194707789237e-05,3900.2833832529996
26200,53657600,1.804002285003662,1.9193395137786866,6.816454807672579,4.771330959119331e-05,3902.586120999
26210,53678080,1.7233729362487793,,,4.764479552753563e-05,3903.7579874559997
26220,53698560,1.777620553970337,,,4.757640495901801e-05,3904.974760319
26230,53719040,1.9931762218475342,,,4.750813795760917e-05,3906.155747908
26240,53739520,2.045983076095581,,,4.743999459514778e-05,3907.35767682
26250,53760000,2.1746888160705566,,,4.7371974943342425e-05,3908.597683567
26260,53780480,2.0182628631591797,,,4.7304079073771504e-05,3909.7561326609994
26270,53800960,1.7719411849975586,,,4.72363070578831e-05,3910.9773082289994
26280,53821440,1.8397116661071777,,,4.716865896699503e-05,3912.2466215489994
26290,53841920,1.933593988418579,,,4.710113487229471e-05,3913.511136616
26300,53862400,1.770708680152893,1.9201258420944214,6.821816887001895,4.703373484483904e-05,3915.475005286
26310,53882880,1.9736781120300293,,,4.696645895555428e-05,3916.7746148300002
26320,53903360,1.7939367294311523,,,4.689930727523628e-05,3917.9076247209996
26330,53923840,2.0225272178649902,,,4.683227987454994e-05,3919.2787487509995
26340,53944320,1.9742094278335571,,,4.676537682402953e-05,3920.5130156819996
26350,53964800,2.2211225032806396,,,4.669859819407841e-05,3922.0292737629998
26360,53985280,1.9876976013183594,,,4.663194405496903e-05,3923.233327498
26370,54005760,1.8806078433990479,,,4.656541447684279e-05,3924.684159974
26380,54026240,1.95424485206604,,,4.649900952971007e-05,3925.902618409
26390,54046720,1.747495174407959,,,4.643272928345006e-05,3927.0625600539997
26400,54067200,1.9746487140655518,1.9200489044189453,6.821292052458119,4.636657380781078e-05,3928.9773594359995
26410,54087680,1.8362842798233032,,,4.630054317240881e-05,3930.4676456099996
26420,54108160,1.8615870475769043,,,4.6234637446729595e-05,3931.5798732389994
26430,54128640,1.682349681854248,,,4.6168856700126904e-05,3932.9664857609996
26440,54149120,2.044680118560791,,,4.6103201001823125e-05,3934.3071438959996
26450,54169600,1.9045348167419434,,,4.603767042090894e-05,3935.647128322
26460,54190080,1.7241936922073364,,,4.597226502634353e-05,3937.1099379549996
26470,54210560,1.8848060369491577,,,4.5906984886954236e-05,3938.828903826
26480,54231040,1.9999334812164307,,,4.584183007143653e-05,3940.5106170479994
26490,54251520,1.8919830322265625,,,4.577680064835419e-05,3941.760576488
26500,54272000,1.9223145246505737,1.9179390251636506,6.806915121989356,4.5711896686138837e-05,3944.168018444
26510,54292480,1.8624475002288818,,,4.56471182530902e-05,3946.859666818
26520,54312960,1.8592867851257324,,,4.558246541737587e-05,3948.1231353089997
26530,54333440,1.6149929761886597,,,4.551793824703129e-05,3949.549614148
26540,54353920,1.7879338264465332,,,4.545353680995959e-05,3950.776664473
26550,54374400,2.046085834503174,,,4.538926117393167e-05,3952.407620598
26560,54394880,2.045264720916748,,,4.532511140658602e-05,3953.70282255
26570,54415360,1.924356460571289,,,4.52610875754287e-05,3955.0474297029996
26580,54435840,1.9217694997787476,,,4.5197189747833136e-05,3956.453752691
26590,54456320,1.868064522743225,,,4.513341799104036e-05,3957.774945587
26600,54476800,1.7976324558258057,1.9181139707565307,6.80810606596322,4.506977237215853e-05,3959.953513253
26610,54497280,1.972541093826294,,,4.500625295816321e-05,3961.0991729300003
26620,54517760,1.947620153427124,,,4.4942859815897027e-05,3962.4479063849994
26630,54538240,1.8032379150390625,,,4.487959301206989e-05,3963.764593722999
26640,54558720,1.8769727945327759,,,4.4816452613258626e-05,3965.266177485999
26650,54579200,2.005618095397949,,,4.475343868590709e-05,3966.446241743999
26660,54599680,2.194045066833496,,,4.469055129632608e-05,3967.573975657
26670,54620160,2.0535237789154053,,,4.462779051069317e-05,3968.998089073999
26680,54640640,2.0658583641052246,,,4.456515639505278e-05,3970.3426777429995
26690,54661120,2.017273426055908,,,4.4502649015315966e-05,3971.5292050379994
26700,54681600,2.059079647064209,1.9178865075111389,6.806557648173229,4.4440268437260486e-05,3973.752558757
26710,54702080,1.87050461769104,,,4.4378014726530556e-05,3975.3224424769996
26720,54722560,2.1760265827178955,,,4.431588794863702e-05,3976.743620534
26730,54743040,2.0752735137939453,,,4.4253888168957025e-05,3978.226702795
26740,54763520,1.9104520082473755,,,4.419201545273421e-05,3979.8498565240006
26750,54784000,1.8338327407836914,,,4.413026986507831e-05,3981.384793871999
26760,54804480,1.900758981704712,,,4.406865147096552e-05,3982.7701192700006
26770,54824960,2.3066349029541016,,,4.400716033523797e-05,3984.421766386
26780,54845440,1.8232035636901855,,,4.394579652260404e-05,3985.8930988419997
26790,54865920,2.0074214935302734,,,4.388456009763794e-05,3987.093248706
26800,54886400,1.7927325963974,1.9172874510288238,6.802481356778136,4.382345112478007e-05,3989.3930613209995
26810,54906880,1.8401528596878052,,,4.3762469668336495e-05,3990.617792658999
26820,54927360,1.7735704183578491,,,4.370161579247918e-05,3992.1154163169995
26830,54947840,1.8322343826293945,,,4.3640889561245854e-05,3993.536478763999
26840,54968320,1.7983521223068237,,,4.3580291038539934e-05,3994.690918828999
26850,54988800,1.8158973455429077,,,4.3519820288130296e-05,3996.231386959
26860,55009280,1.9189724922180176,,,4.345947737365161e-05,3997.630281017
26870,55029760,1.9603416919708252,,,4.339926235860379e-05,3999.0467092630006
26880,55050240,1.8109259605407715,,,4.333917530635229e-05,4000.2400361849996
26890,55070720,1.8622689247131348,,,4.327921628012788e-05,4001.3899612120003
26900,55091200,1.997166633605957,1.9155197322368622,6.790467104689926,4.321938534302658e-05,4003.6530703200006
26910,55111680,2.022693395614624,,,4.315968255800966e-05,4004.7731140140004
26920,55132160,2.0083343982696533,,,4.310010798790345e-05,4005.9932828660003
26930,55152640,2.0741019248962402,,,4.30406616953995e-05,4007.168535998
26940,55173120,2.0830235481262207,,,4.298134374305423e-05,4008.3198225769993
26950,55193600,2.2773056030273438,,,4.292215419328911e-05,4009.486604889
26960,55214080,1.8296043872833252,,,4.2863093108390355e-05,4010.675164054999
26970,55234560,1.9366393089294434,,,4.2804160550509186e-05,4011.9572471150004
26980,55255040,2.1111268997192383,,,4.274535658166139e-05,4013.242835732999
26990,55275520,1.9993610382080078,,,4.268668126372756e-05,4014.89453141
27000,55296000,2.2891602516174316,1.9154688358306884,6.790121503113069,4.2628134658452844e-05,4017.6017432770004
27010,55316480,2.1198949813842773,,,4.256971682744699e-05,4020.140156625999
27020,55336960,1.933363914489746,,,4.251142783218413e-05,4021.255192073
27030,55357440,1.8704036474227905,,,4.2453267734002986e-05,4022.6391510060002
27040,55377920,2.0794897079467773,,,4.2395236594106485e-05,4023.9935919340005
27050,55398400,2.1598992347717285,,,4.233733447356197e-05,4025.23048244
27060,55418880,2.249082565307617,,,4.227956143330087e-05,4026.3931611909993
27070,55439360,1.957090139389038,,,4.222191753411897e-05,4027.6643585189995
27080,55459840,2.182516574859619,,,4.216440283667598e-05,4029.0354844680005
27090,55480320,2.042292833328247,,,4.210701740149574e-05,4030.4983688739994
27100,55500800,1.9449297189712524,1.914558470249176,6.7839428230579015,4.204976128896607e-05,4033.1597332639994
27110,55521280,1.7997264862060547,,,4.199263455933865e-05,4034.648096944
27120,55541760,1.8975389003753662,,,4.193563727272907e-05,4036.0191592089996
27130,55562240,1.9173142910003662,,,4.187876948911662e-05,4037.4874363260005
27140,55582720,1.8731188774108887,,,4.1822031268344434e-05,4039.119796833
27150,55603200,1.6799061298370361,,,4.1765422670119164e-05,4040.499524604
27160,55623680,1.9174513816833496,,,4.170894375401117e-05,4041.7737279079993
27170,55644160,2.0775375366210938,,,4.165259457945429e-05,4043.0883100640003
27180,55664640,1.927426815032959,,,4.159637520574586e-05,4044.375904748
27190,55685120,1.877547264099121,,,4.154028569204656e-05,4045.6030705030007
27200,55705600,1.8023707866668701,1.9136314511299133,6.777656892396053,4.148432609738054e-05,4047.9274280629998
27210,55726080,1.9078996181488037,,,4.1428496480635084e-05,4049.098225386
27220,55746560,1.9734561443328857,,,4.1372796900560836e-05,4050.3044875590003
27230,55767040,1.88241446018219,,,4.131722741577146e-05,4051.555559504999
27240,55787520,2.0055668354034424,,,4.126178808474389e-05,4053.0169098999995
27250,55808000,1.887220025062561,,,4.120647896581791e-05,4054.349130131999
27260,55828480,1.9870880842208862,,,4.115130011719643e-05,4055.697953637
27270,55848960,1.6918103694915771,,,4.109625159694518e-05,4057.2222651890006
27280,55869440,1.7400238513946533,,,4.104133346299283e-05,4058.6510649579996
27290,55889920,1.7615690231323242,,,4.098654577313072e-05,4060.15355078
27300,55910400,1.7353794574737549,1.9138912618160249,6.779418028854625,4.093188858501303e-05,4062.1283159369996
27310,55930880,1.891125202178955,,,4.087736195615656e-05,4063.4616486920004
27320,55951360,1.9637627601623535,,,4.0822965943940716e-05,4064.8709304170006
27330,55971840,2.025486946105957,,,4.07687006056075e-05,4066.273050664
27340,55992320,1.8743945360183716,,,4.071456599826135e-05,4067.5429001579996
27350,56012800,1.850764513015747,,,4.06605621788692e-05,4069.061294203
27360,56033280,1.9167406558990479,,,4.0606689204260215e-05,4070.2906593219996
27370,56053760,1.8952295780181885,,,4.055294713112608e-05,4071.4557256219996
27380,56074240,2.038029432296753,,,4.04993360160205e-05,4072.59688612
27390,56094720,2.4545738697052,,,4.044585591535958e-05,4073.777049114
27400,56115200,2.2515289783477783,1.9134138226509094,6.776182041725926,4.039250688542136e-05,4076.1670238780007
27410,56135680,2.1110215187072754,,,4.033928898234615e-05,4077.563423223999
27420,56156160,1.8190412521362305,,,4.028620226213612e-05,4078.8415261209993
27430,56176640,1.8735665082931519,,,4.023324678065544e-05,4080.0209588899997
27440,56197120,1.7783927917480469,,,4.018042259363019e-05,4081.256293916
27450,56217600,1.8763484954833984,,,4.0127729756648336e-05,4082.4509229689993
27460,56238080,1.76027512550354,,,4.007516832515947e-05,4083.5773962050007
27470,56258560,2.005276679992676,,,4.002273835447505e-05,4084.743891697999
27480,56279040,1.989046573638916,,,3.997043989976814e-05,4085.8800080090004
27490,56299520,1.9986591339111328,,,3.991827301607343e-05,4087.3251735270005
27500,56320000,2.022498607635498,1.912100088596344,6.7672857855546225,3.9866237758287065e-05,4089.978119170999
27510,56340480,1.7792456150054932,,,3.9814334181166824e-05,4092.893796765
27520,56360960,2.1524171829223633,,,3.976256233933181e-05,4094.3356701070006
27530,56381440,1.7653751373291016,,,3.971092228726254e-05,4095.874566287999
27540,56401920,1.830855131149292,,,3.965941407930079e-05,4097.385008181
27550,56422400,1.915456771850586,,,3.960803776964969e-05,4098.977178453
27560,56442880,2.016831159591675,,,3.955679341237351e-05,4100.614423687999
27570,56463360,1.7774229049682617,,,3.9505681061397635e-05,4101.835122176999
27580,56483840,1.7804887294769287,,,3.9454700770508644e-05,4103.193079421
27590,56504320,1.9939712285995483,,,3.9403852593354026e-05,4104.5157079
27600,56524800,1.928419828414917,1.9118680000305175,6.765715358148287,3.935313658344231e-05,4106.865471293
27610,56545280,1.8521804809570312,,,3.9302552794142917e-05,4108.216871494
27620,56565760,1.8983373641967773,,,3.92521012786862e-05,4109.625939191999
27630,56586240,2.02435302734375,,,3.920178209016316e-05,4111.092243143999
27640,56606720,1.8263413906097412,,,3.915159528152572e-05,4112.515752678999
27650,56627200,1.8582067489624023,,,3.9101540905586405e-05,4113.692912119999
27660,56647680,2.288292407989502,,,3.9051619015018425e-05,4114.898139253
27670,56668160,2.0827786922454834,,,3.9001829662355474e-05,4116.220254133999
27680,56688640,2.0020546913146973,,,3.895217289999193e-05,4117.635884580999
27690,56709120,1.8204487562179565,,,3.8902648780182505e-05,4118.952129219
27700,56729600,2.0758097171783447,1.9104954957962037,6.7564357547752465,3.88532573550424e-05,4121.383756621
27710,56750080,1.8684391975402832,,,3.880399867654717e-05,4122.592588955
27720,56770560,1.9573405981063843,,,3.875487279653267e-05,4123.838140885
27730,56791040,2.3614394664764404,,,3.8705879766694976e-05,4125.137795151
27740,56811520,2.0549283027648926,,,3.865701963859043e-05,4126.346879031
27750,56832000,1.8091940879821777,,,3.860829246363548e-05,4127.611652412001
27760,56852480,1.9705066680908203,,,3.855969829310667e-05,4128.8734488810005
27770,56872960,2.0233867168426514,,,3.851123717814056e-05,4129.974703151
27780,56893440,1.9273420572280884,,,3.8462909169733746e-05,4131.0994869940005
27790,56913920,1.9423112869262695,,,3.8414714318742735e-05,4132.274517006999
27800,56934400,1.9470741748809814,1.9113120794296266,6.761955202871658,3.836665267588382e-05,4134.061991474
27810,56954880,1.8606946468353271,,,3.831872429173326e-05,4135.461118724001
27820,56975360,2.1587367057800293,,,3.8270929216727e-05,4136.831051429001
27830,56995840,2.2449605464935303,,,3.822326750116073e-05,4138.487032106001
27840,57016320,1.6197189092636108,,,3.817573919518972e-05,4139.851872851999
27850,57036800,1.900486946105957,,,3.8128344348829024e-05,4141.051989715999
27860,57057280,2.0438547134399414,,,3.8081083011953096e-05,4142.309057643999
27870,57077760,1.918466567993164,,,3.803395523429593e-05,4143.673681852
27880,57098240,2.0667388439178467,,,3.7986961065451036e-05,4145.024654479001
27890,57118720,1.888878345489502,,,3.794010055487129e-05,4146.194609582
27900,57139200,2.019826889038086,1.910015159845352,6.753191175089126,3.789337375186886e-05,4148.5343760979995
27910,57159680,2.0903923511505127,,,3.784678070561528e-05,4149.652450017
27920,57180160,1.8186546564102173,,,3.780032146514132e-05,4150.930212723999
27930,57200640,1.992166519165039,,,3.7753996079336935e-05,4152.105111016999
27940,57221120,1.7940112352371216,,,3.770780459695119e-05,4153.584159569
27950,57241600,1.9110183715820312,,,3.766174706659232e-05,4154.900549766
27960,57262080,1.8705272674560547,,,3.761582353672751e-05,4156.1357584239995
27970,57282560,1.9966107606887817,,,3.757003405568297e-05,4157.6158001389995
27980,57303040,2.0194382667541504,,,3.75243786716439e-05,4159.069223869999
27990,57323520,2.0266947746276855,,,3.74788574326543e-05,4160.546837214
28000,57344000,1.6399552822113037,1.9092882752418519,6.748284168029456,3.743347038661707e-05,4162.881511905
28010,57364480,2.0556163787841797,,,3.738821758129382e-05,4165.401683512
28020,57384960,2.035741090774536,,,3.7343099064305016e-05,4166.672802113
28030,57405440,1.8498637676239014,,,3.7298114883129696e-05,4168.173028997
28040,57425920,1.72529935836792,,,3.725326508510558e-05,4169.486214905999
28050,57446400,1.9981616735458374,,,3.720854971742901e-05,4170.8086816859995
28060,57466880,1.9433531761169434,,,3.7163968827154796e-05,4172.324262677999
28070,57487360,1.9712053537368774,,,3.711952246119628e-05,4173.664618675
28080,57507840,1.9757287502288818,,,3.707521066632523e-05,4175.138674987
28090,57528320,1.8952302932739258,,,3.703103348917178e-05,4176.509667476999
28100,57548800,1.9946224689483643,1.9069573879241943,6.7325729956457545,3.698699097622446e-05,4179.041180916
28110,57569280,2.095775604248047,,,3.694308317382999e-05,4180.239402499999
28120,57589760,1.783838152885437,,,3.6899310128193485e-05,4181.709140518
28130,57610240,1.7908954620361328,,,3.6855671885378096e-05,4183.12046647
28140,57630720,1.8808374404907227,,,3.6812168491305224e-05,4184.45196525
28150,57651200,1.7853634357452393,,,3.676879999175426e-05,4185.639083730999
28160,57671680,2.465116024017334,,,3.6725566432362804e-05,4186.8454502740005
28170,57692160,1.9490108489990234,,,3.668246785862631e-05,4188.0511080569995
28180,57712640,1.9991172552108765,,,3.6639504315898246e-05,4189.270544031
28190,57733120,1.7352688312530518,,,3.659667584938996e-05,4190.610993946
28200,57753600,1.9198187589645386,1.9056810140609741,6.723985197228497,3.655398250417069e-05,4193.006147189999
28210,57774080,1.9169631004333496,,,3.651142432516747e-05,4194.528886009999
28220,57794560,1.7884697914123535,,,3.6469001357165065e-05,4195.748429468
28230,57815040,1.998069405555725,,,3.642671364480603e-05,4197.063092087999
28240,57835520,2.0100841522216797,,,3.638456123259048e-05,4198.365329439999
28250,57856000,1.9899184703826904,,,3.634254416487623e-05,4199.667334852
28260,57876480,2.059077739715576,,,3.630066248587866e-05,4201.174247908
28270,57896960,1.9226793050765991,,,3.625891623967067e-05,4202.695149748999
28280,57917440,2.0977301597595215,,,3.621730547018261e-05,4204.119278296999
28290,57937920,1.8920899629592896,,,3.6175830221202345e-05,4205.63369393
28300,57958400,1.8134915828704834,1.907710212469101,6.737643350151448,3.613449053637502e-05,4207.701616987
28310,57978880,1.8449156284332275,,,3.6093286459203216e-05,4209.0721066959995
28320,57999360,1.815569519996643,,,3.605221803304675e-05,4210.478425044999
28330,58019840,1.8419790267944336,,,3.6011285301122745e-05,4212.143989804999
28340,58040320,1.7318060398101807,,,3.597048830650549e-05,4213.533612903
28350,58060800,1.833412766456604,,,3.5929827092126444e-05,4214.936909353
28360,58081280,1.9671103954315186,,,3.588930170077418e-05,4216.431318818999
28370,58101760,1.7103614807128906,,,3.584891217509439e-05,4217.723141955999
28380,58122240,2.0182011127471924,,,3.580865855758967e-05,4219.137682593
28390,58142720,1.7016615867614746,,,3.576854089061977e-05,4220.555491097
28400,58163200,1.8688061237335205,1.9073625683784485,6.735301455352373,3.572855921640121e-05,4222.5391492359995
28410,58183680,2.1165590286254883,,,3.56887135770075e-05,4223.7663868439995
28420,58204160,1.8768577575683594,,,3.564900401436898e-05,4224.972090908001
28430,58224640,1.9539375305175781,,,3.560943057027277e-05,4226.143054904
28440,58245120,1.6216055154800415,,,3.5569993286362806e-05,4227.767969212
28450,58265600,1.9948410987854004,,,3.5530692204139636e-05,4229.04896991
28460,58286080,1.8674776554107666,,,3.54915273649606e-05,4230.280819873
28470,58306560,1.9253891706466675,,,3.545249881003959e-05,4231.441254490001
28480,58327040,1.8125882148742676,,,3.5413606580447134e-05,4232.699605737
28490,58347520,1.722517728805542,,,3.53748507171102e-05,4234.055225927999
28500,58368000,2.090508460998535,1.9060313761234284,6.726341439294923,3.533623126081241e-05,4236.281149852999
28510,58388480,2.1543595790863037,,,3.5297748252193717e-05,4238.77623197
28520,58408960,1.8378582000732422,,,3.525940173175055e-05,4240.029770777999
28530,58429440,1.8278403282165527,,,3.5221191739835666e-05,4241.269885058
28540,58449920,1.9354705810546875,,,3.518311831665822e-05,4242.499705975999
28550,58470400,1.9671181440353394,,,3.514518150228354e-05,4243.660356213
28560,58490880,1.7118546962738037,,,3.510738133663335e-05,4244.850908824999
28570,58511360,2.0647456645965576,,,3.506971785948542e-05,4246.165406405
28580,58531840,2.08878755569458,,,3.5032191110473806e-05,4247.423672163
28590,58552320,1.7984850406646729,,,3.4994801129088555e-05,4248.588603626
28600,58572800,1.9763782024383545,1.9059919893741608,6.726076515788437,3.4957547954675955e-05,4250.412419857999
28610,58593280,1.8241488933563232,,,3.4920431626438175e-05,4251.574671160999
28620,58613760,1.9452767372131348,,,3.488345218343346e-05,4252.787130074999
28630,58634240,2.0012102127075195,,,3.484660966457598e-05,4254.199998534999
28640,58654720,1.8991987705230713,,,3.480990410863585e-05,4255.611247839999
28650,58675200,2.017157554626465,,,3.477333555423904e-05,4256.889273188999
28660,58695680,1.941840410232544,,,3.473690403986728e-05,4258.472704238
28670,58716160,1.89308762550354,,,3.470060960385822e-05,4259.758829291999
28680,58736640,2.0006213188171387,,,3.4664452284405165e-05,4261.286849042999
28690,58757120,2.091628074645996,,,3.462843211955716e-05,4262.699374196
28700,58777600,1.8262271881103516,1.90423943400383,6.714299017642748,3.4592549147218926e-05,4265.156806691
28710,58798080,1.7164373397827148,,,3.45568034051508e-05,4266.6041028479995
28720,58818560,1.6963462829589844,,,3.452119493096871e-05,4268.068999047
28730,58839040,1.8016598224639893,,,3.448572376214415e-05,4269.833047987
28740,58859520,1.8033835887908936,,,3.4450389936004103e-05,4271.312406322
28750,58880000,2.0286576747894287,,,3.441519348973104e-05,4272.575125965999
28760,58900480,1.8616021871566772,,,3.438013446036284e-05,4273.749737021999
28770,58920960,2.007725715637207,,,3.4345212884792826e-05,4275.0694285360005
28780,58941440,1.6143922805786133,,,3.431042879976963e-05,4276.478159644001
28790,58961920,2.0611305236816406,,,3.427578224189721e-05,4277.82606008
28800,58982400,2.080728530883789,1.9036756992340087,6.710515000522748,3.4241273247634805e-05,4280.356684082999
28810,59002880,1.7850878238677979,,,3.42069018532969e-05,4281.716459464
28820,59023360,1.923032522201538,,,3.4172668095053175e-05,4283.052191444
28830,59043840,1.8211174011230469,,,3.4138572008928454e-05,4284.244868356
28840,59064320,2.003174304962158,,,3.410461363080273e-05,4285.458813236999
28850,59084800,1.7873876094818115,,,3.4070792996411054e-05,4286.643888156001
28860,59105280,1.8054025173187256,,,3.40371101413435e-05,4287.840842489999
28870,59125760,1.929295539855957,,,3.400356510104524e-05,4289.213305317
28880,59146240,2.120824098587036,,,3.397015791081632e-05,4290.452720559
28890,59166720,2.0795013904571533,,,3.393688860581178e-05,4291.726557897
28900,59187200,1.8563990592956543,1.9031846225261688,6.707220431917543,3.390375722104156e-05,4294.145397614
28910,59207680,1.839522361755371,,,3.387076379137044e-05,4295.4043327
28920,59228160,1.9401631355285645,,,3.383790835151807e-05,4296.658833447
28930,59248640,1.808444619178772,,,3.38051909360588e-05,4297.928336915
28940,59269120,2.007840871810913,,,3.377261157942188e-05,4299.2779821839995
28950,59289600,1.8877743482589722,,,3.374017031589113e-05,4300.577650052999
28960,59310080,1.729269027709961,,,3.3707867179605116e-05,4301.83471673
28970,59330560,1.850437879562378,,,3.367570220455709e-05,4303.0524437740005
28980,59351040,2.039625406265259,,,3.364367542459486e-05,4304.556532944
28990,59371520,1.9440109729766846,,,3.3611786873420806e-05,4305.826747982999
29000,59392000,1.949790596961975,1.9037657856941224,6.711119554295331,3.3580036584591876e-05,4307.882824005001
29010,59412480,2.0953986644744873,,,3.3548424591519493e-05,4310.877729692
29020,59432960,1.8533012866973877,,,3.351695092746961e-05,4312.1960415230005
29030,59453440,1.9140572547912598,,,3.348561562556251e-05,4313.615314258999
29040,59473920,1.8706445693969727,,,3.3454418718772994e-05,4314.924175275
29050,59494400,1.7030117511749268,,,3.3423360239930126e-05,4316.332765240999
29060,59514880,1.8732490539550781,,,3.339244022171732e-05,4317.635842240999
29070,59535360,1.8515589237213135,,,3.336165869667238e-05,4318.931685698
29080,59555840,1.71021568775177,,,3.333101569718725e-05,4320.0973653599995
29090,59576320,2.2642226219177246,,,3.330051125550817e-05,4321.323517437
29100,59596800,2.0479400157928467,1.9033461034297943,6.7083036073874265,3.327014540373549e-05,4323.317041451999
29110,59617280,1.8408950567245483,,,3.323991817382387e-05,4324.503801968
29120,59637760,1.9507567882537842,,,3.320982959758194e-05,4325.6548073270005
29130,59658240,2.106466770172119,,,3.317987970667251e-05,4326.970428680999
29140,59678720,2.1785528659820557,,,3.3150068532612425e-05,4328.217617496999
29150,59699200,1.7850180864334106,,,3.312039610677258e-05,4329.525696699
29160,59719680,1.9894332885742188,,,3.3090862460377783e-05,4330.780867584999
29170,59740160,2.0688929557800293,,,3.3061467624506914e-05,4332.119192451
29180,59760640,1.8888049125671387,,,3.3032211630092694e-05,4333.613162235
29190,59781120,1.7334246635437012,,,3.3003094507921795e-05,4334.850372747
29200,59801600,1.7046573162078857,1.9024231076240539,6.702114727888454,3.297411628863468e-05,4337.284404918
29210,59822080,1.9061524868011475,,,3.294527700272574e-05,4338.789702724
29220,59842560,1.7530560493469238,,,3.2916576680543075e-05,4340.024321731
29230,59863040,1.7713370323181152,,,3.288801535228861e-05,4341.6651497170005
29240,59883520,2.097710609436035,,,3.2859593048017946e-05,4343.056412173
29250,59904000,1.9558464288711548,,,3.283130979764046e-05,4344.429906427
29260,59924480,1.917899489402771,,,3.280316563091915e-05,4345.948374759
29270,59944960,1.7892065048217773,,,3.277516057747063e-05,4347.3353485160005
29280,59965440,1.8454606533050537,,,3.27472946667652e-05,4348.615661652
29290,59985920,1.774367094039917,,,3.2719567928126676e-05,4349.993728162999
29300,60006400,2.2724380493164062,1.902571827173233,6.703111537490034,3.269198039073244e-05,4351.99638547
29310,60026880,2.0095620155334473,,,3.266453208361338e-05,4353.169848744999
29320,60047360,1.8909873962402344,,,3.263722303565391e-05,4354.676695042999
29330,60067840,1.884177803993225,,,3.261005327559182e-05,4355.853123229999
29340,60088320,2.0383002758026123,,,3.2583022832018404e-05,4357.0785159530005
29350,60108800,1.8479950428009033,,,3.255613173337832e-05,4358.392425501999
29360,60129280,1.7652010917663574,,,3.2529380007969576e-05,4359.693668882001
29370,60149760,1.6901957988739014,,,3.25027676839435e-05,4361.227384747999
29380,60170240,2.1146464347839355,,,3.247629478930482e-05,4362.641563302999
29390,60190720,1.8769932985305786,,,3.2449961351911414e-05,4363.833699035
29400,60211200,1.8319393396377563,1.90146102309227,6.695669827745,3.242376739947448e-05,4366.172797928999
29410,60231680,1.7676783800125122,,,3.239771295955843e-05,4367.370538990999
29420,60252160,2.0182242393493652,,,3.237179805958086e-05,4368.820133808
29430,60272640,1.6344866752624512,,,3.234602272681248e-05,4370.148077926
29440,60293120,1.8965381383895874,,,3.23203869883772e-05,4371.4341428160005
29450,60313600,2.0979061126708984,,,3.229489087125199e-05,4372.648149179
29460,60334080,2.0881943702697754,,,3.226953440226694e-05,4373.791810811999
29470,60354560,2.0290045738220215,,,3.224431760810507e-05,4375.256111903
29480,60375040,2.032068967819214,,,3.221924051530257e-05,4376.7691384360005
29490,60395520,2.3237075805664062,,,3.2194303150248526e-05,4378.1430171659995
29500,60416000,1.684370994567871,1.901134842634201,6.693486187243298,3.2169505539184994e-05,4380.840216244
29510,60436480,1.8057270050048828,,,3.2144847708207e-05,4383.515206271999
29520,60456960,2.23414945602417,,,3.212032968326244e-05,4384.899473695999
29530,60477440,1.9906432628631592,,,3.209595149015211e-05,4386.188908403999
29540,60497920,1.82501220703125,,,3.207171315452962e-05,4387.537109362
29550,60518400,1.7733604907989502,,,3.204761470190149e-05,4389.113080726
29560,60538880,1.8036389350891113,,,3.202365615762696e-05,4390.5689449189995
29570,60559360,1.7277798652648926,,,3.1999837546918054e-05,4392.0726512460005
29580,60579840,2.119316816329956,,,3.197615889483957e-05,4393.452392843999
29590,60600320,2.0897092819213867,,,3.195262022630903e-05,4394.899445953999
29600,60620800,2.045389175415039,1.9012514114379884,6.6942664843995825,3.192922156609657e-05,4397.019917972
29610,60641280,2.0152015686035156,,,3.19059629388251e-05,4398.299004666
29620,60661760,1.9110914468765259,,,3.18828443689701e-05,4399.482404713999
29630,60682240,1.8414056301116943,,,3.185986588085971e-05,4400.687986581001
29640,60702720,1.8442378044128418,,,3.183702749867459e-05,4402.028898062999
29650,60723200,1.8512098789215088,,,3.181432924644806e-05,4403.264346534001
29660,60743680,2.2419486045837402,,,3.179177114806589e-05,4404.554669493
29670,60764160,2.050874948501587,,,3.1769353227266433e-05,4405.9688443079995
29680,60784640,2.233755111694336,,,3.174707550764046e-05,4407.192952097001
29690,60805120,2.0659141540527344,,,3.1724938012631276e-05,4408.659386560999
29700,60825600,1.851418375968933,1.9002611219882966,6.687640504287248,3.170294076553457e-05,4411.113228988999
29710,60846080,1.9740697145462036,,,3.168108378949849e-05,4412.487367629999
29720,60866560,2.202745199203491,,,3.165936710752353e-05,4413.819872896
29730,60887040,1.910298466682434,,,3.16377907424626e-05,4415.413522109
29740,60907520,1.8501965999603271,,,3.16163547170209e-05,4416.761106352
29750,60928000,1.9982900619506836,,,3.159505905375598e-05,4418.155539494999
29760,60948480,1.9778176546096802,,,3.157390377507768e-05,4419.551209386
29770,60968960,1.8323009014129639,,,3.1552888903248106e-05,4420.8326288650005
29780,60989440,2.206843376159668,,,3.153201446038162e-05,4422.296471766
29790,61009920,1.8668279647827148,,,3.1511280468444764e-05,4423.802747733
29800,61030400,1.8001370429992676,1.900303101539612,6.687921254327816,3.149068694925636e-05,4425.632082426
29810,61050880,1.9426403045654297,,,3.147023392448735e-05,4427.0843950319995
29820,61071360,1.9000587463378906,,,3.1449921415660835e-05,4428.349901893
29830,61091840,2.018223762512207,,,3.142974944415207e-05,4429.75217494
29840,61112320,2.0064854621887207,,,3.140971803118841e-05,4431.012819883001
29850,61132800,1.8248605728149414,,,3.138982719784929e-05,4432.239050730999
29860,61153280,1.893479585647583,,,3.137007696506621e-05,4433.440217911
29870,61173760,1.955746054649353,,,3.135046735362274e-05,4434.783743173
29880,61194240,1.8200514316558838,,,3.1330998384154436e-05,4436.064992488
29890,61214720,1.871809959411621,,,3.131167007714888e-05,4437.410841810999
29900,61235200,1.7861628532409668,1.9000252425670623,6.686063213548201,3.129248245294561e-05,4439.7926858129995
29910,61255680,1.8887038230895996,,,3.127343553173612e-05,4440.894351958999
29920,61276160,1.9662805795669556,,,3.12545293335639e-05,4442.142537104999
29930,61296640,2.125563621520996,,,3.123576387832425e-05,4443.427862683
29940,61317120,1.997854232788086,,,3.121713918576445e-05,4444.67184248
29950,61337600,1.7978862524032593,,,3.119865527548362e-05,4446.005039809999
29960,61358080,1.8752702474594116,,,3.1180312166932735e-05,4447.304836007001
29970,61378560,1.9758018255233765,,,3.1162109879414606e-05,4448.548891687
29980,61399040,1.934967279434204,,,3.114404843208382e-05,4449.841931203
29990,61419520,2.0550854206085205,,,3.112612784394682e-05,4451.372115183
30000,61440000,1.944251298904419,1.898536217212677,6.676114904382608,3.1108348133861787e-05,4453.706234052001
30010,61460480,2.2621052265167236,,,3.109070932053863e-05,4456.2617363320005
30020,61480960,1.9355173110961914,,,3.1073211422539e-05,4457.746675564
30030,61501440,1.9474544525146484,,,3.10558544582763e-05,4459.273441935
30040,61521920,1.9483838081359863,,,3.103863844601561e-05,4460.860869695
30050,61542400,2.1960978507995605,,,3.102156340387363e-05,4462.220546297
30060,61562880,1.7137303352355957,,,3.1004629349818784e-05,4463.859101738
30070,61583360,1.8045910596847534,,,3.098783630167109e-05,4465.1174672140005
30080,61603840,2.0340094566345215,,,3.09711842771022e-05,4466.299768785
30090,61624320,1.7186903953552246,,,3.095467329363537e-05,4467.4983588939995
30100,61644800,1.9516189098358154,1.898346197605133,6.674846432169672,3.093830336864541e-05,4469.81291038
30110,61665280,1.9335353374481201,,,3.092207451935873e-05,4471.081574681999
30120,61685760,1.761974811553955,,,3.090598676285322e-05,4472.31052237
30130,61706240,1.8831446170806885,,,3.0890040116058374e-05,4473.731173848
30140,61726720,1.9879010915756226,,,3.087423459575513e-05,4475.0152602
30150,61747200,2.2393627166748047,,,3.085857021857596e-05,4476.230468894999
30160,61767680,1.9572734832763672,,,3.084304700100478e-05,4477.499409623
30170,61788160,1.9598315954208374,,,3.082766495937697e-05,4478.978802342001
30180,61808640,1.8588223457336426,,,3.081242410987935e-05,4480.369728989001
30190,61829120,1.728564739227295,,,3.079732446855016e-05,4481.830258901
30200,61849600,2.134186267852783,1.8994440972805022,6.682178768248868,3.0782366051279055e-05,4484.047246279
30210,61870080,1.8063719272613525,,,3.076754887380703e-05,4485.213269427
30220,61890560,2.1820454597473145,,,3.075287295172652e-05,4486.513297887001
30230,61911040,1.9892518520355225,,,3.073833830048128e-05,4487.851600679
30240,61931520,2.092442512512207,,,3.072394493536639e-05,4489.210386829
30250,61952000,2.2187561988830566,,,3.070969287152825e-05,4490.637003968999
30260,61972480,1.8604686260223389,,,3.069558212396462e-05,4491.867982976
30270,61992960,2.2721662521362305,,,3.068161270752448e-05,4493.074919573999
30280,62013440,1.9888544082641602,,,3.066778463690814e-05,4494.282773247
30290,62033920,1.836617112159729,,,3.065409792666711e-05,4495.886087032999
30300,62054400,1.8332557678222656,1.8983041644096375,6.674565872941128,3.0640552591204204e-05,4498.571616470001
30310,62074880,1.9078118801116943,,,3.0627148644773434e-05,4499.828233787999
30320,62095360,1.975016474723816,,,3.0613886101480046e-05,4501.057862633001
30330,62115840,2.0078554153442383,,,3.060076497528043e-05,4502.2523334180005
30340,62136320,1.8263733386993408,,,3.058778527998225e-05,4503.363951445999
30350,62156800,1.765776515007019,,,3.0574947029244246e-05,4504.49955126
30360,62177280,1.650376558303833,,,3.0562250236576384e-05,4505.74151804
30370,62197760,1.9855318069458008,,,3.0549694915339724e-05,4507.198759696999
30380,62218240,1.6887096166610718,,,3.053728107874648e-05,4508.808886388
30390,62238720,1.9000409841537476,,,3.052500873985998e-05,4510.076630812
30400,62259200,1.8829931020736694,1.8967450141906739,6.664167330650117,3.051287791159464e-05,4512.683746479001
30410,62279680,2.03385066986084,,,3.050088860671595e-05,4514.069460854
30420,62300160,2.0716609954833984,,,3.04890408378405e-05,4515.488314382001
30430,62320640,1.7912397384643555,,,3.0477334617435922e-05,4516.7681045869995
30440,62341120,1.7516294717788696,,,3.046576995782089e-05,4517.976353640999
30450,62361600,1.8857066631317139,,,3.0454346871165112e-05,4519.573276935
30460,62382080,1.773878574371338,,,3.0443065369489352e-05,4520.953184570999
30470,62402560,2.2209882736206055,,,3.0431925464665325e-05,4522.327642906999
30480,62423040,2.1541194915771484,,,3.0420927168415767e-05,4523.928650096001
30490,62443520,2.035332441329956,,,3.041007049231441e-05,4525.444056937
30500,62464000,2.0940542221069336,1.8968279778957366,6.6647202375983134,3.0399355447785952e-05,4527.599838988999
30510,62484480,2.080829381942749,,,3.038878204610601e-05,4530.3312899600005
30520,62504960,1.9510085582733154,,,3.0378350298401186e-05,4531.577999593001
30530,62525440,1.8130314350128174,,,3.0368060215649044e-05,4533.035001795999
30540,62545920,1.6952621936798096,,,3.0357911808677994e-05,4534.497707338
30550,62566400,1.8676785230636597,,,3.0347905088167404e-05,4535.720057008
30560,62586880,2.0507993698120117,,,3.0338040064647556e-05,4537.405341084999
30570,62607360,1.8448835611343384,,,3.032831674849961e-05,4538.767105941
30580,62627840,2.0969531536102295,,,3.0318735149955583e-05,4539.998539332999
30590,62648320,1.8016899824142456,,,3.030929527909837e-05,4541.225916785999
30600,62668800,2.00999116897583,1.8970183372497558,6.665989050198803,3.0299997145861743e-05,4543.139236417999
30610,62689280,1.872823715209961,,,3.0290840760030294e-05,4544.325316013001
30620,62709760,1.816171407699585,,,3.0281826131239485e-05,4545.707879685
30630,62730240,1.9696487188339233,,,3.027295326897556e-05,4547.121036193001
30640,62750720,1.9682754278182983,,,3.0264222182575615e-05,4548.381857181001
30650,62771200,1.9751660823822021,,,3.0255632881227538e-05,4549.705524141
30660,62791680,1.86039137840271,,,3.0247185373970013e-05,4550.892489272999
30670,62812160,2.1546366214752197,,,3.0238879669692524e-05,4552.024338490999
30680,62832640,1.6953474283218384,,,3.023071577713531e-05,4553.1994767609995
30690,62853120,1.9608676433563232,,,3.02226937048894e-05,4554.395598642999
30700,62873600,1.8543064594268799,1.8958013117313386,6.657881306085695,3.0214813461396573e-05,4556.748041338
30710,62894080,1.8673183917999268,,,3.0207075054949368e-05,4558.132448295999
30720,62914560,2.270400047302246,,,3.0199478493691043e-05,4559.634690559
30730,62935040,1.9419779777526855,,,3.0192023785615623e-05,4560.937789681
30740,62955520,1.7903547286987305,,,3.0184710938567823e-05,4562.213127130999
30750,62976000,1.9973244667053223,,,3.017753996024311e-05,4563.445188890999
30760,62996480,1.714324951171875,,,3.0170510858187642e-05,4564.80851945
30770,63016960,1.911355972290039,,,3.0163623639798263e-05,4566.361163128
30780,63037440,1.834437608718872,,,3.015687831232254e-05,4567.685747836
30790,63057920,1.9990003108978271,,,3.0150274882858694e-05,4568.891048251
30800,63078400,1.9018338918685913,1.8945333182811737,6.649444506231476,3.014381335835566e-05,4571.182677661
30810,63098880,2.066821575164795,,,3.013749374561302e-05,4572.504828358
30820,63119360,1.7730132341384888,,,3.0131316051281012e-05,4573.886974215
30830,63139840,1.8840810060501099,,,3.012528028186055e-05,4575.3161788630005
30840,63160320,1.8617178201675415,,,3.01193864437032e-05,4576.712033903999
30850,63180800,1.7790864706039429,,,3.0113634543011158e-05,4578.187391594
30860,63201280,1.9947445392608643,,,3.0108024585837246e-05,4579.4428047559995
30870,63221760,1.9581682682037354,,,3.010255657808494e-05,4580.89112606
30880,63242240,1.9526673555374146,,,3.009723052550832e-05,4582.380353143
30890,63262720,1.8169488906860352,,,3.0092046433712106e-05,4583.841072472
30900,63283200,1.7882435321807861,1.8934613943099976,6.642320626081316,3.0087004308151616e-05,4586.487921954
30910,63303680,1.9106786251068115,,,3.008210415413278e-05,4588.099474596
30920,63324160,1.7688853740692139,,,3.0077345976812104e-05,4589.461047565001
30930,63344640,1.8597580194473267,,,3.0072729781196736e-05,4590.928643421999
30940,63365120,1.981247901916504,,,3.0068255572144374e-05,4592.294231820999
30950,63385600,1.8682339191436768,,,3.006392335436331e-05,4593.593678419
30960,63406080,1.8389766216278076,,,3.0059733132412425e-05,4594.987739216
30970,63426560,1.9298537969589233,,,3.0055684910701172e-05,4596.548219283
30980,63447040,2.0325870513916016,,,3.0051778693489556e-05,4598.160123370999
30990,63467520,1.876196026802063,,,3.0048014484888204e-05,4599.6343222430005
31000,63488000,1.9686939716339111,1.894723790884018,6.650711163862006,3.0044392288858226e-05,4601.651050107001
31010,63508480,1.8529378175735474,,,3.004091210921134e-05,4604.167308696
31020,63528960,2.1748414039611816,,,3.0037573949609828e-05,4605.347552251
31030,63549440,2.192498207092285,,,3.0034377813566468e-05,4606.594067131
31040,63569920,2.0199573040008545,,,3.0031323704444628e-05,4607.8159685499995
31050,63590400,1.7713147401809692,,,3.0028411625458194e-05,4609.060736738
31060,63610880,1.7607495784759521,,,3.002564157967164e-05,4610.445518118
31070,63631360,2.018763542175293,,,3.0023013569999894e-05,4611.666977470999
31080,63651840,2.1856555938720703,,,3.002052759920849e-05,4612.914521404
31090,63672320,2.0834107398986816,,,3.0018183669913442e-05,4614.207669248999
31100,63692800,1.8652195930480957,1.8932140290737152,6.640677750073765,3.0015981784581333e-05,4616.709198495
31110,63713280,1.9181084632873535,,,3.0013921945529247e-05,4618.137493823
31120,63733760,1.8963556289672852,,,3.001200415492478e-05,4619.442809251999
31130,63754240,1.8218562602996826,,,3.001022841478605e-05,4620.857106903
31140,63774720,1.9811365604400635,,,3.000859472698174e-05,4622.277404757
31150,63795200,1.6658661365509033,,,3.000710309323097e-05,4623.677974904
31160,63815680,1.9128742218017578,,,3.0005753515103447e-05,4624.905653795
31170,63836160,2.01139235496521,,,3.0004545994019334e-05,4626.239964819
31180,63856640,2.245150566101074,,,3.000348053124934e-05,4627.68520557
31190,63877120,1.7878329753875732,,,3.0002557127914683e-05,4629.254510539
31200,63897600,1.8456635475158691,1.8926663160324098,6.6370415601521655,3.000177578498705e-05,4631.987383497
31210,63918080,1.882197618484497,,,3.0001136503288686e-05,4633.522026119999
31220,63938560,2.016525983810425,,,3.0000639283492314e-05,4634.954788936
31230,63959040,1.8477174043655396,,,3.0000284126121157e-05,4636.268234969999
31240,63979520,1.6463699340820312,,,3.0000071031548984e-05,4637.581088998
31250,64000000,1.939223051071167,1.8921022355556487,6.633298790295576,3e-05,4640.086386245999
